country,hhid,year,grappe,menage,vague,hhweight2021,hhweight_panel,logem,mur,toit,sol,eauboi_ss,eauboi_sp,elec_ac,elec_ur,elec_ua,ordure,toilet,eva_toi,eva_eau,tv,fer,frigo,cuisin,ordin,decod,car,superf,grosrum,petitrum,porc,lapin,volail,sh_id_demo,sh_co_natu,sh_co_eco,sh_id_eco,sh_co_vio,sh_co_oth
bfa,2001.0,2021,2.0,1,1,171.61345,3413.5854,2,0,1,1,1,0,0,0,1,0,0,0,0,0,0,0,0,0,0,0,,41,60,0,0,17,1,1,0,1,0,0
bfa,2002.0,2021,2.0,2,1,171.61345,3413.5854,2,0,1,1,1,0,0,0,1,0,0,0,0,0,0,0,0,0,0,0,,11,17,0,0,0,0,0,0,1,0,0
bfa,2004.0,2021,2.0,4,1,171.61345,3413.5854,2,1,1,0,1,1,0,0,0,0,0,0,0,0,0,0,0,0,0,0,,6,14,0,0,0,0,0,0,0,1,0
bfa,2005.0,2021,2.0,5,1,171.61345,3413.5854,2,1,1,1,1,0,0,0,0,0,0,0,0,0,0,0,0,0,0,0,1.4747997522354126,26,32,0,0,0,0,1,1,0,0,0
bfa,2007.0,2021,2.0,7,1,171.61345,3413.5854,2,1,1,0,1,1,0,0,0,0,0,0,0,0,0,0,0,0,0,0,,0,0,0,0,0,0,0,0,0,1,0
bfa,2040.0,2021,2.0,40,1,171.61345,3413.5854,1,1,0,0,1,1,0,0,0,0,0,0,0,1,0,0,0,0,0,0,,4,0,0,0,0,1,1,0,0,0,0
bfa,3008.0,2021,3.0,8,2,113.915825,3016.8088,1,1,1,1,1,1,1,1,0,1,0,0,0,1,0,0,0,0,1,0,,0,0,0,0,0,0,0,0,0,1,0
bfa,3019.0,2021,3.0,19,2,113.915825,3016.8088,1,1,1,1,0,0,1,1,0,0,1,1,0,1,0,1,0,1,1,0,,0,0,0,0,0,0,0,1,0,0,0
bfa,3021.0,2021,3.0,21,2,113.915825,3016.8088,1,1,1,1,1,1,1,0,1,1,0,1,0,0,0,0,0,0,0,0,,1,9,0,0,0,1,0,0,0,0,0
bfa,3027.0,2021,3.0,27,2,113.915825,3016.8088,3,1,1,1,0,0,1,1,0,0,0,1,0,1,0,1,1,0,1,0,,0,0,0,0,0,1,0,1,0,0,0
bfa,3080.0,2021,3.0,80,2,113.915825,3016.8088,1,1,1,1,1,1,1,1,0,0,0,1,0,1,0,1,0,1,1,1,,50,41,0,0,0,1,0,0,1,0,0
bfa,3089.0,2021,3.0,89,2,113.915825,3016.8088,3,1,1,1,1,1,1,0,1,1,0,1,0,1,0,1,1,1,1,0,,0,0,0,0,0,0,0,0,0,0,0
bfa,4021.0,2021,4.0,21,1,100.64606,3496.775,1,1,1,1,1,1,1,0,1,0,1,0,0,1,0,1,0,0,1,0,,1,10,0,0,0,1,0,0,0,0,0
bfa,4027.0,2021,4.0,27,1,100.64606,3496.775,2,0,1,0,0,1,0,0,0,0,0,0,0,1,0,1,0,0,1,0,,0,7,0,0,0,1,0,0,1,0,0
bfa,4033.0,2021,4.0,33,1,100.64606,3496.775,2,1,1,0,0,0,0,0,0,0,0,0,0,0,0,0,0,0,0,0,1.2511479705572128,0,9,0,0,0,1,1,1,0,0,0
bfa,4041.0,2021,4.0,41,1,100.64606,3496.775,2,1,0,0,0,0,0,0,0,0,0,0,0,0,0,0,0,0,0,0,0.735690176486969,1,5,0,0,0,0,1,1,1,0,0
bfa,4065.0,2021,4.0,65,1,100.64606,3496.775,2,0,0,0,0,0,0,0,0,0,0,0,0,0,0,0,0,0,0,0,,0,0,0,0,0,1,0,0,1,0,0
bfa,4077.0,2021,4.0,77,1,100.64606,3496.775,4,1,1,1,1,1,1,1,0,1,0,0,0,1,0,0,0,0,0,0,,3,15,0,0,30,0,0,1,0,0,0
bfa,9099.0,2021,9.0,99,1,1728.707,448.54214,2,1,0,0,1,0,0,0,0,0,0,0,0,0,0,0,0,0,0,0,4.663616418838501,4,13,0,0,5,1,1,1,0,0,0
bfa,9120.0,2021,9.0,120,1,1728.707,448.54214,2,0,0,0,1,0,0,0,0,0,0,0,0,0,0,0,0,0,0,0,1.8166829347610474,4,12,0,0,2,1,1,1,0,1,0
bfa,9130.0,2021,9.0,130,1,1728.707,448.54214,2,1,0,0,1,0,0,0,0,0,0,0,0,0,0,0,0,0,0,0,1.2205446064472198,6,10,0,0,30,1,1,1,1,0,0
bfa,9140.0,2021,9.0,140,1,1728.707,448.54214,2,1,1,0,1,1,0,0,0,0,0,0,0,0,0,0,0,0,0,0,,6,19,0,0,0,1,0,0,0,1,0
bfa,9188.0,2021,9.0,188,1,1728.707,448.54214,1,0,0,1,1,0,0,0,0,0,0,0,0,0,0,0,0,0,0,0,1.2061700820922852,4,1,0,0,3,1,1,0,1,1,0
bfa,9202.0,2021,9.0,202,1,1728.707,448.54214,2,1,1,0,1,1,0,0,0,0,0,0,0,0,0,0,0,0,0,0,0.750917911529541,0,5,0,0,18,1,1,0,0,1,0
bfa,11091.0,2021,11.0,91,2,209.74977,5116.225,1,0,1,1,1,1,0,0,0,0,1,0,0,0,0,0,0,0,0,0,,0,0,0,0,0,0,0,0,0,0,0
bfa,11136.0,2021,11.0,136,2,209.74977,5116.225,3,0,1,1,1,1,1,1,0,0,1,0,0,1,0,1,0,1,1,0,,0,0,0,0,0,0,0,1,0,0,0
bfa,11141.0,2021,11.0,141,2,209.74977,5116.225,1,1,1,1,1,1,1,1,0,1,0,0,0,1,0,0,0,0,0,0,,2,0,0,0,0,0,0,1,0,0,0
bfa,11142.0,2021,11.0,142,2,209.74977,5116.225,1,1,1,1,1,1,1,0,1,1,1,1,1,1,0,0,0,0,1,1,,0,0,0,0,0,0,0,1,1,0,0
bfa,11143.0,2021,11.0,143,2,209.74977,5116.225,2,1,1,1,1,1,1,1,0,1,0,0,0,1,0,0,0,0,0,0,,0,2,0,0,0,0,0,1,0,0,0
bfa,11144.0,2021,11.0,144,2,209.74977,5116.225,1,1,1,1,1,1,1,1,0,1,0,0,0,1,1,1,0,0,0,1,,0,0,0,0,0,0,1,1,0,0,0
bfa,12016.0,2021,12.0,16,2,223.21344,3871.738,1,1,1,1,1,1,1,0,1,1,0,0,0,1,0,1,0,0,0,0,,0,0,0,0,0,0,0,1,1,0,0
bfa,12038.0,2021,12.0,38,2,223.21344,3871.738,2,1,1,1,1,1,1,1,0,0,1,0,0,1,0,1,1,0,1,0,,4,2,0,0,0,0,0,1,0,1,0
bfa,12046.0,2021,12.0,46,2,223.21344,3871.738,1,1,1,1,1,1,1,0,1,1,0,0,0,1,0,1,0,0,1,0,,4,2,0,0,0,0,0,1,1,0,0
bfa,12064.0,2021,12.0,64,2,223.21344,3871.738,4,1,1,1,1,1,1,1,0,1,1,0,0,1,0,0,0,0,1,0,,0,0,0,0,0,0,0,1,0,0,0
bfa,12066.0,2021,12.0,66,2,223.21344,3871.738,4,1,1,1,1,1,1,1,0,1,1,0,0,1,0,0,0,0,1,0,,0,0,0,0,0,0,0,1,0,1,0
bfa,12068.0,2021,12.0,68,2,223.21344,3871.738,1,1,1,1,1,1,1,1,0,0,0,0,0,1,1,1,1,0,1,0,,0,0,0,0,0,1,0,1,1,0,0
bfa,13132.0,2021,13.0,132,1,224.94734,2054.4136,1,1,1,0,1,1,0,0,0,0,0,0,0,0,0,0,0,0,0,0,,0,0,0,0,0,0,0,1,0,0,0
bfa,13134.0,2021,13.0,134,1,224.94734,2054.4136,2,1,1,1,1,1,1,1,0,1,0,0,0,1,0,0,0,0,1,0,,0,0,0,0,0,1,0,0,0,0,0
bfa,13143.0,2021,13.0,143,1,224.94734,2054.4136,1,1,1,1,1,1,1,1,0,1,0,1,0,1,0,0,0,0,0,0,,2,0,0,0,0,1,0,0,0,0,0
bfa,13195.0,2021,13.0,195,1,224.94734,2054.4136,1,1,1,1,1,1,1,0,1,1,1,0,0,1,0,1,0,0,1,0,,2,10,0,0,4,0,1,0,1,0,0
bfa,13197.0,2021,13.0,197,1,224.94734,2054.4136,2,1,1,1,1,1,1,1,0,1,0,0,0,1,0,0,0,0,1,0,,8,12,0,0,0,0,0,0,0,0,0
bfa,13221.0,2021,13.0,221,1,224.94734,2054.4136,1,1,1,1,1,1,0,0,0,1,0,0,0,1,0,0,0,0,1,0,,50,15,0,0,0,0,1,1,1,0,0
bfa,14017.0,2021,14.0,17,2,169.5566,2882.7463,1,1,1,1,1,1,1,1,0,0,1,0,0,1,0,0,0,0,1,0,,0,0,0,0,0,0,0,1,0,1,0
bfa,14045.0,2021,14.0,45,2,169.5566,2882.7463,4,1,1,0,1,1,0,0,0,1,0,0,0,0,0,0,0,0,0,0,,0,0,0,0,0,1,0,1,0,0,0
bfa,14052.0,2021,14.0,52,2,169.5566,2882.7463,1,1,1,1,1,1,1,1,0,0,1,0,0,1,0,1,0,0,1,0,1.4366979598999023,30,15,0,0,0,1,0,1,0,0,0
bfa,14089.0,2021,14.0,89,2,169.5566,2882.7463,1,1,1,1,1,1,0,0,0,0,0,0,0,0,0,0,0,0,0,0,,3,15,0,0,15,1,0,1,0,1,0
bfa,14152.0,2021,14.0,152,2,169.5566,2882.7463,2,1,1,1,1,1,1,1,0,1,0,0,0,1,0,0,0,0,0,0,,0,0,0,0,0,1,0,1,0,1,0
bfa,14153.0,2021,14.0,153,2,169.5566,2882.7463,1,1,0,1,1,1,1,1,0,0,0,0,0,1,0,0,0,0,0,0,,0,0,0,0,0,0,1,1,1,0,0
bfa,15043.0,2021,15.0,43,1,153.06946,3948.622,2,1,0,0,1,0,0,0,0,0,0,0,0,0,0,0,0,0,0,0,0.5162000060081482,0,6,0,0,33,1,1,1,1,0,0
bfa,15113.0,2021,15.0,113,1,153.06946,3948.622,2,1,0,0,1,1,0,0,1,0,0,0,0,0,0,0,0,0,0,0,2.932800032198429,2,9,0,0,9,1,1,1,1,0,0
bfa,15114.0,2021,15.0,114,1,153.06946,3948.622,2,1,1,0,1,1,0,0,0,0,0,0,0,0,0,0,0,0,0,0,1.7400000095367432,0,5,0,0,0,0,0,1,1,0,0
bfa,15117.0,2021,15.0,117,1,153.06946,3948.622,2,1,1,0,1,1,0,0,0,0,0,0,0,0,0,0,0,0,0,0,0.23999999463558197,1,5,0,0,0,0,0,1,0,0,0
bfa,15133.0,2021,15.0,133,1,153.06946,3948.622,2,0,0,0,0,0,0,0,0,0,0,0,0,0,0,0,0,0,0,0,1.7691999673843384,3,5,0,0,16,0,0,0,0,0,0
bfa,15238.0,2021,15.0,238,1,153.06946,3948.622,2,0,1,1,1,0,0,0,0,0,1,0,0,0,0,0,0,0,0,1,3.6169000267982483,20,10,0,0,10,0,1,1,1,0,0
bfa,16049.0,2021,16.0,49,2,1669.0518,433.06357,1,0,0,0,1,1,0,0,0,0,0,0,0,0,0,0,0,0,0,0,1.549626350402832,1,4,0,0,5,0,0,0,1,0,0
bfa,16068.0,2021,16.0,68,2,1669.0518,433.06357,1,0,0,0,1,0,0,0,0,0,0,0,0,0,0,0,0,0,0,0,0.9364588260650635,1,2,0,0,0,1,0,0,0,1,0
bfa,16088.0,2021,16.0,88,2,1669.0518,433.06357,2,1,0,0,1,0,0,0,0,0,0,0,0,0,0,0,0,0,0,0,0.9983737468719482,1,6,0,0,1,0,1,1,0,0,0
bfa,17015.0,2021,17.0,15,1,1424.1162,369.51093,4,1,1,0,1,1,0,0,0,0,0,0,0,0,0,0,0,0,0,0,,0,0,0,0,10,0,0,0,0,1,0
bfa,17017.0,2021,17.0,17,1,1424.1162,369.51093,2,0,0,0,1,1,0,0,0,0,0,0,0,0,0,0,0,0,0,0,0.13085409998893738,2,17,0,0,5,0,1,1,1,1,0
bfa,17034.0,2021,17.0,34,1,1424.1162,369.51093,2,0,0,0,1,0,0,0,0,0,0,0,0,0,0,0,0,0,0,0,0.45587682723999023,0,0,0,0,0,0,1,1,1,0,0
bfa,17068.0,2021,17.0,68,1,1424.1162,369.51093,2,1,0,0,1,0,0,0,0,0,0,0,0,0,0,0,0,0,0,0,1.4771308898925781,6,10,0,0,19,0,1,1,1,0,0
bfa,17116.0,2021,17.0,116,1,1424.1162,369.51093,2,0,0,0,1,1,0,0,0,0,0,0,0,0,0,0,0,0,0,0,,5,8,0,0,10,0,0,1,0,1,0
bfa,17125.0,2021,17.0,125,1,1424.1162,369.51093,1,1,1,1,1,1,0,0,0,0,0,0,0,0,0,0,0,0,0,0,,9,7,0,0,6,0,1,1,1,0,0
bfa,18058.0,2021,18.0,58,2,2326.5571,603.66437,2,1,0,0,1,1,0,0,0,1,0,0,0,0,0,0,0,0,0,0,,0,0,0,0,0,1,0,0,1,1,0
bfa,18078.0,2021,18.0,78,2,2326.5571,603.66437,2,1,0,0,0,1,0,0,0,0,0,0,0,0,0,0,0,0,0,0,0.7784892916679382,4,6,0,0,0,1,1,1,0,0,0
bfa,18109.0,2021,18.0,109,2,2326.5571,603.66437,1,0,1,0,1,1,0,0,1,0,0,0,0,0,0,0,0,0,0,0,0.2544689476490021,3,5,0,0,0,0,0,0,1,0,0
bfa,18136.0,2021,18.0,136,2,2326.5571,603.66437,2,1,1,1,1,0,0,0,0,0,0,0,0,0,0,0,0,0,0,0,0.8820435404777527,0,1,0,0,5,0,1,1,0,0,0
bfa,18137.0,2021,18.0,137,2,2326.5571,603.66437,1,1,1,1,1,1,0,0,1,0,0,0,0,0,0,0,0,0,0,0,0.906686894595623,2,7,0,0,120,1,0,0,1,0,0
bfa,19036.0,2021,19.0,36,2,2371.1375,615.2315,2,1,0,0,1,1,0,0,1,0,0,0,0,0,0,0,0,0,0,0,0.10881222039461136,2,10,0,0,0,0,1,1,0,1,0
bfa,19056.0,2021,19.0,56,2,2371.1375,615.2315,2,1,0,0,0,0,0,0,0,0,0,0,0,0,0,0,0,0,0,0,0.10152540355920792,0,0,0,0,0,0,0,1,0,1,0
bfa,19069.0,2021,19.0,69,2,2371.1375,615.2315,2,1,0,0,0,1,0,0,1,0,0,0,0,0,0,0,0,0,0,0,,4,0,0,0,0,0,0,1,0,1,0
bfa,19092.0,2021,19.0,92,2,2371.1375,615.2315,2,1,0,0,0,1,0,0,1,0,0,0,0,0,0,0,0,0,0,0,,0,19,0,0,0,0,0,1,0,1,0
bfa,19126.0,2021,19.0,126,2,2371.1375,615.2315,2,1,0,0,0,1,0,0,0,0,0,1,0,0,0,0,0,0,0,0,,1,15,0,0,0,0,0,1,0,1,0
bfa,19154.0,2021,19.0,154,2,2371.1375,615.2315,2,1,0,0,0,0,0,0,1,0,0,0,0,0,0,0,0,0,0,0,0.8071635365486145,0,20,0,0,0,0,1,1,0,1,0
bfa,20006.0,2021,20.0,6,2,3921.366,1017.4644,1,0,1,0,1,1,0,0,1,0,0,0,0,1,0,0,0,0,1,0,0.23922160267829895,5,7,0,0,12,1,1,0,1,0,0
bfa,20043.0,2021,20.0,43,2,3921.366,1017.4644,1,0,1,0,1,0,0,0,0,0,0,0,0,0,0,0,0,0,0,0,0.7669570446014404,6,12,0,0,25,1,1,0,0,0,0
bfa,20139.0,2021,20.0,139,2,3921.366,1017.4644,2,0,1,0,1,0,0,0,0,0,0,0,0,0,0,0,0,0,0,0,0.8167011439800262,11,22,0,0,7,1,0,0,1,1,0
bfa,23011.0,2021,23.0,11,2,152.47194,3148.4463,1,1,1,1,1,1,1,1,0,0,1,1,0,1,0,0,0,0,1,0,,0,0,0,0,0,0,0,1,0,1,0
bfa,23050.0,2021,23.0,50,2,152.47194,3148.4463,1,1,1,1,1,1,1,1,0,0,0,0,0,0,0,0,0,0,0,0,,0,0,0,0,0,0,0,1,0,1,0
bfa,23075.0,2021,23.0,75,2,152.47194,3148.4463,2,1,1,1,1,1,1,1,0,0,0,0,0,1,0,0,0,0,0,0,,0,3,0,6,20,0,1,1,0,1,0
bfa,23100.0,2021,23.0,100,2,152.47194,3148.4463,2,1,1,1,1,1,0,0,0,0,0,0,0,0,0,0,0,0,0,0,,0,0,0,0,0,0,0,1,0,1,0
bfa,23120.0,2021,23.0,120,2,152.47194,3148.4463,3,1,1,1,0,0,1,0,1,1,1,1,0,1,1,0,0,1,0,0,,0,0,0,0,0,0,0,1,0,1,0
bfa,23161.0,2021,23.0,161,2,152.47194,3148.4463,1,1,1,1,1,1,0,0,1,0,0,0,0,0,0,0,0,0,0,0,,3,0,0,0,0,0,1,1,0,1,0
bfa,25076.0,2021,25.0,76,2,1907.6082,494.96106,2,1,1,1,1,1,0,0,0,0,0,0,0,0,0,0,0,0,0,0,,0,8,0,0,0,0,1,1,0,1,0
bfa,25103.0,2021,25.0,103,2,1907.6082,494.96106,1,1,1,1,1,1,0,0,1,0,0,0,0,0,0,0,0,0,0,0,,0,0,0,0,0,0,1,1,0,1,0
bfa,25126.0,2021,25.0,126,2,1907.6082,494.96106,2,1,1,1,1,1,0,0,1,0,0,0,0,0,0,0,0,0,0,0,,4,5,0,0,0,0,1,1,0,1,0
bfa,25133.0,2021,25.0,133,2,1907.6082,494.96106,2,1,0,0,0,0,0,0,1,0,0,0,0,0,0,0,0,0,0,0,,1,5,0,0,0,0,0,1,0,1,0
bfa,25190.0,2021,25.0,190,2,1907.6082,494.96106,2,1,1,1,1,1,0,0,0,0,0,0,0,0,0,0,0,0,0,0,,5,0,0,0,0,0,1,1,0,1,0
bfa,25204.0,2021,25.0,204,2,1907.6082,494.96106,2,1,1,1,1,1,0,0,1,0,0,0,0,0,0,0,0,0,0,0,,0,8,0,0,0,0,1,1,0,1,0
bfa,26031.0,2021,26.0,31,2,1321.9464,1042.7875,4,0,0,0,1,0,0,0,0,0,0,0,0,0,0,0,0,0,0,0,,6,12,4,0,0,0,0,1,0,1,0
bfa,26033.0,2021,26.0,33,2,1321.9464,1042.7875,1,1,1,1,1,1,0,0,1,0,0,0,0,0,0,0,0,0,0,0,,0,15,0,0,39,1,1,1,1,1,0
bfa,26057.0,2021,26.0,57,2,1321.9464,1042.7875,4,1,0,0,1,1,0,0,0,0,0,0,0,0,0,0,0,0,0,0,,0,0,0,0,0,0,0,1,0,1,0
bfa,26061.0,2021,26.0,61,2,1321.9464,1042.7875,2,1,1,0,1,1,0,0,1,0,0,0,0,0,0,0,0,0,0,0,0.8613954931497574,0,0,0,0,0,1,1,1,1,1,0
bfa,26065.0,2021,26.0,65,2,1321.9464,1042.7875,3,0,0,0,0,0,0,0,1,0,0,0,0,0,0,0,0,0,0,0,0.9028372764587402,1,4,0,0,5,0,1,1,0,0,0
bfa,26073.0,2021,26.0,73,2,1321.9464,1042.7875,3,1,1,1,1,1,0,0,1,0,0,0,0,1,0,0,0,0,0,0,,0,2,0,0,0,0,0,1,0,1,0
bfa,27007.0,2021,27.0,7,2,2190.9182,1728.2562,4,1,1,1,1,1,0,0,0,0,0,0,0,0,0,0,0,0,0,0,,1,2,0,0,0,0,0,1,0,1,0
bfa,27034.0,2021,27.0,34,2,2190.9182,1728.2562,1,1,1,1,1,1,1,1,0,0,0,0,0,0,0,0,0,0,0,1,,0,0,0,0,0,0,0,1,0,0,0
bfa,27050.0,2021,27.0,50,2,2190.9182,1728.2562,3,1,1,1,1,1,0,0,1,1,0,0,0,1,0,0,0,0,1,0,,0,2,0,0,0,1,1,1,1,1,0
bfa,27056.0,2021,27.0,56,2,2190.9182,1728.2562,4,0,0,0,1,0,0,0,0,0,0,0,0,0,0,0,0,0,0,0,,0,7,0,0,0,0,0,1,0,1,0
bfa,27197.0,2021,27.0,197,2,2190.9182,1728.2562,4,0,0,0,1,1,0,0,0,0,0,0,0,0,0,0,0,0,0,0,,0,0,0,0,0,0,0,1,0,1,0
bfa,27252.0,2021,27.0,252,2,2190.9182,1728.2562,3,1,1,1,1,1,0,0,1,0,1,0,0,0,0,0,0,0,0,0,,0,0,0,0,0,1,1,1,1,1,0
bfa,28150.0,2021,28.0,150,1,791.4135,384.17722,1,1,1,0,1,1,0,0,1,0,0,0,0,0,0,0,0,0,0,0,,0,0,0,0,0,1,1,0,1,0,0
bfa,28496.0,2021,28.0,496,1,791.4135,384.17722,1,1,1,0,1,1,0,0,1,0,0,0,0,1,0,0,0,0,0,0,1.120000034570694,2,11,0,0,20,0,0,0,0,0,0
bfa,28497.0,2021,28.0,497,1,791.4135,384.17722,2,1,1,1,1,1,0,0,1,0,1,0,0,0,0,0,0,0,0,0,3.4206135272979736,4,17,0,0,13,0,1,1,0,0,0
bfa,28510.0,2021,28.0,510,1,791.4135,384.17722,2,1,1,0,1,1,0,0,1,0,1,0,0,0,0,0,0,0,0,0,0.8408999918028712,1,5,0,0,0,1,1,0,1,0,0
bfa,28524.0,2021,28.0,524,1,791.4135,384.17722,4,1,1,1,1,1,0,0,1,1,1,0,0,1,0,0,0,0,0,0,1.133399985730648,0,2,0,0,0,0,0,1,0,0,0
bfa,28579.0,2021,28.0,579,1,791.4135,384.17722,2,1,1,1,1,1,0,0,1,0,1,0,0,0,0,0,0,0,0,0,0.10000000149011612,0,6,0,0,15,0,1,1,0,0,0
bfa,29058.0,2021,29.0,58,1,576.2784,220.27107,2,1,1,0,0,0,0,0,1,0,0,0,0,1,0,0,0,0,0,0,1.4800000190734863,1,5,0,0,12,1,1,1,1,0,0
bfa,29097.0,2021,29.0,97,1,576.2784,220.27107,1,1,1,1,1,1,0,0,1,0,1,1,1,0,0,0,0,0,0,0,,0,0,0,0,0,0,0,0,0,0,0
bfa,29449.0,2021,29.0,449,1,576.2784,220.27107,2,1,1,1,1,1,0,0,0,0,1,0,0,0,0,0,0,0,0,0,2.0037000253796577,0,10,0,0,0,0,1,1,0,0,0
bfa,29455.0,2021,29.0,455,1,576.2784,220.27107,2,1,1,0,1,0,0,0,1,0,0,1,1,0,0,0,0,0,0,0,1.0699999928474426,0,6,0,0,2,0,1,1,1,1,0
bfa,29489.0,2021,29.0,489,1,576.2784,220.27107,2,1,1,1,1,1,0,0,1,0,1,0,0,0,0,0,1,0,0,0,0.6924000084400177,12,4,0,0,10,1,1,1,0,1,0
bfa,29505.0,2021,29.0,505,1,576.2784,220.27107,2,1,1,1,1,1,0,0,1,0,1,0,0,1,0,0,1,0,1,0,0.25270000752061605,0,6,0,0,13,1,1,1,0,0,0
bfa,30032.0,2021,30.0,32,1,108.68538,77.88022,2,0,1,0,1,1,0,0,1,0,0,0,0,0,0,0,0,0,1,0,,0,0,0,0,0,0,0,0,0,0,0
bfa,30085.0,2021,30.0,85,1,108.68538,77.88022,3,1,1,0,1,1,1,1,0,1,0,0,0,0,0,0,0,0,0,0,,0,0,0,0,0,0,1,1,0,0,0
bfa,30143.0,2021,30.0,143,1,108.68538,77.88022,3,1,1,1,1,1,0,0,0,0,1,1,0,0,0,0,0,0,0,0,,0,0,0,0,0,1,1,1,1,1,0
bfa,30193.0,2021,30.0,193,1,108.68538,77.88022,4,1,1,1,1,1,1,1,0,0,1,1,0,1,0,1,0,1,1,0,,2,8,0,0,20,1,0,0,1,0,0
bfa,30194.0,2021,30.0,194,1,108.68538,77.88022,1,1,1,1,1,1,1,1,0,1,1,1,0,0,0,0,0,0,1,0,,0,5,0,0,0,0,0,0,0,0,0
bfa,30195.0,2021,30.0,195,1,108.68538,77.88022,1,1,1,1,1,1,1,1,0,0,1,1,1,1,0,0,1,0,0,0,,0,0,0,0,0,0,0,1,0,0,0
bfa,31012.0,2021,31.0,12,2,464.78326,214.32954,2,1,1,1,1,1,0,0,1,0,0,0,0,1,0,0,0,0,0,0,0.9208850860595703,0,10,3,7,0,0,1,1,0,0,0
bfa,31022.0,2021,31.0,22,2,464.78326,214.32954,2,1,1,0,1,1,0,0,0,0,0,0,0,0,0,0,0,0,0,0,3.1760545819997787,0,10,4,0,16,1,1,1,0,0,0
bfa,31027.0,2021,31.0,27,2,464.78326,214.32954,2,1,0,0,1,1,0,0,1,1,1,0,0,0,0,0,0,0,0,0,4.779684156179428,0,10,1,0,9,1,1,1,0,0,0
bfa,31044.0,2021,31.0,44,2,464.78326,214.32954,2,1,1,1,1,1,0,0,1,0,0,0,0,0,0,0,0,0,0,0,1.6459083557128906,2,11,0,0,15,0,1,1,0,0,0
bfa,31047.0,2021,31.0,47,2,464.78326,214.32954,2,1,1,1,1,1,0,0,1,0,0,0,0,1,0,0,1,0,0,0,1.7680962085723877,0,6,1,0,0,0,1,1,1,0,0
bfa,31050.0,2021,31.0,50,2,464.78326,214.32954,2,1,1,0,1,1,0,0,1,0,0,0,0,0,0,0,0,0,0,0,1.8316556960344315,0,2,0,0,0,0,1,1,0,0,0
bfa,32024.0,2021,32.0,24,1,172.78189,221.55489,2,0,1,1,1,1,0,0,0,0,0,0,0,0,0,0,0,0,0,0,5.263300240039825,3,6,0,0,0,1,0,0,0,0,0
bfa,32036.0,2021,32.0,36,1,172.78189,221.55489,2,1,1,0,1,1,0,0,1,0,0,0,0,0,0,0,0,0,0,0,1.4361999928951263,0,18,0,0,0,0,1,0,0,0,0
bfa,32044.0,2021,32.0,44,1,172.78189,221.55489,2,1,1,1,1,1,0,0,1,0,0,0,0,0,0,0,0,0,0,0,1.584300011396408,1,4,0,0,3,1,1,1,0,0,0
bfa,32045.0,2021,32.0,45,1,172.78189,221.55489,2,1,1,1,1,1,0,0,1,0,1,0,0,0,0,0,0,0,0,0,2.666937051806599,0,2,1,0,25,1,1,1,0,1,0
bfa,32081.0,2021,32.0,81,1,172.78189,221.55489,2,0,1,0,1,1,0,0,0,0,1,0,0,0,0,0,0,0,0,0,2.1322999838739634,4,8,5,0,13,1,1,1,0,1,0
bfa,32108.0,2021,32.0,108,1,172.78189,221.55489,2,1,1,0,1,1,0,0,0,0,0,0,0,0,0,0,0,0,0,0,1.9263999611139297,6,7,0,0,27,0,1,1,0,1,0
bfa,33012.0,2021,33.0,12,2,696.4956,549.4148,2,1,1,0,0,0,0,0,0,0,0,0,0,0,0,0,0,0,0,0,2.638894736766815,5,2,0,0,0,0,1,1,0,0,0
bfa,33015.0,2021,33.0,15,2,696.4956,549.4148,2,1,0,0,0,0,0,0,1,0,0,0,0,0,0,0,0,0,0,0,2.6297849118709564,0,4,0,0,0,0,1,1,0,1,0
bfa,33081.0,2021,33.0,81,2,696.4956,549.4148,2,1,1,0,1,1,0,0,0,0,0,0,0,0,0,0,0,0,0,0,1.7522108554840088,1,5,0,0,0,0,1,1,0,0,0
bfa,33093.0,2021,33.0,93,2,696.4956,549.4148,2,1,1,0,1,0,0,0,1,0,0,0,0,0,0,0,0,0,0,0,4.585214272141457,22,20,0,0,16,0,1,1,0,1,0
bfa,33094.0,2021,33.0,94,2,696.4956,549.4148,1,1,1,0,0,0,0,0,1,0,0,0,0,0,0,0,0,0,0,0,2.7599942088127136,0,4,0,0,0,0,1,1,0,1,0
bfa,33101.0,2021,33.0,101,2,696.4956,549.4148,2,1,0,0,1,1,0,0,0,0,0,0,0,0,0,0,0,0,0,0,1.5152288675308228,0,3,0,0,0,0,0,1,1,1,0
bfa,34036.0,2021,34.0,36,2,1660.0419,1196.4851,2,1,1,1,1,1,0,0,0,0,0,0,0,0,0,0,0,0,0,0,1.2721748799085617,23,61,0,0,6,0,1,1,0,1,0
bfa,34040.0,2021,34.0,40,2,1660.0419,1196.4851,2,1,1,0,1,1,0,0,0,0,0,0,0,0,0,0,0,0,0,0,0.6598583906888962,10,19,0,0,8,0,1,1,0,0,0
bfa,34062.0,2021,34.0,62,2,1660.0419,1196.4851,1,1,1,1,1,1,0,0,1,0,0,0,0,0,0,0,1,0,0,0,2.396340951323509,0,0,4,0,0,0,1,1,0,0,0
bfa,34064.0,2021,34.0,64,2,1660.0419,1196.4851,1,1,1,1,1,1,0,0,1,0,0,0,0,1,0,0,0,0,0,1,1.7371686697006226,0,0,0,0,10,0,1,1,0,0,0
bfa,34109.0,2021,34.0,109,2,1660.0419,1196.4851,2,1,1,1,1,1,1,1,0,0,0,0,0,1,0,0,0,0,0,0,2.454905688762665,5,7,0,0,32,0,1,1,0,0,0
bfa,34112.0,2021,34.0,112,2,1660.0419,1196.4851,1,1,1,1,1,1,0,0,1,0,0,0,0,1,0,0,0,0,0,0,0.8631060719490051,0,1,0,0,1,0,1,1,0,0,0
bfa,35001.0,2021,35.0,1,1,2483.0405,2160.3203,2,1,1,0,1,1,0,0,0,0,0,0,0,0,0,0,0,0,0,0,2.4205200374126434,3,1,0,0,0,0,1,0,0,0,0
bfa,35008.0,2021,35.0,8,1,2483.0405,2160.3203,2,1,1,0,1,1,0,0,0,0,0,0,0,0,0,0,0,0,0,0,4.300599899142981,4,2,0,0,2,0,1,1,0,0,0
bfa,35009.0,2021,35.0,9,1,2483.0405,2160.3203,2,1,1,0,1,1,0,0,1,0,0,0,0,0,0,0,0,0,0,0,0.7476000115275383,0,7,0,0,5,0,1,1,0,0,0
bfa,35037.0,2021,35.0,37,1,2483.0405,2160.3203,4,0,0,1,1,1,0,0,1,0,0,0,0,0,0,0,0,0,0,0,,0,4,0,0,0,1,0,0,0,0,0
bfa,35049.0,2021,35.0,49,1,2483.0405,2160.3203,2,1,1,0,1,1,0,0,0,0,1,0,0,1,0,0,0,0,0,0,3.8439999483525753,14,44,0,0,14,0,1,1,0,0,0
bfa,35123.0,2021,35.0,123,1,2483.0405,2160.3203,2,1,0,0,1,1,0,0,0,0,1,0,0,0,0,0,0,0,0,0,1.3095999751240015,1,9,0,0,3,1,1,1,0,0,0
bfa,36004.0,2021,36.0,4,2,609.7093,450.78613,2,0,0,0,1,1,0,0,1,0,0,0,0,0,0,0,0,0,0,0,1.3309149742126465,2,4,0,0,0,0,1,1,0,1,0
bfa,36010.0,2021,36.0,10,2,609.7093,450.78613,4,0,0,0,0,0,0,0,0,1,0,0,0,0,0,0,0,0,0,0,1.8268389999866486,0,0,0,0,0,0,0,1,1,1,0
bfa,36016.0,2021,36.0,16,2,609.7093,450.78613,4,0,0,0,0,0,0,0,0,1,0,0,0,0,0,0,0,0,0,0,4.573910042643547,0,0,0,0,0,0,1,1,1,1,0
bfa,36031.0,2021,36.0,31,2,609.7093,450.78613,3,1,1,1,1,1,0,0,0,0,0,0,0,0,0,0,0,0,0,0,6.435778394341469,0,0,0,0,0,0,1,1,0,1,0
bfa,36036.0,2021,36.0,36,2,609.7093,450.78613,4,0,0,0,1,1,0,0,1,0,0,0,0,0,0,0,0,0,0,0,0.6134476661682129,0,12,0,0,3,0,1,1,0,1,0
bfa,36039.0,2021,36.0,39,2,609.7093,450.78613,4,0,0,0,1,1,0,0,0,0,0,0,0,0,0,0,0,0,0,0,1.8263119161128998,1,0,0,0,0,1,1,1,0,0,0
bfa,37002.0,2021,37.0,2,1,805.2517,595.3597,1,1,1,1,1,1,0,0,1,1,1,0,0,1,0,0,1,0,1,0,1.355085775256157,0,0,0,0,0,0,1,1,1,1,0
bfa,37018.0,2021,37.0,18,1,805.2517,595.3597,2,1,1,0,0,0,0,0,1,0,0,0,0,0,0,0,0,0,0,0,1.447227656841278,0,0,0,0,0,0,1,1,1,1,0
bfa,37024.0,2021,37.0,24,1,805.2517,595.3597,2,1,1,0,0,0,0,0,0,0,0,0,0,0,0,0,0,0,0,0,6.8293978571891785,18,11,0,0,0,0,1,1,1,1,0
bfa,37027.0,2021,37.0,27,1,805.2517,595.3597,4,1,1,1,1,1,0,0,1,0,0,0,0,0,0,0,0,0,0,0,0.6416330337524414,5,0,0,0,40,0,0,0,0,1,0
bfa,37034.0,2021,37.0,34,1,805.2517,595.3597,3,1,1,1,1,1,0,0,0,0,0,0,0,0,0,0,0,0,0,0,0.920638382434845,0,7,0,0,0,1,1,0,0,0,0
bfa,37036.0,2021,37.0,36,1,805.2517,595.3597,3,1,1,1,1,1,0,0,1,0,0,0,0,0,0,0,0,0,0,0,4.876264572143555,2,15,0,0,0,0,1,1,1,0,0
bfa,38052.0,2021,38.0,52,1,467.3532,1659.5072,2,1,1,1,1,1,0,0,1,0,0,0,0,0,0,0,0,0,0,0,7.801009178161621,0,3,0,0,0,0,1,1,0,0,0
bfa,38059.0,2021,38.0,59,1,467.3532,1659.5072,3,1,1,1,1,1,0,0,1,1,0,0,0,0,0,0,0,0,0,0,7.3948215544223785,0,9,0,0,0,1,1,1,0,0,0
bfa,38086.0,2021,38.0,86,1,467.3532,1659.5072,2,1,1,1,1,1,0,0,0,1,0,0,0,0,0,0,0,0,0,0,2.5055131316184998,1,0,0,0,2,0,0,1,0,1,0
bfa,38101.0,2021,38.0,101,1,467.3532,1659.5072,2,1,1,1,1,1,0,0,1,1,0,0,0,1,0,0,0,0,0,0,3.784852683544159,1,11,0,0,0,0,1,1,0,1,0
bfa,38111.0,2021,38.0,111,1,467.3532,1659.5072,2,0,0,0,0,0,0,0,1,0,0,0,0,0,0,0,0,0,0,0,1.9735960364341736,2,2,0,0,0,0,0,1,0,1,0
bfa,38124.0,2021,38.0,124,1,467.3532,1659.5072,4,1,1,1,1,1,0,0,1,0,0,0,0,0,0,0,0,0,0,0,0.5973047018051147,0,0,0,0,0,0,1,1,0,0,0
bfa,39007.0,2021,39.0,7,2,2466.6064,1611.0209,4,1,1,1,1,1,0,0,1,0,0,0,0,0,0,0,0,0,0,0,1.0056644678115845,0,0,0,0,0,0,1,1,0,1,0
bfa,39033.0,2021,39.0,33,2,2466.6064,1611.0209,4,1,0,1,1,1,0,0,1,1,0,0,0,0,0,0,0,0,0,0,1.2559541761875153,0,0,0,0,0,0,1,1,1,1,0
bfa,39040.0,2021,39.0,40,2,2466.6064,1611.0209,3,1,1,0,1,1,0,0,0,1,1,0,0,0,0,0,0,0,0,0,,0,0,0,0,0,0,1,1,1,1,0
bfa,39069.0,2021,39.0,69,2,2466.6064,1611.0209,4,1,1,1,1,1,0,0,0,0,0,0,0,0,0,0,0,0,0,0,,0,0,0,0,0,0,0,1,0,1,0
bfa,39082.0,2021,39.0,82,2,2466.6064,1611.0209,4,1,1,0,1,0,0,0,0,0,0,0,0,0,0,0,0,0,0,0,,0,0,0,0,0,0,1,1,0,1,0
bfa,39127.0,2021,39.0,127,2,2466.6064,1611.0209,4,1,0,0,1,0,0,0,0,0,0,0,0,0,0,0,0,0,0,0,,1,2,0,0,5,0,1,1,0,1,0
bfa,40004.0,2021,40.0,4,2,1253.7725,807.65845,2,1,1,0,1,1,0,0,1,0,0,0,0,0,0,0,0,0,0,0,0.26350000500679016,7,10,0,0,12,0,1,1,0,0,0
bfa,40005.0,2021,40.0,5,2,1253.7725,807.65845,2,1,1,0,1,1,0,0,1,0,0,0,0,1,0,1,0,0,0,0,4.64397469162941,59,75,0,0,20,0,1,1,0,0,0
bfa,40008.0,2021,40.0,8,2,1253.7725,807.65845,1,0,1,1,1,1,0,0,0,0,0,1,0,0,0,0,0,0,0,0,7.451999858021736,0,8,0,0,110,0,1,1,0,0,0
bfa,40026.0,2021,40.0,26,2,1253.7725,807.65845,2,1,1,1,1,1,0,0,0,0,0,0,0,0,0,0,0,0,0,0,2.3040999472141266,0,4,0,0,2,0,1,1,0,0,0
bfa,40030.0,2021,40.0,30,2,1253.7725,807.65845,2,1,1,0,1,1,0,0,0,0,0,0,0,0,0,0,0,0,0,0,5.427339822053909,2,32,0,0,27,0,1,1,0,0,0
bfa,40033.0,2021,40.0,33,2,1253.7725,807.65845,1,0,1,1,0,0,0,0,0,0,0,1,0,1,0,0,0,0,0,0,2.6478999853134155,0,5,0,0,10,1,1,1,0,0,0
bfa,41004.0,2021,41.0,4,1,3464.8591,899.016,3,1,1,1,1,1,0,0,1,0,0,0,0,0,0,0,0,0,0,0,,0,0,0,0,0,0,0,1,0,0,0
bfa,41052.0,2021,41.0,52,1,3464.8591,899.016,2,1,1,1,1,1,0,0,0,0,0,0,0,0,0,0,0,0,0,0,,0,0,0,0,0,0,0,1,1,1,0
bfa,41073.0,2021,41.0,73,1,3464.8591,899.016,3,1,1,0,1,1,0,0,0,0,0,0,0,0,0,0,0,0,0,0,,0,0,0,0,0,0,0,1,0,0,0
bfa,41085.0,2021,41.0,85,1,3464.8591,899.016,3,1,1,1,1,1,0,0,0,0,0,0,0,0,0,0,0,0,0,0,,0,0,0,0,0,1,0,1,1,1,0
bfa,41097.0,2021,41.0,97,1,3464.8591,899.016,3,1,1,1,1,1,0,0,0,0,0,0,0,0,0,0,0,0,0,0,,0,0,0,0,0,0,0,1,1,1,0
bfa,41107.0,2021,41.0,107,1,3464.8591,899.016,1,0,0,0,1,1,0,0,0,0,0,0,0,0,0,0,0,0,0,0,,0,0,0,0,0,0,0,1,1,0,0
bfa,42115.0,2021,42.0,115,2,1025.7626,17766.617,1,1,1,0,1,1,1,1,0,0,0,0,0,0,1,0,0,0,0,0,,4,12,0,0,20,1,0,1,0,1,0
bfa,43064.0,2021,43.0,64,2,1799.7883,20052.303,1,1,1,1,1,1,0,0,0,0,0,0,0,0,0,0,0,0,0,0,,8,17,0,0,0,0,0,1,0,1,0
bfa,43160.0,2021,43.0,160,2,1799.7883,20052.303,1,1,1,0,0,0,0,0,1,1,0,0,0,1,0,0,0,0,1,0,,1,7,0,0,0,0,1,1,1,1,0
bfa,44035.0,2021,44.0,35,1,220.40486,2961.103,1,1,1,0,1,1,0,0,0,1,0,0,0,0,0,0,0,0,0,0,,0,0,0,0,0,1,1,0,0,1,0
bfa,44050.0,2021,44.0,50,1,220.40486,2961.103,4,1,1,1,1,1,1,1,0,1,0,1,0,0,0,0,0,0,0,0,,0,10,0,0,0,0,1,0,1,1,0
bfa,44065.0,2021,44.0,65,1,220.40486,2961.103,1,1,1,1,1,1,1,1,0,0,0,0,0,0,0,0,0,0,0,0,,0,0,0,0,0,0,0,0,0,1,0
bfa,44074.0,2021,44.0,74,1,220.40486,2961.103,1,1,1,0,1,1,0,0,0,1,0,0,0,0,0,0,0,0,0,0,,0,0,0,0,0,0,1,1,0,1,0
bfa,44087.0,2021,44.0,87,1,220.40486,2961.103,1,1,1,1,0,0,0,0,1,0,0,0,0,0,0,0,0,0,0,0,0.6389715671539307,0,7,0,0,0,1,1,1,0,1,0
bfa,44138.0,2021,44.0,138,1,220.40486,2961.103,2,1,1,1,1,1,1,0,1,0,0,0,0,1,0,0,0,0,0,0,,0,0,0,0,0,1,1,1,0,1,0
bfa,45016.0,2021,45.0,16,2,651.2392,13368.201,3,1,1,1,1,1,1,1,0,1,0,0,0,1,0,1,0,1,1,0,,4,12,0,0,0,0,1,1,0,0,0
bfa,45059.0,2021,45.0,59,2,651.2392,13368.201,3,1,1,1,0,0,1,1,0,1,0,0,0,1,0,0,0,1,1,0,,0,1,0,0,0,1,1,1,1,1,0
bfa,45149.0,2021,45.0,149,2,651.2392,13368.201,3,1,1,1,1,1,1,1,0,1,1,0,0,1,0,1,1,0,1,0,,5,0,0,0,0,0,1,1,1,1,0
bfa,46039.0,2021,46.0,39,1,315.7646,5958.337,1,1,1,0,1,1,1,1,0,0,0,1,0,1,0,1,0,0,0,0,,0,0,0,0,0,0,1,1,0,1,0
bfa,46096.0,2021,46.0,96,1,315.7646,5958.337,1,1,1,0,1,1,0,0,1,1,0,0,0,1,0,0,0,0,0,0,,1,3,0,0,0,0,1,1,0,1,0
bfa,46190.0,2021,46.0,190,1,315.7646,5958.337,1,1,1,1,1,1,1,1,0,1,0,1,0,0,0,0,0,0,0,0,,0,0,0,0,0,0,0,1,0,1,0
bfa,46191.0,2021,46.0,191,1,315.7646,5958.337,3,1,1,0,1,1,0,0,0,0,0,1,0,0,0,0,0,0,0,0,,0,0,0,0,0,0,1,1,0,1,0
bfa,46218.0,2021,46.0,218,1,315.7646,5958.337,1,1,1,1,1,1,1,1,0,1,0,0,0,1,0,0,0,0,1,0,,0,0,0,0,0,0,1,1,0,1,0
bfa,46224.0,2021,46.0,224,1,315.7646,5958.337,3,1,1,1,1,1,1,1,0,1,1,0,0,1,0,0,0,0,0,0,,0,0,0,0,0,0,0,0,1,0,0
bfa,47001.0,2021,47.0,1,1,33.107563,1595.0585,2,1,1,1,1,1,0,0,1,1,0,0,0,0,0,0,0,0,0,0,2.155820608139038,1,6,0,0,0,0,1,0,0,0,0
bfa,47002.0,2021,47.0,2,1,33.107563,1595.0585,4,1,0,0,0,1,0,0,1,1,0,0,0,0,0,0,0,0,0,0,0.7502046823501587,0,0,0,0,0,0,1,1,0,0,0
bfa,47005.0,2021,47.0,5,1,33.107563,1595.0585,2,1,0,0,1,0,0,0,0,0,0,0,0,0,0,0,0,0,0,0,1.5548823550343513,2,11,0,0,8,0,1,1,0,1,0
bfa,47008.0,2021,47.0,8,1,33.107563,1595.0585,2,1,0,0,1,0,0,0,0,0,0,0,0,0,0,0,0,0,0,0,0.7721648812294006,1,4,0,0,3,0,1,1,0,0,0
bfa,47011.0,2021,47.0,11,1,33.107563,1595.0585,2,0,0,0,1,1,0,0,1,0,0,0,0,0,0,0,0,0,0,0,2.181145876646042,1,3,0,0,9,1,1,1,0,0,0
bfa,47014.0,2021,47.0,14,1,33.107563,1595.0585,2,1,1,1,1,1,0,0,1,0,0,0,0,0,0,0,0,0,0,0,1.1309083700180054,0,4,0,0,0,0,1,1,0,0,0
bfa,48098.0,2021,48.0,98,1,523.77856,10950.882,2,1,1,1,1,1,0,0,0,0,0,0,0,0,0,0,0,0,0,0,2.8669071793556213,0,0,0,0,0,0,1,0,0,0,0
bfa,48115.0,2021,48.0,115,1,523.77856,10950.882,2,1,1,1,1,1,0,0,1,0,0,0,0,1,0,0,0,0,0,0,2.5673481225967407,8,44,0,0,30,0,1,1,0,0,0
bfa,48128.0,2021,48.0,128,1,523.77856,10950.882,2,1,0,0,1,1,0,0,1,0,0,0,0,0,0,0,0,0,0,0,1.1216167211532593,0,2,0,0,0,0,1,1,0,0,0
bfa,48156.0,2021,48.0,156,1,523.77856,10950.882,2,1,0,0,1,1,0,0,0,0,0,0,0,0,0,0,0,0,0,0,1.437057338654995,6,35,0,0,7,0,1,1,0,1,0
bfa,52021.0,2021,52.0,21,1,2545.8923,1025.7704,2,1,0,0,1,0,0,0,0,0,0,0,0,0,0,0,0,0,0,0,3.723006844520569,4,30,0,0,0,0,1,1,0,0,0
bfa,52026.0,2021,52.0,26,1,2545.8923,1025.7704,2,1,0,0,1,1,0,0,0,0,0,0,0,0,0,0,0,0,0,0,3.755428194999695,1,3,0,0,3,1,1,1,0,0,0
bfa,52037.0,2021,52.0,37,1,2545.8923,1025.7704,2,1,0,0,1,1,0,0,0,1,0,0,0,0,0,0,0,0,0,0,0.8860915824770927,0,9,0,0,5,0,1,1,0,1,0
bfa,52041.0,2021,52.0,41,1,2545.8923,1025.7704,2,1,0,0,1,1,0,0,1,0,0,0,0,0,0,0,0,0,0,0,1.261450082063675,1,3,0,0,3,0,1,1,0,0,0
bfa,52059.0,2021,52.0,59,1,2545.8923,1025.7704,2,1,0,0,1,0,0,0,0,1,0,0,0,0,0,0,0,0,0,0,0.5461527109146118,1,0,0,0,4,1,1,0,0,0,0
bfa,52065.0,2021,52.0,65,1,2545.8923,1025.7704,2,1,0,0,1,1,0,0,0,1,0,0,0,0,0,0,0,0,0,0,2.2180612087249756,0,4,0,0,0,0,1,1,0,0,0
bfa,53067.0,2021,53.0,67,1,4817.307,1159.5276,1,1,0,0,1,1,0,0,0,0,0,0,0,0,0,0,0,0,0,0,1.6221657395362854,3,2,0,0,0,0,1,1,1,1,0
bfa,53129.0,2021,53.0,129,1,4817.307,1159.5276,1,1,0,0,1,1,0,0,0,0,0,0,0,0,0,0,0,0,0,0,,0,5,0,0,0,0,1,1,1,1,0
bfa,53146.0,2021,53.0,146,1,4817.307,1159.5276,2,0,1,0,1,1,0,0,1,0,0,0,0,0,0,0,0,0,0,0,1.452041894197464,2,10,0,0,0,1,1,1,0,1,0
bfa,53157.0,2021,53.0,157,1,4817.307,1159.5276,4,1,0,0,1,1,0,0,1,1,0,0,0,0,0,0,0,0,0,0,1.1087092608213425,0,0,0,0,0,1,1,1,1,1,0
bfa,53184.0,2021,53.0,184,1,4817.307,1159.5276,2,1,0,0,1,1,0,0,1,0,0,0,0,0,0,0,0,0,0,0,0.0,0,0,0,0,0,1,1,0,0,1,0
bfa,53189.0,2021,53.0,189,1,4817.307,1159.5276,2,1,1,0,1,1,0,0,1,0,0,0,0,1,0,0,0,0,0,0,1.0081999450922012,8,9,0,0,30,0,1,0,0,1,0
bfa,54015.0,2021,54.0,15,1,1104.8395,286.6692,2,1,0,1,1,0,0,0,1,0,0,0,0,0,0,0,0,0,0,0,0.9369065761566162,3,6,0,0,19,0,1,0,0,1,0
bfa,54036.0,2021,54.0,36,1,1104.8395,286.6692,2,1,0,0,1,1,0,0,1,0,0,0,0,0,0,0,0,0,0,0,2.388172209262848,1,2,0,0,7,0,1,1,0,0,0
bfa,54121.0,2021,54.0,121,1,1104.8395,286.6692,2,1,0,0,1,1,0,0,0,0,0,0,0,0,0,0,0,0,0,0,1.0225236415863037,0,0,0,0,10,0,1,1,0,1,0
bfa,54159.0,2021,54.0,159,1,1104.8395,286.6692,2,1,1,1,1,1,0,0,0,1,0,0,0,0,0,0,0,0,0,0,1.4563390016555786,0,2,0,0,0,1,1,1,0,0,0
bfa,54172.0,2021,54.0,172,1,1104.8395,286.6692,2,1,0,0,1,1,0,0,1,1,0,0,0,0,0,0,0,0,0,0,1.1566270589828491,1,6,0,0,0,0,1,0,0,0,0
bfa,54186.0,2021,54.0,186,1,1104.8395,286.6692,2,1,0,0,1,1,0,0,1,0,0,0,0,0,0,0,0,0,0,0,2.0037694573402405,0,1,0,0,11,0,1,1,0,0,0
bfa,55009.0,2021,55.0,9,1,1491.689,857.9995,1,1,1,1,1,1,0,0,0,0,1,0,0,0,0,0,0,0,0,0,3.134499967098236,10,7,0,0,10,0,1,1,0,0,0
bfa,55017.0,2021,55.0,17,1,1491.689,857.9995,2,1,1,1,1,1,0,0,0,0,0,1,0,0,0,0,0,0,0,0,4.497126247733831,10,30,0,0,40,1,0,1,0,0,0
bfa,55020.0,2021,55.0,20,1,1491.689,857.9995,2,1,1,1,1,1,0,0,0,0,0,1,0,0,0,0,0,0,0,0,1.5318999886512756,0,6,0,0,0,0,0,0,0,0,0
bfa,55022.0,2021,55.0,22,1,1491.689,857.9995,1,1,1,0,1,1,0,0,0,0,0,0,0,0,0,0,0,0,0,0,2.4332275986671448,0,0,0,0,27,0,1,1,0,0,0
bfa,55028.0,2021,55.0,28,1,1491.689,857.9995,1,1,1,1,1,1,0,0,1,0,1,0,0,0,0,0,0,0,0,0,4.499800026416779,0,0,0,0,0,1,1,1,0,0,0
bfa,55047.0,2021,55.0,47,1,1491.689,857.9995,1,1,1,1,1,1,0,0,1,0,0,0,0,0,0,0,0,0,0,0,5.06492418050766,0,19,0,0,335,1,1,1,1,0,0
bfa,56004.0,2021,56.0,4,1,2365.7253,1866.149,2,1,1,1,0,0,0,0,1,0,0,0,0,0,0,0,0,0,0,0,1.84854656457901,0,5,0,0,0,0,1,0,1,1,0
bfa,56013.0,2021,56.0,13,1,2365.7253,1866.149,2,0,1,1,1,1,0,0,0,0,0,0,0,0,0,0,0,0,0,0,3.746151387691498,1,2,0,0,2,0,1,1,1,1,0
bfa,56015.0,2021,56.0,15,1,2365.7253,1866.149,1,1,1,0,1,1,0,0,1,0,0,0,0,0,0,0,0,0,0,0,0.17870737612247467,0,2,0,0,0,1,1,1,1,1,0
bfa,56018.0,2021,56.0,18,1,2365.7253,1866.149,2,0,1,0,1,1,0,0,1,0,0,0,0,0,0,0,0,0,0,0,1.6274733543395996,1,5,0,0,0,1,0,0,0,1,0
bfa,56086.0,2021,56.0,86,1,2365.7253,1866.149,4,0,0,0,0,0,0,0,0,0,0,0,0,0,0,0,0,0,0,0,,0,4,0,0,5,0,0,1,0,1,0
bfa,56148.0,2021,56.0,148,1,2365.7253,1866.149,3,1,1,1,1,1,0,0,0,1,0,0,1,0,0,0,0,0,0,0,,0,0,0,0,0,1,0,0,0,0,0
bfa,58003.0,2021,58.0,3,1,1477.596,1237.9137,3,1,1,1,1,1,0,0,1,0,0,1,0,0,0,0,1,0,1,0,,0,0,0,0,0,1,1,1,0,1,0
bfa,58031.0,2021,58.0,31,1,1477.596,1237.9137,3,1,1,1,1,1,0,0,0,0,0,0,0,0,0,0,0,0,0,0,,0,0,0,0,0,0,1,1,0,1,0
bfa,58042.0,2021,58.0,42,1,1477.596,1237.9137,4,1,1,0,1,1,0,0,1,0,0,0,0,0,0,0,0,0,0,0,,0,10,0,0,17,0,1,0,1,1,0
bfa,58054.0,2021,58.0,54,1,1477.596,1237.9137,4,0,0,0,1,1,0,0,0,0,0,0,0,0,0,0,0,0,0,0,,0,0,0,0,0,0,1,0,0,1,0
bfa,58110.0,2021,58.0,110,1,1477.596,1237.9137,4,0,1,0,1,1,0,0,0,0,0,0,0,0,0,0,0,0,0,0,,0,0,0,0,0,1,1,1,0,1,0
bfa,58148.0,2021,58.0,148,1,1477.596,1237.9137,3,1,1,1,1,1,0,0,0,0,0,0,0,0,0,0,0,0,0,0,,0,0,0,0,0,1,0,1,0,1,0
bfa,60006.0,2021,60.0,6,1,1889.6669,1490.621,4,0,0,0,1,1,0,0,0,1,1,0,0,0,0,0,0,0,0,0,,0,0,0,0,0,0,0,1,0,1,0
bfa,60024.0,2021,60.0,24,1,1889.6669,1490.621,4,0,0,0,1,0,0,0,0,0,0,0,0,0,0,0,0,0,0,0,,18,27,0,0,10,0,1,0,1,1,0
bfa,60084.0,2021,60.0,84,1,1889.6669,1490.621,3,1,1,1,1,1,0,0,0,0,0,0,0,0,0,0,0,0,0,0,0.5495720505714417,0,0,0,0,0,0,0,0,1,1,0
bfa,60118.0,2021,60.0,118,1,1889.6669,1490.621,4,0,0,0,1,1,0,0,0,0,0,0,0,0,0,0,0,0,0,0,,0,0,0,0,1,0,1,1,1,1,0
bfa,60122.0,2021,60.0,122,1,1889.6669,1490.621,4,0,0,0,0,1,0,0,0,0,0,0,0,0,0,0,0,0,0,0,1.2042726874351501,1,6,0,0,10,0,1,1,0,1,0
bfa,60138.0,2021,60.0,138,1,1889.6669,1490.621,3,1,1,1,1,1,0,0,1,0,0,0,0,0,0,0,0,0,0,0,,0,0,0,0,0,0,0,0,0,1,0
bfa,61002.0,2021,61.0,2,2,1867.668,1232.445,1,1,1,0,1,1,0,0,1,0,0,0,0,0,0,0,0,0,0,0,0.8100000023841858,0,10,0,0,0,0,1,0,0,0,0
bfa,61005.0,2021,61.0,5,2,1867.668,1232.445,2,1,1,0,1,1,0,0,0,0,0,0,0,0,0,0,0,0,0,0,0.4761388301849365,0,0,0,0,0,0,1,0,0,0,0
bfa,61018.0,2021,61.0,18,2,1867.668,1232.445,2,1,1,0,1,1,0,0,1,0,0,0,0,0,0,0,0,0,0,0,3.37095008790493,2,8,0,0,15,1,1,1,0,0,0
bfa,61050.0,2021,61.0,50,2,1867.668,1232.445,2,1,1,0,1,1,0,0,1,0,0,0,0,0,0,0,0,0,0,0,0.5227522253990173,2,3,0,0,0,0,1,0,0,0,0
bfa,61096.0,2021,61.0,96,2,1867.668,1232.445,2,1,1,0,1,1,0,0,0,0,0,0,0,0,0,0,0,0,0,0,0.556835412979126,6,9,0,0,5,0,1,0,0,0,0
bfa,61097.0,2021,61.0,97,2,1867.668,1232.445,2,1,0,0,1,1,0,0,1,0,0,0,0,0,0,0,0,0,0,0,0.5416899882256985,2,10,0,0,0,0,0,1,0,0,0
bfa,62030.0,2021,62.0,30,1,1958.768,1476.4573,2,1,1,1,1,1,0,0,1,0,1,0,0,1,0,0,0,0,0,0,2.496500015258789,3,7,0,0,15,1,1,1,0,0,0
bfa,62060.0,2021,62.0,60,1,1958.768,1476.4573,2,1,1,1,1,1,0,0,1,0,0,0,1,1,0,0,0,0,0,0,1.3887000307440758,1,4,0,0,27,1,0,0,0,0,0
bfa,62066.0,2021,62.0,66,1,1958.768,1476.4573,2,1,1,0,1,1,0,0,0,0,0,0,0,0,0,0,0,0,0,0,0.9331999912392348,3,8,0,0,0,1,1,1,0,0,0
bfa,62092.0,2021,62.0,92,1,1958.768,1476.4573,2,1,1,0,1,1,0,0,0,0,0,0,0,0,0,0,0,0,0,0,1.2956999745219946,8,14,0,0,24,1,0,1,0,0,0
bfa,62093.0,2021,62.0,93,1,1958.768,1476.4573,2,1,1,1,1,1,0,0,0,0,0,0,0,0,0,0,0,0,0,0,2.08500000461936,3,8,0,0,42,0,1,1,0,0,0
bfa,62130.0,2021,62.0,130,1,1958.768,1476.4573,1,0,1,1,1,1,0,0,1,0,0,0,0,0,0,0,0,0,0,0,0.895700023509562,4,24,0,0,30,0,0,0,0,0,0
bfa,63001.0,2021,63.0,1,2,393.42902,434.45178,4,1,1,1,1,1,0,0,1,0,0,0,0,0,0,0,0,0,0,0,0.487730473279953,0,0,0,0,0,0,0,1,0,0,0
bfa,63033.0,2021,63.0,33,2,393.42902,434.45178,1,1,1,1,1,1,1,1,0,1,0,0,0,1,0,0,0,0,1,1,,22,15,0,0,0,0,0,1,0,0,0
bfa,63053.0,2021,63.0,53,2,393.42902,434.45178,3,1,1,1,1,1,1,1,0,1,0,1,0,1,1,1,1,1,1,1,,20,54,17,0,74,0,0,1,0,0,0
bfa,63126.0,2021,63.0,126,2,393.42902,434.45178,1,1,1,1,1,1,1,0,1,1,1,0,0,1,0,0,0,0,1,0,0.6217242479324341,0,0,0,0,0,0,1,1,0,0,0
bfa,63168.0,2021,63.0,168,2,393.42902,434.45178,2,1,1,1,1,1,1,1,0,1,0,0,0,1,0,0,0,0,1,0,,0,0,0,0,0,1,0,0,0,0,0
bfa,63270.0,2021,63.0,270,2,393.42902,434.45178,1,1,1,0,1,1,1,0,1,1,0,0,0,1,0,0,0,0,0,0,5.078000068664551,2,10,0,0,10,1,0,0,0,0,0
bfa,64014.0,2021,64.0,14,2,1971.8263,1851.7031,2,0,1,0,1,1,0,0,0,0,0,1,0,0,0,0,0,0,0,0,4.230899959802628,4,20,0,0,4,0,1,1,0,0,0
bfa,64024.0,2021,64.0,24,2,1971.8263,1851.7031,2,1,1,1,1,1,0,0,0,0,0,0,0,0,0,0,0,0,0,0,1.2322703301906586,8,41,0,0,7,0,1,1,0,0,0
bfa,64084.0,2021,64.0,84,2,1971.8263,1851.7031,2,0,1,1,1,1,0,0,0,0,1,1,0,0,0,0,0,0,0,0,2.8575000166893005,1,10,0,0,65,0,1,0,0,0,0
bfa,64092.0,2021,64.0,92,2,1971.8263,1851.7031,2,1,1,0,1,1,0,0,0,0,0,1,0,0,0,0,0,0,0,0,3.4100000113248825,3,27,0,0,29,0,0,0,0,0,0
bfa,64099.0,2021,64.0,99,2,1971.8263,1851.7031,2,1,1,1,1,1,0,0,0,0,0,0,0,0,0,0,0,0,0,0,2.360446333885193,2,0,0,0,1,0,1,1,0,0,0
bfa,64117.0,2021,64.0,117,2,1971.8263,1851.7031,2,0,1,0,1,1,0,0,0,0,0,0,0,0,0,0,0,0,0,0,2.759999990463257,34,73,0,0,35,0,1,0,0,0,0
bfa,65142.0,2021,65.0,142,2,292.49506,350.17715,3,1,1,1,1,1,1,1,0,1,0,0,0,0,0,0,0,0,0,0,,0,0,0,0,0,0,0,0,1,0,0
bfa,65143.0,2021,65.0,143,2,292.49506,350.17715,1,1,1,1,1,1,1,1,0,1,1,1,1,1,0,0,1,0,1,1,,0,0,0,0,0,0,0,1,0,0,0
bfa,65169.0,2021,65.0,169,2,292.49506,350.17715,3,1,1,1,1,1,1,1,0,0,0,0,0,1,0,0,1,0,0,0,,0,5,0,0,0,0,0,1,0,0,0
bfa,65175.0,2021,65.0,175,2,292.49506,350.17715,1,1,1,1,1,1,1,1,0,0,0,0,0,1,1,1,0,0,1,0,,0,29,0,0,15,0,1,1,0,0,0
bfa,65184.0,2021,65.0,184,2,292.49506,350.17715,4,1,1,1,1,1,0,0,1,1,0,0,0,0,0,0,0,0,0,0,,0,0,0,0,0,0,0,0,0,0,0
bfa,65206.0,2021,65.0,206,2,292.49506,350.17715,1,1,1,1,1,1,1,1,0,1,0,1,0,1,0,0,0,0,1,0,,0,0,0,0,0,0,0,1,0,0,0
bfa,66008.0,2021,66.0,8,2,300.76846,399.64386,1,1,1,1,1,1,1,1,0,0,0,0,0,1,0,0,0,0,0,0,2.205472469329834,0,4,0,0,10,1,1,0,0,0,0
bfa,66042.0,2021,66.0,42,2,300.76846,399.64386,1,1,1,1,1,1,1,1,0,1,0,0,0,1,0,0,0,0,0,0,0.7112389206886292,0,8,0,0,0,0,0,0,0,1,0
bfa,66086.0,2021,66.0,86,2,300.76846,399.64386,4,1,1,1,1,1,0,0,1,1,0,0,0,1,0,0,1,0,0,0,0.6356000006198883,0,2,0,0,0,0,1,1,0,0,0
bfa,66107.0,2021,66.0,107,2,300.76846,399.64386,4,1,1,1,1,1,1,0,1,1,1,0,0,1,0,1,0,0,1,0,0.8827545046806335,0,0,0,0,0,1,0,1,0,0,0
bfa,66151.0,2021,66.0,151,2,300.76846,399.64386,1,1,1,0,1,1,0,0,1,1,1,0,0,0,0,0,0,0,0,0,0.41451647877693176,0,0,0,0,0,0,1,0,0,0,0
bfa,66203.0,2021,66.0,203,2,300.76846,399.64386,3,1,1,1,1,1,0,0,1,0,0,0,0,1,0,0,0,0,0,0,,0,0,0,0,0,0,0,1,0,0,0
bfa,67058.0,2021,67.0,58,1,400.53983,615.88947,1,1,1,1,1,1,0,0,1,0,0,0,0,0,0,0,0,0,0,0,0.10000000149011612,0,7,0,0,0,0,0,0,1,0,0
bfa,67113.0,2021,67.0,113,1,400.53983,615.88947,1,1,1,1,0,0,1,1,0,0,0,0,1,1,0,0,0,0,0,0,,1,5,0,0,0,0,1,1,0,1,0
bfa,67127.0,2021,67.0,127,1,400.53983,615.88947,1,1,1,1,1,0,0,0,1,0,0,0,0,0,0,0,0,0,0,0,,0,0,0,0,0,0,1,1,0,1,0
bfa,67138.0,2021,67.0,138,1,400.53983,615.88947,1,1,1,1,1,1,1,1,0,1,1,1,0,1,0,1,0,0,1,0,,0,0,0,0,0,0,0,1,0,1,0
bfa,67139.0,2021,67.0,139,1,400.53983,615.88947,1,1,1,1,1,1,1,1,0,0,0,0,0,0,0,0,0,0,0,0,,0,0,0,0,0,0,0,0,0,0,0
bfa,67184.0,2021,67.0,184,1,400.53983,615.88947,1,1,1,1,1,1,1,1,0,1,0,0,1,1,0,0,0,0,0,0,,0,20,0,0,10,0,1,1,0,1,0
bfa,68093.0,2021,68.0,93,1,503.94717,715.11615,1,1,1,0,1,1,1,1,0,0,0,0,0,1,0,0,0,0,0,0,,0,0,0,0,0,0,0,0,0,0,0
bfa,68121.0,2021,68.0,121,1,503.94717,715.11615,1,1,1,1,0,0,1,1,0,0,0,0,0,1,0,0,0,0,0,0,,0,0,0,0,0,0,0,0,0,0,0
bfa,68146.0,2021,68.0,146,1,503.94717,715.11615,1,1,1,1,1,1,1,1,0,0,0,0,0,1,1,1,1,1,1,0,0.41974616050720215,0,17,0,0,5,0,1,0,0,0,0
bfa,68162.0,2021,68.0,162,1,503.94717,715.11615,1,1,1,1,0,1,1,1,0,0,0,0,0,1,0,0,0,0,0,0,1.9773000478744507,1,8,0,0,6,1,1,0,0,0,0
bfa,68166.0,2021,68.0,166,1,503.94717,715.11615,1,1,1,1,1,1,1,1,0,1,0,1,0,1,0,0,0,0,1,0,,0,2,0,0,0,1,0,0,0,0,0
bfa,68187.0,2021,68.0,187,1,503.94717,715.11615,1,1,1,1,1,1,1,1,0,1,0,1,0,1,0,0,0,0,1,0,,0,0,0,0,0,1,0,0,0,0,0
bfa,69010.0,2021,69.0,10,2,215.32288,270.6181,1,1,1,1,1,1,1,1,0,1,1,1,0,0,0,0,0,0,0,0,,0,0,0,0,0,0,0,0,0,0,0
bfa,69041.0,2021,69.0,41,2,215.32288,270.6181,1,1,1,1,1,1,1,1,0,1,0,0,0,0,0,0,0,0,0,0,0.5182665586471558,0,3,0,0,2,0,1,1,0,0,0
bfa,69060.0,2021,69.0,60,2,215.32288,270.6181,1,1,1,1,1,1,1,1,0,1,0,0,0,0,0,0,0,0,0,0,,0,3,0,0,0,1,0,1,0,0,0
bfa,69259.0,2021,69.0,259,2,215.32288,270.6181,1,1,1,1,1,1,1,1,0,1,0,0,0,1,0,0,0,0,0,1,,0,0,0,0,0,0,0,1,0,0,0
bfa,69312.0,2021,69.0,312,2,215.32288,270.6181,1,1,1,0,1,1,1,1,0,1,1,0,0,0,0,0,0,0,0,0,,0,0,0,0,0,1,1,1,0,0,0
bfa,69315.0,2021,69.0,315,2,215.32288,270.6181,1,1,1,1,1,1,1,1,0,1,1,0,0,1,0,0,0,0,0,0,1.0439138412475586,0,6,0,0,0,0,0,0,0,0,0
bfa,70053.0,2021,70.0,53,1,525.0884,367.73108,2,1,1,1,1,1,0,0,1,0,0,0,0,0,0,0,0,0,0,0,9.642600059509277,0,2,0,0,0,0,1,1,1,1,0
bfa,70068.0,2021,70.0,68,1,525.0884,367.73108,2,1,1,1,1,1,0,0,1,0,0,0,0,0,0,0,0,0,0,0,,0,0,0,0,0,0,0,1,0,1,0
bfa,70119.0,2021,70.0,119,1,525.0884,367.73108,2,1,1,1,1,1,0,0,1,0,0,0,0,0,0,0,0,0,0,0,1.547315001487732,0,0,0,0,0,0,0,0,0,0,0
bfa,70154.0,2021,70.0,154,1,525.0884,367.73108,2,1,1,1,1,1,0,1,0,0,0,0,0,0,0,0,0,0,0,0,,0,0,0,0,0,0,0,0,0,0,0
bfa,70164.0,2021,70.0,164,1,525.0884,367.73108,2,1,1,1,1,1,0,0,1,1,0,0,1,1,0,0,0,0,0,0,,0,0,0,0,0,0,0,0,0,0,0
bfa,70338.0,2021,70.0,338,1,525.0884,367.73108,4,1,0,1,1,1,0,0,0,1,0,0,0,0,0,0,0,0,0,0,,0,0,0,0,0,0,0,0,0,0,0
bfa,71042.0,2021,71.0,42,2,107.36652,154.0991,1,1,1,1,1,1,1,1,0,1,0,0,0,1,0,0,0,0,0,0,0.9758737087249756,0,3,0,0,0,0,1,0,0,0,0
bfa,71056.0,2021,71.0,56,2,107.36652,154.0991,1,1,1,1,1,1,1,1,0,1,0,1,0,1,1,0,1,0,0,0,0.4150831997394562,0,0,0,0,0,0,1,0,0,0,0
bfa,71065.0,2021,71.0,65,2,107.36652,154.0991,4,1,1,1,1,1,0,0,1,1,0,0,0,1,0,0,0,0,0,0,,0,0,0,0,0,0,0,1,0,0,0
bfa,71067.0,2021,71.0,67,2,107.36652,154.0991,3,1,1,1,1,1,1,1,0,0,0,0,0,1,0,0,0,0,1,0,,0,5,0,0,0,0,0,1,0,0,0
bfa,71091.0,2021,71.0,91,2,107.36652,154.0991,1,1,1,1,1,1,1,1,0,1,1,1,1,1,0,1,1,1,1,1,,0,0,0,0,0,0,0,0,0,1,0
bfa,71151.0,2021,71.0,151,2,107.36652,154.0991,1,1,1,1,1,1,1,1,0,1,1,0,0,1,0,1,0,0,0,0,,0,10,0,0,0,1,0,0,0,0,0
bfa,72046.0,2021,72.0,46,2,144.9779,178.39558,1,1,1,1,1,1,0,0,1,1,0,0,0,1,0,0,0,0,1,0,0.9717847108840942,1,10,0,0,0,0,1,0,0,0,0
bfa,72128.0,2021,72.0,128,2,144.9779,178.39558,2,1,1,1,1,1,0,0,1,0,0,1,0,1,0,0,1,0,0,0,,0,0,0,0,0,0,0,1,0,0,0
bfa,72129.0,2021,72.0,129,2,144.9779,178.39558,3,1,1,1,1,1,1,1,0,1,1,1,0,1,0,0,0,0,1,0,,0,0,0,0,0,0,0,1,0,0,0
bfa,72192.0,2021,72.0,192,2,144.9779,178.39558,4,1,1,1,1,1,1,1,0,1,1,1,0,0,0,0,0,0,0,0,,0,0,0,0,0,0,0,1,0,0,0
bfa,72207.0,2021,72.0,207,2,144.9779,178.39558,1,1,1,1,1,1,0,0,0,0,0,0,0,0,0,0,0,0,0,0,0.5090981125831604,0,0,0,0,0,0,0,1,0,0,0
bfa,72281.0,2021,72.0,281,2,144.9779,178.39558,1,1,1,1,1,1,0,0,0,0,0,0,0,0,0,0,0,0,0,0,1.4654582142829895,0,25,0,0,0,0,1,0,0,0,0
bfa,73007.0,2021,73.0,7,2,1847.0521,1255.5045,2,0,1,1,1,1,0,0,1,0,0,0,0,0,0,0,0,0,0,0,4.212717354297638,2,4,0,0,57,0,0,0,0,1,0
bfa,73015.0,2021,73.0,15,2,1847.0521,1255.5045,1,1,1,1,1,1,0,0,1,0,0,0,0,0,0,0,0,0,0,0,7.295218735933304,0,28,0,0,3,0,0,0,0,0,0
bfa,73051.0,2021,73.0,51,2,1847.0521,1255.5045,2,0,1,1,1,1,0,0,0,0,0,0,0,0,0,0,0,0,0,0,3.4255366921424866,0,11,0,0,15,0,1,1,0,0,0
bfa,73149.0,2021,73.0,149,2,1847.0521,1255.5045,2,1,1,0,1,1,0,0,0,0,0,0,0,0,0,0,0,0,0,0,3.268014833331108,0,6,0,0,12,1,1,1,1,1,0
bfa,73179.0,2021,73.0,179,2,1847.0521,1255.5045,1,1,1,1,1,1,0,0,0,0,0,0,0,0,0,0,0,0,0,0,4.354067444801331,0,1,0,0,2,0,1,1,0,1,0
bfa,73188.0,2021,73.0,188,2,1847.0521,1255.5045,4,1,1,1,1,1,1,1,0,1,0,0,0,1,0,0,0,0,0,0,,1,10,0,0,30,0,0,0,0,0,0
bfa,74003.0,2021,74.0,3,1,2326.6387,1353.5458,4,1,1,1,1,1,0,0,0,0,0,0,0,0,0,0,0,0,0,0,2.4019000083208084,1,4,0,0,5,1,1,1,0,0,0
bfa,74056.0,2021,74.0,56,1,2326.6387,1353.5458,1,1,1,1,1,1,0,0,1,1,0,0,0,1,0,0,0,0,0,0,7.636000066995621,2,0,0,0,40,1,1,1,0,1,0
bfa,74077.0,2021,74.0,77,1,2326.6387,1353.5458,1,1,1,1,1,1,0,0,0,1,0,0,0,0,0,0,0,0,0,0,3.3500001281499863,0,0,0,0,7,0,1,1,0,0,0
bfa,74112.0,2021,74.0,112,1,2326.6387,1353.5458,4,0,0,0,1,1,0,0,0,0,0,0,0,0,0,0,0,0,0,0,0.7091000080108643,15,70,0,0,0,1,1,1,0,0,0
bfa,74119.0,2021,74.0,119,1,2326.6387,1353.5458,4,0,1,1,1,1,0,0,1,0,0,0,0,0,0,0,0,0,0,0,1.1358614452183247,1,10,0,0,30,0,1,1,0,0,0
bfa,74238.0,2021,74.0,238,1,2326.6387,1353.5458,4,1,1,1,1,1,0,0,1,0,0,0,0,1,0,0,0,0,1,0,1.9111666828393936,1,6,7,0,0,0,1,1,0,0,0
bfa,75039.0,2021,75.0,39,2,2396.7761,1357.087,1,1,1,0,1,1,0,0,1,1,0,0,0,0,0,0,0,0,0,0,0.8777735233306885,2,3,0,0,0,0,1,0,0,0,0
bfa,75040.0,2021,75.0,40,2,2396.7761,1357.087,2,1,1,0,1,1,0,0,0,0,0,0,0,0,0,0,0,0,0,0,1.9485015869140625,3,6,0,0,5,0,1,0,0,0,0
bfa,75052.0,2021,75.0,52,2,2396.7761,1357.087,2,0,1,1,1,1,0,0,1,0,0,0,0,0,0,0,0,0,0,0,1.7513511776924133,0,4,0,0,0,1,0,0,0,0,0
bfa,75056.0,2021,75.0,56,2,2396.7761,1357.087,2,1,1,0,0,1,0,0,0,0,0,0,0,0,0,0,0,0,0,0,3.371442884206772,1,5,0,0,10,0,1,1,0,0,0
bfa,75057.0,2021,75.0,57,2,2396.7761,1357.087,2,0,0,0,0,0,0,0,0,0,0,0,0,0,0,0,0,0,0,0,1.823400005698204,0,12,0,0,0,0,1,0,0,1,0
bfa,75060.0,2021,75.0,60,2,2396.7761,1357.087,2,1,1,1,0,0,0,0,1,0,0,0,0,1,0,0,0,0,0,0,1.4925161600112915,4,15,0,0,0,1,0,0,0,0,0
bfa,77004.0,2021,77.0,4,2,1617.7128,1266.0482,2,0,1,1,1,1,0,0,1,0,0,0,0,0,0,0,0,0,0,0,3.4704999923706055,0,17,0,0,26,0,0,0,0,0,0
bfa,77022.0,2021,77.0,22,2,1617.7128,1266.0482,2,1,1,1,1,1,0,0,0,0,0,0,0,0,0,0,0,0,0,0,4.193576544523239,0,9,0,0,0,1,1,1,0,0,0
bfa,77060.0,2021,77.0,60,2,1617.7128,1266.0482,1,1,1,0,1,1,0,0,0,0,0,0,0,0,0,0,0,0,0,0,3.3315301686525345,6,15,0,0,18,0,1,1,0,0,0
bfa,77078.0,2021,77.0,78,2,1617.7128,1266.0482,2,1,1,0,1,1,0,0,1,0,0,0,0,0,0,0,0,0,0,0,6.405000001192093,3,17,0,0,0,1,0,0,0,0,0
bfa,77108.0,2021,77.0,108,2,1617.7128,1266.0482,2,0,1,1,1,1,0,0,1,0,0,0,0,0,0,0,0,0,0,0,2.1044000536203384,0,4,0,0,0,0,0,0,0,0,0
bfa,77110.0,2021,77.0,110,2,1617.7128,1266.0482,2,1,1,0,1,1,0,0,0,0,0,0,0,0,0,0,0,0,0,0,2.679999977350235,0,13,0,0,0,1,0,0,0,0,0
bfa,78053.0,2021,78.0,53,1,2545.6382,2008.0691,2,0,0,0,1,1,0,0,0,0,0,0,0,0,0,0,0,0,0,0,,0,0,0,0,0,0,1,1,0,1,0
bfa,78061.0,2021,78.0,61,1,2545.6382,2008.0691,3,0,1,1,0,0,0,0,1,0,0,0,0,0,0,0,0,0,0,0,0.5513834953308105,0,0,0,0,0,0,1,1,0,1,0
bfa,78072.0,2021,78.0,72,1,2545.6382,2008.0691,4,1,1,1,1,1,0,0,0,0,0,0,0,0,0,0,0,0,0,0,2.415848582983017,0,0,0,0,0,0,1,1,1,1,0
bfa,78138.0,2021,78.0,138,1,2545.6382,2008.0691,4,1,1,1,1,1,0,0,0,0,0,0,0,0,0,0,0,0,0,0,1.7024192214012146,0,0,0,0,0,0,1,1,1,1,0
bfa,78158.0,2021,78.0,158,1,2545.6382,2008.0691,1,0,0,0,1,1,0,0,0,0,0,0,0,0,0,0,0,0,0,0,,2,4,0,0,13,0,1,1,0,1,0
bfa,80032.0,2021,80.0,32,2,2702.5696,1914.5353,2,0,1,0,1,1,0,0,0,0,0,1,0,0,0,0,0,0,0,0,1.618499994277954,1,3,0,0,1,0,1,1,0,0,0
bfa,80057.0,2021,80.0,57,2,2702.5696,1914.5353,2,1,1,1,1,1,0,0,1,0,0,0,0,1,0,0,0,0,1,0,2.3510000109672546,3,27,0,0,27,0,1,0,0,0,0
bfa,80100.0,2021,80.0,100,2,2702.5696,1914.5353,2,0,1,1,1,1,0,0,1,0,0,1,0,1,0,0,0,0,0,0,4.794299975037575,3,22,1,0,70,0,1,0,0,0,0
bfa,80135.0,2021,80.0,135,2,2702.5696,1914.5353,4,1,1,1,1,1,0,0,0,0,0,0,0,0,0,0,0,0,0,0,2.8526791781187057,0,7,0,0,0,0,1,1,0,0,0
bfa,80136.0,2021,80.0,136,2,2702.5696,1914.5353,2,1,1,0,1,1,0,0,1,0,0,0,0,0,0,0,0,0,0,0,3.2900000363588333,0,21,0,0,0,0,0,0,0,0,0
bfa,80197.0,2021,80.0,197,2,2702.5696,1914.5353,2,1,0,1,1,1,0,0,0,0,0,0,0,0,0,0,0,0,0,0,1.2672254741191864,0,4,0,0,0,0,1,1,0,0,0
bfa,81041.0,2021,81.0,41,2,1132.4344,1528.3708,2,1,1,1,1,1,0,0,1,0,0,0,0,0,0,0,0,0,0,0,,0,0,0,0,0,0,0,1,0,0,0
bfa,81065.0,2021,81.0,65,2,1132.4344,1528.3708,2,1,1,1,1,1,0,0,1,0,0,1,1,1,0,0,0,0,0,0,,0,5,0,0,12,0,1,1,0,0,0
bfa,81090.0,2021,81.0,90,2,1132.4344,1528.3708,2,1,1,1,0,0,0,0,1,0,0,0,0,1,0,0,1,0,0,1,,0,0,0,0,0,1,0,1,0,0,0
bfa,81105.0,2021,81.0,105,2,1132.4344,1528.3708,2,1,0,1,0,0,0,0,0,0,0,0,0,0,0,0,0,0,0,0,0.3760000020265579,0,0,0,0,0,1,0,1,0,0,0
bfa,81129.0,2021,81.0,129,2,1132.4344,1528.3708,3,1,1,1,1,1,0,0,1,0,0,1,1,1,0,0,0,0,0,1,,0,0,0,0,0,1,1,0,1,0,0
bfa,81258.0,2021,81.0,258,2,1132.4344,1528.3708,2,1,1,1,1,1,0,0,1,0,0,1,1,0,0,0,0,0,0,0,,0,0,0,0,0,0,1,1,0,0,0
bfa,82010.0,2021,82.0,10,1,376.4876,542.5638,2,1,1,1,1,1,0,0,1,0,0,0,0,0,0,0,0,0,0,0,1.0965604484081268,0,10,0,0,10,0,0,1,0,0,0
bfa,82025.0,2021,82.0,25,1,376.4876,542.5638,2,1,1,1,1,1,0,0,1,0,0,0,0,0,0,0,0,0,0,0,3.9538999795913696,0,21,0,0,11,0,0,1,0,0,0
bfa,82050.0,2021,82.0,50,1,376.4876,542.5638,2,1,1,1,1,1,0,0,1,1,0,0,0,1,0,0,0,0,1,0,1.223900020122528,0,40,0,0,36,0,0,1,0,0,0
bfa,82060.0,2021,82.0,60,1,376.4876,542.5638,2,1,1,1,1,1,0,0,1,0,0,0,0,1,0,0,1,0,0,0,1.5967106223106384,1,22,0,0,10,0,1,1,0,0,0
bfa,82068.0,2021,82.0,68,1,376.4876,542.5638,2,1,1,1,1,1,0,0,0,0,0,0,0,0,0,0,0,0,0,0,3.1404000520706177,1,22,0,0,38,0,1,1,0,0,0
bfa,82080.0,2021,82.0,80,1,376.4876,542.5638,2,1,0,1,1,1,0,0,1,0,0,0,0,0,0,0,0,0,0,0,3.1173999905586243,1,10,0,0,0,0,1,1,0,0,0
bfa,83001.0,2021,83.0,1,2,613.648,568.44714,2,1,1,1,1,0,0,0,1,0,0,0,0,1,0,0,0,0,0,0,3.939600020647049,2,17,0,0,15,0,0,1,1,0,0
bfa,83006.0,2021,83.0,6,2,613.648,568.44714,2,1,1,1,1,0,0,0,1,0,0,0,0,0,0,0,0,0,0,0,2.6390000879764557,4,26,0,0,0,1,0,1,1,0,0
bfa,83009.0,2021,83.0,9,2,613.648,568.44714,2,1,1,1,1,1,0,0,1,0,0,0,0,1,0,0,0,0,0,0,3.3667000234127045,3,16,0,0,15,0,0,1,0,0,0
bfa,83012.0,2021,83.0,12,2,613.648,568.44714,2,1,1,0,1,1,0,0,0,0,0,0,0,0,0,0,0,0,0,0,2.197999984025955,0,23,0,0,30,1,1,1,0,0,0
bfa,83016.0,2021,83.0,16,2,613.648,568.44714,2,1,1,1,0,1,0,0,1,0,0,0,0,1,0,0,0,0,0,0,1.6470999717712402,0,10,0,0,25,0,1,1,0,0,0
bfa,83055.0,2021,83.0,55,2,613.648,568.44714,2,1,1,0,1,1,0,0,0,0,0,0,0,0,0,0,0,0,0,0,1.4374000132083893,0,12,0,0,15,1,1,1,0,0,0
bfa,84059.0,2021,84.0,59,2,335.35388,531.53125,2,1,1,1,1,1,0,0,0,0,0,0,0,0,0,0,0,0,0,0,0.06989999860525131,0,13,0,0,0,1,0,1,0,0,0
bfa,84064.0,2021,84.0,64,2,335.35388,531.53125,1,1,1,1,1,1,0,0,1,0,0,0,0,0,0,0,0,0,0,0,2.7689924240112305,1,25,0,0,0,1,1,1,0,0,0
bfa,84079.0,2021,84.0,79,2,335.35388,531.53125,2,1,1,1,1,1,0,0,1,0,0,0,0,1,0,0,0,0,0,0,0.8600582778453827,0,21,0,0,18,0,1,1,1,0,0
bfa,84083.0,2021,84.0,83,2,335.35388,531.53125,2,1,1,1,1,1,0,0,1,0,0,0,0,0,0,0,0,0,0,0,,0,0,0,0,0,0,0,1,0,0,0
bfa,84087.0,2021,84.0,87,2,335.35388,531.53125,2,1,1,1,1,1,0,0,1,0,0,0,0,1,0,0,0,0,0,0,,0,0,0,0,0,1,0,1,0,0,0
bfa,84094.0,2021,84.0,94,2,335.35388,531.53125,1,1,1,1,1,1,0,0,1,0,0,0,0,1,0,0,0,0,0,0,,0,3,0,0,5,0,0,1,0,0,0
bfa,85015.0,2021,85.0,15,1,494.48685,762.39307,2,1,1,1,1,0,0,0,1,0,0,0,0,0,0,0,0,0,0,0,1.7182609140872955,4,2,0,0,250,1,1,1,0,0,0
bfa,85019.0,2021,85.0,19,1,494.48685,762.39307,2,1,1,1,1,1,0,0,1,0,0,0,0,1,0,0,0,0,0,0,1.4375141859054565,3,10,2,0,0,0,1,1,0,0,0
bfa,85038.0,2021,85.0,38,1,494.48685,762.39307,2,1,1,1,1,0,0,0,1,0,0,0,0,0,0,0,0,0,0,0,,0,3,0,0,0,0,0,1,0,0,0
bfa,85046.0,2021,85.0,46,1,494.48685,762.39307,1,1,1,1,0,1,1,1,0,1,0,0,0,1,0,1,0,0,1,0,,0,0,0,0,0,0,0,1,0,0,0
bfa,85051.0,2021,85.0,51,1,494.48685,762.39307,2,1,1,1,1,0,0,0,1,0,0,0,0,1,0,0,0,0,0,0,0.6567864567041397,0,0,0,0,42,0,0,1,0,0,0
bfa,85078.0,2021,85.0,78,1,494.48685,762.39307,1,1,1,1,1,0,0,0,1,0,0,0,0,1,0,0,0,0,0,0,1.6841804385185242,0,4,0,0,20,0,1,1,0,0,0
bfa,86022.0,2021,86.0,22,1,585.83435,707.79535,2,1,1,1,1,1,0,0,1,0,0,0,0,0,0,0,0,0,0,0,4.103879272937775,17,30,0,0,100,0,1,1,0,0,0
bfa,86035.0,2021,86.0,35,1,585.83435,707.79535,2,1,1,1,1,1,0,0,1,0,1,0,0,1,0,0,0,0,0,0,1.1033000200986862,2,11,3,0,66,1,0,1,1,0,0
bfa,86096.0,2021,86.0,96,1,585.83435,707.79535,4,1,1,1,1,0,0,0,1,0,0,0,0,0,0,0,0,0,0,0,3.205916702747345,0,8,0,0,32,0,1,0,1,0,0
bfa,86115.0,2021,86.0,115,1,585.83435,707.79535,2,1,1,1,1,1,0,0,1,0,1,0,0,0,0,0,0,0,0,0,1.5419361591339111,1,10,0,0,15,0,0,0,0,0,0
bfa,86128.0,2021,86.0,128,1,585.83435,707.79535,2,1,1,1,1,1,0,0,0,0,0,0,0,0,0,0,0,0,0,0,0.9847187846899033,0,6,0,0,15,1,1,1,0,0,0
bfa,86151.0,2021,86.0,151,1,585.83435,707.79535,2,1,0,1,1,1,0,0,1,0,0,0,0,1,0,0,0,0,1,0,2.0935988426208496,1,9,0,0,38,1,1,1,1,0,0
bfa,87001.0,2021,87.0,1,2,669.81476,816.7725,2,1,1,1,1,1,0,0,1,0,1,1,0,1,0,0,0,0,0,1,1.1123840510845184,1,15,0,0,30,0,0,0,1,0,0
bfa,87022.0,2021,87.0,22,2,669.81476,816.7725,2,1,1,1,1,1,0,0,1,0,0,1,0,1,0,0,0,0,0,0,0.3437593877315521,0,29,0,0,25,0,1,1,1,0,0
bfa,87148.0,2021,87.0,148,2,669.81476,816.7725,2,1,1,1,1,1,0,0,0,0,0,0,0,0,0,0,0,0,0,0,,0,5,0,0,0,0,0,0,0,0,0
bfa,87157.0,2021,87.0,157,2,669.81476,816.7725,2,1,1,1,1,1,0,0,1,0,0,1,0,1,0,0,0,0,0,0,,0,0,0,0,0,0,0,1,0,0,0
bfa,87162.0,2021,87.0,162,2,669.81476,816.7725,2,1,1,1,1,1,0,0,0,0,0,0,0,0,0,0,0,0,0,0,,0,0,0,0,0,0,0,1,0,0,0
bfa,87253.0,2021,87.0,253,2,669.81476,816.7725,2,1,1,1,1,1,0,0,1,0,0,0,0,0,0,0,0,0,0,0,0.8614608645439148,0,0,0,0,0,0,1,1,0,0,0
bfa,88227.0,2021,88.0,227,2,1677.8583,1113.8784,2,1,1,1,1,1,0,0,0,0,0,1,0,0,0,0,0,0,0,0,,0,0,0,0,0,0,0,1,1,0,0
bfa,88345.0,2021,88.0,345,2,1677.8583,1113.8784,2,1,1,1,1,1,0,0,1,0,0,1,0,0,0,0,0,0,0,0,,0,0,0,0,0,1,0,0,0,0,0
bfa,88360.0,2021,88.0,360,2,1677.8583,1113.8784,2,1,1,1,1,1,0,0,0,0,0,0,0,1,0,0,0,0,0,0,,0,0,0,0,0,0,0,1,0,0,0
bfa,88365.0,2021,88.0,365,2,1677.8583,1113.8784,2,1,1,1,1,1,0,0,1,0,1,0,0,1,0,0,0,0,0,0,,0,0,0,0,0,0,0,1,0,0,0
bfa,88368.0,2021,88.0,368,2,1677.8583,1113.8784,2,1,1,1,1,1,0,0,1,0,0,0,0,1,0,0,0,0,0,0,,0,0,0,0,0,1,0,1,0,0,0
bfa,88449.0,2021,88.0,449,2,1677.8583,1113.8784,2,1,1,1,1,1,0,0,0,0,0,0,0,0,0,0,0,0,0,0,1.7120178937911987,0,0,0,0,0,0,1,1,0,0,0
bfa,89001.0,2021,89.0,1,2,712.6456,969.6379,2,1,1,1,1,1,0,0,1,0,0,0,0,0,0,0,0,0,0,0,,0,0,0,0,0,0,0,1,0,0,0
bfa,89003.0,2021,89.0,3,2,712.6456,969.6379,4,1,1,1,1,1,0,0,1,0,0,0,0,1,0,0,0,0,0,0,,0,0,0,0,0,0,0,1,1,0,0
bfa,89004.0,2021,89.0,4,2,712.6456,969.6379,2,1,1,1,1,1,0,0,1,1,0,0,0,1,0,0,0,0,0,0,,0,0,0,0,0,0,0,1,1,0,0
bfa,89096.0,2021,89.0,96,2,712.6456,969.6379,2,1,1,1,1,1,0,0,1,0,0,0,0,0,0,0,0,0,0,0,,0,0,0,0,0,1,0,1,0,0,0
bfa,89097.0,2021,89.0,97,2,712.6456,969.6379,2,1,1,1,0,0,1,1,0,1,1,1,0,1,0,1,0,0,1,1,,0,0,0,0,0,0,0,1,0,0,0
bfa,89099.0,2021,89.0,99,2,712.6456,969.6379,2,1,1,1,1,1,0,0,1,0,0,0,0,0,0,0,0,0,0,0,0.8578233122825623,0,0,0,0,0,0,0,1,0,0,0
bfa,90126.0,2021,90.0,126,1,776.49255,520.9199,1,1,1,1,1,1,1,1,0,0,1,1,0,1,0,0,0,0,0,0,,0,0,0,0,0,1,0,1,0,0,0
bfa,90208.0,2021,90.0,208,1,776.49255,520.9199,3,1,1,1,1,1,0,0,1,1,1,0,1,1,1,1,1,0,1,0,,0,0,0,0,22,0,0,0,0,0,0
bfa,90228.0,2021,90.0,228,1,776.49255,520.9199,1,1,1,1,1,1,1,1,0,1,1,1,0,1,0,0,0,0,0,0,,2,2,5,0,0,0,0,1,0,0,0
bfa,90230.0,2021,90.0,230,1,776.49255,520.9199,1,1,1,1,1,1,1,1,0,1,1,0,0,1,0,1,1,0,0,1,,0,0,0,0,0,1,0,1,0,0,0
bfa,90242.0,2021,90.0,242,1,776.49255,520.9199,1,1,1,1,1,1,1,1,0,1,1,1,1,1,0,1,1,0,1,1,,0,0,0,0,0,0,0,1,1,0,0
bfa,90248.0,2021,90.0,248,1,776.49255,520.9199,1,1,1,1,1,1,1,1,0,0,0,1,0,1,0,0,0,0,0,0,1.6436702609062195,0,4,0,0,80,0,0,1,1,0,0
bfa,91003.0,2021,91.0,3,1,321.69943,366.3207,2,1,1,1,1,1,0,0,1,0,0,0,0,0,0,0,0,0,0,0,0.7511000037193298,2,7,0,0,60,0,1,1,1,0,0
bfa,91053.0,2021,91.0,53,1,321.69943,366.3207,2,1,1,1,1,1,0,0,1,0,0,0,0,0,0,0,0,0,0,0,2.3587000370025635,7,10,0,0,5,0,1,0,0,0,0
bfa,91070.0,2021,91.0,70,1,321.69943,366.3207,2,1,1,1,1,1,0,0,1,0,0,0,0,1,0,0,0,0,0,0,1.3260999917984009,0,6,0,0,0,0,1,1,0,0,0
bfa,91084.0,2021,91.0,84,1,321.69943,366.3207,2,1,1,1,1,1,0,0,1,0,0,0,0,0,0,0,0,0,0,0,0.7692999988794327,2,11,0,0,20,1,1,0,1,0,0
bfa,91099.0,2021,91.0,99,1,321.69943,366.3207,2,1,1,1,1,1,0,0,1,0,0,0,0,0,0,0,0,0,0,0,3.496003031730652,1,6,0,0,15,0,1,1,0,0,0
bfa,91125.0,2021,91.0,125,1,321.69943,366.3207,2,1,1,1,1,1,0,0,1,0,0,0,0,0,0,0,0,0,0,0,1.3665999993681908,2,6,0,0,10,0,1,1,0,0,0
bfa,92004.0,2021,92.0,4,1,497.49203,1300.7968,2,1,0,0,1,1,0,0,0,0,0,0,0,0,0,0,0,0,0,0,4.0226998925209045,0,14,0,0,20,1,1,1,1,0,0
bfa,92005.0,2021,92.0,5,1,497.49203,1300.7968,4,0,0,0,1,1,0,0,0,0,0,0,0,0,0,0,0,0,0,0,1.4970000460743904,0,3,0,0,10,0,1,0,0,0,0
bfa,92022.0,2021,92.0,22,1,497.49203,1300.7968,1,1,1,1,1,1,0,0,0,0,0,0,0,0,0,0,0,0,0,0,9.180899918079376,15,20,0,0,10,1,1,0,0,0,0
bfa,92023.0,2021,92.0,23,1,497.49203,1300.7968,2,1,1,1,1,1,0,0,0,0,0,0,0,0,0,0,0,0,0,0,1.0312452614307404,0,18,0,0,0,0,1,1,0,0,0
bfa,92053.0,2021,92.0,53,1,497.49203,1300.7968,2,0,0,1,1,1,0,0,0,0,0,0,0,0,0,0,0,0,0,0,4.440601423382759,3,17,0,0,20,0,1,1,0,0,0
bfa,92056.0,2021,92.0,56,1,497.49203,1300.7968,2,0,0,0,1,1,0,0,0,0,0,0,0,0,0,0,0,0,0,0,3.9923335313796997,2,27,0,0,33,1,1,0,0,0,0
bfa,93009.0,2021,93.0,9,1,786.7869,1136.3201,1,1,1,1,1,1,0,0,0,0,0,0,0,0,0,0,0,0,0,0,0.9883000254631042,1,3,0,0,8,0,1,0,0,1,0
bfa,93025.0,2021,93.0,25,1,786.7869,1136.3201,1,1,1,1,1,1,0,0,1,0,1,1,0,0,0,0,0,0,0,0,3.8093956112861633,4,0,5,0,10,0,1,1,0,0,0
bfa,93037.0,2021,93.0,37,1,786.7869,1136.3201,1,1,1,1,1,1,0,0,0,0,0,0,0,0,0,0,0,0,0,0,1.7658993005752563,1,6,2,0,10,1,1,1,0,1,0
bfa,93051.0,2021,93.0,51,1,786.7869,1136.3201,2,1,0,0,1,1,0,0,0,0,1,1,0,0,0,0,0,0,0,0,4.691820383071899,0,2,0,0,0,0,1,0,0,0,0
bfa,93060.0,2021,93.0,60,1,786.7869,1136.3201,4,1,1,1,1,1,0,0,0,0,0,0,0,1,0,1,0,0,1,0,0.9544135928153992,0,24,0,0,39,1,1,1,0,0,0
bfa,93103.0,2021,93.0,103,1,786.7869,1136.3201,4,0,1,1,1,1,0,0,1,0,0,0,0,1,0,0,0,0,1,0,0.8942999839782715,2,4,0,0,10,1,1,0,0,0,0
bfa,94023.0,2021,94.0,23,1,628.05554,863.5062,1,1,1,1,0,0,0,0,0,0,0,0,0,0,0,0,0,0,0,0,9.47993141412735,0,15,0,0,20,0,1,0,0,0,0
bfa,94034.0,2021,94.0,34,1,628.05554,863.5062,4,1,0,1,1,1,0,0,0,0,0,0,0,0,0,0,0,0,0,0,1.3674000427126884,0,7,0,0,0,0,0,1,1,0,0
bfa,94035.0,2021,94.0,35,1,628.05554,863.5062,4,1,0,1,1,1,0,0,0,0,0,0,0,0,0,0,0,0,0,0,2.2570250630378723,0,0,0,0,0,0,1,1,0,0,0
bfa,94036.0,2021,94.0,36,1,628.05554,863.5062,2,0,0,0,1,1,0,0,0,1,0,0,0,0,0,0,0,0,0,0,3.449047327041626,0,3,0,0,6,1,0,0,0,0,0
bfa,94065.0,2021,94.0,65,1,628.05554,863.5062,2,1,1,0,1,1,0,0,1,0,0,0,0,0,0,0,0,0,0,0,4.901670455932617,2,0,0,0,0,1,1,1,0,0,0
bfa,94072.0,2021,94.0,72,1,628.05554,863.5062,2,1,0,0,1,1,0,0,0,0,1,0,0,0,0,0,0,0,0,0,4.015799969434738,6,13,0,0,35,0,0,1,0,0,0
bfa,95032.0,2021,95.0,32,2,876.9937,556.2174,2,0,1,1,1,1,0,0,0,1,0,0,0,0,0,0,0,0,0,0,1.350299596786499,0,4,0,0,7,1,1,0,0,0,0
bfa,95088.0,2021,95.0,88,2,876.9937,556.2174,2,1,1,1,1,1,0,0,1,0,0,0,0,0,0,0,0,0,0,0,4.085239887237549,0,25,0,0,0,0,1,1,0,0,0
bfa,95096.0,2021,95.0,96,2,876.9937,556.2174,2,1,1,1,1,1,0,0,0,1,0,0,0,0,0,0,0,0,0,0,0.564069926738739,0,2,0,0,20,0,1,0,0,0,0
bfa,95176.0,2021,95.0,176,2,876.9937,556.2174,2,1,1,1,1,1,0,0,0,1,1,0,0,0,0,0,0,0,0,0,,0,0,17,0,0,1,0,1,0,0,0
bfa,95253.0,2021,95.0,253,2,876.9937,556.2174,4,1,1,1,1,1,0,0,1,0,0,0,0,1,0,0,0,0,0,0,1.8941999673843384,4,16,3,0,20,1,1,1,0,0,0
bfa,95269.0,2021,95.0,269,2,876.9937,556.2174,4,1,0,0,1,1,0,0,1,0,0,0,0,0,0,0,0,0,0,0,1.118499994277954,0,4,0,0,25,0,1,1,0,0,0
bfa,96040.0,2021,96.0,40,1,1151.9833,793.2495,1,0,1,1,1,1,1,1,0,0,0,1,0,1,0,1,0,0,1,0,,0,0,0,0,0,0,0,0,0,0,0
bfa,96099.0,2021,96.0,99,1,1151.9833,793.2495,1,1,1,1,1,1,1,1,0,1,1,1,0,1,1,1,1,1,1,1,,0,0,0,0,0,1,0,1,1,1,0
bfa,96119.0,2021,96.0,119,1,1151.9833,793.2495,1,1,1,1,1,1,1,1,0,0,0,0,0,0,0,0,0,0,0,0,1.514158308506012,0,3,0,0,0,0,1,1,0,0,0
bfa,96121.0,2021,96.0,121,1,1151.9833,793.2495,1,1,1,0,1,1,0,0,1,1,0,0,0,0,0,0,1,0,0,0,0.9356186389923096,0,0,0,0,8,0,1,0,0,1,0
bfa,96127.0,2021,96.0,127,1,1151.9833,793.2495,4,1,1,1,1,1,0,0,1,0,0,0,0,0,0,0,0,0,0,0,1.3065794706344604,0,0,0,0,15,1,1,1,0,0,0
bfa,96211.0,2021,96.0,211,1,1151.9833,793.2495,4,1,1,1,1,1,0,0,1,0,0,0,0,1,0,0,0,0,0,0,0.8077805638313293,0,4,5,0,4,0,1,1,1,0,0
bfa,97012.0,2021,97.0,12,1,623.79645,949.9106,2,1,1,1,1,1,0,0,0,1,0,1,0,0,0,0,0,0,0,0,1.8812093138694763,0,10,0,0,0,0,0,0,0,0,0
bfa,97049.0,2021,97.0,49,1,623.79645,949.9106,2,1,1,1,1,1,0,0,0,0,0,0,0,0,0,0,0,0,0,0,2.3781464099884033,0,7,0,0,0,1,0,0,1,1,0
bfa,97057.0,2021,97.0,57,1,623.79645,949.9106,2,1,1,1,1,1,0,0,1,0,0,0,0,0,0,0,0,0,0,0,1.5990718603134155,3,5,5,0,7,0,1,1,0,0,0
bfa,97070.0,2021,97.0,70,1,623.79645,949.9106,2,1,1,1,1,1,0,0,1,0,0,0,0,1,0,0,0,0,0,1,3.16025173664093,0,0,0,0,0,0,1,0,0,0,0
bfa,97078.0,2021,97.0,78,1,623.79645,949.9106,4,1,1,0,1,1,0,0,1,0,0,0,0,0,0,0,0,0,0,0,0.49790459871292114,0,3,0,0,0,0,1,1,0,0,0
bfa,97100.0,2021,97.0,100,1,623.79645,949.9106,4,0,0,0,1,0,0,0,1,0,0,0,0,0,0,0,0,0,0,0,1.8318000100553036,0,10,0,0,20,1,1,1,0,0,0
bfa,98001.0,2021,98.0,1,2,509.62418,332.9016,1,1,1,1,1,1,1,1,0,1,1,0,0,1,1,1,1,1,1,1,0.9862273335456848,0,0,0,0,0,0,0,0,0,0,0
bfa,98018.0,2021,98.0,18,2,509.62418,332.9016,1,1,1,1,1,1,1,1,0,0,1,0,0,1,0,0,0,0,0,0,,0,0,0,0,0,0,0,0,0,0,0
bfa,98020.0,2021,98.0,20,2,509.62418,332.9016,1,1,1,1,1,1,1,1,0,1,1,0,0,0,0,0,0,0,0,0,,0,0,0,0,0,0,0,1,1,0,0
bfa,98037.0,2021,98.0,37,2,509.62418,332.9016,1,1,1,1,1,1,1,1,0,0,1,0,0,1,0,0,0,0,1,0,0.9988458156585693,8,20,0,0,0,0,1,0,0,0,0
bfa,98092.0,2021,98.0,92,2,509.62418,332.9016,4,1,1,1,1,1,1,1,0,0,0,0,0,1,0,0,0,0,0,0,,0,0,0,0,0,0,0,1,1,0,0
bfa,98093.0,2021,98.0,93,2,509.62418,332.9016,1,1,1,1,1,1,1,1,0,0,1,1,0,1,0,0,0,0,0,1,,0,0,0,0,0,0,1,1,0,0,0
bfa,99011.0,2021,99.0,11,2,719.65076,391.22183,1,1,1,1,1,1,1,1,0,0,0,0,0,1,0,0,0,0,0,0,,0,0,0,0,0,0,1,1,1,0,0
bfa,99040.0,2021,99.0,40,2,719.65076,391.22183,2,1,1,1,1,1,0,0,1,0,0,0,0,1,0,0,0,0,0,0,,0,0,0,0,0,0,1,1,0,0,0
bfa,99063.0,2021,99.0,63,2,719.65076,391.22183,1,1,1,1,1,1,1,1,0,0,0,0,0,0,0,0,0,0,0,0,0.33170536160469055,0,4,0,0,0,0,1,0,1,0,0
bfa,99070.0,2021,99.0,70,2,719.65076,391.22183,1,1,1,1,1,1,1,1,0,0,0,0,0,1,0,0,0,0,0,0,,0,0,0,0,0,0,0,0,0,0,0
bfa,99074.0,2021,99.0,74,2,719.65076,391.22183,1,1,1,1,1,1,1,1,0,0,1,0,0,0,0,0,0,0,0,0,0.9649297595024109,0,0,0,0,0,0,1,0,1,0,0
bfa,99076.0,2021,99.0,76,2,719.65076,391.22183,1,1,1,1,1,1,1,1,0,0,1,0,0,0,0,0,0,0,0,0,,0,0,0,0,0,1,0,0,0,0,0
bfa,100026.0,2021,100.0,26,2,506.07474,458.5268,1,1,1,1,1,1,1,1,0,1,1,0,0,1,0,1,0,0,0,0,,0,0,0,0,0,0,0,1,1,0,0
bfa,100046.0,2021,100.0,46,2,506.07474,458.5268,1,1,1,1,1,1,1,1,0,1,1,0,0,0,0,0,0,0,0,0,0.5787392854690552,5,10,0,0,0,1,0,0,0,0,0
bfa,100047.0,2021,100.0,47,2,506.07474,458.5268,4,1,1,1,1,1,0,1,0,0,0,0,0,1,0,0,0,0,0,0,,0,0,0,0,0,0,0,1,0,0,0
bfa,100048.0,2021,100.0,48,2,506.07474,458.5268,1,1,1,1,1,1,1,1,0,0,0,0,0,0,0,0,0,0,0,0,,0,0,0,0,0,1,0,0,0,0,0
bfa,100055.0,2021,100.0,55,2,506.07474,458.5268,1,1,1,1,1,1,0,0,0,0,1,0,0,1,0,0,1,0,0,1,0.9880211353302002,0,0,0,0,0,0,0,0,1,0,0
bfa,100082.0,2021,100.0,82,2,506.07474,458.5268,1,1,1,1,1,1,1,1,0,0,0,0,0,0,0,0,0,0,0,0,1.9439641237258911,0,0,0,0,0,0,0,0,0,0,0
bfa,101051.0,2021,101.0,51,1,721.46216,440.03665,3,1,1,1,1,1,1,1,0,0,1,1,0,0,0,0,0,0,0,0,,0,0,0,0,0,1,0,0,1,0,0
bfa,101072.0,2021,101.0,72,1,721.46216,440.03665,4,1,1,1,1,1,0,0,1,0,0,0,0,0,0,0,0,0,0,0,,0,2,0,0,0,0,1,0,0,0,0
bfa,101116.0,2021,101.0,116,1,721.46216,440.03665,1,1,1,1,1,1,1,1,0,0,1,0,0,1,0,0,0,0,0,0,,0,0,0,0,0,0,0,1,0,0,0
bfa,101120.0,2021,101.0,120,1,721.46216,440.03665,1,1,1,1,1,1,1,1,0,0,1,0,0,0,0,0,0,0,0,0,,0,0,0,0,0,0,0,1,0,0,0
bfa,101150.0,2021,101.0,150,1,721.46216,440.03665,1,1,1,1,1,1,0,0,1,0,0,0,0,0,0,0,0,0,0,0,,0,0,0,0,0,0,0,0,0,0,0
bfa,101249.0,2021,101.0,249,1,721.46216,440.03665,4,1,1,1,1,1,0,0,0,0,1,1,0,0,0,0,0,0,0,0,,0,0,0,0,0,1,0,1,0,0,0
bfa,102012.0,2021,102.0,12,1,366.56366,265.69873,1,1,1,1,1,1,1,1,0,0,1,1,0,0,0,0,1,0,0,0,,0,0,0,0,0,1,0,0,0,0,0
bfa,102077.0,2021,102.0,77,1,366.56366,265.69873,1,1,1,1,1,1,1,1,0,0,0,1,0,1,0,0,0,0,0,0,,0,0,0,0,0,0,0,0,1,0,0
bfa,102080.0,2021,102.0,80,1,366.56366,265.69873,1,1,1,1,1,1,1,1,0,1,1,0,0,1,0,1,1,0,1,0,0.8541753888130188,0,0,0,0,0,1,0,0,0,0,0
bfa,102095.0,2021,102.0,95,1,366.56366,265.69873,1,1,1,1,1,1,1,1,0,0,0,1,0,0,0,0,0,0,0,0,0.3383104205131531,0,7,0,0,0,0,1,0,0,0,0
bfa,102097.0,2021,102.0,97,1,366.56366,265.69873,1,1,1,1,1,1,1,1,0,1,1,1,0,1,1,1,1,1,1,0,,0,0,0,0,0,0,1,0,0,0,0
bfa,102105.0,2021,102.0,105,1,366.56366,265.69873,4,1,1,1,1,1,0,0,1,0,0,0,0,0,0,0,0,0,0,0,,0,0,0,0,0,1,0,0,0,0,0
bfa,103001.0,2021,103.0,1,2,71.81898,149.89117,1,1,1,1,1,1,1,1,0,0,1,0,0,1,0,0,0,0,0,0,4.733310103416443,3,6,0,0,0,1,1,0,0,0,0
bfa,103042.0,2021,103.0,42,2,71.81898,149.89117,1,1,1,1,1,1,0,0,1,0,0,0,0,1,0,0,0,0,0,0,0.8232999742031097,0,0,0,0,0,1,1,1,0,0,0
bfa,103047.0,2021,103.0,47,2,71.81898,149.89117,1,1,1,1,1,1,0,0,1,0,0,0,0,0,0,0,0,0,0,0,2.5120000019669533,0,0,0,0,42,1,0,0,0,0,0
bfa,103059.0,2021,103.0,59,2,71.81898,149.89117,1,1,1,1,1,1,1,1,0,0,0,0,0,1,0,0,0,0,0,0,,0,7,0,3,20,0,1,1,1,0,0
bfa,103061.0,2021,103.0,61,2,71.81898,149.89117,1,1,1,1,1,1,1,1,0,0,0,0,0,0,0,0,0,0,0,0,2.622051790356636,0,2,0,0,10,0,0,0,0,0,0
bfa,103068.0,2021,103.0,68,2,71.81898,149.89117,1,0,1,0,1,1,1,1,0,0,0,0,0,1,0,0,0,0,0,0,1.6174000203609467,4,8,0,0,8,1,1,1,1,0,0
bfa,104001.0,2021,104.0,1,2,154.10277,339.5715,1,0,1,1,1,1,0,0,1,0,0,0,0,0,0,0,0,0,0,0,1.0389999821782112,0,4,3,0,14,1,1,1,0,0,0
bfa,104017.0,2021,104.0,17,2,154.10277,339.5715,2,1,1,1,1,1,0,0,1,0,0,0,0,1,0,0,0,0,1,0,1.7980000153183937,1,8,0,0,17,1,0,0,0,0,0
bfa,104022.0,2021,104.0,22,2,154.10277,339.5715,1,1,1,1,1,1,0,0,0,0,0,0,0,0,0,0,0,0,0,0,2.6999410688877106,0,10,0,0,20,0,1,1,0,0,0
bfa,104026.0,2021,104.0,26,2,154.10277,339.5715,2,1,1,1,1,1,0,0,1,0,0,0,0,0,0,0,0,0,0,0,5.6774000227451324,0,15,0,0,35,0,1,1,1,0,0
bfa,104032.0,2021,104.0,32,2,154.10277,339.5715,2,1,1,1,1,1,0,0,1,0,0,0,0,0,0,0,0,0,0,0,3.3210000544786453,18,56,0,0,14,1,0,0,0,0,0
bfa,104055.0,2021,104.0,55,2,154.10277,339.5715,1,1,1,1,1,1,1,1,0,0,1,0,0,1,0,0,0,0,1,0,0.6802200227975845,0,9,3,0,15,0,1,0,0,0,0
bfa,105005.0,2021,105.0,5,1,96.4364,259.72394,1,1,1,1,1,1,0,0,1,0,1,1,0,0,0,0,0,0,0,0,0.1883089393377304,0,5,0,0,20,0,1,1,1,0,0
bfa,105044.0,2021,105.0,44,1,96.4364,259.72394,1,1,1,1,1,1,0,0,1,0,0,1,0,0,0,0,0,0,0,0,0.42883045971393585,0,5,0,0,0,0,1,1,0,0,0
bfa,105046.0,2021,105.0,46,1,96.4364,259.72394,3,1,1,1,1,1,1,1,0,0,0,1,0,1,0,1,1,1,1,0,,0,0,0,0,0,0,0,1,0,0,0
bfa,105061.0,2021,105.0,61,1,96.4364,259.72394,4,1,0,1,1,1,0,0,0,0,0,1,0,0,0,0,0,0,0,0,0.3616941198706627,0,6,0,0,0,0,1,1,0,0,0
bfa,105063.0,2021,105.0,63,1,96.4364,259.72394,1,1,0,1,1,1,0,0,0,0,0,1,0,0,0,0,0,0,0,0,1.679490327835083,0,0,0,0,0,1,1,1,0,0,0
bfa,105065.0,2021,105.0,65,1,96.4364,259.72394,1,1,1,1,1,1,0,0,1,0,0,1,0,0,0,0,0,0,0,0,1.4231720715761185,0,0,0,0,0,0,1,1,0,0,0
bfa,106057.0,2021,106.0,57,1,1991.7438,2342.43,2,0,1,1,1,1,0,0,0,0,0,0,0,0,0,0,0,0,0,0,0.7678999826312065,0,9,0,0,30,0,1,1,0,0,0
bfa,106068.0,2021,106.0,68,1,1991.7438,2342.43,2,1,1,1,0,0,0,0,0,0,0,0,0,0,0,0,0,0,0,0,1.5092000514268875,5,25,0,0,31,0,1,1,0,0,0
bfa,106097.0,2021,106.0,97,1,1991.7438,2342.43,4,0,0,0,1,1,0,0,0,0,0,0,0,0,0,0,0,0,0,0,0.8711000084877014,0,0,0,0,0,0,1,1,0,0,0
bfa,106099.0,2021,106.0,99,1,1991.7438,2342.43,2,0,1,0,1,1,0,0,0,0,0,0,0,0,0,0,0,0,0,0,2.970899999141693,0,0,0,0,0,1,1,0,0,0,0
bfa,106100.0,2021,106.0,100,1,1991.7438,2342.43,1,1,1,1,1,1,0,0,0,0,0,0,0,0,0,0,0,0,0,0,2.7918265238404274,0,7,2,0,0,0,1,1,0,0,0
bfa,106106.0,2021,106.0,106,1,1991.7438,2342.43,1,1,1,1,1,1,0,0,1,0,0,0,0,0,0,0,0,0,0,0,1.9716999530792236,6,12,0,0,55,1,1,1,0,0,0
bfa,107020.0,2021,107.0,20,1,1729.6722,3929.5088,2,1,0,0,1,1,0,0,1,0,0,0,0,0,0,0,0,0,0,0,3.963600032031536,0,22,0,0,46,0,1,1,0,0,0
bfa,107023.0,2021,107.0,23,1,1729.6722,3929.5088,2,1,1,0,0,0,0,0,0,0,0,0,0,0,0,0,0,0,0,0,2.9048727601766586,0,5,0,0,6,1,1,1,1,0,0
bfa,107031.0,2021,107.0,31,1,1729.6722,3929.5088,2,1,1,1,1,1,0,0,1,0,0,1,0,0,0,0,0,0,0,0,5.872499946504831,0,25,0,0,25,1,1,1,0,0,0
bfa,107043.0,2021,107.0,43,1,1729.6722,3929.5088,2,1,0,0,0,0,0,0,0,0,0,0,0,0,0,0,0,0,0,0,5.8410564959049225,13,14,0,0,26,0,1,0,1,0,0
bfa,107050.0,2021,107.0,50,1,1729.6722,3929.5088,1,1,1,1,0,0,0,0,0,0,0,0,0,0,0,0,0,0,0,0,4.053845077753067,6,16,0,0,32,0,1,1,0,0,0
bfa,108055.0,2021,108.0,55,1,3932.9663,157.29541,1,1,1,1,1,1,1,0,1,1,0,1,0,1,0,1,0,0,1,1,,0,0,0,0,0,0,0,1,0,0,0
bfa,108058.0,2021,108.0,58,1,3932.9663,157.29541,3,1,1,1,1,1,0,0,1,1,0,1,0,0,0,1,0,0,0,0,,0,0,0,0,0,0,1,0,1,0,0
bfa,108113.0,2021,108.0,113,1,3932.9663,157.29541,1,1,1,1,1,1,1,1,0,1,1,1,1,1,1,1,1,0,1,1,,0,0,0,0,5,0,0,1,1,0,0
bfa,108199.0,2021,108.0,199,1,3932.9663,157.29541,1,1,1,1,1,1,1,1,0,1,1,1,0,1,0,1,1,1,1,0,,0,0,0,0,0,1,0,1,1,0,0
bfa,109020.0,2021,109.0,20,1,1521.958,57.849564,1,1,1,1,1,1,1,0,1,1,1,1,0,1,0,1,1,1,1,0,,0,0,0,0,0,0,0,1,1,0,0
bfa,109061.0,2021,109.0,61,1,1521.958,57.849564,1,1,1,1,1,1,1,0,1,1,1,1,0,1,0,1,1,1,1,1,,0,0,0,0,0,1,0,1,0,0,0
bfa,109069.0,2021,109.0,69,1,1521.958,57.849564,1,1,1,1,1,1,1,1,0,1,1,1,0,1,0,1,1,0,1,0,,0,0,0,0,0,1,0,0,1,0,0
bfa,109101.0,2021,109.0,101,1,1521.958,57.849564,1,1,1,1,1,1,1,1,0,1,1,1,0,1,0,1,1,0,1,1,,0,0,0,0,0,1,0,1,1,0,0
bfa,109103.0,2021,109.0,103,1,1521.958,57.849564,1,1,1,1,1,1,1,1,0,1,1,1,0,1,1,1,1,1,0,1,,0,0,0,0,0,0,0,1,0,0,0
bfa,109175.0,2021,109.0,175,1,1521.958,57.849564,1,1,1,1,1,1,1,1,0,1,1,1,0,1,0,1,0,0,1,0,,0,0,0,0,0,0,0,1,0,0,0
bfa,110051.0,2021,110.0,51,2,960.41425,1877.1168,2,1,1,1,1,1,0,0,1,0,0,0,0,0,0,0,0,0,0,0,0.9148000031709671,0,10,0,0,15,0,0,1,0,0,0
bfa,110060.0,2021,110.0,60,2,960.41425,1877.1168,1,1,1,1,1,1,0,0,1,0,0,1,0,1,0,0,0,0,0,0,2.0776000320911407,0,13,1,0,15,0,0,1,0,0,0
bfa,110123.0,2021,110.0,123,2,960.41425,1877.1168,2,1,1,1,1,1,0,0,1,0,0,0,0,1,0,0,0,0,0,0,2.1753000020980835,4,14,14,0,30,0,0,1,0,0,0
bfa,110226.0,2021,110.0,226,2,960.41425,1877.1168,2,1,1,1,1,1,0,0,0,0,0,0,0,0,0,0,0,0,0,0,2.610300660133362,15,35,0,0,50,1,1,1,0,0,0
bfa,110230.0,2021,110.0,230,2,960.41425,1877.1168,2,1,1,1,1,1,0,0,0,0,0,0,0,0,0,0,0,0,0,0,1.171140417456627,9,44,0,0,35,1,1,1,0,0,0
bfa,110241.0,2021,110.0,241,2,960.41425,1877.1168,3,1,1,1,1,1,0,0,1,0,0,1,0,0,0,0,0,0,0,0,2.7984040677547455,17,26,0,0,31,0,0,1,0,0,0
bfa,111041.0,2021,111.0,41,1,910.0331,1100.7966,1,1,1,1,1,1,0,0,0,0,0,0,0,0,0,0,0,0,0,0,1.4384000226855278,0,5,0,0,20,0,0,1,0,0,0
bfa,111089.0,2021,111.0,89,1,910.0331,1100.7966,4,1,1,0,1,1,0,0,0,0,0,0,0,0,0,0,0,0,0,0,2.075770542025566,1,3,0,0,10,1,1,1,1,0,0
bfa,111103.0,2021,111.0,103,1,910.0331,1100.7966,1,1,1,1,1,1,0,0,0,0,0,0,0,0,0,0,0,0,0,0,1.1633999645709991,0,4,0,0,8,0,1,1,0,0,0
bfa,111108.0,2021,111.0,108,1,910.0331,1100.7966,2,1,1,1,1,1,0,0,0,0,0,0,0,0,0,0,0,0,0,0,0.8338000029325485,0,0,0,0,0,0,1,1,0,0,0
bfa,111110.0,2021,111.0,110,1,910.0331,1100.7966,2,1,1,1,1,1,0,0,0,0,0,0,0,0,0,0,0,0,0,0,0.3546000123023987,7,27,0,0,10,0,1,1,0,1,0
bfa,111174.0,2021,111.0,174,1,910.0331,1100.7966,2,1,1,1,1,1,0,0,1,0,0,0,0,1,0,0,0,0,0,0,2.374699980020523,0,32,0,0,14,1,1,1,1,1,0
bfa,112003.0,2021,112.0,3,2,1776.5804,1185.9827,2,1,1,1,1,1,0,0,0,0,0,0,0,0,0,0,0,0,0,0,3.189968079328537,0,23,0,0,10,0,1,1,0,0,0
bfa,112028.0,2021,112.0,28,2,1776.5804,1185.9827,2,1,0,1,1,1,0,0,0,0,0,0,0,0,0,0,0,0,0,0,3.887600064277649,0,7,0,0,10,0,1,1,0,0,0
bfa,112060.0,2021,112.0,60,2,1776.5804,1185.9827,2,1,1,0,1,1,0,0,1,0,0,0,0,0,0,0,0,0,0,0,2.037599951028824,1,11,0,0,1,0,1,1,0,0,0
bfa,112068.0,2021,112.0,68,2,1776.5804,1185.9827,4,0,1,1,1,1,0,0,0,0,0,0,0,0,0,0,0,0,0,0,1.708499949425459,2,7,0,0,30,1,1,1,0,0,0
bfa,112092.0,2021,112.0,92,2,1776.5804,1185.9827,2,1,1,0,1,1,0,0,1,0,0,0,0,0,0,0,0,0,0,0,3.245490089058876,5,35,0,0,18,0,1,1,0,0,0
bfa,112095.0,2021,112.0,95,2,1776.5804,1185.9827,4,0,1,0,1,1,0,0,0,0,0,0,0,0,0,0,0,0,0,0,4.841273084282875,0,5,0,0,0,1,1,1,0,0,0
bfa,113001.0,2021,113.0,1,2,2101.9202,1679.3726,2,1,1,1,0,0,0,0,0,0,0,0,0,0,0,0,0,0,0,0,0.9666000008583069,0,3,0,0,10,0,1,1,0,0,0
bfa,113017.0,2021,113.0,17,2,2101.9202,1679.3726,2,1,1,1,0,0,0,0,1,0,0,0,0,1,0,0,0,0,0,0,1.5799691677093506,0,0,0,0,2,0,0,1,0,0,0
bfa,113046.0,2021,113.0,46,2,2101.9202,1679.3726,1,0,1,0,0,0,0,0,0,0,0,0,0,0,0,0,0,0,0,0,1.4084470123052597,0,0,0,0,0,1,1,1,0,0,0
bfa,113087.0,2021,113.0,87,2,2101.9202,1679.3726,2,0,1,1,0,0,0,0,1,0,0,0,0,1,0,0,0,0,0,0,1.7195070087909698,0,0,0,0,0,1,1,1,0,0,0
bfa,113122.0,2021,113.0,122,2,2101.9202,1679.3726,2,1,1,0,1,1,0,0,1,0,0,0,0,0,0,0,0,0,0,0,1.2355999946594238,0,12,0,0,8,0,1,1,0,0,0
bfa,113150.0,2021,113.0,150,2,2101.9202,1679.3726,2,1,1,0,1,1,0,0,1,0,0,0,0,0,0,0,0,0,0,0,4.0459501296281815,2,25,0,0,8,0,1,1,0,0,0
bfa,114001.0,2021,114.0,1,1,1991.7388,1326.3701,1,1,1,0,0,0,0,0,1,0,0,0,0,0,0,0,0,0,0,0,6.386498615145683,3,8,0,0,20,1,1,1,1,1,0
bfa,114018.0,2021,114.0,18,1,1991.7388,1326.3701,2,1,1,0,0,0,0,0,0,0,0,0,0,0,0,0,0,0,0,0,0.6414514183998108,2,0,0,0,10,1,1,1,0,0,0
bfa,114038.0,2021,114.0,38,1,1991.7388,1326.3701,2,0,1,0,0,0,0,0,0,0,0,0,0,0,0,0,0,0,0,0,2.735612392425537,0,2,0,0,6,0,1,1,0,0,0
bfa,114047.0,2021,114.0,47,1,1991.7388,1326.3701,2,1,1,0,1,0,0,0,0,0,0,0,0,0,0,0,0,0,0,0,0.979582667350769,0,3,7,0,2,0,1,1,0,0,0
bfa,114075.0,2021,114.0,75,1,1991.7388,1326.3701,2,1,1,1,1,1,0,0,0,0,1,1,0,0,0,0,0,0,0,0,2.2648250460624695,3,3,0,0,14,1,1,1,1,0,0
bfa,114136.0,2021,114.0,136,1,1991.7388,1326.3701,2,0,1,0,0,0,0,0,0,0,0,0,0,0,0,0,0,0,0,0,3.6109792590141296,1,6,0,0,10,0,1,1,0,0,0
bfa,115010.0,2021,115.0,10,1,1175.3263,868.97284,2,1,1,1,1,1,0,0,1,0,0,0,0,0,0,0,0,0,0,0,0.0,4,14,0,0,7,0,1,1,0,0,0
bfa,115023.0,2021,115.0,23,1,1175.3263,868.97284,2,1,0,0,1,0,0,0,0,0,0,0,0,0,0,0,0,0,0,0,0.0,0,0,0,0,0,0,1,1,0,1,0
bfa,115030.0,2021,115.0,30,1,1175.3263,868.97284,2,0,0,0,0,0,0,0,1,0,0,0,0,0,0,0,0,0,0,0,0.0,2,3,0,0,0,0,1,1,0,1,0
bfa,115055.0,2021,115.0,55,1,1175.3263,868.97284,2,1,1,1,0,0,0,0,0,0,0,0,0,1,0,0,0,0,0,0,0.0,3,7,0,0,10,0,1,1,0,1,0
bfa,115059.0,2021,115.0,59,1,1175.3263,868.97284,2,1,0,0,1,0,0,0,0,0,0,0,0,0,0,0,0,0,0,0,0.8769334256649017,2,0,0,0,0,1,1,0,0,0,0
bfa,115090.0,2021,115.0,90,1,1175.3263,868.97284,2,0,1,0,0,0,0,0,0,0,0,0,0,0,0,0,0,0,0,0,0.0,0,0,0,0,0,0,1,1,0,0,0
bfa,116099.0,2021,116.0,99,1,635.67883,3446.0923,3,1,1,1,1,1,1,1,0,1,0,1,0,1,0,1,1,0,0,0,,0,0,0,0,0,1,0,1,1,0,0
bfa,116134.0,2021,116.0,134,1,635.67883,3446.0923,4,1,1,0,1,1,0,0,0,0,0,0,0,0,0,0,0,0,0,0,0.3775773048400879,0,0,0,0,0,0,1,1,0,0,0
bfa,116148.0,2021,116.0,148,1,635.67883,3446.0923,2,1,1,1,0,0,1,1,0,0,0,1,0,1,0,0,0,0,0,0,0.41370001435279846,0,0,0,0,0,1,1,1,1,0,0
bfa,116225.0,2021,116.0,225,1,635.67883,3446.0923,3,1,1,1,1,1,1,1,0,0,0,1,0,1,1,1,1,0,1,0,,0,0,0,0,0,1,0,1,1,0,0
bfa,116234.0,2021,116.0,234,1,635.67883,3446.0923,3,1,1,1,1,1,1,1,0,1,1,1,0,1,1,1,1,0,0,0,,0,0,0,0,0,1,0,0,0,0,0
bfa,116260.0,2021,116.0,260,1,635.67883,3446.0923,4,1,1,1,0,0,1,1,0,0,0,0,0,1,0,0,0,0,0,0,,0,0,0,0,35,0,0,1,0,0,0
bfa,117028.0,2021,117.0,28,1,167.89514,634.55145,1,1,1,1,0,0,1,1,0,1,0,0,0,1,0,1,0,0,0,0,0.05186255555599928,0,0,0,0,0,0,0,0,0,0,0
bfa,117029.0,2021,117.0,29,1,167.89514,634.55145,2,1,1,1,0,0,1,1,0,1,0,0,0,1,0,0,1,0,0,0,,0,3,0,0,0,0,0,1,0,0,0
bfa,117117.0,2021,117.0,117,1,167.89514,634.55145,1,1,1,1,1,1,1,1,0,0,1,1,0,1,0,0,0,0,1,0,,0,0,0,0,0,1,1,1,1,0,0
bfa,117131.0,2021,117.0,131,1,167.89514,634.55145,2,1,1,1,1,1,1,1,0,0,0,1,0,1,0,0,0,0,0,0,2.5773215293884277,1,2,0,0,0,0,1,1,0,1,0
bfa,117161.0,2021,117.0,161,1,167.89514,634.55145,3,1,1,1,1,1,0,0,1,1,0,0,0,1,0,0,1,0,0,0,,0,0,0,0,0,1,0,1,1,0,0
bfa,117162.0,2021,117.0,162,1,167.89514,634.55145,3,1,1,1,0,0,0,1,0,1,0,0,0,1,0,0,0,0,1,0,,0,0,0,0,0,0,0,1,0,0,0
bfa,118012.0,2021,118.0,12,1,1998.8518,1202.8956,2,1,1,1,1,1,0,0,1,0,0,0,0,0,0,0,0,0,0,0,1.3955839574337006,2,6,0,0,2,1,1,1,1,0,0
bfa,118046.0,2021,118.0,46,1,1998.8518,1202.8956,2,1,1,1,1,1,0,0,0,0,0,0,0,0,0,0,0,0,0,0,2.0860999524593353,0,1,0,0,6,0,1,1,1,0,0
bfa,118070.0,2021,118.0,70,1,1998.8518,1202.8956,2,1,1,1,1,1,0,0,0,0,0,0,0,0,0,0,0,0,0,0,1.8779999762773514,0,4,0,0,5,1,1,1,1,0,0
bfa,118111.0,2021,118.0,111,1,1998.8518,1202.8956,2,1,1,0,1,1,0,0,1,0,0,0,0,1,0,0,0,0,0,0,2.3273644745349884,2,6,0,0,18,0,1,1,0,0,0
bfa,118124.0,2021,118.0,124,1,1998.8518,1202.8956,2,1,1,1,1,1,0,0,1,0,0,0,0,1,0,0,0,0,0,0,1.5995756089687347,1,7,0,0,10,0,1,1,0,0,0
bfa,118164.0,2021,118.0,164,1,1998.8518,1202.8956,2,1,1,0,0,0,1,1,0,0,0,0,0,0,0,0,0,0,0,0,1.1070435419678688,2,0,0,0,0,1,1,1,1,0,0
bfa,119020.0,2021,119.0,20,2,654.20935,3897.5642,3,1,1,1,0,1,1,1,0,1,0,1,0,1,0,0,1,0,0,0,,0,0,0,0,0,0,0,1,1,0,0
bfa,119042.0,2021,119.0,42,2,654.20935,3897.5642,4,1,1,1,0,1,0,0,1,0,0,0,0,1,0,0,0,0,0,0,0.9379602074623108,0,6,0,0,19,1,1,1,0,0,0
bfa,119070.0,2021,119.0,70,2,654.20935,3897.5642,1,1,1,1,1,1,1,1,0,0,0,0,0,1,0,0,0,0,0,1,,0,5,0,0,0,0,0,1,0,0,0
bfa,119087.0,2021,119.0,87,2,654.20935,3897.5642,1,1,1,1,1,1,1,1,0,0,0,0,0,1,0,0,0,0,1,0,,0,0,0,0,0,0,0,1,0,0,0
bfa,119123.0,2021,119.0,123,2,654.20935,3897.5642,4,1,1,1,1,1,1,1,0,1,0,0,0,0,0,0,0,0,0,0,,0,0,0,0,0,1,0,0,0,0,0
bfa,119126.0,2021,119.0,126,2,654.20935,3897.5642,3,1,1,1,1,1,1,1,0,1,0,0,0,1,0,0,0,0,0,0,,0,0,0,0,0,0,0,0,0,0,0
bfa,120027.0,2021,120.0,27,2,323.04407,1559.0256,4,1,1,1,1,1,0,1,0,0,0,1,0,1,0,0,0,0,0,0,0.5855000112205744,0,6,0,0,0,0,1,1,0,0,0
bfa,120052.0,2021,120.0,52,2,323.04407,1559.0256,3,1,1,1,0,0,1,1,0,0,0,0,0,0,0,0,0,0,0,0,,0,0,0,0,0,0,0,1,0,0,0
bfa,120076.0,2021,120.0,76,2,323.04407,1559.0256,4,1,1,1,1,1,1,1,0,0,0,0,0,0,0,0,0,0,0,0,,0,0,0,0,0,1,0,0,1,0,0
bfa,120124.0,2021,120.0,124,2,323.04407,1559.0256,4,1,1,1,1,1,1,1,0,0,0,1,0,0,0,0,0,0,0,0,,0,0,0,0,0,1,0,1,0,0,0
bfa,120152.0,2021,120.0,152,2,323.04407,1559.0256,1,1,1,1,1,1,1,1,0,1,0,0,0,1,0,0,1,0,0,0,,0,4,0,0,0,0,0,0,0,0,0
bfa,120173.0,2021,120.0,173,2,323.04407,1559.0256,1,1,1,0,1,1,1,1,0,0,0,0,0,0,0,0,0,0,0,0,,0,0,0,0,0,0,0,1,0,0,0
bfa,121056.0,2021,121.0,56,2,138.61957,482.69913,1,1,1,1,1,1,1,1,0,0,0,0,0,0,0,0,0,0,0,0,,0,5,0,0,0,0,0,1,0,0,0
bfa,121060.0,2021,121.0,60,2,138.61957,482.69913,4,1,1,1,1,1,1,1,0,0,0,0,0,1,0,0,0,0,0,0,,0,0,0,0,0,0,0,1,0,0,0
bfa,121110.0,2021,121.0,110,2,138.61957,482.69913,1,1,1,1,1,1,1,1,0,0,0,0,0,0,0,0,0,0,0,0,2.078558325767517,0,0,0,0,0,0,1,1,0,0,0
bfa,121111.0,2021,121.0,111,2,138.61957,482.69913,4,1,1,1,1,1,1,1,0,1,0,1,0,1,0,0,0,0,1,0,1.1299999952316284,0,5,0,0,0,0,1,1,0,0,0
bfa,121123.0,2021,121.0,123,2,138.61957,482.69913,4,1,1,1,1,1,1,1,0,1,0,1,0,1,0,0,0,0,1,0,0.5695043802261353,0,9,0,0,0,0,0,1,0,0,0
bfa,121145.0,2021,121.0,145,2,138.61957,482.69913,4,1,1,1,1,1,0,0,1,0,0,0,0,0,0,0,0,0,0,0,0.39709243178367615,0,2,0,0,0,0,1,1,0,0,0
bfa,122070.0,2021,122.0,70,1,308.8069,1264.6963,4,1,1,1,1,0,0,0,1,0,0,0,0,1,0,0,1,0,0,0,1.6925999308004975,3,0,0,0,0,0,1,1,1,0,0
bfa,122071.0,2021,122.0,71,1,308.8069,1264.6963,1,1,1,1,0,0,1,1,0,0,0,0,0,0,0,0,1,0,0,0,0.8549347724765539,2,0,0,0,0,0,1,1,0,0,0
bfa,122072.0,2021,122.0,72,1,308.8069,1264.6963,2,1,1,1,1,1,0,0,1,0,0,1,0,0,0,0,0,0,0,0,0.05640000104904175,2,2,0,0,0,0,1,1,1,0,0
bfa,122107.0,2021,122.0,107,1,308.8069,1264.6963,1,1,1,1,1,1,1,1,0,1,0,0,0,1,0,1,1,1,1,1,0.7669999897480011,0,1,0,0,5,1,0,1,0,0,0
bfa,122123.0,2021,122.0,123,1,308.8069,1264.6963,1,1,1,1,1,1,1,1,0,0,0,0,0,1,1,1,1,0,1,1,0.7726410925388336,0,0,50,0,0,1,0,0,1,0,0
bfa,122124.0,2021,122.0,124,1,308.8069,1264.6963,2,1,1,1,1,1,0,0,0,0,0,0,0,1,0,0,0,0,0,0,0.8662101328372955,0,1,0,0,12,0,1,1,0,0,0
bfa,123018.0,2021,123.0,18,2,346.42966,1360.3727,4,1,1,1,1,1,1,1,0,0,0,1,0,1,0,0,0,0,1,0,,1,3,0,0,0,0,1,1,0,0,0
bfa,123035.0,2021,123.0,35,2,346.42966,1360.3727,4,1,1,1,1,1,0,0,0,1,0,0,0,0,0,0,0,0,0,0,1.5775581002235413,0,0,0,0,0,1,1,1,1,0,0
bfa,123052.0,2021,123.0,52,2,346.42966,1360.3727,1,1,1,1,0,1,1,1,0,0,0,0,0,0,0,0,0,0,0,0,0.9093271419405937,0,0,0,0,0,0,1,1,0,0,0
bfa,123072.0,2021,123.0,72,2,346.42966,1360.3727,1,1,1,1,1,1,1,1,0,0,0,0,0,1,0,0,0,0,0,0,0.42314964532852173,0,0,0,0,0,1,0,1,1,0,0
bfa,123076.0,2021,123.0,76,2,346.42966,1360.3727,1,1,1,1,1,1,1,1,0,0,0,0,0,1,0,0,0,0,0,0,,0,0,0,0,0,0,0,0,0,0,0
bfa,123160.0,2021,123.0,160,2,346.42966,1360.3727,1,1,1,1,0,0,0,0,0,0,0,0,0,0,0,0,0,0,0,0,0.13770000636577606,0,0,0,0,0,0,1,0,0,0,0
bfa,124138.0,2021,124.0,138,1,987.4372,3774.3794,3,1,1,1,1,1,1,1,0,0,1,1,0,1,0,1,1,1,1,0,,4,9,0,0,0,0,0,1,0,1,0
bfa,124156.0,2021,124.0,156,1,987.4372,3774.3794,3,1,1,1,1,1,0,1,0,1,0,0,0,0,0,0,0,0,0,0,,0,0,0,0,0,0,0,1,0,0,0
bfa,124265.0,2021,124.0,265,1,987.4372,3774.3794,1,1,1,1,1,1,1,1,0,1,0,0,0,1,1,0,0,0,1,1,1.011063426733017,0,2,0,0,0,0,1,1,1,1,0
bfa,124368.0,2021,124.0,368,1,987.4372,3774.3794,2,1,1,0,1,1,1,1,0,0,0,0,0,1,0,0,1,0,1,0,,0,0,0,0,0,0,1,1,0,0,0
bfa,124374.0,2021,124.0,374,1,987.4372,3774.3794,3,0,1,0,1,1,0,0,0,0,0,0,0,0,0,0,0,0,0,0,,0,3,0,0,16,0,1,1,0,0,0
bfa,125111.0,2021,125.0,111,2,784.04865,3633.1277,3,1,1,1,1,1,1,1,0,0,0,1,0,1,0,1,0,0,1,0,,0,0,0,0,0,0,0,1,0,0,0
bfa,125173.0,2021,125.0,173,2,784.04865,3633.1277,4,1,1,1,0,0,1,1,0,1,0,1,0,1,1,0,0,0,1,1,,0,0,0,0,0,1,1,1,1,0,0
bfa,125202.0,2021,125.0,202,2,784.04865,3633.1277,1,1,1,1,0,0,1,1,0,0,0,0,0,1,0,0,0,0,1,0,0.8891591876745224,0,2,0,0,20,1,0,0,0,0,0
bfa,125218.0,2021,125.0,218,2,784.04865,3633.1277,1,1,1,1,1,1,1,1,0,0,0,0,0,1,1,0,0,1,0,0,,0,0,0,0,0,0,0,1,0,0,0
bfa,125223.0,2021,125.0,223,2,784.04865,3633.1277,1,1,1,0,1,1,1,1,0,1,0,0,0,1,0,0,0,0,1,0,,0,5,0,0,10,1,0,0,0,0,0
bfa,125298.0,2021,125.0,298,2,784.04865,3633.1277,3,1,1,1,0,0,0,0,0,1,0,0,0,0,0,0,0,0,0,0,,0,0,0,0,0,0,0,0,0,0,0
bfa,126041.0,2021,126.0,41,1,268.50644,630.94604,2,0,1,1,1,1,0,0,1,0,0,0,0,0,0,0,0,0,0,0,6.43259984254837,0,0,0,0,7,1,1,1,0,0,0
bfa,126046.0,2021,126.0,46,1,268.50644,630.94604,2,1,1,1,1,1,0,0,1,0,0,0,0,1,0,0,0,0,0,0,1.7931999675929546,0,0,0,0,0,0,1,0,0,0,0
bfa,126072.0,2021,126.0,72,1,268.50644,630.94604,2,1,1,0,0,0,0,0,1,0,0,0,0,0,0,0,0,0,0,0,0.6967000067234039,3,4,0,0,12,0,1,1,1,0,0
bfa,126094.0,2021,126.0,94,1,268.50644,630.94604,2,1,1,1,0,0,0,0,0,0,0,1,0,0,0,0,0,0,0,0,1.2681999802589417,0,0,0,0,0,1,1,1,0,0,0
bfa,126114.0,2021,126.0,114,1,268.50644,630.94604,2,1,1,1,1,1,0,0,1,0,0,0,0,0,0,0,0,0,0,0,0.5605000108480453,0,5,0,0,3,1,1,1,0,0,0
bfa,126116.0,2021,126.0,116,1,268.50644,630.94604,2,1,1,1,0,0,0,0,1,0,0,0,0,0,0,0,0,0,0,0,0.7950000092387199,0,3,0,0,0,0,1,1,0,0,0
bfa,127055.0,2021,127.0,55,2,2730.9895,1703.9624,2,1,1,1,1,1,0,0,0,0,0,0,0,0,0,0,0,0,0,0,0.5278000105172396,0,0,0,0,0,0,1,1,0,0,0
bfa,127114.0,2021,127.0,114,2,2730.9895,1703.9624,2,1,1,0,0,0,0,0,0,0,0,0,0,1,0,0,0,0,0,0,1.981299951672554,0,0,0,0,0,0,1,1,0,0,0
bfa,127123.0,2021,127.0,123,2,2730.9895,1703.9624,4,1,1,1,0,0,0,0,1,0,0,0,0,0,0,0,0,0,0,0,2.011100023984909,3,9,0,0,0,1,1,1,0,0,0
bfa,127141.0,2021,127.0,141,2,2730.9895,1703.9624,2,1,0,0,1,1,0,0,0,0,0,0,0,0,0,0,0,0,0,0,1.307599977357313,0,0,0,0,0,0,1,1,0,0,0
bfa,127155.0,2021,127.0,155,2,2730.9895,1703.9624,2,0,0,0,0,0,0,0,0,0,0,0,0,1,0,0,0,0,0,0,1.493800014257431,0,4,0,0,0,0,1,1,0,0,0
bfa,127177.0,2021,127.0,177,2,2730.9895,1703.9624,4,1,1,1,1,0,0,0,0,0,0,0,0,0,0,0,0,0,0,0,0.5803999975323677,0,0,0,0,0,0,1,0,0,0,0
bfa,128063.0,2021,128.0,63,1,3333.3677,2630.659,2,1,1,0,1,0,0,0,1,0,0,0,0,0,0,0,0,0,0,0,2.795195132493973,1,10,0,0,20,0,1,1,0,1,0
bfa,128100.0,2021,128.0,100,1,3333.3677,2630.659,2,1,1,0,0,0,0,0,0,0,0,0,0,0,0,0,0,0,0,0,6.3084593415260315,3,14,0,0,20,1,1,1,0,0,0
bfa,128132.0,2021,128.0,132,1,3333.3677,2630.659,2,0,1,0,0,0,0,0,0,0,0,0,0,0,0,0,0,0,0,0,2.4706562161445618,0,4,0,0,8,0,1,1,0,0,0
bfa,131016.0,2021,131.0,16,1,1489.6306,1255.5417,2,0,1,0,0,0,0,0,0,0,0,0,0,1,0,0,0,0,0,0,5.339599967002869,11,22,0,0,46,0,1,1,0,0,0
bfa,131036.0,2021,131.0,36,1,1489.6306,1255.5417,2,0,1,0,0,0,0,0,0,0,0,0,0,1,0,0,0,0,0,0,13.004499793052673,5,13,0,0,18,0,1,1,0,0,0
bfa,131049.0,2021,131.0,49,1,1489.6306,1255.5417,2,1,1,1,0,0,0,0,1,0,0,1,0,1,0,0,0,0,0,0,7.447135403752327,11,95,0,0,80,0,1,1,0,0,0
bfa,131051.0,2021,131.0,51,1,1489.6306,1255.5417,2,1,0,0,0,0,0,0,0,0,0,0,0,0,0,0,0,0,0,0,7.328250493854284,3,9,2,0,87,1,1,1,0,0,0
bfa,131059.0,2021,131.0,59,1,1489.6306,1255.5417,2,1,1,0,0,1,0,0,0,0,0,0,0,0,0,0,0,0,0,0,1.4651000015437603,20,18,0,0,16,0,1,1,0,0,0
bfa,131083.0,2021,131.0,83,1,1489.6306,1255.5417,2,1,1,0,0,0,0,0,0,0,0,0,0,0,0,0,0,0,0,0,6.909014169126749,0,0,0,0,6,0,1,1,1,0,0
bfa,132021.0,2021,132.0,21,1,189.35486,1050.8358,1,1,1,1,1,1,0,0,0,0,0,0,0,0,0,0,0,0,0,0,1.212997019290924,0,0,0,0,0,0,0,0,1,0,0
bfa,132025.0,2021,132.0,25,1,189.35486,1050.8358,4,1,1,1,0,0,0,0,0,0,0,0,0,0,0,0,0,0,0,0,1.0478605180978775,0,0,0,0,0,0,1,0,0,0,0
bfa,132054.0,2021,132.0,54,1,189.35486,1050.8358,2,0,1,1,1,1,0,0,1,0,0,0,0,0,0,0,0,0,0,0,4.784711837768555,1,10,0,0,30,1,1,1,0,0,0
bfa,132077.0,2021,132.0,77,1,189.35486,1050.8358,2,1,1,1,0,0,1,1,0,1,0,0,0,0,0,0,0,0,0,0,0.0,0,0,0,0,0,0,1,1,0,0,0
bfa,132085.0,2021,132.0,85,1,189.35486,1050.8358,1,1,1,1,1,1,1,0,1,1,0,0,0,0,0,0,0,0,0,0,1.4682825207710266,0,6,0,0,0,0,0,0,0,0,0
bfa,132105.0,2021,132.0,105,1,189.35486,1050.8358,4,1,1,1,1,1,1,1,0,1,0,0,0,0,0,0,0,0,0,0,2.2692613005638123,0,0,0,0,0,0,0,1,0,0,0
bfa,133007.0,2021,133.0,7,2,288.48105,877.971,1,0,1,0,1,1,1,1,0,0,1,0,0,1,0,0,0,0,0,0,0.5376534461975098,0,2,0,0,5,1,1,0,0,0,0
bfa,133017.0,2021,133.0,17,2,288.48105,877.971,3,1,1,1,1,1,1,1,0,1,0,1,0,1,0,1,0,0,0,0,,0,0,0,0,0,0,0,1,0,0,0
bfa,133028.0,2021,133.0,28,2,288.48105,877.971,3,1,1,1,1,1,1,1,0,1,1,0,0,1,0,0,0,0,0,0,,0,0,0,0,0,0,0,0,0,0,0
bfa,133031.0,2021,133.0,31,2,288.48105,877.971,3,1,1,1,1,1,0,0,0,1,0,0,0,0,0,0,0,0,0,0,0.9205314069986343,0,0,0,0,10,0,1,1,0,0,0
bfa,133125.0,2021,133.0,125,2,288.48105,877.971,3,1,1,1,1,1,1,1,0,0,1,0,0,1,0,0,0,0,0,0,,0,0,15,0,20,0,0,0,0,0,0
bfa,133184.0,2021,133.0,184,2,288.48105,877.971,1,1,1,1,1,1,1,1,0,1,1,1,0,1,0,1,0,1,1,1,,0,0,0,0,0,0,0,0,0,0,0
bfa,134024.0,2021,134.0,24,2,1228.9452,1272.0621,2,0,1,1,0,0,0,0,0,0,0,0,0,0,0,0,0,0,0,0,3.238679975271225,0,4,0,0,49,0,1,1,0,0,0
bfa,134027.0,2021,134.0,27,2,1228.9452,1272.0621,2,0,1,1,0,0,0,0,0,0,0,0,0,1,0,0,0,0,0,0,5.981796413660049,0,16,0,0,0,0,1,1,0,0,0
bfa,134079.0,2021,134.0,79,2,1228.9452,1272.0621,4,0,1,1,0,0,0,0,1,0,0,0,0,1,0,0,0,0,0,0,2.422299951314926,0,2,0,0,1,1,1,0,0,0,0
bfa,134087.0,2021,134.0,87,2,1228.9452,1272.0621,2,1,1,1,0,0,0,0,0,0,0,0,0,0,0,0,0,0,0,0,4.308813750743866,0,30,0,0,50,0,0,0,0,0,0
bfa,134104.0,2021,134.0,104,2,1228.9452,1272.0621,2,1,1,1,1,1,0,0,0,0,0,0,0,0,0,0,0,0,0,0,3.0029999911785126,0,8,0,0,10,0,0,0,0,0,0
bfa,134116.0,2021,134.0,116,2,1228.9452,1272.0621,4,0,1,0,0,0,0,0,0,0,0,0,0,0,0,0,0,0,0,0,3.0661999583244324,0,0,0,0,0,1,1,0,0,0,0
bfa,135003.0,2021,135.0,3,2,2087.4343,50.296825,1,1,1,1,1,1,1,0,1,1,0,1,0,1,0,0,0,0,0,1,,0,19,0,0,0,1,0,1,1,0,0
bfa,135022.0,2021,135.0,22,2,2087.4343,50.296825,1,1,1,1,1,1,1,0,1,1,1,1,0,1,1,1,1,1,1,1,,0,0,0,0,0,0,0,1,0,0,0
bfa,135039.0,2021,135.0,39,2,2087.4343,50.296825,1,1,1,1,1,1,1,1,0,1,0,1,1,0,0,1,0,0,0,0,,0,0,0,0,0,0,1,1,0,0,0
bfa,135128.0,2021,135.0,128,2,2087.4343,50.296825,2,1,1,1,1,1,1,1,0,1,0,0,0,1,0,0,0,0,0,0,,0,0,0,0,0,0,0,1,0,0,0
bfa,135184.0,2021,135.0,184,2,2087.4343,50.296825,1,1,1,1,1,1,0,0,0,1,0,0,0,1,0,0,0,0,1,0,,0,0,0,0,0,0,0,1,1,0,0
bfa,135195.0,2021,135.0,195,2,2087.4343,50.296825,3,1,1,1,1,1,1,1,0,1,0,1,1,1,0,1,1,1,1,0,,0,0,0,0,0,0,0,0,0,0,0
bfa,136055.0,2021,136.0,55,2,1194.273,31.15062,1,1,1,1,1,1,0,0,0,0,0,0,0,0,0,0,0,0,0,0,,0,0,0,0,0,1,0,0,0,0,0
bfa,136112.0,2021,136.0,112,2,1194.273,31.15062,4,1,1,1,1,1,1,1,0,0,0,0,0,1,0,0,0,0,0,0,,0,0,0,0,0,1,0,0,0,0,0
bfa,136113.0,2021,136.0,113,2,1194.273,31.15062,1,1,1,1,1,1,1,1,0,1,0,0,0,1,0,1,1,1,1,0,,0,0,0,0,0,0,0,1,1,0,0
bfa,136115.0,2021,136.0,115,2,1194.273,31.15062,1,1,1,1,1,1,0,0,1,0,0,0,0,1,0,0,0,0,0,0,,0,0,0,0,0,1,1,1,0,0,0
bfa,136144.0,2021,136.0,144,2,1194.273,31.15062,3,1,1,1,1,1,0,0,1,0,0,0,0,1,0,0,0,0,1,0,,0,0,0,0,0,0,0,1,0,0,0
bfa,136158.0,2021,136.0,158,2,1194.273,31.15062,1,1,1,1,1,1,1,1,0,1,0,0,0,1,0,0,0,0,0,1,,0,12,0,0,0,0,1,1,0,0,0
bfa,137001.0,2021,137.0,1,1,1931.1819,49.682716,1,1,1,1,1,1,1,0,1,0,0,0,0,0,0,0,0,0,0,0,,0,0,0,0,0,0,0,1,0,0,0
bfa,137059.0,2021,137.0,59,1,1931.1819,49.682716,1,1,1,1,1,1,1,1,0,1,1,1,0,1,0,1,0,1,0,1,,0,0,0,0,0,0,0,1,0,0,0
bfa,137083.0,2021,137.0,83,1,1931.1819,49.682716,1,1,1,1,1,1,1,1,0,1,0,0,0,0,0,0,1,0,0,0,,0,0,0,0,0,0,1,1,1,0,0
bfa,137201.0,2021,137.0,201,1,1931.1819,49.682716,1,1,1,1,1,1,1,0,1,1,1,1,0,1,1,1,1,1,1,1,,0,0,0,0,0,0,0,1,0,0,0
bfa,137311.0,2021,137.0,311,1,1931.1819,49.682716,4,1,1,1,1,1,0,0,1,0,0,1,0,0,0,0,0,0,0,0,0.1451840102672577,0,0,0,0,30,1,1,1,1,0,0
bfa,137413.0,2021,137.0,413,1,1931.1819,49.682716,1,1,1,1,0,0,0,0,0,0,0,0,0,0,0,0,0,0,0,0,,0,0,0,0,0,1,1,1,0,0,0
bfa,138014.0,2021,138.0,14,2,608.549,26.93933,2,1,1,1,1,1,1,1,0,1,1,1,0,1,0,1,1,0,1,1,,0,0,0,0,0,1,0,1,0,0,0
bfa,138046.0,2021,138.0,46,2,608.549,26.93933,1,1,1,1,1,1,1,1,0,1,1,1,0,1,0,0,1,0,0,0,,0,0,0,0,0,0,0,1,0,0,0
bfa,138053.0,2021,138.0,53,2,608.549,26.93933,3,1,1,1,1,1,1,1,0,1,0,1,0,1,0,1,1,0,0,0,,0,0,0,0,0,0,0,1,0,0,0
bfa,138072.0,2021,138.0,72,2,608.549,26.93933,1,1,1,1,1,1,1,1,0,1,1,1,0,1,1,1,1,1,0,1,,0,0,0,0,0,1,0,1,0,0,0
bfa,138121.0,2021,138.0,121,2,608.549,26.93933,1,1,1,1,1,1,1,0,1,1,1,1,0,1,1,1,1,1,0,1,,0,0,0,0,0,0,0,1,0,0,0
bfa,139220.0,2021,139.0,220,1,7869.6177,268.65146,1,1,1,1,1,1,1,1,0,1,1,1,0,0,0,1,1,1,1,0,,0,0,0,0,0,0,0,1,0,0,0
bfa,139243.0,2021,139.0,243,1,7869.6177,268.65146,3,1,1,1,1,1,1,1,0,0,0,1,0,1,0,1,0,0,0,0,,0,0,0,0,0,0,1,1,1,0,0
bfa,139247.0,2021,139.0,247,1,7869.6177,268.65146,1,1,1,1,1,1,1,1,0,1,0,1,0,1,0,0,0,0,0,1,,0,0,0,0,0,0,1,1,1,0,0
bfa,139286.0,2021,139.0,286,1,7869.6177,268.65146,1,1,1,1,1,1,1,1,0,1,0,1,1,1,0,0,0,0,1,0,,0,0,0,0,0,1,1,0,1,0,0
bfa,140032.0,2021,140.0,32,2,1358.7177,671.76605,2,0,1,1,0,0,0,0,1,0,0,0,0,0,0,0,0,0,0,0,14.93999993801117,4,36,15,0,275,0,1,1,0,0,0
bfa,140050.0,2021,140.0,50,2,1358.7177,671.76605,2,0,1,1,1,1,0,0,1,0,0,0,0,0,0,0,0,0,0,0,3.430000066757202,0,7,0,0,32,0,1,1,0,0,0
bfa,140053.0,2021,140.0,53,2,1358.7177,671.76605,2,1,1,1,1,1,0,0,0,0,0,0,0,0,0,0,0,0,0,0,4.610000014305115,0,17,0,0,22,1,1,1,0,0,0
bfa,140073.0,2021,140.0,73,2,1358.7177,671.76605,2,1,1,1,1,1,0,0,0,0,0,0,0,0,0,0,0,0,0,0,6.89999994635582,0,7,0,0,10,0,1,1,0,0,0
bfa,140105.0,2021,140.0,105,2,1358.7177,671.76605,2,0,1,0,0,0,0,0,0,0,0,0,0,0,0,0,0,0,0,0,4.101084649562836,0,2,2,0,12,1,1,1,0,0,0
bfa,140147.0,2021,140.0,147,2,1358.7177,671.76605,2,1,1,0,1,1,0,0,1,0,0,0,0,0,0,0,0,0,0,0,4.739968776702881,0,12,17,0,15,1,1,1,0,0,0
bfa,141126.0,2021,141.0,126,2,2055.7913,648.1677,4,1,1,1,0,0,0,0,1,0,0,0,0,1,0,0,0,0,0,0,3.352000117301941,0,16,0,0,30,0,0,0,0,0,0
bfa,141131.0,2021,141.0,131,2,2055.7913,648.1677,2,1,1,1,1,1,0,0,1,0,0,0,0,1,0,0,0,0,0,0,10.59351897239685,4,35,4,0,65,0,0,0,0,0,0
bfa,141183.0,2021,141.0,183,2,2055.7913,648.1677,2,0,1,1,1,1,0,0,0,0,0,0,0,0,0,0,0,0,0,0,,0,3,0,0,0,1,0,0,0,0,0
bfa,141185.0,2021,141.0,185,2,2055.7913,648.1677,1,1,1,1,1,1,1,1,0,0,0,0,0,1,0,0,0,1,1,1,,0,0,0,0,0,0,0,0,0,0,0
bfa,141186.0,2021,141.0,186,2,2055.7913,648.1677,3,1,1,1,1,1,0,0,1,0,0,0,0,1,0,0,0,0,1,0,,0,0,0,0,0,1,0,1,0,0,0
bfa,141188.0,2021,141.0,188,2,2055.7913,648.1677,2,0,1,1,1,1,0,0,0,0,0,0,0,0,0,0,0,0,0,0,2.1798348426818848,2,0,0,0,0,0,1,1,0,0,0
bfa,142073.0,2021,142.0,73,1,1345.4443,1565.5679,2,1,1,1,1,1,0,0,0,0,0,0,0,0,0,0,0,0,0,0,8.258299946784973,9,15,5,0,25,0,1,1,0,0,0
bfa,142074.0,2021,142.0,74,1,1345.4443,1565.5679,2,0,1,1,1,1,0,0,0,0,0,0,0,0,0,0,0,0,0,0,0.9044999703764915,2,0,0,0,24,0,0,0,1,0,0
bfa,142128.0,2021,142.0,128,1,1345.4443,1565.5679,1,1,1,1,0,0,0,0,0,0,0,0,0,0,0,0,0,0,0,0,1.570698918774724,2,15,3,0,45,0,1,1,0,0,0
bfa,142130.0,2021,142.0,130,1,1345.4443,1565.5679,2,1,1,0,0,0,0,0,1,0,0,0,0,0,0,0,0,0,0,0,2.262800022959709,1,3,1,0,9,0,0,1,0,0,0
bfa,142132.0,2021,142.0,132,1,1345.4443,1565.5679,2,1,1,1,0,0,0,0,1,0,0,0,0,0,0,0,0,0,0,0,4.888941988348961,2,2,0,0,15,0,1,1,0,0,0
bfa,142175.0,2021,142.0,175,1,1345.4443,1565.5679,2,1,1,0,1,1,0,0,0,0,0,0,0,0,0,0,0,0,0,0,0.5805999934673309,1,2,0,0,10,1,1,1,1,1,0
bfa,143017.0,2021,143.0,17,2,1385.5756,979.87976,2,1,1,0,1,1,0,0,0,0,0,0,0,0,0,0,0,0,0,0,2.5878000259399414,3,18,15,0,15,0,1,1,0,0,0
bfa,143040.0,2021,143.0,40,2,1385.5756,979.87976,4,0,1,0,1,1,0,0,0,0,0,0,0,0,0,0,0,0,0,0,2.8114999681711197,3,0,0,0,15,1,1,1,1,0,0
bfa,143049.0,2021,143.0,49,2,1385.5756,979.87976,2,1,0,0,1,1,0,0,0,0,0,0,0,0,0,0,0,0,0,0,1.4556000530719757,0,3,2,0,0,0,1,1,0,0,0
bfa,143054.0,2021,143.0,54,2,1385.5756,979.87976,2,1,1,0,0,0,0,0,1,0,0,0,0,0,0,0,0,0,0,0,4.826117217540741,1,8,0,0,6,0,1,1,0,0,0
bfa,143063.0,2021,143.0,63,2,1385.5756,979.87976,2,0,1,0,1,1,0,0,0,0,0,0,0,0,0,0,0,0,0,0,1.5,0,0,6,0,0,0,1,1,0,0,0
bfa,143086.0,2021,143.0,86,2,1385.5756,979.87976,2,0,1,0,1,1,0,0,0,0,0,0,0,0,0,0,0,0,0,0,1.8866999745368958,0,0,0,0,0,0,1,1,0,0,0
bfa,144014.0,2021,144.0,14,2,3055.2944,1880.3298,2,1,1,0,1,1,0,0,0,0,0,0,0,0,0,0,0,0,0,0,1.0199999809265137,2,22,0,0,10,0,1,1,0,0,0
bfa,144077.0,2021,144.0,77,2,3055.2944,1880.3298,2,1,1,0,0,0,0,0,0,0,0,0,0,0,0,0,0,0,0,0,1.3242999911308289,0,8,7,0,5,0,1,1,0,0,0
bfa,144079.0,2021,144.0,79,2,3055.2944,1880.3298,2,1,0,0,0,1,0,0,0,0,0,0,0,0,0,0,0,0,0,0,1.3667200803756714,0,5,0,0,20,1,0,1,0,0,0
bfa,144092.0,2021,144.0,92,2,3055.2944,1880.3298,4,0,0,1,1,1,0,0,0,0,0,0,0,0,0,0,0,0,0,0,,0,0,0,0,0,1,1,1,0,0,0
bfa,144129.0,2021,144.0,129,2,3055.2944,1880.3298,1,0,0,1,1,1,0,0,1,0,0,0,0,0,0,0,0,0,0,0,2.988600008189678,1,4,0,0,15,1,1,1,0,0,0
bfa,144139.0,2021,144.0,139,2,3055.2944,1880.3298,2,1,1,0,1,1,0,0,0,0,0,0,0,0,0,0,0,0,0,0,0.6254000067710876,0,1,0,0,0,0,1,1,0,0,0
bfa,145020.0,2021,145.0,20,2,1014.3675,705.0987,2,1,1,0,1,1,0,0,0,0,0,0,0,0,0,0,0,0,0,0,0.7726908624172211,0,1,0,0,0,0,1,1,0,0,0
bfa,145026.0,2021,145.0,26,2,1014.3675,705.0987,2,1,1,1,1,1,0,0,1,0,0,0,0,1,0,0,0,0,0,0,3.138100042939186,0,0,0,0,0,0,1,1,0,0,0
bfa,145038.0,2021,145.0,38,2,1014.3675,705.0987,4,0,1,1,1,1,0,0,0,0,0,0,0,0,0,0,0,0,0,0,1.6408000215888023,0,0,0,0,0,0,1,1,0,0,0
bfa,145049.0,2021,145.0,49,2,1014.3675,705.0987,1,0,1,1,1,1,0,0,1,0,0,0,0,0,0,0,0,0,0,0,2.787099987268448,9,15,0,0,10,0,1,1,0,0,0
bfa,145053.0,2021,145.0,53,2,1014.3675,705.0987,2,1,1,1,1,0,0,0,1,0,0,0,0,0,0,0,0,0,0,0,11.106799840927124,102,120,0,0,120,0,1,1,0,0,0
bfa,145117.0,2021,145.0,117,2,1014.3675,705.0987,2,1,1,0,1,1,0,0,1,0,0,0,0,0,0,0,0,0,0,0,4.662899851799011,2,30,0,0,50,0,1,1,1,0,0
bfa,146001.0,2021,146.0,1,2,911.8534,694.4511,2,1,1,1,1,1,0,0,0,0,0,0,0,0,0,0,0,0,0,0,6.082000017166138,0,15,10,0,25,0,0,0,0,0,0
bfa,146008.0,2021,146.0,8,2,911.8534,694.4511,2,0,1,1,1,1,0,0,0,0,0,0,0,0,0,0,0,0,0,0,2.4072999954223633,0,5,1,0,0,1,1,1,1,0,0
bfa,146013.0,2021,146.0,13,2,911.8534,694.4511,4,0,1,0,1,1,0,0,0,0,0,0,0,0,0,0,0,0,0,0,2.5885000228881836,0,1,0,0,3,1,1,0,0,0,0
bfa,146041.0,2021,146.0,41,2,911.8534,694.4511,2,1,1,1,1,1,0,0,0,0,0,0,0,0,0,0,0,0,0,0,2.83200004696846,0,0,5,0,10,0,0,0,0,0,0
bfa,146042.0,2021,146.0,42,2,911.8534,694.4511,1,1,1,1,1,1,0,0,1,0,0,0,0,0,0,0,0,0,0,0,3.8384999483823776,4,20,4,0,10,1,1,0,0,0,0
bfa,146050.0,2021,146.0,50,2,911.8534,694.4511,2,0,1,1,1,1,0,0,0,0,0,0,0,0,0,0,0,0,0,0,3.286499947309494,0,6,0,0,8,1,0,1,0,0,0
bfa,147031.0,2021,147.0,31,1,1863.9003,1105.4825,2,1,1,1,0,0,0,0,1,0,0,0,0,1,0,0,0,0,0,0,0.8700160980224609,0,3,0,0,0,0,1,0,0,0,0
bfa,147057.0,2021,147.0,57,1,1863.9003,1105.4825,2,1,1,1,0,0,0,0,0,0,0,0,0,0,0,0,0,0,0,0,0.5873000025749207,0,0,0,0,3,0,1,1,0,0,0
bfa,147059.0,2021,147.0,59,1,1863.9003,1105.4825,2,1,1,1,1,1,0,0,0,0,0,0,0,0,0,0,0,0,0,0,3.7778254747390747,0,10,0,0,30,0,1,1,1,0,0
bfa,147081.0,2021,147.0,81,1,1863.9003,1105.4825,2,0,1,1,1,1,0,0,1,0,0,0,0,0,0,0,0,0,0,0,3.9874999672174454,2,8,10,0,24,0,0,0,0,0,0
bfa,147120.0,2021,147.0,120,1,1863.9003,1105.4825,2,1,1,1,0,0,0,0,1,0,0,0,0,0,0,0,0,0,0,0,2.880899876356125,0,0,0,0,7,1,1,0,0,0,0
bfa,147176.0,2021,147.0,176,1,1863.9003,1105.4825,1,1,1,1,1,1,0,0,1,0,0,0,0,0,0,0,0,0,0,0,3.35999995470047,0,14,0,0,15,0,0,0,0,0,0
bfa,148009.0,2021,148.0,9,1,888.5332,588.68066,4,1,1,1,1,1,0,0,0,0,0,0,0,0,0,0,0,0,0,0,1.377399981021881,0,5,0,0,10,0,0,0,0,0,0
bfa,148018.0,2021,148.0,18,1,888.5332,588.68066,2,1,1,1,1,1,0,0,0,0,0,0,0,0,0,0,0,0,0,0,3.7145515456795692,0,9,0,0,9,0,1,1,0,0,0
bfa,148019.0,2021,148.0,19,1,888.5332,588.68066,1,0,1,1,1,1,0,0,0,0,0,0,0,0,0,0,0,0,0,0,2.461356818675995,0,3,0,0,18,0,1,0,0,0,0
bfa,148021.0,2021,148.0,21,1,888.5332,588.68066,2,1,1,1,0,0,0,0,0,0,0,0,0,0,0,0,0,0,0,0,5.130399912595749,0,2,0,0,15,0,1,1,0,0,0
bfa,148034.0,2021,148.0,34,1,888.5332,588.68066,4,0,1,1,1,1,0,0,0,0,0,0,0,0,0,0,0,0,0,0,0.5268999934196472,0,0,0,0,0,0,1,0,0,0,0
bfa,148051.0,2021,148.0,51,1,888.5332,588.68066,2,1,1,1,1,1,0,0,0,0,0,0,0,0,0,0,0,0,0,0,2.4209999442100525,0,0,0,0,0,0,0,0,0,0,0
bfa,149008.0,2021,149.0,8,2,365.37186,2221.8591,4,1,1,1,0,0,0,0,1,0,0,0,0,1,0,0,0,0,0,0,,0,3,0,0,2,0,0,0,0,0,0
bfa,149037.0,2021,149.0,37,2,365.37186,2221.8591,4,0,1,0,1,1,0,0,0,0,0,0,0,0,0,0,0,0,0,0,2.0593965351581573,1,1,0,0,0,0,1,0,0,0,0
bfa,149090.0,2021,149.0,90,2,365.37186,2221.8591,1,1,1,1,0,0,0,0,1,0,0,0,0,0,0,0,0,0,0,0,2.683799982070923,0,2,0,0,5,0,1,1,1,0,0
bfa,149092.0,2021,149.0,92,2,365.37186,2221.8591,4,1,1,1,0,0,0,0,1,0,0,0,0,1,0,0,0,0,0,0,,0,0,0,0,0,1,0,0,0,0,0
bfa,149136.0,2021,149.0,136,2,365.37186,2221.8591,3,1,1,1,0,0,0,0,0,0,1,0,0,0,0,0,0,0,0,0,,0,0,0,0,0,0,0,1,0,0,0
bfa,149137.0,2021,149.0,137,2,365.37186,2221.8591,4,1,1,1,1,1,1,1,0,1,0,0,0,0,0,0,0,0,0,0,2.4265238642692566,0,0,0,0,0,0,1,1,0,0,0
bfa,150020.0,2021,150.0,20,2,2099.448,1446.2135,2,0,1,1,1,1,0,0,0,0,0,0,0,0,0,0,0,0,0,0,1.749129980802536,0,2,0,0,0,0,1,1,0,0,0
bfa,150043.0,2021,150.0,43,2,2099.448,1446.2135,2,0,1,1,0,0,0,0,1,0,0,0,0,0,0,0,0,0,0,0,1.40509994328022,0,4,0,0,5,0,1,1,0,0,0
bfa,150064.0,2021,150.0,64,2,2099.448,1446.2135,2,1,1,1,0,0,0,0,0,0,0,0,0,0,0,0,0,0,0,0,2.575105458498001,6,17,0,0,4,0,1,1,0,0,0
bfa,150076.0,2021,150.0,76,2,2099.448,1446.2135,2,1,1,1,1,1,0,0,1,0,0,0,0,1,0,0,0,0,0,0,1.0489999949932098,0,0,0,0,2,1,1,0,0,0,0
bfa,150083.0,2021,150.0,83,2,2099.448,1446.2135,4,1,1,1,1,1,0,0,1,0,0,0,0,1,0,0,0,0,0,0,2.5034000873565674,0,7,0,0,0,0,1,0,0,0,0
bfa,150149.0,2021,150.0,149,2,2099.448,1446.2135,2,1,1,1,1,1,0,0,0,0,0,0,0,0,0,0,0,0,0,0,1.520499974489212,4,18,0,0,0,0,1,0,0,0,0
bfa,151001.0,2021,151.0,1,1,1627.9534,1203.6208,2,1,1,1,1,1,1,1,0,0,0,0,0,1,0,0,0,0,0,0,1.0624999850988388,0,10,0,0,20,0,1,0,0,0,0
bfa,151049.0,2021,151.0,49,1,1627.9534,1203.6208,4,1,1,1,1,1,0,0,0,0,0,0,0,0,0,0,0,0,0,0,2.0005195140838623,0,0,0,0,0,1,0,0,0,0,0
bfa,151058.0,2021,151.0,58,1,1627.9534,1203.6208,1,1,1,1,1,1,1,1,0,0,0,0,0,0,0,0,0,0,0,0,1.7393000051379204,0,6,0,0,32,0,1,0,1,0,0
bfa,151084.0,2021,151.0,84,1,1627.9534,1203.6208,2,1,1,1,1,1,0,0,0,0,0,0,0,0,0,0,0,0,0,0,1.9588000774383545,0,12,6,0,14,0,1,1,1,0,0
bfa,151100.0,2021,151.0,100,1,1627.9534,1203.6208,2,1,1,1,1,1,1,1,0,0,0,0,0,1,0,0,0,0,0,0,4.12811541557312,0,5,0,0,0,1,0,0,0,0,0
bfa,151151.0,2021,151.0,151,1,1627.9534,1203.6208,2,1,1,1,0,0,0,0,0,0,0,0,0,0,0,0,0,0,0,0,2.757900044322014,0,0,0,0,0,0,1,1,0,0,0
bfa,152003.0,2021,152.0,3,1,453.70782,910.5046,2,1,1,1,0,0,0,0,0,0,0,0,0,0,0,0,0,0,0,0,2.0753999948501587,0,8,0,0,31,1,1,0,0,0,0
bfa,152011.0,2021,152.0,11,1,453.70782,910.5046,2,1,1,0,1,0,0,0,0,0,0,0,0,0,0,0,0,0,0,0,7.035500168800354,1,14,3,0,12,0,1,0,1,0,0
bfa,152024.0,2021,152.0,24,1,453.70782,910.5046,2,1,1,1,1,1,0,0,1,0,0,0,0,0,0,0,0,0,0,0,6.7829999923706055,5,35,6,0,75,0,0,0,0,0,0
bfa,152028.0,2021,152.0,28,1,453.70782,910.5046,4,1,1,1,1,1,1,1,0,0,0,0,0,0,0,0,0,0,0,0,5.671068489551544,0,20,0,0,25,0,1,0,1,0,0
bfa,152062.0,2021,152.0,62,1,453.70782,910.5046,2,1,1,1,1,1,0,0,1,0,0,0,0,0,0,0,0,0,0,0,7.5640000104904175,2,25,0,0,35,0,0,0,0,0,0
bfa,152097.0,2021,152.0,97,1,453.70782,910.5046,2,1,1,1,1,1,0,0,0,0,0,0,0,0,0,0,0,0,0,0,6.31450018286705,3,15,0,0,25,0,1,1,1,0,0
bfa,153015.0,2021,153.0,15,1,1105.6172,2005.53,1,1,1,1,1,1,0,0,1,0,0,0,0,0,0,0,0,0,0,0,10.673522353172302,2,35,0,0,0,0,0,0,0,0,0
bfa,153016.0,2021,153.0,16,1,1105.6172,2005.53,2,1,1,0,1,1,0,0,0,0,0,0,0,0,0,0,0,0,0,0,3.5652998983860016,0,7,0,0,0,0,1,1,0,0,0
bfa,153030.0,2021,153.0,30,1,1105.6172,2005.53,1,1,1,1,1,1,0,0,0,0,0,0,0,0,0,0,0,0,0,0,5.079000115394592,0,0,0,0,0,0,0,0,0,0,0
bfa,153043.0,2021,153.0,43,1,1105.6172,2005.53,2,1,1,1,1,1,0,0,0,0,0,0,0,0,0,0,0,0,0,0,1.338863730430603,0,5,0,0,12,1,1,1,0,0,0
bfa,153055.0,2021,153.0,55,1,1105.6172,2005.53,1,1,1,1,1,1,0,0,1,0,0,0,0,0,0,0,0,0,0,0,6.4562379121780396,0,18,0,0,0,0,0,0,0,0,0
bfa,153072.0,2021,153.0,72,1,1105.6172,2005.53,2,1,1,0,1,1,0,0,0,0,0,0,0,0,0,0,0,0,0,0,5.1266999542713165,0,2,0,0,0,1,1,1,1,0,0
bfa,154039.0,2021,154.0,39,2,408.26315,606.16315,2,0,1,1,1,1,0,0,0,0,0,0,0,0,0,0,0,0,0,0,1.4063999950885773,0,3,0,0,0,0,1,0,0,0,0
bfa,154058.0,2021,154.0,58,2,408.26315,606.16315,4,1,1,1,1,1,0,0,0,0,0,0,0,0,0,0,0,0,0,0,1.1330000162124634,0,2,0,0,0,1,0,0,0,0,0
bfa,154069.0,2021,154.0,69,2,408.26315,606.16315,2,0,1,1,1,1,0,0,0,0,0,0,0,0,0,0,0,0,0,0,5.676400184631348,0,40,0,0,35,0,1,1,0,0,0
bfa,154084.0,2021,154.0,84,2,408.26315,606.16315,2,0,1,1,0,0,0,0,0,0,0,0,0,0,0,0,0,0,0,0,2.9045000076293945,4,10,0,0,10,0,1,0,1,0,0
bfa,154117.0,2021,154.0,117,2,408.26315,606.16315,1,1,1,1,1,1,0,0,1,0,0,0,0,0,0,0,0,0,0,0,6.782748162746429,10,33,0,0,50,1,0,0,0,0,0
bfa,154142.0,2021,154.0,142,2,408.26315,606.16315,4,1,1,0,1,1,0,0,0,0,0,0,0,0,0,0,0,0,0,0,1.2209999859333038,0,0,0,0,0,0,0,0,0,0,0
bfa,155008.0,2021,155.0,8,2,330.6733,665.086,2,0,1,0,1,1,0,0,0,0,0,0,0,0,0,0,0,0,0,0,3.7905998826026917,0,8,1,0,13,0,1,1,0,0,0
bfa,155040.0,2021,155.0,40,2,330.6733,665.086,1,0,1,0,1,1,0,0,0,0,0,0,0,0,0,0,0,0,0,0,4.263599932193756,3,13,0,0,10,1,1,0,0,0,0
bfa,155078.0,2021,155.0,78,2,330.6733,665.086,1,0,1,1,1,1,0,0,0,0,0,0,0,0,0,0,0,0,0,0,2.714199960231781,3,15,5,0,30,0,1,0,0,0,0
bfa,155079.0,2021,155.0,79,2,330.6733,665.086,2,1,1,0,1,1,0,0,1,0,0,0,0,0,0,0,0,0,0,0,6.764999985694885,2,20,6,0,30,0,0,0,0,0,0
bfa,155081.0,2021,155.0,81,2,330.6733,665.086,2,0,1,0,1,1,0,0,0,0,0,0,0,0,0,0,0,0,0,0,2.2500999867916107,0,14,0,0,20,0,1,1,0,0,0
bfa,155082.0,2021,155.0,82,2,330.6733,665.086,2,1,1,1,1,1,0,0,1,0,0,0,0,1,0,0,0,0,1,0,7.765952527523041,6,15,0,0,0,0,0,0,0,0,0
bfa,156010.0,2021,156.0,10,2,774.9718,1345.9982,2,1,1,0,1,1,0,0,0,0,0,0,0,0,0,0,0,0,0,0,5.387099981307983,68,80,0,0,80,0,1,1,0,0,0
bfa,156015.0,2021,156.0,15,2,774.9718,1345.9982,2,0,1,0,1,1,0,0,1,0,0,0,0,0,0,0,0,0,0,0,2.7683000564575195,1,10,0,0,11,0,1,1,0,0,0
bfa,156034.0,2021,156.0,34,2,774.9718,1345.9982,1,0,1,0,1,1,0,0,0,0,0,0,0,0,0,0,0,0,0,0,3.1345000565052032,6,16,3,0,10,1,1,1,0,0,0
bfa,156041.0,2021,156.0,41,2,774.9718,1345.9982,2,1,1,1,1,1,0,0,0,0,0,0,0,0,0,0,0,0,0,0,2.6197012215852737,0,2,0,0,2,1,1,1,0,0,0
bfa,156090.0,2021,156.0,90,2,774.9718,1345.9982,2,1,1,1,0,0,0,0,0,0,0,0,0,0,0,0,0,0,0,0,4.225800514221191,5,22,0,0,3,1,1,1,0,0,0
bfa,156129.0,2021,156.0,129,2,774.9718,1345.9982,2,1,1,0,1,1,0,0,0,0,0,0,0,0,0,0,0,0,0,0,2.7445999681949615,2,5,0,0,7,1,1,1,0,0,0
bfa,157039.0,2021,157.0,39,1,430.00192,944.6298,2,1,1,0,0,0,0,0,0,0,0,0,0,0,0,0,0,0,0,0,0.918900016695261,0,7,0,0,10,0,1,1,0,0,0
bfa,157044.0,2021,157.0,44,1,430.00192,944.6298,2,1,1,0,1,1,0,0,0,0,0,0,0,0,0,0,0,0,0,0,1.4631999656558037,1,0,3,0,10,0,1,1,0,0,0
bfa,157059.0,2021,157.0,59,1,430.00192,944.6298,2,0,1,1,1,1,0,0,1,0,0,0,0,0,0,0,0,0,0,0,2.943599984049797,3,9,5,0,65,1,1,1,1,0,0
bfa,157072.0,2021,157.0,72,1,430.00192,944.6298,2,1,0,0,1,1,0,0,1,0,0,0,0,1,0,0,0,0,0,0,7.462299957871437,3,8,6,0,20,0,0,1,0,0,0
bfa,157084.0,2021,157.0,84,1,430.00192,944.6298,2,0,1,1,1,1,0,0,1,0,0,0,0,1,0,0,0,0,0,0,6.126299861818552,0,0,20,0,0,1,1,1,1,0,0
bfa,157086.0,2021,157.0,86,1,430.00192,944.6298,2,1,1,0,1,1,0,0,0,0,0,0,0,0,0,0,0,0,0,0,2.0252000242471695,2,3,2,0,30,1,1,1,0,1,0
bfa,158008.0,2021,158.0,8,2,828.74664,1965.2671,1,0,0,0,1,1,0,0,0,0,0,0,0,0,0,0,0,0,0,0,2.944800041615963,0,5,0,0,16,1,1,0,0,0,0
bfa,158057.0,2021,158.0,57,2,828.74664,1965.2671,2,1,1,0,1,1,0,0,1,0,0,0,0,0,0,0,0,0,0,0,2.6613999903202057,0,22,5,0,15,0,0,1,0,0,0
bfa,158064.0,2021,158.0,64,2,828.74664,1965.2671,2,1,1,0,1,1,0,0,1,0,0,0,0,0,0,0,0,0,0,0,2.1150300353765488,2,10,0,0,15,0,1,1,0,0,0
bfa,158068.0,2021,158.0,68,2,828.74664,1965.2671,2,1,1,0,1,1,0,0,0,0,0,0,0,0,0,0,0,0,0,0,2.263100016862154,0,0,0,0,0,0,1,1,0,0,0
bfa,158069.0,2021,158.0,69,2,828.74664,1965.2671,1,0,1,0,1,1,0,0,0,0,0,0,0,0,0,0,0,0,0,0,7.964684337377548,4,18,0,0,5,1,1,1,0,0,0
bfa,158072.0,2021,158.0,72,2,828.74664,1965.2671,2,1,1,0,1,1,0,0,0,0,0,0,0,0,0,0,0,0,0,0,3.4428000152111053,1,13,0,0,15,1,1,1,0,0,0
bfa,159002.0,2021,159.0,2,2,363.95438,593.59515,2,0,1,1,1,1,0,0,1,0,0,0,0,0,0,0,0,0,0,0,3.6881999522447586,2,20,0,0,7,0,1,1,0,0,0
bfa,159032.0,2021,159.0,32,2,363.95438,593.59515,2,1,1,1,1,1,0,0,1,0,0,0,0,0,0,0,0,0,0,0,3.7002999782562256,4,20,0,0,90,0,1,1,0,0,0
bfa,159050.0,2021,159.0,50,2,363.95438,593.59515,2,1,1,1,1,1,0,0,0,0,0,0,0,0,0,0,0,0,0,0,1.7224999777972698,0,10,0,0,30,1,1,1,0,0,0
bfa,159056.0,2021,159.0,56,2,363.95438,593.59515,1,1,1,1,1,1,0,0,0,0,0,1,0,0,0,0,0,0,0,0,6.643400654196739,4,10,0,0,6,1,1,1,0,0,0
bfa,159067.0,2021,159.0,67,2,363.95438,593.59515,2,1,1,1,1,1,0,0,0,0,0,0,0,0,0,0,0,0,0,0,3.5353000536561012,2,4,0,0,6,0,1,1,0,0,0
bfa,159073.0,2021,159.0,73,2,363.95438,593.59515,1,1,1,1,1,1,0,0,0,0,0,1,0,0,0,0,0,0,0,0,4.207950830459595,0,2,8,0,2,0,1,1,0,0,0
bfa,160057.0,2021,160.0,57,2,371.30225,608.29694,2,1,1,1,1,1,0,0,1,1,0,0,0,0,0,0,0,0,0,0,1.341899961233139,0,18,0,0,29,0,1,1,0,0,0
bfa,160070.0,2021,160.0,70,2,371.30225,608.29694,2,1,1,1,1,1,0,0,0,1,0,0,0,0,0,0,0,0,0,0,1.2234000153839588,1,25,0,0,40,0,1,1,0,0,0
bfa,160071.0,2021,160.0,71,2,371.30225,608.29694,1,1,1,1,1,1,0,0,0,0,0,1,0,0,0,0,0,0,0,0,2.0935999751091003,0,10,7,0,50,0,1,1,0,0,0
bfa,160075.0,2021,160.0,75,2,371.30225,608.29694,1,1,1,1,1,1,0,0,0,0,0,1,0,0,0,0,0,0,0,0,2.0098886489868164,0,7,0,0,30,0,1,1,1,0,0
bfa,160100.0,2021,160.0,100,2,371.30225,608.29694,2,1,1,1,1,1,0,0,1,0,0,0,0,0,0,0,0,0,0,0,0.31930000334978104,5,15,0,0,40,1,1,1,0,0,0
bfa,160116.0,2021,160.0,116,2,371.30225,608.29694,2,1,1,1,1,1,0,0,1,0,0,0,0,0,0,0,0,0,0,0,1.0871411673724651,2,27,0,0,55,0,1,1,0,0,0
bfa,161022.0,2021,161.0,22,1,760.6646,1230.5276,2,1,1,1,1,1,0,0,1,0,0,1,0,1,0,0,0,0,0,1,2.2572999596595764,1,30,0,0,10,1,0,0,0,0,0
bfa,161029.0,2021,161.0,29,1,760.6646,1230.5276,1,1,1,1,1,1,0,0,1,0,0,0,0,0,0,0,0,0,0,0,1.367934100329876,7,18,0,0,15,0,1,1,0,0,0
bfa,161032.0,2021,161.0,32,1,760.6646,1230.5276,2,1,1,1,1,1,0,0,0,0,0,0,0,0,0,0,0,0,0,0,1.677299976348877,0,0,0,0,14,1,1,1,1,0,0
bfa,161078.0,2021,161.0,78,1,760.6646,1230.5276,1,1,1,1,1,1,0,0,1,0,0,1,0,1,0,0,0,0,1,0,1.4583856463432312,1,20,0,0,14,0,0,0,0,0,0
bfa,161126.0,2021,161.0,126,1,760.6646,1230.5276,2,1,1,1,1,1,0,0,0,0,0,0,0,0,0,0,0,0,0,0,1.169500008225441,0,30,0,0,15,0,0,0,0,0,0
bfa,161128.0,2021,161.0,128,1,760.6646,1230.5276,2,1,1,1,1,1,0,0,0,0,0,0,0,0,0,0,0,0,0,0,0.7793000042438507,0,13,0,0,5,0,1,1,0,0,0
bfa,162078.0,2021,162.0,78,1,899.98425,1610.8401,1,1,1,1,1,1,0,0,1,0,0,0,0,0,0,0,0,0,0,0,1.961300041526556,0,55,0,0,30,0,1,0,1,0,0
bfa,162086.0,2021,162.0,86,1,899.98425,1610.8401,1,1,1,1,1,1,0,0,1,0,0,0,0,0,0,0,0,0,0,0,3.24630007147789,2,8,0,0,0,0,1,1,0,0,0
bfa,162088.0,2021,162.0,88,1,899.98425,1610.8401,2,1,1,1,1,1,0,0,1,0,0,0,0,0,0,0,0,0,0,0,4.351008906960487,2,13,0,0,33,1,1,1,0,0,0
bfa,162095.0,2021,162.0,95,1,899.98425,1610.8401,4,1,1,1,1,1,0,0,1,0,0,0,0,0,0,0,0,0,0,0,1.0494197607040405,0,9,0,0,0,0,1,0,0,0,0
bfa,162132.0,2021,162.0,132,1,899.98425,1610.8401,4,1,1,1,1,1,0,0,1,0,0,0,0,0,0,0,0,0,0,0,2.929808259010315,0,20,0,0,30,0,1,0,0,0,0
bfa,162159.0,2021,162.0,159,1,899.98425,1610.8401,2,1,1,1,1,1,0,0,1,0,0,0,0,0,0,0,0,0,0,0,4.969199895858765,40,100,0,0,43,1,0,0,0,0,0
bfa,163064.0,2021,163.0,64,1,1073.2863,2055.0818,2,1,1,1,1,1,0,0,1,0,0,0,0,0,0,0,0,0,0,0,3.1679481267929077,4,17,0,0,42,0,0,0,0,0,0
bfa,163065.0,2021,163.0,65,1,1073.2863,2055.0818,1,1,1,1,1,1,0,0,1,0,0,0,0,0,0,0,0,0,0,0,3.8357484191656113,10,30,0,0,26,1,1,1,0,0,0
bfa,163089.0,2021,163.0,89,1,1073.2863,2055.0818,2,1,1,1,0,1,0,0,0,0,0,0,0,0,0,0,0,0,0,0,1.12540003657341,103,120,0,0,100,0,1,0,1,0,0
bfa,163090.0,2021,163.0,90,1,1073.2863,2055.0818,2,1,0,1,1,1,0,0,0,0,0,0,0,0,0,0,0,0,0,0,,10,9,0,0,5,0,1,0,0,0,0
bfa,163091.0,2021,163.0,91,1,1073.2863,2055.0818,2,1,0,0,1,1,0,0,0,0,0,0,0,0,0,0,0,0,0,0,0.6287000179290771,4,22,0,0,3,0,1,1,0,1,0
bfa,163148.0,2021,163.0,148,1,1073.2863,2055.0818,2,1,1,1,1,1,0,0,0,0,0,0,0,0,0,0,0,0,0,0,5.2057947516441345,6,0,0,0,0,1,0,1,0,0,0
bfa,164002.0,2021,164.0,2,1,2254.4268,3700.5786,2,1,1,1,1,1,0,0,0,0,0,0,0,0,0,0,0,0,0,0,1.5794000625610352,3,10,0,0,20,1,0,0,0,0,0
bfa,164006.0,2021,164.0,6,1,2254.4268,3700.5786,2,1,1,1,1,1,0,0,0,0,0,0,0,0,0,0,0,0,0,0,3.8437999561429024,0,25,0,0,22,1,1,1,0,0,0
bfa,164014.0,2021,164.0,14,1,2254.4268,3700.5786,4,1,1,1,1,1,0,0,1,0,0,0,0,0,0,0,0,0,0,0,1.2110000252723694,3,4,2,0,2,0,0,0,0,0,0
bfa,164033.0,2021,164.0,33,1,2254.4268,3700.5786,2,1,1,1,1,1,0,0,0,0,0,0,0,0,0,0,0,0,0,0,1.3055257052183151,0,8,0,0,20,0,0,0,0,0,0
bfa,164123.0,2021,164.0,123,1,2254.4268,3700.5786,2,1,1,1,1,1,0,0,1,0,0,0,0,1,0,0,0,0,0,0,0.5292000025510788,0,22,2,0,20,0,1,0,0,0,0
bfa,164188.0,2021,164.0,188,1,2254.4268,3700.5786,2,1,1,1,1,1,0,0,1,0,0,0,0,0,0,0,0,0,0,0,0.9878000020980835,2,10,3,0,18,0,1,1,0,0,0
bfa,165186.0,2021,165.0,186,2,2412.6975,4322.6963,2,1,1,1,1,1,0,0,1,0,0,0,0,0,0,0,0,0,0,0,3.194145053625107,2,12,0,0,20,0,0,1,1,0,0
bfa,165207.0,2021,165.0,207,2,2412.6975,4322.6963,2,1,1,1,1,0,0,0,0,0,0,0,0,0,0,0,0,0,0,0,1.8899999856948853,0,3,0,0,8,1,1,0,0,0,0
bfa,165222.0,2021,165.0,222,2,2412.6975,4322.6963,2,1,1,1,1,1,0,0,1,0,0,0,0,0,0,0,0,0,0,0,1.7586000077426434,1,8,0,0,0,0,0,0,0,0,0
bfa,165251.0,2021,165.0,251,2,2412.6975,4322.6963,2,1,1,1,1,1,0,0,0,0,0,0,0,0,0,0,0,0,0,0,0.6854000091552734,0,7,0,0,5,0,1,0,0,0,0
bfa,165253.0,2021,165.0,253,2,2412.6975,4322.6963,2,1,1,1,1,1,0,0,1,0,0,0,0,1,0,0,0,0,0,0,2.2499999403953552,0,11,0,0,15,0,0,1,0,0,0
bfa,165254.0,2021,165.0,254,2,2412.6975,4322.6963,2,1,1,1,1,1,0,0,1,0,0,0,0,0,0,0,0,0,0,0,3.9328000470995903,3,25,0,0,320,1,0,0,0,0,0
bfa,166010.0,2021,166.0,10,1,539.5196,1076.3224,1,1,1,1,1,1,1,1,0,1,1,1,0,1,0,0,0,0,0,0,,0,0,0,0,0,0,0,1,0,0,0
bfa,166025.0,2021,166.0,25,1,539.5196,1076.3224,1,1,1,1,1,1,1,1,0,0,0,1,0,1,0,0,0,0,0,0,0.8579318821430206,0,10,0,0,0,0,1,1,0,0,0
bfa,166040.0,2021,166.0,40,1,539.5196,1076.3224,2,1,0,1,1,1,0,0,0,1,0,0,0,0,0,0,0,0,0,0,,0,0,0,0,0,0,0,1,1,0,0
bfa,166041.0,2021,166.0,41,1,539.5196,1076.3224,4,1,1,1,1,1,0,0,1,0,0,0,0,0,0,0,0,0,0,0,,0,0,0,0,0,0,0,0,0,0,0
bfa,166055.0,2021,166.0,55,1,539.5196,1076.3224,1,1,1,1,0,0,1,1,0,1,1,1,0,0,0,0,0,0,0,1,1.0330582857131958,0,0,0,0,0,0,0,1,0,0,0
bfa,166081.0,2021,166.0,81,1,539.5196,1076.3224,4,1,1,1,1,1,1,0,1,0,1,0,0,0,0,0,0,0,0,0,,0,0,0,0,0,0,0,0,0,0,0
bfa,167025.0,2021,167.0,25,2,870.6103,2122.475,1,1,1,1,1,1,0,0,1,0,0,0,0,0,0,0,0,0,0,0,2.0740156397223473,0,13,0,0,0,0,1,1,0,0,0
bfa,167053.0,2021,167.0,53,2,870.6103,2122.475,1,1,1,1,1,1,0,0,0,0,0,0,0,0,0,0,0,0,0,0,7.542400032281876,7,35,0,0,20,0,1,1,1,0,0
bfa,167076.0,2021,167.0,76,2,870.6103,2122.475,2,1,1,1,1,1,0,0,0,0,0,0,0,0,0,0,0,0,0,0,4.213099956512451,0,25,0,0,10,0,1,0,0,0,0
bfa,167078.0,2021,167.0,78,2,870.6103,2122.475,2,1,1,1,1,1,0,0,1,0,0,0,0,1,0,0,0,0,1,0,5.415800034999847,1,36,0,0,12,1,1,0,0,0,0
bfa,167138.0,2021,167.0,138,2,870.6103,2122.475,2,1,1,1,1,1,0,0,1,0,0,0,0,0,0,0,0,0,0,0,6.1500000059604645,8,8,0,0,20,0,0,0,0,0,0
bfa,167139.0,2021,167.0,139,2,870.6103,2122.475,2,1,0,1,1,1,0,0,0,0,0,0,0,0,0,0,0,0,0,0,1.360000029206276,3,18,0,0,20,0,1,0,0,0,0
bfa,168020.0,2021,168.0,20,1,672.8797,1431.4078,2,1,1,1,1,1,0,0,1,0,0,0,0,0,0,0,0,0,0,0,0.39980001747608185,0,5,0,0,0,0,0,0,0,0,0
bfa,168073.0,2021,168.0,73,1,672.8797,1431.4078,2,0,1,1,1,1,0,0,1,0,0,0,0,0,0,0,0,0,0,0,1.095200002193451,0,0,0,0,0,0,0,0,0,0,0
bfa,168077.0,2021,168.0,77,1,672.8797,1431.4078,2,1,1,1,1,1,0,0,1,0,0,0,0,0,0,0,0,0,0,0,0.6708999872207642,7,15,0,0,100,1,1,1,0,0,0
bfa,168097.0,2021,168.0,97,1,672.8797,1431.4078,2,1,1,1,1,1,0,0,0,0,0,0,0,0,0,0,0,0,0,0,1.2422365956008434,0,4,0,0,15,0,1,0,0,0,0
bfa,168106.0,2021,168.0,106,1,672.8797,1431.4078,2,1,1,1,1,1,0,0,1,0,0,0,0,0,0,0,0,0,0,0,1.8031900525093079,0,10,0,0,0,0,1,1,1,0,0
bfa,168129.0,2021,168.0,129,1,672.8797,1431.4078,2,1,1,1,1,1,0,0,1,0,0,1,0,0,0,0,0,0,0,0,4.898200053721666,4,28,0,0,50,0,1,0,1,0,0
bfa,169023.0,2021,169.0,23,2,654.5878,1747.9641,1,1,1,1,1,1,0,0,0,0,0,0,0,0,0,0,0,0,0,0,0.9775999784469604,2,5,0,0,0,0,1,1,1,0,0
bfa,169045.0,2021,169.0,45,2,654.5878,1747.9641,2,1,1,1,1,1,0,0,0,0,0,0,0,0,0,0,0,0,0,0,2.9669249057769775,2,29,0,0,4,1,1,0,1,0,0
bfa,169046.0,2021,169.0,46,2,654.5878,1747.9641,2,1,1,1,1,1,0,0,0,0,0,0,0,0,0,0,0,0,0,0,7.569999992847443,0,12,0,0,26,1,1,0,0,0,0
bfa,169061.0,2021,169.0,61,2,654.5878,1747.9641,2,1,1,1,1,1,0,0,0,0,0,0,0,0,0,0,0,0,0,0,,0,0,0,0,0,1,0,0,0,0,0
bfa,169069.0,2021,169.0,69,2,654.5878,1747.9641,1,1,1,1,1,1,0,0,0,0,0,0,0,0,0,0,0,0,0,0,2.9925999641418457,0,9,0,0,10,1,1,1,0,0,0
bfa,169077.0,2021,169.0,77,2,654.5878,1747.9641,2,1,1,1,1,1,0,0,0,0,0,0,0,0,0,0,0,0,0,0,1.1538000106811523,0,3,0,0,0,0,0,0,0,0,0
bfa,170015.0,2021,170.0,15,1,178.68163,200.10295,1,1,1,1,1,1,1,1,0,1,1,1,1,1,0,1,1,1,1,0,0.38573402166366577,10,0,0,0,0,1,1,1,1,0,0
bfa,170062.0,2021,170.0,62,1,178.68163,200.10295,4,1,1,1,1,1,0,0,1,0,0,1,0,0,0,0,0,0,0,0,,0,0,0,0,0,0,1,1,0,0,0
bfa,170073.0,2021,170.0,73,1,178.68163,200.10295,2,1,1,1,1,1,1,1,0,0,0,0,0,0,0,0,0,0,0,0,,0,10,0,0,0,0,1,1,0,0,0
bfa,170095.0,2021,170.0,95,1,178.68163,200.10295,1,1,1,1,1,1,1,1,0,1,1,1,0,0,0,1,0,0,0,0,,0,6,0,0,0,0,0,0,0,0,0
bfa,170097.0,2021,170.0,97,1,178.68163,200.10295,1,1,1,1,1,1,1,1,0,1,1,1,1,1,0,1,1,1,1,1,1.392699956893921,0,33,0,0,350,0,0,1,0,0,0
bfa,170137.0,2021,170.0,137,1,178.68163,200.10295,1,1,1,1,1,1,1,1,0,1,1,1,0,0,0,0,0,0,0,0,0.5229285359382629,0,0,0,0,0,1,1,1,0,0,0
bfa,171018.0,2021,171.0,18,1,75.60843,256.68463,1,1,1,1,1,1,0,0,1,1,0,1,0,0,0,0,0,0,0,0,,0,0,0,0,0,0,0,1,0,0,0
bfa,171031.0,2021,171.0,31,1,75.60843,256.68463,1,1,1,1,1,1,1,1,0,0,1,1,1,1,0,0,0,0,0,0,0.24789999425411224,2,12,0,0,0,0,0,1,0,0,0
bfa,171055.0,2021,171.0,55,1,75.60843,256.68463,1,1,1,1,1,1,0,0,1,0,0,1,0,0,0,0,0,0,0,0,2.4366000294685364,0,0,0,0,0,0,1,1,0,0,0
bfa,171133.0,2021,171.0,133,1,75.60843,256.68463,2,1,1,1,1,1,0,0,0,0,0,0,0,0,0,0,0,0,0,0,0.3414999917149544,0,13,0,0,20,1,0,1,0,0,0
bfa,171188.0,2021,171.0,188,1,75.60843,256.68463,1,1,1,1,1,1,0,0,1,0,0,1,0,0,0,0,0,0,0,0,0.880300011485815,0,0,0,0,10,0,1,1,0,0,0
bfa,171198.0,2021,171.0,198,1,75.60843,256.68463,2,1,1,1,1,1,0,0,1,0,0,0,0,0,0,0,0,0,0,0,1.0029000267386436,0,5,0,0,0,0,0,1,1,0,0
bfa,172004.0,2021,172.0,4,1,379.06876,195.8194,1,1,1,1,1,1,0,0,1,1,0,1,0,0,0,0,0,0,0,0,2.584109604358673,2,12,0,0,8,0,0,1,0,0,0
bfa,172016.0,2021,172.0,16,1,379.06876,195.8194,1,1,1,1,1,1,0,0,1,0,0,0,1,0,0,0,0,0,0,0,0.4230000078678131,0,0,0,0,0,0,0,1,0,0,0
bfa,172022.0,2021,172.0,22,1,379.06876,195.8194,1,1,1,1,1,1,0,0,1,0,1,1,0,1,0,1,0,0,1,1,,200,19,0,0,0,0,0,0,0,0,0
bfa,172042.0,2021,172.0,42,1,379.06876,195.8194,3,1,1,1,1,1,1,1,0,0,1,1,0,1,1,0,1,1,1,0,0.2513255178928375,0,8,0,0,6,1,1,1,1,0,0
bfa,172043.0,2021,172.0,43,1,379.06876,195.8194,1,1,1,1,1,1,0,0,1,0,1,1,0,1,0,0,0,0,0,0,0.9223999977111816,0,5,0,0,6,0,1,1,1,0,0
bfa,172044.0,2021,172.0,44,1,379.06876,195.8194,1,1,1,1,1,1,0,0,1,1,0,1,0,1,0,0,1,0,0,0,,0,3,0,0,14,0,0,1,0,0,0
bfa,173075.0,2021,173.0,75,2,97.84229,183.81628,1,1,1,1,1,1,0,0,1,0,0,0,0,1,0,0,0,0,0,0,,0,0,0,0,0,0,0,1,1,0,0
bfa,173100.0,2021,173.0,100,2,97.84229,183.81628,2,1,1,1,1,1,0,0,1,0,0,0,0,0,0,0,0,0,0,0,,0,2,0,0,0,0,0,0,0,0,0
bfa,173108.0,2021,173.0,108,2,97.84229,183.81628,2,1,1,1,1,1,0,0,0,0,0,0,0,0,0,0,0,0,0,0,0.5623999834060669,0,3,0,0,5,0,1,0,1,0,0
bfa,173110.0,2021,173.0,110,2,97.84229,183.81628,2,1,1,1,1,1,0,0,1,0,0,0,0,0,0,0,0,0,0,0,,0,0,0,0,0,1,0,0,0,0,0
bfa,173112.0,2021,173.0,112,2,97.84229,183.81628,1,1,1,1,1,1,0,0,0,0,0,0,0,0,0,0,0,0,0,0,,0,2,0,0,0,0,1,0,0,0,0
bfa,173125.0,2021,173.0,125,2,97.84229,183.81628,2,1,1,1,1,1,0,0,1,0,0,0,0,0,0,0,0,0,0,0,3.4303999841213226,3,15,0,0,40,1,0,0,0,0,0
bfa,174032.0,2021,174.0,32,1,280.26996,371.26312,3,0,1,1,1,1,0,0,1,0,0,1,0,0,0,0,0,0,0,0,0.9615460634231567,0,0,0,0,0,1,1,0,0,0,0
bfa,174045.0,2021,174.0,45,1,280.26996,371.26312,2,1,1,1,1,1,0,0,1,0,0,0,0,0,0,0,0,0,0,0,,0,0,0,0,0,0,1,1,0,0,0
bfa,174047.0,2021,174.0,47,1,280.26996,371.26312,2,1,1,1,1,1,0,0,0,1,0,0,0,0,0,0,0,0,0,0,2.2718999460339546,0,25,0,0,0,0,1,1,0,0,0
bfa,174072.0,2021,174.0,72,1,280.26996,371.26312,1,1,1,1,1,1,0,0,0,0,0,0,0,0,0,0,0,0,0,0,,0,0,0,0,0,0,0,0,0,0,0
bfa,174106.0,2021,174.0,106,1,280.26996,371.26312,2,1,1,1,1,1,0,0,1,1,0,0,0,0,0,0,0,0,0,0,,0,0,0,0,0,0,0,0,0,0,0
bfa,174127.0,2021,174.0,127,1,280.26996,371.26312,2,1,1,1,1,1,1,1,0,0,0,1,0,1,0,0,0,0,0,0,,0,0,0,0,0,1,0,1,1,0,0
bfa,175178.0,2021,175.0,178,2,610.7686,808.5807,2,1,1,1,1,1,0,0,0,1,0,0,0,0,0,0,0,0,0,0,,0,9,0,0,0,0,0,1,0,0,0
bfa,175283.0,2021,175.0,283,2,610.7686,808.5807,2,1,1,1,1,1,0,0,1,0,0,0,0,1,0,0,0,0,1,0,,0,0,0,0,0,0,0,1,0,0,0
bfa,175304.0,2021,175.0,304,2,610.7686,808.5807,1,1,1,1,1,1,0,0,1,1,0,0,0,0,0,0,0,0,0,0,1.3470993638038635,0,0,0,0,0,1,1,1,0,0,0
bfa,175341.0,2021,175.0,341,2,610.7686,808.5807,2,1,1,1,1,1,0,0,1,0,0,0,0,0,0,0,0,0,0,0,,0,3,0,0,0,0,1,1,0,0,0
bfa,175349.0,2021,175.0,349,2,610.7686,808.5807,2,1,1,1,1,1,0,0,1,0,0,0,0,0,0,0,0,0,0,0,1.520000047981739,0,3,0,0,10,0,0,0,0,0,0
bfa,175353.0,2021,175.0,353,2,610.7686,808.5807,2,1,1,1,1,1,0,0,1,0,0,0,0,0,0,0,0,0,0,0,,0,0,0,0,0,0,0,0,0,0,0
bfa,176019.0,2021,176.0,19,2,562.4208,885.3033,1,1,1,1,1,1,0,0,1,0,0,0,0,1,0,0,0,0,0,0,0.9770000278949738,30,110,0,0,74,0,1,0,0,0,0
bfa,176026.0,2021,176.0,26,2,562.4208,885.3033,2,1,1,1,1,0,0,0,0,0,0,0,0,0,0,0,0,0,0,0,4.867077097296715,0,5,0,0,16,0,0,0,0,0,0
bfa,176036.0,2021,176.0,36,2,562.4208,885.3033,2,1,1,1,1,1,0,0,1,0,0,1,0,1,0,0,0,0,0,0,4.826200008392334,0,5,0,0,0,0,1,1,0,0,0
bfa,176046.0,2021,176.0,46,2,562.4208,885.3033,2,1,1,1,1,1,0,0,0,0,0,0,0,0,0,0,0,0,0,0,3.0999999940395355,4,25,0,0,10,1,0,0,0,0,0
bfa,176066.0,2021,176.0,66,2,562.4208,885.3033,2,1,1,1,1,1,0,0,0,0,0,0,0,0,0,0,0,0,0,0,5.060059815645218,2,15,0,0,0,0,0,1,0,0,0
bfa,176149.0,2021,176.0,149,2,562.4208,885.3033,1,1,0,1,1,1,0,0,1,0,0,0,0,0,0,0,0,0,0,0,1.0364999920129776,3,40,0,0,15,0,1,0,0,0,0
bfa,177024.0,2021,177.0,24,1,400.57175,793.3729,1,1,1,1,1,1,0,0,1,0,0,0,0,1,0,0,0,0,0,0,2.489200010895729,0,25,0,0,5,0,1,1,0,0,0
bfa,177027.0,2021,177.0,27,1,400.57175,793.3729,1,1,1,1,1,1,0,0,1,0,0,0,0,0,0,0,0,0,0,0,1.6354999840259552,0,24,0,0,26,0,1,1,1,0,0
bfa,177046.0,2021,177.0,46,1,400.57175,793.3729,2,1,1,1,1,1,0,0,0,0,1,1,0,0,0,0,0,0,0,0,2.2455999776721,0,10,0,0,15,0,1,1,0,0,0
bfa,177069.0,2021,177.0,69,1,400.57175,793.3729,2,1,1,1,1,1,0,0,1,0,0,0,0,0,0,0,0,0,0,0,2.0821999609470367,3,10,0,0,12,0,1,0,0,0,0
bfa,177108.0,2021,177.0,108,1,400.57175,793.3729,2,1,1,1,1,1,0,0,0,0,0,0,0,0,0,0,0,0,0,0,1.337799996137619,0,15,0,0,20,0,1,0,0,0,0
bfa,177113.0,2021,177.0,113,1,400.57175,793.3729,2,1,1,1,1,1,0,0,0,0,0,0,0,0,0,0,0,0,0,0,2.9731999337673187,4,10,0,0,20,0,0,0,0,0,0
bfa,178026.0,2021,178.0,26,1,290.43558,540.62524,2,1,1,1,1,1,0,0,0,0,0,0,0,0,0,0,0,0,0,0,1.649745523929596,0,2,0,0,0,0,1,1,0,0,0
bfa,178027.0,2021,178.0,27,1,290.43558,540.62524,2,1,1,1,1,1,0,0,0,0,0,0,0,1,0,0,0,0,0,0,1.9232000336050987,1,8,0,0,36,1,1,1,1,0,0
bfa,178039.0,2021,178.0,39,1,290.43558,540.62524,1,1,1,1,1,1,0,0,0,1,0,0,0,0,0,0,0,0,0,0,1.071000024676323,0,20,0,0,43,0,1,1,0,0,0
bfa,178041.0,2021,178.0,41,1,290.43558,540.62524,2,1,1,1,1,1,0,0,0,0,0,0,0,0,0,0,0,0,0,0,2.9527999609708786,2,12,0,0,25,0,1,1,1,0,0
bfa,178063.0,2021,178.0,63,1,290.43558,540.62524,2,1,1,1,1,1,0,0,0,0,0,0,0,0,0,0,0,0,0,0,3.0100011005997658,1,5,0,0,15,0,1,1,0,0,0
bfa,178066.0,2021,178.0,66,1,290.43558,540.62524,1,1,1,1,1,1,0,0,0,1,0,0,0,0,0,0,0,0,0,0,0.867290947586298,0,8,0,0,7,0,1,0,0,0,0
bfa,179029.0,2021,179.0,29,2,834.16815,1354.2433,2,1,1,1,1,1,0,0,1,0,0,1,0,1,0,0,0,0,0,0,2.220499962568283,0,0,0,0,10,0,0,1,0,1,0
bfa,179049.0,2021,179.0,49,2,834.16815,1354.2433,2,1,1,1,1,1,0,0,1,0,0,0,0,1,0,0,0,0,0,0,1.0370560884475708,0,0,0,0,0,0,1,1,0,0,0
bfa,179072.0,2021,179.0,72,2,834.16815,1354.2433,4,1,1,1,1,1,0,0,0,0,0,0,0,0,0,0,0,0,0,0,0.7832458466291428,0,13,0,0,0,0,1,1,0,0,0
bfa,179081.0,2021,179.0,81,2,834.16815,1354.2433,4,1,1,1,1,1,0,0,0,0,0,0,0,0,0,0,0,0,0,0,1.3133967965841293,2,10,0,0,0,0,1,1,0,0,0
bfa,179110.0,2021,179.0,110,2,834.16815,1354.2433,1,1,1,1,1,1,0,0,1,0,1,0,0,0,0,0,0,0,0,0,0.9599999934434891,3,27,14,0,60,0,1,1,0,0,0
bfa,179137.0,2021,179.0,137,2,834.16815,1354.2433,2,1,1,1,1,1,0,0,1,1,1,1,0,0,0,0,0,0,0,0,1.3115974143147469,0,9,0,0,0,1,0,1,0,0,0
bfa,180001.0,2021,180.0,1,2,1152.5222,1552.758,2,1,1,1,1,1,0,0,1,0,0,1,0,1,0,0,0,0,0,0,1.0668999701738358,1,30,0,0,26,0,0,1,0,0,0
bfa,180003.0,2021,180.0,3,2,1152.5222,1552.758,2,0,1,0,1,1,0,0,0,0,0,0,0,0,0,0,0,0,0,0,1.1167000122368336,5,11,0,0,3,1,1,1,0,0,0
bfa,180016.0,2021,180.0,16,2,1152.5222,1552.758,2,1,1,1,1,1,0,0,0,0,0,0,0,0,0,0,0,0,0,0,1.9799999855458736,2,10,0,0,0,0,1,1,1,0,0
bfa,180018.0,2021,180.0,18,2,1152.5222,1552.758,2,1,1,1,1,1,0,0,0,1,0,0,0,1,0,0,0,0,0,0,0.6500000115483999,0,17,0,0,0,0,1,1,0,1,0
bfa,180099.0,2021,180.0,99,2,1152.5222,1552.758,4,1,1,1,1,1,0,0,1,0,0,0,0,0,0,0,0,0,0,0,1.5118999779224396,0,3,0,0,0,1,1,1,0,0,0
bfa,180139.0,2021,180.0,139,2,1152.5222,1552.758,2,1,1,1,1,1,0,0,0,0,0,0,0,0,0,0,0,0,0,0,1.1570677757263184,0,5,11,0,0,0,1,1,0,0,0
bfa,181004.0,2021,181.0,4,2,270.16513,298.02567,4,1,1,1,1,1,1,1,0,1,0,0,0,0,0,0,1,0,0,0,1.5035497546195984,0,3,0,0,0,0,1,1,0,0,0
bfa,181052.0,2021,181.0,52,2,270.16513,298.02567,4,1,1,1,1,1,0,1,0,1,0,0,0,1,0,0,0,0,0,1,0.5719137787818909,0,10,0,0,0,0,1,1,0,0,0
bfa,181053.0,2021,181.0,53,2,270.16513,298.02567,1,1,1,1,1,1,0,1,0,0,0,0,0,1,0,0,0,0,0,0,1.0796114206314087,0,9,0,0,0,1,0,1,0,0,0
bfa,181060.0,2021,181.0,60,2,270.16513,298.02567,1,1,1,1,1,1,0,0,1,0,0,1,0,0,0,0,0,0,0,0,,0,12,0,0,20,0,0,1,0,0,0
bfa,181076.0,2021,181.0,76,2,270.16513,298.02567,3,1,1,1,1,1,1,1,0,1,0,0,0,1,0,1,1,0,1,0,,0,0,0,0,0,0,0,0,0,0,0
bfa,181126.0,2021,181.0,126,2,270.16513,298.02567,4,1,1,1,1,1,1,1,0,1,0,0,0,1,0,0,1,0,1,0,0.6224674135446548,0,0,0,0,0,1,0,1,0,0,0
bfa,182036.0,2021,182.0,36,2,533.75,1091.3037,4,1,1,1,1,1,0,0,0,0,0,0,0,0,0,0,0,0,0,0,0.6915949210524559,2,1,0,0,0,1,1,1,0,0,0
bfa,182045.0,2021,182.0,45,2,533.75,1091.3037,4,1,1,1,1,1,0,0,1,1,0,0,0,1,0,0,0,0,0,1,1.1914985477924347,0,5,1,0,0,0,1,1,0,0,0
bfa,182051.0,2021,182.0,51,2,533.75,1091.3037,2,1,1,1,1,1,0,0,0,0,0,0,0,0,0,0,0,0,0,0,1.0399999786168337,3,0,0,0,5,0,1,1,0,0,0
bfa,182071.0,2021,182.0,71,2,533.75,1091.3037,2,1,1,1,1,1,0,0,0,0,0,0,0,0,0,0,0,0,0,0,0.9430821537971497,0,0,0,0,8,0,1,1,0,0,0
bfa,182072.0,2021,182.0,72,2,533.75,1091.3037,2,1,1,1,1,1,0,0,0,0,0,0,0,0,0,0,0,0,0,0,1.6693692207336426,1,2,0,0,0,0,1,1,0,0,0
bfa,182105.0,2021,182.0,105,2,533.75,1091.3037,2,1,1,1,1,1,0,0,1,0,0,0,0,1,0,0,0,0,1,0,1.5199999883770943,0,6,8,0,0,1,1,1,1,0,0
bfa,183022.0,2021,183.0,22,1,291.05267,262.9199,4,1,1,1,1,1,0,1,0,0,0,1,0,0,0,0,1,0,0,0,1.4919000267982483,1,2,1,0,28,0,1,1,0,0,0
bfa,183032.0,2021,183.0,32,1,291.05267,262.9199,1,1,1,1,1,1,0,0,0,1,0,1,0,1,0,1,0,0,0,0,1.4627055823802948,0,0,2,0,20,1,1,1,0,0,0
bfa,183046.0,2021,183.0,46,1,291.05267,262.9199,1,1,1,1,1,1,1,0,1,1,1,1,0,1,0,1,1,1,1,1,0.05000000074505806,1,20,0,0,20,1,1,1,0,0,0
bfa,183102.0,2021,183.0,102,1,291.05267,262.9199,1,1,1,1,1,1,0,0,0,1,0,0,0,0,0,0,0,0,0,0,0.317500002682209,1,6,0,0,5,0,0,1,0,0,0
bfa,183103.0,2021,183.0,103,1,291.05267,262.9199,1,1,1,1,1,1,0,0,1,0,0,0,0,1,0,0,0,0,0,0,2.9031341150403023,3,15,0,0,0,1,1,1,0,0,0
bfa,183108.0,2021,183.0,108,1,291.05267,262.9199,1,1,1,1,1,1,0,0,0,0,1,0,0,0,0,0,0,0,0,0,0.2199999988079071,0,5,0,0,30,0,1,1,0,0,0
bfa,184003.0,2021,184.0,3,1,318.85156,284.89172,1,1,1,1,1,1,1,1,0,1,1,1,1,1,1,1,0,1,1,1,,0,3,30,0,28,0,0,1,1,0,0
bfa,184023.0,2021,184.0,23,1,318.85156,284.89172,4,1,1,1,1,1,1,1,0,1,1,1,0,1,0,0,0,0,0,0,0.12559999898076057,0,4,0,0,0,0,0,1,0,0,0
bfa,184030.0,2021,184.0,30,1,318.85156,284.89172,1,1,1,1,1,1,1,1,0,1,1,1,0,1,0,1,1,1,1,1,,0,0,0,0,0,0,0,1,0,0,0
bfa,184093.0,2021,184.0,93,1,318.85156,284.89172,3,1,1,1,1,1,1,1,0,0,0,1,0,1,1,1,1,1,1,0,,0,0,0,0,7,0,1,1,1,0,0
bfa,184101.0,2021,184.0,101,1,318.85156,284.89172,1,0,1,1,1,1,0,0,0,0,1,0,0,0,0,0,0,0,0,0,0.14000000059604645,0,0,0,0,0,0,1,1,0,0,0
bfa,184160.0,2021,184.0,160,1,318.85156,284.89172,1,1,1,1,1,1,1,1,0,0,0,0,0,1,0,0,0,0,1,0,0.10000000149011612,0,0,0,0,10,0,1,1,1,0,0
bfa,185001.0,2021,185.0,1,2,300.45697,509.7083,4,1,1,1,1,1,0,0,0,0,0,0,0,0,0,0,0,0,0,0,0.8069511502981186,0,0,0,0,0,0,1,0,0,0,0
bfa,185014.0,2021,185.0,14,2,300.45697,509.7083,2,1,1,1,1,1,0,0,1,1,0,0,0,0,0,0,0,0,0,0,1.6100000068545341,1,12,0,0,10,0,1,1,0,0,0
bfa,185016.0,2021,185.0,16,2,300.45697,509.7083,2,1,1,1,1,1,0,0,1,0,0,0,0,0,0,0,0,0,0,0,0.7000000067055225,0,8,0,0,6,0,1,1,0,0,0
bfa,185024.0,2021,185.0,24,2,300.45697,509.7083,4,1,1,0,1,1,0,0,0,0,0,0,0,0,0,0,0,0,0,0,0.907548300921917,0,7,0,0,0,0,0,1,0,0,0
bfa,185041.0,2021,185.0,41,2,300.45697,509.7083,4,1,1,1,1,1,0,0,1,0,0,0,0,0,0,0,0,0,0,0,1.2769033908843994,0,10,0,0,0,1,1,1,1,0,0
bfa,185060.0,2021,185.0,60,2,300.45697,509.7083,1,1,1,0,1,1,0,0,0,0,0,0,0,0,0,0,0,0,0,0,0.744263980537653,0,5,0,0,0,0,1,1,0,0,0
bfa,186001.0,2021,186.0,1,1,508.1221,1063.1497,2,0,1,1,1,1,0,0,1,0,0,0,0,0,0,0,0,0,0,0,1.4487000033259392,2,11,0,0,18,0,1,1,1,0,0
bfa,186023.0,2021,186.0,23,1,508.1221,1063.1497,2,1,1,1,1,1,0,0,1,0,0,0,0,0,0,0,0,0,0,0,3.822000026702881,5,16,0,0,20,0,1,1,0,0,0
bfa,186051.0,2021,186.0,51,1,508.1221,1063.1497,4,1,1,1,1,1,0,0,0,0,0,0,0,1,0,0,0,0,0,0,5.127788153477013,3,50,0,0,51,0,0,1,0,0,0
bfa,186057.0,2021,186.0,57,1,508.1221,1063.1497,2,1,0,0,1,1,0,0,0,0,0,0,0,0,0,0,0,0,0,0,2.4241000041365623,8,10,0,0,59,0,1,1,0,0,0
bfa,186065.0,2021,186.0,65,1,508.1221,1063.1497,2,1,1,1,1,1,0,0,0,0,0,0,0,0,0,0,0,0,0,0,2.2400000169873238,3,35,0,0,22,1,1,1,1,0,0
bfa,186085.0,2021,186.0,85,1,508.1221,1063.1497,1,1,1,1,1,1,0,0,0,0,0,0,0,0,0,0,0,0,0,0,2.0099999886006117,1,7,0,0,20,1,1,1,0,1,0
bfa,187069.0,2021,187.0,69,2,956.26324,1168.5079,2,1,1,1,1,1,0,0,1,1,0,0,0,0,0,0,0,0,0,0,,0,0,0,0,0,0,0,0,1,0,0
bfa,187093.0,2021,187.0,93,2,956.26324,1168.5079,2,1,1,1,1,1,0,0,1,1,0,0,0,0,0,0,0,0,0,0,0.16288642585277557,0,12,0,0,0,0,0,0,0,0,0
bfa,187115.0,2021,187.0,115,2,956.26324,1168.5079,2,1,1,1,1,1,0,0,1,0,0,0,0,0,0,0,0,0,0,0,,0,0,0,0,0,0,0,0,0,0,0
bfa,187129.0,2021,187.0,129,2,956.26324,1168.5079,2,1,1,1,1,1,0,0,1,0,0,0,0,0,0,0,0,0,0,0,,0,0,0,0,0,0,0,0,0,0,0
bfa,187160.0,2021,187.0,160,2,956.26324,1168.5079,2,1,1,1,1,1,0,0,1,0,0,1,0,1,0,0,0,0,0,0,,0,0,0,0,0,0,0,1,0,0,0
bfa,187189.0,2021,187.0,189,2,956.26324,1168.5079,2,1,1,1,1,1,0,0,1,1,0,1,0,1,0,0,0,0,0,0,,0,0,0,0,50,0,1,1,1,0,0
bfa,188079.0,2021,188.0,79,2,717.9412,900.4375,1,1,1,1,1,1,0,0,1,0,0,0,0,1,0,0,0,0,0,0,1.5972909927368164,2,20,0,0,0,0,1,1,1,0,0
bfa,188081.0,2021,188.0,81,2,717.9412,900.4375,1,1,1,1,1,1,0,0,1,1,0,0,0,0,0,0,0,0,0,0,1.373340904712677,0,7,0,0,35,1,1,1,0,0,0
bfa,188087.0,2021,188.0,87,2,717.9412,900.4375,2,1,1,1,1,1,0,0,0,0,0,0,0,0,0,0,0,0,0,0,1.2802893221378326,0,0,0,0,0,1,1,0,0,0,0
bfa,188132.0,2021,188.0,132,2,717.9412,900.4375,2,1,1,1,1,1,0,0,0,0,0,1,0,0,0,0,0,0,0,0,0.9689701348543167,0,0,0,0,0,1,1,1,1,0,0
bfa,188133.0,2021,188.0,133,2,717.9412,900.4375,1,1,1,1,1,1,0,0,1,0,0,1,0,0,0,0,1,0,0,1,,0,0,0,0,0,0,1,1,0,0,0
bfa,189045.0,2021,189.0,45,1,1260.6017,1615.1288,2,1,1,1,1,0,0,0,1,0,0,0,0,0,0,0,1,0,0,0,1.127177208662033,0,0,0,0,0,0,1,1,0,0,0
bfa,189047.0,2021,189.0,47,1,1260.6017,1615.1288,2,1,1,1,1,1,0,0,1,0,0,0,0,1,0,0,0,0,0,0,,0,0,0,0,0,1,0,0,1,0,0
bfa,189085.0,2021,189.0,85,1,1260.6017,1615.1288,1,1,1,1,1,1,0,0,1,1,0,0,0,1,0,0,0,0,0,0,0.47599998861551285,0,2,0,0,10,0,1,0,1,0,0
bfa,189107.0,2021,189.0,107,1,1260.6017,1615.1288,2,1,1,1,1,1,0,0,0,0,0,0,0,0,0,0,0,0,0,0,1.602486029267311,0,0,0,0,0,0,1,0,0,0,0
bfa,189123.0,2021,189.0,123,1,1260.6017,1615.1288,2,1,1,1,1,1,0,0,1,0,0,0,0,1,0,0,0,0,0,0,0.30000001192092896,0,6,0,0,0,1,0,0,0,0,0
bfa,189137.0,2021,189.0,137,1,1260.6017,1615.1288,3,1,1,1,1,1,1,1,0,1,0,0,0,0,0,0,0,0,0,0,,0,0,0,0,0,0,0,0,0,0,0
bfa,190055.0,2021,190.0,55,1,479.4977,740.2272,2,1,1,1,1,1,0,0,1,1,0,0,0,0,0,0,0,0,0,0,1.2606612145900726,0,4,0,0,15,0,1,0,0,0,0
bfa,190064.0,2021,190.0,64,1,479.4977,740.2272,2,1,1,1,1,1,0,0,1,0,0,0,0,0,0,0,0,0,0,0,3.8224438428878784,3,10,0,0,40,0,0,0,0,0,0
bfa,190072.0,2021,190.0,72,1,479.4977,740.2272,2,1,1,1,1,1,0,0,1,1,0,0,0,0,0,0,0,0,0,0,4.846271902322769,55,14,0,0,15,0,0,0,0,0,0
bfa,190085.0,2021,190.0,85,1,479.4977,740.2272,2,1,1,0,1,1,0,0,0,0,0,0,0,0,0,0,0,0,0,0,1.119336985051632,0,13,0,0,11,0,1,0,0,0,0
bfa,190160.0,2021,190.0,160,1,479.4977,740.2272,2,1,1,1,0,0,0,0,1,0,0,0,0,0,0,0,0,0,0,0,5.099999949336052,5,22,0,0,30,0,0,0,1,0,0
bfa,190180.0,2021,190.0,180,1,479.4977,740.2272,2,1,1,1,1,1,0,0,0,0,0,0,0,0,0,0,0,0,0,0,4.2846899926662445,0,12,0,0,0,1,1,0,0,0,0
bfa,191001.0,2021,191.0,1,1,520.0338,508.78317,2,1,1,1,1,1,0,0,1,0,0,0,0,0,0,0,0,0,0,0,5.5708327293396,10,4,0,0,4,0,0,0,0,0,0
bfa,191025.0,2021,191.0,25,1,520.0338,508.78317,2,0,0,0,1,1,0,0,0,0,0,0,0,0,0,0,0,0,0,0,2.6322573125362396,0,13,0,0,37,1,1,1,0,0,0
bfa,191098.0,2021,191.0,98,1,520.0338,508.78317,2,0,0,1,1,1,0,0,0,0,0,0,0,0,0,0,0,0,0,0,1.7900577783584595,11,30,0,0,15,1,1,0,1,0,0
bfa,191108.0,2021,191.0,108,1,520.0338,508.78317,2,1,1,1,1,1,0,0,0,0,0,0,0,0,0,0,0,0,0,0,1.4223999977111816,7,14,0,0,17,1,0,0,0,0,0
bfa,191113.0,2021,191.0,113,1,520.0338,508.78317,1,0,0,0,1,1,0,0,0,0,0,0,0,0,0,0,0,0,0,0,1.2821000143885612,0,6,0,0,0,0,1,1,0,0,0
bfa,191126.0,2021,191.0,126,1,520.0338,508.78317,1,1,1,0,1,1,0,0,0,0,0,0,0,0,0,0,0,0,0,0,1.4628000259399414,0,5,0,0,11,0,1,1,0,0,0
bfa,192005.0,2021,192.0,5,2,1214.045,1441.3485,4,1,1,1,1,1,0,0,1,0,0,0,0,0,0,0,0,0,0,0,2.093237340450287,1,12,0,0,20,0,1,1,0,0,0
bfa,192050.0,2021,192.0,50,2,1214.045,1441.3485,2,1,1,1,0,0,0,0,0,0,0,0,0,0,0,0,0,0,0,0,2.299045741558075,1,0,0,0,0,0,0,0,0,0,0
bfa,192094.0,2021,192.0,94,2,1214.045,1441.3485,2,0,1,1,1,1,0,0,0,0,0,0,0,0,0,0,0,0,0,0,5.8490623235702515,6,1,0,0,10,1,1,1,1,0,0
bfa,192103.0,2021,192.0,103,2,1214.045,1441.3485,2,1,1,1,1,1,0,0,1,0,0,0,0,1,0,0,0,0,1,0,2.0188368558883667,0,9,17,0,13,0,0,0,1,0,0
bfa,192183.0,2021,192.0,183,2,1214.045,1441.3485,2,0,0,1,1,1,0,0,0,0,0,0,0,0,0,0,0,0,0,0,5.105100065469742,5,20,0,0,10,0,1,0,1,0,0
bfa,192207.0,2021,192.0,207,2,1214.045,1441.3485,1,1,1,1,0,0,0,0,0,0,0,0,0,0,0,0,0,0,0,0,3.4772794246673584,4,0,0,0,13,1,1,1,0,0,0
bfa,193015.0,2021,193.0,15,2,848.4989,730.8764,2,0,1,0,1,1,0,0,0,0,0,0,0,0,0,0,0,0,0,0,4.5111841559410095,0,3,0,0,1,0,1,0,0,1,0
bfa,193036.0,2021,193.0,36,2,848.4989,730.8764,1,1,1,1,0,1,0,0,1,0,0,0,0,0,0,0,0,0,0,0,2.4223015308380127,1,0,0,0,0,0,1,1,0,0,0
bfa,193043.0,2021,193.0,43,2,848.4989,730.8764,2,1,1,1,1,1,0,0,1,0,0,0,0,0,0,0,0,0,0,0,6.648826599121094,12,9,0,0,4,0,1,0,0,1,0
bfa,193047.0,2021,193.0,47,2,848.4989,730.8764,1,1,1,1,1,1,0,0,1,0,0,0,0,0,0,0,0,0,0,0,2.363976001739502,7,20,0,0,0,0,1,1,0,1,0
bfa,193088.0,2021,193.0,88,2,848.4989,730.8764,2,1,1,1,1,1,0,0,1,0,0,0,0,0,0,0,0,0,0,0,2.934108465909958,0,5,0,0,6,0,0,0,1,1,0
bfa,193100.0,2021,193.0,100,2,848.4989,730.8764,2,0,1,1,1,1,0,0,0,0,0,0,0,0,0,0,0,0,0,0,4.7347491979599,29,25,0,0,39,1,1,0,1,0,0
bfa,194019.0,2021,194.0,19,1,235.44128,113.50263,2,0,1,1,1,1,0,0,1,0,0,0,0,1,0,0,0,0,0,0,0.9286046922206879,0,5,0,0,5,1,0,1,0,0,0
bfa,194046.0,2021,194.0,46,1,235.44128,113.50263,1,0,0,0,0,0,0,0,0,0,0,0,0,0,0,0,0,0,0,0,2.705700099468231,4,18,0,0,25,0,1,1,0,0,0
bfa,194070.0,2021,194.0,70,1,235.44128,113.50263,2,1,1,1,1,1,0,0,1,0,0,0,0,0,0,0,0,0,0,0,1.320499837398529,0,3,0,0,4,1,0,0,0,0,0
bfa,194075.0,2021,194.0,75,1,235.44128,113.50263,2,0,0,1,1,1,0,0,0,0,0,0,0,0,0,0,0,0,0,0,3.1949736177921295,1,2,0,0,7,0,1,1,0,0,0
bfa,194081.0,2021,194.0,81,1,235.44128,113.50263,2,1,1,0,1,1,0,0,0,0,0,0,0,0,0,0,0,0,0,0,1.1928482949733734,0,4,0,0,13,0,0,0,0,0,0
bfa,194097.0,2021,194.0,97,1,235.44128,113.50263,1,0,0,0,1,1,0,0,0,0,0,0,0,0,0,0,0,0,0,0,2.184299945831299,10,21,0,0,50,0,1,1,0,0,0
bfa,195071.0,2021,195.0,71,2,1528.537,1414.9017,1,1,1,1,1,0,0,0,1,0,0,0,0,0,0,0,0,0,0,0,4.613600254058838,2,0,0,0,0,0,1,1,0,1,0
bfa,195125.0,2021,195.0,125,2,1528.537,1414.9017,2,1,1,1,0,0,0,0,0,0,0,0,0,0,0,0,0,0,0,0,1.9099206924438477,3,1,0,0,10,0,0,0,0,0,0
bfa,195151.0,2021,195.0,151,2,1528.537,1414.9017,2,1,1,1,1,1,0,0,0,0,0,0,0,0,0,0,0,0,0,0,0.6736437678337097,0,0,0,0,0,0,0,0,0,0,0
bfa,195166.0,2021,195.0,166,2,1528.537,1414.9017,2,0,1,1,1,1,0,0,0,0,0,0,0,0,0,0,0,0,0,0,3.6107288897037506,1,13,0,0,13,1,1,0,0,0,0
bfa,195174.0,2021,195.0,174,2,1528.537,1414.9017,2,0,1,1,1,1,1,1,0,0,0,0,0,1,0,0,0,0,0,0,3.678488254547119,0,3,0,0,0,1,1,0,0,0,0
bfa,195198.0,2021,195.0,198,2,1528.537,1414.9017,1,1,1,1,1,1,0,0,1,0,0,0,0,1,0,0,0,0,0,0,2.703327238559723,20,41,0,0,42,0,1,1,0,1,0
bfa,196059.0,2021,196.0,59,1,167.91595,83.75516,2,1,1,1,1,1,0,0,0,0,0,0,0,1,0,0,0,0,0,0,,0,0,0,0,0,0,0,1,0,0,0
bfa,196081.0,2021,196.0,81,1,167.91595,83.75516,1,1,1,1,1,1,1,1,0,0,0,0,0,1,0,0,0,0,0,0,0.3541184663772583,0,5,0,0,0,0,1,1,0,0,0
bfa,196084.0,2021,196.0,84,1,167.91595,83.75516,2,1,1,1,1,1,0,0,1,0,0,0,0,0,0,0,0,0,0,0,0.623903751373291,0,0,0,0,0,1,1,0,0,0,0
bfa,196085.0,2021,196.0,85,1,167.91595,83.75516,2,1,1,1,1,1,0,0,0,0,0,0,0,0,0,0,0,0,0,0,0.4950348287820816,0,0,0,0,0,0,0,0,0,0,0
bfa,196087.0,2021,196.0,87,1,167.91595,83.75516,2,1,1,1,1,1,0,0,1,0,0,0,0,0,0,0,0,0,0,0,0.35646307468414307,0,0,0,0,0,0,0,1,0,0,0
bfa,196089.0,2021,196.0,89,1,167.91595,83.75516,2,1,1,1,1,1,0,0,0,0,1,1,0,0,0,0,0,0,0,0,0.2558912932872772,0,3,6,0,0,0,1,0,0,0,0
bfa,197248.0,2021,197.0,248,1,2103.4438,1107.3319,1,1,1,1,1,1,1,1,0,1,1,1,0,1,0,0,1,0,1,0,,0,0,0,0,0,0,0,0,0,0,0
bfa,197250.0,2021,197.0,250,1,2103.4438,1107.3319,1,1,1,1,1,1,1,1,0,0,1,0,0,0,0,0,0,0,0,0,,0,0,0,0,0,1,0,1,0,0,0
bfa,197252.0,2021,197.0,252,1,2103.4438,1107.3319,1,1,1,1,1,1,0,0,0,0,0,0,0,0,0,0,0,0,0,0,,0,0,0,0,0,0,0,0,0,0,0
bfa,197253.0,2021,197.0,253,1,2103.4438,1107.3319,2,1,1,1,0,0,0,0,1,0,0,0,0,0,0,0,0,0,0,0,,0,0,0,0,0,0,0,1,0,0,0
bfa,198033.0,2021,198.0,33,1,701.4298,367.39978,2,1,1,1,1,1,0,0,1,0,0,0,0,0,0,0,0,0,0,0,,0,0,0,0,0,0,1,1,0,0,0
bfa,198052.0,2021,198.0,52,1,701.4298,367.39978,1,1,1,1,1,1,0,0,1,0,1,1,0,0,0,0,0,0,0,0,,46,85,0,0,0,0,1,0,0,0,0
bfa,198053.0,2021,198.0,53,1,701.4298,367.39978,2,1,1,1,1,1,0,0,1,0,1,0,0,0,0,0,0,0,0,0,,0,0,0,0,0,0,0,0,0,0,0
bfa,198069.0,2021,198.0,69,1,701.4298,367.39978,2,1,1,1,1,1,0,0,1,0,0,0,0,1,0,0,0,0,0,0,,0,0,0,0,0,1,0,0,0,0,0
bfa,198076.0,2021,198.0,76,1,701.4298,367.39978,2,1,1,1,1,1,0,0,1,1,1,0,0,1,0,0,0,0,0,0,,0,0,0,0,0,0,1,1,0,0,0
bfa,198113.0,2021,198.0,113,1,701.4298,367.39978,2,1,1,1,1,1,0,0,1,1,1,0,0,1,0,0,0,0,0,0,,0,0,0,0,0,0,1,1,0,0,0
bfa,199027.0,2021,199.0,27,1,435.45966,223.93169,2,1,1,1,1,1,0,0,1,0,0,0,0,0,0,0,0,0,0,0,0.569912314414978,10,11,0,0,22,0,1,0,0,0,0
bfa,199030.0,2021,199.0,30,1,435.45966,223.93169,2,1,1,1,1,1,0,0,1,1,0,0,0,0,0,0,0,0,0,0,,0,0,0,0,0,0,0,1,1,0,0
bfa,199064.0,2021,199.0,64,1,435.45966,223.93169,1,1,1,1,1,1,0,0,1,0,0,0,0,0,0,0,0,0,0,0,0.3063656985759735,0,0,0,0,0,0,0,0,0,0,0
bfa,199065.0,2021,199.0,65,1,435.45966,223.93169,1,1,1,1,1,1,0,0,1,0,1,0,0,0,0,0,0,0,0,0,,0,0,0,0,0,0,0,0,0,0,0
bfa,199107.0,2021,199.0,107,1,435.45966,223.93169,1,1,1,1,1,1,1,1,0,0,1,1,0,0,0,0,0,0,0,0,,0,0,0,0,0,0,0,0,1,0,0
bfa,199108.0,2021,199.0,108,1,435.45966,223.93169,3,1,1,1,1,1,1,1,0,1,1,1,0,1,0,0,1,0,0,0,,0,0,0,0,0,0,0,0,0,0,0
bfa,200015.0,2021,200.0,15,2,925.186,987.7616,1,1,1,0,1,0,0,0,0,0,0,0,0,0,0,0,0,0,0,0,0.2751000076532364,0,4,0,0,0,0,1,1,0,0,0
bfa,200017.0,2021,200.0,17,2,925.186,987.7616,1,0,0,0,1,1,0,0,0,0,0,0,0,0,0,0,0,0,0,0,1.3694000244140625,6,15,0,0,0,0,1,1,1,0,0
bfa,200062.0,2021,200.0,62,2,925.186,987.7616,2,1,1,1,1,1,1,1,0,0,0,0,0,0,0,0,0,0,0,0,3.454972743988037,0,5,0,0,0,1,0,0,0,0,0
bfa,200064.0,2021,200.0,64,2,925.186,987.7616,2,1,1,1,1,1,1,1,0,0,0,0,0,1,0,0,0,0,0,0,2.5405901074409485,0,0,0,0,1,0,0,0,0,0,0
bfa,200116.0,2021,200.0,116,2,925.186,987.7616,2,1,1,1,1,1,0,0,0,0,1,0,0,0,0,0,0,0,0,0,1.000054344534874,0,7,0,0,0,0,1,0,1,0,0
bfa,200122.0,2021,200.0,122,2,925.186,987.7616,2,0,0,1,1,1,0,0,0,0,0,0,0,0,0,0,0,0,0,0,4.447068691253662,0,8,0,0,6,0,1,1,0,0,0
bfa,201024.0,2021,201.0,24,2,676.64935,543.00946,2,1,1,1,1,1,0,0,1,1,0,0,0,1,0,0,0,0,1,0,,0,0,0,0,0,0,0,0,0,0,0
bfa,201074.0,2021,201.0,74,2,676.64935,543.00946,4,1,1,1,1,1,1,1,0,1,0,0,0,1,1,1,0,1,1,1,,0,0,0,0,0,0,1,0,0,0,0
bfa,202009.0,2021,202.0,9,2,1943.5573,1610.5796,2,1,1,1,1,1,0,0,1,0,1,0,0,0,0,0,0,0,0,0,,0,0,0,0,0,0,0,0,0,0,0
bfa,202034.0,2021,202.0,34,2,1943.5573,1610.5796,2,1,1,1,1,1,0,0,1,0,0,0,0,0,0,0,0,0,0,0,,0,0,0,0,54,0,1,1,0,0,0
bfa,202076.0,2021,202.0,76,2,1943.5573,1610.5796,2,1,1,1,1,1,0,0,1,0,0,0,0,0,0,0,0,0,0,0,0.2872617244720459,0,0,0,0,0,0,0,0,0,0,0
bfa,202078.0,2021,202.0,78,2,1943.5573,1610.5796,2,1,1,1,1,1,0,0,0,0,0,0,0,0,0,0,0,0,0,0,,0,0,0,0,0,0,1,1,0,0,0
bfa,202083.0,2021,202.0,83,2,1943.5573,1610.5796,2,1,1,1,0,0,0,0,1,0,0,0,0,0,0,0,0,0,0,0,,0,0,0,0,0,0,1,0,0,0,0
bfa,202102.0,2021,202.0,102,2,1943.5573,1610.5796,2,1,1,1,1,1,0,0,1,0,0,0,0,0,0,0,0,0,0,0,0.8957148194313049,0,9,0,0,0,0,0,0,1,0,0
bfa,203002.0,2021,203.0,2,1,755.4191,900.9688,1,1,0,0,1,1,0,0,0,0,0,0,0,0,0,0,0,0,0,0,1.238379716873169,1,3,0,0,7,0,1,1,0,0,0
bfa,203005.0,2021,203.0,5,1,755.4191,900.9688,2,1,1,1,1,1,0,0,1,0,0,0,0,0,0,0,0,0,0,0,4.974076986312866,0,2,0,0,7,0,1,1,0,0,0
bfa,203009.0,2021,203.0,9,1,755.4191,900.9688,1,1,1,0,1,1,0,0,0,0,0,0,0,0,0,0,0,0,0,0,2.450151205062866,5,16,0,0,24,0,1,1,1,0,0
bfa,203013.0,2021,203.0,13,1,755.4191,900.9688,2,1,1,1,1,1,0,0,1,0,0,0,0,1,0,0,0,0,0,0,4.615844935178757,3,7,0,0,20,0,0,0,0,0,0
bfa,203061.0,2021,203.0,61,1,755.4191,900.9688,2,0,0,1,0,0,0,0,0,0,0,0,0,0,0,0,0,0,0,0,4.459983825683594,47,34,0,0,20,1,1,0,0,0,0
bfa,203081.0,2021,203.0,81,1,755.4191,900.9688,2,1,0,1,0,0,0,0,0,0,0,0,0,0,0,0,0,0,0,0,,9,2,0,0,0,0,0,0,1,0,0
bfa,204032.0,2021,204.0,32,2,2234.4998,1676.3899,1,1,1,1,1,1,0,0,0,0,0,0,0,0,0,0,0,0,0,0,1.3003674745559692,1,0,0,0,0,0,1,1,0,1,0
bfa,204033.0,2021,204.0,33,2,2234.4998,1676.3899,1,1,1,1,1,1,0,0,0,0,0,0,0,0,0,0,0,0,0,0,3.0153194665908813,5,3,0,0,11,1,1,1,0,0,0
bfa,204042.0,2021,204.0,42,2,2234.4998,1676.3899,2,1,1,1,1,1,0,0,0,0,0,0,0,0,0,0,0,0,0,0,9.132996797561646,1,4,0,0,2,0,1,0,0,0,0
bfa,204045.0,2021,204.0,45,2,2234.4998,1676.3899,2,0,1,1,1,1,0,0,0,0,0,0,0,0,0,0,0,0,0,0,9.93858128786087,1,10,0,0,21,1,1,0,0,0,0
bfa,204049.0,2021,204.0,49,2,2234.4998,1676.3899,2,1,1,1,1,1,0,0,0,0,0,0,0,0,0,0,0,0,0,0,6.734385848045349,0,0,0,0,15,1,0,0,0,0,0
bfa,205001.0,2021,205.0,1,1,628.65204,574.4259,4,1,1,1,1,1,0,0,0,0,0,0,0,0,0,0,0,0,0,0,3.034915506839752,0,0,0,0,6,1,1,0,0,0,0
bfa,205003.0,2021,205.0,3,1,628.65204,574.4259,2,1,1,1,1,1,0,0,0,0,0,0,0,0,0,0,0,0,0,0,5.349915504455566,0,3,0,0,16,0,0,0,0,0,0
bfa,205005.0,2021,205.0,5,1,628.65204,574.4259,2,1,1,1,1,1,0,0,1,0,0,0,0,0,0,0,0,0,0,0,2.256831556558609,4,6,0,0,20,0,1,1,1,0,0
bfa,205060.0,2021,205.0,60,1,628.65204,574.4259,1,1,1,1,1,1,0,0,0,0,0,0,0,0,0,0,0,0,0,0,2.7019596695899963,2,4,0,0,12,0,1,1,0,0,0
bfa,205099.0,2021,205.0,99,1,628.65204,574.4259,2,1,0,0,1,1,0,0,0,0,0,0,0,0,0,0,0,0,0,0,4.489295661449432,1,0,4,0,0,1,0,0,0,0,0
bfa,205108.0,2021,205.0,108,1,628.65204,574.4259,1,1,1,1,1,1,0,0,0,0,0,0,0,0,0,0,0,0,0,0,2.8695903420448303,2,11,0,0,10,0,1,1,0,0,0
bfa,206063.0,2021,206.0,63,1,435.55087,221.50142,2,1,1,1,1,1,0,0,0,0,0,0,0,0,0,0,0,0,0,0,9.762394860386848,3,2,0,0,3,1,0,0,0,0,0
bfa,206081.0,2021,206.0,81,1,435.55087,221.50142,2,0,0,0,1,1,0,0,0,0,0,0,0,0,0,0,0,0,0,0,6.613061875104904,0,5,0,0,6,0,1,1,0,0,0
bfa,206087.0,2021,206.0,87,1,435.55087,221.50142,1,1,1,1,1,1,0,0,0,0,0,0,0,0,0,0,0,0,0,0,0.4945359230041504,0,0,0,0,0,0,1,1,0,0,0
bfa,206088.0,2021,206.0,88,1,435.55087,221.50142,1,1,1,1,1,1,0,0,0,0,0,0,0,0,0,0,0,0,0,0,2.101799964904785,2,3,0,0,0,0,1,1,0,0,0
bfa,206122.0,2021,206.0,122,1,435.55087,221.50142,2,1,1,1,1,1,0,0,0,0,0,0,0,0,0,0,0,0,0,0,4.621199995279312,3,8,0,0,9,0,0,0,0,0,0
bfa,206123.0,2021,206.0,123,1,435.55087,221.50142,2,1,1,1,1,1,0,0,0,0,0,0,0,0,0,0,0,0,0,0,3.1395897269248962,0,9,0,0,4,0,1,1,1,0,0
bfa,207096.0,2021,207.0,96,2,1659.3563,1602.9583,2,0,1,1,1,1,0,0,0,0,1,0,0,0,0,0,0,0,0,0,3.2630342841148376,0,0,0,0,2,1,1,0,0,0,0
bfa,207150.0,2021,207.0,150,2,1659.3563,1602.9583,1,1,1,1,1,1,0,0,0,0,0,0,0,0,0,0,0,0,0,0,1.76774001121521,0,1,0,0,0,0,1,1,0,0,0
bfa,207178.0,2021,207.0,178,2,1659.3563,1602.9583,1,1,1,1,1,1,0,0,1,0,0,0,0,1,0,0,0,0,1,0,,0,5,0,0,5,0,0,0,0,0,0
bfa,207218.0,2021,207.0,218,2,1659.3563,1602.9583,1,0,0,0,1,1,0,0,0,0,0,0,0,0,0,0,0,0,0,0,,0,2,0,0,2,0,1,1,1,0,0
bfa,207220.0,2021,207.0,220,2,1659.3563,1602.9583,2,1,1,1,1,1,1,1,0,0,0,0,0,1,1,1,0,0,1,1,0.589075356721878,0,2,0,0,30,1,0,0,1,0,0
bfa,207221.0,2021,207.0,221,2,1659.3563,1602.9583,2,1,1,1,1,1,0,0,1,1,0,0,0,1,0,0,0,0,1,0,,0,15,0,0,1,0,0,0,0,0,0
bfa,208012.0,2021,208.0,12,2,1118.2593,1333.7189,1,1,1,1,1,1,0,0,0,0,0,0,0,0,0,0,0,0,0,0,1.409019947052002,0,4,0,0,5,0,1,1,0,1,0
bfa,208019.0,2021,208.0,19,2,1118.2593,1333.7189,2,0,1,1,1,1,0,0,0,0,0,0,0,0,0,0,0,0,0,0,4.5564597845077515,1,4,0,0,5,0,1,1,0,0,0
bfa,208023.0,2021,208.0,23,2,1118.2593,1333.7189,2,0,1,1,0,0,0,0,0,0,0,0,0,0,0,0,0,0,0,0,2.6948565244674683,1,6,0,0,8,1,1,1,0,1,0
bfa,208096.0,2021,208.0,96,2,1118.2593,1333.7189,1,0,0,0,1,1,0,0,0,0,0,0,0,0,0,0,0,0,0,0,1.0053099393844604,1,12,0,0,7,0,1,1,0,0,0
bfa,209006.0,2021,209.0,6,2,976.43854,1164.573,1,1,1,0,1,1,0,0,0,0,0,0,0,0,0,0,0,0,0,0,1.364916205406189,2,5,0,0,4,0,1,1,1,0,0
bfa,209009.0,2021,209.0,9,2,976.43854,1164.573,2,1,1,1,1,1,0,0,0,0,0,0,0,0,0,0,0,0,0,0,2.8050649166107178,3,11,0,0,25,1,0,0,0,1,0
bfa,209022.0,2021,209.0,22,2,976.43854,1164.573,1,1,1,0,0,0,0,0,0,0,0,0,0,0,0,0,0,0,0,0,3.1712435483932495,1,6,0,0,4,0,1,1,0,0,0
bfa,209045.0,2021,209.0,45,2,976.43854,1164.573,2,0,1,1,1,1,0,0,0,0,0,0,0,0,0,0,0,0,0,0,5.823717653751373,3,3,0,0,7,0,1,1,0,1,0
bfa,209047.0,2021,209.0,47,2,976.43854,1164.573,2,0,1,1,1,1,0,0,0,0,0,0,0,0,0,0,0,0,0,0,4.209064364433289,12,18,0,0,12,1,1,0,1,0,0
bfa,209061.0,2021,209.0,61,2,976.43854,1164.573,2,1,1,1,1,1,0,0,0,0,0,0,0,0,0,0,0,0,0,0,3.4261410236358643,3,6,0,0,4,0,0,0,0,1,0
bfa,210051.0,2021,210.0,51,1,1428.985,1575.686,1,1,1,1,1,1,0,0,0,0,0,0,0,0,0,0,0,0,0,0,1.6212182641029358,0,2,0,0,0,0,0,0,1,0,0
bfa,210060.0,2021,210.0,60,1,1428.985,1575.686,1,1,1,1,1,1,0,0,0,0,0,0,0,0,0,0,0,0,0,0,1.7000203728675842,0,14,0,0,16,0,0,0,0,0,0
bfa,210061.0,2021,210.0,61,1,1428.985,1575.686,1,1,1,1,1,1,0,0,1,0,0,0,0,0,0,0,0,0,0,0,0.6588681936264038,0,0,0,0,0,0,1,1,0,0,0
bfa,210085.0,2021,210.0,85,1,1428.985,1575.686,1,1,1,1,1,1,1,1,0,0,0,0,0,1,0,0,0,0,0,0,,5,2,0,0,0,0,0,1,0,0,0
bfa,210093.0,2021,210.0,93,1,1428.985,1575.686,2,1,1,1,0,0,0,0,1,0,1,1,0,1,0,0,0,0,1,0,,0,0,0,0,2,0,1,1,0,0,0
bfa,210158.0,2021,210.0,158,1,1428.985,1575.686,2,1,1,1,1,1,1,1,0,0,0,0,0,0,0,1,0,0,0,0,,0,7,0,0,0,1,0,0,0,0,0
bfa,211001.0,2021,211.0,1,1,873.1368,1041.3677,1,0,0,0,1,1,0,0,0,0,0,0,0,0,0,0,0,0,0,0,1.3395971059799194,1,0,0,0,12,0,1,1,1,0,0
bfa,211002.0,2021,211.0,2,1,873.1368,1041.3677,2,1,1,1,1,1,0,0,0,0,0,0,0,0,0,0,0,0,0,0,1.0539814233779907,0,0,0,0,0,1,1,0,0,0,0
bfa,211017.0,2021,211.0,17,1,873.1368,1041.3677,1,1,1,1,1,1,0,0,0,0,0,0,0,0,0,0,0,0,0,0,2.349038600921631,3,2,0,0,0,0,1,1,1,0,0
bfa,211023.0,2021,211.0,23,1,873.1368,1041.3677,2,1,1,1,1,1,0,0,1,0,0,0,0,0,0,0,0,0,0,0,23.3119894862175,0,21,0,0,37,0,0,0,0,0,0
bfa,211052.0,2021,211.0,52,1,873.1368,1041.3677,2,1,1,0,1,1,0,0,1,0,0,0,0,0,0,0,0,0,0,0,2.185667008161545,5,7,0,0,22,0,0,0,0,1,0
bfa,212055.0,2021,212.0,55,1,3203.0835,1969.0717,2,1,1,1,1,1,0,0,0,0,0,0,0,0,0,0,0,0,0,0,2.1775000393390656,0,9,0,0,16,1,1,0,1,0,0
bfa,212065.0,2021,212.0,65,1,3203.0835,1969.0717,2,1,0,1,1,1,0,0,0,0,1,0,0,0,0,0,0,0,0,0,1.039337396621704,0,3,0,0,0,0,1,0,0,0,0
bfa,212129.0,2021,212.0,129,1,3203.0835,1969.0717,2,1,1,1,1,1,0,0,0,0,0,0,0,0,0,0,0,0,0,0,1.376950740814209,0,0,0,0,0,0,0,0,0,0,0
bfa,212263.0,2021,212.0,263,1,3203.0835,1969.0717,4,1,1,1,1,1,0,0,1,0,0,0,0,1,0,0,0,0,0,0,,0,0,0,0,15,1,1,1,1,0,0
bfa,212269.0,2021,212.0,269,1,3203.0835,1969.0717,2,1,1,1,1,1,0,0,0,0,0,0,0,0,0,0,0,0,0,0,0.6650832891464233,2,0,0,0,0,0,1,0,0,0,0
bfa,212280.0,2021,212.0,280,1,3203.0835,1969.0717,4,1,1,1,1,1,0,0,1,0,0,0,0,1,0,0,0,0,0,0,1.0527587532997131,0,7,0,0,0,1,1,1,0,0,0
bfa,213025.0,2021,213.0,25,2,1276.2004,1179.0848,2,1,1,1,1,1,0,0,1,0,0,1,0,0,0,0,0,0,0,0,3.4522886276245117,11,23,0,0,12,0,0,1,0,0,0
bfa,213038.0,2021,213.0,38,2,1276.2004,1179.0848,2,1,1,1,1,1,0,0,0,1,0,0,0,0,0,0,0,0,0,0,1.5992205142974854,0,8,0,0,0,0,1,0,1,0,0
bfa,213105.0,2021,213.0,105,2,1276.2004,1179.0848,2,1,1,1,1,1,0,0,1,0,0,0,0,0,0,0,0,0,0,0,4.951970338821411,0,25,0,0,10,1,1,1,1,0,0
bfa,213130.0,2021,213.0,130,2,1276.2004,1179.0848,4,1,1,1,1,1,0,0,1,0,0,0,0,0,0,0,0,0,0,0,1.5737855434417725,0,6,0,0,0,0,1,1,0,0,0
bfa,213140.0,2021,213.0,140,2,1276.2004,1179.0848,2,1,1,1,1,1,0,0,0,0,0,0,0,0,0,0,0,0,0,0,3.1173999309539795,0,35,0,0,10,1,1,1,0,0,0
bfa,213142.0,2021,213.0,142,2,1276.2004,1179.0848,4,0,0,0,1,1,0,0,1,0,0,0,0,0,0,0,0,0,0,0,4.176900029182434,0,0,0,0,0,1,1,1,0,0,0
bfa,214044.0,2021,214.0,44,1,1275.5247,1234.0497,2,1,1,1,1,1,0,0,0,0,0,0,0,0,0,0,0,0,0,0,1.7000758051872253,1,9,1,0,51,1,1,1,0,1,0
bfa,214070.0,2021,214.0,70,1,1275.5247,1234.0497,4,1,1,1,1,1,0,0,0,0,0,0,0,0,0,0,0,0,0,0,1.0338418725878,0,15,0,0,45,0,1,1,0,0,0
bfa,214083.0,2021,214.0,83,1,1275.5247,1234.0497,4,0,0,0,1,1,0,0,0,0,0,0,0,0,0,0,0,0,0,0,3.0368523001670837,0,0,0,0,33,0,1,1,0,0,0
bfa,214088.0,2021,214.0,88,1,1275.5247,1234.0497,4,1,1,1,1,1,0,0,1,0,1,0,0,0,0,0,0,0,0,0,0.6537999957799911,0,7,0,0,15,1,1,0,0,0,0
bfa,214113.0,2021,214.0,113,1,1275.5247,1234.0497,2,1,1,1,1,1,0,0,1,1,0,1,0,0,0,0,0,0,0,0,4.6277782917022705,8,59,0,0,70,1,1,0,0,0,0
bfa,214132.0,2021,214.0,132,1,1275.5247,1234.0497,2,1,1,1,1,1,0,0,1,0,0,0,0,0,0,0,0,0,0,0,3.22561252117157,1,11,0,0,60,0,1,0,0,0,0
bfa,215055.0,2021,215.0,55,2,588.6356,847.86096,1,1,1,1,1,1,0,0,1,0,1,0,0,1,0,0,1,0,0,0,,0,0,0,0,0,0,0,1,0,0,0
bfa,215072.0,2021,215.0,72,2,588.6356,847.86096,2,1,1,1,1,1,0,0,1,0,1,0,0,0,0,0,0,0,0,0,0.0,0,0,0,0,0,0,0,1,0,0,0
bfa,215075.0,2021,215.0,75,2,588.6356,847.86096,4,1,1,1,1,1,0,0,1,0,0,0,0,0,0,0,0,0,0,0,4.496479511260986,0,9,0,0,0,1,1,1,0,0,0
bfa,215116.0,2021,215.0,116,2,588.6356,847.86096,1,1,1,1,1,1,0,0,1,1,1,0,0,0,0,0,0,0,0,0,2.9814575910568237,0,10,0,0,45,0,1,0,0,0,0
bfa,215120.0,2021,215.0,120,2,588.6356,847.86096,1,1,1,1,1,1,0,0,1,1,1,0,0,1,0,0,0,0,1,0,1.225100040435791,0,0,0,0,0,0,1,1,0,0,0
bfa,215128.0,2021,215.0,128,2,588.6356,847.86096,4,1,1,1,1,1,1,1,0,0,0,0,0,0,0,0,0,0,0,0,1.1256268918514252,0,0,0,0,0,0,0,1,0,0,0
bfa,216001.0,2021,216.0,1,2,685.3055,1105.8213,4,1,1,1,1,1,0,0,1,0,0,0,0,0,0,0,0,0,0,0,,0,0,0,0,0,0,0,1,0,0,0
bfa,216004.0,2021,216.0,4,2,685.3055,1105.8213,2,1,1,1,1,1,0,0,1,0,0,0,0,0,0,0,0,0,0,0,,0,0,0,0,0,0,1,0,0,0,0
bfa,216062.0,2021,216.0,62,2,685.3055,1105.8213,2,1,1,1,1,1,0,0,1,0,0,0,0,0,0,0,0,0,0,0,2.3438079953193665,0,0,0,0,0,0,1,0,0,0,0
bfa,216115.0,2021,216.0,115,2,685.3055,1105.8213,1,1,1,1,1,1,1,1,0,0,1,1,0,1,0,1,1,0,0,0,0.410470187664032,0,0,0,0,0,1,0,0,0,0,0
bfa,216116.0,2021,216.0,116,2,685.3055,1105.8213,2,1,1,1,1,1,0,0,1,0,1,0,0,0,0,0,1,0,0,0,0.6227862238883972,0,0,0,0,0,0,0,0,0,0,0
bfa,216117.0,2021,216.0,117,2,685.3055,1105.8213,1,1,1,1,1,1,1,1,0,0,1,0,0,0,0,0,0,0,0,0,1.3468017578125,0,0,0,0,0,0,1,1,0,0,0
bfa,217029.0,2021,217.0,29,2,1030.2314,1206.3899,2,1,1,1,1,1,0,0,1,0,0,0,0,0,0,0,0,0,0,0,1.5246536433696747,1,8,0,0,6,0,1,1,0,0,0
bfa,217043.0,2021,217.0,43,2,1030.2314,1206.3899,2,1,1,1,1,1,0,0,1,0,0,0,0,0,0,0,0,0,0,0,,0,0,0,0,0,0,1,1,0,0,0
bfa,217047.0,2021,217.0,47,2,1030.2314,1206.3899,4,1,1,1,1,1,0,0,0,0,0,0,0,0,0,0,0,0,0,0,0.9055571258068085,0,12,0,0,0,1,1,0,0,0,0
bfa,217096.0,2021,217.0,96,2,1030.2314,1206.3899,2,1,1,1,0,0,0,0,1,0,0,0,0,0,0,0,0,0,0,0,0.44615814089775085,0,0,0,0,0,0,1,0,0,0,0
bfa,217118.0,2021,217.0,118,2,1030.2314,1206.3899,2,1,1,1,1,1,0,0,1,0,1,0,0,0,0,0,0,0,0,0,1.2966741919517517,0,0,0,0,0,0,1,0,0,0,0
bfa,217148.0,2021,217.0,148,2,1030.2314,1206.3899,2,1,1,1,1,1,1,1,0,0,0,0,0,1,0,0,0,0,0,0,1.0148639976978302,0,0,0,0,0,0,0,0,0,0,0
bfa,218019.0,2021,218.0,19,2,377.23996,215.87155,4,1,1,1,1,1,0,0,1,0,0,0,0,0,0,0,0,0,0,0,,0,0,0,0,0,1,1,0,0,0,0
bfa,218085.0,2021,218.0,85,2,377.23996,215.87155,2,1,1,1,1,1,0,0,1,0,0,0,0,0,0,0,0,0,0,0,0.9379575848579407,0,8,0,0,0,0,0,0,0,0,0
bfa,218095.0,2021,218.0,95,2,377.23996,215.87155,2,1,1,1,1,1,0,0,1,0,0,0,0,0,0,0,0,0,0,0,,0,0,0,0,0,1,0,0,0,0,0
bfa,218100.0,2021,218.0,100,2,377.23996,215.87155,2,1,1,1,1,1,0,0,1,0,0,0,0,0,0,0,0,0,0,0,1.9404290914535522,0,0,0,0,0,0,0,0,0,0,0
bfa,218112.0,2021,218.0,112,2,377.23996,215.87155,2,1,1,1,1,1,0,0,1,0,1,0,0,0,0,0,0,0,0,0,,0,0,0,0,0,0,1,0,0,0,0
bfa,218113.0,2021,218.0,113,2,377.23996,215.87155,4,1,1,1,1,1,0,0,0,0,1,0,0,0,0,0,0,0,0,0,,0,0,0,0,0,0,1,1,0,0,0
bfa,219050.0,2021,219.0,50,2,739.0064,392.9468,2,1,1,1,1,1,0,0,1,0,0,0,0,0,0,0,0,0,0,0,,0,0,0,0,0,1,0,0,0,0,0
bfa,219051.0,2021,219.0,51,2,739.0064,392.9468,2,1,1,1,1,1,0,0,1,0,1,0,0,0,0,0,0,0,0,0,0.4367337226867676,0,0,0,0,0,0,1,0,0,0,0
bfa,219052.0,2021,219.0,52,2,739.0064,392.9468,2,1,1,1,1,1,0,0,1,0,0,0,0,0,0,0,0,0,0,0,,0,0,0,0,0,0,1,1,0,0,0
bfa,219057.0,2021,219.0,57,2,739.0064,392.9468,2,1,1,1,1,1,0,0,0,0,0,0,0,0,0,0,0,0,0,0,1.3651707470417023,2,8,0,0,7,1,0,1,0,0,0
bfa,219118.0,2021,219.0,118,2,739.0064,392.9468,2,1,1,1,1,1,0,0,1,0,0,0,0,0,0,0,1,0,0,0,0.9244094789028168,0,0,0,0,0,0,0,0,0,0,0
bfa,219133.0,2021,219.0,133,2,739.0064,392.9468,2,1,1,1,1,1,0,0,1,0,1,0,0,0,0,0,0,0,0,0,1.0116080045700073,0,9,0,0,0,0,1,0,0,0,0
bfa,220036.0,2021,220.0,36,2,327.813,237.11989,1,1,1,1,1,1,1,1,0,0,1,0,0,1,0,0,0,0,0,0,,0,0,0,0,0,0,0,0,0,0,0
bfa,220037.0,2021,220.0,37,2,327.813,237.11989,1,1,1,1,1,1,1,1,0,0,1,0,0,1,0,0,0,0,0,0,,0,0,0,0,0,1,0,0,0,0,0
bfa,220083.0,2021,220.0,83,2,327.813,237.11989,4,1,1,1,1,1,1,1,0,0,0,0,0,0,0,0,0,0,0,0,,0,0,0,0,0,0,0,1,0,0,0
bfa,220084.0,2021,220.0,84,2,327.813,237.11989,1,1,1,1,1,1,1,1,0,0,1,0,0,1,0,0,1,0,1,1,0.9806931614875793,0,0,0,0,0,0,0,0,0,0,0
bfa,220086.0,2021,220.0,86,2,327.813,237.11989,4,1,1,1,1,1,1,1,0,0,1,0,0,1,0,0,1,0,1,0,,0,0,0,0,0,0,0,0,0,0,0
bfa,220116.0,2021,220.0,116,2,327.813,237.11989,4,1,1,1,1,1,1,1,0,0,0,0,0,1,0,0,0,0,0,0,,0,0,0,0,0,0,0,1,1,0,0
bfa,221028.0,2021,221.0,28,1,1041.8386,1414.9017,1,1,1,1,1,1,0,0,0,0,0,0,0,0,0,0,0,0,0,0,0.578424721956253,0,4,0,0,0,0,0,0,0,0,0
bfa,221029.0,2021,221.0,29,1,1041.8386,1414.9017,1,1,1,1,1,1,0,0,1,0,0,0,0,0,0,0,0,0,0,0,,0,0,0,0,0,1,1,0,0,1,0
bfa,221055.0,2021,221.0,55,1,1041.8386,1414.9017,2,1,1,1,1,1,0,0,1,0,1,0,0,0,0,0,0,0,0,0,0.10000000149011612,0,9,0,0,34,0,1,1,0,0,0
bfa,221096.0,2021,221.0,96,1,1041.8386,1414.9017,1,1,1,1,1,1,0,0,1,0,0,0,0,1,0,0,0,0,0,0,0.25920867919921875,0,0,0,0,0,0,0,1,0,0,0
bfa,221101.0,2021,221.0,101,1,1041.8386,1414.9017,1,1,1,1,1,1,0,0,0,0,0,0,0,0,0,0,0,0,0,0,0.6194381713867188,0,0,0,0,0,0,1,1,0,0,0
bfa,221102.0,2021,221.0,102,1,1041.8386,1414.9017,1,1,1,1,1,1,0,0,1,0,0,1,0,0,0,0,0,0,0,0,,0,0,0,0,0,0,1,1,0,0,0
bfa,223003.0,2021,223.0,3,2,2010.5123,2278.7366,4,1,1,0,1,1,0,0,0,0,0,0,0,0,0,0,0,0,0,0,3.1194000393152237,0,3,0,0,0,0,1,1,0,0,0
bfa,223029.0,2021,223.0,29,2,2010.5123,2278.7366,2,1,1,1,1,1,0,0,1,1,0,0,0,0,0,0,0,0,0,0,1.910000056028366,0,5,0,0,0,0,1,1,0,0,0
bfa,223030.0,2021,223.0,30,2,2010.5123,2278.7366,2,1,1,1,1,1,0,0,0,1,0,0,0,0,0,0,0,0,0,0,1.1699999868869781,0,0,0,0,0,0,0,1,0,0,0
bfa,223031.0,2021,223.0,31,2,2010.5123,2278.7366,2,1,1,1,1,1,0,0,1,0,0,0,0,0,0,0,0,0,0,0,2.5196000039577484,7,19,0,0,15,0,1,1,1,0,0
bfa,223056.0,2021,223.0,56,2,2010.5123,2278.7366,2,1,1,1,1,1,0,0,1,0,0,0,0,0,0,0,0,0,0,0,0.5612000040709972,0,4,0,0,4,1,1,1,1,0,0
bfa,223151.0,2021,223.0,151,2,2010.5123,2278.7366,2,1,1,0,1,1,0,0,0,0,1,1,0,0,0,0,0,0,0,0,8.068495392799377,8,0,0,0,0,1,1,1,0,0,0
bfa,224012.0,2021,224.0,12,1,3086.4614,3525.2637,1,1,1,1,1,1,0,0,0,0,0,0,0,0,0,0,0,0,0,0,5.400896966457367,2,9,0,0,30,0,1,1,1,0,0
bfa,224021.0,2021,224.0,21,1,3086.4614,3525.2637,2,1,1,1,1,1,0,0,1,0,0,0,0,0,0,0,0,0,0,0,3.6637848913669586,0,9,0,0,0,0,1,1,1,0,0
bfa,224064.0,2021,224.0,64,1,3086.4614,3525.2637,2,1,1,1,1,1,0,0,0,0,0,0,0,0,0,0,0,0,0,0,4.273999989032745,0,5,0,0,20,1,0,1,0,0,0
bfa,224082.0,2021,224.0,82,1,3086.4614,3525.2637,2,0,1,1,1,1,0,0,1,0,0,0,0,1,0,0,0,0,0,0,2.1520185470581055,0,0,0,0,0,0,1,1,0,0,0
bfa,224160.0,2021,224.0,160,1,3086.4614,3525.2637,2,1,1,1,1,1,0,0,0,0,0,0,0,0,0,0,0,0,0,0,2.4156583547592163,2,25,0,0,1116,1,1,1,1,0,0
bfa,224185.0,2021,224.0,185,1,3086.4614,3525.2637,2,1,1,1,1,1,1,1,0,1,1,0,0,0,0,0,0,0,0,0,1.7717146277427673,0,0,0,0,0,1,0,0,1,0,0
bfa,225063.0,2021,225.0,63,1,1455.228,1622.4207,2,1,1,1,0,0,0,0,0,0,0,0,0,0,0,0,0,0,0,0,0.4050622582435608,0,0,0,0,0,1,1,1,1,0,0
bfa,225111.0,2021,225.0,111,1,1455.228,1622.4207,2,1,1,1,1,1,0,0,1,1,1,0,0,0,0,0,0,0,0,0,4.383514940738678,0,0,0,0,6,1,0,1,0,0,0
bfa,225141.0,2021,225.0,141,1,1455.228,1622.4207,2,1,1,1,1,1,0,0,1,0,0,0,0,1,0,0,0,0,0,0,10.859455972909927,2,3,0,0,7,0,1,1,0,0,0
bfa,225143.0,2021,225.0,143,1,1455.228,1622.4207,4,1,1,1,1,1,0,0,0,0,0,0,0,0,0,0,0,0,0,0,3.2911474406719208,0,0,0,0,0,0,0,1,0,0,0
bfa,225148.0,2021,225.0,148,1,1455.228,1622.4207,2,1,1,1,1,1,0,0,0,1,0,0,0,0,0,0,0,0,0,0,3.463996469974518,2,0,0,0,2,0,0,1,0,0,0
bfa,225170.0,2021,225.0,170,1,1455.228,1622.4207,2,1,1,1,1,1,0,0,0,0,0,0,0,0,0,0,0,0,0,0,0.9873887300491333,5,3,0,0,9,0,1,1,1,0,0
bfa,226013.0,2021,226.0,13,2,1319.8872,1546.0847,2,1,1,1,1,1,0,0,1,1,0,0,0,0,0,0,0,0,0,0,1.740000007674098,0,4,6,0,0,0,0,1,0,0,0
bfa,226015.0,2021,226.0,15,2,1319.8872,1546.0847,2,1,1,1,1,1,0,0,0,1,0,0,0,0,0,0,0,0,0,0,0.5200000088661909,0,0,0,0,0,1,0,0,0,0,0
bfa,226037.0,2021,226.0,37,2,1319.8872,1546.0847,4,1,1,1,1,1,0,0,0,0,0,0,0,0,0,0,0,0,0,0,1.234262265264988,0,0,0,0,0,0,1,1,0,0,0
bfa,226061.0,2021,226.0,61,2,1319.8872,1546.0847,4,1,1,1,1,1,0,0,0,0,0,0,0,0,0,0,0,0,0,0,1.060100018978119,1,7,0,0,0,0,0,1,0,0,0
bfa,226081.0,2021,226.0,81,2,1319.8872,1546.0847,2,1,1,1,1,1,0,0,0,0,0,0,0,0,0,0,0,0,0,0,5.038100063800812,3,8,2,0,25,0,1,1,0,0,0
bfa,226167.0,2021,226.0,167,2,1319.8872,1546.0847,2,1,1,1,1,1,0,0,0,0,0,0,0,0,0,0,0,0,0,0,0.3896999955177307,0,2,0,0,10,1,1,1,0,0,0
bfa,227024.0,2021,227.0,24,1,680.3706,769.2015,1,0,0,1,1,1,0,0,1,0,1,0,0,0,0,0,0,0,0,0,4.882799923419952,1,42,0,0,50,0,1,0,1,0,0
bfa,227034.0,2021,227.0,34,1,680.3706,769.2015,1,0,1,1,1,1,0,0,0,0,0,0,0,0,0,0,0,0,0,0,2.388999968767166,1,20,0,0,20,0,1,0,0,0,0
bfa,227073.0,2021,227.0,73,1,680.3706,769.2015,2,1,0,1,1,1,0,0,0,0,0,0,0,0,0,0,0,0,0,0,3.9696000516414642,0,20,0,0,0,0,1,1,0,0,0
bfa,227083.0,2021,227.0,83,1,680.3706,769.2015,2,1,1,1,1,1,0,0,0,0,0,0,0,0,0,0,0,0,0,0,4.3958999812603,0,10,0,0,0,1,0,1,0,0,0
bfa,227084.0,2021,227.0,84,1,680.3706,769.2015,2,1,1,1,1,1,0,0,1,0,0,0,0,0,0,0,0,0,0,0,3.3422999382019043,0,5,12,0,20,0,1,1,0,0,0
bfa,227086.0,2021,227.0,86,1,680.3706,769.2015,4,1,1,1,1,1,0,0,0,0,0,0,0,0,0,0,0,0,0,0,0.98130002617836,0,4,0,0,0,0,0,0,0,0,0
bfa,228034.0,2021,228.0,34,2,382.01825,453.59192,2,1,1,1,1,1,0,0,0,0,0,0,0,0,0,0,0,0,0,0,2.2188000231981277,0,8,0,0,14,0,0,1,0,0,0
bfa,228085.0,2021,228.0,85,2,382.01825,453.59192,1,0,0,1,1,1,0,0,0,0,0,0,0,0,0,0,0,0,0,0,2.0709999799728394,2,10,0,0,9,0,1,1,0,0,0
bfa,228086.0,2021,228.0,86,2,382.01825,453.59192,2,1,1,1,1,1,0,0,0,0,0,0,0,0,0,0,0,0,0,0,1.5172999799251556,0,20,0,0,45,0,0,1,0,0,0
bfa,228088.0,2021,228.0,88,2,382.01825,453.59192,2,1,1,1,1,1,0,0,0,0,0,0,0,0,0,0,0,0,0,0,1.492215022444725,0,45,0,0,15,1,1,1,0,0,0
bfa,228092.0,2021,228.0,92,2,382.01825,453.59192,1,1,1,1,1,1,0,0,0,1,0,0,0,0,0,0,0,0,0,0,1.8421000242233276,7,15,0,0,4,1,1,1,0,0,0
bfa,228094.0,2021,228.0,94,2,382.01825,453.59192,2,1,1,1,1,1,0,0,0,0,0,0,0,0,0,0,0,0,0,0,1.6488999426364899,0,14,0,0,20,0,1,1,0,0,0
bfa,229002.0,2021,229.0,2,1,757.36176,809.4887,4,1,1,0,1,1,0,0,1,0,0,0,0,0,0,0,0,0,0,0,5.141433835029602,8,22,0,0,75,0,0,1,0,0,0
bfa,229013.0,2021,229.0,13,1,757.36176,809.4887,2,1,1,1,0,0,0,0,1,0,0,0,0,0,0,0,0,0,0,0,1.661853889003396,11,19,0,0,16,0,1,0,1,1,0
bfa,229054.0,2021,229.0,54,1,757.36176,809.4887,4,1,1,1,0,0,0,0,1,0,0,0,0,1,0,0,0,0,0,1,1.067900002002716,5,14,0,0,0,0,1,1,0,1,0
bfa,229070.0,2021,229.0,70,1,757.36176,809.4887,2,1,1,1,0,0,0,0,1,0,0,0,0,0,0,0,0,0,0,0,4.186899900436401,40,22,0,0,60,1,0,1,0,1,0
bfa,229121.0,2021,229.0,121,1,757.36176,809.4887,2,1,0,0,0,0,0,0,0,0,0,0,0,0,0,0,0,0,0,0,3.1973999738693237,30,45,0,0,38,0,1,1,0,0,0
bfa,229125.0,2021,229.0,125,1,757.36176,809.4887,1,1,0,0,1,1,0,0,0,0,0,0,0,0,0,0,0,0,0,0,0.9819999933242798,19,30,0,0,0,0,0,1,0,0,0
bfa,230003.0,2021,230.0,3,2,462.5767,371.0665,1,1,0,1,0,0,0,0,0,0,0,0,0,0,0,0,0,0,0,0,2.80309996008873,3,8,0,0,5,0,1,0,0,0,0
bfa,230005.0,2021,230.0,5,2,462.5767,371.0665,1,1,1,1,1,1,0,0,0,0,0,0,0,0,0,0,0,0,0,0,3.127299949526787,1,8,0,0,20,0,1,1,0,0,0
bfa,230114.0,2021,230.0,114,2,462.5767,371.0665,2,1,1,1,1,1,0,0,0,0,0,0,0,0,0,0,0,0,0,0,6.008400022983551,0,22,0,0,15,0,1,1,0,0,0
bfa,230120.0,2021,230.0,120,2,462.5767,371.0665,2,0,1,1,1,1,0,0,0,0,0,0,0,0,0,0,0,0,0,0,5.11800004914403,10,18,0,0,7,0,0,1,0,0,0
bfa,230123.0,2021,230.0,123,2,462.5767,371.0665,2,1,1,1,1,1,0,0,0,0,0,0,0,0,0,0,0,0,0,0,6.015399992465973,8,16,0,0,15,0,0,1,0,0,0
bfa,230129.0,2021,230.0,129,2,462.5767,371.0665,2,1,1,1,1,1,0,0,0,0,0,0,0,0,0,0,0,0,0,0,7.111900061368942,0,0,0,0,30,0,1,1,0,0,0
bfa,231029.0,2021,231.0,29,1,818.4479,878.77905,2,1,1,1,1,1,0,0,0,0,0,0,0,0,0,0,0,0,0,0,0.5561000108718872,0,0,0,0,0,0,1,1,0,0,0
bfa,231046.0,2021,231.0,46,1,818.4479,878.77905,2,1,1,1,1,1,0,0,0,0,0,1,0,0,0,0,0,0,0,0,0.9335242137312889,0,0,0,0,0,0,0,1,0,0,0
bfa,231048.0,2021,231.0,48,1,818.4479,878.77905,4,1,1,1,1,1,0,0,1,0,0,0,0,0,0,0,0,0,0,0,0.7675999831408262,0,0,0,0,0,0,0,1,0,0,0
bfa,231077.0,2021,231.0,77,1,818.4479,878.77905,1,1,1,1,1,1,0,0,0,0,0,0,0,0,0,0,0,0,0,0,3.4257000163197517,5,20,0,0,0,0,0,1,0,0,0
bfa,231110.0,2021,231.0,110,1,818.4479,878.77905,2,1,1,1,1,1,0,0,1,0,0,0,0,0,0,0,0,0,0,0,4.896214425563812,4,7,0,0,0,0,0,1,0,0,0
bfa,231188.0,2021,231.0,188,1,818.4479,878.77905,4,1,0,0,1,0,0,0,0,0,0,0,0,0,0,0,0,0,0,0,0.3675000071525574,0,2,0,0,0,0,0,1,0,0,0
bfa,232011.0,2021,232.0,11,2,2364.2483,1904.527,1,1,0,1,1,1,0,0,1,0,1,0,0,0,0,0,0,0,0,0,2.8704088032245636,2,11,0,0,15,0,1,0,0,0,0
bfa,232022.0,2021,232.0,22,2,2364.2483,1904.527,1,1,1,1,1,1,0,0,1,0,1,0,0,0,0,0,0,0,0,0,6.5565619468688965,6,27,0,0,15,1,1,0,0,0,0
bfa,232031.0,2021,232.0,31,2,2364.2483,1904.527,4,1,1,1,1,1,0,0,0,0,0,0,0,0,0,0,0,0,0,0,1.1081999987363815,0,0,0,0,0,0,0,1,0,0,0
bfa,232032.0,2021,232.0,32,2,2364.2483,1904.527,4,1,1,1,1,1,0,0,1,0,1,0,0,0,0,0,0,0,0,0,1.2259999811649323,0,0,0,0,0,0,0,1,0,0,0
bfa,232210.0,2021,232.0,210,2,2364.2483,1904.527,2,1,1,1,1,1,0,0,1,0,1,0,0,1,0,0,0,0,0,0,1.6068000197410583,0,0,0,0,0,0,0,1,0,0,0
bfa,232247.0,2021,232.0,247,2,2364.2483,1904.527,4,1,1,1,1,1,0,0,0,0,0,0,0,0,0,0,0,0,0,0,1.7965999767184258,0,0,0,0,0,0,0,1,0,0,0
bfa,233089.0,2021,233.0,89,2,1611.2731,1274.6918,4,1,1,1,1,1,0,0,0,0,0,0,0,1,0,0,0,0,0,0,0.8459999859333038,0,8,0,0,10,1,1,1,0,0,0
bfa,233112.0,2021,233.0,112,2,1611.2731,1274.6918,1,0,1,1,1,1,0,0,0,0,0,0,0,0,0,0,0,0,0,0,3.020900070667267,4,30,0,0,25,0,1,1,0,0,0
bfa,233217.0,2021,233.0,217,2,1611.2731,1274.6918,1,0,1,1,1,1,0,0,0,0,0,0,0,0,0,0,0,0,0,0,1.5538000017404556,0,0,0,0,5,0,1,1,0,0,0
bfa,233233.0,2021,233.0,233,2,1611.2731,1274.6918,2,1,1,1,1,1,0,0,0,0,0,0,0,0,0,0,0,0,0,0,1.6644000262022018,0,3,0,0,21,0,1,1,1,0,0
bfa,233243.0,2021,233.0,243,2,1611.2731,1274.6918,2,1,1,1,1,1,0,0,0,0,0,0,0,0,0,0,0,0,0,0,2.807113394141197,0,5,0,0,7,1,1,1,0,0,0
bfa,233260.0,2021,233.0,260,2,1611.2731,1274.6918,1,1,0,1,1,1,0,0,0,0,1,0,0,0,0,0,0,0,0,0,5.939320862293243,7,20,0,0,21,1,1,1,0,0,0
bfa,234005.0,2021,234.0,5,1,188.26784,205.86827,2,1,1,1,0,0,0,0,1,0,0,0,0,0,0,0,0,0,0,0,0.7572186850011349,0,8,12,0,14,1,1,1,1,0,0
bfa,234038.0,2021,234.0,38,1,188.26784,205.86827,2,1,0,1,1,1,0,0,1,0,0,1,0,0,0,0,0,0,0,0,1.1459000259637833,0,0,13,0,0,1,0,1,0,0,0
bfa,234051.0,2021,234.0,51,1,188.26784,205.86827,4,1,1,1,1,1,0,0,1,0,0,0,0,0,0,0,0,0,0,0,,0,0,0,0,20,1,0,1,1,0,0
bfa,234110.0,2021,234.0,110,1,188.26784,205.86827,2,1,1,1,1,1,0,0,1,0,1,1,0,1,0,0,0,1,1,0,2.120271012187004,4,22,0,0,10,0,1,1,0,0,0
bfa,234148.0,2021,234.0,148,1,188.26784,205.86827,4,0,0,1,1,1,0,0,0,0,0,0,0,0,0,0,0,0,0,0,0.29982998967170715,0,0,0,0,0,0,0,1,0,0,0
bfa,234149.0,2021,234.0,149,1,188.26784,205.86827,4,1,1,0,1,1,0,0,0,0,0,0,0,0,0,0,0,0,0,0,0.06400000303983688,0,0,0,0,0,1,0,1,0,0,0
bfa,235002.0,2021,235.0,2,1,127.87577,139.91888,1,1,1,1,1,1,1,0,1,1,1,1,0,1,0,0,0,1,1,0,,0,0,0,0,0,0,0,1,0,0,0
bfa,235039.0,2021,235.0,39,1,127.87577,139.91888,1,1,1,1,1,1,0,0,1,0,0,1,0,0,0,0,0,0,0,0,0.5141952931880951,0,0,0,0,0,1,0,1,0,0,0
bfa,235100.0,2021,235.0,100,1,127.87577,139.91888,2,1,1,1,1,1,0,0,1,0,1,1,0,1,0,0,0,0,0,0,0.4030059576034546,0,0,0,0,24,1,0,1,0,0,0
bfa,235117.0,2021,235.0,117,1,127.87577,139.91888,2,1,1,1,1,1,1,1,0,0,1,1,0,0,0,0,0,0,0,0,,0,0,0,0,0,1,0,0,0,0,0
bfa,235131.0,2021,235.0,131,1,127.87577,139.91888,1,1,1,1,1,1,1,1,0,1,0,1,0,1,1,0,1,0,0,0,,0,3,4,0,12,1,1,1,0,0,0
bfa,236020.0,2021,236.0,20,1,375.1591,395.08032,1,1,1,1,1,1,0,0,1,0,1,1,0,1,0,0,0,0,0,0,,0,0,0,0,0,0,0,0,0,0,0
bfa,236055.0,2021,236.0,55,1,375.1591,395.08032,1,1,1,1,1,1,1,1,0,0,0,0,0,1,0,1,0,0,1,0,,0,4,0,0,25,0,0,1,1,0,0
bfa,236056.0,2021,236.0,56,1,375.1591,395.08032,1,1,1,1,1,1,1,0,1,0,0,1,0,0,0,0,0,0,0,0,0.16735966503620148,0,0,0,0,0,0,0,1,0,0,0
bfa,236057.0,2021,236.0,57,1,375.1591,395.08032,1,1,1,1,0,0,0,0,1,0,0,1,0,0,0,0,0,0,0,0,,0,0,4,0,0,0,0,0,0,0,0
bfa,236070.0,2021,236.0,70,1,375.1591,395.08032,1,1,1,1,1,1,0,0,1,0,0,0,0,1,0,0,0,0,0,1,,3,8,0,0,20,1,1,1,0,0,0
bfa,236190.0,2021,236.0,190,1,375.1591,395.08032,3,1,1,1,1,1,1,0,1,0,0,1,0,1,0,1,1,0,1,0,,0,0,0,0,0,0,0,1,0,0,0
bfa,237035.0,2021,237.0,35,2,142.02736,158.75764,2,0,1,1,1,1,0,0,0,0,1,0,0,0,0,0,0,0,0,0,0.0,0,13,0,0,0,0,0,1,0,0,0
bfa,237037.0,2021,237.0,37,2,142.02736,158.75764,4,1,1,1,1,1,0,0,1,0,0,0,0,1,0,0,0,0,0,0,2.057500034570694,0,9,0,0,0,0,1,1,0,0,0
bfa,237055.0,2021,237.0,55,2,142.02736,158.75764,4,1,0,1,1,1,0,0,0,0,0,0,0,0,0,0,0,0,0,0,0.3613084554672241,0,0,0,0,0,0,0,1,0,0,0
bfa,237102.0,2021,237.0,102,2,142.02736,158.75764,2,1,1,1,1,1,0,0,1,0,1,0,0,1,0,0,0,0,0,0,1.7223999798297882,3,5,0,0,10,0,1,1,0,0,0
bfa,237104.0,2021,237.0,104,2,142.02736,158.75764,1,1,1,1,1,1,0,0,0,0,0,0,0,0,0,0,0,0,0,0,1.835400015115738,3,9,0,0,12,0,1,1,0,0,0
bfa,237109.0,2021,237.0,109,2,142.02736,158.75764,1,1,1,1,1,1,0,0,1,0,0,0,0,0,0,0,0,0,0,0,3.272700011730194,6,20,0,0,5,0,1,1,0,0,0
bfa,238069.0,2021,238.0,69,1,110.81002,131.70094,1,1,1,1,1,1,1,0,1,0,0,1,0,1,0,0,0,0,0,0,,0,0,0,0,0,1,0,1,0,0,0
bfa,238110.0,2021,238.0,110,1,110.81002,131.70094,3,1,1,1,1,1,1,1,0,1,1,1,1,1,0,1,1,1,1,1,0.27297285199165344,0,0,0,0,351,1,1,1,0,0,0
bfa,238134.0,2021,238.0,134,1,110.81002,131.70094,1,1,1,1,1,1,1,0,1,0,0,0,0,1,0,0,0,0,0,0,,0,0,0,0,6,0,0,0,0,0,0
bfa,238174.0,2021,238.0,174,1,110.81002,131.70094,2,1,1,1,1,1,0,0,0,0,0,0,0,1,0,0,1,0,0,0,,0,0,0,0,0,0,0,1,0,0,0
bfa,238175.0,2021,238.0,175,1,110.81002,131.70094,3,1,1,1,0,0,1,0,1,1,1,1,0,1,0,1,1,1,1,1,,0,0,0,0,0,0,0,1,0,0,0
bfa,239007.0,2021,239.0,7,1,807.2576,723.4462,1,1,1,1,1,1,0,0,0,0,1,1,0,0,0,0,0,0,0,0,3.181200012564659,0,6,0,0,36,1,0,1,1,0,0
bfa,239010.0,2021,239.0,10,1,807.2576,723.4462,2,1,1,1,1,1,0,0,1,0,0,1,0,1,0,0,0,0,0,0,1.946299970149994,0,3,0,0,4,0,1,1,0,0,0
bfa,239031.0,2021,239.0,31,1,807.2576,723.4462,1,1,1,1,1,1,0,0,0,0,0,1,0,0,0,0,0,0,0,0,0.18209999799728394,10,30,0,0,0,0,0,1,0,0,0
bfa,239085.0,2021,239.0,85,1,807.2576,723.4462,1,1,1,1,1,1,0,0,1,0,0,0,0,0,0,0,0,0,0,0,1.8029000237584114,0,0,0,0,51,1,0,1,0,0,0
bfa,239123.0,2021,239.0,123,1,807.2576,723.4462,1,1,1,1,1,1,0,0,0,0,1,0,1,0,0,0,0,0,0,0,0.6791000068187714,0,15,0,0,35,1,1,0,0,0,0
bfa,239126.0,2021,239.0,126,1,807.2576,723.4462,1,0,1,1,1,1,0,0,1,0,1,0,0,0,0,0,0,0,0,0,2.954199969768524,6,36,0,0,75,0,1,0,0,0,0
bfa,240027.0,2021,240.0,27,2,1173.9237,1282.4918,2,0,1,1,1,1,0,0,1,0,1,0,0,0,0,0,0,0,0,0,2.3734999522566795,6,13,0,0,0,0,1,1,0,0,0
bfa,240041.0,2021,240.0,41,2,1173.9237,1282.4918,2,0,1,1,1,1,0,0,1,0,1,0,0,0,0,0,0,0,0,0,2.3722999691963196,5,16,0,0,0,0,1,1,0,0,0
bfa,240151.0,2021,240.0,151,2,1173.9237,1282.4918,1,1,1,1,1,1,0,0,1,0,1,0,0,1,0,0,0,0,0,0,3.5375076234340668,11,19,0,0,15,1,1,1,0,0,0
bfa,240152.0,2021,240.0,152,2,1173.9237,1282.4918,2,1,0,1,1,1,0,0,0,0,0,0,0,0,0,0,0,0,0,0,2.715000033378601,0,2,0,0,7,0,1,1,0,0,0
bfa,240153.0,2021,240.0,153,2,1173.9237,1282.4918,1,1,1,1,1,1,0,0,1,0,1,0,0,0,0,0,0,0,0,0,3.928600013256073,0,10,0,0,6,1,1,0,0,0,0
bfa,240154.0,2021,240.0,154,2,1173.9237,1282.4918,2,1,1,1,1,1,0,0,1,0,0,0,0,0,0,0,0,0,0,0,5.573900043964386,0,6,0,0,15,0,1,1,0,0,0
bfa,241008.0,2021,241.0,8,2,831.38776,36.440014,1,1,1,1,1,1,1,1,0,1,0,0,0,0,0,0,0,0,0,1,,0,0,0,0,0,0,0,0,0,0,0
bfa,241029.0,2021,241.0,29,2,831.38776,36.440014,1,1,1,1,1,1,1,1,0,1,1,0,0,1,0,1,0,0,0,0,,0,0,0,0,0,0,0,1,0,0,0
bfa,241056.0,2021,241.0,56,2,831.38776,36.440014,3,1,1,1,1,1,1,1,0,1,0,0,0,1,0,0,0,0,1,0,,0,0,0,0,0,0,0,0,0,0,0
bfa,241072.0,2021,241.0,72,2,831.38776,36.440014,3,1,1,1,1,1,1,1,0,1,0,1,0,1,0,0,0,1,1,0,,0,0,0,0,0,1,0,1,1,0,0
bfa,241109.0,2021,241.0,109,2,831.38776,36.440014,4,1,1,1,1,1,1,1,0,1,0,1,0,1,0,0,1,0,0,0,,0,0,0,0,0,0,0,1,1,0,0
bfa,242026.0,2021,242.0,26,2,597.77826,30.306744,1,1,1,1,1,1,1,1,0,1,1,0,0,1,0,1,0,0,0,0,,0,0,0,0,0,0,0,1,0,0,0
bfa,242029.0,2021,242.0,29,2,597.77826,30.306744,1,1,1,1,1,1,0,0,1,1,0,0,0,0,0,0,0,0,0,0,,0,0,0,0,0,1,0,1,0,0,0
bfa,242042.0,2021,242.0,42,2,597.77826,30.306744,4,1,1,1,1,1,1,1,0,1,1,1,0,0,0,1,0,0,1,1,,0,0,0,0,0,0,0,0,1,0,0
bfa,242055.0,2021,242.0,55,2,597.77826,30.306744,4,1,1,1,1,1,1,0,1,1,1,1,0,1,0,1,1,1,1,1,,0,0,0,0,0,0,0,1,0,0,0
bfa,242060.0,2021,242.0,60,2,597.77826,30.306744,1,1,1,1,1,1,1,1,0,1,0,0,0,1,0,1,0,0,0,1,,0,0,0,0,0,0,0,0,1,0,0
bfa,243020.0,2021,243.0,20,1,1287.0168,43.710983,4,1,1,1,1,1,1,1,0,1,1,0,0,1,0,0,0,0,1,0,,0,0,0,0,0,0,0,0,1,0,0
bfa,243028.0,2021,243.0,28,1,1287.0168,43.710983,3,1,1,1,1,1,1,1,0,1,0,0,0,1,0,0,1,1,1,0,,0,0,0,0,0,0,0,0,0,0,0
bfa,243048.0,2021,243.0,48,1,1287.0168,43.710983,4,1,1,1,1,1,1,1,0,1,1,0,0,1,1,1,0,1,1,0,,0,0,0,0,0,0,0,1,0,0,0
bfa,243080.0,2021,243.0,80,1,1287.0168,43.710983,4,1,1,1,1,1,0,0,1,1,0,0,0,0,0,0,1,0,0,0,,0,0,0,0,0,0,0,1,0,0,0
bfa,243086.0,2021,243.0,86,1,1287.0168,43.710983,1,1,1,1,1,1,1,1,0,1,1,1,0,1,0,0,0,0,0,0,,0,3,0,0,0,0,0,1,0,0,0
bfa,243131.0,2021,243.0,131,1,1287.0168,43.710983,1,1,1,1,1,1,1,1,0,1,1,1,0,1,1,1,1,0,1,0,,0,3,0,0,10,0,0,0,0,0,0
bfa,244024.0,2021,244.0,24,1,2342.0183,73.34587,3,1,1,1,1,1,1,1,0,1,1,0,0,1,0,0,1,0,1,0,,0,0,0,0,0,0,0,1,0,0,0
bfa,244025.0,2021,244.0,25,1,2342.0183,73.34587,1,1,1,1,1,1,1,1,0,1,1,1,0,1,0,1,1,0,1,0,,0,0,0,0,0,0,0,0,0,0,0
bfa,244055.0,2021,244.0,55,1,2342.0183,73.34587,4,1,1,1,1,1,1,1,0,1,1,0,0,1,0,1,0,0,1,0,,0,0,0,0,0,1,0,0,0,0,0
bfa,244143.0,2021,244.0,143,1,2342.0183,73.34587,3,1,1,1,1,1,1,1,0,1,1,0,1,1,1,0,0,0,1,0,,0,0,0,0,0,0,0,1,0,0,0
bfa,244162.0,2021,244.0,162,1,2342.0183,73.34587,4,1,1,1,1,1,0,0,1,1,1,1,0,1,0,0,0,0,0,0,,0,0,0,0,0,0,1,0,0,0,0
bfa,244170.0,2021,244.0,170,1,2342.0183,73.34587,1,1,1,1,1,1,1,1,0,1,1,1,0,1,0,1,1,1,1,1,,0,0,0,0,0,0,0,1,1,0,0
bfa,245003.0,2021,245.0,3,1,719.85614,24.763447,2,1,1,1,1,1,1,1,0,1,1,0,0,1,0,1,1,0,1,0,,0,0,0,0,0,0,0,1,0,0,0
bfa,245008.0,2021,245.0,8,1,719.85614,24.763447,1,1,1,1,1,1,1,1,0,1,1,0,0,1,0,1,0,0,0,0,,0,0,0,0,0,0,0,0,0,0,0
bfa,245021.0,2021,245.0,21,1,719.85614,24.763447,1,1,1,1,1,1,1,1,0,1,0,0,0,1,0,1,1,0,0,0,,0,0,0,0,0,1,0,0,0,0,0
bfa,245058.0,2021,245.0,58,1,719.85614,24.763447,4,1,1,1,1,1,1,1,0,1,0,0,0,0,0,0,0,0,0,0,,0,0,0,0,0,0,0,1,1,0,0
bfa,245060.0,2021,245.0,60,1,719.85614,24.763447,1,1,1,1,1,1,0,1,0,1,1,0,0,1,0,0,0,0,1,0,,0,0,0,0,0,0,0,0,0,0,0
bfa,245103.0,2021,245.0,103,1,719.85614,24.763447,2,1,1,1,1,1,1,1,0,1,0,0,0,1,0,0,1,0,1,1,,0,0,0,0,0,0,0,1,0,0,0
bfa,246002.0,2021,246.0,2,2,895.4776,31.70681,1,1,1,1,1,1,1,1,0,1,0,0,0,1,0,0,0,0,1,0,,0,0,0,0,0,1,0,0,0,0,0
bfa,246035.0,2021,246.0,35,2,895.4776,31.70681,1,1,1,1,1,1,0,0,1,1,1,1,0,1,0,1,1,1,1,1,,0,0,0,0,200,1,0,1,0,0,0
bfa,246043.0,2021,246.0,43,2,895.4776,31.70681,3,1,1,1,1,1,0,0,0,0,0,0,0,0,0,0,0,0,0,0,,0,0,0,0,0,0,0,1,1,0,0
bfa,246075.0,2021,246.0,75,2,895.4776,31.70681,1,1,1,1,1,1,1,1,0,1,0,0,0,1,0,0,0,1,0,0,,0,0,0,0,0,1,0,0,0,0,0
bfa,246079.0,2021,246.0,79,2,895.4776,31.70681,1,1,1,1,1,1,1,1,0,1,1,0,0,1,0,0,0,0,1,0,,0,0,0,0,0,0,0,0,0,0,0
bfa,246107.0,2021,246.0,107,2,895.4776,31.70681,3,1,1,1,1,1,1,1,0,1,1,1,0,1,0,1,1,1,1,0,,0,0,0,0,0,1,0,0,1,0,0
bfa,247013.0,2021,247.0,13,1,1641.8871,56.290535,1,1,1,1,1,1,1,1,0,1,0,1,0,1,0,1,1,1,1,0,,0,0,0,0,0,0,0,0,0,0,0
bfa,247024.0,2021,247.0,24,1,1641.8871,56.290535,3,1,1,1,1,1,0,0,1,0,0,0,0,1,0,0,1,0,0,0,,0,0,0,0,0,0,0,1,1,0,0
bfa,247069.0,2021,247.0,69,1,1641.8871,56.290535,3,1,1,1,1,1,1,1,0,1,0,0,0,1,0,1,1,0,1,0,,0,0,0,0,0,0,0,1,1,0,0
bfa,247084.0,2021,247.0,84,1,1641.8871,56.290535,3,1,1,1,1,1,1,1,0,1,0,0,0,1,0,0,0,0,0,0,,0,0,0,0,0,1,0,0,0,1,0
bfa,247224.0,2021,247.0,224,1,1641.8871,56.290535,4,1,1,1,1,1,0,1,0,0,1,0,0,0,0,0,0,0,0,0,,0,0,0,0,0,0,0,1,0,0,0
bfa,247241.0,2021,247.0,241,1,1641.8871,56.290535,1,1,1,1,1,1,1,1,0,1,0,0,0,1,0,1,0,0,1,0,,0,0,0,0,0,0,0,0,0,0,0
bfa,248004.0,2021,248.0,4,2,870.2219,29.371744,4,1,1,1,1,1,1,1,0,1,1,1,0,1,0,1,0,0,0,1,,0,0,0,0,0,0,0,1,1,0,0
bfa,248053.0,2021,248.0,53,2,870.2219,29.371744,1,1,1,1,1,1,1,1,0,1,0,1,0,1,0,0,0,1,0,1,,8,55,0,0,0,0,0,0,0,0,0
bfa,248056.0,2021,248.0,56,2,870.2219,29.371744,1,1,1,1,1,1,1,1,0,1,1,0,0,1,0,0,0,0,0,0,,0,0,0,0,0,0,0,0,0,0,0
bfa,248089.0,2021,248.0,89,2,870.2219,29.371744,4,1,1,1,1,1,1,1,0,0,0,0,0,1,0,0,0,0,0,0,,0,0,0,0,0,0,0,1,0,0,0
bfa,248111.0,2021,248.0,111,2,870.2219,29.371744,1,1,1,1,1,1,1,1,0,1,0,1,0,1,0,1,0,0,0,0,,0,0,0,0,0,1,0,0,1,0,0
bfa,248119.0,2021,248.0,119,2,870.2219,29.371744,1,1,1,1,1,1,1,1,0,1,1,0,0,1,0,1,0,0,1,0,,0,0,0,0,0,0,0,0,0,0,0
bfa,249005.0,2021,249.0,5,1,312.89062,519.29205,2,1,1,1,1,1,0,0,1,0,1,0,0,0,0,0,0,0,0,0,2.8573999851942062,4,12,0,0,80,0,1,1,1,0,0
bfa,249012.0,2021,249.0,12,1,312.89062,519.29205,2,1,1,1,1,0,0,0,0,0,0,0,0,0,0,0,0,0,0,0,2.170800045132637,2,12,0,0,30,0,0,1,0,0,0
bfa,249035.0,2021,249.0,35,1,312.89062,519.29205,1,1,1,1,1,1,0,0,1,0,0,0,0,0,0,0,0,0,0,0,1.0537000186741352,0,18,0,0,40,0,1,1,0,0,0
bfa,249037.0,2021,249.0,37,1,312.89062,519.29205,2,1,1,1,1,0,0,0,1,0,0,0,0,0,0,0,0,0,0,0,1.3267999775707722,1,13,8,0,70,0,1,1,0,0,0
bfa,249064.0,2021,249.0,64,1,312.89062,519.29205,2,1,1,1,1,0,0,0,1,0,0,0,0,0,0,0,0,0,0,0,0.5399999851360917,1,0,0,0,50,0,1,1,0,0,0
bfa,249069.0,2021,249.0,69,1,312.89062,519.29205,1,1,1,1,1,1,0,0,0,0,1,1,0,0,0,0,0,0,0,0,2.057993116788566,0,10,0,0,15,1,1,1,1,0,0
bfa,250057.0,2021,250.0,57,2,328.66553,540.51416,2,1,1,1,1,1,0,0,1,0,0,0,0,1,0,0,0,0,0,0,0.4602999985218048,0,8,0,0,0,0,0,1,0,0,0
bfa,250091.0,2021,250.0,91,2,328.66553,540.51416,2,1,1,1,1,1,0,0,0,0,0,0,0,0,0,0,0,0,0,0,2.582500010728836,0,7,0,0,30,0,0,1,0,0,0
bfa,250095.0,2021,250.0,95,2,328.66553,540.51416,1,1,1,1,1,0,0,0,1,0,0,0,0,0,0,0,0,0,0,0,0.49446000158786774,0,8,0,0,30,1,1,1,0,0,0
bfa,250113.0,2021,250.0,113,2,328.66553,540.51416,1,1,1,1,1,1,0,0,0,0,0,1,0,0,0,0,0,0,0,0,1.5770846237428486,3,18,0,0,30,0,0,1,0,0,0
bfa,250119.0,2021,250.0,119,2,328.66553,540.51416,1,1,1,1,1,1,0,0,1,0,0,0,0,0,0,0,0,0,0,0,0.29092688113451004,0,6,0,0,10,1,0,1,0,0,0
bfa,250130.0,2021,250.0,130,2,328.66553,540.51416,2,1,1,1,1,1,0,0,1,0,0,0,0,1,0,0,0,0,0,0,1.101427085697651,0,20,0,0,35,0,1,1,0,0,0
bfa,251022.0,2021,251.0,22,2,1111.715,1555.8586,2,1,1,1,0,0,0,0,1,1,0,0,0,0,0,0,0,0,0,0,1.118700017221272,2,8,0,0,10,0,1,1,0,0,0
bfa,251026.0,2021,251.0,26,2,1111.715,1555.8586,1,1,1,1,0,0,0,0,0,0,0,1,0,0,0,0,0,0,0,0,0.9172000093385577,0,3,0,0,15,0,1,1,1,0,0
bfa,251061.0,2021,251.0,61,2,1111.715,1555.8586,2,1,1,1,1,1,0,0,0,0,0,0,0,0,0,0,0,0,0,0,1.9957911996170878,0,12,0,0,45,0,1,1,0,0,0
bfa,251091.0,2021,251.0,91,2,1111.715,1555.8586,2,1,1,1,1,1,0,0,0,0,0,0,0,0,0,0,0,0,0,0,1.6951000392436981,0,8,0,0,0,0,0,1,0,0,0
bfa,251118.0,2021,251.0,118,2,1111.715,1555.8586,1,1,1,1,1,1,0,0,1,0,0,1,0,0,0,0,0,0,0,0,0.41699999873526394,2,5,0,0,15,1,0,1,0,0,0
bfa,251218.0,2021,251.0,218,2,1111.715,1555.8586,2,1,1,1,0,0,0,0,1,0,1,0,0,1,0,0,0,0,1,0,1.0814449042081833,0,0,0,0,0,0,1,1,1,0,0
bfa,252008.0,2021,252.0,8,1,563.67285,935.584,1,1,1,1,1,1,0,0,0,0,0,0,0,0,0,0,0,0,0,0,2.950499980710447,0,11,0,0,30,0,1,1,1,0,0
bfa,252009.0,2021,252.0,9,1,563.67285,935.584,2,1,1,1,1,1,0,0,0,0,0,0,0,0,0,0,0,0,0,0,1.341400008648634,0,3,8,0,10,1,0,1,0,0,0
bfa,252020.0,2021,252.0,20,1,563.67285,935.584,1,1,1,0,1,1,0,0,0,0,0,0,0,0,0,0,0,0,0,0,0.34710000082850456,0,8,0,0,15,1,1,1,0,0,0
bfa,252066.0,2021,252.0,66,1,563.67285,935.584,1,1,1,0,1,1,0,0,0,0,0,0,0,0,0,0,0,0,0,0,0.5262299943715334,0,9,0,0,20,1,1,0,0,0,0
bfa,252071.0,2021,252.0,71,1,563.67285,935.584,2,1,1,0,1,1,0,0,1,0,0,0,0,0,0,0,0,0,0,0,0.5221381038427353,0,5,0,0,0,0,1,0,0,0,0
bfa,252086.0,2021,252.0,86,1,563.67285,935.584,2,1,1,1,1,0,0,0,0,0,0,0,0,0,0,0,0,0,0,0,0.4788992628455162,3,14,0,0,0,1,0,0,0,0,0
bfa,253009.0,2021,253.0,9,1,280.19196,637.1811,2,1,1,1,1,1,0,0,0,0,0,0,0,0,0,0,0,0,0,0,1.1559999957680702,0,0,0,0,19,0,1,1,0,0,0
bfa,253010.0,2021,253.0,10,1,280.19196,637.1811,2,1,1,1,1,1,0,0,1,0,0,0,0,0,0,0,0,0,0,0,1.6542000025510788,1,12,5,0,13,0,1,1,0,0,0
bfa,253060.0,2021,253.0,60,1,280.19196,637.1811,1,1,1,0,1,1,0,0,0,0,0,0,0,0,0,0,0,0,0,0,1.4389999732375145,0,0,0,0,6,1,1,1,0,0,0
bfa,253061.0,2021,253.0,61,1,280.19196,637.1811,1,1,1,1,1,1,0,0,0,0,0,0,0,0,0,0,0,0,0,0,3.289940021932125,3,12,0,0,35,0,1,0,0,0,0
bfa,253068.0,2021,253.0,68,1,280.19196,637.1811,2,1,1,1,1,0,0,0,0,0,0,0,0,0,0,0,0,0,0,0,4.163266124203801,2,4,4,0,45,0,1,0,1,0,0
bfa,253091.0,2021,253.0,91,1,280.19196,637.1811,2,1,1,0,1,1,0,0,0,0,0,0,0,0,0,0,0,0,0,0,0.6519416123628616,0,0,0,0,10,0,1,0,0,0,0
bfa,254020.0,2021,254.0,20,1,1331.9381,2039.4015,2,1,1,1,1,1,0,0,1,0,0,0,0,0,0,0,0,0,0,0,1.6050000116229057,4,19,0,0,26,1,1,1,0,0,0
bfa,254083.0,2021,254.0,83,1,1331.9381,2039.4015,1,1,1,1,1,1,0,0,0,0,0,0,0,0,0,0,0,0,0,0,0.9620317160151899,0,5,0,0,4,1,1,1,0,0,0
bfa,254101.0,2021,254.0,101,1,1331.9381,2039.4015,2,1,1,1,1,1,0,0,1,1,0,0,0,0,0,0,0,0,0,0,0.9274999909102917,4,13,0,0,40,0,0,1,0,0,0
bfa,254117.0,2021,254.0,117,1,1331.9381,2039.4015,1,1,1,1,1,1,0,0,1,0,0,0,0,1,0,0,1,0,0,0,5.3829948753118515,3,10,0,0,20,1,0,1,0,0,0
bfa,254125.0,2021,254.0,125,1,1331.9381,2039.4015,1,1,1,1,1,1,0,0,1,0,1,0,0,1,0,0,0,0,0,0,1.6252754107117653,0,6,0,0,12,0,0,1,0,0,0
bfa,254145.0,2021,254.0,145,1,1331.9381,2039.4015,2,1,1,1,1,1,0,0,0,0,0,0,0,0,0,0,0,0,0,0,0.9891000129282475,0,0,0,0,0,0,0,1,0,0,0
bfa,255020.0,2021,255.0,20,2,386.40182,562.3953,1,1,1,1,1,0,0,0,1,0,0,0,0,0,0,0,0,0,0,0,0.8972999826073647,0,5,0,0,15,0,0,1,0,0,0
bfa,255060.0,2021,255.0,60,2,386.40182,562.3953,1,1,1,1,1,1,0,0,1,0,0,0,0,1,0,0,0,0,1,0,0.1931000053882599,0,6,0,0,10,0,0,1,0,0,0
bfa,255089.0,2021,255.0,89,2,386.40182,562.3953,1,1,1,1,1,1,0,0,0,0,0,1,0,0,0,0,0,0,0,0,0.5465698391199112,0,4,0,0,30,0,0,1,0,0,0
bfa,255100.0,2021,255.0,100,2,386.40182,562.3953,1,1,1,1,1,1,0,0,0,0,0,1,0,0,0,0,0,0,0,0,0.21889999508857727,0,0,0,0,0,0,0,1,0,0,0
bfa,255109.0,2021,255.0,109,2,386.40182,562.3953,1,1,1,1,1,1,0,0,1,0,0,0,0,0,0,0,0,0,0,0,0.18306058458983898,0,0,0,0,0,0,1,1,0,0,0
bfa,255129.0,2021,255.0,129,2,386.40182,562.3953,1,1,1,1,1,1,0,0,1,0,0,0,0,1,0,0,0,0,0,0,0.28351622447371483,5,0,0,0,6,0,0,1,0,0,0
bfa,256020.0,2021,256.0,20,1,262.46448,461.6482,2,1,1,1,0,0,0,0,0,0,0,0,0,0,0,0,0,0,0,0,1.4341715276241302,0,0,0,0,26,0,0,1,0,0,0
bfa,256022.0,2021,256.0,22,1,262.46448,461.6482,2,0,0,1,1,1,0,0,1,0,0,0,0,0,0,0,0,0,0,0,3.714200049638748,27,0,0,0,70,0,1,1,0,0,0
bfa,256035.0,2021,256.0,35,1,262.46448,461.6482,4,1,1,1,1,1,0,0,1,0,0,1,0,0,0,0,0,0,0,0,2.246499925851822,0,7,0,0,68,0,0,1,0,0,0
bfa,256039.0,2021,256.0,39,1,262.46448,461.6482,4,1,1,0,1,1,0,0,0,0,0,0,0,0,0,0,0,0,0,0,2.626699984073639,38,28,0,0,36,0,0,1,0,0,0
bfa,256040.0,2021,256.0,40,1,262.46448,461.6482,2,1,1,0,1,1,0,0,1,0,0,0,0,0,0,0,0,0,0,0,2.2141999802552164,4,8,0,0,65,0,1,1,1,0,0
bfa,256042.0,2021,256.0,42,1,262.46448,461.6482,2,0,1,1,1,1,0,0,1,0,1,0,0,0,0,0,0,0,0,0,3.556499931961298,2,3,0,0,23,0,1,1,0,0,0
bfa,257021.0,2021,257.0,21,1,1297.4144,1734.6432,2,1,1,1,1,1,0,0,0,0,0,1,0,0,0,0,0,0,0,0,0.1306000053882599,0,0,4,0,0,0,0,1,0,0,0
bfa,257055.0,2021,257.0,55,1,1297.4144,1734.6432,2,0,1,1,1,1,0,0,0,0,0,0,0,0,0,0,0,0,0,0,4.287536457180977,3,42,0,0,95,0,1,1,0,0,0
bfa,257063.0,2021,257.0,63,1,1297.4144,1734.6432,1,1,1,1,1,1,0,0,0,0,0,0,0,0,0,0,0,0,0,0,,0,0,0,0,0,1,0,0,0,0,0
bfa,257073.0,2021,257.0,73,1,1297.4144,1734.6432,2,1,1,1,1,1,0,0,0,0,0,1,0,0,0,0,0,0,0,0,2.5414999425411224,0,9,0,0,40,0,0,1,0,0,0
bfa,257076.0,2021,257.0,76,1,1297.4144,1734.6432,2,1,1,1,1,1,0,0,1,0,0,1,0,0,0,0,0,0,0,0,,0,0,0,0,0,0,0,1,0,0,0
bfa,257118.0,2021,257.0,118,1,1297.4144,1734.6432,2,1,1,1,1,1,0,0,0,0,1,1,0,0,0,0,0,0,0,0,5.028000056743622,0,15,9,0,15,0,0,1,0,0,0
bfa,258020.0,2021,258.0,20,1,703.7745,814.3865,2,1,1,1,1,1,0,0,1,0,0,0,0,0,0,0,0,0,0,0,3.940899968147278,0,5,0,0,13,1,1,1,0,0,0
bfa,258041.0,2021,258.0,41,1,703.7745,814.3865,2,1,1,1,1,1,0,0,1,0,0,1,0,0,0,0,0,0,0,0,5.208799861371517,0,16,0,0,25,0,1,1,0,0,0
bfa,258042.0,2021,258.0,42,1,703.7745,814.3865,2,1,1,1,1,1,0,0,0,0,0,0,0,0,0,0,0,0,0,0,1.6694999961182475,0,5,0,0,7,0,1,1,0,0,0
bfa,258082.0,2021,258.0,82,1,703.7745,814.3865,2,1,1,1,0,0,0,0,1,0,0,1,0,0,0,0,0,0,0,0,6.420300059020519,0,0,0,0,30,0,0,1,0,0,0
bfa,258090.0,2021,258.0,90,1,703.7745,814.3865,2,0,1,1,0,0,0,0,0,0,0,0,0,0,0,0,0,0,0,0,1.8339000022388063,0,0,0,0,0,1,1,1,0,0,0
bfa,258099.0,2021,258.0,99,1,703.7745,814.3865,2,1,1,1,0,0,0,0,1,0,0,0,0,0,0,0,0,0,0,0,1.7470999658107758,0,0,0,0,10,1,0,1,0,0,0
bfa,259002.0,2021,259.0,2,1,838.2388,905.2759,1,1,0,0,1,1,0,0,1,0,0,0,0,0,0,0,0,0,0,0,1.1614531725645065,2,12,0,0,15,1,1,1,0,0,0
bfa,259003.0,2021,259.0,3,1,838.2388,905.2759,2,1,1,1,1,1,0,0,0,0,0,0,0,0,0,0,0,0,0,0,0.3683999925851822,0,3,0,0,5,0,1,1,0,0,0
bfa,259042.0,2021,259.0,42,1,838.2388,905.2759,2,1,1,1,1,1,0,0,1,0,0,0,0,0,0,0,0,0,0,0,2.4358999729156494,0,10,0,0,0,0,1,0,1,0,0
bfa,259045.0,2021,259.0,45,1,838.2388,905.2759,1,1,1,0,1,1,0,0,0,0,0,0,0,0,0,0,0,0,0,0,2.1050093472003937,0,0,0,0,35,0,1,1,0,0,0
bfa,259046.0,2021,259.0,46,1,838.2388,905.2759,2,0,0,1,1,1,0,0,0,0,0,0,0,0,0,0,0,0,0,0,0.15816618502140045,0,0,0,0,0,0,0,0,0,0,0
bfa,259097.0,2021,259.0,97,1,838.2388,905.2759,2,1,1,1,1,1,0,0,1,0,0,0,0,0,0,0,0,0,0,0,2.53204607963562,16,6,0,0,0,1,1,1,1,0,0
bfa,260003.0,2021,260.0,3,1,323.20248,338.58258,4,1,1,1,1,1,0,0,0,0,0,0,0,0,0,0,0,0,0,0,1.2645866125822067,0,0,0,0,0,0,1,1,0,0,0
bfa,260004.0,2021,260.0,4,1,323.20248,338.58258,2,1,1,1,1,1,0,0,0,0,0,0,0,0,0,0,0,0,0,0,3.487434148788452,0,10,0,0,16,0,1,1,0,0,0
bfa,260024.0,2021,260.0,24,1,323.20248,338.58258,2,1,1,1,1,1,0,0,0,0,0,1,0,0,0,0,0,0,0,0,2.948499917984009,0,38,0,0,16,0,1,1,0,0,0
bfa,260025.0,2021,260.0,25,1,323.20248,338.58258,2,1,1,1,1,1,0,0,0,0,0,0,0,0,0,0,0,0,0,0,0.22879232466220856,0,0,0,0,0,0,1,0,0,0,0
bfa,260053.0,2021,260.0,53,1,323.20248,338.58258,2,1,1,0,1,1,0,0,0,0,0,0,0,0,0,0,0,0,0,0,0.9013385772705078,1,5,0,0,20,0,1,0,0,0,0
bfa,260056.0,2021,260.0,56,1,323.20248,338.58258,2,1,1,1,0,0,0,0,0,0,0,1,0,0,0,0,0,0,0,0,3.226359635591507,0,11,5,0,18,1,1,1,0,0,0
bfa,261007.0,2021,261.0,7,2,141.13054,133.92554,2,1,1,1,1,1,1,1,0,0,0,1,0,1,0,0,0,0,1,0,0.3657000660896301,0,0,0,0,0,0,0,1,0,0,0
bfa,261008.0,2021,261.0,8,2,141.13054,133.92554,1,1,1,1,1,1,0,0,1,0,0,1,0,0,0,0,0,0,0,0,0.2774139940738678,0,0,0,0,0,0,1,1,0,0,0
bfa,261040.0,2021,261.0,40,2,141.13054,133.92554,2,1,1,1,1,1,1,1,0,0,0,0,0,1,0,0,0,0,1,0,,0,0,0,0,0,0,0,1,0,0,0
bfa,261073.0,2021,261.0,73,2,141.13054,133.92554,2,1,1,1,1,1,1,1,0,1,0,0,0,1,0,0,0,0,1,0,,0,3,0,0,0,0,0,1,0,0,0
bfa,261089.0,2021,261.0,89,2,141.13054,133.92554,3,1,1,1,1,1,1,1,0,0,0,1,0,1,0,1,1,0,1,0,,0,0,0,0,0,0,0,1,0,0,0
bfa,261150.0,2021,261.0,150,2,141.13054,133.92554,1,1,1,1,1,1,1,1,0,0,1,1,0,1,0,0,0,0,1,0,,0,6,0,0,19,0,1,1,0,0,0
bfa,262020.0,2021,262.0,20,1,54.34111,90.14382,2,1,1,1,1,1,1,1,0,1,0,1,0,1,0,0,0,0,1,0,,0,0,0,0,0,0,0,1,0,0,0
bfa,262021.0,2021,262.0,21,1,54.34111,90.14382,4,0,1,1,1,1,1,1,0,0,0,0,0,0,0,0,0,0,0,0,,0,0,0,0,0,0,0,1,1,0,0
bfa,262022.0,2021,262.0,22,1,54.34111,90.14382,1,1,1,1,1,1,1,1,0,1,1,1,0,1,0,0,1,0,1,0,,0,0,0,0,0,0,0,1,0,0,0
bfa,262058.0,2021,262.0,58,1,54.34111,90.14382,3,1,1,1,1,1,1,1,0,0,1,1,0,1,0,1,1,0,1,0,,0,0,0,0,35,1,0,0,0,0,0
bfa,262089.0,2021,262.0,89,1,54.34111,90.14382,1,1,1,1,1,1,1,1,0,0,1,0,0,1,0,1,1,1,1,1,,0,0,0,0,0,0,0,1,0,0,0
bfa,262091.0,2021,262.0,91,1,54.34111,90.14382,1,1,1,1,1,1,1,1,0,1,0,1,1,1,0,1,1,0,1,0,1.2351431846618652,0,0,0,0,0,0,0,1,0,0,0
bfa,263003.0,2021,263.0,3,1,166.45616,257.92215,1,1,1,1,1,1,0,0,0,0,0,1,0,0,0,0,0,0,0,0,,0,0,0,0,9,0,0,1,0,0,0
bfa,263060.0,2021,263.0,60,1,166.45616,257.92215,3,1,1,1,1,1,1,1,0,1,0,1,0,1,0,1,1,1,1,1,,0,0,0,0,0,0,0,0,0,0,0
bfa,263076.0,2021,263.0,76,1,166.45616,257.92215,2,0,1,1,1,1,0,0,0,0,0,0,0,0,0,0,0,0,0,0,0.7429531961679459,0,10,0,0,15,0,1,1,0,0,0
bfa,263080.0,2021,263.0,80,1,166.45616,257.92215,2,1,1,1,1,1,0,0,1,0,0,1,0,0,0,0,0,0,0,0,1.684645175933838,0,5,0,0,25,1,1,1,0,0,0
bfa,263084.0,2021,263.0,84,1,166.45616,257.92215,2,1,1,1,1,1,0,0,1,0,0,0,0,0,0,0,0,0,0,0,1.1818113327026367,0,0,0,0,0,1,0,0,0,0,0
bfa,263129.0,2021,263.0,129,1,166.45616,257.92215,2,0,1,0,1,1,0,0,0,0,0,0,0,0,0,0,0,0,0,0,1.0377999991178513,10,18,0,0,0,0,1,0,1,0,0
bfa,264041.0,2021,264.0,41,2,101.856415,134.83618,4,1,1,1,1,1,0,0,1,0,0,0,0,0,0,0,0,0,0,0,0.4221622981131077,2,7,0,0,0,0,1,1,0,0,0
bfa,264082.0,2021,264.0,82,2,101.856415,134.83618,4,1,1,1,1,1,0,0,1,0,0,1,0,0,0,0,0,0,0,0,1.8199666142463684,0,10,0,0,0,0,0,1,0,0,0
bfa,264083.0,2021,264.0,83,2,101.856415,134.83618,4,1,1,1,1,1,1,1,0,0,0,0,0,1,0,0,0,0,0,0,0.1403999999165535,0,0,0,0,0,0,1,1,0,0,0
bfa,264093.0,2021,264.0,93,2,101.856415,134.83618,2,1,1,1,1,1,0,0,1,0,0,1,0,0,0,0,0,0,0,0,0.42730000987648964,0,6,0,0,0,0,0,1,0,0,0
bfa,264095.0,2021,264.0,95,2,101.856415,134.83618,2,1,1,1,1,1,0,0,0,0,0,1,0,0,0,0,0,0,0,0,0.9904076755046844,0,10,0,0,0,0,0,1,0,0,0
bfa,264107.0,2021,264.0,107,2,101.856415,134.83618,2,1,1,1,1,1,0,0,0,0,0,0,0,1,0,0,0,0,0,0,,0,0,0,0,0,0,0,1,0,0,0
bfa,265036.0,2021,265.0,36,1,62.09079,59.010815,2,1,1,1,1,1,0,0,0,0,0,0,0,0,0,0,0,0,0,0,0.9310560878366232,0,0,0,0,0,0,0,1,0,0,0
bfa,265038.0,2021,265.0,38,1,62.09079,59.010815,2,1,1,1,1,1,0,0,1,0,0,0,0,1,0,0,0,0,0,0,1.9324999977834523,0,4,0,0,35,1,1,0,0,0,0
bfa,265039.0,2021,265.0,39,1,62.09079,59.010815,2,1,1,1,1,1,0,0,1,0,0,0,0,0,0,0,0,0,0,0,0.5390000063925982,0,0,0,0,0,0,0,1,0,0,0
bfa,265044.0,2021,265.0,44,1,62.09079,59.010815,2,1,1,1,1,1,0,0,1,0,1,1,0,0,0,0,0,0,0,0,2.370638720691204,5,9,0,0,22,1,0,0,0,0,0
bfa,265074.0,2021,265.0,74,1,62.09079,59.010815,2,1,1,1,1,1,0,0,1,0,0,0,0,0,0,0,0,0,0,0,1.48556187748909,0,9,0,0,8,0,0,1,0,0,0
bfa,265085.0,2021,265.0,85,1,62.09079,59.010815,2,1,1,1,1,1,0,0,1,0,0,0,0,0,0,0,0,0,0,0,1.2017981708049774,0,7,0,0,12,0,1,0,0,0,0
bfa,266002.0,2021,266.0,2,2,1040.4877,1072.9429,2,0,1,1,1,1,0,0,0,0,0,0,0,0,0,0,0,0,0,0,1.9467594623565674,5,5,8,0,0,0,1,1,0,0,0
bfa,266003.0,2021,266.0,3,2,1040.4877,1072.9429,2,0,1,1,1,1,0,0,0,0,0,0,0,0,0,0,0,0,0,0,0.8420999944210052,0,2,0,0,1,0,1,0,1,0,0
bfa,266004.0,2021,266.0,4,2,1040.4877,1072.9429,2,1,1,1,1,1,0,0,1,0,0,0,0,0,0,0,0,0,0,0,5.310000061988831,0,10,0,0,40,0,1,1,0,0,0
bfa,266056.0,2021,266.0,56,2,1040.4877,1072.9429,2,1,1,1,1,1,0,0,1,0,0,0,0,0,0,0,0,0,0,0,0.8658155202865601,0,23,0,0,30,0,1,1,0,0,0
bfa,266057.0,2021,266.0,57,2,1040.4877,1072.9429,2,0,1,1,1,1,0,0,0,0,0,0,0,0,0,0,0,0,0,0,1.1067818999290466,0,0,0,0,0,1,1,1,0,1,0
bfa,266058.0,2021,266.0,58,2,1040.4877,1072.9429,2,1,1,1,1,1,0,0,1,0,0,1,0,0,0,0,0,0,0,0,2.1823999732732773,0,0,0,0,26,1,1,1,0,0,0
bfa,267005.0,2021,267.0,5,2,648.60583,605.4854,2,1,1,1,1,1,0,0,0,0,0,1,0,0,0,0,0,0,0,0,2.7431000471115112,1,15,0,0,0,0,0,1,0,0,0
bfa,267056.0,2021,267.0,56,2,648.60583,605.4854,2,1,1,1,1,1,0,0,0,0,0,1,0,0,0,0,0,0,0,0,2.0524377524852753,0,13,0,0,20,1,0,1,0,0,0
bfa,267083.0,2021,267.0,83,2,648.60583,605.4854,2,1,1,0,1,1,0,0,0,0,0,0,0,0,0,0,0,0,0,0,0.9351999880746007,0,4,0,0,4,0,1,1,0,0,0
bfa,267084.0,2021,267.0,84,2,648.60583,605.4854,2,1,1,1,1,1,0,0,1,0,0,1,0,1,0,0,0,0,0,0,0.7663000077009201,0,5,0,0,0,0,0,1,0,0,0
bfa,267097.0,2021,267.0,97,2,648.60583,605.4854,2,1,1,1,1,1,0,0,1,0,0,0,0,1,0,0,0,0,0,0,0.9440361112356186,0,3,0,0,10,0,1,1,0,0,0
bfa,267098.0,2021,267.0,98,2,648.60583,605.4854,2,1,1,1,0,0,0,0,0,0,0,0,0,0,0,0,0,0,0,0,2.3381999880075455,0,10,0,0,8,1,1,1,0,0,0
bfa,268044.0,2021,268.0,44,2,1299.1042,1463.9617,2,1,1,1,1,1,0,0,1,0,0,1,0,0,0,0,0,0,0,0,3.5719000101089478,2,14,0,0,0,0,0,1,0,0,0
bfa,268062.0,2021,268.0,62,2,1299.1042,1463.9617,2,1,1,1,1,1,0,0,0,0,0,0,0,0,0,0,0,0,0,0,1.8132204860448837,0,10,0,0,0,0,0,1,1,0,0
bfa,268078.0,2021,268.0,78,2,1299.1042,1463.9617,2,1,1,1,1,1,0,0,1,0,0,0,0,1,0,0,0,0,0,0,2.261700000613928,10,20,0,0,60,0,1,1,0,0,0
bfa,268089.0,2021,268.0,89,2,1299.1042,1463.9617,2,1,1,1,1,1,0,0,1,0,0,0,0,0,0,0,0,0,0,0,2.8915999978780746,5,10,0,0,12,0,1,1,0,0,0
bfa,268122.0,2021,268.0,122,2,1299.1042,1463.9617,2,1,1,1,0,0,0,0,1,0,0,1,0,0,0,0,0,0,0,0,2.334999978542328,0,12,0,0,40,0,1,1,0,1,0
bfa,268123.0,2021,268.0,123,2,1299.1042,1463.9617,2,1,1,1,1,1,0,0,1,0,0,1,0,1,0,1,0,0,1,0,7.4373999536037445,5,10,0,0,20,0,1,1,0,1,0
bfa,269014.0,2021,269.0,14,2,1090.5599,1190.6361,2,0,0,1,1,1,0,0,0,0,0,0,0,0,0,0,0,0,0,0,0.8956000208854675,21,30,0,0,18,0,1,1,0,0,0
bfa,269017.0,2021,269.0,17,2,1090.5599,1190.6361,2,0,0,1,1,1,0,0,1,0,0,0,0,0,0,0,0,0,0,0,,12,52,0,0,38,1,1,0,0,1,0
bfa,269019.0,2021,269.0,19,2,1090.5599,1190.6361,2,0,0,1,1,1,0,0,1,0,0,0,0,0,0,0,0,0,0,0,0.4300000071525574,6,25,0,0,13,0,1,1,0,0,0
bfa,269072.0,2021,269.0,72,2,1090.5599,1190.6361,2,0,1,0,1,1,0,0,0,0,0,0,0,0,0,0,0,0,0,0,2.004199966788292,1,4,0,0,4,1,1,1,1,0,0
bfa,269096.0,2021,269.0,96,2,1090.5599,1190.6361,2,0,0,1,1,1,0,0,1,0,0,0,0,0,0,0,0,0,0,0,2.315699964761734,15,35,0,0,100,1,1,1,0,1,0
bfa,269097.0,2021,269.0,97,2,1090.5599,1190.6361,1,0,0,1,1,0,0,0,1,0,0,0,0,0,0,0,0,0,0,0,0.9752984642982483,60,7,0,0,8,0,0,1,0,1,0
bfa,270030.0,2021,270.0,30,1,3160.1536,1670.4512,2,1,1,1,1,0,0,0,1,0,1,0,0,0,0,0,0,0,0,0,7.570000171661377,4,10,0,0,9,0,1,1,0,1,0
bfa,270174.0,2021,270.0,174,1,3160.1536,1670.4512,2,1,1,0,1,0,0,0,0,0,0,0,0,0,0,0,0,0,0,0,2.857900083065033,2,2,0,0,4,0,0,1,0,0,0
bfa,270211.0,2021,270.0,211,1,3160.1536,1670.4512,2,0,0,0,1,1,0,0,1,0,0,0,0,0,0,0,0,0,0,0,2.9300000071525574,0,13,0,0,19,0,1,1,0,0,0
bfa,270271.0,2021,270.0,271,1,3160.1536,1670.4512,2,1,1,1,1,1,0,0,1,0,0,0,0,1,0,0,0,0,0,0,6.77370023727417,8,5,0,0,32,0,0,1,0,0,0
bfa,270289.0,2021,270.0,289,1,3160.1536,1670.4512,2,0,1,1,1,1,0,0,1,0,0,0,0,0,0,0,0,0,0,0,5.480000138282776,6,16,0,0,13,0,1,1,0,0,0
bfa,270318.0,2021,270.0,318,1,3160.1536,1670.4512,2,1,1,0,0,0,0,0,1,0,0,0,0,1,0,0,0,0,0,0,2.0277000069618225,3,9,0,0,12,1,0,1,0,0,0
bfa,271001.0,2021,271.0,1,1,644.67633,142.41457,1,1,1,1,1,1,0,0,0,0,0,0,0,1,0,0,0,0,0,0,5.038490891456604,0,0,0,0,0,1,1,1,0,0,0
bfa,271044.0,2021,271.0,44,1,644.67633,142.41457,1,1,1,1,1,1,1,1,0,0,0,0,0,0,0,0,0,0,0,0,2.4232999682426453,0,0,0,0,0,0,0,1,0,0,0
bfa,271066.0,2021,271.0,66,1,644.67633,142.41457,1,1,1,1,0,0,1,1,0,0,0,0,0,1,0,0,0,0,0,0,9.134065568447113,0,17,0,0,45,1,1,1,0,0,0
bfa,271077.0,2021,271.0,77,1,644.67633,142.41457,1,1,1,1,1,1,1,1,0,1,0,1,0,0,0,0,0,0,0,1,,0,0,0,0,10,0,0,1,1,0,0
bfa,271091.0,2021,271.0,91,1,644.67633,142.41457,1,1,1,1,0,0,1,1,0,0,0,0,0,1,0,0,0,0,0,0,3.0,0,0,0,0,10,0,1,1,0,1,0
bfa,272007.0,2021,272.0,7,2,407.52902,183.45363,1,1,1,1,1,1,0,0,1,0,0,0,0,0,0,0,0,0,0,0,1.2544119358062744,0,0,0,0,0,1,0,1,1,0,0
bfa,272031.0,2021,272.0,31,2,407.52902,183.45363,1,1,1,1,1,1,1,1,0,0,0,0,0,1,0,0,0,0,1,0,0.5808326005935669,0,0,0,0,0,1,0,1,1,0,0
bfa,272080.0,2021,272.0,80,2,407.52902,183.45363,1,1,1,1,1,1,1,1,0,1,0,1,0,1,0,0,1,0,1,0,,0,0,0,0,0,0,0,1,0,0,0
bfa,272107.0,2021,272.0,107,2,407.52902,183.45363,1,1,1,1,1,1,1,1,0,0,0,0,0,1,0,0,0,0,1,0,,0,0,0,0,10,0,0,1,0,0,0
bfa,272108.0,2021,272.0,108,2,407.52902,183.45363,1,1,1,1,1,1,1,1,0,0,0,0,0,1,0,0,0,0,0,0,,0,0,0,0,0,1,0,1,1,0,0
bfa,273011.0,2021,273.0,11,2,300.60052,93.399254,2,1,1,1,1,1,1,1,0,0,0,0,0,1,0,0,0,0,0,0,2.430229902267456,0,4,0,0,0,1,0,0,1,0,0
bfa,273013.0,2021,273.0,13,2,300.60052,93.399254,2,0,1,1,1,1,1,1,0,0,0,0,0,1,0,0,0,0,1,0,4.590000033378601,2,6,0,0,30,1,1,0,0,0,0
bfa,273015.0,2021,273.0,15,2,300.60052,93.399254,2,0,1,1,1,1,1,1,0,0,0,0,0,1,0,0,0,0,1,0,3.8594951033592224,2,15,0,0,37,0,1,1,0,0,0
bfa,273044.0,2021,273.0,44,2,300.60052,93.399254,1,1,1,1,1,1,1,1,0,1,0,1,0,0,0,0,0,0,0,0,0.8258616924285889,5,0,0,0,0,0,1,1,0,0,0
bfa,273085.0,2021,273.0,85,2,300.60052,93.399254,2,0,1,1,1,1,0,0,1,0,1,0,0,0,0,0,0,0,0,0,,0,0,0,0,0,0,1,0,0,0,0
bfa,273090.0,2021,273.0,90,2,300.60052,93.399254,2,0,1,1,1,1,0,1,0,0,0,0,0,1,0,0,0,0,0,0,1.97321817278862,1,2,0,0,0,0,1,1,1,0,0
bfa,274014.0,2021,274.0,14,1,1497.9331,881.47076,2,1,0,1,1,0,0,0,0,0,0,0,0,0,0,0,0,0,0,0,6.121868252754211,6,13,0,0,30,1,0,1,0,0,0
bfa,274038.0,2021,274.0,38,1,1497.9331,881.47076,2,1,0,0,1,0,0,0,0,0,0,0,0,0,0,0,0,0,0,0,1.1328000128269196,0,0,0,0,0,1,0,1,0,0,0
bfa,274073.0,2021,274.0,73,1,1497.9331,881.47076,2,1,1,1,1,1,0,0,0,0,0,0,0,1,0,0,0,0,0,0,7.242165982723236,12,20,0,0,40,1,0,0,0,0,0
bfa,274093.0,2021,274.0,93,1,1497.9331,881.47076,2,0,1,1,1,0,0,0,1,0,0,0,0,0,0,0,0,0,0,0,2.3799999952316284,38,30,0,0,70,0,1,1,0,0,0
bfa,274095.0,2021,274.0,95,1,1497.9331,881.47076,2,0,1,1,1,1,0,0,1,0,0,0,0,0,0,0,0,0,0,0,2.8399999141693115,60,35,0,0,90,0,1,0,0,0,0
bfa,274134.0,2021,274.0,134,1,1497.9331,881.47076,2,0,0,0,0,0,0,0,1,1,0,0,0,0,0,0,0,0,0,0,6.210000157356262,11,0,1,0,0,1,1,0,0,0,0
bfa,275020.0,2021,275.0,20,1,1284.3424,1508.1213,2,1,1,1,1,1,0,0,1,0,0,0,0,0,0,0,0,0,0,0,7.149490535259247,9,19,0,0,20,0,1,1,0,0,0
bfa,275021.0,2021,275.0,21,1,1284.3424,1508.1213,2,1,1,1,1,1,0,0,1,0,0,0,0,1,0,0,0,0,0,0,3.8038347959518433,9,23,0,0,85,1,1,1,0,0,0
bfa,275051.0,2021,275.0,51,1,1284.3424,1508.1213,2,1,1,1,1,1,0,0,1,0,0,0,0,0,0,0,0,0,0,0,4.746259331703186,1,3,0,0,5,0,1,1,0,0,0
bfa,275062.0,2021,275.0,62,1,1284.3424,1508.1213,2,1,1,1,0,0,0,0,1,0,0,0,0,0,0,0,0,0,0,0,6.299999892711639,5,19,1,0,11,0,1,1,0,0,0
bfa,275078.0,2021,275.0,78,1,1284.3424,1508.1213,2,0,0,1,1,1,0,0,1,0,0,0,0,0,0,0,0,0,0,0,2.4200000166893005,1,2,1,0,10,1,1,1,1,0,0
bfa,276074.0,2021,276.0,74,1,1902.1877,1277.1627,2,0,1,1,1,1,0,0,1,0,0,0,0,0,0,0,0,0,0,0,3.098927140235901,0,10,0,0,5,0,1,1,0,0,0
bfa,276088.0,2021,276.0,88,1,1902.1877,1277.1627,2,0,1,1,1,1,0,0,0,1,0,0,0,0,0,0,0,0,0,0,3.217099905014038,1,5,0,0,0,1,1,1,0,0,0
bfa,276133.0,2021,276.0,133,1,1902.1877,1277.1627,2,0,1,1,1,1,0,0,1,0,0,0,0,1,0,0,0,0,1,0,9.553500175476074,13,12,0,0,30,1,1,1,0,0,0
bfa,276144.0,2021,276.0,144,1,1902.1877,1277.1627,2,0,1,1,1,1,0,0,1,1,0,0,0,1,0,0,0,0,1,0,5.450114965438843,5,0,0,0,21,1,1,1,0,0,0
bfa,276150.0,2021,276.0,150,1,1902.1877,1277.1627,2,0,1,1,0,0,0,0,1,0,0,0,0,1,0,0,0,0,0,0,2.168755054473877,0,5,0,0,21,0,1,1,0,0,0
bfa,276153.0,2021,276.0,153,1,1902.1877,1277.1627,2,0,1,1,1,1,0,0,1,0,0,0,0,1,0,0,0,0,0,0,3.2592000365257263,33,64,0,0,51,1,1,1,0,1,0
bfa,278027.0,2021,278.0,27,1,669.5371,361.10742,2,0,1,1,1,1,0,0,1,0,0,0,0,1,0,0,0,0,0,0,5.678690552711487,1,12,0,0,7,0,0,1,0,0,0
bfa,278058.0,2021,278.0,58,1,669.5371,361.10742,2,0,1,1,1,1,0,0,1,0,0,0,0,0,0,0,0,0,0,0,10.379999876022339,0,0,0,0,90,0,1,1,0,0,0
bfa,278070.0,2021,278.0,70,1,669.5371,361.10742,2,0,1,1,1,1,0,0,1,0,0,0,0,0,0,0,0,0,0,0,7.790000081062317,3,26,0,0,40,0,1,1,1,0,0
bfa,278077.0,2021,278.0,77,1,669.5371,361.10742,2,0,1,1,1,1,0,0,1,0,0,0,0,0,0,0,0,0,0,0,5.239999949932098,0,15,0,0,18,0,1,1,0,0,0
bfa,278084.0,2021,278.0,84,1,669.5371,361.10742,2,1,1,1,1,1,0,0,1,0,0,0,0,1,0,0,0,0,0,0,11.938799694180489,30,14,0,0,52,0,1,1,0,0,0
bfa,278097.0,2021,278.0,97,1,669.5371,361.10742,2,1,1,1,1,0,0,0,1,0,0,0,0,0,0,0,0,0,0,0,9.698859870433807,2,12,0,0,26,0,0,1,0,0,0
bfa,279058.0,2021,279.0,58,1,988.37225,433.39743,2,1,0,1,1,1,0,0,0,0,0,0,0,0,0,0,0,0,0,0,0.9401000440120697,10,7,0,0,9,1,1,1,0,0,0
bfa,279072.0,2021,279.0,72,1,988.37225,433.39743,2,1,1,1,1,1,0,0,1,0,0,0,0,1,0,0,0,0,0,0,6.36239992082119,2,12,0,0,9,0,0,1,0,0,0
bfa,279079.0,2021,279.0,79,1,988.37225,433.39743,2,1,1,1,1,1,0,0,0,0,0,0,0,0,0,0,0,0,0,0,7.105399906635284,20,5,5,0,9,0,0,1,0,0,0
bfa,279119.0,2021,279.0,119,1,988.37225,433.39743,2,0,1,1,1,1,0,0,1,0,0,0,0,0,0,0,0,0,0,0,3.240000009536743,0,8,0,0,18,0,1,1,0,0,0
bfa,279120.0,2021,279.0,120,1,988.37225,433.39743,2,0,0,1,1,1,0,0,1,0,0,0,0,0,0,0,0,0,0,0,3.6399999856948853,37,19,0,0,22,0,1,1,0,0,0
bfa,279121.0,2021,279.0,121,1,988.37225,433.39743,2,0,0,1,1,1,0,0,1,0,0,0,0,0,0,0,0,0,0,0,2.189999967813492,26,22,0,0,48,0,1,1,0,0,0
bfa,280161.0,2021,280.0,161,1,980.5526,76.49349,1,1,1,1,1,1,1,1,0,0,0,0,0,1,0,1,1,0,0,0,,0,0,0,0,0,0,0,1,1,0,0
bfa,280164.0,2021,280.0,164,1,980.5526,76.49349,2,1,1,1,1,1,0,0,0,0,0,0,0,0,0,0,1,0,0,0,,0,0,0,0,0,0,1,1,0,0,0
bfa,280260.0,2021,280.0,260,1,980.5526,76.49349,1,1,1,1,1,1,1,1,0,0,0,1,0,1,0,1,1,0,0,0,,2,0,1,0,30,1,1,1,0,0,0
bfa,280292.0,2021,280.0,292,1,980.5526,76.49349,1,0,1,1,1,1,0,0,1,0,0,0,0,1,0,0,1,0,0,0,3.186199963092804,2,2,0,0,15,0,1,1,1,0,0
bfa,280293.0,2021,280.0,293,1,980.5526,76.49349,2,1,1,1,1,1,0,0,0,0,0,0,0,0,0,0,0,0,0,0,0.9696054458618164,0,10,0,0,0,0,1,1,0,0,0
bfa,280294.0,2021,280.0,294,1,980.5526,76.49349,1,0,1,1,1,0,0,0,1,0,0,0,0,0,0,0,1,1,0,0,,0,0,0,0,0,0,1,1,1,0,0
bfa,282088.0,2021,282.0,88,2,1111.9376,1314.3241,2,0,0,0,1,1,0,0,1,1,0,0,0,0,0,0,0,0,0,0,2.4200000166893005,0,10,0,0,11,0,0,0,0,0,0
bfa,282198.0,2021,282.0,198,2,1111.9376,1314.3241,2,1,1,1,1,1,0,0,0,0,0,0,0,0,0,0,0,0,0,0,7.3124998807907104,8,33,0,0,15,0,1,1,0,0,0
bfa,282202.0,2021,282.0,202,2,1111.9376,1314.3241,2,0,1,1,1,1,0,0,0,0,0,0,0,0,0,0,0,0,0,0,3.124699980020523,7,11,0,0,19,0,1,1,1,0,0
bfa,282238.0,2021,282.0,238,2,1111.9376,1314.3241,2,1,1,1,1,1,0,0,0,0,0,0,0,0,0,0,0,0,0,0,4.153399884700775,3,0,0,0,4,0,1,1,0,0,0
bfa,282240.0,2021,282.0,240,2,1111.9376,1314.3241,2,1,1,1,1,1,0,0,0,0,0,0,0,0,0,0,0,0,0,0,2.68860000371933,17,3,0,0,16,0,0,1,0,0,0
bfa,282241.0,2021,282.0,241,2,1111.9376,1314.3241,2,0,0,0,1,1,0,0,0,1,0,0,0,0,0,0,0,0,0,0,0.8900000303983688,10,3,0,0,22,1,0,0,0,0,0
bfa,283033.0,2021,283.0,33,2,129.35822,151.79529,2,1,1,1,1,1,0,0,0,1,0,0,0,0,0,0,0,0,0,0,2.2129640877246857,0,0,0,0,0,0,1,1,1,0,0
bfa,283172.0,2021,283.0,172,2,129.35822,151.79529,1,1,1,1,1,1,1,1,0,1,0,1,0,1,0,0,1,0,1,0,1.0064285397529602,0,0,0,0,0,0,1,1,1,0,0
bfa,283182.0,2021,283.0,182,2,129.35822,151.79529,1,1,1,1,1,1,1,1,0,1,0,0,0,1,0,0,0,0,0,0,1.4198013842105865,1,17,0,0,4,1,1,0,0,0,0
bfa,283186.0,2021,283.0,186,2,129.35822,151.79529,2,1,1,1,1,1,0,0,0,1,0,0,0,0,0,0,0,0,0,0,3.965361475944519,12,17,0,0,22,1,1,0,1,0,0
bfa,283206.0,2021,283.0,206,2,129.35822,151.79529,1,1,1,1,1,1,0,0,0,0,0,0,0,0,0,0,1,0,0,0,1.8032245635986328,2,11,0,0,40,0,1,1,1,0,0
bfa,283208.0,2021,283.0,208,2,129.35822,151.79529,1,0,1,1,1,1,0,0,0,0,0,0,0,0,0,0,0,0,0,0,1.4061622321605682,0,0,0,0,0,1,1,1,1,0,0
bfa,284057.0,2021,284.0,57,2,122.8502,170.8652,1,1,1,1,1,1,1,1,0,0,0,0,0,0,0,0,0,0,0,0,5.45083412528038,4,1,0,0,16,1,1,1,1,0,0
bfa,284076.0,2021,284.0,76,2,122.8502,170.8652,1,1,1,1,1,1,1,1,0,1,1,1,1,1,0,1,1,0,1,1,,0,0,0,0,0,0,0,1,1,0,0
bfa,284105.0,2021,284.0,105,2,122.8502,170.8652,1,1,1,1,1,1,1,1,0,1,1,0,0,1,0,0,0,0,1,0,,0,0,0,0,0,0,0,0,0,0,0
bfa,284113.0,2021,284.0,113,2,122.8502,170.8652,2,1,1,1,1,1,0,0,0,1,0,0,0,0,0,0,0,0,0,0,,0,0,0,0,0,1,1,0,1,0,0
bfa,284129.0,2021,284.0,129,2,122.8502,170.8652,4,1,1,1,1,1,0,0,1,1,0,1,0,1,0,0,0,0,0,0,2.719358205795288,0,12,0,0,43,0,1,1,0,0,0
bfa,284133.0,2021,284.0,133,2,122.8502,170.8652,4,1,1,1,1,1,1,1,0,0,0,1,0,0,0,0,0,0,0,0,,0,0,0,0,0,0,0,1,1,0,0
bfa,285017.0,2021,285.0,17,1,56.57395,119.26555,2,1,1,1,1,1,0,0,1,0,0,0,0,1,0,0,1,1,1,0,,0,14,0,0,3,0,1,0,0,0,0
bfa,285047.0,2021,285.0,47,1,56.57395,119.26555,1,1,1,1,1,1,0,0,0,0,0,0,0,0,0,0,0,0,0,0,3.5693136751651764,2,2,0,0,16,0,1,1,0,0,0
bfa,285087.0,2021,285.0,87,1,56.57395,119.26555,1,1,1,1,0,0,0,0,0,0,0,0,0,0,0,0,0,0,0,0,2.320236027240753,2,7,0,0,49,0,1,1,0,0,0
bfa,285088.0,2021,285.0,88,1,56.57395,119.26555,2,1,1,1,0,0,0,0,1,1,1,0,0,0,0,0,0,0,0,0,6.019999861717224,6,23,0,0,51,1,0,0,1,0,0
bfa,285092.0,2021,285.0,92,1,56.57395,119.26555,1,1,1,1,1,1,0,0,1,1,1,0,0,1,0,0,0,0,0,0,5.589453339576721,48,90,0,0,150,1,1,0,0,0,0
bfa,285093.0,2021,285.0,93,1,56.57395,119.26555,2,1,1,1,1,1,0,0,0,0,0,0,0,0,0,0,0,0,0,0,5.730240970849991,2,2,0,0,25,1,1,1,0,0,0
bfa,286116.0,2021,286.0,116,2,107.750275,189.89175,2,1,1,1,1,1,0,0,1,0,0,0,0,1,0,0,0,0,0,0,,0,0,0,0,0,0,0,1,1,0,0
bfa,286129.0,2021,286.0,129,2,107.750275,189.89175,2,1,1,1,1,1,0,0,1,1,0,0,0,0,0,0,0,0,0,0,,0,0,0,0,0,0,0,1,0,0,0
bfa,286147.0,2021,286.0,147,2,107.750275,189.89175,2,1,1,1,1,1,0,0,1,0,0,0,0,0,0,0,0,0,0,0,,0,0,0,0,2,1,1,1,1,0,0
bfa,286183.0,2021,286.0,183,2,107.750275,189.89175,2,1,1,1,1,1,0,0,0,0,0,0,0,0,0,0,0,0,0,0,,0,0,0,0,0,0,1,1,1,0,0
bfa,286192.0,2021,286.0,192,2,107.750275,189.89175,3,1,1,1,1,1,0,0,1,1,1,0,0,1,0,0,0,0,0,0,,0,0,0,0,0,0,0,0,0,0,1
bfa,286200.0,2021,286.0,200,2,107.750275,189.89175,2,1,1,1,1,1,0,0,0,1,0,0,0,0,0,0,0,0,0,0,1.5313482284545898,0,6,0,0,0,0,1,1,1,0,0
bfa,287074.0,2021,287.0,74,2,200.19269,135.03313,4,1,1,1,1,1,0,0,0,1,1,0,0,0,0,0,0,0,0,0,,0,0,0,0,1,0,0,0,0,0,0
bfa,287080.0,2021,287.0,80,2,200.19269,135.03313,1,1,1,1,1,1,1,1,0,1,1,0,0,1,0,0,0,0,0,1,1.8928412199020386,0,25,0,0,0,0,0,0,0,0,0
bfa,287089.0,2021,287.0,89,2,200.19269,135.03313,4,1,1,1,1,1,0,0,0,1,0,1,0,0,0,0,0,0,0,0,,0,0,0,0,0,0,0,1,0,0,0
bfa,287129.0,2021,287.0,129,2,200.19269,135.03313,2,1,1,1,1,1,1,1,0,1,0,1,0,1,0,0,0,0,0,0,0.9789454340934753,0,0,3,0,0,0,1,1,0,0,0
bfa,287154.0,2021,287.0,154,2,200.19269,135.03313,2,1,1,1,1,1,0,0,0,0,0,0,0,0,0,0,0,0,0,0,1.8938172459602356,3,3,0,0,0,1,1,1,1,0,0
bfa,287155.0,2021,287.0,155,2,200.19269,135.03313,1,1,1,1,1,1,1,1,0,0,0,0,0,1,0,0,0,0,0,0,,0,5,0,0,0,1,0,1,1,0,0
bfa,288029.0,2021,288.0,29,2,578.4973,332.6418,2,1,1,1,1,1,0,0,0,0,0,0,0,0,0,0,0,0,0,0,0.18449999392032623,0,0,0,0,0,1,1,1,0,0,0
bfa,288101.0,2021,288.0,101,2,578.4973,332.6418,2,1,1,1,1,1,0,0,1,1,1,0,0,0,0,0,0,0,0,0,1.674280196428299,13,13,0,0,0,1,1,0,0,0,0
bfa,288180.0,2021,288.0,180,2,578.4973,332.6418,2,1,1,1,1,1,0,0,1,0,0,0,0,1,0,0,0,0,0,0,1.1357000023126602,0,12,0,0,8,0,0,1,0,0,0
bfa,288285.0,2021,288.0,285,2,578.4973,332.6418,2,1,1,1,1,1,0,0,1,1,0,0,0,1,0,0,0,0,1,0,,0,0,0,0,0,0,0,1,0,0,0
bfa,288287.0,2021,288.0,287,2,578.4973,332.6418,2,1,1,1,1,1,0,0,1,0,0,0,0,0,0,0,0,0,0,0,1.7994350790977478,2,0,0,0,0,0,1,1,0,0,0
bfa,288297.0,2021,288.0,297,2,578.4973,332.6418,2,1,1,1,1,1,1,1,0,1,1,0,0,1,0,0,0,1,0,0,0.9503036737442017,1,12,0,0,15,1,1,0,1,0,0
bfa,289007.0,2021,289.0,7,1,1628.9642,1901.1158,2,0,1,1,0,0,0,0,1,0,0,0,0,0,0,0,0,0,0,0,3.762600004673004,17,18,0,0,21,1,1,1,1,0,0
bfa,289023.0,2021,289.0,23,1,1628.9642,1901.1158,2,1,1,1,1,0,0,0,1,0,0,0,0,0,0,0,0,0,0,0,6.036099910736084,6,19,0,0,44,1,1,1,1,0,1
bfa,289029.0,2021,289.0,29,1,1628.9642,1901.1158,2,0,1,1,1,0,0,0,0,0,0,0,0,0,0,0,0,0,0,0,2.2304999828338623,6,14,0,0,37,0,1,1,1,0,0
bfa,289165.0,2021,289.0,165,1,1628.9642,1901.1158,4,1,1,1,1,1,0,0,0,0,0,0,0,0,0,0,0,0,0,0,0.7874999940395355,0,18,0,0,28,0,1,1,0,0,0
bfa,289166.0,2021,289.0,166,1,1628.9642,1901.1158,2,1,1,0,1,1,0,0,0,1,0,0,0,0,0,0,0,0,0,0,2.682112693786621,90,45,0,0,30,1,0,1,0,0,0
bfa,289212.0,2021,289.0,212,1,1628.9642,1901.1158,2,1,1,1,1,1,0,0,1,1,0,0,0,1,0,0,0,0,0,0,2.3778427243232727,1,6,0,0,32,1,0,1,1,0,0
bfa,290007.0,2021,290.0,7,2,823.5022,973.42487,2,1,1,1,1,1,0,0,1,0,0,0,0,0,0,0,0,0,0,0,2.0301000103354454,0,2,0,0,0,0,1,1,0,0,0
bfa,290008.0,2021,290.0,8,2,823.5022,973.42487,2,1,1,0,1,1,0,0,0,0,0,0,0,0,0,0,0,0,0,0,2.3741999119520187,1,10,0,0,15,1,1,1,0,0,0
bfa,290065.0,2021,290.0,65,2,823.5022,973.42487,2,1,1,1,1,1,0,0,0,0,0,0,0,0,0,0,0,0,0,0,0.44760000705718994,0,4,0,0,7,0,1,1,1,0,0
bfa,290066.0,2021,290.0,66,2,823.5022,973.42487,2,1,1,1,1,1,0,0,0,1,0,0,0,0,0,0,0,0,0,0,2.5,2,8,0,0,0,0,0,0,0,0,0
bfa,290093.0,2021,290.0,93,2,823.5022,973.42487,2,1,1,1,1,1,0,0,0,1,1,0,0,0,0,0,0,0,0,0,2.6696064472198486,0,5,0,0,85,1,0,1,0,0,0
bfa,290176.0,2021,290.0,176,2,823.5022,973.42487,2,1,1,1,1,1,0,0,0,0,0,0,0,0,0,0,0,0,0,0,0.30069999396800995,0,0,0,0,0,0,1,1,0,0,0
bfa,291011.0,2021,291.0,11,2,685.6335,777.1321,2,0,0,1,1,1,0,0,0,0,0,0,0,0,0,0,0,0,0,0,0.5763000175356865,2,2,0,0,8,0,1,1,0,0,0
bfa,291013.0,2021,291.0,13,2,685.6335,777.1321,2,0,1,1,1,1,0,0,0,0,0,0,0,0,0,0,0,0,0,0,0.5427999943494797,0,0,0,0,15,0,1,1,0,0,0
bfa,291018.0,2021,291.0,18,2,685.6335,777.1321,2,1,1,1,1,1,0,0,0,1,0,0,0,0,0,0,0,0,0,0,1.9621198177337646,0,2,0,0,14,0,0,0,0,0,0
bfa,291044.0,2021,291.0,44,2,685.6335,777.1321,2,1,1,0,1,1,0,0,0,0,0,0,0,0,0,0,0,0,0,0,6.393124341964722,0,7,0,0,25,1,0,1,0,0,0
bfa,291075.0,2021,291.0,75,2,685.6335,777.1321,2,1,1,0,1,1,0,0,0,0,0,0,0,0,0,0,0,0,0,0,5.907285094261169,3,16,0,0,50,0,1,1,0,0,0
bfa,291082.0,2021,291.0,82,2,685.6335,777.1321,2,1,1,1,1,1,0,0,1,1,0,0,0,0,0,0,0,0,0,0,1.748085379600525,0,5,0,0,10,1,0,1,0,0,0
bfa,292023.0,2021,292.0,23,1,557.8563,636.33606,2,1,1,1,1,1,0,0,0,0,0,0,0,0,0,0,0,0,0,0,1.3688570857048035,12,20,0,0,59,1,0,1,1,0,0
bfa,292025.0,2021,292.0,25,1,557.8563,636.33606,2,1,1,1,1,1,0,0,1,1,0,0,0,1,0,0,0,0,1,0,0.5300000160932541,12,5,0,0,17,0,1,1,0,0,0
bfa,292032.0,2021,292.0,32,1,557.8563,636.33606,2,1,1,1,1,1,0,0,0,0,0,0,0,0,0,0,0,0,0,0,0.8030159771442413,0,2,0,0,65,0,1,1,0,0,0
bfa,292075.0,2021,292.0,75,1,557.8563,636.33606,2,1,1,1,1,1,0,0,1,0,0,0,0,0,0,0,0,0,0,0,3.7802000641822815,8,20,12,0,70,0,1,1,1,0,0
bfa,292077.0,2021,292.0,77,1,557.8563,636.33606,4,1,1,1,1,1,0,0,1,0,0,0,0,0,0,0,0,0,0,0,1.1027766466140747,0,2,0,0,14,0,0,0,0,0,0
bfa,292122.0,2021,292.0,122,1,557.8563,636.33606,2,1,1,1,1,1,0,0,0,1,0,0,0,0,0,0,0,0,0,0,1.735068917274475,2,2,0,0,10,0,1,1,0,0,0
bfa,293013.0,2021,293.0,13,1,484.88672,625.8752,2,1,1,1,1,1,0,0,0,0,0,0,0,0,0,0,0,0,0,0,5.943629741668701,0,1,0,0,25,0,1,1,0,0,0
bfa,293065.0,2021,293.0,65,1,484.88672,625.8752,4,1,1,1,1,1,0,0,0,0,0,0,0,0,0,0,0,0,0,0,0.5710000097751617,0,2,0,0,10,0,1,1,0,0,0
bfa,293121.0,2021,293.0,121,1,484.88672,625.8752,2,1,1,1,1,1,0,0,0,1,0,0,0,0,0,0,0,0,0,0,1.546339437365532,5,2,0,0,30,1,1,0,0,0,0
bfa,293169.0,2021,293.0,169,1,484.88672,625.8752,2,1,1,1,1,1,1,1,0,1,0,0,0,1,1,0,1,0,0,0,3.609656810760498,1,4,0,0,30,0,0,1,1,0,0
bfa,293208.0,2021,293.0,208,1,484.88672,625.8752,2,1,1,1,1,1,0,0,0,0,0,0,0,0,0,0,0,0,0,0,0.4883999824523926,0,4,0,0,10,0,1,1,0,0,0
bfa,293224.0,2021,293.0,224,1,484.88672,625.8752,2,1,1,1,1,1,0,0,0,0,0,0,0,0,0,0,0,0,0,0,1.2143000066280365,1,0,0,0,25,1,0,1,1,0,0
bfa,294033.0,2021,294.0,33,1,1142.5358,31.219273,1,1,1,1,1,1,1,1,0,1,0,1,0,1,0,1,0,1,0,0,,0,0,0,0,0,0,1,1,1,0,0
bfa,294076.0,2021,294.0,76,1,1142.5358,31.219273,1,1,1,1,1,1,1,1,0,1,1,1,0,1,0,1,1,0,1,0,,0,0,0,0,0,1,0,1,0,0,0
bfa,294106.0,2021,294.0,106,1,1142.5358,31.219273,1,1,1,1,1,1,1,1,0,1,1,1,1,1,0,1,0,1,1,1,,0,0,0,0,0,0,0,1,0,0,0
bfa,294123.0,2021,294.0,123,1,1142.5358,31.219273,1,1,1,1,1,1,1,0,1,1,0,0,0,1,0,0,1,1,1,0,,0,7,0,0,0,0,1,1,1,0,0
bfa,294134.0,2021,294.0,134,1,1142.5358,31.219273,3,1,1,1,1,1,1,0,1,1,0,1,0,1,0,1,1,1,1,1,,0,0,0,0,0,0,0,1,1,0,0
bfa,294154.0,2021,294.0,154,1,1142.5358,31.219273,1,1,1,1,1,1,1,1,0,1,1,1,0,1,0,0,1,0,1,0,,0,9,0,0,4,1,1,1,0,0,0
bfa,295044.0,2021,295.0,44,1,1726.6775,41.673252,3,1,1,1,1,1,1,1,0,1,1,1,0,1,0,1,1,0,1,0,,0,0,0,0,0,1,0,0,0,0,0
bfa,295069.0,2021,295.0,69,1,1726.6775,41.673252,1,1,1,1,1,1,1,1,0,1,0,0,0,1,0,0,0,0,1,0,,0,0,0,0,0,1,0,1,0,0,0
bfa,295114.0,2021,295.0,114,1,1726.6775,41.673252,3,1,1,1,1,1,0,0,0,1,0,0,0,0,0,0,1,1,0,0,,0,0,0,0,0,0,0,1,1,0,0
bfa,295153.0,2021,295.0,153,1,1726.6775,41.673252,1,1,1,1,1,1,1,1,0,1,1,0,0,1,0,1,1,0,1,1,,0,1,0,0,0,0,0,1,1,0,0
bfa,295382.0,2021,295.0,382,1,1726.6775,41.673252,1,1,1,1,1,1,0,0,0,0,0,0,0,0,0,0,0,0,0,0,,0,0,0,0,0,1,0,0,0,0,0
bfa,295412.0,2021,295.0,412,1,1726.6775,41.673252,1,1,1,1,1,1,1,1,0,1,1,1,0,1,1,1,1,1,1,1,,0,0,0,0,0,1,0,0,0,0,0
bfa,296040.0,2021,296.0,40,1,1821.973,58.95089,3,1,1,1,1,1,1,1,0,1,1,1,0,1,1,0,1,0,0,0,,0,0,0,0,0,1,0,1,1,0,0
bfa,296078.0,2021,296.0,78,1,1821.973,58.95089,4,1,1,1,1,1,1,1,0,1,0,1,0,1,0,1,0,1,1,1,,0,0,0,0,0,0,0,1,1,0,0
bfa,296142.0,2021,296.0,142,1,1821.973,58.95089,1,1,1,1,1,1,1,1,0,1,0,0,0,1,0,1,1,1,1,0,,0,0,0,0,4,0,0,1,1,0,0
bfa,296150.0,2021,296.0,150,1,1821.973,58.95089,1,1,1,1,1,1,1,1,0,1,0,0,0,1,0,1,0,0,1,0,,0,0,0,0,15,1,0,1,1,0,0
bfa,296157.0,2021,296.0,157,1,1821.973,58.95089,4,1,1,1,1,1,1,1,0,0,0,1,0,1,0,1,1,1,0,0,,3,10,0,0,0,1,1,1,1,0,0
bfa,296167.0,2021,296.0,167,1,1821.973,58.95089,1,1,1,1,1,1,1,0,1,1,0,1,0,1,0,0,1,0,1,0,,0,0,0,0,0,0,0,1,1,0,0
bfa,297044.0,2021,297.0,44,2,892.0584,22.472954,1,1,1,1,1,1,1,0,1,1,0,1,1,1,0,0,0,0,0,0,,0,0,0,0,0,0,0,1,0,0,0
bfa,297108.0,2021,297.0,108,2,892.0584,22.472954,1,1,1,1,0,0,0,0,1,1,0,0,0,1,0,0,0,0,0,0,,0,0,0,0,0,0,0,1,0,0,0
bfa,297152.0,2021,297.0,152,2,892.0584,22.472954,3,1,1,1,1,1,1,1,0,1,0,1,1,0,1,0,0,0,1,0,,0,0,0,0,0,0,0,1,0,0,0
bfa,297185.0,2021,297.0,185,2,892.0584,22.472954,2,1,1,1,1,1,0,0,1,0,0,0,0,1,0,0,0,0,0,0,,0,0,0,0,0,0,0,1,0,0,0
bfa,297260.0,2021,297.0,260,2,892.0584,22.472954,1,1,1,1,1,1,1,1,0,1,0,1,1,1,0,1,0,0,0,0,,0,0,0,0,0,1,0,1,1,0,0
bfa,297265.0,2021,297.0,265,2,892.0584,22.472954,1,1,1,1,1,1,1,1,0,1,1,0,0,1,0,1,0,0,0,0,,0,0,0,0,0,0,0,1,0,0,0
bfa,298087.0,2021,298.0,87,1,4571.7695,128.57515,3,1,1,1,1,1,1,1,0,1,0,0,0,1,0,1,1,1,1,0,,0,0,0,0,0,0,0,0,0,0,0
bfa,298093.0,2021,298.0,93,1,4571.7695,128.57515,1,1,1,1,1,1,1,1,0,1,0,0,0,1,1,0,1,0,1,0,,0,0,0,0,0,1,0,1,1,0,0
bfa,298099.0,2021,298.0,99,1,4571.7695,128.57515,4,1,1,1,1,1,1,1,0,1,0,0,0,1,0,0,0,0,1,0,,0,0,0,0,0,0,0,0,1,0,0
bfa,298347.0,2021,298.0,347,1,4571.7695,128.57515,4,1,1,1,1,1,1,1,0,1,0,0,0,0,0,0,0,0,0,0,,0,0,0,0,0,1,0,1,0,0,0
bfa,298355.0,2021,298.0,355,1,4571.7695,128.57515,1,1,1,1,1,1,1,1,0,1,0,0,0,0,0,0,0,0,0,0,,0,0,0,0,0,0,0,0,0,0,0
bfa,298473.0,2021,298.0,473,1,4571.7695,128.57515,3,1,1,1,1,1,1,1,0,1,1,1,1,1,1,1,1,1,1,1,,0,0,0,0,0,0,0,0,0,0,0
bfa,299003.0,2021,299.0,3,1,824.09875,18.706244,3,1,1,1,1,1,1,1,0,1,1,1,0,1,0,1,1,0,1,1,,0,0,0,0,0,1,0,1,0,0,0
bfa,299045.0,2021,299.0,45,1,824.09875,18.706244,3,1,1,1,1,1,1,1,0,1,1,1,0,0,0,1,1,1,1,1,,4,0,0,0,1000,0,1,1,0,0,0
bfa,299063.0,2021,299.0,63,1,824.09875,18.706244,4,1,1,1,1,1,0,1,0,1,0,1,0,1,0,0,0,0,1,0,,0,0,0,0,12,0,0,1,0,0,0
bfa,299075.0,2021,299.0,75,1,824.09875,18.706244,1,1,1,1,1,1,1,1,0,1,0,1,0,1,0,1,0,0,1,1,0.8029515743255615,0,20,0,0,30,0,0,1,1,0,0
bfa,299161.0,2021,299.0,161,1,824.09875,18.706244,1,1,1,1,1,1,0,0,1,0,0,0,0,0,0,0,0,0,0,0,,0,2,0,0,4,0,0,0,0,0,0
bfa,299209.0,2021,299.0,209,1,824.09875,18.706244,1,1,1,1,1,1,1,1,0,1,0,0,0,1,0,1,0,0,1,0,,0,0,0,0,0,0,0,1,0,0,0
bfa,300134.0,2021,300.0,134,2,2745.4927,96.36833,1,1,1,1,1,1,1,1,0,1,0,1,0,1,1,1,1,0,1,0,,0,0,0,0,0,1,1,1,1,0,0
bfa,300140.0,2021,300.0,140,2,2745.4927,96.36833,1,1,1,1,1,1,1,1,0,1,1,1,1,1,0,1,1,0,1,0,,0,0,0,0,0,1,0,1,1,0,0
bfa,300242.0,2021,300.0,242,2,2745.4927,96.36833,1,1,1,1,1,1,1,1,0,1,1,0,0,1,1,1,1,1,1,1,,0,0,0,0,0,0,0,1,0,0,0
bfa,300244.0,2021,300.0,244,2,2745.4927,96.36833,2,1,1,1,1,1,0,0,0,0,0,0,0,0,0,0,0,0,0,0,,0,0,0,0,0,0,0,1,0,0,0
bfa,300291.0,2021,300.0,291,2,2745.4927,96.36833,1,1,1,1,1,1,1,1,0,0,0,1,0,1,0,0,1,0,1,0,,0,0,0,0,0,0,0,1,0,0,0
bfa,301001.0,2021,301.0,1,1,552.65796,22.147982,1,1,1,1,1,1,1,1,0,1,0,1,0,1,1,1,0,1,1,0,,0,0,0,0,0,0,0,1,0,0,0
bfa,301008.0,2021,301.0,8,1,552.65796,22.147982,1,1,1,1,1,1,1,1,0,1,1,0,0,1,0,0,1,0,1,0,,0,0,0,0,17,0,1,1,1,0,0
bfa,301020.0,2021,301.0,20,1,552.65796,22.147982,1,1,1,1,1,1,1,1,0,1,0,1,0,1,0,0,0,0,0,0,0.03701998293399811,0,0,0,0,0,1,0,1,0,0,0
bfa,301021.0,2021,301.0,21,1,552.65796,22.147982,1,1,1,1,1,1,1,1,0,1,0,0,0,1,0,1,0,0,0,0,,0,0,0,0,0,0,1,1,0,0,0
bfa,301060.0,2021,301.0,60,1,552.65796,22.147982,1,1,1,1,1,1,0,0,1,0,0,1,0,1,0,0,0,0,0,0,,0,0,0,0,0,0,0,1,0,0,0
bfa,301072.0,2021,301.0,72,1,552.65796,22.147982,4,1,1,1,1,1,1,1,0,0,0,1,0,1,0,1,0,0,1,0,,0,0,0,0,0,1,1,1,1,0,0
bfa,302001.0,2021,302.0,1,2,1489.1774,43.70856,1,1,1,1,1,1,1,1,0,1,0,1,1,1,0,0,0,1,0,0,0.3807999938726425,0,0,0,0,0,1,1,1,1,0,0
bfa,302091.0,2021,302.0,91,2,1489.1774,43.70856,3,1,1,1,1,1,1,1,0,1,0,1,1,1,0,1,0,0,0,0,,0,0,0,0,36,0,0,1,1,0,0
bfa,302202.0,2021,302.0,202,2,1489.1774,43.70856,3,1,1,1,1,1,1,1,0,1,1,0,0,1,0,1,0,1,1,0,,0,0,0,0,0,0,0,1,0,0,0
bfa,302292.0,2021,302.0,292,2,1489.1774,43.70856,4,1,1,1,1,1,1,1,0,1,1,1,0,1,0,1,0,1,1,1,,0,0,0,0,0,0,0,1,0,0,0
bfa,302318.0,2021,302.0,318,2,1489.1774,43.70856,1,1,1,0,1,1,0,0,0,0,0,0,0,0,0,0,0,1,0,0,,0,0,0,0,0,0,0,1,0,0,0
bfa,303088.0,2021,303.0,88,1,1363.0817,37.30746,1,1,1,1,1,1,0,0,1,0,0,0,0,1,0,0,1,0,0,0,,2,0,0,0,0,1,0,0,1,0,0
bfa,303089.0,2021,303.0,89,1,1363.0817,37.30746,2,1,1,1,1,1,0,0,0,0,0,0,0,0,0,0,0,0,0,0,,0,0,0,0,0,0,0,1,0,0,0
bfa,303135.0,2021,303.0,135,1,1363.0817,37.30746,2,1,1,1,1,1,0,0,1,1,1,0,0,1,0,0,1,0,0,0,,0,9,0,0,0,0,0,1,1,0,0
bfa,303151.0,2021,303.0,151,1,1363.0817,37.30746,3,1,1,1,1,1,0,0,0,1,0,0,0,0,0,0,0,0,0,0,,0,0,0,0,0,1,0,1,1,0,0
bfa,303219.0,2021,303.0,219,1,1363.0817,37.30746,3,1,0,1,1,1,0,0,1,1,0,0,0,0,0,0,0,0,0,0,,0,0,0,0,0,0,0,0,0,0,0
bfa,303221.0,2021,303.0,221,1,1363.0817,37.30746,3,1,1,1,1,1,0,0,1,0,0,0,0,1,0,0,0,0,1,0,,0,0,0,0,0,0,0,1,0,0,0
bfa,304071.0,2021,304.0,71,2,1789.476,40.354668,1,1,1,1,1,1,0,0,1,1,0,1,1,0,0,0,0,0,0,0,,0,5,0,0,0,0,0,1,1,0,0
bfa,304087.0,2021,304.0,87,2,1789.476,40.354668,1,1,1,1,1,1,0,0,1,1,1,1,1,1,1,0,0,0,0,0,,0,0,0,0,0,0,0,1,1,0,0
bfa,304089.0,2021,304.0,89,2,1789.476,40.354668,1,1,1,1,1,1,0,0,0,1,0,1,1,0,0,0,0,0,0,0,,0,0,0,0,0,0,0,1,0,0,0
bfa,304126.0,2021,304.0,126,2,1789.476,40.354668,2,1,1,1,0,0,0,0,1,1,0,0,0,1,0,0,0,0,0,0,,0,0,0,0,0,0,0,1,1,0,0
bfa,304127.0,2021,304.0,127,2,1789.476,40.354668,1,1,1,1,1,1,0,0,0,1,0,0,0,1,0,0,0,0,0,0,,0,4,0,0,6,0,0,1,1,0,0
bfa,304142.0,2021,304.0,142,2,1789.476,40.354668,2,1,1,1,0,0,0,0,1,1,0,0,0,0,0,0,0,0,0,0,,0,0,0,0,0,1,0,1,0,0,0
bfa,305001.0,2021,305.0,1,2,1969.6847,874.71173,2,0,1,1,1,1,0,0,1,0,0,0,0,1,0,0,0,0,1,0,3.8467817306518555,0,2,0,0,3,1,1,1,1,0,0
bfa,305019.0,2021,305.0,19,2,1969.6847,874.71173,2,0,1,0,0,0,0,0,0,0,0,0,0,0,0,0,0,0,0,0,3.5060509741306305,1,6,0,0,12,0,0,0,0,0,0
bfa,305036.0,2021,305.0,36,2,1969.6847,874.71173,2,0,1,1,1,1,0,0,0,0,0,0,0,0,0,0,0,0,0,0,0.5800000056624413,0,5,6,0,10,1,1,0,0,0,0
bfa,305039.0,2021,305.0,39,2,1969.6847,874.71173,2,0,1,1,1,1,0,0,1,0,0,0,0,0,0,0,0,0,0,0,1.3799999356269836,2,10,0,0,0,1,0,0,0,0,0
bfa,305139.0,2021,305.0,139,2,1969.6847,874.71173,2,1,1,1,1,1,0,0,1,0,1,0,0,0,0,0,0,0,0,0,1.3137000165879726,1,13,6,0,30,0,1,1,1,0,0
bfa,305141.0,2021,305.0,141,2,1969.6847,874.71173,2,0,1,1,1,1,0,0,1,0,0,0,0,0,0,0,0,0,0,0,1.8378248810768127,4,74,24,0,10,0,1,1,0,0,0
bfa,306049.0,2021,306.0,49,1,1087.7363,630.2283,2,1,1,0,1,1,0,0,0,1,0,0,0,0,0,0,0,0,0,0,1.7299999594688416,0,0,0,0,7,0,0,0,0,0,0
bfa,306060.0,2021,306.0,60,1,1087.7363,630.2283,2,1,1,1,1,1,0,0,1,0,0,0,0,0,0,0,0,0,0,0,4.026526689529419,0,24,0,0,30,1,1,0,0,0,0
bfa,306087.0,2021,306.0,87,1,1087.7363,630.2283,2,1,1,1,1,1,0,0,0,0,0,0,0,0,0,0,0,0,0,0,2.9748522639274597,0,10,0,0,80,0,0,0,0,0,0
bfa,306090.0,2021,306.0,90,1,1087.7363,630.2283,2,1,1,1,1,1,0,0,1,0,0,0,0,0,0,0,0,0,0,0,2.582840010523796,0,38,0,0,227,0,1,0,0,0,0
bfa,306099.0,2021,306.0,99,1,1087.7363,630.2283,2,1,1,1,1,1,0,0,0,1,0,0,0,0,0,0,0,0,0,0,2.6700000166893005,3,17,0,0,55,0,0,1,0,0,0
bfa,306106.0,2021,306.0,106,1,1087.7363,630.2283,2,1,1,1,1,1,0,0,1,0,0,0,0,0,0,0,0,0,0,0,7.466143488883972,0,10,0,0,0,0,0,0,0,0,0
bfa,307009.0,2021,307.0,9,2,258.33597,84.81071,3,1,1,1,1,1,1,1,0,1,0,0,0,1,0,0,0,0,0,0,,0,0,0,0,0,0,0,0,0,0,0
bfa,307018.0,2021,307.0,18,2,258.33597,84.81071,1,1,1,1,1,1,1,1,0,1,1,0,0,1,0,1,1,1,1,0,,0,0,0,0,0,0,0,0,0,0,0
bfa,307020.0,2021,307.0,20,2,258.33597,84.81071,3,1,1,1,1,1,1,0,1,0,1,1,0,1,0,1,1,0,1,0,,0,0,0,0,0,0,0,1,0,0,0
bfa,307022.0,2021,307.0,22,2,258.33597,84.81071,3,1,1,1,1,1,1,0,1,0,0,0,0,1,0,1,0,1,1,0,,0,0,0,0,0,0,0,1,0,0,0
bfa,307037.0,2021,307.0,37,2,258.33597,84.81071,3,1,1,1,1,1,1,1,0,0,0,0,0,1,0,0,0,0,0,0,,0,0,0,0,0,1,0,0,0,0,0
bfa,307055.0,2021,307.0,55,2,258.33597,84.81071,1,1,1,1,1,1,0,0,1,0,0,0,0,1,0,0,0,0,0,0,,0,0,0,0,0,0,0,0,1,0,0
bfa,308062.0,2021,308.0,62,1,328.01987,143.277,3,1,1,1,1,1,1,0,1,0,1,1,0,1,1,1,1,1,1,0,,0,0,0,0,0,0,0,1,0,0,0
bfa,308075.0,2021,308.0,75,1,328.01987,143.277,4,1,1,1,1,1,1,1,0,0,0,1,0,1,0,0,0,0,1,0,,0,0,0,0,0,0,0,0,0,0,0
bfa,308096.0,2021,308.0,96,1,328.01987,143.277,1,1,1,1,1,1,1,1,0,0,0,1,0,1,0,0,1,0,0,0,,0,0,0,0,0,0,0,0,0,0,0
bfa,308121.0,2021,308.0,121,1,328.01987,143.277,3,1,1,1,1,1,1,1,0,0,0,0,0,1,0,1,0,1,0,0,,0,0,0,0,0,0,0,0,0,0,0
bfa,308124.0,2021,308.0,124,1,328.01987,143.277,3,1,1,1,1,1,1,1,0,0,0,0,0,1,1,1,0,1,1,0,,0,0,0,0,0,1,0,0,0,0,0
bfa,308137.0,2021,308.0,137,1,328.01987,143.277,4,1,1,1,1,1,1,0,1,1,1,1,0,1,0,1,0,1,1,1,0.5290531814098358,0,0,0,0,0,1,0,1,0,0,0
bfa,309048.0,2021,309.0,48,2,288.8001,125.940704,1,1,1,1,1,1,0,0,0,0,1,0,0,0,0,0,0,0,0,0,,0,0,0,0,0,0,0,0,1,0,0
bfa,309063.0,2021,309.0,63,2,288.8001,125.940704,1,1,1,1,1,1,0,0,0,0,0,0,0,0,0,0,0,0,0,0,,0,0,0,0,0,1,0,0,1,0,0
bfa,309087.0,2021,309.0,87,2,288.8001,125.940704,1,1,1,1,1,1,1,1,0,1,0,0,0,1,0,0,0,0,0,0,0.9399556815624237,0,0,0,0,0,1,1,0,1,0,0
bfa,309094.0,2021,309.0,94,2,288.8001,125.940704,1,1,1,1,1,1,1,1,0,0,0,0,0,1,1,0,0,0,1,0,0.6124120652675629,0,5,0,0,21,0,0,0,0,0,0
bfa,309100.0,2021,309.0,100,2,288.8001,125.940704,1,1,1,1,1,1,0,0,1,0,0,0,0,0,0,0,0,0,0,0,,0,7,0,0,2,0,0,1,0,0,0
bfa,309107.0,2021,309.0,107,2,288.8001,125.940704,1,1,1,1,1,1,1,0,1,0,0,0,0,0,0,0,1,1,0,0,,0,0,0,0,0,1,0,1,1,0,0
bfa,310016.0,2021,310.0,16,2,1031.979,257.47318,2,1,1,1,1,1,0,0,1,0,1,0,0,0,0,0,0,0,0,0,,0,0,0,0,0,1,0,0,0,0,0
bfa,310039.0,2021,310.0,39,2,1031.979,257.47318,2,1,1,1,1,1,0,0,1,0,0,0,0,0,0,0,0,0,0,0,1.6477800011634827,0,5,0,0,12,0,0,0,1,0,0
bfa,310168.0,2021,310.0,168,2,1031.979,257.47318,1,1,1,1,1,1,1,1,0,1,1,0,0,1,0,1,1,0,1,0,,0,0,0,0,0,0,0,0,0,0,0
bfa,310169.0,2021,310.0,169,2,1031.979,257.47318,1,1,1,1,1,1,1,1,0,0,0,0,0,1,0,0,0,0,0,0,,0,0,0,0,0,0,0,0,0,0,0
bfa,310227.0,2021,310.0,227,2,1031.979,257.47318,1,1,1,1,1,1,1,0,1,0,1,1,0,1,0,1,1,0,1,0,,0,0,0,0,0,1,0,1,0,0,0
bfa,310242.0,2021,310.0,242,2,1031.979,257.47318,1,1,1,1,1,1,1,0,1,0,1,0,0,1,1,1,1,0,1,0,,0,0,0,0,25,0,0,1,0,0,0
bfa,311098.0,2021,311.0,98,2,937.55396,314.1947,1,1,1,1,0,0,0,0,1,0,0,0,0,0,0,0,0,0,0,0,,0,0,0,0,0,1,0,0,1,0,0
bfa,311110.0,2021,311.0,110,2,937.55396,314.1947,4,1,1,1,1,1,1,1,0,0,0,0,0,0,0,0,0,0,0,0,,0,0,0,0,0,0,0,0,0,0,0
bfa,311118.0,2021,311.0,118,2,937.55396,314.1947,1,1,1,1,1,1,1,1,0,0,0,0,0,1,0,0,0,0,1,0,,0,0,0,0,0,0,0,0,0,0,0
bfa,311131.0,2021,311.0,131,2,937.55396,314.1947,1,1,1,1,0,0,0,0,1,0,0,0,0,0,0,0,0,0,0,0,,0,22,5,0,17,1,0,0,1,0,0
bfa,311138.0,2021,311.0,138,2,937.55396,314.1947,1,1,1,1,1,1,1,0,1,0,1,0,0,0,0,1,0,0,0,0,,0,0,0,0,0,0,0,1,1,0,0
bfa,311142.0,2021,311.0,142,2,937.55396,314.1947,1,1,1,1,1,1,1,1,0,0,0,0,0,0,0,0,0,0,0,0,,0,0,0,0,0,0,0,1,0,0,0
bfa,312014.0,2021,312.0,14,1,610.6615,256.20667,1,1,1,1,1,1,1,0,1,0,1,1,0,1,0,1,1,1,1,1,0.15737669169902802,0,9,0,0,40,0,1,1,0,0,0
bfa,312091.0,2021,312.0,91,1,610.6615,256.20667,3,1,1,1,1,1,1,0,1,1,0,1,0,1,0,1,1,0,0,0,,0,0,0,0,0,0,0,1,0,0,0
bfa,312102.0,2021,312.0,102,1,610.6615,256.20667,1,1,1,1,1,1,1,1,0,1,0,1,0,1,1,0,1,1,1,0,,0,0,0,0,0,0,0,0,1,0,0
bfa,312206.0,2021,312.0,206,1,610.6615,256.20667,3,1,1,1,1,1,1,1,0,0,0,0,0,1,0,1,0,1,1,0,,0,0,0,0,0,0,0,0,0,0,0
bfa,312270.0,2021,312.0,270,1,610.6615,256.20667,1,1,1,1,1,1,0,0,0,0,0,0,0,0,0,0,0,0,0,0,,0,0,10,0,5,0,1,0,0,0,0
bfa,312277.0,2021,312.0,277,1,610.6615,256.20667,1,0,1,1,1,1,0,0,0,0,0,0,0,0,0,0,0,0,0,0,,0,0,0,0,0,0,0,0,0,0,0
bfa,313071.0,2021,313.0,71,1,450.90082,217.09537,1,1,1,1,1,1,1,0,1,0,0,0,0,1,0,0,0,0,1,0,,0,0,0,0,0,0,1,0,0,0,0
bfa,313094.0,2021,313.0,94,1,450.90082,217.09537,1,1,1,1,1,1,0,0,1,0,0,0,0,1,0,0,1,1,0,0,,0,0,0,0,51,0,0,0,0,0,0
bfa,313107.0,2021,313.0,107,1,450.90082,217.09537,1,1,1,1,1,1,1,0,1,0,1,0,0,1,0,0,1,0,1,0,0.30969926714897156,0,0,0,0,20,0,0,1,0,0,0
bfa,313259.0,2021,313.0,259,1,450.90082,217.09537,3,1,1,1,1,1,1,1,0,0,0,0,0,1,0,0,0,0,1,0,,0,0,0,0,0,0,0,0,1,0,0
bfa,313280.0,2021,313.0,280,1,450.90082,217.09537,3,1,1,1,1,1,1,1,0,0,0,0,0,1,0,0,0,1,1,0,,0,0,0,0,0,1,0,0,1,0,0
bfa,314009.0,2021,314.0,9,1,326.36758,118.91414,1,1,1,1,1,1,1,1,0,0,0,1,0,1,0,0,1,0,0,0,,0,16,0,0,50,1,0,0,0,0,0
bfa,314038.0,2021,314.0,38,1,326.36758,118.91414,4,1,1,1,1,1,1,1,0,0,0,0,0,0,0,0,0,0,0,0,0.5907773375511169,0,4,0,0,5,1,0,0,1,0,0
bfa,314041.0,2021,314.0,41,1,326.36758,118.91414,1,1,1,1,1,1,1,1,0,1,0,0,0,0,0,0,0,0,0,0,,0,0,0,0,0,0,1,0,0,0,0
bfa,314090.0,2021,314.0,90,1,326.36758,118.91414,1,1,1,1,1,1,1,1,0,1,1,0,0,1,0,1,0,1,0,0,,0,0,0,0,0,0,0,0,0,0,0
bfa,314092.0,2021,314.0,92,1,326.36758,118.91414,1,1,1,1,1,1,1,0,1,0,0,0,0,0,0,0,0,0,0,0,0.0,0,8,0,0,2,1,0,1,0,0,0
bfa,314099.0,2021,314.0,99,1,326.36758,118.91414,4,1,1,1,1,1,1,0,1,1,0,0,0,1,0,0,1,0,0,0,,0,0,0,0,0,0,0,1,0,0,0
bfa,315018.0,2021,315.0,18,1,496.38943,163.30511,1,1,1,1,1,1,1,1,0,1,0,0,0,1,0,0,0,1,0,0,1.578738033771515,0,0,0,0,0,0,0,0,0,0,0
bfa,315061.0,2021,315.0,61,1,496.38943,163.30511,4,1,1,1,1,1,0,0,0,0,0,1,0,0,0,0,0,0,0,0,1.2233739793300629,0,0,0,0,0,0,0,1,1,0,0
bfa,315099.0,2021,315.0,99,1,496.38943,163.30511,3,1,1,1,1,1,1,1,0,1,0,0,0,1,0,1,0,0,1,0,,0,0,0,0,0,0,0,0,0,0,0
bfa,315122.0,2021,315.0,122,1,496.38943,163.30511,3,1,1,1,1,1,1,0,1,1,1,1,0,1,0,0,0,0,1,0,,0,0,0,0,0,0,0,1,0,0,0
bfa,315171.0,2021,315.0,171,1,496.38943,163.30511,1,1,1,1,1,1,0,0,0,0,0,0,0,0,0,0,0,0,0,0,1.2580581903457642,0,0,4,0,0,1,0,0,0,0,0
bfa,315246.0,2021,315.0,246,1,496.38943,163.30511,1,1,1,1,1,1,1,1,0,1,1,1,0,1,1,1,1,0,1,0,,0,0,0,0,49,0,0,1,0,0,0
bfa,316081.0,2021,316.0,81,2,611.72003,214.29848,3,1,1,1,1,1,1,1,0,1,0,0,0,1,0,0,0,0,0,0,,0,0,0,0,0,0,0,0,0,0,0
bfa,316129.0,2021,316.0,129,2,611.72003,214.29848,3,1,1,1,0,0,0,0,0,0,0,0,0,0,0,0,0,0,0,0,,0,0,0,0,0,0,0,0,0,0,0
bfa,316139.0,2021,316.0,139,2,611.72003,214.29848,3,1,1,1,1,1,1,1,0,0,1,0,0,1,0,1,0,0,1,0,,0,0,0,0,95,1,0,0,0,0,0
bfa,316175.0,2021,316.0,175,2,611.72003,214.29848,3,1,1,1,1,1,1,1,0,0,0,0,0,0,0,0,0,0,0,0,,0,0,0,0,0,0,0,0,0,0,0
bfa,316205.0,2021,316.0,205,2,611.72003,214.29848,3,1,1,1,1,1,1,0,1,0,0,0,0,1,0,1,0,1,1,0,,0,0,0,0,0,1,0,1,0,0,0
bfa,316214.0,2021,316.0,214,2,611.72003,214.29848,4,1,1,1,0,0,0,0,0,0,0,0,0,0,0,0,0,0,0,0,,0,0,0,0,0,0,1,0,0,0,0
bfa,317057.0,2021,317.0,57,2,2139.9043,874.3621,2,1,1,1,0,0,0,0,1,0,0,0,0,0,0,0,0,0,0,0,2.969999961555004,3,14,3,0,12,0,1,1,0,0,0
bfa,317072.0,2021,317.0,72,2,2139.9043,874.3621,2,0,1,1,1,0,0,0,1,0,0,0,0,0,0,0,0,0,0,0,3.2229859828948975,0,3,0,0,10,0,1,1,0,0,0
bfa,317074.0,2021,317.0,74,2,2139.9043,874.3621,2,0,1,1,1,0,0,0,0,0,0,0,0,0,0,0,0,0,0,0,2.4555050134658813,0,0,0,0,0,0,1,1,0,0,0
bfa,317103.0,2021,317.0,103,2,2139.9043,874.3621,2,1,1,1,0,0,0,0,0,0,0,0,0,0,0,0,0,0,0,0,4.330059215426445,0,6,0,0,11,0,1,1,1,0,0
bfa,317152.0,2021,317.0,152,2,2139.9043,874.3621,2,0,1,0,1,1,0,0,0,0,0,0,0,0,0,0,0,0,0,0,3.4202957451343536,10,12,12,0,30,0,1,1,0,0,0
bfa,317161.0,2021,317.0,161,2,2139.9043,874.3621,2,0,1,0,0,0,0,0,1,0,0,0,0,0,0,0,0,0,0,0,5.840434283018112,0,12,7,0,56,0,1,1,0,0,0
bfa,318016.0,2021,318.0,16,1,980.2187,454.15167,2,0,1,1,1,1,0,0,1,0,0,0,0,0,0,0,0,0,0,0,3.8046151399612427,13,57,0,0,32,1,1,1,0,0,0
bfa,318034.0,2021,318.0,34,1,980.2187,454.15167,2,0,1,0,1,1,0,0,0,0,0,0,0,0,0,0,0,0,0,0,1.7776446342468262,0,0,0,0,0,1,1,1,0,0,0
bfa,318036.0,2021,318.0,36,1,980.2187,454.15167,2,1,1,1,1,1,0,0,0,0,0,0,0,0,0,0,0,0,0,0,1.9000000357627869,0,0,0,0,5,0,1,1,0,0,0
bfa,318038.0,2021,318.0,38,1,980.2187,454.15167,2,0,1,1,1,1,0,0,1,0,0,0,0,0,0,0,0,0,0,0,3.1124119758605957,0,12,0,0,8,0,1,1,0,0,0
bfa,318079.0,2021,318.0,79,1,980.2187,454.15167,2,1,1,1,1,1,0,0,1,0,0,0,0,0,0,0,0,0,0,0,2.732404947280884,1,8,0,0,17,1,1,1,0,0,0
bfa,318105.0,2021,318.0,105,1,980.2187,454.15167,2,0,1,0,1,1,0,0,1,0,0,0,0,0,0,0,0,0,0,0,6.469198405742645,0,12,0,0,40,1,1,0,0,0,0
bfa,319007.0,2021,319.0,7,1,2305.7202,1172.757,2,1,1,1,1,1,0,0,0,0,0,0,0,0,0,0,0,0,0,0,1.199999988079071,0,0,0,0,4,1,1,1,0,0,0
bfa,319039.0,2021,319.0,39,1,2305.7202,1172.757,1,0,1,1,1,1,0,0,0,0,0,0,0,0,0,0,0,0,0,0,1.309828132390976,0,0,1,0,0,0,1,1,0,0,0
bfa,319052.0,2021,319.0,52,1,2305.7202,1172.757,2,1,1,1,1,1,1,1,0,0,1,0,0,0,0,0,0,0,0,0,4.105693936347961,1,3,0,0,10,1,1,1,0,0,0
bfa,319059.0,2021,319.0,59,1,2305.7202,1172.757,2,0,1,1,1,0,0,0,1,0,0,0,0,0,0,0,0,0,0,0,1.2899999916553497,1,3,0,0,2,0,1,1,1,0,0
bfa,319107.0,2021,319.0,107,1,2305.7202,1172.757,2,0,1,1,1,1,0,0,1,0,0,0,0,0,0,0,0,0,0,0,1.2899999618530273,0,0,0,0,0,0,1,1,0,0,0
bfa,319126.0,2021,319.0,126,1,2305.7202,1172.757,2,0,1,1,1,1,0,0,1,0,0,0,0,0,0,0,0,0,0,1,3.0420700013637543,7,36,0,0,65,0,1,1,0,0,0
bfa,320009.0,2021,320.0,9,2,1304.1292,720.4066,4,1,1,1,1,1,0,0,0,0,1,0,0,0,0,0,0,0,0,0,0.9224999845027924,0,0,0,0,0,1,0,1,0,0,0
bfa,320019.0,2021,320.0,19,2,1304.1292,720.4066,2,1,1,1,1,1,0,0,1,0,0,0,0,0,0,0,0,0,0,0,2.23539999127388,0,22,0,0,16,1,0,0,0,0,0
bfa,320052.0,2021,320.0,52,2,1304.1292,720.4066,2,1,1,1,1,1,0,0,1,0,0,0,0,0,0,0,0,0,0,0,3.2829966247081757,0,0,0,0,45,0,0,0,0,0,0
bfa,320056.0,2021,320.0,56,2,1304.1292,720.4066,2,1,1,1,1,1,0,0,0,0,1,0,0,0,0,0,0,0,0,0,1.5121000111103058,0,7,0,0,0,0,0,0,0,0,0
bfa,320070.0,2021,320.0,70,2,1304.1292,720.4066,2,1,1,1,1,1,0,0,0,0,0,0,0,0,0,0,0,0,0,0,3.269752264022827,0,4,0,0,4,0,0,0,0,0,0
bfa,320075.0,2021,320.0,75,2,1304.1292,720.4066,2,1,1,1,1,1,0,0,1,0,1,0,0,0,0,0,0,0,0,0,1.6854000091552734,0,0,0,0,0,0,0,1,1,0,0
bfa,321009.0,2021,321.0,9,1,393.57495,613.73376,2,1,1,0,1,1,0,0,0,0,0,0,0,0,0,0,0,0,0,0,3.3694121837615967,3,0,0,0,10,0,0,1,0,0,0
bfa,321033.0,2021,321.0,33,1,393.57495,613.73376,2,1,1,1,1,1,0,0,1,0,0,0,0,1,0,0,0,0,1,0,6.759867072105408,4,8,0,0,0,0,0,1,0,0,0
bfa,321057.0,2021,321.0,57,1,393.57495,613.73376,2,1,1,0,1,1,0,0,0,0,0,0,0,0,0,0,0,0,0,0,18.74629807472229,0,25,0,0,37,0,0,0,0,0,0
bfa,321074.0,2021,321.0,74,1,393.57495,613.73376,2,0,1,0,1,1,0,0,0,0,0,0,0,0,0,0,0,0,0,0,4.250074863433838,0,5,0,0,5,0,0,0,0,0,0
bfa,321120.0,2021,321.0,120,1,393.57495,613.73376,2,1,0,0,1,1,0,0,0,0,0,0,0,0,0,0,0,0,0,0,10.685035228729248,0,4,0,0,20,0,0,0,0,0,0
bfa,321136.0,2021,321.0,136,1,393.57495,613.73376,2,1,1,1,1,1,0,0,1,0,0,0,0,0,0,0,0,0,0,0,6.509783387184143,0,4,0,0,10,0,0,1,0,0,0
bfa,322007.0,2021,322.0,7,2,698.33453,875.8765,2,1,1,1,1,1,0,0,1,0,0,0,0,0,0,0,0,0,0,0,3.8112999200820923,0,10,0,0,4,0,0,0,0,0,0
bfa,322011.0,2021,322.0,11,2,698.33453,875.8765,2,1,1,1,1,1,0,0,1,0,0,0,0,1,0,0,0,0,0,0,2.4915000200271606,0,0,0,0,19,1,0,0,0,0,0
bfa,322019.0,2021,322.0,19,2,698.33453,875.8765,2,1,1,1,1,1,0,0,1,0,0,1,0,1,0,0,0,0,0,0,4.266100108623505,30,45,0,0,190,0,0,0,0,0,0
bfa,322028.0,2021,322.0,28,2,698.33453,875.8765,2,1,1,1,1,1,0,0,1,0,0,0,0,0,0,0,0,0,0,0,7.7453999519348145,0,0,0,0,10,0,0,0,0,0,0
bfa,322058.0,2021,322.0,58,2,698.33453,875.8765,2,1,1,1,1,1,0,0,1,0,0,0,0,0,0,0,0,0,0,0,8.904000043869019,0,5,0,0,20,0,0,1,0,0,0
bfa,322073.0,2021,322.0,73,2,698.33453,875.8765,2,1,1,0,1,1,0,0,0,0,0,0,0,0,0,0,0,0,0,0,1.1461000442504883,4,22,0,0,20,0,0,0,0,0,0
bfa,323022.0,2021,323.0,22,2,419.49133,53.527206,1,1,1,1,1,1,1,1,0,0,0,0,0,1,0,0,0,0,0,0,,0,0,0,0,0,0,0,0,1,0,0
bfa,323083.0,2021,323.0,83,2,419.49133,53.527206,4,1,1,1,1,1,1,1,0,0,0,0,0,1,0,0,0,0,0,0,,0,0,0,0,0,0,0,1,0,0,0
bfa,323102.0,2021,323.0,102,2,419.49133,53.527206,1,1,1,1,1,1,1,1,0,0,0,0,0,1,0,0,0,0,0,0,,0,0,0,0,0,0,0,1,0,0,0
bfa,323113.0,2021,323.0,113,2,419.49133,53.527206,1,1,1,1,1,1,1,1,0,1,1,1,0,1,0,0,1,0,0,1,1.6326000392436981,0,0,0,0,0,0,0,0,1,0,0
bfa,323114.0,2021,323.0,114,2,419.49133,53.527206,1,1,1,1,1,1,1,1,0,0,1,0,0,1,0,0,0,0,1,0,,0,0,0,0,17,1,0,0,0,0,0
bfa,323116.0,2021,323.0,116,2,419.49133,53.527206,1,1,1,1,1,1,1,1,0,1,0,1,0,1,0,0,1,0,1,1,2.573300004005432,0,0,0,0,0,0,0,0,0,0,0
bfa,324006.0,2021,324.0,6,2,420.97406,505.13513,4,1,1,1,1,1,0,0,1,0,0,0,0,1,0,0,0,0,0,0,7.667699813842773,0,0,7,0,30,0,0,0,0,0,0
bfa,324044.0,2021,324.0,44,2,420.97406,505.13513,2,1,1,1,1,1,0,0,0,0,0,0,0,0,0,0,0,0,0,0,2.0582000017166138,0,0,0,0,0,0,0,1,0,0,0
bfa,324061.0,2021,324.0,61,2,420.97406,505.13513,2,0,1,1,1,1,0,0,0,0,0,0,0,0,0,0,0,0,0,0,3.281700059771538,0,0,10,0,0,0,1,1,0,0,0
bfa,324083.0,2021,324.0,83,2,420.97406,505.13513,2,1,0,0,1,1,0,0,0,0,0,0,0,0,0,0,0,0,0,0,4.145599842071533,0,0,0,0,0,1,0,0,1,0,0
bfa,324085.0,2021,324.0,85,2,420.97406,505.13513,2,1,0,0,1,1,0,0,1,0,0,0,0,0,0,0,0,0,0,0,1.9683999419212341,0,6,0,0,20,0,0,0,0,0,0
bfa,324126.0,2021,324.0,126,2,420.97406,505.13513,2,1,1,1,0,1,0,0,1,0,0,0,0,0,0,0,0,0,0,0,10.059900045394897,0,6,7,0,15,0,0,0,0,0,0
bfa,325001.0,2021,325.0,1,2,734.0237,99.83894,2,1,1,1,0,0,0,0,1,0,0,0,0,1,0,0,0,0,0,0,22.031500339508057,0,40,0,0,30,0,0,1,0,0,0
bfa,325027.0,2021,325.0,27,2,734.0237,99.83894,2,1,1,1,1,1,0,0,1,0,0,0,0,0,0,0,0,0,0,0,6.088299989700317,12,20,0,0,0,0,0,1,0,0,0
bfa,325046.0,2021,325.0,46,2,734.0237,99.83894,2,1,1,0,0,0,0,0,1,0,0,0,0,0,0,0,0,0,0,0,1.5983999967575073,0,1,0,0,4,1,0,0,0,0,0
bfa,325060.0,2021,325.0,60,2,734.0237,99.83894,4,1,1,1,1,1,0,0,1,0,0,0,0,1,0,0,0,0,0,0,,0,10,0,0,9,0,0,0,0,0,0
bfa,325064.0,2021,325.0,64,2,734.0237,99.83894,2,1,1,1,1,1,0,0,1,1,0,0,0,1,0,0,0,0,0,0,11.686234951019287,11,28,0,0,30,0,0,0,0,0,1
bfa,325081.0,2021,325.0,81,2,734.0237,99.83894,2,1,1,1,1,1,0,0,1,0,0,0,0,1,0,0,0,0,0,0,4.170399963855743,3,11,0,0,20,0,0,0,0,0,0
bfa,326019.0,2021,326.0,19,1,94.515625,46.50661,1,1,1,1,1,1,1,1,0,0,0,0,0,1,0,0,0,0,0,0,,0,0,0,0,22,1,1,0,0,0,0
bfa,326026.0,2021,326.0,26,1,94.515625,46.50661,3,1,1,0,1,1,1,1,0,1,0,0,0,1,0,0,0,0,1,0,,0,0,0,0,0,0,0,0,0,0,0
bfa,326029.0,2021,326.0,29,1,94.515625,46.50661,1,1,1,1,1,1,0,0,1,1,0,0,0,0,0,0,0,0,0,0,,0,6,0,0,0,1,1,1,0,0,0
bfa,326081.0,2021,326.0,81,1,94.515625,46.50661,1,1,1,1,1,1,1,1,0,0,0,0,0,1,0,0,1,0,1,0,,0,0,0,0,15,1,0,1,1,0,0
bfa,326120.0,2021,326.0,120,1,94.515625,46.50661,1,1,1,1,1,1,1,1,0,0,0,1,0,1,0,0,0,0,1,0,,0,0,0,0,0,1,0,0,1,0,0
bfa,326133.0,2021,326.0,133,1,94.515625,46.50661,1,1,1,1,1,1,1,1,0,1,1,1,0,1,0,1,0,0,1,0,,0,40,0,0,32,1,0,1,1,0,0
bfa,327001.0,2021,327.0,1,2,676.6081,1592.7662,2,1,0,0,1,1,0,0,1,0,0,0,0,0,0,0,0,0,0,0,3.959999918937683,0,0,0,0,0,0,1,1,0,0,0
bfa,327020.0,2021,327.0,20,2,676.6081,1592.7662,2,1,0,1,1,1,0,0,1,1,0,0,0,0,0,0,0,0,0,0,5.0698999762535095,0,0,0,0,0,0,1,1,0,0,0
bfa,327049.0,2021,327.0,49,2,676.6081,1592.7662,2,0,1,0,1,1,0,0,1,0,0,0,0,0,0,0,0,0,0,0,1.388799972832203,0,0,0,0,20,1,1,1,0,0,0
bfa,327057.0,2021,327.0,57,2,676.6081,1592.7662,2,1,1,1,1,1,0,0,1,0,0,0,0,0,0,0,0,0,0,0,4.627499997615814,0,0,0,0,0,0,1,1,0,0,0
bfa,327075.0,2021,327.0,75,2,676.6081,1592.7662,2,0,1,0,1,1,0,0,1,0,0,0,0,0,0,0,0,0,0,0,1.1814000234007835,0,0,0,0,0,0,1,1,0,0,0
bfa,327087.0,2021,327.0,87,2,676.6081,1592.7662,2,1,0,0,1,0,0,0,1,0,0,0,0,0,0,0,0,0,0,0,3.129999965429306,0,0,0,0,0,0,1,0,0,0,0
bfa,328004.0,2021,328.0,4,1,80.29134,133.51349,3,1,1,1,1,1,1,1,0,1,1,1,0,1,0,0,1,0,1,0,,0,0,0,0,0,0,0,1,0,0,0
bfa,328005.0,2021,328.0,5,1,80.29134,133.51349,3,1,1,1,1,1,1,1,0,1,0,0,0,1,0,0,0,0,1,0,,0,0,0,0,0,0,0,0,0,0,0
bfa,328019.0,2021,328.0,19,1,80.29134,133.51349,1,1,1,1,1,1,0,0,1,0,0,0,0,1,0,0,0,0,1,0,2.25600004196167,0,0,10,0,0,1,1,1,1,0,0
bfa,328032.0,2021,328.0,32,1,80.29134,133.51349,1,1,1,1,1,1,1,1,0,0,0,0,0,0,0,0,0,0,0,0,0.9438790082931519,0,0,4,0,26,0,1,1,1,0,0
bfa,328037.0,2021,328.0,37,1,80.29134,133.51349,1,1,1,1,1,1,1,1,0,0,1,0,0,1,0,0,0,0,1,0,,0,0,0,0,0,0,1,1,1,1,0
bfa,328041.0,2021,328.0,41,1,80.29134,133.51349,1,1,1,1,1,1,1,1,0,1,1,1,0,0,0,0,0,0,1,0,,0,0,3,0,5,0,0,1,0,0,0
bfa,329066.0,2021,329.0,66,1,311.37988,400.79398,1,1,1,1,1,1,1,1,0,0,1,0,0,1,0,0,0,0,1,0,0.9816446900367737,0,2,0,0,24,0,1,1,0,0,0
bfa,329121.0,2021,329.0,121,1,311.37988,400.79398,1,1,1,1,1,1,0,0,1,0,1,1,0,1,0,0,0,0,1,0,0.04540000110864639,0,0,0,0,55,0,1,0,0,0,0
bfa,329126.0,2021,329.0,126,1,311.37988,400.79398,3,1,1,1,1,1,1,1,0,1,0,0,0,1,0,1,1,0,0,0,,0,0,0,0,0,0,0,0,0,0,0
bfa,329160.0,2021,329.0,160,1,311.37988,400.79398,1,1,1,1,1,1,1,1,0,0,0,0,0,1,0,0,0,1,1,0,9.301023691892624,0,0,0,0,500,1,1,1,0,0,0
bfa,330003.0,2021,330.0,3,2,82.631676,157.69704,2,1,1,1,1,1,0,0,1,0,0,0,0,0,0,0,1,0,0,0,0.36000001430511475,0,1,0,0,16,0,1,1,1,0,0
bfa,330006.0,2021,330.0,6,2,82.631676,157.69704,1,1,1,1,1,1,1,1,0,0,0,0,0,1,0,0,0,0,1,0,,0,0,0,0,0,1,0,1,0,0,0
bfa,330017.0,2021,330.0,17,2,82.631676,157.69704,2,1,1,1,1,0,0,0,0,0,0,1,0,1,0,0,0,0,0,0,,3,0,0,0,0,0,1,0,0,0,0
bfa,330048.0,2021,330.0,48,2,82.631676,157.69704,2,1,1,1,1,1,0,0,1,0,0,1,0,0,0,0,0,0,0,0,,0,0,0,0,0,0,1,0,0,0,0
bfa,330050.0,2021,330.0,50,2,82.631676,157.69704,2,1,1,1,1,0,0,0,1,0,0,0,0,1,0,0,1,0,0,0,,0,0,0,0,0,1,0,1,1,0,0
bfa,330073.0,2021,330.0,73,2,82.631676,157.69704,1,1,1,1,1,1,1,1,0,1,1,0,0,1,0,0,0,0,1,0,,0,0,0,0,0,0,0,1,0,0,0
bfa,331012.0,2021,331.0,12,2,133.48956,221.50963,2,1,1,1,1,1,0,0,1,0,0,0,0,0,0,0,0,0,0,0,0.9927349090576172,0,0,0,0,0,0,0,1,0,0,0
bfa,331020.0,2021,331.0,20,2,133.48956,221.50963,1,1,1,1,1,1,1,1,0,1,0,0,0,1,1,0,0,0,1,0,1.5449999570846558,0,20,0,0,10,1,1,1,1,0,0
bfa,331050.0,2021,331.0,50,2,133.48956,221.50963,3,1,1,1,1,1,0,0,1,0,0,0,0,0,0,0,0,0,0,0,,0,0,0,0,20,0,1,1,1,0,0
bfa,331066.0,2021,331.0,66,2,133.48956,221.50963,1,1,1,1,1,1,1,1,0,0,0,0,0,1,0,1,1,0,0,0,0.7599999904632568,0,0,6,0,40,0,0,1,0,0,0
bfa,331121.0,2021,331.0,121,2,133.48956,221.50963,1,1,1,1,1,1,0,0,0,0,0,0,0,0,0,0,0,0,0,0,1.4494019150733948,0,0,0,0,0,0,0,1,1,0,1
bfa,331195.0,2021,331.0,195,2,133.48956,221.50963,2,1,1,1,1,1,0,0,1,0,0,0,0,1,0,0,0,0,1,0,2.4150065183639526,0,0,0,0,0,0,1,1,0,0,0
bfa,332002.0,2021,332.0,2,2,248.37733,1072.9712,2,1,1,1,1,1,0,0,1,0,0,0,0,1,0,0,0,0,1,0,2.8775850534439087,0,0,0,0,0,0,1,1,0,0,0
bfa,332003.0,2021,332.0,3,2,248.37733,1072.9712,2,1,1,1,1,1,0,0,1,0,0,0,0,0,0,0,0,0,0,0,2.7105583548545837,0,0,0,0,0,0,1,1,0,0,0
bfa,332008.0,2021,332.0,8,2,248.37733,1072.9712,2,1,1,1,1,0,0,0,1,0,0,0,0,0,0,0,0,0,0,0,1.0818685293197632,0,10,0,0,0,0,0,1,0,0,0
bfa,332009.0,2021,332.0,9,2,248.37733,1072.9712,2,1,1,1,1,1,0,0,1,0,0,0,0,0,0,0,0,0,0,0,0.6100000143051147,0,0,0,0,0,0,1,1,0,0,0
bfa,332028.0,2021,332.0,28,2,248.37733,1072.9712,2,1,1,1,1,1,0,0,1,1,0,0,0,0,0,0,0,0,0,0,1.117799997329712,0,0,0,0,20,0,0,1,0,0,0
bfa,332034.0,2021,332.0,34,2,248.37733,1072.9712,2,1,1,1,1,1,0,0,1,0,0,0,0,0,0,0,0,0,0,0,2.590000033378601,0,3,0,0,10,1,1,1,0,0,0
bfa,333017.0,2021,333.0,17,2,895.6068,2186.1497,2,1,1,1,1,1,0,0,1,0,0,0,0,0,0,0,0,0,0,0,6.449457377195358,30,33,0,0,20,1,1,1,0,0,0
bfa,333060.0,2021,333.0,60,2,895.6068,2186.1497,2,1,1,1,0,0,0,0,1,0,0,0,0,0,0,0,0,0,0,0,3.093779444694519,0,8,0,0,12,0,0,1,0,0,0
bfa,333071.0,2021,333.0,71,2,895.6068,2186.1497,2,1,1,1,0,0,0,0,1,0,0,0,0,0,0,0,0,0,0,0,7.753198266029358,0,0,0,0,0,0,0,0,0,0,0
bfa,333099.0,2021,333.0,99,2,895.6068,2186.1497,2,0,1,0,1,1,0,0,1,0,0,0,0,0,0,0,0,0,0,0,10.730000048875809,20,10,0,0,10,0,1,1,0,0,0
bfa,333100.0,2021,333.0,100,2,895.6068,2186.1497,2,1,1,1,1,1,0,0,0,0,0,0,0,0,0,0,0,0,0,0,3.879300117492676,0,0,0,0,0,0,1,1,0,0,0
bfa,333115.0,2021,333.0,115,2,895.6068,2186.1497,2,0,1,0,0,0,0,0,1,0,0,0,0,0,0,0,0,0,0,0,6.830209493637085,5,40,0,0,80,1,1,1,0,0,0
bfa,334004.0,2021,334.0,4,2,202.2662,173.7747,2,1,1,0,0,0,0,0,0,0,0,0,0,1,0,0,0,0,0,0,5.056600034236908,5,25,0,0,14,0,1,1,0,0,0
bfa,334008.0,2021,334.0,8,2,202.2662,173.7747,2,1,1,1,0,0,0,0,1,0,0,0,0,1,0,0,0,0,0,0,4.040000021457672,0,15,8,0,10,1,1,1,0,0,0
bfa,334053.0,2021,334.0,53,2,202.2662,173.7747,2,1,1,1,1,1,0,0,1,0,0,0,0,0,0,0,0,0,0,0,2.4615653082728386,0,21,0,0,10,1,1,1,1,0,0
bfa,334066.0,2021,334.0,66,2,202.2662,173.7747,2,1,1,1,1,1,0,0,1,0,0,0,0,0,0,0,0,0,0,0,0.3500000014901161,0,0,10,0,10,0,1,0,1,0,0
bfa,334115.0,2021,334.0,115,2,202.2662,173.7747,2,1,1,0,0,0,0,0,1,0,0,0,0,0,0,0,0,0,0,0,2.2426552921533585,0,0,0,0,5,1,1,1,0,0,0
bfa,334128.0,2021,334.0,128,2,202.2662,173.7747,2,1,1,1,1,1,0,0,1,0,0,0,0,0,0,0,0,0,0,0,8.436699986457825,4,16,0,0,30,1,0,1,0,0,0
bfa,335015.0,2021,335.0,15,1,76.45228,76.30134,3,1,1,1,1,1,1,1,0,1,1,0,1,1,0,1,1,0,1,0,,0,0,0,0,0,1,0,0,0,0,0
bfa,335027.0,2021,335.0,27,1,76.45228,76.30134,1,1,1,1,1,1,0,0,1,1,0,0,0,1,0,0,0,0,1,0,,0,0,0,0,0,0,0,0,0,0,0
bfa,335029.0,2021,335.0,29,1,76.45228,76.30134,1,0,1,1,1,1,1,1,0,1,1,0,0,1,0,0,1,0,0,0,1.0,0,0,5,0,36,1,1,0,0,0,0
bfa,335046.0,2021,335.0,46,1,76.45228,76.30134,1,1,1,1,1,1,1,1,0,0,0,0,0,0,0,0,0,0,0,0,,0,0,0,0,0,0,0,0,1,0,0
bfa,335071.0,2021,335.0,71,1,76.45228,76.30134,3,1,1,1,1,1,0,1,0,0,0,0,0,1,0,1,1,1,1,1,,0,0,0,0,15,0,0,0,0,0,0
bfa,335080.0,2021,335.0,80,1,76.45228,76.30134,1,1,1,1,1,0,0,1,0,0,0,0,0,0,0,0,0,0,0,0,,0,0,0,0,0,1,0,1,1,0,0
bfa,336033.0,2021,336.0,33,2,118.054634,114.923004,3,1,1,1,1,1,1,1,0,0,0,0,0,1,1,1,1,1,1,0,,0,0,0,0,0,0,0,1,0,0,0
bfa,336045.0,2021,336.0,45,2,118.054634,114.923004,1,1,1,1,0,0,1,1,0,0,0,1,0,0,0,0,0,0,0,0,0.6900000125169754,0,0,0,0,13,0,1,1,0,0,0
bfa,336053.0,2021,336.0,53,2,118.054634,114.923004,1,1,1,1,1,1,0,0,1,1,0,0,0,1,0,1,1,0,1,0,,0,0,0,0,0,0,0,1,0,0,0
bfa,336075.0,2021,336.0,75,2,118.054634,114.923004,1,1,1,1,1,1,1,1,0,0,0,0,0,1,0,1,0,0,1,0,,0,0,0,0,0,1,0,1,0,0,0
bfa,336102.0,2021,336.0,102,2,118.054634,114.923004,2,1,1,1,0,0,0,0,1,0,0,1,0,1,0,0,1,0,1,0,,0,10,0,0,9,0,1,0,1,0,0
bfa,336105.0,2021,336.0,105,2,118.054634,114.923004,2,1,1,1,1,0,0,0,1,0,0,1,0,1,0,0,0,0,0,0,2.2376586198806763,0,10,0,0,0,0,1,0,0,0,0
bfa,337006.0,2021,337.0,6,2,866.5829,1322.8369,2,1,1,1,1,1,0,0,1,0,0,0,0,0,0,0,0,0,0,0,5.750000044703484,12,16,2,0,45,1,1,1,0,0,0
bfa,337027.0,2021,337.0,27,2,866.5829,1322.8369,2,0,0,0,1,1,0,0,1,0,0,0,0,0,0,0,0,0,0,0,4.020000010728836,0,4,0,0,15,0,0,0,0,0,0
bfa,337035.0,2021,337.0,35,2,866.5829,1322.8369,2,1,1,0,1,1,0,0,1,0,0,0,0,0,0,0,0,0,0,0,5.664862155914307,2,21,15,0,135,0,1,1,0,0,0
bfa,337077.0,2021,337.0,77,2,866.5829,1322.8369,2,1,1,1,1,1,0,0,1,0,0,0,0,1,0,0,0,0,0,0,4.030000060796738,0,15,3,0,18,0,1,1,1,0,0
bfa,337083.0,2021,337.0,83,2,866.5829,1322.8369,2,1,1,0,1,1,0,0,0,0,1,0,0,0,0,0,0,0,0,0,1.1449999958276749,0,5,0,0,0,0,1,1,0,0,0
bfa,337134.0,2021,337.0,134,2,866.5829,1322.8369,2,1,1,0,1,1,0,0,1,0,0,0,0,0,0,0,0,0,0,0,6.36980003118515,3,10,0,0,52,0,0,1,0,0,0
bfa,338030.0,2021,338.0,30,1,193.45789,175.09923,1,1,1,1,1,1,1,1,0,1,0,0,0,1,0,1,1,0,1,0,,0,0,0,0,0,0,0,0,0,0,0
bfa,338034.0,2021,338.0,34,1,193.45789,175.09923,1,1,1,1,1,1,1,1,0,1,1,0,0,1,1,1,1,0,1,0,,0,0,0,0,13,0,0,1,0,0,0
bfa,338061.0,2021,338.0,61,1,193.45789,175.09923,1,1,1,1,1,1,1,1,0,1,1,1,0,1,0,0,1,0,1,0,0.67702317237854,0,7,0,0,0,0,0,0,1,0,0
bfa,338114.0,2021,338.0,114,1,193.45789,175.09923,3,1,1,1,1,1,1,1,0,0,0,1,0,1,0,0,0,0,0,0,,0,0,0,0,0,0,0,0,0,0,0
bfa,338115.0,2021,338.0,115,1,193.45789,175.09923,1,1,0,0,0,0,0,0,0,0,0,0,0,0,0,0,0,0,0,0,0.46797674894332886,0,0,0,0,0,0,1,1,0,0,0
bfa,338120.0,2021,338.0,120,1,193.45789,175.09923,1,1,1,1,0,0,0,0,1,0,0,0,0,0,0,0,0,0,0,0,,0,0,0,0,10,0,1,1,0,0,0
bfa,339003.0,2021,339.0,3,2,151.98004,133.27206,1,1,1,1,1,1,0,0,1,1,0,0,0,0,0,0,0,0,0,0,0.8572999835014343,0,0,0,0,0,0,0,1,0,0,0
bfa,339008.0,2021,339.0,8,2,151.98004,133.27206,2,1,1,1,1,0,0,0,0,0,0,1,0,0,0,0,0,0,0,0,1.2383983135223389,0,0,0,0,0,1,0,0,0,0,0
bfa,339014.0,2021,339.0,14,2,151.98004,133.27206,1,1,1,1,1,1,1,1,0,0,0,1,0,1,0,0,1,0,0,0,1.808038592338562,0,19,0,0,23,1,1,1,0,0,0
bfa,339025.0,2021,339.0,25,2,151.98004,133.27206,3,1,1,1,1,0,0,0,0,0,0,0,0,0,0,0,0,0,0,0,1.781147062778473,0,0,0,0,2,0,0,0,0,0,0
bfa,339068.0,2021,339.0,68,2,151.98004,133.27206,1,1,1,1,1,1,1,1,0,1,0,0,0,0,0,0,0,0,0,0,,0,5,0,0,0,0,0,1,0,0,0
bfa,339089.0,2021,339.0,89,2,151.98004,133.27206,3,1,1,1,0,0,0,0,1,0,0,0,0,0,0,0,0,0,0,0,,0,0,0,0,0,0,0,1,0,0,0
bfa,340014.0,2021,340.0,14,1,819.94135,1544.9235,2,1,1,1,1,0,0,0,0,0,0,0,0,0,0,0,0,0,0,0,3.7700000405311584,0,0,0,0,5,0,1,0,0,0,0
bfa,340027.0,2021,340.0,27,1,819.94135,1544.9235,2,1,1,0,0,0,0,0,0,0,0,0,0,0,0,0,0,0,0,0,6.748467355966568,0,18,0,0,44,0,1,1,0,0,0
bfa,340043.0,2021,340.0,43,1,819.94135,1544.9235,2,1,1,1,1,1,0,0,1,0,0,0,0,0,0,0,0,0,0,0,3.370499908924103,0,0,0,0,8,0,0,1,0,0,0
bfa,340050.0,2021,340.0,50,1,819.94135,1544.9235,2,1,1,1,1,1,0,0,1,0,1,0,0,0,0,0,0,0,0,0,3.305799901485443,0,2,1,0,5,0,1,1,0,0,0
bfa,340072.0,2021,340.0,72,1,819.94135,1544.9235,2,1,1,0,1,1,0,0,1,0,0,0,0,0,0,0,0,0,0,0,6.892800211906433,0,10,0,0,38,0,1,1,0,0,0
bfa,340103.0,2021,340.0,103,1,819.94135,1544.9235,2,1,1,0,1,1,0,0,0,0,0,0,0,0,0,0,0,0,0,0,3.974828988313675,0,16,0,0,15,0,1,1,0,0,0
bfa,341068.0,2021,341.0,68,1,939.99945,1005.01154,2,1,1,1,1,1,0,0,1,0,0,0,0,1,0,0,0,0,1,0,6.621646583080292,7,35,0,0,30,1,0,1,0,0,0
bfa,341117.0,2021,341.0,117,1,939.99945,1005.01154,2,1,1,1,1,1,1,1,0,0,0,1,0,1,0,0,0,0,0,0,6.623342901468277,0,6,2,0,13,0,1,0,0,0,0
bfa,341193.0,2021,341.0,193,1,939.99945,1005.01154,2,1,0,0,0,0,0,0,0,0,0,0,0,0,0,0,0,0,0,0,7.24007511138916,7,0,0,0,20,0,0,1,0,0,0
bfa,341210.0,2021,341.0,210,1,939.99945,1005.01154,2,1,1,0,0,0,0,0,0,0,0,0,0,0,0,0,0,0,0,0,2.5905902087688446,0,0,0,0,0,0,1,1,0,0,0
bfa,341213.0,2021,341.0,213,1,939.99945,1005.01154,2,1,0,0,1,1,0,0,1,0,0,0,0,0,0,0,0,0,0,0,6.443840563297272,0,18,0,0,49,1,1,1,0,0,0
bfa,341217.0,2021,341.0,217,1,939.99945,1005.01154,2,1,1,0,1,1,0,0,0,0,0,0,0,0,0,0,0,0,0,0,2.760000003501773,0,0,0,0,0,1,0,0,0,0,0
bfa,342001.0,2021,342.0,1,2,470.9477,677.4823,2,1,1,1,1,1,0,0,1,0,0,0,0,1,0,0,1,0,0,0,1.0797816514968872,0,0,0,0,0,0,0,1,0,0,0
bfa,342032.0,2021,342.0,32,2,470.9477,677.4823,2,1,1,1,1,1,0,0,1,0,0,0,0,1,0,0,0,0,0,0,0.7799999713897705,0,6,0,0,0,0,1,0,0,0,0
bfa,342087.0,2021,342.0,87,2,470.9477,677.4823,2,1,1,1,1,1,0,0,1,0,0,0,0,1,0,0,0,0,0,1,,0,0,0,0,0,1,0,1,0,0,0
bfa,342090.0,2021,342.0,90,2,470.9477,677.4823,2,1,1,1,0,0,0,0,1,1,0,1,0,1,0,0,0,0,1,0,,0,4,0,0,4,1,0,0,1,0,0
bfa,342093.0,2021,342.0,93,2,470.9477,677.4823,2,1,1,1,1,1,0,0,0,0,0,0,0,0,0,0,0,0,0,0,,0,0,0,0,0,0,1,1,1,0,0
bfa,342113.0,2021,342.0,113,2,470.9477,677.4823,2,1,1,0,1,1,0,0,1,0,0,0,0,0,0,0,0,0,0,0,3.940000057220459,0,3,0,0,36,0,1,1,0,1,0
bfa,343061.0,2021,343.0,61,1,1402.596,2054.7437,2,1,1,1,0,0,0,0,1,0,0,0,0,0,0,0,0,0,0,0,3.679253786802292,0,15,2,0,18,0,1,1,0,0,0
bfa,343074.0,2021,343.0,74,1,1402.596,2054.7437,2,1,1,1,0,0,0,0,1,0,0,0,0,0,0,0,0,0,0,0,1.5216805338859558,0,0,0,0,3,0,0,0,0,0,0
bfa,343081.0,2021,343.0,81,1,1402.596,2054.7437,2,1,1,1,1,1,0,0,1,0,0,0,0,0,0,0,0,0,0,0,8.1757892370224,5,46,4,0,106,1,1,1,1,0,0
bfa,343100.0,2021,343.0,100,1,1402.596,2054.7437,2,1,1,0,1,1,0,0,1,0,0,0,0,0,0,0,0,0,0,0,4.465698957443237,3,0,0,0,53,0,0,1,0,0,0
bfa,343129.0,2021,343.0,129,1,1402.596,2054.7437,2,1,1,1,0,0,0,0,1,0,0,0,0,0,0,0,0,0,0,0,11.674749165773392,12,40,3,0,131,0,1,0,1,1,0
bfa,343156.0,2021,343.0,156,1,1402.596,2054.7437,2,1,1,0,1,1,0,0,1,0,0,0,0,0,0,0,0,0,0,0,4.042233824729919,0,0,0,0,6,1,0,0,0,0,0
bfa,344023.0,2021,344.0,23,1,1328.001,2359.034,2,0,1,0,1,1,0,0,0,0,0,0,0,0,0,0,0,0,0,0,4.695321515202522,0,11,11,0,53,1,1,1,0,0,0
bfa,344032.0,2021,344.0,32,1,1328.001,2359.034,2,1,0,0,1,1,0,0,1,0,0,0,0,0,0,0,0,0,0,0,6.700342491269112,6,20,8,0,146,1,1,1,1,0,0
bfa,344041.0,2021,344.0,41,1,1328.001,2359.034,2,1,1,0,0,0,0,0,0,0,0,0,0,0,0,0,0,0,0,0,4.807100057601929,0,0,0,0,23,0,0,1,0,1,0
bfa,344050.0,2021,344.0,50,1,1328.001,2359.034,2,1,1,1,1,1,0,0,0,0,0,0,0,0,0,0,0,0,0,0,2.419574499130249,0,0,0,0,6,0,1,1,0,0,0
bfa,344070.0,2021,344.0,70,1,1328.001,2359.034,2,1,1,1,1,1,0,0,1,0,0,0,0,0,0,0,0,0,0,0,0.7300000116229057,0,15,0,0,39,1,1,0,0,0,0
bfa,344130.0,2021,344.0,130,1,1328.001,2359.034,2,1,1,0,0,0,0,0,0,0,0,0,0,0,0,0,0,0,0,0,,0,0,4,0,10,1,1,0,0,0,0
bfa,345037.0,2021,345.0,37,1,872.8871,1593.5342,2,1,0,0,1,1,0,0,0,0,0,0,0,0,0,0,0,0,0,0,11.51631173491478,21,20,0,0,25,0,1,1,1,0,0
bfa,345071.0,2021,345.0,71,1,872.8871,1593.5342,2,1,0,0,1,1,0,0,0,0,0,0,0,0,0,0,0,0,0,0,9.64697527885437,7,0,0,0,6,0,1,0,0,0,0
bfa,345154.0,2021,345.0,154,1,872.8871,1593.5342,2,1,1,1,1,1,0,0,0,0,0,0,0,1,0,0,0,0,0,0,2.8608351349830627,5,25,0,0,40,1,1,1,0,0,0
bfa,345160.0,2021,345.0,160,1,872.8871,1593.5342,2,1,1,1,1,1,0,0,0,0,0,0,0,1,0,0,0,0,0,0,5.72370570898056,16,27,0,0,10,0,1,0,1,0,0
bfa,345174.0,2021,345.0,174,1,872.8871,1593.5342,2,1,0,0,1,1,0,0,0,0,0,0,0,0,0,0,0,0,0,0,6.473828911781311,0,6,0,0,20,1,0,1,0,0,0
bfa,345180.0,2021,345.0,180,1,872.8871,1593.5342,2,1,0,0,1,1,0,0,1,0,0,0,0,0,0,0,0,0,0,0,4.661361753940582,0,4,0,0,10,0,0,1,0,0,0
bfa,346009.0,2021,346.0,9,2,1440.3593,1624.1443,1,1,1,1,1,1,0,0,1,0,0,0,0,0,0,0,1,0,0,0,3.608943223953247,2,4,0,0,7,1,1,1,1,0,0
bfa,346038.0,2021,346.0,38,2,1440.3593,1624.1443,1,1,1,0,1,1,0,0,1,0,0,1,0,0,0,0,0,0,0,0,,0,7,0,0,1,0,1,0,0,0,0
bfa,346058.0,2021,346.0,58,2,1440.3593,1624.1443,3,1,1,1,1,1,1,1,0,1,0,0,0,1,0,0,1,0,1,0,,0,0,0,0,0,1,0,1,0,0,0
bfa,346148.0,2021,346.0,148,2,1440.3593,1624.1443,1,1,1,1,1,1,1,1,0,1,0,0,0,1,0,0,0,0,0,0,2.7681069374084473,0,5,9,0,10,1,0,1,0,0,0
bfa,346157.0,2021,346.0,157,2,1440.3593,1624.1443,1,1,1,1,0,0,1,1,0,0,0,0,0,1,0,1,1,0,1,0,,0,10,0,0,13,0,1,1,0,0,0
bfa,346173.0,2021,346.0,173,2,1440.3593,1624.1443,2,1,1,1,1,1,0,0,0,0,0,1,0,1,0,0,0,0,0,0,2.57815483212471,1,3,2,0,4,1,1,0,0,0,0
bfa,347014.0,2021,347.0,14,2,925.84674,1551.9556,2,1,1,0,1,1,0,0,1,0,0,0,0,0,0,0,0,0,0,0,2.397599995136261,0,6,0,0,5,1,0,1,0,0,0
bfa,347018.0,2021,347.0,18,2,925.84674,1551.9556,2,1,1,0,1,1,0,0,0,0,0,0,0,0,0,0,0,0,0,0,1.243713192641735,0,9,6,0,6,0,1,1,0,0,0
bfa,347035.0,2021,347.0,35,2,925.84674,1551.9556,2,1,1,0,1,1,0,0,0,0,0,0,0,0,0,0,0,0,0,0,3.363086700439453,0,0,0,0,15,0,1,1,0,0,0
bfa,347039.0,2021,347.0,39,2,925.84674,1551.9556,2,0,0,0,1,1,0,0,0,0,0,0,0,0,0,0,0,0,0,0,0.6000000089406967,0,0,0,0,0,1,1,0,1,0,0
bfa,347116.0,2021,347.0,116,2,925.84674,1551.9556,2,1,1,1,1,1,0,0,1,0,0,0,0,0,0,0,0,0,0,0,2.994700014591217,2,4,0,0,20,0,0,1,0,0,0
bfa,347118.0,2021,347.0,118,2,925.84674,1551.9556,2,1,1,1,1,1,0,0,0,0,0,0,0,0,0,0,0,0,0,0,2.3875460624694824,0,16,0,0,0,1,1,0,0,0,0
bfa,349023.0,2021,349.0,23,1,270.1469,416.5959,1,0,1,1,1,1,0,0,1,0,0,0,0,1,0,0,0,0,0,0,7.9687875509262085,0,9,0,0,21,0,1,1,0,0,0
bfa,349084.0,2021,349.0,84,1,270.1469,416.5959,1,1,1,1,1,1,1,1,0,1,0,1,1,0,0,0,0,0,0,0,,0,0,0,0,0,0,0,1,0,0,0
bfa,349088.0,2021,349.0,88,1,270.1469,416.5959,1,1,1,1,1,1,1,1,0,0,1,0,0,1,0,0,0,1,1,0,,0,0,0,0,62,0,0,0,0,0,0
bfa,349096.0,2021,349.0,96,1,270.1469,416.5959,2,1,1,1,1,0,0,0,0,0,0,0,0,0,0,0,0,0,0,0,4.301599234342575,0,0,0,0,0,1,1,1,0,0,0
bfa,349099.0,2021,349.0,99,1,270.1469,416.5959,3,1,1,1,1,1,0,0,1,0,0,0,0,1,0,0,0,0,1,0,,0,0,0,0,0,0,0,1,0,0,0
bfa,349152.0,2021,349.0,152,1,270.1469,416.5959,3,1,1,1,1,1,0,0,1,0,0,0,0,0,0,0,0,0,0,0,4.50713586807251,0,10,0,0,8,0,1,1,0,0,0
bfa,350008.0,2021,350.0,8,2,159.87144,196.81696,2,0,1,1,1,1,0,0,1,0,0,0,0,0,0,0,0,0,0,0,2.0968704223632812,0,4,0,0,4,0,1,1,0,0,0
bfa,350015.0,2021,350.0,15,2,159.87144,196.81696,2,1,1,0,1,1,0,0,1,0,0,0,0,0,0,0,0,0,0,0,7.814403533935547,0,5,0,0,25,1,1,1,0,0,0
bfa,350052.0,2021,350.0,52,2,159.87144,196.81696,2,0,1,1,1,1,0,0,1,0,0,0,0,0,0,0,0,0,0,0,2.285227417945862,0,4,0,0,0,0,0,0,0,0,0
bfa,350059.0,2021,350.0,59,2,159.87144,196.81696,2,1,0,0,1,1,0,0,1,0,0,0,0,0,0,0,0,0,0,0,1.8965944051742554,0,0,0,0,12,1,1,1,0,0,0
bfa,350070.0,2021,350.0,70,2,159.87144,196.81696,2,1,1,1,1,1,0,0,0,0,0,0,0,1,1,0,0,0,1,0,1.0614025592803955,47,0,0,0,0,0,0,1,0,0,0
bfa,350118.0,2021,350.0,118,2,159.87144,196.81696,2,1,1,1,1,0,0,0,0,0,0,0,0,0,0,0,0,0,0,0,10.003541946411133,20,27,30,0,27,1,1,1,0,0,0
bfa,351077.0,2021,351.0,77,2,153.85307,142.49124,2,0,0,0,1,1,0,0,1,1,0,0,0,0,0,0,0,0,0,0,2.139550268650055,0,6,0,0,5,0,1,0,0,0,0
bfa,351090.0,2021,351.0,90,2,153.85307,142.49124,2,0,0,0,1,0,0,0,0,0,0,0,0,0,0,0,0,0,0,0,4.723606914281845,0,7,0,0,28,1,1,1,0,0,0
bfa,351092.0,2021,351.0,92,2,153.85307,142.49124,2,0,0,0,1,1,0,0,1,0,0,0,0,0,0,0,0,0,0,0,2.067582428455353,0,3,0,0,0,0,1,0,0,0,0
bfa,351143.0,2021,351.0,143,2,153.85307,142.49124,2,0,0,0,1,0,0,0,0,0,0,0,0,0,0,0,0,0,0,0,6.407160043716431,1,0,0,0,0,1,1,1,0,0,0
bfa,351149.0,2021,351.0,149,2,153.85307,142.49124,2,0,0,0,1,0,0,0,0,0,0,0,0,0,0,0,0,0,0,0,0.7540000081062317,0,2,0,0,5,1,1,1,0,0,0
bfa,351150.0,2021,351.0,150,2,153.85307,142.49124,2,0,0,0,0,0,0,0,0,0,0,0,0,0,0,0,0,0,0,0,2.7899999618530273,0,1,0,0,1,0,1,1,1,0,0
bfa,352001.0,2021,352.0,1,1,613.6357,1166.5768,2,0,1,0,1,0,0,0,0,0,0,0,0,0,0,0,0,0,0,0,3.1399459838867188,0,23,0,0,13,0,1,0,0,0,0
bfa,352013.0,2021,352.0,13,1,613.6357,1166.5768,2,0,1,1,1,1,0,0,1,0,0,0,0,0,0,0,0,0,0,0,3.26599982380867,0,6,0,0,30,0,1,1,0,0,0
bfa,352036.0,2021,352.0,36,1,613.6357,1166.5768,2,1,0,0,1,1,0,0,0,0,0,0,0,0,0,0,0,0,0,0,2.6639499068260193,15,15,0,0,7,0,1,1,0,0,0
bfa,352048.0,2021,352.0,48,1,613.6357,1166.5768,2,1,1,0,1,1,0,0,0,0,0,0,0,0,0,0,0,0,0,0,9.431954443454742,0,10,0,0,12,0,1,1,0,0,0
bfa,352051.0,2021,352.0,51,1,613.6357,1166.5768,4,1,0,0,1,1,0,0,0,0,0,0,0,0,0,0,0,0,0,0,3.819768786430359,0,6,0,0,4,1,1,1,1,0,0
bfa,352054.0,2021,352.0,54,1,613.6357,1166.5768,2,0,1,1,1,1,0,0,1,0,0,0,0,0,0,0,0,0,0,0,0.4000000059604645,0,13,0,0,63,1,1,1,0,0,0
bfa,353015.0,2021,353.0,15,1,424.00992,794.9437,2,1,1,1,1,0,0,0,1,0,0,0,0,1,0,0,0,0,0,0,16.132694005966187,27,80,0,0,255,1,1,1,1,0,0
bfa,353028.0,2021,353.0,28,1,424.00992,794.9437,2,1,1,0,1,1,0,0,0,0,0,0,0,0,0,0,0,0,0,0,3.2030000388622284,0,0,0,0,8,1,1,1,0,0,0
bfa,353036.0,2021,353.0,36,1,424.00992,794.9437,2,1,1,1,1,1,0,0,1,0,1,0,0,1,0,1,1,1,1,1,0.6486784219741821,0,0,0,0,27,0,0,1,0,0,0
bfa,353058.0,2021,353.0,58,1,424.00992,794.9437,2,1,0,0,0,0,0,0,0,0,0,0,0,0,0,0,0,0,0,0,1.4430413246154785,0,3,0,0,0,0,1,1,0,0,0
bfa,353064.0,2021,353.0,64,1,424.00992,794.9437,2,1,1,1,1,1,0,0,1,0,1,0,0,1,0,0,0,0,0,0,2.6412429809570312,0,0,0,0,12,0,1,0,0,0,0
bfa,353071.0,2021,353.0,71,1,424.00992,794.9437,3,0,1,1,0,0,0,0,1,0,0,1,1,0,0,0,1,0,0,0,0.40189382433891296,0,0,0,0,110,0,0,0,0,0,0
bfa,354007.0,2021,354.0,7,1,502.77594,1022.09595,2,1,1,1,1,1,0,0,1,0,0,0,0,0,0,0,0,0,0,0,4.25716307759285,0,10,0,0,0,0,1,1,0,0,0
bfa,354010.0,2021,354.0,10,1,502.77594,1022.09595,2,1,1,0,0,0,0,0,0,0,0,0,0,0,0,0,0,0,0,0,2.8898129165172577,4,4,4,0,0,1,0,1,0,0,0
bfa,354012.0,2021,354.0,12,1,502.77594,1022.09595,4,1,0,0,1,0,0,0,0,0,1,0,0,0,0,0,0,0,0,0,,0,6,0,0,13,0,0,0,0,0,0
bfa,354030.0,2021,354.0,30,1,502.77594,1022.09595,2,1,1,1,1,1,0,0,1,0,0,0,0,0,0,0,0,0,0,0,3.217818319797516,10,9,0,0,28,0,0,1,0,0,0
bfa,354041.0,2021,354.0,41,1,502.77594,1022.09595,2,1,1,1,1,1,0,0,1,0,1,0,0,0,0,0,0,0,0,0,6.329999931156635,0,0,0,0,30,1,1,1,0,0,0
bfa,354085.0,2021,354.0,85,1,502.77594,1022.09595,2,1,1,1,1,1,0,0,1,0,0,0,0,0,0,0,0,0,0,0,2.370000049471855,0,0,0,0,0,0,0,1,0,0,0
bfa,355002.0,2021,355.0,2,1,684.4128,1756.7274,2,0,1,1,1,1,0,0,0,0,0,0,0,0,0,0,0,0,0,0,3.1587462425231934,0,4,0,0,14,1,1,1,0,0,0
bfa,355030.0,2021,355.0,30,1,684.4128,1756.7274,2,1,0,0,1,0,0,0,1,0,0,0,0,0,0,0,0,0,0,0,1.055061511695385,0,8,0,0,10,1,0,0,1,0,0
bfa,355045.0,2021,355.0,45,1,684.4128,1756.7274,2,0,1,0,1,1,0,0,0,0,0,0,0,0,0,0,0,0,0,0,3.2730873227119446,0,6,0,0,0,0,0,1,0,0,0
bfa,355055.0,2021,355.0,55,1,684.4128,1756.7274,2,1,1,1,1,1,0,0,0,0,0,0,0,0,0,0,0,0,0,0,3.9339001178741455,5,40,0,0,8,0,1,1,0,0,0
bfa,355062.0,2021,355.0,62,1,684.4128,1756.7274,2,0,0,0,0,0,0,0,1,0,0,0,0,0,0,0,0,0,0,0,2.8469093441963196,0,4,0,0,8,1,1,1,0,0,0
bfa,355075.0,2021,355.0,75,1,684.4128,1756.7274,2,1,1,0,0,1,0,0,1,0,0,0,0,0,0,0,0,0,0,0,2.5092748403549194,0,23,0,0,29,1,0,1,0,0,0
bfa,356006.0,2021,356.0,6,2,1414.4695,3681.9082,2,1,0,0,0,1,0,0,1,0,0,0,0,0,0,0,0,0,0,0,1.7699533700942993,0,0,0,0,22,0,1,1,0,0,0
bfa,356037.0,2021,356.0,37,2,1414.4695,3681.9082,2,0,1,1,1,1,0,0,1,0,0,0,0,0,0,0,0,0,0,0,0.4000000059604645,0,0,0,0,3,0,0,1,0,0,0
bfa,356044.0,2021,356.0,44,2,1414.4695,3681.9082,2,1,0,0,1,0,0,0,0,0,0,0,0,0,0,0,0,0,0,0,2.7079999446868896,0,8,0,0,20,1,1,1,0,0,0
bfa,356052.0,2021,356.0,52,2,1414.4695,3681.9082,2,0,1,1,1,1,0,0,1,0,0,0,0,0,0,0,0,0,0,0,2.0380489826202393,0,0,0,0,6,0,0,0,0,0,0
bfa,356063.0,2021,356.0,63,2,1414.4695,3681.9082,2,1,1,1,1,1,0,0,0,0,0,0,0,0,0,0,0,0,0,0,1.7300000190734863,0,5,0,0,15,1,1,1,0,0,0
bfa,356077.0,2021,356.0,77,2,1414.4695,3681.9082,2,1,0,0,0,0,0,0,0,0,0,0,0,0,0,0,0,0,0,0,2.652592420578003,0,0,0,0,10,1,1,1,0,0,0
bfa,357001.0,2021,357.0,1,2,229.81349,300.20703,1,1,1,1,1,1,1,1,0,1,1,0,0,1,0,0,0,0,1,1,,0,0,0,0,0,1,0,1,0,0,0
bfa,357005.0,2021,357.0,5,2,229.81349,300.20703,1,0,1,1,1,1,1,1,0,0,0,0,0,0,0,0,0,0,0,0,,0,0,0,0,0,0,0,1,0,0,0
bfa,357118.0,2021,357.0,118,2,229.81349,300.20703,1,0,1,1,1,1,0,0,1,0,0,0,0,0,0,0,0,0,0,0,,0,0,0,0,0,0,0,1,0,0,0
bfa,357177.0,2021,357.0,177,2,229.81349,300.20703,3,1,1,1,1,1,0,0,1,1,0,0,0,1,0,0,0,0,0,0,,0,0,0,0,0,0,0,1,0,0,0
bfa,357185.0,2021,357.0,185,2,229.81349,300.20703,1,1,1,1,1,1,1,1,0,0,1,0,0,1,0,0,0,0,1,0,,0,0,0,0,0,1,0,1,0,0,0
bfa,357197.0,2021,357.0,197,2,229.81349,300.20703,2,1,1,1,1,1,0,0,0,0,0,0,0,0,0,0,0,0,0,0,,0,0,0,0,0,0,0,1,0,0,0
bfa,358091.0,2021,358.0,91,1,252.73526,180.68109,1,1,1,1,1,1,1,1,0,0,0,0,1,1,0,0,0,0,1,0,,0,0,0,0,0,0,0,0,0,0,0
bfa,358101.0,2021,358.0,101,1,252.73526,180.68109,2,1,1,1,1,1,0,0,1,0,0,1,0,1,0,0,1,0,1,1,,0,0,0,0,0,0,0,0,0,0,0
bfa,358229.0,2021,358.0,229,1,252.73526,180.68109,1,1,1,1,1,1,1,0,1,0,1,0,0,1,0,0,0,0,1,0,,0,8,0,0,11,1,0,1,1,0,0
bfa,358230.0,2021,358.0,230,1,252.73526,180.68109,1,1,1,1,1,1,1,0,1,1,1,0,1,1,0,0,0,0,1,0,,0,0,0,0,0,1,0,0,1,0,0
bfa,358264.0,2021,358.0,264,1,252.73526,180.68109,1,1,1,1,1,1,1,1,0,1,1,0,0,1,1,0,1,0,1,0,,0,0,0,0,15,0,1,1,0,0,0
bfa,358277.0,2021,358.0,277,1,252.73526,180.68109,3,1,1,1,1,1,0,0,1,0,0,0,0,0,0,0,0,0,0,0,,0,0,0,0,4,1,0,1,0,0,0
bfa,359015.0,2021,359.0,15,2,205.67783,173.17166,1,1,1,1,1,1,1,1,0,0,1,0,0,1,0,0,0,0,1,0,,0,0,0,0,0,1,0,1,0,0,0
bfa,359061.0,2021,359.0,61,2,205.67783,173.17166,1,1,1,1,1,1,1,1,0,0,0,0,0,1,0,0,0,0,0,0,,0,0,0,0,0,0,0,1,0,0,0
bfa,359121.0,2021,359.0,121,2,205.67783,173.17166,3,1,1,1,1,1,0,1,0,0,0,0,0,1,0,0,0,0,0,0,,0,0,0,0,0,0,0,1,0,0,0
bfa,359203.0,2021,359.0,203,2,205.67783,173.17166,1,1,1,1,1,1,1,1,0,1,1,1,0,1,1,1,1,0,1,0,0.8531287312507629,0,5,0,0,20,0,1,1,0,0,0
bfa,359205.0,2021,359.0,205,2,205.67783,173.17166,1,1,1,1,1,1,1,1,0,0,0,0,0,1,0,1,0,0,1,0,0.49805501103401184,0,0,6,0,3,0,1,1,1,0,0
bfa,359264.0,2021,359.0,264,2,205.67783,173.17166,3,1,1,1,1,1,1,1,0,0,0,0,0,1,0,0,0,0,1,0,,0,0,0,0,12,0,0,1,0,0,0
bfa,360145.0,2021,360.0,145,1,283.05475,146.16936,1,1,1,1,1,1,1,0,1,0,1,0,0,1,0,0,0,1,1,0,,0,0,0,0,0,1,0,1,1,0,0
bfa,360178.0,2021,360.0,178,1,283.05475,146.16936,3,1,1,1,1,1,1,0,1,0,1,0,0,1,0,1,0,1,1,0,,0,0,0,0,0,0,0,1,0,0,0
bfa,360183.0,2021,360.0,183,1,283.05475,146.16936,3,1,1,1,1,1,1,1,0,1,1,1,1,0,0,0,0,0,0,0,,0,0,0,0,0,0,0,1,0,0,0
bfa,360184.0,2021,360.0,184,1,283.05475,146.16936,1,1,1,1,1,1,1,1,0,1,0,0,0,1,1,1,1,1,1,1,,0,0,0,0,2,0,0,1,0,0,0
bfa,360229.0,2021,360.0,229,1,283.05475,146.16936,1,1,1,1,1,1,1,1,0,0,1,1,1,1,0,0,0,0,0,0,,0,0,0,0,0,0,0,0,0,0,0
bfa,360230.0,2021,360.0,230,1,283.05475,146.16936,3,1,1,1,1,1,1,1,0,0,0,0,0,1,1,1,1,1,1,0,0.8090954422950745,0,0,0,0,0,0,1,1,1,0,0
bfa,361025.0,2021,361.0,25,1,61.495228,108.42559,2,1,1,1,1,1,1,1,0,0,0,0,0,1,0,0,1,0,1,0,,0,0,0,0,0,1,0,1,0,0,0
bfa,361049.0,2021,361.0,49,1,61.495228,108.42559,1,1,1,1,1,1,1,1,0,0,0,0,0,1,0,1,1,0,1,0,,0,16,0,0,33,1,0,1,0,0,0
bfa,361069.0,2021,361.0,69,1,61.495228,108.42559,3,1,1,1,1,1,0,0,0,1,0,0,0,0,0,0,0,0,1,0,,0,0,0,0,0,1,0,0,0,0,0
bfa,361070.0,2021,361.0,70,1,61.495228,108.42559,1,1,1,1,1,1,1,1,0,1,1,1,0,1,0,0,1,0,1,0,,0,0,0,0,0,0,1,1,0,0,0
bfa,361097.0,2021,361.0,97,1,61.495228,108.42559,2,0,1,1,1,1,0,0,1,1,0,0,0,0,0,0,0,0,0,0,,0,0,0,0,0,0,0,0,0,0,0
bfa,361102.0,2021,361.0,102,1,61.495228,108.42559,1,1,1,1,1,1,0,0,1,0,1,1,0,1,0,0,1,0,1,0,,0,0,0,0,0,0,0,1,0,0,0
bfa,362054.0,2021,362.0,54,1,130.17061,111.455505,3,0,1,1,1,1,1,1,0,0,0,0,0,1,0,0,0,0,0,0,,0,0,0,0,0,0,0,0,0,0,0
bfa,362093.0,2021,362.0,93,1,130.17061,111.455505,1,0,1,1,1,1,0,0,0,0,0,0,0,0,0,0,0,0,0,0,,0,0,0,0,9,0,0,0,0,0,0
bfa,362098.0,2021,362.0,98,1,130.17061,111.455505,1,1,1,1,1,1,1,0,1,0,0,1,0,1,0,0,0,1,0,0,,0,0,0,0,7,1,1,0,0,0,0
bfa,362113.0,2021,362.0,113,1,130.17061,111.455505,2,1,1,1,1,1,1,0,1,0,0,0,0,1,0,0,0,0,0,0,,0,0,0,0,5,1,1,1,0,0,0
bfa,362136.0,2021,362.0,136,1,130.17061,111.455505,1,1,1,1,1,1,1,1,0,0,0,0,0,1,0,0,0,0,1,0,,0,0,0,0,0,1,0,1,1,0,0
bfa,362174.0,2021,362.0,174,1,130.17061,111.455505,1,1,1,1,1,1,1,1,0,1,1,1,0,1,0,1,1,1,1,0,,100,0,0,0,15,0,1,1,0,0,0
bfa,363028.0,2021,363.0,28,2,107.48252,175.42212,1,1,1,1,1,1,1,1,0,1,0,0,0,1,0,1,1,1,1,0,,0,0,0,0,0,0,0,1,0,0,0
bfa,363031.0,2021,363.0,31,2,107.48252,175.42212,3,1,1,1,1,1,1,1,0,0,0,0,0,1,1,1,1,0,1,0,,0,0,0,0,0,0,0,1,0,1,0
bfa,363117.0,2021,363.0,117,2,107.48252,175.42212,2,0,0,0,1,1,0,0,0,0,0,0,0,0,0,0,0,0,0,0,2.701800063252449,0,35,0,0,6,0,1,1,0,0,0
bfa,363128.0,2021,363.0,128,2,107.48252,175.42212,2,1,1,1,1,1,0,0,0,0,0,0,0,0,0,0,0,0,0,0,,0,0,0,0,0,0,0,1,0,0,0
bfa,363155.0,2021,363.0,155,2,107.48252,175.42212,2,1,1,1,1,1,0,0,1,0,0,0,0,0,0,0,0,0,0,0,2.1283209323883057,0,0,0,0,0,1,1,1,0,0,0
bfa,363222.0,2021,363.0,222,2,107.48252,175.42212,1,1,1,1,1,1,0,0,1,1,0,0,0,1,0,0,1,0,1,0,,0,0,0,0,10,1,0,1,0,0,0
bfa,364001.0,2021,364.0,1,1,659.4747,1418.8953,2,0,0,0,1,1,0,0,0,0,0,0,0,0,0,0,0,0,0,0,5.600141763687134,0,5,0,0,53,1,1,1,0,0,0
bfa,364008.0,2021,364.0,8,1,659.4747,1418.8953,2,1,1,1,0,0,0,0,0,0,0,0,0,0,0,0,0,0,0,0,1.493899941444397,0,15,0,0,40,0,1,1,0,0,0
bfa,364061.0,2021,364.0,61,1,659.4747,1418.8953,2,0,0,0,1,1,0,0,1,0,0,0,0,0,0,0,0,0,0,0,2.433955669403076,0,0,0,0,5,0,1,0,0,0,0
bfa,364073.0,2021,364.0,73,1,659.4747,1418.8953,2,0,1,1,1,1,0,0,1,0,0,0,0,0,0,0,0,0,0,0,0.49000000953674316,0,23,6,0,44,0,1,0,0,0,0
bfa,364122.0,2021,364.0,122,1,659.4747,1418.8953,2,1,0,0,0,0,0,0,0,0,0,0,0,0,0,0,0,0,0,0,0.9025000035762787,0,0,0,0,11,0,1,1,0,0,0
bfa,364128.0,2021,364.0,128,1,659.4747,1418.8953,2,1,0,0,1,0,0,0,0,0,0,0,0,0,0,0,0,0,0,0,0.6019999980926514,0,0,0,0,18,1,1,1,1,0,0
bfa,365022.0,2021,365.0,22,2,346.22418,1337.8156,2,1,1,1,1,1,0,0,1,0,0,0,0,0,0,0,0,0,0,0,2.9937667846679688,0,0,0,0,12,0,1,1,0,0,0
bfa,365025.0,2021,365.0,25,2,346.22418,1337.8156,2,0,1,1,1,1,0,0,1,0,0,0,0,0,0,0,0,0,0,0,3.9807149171829224,5,9,0,0,20,0,1,0,0,0,0
bfa,365030.0,2021,365.0,30,2,346.22418,1337.8156,2,1,1,1,1,1,0,0,1,0,0,0,0,0,0,0,0,0,0,0,2.591708242893219,0,22,0,0,19,0,1,0,0,0,0
bfa,365036.0,2021,365.0,36,2,346.22418,1337.8156,2,0,0,0,1,1,0,0,1,0,0,0,0,0,0,0,0,0,0,0,1.6500000357627869,0,5,0,0,8,1,1,1,0,0,0
bfa,365044.0,2021,365.0,44,2,346.22418,1337.8156,2,1,1,0,1,1,0,0,0,0,0,0,0,0,0,0,0,0,0,0,4.860000014305115,0,13,0,0,30,0,1,1,0,0,0
bfa,365051.0,2021,365.0,51,2,346.22418,1337.8156,2,1,1,0,1,1,0,0,0,0,0,0,0,0,0,0,0,0,0,0,4.730000019073486,0,40,2,0,40,1,1,1,0,0,0
bfa,366026.0,2021,366.0,26,1,482.5999,1694.4636,1,1,1,1,1,1,0,0,1,0,0,0,0,1,0,0,0,0,1,0,,0,0,0,0,9,1,1,0,1,0,0
bfa,366029.0,2021,366.0,29,1,482.5999,1694.4636,2,1,1,1,1,1,0,0,1,0,0,0,0,1,0,0,0,0,1,0,3.700000047683716,0,35,0,0,160,0,1,1,0,0,0
bfa,366034.0,2021,366.0,34,1,482.5999,1694.4636,2,1,1,1,1,1,0,0,1,0,0,0,0,1,0,0,0,0,1,0,0.8827956318855286,0,0,0,0,30,0,0,1,0,0,0
bfa,366068.0,2021,366.0,68,1,482.5999,1694.4636,4,1,1,1,1,1,0,0,1,0,0,0,0,0,0,0,0,0,0,0,,0,0,0,0,0,1,1,0,1,0,0
bfa,366072.0,2021,366.0,72,1,482.5999,1694.4636,2,1,1,1,1,1,0,0,1,0,0,0,0,0,0,0,0,0,0,0,3.2418259382247925,0,31,0,0,13,1,1,1,0,0,0
bfa,367020.0,2021,367.0,20,1,758.7143,2485.6382,2,1,0,1,1,1,0,0,0,0,0,0,0,0,0,0,0,0,0,0,1.1916537880897522,0,0,0,0,0,0,1,0,0,0,0
bfa,367055.0,2021,367.0,55,1,758.7143,2485.6382,2,1,1,0,1,0,0,0,0,0,0,0,0,0,0,0,0,0,0,0,1.8648203015327454,0,0,15,0,40,1,0,1,0,0,0
bfa,367075.0,2021,367.0,75,1,758.7143,2485.6382,2,1,1,1,1,1,0,0,1,0,0,0,0,0,0,0,0,0,0,0,6.469999987632036,0,0,0,0,0,0,1,0,0,0,0
bfa,367089.0,2021,367.0,89,1,758.7143,2485.6382,2,1,1,1,1,1,0,0,0,0,0,0,0,0,0,0,0,0,0,0,1.842313826084137,0,5,3,0,16,0,0,1,0,0,0
bfa,367091.0,2021,367.0,91,1,758.7143,2485.6382,2,1,1,1,1,1,0,0,1,0,0,0,0,0,0,0,0,0,0,0,2.9289844036102295,0,0,0,0,10,0,1,0,0,1,0
bfa,368024.0,2021,368.0,24,1,302.00723,514.327,2,0,1,1,1,1,0,0,1,0,0,0,0,0,0,0,0,0,0,0,11.307534217834473,0,10,0,0,8,0,1,0,0,0,0
bfa,368025.0,2021,368.0,25,1,302.00723,514.327,2,1,1,0,1,1,0,0,0,0,0,0,0,0,0,0,0,0,0,0,3.53098663687706,0,8,0,0,5,0,1,1,0,0,0
bfa,368026.0,2021,368.0,26,1,302.00723,514.327,2,1,1,1,1,1,0,0,0,0,0,0,0,0,0,0,0,0,0,0,3.6581529080867767,0,0,0,0,12,0,1,0,0,0,0
bfa,368027.0,2021,368.0,27,1,302.00723,514.327,2,0,1,1,1,1,0,0,1,0,0,0,0,0,0,0,0,0,0,0,4.85328996181488,0,8,0,0,6,0,1,0,0,0,0
bfa,368080.0,2021,368.0,80,1,302.00723,514.327,2,1,1,1,1,0,0,0,0,0,0,0,0,0,0,0,0,0,0,0,6.050658226013184,20,18,0,0,43,1,1,1,0,0,0
bfa,368081.0,2021,368.0,81,1,302.00723,514.327,2,1,1,1,1,0,0,0,0,0,0,0,0,0,0,0,0,0,0,0,7.6907408237457275,0,10,0,0,15,1,1,1,0,0,0
bfa,370026.0,2021,370.0,26,2,888.577,1600.3065,2,1,1,1,1,1,0,0,0,0,0,0,0,0,0,0,0,0,0,0,2.7981001138687134,0,0,0,0,0,0,1,1,0,0,0
bfa,370030.0,2021,370.0,30,2,888.577,1600.3065,2,1,1,0,1,1,0,0,1,0,0,0,0,0,0,0,0,0,0,0,8.169999718666077,0,0,0,0,45,1,0,1,0,0,0
bfa,370045.0,2021,370.0,45,2,888.577,1600.3065,2,1,0,0,1,1,0,0,0,0,0,0,0,0,0,0,0,0,0,0,3.9674001038074493,0,0,0,0,0,0,0,1,0,0,0
bfa,370097.0,2021,370.0,97,2,888.577,1600.3065,2,1,0,0,0,0,0,0,1,0,0,0,0,0,0,0,0,0,0,0,1.780000001192093,0,6,0,0,10,1,0,1,0,0,0
bfa,370105.0,2021,370.0,105,2,888.577,1600.3065,2,1,1,0,0,0,0,0,0,0,0,0,0,0,0,0,0,0,0,0,6.057759761810303,0,3,0,0,6,1,1,1,0,0,0
bfa,370130.0,2021,370.0,130,2,888.577,1600.3065,2,0,1,0,0,0,0,0,0,0,0,0,0,0,0,0,0,0,0,0,1.309999942779541,0,0,0,0,5,0,1,1,0,0,0
bfa,371014.0,2021,371.0,14,2,804.66174,1524.2194,2,0,1,1,1,1,0,0,1,0,0,0,0,0,0,0,0,0,0,0,2.744008421897888,0,7,0,0,2,0,1,0,0,0,0
bfa,371065.0,2021,371.0,65,2,804.66174,1524.2194,2,1,1,0,1,1,0,0,0,0,0,0,0,0,0,0,0,0,0,0,6.018237113952637,15,23,0,0,52,0,1,1,0,0,0
bfa,371073.0,2021,371.0,73,2,804.66174,1524.2194,2,1,0,0,1,1,0,0,1,0,0,0,0,0,0,0,0,0,0,0,2.1477412581443787,0,17,0,0,19,1,1,1,0,0,0
bfa,371098.0,2021,371.0,98,2,804.66174,1524.2194,2,0,1,1,1,1,0,0,1,0,0,0,0,0,0,0,0,0,0,0,8.132867932319641,9,16,0,0,20,0,0,0,0,0,0
bfa,371116.0,2021,371.0,116,2,804.66174,1524.2194,2,1,1,1,1,1,0,0,0,0,0,0,0,0,0,0,0,0,0,0,3.631505012512207,0,6,0,0,0,0,1,1,1,0,0
bfa,371119.0,2021,371.0,119,2,804.66174,1524.2194,2,1,1,1,1,1,0,0,1,0,0,0,0,0,0,0,0,0,0,0,2.501821994781494,5,0,0,0,20,1,1,1,0,0,0
bfa,372020.0,2021,372.0,20,1,167.90108,85.41622,1,1,1,1,1,1,1,1,0,1,0,0,0,1,0,0,0,0,1,0,,0,0,0,0,0,1,0,1,0,0,0
bfa,372021.0,2021,372.0,21,1,167.90108,85.41622,3,1,1,1,1,1,1,1,0,1,0,0,1,0,0,0,0,0,0,0,,0,0,0,0,0,1,0,0,0,0,0
bfa,372043.0,2021,372.0,43,1,167.90108,85.41622,1,1,1,1,1,1,1,1,0,1,0,0,0,1,0,0,0,0,0,0,,0,0,0,0,0,0,0,1,0,0,0
bfa,372107.0,2021,372.0,107,1,167.90108,85.41622,3,1,1,1,1,1,1,1,0,0,1,1,0,1,0,1,0,1,1,0,,0,0,0,0,0,0,0,1,0,0,0
bfa,372111.0,2021,372.0,111,1,167.90108,85.41622,1,1,1,1,1,1,1,1,0,1,0,0,0,1,0,0,0,0,1,0,,0,36,0,0,0,0,0,1,1,0,0
bfa,372117.0,2021,372.0,117,1,167.90108,85.41622,1,1,1,1,1,1,0,0,1,0,0,0,0,0,0,0,0,0,0,0,,0,0,0,0,0,0,0,1,0,0,0
bfa,373073.0,2021,373.0,73,1,440.1043,259.02795,3,1,1,1,1,1,0,1,0,1,0,0,0,1,0,0,0,0,0,0,,0,0,0,0,0,1,0,0,0,0,0
bfa,373077.0,2021,373.0,77,1,440.1043,259.02795,1,0,1,1,1,1,1,1,0,0,0,0,0,0,0,0,0,0,0,0,,0,0,0,0,0,0,0,1,0,0,0
bfa,373086.0,2021,373.0,86,1,440.1043,259.02795,1,1,1,1,1,1,1,1,0,1,1,1,1,1,1,1,0,0,1,0,,0,0,0,0,0,1,0,0,0,0,0
bfa,373214.0,2021,373.0,214,1,440.1043,259.02795,2,1,1,1,1,1,0,0,1,0,1,0,0,0,0,0,0,0,0,0,1.1417359113693237,0,0,0,0,0,0,0,1,0,0,0
bfa,373246.0,2021,373.0,246,1,440.1043,259.02795,2,1,1,1,1,1,0,0,1,0,0,0,0,0,0,0,0,0,0,0,,0,0,0,0,0,0,0,0,0,0,0
bfa,373247.0,2021,373.0,247,1,440.1043,259.02795,1,1,1,1,1,1,0,0,1,0,0,0,0,0,0,0,0,0,0,0,,0,0,0,0,0,1,0,1,0,0,0
bfa,374110.0,2021,374.0,110,2,326.7441,151.33578,1,1,1,1,1,1,1,1,0,1,0,1,1,1,0,0,0,0,1,0,2.0196845531463623,0,3,0,0,3,1,0,1,0,0,0
bfa,374115.0,2021,374.0,115,2,326.7441,151.33578,1,1,1,1,1,1,1,1,0,1,0,1,1,1,0,1,0,1,1,1,,0,0,0,0,0,0,0,1,0,0,0
bfa,374117.0,2021,374.0,117,2,326.7441,151.33578,3,1,1,1,1,1,1,1,0,1,0,0,0,1,0,1,0,1,0,0,,0,0,0,0,0,0,0,1,0,0,0
bfa,374119.0,2021,374.0,119,2,326.7441,151.33578,1,1,1,1,1,1,1,1,0,0,0,0,0,1,0,0,0,0,0,0,0.7264841794967651,0,0,0,0,0,0,1,1,0,0,0
bfa,374139.0,2021,374.0,139,2,326.7441,151.33578,1,1,1,1,1,1,1,1,0,1,0,0,0,1,0,0,0,0,1,0,,0,0,0,0,0,1,0,0,0,0,0
bfa,374147.0,2021,374.0,147,2,326.7441,151.33578,1,1,1,0,1,1,1,1,0,1,0,0,0,1,0,0,0,0,0,0,,0,0,0,0,0,1,0,1,0,0,0
bfa,375041.0,2021,375.0,41,2,139.64848,68.41206,1,1,1,1,1,1,1,1,0,1,1,0,0,0,0,0,0,0,0,0,,0,0,0,0,7,0,0,1,0,0,0
bfa,375048.0,2021,375.0,48,2,139.64848,68.41206,1,1,1,1,1,1,1,1,0,1,0,1,0,1,0,0,0,0,0,0,,0,0,0,0,0,0,0,1,0,0,0
bfa,375069.0,2021,375.0,69,2,139.64848,68.41206,1,1,1,1,1,1,1,1,0,1,1,0,0,1,0,1,1,0,1,1,,0,0,0,0,7,1,0,1,0,0,0
bfa,375071.0,2021,375.0,71,2,139.64848,68.41206,3,1,1,1,1,1,1,1,0,1,0,0,0,1,0,0,1,0,1,0,,0,0,0,0,0,1,0,1,0,0,0
bfa,375083.0,2021,375.0,83,2,139.64848,68.41206,4,1,1,1,1,1,1,1,0,1,0,0,0,1,0,0,0,0,0,0,,0,0,0,0,0,0,0,1,0,0,0
bfa,375099.0,2021,375.0,99,2,139.64848,68.41206,3,1,1,1,1,1,1,1,0,1,0,0,0,1,0,1,1,1,1,0,,0,0,0,0,0,0,0,1,0,0,0
bfa,376014.0,2021,376.0,14,1,340.82153,171.37569,3,1,1,1,1,1,1,1,0,1,0,0,0,1,0,0,0,0,1,0,,0,0,0,0,0,1,0,1,0,0,0
bfa,376150.0,2021,376.0,150,1,340.82153,171.37569,1,1,1,1,1,1,1,1,0,1,1,1,0,1,0,1,0,1,1,0,0.5285340547561646,0,0,0,0,0,0,1,1,0,0,0
bfa,376152.0,2021,376.0,152,1,340.82153,171.37569,3,1,1,1,1,1,1,1,0,1,0,0,0,1,0,1,0,0,1,1,,0,0,0,14,0,1,0,1,1,0,0
bfa,377015.0,2021,377.0,15,1,314.20062,547.5486,3,1,1,1,1,1,1,1,0,0,1,0,0,1,0,0,1,0,0,0,3.6038707494735718,0,35,0,0,50,0,0,0,0,0,0
bfa,377055.0,2021,377.0,55,1,314.20062,547.5486,2,1,1,0,1,1,0,0,1,0,0,0,0,0,0,0,0,0,0,0,2.8100000619888306,0,0,0,0,0,0,0,1,0,0,0
bfa,377075.0,2021,377.0,75,1,314.20062,547.5486,1,1,1,1,1,1,0,0,1,0,0,0,0,0,0,0,0,0,0,0,4.029173731803894,0,11,14,0,0,0,0,1,0,0,0
bfa,377088.0,2021,377.0,88,1,314.20062,547.5486,2,0,1,0,1,1,0,0,1,0,0,0,0,0,0,0,0,0,0,0,1.0780000165104866,0,5,0,0,4,0,0,1,0,0,0
bfa,377092.0,2021,377.0,92,1,314.20062,547.5486,2,1,1,1,1,1,0,0,1,0,0,0,0,0,0,0,0,0,0,0,2.527700036764145,0,4,0,0,43,0,0,1,0,0,0
bfa,377100.0,2021,377.0,100,1,314.20062,547.5486,2,1,1,0,1,1,0,0,1,0,0,0,0,0,0,0,0,0,0,0,1.1111753582954407,0,0,0,0,0,0,0,1,0,0,0
bfa,378026.0,2021,378.0,26,2,125.4596,131.87122,1,1,1,1,1,1,1,1,0,1,1,1,1,1,0,0,0,0,1,0,,0,0,0,0,0,0,0,1,0,0,0
bfa,378044.0,2021,378.0,44,2,125.4596,131.87122,3,1,1,1,1,1,0,0,1,0,0,0,0,0,0,0,0,0,0,0,,0,0,0,0,0,0,0,0,0,0,0
bfa,378096.0,2021,378.0,96,2,125.4596,131.87122,1,1,1,1,1,1,1,1,0,1,1,1,0,1,0,1,0,0,1,1,,0,0,0,0,13,0,0,1,0,0,0
bfa,378103.0,2021,378.0,103,2,125.4596,131.87122,1,1,1,1,1,1,1,0,1,1,0,0,0,1,0,0,0,0,0,0,,0,0,0,0,0,0,0,1,0,0,0
bfa,378104.0,2021,378.0,104,2,125.4596,131.87122,4,1,1,1,1,1,1,1,0,0,0,0,0,1,0,0,1,0,0,0,,0,0,0,0,0,0,0,1,0,0,0
bfa,378125.0,2021,378.0,125,2,125.4596,131.87122,3,1,1,1,1,1,1,1,0,0,0,0,0,1,0,0,0,0,1,0,,0,0,0,0,25,1,0,1,0,0,0
bfa,379047.0,2021,379.0,47,1,224.31123,188.02284,1,1,1,1,1,1,1,1,0,1,1,0,0,1,0,0,0,0,1,0,,0,11,0,4,36,0,0,1,0,0,0
bfa,379048.0,2021,379.0,48,1,224.31123,188.02284,4,1,1,1,1,1,0,0,1,0,1,0,0,0,0,0,0,0,0,0,,0,0,0,0,0,0,0,0,0,0,0
bfa,379066.0,2021,379.0,66,1,224.31123,188.02284,3,1,1,1,1,1,0,0,1,1,0,0,0,1,0,0,0,0,0,0,,0,0,0,0,0,0,0,0,0,0,0
bfa,379102.0,2021,379.0,102,1,224.31123,188.02284,2,1,1,1,1,1,0,0,1,0,0,0,0,0,0,0,0,0,0,0,,0,0,0,0,0,0,0,1,0,0,0
bfa,379146.0,2021,379.0,146,1,224.31123,188.02284,3,1,1,1,1,1,0,0,1,1,0,0,0,1,0,0,0,0,0,0,,0,0,0,0,0,1,0,1,0,0,0
bfa,379154.0,2021,379.0,154,1,224.31123,188.02284,2,1,1,1,1,1,1,1,0,1,0,0,0,1,0,0,1,0,1,0,,0,0,0,0,53,0,0,1,1,0,0
bfa,380058.0,2021,380.0,58,2,314.36023,120.07016,1,1,1,1,1,1,1,1,0,0,1,0,0,0,0,0,0,0,0,0,,0,0,0,0,0,0,0,1,0,0,0
bfa,380065.0,2021,380.0,65,2,314.36023,120.07016,3,1,1,1,1,1,0,0,1,0,1,0,0,1,0,0,0,0,0,0,,0,0,0,0,0,0,0,1,0,0,0
bfa,380137.0,2021,380.0,137,2,314.36023,120.07016,3,1,1,1,1,1,1,1,0,1,0,0,0,1,0,1,0,0,1,0,,0,0,0,0,0,0,0,1,0,0,0
bfa,380208.0,2021,380.0,208,2,314.36023,120.07016,1,1,1,1,1,1,1,1,0,1,1,0,0,1,0,0,0,0,0,0,,0,0,0,0,0,0,0,1,0,0,0
bfa,380209.0,2021,380.0,209,2,314.36023,120.07016,1,1,1,1,1,1,0,0,1,0,0,0,0,0,0,0,0,0,0,0,5.684648275375366,0,2,0,0,0,0,0,1,1,0,0
bfa,380210.0,2021,380.0,210,2,314.36023,120.07016,1,1,1,1,1,1,1,1,0,0,0,0,0,1,0,0,0,0,1,0,,0,0,0,0,0,0,0,0,0,0,0
bfa,381003.0,2021,381.0,3,1,412.5978,216.46005,3,1,1,1,1,1,0,0,0,0,0,0,0,0,0,0,0,0,0,0,,0,0,0,0,0,0,0,0,0,0,0
bfa,381010.0,2021,381.0,10,1,412.5978,216.46005,1,1,1,1,1,1,1,1,0,1,1,1,1,1,0,1,1,1,1,1,3.1046743392944336,0,0,0,0,20,0,0,1,0,0,0
bfa,381062.0,2021,381.0,62,1,412.5978,216.46005,2,1,1,1,1,1,1,1,0,1,1,1,1,1,0,1,1,0,1,0,,0,0,0,0,70,0,0,0,0,0,0
bfa,381074.0,2021,381.0,74,1,412.5978,216.46005,1,1,1,1,1,1,1,1,0,0,1,1,0,1,0,0,0,0,1,0,,0,0,0,0,0,0,0,0,0,0,0
bfa,381095.0,2021,381.0,95,1,412.5978,216.46005,3,1,1,1,1,1,1,1,0,1,1,1,0,1,0,1,1,1,1,0,,0,0,0,0,0,0,0,1,0,0,0
bfa,381096.0,2021,381.0,96,1,412.5978,216.46005,2,1,1,1,1,1,1,1,0,1,0,0,0,1,0,0,0,0,0,0,1.860241949558258,0,1,0,0,0,0,0,1,1,0,0
bfa,382024.0,2021,382.0,24,1,112.60482,119.45388,1,1,1,1,1,1,1,1,0,0,0,0,0,1,0,0,0,0,1,0,,0,0,0,0,0,0,0,1,0,0,0
bfa,382025.0,2021,382.0,25,1,112.60482,119.45388,2,1,1,1,1,1,0,0,1,0,0,0,0,0,0,0,0,0,0,0,0.7952502965927124,0,0,0,0,22,0,0,1,0,0,0
bfa,382072.0,2021,382.0,72,1,112.60482,119.45388,1,1,1,1,1,1,1,1,0,1,0,0,0,1,0,0,1,0,0,0,,0,0,0,0,0,0,0,0,0,0,0
bfa,382087.0,2021,382.0,87,1,112.60482,119.45388,3,1,1,1,1,1,0,1,0,0,0,0,0,0,0,0,0,0,0,0,,0,30,0,0,0,1,0,1,0,0,0
bfa,382109.0,2021,382.0,109,1,112.60482,119.45388,2,1,1,1,1,1,1,1,0,0,0,0,0,1,0,0,0,0,0,0,1.3611255884170532,0,0,0,0,10,0,0,1,0,0,0
bfa,382113.0,2021,382.0,113,1,112.60482,119.45388,2,1,1,1,1,1,0,0,1,0,0,0,0,0,0,0,0,0,0,0,,0,3,0,0,0,0,0,0,0,0,0
bfa,383054.0,2021,383.0,54,2,862.9209,1455.2787,3,1,1,1,1,1,1,1,0,0,1,1,0,0,0,0,0,0,0,0,,0,0,0,0,0,0,0,1,0,0,0
bfa,383055.0,2021,383.0,55,2,862.9209,1455.2787,3,1,1,1,0,0,0,0,0,0,0,0,0,0,0,0,0,0,0,0,,0,0,0,0,0,0,0,1,0,0,0
bfa,383056.0,2021,383.0,56,2,862.9209,1455.2787,4,1,1,0,1,1,1,1,0,0,1,0,0,1,0,0,0,0,0,0,1.1745331287384033,0,3,0,0,0,0,1,0,0,0,0
bfa,383062.0,2021,383.0,62,2,862.9209,1455.2787,3,1,1,1,0,0,1,1,0,0,0,0,0,0,0,0,0,0,0,0,,0,0,0,0,0,0,0,1,0,0,0
bfa,383123.0,2021,383.0,123,2,862.9209,1455.2787,3,1,1,1,1,1,1,1,0,0,0,0,0,1,0,0,0,0,0,0,,0,0,0,0,0,1,0,1,0,0,0
bfa,383124.0,2021,383.0,124,2,862.9209,1455.2787,3,1,1,1,1,1,1,1,0,0,0,0,0,1,0,0,0,0,0,0,,0,0,0,0,0,0,0,1,0,0,0
bfa,384022.0,2021,384.0,22,1,981.877,2774.4092,2,1,1,1,1,1,0,0,1,0,0,0,0,0,0,0,0,0,0,0,4.205390095710754,0,0,0,0,0,1,0,0,0,0,0
bfa,384048.0,2021,384.0,48,1,981.877,2774.4092,2,1,1,1,1,1,0,0,1,0,0,0,0,1,0,0,0,0,0,0,3.748859465122223,0,10,0,0,13,0,1,1,1,1,0
bfa,384071.0,2021,384.0,71,1,981.877,2774.4092,2,1,1,1,1,0,0,0,1,0,1,0,0,1,0,0,0,0,0,0,6.0330581068992615,0,23,0,0,0,0,0,0,0,0,0
bfa,384095.0,2021,384.0,95,1,981.877,2774.4092,2,1,1,1,1,0,0,0,1,0,1,0,0,0,0,0,0,0,0,0,6.083396732807159,0,12,0,0,0,0,0,1,0,0,0
bfa,384121.0,2021,384.0,121,1,981.877,2774.4092,2,1,1,1,1,0,0,0,1,0,0,0,0,1,0,0,0,0,1,0,7.608360648155212,0,0,0,0,73,0,1,1,1,1,0
bfa,384181.0,2021,384.0,181,1,981.877,2774.4092,1,1,1,1,0,0,0,0,1,0,1,0,0,0,0,0,0,0,0,0,2.666000545024872,0,15,0,0,30,0,0,1,0,0,0
bfa,385045.0,2021,385.0,45,1,497.89297,867.66406,2,1,1,1,1,1,0,0,1,0,0,0,0,0,0,0,0,0,0,0,7.9141528606414795,0,0,0,0,0,0,0,1,1,0,0
bfa,385057.0,2021,385.0,57,1,497.89297,867.66406,2,1,1,1,1,1,0,0,1,0,1,0,0,0,0,0,0,0,0,0,4.207435727119446,0,0,0,0,15,1,0,1,0,0,0
bfa,385103.0,2021,385.0,103,1,497.89297,867.66406,2,1,1,1,1,1,0,0,1,0,0,0,0,1,0,0,0,0,1,0,3.4058472514152527,0,0,0,0,0,0,0,1,1,1,0
bfa,385112.0,2021,385.0,112,1,497.89297,867.66406,2,1,1,0,1,1,0,0,1,0,1,0,0,0,0,0,0,0,0,0,5.110243558883667,0,3,0,0,7,1,0,0,0,0,0
bfa,385114.0,2021,385.0,114,1,497.89297,867.66406,2,1,1,1,1,0,0,0,1,0,0,0,0,0,0,0,0,0,0,0,5.3298457860946655,0,4,0,0,20,0,1,1,0,0,0
bfa,386042.0,2021,386.0,42,2,986.2233,1740.6978,2,1,1,1,1,0,1,1,0,0,0,0,0,1,0,0,0,0,0,0,3.1355048418045044,41,0,0,0,63,0,1,0,1,0,0
bfa,386050.0,2021,386.0,50,2,986.2233,1740.6978,2,1,1,1,1,1,0,0,1,1,0,0,0,0,0,0,0,0,0,0,1.9643222093582153,0,3,0,0,0,0,1,1,0,0,0
bfa,386072.0,2021,386.0,72,2,986.2233,1740.6978,1,1,1,0,1,1,1,1,0,0,0,0,0,1,0,0,0,0,0,0,0.6712102293968201,0,0,0,0,0,1,1,0,1,0,0
bfa,386081.0,2021,386.0,81,2,986.2233,1740.6978,1,1,1,1,1,1,1,1,0,1,0,0,0,1,0,0,0,0,1,0,,0,0,0,0,0,0,0,1,0,0,0
bfa,386098.0,2021,386.0,98,2,986.2233,1740.6978,2,0,1,1,1,1,0,1,0,0,0,0,0,0,0,0,0,0,0,0,5.086824536323547,0,0,0,0,0,1,1,1,0,0,0
bfa,386103.0,2021,386.0,103,2,986.2233,1740.6978,2,0,1,1,1,1,0,0,1,0,0,0,0,0,0,0,0,0,0,0,5.203068554401398,0,0,0,0,0,0,0,1,0,0,0
bfa,387020.0,2021,387.0,20,1,110.02608,130.24605,1,1,1,1,1,1,0,0,1,1,0,0,0,1,0,0,0,0,0,0,,0,0,0,0,0,0,0,1,0,0,0
bfa,387021.0,2021,387.0,21,1,110.02608,130.24605,1,1,1,1,1,1,1,1,0,1,1,0,0,1,0,0,0,0,0,0,,0,0,0,0,0,0,0,1,0,0,0
bfa,387036.0,2021,387.0,36,1,110.02608,130.24605,1,1,1,1,1,1,1,1,0,1,1,0,0,1,0,1,0,0,1,1,,0,0,0,0,0,1,0,0,1,0,0
bfa,387054.0,2021,387.0,54,1,110.02608,130.24605,1,1,1,1,1,1,1,1,0,0,1,0,0,1,0,1,1,1,1,1,1.005199983716011,0,0,0,0,0,1,1,1,1,1,0
bfa,387057.0,2021,387.0,57,1,110.02608,130.24605,1,1,1,1,1,1,1,1,0,0,1,0,0,1,1,1,1,0,1,0,,50,30,0,0,60,0,0,1,1,0,0
bfa,387155.0,2021,387.0,155,1,110.02608,130.24605,3,1,1,1,1,1,0,0,0,0,1,0,0,0,0,0,0,0,0,0,0.8842207193374634,0,0,0,0,0,0,1,1,0,0,0
bfa,388014.0,2021,388.0,14,2,135.74098,75.88235,1,1,1,0,1,1,0,0,0,0,0,0,0,0,0,0,0,0,0,0,4.928364872932434,0,0,0,0,0,1,1,1,0,0,0
bfa,388015.0,2021,388.0,15,2,135.74098,75.88235,1,1,1,1,1,1,0,0,1,0,0,0,0,1,1,0,0,0,1,0,14.331319332122803,60,49,0,0,90,0,1,1,0,0,0
bfa,388018.0,2021,388.0,18,2,135.74098,75.88235,1,1,1,1,1,1,1,1,0,1,0,0,0,1,0,0,0,0,0,0,1.9906191229820251,0,0,0,0,0,0,1,1,1,0,0
bfa,388078.0,2021,388.0,78,2,135.74098,75.88235,1,1,1,1,1,1,0,0,1,1,0,0,0,1,0,0,0,0,0,0,3.786201238632202,0,0,0,0,0,1,0,1,0,1,0
bfa,388092.0,2021,388.0,92,2,135.74098,75.88235,1,0,1,0,1,1,0,0,0,0,0,0,0,0,0,0,0,0,0,0,6.144885301589966,0,0,0,0,0,0,0,1,0,0,0
bfa,388119.0,2021,388.0,119,2,135.74098,75.88235,2,1,1,1,1,1,1,1,0,0,0,0,0,1,0,1,0,0,1,0,,0,0,0,0,23,0,0,1,0,0,0
bfa,389002.0,2021,389.0,2,1,244.05785,111.947014,1,1,1,1,1,1,1,1,0,0,0,0,0,1,0,1,0,0,0,0,,0,0,0,0,0,0,0,1,0,0,0
bfa,389045.0,2021,389.0,45,1,244.05785,111.947014,2,1,1,1,1,1,0,0,1,1,0,0,0,0,0,0,0,0,0,0,,0,0,0,0,40,0,0,1,0,0,0
bfa,389049.0,2021,389.0,49,1,244.05785,111.947014,1,1,1,1,1,1,1,1,0,0,0,0,0,1,0,1,0,0,1,0,1.3138002157211304,0,0,0,0,0,0,0,0,0,0,0
bfa,389051.0,2021,389.0,51,1,244.05785,111.947014,4,1,1,1,1,1,1,1,0,0,1,0,0,1,0,0,0,0,0,0,,0,0,0,0,0,0,0,0,0,0,0
bfa,389054.0,2021,389.0,54,1,244.05785,111.947014,1,1,1,1,1,1,0,0,1,0,0,0,0,0,0,0,0,0,0,0,,0,0,0,0,0,0,0,1,1,0,0
bfa,389101.0,2021,389.0,101,1,244.05785,111.947014,3,1,1,1,1,1,0,0,0,0,1,0,0,0,0,0,0,0,0,0,,0,0,0,0,0,0,0,1,1,0,0
bfa,390034.0,2021,390.0,34,2,101.63426,114.79313,1,1,1,1,1,1,1,1,0,1,0,0,0,1,0,0,0,0,1,0,,70,25,0,0,26,0,1,1,0,0,0
bfa,390036.0,2021,390.0,36,2,101.63426,114.79313,3,1,1,1,1,1,1,1,0,1,0,0,0,1,1,1,0,1,1,1,,0,0,0,0,0,0,0,1,0,0,0
bfa,390042.0,2021,390.0,42,2,101.63426,114.79313,1,1,1,1,1,1,1,1,0,1,0,0,0,1,0,0,0,0,0,0,0.7673715054988861,0,0,0,0,0,0,0,1,0,0,0
bfa,390071.0,2021,390.0,71,2,101.63426,114.79313,1,1,1,1,1,1,1,1,0,1,0,0,0,1,0,0,0,0,0,0,,0,0,0,0,15,0,0,1,0,0,0
bfa,390090.0,2021,390.0,90,2,101.63426,114.79313,1,1,1,0,1,1,0,0,1,0,0,0,0,1,0,0,0,0,0,0,,0,0,0,0,0,1,0,0,1,0,0
bfa,390094.0,2021,390.0,94,2,101.63426,114.79313,1,1,1,1,1,1,0,0,0,0,0,0,0,0,0,0,0,0,0,0,,0,0,0,0,0,1,0,0,0,0,0
bfa,391006.0,2021,391.0,6,2,364.8472,635.8089,2,0,1,1,1,1,0,0,1,0,0,0,0,0,0,0,0,0,0,0,1.907059669494629,0,0,0,0,0,0,0,1,1,0,0
bfa,391032.0,2021,391.0,32,2,364.8472,635.8089,2,0,1,1,1,1,0,0,1,0,0,0,0,1,0,0,0,0,0,0,18.760225892066956,0,0,0,0,0,0,0,1,0,0,0
bfa,391114.0,2021,391.0,114,2,364.8472,635.8089,2,0,1,1,1,1,0,0,1,0,0,0,0,0,0,0,0,0,0,0,19.997015357017517,0,0,0,0,0,0,0,1,0,0,0
bfa,391118.0,2021,391.0,118,2,364.8472,635.8089,2,1,1,1,1,1,0,0,0,0,0,0,0,0,0,0,0,0,0,0,10.49845004081726,0,12,0,0,0,0,1,1,0,0,0
bfa,391121.0,2021,391.0,121,2,364.8472,635.8089,2,1,1,0,1,1,0,0,1,0,0,0,0,0,0,0,0,0,0,0,9.449180126190186,0,24,0,0,9,0,1,1,0,0,0
bfa,391135.0,2021,391.0,135,2,364.8472,635.8089,2,1,1,0,1,1,0,0,1,0,0,0,0,0,0,0,0,0,0,0,4.497644662857056,0,0,0,0,15,0,1,1,0,0,0
bfa,393033.0,2021,393.0,33,1,885.90405,1904.0695,1,1,1,1,1,1,0,0,1,0,0,0,0,1,0,0,0,0,1,0,6.084099769592285,0,7,0,0,5,0,0,1,0,0,0
bfa,393066.0,2021,393.0,66,1,885.90405,1904.0695,1,1,1,0,1,1,0,0,1,0,0,0,0,0,0,0,0,0,0,0,6.994187951087952,0,3,0,0,7,0,1,1,0,0,0
bfa,393067.0,2021,393.0,67,1,885.90405,1904.0695,4,1,1,0,0,0,0,0,1,0,1,0,0,0,0,0,0,0,0,0,9.889811515808105,0,18,0,0,75,0,0,0,0,0,0
bfa,393073.0,2021,393.0,73,1,885.90405,1904.0695,2,1,1,0,0,0,0,0,1,0,1,0,0,0,0,0,0,0,0,0,4.983839631080627,0,10,0,0,8,1,1,0,0,0,0
bfa,393083.0,2021,393.0,83,1,885.90405,1904.0695,2,1,1,0,0,0,0,0,1,0,0,0,0,0,0,0,0,0,0,0,5.049832701683044,0,9,0,0,13,0,0,1,1,1,0
bfa,393096.0,2021,393.0,96,1,885.90405,1904.0695,2,1,1,0,0,0,0,0,1,0,1,0,0,0,0,0,0,0,0,0,7.964229106903076,0,6,0,0,60,1,1,0,1,0,0
bfa,394038.0,2021,394.0,38,1,1118.9542,1816.512,2,1,1,1,1,0,0,0,1,0,1,0,0,1,0,0,0,0,1,0,15.37123155593872,13,18,0,0,150,0,1,1,1,0,0
bfa,394122.0,2021,394.0,122,1,1118.9542,1816.512,2,1,1,1,1,1,0,0,1,0,0,0,0,1,0,0,0,0,0,0,14.056585669517517,0,15,0,0,81,0,0,0,0,0,0
bfa,394150.0,2021,394.0,150,1,1118.9542,1816.512,2,1,1,0,1,1,0,0,1,0,0,0,0,1,0,0,0,0,0,0,11.508387446403503,20,10,0,0,35,1,1,0,0,0,0
bfa,394196.0,2021,394.0,196,1,1118.9542,1816.512,2,1,1,1,1,1,0,0,0,0,0,0,0,0,0,0,0,0,0,0,2.214695394039154,0,2,0,0,0,0,0,1,0,0,0
bfa,394197.0,2021,394.0,197,1,1118.9542,1816.512,2,1,1,0,1,0,0,0,1,0,1,0,0,0,0,0,0,0,0,0,5.0231428146362305,13,50,0,0,60,0,0,0,1,0,0
bfa,394200.0,2021,394.0,200,1,1118.9542,1816.512,2,1,1,1,1,0,0,0,0,0,1,0,0,0,0,0,0,0,0,0,7.791654706001282,2,20,0,0,15,0,0,1,0,0,0
bfa,395005.0,2021,395.0,5,1,1001.2987,992.8079,1,1,1,1,1,1,0,0,0,0,0,0,0,0,0,0,0,0,0,0,3.108299970626831,20,14,0,0,70,1,1,0,0,0,0
bfa,395031.0,2021,395.0,31,1,1001.2987,992.8079,2,1,1,0,1,1,0,0,1,0,0,0,0,1,0,0,0,0,1,0,9.931400090456009,4,9,0,0,20,1,1,1,0,0,0
bfa,395046.0,2021,395.0,46,1,1001.2987,992.8079,2,1,1,1,1,1,0,0,1,0,0,0,0,0,0,0,0,0,0,0,7.731069058179855,0,7,0,0,27,1,1,1,0,0,0
bfa,395058.0,2021,395.0,58,1,1001.2987,992.8079,2,1,1,0,1,1,0,0,1,0,0,0,0,0,0,0,0,0,0,0,23.955152988433838,0,0,0,0,16,1,1,1,0,0,0
bfa,395062.0,2021,395.0,62,1,1001.2987,992.8079,1,1,1,1,1,1,0,0,1,0,0,0,0,1,0,0,0,0,0,0,6.12321937084198,0,7,0,0,70,1,1,0,0,0,0
bfa,395071.0,2021,395.0,71,1,1001.2987,992.8079,2,1,1,0,1,1,0,0,1,0,0,0,0,0,0,0,0,0,0,0,2.179800033569336,0,0,0,0,20,0,0,1,0,0,0
bfa,396016.0,2021,396.0,16,1,619.94745,1227.6875,2,1,1,1,1,0,0,1,0,0,0,0,0,0,0,0,0,0,0,0,12.427900195121765,0,12,0,0,27,1,1,1,0,0,0
bfa,396017.0,2021,396.0,17,1,619.94745,1227.6875,2,1,1,1,1,1,0,0,1,0,0,1,0,0,0,0,0,0,0,0,24.484700083732605,7,37,0,0,283,0,1,1,1,0,0
bfa,396052.0,2021,396.0,52,1,619.94745,1227.6875,2,1,1,1,1,1,1,1,0,0,0,0,0,0,0,0,0,0,0,0,10.17410010099411,0,5,0,0,110,0,1,1,1,0,0
bfa,396080.0,2021,396.0,80,1,619.94745,1227.6875,1,1,1,1,1,1,1,1,0,0,0,0,0,1,0,0,0,0,0,0,29.378201007843018,7,0,0,0,0,0,1,1,1,0,0
bfa,396083.0,2021,396.0,83,1,619.94745,1227.6875,1,1,1,1,1,1,1,1,0,0,0,0,0,1,0,0,0,0,1,0,19.96997582912445,0,0,0,0,25,0,1,1,0,0,0
bfa,396094.0,2021,396.0,94,1,619.94745,1227.6875,2,1,1,1,1,1,0,0,1,0,0,1,0,1,0,0,0,0,0,0,22.458600401878357,0,4,0,0,36,1,1,1,0,0,0
bfa,397001.0,2021,397.0,1,2,1372.4698,2542.19,2,0,1,1,1,1,0,0,1,0,0,0,0,0,0,0,0,0,0,0,4.421658277511597,0,0,0,0,0,0,0,1,0,0,0
bfa,397075.0,2021,397.0,75,2,1372.4698,2542.19,2,0,1,0,1,1,0,0,1,0,0,0,0,0,0,0,0,0,0,0,6.188904523849487,0,6,0,0,0,0,1,1,0,0,0
bfa,397080.0,2021,397.0,80,2,1372.4698,2542.19,2,1,1,1,1,1,0,0,1,0,0,0,0,1,0,0,0,0,0,0,1.9372991919517517,0,0,0,0,0,0,1,1,0,0,0
bfa,397093.0,2021,397.0,93,2,1372.4698,2542.19,2,1,1,1,1,1,0,0,1,0,0,0,0,0,0,0,0,0,0,0,,0,2,0,0,0,0,1,1,0,0,0
bfa,397109.0,2021,397.0,109,2,1372.4698,2542.19,2,1,1,0,1,1,0,0,0,0,1,0,0,0,0,0,0,0,0,0,6.117185294628143,0,13,0,0,0,0,1,0,0,0,0
bfa,397121.0,2021,397.0,121,2,1372.4698,2542.19,2,0,1,0,1,1,0,0,1,0,0,0,0,1,0,0,0,0,0,0,6.272705674171448,0,3,0,0,15,1,1,1,0,0,0
bfa,398005.0,2021,398.0,5,1,1744.4257,2542.19,2,1,1,1,0,0,0,0,1,0,0,0,0,0,0,0,0,0,0,0,8.731513738632202,6,16,0,0,7,0,0,1,0,0,0
bfa,398009.0,2021,398.0,9,1,1744.4257,2542.19,2,1,1,1,0,0,0,0,1,0,0,0,0,0,0,0,0,0,0,0,4.606922030448914,0,3,0,0,25,0,1,1,0,0,0
bfa,398055.0,2021,398.0,55,1,1744.4257,2542.19,2,1,1,1,1,1,0,0,1,0,0,0,0,0,0,0,0,0,0,0,8.163037419319153,0,23,0,0,0,1,0,1,1,0,0
bfa,398059.0,2021,398.0,59,1,1744.4257,2542.19,2,1,0,1,1,1,0,0,1,0,0,0,0,0,0,0,0,0,0,0,3.46288138628006,0,0,0,0,0,0,0,1,0,0,0
bfa,398077.0,2021,398.0,77,1,1744.4257,2542.19,2,1,1,1,0,0,0,0,1,0,0,0,0,0,0,0,0,0,0,0,3.21856153011322,0,7,0,0,4,1,1,1,0,0,0
bfa,398079.0,2021,398.0,79,1,1744.4257,2542.19,2,1,1,0,1,1,0,0,1,0,0,0,0,1,0,0,0,0,0,0,7.662205457687378,0,0,0,0,21,0,1,1,0,0,0
bfa,399048.0,2021,399.0,48,2,386.57812,79.73704,1,1,1,1,1,1,1,1,0,1,1,0,0,1,0,0,0,0,0,0,1.8233650922775269,0,0,0,0,0,0,1,1,0,0,0
bfa,399099.0,2021,399.0,99,2,386.57812,79.73704,1,1,1,1,1,1,1,1,0,1,1,0,0,1,0,0,0,0,0,0,,0,2,0,0,0,0,1,1,0,0,0
bfa,399127.0,2021,399.0,127,2,386.57812,79.73704,3,1,1,1,0,0,0,0,1,0,0,0,0,0,0,0,0,0,0,0,,0,0,0,0,0,1,0,0,0,0,0
bfa,399189.0,2021,399.0,189,2,386.57812,79.73704,1,1,1,1,1,1,0,0,1,0,0,0,0,0,0,0,0,0,0,0,,0,0,0,0,0,0,0,0,0,0,0
bfa,399203.0,2021,399.0,203,2,386.57812,79.73704,1,1,1,1,1,1,1,1,0,0,0,0,0,1,0,0,0,0,0,0,,0,0,0,0,0,0,0,1,0,0,0
bfa,399206.0,2021,399.0,206,2,386.57812,79.73704,4,1,1,1,1,1,0,0,1,0,0,0,0,0,0,0,0,0,0,0,,0,0,0,0,0,0,0,1,1,0,0
bfa,400028.0,2021,400.0,28,1,123.60377,68.99429,1,1,1,1,1,1,1,1,0,1,1,1,0,1,0,0,0,0,1,0,,0,0,0,0,0,0,0,1,0,0,0
bfa,400047.0,2021,400.0,47,1,123.60377,68.99429,1,1,1,1,1,1,1,1,0,1,0,0,0,1,0,1,1,1,1,0,,0,0,0,0,0,1,0,1,0,0,0
bfa,400059.0,2021,400.0,59,1,123.60377,68.99429,1,1,1,1,1,1,1,1,0,1,1,0,0,1,0,1,0,1,1,0,,0,0,0,0,82,0,0,0,0,0,0
bfa,400068.0,2021,400.0,68,1,123.60377,68.99429,1,1,1,1,1,1,1,1,0,0,0,0,0,1,0,0,0,0,1,0,,0,0,0,0,5,0,0,0,0,0,0
bfa,400129.0,2021,400.0,129,1,123.60377,68.99429,3,1,1,1,1,1,1,1,0,1,1,1,0,0,0,0,0,0,0,0,,0,0,0,0,0,0,0,1,0,0,0
bfa,400143.0,2021,400.0,143,1,123.60377,68.99429,1,1,1,0,1,1,0,0,1,0,0,0,0,0,0,0,0,0,0,0,,0,0,0,0,0,1,0,0,0,0,0
bfa,401043.0,2021,401.0,43,2,115.92992,35.5409,1,1,1,1,1,1,1,1,0,0,0,1,0,1,0,0,0,0,0,0,0.7990633249282837,0,0,0,0,0,0,0,1,0,0,0
bfa,401045.0,2021,401.0,45,2,115.92992,35.5409,3,1,1,1,1,1,1,1,0,1,0,0,0,1,0,0,0,0,0,0,,0,0,0,0,0,0,0,1,0,0,0
bfa,401052.0,2021,401.0,52,2,115.92992,35.5409,1,1,1,1,1,1,1,1,0,1,1,0,0,0,0,0,0,0,0,0,,0,0,0,0,150,0,0,1,0,0,0
bfa,401077.0,2021,401.0,77,2,115.92992,35.5409,1,1,0,1,1,1,0,0,1,0,0,0,0,0,0,0,0,0,0,0,,0,0,0,0,7,0,0,1,1,0,0
bfa,401078.0,2021,401.0,78,2,115.92992,35.5409,1,1,1,0,1,1,0,0,1,1,0,1,0,1,0,0,0,0,0,0,,0,2,0,2,10,0,0,1,0,0,0
bfa,401079.0,2021,401.0,79,2,115.92992,35.5409,1,1,1,1,1,1,1,1,0,0,0,0,0,1,0,0,0,0,1,0,,7,8,0,0,0,0,0,1,0,0,0
bfa,402014.0,2021,402.0,14,2,304.2469,543.2939,2,1,1,1,1,1,0,0,1,0,0,0,0,1,0,0,0,0,0,0,7.603257536888123,2,10,0,0,70,0,1,0,0,0,0
bfa,402017.0,2021,402.0,17,2,304.2469,543.2939,2,1,1,1,1,1,0,0,1,0,0,0,0,1,0,0,0,0,1,0,13.518713891506195,2,1,0,0,0,0,0,1,0,0,0
bfa,402030.0,2021,402.0,30,2,304.2469,543.2939,2,1,1,1,1,1,0,0,1,0,0,1,0,0,0,0,0,0,0,0,7.439637303352356,0,8,0,0,0,0,1,1,0,0,0
bfa,402033.0,2021,402.0,33,2,304.2469,543.2939,2,1,1,0,1,1,0,0,1,0,0,0,0,0,0,0,0,0,0,0,1.3916999846696854,0,5,0,0,54,0,1,1,0,0,0
bfa,402060.0,2021,402.0,60,2,304.2469,543.2939,2,1,0,1,1,1,0,0,0,0,0,0,0,0,0,0,0,0,0,0,2.3679120540618896,0,0,0,0,0,0,0,1,1,0,0
bfa,402066.0,2021,402.0,66,2,304.2469,543.2939,2,1,1,1,1,1,0,0,1,0,0,0,0,0,0,0,0,0,0,0,4.650901257991791,1,4,0,0,48,1,1,1,0,0,0
bfa,403006.0,2021,403.0,6,2,318.54443,533.4904,2,1,1,1,1,1,0,0,1,0,0,0,0,0,0,0,0,0,0,0,10.662348866462708,0,5,0,0,20,0,1,0,0,0,0
bfa,403049.0,2021,403.0,49,2,318.54443,533.4904,2,1,1,1,1,1,0,0,0,0,1,0,0,0,0,0,0,0,0,0,4.646806359291077,0,0,0,0,3,0,1,1,0,0,0
bfa,403050.0,2021,403.0,50,2,318.54443,533.4904,2,1,0,0,1,1,0,0,0,0,0,0,0,0,0,0,0,0,0,0,2.8370033502578735,0,2,0,0,2,1,0,1,0,0,0
bfa,403054.0,2021,403.0,54,2,318.54443,533.4904,2,1,1,0,1,1,0,0,1,0,0,0,0,0,0,0,0,0,0,0,1.2269386053085327,0,0,0,0,5,0,1,0,0,0,0
bfa,403057.0,2021,403.0,57,2,318.54443,533.4904,4,1,1,1,1,1,0,0,1,0,0,1,0,1,0,0,1,0,1,0,,0,0,0,0,0,1,0,0,0,0,0
bfa,403062.0,2021,403.0,62,2,318.54443,533.4904,2,1,1,1,1,1,0,0,1,0,0,0,0,0,0,0,0,0,0,0,15.238556742668152,6,22,0,0,100,1,0,0,0,0,0
bfa,404001.0,2021,404.0,1,2,543.6872,848.31476,2,1,1,1,1,1,0,0,1,0,0,0,0,0,0,0,0,0,0,0,8.306799858808517,50,22,0,0,0,0,1,1,0,0,0
bfa,404004.0,2021,404.0,4,2,543.6872,848.31476,2,1,1,1,1,1,0,0,1,0,0,0,0,1,0,0,0,0,1,0,17.446988940238953,10,60,0,0,0,1,0,0,0,0,0
bfa,404005.0,2021,404.0,5,2,543.6872,848.31476,2,1,1,1,1,1,0,0,1,0,0,0,0,0,0,0,0,0,0,0,5.305121451616287,25,36,0,0,40,0,1,0,1,0,0
bfa,404010.0,2021,404.0,10,2,543.6872,848.31476,2,1,1,1,1,1,0,0,1,0,0,0,0,0,0,0,0,0,0,0,8.856508016586304,21,42,0,0,0,1,1,1,0,0,0
bfa,404012.0,2021,404.0,12,2,543.6872,848.31476,2,1,1,1,1,1,0,0,1,0,0,1,0,0,0,0,0,0,0,0,8.948355674743652,40,17,0,0,0,0,1,1,1,0,0
bfa,404057.0,2021,404.0,57,2,543.6872,848.31476,2,1,1,1,1,1,0,0,1,0,1,0,0,0,0,0,0,0,0,0,7.369238495826721,0,0,0,0,25,0,0,1,0,0,0
bfa,405018.0,2021,405.0,18,1,315.0924,673.4278,2,1,1,1,1,1,0,0,1,0,0,0,0,1,0,0,0,0,1,0,8.426782846450806,0,0,0,0,120,1,1,1,0,0,0
bfa,405029.0,2021,405.0,29,1,315.0924,673.4278,2,1,1,1,1,1,0,0,1,0,0,0,0,1,0,0,0,0,1,0,6.062167629599571,0,11,0,0,0,0,1,1,0,0,0
bfa,405037.0,2021,405.0,37,1,315.0924,673.4278,2,1,1,1,1,1,0,0,1,0,0,0,0,0,0,0,0,0,0,0,4.321796178817749,20,0,0,0,6,0,0,1,0,0,0
bfa,405064.0,2021,405.0,64,1,315.0924,673.4278,2,1,1,1,1,1,0,0,1,1,1,0,0,0,0,0,0,0,0,0,6.027535915374756,15,5,0,0,0,0,0,1,0,0,0
bfa,405068.0,2021,405.0,68,1,315.0924,673.4278,2,1,1,1,1,1,0,0,1,0,0,0,0,0,0,0,0,0,0,0,3.911468952894211,14,27,0,0,0,0,1,1,0,0,0
bfa,405078.0,2021,405.0,78,1,315.0924,673.4278,4,0,1,0,1,1,0,0,0,0,0,0,0,0,0,0,0,0,0,0,1.9304777681827545,50,5,0,0,10,0,1,0,0,0,0
bfa,406026.0,2021,406.0,26,1,1236.4769,3320.7126,1,1,1,1,0,0,0,0,0,0,0,1,0,0,0,0,0,0,0,0,6.172659277915955,0,9,0,0,14,0,0,1,0,0,0
bfa,406063.0,2021,406.0,63,1,1236.4769,3320.7126,1,1,1,0,1,1,1,1,0,0,0,1,0,1,0,0,0,0,1,1,,0,0,0,0,0,0,0,0,0,0,0
bfa,406067.0,2021,406.0,67,1,1236.4769,3320.7126,1,1,1,1,1,0,1,1,0,0,0,0,0,1,0,0,0,0,0,0,7.8197265565395355,0,9,0,0,15,0,1,1,0,0,0
bfa,406070.0,2021,406.0,70,1,1236.4769,3320.7126,1,1,1,0,1,0,0,0,1,0,0,0,0,0,0,0,0,0,0,0,7.376383543014526,0,0,0,0,0,0,0,1,0,0,0
bfa,406090.0,2021,406.0,90,1,1236.4769,3320.7126,1,1,0,1,1,1,1,1,0,0,0,1,0,1,0,0,0,0,1,0,2.429500102996826,0,0,0,0,0,1,1,1,0,0,0
bfa,406145.0,2021,406.0,145,1,1236.4769,3320.7126,2,0,1,0,1,0,0,0,0,0,0,0,0,0,0,0,0,0,0,0,0.6249454617500305,0,1,0,0,4,0,1,1,0,0,0
bfa,407027.0,2021,407.0,27,2,394.5221,136.33548,2,1,1,1,1,1,0,0,1,0,0,0,0,0,0,0,0,0,0,0,2.568899989128113,0,0,0,0,0,1,0,0,0,0,0
bfa,407058.0,2021,407.0,58,2,394.5221,136.33548,3,1,1,1,1,1,1,1,0,0,1,0,0,1,0,1,1,1,1,0,,5,0,0,0,3,0,1,1,0,0,0
bfa,407073.0,2021,407.0,73,2,394.5221,136.33548,1,1,1,1,1,1,1,1,0,0,1,0,0,1,0,0,0,0,0,0,1.8737980723381042,0,0,0,0,0,0,1,1,0,0,0
bfa,407110.0,2021,407.0,110,2,394.5221,136.33548,1,1,1,1,1,1,1,1,0,0,0,0,0,1,0,0,0,0,1,0,,0,0,0,0,0,0,0,1,0,0,0
bfa,407131.0,2021,407.0,131,2,394.5221,136.33548,4,1,1,1,1,1,1,1,0,0,0,0,0,1,0,0,0,0,1,0,1.2137037515640259,0,2,0,0,5,0,1,1,1,0,0
bfa,407173.0,2021,407.0,173,2,394.5221,136.33548,1,1,1,1,1,1,1,1,0,0,0,0,0,1,0,0,0,0,1,0,,0,0,0,0,0,0,0,0,0,0,0
bfa,408163.0,2021,408.0,163,2,1868.2126,264.15833,3,1,1,1,1,1,0,0,0,1,0,0,0,0,0,0,0,0,0,0,,0,0,0,0,0,1,0,1,0,0,0
bfa,408199.0,2021,408.0,199,2,1868.2126,264.15833,3,1,1,1,1,1,1,1,0,1,0,1,0,1,0,0,0,0,1,0,,0,0,0,0,0,0,0,1,0,0,0
bfa,408312.0,2021,408.0,312,2,1868.2126,264.15833,4,1,1,1,1,1,1,1,0,1,0,0,0,1,0,0,0,0,0,0,,0,6,0,0,0,0,0,0,0,0,0
bfa,408442.0,2021,408.0,442,2,1868.2126,264.15833,4,1,1,1,1,1,1,1,0,1,0,0,0,1,0,0,0,0,0,0,,0,0,0,0,0,0,1,0,0,0,0
bfa,408443.0,2021,408.0,443,2,1868.2126,264.15833,3,1,1,1,1,1,1,1,0,1,1,1,0,1,1,0,0,0,0,0,,0,0,0,0,0,0,0,1,1,0,0
bfa,408444.0,2021,408.0,444,2,1868.2126,264.15833,1,1,1,1,1,1,1,1,0,1,1,1,0,1,1,1,1,0,1,0,,0,8,0,0,0,1,1,1,1,0,0
bfa,409011.0,2021,409.0,11,2,1543.8021,166.57094,4,1,1,1,1,1,1,1,0,1,1,0,0,1,1,0,0,0,0,0,,0,0,0,0,100,0,1,1,0,0,0
bfa,409067.0,2021,409.0,67,2,1543.8021,166.57094,3,1,1,1,1,1,1,1,0,1,0,0,0,1,0,0,0,0,0,0,,0,0,0,0,0,1,0,1,1,0,0
bfa,409137.0,2021,409.0,137,2,1543.8021,166.57094,1,1,1,1,1,1,1,1,0,1,0,0,0,1,0,1,1,0,0,0,,0,0,0,0,0,1,0,0,0,0,0
bfa,409164.0,2021,409.0,164,2,1543.8021,166.57094,3,1,1,1,1,1,1,1,0,1,0,0,0,1,0,0,0,0,0,0,,0,0,0,0,0,0,0,1,0,0,0
bfa,409189.0,2021,409.0,189,2,1543.8021,166.57094,3,1,1,1,1,1,1,1,0,1,0,0,0,1,0,1,0,0,1,0,,0,0,0,0,0,0,0,1,0,0,0
bfa,409266.0,2021,409.0,266,2,1543.8021,166.57094,1,1,1,1,1,1,1,1,0,1,0,0,0,1,0,0,0,0,1,0,,0,0,0,0,10,0,0,1,0,0,0
bfa,410001.0,2021,410.0,1,1,1836.0438,249.56767,3,1,1,1,1,1,0,1,0,0,0,0,0,0,0,0,0,0,0,0,2.290600001811981,0,0,0,0,0,0,1,1,0,0,0
bfa,410060.0,2021,410.0,60,1,1836.0438,249.56767,1,1,1,1,1,1,1,1,0,0,0,0,0,1,0,1,1,0,1,1,2.756359815597534,21,0,0,0,0,0,1,0,0,0,0
bfa,410160.0,2021,410.0,160,1,1836.0438,249.56767,4,1,1,1,1,1,0,0,1,1,0,1,0,0,0,0,0,0,0,0,,0,0,0,0,0,0,0,1,0,0,0
bfa,410192.0,2021,410.0,192,1,1836.0438,249.56767,2,1,1,1,1,1,1,1,0,1,0,1,0,1,0,0,0,0,1,0,,0,0,0,0,0,0,0,1,1,0,0
bfa,410201.0,2021,410.0,201,1,1836.0438,249.56767,3,1,1,1,1,1,1,1,0,1,0,1,0,1,0,0,1,0,0,0,,0,0,0,0,0,0,0,1,1,0,0
bfa,410364.0,2021,410.0,364,1,1836.0438,249.56767,3,1,1,1,1,1,0,0,0,0,0,0,0,0,0,0,0,0,0,0,,0,0,0,0,0,1,0,1,0,0,0
bfa,411047.0,2021,411.0,47,1,1712.7612,222.45831,1,1,1,1,1,1,0,0,1,1,0,0,0,0,0,0,0,0,0,0,,0,0,0,0,0,1,0,1,0,0,0
bfa,411121.0,2021,411.0,121,1,1712.7612,222.45831,2,1,1,1,1,1,0,0,1,0,0,0,0,1,0,0,0,0,0,0,,0,0,0,0,5,0,0,1,0,0,0
bfa,411136.0,2021,411.0,136,1,1712.7612,222.45831,4,0,1,0,1,1,0,0,1,0,0,0,0,1,0,0,0,0,0,0,,0,0,0,0,0,0,0,1,1,0,0
bfa,411138.0,2021,411.0,138,1,1712.7612,222.45831,2,1,1,1,1,1,0,0,1,0,0,0,0,0,0,0,0,0,0,0,,0,0,0,0,0,1,0,0,0,0,0
bfa,411164.0,2021,411.0,164,1,1712.7612,222.45831,2,1,1,1,1,1,0,0,1,0,0,0,0,0,0,0,0,0,0,0,,0,15,0,0,0,0,0,0,1,0,0
bfa,411260.0,2021,411.0,260,1,1712.7612,222.45831,4,1,1,1,1,1,0,0,0,0,0,0,0,0,0,0,0,0,0,0,,0,0,0,0,0,1,0,1,1,0,0
bfa,412011.0,2021,412.0,11,2,1548.1509,224.93636,4,1,1,1,1,1,1,1,0,0,1,0,0,1,1,0,0,0,0,0,,0,0,0,0,0,0,0,1,1,0,0
bfa,412019.0,2021,412.0,19,2,1548.1509,224.93636,3,1,1,1,1,1,0,0,1,1,0,0,0,0,0,0,0,0,0,0,,0,0,0,0,0,1,0,0,0,0,0
bfa,412182.0,2021,412.0,182,2,1548.1509,224.93636,3,1,1,1,1,1,1,1,0,1,0,0,0,1,0,0,0,0,0,0,,0,0,0,0,0,0,0,0,1,0,0
bfa,412190.0,2021,412.0,190,2,1548.1509,224.93636,1,1,1,1,1,1,1,1,0,1,0,1,0,1,0,0,0,0,1,0,,0,0,0,0,0,1,0,1,0,0,0
bfa,412218.0,2021,412.0,218,2,1548.1509,224.93636,3,1,1,1,1,1,1,1,0,1,1,1,0,0,0,0,0,0,0,0,,0,0,0,0,0,0,0,1,0,0,0
bfa,412334.0,2021,412.0,334,2,1548.1509,224.93636,1,1,1,1,1,1,1,1,0,1,0,1,0,1,0,0,0,0,0,0,,0,0,0,0,0,0,0,1,0,0,0
bfa,413023.0,2021,413.0,23,1,772.69653,102.639305,1,1,1,1,1,1,1,1,0,1,0,1,0,1,0,1,0,1,1,1,,0,0,0,0,0,0,0,0,0,0,0
bfa,413025.0,2021,413.0,25,1,772.69653,102.639305,3,1,1,1,1,1,0,0,0,0,0,0,0,0,0,0,0,0,0,0,,0,0,0,0,0,0,0,1,0,0,0
bfa,413117.0,2021,413.0,117,1,772.69653,102.639305,3,1,1,1,1,1,1,1,0,1,0,1,0,1,0,0,0,0,1,0,,0,0,0,0,0,0,0,0,0,0,0
bfa,413151.0,2021,413.0,151,1,772.69653,102.639305,4,0,1,1,1,1,0,0,0,1,0,0,0,0,0,0,0,0,0,0,0.5723977088928223,0,0,0,0,6,0,0,0,0,0,0
bfa,413191.0,2021,413.0,191,1,772.69653,102.639305,3,1,1,1,1,1,1,1,0,1,0,1,0,1,0,0,0,0,0,0,,1,0,0,0,0,1,0,0,1,0,0
bfa,413234.0,2021,413.0,234,1,772.69653,102.639305,4,1,1,1,1,1,1,1,0,0,0,0,0,1,0,0,0,0,1,0,,0,0,0,0,0,0,0,1,0,0,0
bfa,414025.0,2021,414.0,25,2,783.12195,886.0469,2,1,1,1,0,0,0,0,1,0,0,0,0,0,0,0,0,0,0,0,7.537699937820435,19,25,0,0,15,0,0,1,0,0,0
bfa,414046.0,2021,414.0,46,2,783.12195,886.0469,2,0,0,0,1,1,0,0,1,0,0,0,0,0,0,0,0,0,0,0,2.1782000064849854,10,30,0,0,10,0,1,1,0,0,0
bfa,414119.0,2021,414.0,119,2,783.12195,886.0469,2,1,1,1,1,0,0,0,1,0,0,0,0,0,0,0,0,0,0,0,60.25932151079178,10,10,0,0,4,0,1,1,0,0,0
bfa,414148.0,2021,414.0,148,2,783.12195,886.0469,2,1,1,0,1,1,0,0,1,0,1,0,0,0,0,0,0,0,0,0,16.901434779167175,8,5,0,0,0,1,1,1,0,0,0
bfa,414155.0,2021,414.0,155,2,783.12195,886.0469,2,1,1,1,1,1,0,0,1,0,0,0,0,0,0,0,0,0,0,0,14.860098540782928,5,5,0,0,0,1,1,1,1,0,0
bfa,414175.0,2021,414.0,175,2,783.12195,886.0469,2,1,1,1,0,0,0,0,1,0,1,0,0,1,0,0,0,0,0,0,13.443902254104614,8,37,0,0,23,1,1,0,0,0,0
bfa,415011.0,2021,415.0,11,1,469.76575,509.18277,1,1,1,1,1,1,0,0,1,0,0,0,0,0,0,0,0,0,0,0,3.0505000352859497,0,0,0,0,10,0,0,1,0,0,0
bfa,415012.0,2021,415.0,12,1,469.76575,509.18277,2,1,1,1,1,1,0,0,1,0,1,0,0,1,0,0,0,0,0,0,9.049009203910828,7,0,12,0,20,1,0,0,0,0,0
bfa,415013.0,2021,415.0,13,1,469.76575,509.18277,2,1,1,0,1,1,0,0,1,0,1,0,0,1,0,0,0,0,0,0,12.370469629764557,0,9,0,0,15,0,0,0,0,0,0
bfa,415019.0,2021,415.0,19,1,469.76575,509.18277,1,1,1,1,1,1,0,0,1,0,0,0,0,0,0,0,0,0,0,0,1.9615999460220337,0,0,0,0,10,0,0,1,0,0,0
bfa,415099.0,2021,415.0,99,1,469.76575,509.18277,2,1,1,1,1,1,0,0,1,0,1,0,0,1,0,0,0,0,0,0,6.664229139685631,0,16,0,0,4,0,0,1,0,1,0
bfa,415103.0,2021,415.0,103,1,469.76575,509.18277,2,1,1,1,1,1,0,0,1,0,0,0,0,0,0,0,0,0,0,0,7.56791353225708,0,22,0,0,44,0,0,1,0,0,0
bfa,416021.0,2021,416.0,21,1,980.1241,1260.3971,2,1,1,0,0,0,0,0,1,0,0,0,0,0,0,0,0,0,0,0,3.623199939727783,6,5,0,0,54,0,0,1,0,0,0
bfa,416025.0,2021,416.0,25,1,980.1241,1260.3971,2,1,1,0,0,0,0,0,1,0,0,0,0,1,0,0,0,0,0,0,8.643099844455719,25,12,0,0,27,0,0,1,0,1,0
bfa,416031.0,2021,416.0,31,1,980.1241,1260.3971,2,1,1,1,0,0,0,0,1,0,1,1,0,1,0,0,0,0,0,0,5.125262469053268,6,11,0,0,14,0,1,1,0,0,0
bfa,416046.0,2021,416.0,46,1,980.1241,1260.3971,2,0,1,1,1,1,0,0,0,1,0,0,0,0,0,0,0,0,0,0,1.649999976158142,0,9,0,0,40,0,1,1,0,0,0
bfa,416063.0,2021,416.0,63,1,980.1241,1260.3971,2,1,1,1,0,0,0,0,1,0,0,1,0,1,0,0,0,0,0,0,8.730172276496887,8,10,0,0,6,0,1,1,0,0,0
bfa,416067.0,2021,416.0,67,1,980.1241,1260.3971,2,0,1,1,1,1,0,0,1,1,0,0,0,1,0,0,0,0,0,0,13.840225577354431,21,15,0,0,50,0,1,1,0,0,0
bfa,417002.0,2021,417.0,2,2,461.22342,519.92065,2,1,1,1,0,0,0,0,1,0,0,0,0,0,0,0,0,0,0,0,9.260000228881836,0,0,0,0,0,0,0,1,0,0,0
bfa,417008.0,2021,417.0,8,2,461.22342,519.92065,2,1,1,1,1,1,0,0,1,0,0,0,0,0,0,0,0,0,0,0,9.349999785423279,0,20,0,0,0,0,0,1,0,0,0
bfa,417012.0,2021,417.0,12,2,461.22342,519.92065,2,1,1,1,1,1,0,0,1,0,0,0,0,0,0,0,0,0,0,0,2.201900064945221,0,3,0,0,9,0,1,1,0,0,0
bfa,417015.0,2021,417.0,15,2,461.22342,519.92065,2,1,1,1,1,1,0,0,1,0,0,0,0,0,0,0,0,0,0,0,2.2601999640464783,4,0,0,0,22,0,1,0,1,0,0
bfa,417022.0,2021,417.0,22,2,461.22342,519.92065,2,1,1,1,1,1,0,0,1,0,0,0,0,1,0,0,0,0,0,0,5.519999980926514,0,6,0,0,0,1,1,1,0,0,0
bfa,417058.0,2021,417.0,58,2,461.22342,519.92065,2,1,1,1,1,1,0,0,1,0,0,0,0,0,0,0,0,0,0,0,2.0,0,0,0,0,2,0,1,1,1,0,0
bfa,418001.0,2021,418.0,1,1,446.62717,557.96576,1,1,1,1,1,1,0,0,1,0,1,1,0,1,0,0,1,0,1,1,8.066729187965393,0,10,20,0,60,0,1,1,1,1,0
bfa,418022.0,2021,418.0,22,1,446.62717,557.96576,2,1,1,1,1,1,0,0,1,0,0,0,0,0,0,0,0,0,0,0,2.703583002090454,0,0,0,0,5,0,1,1,0,0,0
bfa,418047.0,2021,418.0,47,1,446.62717,557.96576,2,1,1,0,0,0,0,0,1,0,1,1,0,0,0,0,0,0,0,0,4.536071956157684,1,3,0,0,22,1,1,1,1,0,0
bfa,418049.0,2021,418.0,49,1,446.62717,557.96576,2,1,1,1,1,1,0,0,1,0,0,0,0,1,0,0,0,0,0,0,6.585991024971008,2,13,0,0,20,0,0,1,0,0,0
bfa,418085.0,2021,418.0,85,1,446.62717,557.96576,2,1,1,1,0,0,0,0,1,0,1,1,0,1,0,0,0,0,0,0,1.7453000247478485,0,6,0,0,20,0,1,1,0,0,0
bfa,418086.0,2021,418.0,86,1,446.62717,557.96576,2,1,1,1,1,1,0,0,1,0,0,0,0,0,0,0,0,0,0,0,2.713526666164398,0,4,0,0,15,0,1,1,1,0,0
bfa,419001.0,2021,419.0,1,2,295.05603,262.95782,2,1,0,0,0,0,0,0,1,0,0,0,0,0,0,0,0,0,0,0,2.9353105425834656,36,17,0,0,46,1,1,1,0,0,0
bfa,419002.0,2021,419.0,2,2,295.05603,262.95782,2,1,1,0,0,0,0,0,1,0,0,0,0,0,0,0,0,0,0,0,1.3676986694335938,24,37,0,0,30,0,0,0,0,0,0
bfa,419008.0,2021,419.0,8,2,295.05603,262.95782,2,1,1,1,0,0,0,0,1,0,0,0,0,0,0,0,0,0,0,0,3.183142066001892,12,0,0,0,10,1,1,1,0,0,0
bfa,419064.0,2021,419.0,64,2,295.05603,262.95782,2,1,0,0,0,0,0,0,1,0,0,0,0,0,0,0,0,0,0,0,4.827556371688843,0,10,0,0,18,0,0,1,0,0,0
bfa,419109.0,2021,419.0,109,2,295.05603,262.95782,2,0,1,1,0,0,0,0,1,0,0,0,0,0,0,0,0,0,0,0,7.3999998569488525,12,0,0,0,0,0,1,1,0,0,0
bfa,419117.0,2021,419.0,117,2,295.05603,262.95782,2,0,1,1,0,0,0,0,1,0,0,0,0,0,0,0,0,0,0,0,1.0199999809265137,0,2,0,0,0,0,1,1,0,0,0
bfa,420033.0,2021,420.0,33,2,585.2197,549.7477,2,1,1,1,0,0,0,0,1,0,0,0,0,0,0,0,0,0,0,0,8.28000020980835,2,0,0,0,45,0,1,1,0,0,0
bfa,420038.0,2021,420.0,38,2,585.2197,549.7477,2,1,1,1,0,0,0,0,1,0,0,0,0,0,0,0,0,0,0,0,13.010792851448059,30,6,0,0,12,1,0,1,0,0,0
bfa,420056.0,2021,420.0,56,2,585.2197,549.7477,2,0,1,1,0,0,0,0,1,0,0,0,0,0,0,0,0,0,0,0,5.099999904632568,4,0,0,0,0,1,1,1,0,0,0
bfa,420067.0,2021,420.0,67,2,585.2197,549.7477,2,1,1,1,0,0,0,0,1,0,1,0,0,0,0,0,0,0,0,0,2.3673325777053833,0,0,0,0,6,0,1,1,0,0,0
bfa,420078.0,2021,420.0,78,2,585.2197,549.7477,2,0,1,1,0,0,0,0,1,0,0,0,0,0,0,0,0,0,0,0,4.187987565994263,0,0,0,0,0,0,1,1,0,0,0
bfa,420123.0,2021,420.0,123,2,585.2197,549.7477,2,1,1,1,0,0,0,0,1,0,0,0,0,0,0,0,0,0,0,0,3.4129798412323,2,0,0,0,0,0,1,1,0,0,0
bfa,421145.0,2021,421.0,145,1,353.6265,359.37143,2,1,1,1,1,1,0,0,1,0,0,0,0,1,0,0,0,0,0,0,1.042099952697754,0,0,0,0,0,1,0,1,0,0,0
bfa,421152.0,2021,421.0,152,1,353.6265,359.37143,2,1,1,1,1,1,0,0,1,0,0,0,0,0,0,0,0,0,0,0,3.0818000435829163,0,0,0,0,28,0,0,1,0,0,0
bfa,421153.0,2021,421.0,153,1,353.6265,359.37143,2,1,1,1,1,1,0,0,1,0,0,0,0,1,0,0,0,0,0,0,1.528664231300354,4,0,0,0,4,0,0,1,0,0,0
bfa,421154.0,2021,421.0,154,1,353.6265,359.37143,1,1,1,1,1,1,0,0,1,0,0,0,0,1,0,0,0,0,0,0,3.1008108854293823,0,0,0,0,0,1,0,1,0,0,0
bfa,421158.0,2021,421.0,158,1,353.6265,359.37143,2,1,1,1,0,0,0,0,1,0,0,0,0,1,0,0,0,0,0,0,4.20624840259552,8,15,0,0,11,0,1,1,1,0,0
bfa,421165.0,2021,421.0,165,1,353.6265,359.37143,2,1,1,1,1,1,0,0,1,0,0,0,0,1,0,0,0,0,0,0,1.639900028705597,0,0,0,0,20,0,1,1,0,0,0
bfa,422024.0,2021,422.0,24,2,321.21005,31.558468,1,1,1,1,1,1,1,1,0,0,1,0,0,0,0,0,0,0,0,0,4.285899996757507,0,0,0,0,0,0,0,0,0,0,0
bfa,422069.0,2021,422.0,69,2,321.21005,31.558468,1,1,1,1,0,0,0,0,1,0,0,0,0,0,0,0,0,0,0,0,,0,0,0,0,0,0,0,0,0,0,0
bfa,422071.0,2021,422.0,71,2,321.21005,31.558468,1,1,1,1,1,1,1,1,0,0,1,0,0,1,0,1,0,0,1,0,1.2603687047958374,0,0,0,0,0,1,1,1,1,0,0
bfa,422072.0,2021,422.0,72,2,321.21005,31.558468,2,1,1,1,0,0,0,0,1,0,0,0,0,0,0,0,0,0,0,0,1.3778000175952911,6,0,0,0,0,0,1,1,0,0,0
bfa,422092.0,2021,422.0,92,2,321.21005,31.558468,2,1,1,1,1,1,1,1,0,0,0,0,0,1,0,0,0,0,0,0,2.2299998998641968,0,0,0,0,0,0,1,1,0,0,0
bfa,422128.0,2021,422.0,128,2,321.21005,31.558468,1,1,1,1,1,1,1,1,0,0,0,0,0,1,0,0,0,0,0,0,3.200000047683716,0,0,0,0,0,0,1,1,0,0,0
bfa,423090.0,2021,423.0,90,2,820.1781,91.696106,1,1,1,1,1,1,1,1,0,0,0,0,0,1,0,0,0,0,0,0,0.6128968000411987,0,3,0,0,0,0,0,1,0,0,0
bfa,423095.0,2021,423.0,95,2,820.1781,91.696106,4,1,1,1,0,0,0,0,1,0,1,0,0,0,0,0,0,0,0,0,0.28949999809265137,0,0,0,0,4,1,0,1,0,0,0
bfa,423096.0,2021,423.0,96,2,820.1781,91.696106,2,1,1,1,1,1,1,1,0,0,1,1,0,1,0,0,0,0,0,0,4.0,0,0,0,0,0,0,1,1,0,0,0
bfa,423097.0,2021,423.0,97,2,820.1781,91.696106,2,1,1,1,1,1,0,0,1,0,0,0,0,0,0,0,0,0,0,0,2.5811999440193176,0,0,0,0,0,0,0,0,0,0,0
bfa,423171.0,2021,423.0,171,2,820.1781,91.696106,2,1,1,1,1,1,1,1,0,0,1,0,0,0,0,0,0,0,0,0,7.5,0,8,0,0,7,1,1,1,0,0,0
bfa,423172.0,2021,423.0,172,2,820.1781,91.696106,2,1,1,1,1,1,0,0,1,0,0,0,0,0,0,0,0,0,0,0,5.010000169277191,0,0,0,0,0,0,1,0,0,0,0
bfa,424001.0,2021,424.0,1,2,268.5902,313.58542,2,1,1,1,0,0,0,0,1,0,1,0,0,0,0,0,0,0,0,0,1.4412704706192017,0,0,0,0,0,0,0,1,0,0,0
bfa,424002.0,2021,424.0,2,2,268.5902,313.58542,2,0,1,0,0,0,0,0,1,0,0,0,0,1,0,0,0,0,0,0,2.0,2,0,0,0,0,0,1,1,0,0,0
bfa,424025.0,2021,424.0,25,2,268.5902,313.58542,2,1,1,0,0,0,0,0,1,0,0,0,0,0,0,0,0,0,0,0,4.195204257965088,24,28,0,0,21,1,1,0,0,0,0
bfa,424064.0,2021,424.0,64,2,268.5902,313.58542,2,1,1,1,0,0,0,0,1,0,0,0,0,1,0,0,0,0,1,0,21.965410709381104,10,18,0,0,90,0,1,1,0,0,0
bfa,424080.0,2021,424.0,80,2,268.5902,313.58542,2,1,1,1,0,0,0,0,1,0,1,0,0,0,0,0,0,0,0,0,6.9968743324279785,0,6,0,0,24,0,1,1,0,0,0
bfa,424099.0,2021,424.0,99,2,268.5902,313.58542,2,0,1,0,0,0,0,0,1,0,0,0,0,0,0,0,0,0,0,0,2.7899999618530273,25,0,0,0,0,0,1,1,0,0,0
bfa,425014.0,2021,425.0,14,1,789.1682,1005.636,2,1,1,1,0,0,0,0,1,0,0,0,0,0,0,0,0,0,0,0,4.562899947166443,5,0,0,0,0,0,0,1,0,0,0
bfa,425034.0,2021,425.0,34,1,789.1682,1005.636,4,0,1,0,0,0,0,0,0,0,0,0,0,0,0,0,0,0,0,0,10.710490465164185,0,0,0,0,0,1,1,1,0,0,0
bfa,425035.0,2021,425.0,35,1,789.1682,1005.636,4,0,1,1,0,0,0,0,1,0,0,0,0,1,0,0,0,0,1,0,28.510042190551758,0,0,0,0,0,0,0,1,0,0,0
bfa,425053.0,2021,425.0,53,1,789.1682,1005.636,2,1,1,1,0,0,0,0,1,0,0,1,0,0,0,0,0,0,0,0,6.275600038468838,2,0,0,0,18,0,1,1,0,0,0
bfa,425092.0,2021,425.0,92,1,789.1682,1005.636,1,1,1,1,1,1,0,0,1,0,0,0,0,1,0,0,0,0,1,0,,0,4,0,0,30,0,0,1,0,0,0
bfa,425105.0,2021,425.0,105,1,789.1682,1005.636,2,1,1,0,0,0,0,0,1,0,1,1,0,1,0,0,0,0,0,0,13.05760008096695,7,49,24,0,95,1,1,1,0,0,0
bfa,426004.0,2021,426.0,4,1,345.42236,362.02896,1,1,1,1,1,1,1,1,0,0,0,0,0,1,1,0,0,0,0,0,4.1700080037117,2,12,0,0,10,0,1,1,0,0,0
bfa,426005.0,2021,426.0,5,1,345.42236,362.02896,1,0,1,1,1,1,1,1,0,0,0,0,0,1,1,0,0,0,1,0,4.411060571670532,4,26,0,0,12,0,1,1,0,0,0
bfa,426065.0,2021,426.0,65,1,345.42236,362.02896,2,1,1,0,1,1,1,1,0,0,0,0,0,0,0,0,0,0,0,0,1.9201313853263855,0,0,0,0,45,0,1,0,0,0,0
bfa,426095.0,2021,426.0,95,1,345.42236,362.02896,2,1,1,0,0,0,1,1,0,0,0,0,0,1,0,0,0,0,0,0,0.5112000107765198,0,0,0,0,0,0,0,0,0,0,0
bfa,426115.0,2021,426.0,115,1,345.42236,362.02896,2,1,1,1,0,0,1,1,0,0,0,0,0,1,0,0,0,0,0,0,2.398462414741516,2,5,0,0,10,0,1,1,0,0,0
bfa,426119.0,2021,426.0,119,1,345.42236,362.02896,1,1,1,1,0,0,0,0,1,0,0,0,0,1,0,0,0,0,1,0,1.8398999869823456,0,0,0,0,0,0,1,1,0,0,0
bfa,427089.0,2021,427.0,89,2,1341.4589,2057.829,2,1,1,1,0,0,0,0,1,0,0,0,0,0,0,0,0,0,0,0,3.263707160949707,3,12,0,0,8,0,1,1,0,0,0
bfa,427102.0,2021,427.0,102,2,1341.4589,2057.829,2,1,1,1,1,1,0,0,1,0,0,0,0,0,0,0,0,0,0,0,2.0103999376296997,0,0,0,0,17,0,0,1,0,0,0
bfa,427105.0,2021,427.0,105,2,1341.4589,2057.829,2,1,1,1,0,0,0,0,1,0,0,0,0,1,0,0,0,0,0,0,3.425599992275238,0,0,0,0,1350,0,0,1,0,0,0
bfa,427114.0,2021,427.0,114,2,1341.4589,2057.829,2,1,1,1,0,0,0,0,1,0,0,0,0,0,0,0,0,0,0,0,4.517098665237427,0,8,0,0,12,1,1,1,0,0,0
bfa,427181.0,2021,427.0,181,2,1341.4589,2057.829,1,1,1,1,1,1,0,0,1,0,0,0,0,0,0,0,0,0,0,0,8.272100016474724,0,0,0,0,30,0,1,1,0,0,0
bfa,427185.0,2021,427.0,185,2,1341.4589,2057.829,1,1,1,1,0,0,0,0,1,0,0,0,0,0,0,0,0,0,0,0,4.203799933195114,19,22,0,0,55,0,1,1,0,0,0
bfa,428008.0,2021,428.0,8,1,748.036,169.2061,4,1,1,1,1,1,1,1,0,1,0,0,0,1,0,0,0,0,0,0,1.2855852842330933,0,5,0,0,0,0,1,1,0,0,0
bfa,428057.0,2021,428.0,57,1,748.036,169.2061,1,1,1,1,1,1,1,1,0,0,0,1,0,0,0,0,0,0,0,0,3.375436305999756,0,0,0,0,0,0,0,1,0,0,0
bfa,428065.0,2021,428.0,65,1,748.036,169.2061,1,1,1,1,1,1,1,1,0,0,1,1,0,1,0,0,0,0,1,0,,0,0,0,0,0,0,0,1,0,0,0
bfa,428083.0,2021,428.0,83,1,748.036,169.2061,4,1,1,1,0,0,1,1,0,1,0,1,0,1,0,0,0,0,1,0,1.3324507474899292,0,0,0,0,0,0,0,0,0,0,1
bfa,428096.0,2021,428.0,96,1,748.036,169.2061,4,0,1,1,0,0,1,1,0,1,0,1,0,1,0,0,0,0,1,0,,0,0,0,0,0,0,0,0,0,0,0
bfa,428126.0,2021,428.0,126,1,748.036,169.2061,4,1,1,1,1,1,0,0,1,1,0,0,0,1,0,0,0,0,0,0,,0,0,0,0,0,0,0,0,1,0,0
bfa,429009.0,2021,429.0,9,2,498.21414,83.085884,4,1,1,1,1,1,1,1,0,1,1,1,0,1,0,0,0,0,0,0,,0,0,0,0,0,0,0,0,0,0,0
bfa,429028.0,2021,429.0,28,2,498.21414,83.085884,2,1,1,1,1,1,1,1,0,1,0,1,0,1,0,0,0,0,0,0,,0,0,0,0,0,0,0,0,0,0,0
bfa,429038.0,2021,429.0,38,2,498.21414,83.085884,4,1,1,1,1,1,1,1,0,0,0,0,0,1,0,0,0,0,1,0,,0,0,0,0,0,0,1,1,0,0,0
bfa,429051.0,2021,429.0,51,2,498.21414,83.085884,4,1,1,1,0,0,1,1,0,1,0,0,0,1,0,0,0,0,0,0,,0,0,0,0,0,0,0,0,0,0,0
bfa,429052.0,2021,429.0,52,2,498.21414,83.085884,4,1,1,1,0,0,1,1,0,0,0,0,0,1,0,0,0,0,0,0,,0,0,0,0,0,0,0,1,1,0,0
bfa,429055.0,2021,429.0,55,2,498.21414,83.085884,1,1,1,1,1,1,1,1,0,1,0,0,0,1,0,1,0,0,1,0,,0,7,0,0,9,0,0,1,0,0,0
bfa,430005.0,2021,430.0,5,1,474.0957,58.84862,1,1,1,1,1,1,0,0,1,1,0,0,0,1,0,0,0,0,1,0,,0,0,0,0,0,0,0,1,1,0,0
bfa,430007.0,2021,430.0,7,1,474.0957,58.84862,1,0,1,1,1,1,0,0,0,1,0,0,0,0,0,0,0,0,0,0,,0,0,0,0,0,1,0,0,0,0,0
bfa,430085.0,2021,430.0,85,1,474.0957,58.84862,1,1,1,1,1,1,1,1,0,1,0,0,0,0,0,0,0,0,0,0,,63,20,0,0,0,0,0,0,0,0,0
bfa,430089.0,2021,430.0,89,1,474.0957,58.84862,1,1,1,1,1,1,0,0,0,0,0,0,0,0,0,0,0,0,0,0,,0,0,0,0,0,0,0,0,0,0,0
bfa,430095.0,2021,430.0,95,1,474.0957,58.84862,3,1,1,1,1,1,0,0,0,0,0,0,0,0,0,0,0,0,0,0,,0,0,0,0,0,0,0,1,0,0,0
bfa,430140.0,2021,430.0,140,1,474.0957,58.84862,3,1,1,1,1,1,0,1,0,1,1,0,0,1,0,0,1,0,1,0,,0,0,0,0,0,1,0,1,0,0,0
bfa,431032.0,2021,431.0,32,1,522.7361,116.86019,4,1,1,1,1,1,1,1,0,1,0,0,0,1,0,0,0,0,0,0,,0,0,0,0,0,1,0,0,0,0,0
bfa,431033.0,2021,431.0,33,1,522.7361,116.86019,3,1,1,1,1,1,1,1,0,1,0,0,0,1,0,0,0,0,0,0,,0,0,0,0,0,0,0,1,0,0,0
bfa,431064.0,2021,431.0,64,1,522.7361,116.86019,3,1,1,1,1,1,1,1,0,1,1,0,0,1,0,0,0,0,0,0,,0,0,0,0,0,0,0,1,0,0,0
bfa,431097.0,2021,431.0,97,1,522.7361,116.86019,2,1,1,1,1,1,1,1,0,1,1,1,0,1,0,0,0,0,0,0,,0,0,0,0,0,0,0,1,0,0,0
bfa,431102.0,2021,431.0,102,1,522.7361,116.86019,2,1,1,1,0,0,1,1,0,0,0,0,0,1,0,0,0,0,1,0,,0,0,0,0,0,1,0,0,0,0,0
bfa,431114.0,2021,431.0,114,1,522.7361,116.86019,2,1,1,1,1,1,1,1,0,1,0,0,0,1,0,0,0,0,1,0,,0,0,0,0,0,1,0,1,0,0,0
bfa,432045.0,2021,432.0,45,1,632.68646,93.207565,1,1,1,1,1,1,1,1,0,0,0,0,0,1,0,0,0,0,1,0,,0,0,0,0,0,1,0,1,0,0,0
bfa,432130.0,2021,432.0,130,1,632.68646,93.207565,1,1,1,1,1,1,1,1,0,1,1,1,0,1,0,0,1,1,1,1,,0,0,0,0,0,0,0,0,0,0,0
bfa,432138.0,2021,432.0,138,1,632.68646,93.207565,1,1,1,1,1,1,1,1,0,1,1,1,1,1,0,1,1,1,1,1,,0,0,0,0,0,0,0,1,0,0,0
bfa,432176.0,2021,432.0,176,1,632.68646,93.207565,1,1,1,1,1,1,1,1,0,1,0,0,0,1,0,0,0,0,1,0,,0,0,0,0,0,1,0,1,0,0,0
bfa,432227.0,2021,432.0,227,1,632.68646,93.207565,1,1,1,1,1,1,1,1,0,0,0,0,0,1,0,0,0,0,0,0,,0,0,0,0,0,0,0,0,0,0,0
bfa,432256.0,2021,432.0,256,1,632.68646,93.207565,1,1,1,1,1,1,1,1,0,1,1,1,0,1,0,1,1,1,1,1,,0,0,0,0,0,1,0,0,0,0,0
bfa,433017.0,2021,433.0,17,2,1545.5592,289.54172,1,1,1,1,1,1,1,1,0,1,0,0,0,1,0,0,0,0,0,0,1.9937405586242676,0,0,0,0,0,0,0,1,0,0,0
bfa,433031.0,2021,433.0,31,2,1545.5592,289.54172,1,1,1,1,1,1,1,1,0,0,0,0,0,1,0,0,1,0,1,0,,0,0,0,0,10,1,0,1,0,0,0
bfa,433044.0,2021,433.0,44,2,1545.5592,289.54172,4,1,1,1,1,1,1,1,0,1,0,0,0,1,0,0,1,0,0,0,,0,0,0,0,0,1,0,1,0,0,0
bfa,433075.0,2021,433.0,75,2,1545.5592,289.54172,3,1,1,1,1,1,1,1,0,1,0,1,0,1,0,0,0,0,1,0,,0,0,0,0,0,0,0,0,0,0,0
bfa,433144.0,2021,433.0,144,2,1545.5592,289.54172,1,1,1,1,1,1,1,1,0,1,0,0,0,1,0,0,0,0,0,0,,0,2,0,0,6,1,0,1,0,0,0
bfa,433225.0,2021,433.0,225,2,1545.5592,289.54172,3,1,1,1,1,1,0,0,1,1,0,1,0,0,0,0,0,0,0,0,,0,0,0,0,0,1,1,0,0,0,0
bfa,434082.0,2021,434.0,82,1,1065.7823,195.84464,1,1,1,1,1,1,1,1,0,1,0,0,0,1,0,0,0,0,0,0,,0,0,0,0,0,1,0,1,0,0,0
bfa,434119.0,2021,434.0,119,1,1065.7823,195.84464,1,1,1,1,1,1,1,1,0,0,0,0,0,1,0,0,0,0,0,0,,0,0,0,0,0,0,0,0,0,0,0
bfa,434207.0,2021,434.0,207,1,1065.7823,195.84464,3,1,1,1,1,1,1,1,0,0,1,1,0,1,0,0,0,0,1,0,,0,0,0,0,0,0,0,1,0,0,0
bfa,434229.0,2021,434.0,229,1,1065.7823,195.84464,3,1,1,1,1,1,0,1,0,0,1,0,0,0,0,0,0,0,0,0,,0,0,0,0,0,0,0,1,0,0,0
bfa,434240.0,2021,434.0,240,1,1065.7823,195.84464,3,1,1,1,1,1,1,1,0,0,1,0,0,1,0,0,0,0,1,0,,0,0,0,0,0,0,0,1,0,0,0
bfa,434263.0,2021,434.0,263,1,1065.7823,195.84464,1,1,1,1,1,1,1,1,0,1,0,0,0,1,0,0,0,0,1,0,,0,0,0,0,0,1,0,0,0,0,0
bfa,435040.0,2021,435.0,40,1,817.7866,136.77585,3,1,1,1,1,1,1,1,0,1,0,0,0,1,0,0,0,0,0,0,,0,0,0,0,0,0,0,0,1,0,0
bfa,435042.0,2021,435.0,42,1,817.7866,136.77585,3,1,1,1,1,1,1,1,0,1,0,1,0,1,0,1,0,0,1,1,,0,0,0,0,0,0,0,0,0,0,0
bfa,435052.0,2021,435.0,52,1,817.7866,136.77585,3,1,1,1,1,1,1,1,0,1,1,1,0,1,0,0,0,0,1,0,,0,0,0,0,0,0,0,1,0,0,0
bfa,435088.0,2021,435.0,88,1,817.7866,136.77585,1,1,1,1,0,0,0,0,1,0,0,0,0,0,0,0,0,0,0,0,,0,0,0,0,0,0,0,1,0,0,0
bfa,435137.0,2021,435.0,137,1,817.7866,136.77585,1,1,1,1,1,1,1,1,0,0,1,1,0,1,0,0,0,0,1,0,,0,0,0,0,0,0,0,1,0,0,0
bfa,435165.0,2021,435.0,165,1,817.7866,136.77585,4,1,1,1,1,1,1,1,0,1,1,0,0,0,0,0,0,0,0,0,,0,0,0,0,0,0,0,0,0,0,0
bfa,436009.0,2021,436.0,9,1,310.3697,57.140896,1,1,1,1,1,1,1,1,0,0,0,0,0,1,0,1,0,0,0,0,,0,0,0,0,0,0,0,1,0,0,0
bfa,436018.0,2021,436.0,18,1,310.3697,57.140896,4,1,1,1,1,1,1,1,0,1,0,0,0,1,0,0,0,0,1,0,,0,0,0,0,0,0,0,1,0,0,0
bfa,436019.0,2021,436.0,19,1,310.3697,57.140896,1,1,1,1,1,1,0,0,0,1,0,1,0,0,0,0,0,0,0,0,,0,2,0,0,23,1,0,1,0,0,0
bfa,436061.0,2021,436.0,61,1,310.3697,57.140896,2,1,1,1,1,1,1,1,0,1,0,1,0,1,0,0,0,0,1,0,,0,0,0,0,0,0,0,1,0,0,0
bfa,436125.0,2021,436.0,125,1,310.3697,57.140896,1,1,1,1,1,1,1,1,0,1,1,1,0,1,0,0,0,0,0,1,,0,0,0,0,0,1,0,0,0,0,0
bfa,436138.0,2021,436.0,138,1,310.3697,57.140896,1,1,1,1,1,1,1,1,0,0,0,0,0,1,0,0,0,0,1,0,3.80154287815094,0,0,0,0,40,0,1,1,0,0,0
bfa,437057.0,2021,437.0,57,2,937.6851,1277.2311,1,1,1,1,1,1,1,1,0,0,0,0,0,1,1,0,0,0,0,0,2.4472415447235107,40,0,0,0,12,1,1,1,0,0,0
bfa,437116.0,2021,437.0,116,2,937.6851,1277.2311,2,1,1,1,0,0,0,0,1,0,0,0,0,1,0,0,0,0,0,0,5.685731500387192,2,23,0,0,12,0,1,1,0,0,0
bfa,437118.0,2021,437.0,118,2,937.6851,1277.2311,2,1,1,1,0,0,0,0,0,0,0,0,0,0,0,0,0,0,0,0,4.862700015306473,4,0,0,0,16,0,1,1,0,0,0
bfa,437119.0,2021,437.0,119,2,937.6851,1277.2311,1,1,1,1,1,1,0,0,1,0,0,0,0,0,0,0,0,0,0,0,2.359369993209839,4,0,0,0,3,1,0,1,0,0,0
bfa,437131.0,2021,437.0,131,2,937.6851,1277.2311,2,1,1,1,0,0,0,0,1,0,0,0,0,0,0,0,0,0,0,0,6.362000077962875,5,0,0,0,0,1,1,1,0,0,0
bfa,437180.0,2021,437.0,180,2,937.6851,1277.2311,2,1,1,1,1,1,0,0,0,0,0,0,0,0,0,0,0,0,0,0,2.85479998588562,2,5,0,0,15,0,0,1,0,0,0
bfa,438036.0,2021,438.0,36,2,436.13934,746.6085,2,1,1,1,1,1,0,0,1,0,0,0,0,0,0,0,0,0,0,0,18.58279973268509,1,8,0,0,30,1,1,1,0,0,0
bfa,438042.0,2021,438.0,42,2,436.13934,746.6085,2,1,1,1,1,1,0,0,0,0,1,0,0,0,0,0,0,0,0,0,6.039200067520142,0,6,0,0,12,0,0,1,0,0,0
bfa,438079.0,2021,438.0,79,2,436.13934,746.6085,2,1,1,0,1,1,0,0,1,0,1,0,0,0,0,0,0,0,0,0,4.174499958753586,4,0,0,0,15,0,1,1,0,0,0
bfa,438084.0,2021,438.0,84,2,436.13934,746.6085,2,1,1,0,0,0,0,0,1,0,1,0,0,0,0,0,0,0,0,0,4.542800039052963,3,6,0,0,8,0,1,1,0,0,0
bfa,438085.0,2021,438.0,85,2,436.13934,746.6085,2,1,1,1,0,0,0,0,1,0,1,1,0,0,0,0,0,0,0,0,2.6460999846458435,5,7,0,0,30,0,0,1,0,0,0
bfa,438090.0,2021,438.0,90,2,436.13934,746.6085,2,1,1,1,0,0,0,0,1,1,0,0,0,0,0,0,0,0,0,0,14.230909883975983,1,15,0,0,80,0,1,1,0,0,0
bfa,439005.0,2021,439.0,5,2,478.91855,1184.2687,2,1,1,1,1,1,0,0,1,0,0,0,0,0,0,0,0,0,0,0,5.7414000034332275,0,0,0,0,10,0,0,1,1,0,0
bfa,439013.0,2021,439.0,13,2,478.91855,1184.2687,2,1,1,1,1,1,0,0,1,0,0,0,0,1,0,0,0,0,1,0,8.433900356292725,0,0,12,0,34,0,0,1,0,0,0
bfa,439021.0,2021,439.0,21,2,478.91855,1184.2687,2,1,1,1,1,1,0,0,1,0,0,0,0,1,0,0,0,0,0,0,2.9980000257492065,9,10,7,0,10,0,0,0,0,0,0
bfa,439056.0,2021,439.0,56,2,478.91855,1184.2687,2,1,1,0,0,0,0,0,1,0,0,0,0,0,0,0,0,0,0,0,3.2863000333309174,0,29,0,0,20,0,0,0,0,0,0
bfa,439058.0,2021,439.0,58,2,478.91855,1184.2687,2,1,1,1,1,1,0,0,1,0,0,0,0,0,0,0,0,0,0,0,13.946000099182129,0,10,0,0,10,0,0,0,0,0,0
bfa,439097.0,2021,439.0,97,2,478.91855,1184.2687,2,1,0,0,1,1,0,0,0,0,0,0,0,0,0,0,0,0,0,0,3.85260009765625,0,0,5,0,19,0,0,1,0,0,0
bfa,440005.0,2021,440.0,5,1,713.68256,1142.7682,2,1,1,1,1,0,0,0,1,0,0,0,0,0,0,0,0,0,0,0,7.890150010585785,0,40,0,0,30,0,0,1,0,0,0
bfa,440014.0,2021,440.0,14,1,713.68256,1142.7682,2,1,1,0,0,0,0,0,1,0,0,0,0,0,0,0,0,0,0,0,11.227999985218048,0,15,0,0,35,0,0,0,0,0,0
bfa,440024.0,2021,440.0,24,1,713.68256,1142.7682,2,1,1,1,1,1,0,0,1,0,1,0,0,0,0,0,0,0,0,0,7.034500241279602,0,5,0,0,12,0,0,0,0,0,0
bfa,440027.0,2021,440.0,27,1,713.68256,1142.7682,2,1,0,0,0,0,0,0,0,0,0,0,0,0,0,0,0,0,0,0,1.073199987411499,2,8,0,0,0,0,0,1,0,0,0
bfa,440089.0,2021,440.0,89,1,713.68256,1142.7682,2,1,1,1,1,0,0,0,1,0,0,0,0,0,0,0,0,0,0,0,6.70196008682251,0,14,0,0,18,0,0,1,0,0,0
bfa,440093.0,2021,440.0,93,1,713.68256,1142.7682,2,1,0,0,1,0,0,0,1,0,0,0,0,0,0,0,0,0,0,0,11.118399858474731,0,25,0,0,60,0,0,1,0,0,0
bfa,441061.0,2021,441.0,61,1,1496.9927,2514.09,2,1,1,1,0,0,0,0,1,0,0,0,0,0,0,0,0,0,0,0,6.981828063726425,2,25,0,0,40,1,0,0,0,0,0
bfa,441111.0,2021,441.0,111,1,1496.9927,2514.09,2,1,1,0,1,1,0,0,1,0,0,0,0,1,0,0,0,0,0,0,6.291300043463707,2,0,0,0,25,0,1,0,0,0,0
bfa,441116.0,2021,441.0,116,1,1496.9927,2514.09,2,0,1,0,1,1,0,0,1,0,0,0,0,0,0,0,0,0,0,0,3.601400002837181,5,8,0,0,8,1,1,1,0,0,0
bfa,441123.0,2021,441.0,123,1,1496.9927,2514.09,2,0,1,1,1,0,0,0,0,0,0,0,0,0,0,0,0,0,0,0,3.0466000735759735,4,21,0,0,15,0,1,1,0,1,0
bfa,441154.0,2021,441.0,154,1,1496.9927,2514.09,2,1,1,0,1,1,0,0,0,0,0,0,0,0,0,0,0,0,0,0,12.514099657535553,1,0,0,0,2,0,1,1,1,0,0
bfa,441171.0,2021,441.0,171,1,1496.9927,2514.09,2,1,1,0,1,1,0,0,0,0,0,0,0,0,0,0,0,0,0,0,2.6485999822616577,20,12,0,0,15,0,1,1,0,0,0
bfa,442001.0,2021,442.0,1,2,845.3043,902.59955,2,1,1,1,0,0,0,0,0,0,0,0,0,1,0,0,0,0,0,0,17.292199730873108,2,24,0,0,25,0,0,0,0,0,0
bfa,442058.0,2021,442.0,58,2,845.3043,902.59955,2,1,0,0,0,0,0,0,0,0,0,0,0,0,0,0,0,0,0,0,6.754274249076843,7,0,0,0,12,0,1,1,0,0,0
bfa,442118.0,2021,442.0,118,2,845.3043,902.59955,2,1,1,1,0,0,0,0,1,0,0,0,0,1,0,0,0,0,0,0,7.305793642997742,0,5,0,0,15,0,0,1,0,0,0
bfa,442126.0,2021,442.0,126,2,845.3043,902.59955,2,1,1,0,0,0,0,0,0,0,0,0,0,1,0,0,0,0,0,0,7.853320002555847,10,20,0,0,10,1,1,1,1,0,0
bfa,442131.0,2021,442.0,131,2,845.3043,902.59955,2,1,1,0,0,0,0,0,1,0,0,0,0,1,0,0,0,0,0,0,6.969199895858765,5,15,0,0,36,1,1,1,0,0,0
bfa,442143.0,2021,442.0,143,2,845.3043,902.59955,2,1,1,1,1,1,0,0,1,0,0,0,0,0,0,0,0,0,0,0,8.882883071899414,7,0,10,0,32,0,1,1,1,0,0
bfa,443011.0,2021,443.0,11,1,430.4752,1090.7692,2,1,1,0,0,0,0,0,1,0,0,0,0,0,0,0,0,0,0,0,11.821299955248833,21,47,0,0,16,0,1,1,0,0,0
bfa,443040.0,2021,443.0,40,1,430.4752,1090.7692,2,1,1,0,0,0,0,0,1,0,0,0,0,1,0,0,0,0,0,0,7.234200015664101,7,4,0,0,70,0,0,0,0,0,0
bfa,443053.0,2021,443.0,53,1,430.4752,1090.7692,2,1,1,1,0,0,0,0,1,0,0,0,0,1,0,0,0,0,0,0,10.85070013999939,3,2,0,0,49,1,0,0,0,0,0
bfa,443083.0,2021,443.0,83,1,430.4752,1090.7692,2,0,1,1,0,0,0,0,1,0,0,0,0,1,0,0,0,0,0,0,13.734800159931183,8,16,0,0,12,0,1,1,0,1,0
bfa,443086.0,2021,443.0,86,1,430.4752,1090.7692,2,1,1,1,0,0,0,0,1,0,0,0,0,1,0,0,0,0,1,0,8.955700039863586,9,0,0,0,10,0,1,1,1,0,0
bfa,443100.0,2021,443.0,100,1,430.4752,1090.7692,2,0,1,1,0,0,0,0,1,0,0,0,0,1,0,0,0,0,0,0,19.232400000095367,15,90,0,0,60,1,1,1,0,1,0
bfa,444014.0,2021,444.0,14,1,1737.0764,2722.807,4,1,1,1,1,1,0,0,0,0,1,0,0,0,0,0,0,0,0,0,1.5411999225616455,0,5,0,0,0,1,0,0,0,0,0
bfa,444027.0,2021,444.0,27,1,1737.0764,2722.807,2,1,1,1,1,1,0,0,1,0,0,0,0,0,0,0,0,0,0,0,4.093599915504456,0,27,0,0,100,0,0,0,0,0,0
bfa,444115.0,2021,444.0,115,1,1737.0764,2722.807,2,0,0,0,1,1,0,0,0,0,0,0,0,0,0,0,0,0,0,0,3.356100022792816,40,30,0,0,50,0,1,1,0,0,0
bfa,444145.0,2021,444.0,145,1,1737.0764,2722.807,2,0,1,0,0,0,0,0,0,0,0,0,0,0,0,0,0,0,0,0,2.8491999953985214,0,3,0,0,5,1,1,1,0,0,0
bfa,444159.0,2021,444.0,159,1,1737.0764,2722.807,2,0,1,0,1,0,0,0,1,0,0,0,0,0,0,0,0,0,0,0,33.52190017700195,14,6,0,0,12,0,1,1,0,1,0
bfa,444175.0,2021,444.0,175,1,1737.0764,2722.807,2,1,1,1,1,1,0,0,1,0,0,0,0,0,0,0,0,0,0,0,1.32260000705719,51,45,0,0,40,0,1,1,1,0,0
bfa,445068.0,2021,445.0,68,1,1024.1547,1409.0267,2,1,1,1,0,0,0,0,1,0,0,0,0,0,0,0,0,0,0,0,5.509999871253967,8,24,0,0,40,0,0,1,0,0,0
bfa,445128.0,2021,445.0,128,1,1024.1547,1409.0267,4,1,1,1,1,1,0,0,1,0,0,0,0,0,0,0,0,0,0,0,,0,0,0,0,0,1,0,1,0,0,0
bfa,445164.0,2021,445.0,164,1,1024.1547,1409.0267,1,0,1,1,0,0,0,0,1,0,0,0,0,1,0,0,0,0,0,0,8.690000057220459,0,11,0,0,20,0,1,1,0,0,0
bfa,445189.0,2021,445.0,189,1,1024.1547,1409.0267,2,1,1,1,0,0,0,0,1,0,0,1,0,0,0,0,0,0,0,0,9.861599445343018,6,10,0,0,20,0,1,1,0,0,0
bfa,445200.0,2021,445.0,200,1,1024.1547,1409.0267,2,1,1,0,0,0,0,0,0,0,0,1,0,0,0,0,0,0,0,0,3.730230450630188,0,0,2,0,5,0,1,1,1,0,0
bfa,445249.0,2021,445.0,249,1,1024.1547,1409.0267,2,0,1,1,0,0,0,0,1,0,0,0,0,1,0,0,0,0,0,0,1.6800000071525574,3,4,0,0,29,0,1,1,0,0,0
bfa,446041.0,2021,446.0,41,1,1979.2797,2413.5264,2,1,1,0,1,1,0,0,1,0,0,0,0,0,0,0,0,0,0,0,7.5533998012542725,11,3,0,0,30,1,1,1,0,0,0
bfa,446085.0,2021,446.0,85,1,1979.2797,2413.5264,4,1,0,0,0,0,0,0,0,0,0,0,0,0,0,0,0,0,0,0,2.3838000297546387,0,0,0,0,0,0,1,0,0,0,0
bfa,446087.0,2021,446.0,87,1,1979.2797,2413.5264,2,1,1,0,1,1,0,0,1,0,0,0,0,0,0,0,0,0,0,0,12.717599749565125,12,0,0,0,40,0,1,1,0,0,0
bfa,446093.0,2021,446.0,93,1,1979.2797,2413.5264,2,1,1,1,1,1,0,0,1,0,0,0,0,1,0,0,0,0,0,0,14.494800180196762,1,3,0,0,56,0,1,0,0,0,0
bfa,446126.0,2021,446.0,126,1,1979.2797,2413.5264,2,0,1,1,1,0,0,0,1,0,0,0,0,0,0,0,0,0,0,0,13.390500091016293,7,15,0,0,10,1,1,1,0,0,0
bfa,446208.0,2021,446.0,208,1,1979.2797,2413.5264,2,0,1,0,1,1,0,0,0,0,0,0,0,0,0,0,0,0,0,0,5.023999929428101,5,0,0,0,6,0,1,1,0,1,0
bfa,447003.0,2021,447.0,3,2,737.00555,1215.9651,2,1,1,0,1,1,0,0,1,0,0,0,0,1,0,0,0,0,0,0,1.9079000353813171,1,3,0,0,5,0,0,0,0,0,0
bfa,447005.0,2021,447.0,5,2,737.00555,1215.9651,2,1,1,1,0,0,0,0,1,0,0,0,0,0,0,0,0,0,0,0,2.089099943637848,9,6,0,0,0,0,1,0,1,0,0
bfa,447071.0,2021,447.0,71,2,737.00555,1215.9651,2,1,1,1,1,0,0,0,1,0,0,0,0,1,0,0,0,0,0,0,7.612800121307373,0,8,0,0,12,0,0,1,0,0,0
bfa,447125.0,2021,447.0,125,2,737.00555,1215.9651,2,1,1,1,1,1,0,0,1,0,0,0,0,1,0,0,0,0,0,0,3.371696710586548,3,37,0,0,30,0,1,0,0,0,0
bfa,447133.0,2021,447.0,133,2,737.00555,1215.9651,2,1,1,1,0,0,1,1,0,0,0,0,0,1,0,0,0,0,0,0,5.855220675468445,0,18,0,0,28,0,1,0,0,0,0
bfa,447148.0,2021,447.0,148,2,737.00555,1215.9651,2,1,1,1,1,1,0,0,1,0,0,1,0,1,0,0,0,0,0,0,6.114199876785278,0,7,0,0,3,0,1,0,0,0,0
bfa,448013.0,2021,448.0,13,1,423.05927,715.3493,2,1,1,0,1,1,0,0,0,0,0,0,0,0,0,0,0,0,0,0,3.7217000126838684,5,4,0,0,3,1,0,1,0,0,0
bfa,448027.0,2021,448.0,27,1,423.05927,715.3493,2,0,1,1,1,1,0,0,1,0,0,0,0,1,0,0,0,0,0,0,9.018399834632874,5,10,0,0,20,0,0,1,0,0,0
bfa,448062.0,2021,448.0,62,1,423.05927,715.3493,2,0,1,0,1,1,0,0,1,0,0,0,0,0,0,0,0,0,0,0,14.761800169944763,40,37,8,0,42,0,0,1,0,0,0
bfa,448067.0,2021,448.0,67,1,423.05927,715.3493,2,1,1,1,0,0,0,0,0,0,0,0,0,1,0,0,0,0,0,0,2.0936999917030334,40,40,0,0,30,0,0,0,0,0,0
bfa,448076.0,2021,448.0,76,1,423.05927,715.3493,2,1,1,1,1,1,0,0,1,0,0,0,0,0,0,0,0,0,0,0,,0,0,0,0,0,0,0,1,0,0,0
bfa,448077.0,2021,448.0,77,1,423.05927,715.3493,2,0,1,1,1,1,0,0,1,0,0,0,0,1,0,0,0,0,1,0,40.12839937210083,15,8,12,0,170,0,0,1,0,0,0
bfa,449008.0,2021,449.0,8,2,771.40686,1338.3832,1,1,1,1,1,1,0,0,1,1,0,0,0,0,0,0,0,0,0,0,3.0390000343322754,0,6,4,0,16,0,0,0,0,0,0
bfa,449034.0,2021,449.0,34,2,771.40686,1338.3832,2,1,1,1,1,0,0,0,1,0,0,0,0,0,0,0,0,0,0,0,5.671099901199341,0,5,0,0,20,0,1,0,0,0,0
bfa,449112.0,2021,449.0,112,2,771.40686,1338.3832,2,1,0,0,1,1,0,0,0,0,0,0,0,0,0,0,0,0,0,0,3.1304999589920044,0,0,0,0,0,0,0,0,0,0,0
bfa,449120.0,2021,449.0,120,2,771.40686,1338.3832,2,1,1,0,0,0,0,0,0,0,0,0,0,0,0,0,0,0,0,0,1.8792999982833862,4,7,0,0,4,0,0,0,0,0,0
bfa,449138.0,2021,449.0,138,2,771.40686,1338.3832,4,1,1,1,1,1,0,0,1,0,0,0,0,0,0,0,0,0,0,0,1.3408098220825195,0,4,0,0,9,0,0,0,0,0,0
bfa,449142.0,2021,449.0,142,2,771.40686,1338.3832,2,1,1,0,1,1,0,0,0,0,0,0,0,0,0,0,0,0,0,0,1.0006999969482422,0,8,0,0,6,0,0,0,0,0,0
bfa,450036.0,2021,450.0,36,2,869.22876,1173.242,2,1,0,0,0,0,0,0,1,0,0,0,0,0,0,0,0,0,0,0,2.8025999665260315,0,0,0,0,15,1,0,0,0,0,0
bfa,450069.0,2021,450.0,69,2,869.22876,1173.242,2,1,1,1,1,1,1,1,0,0,0,0,0,0,0,0,0,0,0,0,7.315010070800781,0,8,0,0,25,0,0,1,0,0,0
bfa,450073.0,2021,450.0,73,2,869.22876,1173.242,2,1,1,1,1,1,1,1,0,0,0,0,0,0,0,0,0,0,0,0,1.561799943447113,4,0,0,0,6,0,0,0,0,0,0
bfa,450134.0,2021,450.0,134,2,869.22876,1173.242,2,1,1,1,1,1,1,1,0,0,0,0,0,0,0,0,0,0,0,0,9.764899969100952,0,0,0,0,0,0,0,1,0,0,0
bfa,450135.0,2021,450.0,135,2,869.22876,1173.242,2,1,1,1,1,1,0,0,1,1,0,0,0,0,0,0,0,0,0,0,5.331200003623962,0,4,0,0,22,0,0,1,0,0,0
bfa,450141.0,2021,450.0,141,2,869.22876,1173.242,2,1,1,0,1,1,0,0,1,0,0,0,0,1,0,0,0,0,0,0,4.4374998807907104,0,0,0,0,16,0,1,1,0,0,0
bfa,451013.0,2021,451.0,13,1,630.26514,946.86505,2,0,1,0,0,0,0,0,0,0,0,0,0,0,0,0,0,0,0,0,4.296900033950806,0,6,0,0,17,0,0,1,0,0,0
bfa,451022.0,2021,451.0,22,1,630.26514,946.86505,2,1,1,1,0,0,0,0,0,0,0,0,0,0,0,0,0,0,0,0,9.148300111293793,0,20,0,0,0,0,0,1,0,0,0
bfa,451049.0,2021,451.0,49,1,630.26514,946.86505,2,1,1,1,1,0,0,0,1,0,0,0,0,0,0,0,0,0,0,0,4.613800048828125,0,16,0,0,12,0,0,1,0,0,0
bfa,451056.0,2021,451.0,56,1,630.26514,946.86505,2,1,1,1,1,1,0,0,1,0,0,0,0,1,0,0,0,0,0,0,2.8700401186943054,0,19,0,0,18,0,0,1,0,0,0
bfa,451072.0,2021,451.0,72,1,630.26514,946.86505,2,0,1,0,1,1,0,0,1,0,0,0,0,0,0,0,0,0,0,0,7.316100060939789,0,10,0,0,14,0,0,1,0,0,0
bfa,451086.0,2021,451.0,86,1,630.26514,946.86505,2,1,0,0,1,1,0,0,1,0,0,0,0,0,0,0,0,0,0,0,2.342799961566925,0,10,0,0,0,0,0,1,0,0,0
bfa,452040.0,2021,452.0,40,2,1090.5369,267.2204,2,1,1,0,1,1,0,0,0,0,0,1,0,0,0,0,0,0,0,0,3.330000013113022,0,2,0,0,10,0,0,1,0,0,0
bfa,452042.0,2021,452.0,42,2,1090.5369,267.2204,2,1,1,1,1,1,0,0,1,0,0,1,0,0,0,0,0,0,0,0,4.7200000286102295,0,9,0,0,20,0,0,1,0,0,0
bfa,452073.0,2021,452.0,73,2,1090.5369,267.2204,2,1,1,1,1,1,1,1,0,0,1,1,0,0,0,0,0,0,0,0,9.286632478237152,20,15,0,0,30,0,1,1,0,0,0
bfa,452103.0,2021,452.0,103,2,1090.5369,267.2204,2,1,1,0,1,1,0,0,1,0,0,0,0,0,0,0,0,0,0,0,4.128724634647369,0,0,0,0,0,0,1,1,0,0,0
bfa,452131.0,2021,452.0,131,2,1090.5369,267.2204,2,1,1,1,1,1,1,1,0,0,1,0,0,1,0,0,0,0,0,0,6.696753233671188,4,7,0,0,15,0,1,0,0,0,0
bfa,452134.0,2021,452.0,134,2,1090.5369,267.2204,2,0,1,1,1,1,1,1,0,0,1,0,0,1,0,0,0,0,0,0,2.968326687812805,1,2,0,0,4,0,0,0,1,0,0
bfa,453002.0,2021,453.0,2,2,1664.4274,565.557,2,1,1,1,1,1,0,0,1,0,0,0,0,0,0,0,0,0,0,0,8.717371702194214,2,6,0,0,40,0,1,1,0,0,0
bfa,453082.0,2021,453.0,82,2,1664.4274,565.557,2,0,1,1,1,1,0,0,1,0,1,0,0,0,0,0,0,0,0,0,1.700787901878357,0,3,0,0,0,1,0,1,0,0,0
bfa,453095.0,2021,453.0,95,2,1664.4274,565.557,2,1,1,0,1,1,0,0,1,0,0,0,0,1,0,0,0,0,0,0,7.298010408878326,0,0,0,0,0,1,1,0,0,0,0
bfa,453101.0,2021,453.0,101,2,1664.4274,565.557,2,1,1,1,1,1,0,0,1,0,1,0,0,0,0,0,0,0,0,0,4.104742348194122,0,5,0,0,12,0,1,0,0,0,0
bfa,453146.0,2021,453.0,146,2,1664.4274,565.557,2,1,1,1,1,1,0,0,1,0,1,0,0,0,0,0,0,0,0,0,4.53723680973053,0,10,0,0,6,1,1,0,0,0,0
bfa,453148.0,2021,453.0,148,2,1664.4274,565.557,2,1,1,0,1,1,0,0,0,0,0,0,0,0,0,0,0,0,0,0,7.202900648117065,0,25,0,0,5,1,1,0,0,0,0
bfa,454028.0,2021,454.0,28,2,388.6222,466.65552,3,1,1,1,1,1,1,1,0,0,1,1,0,1,0,0,1,0,0,0,,0,0,0,0,0,0,0,1,0,0,0
bfa,454117.0,2021,454.0,117,2,388.6222,466.65552,4,1,1,1,1,1,0,0,1,0,1,0,0,1,0,0,0,0,0,0,2.1732616424560547,0,0,0,0,0,0,0,0,0,0,0
bfa,454127.0,2021,454.0,127,2,388.6222,466.65552,1,1,1,1,1,1,0,0,1,0,1,1,0,0,0,0,0,1,0,0,,0,0,0,0,0,0,0,1,0,0,0
bfa,454169.0,2021,454.0,169,2,388.6222,466.65552,2,1,1,1,1,1,0,0,1,0,0,1,0,0,0,0,0,0,0,0,2.8248581886291504,3,16,0,0,15,0,1,1,0,0,0
bfa,454172.0,2021,454.0,172,2,388.6222,466.65552,2,1,1,1,1,1,0,0,0,0,0,1,0,0,0,0,0,0,0,0,1.5619137287139893,0,0,0,0,0,0,1,1,0,0,0
bfa,454261.0,2021,454.0,261,2,388.6222,466.65552,1,1,1,1,1,1,0,0,0,0,1,0,0,1,0,0,0,0,0,0,,0,0,0,0,0,0,0,0,0,0,0
bfa,455008.0,2021,455.0,8,1,196.3989,150.241,1,1,1,1,1,1,1,1,0,1,0,1,0,1,0,0,0,0,1,0,,0,0,0,0,0,1,0,0,0,0,0
bfa,455012.0,2021,455.0,12,1,196.3989,150.241,2,1,1,1,1,1,1,0,1,0,0,1,0,1,0,0,0,0,1,0,1.2304221391677856,0,1,0,0,0,0,1,1,0,0,0
bfa,455026.0,2021,455.0,26,1,196.3989,150.241,3,1,1,1,1,1,1,1,0,1,1,1,0,1,1,1,1,0,1,0,,0,0,0,0,15,0,0,0,0,0,0
bfa,455050.0,2021,455.0,50,1,196.3989,150.241,2,1,1,1,1,1,0,0,0,0,0,1,0,0,0,0,0,0,0,0,1.4600000381469727,0,4,0,0,6,0,1,0,0,0,0
bfa,455136.0,2021,455.0,136,1,196.3989,150.241,1,1,1,1,1,1,0,0,1,1,0,1,0,1,0,0,0,0,0,0,1.7074276208877563,0,0,0,0,0,0,0,1,0,0,0
bfa,456010.0,2021,456.0,10,2,1001.6774,293.90363,2,1,1,1,1,1,0,0,0,0,0,1,0,0,0,0,0,0,0,0,4.729999989271164,0,11,0,0,12,0,0,1,0,0,0
bfa,456042.0,2021,456.0,42,2,1001.6774,293.90363,2,1,1,1,1,1,0,0,1,0,0,0,0,0,0,0,0,0,0,0,7.2731000781059265,2,9,0,0,1,0,1,1,0,0,0
bfa,456049.0,2021,456.0,49,2,1001.6774,293.90363,2,0,1,0,1,1,0,0,1,0,1,0,0,0,0,0,0,0,0,0,10.479180961847305,26,30,0,0,50,1,1,1,0,0,0
bfa,456080.0,2021,456.0,80,2,1001.6774,293.90363,2,1,1,1,1,1,0,0,1,0,0,1,0,0,0,0,0,0,0,0,8.543200194835663,8,13,2,0,35,0,1,1,0,0,0
bfa,456081.0,2021,456.0,81,2,1001.6774,293.90363,2,1,1,1,1,1,0,0,1,0,0,1,0,0,0,0,0,0,0,0,10.130000114440918,6,15,0,0,20,0,1,1,0,0,0
bfa,456103.0,2021,456.0,103,2,1001.6774,293.90363,2,1,1,0,1,1,0,0,1,0,1,1,0,0,0,0,0,0,0,0,4.135900050401688,0,4,5,0,45,1,1,1,1,0,0
bfa,457005.0,2021,457.0,5,2,659.98724,222.36554,2,1,1,1,1,1,0,0,1,0,1,0,0,1,0,0,0,0,0,0,5.159209966659546,2,5,0,0,10,0,0,1,0,0,0
bfa,457027.0,2021,457.0,27,2,659.98724,222.36554,2,1,1,1,0,0,0,0,1,0,0,0,0,1,0,0,0,0,0,0,3.1206849217414856,0,5,0,0,30,0,0,1,0,0,0
bfa,457030.0,2021,457.0,30,2,659.98724,222.36554,2,1,1,1,1,1,0,0,1,0,1,0,0,0,0,0,0,0,0,0,2.534435272216797,25,3,0,0,3,0,1,1,0,0,0
bfa,457040.0,2021,457.0,40,2,659.98724,222.36554,2,1,1,1,1,1,0,0,1,0,0,0,0,0,0,0,0,0,0,0,7.535066306591034,0,0,0,0,25,1,1,1,0,0,0
bfa,457042.0,2021,457.0,42,2,659.98724,222.36554,2,1,1,1,1,1,0,0,0,0,0,0,0,0,0,0,0,0,0,0,5.457282900810242,1,0,0,0,5,0,0,0,0,0,0
bfa,457046.0,2021,457.0,46,2,659.98724,222.36554,2,1,1,0,1,1,0,0,0,0,0,0,0,0,0,0,0,0,0,0,7.2101463079452515,0,0,0,0,0,0,0,1,0,0,0
bfa,458072.0,2021,458.0,72,1,2053.2937,640.5592,3,1,1,1,0,0,0,0,0,0,0,0,0,0,0,0,0,0,0,0,1.192844033241272,0,0,0,0,0,0,1,1,0,0,0
bfa,458074.0,2021,458.0,74,1,2053.2937,640.5592,2,1,1,0,1,1,0,0,0,0,0,0,0,0,0,0,0,0,0,0,0.991479218006134,0,0,0,0,0,0,0,1,0,0,0
bfa,458076.0,2021,458.0,76,1,2053.2937,640.5592,1,1,1,1,1,1,0,0,1,1,0,1,0,1,0,0,0,0,1,1,1.2599895000457764,15,20,0,0,30,1,0,1,0,0,0
bfa,458077.0,2021,458.0,77,1,2053.2937,640.5592,1,1,1,1,0,0,0,0,0,0,0,1,0,0,0,0,0,0,0,0,3.5688162446022034,0,2,0,0,10,0,1,1,1,0,0
bfa,458149.0,2021,458.0,149,1,2053.2937,640.5592,2,1,1,1,1,1,0,1,0,0,0,1,0,0,0,0,0,0,0,0,,0,0,0,0,0,0,0,0,0,0,0
bfa,459026.0,2021,459.0,26,2,1411.0587,474.7674,4,0,1,0,0,0,0,0,1,0,0,0,0,1,0,0,0,0,0,0,2.5673051476478577,0,30,0,0,12,1,0,0,0,0,0
bfa,459031.0,2021,459.0,31,2,1411.0587,474.7674,2,0,0,0,0,0,0,0,0,0,0,0,0,0,0,0,0,0,0,0,1.2245521545410156,0,5,0,0,10,0,1,1,0,0,0
bfa,459071.0,2021,459.0,71,2,1411.0587,474.7674,4,0,1,1,0,0,0,0,1,0,0,0,0,0,0,0,0,0,0,0,2.2141072154045105,0,0,0,0,6,0,1,0,0,0,0
bfa,459075.0,2021,459.0,75,2,1411.0587,474.7674,2,1,1,1,0,0,0,0,0,0,0,0,0,0,0,0,0,0,0,0,4.104584753513336,0,8,0,0,0,1,1,1,0,0,0
bfa,459077.0,2021,459.0,77,2,1411.0587,474.7674,2,1,1,1,0,0,0,0,1,1,0,0,0,0,0,0,0,0,0,0,4.849704623222351,0,10,0,0,0,0,0,1,0,0,0
bfa,459081.0,2021,459.0,81,2,1411.0587,474.7674,2,1,1,1,1,1,0,0,1,0,0,0,0,0,0,0,0,0,0,0,3.976530373096466,0,3,0,0,30,0,0,1,0,0,0
bfa,460001.0,2021,460.0,1,1,1006.4894,262.04694,2,1,1,1,1,1,0,0,1,0,0,0,0,0,0,0,0,0,0,0,3.4140801429748535,8,16,0,0,30,0,1,1,0,0,0
bfa,460005.0,2021,460.0,5,1,1006.4894,262.04694,2,1,0,0,1,1,0,0,0,0,0,0,0,0,0,0,0,0,0,0,2.195758283138275,10,8,0,0,17,0,1,1,0,0,0
bfa,460006.0,2021,460.0,6,1,1006.4894,262.04694,2,0,0,0,1,1,0,0,1,0,0,0,0,0,0,0,0,0,0,0,1.8906254768371582,25,19,0,0,24,0,1,1,0,0,0
bfa,460016.0,2021,460.0,16,1,1006.4894,262.04694,2,1,1,0,0,0,0,0,1,1,0,0,0,1,0,0,0,0,0,0,4.775291740894318,31,10,0,0,20,1,1,1,0,0,0
bfa,460017.0,2021,460.0,17,1,1006.4894,262.04694,2,1,0,1,0,0,0,0,1,0,0,0,0,0,0,0,0,0,0,0,7.54931116104126,2,12,0,0,26,1,1,1,0,0,0
bfa,460079.0,2021,460.0,79,1,1006.4894,262.04694,2,1,1,0,0,0,0,0,1,1,0,0,0,0,0,0,0,0,0,0,2.63008189201355,1,0,0,0,5,0,1,1,0,0,0
bfa,461004.0,2021,461.0,4,2,4358.4062,1229.1484,2,1,1,1,1,1,0,0,1,0,0,0,0,0,0,0,0,0,0,0,6.745940148830414,0,11,0,0,10,0,1,1,0,1,0
bfa,461006.0,2021,461.0,6,2,4358.4062,1229.1484,2,1,1,1,1,1,0,0,1,0,0,0,0,0,0,0,0,0,0,0,4.23698890209198,0,11,0,0,18,0,1,1,0,1,0
bfa,461031.0,2021,461.0,31,2,4358.4062,1229.1484,2,1,1,1,1,1,0,0,0,0,0,0,0,0,0,0,0,0,0,0,4.109939873218536,1,18,0,0,0,0,1,0,0,1,0
bfa,461032.0,2021,461.0,32,2,4358.4062,1229.1484,2,1,1,1,1,1,1,1,0,0,0,0,0,0,0,0,0,0,0,0,4.934151768684387,0,0,0,0,12,0,1,1,0,0,0
bfa,461079.0,2021,461.0,79,2,4358.4062,1229.1484,2,1,1,0,1,1,1,1,0,0,0,0,0,1,0,0,0,0,1,0,2.79428493976593,0,0,0,0,0,0,1,0,0,1,0
bfa,461109.0,2021,461.0,109,2,4358.4062,1229.1484,2,1,1,1,1,1,0,0,0,0,0,0,0,0,0,0,0,0,0,0,5.631401419639587,0,6,0,0,30,0,1,1,1,0,0
bfa,462016.0,2021,462.0,16,2,4023.1443,2295.1357,2,1,1,1,0,0,0,0,0,0,0,0,0,0,0,0,0,0,0,0,2.1092084646224976,0,0,0,0,0,0,1,1,0,0,0
bfa,462038.0,2021,462.0,38,2,4023.1443,2295.1357,2,1,1,0,0,0,0,0,1,0,0,0,0,0,0,0,0,0,0,0,2.578367233276367,0,0,0,0,0,0,0,1,0,0,0
bfa,462056.0,2021,462.0,56,2,4023.1443,2295.1357,2,0,1,0,0,0,0,0,0,0,0,0,0,0,0,0,0,0,0,0,3.2193750143051147,0,8,0,0,0,0,1,1,0,0,0
bfa,462066.0,2021,462.0,66,2,4023.1443,2295.1357,2,1,1,0,1,0,0,0,1,0,0,0,0,0,0,0,0,0,0,0,4.5045517683029175,0,10,0,0,10,1,1,0,0,0,0
bfa,462101.0,2021,462.0,101,2,4023.1443,2295.1357,2,0,1,0,0,0,0,0,0,0,0,0,0,0,0,0,0,0,0,0,6.116826117038727,0,4,0,0,3,0,1,1,0,0,0
bfa,462102.0,2021,462.0,102,2,4023.1443,2295.1357,2,0,1,0,0,0,0,0,0,0,0,0,0,1,0,0,0,0,0,0,4.336971998214722,0,9,0,0,22,1,0,0,0,0,0
bfa,463004.0,2021,463.0,4,2,1045.8901,390.41678,2,1,1,0,0,0,0,0,1,0,0,0,0,0,0,0,0,0,0,0,7.231953978538513,0,0,0,0,0,0,1,0,0,0,0
bfa,463019.0,2021,463.0,19,2,1045.8901,390.41678,2,0,1,0,0,0,0,0,0,0,0,0,0,0,0,0,0,0,0,0,1.2111834287643433,0,0,0,0,0,0,1,1,0,0,0
bfa,463064.0,2021,463.0,64,2,1045.8901,390.41678,2,0,1,0,1,1,0,0,1,0,0,0,0,0,0,0,0,0,0,0,7.419750690460205,0,0,0,0,16,0,1,0,0,0,0
bfa,463070.0,2021,463.0,70,2,1045.8901,390.41678,2,0,1,1,0,0,0,0,0,0,0,0,0,0,0,0,0,0,0,0,4.6684712171554565,0,0,0,0,10,1,0,0,0,0,0
bfa,463087.0,2021,463.0,87,2,1045.8901,390.41678,2,0,1,0,1,0,0,0,1,0,0,0,0,0,0,0,0,0,0,0,4.344356060028076,0,0,0,0,8,0,1,0,0,0,0
bfa,463185.0,2021,463.0,185,2,1045.8901,390.41678,2,1,0,0,0,0,0,0,0,0,0,0,0,0,0,0,0,0,0,0,5.265450298786163,0,0,0,0,15,0,1,0,0,0,0
bfa,464009.0,2021,464.0,9,1,203.25974,151.67186,1,1,1,1,0,0,0,0,1,1,1,0,1,0,0,0,0,0,0,0,2.971880257129669,0,4,0,0,10,0,1,1,0,0,0
bfa,464027.0,2021,464.0,27,1,203.25974,151.67186,1,1,1,1,0,0,1,1,0,0,1,1,0,1,0,0,1,0,1,0,2.5768704414367676,0,4,0,0,15,0,0,1,0,0,0
bfa,464030.0,2021,464.0,30,1,203.25974,151.67186,2,1,1,1,0,0,0,0,1,0,0,0,0,0,0,0,0,0,0,0,4.582207262516022,7,5,2,0,46,1,1,1,0,0,0
bfa,464047.0,2021,464.0,47,1,203.25974,151.67186,2,1,1,1,1,1,0,0,1,1,0,0,0,0,0,0,1,0,0,0,2.872641623020172,0,0,6,0,6,0,1,1,0,0,0
bfa,464069.0,2021,464.0,69,1,203.25974,151.67186,2,1,1,1,0,0,0,0,0,0,0,0,0,0,0,0,0,0,0,0,,0,3,0,0,0,0,0,1,0,0,0
bfa,464130.0,2021,464.0,130,1,203.25974,151.67186,1,1,1,1,0,0,0,0,1,0,0,0,0,0,0,0,0,0,0,0,,0,0,7,0,6,0,0,0,0,0,0
bfa,465070.0,2021,465.0,70,2,191.15855,70.573845,1,0,1,0,0,0,0,0,1,0,0,0,0,0,0,0,0,0,0,0,4.004354476928711,0,0,0,0,0,0,0,0,0,0,0
bfa,465072.0,2021,465.0,72,2,191.15855,70.573845,1,1,1,1,0,0,0,0,1,0,0,0,0,0,0,0,0,0,0,0,2.0856746435165405,0,3,0,0,0,1,0,0,0,0,0
bfa,465076.0,2021,465.0,76,2,191.15855,70.573845,2,1,1,1,0,0,0,0,1,0,0,0,0,0,0,0,0,0,0,0,4.114392042160034,0,2,0,0,0,0,1,1,0,0,0
bfa,465095.0,2021,465.0,95,2,191.15855,70.573845,4,1,1,1,0,0,0,0,0,0,0,0,0,0,0,0,0,0,0,0,1.5586057901382446,0,1,0,0,4,0,1,1,0,0,0
bfa,465168.0,2021,465.0,168,2,191.15855,70.573845,4,0,1,1,0,0,0,0,1,0,0,0,0,1,0,0,0,0,1,0,1.256025791168213,0,10,0,0,0,0,1,1,0,0,0
bfa,465256.0,2021,465.0,256,2,191.15855,70.573845,4,0,1,0,0,0,0,0,1,0,0,0,0,0,0,0,0,0,0,0,1.1949334144592285,0,0,0,0,0,0,1,1,0,0,0
bfa,466014.0,2021,466.0,14,1,342.40598,247.73071,1,1,1,1,1,1,0,0,1,0,0,0,0,1,0,0,0,0,1,0,4.749766409397125,0,2,0,7,3,0,1,1,0,0,0
bfa,466096.0,2021,466.0,96,1,342.40598,247.73071,1,1,1,1,0,0,0,0,1,0,0,0,0,0,0,0,0,0,0,0,1.9441807270050049,0,4,0,0,15,0,1,1,0,0,0
bfa,466112.0,2021,466.0,112,1,342.40598,247.73071,1,1,1,1,0,0,0,0,1,0,0,0,0,0,0,0,0,0,0,0,5.410902440547943,0,0,0,0,15,0,1,1,0,0,0
bfa,466130.0,2021,466.0,130,1,342.40598,247.73071,1,1,1,0,0,0,0,0,1,0,0,0,1,0,0,0,0,0,0,0,4.6146944761276245,0,0,0,0,0,0,1,1,0,0,0
bfa,466138.0,2021,466.0,138,1,342.40598,247.73071,2,1,1,0,0,0,0,0,1,0,0,0,1,1,0,0,0,0,0,0,4.371632158756256,7,2,0,0,2,0,1,1,0,0,0
bfa,466152.0,2021,466.0,152,1,342.40598,247.73071,1,1,1,1,0,0,0,0,1,0,0,0,0,1,0,0,0,1,1,0,,0,4,9,0,40,1,1,1,0,0,0
bfa,467006.0,2021,467.0,6,2,2090.4573,549.3737,4,0,1,1,0,0,0,0,0,0,0,0,0,0,0,0,0,0,0,0,4.581309616565704,6,6,0,0,0,0,0,0,0,0,0
bfa,467011.0,2021,467.0,11,2,2090.4573,549.3737,2,0,1,1,1,1,0,0,1,0,0,0,0,1,0,0,0,0,0,0,6.249602019786835,0,12,0,0,15,0,1,1,1,0,0
bfa,467019.0,2021,467.0,19,2,2090.4573,549.3737,2,1,1,0,0,0,0,0,1,0,0,0,0,0,0,0,0,0,0,0,12.24286150932312,0,6,0,0,0,1,0,1,0,0,0
bfa,467041.0,2021,467.0,41,2,2090.4573,549.3737,2,1,1,1,0,0,0,0,1,0,0,0,0,0,0,0,0,0,0,0,7.55978000164032,0,0,0,0,0,0,1,0,0,0,0
bfa,467050.0,2021,467.0,50,2,2090.4573,549.3737,2,0,1,1,0,0,0,0,1,0,0,0,0,1,0,0,0,0,0,0,9.00180035829544,25,57,0,0,50,1,1,0,0,0,0
bfa,469083.0,2021,469.0,83,1,1906.3309,274.88898,2,1,1,1,0,0,0,0,1,0,0,0,1,0,0,0,0,0,0,0,6.215422689914703,4,0,0,0,0,1,1,1,0,0,0
bfa,469086.0,2021,469.0,86,1,1906.3309,274.88898,2,1,1,1,1,1,0,0,0,0,0,0,0,0,0,0,0,0,0,0,6.1480633020401,3,5,0,0,4,0,1,0,0,0,0
bfa,469100.0,2021,469.0,100,1,1906.3309,274.88898,2,1,0,0,0,0,0,0,1,0,0,0,0,0,0,0,0,0,0,0,0.6874921321868896,0,3,0,0,10,0,1,1,0,0,0
bfa,469112.0,2021,469.0,112,1,1906.3309,274.88898,2,1,1,1,0,0,0,0,1,0,0,0,0,0,0,0,0,0,1,0,2.893679991364479,0,5,0,0,52,0,1,1,1,1,0
bfa,469141.0,2021,469.0,141,1,1906.3309,274.88898,2,1,1,1,0,0,0,0,1,0,0,0,0,0,0,0,0,0,0,0,3.21579909324646,0,8,0,0,10,0,1,1,0,0,0
bfa,469142.0,2021,469.0,142,1,1906.3309,274.88898,2,1,1,1,0,0,0,0,1,0,0,0,0,0,0,0,0,0,0,0,2.961263418197632,0,0,0,0,0,0,1,1,0,0,0
bfa,470040.0,2021,470.0,40,2,1917.6323,542.25555,2,1,0,1,1,0,0,0,1,0,1,0,0,0,0,0,0,0,0,0,5.703570663928986,3,8,0,0,1,0,1,1,0,0,0
bfa,470044.0,2021,470.0,44,2,1917.6323,542.25555,2,1,1,1,0,0,0,0,1,0,0,0,0,0,0,0,0,0,0,0,3.94223690032959,2,8,0,0,8,0,1,1,0,0,0
bfa,470054.0,2021,470.0,54,2,1917.6323,542.25555,2,1,0,0,0,0,0,0,1,0,0,0,0,0,0,0,0,0,0,0,4.109939873218536,0,0,0,0,0,0,1,0,0,0,0
bfa,470073.0,2021,470.0,73,2,1917.6323,542.25555,1,1,0,0,0,0,0,0,1,0,0,0,0,0,0,0,0,0,0,0,6.019932866096497,1,5,0,0,3,0,1,0,1,0,0
bfa,470075.0,2021,470.0,75,2,1917.6323,542.25555,2,1,1,1,0,0,0,0,1,0,1,0,0,0,0,0,0,0,0,0,5.590798795223236,4,1,0,0,20,1,1,1,0,0,0
bfa,470084.0,2021,470.0,84,2,1917.6323,542.25555,2,1,1,1,0,0,0,0,1,0,0,0,0,0,0,0,0,0,0,0,3.751447021961212,4,9,0,0,3,0,1,1,0,0,0
bfa,474057.0,2021,474.0,57,2,486.2184,363.1332,1,1,1,1,0,0,0,0,1,0,0,0,0,0,0,0,0,0,0,0,1.9084445238113403,0,6,0,0,12,0,1,1,0,0,0
bfa,474130.0,2021,474.0,130,2,486.2184,363.1332,2,1,1,0,0,0,1,0,1,1,0,0,0,0,0,0,0,0,0,0,1.205000400543213,0,0,0,0,3,0,1,0,0,0,0
bfa,474145.0,2021,474.0,145,2,486.2184,363.1332,1,1,1,1,0,0,1,1,0,0,0,0,0,0,0,0,0,0,1,0,3.204667627811432,0,0,0,0,0,0,1,1,0,0,0
bfa,474158.0,2021,474.0,158,2,486.2184,363.1332,1,0,1,1,0,0,1,0,1,1,1,0,0,1,0,0,0,0,0,0,,0,0,0,0,0,0,0,0,0,0,0
bfa,474214.0,2021,474.0,214,2,486.2184,363.1332,2,1,1,1,1,0,0,0,1,0,0,0,0,1,0,0,0,0,1,0,5.649716377258301,0,3,0,0,0,1,1,1,0,0,0
bfa,474263.0,2021,474.0,263,2,486.2184,363.1332,1,1,1,1,1,1,0,0,1,0,0,0,0,0,0,0,0,0,0,0,6.400761246681213,1,4,0,0,35,1,1,1,0,0,0
bfa,475018.0,2021,475.0,18,2,276.06918,215.50987,2,1,1,1,1,0,0,0,1,1,0,0,0,1,0,0,0,0,0,0,1.7761510610580444,0,3,0,0,0,0,1,0,0,1,0
bfa,475077.0,2021,475.0,77,2,276.06918,215.50987,2,1,1,1,1,0,1,1,0,0,0,0,0,1,0,0,0,0,0,0,3.3178994059562683,1,9,0,0,39,0,1,1,0,0,0
bfa,475078.0,2021,475.0,78,2,276.06918,215.50987,1,1,1,1,1,1,1,1,0,0,0,0,0,1,0,0,0,0,0,0,2.6045389771461487,0,3,0,0,0,0,1,1,0,0,0
bfa,475079.0,2021,475.0,79,2,276.06918,215.50987,1,1,1,1,1,1,0,1,0,0,0,0,0,1,0,0,0,0,0,0,1.2067971229553223,0,0,0,0,0,0,1,1,0,0,0
bfa,475081.0,2021,475.0,81,2,276.06918,215.50987,3,1,1,1,1,1,1,1,0,0,0,0,0,1,0,1,0,1,1,0,,0,0,0,0,34,0,0,1,0,0,0
bfa,475091.0,2021,475.0,91,2,276.06918,215.50987,1,1,1,1,1,1,1,1,0,1,0,0,0,1,0,0,0,0,0,0,1.1744271516799927,0,0,0,0,0,0,1,0,0,1,0
bfa,476049.0,2021,476.0,49,1,240.3361,146.6894,1,1,1,1,0,0,0,0,1,0,0,0,0,0,0,0,0,0,0,0,1.2052643299102783,0,0,0,0,0,0,1,0,1,0,0
bfa,476052.0,2021,476.0,52,1,240.3361,146.6894,1,1,1,1,1,1,1,1,0,0,1,1,0,1,0,0,0,0,0,0,9.495095372200012,1,0,0,0,40,0,1,1,0,0,0
bfa,476068.0,2021,476.0,68,1,240.3361,146.6894,1,1,1,1,0,0,1,1,0,0,0,0,0,1,0,0,0,0,1,0,2.8666000366210938,0,0,0,0,0,0,1,1,0,0,0
bfa,476072.0,2021,476.0,72,1,240.3361,146.6894,3,1,1,1,1,1,1,0,1,1,0,1,1,0,0,0,0,0,0,0,2.3087035417556763,0,0,0,0,20,1,0,0,0,0,0
bfa,476125.0,2021,476.0,125,1,240.3361,146.6894,1,1,1,1,1,1,1,1,0,0,0,1,0,0,0,0,0,0,0,0,2.7923578023910522,0,0,0,0,0,0,1,1,0,0,0
bfa,476162.0,2021,476.0,162,1,240.3361,146.6894,4,1,1,1,0,0,1,1,0,0,1,1,1,0,0,0,0,0,0,0,2.2725274562835693,3,0,0,0,0,1,1,0,0,0,0
bfa,477008.0,2021,477.0,8,1,386.63782,285.58264,2,1,1,1,1,1,0,0,1,0,0,1,0,1,0,0,0,0,0,0,3.4720770716667175,0,19,0,0,4,0,1,1,1,0,0
bfa,477030.0,2021,477.0,30,1,386.63782,285.58264,2,1,1,1,1,1,0,0,1,0,1,1,0,0,0,0,0,0,0,0,3.238899976015091,2,8,0,0,27,0,1,1,0,0,0
bfa,477035.0,2021,477.0,35,1,386.63782,285.58264,2,1,1,1,1,1,0,0,1,0,1,1,0,1,0,0,0,0,0,0,6.467371106147766,5,19,0,0,51,0,1,1,1,0,0
bfa,477036.0,2021,477.0,36,1,386.63782,285.58264,2,1,1,1,1,1,0,0,1,0,1,1,0,0,0,0,0,0,0,0,6.717602849006653,2,22,0,0,12,0,1,1,0,0,0
bfa,477045.0,2021,477.0,45,1,386.63782,285.58264,1,1,1,1,1,1,0,0,1,0,0,0,0,0,0,0,0,0,0,0,8.008924722671509,6,38,0,0,7,0,1,1,0,0,0
bfa,477046.0,2021,477.0,46,1,386.63782,285.58264,2,1,1,1,1,1,0,0,1,0,1,1,0,0,0,0,0,0,0,0,4.492838978767395,0,4,0,0,0,0,1,1,0,0,0
bfa,478049.0,2021,478.0,49,1,862.81024,1088.1882,2,1,0,0,0,0,0,0,1,0,0,0,0,0,0,0,0,0,0,0,4.456505566835403,0,0,0,0,0,0,1,1,0,0,0
bfa,478050.0,2021,478.0,50,1,862.81024,1088.1882,2,1,1,1,0,0,0,0,0,0,0,0,0,0,0,0,0,0,0,0,3.895750194787979,0,4,0,0,0,0,1,0,1,0,0
bfa,478051.0,2021,478.0,51,1,862.81024,1088.1882,2,1,1,1,1,1,0,0,1,0,0,0,0,0,0,0,0,0,0,0,0.9096200317144394,0,9,0,0,10,1,1,1,1,0,0
bfa,478106.0,2021,478.0,106,1,862.81024,1088.1882,2,0,1,0,1,1,0,0,1,0,0,0,0,0,0,0,0,0,0,0,0.9419000148773193,0,4,0,0,15,0,1,1,0,0,0
bfa,478151.0,2021,478.0,151,1,862.81024,1088.1882,2,1,1,1,1,1,0,0,1,0,0,0,0,1,0,0,0,0,0,0,4.578099995851517,0,8,0,0,50,0,1,1,0,0,0
bfa,478153.0,2021,478.0,153,1,862.81024,1088.1882,2,0,1,1,1,1,0,0,0,0,0,0,0,0,0,0,0,0,0,0,1.4046618938446045,0,0,0,0,4,0,1,0,0,0,0
bfa,479007.0,2021,479.0,7,1,597.35547,939.18427,2,0,1,0,1,0,0,0,1,0,0,0,0,0,0,0,0,0,0,0,3.3279999792575836,0,6,0,0,4,1,1,1,0,0,0
bfa,479070.0,2021,479.0,70,1,597.35547,939.18427,2,0,1,1,1,1,0,0,1,0,0,0,0,0,0,0,0,0,0,0,1.5015999972820282,0,0,0,0,16,0,1,0,0,0,0
bfa,479072.0,2021,479.0,72,1,597.35547,939.18427,2,1,1,1,1,0,0,0,1,0,0,0,0,0,0,0,0,0,0,1,5.184000015258789,0,30,0,0,20,1,1,1,0,0,0
bfa,479090.0,2021,479.0,90,1,597.35547,939.18427,2,0,1,1,0,0,0,0,1,0,0,0,0,1,0,0,0,0,0,0,3.1022000312805176,4,0,0,0,25,0,0,0,1,0,0
bfa,479129.0,2021,479.0,129,1,597.35547,939.18427,1,1,1,0,1,1,0,0,1,0,0,0,0,0,0,0,0,0,0,0,0.8553000092506409,0,0,0,0,0,0,1,1,0,0,0
bfa,479131.0,2021,479.0,131,1,597.35547,939.18427,2,1,1,1,1,1,0,0,1,0,0,0,0,0,0,0,0,0,0,0,3.75818994641304,5,0,0,0,13,1,1,1,0,0,0
bfa,480001.0,2021,480.0,1,2,454.16162,591.1921,2,1,1,0,1,1,0,0,0,0,1,0,0,0,0,0,0,0,0,0,2.9801000356674194,3,11,0,0,10,0,1,1,0,0,0
bfa,480028.0,2021,480.0,28,2,454.16162,591.1921,2,1,1,1,0,0,0,0,0,0,0,0,0,0,0,0,0,0,0,0,4.721599981188774,0,4,0,0,5,0,1,1,0,0,0
bfa,480031.0,2021,480.0,31,2,454.16162,591.1921,2,1,1,1,0,0,0,0,0,0,0,0,0,0,0,0,0,0,0,0,3.8618629574775696,0,0,0,0,25,0,0,1,0,0,0
bfa,480044.0,2021,480.0,44,2,454.16162,591.1921,1,1,1,1,0,0,0,0,1,0,0,0,0,0,0,0,0,0,0,0,3.6216998994350433,0,0,0,0,0,0,1,0,0,0,0
bfa,480081.0,2021,480.0,81,2,454.16162,591.1921,2,1,1,0,0,0,0,0,1,0,0,0,0,0,0,0,0,0,0,0,1.6204000115394592,0,4,0,0,8,1,1,1,0,0,0
bfa,480095.0,2021,480.0,95,2,454.16162,591.1921,1,1,1,0,0,0,0,0,1,0,0,0,0,0,0,0,0,0,0,0,5.008630007505417,0,0,0,0,0,1,1,1,0,0,0
bfa,481022.0,2021,481.0,22,2,454.74875,448.08786,2,0,0,0,1,1,0,0,0,0,1,0,0,0,0,0,0,0,0,0,2.6494998931884766,9,26,0,0,50,0,1,0,0,0,0
bfa,481024.0,2021,481.0,24,2,454.74875,448.08786,2,1,1,1,0,0,0,0,0,0,0,0,1,0,0,0,0,0,0,0,0.7199999988079071,0,8,0,0,10,0,0,1,0,0,0
bfa,481043.0,2021,481.0,43,2,454.74875,448.08786,2,1,1,0,0,0,0,0,1,0,1,1,0,0,0,0,0,0,0,0,2.873785614967346,0,0,0,0,4,0,1,1,0,0,0
bfa,481044.0,2021,481.0,44,2,454.74875,448.08786,2,1,1,1,0,0,0,0,1,0,0,1,0,1,0,0,0,0,0,0,5.010000050067902,0,10,0,0,19,0,0,1,0,0,0
bfa,481045.0,2021,481.0,45,2,454.74875,448.08786,2,1,1,1,1,1,0,0,1,0,1,1,0,1,0,0,0,0,0,0,2.648681104183197,0,6,7,0,10,0,1,1,0,0,0
bfa,481053.0,2021,481.0,53,2,454.74875,448.08786,2,1,1,0,1,0,0,0,1,0,0,0,0,0,0,0,0,0,0,0,3.1580000519752502,1,4,0,0,13,0,1,0,0,0,0
bfa,482041.0,2021,482.0,41,1,223.23526,371.59607,1,1,1,1,1,1,1,0,1,0,0,1,0,1,0,0,1,0,1,0,,0,0,0,0,0,0,0,1,0,0,0
bfa,482046.0,2021,482.0,46,1,223.23526,371.59607,1,1,1,1,1,1,1,1,0,0,0,1,0,1,0,0,0,0,1,0,,0,0,5,0,0,0,0,0,0,0,0
bfa,482059.0,2021,482.0,59,1,223.23526,371.59607,3,1,1,1,1,1,1,1,0,0,0,1,0,0,0,0,0,0,0,0,,0,0,0,0,0,0,0,0,0,0,0
bfa,482061.0,2021,482.0,61,1,223.23526,371.59607,1,1,1,1,1,1,1,1,0,1,1,1,0,1,0,1,0,1,1,1,,0,0,0,0,0,0,0,1,0,0,0
bfa,482067.0,2021,482.0,67,1,223.23526,371.59607,1,1,1,1,1,1,1,0,1,1,0,1,0,1,0,0,0,0,1,0,,0,0,0,0,0,0,0,1,0,0,0
bfa,482076.0,2021,482.0,76,1,223.23526,371.59607,3,1,1,1,0,0,1,1,0,0,0,1,0,1,0,0,0,0,1,0,,0,0,0,0,0,0,0,1,0,0,0
bfa,483018.0,2021,483.0,18,1,155.7019,279.47772,3,1,1,1,1,1,1,1,0,1,0,1,0,1,0,0,1,0,1,0,,0,0,0,0,0,0,0,1,0,0,0
bfa,483032.0,2021,483.0,32,1,155.7019,279.47772,3,1,1,1,1,1,0,0,1,0,0,1,1,1,0,0,0,0,1,0,,0,0,0,0,0,0,0,0,0,0,0
bfa,483034.0,2021,483.0,34,1,155.7019,279.47772,3,1,1,1,0,0,0,1,0,0,0,1,0,1,0,0,0,0,0,0,,0,0,0,0,0,0,0,1,0,0,0
bfa,483057.0,2021,483.0,57,1,155.7019,279.47772,2,1,1,1,1,1,1,1,0,0,0,1,0,1,0,0,0,0,0,0,,0,0,0,0,0,0,0,1,1,0,0
bfa,483082.0,2021,483.0,82,1,155.7019,279.47772,1,1,1,1,1,1,1,1,0,0,0,1,0,0,0,0,0,0,0,0,,0,0,0,0,0,1,0,1,0,0,0
bfa,483083.0,2021,483.0,83,1,155.7019,279.47772,1,1,1,1,1,1,1,1,0,0,0,1,1,1,0,0,0,0,1,0,,0,0,0,0,0,1,0,0,0,0,0
bfa,484008.0,2021,484.0,8,2,169.15964,212.3406,2,1,1,1,1,1,0,0,0,0,0,1,1,0,0,0,0,0,0,0,1.4855021834373474,0,0,0,4,10,0,1,1,0,0,0
bfa,484101.0,2021,484.0,101,2,169.15964,212.3406,3,1,1,1,0,0,0,0,0,0,0,0,0,0,0,0,0,0,0,0,,0,0,0,0,0,0,0,0,1,0,0
bfa,484120.0,2021,484.0,120,2,169.15964,212.3406,3,1,1,1,0,0,0,0,1,0,0,1,1,0,0,0,0,0,0,0,,0,0,0,0,17,0,0,1,0,0,0
bfa,484121.0,2021,484.0,121,2,169.15964,212.3406,2,1,1,1,0,0,0,0,0,0,0,1,0,0,0,0,0,0,0,0,1.463676929473877,0,0,0,0,7,1,1,1,1,0,0
bfa,484122.0,2021,484.0,122,2,169.15964,212.3406,3,1,1,1,1,1,0,0,1,0,0,1,0,0,0,0,0,0,0,0,2.2257003784179688,0,2,0,0,10,0,1,1,1,0,0
bfa,484182.0,2021,484.0,182,2,169.15964,212.3406,2,1,1,1,1,1,0,0,0,0,1,0,0,0,0,0,0,0,0,0,2.090045392513275,0,0,0,0,0,0,1,1,0,0,0
bfa,485074.0,2021,485.0,74,2,271.8165,355.22403,2,1,1,1,1,1,0,0,1,0,1,0,0,1,0,0,1,0,0,0,,0,0,0,0,0,0,0,1,0,0,0
bfa,485075.0,2021,485.0,75,2,271.8165,355.22403,2,1,1,1,1,1,0,0,1,0,0,1,0,1,0,0,0,0,0,0,,0,0,0,0,15,0,0,1,1,0,0
bfa,485076.0,2021,485.0,76,2,271.8165,355.22403,1,1,1,1,0,0,0,0,1,0,0,1,0,0,0,0,0,0,0,0,,0,0,0,0,0,0,0,1,0,0,0
bfa,485077.0,2021,485.0,77,2,271.8165,355.22403,3,1,1,1,0,0,0,0,1,0,1,0,0,0,0,1,1,0,0,0,,0,0,0,0,0,0,0,0,0,0,0
bfa,485107.0,2021,485.0,107,2,271.8165,355.22403,2,1,1,1,1,0,0,0,1,0,0,1,1,1,0,0,1,1,0,0,,0,0,0,0,15,1,0,1,0,0,0
bfa,485110.0,2021,485.0,110,2,271.8165,355.22403,1,1,1,1,0,0,0,0,1,0,0,1,0,0,0,0,0,1,0,0,0.9716523289680481,6,90,15,18,132,0,0,1,0,0,0
bfa,486009.0,2021,486.0,9,2,173.89755,226.62361,1,1,1,1,1,1,1,1,0,0,0,1,1,1,0,0,0,0,0,0,,0,0,0,0,0,0,0,1,1,0,0
bfa,486092.0,2021,486.0,92,2,173.89755,226.62361,2,1,1,1,1,1,1,1,0,0,0,1,1,1,1,1,1,1,0,1,,0,0,0,0,0,1,0,1,0,0,0
bfa,486149.0,2021,486.0,149,2,173.89755,226.62361,1,1,1,1,0,0,1,1,0,0,0,1,0,1,0,0,0,0,0,0,,0,0,0,0,0,0,1,1,0,0,0
bfa,486151.0,2021,486.0,151,2,173.89755,226.62361,2,1,1,1,1,1,0,0,1,0,1,0,0,1,0,0,0,0,0,0,3.14207923412323,2,0,1,0,0,1,0,0,0,0,0
bfa,486152.0,2021,486.0,152,2,173.89755,226.62361,1,1,1,1,1,1,0,0,1,0,0,0,0,1,0,0,1,0,1,0,,0,0,0,0,0,0,0,0,0,0,0
bfa,486176.0,2021,486.0,176,2,173.89755,226.62361,2,1,1,1,1,1,1,1,0,0,0,1,0,1,0,0,0,0,0,0,,0,0,0,0,8,0,0,1,0,1,0
bfa,487033.0,2021,487.0,33,2,133.49617,232.09323,2,1,1,1,0,0,0,0,1,0,0,1,1,1,0,0,0,0,0,0,,0,0,0,0,17,0,0,1,1,0,0
bfa,487053.0,2021,487.0,53,2,133.49617,232.09323,4,1,1,1,0,0,0,0,1,0,0,1,0,0,0,0,0,0,0,0,,0,4,1,0,20,0,1,1,1,0,0
bfa,487063.0,2021,487.0,63,2,133.49617,232.09323,4,1,1,1,1,1,0,0,1,0,1,0,0,1,0,0,0,0,0,0,,0,0,0,0,0,0,0,1,0,0,0
bfa,487064.0,2021,487.0,64,2,133.49617,232.09323,2,1,1,1,0,0,0,0,1,0,0,1,0,0,0,0,0,0,0,0,0.6353493332862854,0,0,0,0,5,0,0,1,0,0,0
bfa,487065.0,2021,487.0,65,2,133.49617,232.09323,2,1,1,1,1,1,0,0,1,0,0,1,0,1,0,0,0,0,0,0,,0,8,6,0,23,0,1,1,1,0,0
bfa,487090.0,2021,487.0,90,2,133.49617,232.09323,1,1,1,1,0,0,0,0,1,0,0,0,0,0,0,0,0,0,0,0,0.721992552280426,0,0,0,0,0,0,1,0,0,0,0
bfa,488008.0,2021,488.0,8,1,1073.0562,662.60443,2,1,1,1,0,1,0,0,1,0,1,1,0,0,0,0,0,0,0,0,7.5667999014258385,7,2,0,0,7,0,1,1,0,0,0
bfa,488014.0,2021,488.0,14,1,1073.0562,662.60443,2,1,1,1,1,1,0,0,1,0,0,1,0,0,0,0,0,0,0,0,4.758585035800934,3,5,0,0,7,0,0,1,0,0,0
bfa,488028.0,2021,488.0,28,1,1073.0562,662.60443,1,1,1,1,1,0,0,0,1,0,0,0,0,1,0,0,0,0,0,0,9.131591767072678,0,16,0,0,110,0,0,1,0,0,0
bfa,488031.0,2021,488.0,31,1,1073.0562,662.60443,1,1,1,1,1,1,0,0,1,0,1,1,0,0,0,0,0,0,0,0,2.9650036692619324,0,6,0,0,12,0,0,1,1,0,0
bfa,488061.0,2021,488.0,61,1,1073.0562,662.60443,2,1,0,0,1,1,0,0,1,0,1,1,0,0,0,0,0,0,0,0,5.526183485984802,0,5,0,0,37,0,1,0,0,0,0
bfa,488083.0,2021,488.0,83,1,1073.0562,662.60443,2,1,0,0,0,0,0,0,1,0,1,1,0,0,0,0,0,0,0,0,12.552586436271667,60,46,0,0,70,0,1,1,0,0,0
bfa,489006.0,2021,489.0,6,1,791.52313,1074.3925,1,1,1,1,1,1,0,0,1,0,0,1,0,1,0,0,0,0,0,0,5.4702911376953125,0,2,0,0,20,0,1,1,1,1,0
bfa,489021.0,2021,489.0,21,1,791.52313,1074.3925,2,1,1,1,1,1,0,0,0,0,0,1,0,0,0,0,0,0,0,0,3.1074472665786743,0,2,0,0,5,1,1,1,0,0,0
bfa,489022.0,2021,489.0,22,1,791.52313,1074.3925,2,1,1,1,1,1,0,0,1,0,0,0,0,1,0,0,0,0,0,0,6.270999908447266,6,9,0,0,10,0,1,1,0,0,0
bfa,489023.0,2021,489.0,23,1,791.52313,1074.3925,2,1,1,1,1,1,0,0,0,0,0,1,0,0,0,0,0,0,0,0,4.092899918556213,0,0,0,0,0,0,1,1,1,0,0
bfa,489031.0,2021,489.0,31,1,791.52313,1074.3925,2,1,1,1,1,0,0,0,1,0,0,1,0,0,0,0,0,0,0,0,5.521491050720215,0,7,0,0,22,0,1,0,0,0,0
bfa,489049.0,2021,489.0,49,1,791.52313,1074.3925,2,1,1,1,1,1,0,0,1,0,1,1,0,0,0,0,0,0,0,0,9.85037636756897,4,6,0,0,15,0,1,1,0,0,0
bfa,490052.0,2021,490.0,52,2,2352.8457,699.7557,4,1,1,1,1,1,1,1,0,0,1,0,0,1,0,0,0,0,0,0,,10,3,0,0,15,1,0,0,0,0,0
bfa,490090.0,2021,490.0,90,2,2352.8457,699.7557,1,1,1,1,0,0,1,1,0,0,1,0,0,1,0,1,1,1,1,0,,0,0,0,0,0,0,0,1,0,0,0
bfa,490094.0,2021,490.0,94,2,2352.8457,699.7557,1,1,1,1,1,1,1,1,0,0,1,0,0,1,0,0,0,0,0,0,6.35792875289917,6,0,0,0,10,0,1,1,0,0,0
bfa,490095.0,2021,490.0,95,2,2352.8457,699.7557,1,1,1,1,1,1,1,1,0,0,0,0,0,1,0,0,0,0,0,0,2.5163795948028564,0,0,0,0,0,1,0,0,0,0,0
bfa,490116.0,2021,490.0,116,2,2352.8457,699.7557,2,1,1,1,1,1,1,1,0,0,0,0,0,1,0,0,0,0,0,0,2.559959650039673,0,0,0,0,0,0,0,1,0,0,0
bfa,490158.0,2021,490.0,158,2,2352.8457,699.7557,1,0,1,1,1,1,1,1,0,0,0,0,0,1,0,0,0,0,0,0,5.174712419509888,0,0,0,0,0,0,0,1,0,0,0
bfa,491002.0,2021,491.0,2,1,1759.5532,559.63,2,1,1,1,0,0,0,0,1,1,0,0,0,0,0,0,0,0,0,0,7.70564079284668,1,6,0,0,8,0,1,0,0,0,0
bfa,491032.0,2021,491.0,32,1,1759.5532,559.63,2,1,1,1,0,0,0,0,1,0,0,0,0,1,0,0,0,0,1,0,14.12178498506546,1,20,0,0,35,0,1,1,1,0,0
bfa,491088.0,2021,491.0,88,1,1759.5532,559.63,2,1,1,0,0,0,0,0,1,0,0,0,0,0,0,0,0,0,0,0,8.533522367477417,0,2,0,0,10,0,1,1,0,0,0
bfa,491097.0,2021,491.0,97,1,1759.5532,559.63,2,1,1,1,0,0,0,0,1,0,0,0,0,0,0,0,0,0,0,0,2.185041844844818,0,0,0,0,0,0,1,1,0,0,0
bfa,491135.0,2021,491.0,135,1,1759.5532,559.63,2,1,1,1,1,1,0,0,1,0,0,0,0,1,0,0,0,0,0,0,4.6684712171554565,0,18,0,0,7,0,1,1,0,0,0
bfa,491170.0,2021,491.0,170,1,1759.5532,559.63,2,1,1,0,1,1,0,0,1,1,0,0,0,0,0,0,0,0,0,0,,0,8,0,0,2,0,1,0,0,0,0
bfa,492063.0,2021,492.0,63,1,1230.7454,436.7449,3,1,1,1,0,0,1,1,0,0,0,0,0,1,0,0,0,0,1,0,1.1010643243789673,0,0,0,0,10,0,0,0,0,0,0
bfa,492076.0,2021,492.0,76,1,1230.7454,436.7449,1,1,1,1,0,1,0,0,1,0,0,0,0,0,0,0,0,0,0,0,3.6200000643730164,0,0,0,0,15,1,1,1,1,0,0
bfa,492137.0,2021,492.0,137,1,1230.7454,436.7449,1,1,1,1,0,0,0,0,1,0,0,0,0,1,0,0,0,0,0,0,2.590000033378601,0,11,0,0,30,1,0,0,0,0,0
bfa,492141.0,2021,492.0,141,1,1230.7454,436.7449,2,0,1,1,0,0,0,0,0,0,0,0,0,0,0,0,0,0,0,0,2.5899999737739563,0,4,0,0,6,0,1,1,0,0,0
bfa,492146.0,2021,492.0,146,1,1230.7454,436.7449,1,1,1,1,1,1,0,0,1,1,1,0,0,0,0,0,0,0,0,0,2.1299999356269836,0,0,0,0,0,0,0,1,0,0,0
bfa,492149.0,2021,492.0,149,1,1230.7454,436.7449,1,1,1,1,1,1,0,0,1,1,0,0,0,0,0,0,0,0,0,0,4.570000052452087,5,7,0,0,0,0,0,1,0,0,0
bfa,493010.0,2021,493.0,10,2,1877.3215,609.08826,4,0,1,0,1,1,1,1,0,0,0,1,0,1,0,0,0,0,0,0,1.8466581106185913,0,6,0,0,0,1,0,0,0,0,0
bfa,493041.0,2021,493.0,41,2,1877.3215,609.08826,4,0,1,1,1,1,0,0,1,0,1,0,0,1,0,0,0,0,0,0,2.1998265981674194,2,4,7,0,12,0,1,1,0,0,0
bfa,493046.0,2021,493.0,46,2,1877.3215,609.08826,2,1,1,1,1,1,0,0,1,0,0,0,0,1,0,0,0,0,0,0,2.7528401613235474,0,6,0,0,0,1,0,0,0,1,0
bfa,493157.0,2021,493.0,157,2,1877.3215,609.08826,1,1,1,1,1,1,1,1,0,0,0,0,0,1,0,0,0,0,1,0,2.564133405685425,0,10,0,0,0,0,0,0,0,1,0
bfa,493224.0,2021,493.0,224,2,1877.3215,609.08826,2,0,1,0,1,1,0,0,0,0,0,0,0,0,0,0,0,0,0,0,2.3815200328826904,0,0,0,0,0,1,1,0,0,0,0
bfa,493240.0,2021,493.0,240,2,1877.3215,609.08826,2,0,1,1,0,0,1,1,0,0,0,0,0,1,0,0,0,0,1,0,1.7735555171966553,0,0,0,0,20,0,1,1,0,0,0
bfa,495013.0,2021,495.0,13,1,1845.7604,598.8484,2,0,1,0,0,0,0,0,1,0,0,0,0,0,0,0,0,0,0,0,9.398588478565216,0,0,0,0,0,0,1,1,0,0,0
bfa,495042.0,2021,495.0,42,1,1845.7604,598.8484,2,1,1,0,1,1,0,0,1,1,0,0,0,1,0,0,0,0,0,0,4.949294984340668,3,11,0,0,17,0,0,1,0,0,0
bfa,495057.0,2021,495.0,57,1,1845.7604,598.8484,2,1,1,0,0,0,0,0,1,1,0,0,0,0,0,0,0,0,0,0,3.7366153597831726,0,0,0,0,0,0,0,1,0,0,0
bfa,495092.0,2021,495.0,92,1,1845.7604,598.8484,2,0,0,0,0,0,0,0,0,0,0,0,0,0,0,0,0,0,0,0,3.5651568174362183,0,0,0,0,9,1,1,0,0,0,0
bfa,495093.0,2021,495.0,93,1,1845.7604,598.8484,2,0,1,0,0,1,0,0,0,0,0,0,0,0,0,0,0,0,0,0,1.2297929525375366,0,0,0,0,0,0,1,1,0,0,0
bfa,495105.0,2021,495.0,105,1,1845.7604,598.8484,2,0,0,0,0,0,0,0,1,0,0,0,0,0,0,0,0,0,0,0,3.115197777748108,0,6,0,0,8,1,1,0,0,0,0
bfa,496009.0,2021,496.0,9,1,1538.9125,378.33026,2,0,1,0,0,0,1,1,0,0,0,0,0,0,0,0,0,0,0,0,5.489395797252655,0,0,0,0,16,1,0,0,0,0,0
bfa,496031.0,2021,496.0,31,1,1538.9125,378.33026,2,0,0,0,0,0,0,0,0,0,0,0,0,0,0,0,0,0,0,0,5.196436882019043,0,5,0,0,8,0,1,0,0,0,0
bfa,496046.0,2021,496.0,46,1,1538.9125,378.33026,2,1,1,0,0,0,0,0,1,1,0,0,0,1,0,0,0,0,0,0,4.1913228034973145,2,7,0,0,4,0,1,1,0,0,0
bfa,496063.0,2021,496.0,63,1,1538.9125,378.33026,4,0,0,0,0,0,0,0,0,0,0,0,0,0,0,0,0,0,0,0,2.758318543434143,0,0,0,0,0,1,1,1,0,0,0
bfa,496147.0,2021,496.0,147,1,1538.9125,378.33026,4,0,0,0,0,0,1,1,0,0,0,0,0,0,0,0,0,0,0,0,2.032537043094635,0,0,0,0,0,0,1,1,0,0,0
bfa,496152.0,2021,496.0,152,1,1538.9125,378.33026,2,1,1,1,0,0,0,0,1,1,0,0,0,0,0,0,0,0,0,0,3.4940783977508545,0,0,0,0,0,0,0,1,0,0,0
bfa,497015.0,2021,497.0,15,1,2679.8977,893.10754,4,0,0,0,0,0,1,1,0,0,0,0,0,0,0,0,0,0,0,0,18.130000054836273,0,0,0,0,0,0,1,1,0,0,0
bfa,497050.0,2021,497.0,50,1,2679.8977,893.10754,2,1,1,0,0,0,0,0,0,1,0,0,0,0,0,0,0,0,0,0,4.509999930858612,0,0,0,0,0,0,0,1,0,0,0
bfa,497065.0,2021,497.0,65,1,2679.8977,893.10754,2,1,1,1,0,0,0,0,1,0,0,0,0,0,0,0,0,0,0,0,5.189999967813492,0,17,0,0,15,1,0,0,0,0,0
bfa,497108.0,2021,497.0,108,1,2679.8977,893.10754,2,1,1,0,0,0,1,1,0,1,0,0,0,1,0,0,0,0,1,0,13.58000037074089,14,15,0,0,0,0,1,1,0,0,0
bfa,497131.0,2021,497.0,131,1,2679.8977,893.10754,2,1,1,1,0,0,0,0,1,0,0,0,0,1,0,0,0,0,0,0,3.7300000190734863,0,6,0,0,16,1,1,0,0,0,0
bfa,497160.0,2021,497.0,160,1,2679.8977,893.10754,2,0,0,0,0,0,1,1,0,0,0,0,0,0,0,0,0,0,0,0,2.19999997317791,0,22,0,0,0,1,1,1,1,0,0
bfa,498090.0,2021,498.0,90,2,191.90236,133.71887,1,1,1,1,1,1,1,1,0,0,0,0,0,0,0,0,0,0,0,0,,0,0,0,0,0,1,0,0,0,0,0
bfa,498102.0,2021,498.0,102,2,191.90236,133.71887,4,0,1,1,1,1,0,0,1,0,0,0,0,1,0,0,0,0,0,0,2.6421892046928406,0,0,0,0,0,0,0,0,0,0,0
bfa,498133.0,2021,498.0,133,2,191.90236,133.71887,2,1,1,1,1,1,1,1,0,0,0,0,0,1,0,0,0,0,1,0,,0,0,0,0,11,0,1,1,0,0,0
bfa,498158.0,2021,498.0,158,2,191.90236,133.71887,4,1,1,1,1,1,1,1,0,1,0,0,0,1,0,0,0,0,1,0,1.5,0,0,0,0,0,0,1,1,0,0,0
bfa,498188.0,2021,498.0,188,2,191.90236,133.71887,4,1,0,0,1,1,0,0,0,0,0,0,0,0,0,0,0,0,0,0,0.6700000166893005,0,0,0,0,0,1,1,1,0,0,0
bfa,498190.0,2021,498.0,190,2,191.90236,133.71887,4,0,1,0,1,1,0,0,0,0,0,0,0,0,0,0,0,0,0,0,1.217739224433899,0,0,0,0,0,0,0,0,0,0,0
bfa,499077.0,2021,499.0,77,1,341.6866,256.57825,4,1,1,1,1,1,1,1,0,0,1,0,0,1,0,0,0,0,0,0,1.910000056028366,0,0,0,0,15,0,1,0,1,0,0
bfa,499081.0,2021,499.0,81,1,341.6866,256.57825,2,1,1,1,0,0,1,1,0,0,0,0,0,1,0,0,0,0,0,0,4.860000014305115,0,35,0,0,10,1,1,0,0,0,0
bfa,499086.0,2021,499.0,86,1,341.6866,256.57825,2,1,1,0,0,0,0,0,0,1,0,0,0,0,0,0,0,0,0,0,0.5400000214576721,0,0,0,0,0,0,0,1,0,0,0
bfa,499087.0,2021,499.0,87,1,341.6866,256.57825,2,0,1,0,0,0,0,1,0,0,0,0,0,1,0,0,0,0,0,0,1.4900000095367432,0,0,0,0,0,1,1,1,1,0,0
bfa,499152.0,2021,499.0,152,1,341.6866,256.57825,2,1,1,1,0,0,1,1,0,1,1,0,0,1,0,0,0,0,0,0,0.9900000095367432,0,0,0,0,0,0,1,1,0,0,0
bfa,499225.0,2021,499.0,225,1,341.6866,256.57825,4,0,1,0,0,0,0,0,0,0,1,0,0,0,0,0,0,0,0,0,0.9700000286102295,0,0,0,0,0,1,1,1,0,0,0
bfa,500015.0,2021,500.0,15,1,606.2113,91.416855,1,1,1,1,1,1,0,0,1,0,0,0,0,1,0,0,0,0,0,0,,0,10,0,0,0,1,0,1,0,0,0
bfa,500017.0,2021,500.0,17,1,606.2113,91.416855,3,1,1,1,1,1,1,1,0,1,0,0,0,1,0,0,0,0,0,0,,0,0,0,0,0,0,0,0,0,0,0
bfa,500067.0,2021,500.0,67,1,606.2113,91.416855,4,1,1,1,0,0,0,0,1,0,0,0,0,0,0,0,0,0,0,0,,0,0,0,0,0,0,0,1,1,0,0
bfa,500087.0,2021,500.0,87,1,606.2113,91.416855,3,1,1,1,1,1,0,0,1,1,0,1,0,0,0,0,0,0,0,0,,0,0,0,0,0,1,0,0,0,0,0
bfa,500160.0,2021,500.0,160,1,606.2113,91.416855,4,1,1,1,1,1,1,1,0,0,0,0,0,1,1,1,1,0,0,0,,0,0,0,0,0,0,0,1,0,0,0
bfa,500210.0,2021,500.0,210,1,606.2113,91.416855,3,1,1,1,1,1,1,1,0,0,0,1,0,1,0,0,0,0,0,0,,0,0,0,0,0,0,0,0,1,0,0
bfa,501014.0,2021,501.0,14,2,640.04254,39.166973,1,1,1,1,1,1,0,0,1,1,0,1,0,0,0,0,0,0,0,0,,0,10,0,0,12,0,1,0,1,0,0
bfa,501046.0,2021,501.0,46,2,640.04254,39.166973,1,1,0,1,1,1,1,1,0,1,0,0,0,1,0,0,1,0,1,0,,0,0,0,0,22,0,1,1,0,0,0
bfa,501110.0,2021,501.0,110,2,640.04254,39.166973,1,1,1,1,1,1,1,1,0,1,0,0,0,1,0,0,0,0,0,0,,0,0,0,0,0,0,0,1,0,0,0
bfa,501115.0,2021,501.0,115,2,640.04254,39.166973,1,1,1,1,1,1,1,1,0,1,0,0,0,1,0,0,0,0,0,0,,0,0,0,0,0,0,0,1,0,0,0
bfa,501134.0,2021,501.0,134,2,640.04254,39.166973,1,1,1,1,1,1,1,1,0,0,0,0,0,1,0,0,1,0,1,0,,5,6,0,0,20,1,1,1,0,0,0
bfa,501188.0,2021,501.0,188,2,640.04254,39.166973,3,1,1,1,1,1,1,1,0,0,0,1,0,1,0,0,0,0,0,0,,0,0,0,0,0,1,0,0,0,0,0
bfa,502014.0,2021,502.0,14,2,126.38521,57.17679,1,1,1,1,1,1,1,1,0,1,1,1,1,1,1,1,1,1,1,1,,0,0,0,0,0,0,0,1,1,0,0
bfa,502020.0,2021,502.0,20,2,126.38521,57.17679,1,1,1,1,1,1,1,1,0,1,1,0,0,1,0,0,0,0,0,0,,0,12,0,0,35,0,0,1,0,0,0
bfa,502022.0,2021,502.0,22,2,126.38521,57.17679,4,1,1,1,1,1,1,1,0,1,1,1,1,0,0,0,0,0,0,0,,0,0,0,0,0,0,0,1,0,0,0
bfa,502028.0,2021,502.0,28,2,126.38521,57.17679,1,1,1,1,1,1,1,1,0,1,1,1,0,1,0,1,0,1,1,1,,0,0,0,0,8,0,0,1,0,0,0
bfa,502029.0,2021,502.0,29,2,126.38521,57.17679,1,1,1,1,1,1,1,1,0,1,1,1,0,1,0,1,0,0,1,1,,0,0,0,0,0,0,0,1,0,0,0
bfa,502030.0,2021,502.0,30,2,126.38521,57.17679,3,1,1,1,1,1,1,1,0,1,1,1,0,1,0,1,1,0,0,0,,1,0,0,0,0,0,0,1,0,0,0
bfa,503013.0,2021,503.0,13,1,1247.9636,206.19946,3,1,0,1,1,1,1,1,0,1,0,1,0,1,0,0,0,0,0,0,,0,0,0,0,0,0,0,0,0,0,0
bfa,503107.0,2021,503.0,107,1,1247.9636,206.19946,4,1,1,1,1,1,0,0,1,0,0,0,0,1,1,0,0,1,1,0,,0,0,0,0,0,1,1,1,0,0,0
bfa,503261.0,2021,503.0,261,1,1247.9636,206.19946,1,1,1,1,1,1,1,1,0,0,0,1,0,1,0,0,0,1,0,0,,0,0,0,0,30,0,0,0,0,0,0
bfa,503264.0,2021,503.0,264,1,1247.9636,206.19946,3,1,1,1,1,1,1,1,0,1,0,1,0,1,0,1,0,0,1,0,,0,0,0,0,0,0,0,0,0,0,0
bfa,503297.0,2021,503.0,297,1,1247.9636,206.19946,1,1,1,1,1,1,1,1,0,1,1,1,0,1,0,0,0,0,1,1,,0,0,0,0,2,0,0,0,1,0,0
bfa,503316.0,2021,503.0,316,1,1247.9636,206.19946,1,1,1,1,1,1,0,0,1,0,0,0,0,0,0,0,0,0,0,0,,0,0,0,0,0,0,0,1,1,0,0
bfa,504018.0,2021,504.0,18,2,857.2214,123.1925,3,1,1,1,1,1,1,1,0,1,0,1,1,1,0,0,1,0,0,0,,0,0,0,0,0,0,0,1,1,0,0
bfa,504040.0,2021,504.0,40,2,857.2214,123.1925,4,1,1,1,1,1,1,1,0,1,1,0,0,1,1,1,0,0,0,0,,0,0,0,0,0,0,0,1,1,0,0
bfa,504063.0,2021,504.0,63,2,857.2214,123.1925,4,1,1,1,1,1,1,1,0,1,0,0,0,1,0,0,1,0,0,0,,0,0,0,0,0,1,0,0,0,0,0
bfa,504150.0,2021,504.0,150,2,857.2214,123.1925,3,1,0,1,1,1,1,1,0,1,0,0,0,1,0,0,0,0,0,0,,0,0,0,0,0,0,0,0,0,0,0
bfa,504156.0,2021,504.0,156,2,857.2214,123.1925,3,1,1,1,1,1,1,1,0,1,0,1,0,1,0,0,1,0,0,0,,0,0,0,0,0,0,0,1,0,0,0
bfa,504210.0,2021,504.0,210,2,857.2214,123.1925,4,1,1,1,1,1,1,1,0,1,0,0,0,1,0,1,0,0,1,0,,0,0,0,0,0,0,0,1,0,0,0
bfa,505078.0,2021,505.0,78,1,2590.0674,372.17435,3,1,1,1,1,1,1,1,0,0,0,1,0,1,0,0,0,0,1,0,,0,0,0,0,0,0,0,0,0,0,0
bfa,505223.0,2021,505.0,223,1,2590.0674,372.17435,2,1,1,1,1,1,1,1,0,0,0,1,0,1,0,0,0,0,1,0,,0,0,0,0,25,0,0,1,0,0,0
bfa,505299.0,2021,505.0,299,1,2590.0674,372.17435,2,1,1,1,1,1,1,1,0,1,0,1,0,1,0,0,0,0,0,0,,0,0,0,0,0,0,0,0,0,0,0
bfa,505360.0,2021,505.0,360,1,2590.0674,372.17435,3,1,1,1,0,0,0,1,0,0,0,0,0,1,1,0,0,0,1,0,,0,0,0,0,0,1,0,1,0,0,0
bfa,505424.0,2021,505.0,424,1,2590.0674,372.17435,3,1,1,1,1,1,0,1,0,1,0,1,0,1,0,0,0,0,1,0,,0,0,0,0,0,0,0,1,0,0,0
bfa,505482.0,2021,505.0,482,1,2590.0674,372.17435,3,1,1,1,0,0,1,1,0,0,0,0,0,1,0,0,0,0,1,0,,0,0,0,0,0,0,0,1,0,0,0
bfa,506069.0,2021,506.0,69,1,613.1027,69.74757,2,1,1,1,1,1,1,1,0,1,0,0,0,1,0,0,0,0,1,0,,0,0,0,0,0,0,0,1,0,0,0
bfa,506106.0,2021,506.0,106,1,613.1027,69.74757,1,1,1,1,1,1,1,1,0,1,0,1,0,1,0,0,0,0,1,0,,0,0,0,0,10,0,0,0,1,0,0
bfa,506129.0,2021,506.0,129,1,613.1027,69.74757,4,1,1,1,0,0,1,1,0,0,0,0,0,1,0,0,0,0,1,0,,0,0,0,0,0,0,0,1,0,0,1
bfa,506133.0,2021,506.0,133,1,613.1027,69.74757,1,1,1,1,1,1,1,1,0,1,0,0,0,1,0,0,0,0,1,1,,0,0,0,0,10,1,0,0,1,0,0
bfa,506141.0,2021,506.0,141,1,613.1027,69.74757,3,1,1,1,1,1,0,0,0,1,0,0,0,0,0,0,0,0,0,0,,0,0,0,0,0,0,0,0,0,0,0
bfa,506144.0,2021,506.0,144,1,613.1027,69.74757,3,1,1,1,1,1,1,1,0,1,0,0,0,1,0,0,0,0,0,0,,0,0,0,0,0,0,0,0,0,0,0
bfa,507012.0,2021,507.0,12,2,778.72125,101.016266,3,1,1,1,1,1,1,1,0,0,0,0,0,0,1,0,0,0,0,0,,0,0,0,0,0,0,0,0,0,0,0
bfa,507030.0,2021,507.0,30,2,778.72125,101.016266,4,1,1,1,1,1,1,1,0,1,1,1,0,1,0,1,0,0,0,1,,0,0,0,0,0,1,0,0,0,0,0
bfa,507102.0,2021,507.0,102,2,778.72125,101.016266,3,1,1,1,1,1,0,0,1,1,1,0,0,1,0,0,0,0,0,0,,0,0,0,0,0,0,0,0,0,0,0
bfa,507103.0,2021,507.0,103,2,778.72125,101.016266,1,1,1,1,1,1,1,1,0,0,1,0,0,1,1,1,0,0,1,0,,0,0,0,0,0,1,0,1,0,0,0
bfa,507141.0,2021,507.0,141,2,778.72125,101.016266,3,1,1,1,1,1,0,0,1,0,0,0,0,0,0,0,0,0,0,0,,0,0,0,0,0,0,0,0,0,0,0
bfa,507170.0,2021,507.0,170,2,778.72125,101.016266,1,1,1,1,1,1,1,1,0,1,0,1,0,1,0,0,0,0,1,0,2.0009970664978027,0,0,0,0,10,0,1,1,0,0,0
bfa,508015.0,2021,508.0,15,1,566.1655,245.8617,2,0,0,0,0,0,0,0,1,0,0,0,0,0,0,0,0,0,0,0,3.9900000393390656,0,2,0,0,10,0,0,0,0,0,0
bfa,508018.0,2021,508.0,18,1,566.1655,245.8617,2,0,1,0,0,0,0,0,1,0,0,0,0,0,0,0,0,0,0,0,10.200000196695328,0,5,0,0,23,1,0,0,0,0,0
bfa,508022.0,2021,508.0,22,1,566.1655,245.8617,4,0,1,1,0,0,0,0,1,0,0,0,0,0,0,0,0,0,0,0,5.1000001430511475,0,1,0,0,18,0,1,1,0,0,0
bfa,508028.0,2021,508.0,28,1,566.1655,245.8617,2,1,1,1,0,0,0,0,1,0,0,0,0,0,0,0,0,0,0,0,8.528208054602146,0,0,0,0,0,0,0,0,0,0,0
bfa,508037.0,2021,508.0,37,1,566.1655,245.8617,4,0,1,1,0,0,0,0,0,0,0,0,0,1,0,0,0,0,0,0,10.5,0,11,0,0,20,1,1,1,0,0,0
bfa,508065.0,2021,508.0,65,1,566.1655,245.8617,2,1,1,1,0,0,0,0,1,0,0,0,0,1,0,0,0,0,1,0,7.7900002002716064,0,0,0,0,0,0,0,1,0,0,0
bfa,509010.0,2021,509.0,10,1,208.4744,128.61774,4,1,1,1,1,1,1,1,0,0,0,0,0,0,0,0,1,0,0,0,2.7700000405311584,0,10,0,0,35,0,1,1,0,0,0
bfa,509026.0,2021,509.0,26,1,208.4744,128.61774,4,0,1,1,1,1,0,0,1,0,0,0,0,1,0,0,0,0,0,0,3.5600000619888306,0,14,0,0,10,0,1,1,0,0,0
bfa,509069.0,2021,509.0,69,1,208.4744,128.61774,1,1,1,0,1,1,1,1,0,0,0,0,0,1,0,0,0,0,1,0,,0,0,0,0,0,0,0,0,0,0,0
bfa,509110.0,2021,509.0,110,1,208.4744,128.61774,1,1,0,0,1,1,1,1,0,0,0,0,0,1,0,0,0,0,1,0,0.6399999856948853,0,10,0,0,0,0,0,1,0,0,0
bfa,509112.0,2021,509.0,112,1,208.4744,128.61774,1,1,1,1,1,1,1,1,0,0,0,0,0,0,0,0,0,0,0,0,2.0675308108329773,0,0,0,0,11,0,0,1,0,0,0
bfa,509139.0,2021,509.0,139,1,208.4744,128.61774,4,1,1,1,1,1,1,1,0,0,0,0,0,1,0,0,0,0,1,0,1.210000030696392,0,2,0,0,10,1,0,0,0,0,0
bfa,510030.0,2021,510.0,30,1,772.2118,407.61813,1,0,0,0,0,0,0,0,0,0,0,0,0,0,0,0,0,0,0,0,,0,1,0,0,2,0,0,0,0,0,0
bfa,510074.0,2021,510.0,74,1,772.2118,407.61813,1,1,1,1,0,0,1,1,0,0,0,0,0,0,0,0,0,0,0,0,4.489999771118164,0,0,0,0,0,1,0,1,0,0,0
bfa,510217.0,2021,510.0,217,1,772.2118,407.61813,1,0,1,1,1,1,1,1,0,0,0,0,0,0,0,0,0,0,0,0,5.059999942779541,0,3,0,0,0,0,1,1,0,0,0
bfa,510218.0,2021,510.0,218,1,772.2118,407.61813,2,1,1,1,1,1,0,0,1,0,0,0,0,1,0,1,1,0,0,0,,0,0,0,0,6,1,0,0,0,0,0
bfa,510246.0,2021,510.0,246,1,772.2118,407.61813,1,1,1,1,1,1,0,0,0,0,1,1,0,0,0,0,0,0,0,0,1.205000400543213,0,4,0,0,0,0,0,1,0,0,0
bfa,510309.0,2021,510.0,309,1,772.2118,407.61813,1,1,1,1,1,1,1,1,0,0,1,0,0,1,0,1,1,0,1,0,3.7977675199508667,3,0,0,0,0,0,1,1,0,0,0
bfa,511004.0,2021,511.0,4,1,549.685,385.71802,2,1,1,1,0,0,0,0,1,0,0,0,0,0,0,0,0,0,0,0,12.959999978542328,0,5,3,0,10,0,0,0,0,0,0
bfa,511006.0,2021,511.0,6,1,549.685,385.71802,1,1,1,0,0,0,0,0,0,0,1,0,0,0,0,0,0,0,0,0,9.540000036358833,2,3,8,0,10,0,1,1,1,0,0
bfa,511038.0,2021,511.0,38,1,549.685,385.71802,2,0,1,1,0,0,0,0,1,0,0,0,0,0,0,0,0,0,0,0,9.729999899864197,0,0,0,0,23,1,1,0,0,0,0
bfa,511039.0,2021,511.0,39,1,549.685,385.71802,4,0,0,1,0,0,0,0,0,0,1,0,0,0,0,0,0,0,0,0,7.246100038290024,0,0,1,0,10,0,0,1,0,0,0
bfa,511041.0,2021,511.0,41,1,549.685,385.71802,2,1,0,0,0,0,0,0,1,0,1,0,0,0,0,0,0,0,0,0,5.9699998795986176,0,0,0,0,0,0,1,1,0,0,0
bfa,511043.0,2021,511.0,43,1,549.685,385.71802,2,0,1,1,0,0,0,0,1,0,0,0,0,0,0,0,0,0,0,0,8.93959990143776,0,0,1,0,0,1,1,1,0,0,0
bfa,512178.0,2021,512.0,178,2,1082.8687,34.265865,3,1,1,1,0,0,0,1,0,1,0,0,0,0,0,0,0,0,0,0,,0,0,0,0,0,0,0,1,1,0,0
bfa,512179.0,2021,512.0,179,2,1082.8687,34.265865,1,1,1,1,1,1,1,1,0,1,1,1,0,1,0,1,0,0,0,1,,0,0,0,0,0,0,0,1,0,0,0
bfa,512181.0,2021,512.0,181,2,1082.8687,34.265865,1,1,1,1,0,0,1,1,0,1,1,1,0,1,0,1,1,0,1,1,,0,0,0,0,0,0,1,1,1,0,0
bfa,512182.0,2021,512.0,182,2,1082.8687,34.265865,1,1,1,1,1,1,1,1,0,0,1,1,0,1,0,1,0,1,1,0,,0,0,0,0,0,0,0,1,0,0,0
bfa,512183.0,2021,512.0,183,2,1082.8687,34.265865,3,1,1,1,1,1,1,1,0,0,1,1,0,1,0,0,0,0,0,0,,0,0,0,0,0,1,0,1,0,0,0
bfa,512186.0,2021,512.0,186,2,1082.8687,34.265865,4,1,1,1,1,1,0,0,1,1,0,0,0,1,0,0,0,0,1,0,,0,0,0,0,0,0,0,1,0,0,0
bfa,513306.0,2021,513.0,306,2,3646.303,30.128458,1,1,1,1,1,1,1,1,0,1,0,0,0,1,0,0,0,0,0,0,,0,0,0,0,0,0,1,1,0,0,0
bfa,513325.0,2021,513.0,325,2,3646.303,30.128458,1,1,1,1,1,1,1,1,0,1,1,0,0,1,0,1,1,1,1,0,,0,0,0,0,5,0,0,1,1,0,0
bfa,513360.0,2021,513.0,360,2,3646.303,30.128458,4,1,1,1,1,1,0,0,0,0,0,0,0,0,0,0,0,0,0,0,,0,4,0,0,6,1,1,1,0,0,0
bfa,513559.0,2021,513.0,559,2,3646.303,30.128458,2,1,1,1,1,1,1,1,0,1,0,1,0,1,0,0,0,0,0,0,,0,0,0,0,12,0,0,1,0,0,0
bfa,513562.0,2021,513.0,562,2,3646.303,30.128458,1,1,1,1,1,1,1,1,0,1,0,1,0,1,0,0,0,0,0,0,,0,1,0,0,4,0,0,1,0,0,0
bfa,513567.0,2021,513.0,567,2,3646.303,30.128458,1,1,1,1,1,1,0,0,0,1,0,0,0,1,0,0,0,0,0,0,,0,0,0,0,0,1,0,1,0,0,0
bfa,514014.0,2021,514.0,14,2,1098.9475,29.183994,3,1,1,1,0,0,1,1,0,1,1,1,1,1,1,1,1,1,1,1,,0,0,0,0,0,0,0,1,0,0,0
bfa,514085.0,2021,514.0,85,2,1098.9475,29.183994,2,1,1,1,1,1,0,0,0,1,0,0,0,0,0,0,0,0,0,0,,0,0,0,0,0,1,0,1,0,0,0
bfa,514136.0,2021,514.0,136,2,1098.9475,29.183994,2,1,1,1,1,1,0,0,1,1,0,0,0,0,0,0,0,0,0,0,,0,0,0,0,0,0,0,1,0,0,0
bfa,514137.0,2021,514.0,137,2,1098.9475,29.183994,1,1,1,1,1,1,1,1,0,0,0,0,0,1,0,0,0,0,0,0,,0,0,0,0,0,1,0,1,0,0,0
bfa,514138.0,2021,514.0,138,2,1098.9475,29.183994,1,1,1,1,1,1,1,1,0,1,0,1,0,1,0,0,0,0,0,0,,0,0,0,0,0,1,0,1,0,0,0
bfa,514155.0,2021,514.0,155,2,1098.9475,29.183994,1,1,1,1,1,1,0,0,1,1,0,1,0,0,0,0,0,0,0,0,,0,0,0,0,0,0,0,1,0,0,0
bfa,515002.0,2021,515.0,2,1,1334.8402,35.379982,2,1,1,1,1,1,0,0,1,0,0,0,0,1,0,0,0,0,1,0,,0,0,0,0,13,0,1,1,1,0,0
bfa,515060.0,2021,515.0,60,1,1334.8402,35.379982,1,1,1,1,1,1,0,0,1,1,0,0,0,1,0,0,0,0,1,0,,0,12,0,0,3,0,1,1,1,0,0
bfa,515075.0,2021,515.0,75,1,1334.8402,35.379982,3,1,1,1,1,1,0,0,1,1,1,1,0,0,0,0,0,0,0,0,,0,0,0,0,0,0,0,1,0,0,0
bfa,515102.0,2021,515.0,102,1,1334.8402,35.379982,1,1,1,1,1,1,0,0,1,1,0,0,0,0,0,0,0,0,0,0,1.0027502924203873,0,0,0,0,0,0,0,1,0,0,0
bfa,515103.0,2021,515.0,103,1,1334.8402,35.379982,3,1,1,1,1,1,0,0,0,1,0,0,0,0,0,1,0,0,0,0,,0,0,0,0,0,0,0,1,1,0,0
bfa,515116.0,2021,515.0,116,1,1334.8402,35.379982,2,1,1,1,1,1,0,1,0,1,1,1,0,1,0,0,0,0,0,0,,0,0,0,0,0,0,0,1,0,0,0
bfa,516006.0,2021,516.0,6,1,873.9718,21.77674,1,1,1,1,1,1,1,1,0,1,1,1,1,1,0,1,0,0,1,0,,0,0,0,0,0,0,0,1,0,0,0
bfa,516019.0,2021,516.0,19,1,873.9718,21.77674,4,1,1,1,1,1,1,1,0,1,0,1,0,1,0,0,0,0,1,0,,0,0,0,0,0,0,0,1,0,0,0
bfa,516042.0,2021,516.0,42,1,873.9718,21.77674,1,1,1,1,1,1,1,1,0,0,1,0,0,1,0,0,0,0,0,0,,0,0,0,0,0,1,0,1,0,0,0
bfa,516057.0,2021,516.0,57,1,873.9718,21.77674,1,1,1,1,1,1,1,1,0,1,1,1,0,1,0,1,1,1,1,1,,0,0,0,0,0,0,0,1,0,0,0
bfa,516081.0,2021,516.0,81,1,873.9718,21.77674,1,1,1,1,1,1,0,1,0,1,0,1,0,1,0,0,0,0,0,0,,0,0,0,0,0,0,0,1,0,0,0
bfa,516094.0,2021,516.0,94,1,873.9718,21.77674,1,1,1,1,1,1,1,1,0,1,1,1,0,1,0,1,0,0,0,1,,0,0,0,0,0,0,0,1,0,0,0
bfa,517033.0,2021,517.0,33,1,769.3414,19.242378,1,1,1,1,1,1,1,1,0,1,1,1,0,1,0,1,1,1,1,1,,0,0,0,0,0,0,1,0,0,0,0
bfa,517035.0,2021,517.0,35,1,769.3414,19.242378,4,1,1,1,1,1,1,1,0,1,0,1,0,1,0,0,0,0,0,0,,0,0,0,0,0,0,0,1,0,0,0
bfa,517046.0,2021,517.0,46,1,769.3414,19.242378,2,1,1,1,1,1,1,1,0,0,0,0,0,1,0,0,0,0,1,0,,0,0,0,0,0,1,0,1,1,0,0
bfa,517047.0,2021,517.0,47,1,769.3414,19.242378,2,1,1,1,1,1,1,1,0,1,1,1,1,1,0,1,1,1,1,1,,0,0,0,0,0,1,0,1,1,0,0
bfa,517065.0,2021,517.0,65,1,769.3414,19.242378,1,1,1,1,1,1,1,0,1,0,0,1,0,1,0,0,0,0,0,0,,3,3,0,0,0,0,0,1,0,0,0
bfa,517077.0,2021,517.0,77,1,769.3414,19.242378,1,1,1,1,1,1,0,0,1,1,0,1,0,0,0,0,0,0,0,0,,0,0,0,0,0,0,0,0,0,0,0
bfa,518005.0,2021,518.0,5,1,1904.7273,43.22742,2,1,1,1,1,1,1,1,0,1,0,1,0,1,0,0,0,0,0,0,,0,0,0,0,0,1,0,1,0,0,0
bfa,518028.0,2021,518.0,28,1,1904.7273,43.22742,1,1,1,1,0,0,0,0,1,1,1,1,0,1,0,0,0,0,1,0,,0,0,0,0,0,0,0,1,0,0,0
bfa,518048.0,2021,518.0,48,1,1904.7273,43.22742,1,1,1,1,1,1,1,1,0,1,0,1,0,1,0,0,0,0,0,0,,0,3,0,0,8,0,0,1,0,0,0
bfa,518091.0,2021,518.0,91,1,1904.7273,43.22742,2,1,1,1,1,1,1,1,0,0,0,0,0,1,0,0,0,0,0,0,,0,0,0,0,0,1,0,1,0,0,0
bfa,518107.0,2021,518.0,107,1,1904.7273,43.22742,1,1,1,1,1,1,0,0,1,1,0,1,0,1,0,0,0,0,0,0,,0,5,0,0,0,0,0,1,0,0,0
bfa,518122.0,2021,518.0,122,1,1904.7273,43.22742,4,1,1,1,1,1,1,1,0,0,0,1,0,1,0,0,0,0,0,0,,0,0,20,0,0,0,0,1,0,0,0
bfa,519256.0,2021,519.0,256,2,2423.4253,36.70278,1,1,1,1,1,1,1,1,0,0,0,1,0,1,0,0,0,0,1,0,,0,0,0,0,120,0,0,1,0,0,0
bfa,519279.0,2021,519.0,279,2,2423.4253,36.70278,1,1,1,1,1,1,1,1,0,1,1,1,0,1,0,1,0,0,0,1,,0,0,0,0,20,0,0,1,0,0,0
bfa,519283.0,2021,519.0,283,2,2423.4253,36.70278,4,1,1,1,1,1,1,1,0,1,1,0,0,1,0,0,0,1,1,0,,0,0,0,0,0,1,0,1,1,0,0
bfa,519284.0,2021,519.0,284,2,2423.4253,36.70278,1,1,1,1,1,1,1,1,0,1,0,0,0,1,0,1,0,1,0,0,,0,0,0,0,0,0,1,1,0,0,0
bfa,519286.0,2021,519.0,286,2,2423.4253,36.70278,4,1,1,1,1,1,1,1,0,1,0,1,0,1,1,1,1,0,1,1,,0,0,0,7,18,1,0,1,0,0,0
bfa,519287.0,2021,519.0,287,2,2423.4253,36.70278,1,1,1,1,1,1,0,0,0,1,0,0,0,1,1,1,1,0,1,0,,0,0,0,0,0,0,0,1,1,0,0
bfa,520078.0,2021,520.0,78,2,2955.9805,80.30694,4,1,1,1,0,0,1,1,0,1,0,0,0,0,0,0,0,0,1,0,,0,0,0,0,0,0,0,1,0,0,0
bfa,520080.0,2021,520.0,80,2,2955.9805,80.30694,2,1,1,1,1,1,0,0,1,1,0,1,0,1,0,0,0,0,0,0,,0,0,0,0,0,0,0,1,0,0,0
bfa,520082.0,2021,520.0,82,2,2955.9805,80.30694,4,1,1,1,1,1,0,0,1,1,0,0,0,0,0,0,0,0,0,0,,0,0,0,0,0,0,0,1,1,0,0
bfa,520083.0,2021,520.0,83,2,2955.9805,80.30694,1,1,1,1,1,1,1,1,0,1,0,1,0,1,0,1,0,0,0,0,,0,0,0,0,0,0,0,1,0,0,0
bfa,520084.0,2021,520.0,84,2,2955.9805,80.30694,4,1,1,1,1,1,1,1,0,1,0,0,0,1,0,1,1,1,0,0,,0,7,0,0,40,0,0,1,0,0,0
bfa,520087.0,2021,520.0,87,2,2955.9805,80.30694,1,1,1,1,1,1,1,1,0,1,1,0,0,1,1,1,1,0,1,1,2.163900136947632,55,0,0,0,25,1,1,0,0,0,0
bfa,521001.0,2021,521.0,1,2,844.8935,27.147856,4,1,1,1,1,1,1,1,0,0,0,0,0,1,1,1,0,0,1,1,,0,0,0,0,0,1,0,1,0,0,0
bfa,521005.0,2021,521.0,5,2,844.8935,27.147856,4,1,1,1,1,1,1,1,0,0,0,1,0,1,0,1,0,0,0,0,,0,0,0,0,0,0,0,1,0,0,0
bfa,521031.0,2021,521.0,31,2,844.8935,27.147856,1,1,1,1,1,1,1,1,0,1,1,0,0,1,0,0,0,0,1,0,,0,6,0,0,15,1,1,1,1,0,0
bfa,521084.0,2021,521.0,84,2,844.8935,27.147856,3,1,1,1,1,1,1,1,0,1,0,0,0,1,0,0,0,0,1,0,,0,0,0,0,0,0,0,1,0,0,0
bfa,521113.0,2021,521.0,113,2,844.8935,27.147856,1,1,1,1,1,1,1,1,0,1,0,1,0,1,0,1,1,0,1,1,,0,0,0,0,0,1,0,1,0,0,0
bfa,521114.0,2021,521.0,114,2,844.8935,27.147856,1,1,1,1,1,1,1,1,0,1,1,1,0,1,0,1,1,0,0,1,,0,0,0,0,0,1,0,1,0,0,0
bfa,522031.0,2021,522.0,31,1,682.8736,16.189728,1,1,1,1,1,1,0,0,0,0,0,1,0,0,0,0,0,0,0,0,0.9971185922622681,0,0,0,0,0,1,1,1,1,0,0
bfa,522046.0,2021,522.0,46,1,682.8736,16.189728,4,1,1,1,1,1,1,1,0,1,1,1,0,1,1,1,1,0,1,1,,0,0,0,0,0,1,0,0,0,0,0
bfa,522095.0,2021,522.0,95,1,682.8736,16.189728,1,1,1,1,1,1,0,1,0,1,1,1,1,1,0,0,0,0,0,0,,0,0,0,0,0,0,0,1,0,0,0
bfa,522103.0,2021,522.0,103,1,682.8736,16.189728,3,1,1,1,1,1,1,1,0,1,1,1,0,1,1,1,1,1,1,0,,0,0,0,0,0,1,0,1,0,0,0
bfa,522113.0,2021,522.0,113,1,682.8736,16.189728,3,1,1,1,1,1,1,1,0,1,1,1,0,1,0,1,1,1,1,0,,0,0,0,0,0,0,0,1,0,0,0
bfa,523078.0,2021,523.0,78,2,1148.8832,25.844234,2,1,1,1,1,1,0,0,1,1,0,0,0,0,0,0,0,0,0,0,,0,0,0,0,0,1,0,1,1,0,0
bfa,523079.0,2021,523.0,79,2,1148.8832,25.844234,1,1,1,1,1,1,0,0,0,1,0,0,0,0,0,0,0,0,0,0,,0,0,0,0,0,0,1,1,0,0,0
bfa,523083.0,2021,523.0,83,2,1148.8832,25.844234,2,1,1,1,1,1,0,0,1,1,0,0,0,0,0,0,0,0,0,0,,0,0,0,0,0,1,0,1,0,0,0
bfa,523084.0,2021,523.0,84,2,1148.8832,25.844234,4,1,1,1,1,1,0,0,0,1,0,0,0,0,0,0,0,0,0,0,,0,0,0,0,0,1,0,1,1,0,0
bfa,523085.0,2021,523.0,85,2,1148.8832,25.844234,2,0,1,1,1,1,0,0,1,0,0,1,0,0,0,0,0,0,0,0,,0,0,0,0,0,0,0,1,0,0,0
bfa,523088.0,2021,523.0,88,2,1148.8832,25.844234,2,1,1,0,1,1,0,0,1,0,0,1,0,0,0,0,0,0,0,0,,0,0,0,0,0,0,0,1,0,0,0
bfa,524010.0,2021,524.0,10,2,3776.5015,2017.5299,2,0,0,0,0,0,0,0,0,0,0,0,0,0,0,0,0,0,0,0,3.7300000190734863,14,30,0,0,32,0,1,1,1,0,0
bfa,524098.0,2021,524.0,98,2,3776.5015,2017.5299,2,0,1,1,1,1,0,0,1,0,0,0,0,0,0,0,0,0,0,0,5.49792006611824,0,12,5,0,55,0,1,1,0,0,0
bfa,524101.0,2021,524.0,101,2,3776.5015,2017.5299,2,0,1,0,1,1,0,0,0,0,0,0,0,0,0,0,0,0,0,0,1.5121999979019165,0,3,3,0,0,1,1,1,0,0,0
bfa,524173.0,2021,524.0,173,2,3776.5015,2017.5299,2,1,0,1,1,0,0,0,1,0,0,0,0,1,1,0,0,0,0,1,5.380000114440918,3,50,8,0,31,0,1,1,0,0,0
bfa,524246.0,2021,524.0,246,2,3776.5015,2017.5299,2,1,1,1,1,1,0,0,1,0,0,1,0,1,0,0,0,0,0,0,8.29999989271164,16,15,6,0,32,0,1,1,0,0,0
bfa,524265.0,2021,524.0,265,2,3776.5015,2017.5299,2,1,1,1,1,1,0,0,1,0,0,0,0,0,0,0,0,0,0,0,6.419999957084656,2,12,8,0,15,0,1,1,0,0,0
bfa,525080.0,2021,525.0,80,2,1567.0762,847.40295,2,0,1,1,1,1,0,0,0,0,0,0,0,0,0,0,0,0,0,0,2.4500000178813934,0,6,3,0,15,0,1,1,1,0,0
bfa,525096.0,2021,525.0,96,2,1567.0762,847.40295,2,0,1,1,1,0,0,0,0,0,0,0,0,0,0,0,0,0,0,0,0.9697903990745544,0,3,6,0,2,0,1,0,0,0,0
bfa,525121.0,2021,525.0,121,2,1567.0762,847.40295,2,1,1,1,0,0,0,0,1,0,0,0,0,0,0,0,0,0,0,0,6.799999952316284,1,5,3,0,6,0,1,1,0,0,0
bfa,525203.0,2021,525.0,203,2,1567.0762,847.40295,2,1,1,1,0,0,0,0,0,0,0,0,0,0,0,0,0,0,0,0,2.267999976873398,0,0,0,0,0,0,1,1,0,0,0
bfa,525213.0,2021,525.0,213,2,1567.0762,847.40295,2,0,1,0,0,0,0,0,0,0,0,0,0,0,0,0,0,0,0,0,4.5260032415390015,1,0,11,0,0,0,1,1,0,0,0
bfa,525222.0,2021,525.0,222,2,1567.0762,847.40295,2,1,1,1,0,0,0,0,0,0,0,0,0,0,0,0,0,0,0,0,4.649999976158142,1,10,5,0,15,0,1,1,0,0,0
bfa,526002.0,2021,526.0,2,2,2877.0676,1483.708,2,1,1,0,1,1,0,0,1,0,0,0,0,0,0,0,0,0,0,0,9.630743026733398,2,10,5,0,15,0,1,1,0,0,0
bfa,526009.0,2021,526.0,9,2,2877.0676,1483.708,2,0,1,0,1,1,0,0,0,0,0,0,0,0,0,0,0,0,0,0,4.11232727766037,4,12,6,0,35,1,1,1,0,0,0
bfa,526067.0,2021,526.0,67,2,2877.0676,1483.708,2,0,1,0,1,1,0,0,0,0,0,0,0,0,0,0,0,0,0,0,2.869999974966049,0,1,0,0,3,0,1,1,1,0,0
bfa,526068.0,2021,526.0,68,2,2877.0676,1483.708,2,0,1,0,1,1,0,0,0,0,0,0,0,0,0,0,0,0,0,0,3.7558890283107758,0,5,3,0,10,0,1,1,0,0,0
bfa,526097.0,2021,526.0,97,2,2877.0676,1483.708,2,1,1,0,0,0,0,0,0,0,0,1,0,0,0,0,0,0,0,0,2.159999966621399,0,0,0,0,3,0,1,1,0,0,0
bfa,526168.0,2021,526.0,168,2,2877.0676,1483.708,2,1,1,0,1,1,0,0,1,0,0,0,0,0,0,0,0,0,0,0,4.594891786575317,0,12,0,0,40,1,1,1,0,0,0
bfa,527052.0,2021,527.0,52,2,337.3594,95.820816,1,1,1,1,1,0,0,0,1,0,0,0,0,1,0,0,0,0,0,0,0.3500000014901161,0,3,0,0,0,0,1,1,1,0,0
bfa,527131.0,2021,527.0,131,2,337.3594,95.820816,2,1,1,1,0,0,0,0,1,0,0,0,0,1,0,0,0,0,0,0,0.4000000134110451,0,5,3,0,10,0,1,1,0,0,0
bfa,527134.0,2021,527.0,134,2,337.3594,95.820816,2,1,1,1,1,1,0,0,1,0,0,0,0,0,0,0,0,0,0,0,1.7000000476837158,1,0,0,0,3,0,1,1,0,0,0
bfa,527143.0,2021,527.0,143,2,337.3594,95.820816,3,1,1,1,1,1,1,1,0,0,0,0,0,1,0,0,0,0,0,0,0.5699999928474426,0,0,8,0,6,1,1,1,1,0,0
bfa,527197.0,2021,527.0,197,2,337.3594,95.820816,1,1,1,1,1,1,1,1,0,0,0,0,0,1,0,0,0,0,0,0,1.3246116638183594,0,0,0,0,40,1,1,1,0,0,0
bfa,527198.0,2021,527.0,198,2,337.3594,95.820816,3,1,1,1,1,1,1,1,0,1,1,1,0,1,0,1,1,0,1,0,,0,0,0,0,3,0,0,1,0,0,0
bfa,528109.0,2021,528.0,109,2,1335.7632,628.7465,2,1,1,1,0,0,0,0,1,0,0,0,0,0,0,0,0,0,0,0,5.1600000858306885,1,2,3,0,7,1,1,1,0,0,0
bfa,528124.0,2021,528.0,124,2,1335.7632,628.7465,2,1,1,1,1,0,0,0,0,0,0,0,0,0,0,0,0,0,0,0,2.2395955324172974,0,17,1,0,3,0,1,1,0,0,1
bfa,528146.0,2021,528.0,146,2,1335.7632,628.7465,2,0,1,1,1,1,0,0,0,0,0,0,0,0,0,0,0,0,0,0,2.4397322796285152,0,3,1,0,10,0,1,1,0,0,0
bfa,528147.0,2021,528.0,147,2,1335.7632,628.7465,2,1,1,1,0,0,0,0,1,0,0,0,0,1,0,0,0,0,0,0,2.520000010728836,1,4,5,0,8,0,1,1,0,0,0
bfa,528155.0,2021,528.0,155,2,1335.7632,628.7465,2,1,1,0,1,1,0,0,0,0,1,0,0,0,0,0,0,0,0,0,3.286981001496315,0,5,5,0,25,1,1,1,0,0,0
bfa,528158.0,2021,528.0,158,2,1335.7632,628.7465,2,0,1,0,1,1,0,0,0,0,1,1,0,0,0,0,0,0,0,0,1.7145516872406006,0,0,7,0,0,0,1,1,0,0,0
bfa,529001.0,2021,529.0,1,2,326.46967,94.50116,3,1,1,1,1,1,1,1,0,0,0,0,0,1,0,0,0,0,0,0,,0,2,2,0,0,0,1,1,1,0,0
bfa,529032.0,2021,529.0,32,2,326.46967,94.50116,2,0,1,0,1,1,1,1,0,0,0,0,0,0,0,0,0,0,0,0,1.010000005364418,0,3,3,0,0,0,1,1,0,0,0
bfa,529051.0,2021,529.0,51,2,326.46967,94.50116,2,1,1,1,1,1,1,1,0,0,0,0,0,1,0,0,0,0,0,0,0.30000001192092896,0,0,0,0,0,0,0,1,0,0,0
bfa,529071.0,2021,529.0,71,2,326.46967,94.50116,2,1,1,1,1,1,0,0,1,0,0,0,0,1,0,0,0,0,0,0,0.0800000000745058,1,6,2,0,5,0,1,1,0,0,0
bfa,529072.0,2021,529.0,72,2,326.46967,94.50116,1,1,1,1,1,1,0,0,1,1,0,0,0,1,0,0,0,0,0,0,,0,10,0,0,25,0,0,1,0,0,0
bfa,529087.0,2021,529.0,87,2,326.46967,94.50116,1,1,1,1,1,1,1,1,0,1,0,0,0,1,0,0,0,0,0,0,3.391357809305191,0,5,3,0,25,1,1,1,0,0,0
bfa,530049.0,2021,530.0,49,1,267.4075,79.76245,1,1,1,1,0,0,0,0,1,0,0,0,0,1,0,0,1,0,1,0,0.10409999638795853,0,0,0,0,35,0,1,1,0,0,0
bfa,530126.0,2021,530.0,126,1,267.4075,79.76245,2,0,1,1,1,1,0,0,1,0,0,0,0,1,0,0,0,0,0,0,,0,0,0,0,5,1,0,0,0,0,0
bfa,530145.0,2021,530.0,145,1,267.4075,79.76245,2,0,1,1,1,1,0,0,1,0,0,0,0,0,0,0,0,0,0,0,0.7583325207233429,0,17,0,2,17,0,0,0,0,0,0
bfa,530166.0,2021,530.0,166,1,267.4075,79.76245,3,1,1,1,1,1,1,1,0,0,0,0,0,1,0,1,0,0,1,0,0.09869999811053276,0,0,5,0,3,0,1,1,0,0,0
bfa,530196.0,2021,530.0,196,1,267.4075,79.76245,2,1,1,1,0,0,0,0,1,0,0,0,0,1,0,0,0,0,0,0,2.2300000563263893,0,2,0,0,7,0,1,1,0,0,0
bfa,530200.0,2021,530.0,200,1,267.4075,79.76245,1,1,1,1,1,1,0,0,1,0,0,0,0,1,0,1,0,1,1,0,,0,0,0,0,14,0,0,1,1,0,0
bfa,531007.0,2021,531.0,7,2,742.2,418.76324,2,1,1,1,0,0,0,0,1,0,0,0,0,1,0,0,0,0,0,0,4.330000028014183,2,13,0,0,22,0,1,1,0,0,0
bfa,531012.0,2021,531.0,12,2,742.2,418.76324,2,0,1,0,0,0,0,0,0,0,0,0,0,0,0,0,0,0,0,0,2.099702477455139,0,0,1,0,0,0,1,1,0,0,0
bfa,531039.0,2021,531.0,39,2,742.2,418.76324,2,1,1,1,0,0,0,0,1,0,0,0,0,0,0,0,0,0,0,0,4.040832608938217,0,5,3,0,28,0,1,1,0,0,0
bfa,531047.0,2021,531.0,47,2,742.2,418.76324,2,0,1,1,1,0,0,0,1,0,1,0,0,1,0,0,0,0,1,0,6.820792734622955,6,32,0,0,53,0,1,1,1,0,0
bfa,531091.0,2021,531.0,91,2,742.2,418.76324,2,0,1,0,0,0,0,0,1,0,0,0,0,1,0,0,0,0,0,0,2.5012704730033875,0,15,0,0,22,0,1,1,0,0,0
bfa,531093.0,2021,531.0,93,2,742.2,418.76324,2,0,1,0,0,0,0,0,0,0,0,0,0,0,0,0,0,0,0,0,1.6452882289886475,0,2,4,0,6,1,1,1,0,0,0
bfa,532116.0,2021,532.0,116,1,963.76013,532.95197,1,1,1,1,1,1,0,0,1,0,0,0,0,0,0,0,0,0,0,0,2.9118312001228333,0,0,3,0,2,0,1,1,0,0,0
bfa,532124.0,2021,532.0,124,1,963.76013,532.95197,1,0,1,0,1,1,0,0,0,0,0,0,0,0,0,0,0,0,0,0,4.4584000408649445,0,0,0,0,6,0,1,1,0,0,0
bfa,532126.0,2021,532.0,126,1,963.76013,532.95197,2,1,1,1,0,0,0,0,1,0,0,0,0,1,0,0,0,0,1,0,7.177830457687378,5,10,3,0,40,1,1,1,0,0,0
bfa,532135.0,2021,532.0,135,1,963.76013,532.95197,2,0,0,0,0,0,0,0,1,0,0,0,0,0,0,0,0,0,0,0,4.649999916553497,2,5,2,0,4,0,1,0,1,0,0
bfa,532156.0,2021,532.0,156,1,963.76013,532.95197,2,1,1,1,0,0,0,0,1,0,0,0,0,1,0,0,0,0,1,0,10.149999976158142,11,12,5,0,25,0,1,1,0,0,0
bfa,532189.0,2021,532.0,189,1,963.76013,532.95197,2,0,0,0,0,0,0,0,1,0,0,0,0,0,0,0,0,0,0,0,7.679999887943268,1,0,1,0,50,0,1,0,0,0,0
bfa,533063.0,2021,533.0,63,1,130.70706,335.47736,1,1,1,1,1,1,1,1,0,0,0,0,0,1,0,0,0,0,0,0,2.631636381149292,1,0,0,0,6,1,1,1,0,1,0
bfa,533173.0,2021,533.0,173,1,130.70706,335.47736,4,1,1,1,1,1,1,1,0,0,0,0,0,0,0,0,0,0,0,0,,0,0,0,0,0,1,1,1,0,0,0
bfa,533174.0,2021,533.0,174,1,130.70706,335.47736,1,1,1,1,1,1,1,1,0,1,1,0,0,1,0,1,1,0,1,1,2.738606333732605,0,6,0,0,30,1,0,0,0,0,0
bfa,533175.0,2021,533.0,175,1,130.70706,335.47736,1,1,1,1,1,1,1,1,0,0,1,0,0,1,0,1,1,0,1,0,,4,0,0,0,0,0,1,1,1,1,0
bfa,533178.0,2021,533.0,178,1,130.70706,335.47736,4,1,1,1,1,1,0,0,1,0,0,0,0,0,0,0,0,0,0,0,0.8646231293678284,0,6,0,0,19,0,1,0,0,0,0
bfa,533180.0,2021,533.0,180,1,130.70706,335.47736,1,1,1,1,1,1,1,1,0,0,1,1,0,1,0,1,0,1,1,1,,0,0,0,0,0,0,0,1,1,0,0
bfa,534008.0,2021,534.0,8,1,85.26299,293.20175,4,1,1,1,1,1,1,1,0,0,1,1,0,1,0,0,1,1,1,0,,0,0,0,0,0,0,1,1,0,1,0
bfa,534027.0,2021,534.0,27,1,85.26299,293.20175,2,1,1,1,1,1,0,0,1,0,0,0,0,1,0,0,1,1,1,0,1.2976077049970627,1,7,0,0,120,0,0,0,0,0,0
bfa,534029.0,2021,534.0,29,1,85.26299,293.20175,2,0,1,1,1,1,0,0,0,0,0,0,0,0,0,0,0,0,0,0,,0,0,0,0,0,0,0,1,1,0,0
bfa,534046.0,2021,534.0,46,1,85.26299,293.20175,4,1,1,1,1,1,1,1,0,0,1,1,0,1,0,0,0,0,1,0,,0,0,0,0,0,0,0,0,0,0,0
bfa,534049.0,2021,534.0,49,1,85.26299,293.20175,4,1,1,1,1,1,1,1,0,0,0,0,0,1,0,1,1,1,1,0,,0,0,0,0,0,0,0,1,0,1,0
bfa,534103.0,2021,534.0,103,1,85.26299,293.20175,3,1,1,1,1,1,1,1,0,1,1,1,1,1,0,1,0,0,1,0,,0,0,0,0,0,0,0,0,0,0,0
bfa,535048.0,2021,535.0,48,2,79.07585,232.98961,1,1,1,1,1,1,1,1,0,0,1,0,0,1,0,1,1,0,1,0,,0,0,0,0,0,0,0,1,0,0,0
bfa,535093.0,2021,535.0,93,2,79.07585,232.98961,1,1,1,1,1,1,0,0,0,0,0,0,0,0,0,0,0,0,0,0,0.9326778054237366,0,0,0,0,0,1,1,0,0,0,0
bfa,535097.0,2021,535.0,97,2,79.07585,232.98961,1,1,1,1,1,1,0,0,0,0,0,0,0,0,0,0,0,0,0,0,1.6827962398529053,0,0,0,0,0,1,1,0,0,0,0
bfa,535137.0,2021,535.0,137,2,79.07585,232.98961,1,1,1,1,1,1,1,1,0,0,0,0,0,1,0,0,0,0,1,0,,0,0,0,0,0,0,0,0,0,0,0
bfa,535198.0,2021,535.0,198,2,79.07585,232.98961,1,1,1,1,1,1,1,1,0,1,0,1,0,1,0,1,1,0,1,0,,0,0,0,0,0,1,0,1,0,0,0
bfa,535206.0,2021,535.0,206,2,79.07585,232.98961,3,1,1,1,1,1,1,1,0,0,0,0,0,1,0,1,0,0,1,0,,0,0,0,0,0,0,0,1,0,0,0
bfa,536049.0,2021,536.0,49,1,88.09221,360.46008,3,1,1,1,1,1,0,1,0,1,1,1,0,1,0,1,1,1,1,0,,0,0,0,0,0,0,0,0,0,0,0
bfa,536077.0,2021,536.0,77,1,88.09221,360.46008,1,1,1,1,1,1,1,1,0,0,0,0,0,1,0,0,0,0,0,0,1.6006018668413162,0,0,0,0,0,0,1,1,1,0,0
bfa,536115.0,2021,536.0,115,1,88.09221,360.46008,1,1,1,1,1,1,1,1,0,0,1,0,0,1,0,0,0,0,1,0,,0,0,0,0,0,0,0,0,0,0,0
bfa,536116.0,2021,536.0,116,1,88.09221,360.46008,2,0,1,1,1,1,0,0,0,0,0,0,0,0,0,0,0,0,0,0,1.6865564584732056,0,0,0,0,5,1,1,1,1,0,0
bfa,536125.0,2021,536.0,125,1,88.09221,360.46008,4,1,1,1,1,1,1,1,0,0,0,0,0,1,0,0,1,0,0,0,,0,0,0,0,0,1,1,1,0,0,0
bfa,536127.0,2021,536.0,127,1,88.09221,360.46008,1,1,1,1,1,1,1,0,1,0,0,1,0,1,0,1,1,0,1,0,,0,7,8,0,10,0,1,1,1,0,0
bfa,537001.0,2021,537.0,1,1,86.11996,156.75316,1,1,1,1,1,1,1,1,0,0,1,1,0,1,0,0,1,0,0,1,,0,0,0,0,18,0,0,0,0,0,0
bfa,537004.0,2021,537.0,4,1,86.11996,156.75316,1,1,1,1,1,1,1,1,0,0,1,1,0,1,0,1,1,1,1,1,,0,0,0,0,0,0,0,0,1,0,0
bfa,537023.0,2021,537.0,23,1,86.11996,156.75316,1,1,1,1,1,1,1,1,0,1,1,0,0,1,0,0,1,0,0,0,1.693046897649765,0,3,5,0,3,0,0,1,0,0,0
bfa,537088.0,2021,537.0,88,1,86.11996,156.75316,3,1,1,1,1,1,0,0,1,0,1,0,0,0,0,0,0,0,0,0,,0,0,0,0,0,0,0,1,1,0,0
bfa,537106.0,2021,537.0,106,1,86.11996,156.75316,3,1,1,1,1,1,1,1,0,0,1,0,0,1,0,1,1,1,1,0,,0,0,0,0,0,0,0,1,0,0,0
bfa,537137.0,2021,537.0,137,1,86.11996,156.75316,2,1,1,1,1,1,0,0,1,0,0,0,0,0,0,0,1,0,1,0,,0,0,5,0,0,0,1,1,1,0,0
bfa,538025.0,2021,538.0,25,2,80.07315,229.38795,1,1,1,1,1,1,1,0,1,0,0,0,0,1,0,1,1,0,1,0,,0,0,0,0,9,1,0,1,1,0,0
bfa,538038.0,2021,538.0,38,2,80.07315,229.38795,1,0,1,1,1,1,1,0,1,0,0,0,0,0,0,0,0,0,0,0,,4,10,0,0,0,1,1,1,0,0,0
bfa,538083.0,2021,538.0,83,2,80.07315,229.38795,1,1,1,1,1,1,1,0,1,0,1,1,0,1,0,1,1,1,1,0,,0,0,0,0,20,1,0,1,1,0,0
bfa,538124.0,2021,538.0,124,2,80.07315,229.38795,3,1,1,1,1,1,1,0,1,0,0,0,0,1,0,0,1,0,0,0,,0,0,0,0,0,0,0,1,0,0,0
bfa,538170.0,2021,538.0,170,2,80.07315,229.38795,1,1,1,1,1,1,1,0,1,0,0,0,0,1,0,0,0,0,0,0,0.5450502634048462,0,6,0,0,14,1,1,1,0,0,0
bfa,538176.0,2021,538.0,176,2,80.07315,229.38795,3,0,1,1,1,1,0,0,1,1,1,1,0,0,0,0,0,0,0,0,,0,0,0,0,0,0,0,1,0,0,0
bfa,539027.0,2021,539.0,27,1,147.70529,359.03534,1,1,1,1,1,1,1,1,0,1,1,1,0,1,0,1,0,1,1,1,,0,0,0,0,0,0,0,0,0,0,0
bfa,539125.0,2021,539.0,125,1,147.70529,359.03534,2,1,1,1,1,1,0,0,0,0,0,0,0,1,0,0,1,0,0,0,,0,0,0,0,6,0,0,1,0,0,0
bfa,539132.0,2021,539.0,132,1,147.70529,359.03534,2,1,1,1,0,0,0,0,0,0,0,0,0,0,0,0,0,0,0,0,,0,0,0,0,0,0,0,1,0,0,0
bfa,539134.0,2021,539.0,134,1,147.70529,359.03534,1,1,1,1,1,1,1,1,0,1,1,1,1,1,0,1,1,0,0,1,,0,0,0,0,0,0,0,0,0,0,0
bfa,539135.0,2021,539.0,135,1,147.70529,359.03534,3,1,1,1,1,1,1,1,0,1,0,0,0,1,0,0,1,0,1,0,,0,0,0,0,0,0,0,0,1,0,0
bfa,539136.0,2021,539.0,136,1,147.70529,359.03534,3,1,1,1,1,1,1,1,0,0,0,1,0,1,0,1,1,1,1,0,,0,0,0,0,0,0,0,0,0,0,0
bfa,540055.0,2021,540.0,55,2,364.64072,927.2607,3,1,1,1,1,1,0,0,1,0,1,1,0,1,0,0,1,0,1,0,,0,0,0,0,0,0,0,0,0,0,0
bfa,540103.0,2021,540.0,103,2,364.64072,927.2607,1,1,1,1,1,1,1,1,0,0,1,0,0,1,0,0,1,1,0,0,,0,0,2,0,26,0,0,0,0,0,0
bfa,540133.0,2021,540.0,133,2,364.64072,927.2607,1,1,1,1,1,1,1,1,0,0,1,0,0,1,0,0,1,0,0,0,,0,0,0,0,0,0,0,0,0,1,0
bfa,540156.0,2021,540.0,156,2,364.64072,927.2607,1,1,1,1,1,1,1,1,0,0,0,0,0,0,0,0,1,0,0,0,,7,9,0,0,0,0,0,0,0,1,0
bfa,540164.0,2021,540.0,164,2,364.64072,927.2607,1,1,1,1,1,1,1,1,0,0,0,0,0,1,0,0,0,0,0,0,,0,0,0,0,0,1,0,0,0,0,0
bfa,540205.0,2021,540.0,205,2,364.64072,927.2607,3,1,1,1,1,1,0,0,0,0,0,0,0,0,0,0,0,0,0,0,,0,0,0,0,0,0,0,0,0,1,0
bfa,541060.0,2021,541.0,60,2,375.33246,537.4216,1,1,1,1,1,1,1,1,0,0,0,1,0,0,0,0,0,0,0,0,,0,4,0,0,0,0,1,1,0,0,0
bfa,541063.0,2021,541.0,63,2,375.33246,537.4216,1,1,1,1,1,1,1,1,0,0,0,0,0,1,0,0,0,0,0,0,,0,0,0,0,0,1,0,0,0,0,0
bfa,541311.0,2021,541.0,311,2,375.33246,537.4216,2,1,1,1,1,1,1,1,0,0,1,0,0,0,0,0,0,0,0,0,2.559999942779541,0,0,0,0,0,0,0,0,1,0,0
bfa,541330.0,2021,541.0,330,2,375.33246,537.4216,2,1,1,1,1,0,0,0,1,0,0,0,0,0,0,0,0,0,0,0,,0,0,0,0,0,0,0,1,0,1,0
bfa,541334.0,2021,541.0,334,2,375.33246,537.4216,1,0,1,1,1,0,0,0,0,0,0,0,0,0,0,0,0,0,0,0,0.9272698760032654,0,2,0,0,0,1,1,1,0,0,0
bfa,541352.0,2021,541.0,352,2,375.33246,537.4216,1,1,1,1,1,0,0,0,0,0,0,0,0,0,0,0,0,0,0,0,,0,0,0,0,0,0,0,1,1,0,0
bfa,542030.0,2021,542.0,30,1,259.35962,499.98923,4,0,0,1,1,1,1,1,0,1,0,0,0,0,0,0,0,0,0,0,1.6487131118774414,2,9,0,0,0,1,1,1,0,0,0
bfa,542064.0,2021,542.0,64,1,259.35962,499.98923,4,1,1,1,1,1,1,1,0,0,1,1,1,1,0,0,0,0,1,0,0.45378202199935913,0,0,0,0,0,1,0,0,0,0,0
bfa,542071.0,2021,542.0,71,1,259.35962,499.98923,1,1,1,1,1,1,1,1,0,0,1,0,0,1,0,1,1,0,1,1,0.9296999871730804,1,0,6,0,39,0,0,0,0,1,0
bfa,542117.0,2021,542.0,117,1,259.35962,499.98923,1,0,1,1,0,1,0,1,0,0,1,1,1,1,0,0,0,0,1,0,,0,0,0,0,0,0,0,0,1,0,0
bfa,542158.0,2021,542.0,158,1,259.35962,499.98923,1,1,1,1,1,1,0,0,0,0,1,0,0,0,0,0,1,0,0,0,,0,0,0,0,0,1,0,1,1,1,0
bfa,542168.0,2021,542.0,168,1,259.35962,499.98923,1,1,1,1,1,1,0,1,0,0,1,0,0,1,0,0,0,0,1,0,,0,0,0,0,0,1,1,0,0,0,0
bfa,543063.0,2021,543.0,63,2,375.33246,910.5188,1,1,1,1,1,1,1,0,1,0,0,0,0,1,0,0,0,0,0,0,,0,0,0,0,0,1,0,1,1,0,0
bfa,543094.0,2021,543.0,94,2,375.33246,910.5188,2,1,1,1,1,1,0,0,1,0,0,0,0,1,0,0,0,0,1,0,,0,0,0,0,0,1,0,1,1,0,0
bfa,543164.0,2021,543.0,164,2,375.33246,910.5188,2,1,1,1,1,1,0,0,1,0,0,0,0,0,0,0,1,0,1,0,3.286920666694641,0,0,0,0,0,0,1,1,0,0,0
bfa,543176.0,2021,543.0,176,2,375.33246,910.5188,1,1,1,1,1,1,1,0,1,0,0,0,0,0,0,0,0,0,0,0,,0,0,0,0,0,0,1,1,0,0,0
bfa,543232.0,2021,543.0,232,2,375.33246,910.5188,3,1,1,1,1,1,1,0,1,0,0,0,0,1,0,1,1,0,0,0,,0,0,0,0,0,0,0,1,0,0,0
bfa,543320.0,2021,543.0,320,2,375.33246,910.5188,2,1,1,1,1,1,0,0,1,0,0,0,0,1,0,0,0,0,0,0,,0,0,0,0,0,1,0,0,0,0,0
bfa,544001.0,2021,544.0,1,1,100.790436,202.37833,1,1,1,1,1,1,0,0,1,0,0,0,0,1,0,0,0,0,0,0,0.8462207913398743,0,9,0,0,0,0,0,0,0,0,0
bfa,544089.0,2021,544.0,89,1,100.790436,202.37833,1,1,1,1,1,1,1,1,0,1,1,1,0,1,0,1,1,0,1,1,,0,6,0,0,0,1,0,0,0,0,0
bfa,544123.0,2021,544.0,123,1,100.790436,202.37833,1,1,1,1,1,1,0,0,1,0,1,0,0,0,0,0,0,0,0,0,0.3780622184276581,0,0,0,0,0,0,0,0,0,0,1
bfa,544124.0,2021,544.0,124,1,100.790436,202.37833,1,1,1,1,1,1,1,1,0,0,1,1,0,1,0,1,1,1,1,0,,0,0,0,0,0,0,0,0,0,0,0
bfa,544126.0,2021,544.0,126,1,100.790436,202.37833,1,1,1,1,1,1,0,0,1,0,1,1,0,1,0,1,1,0,1,1,,0,0,0,0,0,0,0,0,0,0,0
bfa,544127.0,2021,544.0,127,1,100.790436,202.37833,1,1,1,1,1,1,0,0,1,0,1,0,0,1,0,0,1,0,1,0,,0,0,0,0,0,0,0,0,0,0,0
bfa,545011.0,2021,545.0,11,1,544.5496,404.471,4,1,1,1,1,1,0,0,0,0,0,0,0,0,0,0,0,0,0,0,2.673978865146637,0,0,0,0,0,0,0,0,0,1,0
bfa,545049.0,2021,545.0,49,1,544.5496,404.471,2,1,1,1,1,1,0,0,0,0,0,0,0,0,0,0,0,0,0,0,4.959384560585022,0,0,0,0,0,0,0,0,0,1,0
bfa,545055.0,2021,545.0,55,1,544.5496,404.471,2,1,1,1,0,0,0,0,0,0,0,0,0,0,0,0,0,0,0,0,6.408867835998535,0,40,0,0,0,1,1,1,1,1,0
bfa,545068.0,2021,545.0,68,1,544.5496,404.471,2,1,1,1,1,1,0,0,0,0,0,0,0,0,0,0,0,0,0,0,4.607983708381653,0,0,0,0,0,0,0,0,0,1,0
bfa,545071.0,2021,545.0,71,1,544.5496,404.471,2,1,1,0,0,0,0,0,0,0,0,0,0,0,0,0,0,0,0,0,2.415900230407715,1,10,0,0,0,0,1,1,0,1,0
bfa,545078.0,2021,545.0,78,1,544.5496,404.471,2,0,1,0,1,0,0,0,0,0,0,0,0,0,0,0,0,0,0,0,2.0554683208465576,0,9,1,0,39,0,1,1,0,0,0
bfa,549005.0,2021,549.0,5,2,998.8273,741.8914,2,1,1,0,1,1,0,0,0,1,0,0,0,0,0,0,0,0,0,0,3.0812000036239624,0,7,0,0,6,0,1,0,0,0,0
bfa,549009.0,2021,549.0,9,2,998.8273,741.8914,2,0,1,1,1,1,0,0,1,0,0,0,0,0,0,0,0,0,0,0,5.037799954414368,4,40,4,0,43,0,1,1,0,0,0
bfa,549024.0,2021,549.0,24,2,998.8273,741.8914,2,0,1,1,1,1,0,0,0,1,0,0,0,0,0,0,0,0,0,0,3.872399926185608,0,0,0,0,30,1,1,1,0,0,0
bfa,549114.0,2021,549.0,114,2,998.8273,741.8914,4,0,1,0,1,1,0,0,1,0,1,0,0,1,0,0,0,0,0,0,6.11438399925828,5,0,1,0,6,1,1,1,1,0,0
bfa,549120.0,2021,549.0,120,2,998.8273,741.8914,2,1,1,1,1,1,0,0,0,0,1,0,0,0,0,0,0,0,0,0,1.8597000166773796,2,0,0,0,0,0,1,0,1,0,0
bfa,549127.0,2021,549.0,127,2,998.8273,741.8914,2,1,1,1,1,1,0,0,1,0,0,0,0,0,0,0,0,0,0,0,4.482799991965294,1,0,1,0,16,0,1,0,1,0,0
bfa,552239.0,2021,552.0,239,1,6246.238,4639.4707,2,0,0,0,0,0,0,0,0,0,0,0,0,0,0,0,0,0,0,0,2.536422908306122,0,11,0,0,12,0,1,1,1,1,0
bfa,552303.0,2021,552.0,303,1,6246.238,4639.4707,2,0,0,0,0,0,0,0,0,0,0,0,0,0,0,0,0,0,0,0,1.0206584930419922,0,7,0,0,6,0,1,1,1,0,0
bfa,552331.0,2021,552.0,331,1,6246.238,4639.4707,2,0,0,0,0,0,0,0,0,0,0,0,0,0,0,0,0,0,0,0,1.0132077932357788,7,7,0,0,6,1,1,1,0,0,0
bfa,553008.0,2021,553.0,8,1,104.592186,330.54602,1,1,1,1,1,1,0,1,0,0,0,0,0,1,0,1,1,1,1,0,,0,0,0,0,0,0,0,0,0,0,0
bfa,553060.0,2021,553.0,60,1,104.592186,330.54602,3,1,1,1,1,1,0,0,0,0,0,0,0,0,0,0,0,0,0,0,,0,0,0,0,0,0,1,0,0,0,0
bfa,553109.0,2021,553.0,109,1,104.592186,330.54602,3,1,1,1,1,1,0,0,1,0,0,0,0,0,0,0,0,0,0,0,,0,0,0,0,0,0,1,0,0,0,0
bfa,553164.0,2021,553.0,164,1,104.592186,330.54602,4,1,1,1,1,1,1,0,1,0,0,0,0,1,0,0,0,0,0,0,,0,0,0,0,0,0,0,1,0,0,0
bfa,553188.0,2021,553.0,188,1,104.592186,330.54602,1,1,1,1,1,1,1,1,0,0,0,0,0,1,0,1,1,0,1,0,,0,0,0,0,0,0,0,1,0,0,0
bfa,553262.0,2021,553.0,262,1,104.592186,330.54602,1,1,1,1,1,1,0,0,1,0,0,0,0,1,0,0,1,0,1,0,1.0264664888381958,0,0,0,0,0,0,0,1,0,0,0
bfa,554049.0,2021,554.0,49,1,469.43875,1007.2561,1,1,1,1,1,1,1,0,1,0,0,0,0,1,0,0,0,0,1,0,1.4473686814308167,0,0,0,0,0,0,1,1,0,1,0
bfa,554083.0,2021,554.0,83,1,469.43875,1007.2561,1,1,1,1,1,1,1,0,1,0,0,0,0,1,0,0,0,0,0,0,0.6230177283287048,0,0,0,0,0,0,1,1,0,0,0
bfa,554101.0,2021,554.0,101,1,469.43875,1007.2561,2,0,1,1,0,0,0,0,1,0,0,0,0,0,0,0,0,0,0,0,,0,0,0,0,0,0,1,1,1,0,0
bfa,554177.0,2021,554.0,177,1,469.43875,1007.2561,1,0,1,1,1,1,0,0,1,0,0,0,0,0,0,0,0,0,0,0,0.715212881565094,0,0,0,0,0,0,1,1,0,0,0
bfa,555007.0,2021,555.0,7,1,1404.2037,1042.9899,2,1,1,1,1,1,0,0,0,0,0,0,0,0,0,0,0,0,0,0,,0,0,0,0,0,0,0,0,0,1,0
bfa,555094.0,2021,555.0,94,1,1404.2037,1042.9899,2,1,0,0,1,1,0,0,0,0,0,0,0,0,0,0,0,0,0,0,1.0711736679077148,0,0,0,0,0,0,0,0,0,1,0
bfa,555095.0,2021,555.0,95,1,1404.2037,1042.9899,2,1,1,1,1,1,0,0,0,0,0,0,0,0,0,0,0,0,0,0,3.5814887285232544,0,0,0,0,0,0,0,0,0,1,0
bfa,555096.0,2021,555.0,96,1,1404.2037,1042.9899,2,1,1,1,1,1,0,0,0,0,0,0,0,0,0,0,0,0,0,0,2.3505305647850037,0,0,0,0,0,0,0,0,0,1,0
bfa,555156.0,2021,555.0,156,1,1404.2037,1042.9899,2,1,0,0,1,1,0,0,0,0,0,0,0,0,0,0,0,0,0,0,3.1049143075942993,0,6,0,0,0,0,0,0,0,1,0
bfa,555171.0,2021,555.0,171,1,1404.2037,1042.9899,2,1,1,0,1,1,0,0,0,0,0,0,0,0,0,0,0,0,0,0,1.0711736679077148,0,6,0,0,11,0,0,0,0,1,0
bfa,556007.0,2021,556.0,7,1,2725.8074,2024.6273,3,1,1,1,1,1,0,0,0,0,0,0,0,0,0,0,0,0,0,0,2.4808483123779297,0,0,0,0,0,0,0,0,0,1,0
bfa,556023.0,2021,556.0,23,1,2725.8074,2024.6273,2,1,0,0,1,1,0,0,0,0,0,0,0,0,0,0,0,0,0,0,3.0885313749313354,0,0,0,0,0,0,0,0,0,1,0
bfa,556046.0,2021,556.0,46,1,2725.8074,2024.6273,2,1,1,0,1,1,0,0,0,0,0,0,0,0,0,0,0,0,0,0,2.2841769456863403,0,0,0,0,0,0,0,0,0,1,0
bfa,556148.0,2021,556.0,148,1,2725.8074,2024.6273,2,0,1,0,1,0,0,0,0,0,0,0,0,0,0,0,0,0,0,0,2.345963776111603,0,2,0,0,10,0,1,0,0,1,0
bfa,556157.0,2021,556.0,157,1,2725.8074,2024.6273,2,0,0,0,1,0,0,0,0,0,0,0,0,0,0,0,0,0,0,0,1.0438261032104492,0,0,0,0,0,0,0,1,0,0,0
bfa,556195.0,2021,556.0,195,1,2725.8074,2024.6273,2,0,0,0,1,0,0,0,0,0,0,0,0,0,0,0,0,0,0,0,2.1313027143478394,0,0,0,0,0,0,1,1,0,1,0
bfa,557007.0,2021,557.0,7,1,4873.413,3619.788,2,0,0,0,1,0,0,0,0,0,0,0,0,0,0,0,0,0,0,0,3.9217485189437866,0,0,0,0,0,0,1,1,0,1,0
bfa,557058.0,2021,557.0,58,1,4873.413,3619.788,2,0,1,1,0,0,0,0,0,0,0,0,0,0,0,0,0,0,0,0,2.5140347480773926,0,0,0,0,6,0,0,1,0,1,0
bfa,557206.0,2021,557.0,206,1,4873.413,3619.788,2,0,1,0,0,0,0,0,0,0,0,0,0,0,0,0,0,0,0,0,1.8035304546356201,0,0,0,0,0,0,1,0,0,0,0
bfa,557225.0,2021,557.0,225,1,4873.413,3619.788,4,0,1,0,0,0,0,0,0,0,0,0,0,0,0,0,0,0,0,0,1.7380197048187256,0,0,0,0,0,0,1,1,0,0,0
bfa,558053.0,2021,558.0,53,1,3323.444,2468.5295,2,1,1,1,1,1,0,0,1,0,0,1,0,1,0,0,0,0,1,0,,0,28,0,0,40,1,0,1,0,0,0
bfa,558070.0,2021,558.0,70,1,3323.444,2468.5295,2,1,0,0,1,1,0,0,1,0,0,0,0,0,0,0,0,0,0,0,2.1203110218048096,0,0,0,0,0,1,1,1,1,1,0
bfa,558148.0,2021,558.0,148,1,3323.444,2468.5295,1,0,0,0,1,1,0,0,1,0,0,0,0,0,0,0,0,0,0,0,1.0402295589447021,0,19,0,0,15,1,1,1,0,0,0
bfa,558224.0,2021,558.0,224,1,3323.444,2468.5295,2,0,0,0,1,1,0,0,0,0,0,0,0,0,0,0,0,0,0,0,1.3053349256515503,0,4,0,0,19,0,1,1,0,0,0
bfa,558228.0,2021,558.0,228,1,3323.444,2468.5295,2,0,1,1,0,0,0,0,0,0,0,0,0,0,0,0,0,0,0,0,2.1542301177978516,0,9,2,0,10,0,1,1,0,0,0
bfa,558244.0,2021,558.0,244,1,3323.444,2468.5295,2,0,1,1,1,1,0,0,1,0,0,0,0,0,0,0,0,0,0,0,2.841848611831665,2,2,0,0,0,0,1,1,1,0,0
bfa,559004.0,2021,559.0,4,1,1714.7083,1273.6208,2,1,1,1,1,1,0,0,0,0,0,0,0,0,0,0,0,0,0,0,1.7965652346611023,0,6,0,0,0,0,0,0,0,1,0
bfa,559012.0,2021,559.0,12,1,1714.7083,1273.6208,2,1,1,0,1,1,0,0,0,0,0,0,0,0,0,0,0,0,0,0,1.6512752771377563,0,0,0,0,0,0,0,0,0,0,0
bfa,559015.0,2021,559.0,15,1,1714.7083,1273.6208,2,1,1,1,1,1,0,0,0,0,0,0,0,0,0,0,0,0,0,0,2.40526020526886,0,0,0,0,0,0,0,0,0,1,0
bfa,559024.0,2021,559.0,24,1,1714.7083,1273.6208,2,0,1,1,1,1,0,0,0,0,0,0,0,0,0,0,0,0,0,0,2.4194586277008057,0,5,0,0,0,0,0,0,0,1,0
bfa,559045.0,2021,559.0,45,1,1714.7083,1273.6208,2,1,1,1,1,1,0,0,0,0,0,0,0,0,0,0,0,0,0,0,1.4152086973190308,0,0,0,0,0,0,0,1,0,0,0
bfa,559056.0,2021,559.0,56,1,1714.7083,1273.6208,2,1,1,0,1,1,0,0,0,0,0,0,0,0,0,0,0,0,0,0,,0,0,0,0,0,1,0,0,0,0,0
bfa,561004.0,2021,561.0,4,1,2882.7673,64.095245,4,1,1,0,1,1,1,1,0,1,0,0,0,1,0,0,0,0,0,0,,0,0,0,0,0,0,0,1,0,0,0
bfa,561031.0,2021,561.0,31,1,2882.7673,64.095245,1,1,1,1,1,1,1,1,0,1,1,1,0,1,0,1,1,1,1,0,,0,0,0,0,74,0,0,1,0,0,0
bfa,561065.0,2021,561.0,65,1,2882.7673,64.095245,4,1,1,1,1,1,1,1,0,1,0,1,0,1,0,0,0,1,1,0,0.042153097689151764,0,0,0,0,0,1,0,0,0,0,0
bfa,561084.0,2021,561.0,84,1,2882.7673,64.095245,4,1,1,1,1,1,0,0,1,0,0,0,0,1,0,0,1,0,0,0,,0,0,0,0,0,0,0,1,0,0,0
bfa,561155.0,2021,561.0,155,1,2882.7673,64.095245,2,1,1,1,1,1,0,0,1,1,0,1,0,1,0,1,0,0,0,0,,0,0,0,0,0,0,1,1,0,0,0
bfa,561164.0,2021,561.0,164,1,2882.7673,64.095245,4,1,1,1,1,1,0,1,0,1,1,1,0,1,0,1,1,1,0,0,,0,0,0,0,0,0,0,1,0,0,0
bfa,562040.0,2021,562.0,40,1,770.2739,27.178259,1,1,1,1,1,1,1,1,0,1,1,0,0,1,0,1,1,0,1,1,,0,0,0,0,0,0,0,1,0,0,0
bfa,562078.0,2021,562.0,78,1,770.2739,27.178259,3,1,1,1,1,1,1,1,0,0,1,1,0,1,1,1,1,1,1,1,,0,0,0,0,0,0,0,0,0,0,0
bfa,562090.0,2021,562.0,90,1,770.2739,27.178259,4,1,1,1,1,1,1,1,0,1,0,0,0,1,0,0,0,0,1,0,,0,0,0,0,0,0,0,1,0,0,0
bfa,562111.0,2021,562.0,111,1,770.2739,27.178259,1,1,1,1,1,1,0,0,1,1,0,1,0,1,0,0,0,0,0,0,,0,0,0,0,0,0,0,0,0,0,0
bfa,562186.0,2021,562.0,186,1,770.2739,27.178259,2,1,1,1,1,1,0,0,1,0,0,0,0,0,0,0,0,0,0,0,,0,0,0,0,0,0,0,1,1,0,0
bfa,562233.0,2021,562.0,233,1,770.2739,27.178259,1,1,1,1,1,1,1,1,0,1,1,0,0,1,0,1,1,1,1,1,,20,0,40,0,0,1,1,1,0,0,0
bfa,563001.0,2021,563.0,1,2,1407.9874,27.707214,1,1,1,1,1,1,1,1,0,1,0,1,0,1,1,0,0,1,0,0,,0,0,0,0,0,1,0,0,0,0,0
bfa,563102.0,2021,563.0,102,2,1407.9874,27.707214,1,1,1,1,1,1,0,1,0,1,1,0,0,1,0,0,0,0,1,0,,0,0,0,0,0,1,1,1,0,0,0
bfa,563123.0,2021,563.0,123,2,1407.9874,27.707214,1,1,1,1,1,1,1,1,0,1,0,0,0,1,0,0,1,0,1,0,,0,0,0,0,0,1,0,1,0,0,0
bfa,563132.0,2021,563.0,132,2,1407.9874,27.707214,4,1,1,1,1,1,0,0,0,1,0,0,0,0,0,0,0,0,0,0,0.02572539635002613,0,0,0,0,0,0,1,1,0,0,0
bfa,563155.0,2021,563.0,155,2,1407.9874,27.707214,1,1,1,1,1,1,1,1,0,1,1,1,0,1,0,1,0,0,1,0,,0,0,0,0,0,0,0,1,0,0,0
bfa,563197.0,2021,563.0,197,2,1407.9874,27.707214,4,1,1,1,1,1,1,1,0,1,1,1,0,1,1,1,1,0,0,1,,0,0,0,0,0,0,0,1,0,0,0
bfa,564019.0,2021,564.0,19,2,1117.9796,32.15974,4,1,1,1,1,1,0,0,1,1,0,0,0,1,0,0,0,0,0,0,,0,0,0,0,7,0,1,1,0,0,0
bfa,564064.0,2021,564.0,64,2,1117.9796,32.15974,1,1,1,1,1,1,1,1,0,1,1,0,0,1,0,0,0,0,1,0,,0,0,0,0,7,0,0,1,1,0,0
bfa,564118.0,2021,564.0,118,2,1117.9796,32.15974,1,1,1,1,1,1,1,1,0,0,0,0,0,1,0,0,1,0,0,0,,0,6,0,0,0,0,0,1,1,0,0
bfa,564138.0,2021,564.0,138,2,1117.9796,32.15974,4,1,1,1,1,1,1,1,0,1,0,0,0,1,0,0,0,0,0,0,,0,0,0,0,0,0,0,1,0,0,0
bfa,564164.0,2021,564.0,164,2,1117.9796,32.15974,4,1,1,1,1,1,1,1,0,1,0,1,0,1,1,0,1,0,1,0,,0,0,0,0,0,0,0,1,0,0,0
bfa,564229.0,2021,564.0,229,2,1117.9796,32.15974,1,1,1,1,1,1,1,1,0,0,0,1,0,1,0,0,0,0,0,0,,0,0,0,0,0,0,0,1,0,0,0
bfa,565001.0,2021,565.0,1,2,1964.4818,29.960136,1,1,1,1,1,1,1,1,0,1,0,0,0,1,0,1,0,0,1,0,,0,0,0,0,0,0,0,1,1,0,0
bfa,565002.0,2021,565.0,2,2,1964.4818,29.960136,3,1,1,1,1,1,1,1,0,1,1,1,0,1,0,1,1,0,1,0,,0,0,0,0,0,0,0,0,0,0,0
bfa,565105.0,2021,565.0,105,2,1964.4818,29.960136,1,1,1,1,1,1,0,0,1,0,0,0,0,1,0,0,0,0,1,0,,0,0,0,0,50,0,0,1,0,0,0
bfa,565143.0,2021,565.0,143,2,1964.4818,29.960136,1,1,1,1,1,1,1,1,0,1,0,1,0,0,1,1,0,0,0,1,,0,0,0,0,0,0,0,1,0,0,0
bfa,565260.0,2021,565.0,260,2,1964.4818,29.960136,3,1,1,1,1,1,1,1,0,1,1,1,0,1,0,1,1,1,1,1,,0,0,0,0,0,0,0,1,0,0,0
bfa,565262.0,2021,565.0,262,2,1964.4818,29.960136,1,1,1,1,1,1,1,1,0,1,0,0,0,1,0,1,0,0,1,0,,0,0,0,0,0,1,0,1,1,0,0
bfa,566044.0,2021,566.0,44,2,434.61038,15.081567,2,1,1,1,1,1,0,0,1,1,0,0,0,0,0,0,0,0,0,0,,0,0,0,0,0,0,0,1,0,0,0
bfa,566045.0,2021,566.0,45,2,434.61038,15.081567,2,1,1,1,1,1,1,1,0,1,1,0,0,1,0,0,0,0,1,1,,0,0,0,0,0,0,1,1,1,0,0
bfa,566049.0,2021,566.0,49,2,434.61038,15.081567,1,1,1,1,1,1,1,1,0,1,0,1,0,1,0,0,0,0,0,0,,0,4,0,0,6,0,0,0,0,0,0
bfa,566061.0,2021,566.0,61,2,434.61038,15.081567,1,1,1,1,1,1,0,0,1,1,0,1,0,0,0,0,0,0,0,0,,0,0,0,0,0,0,0,1,0,0,0
bfa,566127.0,2021,566.0,127,2,434.61038,15.081567,1,1,1,1,1,1,0,0,1,1,1,1,0,1,0,1,1,1,1,1,,0,0,0,0,0,0,0,1,0,0,0
bfa,566130.0,2021,566.0,130,2,434.61038,15.081567,3,1,1,1,1,1,1,1,0,1,1,1,0,1,0,0,0,0,0,0,,0,0,0,0,0,0,0,1,0,0,0
bfa,567003.0,2021,567.0,3,1,906.01263,23.963247,4,1,1,1,1,1,1,1,0,0,1,0,0,0,0,0,0,0,0,0,,0,0,0,0,0,0,0,1,0,0,0
bfa,567016.0,2021,567.0,16,1,906.01263,23.963247,1,1,1,1,1,1,1,1,0,1,1,0,1,1,1,1,1,0,1,1,,0,0,0,0,0,0,0,1,0,0,0
bfa,567035.0,2021,567.0,35,1,906.01263,23.963247,1,1,1,1,1,1,1,1,0,1,1,1,0,1,0,1,1,0,1,0,,0,0,0,0,80,1,0,1,0,0,0
bfa,567053.0,2021,567.0,53,1,906.01263,23.963247,2,1,1,1,1,1,1,1,0,1,1,1,0,1,0,0,0,0,1,1,,0,0,0,0,0,0,0,0,0,0,0
bfa,567061.0,2021,567.0,61,1,906.01263,23.963247,3,1,1,1,1,1,1,1,0,1,0,1,0,0,1,1,0,0,1,0,,0,0,0,0,0,1,0,1,0,0,0
bfa,567098.0,2021,567.0,98,1,906.01263,23.963247,2,1,1,1,1,1,1,1,0,1,0,1,0,0,0,0,1,0,0,0,1.6790570616722107,0,0,0,0,0,1,1,1,1,0,0
bfa,568006.0,2021,568.0,6,2,491.08426,454.08475,2,1,1,1,1,1,0,0,0,1,0,1,0,0,0,0,0,0,0,0,1.6164000034332275,0,0,0,0,0,0,1,0,0,0,0
bfa,568012.0,2021,568.0,12,2,491.08426,454.08475,2,1,1,1,1,1,0,0,1,0,0,0,0,0,0,0,0,0,0,0,4.041511058807373,0,0,0,0,0,0,0,1,0,0,0
bfa,568033.0,2021,568.0,33,2,491.08426,454.08475,2,0,1,1,1,1,0,0,1,1,0,0,0,0,0,0,0,0,0,0,1.6988999843597412,0,18,0,0,6,0,1,0,0,0,0
bfa,568058.0,2021,568.0,58,2,491.08426,454.08475,4,1,1,1,1,1,0,0,1,0,0,0,0,0,0,0,0,0,0,0,2.4711999893188477,6,60,0,0,30,1,1,1,0,0,0
bfa,568068.0,2021,568.0,68,2,491.08426,454.08475,2,1,1,1,1,1,0,0,0,0,0,0,0,0,0,0,0,0,0,0,2.097315788269043,0,2,0,0,8,1,0,1,0,0,0
bfa,568073.0,2021,568.0,73,2,491.08426,454.08475,4,1,1,1,1,1,0,0,1,0,0,0,0,0,0,0,0,0,0,0,3.298099994659424,0,50,0,0,10,1,1,1,0,0,0
bfa,569005.0,2021,569.0,5,2,3060.05,1386.8483,2,1,0,0,0,0,0,0,0,0,0,0,0,0,0,0,0,0,0,0,1.6919000148773193,0,12,0,0,18,1,1,0,0,0,0
bfa,569029.0,2021,569.0,29,2,3060.05,1386.8483,2,0,0,0,1,1,0,0,0,0,1,0,0,0,0,0,0,0,0,0,1.1218999698758125,0,0,0,0,0,1,1,1,0,0,0
bfa,569080.0,2021,569.0,80,2,3060.05,1386.8483,2,1,1,1,1,1,0,0,1,0,0,0,0,0,0,0,0,0,0,0,1.798399955034256,0,0,0,0,0,0,0,1,0,0,0
bfa,569083.0,2021,569.0,83,2,3060.05,1386.8483,2,1,0,0,1,1,0,0,0,0,0,0,0,0,0,0,0,0,0,0,3.3768224716186523,2,7,0,0,0,0,1,0,0,1,0
bfa,569124.0,2021,569.0,124,2,3060.05,1386.8483,2,0,1,1,1,1,0,0,0,1,0,0,0,0,0,0,0,0,0,0,1.8304999768733978,0,5,0,0,0,0,1,0,0,0,0
bfa,569139.0,2021,569.0,139,2,3060.05,1386.8483,2,0,1,1,1,1,0,0,1,1,0,1,0,0,0,0,0,0,0,0,1.8751999884843826,0,7,0,0,7,1,1,0,0,0,0
bfa,570002.0,2021,570.0,2,2,4646.262,3492.4822,2,1,0,0,1,1,0,0,0,1,0,0,0,0,0,0,0,0,0,0,3.980518937110901,0,2,0,0,0,0,1,0,0,1,0
bfa,570007.0,2021,570.0,7,2,4646.262,3492.4822,2,0,0,0,1,1,0,0,0,1,0,0,0,0,0,0,0,0,0,0,1.774423360824585,0,2,0,0,15,0,1,0,0,0,0
bfa,570029.0,2021,570.0,29,2,4646.262,3492.4822,2,1,1,1,1,1,0,0,1,0,0,0,0,0,0,0,0,0,0,0,4.110936641693115,18,25,0,0,30,1,1,0,0,1,0
bfa,570050.0,2021,570.0,50,2,4646.262,3492.4822,2,0,0,0,1,1,0,0,0,0,1,0,0,0,0,0,0,0,0,0,1.8501840233802795,0,0,0,0,19,1,1,1,0,0,0
bfa,570077.0,2021,570.0,77,2,4646.262,3492.4822,2,0,0,1,1,1,0,0,0,0,0,0,0,0,0,0,0,0,0,0,6.91595384478569,6,23,0,0,3,0,1,1,0,0,0
bfa,570216.0,2021,570.0,216,2,4646.262,3492.4822,2,1,1,1,1,1,0,0,0,1,0,0,0,0,0,0,0,0,0,0,2.7242169976234436,0,12,0,0,10,1,1,0,1,0,0
bfa,571016.0,2021,571.0,16,1,1498.1536,817.719,2,1,0,1,1,1,0,0,1,0,0,0,0,0,0,0,0,0,0,0,1.96950002014637,0,9,0,0,35,0,1,1,0,0,0
bfa,571024.0,2021,571.0,24,1,1498.1536,817.719,1,0,0,0,0,1,0,0,1,1,0,0,0,0,0,0,0,0,0,0,5.713399946689606,5,13,0,0,20,0,1,1,0,0,0
bfa,571049.0,2021,571.0,49,1,1498.1536,817.719,2,0,0,0,1,1,0,0,0,1,0,0,0,0,0,0,0,0,0,0,1.4070000052452087,0,9,0,0,3,0,1,0,0,0,0
bfa,571055.0,2021,571.0,55,1,1498.1536,817.719,2,1,0,0,1,1,0,0,0,0,0,0,0,0,0,0,0,0,0,0,1.4433999955654144,0,3,0,0,4,0,1,0,0,0,0
bfa,571069.0,2021,571.0,69,1,1498.1536,817.719,2,1,1,0,1,1,0,0,1,0,0,0,0,0,0,0,0,0,0,0,5.8420000076293945,0,8,0,0,6,0,1,0,1,0,0
bfa,571126.0,2021,571.0,126,1,1498.1536,817.719,2,0,0,0,1,1,0,0,0,1,0,0,0,0,0,0,0,0,0,0,5.412400007247925,0,12,0,0,5,0,1,0,0,0,0
bfa,572047.0,2021,572.0,47,2,335.75998,363.50037,2,1,1,1,1,1,0,0,1,0,0,0,0,0,0,0,0,0,0,0,3.4140999168157578,0,13,0,0,0,0,1,1,0,0,0
bfa,572063.0,2021,572.0,63,2,335.75998,363.50037,1,1,1,1,1,1,0,0,0,0,0,0,0,0,0,0,0,0,0,0,4.624598741531372,0,8,0,0,10,1,1,0,0,0,0
bfa,572071.0,2021,572.0,71,2,335.75998,363.50037,1,1,1,1,1,1,0,0,1,0,0,1,0,0,0,0,0,0,0,0,1.4306000024080276,0,14,0,0,0,0,1,1,0,0,0
bfa,572087.0,2021,572.0,87,2,335.75998,363.50037,2,1,1,1,1,1,0,0,0,1,0,0,0,0,0,0,0,0,0,0,,0,7,0,0,0,0,1,0,0,0,0
bfa,572214.0,2021,572.0,214,2,335.75998,363.50037,3,1,1,1,1,1,1,1,0,0,1,0,0,1,0,0,0,0,0,0,,0,6,0,0,0,0,0,0,0,1,0
bfa,572255.0,2021,572.0,255,2,335.75998,363.50037,3,1,1,1,1,1,1,1,0,1,0,1,0,0,0,0,0,0,0,0,,0,2,0,0,0,0,0,0,0,0,0
bfa,573009.0,2021,573.0,9,2,158.81189,269.15552,1,1,0,0,1,1,0,0,1,0,0,1,0,0,0,0,0,0,0,0,3.012099888175726,0,20,0,0,0,1,0,1,0,0,0
bfa,573045.0,2021,573.0,45,2,158.81189,269.15552,1,0,1,1,1,1,0,0,0,1,1,1,0,0,0,0,0,0,0,0,3.705199971795082,3,11,3,0,1,0,1,0,0,0,0
bfa,573088.0,2021,573.0,88,2,158.81189,269.15552,2,0,1,1,1,1,0,0,0,1,0,1,0,0,0,0,0,0,0,0,1.1886385083198547,0,9,0,0,17,1,0,0,0,0,0
bfa,573096.0,2021,573.0,96,2,158.81189,269.15552,1,0,1,1,1,1,0,0,1,0,0,0,0,0,0,0,0,0,0,0,,0,0,0,0,0,0,0,1,0,0,0
bfa,573138.0,2021,573.0,138,2,158.81189,269.15552,1,1,1,1,1,1,0,0,0,0,0,0,0,0,0,0,0,0,0,0,1.7707000076770782,8,2,0,0,0,1,1,0,0,0,0
bfa,573234.0,2021,573.0,234,2,158.81189,269.15552,4,1,1,1,1,1,1,1,0,0,1,0,0,1,0,0,0,0,0,0,,0,0,0,0,0,0,0,0,1,1,0
bfa,574042.0,2021,574.0,42,2,190.55266,270.35794,2,1,1,1,1,1,0,0,0,1,0,1,0,0,0,0,0,0,0,0,1.8345999717712402,0,5,0,0,20,0,1,0,0,0,0
bfa,574047.0,2021,574.0,47,2,190.55266,270.35794,1,1,1,1,1,1,1,1,0,0,1,0,0,1,0,1,0,0,1,0,3.10999995470047,0,10,0,0,4,0,1,0,1,1,0
bfa,574125.0,2021,574.0,125,2,190.55266,270.35794,2,0,1,1,1,1,1,1,0,0,0,0,1,1,0,0,1,0,0,0,,0,0,0,0,0,1,0,1,0,0,0
bfa,574126.0,2021,574.0,126,2,190.55266,270.35794,1,1,1,1,1,1,1,1,0,1,0,0,0,0,0,0,0,0,0,0,2.815799981355667,0,5,0,0,8,1,1,0,0,0,0
bfa,574200.0,2021,574.0,200,2,190.55266,270.35794,1,1,1,1,1,1,1,1,0,0,1,1,0,1,0,0,0,0,0,0,4.89840005338192,4,8,0,0,28,1,0,1,1,0,0
bfa,574229.0,2021,574.0,229,2,190.55266,270.35794,2,0,1,1,1,1,1,1,0,1,0,1,0,1,0,0,0,0,0,0,3.357800006866455,0,12,0,0,30,0,1,0,0,0,0
bfa,575049.0,2021,575.0,49,2,1353.2587,760.47516,2,0,0,0,1,1,0,0,0,1,0,0,0,0,0,0,0,0,0,0,1.443396806716919,0,6,0,0,20,0,1,0,0,0,0
bfa,575075.0,2021,575.0,75,2,1353.2587,760.47516,2,1,0,0,1,1,0,0,0,1,0,0,0,0,0,0,0,0,0,0,2.672100007534027,0,8,0,0,4,0,1,0,0,1,0
bfa,575081.0,2021,575.0,81,2,1353.2587,760.47516,4,1,1,0,1,1,0,0,0,1,0,0,0,0,0,0,0,0,0,0,2.304699957370758,10,9,0,0,30,0,1,0,0,1,0
bfa,575101.0,2021,575.0,101,2,1353.2587,760.47516,2,0,1,1,1,1,0,0,0,1,0,0,0,0,0,0,0,0,0,0,0.9806810021400452,0,7,0,0,7,1,1,0,0,0,0
bfa,575105.0,2021,575.0,105,2,1353.2587,760.47516,2,1,1,0,1,1,0,0,0,0,0,0,0,0,0,0,0,0,0,0,3.922900080680847,7,0,0,0,0,0,0,1,0,0,0
bfa,575107.0,2021,575.0,107,2,1353.2587,760.47516,2,0,0,0,1,1,0,0,0,0,0,0,0,0,0,0,0,0,0,0,2.8622000217437744,0,12,0,0,0,1,1,1,0,0,0
bfa,576011.0,2021,576.0,11,1,919.8024,683.1947,2,1,0,0,1,1,1,1,0,0,0,0,0,0,0,0,0,0,0,0,1.860412359237671,2,4,0,0,8,0,1,0,0,0,0
bfa,576034.0,2021,576.0,34,1,919.8024,683.1947,2,1,1,1,1,1,0,0,0,1,0,0,0,0,0,0,0,0,0,0,3.9988508820533752,6,5,0,0,3,0,1,0,0,1,0
bfa,576044.0,2021,576.0,44,1,919.8024,683.1947,1,0,1,0,0,1,0,0,1,1,0,0,0,0,0,0,0,0,0,0,5.032983243465424,10,12,0,0,10,0,1,1,0,0,0
bfa,576059.0,2021,576.0,59,1,919.8024,683.1947,2,1,1,1,1,1,0,0,0,1,0,0,0,0,0,0,0,0,0,0,1.807715356349945,0,4,0,0,0,0,1,0,0,0,0
bfa,576060.0,2021,576.0,60,1,919.8024,683.1947,1,1,1,0,1,1,0,0,1,1,0,0,0,0,0,0,0,0,0,0,1.7309171855449677,0,5,0,0,5,0,1,1,0,0,0
bfa,576067.0,2021,576.0,67,1,919.8024,683.1947,2,1,1,1,1,1,0,0,0,0,0,0,0,0,0,0,0,0,0,0,2.0088014602661133,0,5,0,0,0,0,1,0,0,0,0
bfa,577003.0,2021,577.0,3,2,1675.007,1244.1323,2,0,1,1,1,1,0,0,0,1,0,0,0,0,0,0,0,0,0,0,6.046324133872986,3,8,0,0,16,0,1,0,1,1,0
bfa,577024.0,2021,577.0,24,2,1675.007,1244.1323,2,1,0,0,1,1,0,0,0,0,0,0,0,0,0,0,0,0,0,0,3.944144546985626,0,11,0,0,12,0,1,1,0,0,0
bfa,577068.0,2021,577.0,68,2,1675.007,1244.1323,2,1,0,0,1,1,0,0,0,0,0,0,0,0,0,0,0,0,0,0,4.446838617324829,10,42,0,0,50,0,1,1,1,1,0
bfa,577109.0,2021,577.0,109,2,1675.007,1244.1323,2,0,0,0,0,0,0,0,0,0,0,0,0,0,0,0,0,0,0,0,2.8627984821796417,0,0,0,0,8,1,1,1,0,0,0
bfa,577115.0,2021,577.0,115,2,1675.007,1244.1323,2,0,1,1,1,1,0,0,0,1,0,0,0,0,0,0,0,0,0,0,3.590015232563019,2,6,0,0,2,0,1,0,0,1,0
bfa,577155.0,2021,577.0,155,2,1675.007,1244.1323,2,0,1,0,1,1,0,0,0,0,0,0,0,0,0,0,0,0,0,0,5.73492169380188,5,37,0,0,30,1,1,1,0,0,0
bfa,578009.0,2021,578.0,9,2,1424.8538,815.1097,2,1,0,0,1,1,0,0,0,0,0,0,0,0,0,0,0,0,0,0,3.2488000690937042,0,3,0,0,6,1,1,0,0,0,0
bfa,578029.0,2021,578.0,29,2,1424.8538,815.1097,2,1,1,0,0,0,0,0,0,0,0,0,0,0,0,0,0,0,0,0,0.6816000044345856,0,11,0,0,0,0,0,1,1,0,0
bfa,578087.0,2021,578.0,87,2,1424.8538,815.1097,2,0,0,1,0,0,0,0,0,1,0,0,0,0,0,0,0,0,0,0,1.4833999872207642,30,35,0,0,55,0,1,0,0,0,0
bfa,578120.0,2021,578.0,120,2,1424.8538,815.1097,2,1,1,1,1,1,0,0,1,0,0,0,0,0,0,0,0,0,0,0,4.602499917149544,0,8,0,0,5,0,1,0,0,0,0
bfa,578132.0,2021,578.0,132,2,1424.8538,815.1097,1,1,0,0,1,1,0,0,0,0,1,0,0,0,0,0,0,0,0,0,2.400299996137619,0,7,0,0,6,0,1,1,1,0,0
bfa,578144.0,2021,578.0,144,2,1424.8538,815.1097,2,0,1,1,1,1,0,0,0,1,0,0,0,0,0,0,0,0,0,0,3.0492999851703644,7,16,0,0,13,0,1,0,0,0,0
bfa,579021.0,2021,579.0,21,1,2364.262,1846.6049,2,0,0,0,0,0,0,0,0,1,0,0,0,0,0,0,0,0,0,0,4.239284515380859,4,9,0,0,38,1,1,0,0,1,0
bfa,579050.0,2021,579.0,50,1,2364.262,1846.6049,1,1,0,0,1,1,0,0,0,1,0,0,0,0,0,0,0,0,0,0,4.8103819489479065,10,15,0,0,15,0,1,1,0,0,0
bfa,579108.0,2021,579.0,108,1,2364.262,1846.6049,2,1,1,0,1,1,0,0,0,0,0,0,0,0,0,0,0,0,0,0,3.7257546186447144,11,14,0,0,50,0,1,0,0,0,0
bfa,579116.0,2021,579.0,116,1,2364.262,1846.6049,2,0,0,0,0,0,0,0,0,1,0,0,0,0,0,0,0,0,0,0,1.4582988023757935,3,10,0,0,20,1,1,0,0,0,0
bfa,579152.0,2021,579.0,152,1,2364.262,1846.6049,2,1,0,0,1,1,0,0,0,1,0,0,0,0,0,0,0,0,0,0,5.236313104629517,0,3,0,0,6,1,1,1,0,0,0
bfa,579169.0,2021,579.0,169,1,2364.262,1846.6049,2,1,0,0,0,0,0,0,0,0,0,0,0,0,0,0,0,0,0,0,3.534179449081421,0,2,0,0,17,0,1,0,0,0,0
bfa,580039.0,2021,580.0,39,2,2212.3643,1236.8632,2,1,1,1,1,1,0,0,0,1,0,0,0,0,0,0,0,0,0,0,3.6407999992370605,0,4,0,0,35,0,1,0,0,0,0
bfa,580092.0,2021,580.0,92,2,2212.3643,1236.8632,2,1,1,1,1,1,0,0,0,0,0,0,0,0,0,0,0,0,0,0,3.0637999176979065,0,6,0,0,8,0,1,0,0,0,0
bfa,580109.0,2021,580.0,109,2,2212.3643,1236.8632,2,0,1,0,1,1,0,0,0,0,0,0,0,0,0,0,0,0,0,0,1.4277000427246094,0,0,0,0,0,0,1,1,0,0,0
bfa,580119.0,2021,580.0,119,2,2212.3643,1236.8632,2,0,1,1,1,1,0,0,0,0,0,0,0,0,0,0,0,0,0,0,1.4975000321865082,0,5,0,0,0,1,1,1,0,0,0
bfa,580148.0,2021,580.0,148,2,2212.3643,1236.8632,2,0,1,1,1,1,0,0,0,1,0,1,0,0,0,0,0,0,0,0,5.628199994564056,0,8,0,0,5,1,1,0,1,0,0
bfa,580150.0,2021,580.0,150,2,2212.3643,1236.8632,2,1,1,0,1,1,0,0,0,0,0,0,0,0,0,0,0,0,0,0,2.773299992084503,0,6,0,0,10,0,1,0,0,0,0
bfa,581012.0,2021,581.0,12,1,1463.0151,1669.7654,2,1,1,1,1,1,0,0,0,0,0,0,0,0,0,0,0,0,0,0,1.4747999906539917,5,14,0,0,15,0,1,1,0,1,0
bfa,581033.0,2021,581.0,33,1,1463.0151,1669.7654,2,1,1,1,0,0,0,0,0,0,0,0,0,0,0,0,0,0,0,0,2.743399918079376,3,10,0,0,15,0,1,1,0,0,0
bfa,581064.0,2021,581.0,64,1,1463.0151,1669.7654,4,0,0,0,1,1,0,0,1,0,0,0,0,0,0,0,0,0,0,0,3.224609375,0,0,0,0,30,1,1,0,0,0,0
bfa,581072.0,2021,581.0,72,1,1463.0151,1669.7654,2,0,0,0,1,1,0,0,0,0,0,0,0,0,0,0,0,0,0,0,5.210529774427414,0,7,0,0,0,1,1,1,0,0,0
bfa,581085.0,2021,581.0,85,1,1463.0151,1669.7654,2,0,0,0,0,0,0,0,0,0,0,0,0,0,0,0,0,0,0,0,2.52879998087883,5,23,0,0,7,1,1,1,0,0,0
bfa,581104.0,2021,581.0,104,1,1463.0151,1669.7654,4,0,0,0,1,1,0,0,1,0,0,0,0,0,0,0,0,0,0,0,1.5909971594810486,0,10,0,0,5,0,1,0,0,0,0
bfa,582018.0,2021,582.0,18,1,1947.5038,1617.6279,2,0,1,1,1,1,0,0,1,0,0,1,0,0,0,0,0,0,0,0,7.8546997755765915,0,15,0,0,22,1,1,1,0,0,0
bfa,582019.0,2021,582.0,19,1,1947.5038,1617.6279,2,1,0,1,1,1,0,0,0,1,0,0,0,0,0,0,0,0,0,0,4.6844562292099,1,0,0,0,4,0,1,0,0,0,0
bfa,582067.0,2021,582.0,67,1,1947.5038,1617.6279,4,1,1,1,1,1,0,0,0,0,0,0,0,0,0,0,0,0,0,0,19.54270029067993,0,30,5,0,35,0,1,1,1,0,0
bfa,582068.0,2021,582.0,68,1,1947.5038,1617.6279,4,0,1,0,1,1,0,0,1,0,0,0,0,0,0,0,0,0,0,0,0.6867000162601471,0,0,0,0,0,0,1,1,0,0,0
bfa,582070.0,2021,582.0,70,1,1947.5038,1617.6279,2,1,1,1,1,1,0,0,0,0,0,1,0,0,0,0,0,0,0,0,7.276599943637848,0,8,0,0,19,0,1,1,1,0,0
bfa,582084.0,2021,582.0,84,1,1947.5038,1617.6279,2,1,1,1,1,1,0,0,1,1,0,0,0,0,0,0,0,0,0,0,4.57260000705719,2,9,0,0,25,0,0,0,0,0,0
bfa,583012.0,2021,583.0,12,1,1217.7633,904.5088,4,0,1,0,1,1,0,0,1,0,0,0,0,0,0,0,0,0,0,0,2.131463050842285,0,3,0,0,45,0,1,1,0,0,0
bfa,583017.0,2021,583.0,17,1,1217.7633,904.5088,2,1,0,1,1,1,0,0,0,0,0,0,0,0,0,0,0,0,0,0,2.205944389104843,1,0,0,0,5,0,0,0,0,0,0
bfa,583031.0,2021,583.0,31,1,1217.7633,904.5088,2,0,1,0,1,1,0,0,0,0,0,0,0,0,0,0,0,0,0,0,2.986999973654747,0,4,0,0,0,0,1,1,0,0,0
bfa,583052.0,2021,583.0,52,1,1217.7633,904.5088,2,1,1,0,1,1,0,0,0,0,0,0,0,0,0,0,0,0,0,0,0.6257011294364929,0,8,0,0,14,0,1,1,1,0,0
bfa,583056.0,2021,583.0,56,1,1217.7633,904.5088,2,1,1,0,1,1,0,0,0,0,0,0,0,0,0,0,0,0,0,0,5.490986406803131,4,6,1,0,20,0,1,1,0,1,0
bfa,583058.0,2021,583.0,58,1,1217.7633,904.5088,4,0,1,0,1,1,0,0,1,0,0,0,0,0,0,0,0,0,0,0,2.7294989228248596,0,9,0,0,30,0,1,1,0,0,0
bfa,584026.0,2021,584.0,26,1,583.96136,256.92523,2,1,0,0,1,1,0,0,0,0,0,0,0,0,0,0,0,0,0,0,2.605112373828888,1,4,0,0,0,0,1,0,1,0,0
bfa,584027.0,2021,584.0,27,1,583.96136,256.92523,1,1,1,1,1,1,0,0,1,1,0,1,0,0,0,0,0,0,0,0,,0,0,0,0,0,0,0,1,0,0,0
bfa,584028.0,2021,584.0,28,1,583.96136,256.92523,1,1,1,1,1,1,1,1,0,0,1,0,1,1,0,1,1,0,1,0,,0,0,0,0,0,0,0,0,0,1,0
bfa,584040.0,2021,584.0,40,1,583.96136,256.92523,1,1,1,0,1,1,1,1,0,1,1,0,0,0,0,0,0,0,0,0,4.9445406794548035,0,0,10,0,7,0,1,1,0,0,0
bfa,584067.0,2021,584.0,67,1,583.96136,256.92523,1,1,1,0,1,1,1,1,0,1,1,0,0,1,0,0,0,0,1,0,,14,20,0,0,0,0,1,1,0,0,0
bfa,585004.0,2021,585.0,4,2,910.28815,597.2463,2,1,0,0,1,1,0,0,1,0,0,0,0,0,0,0,0,0,0,0,5.099875390529633,5,4,0,0,23,0,1,0,1,1,0
bfa,585005.0,2021,585.0,5,2,910.28815,597.2463,2,0,0,0,1,1,0,0,0,1,0,0,0,0,0,0,0,0,0,0,1.7891611456871033,0,0,0,0,10,0,1,0,0,1,0
bfa,585064.0,2021,585.0,64,2,910.28815,597.2463,4,1,1,1,1,1,0,0,1,0,0,0,0,0,0,0,0,0,0,0,3.7477219998836517,3,25,0,0,17,1,1,1,0,1,0
bfa,585072.0,2021,585.0,72,2,910.28815,597.2463,2,1,0,0,1,1,0,0,0,1,0,0,0,0,0,0,0,0,0,0,3.213520884513855,0,5,0,0,4,1,1,0,1,1,0
bfa,585079.0,2021,585.0,79,2,910.28815,597.2463,2,0,0,0,1,1,0,0,1,0,0,0,0,0,0,0,0,0,0,0,4.685873925685883,0,8,0,0,55,0,1,1,0,0,0
bfa,585081.0,2021,585.0,81,2,910.28815,597.2463,2,0,0,0,1,1,0,0,1,1,0,0,0,0,0,0,0,0,0,0,3.7328126430511475,0,5,0,0,20,0,0,0,0,1,0
