country,hhid,year,grappe,menage,vague,PanelHH,logem,mur,toit,sol,eauboi_ss,eauboi_sp,elec_ac,elec_ur,elec_ua,ordure,toilet,eva_toi,eva_eau,s11q33,s11q37,tv,fer,frigo,cuisin,ordin,decod,car,superf,grosrum,petitrum,porc,lapin,volail,sh_id_demo,sh_co_natu,sh_co_eco,sh_id_eco,sh_co_vio,sh_co_oth
MLI,1001,2021,1,1,1,1,4,1,1,1,1,1,0,0,1,0,0,0,0,4,3,1,0,0,0,1,1,1,,0.0,5.0,0.0,0.0,15.0,0,0,0,0,0,0
MLI,1002,2021,1,2,1,1,1,1,1,1,1,1,0,0,1,0,0,0,0,4,3,1,0,0,0,0,1,0,1.6095000505447388,8.0,5.0,0.0,0.0,8.0,0,1,0,0,0,0
MLI,1003,2021,1,3,1,1,2,1,1,1,1,0,0,0,1,0,0,0,0,4,3,1,0,0,0,0,0,0,4.835954070091248,,,,,,1,1,0,0,0,0
MLI,1004,2021,1,4,1,1,2,1,1,1,1,0,0,0,1,0,0,0,0,4,3,0,0,0,0,0,0,0,2.431067705154419,2.0,0.0,0.0,0.0,0.0,0,1,0,0,0,0
MLI,1005,2021,1,5,1,1,2,1,1,1,1,1,0,0,1,0,1,1,1,4,3,0,0,1,0,0,0,0,,26.0,12.0,0.0,0.0,0.0,0,1,0,0,0,0
MLI,1006,2021,1,6,1,1,2,1,1,1,1,1,0,0,1,0,1,0,0,4,3,0,0,0,0,0,0,0,2.7931398153305054,,,,,,0,1,0,0,0,0
MLI,1007,2021,1,7,1,1,2,1,1,1,1,1,0,0,1,0,1,1,0,4,3,0,0,0,0,0,0,0,,,,,,,0,1,0,0,0,0
MLI,1008,2021,1,8,1,1,2,1,1,1,0,0,0,0,1,0,0,0,0,4,3,0,0,0,0,0,0,0,2.258699893951416,,,,,,0,1,0,0,0,0
MLI,1009,2021,1,9,1,1,1,1,1,0,1,1,0,0,1,0,0,0,0,4,3,0,0,0,0,0,0,0,0.7249000072479248,,,,,,0,0,0,0,0,0
MLI,1010,2021,1,10,1,2,1,1,1,1,1,1,0,0,0,0,0,0,0,4,5,0,0,0,0,0,0,0,1.1095999479293823,,,,,,0,1,0,0,0,0
MLI,1011,2021,1,11,1,1,2,1,1,1,1,1,0,0,1,0,0,1,0,4,3,0,0,0,0,0,0,0,1.3092000484466553,6.0,4.0,0.0,0.0,16.0,0,1,0,0,0,0
MLI,1012,2021,1,12,1,2,2,1,1,1,1,0,0,0,1,0,0,0,0,4,3,0,0,0,0,0,0,0,2.999000072479248,,,,,,1,1,1,0,0,0
MLI,2001,2021,2,1,1,1,4,1,1,0,0,0,0,0,1,0,0,0,0,4,3,0,0,0,0,0,0,0,,,,,,,0,0,1,0,0,0
MLI,2002,2021,2,2,1,1,2,1,0,0,1,1,0,0,0,0,0,0,0,4,6,0,0,0,0,0,0,0,0.9907999783754349,1.0,3.0,0.0,0.0,0.0,0,1,0,0,1,0
MLI,2003,2021,2,3,1,1,2,1,1,0,1,1,0,0,0,0,0,0,0,4,6,0,0,0,0,0,0,0,2.5114542841911316,3.0,3.0,0.0,0.0,20.0,0,1,0,0,1,0
MLI,2004,2021,2,4,1,2,2,1,1,0,1,1,1,1,0,0,0,0,0,1,1,1,0,0,0,0,1,0,5.686119258403778,3.0,5.0,0.0,0.0,0.0,0,0,0,0,1,0
MLI,2005,2021,2,5,1,2,2,1,1,1,1,1,0,0,1,0,0,0,1,4,3,0,0,0,0,0,0,0,3.6119059920310974,4.0,20.0,0.0,0.0,25.0,0,1,0,0,0,0
MLI,2006,2021,2,6,1,2,1,1,1,1,1,1,1,1,0,0,1,1,0,1,1,0,0,0,0,0,0,0,1.8035000562667847,,,,,,0,1,0,0,0,0
MLI,2007,2021,2,7,1,1,2,1,1,1,1,1,0,0,1,0,0,0,0,4,3,0,0,0,0,0,0,0,3.7985198497772217,30.0,16.0,0.0,0.0,10.0,1,1,0,0,0,0
MLI,2008,2021,2,8,1,1,2,1,1,1,1,1,1,1,0,0,0,0,0,1,1,1,0,0,0,0,0,0,1.8252062797546387,20.0,0.0,0.0,0.0,0.0,0,1,0,0,0,0
MLI,2009,2021,2,9,1,2,2,1,1,0,1,1,0,0,1,0,0,0,0,4,3,0,0,0,0,0,0,0,0.8704000115394592,,,,,,0,1,0,0,0,0
MLI,2010,2021,2,10,1,1,1,1,1,0,0,0,0,0,0,0,0,1,0,4,4,0,0,0,0,0,0,0,1.0419999659061432,,,,,,0,1,0,0,0,0
MLI,2011,2021,2,11,1,2,1,1,1,1,1,1,1,1,0,0,1,1,0,1,1,0,0,0,0,0,0,0,0.9236000180244446,,,,,,0,1,1,0,0,0
MLI,2012,2021,2,12,1,1,1,1,1,1,1,1,1,1,0,0,1,1,0,1,1,0,0,0,0,0,0,0,2.504300117492676,,,,,,0,1,1,0,0,0
MLI,5001,2021,5,1,1,2,2,1,1,1,1,1,0,0,1,0,0,1,0,4,3,0,0,0,0,0,0,0,0.9432000070810318,0.0,3.0,0.0,0.0,0.0,0,0,1,0,0,0
MLI,5002,2021,5,2,1,1,2,1,1,0,0,0,0,0,1,0,0,0,0,4,3,0,0,0,0,0,0,0,0.7905493676662445,,,,,,1,1,0,0,0,0
MLI,5003,2021,5,3,1,1,1,1,1,1,1,0,1,1,0,1,1,0,0,1,1,1,0,1,0,0,1,0,,,,,,,0,1,1,0,0,0
MLI,5004,2021,5,4,1,2,2,1,1,1,1,1,0,0,1,0,1,1,0,4,3,0,0,0,0,0,0,0,0.7243000268936157,2.0,0.0,0.0,0.0,0.0,0,0,0,0,0,0
MLI,5005,2021,5,5,1,2,1,1,1,1,0,1,0,0,1,0,0,0,0,4,3,1,0,0,0,0,0,0,2.5890310406684875,,,,,,0,1,1,0,0,0
MLI,5006,2021,5,6,1,1,2,1,0,0,0,0,0,0,0,0,0,0,0,4,6,0,0,0,0,0,0,0,0.7971000075340271,,,,,,0,1,0,0,0,0
MLI,5007,2021,5,7,1,1,2,1,1,0,0,0,1,1,0,0,0,1,0,1,1,0,0,1,0,0,0,0,4.778499364852905,4.0,10.0,0.0,0.0,0.0,0,1,0,0,0,0
MLI,5008,2021,5,8,1,2,4,1,1,0,1,1,0,0,1,0,0,0,0,4,3,0,0,0,0,0,0,0,0.2547000050544739,,,,,,0,1,0,0,0,0
MLI,5009,2021,5,9,1,1,2,1,1,1,1,1,1,1,0,0,0,0,0,1,1,0,0,0,0,0,0,0,3.2732598781585693,26.0,6.0,0.0,0.0,0.0,0,1,1,0,0,0
MLI,5010,2021,5,10,1,1,2,1,0,0,0,0,0,0,0,0,0,0,0,4,5,0,0,0,0,0,0,0,2.0912485122680664,0.0,4.0,0.0,0.0,0.0,0,1,1,1,0,0
MLI,5011,2021,5,11,1,1,2,1,1,1,0,0,1,1,0,0,0,0,0,1,1,0,0,0,0,0,0,0,0.34403195977211,,,,,,0,1,1,0,0,0
MLI,5012,2021,5,12,1,1,1,1,1,1,0,0,0,0,1,0,0,1,0,4,3,1,0,0,0,0,0,0,1.399166464805603,,,,,,0,1,0,0,0,0
MLI,10001,2021,10,1,2,1,2,1,1,1,0,0,0,0,1,0,0,0,0,4,3,1,0,0,0,0,0,0,0.7199999988079071,0.0,2.0,0.0,0.0,0.0,0,1,1,1,0,0
MLI,10002,2021,10,2,2,2,2,1,1,1,0,0,0,0,1,0,0,0,0,4,3,1,0,0,0,0,0,0,,,,,,,0,0,1,0,0,0
MLI,10003,2021,10,3,2,1,2,1,1,1,0,0,0,0,1,0,0,0,0,4,3,1,0,0,0,0,1,0,2.377085328102112,0.0,7.0,0.0,0.0,0.0,0,0,1,0,0,0
MLI,10004,2021,10,4,2,1,2,1,1,1,0,0,0,0,1,0,0,0,0,4,3,1,0,0,0,0,1,0,,,,,,,0,0,1,0,0,0
MLI,10005,2021,10,5,2,1,2,1,1,1,0,0,0,0,1,1,0,0,0,4,3,0,0,0,0,0,0,0,1.3880785703659058,1.0,0.0,0.0,0.0,0.0,0,0,0,0,0,0
MLI,10006,2021,10,6,2,1,2,1,1,1,0,0,0,0,1,1,0,0,0,4,3,0,0,0,0,0,0,0,,,,,,,0,0,0,0,0,0
MLI,10007,2021,10,7,2,1,2,1,1,1,0,0,0,0,0,1,0,0,0,4,6,0,0,0,0,0,0,0,1.5599999725818634,0.0,1.0,0.0,0.0,0.0,0,1,0,0,0,0
MLI,10008,2021,10,8,2,1,2,1,1,1,0,0,0,0,1,1,0,0,0,4,3,1,0,0,0,0,0,0,1.970791220664978,20.0,0.0,0.0,0.0,0.0,0,0,0,0,0,0
MLI,10009,2021,10,9,2,1,2,1,1,1,1,1,0,0,1,1,0,0,0,4,3,0,0,0,0,0,0,0,,4.0,60.0,0.0,0.0,0.0,0,1,0,0,0,0
MLI,10010,2021,10,10,2,1,2,1,1,1,1,0,0,0,1,1,0,0,0,4,3,0,0,0,0,0,0,0,2.3321046829223633,4.0,0.0,0.0,0.0,0.0,0,1,0,0,0,0
MLI,10011,2021,10,11,2,1,2,1,1,1,0,0,0,0,1,1,0,0,0,4,3,0,0,0,0,0,0,0,,,,,,,0,1,0,0,0,0
MLI,10012,2021,10,12,2,1,2,1,1,1,1,1,0,0,1,1,0,0,0,4,3,0,0,0,0,0,0,0,,,,,,,0,1,0,0,0,0
MLI,12001,2021,12,1,2,1,1,1,1,0,0,0,0,0,1,0,0,0,0,4,3,0,0,0,0,0,0,0,2.661494255065918,,,,,,1,1,1,0,0,0
MLI,12002,2021,12,2,2,1,2,1,1,1,0,0,0,0,1,0,0,0,0,4,3,0,0,0,0,0,0,0,6.99541699886322,2.0,7.0,0.0,0.0,0.0,1,1,1,0,0,0
MLI,12003,2021,12,3,2,1,2,1,1,1,0,0,0,0,1,0,0,0,0,4,3,0,0,0,0,0,0,0,0.9700000286102295,2.0,0.0,0.0,0.0,0.0,0,1,1,0,0,0
MLI,12004,2021,12,4,2,1,2,1,1,0,0,0,0,0,1,0,0,0,0,4,3,0,0,0,0,0,0,0,2.3880785703659058,6.0,4.0,0.0,0.0,0.0,0,1,1,0,0,0
MLI,12005,2021,12,5,2,1,2,1,1,0,1,1,0,0,1,1,0,0,0,4,3,0,0,0,0,0,0,0,6.330000042915344,5.0,11.0,0.0,0.0,0.0,0,1,0,0,0,0
MLI,12006,2021,12,6,2,1,2,1,1,0,1,1,0,0,1,1,0,0,0,4,3,0,0,0,0,0,0,0,,,,,,,0,1,0,0,0,0
MLI,12007,2021,12,7,2,1,2,1,1,1,0,0,0,0,0,0,0,0,0,4,6,0,0,0,0,0,0,0,5.719999730587006,2.0,8.0,0.0,0.0,0.0,0,1,0,0,0,0
MLI,12008,2021,12,8,2,1,2,1,0,0,0,0,0,0,0,1,0,0,0,4,6,0,0,0,0,0,0,0,2.190000057220459,1.0,9.0,0.0,0.0,0.0,0,1,0,0,0,0
MLI,12009,2021,12,9,2,1,2,1,1,0,0,0,0,0,0,1,0,0,0,4,6,1,0,0,0,0,0,0,,0.0,2.0,0.0,0.0,0.0,1,1,1,1,0,0
MLI,12010,2021,12,10,2,1,2,1,1,1,0,0,0,0,0,1,0,0,0,4,6,0,0,0,0,0,0,0,5.863945245742798,3.0,2.0,0.0,0.0,0.0,0,1,0,0,0,0
MLI,12011,2021,12,11,2,1,2,1,1,0,0,0,0,0,1,1,0,0,0,4,3,0,0,0,0,0,0,0,4.136984273791313,4.0,21.0,0.0,0.0,10.0,0,1,0,0,0,0
MLI,12012,2021,12,12,2,1,2,1,1,0,0,0,0,0,1,1,0,0,0,4,3,0,0,0,0,0,0,0,,,,,,,0,0,0,0,0,0
MLI,13001,2021,13,1,1,1,1,1,0,0,0,0,0,0,1,0,0,0,0,4,3,1,0,0,0,0,0,0,,,,,,,1,0,0,0,0,0
MLI,13002,2021,13,2,1,1,1,1,1,1,1,1,1,1,0,0,0,0,0,1,1,1,0,0,0,0,0,0,,6.0,30.0,0.0,0.0,0.0,0,1,0,0,0,0
MLI,13003,2021,13,3,1,1,1,1,1,1,1,1,1,1,0,0,0,0,0,1,1,1,0,0,0,0,1,0,2.1324481517076492,10.0,8.0,0.0,0.0,0.0,0,1,0,0,0,0
MLI,13004,2021,13,4,1,1,2,1,1,0,0,0,0,0,0,0,0,0,0,4,6,0,0,0,0,0,0,0,,,,,,,0,0,1,0,0,0
MLI,13005,2021,13,5,1,1,2,1,1,0,1,1,0,0,1,0,0,0,0,4,3,0,0,0,0,0,0,0,0.9366000294685364,,,,,,0,1,0,0,0,0
MLI,13006,2021,13,6,1,1,2,1,1,0,0,0,0,0,1,0,0,0,0,4,3,0,0,0,0,0,0,0,1.161999985575676,,,,,,0,1,0,0,0,0
MLI,13007,2021,13,7,1,1,2,1,1,1,1,1,0,0,1,0,0,0,1,4,3,0,0,0,0,0,0,0,1.6826000213623047,,,,,,0,1,0,0,0,1
MLI,13008,2021,13,8,1,1,2,1,1,1,1,1,0,1,0,0,0,0,0,4,1,1,0,0,0,0,1,0,,50.0,30.0,0.0,0.0,0.0,0,1,1,0,0,0
MLI,13009,2021,13,9,1,1,1,1,1,0,1,0,0,0,1,0,1,1,0,4,3,0,0,0,0,0,0,0,,,,,,,0,1,1,0,0,0
MLI,13010,2021,13,10,1,2,1,1,1,0,1,1,1,1,0,0,1,1,0,1,1,1,0,0,0,0,0,0,,,,,,,0,1,1,0,0,0
MLI,13011,2021,13,11,1,1,1,1,1,1,1,1,0,0,1,0,1,1,0,4,3,0,0,0,0,0,0,0,2.285599946975708,,,,,,0,1,0,0,0,0
MLI,13012,2021,13,12,1,1,1,1,1,1,1,1,1,1,0,0,1,1,0,1,1,0,0,0,0,0,0,0,1.9982000589370728,,,,,,0,1,0,0,0,0
MLI,14001,2021,14,1,1,1,2,1,1,1,1,1,0,0,1,0,0,0,0,4,3,0,0,0,0,0,0,0,0.47300000488758087,,,,,,0,0,1,0,0,0
MLI,14002,2021,14,2,1,1,2,1,1,1,1,1,0,0,1,0,0,0,0,4,3,0,0,0,0,0,0,0,,0.0,12.0,0.0,0.0,0.0,0,0,1,0,0,0
MLI,14003,2021,14,3,1,1,2,1,1,1,0,0,0,0,1,0,0,0,0,4,3,0,0,0,0,0,0,0,0.36000001430511475,,,,,,0,0,1,0,0,0
MLI,14004,2021,14,4,1,1,2,1,1,0,1,1,0,0,0,0,0,0,0,4,5,0,0,0,0,0,0,0,0.3700000010430813,,,,,,1,0,1,0,0,0
MLI,14005,2021,14,5,1,1,1,1,1,1,0,0,0,0,1,0,0,0,0,4,3,0,0,0,0,0,0,0,0.4950000047683716,,,,,,0,0,1,0,0,0
MLI,14006,2021,14,6,1,1,1,1,1,1,0,0,0,0,1,0,0,0,0,4,3,0,0,0,0,0,0,0,3.4730000495910645,,,,,,0,0,1,0,0,0
MLI,14007,2021,14,7,1,1,1,1,1,1,0,0,0,0,1,0,0,0,0,4,3,0,0,1,0,0,0,0,0.2800000011920929,,,,,,0,0,1,0,0,0
MLI,14008,2021,14,8,1,1,1,1,1,0,1,1,0,0,1,0,0,0,0,4,3,0,0,0,0,0,0,0,1.853999987244606,,,,,,0,0,1,0,0,0
MLI,14009,2021,14,9,1,1,2,1,1,1,1,1,0,0,1,0,0,0,0,4,3,0,0,0,0,0,0,0,2.2459999322891235,,,,,,1,0,0,0,0,0
MLI,14010,2021,14,10,1,1,2,1,1,1,0,0,0,0,1,0,0,0,0,4,3,0,0,0,0,0,0,0,1.0400000214576721,,,,,,1,0,0,0,0,0
MLI,14011,2021,14,11,1,1,1,1,1,1,0,0,0,0,1,1,0,0,0,4,3,1,0,0,0,0,1,0,1.6600000262260437,,,,,,1,0,0,0,0,0
MLI,14012,2021,14,12,1,1,2,1,1,0,0,0,0,0,1,0,0,0,0,4,3,0,0,0,0,0,0,0,1.3350000381469727,,,,,,1,0,0,0,0,0
MLI,15001,2021,15,1,2,1,2,1,1,1,1,1,0,0,1,0,0,0,0,4,3,1,0,0,0,0,0,0,2.0405209064483643,0.0,3.0,0.0,0.0,0.0,0,1,1,0,0,0
MLI,15002,2021,15,2,2,1,2,1,1,1,1,1,0,0,1,0,0,0,0,4,3,0,0,0,0,0,0,0,3.101072072982788,0.0,1.0,0.0,0.0,0.0,0,1,1,0,0,0
MLI,15003,2021,15,3,2,1,2,1,1,1,1,1,0,0,1,0,0,0,0,4,3,1,0,0,0,0,1,0,3.0790858268737793,4.0,8.0,0.0,0.0,0.0,0,1,1,0,0,0
MLI,15004,2021,15,4,2,1,2,1,1,1,1,1,0,0,1,0,0,0,0,4,3,1,0,0,0,0,0,0,2.5869252681732178,2.0,6.0,0.0,0.0,0.0,0,1,1,0,0,0
MLI,15005,2021,15,5,2,1,2,1,1,1,1,1,0,0,1,1,0,0,0,4,3,0,0,0,0,0,0,0,1.369574785232544,3.0,0.0,0.0,0.0,0.0,0,1,0,0,0,0
MLI,15006,2021,15,6,2,1,2,1,1,0,1,1,0,0,1,1,0,0,0,4,3,1,0,0,0,0,0,0,0.7396056056022644,,,,,,0,1,0,0,0,0
MLI,15007,2021,15,7,2,1,4,1,1,0,1,1,0,0,1,1,0,0,0,4,3,1,0,0,0,0,1,0,,,,,,,0,0,0,0,0,0
MLI,15008,2021,15,8,2,1,2,1,0,0,0,0,0,0,0,1,0,0,0,4,4,0,0,0,0,0,0,0,4.91909646987915,,,,,,0,1,0,0,0,0
MLI,15009,2021,15,9,2,1,2,1,1,1,1,1,0,0,1,1,0,0,0,4,3,0,0,0,0,0,0,0,,,,,,,0,0,0,0,0,0
MLI,15010,2021,15,10,2,2,2,1,1,1,1,1,0,0,1,1,0,0,0,4,3,0,0,0,0,0,0,0,3.0827865600585938,6.0,10.0,0.0,0.0,0.0,0,0,0,0,0,0
MLI,15011,2021,15,11,2,2,2,1,1,0,1,1,0,0,0,1,0,0,0,4,6,0,0,0,0,0,0,0,1.3880785703659058,4.0,0.0,0.0,0.0,0.0,0,0,0,0,0,0
MLI,15012,2021,15,12,2,2,2,1,1,1,1,0,0,0,1,1,0,0,0,4,3,0,0,0,0,0,0,0,,,,,,,0,0,0,0,0,0
MLI,16001,2021,16,1,1,1,2,1,1,0,1,1,0,0,1,0,0,1,0,4,3,0,0,0,0,0,0,0,2.4392601549625397,3.0,26.0,0.0,0.0,0.0,0,1,1,0,0,0
MLI,16002,2021,16,2,1,1,2,1,1,0,1,1,0,0,1,0,0,0,0,4,3,0,0,0,0,0,0,0,3.336832642555237,7.0,12.0,0.0,0.0,15.0,0,1,1,0,0,0
MLI,16003,2021,16,3,1,1,2,1,1,1,0,0,0,0,1,0,1,0,0,4,3,1,0,0,0,0,1,0,,,,,,,0,1,0,0,1,0
MLI,16004,2021,16,4,1,2,2,1,1,0,0,0,0,0,0,0,0,1,0,4,5,0,0,0,0,0,0,0,1.1090999841690063,,,,,,1,0,1,0,0,0
MLI,16005,2021,16,5,1,1,2,1,1,1,0,0,0,0,0,0,0,0,0,4,6,0,0,0,0,0,0,0,1.609599992632866,,,,,,0,1,0,0,0,0
MLI,16006,2021,16,6,1,1,2,0,0,0,0,0,0,0,0,0,0,0,0,4,6,0,0,0,0,0,0,0,0.5013999938964844,18.0,7.0,0.0,0.0,0.0,0,1,1,0,0,0
MLI,16007,2021,16,7,1,1,2,1,1,0,1,1,0,0,1,0,0,0,0,4,3,0,0,0,0,0,0,0,1.8436000347137451,3.0,30.0,0.0,0.0,50.0,1,1,0,0,0,0
MLI,16008,2021,16,8,1,1,2,1,1,1,0,0,0,0,1,0,0,0,0,4,3,0,0,0,0,0,0,0,4.754679799079895,20.0,0.0,0.0,0.0,20.0,0,1,0,0,0,0
MLI,16009,2021,16,9,1,2,2,1,1,1,0,0,0,0,0,0,0,1,0,4,5,0,0,0,0,0,0,0,1.5520000457763672,,,,,,1,1,0,0,0,0
MLI,16010,2021,16,10,1,1,2,1,1,0,1,1,0,0,1,0,0,0,0,4,3,0,0,0,0,0,0,0,0.27129998803138733,,,,,,1,1,0,0,0,0
MLI,16011,2021,16,11,1,1,1,1,1,0,0,0,0,0,0,0,0,1,0,4,5,0,0,0,0,0,0,0,0.6672000288963318,,,,,,1,1,0,0,0,0
MLI,16012,2021,16,12,1,1,2,1,1,0,1,1,0,0,1,0,0,0,0,4,3,1,0,0,0,0,0,0,3.02620005607605,0.0,0.0,0.0,0.0,0.0,0,0,0,0,0,0
MLI,21001,2021,21,1,1,1,4,1,1,1,1,1,1,1,0,1,0,0,0,1,1,1,0,1,0,0,1,0,,0.0,4.0,0.0,0.0,0.0,0,0,1,0,0,0
MLI,21002,2021,21,2,1,1,4,1,1,1,1,1,1,1,0,1,0,0,0,1,1,1,0,1,0,0,1,0,,,,,,,0,0,1,0,0,0
MLI,21003,2021,21,3,1,1,4,1,1,1,1,1,0,1,0,1,0,0,0,2,1,1,0,1,0,0,1,0,,,,,,,0,0,1,0,0,0
MLI,21004,2021,21,4,1,1,4,1,1,1,1,1,0,1,0,1,0,0,0,2,1,1,0,1,0,0,1,0,,,,,,,1,0,1,0,0,0
MLI,21005,2021,21,5,1,1,4,1,1,1,1,1,1,1,0,1,0,0,0,1,1,0,0,1,0,0,0,0,,,,,,,0,1,0,0,0,0
MLI,21006,2021,21,6,1,1,4,1,1,1,1,1,1,1,0,1,0,0,0,1,1,1,0,1,0,0,1,0,,,,,,,1,0,0,0,0,0
MLI,21007,2021,21,7,1,2,2,1,1,1,1,1,1,1,0,1,0,0,0,1,1,1,0,1,0,0,1,0,,,,,,,0,0,1,1,0,0
MLI,21008,2021,21,8,1,1,4,1,1,1,1,1,1,1,0,1,0,0,0,1,1,1,0,1,0,0,1,0,,,,,,,0,0,0,0,0,0
MLI,21009,2021,21,9,1,1,4,1,1,1,1,1,1,1,0,1,0,0,0,1,1,1,0,1,0,0,1,0,,,,,,,1,0,0,0,0,0
MLI,21010,2021,21,10,1,2,2,1,1,1,1,1,1,1,0,1,0,0,0,1,1,1,0,1,0,1,1,0,,,,,,,1,0,1,0,0,0
MLI,21011,2021,21,11,1,2,4,1,1,1,1,1,1,1,0,1,0,0,0,1,1,1,0,1,0,0,1,0,,,,,,,0,0,1,0,0,0
MLI,21012,2021,21,12,1,2,2,1,1,1,1,1,1,1,0,1,0,0,0,1,1,1,0,1,0,0,1,0,,,,,,,0,0,1,0,0,0
MLI,25001,2021,25,1,1,1,3,1,1,1,1,1,1,1,0,1,1,1,1,1,1,1,0,1,0,1,1,1,,,,,,,0,0,0,0,1,0
MLI,25002,2021,25,2,1,2,3,1,1,1,1,1,1,1,0,1,1,1,1,1,1,1,0,1,0,0,1,1,,,,,,,1,0,0,0,0,0
MLI,25003,2021,25,3,1,1,3,1,1,1,1,1,1,1,0,0,1,0,0,1,1,1,0,1,0,0,1,1,,,,,,,1,0,0,0,0,0
MLI,25004,2021,25,4,1,2,3,1,1,1,1,1,1,1,0,1,1,1,0,1,1,0,0,0,0,0,0,0,,,,,,,0,1,0,0,0,0
MLI,25005,2021,25,5,1,2,3,1,1,1,1,1,1,1,0,1,0,1,1,1,1,0,0,0,0,0,0,0,,,,,,,0,1,0,0,0,0
MLI,25006,2021,25,6,1,2,3,1,1,1,1,1,1,1,0,1,0,0,1,1,1,0,0,0,0,0,1,0,,,,,,,0,0,1,0,0,0
MLI,25007,2021,25,7,1,1,3,1,1,1,1,1,1,1,0,1,1,1,1,1,1,1,0,1,0,1,1,1,,,,,,,0,0,1,0,0,0
MLI,25008,2021,25,8,1,2,3,1,1,1,1,1,1,1,0,0,1,0,0,1,1,0,0,0,0,0,0,0,,,,,,,0,0,0,0,0,0
MLI,25009,2021,25,9,1,2,3,1,1,1,1,1,1,1,0,0,0,0,0,1,1,1,0,0,0,0,1,0,,,,,,,0,0,0,0,0,0
MLI,25010,2021,25,10,1,2,1,1,1,1,1,1,1,1,0,0,1,0,0,1,1,1,0,1,0,0,0,0,,,,,,,0,0,0,1,0,0
MLI,25011,2021,25,11,1,2,3,1,1,1,1,1,1,1,0,1,1,1,0,1,1,1,0,0,0,0,0,0,,,,,,,0,1,0,0,0,0
MLI,25012,2021,25,12,1,2,3,1,1,1,1,1,1,1,0,1,0,0,1,1,1,0,0,0,0,0,1,0,,,,,,,0,0,1,0,0,0
MLI,27001,2021,27,1,2,1,2,1,1,0,0,0,0,0,1,0,0,0,0,4,3,0,0,0,0,0,0,0,,2.0,3.0,0.0,0.0,0.0,1,0,1,0,0,0
MLI,27002,2021,27,2,2,1,2,1,1,0,0,0,0,0,1,0,0,0,0,4,3,0,0,0,0,0,0,0,2.785557270050049,1.0,0.0,0.0,0.0,0.0,0,1,1,0,0,0
MLI,27003,2021,27,3,2,1,2,1,1,1,1,1,0,0,1,0,0,0,0,4,3,1,0,0,0,0,0,0,1.6796544790267944,3.0,0.0,0.0,0.0,0.0,0,1,1,0,0,0
MLI,27004,2021,27,4,2,1,2,1,1,0,1,1,0,0,1,0,0,0,0,4,3,0,0,0,0,0,0,0,1.690000057220459,2.0,2.0,0.0,0.0,0.0,0,1,1,0,0,0
MLI,27005,2021,27,5,2,1,1,1,1,1,1,1,0,0,1,1,0,0,0,4,3,1,0,0,0,0,0,0,2.069999933242798,5.0,30.0,0.0,0.0,15.0,0,1,0,0,0,0
MLI,27006,2021,27,6,2,1,1,1,1,1,1,1,0,0,0,1,0,0,0,4,6,0,0,0,0,0,0,0,,0.0,1.0,0.0,0.0,0.0,0,0,0,0,0,0
MLI,27007,2021,27,7,2,1,2,1,1,0,0,0,0,0,0,1,0,0,0,4,6,0,0,0,0,0,0,0,0.976764976978302,42.0,30.0,0.0,0.0,2.0,0,1,0,0,0,0
MLI,27008,2021,27,8,2,1,2,1,0,0,1,1,0,0,0,1,0,0,0,4,6,0,0,0,0,0,0,0,5.589604616165161,2.0,13.0,0.0,0.0,0.0,0,1,0,0,0,0
MLI,27009,2021,27,9,2,1,2,1,1,0,1,1,0,0,1,1,0,0,0,4,3,0,0,0,0,0,0,0,,,,,,,0,0,0,0,0,0
MLI,27010,2021,27,10,2,1,2,1,1,1,1,1,0,0,1,1,0,0,0,4,3,0,0,0,0,0,0,0,1.5762627124786377,2.0,8.0,0.0,0.0,0.0,0,1,0,0,0,0
MLI,27011,2021,27,11,2,1,2,1,1,1,0,0,0,0,1,1,0,0,0,4,3,0,0,0,0,0,0,0,0.8999999761581421,2.0,1.0,0.0,0.0,0.0,0,1,0,0,0,0
MLI,27012,2021,27,12,2,1,2,1,1,0,1,1,0,0,0,1,0,0,0,4,6,0,0,0,0,0,0,0,2.400550425052643,2.0,1.0,0.0,0.0,0.0,0,1,1,1,0,0
MLI,29001,2021,29,1,1,1,1,1,1,1,1,1,1,1,0,1,0,0,1,1,1,1,0,0,0,0,1,0,,0.0,4.0,0.0,0.0,0.0,0,0,1,0,0,0
MLI,29002,2021,29,2,1,1,1,1,1,1,1,1,1,1,0,1,0,0,0,1,1,1,0,1,0,0,1,0,,0.0,9.0,0.0,0.0,0.0,0,0,1,1,0,0
MLI,29003,2021,29,3,1,2,1,1,1,1,1,1,1,1,0,1,0,0,0,1,1,0,0,0,0,0,0,0,,,,,,,0,0,1,0,0,0
MLI,29004,2021,29,4,1,1,1,1,1,1,1,1,0,0,0,0,0,0,0,4,5,0,0,0,0,0,0,0,,,,,,,0,0,1,0,0,0
MLI,29005,2021,29,5,1,1,1,1,1,1,1,1,1,1,0,0,0,0,0,1,1,0,0,0,0,0,0,0,,,,,,,1,0,0,0,0,0
MLI,29006,2021,29,6,1,1,1,1,1,1,1,1,1,1,0,1,0,0,0,1,1,0,0,0,0,0,0,0,,,,,,,0,0,0,0,0,0
MLI,29007,2021,29,7,1,1,4,1,1,1,1,1,1,1,0,1,0,0,0,1,1,1,0,0,0,0,1,0,,,,,,,1,0,0,1,0,0
MLI,29008,2021,29,8,1,1,1,1,1,1,1,1,0,0,0,0,0,0,0,4,6,0,0,0,0,0,0,0,,,,,,,1,0,0,0,0,0
MLI,29009,2021,29,9,1,1,2,1,1,1,0,0,1,1,0,1,0,0,0,1,1,1,0,1,0,0,0,0,,0.0,2.0,0.0,0.0,0.0,1,0,0,0,0,0
MLI,29010,2021,29,10,1,2,3,1,1,1,1,1,1,1,0,1,1,1,1,1,1,1,0,1,0,0,1,0,,,,,,,0,0,0,0,0,0
MLI,29011,2021,29,11,1,1,3,1,1,1,1,1,1,1,0,1,0,0,0,1,1,0,0,0,0,0,0,0,,,,,,,1,0,0,0,0,0
MLI,29012,2021,29,12,1,2,1,1,1,1,1,1,1,1,0,1,0,0,1,1,1,1,0,1,0,0,1,0,,,,,,,0,0,1,0,0,0
MLI,30001,2021,30,1,2,1,2,1,1,0,0,0,0,0,1,0,0,0,0,4,3,0,0,0,0,0,0,0,0.7415105700492859,2.0,12.0,0.0,0.0,0.0,0,0,1,0,0,0
MLI,30002,2021,30,2,2,1,2,1,0,0,0,0,0,0,1,0,0,0,0,4,3,0,0,0,0,0,0,0,21.456879377365112,2.0,17.0,0.0,0.0,0.0,0,1,1,0,0,0
MLI,30003,2021,30,3,2,1,2,1,1,0,0,0,0,0,1,0,0,0,0,4,3,0,0,0,0,0,0,0,20.0,2.0,13.0,0.0,0.0,0.0,0,1,1,0,0,0
MLI,30004,2021,30,4,2,1,2,1,0,0,0,0,0,0,1,0,0,0,0,4,3,0,0,0,0,0,0,0,20.0,1.0,4.0,0.0,0.0,0.0,0,1,1,0,0,0
MLI,30005,2021,30,5,2,1,2,1,0,0,0,0,0,0,0,1,0,0,0,4,6,0,0,0,0,0,0,0,1.0852912664413452,0.0,1.0,0.0,0.0,0.0,0,1,0,0,0,0
MLI,30006,2021,30,6,2,1,2,1,0,0,0,0,0,0,0,1,0,0,0,4,6,0,0,0,0,0,0,0,1.5903224050998688,20.0,67.0,0.0,0.0,0.0,0,1,0,0,0,0
MLI,30007,2021,30,7,2,1,2,1,1,0,1,1,0,0,1,1,0,0,0,4,3,1,0,0,0,0,0,0,1.7031233310699463,3.0,12.0,0.0,0.0,15.0,0,1,0,0,0,0
MLI,30008,2021,30,8,2,1,2,1,0,0,0,0,0,0,0,0,0,0,0,4,6,0,0,0,0,0,0,0,1.5762627124786377,0.0,25.0,0.0,0.0,0.0,0,1,0,0,0,0
MLI,30009,2021,30,9,2,1,2,1,1,0,0,0,0,0,0,1,0,0,0,4,6,0,0,0,0,0,0,0,0.4399999976158142,1.0,0.0,0.0,0.0,0.0,0,1,0,0,0,0
MLI,30010,2021,30,10,2,1,2,1,1,0,0,0,0,0,1,1,0,0,0,4,3,0,0,0,0,0,0,0,0.9000000357627869,2.0,10.0,0.0,0.0,0.0,0,1,0,0,0,0
MLI,30011,2021,30,11,2,1,2,1,1,0,0,0,0,0,0,1,0,0,0,4,6,0,0,0,0,0,0,0,2.601824641227722,2.0,0.0,0.0,0.0,0.0,0,1,0,0,0,0
MLI,30012,2021,30,12,2,1,2,1,1,0,0,0,0,0,0,1,0,0,0,4,6,0,0,0,0,0,0,0,,,,,,,1,0,0,0,0,0
MLI,31001,2021,31,1,2,1,4,1,1,1,1,1,1,1,0,0,0,0,0,1,1,1,0,1,0,0,0,0,,,,,,,1,0,1,0,0,0
MLI,31002,2021,31,2,2,1,1,1,1,1,1,1,1,1,0,0,0,0,0,1,1,1,0,0,0,0,0,0,,,,,,,0,0,1,0,0,0
MLI,31003,2021,31,3,2,1,1,1,1,1,1,1,1,1,0,1,0,0,0,1,1,1,0,0,0,0,0,0,,,,,,,1,0,1,0,0,0
MLI,31004,2021,31,4,2,2,1,1,1,1,1,1,1,1,0,1,0,0,0,1,1,1,0,0,0,0,1,0,,,,,,,1,0,1,0,0,0
MLI,31005,2021,31,5,2,1,3,1,1,1,1,1,1,1,0,1,0,0,0,1,1,0,0,0,0,0,0,0,,,,,,,0,0,0,0,0,0
MLI,31006,2021,31,6,2,1,3,1,1,1,1,1,1,1,0,1,0,0,0,1,1,1,0,0,0,0,0,0,,,,,,,0,0,0,0,0,0
MLI,31007,2021,31,7,2,1,1,1,1,1,1,1,0,0,1,0,0,0,0,4,3,0,0,0,0,0,0,0,,,,,,,0,0,0,0,0,0
MLI,31008,2021,31,8,2,1,1,1,1,1,1,1,1,1,0,1,1,0,0,1,1,1,0,1,0,0,0,1,2.0639474391937256,,,,,,0,0,0,0,0,0
MLI,31009,2021,31,9,2,1,1,1,1,1,0,0,0,0,0,1,0,0,0,4,6,0,0,0,0,0,0,0,,,,,,,0,0,0,0,0,0
MLI,31010,2021,31,10,2,1,4,1,1,1,1,1,1,1,0,1,0,0,0,1,1,0,0,0,0,0,0,0,,,,,,,0,0,0,0,0,0
MLI,31011,2021,31,11,2,1,1,1,1,1,1,1,1,1,0,1,1,1,0,1,1,0,0,1,0,0,1,0,,,,,,,0,0,0,0,0,0
MLI,31012,2021,31,12,2,1,3,1,1,1,1,1,1,1,0,1,0,0,0,1,1,0,0,1,0,0,0,0,,,,,,,0,0,0,0,0,0
MLI,32001,2021,32,1,2,1,2,1,1,0,1,1,0,0,1,0,0,0,0,4,3,0,0,0,0,0,0,0,3.5,1.0,6.0,0.0,0.0,0.0,1,1,0,0,0,0
MLI,32002,2021,32,2,2,1,2,1,1,1,0,1,0,0,1,0,0,0,0,4,3,1,0,0,0,0,0,0,0.9899999797344208,6.0,5.0,0.0,0.0,16.0,1,1,1,0,0,0
MLI,32003,2021,32,3,2,1,2,1,1,1,1,1,0,0,1,0,0,0,0,4,3,0,0,0,0,0,0,0,1.3599999845027924,2.0,2.0,0.0,0.0,0.0,0,1,1,0,0,0
MLI,32004,2021,32,4,2,1,2,1,0,1,1,1,0,0,1,0,0,0,0,4,3,0,0,0,0,0,0,0,3.024359941482544,2.0,3.0,0.0,0.0,0.0,0,1,1,0,0,0
MLI,32005,2021,32,5,2,1,2,1,1,1,0,0,0,0,0,1,0,0,0,4,6,0,0,0,0,0,0,0,0.14000000059604645,,,,,,0,1,0,0,0,0
MLI,32006,2021,32,6,2,1,2,1,1,1,1,1,0,0,1,1,0,0,0,4,3,0,0,0,0,0,0,0,3.4729069471359253,2.0,0.0,0.0,0.0,0.0,0,1,0,0,0,0
MLI,32007,2021,32,7,2,1,2,1,1,1,0,1,0,0,0,1,0,0,0,4,6,0,0,0,0,0,0,0,0.949999988079071,4.0,15.0,0.0,0.0,5.0,0,1,0,0,0,0
MLI,32008,2021,32,8,2,1,2,1,1,1,0,1,0,0,1,1,0,0,0,4,3,0,0,0,0,0,0,0,1.9700000286102295,1.0,8.0,0.0,0.0,4.0,0,1,0,0,0,0
MLI,32009,2021,32,9,2,1,1,1,1,0,1,1,0,0,1,1,0,0,0,4,3,1,0,0,0,0,0,0,1.5600000619888306,5.0,4.0,0.0,0.0,0.0,0,1,1,1,0,0
MLI,32010,2021,32,10,2,1,1,1,1,1,1,1,0,0,1,1,0,0,0,4,3,0,0,0,0,0,0,0,,0.0,4.0,0.0,0.0,0.0,0,0,0,0,0,0
MLI,32011,2021,32,11,2,2,1,1,1,1,1,1,0,0,1,1,0,0,0,4,3,1,0,0,0,0,0,0,2.7499999701976776,22.0,25.0,0.0,0.0,0.0,0,0,0,0,0,0
MLI,32012,2021,32,12,2,1,1,1,1,1,1,1,0,0,1,1,0,0,0,4,3,0,0,0,0,0,0,0,1.2900000214576721,2.0,2.0,0.0,0.0,0.0,0,1,0,0,0,0
MLI,37001,2021,37,1,2,1,2,1,0,0,0,0,0,0,1,0,0,0,0,4,3,0,0,0,0,0,0,0,3.4782000184059143,7.0,6.0,0.0,0.0,0.0,0,1,1,0,0,0
MLI,37002,2021,37,2,2,1,2,0,0,0,1,1,0,0,1,0,0,0,0,4,3,0,0,0,0,0,0,0,,125.0,91.0,0.0,0.0,0.0,0,1,0,0,0,1
MLI,37003,2021,37,3,2,1,2,1,0,0,1,1,0,0,1,1,0,0,0,4,3,0,0,0,0,0,0,0,5.273000121116638,0.0,20.0,0.0,0.0,6.0,0,1,0,0,0,0
MLI,37004,2021,37,4,2,1,2,1,1,0,0,0,0,0,0,0,0,0,0,4,5,0,0,0,0,0,0,0,1.3732999861240387,8.0,17.0,0.0,0.0,10.0,0,1,1,0,0,0
MLI,37005,2021,37,5,2,1,2,0,0,0,0,0,0,0,1,0,0,0,0,4,3,1,0,0,0,0,0,0,2.756500005722046,4.0,15.0,0.0,0.0,23.0,0,1,1,0,0,0
MLI,37006,2021,37,6,2,1,2,0,0,0,0,0,0,0,0,0,0,0,0,4,5,0,0,0,0,0,0,0,1.3335000276565552,7.0,6.0,0.0,0.0,0.0,0,1,1,0,0,0
MLI,37007,2021,37,7,2,1,2,0,0,0,1,0,0,0,1,0,0,0,0,4,3,0,0,0,0,0,0,0,0.8387000113725662,6.0,15.0,0.0,0.0,36.0,1,1,0,0,0,0
MLI,37008,2021,37,8,2,1,2,0,0,0,0,0,0,0,1,1,0,0,0,4,3,1,0,0,0,0,1,0,3.7847999930381775,43.0,20.0,0.0,0.0,0.0,0,1,1,0,0,0
MLI,37009,2021,37,9,2,1,2,1,1,1,1,1,0,0,1,0,0,0,0,4,3,1,0,0,0,0,1,0,4.00600004196167,2.0,4.0,0.0,0.0,0.0,0,1,1,0,0,0
MLI,37010,2021,37,10,2,1,2,1,1,1,1,1,0,0,1,0,0,0,0,4,3,0,0,0,0,0,0,0,0.8815000057220459,,,,,,0,1,0,0,0,0
MLI,37011,2021,37,11,2,1,2,1,0,0,1,1,0,0,0,0,0,0,0,4,6,0,0,0,0,0,0,0,1.397599995136261,4.0,4.0,0.0,0.0,4.0,0,1,1,0,0,0
MLI,37012,2021,37,12,2,1,2,1,0,0,1,1,0,0,1,0,0,0,0,4,3,0,0,0,0,0,0,0,3.158399999141693,4.0,0.0,0.0,0.0,15.0,0,1,1,0,0,0
MLI,39001,2021,39,1,2,1,1,1,1,1,0,0,0,0,1,0,0,0,0,4,3,0,0,0,0,0,0,0,,,,,,,0,0,1,0,0,0
MLI,39002,2021,39,2,2,1,1,1,1,1,1,1,1,1,0,1,0,0,0,1,1,1,0,0,0,0,0,0,,,,,,,1,0,1,0,0,0
MLI,39003,2021,39,3,2,2,1,1,1,1,0,0,0,1,0,1,0,0,0,4,1,0,0,0,0,0,0,0,,,,,,,0,0,0,0,0,0
MLI,39004,2021,39,4,2,1,1,1,1,1,1,1,1,1,0,1,0,0,0,1,1,1,1,1,0,0,1,0,,,,,,,0,0,1,0,0,0
MLI,39005,2021,39,5,2,2,2,1,1,1,0,0,0,0,0,1,0,0,0,4,6,0,0,0,0,0,0,0,,2.0,2.0,0.0,0.0,20.0,0,0,0,0,0,0
MLI,39006,2021,39,6,2,2,3,1,1,1,1,1,1,1,0,1,0,0,0,1,1,1,0,1,0,0,0,0,,,,,,,0,0,0,0,0,0
MLI,39007,2021,39,7,2,1,3,1,1,1,0,0,1,1,0,1,0,0,0,1,1,1,0,0,0,0,0,0,,,,,,,0,0,0,0,0,0
MLI,39008,2021,39,8,2,1,1,1,1,1,1,1,1,1,0,1,0,0,0,1,1,1,0,1,0,0,1,0,,0.0,2.0,0.0,0.0,0.0,0,0,0,0,0,0
MLI,39009,2021,39,9,2,1,1,1,1,1,0,0,0,0,1,1,0,0,1,4,3,0,0,0,0,0,0,0,,,,,,,0,0,0,0,0,0
MLI,39010,2021,39,10,2,1,1,1,1,1,1,1,1,1,0,1,1,0,0,1,1,0,0,1,0,0,0,0,,,,,,,0,0,0,0,0,0
MLI,39011,2021,39,11,2,1,3,1,1,1,1,1,1,1,0,1,0,0,0,1,1,1,0,0,0,0,0,0,,,,,,,0,0,0,0,0,0
MLI,39012,2021,39,12,2,2,4,1,1,1,1,1,1,1,0,1,0,0,0,1,1,0,0,0,0,0,0,0,,,,,,,0,0,1,0,0,0
MLI,40001,2021,40,1,1,1,1,1,1,0,0,0,0,0,1,0,0,0,0,4,3,1,0,0,0,0,0,0,1.898000031709671,30.0,10.0,0.0,0.0,0.0,0,0,1,0,0,0
MLI,40002,2021,40,2,1,2,1,1,0,0,1,1,0,0,0,0,0,0,0,4,5,0,0,0,0,0,0,0,0.5109999924898148,,,,,,1,0,1,0,0,0
MLI,40003,2021,40,3,1,1,2,1,0,0,1,1,0,0,1,0,0,0,0,4,3,0,0,0,0,0,0,0,,65.0,0.0,0.0,0.0,0.0,0,0,1,0,0,0
MLI,40004,2021,40,4,1,1,1,1,1,0,0,0,0,0,1,0,0,0,0,4,3,0,0,0,0,0,0,0,3.1769999563694,,,,,,0,0,0,0,0,0
MLI,40005,2021,40,5,1,1,2,1,0,0,1,1,0,0,1,0,0,0,0,4,3,0,0,0,0,0,0,0,0.988999992609024,,,,,,1,1,1,0,0,0
MLI,40006,2021,40,6,1,1,1,1,0,0,1,1,0,0,1,0,0,0,0,4,3,0,0,0,0,0,0,0,1.173000007867813,,,,,,0,0,1,0,0,0
MLI,40007,2021,40,7,1,1,1,1,1,0,1,1,0,0,1,0,0,0,0,4,3,0,0,0,0,0,0,0,0.4860000014305115,,,,,,1,0,0,0,0,0
MLI,40008,2021,40,8,1,2,2,1,0,0,1,1,0,0,0,0,0,0,0,4,5,0,0,0,0,0,0,0,0.75,,,,,,1,0,0,0,0,0
MLI,40009,2021,40,9,1,1,2,1,1,0,1,1,0,0,1,0,0,0,0,4,3,0,0,0,0,0,0,0,1.8959999978542328,0.0,10.0,0.0,0.0,0.0,1,0,0,0,0,0
MLI,40010,2021,40,10,1,2,2,1,0,0,1,1,0,0,0,0,0,0,0,4,5,0,0,0,0,0,0,0,1.323999971151352,,,,,,0,1,1,0,0,0
MLI,40011,2021,40,11,1,1,2,1,0,0,1,1,0,0,0,0,0,0,0,4,5,0,0,0,0,0,0,0,1.2739999890327454,,,,,,0,1,1,0,0,0
MLI,40012,2021,40,12,1,1,2,1,0,0,1,1,0,0,1,0,0,0,0,4,3,0,0,0,0,0,0,0,0.5589999854564667,,,,,,0,1,1,0,0,0
MLI,41001,2021,41,1,2,2,2,1,1,1,1,1,1,1,0,1,1,1,0,1,1,0,0,0,0,0,0,0,,,,,,,0,0,1,0,0,0
MLI,41002,2021,41,2,2,1,2,1,1,1,1,1,1,1,0,1,1,0,0,1,1,1,0,1,0,0,0,0,0.6408999860286713,15.0,0.0,0.0,0.0,20.0,0,1,1,0,0,0
MLI,41003,2021,41,3,2,1,2,1,1,0,1,1,1,1,0,1,0,0,0,1,1,0,0,0,0,0,0,0,2.414221629500389,6.0,10.0,0.0,0.0,0.0,0,0,1,0,0,0
MLI,41004,2021,41,4,2,1,1,1,1,1,1,1,1,1,0,1,1,1,0,1,1,1,0,0,0,0,1,0,0.641717255115509,,,,,,0,0,1,0,0,0
MLI,41005,2021,41,5,2,1,2,1,1,1,1,1,0,1,0,0,0,0,0,4,1,1,0,0,0,0,0,0,0.31299999356269836,6.0,0.0,0.0,0.0,0.0,0,1,1,0,0,0
MLI,41006,2021,41,6,2,1,4,1,0,0,1,1,0,1,0,0,0,0,0,2,1,1,0,0,0,0,1,0,3.0028998851776123,5.0,0.0,0.0,0.0,4.0,0,1,1,0,0,0
MLI,41007,2021,41,7,2,1,2,0,0,0,1,1,0,0,1,0,0,0,0,4,3,1,0,0,0,0,1,0,0.9269999861717224,0.0,2.0,0.0,0.0,3.0,1,1,1,1,0,0
MLI,41008,2021,41,8,2,1,2,0,0,0,0,0,1,1,0,1,0,0,0,1,1,1,0,0,0,0,1,0,0.3228999972343445,3.0,0.0,0.0,0.0,0.0,0,0,0,0,0,0
MLI,41009,2021,41,9,2,1,2,1,1,1,0,0,0,1,0,0,0,0,0,4,1,0,0,0,0,0,0,0,2.343999981880188,,,,,,0,1,0,0,0,0
MLI,41010,2021,41,10,2,1,2,1,1,1,0,0,0,1,0,0,0,0,0,4,1,1,0,0,0,0,1,0,1.9940999746322632,12.0,0.0,0.0,0.0,0.0,1,1,1,0,0,0
MLI,41011,2021,41,11,2,1,2,1,1,1,1,1,1,1,0,0,0,1,0,1,1,1,0,0,0,0,1,0,10.89930009841919,3.0,0.0,0.0,0.0,0.0,0,1,0,0,0,0
MLI,41012,2021,41,12,2,1,2,1,0,0,0,0,0,0,0,0,0,0,0,4,6,0,0,0,0,0,0,0,3.7383999824523926,1.0,0.0,0.0,0.0,0.0,0,1,1,0,0,0
MLI,42001,2021,42,1,2,1,4,1,1,1,1,1,0,0,1,0,0,0,0,4,3,0,0,0,0,0,0,0,,,,,,,0,0,1,0,0,0
MLI,42002,2021,42,2,2,1,3,1,1,1,1,1,1,1,0,0,0,0,0,1,1,1,0,1,0,0,0,0,,,,,,,0,0,1,0,0,0
MLI,42003,2021,42,3,2,1,1,1,1,1,1,1,1,1,0,0,0,0,0,1,1,1,0,1,0,0,1,1,,,,,,,1,0,1,0,0,0
MLI,42004,2021,42,4,2,1,4,1,1,1,1,1,1,1,0,0,0,0,0,1,1,1,0,0,0,0,0,0,,,,,,,0,0,1,0,0,0
MLI,42005,2021,42,5,2,1,1,1,1,1,1,1,1,1,0,1,0,0,0,1,1,1,0,0,0,0,1,0,,,,,,,0,0,0,0,0,0
MLI,42006,2021,42,6,2,2,1,1,1,1,1,1,1,1,0,1,0,0,0,1,1,1,0,0,0,0,0,0,,,,,,,0,0,0,0,0,0
MLI,42007,2021,42,7,2,1,3,1,1,1,1,1,1,1,0,0,0,0,0,1,1,0,0,0,0,0,0,0,,,,,,,0,0,0,0,0,0
MLI,42008,2021,42,8,2,2,3,1,1,1,1,1,1,1,0,0,1,0,0,1,1,1,0,0,0,0,0,0,,,,,,,0,0,0,0,0,0
MLI,42009,2021,42,9,2,1,4,1,1,1,1,1,1,1,0,1,0,0,1,1,1,0,0,0,0,0,0,0,,,,,,,0,0,0,0,0,0
MLI,42010,2021,42,10,2,1,3,1,1,1,1,1,1,1,0,1,0,0,0,1,1,1,0,1,0,0,0,0,,,,,,,0,0,0,0,0,0
MLI,42011,2021,42,11,2,1,1,1,1,1,1,1,1,1,0,1,1,1,0,1,1,1,0,1,0,1,1,1,,,,,,,1,0,0,0,0,0
MLI,42012,2021,42,12,2,1,4,1,1,0,0,0,0,0,0,1,0,0,0,4,6,0,0,0,0,0,0,0,,,,,,,0,0,0,0,0,0
MLI,43001,2021,43,1,2,1,4,1,1,1,0,0,0,0,1,0,0,0,0,4,3,0,0,0,0,0,0,0,,0.0,2.0,0.0,0.0,0.0,0,0,1,0,0,0
MLI,43002,2021,43,2,2,2,3,1,1,1,1,1,1,1,0,1,0,0,0,1,1,1,0,1,0,0,0,0,,,,,,,0,0,0,0,0,0
MLI,43003,2021,43,3,2,1,3,1,1,1,1,1,0,0,1,0,0,0,0,4,3,0,0,0,0,0,0,0,,,,,,,0,0,1,0,0,0
MLI,43004,2021,43,4,2,1,1,1,1,1,1,1,1,1,0,0,0,0,0,1,1,1,0,0,0,0,1,0,,,,,,,0,0,1,0,0,0
MLI,43005,2021,43,5,2,1,3,1,1,1,1,1,1,1,0,1,0,0,0,1,1,1,0,0,0,0,1,0,,,,,,,0,0,0,0,0,0
MLI,43006,2021,43,6,2,1,3,1,1,1,1,1,1,1,0,1,0,0,0,1,1,1,0,0,0,0,0,0,,,,,,,0,0,0,0,0,0
MLI,43007,2021,43,7,2,1,3,1,1,1,1,1,1,1,0,1,0,0,0,1,1,1,0,0,0,0,0,0,,,,,,,0,0,0,0,0,0
MLI,43008,2021,43,8,2,1,1,1,1,1,1,1,1,1,0,1,1,1,0,1,1,1,0,1,0,0,0,0,,,,,,,0,0,0,0,0,0
MLI,43009,2021,43,9,2,1,3,1,1,1,1,1,1,1,0,1,0,0,0,1,1,1,0,0,0,0,0,0,,,,,,,0,0,0,0,0,0
MLI,43010,2021,43,10,2,2,3,1,1,1,1,1,0,1,0,1,0,0,0,2,1,1,0,0,0,0,1,0,,,,,,,0,0,1,0,0,0
MLI,43011,2021,43,11,2,1,3,1,1,1,1,1,1,1,0,1,0,0,0,1,1,0,0,0,0,0,0,0,,,,,,,0,0,0,0,0,0
MLI,43012,2021,43,12,2,1,1,1,1,1,1,1,1,1,0,1,0,0,0,1,1,0,0,0,0,0,0,1,,,,,,,0,0,0,0,0,0
MLI,45001,2021,45,1,2,1,1,1,1,1,1,1,0,1,0,0,0,0,0,4,1,0,0,0,0,0,0,0,,0.0,10.0,0.0,0.0,0.0,1,0,1,0,0,0
MLI,45002,2021,45,2,2,1,1,1,1,1,1,1,1,1,0,0,0,0,0,1,1,0,0,0,0,0,0,0,2.4740000665187836,,,,,,0,1,0,0,0,0
MLI,45003,2021,45,3,2,2,1,1,1,1,1,1,1,1,0,0,0,0,0,1,1,0,0,0,0,0,0,0,0.4851999878883362,,,,,,1,0,0,0,0,0
MLI,45004,2021,45,4,2,1,1,1,0,1,1,1,1,1,0,1,0,0,0,1,1,0,0,0,0,0,0,0,,,,,,,1,0,1,0,0,0
MLI,45005,2021,45,5,2,1,1,1,1,1,0,0,1,1,0,1,0,0,0,1,1,1,0,1,0,0,1,0,,0.0,6.0,0.0,0.0,0.0,0,0,1,0,0,0
MLI,45006,2021,45,6,2,1,1,1,1,1,1,1,1,1,0,0,0,0,0,1,1,1,0,1,0,0,1,0,0.7745999991893768,,,,,,0,0,1,0,0,0
MLI,45007,2021,45,7,2,1,2,1,1,1,0,0,0,0,1,1,0,0,0,2,2,0,0,0,0,0,0,0,,,,,,,0,0,0,0,0,0
MLI,45008,2021,45,8,2,1,2,1,1,1,0,0,1,1,0,0,0,0,0,1,1,1,0,0,0,0,1,0,,,,,,,1,0,1,0,0,0
MLI,45009,2021,45,9,2,1,3,1,1,1,0,0,0,1,0,0,0,0,0,4,1,0,0,0,0,0,0,0,,,,,,,0,0,1,0,0,0
MLI,45010,2021,45,10,2,1,1,1,1,1,1,1,0,1,0,1,0,0,0,4,1,1,0,0,0,0,1,0,,,,,,,0,1,0,1,0,0
MLI,45011,2021,45,11,2,1,4,1,1,1,1,1,1,1,0,1,0,1,0,1,1,1,0,0,0,0,1,0,,,,,,,0,0,1,0,0,0
MLI,45012,2021,45,12,2,1,1,1,1,1,1,1,1,1,0,1,0,1,0,1,1,1,0,1,0,0,1,0,0.28600001335144043,15.0,5.0,0.0,0.0,0.0,0,1,1,0,0,0
MLI,51001,2021,51,1,1,1,2,0,0,0,0,0,1,1,0,0,0,0,0,1,1,0,0,0,0,0,0,0,10.25160002708435,9.0,21.0,0.0,0.0,0.0,0,1,1,0,0,0
MLI,51002,2021,51,2,1,1,2,1,0,0,0,0,1,1,0,0,0,0,0,1,1,1,0,0,0,0,0,0,5.310900092124939,9.0,22.0,0.0,0.0,15.0,0,1,0,0,0,0
MLI,51003,2021,51,3,1,1,2,1,0,0,0,0,0,0,1,0,0,0,0,4,3,0,0,0,0,0,0,0,1.667199969291687,0.0,0.0,0.0,0.0,5.0,1,0,0,0,0,0
MLI,51004,2021,51,4,1,1,2,1,1,0,0,0,0,0,1,1,0,0,0,4,3,0,0,0,0,0,0,0,2.7139999866485596,5.0,0.0,0.0,0.0,8.0,0,0,0,0,0,0
MLI,51005,2021,51,5,1,1,2,1,0,1,0,0,0,0,0,0,0,0,0,4,5,0,0,0,0,0,0,0,1.9399999678134918,1.0,6.0,0.0,0.0,12.0,0,0,0,0,0,0
MLI,51006,2021,51,6,1,1,2,1,0,0,1,1,0,0,1,0,0,0,0,4,3,0,0,0,0,0,0,0,4.260000109672546,6.0,8.0,0.0,0.0,6.0,0,1,1,0,0,0
MLI,51007,2021,51,7,1,2,2,1,0,0,1,1,0,0,0,0,0,0,0,4,5,0,0,0,0,0,0,0,2.060000017285347,0.0,1.0,0.0,0.0,0.0,0,1,1,0,0,0
MLI,51008,2021,51,8,1,1,2,1,0,0,0,0,0,0,0,0,0,0,0,4,5,0,0,0,0,0,0,0,6.087699711322784,13.0,4.0,0.0,0.0,15.0,0,0,0,0,0,0
MLI,51009,2021,51,9,1,1,2,1,0,0,0,0,1,1,0,0,0,0,0,1,1,1,0,0,0,0,0,0,3.8364776372909546,7.0,19.0,0.0,0.0,4.0,0,1,1,0,0,0
MLI,51010,2021,51,10,1,1,2,1,0,0,0,0,0,0,0,0,0,0,0,4,5,0,0,0,0,0,0,0,2.8240000009536743,0.0,0.0,0.0,0.0,30.0,0,0,1,0,0,0
MLI,51011,2021,51,11,1,1,1,1,0,0,1,1,0,0,1,0,0,0,0,4,3,0,0,0,0,0,0,0,2.283600002527237,0.0,10.0,0.0,0.0,20.0,0,0,0,0,0,0
MLI,51012,2021,51,12,1,1,2,1,0,0,0,0,0,0,0,0,0,0,0,4,5,0,0,0,0,0,0,0,0.8987000286579132,2.0,0.0,0.0,0.0,0.0,0,1,1,0,0,0
MLI,52001,2021,52,1,1,1,1,1,1,1,1,1,1,0,1,1,1,0,1,1,2,1,0,1,0,0,1,1,,,,,,,0,0,0,0,0,0
MLI,52002,2021,52,2,1,1,1,1,1,1,1,1,1,1,0,1,1,1,1,1,1,1,0,1,0,0,1,1,,,,,,,0,0,0,1,0,0
MLI,52003,2021,52,3,1,1,1,1,1,1,1,1,1,1,0,0,0,0,0,1,1,1,0,1,0,0,1,0,,0.0,26.0,0.0,0.0,6.0,0,1,0,0,0,0
MLI,52004,2021,52,4,1,2,1,1,1,1,1,1,1,1,0,1,0,1,1,1,1,1,0,0,0,0,1,0,,,,,,,0,0,1,0,0,0
MLI,52005,2021,52,5,1,2,1,1,1,1,1,1,1,1,0,1,1,1,1,1,1,1,0,1,0,1,1,1,,,,,,,1,0,1,0,0,0
MLI,52006,2021,52,6,1,2,1,1,1,1,1,1,1,1,0,1,1,1,0,1,1,1,0,1,0,0,0,0,,,,,,,0,1,0,0,0,0
MLI,52007,2021,52,7,1,2,3,1,1,1,1,1,0,0,0,1,0,1,1,4,5,0,0,0,0,0,0,0,,0.0,2.0,0.0,0.0,0.0,0,1,0,0,0,0
MLI,52008,2021,52,8,1,2,1,1,1,1,1,1,1,1,0,1,1,1,1,1,1,1,0,1,0,1,1,1,,,,,,,0,1,0,0,0,0
MLI,52009,2021,52,9,1,1,1,1,1,1,1,1,1,1,0,1,0,1,1,1,1,0,0,0,0,0,0,0,,,,,,,0,0,1,0,0,0
MLI,52010,2021,52,10,1,1,1,1,1,1,1,1,1,1,0,1,0,0,1,1,1,0,0,0,0,0,0,0,,,,,,,0,0,1,0,0,0
MLI,52011,2021,52,11,1,2,1,1,1,1,1,1,1,1,0,1,1,1,1,1,1,1,0,0,0,0,0,0,,0.0,6.0,0.0,0.0,30.0,1,0,0,0,0,0
MLI,52012,2021,52,12,1,2,3,1,1,1,1,1,1,1,0,1,0,0,0,1,1,0,0,0,0,0,0,0,,,,,,,0,0,1,1,0,0
MLI,56001,2021,56,1,2,1,2,1,1,0,1,1,0,0,1,0,0,0,0,4,3,1,0,0,0,0,0,0,2.303999900817871,0.0,2.0,0.0,0.0,0.0,0,1,1,0,0,0
MLI,56002,2021,56,2,2,1,2,1,1,1,1,1,0,0,1,0,0,0,0,4,3,1,0,0,0,0,0,0,0.7574999928474426,0.0,15.0,0.0,0.0,0.0,0,1,0,0,0,0
MLI,56003,2021,56,3,2,1,2,1,1,1,1,1,0,0,1,0,0,1,0,4,3,0,0,1,0,0,0,0,5.584499955177307,15.0,11.0,0.0,0.0,0.0,0,1,0,0,0,0
MLI,56004,2021,56,4,2,1,2,1,1,0,1,1,0,0,1,0,0,1,0,4,3,0,0,0,0,0,0,0,3.2724999487400055,18.0,50.0,0.0,0.0,0.0,0,1,0,0,0,0
MLI,56005,2021,56,5,2,1,2,1,1,1,1,1,0,0,1,0,0,0,0,4,3,0,0,0,0,0,0,0,1.328599989414215,0.0,2.0,0.0,0.0,0.0,0,1,0,0,1,0
MLI,56006,2021,56,6,2,1,2,1,1,1,1,1,0,0,1,1,0,0,0,4,3,0,0,0,0,0,0,0,1.0902000069618225,0.0,2.0,0.0,0.0,0.0,0,1,0,0,0,0
MLI,56007,2021,56,7,2,1,2,0,1,0,1,1,0,0,1,1,0,0,0,4,3,0,0,0,0,0,0,0,1.4375,,,,,,1,1,1,0,0,0
MLI,56008,2021,56,8,2,1,2,1,1,1,1,1,0,0,1,0,0,0,0,4,3,0,0,0,0,0,0,0,1.017300009727478,0.0,2.0,0.0,0.0,0.0,1,0,1,0,0,0
MLI,56009,2021,56,9,2,1,2,1,1,1,1,1,0,0,0,0,0,1,0,4,5,0,0,0,0,0,0,0,2.682200074195862,22.0,4.0,0.0,0.0,0.0,0,1,0,1,0,0
MLI,56010,2021,56,10,2,1,2,1,1,1,1,1,0,0,1,0,0,1,0,4,3,0,0,0,0,0,0,0,0.9921000003814697,,,,,,0,1,1,0,0,0
MLI,56011,2021,56,11,2,1,2,1,1,0,1,1,0,0,1,0,0,0,0,4,3,0,0,0,0,0,0,0,1.2949999570846558,0.0,20.0,0.0,0.0,0.0,0,1,0,0,0,0
MLI,56012,2021,56,12,2,1,2,1,1,0,1,1,0,0,1,0,0,0,0,4,3,0,0,0,0,0,0,0,0.9174000024795532,,,,,,0,1,0,0,0,0
MLI,57001,2021,57,1,2,1,2,0,0,0,0,0,0,0,0,0,0,0,0,4,5,0,0,0,0,0,0,0,0.60350002348423,0.0,5.0,0.0,0.0,0.0,0,1,0,0,0,0
MLI,57002,2021,57,2,2,1,2,1,1,1,0,1,0,0,1,0,0,0,0,4,3,1,0,0,0,0,0,0,4.658100008964539,130.0,10.0,0.0,0.0,9.0,1,1,0,0,0,0
MLI,57003,2021,57,3,2,1,2,1,1,1,1,1,0,0,1,0,0,0,0,4,3,1,0,0,0,0,0,0,2.334500014781952,3.0,2.0,0.0,0.0,0.0,0,1,0,0,0,0
MLI,57004,2021,57,4,2,1,2,1,1,1,0,0,0,0,1,0,0,0,0,4,3,0,0,0,0,0,0,0,1.3509999960660934,43.0,18.0,0.0,0.0,0.0,0,1,1,0,0,0
MLI,57005,2021,57,5,2,1,2,0,0,0,0,0,0,0,1,0,0,0,0,4,3,0,0,0,0,0,0,0,1.506699949502945,3.0,20.0,0.0,0.0,14.0,0,1,1,1,1,0
MLI,57006,2021,57,6,2,1,2,0,0,0,1,1,0,0,1,1,0,0,0,4,3,0,0,0,0,0,0,0,0.34439998865127563,4.0,0.0,0.0,0.0,0.0,0,0,1,0,0,0
MLI,57007,2021,57,7,2,1,2,0,0,0,1,1,0,0,1,1,0,0,0,4,3,0,0,0,0,0,0,0,3.3343000411987305,5.0,10.0,0.0,0.0,6.0,0,0,0,0,0,0
MLI,57008,2021,57,8,2,1,2,1,1,1,1,1,0,0,1,0,0,0,0,4,3,1,0,0,0,0,1,0,3.9211000502109528,10.0,35.0,0.0,0.0,0.0,0,1,0,0,0,0
MLI,57009,2021,57,9,2,1,2,1,0,0,1,1,0,0,0,0,0,0,0,4,6,0,0,0,0,0,0,0,1.3246000409126282,,,,,,0,1,0,0,0,0
MLI,57010,2021,57,10,2,1,2,1,1,1,0,0,0,0,1,0,0,0,0,4,3,0,0,0,0,0,0,0,2.046553134918213,,,,,,0,1,0,0,0,0
MLI,57011,2021,57,11,2,1,2,1,0,0,1,1,0,0,0,0,0,0,0,4,6,0,0,0,0,0,0,0,1.6790120154619217,0.0,2.0,0.0,0.0,0.0,0,1,1,0,0,0
MLI,57012,2021,57,12,2,1,2,1,0,0,1,1,0,0,0,0,0,0,0,4,6,0,0,0,0,0,0,0,2.164900004863739,1.0,0.0,0.0,0.0,0.0,0,1,0,0,0,0
MLI,60001,2021,60,1,1,1,1,1,1,1,1,1,1,1,0,0,1,1,0,1,1,1,0,0,0,0,1,0,,50.0,0.0,0.0,0.0,0.0,0,1,0,0,0,0
MLI,60002,2021,60,2,1,1,1,1,1,1,0,0,1,1,0,0,0,0,0,1,1,1,0,0,0,0,1,0,,,,,,,1,0,0,1,0,0
MLI,60003,2021,60,3,1,1,1,1,1,1,1,1,1,1,0,0,1,1,0,1,1,1,0,1,0,0,1,0,,0.0,2.0,0.0,0.0,0.0,0,0,0,1,0,0
MLI,60004,2021,60,4,1,2,3,1,1,1,1,1,0,0,1,1,0,0,0,4,3,0,0,0,0,0,0,0,,,,,,,1,0,0,0,0,0
MLI,60005,2021,60,5,1,1,1,1,1,1,1,1,1,1,0,0,0,0,0,1,1,1,0,1,0,0,1,0,,,,,,,0,1,0,0,0,0
MLI,60006,2021,60,6,1,2,3,1,1,1,1,1,1,1,0,0,0,0,0,1,1,0,0,1,0,0,1,0,,0.0,0.0,0.0,0.0,30.0,0,0,0,0,0,0
MLI,60007,2021,60,7,1,2,1,1,1,1,1,1,1,1,0,0,0,0,0,1,1,0,0,0,0,0,0,0,,0.0,10.0,0.0,0.0,0.0,1,0,0,0,0,0
MLI,60008,2021,60,8,1,2,1,1,1,1,1,0,1,1,0,0,0,0,0,1,1,1,0,0,0,0,1,0,,,,,,,0,1,0,0,0,0
MLI,60009,2021,60,9,1,2,1,1,1,1,1,1,1,1,0,0,0,0,0,1,1,1,0,0,0,0,0,0,7.377195164561272,,,,,,1,1,0,0,0,0
MLI,60010,2021,60,10,1,1,3,1,1,1,1,1,1,1,0,0,0,0,0,1,1,0,0,0,0,0,0,0,,,,,,,1,0,1,0,0,0
MLI,60011,2021,60,11,1,2,1,1,1,1,0,1,0,1,0,0,0,0,0,3,1,1,0,0,0,0,0,0,2.32260000705719,,,,,,0,1,0,1,0,1
MLI,60012,2021,60,12,1,2,1,1,1,1,1,1,1,1,0,0,1,1,0,1,1,1,0,1,0,0,1,0,0.2508000135421753,,,,,,1,0,0,0,0,0
MLI,61001,2021,61,1,1,1,2,0,0,0,0,0,0,0,0,0,0,0,0,4,6,0,0,0,0,0,0,0,,48.0,0.0,0.0,0.0,0.0,0,0,1,0,0,0
MLI,61002,2021,61,2,1,2,2,1,0,0,0,0,0,0,0,0,0,0,0,4,5,0,0,0,0,0,0,0,,23.0,0.0,0.0,0.0,0.0,0,0,1,0,0,0
MLI,61003,2021,61,3,1,1,2,0,0,0,0,0,0,0,0,0,0,0,0,4,6,0,0,0,0,0,0,0,,89.0,0.0,0.0,0.0,0.0,0,0,1,0,0,0
MLI,61004,2021,61,4,1,1,2,0,0,0,0,0,0,0,0,0,0,0,0,4,6,0,0,0,0,0,0,0,,42.0,29.0,0.0,0.0,0.0,0,0,1,0,0,0
MLI,61005,2021,61,5,1,1,2,0,0,0,0,0,0,0,0,0,0,0,0,4,5,0,0,0,0,0,0,0,,37.0,24.0,0.0,0.0,0.0,0,0,1,0,0,0
MLI,61006,2021,61,6,1,1,1,0,0,0,0,0,0,0,0,0,0,0,0,4,5,0,0,0,0,0,0,0,,10.0,60.0,0.0,0.0,0.0,1,0,0,0,0,0
MLI,61007,2021,61,7,1,1,1,0,0,0,0,0,0,0,0,0,0,0,0,4,5,0,0,0,0,0,0,0,,,,,,,0,0,1,0,0,0
MLI,61008,2021,61,8,1,1,1,0,0,0,0,0,0,0,0,0,0,0,0,4,5,0,0,0,0,0,0,0,,10.0,6.0,0.0,0.0,0.0,0,0,1,0,0,0
MLI,61009,2021,61,9,1,1,1,1,0,0,0,0,0,0,0,0,0,0,0,4,5,0,0,0,0,0,0,0,,6.0,17.0,0.0,0.0,0.0,0,0,0,0,0,0
MLI,61010,2021,61,10,1,1,2,0,0,0,0,0,0,0,0,0,0,0,0,4,5,0,0,0,0,0,0,0,,0.0,54.0,0.0,0.0,0.0,0,0,0,0,0,0
MLI,61011,2021,61,11,1,1,2,0,0,0,0,0,0,0,0,0,0,0,0,4,5,0,0,0,0,0,0,0,,33.0,0.0,0.0,0.0,0.0,0,0,1,0,0,0
MLI,61012,2021,61,12,1,1,2,0,0,0,0,0,0,0,0,0,0,0,0,4,5,0,0,0,0,0,0,0,,0.0,49.0,0.0,0.0,0.0,1,0,0,0,0,0
MLI,64001,2021,64,1,1,1,2,1,1,0,0,0,0,0,0,0,0,0,0,4,6,0,0,0,0,0,0,0,1.923399955034256,1.0,3.0,0.0,0.0,10.0,1,0,0,1,0,0
MLI,64002,2021,64,2,1,1,2,1,0,0,0,0,0,0,0,0,0,0,0,4,6,0,0,0,0,0,0,0,0.4343000054359436,0.0,3.0,0.0,0.0,3.0,0,1,0,0,0,0
MLI,64003,2021,64,3,1,2,2,1,1,1,0,1,0,0,0,0,0,0,0,4,5,0,0,0,0,0,0,0,8.2118578851223,4.0,5.0,0.0,0.0,15.0,1,1,0,1,0,0
MLI,64004,2021,64,4,1,1,2,1,0,0,0,1,0,0,1,0,0,0,0,4,3,0,0,0,0,0,0,0,1.8043000102043152,2.0,7.0,0.0,0.0,2.0,1,1,1,0,0,0
MLI,64005,2021,64,5,1,1,1,1,1,1,1,1,0,0,1,0,0,0,0,4,3,0,0,0,0,0,0,0,3.3413000106811523,12.0,21.0,0.0,0.0,65.0,0,1,0,0,0,0
MLI,64006,2021,64,6,1,1,2,1,0,0,0,0,0,0,1,0,0,0,0,4,3,0,0,0,0,0,0,0,2.6652000546455383,0.0,14.0,0.0,0.0,0.0,0,1,0,0,0,0
MLI,64007,2021,64,7,1,1,2,1,0,0,0,0,0,0,1,0,0,0,0,4,3,0,0,0,0,0,0,0,6.49150025844574,42.0,65.0,0.0,0.0,40.0,1,1,0,0,0,0
MLI,64008,2021,64,8,1,1,1,1,1,0,0,0,0,0,1,0,0,0,0,4,3,0,0,0,0,0,0,0,3.1587999910116196,,,,,,1,1,0,0,0,0
MLI,64009,2021,64,9,1,1,1,1,0,0,0,0,0,0,1,0,1,1,0,4,3,0,0,0,0,0,0,0,1.6754000037908554,0.0,0.0,0.0,0.0,0.0,0,1,0,0,0,0
MLI,64010,2021,64,10,1,1,1,1,1,1,0,0,0,0,1,0,0,0,1,4,3,1,0,0,0,0,1,0,4.723100066184998,0.0,10.0,0.0,0.0,7.0,1,1,0,0,0,0
MLI,64011,2021,64,11,1,1,1,1,1,0,1,0,0,0,0,1,1,1,0,4,5,0,0,0,0,0,0,0,3.7341999113559723,,,,,,0,1,0,0,0,0
MLI,64012,2021,64,12,1,1,1,1,1,0,1,1,0,0,0,0,0,0,0,4,5,0,0,0,0,0,0,0,1.2006000056862831,,,,,,1,1,0,0,0,0
MLI,65001,2021,65,1,2,1,2,1,0,0,1,1,0,0,1,0,0,0,0,4,3,0,0,0,0,0,0,0,4.789999961853027,,,,,,0,1,0,0,0,0
MLI,65002,2021,65,2,2,1,2,1,0,0,1,1,0,0,1,0,0,0,0,4,3,0,0,0,0,0,0,0,6.570000171661377,0.0,3.0,0.0,0.0,0.0,0,1,0,0,0,0
MLI,65003,2021,65,3,2,1,2,1,0,0,0,0,0,0,1,0,0,0,0,4,3,0,0,0,0,0,0,0,13.380000114440918,0.0,3.0,0.0,0.0,0.0,1,0,1,0,0,0
MLI,65004,2021,65,4,2,1,2,1,0,0,1,1,0,0,1,0,0,0,0,4,3,0,0,0,0,0,0,0,6.0,,,,,,0,0,1,0,0,0
MLI,65005,2021,65,5,2,1,2,1,0,0,0,0,0,0,0,0,0,0,0,4,6,0,0,0,0,0,0,0,3.769200012087822,1.0,4.0,0.0,0.0,0.0,0,1,0,0,0,0
MLI,65006,2021,65,6,2,1,2,1,1,1,1,1,0,0,0,1,0,0,0,4,6,0,0,0,0,0,0,0,,,,,,,0,0,0,0,0,0
MLI,65007,2021,65,7,2,1,2,1,0,0,1,1,0,0,0,1,0,0,0,4,6,0,0,0,0,0,0,0,3.2884000837802887,2.0,0.0,0.0,0.0,4.0,0,1,1,0,0,0
MLI,65008,2021,65,8,2,1,2,1,0,0,0,0,0,0,0,1,0,0,0,4,6,0,0,0,0,0,0,0,4.599999904632568,,,,,,0,1,0,0,0,0
MLI,65009,2021,65,9,2,1,2,1,0,0,1,1,0,0,0,1,0,0,0,4,6,0,0,0,0,0,0,0,9.749773383140564,3.0,0.0,0.0,0.0,0.0,0,1,0,0,0,0
MLI,65010,2021,65,10,2,1,2,1,0,0,1,1,0,0,0,1,0,0,0,4,5,0,0,0,0,0,0,0,21.33940029144287,4.0,4.0,0.0,0.0,0.0,0,1,1,0,0,0
MLI,65011,2021,65,11,2,1,2,1,1,0,1,1,0,0,0,1,0,0,0,4,6,0,0,0,0,0,0,0,,,,,,,0,1,1,0,0,0
MLI,65012,2021,65,12,2,1,2,1,1,0,1,1,0,0,0,1,0,0,0,4,6,0,0,0,0,0,0,0,,,,,,,0,1,0,0,0,0
MLI,69001,2021,69,1,1,1,2,0,0,0,1,1,0,0,0,0,0,0,0,4,5,0,0,0,0,0,0,0,0.5809999704360962,,,,,,0,0,1,0,0,0
MLI,69002,2021,69,2,1,1,2,0,0,0,1,1,0,0,0,0,0,0,0,4,5,0,0,0,0,0,0,0,0.23600000143051147,,,,,,0,0,1,0,0,0
MLI,69003,2021,69,3,1,1,2,0,0,0,1,1,0,0,0,0,0,0,0,4,5,0,0,0,0,0,0,0,,0.0,42.0,0.0,0.0,0.0,0,0,1,0,0,0
MLI,69004,2021,69,4,1,1,2,0,0,0,1,1,0,0,0,0,0,0,0,4,5,0,0,0,0,0,0,0,1.409999966621399,,,,,,0,0,1,0,0,0
MLI,69005,2021,69,5,1,1,1,1,0,0,1,1,0,0,0,0,0,0,0,4,5,0,0,0,0,0,0,0,0.4339999854564667,,,,,,0,0,0,0,0,0
MLI,69006,2021,69,6,1,1,1,1,0,0,1,1,0,0,0,0,0,0,0,4,5,0,0,0,0,0,0,0,0.2329999953508377,,,,,,0,0,0,0,0,0
MLI,69007,2021,69,7,1,2,2,1,0,0,1,1,0,0,0,0,0,0,0,4,5,0,0,0,0,0,0,0,0.9909999966621399,,,,,,0,0,0,0,0,0
MLI,69008,2021,69,8,1,1,1,1,0,0,1,1,0,0,1,0,0,0,0,4,3,0,0,0,0,0,0,0,5.991000175476074,,,,,,0,0,0,0,0,0
MLI,69009,2021,69,9,1,1,1,1,0,0,1,1,0,0,0,0,0,0,0,4,5,0,0,0,0,0,0,0,2.0480000972747803,,,,,,0,0,0,0,0,0
MLI,69010,2021,69,10,1,1,2,1,0,0,1,1,0,0,1,0,0,0,0,4,3,0,0,0,0,0,1,0,1.7120000123977661,,,,,,1,0,1,0,0,0
MLI,69011,2021,69,11,1,1,2,1,0,0,1,1,0,0,1,0,0,0,0,4,3,0,0,0,0,0,0,0,2.4769999980926514,,,,,,1,0,1,0,0,0
MLI,69012,2021,69,12,1,1,2,1,1,0,1,1,0,0,1,0,0,0,0,4,3,0,0,0,0,0,0,0,3.6549999713897705,,,,,,0,0,1,0,0,0
MLI,73001,2021,73,1,2,2,2,1,0,0,0,0,0,0,0,0,0,0,0,4,5,0,0,0,0,0,0,0,4.014999866485596,3.0,0.0,0.0,0.0,11.0,0,1,0,0,0,0
MLI,73002,2021,73,2,2,1,2,1,1,1,1,1,0,0,1,1,1,1,0,4,3,1,0,1,0,0,0,0,3.532099962234497,2.0,4.0,0.0,0.0,0.0,0,0,1,0,0,0
MLI,73003,2021,73,3,2,2,1,0,1,0,0,0,0,0,1,1,0,0,0,4,3,1,0,0,0,0,0,0,4.428799867630005,2.0,0.0,0.0,0.0,0.0,0,0,0,1,0,0
MLI,73004,2021,73,4,2,2,1,1,1,0,1,1,0,0,1,0,0,0,0,4,3,0,0,0,0,0,0,0,18.353000164031982,10.0,0.0,0.0,0.0,0.0,0,1,0,0,0,0
MLI,73005,2021,73,5,2,1,2,0,1,1,1,1,0,0,1,0,0,0,0,4,3,1,0,0,0,0,1,0,3.375,6.0,3.0,0.0,0.0,0.0,0,1,1,0,0,0
MLI,73006,2021,73,6,2,2,2,1,1,1,1,1,0,0,1,0,0,0,0,4,3,1,0,0,0,0,0,0,2.4429707527160645,5.0,7.0,0.0,0.0,10.0,1,1,0,0,0,0
MLI,73007,2021,73,7,2,1,2,1,1,1,1,1,0,0,0,0,0,0,0,4,6,0,0,0,0,0,0,0,13.052100360393524,7.0,7.0,0.0,0.0,0.0,0,0,0,0,0,0
MLI,73008,2021,73,8,2,1,2,1,1,1,1,1,0,0,1,1,0,0,0,4,3,0,0,0,0,0,0,0,0.7793999910354614,0.0,4.0,0.0,0.0,0.0,1,0,0,0,0,0
MLI,73009,2021,73,9,2,1,2,1,1,0,1,1,0,0,1,0,0,0,0,4,3,0,0,0,0,0,0,0,3.302200138568878,2.0,3.0,0.0,0.0,0.0,0,1,0,0,0,0
MLI,73010,2021,73,10,2,1,2,1,1,0,0,0,0,0,0,0,0,0,0,4,6,0,0,0,0,0,0,0,7.447299778461456,28.0,0.0,0.0,0.0,0.0,1,1,0,1,0,0
MLI,73011,2021,73,11,2,1,2,1,1,0,1,1,0,0,1,0,0,0,0,4,3,0,0,0,0,0,0,0,4.284600079059601,4.0,0.0,0.0,0.0,20.0,0,1,0,0,0,0
MLI,73012,2021,73,12,2,1,2,1,1,1,1,1,0,0,1,0,0,0,0,4,3,0,0,0,0,0,1,0,0.659500002861023,,,,,,0,0,0,0,0,0
MLI,74001,2021,74,1,1,1,1,1,1,1,1,1,1,1,0,0,1,0,0,1,1,1,0,1,0,0,1,0,,,,,,,1,0,0,0,0,0
MLI,74002,2021,74,2,1,2,2,1,1,1,1,1,0,0,1,1,0,0,0,4,3,0,0,0,0,0,0,0,,82.0,0.0,0.0,0.0,0.0,0,1,0,0,0,0
MLI,74003,2021,74,3,1,2,2,1,1,0,1,1,0,0,1,0,0,0,0,4,3,0,0,0,0,0,0,0,3.535244107246399,3.0,0.0,0.0,0.0,0.0,1,1,0,0,0,0
MLI,74004,2021,74,4,1,2,1,1,1,0,0,1,0,0,0,1,0,1,0,4,5,0,0,0,0,0,0,0,5.3942999839782715,,,,,,0,1,1,0,0,0
MLI,74005,2021,74,5,1,2,1,1,1,0,1,1,1,1,0,0,0,0,0,1,1,0,0,0,0,0,0,0,2.1963999271392822,,,,,,0,1,1,0,0,0
MLI,74006,2021,74,6,1,1,2,1,1,1,1,1,1,1,0,0,0,0,0,1,1,1,0,0,0,0,1,0,2.5671000331640244,3.0,6.0,0.0,0.0,0.0,0,1,0,0,0,0
MLI,74007,2021,74,7,1,1,1,1,1,0,1,1,0,0,0,0,0,0,0,4,6,0,0,0,0,0,0,0,2.58810555934906,3.0,0.0,0.0,0.0,0.0,0,1,1,0,0,0
MLI,74008,2021,74,8,1,2,1,1,1,0,0,1,0,0,0,0,0,1,0,4,5,0,0,0,0,0,0,0,2.9137001037597656,,,,,,0,1,1,0,0,0
MLI,74009,2021,74,9,1,2,1,1,1,0,0,0,1,1,0,0,1,1,0,1,1,0,0,0,0,0,0,0,5.050600051879883,,,,,,0,1,1,0,0,0
MLI,74010,2021,74,10,1,1,2,1,1,0,1,1,1,1,0,0,0,0,0,1,1,1,0,0,0,0,1,0,1.9647000432014465,4.0,2.0,0.0,0.0,0.0,0,0,1,0,0,0
MLI,74011,2021,74,11,1,1,2,1,1,0,1,1,0,0,1,0,0,0,0,4,3,0,0,0,0,0,0,0,6.071532845497131,14.0,20.0,0.0,0.0,40.0,0,1,0,0,0,0
MLI,74012,2021,74,12,1,1,2,1,1,0,1,1,1,1,0,0,0,0,0,1,1,0,0,0,0,0,0,0,4.05109977722168,3.0,26.0,0.0,0.0,50.0,0,1,0,0,0,0
MLI,78001,2021,78,1,1,1,2,1,1,1,1,1,0,0,1,0,0,0,0,4,3,1,0,0,0,0,1,0,7.059435248374939,5.0,0.0,0.0,0.0,0.0,0,1,0,0,0,0
MLI,78002,2021,78,2,1,1,1,1,1,1,1,1,0,0,1,0,0,0,0,4,3,0,0,0,0,0,0,0,0.5968512296676636,,,,,,0,1,0,0,0,0
MLI,78003,2021,78,3,1,1,2,1,1,0,1,1,0,0,1,0,0,0,0,4,3,0,0,0,0,0,0,0,3.118400067090988,4.0,0.0,0.0,0.0,0.0,0,1,0,0,0,0
MLI,78004,2021,78,4,1,1,1,1,1,0,1,1,0,0,0,0,0,0,0,4,6,0,0,0,0,0,0,0,2.583958387374878,2.0,0.0,0.0,0.0,0.0,0,1,0,0,0,0
MLI,78005,2021,78,5,1,1,2,1,1,0,1,0,0,0,1,0,0,0,0,4,3,0,0,0,0,0,0,0,2.2442901134490967,,,,,,0,1,0,0,0,0
MLI,78006,2021,78,6,1,1,2,1,1,1,1,1,0,0,1,0,0,0,0,4,3,0,0,0,0,0,0,0,0.33340001106262207,,,,,,0,1,0,0,0,0
MLI,78007,2021,78,7,1,2,1,1,1,0,0,0,0,0,0,0,1,0,0,4,5,0,0,0,0,0,0,0,2.4107000827789307,,,,,,0,1,1,0,0,0
MLI,78008,2021,78,8,1,1,2,1,1,1,1,1,0,0,1,0,0,0,0,4,3,0,0,0,0,0,0,0,2.319000005722046,,,,,,1,1,0,0,0,0
MLI,78009,2021,78,9,1,1,2,1,1,1,1,1,0,0,1,0,0,0,1,4,3,0,0,0,0,0,0,0,2.179563045501709,35.0,15.0,0.0,0.0,0.0,1,1,0,0,0,0
MLI,78010,2021,78,10,1,2,1,1,1,1,0,0,0,0,1,0,1,0,0,4,3,0,0,0,0,0,0,0,1.2127000093460083,,,,,,0,1,0,0,0,0
MLI,78011,2021,78,11,1,1,1,1,1,1,1,1,0,0,0,0,0,0,0,4,5,0,0,0,0,0,0,0,1.1302000284194946,2.0,0.0,0.0,0.0,0.0,0,1,1,0,0,0
MLI,78012,2021,78,12,1,2,1,1,1,1,1,1,0,0,1,0,1,0,0,4,3,0,0,0,0,0,0,0,,,,,,,0,0,0,0,0,1
MLI,79001,2021,79,1,1,1,3,1,1,1,1,1,1,1,0,1,0,0,0,1,1,1,0,1,0,0,1,0,,,,,,,0,0,0,0,0,0
MLI,79002,2021,79,2,1,1,1,1,1,1,1,1,1,1,0,1,1,1,0,1,1,1,0,1,0,0,0,0,,,,,,,0,0,0,0,0,0
MLI,79003,2021,79,3,1,2,3,1,1,0,1,1,0,0,1,1,0,0,0,4,3,1,0,0,0,0,1,0,,,,,,,0,0,0,0,0,0
MLI,79004,2021,79,4,1,1,1,1,1,1,1,1,1,1,0,1,1,1,0,1,1,0,0,1,0,0,1,1,,,,,,,0,0,0,0,0,0
MLI,79005,2021,79,5,1,2,3,1,1,1,1,1,0,0,1,0,0,0,0,4,3,0,0,0,0,1,0,0,,0.0,6.0,0.0,0.0,0.0,0,0,0,0,0,0
MLI,79006,2021,79,6,1,1,3,1,1,1,1,1,0,0,0,1,0,0,0,4,5,0,0,0,0,0,0,0,,6.0,0.0,0.0,0.0,0.0,0,0,0,0,0,0
MLI,79007,2021,79,7,1,2,4,1,1,1,1,1,0,1,0,1,0,0,0,3,1,0,0,0,0,0,0,0,,,,,,,0,0,0,0,0,0
MLI,79008,2021,79,8,1,1,3,1,1,1,1,1,0,0,0,0,0,0,0,4,5,0,0,0,0,0,0,0,,,,,,,0,0,0,0,0,0
MLI,79009,2021,79,9,1,2,1,1,1,1,1,1,1,1,0,1,0,0,0,1,1,1,0,1,0,0,1,0,,,,,,,0,0,0,0,0,0
MLI,79010,2021,79,10,1,1,1,1,1,1,1,1,1,1,0,1,0,0,0,1,1,1,0,1,0,0,1,1,,,,,,,0,0,0,0,0,0
MLI,79011,2021,79,11,1,2,1,1,1,1,1,1,1,1,0,1,1,0,1,1,1,1,0,1,0,0,1,0,,,,,,,1,0,0,0,0,0
MLI,79012,2021,79,12,1,2,4,1,1,1,1,1,0,0,1,1,0,0,0,4,3,1,0,0,0,0,1,0,,,,,,,0,0,0,0,0,0
MLI,81001,2021,81,1,2,1,1,1,1,1,1,1,0,0,1,1,1,1,0,4,3,1,0,0,0,0,1,0,17.994138717651367,,,,,,1,0,1,0,0,0
MLI,81002,2021,81,2,2,1,1,1,1,0,1,1,0,0,1,1,0,0,0,4,3,1,0,0,0,0,0,0,,,,,,,0,0,1,0,0,0
MLI,81003,2021,81,3,2,1,1,1,1,1,1,1,0,0,1,1,0,0,0,4,3,0,0,0,0,0,0,0,,,,,,,1,0,0,0,0,0
MLI,81004,2021,81,4,2,2,1,1,1,1,1,1,0,0,1,0,0,1,0,4,3,1,0,0,0,0,0,0,,,,,,,1,0,0,0,0,0
MLI,81005,2021,81,5,2,1,2,1,1,1,1,1,1,0,1,1,0,0,0,1,3,1,0,0,0,0,0,0,,,,,,,0,0,0,0,0,0
MLI,81006,2021,81,6,2,1,4,1,1,1,1,1,0,1,0,0,0,0,0,4,1,1,0,0,0,0,1,0,,,,,,,0,0,0,0,0,0
MLI,81007,2021,81,7,2,2,3,1,1,1,1,1,0,0,1,0,0,1,0,4,3,0,0,0,0,0,0,0,,,,,,,0,0,1,0,0,0
MLI,81008,2021,81,8,2,1,2,1,1,1,1,1,0,0,1,1,0,0,0,4,3,1,0,0,0,0,1,0,2.9661999940872192,10.0,42.0,0.0,0.0,0.0,0,1,1,0,0,0
MLI,81009,2021,81,9,2,1,2,1,1,1,1,1,0,0,1,0,0,0,0,4,3,0,0,0,0,0,0,0,,,,,,,0,0,1,0,0,0
MLI,81010,2021,81,10,2,1,2,1,1,1,1,1,0,1,0,0,0,0,1,4,1,1,0,0,0,0,1,0,,,,,,,0,0,1,0,0,0
MLI,81011,2021,81,11,2,1,2,1,1,1,1,1,0,1,0,0,0,1,0,4,1,0,0,0,0,0,0,0,,,,,,,0,0,0,0,0,0
MLI,81012,2021,81,12,2,2,2,1,1,1,1,1,1,1,0,1,0,0,0,1,1,1,0,0,0,0,1,0,,5.0,0.0,0.0,0.0,0.0,0,1,1,0,0,0
MLI,84001,2021,84,1,2,1,2,1,1,1,1,1,0,1,0,0,0,1,0,3,1,1,1,0,0,0,1,0,,,,,,,0,0,1,0,0,0
MLI,84002,2021,84,2,2,1,1,1,1,1,1,1,1,0,1,1,0,0,0,1,3,1,0,0,0,0,0,0,,,,,,,0,0,0,1,0,0
MLI,84003,2021,84,3,2,1,3,1,1,1,1,1,1,1,0,1,1,0,1,1,1,1,0,0,0,0,1,0,,,,,,,0,0,0,0,0,0
MLI,84004,2021,84,4,2,1,2,1,1,1,1,1,1,1,0,1,0,0,0,1,1,1,0,0,0,0,0,0,,,,,,,0,0,1,0,0,0
MLI,84005,2021,84,5,2,1,3,1,1,1,1,1,1,0,1,1,0,0,0,1,2,1,0,0,0,0,1,0,,,,,,,0,0,0,0,0,0
MLI,84006,2021,84,6,2,1,3,1,1,1,1,1,0,0,1,0,0,0,0,4,3,0,0,0,0,0,0,0,,0.0,4.0,0.0,0.0,0.0,0,0,0,0,0,0
MLI,84007,2021,84,7,2,1,2,1,1,1,1,1,1,1,0,1,0,0,0,1,1,1,0,0,0,0,1,0,,,,,,,0,0,0,0,0,0
MLI,84008,2021,84,8,2,1,3,1,1,1,1,1,0,0,1,1,0,0,0,4,3,1,0,0,0,0,1,0,,0.0,3.0,0.0,0.0,4.0,0,1,0,0,0,0
MLI,84009,2021,84,9,2,1,3,1,1,1,1,1,0,1,0,1,0,1,1,4,1,1,0,0,0,0,1,0,,,,,,,0,1,1,0,0,0
MLI,84010,2021,84,10,2,1,3,1,1,1,1,1,0,0,1,0,0,1,0,4,3,0,0,0,0,0,0,0,,,,,,,0,0,1,0,0,0
MLI,84011,2021,84,11,2,2,3,1,1,1,1,1,0,0,0,0,0,1,0,4,6,0,0,0,0,0,0,0,,,,,,,0,0,1,0,0,0
MLI,84012,2021,84,12,2,1,1,1,1,1,1,1,1,1,0,1,0,1,1,1,1,1,0,1,0,1,1,1,,,,,,,0,1,0,0,0,0
MLI,85001,2021,85,1,1,1,2,1,1,0,1,1,0,0,1,1,0,0,0,4,3,1,0,0,0,0,1,0,10.321700096130371,4.0,5.0,0.0,0.0,0.0,0,0,0,0,0,0
MLI,85002,2021,85,2,1,1,2,1,0,0,1,1,0,0,0,0,0,0,0,4,5,0,0,0,0,0,0,0,4.49054354429245,0.0,5.0,0.0,0.0,0.0,1,0,0,0,0,0
MLI,85003,2021,85,3,1,1,2,1,1,0,1,1,0,0,1,0,0,0,0,4,3,1,0,0,0,0,1,0,8.494622349739075,4.0,8.0,0.0,0.0,0.0,1,1,0,0,0,0
MLI,85004,2021,85,4,1,1,2,1,1,0,1,1,0,0,1,0,0,0,0,4,3,0,0,0,0,0,0,0,11.282933712005615,5.0,8.0,0.0,0.0,0.0,1,0,0,0,0,0
MLI,85005,2021,85,5,1,1,2,1,1,1,0,0,0,0,0,0,0,0,0,4,5,0,0,0,0,0,0,0,3.9400000274181366,4.0,0.0,0.0,0.0,0.0,0,0,0,0,0,0
MLI,85006,2021,85,6,1,1,2,1,1,1,1,1,0,0,1,0,0,0,0,4,3,1,0,0,0,0,0,0,5.263060808181763,5.0,4.0,0.0,0.0,0.0,0,0,0,0,0,0
MLI,85007,2021,85,7,1,1,2,1,0,0,0,0,0,0,1,0,0,0,0,4,3,1,0,0,0,0,0,0,9.959999859333038,2.0,0.0,0.0,0.0,0.0,0,0,0,0,0,0
MLI,85008,2021,85,8,1,2,2,1,1,0,1,1,0,0,1,0,0,0,0,4,3,0,0,0,0,0,0,0,4.989999890327454,6.0,2.0,0.0,0.0,0.0,0,0,0,0,0,0
MLI,85009,2021,85,9,1,1,2,1,1,0,0,0,0,0,1,0,0,0,0,4,3,0,0,0,0,0,0,0,1.1467999815940857,3.0,2.0,0.0,0.0,5.0,1,0,0,0,0,0
MLI,85010,2021,85,10,1,1,2,1,1,0,0,0,0,0,1,0,0,0,0,4,3,1,0,0,0,0,0,0,1.745000034570694,6.0,3.0,0.0,0.0,8.0,0,0,0,0,0,0
MLI,85011,2021,85,11,1,1,2,1,1,1,1,1,0,0,1,0,0,0,0,4,3,0,0,0,0,0,0,0,3.9940000772476196,8.0,1.0,0.0,0.0,7.0,0,1,1,0,0,0
MLI,85012,2021,85,12,1,1,2,1,1,0,0,0,0,0,1,0,0,0,0,4,3,0,0,0,0,0,0,0,2.0491999983787537,10.0,4.0,0.0,0.0,20.0,1,0,0,0,0,0
MLI,87001,2021,87,1,2,1,2,0,0,0,1,1,0,0,1,0,0,0,0,4,3,0,0,0,0,0,0,0,1.552899956703186,4.0,3.0,0.0,0.0,0.0,0,1,0,0,0,0
MLI,87002,2021,87,2,2,1,2,1,0,0,1,1,0,0,1,0,0,0,0,4,3,0,0,0,0,0,0,0,3.7953000664711,0.0,6.0,0.0,0.0,0.0,0,1,0,0,0,0
MLI,87003,2021,87,3,2,1,2,1,0,0,1,1,0,0,0,0,0,0,0,4,6,0,0,0,0,0,0,0,1.5062000453472137,1.0,0.0,0.0,0.0,0.0,0,1,0,0,0,0
MLI,87004,2021,87,4,2,1,2,1,0,0,1,1,0,0,0,0,0,0,0,4,6,0,0,0,0,0,0,0,3.069700002670288,2.0,0.0,0.0,0.0,1.0,0,1,0,0,0,0
MLI,87005,2021,87,5,2,1,2,0,0,0,1,1,0,0,1,0,0,0,0,4,3,0,0,0,0,0,0,0,1.365799993276596,,,,,,0,0,0,0,0,0
MLI,87006,2021,87,6,2,1,2,0,0,0,1,1,0,0,1,0,0,0,0,4,3,0,0,0,0,0,0,0,1.479200005531311,0.0,4.0,0.0,0.0,0.0,0,1,1,0,0,0
MLI,87007,2021,87,7,2,1,2,0,0,0,1,1,0,0,1,1,0,0,0,4,3,0,0,0,0,0,0,0,0.6774000264704227,,,,,,0,0,0,0,0,0
MLI,87008,2021,87,8,2,1,2,0,0,0,1,1,0,0,1,0,0,0,0,4,3,0,0,0,0,0,0,0,1.1615999639034271,1.0,0.0,0.0,0.0,0.0,0,1,1,0,0,0
MLI,87009,2021,87,9,2,1,2,1,1,0,1,1,0,0,0,0,0,0,0,4,6,0,0,0,0,0,0,0,,,,,,,1,0,1,0,0,0
MLI,87010,2021,87,10,2,1,2,1,0,0,1,1,0,0,0,0,0,0,0,4,6,0,0,0,0,0,0,0,3.761199951171875,,,,,,0,1,0,0,0,0
MLI,87011,2021,87,11,2,1,2,1,0,0,1,1,0,0,0,0,0,0,0,4,6,0,0,0,0,0,0,0,3.456799864768982,,,,,,0,1,1,0,0,0
MLI,87012,2021,87,12,2,1,2,1,0,0,1,1,0,0,0,0,0,0,0,4,6,0,0,0,0,0,0,0,1.898299977183342,0.0,4.0,0.0,0.0,0.0,0,1,1,0,0,0
MLI,90001,2021,90,1,1,1,1,1,1,0,1,1,0,0,0,0,0,0,0,4,4,0,0,0,0,0,0,0,2.4250528812408447,,,,,,0,0,0,0,0,0
MLI,90002,2021,90,2,1,1,1,1,1,0,1,1,1,1,0,0,0,1,0,1,1,1,0,0,0,0,0,0,,,,,,,0,0,0,0,0,0
MLI,90003,2021,90,3,1,1,1,1,1,0,1,1,1,1,0,0,0,1,0,1,1,1,0,1,0,0,0,0,,,,,,,0,0,0,0,0,0
MLI,90004,2021,90,4,1,1,1,0,0,0,1,1,0,0,1,0,0,0,0,4,3,1,0,0,0,0,0,0,,,,,,,1,0,0,0,0,0
MLI,90005,2021,90,5,1,1,1,1,1,1,1,0,0,0,1,0,0,0,0,4,3,1,0,0,0,0,0,0,6.420851230621338,1.0,2.0,0.0,0.0,0.0,0,1,0,0,0,0
MLI,90006,2021,90,6,1,1,1,1,1,1,1,0,0,0,0,0,0,0,0,4,5,0,0,0,0,0,0,0,,,,,,,1,0,0,1,0,0
MLI,90007,2021,90,7,1,2,1,1,1,1,0,0,0,0,1,0,0,0,0,4,3,0,0,0,0,0,0,0,2.6726999282836914,0.0,7.0,0.0,0.0,0.0,0,0,0,0,0,0
MLI,90008,2021,90,8,1,1,3,1,1,1,1,1,0,0,1,0,0,0,0,4,3,0,0,0,0,0,0,0,,,,,,,0,0,0,0,0,0
MLI,90009,2021,90,9,1,1,1,1,1,1,0,0,0,0,0,1,0,0,0,4,4,0,0,0,0,0,0,0,,,,,,,1,1,0,0,0,0
MLI,90010,2021,90,10,1,2,3,1,1,1,1,1,0,0,1,0,0,0,0,4,3,0,0,0,0,0,0,0,,,,,,,0,0,0,0,0,0
MLI,90011,2021,90,11,1,2,1,1,1,1,1,1,0,0,1,1,0,0,0,4,3,1,0,0,0,0,0,0,,,,,,,0,0,0,0,0,0
MLI,90012,2021,90,12,1,1,1,1,1,1,1,1,0,0,1,0,0,0,0,4,3,0,0,0,0,0,0,0,3.359999969601631,,,,,,0,0,0,0,0,0
MLI,93001,2021,93,1,1,1,2,1,0,0,0,0,0,0,0,0,0,0,0,4,5,0,0,0,0,0,0,0,5.040000021457672,2.0,3.0,0.0,0.0,8.0,0,1,0,0,0,0
MLI,93002,2021,93,2,1,1,2,1,1,0,0,0,0,0,1,0,0,0,0,4,3,0,0,0,0,0,0,0,3.0383999347686768,,,,,,1,0,0,0,0,0
MLI,93003,2021,93,3,1,1,2,1,0,0,0,0,0,0,1,0,0,0,0,4,3,1,0,0,0,0,0,0,6.520799875259399,8.0,21.0,0.0,0.0,0.0,0,1,0,0,0,0
MLI,93004,2021,93,4,1,1,4,1,1,0,1,1,0,0,1,0,0,0,0,4,3,1,0,0,0,0,1,0,2.265500009059906,0.0,30.0,0.0,0.0,20.0,0,0,0,0,0,0
MLI,93005,2021,93,5,1,1,2,1,1,1,0,1,0,0,1,0,0,0,0,4,3,1,0,0,0,0,0,0,17.630000114440918,11.0,20.0,0.0,0.0,100.0,0,0,0,0,0,0
MLI,93006,2021,93,6,1,1,2,1,1,0,0,0,0,0,1,0,0,0,0,4,3,1,0,0,0,0,0,0,6.422400057315826,,,,,,1,1,0,0,0,0
MLI,93007,2021,93,7,1,1,2,1,1,0,1,1,0,0,1,0,0,0,0,4,3,0,0,0,0,0,0,0,5.5000001192092896,6.0,0.0,0.0,0.0,10.0,0,0,0,0,0,0
MLI,93008,2021,93,8,1,1,2,1,1,1,1,1,0,0,0,0,0,0,0,4,5,0,0,0,0,0,0,0,3.2199999690055847,3.0,4.0,0.0,0.0,4.0,0,1,0,0,0,0
MLI,93009,2021,93,9,1,1,2,1,1,0,1,1,0,0,1,0,0,0,0,4,3,1,0,0,0,0,1,0,2.896999955177307,11.0,8.0,0.0,0.0,10.0,0,0,0,0,0,0
MLI,93010,2021,93,10,1,1,2,1,1,0,1,1,0,0,0,0,0,0,0,4,5,1,0,0,0,0,0,0,2.7997000217437744,4.0,7.0,0.0,0.0,0.0,0,1,0,0,0,0
MLI,93011,2021,93,11,1,1,2,1,1,0,0,0,0,0,1,0,0,0,0,4,3,1,0,0,0,0,0,0,12.577600359916687,8.0,15.0,0.0,0.0,50.0,0,0,0,0,0,0
MLI,93012,2021,93,12,1,1,2,1,1,0,0,0,0,0,1,0,0,0,0,4,3,0,0,0,0,0,0,0,3.2788000106811523,2.0,9.0,0.0,0.0,20.0,0,0,0,0,0,0
MLI,95001,2021,95,1,1,1,2,1,0,0,1,1,0,0,1,0,0,0,0,4,3,0,0,0,0,0,0,0,4.606568932533264,0.0,4.0,0.0,0.0,0.0,1,0,0,0,0,0
MLI,95002,2021,95,2,1,1,2,1,0,0,1,1,0,0,0,0,0,0,0,4,5,0,0,0,0,0,0,0,5.934100031852722,3.0,12.0,0.0,0.0,0.0,0,0,0,0,0,0
MLI,95003,2021,95,3,1,1,2,1,0,0,1,1,0,0,1,0,0,0,0,4,3,0,0,0,0,0,0,0,6.022899866104126,2.0,0.0,0.0,0.0,0.0,0,0,0,0,0,0
MLI,95004,2021,95,4,1,1,2,1,0,0,0,0,0,0,0,0,0,0,0,4,5,0,0,0,0,0,0,0,2.9139543771743774,2.0,0.0,0.0,0.0,10.0,0,0,0,0,0,0
MLI,95005,2021,95,5,1,1,2,1,0,0,0,0,0,0,0,0,0,0,0,4,5,0,0,0,0,0,0,0,11.430314064025879,,,,,,0,1,0,0,0,0
MLI,95006,2021,95,6,1,1,2,1,0,0,0,0,0,0,0,1,0,0,0,4,4,0,0,0,0,0,0,0,6.63678765296936,3.0,0.0,0.0,0.0,0.0,0,0,0,0,0,0
MLI,95007,2021,95,7,1,1,2,1,1,1,1,1,0,0,1,0,0,0,0,4,3,1,0,0,0,0,0,0,7.6278395652771,7.0,4.0,0.0,0.0,5.0,1,0,0,0,0,0
MLI,95008,2021,95,8,1,1,2,1,0,0,0,0,0,0,0,0,0,0,0,4,5,0,0,0,0,0,0,0,3.449999988079071,1.0,2.0,0.0,0.0,4.0,0,0,0,0,0,0
MLI,95009,2021,95,9,1,1,2,1,0,0,1,1,0,0,1,0,0,0,0,4,3,0,0,0,0,0,0,0,6.982000112533569,,,,,,0,0,0,0,0,0
MLI,95010,2021,95,10,1,1,2,1,0,0,0,0,0,0,0,0,0,0,0,4,5,0,0,0,0,0,0,0,3.898605227470398,0.0,1.0,0.0,0.0,9.0,1,0,0,0,0,0
MLI,95011,2021,95,11,1,1,2,1,0,0,0,0,0,0,0,0,0,0,0,4,5,0,0,0,0,0,0,0,7.399172306060791,1.0,0.0,0.0,0.0,0.0,0,0,0,0,0,0
MLI,95012,2021,95,12,1,1,2,1,0,0,0,0,0,0,1,0,0,0,0,4,3,0,0,0,0,0,0,0,7.401900053024292,0.0,5.0,0.0,0.0,8.0,0,0,0,0,0,0
MLI,96001,2021,96,1,2,1,2,1,0,0,0,0,0,0,0,0,0,0,0,4,5,0,0,0,0,0,0,0,,,,,,,1,0,0,0,0,0
MLI,96002,2021,96,2,2,1,2,1,0,0,0,0,0,0,1,0,0,0,0,4,3,1,0,0,0,0,0,0,3.0856000185012817,,,,,,1,0,0,0,0,0
MLI,96003,2021,96,3,2,1,2,1,0,0,0,0,0,0,1,0,0,0,0,4,3,0,0,0,0,0,0,0,6.704000234603882,2.0,10.0,0.0,0.0,15.0,1,0,0,0,0,0
MLI,96004,2021,96,4,2,1,2,1,1,0,0,0,0,0,0,0,0,0,0,4,5,0,0,0,0,0,0,0,2.5460000038146973,36.0,12.0,0.0,0.0,0.0,1,0,0,0,0,0
MLI,96005,2021,96,5,2,1,2,0,1,0,0,0,0,0,1,1,0,0,0,4,3,0,0,0,0,0,0,0,2.7469999492168427,30.0,5.0,0.0,0.0,25.0,1,0,0,0,0,0
MLI,96006,2021,96,6,2,1,2,1,1,0,0,0,0,0,1,1,0,0,0,4,3,0,0,0,0,0,0,0,11.015600204467773,10.0,12.0,0.0,0.0,0.0,0,0,0,0,0,0
MLI,96007,2021,96,7,2,1,2,0,0,0,1,1,0,0,1,1,0,0,0,4,3,1,0,0,0,0,1,0,24.291499614715576,20.0,21.0,0.0,0.0,40.0,0,1,0,0,0,0
MLI,96008,2021,96,8,2,1,2,1,1,1,0,0,0,0,1,1,1,0,0,4,3,1,0,0,0,0,1,0,13.79649966955185,46.0,30.0,0.0,0.0,60.0,1,0,0,0,0,0
MLI,96009,2021,96,9,2,1,2,1,0,0,1,1,0,0,1,0,0,0,0,4,3,0,0,0,0,0,0,0,8.063499927520752,,,,,,0,1,1,0,0,0
MLI,96010,2021,96,10,2,1,2,1,1,0,0,0,0,0,1,0,0,0,0,4,3,0,0,0,0,0,0,0,17.86830025911331,2.0,5.0,0.0,0.0,15.0,1,1,1,0,0,0
MLI,96011,2021,96,11,2,1,2,1,1,0,0,1,0,0,1,0,0,0,0,4,3,1,0,0,0,0,1,0,13.07890009880066,113.0,8.0,0.0,0.0,0.0,0,1,1,0,0,0
MLI,96012,2021,96,12,2,2,2,1,1,1,0,0,0,0,0,0,0,0,0,4,5,1,0,0,0,0,1,0,8.091899693012238,0.0,8.0,0.0,0.0,12.0,0,1,1,0,0,0
MLI,99001,2021,99,1,2,1,2,1,1,0,1,1,0,0,1,0,0,0,0,4,3,1,0,0,0,0,1,0,10.3963004052639,10.0,10.0,0.0,0.0,10.0,1,0,0,0,0,0
MLI,99002,2021,99,2,2,2,1,1,0,0,0,0,0,0,1,0,0,0,0,4,3,1,0,0,0,0,1,0,7.003399968147278,0.0,5.0,0.0,0.0,0.0,1,1,0,0,0,0
MLI,99003,2021,99,3,2,1,1,1,1,0,1,1,0,0,1,0,0,0,0,4,3,1,0,0,0,0,1,0,9.163300037384033,7.0,6.0,0.0,0.0,14.0,0,1,0,0,0,0
MLI,99004,2021,99,4,2,1,2,1,1,0,1,1,0,0,1,0,0,0,0,4,3,1,0,0,0,0,1,0,7.87089991569519,15.0,3.0,0.0,0.0,1.0,1,0,0,0,0,0
MLI,99005,2021,99,5,2,1,2,1,0,0,1,1,0,0,1,1,1,0,0,4,3,0,0,0,0,0,0,0,2.7671000361442566,6.0,5.0,0.0,0.0,0.0,0,1,1,0,0,0
MLI,99006,2021,99,6,2,1,2,1,0,0,0,0,0,0,1,1,0,0,0,4,3,1,0,0,0,0,0,0,12.560099840164185,2.0,6.0,0.0,0.0,0.0,1,1,1,0,0,0
MLI,99007,2021,99,7,2,1,2,1,1,0,1,1,0,0,1,1,1,0,0,4,3,1,0,0,0,0,1,0,10.268100053071976,6.0,6.0,0.0,0.0,20.0,0,1,1,1,0,0
MLI,99008,2021,99,8,2,1,2,1,0,0,1,1,0,0,1,0,1,0,0,4,3,1,0,0,0,0,0,0,37.155699610710144,7.0,10.0,0.0,0.0,0.0,1,1,1,0,0,0
MLI,99009,2021,99,9,2,1,2,1,0,0,1,1,0,0,1,0,0,0,0,4,3,0,0,0,0,0,0,0,8.697499990463257,2.0,5.0,0.0,0.0,8.0,0,1,0,0,0,0
MLI,99010,2021,99,10,2,1,1,1,0,0,1,0,0,0,1,0,0,0,0,4,3,1,0,0,0,0,1,0,24.920600295066833,1.0,15.0,0.0,0.0,30.0,0,1,1,1,0,0
MLI,99011,2021,99,11,2,1,1,1,0,0,1,1,0,0,1,0,0,0,0,4,3,0,0,0,0,0,0,0,28.81219983100891,3.0,5.0,0.0,0.0,0.0,0,1,1,0,0,0
MLI,99012,2021,99,12,2,1,2,1,1,0,1,1,0,0,1,0,0,0,0,4,3,1,0,0,0,0,1,0,8.613400101661682,17.0,0.0,0.0,0.0,30.0,1,1,0,0,0,0
MLI,101001,2021,101,1,2,1,2,1,0,0,0,0,0,0,1,0,0,0,0,4,3,0,0,0,0,0,0,0,0.9449999928474426,0.0,0.0,0.0,0.0,5.0,0,1,0,0,0,0
MLI,101002,2021,101,2,2,1,2,1,1,1,1,1,0,0,1,0,0,0,0,4,3,0,0,0,0,0,0,0,3.6113999485969543,2.0,0.0,0.0,0.0,0.0,1,1,0,0,0,0
MLI,101003,2021,101,3,2,1,2,1,0,0,1,1,0,0,0,0,0,0,0,4,5,0,0,0,0,0,0,0,1.4172000288963318,2.0,0.0,0.0,0.0,0.0,0,1,0,0,0,0
MLI,101004,2021,101,4,2,1,2,1,1,0,0,0,0,0,1,0,0,0,0,4,3,0,0,0,0,0,0,0,1.9575000405311584,0.0,5.0,0.0,0.0,0.0,0,1,0,0,0,0
MLI,101005,2021,101,5,2,1,2,1,1,0,1,1,0,0,0,0,0,0,0,4,5,1,0,0,0,0,0,0,1.918999969959259,,,,,,0,1,1,0,0,0
MLI,101006,2021,101,6,2,1,2,1,0,0,1,1,0,0,1,0,0,0,0,4,3,0,0,0,0,0,0,0,0.570900022983551,1.0,0.0,0.0,0.0,0.0,1,0,0,0,0,0
MLI,101007,2021,101,7,2,1,3,1,1,0,1,1,0,0,1,0,0,0,0,4,3,1,0,0,0,0,0,0,,,,,,,0,0,0,0,0,0
MLI,101008,2021,101,8,2,1,2,0,0,0,1,1,0,0,1,0,0,0,0,4,3,0,0,0,0,0,0,0,2.675900101661682,0.0,0.0,0.0,0.0,5.0,0,1,0,0,0,0
MLI,101009,2021,101,9,2,1,2,1,1,0,1,1,0,0,0,0,0,0,0,4,5,0,0,0,0,0,0,0,16.116799652576447,4.0,0.0,0.0,0.0,0.0,0,1,0,0,0,0
MLI,101010,2021,101,10,2,1,2,1,1,0,1,1,0,0,1,0,0,0,0,4,3,1,0,0,0,0,1,0,7.888099789619446,3.0,0.0,0.0,0.0,0.0,0,1,1,1,0,0
MLI,101011,2021,101,11,2,1,2,1,1,0,1,1,0,0,0,0,0,0,0,4,6,0,0,0,0,0,0,0,2.357999950647354,,,,,,0,1,0,0,0,0
MLI,101012,2021,101,12,2,1,1,1,1,1,1,1,0,0,0,0,0,0,0,4,6,0,0,0,0,0,0,0,0.45509999990463257,,,,,,0,1,0,0,0,0
MLI,103001,2021,103,1,2,1,2,1,0,0,0,1,0,0,0,0,0,0,0,4,4,1,0,0,0,0,0,0,5.476999998092651,3.0,10.0,0.0,0.0,0.0,0,1,0,0,0,0
MLI,103002,2021,103,2,2,1,2,1,0,0,0,0,0,0,1,0,0,0,0,4,3,0,0,0,0,0,0,0,14.654500484466553,52.0,3.0,0.0,0.0,0.0,0,1,0,0,0,0
MLI,103003,2021,103,3,2,1,2,1,0,0,0,0,0,0,0,0,0,0,0,4,6,1,0,0,0,0,0,0,4.11609411239624,31.0,10.0,0.0,0.0,10.0,0,1,0,0,0,0
MLI,103004,2021,103,4,2,1,2,1,0,0,0,0,0,0,1,0,0,0,0,4,3,1,0,0,0,0,0,0,12.59309995174408,26.0,16.0,0.0,0.0,0.0,0,1,0,0,0,0
MLI,103005,2021,103,5,2,1,4,0,0,0,0,0,0,0,1,0,0,0,0,4,3,0,0,0,0,0,0,0,18.820600509643555,,,,,,0,1,0,1,0,0
MLI,103006,2021,103,6,2,1,2,0,0,0,0,0,0,0,1,0,0,0,0,4,3,0,0,0,0,0,0,0,3.287000060081482,5.0,0.0,0.0,0.0,0.0,1,1,1,1,0,0
MLI,103007,2021,103,7,2,1,2,0,0,0,1,1,0,0,1,1,0,0,0,4,3,0,0,0,0,0,0,0,2.0475000590085983,,,,,,1,1,1,1,0,0
MLI,103008,2021,103,8,2,1,2,1,1,1,1,1,0,0,1,0,0,0,0,4,3,1,0,0,0,0,1,0,20.084200620651245,25.0,57.0,0.0,0.0,30.0,0,1,1,0,0,0
MLI,103009,2021,103,9,2,1,2,1,0,0,1,1,0,0,1,0,0,0,0,4,3,0,0,0,0,0,0,0,9.602599799633026,17.0,7.0,0.0,0.0,0.0,0,0,1,0,0,0
MLI,103010,2021,103,10,2,1,2,1,0,0,0,0,0,0,0,0,0,0,0,4,6,0,0,0,0,0,0,0,8.894800126552582,12.0,8.0,0.0,0.0,0.0,0,1,1,0,0,0
MLI,103011,2021,103,11,2,1,2,1,0,0,0,0,0,0,0,0,0,0,0,4,6,0,0,0,0,0,0,0,17.52210021018982,,,,,,0,1,0,0,0,0
MLI,103012,2021,103,12,2,1,2,1,1,1,0,0,0,0,1,0,0,0,0,4,3,0,0,0,0,0,0,0,8.051599860191345,30.0,6.0,0.0,0.0,0.0,0,1,1,0,0,0
MLI,105001,2021,105,1,1,1,1,1,1,0,1,1,1,1,0,1,0,1,0,1,1,1,0,0,0,0,0,0,,0.0,4.0,0.0,0.0,0.0,0,0,0,0,0,0
MLI,105002,2021,105,2,1,2,1,1,1,1,1,1,1,1,0,0,0,0,0,1,1,0,0,0,0,0,0,0,,,,,,,0,0,0,0,0,0
MLI,105003,2021,105,3,1,1,1,1,1,0,1,1,1,1,0,1,0,1,0,1,1,1,0,1,0,0,1,0,,0.0,5.0,0.0,0.0,5.0,0,0,0,0,0,0
MLI,105004,2021,105,4,1,1,1,1,1,1,1,1,1,1,0,1,1,1,0,1,1,1,0,1,0,0,1,0,,0.0,0.0,0.0,0.0,400.0,0,0,0,0,0,0
MLI,105005,2021,105,5,1,1,1,1,1,1,1,1,1,1,0,1,0,0,0,1,1,0,0,0,0,0,1,0,,3.0,5.0,0.0,0.0,5.0,0,0,0,0,0,0
MLI,105006,2021,105,6,1,2,3,1,1,1,1,1,1,1,0,1,0,0,0,1,1,1,0,1,0,0,1,0,,,,,,,0,0,0,0,0,0
MLI,105007,2021,105,7,1,2,1,1,1,1,1,1,1,1,0,0,0,0,0,1,1,1,0,0,0,0,1,0,,,,,,,0,0,0,0,0,0
MLI,105008,2021,105,8,1,1,1,1,1,1,1,1,1,1,0,1,0,0,0,1,1,0,0,0,0,0,0,0,,0.0,17.0,0.0,0.0,0.0,0,0,0,0,0,0
MLI,105009,2021,105,9,1,2,3,1,1,0,1,1,1,1,0,1,0,1,0,1,1,1,0,1,0,0,1,0,,,,,,,0,0,0,0,0,0
MLI,105010,2021,105,10,1,1,1,1,1,1,1,1,1,1,0,0,0,0,0,1,1,0,0,0,0,0,0,0,,,,,,,1,0,0,0,0,0
MLI,105011,2021,105,11,1,2,1,1,1,1,1,1,1,1,0,1,0,0,0,1,1,1,0,1,0,1,1,0,,0.0,7.0,0.0,0.0,20.0,0,0,0,0,0,0
MLI,105012,2021,105,12,1,1,1,1,1,1,1,1,1,1,0,0,0,0,0,1,1,1,0,0,0,0,1,0,,0.0,5.0,0.0,0.0,0.0,0,0,0,0,0,0
MLI,108001,2021,108,1,1,1,2,1,1,0,0,0,0,0,0,0,0,0,0,4,5,0,0,0,0,0,0,0,6.187559604644775,1.0,0.0,0.0,0.0,0.0,0,0,1,0,0,0
MLI,108002,2021,108,2,1,1,2,1,1,0,0,0,0,0,0,0,0,0,0,4,4,0,0,0,0,0,0,0,0.18000000715255737,,,,,,0,0,0,0,0,0
MLI,108003,2021,108,3,1,1,2,1,1,0,0,0,0,0,0,0,0,0,0,4,4,0,0,0,0,0,0,0,3.0310527086257935,,,,,,1,1,0,0,0,0
MLI,108004,2021,108,4,1,1,2,1,1,0,0,0,0,0,0,0,0,0,0,4,4,0,0,0,0,0,0,0,6.440754055976868,17.0,11.0,0.0,0.0,0.0,1,0,0,0,0,0
MLI,108005,2021,108,5,1,1,2,1,0,0,0,0,0,0,0,0,0,0,0,4,4,1,0,0,0,0,0,0,0.9326000213623047,,,,,,1,0,0,0,0,0
MLI,108006,2021,108,6,1,1,2,1,0,0,0,0,0,0,1,0,0,0,0,4,3,0,0,0,0,0,0,0,7.103302955627441,6.0,0.0,0.0,0.0,16.0,0,0,0,0,0,0
MLI,108007,2021,108,7,1,1,2,1,1,0,0,0,0,0,0,0,0,0,0,4,5,0,0,0,0,0,0,0,4.330322325229645,3.0,0.0,0.0,0.0,18.0,0,0,0,0,0,0
MLI,108008,2021,108,8,1,2,2,1,1,0,0,0,0,0,0,0,0,0,0,4,5,0,0,0,0,0,0,0,9.149199843406677,10.0,18.0,0.0,0.0,13.0,0,0,0,0,0,0
MLI,108009,2021,108,9,1,1,2,1,1,0,0,0,0,0,1,0,0,1,0,4,3,0,0,0,0,0,0,0,8.42431926727295,3.0,14.0,0.0,0.0,40.0,0,0,0,0,0,0
MLI,108010,2021,108,10,1,1,2,1,1,0,0,0,0,0,1,0,0,0,0,4,3,1,0,0,0,0,1,0,2.6018999218940735,2.0,3.0,0.0,0.0,12.0,1,0,0,0,0,0
MLI,108011,2021,108,11,1,1,2,1,0,0,1,1,0,0,0,0,0,0,0,4,5,0,0,0,0,0,0,0,5.419299900531769,6.0,1.0,0.0,0.0,12.0,0,1,1,0,0,0
MLI,108012,2021,108,12,1,1,2,1,1,0,0,1,0,0,0,0,0,0,0,4,5,0,0,0,0,0,0,0,6.688400149345398,0.0,2.0,0.0,0.0,15.0,0,0,0,0,0,0
MLI,112001,2021,112,1,2,2,1,1,1,0,1,1,0,0,0,0,0,0,0,4,5,0,0,0,0,0,0,0,2.9495999813079834,,,,,,0,1,0,0,0,0
MLI,112002,2021,112,2,2,1,2,0,0,0,1,1,0,0,0,0,0,0,0,4,5,0,0,0,0,0,0,0,5.115499973297119,0.0,6.0,0.0,0.0,0.0,0,1,0,0,0,0
MLI,112003,2021,112,3,2,1,2,1,1,0,1,1,0,0,1,0,0,0,0,4,3,0,0,0,0,0,0,0,4.1069000363349915,0.0,5.0,0.0,0.0,5.0,0,1,0,0,0,0
MLI,112004,2021,112,4,2,1,2,0,0,0,1,1,0,0,0,0,0,0,0,4,6,0,0,0,0,0,0,0,3.65570005774498,0.0,4.0,0.0,0.0,0.0,0,1,0,0,0,0
MLI,112005,2021,112,5,2,1,2,0,1,0,1,1,0,0,1,1,0,0,0,4,3,0,0,0,0,0,0,0,1.8164000511169434,0.0,11.0,0.0,0.0,40.0,1,1,1,0,0,0
MLI,112006,2021,112,6,2,1,2,0,0,0,1,1,0,0,1,1,1,0,0,4,3,0,0,0,0,0,0,0,1.6823000311851501,0.0,0.0,0.0,0.0,6.0,0,1,0,0,0,0
MLI,112007,2021,112,7,2,1,2,1,0,0,1,1,0,0,1,1,1,0,0,4,3,1,0,0,0,0,1,0,6.555099964141846,0.0,6.0,0.0,0.0,0.0,0,1,0,0,0,0
MLI,112008,2021,112,8,2,1,4,1,1,0,1,1,0,0,0,1,1,0,0,4,5,0,0,0,0,0,0,0,1.9615999460220337,0.0,0.0,0.0,0.0,1.0,0,0,0,0,0,0
MLI,112009,2021,112,9,2,2,2,1,1,0,1,1,0,0,1,0,0,0,0,4,3,0,0,0,0,0,0,0,4.798400014638901,7.0,0.0,0.0,0.0,40.0,0,1,1,0,0,0
MLI,112010,2021,112,10,2,2,2,1,1,0,1,0,0,0,0,0,0,0,0,4,6,0,0,0,0,0,0,0,3.739500045776367,0.0,5.0,0.0,0.0,0.0,1,1,0,0,0,0
MLI,112011,2021,112,11,2,1,2,0,0,0,1,1,0,0,0,0,0,0,0,4,5,0,0,0,0,0,0,0,2.8246999979019165,0.0,11.0,0.0,0.0,10.0,0,1,0,1,0,0
MLI,112012,2021,112,12,2,1,2,1,0,0,1,1,0,0,0,0,0,0,0,4,5,0,0,0,0,0,0,0,0.6003999710083008,0.0,2.0,0.0,0.0,10.0,0,1,0,1,0,0
MLI,116001,2021,116,1,1,1,1,1,1,0,1,1,1,1,0,0,0,1,0,1,1,1,0,0,0,0,0,0,,,,,,,0,0,0,0,0,0
MLI,116002,2021,116,2,1,1,1,1,1,1,1,1,0,1,0,0,0,1,0,2,1,1,0,0,0,0,0,0,,,,,,,0,0,0,0,0,0
MLI,116003,2021,116,3,1,1,1,1,1,0,1,1,0,0,1,0,0,1,0,4,3,0,0,0,0,0,0,0,,,,,,,0,0,0,0,0,0
MLI,116004,2021,116,4,1,1,1,1,1,1,0,0,0,0,0,0,0,0,0,4,5,0,0,0,0,0,0,0,,,,,,,0,0,0,0,0,0
MLI,116005,2021,116,5,1,1,1,1,1,1,1,1,0,1,0,0,0,0,0,4,1,1,0,0,0,0,0,0,,,,,,,0,1,0,0,0,0
MLI,116006,2021,116,6,1,1,1,1,1,0,1,1,0,1,0,0,0,1,0,2,1,1,0,0,0,0,0,0,,,,,,,1,0,0,0,0,0
MLI,116007,2021,116,7,1,2,3,1,1,1,1,1,0,1,0,0,0,0,0,4,1,1,0,0,0,0,1,0,,,,,,,0,0,0,0,0,0
MLI,116008,2021,116,8,1,2,1,1,1,1,1,1,1,1,0,0,0,1,0,1,1,1,0,0,0,0,1,0,,,,,,,1,0,0,0,0,0
MLI,116009,2021,116,9,1,1,1,1,1,1,1,1,1,1,0,0,0,0,0,1,1,1,0,0,0,0,0,0,,,,,,,0,0,0,0,0,0
MLI,116010,2021,116,10,1,1,3,1,1,1,1,1,1,1,0,0,0,0,0,1,1,1,0,0,0,0,0,0,,,,,,,0,0,0,0,0,0
MLI,116011,2021,116,11,1,1,1,1,1,1,1,1,1,1,0,0,0,0,0,1,1,1,0,0,0,0,0,0,,,,,,,0,0,0,0,0,0
MLI,116012,2021,116,12,1,1,1,1,1,1,1,1,0,1,0,0,0,0,0,4,1,1,0,0,0,0,1,0,,,,,,,0,0,0,0,0,0
MLI,118001,2021,118,1,1,1,2,1,0,0,0,0,0,0,0,0,0,0,0,4,5,0,0,0,0,0,0,0,4.016700029373169,0.0,9.0,0.0,0.0,14.0,0,0,0,0,0,0
MLI,118002,2021,118,2,1,1,2,1,0,0,0,0,0,0,1,0,0,0,0,4,3,1,0,0,0,0,0,0,9.635299801826477,2.0,15.0,0.0,0.0,11.0,0,0,0,0,0,0
MLI,118003,2021,118,3,1,1,2,1,0,0,0,0,0,0,0,0,0,0,0,4,5,0,0,0,0,0,0,0,11.817699909210205,2.0,15.0,0.0,0.0,0.0,0,0,0,0,0,0
MLI,118004,2021,118,4,1,1,2,1,1,0,1,1,0,0,0,0,0,0,0,4,5,0,0,0,0,0,0,0,7.506200134754181,4.0,11.0,0.0,0.0,0.0,0,0,0,0,0,0
MLI,118005,2021,118,5,1,1,2,1,1,1,0,0,0,0,0,0,0,0,0,4,5,0,0,0,0,0,0,0,12.93326061964035,25.0,14.0,0.0,0.0,20.0,0,1,0,0,0,0
MLI,118006,2021,118,6,1,1,2,1,1,1,0,0,0,0,1,0,0,0,0,4,3,0,0,0,0,0,0,0,18.049999833106995,6.0,10.0,0.0,0.0,20.0,0,0,0,0,0,0
MLI,118007,2021,118,7,1,1,2,1,1,0,1,1,0,0,0,0,0,0,0,4,5,0,0,0,0,0,0,0,8.954657196998596,3.0,0.0,0.0,0.0,0.0,0,0,0,0,0,0
MLI,118008,2021,118,8,1,1,2,1,0,0,0,0,0,0,1,0,0,0,0,4,3,0,0,0,0,0,0,0,5.080000013113022,16.0,7.0,0.0,0.0,40.0,1,1,0,0,0,0
MLI,118009,2021,118,9,1,1,2,1,1,1,0,0,0,0,1,0,0,0,0,4,3,0,0,0,0,0,0,0,4.470999896526337,4.0,8.0,0.0,0.0,5.0,1,0,0,0,0,0
MLI,118010,2021,118,10,1,1,2,1,1,1,1,1,0,0,1,0,0,0,0,4,3,1,0,0,0,0,0,0,7.164400160312653,11.0,8.0,0.0,0.0,30.0,1,0,0,0,0,0
MLI,118011,2021,118,11,1,1,2,1,1,1,1,1,0,0,1,0,0,0,0,4,3,0,0,0,0,0,0,0,2.8587000370025635,2.0,0.0,0.0,0.0,10.0,0,0,0,0,0,0
MLI,118012,2021,118,12,1,1,2,1,0,0,0,0,0,0,0,0,0,0,0,4,5,0,0,0,0,0,0,0,1.7942999601364136,19.0,15.0,0.0,0.0,22.0,1,0,0,0,0,0
MLI,120001,2021,120,1,2,1,4,1,1,1,1,1,1,0,1,0,1,0,0,1,2,0,0,0,0,0,1,0,,0.0,8.0,0.0,0.0,28.0,0,0,0,0,0,0
MLI,120002,2021,120,2,2,1,1,1,1,1,1,1,1,0,1,1,1,0,0,1,2,0,0,1,0,0,1,1,,0.0,0.0,0.0,0.0,204.0,0,0,0,0,0,0
MLI,120003,2021,120,3,2,1,3,1,1,1,1,1,0,0,1,0,1,0,0,2,2,1,0,0,0,0,0,0,,,,,,,0,1,0,0,0,0
MLI,120004,2021,120,4,2,1,2,1,1,1,1,1,1,1,0,0,1,0,0,1,1,1,0,0,0,0,0,0,,,,,,,0,0,0,0,0,0
MLI,120005,2021,120,5,2,1,1,1,1,1,1,1,1,1,0,1,1,1,1,1,1,1,0,0,0,0,1,0,,,,,,,0,0,1,0,0,0
MLI,120006,2021,120,6,2,1,1,1,1,1,1,1,1,1,0,1,0,1,0,1,1,1,0,0,0,0,1,0,,,,,,,0,1,0,0,0,0
MLI,120007,2021,120,7,2,1,1,1,1,1,1,1,1,1,0,1,0,0,0,1,1,1,0,0,0,0,1,0,,,,,,,1,0,1,0,0,0
MLI,120008,2021,120,8,2,1,1,1,1,1,1,1,1,1,0,0,0,1,0,1,1,1,0,1,0,0,1,0,,4.0,17.0,0.0,0.0,0.0,0,1,1,1,0,0
MLI,120009,2021,120,9,2,1,1,1,1,1,1,1,1,1,0,1,0,0,0,1,1,1,0,1,0,0,0,0,,,,,,,0,0,1,0,0,0
MLI,120010,2021,120,10,2,1,3,1,1,0,1,1,0,1,0,1,0,0,0,4,1,1,0,0,0,0,1,0,,,,,,,1,0,0,1,0,0
MLI,120011,2021,120,11,2,1,1,1,0,0,1,1,1,1,0,1,0,0,0,1,1,0,0,0,0,0,0,0,,0.0,10.0,0.0,0.0,0.0,1,0,0,1,0,0
MLI,120012,2021,120,12,2,1,1,1,1,0,1,1,1,1,0,0,0,0,0,1,1,0,0,0,0,0,0,0,,,,,,,0,0,1,0,0,0
MLI,122001,2021,122,1,1,2,1,1,1,1,1,1,0,0,1,0,0,0,0,4,3,1,0,0,0,0,0,0,,0.0,0.0,0.0,0.0,20.0,0,0,0,0,0,0
MLI,122002,2021,122,2,1,1,1,1,1,1,1,1,0,0,1,0,0,0,0,4,3,0,0,0,0,0,0,0,,,,,,,0,0,0,0,0,0
MLI,122003,2021,122,3,1,1,1,1,1,1,1,1,0,0,1,0,0,0,0,4,3,1,0,0,0,0,0,0,,,,,,,0,0,0,0,0,0
MLI,122004,2021,122,4,1,1,1,1,1,0,1,0,0,0,0,0,0,0,0,4,5,0,0,0,0,0,0,0,3.9091998636722565,,,,,,0,1,0,0,0,0
MLI,122005,2021,122,5,1,1,1,1,1,1,1,1,0,0,1,0,0,1,0,4,3,1,0,0,0,0,1,0,,0.0,3.0,0.0,0.0,0.0,0,0,0,0,0,0
MLI,122006,2021,122,6,1,2,3,1,1,1,1,1,1,1,0,1,1,1,0,1,1,1,1,1,0,1,1,1,,,,,,,0,0,0,0,0,0
MLI,122007,2021,122,7,1,1,1,1,1,0,1,0,0,0,1,0,0,0,0,4,3,0,0,0,0,0,0,0,,,,,,,0,0,0,0,0,0
MLI,122008,2021,122,8,1,1,1,1,1,0,0,0,0,0,1,0,0,0,0,4,3,1,0,0,0,0,1,0,,0.0,5.0,0.0,0.0,0.0,0,0,0,0,0,0
MLI,122009,2021,122,9,1,1,2,1,1,1,1,0,0,0,1,0,0,0,0,4,3,0,0,0,0,0,0,0,3.939999997615814,1.0,5.0,0.0,0.0,10.0,0,0,0,0,0,0
MLI,122010,2021,122,10,1,1,1,1,1,1,1,1,0,0,1,0,0,0,0,4,3,0,0,0,0,0,0,0,,,,,,,0,0,0,0,0,0
MLI,122011,2021,122,11,1,1,1,1,1,1,1,1,0,0,1,0,0,0,0,4,3,1,0,0,0,0,0,0,,,,,,,0,0,0,0,0,0
MLI,122012,2021,122,12,1,1,1,1,1,1,1,0,0,1,0,0,0,0,0,4,1,1,0,0,0,0,1,0,,0.0,14.0,0.0,0.0,6.0,0,0,0,0,0,0
MLI,124001,2021,124,1,2,1,3,1,1,1,1,1,1,1,0,0,0,0,0,1,1,0,0,0,0,0,0,0,,,,,,,0,0,0,0,0,0
MLI,124002,2021,124,2,2,1,1,1,1,0,1,1,1,1,0,0,0,0,0,1,1,1,0,0,0,0,1,0,,,,,,,0,0,0,1,0,0
MLI,124003,2021,124,3,2,1,1,1,1,1,1,1,1,1,0,0,0,0,0,1,1,1,0,0,0,0,0,0,,0.0,10.0,0.0,0.0,0.0,0,1,1,0,0,0
MLI,124004,2021,124,4,2,1,1,1,1,1,1,1,1,1,0,0,0,0,0,1,1,1,0,1,0,0,0,0,,0.0,0.0,0.0,0.0,8.0,1,0,0,0,0,0
MLI,124005,2021,124,5,2,1,3,1,1,1,1,1,1,0,1,1,1,0,0,1,2,1,0,0,0,0,1,0,,,,,,,0,0,0,0,0,0
MLI,124006,2021,124,6,2,1,3,1,1,1,1,1,1,0,1,1,1,0,0,1,2,0,0,0,0,0,1,0,,,,,,,0,0,0,0,0,0
MLI,124007,2021,124,7,2,1,1,1,1,1,1,1,1,1,0,1,0,0,0,1,1,1,0,0,0,0,1,0,,,,,,,0,0,0,0,0,0
MLI,124008,2021,124,8,2,1,3,1,1,1,1,1,1,0,1,1,1,0,0,1,2,0,0,0,0,1,1,0,,0.0,4.0,0.0,0.0,50.0,0,0,0,0,0,0
MLI,124009,2021,124,9,2,1,1,1,1,1,1,1,1,1,0,0,1,1,1,1,1,0,0,0,0,1,0,0,,,,,,,0,0,1,0,0,0
MLI,124010,2021,124,10,2,1,1,1,1,1,1,1,1,1,0,1,0,1,0,1,1,1,0,1,0,0,0,1,,0.0,5.0,0.0,0.0,0.0,0,0,0,1,0,0
MLI,124011,2021,124,11,2,1,1,1,1,1,1,1,1,1,0,0,1,1,0,1,1,1,0,1,0,0,1,0,,,,,,,0,0,1,1,0,0
MLI,124012,2021,124,12,2,1,1,1,1,1,1,1,1,1,0,1,1,1,1,1,1,1,0,0,0,0,1,0,,,,,,,0,1,1,0,0,0
MLI,125001,2021,125,1,1,1,2,1,0,0,0,0,0,0,1,0,0,0,0,4,3,0,0,0,0,0,0,0,,72.0,45.0,0.0,0.0,0.0,0,1,1,0,0,0
MLI,125002,2021,125,2,1,2,2,1,1,1,0,0,0,0,1,0,0,0,0,4,3,0,0,0,0,0,0,0,0.4129999876022339,42.0,0.0,0.0,0.0,0.0,0,0,0,0,0,0
MLI,125003,2021,125,3,1,1,2,1,0,0,0,0,0,0,1,0,0,0,0,4,3,0,0,0,0,0,0,0,,42.0,17.0,0.0,0.0,0.0,0,1,1,0,0,0
MLI,125004,2021,125,4,1,1,2,1,0,0,0,0,0,0,1,0,0,0,0,4,3,0,0,0,0,0,0,0,,70.0,10.0,0.0,0.0,0.0,0,1,1,0,0,0
MLI,125005,2021,125,5,1,1,2,1,0,0,0,0,0,0,1,0,0,0,0,4,3,0,0,0,0,0,0,0,,64.0,80.0,0.0,0.0,0.0,0,1,1,0,0,0
MLI,125006,2021,125,6,1,1,1,0,0,0,0,0,0,0,1,0,0,0,0,4,3,0,0,0,0,0,0,0,,25.0,80.0,0.0,0.0,0.0,0,1,0,0,0,0
MLI,125007,2021,125,7,1,1,2,0,0,0,0,0,0,0,0,0,0,0,0,4,5,0,0,0,0,0,0,0,,,,,,,0,1,0,0,0,0
MLI,125008,2021,125,8,1,1,1,0,0,0,0,0,0,0,0,0,0,0,0,4,5,0,0,0,0,0,0,0,,18.0,21.0,0.0,0.0,0.0,0,1,0,0,0,0
MLI,125009,2021,125,9,1,1,1,0,0,0,0,0,0,0,0,0,0,0,0,4,5,0,0,0,0,0,0,0,,35.0,53.0,0.0,0.0,0.0,0,1,0,0,0,0
MLI,125010,2021,125,10,1,1,2,0,0,0,0,0,0,0,1,0,0,0,0,4,3,0,0,0,0,0,0,0,,73.0,0.0,0.0,0.0,0.0,0,1,1,0,0,0
MLI,125011,2021,125,11,1,1,2,0,0,0,0,0,0,0,1,0,0,0,0,4,3,0,0,0,0,0,0,0,,61.0,12.0,0.0,0.0,0.0,0,0,1,0,0,0
MLI,125012,2021,125,12,1,2,2,0,0,0,0,0,0,0,0,0,0,0,0,4,5,0,0,0,0,0,0,0,,0.0,54.0,0.0,0.0,0.0,0,1,1,0,0,0
MLI,127001,2021,127,1,1,1,1,1,1,1,1,1,1,1,0,1,0,0,0,1,1,1,0,0,0,0,1,0,,,,,,,0,0,1,0,0,0
MLI,127002,2021,127,2,1,2,1,1,1,1,1,1,0,1,0,0,0,0,0,2,1,1,0,0,0,0,1,0,,0.0,7.0,0.0,0.0,0.0,0,0,0,0,0,0
MLI,127003,2021,127,3,1,2,1,1,1,1,1,1,1,1,0,1,0,0,1,1,1,0,0,0,0,0,0,0,,,,,,,1,0,0,0,0,0
MLI,127004,2021,127,4,1,2,4,1,1,1,1,1,1,1,0,1,0,0,1,1,1,0,0,0,0,0,0,0,,,,,,,0,0,1,0,0,0
MLI,127005,2021,127,5,1,1,3,1,1,1,1,1,1,1,0,1,0,0,0,1,1,1,0,0,0,0,1,0,,,,,,,0,0,1,0,0,0
MLI,127006,2021,127,6,1,1,1,1,1,1,1,1,1,1,0,1,0,1,0,1,1,1,0,0,0,0,1,0,,,,,,,0,0,1,0,0,0
MLI,127007,2021,127,7,1,2,1,1,1,1,1,1,1,1,0,1,0,0,1,1,1,1,0,0,0,0,0,0,,0.0,7.0,0.0,0.0,0.0,0,0,0,0,0,0
MLI,127008,2021,127,8,1,1,1,1,1,1,1,1,0,0,1,1,0,0,0,4,3,0,0,0,0,0,0,0,,53.0,0.0,0.0,0.0,0.0,0,0,1,0,0,0
MLI,127009,2021,127,9,1,1,1,1,1,1,1,1,1,1,0,0,0,0,0,1,1,1,0,0,0,0,1,0,,68.0,0.0,0.0,0.0,0.0,0,0,0,0,0,0
MLI,127010,2021,127,10,1,2,3,1,1,1,1,1,1,1,0,1,0,0,1,1,1,1,0,0,0,0,0,0,,,,,,,0,0,1,0,0,0
MLI,127011,2021,127,11,1,1,3,1,1,1,1,1,1,1,0,0,0,0,0,1,1,1,0,0,0,0,1,0,,,,,,,0,1,0,0,0,0
MLI,127012,2021,127,12,1,1,3,1,1,1,1,1,1,1,0,0,0,0,0,1,1,1,0,1,0,0,1,0,,,,,,,0,0,1,0,0,0
MLI,128001,2021,128,1,2,1,2,1,1,1,1,1,0,0,1,0,0,0,0,4,3,0,0,0,0,0,0,0,4.147571086883545,2.0,2.0,0.0,0.0,0.0,1,1,1,0,0,0
MLI,128002,2021,128,2,2,1,2,1,1,1,1,1,0,0,1,0,0,0,0,4,3,1,0,0,0,0,0,0,11.270000219345093,10.0,0.0,0.0,0.0,0.0,0,1,1,0,0,0
MLI,128003,2021,128,3,2,1,2,1,1,1,1,1,0,0,1,0,0,0,0,4,3,1,0,0,0,0,0,0,,,,,,,0,0,1,0,0,0
MLI,128004,2021,128,4,2,1,2,1,1,1,1,1,0,0,1,0,0,0,0,4,3,1,0,0,0,0,0,0,3.1700000762939453,4.0,0.0,0.0,0.0,0.0,0,1,1,1,0,0
MLI,128005,2021,128,5,2,2,2,1,0,0,1,1,0,0,1,1,0,0,0,4,3,0,0,0,0,0,0,0,15.860000371932983,7.0,6.0,0.0,0.0,40.0,1,1,0,0,0,0
MLI,128006,2021,128,6,2,1,1,1,1,1,1,1,0,0,1,1,0,0,0,4,3,0,0,0,0,0,0,0,,,,,,,0,0,0,0,0,0
MLI,128007,2021,128,7,2,1,2,1,1,1,1,1,0,0,1,1,0,0,0,4,3,1,0,0,0,0,1,0,6.161746978759766,68.0,70.0,0.0,0.0,18.0,0,1,0,0,0,0
MLI,128008,2021,128,8,2,1,2,1,0,0,1,1,0,0,1,1,0,0,0,4,3,1,0,0,0,0,0,0,4.0,66.0,30.0,0.0,0.0,0.0,1,1,0,0,0,0
MLI,128009,2021,128,9,2,1,3,1,1,1,1,1,0,0,0,0,0,0,0,4,6,0,0,0,0,0,0,0,1.2244000285863876,1.0,7.0,0.0,0.0,0.0,0,0,0,0,0,0
MLI,128010,2021,128,10,2,1,2,1,0,0,1,1,0,0,0,1,0,0,0,4,6,0,0,0,0,0,0,0,0.8291000127792358,,,,,,0,1,1,0,0,0
MLI,128011,2021,128,11,2,1,2,1,0,1,1,1,0,0,0,1,0,0,0,4,6,0,0,0,0,0,0,0,,,,,,,0,0,0,0,0,0
MLI,128012,2021,128,12,2,1,2,1,1,1,0,0,0,0,0,1,0,0,0,4,6,0,0,0,0,0,0,0,1.236229658126831,2.0,0.0,0.0,0.0,0.0,0,0,0,0,0,0
MLI,129001,2021,129,1,1,1,2,0,0,0,0,0,0,0,0,0,0,0,0,4,5,0,0,0,0,0,0,0,1.034000039100647,,,,,,0,0,1,0,0,0
MLI,129002,2021,129,2,1,1,2,0,0,0,0,0,0,0,0,0,0,0,0,4,5,0,0,0,0,0,0,0,,0.0,27.0,0.0,0.0,0.0,0,0,1,0,0,0
MLI,129003,2021,129,3,1,1,2,1,0,0,0,0,0,0,1,0,0,0,0,4,3,0,0,0,0,0,0,0,,0.0,154.0,0.0,0.0,0.0,0,0,1,0,0,0
MLI,129004,2021,129,4,1,1,2,0,0,0,0,0,0,0,0,0,0,0,0,4,5,0,0,0,0,0,0,0,0.19499999284744263,,,,,,0,1,1,0,0,0
MLI,129005,2021,129,5,1,1,2,1,0,0,0,0,0,0,1,0,0,0,0,4,3,0,0,0,0,0,0,0,16.642000436782837,,,,,,1,0,0,0,0,0
MLI,129006,2021,129,6,1,1,2,0,0,0,0,0,0,0,0,0,0,0,0,4,5,0,0,0,0,0,0,0,,7.0,6.0,0.0,0.0,0.0,0,0,0,0,0,0
MLI,129007,2021,129,7,1,1,1,1,0,0,0,0,0,0,1,0,0,0,0,4,3,0,0,0,0,0,0,0,3.0480000376701355,,,,,,0,0,0,0,0,0
MLI,129008,2021,129,8,1,2,1,0,0,0,0,0,0,0,0,0,0,0,0,4,5,0,0,0,0,0,0,0,0.4880000054836273,,,,,,1,0,0,0,0,0
MLI,129009,2021,129,9,1,2,2,1,0,0,0,0,0,0,0,0,0,0,0,4,5,0,0,0,0,0,0,0,1.503000020980835,,,,,,0,0,1,0,0,0
MLI,129010,2021,129,10,1,1,1,1,0,0,0,0,0,0,0,0,0,0,0,4,5,0,0,0,0,0,0,0,12.992999792098999,,,,,,0,0,1,0,0,0
MLI,129011,2021,129,11,1,2,2,0,0,0,0,0,0,0,1,0,0,0,0,4,3,0,0,0,0,0,0,0,0.40700000524520874,,,,,,0,0,1,0,0,0
MLI,129012,2021,129,12,1,1,2,1,0,0,0,0,0,0,0,0,0,0,0,4,5,0,0,0,0,0,0,0,0.7020000070333481,,,,,,0,1,1,0,0,0
MLI,133001,2021,133,1,2,1,1,1,0,0,1,1,0,0,1,1,0,0,0,4,3,0,0,0,0,0,0,0,,,,,,,0,0,0,0,0,0
MLI,133002,2021,133,2,2,1,1,1,0,0,1,1,0,0,1,1,0,0,0,4,3,1,0,0,0,0,0,0,0.6000000238418579,1.0,2.0,0.0,0.0,25.0,0,1,0,0,0,0
MLI,133003,2021,133,3,2,1,2,1,0,0,0,0,0,0,0,0,0,0,0,4,6,0,0,0,0,0,0,0,4.876276016235352,2.0,0.0,0.0,0.0,0.0,0,1,0,0,0,0
MLI,133004,2021,133,4,2,1,2,1,1,0,1,1,0,0,0,1,0,0,0,4,6,1,0,0,0,0,0,0,0.9580999910831451,,,,,,0,0,0,0,0,0
MLI,133005,2021,133,5,2,1,2,1,0,0,0,0,0,0,0,1,0,0,0,4,6,0,0,0,0,0,0,0,9.601364135742188,2.0,0.0,0.0,0.0,0.0,0,1,0,0,0,0
MLI,133006,2021,133,6,2,1,2,1,1,1,1,1,0,0,1,1,0,0,0,4,3,0,0,1,0,0,0,0,3.290439486503601,1.0,6.0,0.0,0.0,0.0,0,1,0,0,0,0
MLI,133007,2021,133,7,2,1,2,1,0,1,1,0,0,0,1,0,0,0,0,4,3,0,0,0,0,0,0,0,4.0,,,,,,1,0,1,0,0,0
MLI,133008,2021,133,8,2,1,2,1,1,1,1,1,0,0,1,0,0,0,0,4,3,1,0,0,0,0,0,0,1.7599999904632568,4.0,0.0,0.0,0.0,0.0,0,0,1,0,0,0
MLI,133009,2021,133,9,2,1,2,1,1,1,1,1,0,0,1,0,0,0,0,4,3,0,0,0,0,0,0,0,5.320000171661377,0.0,31.0,0.0,0.0,0.0,0,0,1,1,0,0
MLI,133010,2021,133,10,2,1,2,1,1,1,0,0,0,0,1,0,0,0,0,4,3,0,0,0,0,0,0,0,30.28690004348755,0.0,1.0,0.0,0.0,0.0,1,0,1,0,0,0
MLI,133011,2021,133,11,2,1,2,1,0,0,1,1,0,0,1,1,0,0,0,4,3,0,0,0,0,0,0,0,0.49000000953674316,0.0,2.0,0.0,0.0,0.0,0,1,0,0,0,0
MLI,133012,2021,133,12,2,1,4,1,0,0,1,1,0,0,0,1,0,0,0,4,6,0,0,0,0,0,0,0,2.399999976158142,0.0,1.0,0.0,0.0,0.0,0,1,0,0,0,0
MLI,134001,2021,134,1,2,1,2,1,0,0,0,0,0,0,1,0,0,0,0,4,3,0,0,0,0,0,0,0,2.418839693069458,,,,,,1,1,0,0,0,0
MLI,134002,2021,134,2,2,1,2,1,0,0,0,0,0,0,1,0,0,0,0,4,3,0,0,0,0,0,0,0,2.4719537496566772,0.0,16.0,0.0,0.0,0.0,0,1,1,0,0,0
MLI,134003,2021,134,3,2,1,2,1,0,0,0,0,0,0,1,0,0,0,0,4,3,0,0,0,0,0,0,0,1.0,0.0,48.0,0.0,0.0,0.0,0,1,1,0,0,0
MLI,134004,2021,134,4,2,1,2,1,0,0,1,1,0,0,1,0,0,0,0,4,3,0,0,0,0,0,0,0,2.0,0.0,26.0,0.0,0.0,0.0,0,1,0,0,0,0
MLI,134005,2021,134,5,2,1,2,1,0,0,0,0,0,0,0,1,0,0,0,4,6,0,0,0,0,0,0,0,,40.0,50.0,0.0,0.0,0.0,0,1,0,0,0,0
MLI,134006,2021,134,6,2,1,2,1,0,0,0,0,0,0,0,1,0,0,0,4,6,0,0,0,0,0,0,0,0.4699999988079071,13.0,8.0,0.0,0.0,0.0,0,1,0,0,0,0
MLI,134007,2021,134,7,2,2,2,1,0,1,0,0,0,0,0,1,0,0,0,4,6,0,0,0,0,0,0,0,2.259999990463257,0.0,35.0,0.0,0.0,0.0,0,1,0,0,0,0
MLI,134008,2021,134,8,2,2,2,1,0,0,0,0,0,0,0,1,0,0,0,4,6,0,0,0,0,0,0,0,,34.0,55.0,0.0,0.0,0.0,0,0,0,0,0,0
MLI,134009,2021,134,9,2,1,2,1,1,1,0,0,0,0,1,1,0,0,0,4,3,0,0,0,0,0,0,0,,,,,,,0,1,0,0,0,0
MLI,134010,2021,134,10,2,1,2,1,0,0,0,0,0,0,1,1,0,0,0,4,3,0,0,0,0,0,0,0,4.340000152587891,20.0,30.0,0.0,0.0,0.0,0,1,0,0,0,0
MLI,134011,2021,134,11,2,1,2,1,0,0,0,0,0,0,1,0,0,0,0,4,3,0,0,0,0,0,0,0,1.496809959411621,1.0,0.0,0.0,0.0,0.0,0,1,0,0,0,0
MLI,134012,2021,134,12,2,1,2,1,0,0,1,1,0,0,0,0,0,0,0,4,6,0,0,0,0,0,0,0,1.3389999866485596,0.0,10.0,0.0,0.0,0.0,0,1,0,0,0,0
MLI,135001,2021,135,1,2,1,2,1,1,1,0,0,0,0,1,0,0,0,0,4,3,0,0,0,0,0,0,0,2.6975204944610596,0.0,10.0,0.0,0.0,0.0,0,1,1,0,0,0
MLI,135002,2021,135,2,2,1,2,1,1,1,0,0,0,0,1,0,0,0,0,4,3,0,0,0,0,0,0,0,2.869999885559082,,,,,,0,1,1,0,0,0
MLI,135003,2021,135,3,2,1,2,1,1,1,0,0,0,0,1,0,0,0,0,4,3,0,0,0,0,0,0,0,,0.0,1.0,0.0,0.0,0.0,0,0,1,0,0,0
MLI,135004,2021,135,4,2,1,2,1,1,1,1,1,0,0,1,0,0,0,0,4,3,0,0,0,0,0,0,0,5.239999771118164,1.0,0.0,0.0,0.0,0.0,0,1,1,1,0,0
MLI,135005,2021,135,5,2,2,2,1,1,1,1,1,0,0,1,1,1,1,0,4,3,1,0,0,0,0,1,0,3.1913721561431885,6.0,30.0,0.0,0.0,25.0,0,0,0,0,0,0
MLI,135006,2021,135,6,2,1,2,1,1,1,0,0,0,0,1,1,0,0,0,4,3,1,0,1,0,1,1,0,0.7526071071624756,3.0,27.0,0.0,0.0,0.0,0,1,0,0,0,0
MLI,135007,2021,135,7,2,2,2,1,1,0,0,0,0,0,1,1,0,0,0,4,3,0,0,0,0,0,0,0,,,,,,,0,1,0,0,0,0
MLI,135008,2021,135,8,2,1,2,1,1,1,1,1,0,0,1,1,0,0,0,4,3,0,0,0,0,0,0,0,,0.0,3.0,0.0,0.0,0.0,0,0,0,0,0,0
MLI,135009,2021,135,9,2,1,2,1,1,0,0,0,0,0,0,1,0,0,0,4,6,0,0,0,0,0,0,0,1.4583000242710114,1.0,2.0,0.0,0.0,0.0,0,0,0,0,0,0
MLI,135010,2021,135,10,2,1,2,1,1,1,1,0,0,0,1,1,0,0,0,4,3,0,0,0,0,0,0,0,,,,,,,0,0,0,0,0,0
MLI,135011,2021,135,11,2,1,2,1,1,0,0,0,0,0,1,1,0,0,0,4,3,0,0,0,0,0,0,0,4.273049473762512,1.0,8.0,0.0,0.0,0.0,0,0,0,0,0,0
MLI,135012,2021,135,12,2,2,2,1,1,1,1,1,0,0,1,1,0,0,0,4,3,0,0,0,0,0,0,0,,1.0,1.0,0.0,0.0,0.0,0,0,0,0,0,0
MLI,137001,2021,137,1,2,1,1,1,0,1,1,1,1,1,0,0,0,0,0,1,1,1,0,0,0,0,1,0,6.400777816772461,0.0,8.0,0.0,0.0,0.0,1,0,1,0,0,0
MLI,137002,2021,137,2,2,1,1,1,1,1,1,1,1,1,0,1,0,0,0,1,1,1,0,0,0,0,0,0,,,,,,,1,0,1,0,0,0
MLI,137003,2021,137,3,2,1,1,1,1,1,1,1,1,1,0,1,1,0,0,1,1,1,0,1,0,0,1,0,,0.0,1.0,0.0,0.0,0.0,1,0,1,1,0,0
MLI,137004,2021,137,4,2,1,4,1,1,1,1,1,1,1,0,1,0,0,0,1,1,1,0,1,0,1,1,1,,0.0,3.0,0.0,0.0,0.0,0,0,1,0,0,0
MLI,137005,2021,137,5,2,1,1,1,1,1,1,1,1,1,0,1,1,1,0,1,1,1,0,0,0,0,1,0,,,,,,,0,0,0,0,0,0
MLI,137006,2021,137,6,2,1,2,1,0,0,1,1,0,1,0,1,0,0,0,2,1,1,0,0,0,0,1,0,0.934480607509613,,,,,,0,1,0,0,0,0
MLI,137007,2021,137,7,2,1,2,1,1,1,1,1,1,1,0,1,0,0,1,1,1,1,0,1,0,0,1,0,,0.0,15.0,0.0,0.0,0.0,0,0,0,0,0,0
MLI,137008,2021,137,8,2,1,1,1,1,1,1,1,1,1,0,1,1,1,0,1,1,1,0,1,0,0,0,0,,,,,,,0,0,0,0,0,0
MLI,137009,2021,137,9,2,1,1,1,1,1,1,1,1,1,0,1,0,0,1,1,1,1,0,1,0,0,1,1,,0.0,7.0,0.0,0.0,0.0,0,0,0,0,0,0
MLI,137010,2021,137,10,2,1,1,1,1,1,1,1,1,1,0,1,1,1,0,1,1,1,0,1,0,0,1,1,,,,,,,0,0,0,0,0,0
MLI,137011,2021,137,11,2,2,3,1,1,1,1,1,1,1,0,1,0,0,1,1,1,1,0,0,0,0,1,1,,,,,,,0,0,0,0,0,0
MLI,137012,2021,137,12,2,1,3,1,1,1,1,1,1,0,1,1,0,0,0,1,2,1,0,1,0,0,0,0,,,,,,,0,0,0,0,0,0
MLI,141001,2021,141,1,1,1,2,1,0,0,1,1,0,0,1,0,0,0,0,4,3,0,0,0,0,0,0,0,0.5669999718666077,,,,,,1,0,1,0,0,0
MLI,141002,2021,141,2,1,1,2,1,1,1,1,1,0,0,1,0,0,0,0,4,3,0,0,0,0,0,0,0,,47.0,0.0,0.0,0.0,0.0,0,0,1,0,0,0
MLI,141003,2021,141,3,1,1,2,1,0,0,1,1,0,0,1,1,0,0,0,4,3,0,0,0,0,0,0,0,,72.0,0.0,0.0,0.0,0.0,0,1,1,0,0,0
MLI,141004,2021,141,4,1,1,2,1,1,0,1,1,0,0,0,1,0,0,0,4,6,0,0,0,0,0,0,0,0.5020000040531158,,,,,,1,0,1,0,0,0
MLI,141005,2021,141,5,1,1,1,1,0,0,1,1,0,0,0,0,0,0,0,4,5,0,0,0,0,0,0,0,1.717000037431717,8.0,15.0,0.0,0.0,0.0,0,0,0,0,0,0
MLI,141006,2021,141,6,1,1,4,1,0,0,1,1,0,0,0,0,0,0,0,4,5,0,0,0,0,0,0,0,2.0049999952316284,15.0,10.0,0.0,0.0,0.0,1,0,0,0,0,0
MLI,141007,2021,141,7,1,1,1,1,0,0,1,1,0,0,0,0,0,0,0,4,5,0,0,0,0,0,0,0,,15.0,0.0,0.0,0.0,0.0,0,1,0,0,0,0
MLI,141008,2021,141,8,1,1,1,1,0,0,1,1,0,0,0,0,0,0,0,4,4,0,0,0,0,0,0,0,4.465000152587891,,,,,,0,0,0,0,0,0
MLI,141009,2021,141,9,1,1,2,1,1,0,1,1,0,0,1,0,0,0,0,4,3,0,0,0,0,0,0,0,0.4189999997615814,50.0,0.0,0.0,0.0,0.0,0,0,1,0,0,0
MLI,141010,2021,141,10,1,1,2,1,1,0,1,1,0,0,1,0,0,0,0,4,3,0,0,0,0,0,0,0,0.6369999945163727,40.0,0.0,0.0,0.0,0.0,0,0,0,0,0,0
MLI,141011,2021,141,11,1,1,2,1,0,0,1,1,0,0,1,0,0,0,0,4,3,0,0,0,0,0,0,0,,11.0,0.0,0.0,0.0,0.0,0,0,0,0,0,0
MLI,141012,2021,141,12,1,1,2,1,0,1,1,1,0,0,1,0,0,0,0,4,3,0,0,0,0,0,0,0,0.7740000039339066,,,,,,0,0,1,0,0,0
MLI,144001,2021,144,1,1,2,2,1,1,1,1,1,0,0,1,0,0,0,0,4,3,0,0,0,0,0,0,0,1.9259999990463257,,,,,,1,0,1,0,0,0
MLI,144002,2021,144,2,1,1,1,1,1,1,1,1,0,0,1,1,0,0,0,4,3,0,0,0,0,0,0,0,0.9610000252723694,0.0,3.0,0.0,0.0,0.0,1,1,1,0,0,0
MLI,144003,2021,144,3,1,1,1,1,1,0,0,0,0,0,0,0,0,0,0,4,6,0,0,0,0,0,0,0,0.31700000166893005,,,,,,1,0,1,0,0,0
MLI,144004,2021,144,4,1,1,2,1,1,1,1,1,0,0,1,0,0,0,0,4,3,0,0,0,0,0,0,0,2.708841621875763,0.0,12.0,0.0,0.0,0.0,1,0,0,0,0,0
MLI,144005,2021,144,5,1,2,2,1,1,1,1,1,0,0,1,0,0,0,0,4,3,0,0,0,0,0,0,0,,70.0,0.0,0.0,0.0,0.0,1,0,1,0,0,0
MLI,144006,2021,144,6,1,2,1,1,1,1,1,1,0,0,1,0,0,0,0,4,3,0,0,0,0,0,0,0,0.34200000762939453,,,,,,1,0,0,0,0,0
MLI,144007,2021,144,7,1,1,1,1,0,0,1,1,0,0,1,0,0,0,0,4,3,0,0,0,0,0,0,0,9.133999824523926,,,,,,0,1,1,0,0,0
MLI,144008,2021,144,8,1,1,1,1,1,1,1,1,0,0,1,0,0,0,0,4,3,0,0,0,0,0,0,0,3.2280000150203705,,,,,,0,1,0,0,0,0
MLI,144009,2021,144,9,1,1,1,1,1,1,1,1,0,0,1,1,0,0,0,4,3,0,0,0,0,0,0,0,0.5161347985267639,,,,,,1,0,0,0,0,0
MLI,144010,2021,144,10,1,2,2,1,1,1,1,1,0,0,1,0,0,0,0,4,3,0,0,0,0,0,0,0,,150.0,0.0,0.0,0.0,0.0,0,0,1,1,0,0
MLI,144011,2021,144,11,1,1,2,1,1,1,1,1,0,0,1,0,0,0,0,4,3,0,0,0,0,0,0,0,3.590999960899353,80.0,0.0,0.0,0.0,0.0,0,0,1,0,0,0
MLI,144012,2021,144,12,1,1,2,1,1,1,1,1,0,0,1,0,0,0,0,4,3,0,0,0,0,0,0,0,0.9300000071525574,42.0,0.0,0.0,0.0,0.0,0,0,0,0,0,0
MLI,149001,2021,149,1,2,1,2,1,1,1,1,1,0,0,1,0,0,0,0,4,3,0,0,0,0,0,0,0,8.836599946022034,3.0,3.0,0.0,0.0,6.0,1,1,0,0,0,0
MLI,149002,2021,149,2,2,1,2,1,1,1,1,1,0,0,1,1,0,0,0,4,3,0,0,0,0,0,0,0,5.404925227165222,11.0,21.0,0.0,0.0,0.0,0,1,0,0,0,0
MLI,149003,2021,149,3,2,1,2,1,1,0,1,1,0,0,1,0,0,0,0,4,3,1,0,0,0,0,0,0,5.437800049781799,4.0,2.0,0.0,0.0,0.0,0,1,0,0,0,0
MLI,149004,2021,149,4,2,1,2,1,1,0,1,1,0,0,0,0,0,0,0,4,5,0,0,0,0,0,0,0,8.813600033521652,4.0,21.0,0.0,0.0,6.0,0,1,0,0,0,0
MLI,149005,2021,149,5,2,1,2,1,1,0,1,1,0,0,1,1,0,0,0,4,3,0,0,0,0,0,0,0,1.9050162434577942,0.0,12.0,0.0,0.0,8.0,1,1,0,0,0,0
MLI,149006,2021,149,6,2,1,2,1,1,0,1,1,0,0,1,0,0,0,0,4,3,0,0,0,0,0,0,0,2.909999966621399,0.0,6.0,0.0,0.0,32.0,1,1,0,0,0,0
MLI,149007,2021,149,7,2,1,2,1,1,0,1,1,0,0,1,0,0,0,0,4,3,0,0,0,0,0,0,0,3.8700000047683716,0.0,15.0,0.0,0.0,7.0,0,0,0,0,0,0
MLI,149008,2021,149,8,2,1,2,1,1,1,0,0,0,0,1,1,0,0,0,4,3,1,0,0,0,0,0,0,4.915973335504532,6.0,25.0,0.0,0.0,15.0,0,1,0,0,0,0
MLI,149009,2021,149,9,2,1,1,1,1,0,1,1,0,0,1,0,0,0,0,4,3,0,0,0,0,0,0,0,2.352000033482909,4.0,5.0,0.0,0.0,15.0,1,1,1,1,0,0
MLI,149010,2021,149,10,2,1,1,1,1,1,1,1,0,0,1,0,0,0,0,4,3,0,0,0,0,0,0,0,0.3499999940395355,4.0,6.0,0.0,0.0,20.0,0,1,1,1,0,0
MLI,149011,2021,149,11,2,1,2,1,1,1,1,1,0,0,1,0,0,0,0,4,3,1,0,0,0,0,0,1,,10.0,6.0,0.0,0.0,15.0,0,0,0,0,0,0
MLI,149012,2021,149,12,2,1,2,1,1,1,1,1,0,0,1,0,0,0,0,4,3,1,0,0,0,0,0,0,2.759999990463257,8.0,8.0,0.0,0.0,5.0,0,1,1,0,0,0
MLI,150001,2021,150,1,2,1,2,1,1,0,1,1,0,0,1,0,0,0,0,4,3,1,0,0,0,0,0,0,1.4997999668121338,5.0,5.0,0.0,0.0,0.0,0,1,1,0,0,0
MLI,150002,2021,150,2,2,1,2,1,0,0,1,1,0,0,1,0,0,0,0,4,3,1,0,0,0,0,0,0,7.101700067520142,8.0,13.0,2.0,0.0,11.0,0,1,1,0,0,0
MLI,150003,2021,150,3,2,2,2,1,1,1,1,1,0,0,1,0,0,1,0,4,3,1,0,0,0,0,0,0,9.29010009765625,4.0,7.0,3.0,0.0,80.0,0,1,1,0,0,0
MLI,150004,2021,150,4,2,1,2,1,1,0,1,1,0,0,1,0,0,0,0,4,3,0,0,0,0,0,0,0,8.360599994659424,7.0,14.0,0.0,0.0,14.0,0,1,1,0,0,0
MLI,150005,2021,150,5,2,1,2,1,0,0,1,1,0,0,1,0,0,0,0,4,3,0,0,0,0,0,0,0,4.079999923706055,2.0,0.0,0.0,0.0,0.0,0,1,0,0,0,0
MLI,150006,2021,150,6,2,1,2,1,1,1,0,0,0,0,1,0,0,0,0,4,3,0,0,0,0,0,0,0,1.2900000363588333,1.0,0.0,0.0,0.0,2.0,0,1,0,0,0,0
MLI,150007,2021,150,7,2,1,2,1,0,0,1,1,0,0,1,0,0,0,0,4,3,0,0,0,0,0,0,0,4.829999923706055,4.0,3.0,0.0,0.0,5.0,0,1,0,0,0,0
MLI,150008,2021,150,8,2,1,2,1,1,1,1,1,0,0,1,0,0,0,0,4,3,0,0,0,0,0,0,0,3.1999999433755875,6.0,12.0,0.0,0.0,0.0,0,1,0,0,0,0
MLI,150009,2021,150,9,2,1,2,1,1,1,1,1,0,0,1,0,0,0,0,4,3,0,0,0,0,0,0,0,9.020000219345093,9.0,15.0,0.0,0.0,18.0,0,1,1,0,0,0
MLI,150010,2021,150,10,2,1,2,1,1,1,1,1,0,0,1,0,0,0,0,4,3,1,0,0,0,0,1,0,11.59999966621399,26.0,65.0,0.0,0.0,80.0,0,1,1,0,0,0
MLI,150011,2021,150,11,2,1,2,1,1,1,1,1,0,0,1,0,0,0,0,4,3,0,0,0,0,0,0,0,7.580000042915344,2.0,6.0,0.0,0.0,7.0,0,1,1,0,0,0
MLI,150012,2021,150,12,2,2,2,1,1,1,1,1,0,0,1,0,0,0,0,4,3,1,0,0,0,0,1,0,,13.0,11.0,0.0,0.0,57.0,0,1,1,0,0,0
MLI,155001,2021,155,1,1,2,1,1,1,1,1,1,1,1,0,1,1,0,0,1,1,1,0,1,0,0,1,0,1.1993035078048706,15.0,10.0,0.0,0.0,0.0,0,1,0,0,0,0
MLI,155002,2021,155,2,1,2,3,1,1,1,1,1,1,1,0,0,0,0,0,1,1,1,0,0,0,0,1,0,,,,,,,1,0,0,0,0,0
MLI,155003,2021,155,3,1,2,3,1,1,1,1,1,0,0,1,0,0,0,1,4,3,1,0,0,0,0,0,0,,0.0,7.0,0.0,0.0,30.0,0,1,1,1,0,0
MLI,155004,2021,155,4,1,2,3,1,1,1,1,1,1,0,1,0,0,0,0,1,2,1,0,0,0,0,1,0,1.9876806735992432,1.0,34.0,0.0,0.0,23.0,0,0,0,0,0,0
MLI,155005,2021,155,5,1,2,1,1,1,1,1,1,1,1,0,1,0,0,0,1,1,1,0,0,0,0,1,0,,,,,,,1,0,0,0,0,0
MLI,155006,2021,155,6,1,2,1,1,1,1,1,1,0,0,1,1,0,0,0,4,3,1,0,0,0,0,1,0,,1.0,0.0,0.0,0.0,0.0,0,1,0,0,0,0
MLI,155007,2021,155,7,1,2,1,1,1,1,1,1,0,0,1,0,1,1,1,4,3,1,0,0,0,0,1,0,,,,,,,0,0,0,0,0,0
MLI,155008,2021,155,8,1,2,1,1,1,1,1,1,1,1,0,1,0,0,0,1,1,1,0,1,0,0,1,0,,,,,,,1,0,0,0,0,0
MLI,155009,2021,155,9,1,2,1,1,1,1,1,1,1,1,0,1,0,0,0,1,1,0,0,0,0,0,0,0,,,,,,,0,0,0,0,0,0
MLI,155010,2021,155,10,1,2,1,1,1,1,1,1,1,1,0,0,0,0,0,1,1,1,0,0,0,0,1,0,,,,,,,1,0,0,0,0,0
MLI,155011,2021,155,11,1,2,4,1,1,1,1,1,0,0,1,0,0,0,0,4,3,1,0,0,0,0,0,0,,,,,,,0,0,0,0,0,0
MLI,155012,2021,155,12,1,2,4,1,1,1,1,1,0,0,1,0,0,0,1,4,3,0,0,0,0,0,0,0,,,,,,,0,1,0,0,0,0
MLI,156001,2021,156,1,1,1,2,1,1,0,0,0,0,0,1,0,0,0,0,4,3,1,0,0,0,0,0,0,10.239999890327454,8.0,20.0,0.0,0.0,20.0,0,1,1,0,0,0
MLI,156002,2021,156,2,1,1,2,1,1,0,0,0,0,0,1,0,0,0,0,4,3,1,0,0,0,0,1,0,10.939999997615814,7.0,8.0,0.0,0.0,4.0,1,1,0,0,0,0
MLI,156003,2021,156,3,1,1,2,1,0,0,0,0,0,0,0,0,0,0,0,4,6,0,0,0,0,0,0,0,6.89000004529953,1.0,7.0,0.0,0.0,0.0,0,1,0,0,0,0
MLI,156004,2021,156,4,1,1,2,1,0,0,0,0,0,0,0,0,0,0,0,4,6,0,0,0,0,0,0,0,6.89000004529953,,,,,,0,1,0,0,0,0
MLI,156005,2021,156,5,1,2,2,1,0,0,0,0,0,0,1,0,0,0,0,4,3,0,0,0,0,0,0,0,9.660000145435333,3.0,2.0,0.0,0.0,12.0,0,1,0,0,0,0
MLI,156006,2021,156,6,1,1,2,1,0,0,0,0,0,0,0,1,0,0,0,4,5,0,0,0,0,0,0,0,2.040000021457672,0.0,3.0,0.0,0.0,2.0,0,1,0,0,0,0
MLI,156007,2021,156,7,1,2,2,1,1,1,1,1,0,0,1,0,0,0,0,4,3,1,0,0,0,0,0,0,12.690000057220459,22.0,21.0,0.0,0.0,30.0,0,1,0,0,0,0
MLI,156008,2021,156,8,1,1,2,1,1,1,1,1,0,0,1,1,0,0,0,4,3,0,0,0,0,0,0,0,12.59000015258789,22.0,20.0,0.0,0.0,30.0,0,1,0,0,0,0
MLI,156009,2021,156,9,1,1,2,0,1,0,0,0,0,0,1,0,0,0,0,4,3,0,0,0,0,0,0,0,10.000000208616257,2.0,16.0,0.0,0.0,40.0,1,0,0,0,0,0
MLI,156010,2021,156,10,1,1,2,0,0,0,1,1,0,0,1,0,0,0,0,4,3,0,0,0,0,0,0,0,15.869999587535858,5.0,5.0,0.0,0.0,7.0,1,1,0,0,0,0
MLI,156011,2021,156,11,1,1,2,0,1,0,1,1,0,0,1,0,0,0,0,4,3,0,0,1,0,0,0,0,9.609999895095825,17.0,20.0,0.0,0.0,30.0,1,1,1,0,0,0
MLI,156012,2021,156,12,1,1,2,0,1,0,1,1,0,0,1,0,0,0,0,4,3,0,0,0,0,0,0,0,2.25,2.0,0.0,0.0,0.0,0.0,0,1,0,0,0,0
MLI,157001,2021,157,1,1,1,1,1,0,0,0,0,0,0,1,0,0,0,0,4,3,0,0,0,0,0,0,0,14.500000298023224,7.0,26.0,0.0,0.0,71.0,0,1,0,0,0,0
MLI,157002,2021,157,2,1,1,1,1,0,0,0,0,0,0,1,1,0,0,0,4,3,1,0,0,0,0,0,0,15.490000247955322,3.0,10.0,0.0,0.0,46.0,0,1,0,0,0,0
MLI,157003,2021,157,3,1,1,2,1,1,0,0,0,0,0,1,1,0,0,0,4,3,1,0,0,0,0,0,0,24.540000408887863,21.0,15.0,0.0,0.0,40.0,0,1,1,0,0,0
MLI,157004,2021,157,4,1,1,2,1,0,0,0,0,0,0,1,1,0,0,0,4,3,0,0,0,0,0,0,0,14.139999989420176,12.0,15.0,0.0,0.0,40.0,0,1,1,0,0,0
MLI,157005,2021,157,5,1,1,2,1,0,0,0,0,0,0,1,0,0,0,0,4,3,1,0,0,0,0,0,0,26.83935236930847,24.0,70.0,0.0,0.0,110.0,0,1,0,0,0,0
MLI,157006,2021,157,6,1,1,2,1,0,0,0,0,0,0,1,1,0,0,0,4,3,0,0,0,0,0,0,0,7.39000004529953,8.0,18.0,0.0,0.0,32.0,0,1,1,1,1,0
MLI,157007,2021,157,7,1,1,2,1,0,0,0,0,0,0,1,0,0,0,0,4,3,0,0,0,0,0,0,0,18.080000042915344,5.0,20.0,0.0,0.0,11.0,0,1,1,0,0,0
MLI,157008,2021,157,8,1,1,2,1,0,0,0,0,0,0,1,0,0,0,0,4,3,0,0,0,0,0,0,0,8.59000015258789,4.0,13.0,0.0,0.0,23.0,0,1,0,0,0,0
MLI,157009,2021,157,9,1,1,2,1,1,0,1,1,0,0,1,0,0,0,0,4,3,0,0,0,0,0,0,0,24.490000002086163,11.0,13.0,0.0,0.0,48.0,0,1,1,0,0,0
MLI,157010,2021,157,10,1,1,2,1,1,0,0,0,0,0,1,0,0,0,0,4,3,0,0,0,0,0,0,0,4.769999921321869,4.0,17.0,0.0,0.0,6.0,1,1,0,1,0,0
MLI,157011,2021,157,11,1,1,2,1,1,0,0,0,0,0,1,0,0,0,0,4,3,0,0,0,0,0,0,0,3.3299999237060547,0.0,2.0,0.0,0.0,0.0,1,1,0,0,0,0
MLI,157012,2021,157,12,1,1,2,1,0,0,1,1,0,0,1,0,0,0,0,4,3,0,0,0,0,0,0,0,11.329999923706055,4.0,20.0,0.0,0.0,20.0,1,1,0,0,0,0
MLI,158001,2021,158,1,1,1,2,1,1,0,0,0,0,0,1,0,0,1,0,4,3,0,0,0,0,0,0,0,2.1399999856948853,6.0,15.0,0.0,0.0,5.0,0,0,0,0,0,0
MLI,158002,2021,158,2,1,2,2,1,1,1,0,0,0,0,1,0,0,0,0,4,3,0,0,0,0,0,0,0,8.18999981880188,2.0,10.0,0.0,0.0,6.0,0,1,1,0,0,0
MLI,158003,2021,158,3,1,2,2,1,0,0,1,1,0,0,1,0,0,0,0,4,3,0,0,0,0,0,0,0,5.559999763965607,2.0,6.0,0.0,0.0,10.0,1,0,1,0,0,0
MLI,158004,2021,158,4,1,2,2,1,0,0,0,0,0,0,1,0,0,0,0,4,3,0,0,0,0,0,0,0,2.590000033378601,1.0,9.0,0.0,0.0,0.0,1,1,0,0,0,0
MLI,158005,2021,158,5,1,2,1,1,1,1,1,1,0,0,1,0,0,0,0,4,3,1,0,0,0,0,1,0,5.620000004768372,0.0,58.0,0.0,0.0,150.0,0,0,0,1,0,0
MLI,158006,2021,158,6,1,2,2,1,0,0,0,1,0,0,1,0,0,0,0,4,3,0,0,0,0,0,0,0,4.309999853372574,0.0,9.0,0.0,0.0,33.0,0,0,0,0,0,0
MLI,158007,2021,158,7,1,2,4,1,1,1,0,1,0,0,1,0,0,0,0,4,3,0,0,0,0,0,0,0,,0.0,5.0,0.0,0.0,0.0,0,0,0,0,0,0
MLI,158008,2021,158,8,1,1,2,1,1,0,0,0,0,0,1,0,0,1,0,4,3,0,0,0,0,0,0,0,5.64999994635582,4.0,10.0,0.0,0.0,0.0,0,0,0,0,0,0
MLI,158009,2021,158,9,1,2,2,1,1,1,1,1,0,0,1,1,0,0,0,4,3,0,0,0,0,0,0,0,8.520000100135803,0.0,17.0,0.0,0.0,40.0,0,0,0,0,0,0
MLI,158010,2021,158,10,1,1,2,1,1,0,1,1,0,0,1,0,0,1,0,4,3,0,0,0,0,0,0,0,8.79999989271164,3.0,10.0,0.0,0.0,10.0,0,1,0,0,0,0
MLI,158011,2021,158,11,1,1,2,1,1,0,0,0,0,0,1,0,0,1,0,4,3,0,0,0,0,0,0,0,5.919999957084656,3.0,15.0,0.0,0.0,0.0,0,0,0,0,0,0
MLI,158012,2021,158,12,1,1,2,1,1,1,1,1,0,0,1,0,0,0,0,4,3,0,0,0,0,0,0,0,5.130000114440918,2.0,9.0,0.0,0.0,0.0,0,1,1,0,0,0
MLI,161001,2021,161,1,2,1,2,1,1,1,1,1,0,0,1,0,0,1,0,4,3,1,0,0,0,0,1,0,5.390000104904175,9.0,19.0,0.0,0.0,12.0,0,1,1,0,0,0
MLI,161002,2021,161,2,2,1,2,1,1,1,0,0,0,0,1,0,0,0,0,4,3,0,0,0,0,0,0,0,6.960357069969177,3.0,5.0,0.0,0.0,67.0,0,1,0,0,0,0
MLI,161003,2021,161,3,2,1,2,1,1,1,0,0,0,0,1,0,0,0,0,4,3,0,0,0,0,0,0,0,4.130000114440918,3.0,6.0,0.0,0.0,0.0,0,1,0,0,0,0
MLI,161004,2021,161,4,2,1,2,1,1,1,1,1,0,0,1,0,0,1,0,4,3,0,0,0,0,0,0,0,5.769999980926514,9.0,12.0,0.0,0.0,30.0,0,1,1,0,0,0
MLI,161005,2021,161,5,2,1,2,1,1,1,0,0,0,0,1,0,0,0,0,4,3,0,0,0,0,0,0,0,6.369999885559082,1.0,4.0,0.0,0.0,0.0,0,1,0,0,0,0
MLI,161006,2021,161,6,2,1,2,1,1,0,1,1,0,0,1,0,0,0,0,4,3,0,0,0,0,0,0,0,3.3700000047683716,0.0,15.0,0.0,0.0,0.0,0,1,1,0,0,0
MLI,161007,2021,161,7,2,1,2,1,1,1,0,0,0,0,1,0,0,1,0,4,3,0,0,0,0,0,0,0,3.2100000381469727,5.0,11.0,0.0,0.0,0.0,0,1,1,0,0,0
MLI,161008,2021,161,8,2,1,2,1,1,1,0,0,0,0,1,0,0,1,0,4,3,0,0,0,0,0,0,0,4.487199902534485,17.0,12.0,0.0,0.0,15.0,0,1,1,1,0,0
MLI,161009,2021,161,9,2,1,2,1,1,0,0,0,0,0,1,0,0,0,0,4,3,0,0,0,0,0,0,0,2.682553768157959,2.0,2.0,0.0,0.0,0.0,0,0,0,0,0,0
MLI,161010,2021,161,10,2,1,2,1,1,1,0,0,0,0,1,0,0,1,0,4,3,1,0,0,0,0,1,0,2.9845000505447388,6.0,5.0,0.0,0.0,17.0,0,1,1,0,0,0
MLI,161011,2021,161,11,2,1,2,1,1,1,0,0,0,0,1,0,0,0,0,4,3,1,0,0,0,0,1,0,,4.0,9.0,0.0,0.0,0.0,0,1,1,1,0,0
MLI,161012,2021,161,12,2,1,2,1,1,1,0,0,0,0,1,0,0,1,0,4,3,1,0,0,0,0,0,0,4.942299842834473,14.0,8.0,0.0,0.0,7.0,0,1,0,1,0,0
MLI,162001,2021,162,1,2,1,2,1,1,1,0,0,0,0,1,0,0,0,0,4,3,1,0,0,0,0,0,0,4.290000021457672,4.0,1.0,0.0,0.0,4.0,0,1,1,1,0,0
MLI,162002,2021,162,2,2,1,2,1,1,0,0,0,0,0,1,0,0,0,0,4,3,0,0,0,0,0,0,0,9.181600093841553,6.0,26.0,0.0,0.0,30.0,0,1,0,0,0,0
MLI,162003,2021,162,3,2,1,2,1,0,0,0,0,0,0,1,0,0,0,0,4,3,1,0,0,0,0,0,0,5.555299997329712,9.0,14.0,0.0,0.0,0.0,0,1,0,0,0,0
MLI,162004,2021,162,4,2,1,2,1,1,1,0,0,0,0,1,0,0,0,0,4,3,0,0,0,0,0,0,0,10.620000004768372,9.0,25.0,0.0,0.0,28.0,0,1,1,0,0,0
MLI,162005,2021,162,5,2,1,2,1,0,0,0,0,0,0,1,0,0,0,0,4,3,0,0,0,0,0,0,0,11.029999852180481,8.0,18.0,0.0,0.0,15.0,0,1,1,0,0,0
MLI,162006,2021,162,6,2,1,2,1,0,0,0,0,0,0,1,0,0,0,0,4,3,0,0,0,0,0,0,0,4.779999911785126,4.0,4.0,0.0,0.0,8.0,0,1,1,0,0,0
MLI,162007,2021,162,7,2,1,2,1,1,1,1,1,0,0,1,0,0,0,0,4,3,0,0,0,0,0,0,0,4.899999976158142,3.0,5.0,0.0,0.0,0.0,0,1,1,0,0,0
MLI,162008,2021,162,8,2,1,2,1,1,0,0,0,0,0,0,0,0,0,0,4,6,0,0,0,0,0,0,0,4.289700090885162,4.0,10.0,0.0,0.0,0.0,0,1,1,1,0,0
MLI,162009,2021,162,9,2,1,2,1,1,1,0,0,0,0,1,0,0,0,0,4,3,0,0,0,0,0,0,0,8.930000066757202,4.0,2.0,0.0,0.0,10.0,0,1,1,0,0,0
MLI,162010,2021,162,10,2,1,2,1,1,1,0,0,0,0,1,0,0,0,0,4,3,0,0,0,0,0,0,0,3.563499890267849,8.0,28.0,0.0,0.0,23.0,1,1,0,0,0,0
MLI,162011,2021,162,11,2,1,2,1,1,1,0,0,0,0,1,0,0,0,0,4,3,0,0,0,0,0,0,0,8.389999866485596,4.0,15.0,0.0,0.0,40.0,0,1,0,0,0,0
MLI,162012,2021,162,12,2,1,2,1,0,0,0,0,0,0,1,0,0,0,0,4,3,0,0,0,0,0,0,0,12.170000076293945,7.0,10.0,0.0,0.0,15.0,1,1,1,0,0,0
MLI,164001,2021,164,1,2,1,1,1,1,1,1,1,1,1,0,1,0,1,0,1,1,1,0,0,0,0,1,1,,,,,,,0,1,1,0,0,0
MLI,164002,2021,164,2,2,1,3,1,1,1,1,1,1,1,0,0,0,1,0,1,1,1,0,0,0,0,1,0,,,,,,,0,1,1,0,0,0
MLI,164003,2021,164,3,2,1,1,1,1,1,1,1,1,1,0,0,0,1,0,1,1,1,0,0,0,0,1,0,,,,,,,0,0,1,0,0,0
MLI,164004,2021,164,4,2,2,1,1,1,1,1,1,1,1,0,0,0,1,0,1,1,1,0,0,0,0,1,0,,,,,,,1,0,1,0,0,0
MLI,164005,2021,164,5,2,1,1,1,1,1,1,1,1,1,0,0,0,1,0,1,1,1,0,1,0,0,1,0,,,,,,,0,0,0,0,0,0
MLI,164006,2021,164,6,2,1,1,1,1,1,1,1,0,0,1,0,0,1,0,4,3,0,0,1,0,0,0,0,,5.0,0.0,0.0,0.0,0.0,0,0,0,0,0,0
MLI,164007,2021,164,7,2,1,3,1,1,1,1,1,1,1,0,0,0,1,0,1,1,1,0,0,0,0,1,0,,,,,,,0,0,1,0,0,0
MLI,164008,2021,164,8,2,2,2,1,0,1,1,1,0,0,1,0,0,0,0,4,3,1,0,0,0,0,0,0,1.8560999631881714,2.0,2.0,0.0,0.0,0.0,0,1,0,0,0,0
MLI,164009,2021,164,9,2,1,1,1,1,1,1,1,1,1,0,0,0,1,0,1,1,1,0,0,0,0,0,0,,,,,,,0,0,1,1,0,0
MLI,164010,2021,164,10,2,1,1,1,1,1,1,1,0,0,0,0,0,1,0,4,6,0,0,0,0,0,0,0,,,,,,,1,0,0,0,0,0
MLI,164011,2021,164,11,2,1,1,1,1,1,1,1,0,0,1,0,0,0,0,4,3,0,0,0,0,0,0,0,,,,,,,0,0,1,0,0,0
MLI,164012,2021,164,12,2,2,3,1,1,1,1,1,0,0,1,0,0,1,0,4,3,1,0,0,0,0,1,0,,,,,,,0,0,0,0,0,0
MLI,168001,2021,168,1,2,1,2,1,0,1,0,0,0,0,1,0,0,1,0,4,3,0,0,0,0,0,0,0,36.19999980926514,15.0,20.0,0.0,0.0,25.0,0,1,1,0,0,0
MLI,168002,2021,168,2,2,1,2,1,0,0,1,1,0,0,1,0,0,0,0,4,3,0,0,0,0,0,0,0,8.920000076293945,6.0,21.0,0.0,0.0,9.0,0,1,1,0,0,0
MLI,168003,2021,168,3,2,1,2,1,0,0,0,0,0,0,1,0,0,0,0,4,3,1,0,0,0,0,0,0,27.32800054550171,13.0,24.0,0.0,0.0,27.0,0,1,1,0,0,0
MLI,168004,2021,168,4,2,1,2,1,1,0,1,1,0,0,1,0,0,1,0,4,3,0,0,0,0,0,0,0,31.710000038146973,1.0,11.0,0.0,0.0,15.0,0,1,1,0,0,0
MLI,168005,2021,168,5,2,1,2,1,0,0,1,1,0,0,1,0,0,1,0,4,3,1,0,0,0,0,1,0,6.75,9.0,20.0,0.0,0.0,10.0,0,1,1,0,0,0
MLI,168006,2021,168,6,2,1,2,1,0,0,0,0,0,0,1,0,0,0,0,4,3,1,0,0,0,0,0,0,15.130800247192383,17.0,26.0,0.0,0.0,19.0,0,1,0,1,0,0
MLI,168007,2021,168,7,2,1,2,1,0,0,0,0,0,0,1,0,0,0,0,4,3,1,0,0,0,0,0,0,21.547999382019043,21.0,25.0,0.0,0.0,46.0,0,1,0,1,0,0
MLI,168008,2021,168,8,2,1,2,1,0,0,0,0,0,0,1,0,0,0,0,4,3,0,0,0,0,0,0,0,9.285599708557129,12.0,13.0,0.0,0.0,25.0,0,1,0,0,0,0
MLI,168009,2021,168,9,2,1,2,1,1,0,1,1,0,0,0,0,0,0,0,4,5,0,0,0,0,0,0,0,18.07723903656006,8.0,8.0,0.0,0.0,0.0,0,1,0,0,0,0
MLI,168010,2021,168,10,2,1,2,1,0,0,0,0,0,0,1,0,0,0,0,4,3,0,0,0,0,0,0,0,16.53000044822693,2.0,3.0,0.0,0.0,0.0,0,1,0,0,0,0
MLI,168011,2021,168,11,2,1,2,1,1,1,0,0,0,0,1,0,0,0,0,4,3,0,0,0,0,0,0,0,3.0299999713897705,5.0,3.0,0.0,0.0,0.0,0,1,0,0,0,0
MLI,168012,2021,168,12,2,1,2,1,1,1,0,0,0,0,1,0,0,0,0,4,3,0,0,0,0,0,0,0,3.3499999046325684,0.0,6.0,0.0,0.0,0.0,0,1,0,0,0,0
MLI,173001,2021,173,1,1,2,4,1,1,1,0,0,0,0,0,0,0,0,0,4,5,0,0,0,0,0,0,0,,,,,,,1,0,0,0,0,0
MLI,173002,2021,173,2,1,2,4,1,1,1,0,0,0,0,1,0,0,0,0,4,3,1,0,0,0,0,0,0,0.9674714207649231,2.0,8.0,0.0,0.0,0.0,0,0,0,0,0,0
MLI,173003,2021,173,3,1,2,1,1,1,1,1,1,1,0,1,1,0,0,0,1,2,1,0,0,0,0,0,0,1.876372218132019,,,,,,0,0,0,0,0,0
MLI,173004,2021,173,4,1,2,1,1,1,1,1,1,1,1,0,0,0,0,0,1,1,1,0,0,0,0,0,0,4.883944272994995,4.0,12.0,0.0,0.0,10.0,0,1,0,0,0,0
MLI,173005,2021,173,5,1,2,1,1,1,1,1,1,0,0,1,0,0,0,0,4,3,1,0,0,0,0,0,0,,0.0,9.0,0.0,0.0,6.0,0,1,0,0,0,0
MLI,173006,2021,173,6,1,2,3,1,1,1,1,1,0,0,1,0,0,0,0,4,3,1,0,0,0,0,0,0,2.779617667198181,2.0,0.0,0.0,0.0,14.0,0,1,0,0,0,0
MLI,173007,2021,173,7,1,2,1,1,1,1,1,1,0,0,1,0,0,0,0,4,3,0,0,0,0,0,0,0,2.5202324390411377,0.0,12.0,0.0,0.0,7.0,0,1,1,0,0,0
MLI,173008,2021,173,8,1,2,1,1,1,1,1,1,0,0,1,0,0,0,0,4,3,1,0,0,0,0,0,0,2.2770907878875732,3.0,10.0,0.0,0.0,66.0,0,1,0,0,0,0
MLI,173009,2021,173,9,1,2,4,1,1,1,1,1,0,0,1,0,0,0,0,4,3,0,0,0,0,0,0,0,,,,,,,0,0,0,0,0,0
MLI,173010,2021,173,10,1,2,1,0,1,1,1,1,0,0,1,1,0,0,0,4,3,1,0,0,0,0,0,0,3.8513301610946655,,,,,,1,1,0,0,0,0
MLI,173011,2021,173,11,1,2,1,1,1,1,1,1,0,0,1,0,0,0,0,4,3,1,0,0,0,0,1,0,2.6305556297302246,1.0,20.0,0.0,0.0,10.0,1,1,0,0,0,0
MLI,173012,2021,173,12,1,2,1,0,1,1,1,1,0,0,1,1,0,0,0,4,3,0,0,0,0,0,0,0,2.11089825630188,2.0,3.0,0.0,0.0,20.0,0,1,0,0,0,0
MLI,179001,2021,179,1,2,1,1,1,1,0,0,1,0,0,1,1,0,0,0,4,3,1,0,0,0,0,0,0,3.4932056665420532,2.0,4.0,0.0,0.0,11.0,0,1,0,0,0,0
MLI,179002,2021,179,2,2,1,1,1,1,0,1,1,0,0,1,0,0,0,0,4,3,0,0,0,0,0,0,0,,,,,,,0,0,0,1,0,0
MLI,179003,2021,179,3,2,1,1,1,1,0,1,1,0,0,1,0,0,0,0,4,3,1,0,0,0,0,0,0,,,,,,,1,0,0,1,0,0
MLI,179004,2021,179,4,2,2,1,1,0,0,1,1,0,0,1,0,0,0,0,4,3,1,0,0,0,0,1,0,4.200000047683716,2.0,13.0,0.0,0.0,14.0,0,0,0,0,0,0
MLI,179005,2021,179,5,2,2,3,1,1,0,1,1,0,0,1,0,0,0,0,4,3,1,0,0,0,0,0,0,,0.0,0.0,0.0,0.0,7.0,0,0,0,0,0,0
MLI,179006,2021,179,6,2,1,1,1,1,1,1,1,1,1,0,0,1,1,0,1,1,1,0,0,0,0,1,1,,0.0,4.0,0.0,0.0,0.0,0,0,0,0,0,0
MLI,179007,2021,179,7,2,1,1,1,1,1,1,1,1,1,0,0,0,0,0,1,1,1,0,0,0,0,1,0,,,,,,,0,0,0,0,0,0
MLI,179008,2021,179,8,2,1,4,1,1,1,1,1,1,1,0,0,1,1,0,1,1,1,0,0,0,0,1,0,,,,,,,0,0,0,0,0,0
MLI,179009,2021,179,9,2,1,1,1,1,1,1,1,0,0,1,0,0,0,0,4,3,1,0,0,0,0,0,0,3.3399999141693115,,,,,,1,1,1,0,0,0
MLI,179010,2021,179,10,2,1,1,1,1,1,1,1,0,0,0,0,0,0,0,4,5,0,0,0,0,0,0,0,,,,,,,0,0,1,0,0,0
MLI,179011,2021,179,11,2,1,1,1,1,1,1,1,0,0,1,0,0,0,0,4,3,1,0,0,0,0,0,0,2.3000000715255737,0.0,19.0,0.0,0.0,0.0,0,1,1,0,0,0
MLI,179012,2021,179,12,2,1,1,1,1,1,1,1,0,0,1,0,0,0,0,4,3,1,0,0,0,0,0,1,4.379999995231628,2.0,23.0,0.0,0.0,0.0,0,1,1,0,0,0
MLI,181001,2021,181,1,1,1,2,1,0,0,1,1,0,0,1,0,0,0,0,4,3,1,0,0,0,0,0,0,5.410000056028366,,,,,,0,0,0,0,0,0
MLI,181002,2021,181,2,1,2,2,1,1,0,1,1,0,0,1,0,0,0,0,4,3,0,0,0,0,0,0,0,7.679999887943268,10.0,20.0,0.0,0.0,0.0,0,0,0,0,0,0
MLI,181003,2021,181,3,1,1,2,1,0,0,0,0,0,0,1,0,0,0,0,4,3,1,0,0,0,0,0,0,4.070000052452087,6.0,12.0,0.0,0.0,18.0,0,0,0,0,0,0
MLI,181004,2021,181,4,1,1,2,1,1,0,1,1,0,0,0,0,0,0,0,4,5,0,0,0,0,0,0,0,9.770000085234642,0.0,16.0,0.0,0.0,10.0,0,0,0,0,0,0
MLI,181005,2021,181,5,1,1,2,1,1,0,1,1,0,0,1,0,0,0,0,4,3,1,0,0,0,0,1,0,8.02999997138977,16.0,13.0,0.0,0.0,0.0,0,0,0,1,0,0
MLI,181006,2021,181,6,1,1,2,1,1,0,1,1,0,0,1,0,0,1,0,4,3,0,0,0,0,0,0,0,15.549999833106995,,,,,,0,0,0,0,0,1
MLI,181007,2021,181,7,1,1,2,1,1,0,0,0,0,0,1,0,0,0,0,4,3,0,0,0,0,0,0,0,14.679999828338623,4.0,18.0,0.0,0.0,60.0,1,0,0,0,0,0
MLI,181008,2021,181,8,1,1,2,1,1,0,1,1,0,0,0,0,0,0,0,4,5,0,0,0,0,0,0,0,4.860000133514404,0.0,6.0,0.0,0.0,0.0,1,1,0,0,0,0
MLI,181009,2021,181,9,1,2,2,1,1,0,1,1,0,0,1,0,0,0,0,4,3,1,0,0,0,0,0,0,9.629999995231628,,,,,,0,1,0,0,0,0
MLI,181010,2021,181,10,1,1,1,1,1,0,1,1,0,0,1,0,0,0,0,4,3,0,0,0,0,0,0,0,3.89000004529953,2.0,3.0,0.0,0.0,0.0,0,0,0,0,0,0
MLI,181011,2021,181,11,1,1,2,1,1,0,1,1,0,0,1,0,0,0,0,4,3,0,0,0,0,0,0,0,10.396900951862335,10.0,25.0,0.0,0.0,0.0,0,0,0,0,0,0
MLI,181012,2021,181,12,1,1,2,1,1,0,1,1,0,0,1,0,0,0,0,4,3,0,0,0,0,0,0,0,9.81000018119812,2.0,0.0,0.0,0.0,0.0,0,0,0,0,0,0
MLI,185001,2021,185,1,2,1,3,1,1,1,1,1,1,1,0,1,1,1,0,1,1,1,0,1,0,0,0,1,,0.0,0.0,0.0,0.0,80.0,0,0,0,0,0,0
MLI,185002,2021,185,2,2,1,1,1,1,0,0,0,0,0,1,1,0,0,0,4,3,1,0,0,0,0,0,0,3.2600000500679016,0.0,0.0,0.0,0.0,26.0,0,1,0,0,0,0
MLI,185003,2021,185,3,2,1,1,1,1,0,1,1,1,1,0,1,1,1,0,1,1,1,0,0,0,1,0,0,,0.0,0.0,0.0,0.0,52.0,0,0,0,0,0,0
MLI,185004,2021,185,4,2,2,1,1,1,0,1,1,1,1,0,1,1,1,0,1,1,1,0,1,0,1,0,0,4.040000036358833,2.0,5.0,0.0,0.0,185.0,0,0,0,1,0,0
MLI,185005,2021,185,5,2,1,1,1,1,0,1,1,1,1,0,1,0,0,0,1,1,1,0,1,0,0,1,0,5.400000095367432,1.0,2.0,0.0,0.0,8.0,1,0,0,0,0,0
MLI,185006,2021,185,6,2,1,1,1,1,1,1,1,1,1,0,1,0,0,0,1,1,1,0,0,0,0,0,0,3.990000009536743,2.0,7.0,0.0,0.0,15.0,0,0,0,1,0,0
MLI,185007,2021,185,7,2,1,4,1,1,0,0,0,0,0,0,0,0,0,0,4,5,0,0,0,0,0,0,0,,0.0,0.0,0.0,0.0,15.0,0,0,0,0,0,0
MLI,185008,2021,185,8,2,1,3,1,1,1,1,1,1,1,0,0,0,0,0,1,1,1,0,0,0,0,0,0,,,,,,,0,0,0,0,0,0
MLI,185009,2021,185,9,2,1,2,1,1,1,1,1,1,1,0,1,0,0,0,1,1,1,0,1,0,0,0,0,,0.0,0.0,3.0,0.0,0.0,1,1,1,0,0,0
MLI,185010,2021,185,10,2,1,3,1,1,1,1,0,1,1,0,0,0,1,0,1,1,0,0,0,0,0,0,0,,,,,,,0,1,1,0,0,0
MLI,185011,2021,185,11,2,1,1,1,1,1,1,1,1,1,0,1,0,0,0,1,1,1,0,1,0,0,1,0,,0.0,7.0,0.0,0.0,0.0,0,0,1,0,0,0
MLI,185012,2021,185,12,2,1,1,1,1,1,1,1,1,1,0,1,0,0,0,1,1,1,0,0,0,0,1,0,,,,,,,0,1,0,0,0,0
MLI,188001,2021,188,1,2,1,2,1,1,1,1,1,0,0,1,0,0,0,0,4,3,0,0,0,0,0,0,0,1.600000023841858,0.0,10.0,0.0,0.0,0.0,1,0,0,0,0,0
MLI,188002,2021,188,2,2,1,2,1,1,0,1,1,0,0,0,0,0,0,0,4,5,0,0,0,0,0,0,0,7.049999952316284,0.0,2.0,0.0,0.0,0.0,1,1,1,0,0,0
MLI,188003,2021,188,3,2,1,2,1,1,0,1,1,0,0,1,0,0,0,0,4,3,0,0,0,0,0,0,0,7.140000134706497,3.0,8.0,0.0,0.0,18.0,1,1,0,0,1,0
MLI,188004,2021,188,4,2,1,2,1,1,0,1,1,0,0,1,0,0,0,0,4,3,0,0,0,0,0,0,0,12.508199721574783,22.0,19.0,0.0,0.0,52.0,1,1,0,0,0,0
MLI,188005,2021,188,5,2,1,2,1,1,0,1,1,0,0,1,0,0,0,0,4,3,0,0,0,0,0,0,0,12.25,6.0,6.0,0.0,0.0,0.0,0,1,1,0,0,0
MLI,188006,2021,188,6,2,1,2,1,1,0,1,1,0,0,1,1,0,0,0,4,3,0,0,0,0,0,0,0,9.799200057983398,7.0,5.0,0.0,0.0,12.0,0,1,0,0,0,0
MLI,188007,2021,188,7,2,1,1,1,1,0,1,1,0,0,1,0,0,0,0,4,3,0,0,0,0,0,0,0,7.550000071525574,0.0,3.0,0.0,0.0,7.0,0,0,0,0,0,0
MLI,188008,2021,188,8,2,1,2,1,1,1,0,0,0,0,0,1,0,0,0,4,7,0,0,0,0,0,0,0,9.567299902439117,3.0,2.0,0.0,0.0,0.0,1,1,0,0,0,0
MLI,188009,2021,188,9,2,1,2,1,1,0,1,1,0,0,1,0,0,0,0,4,3,1,0,0,0,0,1,0,14.93000042438507,0.0,13.0,0.0,0.0,16.0,0,1,0,0,0,0
MLI,188010,2021,188,10,2,1,2,1,1,1,1,1,0,0,1,0,0,0,0,4,3,0,0,0,0,0,0,0,21.889999449253082,38.0,43.0,0.0,0.0,11.0,1,0,0,0,0,0
MLI,188011,2021,188,11,2,1,2,1,1,0,1,1,0,0,1,0,0,0,0,4,3,1,0,0,0,0,1,0,12.119999885559082,0.0,8.0,0.0,0.0,14.0,0,0,0,0,0,0
MLI,188012,2021,188,12,2,1,2,1,1,0,1,1,0,0,1,1,0,0,0,4,3,0,0,0,0,0,0,0,4.210000038146973,18.0,16.0,0.0,0.0,0.0,0,0,0,0,0,0
MLI,189001,2021,189,1,2,1,2,1,1,0,0,1,0,0,1,0,0,0,0,4,3,1,0,0,0,0,0,0,12.839999675750732,11.0,37.0,0.0,0.0,45.0,0,1,1,0,0,0
MLI,189002,2021,189,2,2,1,2,1,1,0,0,0,0,0,1,0,0,0,0,4,3,1,0,0,0,0,0,0,6.110000014305115,7.0,6.0,0.0,0.0,0.0,1,1,1,0,0,0
MLI,189003,2021,189,3,2,1,2,1,0,0,1,1,0,0,1,1,0,0,0,4,3,0,0,0,0,0,0,0,5.080000042915344,8.0,12.0,0.0,0.0,12.0,0,0,0,0,0,0
MLI,189004,2021,189,4,2,1,2,1,1,0,0,0,0,0,1,0,0,0,0,4,3,1,0,0,0,0,0,0,18.240000128746033,8.0,7.0,0.0,0.0,14.0,0,0,0,0,0,0
MLI,189005,2021,189,5,2,1,2,1,1,0,0,0,0,0,1,0,0,0,0,4,3,0,0,0,0,0,0,0,9.339999824762344,26.0,67.0,0.0,0.0,0.0,1,1,1,0,0,0
MLI,189006,2021,189,6,2,1,2,1,1,0,1,0,0,0,1,0,0,0,0,4,3,0,0,0,0,0,0,0,12.320000171661377,0.0,0.0,0.0,0.0,25.0,0,1,1,0,0,0
MLI,189007,2021,189,7,2,1,2,1,1,0,0,1,0,0,1,1,0,0,0,4,3,1,0,0,0,0,0,0,18.439999997615814,18.0,21.0,0.0,0.0,35.0,0,0,0,0,0,0
MLI,189008,2021,189,8,2,1,2,1,1,0,0,0,0,0,1,0,0,0,0,4,3,0,0,0,0,0,0,0,3.9166998863220215,5.0,13.0,0.0,0.0,0.0,0,0,0,0,0,0
MLI,189009,2021,189,9,2,1,2,1,1,0,1,1,0,0,0,0,0,0,0,4,5,0,0,0,0,0,0,0,3.6900000274181366,0.0,4.0,0.0,0.0,0.0,1,0,0,0,0,0
MLI,189010,2021,189,10,2,1,2,1,1,0,0,0,0,0,1,0,0,0,0,4,3,0,0,0,0,0,0,0,11.908799648284912,10.0,6.0,0.0,0.0,0.0,0,1,0,0,0,0
MLI,189011,2021,189,11,2,1,2,1,1,0,0,0,0,0,1,0,0,0,0,4,3,1,0,0,0,0,0,0,8.188199996948242,8.0,10.0,0.0,0.0,4.0,0,1,0,0,0,0
MLI,189012,2021,189,12,2,1,2,1,1,0,1,1,0,0,1,1,0,0,0,4,3,1,0,0,0,0,1,0,12.163421630859375,2.0,6.0,0.0,0.0,16.0,1,0,0,0,0,0
MLI,194001,2021,194,1,1,1,1,1,1,0,1,1,1,1,0,1,1,0,0,1,1,1,0,1,0,0,1,0,4.358492776751518,,,,,,0,0,0,0,0,0
MLI,194002,2021,194,2,1,1,2,1,1,0,1,1,1,1,0,1,0,0,0,1,1,1,0,0,0,0,1,1,0.9099999964237213,3.0,7.0,0.0,0.0,0.0,0,0,0,0,0,0
MLI,194003,2021,194,3,1,1,1,1,1,0,1,1,0,1,0,0,0,0,0,2,1,1,0,0,0,0,0,0,,,,,,,0,0,0,0,0,0
MLI,194004,2021,194,4,1,1,1,1,1,0,1,1,1,1,0,1,0,0,0,1,1,1,0,0,0,1,1,0,,,,,,,0,0,0,0,0,0
MLI,194005,2021,194,5,1,1,2,1,1,1,0,0,0,1,0,0,0,0,0,3,1,1,0,1,0,0,0,0,,,,,,,1,0,0,0,0,0
MLI,194006,2021,194,6,1,1,4,1,1,0,0,0,0,0,1,0,0,0,0,4,3,0,0,0,0,0,0,0,,,,,,,1,0,0,0,0,0
MLI,194007,2021,194,7,1,1,1,1,1,0,1,1,0,1,0,1,0,0,0,2,1,0,0,0,0,0,0,0,1.4000000357627869,0.0,7.0,0.0,0.0,0.0,1,0,0,0,0,0
MLI,194008,2021,194,8,1,1,1,1,1,1,0,0,1,1,0,0,0,1,0,1,1,1,0,0,0,0,1,1,5.299999929964542,,,,,,0,0,0,0,0,0
MLI,194009,2021,194,9,1,2,3,1,1,1,1,1,1,1,0,0,0,0,1,1,1,0,0,0,0,0,0,0,,,,,,,0,0,0,0,0,0
MLI,194010,2021,194,10,1,1,1,1,1,0,1,1,1,1,0,1,0,0,0,1,1,0,0,0,0,0,0,0,,,,,,,1,0,0,0,0,0
MLI,194011,2021,194,11,1,1,1,1,1,0,1,1,1,1,0,1,0,0,0,1,1,0,0,0,0,0,0,0,,,,,,,1,0,0,0,0,0
MLI,194012,2021,194,12,1,1,1,1,1,0,1,1,1,1,0,1,0,0,0,1,1,1,0,0,0,0,0,0,,0.0,0.0,0.0,0.0,15.0,0,0,0,0,0,0
MLI,195001,2021,195,1,1,1,2,1,1,0,1,1,0,0,1,0,0,0,0,4,3,1,0,0,0,0,0,0,1.9800000190734863,,,,,,1,0,0,0,0,0
MLI,195002,2021,195,2,1,1,2,1,1,0,1,1,0,0,1,1,0,0,0,4,3,1,0,0,0,0,1,0,3.8225839138031006,8.0,5.0,0.0,0.0,0.0,0,0,0,0,0,0
MLI,195003,2021,195,3,1,1,2,1,1,0,1,1,0,0,1,0,0,0,0,4,3,0,0,0,0,0,0,0,3.580000102519989,3.0,0.0,0.0,0.0,0.0,0,0,0,0,0,0
MLI,195004,2021,195,4,1,1,2,1,1,0,1,1,0,0,1,0,0,0,0,4,3,0,0,0,0,0,0,0,3.5534214973449707,0.0,6.0,0.0,0.0,18.0,0,0,0,0,0,0
MLI,195005,2021,195,5,1,1,2,1,1,0,0,0,0,0,1,0,0,0,0,4,3,0,0,0,0,0,0,0,1.1399999856948853,,,,,,1,0,0,0,0,0
MLI,195006,2021,195,6,1,1,2,1,1,0,0,0,0,0,1,0,0,0,0,4,3,0,0,0,0,0,0,0,1.3603171110153198,,,,,,1,0,0,0,0,0
MLI,195007,2021,195,7,1,1,2,1,1,0,1,1,0,0,1,0,0,0,0,4,3,0,0,0,0,0,0,0,2.118640899658203,,,,,,1,0,0,0,0,0
MLI,195008,2021,195,8,1,1,2,1,1,0,0,0,0,0,1,0,0,0,0,4,3,1,0,0,0,0,0,0,5.6117119789123535,,,,,,1,0,0,0,0,0
MLI,195009,2021,195,9,1,1,2,1,1,0,1,1,0,0,1,0,0,0,0,4,3,0,0,0,0,0,0,0,1.9900000095367432,15.0,12.0,0.0,0.0,0.0,0,0,0,0,0,0
MLI,195010,2021,195,10,1,1,2,1,1,0,1,1,0,0,1,0,0,0,0,4,3,0,0,0,0,0,0,0,2.1600000262260437,2.0,1.0,0.0,0.0,0.0,0,0,0,0,0,0
MLI,195011,2021,195,11,1,1,2,1,1,0,1,1,0,0,1,0,0,0,0,4,3,0,0,0,0,0,0,0,1.3799999952316284,3.0,7.0,0.0,0.0,0.0,0,0,0,0,0,0
MLI,195012,2021,195,12,1,1,2,1,1,0,1,1,0,0,1,0,0,0,0,4,3,0,0,0,0,0,0,0,2.6600000262260437,1.0,0.0,0.0,0.0,0.0,0,0,0,0,0,0
MLI,196001,2021,196,1,1,1,2,1,1,0,1,1,0,0,1,0,0,0,0,4,3,0,0,0,0,0,0,0,3.629999965429306,,,,,,0,0,0,0,0,0
MLI,196002,2021,196,2,1,1,2,1,1,0,1,1,0,0,1,0,0,0,0,4,3,0,0,0,0,0,0,0,6.320000231266022,6.0,24.0,0.0,0.0,26.0,0,0,0,1,0,0
MLI,196003,2021,196,3,1,1,2,1,1,0,1,1,0,0,1,0,0,0,0,4,3,0,0,0,0,0,0,0,8.979999899864197,5.0,13.0,0.0,0.0,35.0,0,0,0,0,0,0
MLI,196004,2021,196,4,1,1,1,1,1,0,1,1,0,0,1,0,0,0,0,4,3,1,0,0,0,0,0,0,6.300000101327896,7.0,10.0,0.0,0.0,30.0,0,0,0,0,0,0
MLI,196005,2021,196,5,1,1,2,1,1,0,0,0,0,0,1,0,0,0,0,4,3,0,0,0,0,0,0,0,7.140000015497208,0.0,5.0,0.0,0.0,0.0,0,1,0,0,0,0
MLI,196006,2021,196,6,1,1,2,1,1,0,1,1,0,0,1,0,0,0,0,4,3,0,0,0,0,0,0,0,10.710000157356262,0.0,10.0,0.0,0.0,20.0,0,0,1,0,0,0
MLI,196007,2021,196,7,1,1,2,1,1,0,1,1,0,0,1,0,0,0,0,4,3,0,0,0,0,0,0,0,4.700000047683716,,,,,,0,1,0,0,0,0
MLI,196008,2021,196,8,1,1,2,1,1,0,1,1,0,0,1,0,0,0,0,4,3,0,0,0,0,0,0,0,9.070000290870667,0.0,4.0,0.0,0.0,0.0,0,0,0,0,0,0
MLI,196009,2021,196,9,1,1,2,1,1,0,0,0,0,0,1,0,0,0,0,4,3,0,0,0,0,0,0,0,6.169999927282333,5.0,10.0,0.0,0.0,0.0,0,1,0,0,0,0
MLI,196010,2021,196,10,1,2,2,1,1,0,1,1,0,0,1,0,0,0,0,4,3,0,0,0,0,0,0,0,10.93999993801117,12.0,12.0,0.0,0.0,0.0,1,1,0,0,0,0
MLI,196011,2021,196,11,1,1,2,1,1,0,1,1,0,0,1,0,0,0,0,4,3,0,0,0,0,0,0,0,6.730000048875809,6.0,11.0,0.0,0.0,30.0,1,1,0,0,0,0
MLI,196012,2021,196,12,1,1,2,1,1,0,1,1,0,0,1,0,0,0,0,4,3,0,0,0,0,0,0,0,16.450000047683716,15.0,20.0,0.0,0.0,0.0,0,1,0,0,0,0
MLI,198001,2021,198,1,1,1,2,1,1,0,1,1,0,0,1,1,0,0,0,4,3,1,0,0,0,0,1,0,12.622874528169632,12.0,12.0,0.0,0.0,15.0,1,0,0,1,0,0
MLI,198002,2021,198,2,1,1,2,1,1,0,1,1,0,0,1,0,0,0,0,4,3,1,0,0,0,0,0,0,5.290000081062317,8.0,3.0,0.0,0.0,0.0,1,0,0,0,0,0
MLI,198003,2021,198,3,1,1,2,1,1,0,1,1,0,0,1,0,0,0,0,4,3,0,0,0,0,0,0,0,7.310000061988831,1.0,0.0,0.0,0.0,18.0,1,0,0,0,0,0
MLI,198004,2021,198,4,1,2,2,1,1,0,0,0,0,0,1,0,0,0,0,4,3,0,0,0,0,0,0,0,6.910000026226044,,,,,,1,0,0,0,0,0
MLI,198005,2021,198,5,1,1,2,1,1,0,1,1,0,0,1,1,0,0,0,4,3,1,0,0,0,0,1,0,10.180000066757202,7.0,16.0,0.0,0.0,40.0,0,0,0,0,0,0
MLI,198006,2021,198,6,1,2,2,1,1,0,0,0,0,0,1,0,0,0,0,4,3,0,0,0,0,0,0,0,2.9699999392032623,,,,,,1,0,0,1,0,0
MLI,198007,2021,198,7,1,1,2,1,1,0,1,1,0,0,1,0,0,0,0,4,3,0,0,0,0,0,0,0,3.900000035762787,0.0,5.0,0.0,0.0,0.0,1,0,0,0,0,0
MLI,198008,2021,198,8,1,1,2,1,1,0,0,0,0,0,0,0,0,1,0,4,4,0,0,0,0,0,0,0,6.089999794960022,,,,,,1,0,0,1,0,0
MLI,198009,2021,198,9,1,2,2,1,1,0,1,1,0,0,1,0,0,0,0,4,3,0,0,0,0,0,0,0,,3.0,3.0,0.0,0.0,30.0,0,0,0,0,0,0
MLI,198010,2021,198,10,1,2,2,1,1,0,1,1,0,0,1,0,0,0,0,4,3,0,0,0,0,0,0,0,2.219999998807907,0.0,4.0,0.0,0.0,30.0,0,0,0,0,0,0
MLI,198011,2021,198,11,1,2,2,1,1,0,0,0,0,0,1,0,0,0,0,4,3,0,0,0,0,0,0,0,7.070000112056732,2.0,0.0,0.0,0.0,0.0,0,0,0,0,0,0
MLI,198012,2021,198,12,1,2,2,1,1,0,1,1,0,0,1,0,0,0,0,4,3,0,0,0,0,0,0,0,14.070000171661377,7.0,19.0,0.0,0.0,0.0,0,0,0,0,0,0
MLI,199001,2021,199,1,2,1,4,1,1,0,1,1,0,0,1,1,0,0,0,4,3,1,0,0,0,0,0,0,1.2600000202655792,0.0,33.0,0.0,0.0,60.0,0,0,0,0,0,0
MLI,199002,2021,199,2,2,1,2,1,1,0,1,1,0,0,1,1,0,0,0,4,3,1,0,1,0,0,0,0,6.639900088310242,72.0,30.0,0.0,0.0,0.0,1,0,0,0,0,0
MLI,199003,2021,199,3,2,1,2,1,1,0,1,1,0,0,1,1,0,0,0,4,3,1,0,0,0,0,0,0,4.0868000984191895,0.0,20.0,0.0,0.0,0.0,0,0,0,0,0,0
MLI,199004,2021,199,4,2,1,2,1,1,0,1,1,0,0,1,1,0,0,0,4,3,0,0,0,0,0,0,0,6.692999958992004,0.0,3.0,0.0,0.0,0.0,1,0,0,0,0,0
MLI,199005,2021,199,5,2,1,2,1,1,0,1,1,0,0,1,0,0,0,0,4,3,1,0,0,0,0,1,0,6.591251254081726,4.0,7.0,0.0,0.0,0.0,0,0,0,0,0,0
MLI,199006,2021,199,6,2,1,2,1,1,0,1,1,0,0,1,0,0,0,0,4,3,1,0,0,0,0,1,0,1.9400000274181366,0.0,0.0,0.0,0.0,20.0,0,0,0,0,0,0
MLI,199007,2021,199,7,2,1,2,1,1,0,1,1,0,0,1,1,0,0,0,4,3,0,0,0,0,0,0,0,2.82281956076622,0.0,5.0,0.0,0.0,0.0,0,0,0,0,0,0
MLI,199008,2021,199,8,2,1,4,1,1,0,1,1,0,0,1,0,0,0,0,4,3,1,0,0,0,0,1,0,1.4800000190734863,0.0,45.0,0.0,0.0,0.0,1,0,0,0,0,0
MLI,199009,2021,199,9,2,1,2,1,1,1,1,1,0,0,1,0,0,0,0,4,3,1,0,0,0,0,0,0,3.759999990463257,0.0,20.0,0.0,0.0,0.0,1,1,1,0,0,0
MLI,199010,2021,199,10,2,1,2,1,1,1,1,1,0,0,1,0,0,0,0,4,3,0,0,0,0,0,0,0,,0.0,60.0,0.0,0.0,0.0,0,1,1,1,0,0
MLI,199011,2021,199,11,2,1,2,1,1,1,1,1,0,0,1,0,0,0,0,4,3,1,0,0,0,0,0,0,3.6399999856948853,,,,,,0,1,1,0,0,0
MLI,199012,2021,199,12,2,1,2,1,1,1,1,1,0,0,1,0,0,0,0,4,3,0,0,0,0,0,0,0,,48.0,0.0,0.0,0.0,0.0,0,1,1,1,0,0
MLI,200001,2021,200,1,2,1,2,1,1,1,1,0,0,0,1,0,0,0,0,4,3,1,0,0,0,0,0,0,5.387400031089783,120.0,20.0,0.0,0.0,30.0,1,1,0,0,0,0
MLI,200002,2021,200,2,2,1,2,1,1,0,1,0,0,0,1,0,0,0,0,4,3,0,0,0,0,0,0,0,1.0111000537872314,12.0,0.0,0.0,0.0,0.0,0,0,0,0,0,0
MLI,200003,2021,200,3,2,1,2,1,1,0,1,1,0,0,1,0,0,0,0,4,3,0,0,0,0,0,0,0,7.454999685287476,15.0,0.0,0.0,0.0,0.0,1,0,0,0,0,0
MLI,200004,2021,200,4,2,1,2,1,1,0,1,1,0,0,1,0,0,0,0,4,3,0,0,0,0,0,0,0,4.285799980163574,12.0,0.0,0.0,0.0,0.0,0,1,0,0,0,0
MLI,200005,2021,200,5,2,1,2,1,1,0,1,1,0,0,1,1,0,0,0,4,3,1,0,0,0,0,0,0,1.956719070672989,,,,,,1,0,0,0,0,0
MLI,200006,2021,200,6,2,1,2,1,1,0,1,1,0,0,1,0,0,0,0,4,3,1,0,0,0,0,1,0,8.240823298692703,10.0,0.0,0.0,0.0,0.0,1,0,0,0,0,0
MLI,200007,2021,200,7,2,1,2,1,1,0,1,1,0,0,1,1,0,0,0,4,3,1,0,0,0,0,0,0,5.81973671913147,20.0,0.0,0.0,0.0,0.0,0,0,0,0,0,0
MLI,200008,2021,200,8,2,1,2,1,1,0,1,1,0,0,1,1,0,0,0,4,3,1,0,0,0,0,1,0,6.069999933242798,,,,,,0,0,0,0,0,0
MLI,200009,2021,200,9,2,1,2,1,1,1,1,1,0,0,1,0,0,0,0,4,3,1,0,0,0,0,0,0,2.969999998807907,5.0,0.0,0.0,0.0,0.0,0,1,1,0,0,0
MLI,200010,2021,200,10,2,1,2,1,1,1,1,1,0,0,1,0,0,0,0,4,3,1,0,0,0,0,0,0,0.9799999594688416,60.0,0.0,0.0,0.0,0.0,1,1,1,0,0,0
MLI,200011,2021,200,11,2,1,2,1,1,1,1,1,0,0,1,0,0,0,0,4,3,1,0,0,0,0,0,0,4.450000047683716,6.0,0.0,0.0,0.0,0.0,0,1,1,0,0,0
MLI,200012,2021,200,12,2,1,2,1,1,1,1,1,0,0,1,0,0,0,0,4,3,1,0,0,0,0,0,0,2.5300000309944153,4.0,0.0,0.0,0.0,0.0,1,0,1,0,0,0
MLI,202001,2021,202,1,1,1,2,1,1,0,1,1,0,0,1,1,0,0,0,4,3,0,1,0,0,0,0,0,13.820000052452087,,,,,,0,1,0,0,0,0
MLI,202002,2021,202,2,1,1,2,1,0,0,1,1,0,0,1,0,0,0,0,4,3,0,0,0,0,0,0,0,5.216952681541443,0.0,5.0,0.0,0.0,0.0,0,1,0,0,0,0
MLI,202003,2021,202,3,1,1,2,1,1,0,1,1,0,0,1,0,0,0,0,4,3,0,0,0,0,0,0,0,15.98000031709671,26.0,8.0,0.0,0.0,35.0,0,0,0,0,0,0
MLI,202004,2021,202,4,1,1,2,1,1,0,1,1,0,0,1,1,0,0,0,4,3,1,0,0,0,0,0,0,9.676628351211548,0.0,18.0,0.0,0.0,0.0,0,0,0,0,0,0
MLI,202005,2021,202,5,1,1,2,1,1,0,0,0,0,0,1,0,0,0,0,4,3,0,0,0,0,0,0,0,9.670000076293945,,,,,,1,0,0,0,0,0
MLI,202006,2021,202,6,1,1,2,1,1,0,1,1,0,0,1,0,0,0,0,4,3,0,0,0,0,0,0,0,0.28999999165534973,3.0,3.0,0.0,0.0,0.0,1,1,0,0,0,0
MLI,202007,2021,202,7,1,1,2,1,1,0,0,1,0,0,1,0,0,0,0,4,3,0,0,0,0,0,0,0,7.269999772310257,,,,,,1,0,0,0,0,0
MLI,202008,2021,202,8,1,1,1,1,1,0,1,1,0,0,0,0,0,0,0,4,5,0,0,0,0,0,0,0,0.5600000023841858,,,,,,1,0,0,0,0,0
MLI,202009,2021,202,9,1,1,2,1,1,0,1,1,0,0,1,0,0,0,0,4,3,0,0,0,0,0,0,0,13.414796113967896,2.0,0.0,0.0,0.0,0.0,0,0,0,0,0,0
MLI,202010,2021,202,10,1,1,2,1,1,0,1,1,0,0,1,0,0,0,0,4,3,0,0,0,0,0,0,0,5.67999991774559,2.0,0.0,0.0,0.0,0.0,0,0,0,0,0,0
MLI,202011,2021,202,11,1,1,2,1,1,0,1,1,0,0,1,0,0,0,0,4,3,0,0,0,0,0,0,0,3.150000035762787,2.0,0.0,0.0,0.0,0.0,0,0,0,0,0,0
MLI,202012,2021,202,12,1,1,2,1,1,0,1,1,0,0,1,0,0,0,0,4,3,0,0,0,0,0,0,0,5.299999862909317,3.0,10.0,0.0,0.0,0.0,0,0,0,0,0,0
MLI,209001,2021,209,1,1,1,2,1,1,0,1,1,0,0,1,0,0,1,0,4,3,0,0,0,0,0,0,0,5.894490957260132,15.0,16.0,0.0,0.0,8.0,0,0,0,0,0,0
MLI,209002,2021,209,2,1,1,2,1,1,0,1,1,0,0,1,0,0,1,0,4,3,0,0,0,0,0,0,0,3.9761922359466553,4.0,8.0,0.0,0.0,0.0,0,0,0,0,0,0
MLI,209003,2021,209,3,1,1,2,1,1,0,1,1,0,0,1,0,0,1,0,4,3,0,0,0,0,0,0,0,3.790014863014221,1.0,11.0,0.0,0.0,0.0,0,0,0,0,0,0
MLI,209004,2021,209,4,1,1,2,1,1,0,1,1,0,0,1,0,0,1,0,4,3,0,0,0,0,0,0,0,2.6904447078704834,3.0,5.0,0.0,0.0,0.0,0,0,0,0,0,0
MLI,209005,2021,209,5,1,1,2,1,1,0,1,1,0,0,1,0,0,0,0,4,3,0,0,0,0,0,0,0,3.1683337688446045,,,,,,1,1,1,0,0,0
MLI,209006,2021,209,6,1,1,2,1,1,1,1,1,0,0,1,0,0,1,1,4,3,1,0,0,0,0,0,0,5.79706597328186,6.0,0.0,0.0,0.0,0.0,1,1,0,0,0,0
MLI,209007,2021,209,7,1,1,2,1,1,1,1,1,0,0,1,0,0,0,0,4,3,1,0,0,0,0,0,0,6.081349492073059,7.0,15.0,0.0,0.0,4.0,1,1,1,0,1,0
MLI,209008,2021,209,8,1,1,2,1,0,0,1,1,0,0,1,0,0,0,0,4,3,0,0,0,0,0,0,0,2.0919864177703857,30.0,25.0,0.0,0.0,10.0,1,0,0,0,0,0
MLI,209009,2021,209,9,1,1,2,1,0,0,1,1,0,0,1,1,0,0,0,4,3,0,0,0,0,0,0,0,6.515267252922058,0.0,15.0,0.0,0.0,30.0,0,0,0,0,0,0
MLI,209010,2021,209,10,1,1,1,1,0,0,1,1,0,0,1,1,0,0,0,4,3,0,0,0,0,0,0,0,9.554016709327698,1.0,6.0,0.0,0.0,10.0,1,0,0,0,0,0
MLI,209011,2021,209,11,1,1,2,1,0,0,1,1,0,0,1,1,0,0,0,4,3,0,0,0,0,0,0,0,15.524853587150574,0.0,9.0,0.0,0.0,0.0,1,0,0,0,0,0
MLI,209012,2021,209,12,1,1,2,1,1,0,1,1,0,0,1,1,0,0,0,4,3,0,0,0,0,0,0,0,5.327184081077576,0.0,3.0,0.0,0.0,0.0,0,0,0,0,0,0
MLI,211001,2021,211,1,1,1,2,1,1,0,0,0,0,0,1,0,0,1,0,4,3,0,0,0,0,0,0,0,2.590000033378601,1.0,2.0,0.0,0.0,5.0,0,0,0,0,0,0
MLI,211002,2021,211,2,1,1,2,1,0,0,0,0,0,0,1,0,0,1,0,4,3,0,0,0,0,0,0,0,3.819999948143959,1.0,2.0,0.0,0.0,5.0,0,0,0,0,0,0
MLI,211003,2021,211,3,1,1,2,1,1,0,0,0,0,0,1,0,0,1,0,4,3,0,0,0,0,0,0,0,2.4199999570846558,2.0,0.0,0.0,0.0,10.0,0,0,0,0,0,0
MLI,211004,2021,211,4,1,1,2,1,1,0,0,0,0,0,1,0,0,1,0,4,3,0,0,0,0,0,0,0,3.080000102519989,5.0,3.0,0.0,0.0,5.0,0,0,0,0,0,0
MLI,211005,2021,211,5,1,1,2,1,1,0,0,0,0,0,1,0,0,0,0,4,3,0,0,0,0,0,0,0,2.909999966621399,4.0,2.0,0.0,0.0,12.0,1,1,1,0,0,0
MLI,211006,2021,211,6,1,1,2,1,1,0,0,0,0,0,1,0,0,0,0,4,3,1,0,0,0,0,0,0,8.869999885559082,4.0,5.0,0.0,0.0,0.0,0,1,1,0,0,0
MLI,211007,2021,211,7,1,1,2,1,1,0,1,1,0,0,1,0,0,0,0,4,3,0,0,0,0,0,0,0,0.6700000017881393,,,,,,1,1,0,0,0,0
MLI,211008,2021,211,8,1,1,2,1,1,0,1,1,0,0,1,1,0,0,0,4,3,0,0,0,0,0,0,0,2.5399999618530273,5.0,7.0,0.0,0.0,23.0,0,1,1,0,0,0
MLI,211009,2021,211,9,1,1,2,1,0,0,0,0,0,0,1,0,0,0,0,4,3,0,0,0,0,0,0,0,16.55999991297722,0.0,10.0,0.0,0.0,12.0,0,0,0,0,0,0
MLI,211010,2021,211,10,1,1,2,1,1,0,0,0,0,0,1,0,0,0,0,4,3,0,0,0,0,0,0,0,3.0799999833106995,0.0,0.0,0.0,0.0,21.0,1,0,0,0,0,0
MLI,211011,2021,211,11,1,1,2,1,1,0,0,0,0,0,1,0,0,0,0,4,3,0,0,0,0,0,0,0,7.468604564666748,0.0,9.0,0.0,0.0,24.0,1,0,0,0,0,0
MLI,211012,2021,211,12,1,1,4,1,1,1,1,1,0,0,1,0,0,0,0,4,3,1,0,0,0,0,0,0,1.4199999570846558,2.0,12.0,0.0,0.0,10.0,1,0,1,0,0,0
MLI,213001,2021,213,1,2,1,2,1,1,1,1,1,0,0,1,0,0,0,0,4,3,1,0,0,0,0,1,0,4.581612765789032,21.0,31.0,0.0,0.0,22.0,0,1,1,1,0,0
MLI,213002,2021,213,2,2,1,2,1,1,1,1,1,0,0,1,0,0,1,0,4,3,1,0,0,0,0,1,0,2.522000014781952,18.0,37.0,0.0,0.0,50.0,0,1,1,0,0,0
MLI,213003,2021,213,3,2,1,2,1,1,1,1,1,0,0,1,0,0,0,0,4,3,1,0,0,0,1,1,0,2.6605000495910645,18.0,11.0,0.0,0.0,18.0,0,1,0,1,0,0
MLI,213004,2021,213,4,2,1,2,1,1,1,1,1,0,0,1,0,0,1,0,4,3,1,0,0,0,0,0,0,3.152899980545044,16.0,22.0,0.0,0.0,37.0,0,1,1,0,0,0
MLI,213005,2021,213,5,2,1,2,1,1,1,1,1,0,0,1,0,0,0,0,4,3,0,0,0,0,0,0,0,4.64999994635582,1.0,3.0,0.0,0.0,8.0,0,1,1,0,0,0
MLI,213006,2021,213,6,2,1,2,1,1,1,0,0,0,0,1,0,0,0,0,4,3,0,0,0,0,0,0,0,0.8480410575866699,0.0,1.0,0.0,0.0,0.0,0,0,0,0,0,0
MLI,213007,2021,213,7,2,1,2,1,1,1,0,0,0,0,1,0,0,0,0,4,3,0,0,0,0,0,0,0,1.8862157464027405,1.0,0.0,0.0,0.0,0.0,0,0,0,0,0,0
MLI,213008,2021,213,8,2,1,2,1,1,1,1,1,0,0,1,0,0,0,0,4,3,0,0,0,0,0,0,0,0.8556000143289566,0.0,4.0,0.0,0.0,0.0,0,0,0,0,0,0
MLI,213009,2021,213,9,2,1,2,1,1,1,1,1,0,0,1,0,0,0,0,4,3,1,0,0,0,0,1,0,0.4099999964237213,,,,,,0,1,1,0,0,0
MLI,213010,2021,213,10,2,1,2,1,1,1,1,1,0,0,1,0,0,0,0,4,3,0,0,0,0,0,0,0,1.4599999785423279,,,,,,0,1,1,0,0,0
MLI,213011,2021,213,11,2,1,2,1,1,1,1,1,0,0,1,0,0,0,0,4,3,1,0,0,0,0,1,1,,,,,,,0,0,1,0,0,0
MLI,213012,2021,213,12,2,1,2,1,1,1,1,1,0,0,1,0,0,0,0,4,3,0,0,0,0,0,0,0,1.6300000548362732,,,,,,0,0,0,0,0,0
MLI,215001,2021,215,1,2,1,1,1,1,0,1,1,0,0,1,1,0,0,0,4,3,1,0,0,0,0,0,0,,,,,,,0,0,0,0,0,0
MLI,215002,2021,215,2,2,1,1,1,1,0,0,1,0,0,1,1,0,0,0,4,3,1,0,0,0,0,0,0,1.1746872663497925,1.0,0.0,0.0,0.0,16.0,0,0,0,0,0,0
MLI,215003,2021,215,3,2,2,4,1,1,0,1,1,0,0,0,1,0,0,0,4,5,0,0,0,0,0,0,0,1.0456478595733643,,,,,,0,1,0,1,0,0
MLI,215004,2021,215,4,2,2,3,1,1,1,1,1,0,0,1,0,0,0,0,4,3,0,0,0,0,0,0,0,,,,,,,1,0,1,0,0,0
MLI,215005,2021,215,5,2,1,1,1,1,0,0,0,0,0,1,0,0,0,0,4,3,1,0,0,0,0,1,0,,0.0,4.0,0.0,0.0,8.0,1,0,0,0,0,0
MLI,215006,2021,215,6,2,1,3,1,1,0,0,0,0,0,1,0,0,0,0,4,3,0,0,0,0,0,0,0,,,,,,,1,0,0,0,0,0
MLI,215007,2021,215,7,2,1,3,1,1,0,1,1,0,0,1,0,0,0,0,4,3,1,0,0,0,0,0,0,,,,,,,0,0,0,0,0,0
MLI,215008,2021,215,8,2,1,1,1,1,1,1,1,0,0,1,0,0,1,0,4,3,0,0,0,0,0,0,0,0.5,0.0,4.0,0.0,0.0,14.0,0,0,0,0,0,0
MLI,215009,2021,215,9,2,1,1,1,1,1,1,1,0,0,1,0,0,0,0,4,3,0,0,0,0,1,0,0,,,,,,,0,0,0,0,0,0
MLI,215010,2021,215,10,2,2,1,1,1,0,1,1,0,0,1,1,0,0,0,4,3,1,0,0,0,0,0,0,,,,,,,0,0,0,0,0,0
MLI,215011,2021,215,11,2,1,4,1,1,1,0,0,0,0,1,0,0,0,0,4,3,0,0,0,0,0,0,0,,,,,,,0,0,0,0,0,0
MLI,215012,2021,215,12,2,1,1,1,1,1,1,1,0,0,1,1,0,0,0,4,3,0,0,0,0,0,0,0,0.33000001311302185,5.0,0.0,0.0,0.0,0.0,0,1,1,0,0,0
MLI,216001,2021,216,1,1,1,1,1,1,0,1,1,1,1,0,1,0,0,0,1,1,0,0,0,0,0,0,0,1.0179170370101929,,,,,,1,0,0,0,0,0
MLI,216002,2021,216,2,1,1,1,1,1,1,1,1,1,1,0,1,0,0,0,1,1,1,0,0,0,0,1,0,1.4700000286102295,,,,,,0,0,0,0,0,0
MLI,216003,2021,216,3,1,1,1,1,1,0,1,1,1,1,0,1,0,0,0,1,1,1,0,0,0,0,1,0,2.056466579437256,4.0,0.0,0.0,0.0,0.0,0,0,0,0,0,0
MLI,216004,2021,216,4,1,1,3,1,1,0,1,1,1,1,0,0,0,0,0,1,1,1,0,0,0,0,1,0,1.2802075147628784,3.0,4.0,0.0,0.0,0.0,0,0,0,0,0,0
MLI,216005,2021,216,5,1,1,2,1,1,0,1,1,0,1,0,0,0,1,0,4,1,0,0,0,0,0,0,0,1.1761071681976318,,,,,,1,0,0,0,0,0
MLI,216006,2021,216,6,1,1,1,1,1,0,1,1,0,1,0,0,0,0,0,2,1,0,0,0,0,0,0,0,,,,,,,1,0,0,0,0,0
MLI,216007,2021,216,7,1,2,2,1,1,0,0,0,1,1,0,0,0,1,0,1,1,0,0,0,0,0,0,0,,,,,,,0,0,0,0,0,1
MLI,216008,2021,216,8,1,1,1,1,1,1,1,1,0,1,0,1,1,1,0,3,1,1,0,1,0,0,1,1,,,,,,,1,0,0,0,0,0
MLI,216009,2021,216,9,1,1,1,1,1,0,1,1,1,1,0,1,0,0,0,1,1,1,0,0,0,0,0,0,0.5299999713897705,2.0,0.0,0.0,0.0,0.0,0,0,0,0,0,0
MLI,216010,2021,216,10,1,1,1,1,1,0,0,0,1,1,0,1,0,0,0,1,1,1,0,0,0,0,1,0,,,,,,,0,0,0,0,0,0
MLI,216011,2021,216,11,1,2,1,1,1,0,1,1,1,1,0,1,0,0,0,1,1,0,0,0,0,0,0,0,,,,,,,0,0,0,0,0,0
MLI,216012,2021,216,12,1,1,1,1,1,0,0,0,1,1,0,1,0,0,0,1,1,1,0,0,0,0,1,0,,,,,,,0,0,0,0,0,0
MLI,220001,2021,220,1,2,1,2,1,1,1,1,1,0,0,1,0,0,1,0,4,3,1,0,0,0,0,1,0,,0.0,0.0,0.0,0.0,23.0,0,0,1,0,0,0
MLI,220002,2021,220,2,2,1,2,1,1,1,1,1,0,0,1,0,0,1,0,4,3,1,0,0,0,0,1,0,1.1064000129699707,,,,,,0,0,1,0,0,0
MLI,220003,2021,220,3,2,1,2,1,1,1,1,1,0,0,1,0,0,0,0,4,3,0,0,0,0,0,0,0,3.3314995765686035,,,,,,0,0,0,0,0,0
MLI,220004,2021,220,4,2,1,2,1,1,1,1,1,0,0,1,0,0,1,0,4,3,0,0,0,0,0,0,0,,10.0,21.0,0.0,0.0,14.0,0,1,1,0,0,0
MLI,220005,2021,220,5,2,1,2,1,1,1,1,1,0,0,1,0,0,0,0,4,3,0,0,0,0,0,0,0,,,,,,,0,1,0,1,0,0
MLI,220006,2021,220,6,2,2,2,1,1,0,1,1,0,0,1,0,0,0,0,4,3,0,0,0,0,0,0,0,,0.0,6.0,0.0,0.0,19.0,0,0,1,0,0,0
MLI,220007,2021,220,7,2,1,2,1,1,1,1,1,0,0,1,0,0,1,0,4,3,1,0,0,0,0,1,0,,,,,,,0,0,1,0,0,0
MLI,220008,2021,220,8,2,1,2,1,1,1,1,1,0,0,1,0,0,1,0,4,3,0,0,0,0,0,0,0,,,,,,,1,0,1,0,0,0
MLI,220009,2021,220,9,2,1,2,1,1,1,1,1,0,0,1,0,0,0,0,4,3,0,0,0,0,0,0,0,,,,,,,0,1,0,0,0,0
MLI,220010,2021,220,10,2,1,2,1,1,1,1,1,0,0,1,0,0,0,0,4,3,0,0,0,0,0,0,0,3.710000157356262,0.0,0.0,0.0,0.0,6.0,1,1,0,0,0,0
MLI,220011,2021,220,11,2,1,2,1,1,0,1,1,0,0,1,0,0,0,0,4,3,1,0,0,0,0,0,0,2.0977001190185547,,,,,,0,1,1,0,0,0
MLI,220012,2021,220,12,2,1,2,1,1,0,1,1,0,0,1,0,0,0,0,4,3,0,0,0,0,0,0,0,0.15000000596046448,0.0,7.0,0.0,0.0,19.0,0,0,1,0,0,0
MLI,221001,2021,221,1,1,1,3,1,1,1,1,1,1,1,0,0,0,1,0,1,1,1,0,0,0,0,1,0,,,,,,,0,0,0,0,0,0
MLI,221002,2021,221,2,1,1,3,1,1,1,1,1,1,1,0,0,0,1,0,1,1,0,0,0,0,0,0,0,,,,,,,0,0,0,1,0,0
MLI,221003,2021,221,3,1,2,3,1,1,1,0,0,1,1,0,0,0,1,0,1,1,1,0,0,0,0,1,0,,,,,,,0,0,0,0,0,0
MLI,221004,2021,221,4,1,2,1,1,1,1,0,0,1,1,0,0,0,0,0,1,1,1,0,0,0,0,0,0,,0.0,2.0,0.0,0.0,0.0,1,0,1,0,0,0
MLI,221005,2021,221,5,1,2,1,1,1,1,0,0,1,1,0,0,0,1,0,1,1,0,0,0,0,0,0,0,,0.0,0.0,0.0,0.0,14.0,0,0,0,0,0,0
MLI,221006,2021,221,6,1,1,1,1,1,1,1,1,0,0,1,0,0,1,0,4,3,0,0,0,0,0,0,0,,,,,,,0,0,0,0,0,0
MLI,221007,2021,221,7,1,1,1,1,1,1,1,1,1,1,0,0,0,1,0,1,1,1,0,0,0,0,1,0,,,,,,,0,0,0,0,0,0
MLI,221008,2021,221,8,1,1,1,1,1,1,0,0,0,1,0,0,0,0,0,2,1,1,0,0,0,0,0,0,,,,,,,1,0,1,0,0,0
MLI,221009,2021,221,9,1,1,4,1,1,1,0,0,0,1,0,0,0,0,0,2,1,1,0,0,0,0,0,0,,,,,,,0,0,0,1,0,0
MLI,221010,2021,221,10,1,2,1,1,1,0,1,1,1,1,0,0,0,1,0,1,1,0,0,0,0,0,1,0,,0.0,3.0,0.0,0.0,10.0,0,0,0,0,0,0
MLI,221011,2021,221,11,1,2,1,1,1,1,1,1,1,1,0,1,0,1,0,1,1,1,0,0,0,0,1,1,,,,,,,0,0,0,0,0,0
MLI,221012,2021,221,12,1,1,1,1,1,1,0,0,0,1,0,0,0,0,0,2,1,1,0,0,0,0,0,0,,,,,,,0,0,1,0,0,0
MLI,223001,2021,223,1,2,1,1,1,1,1,1,1,0,1,0,1,0,1,0,4,1,1,0,0,0,0,0,0,,,,,,,0,0,1,0,0,0
MLI,223002,2021,223,2,2,1,1,1,1,1,1,1,1,1,0,1,0,1,0,1,1,1,0,0,0,0,1,0,,,,,,,0,0,1,0,0,0
MLI,223003,2021,223,3,2,1,3,1,1,1,1,1,0,0,0,1,0,1,0,4,6,0,0,0,0,0,0,0,,,,,,,0,0,1,1,0,0
MLI,223004,2021,223,4,2,2,3,1,1,1,1,1,1,1,0,0,0,1,0,1,1,1,0,0,0,0,1,0,,,,,,,0,0,1,1,0,0
MLI,223005,2021,223,5,2,1,4,1,1,1,1,1,0,0,1,0,0,0,0,4,3,0,0,0,0,0,0,0,,,,,,,0,0,0,1,0,0
MLI,223006,2021,223,6,2,1,1,1,1,1,1,1,1,1,0,0,0,0,0,1,1,1,0,0,0,0,0,0,,,,,,,0,0,0,0,0,0
MLI,223007,2021,223,7,2,1,3,1,1,1,1,1,0,0,1,0,0,0,0,4,3,0,0,0,0,0,0,0,,,,,,,0,0,0,0,0,0
MLI,223008,2021,223,8,2,1,2,1,1,1,1,1,0,0,1,0,0,0,0,4,3,1,0,0,0,0,0,0,,,,,,,0,0,0,0,0,0
MLI,223009,2021,223,9,2,1,1,1,1,1,1,1,0,0,1,0,0,0,0,4,3,0,0,0,0,0,0,0,,,,,,,0,0,1,0,0,0
MLI,223010,2021,223,10,2,1,3,1,1,1,1,1,1,1,0,0,0,1,0,1,1,1,0,0,0,0,1,0,,,,,,,0,0,1,0,0,0
MLI,223011,2021,223,11,2,1,3,1,1,1,1,1,0,1,0,0,0,0,0,2,1,0,0,0,0,0,0,0,,,,,,,0,0,1,0,0,0
MLI,223012,2021,223,12,2,1,1,1,1,1,1,1,1,1,0,1,0,1,0,1,1,1,1,0,0,1,1,1,,,,,,,0,0,1,0,0,0
MLI,224001,2021,224,1,2,1,3,1,1,1,1,1,1,1,0,1,0,1,0,1,1,1,0,0,0,0,1,0,,,,,,,0,0,1,0,0,0
MLI,224002,2021,224,2,2,1,1,1,1,1,1,1,1,1,0,1,1,1,0,1,1,1,0,1,0,1,1,1,,,,,,,1,0,1,0,0,0
MLI,224003,2021,224,3,2,1,3,1,1,1,1,1,0,0,1,1,0,1,0,4,3,0,0,0,0,0,0,0,,,,,,,0,0,1,0,0,0
MLI,224004,2021,224,4,2,1,1,1,1,1,1,1,0,0,1,1,0,1,0,4,3,0,0,0,0,0,0,0,,,,,,,0,0,1,1,0,0
MLI,224005,2021,224,5,2,2,3,1,1,1,1,1,1,1,0,0,0,1,0,1,1,1,0,0,0,0,0,0,,,,,,,0,0,0,0,0,0
MLI,224006,2021,224,6,2,1,3,1,1,1,1,1,1,1,0,1,0,1,1,1,1,1,0,0,0,0,1,0,,,,,,,0,0,0,0,0,0
MLI,224007,2021,224,7,2,2,3,1,1,1,1,1,0,0,1,0,0,1,0,4,3,0,0,0,0,0,0,0,,,,,,,0,1,1,0,0,0
MLI,224008,2021,224,8,2,1,3,1,1,1,1,1,0,0,1,0,0,0,0,4,3,0,0,0,0,0,0,0,,,,,,,0,0,0,0,0,0
MLI,224009,2021,224,9,2,1,3,1,1,1,1,1,0,1,0,0,0,1,0,2,1,1,0,0,0,0,1,0,,,,,,,0,0,1,0,0,0
MLI,224010,2021,224,10,2,1,3,1,1,1,1,1,1,1,0,0,0,0,0,1,1,1,0,0,0,0,1,0,,,,,,,0,0,1,0,0,0
MLI,224011,2021,224,11,2,1,3,1,1,1,1,1,0,0,1,0,0,1,0,4,3,0,0,0,0,0,0,0,,,,,,,0,0,0,0,0,0
MLI,224012,2021,224,12,2,1,3,1,1,1,1,1,1,1,0,1,0,1,0,1,1,1,0,0,0,0,1,0,,,,,,,0,0,1,0,0,0
MLI,226001,2021,226,1,1,2,3,1,1,1,1,1,0,0,1,0,0,0,0,4,3,0,0,0,0,0,0,0,,,,,,,1,0,1,0,0,0
MLI,226002,2021,226,2,1,2,1,1,1,1,1,1,1,1,0,0,0,1,0,1,1,1,0,0,0,0,1,0,,,,,,,0,0,0,0,0,0
MLI,226003,2021,226,3,1,2,3,1,1,1,1,1,0,0,0,0,0,0,0,4,6,0,0,0,0,0,0,0,,,,,,,0,0,0,0,0,0
MLI,226004,2021,226,4,1,2,3,1,1,1,1,1,1,1,0,1,0,1,0,1,1,1,0,0,0,0,1,0,,,,,,,0,0,0,0,0,0
MLI,226005,2021,226,5,1,1,1,1,1,1,1,1,1,1,0,0,0,1,0,1,1,1,0,0,0,0,1,0,,,,,,,0,0,0,0,0,0
MLI,226006,2021,226,6,1,1,1,1,1,1,1,1,1,1,0,0,0,1,0,1,1,0,0,0,0,0,0,0,,,,,,,0,0,0,0,0,0
MLI,226007,2021,226,7,1,2,1,1,1,0,1,1,0,0,1,0,0,1,0,4,3,1,0,0,0,0,0,0,,,,,,,1,0,0,0,0,0
MLI,226008,2021,226,8,1,2,3,1,1,1,1,1,1,1,0,1,0,1,0,1,1,1,0,1,0,1,1,0,,,,,,,0,0,0,0,0,0
MLI,226009,2021,226,9,1,1,1,1,1,1,1,1,1,1,0,0,0,1,0,1,1,1,0,0,0,0,1,0,,,,,,,0,0,0,0,0,0
MLI,226010,2021,226,10,1,2,3,1,1,1,1,1,0,0,0,0,0,1,0,4,5,1,0,0,0,0,0,0,,,,,,,0,0,0,0,0,0
MLI,226011,2021,226,11,1,1,4,1,1,1,1,1,0,0,0,0,0,0,0,4,4,0,0,0,0,0,0,0,,,,,,,1,0,1,1,0,0
MLI,226012,2021,226,12,1,1,1,1,0,1,1,1,1,1,0,0,0,0,0,1,1,1,0,0,0,0,0,0,,0.0,4.0,0.0,0.0,6.0,0,0,1,0,0,0
MLI,228001,2021,228,1,2,1,1,1,1,0,0,1,0,0,1,1,0,0,0,4,3,1,0,0,0,0,0,0,,,,,,,1,0,0,0,0,0
MLI,228002,2021,228,2,2,1,3,1,1,0,1,1,0,0,1,1,0,0,0,4,3,0,0,0,0,0,0,0,1.1008849143981934,,,,,,0,0,0,1,0,0
MLI,228003,2021,228,3,2,1,3,1,1,1,1,1,1,1,0,1,0,1,0,1,1,1,0,0,0,0,0,0,,,,,,,0,0,0,1,0,0
MLI,228004,2021,228,4,2,1,4,1,1,0,1,1,0,0,0,1,0,0,0,4,6,0,0,0,0,0,0,0,,,,,,,0,0,0,0,0,0
MLI,228005,2021,228,5,2,1,3,1,1,1,1,1,0,0,1,0,0,1,0,4,3,0,0,0,0,0,0,0,,,,,,,0,0,0,0,0,0
MLI,228006,2021,228,6,2,1,1,1,1,1,1,1,0,0,1,0,1,1,0,4,3,1,0,0,0,0,1,0,,,,,,,0,0,0,0,0,0
MLI,228007,2021,228,7,2,2,4,1,1,1,1,1,1,1,0,1,1,1,1,1,1,1,0,1,0,0,0,0,,,,,,,1,0,1,0,0,0
MLI,228008,2021,228,8,2,1,4,1,1,1,1,1,0,0,0,0,0,1,0,4,5,0,0,0,0,0,0,0,,0.0,0.0,0.0,0.0,12.0,0,0,0,1,0,0
MLI,228009,2021,228,9,2,2,4,1,1,1,0,0,0,0,1,0,0,0,0,4,3,0,0,0,0,0,0,0,,0.0,0.0,0.0,0.0,9.0,0,0,0,0,0,0
MLI,228010,2021,228,10,2,1,1,1,1,1,0,0,1,1,0,1,1,1,1,1,1,1,1,1,0,0,0,1,,,,,,,0,0,1,0,0,0
MLI,228011,2021,228,11,2,1,3,1,1,1,1,1,1,1,0,1,1,1,1,1,1,1,0,1,0,1,1,1,,,,,,,1,0,1,0,0,0
MLI,228012,2021,228,12,2,1,4,1,1,1,1,1,1,1,0,0,0,0,0,1,1,1,0,0,0,0,0,0,,,,,,,0,0,1,0,0,0
MLI,230001,2021,230,1,2,1,3,1,1,0,1,1,1,1,0,1,1,1,0,1,1,1,0,1,0,0,0,1,,0.0,9.0,0.0,0.0,0.0,0,0,0,0,0,0
MLI,230002,2021,230,2,2,2,1,1,1,1,1,1,1,1,0,1,0,1,0,1,1,1,0,0,0,0,0,0,,,,,,,1,0,0,0,0,0
MLI,230003,2021,230,3,2,1,1,1,1,0,1,1,1,1,0,1,1,1,0,1,1,1,0,1,0,0,0,0,,0.0,6.0,0.0,0.0,0.0,0,0,0,0,0,0
MLI,230004,2021,230,4,2,1,3,1,1,1,1,1,1,1,0,1,0,0,0,1,1,1,0,1,0,0,0,0,,,,,,,1,0,0,0,0,0
MLI,230005,2021,230,5,2,1,4,1,1,1,1,1,1,1,0,0,1,1,0,1,1,1,0,0,0,0,0,0,,,,,,,0,0,0,0,0,0
MLI,230006,2021,230,6,2,1,3,1,1,1,1,1,1,1,0,0,0,0,0,1,1,1,0,0,0,0,1,0,,,,,,,0,0,0,0,0,0
MLI,230007,2021,230,7,2,2,3,1,1,0,1,1,1,1,0,1,1,1,0,1,1,1,0,0,0,0,0,0,,,,,,,0,0,0,0,0,0
MLI,230008,2021,230,8,2,2,3,1,1,1,1,1,0,1,0,1,0,0,0,2,1,0,0,0,0,0,0,0,,0.0,0.0,0.0,0.0,13.0,0,0,0,0,0,0
MLI,230009,2021,230,9,2,1,4,1,1,1,1,1,1,1,0,0,0,0,0,1,1,0,0,0,0,0,0,0,,,,,,,1,0,1,0,0,0
MLI,230010,2021,230,10,2,2,3,1,1,1,1,1,1,1,0,1,0,0,0,1,1,1,0,0,0,0,0,0,,,,,,,1,0,1,0,0,0
MLI,230011,2021,230,11,2,1,3,1,1,1,1,1,1,1,0,1,1,0,0,1,1,1,0,1,0,1,1,1,,,,,,,1,0,1,0,0,0
MLI,230012,2021,230,12,2,2,3,1,1,1,1,1,1,1,0,1,1,1,0,1,1,1,0,0,0,0,0,0,,,,,,,0,0,1,0,0,0
MLI,231001,2021,231,1,1,1,3,1,1,1,1,1,1,1,0,1,0,1,0,1,1,0,0,0,0,0,0,0,,,,,,,0,0,0,0,0,0
MLI,231002,2021,231,2,1,1,4,1,1,1,0,0,0,0,1,0,0,1,0,4,3,0,0,0,0,0,0,0,,,,,,,0,0,0,0,0,0
MLI,231003,2021,231,3,1,2,1,1,1,1,1,1,1,1,0,1,1,1,1,1,1,0,1,1,0,1,1,1,,,,,,,1,0,0,0,0,0
MLI,231004,2021,231,4,1,2,3,1,1,1,1,1,1,1,0,1,1,1,0,1,1,0,0,0,0,0,1,0,,,,,,,1,0,0,0,0,0
MLI,231005,2021,231,5,1,2,3,1,1,1,1,1,1,1,0,0,0,1,0,1,1,1,0,0,0,0,1,0,,,,,,,0,0,0,0,0,0
MLI,231006,2021,231,6,1,2,4,1,1,1,1,1,1,1,0,1,1,0,1,1,1,1,0,0,0,0,0,0,0.36000001430511475,3.0,6.0,0.0,0.0,0.0,1,0,0,0,0,0
MLI,231007,2021,231,7,1,1,4,1,1,1,1,1,0,1,0,0,0,1,0,4,1,1,0,0,0,0,0,0,,,,,,,0,0,0,0,0,0
MLI,231008,2021,231,8,1,1,1,1,1,1,0,0,1,1,0,0,0,1,0,1,1,1,0,0,0,0,0,0,,,,,,,0,0,0,0,0,0
MLI,231009,2021,231,9,1,2,4,1,1,1,1,1,0,0,1,0,0,1,0,4,3,1,0,0,0,0,1,0,,0.0,0.0,0.0,0.0,20.0,0,0,0,0,0,0
MLI,231010,2021,231,10,1,1,1,1,1,1,1,1,1,1,0,0,0,0,0,1,1,1,0,0,0,0,0,0,,0.0,3.0,0.0,0.0,0.0,0,0,1,0,0,0
MLI,231011,2021,231,11,1,1,1,1,1,1,1,1,1,1,0,1,1,1,1,1,1,1,1,1,0,1,0,1,,,,,,,0,0,1,0,0,0
MLI,231012,2021,231,12,1,2,4,1,1,1,1,1,0,0,1,0,0,0,0,4,3,0,0,0,0,0,0,0,,,,,,,1,0,1,0,0,0
MLI,232001,2021,232,1,1,1,1,1,1,0,1,1,1,1,0,1,1,1,0,1,1,1,0,0,0,0,0,0,,,,,,,0,0,0,0,0,0
MLI,232002,2021,232,2,1,1,1,1,1,0,1,1,1,1,0,0,0,0,0,1,1,1,0,0,0,0,1,0,,,,,,,0,0,0,0,0,0
MLI,232003,2021,232,3,1,1,1,1,1,1,1,1,1,1,0,1,1,1,0,1,1,1,0,0,0,0,1,0,,,,,,,0,0,0,1,0,0
MLI,232004,2021,232,4,1,1,1,1,1,1,1,1,1,1,0,1,1,1,1,1,1,1,0,0,0,1,0,1,,,,,,,1,0,0,0,0,0
MLI,232005,2021,232,5,1,1,1,1,1,1,1,1,1,1,0,1,1,1,0,1,1,1,0,1,0,0,0,1,,,,,,,0,0,0,1,0,0
MLI,232006,2021,232,6,1,2,4,1,1,0,0,0,1,1,0,1,0,0,0,1,1,1,0,0,0,0,1,0,,,,,,,0,0,1,0,0,0
MLI,232007,2021,232,7,1,1,1,1,1,0,0,0,0,0,1,1,0,0,0,4,3,1,0,0,0,0,1,0,,,,,,,0,0,1,0,0,0
MLI,232008,2021,232,8,1,2,3,1,1,0,1,1,1,1,0,1,0,1,0,1,1,1,0,0,0,0,0,0,,,,,,,0,0,0,0,0,0
MLI,232009,2021,232,9,1,2,1,1,1,1,1,1,1,1,0,1,1,1,0,1,1,1,1,1,0,1,1,1,,,,,,,0,0,0,0,0,0
MLI,232010,2021,232,10,1,1,1,1,1,0,0,0,1,1,0,1,0,0,0,1,1,1,0,0,0,0,0,0,,,,,,,0,0,1,0,0,0
MLI,232011,2021,232,11,1,1,1,1,1,0,1,1,1,1,0,1,0,1,0,1,1,1,0,0,0,0,0,0,,,,,,,0,0,0,0,0,0
MLI,232012,2021,232,12,1,1,1,1,1,0,1,1,1,1,0,1,0,1,0,1,1,1,0,0,0,0,0,0,,,,,,,0,0,0,0,0,0
MLI,235001,2021,235,1,1,2,3,1,1,0,0,0,0,1,0,0,0,1,0,4,1,1,0,1,0,0,1,0,,,,,,,1,0,0,0,0,0
MLI,235002,2021,235,2,1,1,1,1,1,1,1,1,1,1,0,0,0,0,0,1,1,1,0,0,0,0,1,0,,,,,,,0,0,0,0,0,0
MLI,235003,2021,235,3,1,2,3,1,1,1,1,1,1,1,0,0,0,0,0,1,1,1,0,1,0,0,1,0,,,,,,,0,0,0,1,0,0
MLI,235004,2021,235,4,1,2,1,1,1,1,1,1,1,1,0,1,1,1,0,1,1,1,0,1,0,0,1,0,,,,,,,0,0,1,0,0,0
MLI,235005,2021,235,5,1,1,4,1,1,1,1,1,1,1,0,0,1,1,0,1,1,1,0,0,0,0,1,0,,,,,,,0,0,0,0,0,0
MLI,235006,2021,235,6,1,2,1,1,1,0,1,1,1,1,0,0,1,1,1,1,1,1,0,0,0,0,1,1,,,,,,,0,0,1,0,0,0
MLI,235007,2021,235,7,1,1,1,1,1,0,1,1,0,1,0,0,0,0,0,2,1,1,0,0,0,0,1,0,,,,,,,0,0,0,0,0,0
MLI,235008,2021,235,8,1,2,1,1,1,0,1,1,1,1,0,1,1,1,1,1,1,1,0,1,0,1,1,1,,,,,,,0,0,0,0,0,0
MLI,235009,2021,235,9,1,2,3,1,1,0,1,1,1,1,0,0,0,0,0,1,1,1,0,0,0,1,0,0,,,,,,,0,0,0,0,0,0
MLI,235010,2021,235,10,1,1,4,1,1,0,1,1,1,1,0,1,0,0,0,1,1,1,0,0,0,0,0,0,,,,,,,0,0,0,0,0,0
MLI,235011,2021,235,11,1,2,3,1,1,1,1,1,1,1,0,1,0,1,0,1,1,1,0,0,0,0,0,0,,,,,,,0,0,0,0,0,0
MLI,235012,2021,235,12,1,2,3,1,1,0,1,1,1,1,0,1,0,0,0,1,1,0,0,0,0,0,0,0,,,,,,,0,0,0,0,0,0
MLI,239001,2021,239,1,2,1,4,1,1,0,1,1,0,0,1,0,0,0,0,4,3,1,0,0,0,0,0,0,2.3300000429153442,0.0,7.0,0.0,0.0,23.0,0,0,0,0,0,0
MLI,239002,2021,239,2,2,1,1,1,1,0,1,1,0,0,1,0,0,0,0,4,3,1,0,0,0,0,0,0,1.190000057220459,,,,,,0,0,0,1,0,0
MLI,239003,2021,239,3,2,2,2,1,1,1,0,0,0,0,1,0,0,0,0,4,3,0,0,0,0,0,0,0,2.5199999511241913,5.0,24.0,0.0,0.0,0.0,0,1,1,0,1,0
MLI,239004,2021,239,4,2,2,1,1,1,0,1,1,0,0,1,0,0,0,0,4,3,0,0,0,0,0,0,0,9.460000157356262,,,,,,1,0,0,0,0,0
MLI,239005,2021,239,5,2,1,4,1,1,1,1,1,0,0,1,0,0,0,0,4,3,0,0,0,0,0,0,0,,,,,,,0,0,0,0,0,0
MLI,239006,2021,239,6,2,1,2,1,1,0,1,1,0,0,1,0,0,0,0,4,3,0,0,0,0,0,0,0,2.419999986886978,,,,,,1,0,0,0,0,0
MLI,239007,2021,239,7,2,1,2,1,1,0,1,1,0,0,1,0,0,0,0,4,3,0,0,0,0,0,0,0,1.2699999809265137,10.0,12.0,0.0,0.0,14.0,0,0,0,0,0,0
MLI,239008,2021,239,8,2,1,2,1,1,0,1,1,0,0,1,0,0,0,0,4,3,1,0,0,0,0,0,0,5.960000038146973,0.0,6.0,0.0,0.0,8.0,0,0,0,0,0,0
MLI,239009,2021,239,9,2,2,2,1,1,1,1,1,0,0,1,0,0,0,0,4,3,0,0,0,0,0,0,0,2.299999952316284,15.0,19.0,0.0,0.0,0.0,0,1,1,0,0,0
MLI,239010,2021,239,10,2,1,2,1,1,1,1,1,0,0,1,0,0,0,0,4,3,0,0,0,0,0,0,0,,,,,,,0,0,1,0,0,0
MLI,239011,2021,239,11,2,2,2,1,1,0,1,1,0,0,1,0,0,0,0,4,3,1,0,0,0,0,0,0,4.610000044107437,7.0,12.0,0.0,0.0,11.0,0,1,0,0,0,0
MLI,239012,2021,239,12,2,1,2,1,1,1,1,0,0,0,1,0,0,0,0,4,3,1,0,0,0,0,0,0,1.820000022649765,2.0,12.0,0.0,0.0,0.0,0,1,1,0,0,0
MLI,244001,2021,244,1,2,1,1,1,1,1,1,1,1,1,0,1,1,1,1,1,1,1,0,1,0,0,1,1,,,,,,,1,0,1,1,0,0
MLI,244002,2021,244,2,2,1,1,1,1,1,1,1,1,1,0,1,0,0,0,1,1,0,0,0,0,0,0,0,,0.0,7.0,0.0,0.0,0.0,1,0,0,0,0,0
MLI,244003,2021,244,3,2,1,1,1,1,1,1,1,1,1,0,1,1,1,0,1,1,1,1,1,0,1,1,1,,,,,,,0,1,1,0,0,0
MLI,244004,2021,244,4,2,1,3,1,1,1,1,1,1,1,0,1,1,1,0,1,1,1,0,1,0,1,0,1,3.9133622646331787,42.0,25.0,0.0,0.0,0.0,1,0,0,1,0,0
MLI,244005,2021,244,5,2,1,3,1,1,1,1,1,1,1,0,1,0,0,0,1,1,1,0,0,0,0,0,0,,,,,,,0,0,1,0,0,0
MLI,244006,2021,244,6,2,2,1,1,1,1,0,0,0,0,1,0,0,1,0,4,3,0,0,0,0,0,0,0,,,,,,,1,0,0,1,0,0
MLI,244007,2021,244,7,2,1,1,1,1,1,1,1,1,1,0,1,0,1,0,1,1,1,0,0,0,0,1,0,,0.0,10.0,0.0,0.0,0.0,0,0,0,0,0,0
MLI,244008,2021,244,8,2,1,1,1,1,1,1,1,0,1,0,1,1,1,0,2,1,0,0,0,0,0,0,0,,,,,,,0,0,0,0,0,0
MLI,244009,2021,244,9,2,1,3,1,1,1,1,1,1,1,0,0,0,1,0,1,1,1,0,0,0,0,0,0,,,,,,,0,0,0,0,0,0
MLI,244010,2021,244,10,2,2,3,1,1,1,1,1,1,1,0,0,0,1,0,1,1,1,0,0,0,0,0,0,,,,,,,0,0,0,0,0,0
MLI,244011,2021,244,11,2,1,3,1,1,1,1,1,0,0,1,0,1,1,0,4,3,1,0,0,0,0,0,0,,,,,,,0,0,0,0,0,0
MLI,244012,2021,244,12,2,1,1,1,1,1,1,1,1,1,0,1,1,1,0,1,1,1,0,1,0,0,0,1,,,,,,,0,0,0,0,0,0
MLI,246001,2021,246,1,1,1,2,1,1,0,0,0,0,0,1,1,0,0,0,4,3,0,0,0,0,0,0,0,7.9799999594688416,0.0,0.0,0.0,0.0,21.0,1,0,0,0,0,0
MLI,246002,2021,246,2,1,1,2,1,1,0,1,1,0,0,1,0,0,0,0,4,3,1,0,0,0,0,0,0,17.907548427581787,11.0,6.0,0.0,0.0,0.0,0,0,0,0,0,0
MLI,246003,2021,246,3,1,1,2,1,1,0,1,1,0,0,1,0,0,0,0,4,3,0,0,0,0,0,0,0,6.53000020980835,0.0,4.0,0.0,0.0,28.0,0,0,0,0,0,0
MLI,246004,2021,246,4,1,1,2,1,1,0,1,1,0,0,1,0,1,0,0,4,3,1,0,0,0,0,1,0,5.129999935626984,12.0,5.0,0.0,0.0,30.0,0,1,0,0,0,0
MLI,246005,2021,246,5,1,1,2,1,1,0,1,1,0,0,1,0,0,1,0,4,3,1,0,0,0,0,0,0,7.03000009059906,,,,,,1,0,0,0,0,0
MLI,246006,2021,246,6,1,1,2,1,1,0,0,0,0,0,1,0,0,1,0,4,3,0,0,0,0,0,0,0,10.106791019439697,0.0,8.0,0.0,0.0,0.0,0,0,0,0,0,1
MLI,246007,2021,246,7,1,1,2,1,1,0,1,1,0,0,1,0,0,0,0,4,3,1,0,0,0,0,0,0,7.867063999176025,0.0,10.0,0.0,0.0,0.0,1,0,0,0,0,0
MLI,246008,2021,246,8,1,1,2,1,1,0,0,0,0,0,1,0,0,0,0,4,3,0,0,0,0,0,0,0,0.7200000286102295,0.0,4.0,0.0,0.0,0.0,1,0,0,0,0,0
MLI,246009,2021,246,9,1,1,2,1,1,0,1,1,0,0,1,0,0,0,0,4,3,0,0,0,0,0,0,0,8.580000102519989,2.0,5.0,0.0,0.0,0.0,0,0,0,0,0,0
MLI,246010,2021,246,10,1,1,2,1,1,0,1,1,0,0,1,0,0,0,0,4,3,0,0,0,0,0,0,0,9.249999642372131,2.0,2.0,0.0,0.0,0.0,0,0,0,0,0,0
MLI,246011,2021,246,11,1,1,2,1,1,0,1,1,0,0,1,0,0,0,0,4,3,0,0,0,0,0,0,0,5.56000018119812,7.0,8.0,0.0,0.0,0.0,0,0,0,0,0,0
MLI,246012,2021,246,12,1,1,2,1,1,0,1,1,0,0,1,0,0,0,0,4,3,0,0,0,0,0,0,0,4.849999904632568,2.0,4.0,0.0,0.0,0.0,0,0,0,0,0,0
MLI,248001,2021,248,1,1,1,1,1,1,1,1,1,1,1,0,1,1,1,0,1,1,1,0,1,0,0,1,0,,,,,,,0,0,0,0,0,0
MLI,248002,2021,248,2,1,1,1,1,1,1,1,1,1,1,0,1,0,1,0,1,1,1,0,1,0,0,1,0,,,,,,,0,0,0,0,0,0
MLI,248003,2021,248,3,1,2,1,1,1,1,1,1,1,1,0,1,0,0,0,1,1,1,0,0,0,0,0,0,,,,,,,1,0,0,0,0,0
MLI,248004,2021,248,4,1,1,3,1,1,1,1,1,1,1,0,1,0,1,0,1,1,1,0,0,0,0,1,0,,,,,,,0,0,0,0,0,0
MLI,248005,2021,248,5,1,1,1,1,1,1,1,1,1,1,0,1,1,1,0,1,1,1,0,0,0,0,0,0,,,,,,,1,1,0,0,0,0
MLI,248006,2021,248,6,1,1,2,1,1,1,1,1,1,1,0,1,0,1,1,1,1,1,0,0,0,0,0,0,,0.0,0.0,0.0,0.0,1.0,0,0,0,0,0,0
MLI,248007,2021,248,7,1,2,1,1,1,1,1,1,1,0,1,1,0,0,1,1,2,1,0,1,0,0,1,0,,,,,,,0,0,0,0,0,0
MLI,248008,2021,248,8,1,1,4,1,1,1,1,1,0,1,0,1,0,0,0,2,1,1,0,0,0,0,0,0,,,,,,,1,1,0,0,0,0
MLI,248009,2021,248,9,1,2,1,1,1,1,1,1,1,1,0,1,1,1,1,1,1,1,0,1,0,0,1,1,,,,,,,1,0,1,0,0,0
MLI,248010,2021,248,10,1,2,1,1,1,1,1,1,1,1,0,1,0,1,0,1,1,0,0,0,0,0,0,0,,,,,,,1,0,0,0,0,0
MLI,248011,2021,248,11,1,1,1,1,1,1,1,1,0,0,1,1,0,0,1,2,2,0,0,0,0,0,0,0,,,,,,,1,0,0,0,0,0
MLI,248012,2021,248,12,1,1,3,1,1,1,1,1,1,0,1,1,0,1,0,1,2,1,0,0,0,0,1,0,,,,,,,0,1,0,0,0,0
MLI,249001,2021,249,1,2,1,3,1,1,1,1,0,1,1,0,1,0,0,1,1,1,1,0,0,0,1,1,0,,,,,,,0,0,1,0,0,0
MLI,249002,2021,249,2,2,1,1,1,1,1,1,1,1,1,0,1,0,0,0,1,1,1,0,0,0,0,0,0,,,,,,,1,0,1,0,0,0
MLI,249003,2021,249,3,2,1,3,1,1,1,0,0,1,1,0,1,0,0,1,1,1,1,0,0,0,0,0,0,,,,,,,1,0,1,0,0,0
MLI,249004,2021,249,4,2,1,1,1,1,1,1,1,1,1,0,1,1,1,0,1,1,1,0,0,0,0,0,0,,0.0,0.0,0.0,0.0,50.0,0,1,0,0,0,0
MLI,249005,2021,249,5,2,1,1,1,1,1,1,1,1,1,0,1,0,0,0,1,1,1,0,0,0,0,0,0,,,,,,,0,0,0,0,0,0
MLI,249006,2021,249,6,2,1,1,1,1,1,1,1,1,1,0,1,0,1,0,1,1,1,0,1,0,1,0,1,1.2483360767364502,0.0,11.0,0.0,0.0,2.0,1,0,0,0,0,0
MLI,249007,2021,249,7,2,1,4,1,1,1,1,1,1,1,0,1,1,0,0,1,1,1,0,0,0,0,0,0,,,,,,,0,0,0,0,0,0
MLI,249008,2021,249,8,2,1,1,1,1,1,1,1,1,1,0,1,0,1,0,1,1,0,0,0,0,0,0,0,,,,,,,0,0,0,0,0,0
MLI,249009,2021,249,9,2,1,1,1,1,1,1,1,1,1,0,1,1,1,0,1,1,1,0,1,0,0,0,0,,,,,,,0,0,0,0,0,0
MLI,249010,2021,249,10,2,1,1,1,1,1,1,1,0,1,0,1,0,0,0,2,1,1,0,0,0,0,0,0,,,,,,,1,0,0,0,0,0
MLI,249011,2021,249,11,2,1,1,1,1,1,1,1,1,1,0,1,0,1,0,1,1,1,0,0,0,0,0,0,,,,,,,0,0,0,0,0,0
MLI,249012,2021,249,12,2,2,1,1,1,1,1,1,1,1,0,1,0,0,1,1,1,1,0,1,0,0,1,0,,,,,,,1,0,1,0,0,0
MLI,252001,2021,252,1,2,1,1,1,1,1,1,1,1,1,0,0,1,1,0,1,1,1,0,1,0,0,0,1,,,,,,,1,0,0,0,0,0
MLI,252002,2021,252,2,2,2,1,1,1,1,1,1,1,1,0,0,1,1,0,1,1,1,0,1,0,0,0,0,,,,,,,1,0,0,0,0,0
MLI,252003,2021,252,3,2,2,1,1,1,1,1,1,1,1,0,0,1,1,0,1,1,1,0,1,0,0,0,0,,0.0,16.0,0.0,0.0,4.0,0,0,0,0,0,0
MLI,252004,2021,252,4,2,1,1,1,1,1,1,1,1,1,0,1,1,1,0,1,1,1,0,1,0,1,0,1,2.5345780849456787,1.0,0.0,0.0,0.0,4.0,0,0,0,1,0,0
MLI,252005,2021,252,5,2,1,3,1,1,1,1,1,1,1,0,0,1,1,0,1,1,1,0,0,0,0,1,0,,,,,,,0,0,0,0,0,0
MLI,252006,2021,252,6,2,1,3,1,1,1,1,1,0,1,0,0,0,1,0,2,1,0,0,0,0,0,0,0,,,,,,,0,0,0,0,0,0
MLI,252007,2021,252,7,2,1,1,1,1,1,1,1,1,1,0,0,1,1,0,1,1,1,0,1,0,0,0,0,,,,,,,0,0,0,0,0,0
MLI,252008,2021,252,8,2,1,3,1,1,1,1,1,0,0,0,0,0,0,0,4,6,0,0,0,0,0,0,0,,,,,,,0,0,0,0,0,0
MLI,252009,2021,252,9,2,1,1,1,1,1,1,1,1,1,0,1,1,1,1,1,1,1,0,1,0,1,1,1,,,,,,,0,0,1,0,0,0
MLI,252010,2021,252,10,2,1,3,1,1,1,1,1,1,1,0,1,0,0,0,1,1,1,0,0,0,0,1,0,,,,,,,0,0,1,0,0,0
MLI,252011,2021,252,11,2,1,4,1,1,1,1,1,1,1,0,1,0,0,0,1,1,1,0,1,0,0,0,0,,0.0,4.0,0.0,0.0,10.0,1,0,1,0,0,0
MLI,252012,2021,252,12,2,1,4,1,1,1,1,1,1,1,0,1,0,0,0,1,1,1,0,1,0,0,1,0,,,,,,,0,0,1,0,0,0
MLI,257001,2021,257,1,1,1,1,1,1,1,1,1,1,1,0,1,0,1,0,1,1,1,0,1,0,0,1,0,,,,,,,0,0,0,0,0,0
MLI,257002,2021,257,2,1,1,1,1,1,0,1,1,1,1,0,1,1,1,0,1,1,1,0,1,0,0,0,0,,,,,,,0,0,0,0,0,0
MLI,257003,2021,257,3,1,1,1,1,1,1,1,1,1,1,0,1,0,1,0,1,1,1,0,1,0,0,1,0,,,,,,,0,0,0,0,0,0
MLI,257004,2021,257,4,1,1,1,1,1,1,1,1,1,1,0,1,0,1,0,1,1,1,0,0,0,0,1,0,,,,,,,1,0,0,0,0,0
MLI,257005,2021,257,5,1,1,3,1,1,1,0,0,1,1,0,1,0,1,0,1,1,1,0,0,0,0,0,0,,,,,,,0,0,1,0,0,0
MLI,257006,2021,257,6,1,1,3,1,1,1,1,1,1,1,0,0,0,0,0,1,1,0,0,0,0,0,0,0,,,,,,,0,0,1,0,0,0
MLI,257007,2021,257,7,1,1,1,1,1,1,1,1,0,1,0,0,0,1,0,2,1,0,0,0,0,0,0,0,,0.0,11.0,0.0,0.0,6.0,1,0,1,0,0,0
MLI,257008,2021,257,8,1,1,1,1,1,1,1,1,1,1,0,1,1,1,0,1,1,1,0,0,0,0,1,0,,0.0,0.0,0.0,0.0,5.0,1,0,0,0,0,0
MLI,257009,2021,257,9,1,1,3,1,1,1,1,1,0,0,1,1,0,1,1,4,3,0,0,0,0,0,0,0,,,,,,,0,0,0,0,0,0
MLI,257010,2021,257,10,1,1,3,1,1,1,1,1,1,1,0,1,1,1,1,1,1,1,0,1,0,0,1,0,,,,,,,0,0,0,0,0,0
MLI,257011,2021,257,11,1,1,1,1,1,1,1,1,1,1,0,1,0,1,1,1,1,1,0,1,0,1,1,1,,,,,,,1,0,0,0,0,0
MLI,257012,2021,257,12,1,2,3,1,1,1,1,1,1,1,0,1,1,1,1,1,1,1,0,0,0,0,1,0,,,,,,,0,0,0,0,0,0
MLI,258001,2021,258,1,1,1,3,1,1,1,1,1,1,1,0,1,0,1,0,1,1,1,0,0,0,0,1,0,,,,,,,0,0,0,0,0,0
MLI,258002,2021,258,2,1,2,4,1,1,1,1,1,0,0,1,0,0,0,0,4,3,0,0,0,0,0,0,0,,0.0,0.0,0.0,0.0,14.0,0,0,1,0,0,0
MLI,258003,2021,258,3,1,2,4,1,1,1,1,1,0,0,1,0,0,1,0,4,3,0,0,0,0,0,0,0,,,,,,,0,0,0,1,0,0
MLI,258004,2021,258,4,1,1,4,1,1,1,1,1,0,0,1,0,0,1,0,4,3,0,0,0,0,0,0,0,,,,,,,0,0,0,0,0,0
MLI,258005,2021,258,5,1,2,4,1,1,1,1,1,0,0,0,0,0,1,1,4,4,0,0,0,0,0,0,0,,,,,,,0,0,0,0,0,0
MLI,258006,2021,258,6,1,1,3,1,1,1,1,1,1,1,0,1,0,1,0,1,1,1,0,0,0,0,1,0,,,,,,,0,0,0,0,0,0
MLI,258007,2021,258,7,1,1,3,1,1,1,1,1,1,1,0,1,0,1,0,1,1,1,1,1,0,1,1,0,,,,,,,0,0,0,0,0,0
MLI,258008,2021,258,8,1,1,1,1,1,1,1,1,1,1,0,1,1,1,1,1,1,1,0,1,1,1,1,1,,0.0,7.0,0.0,0.0,0.0,0,0,1,0,0,0
MLI,258009,2021,258,9,1,1,3,1,1,1,1,1,0,1,0,1,0,1,0,2,1,1,0,0,0,0,0,0,,,,,,,0,0,1,0,0,0
MLI,258010,2021,258,10,1,2,1,1,1,1,1,1,1,1,0,1,1,1,1,1,1,1,0,1,0,0,1,0,,,,,,,0,0,0,0,0,0
MLI,258011,2021,258,11,1,2,4,1,1,1,1,1,1,1,0,0,0,1,1,1,1,0,0,0,0,1,0,0,,0.0,0.0,0.0,0.0,7.0,0,0,0,0,0,0
MLI,258012,2021,258,12,1,2,4,1,1,1,1,1,1,1,0,1,1,1,1,1,1,1,0,0,0,0,0,0,,,,,,,1,0,0,1,0,0
MLI,261001,2021,261,1,2,1,4,1,1,1,1,1,1,1,0,1,1,1,1,1,1,1,0,0,0,0,0,0,,,,,,,0,0,0,0,0,0
MLI,261002,2021,261,2,2,1,3,1,1,1,1,1,1,1,0,1,1,1,0,1,1,1,1,1,0,1,0,0,,,,,,,0,0,0,1,0,0
MLI,261003,2021,261,3,2,1,3,1,1,1,1,1,0,0,1,0,0,1,0,4,3,0,0,0,0,0,0,0,,0.0,0.0,0.0,0.0,7.0,1,0,0,1,0,0
MLI,261004,2021,261,4,2,1,4,1,1,1,1,1,1,1,0,1,1,1,1,1,1,1,0,1,0,0,0,0,,,,,,,0,0,0,0,0,0
MLI,261005,2021,261,5,2,1,1,1,1,1,1,1,1,1,0,1,0,1,0,1,1,1,0,0,0,0,0,1,,,,,,,0,0,0,0,0,0
MLI,261006,2021,261,6,2,1,1,1,1,1,1,1,1,1,0,1,0,1,0,1,1,1,0,0,0,0,1,0,,,,,,,1,0,0,0,0,0
MLI,261007,2021,261,7,2,1,3,1,1,1,1,1,1,1,0,1,0,1,0,1,1,1,0,0,0,0,0,0,,,,,,,0,0,0,0,0,0
MLI,261008,2021,261,8,2,1,1,1,1,1,1,1,1,1,0,0,1,1,0,1,1,1,0,0,0,0,0,0,,,,,,,0,0,0,0,0,0
MLI,261009,2021,261,9,2,1,4,1,1,1,1,1,1,1,0,1,0,0,0,1,1,1,0,0,0,0,1,0,,,,,,,0,0,1,0,0,0
MLI,261010,2021,261,10,2,1,4,1,1,1,1,1,1,1,0,1,0,0,0,1,1,1,1,0,0,1,1,0,,,,,,,0,0,1,0,0,0
MLI,261011,2021,261,11,2,1,4,1,1,1,1,1,1,1,0,1,0,0,0,1,1,1,0,0,0,0,0,0,,0.0,11.0,0.0,0.0,0.0,0,0,1,0,0,0
MLI,261012,2021,261,12,2,1,3,1,1,1,0,0,1,1,0,1,0,0,0,1,1,1,0,0,0,1,1,0,,,,,,,0,0,1,0,0,0
MLI,263001,2021,263,1,1,1,1,1,1,1,1,1,1,1,0,1,0,1,0,1,1,1,0,0,0,0,0,0,,,,,,,1,0,0,0,0,0
MLI,263002,2021,263,2,1,1,4,1,1,1,1,1,1,1,0,1,0,1,0,1,1,1,0,1,0,0,1,0,,,,,,,0,0,0,0,0,0
MLI,263003,2021,263,3,1,2,4,1,1,1,1,1,1,1,0,1,0,1,1,1,1,0,0,0,0,0,0,0,,,,,,,0,0,0,0,0,0
MLI,263004,2021,263,4,1,2,3,1,1,1,1,1,1,1,0,1,0,1,1,1,1,0,0,0,0,0,0,0,,0.0,10.0,0.0,0.0,0.0,0,0,0,0,0,0
MLI,263005,2021,263,5,1,1,1,1,1,1,1,1,1,1,0,1,0,1,0,1,1,0,0,0,0,0,1,0,0.9244441986083984,,,,,,0,0,0,0,0,0
MLI,263006,2021,263,6,1,1,3,1,1,1,1,1,0,0,1,1,0,1,0,4,3,0,0,0,0,0,0,0,,,,,,,0,0,0,0,0,0
MLI,263007,2021,263,7,1,2,3,1,1,1,1,1,1,1,0,1,1,1,1,1,1,1,1,0,0,0,0,1,,,,,,,0,0,0,0,0,0
MLI,263008,2021,263,8,1,2,3,1,1,1,1,1,1,1,0,1,0,0,0,1,1,1,0,0,0,0,0,0,,0.0,0.0,0.0,0.0,8.0,1,1,0,0,1,0
MLI,263009,2021,263,9,1,1,1,1,1,1,1,1,1,1,0,1,0,0,0,1,1,1,0,0,0,0,0,0,,,,,,,1,0,0,0,0,0
MLI,263010,2021,263,10,1,1,1,1,1,1,1,1,1,1,0,1,1,1,1,1,1,1,0,1,0,0,0,0,,,,,,,0,0,0,1,0,0
MLI,263011,2021,263,11,1,1,3,1,1,1,1,1,0,1,0,1,0,0,0,2,1,1,0,0,0,0,1,0,,,,,,,1,0,0,1,0,0
MLI,263012,2021,263,12,1,1,1,1,1,1,1,1,1,1,0,1,1,1,1,1,1,0,0,0,0,0,1,0,,,,,,,0,0,0,0,0,0
MLI,265001,2021,265,1,2,1,1,1,1,1,1,1,1,1,0,1,0,1,0,1,1,1,0,1,0,0,0,0,,0.0,0.0,0.0,0.0,9.0,1,0,0,0,0,0
MLI,265002,2021,265,2,2,1,3,1,1,1,0,0,1,1,0,1,0,1,0,1,1,1,0,0,0,0,0,0,,,,,,,1,0,0,0,0,0
MLI,265003,2021,265,3,2,1,3,1,1,1,1,1,1,1,0,1,0,1,0,1,1,1,0,1,0,0,0,0,,,,,,,0,0,0,0,0,0
MLI,265004,2021,265,4,2,1,1,1,1,1,1,1,1,1,0,0,0,1,0,1,1,1,0,0,0,0,0,0,1.370194286108017,0.0,2.0,0.0,0.0,16.0,0,1,0,0,0,0
MLI,265005,2021,265,5,2,1,3,1,1,1,1,1,1,1,0,1,1,1,0,1,1,1,0,0,0,0,0,0,,,,,,,0,0,0,0,0,0
MLI,265006,2021,265,6,2,1,1,1,1,1,1,1,1,1,0,0,1,0,0,1,1,1,0,0,0,0,0,0,1.6973413228988647,,,,,,0,0,0,0,0,0
MLI,265007,2021,265,7,2,1,3,1,1,1,1,1,1,1,0,1,0,0,0,1,1,1,0,0,0,0,0,0,,,,,,,0,0,0,0,0,0
MLI,265008,2021,265,8,2,1,3,1,1,1,1,1,1,1,0,0,0,0,0,1,1,1,0,0,0,0,1,0,,,,,,,1,0,0,0,0,0
MLI,265009,2021,265,9,2,1,1,1,1,1,0,0,1,1,0,1,0,0,0,1,1,0,0,0,0,0,0,0,,,,,,,1,0,1,0,0,0
MLI,265010,2021,265,10,2,1,3,1,1,1,0,0,0,0,1,0,0,0,0,4,3,0,0,0,0,0,0,0,,,,,,,0,0,1,0,0,0
MLI,265011,2021,265,11,2,1,3,1,1,1,0,0,1,1,0,1,0,0,0,1,1,1,0,0,0,0,1,0,,,,,,,0,0,1,0,0,0
MLI,265012,2021,265,12,2,1,1,1,1,1,1,1,1,1,0,1,0,0,0,1,1,1,0,1,0,0,1,0,0.10000000149011612,0.0,2.0,0.0,0.0,0.0,0,0,1,0,0,0
MLI,268001,2021,268,1,1,1,1,1,1,1,1,1,1,1,0,1,0,0,0,1,1,1,0,1,0,1,0,0,,0.0,13.0,0.0,0.0,10.0,0,0,0,0,0,0
MLI,268002,2021,268,2,1,2,3,1,1,1,1,1,0,0,1,1,0,0,0,4,3,1,0,0,0,0,1,0,,0.0,3.0,0.0,0.0,12.0,0,0,0,0,1,0
MLI,268003,2021,268,3,1,2,3,1,1,1,1,1,0,0,1,1,0,0,0,4,3,0,0,0,0,0,0,0,,,,,,,0,0,0,0,0,0
MLI,268004,2021,268,4,1,1,1,1,1,1,1,1,0,0,1,1,0,0,0,4,3,1,0,1,0,0,1,0,3.349999964237213,2.0,0.0,0.0,0.0,38.0,1,1,0,0,0,0
MLI,268005,2021,268,5,1,2,1,1,1,1,1,1,0,0,1,1,0,0,0,4,3,0,0,0,0,0,0,0,,1.0,0.0,0.0,0.0,10.0,0,0,0,0,1,0
MLI,268006,2021,268,6,1,1,2,1,1,1,1,1,0,0,1,1,0,0,0,4,3,1,0,0,0,0,1,0,15.210000038146973,78.0,98.0,0.0,0.0,48.0,0,1,0,0,1,0
MLI,268007,2021,268,7,1,1,2,1,1,1,1,1,0,0,1,1,0,0,0,4,3,1,0,0,0,0,0,0,3.6000000685453415,3.0,6.0,0.0,0.0,2.0,0,1,0,0,1,0
MLI,268008,2021,268,8,1,2,1,1,1,1,1,1,0,0,1,1,0,1,0,4,3,1,0,0,0,0,1,1,,0.0,2.0,0.0,0.0,22.0,0,0,0,0,1,0
MLI,268009,2021,268,9,1,2,3,1,1,1,1,1,1,1,0,0,0,0,1,1,1,1,0,1,0,1,1,1,,,,,,,1,0,0,0,0,0
MLI,268010,2021,268,10,1,2,3,1,1,1,1,1,0,0,1,0,0,0,0,4,3,1,0,0,0,0,1,0,,0.0,0.0,0.0,0.0,25.0,1,0,0,1,0,0
MLI,268011,2021,268,11,1,1,3,0,1,1,1,1,0,0,0,0,0,0,0,4,5,0,0,0,0,0,0,0,,0.0,1.0,0.0,0.0,0.0,1,0,0,0,0,0
MLI,268012,2021,268,12,1,2,3,0,1,0,1,1,1,1,0,0,0,0,0,1,1,1,0,0,0,0,1,0,,,,,,,1,0,0,1,0,0
MLI,269001,2021,269,1,1,2,4,1,1,1,1,1,0,1,0,0,0,0,0,3,1,0,0,0,0,0,0,0,,,,,,,0,0,1,0,0,1
MLI,269002,2021,269,2,1,2,1,1,1,1,1,1,1,1,0,1,1,1,0,1,1,1,1,1,0,1,1,1,,0.0,0.0,0.0,0.0,80.0,0,0,0,0,0,0
MLI,269003,2021,269,3,1,2,3,1,1,1,1,1,1,1,0,1,0,1,0,1,1,1,0,0,0,0,1,0,,,,,,,1,0,0,0,0,0
MLI,269004,2021,269,4,1,2,1,1,1,1,1,1,1,1,0,1,0,1,0,1,1,1,0,1,0,0,1,1,,0.0,18.0,0.0,0.0,0.0,0,0,0,0,0,1
MLI,269005,2021,269,5,1,1,1,1,1,1,1,1,1,1,0,1,1,1,0,1,1,1,1,1,0,1,1,1,,,,,,,1,0,0,0,0,0
MLI,269006,2021,269,6,1,1,1,1,1,0,1,1,1,1,0,1,1,1,0,1,1,1,0,1,0,0,1,0,,0.0,3.0,0.0,0.0,0.0,0,0,0,0,0,0
MLI,269007,2021,269,7,1,2,4,1,1,0,1,1,0,1,0,1,0,0,0,2,1,0,0,0,0,0,0,0,,,,,,,0,0,0,0,0,0
MLI,269008,2021,269,8,1,1,4,1,1,1,1,1,0,1,0,1,0,1,0,2,1,1,0,0,0,0,1,0,,,,,,,0,0,0,0,0,0
MLI,269009,2021,269,9,1,2,1,1,1,1,1,1,1,1,0,1,1,1,1,1,1,1,1,1,0,1,0,1,,,,,,,0,0,0,0,0,0
MLI,269010,2021,269,10,1,2,1,1,1,0,1,1,1,1,0,1,0,0,0,1,1,1,0,0,0,0,1,0,,,,,,,0,0,0,0,0,0
MLI,269011,2021,269,11,1,2,4,1,1,0,1,1,1,1,0,0,0,1,0,1,1,0,0,0,0,0,0,0,,,,,,,0,0,0,0,0,0
MLI,269012,2021,269,12,1,2,1,1,1,1,1,1,1,1,0,1,1,1,1,1,1,1,0,1,0,0,1,1,,,,,,,0,0,1,0,0,0
MLI,270001,2021,270,1,2,1,3,1,1,1,1,1,1,1,0,1,0,1,0,1,1,1,0,0,0,0,1,0,,,,,,,0,0,1,0,0,0
MLI,270002,2021,270,2,2,2,3,1,1,1,1,1,1,1,0,0,0,1,0,1,1,1,0,1,0,1,1,1,,2.0,40.0,0.0,0.0,140.0,0,1,0,0,0,0
MLI,270003,2021,270,3,2,1,2,1,1,1,1,1,1,1,0,1,0,0,0,1,1,0,0,0,0,0,0,0,,4.0,5.0,0.0,0.0,10.0,0,0,0,0,0,0
MLI,270004,2021,270,4,2,1,3,1,1,1,1,1,1,1,0,1,0,1,0,1,1,1,0,0,0,0,1,0,,,,,,,0,1,1,0,0,0
MLI,270005,2021,270,5,2,1,1,1,1,1,1,1,0,0,1,1,0,0,0,4,3,1,0,0,0,0,1,0,,,,,,,0,0,1,0,0,0
MLI,270006,2021,270,6,2,2,1,1,1,1,1,1,0,0,1,0,0,1,0,4,3,0,0,0,0,0,0,0,,2.0,8.0,0.0,0.0,22.0,0,0,0,0,0,0
MLI,270007,2021,270,7,2,1,2,1,1,1,1,1,1,1,0,1,0,1,0,1,1,1,0,0,0,0,0,0,,0.0,10.0,0.0,0.0,0.0,0,0,0,0,0,0
MLI,270008,2021,270,8,2,1,3,1,1,1,1,1,1,1,0,1,0,0,0,1,1,0,0,0,0,0,0,0,,,,,,,0,0,0,0,0,0
MLI,270009,2021,270,9,2,1,1,1,1,1,1,1,1,1,0,0,0,1,0,1,1,1,0,1,0,0,0,0,,8.0,36.0,0.0,0.0,160.0,0,0,1,0,0,0
MLI,270010,2021,270,10,2,1,1,1,1,1,1,1,0,0,1,0,0,1,0,4,3,0,0,0,0,0,0,0,,5.0,0.0,0.0,0.0,118.0,0,0,0,1,0,0
MLI,270011,2021,270,11,2,1,3,1,1,1,1,1,1,1,0,1,0,1,0,1,1,0,0,0,0,0,0,0,,,,,,,0,0,0,0,0,0
MLI,270012,2021,270,12,2,2,2,1,1,1,1,1,1,1,0,1,0,1,0,1,1,1,0,0,0,0,1,0,7.749999940395355,8.0,17.0,0.0,0.0,15.0,0,0,1,0,0,0
MLI,271001,2021,271,1,1,1,2,1,1,0,0,0,0,0,1,1,0,0,0,4,3,0,0,0,0,0,0,0,11.080000281333923,11.0,6.0,0.0,0.0,28.0,1,1,0,0,0,0
MLI,271002,2021,271,2,1,1,4,1,1,1,1,1,0,0,1,1,0,0,0,4,3,1,0,0,0,0,1,0,0.8399999737739563,1.0,0.0,0.0,0.0,22.0,0,1,0,0,0,0
MLI,271003,2021,271,3,1,2,2,1,1,1,0,0,0,0,1,1,0,0,0,4,3,0,0,0,0,0,0,0,13.949999809265137,6.0,4.0,0.0,0.0,7.0,0,1,0,0,0,0
MLI,271004,2021,271,4,1,1,2,1,1,0,0,0,0,0,1,0,0,0,0,4,3,1,0,0,0,0,1,0,9.38000026345253,10.0,17.0,0.0,0.0,30.0,0,1,0,0,0,0
MLI,271005,2021,271,5,1,1,2,1,1,1,1,1,0,0,1,1,0,0,0,4,3,0,0,0,0,0,0,0,8.830000132322311,4.0,18.0,0.0,0.0,10.0,0,1,0,0,0,0
MLI,271006,2021,271,6,1,1,2,1,1,1,1,1,0,0,0,1,0,0,0,4,5,0,0,0,0,0,0,0,4.350000023841858,1.0,4.0,0.0,0.0,5.0,0,1,0,0,0,0
MLI,271007,2021,271,7,1,1,2,1,1,1,1,1,0,0,1,1,0,0,0,4,3,0,0,0,0,0,0,0,5.289999961853027,54.0,60.0,0.0,0.0,15.0,0,1,0,0,0,0
MLI,271008,2021,271,8,1,2,2,0,1,1,1,1,0,0,1,0,0,0,0,4,3,0,0,0,0,0,0,0,10.23999959230423,9.0,3.0,0.0,0.0,7.0,1,1,0,0,0,0
MLI,271009,2021,271,9,1,1,2,0,0,0,0,0,0,0,0,0,0,0,0,4,5,0,0,0,0,0,0,0,2.8299999833106995,3.0,5.0,0.0,0.0,23.0,1,1,0,0,0,0
MLI,271010,2021,271,10,1,2,2,1,0,0,0,0,0,0,1,1,0,0,0,4,3,0,0,0,0,0,0,0,6.739999830722809,3.0,10.0,0.0,0.0,35.0,1,1,0,0,0,0
MLI,271011,2021,271,11,1,1,2,0,0,0,0,1,0,0,1,0,0,0,0,4,3,0,0,0,0,0,0,0,13.770000219345093,10.0,2.0,0.0,0.0,4.0,1,1,0,0,0,0
MLI,271012,2021,271,12,1,1,2,0,1,1,1,1,0,0,1,0,0,0,0,4,3,0,0,0,0,0,0,0,12.990000247955322,5.0,10.0,0.0,0.0,75.0,1,1,0,0,0,0
MLI,273001,2021,273,1,2,1,2,1,1,1,1,1,0,0,1,0,0,0,0,4,3,0,0,0,0,0,0,0,2.0900000035762787,8.0,0.0,0.0,0.0,4.0,0,1,1,0,0,0
MLI,273002,2021,273,2,2,1,2,1,1,1,1,1,0,0,0,0,0,0,0,4,5,0,0,0,0,0,0,0,8.383545875549316,4.0,2.0,0.0,0.0,0.0,0,1,0,0,0,0
MLI,273003,2021,273,3,2,1,2,1,0,0,1,1,0,0,1,0,0,0,0,4,3,0,0,0,0,0,0,0,4.009999871253967,14.0,31.0,0.0,0.0,25.0,0,1,1,0,0,0
MLI,273004,2021,273,4,2,1,2,1,1,0,1,1,0,0,1,0,0,1,0,4,3,0,0,0,0,0,0,0,13.46999979019165,2.0,5.0,0.0,0.0,10.0,0,1,1,0,0,0
MLI,273005,2021,273,5,2,1,2,1,1,1,1,1,0,0,0,0,0,0,0,4,5,0,0,0,0,0,0,0,3.5899999737739563,1.0,1.0,0.0,0.0,4.0,0,1,1,0,0,0
MLI,273006,2021,273,6,2,1,2,1,1,0,1,1,0,0,1,0,0,0,0,4,3,0,0,0,0,0,0,0,5.710000038146973,7.0,17.0,0.0,0.0,18.0,0,1,1,0,0,0
MLI,273007,2021,273,7,2,1,2,1,1,0,1,1,0,0,1,0,0,0,0,4,3,0,0,0,0,0,0,0,3.9899998903274536,8.0,8.0,0.0,0.0,10.0,0,1,1,0,0,0
MLI,273008,2021,273,8,2,1,2,1,1,1,1,1,0,0,1,0,0,0,0,4,3,0,0,0,0,0,0,0,3.205899953842163,1.0,4.0,0.0,0.0,12.0,0,1,0,0,0,0
MLI,273009,2021,273,9,2,1,2,1,1,0,0,0,0,0,1,0,0,0,0,4,3,0,0,0,0,0,0,0,2.8703999519348145,19.0,33.0,0.0,0.0,20.0,0,1,1,0,0,0
MLI,273010,2021,273,10,2,1,2,1,1,0,1,1,0,0,1,0,0,0,0,4,3,0,0,0,0,0,0,0,3.77510005235672,6.0,25.0,0.0,0.0,40.0,0,1,1,0,0,0
MLI,273011,2021,273,11,2,1,2,1,1,0,1,1,0,0,1,0,0,1,0,4,3,1,0,0,0,0,1,0,12.995999813079834,23.0,21.0,0.0,0.0,20.0,0,1,1,0,0,0
MLI,273012,2021,273,12,2,1,2,1,1,1,1,1,0,0,1,0,0,0,0,4,3,0,0,0,0,0,0,0,7.719999969005585,5.0,0.0,0.0,0.0,6.0,0,1,0,0,0,0
MLI,274001,2021,274,1,2,1,2,1,1,0,0,0,0,0,1,0,0,1,0,4,3,0,0,0,0,0,0,0,2.6800000071525574,14.0,16.0,0.0,0.0,5.0,0,1,1,0,0,0
MLI,274002,2021,274,2,2,1,2,1,1,0,1,1,0,0,1,0,0,0,0,4,3,0,0,0,0,0,0,0,4.100000023841858,1.0,0.0,0.0,0.0,6.0,0,1,0,0,0,0
MLI,274003,2021,274,3,2,1,2,1,1,0,1,1,0,0,1,0,0,0,0,4,3,0,0,0,0,0,0,0,3.085029125213623,12.0,19.0,0.0,0.0,0.0,0,1,0,0,0,0
MLI,274004,2021,274,4,2,1,2,1,1,1,0,0,0,0,1,0,0,0,0,4,3,0,0,0,0,0,0,0,,4.0,2.0,0.0,0.0,0.0,0,1,0,0,0,0
MLI,274005,2021,274,5,2,1,2,1,1,0,1,1,0,0,1,0,0,0,0,4,3,0,0,0,0,0,0,0,2.415005087852478,8.0,13.0,0.0,0.0,20.0,0,1,1,0,0,0
MLI,274006,2021,274,6,2,1,2,1,1,1,0,0,0,0,1,0,0,0,0,4,3,0,0,0,0,0,0,0,7.092296287417412,5.0,6.0,0.0,0.0,9.0,1,1,0,1,0,0
MLI,274007,2021,274,7,2,1,2,1,1,0,0,0,0,0,1,0,0,0,0,4,3,0,0,0,0,0,0,0,3.7200000286102295,20.0,4.0,0.0,0.0,8.0,0,1,1,0,0,0
MLI,274008,2021,274,8,2,1,2,1,1,0,0,0,0,0,1,0,0,0,0,4,3,0,0,0,0,0,0,0,2.2200000286102295,4.0,7.0,0.0,0.0,10.0,0,1,1,0,0,0
MLI,274009,2021,274,9,2,1,2,1,1,0,1,1,0,0,1,0,0,0,0,4,3,1,0,0,0,0,0,0,3.534682273864746,19.0,25.0,0.0,0.0,47.0,0,1,1,0,0,0
MLI,274010,2021,274,10,2,1,2,1,1,0,0,0,0,0,1,0,0,0,0,4,3,0,0,0,0,0,0,0,3.310557007789612,3.0,5.0,0.0,0.0,12.0,0,1,1,0,0,0
MLI,274011,2021,274,11,2,1,2,1,1,0,1,1,0,0,1,0,0,1,0,4,3,0,0,0,0,0,0,0,1.8223999738693237,12.0,22.0,0.0,0.0,26.0,0,1,1,0,0,0
MLI,274012,2021,274,12,2,1,2,1,1,0,0,0,0,0,1,0,0,0,0,4,3,0,0,0,0,0,0,0,4.5454830676317215,2.0,6.0,0.0,0.0,8.0,0,1,0,0,0,0
MLI,275001,2021,275,1,2,1,2,1,1,0,0,0,0,0,0,0,0,0,0,4,5,0,0,0,0,0,0,0,2.6872000694274902,2.0,8.0,0.0,0.0,21.0,0,1,1,0,0,0
MLI,275002,2021,275,2,2,1,2,1,1,0,1,1,0,0,1,0,0,0,0,4,3,0,0,0,0,0,0,0,5.678400218486786,1.0,1.0,0.0,0.0,12.0,0,1,1,0,0,0
MLI,275003,2021,275,3,2,1,2,1,1,0,0,0,0,0,1,0,0,0,0,4,3,0,0,0,0,0,0,0,3.6798999309539795,6.0,15.0,0.0,0.0,33.0,0,1,0,0,0,0
MLI,275004,2021,275,4,2,1,2,1,1,0,1,1,0,0,1,0,0,0,0,4,3,0,0,0,0,0,0,0,2.3801000118255615,3.0,4.0,0.0,0.0,24.0,0,1,1,0,0,0
MLI,275005,2021,275,5,2,1,2,1,1,1,1,1,0,0,1,0,0,0,0,4,3,0,0,0,0,0,0,0,6.566918790340424,6.0,9.0,0.0,0.0,0.0,0,1,0,0,0,0
MLI,275006,2021,275,6,2,1,2,1,1,1,1,1,0,0,1,0,0,0,0,4,3,0,0,0,0,0,0,0,6.269999906420708,8.0,17.0,0.0,0.0,30.0,0,1,1,0,0,0
MLI,275007,2021,275,7,2,1,2,1,1,1,1,1,0,0,1,0,0,0,0,4,3,0,0,0,0,0,0,0,5.280000030994415,7.0,44.0,0.0,0.0,0.0,0,1,1,0,0,0
MLI,275008,2021,275,8,2,1,2,1,1,1,0,0,0,0,1,0,0,0,0,4,3,0,0,0,0,0,0,0,10.210253834724426,5.0,0.0,0.0,0.0,10.0,0,1,1,0,0,0
MLI,275009,2021,275,9,2,1,2,1,1,1,1,1,0,0,1,0,0,1,0,4,3,1,0,0,0,0,1,0,3.199999988079071,6.0,19.0,0.0,0.0,22.0,0,1,1,0,0,0
MLI,275010,2021,275,10,2,1,2,0,0,0,1,1,0,0,1,0,0,0,0,4,3,0,0,0,0,0,0,0,3.0299999713897705,9.0,25.0,0.0,0.0,20.0,0,1,1,0,0,0
MLI,275011,2021,275,11,2,1,2,1,0,0,1,1,0,0,1,0,0,0,0,4,3,0,0,0,0,0,0,0,2.5399999618530273,6.0,12.0,0.0,0.0,26.0,0,1,1,0,0,0
MLI,275012,2021,275,12,2,1,2,1,1,1,1,1,0,0,1,0,0,0,0,4,3,0,0,0,0,0,0,0,3.7500001192092896,30.0,45.0,0.0,0.0,50.0,0,1,1,0,0,0
MLI,286001,2021,286,1,2,1,2,1,0,0,0,0,0,0,0,0,0,0,0,4,5,0,0,0,0,0,0,0,1.75,2.0,7.0,0.0,0.0,0.0,1,1,1,0,0,0
MLI,286002,2021,286,2,2,1,2,0,0,0,0,0,0,0,1,0,0,0,0,4,3,0,0,0,0,0,0,0,3.5800000727176666,1.0,33.0,0.0,0.0,0.0,0,1,1,0,0,0
MLI,286003,2021,286,3,2,1,2,1,0,0,0,0,0,0,0,0,0,0,0,4,6,0,0,0,0,0,0,0,,8.0,28.0,0.0,0.0,22.0,0,1,0,0,0,0
MLI,286004,2021,286,4,2,1,2,1,0,0,0,0,0,0,1,0,0,0,0,4,3,0,0,0,0,0,0,0,7.467299938201904,24.0,40.0,0.0,0.0,18.0,0,1,0,0,0,0
MLI,286005,2021,286,5,2,1,2,1,1,1,0,0,0,0,1,0,0,1,0,4,3,1,0,0,0,0,1,0,,33.0,12.0,0.0,0.0,18.0,0,1,1,0,0,0
MLI,286006,2021,286,6,2,1,4,1,0,0,0,0,0,0,1,0,0,0,0,4,3,0,0,0,0,0,0,0,,0.0,10.0,0.0,0.0,16.0,1,0,0,0,0,0
MLI,286007,2021,286,7,2,1,2,1,1,0,0,0,0,0,0,0,0,0,0,4,5,0,0,0,0,0,0,0,3.659999907016754,12.0,50.0,0.0,0.0,0.0,0,1,0,0,0,0
MLI,286008,2021,286,8,2,1,2,1,1,1,0,0,0,0,0,0,0,0,0,4,5,0,0,0,0,0,0,0,,3.0,8.0,0.0,0.0,0.0,0,1,0,0,0,0
MLI,286009,2021,286,9,2,1,2,1,0,0,0,0,0,0,1,0,0,0,0,4,3,0,0,0,0,0,0,0,11.333000183105469,17.0,32.0,0.0,0.0,0.0,0,1,0,0,0,0
MLI,286010,2021,286,10,2,1,2,1,0,0,0,0,0,0,0,0,0,0,0,4,5,0,0,0,0,0,0,0,,4.0,7.0,0.0,0.0,0.0,1,0,0,0,0,0
MLI,286011,2021,286,11,2,1,2,1,0,0,0,0,0,0,0,0,0,0,0,4,5,0,0,0,0,0,0,0,0.5900000035762787,2.0,14.0,0.0,0.0,0.0,0,1,0,0,0,0
MLI,286012,2021,286,12,2,1,2,1,0,0,0,0,0,0,0,0,0,0,0,4,6,0,0,0,0,0,0,0,,10.0,14.0,0.0,0.0,22.0,1,1,1,0,0,0
MLI,289001,2021,289,1,1,1,2,1,1,0,1,1,0,0,1,0,0,0,0,4,3,1,0,0,0,0,1,0,0.9500000029802322,3.0,6.0,0.0,0.0,50.0,1,1,0,0,0,0
MLI,289002,2021,289,2,1,1,2,1,1,0,1,0,0,0,1,0,0,0,0,4,3,0,0,0,0,0,0,0,1.7700000405311584,0.0,0.0,0.0,0.0,20.0,0,1,0,0,0,0
MLI,289003,2021,289,3,1,1,2,1,0,0,1,1,0,0,1,0,0,0,0,4,3,0,0,0,0,0,0,0,2.1299999952316284,0.0,2.0,0.0,0.0,20.0,1,1,0,0,0,0
MLI,289004,2021,289,4,1,1,2,1,1,1,1,1,0,0,1,0,0,0,0,4,3,1,0,0,0,0,1,0,,0.0,10.0,0.0,0.0,0.0,0,0,0,0,0,0
MLI,289005,2021,289,5,1,2,2,1,1,0,1,1,0,0,1,0,0,0,0,4,3,0,0,0,0,0,0,0,6.2500001192092896,44.0,17.0,0.0,0.0,55.0,0,1,0,0,0,0
MLI,289006,2021,289,6,1,2,1,1,1,1,1,1,0,0,1,0,0,0,0,4,3,0,0,0,0,0,0,0,,4.0,0.0,0.0,0.0,12.0,0,1,0,0,0,0
MLI,289007,2021,289,7,1,1,2,1,1,1,0,0,0,0,1,0,0,0,0,4,3,0,0,0,0,0,0,0,4.21000000834465,7.0,0.0,0.0,0.0,25.0,0,1,0,0,0,0
MLI,289008,2021,289,8,1,1,2,1,1,1,1,1,0,0,1,0,0,0,0,4,3,0,0,0,0,0,0,0,6.740000069141388,23.0,75.0,0.0,0.0,25.0,0,1,0,0,0,0
MLI,289009,2021,289,9,1,1,2,0,1,0,0,0,0,0,1,0,0,0,0,4,3,1,0,0,0,0,0,0,8.219999954104424,4.0,2.0,2.0,0.0,20.0,1,1,1,0,0,0
MLI,289010,2021,289,10,1,1,2,0,1,0,1,1,0,0,1,0,0,0,0,4,3,1,0,0,0,0,1,0,2.6899999380111694,6.0,4.0,0.0,0.0,0.0,1,1,1,1,0,0
MLI,289011,2021,289,11,1,2,2,0,1,0,1,1,0,0,1,0,0,0,0,4,3,0,0,0,0,0,0,0,2.799999952316284,4.0,3.0,0.0,0.0,3.0,0,1,0,0,0,0
MLI,289012,2021,289,12,1,1,2,0,1,0,1,1,0,0,0,0,0,0,0,4,5,0,0,0,0,0,0,0,1.6900000125169754,0.0,0.0,0.0,0.0,30.0,1,1,0,0,0,0
MLI,292001,2021,292,1,2,1,2,1,0,0,0,0,0,0,1,0,0,0,0,4,3,0,0,0,0,0,0,0,,26.0,34.0,0.0,0.0,15.0,0,1,0,0,0,0
MLI,292002,2021,292,2,2,1,2,1,0,0,0,0,0,0,0,0,0,0,0,4,5,0,0,0,0,0,0,0,3.859999895095825,6.0,6.0,0.0,0.0,0.0,0,1,0,0,0,0
MLI,292003,2021,292,3,2,1,2,1,0,0,0,0,0,0,1,0,0,0,0,4,3,0,0,0,0,0,0,0,0.4374000132083893,11.0,30.0,0.0,0.0,15.0,0,1,0,0,0,0
MLI,292004,2021,292,4,2,1,2,1,0,0,0,0,0,0,0,0,0,0,0,4,5,0,0,0,0,0,0,0,,28.0,34.0,0.0,0.0,15.0,0,1,1,0,0,0
MLI,292005,2021,292,5,2,1,2,1,0,0,0,0,0,0,0,0,0,0,0,4,5,0,0,0,0,0,0,0,,3.0,10.0,0.0,0.0,0.0,0,1,0,0,0,0
MLI,292006,2021,292,6,2,1,2,1,1,0,0,0,0,0,1,0,0,0,0,4,3,0,0,0,0,0,0,0,2.178100109100342,24.0,31.0,0.0,0.0,18.0,0,1,0,1,0,0
MLI,292007,2021,292,7,2,1,2,1,0,0,0,0,0,0,1,0,0,0,0,4,3,0,0,0,0,0,0,0,,2.0,32.0,0.0,0.0,0.0,0,1,1,0,0,0
MLI,292008,2021,292,8,2,1,2,1,0,0,0,0,0,0,0,0,0,0,0,4,5,0,0,0,0,0,0,0,,18.0,26.0,0.0,0.0,0.0,0,1,1,0,0,0
MLI,292009,2021,292,9,2,1,2,1,0,0,0,0,0,0,1,0,0,0,0,4,3,0,0,0,0,0,0,0,2.9802229404449463,19.0,40.0,0.0,0.0,30.0,0,1,0,0,0,0
MLI,292010,2021,292,10,2,1,2,1,0,0,0,0,0,0,0,0,0,0,0,4,5,0,0,0,0,0,0,0,,1.0,9.0,0.0,0.0,0.0,0,0,0,0,0,0
MLI,292011,2021,292,11,2,1,2,1,0,0,0,0,0,0,0,0,0,0,0,4,5,0,0,0,0,0,0,0,5.2499998807907104,8.0,8.0,0.0,0.0,0.0,0,1,1,0,0,0
MLI,292012,2021,292,12,2,1,2,1,0,0,0,0,0,0,0,0,0,0,0,4,5,0,0,0,0,0,0,0,,21.0,9.0,0.0,0.0,0.0,0,1,0,0,0,0
MLI,293001,2021,293,1,1,1,2,1,0,1,1,1,1,1,0,0,0,0,0,1,1,1,0,0,0,0,1,0,,1.0,1.0,0.0,0.0,28.0,1,0,0,0,0,0
MLI,293002,2021,293,2,1,1,1,1,1,1,1,1,1,1,0,0,1,1,0,1,1,1,0,1,0,0,1,1,,,,,,,0,0,0,0,0,0
MLI,293003,2021,293,3,1,2,2,1,1,1,1,1,1,1,0,0,0,0,0,1,1,1,0,1,0,0,0,0,,2.0,2.0,0.0,0.0,10.0,0,0,0,0,0,0
MLI,293004,2021,293,4,1,1,3,1,1,0,1,1,0,0,1,0,0,0,0,4,3,1,0,0,0,0,1,0,,21.0,4.0,0.0,0.0,0.0,0,0,0,0,1,0
MLI,293005,2021,293,5,1,2,1,1,1,1,1,1,1,1,0,1,0,0,0,1,1,1,0,0,0,0,1,0,,,,,,,0,0,0,1,1,0
MLI,293006,2021,293,6,1,1,1,1,1,1,1,1,1,1,0,1,0,0,0,1,1,1,0,0,0,0,1,0,5.122748613357544,4.0,6.0,0.0,0.0,4.0,0,1,0,0,1,0
MLI,293007,2021,293,7,1,1,1,1,1,1,1,1,1,1,0,0,0,0,0,1,1,0,0,0,0,0,0,0,,,,,,,0,0,0,0,1,0
MLI,293008,2021,293,8,1,1,1,1,1,0,1,1,0,0,0,0,0,0,0,4,5,0,0,0,0,0,0,0,,,,,,,0,0,0,0,1,0
MLI,293009,2021,293,9,1,1,1,0,0,0,1,1,1,1,0,0,0,0,0,1,1,0,0,0,0,0,0,0,6.749297857284546,7.0,30.0,0.0,0.0,49.0,1,1,0,0,0,0
MLI,293010,2021,293,10,1,1,1,0,1,0,1,1,1,1,0,0,0,0,0,1,1,1,0,0,0,0,1,0,,,,,,,1,0,0,0,0,0
MLI,293011,2021,293,11,1,1,3,0,1,0,1,1,1,1,0,1,0,0,0,1,1,0,0,0,0,0,0,0,,,,,,,1,0,0,0,0,0
MLI,293012,2021,293,12,1,1,3,0,1,0,1,1,1,1,0,1,0,0,0,1,1,1,0,0,0,0,0,0,,,,,,,1,0,0,1,0,0
MLI,294001,2021,294,1,2,1,2,1,1,0,0,0,0,0,1,0,0,1,0,4,3,0,0,0,0,0,0,0,6.443784415721893,3.0,0.0,0.0,0.0,9.0,0,1,1,0,0,0
MLI,294002,2021,294,2,2,1,2,1,0,0,0,0,0,0,1,0,0,0,0,4,3,0,0,0,0,0,0,0,4.997499942779541,19.0,24.0,0.0,0.0,14.0,0,1,1,0,0,0
MLI,294003,2021,294,3,2,1,2,1,0,0,0,0,0,0,1,0,0,0,0,4,3,0,0,0,0,0,0,0,11.970600128173828,22.0,65.0,0.0,0.0,60.0,0,1,0,0,0,0
MLI,294004,2021,294,4,2,2,2,1,0,0,1,1,0,0,1,0,0,1,0,4,3,0,0,0,0,0,0,0,2.919999986886978,2.0,8.0,0.0,0.0,20.0,0,1,1,0,0,0
MLI,294005,2021,294,5,2,1,2,1,1,1,0,0,0,0,1,1,0,1,0,4,3,0,0,0,0,0,0,0,5.299999833106995,13.0,11.0,0.0,0.0,20.0,0,1,1,0,0,0
MLI,294006,2021,294,6,2,1,2,1,0,0,0,0,0,0,1,0,0,0,0,4,3,1,0,0,0,0,0,0,,37.0,50.0,0.0,0.0,74.0,0,1,1,0,0,0
MLI,294007,2021,294,7,2,1,2,1,1,1,1,1,0,0,1,0,0,0,0,4,3,0,0,0,0,0,0,0,4.010000109672546,1.0,2.0,0.0,0.0,8.0,0,1,1,0,0,0
MLI,294008,2021,294,8,2,1,2,1,1,1,1,1,0,0,1,0,0,0,0,4,3,0,0,0,0,0,0,0,3.8799999952316284,3.0,0.0,0.0,0.0,10.0,0,1,0,0,0,0
MLI,294009,2021,294,9,2,1,2,1,1,1,0,0,0,0,1,0,0,0,0,4,3,0,0,0,0,0,0,0,5.9499998688697815,4.0,1.0,0.0,0.0,0.0,0,1,0,0,0,0
MLI,294010,2021,294,10,2,1,2,1,0,0,0,0,0,0,1,0,0,0,0,4,3,1,0,0,0,0,0,0,,22.0,50.0,0.0,0.0,65.0,0,1,1,0,0,0
MLI,294011,2021,294,11,2,1,2,1,0,0,0,0,0,0,1,0,0,0,0,4,3,0,0,0,0,0,0,0,12.96999979019165,4.0,14.0,0.0,0.0,30.0,0,1,1,0,0,0
MLI,294012,2021,294,12,2,1,2,1,0,0,0,0,0,0,1,0,0,0,0,4,3,0,0,0,0,0,0,0,5.379999876022339,2.0,3.0,0.0,0.0,12.0,0,1,1,0,0,0
MLI,295001,2021,295,1,1,1,2,1,0,1,1,1,0,0,0,0,0,0,0,4,5,0,0,0,0,0,0,0,2.1211190819740295,1.0,3.0,0.0,0.0,0.0,0,1,0,0,0,0
MLI,295002,2021,295,2,1,1,2,1,1,1,1,1,0,0,1,0,0,0,0,4,3,1,0,1,0,0,0,0,2.0051751136779785,10.0,13.0,0.0,0.0,10.0,0,1,0,0,0,0
MLI,295003,2021,295,3,1,1,2,1,1,1,0,0,0,0,1,0,0,0,0,4,3,0,0,0,0,0,0,0,4.2489858865737915,7.0,7.0,0.0,0.0,4.0,0,1,0,0,0,0
MLI,295004,2021,295,4,1,1,2,1,0,1,1,1,0,0,1,0,0,0,0,4,3,0,0,0,0,0,0,0,16.473178148269653,7.0,14.0,0.0,0.0,0.0,0,1,0,0,0,0
MLI,295005,2021,295,5,1,1,1,1,1,1,1,1,1,1,0,1,0,0,0,1,1,1,0,0,0,0,1,0,6.064283132553101,4.0,2.0,0.0,0.0,0.0,0,1,0,0,1,0
MLI,295006,2021,295,6,1,2,1,1,1,1,1,1,0,0,1,0,0,0,0,4,3,0,0,0,0,0,0,0,8.171562194824219,3.0,2.0,0.0,0.0,8.0,0,1,0,0,1,0
MLI,295007,2021,295,7,1,1,1,1,1,1,1,1,1,1,0,1,0,0,0,1,1,1,0,0,0,0,0,0,7.485896348953247,3.0,2.0,0.0,0.0,15.0,0,1,0,0,1,0
MLI,295008,2021,295,8,1,1,1,1,1,1,1,1,1,1,0,1,0,0,0,1,1,1,0,0,0,0,0,0,,0.0,8.0,0.0,0.0,4.0,0,0,0,1,1,0
MLI,295009,2021,295,9,1,1,1,0,1,0,1,1,0,0,1,0,0,0,0,4,3,0,0,0,0,0,0,0,4.687196493148804,1.0,0.0,0.0,0.0,0.0,1,1,0,0,0,0
MLI,295010,2021,295,10,1,1,1,1,1,1,1,1,1,1,0,0,1,1,1,1,1,1,0,0,0,0,1,0,7.913776397705078,3.0,0.0,0.0,0.0,0.0,1,1,1,0,0,0
MLI,295011,2021,295,11,1,1,1,1,1,0,1,1,1,1,0,0,0,0,0,1,1,1,0,0,0,0,1,0,7.381198406219482,7.0,4.0,0.0,0.0,13.0,1,1,0,0,0,0
MLI,295012,2021,295,12,1,1,1,1,1,1,1,1,1,1,0,0,0,0,1,1,1,1,0,0,0,0,1,0,5.571507811546326,7.0,7.0,0.0,0.0,15.0,0,1,0,0,0,0
MLI,301001,2021,301,1,2,1,2,0,1,0,1,0,0,0,1,1,0,0,0,4,3,0,0,0,0,0,0,0,2.8299999237060547,0.0,3.0,0.0,0.0,5.0,1,1,1,0,0,0
MLI,301002,2021,301,2,2,1,2,0,1,1,1,1,0,0,1,1,0,0,0,4,3,1,0,0,0,0,0,0,3.6499999165534973,0.0,15.0,0.0,0.0,20.0,1,1,1,0,0,0
MLI,301003,2021,301,3,2,1,2,0,1,1,1,1,0,0,1,1,0,0,0,4,3,1,0,0,0,0,1,0,3.330000013113022,5.0,5.0,0.0,0.0,119.0,1,1,0,0,0,0
MLI,301004,2021,301,4,2,1,2,0,1,1,1,1,0,0,1,1,0,0,0,4,3,1,0,0,0,0,1,0,2.6399999260902405,0.0,2.0,0.0,0.0,5.0,0,1,0,0,0,0
MLI,301005,2021,301,5,2,1,2,1,1,1,1,1,0,0,1,0,1,1,0,4,3,1,0,0,0,0,0,0,6.216102868318558,4.0,5.0,0.0,0.0,5.0,1,1,0,0,0,0
MLI,301006,2021,301,6,2,1,2,0,1,0,1,1,0,0,1,0,1,1,0,4,3,1,0,0,0,0,0,0,2.0300000309944153,13.0,14.0,0.0,0.0,12.0,0,0,0,0,0,0
MLI,301007,2021,301,7,2,1,2,0,1,0,1,1,0,0,1,0,0,1,0,4,3,0,0,0,0,0,0,0,5.070183992385864,0.0,11.0,0.0,0.0,3.0,0,1,0,0,0,0
MLI,301008,2021,301,8,2,1,2,0,1,0,1,1,0,0,1,0,1,1,0,4,3,0,0,0,0,0,0,0,4.030544638633728,9.0,5.0,0.0,0.0,8.0,0,1,0,0,0,0
MLI,301009,2021,301,9,2,1,2,1,1,0,1,1,0,0,1,0,0,0,0,4,3,0,0,0,0,0,0,0,2.75,2.0,4.0,0.0,0.0,52.0,1,0,1,0,0,0
MLI,301010,2021,301,10,2,1,2,1,1,1,1,1,0,0,1,0,0,0,0,4,3,0,0,0,0,0,0,0,2.430000051856041,6.0,0.0,0.0,0.0,0.0,0,0,1,0,0,0
MLI,301011,2021,301,11,2,1,2,1,1,1,1,1,0,0,1,0,0,0,0,4,3,1,0,0,0,0,1,0,6.035485744476318,3.0,0.0,0.0,0.0,0.0,1,0,1,0,0,0
MLI,301012,2021,301,12,2,1,2,1,1,1,1,1,0,0,1,0,0,0,0,4,3,1,0,0,0,0,0,0,1.9800000190734863,5.0,0.0,0.0,0.0,300.0,0,1,1,0,0,0
MLI,302001,2021,302,1,2,1,2,0,1,0,0,0,0,0,1,1,0,0,0,4,3,1,0,0,0,0,1,0,6.441451549530029,18.0,10.0,0.0,0.0,12.0,0,0,0,0,0,0
MLI,302002,2021,302,2,2,1,2,0,1,0,1,1,0,0,1,1,0,0,0,4,3,0,0,0,0,0,0,0,5.375232398509979,10.0,14.0,0.0,0.0,73.0,0,1,0,0,0,0
MLI,302003,2021,302,3,2,1,2,0,1,0,0,0,0,0,1,1,0,0,0,4,3,0,0,0,0,0,0,0,3.305323362350464,12.0,17.0,0.0,0.0,25.0,0,1,0,0,0,0
MLI,302004,2021,302,4,2,1,2,0,1,0,0,0,0,0,1,1,0,0,0,4,3,1,0,0,0,0,1,0,9.341430187225342,20.0,7.0,0.0,0.0,44.0,1,1,0,0,0,0
MLI,302005,2021,302,5,2,1,2,0,1,0,0,1,0,0,1,1,1,1,0,4,3,1,0,0,0,0,0,0,5.645473599433899,9.0,10.0,0.0,0.0,17.0,0,1,0,0,0,0
MLI,302006,2021,302,6,2,1,2,0,1,0,0,0,0,0,1,0,1,1,0,4,3,1,0,0,0,0,0,0,12.111423969268799,7.0,10.0,0.0,0.0,16.0,0,1,0,1,0,0
MLI,302007,2021,302,7,2,1,2,0,1,0,1,1,0,0,1,0,1,1,0,4,3,0,0,0,0,0,0,0,6.927600741386414,22.0,27.0,0.0,0.0,0.0,1,1,0,0,0,0
MLI,302008,2021,302,8,2,1,2,0,1,0,0,0,0,0,1,0,1,0,0,4,3,0,0,0,0,0,0,0,6.2997002601623535,19.0,19.0,0.0,0.0,34.0,1,1,0,0,0,0
MLI,302009,2021,302,9,2,1,2,1,1,0,1,1,0,0,1,0,0,0,0,4,3,0,0,0,0,0,0,0,9.456398606300354,41.0,35.0,0.0,0.0,0.0,0,1,1,0,0,0
MLI,302010,2021,302,10,2,1,2,1,1,0,1,1,0,0,1,0,0,0,0,4,3,1,0,0,0,0,1,0,10.529646873474121,10.0,14.0,0.0,0.0,0.0,0,1,1,0,0,0
MLI,302011,2021,302,11,2,1,2,1,0,0,1,1,0,0,1,0,0,0,0,4,3,0,0,0,0,0,0,0,8.232955753803253,7.0,19.0,0.0,0.0,0.0,0,0,1,1,0,0
MLI,302012,2021,302,12,2,1,2,1,1,0,1,1,0,0,1,0,0,0,0,4,3,1,0,0,0,0,0,0,6.080586075782776,0.0,1.0,0.0,0.0,0.0,0,1,0,0,0,0
MLI,303001,2021,303,1,1,1,2,1,1,0,1,1,0,0,1,0,0,0,0,4,3,1,0,0,0,0,0,0,3.490499868988991,28.0,16.0,0.0,0.0,24.0,0,1,0,0,0,0
MLI,303002,2021,303,2,1,1,2,1,1,1,1,1,0,0,1,0,0,0,0,4,3,1,0,0,0,0,1,0,9.175500325858593,21.0,16.0,0.0,0.0,4.0,1,1,1,0,0,0
MLI,303003,2021,303,3,1,1,2,1,1,0,0,0,0,0,1,0,0,0,0,4,3,0,0,0,0,0,0,0,1.9122000522911549,7.0,10.0,0.0,0.0,23.0,0,0,1,0,0,0
MLI,303004,2021,303,4,1,1,2,1,1,0,1,1,0,0,1,0,0,0,0,4,3,1,0,0,0,0,0,0,2.3507999926805496,2.0,9.0,0.0,0.0,0.0,0,0,1,0,0,0
MLI,303005,2021,303,5,1,1,2,1,1,0,1,1,0,0,1,0,0,0,0,4,3,0,0,0,0,0,0,0,3.9544999599456787,1.0,8.0,0.0,0.0,30.0,1,0,1,0,1,0
MLI,303006,2021,303,6,1,1,2,1,1,0,1,1,0,0,1,0,0,0,0,4,3,0,0,0,0,0,0,0,2.41430002450943,5.0,0.0,0.0,0.0,50.0,0,1,1,0,1,0
MLI,303007,2021,303,7,1,1,2,1,1,1,1,1,0,0,1,0,0,0,0,4,3,0,0,0,0,0,0,0,2.6442999839782715,7.0,7.0,0.0,0.0,40.0,1,1,1,0,0,0
MLI,303008,2021,303,8,1,1,2,1,1,1,1,1,0,0,1,0,0,0,0,4,3,0,0,0,0,0,0,0,1.6305999755859375,0.0,7.0,0.0,0.0,0.0,1,0,1,0,0,0
MLI,303009,2021,303,9,1,1,2,1,1,0,0,0,0,0,0,0,0,0,0,4,6,1,0,0,0,0,0,0,3.450500011444092,,,,,,1,0,0,0,0,0
MLI,303010,2021,303,10,1,1,1,1,1,1,1,1,0,0,1,0,0,0,0,4,3,1,0,0,0,0,0,0,5.40690016746521,10.0,10.0,0.0,0.0,0.0,0,0,0,0,0,0
MLI,303011,2021,303,11,1,1,2,1,1,0,1,1,0,0,1,0,0,0,0,4,3,0,0,0,0,0,0,0,1.3396999835968018,,,,,,0,0,0,0,0,0
MLI,303012,2021,303,12,1,1,2,1,1,0,1,1,0,0,1,0,0,0,0,4,3,0,0,0,0,0,0,0,2.119599938392639,,,,,,0,0,0,0,0,0
MLI,307001,2021,307,1,2,1,2,1,1,0,1,1,0,0,1,1,0,0,0,4,3,1,0,0,0,0,0,0,9.132090330123901,2.0,7.0,0.0,0.0,20.0,1,0,0,0,0,0
MLI,307002,2021,307,2,2,1,2,1,1,0,1,1,0,0,0,1,0,0,0,4,5,0,0,0,0,0,0,0,14.291900038719177,13.0,14.0,0.0,0.0,100.0,1,1,1,0,0,0
MLI,307003,2021,307,3,2,1,1,1,1,1,1,1,0,0,1,1,0,0,0,4,3,1,0,1,0,0,1,0,30.240399718284607,70.0,3.0,0.0,0.0,10.0,0,1,0,0,0,0
MLI,307004,2021,307,4,2,1,2,1,1,0,1,1,0,0,1,1,0,0,0,4,3,0,0,0,0,0,0,0,,,,,,,0,0,0,0,0,0
MLI,307005,2021,307,5,2,1,2,1,1,0,1,1,0,0,1,0,0,0,0,4,3,1,0,0,0,0,0,0,8.589999914169312,,,,,,0,0,0,1,0,0
MLI,307006,2021,307,6,2,1,2,1,1,0,0,1,0,0,1,0,0,0,0,4,3,0,0,0,0,0,0,0,6.989999949932098,,,,,,0,0,0,0,0,0
MLI,307007,2021,307,7,2,1,2,1,1,0,1,1,0,0,1,0,0,0,0,4,3,0,0,0,0,0,0,0,4.599999934434891,12.0,6.0,0.0,0.0,0.0,0,0,0,0,0,0
MLI,307008,2021,307,8,2,1,2,1,1,0,1,1,0,0,1,0,0,0,0,4,3,1,0,0,0,0,0,0,7.139999866485596,,,,,,0,0,0,1,0,0
MLI,307009,2021,307,9,2,1,2,1,1,0,0,0,0,0,1,0,0,1,0,4,3,0,0,0,0,0,0,0,7.390000194311142,11.0,7.0,0.0,0.0,5.0,0,1,0,0,0,0
MLI,307010,2021,307,10,2,1,2,1,1,0,1,1,0,0,1,0,0,1,0,4,3,0,0,0,0,0,0,0,17.09999990463257,11.0,9.0,0.0,0.0,0.0,0,1,0,0,0,0
MLI,307011,2021,307,11,2,1,2,1,1,0,1,1,0,0,1,0,0,1,0,4,3,0,0,0,0,0,0,0,6.860000103712082,5.0,5.0,0.0,0.0,5.0,0,0,0,0,0,0
MLI,307012,2021,307,12,2,1,2,1,1,0,0,0,0,0,1,0,0,1,1,4,3,0,0,0,0,0,0,0,16.66609477996826,16.0,11.0,0.0,0.0,8.0,0,0,0,0,0,0
MLI,309001,2021,309,1,2,1,2,1,1,1,1,1,0,0,0,0,0,0,0,4,5,0,0,0,0,0,0,0,,0.0,5.0,0.0,0.0,0.0,1,0,0,0,0,0
MLI,309002,2021,309,2,2,1,1,1,1,1,1,1,0,0,1,0,0,0,0,4,3,1,0,0,0,0,0,0,2.399999976158142,14.0,19.0,0.0,0.0,0.0,0,0,0,0,0,0
MLI,309003,2021,309,3,2,1,1,1,1,1,1,1,0,0,1,0,0,0,0,4,3,1,0,0,0,0,0,0,3.4630000591278076,17.0,25.0,0.0,0.0,6.0,1,0,0,0,0,0
MLI,309004,2021,309,4,2,1,1,1,1,1,1,1,0,0,1,0,0,0,0,4,3,0,0,0,0,0,0,0,20.722999572753906,,,,,,0,0,0,0,0,0
MLI,309005,2021,309,5,2,1,1,1,1,0,1,1,0,0,1,0,0,0,0,4,3,1,0,0,0,0,0,0,12.949999928474426,13.0,30.0,0.0,0.0,0.0,0,1,0,0,0,0
MLI,309006,2021,309,6,2,1,1,1,1,0,1,1,0,0,1,0,0,0,0,4,3,0,0,0,0,0,0,0,5.399999916553497,9.0,19.0,0.0,0.0,0.0,1,0,1,0,0,0
MLI,309007,2021,309,7,2,1,1,1,1,1,1,1,0,0,1,1,0,0,0,4,3,0,0,0,0,0,0,0,9.680000185966492,0.0,9.0,0.0,0.0,0.0,1,0,1,0,0,0
MLI,309008,2021,309,8,2,1,1,1,1,1,1,1,0,0,1,0,0,0,0,4,3,0,0,0,0,0,0,0,6.290000081062317,14.0,14.0,0.0,0.0,0.0,0,0,1,0,0,0
MLI,309009,2021,309,9,2,1,1,1,1,0,0,0,0,0,1,0,0,0,0,4,3,0,0,0,0,0,0,0,3.5400001406669617,0.0,4.0,0.0,0.0,0.0,1,0,0,0,0,0
MLI,309010,2021,309,10,2,2,1,1,1,0,1,1,0,0,1,0,0,0,0,4,3,1,0,0,0,0,0,0,4.499999940395355,2.0,5.0,0.0,0.0,6.0,1,0,1,0,0,0
MLI,309011,2021,309,11,2,1,1,1,1,1,1,1,0,0,1,1,0,0,0,4,3,1,0,0,0,0,1,1,13.519999980926514,50.0,0.0,0.0,0.0,0.0,0,0,0,0,0,0
MLI,309012,2021,309,12,2,1,1,1,1,0,0,0,0,0,1,0,0,0,0,4,3,0,0,0,0,0,0,0,9.579999923706055,60.0,20.0,0.0,0.0,0.0,1,0,1,0,0,0
MLI,313001,2021,313,1,1,1,2,1,1,1,1,1,0,0,1,0,0,0,0,4,3,0,0,0,0,0,0,0,11.517337918281555,11.0,7.0,0.0,0.0,0.0,0,0,0,0,0,0
MLI,313002,2021,313,2,1,1,2,1,1,0,1,1,0,0,1,0,0,0,0,4,3,0,0,0,0,0,0,0,,1.0,5.0,0.0,0.0,0.0,0,0,0,0,0,0
MLI,313003,2021,313,3,1,1,2,1,1,1,1,1,0,0,1,0,0,0,0,4,3,1,0,0,0,0,0,0,17.563340187072754,8.0,35.0,0.0,0.0,60.0,1,0,0,0,0,0
MLI,313004,2021,313,4,1,1,2,1,1,1,1,1,0,0,1,0,0,0,0,4,3,0,0,0,0,0,0,0,6.576023697853088,31.0,40.0,0.0,0.0,0.0,0,1,0,0,0,0
MLI,313005,2021,313,5,1,1,2,1,1,0,0,0,0,0,1,1,0,0,0,4,3,0,0,0,0,0,0,0,15.40939974784851,12.0,27.0,0.0,0.0,0.0,0,0,0,0,0,0
MLI,313006,2021,313,6,1,1,2,1,1,0,0,0,0,0,1,1,0,0,0,4,3,0,0,0,0,0,0,0,4.864600092172623,5.0,11.0,0.0,0.0,10.0,0,1,0,0,0,0
MLI,313007,2021,313,7,1,1,2,1,1,0,0,0,0,0,1,1,0,0,0,4,3,0,0,0,0,0,0,0,13.75353479385376,48.0,80.0,0.0,0.0,45.0,1,0,0,0,0,0
MLI,313008,2021,313,8,1,1,2,1,1,0,0,0,0,0,1,1,0,0,0,4,3,0,0,0,0,0,0,0,13.71195673942566,10.0,6.0,0.0,0.0,0.0,1,1,0,0,0,0
MLI,313009,2021,313,9,1,1,2,1,1,0,1,1,0,0,1,0,0,0,0,4,3,0,0,0,0,0,0,0,17.497422218322754,12.0,10.0,0.0,0.0,0.0,0,0,0,0,0,0
MLI,313010,2021,313,10,1,1,2,1,1,1,1,1,0,0,1,0,0,0,0,4,3,0,0,0,0,0,0,0,,6.0,4.0,0.0,0.0,0.0,0,0,0,0,0,0
MLI,313011,2021,313,11,1,1,2,1,1,0,1,1,0,0,1,0,0,0,0,4,3,0,0,0,0,0,0,0,5.83650016784668,10.0,6.0,0.0,0.0,0.0,0,0,0,0,0,0
MLI,313012,2021,313,12,1,1,2,1,1,0,1,1,0,0,1,0,0,0,0,4,3,0,0,0,0,0,0,0,,10.0,4.0,0.0,0.0,0.0,1,0,0,0,0,0
MLI,314001,2021,314,1,1,1,1,1,1,1,1,1,1,1,0,1,0,0,0,1,1,1,0,0,0,0,1,0,,,,,,,0,0,0,0,0,0
MLI,314002,2021,314,2,1,1,4,1,1,1,1,1,1,1,0,1,0,1,1,1,1,1,0,0,0,0,1,0,,,,,,,0,0,1,0,0,0
MLI,314003,2021,314,3,1,1,1,1,1,1,1,1,1,1,0,1,1,1,1,1,1,1,0,1,0,0,1,1,,,,,,,0,0,0,0,0,0
MLI,314004,2021,314,4,1,1,1,1,1,1,1,1,1,1,0,1,1,1,1,1,1,1,0,0,0,0,1,1,,,,,,,0,0,0,0,0,0
MLI,314005,2021,314,5,1,2,1,1,1,1,1,1,1,1,0,1,0,1,1,1,1,1,0,1,0,1,1,0,,,,,,,1,0,0,0,0,0
MLI,314006,2021,314,6,1,1,1,1,1,1,1,1,1,1,0,1,1,0,0,1,1,1,0,1,0,0,1,0,,,,,,,0,0,0,0,0,0
MLI,314007,2021,314,7,1,2,3,1,1,1,1,1,1,1,0,1,1,1,1,1,1,1,1,1,0,0,1,0,,,,,,,0,0,0,0,0,0
MLI,314008,2021,314,8,1,2,3,1,1,1,1,1,1,1,0,1,0,0,0,1,1,1,0,0,0,0,1,0,,,,,,,0,0,0,0,0,0
MLI,314009,2021,314,9,1,1,3,1,1,1,1,1,0,1,0,1,0,0,0,2,1,1,0,0,0,0,1,0,,,,,,,0,0,0,0,0,0
MLI,314010,2021,314,10,1,1,1,1,1,1,1,1,1,1,0,1,0,0,0,1,1,1,0,0,0,0,1,0,,,,,,,1,0,0,0,0,0
MLI,314011,2021,314,11,1,2,1,1,1,1,1,1,1,1,0,1,1,1,1,1,1,1,0,0,0,0,1,0,,,,,,,1,0,0,0,0,0
MLI,314012,2021,314,12,1,2,1,1,1,1,1,1,1,1,0,1,1,1,0,1,1,1,0,1,0,0,1,1,,,,,,,1,0,0,0,0,0
MLI,315001,2021,315,1,1,1,1,1,1,0,1,1,0,0,1,0,0,0,0,4,3,0,0,0,0,0,0,0,7.995691776275635,13.0,7.0,0.0,0.0,3.0,1,0,0,0,0,0
MLI,315002,2021,315,2,1,2,2,1,1,1,1,1,0,0,1,0,0,0,0,4,3,0,0,0,0,0,0,0,9.119800090789795,20.0,20.0,0.0,0.0,0.0,0,0,0,0,0,0
MLI,315003,2021,315,3,1,1,1,1,1,0,1,1,0,0,1,0,0,0,0,4,3,0,0,0,0,0,0,0,7.890691757202148,24.0,8.0,0.0,0.0,32.0,1,0,0,0,0,0
MLI,315004,2021,315,4,1,1,1,1,1,1,1,1,0,0,1,0,0,0,0,4,3,0,0,0,0,0,0,0,12.415199756622314,19.0,17.0,0.0,0.0,3.0,0,1,0,0,0,0
MLI,315005,2021,315,5,1,1,1,1,1,0,1,1,0,0,1,0,0,0,0,4,2,0,0,0,0,0,0,0,6.089727878570557,12.0,5.0,0.0,0.0,0.0,1,1,1,0,0,0
MLI,315006,2021,315,6,1,1,1,1,1,1,1,1,0,0,1,0,0,0,0,4,3,0,0,0,0,0,0,0,,8.0,0.0,0.0,0.0,0.0,0,0,0,0,0,0
MLI,315007,2021,315,7,1,1,1,1,1,1,1,1,0,0,1,0,0,0,0,4,2,0,0,0,0,0,0,0,16.56294822692871,32.0,6.0,0.0,0.0,5.0,1,1,1,0,0,0
MLI,315008,2021,315,8,1,2,1,1,1,1,1,1,0,0,1,0,0,0,0,4,3,1,0,0,0,0,0,0,0.8271999955177307,0.0,17.0,0.0,0.0,0.0,0,1,0,0,0,0
MLI,315009,2021,315,9,1,1,1,1,1,1,1,1,0,0,1,0,0,0,0,4,3,0,0,0,0,0,0,0,7.205882549285889,52.0,0.0,0.0,0.0,0.0,1,0,1,0,0,0
MLI,315010,2021,315,10,1,1,1,1,1,1,1,0,0,0,1,0,0,0,0,4,3,0,0,0,0,0,0,0,7.396821022033691,43.0,25.0,0.0,0.0,0.0,1,1,1,0,0,0
MLI,315011,2021,315,11,1,2,4,1,1,0,0,1,0,0,1,0,0,0,0,4,3,0,0,0,0,0,0,0,1.1064999997615814,,,,,,0,0,0,0,0,0
MLI,315012,2021,315,12,1,1,1,1,1,1,0,0,0,0,1,0,0,0,0,4,3,1,0,0,0,0,0,0,1.8578018546104431,,,,,,0,0,0,0,0,0
MLI,317001,2021,317,1,1,1,2,1,1,1,1,1,0,0,1,0,0,0,0,4,3,1,0,0,0,0,0,0,20.992875337600708,32.0,0.0,0.0,0.0,0.0,0,0,1,0,0,0
MLI,317002,2021,317,2,1,1,4,1,1,1,1,1,0,0,1,0,0,0,0,4,3,0,0,0,0,0,0,0,,0.0,8.0,0.0,0.0,5.0,0,0,0,0,0,0
MLI,317003,2021,317,3,1,1,2,1,1,1,1,1,0,0,1,0,0,0,0,4,3,0,0,0,0,0,0,0,8.97373342514038,6.0,20.0,0.0,0.0,0.0,0,0,0,0,0,0
MLI,317004,2021,317,4,1,1,2,1,1,0,1,1,0,0,1,0,0,0,0,4,3,0,0,0,0,0,0,0,,0.0,10.0,0.0,0.0,0.0,0,1,0,0,0,0
MLI,317005,2021,317,5,1,1,2,1,1,0,0,0,0,0,1,1,0,0,0,4,3,0,0,0,0,0,0,0,28.05390004813671,42.0,25.0,0.0,0.0,30.0,1,0,0,0,0,0
MLI,317006,2021,317,6,1,1,2,1,1,0,0,0,0,0,1,1,0,0,0,4,3,0,0,0,0,0,0,0,11.672648549079895,22.0,10.0,0.0,0.0,30.0,0,0,0,0,0,0
MLI,317007,2021,317,7,1,1,2,1,1,0,1,1,0,0,1,1,0,0,0,4,3,1,0,0,0,0,0,0,2.0216000080108643,6.0,10.0,0.0,0.0,10.0,0,0,0,0,0,0
MLI,317008,2021,317,8,1,1,2,1,1,0,0,0,0,0,1,1,0,0,0,4,3,0,0,0,0,0,0,0,5.428000211715698,1.0,11.0,0.0,0.0,0.0,0,1,0,0,0,0
MLI,317009,2021,317,9,1,1,2,1,1,1,1,1,0,0,1,0,0,0,0,4,3,0,0,0,0,0,0,0,3.3406999111175537,18.0,0.0,0.0,0.0,0.0,0,0,0,0,0,0
MLI,317010,2021,317,10,1,1,2,1,1,1,1,1,0,0,1,0,0,0,0,4,3,0,0,0,0,0,0,0,7.222799837589264,17.0,12.0,0.0,0.0,0.0,0,1,1,0,0,0
MLI,317011,2021,317,11,1,1,1,1,1,0,1,1,0,0,1,0,0,0,0,4,3,1,0,0,0,0,0,0,,9.0,5.0,0.0,0.0,0.0,0,0,0,0,0,0
MLI,317012,2021,317,12,1,1,2,1,1,0,1,0,0,0,1,0,0,0,0,4,3,0,0,0,0,0,0,0,16.528900146484375,11.0,6.0,0.0,0.0,0.0,0,0,0,0,0,0
MLI,319001,2021,319,1,2,1,2,0,0,0,1,1,0,0,1,1,0,0,0,4,3,0,0,0,0,0,0,0,4.36619758605957,1.0,3.0,0.0,0.0,15.0,1,1,1,0,0,0
MLI,319002,2021,319,2,2,1,1,1,1,0,1,1,0,0,1,0,0,0,0,4,3,1,0,0,0,0,1,0,,1.0,7.0,0.0,0.0,13.0,0,0,0,1,0,0
MLI,319003,2021,319,3,2,1,2,0,1,0,0,0,0,0,1,1,0,0,0,4,3,0,0,0,0,0,0,0,6.354459524154663,4.0,2.0,0.0,0.0,0.0,1,1,1,0,0,0
MLI,319004,2021,319,4,2,1,2,1,1,0,1,1,0,0,1,1,0,0,0,4,3,0,0,0,0,0,0,0,18.52048361301422,73.0,19.0,0.0,0.0,50.0,0,1,1,0,0,0
MLI,319005,2021,319,5,2,1,1,0,1,0,1,0,0,0,1,0,1,1,0,4,3,0,0,0,0,0,0,0,4.279894232749939,0.0,0.0,0.0,0.0,8.0,1,1,0,1,0,0
MLI,319006,2021,319,6,2,1,1,0,1,0,1,0,0,0,1,0,1,1,0,4,3,0,0,0,0,0,0,0,5.937309503555298,4.0,6.0,0.0,0.0,0.0,0,1,0,0,0,0
MLI,319007,2021,319,7,2,1,2,0,1,0,0,1,0,0,0,0,1,1,0,4,6,0,0,0,0,0,0,0,1.5989563465118408,,,,,,1,1,0,0,0,0
MLI,319008,2021,319,8,2,1,1,0,1,0,1,1,0,0,1,0,1,1,0,4,3,0,0,0,0,0,0,0,4.129227161407471,8.0,10.0,0.0,0.0,0.0,0,1,0,0,0,0
MLI,319009,2021,319,9,2,1,2,1,1,0,0,0,0,0,1,0,0,0,0,4,3,0,0,0,0,0,0,0,4.487812042236328,22.0,20.0,0.0,0.0,0.0,0,0,1,0,0,0
MLI,319010,2021,319,10,2,1,2,1,1,0,0,0,0,0,1,0,0,0,0,4,3,1,0,0,0,0,0,0,5.4353567361831665,2.0,3.0,0.0,0.0,0.0,0,1,1,0,0,0
MLI,319011,2021,319,11,2,1,2,1,1,0,0,0,0,0,1,0,0,0,0,4,3,0,0,0,0,0,0,0,9.105069994926453,9.0,15.0,0.0,0.0,7.0,0,0,1,0,0,0
MLI,319012,2021,319,12,2,1,2,1,1,0,1,0,0,0,1,0,0,0,0,4,3,0,0,0,0,0,0,0,11.124576807022095,29.0,16.0,0.0,0.0,0.0,0,1,1,0,1,0
MLI,321001,2021,321,1,1,1,2,1,1,1,1,1,0,0,1,0,0,0,0,4,3,0,0,0,0,0,0,0,10.49779999256134,6.0,0.0,0.0,0.0,2.0,0,1,1,0,0,0
MLI,321002,2021,321,2,1,1,2,1,1,1,1,1,0,0,1,0,0,0,0,4,3,0,0,0,0,0,0,0,10.144300013780594,7.0,2.0,0.0,0.0,6.0,1,1,1,0,0,0
MLI,321003,2021,321,3,1,1,2,1,1,0,1,1,0,0,1,0,0,0,0,4,3,0,0,0,0,0,0,0,17.14449977874756,42.0,3.0,0.0,0.0,70.0,1,1,1,0,0,0
MLI,321004,2021,321,4,1,1,2,1,1,0,1,1,0,0,1,0,0,0,0,4,3,0,0,0,0,0,0,0,7.164099991321564,7.0,2.0,0.0,0.0,3.0,0,1,1,0,0,0
MLI,321005,2021,321,5,1,1,2,1,1,0,1,1,0,0,1,0,0,0,0,4,3,0,0,0,0,0,0,0,6.496799945831299,14.0,11.0,0.0,0.0,0.0,1,1,1,1,0,0
MLI,321006,2021,321,6,1,1,2,1,1,0,1,1,0,0,1,0,0,0,0,4,3,0,0,0,0,0,0,0,2.660399913787842,3.0,6.0,0.0,0.0,20.0,1,1,1,1,0,0
MLI,321007,2021,321,7,1,2,2,1,1,0,1,1,0,0,1,0,0,0,0,4,3,1,0,0,0,0,0,0,11.92140007019043,30.0,0.0,0.0,0.0,0.0,0,0,0,0,0,0
MLI,321008,2021,321,8,1,1,2,1,1,1,0,1,0,0,1,0,0,0,0,4,3,0,0,0,0,0,0,0,5.455899953842163,21.0,18.0,0.0,0.0,30.0,0,1,1,1,0,0
MLI,321009,2021,321,9,1,1,2,1,1,0,0,0,0,0,1,0,0,0,0,4,3,0,0,0,0,0,0,0,5.069599986076355,15.0,7.0,0.0,0.0,25.0,1,1,1,0,0,0
MLI,321010,2021,321,10,1,1,2,1,1,0,1,1,0,0,1,0,0,0,0,4,3,1,0,0,0,0,0,0,5.2519999742507935,3.0,2.0,0.0,0.0,20.0,0,0,0,0,0,0
MLI,321011,2021,321,11,1,1,2,1,1,0,1,1,0,0,1,0,0,0,0,4,3,0,0,0,0,0,0,0,2.7879852056503296,0.0,2.0,0.0,0.0,2.0,0,1,0,0,0,0
MLI,321012,2021,321,12,1,1,2,1,1,0,1,1,0,0,1,0,0,0,0,4,3,0,0,0,0,0,0,0,4.9394001960754395,,,,,,0,1,0,0,0,0
MLI,323001,2021,323,1,2,1,1,1,1,0,0,0,0,0,1,0,0,0,0,4,3,0,0,0,0,0,0,0,2.799999952316284,5.0,4.0,0.0,0.0,0.0,1,0,0,0,0,0
MLI,323002,2021,323,2,2,1,1,1,1,1,1,1,0,0,1,0,0,0,0,4,3,1,0,0,0,0,0,0,6.284999847412109,4.0,4.0,0.0,0.0,10.0,0,0,0,0,0,0
MLI,323003,2021,323,3,2,1,1,1,1,0,0,0,0,0,1,0,0,0,0,4,3,0,0,0,0,0,0,0,3.840000033378601,6.0,6.0,0.0,0.0,0.0,0,0,0,0,0,0
MLI,323004,2021,323,4,2,1,1,1,1,0,1,1,0,0,1,0,0,0,0,4,3,0,0,0,0,0,0,0,4.21999979019165,0.0,2.0,0.0,0.0,0.0,0,1,0,0,0,0
MLI,323005,2021,323,5,2,1,2,1,1,1,1,1,0,0,1,0,0,0,0,4,3,1,0,0,0,0,0,0,14.210000038146973,2.0,2.0,0.0,0.0,160.0,1,1,0,0,0,0
MLI,323006,2021,323,6,2,1,2,1,1,1,0,0,0,0,1,0,0,0,0,4,3,1,0,0,0,0,1,0,31.86000084877014,5.0,0.0,0.0,0.0,4.0,1,0,1,0,0,0
MLI,323007,2021,323,7,2,1,2,1,1,0,0,0,0,0,1,0,0,0,0,4,3,0,0,0,0,0,0,0,13.649999916553497,5.0,6.0,0.0,0.0,6.0,1,0,0,0,0,0
MLI,323008,2021,323,8,2,1,2,1,1,0,1,1,0,0,1,0,0,0,0,4,3,0,0,0,0,0,0,0,7.430000066757202,4.0,10.0,0.0,0.0,50.0,1,0,1,0,0,0
MLI,323009,2021,323,9,2,1,2,1,1,1,0,0,0,0,1,0,0,0,0,4,3,0,0,0,0,0,0,0,2.4700000286102295,2.0,0.0,0.0,0.0,23.0,1,0,1,0,0,0
MLI,323010,2021,323,10,2,1,2,1,1,1,0,0,0,0,1,0,0,0,0,4,3,0,0,0,0,0,0,0,4.880000114440918,,,,,,0,0,0,0,0,0
MLI,323011,2021,323,11,2,1,2,1,1,1,0,1,0,0,1,0,0,0,0,4,3,0,0,0,0,0,0,0,4.7200000286102295,6.0,0.0,0.0,0.0,0.0,1,0,0,0,0,0
MLI,323012,2021,323,12,2,1,2,1,0,0,1,1,0,0,0,0,0,0,0,4,5,0,0,0,0,0,0,0,0.4000000059604645,,,,,,0,0,1,0,0,0
MLI,325001,2021,325,1,2,1,2,1,1,0,1,1,0,0,1,1,0,0,0,4,3,1,0,0,0,0,0,0,3.8178999423980713,1.0,10.0,0.0,0.0,20.0,0,0,1,0,0,0
MLI,325002,2021,325,2,2,1,2,1,1,0,1,1,0,0,1,1,0,0,0,4,3,0,0,0,0,0,0,0,12.677099704742432,11.0,2.0,0.0,0.0,0.0,1,1,0,0,0,0
MLI,325003,2021,325,3,2,1,2,1,1,0,1,1,0,0,1,1,0,0,0,4,3,0,0,0,0,0,0,0,10.818500101566315,22.0,23.0,0.0,0.0,0.0,1,0,0,0,0,0
MLI,325004,2021,325,4,2,1,2,1,1,0,1,1,0,0,1,1,0,0,0,4,3,1,0,0,0,0,0,0,2.9776768684387207,0.0,22.0,0.0,0.0,0.0,0,0,1,0,0,0
MLI,325005,2021,325,5,2,1,2,1,1,1,1,1,0,0,1,0,0,0,0,4,3,1,0,0,0,0,1,0,10.580000400543213,0.0,22.0,0.0,0.0,0.0,1,0,0,0,0,0
MLI,325006,2021,325,6,2,1,2,1,1,1,1,1,0,0,1,0,0,0,0,4,3,0,0,0,0,0,0,0,17.00000023841858,35.0,6.0,0.0,0.0,50.0,0,1,0,0,0,0
MLI,325007,2021,325,7,2,1,2,1,1,0,1,1,0,0,1,0,0,0,0,4,3,0,0,0,0,0,0,0,3.549999922513962,20.0,7.0,0.0,0.0,0.0,0,0,0,0,0,0
MLI,325008,2021,325,8,2,1,2,1,1,1,1,1,0,0,1,0,0,0,0,4,3,0,0,0,0,0,0,0,,,,,,,0,0,0,0,0,0
MLI,325009,2021,325,9,2,1,2,1,1,1,1,1,0,0,1,0,0,1,0,4,3,0,0,0,0,0,0,0,8.870000004768372,16.0,14.0,0.0,0.0,0.0,0,1,0,0,0,0
MLI,325010,2021,325,10,2,1,2,1,1,0,1,1,0,0,1,0,1,1,0,4,3,0,0,0,0,0,0,0,,,,,,,0,0,0,0,0,0
MLI,325011,2021,325,11,2,1,2,1,1,0,1,1,0,0,1,0,0,1,0,4,3,0,0,0,0,0,0,0,7.81000018119812,11.0,10.0,0.0,0.0,5.0,0,0,0,0,0,0
MLI,325012,2021,325,12,2,1,2,1,1,0,1,0,0,0,1,0,0,1,0,4,3,0,0,0,0,0,0,0,10.429999709129333,7.0,11.0,0.0,0.0,2.0,0,1,0,0,0,0
MLI,329001,2021,329,1,1,1,2,1,1,0,1,1,0,0,1,0,0,0,0,4,3,1,0,0,0,0,0,0,2.5341999530792236,5.0,2.0,0.0,0.0,10.0,1,0,1,0,0,0
MLI,329002,2021,329,2,1,1,2,1,1,0,1,1,0,0,1,0,0,0,0,4,3,1,0,0,0,0,0,0,1.2636999785900116,5.0,7.0,0.0,0.0,0.0,1,1,0,0,0,0
MLI,329003,2021,329,3,1,1,2,1,1,0,1,1,0,0,1,0,0,0,0,4,3,1,0,0,0,0,0,0,5.3185000121593475,15.0,9.0,0.0,0.0,20.0,0,1,1,0,0,0
MLI,329004,2021,329,4,1,1,2,1,1,0,1,1,0,0,1,0,0,0,0,4,3,0,0,0,0,0,0,0,4.110499978065491,3.0,0.0,0.0,0.0,4.0,0,0,1,0,0,0
MLI,329005,2021,329,5,1,1,1,1,1,0,1,1,0,0,1,0,0,0,0,4,3,0,0,0,0,0,0,0,4.7245999574661255,5.0,4.0,0.0,0.0,20.0,1,1,1,0,0,0
MLI,329006,2021,329,6,1,1,1,1,1,0,1,1,0,0,1,0,0,0,0,4,3,0,0,0,0,0,0,0,3.6727999448776245,6.0,10.0,0.0,0.0,10.0,1,0,1,0,0,0
MLI,329007,2021,329,7,1,2,2,1,1,1,1,1,0,0,1,0,0,0,0,4,3,1,0,0,0,0,0,0,3.151499927043915,0.0,9.0,0.0,0.0,0.0,0,1,0,0,0,0
MLI,329008,2021,329,8,1,1,2,1,1,0,1,1,0,0,1,0,0,0,0,4,3,0,0,0,0,0,0,0,2.4072999954223633,6.0,2.0,0.0,0.0,0.0,1,1,1,0,0,0
MLI,329009,2021,329,9,1,2,1,1,1,0,1,1,0,0,1,0,0,0,0,4,3,0,0,0,0,0,0,0,1.1152999997138977,,,,,,0,0,0,0,0,0
MLI,329010,2021,329,10,1,2,1,1,1,0,1,1,0,0,1,0,0,0,0,4,3,0,0,0,0,0,0,0,9.840499997138977,30.0,0.0,0.0,0.0,0.0,1,0,0,0,0,0
MLI,329011,2021,329,11,1,1,1,1,1,0,1,1,0,0,1,0,0,0,0,4,3,0,0,0,0,0,0,0,9.840499997138977,82.0,12.0,0.0,0.0,107.0,1,1,1,0,0,0
MLI,329012,2021,329,12,1,1,2,1,1,1,1,1,0,0,1,0,0,0,0,4,3,0,0,0,0,0,0,0,8.59460012614727,40.0,17.0,0.0,0.0,0.0,0,1,0,0,0,0
MLI,330001,2021,330,1,1,1,1,1,1,1,1,1,0,0,1,1,0,0,0,4,3,1,0,0,0,0,0,0,,0.0,8.0,0.0,0.0,17.0,0,0,1,0,0,0
MLI,330002,2021,330,2,1,1,1,1,1,1,1,1,0,0,1,1,0,0,0,4,3,1,0,0,0,0,1,0,,0.0,6.0,0.0,0.0,12.0,0,0,0,1,0,0
MLI,330003,2021,330,3,1,1,1,1,1,1,1,1,0,0,1,1,0,0,0,4,3,0,0,0,0,0,0,0,,,,,,,1,0,0,0,0,0
MLI,330004,2021,330,4,1,2,1,1,1,1,1,1,0,0,1,0,0,0,0,4,3,0,0,0,0,0,0,0,,,,,,,0,0,0,0,0,0
MLI,330005,2021,330,5,1,1,1,1,1,1,1,1,0,0,1,1,0,0,0,4,3,1,0,0,0,0,0,0,,,,,,,1,0,0,0,0,0
MLI,330006,2021,330,6,1,1,3,1,1,1,1,1,0,0,1,1,0,0,0,4,3,0,0,0,0,0,0,0,,,,,,,0,0,1,1,0,0
MLI,330007,2021,330,7,1,1,1,1,1,1,1,1,0,0,1,0,0,0,0,4,3,1,0,1,0,0,0,1,,,,,,,0,0,1,0,0,0
MLI,330008,2021,330,8,1,1,3,1,1,1,1,1,0,0,1,0,0,0,0,4,3,0,0,0,0,0,0,0,,,,,,,0,0,1,1,0,0
MLI,330009,2021,330,9,1,1,3,1,1,1,1,1,0,0,1,0,0,0,0,4,3,1,0,0,0,0,0,0,,,,,,,0,0,1,0,0,0
MLI,330010,2021,330,10,1,2,1,1,1,1,1,1,1,1,0,0,1,0,0,1,1,1,0,0,0,0,0,0,,40.0,0.0,0.0,0.0,0.0,0,1,0,0,0,0
MLI,330011,2021,330,11,1,1,1,1,1,1,1,1,0,1,0,0,0,0,0,2,1,1,0,0,0,0,0,0,5.540650010108948,13.0,0.0,0.0,0.0,0.0,0,0,1,0,0,0
MLI,330012,2021,330,12,1,1,3,1,1,1,1,1,0,0,0,0,0,0,0,4,5,0,0,0,0,0,0,0,,,,,,,0,0,0,0,0,0
MLI,333001,2021,333,1,2,1,3,1,1,1,1,1,1,1,0,1,0,0,0,1,1,1,0,0,0,0,0,0,,,,,,,0,0,0,0,0,0
MLI,333002,2021,333,2,2,1,1,1,1,1,0,0,0,1,0,1,0,0,0,2,1,0,0,0,0,0,0,0,,,,,,,0,0,0,0,0,0
MLI,333003,2021,333,3,2,1,1,1,1,1,1,1,0,0,1,1,0,0,0,4,3,0,0,0,0,0,0,0,,,,,,,0,0,0,0,0,0
MLI,333004,2021,333,4,2,2,1,1,1,1,1,1,0,1,0,1,0,0,0,3,1,1,0,0,0,0,0,1,,0.0,8.0,0.0,0.0,0.0,1,0,0,0,0,0
MLI,333005,2021,333,5,2,1,3,1,1,1,1,1,0,0,1,0,0,0,0,4,3,0,0,0,0,0,0,0,,,,,,,0,0,0,0,0,1
MLI,333006,2021,333,6,2,1,1,1,1,1,1,1,1,1,0,1,1,1,0,1,1,1,0,1,0,0,1,0,,,,,,,0,0,0,0,0,0
MLI,333007,2021,333,7,2,1,1,1,1,1,1,1,1,1,0,1,0,0,0,1,1,1,0,0,0,0,0,0,,,,,,,0,0,0,0,0,1
MLI,333008,2021,333,8,2,1,1,1,1,1,1,1,0,0,1,0,0,0,0,4,3,1,0,0,0,0,0,0,,,,,,,0,0,0,0,0,1
MLI,333009,2021,333,9,2,1,1,1,1,1,1,1,1,1,0,1,1,0,1,1,1,1,0,0,0,0,1,0,,,,,,,0,0,0,0,0,0
MLI,333010,2021,333,10,2,1,1,1,1,1,0,0,0,0,0,1,0,0,1,4,5,0,0,0,0,0,0,0,,,,,,,0,0,1,0,0,0
MLI,333011,2021,333,11,2,1,1,1,1,1,1,1,1,1,0,1,1,0,1,1,1,1,0,0,0,0,1,0,,,,,,,0,0,0,0,0,0
MLI,333012,2021,333,12,2,1,1,1,1,1,0,0,1,1,0,1,1,0,1,1,1,1,0,0,0,0,1,0,,,,,,,0,0,0,0,0,0
MLI,335001,2021,335,1,2,1,3,1,1,1,1,1,0,1,0,1,0,0,0,3,1,1,0,0,0,0,0,0,,,,,,,0,0,0,0,0,0
MLI,335002,2021,335,2,2,2,3,1,1,1,1,1,0,0,0,1,0,0,0,4,6,0,0,0,0,0,0,0,,,,,,,0,0,0,0,0,0
MLI,335003,2021,335,3,2,1,1,1,1,1,1,1,0,1,0,1,0,0,0,3,1,1,0,0,0,0,0,0,,,,,,,0,0,0,0,0,0
MLI,335004,2021,335,4,2,1,1,1,1,1,1,1,0,1,0,1,0,0,0,3,1,1,0,0,0,0,0,0,,,,,,,0,0,0,0,0,0
MLI,335005,2021,335,5,2,1,3,1,1,1,1,1,1,1,0,1,1,0,0,1,1,1,0,0,0,0,1,0,,,,,,,0,0,0,0,0,0
MLI,335006,2021,335,6,2,2,3,1,1,1,1,1,1,1,0,1,0,0,0,1,1,1,0,1,0,0,1,0,,,,,,,0,0,0,0,0,1
MLI,335007,2021,335,7,2,2,3,1,1,1,1,1,1,1,0,1,1,1,0,1,1,1,0,1,0,0,1,1,,,,,,,1,0,0,0,0,0
MLI,335008,2021,335,8,2,1,1,1,1,1,1,1,1,1,0,1,0,0,0,1,1,1,0,1,0,0,0,0,,,,,,,0,0,0,0,0,1
MLI,335009,2021,335,9,2,1,1,1,1,1,1,1,1,1,0,1,0,0,1,1,1,1,0,0,0,0,1,0,,,,,,,1,0,0,0,0,0
MLI,335010,2021,335,10,2,1,3,1,1,1,1,1,1,1,0,1,1,0,1,1,1,1,0,0,0,0,1,0,,,,,,,0,0,1,0,0,0
MLI,335011,2021,335,11,2,1,1,1,1,1,1,1,1,1,0,1,0,0,1,1,1,1,0,0,0,0,1,0,,,,,,,0,0,1,0,0,0
MLI,335012,2021,335,12,2,1,1,1,1,1,1,1,1,1,0,1,0,0,1,1,1,1,0,0,0,0,1,0,,,,,,,0,0,1,0,0,0
MLI,338001,2021,338,1,1,1,2,1,1,1,1,1,0,0,1,0,0,0,0,4,3,0,0,0,0,0,0,0,7.344782114028931,12.0,20.0,0.0,0.0,22.0,1,1,1,0,0,0
MLI,338002,2021,338,2,1,1,2,1,1,1,0,0,0,0,1,0,0,0,0,4,3,1,0,0,0,0,0,0,5.880586504936218,15.0,16.0,0.0,0.0,17.0,1,1,0,0,0,0
MLI,338003,2021,338,3,1,1,2,1,1,1,0,0,0,0,1,0,0,0,0,4,3,0,0,0,0,0,0,0,4.4768418073654175,21.0,0.0,0.0,0.0,13.0,0,1,0,0,0,0
MLI,338004,2021,338,4,1,2,2,1,1,0,1,1,0,0,1,0,0,0,0,4,3,1,0,0,0,0,0,0,1.5049604177474976,0.0,6.0,0.0,0.0,60.0,0,1,1,0,0,0
MLI,338005,2021,338,5,1,1,2,1,1,0,0,0,0,0,1,0,0,0,0,4,3,1,0,0,0,0,0,0,1.9119795560836792,1.0,0.0,0.0,0.0,13.0,0,1,0,0,0,0
MLI,338006,2021,338,6,1,1,2,1,1,1,1,1,0,0,1,0,0,0,0,4,3,1,0,0,0,0,0,0,3.808180332183838,2.0,21.0,0.0,0.0,20.0,0,1,1,0,0,0
MLI,338007,2021,338,7,1,1,2,1,1,0,0,0,0,0,1,0,0,0,0,4,3,0,0,0,0,0,0,0,2.878746747970581,3.0,3.0,0.0,0.0,10.0,0,1,1,0,0,0
MLI,338008,2021,338,8,1,1,2,1,1,1,1,1,0,0,1,0,0,0,0,4,3,1,0,0,0,0,0,0,1.4535331726074219,2.0,3.0,0.0,0.0,15.0,0,1,1,0,0,0
MLI,338009,2021,338,9,1,1,2,1,1,1,1,1,0,0,1,0,0,0,0,4,3,1,0,0,0,0,0,0,1.4984709024429321,18.0,6.0,0.0,0.0,20.0,0,1,1,0,0,0
MLI,338010,2021,338,10,1,1,2,1,1,1,0,1,0,0,1,0,0,0,0,4,3,1,0,0,0,0,0,0,2.5691707134246826,,,,,,0,0,0,0,0,0
MLI,338011,2021,338,11,1,1,2,1,1,1,1,1,0,0,1,0,1,0,0,4,3,1,0,0,0,0,0,0,3.2106616497039795,15.0,15.0,0.0,0.0,0.0,0,0,0,0,0,0
MLI,338012,2021,338,12,1,1,2,1,1,1,1,0,0,0,1,0,0,0,0,4,3,0,0,0,0,0,0,0,3.144744873046875,3.0,5.0,0.0,0.0,0.0,0,1,0,0,0,0
MLI,339001,2021,339,1,1,1,1,1,1,1,1,1,1,1,0,0,0,0,1,1,1,1,0,0,0,0,1,0,,,,,,,1,0,0,0,0,0
MLI,339002,2021,339,2,1,1,1,1,1,1,1,1,1,1,0,1,0,0,1,1,1,1,0,0,0,0,0,0,,,,,,,0,1,0,0,0,0
MLI,339003,2021,339,3,1,2,1,1,1,1,1,1,1,1,0,1,0,0,0,1,1,1,1,0,0,1,0,0,,,,,,,0,0,1,0,0,0
MLI,339004,2021,339,4,1,2,3,1,1,1,1,1,1,1,0,1,1,0,0,1,1,1,0,1,0,0,0,0,,,,,,,0,0,0,0,0,0
MLI,339005,2021,339,5,1,1,3,1,1,1,1,1,1,1,0,0,0,0,0,1,1,1,0,0,0,0,0,0,,,,,,,1,0,0,0,0,0
MLI,339006,2021,339,6,1,2,1,1,1,1,1,1,0,0,1,1,0,0,0,4,3,1,0,0,0,0,0,0,,,,,,,0,0,0,0,0,0
MLI,339007,2021,339,7,1,2,1,1,1,1,1,1,1,1,0,1,1,0,0,1,1,1,0,1,0,0,0,0,,5.0,0.0,0.0,0.0,0.0,0,0,0,0,0,0
MLI,339008,2021,339,8,1,2,3,1,1,1,1,1,0,1,0,1,0,0,0,2,1,1,0,0,0,0,0,0,,6.0,10.0,0.0,0.0,0.0,0,1,1,0,0,0
MLI,339009,2021,339,9,1,1,1,1,1,1,1,1,1,1,0,1,1,1,1,1,1,0,0,1,0,0,0,0,,,,,,,0,0,1,1,0,0
MLI,339010,2021,339,10,1,2,1,1,1,1,1,1,1,1,0,1,0,0,1,1,1,1,0,0,0,0,1,0,,6.0,0.0,0.0,0.0,0.0,0,0,0,0,0,0
MLI,339011,2021,339,11,1,2,1,1,1,1,1,1,1,1,0,1,0,0,0,1,1,1,0,1,0,0,0,0,,,,,,,0,0,1,0,0,0
MLI,339012,2021,339,12,1,2,3,1,1,1,1,1,1,1,0,0,0,0,0,1,1,1,0,1,0,0,0,0,,,,,,,0,0,0,0,0,0
MLI,341001,2021,341,1,2,1,1,1,1,0,1,1,0,1,0,1,0,0,0,3,1,1,0,0,0,0,0,0,,,,,,,1,0,0,0,0,0
MLI,341002,2021,341,2,2,1,1,1,1,1,1,1,0,1,0,1,0,0,0,3,1,1,0,0,0,0,0,0,,,,,,,0,0,0,0,0,0
MLI,341003,2021,341,3,2,2,1,1,1,1,1,1,0,1,0,1,0,0,0,3,1,0,0,0,0,0,0,0,,,,,,,0,0,1,0,0,0
MLI,341004,2021,341,4,2,1,1,1,1,1,1,1,0,1,0,1,0,0,0,3,1,1,0,0,0,0,0,0,,,,,,,0,0,0,0,0,0
MLI,341005,2021,341,5,2,1,1,1,1,1,1,1,1,1,0,1,0,0,0,1,1,1,0,0,0,0,1,0,,2.0,3.0,0.0,0.0,0.0,0,0,0,0,0,0
MLI,341006,2021,341,6,2,1,4,1,1,1,1,1,1,1,0,1,0,0,0,1,1,1,0,0,0,0,1,0,,,,,,,0,0,0,0,0,1
MLI,341007,2021,341,7,2,1,1,1,1,1,1,1,1,1,0,1,1,0,0,1,1,1,0,0,0,0,1,0,,,,,,,0,0,0,0,0,0
MLI,341008,2021,341,8,2,1,1,1,1,1,1,1,1,1,0,1,1,0,0,1,1,1,0,1,0,0,1,0,,,,,,,0,0,0,0,0,0
MLI,341009,2021,341,9,2,2,1,1,1,1,1,1,1,1,0,1,0,0,1,1,1,0,0,0,0,0,0,0,,,,,,,0,0,0,0,0,0
MLI,341010,2021,341,10,2,1,1,1,1,1,1,1,1,1,0,1,0,0,1,1,1,0,0,0,0,0,0,0,,,,,,,0,0,0,0,0,0
MLI,341011,2021,341,11,2,1,1,1,1,1,1,1,1,1,0,1,0,0,1,1,1,0,0,0,0,0,0,0,,,,,,,1,0,0,0,0,0
MLI,341012,2021,341,12,2,1,1,1,1,1,1,1,1,1,0,1,1,0,1,1,1,0,0,0,0,0,0,1,,,,,,,0,0,1,0,0,0
MLI,342001,2021,342,1,2,1,1,1,1,1,0,1,0,0,0,0,0,0,0,4,6,0,0,0,0,0,0,0,,,,,,,0,0,0,0,0,0
MLI,342002,2021,342,2,2,1,1,1,1,1,1,1,0,0,1,0,0,0,0,4,3,1,0,0,0,0,0,0,,,,,,,0,0,0,0,0,0
MLI,342003,2021,342,3,2,1,1,1,1,1,1,1,0,0,1,0,0,0,0,4,3,1,1,0,0,0,0,0,2.56846284866333,70.0,51.0,0.0,0.0,0.0,0,0,0,0,0,0
MLI,342004,2021,342,4,2,1,3,1,1,1,1,0,0,0,1,0,0,0,0,4,3,0,0,0,0,0,0,0,,,,,,,0,0,0,0,0,0
MLI,342005,2021,342,5,2,1,1,1,1,1,1,1,0,0,1,0,0,0,0,4,3,1,0,0,0,0,1,0,17.59249496459961,0.0,10.0,0.0,0.0,0.0,0,1,0,0,0,0
MLI,342006,2021,342,6,2,1,3,1,1,1,1,1,0,0,1,0,1,0,0,4,3,0,0,0,0,0,0,0,,,,,,,1,0,0,0,0,0
MLI,342007,2021,342,7,2,1,1,1,1,1,1,1,0,0,1,0,0,0,0,4,3,1,0,1,0,0,0,0,11.999384760856628,4.0,30.0,0.0,0.0,31.0,1,0,0,0,0,0
MLI,342008,2021,342,8,2,1,1,1,1,1,1,1,0,0,1,1,0,0,0,4,3,1,0,0,0,0,0,1,,,,,,,0,0,0,0,0,0
MLI,342009,2021,342,9,2,1,1,1,1,1,0,0,0,0,1,0,0,0,1,4,3,1,0,0,0,0,0,0,,,,,,,0,0,0,0,0,0
MLI,342010,2021,342,10,2,1,1,1,1,0,0,0,0,0,1,0,0,0,0,4,3,0,0,0,0,0,0,0,1.5199999809265137,0.0,0.0,0.0,0.0,42.0,0,0,0,0,0,0
MLI,342011,2021,342,11,2,1,1,1,1,1,1,1,0,0,1,0,0,0,1,4,3,0,0,0,0,0,0,0,2.3957531452178955,,,,,,0,0,1,0,0,0
MLI,342012,2021,342,12,2,2,1,1,1,1,0,1,0,0,1,0,0,0,0,4,3,1,0,0,0,0,0,0,,,,,,,0,0,0,0,0,0
MLI,343001,2021,343,1,1,1,2,1,1,1,1,1,0,0,1,0,0,0,0,4,3,1,0,0,0,0,0,0,2.405159831047058,1.0,10.0,0.0,0.0,0.0,1,0,0,0,0,0
MLI,343002,2021,343,2,1,1,2,1,1,1,0,0,0,0,1,1,0,0,0,4,3,1,0,0,0,0,0,0,3.257062792778015,2.0,3.0,0.0,0.0,6.0,1,0,0,0,0,0
MLI,343003,2021,343,3,1,1,2,1,1,1,1,1,0,0,1,0,0,0,0,4,3,1,0,1,0,0,1,0,18.520205974578857,0.0,8.0,0.0,0.0,15.0,1,0,0,0,0,0
MLI,343004,2021,343,4,1,1,2,1,1,1,1,1,0,0,1,0,0,0,0,4,3,1,0,0,0,0,0,0,9.715734958648682,11.0,8.0,0.0,0.0,10.0,0,1,0,0,0,0
MLI,343005,2021,343,5,1,1,2,1,1,1,1,1,0,0,1,0,0,0,0,4,3,1,0,0,0,0,0,0,1.6368962526321411,,,,,,0,0,1,1,0,0
MLI,343006,2021,343,6,1,1,2,1,1,1,1,1,0,0,1,0,0,0,0,4,3,1,0,0,0,0,0,0,1.0501481294631958,0.0,2.0,0.0,0.0,15.0,0,1,1,1,0,0
MLI,343007,2021,343,7,1,1,2,1,1,1,1,1,0,0,1,0,0,0,0,4,3,0,0,0,0,0,0,0,2.067038059234619,15.0,0.0,0.0,0.0,17.0,0,1,1,0,0,0
MLI,343008,2021,343,8,1,1,2,1,1,1,1,1,0,0,1,0,0,0,0,4,3,1,0,0,0,0,0,0,1.4314239025115967,3.0,9.0,0.0,0.0,3.0,0,1,1,1,0,0
MLI,343009,2021,343,9,1,1,2,1,1,1,0,0,0,0,1,1,0,0,0,4,3,1,0,0,0,0,0,0,2.6959023475646973,11.0,15.0,0.0,0.0,0.0,1,1,0,0,0,0
MLI,343010,2021,343,10,1,1,2,1,1,1,1,1,0,0,1,1,1,0,0,4,3,1,0,0,0,0,0,0,1.5077502727508545,4.0,5.0,0.0,0.0,0.0,0,1,0,0,0,0
MLI,343011,2021,343,11,1,1,2,1,1,1,1,1,0,0,1,1,1,0,0,4,3,1,0,0,0,0,0,0,2.6076467037200928,25.0,11.0,0.0,0.0,0.0,0,0,0,0,0,0
MLI,343012,2021,343,12,1,2,2,1,1,1,1,1,0,0,1,1,0,0,0,4,3,1,0,0,0,0,0,0,0.8658086657524109,,,,,,0,0,1,0,0,0
MLI,344001,2021,344,1,1,2,3,1,1,1,1,1,0,0,1,1,0,0,0,4,3,1,0,0,0,0,0,0,,,,,,,0,0,1,1,0,0
MLI,344002,2021,344,2,1,2,1,1,1,1,1,1,1,1,0,1,0,0,0,1,1,1,1,1,0,0,0,1,,,,,,,0,0,1,0,0,0
MLI,344003,2021,344,3,1,2,4,1,1,1,1,1,0,1,0,0,0,0,0,2,1,1,0,0,0,0,0,0,,,,,,,0,0,0,0,0,0
MLI,344004,2021,344,4,1,2,3,1,1,1,0,0,0,1,0,0,0,0,0,3,1,1,0,0,0,0,0,0,,,,,,,0,0,0,0,0,0
MLI,344005,2021,344,5,1,2,3,1,1,1,1,0,0,0,0,0,0,0,0,4,6,0,0,0,0,0,0,0,,,,,,,0,0,0,0,0,0
MLI,344006,2021,344,6,1,2,3,1,1,1,1,1,0,1,0,0,0,0,0,2,1,0,0,0,0,0,0,0,,,,,,,1,0,0,0,0,0
MLI,344007,2021,344,7,1,2,3,1,1,1,1,1,1,1,0,1,0,1,0,1,1,1,0,0,0,0,0,0,,,,,,,0,0,1,0,0,0
MLI,344008,2021,344,8,1,1,1,1,1,1,1,1,1,1,0,1,1,0,0,1,1,1,0,1,0,0,1,0,,,,,,,1,0,0,0,0,0
MLI,344009,2021,344,9,1,1,1,1,1,1,1,1,1,1,0,1,0,0,1,1,1,1,0,0,0,0,1,0,,8.0,0.0,0.0,0.0,0.0,0,0,1,0,0,0
MLI,344010,2021,344,10,1,1,3,1,1,1,1,1,1,1,0,1,0,1,1,1,1,1,0,0,0,0,1,0,,,,,,,0,0,1,0,0,0
MLI,344011,2021,344,11,1,2,3,1,1,1,1,1,1,1,0,1,0,0,0,1,1,1,0,1,0,0,0,0,,,,,,,0,0,1,0,0,0
MLI,344012,2021,344,12,1,2,3,1,1,1,1,1,1,0,1,1,0,0,0,1,3,0,0,0,0,0,0,0,,15.0,0.0,0.0,0.0,0.0,0,0,0,0,0,0
MLI,346001,2021,346,1,2,1,2,1,1,0,0,0,0,0,1,1,0,0,0,4,3,1,0,0,0,0,0,0,7.535400092601776,8.0,6.0,0.0,0.0,50.0,1,0,0,0,0,0
MLI,346002,2021,346,2,2,1,2,1,1,0,0,0,0,0,1,1,0,0,0,4,3,0,0,0,0,0,0,0,5.3196001052856445,3.0,9.0,0.0,0.0,20.0,0,1,0,0,0,0
MLI,346003,2021,346,3,2,1,2,1,1,0,0,0,0,0,1,1,0,0,0,4,3,0,0,0,0,0,0,0,4.643799901008606,2.0,9.0,0.0,0.0,0.0,0,1,0,0,0,0
MLI,346004,2021,346,4,2,1,2,1,1,0,1,1,0,0,1,1,0,0,0,4,3,0,0,0,0,0,0,0,1.680684208869934,,,,,,1,0,0,0,0,0
MLI,346005,2021,346,5,2,1,2,1,1,1,0,0,0,0,1,0,0,0,0,4,3,0,0,0,0,0,0,0,9.039999961853027,0.0,4.0,0.0,0.0,21.0,0,1,0,0,0,0
MLI,346006,2021,346,6,2,1,2,1,1,0,1,1,0,0,1,0,0,1,0,4,3,0,0,0,0,0,0,0,6.6399999260902405,0.0,12.0,0.0,0.0,10.0,0,1,1,1,0,0
MLI,346007,2021,346,7,2,1,2,1,1,1,1,1,0,0,1,0,0,1,0,4,3,0,0,0,0,0,0,0,,,,,,,1,0,0,0,0,0
MLI,346008,2021,346,8,2,1,2,1,1,0,0,0,0,0,1,0,0,0,0,4,3,0,0,0,0,0,0,0,,10.0,0.0,0.0,0.0,0.0,0,0,0,0,0,0
MLI,346009,2021,346,9,2,1,2,1,1,1,1,1,0,0,1,0,0,1,0,4,3,0,0,0,0,0,0,0,8.290000200271606,11.0,15.0,0.0,0.0,0.0,0,1,0,0,0,0
MLI,346010,2021,346,10,2,1,2,1,1,1,0,0,0,0,1,0,0,1,0,4,3,0,0,0,0,0,0,0,5.670000076293945,5.0,5.0,0.0,0.0,2.0,0,1,0,0,0,0
MLI,346011,2021,346,11,2,1,2,1,1,0,1,0,0,0,1,0,0,1,0,4,3,0,0,0,0,0,0,0,1.936967372894287,,,,,,0,0,0,0,0,0
MLI,346012,2021,346,12,2,1,2,1,1,1,1,1,0,0,1,0,0,1,1,4,3,1,0,0,0,0,1,0,7.7200000286102295,7.0,13.0,0.0,0.0,0.0,0,1,0,0,0,0
MLI,347001,2021,347,1,2,1,2,1,1,0,1,1,0,0,1,1,0,0,0,4,3,1,0,0,0,0,0,0,3.7662000358104706,5.0,9.0,0.0,0.0,20.0,0,1,1,0,0,0
MLI,347002,2021,347,2,2,1,4,1,1,0,1,1,0,0,1,1,0,0,0,4,3,1,0,0,0,0,1,0,,,,,,,0,0,0,0,0,0
MLI,347003,2021,347,3,2,1,2,1,1,0,1,1,0,0,1,1,0,0,0,4,3,0,0,0,0,0,0,0,3.233123779296875,4.0,1.0,0.0,0.0,10.0,0,0,1,0,0,0
MLI,347004,2021,347,4,2,1,2,1,1,0,1,1,0,0,1,1,0,0,0,4,3,0,0,0,0,0,0,0,1.3157999515533447,5.0,2.0,0.0,0.0,0.0,1,0,1,0,0,0
MLI,347005,2021,347,5,2,1,2,1,1,1,1,1,0,0,1,0,0,0,0,4,3,1,0,0,0,0,1,0,11.745905756950378,42.0,23.0,0.0,0.0,0.0,0,1,0,0,0,0
MLI,347006,2021,347,6,2,1,2,1,1,0,1,1,0,0,1,0,0,1,0,4,3,1,0,0,0,0,1,0,18.96999955177307,20.0,14.0,0.0,0.0,4.0,0,1,1,0,0,0
MLI,347007,2021,347,7,2,2,2,1,1,1,1,1,0,0,1,0,0,0,0,4,3,0,0,0,0,0,0,0,3.880000054836273,2.0,5.0,0.0,0.0,10.0,0,1,0,0,0,0
MLI,347008,2021,347,8,2,1,2,1,1,0,1,1,0,0,1,0,0,0,0,4,3,0,0,0,0,0,0,0,7.289999842643738,5.0,17.0,0.0,0.0,0.0,0,1,0,1,0,0
MLI,347009,2021,347,9,2,1,2,1,1,0,1,1,0,0,1,0,0,1,0,4,3,1,0,0,0,0,1,0,6.570000171661377,13.0,11.0,0.0,0.0,0.0,0,1,0,0,0,0
MLI,347010,2021,347,10,2,1,2,1,1,0,1,1,0,0,1,0,0,1,0,4,3,1,0,0,0,0,1,0,6.130000114440918,13.0,9.0,0.0,0.0,0.0,0,0,0,0,0,0
MLI,347011,2021,347,11,2,1,2,1,1,0,1,1,0,0,1,0,0,1,0,4,3,0,0,0,0,0,0,0,1.5699999928474426,0.0,4.0,0.0,0.0,20.0,0,0,0,0,0,0
MLI,347012,2021,347,12,2,1,2,1,1,0,1,1,0,0,1,0,0,1,0,4,3,0,0,0,0,0,0,0,11.800000309944153,16.0,5.0,0.0,0.0,0.0,0,0,0,0,0,0
MLI,349001,2021,349,1,2,1,1,1,1,1,0,0,0,1,0,0,0,0,0,3,1,1,0,0,0,0,0,0,,0.0,0.0,0.0,0.0,6.0,0,0,0,0,0,0
MLI,349002,2021,349,2,2,1,3,1,1,1,1,0,0,1,0,0,0,0,0,2,1,1,0,0,0,0,0,0,,0.0,0.0,0.0,0.0,15.0,0,0,0,0,0,0
MLI,349003,2021,349,3,2,1,3,1,1,1,1,1,0,1,0,1,0,0,0,3,1,1,0,0,0,0,0,0,1.1460914611816406,,,,,,0,0,0,0,0,0
MLI,349004,2021,349,4,2,1,3,1,1,1,1,1,0,1,0,0,0,0,0,3,1,1,0,0,0,0,0,0,,,,,,,0,0,0,0,0,0
MLI,349005,2021,349,5,2,1,1,1,1,1,1,1,1,1,0,1,1,1,0,1,1,1,0,1,0,1,1,1,,0.0,8.0,10.0,0.0,0.0,0,0,0,0,0,0
MLI,349006,2021,349,6,2,1,3,1,1,1,1,1,1,1,0,0,1,1,0,1,1,1,0,1,0,0,1,0,,,,,,,1,0,0,0,0,0
MLI,349007,2021,349,7,2,1,3,1,1,1,1,1,1,1,0,1,0,0,0,1,1,1,0,0,0,0,1,0,,,,,,,1,0,0,0,0,0
MLI,349008,2021,349,8,2,1,3,1,1,1,1,1,1,1,0,1,0,0,0,1,1,1,0,0,0,0,0,0,,,,,,,0,0,0,0,0,1
MLI,349009,2021,349,9,2,1,3,1,1,1,1,1,0,1,0,0,0,0,1,4,1,0,0,0,0,0,0,0,,,,,,,0,0,1,0,0,0
MLI,349010,2021,349,10,2,1,1,1,1,1,1,1,0,0,1,0,0,0,1,4,3,1,0,0,0,0,1,0,,,,,,,0,0,0,0,0,0
MLI,349011,2021,349,11,2,1,1,1,1,1,1,0,1,1,0,0,0,0,1,1,1,1,0,0,0,0,0,0,,,,,,,1,0,1,0,0,0
MLI,349012,2021,349,12,2,1,1,1,1,1,1,1,1,1,0,1,1,0,1,1,1,1,1,0,0,0,0,0,,,,,,,1,0,0,0,0,0
MLI,354001,2021,354,1,2,1,2,1,1,0,1,1,0,0,1,1,0,0,0,4,3,1,0,0,0,0,1,0,3.482200026512146,4.0,10.0,0.0,0.0,24.0,0,0,1,0,0,0
MLI,354002,2021,354,2,2,1,2,1,1,0,1,1,0,0,1,1,0,0,0,4,3,0,0,0,0,0,0,0,,,,,,,0,1,0,0,0,0
MLI,354003,2021,354,3,2,1,4,1,1,0,1,0,0,0,1,1,0,0,0,4,3,0,0,0,0,0,0,0,6.645099878311157,5.0,0.0,0.0,0.0,80.0,0,1,0,0,0,0
MLI,354004,2021,354,4,2,1,4,1,1,0,1,0,0,0,1,1,0,0,0,4,3,0,0,0,0,0,0,0,4.280100047588348,7.0,12.0,0.0,0.0,36.0,0,0,1,0,0,0
MLI,354005,2021,354,5,2,1,2,1,1,1,1,1,0,0,1,0,0,1,0,4,3,1,0,0,0,0,1,0,18.130000591278076,,,,,,1,0,0,0,0,0
MLI,354006,2021,354,6,2,1,2,1,1,0,1,0,0,0,1,0,0,1,0,4,3,1,0,0,0,0,1,0,2.1200000047683716,0.0,11.0,0.0,0.0,20.0,0,0,0,0,0,0
MLI,354007,2021,354,7,2,1,4,1,1,1,1,1,0,0,1,0,0,0,0,4,3,1,0,0,0,0,0,0,8.890000104904175,,,,,,0,0,0,0,0,0
MLI,354008,2021,354,8,2,1,2,1,1,0,1,1,0,0,1,0,0,1,0,4,3,0,0,0,0,0,0,0,2.39000004529953,0.0,8.0,0.0,0.0,25.0,0,1,0,0,0,0
MLI,354009,2021,354,9,2,1,2,1,1,0,0,0,0,0,1,0,0,1,0,4,3,0,0,0,0,0,0,0,1.8700000643730164,2.0,4.0,0.0,0.0,7.0,0,0,0,0,0,0
MLI,354010,2021,354,10,2,1,2,1,1,0,1,0,0,0,1,0,0,1,0,4,3,0,0,0,0,0,0,0,2.5999999046325684,4.0,10.0,0.0,0.0,2.0,0,0,0,0,0,0
MLI,354011,2021,354,11,2,1,2,1,1,0,1,0,0,0,1,0,0,1,0,4,3,0,0,0,0,0,0,0,1.1600000113248825,1.0,0.0,0.0,0.0,30.0,0,1,0,0,0,0
MLI,354012,2021,354,12,2,1,2,1,1,0,0,1,0,0,1,0,0,1,0,4,3,1,0,0,0,0,1,0,3.060000032186508,5.0,10.0,0.0,0.0,15.0,0,0,0,0,0,0
MLI,355001,2021,355,1,1,1,2,1,1,0,0,0,0,0,1,0,0,0,0,4,3,0,0,0,0,0,0,0,4.529999852180481,,,,,,0,1,1,0,0,0
MLI,355002,2021,355,2,1,1,2,1,0,0,0,0,0,0,1,0,0,0,0,4,3,0,0,0,0,0,0,0,5.789999842643738,,,,,,1,0,1,0,0,0
MLI,355003,2021,355,3,1,1,2,1,1,0,1,1,0,0,1,0,0,0,0,4,3,0,0,0,0,0,0,0,1.1200000047683716,10.0,0.0,0.0,0.0,0.0,0,0,0,0,0,0
MLI,355004,2021,355,4,1,1,2,1,1,0,1,1,0,0,1,0,0,0,0,4,3,0,0,0,0,0,0,0,3.309999942779541,,,,,,0,1,1,0,0,0
MLI,355005,2021,355,5,1,1,2,1,1,1,0,0,0,0,0,0,0,0,0,4,5,0,0,0,0,0,0,0,4.3899999260902405,,,,,,0,1,1,0,0,0
MLI,355006,2021,355,6,1,1,2,1,1,1,0,0,0,0,1,0,0,0,0,4,3,1,0,0,0,0,1,0,5.46999990940094,0.0,17.0,0.0,0.0,0.0,0,0,1,0,0,0
MLI,355007,2021,355,7,1,1,2,1,1,1,0,0,0,0,1,0,0,1,0,4,3,1,0,0,0,0,1,0,7.799999892711639,,,,,,0,0,1,0,0,0
MLI,355008,2021,355,8,1,1,1,1,1,1,0,0,0,0,1,0,0,0,0,4,3,0,0,0,0,0,0,0,4.680000066757202,,,,,,0,1,1,0,0,0
MLI,355009,2021,355,9,1,1,2,1,1,1,1,1,0,0,1,0,0,0,0,4,3,0,0,0,0,0,0,0,3.159999966621399,,,,,,0,1,0,0,0,0
MLI,355010,2021,355,10,1,1,2,1,1,0,1,1,0,0,1,0,0,0,0,4,3,1,0,0,0,0,1,0,,,,,,,0,1,0,0,0,0
MLI,355011,2021,355,11,1,1,2,1,1,1,0,0,0,0,1,0,0,1,0,4,3,0,0,0,0,0,0,0,3.5799999237060547,,,,,,0,1,0,0,0,0
MLI,355012,2021,355,12,1,1,2,1,1,0,0,0,0,0,1,0,0,0,0,4,3,0,0,0,0,0,0,0,6.319999933242798,,,,,,1,0,0,0,0,0
MLI,357001,2021,357,1,2,1,1,1,1,1,1,1,0,0,1,0,0,0,0,4,3,0,0,0,0,0,0,0,2.7269999384880066,20.0,0.0,0.0,0.0,0.0,0,0,0,0,0,0
MLI,357002,2021,357,2,2,1,1,1,1,1,1,1,0,0,1,0,0,0,0,4,3,1,0,0,0,0,0,0,3.0699999928474426,3.0,10.0,0.0,0.0,0.0,0,0,0,0,0,0
MLI,357003,2021,357,3,2,1,1,1,1,1,1,1,0,0,1,0,0,0,0,4,3,0,0,0,0,0,0,0,4.380000114440918,6.0,20.0,0.0,0.0,0.0,0,0,0,0,0,0
MLI,357004,2021,357,4,2,1,1,1,1,1,0,0,0,0,1,0,0,0,0,4,3,0,0,0,0,0,0,0,17.490000367164612,11.0,5.0,0.0,0.0,0.0,0,0,0,0,0,0
MLI,357005,2021,357,5,2,1,2,1,1,0,1,1,0,0,1,0,0,0,0,4,3,0,0,0,0,0,0,0,6.14000004529953,2.0,0.0,0.0,0.0,0.0,1,0,0,0,0,0
MLI,357006,2021,357,6,2,1,2,1,1,1,1,1,0,0,1,0,0,0,0,4,3,0,0,0,0,0,0,0,17.490000367164612,,,,,,0,1,1,0,0,0
MLI,357007,2021,357,7,2,1,2,1,1,1,1,1,0,0,1,0,0,0,0,4,3,1,0,0,0,0,0,0,17.490000367164612,12.0,5.0,0.0,0.0,0.0,0,0,1,0,0,0
MLI,357008,2021,357,8,2,1,2,1,1,1,1,1,0,0,1,0,0,0,0,4,3,1,0,0,0,0,0,0,13.817323923110962,15.0,0.0,0.0,0.0,0.0,0,0,1,0,0,0
MLI,357009,2021,357,9,2,1,1,1,1,1,0,0,0,0,1,0,0,0,0,4,3,0,0,0,0,0,0,0,3.592065930366516,8.0,6.0,0.0,0.0,0.0,0,0,0,0,0,0
MLI,357010,2021,357,10,2,1,2,1,1,1,0,0,0,0,1,0,0,0,1,4,3,0,0,0,0,0,0,0,,0.0,10.0,0.0,0.0,0.0,0,0,1,0,0,0
MLI,357011,2021,357,11,2,1,1,1,1,1,1,1,0,0,1,0,0,0,0,4,3,0,0,0,0,0,0,0,4.806068062782288,10.0,0.0,0.0,0.0,0.0,1,1,0,0,0,0
MLI,357012,2021,357,12,2,1,2,1,1,0,0,1,0,0,1,0,0,0,0,4,3,0,0,0,0,0,0,0,7.329999923706055,2.0,0.0,0.0,0.0,0.0,0,0,0,0,0,0
MLI,360001,2021,360,1,1,1,2,1,1,1,0,1,0,0,1,0,0,0,0,4,3,0,0,0,0,0,0,0,0.7400000095367432,,,,,,0,1,1,0,0,0
MLI,360002,2021,360,2,1,1,2,1,1,1,1,0,0,0,1,0,0,0,0,4,3,0,0,0,0,0,0,0,2.509999990463257,,,,,,0,0,1,0,0,0
MLI,360003,2021,360,3,1,1,1,1,1,0,1,1,0,0,1,0,0,0,0,4,3,0,0,0,0,0,0,0,2.2899999618530273,0.0,18.0,0.0,0.0,0.0,0,0,1,0,0,0
MLI,360004,2021,360,4,1,1,2,1,1,1,0,0,0,0,1,0,0,0,0,4,3,1,0,0,0,0,1,0,4.710000038146973,,,,,,0,1,1,0,0,0
MLI,360005,2021,360,5,1,2,2,1,1,1,0,0,0,0,1,0,0,0,0,4,3,0,0,0,0,0,0,0,2.299999952316284,,,,,,0,1,1,0,0,0
MLI,360006,2021,360,6,1,2,2,1,1,1,1,1,0,0,1,0,0,0,0,4,3,0,0,0,0,0,0,0,3.259999990463257,,,,,,1,1,1,0,0,0
MLI,360007,2021,360,7,1,1,2,1,1,1,1,1,0,0,1,0,0,0,0,4,3,1,0,0,0,0,1,0,6.320000171661377,,,,,,0,1,1,0,0,0
MLI,360008,2021,360,8,1,2,2,1,1,0,0,0,0,0,0,0,0,0,0,4,5,0,0,0,0,0,0,0,5.134787693619728,,,,,,0,1,0,0,0,0
MLI,360009,2021,360,9,1,1,2,1,1,1,1,1,0,0,1,0,0,0,0,4,3,0,0,0,0,0,0,0,4.629999995231628,,,,,,0,0,0,0,0,0
MLI,360010,2021,360,10,1,1,2,1,1,0,1,1,0,0,1,0,0,0,0,4,3,0,0,0,0,0,0,0,4.579999923706055,,,,,,0,1,0,0,0,0
MLI,360011,2021,360,11,1,1,2,1,1,0,1,1,0,0,1,0,0,0,0,4,3,1,0,1,0,1,1,0,,,,,,,1,0,1,0,0,0
MLI,360012,2021,360,12,1,1,2,1,1,0,0,0,0,0,1,0,0,0,0,4,3,1,0,0,0,0,0,0,5.650000035762787,,,,,,0,0,0,0,0,0
MLI,361001,2021,361,1,1,1,2,1,1,0,1,0,0,0,1,0,0,0,0,4,3,1,0,0,0,0,0,0,5.610000014305115,13.0,0.0,0.0,0.0,0.0,1,1,1,0,0,0
MLI,361002,2021,361,2,1,1,2,1,1,0,1,0,0,0,1,0,0,0,0,4,3,0,0,0,0,0,0,0,7.289999961853027,0.0,20.0,0.0,0.0,0.0,1,1,1,0,0,0
MLI,361003,2021,361,3,1,1,2,1,1,1,0,0,0,0,1,0,0,0,0,4,3,1,0,0,0,0,0,0,7.690000057220459,0.0,20.0,0.0,0.0,0.0,1,1,1,1,0,0
MLI,361004,2021,361,4,1,1,2,1,1,0,0,0,0,0,1,0,0,0,0,4,3,0,0,0,0,0,0,0,7.920000314712524,,,,,,0,1,1,0,0,0
MLI,361005,2021,361,5,1,1,2,1,1,0,0,0,0,0,1,0,0,0,0,4,3,0,0,0,0,0,0,0,2.7368000149726868,0.0,17.0,0.0,0.0,195.0,0,0,1,0,0,0
MLI,361006,2021,361,6,1,1,2,1,1,1,1,0,0,0,1,0,0,0,0,4,3,0,0,0,0,0,0,0,7.879600286483765,40.0,14.0,0.0,0.0,25.0,0,0,1,0,0,0
MLI,361007,2021,361,7,1,1,2,1,1,1,0,0,0,0,1,0,0,0,0,4,3,0,0,0,0,0,0,0,10.561900079250336,,,,,,0,0,1,0,0,0
MLI,361008,2021,361,8,1,1,2,1,1,1,0,0,0,0,1,0,0,0,0,4,3,0,0,0,0,0,0,0,7.285100102424622,30.0,9.0,0.0,10.0,45.0,0,0,1,0,0,0
MLI,361009,2021,361,9,1,1,2,1,1,1,1,1,0,0,1,0,0,0,0,4,3,0,0,0,0,0,0,0,19.780000686645508,0.0,0.0,0.0,0.0,50.0,1,1,0,0,0,0
MLI,361010,2021,361,10,1,1,2,1,1,0,1,1,0,0,1,0,0,0,0,4,3,1,0,0,0,0,0,0,5.769999980926514,0.0,0.0,0.0,0.0,0.0,0,1,0,0,0,0
MLI,361011,2021,361,11,1,1,2,1,1,1,1,1,0,0,1,0,0,0,0,4,3,0,0,0,0,0,0,0,14.740000247955322,40.0,82.0,0.0,0.0,0.0,0,0,0,0,0,0
MLI,361012,2021,361,12,1,1,2,1,1,0,0,0,0,0,1,0,0,0,0,4,3,1,0,0,0,0,0,0,4.309999942779541,,,,,,0,1,0,0,0,0
MLI,362001,2021,362,1,2,1,4,1,1,0,1,1,1,1,0,0,0,0,0,1,1,0,0,0,0,0,0,0,,,,,,,0,0,0,0,0,0
MLI,362002,2021,362,2,2,1,4,1,1,1,1,1,1,1,0,1,0,0,0,1,1,1,0,0,0,0,0,0,,,,,,,0,0,0,0,0,0
MLI,362003,2021,362,3,2,1,1,1,1,0,1,1,1,1,0,1,0,0,0,1,1,1,0,0,0,0,0,0,,1.0,8.0,0.0,0.0,5.0,1,0,0,0,0,0
MLI,362004,2021,362,4,2,1,4,1,1,1,1,1,1,1,0,1,0,0,0,1,1,1,0,0,0,0,1,0,,,,,,,0,0,0,0,0,0
MLI,362005,2021,362,5,2,1,1,1,1,1,1,1,0,1,0,0,0,1,0,3,1,1,0,0,0,0,1,0,,0.0,9.0,0.0,0.0,30.0,0,1,1,0,0,0
MLI,362006,2021,362,6,2,1,1,1,1,1,1,1,1,0,1,1,0,0,0,1,2,1,0,1,0,0,1,0,,,,,,,0,0,1,0,0,0
MLI,362007,2021,362,7,2,1,3,1,1,1,1,1,0,1,0,0,0,0,0,2,1,1,0,0,0,0,1,0,,,,,,,0,0,1,0,0,0
MLI,362008,2021,362,8,2,2,1,1,1,1,1,1,1,1,0,1,1,1,0,1,1,1,0,1,0,1,1,0,,,,,,,0,0,0,0,0,0
MLI,362009,2021,362,9,2,2,1,1,1,1,1,1,1,0,1,1,1,1,0,1,2,1,0,1,0,0,1,0,,,,,,,0,0,1,0,0,0
MLI,362010,2021,362,10,2,1,1,1,1,1,1,1,1,1,0,1,0,1,0,1,1,1,0,0,0,0,1,0,,,,,,,0,0,0,0,0,0
MLI,362011,2021,362,11,2,1,1,1,1,1,1,1,1,1,0,1,1,1,0,1,1,1,0,0,0,0,1,0,,,,,,,0,0,0,0,0,0
MLI,362012,2021,362,12,2,1,1,1,1,1,1,1,0,0,1,1,0,1,0,4,3,0,0,0,0,0,0,0,,,,,,,0,0,0,0,0,0
MLI,363001,2021,363,1,2,1,2,1,1,0,1,1,0,0,1,1,0,0,0,4,3,1,0,0,0,0,0,0,13.459800004959106,7.0,15.0,0.0,0.0,10.0,1,0,0,0,0,0
MLI,363002,2021,363,2,2,1,2,1,1,0,1,1,0,0,1,1,0,0,0,4,3,0,0,0,0,0,0,0,6.08119997382164,2.0,6.0,0.0,0.0,0.0,0,0,1,0,0,0
MLI,363003,2021,363,3,2,1,2,1,1,0,1,1,0,0,1,1,0,0,0,4,3,1,0,1,0,0,1,0,17.486897468566895,154.0,70.0,0.0,0.0,20.0,0,1,0,0,0,0
MLI,363004,2021,363,4,2,1,2,1,1,0,0,0,0,0,1,1,0,0,0,4,3,1,0,0,0,0,0,0,9.98810002207756,8.0,16.0,0.0,0.0,30.0,0,0,1,0,0,0
MLI,363005,2021,363,5,2,1,2,1,1,1,1,1,0,0,1,0,0,0,0,4,3,0,0,0,0,0,0,0,4.206399977207184,2.0,0.0,0.0,0.0,11.0,0,0,1,1,0,0
MLI,363006,2021,363,6,2,1,2,1,1,0,1,1,0,0,1,0,0,0,0,4,3,0,0,0,0,0,0,0,6.633899927139282,7.0,7.0,0.0,0.0,10.0,0,1,0,0,0,0
MLI,363007,2021,363,7,2,1,2,1,1,0,1,1,0,0,1,0,0,1,0,4,3,0,0,0,0,0,0,0,4.879999995231628,0.0,5.0,0.0,0.0,50.0,0,1,0,0,0,0
MLI,363008,2021,363,8,2,1,2,1,1,1,1,1,0,0,1,0,0,0,0,4,3,0,0,0,0,0,0,0,8.805346071720123,3.0,5.0,0.0,0.0,8.0,0,1,0,0,0,0
MLI,363009,2021,363,9,2,1,2,1,1,0,1,1,0,0,1,0,0,1,0,4,3,0,0,0,0,0,0,0,2.8699999153614044,2.0,6.0,0.0,0.0,10.0,0,0,0,0,0,0
MLI,363010,2021,363,10,2,1,2,1,1,0,0,0,0,0,1,0,0,1,0,4,3,0,0,0,0,0,0,0,3.4899999499320984,5.0,3.0,0.0,0.0,2.0,0,0,0,0,0,0
MLI,363011,2021,363,11,2,1,2,1,1,1,1,1,0,0,1,0,0,1,0,4,3,0,0,0,0,0,0,0,7.0899999141693115,11.0,5.0,0.0,0.0,0.0,0,0,0,0,0,0
MLI,363012,2021,363,12,2,1,2,1,1,1,1,1,0,0,1,0,0,1,1,4,3,0,0,0,0,0,0,0,5.320000052452087,3.0,10.0,0.0,0.0,15.0,0,1,0,0,0,0
MLI,364001,2021,364,1,1,2,2,1,1,0,1,1,0,0,1,0,0,0,0,4,3,0,0,0,0,0,0,0,6.7422943115234375,,,,,,0,0,0,0,0,0
MLI,364002,2021,364,2,1,2,1,1,1,1,1,1,0,0,1,0,0,0,0,4,3,0,0,1,0,0,0,0,12.400000214576721,,,,,,1,1,1,0,0,0
MLI,364003,2021,364,3,1,1,1,1,1,0,1,0,0,0,1,0,0,0,0,4,3,0,0,0,0,0,0,0,,,,,,,0,0,0,0,0,0
MLI,364004,2021,364,4,1,2,2,1,1,1,1,1,0,0,1,0,0,0,0,4,3,0,0,0,0,0,0,0,28.06489986181259,30.0,18.0,0.0,0.0,0.0,0,0,1,0,0,0
MLI,364005,2021,364,5,1,1,2,1,1,1,1,1,0,0,1,0,0,0,0,4,3,0,0,0,0,0,0,0,9.902200102806091,,,,,,0,1,1,0,0,0
MLI,364006,2021,364,6,1,2,2,1,1,0,1,1,0,0,1,0,0,0,0,4,3,0,0,0,0,0,0,0,11.617265939712524,,,,,,0,1,0,0,0,0
MLI,364007,2021,364,7,1,1,2,1,1,1,1,1,0,0,1,0,0,0,0,4,3,1,0,0,0,0,1,0,13.37000036239624,22.0,15.0,0.0,0.0,120.0,0,1,1,0,0,0
MLI,364008,2021,364,8,1,1,2,1,1,1,1,1,0,0,1,0,0,0,0,4,3,0,0,0,0,0,0,0,4.269999980926514,,,,,,0,1,1,0,0,0
MLI,364009,2021,364,9,1,2,2,1,1,0,1,1,0,0,1,0,0,0,0,4,3,1,0,0,0,0,1,0,6.080000042915344,,,,,,0,0,1,0,0,0
MLI,364010,2021,364,10,1,2,1,1,1,0,1,1,0,0,1,0,0,0,0,4,3,1,0,0,0,0,1,0,7.300000190734863,0.0,8.0,0.0,0.0,0.0,0,1,0,0,0,0
MLI,364011,2021,364,11,1,2,1,1,1,0,1,1,0,0,1,0,0,0,0,4,3,1,0,0,0,0,0,0,2.459999978542328,0.0,9.0,0.0,0.0,0.0,1,1,0,0,0,0
MLI,364012,2021,364,12,1,2,2,1,1,0,0,0,0,0,1,0,0,0,0,4,3,1,0,0,0,0,0,0,14.279999613761902,,,,,,0,0,0,0,0,0
MLI,366001,2021,366,1,2,1,3,1,1,1,1,1,0,1,0,0,0,0,0,3,1,1,0,0,0,0,0,0,,,,,,,0,0,0,0,0,0
MLI,366002,2021,366,2,2,1,4,1,1,1,1,1,0,0,1,0,0,0,0,4,3,1,0,0,0,0,0,0,,0.0,0.0,0.0,0.0,35.0,0,0,0,0,0,0
MLI,366003,2021,366,3,2,1,1,1,1,1,1,1,0,1,0,0,0,0,0,3,1,1,0,0,0,0,0,0,2.585103988647461,0.0,3.0,0.0,0.0,0.0,0,0,0,0,0,0
MLI,366004,2021,366,4,2,1,1,1,1,1,1,1,0,1,0,0,0,0,0,3,1,1,0,1,0,0,0,0,,,,,,,0,0,0,0,0,0
MLI,366005,2021,366,5,2,1,1,1,1,1,1,1,1,1,0,1,1,0,0,1,1,1,0,0,0,0,1,0,6.1915072202682495,4.0,4.0,0.0,0.0,0.0,1,0,0,0,0,0
MLI,366006,2021,366,6,2,1,1,1,1,1,1,1,1,1,0,0,1,1,0,1,1,1,1,1,0,0,1,0,,,,,,,1,0,0,0,0,0
MLI,366007,2021,366,7,2,1,3,1,1,1,1,1,1,1,0,0,1,1,0,1,1,1,1,1,0,0,1,1,,0.0,4.0,0.0,0.0,0.0,0,0,0,0,0,0
MLI,366008,2021,366,8,2,1,1,1,1,1,1,1,1,1,0,1,1,0,1,1,1,1,0,1,0,0,1,0,,0.0,0.0,0.0,0.0,12.0,1,0,0,0,0,0
MLI,366009,2021,366,9,2,1,1,1,1,1,1,1,1,1,0,1,0,0,1,1,1,0,0,0,0,0,1,0,2.439118266105652,9.0,0.0,0.0,0.0,0.0,0,0,1,0,0,0
MLI,366010,2021,366,10,2,1,1,1,1,1,0,0,1,1,0,1,0,0,1,1,1,1,0,0,0,0,1,0,,,,,,,0,0,1,0,0,0
MLI,366011,2021,366,11,2,1,3,1,1,1,1,1,1,1,0,0,1,0,1,1,1,1,0,0,0,0,1,1,,,,,,,0,0,1,0,0,0
MLI,366012,2021,366,12,2,1,1,1,1,1,0,0,1,1,0,0,0,0,1,1,1,1,0,0,0,0,1,0,,,,,,,0,0,1,0,0,0
MLI,368001,2021,368,1,1,1,2,1,1,0,1,1,0,0,1,0,0,0,0,4,3,0,0,0,0,0,0,0,3.3999998569488525,,,,,,0,1,1,0,0,0
MLI,368002,2021,368,2,1,1,1,1,1,0,0,0,0,0,1,0,0,0,0,4,3,0,0,0,0,0,0,0,6.8399999141693115,,,,,,0,1,1,0,0,0
MLI,368003,2021,368,3,1,1,2,1,1,0,1,0,0,0,1,0,0,0,0,4,3,0,0,0,0,0,0,0,4.579999923706055,,,,,,0,1,1,0,0,0
MLI,368004,2021,368,4,1,1,1,1,1,0,1,1,0,0,1,0,0,0,0,4,3,0,0,0,0,0,0,0,6.820000171661377,,,,,,0,0,1,0,0,0
MLI,368005,2021,368,5,1,1,2,1,1,0,0,0,0,0,1,0,0,1,0,4,3,0,0,0,0,0,0,0,4.60999983549118,,,,,,1,0,0,0,0,0
MLI,368006,2021,368,6,1,1,2,1,1,0,1,0,0,0,1,0,0,0,0,4,3,0,0,0,0,0,0,0,4.520000159740448,,,,,,1,1,0,0,0,0
MLI,368007,2021,368,7,1,1,2,1,1,0,1,1,0,0,1,0,0,0,0,4,3,0,0,0,0,0,0,0,2.5199999809265137,,,,,,0,1,0,0,0,0
MLI,368008,2021,368,8,1,1,2,1,1,0,1,1,0,0,1,0,0,0,0,4,3,0,0,0,0,0,0,0,6.969999998807907,,,,,,0,1,0,0,0,0
MLI,368009,2021,368,9,1,1,2,1,1,1,0,0,0,0,1,0,0,0,0,4,3,1,0,0,0,0,1,0,10.900000214576721,9.0,0.0,0.0,0.0,0.0,0,1,1,0,0,0
MLI,368010,2021,368,10,1,1,2,1,1,1,0,0,0,0,1,0,0,0,0,4,3,0,0,0,0,0,0,0,3.9699999690055847,0.0,0.0,0.0,0.0,45.0,0,1,1,0,0,0
MLI,368011,2021,368,11,1,2,2,1,1,1,1,1,0,0,1,0,0,0,0,4,3,1,0,0,0,0,1,0,5.560000061988831,,,,,,0,1,1,0,0,0
MLI,368012,2021,368,12,1,1,2,1,1,1,0,0,0,0,1,0,0,0,0,4,3,1,0,0,0,0,1,0,4.989999890327454,14.0,7.0,0.0,0.0,0.0,0,1,1,0,0,0
MLI,370001,2021,370,1,1,1,2,1,1,1,1,1,1,1,0,0,0,0,0,1,1,0,0,0,0,0,0,0,2.9484999775886536,10.0,0.0,0.0,0.0,10.0,0,0,1,1,0,0
MLI,370002,2021,370,2,1,1,1,1,1,1,0,0,1,1,0,0,0,0,0,1,1,0,0,0,0,0,0,0,,0.0,0.0,0.0,0.0,2.0,0,0,0,1,0,0
MLI,370003,2021,370,3,1,1,1,1,1,1,1,1,0,1,0,0,0,0,0,4,1,0,0,0,0,0,0,0,,,,,,,0,0,0,0,0,0
MLI,370004,2021,370,4,1,1,1,1,1,1,1,1,0,0,0,1,0,0,1,4,5,0,0,0,0,0,0,0,,2.0,0.0,0.0,0.0,9.0,1,0,0,0,0,0
MLI,370005,2021,370,5,1,1,1,1,1,1,1,1,1,1,0,0,0,0,0,1,1,1,0,1,0,0,0,0,,,,,,,1,0,1,0,0,0
MLI,370006,2021,370,6,1,1,3,1,1,1,1,1,0,0,0,0,0,0,0,4,5,0,0,0,0,0,0,0,0.7915326356887817,0.0,0.0,0.0,0.0,45.0,0,0,1,1,0,0
MLI,370007,2021,370,7,1,2,1,1,1,1,1,1,0,0,1,0,0,0,0,4,3,1,0,0,0,0,0,0,,,,,,,1,0,1,1,0,0
MLI,370008,2021,370,8,1,1,1,0,1,1,1,1,0,0,0,0,0,1,0,4,5,0,0,0,0,0,0,0,,,,,,,1,0,1,1,0,0
MLI,370009,2021,370,9,1,1,1,1,1,1,1,1,0,1,0,0,0,0,0,3,1,1,0,0,0,0,0,0,,0.0,0.0,0.0,0.0,7.0,0,0,0,0,0,0
MLI,370010,2021,370,10,1,1,1,1,1,1,0,1,0,0,1,0,0,0,0,4,3,1,0,0,0,0,0,0,,,,,,,1,0,1,0,0,0
MLI,370011,2021,370,11,1,1,1,1,1,1,1,1,0,0,1,1,0,0,0,4,3,1,0,0,0,0,0,0,,0.0,5.0,0.0,0.0,0.0,1,0,0,0,0,0
MLI,370012,2021,370,12,1,1,1,1,1,1,1,1,0,1,0,0,0,0,0,2,1,1,0,1,0,1,1,0,2.807713270187378,,,,,,0,0,1,0,0,0
MLI,373001,2021,373,1,1,1,1,1,1,1,1,1,1,1,0,0,1,0,0,1,1,1,0,0,0,0,1,0,,,,,,,0,0,0,0,0,0
MLI,373002,2021,373,2,1,1,1,1,1,1,1,1,1,1,0,0,0,0,0,1,1,1,0,0,0,0,0,0,0.75,,,,,,0,1,1,0,0,0
MLI,373003,2021,373,3,1,1,1,1,1,1,1,1,1,0,1,0,0,0,0,1,2,1,0,0,0,0,0,0,,,,,,,0,0,0,0,0,0
MLI,373004,2021,373,4,1,2,1,1,1,1,1,1,0,1,0,1,1,1,0,3,1,1,0,1,0,1,1,1,,,,,,,0,0,1,0,0,0
MLI,373005,2021,373,5,1,1,4,1,1,1,1,1,0,0,1,0,0,0,0,4,3,0,0,0,0,0,0,0,,,,,,,0,1,1,0,0,0
MLI,373006,2021,373,6,1,1,1,1,1,1,1,1,1,1,0,1,0,1,0,1,1,1,0,0,0,0,1,0,,,,,,,0,0,1,0,0,0
MLI,373007,2021,373,7,1,1,3,1,1,1,1,1,1,1,0,1,0,1,0,1,1,1,0,0,0,0,1,0,,,,,,,0,0,1,0,0,0
MLI,373008,2021,373,8,1,1,4,1,1,1,1,1,1,1,0,1,0,1,0,1,1,0,0,0,0,0,0,0,2.5,,,,,,0,1,1,0,0,0
MLI,373009,2021,373,9,1,2,1,1,1,0,1,1,0,1,0,0,0,1,0,2,1,0,0,0,0,0,0,0,5.7320698499679565,,,,,,0,1,0,0,1,0
MLI,373010,2021,373,10,1,1,1,1,1,1,1,1,0,1,0,0,0,1,0,2,1,1,0,0,0,0,1,0,8.731322169303894,,,,,,0,0,1,0,0,0
MLI,373011,2021,373,11,1,2,1,1,1,0,1,1,0,0,0,0,0,0,0,4,5,0,0,0,0,0,0,0,,,,,,,0,0,0,1,0,0
MLI,373012,2021,373,12,1,1,3,1,1,1,1,1,0,0,0,0,0,1,0,4,5,0,0,0,0,0,0,0,,,,,,,1,0,0,0,0,0
MLI,377001,2021,377,1,1,1,1,1,1,1,1,1,1,1,0,0,0,0,0,1,1,1,1,0,0,0,0,0,,,,,,,0,0,0,0,0,0
MLI,377002,2021,377,2,1,1,1,1,1,1,0,0,1,1,0,0,0,0,0,1,1,1,0,0,0,0,0,0,1.3700000047683716,,,,,,0,0,0,1,0,0
MLI,377003,2021,377,3,1,1,1,1,1,1,1,1,1,1,0,0,0,0,0,1,1,1,0,1,0,0,1,1,,,,,,,1,0,0,0,0,0
MLI,377004,2021,377,4,1,2,1,1,1,1,1,1,0,1,0,1,0,1,0,3,1,1,0,1,0,0,1,1,,,,,,,0,0,1,0,0,0
MLI,377005,2021,377,5,1,1,1,1,1,1,1,1,1,1,0,0,0,0,0,1,1,1,0,0,0,0,0,0,,,,,,,0,0,0,0,0,0
MLI,377006,2021,377,6,1,1,1,1,1,1,1,1,1,1,0,1,0,1,0,1,1,1,0,1,0,0,1,0,,,,,,,0,0,1,0,0,0
MLI,377007,2021,377,7,1,2,1,1,1,1,1,1,0,1,0,1,0,1,0,3,1,1,0,0,0,1,1,0,,,,,,,0,0,1,0,0,0
MLI,377008,2021,377,8,1,1,1,1,1,1,0,0,0,0,1,1,0,1,0,4,3,1,0,0,0,0,1,0,,,,,,,0,0,1,0,0,0
MLI,377009,2021,377,9,1,1,1,1,1,1,0,0,1,1,0,1,0,1,0,1,1,1,0,0,0,0,1,0,2.9399999380111694,1.0,0.0,0.0,0.0,0.0,0,0,1,0,0,0
MLI,377010,2021,377,10,1,1,1,1,1,1,0,0,0,0,1,1,0,1,0,4,3,1,0,0,0,0,1,0,,,,,,,0,1,1,0,0,0
MLI,377011,2021,377,11,1,1,1,1,1,1,1,1,0,0,1,0,0,1,0,3,2,0,0,0,0,0,0,0,3.5,,,,,,1,1,0,0,0,0
MLI,377012,2021,377,12,1,1,1,1,1,1,1,1,0,1,0,1,0,1,0,3,1,1,0,0,0,0,1,0,,,,,,,0,1,0,0,0,0
MLI,379001,2021,379,1,2,1,2,1,1,0,0,0,0,0,1,1,0,0,0,4,3,1,0,0,0,0,0,0,6.236699938774109,3.0,6.0,0.0,0.0,30.0,0,1,0,0,0,0
MLI,379002,2021,379,2,2,1,2,1,1,0,0,0,0,0,1,1,0,0,0,4,3,0,0,0,0,0,0,0,,0.0,2.0,0.0,0.0,10.0,1,0,0,0,0,0
MLI,379003,2021,379,3,2,1,2,1,1,0,0,0,0,0,1,1,0,0,0,4,3,0,0,0,0,0,0,0,4.532700002193451,2.0,3.0,0.0,0.0,30.0,1,0,0,0,0,0
MLI,379004,2021,379,4,2,1,4,1,1,0,0,0,0,0,1,1,0,0,0,4,3,1,0,0,0,0,0,0,,,,,,,0,1,0,0,0,0
MLI,379005,2021,379,5,2,1,2,1,1,0,1,1,0,0,1,0,0,1,0,4,3,0,0,0,0,0,0,0,9.601399898529053,1.0,10.0,0.0,0.0,20.0,0,1,1,1,1,0
MLI,379006,2021,379,6,2,1,2,1,1,1,0,0,0,0,0,0,0,1,0,4,5,0,0,0,0,0,0,0,,,,,,,1,0,1,1,0,0
MLI,379007,2021,379,7,2,1,2,1,1,1,1,1,0,0,1,0,0,1,0,4,3,1,0,0,0,0,1,0,5.389900088310242,2.0,6.0,0.0,0.0,30.0,1,1,0,0,0,0
MLI,379008,2021,379,8,2,1,2,1,1,1,1,1,0,0,1,0,0,0,0,4,3,1,0,0,0,1,0,0,2.889899969100952,3.0,6.0,0.0,0.0,30.0,1,0,0,0,0,0
MLI,379009,2021,379,9,2,1,2,1,1,1,0,0,0,0,1,0,0,1,0,4,3,0,0,0,0,0,0,0,2.1299999952316284,2.0,12.0,0.0,0.0,5.0,0,0,0,0,0,0
MLI,379010,2021,379,10,2,1,4,1,1,0,0,0,0,0,1,0,0,1,0,4,3,0,0,0,0,0,0,0,,,,,,,1,0,0,0,0,0
MLI,379011,2021,379,11,2,1,2,1,1,0,0,0,0,0,1,0,0,1,0,4,3,0,0,0,0,0,0,0,12.730000019073486,5.0,2.0,0.0,0.0,0.0,0,0,0,0,0,0
MLI,379012,2021,379,12,2,1,4,1,1,1,1,1,0,0,1,0,0,1,1,4,3,1,0,0,0,0,1,0,,,,,,,0,0,0,0,0,0
MLI,382001,2021,382,1,2,1,1,1,1,1,1,1,0,0,1,0,0,0,0,4,3,1,0,0,0,0,0,0,5.5299999713897705,11.0,2.0,0.0,0.0,5.0,0,0,0,0,0,0
MLI,382002,2021,382,2,2,1,1,1,1,0,1,1,0,0,1,0,0,0,0,4,3,1,0,0,0,0,0,0,5.900000095367432,0.0,2.0,0.0,0.0,0.0,0,1,0,0,0,0
MLI,382003,2021,382,3,2,1,1,1,1,0,1,1,0,0,1,0,0,0,0,4,3,0,0,0,0,0,0,0,2.189999997615814,6.0,0.0,0.0,0.0,30.0,0,0,0,0,0,0
MLI,382004,2021,382,4,2,1,1,1,1,0,1,1,0,0,1,0,0,0,0,4,3,0,0,0,0,0,0,0,4.679999947547913,,,,,,1,0,0,0,0,0
MLI,382005,2021,382,5,2,1,1,1,1,0,0,0,0,0,1,0,0,0,0,4,3,0,0,0,0,0,0,0,6.8299999833106995,6.0,0.0,0.0,0.0,1.0,1,1,1,0,0,0
MLI,382006,2021,382,6,2,1,2,1,1,0,1,1,0,0,1,0,0,0,0,4,3,0,0,0,0,0,0,0,5.0,12.0,3.0,0.0,0.0,6.0,0,1,1,0,0,0
MLI,382007,2021,382,7,2,1,2,1,1,0,1,1,0,0,1,0,0,0,0,4,3,0,0,0,0,0,0,0,7.03000009059906,6.0,4.0,0.0,0.0,30.0,0,0,1,0,0,0
MLI,382008,2021,382,8,2,1,2,1,1,0,1,1,0,0,1,0,0,0,0,4,3,0,0,0,0,0,0,0,2.459999978542328,1.0,0.0,0.0,0.0,2.0,0,0,1,0,0,0
MLI,382009,2021,382,9,2,1,2,1,1,0,0,0,0,0,0,0,0,0,0,4,5,0,0,0,0,0,0,0,0.33000001311302185,,,,,,1,0,0,0,0,0
MLI,382010,2021,382,10,2,1,2,1,1,1,0,0,0,0,1,0,0,0,0,4,3,0,0,0,0,0,0,0,7.129999876022339,6.0,0.0,0.0,0.0,0.0,0,0,1,0,0,0
MLI,382011,2021,382,11,2,1,1,1,1,0,0,0,0,0,1,0,0,0,0,4,3,0,0,0,0,0,0,0,4.859999924898148,0.0,0.0,0.0,0.0,7.0,0,1,0,0,0,0
MLI,382012,2021,382,12,2,1,2,1,1,1,0,0,0,0,0,0,0,0,0,4,5,0,0,0,0,0,0,0,1.2300000190734863,0.0,0.0,0.0,0.0,20.0,0,0,0,0,0,0
MLI,387001,2021,387,1,2,1,1,1,1,0,1,1,0,0,1,1,0,0,0,4,3,1,0,0,0,0,1,0,24.784700632095337,33.0,50.0,0.0,0.0,60.0,0,1,1,0,0,0
MLI,387002,2021,387,2,2,1,1,1,1,0,0,0,0,0,1,1,0,0,0,4,3,0,0,0,0,0,0,0,18.709799647331238,66.0,17.0,0.0,0.0,130.0,0,0,1,0,0,0
MLI,387003,2021,387,3,2,1,4,1,1,0,1,1,0,0,1,1,0,0,0,4,3,0,0,0,0,0,0,0,,3.0,0.0,0.0,0.0,0.0,0,1,0,0,0,0
MLI,387004,2021,387,4,2,1,1,1,1,1,1,1,0,0,1,1,0,0,0,4,3,1,0,0,0,0,0,0,43.93280029296875,100.0,20.0,0.0,0.0,0.0,1,0,1,0,0,0
MLI,387005,2021,387,5,2,2,1,1,1,1,1,1,0,0,1,0,1,1,0,4,3,0,0,0,0,0,0,0,3.949999988079071,3.0,2.0,0.0,0.0,4.0,0,0,0,0,0,0
MLI,387006,2021,387,6,2,1,1,1,1,0,1,1,0,0,1,0,0,1,0,4,3,1,0,0,0,0,1,0,3.5199999809265137,,,,,,0,0,0,0,0,0
MLI,387007,2021,387,7,2,1,1,1,1,0,1,1,0,0,1,0,0,1,0,4,3,0,0,0,0,0,0,0,,,,,,,0,0,0,0,0,0
MLI,387008,2021,387,8,2,2,1,1,1,1,1,1,0,0,1,0,0,1,0,4,3,1,0,0,0,0,1,0,43.13000011444092,200.0,25.0,0.0,0.0,0.0,0,0,1,0,0,0
MLI,387009,2021,387,9,2,1,1,1,1,1,0,0,0,0,1,0,0,1,0,4,3,0,0,0,0,0,0,0,5.449999988079071,2.0,0.0,0.0,0.0,5.0,0,0,0,0,0,0
MLI,387010,2021,387,10,2,1,1,1,1,1,1,1,0,0,1,0,0,1,1,4,3,1,0,0,0,0,1,0,,,,,,,0,0,0,0,0,0
MLI,387011,2021,387,11,2,2,1,1,1,1,1,1,0,0,1,0,0,1,0,4,3,1,0,1,0,1,1,0,,0.0,13.0,0.0,0.0,15.0,0,0,1,0,0,0
MLI,387012,2021,387,12,2,1,1,1,1,1,1,1,0,0,1,0,0,1,0,4,3,1,0,0,0,0,1,0,36.05999994277954,22.0,15.0,0.0,0.0,10.0,0,0,0,0,0,0
MLI,390001,2021,390,1,2,1,2,1,1,0,1,1,0,0,1,1,0,0,0,4,3,1,0,0,0,0,0,0,24.233100414276123,87.0,50.0,0.0,0.0,30.0,1,0,0,0,0,0
MLI,390002,2021,390,2,2,1,1,1,1,0,1,1,0,0,1,1,0,0,0,4,3,1,0,0,0,0,0,0,3.052450180053711,1.0,2.0,0.0,0.0,25.0,0,1,0,0,0,0
MLI,390003,2021,390,3,2,1,2,1,1,0,1,1,0,0,1,1,0,0,0,4,3,1,0,0,0,0,0,0,16.966299831867218,104.0,90.0,0.0,0.0,50.0,0,0,0,0,0,0
MLI,390004,2021,390,4,2,1,3,1,1,1,1,1,0,0,1,1,0,0,0,4,3,1,0,0,0,0,0,0,,,,,,,0,0,1,0,0,0
MLI,390005,2021,390,5,2,1,1,1,1,1,1,1,0,0,1,0,0,1,0,4,3,1,0,0,0,0,1,0,,20.0,6.0,0.0,0.0,0.0,0,1,1,1,0,0
MLI,390006,2021,390,6,2,1,1,1,1,1,1,1,0,0,1,0,0,1,1,4,3,1,0,0,0,0,1,0,,,,,,,0,0,1,1,0,0
MLI,390007,2021,390,7,2,2,3,1,1,1,1,1,0,0,1,0,0,1,0,4,3,1,0,0,0,0,0,0,,,,,,,0,0,1,0,0,0
MLI,390008,2021,390,8,2,1,2,1,1,0,1,1,0,0,1,1,0,1,0,4,3,1,0,0,0,0,1,0,16.46000027656555,30.0,65.0,0.0,0.0,0.0,1,1,1,1,0,0
MLI,390009,2021,390,9,2,1,4,1,1,1,1,1,0,0,1,0,0,1,0,4,3,0,0,0,0,0,0,0,5.800758123397827,,,,,,0,0,0,0,0,0
MLI,390010,2021,390,10,2,1,2,1,1,0,1,1,0,0,1,0,0,1,0,4,3,0,0,0,0,0,0,0,8.11404538154602,3.0,0.0,0.0,0.0,6.0,0,0,0,0,0,0
MLI,390011,2021,390,11,2,1,2,1,1,1,1,1,0,0,1,0,0,1,0,4,3,0,0,0,0,0,0,0,6.519999921321869,4.0,6.0,0.0,0.0,5.0,0,0,0,0,0,0
MLI,390012,2021,390,12,2,1,1,1,1,1,1,1,0,0,1,0,0,1,0,4,3,1,0,0,0,0,0,0,,,,,,,0,0,0,0,0,0
MLI,393001,2021,393,1,2,1,2,1,1,0,1,1,0,0,1,1,0,0,0,4,3,0,0,0,0,0,0,0,23.5888352394104,5.0,8.0,0.0,0.0,0.0,0,0,1,0,0,0
MLI,393002,2021,393,2,2,1,2,1,1,0,1,1,0,0,0,1,0,0,0,4,5,0,0,0,0,0,0,0,3.6085999608039856,2.0,0.0,0.0,0.0,6.0,0,0,0,0,0,0
MLI,393003,2021,393,3,2,1,2,1,1,0,1,1,0,0,1,1,0,0,0,4,3,1,0,0,0,0,1,0,7.79610013961792,14.0,32.0,0.0,0.0,1075.0,0,1,0,0,0,0
MLI,393004,2021,393,4,2,1,2,1,1,0,1,1,0,0,1,1,0,0,0,4,3,1,0,0,0,0,1,0,9.973699927330017,21.0,5.0,0.0,0.0,40.0,0,0,1,0,0,0
MLI,393005,2021,393,5,2,1,2,1,1,1,1,1,0,0,1,0,0,0,0,4,3,0,0,0,0,0,0,0,9.839999914169312,,,,,,0,0,0,0,0,0
MLI,393006,2021,393,6,2,1,1,1,1,1,1,1,0,0,1,0,0,1,1,4,3,0,0,0,0,0,0,0,8.929999828338623,,,,,,0,0,1,0,0,0
MLI,393007,2021,393,7,2,1,1,1,1,0,1,1,0,0,1,0,0,0,0,4,3,1,0,0,0,0,1,0,17.610000133514404,0.0,4.0,0.0,0.0,3.0,0,0,1,0,0,0
MLI,393008,2021,393,8,2,1,1,1,1,1,0,1,0,0,1,0,0,0,0,4,3,1,0,0,0,0,1,0,16.999999448657036,,,,,,0,0,0,0,0,0
MLI,393009,2021,393,9,2,1,1,1,1,1,1,0,0,0,1,0,0,1,0,4,3,1,0,0,0,0,0,0,5.2599999606609344,4.0,0.0,0.0,0.0,0.0,0,0,0,0,0,0
MLI,393010,2021,393,10,2,1,1,1,1,1,1,0,0,0,1,0,0,1,0,4,3,1,0,0,0,0,1,0,7.439999938011169,4.0,11.0,0.0,0.0,4.0,0,0,0,0,0,0
MLI,393011,2021,393,11,2,1,1,1,1,0,1,0,0,0,1,0,0,1,0,4,3,1,0,0,0,0,1,0,8.890000224113464,3.0,2.0,0.0,0.0,3.0,0,0,0,0,0,0
MLI,393012,2021,393,12,2,1,1,1,1,0,1,0,0,0,1,0,0,1,0,4,3,0,0,0,0,0,0,0,4.729999899864197,4.0,0.0,0.0,0.0,5.0,0,0,0,0,0,0
MLI,398001,2021,398,1,1,1,2,1,1,1,1,1,0,0,1,0,0,0,0,4,3,1,0,0,0,0,1,0,19.386800289154053,,,,,,0,0,1,0,0,0
MLI,398002,2021,398,2,1,1,2,1,1,1,1,1,0,0,1,0,0,0,0,4,3,0,0,0,0,0,0,0,3.435499906539917,,,,,,1,1,1,1,0,0
MLI,398003,2021,398,3,1,1,2,1,1,1,1,0,0,0,1,0,0,0,0,4,3,0,0,0,0,0,0,0,21.170599460601807,,,,,,1,1,1,1,0,0
MLI,398004,2021,398,4,1,1,2,1,1,1,1,1,0,0,1,0,0,0,0,4,3,0,0,0,0,0,0,0,2.717900037765503,,,,,,1,1,1,0,0,0
MLI,398005,2021,398,5,1,1,2,1,1,0,0,0,0,0,1,0,0,0,0,4,3,1,0,0,0,0,1,0,7.7307000160217285,2.0,6.0,0.0,0.0,28.0,0,1,1,0,0,0
MLI,398006,2021,398,6,1,1,2,1,1,1,1,1,0,0,1,0,0,1,0,4,3,1,0,0,0,0,1,0,10.048299789428711,,,,,,0,1,1,0,0,0
MLI,398007,2021,398,7,1,1,2,1,1,1,1,0,0,0,1,0,0,1,0,4,3,0,0,0,0,0,0,0,12.446200132369995,2.0,0.0,0.0,0.0,15.0,1,1,0,0,0,0
MLI,398008,2021,398,8,1,1,2,1,1,1,1,1,0,0,1,0,0,1,0,4,3,0,0,0,0,0,0,0,,,,,,,0,0,1,0,0,0
MLI,398009,2021,398,9,1,1,2,1,1,0,1,0,0,0,1,0,0,0,0,4,3,1,0,0,0,0,0,0,4.883000016212463,,,,,,1,0,0,0,0,0
MLI,398010,2021,398,10,1,1,2,1,1,0,0,1,0,0,1,0,0,0,0,4,3,0,0,0,0,0,0,0,6.759999990463257,,,,,,0,0,0,0,0,0
MLI,398011,2021,398,11,1,1,2,1,1,0,0,0,0,0,1,0,0,0,0,4,3,0,0,0,0,0,0,0,3.5099998898804188,,,,,,0,1,0,1,0,0
MLI,398012,2021,398,12,1,2,2,1,1,0,1,1,0,0,1,0,0,0,0,4,3,0,0,0,0,0,0,0,4.6800000965595245,,,,,,0,1,0,0,0,0
MLI,402001,2021,402,1,2,1,2,0,0,0,1,1,0,0,1,1,0,0,0,4,3,0,0,0,0,0,0,0,2.791923403739929,0.0,1.0,0.0,0.0,5.0,0,1,0,0,0,0
MLI,402002,2021,402,2,2,1,2,0,1,0,1,1,0,0,1,1,0,0,0,4,3,1,0,0,0,0,1,0,4.401005744934082,19.0,36.0,0.0,0.0,50.0,1,1,1,1,0,0
MLI,402003,2021,402,3,2,1,2,0,1,0,1,0,0,0,1,1,0,0,0,4,3,0,0,0,0,0,0,0,4.369441986083984,3.0,2.0,0.0,0.0,0.0,0,1,1,0,0,0
MLI,402004,2021,402,4,2,1,2,0,1,0,0,0,0,0,1,1,0,0,0,4,3,0,0,0,0,0,0,0,6.400233864784241,2.0,8.0,0.0,0.0,16.0,1,1,1,0,0,0
MLI,402005,2021,402,5,2,1,2,0,1,1,0,0,0,0,1,0,0,1,0,4,3,0,0,0,0,0,0,0,7.309145450592041,13.0,17.0,0.0,0.0,12.0,0,1,0,0,0,0
MLI,402006,2021,402,6,2,1,2,0,1,1,1,1,0,0,1,0,1,1,0,4,3,0,0,0,0,0,0,0,9.036385297775269,11.0,14.0,0.0,0.0,11.0,0,1,0,0,0,0
MLI,402007,2021,402,7,2,2,2,0,1,1,1,1,0,0,1,0,1,1,0,4,3,1,0,0,0,0,0,1,6.62406313419342,21.0,22.0,0.0,0.0,20.0,0,1,0,1,0,0
MLI,402008,2021,402,8,2,1,2,0,1,0,0,0,0,0,1,0,1,1,0,4,3,0,0,0,0,0,0,0,10.626416206359863,18.0,3.0,0.0,0.0,50.0,0,1,0,0,0,0
MLI,402009,2021,402,9,2,1,2,1,1,0,0,0,0,0,1,0,0,0,0,4,3,0,0,0,0,0,0,0,6.857722282409668,9.0,14.0,0.0,0.0,0.0,0,1,0,0,0,0
MLI,402010,2021,402,10,2,2,2,1,0,0,1,1,0,0,1,0,0,0,0,4,3,0,0,0,0,0,0,0,7.156227469444275,4.0,10.0,0.0,0.0,0.0,0,1,0,0,0,0
MLI,402011,2021,402,11,2,1,2,1,0,0,1,1,0,0,1,0,0,0,0,4,3,0,0,0,0,0,0,0,7.557776689529419,2.0,8.0,0.0,0.0,8.0,0,1,0,1,0,0
MLI,402012,2021,402,12,2,1,2,1,1,0,0,0,0,0,1,0,0,0,0,4,3,0,0,0,0,0,0,0,9.371709704399109,7.0,11.0,0.0,0.0,0.0,0,1,0,0,1,0
MLI,404001,2021,404,1,2,1,2,1,1,0,0,0,0,0,1,1,0,0,0,4,3,0,0,0,0,0,0,0,3.117900013923645,16.0,16.0,0.0,0.0,0.0,0,1,0,0,0,0
MLI,404002,2021,404,2,2,1,2,1,1,0,0,0,0,0,1,1,0,0,0,4,3,0,0,0,0,0,0,0,4.689000129699707,2.0,5.0,0.0,0.0,0.0,1,0,0,0,0,0
MLI,404003,2021,404,3,2,1,2,1,1,0,1,1,0,0,1,1,0,0,0,4,3,0,0,0,0,0,0,0,10.852199882268906,7.0,11.0,0.0,0.0,30.0,1,1,0,0,0,0
MLI,404004,2021,404,4,2,1,1,1,1,0,1,1,0,0,1,1,0,0,0,4,3,0,0,0,0,0,0,0,5.98639988899231,7.0,7.0,0.0,0.0,30.0,1,0,0,0,0,0
MLI,404005,2021,404,5,2,1,2,1,1,0,1,1,0,0,1,0,0,0,0,4,3,1,0,0,0,0,1,0,5.468000054359436,0.0,10.0,0.0,0.0,0.0,0,0,1,0,0,0
MLI,404006,2021,404,6,2,1,2,1,1,1,1,1,0,0,1,0,0,1,0,4,3,1,0,0,0,0,0,0,2.3726000487804413,40.0,45.0,0.0,0.0,40.0,1,0,0,0,0,0
MLI,404007,2021,404,7,2,1,2,1,1,1,0,0,0,0,1,0,0,0,0,4,3,1,0,0,0,0,0,0,3.2199999690055847,4.0,23.0,0.0,0.0,0.0,0,1,0,0,0,0
MLI,404008,2021,404,8,2,1,2,1,1,0,0,0,0,0,0,0,0,0,0,4,6,0,0,0,0,0,0,0,0.9676808714866638,,,,,,0,0,0,0,0,0
MLI,404009,2021,404,9,2,1,2,1,1,0,0,0,0,0,1,0,0,1,0,4,3,0,0,0,0,0,0,0,5.2200000286102295,13.0,13.0,0.0,0.0,11.0,0,1,0,0,0,0
MLI,404010,2021,404,10,2,2,2,1,1,0,1,1,0,0,1,0,0,0,0,4,3,0,0,0,0,0,0,0,6.680000066757202,3.0,10.0,0.0,0.0,5.0,0,0,0,0,0,0
MLI,404011,2021,404,11,2,1,2,1,1,0,0,1,0,0,1,0,0,1,0,4,3,0,0,0,0,0,0,0,5.219999969005585,4.0,7.0,0.0,0.0,2.0,0,0,0,0,0,0
MLI,404012,2021,404,12,2,1,2,1,1,0,0,0,0,0,1,0,0,1,0,4,3,0,0,0,0,0,0,0,3.5199999809265137,7.0,6.0,0.0,0.0,6.0,0,0,0,0,0,0
MLI,406001,2021,406,1,1,1,2,1,1,0,1,1,0,0,1,0,0,0,0,4,3,1,0,0,0,0,0,0,10.86900019645691,25.0,15.0,0.0,0.0,0.0,0,0,1,0,0,0
MLI,406002,2021,406,2,1,1,2,1,1,1,1,1,0,0,1,0,0,0,0,4,3,1,0,0,0,0,0,0,9.945800065994263,37.0,35.0,0.0,0.0,0.0,1,0,0,0,0,0
MLI,406003,2021,406,3,1,1,2,1,1,1,1,1,0,0,1,0,0,0,0,4,3,0,0,0,0,0,0,0,,32.0,0.0,0.0,0.0,0.0,1,0,0,0,0,0
MLI,406004,2021,406,4,1,1,2,1,0,0,1,1,0,0,1,0,0,0,0,4,3,0,0,0,0,0,0,0,7.578894913196564,5.0,4.0,0.0,0.0,0.0,1,0,0,0,0,0
MLI,406005,2021,406,5,1,1,2,1,1,0,1,1,0,0,1,1,0,0,0,4,3,1,0,0,0,0,0,0,14.277600407600403,26.0,4.0,0.0,0.0,11.0,1,1,1,0,0,0
MLI,406006,2021,406,6,1,1,2,1,1,0,0,0,0,0,0,1,0,0,0,4,5,0,0,0,0,0,0,0,,,,,,,0,0,0,0,0,0
MLI,406007,2021,406,7,1,1,2,1,1,0,0,1,0,0,0,1,0,0,0,4,5,0,0,0,0,0,0,0,8.351601928472519,7.0,2.0,0.0,0.0,10.0,1,1,0,0,0,0
MLI,406008,2021,406,8,1,1,2,1,1,0,1,1,0,0,1,1,0,0,0,4,3,1,0,0,0,0,1,0,16.832600116729736,24.0,20.0,0.0,0.0,10.0,0,0,0,0,0,0
MLI,406009,2021,406,9,1,1,2,1,1,0,1,1,0,0,1,0,0,0,0,4,3,0,0,0,0,0,0,0,5.112308323383331,3.0,0.0,0.0,0.0,0.0,0,0,0,0,0,0
MLI,406010,2021,406,10,1,1,2,1,1,0,1,1,0,0,1,0,0,0,0,4,3,1,0,0,0,0,0,0,,,,,,,0,0,0,0,0,0
MLI,406011,2021,406,11,1,1,2,1,1,0,1,1,0,0,1,0,1,0,0,4,3,1,0,0,0,0,0,0,,0.0,1.0,0.0,0.0,0.0,0,0,0,0,0,0
MLI,406012,2021,406,12,1,1,2,1,1,0,1,1,0,0,1,0,0,0,0,4,3,0,0,0,0,0,0,0,,,,,,,0,0,0,0,0,0
MLI,414001,2021,414,1,1,1,2,1,1,1,1,1,0,0,1,0,0,0,0,4,3,0,0,0,0,0,0,0,29.643500328063965,5.0,9.0,0.0,0.0,0.0,0,1,0,0,0,0
MLI,414002,2021,414,2,1,1,2,1,1,1,1,1,0,0,1,0,0,0,0,4,3,1,0,0,0,0,1,0,26.733799695968628,27.0,28.0,0.0,0.0,0.0,1,0,0,0,0,0
MLI,414003,2021,414,3,1,1,4,1,1,1,1,1,0,0,1,0,0,0,0,4,3,0,0,0,0,0,0,0,,0.0,2.0,0.0,0.0,7.0,1,0,0,0,0,0
MLI,414004,2021,414,4,1,1,2,1,1,0,1,1,0,0,1,0,0,0,0,4,3,1,0,0,0,0,0,0,5.307499885559082,11.0,11.0,0.0,0.0,0.0,0,0,1,0,0,0
MLI,414005,2021,414,5,1,2,2,1,1,0,1,1,0,0,1,0,0,0,0,4,3,0,0,0,0,0,0,0,14.454499959945679,6.0,14.0,0.0,0.0,0.0,0,0,0,0,0,0
MLI,414006,2021,414,6,1,1,2,1,1,0,1,1,0,0,1,1,0,0,0,4,3,0,0,0,0,0,0,0,,0.0,8.0,0.0,0.0,0.0,1,0,0,0,0,0
MLI,414007,2021,414,7,1,1,2,1,1,0,1,1,0,0,1,1,0,0,0,4,3,0,0,0,0,0,0,0,,,,,,,1,0,0,0,0,0
MLI,414008,2021,414,8,1,2,2,1,1,0,1,1,0,0,1,1,0,0,0,4,3,1,0,0,0,0,0,0,,0.0,4.0,0.0,0.0,15.0,1,0,0,0,0,0
MLI,414009,2021,414,9,1,1,2,1,1,0,1,1,0,0,1,1,0,0,0,4,3,0,0,0,0,0,0,0,,0.0,4.0,0.0,0.0,3.0,1,0,0,0,0,0
MLI,414010,2021,414,10,1,1,2,1,1,0,1,1,0,0,1,0,0,0,0,4,3,0,0,0,0,0,0,0,25.550291419029236,6.0,0.0,0.0,0.0,0.0,0,0,0,0,0,0
MLI,414011,2021,414,11,1,1,2,1,1,0,1,1,0,0,1,0,0,0,0,4,3,0,0,0,0,0,0,0,,,,,,,0,0,0,0,0,0
MLI,414012,2021,414,12,1,1,2,1,1,0,1,1,0,0,1,0,0,0,0,4,3,0,0,0,0,0,0,0,16.26722288131714,6.0,0.0,0.0,0.0,0.0,0,0,0,0,0,0
MLI,416001,2021,416,1,1,1,2,1,0,0,1,1,0,0,1,0,0,0,0,4,3,0,0,0,0,0,0,0,6.5161000192165375,13.0,2.0,0.0,0.0,0.0,0,1,0,0,0,0
MLI,416002,2021,416,2,1,1,2,1,1,1,1,1,0,0,1,0,0,0,0,4,3,0,0,0,0,0,0,0,10.177924633026123,33.0,11.0,0.0,0.0,0.0,1,0,0,0,0,0
MLI,416003,2021,416,3,1,2,2,1,1,1,1,1,0,0,1,1,0,0,0,4,3,0,0,0,0,0,0,0,7.1044440269470215,32.0,13.0,0.0,0.0,0.0,0,1,0,0,0,0
MLI,416004,2021,416,4,1,1,2,1,1,1,1,1,0,0,1,0,0,0,0,4,3,0,0,0,0,0,0,0,7.701786518096924,4.0,14.0,0.0,0.0,0.0,0,0,1,0,0,0
MLI,416005,2021,416,5,1,1,2,1,0,0,0,0,0,0,0,1,0,0,0,4,5,0,0,0,0,0,0,0,3.8631999492645264,2.0,14.0,0.0,0.0,30.0,1,1,0,0,0,0
MLI,416006,2021,416,6,1,1,2,1,0,0,0,0,0,0,1,1,0,0,0,4,3,0,0,0,0,0,0,0,9.394975662231445,13.0,8.0,0.0,0.0,10.0,1,1,0,0,0,0
MLI,416007,2021,416,7,1,1,2,1,1,0,0,0,0,0,1,1,0,0,0,4,3,0,0,0,0,0,0,0,6.708069205284119,14.0,17.0,0.0,0.0,50.0,1,1,0,0,0,0
MLI,416008,2021,416,8,1,1,2,1,1,0,0,0,0,0,0,1,0,0,0,4,5,0,0,0,0,0,0,0,,,,,,,0,0,0,0,0,0
MLI,416009,2021,416,9,1,1,2,1,1,0,1,1,0,0,1,0,0,0,0,4,3,0,0,0,0,0,0,0,,5.0,2.0,0.0,0.0,0.0,1,0,0,0,0,0
MLI,416010,2021,416,10,1,1,2,1,1,0,1,1,0,0,1,0,0,0,0,4,3,1,0,0,0,0,0,0,6.230799913406372,11.0,13.0,0.0,0.0,30.0,0,0,0,0,0,0
MLI,416011,2021,416,11,1,1,2,1,1,0,1,1,0,0,1,0,0,0,0,4,3,0,0,0,0,0,0,0,6.736109614372253,4.0,9.0,0.0,0.0,0.0,0,0,0,0,0,0
MLI,416012,2021,416,12,1,1,2,1,1,0,1,1,0,0,1,0,0,0,0,4,3,0,0,0,0,0,0,0,,,,,,,0,1,0,0,0,0
MLI,419001,2021,419,1,1,1,1,1,1,1,1,1,1,0,1,1,1,1,1,1,3,1,1,1,0,1,1,1,,13.0,0.0,0.0,0.0,0.0,1,1,1,1,0,0
MLI,419002,2021,419,2,1,2,3,1,1,1,1,1,0,0,1,1,0,0,0,4,3,1,0,0,0,1,1,0,,,,,,,0,0,0,0,0,0
MLI,419003,2021,419,3,1,1,1,1,1,1,0,0,1,0,1,1,0,0,0,1,2,0,0,0,0,0,0,0,3.909999966621399,0.0,7.0,0.0,0.0,0.0,0,1,1,0,0,0
MLI,419004,2021,419,4,1,1,1,1,1,1,1,1,0,0,1,0,0,0,0,4,3,0,0,0,0,0,0,0,4.320599913597107,40.0,0.0,0.0,0.0,0.0,1,1,1,0,0,0
MLI,419005,2021,419,5,1,2,3,1,1,1,1,1,0,0,1,0,0,0,0,4,3,1,0,0,0,0,1,0,,0.0,6.0,0.0,0.0,10.0,0,0,0,0,0,0
MLI,419006,2021,419,6,1,1,1,1,1,1,1,1,1,0,1,0,0,0,1,1,3,0,0,0,0,0,1,0,,,,,,,1,0,1,0,0,0
MLI,419007,2021,419,7,1,1,1,1,1,1,1,1,0,0,1,0,0,1,0,4,3,1,0,0,0,0,1,0,3.415800094604492,,,,,,0,0,1,0,0,0
MLI,419008,2021,419,8,1,1,1,1,1,1,1,1,0,0,1,0,0,1,0,4,3,0,0,0,0,0,0,0,,0.0,7.0,0.0,6.0,118.0,0,0,1,0,0,0
MLI,419009,2021,419,9,1,2,2,1,1,1,1,0,0,0,1,1,0,1,0,4,3,1,0,0,0,0,1,0,,,,,,,0,0,0,0,0,0
MLI,419010,2021,419,10,1,2,1,1,1,1,1,1,0,0,1,0,0,0,0,4,3,0,0,0,0,0,1,0,1.6099999696016312,0.0,6.0,0.0,0.0,0.0,0,1,1,0,0,0
MLI,419011,2021,419,11,1,1,1,1,1,1,1,1,0,0,1,0,0,1,0,4,3,1,0,0,0,0,1,0,1.6152999997138977,,,,,,0,1,1,0,0,0
MLI,419012,2021,419,12,1,1,1,1,1,1,1,1,0,0,1,0,0,1,0,4,3,1,0,0,0,0,1,0,1.7431241273880005,,,,,,0,1,1,0,0,0
MLI,423001,2021,423,1,1,2,1,1,1,1,1,1,0,0,1,0,0,0,0,4,3,1,0,1,0,1,1,0,,,,,,,1,0,0,0,0,0
MLI,423002,2021,423,2,1,2,1,1,1,1,1,0,0,0,1,0,0,0,0,4,3,0,0,0,0,0,1,0,1.280000001192093,,,,,,0,1,1,0,0,0
MLI,423003,2021,423,3,1,1,1,1,1,1,1,1,0,0,1,0,0,0,0,4,3,0,0,0,0,0,0,0,,,,,,,0,0,1,0,0,0
MLI,423004,2021,423,4,1,1,1,1,1,1,1,0,0,0,0,0,0,0,0,4,5,0,0,0,0,0,0,0,2.6200000047683716,,,,,,1,0,1,0,0,0
MLI,423005,2021,423,5,1,1,1,1,1,1,1,0,1,0,1,0,0,0,0,1,3,1,0,0,0,0,0,0,,,,,,,0,0,1,0,0,0
MLI,423006,2021,423,6,1,1,1,1,1,1,1,1,0,0,1,0,0,1,0,4,3,1,0,0,0,0,1,0,,,,,,,0,0,1,0,0,0
MLI,423007,2021,423,7,1,1,1,1,1,1,1,1,0,0,1,0,0,0,0,4,3,1,0,0,0,0,1,0,3.0799999237060547,,,,,,0,1,1,0,0,0
MLI,423008,2021,423,8,1,1,1,1,1,1,1,1,0,0,1,0,0,0,0,4,3,1,0,0,0,0,1,0,4.865699768066406,,,,,,0,1,1,0,0,0
MLI,423009,2021,423,9,1,1,1,1,1,1,1,1,0,0,1,0,1,1,0,4,3,1,0,0,0,0,1,0,7.319899916648865,,,,,,0,1,1,0,0,0
MLI,423010,2021,423,10,1,1,3,1,1,1,1,1,0,0,1,0,0,0,0,4,3,1,0,1,0,0,1,0,,,,,,,0,0,0,0,0,0
MLI,423011,2021,423,11,1,1,1,1,1,1,1,1,0,0,1,0,0,0,0,4,3,0,0,0,0,0,0,0,,0.0,3.0,0.0,0.0,0.0,0,0,0,0,0,0
MLI,423012,2021,423,12,1,2,2,0,1,0,1,1,0,0,1,0,0,0,0,4,3,0,0,0,0,0,0,0,2.7300000190734863,,,,,,0,1,0,0,0,0
MLI,426001,2021,426,1,1,1,1,1,1,1,1,1,1,1,0,1,1,0,1,1,1,1,0,1,0,0,1,0,,,,,,,1,0,0,0,0,0
MLI,426002,2021,426,2,1,1,4,1,1,1,0,0,1,1,0,1,0,0,0,1,1,1,0,0,0,0,0,0,,6.0,20.0,0.0,0.0,20.0,1,0,0,0,0,0
MLI,426003,2021,426,3,1,1,1,1,1,1,1,1,1,1,0,1,0,0,0,1,1,1,0,0,0,0,1,0,,4.0,0.0,0.0,0.0,0.0,0,0,1,0,0,0
MLI,426004,2021,426,4,1,1,1,1,1,1,1,1,1,1,0,1,0,0,0,1,1,1,0,0,0,0,0,0,,,,,,,0,0,1,0,0,0
MLI,426005,2021,426,5,1,1,1,1,1,0,1,1,1,1,0,1,0,0,0,1,1,1,0,0,0,0,0,0,,,,,,,1,0,0,0,0,0
MLI,426006,2021,426,6,1,1,1,1,1,0,1,1,0,1,0,1,0,0,0,3,1,1,0,0,0,0,0,0,,,,,,,1,0,0,0,0,0
MLI,426007,2021,426,7,1,1,1,1,1,1,1,1,1,1,0,1,0,0,0,1,1,1,0,0,0,0,0,0,,,,,,,0,1,0,0,0,0
MLI,426008,2021,426,8,1,1,4,1,1,0,1,1,0,1,0,1,0,0,0,2,1,1,0,0,0,0,0,0,,,,,,,0,0,0,0,0,0
MLI,426009,2021,426,9,1,1,3,1,1,1,0,0,0,0,1,1,0,0,1,4,3,0,0,0,0,0,0,0,,,,,,,0,0,0,0,0,0
MLI,426010,2021,426,10,1,2,1,1,1,1,1,1,0,1,0,1,0,0,1,2,1,0,0,0,0,0,0,0,,,,,,,0,0,0,0,0,0
MLI,426011,2021,426,11,1,2,1,1,1,1,1,1,1,1,0,1,0,0,1,1,1,1,0,0,0,0,1,0,,,,,,,0,0,0,0,0,0
MLI,426012,2021,426,12,1,2,1,1,1,1,1,1,1,1,0,1,0,0,0,1,1,1,1,1,0,0,1,0,,,,,,,0,0,0,0,0,0
MLI,428001,2021,428,1,2,1,2,1,1,0,0,0,0,0,1,1,0,0,0,4,3,1,0,0,0,0,0,0,6.060099840164185,3.0,0.0,0.0,0.0,0.0,1,0,0,0,0,0
MLI,428002,2021,428,2,2,1,2,1,0,0,1,1,0,0,0,1,0,0,0,4,5,0,0,0,0,0,0,0,3.8827998638153076,63.0,25.0,0.0,0.0,0.0,0,1,0,0,0,0
MLI,428003,2021,428,3,2,2,2,1,1,0,1,1,0,0,1,1,0,0,0,4,3,1,0,0,0,0,1,0,7.647899866104126,2.0,88.0,0.0,0.0,5.0,1,0,0,0,0,0
MLI,428004,2021,428,4,2,1,2,1,1,0,1,1,0,0,1,1,0,0,0,4,3,1,0,0,0,0,0,0,1.2431000173091888,2.0,9.0,0.0,0.0,0.0,1,0,0,0,0,0
MLI,428005,2021,428,5,2,1,2,1,0,0,1,1,0,0,1,0,0,1,0,4,3,0,0,0,0,0,0,0,10.660000324249268,7.0,4.0,0.0,0.0,0.0,1,1,0,0,0,0
MLI,428006,2021,428,6,2,1,2,1,1,1,1,1,0,0,1,0,0,1,0,4,3,0,0,0,0,0,0,0,6.153899908065796,,,,,,0,1,1,0,0,0
MLI,428007,2021,428,7,2,1,2,1,1,0,1,1,0,0,1,0,0,1,0,4,3,0,0,0,0,0,0,0,14.749999821186066,,,,,,0,1,0,0,0,0
MLI,428008,2021,428,8,2,1,2,1,1,0,1,1,0,0,0,0,0,1,0,4,5,0,0,0,0,0,0,0,3.309999942779541,,,,,,1,1,0,0,0,0
MLI,428009,2021,428,9,2,1,2,1,1,0,1,0,0,0,1,0,0,1,0,4,3,1,0,0,0,0,1,0,,,,,,,0,0,0,0,0,0
MLI,428010,2021,428,10,2,1,2,1,1,0,1,1,0,0,1,0,0,1,0,4,3,1,0,0,0,0,1,0,5.299999833106995,3.0,7.0,0.0,0.0,4.0,0,1,0,0,0,0
MLI,428011,2021,428,11,2,1,2,1,1,0,1,0,0,0,1,0,0,1,0,4,3,0,0,0,0,0,0,0,10.849999904632568,3.0,0.0,0.0,0.0,0.0,0,0,0,0,0,0
MLI,428012,2021,428,12,2,1,2,1,1,1,1,1,0,0,1,0,0,1,0,4,3,1,0,0,0,0,1,0,0.9800000190734863,0.0,7.0,0.0,0.0,5.0,0,0,0,0,0,0
MLI,431001,2021,431,1,2,1,2,0,1,0,0,0,0,0,1,1,0,0,0,4,3,0,0,0,0,0,0,0,4.159999966621399,3.0,7.0,0.0,0.0,4.0,0,1,0,0,0,0
MLI,431002,2021,431,2,2,1,2,0,1,0,0,0,0,0,1,1,0,0,0,4,3,0,0,0,0,0,0,0,6.309999883174896,12.0,35.0,0.0,0.0,45.0,1,1,0,0,0,0
MLI,431003,2021,431,3,2,1,2,0,1,0,0,0,0,0,1,1,0,0,0,4,3,0,0,0,0,0,0,0,3.580000013113022,5.0,12.0,0.0,0.0,50.0,0,1,0,0,0,0
MLI,431004,2021,431,4,2,1,2,0,1,0,1,1,0,0,1,1,0,0,0,4,3,0,0,0,0,0,0,0,3.9200000166893005,5.0,7.0,0.0,0.0,43.0,0,1,0,0,0,0
MLI,431005,2021,431,5,2,1,2,0,1,0,1,0,0,0,1,0,1,1,0,4,3,0,0,0,0,0,0,0,2.755999982357025,3.0,5.0,0.0,0.0,23.0,0,1,0,1,0,0
MLI,431006,2021,431,6,2,1,2,0,1,1,0,0,0,0,1,1,1,1,0,4,3,1,0,0,0,0,0,0,15.24399983882904,34.0,27.0,0.0,0.0,41.0,0,1,0,0,0,0
MLI,431007,2021,431,7,2,1,2,0,1,0,1,0,0,0,1,0,1,1,0,4,3,0,0,0,0,0,0,0,6.846015751361847,12.0,18.0,0.0,0.0,30.0,0,1,0,1,0,0
MLI,431008,2021,431,8,2,1,2,0,1,1,0,0,0,0,1,0,1,1,0,4,3,0,0,0,0,0,0,0,6.7209999561309814,5.0,18.0,0.0,0.0,12.0,0,1,0,1,0,0
MLI,431009,2021,431,9,2,1,2,1,1,0,1,1,0,0,1,0,0,0,0,4,3,0,0,0,0,0,0,0,4.720999896526337,3.0,4.0,0.0,0.0,0.0,0,1,0,0,0,0
MLI,431010,2021,431,10,2,1,2,1,1,1,1,1,0,0,1,0,0,0,0,4,3,0,0,0,0,0,0,0,6.190000057220459,9.0,37.0,0.0,0.0,30.0,0,1,1,0,0,0
MLI,431011,2021,431,11,2,1,2,1,1,0,0,0,0,0,1,0,0,0,0,4,3,0,0,0,0,0,0,0,1.391999989748001,7.0,9.0,0.0,0.0,25.0,0,0,0,0,0,0
MLI,431012,2021,431,12,2,1,2,1,1,1,1,1,0,0,1,0,0,0,0,4,3,0,0,0,0,0,0,0,6.009999930858612,5.0,10.0,0.0,0.0,10.0,0,0,0,0,0,0
MLI,432001,2021,432,1,2,1,2,1,1,0,1,1,0,0,1,1,0,0,0,4,3,0,0,0,0,0,0,0,3.685400068759918,3.0,0.0,0.0,0.0,0.0,0,1,0,0,0,0
MLI,432002,2021,432,2,2,1,2,1,1,0,1,1,0,0,1,1,0,0,0,4,3,0,0,0,0,0,0,0,4.02019989490509,4.0,4.0,0.0,0.0,6.0,0,0,0,0,0,0
MLI,432003,2021,432,3,2,1,2,1,1,1,1,1,0,0,1,1,0,0,0,4,3,1,0,0,0,0,0,0,5.212700009346008,1.0,5.0,0.0,0.0,20.0,1,1,1,0,0,0
MLI,432004,2021,432,4,2,1,2,1,1,0,1,1,0,0,1,1,0,0,0,4,3,0,0,0,0,0,0,0,6.991699934005737,5.0,2.0,0.0,0.0,4.0,0,1,0,0,0,0
MLI,432005,2021,432,5,2,1,2,1,1,1,1,0,0,0,1,0,0,0,0,4,3,0,0,0,0,0,0,0,2.6299999952316284,0.0,7.0,0.0,0.0,5.0,0,1,1,0,0,0
MLI,432006,2021,432,6,2,1,2,1,1,0,1,1,0,0,1,0,0,0,0,4,3,1,0,0,0,0,1,0,,,,,,,0,1,1,0,0,0
MLI,432007,2021,432,7,2,1,2,1,0,0,1,0,0,0,0,0,0,1,1,4,5,0,0,0,0,0,0,0,3.3700000047683716,,,,,,0,1,0,0,1,0
MLI,432008,2021,432,8,2,1,2,1,1,1,0,1,0,0,1,0,0,0,0,4,3,0,0,0,0,0,1,0,,0.0,5.0,0.0,0.0,0.0,0,0,0,1,0,0
MLI,432009,2021,432,9,2,1,2,1,1,0,0,0,0,0,1,0,0,1,0,4,3,0,0,0,0,0,0,0,4.290000081062317,3.0,0.0,0.0,0.0,3.0,0,0,0,0,0,0
MLI,432010,2021,432,10,2,1,2,1,1,0,0,0,0,0,1,0,0,1,0,4,3,0,0,0,0,0,0,0,2.0700000524520874,3.0,9.0,0.0,0.0,5.0,0,1,0,0,0,0
MLI,432011,2021,432,11,2,1,2,1,1,1,0,0,0,0,1,0,0,1,0,4,3,0,0,0,0,0,0,0,3.9800000190734863,3.0,0.0,0.0,0.0,4.0,0,1,0,0,0,0
MLI,432012,2021,432,12,2,1,2,1,0,0,1,0,0,0,1,0,0,1,0,4,3,0,0,0,0,0,0,0,2.7200000286102295,0.0,4.0,0.0,0.0,30.0,0,0,0,0,0,0
MLI,433001,2021,433,1,2,1,4,1,1,0,1,1,0,1,0,1,0,0,0,2,1,0,0,0,0,0,0,0,,,,,,,1,0,0,0,0,0
MLI,433002,2021,433,2,2,1,3,1,1,1,1,1,1,1,0,0,0,0,0,1,1,0,0,0,0,0,0,0,,,,,,,0,0,0,0,0,0
MLI,433003,2021,433,3,2,1,1,1,1,1,1,1,1,1,0,1,0,0,0,1,1,1,0,1,0,0,1,0,,,,,,,1,0,0,0,0,0
MLI,433004,2021,433,4,2,1,4,1,1,0,1,1,0,1,0,1,0,0,0,2,1,1,0,0,0,0,1,0,,,,,,,0,0,0,0,0,0
MLI,433005,2021,433,5,2,1,1,1,1,1,1,1,1,1,0,0,0,0,0,1,1,1,0,0,0,0,1,0,,,,,,,0,0,1,0,0,0
MLI,433006,2021,433,6,2,2,3,1,1,1,1,1,1,1,0,0,0,0,1,1,1,1,0,0,0,0,1,0,,,,,,,0,0,1,0,0,0
MLI,433007,2021,433,7,2,1,1,1,1,1,1,1,1,1,0,0,0,1,0,1,1,1,0,1,0,0,1,0,,,,,,,0,0,1,0,0,0
MLI,433008,2021,433,8,2,2,1,1,1,1,1,1,0,1,0,0,0,1,0,2,1,1,0,0,0,0,1,0,,,,,,,0,0,0,0,0,0
MLI,433009,2021,433,9,2,1,1,1,1,1,1,1,1,1,0,0,0,1,0,1,1,1,0,0,0,0,1,0,,,,,,,0,0,0,0,0,0
MLI,433010,2021,433,10,2,1,1,1,1,1,1,1,1,1,0,0,0,1,0,1,1,0,0,1,0,0,0,0,,,,,,,0,0,0,0,0,0
MLI,433011,2021,433,11,2,1,1,1,1,1,1,1,0,1,0,0,0,1,0,2,1,1,0,0,0,0,1,0,,,,,,,0,0,0,0,0,0
MLI,433012,2021,433,12,2,1,1,1,1,1,1,1,1,1,0,0,0,1,0,1,1,0,0,0,0,0,0,0,,,,,,,0,0,0,0,0,0
MLI,441001,2021,441,1,1,1,2,1,1,0,1,1,0,0,1,0,0,0,0,4,3,0,0,0,0,0,0,0,6.428299903869629,4.0,4.0,0.0,0.0,0.0,1,1,1,0,0,0
MLI,441002,2021,441,2,1,1,2,1,0,0,1,1,0,0,1,0,0,0,0,4,3,0,0,0,0,0,0,0,6.7103002071380615,5.0,18.0,10.0,0.0,0.0,0,1,0,0,0,0
MLI,441003,2021,441,3,1,1,2,1,0,0,1,1,0,0,1,0,0,0,0,4,3,0,0,0,0,0,0,0,21.128342151641846,5.0,13.0,10.0,0.0,0.0,0,1,0,0,0,0
MLI,441004,2021,441,4,1,1,2,1,1,1,1,1,0,0,1,0,0,0,0,4,3,1,0,0,0,0,1,1,,9.0,23.0,0.0,0.0,0.0,0,0,0,0,0,0
MLI,441005,2021,441,5,1,1,2,1,1,1,1,1,0,0,1,0,0,0,0,4,3,0,0,0,0,0,0,0,2.004300117492676,3.0,2.0,0.0,0.0,0.0,1,0,0,0,0,0
MLI,441006,2021,441,6,1,2,2,1,1,1,1,1,0,0,1,0,0,0,0,4,3,0,0,0,0,0,0,0,6.6477460861206055,4.0,13.0,12.0,0.0,5.0,1,0,0,0,0,0
MLI,441007,2021,441,7,1,1,2,1,1,0,1,1,0,0,1,0,0,0,0,4,3,0,0,0,0,0,0,0,4.517399907112122,3.0,3.0,3.0,0.0,0.0,1,1,0,0,0,0
MLI,441008,2021,441,8,1,2,2,1,0,0,1,1,0,0,1,0,0,0,0,4,3,0,0,0,0,0,0,0,6.245300054550171,3.0,4.0,0.0,0.0,0.0,0,1,0,0,0,0
MLI,441009,2021,441,9,1,1,2,1,1,0,0,0,0,0,0,0,0,0,0,4,6,0,0,0,0,0,0,0,,,,,,,0,0,0,0,0,0
MLI,441010,2021,441,10,1,2,2,1,1,0,0,0,0,0,1,1,0,0,0,4,3,0,0,0,0,0,0,0,8.671601176261902,2.0,7.0,0.0,0.0,15.0,0,1,1,0,0,0
MLI,441011,2021,441,11,1,2,2,1,1,0,0,0,0,0,1,1,0,0,0,4,3,0,0,0,0,0,0,0,3.9227001070976257,1.0,5.0,0.0,0.0,0.0,0,1,0,0,0,0
MLI,441012,2021,441,12,1,2,2,1,1,0,1,1,0,0,1,1,0,0,0,4,3,0,0,0,0,0,0,0,7.197791576385498,2.0,4.0,0.0,0.0,20.0,1,1,0,0,0,0
MLI,442001,2021,442,1,1,1,1,1,1,1,0,0,1,1,0,1,0,0,0,1,1,1,0,1,0,0,0,0,,,,,,,1,1,1,0,0,0
MLI,442002,2021,442,2,1,2,3,1,1,1,1,1,1,1,0,1,0,1,1,1,1,1,0,0,0,1,1,0,,,,,,,0,0,0,0,0,0
MLI,442003,2021,442,3,1,2,3,1,1,1,1,1,0,1,0,0,0,0,0,3,1,0,0,0,0,0,0,0,,,,,,,0,0,1,0,0,0
MLI,442004,2021,442,4,1,1,1,1,1,1,0,0,1,1,0,0,0,0,0,1,1,1,0,1,0,0,0,0,,,,,,,0,0,0,0,0,0
MLI,442005,2021,442,5,1,1,3,1,1,1,1,1,1,1,0,0,0,0,0,1,1,1,0,0,0,0,0,1,,,,,,,0,0,0,0,0,0
MLI,442006,2021,442,6,1,1,1,1,1,1,1,1,1,1,0,0,0,0,0,1,1,1,0,0,0,0,0,0,,,,,,,1,0,0,0,0,0
MLI,442007,2021,442,7,1,2,3,1,1,1,1,1,0,0,1,0,0,0,0,2,2,0,0,0,0,0,0,0,,,,,,,0,0,0,0,0,0
MLI,442008,2021,442,8,1,1,2,1,1,1,1,1,1,1,0,0,0,1,0,1,1,1,0,0,0,0,1,0,,,,,,,0,0,1,0,0,0
MLI,442009,2021,442,9,1,2,3,1,1,1,1,1,0,1,0,1,0,0,0,3,1,1,0,0,0,0,1,0,,,,,,,1,0,0,0,0,0
MLI,442010,2021,442,10,1,2,3,1,1,1,1,1,0,1,0,1,0,0,0,3,1,1,0,0,0,0,1,0,,,,,,,0,1,0,0,0,0
MLI,442011,2021,442,11,1,1,1,1,1,1,1,1,1,1,0,1,1,1,1,1,1,1,0,1,0,0,1,0,,,,,,,0,0,1,0,0,0
MLI,442012,2021,442,12,1,1,1,1,1,0,1,1,1,1,0,0,0,0,0,1,1,0,0,0,0,0,0,0,,,,,,,0,0,1,0,0,0
MLI,445001,2021,445,1,2,1,2,1,1,0,0,0,0,0,1,1,0,0,0,4,3,0,0,0,0,0,0,0,8.111540913581848,4.0,0.0,6.0,0.0,0.0,0,0,0,0,1,0
MLI,445002,2021,445,2,2,1,2,1,1,0,0,0,0,0,1,1,0,0,0,4,3,0,0,0,0,0,0,0,3.531175971031189,2.0,0.0,5.0,0.0,0.0,0,0,0,0,1,0
MLI,445003,2021,445,3,2,1,2,1,1,0,0,0,0,0,0,1,0,0,0,4,5,0,0,0,0,0,0,0,7.078648090362549,2.0,10.0,4.0,0.0,0.0,0,0,1,0,1,0
MLI,445004,2021,445,4,2,1,2,1,1,0,0,0,0,0,1,1,0,0,0,4,3,0,0,0,0,0,0,0,7.231788635253906,3.0,0.0,8.0,0.0,15.0,0,1,0,0,1,0
MLI,445005,2021,445,5,2,1,1,1,1,1,0,0,0,0,1,0,0,0,0,4,3,0,0,0,0,0,0,0,8.126343846321106,6.0,22.0,0.0,0.0,15.0,0,0,1,0,0,0
MLI,445006,2021,445,6,2,1,1,1,1,1,0,0,0,0,0,0,0,0,0,4,6,0,0,0,0,0,0,0,3.966904640197754,2.0,18.0,3.0,0.0,0.0,0,0,0,0,0,0
MLI,445007,2021,445,7,2,1,2,1,1,0,0,0,0,0,1,1,0,0,0,4,3,0,0,0,0,0,0,0,4.335046768188477,3.0,0.0,4.0,0.0,5.0,0,1,1,0,1,0
MLI,445008,2021,445,8,2,1,2,1,1,0,0,0,0,0,1,1,0,0,0,4,3,0,0,0,0,0,0,0,7.231788396835327,4.0,3.0,0.0,0.0,5.0,0,1,1,0,1,0
MLI,445009,2021,445,9,2,1,1,1,1,1,0,0,0,0,1,0,0,0,0,4,3,0,0,0,0,0,0,0,5.723189115524292,2.0,2.0,0.0,0.0,0.0,0,0,0,0,1,0
MLI,445010,2021,445,10,2,1,1,1,1,1,1,1,0,0,1,0,0,0,0,4,3,0,0,0,0,0,0,0,4.465032339096069,5.0,4.0,0.0,0.0,0.0,0,0,0,0,1,0
MLI,445011,2021,445,11,2,1,2,1,1,1,1,1,0,0,1,0,0,0,0,4,3,0,0,0,0,0,0,0,8.10935890674591,6.0,10.0,1.0,0.0,20.0,1,0,0,0,1,0
MLI,445012,2021,445,12,2,1,2,1,1,1,0,0,0,0,0,0,0,0,0,4,6,0,0,0,0,0,0,0,3.2337931394577026,,,,,,0,0,0,1,1,0
MLI,447001,2021,447,1,2,1,2,0,1,0,0,1,0,0,1,1,0,0,0,4,3,1,0,0,0,0,1,0,3.25,2.0,2.0,0.0,0.0,8.0,1,1,0,0,0,0
MLI,447002,2021,447,2,2,1,2,0,1,0,0,0,0,0,1,1,0,0,0,4,3,0,0,0,0,0,0,0,4.350164115428925,5.0,4.0,0.0,0.0,40.0,0,1,1,0,0,0
MLI,447003,2021,447,3,2,1,2,0,1,0,0,0,0,0,1,1,0,0,0,4,3,0,0,0,0,0,0,0,1.7399999499320984,3.0,5.0,0.0,0.0,11.0,1,1,1,1,0,0
MLI,447004,2021,447,4,2,1,2,0,1,0,0,0,0,0,1,1,0,0,0,4,3,0,0,0,0,0,0,0,4.370000004768372,4.0,3.0,3.0,0.0,30.0,1,1,1,0,0,0
MLI,447005,2021,447,5,2,1,2,0,1,0,0,0,0,0,1,0,1,1,0,4,3,0,0,0,0,0,0,0,4.9730000495910645,14.0,15.0,0.0,0.0,17.0,0,1,0,0,0,0
MLI,447006,2021,447,6,2,1,2,0,1,0,0,0,0,0,1,0,0,1,0,4,3,0,0,0,0,0,0,0,6.397000074386597,17.0,23.0,0.0,0.0,0.0,0,1,0,0,0,0
MLI,447007,2021,447,7,2,1,2,0,0,0,0,0,0,0,1,0,1,1,0,4,3,0,0,0,0,0,0,0,2.2209999561309814,2.0,5.0,0.0,0.0,20.0,0,1,0,1,0,0
MLI,447008,2021,447,8,2,1,2,0,1,0,0,0,0,0,1,0,1,1,0,4,3,0,0,0,0,0,0,0,4.2870001792907715,4.0,8.0,0.0,0.0,14.0,1,1,0,0,0,0
MLI,447009,2021,447,9,2,1,2,1,1,1,1,1,0,0,1,0,0,0,0,4,3,0,0,0,0,0,0,0,2.5000000298023224,3.0,6.0,0.0,0.0,17.0,0,1,1,0,0,0
MLI,447010,2021,447,10,2,1,2,1,1,0,0,1,0,0,1,0,0,0,0,4,3,0,0,0,0,0,0,0,2.800000011920929,9.0,17.0,0.0,0.0,0.0,0,1,0,1,0,0
MLI,447011,2021,447,11,2,1,2,1,1,0,1,1,0,0,1,0,0,0,0,4,3,1,0,0,0,0,0,0,4.869999945163727,22.0,35.0,0.0,0.0,0.0,1,1,0,0,0,0
MLI,447012,2021,447,12,2,1,2,1,1,0,1,1,0,0,1,0,0,0,0,4,3,0,0,0,0,0,0,0,4.7700000405311584,2.0,8.0,0.0,0.0,0.0,1,1,1,0,0,0
MLI,448001,2021,448,1,2,1,1,1,1,1,1,1,0,0,0,0,0,0,0,4,6,0,0,0,0,0,0,0,6.798520088195801,9.0,0.0,0.0,0.0,10.0,0,0,0,0,1,0
MLI,448002,2021,448,2,2,1,1,1,1,0,1,1,0,0,1,0,0,0,0,4,3,0,0,0,0,0,0,0,6.284376621246338,3.0,0.0,0.0,0.0,0.0,0,0,0,0,1,0
MLI,448003,2021,448,3,2,1,1,1,1,0,1,1,0,0,0,0,0,0,0,4,6,0,0,0,0,0,0,0,4.5763866901397705,5.0,0.0,0.0,0.0,10.0,0,0,1,0,1,0
MLI,448004,2021,448,4,2,1,1,1,1,0,1,1,0,0,0,0,0,0,0,4,6,0,0,0,0,0,0,0,4.473867893218994,3.0,7.0,0.0,0.0,0.0,0,1,0,0,1,0
MLI,448005,2021,448,5,2,1,2,1,1,0,0,0,0,0,1,0,0,0,0,4,3,1,0,0,0,0,0,0,8.935660004615784,1.0,0.0,6.0,0.0,0.0,0,0,0,0,1,0
MLI,448006,2021,448,6,2,1,2,1,1,1,0,0,0,0,1,0,0,0,0,4,3,0,0,0,0,0,0,0,22.76661252975464,5.0,0.0,0.0,0.0,0.0,0,0,1,0,1,1
MLI,448007,2021,448,7,2,1,3,1,1,0,0,0,0,0,1,0,0,0,0,4,3,0,0,0,0,0,0,0,1.2183046340942383,,,,,,0,0,0,0,1,0
MLI,448008,2021,448,8,2,1,2,1,1,1,0,0,0,0,1,0,0,0,0,4,3,0,0,0,0,0,0,0,11.501504182815552,7.0,0.0,0.0,0.0,0.0,0,0,0,0,1,0
MLI,448009,2021,448,9,2,1,2,1,1,1,0,0,0,0,1,0,0,0,0,4,3,0,0,0,0,0,0,0,6.867182016372681,6.0,2.0,0.0,0.0,0.0,0,0,0,0,1,0
MLI,448010,2021,448,10,2,1,2,1,1,1,0,0,0,0,1,0,0,0,0,4,3,0,0,0,0,0,0,0,17.835997223854065,3.0,1.0,0.0,0.0,0.0,0,0,1,0,1,0
MLI,448011,2021,448,11,2,1,1,1,1,0,1,1,0,0,1,0,0,0,0,4,3,0,0,0,0,0,0,0,6.001810312271118,3.0,0.0,0.0,0.0,0.0,0,0,0,0,1,0
MLI,448012,2021,448,12,2,1,1,1,1,0,1,1,0,0,1,0,0,0,0,4,3,0,0,0,0,0,0,0,6.570377826690674,1.0,0.0,0.0,0.0,30.0,0,1,1,0,1,0
MLI,449001,2021,449,1,2,1,1,1,1,0,0,0,0,0,1,0,0,0,0,4,3,0,0,0,0,0,0,0,4.950000107288361,4.0,0.0,9.0,0.0,0.0,0,1,0,0,1,0
MLI,449002,2021,449,2,2,1,1,1,1,1,1,1,0,0,1,0,0,0,0,4,3,1,0,0,0,0,0,0,,0.0,0.0,0.0,0.0,15.0,0,0,0,0,1,0
MLI,449003,2021,449,3,2,1,1,1,1,1,1,1,0,0,1,0,0,0,0,4,3,0,0,0,0,0,0,0,,,,,,,0,1,0,0,0,0
MLI,449004,2021,449,4,2,1,1,1,1,0,1,0,0,0,1,0,0,0,0,4,3,0,0,0,0,0,0,0,5.173239827156067,1.0,8.0,0.0,0.0,0.0,0,1,0,0,0,0
MLI,449005,2021,449,5,2,1,2,1,1,0,0,0,0,0,1,0,0,0,0,4,3,0,0,0,0,0,0,0,2.2685961723327637,,,,,,0,1,0,0,0,0
MLI,449006,2021,449,6,2,1,2,1,1,1,0,0,0,0,1,0,0,0,0,4,3,1,0,0,0,0,0,0,5.748658061027527,4.0,23.0,0.0,0.0,0.0,0,1,0,0,0,1
MLI,449007,2021,449,7,2,2,2,1,1,1,1,1,0,0,1,0,0,0,0,4,3,0,0,0,0,0,0,0,4.813190937042236,,,,,,0,1,0,0,1,0
MLI,449008,2021,449,8,2,1,2,1,1,1,1,1,0,0,1,0,0,0,0,4,3,1,0,0,0,0,0,0,,10.0,24.0,0.0,0.0,0.0,0,1,0,0,0,0
MLI,449009,2021,449,9,2,1,2,1,1,1,1,1,0,0,1,0,0,0,0,4,3,1,0,0,0,0,0,0,10.241148948669434,2.0,4.0,0.0,0.0,0.0,0,1,0,0,1,0
MLI,449010,2021,449,10,2,1,2,1,1,0,1,1,0,0,1,0,0,0,0,4,3,0,0,0,0,0,0,0,5.040000081062317,0.0,11.0,0.0,0.0,66.0,0,0,0,0,0,0
MLI,449011,2021,449,11,2,1,2,1,1,0,1,1,0,0,1,0,0,0,0,4,3,0,0,0,0,0,0,0,9.34442400932312,10.0,6.0,0.0,0.0,0.0,0,1,0,0,1,0
MLI,449012,2021,449,12,2,1,2,1,1,1,1,1,0,0,1,0,0,0,0,4,3,1,0,0,0,0,0,0,9.208827495574951,15.0,0.0,0.0,0.0,0.0,0,1,0,0,1,0
MLI,452001,2021,452,1,1,1,2,1,1,1,1,1,0,0,1,0,0,0,0,4,3,0,0,0,0,0,0,0,43.336244106292725,11.0,25.0,0.0,0.0,64.0,0,1,1,0,1,0
MLI,452002,2021,452,2,1,2,2,1,0,0,1,1,0,0,1,0,0,1,0,4,3,0,0,0,0,0,0,0,3.696199893951416,1.0,0.0,0.0,0.0,10.0,1,1,0,0,1,0
MLI,452003,2021,452,3,1,1,2,1,1,1,1,1,0,0,1,0,0,0,0,4,3,0,0,0,0,0,0,0,0.03999999910593033,1.0,4.0,0.0,0.0,18.0,0,1,0,0,1,0
MLI,452004,2021,452,4,1,1,2,1,1,1,0,0,0,0,1,0,0,0,0,4,3,0,0,0,0,0,0,0,7.86850905418396,5.0,1.0,0.0,0.0,30.0,1,1,0,0,1,0
MLI,452005,2021,452,5,1,1,4,1,1,1,1,1,0,0,1,0,0,0,0,4,3,0,0,0,0,0,0,0,1.5853025298565626,1.0,4.0,4.0,0.0,13.0,0,1,1,0,1,0
MLI,452006,2021,452,6,1,1,2,1,1,1,1,1,0,0,1,0,0,0,0,4,3,1,0,0,0,0,1,0,14.045499920845032,11.0,23.0,0.0,0.0,0.0,1,0,0,0,1,0
MLI,452007,2021,452,7,1,2,2,1,1,0,1,1,0,0,1,0,0,0,0,4,3,0,0,0,0,0,0,0,5.808947458863258,2.0,2.0,0.0,0.0,8.0,0,0,0,0,0,0
MLI,452008,2021,452,8,1,2,2,1,0,0,0,0,0,0,1,0,0,0,0,4,3,0,0,0,0,0,0,0,1.9000000357627869,0.0,0.0,0.0,0.0,40.0,1,1,1,0,1,0
MLI,452009,2021,452,9,1,1,2,1,1,1,1,1,0,0,1,0,0,0,0,4,3,0,0,0,0,0,0,0,5.703900128602982,7.0,20.0,0.0,0.0,10.0,0,1,0,0,1,0
MLI,452010,2021,452,10,1,2,2,1,1,0,0,0,0,0,0,0,0,0,0,4,5,0,0,0,0,0,0,0,12.223300337791443,6.0,5.0,0.0,0.0,30.0,0,1,1,0,0,0
MLI,452011,2021,452,11,1,1,2,1,1,1,1,1,0,0,1,0,0,0,0,4,3,0,0,0,0,0,0,0,8.707852602005005,4.0,2.0,0.0,0.0,0.0,0,1,1,0,1,0
MLI,452012,2021,452,12,1,1,2,1,1,0,1,1,0,0,1,1,0,0,1,4,3,1,0,0,0,0,0,0,15.867200016975403,7.0,25.0,0.0,0.0,41.0,1,0,1,0,0,0
MLI,453001,2021,453,1,1,1,2,1,1,1,1,1,0,0,1,0,0,0,0,4,3,0,0,0,0,0,0,0,19.433322072029114,5.0,2.0,0.0,0.0,0.0,0,1,1,1,0,0
MLI,453002,2021,453,2,1,1,2,1,1,1,1,1,0,0,1,0,0,0,0,4,3,1,0,0,0,0,0,0,12.93786907196045,6.0,8.0,0.0,0.0,0.0,0,1,0,0,1,0
MLI,453003,2021,453,3,1,2,2,1,1,1,1,1,0,0,1,0,0,0,0,4,3,0,0,0,0,0,0,0,,,,,,,0,1,0,0,1,0
MLI,453004,2021,453,4,1,2,2,1,1,0,1,1,0,0,1,0,0,0,0,4,3,1,0,0,0,0,0,0,10.917637825012207,5.0,13.0,0.0,0.0,10.0,0,0,1,0,1,0
MLI,453005,2021,453,5,1,2,2,1,1,1,1,1,0,0,1,0,0,0,0,4,3,0,0,0,0,0,0,0,10.944362163543701,5.0,14.0,0.0,0.0,0.0,0,1,0,0,0,0
MLI,453006,2021,453,6,1,2,2,1,1,1,1,1,0,0,1,0,0,0,0,4,3,0,0,0,0,0,0,0,6.234608769416809,6.0,6.0,0.0,0.0,0.0,0,0,0,0,0,0
MLI,453007,2021,453,7,1,2,2,1,1,1,1,1,0,0,1,0,0,0,0,4,3,0,0,0,0,0,0,0,7.312665581703186,0.0,0.0,0.0,0.0,3.0,0,1,0,0,0,0
MLI,453008,2021,453,8,1,2,2,1,1,1,1,1,0,0,1,0,0,0,0,4,3,0,0,0,0,0,0,0,5.419305145740509,2.0,5.0,0.0,0.0,0.0,0,1,0,0,0,0
MLI,453009,2021,453,9,1,2,2,1,0,0,0,0,0,0,0,1,0,0,0,4,6,0,0,0,0,0,0,0,10.309553980827332,0.0,0.0,0.0,0.0,16.0,1,1,1,0,0,0
MLI,453010,2021,453,10,1,1,2,1,1,0,1,1,0,0,1,1,0,0,0,4,3,1,0,0,0,0,0,0,9.58304500579834,10.0,10.0,0.0,0.0,15.0,1,1,1,0,0,0
MLI,453011,2021,453,11,1,2,2,1,1,0,0,0,0,0,0,1,0,0,0,4,6,0,0,0,0,0,0,0,7.308385610580444,1.0,10.0,0.0,0.0,35.0,1,1,1,0,0,0
MLI,453012,2021,453,12,1,1,2,1,1,0,0,0,0,0,0,1,0,0,0,4,5,1,0,0,0,0,0,0,7.993399262428284,0.0,5.0,0.0,0.0,20.0,1,1,1,0,0,0
MLI,455001,2021,455,1,1,1,2,1,1,1,1,0,0,0,1,0,0,0,0,4,3,0,0,0,0,0,0,0,1.0099999904632568,,,,,,0,1,0,0,0,0
MLI,455002,2021,455,2,1,1,2,1,1,1,1,1,0,0,1,0,0,0,0,4,3,1,0,0,0,0,1,0,1.9199999570846558,160.0,0.0,0.0,0.0,0.0,0,1,1,0,0,0
MLI,455003,2021,455,3,1,1,2,1,1,1,1,1,0,0,1,0,0,0,0,4,3,1,0,0,0,0,0,0,,,,,,,0,1,1,0,0,0
MLI,455004,2021,455,4,1,1,2,1,1,1,0,0,0,0,1,0,0,0,0,4,3,0,0,0,0,0,0,0,1.2799999713897705,10.0,0.0,0.0,0.0,0.0,0,1,1,0,0,0
MLI,455005,2021,455,5,1,1,1,1,1,1,1,1,0,0,1,0,0,1,0,4,3,1,0,0,0,0,1,0,4.239999949932098,,,,,,0,1,1,0,0,0
MLI,455006,2021,455,6,1,1,1,1,1,1,1,1,0,0,1,0,0,1,0,4,3,1,0,0,0,0,1,0,2.419999986886978,10.0,0.0,0.0,0.0,0.0,0,1,1,0,0,0
MLI,455007,2021,455,7,1,1,1,1,1,1,1,1,0,0,1,0,0,1,0,4,3,1,0,0,0,0,1,0,4.939999967813492,,,,,,0,1,1,0,0,0
MLI,455008,2021,455,8,1,1,2,1,1,1,1,1,0,0,1,0,0,1,0,4,3,1,0,0,0,0,1,0,8.670000076293945,6.0,0.0,0.0,0.0,0.0,0,1,0,0,0,0
MLI,455009,2021,455,9,1,1,2,1,1,1,1,1,0,0,1,0,0,0,0,4,3,1,0,0,0,0,1,0,1.7699999809265137,,,,,,0,1,1,0,0,0
MLI,455010,2021,455,10,1,1,2,1,1,1,1,1,0,0,1,0,0,0,0,4,3,1,0,0,0,0,1,0,3.639999955892563,,,,,,0,1,0,0,0,0
MLI,455011,2021,455,11,1,1,1,1,1,1,1,1,0,0,1,0,0,0,0,4,3,1,0,0,0,0,1,0,2.9800000190734863,,,,,,0,1,1,0,0,0
MLI,455012,2021,455,12,1,1,1,1,1,1,1,1,0,0,1,0,0,0,0,4,3,0,0,0,0,0,0,0,,,,,,,1,0,0,0,0,0
MLI,458001,2021,458,1,2,1,1,1,1,0,0,0,0,0,0,0,0,0,0,4,6,0,0,0,0,0,0,0,5.5,7.0,2.0,0.0,0.0,30.0,0,0,0,0,1,0
MLI,458002,2021,458,2,2,1,1,1,1,1,1,1,0,0,1,0,0,1,0,4,3,0,0,0,0,0,0,0,3.5,7.0,10.0,0.0,0.0,10.0,0,0,0,0,1,0
MLI,458003,2021,458,3,2,1,1,1,1,0,1,1,0,0,0,0,0,0,0,4,6,0,0,0,0,0,0,0,3.5,6.0,9.0,0.0,0.0,20.0,0,1,0,0,1,0
MLI,458004,2021,458,4,2,1,1,1,1,0,1,1,0,0,1,0,0,0,0,4,3,0,0,0,0,0,0,0,5.0,5.0,0.0,0.0,0.0,0.0,0,0,0,0,1,0
MLI,458005,2021,458,5,2,1,2,1,1,0,0,0,0,0,1,0,0,0,0,4,3,0,0,0,0,0,0,0,3.8600000143051147,2.0,0.0,0.0,0.0,0.0,1,0,1,0,0,0
MLI,458006,2021,458,6,2,1,2,1,1,0,0,0,0,0,1,0,0,0,0,4,3,0,0,0,0,0,0,0,7.779999911785126,2.0,1.0,0.0,0.0,0.0,0,0,0,0,0,1
MLI,458007,2021,458,7,2,1,2,1,1,0,0,0,0,0,1,0,0,0,0,4,3,0,0,0,0,0,0,0,8.419824600219727,6.0,8.0,0.0,0.0,0.0,0,0,1,0,0,1
MLI,458008,2021,458,8,2,1,2,1,1,0,1,1,0,0,0,1,0,0,0,4,5,0,0,0,0,0,0,0,2.774999976158142,2.0,1.0,0.0,0.0,6.0,0,0,0,0,0,0
MLI,458009,2021,458,9,2,1,1,1,0,0,1,1,0,0,0,0,0,0,0,4,5,0,0,0,0,0,0,0,3.549999952316284,2.0,0.0,0.0,0.0,0.0,0,0,1,0,0,0
MLI,458010,2021,458,10,2,1,1,1,1,1,0,0,0,0,1,0,0,0,0,4,3,0,0,0,0,0,0,0,8.549999952316284,2.0,2.0,0.0,0.0,0.0,0,0,0,0,0,0
MLI,458011,2021,458,11,2,1,1,1,1,1,0,0,0,0,1,0,0,0,0,4,3,0,0,0,0,0,0,0,6.799999952316284,2.0,6.0,0.0,0.0,0.0,0,0,1,0,0,0
MLI,458012,2021,458,12,2,1,1,1,1,1,0,0,0,0,1,0,0,0,0,4,3,0,0,0,0,0,0,0,8.173437476158142,,,,,,0,0,1,0,0,0
MLI,460001,2021,460,1,2,1,1,1,1,0,1,1,0,0,1,0,0,1,0,4,3,0,0,0,0,0,0,0,3.894526481628418,5.0,5.0,0.0,0.0,10.0,0,1,0,0,1,0
MLI,460002,2021,460,2,2,1,1,1,1,1,1,1,0,0,1,0,0,0,0,4,3,0,0,0,0,0,0,0,10.057848930358887,6.0,2.0,5.0,0.0,0.0,0,0,0,0,1,0
MLI,460003,2021,460,3,2,1,1,1,1,0,1,1,0,0,0,0,0,0,0,4,6,0,0,0,0,0,0,0,2.9707990884780884,3.0,2.0,0.0,0.0,20.0,0,1,0,0,1,0
MLI,460004,2021,460,4,2,1,1,1,1,0,0,0,0,0,1,0,0,0,0,4,3,0,0,0,0,0,0,0,7.227919816970825,4.0,4.0,0.0,0.0,0.0,0,1,0,0,1,0
MLI,460005,2021,460,5,2,1,2,1,1,0,0,0,0,0,1,0,0,0,0,4,3,0,0,0,0,0,0,0,10.142167806625366,6.0,0.0,2.0,0.0,0.0,0,0,0,0,1,0
MLI,460006,2021,460,6,2,1,2,1,1,1,0,0,0,0,1,0,0,0,0,4,3,0,0,0,0,0,0,0,10.431367993354797,3.0,2.0,0.0,0.0,0.0,0,1,0,0,1,0
MLI,460007,2021,460,7,2,1,2,1,1,1,0,0,0,0,1,0,0,0,0,4,3,0,0,0,0,0,0,0,6.327638506889343,4.0,3.0,0.0,0.0,10.0,0,0,0,0,1,0
MLI,460008,2021,460,8,2,1,2,1,1,0,0,0,0,0,1,0,0,0,0,4,3,0,0,0,0,0,0,0,5.054020524024963,4.0,0.0,0.0,0.0,20.0,0,0,0,0,1,1
MLI,460009,2021,460,9,2,1,2,1,1,1,0,0,0,0,0,0,0,0,0,4,6,0,0,0,0,0,0,0,8.851198434829712,10.0,0.0,0.0,0.0,0.0,0,0,0,0,1,0
MLI,460010,2021,460,10,2,1,1,1,1,1,0,0,0,0,1,0,0,0,0,4,3,0,0,0,0,0,0,0,6.4206424951553345,3.0,18.0,0.0,0.0,0.0,0,1,0,0,1,0
MLI,460011,2021,460,11,2,1,1,1,1,0,0,0,0,0,0,0,0,0,0,4,5,0,0,0,0,0,0,0,4.79295015335083,,,,,,0,1,0,0,1,0
MLI,460012,2021,460,12,2,1,1,1,1,0,1,0,0,0,0,0,0,0,0,4,5,0,0,0,0,0,0,0,8.259864091873169,6.0,6.0,0.0,0.0,0.0,0,1,1,0,1,0
MLI,461001,2021,461,1,1,2,3,1,1,0,1,1,0,0,1,1,0,0,0,4,3,1,0,0,0,0,0,0,,,,,,,0,0,0,0,0,0
MLI,461002,2021,461,2,1,2,1,1,1,1,1,1,0,1,0,1,1,0,0,2,1,0,0,0,0,0,0,0,,,,,,,0,0,0,0,0,0
MLI,461003,2021,461,3,1,1,2,1,1,1,1,1,1,1,0,0,0,0,0,1,1,1,0,1,0,0,1,0,,,,,,,0,0,0,0,0,0
MLI,461004,2021,461,4,1,1,1,1,1,0,1,1,1,1,0,1,0,0,0,1,1,1,0,0,0,0,1,0,,,,,,,0,0,0,0,0,0
MLI,461005,2021,461,5,1,1,2,1,1,1,1,1,1,1,0,1,0,0,0,1,1,1,0,1,0,0,1,0,,,,,,,0,0,1,1,0,0
MLI,461006,2021,461,6,1,1,1,1,1,1,1,1,1,1,0,1,1,0,0,1,1,1,0,0,0,0,1,0,,,,,,,0,0,0,0,0,0
MLI,461007,2021,461,7,1,2,1,1,1,1,1,1,1,1,0,1,1,1,1,1,1,1,0,0,0,0,1,0,,0.0,2.0,0.0,0.0,0.0,1,0,0,0,0,0
MLI,461008,2021,461,8,1,1,3,1,0,1,1,1,0,0,1,1,0,0,0,4,3,0,0,0,0,0,0,0,2.083930015563965,0.0,2.0,0.0,0.0,12.0,0,1,0,0,0,0
MLI,461009,2021,461,9,1,2,1,1,1,1,1,1,1,1,0,1,1,1,1,1,1,1,0,0,0,0,1,0,,,,,,,0,1,0,0,0,0
MLI,461010,2021,461,10,1,2,3,0,0,0,1,1,0,0,0,1,0,0,0,4,6,0,0,0,0,0,0,0,,,,,,,0,0,0,0,0,0
MLI,461011,2021,461,11,1,2,3,0,1,1,1,1,1,1,0,1,0,0,0,1,1,1,0,0,0,0,1,0,,,,,,,0,0,0,1,1,0
MLI,461012,2021,461,12,1,1,1,1,1,1,1,1,1,1,0,1,0,1,0,1,1,1,0,0,0,0,0,0,1.1299412250518799,,,,,,0,0,0,0,0,0
MLI,462001,2021,462,1,2,1,2,0,1,0,0,0,0,0,1,1,0,0,0,4,3,0,0,0,0,0,0,0,2.299999952316284,15.0,8.0,0.0,0.0,10.0,0,1,0,0,0,0
MLI,462002,2021,462,2,2,1,2,0,1,0,0,0,0,0,1,1,0,0,0,4,3,0,0,0,0,0,0,0,4.28000020980835,6.0,10.0,0.0,0.0,15.0,0,1,0,0,0,0
MLI,462003,2021,462,3,2,1,2,0,1,0,0,0,0,0,1,1,0,0,0,4,3,0,0,0,0,0,0,0,2.3299999237060547,4.0,1.0,0.0,0.0,4.0,0,1,0,0,0,0
MLI,462004,2021,462,4,2,1,2,0,0,0,0,1,0,0,1,1,0,0,0,4,3,0,0,0,0,0,0,0,2.0399999618530273,4.0,10.0,0.0,0.0,9.0,1,1,0,0,0,0
MLI,462005,2021,462,5,2,1,2,0,1,1,0,0,0,0,1,1,1,1,0,4,3,0,0,0,0,0,0,0,15.1899995803833,6.0,16.0,0.0,0.0,67.0,0,1,0,1,0,0
MLI,462006,2021,462,6,2,1,2,0,1,1,0,0,0,0,1,1,0,1,0,4,3,0,0,0,0,0,0,0,5.578708648681641,1.0,24.0,0.0,0.0,25.0,0,1,0,1,0,0
MLI,462007,2021,462,7,2,1,2,0,0,0,1,1,0,0,1,1,1,1,0,4,3,0,0,0,0,0,0,0,10.492767572402954,6.0,12.0,0.0,0.0,0.0,0,1,0,1,0,0
MLI,462008,2021,462,8,2,1,2,0,0,0,0,0,0,0,1,1,1,0,0,4,3,0,0,0,0,0,0,0,12.20408284664154,4.0,17.0,0.0,0.0,18.0,0,1,0,1,0,0
MLI,462009,2021,462,9,2,1,1,1,0,0,1,1,0,0,1,0,0,0,0,4,3,1,0,0,0,0,0,0,4.009999990463257,4.0,13.0,0.0,0.0,0.0,0,1,1,0,0,0
MLI,462010,2021,462,10,2,1,1,1,0,1,1,1,0,0,0,0,0,0,0,4,6,0,0,0,0,0,0,0,1.329999953508377,1.0,4.0,0.0,0.0,0.0,0,1,1,0,0,0
MLI,462011,2021,462,11,2,1,1,1,0,1,1,1,0,0,0,0,0,0,0,4,6,0,0,0,0,0,0,0,10.799999713897705,8.0,18.0,0.0,0.0,0.0,0,1,1,0,0,0
MLI,462012,2021,462,12,2,1,1,1,1,1,1,1,0,0,1,0,0,0,0,4,3,0,0,0,0,0,0,0,2.0899999141693115,1.0,6.0,0.0,0.0,0.0,0,1,1,0,0,0
MLI,464001,2021,464,1,1,1,4,1,1,0,1,1,0,0,1,0,0,0,0,2,2,1,0,0,0,0,0,0,,,,,,,0,0,0,0,0,0
MLI,464002,2021,464,2,1,2,1,1,1,1,1,1,1,1,0,0,0,1,0,1,1,1,0,0,0,0,1,0,,,,,,,1,0,0,0,0,0
MLI,464003,2021,464,3,1,2,1,1,1,1,0,0,1,1,0,1,0,1,0,1,1,1,0,0,0,0,1,0,,,,,,,0,0,0,0,0,0
MLI,464004,2021,464,4,1,2,1,1,1,1,0,0,1,1,0,0,0,1,0,1,1,1,0,0,0,1,1,0,,,,,,,0,0,0,0,0,0
MLI,464005,2021,464,5,1,1,3,1,1,0,1,1,1,0,1,1,1,0,0,1,2,1,0,0,0,0,1,0,,,,,,,1,0,0,0,0,0
MLI,464006,2021,464,6,1,1,1,1,1,1,1,1,1,0,1,1,0,0,0,1,2,1,0,1,0,0,1,0,,,,,,,1,0,0,0,0,0
MLI,464007,2021,464,7,1,1,3,1,1,1,1,1,1,0,1,1,0,0,0,1,2,1,0,1,0,0,1,0,,,,,,,0,0,0,0,0,0
MLI,464008,2021,464,8,1,2,3,1,1,1,1,1,1,1,0,1,1,1,0,1,1,1,0,0,0,0,1,0,,,,,,,0,0,0,0,0,0
MLI,464009,2021,464,9,1,2,3,1,1,1,1,1,1,1,0,1,1,1,1,1,1,1,0,0,0,1,1,0,,,,,,,0,0,0,0,0,0
MLI,464010,2021,464,10,1,1,1,1,1,1,1,1,1,1,0,1,1,1,0,1,1,1,0,1,0,1,1,0,,0.0,3.0,0.0,0.0,0.0,0,0,0,0,0,0
MLI,464011,2021,464,11,1,1,1,1,1,1,1,1,1,1,0,1,1,1,0,1,1,1,0,1,0,0,1,0,,,,,,,0,0,0,0,0,0
MLI,464012,2021,464,12,1,1,3,1,1,1,1,1,0,1,0,0,1,1,0,2,1,0,0,0,0,0,0,0,,,,,,,1,0,0,0,0,0
MLI,465001,2021,465,1,2,1,2,1,1,1,1,1,0,0,1,0,0,0,0,4,3,0,0,0,0,0,0,0,1.6869999766349792,8.0,0.0,0.0,0.0,0.0,0,1,1,0,0,0
MLI,465002,2021,465,2,2,1,2,1,1,1,1,1,0,0,1,0,0,0,0,4,3,0,0,0,0,0,0,0,,32.0,31.0,0.0,0.0,0.0,1,0,1,0,0,0
MLI,465003,2021,465,3,2,1,2,1,1,1,1,1,0,0,1,0,0,0,0,4,3,0,0,0,0,0,0,0,19.29800009727478,7.0,10.0,0.0,0.0,0.0,0,1,1,0,0,0
MLI,465004,2021,465,4,2,1,2,0,1,0,0,0,0,0,1,0,0,0,0,4,3,0,0,0,0,0,0,0,1.6089999675750732,8.0,14.0,0.0,0.0,0.0,0,1,0,0,0,0
MLI,465005,2021,465,5,2,1,2,1,1,1,0,0,0,0,1,0,0,0,0,4,3,1,0,0,0,0,0,0,12.09060001373291,2.0,4.0,0.0,0.0,11.0,1,0,0,0,0,0
MLI,465006,2021,465,6,2,1,2,1,0,1,1,1,0,0,1,0,0,0,0,4,3,1,0,0,0,0,0,0,3.1015000343322754,10.0,0.0,0.0,0.0,20.0,0,0,0,0,0,0
MLI,465007,2021,465,7,2,1,2,1,0,1,0,0,0,0,1,0,0,0,0,4,3,0,0,0,0,0,0,0,5.509699821472168,,,,,,0,0,1,0,0,0
MLI,465008,2021,465,8,2,1,2,1,1,1,0,0,0,0,1,0,0,0,0,4,3,0,0,0,0,0,0,0,4.046899914741516,14.0,8.0,0.0,0.0,5.0,0,0,1,0,0,0
MLI,465009,2021,465,9,2,1,2,1,0,0,0,0,0,0,1,0,0,0,0,4,3,1,0,0,0,0,0,0,13.450000047683716,24.0,28.0,0.0,0.0,20.0,1,1,1,0,0,1
MLI,465010,2021,465,10,2,1,2,1,0,0,0,0,0,0,1,0,0,0,0,4,3,0,0,0,0,0,0,0,9.850000381469727,15.0,2.0,0.0,0.0,11.0,1,1,1,0,0,0
MLI,465011,2021,465,11,2,1,2,1,0,0,0,0,0,0,1,0,0,0,0,4,3,1,0,0,0,0,0,0,8.940000057220459,9.0,5.0,0.0,0.0,0.0,0,0,0,0,0,0
MLI,465012,2021,465,12,2,1,2,1,0,0,1,1,0,0,1,0,0,0,0,4,3,0,0,0,0,0,0,0,9.860000133514404,3.0,3.0,0.0,0.0,9.0,0,1,1,1,1,0
MLI,466001,2021,466,1,2,1,2,0,0,0,1,1,0,0,1,0,0,0,0,4,3,0,0,0,0,0,0,0,3.430000066757202,3.0,10.0,0.0,0.0,0.0,0,1,0,0,0,0
MLI,466002,2021,466,2,2,1,2,0,0,0,0,0,0,0,1,0,0,0,0,4,3,0,0,0,0,0,0,0,1.7666213512420654,,,,,,0,1,1,0,0,0
MLI,466003,2021,466,3,2,1,2,0,0,0,0,0,0,0,0,0,0,0,0,4,6,0,0,0,0,0,0,0,2.3889999389648438,3.0,0.0,0.0,0.0,0.0,0,1,0,0,0,0
MLI,466004,2021,466,4,2,1,2,0,1,0,0,0,0,0,1,0,0,0,0,4,3,0,0,0,0,0,0,0,2.1700000762939453,,,,,,0,1,1,0,0,0
MLI,466005,2021,466,5,2,1,2,0,0,0,0,0,0,0,1,0,0,0,0,4,3,0,0,0,0,0,0,0,1.3272000551223755,2.0,2.0,0.0,0.0,5.0,0,0,1,0,0,0
MLI,466006,2021,466,6,2,1,2,0,0,0,0,0,0,0,1,0,0,0,0,4,3,0,0,0,0,0,0,0,5.7982001304626465,0.0,0.0,0.0,0.0,5.0,1,0,0,0,0,0
MLI,466007,2021,466,7,2,1,2,0,0,0,0,0,0,0,1,0,0,0,0,4,3,0,0,0,0,0,0,0,8.589300155639648,3.0,4.0,0.0,0.0,5.0,0,0,0,0,0,0
MLI,466008,2021,466,8,2,1,2,0,1,0,0,0,0,0,1,0,0,0,0,4,3,0,0,0,0,0,0,0,14.732900083065033,11.0,6.0,0.0,0.0,7.0,0,0,0,0,0,0
MLI,466009,2021,466,9,2,1,2,1,0,0,0,0,0,0,1,0,0,0,0,4,3,0,0,0,0,0,0,0,5.309999942779541,3.0,0.0,0.0,0.0,4.0,1,1,0,0,0,0
MLI,466010,2021,466,10,2,1,2,1,0,0,0,0,0,0,1,0,0,0,0,4,3,1,0,0,0,0,0,0,20.550960183143616,19.0,51.0,0.0,0.0,0.0,0,1,1,0,0,0
MLI,466011,2021,466,11,2,1,2,1,0,0,0,0,0,0,1,0,0,0,0,4,3,1,0,0,0,0,0,0,3.2300000190734863,2.0,11.0,0.0,0.0,2.0,0,0,1,0,0,0
MLI,466012,2021,466,12,2,1,2,1,0,0,0,0,0,0,1,0,0,0,0,4,3,0,0,0,0,0,0,0,6.13525116443634,10.0,0.0,0.0,0.0,0.0,0,1,1,0,0,0
MLI,467001,2021,467,1,2,1,2,0,1,0,0,0,0,0,1,1,0,0,0,4,3,0,0,0,0,0,0,0,10.470000267028809,14.0,23.0,0.0,0.0,20.0,0,1,0,1,0,0
MLI,467002,2021,467,2,2,1,2,0,1,0,0,0,0,0,1,1,0,0,0,4,3,0,0,0,0,0,0,0,1.5879305601119995,1.0,0.0,0.0,0.0,25.0,0,1,0,0,0,0
MLI,467003,2021,467,3,2,1,2,0,1,0,0,0,0,0,1,1,0,0,0,4,3,0,0,0,0,0,0,0,5.580000162124634,24.0,15.0,0.0,0.0,30.0,0,1,0,0,0,0
MLI,467004,2021,467,4,2,1,2,0,1,0,0,0,0,0,1,1,0,0,0,4,3,1,0,0,0,0,1,0,3.8426254987716675,15.0,14.0,0.0,0.0,15.0,1,1,0,1,0,0
MLI,467005,2021,467,5,2,1,2,0,0,0,1,1,0,0,1,0,0,1,0,4,3,0,0,0,0,0,0,0,3.3263474106788635,3.0,2.0,0.0,0.0,9.0,1,0,1,0,0,0
MLI,467006,2021,467,6,2,1,2,0,1,0,0,0,0,0,1,0,0,0,0,4,3,0,0,0,0,0,0,0,5.463852763175964,12.0,5.0,0.0,0.0,0.0,0,1,0,0,0,0
MLI,467007,2021,467,7,2,1,2,0,0,0,0,0,0,0,1,0,1,1,0,4,3,1,0,0,0,0,0,0,6.324748277664185,19.0,13.0,0.0,0.0,13.0,0,1,0,0,0,0
MLI,467008,2021,467,8,2,1,2,0,0,0,1,1,0,0,1,0,1,1,0,4,3,0,0,0,0,0,0,0,4.13015079498291,1.0,2.0,0.0,0.0,9.0,0,1,0,1,0,0
MLI,467009,2021,467,9,2,1,1,1,1,1,1,1,0,0,0,0,0,0,0,4,5,0,0,0,0,0,0,0,26.230000019073486,4.0,0.0,0.0,0.0,0.0,0,1,0,0,0,0
MLI,467010,2021,467,10,2,1,1,1,0,1,1,1,0,0,1,0,0,0,0,4,3,1,0,0,0,0,0,0,1.6047056913375854,9.0,0.0,0.0,0.0,0.0,0,1,0,0,0,0
MLI,467011,2021,467,11,2,1,1,1,1,1,1,1,0,0,1,0,0,0,0,4,3,1,0,0,0,0,0,0,5.02451753616333,6.0,3.0,0.0,0.0,0.0,0,1,1,0,0,0
MLI,467012,2021,467,12,2,1,2,0,1,0,1,1,0,0,1,1,0,0,0,4,3,0,0,0,0,0,0,0,1.5738493204116821,11.0,0.0,0.0,0.0,0.0,0,1,0,1,0,0
MLI,469001,2021,469,1,1,1,2,1,1,1,0,1,0,0,1,0,1,0,0,4,3,0,0,0,0,0,0,0,3.777978539466858,4.0,0.0,0.0,0.0,5.0,0,0,0,0,0,0
MLI,469002,2021,469,2,1,1,2,1,1,0,0,0,0,0,0,1,0,0,0,4,5,0,0,0,0,0,0,0,2.9966667890548706,2.0,0.0,0.0,0.0,0.0,0,0,0,0,0,0
MLI,469003,2021,469,3,1,1,2,1,1,0,0,1,0,0,0,0,0,0,0,4,5,0,0,0,0,0,0,0,3.7007665634155273,,,,,,0,0,0,0,0,0
MLI,469004,2021,469,4,1,1,2,1,0,0,1,0,0,0,0,0,0,0,0,4,5,0,0,0,0,0,0,0,2.9156349301338196,2.0,0.0,0.0,0.0,0.0,0,0,0,0,0,0
MLI,469005,2021,469,5,1,1,2,1,0,1,1,1,0,0,1,0,0,0,0,4,3,0,0,0,0,0,0,0,2.2851165533065796,2.0,0.0,0.0,0.0,0.0,0,1,0,0,0,0
MLI,469006,2021,469,6,1,1,2,1,0,0,0,0,0,0,1,0,0,0,0,4,3,0,0,0,0,0,0,0,4.525659203529358,3.0,0.0,0.0,0.0,0.0,0,1,0,0,0,0
MLI,469007,2021,469,7,1,1,2,1,0,1,1,1,0,0,1,0,0,0,0,4,3,0,0,0,0,0,0,0,2.400847911834717,3.0,2.0,0.0,0.0,0.0,0,1,0,0,0,0
MLI,469008,2021,469,8,1,1,2,1,0,1,1,1,0,0,1,0,0,0,0,4,3,0,0,0,0,0,0,0,7.7271047830581665,15.0,2.0,0.0,0.0,0.0,0,1,0,0,0,0
MLI,469009,2021,469,9,1,1,2,1,1,0,1,1,0,0,1,0,0,0,0,4,3,1,0,0,0,0,0,0,8.3503999710083,5.0,3.0,0.0,0.0,3.0,1,0,1,0,0,0
MLI,469010,2021,469,10,1,1,2,1,0,0,0,0,0,0,1,0,0,0,0,4,3,0,0,0,0,0,0,0,6.765997648239136,2.0,0.0,0.0,0.0,1.0,0,1,0,0,0,0
MLI,469011,2021,469,11,1,2,2,1,1,0,1,1,0,0,1,0,0,0,0,4,3,0,0,0,0,0,0,0,3.236449748277664,2.0,1.0,0.0,0.0,18.0,1,1,1,0,0,0
MLI,469012,2021,469,12,1,1,2,1,1,0,0,0,0,0,1,0,0,0,0,4,3,0,0,0,0,0,0,0,6.610674232244492,4.0,3.0,0.0,0.0,17.0,0,1,1,0,0,0
MLI,470001,2021,470,1,1,1,2,1,1,1,1,1,0,1,0,0,1,0,0,3,1,1,0,1,0,0,1,0,2.0426931381225586,,,,,,0,1,1,0,0,0
MLI,470002,2021,470,2,1,1,2,1,1,0,1,1,1,1,0,0,1,1,0,1,1,1,0,1,0,0,1,0,,1.0,3.0,0.0,0.0,2.0,0,0,1,0,0,0
MLI,470003,2021,470,3,1,2,1,1,1,1,1,1,0,1,0,1,1,1,0,3,1,1,0,0,0,0,1,0,,,,,,,0,0,0,0,0,0
MLI,470004,2021,470,4,1,1,2,1,1,1,1,1,1,1,0,0,1,0,0,1,1,1,0,1,0,1,1,0,1.2928017377853394,1.0,2.0,0.0,0.0,0.0,0,0,1,0,0,0
MLI,470005,2021,470,5,1,1,2,1,1,1,1,1,0,1,0,0,1,0,0,3,1,1,0,0,0,0,1,0,9.462023735046387,3.0,8.0,0.0,0.0,0.0,0,1,0,0,0,0
MLI,470006,2021,470,6,1,1,1,1,1,1,0,0,1,0,1,1,1,0,0,1,2,1,0,0,0,0,1,0,,,,,,,0,0,0,0,0,0
MLI,470007,2021,470,7,1,1,1,1,1,1,1,1,0,1,0,1,0,0,0,3,1,1,0,0,0,0,0,0,,,,,,,0,0,0,0,0,0
MLI,470008,2021,470,8,1,1,1,1,1,1,1,1,0,0,1,1,0,0,0,3,2,1,0,1,0,0,1,0,,,,,,,0,0,0,0,1,0
MLI,470009,2021,470,9,1,1,1,1,1,1,1,1,0,1,0,1,0,0,0,3,1,1,0,0,0,0,0,0,,2.0,0.0,0.0,0.0,0.0,1,0,0,0,0,0
MLI,470010,2021,470,10,1,1,2,1,1,1,1,1,0,1,0,1,0,0,0,3,1,0,0,0,0,0,0,0,,0.0,6.0,0.0,0.0,0.0,0,0,0,0,1,0
MLI,470011,2021,470,11,1,1,1,1,1,1,1,1,1,1,0,1,1,1,1,1,1,1,0,0,0,0,1,0,,0.0,2.0,0.0,0.0,3.0,1,0,1,0,0,0
MLI,470012,2021,470,12,1,1,1,1,1,1,1,1,0,1,0,1,0,0,0,3,1,1,0,0,0,0,1,0,,0.0,0.0,0.0,18.0,15.0,1,0,1,0,0,0
MLI,471001,2021,471,1,1,1,2,1,1,0,1,1,0,0,0,0,0,0,0,4,5,1,0,0,0,0,1,0,11.53448486328125,14.0,37.0,0.0,0.0,25.0,1,1,1,0,0,0
MLI,471002,2021,471,2,1,1,2,0,1,0,1,1,0,0,1,1,0,0,0,4,3,1,0,1,0,0,1,0,6.090000152587891,16.0,3.0,0.0,0.0,10.0,0,1,0,0,0,0
MLI,471003,2021,471,3,1,1,2,0,0,0,0,0,0,0,1,1,0,0,0,4,3,0,0,0,0,0,0,0,3.5999999046325684,1.0,5.0,0.0,0.0,20.0,0,1,0,0,0,0
MLI,471004,2021,471,4,1,1,2,0,1,0,1,1,0,0,1,1,0,0,0,4,3,1,0,0,0,0,0,0,4.730000019073486,4.0,8.0,0.0,0.0,5.0,0,1,0,0,0,0
MLI,471005,2021,471,5,1,1,2,1,1,1,1,1,0,0,1,1,0,1,0,4,3,1,0,0,0,0,0,0,7.232738018035889,26.0,28.0,0.0,0.0,0.0,1,1,0,1,0,0
MLI,471006,2021,471,6,1,1,2,1,1,1,0,0,0,0,1,1,0,0,0,4,3,0,0,0,0,0,0,0,7.8634151220321655,10.0,27.0,0.0,0.0,35.0,0,1,0,0,0,0
MLI,471007,2021,471,7,1,1,2,1,0,1,1,1,0,0,1,1,0,0,0,4,3,0,0,0,0,0,0,0,3.2499999552965164,0.0,3.0,0.0,0.0,0.0,0,1,1,0,0,0
MLI,471008,2021,471,8,1,1,2,1,0,1,1,1,0,0,1,1,0,0,0,4,3,0,0,0,0,0,0,0,5.299999952316284,1.0,17.0,0.0,0.0,20.0,1,0,0,0,0,0
MLI,471009,2021,471,9,1,1,2,0,0,0,1,1,0,0,1,1,0,0,0,4,3,0,0,0,0,0,0,0,6.619999974966049,3.0,0.0,0.0,0.0,26.0,0,0,0,0,0,0
MLI,471010,2021,471,10,1,1,2,1,0,0,0,0,0,0,0,0,0,0,0,4,6,0,0,0,0,0,0,0,4.845043301582336,0.0,5.0,0.0,0.0,18.0,0,1,0,0,0,0
MLI,471011,2021,471,11,1,1,2,0,0,0,0,0,0,0,0,1,0,0,0,4,6,0,0,0,0,0,0,0,3.819999933242798,,,,,,0,1,0,0,0,0
MLI,471012,2021,471,12,1,1,2,0,0,0,1,1,0,0,0,1,0,0,0,4,6,0,0,0,0,0,0,0,5.56694221496582,0.0,2.0,0.0,0.0,5.0,0,1,0,0,0,0
MLI,474001,2021,474,1,2,2,2,1,1,0,1,1,0,0,1,0,0,0,0,4,3,0,0,0,0,0,0,0,2.7303571701049805,0.0,7.0,0.0,0.0,0.0,0,1,1,0,0,0
MLI,474002,2021,474,2,2,1,2,1,0,0,0,0,0,0,1,0,0,0,0,4,3,0,0,0,0,0,0,0,2.9052000045776367,30.0,8.0,0.0,0.0,0.0,1,1,1,1,0,0
MLI,474003,2021,474,3,2,1,1,1,1,1,0,0,0,0,1,0,0,0,0,4,3,1,0,0,0,0,0,0,,,,,,,0,0,1,0,0,0
MLI,474004,2021,474,4,2,1,1,0,1,0,1,1,0,0,1,0,0,0,0,4,3,0,0,0,0,0,0,0,1.3783249855041504,,,,,,0,1,0,0,0,0
MLI,474005,2021,474,5,2,1,2,0,0,1,1,1,0,0,1,0,0,0,0,4,3,0,0,0,0,0,0,0,1.930620551109314,3.0,0.0,0.0,0.0,0.0,1,0,0,0,0,0
MLI,474006,2021,474,6,2,1,2,0,1,0,1,1,0,0,0,0,0,0,0,4,6,0,0,0,0,0,0,0,1.265184998512268,,,,,,0,0,0,0,0,0
MLI,474007,2021,474,7,2,1,2,0,0,1,1,1,0,0,1,0,0,0,0,4,3,0,0,0,0,0,0,0,,10.0,12.0,0.0,0.0,30.0,0,1,0,0,0,0
MLI,474008,2021,474,8,2,1,2,0,0,1,1,1,0,0,1,0,0,0,0,4,3,1,0,0,0,0,1,0,1.8555492162704468,16.0,8.0,0.0,0.0,16.0,0,0,0,0,0,0
MLI,474009,2021,474,9,2,1,2,1,1,1,1,1,0,0,1,0,0,0,0,4,3,0,0,0,0,0,0,0,2.684356451034546,1.0,10.0,0.0,0.0,0.0,0,0,1,1,0,0
MLI,474010,2021,474,10,2,1,1,1,1,1,1,1,0,0,1,0,0,0,0,4,3,1,0,0,0,0,0,0,2.4266998767852783,,,,,,0,0,1,0,0,0
MLI,474011,2021,474,11,2,1,2,1,1,1,0,0,0,0,1,0,0,0,0,4,3,0,0,0,0,0,0,0,2.0,,,,,,1,0,0,0,0,0
MLI,474012,2021,474,12,2,1,2,1,1,1,0,0,0,0,1,0,0,0,0,4,3,0,0,0,0,0,0,0,1.593222975730896,3.0,0.0,0.0,0.0,0.0,0,0,0,0,0,0
MLI,478001,2021,478,1,1,1,2,1,1,0,1,0,0,0,0,0,1,0,0,4,5,1,0,0,0,0,0,0,,1.0,1.0,0.0,0.0,16.0,0,1,0,0,0,0
MLI,478002,2021,478,2,1,1,2,1,1,0,1,0,0,1,0,0,1,0,0,4,1,0,0,0,0,0,0,0,1.174277663230896,,,,,,0,0,0,0,0,0
MLI,478003,2021,478,3,1,1,2,1,1,0,1,1,1,1,0,0,1,0,0,1,1,1,0,1,0,0,1,0,1.6463369131088257,1.0,3.0,0.0,0.0,0.0,0,0,1,0,0,0
MLI,478004,2021,478,4,1,1,3,1,1,0,1,1,1,1,0,0,1,0,0,1,1,1,0,0,0,1,1,0,,0.0,1.0,0.0,15.0,0.0,0,0,1,0,0,0
MLI,478005,2021,478,5,1,1,3,1,0,1,1,1,0,0,1,0,0,0,0,4,3,0,0,0,0,0,0,0,,,,,,,0,1,0,0,1,0
MLI,478006,2021,478,6,1,1,1,1,1,1,1,1,0,0,1,0,0,0,0,4,3,1,0,0,0,0,1,0,1.4729058742523193,,,,,,0,0,0,0,1,0
MLI,478007,2021,478,7,1,1,1,1,0,1,1,1,0,0,1,0,0,0,0,4,3,0,0,0,0,0,0,0,1.0430068969726562,2.0,0.0,0.0,0.0,17.0,0,0,1,0,1,0
MLI,478008,2021,478,8,1,1,1,1,0,1,1,1,0,0,1,0,0,0,0,4,3,0,0,0,0,0,0,0,,16.0,29.0,0.0,0.0,0.0,0,1,0,0,0,0
MLI,478009,2021,478,9,1,1,1,1,1,1,1,1,0,0,1,1,0,0,0,4,3,1,0,0,0,0,1,0,,,,,,,0,0,0,0,0,0
MLI,478010,2021,478,10,1,1,1,1,1,0,1,1,0,0,1,0,0,0,0,4,3,1,0,0,0,0,0,0,1.1273425817489624,1.0,0.0,11.0,0.0,0.0,1,1,1,1,0,0
MLI,478011,2021,478,11,1,1,1,1,1,0,1,1,0,0,1,0,0,0,0,4,3,0,0,0,0,0,0,0,2.01049667596817,2.0,2.0,0.0,0.0,6.0,0,1,1,0,0,0
MLI,478012,2021,478,12,1,1,1,1,1,0,1,1,0,0,1,0,0,0,0,4,3,0,0,0,0,0,0,0,,37.0,24.0,0.0,0.0,0.0,0,1,1,0,0,0
MLI,481001,2021,481,1,2,1,2,0,0,0,1,1,0,0,0,0,0,0,0,4,6,0,0,0,0,0,0,0,,,,,,,1,0,0,0,1,0
MLI,481002,2021,481,2,2,1,2,1,1,0,1,1,0,0,1,0,0,0,0,4,3,0,0,0,0,0,0,0,1.797555685043335,,,,,,0,0,1,0,1,0
MLI,481003,2021,481,3,2,1,2,0,1,0,1,1,0,0,1,0,0,0,0,4,3,0,0,0,0,0,0,0,,,,,,,0,0,0,0,1,0
MLI,481004,2021,481,4,2,1,2,0,0,0,1,1,0,0,1,0,0,0,0,4,3,0,0,0,0,0,0,0,,,,,,,0,0,0,0,1,0
MLI,481005,2021,481,5,2,1,2,1,0,1,1,1,0,0,0,0,0,0,0,4,5,0,0,0,0,0,0,0,,,,,,,0,0,0,0,0,0
MLI,481006,2021,481,6,2,1,2,0,0,0,1,1,0,0,0,0,0,0,0,4,5,0,0,0,0,0,0,0,2.192741632461548,10.0,10.0,0.0,0.0,0.0,1,0,0,0,0,0
MLI,481007,2021,481,7,2,1,2,1,1,1,1,1,0,0,1,0,0,0,0,4,3,0,0,0,0,0,0,0,2.071326494216919,,,,,,0,0,0,1,0,0
MLI,481008,2021,481,8,2,1,2,1,0,1,1,1,0,0,0,0,0,0,0,4,5,0,0,0,0,0,0,0,,,,,,,0,0,0,0,0,0
MLI,481009,2021,481,9,2,1,2,1,0,0,0,0,0,0,1,1,0,0,0,4,3,1,0,0,0,0,0,0,,,,,,,0,0,0,1,0,0
MLI,481010,2021,481,10,2,1,2,1,0,0,0,0,0,0,1,1,0,0,0,4,3,0,0,0,0,0,0,0,,,,,,,0,1,0,0,1,0
MLI,481011,2021,481,11,2,1,1,1,0,0,0,0,0,0,1,1,0,0,0,4,3,0,0,0,0,0,0,0,,,,,,,1,1,1,1,0,0
MLI,481012,2021,481,12,2,2,2,1,1,0,1,1,0,0,1,1,0,0,0,4,3,0,0,0,0,0,0,0,,,,,,,0,0,0,0,0,0
MLI,486001,2021,486,1,2,1,1,1,1,1,1,1,1,1,0,1,1,1,0,1,1,1,0,1,0,0,1,0,,,,,,,1,0,0,0,0,0
MLI,486002,2021,486,2,2,1,1,1,1,1,1,1,1,1,0,1,0,0,0,1,1,1,0,0,0,0,1,0,,,,,,,1,0,1,0,0,0
MLI,486003,2021,486,3,2,1,3,0,1,0,1,1,1,1,0,0,0,0,0,1,1,1,0,0,0,0,1,0,,,,,,,0,0,0,1,0,0
MLI,486004,2021,486,4,2,1,1,1,1,1,1,1,1,1,0,0,0,0,0,1,1,1,0,0,0,0,1,0,,,,,,,1,0,1,0,0,0
MLI,486005,2021,486,5,2,1,1,1,1,1,1,1,1,1,0,0,1,1,0,1,1,1,0,1,0,1,1,1,,,,,,,0,0,0,0,0,0
MLI,486006,2021,486,6,2,1,1,1,1,1,1,1,0,1,0,0,1,1,0,2,1,1,0,0,0,0,0,0,,,,,,,0,1,0,1,0,0
MLI,486007,2021,486,7,2,1,4,1,1,1,1,1,1,1,0,0,1,1,0,1,1,0,0,0,0,0,0,0,,,,,,,0,0,1,1,0,0
MLI,486008,2021,486,8,2,2,3,1,1,1,1,1,0,1,0,0,1,1,0,2,1,1,0,1,0,0,1,0,,,,,,,0,0,0,1,0,0
MLI,486009,2021,486,9,2,2,3,1,1,1,1,1,0,1,0,0,0,0,0,2,1,0,0,0,0,0,0,0,,,,,,,0,0,0,0,0,0
MLI,486010,2021,486,10,2,1,4,1,1,1,1,1,1,1,0,0,0,0,0,1,1,1,0,0,0,0,0,0,,,,,,,1,0,0,0,0,0
MLI,486011,2021,486,11,2,1,1,1,1,1,1,1,1,1,0,1,0,0,0,1,1,1,0,1,0,0,0,0,,,,,,,1,0,0,0,0,0
MLI,486012,2021,486,12,2,1,3,1,1,1,1,1,1,1,0,1,0,0,0,1,1,1,0,0,0,0,0,0,,,,,,,0,0,0,0,0,0
MLI,488001,2021,488,1,2,2,2,0,1,0,0,0,0,0,1,0,0,0,0,4,3,0,0,0,0,0,0,0,3.3165972232818604,11.0,0.0,0.0,0.0,0.0,0,1,0,0,0,0
MLI,488002,2021,488,2,2,1,2,0,1,0,1,1,0,0,0,0,0,0,0,4,5,0,0,0,0,0,0,0,3.8206348419189453,,,,,,0,1,1,0,0,0
MLI,488003,2021,488,3,2,1,2,0,1,0,1,1,0,0,1,0,0,0,0,4,3,0,0,0,0,0,0,0,3.2886388301849365,,,,,,0,1,1,0,0,0
MLI,488004,2021,488,4,2,2,2,1,0,0,0,0,0,0,1,0,0,0,0,4,3,0,0,0,0,0,0,0,9.329013586044312,2.0,6.0,0.0,0.0,3.0,0,1,1,0,0,0
MLI,488005,2021,488,5,2,1,2,0,1,0,0,0,0,0,1,0,0,0,0,4,3,0,0,0,0,0,0,0,10.751526832580566,6.0,0.0,0.0,0.0,10.0,0,0,1,0,0,0
MLI,488006,2021,488,6,2,1,2,0,0,1,0,0,0,0,1,0,0,0,0,4,3,0,0,0,0,0,0,0,17.78630518913269,12.0,22.0,0.0,0.0,0.0,0,0,0,1,1,0
MLI,488007,2021,488,7,2,1,2,1,1,1,0,0,0,0,0,0,0,0,0,4,6,0,0,0,0,0,0,0,2.7683968544006348,10.0,45.0,0.0,0.0,0.0,0,0,0,0,0,0
MLI,488008,2021,488,8,2,1,2,0,0,0,0,0,0,0,1,0,0,0,0,4,3,0,0,0,0,0,0,0,12.306484699249268,18.0,14.0,0.0,0.0,0.0,0,1,0,1,0,0
MLI,488009,2021,488,9,2,1,2,1,0,0,0,0,0,0,1,0,0,0,0,4,3,0,0,0,0,0,0,0,3.9129185676574707,4.0,14.0,0.0,0.0,0.0,0,1,1,0,0,0
MLI,488010,2021,488,10,2,1,2,1,0,0,0,0,0,0,1,0,0,0,0,4,3,0,0,0,0,0,0,0,13.366124629974365,2.0,3.0,0.0,0.0,0.0,1,1,1,0,0,0
MLI,488011,2021,488,11,2,1,2,1,0,0,0,0,0,0,1,0,0,0,0,4,3,1,0,0,0,0,0,0,15.219459533691406,8.0,4.0,0.0,0.0,0.0,0,1,1,0,0,0
MLI,488012,2021,488,12,2,2,2,0,1,0,0,0,0,0,1,0,0,0,0,4,3,0,0,0,0,0,0,0,,,,,,,0,0,1,0,0,0
MLI,491001,2021,491,1,2,1,4,1,1,1,1,1,1,1,0,1,0,0,1,1,1,0,0,1,0,0,0,0,,,,,,,1,0,1,0,0,0
MLI,491002,2021,491,2,2,2,3,1,1,1,0,0,1,1,0,0,0,0,1,1,1,1,0,0,0,0,0,0,,,,,,,0,0,1,0,0,0
MLI,491003,2021,491,3,2,1,3,1,1,1,1,1,0,1,0,1,0,0,1,4,1,1,0,0,0,0,1,0,,,,,,,0,0,1,0,0,0
MLI,491004,2021,491,4,2,1,1,1,1,1,1,1,1,1,0,1,0,1,1,1,1,1,0,1,0,0,1,0,,,,,,,0,0,1,0,0,0
MLI,491005,2021,491,5,2,2,3,1,1,1,0,0,1,0,1,1,0,0,1,1,2,0,0,0,0,0,0,0,,,,,,,0,0,1,0,0,0
MLI,491006,2021,491,6,2,2,3,1,1,1,1,1,1,1,0,0,0,0,0,1,1,1,0,1,0,0,0,0,,,,,,,0,0,0,0,0,0
MLI,491007,2021,491,7,2,2,3,1,1,1,1,1,1,1,0,0,0,1,1,1,1,1,0,1,0,0,1,0,,0.0,0.0,0.0,0.0,5.0,0,0,1,0,0,0
MLI,491008,2021,491,8,2,2,4,1,1,1,1,1,0,0,1,0,1,1,1,4,3,0,0,0,0,0,0,0,,,,,,,0,0,1,0,0,0
MLI,491009,2021,491,9,2,1,1,1,1,1,1,1,1,0,1,1,1,1,1,1,2,1,0,0,0,0,0,0,,,,,,,1,0,0,0,0,0
MLI,491010,2021,491,10,2,2,3,1,1,1,1,1,0,0,0,1,0,0,0,4,5,0,0,0,0,0,0,0,,,,,,,0,0,1,0,0,0
MLI,491011,2021,491,11,2,2,1,1,1,1,1,1,1,0,1,1,1,1,1,1,2,1,0,1,0,0,0,1,,1.0,0.0,0.0,0.0,0.0,0,0,1,0,0,0
MLI,491012,2021,491,12,2,2,3,1,1,1,0,0,0,0,1,0,0,1,1,4,3,0,0,0,0,0,0,0,,,,,,,0,0,0,1,0,0
MLI,492001,2021,492,1,1,1,2,1,0,1,1,1,0,0,1,1,0,0,0,4,3,1,0,0,0,0,0,0,8.190000057220459,52.0,22.0,0.0,0.0,19.0,1,1,0,0,0,0
MLI,492002,2021,492,2,1,2,2,1,0,1,1,1,0,0,1,1,0,0,0,4,3,0,0,0,0,0,0,0,11.710000038146973,1.0,2.0,0.0,0.0,8.0,0,1,0,0,0,0
MLI,492003,2021,492,3,1,1,2,1,0,1,1,1,0,0,1,1,0,0,0,4,3,1,0,0,0,0,0,0,5.239999771118164,5.0,20.0,0.0,0.0,18.0,0,1,0,0,0,0
MLI,492004,2021,492,4,1,1,2,1,0,1,1,1,0,0,1,1,0,1,0,4,3,1,0,0,0,0,0,0,11.940000057220459,32.0,60.0,0.0,0.0,21.0,0,1,0,1,0,0
MLI,492005,2021,492,5,1,1,2,0,0,0,1,1,0,0,1,1,0,0,0,4,3,0,0,0,0,0,0,0,16.639999866485596,17.0,27.0,0.0,0.0,13.0,0,1,0,0,0,0
MLI,492006,2021,492,6,1,2,2,0,0,0,1,1,0,0,0,1,0,0,0,4,6,0,0,0,0,0,0,0,4.349999904632568,21.0,0.0,0.0,0.0,1.0,0,1,0,0,0,0
MLI,492007,2021,492,7,1,2,2,0,1,1,1,1,0,0,1,1,0,0,0,4,3,1,0,0,0,0,0,0,9.850000381469727,41.0,10.0,0.0,0.0,10.0,0,1,0,0,0,0
MLI,492008,2021,492,8,1,2,2,0,0,1,1,1,0,0,1,1,0,0,0,4,3,0,0,0,0,0,0,0,9.339999675750732,4.0,17.0,0.0,0.0,30.0,1,1,0,0,0,0
MLI,492009,2021,492,9,1,1,2,0,1,0,1,1,0,0,1,1,0,0,0,4,3,0,0,0,0,0,0,0,6.019999980926514,48.0,28.0,0.0,0.0,39.0,0,1,0,0,0,0
MLI,492010,2021,492,10,1,1,2,0,0,0,1,1,0,0,0,1,0,0,0,4,6,0,0,0,0,0,0,0,1.899999976158142,3.0,3.0,0.0,0.0,5.0,1,1,0,0,0,0
MLI,492011,2021,492,11,1,1,2,0,1,0,1,1,0,0,1,1,0,0,0,4,3,0,0,0,0,0,0,0,2.359999895095825,4.0,9.0,0.0,0.0,5.0,0,0,0,0,0,0
MLI,492012,2021,492,12,1,2,2,0,1,0,1,1,0,0,1,1,0,0,0,4,3,0,0,0,0,0,0,0,3.709999978542328,11.0,6.0,0.0,0.0,10.0,1,1,0,0,0,0
MLI,494001,2021,494,1,2,1,2,0,0,0,0,0,0,0,1,0,0,0,0,4,3,0,0,0,0,0,0,0,9.367000102996826,9.0,10.0,0.0,0.0,0.0,1,1,1,0,0,0
MLI,494002,2021,494,2,2,1,2,0,0,0,1,1,0,0,1,0,0,0,0,4,3,0,0,0,0,0,0,0,6.320000052452087,0.0,5.0,0.0,0.0,0.0,1,1,1,0,0,0
MLI,494003,2021,494,3,2,1,2,0,1,0,0,0,0,0,1,0,0,0,0,4,3,0,0,0,0,0,0,0,0.7989999800920486,,,,,,0,1,1,0,0,0
MLI,494004,2021,494,4,2,1,2,0,0,0,0,0,0,0,1,0,0,0,0,4,3,0,0,0,0,0,0,0,5.1600000858306885,2.0,12.0,0.0,0.0,0.0,1,1,0,0,0,0
MLI,494005,2021,494,5,2,1,2,1,1,1,1,0,0,0,1,0,0,0,0,4,3,0,0,0,0,0,0,0,17.292999267578125,11.0,19.0,0.0,0.0,5.0,1,0,1,1,0,0
MLI,494006,2021,494,6,2,2,2,1,0,0,0,0,0,0,1,0,0,0,0,4,3,0,0,0,0,0,0,0,3.9657001346349716,1.0,0.0,0.0,0.0,30.0,0,1,0,0,0,0
MLI,494007,2021,494,7,2,1,1,1,1,1,1,0,0,0,1,0,0,0,0,4,3,0,0,0,0,0,0,0,17.714200258255005,33.0,109.0,0.0,0.0,49.0,0,1,1,0,0,0
MLI,494008,2021,494,8,2,2,2,1,1,1,1,1,0,0,1,0,0,0,0,4,3,1,0,0,0,0,0,0,1.4256999492645264,3.0,15.0,0.0,0.0,10.0,1,0,0,0,0,0
MLI,494009,2021,494,9,2,1,2,1,0,0,0,0,0,0,1,0,0,0,0,4,3,1,0,0,0,0,0,0,3.3140000104904175,3.0,8.0,0.0,0.0,10.0,0,1,1,0,0,0
MLI,494010,2021,494,10,2,1,2,1,0,0,0,0,0,0,1,0,0,0,0,4,3,1,0,0,0,0,0,0,14.827000141143799,8.0,53.0,0.0,0.0,18.0,1,0,0,0,0,0
MLI,494011,2021,494,11,2,1,2,1,0,0,0,0,0,0,1,0,0,0,0,4,3,0,0,0,0,0,0,0,16.65791094303131,3.0,11.0,0.0,0.0,4.0,0,1,1,0,0,0
MLI,494012,2021,494,12,2,1,2,1,0,0,0,0,0,0,1,0,0,0,0,4,3,1,0,0,0,0,0,0,8.179999947547913,5.0,7.0,0.0,0.0,6.0,1,0,0,0,0,0
MLI,495001,2021,495,1,2,1,3,1,1,1,1,1,1,1,0,1,0,0,1,1,1,1,0,1,0,0,1,0,,,,,,,0,0,1,0,0,0
MLI,495002,2021,495,2,2,1,3,1,1,1,1,1,1,1,0,1,0,0,1,1,1,1,0,1,0,0,1,0,,,,,,,0,0,1,0,0,0
MLI,495003,2021,495,3,2,1,3,1,1,1,1,1,1,1,0,1,0,0,1,1,1,1,0,1,0,0,1,0,,,,,,,0,0,1,0,0,0
MLI,495004,2021,495,4,2,1,1,1,1,1,1,1,1,1,0,1,0,1,1,1,1,1,0,0,0,0,1,0,,,,,,,0,0,1,0,0,0
MLI,495005,2021,495,5,2,1,3,1,1,1,1,1,0,0,0,0,0,0,1,4,6,0,0,0,0,0,0,0,,,,,,,0,0,0,0,0,0
MLI,495006,2021,495,6,2,1,4,1,1,1,1,1,1,1,0,1,1,1,1,1,1,0,0,0,0,0,0,0,,2.0,0.0,0.0,0.0,0.0,1,0,0,0,0,0
MLI,495007,2021,495,7,2,1,1,1,1,1,1,1,1,1,0,1,0,1,1,1,1,1,0,0,0,0,1,0,,,,,,,0,0,0,0,0,0
MLI,495008,2021,495,8,2,1,3,1,1,1,1,1,1,1,0,0,0,0,1,1,1,1,0,0,0,0,1,0,,,,,,,0,0,0,0,0,0
MLI,495009,2021,495,9,2,1,1,1,1,1,1,1,1,0,1,1,0,1,1,1,2,1,0,1,0,0,0,0,,0.0,3.0,0.0,0.0,4.0,0,0,0,0,0,0
MLI,495010,2021,495,10,2,1,1,1,1,1,1,1,1,0,1,1,0,0,1,1,2,1,0,0,0,0,0,0,,,,,,,0,0,0,0,0,0
MLI,495011,2021,495,11,2,2,3,1,1,1,1,1,1,0,1,1,1,1,1,1,2,1,0,0,0,0,0,0,,,,,,,0,0,0,0,0,0
MLI,495012,2021,495,12,2,1,1,1,1,1,1,1,1,0,1,1,1,1,1,1,2,1,0,1,0,0,0,1,,,,,,,0,1,0,1,0,0
MLI,497001,2021,497,1,1,2,3,1,1,1,1,1,1,1,0,0,1,1,1,1,1,1,1,1,0,0,1,1,,,,,,,0,0,0,0,0,0
MLI,497002,2021,497,2,1,1,4,1,1,0,1,1,0,0,0,0,0,0,0,4,6,0,0,0,0,0,0,0,,,,,,,0,0,1,0,0,0
MLI,497003,2021,497,3,1,2,3,1,1,1,1,1,1,1,0,1,1,1,0,1,1,1,1,1,0,0,1,0,,,,,,,0,0,0,0,0,0
MLI,497004,2021,497,4,1,1,1,1,1,1,1,1,0,0,1,1,1,1,1,2,2,1,1,1,0,0,1,1,,0.0,0.0,0.0,0.0,6.0,1,0,0,0,0,0
MLI,497005,2021,497,5,1,1,3,1,1,1,1,1,0,1,0,1,0,0,0,2,1,1,0,0,0,0,1,0,,0.0,4.0,0.0,0.0,20.0,0,0,0,0,0,0
MLI,497006,2021,497,6,1,2,3,1,1,1,1,1,1,1,0,1,1,1,1,1,1,1,0,0,0,0,1,0,,,,,,,0,0,1,0,0,0
MLI,497007,2021,497,7,1,2,1,1,1,1,1,1,1,1,0,1,1,1,1,1,1,1,1,1,0,0,0,0,,,,,,,0,0,0,0,0,0
MLI,497008,2021,497,8,1,1,1,1,1,1,1,1,0,1,0,1,1,1,1,3,1,1,0,1,0,0,0,0,,0.0,0.0,0.0,0.0,6.0,1,1,0,0,0,0
MLI,497009,2021,497,9,1,2,1,1,1,1,1,1,1,1,0,1,1,1,0,1,1,1,0,1,0,1,1,1,,0.0,2.0,0.0,0.0,10.0,0,0,0,0,0,0
MLI,497010,2021,497,10,1,1,1,1,1,1,1,1,1,1,0,0,1,1,0,1,1,1,0,1,0,1,1,1,,,,,,,0,0,0,0,0,0
MLI,497011,2021,497,11,1,1,1,1,1,1,1,1,1,1,0,1,1,0,0,1,1,1,0,1,0,0,1,0,,0.0,3.0,0.0,0.0,10.0,0,0,0,0,0,0
MLI,497012,2021,497,12,1,1,1,1,1,1,1,1,1,1,0,1,1,1,1,1,1,1,0,1,0,0,1,1,,,,,,,0,0,0,0,0,0
MLI,498001,2021,498,1,1,1,2,1,1,0,1,1,0,0,1,1,0,0,0,4,3,0,0,0,0,0,0,0,6.64999994635582,3.0,2.0,0.0,0.0,2.0,0,1,0,0,0,0
MLI,498002,2021,498,2,1,1,2,1,1,0,1,1,0,0,1,0,0,0,0,4,3,0,0,0,0,0,0,0,22.27999997138977,22.0,15.0,0.0,0.0,45.0,1,1,1,0,0,0
MLI,498003,2021,498,3,1,1,2,1,1,0,1,1,0,0,1,1,0,0,0,4,3,0,0,0,0,0,0,0,6.469999998807907,7.0,13.0,0.0,0.0,50.0,0,1,0,0,0,0
MLI,498004,2021,498,4,1,2,2,1,1,0,1,1,0,0,1,0,0,0,0,4,3,0,0,0,0,0,0,0,1.7239999771118164,8.0,10.0,0.0,0.0,18.0,1,1,0,0,0,0
MLI,498005,2021,498,5,1,1,2,1,1,0,0,0,0,0,1,1,0,0,0,4,3,1,0,0,0,0,0,0,3.2900000512599945,4.0,4.0,0.0,0.0,0.0,1,1,0,0,0,0
MLI,498006,2021,498,6,1,1,2,0,0,0,1,1,0,0,1,1,0,0,0,4,3,0,0,0,0,0,0,0,14.819999694824219,7.0,14.0,0.0,0.0,24.0,0,0,0,0,0,0
MLI,498007,2021,498,7,1,2,2,0,1,0,1,1,0,0,1,1,0,0,0,4,3,1,0,0,0,0,1,0,4.319999992847443,8.0,7.0,0.0,0.0,20.0,1,1,0,0,0,0
MLI,498008,2021,498,8,1,1,2,1,1,1,1,1,0,0,1,1,0,0,0,4,3,1,0,0,0,0,0,0,8.236915111541748,9.0,24.0,0.0,0.0,26.0,0,1,0,1,0,0
MLI,498009,2021,498,9,1,1,2,1,0,0,1,1,0,0,1,1,0,1,0,4,3,1,0,0,0,0,0,0,7.896200180053711,12.0,15.0,0.0,0.0,18.0,1,1,1,0,0,0
MLI,498010,2021,498,10,1,1,2,0,1,0,1,1,0,0,1,1,0,0,0,4,3,0,0,0,0,0,0,0,18.361695885658264,13.0,9.0,0.0,0.0,30.0,1,1,1,1,0,0
MLI,498011,2021,498,11,1,1,2,1,0,1,0,0,0,0,1,1,0,0,0,4,3,1,0,0,0,0,1,0,8.839999854564667,20.0,10.0,0.0,0.0,30.0,0,1,1,0,0,0
MLI,498012,2021,498,12,1,1,2,0,1,0,1,1,0,0,1,0,0,0,0,4,3,1,0,0,0,0,0,0,10.759999930858612,3.0,5.0,0.0,0.0,4.0,0,1,1,0,0,0
MLI,505001,2021,505,1,1,1,1,1,1,1,1,1,1,1,0,1,0,0,0,1,1,1,0,0,0,1,1,0,,0.0,7.0,0.0,0.0,16.0,0,0,1,0,0,0
MLI,505002,2021,505,2,1,1,1,1,1,1,1,1,1,0,1,0,1,0,0,1,2,1,0,1,0,1,1,0,,0.0,5.0,0.0,0.0,15.0,1,0,1,0,0,0
MLI,505003,2021,505,3,1,2,4,1,1,1,1,1,1,0,1,1,0,0,1,1,2,1,0,0,0,0,1,0,,,,,,,0,0,0,0,0,0
MLI,505004,2021,505,4,1,1,1,1,1,1,1,1,1,1,0,1,1,1,1,1,1,1,1,1,1,1,1,1,,,,,,,0,0,0,0,0,0
MLI,505005,2021,505,5,1,1,1,1,1,1,1,1,1,1,0,1,1,1,0,1,1,1,0,1,0,0,1,1,,,,,,,1,0,0,0,0,0
MLI,505006,2021,505,6,1,2,3,1,1,1,1,1,1,1,0,1,0,0,1,1,1,1,0,0,0,0,1,0,,,,,,,0,0,0,0,0,0
MLI,505007,2021,505,7,1,1,3,1,1,1,1,1,1,1,0,1,0,1,0,1,1,1,0,0,0,1,1,0,,,,,,,0,0,0,0,0,0
MLI,505008,2021,505,8,1,2,1,1,1,1,1,1,1,1,0,1,0,1,0,1,1,1,0,1,0,1,1,0,,,,,,,1,0,0,0,0,0
MLI,505009,2021,505,9,1,2,1,1,1,1,1,1,1,1,0,0,0,0,0,1,1,1,0,0,0,0,0,0,,,,,,,0,0,0,0,0,0
MLI,505010,2021,505,10,1,2,1,1,1,1,0,0,1,1,0,1,0,0,0,1,1,1,0,0,0,0,1,0,1.7490216493606567,,,,,,0,1,1,0,1,0
MLI,505011,2021,505,11,1,1,3,1,1,1,0,0,1,1,0,0,0,0,0,1,1,0,0,0,0,0,0,0,,,,,,,0,0,0,0,0,0
MLI,505012,2021,505,12,1,2,1,1,1,1,1,1,1,1,0,0,0,0,0,1,1,1,0,0,0,0,1,0,,,,,,,0,0,0,0,0,0
MLI,507001,2021,507,1,1,1,2,0,1,1,1,1,0,0,1,1,0,0,0,4,3,1,0,0,0,0,1,0,18.31999969482422,18.0,65.0,0.0,0.0,10.0,0,1,0,0,0,0
MLI,507002,2021,507,2,1,1,2,0,1,1,1,1,0,0,1,1,0,0,0,4,3,1,0,0,0,0,0,0,11.569999933242798,2.0,10.0,0.0,0.0,5.0,0,1,0,0,0,0
MLI,507003,2021,507,3,1,1,2,0,0,1,1,1,0,0,1,1,0,0,0,4,3,1,0,0,0,0,0,0,23.320000171661377,2.0,11.0,0.0,0.0,8.0,1,1,1,0,0,0
MLI,507004,2021,507,4,1,1,2,0,1,1,1,1,0,0,1,1,0,0,0,4,3,1,0,0,0,0,0,0,8.64331340789795,2.0,9.0,0.0,0.0,10.0,0,1,0,0,0,0
MLI,507005,2021,507,5,1,1,2,1,1,0,1,1,0,0,1,1,0,0,0,4,3,1,0,0,0,0,1,0,6.570526123046875,0.0,6.0,0.0,0.0,16.0,0,1,0,0,0,0
MLI,507006,2021,507,6,1,1,2,1,1,0,1,1,0,0,1,1,0,0,0,4,3,1,0,0,0,0,0,0,3.8000000715255737,0.0,11.0,0.0,0.0,55.0,0,1,0,0,0,0
MLI,507007,2021,507,7,1,1,2,1,1,1,1,1,0,0,1,1,0,0,0,4,3,1,0,0,0,0,1,0,10.570000171661377,2.0,5.0,0.0,0.0,0.0,0,1,0,0,0,0
MLI,507008,2021,507,8,1,1,2,1,1,1,1,1,0,0,1,1,0,1,0,4,3,1,0,0,0,0,1,0,35.84999990463257,3.0,35.0,0.0,0.0,15.0,0,1,0,0,1,0
MLI,507009,2021,507,9,1,1,2,0,1,0,1,1,0,0,1,1,0,0,0,4,3,1,0,0,0,0,0,0,13.619999647140503,17.0,24.0,0.0,0.0,8.0,0,1,0,0,0,0
MLI,507010,2021,507,10,1,1,2,0,1,0,1,1,0,0,1,1,0,0,0,4,3,1,0,0,0,0,1,0,8.611636519432068,3.0,15.0,0.0,0.0,16.0,1,1,1,0,0,0
MLI,507011,2021,507,11,1,1,2,0,1,0,1,1,0,0,1,1,0,0,0,4,3,0,0,0,0,0,0,0,5.058721542358398,3.0,4.0,0.0,0.0,16.0,0,1,0,0,0,0
MLI,507012,2021,507,12,1,1,2,0,1,0,1,1,0,0,1,1,0,0,0,4,3,0,0,0,0,0,0,0,2.4100000262260437,1.0,3.0,0.0,0.0,10.0,0,1,1,0,0,0
MLI,510001,2021,510,1,2,1,1,0,1,0,1,1,0,0,1,0,0,0,0,4,3,0,0,0,0,0,0,0,2.78049898147583,4.0,5.0,0.0,0.0,2.0,1,1,1,0,0,0
MLI,510002,2021,510,2,2,2,3,1,1,1,1,1,1,1,0,0,1,1,1,1,1,1,0,1,0,0,1,0,,,,,,,1,0,0,0,0,0
MLI,510003,2021,510,3,2,1,1,0,1,0,1,1,0,0,1,0,0,0,0,4,3,0,0,0,0,0,0,0,,0.0,0.0,0.0,0.0,10.0,1,0,0,0,0,0
MLI,510004,2021,510,4,2,2,1,0,1,0,1,1,0,0,1,0,0,0,0,4,3,1,0,0,0,0,0,0,,,,,,,1,0,0,0,0,0
MLI,510005,2021,510,5,2,1,1,1,1,1,1,1,1,1,0,1,1,1,0,1,1,1,0,0,0,0,0,0,3.84781813621521,4.0,11.0,0.0,0.0,0.0,0,1,0,0,0,0
MLI,510006,2021,510,6,2,1,1,1,1,1,1,1,1,1,0,0,1,1,0,1,1,1,0,1,0,0,0,0,,,,,,,0,0,0,0,0,0
MLI,510007,2021,510,7,2,2,3,0,1,0,1,1,0,0,0,0,0,1,0,4,5,0,0,0,0,0,0,0,,,,,,,1,0,0,0,0,0
MLI,510008,2021,510,8,2,1,2,1,1,1,1,1,0,0,1,0,1,1,0,4,3,1,0,0,0,0,0,0,,,,,,,0,0,0,0,0,0
MLI,510009,2021,510,9,2,1,1,1,1,0,1,1,1,1,0,0,0,0,0,1,1,1,0,0,0,0,0,0,,,,,,,0,0,0,0,0,0
MLI,510010,2021,510,10,2,1,1,1,1,1,1,1,1,1,0,0,0,0,0,1,1,0,0,0,0,0,0,0,,7.0,22.0,0.0,0.0,0.0,0,0,0,0,0,0
MLI,510011,2021,510,11,2,1,1,1,1,1,1,1,1,1,0,0,0,0,0,1,1,0,0,0,0,0,0,0,,0.0,3.0,0.0,0.0,0.0,1,0,0,0,0,0
MLI,510012,2021,510,12,2,1,4,1,1,0,1,1,0,0,1,0,0,0,0,4,3,0,0,0,0,0,0,0,,,,,,,0,0,1,0,0,0
MLI,512001,2021,512,1,2,1,2,0,1,0,1,1,0,0,1,1,0,0,0,4,3,1,0,0,0,0,1,0,4.4900001138448715,7.0,25.0,0.0,0.0,30.0,1,1,1,0,0,0
MLI,512002,2021,512,2,2,1,2,0,1,0,0,0,0,0,1,1,0,0,0,4,3,0,0,0,0,0,0,0,1.8799999952316284,3.0,9.0,0.0,0.0,15.0,1,1,1,1,0,0
MLI,512003,2021,512,3,2,1,2,0,1,0,0,0,0,0,1,1,0,0,0,4,3,0,0,0,0,0,0,0,3.1299999356269836,3.0,1.0,0.0,0.0,27.0,0,1,0,0,0,0
MLI,512004,2021,512,4,2,1,2,0,1,0,0,0,0,0,1,1,0,0,0,4,3,1,0,0,0,0,1,0,1.4300000071525574,3.0,5.0,0.0,0.0,15.0,1,1,1,0,0,0
MLI,512005,2021,512,5,2,1,2,0,0,0,1,1,0,0,1,0,1,1,0,4,3,0,0,0,0,0,0,0,2.8632469177246094,4.0,19.0,0.0,0.0,60.0,0,1,0,0,0,0
MLI,512006,2021,512,6,2,1,2,0,1,0,0,0,0,0,1,0,1,1,0,4,3,0,0,0,0,0,0,0,2.261000007390976,5.0,12.0,0.0,0.0,44.0,0,1,0,0,0,0
MLI,512007,2021,512,7,2,1,2,0,0,0,1,1,0,0,1,0,1,1,0,4,3,0,0,0,0,0,0,0,4.976000010967255,6.0,13.0,0.0,0.0,12.0,0,1,0,0,0,0
MLI,512008,2021,512,8,2,1,2,0,0,0,1,1,0,0,1,0,1,1,0,4,3,0,0,0,0,0,0,0,1.7669999599456787,3.0,8.0,0.0,0.0,16.0,0,1,0,0,0,0
MLI,512009,2021,512,9,2,1,2,1,0,0,1,1,0,0,1,0,0,0,0,4,3,1,0,0,0,0,0,0,0.8599999696016312,3.0,0.0,0.0,0.0,0.0,0,1,0,1,0,0
MLI,512010,2021,512,10,2,1,2,1,1,1,0,0,0,0,1,0,0,0,0,4,3,1,0,0,0,0,0,0,4.2700000405311584,22.0,10.0,0.0,0.0,0.0,0,1,1,0,0,0
MLI,512011,2021,512,11,2,1,2,1,0,0,1,1,0,0,1,0,0,0,0,4,3,0,0,0,0,0,0,0,3.150000035762787,1.0,5.0,0.0,0.0,0.0,0,1,0,0,0,0
MLI,512012,2021,512,12,2,1,2,1,1,0,1,1,0,0,1,0,0,0,0,4,3,1,0,0,0,0,0,0,2.9600000381469727,12.0,16.0,0.0,0.0,0.0,0,1,1,0,0,0
MLI,513001,2021,513,1,1,1,1,1,1,1,1,1,1,1,0,1,0,0,1,1,1,1,0,0,0,0,1,0,,,,,,,0,0,0,0,0,0
MLI,513002,2021,513,2,1,1,1,1,1,1,0,0,1,1,0,1,0,0,0,1,1,1,0,1,0,0,1,0,,,,,,,1,0,0,1,0,0
MLI,513003,2021,513,3,1,1,1,1,1,1,1,1,1,1,0,0,0,0,0,1,1,1,0,0,0,0,1,0,,,,,,,1,0,0,0,0,0
MLI,513004,2021,513,4,1,1,1,1,1,1,1,1,1,1,0,1,1,0,0,1,1,1,0,0,0,0,1,0,,,,,,,0,0,0,0,0,0
MLI,513005,2021,513,5,1,2,3,1,1,1,1,1,0,0,1,1,1,0,0,4,3,1,0,0,0,0,0,0,,,,,,,0,0,0,0,0,0
MLI,513006,2021,513,6,1,2,1,1,1,0,1,1,1,0,1,0,0,0,0,1,2,1,0,0,0,0,0,0,,,,,,,0,0,0,0,0,0
MLI,513007,2021,513,7,1,1,1,1,1,1,1,1,1,1,0,1,1,1,0,1,1,1,0,0,0,0,1,0,,,,,,,0,0,0,0,0,0
MLI,513008,2021,513,8,1,1,1,1,1,0,1,1,1,1,0,1,0,0,0,1,1,1,0,0,0,0,1,0,,,,,,,0,0,0,0,0,0
MLI,513009,2021,513,9,1,2,1,1,1,1,0,0,1,1,0,1,0,0,0,1,1,1,0,1,0,0,0,0,,,,,,,0,0,0,0,0,0
MLI,513010,2021,513,10,1,1,3,1,1,1,1,1,1,1,0,1,0,0,0,1,1,1,0,1,0,1,1,0,,,,,,,0,0,0,0,0,0
MLI,513011,2021,513,11,1,1,3,0,1,0,1,1,0,1,0,1,0,0,0,2,1,1,0,0,0,0,0,0,,,,,,,0,0,0,0,0,0
MLI,513012,2021,513,12,1,2,3,1,1,1,1,1,1,1,0,1,1,1,0,1,1,1,0,1,0,0,1,0,,,,,,,0,0,0,0,0,0
MLI,514001,2021,514,1,1,1,2,1,1,0,1,1,0,0,1,0,0,0,1,4,3,0,0,0,0,0,0,0,20.270467162132263,5.0,5.0,0.0,0.0,6.0,1,1,1,0,0,0
MLI,514002,2021,514,2,1,1,2,1,1,0,1,1,0,0,1,0,0,0,0,4,3,0,0,0,0,0,0,0,4.302413672208786,6.0,10.0,0.0,0.0,40.0,0,1,1,0,0,0
MLI,514003,2021,514,3,1,1,2,0,1,0,1,1,0,0,1,0,0,0,0,4,3,1,0,0,0,0,0,0,4.948646187782288,10.0,11.0,0.0,0.0,10.0,1,1,1,0,0,0
MLI,514004,2021,514,4,1,1,1,0,1,1,0,0,0,0,1,0,0,0,0,4,3,0,0,0,0,0,0,0,1.0407205820083618,2.0,0.0,0.0,0.0,4.0,0,1,0,1,0,0
MLI,514005,2021,514,5,1,1,2,1,0,1,1,1,0,0,1,1,0,0,0,4,3,1,0,0,0,0,1,0,5.39220005273819,10.0,19.0,0.0,0.0,33.0,1,1,0,0,0,0
MLI,514006,2021,514,6,1,1,2,1,1,1,1,1,0,0,1,1,1,0,0,4,3,0,0,0,0,0,0,0,7.864636540412903,2.0,6.0,0.0,0.0,12.0,0,0,1,1,0,0
MLI,514007,2021,514,7,1,1,2,1,1,1,1,1,0,0,1,1,0,0,0,4,3,1,0,1,0,0,1,0,5.13644015789032,7.0,12.0,0.0,0.0,35.0,0,1,0,0,0,0
MLI,514008,2021,514,8,1,1,2,1,1,1,1,1,0,0,1,1,0,0,0,4,3,1,0,0,0,0,1,0,4.092609763145447,8.0,3.0,0.0,0.0,33.0,1,1,1,0,0,0
MLI,514009,2021,514,9,1,1,2,1,1,0,0,1,0,0,1,1,0,0,0,4,3,0,0,0,0,0,0,0,2.3500000536441803,3.0,0.0,0.0,0.0,22.0,0,1,1,0,0,0
MLI,514010,2021,514,10,1,1,2,1,1,1,1,1,0,0,1,1,0,0,0,4,3,1,0,0,0,0,0,0,14.794800162315369,11.0,6.0,0.0,0.0,0.0,0,0,0,1,0,0
MLI,514011,2021,514,11,1,1,2,1,0,0,1,0,0,0,1,0,0,0,0,4,3,0,0,0,0,0,0,0,3.0799999833106995,5.0,1.0,0.0,0.0,24.0,0,1,0,0,0,0
MLI,514012,2021,514,12,1,1,2,1,0,0,1,1,0,0,1,1,0,0,0,4,3,0,0,0,0,0,0,0,3.149999976158142,3.0,0.0,0.0,0.0,20.0,0,1,0,0,0,0
MLI,515001,2021,515,1,1,1,2,1,0,0,1,1,0,0,1,0,0,0,0,4,3,1,0,0,0,0,0,0,7.448599934577942,2.0,1.0,0.0,0.0,11.0,1,1,1,0,0,0
MLI,515002,2021,515,2,1,1,2,0,1,0,1,1,0,0,1,1,0,0,0,4,3,1,0,0,0,0,0,0,9.231300115585327,20.0,0.0,0.0,0.0,25.0,1,1,0,0,0,0
MLI,515003,2021,515,3,1,1,2,0,0,0,0,0,0,0,1,1,0,0,0,4,3,0,0,0,0,0,0,0,10.472000122070312,7.0,4.0,0.0,0.0,15.0,1,0,1,0,0,0
MLI,515004,2021,515,4,1,1,2,0,0,0,1,1,0,0,1,1,0,0,0,4,3,0,0,0,0,0,0,0,8.488799810409546,0.0,9.0,0.0,0.0,14.0,0,1,1,0,0,0
MLI,515005,2021,515,5,1,1,2,1,1,0,0,0,0,0,1,0,0,0,0,4,3,0,0,0,0,0,0,0,3.053299978375435,14.0,4.0,0.0,0.0,3.0,0,1,0,0,0,0
MLI,515006,2021,515,6,1,1,2,1,1,0,1,1,0,0,1,0,0,0,0,4,3,0,0,0,0,0,0,0,24.711300373077393,11.0,50.0,0.0,0.0,56.0,1,1,1,1,0,0
MLI,515007,2021,515,7,1,1,2,1,1,1,1,1,0,0,1,0,0,0,0,4,3,0,1,0,0,0,0,0,14.956799864768982,19.0,20.0,0.0,0.0,10.0,1,1,0,0,0,0
MLI,515008,2021,515,8,1,1,1,1,1,0,1,1,0,0,1,0,0,0,0,4,3,0,0,0,0,0,0,0,14.008399933576584,7.0,14.0,0.0,0.0,27.0,0,1,0,0,0,0
MLI,515009,2021,515,9,1,1,2,1,1,0,0,1,0,0,1,0,0,0,0,4,3,0,0,0,0,0,0,0,4.864399969577789,16.0,5.0,0.0,0.0,37.0,0,1,1,1,0,0
MLI,515010,2021,515,10,1,1,2,1,0,0,0,0,0,0,1,0,0,0,0,4,3,0,0,0,0,0,0,0,3.1273000687360764,7.0,10.0,0.0,0.0,15.0,0,1,1,1,1,0
MLI,515011,2021,515,11,1,1,2,1,1,1,0,1,0,0,1,0,0,0,0,4,3,0,0,0,0,0,0,0,4.065799981355667,5.0,7.0,0.0,0.0,10.0,0,1,1,1,0,0
MLI,515012,2021,515,12,1,1,2,1,1,1,1,1,0,0,1,0,0,0,0,4,3,1,0,0,0,0,0,0,17.0246000289917,45.0,50.0,0.0,0.0,55.0,0,1,1,1,0,0
MLI,517001,2021,517,1,2,1,2,0,0,0,1,1,0,0,1,0,0,0,0,4,3,0,0,0,0,0,0,0,6.02700001001358,0.0,5.0,0.0,0.0,0.0,0,1,0,0,0,0
MLI,517002,2021,517,2,2,1,2,0,0,0,1,1,0,0,1,0,0,0,0,4,3,0,0,0,0,0,0,0,9.748132824897766,2.0,4.0,0.0,0.0,0.0,0,1,1,0,0,0
MLI,517003,2021,517,3,2,1,2,0,0,0,1,1,0,0,1,0,0,0,0,4,3,0,0,0,0,0,0,0,4.758000031113625,0.0,2.0,0.0,0.0,0.0,1,1,1,0,0,0
MLI,517004,2021,517,4,2,1,2,0,0,0,1,1,0,0,1,0,0,0,0,4,3,1,0,0,0,0,1,0,3.473000019788742,,,,,,0,1,1,0,0,0
MLI,517005,2021,517,5,2,1,2,1,1,1,1,1,0,0,1,0,0,0,0,4,3,0,0,0,0,0,0,0,12.501999855041504,2.0,7.0,0.0,0.0,20.0,1,0,1,0,0,0
MLI,517006,2021,517,6,2,1,2,1,1,1,1,1,0,0,1,0,0,0,0,4,3,0,0,0,0,0,0,0,1.6110999584197998,0.0,9.0,0.0,0.0,32.0,0,0,1,0,0,0
MLI,517007,2021,517,7,2,1,2,1,1,1,0,0,0,0,1,0,0,0,0,4,3,0,0,0,0,0,0,0,6.433600127696991,4.0,9.0,0.0,0.0,7.0,0,0,1,0,0,0
MLI,517008,2021,517,8,2,1,1,1,0,0,1,1,0,0,1,0,0,0,0,4,3,0,0,0,0,0,0,0,5.5787001848220825,0.0,1.0,0.0,0.0,2.0,0,0,0,0,0,0
MLI,517009,2021,517,9,2,1,4,1,0,0,1,1,0,0,1,0,0,0,0,4,3,1,0,0,0,0,0,0,2.1916499733924866,0.0,14.0,0.0,0.0,15.0,0,1,1,0,0,0
MLI,517010,2021,517,10,2,1,2,1,0,0,1,1,0,0,1,0,0,0,0,4,3,0,0,0,0,0,0,0,10.337000012397766,5.0,19.0,0.0,0.0,22.0,1,1,1,0,0,0
MLI,517011,2021,517,11,2,1,2,1,0,0,1,1,0,0,1,0,0,0,0,4,3,0,0,0,0,0,0,0,3.373366594314575,0.0,5.0,0.0,0.0,15.0,0,1,1,0,0,0
MLI,517012,2021,517,12,2,1,2,1,0,0,1,1,0,0,1,0,0,0,0,4,3,0,0,0,0,0,0,0,6.7685253620147705,8.0,4.0,0.0,0.0,6.0,1,1,0,0,0,0
MLI,518001,2021,518,1,2,2,2,0,1,0,1,1,0,0,1,1,0,0,0,4,3,0,0,0,0,0,0,0,4.690000057220459,6.0,3.0,0.0,0.0,10.0,0,1,1,0,0,0
MLI,518002,2021,518,2,2,1,2,0,1,0,1,1,0,0,1,1,0,0,0,4,3,1,0,0,0,0,1,0,3.180000066757202,3.0,25.0,0.0,0.0,20.0,0,1,1,1,0,0
MLI,518003,2021,518,3,2,1,2,0,1,0,0,0,0,0,1,1,0,0,0,4,3,1,0,0,0,0,1,0,3.1100000143051147,3.0,7.0,0.0,0.0,8.0,1,1,1,0,0,0
MLI,518004,2021,518,4,2,1,2,0,1,0,1,1,0,0,1,1,0,0,0,4,3,1,0,0,0,0,0,0,4.084720849990845,6.0,10.0,0.0,0.0,10.0,0,1,0,0,0,0
MLI,518005,2021,518,5,2,1,2,0,0,0,1,1,0,0,1,0,0,1,0,4,3,0,0,0,0,0,0,0,3.1079999208450317,3.0,0.0,0.0,0.0,12.0,0,1,0,0,0,0
MLI,518006,2021,518,6,2,1,2,0,1,0,1,1,0,0,1,0,1,1,0,4,3,0,0,0,0,0,0,0,1.665000081062317,2.0,4.0,0.0,0.0,14.0,0,1,0,0,0,0
MLI,518007,2021,518,7,2,1,2,1,1,1,0,1,0,0,1,0,1,1,0,4,3,0,0,0,0,0,0,0,1.0039999783039093,7.0,18.0,0.0,0.0,70.0,0,1,0,0,0,0
MLI,518008,2021,518,8,2,1,2,0,0,0,1,1,0,0,1,0,1,1,0,4,3,0,0,0,0,0,0,0,1.7673150300979614,4.0,9.0,0.0,0.0,8.0,0,1,0,0,0,0
MLI,518009,2021,518,9,2,1,2,1,0,0,1,1,0,0,0,0,0,0,0,4,4,0,0,0,0,0,0,0,2.599999964237213,3.0,10.0,0.0,0.0,0.0,0,1,1,0,0,0
MLI,518010,2021,518,10,2,2,2,1,1,0,0,0,0,0,0,0,0,0,0,4,6,0,0,0,0,0,0,0,1.8100000023841858,,,,,,0,1,1,0,0,0
MLI,518011,2021,518,11,2,1,2,1,1,1,1,1,0,0,1,0,0,0,0,4,3,1,0,0,0,0,1,0,2.439999997615814,2.0,3.0,0.0,0.0,0.0,0,0,1,0,0,0
MLI,518012,2021,518,12,2,1,2,1,1,0,1,1,0,0,1,0,0,0,0,4,3,0,0,0,0,0,0,0,1.3499999940395355,3.0,3.0,0.0,0.0,10.0,0,1,1,0,0,0
MLI,525001,2021,525,1,1,1,1,1,1,1,1,1,0,1,0,1,0,1,0,3,1,1,0,0,0,0,0,0,,0.0,8.0,0.0,0.0,16.0,0,0,0,0,0,0
MLI,525002,2021,525,2,1,1,1,1,1,1,1,1,0,1,0,0,0,1,0,2,1,1,0,0,0,0,0,0,,0.0,0.0,0.0,0.0,17.0,1,0,0,0,0,0
MLI,525003,2021,525,3,1,1,1,1,1,1,1,1,1,1,0,0,0,0,0,1,1,1,0,0,0,0,0,0,,0.0,5.0,0.0,0.0,15.0,1,1,0,1,0,0
MLI,525004,2021,525,4,1,1,1,1,1,1,1,1,1,1,0,1,1,0,0,1,1,1,0,0,0,0,0,0,,0.0,3.0,0.0,0.0,12.0,1,0,0,0,0,0
MLI,525005,2021,525,5,1,1,1,1,1,0,1,1,1,1,0,1,0,0,0,1,1,1,0,0,0,0,1,0,,0.0,5.0,0.0,0.0,6.0,0,0,0,1,0,0
MLI,525006,2021,525,6,1,1,1,1,1,0,1,1,0,0,1,0,0,0,0,4,3,0,0,0,0,0,0,0,,,,,,,0,0,0,0,0,0
MLI,525007,2021,525,7,1,1,1,1,1,1,1,1,1,1,0,0,0,0,0,1,1,0,0,0,0,0,0,0,,,,,,,0,0,0,0,0,0
MLI,525008,2021,525,8,1,1,1,1,1,0,0,1,1,1,0,1,0,0,0,1,1,1,0,0,0,0,1,0,,,,,,,1,0,1,1,0,0
MLI,525009,2021,525,9,1,1,1,1,1,1,1,0,0,0,1,1,0,0,0,4,3,1,0,0,0,0,1,0,,2.0,0.0,0.0,0.0,0.0,0,0,0,0,0,0
MLI,525010,2021,525,10,1,1,4,1,1,1,1,1,0,0,1,1,0,0,0,4,3,0,0,0,0,0,0,0,,0.0,0.0,0.0,0.0,20.0,0,1,0,0,0,0
MLI,525011,2021,525,11,1,1,4,1,1,1,1,1,0,1,0,0,0,0,0,2,1,1,0,0,0,0,1,0,,,,,,,0,0,0,0,0,0
MLI,525012,2021,525,12,1,2,1,1,1,1,1,1,0,1,0,0,0,0,0,2,1,1,0,0,0,0,1,0,,,,,,,0,1,0,1,0,0
MLI,528001,2021,528,1,1,1,2,0,1,0,1,1,0,0,1,1,0,0,0,4,3,0,0,0,0,0,0,0,4.4670000076293945,4.0,0.0,0.0,0.0,0.0,0,1,1,1,1,0
MLI,528002,2021,528,2,1,1,2,0,1,0,0,0,0,0,1,0,0,0,0,4,3,1,0,0,0,0,1,0,11.564899906516075,40.0,50.0,0.0,6.0,125.0,0,1,0,0,0,0
MLI,528003,2021,528,3,1,1,2,0,0,0,1,1,0,0,1,0,0,0,0,4,3,0,0,0,0,0,0,0,4.139299988746643,2.0,0.0,0.0,0.0,6.0,0,0,1,0,1,0
MLI,528004,2021,528,4,1,1,1,0,0,0,1,1,0,0,1,0,0,0,0,4,3,0,0,0,0,0,0,0,3.3662999272346497,4.0,22.0,0.0,0.0,80.0,1,0,0,0,0,0
MLI,528005,2021,528,5,1,1,1,1,0,0,1,1,0,0,1,0,0,0,0,4,3,0,0,0,0,0,0,0,3.358899861574173,2.0,3.0,0.0,0.0,2.0,0,1,0,0,0,0
MLI,528006,2021,528,6,1,1,2,1,0,0,0,0,0,0,1,0,0,0,0,4,3,1,0,0,0,0,0,0,3.496500015258789,3.0,0.0,0.0,0.0,0.0,0,1,0,0,0,0
MLI,528007,2021,528,7,1,2,1,1,0,1,0,0,0,0,0,0,0,0,0,4,5,1,0,0,0,0,0,0,9.553900063037872,12.0,4.0,0.0,0.0,20.0,1,1,0,0,0,0
MLI,528008,2021,528,8,1,1,2,0,1,1,0,0,0,0,1,0,0,0,0,4,3,1,0,0,0,0,0,0,5.245508670806885,14.0,25.0,0.0,0.0,15.0,0,1,0,0,0,0
MLI,528009,2021,528,9,1,1,2,1,1,1,1,0,0,0,1,0,0,0,0,4,3,0,0,0,0,0,0,0,3.331899970769882,5.0,4.0,0.0,0.0,3.0,1,1,0,1,1,0
MLI,528010,2021,528,10,1,1,2,1,0,0,1,1,0,0,1,0,0,0,0,4,3,0,0,0,0,0,0,0,6.043699756264687,13.0,30.0,0.0,0.0,10.0,1,1,1,0,0,0
MLI,528011,2021,528,11,1,1,2,1,1,1,1,1,0,0,0,0,0,0,0,4,4,0,0,0,0,0,0,0,5.691900074481964,6.0,6.0,0.0,0.0,0.0,0,1,1,1,0,0
MLI,528012,2021,528,12,1,1,2,1,1,1,1,1,0,0,1,0,0,0,0,4,3,1,0,0,0,0,1,0,12.567800164222717,5.0,5.0,0.0,0.0,10.0,1,1,1,1,0,0
MLI,532001,2021,532,1,2,1,1,1,0,0,0,0,0,0,0,0,0,0,0,4,6,0,0,0,0,0,0,0,1.2599999606609344,5.0,10.0,0.0,0.0,15.0,0,1,1,1,0,0
MLI,532002,2021,532,2,2,1,2,0,0,0,0,0,0,0,1,0,1,0,0,4,3,1,0,0,0,0,0,0,5.184366583824158,4.0,8.0,0.0,0.0,12.0,1,1,0,1,0,0
MLI,532003,2021,532,3,2,1,2,0,0,0,0,0,0,0,1,1,0,0,0,4,3,1,0,0,0,0,1,0,2.8399999141693115,4.0,12.0,0.0,0.0,23.0,1,1,1,1,0,0
MLI,532004,2021,532,4,2,1,2,0,1,0,0,0,0,0,1,1,0,0,0,4,3,1,0,0,0,0,1,0,5.64000016450882,13.0,9.0,0.0,0.0,44.0,1,1,1,0,0,0
MLI,532005,2021,532,5,2,1,2,0,0,0,0,1,0,0,1,1,0,0,0,4,3,1,0,0,0,0,1,0,5.580000042915344,3.0,3.0,0.0,0.0,66.0,1,1,1,0,0,0
MLI,532006,2021,532,6,2,1,1,1,0,0,0,0,0,0,1,0,0,0,0,4,3,0,0,0,0,0,0,0,0.879999965429306,3.0,0.0,0.0,0.0,0.0,0,1,1,0,0,0
MLI,532007,2021,532,7,2,1,2,0,0,0,0,0,0,0,1,0,1,1,0,4,3,1,0,0,0,0,0,0,5.624547183513641,6.0,11.0,0.0,0.0,22.0,0,1,0,0,0,0
MLI,532008,2021,532,8,2,1,2,0,1,0,0,0,0,0,1,1,1,0,0,4,3,1,0,0,0,0,0,0,10.216458082199097,17.0,45.0,0.0,0.0,26.0,0,1,0,1,0,0
MLI,532009,2021,532,9,2,1,2,1,0,0,0,0,0,0,1,0,0,0,0,4,3,0,0,0,0,0,0,0,5.74400007724762,17.0,30.0,0.0,0.0,110.0,0,1,0,1,0,0
MLI,532010,2021,532,10,2,1,1,1,0,0,1,1,0,0,1,0,0,0,0,4,3,1,0,0,0,0,0,0,12.716000199317932,14.0,15.0,0.0,0.0,0.0,1,1,0,1,0,0
MLI,532011,2021,532,11,2,1,2,0,1,0,1,1,0,0,1,1,0,0,0,4,3,1,0,0,0,0,1,0,3.85999995470047,8.0,31.0,0.0,0.0,31.0,0,1,1,0,0,0
MLI,532012,2021,532,12,2,1,2,0,1,1,0,0,0,0,1,0,1,0,0,4,3,1,0,0,0,0,0,0,3.9572006464004517,4.0,0.0,0.0,0.0,1.0,0,1,0,0,0,0
MLI,535001,2021,535,1,1,1,2,1,1,0,1,1,1,1,0,0,1,0,0,1,1,1,0,1,0,0,1,0,,1.0,10.0,0.0,0.0,10.0,0,0,0,0,0,0
MLI,535002,2021,535,2,1,1,3,1,0,0,1,1,0,0,0,0,1,0,0,4,5,0,0,0,0,0,0,0,,1.0,1.0,0.0,0.0,0.0,0,0,0,0,0,0
MLI,535003,2021,535,3,1,1,2,1,1,0,1,1,0,1,0,0,1,0,0,4,1,1,0,0,0,0,1,0,1.1364445686340332,3.0,3.0,0.0,0.0,4.0,0,0,0,0,0,0
MLI,535004,2021,535,4,1,1,3,1,1,0,1,0,0,1,0,0,1,0,0,2,1,1,0,0,0,0,0,0,,,,,,,0,0,0,0,0,0
MLI,535005,2021,535,5,1,1,1,1,0,1,1,1,0,0,1,0,0,0,0,4,3,1,0,0,0,0,1,0,1.2807395458221436,,,,,,0,1,1,0,1,0
MLI,535006,2021,535,6,1,1,1,1,0,1,1,1,0,1,0,0,0,0,0,3,1,1,0,1,0,0,0,0,,,,,,,0,0,0,0,1,0
MLI,535007,2021,535,7,1,1,1,1,1,1,1,1,0,1,0,0,0,0,0,3,1,1,0,0,0,0,1,0,1.6035338640213013,,,,,,0,0,0,0,0,0
MLI,535008,2021,535,8,1,2,4,1,1,1,1,1,0,1,0,0,0,0,0,2,1,1,0,0,0,0,0,0,2.3684955835342407,0.0,4.0,0.0,0.0,15.0,1,0,0,0,1,0
MLI,535009,2021,535,9,1,1,3,1,0,0,0,0,0,0,1,1,0,0,0,4,3,0,0,0,0,0,0,0,,,,,,,1,0,0,0,0,0
MLI,535010,2021,535,10,1,1,1,1,1,0,1,1,1,0,1,0,0,1,0,1,2,1,0,0,0,0,0,0,,,,,,,1,0,0,1,0,0
MLI,535011,2021,535,11,1,1,3,1,1,0,0,0,1,0,1,1,0,0,0,1,2,1,0,0,0,0,0,0,,,,,,,0,0,0,0,0,0
MLI,535012,2021,535,12,1,1,3,1,1,0,0,0,1,0,1,1,0,0,0,1,2,1,0,0,0,0,0,0,,,,,,,0,0,0,0,0,0
MLI,536001,2021,536,1,1,1,2,0,0,0,0,0,0,0,1,0,0,0,0,4,3,1,0,0,0,0,1,0,5.710499942302704,4.0,30.0,0.0,0.0,58.0,0,1,0,0,0,0
MLI,536002,2021,536,2,1,1,2,0,0,0,0,0,0,0,0,0,0,0,0,4,5,0,0,0,0,0,0,0,5.513299942016602,4.0,4.0,0.0,0.0,10.0,0,1,0,0,0,0
MLI,536003,2021,536,3,1,1,2,0,0,0,0,0,0,0,1,0,0,0,0,4,3,0,0,0,0,0,0,0,4.254399985074997,4.0,2.0,0.0,0.0,12.0,0,1,0,0,0,0
MLI,536004,2021,536,4,1,1,2,0,0,0,0,0,0,0,1,0,0,0,0,4,3,1,0,0,0,0,1,0,16.35949993133545,23.0,30.0,0.0,0.0,30.0,0,1,0,0,0,0
MLI,536005,2021,536,5,1,1,2,0,1,1,1,1,0,0,1,0,0,1,0,4,3,0,0,0,0,0,0,0,7.008300006389618,14.0,59.0,0.0,0.0,35.0,0,1,0,0,0,0
MLI,536006,2021,536,6,1,2,2,0,0,0,1,1,0,0,1,0,0,0,0,4,3,0,0,0,0,0,0,0,5.822400003671646,3.0,2.0,0.0,0.0,0.0,0,1,0,0,0,0
MLI,536007,2021,536,7,1,1,2,0,0,0,1,1,0,0,1,0,0,0,0,4,3,0,0,0,0,0,0,0,4.335299968719482,5.0,5.0,0.0,0.0,15.0,1,1,1,0,0,0
MLI,536008,2021,536,8,1,2,2,0,0,0,1,1,0,0,1,0,0,0,0,4,3,0,0,0,0,0,0,0,5.041999995708466,9.0,16.0,0.0,0.0,30.0,0,1,1,0,0,0
MLI,536009,2021,536,9,1,1,2,1,0,0,1,0,0,0,1,0,0,0,0,4,3,1,0,0,0,0,0,0,1.7701000571250916,0.0,15.0,0.0,0.0,10.0,0,1,0,0,0,0
MLI,536010,2021,536,10,1,1,2,1,0,0,1,1,0,0,1,0,0,1,0,4,3,1,0,0,0,0,1,0,3.0837000012397766,5.0,4.0,0.0,0.0,6.0,1,1,0,0,0,0
MLI,536011,2021,536,11,1,1,2,1,0,0,1,0,0,0,1,0,0,0,0,4,3,0,0,0,0,0,0,0,10.059900045394897,18.0,40.0,0.0,0.0,30.0,1,1,1,0,0,0
MLI,536012,2021,536,12,1,1,2,1,0,1,1,1,0,0,1,0,0,0,0,4,3,0,0,0,0,0,0,0,0.5669999718666077,0.0,2.0,0.0,0.0,0.0,1,1,0,0,0,0
MLI,537001,2021,537,1,2,1,2,0,1,0,0,0,0,0,1,1,0,0,0,4,3,0,0,0,0,0,0,0,7.190000057220459,10.0,22.0,0.0,0.0,20.0,0,1,1,0,0,0
MLI,537002,2021,537,2,2,1,2,0,0,0,1,1,0,0,1,1,0,0,0,4,3,0,0,0,0,0,0,0,0.9399999976158142,3.0,1.0,0.0,0.0,6.0,0,1,1,0,0,0
MLI,537003,2021,537,3,2,1,2,0,1,0,1,1,0,0,1,1,0,0,0,4,3,0,0,0,0,0,0,0,7.2799999713897705,5.0,16.0,0.0,0.0,15.0,0,1,1,0,0,0
MLI,537004,2021,537,4,2,1,2,0,0,0,1,1,0,0,1,1,0,0,0,4,3,0,0,0,0,0,0,0,3.779999852180481,6.0,17.0,0.0,0.0,21.0,1,1,0,0,0,0
MLI,537005,2021,537,5,2,1,2,0,0,0,1,1,0,0,1,0,1,1,0,4,3,0,0,0,0,0,0,0,10.350398063659668,7.0,16.0,0.0,0.0,21.0,1,1,0,0,0,0
MLI,537006,2021,537,6,2,1,2,0,0,0,1,1,0,0,1,0,0,1,0,4,3,0,0,0,0,0,0,0,5.039683222770691,6.0,6.0,0.0,0.0,32.0,0,1,0,1,0,0
MLI,537007,2021,537,7,2,1,2,0,1,0,0,0,0,0,1,0,1,1,0,4,3,0,0,0,0,0,0,0,4.240788757801056,2.0,0.0,0.0,0.0,0.0,0,1,0,0,0,0
MLI,537008,2021,537,8,2,1,2,0,0,0,1,1,0,0,1,0,0,1,0,4,3,0,0,0,0,0,0,0,2.5425620079040527,6.0,6.0,0.0,0.0,3.0,0,1,0,0,0,0
MLI,537009,2021,537,9,2,1,2,1,0,0,1,1,0,0,1,0,0,0,0,4,3,1,0,0,0,0,0,0,0.9620000123977661,5.0,15.0,0.0,0.0,0.0,0,1,1,0,0,0
MLI,537010,2021,537,10,2,1,2,1,1,0,1,1,0,0,1,0,0,0,0,4,3,0,0,0,0,0,0,0,5.129999876022339,4.0,8.0,0.0,0.0,0.0,0,1,1,1,0,0
MLI,537011,2021,537,11,2,1,2,1,0,0,1,1,0,0,1,0,0,0,0,4,3,0,0,0,0,0,0,0,2.5810000002384186,2.0,25.0,0.0,0.0,0.0,0,1,0,1,0,0
MLI,537012,2021,537,12,2,1,2,1,0,0,1,1,0,0,0,0,0,0,0,4,6,0,0,0,0,0,0,0,7.119999885559082,3.0,2.0,0.0,0.0,0.0,0,1,1,1,0,0
MLI,541001,2021,541,1,2,1,2,0,0,0,0,0,0,0,1,1,0,0,0,4,3,1,0,0,0,0,1,0,3.209999918937683,5.0,11.0,0.0,0.0,22.0,1,1,0,1,0,0
MLI,541002,2021,541,2,2,1,2,0,0,0,0,0,0,0,1,1,1,0,0,4,3,0,0,0,0,0,0,0,5.259806394577026,5.0,5.0,0.0,0.0,20.0,0,1,0,0,0,0
MLI,541003,2021,541,3,2,1,2,0,0,0,0,0,0,0,1,1,0,0,0,4,3,1,0,0,0,0,1,0,5.509999871253967,8.0,15.0,0.0,0.0,40.0,1,1,0,1,0,0
MLI,541004,2021,541,4,2,1,2,0,0,0,1,1,0,0,1,1,1,0,0,4,3,1,0,0,0,0,0,0,6.625999957323074,12.0,25.0,0.0,0.0,41.0,0,1,0,0,0,0
MLI,541005,2021,541,5,2,1,2,0,0,0,0,1,0,0,1,1,1,0,0,4,3,1,0,0,0,0,0,0,7.998000144958496,4.0,14.0,0.0,0.0,16.0,0,1,0,0,0,0
MLI,541006,2021,541,6,2,1,2,0,1,0,0,0,0,0,1,1,0,0,0,4,3,1,0,0,0,0,1,0,1.5,6.0,7.0,0.0,0.0,22.0,0,1,0,0,0,0
MLI,541007,2021,541,7,2,1,1,1,1,1,1,1,0,0,1,0,0,0,0,4,3,1,0,0,0,0,0,0,2.540000021457672,22.0,20.0,0.0,0.0,0.0,1,1,1,0,0,0
MLI,541008,2021,541,8,2,1,1,1,1,1,1,1,0,0,1,0,0,0,0,4,3,0,0,0,0,0,0,0,3.2200000286102295,4.0,12.0,0.0,0.0,0.0,0,1,1,0,0,0
MLI,541009,2021,541,9,2,1,2,0,0,0,0,0,0,0,1,1,0,0,0,4,3,0,0,0,0,0,0,0,5.159999966621399,5.0,10.0,0.0,0.0,20.0,1,1,0,0,0,0
MLI,541010,2021,541,10,2,1,1,1,0,0,1,1,0,0,1,0,0,0,0,4,3,0,0,0,0,0,0,0,1.6100000143051147,3.0,6.0,0.0,0.0,0.0,0,1,1,0,0,0
MLI,541011,2021,541,11,2,1,1,1,0,0,0,0,0,0,1,0,0,0,0,4,3,0,0,0,0,0,0,0,2.7800000309944153,4.0,15.0,0.0,0.0,0.0,0,1,0,0,0,0
MLI,541012,2021,541,12,2,1,2,0,1,0,1,1,0,0,1,1,1,1,0,4,3,1,0,0,0,0,0,0,7.875173330307007,28.0,32.0,0.0,0.0,42.0,0,1,1,1,0,0
MLI,542001,2021,542,1,1,1,2,1,0,0,0,0,0,0,0,0,1,0,0,4,5,0,0,0,0,0,0,0,9.502586841583252,10.0,3.0,0.0,0.0,0.0,0,1,0,0,0,0
MLI,542002,2021,542,2,1,1,2,1,0,0,1,1,0,0,0,0,1,0,0,4,5,0,0,0,0,0,0,0,3.404444456100464,1.0,4.0,0.0,0.0,5.0,0,1,0,0,0,0
MLI,542003,2021,542,3,1,1,2,1,0,0,1,1,0,0,1,0,0,0,0,4,3,0,0,0,0,0,0,0,11.018029928207397,1.0,0.0,0.0,0.0,2.0,0,1,0,0,0,0
MLI,542004,2021,542,4,1,1,2,1,0,0,1,1,0,0,0,0,1,0,0,4,5,0,0,0,0,0,0,0,6.536325931549072,1.0,3.0,0.0,0.0,0.0,0,1,0,0,0,0
MLI,542005,2021,542,5,1,1,2,1,0,0,1,1,0,0,1,0,0,0,0,4,3,0,0,0,0,0,0,0,21.820804595947266,5.0,5.0,0.0,0.0,5.0,0,1,0,0,0,0
MLI,542006,2021,542,6,1,1,2,1,0,0,1,1,0,0,1,0,0,0,0,4,3,0,0,0,0,0,0,0,6.321619510650635,0.0,3.0,0.0,0.0,0.0,0,1,0,0,1,0
MLI,542007,2021,542,7,1,1,2,1,0,0,1,1,0,0,1,0,0,0,0,4,3,0,0,0,0,0,0,0,3.4142249822616577,3.0,9.0,0.0,0.0,12.0,0,1,0,0,0,0
MLI,542008,2021,542,8,1,1,2,1,1,0,1,1,0,0,1,0,0,0,0,4,3,1,0,0,0,0,0,0,30.5838942527771,20.0,36.0,0.0,0.0,20.0,0,1,0,0,1,0
MLI,542009,2021,542,9,1,1,2,1,0,0,1,1,0,0,1,0,0,0,0,4,3,0,0,0,0,0,0,0,10.880286693572998,1.0,5.0,0.0,0.0,4.0,0,0,1,0,0,0
MLI,542010,2021,542,10,1,2,2,1,0,0,1,1,0,0,1,0,0,0,0,4,3,0,0,0,0,0,0,0,5.774669647216797,7.0,12.0,0.0,0.0,3.0,0,0,1,0,0,0
MLI,542011,2021,542,11,1,1,2,1,0,0,1,1,0,0,1,0,0,0,0,4,3,0,0,0,0,0,0,0,7.773561000823975,5.0,1.0,0.0,0.0,6.0,1,0,1,0,0,0
MLI,542012,2021,542,12,1,1,2,1,0,0,1,1,0,0,1,0,0,0,0,4,3,1,0,0,0,0,0,0,15.464078664779663,4.0,9.0,0.0,0.0,6.0,1,0,1,1,0,0
MLI,543001,2021,543,1,1,1,1,1,0,0,1,1,0,0,1,0,0,0,0,4,3,0,0,0,0,0,0,0,,24.0,4.0,0.0,0.0,0.0,0,0,0,0,0,0
MLI,543002,2021,543,2,1,1,2,1,0,0,1,1,0,0,0,0,1,0,0,4,5,1,0,0,0,0,0,0,,11.0,0.0,0.0,0.0,0.0,0,0,0,0,0,0
MLI,543003,2021,543,3,1,1,2,1,1,0,1,1,0,0,1,0,1,0,0,4,3,1,0,0,0,0,1,0,1.2334415912628174,2.0,4.0,0.0,0.0,4.0,0,0,0,0,0,0
MLI,543004,2021,543,4,1,1,2,1,1,0,1,1,0,0,0,0,1,0,0,4,5,1,0,0,0,0,0,0,,2.0,4.0,0.0,0.0,10.0,0,0,0,0,0,0
MLI,543005,2021,543,5,1,2,1,1,0,1,1,1,0,0,1,0,0,0,0,4,3,0,0,0,0,0,0,0,0.8424949049949646,1.0,1.0,0.0,0.0,11.0,0,0,0,0,1,0
MLI,543006,2021,543,6,1,1,1,1,0,1,1,1,0,0,1,0,0,0,0,4,3,0,0,0,0,0,0,0,,0.0,2.0,0.0,0.0,0.0,0,0,0,0,1,0
MLI,543007,2021,543,7,1,1,3,1,0,1,1,1,0,0,1,0,0,0,0,4,3,0,0,0,0,0,0,0,,,,,,,0,1,0,0,1,0
MLI,543008,2021,543,8,1,2,4,1,0,1,1,1,0,0,1,0,0,0,0,4,3,0,0,0,0,0,0,0,,6.0,2.0,0.0,0.0,0.0,0,1,0,0,1,0
MLI,543009,2021,543,9,1,1,3,1,0,0,0,0,0,0,1,0,0,0,0,4,3,0,0,0,0,0,0,0,1.0933531522750854,2.0,4.0,0.0,0.0,0.0,0,0,1,0,0,0
MLI,543010,2021,543,10,1,1,1,1,1,0,1,0,0,0,1,0,0,0,0,4,3,1,0,0,0,0,0,0,,,,,,,0,0,0,0,0,0
MLI,543011,2021,543,11,1,1,1,1,1,0,1,1,0,0,1,0,0,0,0,4,3,1,0,0,0,0,0,0,1.1120611429214478,1.0,3.0,0.0,0.0,6.0,0,0,0,0,0,0
MLI,543012,2021,543,12,1,2,1,1,1,0,1,1,0,0,1,1,0,0,0,4,3,1,0,0,0,0,0,0,,,,,,,0,0,1,1,0,0
MLI,550001,2021,550,1,1,1,1,1,0,0,0,1,0,0,1,0,0,0,0,4,3,0,0,0,0,0,0,0,9.814683556556702,1.0,3.0,0.0,0.0,2.0,0,1,0,0,0,0
MLI,550002,2021,550,2,1,1,2,1,1,0,1,1,0,0,0,0,1,0,0,4,5,0,0,0,0,0,0,0,10.367274761199951,12.0,3.0,0.0,0.0,4.0,0,1,0,0,0,0
MLI,550003,2021,550,3,1,1,2,1,0,0,0,1,0,0,0,0,1,0,0,4,5,0,0,0,0,0,0,0,7.97284460067749,4.0,0.0,0.0,0.0,0.0,0,1,0,0,0,0
MLI,550004,2021,550,4,1,1,2,1,0,0,0,0,0,0,0,0,0,0,0,4,5,0,0,0,0,0,0,0,3.755013108253479,2.0,6.0,0.0,0.0,2.0,0,1,1,0,0,0
MLI,550005,2021,550,5,1,1,2,1,0,0,1,1,0,0,1,0,0,0,0,4,3,1,0,0,0,0,0,0,16.23762583732605,2.0,7.0,0.0,0.0,0.0,0,1,1,0,0,0
MLI,550006,2021,550,6,1,1,2,1,0,0,0,0,0,0,1,0,0,0,0,4,3,0,0,0,0,0,0,0,10.34148120880127,3.0,11.0,0.0,0.0,0.0,0,0,0,1,0,0
MLI,550007,2021,550,7,1,1,2,1,0,0,0,0,0,0,1,0,0,0,0,4,3,0,0,0,0,0,0,0,14.540076732635498,4.0,0.0,0.0,0.0,0.0,0,1,0,0,0,0
MLI,550008,2021,550,8,1,1,2,1,0,0,1,1,0,0,1,0,0,0,0,4,3,0,0,0,0,0,0,0,11.610000312328339,2.0,0.0,0.0,0.0,0.0,0,0,0,0,0,1
MLI,550009,2021,550,9,1,1,2,1,0,0,0,0,0,0,1,0,0,0,0,4,3,0,0,0,0,0,0,0,10.066057920455933,5.0,15.0,0.0,0.0,4.0,1,1,1,0,0,0
MLI,550010,2021,550,10,1,1,2,1,0,0,0,0,0,0,1,0,0,0,0,4,3,0,0,0,0,0,1,0,11.885572910308838,5.0,5.0,0.0,0.0,2.0,0,1,1,0,0,0
MLI,550011,2021,550,11,1,1,2,1,0,0,0,0,0,0,1,0,0,0,0,4,3,0,0,0,0,0,0,0,0.7131999731063843,0.0,3.0,0.0,0.0,5.0,0,1,1,1,1,0
MLI,550012,2021,550,12,1,1,2,1,0,0,0,0,0,0,0,0,0,0,0,4,5,0,0,0,0,0,0,0,4.967769145965576,3.0,16.0,0.0,0.0,5.0,1,0,1,0,0,0
MLI,553001,2021,553,1,2,1,2,0,1,0,0,0,0,0,1,0,0,0,0,4,3,0,0,0,0,0,0,0,17.259999752044678,0.0,11.0,0.0,0.0,0.0,1,1,0,0,0,0
MLI,553002,2021,553,2,2,1,2,0,1,0,1,1,0,0,1,0,0,0,0,4,3,0,0,0,0,0,0,0,7.460999965667725,3.0,8.0,0.0,0.0,0.0,0,1,0,0,0,0
MLI,553003,2021,553,3,2,1,2,1,1,1,1,1,0,0,1,0,0,0,0,4,3,0,0,0,0,0,0,0,,0.0,9.0,0.0,0.0,0.0,0,0,1,0,0,0
MLI,553004,2021,553,4,2,1,2,0,1,0,1,1,0,0,1,0,0,0,0,4,3,0,0,0,0,0,0,0,16.542999267578125,4.0,3.0,0.0,0.0,0.0,0,1,0,0,0,0
MLI,553005,2021,553,5,2,1,2,0,1,0,1,1,0,0,1,0,0,0,0,4,3,0,0,0,0,0,0,0,10.851999998092651,10.0,19.0,0.0,0.0,5.0,0,0,1,0,0,0
MLI,553006,2021,553,6,2,1,2,0,0,0,1,1,0,0,0,0,0,0,0,4,6,0,0,0,0,0,0,0,6.960000038146973,4.0,2.0,0.0,0.0,2.0,0,0,1,0,0,0
MLI,553007,2021,553,7,2,2,2,0,0,1,1,1,0,0,1,0,0,0,0,4,3,0,0,0,0,0,0,0,2.0952000617980957,7.0,10.0,0.0,0.0,16.0,0,0,0,1,0,0
MLI,553008,2021,553,8,2,1,2,0,0,1,1,1,0,0,1,0,0,0,0,4,3,0,0,0,0,0,0,0,5.637399971485138,13.0,14.0,0.0,0.0,18.0,0,0,0,0,0,0
MLI,553009,2021,553,9,2,1,2,1,0,0,1,1,0,0,1,0,0,0,0,4,3,0,0,0,0,0,0,0,11.378999710083008,6.0,5.0,0.0,0.0,0.0,1,0,0,0,0,0
MLI,553010,2021,553,10,2,1,2,1,1,1,0,0,0,0,1,0,0,0,0,4,3,1,0,0,0,0,0,0,6.901000022888184,9.0,14.0,0.0,0.0,60.0,0,1,0,0,0,0
MLI,553011,2021,553,11,2,1,2,1,1,1,1,1,0,0,1,0,0,0,0,4,3,1,0,0,0,0,0,1,31.08900022506714,7.0,0.0,0.0,0.0,0.0,0,1,0,0,0,0
MLI,553012,2021,553,12,2,1,2,1,1,1,1,1,0,0,1,0,0,0,0,4,3,0,0,0,0,0,0,0,20.0,9.0,26.0,0.0,0.0,0.0,1,1,0,0,0,0
MLI,556001,2021,556,1,2,1,1,1,1,0,1,1,1,1,0,0,0,0,0,1,1,1,0,0,0,0,1,0,1.4077322483062744,,,,,,0,1,1,0,0,0
MLI,556002,2021,556,2,2,1,1,1,1,1,0,0,1,1,0,0,0,0,0,1,1,1,0,1,0,0,0,0,,,,,,,0,0,1,0,0,0
MLI,556003,2021,556,3,2,1,3,1,1,1,1,1,1,1,0,0,0,0,0,1,1,1,0,0,0,0,1,0,,,,,,,0,1,1,0,0,0
MLI,556004,2021,556,4,2,1,1,1,1,1,1,1,0,0,1,0,0,0,0,4,3,0,0,0,0,0,0,0,,,,,,,0,0,1,0,0,0
MLI,556005,2021,556,5,2,1,1,1,1,1,1,1,1,1,0,0,0,0,1,1,1,1,0,1,0,0,1,0,1.7766008377075195,2.0,0.0,0.0,0.0,20.0,0,0,0,0,0,0
MLI,556006,2021,556,6,2,1,3,0,1,1,1,1,1,1,0,0,0,0,1,1,1,0,0,0,0,0,0,0,,,,,,,0,0,0,0,0,0
MLI,556007,2021,556,7,2,2,3,0,0,1,1,1,0,1,0,1,0,0,1,2,1,0,0,0,0,0,0,0,,,,,,,0,0,1,0,0,0
MLI,556008,2021,556,8,2,1,1,1,1,1,1,1,1,1,0,0,0,0,1,1,1,1,0,1,0,0,1,0,0.7894043326377869,0.0,3.0,0.0,0.0,0.0,0,1,0,0,0,0
MLI,556009,2021,556,9,2,1,3,1,1,1,0,0,1,1,0,1,0,0,0,1,1,1,0,0,0,0,0,0,,,,,,,1,0,1,0,0,0
MLI,556010,2021,556,10,2,1,1,1,1,1,1,1,1,1,0,1,1,1,1,1,1,1,0,1,0,0,1,1,,,,,,,1,0,1,0,0,0
MLI,556011,2021,556,11,2,1,3,1,1,1,1,1,1,1,0,1,0,0,0,1,1,1,0,0,0,0,0,0,,0.0,2.0,0.0,0.0,0.0,0,0,0,0,0,0
MLI,556012,2021,556,12,2,1,3,1,1,1,0,0,0,1,0,1,0,0,0,2,1,1,0,0,0,0,0,0,,,,,,,1,0,1,0,0,0
MLI,557001,2021,557,1,2,1,3,1,1,1,1,1,1,1,0,0,0,0,0,1,1,0,0,0,0,0,0,0,,,,,,,0,1,1,0,0,0
MLI,557002,2021,557,2,2,2,4,1,1,1,1,1,1,1,0,0,0,0,0,1,1,1,0,1,0,0,1,0,,,,,,,0,1,1,0,0,0
MLI,557003,2021,557,3,2,1,1,1,1,1,1,1,1,1,0,1,0,0,0,1,1,1,0,0,0,0,0,0,,,,,,,0,0,1,0,0,0
MLI,557004,2021,557,4,2,1,1,1,1,1,1,1,1,1,0,1,0,0,0,1,1,1,0,0,0,0,1,0,,,,,,,0,1,0,0,0,0
MLI,557005,2021,557,5,2,1,1,1,1,1,1,1,1,1,0,1,0,0,0,1,1,1,0,0,0,0,1,0,1.02871835231781,3.0,0.0,0.0,0.0,0.0,0,0,1,0,1,0
MLI,557006,2021,557,6,2,1,1,1,1,1,1,1,1,1,0,1,0,1,1,1,1,1,0,0,0,0,0,0,0.8422672748565674,,,,,,0,0,1,0,0,0
MLI,557007,2021,557,7,2,1,1,0,0,1,1,1,1,1,0,0,0,0,1,1,1,1,0,0,0,0,0,0,1.9488164186477661,0.0,2.0,0.0,0.0,0.0,0,0,1,0,0,0
MLI,557008,2021,557,8,2,1,3,0,0,1,1,1,1,1,0,0,0,0,1,1,1,0,0,0,0,0,0,0,,,,,,,0,0,1,1,0,0
MLI,557009,2021,557,9,2,1,1,1,1,1,0,0,1,0,1,0,0,0,0,1,2,1,0,0,0,0,0,0,1.3596307039260864,0.0,0.0,0.0,0.0,0.0,0,0,0,0,0,0
MLI,557010,2021,557,10,2,1,1,1,1,1,1,1,1,0,1,1,0,1,0,1,2,1,0,1,0,0,0,0,,,,,,,0,0,0,0,0,0
MLI,557011,2021,557,11,2,1,3,1,1,1,1,1,0,1,0,1,0,0,0,2,1,1,0,0,0,0,0,0,,,,,,,1,0,0,0,0,0
MLI,557012,2021,557,12,2,1,3,1,1,1,1,1,0,0,1,1,0,0,0,3,2,1,0,1,0,0,0,0,,,,,,,0,0,0,0,0,0
MLI,561001,2021,561,1,2,1,1,1,1,1,1,1,0,0,1,0,0,0,0,4,3,1,0,0,0,0,1,0,1.093557357788086,,,,,,0,0,1,0,0,0
MLI,561002,2021,561,2,2,1,3,0,1,0,1,1,0,0,1,0,0,0,0,4,3,0,0,0,0,0,0,0,,0.0,4.0,0.0,0.0,0.0,0,0,1,0,0,0
MLI,561003,2021,561,3,2,2,3,0,0,0,1,1,0,0,1,0,0,0,0,4,3,0,0,0,0,0,0,0,1.2039223909378052,,,,,,0,0,1,0,0,0
MLI,561004,2021,561,4,2,2,3,0,0,0,1,1,0,0,1,0,0,0,0,4,3,0,0,0,0,0,0,0,,,,,,,0,0,1,0,0,0
MLI,561005,2021,561,5,2,1,3,0,0,0,1,1,0,0,1,0,0,0,0,4,3,0,0,0,0,0,0,0,,1.0,0.0,0.0,0.0,7.0,0,0,0,0,0,0
MLI,561006,2021,561,6,2,1,1,0,1,1,1,1,0,0,1,0,0,0,0,4,3,0,0,0,0,0,0,0,,0.0,3.0,0.0,0.0,0.0,0,0,0,0,0,0
MLI,561007,2021,561,7,2,1,1,0,0,1,1,0,0,0,1,0,0,0,0,4,3,0,0,0,0,0,0,0,1.3778408765792847,1.0,0.0,0.0,0.0,0.0,0,0,0,0,0,0
MLI,561008,2021,561,8,2,1,2,0,0,1,1,1,0,0,0,0,0,0,0,4,6,0,0,0,0,0,0,0,,21.0,1.0,0.0,0.0,0.0,1,1,0,0,1,0
MLI,561009,2021,561,9,2,1,1,1,1,1,1,1,0,0,1,0,0,0,0,4,3,0,0,0,0,0,0,0,,,,,,,0,0,0,0,0,0
MLI,561010,2021,561,10,2,1,1,1,1,1,1,1,0,0,1,0,0,0,0,4,3,0,0,0,0,0,0,0,1.4218134880065918,1.0,0.0,0.0,0.0,0.0,0,1,1,0,1,0
MLI,561011,2021,561,11,2,1,1,1,1,1,1,1,0,0,1,0,0,0,0,4,3,0,0,0,0,0,0,0,1.393147349357605,1.0,5.0,0.0,0.0,0.0,1,1,1,0,0,0
MLI,561012,2021,561,12,2,1,1,1,1,1,1,1,0,0,1,0,0,0,0,4,3,1,0,0,0,0,0,0,1.053652048110962,,,,,,0,1,0,0,0,0
MLI,564001,2021,564,1,2,1,2,1,1,0,1,1,0,0,1,1,0,0,0,4,3,0,0,0,0,0,0,0,3.1000000834465027,4.0,7.0,0.0,0.0,0.0,0,0,0,0,0,0
MLI,564002,2021,564,2,2,1,2,1,1,0,1,1,0,0,1,1,0,0,0,4,3,0,0,0,0,0,0,0,5.389999866485596,6.0,0.0,0.0,0.0,0.0,0,0,0,0,0,0
MLI,564003,2021,564,3,2,1,2,1,1,0,1,1,0,0,1,1,0,0,0,4,3,0,0,0,0,0,0,0,8.700000047683716,3.0,9.0,0.0,0.0,0.0,0,0,0,0,0,0
MLI,564004,2021,564,4,2,1,2,1,1,0,1,1,0,0,1,1,0,0,0,4,3,0,0,0,0,0,0,0,2.4100000262260437,3.0,6.0,0.0,0.0,0.0,0,0,0,0,0,0
MLI,564005,2021,564,5,2,1,2,1,1,1,0,0,0,0,1,1,0,0,0,4,3,0,0,0,0,0,0,0,1.2499999850988388,2.0,5.0,0.0,0.0,10.0,1,1,0,0,0,0
MLI,564006,2021,564,6,2,1,2,1,0,0,1,1,0,0,1,1,0,0,0,4,3,0,0,0,0,0,0,0,2.4544537365436554,13.0,35.0,0.0,0.0,40.0,1,1,1,1,0,0
MLI,564007,2021,564,7,2,1,2,1,0,0,0,0,0,0,0,0,1,0,0,4,6,0,0,0,0,0,0,0,3.359999895095825,3.0,7.0,0.0,0.0,5.0,0,1,1,1,0,0
MLI,564008,2021,564,8,2,1,2,1,0,1,1,1,0,0,1,0,1,0,0,4,3,1,0,0,0,0,1,0,1.4586589932441711,9.0,35.0,0.0,0.0,24.0,1,1,1,0,0,0
MLI,564009,2021,564,9,2,1,2,1,0,0,1,1,0,0,0,0,0,1,0,4,5,0,0,0,0,0,0,0,13.081576347351074,3.0,1.0,0.0,0.0,2.0,0,1,1,0,0,0
MLI,564010,2021,564,10,2,1,2,1,0,0,0,0,0,0,1,0,0,0,0,4,3,1,0,0,0,0,0,0,9.215399861335754,32.0,38.0,0.0,0.0,35.0,0,1,0,0,0,0
MLI,564011,2021,564,11,2,1,2,1,0,0,0,0,0,0,1,0,0,1,0,4,3,0,0,0,0,0,0,0,1.8077000379562378,7.0,17.0,0.0,0.0,10.0,0,0,0,0,0,0
MLI,564012,2021,564,12,2,1,2,1,1,1,1,1,0,0,0,0,0,0,0,4,5,1,0,0,0,0,0,0,1.5156999826431274,9.0,20.0,0.0,0.0,20.0,0,1,0,0,0,0
MLI,574001,2021,574,1,2,2,1,1,1,1,0,0,0,0,1,0,0,0,0,4,3,0,0,0,0,0,0,0,1.1864787340164185,,,,,,0,0,1,0,0,0
MLI,574002,2021,574,2,2,2,3,0,1,0,1,1,0,0,1,0,0,0,0,4,3,0,0,0,0,0,0,0,,,,,,,0,1,1,0,0,0
MLI,574003,2021,574,3,2,1,1,0,1,0,1,1,0,0,1,0,0,0,0,4,3,0,0,0,0,0,0,0,1.4965083599090576,,,,,,0,1,1,0,0,0
MLI,574004,2021,574,4,2,1,4,0,1,0,1,1,0,0,1,0,0,0,0,4,3,0,0,0,0,0,0,0,1.4571467638015747,15.0,0.0,0.0,0.0,0.0,0,0,1,0,1,0
MLI,574005,2021,574,5,2,1,1,1,1,1,1,1,0,0,1,0,0,0,0,4,3,0,0,0,0,0,0,0,1.2026249170303345,0.0,0.0,0.0,0.0,4.0,1,0,0,0,0,0
MLI,574006,2021,574,6,2,1,1,0,1,1,1,1,0,0,1,0,0,0,1,4,3,0,0,0,0,0,0,0,2.030241012573242,3.0,2.0,0.0,0.0,6.0,0,1,0,0,0,0
MLI,574007,2021,574,7,2,1,3,0,0,1,1,1,0,0,1,0,0,0,1,4,3,0,0,0,0,0,0,0,,0.0,0.0,0.0,0.0,6.0,1,0,0,0,0,0
MLI,574008,2021,574,8,2,1,1,0,0,1,1,1,0,0,1,0,0,0,0,4,3,1,0,0,0,0,0,0,18.196969985961914,,,,,,0,1,1,0,1,0
MLI,574009,2021,574,9,2,1,3,1,1,0,1,1,0,0,1,1,0,0,0,4,3,1,0,0,0,0,0,0,,,,,,,0,0,1,0,0,0
MLI,574010,2021,574,10,2,1,1,1,1,1,1,1,0,0,1,1,0,0,0,4,3,0,0,0,0,0,0,0,,,,,,,0,0,0,0,0,0
MLI,574011,2021,574,11,2,1,1,1,1,1,1,1,0,0,1,0,0,0,0,4,3,1,0,0,0,0,0,0,3.4594171047210693,0.0,0.0,9.0,0.0,0.0,1,0,1,0,0,0
MLI,574012,2021,574,12,2,2,1,1,1,1,1,1,0,0,1,1,0,0,0,4,3,1,0,0,0,0,0,0,4.395555019378662,,,,,,0,0,1,0,0,0
MLI,576001,2021,576,1,2,2,2,1,1,0,1,1,0,0,1,1,0,0,0,4,3,0,0,0,0,0,0,0,3.740000009536743,2.0,0.0,0.0,0.0,0.0,0,0,0,0,0,0
MLI,576002,2021,576,2,2,1,2,1,1,0,1,1,0,0,1,1,0,0,0,4,3,0,0,0,0,0,0,0,1.4199999868869781,2.0,0.0,0.0,0.0,0.0,0,0,0,0,0,0
MLI,576003,2021,576,3,2,1,2,1,1,0,1,1,0,0,1,1,0,0,0,4,3,0,0,0,0,0,0,0,2.4200000762939453,1.0,12.0,0.0,0.0,0.0,0,0,0,0,0,0
MLI,576004,2021,576,4,2,1,2,1,1,0,1,1,0,0,1,1,0,0,0,4,3,0,0,0,0,0,0,0,4.679999947547913,4.0,0.0,0.0,0.0,0.0,0,0,0,0,0,0
MLI,576005,2021,576,5,2,1,2,1,1,1,1,1,0,0,1,1,1,0,0,4,3,0,0,0,0,0,0,0,1.8600000143051147,4.0,12.0,0.0,0.0,24.0,0,0,1,0,0,0
MLI,576006,2021,576,6,2,1,2,1,1,0,1,1,0,0,1,0,0,0,0,4,3,0,0,0,0,0,0,0,7.548801019787788,3.0,2.0,2.0,0.0,5.0,0,1,0,0,0,0
MLI,576007,2021,576,7,2,1,2,1,1,0,1,1,0,0,1,0,1,0,0,4,3,0,0,0,0,0,0,0,4.197999894618988,14.0,24.0,0.0,0.0,26.0,0,1,0,0,0,0
MLI,576008,2021,576,8,2,1,2,1,1,0,1,1,0,0,1,0,0,0,0,4,3,0,0,0,0,0,0,0,1.7060000002384186,2.0,6.0,0.0,0.0,21.0,0,1,1,0,0,0
MLI,576009,2021,576,9,2,1,2,1,1,1,1,1,0,0,1,0,0,0,0,4,3,0,0,0,0,0,0,0,,,,,,,0,0,0,0,0,0
MLI,576010,2021,576,10,2,1,2,1,1,0,0,0,0,0,0,0,0,1,0,4,5,0,0,0,0,0,0,0,2.9397000074386597,4.0,10.0,0.0,0.0,0.0,0,1,0,0,0,0
MLI,576011,2021,576,11,2,1,2,1,1,0,1,1,0,0,1,0,0,1,0,4,3,1,0,0,0,0,0,0,2.9291000366210938,3.0,2.0,0.0,0.0,0.0,0,0,0,0,0,0
MLI,576012,2021,576,12,2,1,2,1,1,0,1,1,0,0,1,0,0,0,0,4,3,1,0,0,0,0,1,0,2.829200029373169,5.0,8.0,0.0,0.0,2.0,0,1,1,0,0,0
MLI,579001,2021,579,1,1,1,2,1,1,1,1,1,0,0,1,0,0,0,0,4,3,0,0,0,0,0,0,0,0.5212000012397766,0.0,0.0,0.0,0.0,0.0,0,1,0,0,0,0
MLI,579002,2021,579,2,1,1,2,0,0,0,1,1,0,0,1,0,0,0,0,4,3,0,0,0,0,0,0,0,0.9605000168085098,1.0,0.0,0.0,0.0,6.0,0,1,0,0,0,0
MLI,579003,2021,579,3,1,2,2,1,0,0,1,1,0,0,1,0,0,0,0,4,3,0,0,0,0,0,0,0,1.370199978351593,2.0,4.0,8.0,0.0,4.0,1,1,0,0,0,0
MLI,579004,2021,579,4,1,1,2,1,1,1,1,1,0,0,1,0,0,0,0,4,3,0,0,0,0,0,0,0,3.44540011882782,1.0,0.0,0.0,0.0,5.0,1,1,1,0,0,0
MLI,579005,2021,579,5,1,1,2,1,1,1,1,1,0,0,1,0,0,0,0,4,3,0,0,0,0,0,1,0,0.6299999952316284,0.0,10.0,4.0,0.0,6.0,0,0,0,0,0,0
MLI,579006,2021,579,6,1,1,2,0,1,1,1,1,0,0,1,0,0,0,0,4,3,0,0,0,0,0,0,0,1.7511000037193298,3.0,8.0,5.0,0.0,6.0,1,1,0,0,0,0
MLI,579007,2021,579,7,1,1,2,0,0,0,1,1,0,0,1,0,0,0,0,4,3,0,0,0,0,0,0,0,1.7680999785661697,3.0,3.0,1.0,0.0,6.0,0,0,1,0,0,0
MLI,579008,2021,579,8,1,1,2,1,1,1,1,1,0,0,1,0,0,0,0,4,3,1,0,0,0,0,0,0,1.892600029706955,4.0,0.0,3.0,0.0,50.0,0,1,0,0,0,0
MLI,579009,2021,579,9,1,1,2,0,0,0,0,0,0,0,0,0,0,0,0,4,5,0,0,0,0,0,0,0,0.4238999933004379,0.0,4.0,0.0,0.0,3.0,0,1,1,0,0,0
MLI,579010,2021,579,10,1,1,2,1,0,0,1,1,0,0,1,0,0,0,0,4,3,0,0,0,0,0,0,0,2.1551999896764755,6.0,4.0,0.0,0.0,15.0,0,1,1,0,0,0
MLI,579011,2021,579,11,1,1,2,1,0,0,1,1,0,0,1,0,0,0,0,4,3,1,0,0,0,0,1,0,1.8511999696493149,5.0,2.0,0.0,0.0,10.0,0,1,0,0,0,0
MLI,579012,2021,579,12,1,1,2,1,1,0,1,1,0,0,1,0,0,1,0,4,3,0,0,0,0,0,1,0,0.5503000020980835,0.0,0.0,0.0,0.0,2.0,0,1,0,0,0,0
MLI,582001,2021,582,1,2,1,2,1,1,0,1,1,0,0,1,0,1,0,0,4,3,0,0,0,0,0,0,0,3.5199999809265137,5.0,6.0,0.0,0.0,0.0,0,0,0,0,0,0
MLI,582002,2021,582,2,2,1,2,1,1,0,1,1,0,0,1,1,0,0,0,4,3,0,0,0,0,0,0,0,2.5299999713897705,3.0,0.0,0.0,0.0,0.0,0,0,0,0,0,0
MLI,582003,2021,582,3,2,1,2,1,1,0,1,1,0,0,1,1,0,0,0,4,3,0,0,0,0,0,0,0,1.9299999475479126,2.0,7.0,0.0,0.0,0.0,0,0,0,0,0,0
MLI,582004,2021,582,4,2,1,2,1,1,0,1,1,0,0,1,1,0,0,0,4,3,0,0,0,0,0,0,0,1.3899999856948853,2.0,0.0,0.0,0.0,0.0,0,0,0,0,0,0
MLI,582005,2021,582,5,2,1,2,1,1,1,0,0,0,0,1,1,1,0,0,4,3,1,0,0,0,0,0,0,2.0859808921813965,2.0,0.0,0.0,0.0,11.0,0,1,0,0,0,0
MLI,582006,2021,582,6,2,1,2,1,1,1,1,1,0,0,1,1,0,1,0,4,3,1,0,0,0,0,0,1,2.3940000534057617,9.0,12.0,0.0,0.0,0.0,0,1,0,0,0,0
MLI,582007,2021,582,7,2,1,1,1,0,1,1,1,0,0,1,0,1,0,0,4,3,1,0,0,0,0,0,1,4.0699999034404755,43.0,10.0,0.0,0.0,18.0,1,1,1,0,0,0
MLI,582008,2021,582,8,2,1,2,1,0,0,1,1,0,0,0,0,0,0,0,4,6,0,0,0,0,0,0,0,,,,,,,0,1,0,0,0,0
MLI,582009,2021,582,9,2,1,2,1,0,0,1,0,0,0,1,0,0,0,0,4,3,0,0,0,0,0,0,0,,,,,,,0,1,0,0,0,0
MLI,582010,2021,582,10,2,1,2,1,0,1,1,1,0,0,1,0,0,0,0,4,3,0,0,0,0,0,0,0,1.5091999769210815,1.0,3.0,0.0,0.0,0.0,0,1,0,0,0,0
MLI,582011,2021,582,11,2,1,2,1,0,1,1,1,0,0,0,0,0,0,1,4,5,0,0,0,0,0,0,0,1.3286000490188599,2.0,4.0,0.0,0.0,0.0,0,1,0,0,0,0
MLI,582012,2021,582,12,2,1,2,1,1,0,0,0,0,0,1,0,0,0,0,4,3,0,0,0,0,0,0,0,4.239000052213669,1.0,4.0,0.0,0.0,0.0,0,1,1,0,0,0
MLI,583001,2021,583,1,1,1,2,0,0,0,0,0,0,0,1,0,0,0,0,4,3,0,0,0,0,0,0,0,2.444499969482422,2.0,2.0,1.0,0.0,10.0,1,1,1,1,0,0
MLI,583002,2021,583,2,1,1,2,0,0,0,0,0,0,0,1,0,0,0,0,4,3,0,0,0,0,0,1,0,4.6771000623703,11.0,9.0,4.0,0.0,8.0,1,1,0,0,0,0
MLI,583003,2021,583,3,1,1,2,0,0,0,0,0,0,0,1,0,0,0,0,4,3,0,0,0,0,0,0,0,0.8318000137805939,1.0,4.0,0.0,0.0,6.0,1,0,0,0,0,0
MLI,583004,2021,583,4,1,1,2,0,1,0,1,1,0,0,1,0,0,0,0,4,3,0,0,0,0,0,0,1,9.476200103759766,13.0,4.0,0.0,0.0,10.0,0,0,0,0,0,0
MLI,583005,2021,583,5,1,1,2,0,0,0,0,0,0,0,1,0,0,0,0,4,3,0,0,0,0,0,0,0,3.028299957513809,1.0,4.0,0.0,0.0,1.0,0,1,0,0,0,0
MLI,583006,2021,583,6,1,1,2,0,0,0,0,0,0,0,0,0,0,0,0,4,5,0,0,0,0,0,0,0,5.448899924755096,0.0,4.0,0.0,0.0,0.0,0,1,0,0,0,0
MLI,583007,2021,583,7,1,1,2,0,0,0,0,0,0,0,1,0,0,0,0,4,3,0,0,0,0,0,0,0,4.199800044298172,3.0,3.0,2.0,0.0,3.0,0,1,0,0,0,0
MLI,583008,2021,583,8,1,1,2,0,0,0,1,1,0,0,1,0,0,0,0,4,3,0,0,0,0,0,0,0,4.86319987475872,3.0,0.0,0.0,0.0,6.0,0,1,0,0,0,0
MLI,583009,2021,583,9,1,1,2,0,0,0,1,1,0,0,1,1,1,0,0,4,3,1,0,0,0,0,0,0,21.784600257873535,26.0,35.0,0.0,0.0,50.0,0,1,1,0,0,0
MLI,583010,2021,583,10,1,1,2,0,0,0,1,1,0,0,1,0,0,0,0,4,3,0,0,0,0,0,0,0,3.853800058364868,5.0,5.0,3.0,0.0,20.0,1,1,1,0,0,0
MLI,583011,2021,583,11,1,1,2,1,0,0,1,1,0,0,1,0,0,0,0,4,3,0,0,0,0,0,0,0,9.608799993991852,10.0,34.0,0.0,0.0,20.0,0,1,0,0,0,0
MLI,583012,2021,583,12,1,1,1,1,0,0,1,1,0,0,1,0,0,0,0,4,3,0,0,0,0,0,0,0,3.5036001205444336,4.0,11.0,0.0,0.0,5.0,0,1,0,0,0,1
MLI,585001,2021,585,1,1,1,2,1,1,1,1,1,0,0,1,1,0,0,0,4,3,0,0,0,0,0,0,0,2.0681999921798706,1.0,4.0,0.0,0.0,10.0,1,0,1,0,0,0
MLI,585002,2021,585,2,1,1,2,0,0,0,1,1,0,0,1,0,0,0,0,4,3,0,0,0,0,0,0,0,5.805400133132935,2.0,0.0,0.0,0.0,5.0,0,1,1,0,0,0
MLI,585003,2021,585,3,1,1,2,1,1,1,1,1,0,0,1,0,0,0,0,4,3,0,0,0,0,0,1,1,6.968999922275543,8.0,3.0,0.0,0.0,10.0,0,1,1,0,0,0
MLI,585004,2021,585,4,1,1,2,1,1,1,1,1,0,0,1,0,0,0,0,4,3,0,0,0,0,0,1,0,2.677499935030937,4.0,2.0,0.0,0.0,3.0,0,0,1,0,0,0
MLI,585005,2021,585,5,1,1,2,0,0,1,0,0,0,0,1,0,0,0,0,4,3,0,0,0,0,0,0,0,6.162699997425079,8.0,11.0,0.0,0.0,3.0,1,1,0,0,0,0
MLI,585006,2021,585,6,1,1,2,0,0,0,0,0,0,0,1,0,0,0,0,4,3,1,0,0,0,0,0,0,5.8039370477199554,1.0,5.0,0.0,0.0,34.0,0,1,0,0,0,0
MLI,585007,2021,585,7,1,1,2,1,1,0,0,0,0,0,1,0,0,0,0,4,3,1,0,0,0,0,1,0,8.945000112056732,9.0,5.0,0.0,0.0,3.0,0,1,0,0,0,0
MLI,585008,2021,585,8,1,1,2,0,0,0,0,0,0,0,1,0,0,0,0,4,3,0,0,0,0,0,0,0,4.49619996547699,2.0,7.0,0.0,0.0,0.0,0,1,0,0,0,0
MLI,585009,2021,585,9,1,1,2,1,1,1,1,1,0,0,1,0,0,0,0,4,3,0,0,0,0,0,0,0,0.3059999942779541,1.0,10.0,0.0,0.0,2.0,0,1,0,0,0,0
MLI,585010,2021,585,10,1,1,2,1,0,0,0,0,0,0,1,0,0,0,0,4,3,0,0,0,0,0,0,0,1.2129999697208405,4.0,6.0,0.0,0.0,2.0,1,1,1,1,1,0
MLI,585011,2021,585,11,1,1,2,1,0,1,1,1,0,0,1,0,0,0,0,4,3,1,0,0,0,0,0,0,9.174800038337708,8.0,23.0,0.0,0.0,10.0,0,1,0,1,0,0
MLI,585012,2021,585,12,1,1,2,1,0,0,1,1,0,0,1,0,0,0,0,4,3,0,0,0,0,0,0,0,1.5449000000953674,1.0,2.0,0.0,0.0,9.0,0,1,0,1,0,0
MLI,586001,2021,586,1,2,1,2,1,1,0,1,1,0,0,1,1,0,0,0,4,3,0,0,0,0,0,0,0,6.78000009059906,4.0,0.0,0.0,0.0,0.0,1,0,0,0,0,0
MLI,586002,2021,586,2,2,1,2,1,1,0,1,1,0,0,1,1,0,0,0,4,3,0,0,0,0,0,0,0,1.6700000166893005,1.0,0.0,0.0,0.0,0.0,0,0,0,0,0,0
MLI,586003,2021,586,3,2,1,2,1,1,0,1,1,0,0,1,1,0,0,0,4,3,0,0,0,0,0,0,0,2.479999989271164,2.0,0.0,0.0,0.0,0.0,0,0,0,0,0,0
MLI,586004,2021,586,4,2,1,2,1,1,0,1,1,0,0,1,1,0,0,0,4,3,0,0,0,0,0,0,0,3.859999895095825,3.0,5.0,0.0,0.0,0.0,0,0,0,0,0,0
MLI,586005,2021,586,5,2,1,2,1,1,1,1,1,0,0,1,0,1,0,0,4,3,1,0,0,0,0,1,0,1.3499999642372131,6.0,7.0,0.0,0.0,0.0,1,1,0,1,0,0
MLI,586006,2021,586,6,2,1,2,1,0,0,1,1,0,0,1,1,1,0,0,4,3,0,0,0,0,0,0,0,0.882999986410141,2.0,9.0,0.0,0.0,3.0,0,1,1,0,0,0
MLI,586007,2021,586,7,2,1,2,1,0,0,1,1,0,0,1,0,1,0,0,4,3,0,0,0,0,0,0,0,1.2000000178813934,1.0,2.0,0.0,0.0,11.0,0,1,0,1,0,0
MLI,586008,2021,586,8,2,1,2,1,0,0,0,0,0,0,1,0,1,0,0,4,3,1,0,0,0,0,0,0,4.019666790962219,3.0,7.0,0.0,0.0,7.0,1,1,0,0,0,0
MLI,586009,2021,586,9,2,1,2,1,1,1,0,0,0,0,1,0,0,0,0,4,3,1,0,0,0,0,0,0,2.046800047159195,5.0,16.0,0.0,0.0,10.0,0,0,0,0,0,0
MLI,586010,2021,586,10,2,1,2,1,0,0,1,1,0,0,1,0,0,1,0,4,3,0,0,0,0,0,0,0,11.092600226402283,1.0,6.0,0.0,0.0,0.0,0,0,0,0,0,0
MLI,586011,2021,586,11,2,1,2,1,0,0,1,1,0,0,0,0,0,1,0,4,5,0,0,0,0,0,0,0,0.5843000113964081,2.0,1.0,0.0,0.0,0.0,0,1,0,0,0,0
MLI,586012,2021,586,12,2,1,2,1,1,0,0,0,0,0,0,0,0,1,0,4,5,0,0,0,0,0,0,0,3.4949000477790833,1.0,2.0,0.0,0.0,3.0,0,1,1,0,0,0
MLI,591001,2021,591,1,1,1,1,1,1,1,0,0,0,1,0,0,0,0,1,2,1,1,0,0,0,0,0,0,,,,,,,0,0,0,0,0,0
MLI,591002,2021,591,2,1,1,3,1,0,0,1,1,0,1,0,0,0,0,1,3,1,1,0,0,0,0,0,0,,,,,,,0,0,0,0,0,0
MLI,591003,2021,591,3,1,1,4,0,0,0,1,1,0,0,1,0,0,0,1,4,3,0,0,0,0,0,0,0,,,,,,,0,0,0,0,0,0
MLI,591004,2021,591,4,1,1,1,1,0,1,1,1,0,1,0,0,0,0,0,2,1,1,0,0,0,0,0,0,1.0549999475479126,0.0,0.0,0.0,0.0,4.0,0,1,1,0,0,0
MLI,591005,2021,591,5,1,1,1,0,0,1,1,1,0,0,1,0,0,0,0,4,3,0,0,0,0,0,0,0,0.4912000000476837,2.0,0.0,0.0,0.0,0.0,0,0,0,0,0,0
MLI,591006,2021,591,6,1,1,1,0,0,1,1,1,1,1,0,0,0,0,0,1,1,0,0,0,0,0,0,0,1.128600001335144,2.0,0.0,0.0,0.0,0.0,0,1,0,0,0,0
MLI,591007,2021,591,7,1,1,1,1,1,1,1,1,1,1,0,0,0,0,0,1,1,0,0,0,0,0,0,0,1.2451999634504318,1.0,4.0,0.0,0.0,0.0,0,1,1,0,0,0
MLI,591008,2021,591,8,1,1,1,0,0,1,1,1,1,1,0,0,0,0,0,1,1,0,0,0,0,0,0,0,0.17139999568462372,3.0,5.0,0.0,0.0,0.0,0,0,0,0,0,0
MLI,591009,2021,591,9,1,1,1,1,0,1,1,1,1,1,0,0,0,0,0,1,1,1,0,0,0,0,0,0,3.5001992285251617,3.0,0.0,0.0,0.0,0.0,0,1,1,1,1,0
MLI,591010,2021,591,10,1,1,1,1,1,1,1,1,0,1,0,0,0,0,0,4,1,1,0,1,0,0,0,0,,0.0,0.0,0.0,0.0,4.0,1,0,1,0,0,0
MLI,591011,2021,591,11,1,1,1,0,0,1,1,1,1,1,0,0,0,0,1,1,1,1,0,0,0,0,0,0,1.5524892807006836,2.0,6.0,0.0,0.0,20.0,1,1,0,0,0,0
MLI,591012,2021,591,12,1,1,1,1,0,1,1,1,0,1,0,0,0,0,0,4,1,1,0,0,0,0,0,0,1.1784882098436356,0.0,1.0,0.0,0.0,0.0,0,1,1,0,0,0
MLI,594001,2021,594,1,1,2,3,1,1,1,1,0,0,1,0,0,0,0,1,4,1,1,0,0,0,0,1,0,0.46399998664855957,4.0,4.0,0.0,0.0,0.0,0,1,0,0,0,0
MLI,594002,2021,594,2,1,2,1,1,1,1,0,0,0,0,1,0,0,0,0,4,3,0,0,0,0,0,0,0,,,,,,,0,0,0,0,0,0
MLI,594003,2021,594,3,1,2,3,1,1,1,1,1,1,1,0,0,0,0,0,1,1,0,0,0,0,0,1,0,,0.0,0.0,0.0,0.0,3.0,0,0,0,0,0,0
MLI,594004,2021,594,4,1,1,1,1,1,1,1,1,0,1,0,0,0,0,0,2,1,1,0,0,0,0,0,0,1.711389422416687,2.0,0.0,0.0,0.0,0.0,0,1,1,0,0,0
MLI,594005,2021,594,5,1,2,4,1,1,0,0,0,0,0,1,0,0,0,0,4,3,0,0,0,0,0,0,0,,2.0,0.0,0.0,0.0,0.0,1,0,0,1,0,0
MLI,594006,2021,594,6,1,1,3,1,1,1,1,1,0,1,0,0,0,0,0,2,1,0,0,0,0,0,1,0,0.23899999260902405,0.0,3.0,0.0,0.0,6.0,0,1,0,0,0,0
MLI,594007,2021,594,7,1,2,1,1,1,1,0,0,1,1,0,0,0,0,0,1,1,0,0,0,0,0,0,0,1.8286077976226807,0.0,3.0,0.0,0.0,3.0,0,1,1,0,0,0
MLI,594008,2021,594,8,1,1,1,1,1,1,1,1,0,0,1,0,0,0,0,4,3,0,0,0,0,0,0,0,0.20649999380111694,,,,,,0,1,0,0,0,0
MLI,594009,2021,594,9,1,1,1,1,1,1,1,1,0,1,0,0,0,0,0,3,1,1,0,1,0,0,0,0,,0.0,2.0,0.0,0.0,0.0,0,1,0,0,0,0
MLI,594010,2021,594,10,1,2,1,1,1,1,0,0,0,1,0,0,0,0,1,4,1,0,0,0,0,0,0,0,0.5052000284194946,,,,,,0,0,0,0,0,0
MLI,594011,2021,594,11,1,1,1,1,1,1,1,1,0,0,1,0,0,0,0,4,3,0,0,0,0,0,0,0,,,,,,,0,0,0,0,0,0
MLI,594012,2021,594,12,1,1,1,1,1,0,1,1,1,1,0,0,0,0,0,1,1,1,0,0,0,0,0,0,0.534500002861023,4.0,15.0,0.0,0.0,0.0,0,1,1,0,0,0
MLI,595001,2021,595,1,1,1,3,1,1,1,1,1,1,1,0,0,0,0,0,1,1,0,0,0,0,0,1,0,,,,,,,0,0,0,0,0,0
MLI,595002,2021,595,2,1,2,2,0,0,1,1,1,0,1,0,0,0,0,0,4,1,0,0,0,0,0,1,0,,,,,,,0,1,0,0,0,0
MLI,595003,2021,595,3,1,1,1,1,1,1,1,1,0,1,0,1,0,1,1,4,1,0,0,1,0,0,1,1,,0.0,2.0,0.0,0.0,0.0,0,0,0,0,0,0
MLI,595004,2021,595,4,1,1,3,1,1,1,1,1,1,1,0,0,0,1,1,1,1,0,0,0,0,0,0,0,,0.0,1.0,0.0,0.0,14.0,1,1,0,0,0,0
MLI,595005,2021,595,5,1,1,1,1,1,1,0,0,1,1,0,0,0,1,1,1,1,1,0,0,0,0,1,1,3.9144715070724487,0.0,10.0,0.0,0.0,50.0,0,1,0,0,0,0
MLI,595006,2021,595,6,1,2,3,1,1,1,1,1,0,1,0,0,0,1,1,2,1,0,0,0,0,0,0,0,,0.0,5.0,0.0,0.0,50.0,0,0,0,0,0,0
MLI,595007,2021,595,7,1,1,1,1,1,1,0,0,1,1,0,0,0,1,0,1,1,1,0,0,0,0,1,0,,0.0,4.0,0.0,0.0,0.0,0,0,0,0,0,0
MLI,595008,2021,595,8,1,1,1,1,1,1,0,0,0,1,0,0,0,0,0,2,1,1,0,0,0,0,0,0,5.8165998458862305,6.0,6.0,0.0,0.0,0.0,0,1,0,0,0,0
MLI,595009,2021,595,9,1,2,3,1,1,1,1,1,1,1,0,0,0,0,0,1,1,0,0,0,0,0,0,0,,,,,,,0,0,0,0,0,0
MLI,595010,2021,595,10,1,1,1,1,1,1,1,0,0,0,1,0,0,0,0,4,2,1,0,1,0,0,1,0,,0.0,0.0,0.0,0.0,5.0,0,0,0,1,0,0
MLI,595011,2021,595,11,1,2,1,1,0,1,1,1,0,1,0,1,0,0,0,4,1,0,0,0,0,0,0,0,,1.0,2.0,0.0,0.0,0.0,0,0,1,0,0,0
MLI,595012,2021,595,12,1,1,4,0,0,0,1,1,0,0,1,0,0,0,0,4,3,0,0,0,0,0,0,0,,1.0,0.0,0.0,0.0,0.0,1,1,0,0,0,0
MLI,598001,2021,598,1,2,1,3,1,1,0,1,1,0,1,0,1,0,1,0,4,1,1,0,0,0,0,0,0,,,,,,,0,0,0,0,0,0
MLI,598002,2021,598,2,2,1,1,1,1,1,1,1,0,1,0,1,0,1,0,4,1,1,0,1,0,0,0,1,,,,,,,0,0,0,0,0,0
MLI,598003,2021,598,3,2,1,1,1,1,0,1,1,1,1,0,1,0,0,0,1,1,1,0,0,0,0,0,0,,,,,,,1,0,0,0,0,0
MLI,598004,2021,598,4,2,1,3,1,1,0,1,1,1,1,0,1,0,1,0,1,1,1,0,0,0,0,0,0,,,,,,,0,0,0,0,0,0
MLI,598005,2021,598,5,2,1,3,1,0,0,1,1,0,0,1,0,0,0,0,4,3,0,0,0,0,0,0,0,1.2044354677200317,1.0,5.0,0.0,0.0,7.0,0,0,0,0,0,0
MLI,598006,2021,598,6,2,1,3,1,1,1,1,0,1,1,0,0,1,0,0,1,1,1,0,0,0,0,1,0,,0.0,0.0,0.0,0.0,15.0,1,0,0,0,0,0
MLI,598007,2021,598,7,2,1,1,1,0,1,1,1,0,1,0,1,1,0,0,2,1,1,0,0,0,0,1,0,,,,,,,0,0,0,0,0,0
MLI,598008,2021,598,8,2,1,1,1,1,1,1,1,1,1,0,1,1,1,0,1,1,1,0,1,0,0,1,1,,0.0,4.0,0.0,0.0,0.0,0,0,0,0,0,0
MLI,598009,2021,598,9,2,1,1,1,1,1,1,1,1,1,0,1,1,0,0,1,1,1,0,1,0,0,1,1,,,,,,,0,0,0,0,0,0
MLI,598010,2021,598,10,2,1,1,1,1,1,1,1,0,1,0,1,0,0,0,2,1,1,0,0,0,0,0,0,,,,,,,0,0,0,0,0,0
MLI,598011,2021,598,11,2,1,3,1,1,1,1,1,0,1,0,1,0,0,0,2,1,1,0,0,0,0,0,0,0.6100629568099976,0.0,10.0,0.0,0.0,0.0,0,0,0,0,0,0
MLI,598012,2021,598,12,2,1,3,1,1,1,1,1,1,1,0,1,0,0,0,1,1,1,0,1,0,0,1,0,,,,,,,0,0,0,0,0,0
MLI,599001,2021,599,1,2,1,1,1,1,0,1,1,1,1,0,0,0,1,0,1,1,0,0,0,0,0,0,0,,,,,,,0,0,0,0,0,0
MLI,599002,2021,599,2,2,2,2,1,1,0,1,1,0,0,1,1,0,0,0,4,3,0,0,0,0,0,0,0,,,,,,,0,0,0,0,0,0
MLI,599003,2021,599,3,2,1,1,1,1,1,1,1,0,1,0,0,0,1,0,2,1,1,0,0,0,0,0,0,,,,,,,0,0,0,0,0,0
MLI,599004,2021,599,4,2,1,3,1,1,0,1,1,1,1,0,1,0,1,0,1,1,1,0,0,0,0,0,0,,,,,,,0,0,0,0,0,0
MLI,599005,2021,599,5,2,1,3,1,1,1,1,1,1,1,0,0,0,0,0,1,1,1,0,0,0,0,1,0,,,,,,,1,0,0,0,0,0
MLI,599006,2021,599,6,2,2,1,1,1,1,1,1,0,1,0,1,0,0,0,2,1,1,0,0,0,0,1,0,,,,,,,0,0,0,0,0,0
MLI,599007,2021,599,7,2,1,3,1,1,1,1,1,0,1,0,0,1,0,0,3,1,1,0,0,0,1,1,1,,0.0,0.0,0.0,0.0,16.0,0,0,0,0,0,0
MLI,599008,2021,599,8,2,1,3,1,1,1,1,0,0,0,1,0,0,0,0,4,3,1,0,0,0,0,0,0,,0.0,0.0,0.0,0.0,8.0,0,0,0,0,0,0
MLI,599009,2021,599,9,2,1,1,1,1,1,1,1,1,1,0,1,1,0,0,1,1,1,0,1,0,0,0,0,,,,,,,0,0,0,0,0,0
MLI,599010,2021,599,10,2,1,3,1,1,1,1,1,0,1,0,1,0,0,0,2,1,1,0,1,0,0,1,0,,,,,,,0,0,0,0,0,0
MLI,599011,2021,599,11,2,1,3,1,1,1,1,1,1,1,0,1,1,1,0,1,1,1,0,1,0,0,1,0,,,,,,,0,0,0,0,0,0
MLI,599012,2021,599,12,2,1,3,1,1,1,1,1,1,1,0,1,1,1,0,1,1,1,0,0,0,0,1,0,,,,,,,0,0,0,0,0,0
MLI,604001,2021,604,1,2,1,1,1,1,0,1,1,0,1,0,1,0,1,0,2,1,0,0,0,0,0,0,0,,,,,,,0,0,0,0,0,0
MLI,604002,2021,604,2,2,1,1,1,1,0,1,1,1,1,0,1,0,1,0,1,1,1,0,0,0,0,0,0,,,,,,,0,0,0,0,0,0
MLI,604003,2021,604,3,2,1,1,1,1,0,1,1,1,1,0,1,0,1,0,1,1,1,0,0,0,0,0,0,,,,,,,0,0,0,0,0,0
MLI,604004,2021,604,4,2,1,3,1,1,0,1,1,0,0,1,1,0,0,0,4,3,0,0,0,0,0,0,0,,,,,,,0,0,0,0,0,0
MLI,604005,2021,604,5,2,1,1,1,1,1,1,1,1,1,0,1,0,0,0,1,1,1,0,0,0,0,1,0,1.0299999713897705,0.0,3.0,0.0,0.0,12.0,0,0,0,0,0,0
MLI,604006,2021,604,6,2,1,1,1,1,1,1,1,1,1,0,1,0,0,0,1,1,1,0,1,0,0,1,0,9.586000204086304,4.0,5.0,0.0,0.0,16.0,0,1,0,1,0,0
MLI,604007,2021,604,7,2,1,3,1,0,1,1,1,0,0,0,0,0,1,0,4,6,0,0,0,0,0,0,0,0.8577333092689514,0.0,0.0,0.0,0.0,5.0,0,0,0,0,0,0
MLI,604008,2021,604,8,2,1,1,1,0,1,1,1,0,1,0,0,0,0,0,2,1,1,0,0,0,0,1,0,,0.0,0.0,0.0,0.0,22.0,1,0,0,0,0,0
MLI,604009,2021,604,9,2,1,1,1,0,1,1,1,0,1,0,1,0,1,0,2,1,1,0,0,0,0,0,0,,,,,,,0,0,0,0,0,0
MLI,604010,2021,604,10,2,1,1,1,0,0,1,1,0,1,0,0,0,1,0,2,1,1,0,0,0,0,0,0,1.0585999488830566,1.0,9.0,0.0,0.0,0.0,0,1,0,0,0,0
MLI,604011,2021,604,11,2,1,1,1,1,1,1,0,1,1,0,1,0,0,0,1,1,1,0,0,0,0,0,0,2.549999952316284,1.0,4.0,0.0,0.0,0.0,0,1,0,0,0,0
MLI,604012,2021,604,12,2,2,1,1,0,1,0,0,0,1,0,0,0,1,0,2,1,1,0,0,0,0,0,0,,,,,,,0,0,0,0,0,0
MLI,606001,2021,606,1,1,1,3,1,1,1,0,0,0,0,1,0,0,0,0,4,3,0,0,0,0,0,1,0,0.5976999998092651,0.0,4.0,0.0,0.0,30.0,0,1,1,0,0,0
MLI,606002,2021,606,2,1,1,2,1,0,0,0,0,0,0,1,0,0,0,0,4,3,0,0,0,0,0,0,0,1.9554999470710754,3.0,0.0,0.0,0.0,5.0,0,1,1,0,0,0
MLI,606003,2021,606,3,1,1,2,1,0,0,0,0,0,0,1,0,0,0,0,4,3,0,0,0,0,0,0,0,4.672200083732605,8.0,8.0,2.0,0.0,2.0,0,1,1,0,0,0
MLI,606004,2021,606,4,1,1,2,1,1,1,0,0,0,0,1,0,0,0,0,4,3,0,0,0,0,0,0,0,9.013000011444092,8.0,14.0,0.0,0.0,10.0,0,1,1,0,0,0
MLI,606005,2021,606,5,1,1,2,0,1,1,1,0,0,0,1,0,0,1,0,4,3,1,0,0,0,0,1,0,7.408999890089035,4.0,3.0,0.0,0.0,10.0,0,1,0,1,0,0
MLI,606006,2021,606,6,1,1,2,0,1,0,0,0,0,0,0,0,0,0,0,4,5,0,0,0,0,0,0,0,4.705699987709522,4.0,4.0,2.0,0.0,3.0,0,1,0,0,0,0
MLI,606007,2021,606,7,1,1,3,1,1,1,1,1,0,0,1,0,0,1,0,4,3,1,0,0,0,0,0,0,,0.0,0.0,0.0,0.0,5.0,0,0,0,0,0,0
MLI,606008,2021,606,8,1,1,2,0,0,1,1,1,0,0,1,0,0,0,0,4,3,1,0,0,0,0,0,0,3.8601001501083374,4.0,4.0,0.0,0.0,6.0,0,1,1,1,0,0
MLI,606009,2021,606,9,1,1,2,0,0,0,0,0,0,0,1,0,0,0,0,4,3,0,0,0,0,0,0,0,2.4824000000953674,1.0,1.0,0.0,0.0,3.0,0,1,0,0,0,0
MLI,606010,2021,606,10,1,1,2,1,1,1,0,0,0,0,1,0,0,0,0,4,3,0,0,0,0,0,0,0,5.323699951171875,9.0,11.0,0.0,0.0,3.0,0,1,0,0,0,0
MLI,606011,2021,606,11,1,1,2,0,0,0,0,0,0,0,1,0,0,0,0,4,3,0,0,0,0,0,0,0,3.0792999267578125,5.0,2.0,0.0,0.0,4.0,0,1,0,0,0,0
MLI,606012,2021,606,12,1,2,2,1,1,1,1,1,0,0,1,0,0,0,0,4,3,0,0,1,0,0,0,0,0.2628999948501587,,,,,,0,1,0,0,0,0
MLI,608001,2021,608,1,2,1,2,1,1,0,1,1,0,0,1,1,0,0,0,4,3,0,0,0,0,0,0,0,3.569999933242798,1.0,0.0,0.0,0.0,0.0,0,0,0,0,0,0
MLI,608002,2021,608,2,2,1,2,1,1,0,1,1,0,0,1,1,0,0,0,4,3,0,0,0,0,0,0,0,2.5999999046325684,1.0,0.0,0.0,0.0,0.0,0,0,0,0,0,0
MLI,608003,2021,608,3,2,1,2,1,1,0,1,1,0,0,1,1,0,0,0,4,3,0,0,0,0,0,0,0,1.6100000143051147,1.0,0.0,0.0,0.0,0.0,0,0,0,0,0,0
MLI,608004,2021,608,4,2,2,2,1,0,0,0,0,0,0,1,0,0,1,0,4,3,1,0,0,0,0,0,0,3.755013108253479,1.0,12.0,0.0,0.0,8.0,0,1,0,0,0,0
MLI,608005,2021,608,5,2,2,2,1,1,0,1,1,0,0,1,1,0,0,0,4,3,0,0,0,0,0,0,0,4.159999847412109,1.0,0.0,0.0,0.0,0.0,0,0,0,0,0,0
MLI,608006,2021,608,6,2,1,2,1,0,0,0,0,0,0,0,1,0,0,0,4,6,0,0,0,0,0,0,0,3.7760000228881836,1.0,4.0,0.0,0.0,18.0,0,1,0,0,0,0
MLI,608007,2021,608,7,2,1,2,0,1,0,0,1,0,0,0,0,0,0,0,4,6,0,0,0,0,0,0,0,,0.0,16.0,0.0,0.0,36.0,1,1,0,0,0,0
MLI,608008,2021,608,8,2,1,2,1,0,1,0,0,0,0,1,0,0,0,0,4,3,1,0,0,0,0,1,0,,0.0,4.0,0.0,0.0,0.0,0,0,0,0,0,0
MLI,608009,2021,608,9,2,1,2,1,0,0,0,0,0,0,0,0,0,1,0,4,5,0,0,0,0,0,0,0,,,,,,,0,0,0,0,0,0
MLI,608010,2021,608,10,2,2,2,1,0,0,0,0,0,0,1,0,0,0,0,4,3,0,0,0,0,0,0,0,5.205999970436096,1.0,8.0,0.0,0.0,16.0,0,1,0,0,0,0
MLI,608011,2021,608,11,2,1,2,1,0,0,1,1,0,0,1,0,0,1,0,4,3,0,0,0,0,0,0,0,6.281477212905884,1.0,30.0,0.0,0.0,0.0,0,0,0,0,0,0
MLI,608012,2021,608,12,2,1,2,1,0,0,0,0,0,0,0,0,0,0,0,4,5,0,0,0,0,0,0,0,,,,,,,0,0,0,0,0,0
MLI,610001,2021,610,1,1,1,2,0,0,0,1,1,0,0,1,0,0,0,0,4,3,0,0,0,0,0,0,0,6.797500133514404,0.0,5.0,0.0,0.0,8.0,0,1,0,0,0,0
MLI,610002,2021,610,2,1,2,2,0,1,1,1,1,0,0,1,0,0,0,0,4,3,0,0,0,0,0,0,0,2.2117999792099,1.0,0.0,0.0,0.0,0.0,0,0,0,0,0,0
MLI,610003,2021,610,3,1,1,2,0,0,0,1,1,0,0,1,0,0,0,0,4,3,0,0,0,0,0,0,0,4.689999997615814,6.0,9.0,0.0,0.0,6.0,0,1,0,0,0,0
MLI,610004,2021,610,4,1,1,2,0,0,1,1,1,0,0,1,0,0,0,0,4,3,0,0,0,0,0,1,0,4.625599980354309,5.0,27.0,0.0,1.0,12.0,1,1,1,0,0,0
MLI,610005,2021,610,5,1,1,2,1,0,0,1,1,0,0,1,0,0,0,0,4,3,0,0,0,0,0,0,0,3.0530000925064087,3.0,16.0,0.0,0.0,35.0,0,1,0,0,0,0
MLI,610006,2021,610,6,1,1,2,0,0,0,0,1,0,0,1,0,0,0,0,4,3,0,0,0,0,0,0,0,5.079599976539612,3.0,9.0,0.0,0.0,20.0,0,1,0,0,1,0
MLI,610007,2021,610,7,1,1,2,1,1,1,1,1,0,0,1,0,0,0,0,4,3,0,0,0,0,0,0,0,7.032573699951172,2.0,5.0,0.0,0.0,5.0,0,1,0,0,1,0
MLI,610008,2021,610,8,1,1,2,1,0,0,0,0,0,0,1,1,0,0,0,4,3,0,0,0,0,0,0,0,2.023400068283081,7.0,27.0,0.0,0.0,17.0,0,1,1,0,1,0
MLI,610009,2021,610,9,1,1,2,1,0,0,1,1,0,0,0,0,0,0,0,4,5,0,0,0,0,0,0,0,1.9313000440597534,2.0,2.0,0.0,0.0,6.0,1,1,1,0,0,0
MLI,610010,2021,610,10,1,1,2,1,1,0,1,1,0,0,1,0,0,0,0,4,3,0,0,0,0,0,0,0,5.3208001255989075,4.0,22.0,0.0,0.0,10.0,0,1,1,1,0,0
MLI,610011,2021,610,11,1,1,2,1,0,0,0,0,0,0,1,0,0,0,0,4,3,0,0,0,0,0,0,0,4.63450014591217,2.0,4.0,0.0,0.0,10.0,1,1,1,0,0,0
MLI,610012,2021,610,12,1,1,2,1,1,0,0,0,0,0,1,0,0,0,0,4,3,0,0,0,0,0,0,0,3.988800048828125,1.0,7.0,0.0,0.0,10.0,0,1,1,0,0,0
MLI,613001,2021,613,1,2,1,2,1,1,0,1,1,0,0,1,1,0,0,0,4,3,0,0,0,0,0,0,0,2.869999885559082,4.0,0.0,0.0,0.0,0.0,0,0,0,0,0,0
MLI,613002,2021,613,2,2,1,2,1,1,0,1,1,0,0,1,1,0,0,0,4,3,0,0,0,0,0,0,0,9.789999961853027,3.0,0.0,0.0,0.0,0.0,0,0,0,0,0,0
MLI,613003,2021,613,3,2,1,2,1,1,0,1,1,0,0,1,1,0,0,0,4,3,0,0,0,0,0,0,0,2.0799999237060547,2.0,0.0,0.0,0.0,0.0,0,0,0,0,0,0
MLI,613004,2021,613,4,2,1,2,1,1,0,1,1,0,0,1,1,0,0,0,4,3,0,0,0,0,0,0,0,3.619999885559082,2.0,0.0,0.0,0.0,0.0,0,0,0,0,0,0
MLI,613005,2021,613,5,2,1,2,1,0,1,0,0,0,0,1,0,0,0,0,4,3,0,0,0,0,0,0,0,5.011999845504761,4.0,9.0,0.0,0.0,13.0,1,1,0,0,0,0
MLI,613006,2021,613,6,2,1,2,0,0,1,0,0,0,0,1,1,0,1,0,4,3,0,0,0,0,0,0,0,10.671000003814697,3.0,6.0,0.0,0.0,13.0,0,1,0,0,0,0
MLI,613007,2021,613,7,2,1,2,1,0,0,1,1,0,0,1,0,0,0,0,4,3,0,0,0,0,0,0,0,,0.0,0.0,0.0,0.0,6.0,0,1,0,0,0,0
MLI,613008,2021,613,8,2,1,2,1,0,0,1,1,0,0,1,0,0,0,0,4,3,0,0,0,0,0,0,0,5.696000099182129,3.0,2.0,0.0,0.0,0.0,1,1,0,1,0,0
MLI,613009,2021,613,9,2,1,2,1,0,0,1,1,0,0,1,0,0,1,0,4,3,1,0,0,0,0,0,0,4.303500175476074,5.0,12.0,0.0,0.0,12.0,0,1,0,0,0,0
MLI,613010,2021,613,10,2,1,2,1,0,1,0,0,0,0,1,0,0,1,0,4,3,1,0,0,0,0,0,0,5.047831773757935,2.0,0.0,0.0,0.0,0.0,0,1,0,0,0,0
MLI,613011,2021,613,11,2,1,2,1,0,0,1,1,0,0,1,0,0,1,0,4,3,0,0,0,0,0,0,0,6.162741661071777,3.0,3.0,0.0,0.0,0.0,0,1,0,0,0,0
MLI,613012,2021,613,12,2,1,2,1,0,1,0,0,0,0,1,0,0,0,0,4,3,1,0,0,0,0,0,0,5.077899992465973,10.0,0.0,0.0,0.0,10.0,0,1,0,0,0,0
MLI,615001,2021,615,1,2,1,2,1,0,0,1,1,1,1,0,1,0,0,0,1,1,1,0,1,0,0,1,1,2.473988860845566,20.0,4.0,0.0,0.0,10.0,0,1,1,0,1,0
MLI,615002,2021,615,2,2,1,2,1,0,0,1,1,1,1,0,1,0,0,0,1,1,1,0,0,0,0,0,0,3.1734066009521484,41.0,8.0,0.0,0.0,0.0,0,1,1,1,1,0
MLI,615003,2021,615,3,2,1,2,1,0,0,1,1,1,1,0,1,0,0,0,1,1,1,0,0,0,0,0,0,0.45718783140182495,,,,,,0,0,1,0,0,0
MLI,615004,2021,615,4,2,1,2,1,0,0,1,1,1,1,0,1,0,0,0,1,1,0,0,1,0,0,0,0,,0.0,3.0,0.0,0.0,0.0,0,0,1,0,1,0
MLI,615005,2021,615,5,2,1,1,1,0,1,1,1,1,1,0,1,0,1,0,1,1,0,0,0,0,0,0,0,,,,,,,1,0,1,0,1,0
MLI,615006,2021,615,6,2,1,2,1,0,0,1,1,0,0,0,1,0,0,0,4,5,0,0,0,0,0,0,0,2.866181969642639,5.0,1.0,0.0,0.0,0.0,0,0,0,0,0,0
MLI,615007,2021,615,7,2,1,1,1,0,1,0,1,1,1,0,1,1,0,0,1,1,1,0,0,0,0,1,0,,,,,,,1,0,1,0,0,0
MLI,615008,2021,615,8,2,1,2,1,0,0,1,1,1,1,0,1,1,1,0,1,1,1,0,0,0,0,1,0,2.4530560970306396,,,,,,1,1,0,0,0,0
MLI,615009,2021,615,9,2,1,1,1,0,0,1,1,1,1,0,1,0,1,0,1,1,1,0,0,0,0,0,0,1.498233437538147,1.0,15.0,0.0,0.0,0.0,1,0,0,1,0,0
MLI,615010,2021,615,10,2,1,1,1,1,1,1,1,0,1,0,1,1,1,1,3,1,1,0,1,0,0,1,0,2.0448578000068665,0.0,12.0,0.0,0.0,0.0,0,1,0,1,0,0
MLI,615011,2021,615,11,2,1,1,1,1,1,1,1,0,0,1,1,1,0,1,4,3,0,0,0,0,0,0,1,2.2758820056915283,46.0,21.0,0.0,0.0,0.0,0,0,0,0,0,0
MLI,615012,2021,615,12,2,1,1,1,0,0,1,1,0,1,0,1,0,0,1,2,1,0,0,0,0,0,0,0,,0.0,3.0,0.0,0.0,0.0,1,0,0,0,0,0
MLI,616001,2021,616,1,2,1,1,1,1,1,1,1,0,0,1,0,0,0,0,4,3,0,0,0,0,0,0,0,,0.0,7.0,0.0,0.0,0.0,0,0,1,1,1,0
MLI,616002,2021,616,2,2,1,1,1,0,1,1,1,0,0,1,1,0,0,0,4,3,0,0,0,0,0,0,0,4.611672759056091,20.0,30.0,0.0,0.0,0.0,0,1,1,0,1,0
MLI,616003,2021,616,3,2,1,2,1,1,1,1,1,0,0,1,0,0,0,0,4,3,0,0,0,0,0,0,0,,0.0,8.0,0.0,0.0,0.0,1,0,1,0,1,0
MLI,616004,2021,616,4,2,1,4,1,1,1,1,1,0,0,1,0,0,0,0,4,3,1,0,0,0,0,0,0,,0.0,2.0,0.0,0.0,0.0,0,0,1,0,1,0
MLI,616005,2021,616,5,2,1,1,1,1,0,1,1,0,0,0,1,0,0,0,4,5,0,0,0,0,0,0,0,1.498412847518921,0.0,5.0,0.0,0.0,0.0,0,1,1,0,0,0
MLI,616006,2021,616,6,2,2,3,1,0,1,1,1,0,0,1,1,0,1,1,4,2,0,0,0,0,0,0,0,,0.0,16.0,0.0,0.0,0.0,0,0,1,0,1,0
MLI,616007,2021,616,7,2,1,1,1,1,1,1,1,0,0,1,0,0,0,0,4,3,1,0,1,0,0,0,0,4.997962594032288,100.0,30.0,0.0,0.0,0.0,0,1,1,0,0,0
MLI,616008,2021,616,8,2,1,1,1,0,0,1,1,0,0,0,0,0,0,0,4,5,0,0,0,0,0,0,0,1.1863751411437988,0.0,3.0,0.0,0.0,0.0,0,1,1,1,0,0
MLI,616009,2021,616,9,2,1,1,1,0,0,1,1,0,0,1,1,0,1,1,4,3,0,0,0,0,0,0,0,,7.0,4.0,0.0,0.0,12.0,0,0,1,0,1,0
MLI,616010,2021,616,10,2,2,4,1,0,1,1,1,0,0,1,1,0,1,1,4,3,0,0,0,0,0,0,0,1.5944992303848267,,,,,,0,0,1,0,0,0
MLI,616011,2021,616,11,2,1,3,1,0,1,1,1,0,0,1,1,0,1,1,4,3,1,0,0,0,0,0,0,,0.0,2.0,0.0,0.0,10.0,0,0,1,0,0,0
MLI,616012,2021,616,12,2,2,3,1,0,1,1,1,0,0,1,0,0,0,0,4,3,0,0,0,0,0,0,0,4.8222434520721436,0.0,7.0,0.0,0.0,0.0,0,1,1,1,0,0
MLI,617001,2021,617,1,2,2,3,1,0,1,1,1,0,0,0,0,0,0,0,4,6,0,0,0,0,0,0,0,,0.0,2.0,0.0,0.0,0.0,0,0,1,1,1,0
MLI,617002,2021,617,2,2,1,3,1,0,1,1,1,0,0,1,0,0,0,0,4,3,0,0,0,0,0,0,0,0.5057695508003235,0.0,7.0,0.0,0.0,10.0,0,1,1,0,1,0
MLI,617003,2021,617,3,2,1,1,1,0,1,1,1,0,0,0,0,0,0,0,4,6,0,0,0,0,0,0,0,,,,,,,0,0,1,0,1,0
MLI,617004,2021,617,4,2,1,1,1,0,1,1,1,0,0,0,0,0,0,0,4,6,0,0,0,0,0,0,0,,0.0,3.0,0.0,0.0,20.0,0,0,1,0,1,0
MLI,617005,2021,617,5,2,1,1,1,0,1,1,1,0,0,0,0,0,0,0,4,5,1,0,0,0,0,0,0,2.2394449710845947,,,,,,0,1,1,0,0,0
MLI,617006,2021,617,6,2,1,1,1,0,1,1,1,0,0,1,0,0,0,0,4,3,0,0,0,0,0,0,0,3.8034586906433105,,,,,,0,1,1,1,1,0
MLI,617007,2021,617,7,2,1,3,1,0,0,1,1,0,0,1,0,0,1,0,4,3,0,0,0,0,0,0,0,0.8650449514389038,1.0,3.0,0.0,0.0,0.0,1,1,1,0,0,0
MLI,617008,2021,617,8,2,1,1,1,0,1,1,1,0,0,1,0,0,0,0,4,3,0,0,1,0,0,0,0,,0.0,2.0,0.0,0.0,0.0,1,0,1,0,0,0
MLI,617009,2021,617,9,2,2,1,1,0,0,1,1,0,0,0,1,0,1,1,4,5,0,0,0,0,0,0,0,,4.0,18.0,0.0,0.0,0.0,0,0,1,0,1,0
MLI,617010,2021,617,10,2,1,1,1,0,0,1,1,0,0,1,1,0,1,1,4,3,1,0,0,0,0,1,0,1.8066548109054565,1.0,6.0,0.0,0.0,0.0,1,1,1,0,1,0
MLI,617011,2021,617,11,2,2,1,1,0,1,1,1,0,0,1,1,0,1,1,4,2,0,0,0,0,0,0,1,,3.0,3.0,0.0,0.0,0.0,0,0,1,0,0,0
MLI,617012,2021,617,12,2,1,1,1,0,0,1,1,0,0,1,1,0,1,1,4,3,1,0,0,0,0,1,0,,0.0,11.0,0.0,0.0,0.0,0,1,1,0,0,0
MLI,621001,2021,621,1,1,2,2,1,0,0,1,1,0,0,1,0,0,0,0,4,3,0,0,0,0,0,0,0,4.2109551429748535,1.0,3.0,0.0,0.0,15.0,0,1,1,0,1,0
MLI,621002,2021,621,2,1,1,2,1,0,0,0,0,0,0,0,1,0,0,0,4,6,0,0,0,0,0,0,0,1.9711298942565918,0.0,2.0,0.0,0.0,0.0,0,0,0,0,0,0
MLI,621003,2021,621,3,1,1,2,1,0,0,1,1,0,0,1,0,1,1,0,4,3,0,0,0,0,0,0,0,5.742576360702515,1.0,3.0,0.0,0.0,15.0,0,1,1,0,1,0
MLI,621004,2021,621,4,1,2,2,1,0,0,0,0,0,0,1,1,0,0,0,4,3,0,0,0,0,0,0,0,1.469050407409668,0.0,3.0,0.0,0.0,12.0,0,0,0,0,0,0
MLI,621005,2021,621,5,1,1,2,1,0,0,0,0,0,0,0,1,0,0,0,4,5,0,0,0,0,0,0,0,0.4944751262664795,0.0,2.0,0.0,0.0,0.0,0,0,0,0,0,0
MLI,621006,2021,621,6,1,1,2,1,0,0,0,0,0,0,0,1,0,0,0,4,6,0,0,0,0,0,0,0,1.5790835618972778,0.0,7.0,0.0,0.0,0.0,1,0,0,0,0,0
MLI,621007,2021,621,7,1,1,2,1,0,0,0,0,0,0,1,1,0,0,0,4,3,1,0,0,0,0,0,0,1.6266955137252808,1.0,0.0,0.0,0.0,12.0,0,1,1,0,1,0
MLI,621008,2021,621,8,1,1,2,1,0,0,0,0,0,0,1,1,0,0,0,4,3,0,0,0,0,0,0,0,0.8449636101722717,1.0,3.0,0.0,0.0,12.0,1,1,1,0,1,0
MLI,621009,2021,621,9,1,1,2,1,0,0,0,0,0,0,0,1,0,0,0,4,6,0,0,0,0,0,0,0,0.9085811972618103,2.0,4.0,0.0,0.0,10.0,0,1,1,0,0,0
MLI,621010,2021,621,10,1,1,2,1,0,0,0,0,0,0,1,1,0,0,0,4,3,0,0,0,0,0,0,0,0.8426642417907715,1.0,1.0,0.0,0.0,15.0,0,0,1,0,1,0
MLI,621011,2021,621,11,1,1,2,1,0,0,1,1,0,0,1,0,0,0,0,4,3,0,0,0,0,0,0,0,3.9304779767990112,1.0,1.0,0.0,0.0,16.0,0,1,0,0,1,0
MLI,621012,2021,621,12,1,1,2,1,0,0,1,1,0,0,0,0,0,0,0,4,5,0,0,0,0,0,0,0,13.371273875236511,32.0,35.0,0.0,0.0,10.0,0,1,1,0,1,0
MLI,624001,2021,624,1,1,1,2,1,0,0,1,1,0,0,1,1,0,0,0,4,3,1,0,0,0,0,0,0,1.1492999792099,2.0,2.0,0.0,0.0,0.0,0,1,1,0,1,0
MLI,624002,2021,624,2,1,1,2,1,0,0,1,1,0,0,0,1,0,0,0,4,6,0,0,0,0,0,0,0,,0.0,1.0,0.0,0.0,0.0,1,0,1,0,0,0
MLI,624003,2021,624,3,1,1,2,1,0,0,1,1,0,0,1,1,0,0,0,4,3,0,0,0,0,0,0,0,0.789682537317276,0.0,1.0,0.0,0.0,11.0,0,1,1,0,1,0
MLI,624004,2021,624,4,1,1,2,1,0,0,1,1,0,0,0,0,0,0,0,4,6,0,0,0,0,0,0,0,1.335318386554718,2.0,0.0,0.0,0.0,9.0,0,1,0,0,0,0
MLI,624005,2021,624,5,1,1,2,1,0,0,1,1,0,0,0,0,0,0,1,4,5,0,0,0,0,0,0,0,2.3438761234283447,1.0,0.0,0.0,0.0,0.0,0,1,0,0,0,0
MLI,624006,2021,624,6,1,1,2,1,0,0,1,1,0,0,1,0,1,0,0,4,3,1,0,0,0,0,0,0,6.432099938392639,5.0,3.0,0.0,0.0,5.0,0,1,0,0,0,0
MLI,624007,2021,624,7,1,1,2,1,0,0,1,1,0,0,1,0,1,0,0,4,3,1,0,0,0,0,1,0,8.29419994354248,6.0,6.0,0.0,0.0,15.0,0,1,0,0,1,0
MLI,624008,2021,624,8,1,1,2,1,0,0,1,1,0,0,1,0,1,0,0,4,3,0,0,0,0,0,0,0,8.051100060343742,5.0,4.0,0.0,0.0,0.0,0,1,0,0,0,0
MLI,624009,2021,624,9,1,1,2,1,0,1,1,1,0,0,1,1,0,1,1,4,3,0,0,0,0,0,0,0,,,,,,,1,0,0,0,0,0
MLI,624010,2021,624,10,1,1,2,1,0,1,1,1,0,0,1,1,0,1,1,4,3,1,0,0,0,0,1,0,2.586080014705658,4.0,2.0,0.0,0.0,0.0,1,0,0,0,0,0
MLI,624011,2021,624,11,1,1,2,1,0,0,1,1,0,0,1,1,0,1,1,4,3,0,0,0,0,0,0,0,6.200534343719482,4.0,4.0,0.0,0.0,0.0,0,0,0,0,0,0
MLI,624012,2021,624,12,1,1,2,1,0,1,1,1,0,0,1,0,0,1,1,4,3,0,0,0,0,0,0,0,,,,,,,1,0,0,0,0,0
MLI,630001,2021,630,1,2,1,1,1,0,0,1,1,1,1,0,1,0,0,0,1,1,1,0,1,0,1,1,1,2.1088778972625732,54.0,15.0,0.0,0.0,3.0,0,0,1,0,0,0
MLI,630002,2021,630,2,2,1,1,1,0,0,1,1,1,1,0,1,0,0,0,1,1,1,0,0,0,0,0,0,,,,,,,0,0,1,0,1,0
MLI,630003,2021,630,3,2,1,3,1,0,0,1,1,1,1,0,1,0,1,0,1,1,1,0,0,0,0,0,0,,0.0,6.0,0.0,0.0,0.0,0,0,1,0,1,0
MLI,630004,2021,630,4,2,1,3,1,0,0,1,1,1,1,0,1,0,0,0,1,1,1,0,0,0,0,1,0,0.98760586977005,0.0,3.0,0.0,0.0,0.0,1,1,1,0,1,0
MLI,630005,2021,630,5,2,1,1,1,0,1,1,1,1,1,0,1,1,1,0,1,1,1,0,0,0,0,1,0,,,,,,,0,0,0,0,1,0
MLI,630006,2021,630,6,2,1,1,1,0,1,1,1,1,1,0,1,1,1,0,1,1,1,0,1,0,0,1,0,,,,,,,0,0,0,1,1,0
MLI,630007,2021,630,7,2,1,1,1,0,0,1,1,1,1,0,1,0,1,0,1,1,0,0,1,0,0,0,0,,,,,,,0,0,1,0,0,0
MLI,630008,2021,630,8,2,1,1,1,0,1,1,1,1,1,0,1,1,1,1,1,1,0,0,0,0,0,0,0,,,,,,,0,0,0,0,0,0
MLI,630009,2021,630,9,2,1,1,1,0,0,1,1,1,1,0,1,0,0,1,1,1,1,0,0,0,0,0,0,3.868600070476532,,,,,,0,1,0,0,0,0
MLI,630010,2021,630,10,2,1,1,1,0,0,1,1,1,1,0,1,0,0,0,1,1,1,0,0,0,0,1,0,1.8080999851226807,0.0,2.0,0.0,0.0,0.0,0,1,0,0,0,0
MLI,630011,2021,630,11,2,1,3,1,0,0,1,1,0,0,0,1,0,0,0,4,4,0,0,0,0,0,0,0,,,,,,,0,0,0,0,0,0
MLI,630012,2021,630,12,2,1,4,1,0,0,1,1,0,1,0,1,0,0,1,2,1,1,1,1,0,0,1,0,,1.0,0.0,0.0,0.0,0.0,1,0,0,0,0,0
MLI,633001,2021,633,1,2,1,3,1,0,1,1,1,1,1,0,1,0,1,1,1,1,1,0,0,0,0,1,0,,,,,,,0,0,0,0,1,0
MLI,633002,2021,633,2,2,1,1,1,0,1,1,1,1,1,0,1,0,0,0,1,1,1,0,0,0,0,0,0,,,,,,,0,0,1,0,0,1
MLI,633003,2021,633,3,2,1,3,1,0,1,1,1,0,1,0,0,0,0,0,2,1,1,0,0,0,0,1,0,,0.0,3.0,0.0,0.0,0.0,0,0,0,0,0,0
MLI,633004,2021,633,4,2,1,1,1,0,1,1,1,1,1,0,1,0,1,0,1,1,1,1,0,0,0,0,0,,,,,,,0,0,1,0,0,0
MLI,633005,2021,633,5,2,1,3,1,0,1,1,1,1,1,0,1,0,0,1,1,1,1,0,1,0,0,1,0,,,,,,,1,1,1,0,0,0
MLI,633006,2021,633,6,2,1,3,1,0,1,1,1,1,1,0,1,0,0,0,1,1,1,0,0,0,0,1,0,,,,,,,0,0,0,0,0,0
MLI,633007,2021,633,7,2,1,3,1,0,0,1,1,0,0,1,1,0,0,1,4,3,0,0,0,0,0,0,0,,,,,,,0,1,1,0,0,0
MLI,633008,2021,633,8,2,1,1,1,0,1,1,1,1,1,0,1,0,0,0,1,1,0,0,0,0,0,0,0,,,,,,,1,0,1,0,0,0
MLI,633009,2021,633,9,2,2,3,1,0,1,1,1,1,1,0,1,0,0,0,1,1,1,0,0,0,0,1,0,,0.0,4.0,0.0,0.0,0.0,0,0,1,0,0,0
MLI,633010,2021,633,10,2,1,1,1,0,1,1,1,1,1,0,1,0,1,1,1,1,1,0,1,0,0,1,0,,0.0,4.0,0.0,0.0,0.0,0,0,0,0,0,0
MLI,633011,2021,633,11,2,1,3,1,0,1,1,1,1,1,0,1,0,1,1,1,1,1,0,0,0,0,0,0,,,,,,,1,0,0,0,0,0
MLI,633012,2021,633,12,2,1,3,1,0,1,1,1,1,1,0,1,0,0,1,1,1,1,0,1,0,0,1,0,0.9052561521530151,,,,,,0,1,1,0,0,0
MLI,639001,2021,639,1,1,1,1,1,0,0,1,1,1,1,0,1,0,0,1,1,1,1,0,1,0,0,1,0,,9.0,3.0,0.0,0.0,4.0,1,0,0,0,0,0
MLI,639002,2021,639,2,1,2,2,1,0,1,1,1,1,1,0,1,0,1,1,1,1,1,0,1,0,0,1,0,,3.0,0.0,0.0,0.0,0.0,0,0,0,0,0,0
MLI,639003,2021,639,3,1,1,1,1,0,0,1,1,1,1,0,1,0,0,0,1,1,0,0,1,0,0,0,0,1.0202580690383911,,,,,,1,0,0,0,0,0
MLI,639004,2021,639,4,1,1,1,1,0,0,1,1,1,1,0,1,0,0,0,1,1,1,0,0,0,0,1,0,,0.0,1.0,0.0,0.0,0.0,1,0,0,0,0,0
MLI,639005,2021,639,5,1,1,1,1,0,0,1,1,0,1,0,1,0,0,0,2,1,1,0,0,0,0,1,0,,0.0,1.0,0.0,0.0,6.0,1,0,0,0,0,0
MLI,639006,2021,639,6,1,2,2,1,0,1,1,1,1,1,0,0,0,1,1,1,1,1,0,1,0,0,1,0,0.9608306884765625,2.0,0.0,0.0,0.0,0.0,0,1,1,0,1,0
MLI,639007,2021,639,7,1,1,1,1,0,0,1,1,0,1,0,0,0,1,0,2,1,1,0,0,0,0,0,0,,0.0,0.0,0.0,0.0,22.0,0,0,0,0,0,0
MLI,639008,2021,639,8,1,2,2,1,0,1,1,1,1,1,0,0,0,1,1,1,1,1,0,0,0,0,0,0,,,,,,,1,0,0,0,0,0
MLI,639009,2021,639,9,1,2,3,1,0,1,1,1,1,1,0,1,0,1,0,1,1,0,0,0,0,0,0,0,,,,,,,0,0,0,0,0,0
MLI,639010,2021,639,10,1,2,1,1,0,0,1,1,1,1,0,1,0,0,1,1,1,0,0,0,0,0,0,0,,2.0,2.0,0.0,0.0,0.0,0,0,0,0,0,0
MLI,639011,2021,639,11,1,2,3,1,0,0,1,1,0,1,0,1,1,1,1,2,1,1,0,0,0,0,1,0,,,,,,,0,0,1,0,0,0
MLI,639012,2021,639,12,1,2,3,1,0,0,1,1,0,1,0,1,0,0,1,2,1,1,0,0,0,0,0,0,,,,,,,0,0,0,0,0,0
MLI,643001,2021,643,1,1,1,1,1,0,0,1,1,1,1,0,1,0,0,0,1,1,1,0,1,0,0,1,0,0.5260045528411865,,,,,,1,0,0,0,0,0
MLI,643002,2021,643,2,1,1,1,1,1,1,1,1,1,1,0,1,0,0,0,1,1,1,0,1,0,0,1,0,,0.0,2.0,0.0,0.0,0.0,0,0,0,0,0,0
MLI,643003,2021,643,3,1,1,1,1,0,0,1,1,1,1,0,1,0,0,0,1,1,1,0,0,0,0,0,0,,,,,,,1,0,1,0,0,0
MLI,643004,2021,643,4,1,2,1,1,0,1,1,1,1,1,0,1,0,0,0,1,1,1,0,1,0,0,1,0,,,,,,,0,0,0,1,0,0
MLI,643005,2021,643,5,1,2,1,1,0,1,1,1,1,1,0,1,0,0,0,1,1,1,0,0,0,0,1,0,,1.0,0.0,0.0,0.0,0.0,0,0,0,0,0,0
MLI,643006,2021,643,6,1,2,1,1,0,0,1,1,0,1,0,1,1,0,1,3,1,1,1,1,0,0,1,0,5.906229853630066,4.0,12.0,0.0,0.0,0.0,0,0,0,0,0,0
MLI,643007,2021,643,7,1,2,1,1,0,1,1,1,1,1,0,1,0,0,1,1,1,1,0,0,0,0,1,0,,,,,,,0,0,0,0,0,0
MLI,643008,2021,643,8,1,2,1,1,0,0,1,1,1,1,0,1,1,1,1,1,1,1,0,0,0,1,0,0,,,,,,,0,0,0,0,0,0
MLI,643009,2021,643,9,1,1,4,1,0,0,1,1,0,1,0,1,1,0,1,2,1,1,0,0,0,0,0,0,,3.0,0.0,0.0,0.0,0.0,0,0,1,0,0,0
MLI,643010,2021,643,10,1,2,1,1,0,1,1,1,1,1,0,1,0,0,0,1,1,0,0,0,0,0,0,0,,,,,,,0,0,0,0,0,0
MLI,643011,2021,643,11,1,1,1,1,0,1,1,1,1,1,0,1,0,1,1,1,1,1,0,0,0,0,1,0,,,,,,,0,0,0,0,0,0
MLI,643012,2021,643,12,1,2,1,1,0,0,1,1,1,1,0,1,1,0,1,1,1,1,0,1,0,1,1,0,,,,,,,0,0,1,0,0,0
MLI,644001,2021,644,1,2,1,1,0,0,0,1,1,0,0,1,0,0,0,0,4,3,1,0,0,0,0,0,0,1.5891890674829483,0.0,6.0,0.0,0.0,0.0,0,1,1,0,0,0
MLI,644002,2021,644,2,2,1,2,0,0,0,1,1,0,0,1,0,0,0,0,4,3,0,0,0,0,0,0,0,1.2551509141921997,0.0,4.0,0.0,0.0,11.0,0,1,1,0,1,0
MLI,644003,2021,644,3,2,1,2,0,0,0,0,0,0,0,0,0,0,0,0,4,6,0,0,0,0,0,0,0,0.8920103907585144,1.0,4.0,0.0,0.0,0.0,0,1,1,0,1,0
MLI,644004,2021,644,4,2,1,2,0,0,0,1,1,0,0,0,0,0,0,0,4,6,0,0,0,0,0,0,0,1.048447024077177,0.0,4.0,0.0,0.0,12.0,0,1,1,0,1,0
MLI,644005,2021,644,5,2,1,1,1,0,0,1,1,0,0,0,1,0,0,0,4,5,0,0,0,0,0,0,0,2.912443161010742,0.0,1.0,0.0,0.0,0.0,0,1,0,0,0,0
MLI,644006,2021,644,6,2,1,1,1,0,0,1,1,0,0,0,0,0,0,0,4,5,0,0,0,0,0,0,0,1.2349756956100464,,,,,,0,1,0,0,0,0
MLI,644007,2021,644,7,2,1,1,1,0,0,1,1,0,0,0,0,0,0,0,4,5,0,0,0,0,0,0,0,1.0673705339431763,0.0,1.0,0.0,0.0,0.0,0,1,1,0,0,0
MLI,644008,2021,644,8,2,1,2,1,0,0,1,1,0,0,0,1,0,0,0,4,5,0,0,0,0,0,0,0,2.2137091159820557,31.0,20.0,0.0,0.0,0.0,0,1,0,0,0,0
MLI,644009,2021,644,9,2,1,2,1,0,0,1,1,0,0,1,1,0,0,0,4,3,1,0,0,0,0,0,0,3.4426690340042114,,,,,,0,1,0,0,0,0
MLI,644010,2021,644,10,2,1,2,1,0,0,1,1,0,0,1,0,0,0,0,4,3,1,0,0,0,0,0,0,4.6104161739349365,1.0,36.0,0.0,0.0,0.0,0,1,0,0,0,0
MLI,644011,2021,644,11,2,1,2,1,0,0,1,1,0,0,1,0,0,0,0,4,3,0,0,0,0,0,0,0,2.4308853149414062,,,,,,1,1,0,0,0,0
MLI,644012,2021,644,12,2,1,2,1,0,0,1,1,0,0,1,0,0,0,0,4,3,1,0,0,0,0,0,0,1.37649667263031,0.0,2.0,0.0,0.0,4.0,0,1,0,0,0,0
MLI,645001,2021,645,1,1,1,2,0,0,0,1,1,0,0,1,1,0,1,0,4,3,0,0,0,0,0,0,0,1.9371430277824402,0.0,3.0,0.0,0.0,0.0,0,1,1,0,1,0
MLI,645002,2021,645,2,1,1,2,0,0,0,1,1,0,0,1,1,0,1,0,4,3,0,0,0,0,0,0,0,2.158928394317627,5.0,0.0,0.0,0.0,0.0,0,1,0,0,1,0
MLI,645003,2021,645,3,1,1,2,0,0,0,1,1,0,0,1,1,0,1,0,4,3,0,0,0,0,0,0,0,1.3389259278774261,0.0,6.0,0.0,0.0,0.0,0,1,1,0,1,0
MLI,645004,2021,645,4,1,1,2,0,0,0,1,1,0,0,1,1,0,1,0,4,3,0,0,0,0,0,0,0,2.1199266016483307,1.0,1.0,0.0,0.0,5.0,0,1,1,0,1,0
MLI,645005,2021,645,5,1,1,2,0,0,0,0,0,0,0,0,0,0,0,0,4,6,0,0,0,0,0,0,0,2.068210154771805,0.0,0.0,0.0,0.0,2.0,0,1,1,0,1,0
MLI,645006,2021,645,6,1,1,2,0,0,0,0,0,0,0,0,0,0,0,0,4,6,0,0,0,0,0,0,0,3.079995036125183,1.0,1.0,0.0,0.0,0.0,0,1,1,0,1,0
MLI,645007,2021,645,7,1,1,2,0,0,0,1,1,0,0,0,1,0,0,0,4,6,0,0,0,0,0,0,0,3.14200621843338,,,,,,0,1,1,0,1,0
MLI,645008,2021,645,8,1,1,2,0,0,0,1,1,0,0,0,0,0,0,0,4,6,0,0,0,0,0,0,0,1.4595683813095093,,,,,,0,1,0,0,1,0
MLI,645009,2021,645,9,1,1,2,1,1,0,1,1,0,0,0,1,0,0,0,4,5,0,0,0,0,0,0,0,1.6491223573684692,,,,,,0,1,0,0,1,0
MLI,645010,2021,645,10,1,1,2,1,1,1,1,1,0,0,1,1,0,1,1,4,3,1,0,0,0,0,0,0,,0.0,0.0,0.0,0.0,7.0,0,0,0,0,1,0
MLI,645011,2021,645,11,1,1,4,1,0,1,1,1,0,0,0,0,0,0,0,4,5,0,0,0,0,0,0,0,0.5938327312469482,0.0,10.0,0.0,0.0,0.0,0,1,0,0,0,0
MLI,645012,2021,645,12,1,1,2,0,0,0,0,0,0,0,1,0,0,0,0,4,3,0,0,0,0,0,0,0,0.9609591960906982,,,,,,0,1,0,0,0,0
MLI,646001,2021,646,1,2,1,4,1,0,1,1,1,0,0,1,0,0,0,1,4,3,1,0,0,0,0,1,0,,,,,,,0,0,0,0,1,0
MLI,646002,2021,646,2,2,1,3,1,0,1,1,1,0,1,0,0,0,0,0,4,1,0,0,0,0,0,0,0,1.0140677690505981,,,,,,1,0,1,0,0,0
MLI,646003,2021,646,3,2,1,3,1,0,1,1,1,1,1,0,0,0,1,1,1,1,1,0,0,0,0,1,0,16.080099657177925,,,,,,0,0,1,0,1,0
MLI,646004,2021,646,4,2,1,1,1,0,1,1,1,1,1,0,0,0,1,1,1,1,1,0,1,0,0,0,0,,6.0,0.0,0.0,0.0,0.0,1,0,0,0,0,0
MLI,646005,2021,646,5,2,1,1,1,0,1,1,1,1,1,0,1,0,0,0,1,1,1,0,0,0,0,0,0,,0.0,2.0,0.0,0.0,0.0,1,0,1,1,0,0
MLI,646006,2021,646,6,2,1,1,1,0,1,1,1,1,1,0,0,0,0,0,1,1,1,0,0,0,0,0,0,,,,,,,0,1,0,0,0,0
MLI,646007,2021,646,7,2,1,1,1,0,1,1,1,1,0,0,0,0,0,0,1,5,1,0,1,0,1,1,0,2.9456000328063965,0.0,3.0,0.0,0.0,0.0,1,1,1,0,0,0
MLI,646008,2021,646,8,2,1,1,1,0,1,1,1,0,0,1,0,0,0,0,4,3,0,0,0,0,0,0,0,,,,,,,0,0,1,0,0,0
MLI,646009,2021,646,9,2,2,3,1,0,1,1,1,1,1,0,1,0,0,1,1,1,1,0,1,0,0,1,0,1.3273999840021133,,,,,,0,0,1,0,0,0
MLI,646010,2021,646,10,2,1,3,1,0,0,1,1,1,1,0,1,0,0,1,1,1,1,0,0,0,0,1,0,,2.0,3.0,0.0,0.0,0.0,0,0,1,0,0,0
MLI,646011,2021,646,11,2,1,3,1,0,0,1,1,1,1,0,1,0,0,1,1,1,1,0,0,0,0,1,0,,,,,,,0,0,0,0,0,0
MLI,646012,2021,646,12,2,2,3,1,0,0,1,1,1,1,0,0,0,0,1,1,1,1,0,0,0,0,0,0,0.5407999865710735,0.0,3.0,0.0,0.0,0.0,0,0,1,0,0,0
MLI,647001,2021,647,1,2,1,1,1,0,1,1,1,1,1,0,1,0,0,0,1,1,1,0,0,0,0,0,0,,,,,,,1,0,1,0,0,0
MLI,647002,2021,647,2,2,1,3,1,0,1,1,1,1,1,0,1,0,0,0,1,1,1,0,0,0,0,0,0,,,,,,,0,0,0,0,0,0
MLI,647003,2021,647,3,2,1,3,1,0,1,1,1,1,1,0,1,0,0,0,1,1,1,0,1,0,0,0,0,,,,,,,1,0,0,0,1,0
MLI,647004,2021,647,4,2,1,3,1,0,1,1,1,1,1,0,1,0,0,0,1,1,0,0,0,0,0,0,0,,,,,,,0,0,0,1,0,0
MLI,647005,2021,647,5,2,1,3,1,0,1,1,1,1,1,0,1,0,0,0,1,1,1,0,0,0,0,1,0,0.9718238115310669,0.0,20.0,0.0,0.0,0.0,1,1,1,0,0,0
MLI,647006,2021,647,6,2,2,1,1,0,1,1,1,1,1,0,1,0,0,0,1,1,1,1,0,0,0,1,0,,,,,,,1,0,1,0,0,0
MLI,647007,2021,647,7,2,1,1,1,0,1,1,1,1,1,0,1,0,0,0,1,1,1,0,1,0,0,1,0,0.7131878733634949,,,,,,0,1,1,0,0,0
MLI,647008,2021,647,8,2,1,1,1,0,1,1,1,1,1,0,1,0,0,0,1,1,1,0,1,0,0,1,0,,,,,,,1,1,1,0,0,0
MLI,647009,2021,647,9,2,1,1,1,0,0,1,1,0,0,1,1,0,1,1,4,3,1,0,0,0,0,0,0,,0.0,1.0,0.0,0.0,0.0,0,0,1,0,0,0
MLI,647010,2021,647,10,2,1,3,1,0,1,1,1,1,1,0,1,0,0,1,1,1,1,0,0,0,0,1,0,,,,,,,0,0,1,0,0,0
MLI,647011,2021,647,11,2,2,1,1,0,1,1,1,0,0,0,1,0,0,1,4,6,1,0,0,0,0,0,0,,,,,,,0,0,1,0,0,0
MLI,647012,2021,647,12,2,1,1,1,0,1,1,1,1,1,0,0,0,0,1,1,1,1,0,1,0,0,1,0,1.0,0.0,3.0,0.0,0.0,0.0,0,1,0,0,0,0
MLI,649001,2021,649,1,2,1,2,0,0,0,1,1,0,0,0,0,1,0,0,4,6,0,0,0,0,0,0,0,2.2268293499946594,0.0,4.0,0.0,0.0,5.0,0,1,1,0,1,0
MLI,649002,2021,649,2,2,1,2,0,0,0,1,1,0,0,0,0,0,0,0,4,6,0,0,0,0,0,0,0,2.653034746646881,10.0,1.0,0.0,0.0,0.0,0,1,1,0,1,0
MLI,649003,2021,649,3,2,1,2,0,0,0,1,1,0,0,0,0,0,0,0,4,6,0,0,0,0,0,0,0,2.94131737947464,0.0,24.0,0.0,0.0,0.0,0,1,0,0,1,0
MLI,649004,2021,649,4,2,1,2,0,0,0,1,1,0,0,0,0,0,0,0,4,6,0,0,0,0,0,0,0,2.2864627838134766,0.0,2.0,0.0,0.0,0.0,0,1,1,0,1,0
MLI,649005,2021,649,5,2,1,2,0,0,0,1,1,0,0,0,0,0,0,0,4,6,0,0,0,0,0,0,0,0.837562084197998,1.0,14.0,0.0,0.0,0.0,0,1,1,0,1,0
MLI,649006,2021,649,6,2,1,2,0,0,0,1,1,0,0,0,0,0,0,0,4,5,0,0,0,0,0,0,0,1.7549421787261963,,,,,,0,1,1,0,0,0
MLI,649007,2021,649,7,2,1,1,0,0,0,1,1,0,0,0,0,0,0,0,4,5,0,0,0,0,0,0,0,1.145233392715454,0.0,1.0,0.0,0.0,0.0,0,1,1,0,0,0
MLI,649008,2021,649,8,2,1,2,0,0,0,1,1,0,0,0,1,0,0,0,4,6,0,0,0,0,0,0,0,2.4289113879203796,0.0,5.0,0.0,0.0,0.0,0,1,0,0,1,0
MLI,649009,2021,649,9,2,1,2,1,0,0,1,1,0,0,1,0,0,0,0,4,3,0,0,0,0,0,0,0,3.23238205909729,0.0,5.0,0.0,0.0,15.0,0,1,0,0,0,0
MLI,649010,2021,649,10,2,1,2,1,0,0,1,1,0,0,0,0,0,0,0,4,6,0,0,0,0,0,0,0,3.4416982233524323,2.0,4.0,0.0,0.0,0.0,1,1,0,0,0,0
MLI,649011,2021,649,11,2,1,2,1,0,0,1,1,0,0,1,0,0,0,0,4,3,0,0,0,0,0,0,0,3.4918036460876465,2.0,4.0,0.0,0.0,0.0,0,1,0,0,0,0
MLI,649012,2021,649,12,2,1,2,1,0,0,1,1,0,0,0,0,0,0,0,4,5,0,0,0,0,0,0,0,4.738918960094452,2.0,4.0,0.0,0.0,10.0,0,1,0,0,0,0
MLI,651001,2021,651,1,1,1,1,1,0,1,1,1,1,1,0,1,1,1,1,1,1,1,0,1,0,0,1,0,,1.0,0.0,0.0,0.0,0.0,0,0,0,1,1,0
MLI,651002,2021,651,2,1,2,1,1,0,1,1,1,1,1,0,1,1,1,1,1,1,1,0,0,0,0,0,0,1.706916093826294,1.0,2.0,0.0,0.0,0.0,1,0,0,0,1,0
MLI,651003,2021,651,3,1,2,1,1,0,1,1,1,1,1,0,0,1,1,1,1,1,1,0,1,0,0,1,0,,,,,,,0,0,1,0,1,0
MLI,651004,2021,651,4,1,2,1,1,0,1,1,1,1,1,0,1,1,1,0,1,1,1,0,1,0,0,1,0,,0.0,3.0,0.0,0.0,0.0,1,1,0,0,0,0
MLI,651005,2021,651,5,1,2,1,1,0,1,1,1,0,1,0,0,0,1,0,2,1,1,0,0,0,0,1,0,,0.0,5.0,0.0,0.0,0.0,1,0,0,0,0,0
MLI,651006,2021,651,6,1,2,1,1,0,1,1,1,1,1,0,1,1,1,1,1,1,1,0,0,0,0,0,0,,,,,,,1,0,0,0,0,0
MLI,651007,2021,651,7,1,1,1,1,0,0,1,1,0,1,0,0,1,0,0,2,1,1,0,0,0,0,1,1,,,,,,,1,1,0,0,1,0
MLI,651008,2021,651,8,1,2,1,1,0,1,1,1,1,1,0,1,1,1,1,1,1,1,0,0,0,0,0,0,,0.0,1.0,0.0,0.0,0.0,0,1,0,0,1,0
MLI,651009,2021,651,9,1,2,4,1,1,1,1,1,1,1,0,0,1,1,1,1,1,1,0,0,0,0,1,0,,,,,,,0,0,0,0,1,0
MLI,651010,2021,651,10,1,2,1,1,0,0,1,1,1,1,0,0,0,0,0,1,1,1,0,0,0,0,0,0,,,,,,,0,0,0,0,1,0
MLI,651011,2021,651,11,1,2,3,1,1,1,1,1,1,1,0,1,1,1,1,1,1,1,0,0,0,0,0,0,,,,,,,1,0,0,0,1,0
MLI,651012,2021,651,12,1,2,1,1,0,1,0,0,0,1,0,1,0,0,1,2,1,1,0,0,0,0,1,0,,,,,,,1,0,0,0,0,0
MLI,653001,2021,653,1,2,1,2,0,0,0,1,1,0,0,1,1,0,0,0,4,3,0,0,0,0,0,0,0,1.3481271862983704,0.0,4.0,0.0,0.0,1.0,0,1,1,0,1,0
MLI,653002,2021,653,2,2,1,2,0,0,0,1,1,0,0,1,0,0,0,0,4,3,0,0,0,0,0,0,0,2.57494854927063,0.0,6.0,0.0,0.0,0.0,0,1,1,0,0,0
MLI,653003,2021,653,3,2,1,2,0,0,0,1,1,0,0,1,0,0,0,0,4,3,0,0,0,0,0,0,0,2.1409783363342285,2.0,4.0,0.0,0.0,5.0,0,1,0,0,1,0
MLI,653004,2021,653,4,2,1,2,0,0,0,1,1,0,0,1,0,0,0,0,4,3,0,0,0,0,0,0,0,2.110978364944458,0.0,4.0,0.0,0.0,15.0,0,1,1,0,1,0
MLI,653005,2021,653,5,2,1,2,0,0,0,1,1,0,0,1,0,0,0,0,4,3,0,0,0,0,0,0,0,1.7799999713897705,1.0,6.0,0.0,0.0,0.0,0,1,1,0,1,0
MLI,653006,2021,653,6,2,1,2,0,0,0,1,1,0,0,0,1,0,0,0,4,6,0,0,0,0,0,0,0,1.4399999976158142,2.0,2.0,0.0,0.0,0.0,0,1,1,0,1,0
MLI,653007,2021,653,7,2,1,2,0,0,0,0,0,0,0,0,0,0,0,0,4,6,0,0,0,0,0,0,0,0.9860000014305115,0.0,4.0,0.0,0.0,0.0,0,1,1,0,1,0
MLI,653008,2021,653,8,2,1,2,1,0,0,0,0,0,0,0,0,0,0,0,4,6,0,0,0,0,0,0,0,0.9599999785423279,0.0,7.0,0.0,0.0,4.0,1,1,0,0,1,0
MLI,653009,2021,653,9,2,1,2,1,0,0,1,1,0,0,1,0,0,0,0,4,3,0,0,0,0,0,0,0,4.253424286842346,2.0,8.0,0.0,0.0,17.0,0,1,0,0,0,0
MLI,653010,2021,653,10,2,1,2,1,0,0,1,1,0,0,1,0,0,0,0,4,3,0,0,0,0,0,0,0,5.424416184425354,2.0,3.0,0.0,0.0,12.0,0,1,0,0,0,0
MLI,653011,2021,653,11,2,1,2,1,0,0,1,0,0,0,0,0,0,0,0,4,5,0,0,0,0,0,0,0,3.329751968383789,0.0,3.0,0.0,0.0,7.0,0,1,0,0,0,0
MLI,653012,2021,653,12,2,1,2,1,0,0,1,1,0,0,1,0,0,0,0,4,3,0,0,0,0,0,0,0,3.9715223908424377,3.0,6.0,0.0,0.0,5.0,0,1,0,0,0,0
MLI,655001,2021,655,1,1,1,1,1,1,1,1,1,1,1,0,1,1,1,1,1,1,1,0,1,0,0,1,0,1.5342957973480225,2.0,0.0,0.0,0.0,0.0,1,1,0,1,1,0
MLI,655002,2021,655,2,1,1,3,1,0,0,1,1,1,1,0,1,1,1,1,1,1,1,0,0,0,0,1,0,1.117887258529663,1.0,2.0,0.0,0.0,0.0,0,1,1,0,1,0
MLI,655003,2021,655,3,1,1,3,1,1,1,1,1,1,1,0,1,1,1,1,1,1,1,0,1,0,0,1,0,0.6224374771118164,0.0,6.0,0.0,0.0,0.0,1,1,0,1,0,0
MLI,655004,2021,655,4,1,2,1,1,1,1,1,1,1,1,0,0,1,0,0,1,1,1,0,0,0,0,1,0,,,,,,,0,1,0,1,1,0
MLI,655005,2021,655,5,1,2,1,1,0,0,1,1,0,0,1,0,0,1,0,4,3,1,0,0,0,0,1,0,,,,,,,0,0,1,0,0,0
MLI,655006,2021,655,6,1,1,3,1,0,0,1,1,1,1,0,0,0,1,0,1,1,1,0,1,0,0,1,0,,0.0,1.0,0.0,0.0,0.0,0,0,1,0,0,0
MLI,655007,2021,655,7,1,1,1,1,0,0,1,1,1,1,0,0,1,1,0,1,1,1,0,0,0,0,0,0,,,,,,,0,0,0,0,1,0
MLI,655008,2021,655,8,1,1,1,1,0,1,0,0,1,1,0,1,1,1,0,1,1,1,0,0,0,0,1,0,,0.0,4.0,0.0,0.0,0.0,0,0,1,0,1,0
MLI,655009,2021,655,9,1,1,3,1,0,0,1,1,0,0,0,1,0,1,1,4,5,0,0,0,0,0,0,0,,,,,,,0,0,0,0,0,0
MLI,655010,2021,655,10,1,2,1,1,0,1,1,1,1,1,0,1,0,0,0,1,1,0,0,0,0,0,0,0,,,,,,,0,0,1,0,0,0
MLI,655011,2021,655,11,1,2,2,1,1,1,1,1,1,1,0,1,1,1,0,1,1,1,0,0,0,0,1,1,,,,,,,0,0,0,0,0,0
MLI,655012,2021,655,12,1,2,2,1,1,1,1,1,0,0,1,1,1,0,0,4,2,1,0,0,0,0,0,0,2.900442600250244,,,,,,0,0,1,0,0,0
MLI,659001,2021,659,1,2,1,4,1,1,1,1,1,1,1,0,1,1,1,0,1,1,0,0,0,0,0,0,0,,,,,,,0,1,1,0,0,0
MLI,659002,2021,659,2,2,1,3,1,1,1,1,1,1,1,0,0,1,0,1,1,1,0,0,0,0,0,1,0,,0.0,5.0,0.0,0.0,0.0,0,1,1,1,0,0
MLI,659003,2021,659,3,2,1,1,1,1,1,1,1,1,1,0,0,0,1,0,1,1,0,0,0,0,0,0,0,,,,,,,0,0,0,0,0,0
MLI,659004,2021,659,4,2,2,1,1,1,1,1,1,1,1,0,0,0,0,0,1,1,1,0,0,0,0,1,0,,0.0,23.0,0.0,0.0,47.0,0,1,1,0,0,0
MLI,659005,2021,659,5,2,1,3,1,0,1,1,1,1,1,0,0,0,0,0,1,1,1,0,0,0,0,1,0,,,,,,,0,0,1,0,0,0
MLI,659006,2021,659,6,2,1,1,1,0,1,1,1,0,0,0,0,0,0,0,4,5,1,0,0,0,0,0,0,3.112392783164978,3.0,10.0,0.0,0.0,0.0,0,1,1,0,0,0
MLI,659007,2021,659,7,2,1,1,1,0,1,1,1,1,1,0,1,0,0,0,1,1,1,0,0,0,0,0,0,,0.0,7.0,0.0,0.0,0.0,0,1,1,0,0,0
MLI,659008,2021,659,8,2,1,1,1,0,1,1,1,0,1,0,0,0,0,0,2,1,0,0,0,0,0,0,0,1.5525753498077393,,,,,,1,1,1,0,0,0
MLI,659009,2021,659,9,2,1,4,1,1,0,1,1,0,0,0,1,0,1,1,4,5,0,0,0,0,0,0,0,,,,,,,0,0,1,0,0,0
MLI,659010,2021,659,10,2,2,2,1,0,1,1,1,0,1,0,1,0,0,1,2,1,1,0,0,0,0,1,0,,0.0,21.0,0.0,0.0,0.0,0,1,1,0,0,0
MLI,659011,2021,659,11,2,1,3,1,1,1,1,1,1,1,0,1,0,0,1,1,1,1,0,0,0,0,1,0,,,,,,,0,0,1,0,0,0
MLI,659012,2021,659,12,2,1,1,1,1,1,1,1,1,1,0,1,0,1,1,1,1,1,0,0,0,0,1,1,,,,,,,0,0,1,0,0,0
MLI,660001,2021,660,1,2,1,2,1,0,1,1,1,0,0,0,0,0,0,0,4,6,0,0,0,0,0,0,0,5.381888419389725,3.0,2.0,0.0,0.0,0.0,0,1,1,0,1,0
MLI,660002,2021,660,2,2,1,2,1,0,1,1,1,0,0,1,0,0,0,0,4,3,0,0,0,0,0,0,0,2.786270797252655,2.0,5.0,0.0,0.0,20.0,0,0,1,0,1,0
MLI,660003,2021,660,3,2,2,2,1,0,0,1,1,0,0,1,0,0,0,0,4,3,1,0,0,0,0,0,0,10.457129836082458,0.0,5.0,0.0,0.0,0.0,0,1,1,1,1,0
MLI,660004,2021,660,4,2,1,2,1,0,1,1,1,0,0,0,0,0,0,0,4,6,0,0,0,0,0,0,0,2.014148101210594,3.0,0.0,0.0,0.0,5.0,0,1,1,0,1,0
MLI,660005,2021,660,5,2,1,2,1,0,1,1,1,0,0,1,0,0,0,0,4,3,0,0,0,0,0,0,0,7.815096378326416,,,,,,1,1,1,1,0,0
MLI,660006,2021,660,6,2,1,1,1,0,1,1,1,0,0,1,0,0,0,0,4,3,0,0,0,0,0,0,0,8.786938190460205,3.0,0.0,0.0,0.0,0.0,1,1,1,1,0,0
MLI,660007,2021,660,7,2,1,1,1,0,1,1,1,0,0,1,0,0,1,0,4,3,0,0,0,0,0,0,0,4.222591876983643,4.0,3.0,0.0,0.0,0.0,0,1,1,1,0,0
MLI,660008,2021,660,8,2,2,2,1,0,0,1,1,0,0,1,1,0,1,1,4,3,1,0,0,0,0,1,0,1.3210951089859009,3.0,6.0,0.0,0.0,13.0,0,1,0,1,1,0
MLI,660009,2021,660,9,2,1,2,1,0,0,1,1,0,0,1,1,0,1,1,4,3,0,0,0,0,0,0,0,2.67776358127594,0.0,2.0,0.0,0.0,2.0,0,1,1,1,1,0
MLI,660010,2021,660,10,2,1,2,1,0,1,1,1,0,0,1,1,0,1,1,4,3,0,0,0,0,0,0,0,4.004358410835266,4.0,10.0,0.0,0.0,15.0,0,0,0,1,1,0
MLI,660011,2021,660,11,2,2,2,1,0,0,1,1,0,0,0,0,0,0,0,4,6,0,0,0,0,0,0,0,3.563898876309395,4.0,0.0,0.0,0.0,0.0,1,1,1,1,1,0
MLI,660012,2021,660,12,2,1,2,1,0,0,1,1,0,0,1,0,0,0,0,4,3,0,0,0,0,0,0,0,,0.0,0.0,0.0,0.0,2.0,0,0,0,1,1,0
MLI,664001,2021,664,1,2,1,2,1,0,0,1,1,0,0,0,0,0,0,0,4,6,0,0,0,0,0,0,0,1.9773811101913452,2.0,0.0,0.0,0.0,0.0,0,1,0,0,1,0
MLI,664002,2021,664,2,2,1,2,1,0,0,1,1,0,0,0,1,0,0,0,4,6,0,0,0,0,0,0,0,1.9991999864578247,2.0,0.0,0.0,0.0,0.0,0,1,0,0,1,0
MLI,664003,2021,664,3,2,1,2,1,0,0,1,1,0,0,0,0,0,0,0,4,6,0,0,0,0,0,0,0,,,,,,,1,0,1,0,1,0
MLI,664004,2021,664,4,2,1,2,1,0,0,1,1,0,0,0,0,0,0,0,4,6,0,0,0,0,0,0,0,2.2897249460220337,3.0,0.0,0.0,0.0,0.0,0,1,0,1,1,0
MLI,664005,2021,664,5,2,1,2,1,0,0,1,1,0,0,1,0,0,0,0,4,3,1,0,0,0,0,0,0,5.354511260986328,5.0,4.0,0.0,0.0,0.0,0,1,0,0,0,0
MLI,664006,2021,664,6,2,1,1,1,0,0,1,1,0,0,1,0,0,0,0,4,3,1,0,0,0,0,0,0,3.1473118662834167,2.0,0.0,0.0,0.0,0.0,0,1,1,0,0,0
MLI,664007,2021,664,7,2,1,1,1,0,0,1,1,0,0,1,0,0,0,0,4,3,1,0,0,0,0,0,0,8.359098196029663,10.0,0.0,0.0,0.0,0.0,0,1,1,0,0,0
MLI,664008,2021,664,8,2,1,2,1,0,1,1,1,0,0,1,0,0,0,0,4,3,0,0,0,0,0,0,0,5.282023668289185,6.0,0.0,0.0,0.0,0.0,0,1,1,0,0,0
MLI,664009,2021,664,9,2,1,2,1,0,0,1,1,0,0,1,1,0,1,1,4,3,0,0,0,0,0,0,0,1.4470000267028809,10.0,15.0,0.0,0.0,0.0,0,1,1,0,0,0
MLI,664010,2021,664,10,2,1,2,1,0,0,1,1,0,0,1,0,0,0,0,4,3,0,0,0,0,0,0,0,2.6340999603271484,4.0,10.0,0.0,0.0,0.0,0,1,1,1,0,0
MLI,664011,2021,664,11,2,1,2,1,0,0,1,1,0,0,1,0,0,1,1,4,3,1,0,0,0,0,0,0,0.7480999827384949,7.0,0.0,0.0,0.0,0.0,1,1,0,0,0,0
MLI,664012,2021,664,12,2,1,2,1,0,0,1,1,0,0,1,0,0,0,0,4,3,0,0,0,0,0,0,0,3.9284998774528503,9.0,10.0,0.0,0.0,0.0,0,1,1,0,0,0
MLI,666001,2021,666,1,2,1,2,0,0,0,1,1,0,0,1,0,0,0,0,4,3,1,0,0,0,0,0,0,0.800000011920929,0.0,0.0,0.0,0.0,12.0,0,1,1,0,1,0
MLI,666002,2021,666,2,2,1,2,0,0,0,1,1,0,0,1,0,0,0,0,4,3,0,0,0,0,0,0,0,0.9010454267263412,3.0,8.0,0.0,0.0,5.0,0,1,0,0,1,0
MLI,666003,2021,666,3,2,1,2,0,0,0,1,1,0,0,1,0,0,0,0,4,3,0,0,0,0,0,0,0,1.2000000476837158,0.0,15.0,0.0,0.0,15.0,1,1,0,0,1,0
MLI,666004,2021,666,4,2,1,2,0,0,0,1,1,0,0,1,0,0,0,0,4,3,0,0,0,0,0,0,0,0.8399999737739563,10.0,8.0,0.0,0.0,8.0,0,1,1,0,1,0
MLI,666005,2021,666,5,2,1,4,1,0,0,1,1,0,0,1,0,0,0,0,4,3,0,0,0,0,0,0,0,2.0799999237060547,0.0,17.0,0.0,0.0,0.0,0,1,1,0,0,0
MLI,666006,2021,666,6,2,2,2,1,0,0,1,1,0,0,0,1,0,0,0,4,5,0,0,0,0,0,0,0,3.0999999046325684,2.0,0.0,0.0,0.0,0.0,0,1,1,0,0,0
MLI,666007,2021,666,7,2,1,2,1,0,0,1,1,0,0,1,1,0,0,0,4,3,0,0,0,0,0,0,0,3.0,0.0,5.0,0.0,0.0,0.0,0,1,1,0,0,0
MLI,666008,2021,666,8,2,2,1,1,0,0,1,1,0,0,0,0,0,0,0,4,5,0,0,0,0,0,0,0,3.0,3.0,12.0,0.0,0.0,0.0,0,1,1,0,0,0
MLI,666009,2021,666,9,2,1,2,1,0,0,1,1,0,0,1,0,0,0,0,4,3,0,0,0,0,0,0,0,4.469747722148895,3.0,5.0,0.0,0.0,0.0,0,1,0,0,0,0
MLI,666010,2021,666,10,2,1,2,1,0,0,1,1,0,0,1,0,0,0,0,4,3,0,0,0,0,0,0,0,5.716656923294067,3.0,8.0,0.0,0.0,0.0,0,1,0,0,0,0
MLI,666011,2021,666,11,2,1,2,1,0,0,1,1,0,0,0,0,0,0,0,4,5,0,0,0,0,0,0,0,2.1432304680347443,0.0,3.0,0.0,0.0,0.0,0,1,0,0,0,0
MLI,666012,2021,666,12,2,1,2,1,0,0,1,1,0,0,1,0,0,0,0,4,3,0,0,0,0,0,0,0,4.54127237200737,3.0,19.0,0.0,0.0,0.0,0,1,0,0,0,0
MLI,667001,2021,667,1,2,1,2,1,0,0,1,1,0,0,1,0,0,0,0,4,3,0,0,0,0,0,0,0,0.5,0.0,5.0,0.0,0.0,11.0,0,1,1,0,0,0
MLI,667002,2021,667,2,2,1,2,1,0,0,1,1,0,0,1,0,0,0,0,4,3,0,0,0,0,0,0,0,0.8999999761581421,0.0,3.0,0.0,0.0,12.0,0,1,0,0,1,0
MLI,667003,2021,667,3,2,1,2,1,0,0,1,1,0,0,1,0,0,0,0,4,3,0,0,0,0,0,0,0,0.699999988079071,0.0,2.0,0.0,0.0,7.0,0,1,0,0,1,0
MLI,667004,2021,667,4,2,1,2,1,0,0,1,1,0,0,1,0,0,0,0,4,3,0,0,0,0,0,0,0,0.6000000238418579,2.0,2.0,0.0,0.0,6.0,0,1,1,0,1,0
MLI,667005,2021,667,5,2,1,1,1,0,0,1,1,0,0,1,0,0,0,0,4,3,0,0,0,0,0,0,0,3.0999999046325684,0.0,5.0,0.0,0.0,0.0,0,0,0,0,0,0
MLI,667006,2021,667,6,2,1,2,1,0,0,1,1,0,0,1,1,0,0,0,4,3,0,0,0,0,0,0,0,3.950000047683716,1.0,25.0,0.0,0.0,0.0,1,1,1,0,0,0
MLI,667007,2021,667,7,2,1,2,1,0,0,1,1,0,0,1,1,0,0,0,4,3,0,0,0,0,0,0,0,3.0999999046325684,2.0,6.0,0.0,0.0,0.0,1,1,1,1,1,0
MLI,667008,2021,667,8,2,1,1,1,0,0,1,1,0,0,0,0,0,0,0,4,5,0,0,0,0,0,0,0,,0.0,5.0,0.0,0.0,0.0,0,0,1,0,1,0
MLI,667009,2021,667,9,2,1,2,1,0,0,1,1,0,0,1,0,0,0,0,4,3,0,0,0,0,0,0,0,4.230999946594238,2.0,5.0,0.0,0.0,0.0,0,1,0,0,0,0
MLI,667010,2021,667,10,2,1,2,1,0,0,1,1,0,0,1,0,0,0,0,4,3,1,1,0,0,0,1,0,4.210000038146973,1.0,28.0,0.0,0.0,0.0,0,1,0,0,0,0
MLI,667011,2021,667,11,2,1,2,1,0,0,1,1,0,0,1,0,0,0,0,4,3,0,0,0,0,0,0,0,3.009999990463257,1.0,13.0,0.0,0.0,0.0,0,1,0,0,0,0
MLI,667012,2021,667,12,2,1,2,1,0,0,1,1,0,0,1,1,0,0,0,4,3,0,0,0,0,0,0,0,5.621000051498413,0.0,22.0,0.0,0.0,0.0,0,0,0,0,0,0
MLI,668001,2021,668,1,1,2,2,1,0,0,1,1,0,0,1,1,0,0,0,4,3,0,0,0,0,0,0,0,0.949999988079071,6.0,0.0,0.0,0.0,0.0,0,1,0,0,0,0
MLI,668002,2021,668,2,1,1,1,1,0,0,1,1,0,0,1,0,0,0,0,4,3,0,0,0,0,0,0,0,1.3493257761001587,,,,,,0,0,0,0,0,0
MLI,668003,2021,668,3,1,1,2,1,0,0,1,1,0,0,1,0,0,0,0,4,3,0,0,0,0,0,0,0,2.7701252102851868,,,,,,0,1,0,0,0,0
MLI,668004,2021,668,4,1,1,2,1,0,0,1,1,0,0,1,0,0,0,0,4,3,0,0,0,0,0,0,0,2.298656940460205,0.0,2.0,0.0,0.0,0.0,0,1,0,0,0,0
MLI,668005,2021,668,5,1,1,2,1,0,1,1,1,0,0,1,0,0,0,0,4,3,1,0,0,0,0,1,0,3.596738815307617,,,,,,0,0,0,0,0,0
MLI,668006,2021,668,6,1,1,2,1,0,0,1,1,0,0,1,0,0,0,0,4,3,0,0,0,0,0,0,0,1.649999976158142,,,,,,0,1,0,0,0,0
MLI,668007,2021,668,7,1,1,2,1,0,0,1,1,0,0,1,0,0,0,0,4,3,0,0,0,0,0,0,0,2.9897055625915527,,,,,,0,1,0,0,0,0
MLI,668008,2021,668,8,1,1,2,1,0,1,1,1,0,0,1,0,0,0,0,4,3,1,0,0,0,0,1,0,16.675842761993408,,,,,,0,1,1,0,0,0
MLI,668009,2021,668,9,1,1,2,1,0,0,1,1,0,0,1,1,0,0,0,4,3,0,0,0,0,0,0,0,1.5,2.0,0.0,0.0,0.0,0.0,0,1,0,0,0,0
MLI,668010,2021,668,10,1,2,2,1,0,1,1,1,0,0,1,0,0,0,0,4,3,1,0,0,0,0,0,0,2.2799999713897705,,,,,,0,1,0,0,0,0
MLI,668011,2021,668,11,1,1,4,1,0,0,1,1,0,0,1,1,0,0,0,4,3,0,0,0,0,0,0,0,1.4476933479309082,,,,,,1,1,0,0,0,0
MLI,668012,2021,668,12,1,1,2,1,0,0,1,1,0,0,1,1,0,0,0,4,3,0,0,0,0,0,0,0,2.452280282974243,4.0,0.0,0.0,0.0,0.0,0,1,0,0,0,0
MLI,670001,2021,670,1,2,1,2,0,0,0,1,1,0,0,0,0,0,0,0,4,6,0,0,0,0,0,0,0,2.8985660076141357,1.0,4.0,0.0,0.0,8.0,0,0,1,0,1,0
MLI,670002,2021,670,2,2,1,2,0,0,0,1,1,0,0,1,1,0,0,0,4,3,0,0,0,0,0,0,0,2.293062448501587,4.0,2.0,0.0,0.0,5.0,1,0,1,0,0,0
MLI,670003,2021,670,3,2,1,2,0,0,0,1,1,0,0,1,1,0,0,0,4,3,0,0,0,0,0,0,0,1.158416748046875,0.0,2.0,0.0,0.0,6.0,1,0,1,0,1,0
MLI,670004,2021,670,4,2,1,2,0,0,0,1,1,0,0,1,0,0,0,0,4,3,0,0,0,0,0,0,0,1.1193281412124634,,,,,,1,0,1,0,1,0
MLI,670005,2021,670,5,2,1,2,0,0,0,1,1,0,0,0,1,0,0,0,4,6,0,0,0,0,0,0,0,2.575540542602539,10.0,16.0,0.0,0.0,7.0,0,1,0,0,1,0
MLI,670006,2021,670,6,2,1,2,0,0,0,1,1,0,0,1,0,0,0,0,4,3,0,0,0,0,0,0,0,3.0619118213653564,1.0,1.0,0.0,0.0,0.0,0,1,0,0,1,0
MLI,670007,2021,670,7,2,1,2,0,0,0,1,1,0,0,1,1,0,0,0,4,3,0,0,0,0,0,0,0,1.6284576654434204,3.0,4.0,0.0,0.0,7.0,0,1,1,0,1,0
MLI,670008,2021,670,8,2,1,2,0,0,1,1,1,0,0,1,1,0,0,0,4,3,0,0,0,0,0,0,0,2.2859416007995605,,,,,,0,1,1,0,1,0
MLI,670009,2021,670,9,2,1,2,1,0,0,1,1,0,0,1,1,0,0,0,4,3,0,0,0,0,0,0,0,3.835097074508667,7.0,22.0,0.0,0.0,0.0,0,0,0,0,0,0
MLI,670010,2021,670,10,2,1,2,1,0,0,1,1,0,0,1,0,0,0,0,4,3,0,0,0,0,0,0,0,2.9208213090896606,0.0,4.0,0.0,0.0,0.0,0,0,0,0,0,0
MLI,670011,2021,670,11,2,1,2,1,0,0,1,1,0,0,1,0,0,0,0,4,3,0,0,0,0,0,0,0,1.270622730255127,5.0,5.0,0.0,0.0,0.0,0,0,0,0,0,0
MLI,670012,2021,670,12,2,1,2,1,0,0,1,1,0,0,1,0,0,0,0,4,3,1,0,0,0,0,1,0,3.971034049987793,8.0,4.0,0.0,0.0,0.0,0,0,0,0,0,0
MLI,671001,2021,671,1,1,1,2,1,0,1,0,0,0,0,1,1,0,1,0,4,3,0,0,0,0,0,0,0,2.6502292156219482,0.0,6.0,0.0,0.0,0.0,1,1,0,0,1,0
MLI,671002,2021,671,2,1,1,2,1,0,0,0,0,0,0,1,1,0,1,0,4,3,0,0,0,0,0,0,0,2.161975383758545,0.0,9.0,0.0,0.0,0.0,1,1,0,0,1,0
MLI,671003,2021,671,3,1,1,2,1,0,0,0,0,0,0,1,1,0,1,0,4,3,0,0,0,0,0,0,0,2.3114280700683594,,,,,,0,1,0,0,1,0
MLI,671004,2021,671,4,1,1,2,1,0,0,1,1,0,0,1,1,0,1,0,4,3,0,0,0,0,0,0,0,,,,,,,0,1,0,0,1,0
MLI,671005,2021,671,5,1,1,2,1,0,0,0,0,0,0,1,0,0,0,0,4,3,0,0,0,0,0,0,0,4.126839637756348,32.0,25.0,0.0,0.0,8.0,1,1,0,0,1,0
MLI,671006,2021,671,6,1,1,2,0,0,0,0,0,0,0,0,0,0,0,0,4,5,0,0,0,0,0,0,0,,0.0,4.0,0.0,0.0,7.0,0,1,1,0,0,0
MLI,671007,2021,671,7,1,1,2,0,0,0,0,0,0,0,1,0,0,0,0,4,3,0,0,0,0,0,0,0,2.7383272647857666,0.0,9.0,0.0,0.0,0.0,0,1,1,0,1,0
MLI,671008,2021,671,8,1,1,2,1,0,0,0,0,0,0,1,0,0,0,0,4,3,0,0,0,0,0,0,0,1.2277092933654785,1.0,28.0,0.0,0.0,0.0,0,1,1,0,0,0
MLI,671009,2021,671,9,1,1,2,1,1,1,0,0,0,0,1,1,0,1,0,4,3,1,0,0,0,0,0,0,1.1232470273971558,,,,,,0,1,0,0,0,0
MLI,671010,2021,671,10,1,1,2,1,1,1,0,0,0,0,0,0,0,1,0,4,5,0,0,0,0,0,0,0,,0.0,15.0,0.0,0.0,0.0,0,1,0,0,1,0
MLI,671011,2021,671,11,1,1,2,1,0,0,0,0,0,0,0,0,0,0,0,4,5,0,0,0,0,0,0,0,3.4883975982666016,,,,,,0,0,0,0,0,0
MLI,671012,2021,671,12,1,1,1,0,0,0,1,1,0,0,0,1,0,0,0,4,6,0,0,0,0,0,0,0,0.6677008867263794,,,,,,1,0,0,0,1,0
MLI,672001,2021,672,1,2,1,2,1,1,0,1,1,0,0,1,1,0,0,0,4,3,0,0,0,0,0,0,0,2.80432391166687,2.0,0.0,0.0,0.0,0.0,0,0,0,0,0,0
MLI,672002,2021,672,2,2,1,2,1,1,0,1,1,0,0,1,1,1,0,0,4,3,0,0,0,0,0,0,0,2.677525043487549,3.0,0.0,0.0,0.0,0.0,0,0,0,0,0,0
MLI,672003,2021,672,3,2,1,2,1,1,0,1,1,0,0,1,1,0,0,0,4,3,0,0,0,0,0,0,0,2.664531946182251,2.0,0.0,0.0,0.0,0.0,0,0,0,0,0,0
MLI,672004,2021,672,4,2,1,2,1,1,0,1,1,0,0,1,1,0,0,0,4,3,0,0,0,0,0,0,0,2.090454339981079,2.0,0.0,0.0,0.0,0.0,0,0,0,0,0,0
MLI,672005,2021,672,5,2,1,2,1,0,0,1,1,0,0,1,1,0,0,0,4,3,0,0,0,0,0,0,0,,0.0,3.0,0.0,0.0,8.0,0,0,0,0,0,0
MLI,672006,2021,672,6,2,1,2,1,0,0,0,0,0,0,1,1,0,0,0,4,3,0,0,0,0,0,0,0,2.1721180081367493,3.0,0.0,0.0,0.0,0.0,0,1,0,0,0,0
MLI,672007,2021,672,7,2,1,2,1,0,1,1,1,0,0,1,1,0,0,0,4,3,1,0,0,0,0,0,0,6.071730136871338,2.0,6.0,0.0,0.0,9.0,0,1,0,0,0,0
MLI,672008,2021,672,8,2,1,2,1,0,1,1,1,0,0,1,1,0,0,0,4,3,1,0,0,0,0,1,0,4.232500910758972,6.0,8.0,0.0,0.0,0.0,0,1,0,0,0,0
MLI,672009,2021,672,9,2,1,4,1,0,0,1,1,0,0,0,0,0,1,0,4,5,1,0,0,0,0,0,0,,,,,,,0,0,0,0,0,0
MLI,672010,2021,672,10,2,1,2,1,0,0,1,1,0,0,1,0,0,1,0,4,3,0,0,0,0,0,0,0,2.3386282920837402,2.0,0.0,0.0,0.0,0.0,0,1,0,0,0,0
MLI,672011,2021,672,11,2,1,2,1,0,0,1,1,0,0,1,0,0,1,0,4,3,1,0,0,0,0,0,0,3.261874198913574,4.0,7.0,0.0,0.0,13.0,0,1,0,0,0,0
MLI,672012,2021,672,12,2,1,2,1,0,0,1,1,0,0,1,0,0,1,0,4,3,1,0,0,0,0,0,0,4.878568172454834,8.0,0.0,0.0,0.0,0.0,0,1,0,0,0,0
MLI,674001,2021,674,1,1,1,2,0,0,0,1,1,0,0,1,0,0,0,0,4,3,0,0,0,0,0,0,0,2.51016902923584,1.0,29.0,0.0,0.0,0.0,0,1,1,0,1,0
MLI,674002,2021,674,2,1,1,2,1,0,0,1,1,0,0,1,0,0,0,0,4,3,0,0,0,0,0,0,0,2.7218375205993652,6.0,8.0,0.0,0.0,0.0,1,1,1,0,1,0
MLI,674003,2021,674,3,1,1,2,1,0,0,1,1,0,0,0,0,0,0,0,4,5,0,0,0,0,0,0,0,6.020920276641846,1.0,5.0,0.0,0.0,0.0,0,1,1,0,1,0
MLI,674004,2021,674,4,1,1,2,1,0,0,1,1,0,0,1,0,0,0,0,4,3,0,0,0,0,0,0,0,1.5490232706069946,1.0,3.0,0.0,0.0,4.0,0,1,1,0,1,0
MLI,674005,2021,674,5,1,1,2,1,0,0,1,1,0,0,0,0,1,1,0,4,5,0,0,0,0,0,0,0,,,,,,,1,1,0,0,0,0
MLI,674006,2021,674,6,1,1,2,1,0,0,1,1,0,0,0,1,0,0,0,4,5,0,0,0,0,0,0,0,,,,,,,1,1,0,0,0,0
MLI,674007,2021,674,7,1,1,2,1,0,0,1,1,0,0,0,1,0,0,0,4,5,0,0,0,0,0,0,0,,,,,,,1,1,0,0,0,0
MLI,674008,2021,674,8,1,1,2,1,0,0,1,1,0,0,1,1,0,0,0,4,3,0,0,0,0,0,0,0,0.9455187320709229,,,,,,0,1,0,0,0,0
MLI,674009,2021,674,9,1,1,2,1,0,0,1,1,0,0,1,1,0,1,0,4,3,0,0,0,0,0,0,0,2.2864627838134766,,,,,,1,1,0,0,1,0
MLI,674010,2021,674,10,1,1,2,1,0,0,1,1,0,0,0,1,0,1,0,4,5,0,0,0,0,0,0,0,1.6337378025054932,,,,,,0,1,1,0,1,0
MLI,674011,2021,674,11,1,1,2,0,0,0,1,1,0,0,1,1,0,0,0,4,3,0,0,0,0,0,0,0,2.8306491374969482,1.0,0.0,0.0,0.0,0.0,0,1,0,0,1,0
MLI,674012,2021,674,12,1,1,2,1,1,0,1,1,0,0,1,1,0,1,0,4,3,0,0,0,0,0,0,0,2.317318916320801,,,,,,0,1,0,0,1,0
MLI,675001,2021,675,1,2,1,2,0,0,0,1,1,0,0,1,0,0,0,0,4,3,0,0,0,0,0,0,0,0.1899999976158142,0.0,15.0,0.0,0.0,4.0,0,1,1,0,1,0
MLI,675002,2021,675,2,2,1,2,1,0,0,1,1,0,0,1,0,0,0,0,4,3,0,0,0,0,0,0,0,0.2199999988079071,0.0,15.0,0.0,0.0,4.0,0,1,1,0,1,0
MLI,675003,2021,675,3,2,1,2,1,0,0,1,1,0,0,1,0,0,0,0,4,3,1,0,0,0,0,0,0,0.23999999463558197,0.0,5.0,0.0,0.0,6.0,0,1,1,0,0,0
MLI,675004,2021,675,4,2,1,2,0,0,0,1,1,0,0,1,0,0,0,0,4,3,0,0,0,0,0,0,0,,0.0,2.0,0.0,0.0,5.0,0,1,0,0,0,0
MLI,675005,2021,675,5,2,1,2,0,0,1,0,0,0,0,0,1,0,0,0,4,4,0,0,0,0,0,0,0,,8.0,10.0,0.0,0.0,0.0,0,0,0,0,1,0
MLI,675006,2021,675,6,2,1,4,0,0,0,0,0,0,0,0,0,0,0,0,4,6,0,0,0,0,0,0,0,0.781000018119812,0.0,2.0,0.0,0.0,0.0,1,1,0,0,1,0
MLI,675007,2021,675,7,2,1,2,0,0,1,1,1,0,0,1,0,0,0,0,4,3,0,0,0,0,0,0,0,3.5,2.0,2.0,0.0,0.0,7.0,0,1,0,0,1,0
MLI,675008,2021,675,8,2,1,2,0,0,1,0,0,0,0,1,1,0,0,0,4,3,1,0,0,0,0,1,0,2.127073049545288,,,,,,0,1,1,0,1,0
MLI,675009,2021,675,9,2,1,2,1,0,0,1,1,0,0,1,0,0,0,0,4,3,0,0,0,0,0,0,0,3.119999885559082,1.0,8.0,0.0,0.0,7.0,0,0,0,0,0,0
MLI,675010,2021,675,10,2,1,2,1,0,0,1,1,0,0,1,0,0,0,0,4,3,0,0,0,0,0,0,0,3.2100000381469727,0.0,6.0,0.0,0.0,10.0,0,0,0,0,0,0
MLI,675011,2021,675,11,2,1,2,1,0,0,1,0,0,0,0,0,0,0,0,4,6,0,0,0,0,0,0,0,0.5199999809265137,0.0,1.0,0.0,0.0,0.0,1,0,0,0,0,0
MLI,675012,2021,675,12,2,1,2,1,0,0,1,1,0,0,1,0,1,0,0,4,3,1,0,0,0,0,0,0,3.640999913215637,1.0,6.0,0.0,0.0,0.0,1,0,0,0,0,0
MLI,677001,2021,677,1,2,1,2,1,1,0,1,1,0,0,1,1,0,0,0,4,3,0,0,0,0,0,0,0,2.8375470638275146,3.0,0.0,0.0,0.0,0.0,0,0,0,0,0,0
MLI,677002,2021,677,2,2,1,2,1,1,0,1,1,0,0,1,1,0,0,0,4,3,0,0,0,0,0,0,0,2.9355034828186035,2.0,0.0,0.0,0.0,0.0,0,0,0,0,0,0
MLI,677003,2021,677,3,2,1,2,1,1,0,1,1,0,0,1,1,0,0,0,4,3,0,0,0,0,0,0,0,2.3114280700683594,3.0,0.0,0.0,0.0,0.0,0,0,0,0,0,0
MLI,677004,2021,677,4,2,1,2,1,1,0,1,1,0,0,1,1,0,0,0,4,3,0,0,0,0,0,0,0,2.825138568878174,3.0,0.0,0.0,0.0,0.0,0,0,0,0,0,0
MLI,677005,2021,677,5,2,1,2,1,0,1,1,1,0,0,1,1,0,1,0,4,3,0,0,0,0,0,0,0,3.6972997188568115,5.0,12.0,0.0,0.0,13.0,0,1,0,1,0,0
MLI,677006,2021,677,6,2,1,2,1,0,0,1,1,0,0,1,1,0,0,0,4,3,0,0,0,0,0,0,0,2.1601641178131104,4.0,8.0,0.0,0.0,14.0,0,1,0,0,0,0
MLI,677007,2021,677,7,2,1,2,1,0,1,1,1,0,0,1,1,0,0,0,4,3,0,0,0,0,0,0,0,2.3640329837799072,3.0,6.0,0.0,0.0,9.0,0,1,0,0,0,0
MLI,677008,2021,677,8,2,1,2,1,0,0,1,1,0,0,1,1,0,0,0,4,3,0,0,0,0,0,0,0,11.335947513580322,4.0,0.0,0.0,0.0,14.0,0,1,0,0,0,0
MLI,677009,2021,677,9,2,1,2,1,0,0,1,1,0,0,1,0,0,0,0,4,3,1,0,0,0,0,0,0,1.9006600379943848,4.0,9.0,0.0,0.0,0.0,0,1,0,0,0,0
MLI,677010,2021,677,10,2,1,2,1,0,0,1,1,0,0,0,0,0,0,0,4,5,0,0,0,0,0,0,0,3.4485621452331543,4.0,0.0,0.0,0.0,0.0,0,1,0,0,0,0
MLI,677011,2021,677,11,2,1,2,1,1,0,1,1,0,0,1,0,0,0,0,4,3,0,0,0,0,0,0,0,4.338572442531586,7.0,7.0,0.0,0.0,8.0,0,1,0,0,0,0
MLI,677012,2021,677,12,2,1,2,1,0,0,0,0,0,0,0,0,0,0,0,4,5,0,0,0,0,0,0,0,1.613478422164917,2.0,0.0,0.0,0.0,0.0,0,1,0,0,0,0
MLI,681001,2021,681,1,2,1,2,1,1,0,1,1,0,0,1,0,0,0,0,4,3,0,0,0,0,0,0,0,3.4122092723846436,2.0,0.0,0.0,0.0,0.0,0,0,0,0,0,0
MLI,681002,2021,681,2,2,1,2,1,1,0,1,1,0,0,1,0,0,0,0,4,3,0,0,0,0,0,0,0,1.5979912281036377,2.0,0.0,0.0,0.0,0.0,0,0,0,0,0,0
MLI,681003,2021,681,3,2,1,2,1,1,0,1,1,0,0,1,0,0,0,0,4,3,0,0,0,0,0,0,0,2.40187406539917,4.0,0.0,0.0,0.0,0.0,0,0,0,0,0,0
MLI,681004,2021,681,4,2,1,2,1,1,0,1,1,0,0,1,0,0,0,0,4,3,0,0,0,0,0,0,0,2.8264448642730713,4.0,0.0,0.0,0.0,0.0,0,0,0,0,0,0
MLI,681005,2021,681,5,2,1,2,1,0,0,1,1,0,0,1,1,0,0,0,4,3,0,0,0,0,0,0,0,1.9622105360031128,1.0,0.0,0.0,0.0,8.0,0,1,0,0,0,0
MLI,681006,2021,681,6,2,1,2,1,0,0,1,1,0,0,1,1,0,0,0,4,3,1,0,0,0,0,0,0,1.9668526649475098,7.0,16.0,0.0,0.0,6.0,0,1,0,0,1,0
MLI,681007,2021,681,7,2,1,2,1,0,1,1,1,0,0,1,1,0,0,0,4,3,0,0,0,0,0,0,0,0.775656521320343,8.0,8.0,0.0,0.0,12.0,0,1,0,0,1,0
MLI,681008,2021,681,8,2,1,2,1,0,0,1,1,0,0,1,1,0,0,0,4,3,0,0,0,0,0,0,0,1.413530707359314,4.0,0.0,0.0,0.0,9.0,0,1,0,0,1,0
MLI,681009,2021,681,9,2,1,2,1,0,1,1,1,0,0,1,0,0,0,0,4,3,1,0,0,0,0,0,0,2.4416003227233887,25.0,25.0,0.0,0.0,3.0,0,1,0,0,0,0
MLI,681010,2021,681,10,2,1,2,1,0,1,1,1,0,0,0,0,0,0,0,4,5,0,0,0,0,0,0,0,0.9020915627479553,10.0,13.0,0.0,0.0,0.0,0,1,0,0,0,0
MLI,681011,2021,681,11,2,1,2,1,0,1,1,1,0,0,1,0,0,1,0,4,3,1,0,0,0,0,0,0,2.2620818614959717,7.0,0.0,0.0,0.0,0.0,0,1,0,0,0,0
MLI,681012,2021,681,12,2,1,2,1,0,0,1,1,0,0,0,0,0,1,0,4,5,0,0,0,0,0,0,0,2.4312198162078857,4.0,0.0,0.0,0.0,0.0,0,1,0,0,0,0
MLI,684001,2021,684,1,1,1,2,1,0,0,1,1,0,0,1,1,0,0,0,4,3,0,0,0,0,0,0,0,5.275308966636658,4.0,8.0,0.0,0.0,0.0,0,1,0,0,0,0
MLI,684002,2021,684,2,1,1,2,1,0,0,1,1,0,0,1,1,0,0,0,4,3,0,0,0,0,0,0,0,2.0,12.0,10.0,0.0,0.0,19.0,0,1,0,0,0,0
MLI,684003,2021,684,3,1,1,2,1,0,0,1,1,0,0,1,1,0,0,0,4,3,0,0,0,0,0,0,0,3.2067418098449707,0.0,2.0,0.0,0.0,0.0,0,1,0,0,0,0
MLI,684004,2021,684,4,1,1,2,1,0,0,1,1,0,0,1,1,0,0,0,4,3,0,0,0,0,0,0,0,3.2858806848526,,,,,,0,1,0,0,0,0
MLI,684005,2021,684,5,1,1,2,1,0,0,1,1,0,0,1,1,0,0,0,4,3,0,0,0,0,0,0,0,11.871815204620361,4.0,0.0,0.0,0.0,0.0,0,0,0,1,0,0
MLI,684006,2021,684,6,1,1,2,1,0,0,1,1,0,0,1,0,0,0,0,4,3,0,0,0,0,0,0,0,13.413711071014404,,,,,,0,0,0,1,0,0
MLI,684007,2021,684,7,1,1,1,1,0,0,1,1,0,0,1,1,0,0,0,4,3,0,0,0,0,0,0,0,17.859191417694092,,,,,,1,1,0,1,0,0
MLI,684008,2021,684,8,1,1,2,1,0,1,1,1,0,0,1,1,0,0,0,4,3,0,0,0,0,0,0,0,14.642682075500488,0.0,1.0,0.0,0.0,0.0,0,0,0,1,0,0
MLI,684009,2021,684,9,1,1,2,1,0,0,1,1,0,0,1,0,0,0,0,4,3,1,0,0,0,0,0,0,19.248079538345337,,,,,,0,0,0,0,0,0
MLI,684010,2021,684,10,1,1,2,1,0,1,1,1,0,0,1,1,0,0,0,4,3,1,0,0,0,0,1,0,15.80673885345459,0.0,9.0,0.0,0.0,0.0,1,0,0,0,1,0
MLI,684011,2021,684,11,1,1,2,1,0,1,1,1,0,0,1,0,0,0,0,4,3,0,0,0,0,0,0,0,9.035395860671997,,,,,,1,0,0,0,0,0
MLI,684012,2021,684,12,1,1,2,1,0,0,1,1,0,0,1,0,1,0,0,4,3,0,0,0,0,0,0,0,10.826265096664429,,,,,,0,0,0,0,0,0
MLI,685001,2021,685,1,1,1,2,1,0,0,1,1,0,0,1,1,0,0,0,4,3,0,0,0,0,0,0,0,4.0,3.0,2.0,0.0,0.0,0.0,0,0,0,0,0,0
MLI,685002,2021,685,2,1,1,2,1,0,0,1,1,0,0,1,1,0,0,0,4,2,0,0,0,0,0,0,0,,,,,,,1,0,0,0,0,0
MLI,685003,2021,685,3,1,1,2,1,0,0,1,1,0,0,1,1,0,0,0,4,3,0,0,0,0,0,0,0,3.0,0.0,2.0,0.0,0.0,0.0,0,1,0,0,0,0
MLI,685004,2021,685,4,1,1,2,1,0,0,1,1,0,0,1,1,0,0,0,4,3,0,0,0,0,0,0,0,2.5,3.0,6.0,0.0,0.0,0.0,0,1,0,0,0,0
MLI,685005,2021,685,5,1,1,2,1,0,0,1,1,0,0,1,0,0,0,0,4,3,0,0,0,0,0,0,0,5.702993869781494,5.0,4.0,0.0,0.0,0.0,1,1,0,0,0,0
MLI,685006,2021,685,6,1,1,2,1,0,1,1,1,0,0,1,0,0,0,0,4,3,1,0,0,0,0,0,0,2.75,0.0,14.0,0.0,0.0,2.0,0,1,0,0,0,0
MLI,685007,2021,685,7,1,1,2,1,0,1,1,1,0,0,1,0,0,0,0,4,3,1,0,0,0,0,1,0,17.62050724029541,5.0,32.0,0.0,0.0,8.0,1,1,0,0,0,0
MLI,685008,2021,685,8,1,1,2,1,0,1,1,1,0,0,1,0,0,0,0,4,3,1,0,0,0,0,0,0,7.614954113960266,20.0,0.0,0.0,0.0,0.0,0,0,0,0,0,0
MLI,685009,2021,685,9,1,1,2,1,0,1,1,1,0,0,1,0,0,0,0,4,3,0,0,0,0,0,0,0,2.0,,,,,,0,1,0,0,1,0
MLI,685010,2021,685,10,1,1,2,1,0,0,1,1,0,0,1,0,0,0,0,4,3,0,0,0,0,0,0,0,4.289999902248383,,,,,,0,1,1,1,0,0
MLI,685011,2021,685,11,1,1,2,1,0,0,1,1,0,0,1,0,0,0,0,4,3,0,0,0,0,0,0,0,1.800000011920929,,,,,,0,1,0,0,0,0
MLI,685012,2021,685,12,1,1,2,1,0,0,1,1,0,0,1,0,0,0,0,4,3,0,0,0,0,0,0,0,5.559999942779541,0.0,7.0,0.0,0.0,0.0,0,1,0,0,0,0
MLI,688001,2021,688,1,1,1,2,1,0,0,0,0,0,0,1,1,0,0,0,4,3,1,0,0,0,0,1,0,1.0,,,,,,0,1,1,0,0,0
MLI,688002,2021,688,2,1,1,2,1,0,0,0,0,0,0,1,0,0,0,0,4,3,0,0,0,0,0,0,0,1.0,4.0,7.0,0.0,0.0,0.0,0,1,1,0,0,0
MLI,688003,2021,688,3,1,1,3,1,0,1,1,1,0,0,0,0,0,0,0,4,5,1,0,0,0,0,1,0,,,,,,,0,0,1,0,0,0
MLI,688004,2021,688,4,1,1,2,1,0,0,1,1,0,0,1,1,0,0,0,4,3,1,0,0,0,0,1,0,,,,,,,0,0,1,0,0,0
MLI,688005,2021,688,5,1,1,2,1,0,0,1,1,0,0,1,0,0,0,0,4,3,0,0,0,0,0,0,0,,,,,,,0,0,0,0,0,0
MLI,688006,2021,688,6,1,2,2,1,0,0,1,1,0,0,1,0,0,0,0,4,3,0,0,0,0,0,0,0,4.449589490890503,,,,,,0,1,0,0,0,0
MLI,688007,2021,688,7,1,1,2,1,0,0,1,1,0,0,1,0,0,0,0,4,3,0,0,0,0,0,0,0,18.037558436393738,,,,,,0,1,0,0,0,0
MLI,688008,2021,688,8,1,1,2,1,0,0,1,1,0,0,1,0,0,0,0,4,3,0,0,0,0,0,0,0,10.066537618637085,,,,,,0,1,0,0,0,0
MLI,688009,2021,688,9,1,2,2,1,0,1,1,1,0,0,1,0,0,0,0,4,3,0,0,0,0,0,0,0,6.941601991653442,8.0,7.0,0.0,0.0,0.0,1,0,0,0,0,0
MLI,688010,2021,688,10,1,1,2,1,0,0,1,1,0,0,1,0,0,0,0,4,3,0,0,0,0,0,0,0,,,,,,,0,0,0,0,0,0
MLI,688011,2021,688,11,1,2,1,0,0,0,0,0,0,0,1,0,0,0,0,4,3,0,0,0,0,0,0,0,7.443923473358154,2.0,10.0,0.0,0.0,0.0,0,0,0,0,0,0
MLI,688012,2021,688,12,1,1,2,1,0,1,1,1,0,0,1,0,0,0,0,4,3,0,0,0,0,0,0,0,7.2275261878967285,0.0,0.0,0.0,0.0,0.0,0,1,0,0,0,0
MLI,689001,2021,689,1,2,1,2,1,0,0,1,1,0,0,1,1,0,0,0,4,3,0,0,0,0,0,0,0,3.0208473205566406,4.0,0.0,0.0,0.0,0.0,0,0,0,0,0,0
MLI,689002,2021,689,2,2,1,2,1,1,0,1,1,0,0,1,1,0,0,0,4,3,0,0,0,0,0,0,0,2.452280282974243,3.0,0.0,0.0,0.0,0.0,0,0,0,0,0,0
MLI,689003,2021,689,3,2,1,2,1,0,0,1,1,0,0,1,0,0,0,0,4,3,0,0,0,0,0,0,0,2.4416003227233887,4.0,0.0,0.0,0.0,0.0,0,0,0,0,0,0
MLI,689004,2021,689,4,2,1,2,1,1,0,1,1,0,0,1,0,0,0,0,4,3,0,0,0,0,0,0,0,2.8375470638275146,3.0,0.0,0.0,0.0,0.0,0,0,0,0,0,0
MLI,689005,2021,689,5,2,1,2,1,0,1,1,1,0,0,1,0,0,0,0,4,3,0,0,0,0,0,0,0,4.7115994691848755,4.0,6.0,0.0,0.0,8.0,0,1,0,0,0,0
MLI,689006,2021,689,6,2,1,2,1,0,1,1,1,0,0,1,1,0,0,0,4,3,0,0,0,0,0,0,0,11.919793128967285,9.0,7.0,0.0,0.0,13.0,0,1,0,0,0,0
MLI,689007,2021,689,7,2,1,2,1,0,1,0,0,0,0,1,1,0,0,0,4,3,0,0,0,0,0,0,0,1.7428609132766724,2.0,11.0,0.0,0.0,0.0,0,1,0,0,0,0
MLI,689008,2021,689,8,2,1,2,1,0,1,1,1,0,0,1,1,0,0,0,4,3,0,0,0,0,0,0,0,5.839661359786987,5.0,6.0,0.0,0.0,0.0,0,1,0,0,0,0
MLI,689009,2021,689,9,2,1,2,1,0,1,1,1,0,0,1,0,0,1,0,4,3,0,0,0,0,0,0,0,5.824886322021484,7.0,2.0,0.0,0.0,17.0,0,1,0,0,0,0
MLI,689010,2021,689,10,2,1,2,1,0,1,1,1,0,0,1,0,0,0,0,4,3,1,0,0,0,0,0,0,5.728236198425293,2.0,5.0,0.0,0.0,0.0,0,1,0,0,0,0
MLI,689011,2021,689,11,2,1,2,1,0,0,0,0,0,0,0,0,0,1,0,4,5,0,0,0,0,0,0,0,3.3757903575897217,3.0,13.0,0.0,0.0,0.0,0,1,0,0,0,0
MLI,689012,2021,689,12,2,1,2,1,0,1,0,0,0,0,1,0,0,1,0,4,3,0,0,0,0,0,0,0,3.5918981432914734,,,,,,0,1,0,0,0,0
MLI,691001,2021,691,1,2,1,4,1,0,0,1,1,0,0,0,0,0,0,0,4,6,0,0,0,0,0,0,0,1.3560307025909424,0.0,4.0,0.0,0.0,10.0,0,1,1,0,1,0
MLI,691002,2021,691,2,2,1,2,1,0,0,1,1,0,0,0,0,0,0,0,4,6,0,0,0,0,0,0,0,0.5329371690750122,0.0,1.0,0.0,0.0,0.0,0,1,1,0,1,0
MLI,691003,2021,691,3,2,1,2,1,0,0,0,0,0,0,0,0,0,0,0,4,6,0,0,0,0,0,0,0,3.403515577316284,3.0,3.0,0.0,0.0,0.0,0,1,1,0,1,0
MLI,691004,2021,691,4,2,1,2,1,0,0,1,1,0,0,0,0,0,0,0,4,6,0,0,0,0,0,0,0,5.129298210144043,5.0,8.0,0.0,0.0,0.0,0,1,1,0,1,0
MLI,691005,2021,691,5,2,1,2,1,0,0,1,1,0,0,0,1,0,0,0,4,5,0,0,0,0,0,0,0,1.8427895307540894,0.0,5.0,0.0,0.0,0.0,0,1,1,0,0,0
MLI,691006,2021,691,6,2,1,2,1,0,0,1,1,0,0,1,1,0,0,0,4,3,0,0,0,0,0,0,0,3.4883975982666016,3.0,1.0,0.0,0.0,0.0,0,1,1,0,0,0
MLI,691007,2021,691,7,2,1,2,1,0,0,1,1,0,0,0,1,0,0,0,4,5,0,0,0,0,0,0,0,0.21036668121814728,,,,,,1,1,1,0,0,0
MLI,691008,2021,691,8,2,1,2,1,0,0,1,1,0,0,0,0,0,0,0,4,5,0,0,0,0,0,0,0,6.391326427459717,0.0,5.0,0.0,0.0,0.0,0,1,1,0,0,0
MLI,691009,2021,691,9,2,1,2,1,0,0,0,0,0,0,0,0,0,0,0,4,6,0,0,0,0,0,0,0,1.6309547424316406,2.0,6.0,0.0,0.0,10.0,0,0,0,0,1,0
MLI,691010,2021,691,10,2,1,2,1,0,0,0,0,0,0,0,0,0,0,0,4,6,0,0,0,0,0,0,0,2.606184482574463,3.0,2.0,0.0,0.0,7.0,0,0,0,0,1,0
MLI,691011,2021,691,11,2,1,2,1,0,0,0,0,0,0,0,0,0,0,0,4,6,0,0,0,0,0,0,0,1.694751262664795,2.0,8.0,0.0,0.0,0.0,0,0,0,0,1,0
MLI,691012,2021,691,12,2,1,2,1,0,0,0,0,0,0,1,1,0,0,0,4,3,0,0,0,0,0,0,0,2.8289482593536377,21.0,8.0,0.0,0.0,0.0,0,0,0,0,1,0
MLI,692001,2021,692,1,2,1,1,1,0,1,0,0,0,0,0,1,0,0,0,4,6,0,0,0,0,0,0,0,16.391125798225403,4.0,6.0,0.0,0.0,13.0,1,1,1,0,1,0
MLI,692002,2021,692,2,2,1,2,1,0,0,1,1,0,0,1,1,0,0,0,4,3,0,0,0,0,0,0,0,3.7086333632469177,2.0,0.0,0.0,0.0,0.0,1,1,1,1,0,0
MLI,692003,2021,692,3,2,2,2,1,0,0,0,0,0,0,0,1,0,0,0,4,6,0,0,0,0,0,0,0,8.767902374267578,14.0,3.0,0.0,0.0,0.0,0,0,1,0,0,0
MLI,692004,2021,692,4,2,1,2,1,0,1,0,0,0,0,0,1,0,0,0,4,6,0,0,0,0,0,0,0,4.353025734424591,,,,,,1,0,1,0,0,0
MLI,692005,2021,692,5,2,1,2,1,0,1,0,1,0,0,1,0,0,0,0,4,3,0,0,0,0,0,0,0,9.201262354850769,5.0,2.0,0.0,0.0,21.0,1,1,1,0,0,0
MLI,692006,2021,692,6,2,1,2,1,0,1,1,0,0,0,1,1,0,0,0,4,3,0,0,0,0,0,0,0,3.9434103965759277,4.0,4.0,0.0,0.0,4.0,0,1,0,1,0,0
MLI,692007,2021,692,7,2,1,2,1,0,1,0,0,0,0,1,1,0,0,0,4,3,0,0,0,0,0,0,0,4.722799777984619,3.0,0.0,0.0,0.0,0.0,0,1,1,0,0,0
MLI,692008,2021,692,8,2,1,2,1,0,0,0,1,0,0,0,1,0,0,0,4,5,0,0,0,0,0,0,0,5.603490352630615,8.0,8.0,0.0,0.0,4.0,0,1,0,0,0,0
MLI,692009,2021,692,9,2,1,2,1,0,0,0,0,0,0,0,0,0,0,1,4,5,1,0,0,0,0,1,0,1.4111999869346619,4.0,3.0,0.0,0.0,5.0,0,1,0,0,0,0
MLI,692010,2021,692,10,2,1,2,1,0,0,0,1,0,0,1,1,0,1,1,4,3,0,0,0,0,0,0,0,0.9099000096321106,1.0,6.0,0.0,0.0,22.0,0,1,1,0,0,0
MLI,692011,2021,692,11,2,1,2,1,0,0,1,1,0,0,1,1,0,1,1,4,3,1,0,0,0,0,0,0,2.4412999749183655,9.0,0.0,0.0,0.0,7.0,1,1,1,1,1,0
MLI,692012,2021,692,12,2,1,2,1,0,0,1,1,0,0,1,1,0,1,1,4,3,1,0,0,0,0,0,0,0.5755000114440918,5.0,0.0,0.0,0.0,0.0,1,0,0,0,0,0
MLI,693001,2021,693,1,2,1,2,1,1,0,1,1,0,0,1,1,0,0,0,4,3,0,0,0,0,0,0,0,4.0,2.0,0.0,0.0,0.0,0.0,0,0,0,0,0,0
MLI,693002,2021,693,2,2,1,2,1,1,0,1,1,0,0,1,1,0,0,0,4,3,0,0,0,0,0,0,0,1.264739751815796,2.0,0.0,0.0,0.0,0.0,0,0,0,0,0,0
MLI,693003,2021,693,3,2,2,2,1,1,0,1,1,0,0,1,1,0,0,0,4,3,0,0,0,0,0,0,0,2.2200000286102295,2.0,0.0,0.0,0.0,0.0,0,0,0,0,0,0
MLI,693004,2021,693,4,2,1,2,1,1,0,1,1,0,0,1,1,0,0,0,4,3,0,0,0,0,0,0,0,1.7339779138565063,3.0,0.0,0.0,0.0,0.0,0,0,0,0,0,0
MLI,693005,2021,693,5,2,1,2,1,0,1,1,1,0,0,1,1,0,0,0,4,3,0,0,0,0,0,0,0,2.9120641946792603,2.0,0.0,0.0,0.0,6.0,0,1,0,1,1,0
MLI,693006,2021,693,6,2,1,2,1,0,0,1,1,0,0,1,1,0,1,0,4,3,0,0,0,0,0,0,0,4.361874103546143,3.0,0.0,0.0,0.0,6.0,1,1,0,1,1,0
MLI,693007,2021,693,7,2,1,2,1,0,0,1,1,0,0,1,1,0,0,0,4,3,0,0,0,0,0,0,0,4.620276927947998,4.0,5.0,0.0,0.0,8.0,0,1,0,1,0,0
MLI,693008,2021,693,8,2,1,2,1,0,1,1,1,0,0,1,1,0,0,0,4,3,0,0,0,0,0,0,0,0.6853308081626892,4.0,15.0,0.0,0.0,3.0,0,1,0,1,1,0
MLI,693009,2021,693,9,2,1,2,1,0,0,1,1,0,0,1,0,0,0,0,4,3,0,0,0,0,0,0,0,2.8306491374969482,0.0,10.0,0.0,0.0,0.0,0,1,0,0,0,0
MLI,693010,2021,693,10,2,1,2,1,0,0,1,1,0,0,1,0,0,1,0,4,3,0,0,0,0,0,0,0,2.8854005336761475,4.0,4.0,0.0,0.0,0.0,0,1,0,0,0,0
MLI,693011,2021,693,11,2,1,2,1,0,1,1,1,0,0,0,0,0,0,0,4,5,0,0,0,0,0,0,0,3.4423632621765137,2.0,25.0,0.0,0.0,4.0,0,1,0,1,0,0
MLI,693012,2021,693,12,2,1,2,1,0,0,1,1,0,0,1,0,0,0,0,4,3,0,0,0,0,0,0,0,3.09148907661438,3.0,7.0,0.0,0.0,0.0,0,1,0,0,0,0
MLI,694001,2021,694,1,2,1,2,1,0,0,1,1,0,0,0,0,0,0,0,4,6,0,0,0,0,0,0,0,0.09603998810052872,0.0,0.0,0.0,0.0,17.0,1,0,0,0,1,0
MLI,694002,2021,694,2,2,1,2,1,0,0,1,1,0,0,0,0,0,0,0,4,6,1,0,0,0,0,0,0,0.4610275626182556,1.0,6.0,0.0,0.0,0.0,1,0,0,1,1,0
MLI,694003,2021,694,3,2,1,2,1,0,0,1,1,0,0,0,0,0,0,0,4,6,0,0,0,0,0,0,0,0.4228748679161072,0.0,2.0,0.0,0.0,25.0,0,0,0,1,1,0
MLI,694004,2021,694,4,2,1,2,1,0,1,1,1,0,0,0,0,0,0,0,4,6,0,0,0,0,0,0,0,0.22335532307624817,1.0,2.0,0.0,0.0,0.0,0,0,1,1,1,0
MLI,694005,2021,694,5,2,1,2,1,0,0,1,1,0,0,1,0,0,0,0,4,3,0,0,0,0,0,0,0,,0.0,5.0,0.0,0.0,0.0,0,0,1,0,0,0
MLI,694006,2021,694,6,2,1,2,1,0,0,1,1,0,0,1,0,0,0,0,4,3,0,0,0,0,0,0,0,,,,,,,0,0,1,1,0,0
MLI,694007,2021,694,7,2,1,2,1,0,0,1,1,0,0,1,0,0,0,0,4,3,0,0,0,0,0,0,0,,,,,,,1,0,0,1,0,0
MLI,694008,2021,694,8,2,1,1,1,0,0,1,1,0,0,0,0,0,0,0,4,5,0,0,0,0,0,0,0,,,,,,,0,0,0,1,0,0
MLI,694009,2021,694,9,2,1,2,1,0,0,1,1,0,0,1,1,0,0,0,4,3,0,0,0,0,0,0,0,,1.0,4.0,0.0,0.0,5.0,1,0,0,1,1,0
MLI,694010,2021,694,10,2,1,2,1,0,0,1,1,0,0,1,1,0,1,1,4,3,0,0,0,0,0,0,0,,2.0,9.0,0.0,0.0,0.0,0,0,1,1,0,0
MLI,694011,2021,694,11,2,1,2,1,0,0,1,1,0,0,1,1,0,1,1,4,2,0,0,0,0,0,0,0,,0.0,5.0,0.0,0.0,22.0,0,0,0,1,1,0
MLI,694012,2021,694,12,2,1,2,1,0,0,1,1,0,0,1,1,0,1,0,4,3,0,0,0,0,0,0,0,,1.0,5.0,0.0,0.0,12.0,0,0,0,1,1,0
MLI,696001,2021,696,1,1,1,3,1,0,0,1,1,0,1,0,1,0,0,0,2,1,1,0,1,0,0,0,0,,,,,,,0,0,1,0,0,0
MLI,696002,2021,696,2,1,1,4,1,0,0,1,1,0,0,0,1,0,0,0,4,6,0,0,0,0,0,0,0,,0.0,0.0,0.0,0.0,12.0,1,1,1,0,1,0
MLI,696003,2021,696,3,1,1,2,1,1,1,1,1,1,1,0,1,0,0,0,1,1,1,0,1,0,0,1,0,1.0474252700805664,1.0,2.0,0.0,0.0,0.0,0,1,1,0,0,0
MLI,696004,2021,696,4,1,1,2,1,0,0,1,1,0,1,0,0,0,0,0,2,1,1,0,0,0,0,0,0,,0.0,2.0,0.0,0.0,6.0,0,0,0,0,1,0
MLI,696005,2021,696,5,1,1,2,1,0,0,1,1,0,0,1,0,0,0,0,4,3,0,0,0,0,0,0,0,3.362245738506317,5.0,2.0,0.0,0.0,0.0,0,1,0,0,0,0
MLI,696006,2021,696,6,1,1,2,1,0,0,1,1,1,1,0,0,0,0,0,1,1,0,0,0,0,0,0,0,0.994391918182373,1.0,6.0,0.0,0.0,4.0,1,1,0,0,1,0
MLI,696007,2021,696,7,1,1,4,1,0,0,1,1,0,0,0,0,0,0,0,4,5,0,0,0,0,0,0,0,0.6910368204116821,0.0,4.0,0.0,0.0,0.0,0,0,0,1,1,0
MLI,696008,2021,696,8,1,1,3,1,0,0,1,1,0,1,0,0,0,0,0,2,1,1,0,0,0,0,0,0,,,,,,,0,1,0,0,0,0
MLI,696009,2021,696,9,1,2,2,1,0,1,1,1,1,1,0,0,0,1,1,1,1,1,0,0,0,0,1,0,,0.0,5.0,0.0,0.0,0.0,0,0,0,0,1,0
MLI,696010,2021,696,10,1,1,2,1,0,1,1,1,1,1,0,0,0,1,1,1,1,0,0,1,0,0,0,0,1.6429468393325806,0.0,3.0,0.0,0.0,0.0,0,0,0,0,0,0
MLI,696011,2021,696,11,1,1,2,1,0,0,1,1,0,0,0,0,0,1,1,4,6,0,0,0,0,0,0,0,1.0480122566223145,0.0,1.0,0.0,0.0,0.0,0,0,0,0,0,0
MLI,696012,2021,696,12,1,1,2,1,0,0,1,1,0,0,0,0,0,1,1,4,6,0,0,0,0,0,0,0,,0.0,4.0,0.0,0.0,0.0,0,0,0,1,1,0
MLI,697001,2021,697,1,2,1,1,1,0,0,1,1,1,1,0,1,0,0,0,1,1,0,0,0,0,0,0,0,,,,,,,0,0,0,0,0,0
MLI,697002,2021,697,2,2,1,1,1,1,0,1,1,0,1,0,1,0,0,0,4,1,0,0,0,0,0,0,0,,,,,,,0,0,0,0,0,0
MLI,697003,2021,697,3,2,1,4,1,0,0,1,1,0,1,0,1,0,0,0,2,1,0,0,0,0,0,0,0,,,,,,,0,0,0,0,0,0
MLI,697004,2021,697,4,2,1,2,1,0,0,1,1,0,1,0,1,0,0,0,4,1,0,0,0,0,0,0,0,,,,,,,0,0,0,0,0,0
MLI,697005,2021,697,5,2,1,1,1,0,1,1,1,1,1,0,1,0,0,0,1,1,1,0,0,0,0,1,0,,,,,,,0,0,0,0,0,0
MLI,697006,2021,697,6,2,1,3,1,0,1,1,1,0,1,0,1,0,0,0,2,1,1,0,0,0,0,0,0,2.163881778717041,,,,,,0,1,0,1,0,0
MLI,697007,2021,697,7,2,1,2,1,0,1,1,1,1,1,0,1,0,0,0,1,1,1,0,1,0,0,1,0,,,,,,,0,0,0,0,0,0
MLI,697008,2021,697,8,2,1,2,1,0,1,1,1,1,1,0,1,0,1,0,1,1,1,0,1,0,0,1,0,,,,,,,0,0,0,0,0,0
MLI,697009,2021,697,9,2,1,2,1,0,1,1,1,1,1,0,0,0,1,0,1,1,1,0,1,0,1,0,0,,,,,,,0,0,0,0,0,0
MLI,697010,2021,697,10,2,1,2,1,0,1,1,1,1,1,0,0,0,1,0,1,1,1,0,1,0,0,0,0,,,,,,,0,0,0,0,0,0
MLI,697011,2021,697,11,2,1,2,1,0,0,1,1,1,1,0,0,0,0,0,1,1,1,0,1,0,0,0,0,,24.0,18.0,0.0,0.0,0.0,0,0,0,0,0,0
MLI,697012,2021,697,12,2,1,2,1,0,1,1,1,1,1,0,0,0,0,0,1,1,1,0,1,0,0,0,0,4.4316606521606445,,,,,,0,0,0,0,0,0
MLI,698001,2021,698,1,1,1,2,1,0,0,1,1,0,0,1,1,0,0,0,4,3,1,0,0,0,0,1,0,4.0256969928741455,7.0,11.0,0.0,0.0,28.0,0,1,0,0,0,0
MLI,698002,2021,698,2,1,1,2,1,0,0,1,1,0,0,1,1,0,0,0,4,3,1,0,0,0,0,1,0,3.2374945878982544,0.0,14.0,0.0,0.0,0.0,0,1,0,0,0,0
MLI,698003,2021,698,3,1,1,2,1,0,0,1,1,0,0,1,1,0,0,0,4,3,1,0,0,0,0,1,0,2.4588306546211243,2.0,7.0,0.0,0.0,0.0,0,1,0,0,0,0
MLI,698004,2021,698,4,1,1,2,1,0,0,1,1,0,0,1,1,0,0,0,4,3,0,0,0,0,0,0,0,4.975320398807526,10.0,2.0,0.0,0.0,0.0,1,0,0,0,0,0
MLI,698005,2021,698,5,1,1,1,1,0,1,1,1,0,0,1,0,0,0,0,4,3,0,0,0,0,0,0,0,6.182864308357239,2.0,9.0,0.0,0.0,0.0,1,1,0,0,0,0
MLI,698006,2021,698,6,1,1,2,1,0,0,1,1,0,0,1,0,0,0,0,4,3,0,0,0,0,0,0,0,7.561859130859375,2.0,24.0,0.0,14.0,6.0,0,1,1,1,1,0
MLI,698007,2021,698,7,1,1,2,1,0,1,1,1,0,0,1,0,0,0,0,4,3,0,0,0,0,0,0,0,4.637158632278442,,,,,,0,0,0,0,0,0
MLI,698008,2021,698,8,1,1,2,1,0,1,1,1,0,0,1,0,0,0,0,4,3,1,0,0,0,0,1,0,5.637377858161926,1.0,6.0,0.0,0.0,0.0,1,1,1,0,0,0
MLI,698009,2021,698,9,1,1,2,1,0,1,1,1,0,0,1,0,0,0,0,4,3,0,0,0,0,0,0,0,6.360000133514404,1.0,9.0,0.0,0.0,0.0,0,1,0,0,1,0
MLI,698010,2021,698,10,1,1,2,1,0,0,1,1,0,0,1,0,0,0,0,4,3,0,0,0,0,0,0,0,4.319999992847443,2.0,8.0,0.0,0.0,0.0,0,1,0,0,0,0
MLI,698011,2021,698,11,1,1,2,1,0,1,0,0,0,0,1,0,0,0,0,4,3,0,0,0,0,0,0,0,27.35711932182312,4.0,7.0,0.0,0.0,0.0,0,1,0,0,0,0
MLI,698012,2021,698,12,1,1,2,1,0,0,1,1,0,0,1,0,0,0,0,4,3,1,0,0,0,0,1,0,5.929999828338623,,,,,,0,1,0,0,0,0
MLI,705001,2021,705,1,2,1,2,1,0,0,0,0,0,0,0,1,0,0,1,4,5,0,0,0,0,0,0,0,1.9698381125926971,0.0,16.0,0.0,0.0,0.0,0,1,1,1,1,0
MLI,705002,2021,705,2,2,1,2,0,0,0,0,0,0,0,1,0,0,0,0,4,3,0,0,0,0,0,0,0,9.343628406524658,,,,,,0,1,1,1,0,0
MLI,705003,2021,705,3,2,1,2,1,0,0,0,0,0,0,0,1,0,0,0,4,5,0,0,0,0,0,0,0,1.8348161280155182,0.0,10.0,0.0,0.0,20.0,0,1,1,0,1,1
MLI,705004,2021,705,4,2,1,2,1,0,0,0,0,0,0,0,1,0,0,1,4,6,0,0,0,0,0,0,0,2.7417635023593903,0.0,5.0,0.0,0.0,21.0,1,1,1,0,1,0
MLI,705005,2021,705,5,2,1,1,1,0,0,0,0,0,0,1,0,0,0,0,4,3,0,0,0,0,0,0,0,3.841344952583313,2.0,8.0,0.0,0.0,2.0,0,1,1,0,0,0
MLI,705006,2021,705,6,2,1,1,0,0,0,0,0,0,0,1,0,0,0,0,4,3,0,0,0,0,0,0,0,3.9542259573936462,2.0,10.0,0.0,0.0,0.0,0,1,1,0,0,0
MLI,705007,2021,705,7,2,2,1,1,0,0,1,1,0,0,0,1,0,0,0,4,6,0,0,0,0,0,0,0,1.759977549314499,0.0,9.0,0.0,0.0,34.0,0,1,1,0,1,0
MLI,705008,2021,705,8,2,1,2,1,0,0,0,0,0,0,0,1,0,0,1,4,6,0,0,0,0,0,0,0,6.6035521030426025,6.0,13.0,0.0,0.0,0.0,0,1,1,0,1,0
MLI,705009,2021,705,9,2,1,2,1,0,0,1,1,0,0,0,1,0,0,0,4,5,0,0,0,0,0,0,0,0.8960000276565552,0.0,4.0,0.0,0.0,0.0,0,0,1,0,0,0
MLI,705010,2021,705,10,2,1,2,1,0,0,1,1,0,0,1,0,0,0,0,4,3,1,0,0,0,0,1,0,1.0,3.0,2.0,0.0,0.0,0.0,0,0,1,0,0,0
MLI,705011,2021,705,11,2,1,2,1,0,0,1,1,0,0,1,0,0,0,0,4,3,0,0,0,0,0,0,0,0.6299999952316284,12.0,23.0,0.0,0.0,0.0,0,0,1,0,0,0
MLI,705012,2021,705,12,2,1,2,1,0,0,1,1,0,0,0,0,0,0,0,4,5,0,0,0,0,0,0,0,0.9729999601840973,2.0,9.0,0.0,0.0,0.0,1,0,1,0,0,0
MLI,706001,2021,706,1,1,1,2,1,0,0,1,1,0,0,1,1,0,0,0,4,3,0,0,0,0,0,0,0,1.300000011920929,6.0,2.0,0.0,0.0,4.0,0,1,0,0,0,0
MLI,706002,2021,706,2,1,1,2,1,0,0,1,1,0,0,1,1,0,0,0,4,3,1,0,0,0,0,0,0,7.100000023841858,1.0,2.0,0.0,0.0,40.0,0,0,0,0,0,0
MLI,706003,2021,706,3,1,1,2,1,0,0,1,0,0,0,0,1,0,0,0,4,6,0,0,0,0,0,0,0,1.300000011920929,6.0,2.0,0.0,0.0,0.0,1,1,0,0,0,0
MLI,706004,2021,706,4,1,1,2,1,0,0,1,1,0,0,0,1,0,0,0,4,5,0,0,0,0,0,0,0,2.0,7.0,4.0,0.0,0.0,0.0,1,0,0,0,0,0
MLI,706005,2021,706,5,1,1,2,1,0,1,1,1,0,0,1,0,0,0,0,4,3,0,0,0,0,0,0,0,2.449999988079071,22.0,30.0,0.0,0.0,0.0,0,1,0,0,0,0
MLI,706006,2021,706,6,1,1,2,1,0,1,0,0,0,0,1,0,0,0,0,4,3,1,0,0,0,0,0,0,2.9699999690055847,13.0,50.0,0.0,0.0,0.0,1,0,0,0,0,0
MLI,706007,2021,706,7,1,1,2,1,0,1,1,1,0,0,0,0,0,0,0,4,5,0,0,0,0,0,0,0,2.25,20.0,0.0,0.0,0.0,0.0,0,0,0,0,0,0
MLI,706008,2021,706,8,1,1,2,1,0,1,1,1,0,0,0,0,0,0,0,4,5,0,0,0,0,0,0,0,4.0,40.0,10.0,0.0,0.0,0.0,1,0,0,0,0,0
MLI,706009,2021,706,9,1,1,2,1,0,1,0,1,0,0,1,0,0,0,0,4,3,0,0,0,0,0,0,0,1.2999999523162842,10.0,9.0,0.0,0.0,0.0,0,0,0,0,0,0
MLI,706010,2021,706,10,1,1,2,1,0,0,0,0,0,0,1,0,0,0,0,4,3,0,0,0,0,0,0,0,4.710000038146973,15.0,4.0,0.0,0.0,0.0,1,1,0,0,0,0
MLI,706011,2021,706,11,1,1,2,1,0,1,1,1,0,0,0,0,0,0,0,4,6,0,0,0,0,0,0,0,1.4900000095367432,0.0,20.0,0.0,0.0,0.0,0,1,0,0,0,0
MLI,706012,2021,706,12,1,1,2,1,0,1,1,1,0,0,1,0,0,0,0,4,3,0,0,0,0,0,0,0,4.450000047683716,5.0,4.0,0.0,0.0,0.0,0,0,0,0,0,0
MLI,708001,2021,708,1,2,1,2,1,0,0,1,1,0,0,1,0,0,0,0,4,3,0,0,0,0,0,0,0,1.7178956270217896,1.0,2.0,0.0,0.0,4.0,1,1,0,0,1,0
MLI,708002,2021,708,2,2,1,2,1,0,0,1,1,0,0,0,0,0,0,0,4,6,0,0,0,0,0,0,0,1.802767962217331,2.0,6.0,0.0,0.0,3.0,0,1,1,0,1,0
MLI,708003,2021,708,3,2,1,2,1,0,0,1,1,0,0,1,0,0,0,0,4,3,0,0,0,0,0,0,0,1.9759891629219055,6.0,18.0,0.0,0.0,22.0,0,1,1,0,1,0
MLI,708004,2021,708,4,2,1,2,1,0,0,1,1,0,0,0,0,0,0,0,4,6,0,0,0,0,0,0,0,1.2840043306350708,2.0,16.0,0.0,0.0,2.0,0,1,0,0,1,0
MLI,708005,2021,708,5,2,1,4,1,0,0,1,1,0,0,1,1,0,0,0,4,3,1,0,1,0,0,1,0,1.0477248430252075,2.0,10.0,0.0,0.0,0.0,0,1,1,0,0,0
MLI,708006,2021,708,6,2,1,2,1,0,0,1,1,0,0,1,1,0,0,0,4,3,1,0,0,0,0,1,0,2.9471542835235596,2.0,8.0,0.0,0.0,0.0,0,1,1,0,0,0
MLI,708007,2021,708,7,2,1,1,1,0,0,1,1,0,0,1,1,0,0,0,4,3,1,0,0,0,0,1,0,1.5405778884887695,2.0,3.0,0.0,0.0,0.0,0,1,1,0,0,0
MLI,708008,2021,708,8,2,1,2,1,0,0,1,1,0,0,1,1,0,0,0,4,3,0,0,0,0,0,0,0,1.5116655826568604,2.0,7.0,0.0,0.0,0.0,1,1,1,0,0,0
MLI,708009,2021,708,9,2,1,2,1,0,0,1,1,0,0,1,0,0,0,0,4,3,0,0,0,0,0,0,0,3.2041141986846924,3.0,8.0,0.0,0.0,6.0,0,0,0,1,1,0
MLI,708010,2021,708,10,2,1,2,1,0,0,1,1,0,0,1,0,0,0,0,4,3,1,0,0,0,0,1,0,3.046511650085449,7.0,7.0,0.0,0.0,0.0,0,0,0,1,1,0
MLI,708011,2021,708,11,2,1,2,1,0,0,1,1,0,0,1,0,0,0,0,4,3,0,0,0,0,0,0,0,4.254145979881287,4.0,9.0,0.0,0.0,0.0,0,0,0,0,1,0
MLI,708012,2021,708,12,2,1,2,1,0,0,1,1,0,0,1,1,0,0,0,4,3,0,0,0,0,0,0,0,4.335875988006592,4.0,4.0,0.0,0.0,0.0,0,0,0,0,0,0
MLI,710001,2021,710,1,2,1,2,1,1,0,1,1,0,0,1,1,0,0,0,4,3,0,0,0,0,0,0,0,2.5,3.0,0.0,0.0,0.0,0.0,0,0,0,0,0,0
MLI,710002,2021,710,2,2,1,2,1,1,0,1,1,0,0,1,1,0,0,0,4,3,0,0,0,0,0,0,0,1.8799999952316284,2.0,0.0,0.0,0.0,0.0,0,0,0,0,0,0
MLI,710003,2021,710,3,2,1,2,1,1,0,1,1,0,0,1,1,0,0,0,4,3,0,0,0,0,0,0,0,5.570000171661377,2.0,0.0,0.0,0.0,0.0,0,0,0,0,0,0
MLI,710004,2021,710,4,2,1,2,1,1,0,1,1,0,0,1,0,0,0,0,4,3,0,0,0,0,0,0,0,2.0199999809265137,2.0,0.0,0.0,0.0,0.0,0,0,0,0,0,0
MLI,710005,2021,710,5,2,1,2,1,0,0,0,0,0,0,1,0,0,0,0,4,3,0,0,0,0,0,0,0,6.9678956270217896,4.0,4.0,0.0,0.0,13.0,0,1,0,1,0,0
MLI,710006,2021,710,6,2,1,2,1,0,0,0,0,0,0,1,0,0,0,0,4,3,0,0,0,0,0,0,0,3.1357256174087524,1.0,10.0,0.0,0.0,8.0,0,1,0,0,0,0
MLI,710007,2021,710,7,2,1,2,1,0,0,0,0,0,0,1,0,0,0,0,4,3,0,0,0,0,0,0,0,3.0844660997390747,5.0,18.0,0.0,0.0,24.0,0,1,0,0,0,0
MLI,710008,2021,710,8,2,1,2,1,0,0,0,0,0,0,1,0,0,0,0,4,3,1,0,0,0,0,0,0,5.261523485183716,5.0,14.0,0.0,0.0,9.0,0,1,0,0,0,0
MLI,710009,2021,710,9,2,1,2,1,0,0,0,0,0,0,1,0,0,1,0,4,3,0,0,0,0,0,0,0,6.223660707473755,1.0,4.0,0.0,0.0,0.0,0,0,0,0,0,0
MLI,710010,2021,710,10,2,1,2,1,0,0,0,0,0,0,0,0,0,1,0,4,5,0,0,0,0,0,0,0,4.159996509552002,2.0,6.0,0.0,0.0,9.0,0,1,0,0,0,0
MLI,710011,2021,710,11,2,1,2,1,0,0,0,0,0,0,1,0,0,1,0,4,3,0,0,0,0,0,0,0,4.6246538162231445,6.0,8.0,0.0,0.0,0.0,0,1,0,0,0,0
MLI,710012,2021,710,12,2,1,2,1,0,0,0,0,0,0,1,0,0,1,0,4,3,0,0,0,0,0,0,0,0.3471080958843231,,,,,,0,0,0,0,0,0
MLI,714001,2021,714,1,2,1,1,1,0,1,1,1,0,0,1,0,0,0,0,4,3,0,0,0,0,0,0,0,,1.0,1.0,0.0,0.0,0.0,0,0,1,0,1,0
MLI,714002,2021,714,2,2,1,1,1,0,1,1,1,1,1,0,0,0,0,0,1,1,0,0,0,0,0,0,0,2.5416494607925415,0.0,1.0,0.0,0.0,0.0,0,1,1,0,1,0
MLI,714003,2021,714,3,2,1,4,1,1,1,1,1,1,1,0,0,1,1,1,1,1,1,0,1,0,0,1,0,2.339387059211731,,,,,,0,0,1,1,1,0
MLI,714004,2021,714,4,2,1,1,1,0,1,1,1,1,1,0,0,0,0,0,1,1,0,0,0,0,0,0,0,,0.0,2.0,0.0,0.0,0.0,0,0,1,1,1,0
MLI,714005,2021,714,5,2,1,1,1,0,1,1,1,1,1,0,1,0,0,0,1,1,0,0,0,0,0,0,0,1.6461297273635864,2.0,4.0,0.0,0.0,0.0,1,1,1,0,0,0
MLI,714006,2021,714,6,2,1,2,1,0,0,1,1,0,0,0,1,0,0,0,4,5,0,0,0,0,0,0,0,1.914259910583496,0.0,5.0,0.0,0.0,0.0,1,1,1,1,1,0
MLI,714007,2021,714,7,2,1,2,1,0,1,1,1,1,1,0,0,0,0,0,1,1,1,0,0,0,0,0,0,1.479200005531311,2.0,8.0,0.0,0.0,0.0,0,0,1,0,1,0
MLI,714008,2021,714,8,2,2,1,1,0,1,1,1,1,1,0,1,0,0,1,1,1,0,0,0,0,0,0,0,2.0405161380767822,2.0,3.0,0.0,0.0,0.0,0,1,1,0,1,0
MLI,714009,2021,714,9,2,1,1,1,0,0,1,1,1,1,0,1,0,0,1,1,1,1,0,0,0,0,1,0,,0.0,2.0,0.0,0.0,0.0,1,0,1,0,0,0
MLI,714010,2021,714,10,2,1,4,1,0,0,1,1,0,0,0,0,0,1,1,4,5,0,0,0,0,0,0,0,1.0456000566482544,1.0,2.0,0.0,0.0,0.0,0,0,1,0,0,0
MLI,714011,2021,714,11,2,1,2,1,0,0,1,1,0,1,0,1,0,1,1,2,1,0,0,0,0,0,0,0,,1.0,3.0,0.0,0.0,0.0,0,0,0,0,0,0
MLI,714012,2021,714,12,2,1,2,1,0,0,1,1,1,1,0,1,0,1,1,1,1,0,0,0,0,0,0,0,,0.0,7.0,0.0,0.0,0.0,0,0,1,0,0,0
MLI,715001,2021,715,1,2,1,2,1,0,1,1,1,0,0,0,1,0,0,0,4,6,0,0,0,0,0,0,0,7.196446657180786,5.0,13.0,0.0,0.0,0.0,0,1,1,0,1,0
MLI,715002,2021,715,2,2,2,2,1,0,1,1,1,0,0,1,0,0,0,0,4,3,1,0,0,0,0,0,0,14.95729374885559,14.0,11.0,0.0,0.0,30.0,0,1,1,0,0,0
MLI,715003,2021,715,3,2,1,2,1,0,1,1,1,0,0,0,1,0,0,0,4,6,0,0,0,0,0,0,0,3.3956284523010254,5.0,0.0,0.0,0.0,30.0,1,1,0,1,1,0
MLI,715004,2021,715,4,2,1,2,1,0,1,1,1,0,0,0,1,0,0,0,4,6,0,0,0,0,0,0,0,3.069231867790222,3.0,0.0,0.0,0.0,0.0,1,1,0,0,0,0
MLI,715005,2021,715,5,2,1,2,1,0,0,1,1,0,0,1,0,0,0,0,4,3,0,0,1,0,0,0,0,18.437462329864502,8.0,4.0,0.0,0.0,0.0,1,1,0,0,1,0
MLI,715006,2021,715,6,2,2,2,1,0,1,1,1,0,0,0,1,0,0,0,4,6,0,0,0,0,0,0,0,11.577371954917908,2.0,5.0,0.0,0.0,16.0,0,1,1,1,1,0
MLI,715007,2021,715,7,2,1,2,1,0,1,1,1,0,0,0,1,0,0,0,4,6,0,0,0,0,0,0,0,7.337979793548584,15.0,17.0,0.0,0.0,0.0,0,1,0,1,1,0
MLI,715008,2021,715,8,2,1,1,1,0,1,1,1,0,0,1,0,0,0,0,4,3,0,0,0,0,0,0,0,5.0879034996032715,2.0,8.0,0.0,0.0,0.0,0,1,1,0,0,0
MLI,715009,2021,715,9,2,1,2,1,0,0,1,1,0,0,1,0,0,0,1,4,3,0,0,0,0,0,0,0,2.513000011444092,4.0,0.0,0.0,0.0,0.0,1,1,1,1,0,0
MLI,715010,2021,715,10,2,1,2,1,0,0,1,1,0,0,1,1,0,1,1,4,3,0,0,0,0,0,0,0,2.939199924468994,5.0,6.0,0.0,0.0,0.0,0,1,0,0,0,0
MLI,715011,2021,715,11,2,1,2,1,0,0,1,1,0,0,1,1,0,0,1,4,3,0,0,0,0,0,0,0,3.1589999198913574,7.0,10.0,0.0,0.0,0.0,0,1,1,0,0,0
MLI,715012,2021,715,12,2,1,2,1,0,0,1,1,0,0,1,0,0,0,0,4,2,0,0,0,0,0,0,0,2.562999963760376,1.0,0.0,0.0,0.0,0.0,1,0,1,0,0,0
MLI,719001,2021,719,1,2,1,3,1,0,1,1,1,1,1,0,1,0,0,1,1,1,1,0,0,0,0,0,0,1.3376647233963013,0.0,9.0,0.0,0.0,0.0,0,0,0,0,0,0
MLI,719002,2021,719,2,2,1,4,0,0,0,1,1,0,0,0,0,0,0,0,4,6,0,0,0,0,0,0,0,0.9686266183853149,,,,,,1,0,0,0,1,0
MLI,719003,2021,719,3,2,1,1,1,0,1,1,1,1,1,0,0,0,0,1,1,1,1,0,0,0,0,1,0,,,,,,,0,0,1,0,1,0
MLI,719004,2021,719,4,2,1,1,1,0,1,1,1,1,1,0,0,0,1,1,1,1,1,0,0,0,0,0,0,,0.0,2.0,0.0,0.0,0.0,0,0,0,0,1,0
MLI,719005,2021,719,5,2,1,3,1,1,1,1,1,1,1,0,0,0,0,1,1,1,1,0,1,0,0,0,1,,0.0,3.0,0.0,0.0,0.0,0,0,1,0,1,0
MLI,719006,2021,719,6,2,1,4,1,0,1,1,1,1,1,0,0,0,0,0,1,1,0,0,0,0,0,0,0,,,,,,,0,0,1,0,0,0
MLI,719007,2021,719,7,2,1,2,1,0,1,1,1,1,1,0,1,0,0,0,1,1,1,0,1,0,0,0,0,5.180148124694824,10.0,16.0,0.0,0.0,0.0,0,1,1,0,0,0
MLI,719008,2021,719,8,2,1,1,1,0,1,1,1,1,1,0,0,0,0,0,1,1,1,0,1,0,0,1,0,6.059902667999268,,,,,,0,1,1,0,0,0
MLI,719009,2021,719,9,2,1,4,1,0,1,1,1,1,1,0,0,0,0,1,1,1,1,0,0,0,0,1,0,,,,,,,0,1,1,0,0,0
MLI,719010,2021,719,10,2,1,3,1,0,0,1,1,1,1,0,1,0,0,1,1,1,1,0,0,0,0,1,0,1.3910000324249268,2.0,7.0,0.0,0.0,0.0,0,1,0,0,0,0
MLI,719011,2021,719,11,2,1,3,1,0,1,1,1,1,1,0,0,0,0,1,1,1,0,0,0,0,0,0,0,,,,,,,0,0,1,0,0,0
MLI,719012,2021,719,12,2,2,1,1,0,0,1,1,1,1,0,0,0,0,1,1,1,1,0,0,0,0,1,0,,0.0,10.0,0.0,0.0,10.0,0,1,1,0,0,0
MLI,722001,2021,722,1,1,1,2,1,0,0,1,1,0,0,1,0,0,0,0,4,3,0,0,0,0,0,0,0,0.7539999857544899,4.0,5.0,0.0,0.0,9.0,0,1,1,0,1,0
MLI,722002,2021,722,2,1,1,2,1,0,0,1,1,0,0,1,0,0,0,0,4,3,0,0,0,0,0,0,0,,0.0,0.0,0.0,0.0,6.0,0,0,0,0,1,0
MLI,722003,2021,722,3,1,1,2,1,0,0,1,1,0,0,1,0,0,0,0,4,3,1,0,0,0,0,0,0,0.868738204240799,0.0,0.0,0.0,0.0,8.0,0,1,0,0,1,0
MLI,722004,2021,722,4,1,1,2,1,0,0,1,1,0,0,0,0,0,0,0,4,6,0,0,0,0,0,0,0,0.531173299998045,3.0,0.0,0.0,0.0,0.0,0,1,1,0,1,0
MLI,722005,2021,722,5,1,1,2,1,0,0,1,1,0,0,0,0,0,0,0,4,5,0,0,0,0,0,0,0,0.7023000121116638,1.0,2.0,0.0,0.0,0.0,1,1,1,0,1,0
MLI,722006,2021,722,6,1,1,2,1,0,0,1,1,0,0,1,0,0,0,0,4,3,0,0,0,0,0,0,0,3.284500017762184,4.0,8.0,0.0,0.0,0.0,0,1,0,0,1,0
MLI,722007,2021,722,7,1,1,2,1,0,0,1,1,0,0,0,0,0,0,0,4,5,0,0,0,0,0,0,0,,0.0,4.0,0.0,0.0,15.0,0,1,0,0,1,0
MLI,722008,2021,722,8,1,1,2,1,0,0,1,1,0,0,1,0,0,0,0,4,3,0,0,0,0,0,0,0,1.4459999799728394,2.0,4.0,0.0,0.0,0.0,0,1,0,0,0,0
MLI,722009,2021,722,9,1,1,2,1,0,0,1,1,0,0,0,1,0,1,1,4,6,0,0,0,0,0,0,0,2.2905367612838745,8.0,10.0,0.0,0.0,12.0,0,0,0,0,0,0
MLI,722010,2021,722,10,1,1,2,1,0,0,1,1,0,0,0,1,0,1,1,4,6,0,0,0,0,0,0,0,1.922300010919571,3.0,5.0,0.0,0.0,10.0,0,0,0,0,0,0
MLI,722011,2021,722,11,1,1,2,1,0,1,1,1,0,0,0,1,0,1,1,4,6,0,0,0,0,0,0,0,1.610099971294403,2.0,10.0,0.0,0.0,0.0,1,0,0,0,0,0
MLI,722012,2021,722,12,1,1,2,1,0,1,1,1,0,0,0,1,0,1,1,4,6,0,0,0,0,0,0,0,0.7831064462661743,0.0,1.0,0.0,0.0,0.0,0,0,0,0,0,0
MLI,726001,2021,726,1,1,1,2,1,0,0,0,0,0,0,0,0,0,0,0,4,6,0,0,0,0,0,0,0,1.0444978028535843,1.0,0.0,0.0,0.0,0.0,0,1,1,0,1,0
MLI,726002,2021,726,2,1,1,2,1,0,0,0,0,0,0,1,0,0,0,0,4,3,0,0,0,0,0,0,1,2.4211385250091553,10.0,2.0,0.0,0.0,0.0,0,1,1,0,1,0
MLI,726003,2021,726,3,1,1,2,1,0,0,0,0,0,0,0,0,0,0,0,4,6,0,0,0,0,0,0,0,1.0565775632858276,2.0,2.0,0.0,0.0,0.0,0,1,0,0,1,0
MLI,726004,2021,726,4,1,1,2,1,0,0,0,0,0,0,0,0,0,0,0,4,6,0,0,0,0,0,0,0,1.2525524944067001,2.0,0.0,0.0,0.0,0.0,0,1,1,0,1,0
MLI,726005,2021,726,5,1,1,2,1,0,0,1,1,0,0,1,0,0,0,0,4,3,1,0,0,0,0,1,0,2.780524969100952,5.0,8.0,0.0,0.0,4.0,1,1,0,0,1,0
MLI,726006,2021,726,6,1,1,2,1,0,0,1,1,0,0,1,0,0,0,0,4,3,1,0,0,0,0,1,0,4.143807947635651,3.0,8.0,0.0,0.0,4.0,0,1,0,0,1,0
MLI,726007,2021,726,7,1,1,2,1,0,0,1,1,0,0,1,0,0,0,0,4,3,1,0,0,0,0,1,0,3.0995067954063416,5.0,3.0,0.0,0.0,4.0,0,1,0,0,1,0
MLI,726008,2021,726,8,1,1,2,1,0,0,1,1,0,0,1,0,0,0,0,4,3,0,0,0,0,0,0,0,6.053430259227753,1.0,10.0,0.0,0.0,0.0,0,1,0,0,1,0
MLI,726009,2021,726,9,1,1,2,1,0,0,1,1,0,0,0,0,0,1,1,4,6,0,0,0,0,0,0,0,2.4895706176757812,1.0,4.0,0.0,0.0,0.0,1,0,0,0,0,0
MLI,726010,2021,726,10,1,1,2,1,0,0,1,1,0,0,0,0,0,1,1,4,6,0,0,0,0,0,0,0,2.7755009531974792,0.0,1.0,0.0,0.0,0.0,0,0,0,0,0,0
MLI,726011,2021,726,11,1,1,2,1,0,0,1,1,0,0,0,0,0,1,1,4,6,0,0,0,0,0,0,0,0.5699796378612518,6.0,6.0,0.0,0.0,0.0,0,0,0,1,0,0
MLI,726012,2021,726,12,1,1,2,1,0,0,1,1,0,0,0,0,0,1,1,4,6,0,0,0,0,0,0,0,2.9820679426193237,3.0,0.0,0.0,0.0,0.0,0,0,0,1,0,0
MLI,729001,2021,729,1,1,2,1,1,0,1,1,1,1,1,0,1,0,1,0,1,1,1,0,1,0,1,1,0,,0.0,0.0,80.0,0.0,30.0,0,0,0,0,1,0
MLI,729002,2021,729,2,1,2,3,1,1,1,1,1,1,1,0,1,0,1,0,1,1,1,0,0,0,1,1,0,,0.0,2.0,0.0,0.0,0.0,0,1,0,0,1,0
MLI,729003,2021,729,3,1,2,1,1,0,1,1,1,0,0,1,1,0,1,1,4,3,0,0,0,0,0,0,0,,0.0,0.0,0.0,0.0,10.0,0,1,0,0,1,0
MLI,729004,2021,729,4,1,1,3,1,1,1,1,1,1,1,0,1,0,1,1,1,1,1,1,0,0,1,1,0,,,,,,,0,0,0,0,1,0
MLI,729005,2021,729,5,1,1,1,1,1,1,1,1,1,1,0,0,0,0,0,1,1,1,0,0,0,0,1,0,0.23847155272960663,0.0,7.0,0.0,0.0,10.0,1,1,1,0,1,0
MLI,729006,2021,729,6,1,2,1,1,1,1,1,0,0,1,0,0,0,0,0,2,1,1,0,0,0,0,1,0,0.9562532603740692,0.0,1.0,0.0,0.0,10.0,1,1,1,0,1,0
MLI,729007,2021,729,7,1,2,2,1,1,1,1,1,1,1,0,0,0,0,0,1,1,0,0,1,0,0,0,0,,,,,,,1,1,0,0,0,0
MLI,729008,2021,729,8,1,2,1,1,1,1,1,1,1,1,0,1,0,0,0,1,1,1,0,0,0,0,0,0,1.5658597946166992,1.0,2.0,0.0,0.0,10.0,0,1,1,0,1,0
MLI,729009,2021,729,9,1,2,2,1,0,1,1,1,0,0,1,0,0,1,0,4,3,0,0,0,0,0,0,0,1.5767438411712646,0.0,5.0,0.0,0.0,0.0,1,1,0,0,0,0
MLI,729010,2021,729,10,1,1,1,1,1,1,1,1,1,1,0,0,1,1,0,1,1,1,0,0,0,0,1,0,,0.0,8.0,0.0,0.0,0.0,0,0,0,0,1,0
MLI,729011,2021,729,11,1,2,3,1,1,1,0,0,0,1,0,1,0,0,0,2,1,1,0,0,0,0,0,0,0.5827394127845764,,,,,,0,0,1,0,1,0
MLI,729012,2021,729,12,1,1,1,1,1,1,1,1,0,1,0,0,0,0,1,2,1,1,0,0,0,0,1,0,,,,,,,0,1,0,0,1,0
MLI,738001,2021,738,1,1,1,1,1,0,0,1,1,0,0,1,0,0,0,0,4,3,0,0,0,0,0,0,0,0.8287210464477539,5.0,2.0,0.0,0.0,8.0,0,1,0,0,1,0
MLI,738002,2021,738,2,1,1,1,1,0,0,1,1,0,0,1,0,0,0,0,4,3,1,0,0,0,0,0,0,2.128518581390381,1.0,4.0,0.0,0.0,4.0,0,1,0,0,1,0
MLI,738003,2021,738,3,1,1,1,1,0,0,1,1,0,0,1,0,0,0,0,4,3,0,0,0,0,0,0,0,1.0090574026107788,3.0,2.0,0.0,0.0,11.0,1,1,0,0,1,0
MLI,738004,2021,738,4,1,1,1,1,0,0,1,1,0,0,1,0,0,0,0,4,3,0,0,0,0,0,0,0,2.3235092163085938,3.0,2.0,0.0,0.0,8.0,0,1,0,0,1,0
MLI,738005,2021,738,5,1,1,2,0,0,0,1,1,0,0,0,0,0,0,0,4,5,0,0,0,0,0,0,0,1.3765007257461548,3.0,6.0,0.0,0.0,6.0,0,1,0,0,1,0
MLI,738006,2021,738,6,1,1,2,1,0,0,1,1,0,0,1,0,0,0,0,4,3,1,0,0,0,0,0,0,2.288560688495636,2.0,1.0,0.0,0.0,0.0,0,1,0,0,1,0
MLI,738007,2021,738,7,1,1,2,1,0,0,1,1,0,0,1,0,0,0,0,4,3,0,0,0,0,0,0,0,3.339314341545105,3.0,5.0,0.0,0.0,0.0,0,1,0,0,1,0
MLI,738008,2021,738,8,1,1,2,1,0,0,1,1,0,0,1,0,0,0,0,4,3,0,0,0,0,0,0,0,2.7305022478103638,3.0,3.0,0.0,0.0,0.0,0,1,0,0,1,0
MLI,738009,2021,738,9,1,2,1,1,0,0,1,1,0,0,1,0,0,0,0,4,3,1,0,0,0,0,0,0,0.9623888731002808,1.0,4.0,0.0,0.0,6.0,0,1,0,0,1,0
MLI,738010,2021,738,10,1,1,1,1,0,1,1,1,0,0,1,0,0,1,0,4,3,0,0,0,0,0,0,0,,,,,,,1,0,0,0,1,0
MLI,738011,2021,738,11,1,1,4,1,0,1,1,1,0,0,0,0,0,1,1,4,6,0,0,0,0,0,0,0,3.044742465019226,2.0,10.0,0.0,0.0,0.0,0,0,0,0,0,0
MLI,738012,2021,738,12,1,2,1,1,0,1,1,1,0,0,1,0,0,1,0,4,3,0,0,0,0,0,0,0,1.5796961784362793,1.0,2.0,0.0,0.0,6.0,0,0,0,0,0,0
MLI,740001,2021,740,1,1,1,2,1,0,1,1,1,1,1,0,1,0,0,0,1,1,1,0,0,0,0,0,0,0.25,,,,,,0,0,0,0,0,0
MLI,740002,2021,740,2,1,1,4,1,0,1,1,1,0,0,1,0,0,0,0,4,3,0,0,0,0,0,0,0,,,,,,,0,0,0,0,0,0
MLI,740003,2021,740,3,1,1,2,1,0,1,1,1,1,1,0,0,0,0,0,1,1,1,0,0,0,0,1,0,0.75,0.0,5.0,0.0,0.0,0.0,0,0,0,0,0,0
MLI,740004,2021,740,4,1,1,2,1,0,1,1,1,1,1,0,1,0,0,0,1,1,1,0,0,0,0,1,0,,15.0,11.0,0.0,0.0,0.0,0,0,0,0,0,0
MLI,740005,2021,740,5,1,1,4,1,0,0,1,1,0,0,0,0,0,0,0,4,5,0,0,0,0,0,0,0,0.5,2.0,2.0,0.0,0.0,0.0,1,0,0,0,0,0
MLI,740006,2021,740,6,1,1,2,1,0,1,1,1,1,0,1,1,0,0,0,1,2,0,0,0,0,0,0,0,,,,,,,0,0,1,0,0,0
MLI,740007,2021,740,7,1,1,2,1,0,1,0,1,1,0,1,1,0,0,0,1,2,0,0,1,0,0,0,0,0.5,0.0,6.0,0.0,0.0,0.0,1,0,1,0,0,0
MLI,740008,2021,740,8,1,1,2,1,0,0,1,1,0,0,0,0,0,0,0,4,5,0,0,0,0,0,0,0,3.413832187652588,2.0,1.0,0.0,0.0,0.0,0,0,0,0,0,0
MLI,740009,2021,740,9,1,1,1,1,0,1,1,1,1,1,0,1,0,0,0,1,1,1,0,0,0,0,1,0,,,,,,,0,0,1,0,0,0
MLI,740010,2021,740,10,1,1,1,1,0,1,1,1,1,1,0,1,0,0,0,1,1,1,0,0,0,0,1,0,,,,,,,0,0,1,0,0,0
MLI,740011,2021,740,11,1,1,1,1,0,1,1,1,0,0,1,1,0,0,0,4,3,0,0,0,0,0,0,0,,1.0,2.0,0.0,0.0,9.0,0,0,1,0,0,0
MLI,740012,2021,740,12,1,1,3,1,0,1,1,1,1,1,0,1,0,0,0,1,1,1,0,0,0,0,1,0,,52.0,0.0,0.0,0.0,0.0,0,1,1,0,0,0
MLI,741001,2021,741,1,2,1,2,1,0,0,1,1,0,0,0,0,0,0,0,4,6,0,0,0,0,0,0,0,1.760210782289505,5.0,5.0,0.0,0.0,0.0,0,1,1,0,1,0
MLI,741002,2021,741,2,2,1,2,1,0,0,0,0,0,0,1,0,0,0,0,4,3,0,0,0,0,0,0,0,1.3169094324111938,3.0,3.0,0.0,0.0,11.0,0,1,1,0,1,0
MLI,741003,2021,741,3,2,1,2,1,0,0,1,1,0,0,0,0,0,0,0,4,6,0,0,0,0,0,0,0,1.0633435249328613,0.0,3.0,0.0,0.0,6.0,0,1,1,0,1,0
MLI,741004,2021,741,4,2,1,2,1,0,0,1,1,0,0,1,0,0,0,0,4,3,0,0,0,0,0,0,0,1.4661614894866943,2.0,4.0,0.0,0.0,12.0,0,1,1,0,1,0
MLI,741005,2021,741,5,2,1,2,1,0,0,1,1,0,0,0,0,0,0,0,4,5,0,0,0,0,0,0,0,0.7917518615722656,0.0,1.0,0.0,0.0,0.0,0,1,1,0,0,0
MLI,741006,2021,741,6,2,1,2,1,0,0,1,1,0,0,0,1,0,0,0,4,5,0,0,0,0,0,0,0,2.317318916320801,2.0,10.0,0.0,0.0,0.0,0,1,1,0,0,0
MLI,741007,2021,741,7,2,1,2,1,0,0,1,1,0,0,0,1,0,0,0,4,5,0,0,0,0,0,0,0,2.3838067054748535,4.0,0.0,0.0,0.0,0.0,0,1,1,0,0,0
MLI,741008,2021,741,8,2,1,4,1,0,0,1,1,0,0,0,1,0,0,0,4,5,0,0,0,0,0,0,0,0.7737516164779663,0.0,2.0,0.0,0.0,0.0,0,1,1,0,0,0
MLI,741009,2021,741,9,2,1,2,1,0,0,0,0,0,0,1,0,0,0,0,4,3,0,0,0,0,0,0,0,3.513234257698059,7.0,6.0,0.0,0.0,0.0,0,0,0,0,1,0
MLI,741010,2021,741,10,2,1,2,1,0,0,0,0,0,0,0,0,0,0,0,4,6,0,0,0,0,0,0,0,2.879995107650757,7.0,4.0,0.0,0.0,0.0,0,0,0,0,1,0
MLI,741011,2021,741,11,2,1,2,1,0,0,0,0,0,0,0,0,0,0,0,4,6,0,0,0,0,0,0,0,2.855029821395874,8.0,8.0,0.0,0.0,0.0,0,0,0,0,1,0
MLI,741012,2021,741,12,2,1,2,1,0,0,0,0,0,0,0,0,0,0,0,4,6,0,0,0,0,0,0,0,2.6933197379112244,6.0,4.0,0.0,0.0,0.0,0,0,0,0,1,0
MLI,743001,2021,743,1,2,1,2,1,0,0,0,0,0,0,1,0,0,0,0,4,3,0,0,0,0,0,0,0,2.1440916061401367,1.0,4.0,0.0,0.0,11.0,1,1,1,0,1,0
MLI,743002,2021,743,2,2,1,2,1,0,0,0,0,0,0,0,0,0,0,0,4,6,0,0,0,0,0,0,0,1.3214127123355865,0.0,3.0,0.0,0.0,4.0,0,1,1,0,1,0
MLI,743003,2021,743,3,2,1,2,1,0,0,0,0,0,0,1,0,0,0,0,4,3,0,0,0,0,0,0,0,1.4529857635498047,2.0,8.0,0.0,0.0,13.0,1,1,1,0,1,0
MLI,743004,2021,743,4,2,1,2,1,0,0,0,0,0,0,1,0,0,0,0,4,3,0,0,0,0,0,0,0,1.8889256715774536,1.0,5.0,0.0,0.0,0.0,0,1,1,0,1,0
MLI,743005,2021,743,5,2,1,2,1,0,0,1,1,0,0,0,1,0,0,0,4,5,0,0,0,0,0,0,0,4.1390509605407715,0.0,1.0,0.0,0.0,0.0,0,1,1,0,0,0
MLI,743006,2021,743,6,2,1,2,1,0,0,1,1,0,0,0,1,0,0,0,4,5,0,0,0,0,0,0,0,2.2565712928771973,1.0,3.0,0.0,0.0,0.0,0,1,1,0,0,0
MLI,743007,2021,743,7,2,1,4,1,0,0,1,1,0,0,0,1,0,0,0,4,5,0,0,0,0,0,0,0,1.3418152332305908,,,,,,0,1,1,0,0,0
MLI,743008,2021,743,8,2,1,4,1,0,0,1,1,0,0,0,1,0,0,0,4,5,0,0,0,0,0,0,0,2.8250293731689453,0.0,45.0,0.0,0.0,0.0,0,1,1,0,0,0
MLI,743009,2021,743,9,2,1,2,1,0,0,0,0,0,0,1,0,0,0,0,4,3,0,0,0,0,0,0,0,2.9799697399139404,5.0,6.0,0.0,0.0,0.0,0,0,0,0,1,0
MLI,743010,2021,743,10,2,1,2,1,0,0,0,0,0,0,1,0,0,0,0,4,3,0,0,0,0,0,0,0,3.561599850654602,8.0,14.0,0.0,0.0,10.0,0,0,0,0,1,0
MLI,743011,2021,743,11,2,1,2,1,0,0,0,0,0,0,1,0,0,0,0,4,3,0,0,0,0,0,0,0,2.364516258239746,1.0,2.0,0.0,0.0,0.0,0,0,0,0,1,0
MLI,743012,2021,743,12,2,1,2,1,0,0,0,0,0,0,0,0,0,0,0,4,6,0,0,0,0,0,0,0,2.9890326857566833,3.0,2.0,0.0,0.0,0.0,0,0,0,0,1,0
MLI,757001,2021,757,1,1,2,1,1,0,1,1,1,0,0,1,1,0,0,0,4,3,0,0,0,0,0,0,0,0.5324053168296814,2.0,4.0,0.0,0.0,0.0,0,1,1,0,0,0
MLI,757002,2021,757,2,1,1,1,1,0,1,1,1,0,0,1,1,0,0,0,4,3,1,0,0,0,0,1,0,,75.0,8.0,0.0,0.0,0.0,1,1,1,0,0,0
MLI,757003,2021,757,3,1,1,1,1,0,1,1,1,0,0,1,1,0,0,0,4,3,1,0,0,0,0,1,0,0.7238932251930237,17.0,4.0,0.0,0.0,0.0,0,1,1,0,0,0
MLI,757004,2021,757,4,1,1,2,1,0,1,1,1,0,0,1,1,0,0,0,4,3,1,0,0,0,0,0,0,,30.0,0.0,0.0,0.0,0.0,1,0,1,0,0,0
MLI,757005,2021,757,5,1,1,2,1,0,0,1,1,0,0,0,0,0,0,0,4,5,0,0,0,0,0,0,0,,2.0,0.0,0.0,0.0,0.0,0,0,1,1,0,0
MLI,757006,2021,757,6,1,1,2,1,0,0,1,1,0,0,0,0,0,0,0,4,5,0,0,0,0,0,0,0,,0.0,6.0,0.0,0.0,0.0,1,0,1,0,0,0
MLI,757007,2021,757,7,1,1,4,1,0,0,1,1,0,0,0,0,0,0,0,4,5,0,0,0,0,0,0,0,0.0483880341053009,0.0,3.0,0.0,0.0,0.0,1,1,1,1,0,0
MLI,757008,2021,757,8,1,1,1,1,0,0,1,1,0,0,1,0,0,0,0,4,3,0,0,1,0,1,0,0,,5.0,7.0,0.0,0.0,0.0,0,0,0,1,1,0
MLI,757009,2021,757,9,1,1,4,1,0,1,1,1,0,0,1,1,0,0,0,4,3,0,0,0,0,0,0,0,0.6292737126350403,,,,,,0,0,0,1,0,0
MLI,757010,2021,757,10,1,2,2,1,0,1,1,0,0,0,1,1,0,0,0,4,3,1,0,0,0,0,1,0,1.5288726687431335,0.0,7.0,0.0,0.0,0.0,1,0,0,0,1,0
MLI,757011,2021,757,11,1,1,2,1,0,1,1,1,0,0,0,0,0,0,0,4,4,0,0,0,0,0,0,0,,0.0,6.0,0.0,0.0,0.0,0,0,1,0,1,0
MLI,757012,2021,757,12,1,1,2,1,0,1,1,1,0,0,1,1,0,0,0,4,3,0,0,0,0,0,0,0,0.9832113981246948,0.0,7.0,0.0,0.0,0.0,1,1,1,1,0,0
MLI,769001,2021,769,1,2,1,1,1,0,0,1,1,0,0,0,1,0,1,0,4,5,0,0,0,0,0,0,0,,,,,,,0,0,0,0,0,0
MLI,769002,2021,769,2,2,1,1,1,0,0,1,1,0,0,0,1,0,0,0,4,6,0,0,0,0,0,0,0,,,,,,,0,0,0,0,0,0
MLI,769003,2021,769,3,2,1,1,1,0,0,1,1,0,0,1,1,0,1,0,4,3,1,0,0,0,0,1,0,,,,,,,0,1,0,0,1,0
MLI,769004,2021,769,4,2,1,1,1,0,0,1,1,0,0,1,1,0,1,0,4,3,0,0,0,0,0,0,0,,,,,,,0,0,0,0,0,0
MLI,769005,2021,769,5,2,1,2,1,0,0,1,1,0,0,1,0,1,0,0,4,3,0,0,0,0,0,0,0,,,,,,,0,0,0,0,0,0
MLI,769006,2021,769,6,2,1,1,1,0,0,1,1,0,0,1,0,0,0,0,4,3,1,0,0,0,0,0,0,,,,,,,0,1,0,0,0,0
MLI,769007,2021,769,7,2,1,2,1,0,0,1,1,0,0,1,1,1,0,0,4,3,0,0,0,0,0,0,0,,,,,,,1,0,0,1,0,0
MLI,769008,2021,769,8,2,1,2,1,0,0,1,1,0,0,1,1,0,0,0,4,3,0,0,0,0,0,0,0,,,,,,,0,0,0,1,0,0
MLI,769009,2021,769,9,2,1,2,1,0,0,1,1,0,0,1,1,0,0,0,4,3,0,0,0,0,0,0,0,,,,,,,0,1,1,0,0,0
MLI,769010,2021,769,10,2,1,2,1,0,0,1,1,0,0,1,1,0,0,0,4,3,1,0,0,0,0,1,0,,1.0,3.0,0.0,0.0,0.0,1,1,1,0,0,0
MLI,769011,2021,769,11,2,1,2,1,0,0,1,1,0,0,1,1,0,0,0,4,3,0,0,0,0,0,0,0,,0.0,5.0,0.0,0.0,0.0,1,1,1,0,0,0
MLI,769012,2021,769,12,2,1,2,1,0,0,1,1,0,0,1,1,0,0,0,4,3,0,0,0,0,0,0,0,,0.0,0.0,0.0,0.0,52.0,0,1,1,0,0,0
MLI,774001,2021,774,1,1,2,1,1,0,1,1,1,1,1,0,1,1,1,0,1,1,1,0,1,0,0,0,1,,,,,,,0,0,1,0,0,0
MLI,774002,2021,774,2,1,2,1,1,0,1,1,1,1,1,0,1,1,1,0,1,1,0,0,0,0,0,0,0,,,,,,,0,0,1,0,0,0
MLI,774003,2021,774,3,1,2,3,1,0,0,1,1,0,1,0,1,1,1,0,2,1,1,0,0,0,0,1,0,,0.0,2.0,0.0,0.0,0.0,0,0,0,0,0,0
MLI,774004,2021,774,4,1,2,1,1,0,0,1,1,0,1,0,1,1,1,0,2,1,1,0,0,0,0,0,0,27.98624000698328,,,,,,0,0,0,0,0,0
MLI,774005,2021,774,5,1,2,1,1,0,1,1,1,1,1,0,1,1,1,1,1,1,0,0,1,0,0,1,0,,,,,,,0,0,1,0,0,0
MLI,774006,2021,774,6,1,2,1,1,0,1,1,1,1,1,0,1,1,0,0,1,1,1,0,1,0,0,1,0,,,,,,,1,0,1,1,0,0
MLI,774007,2021,774,7,1,2,1,1,0,0,1,1,1,1,0,1,1,1,1,1,1,0,0,0,0,0,0,0,,,,,,,1,0,0,1,0,0
MLI,774008,2021,774,8,1,2,1,1,0,1,1,1,1,1,0,1,1,1,1,1,1,1,0,0,0,0,1,0,,,,,,,1,0,0,0,0,0
MLI,774009,2021,774,9,1,2,1,1,0,0,1,1,1,1,0,1,0,0,0,1,1,1,0,0,0,0,1,0,,0.0,4.0,0.0,0.0,0.0,1,1,1,0,0,0
MLI,774010,2021,774,10,1,2,1,1,0,1,1,1,1,1,0,1,0,0,0,1,1,1,0,1,0,0,1,0,,0.0,4.0,0.0,0.0,0.0,0,0,0,1,0,0
MLI,774011,2021,774,11,1,2,1,1,1,1,1,1,1,1,0,1,0,0,0,1,1,1,0,1,0,0,1,0,,,,,,,0,0,1,0,0,0
MLI,774012,2021,774,12,1,2,1,1,0,1,1,1,1,1,0,1,0,0,0,1,1,1,0,1,0,0,1,0,,0.0,6.0,0.0,0.0,0.0,0,0,0,0,0,0
MLI,775001,2021,775,1,2,1,1,1,0,0,1,1,0,0,1,1,0,0,0,4,3,0,0,0,0,0,0,0,,,,,,,1,0,0,0,0,0
MLI,775002,2021,775,2,2,1,1,1,0,0,1,1,0,0,0,1,0,0,0,4,5,0,0,0,0,0,0,0,,,,,,,0,0,0,0,0,0
MLI,775003,2021,775,3,2,1,1,1,0,0,1,1,0,0,1,1,0,0,0,4,3,1,0,0,0,0,0,0,,0.0,2.0,0.0,0.0,0.0,0,0,0,0,0,0
MLI,775004,2021,775,4,2,1,1,1,0,0,1,1,0,0,1,1,0,0,0,4,3,1,0,0,0,0,0,0,,,,,,,1,0,0,0,0,0
MLI,775005,2021,775,5,2,1,2,1,0,0,1,1,0,0,1,0,1,0,0,4,3,0,0,0,0,0,0,0,,,,,,,1,0,0,0,0,0
MLI,775006,2021,775,6,2,1,2,1,0,0,1,1,0,0,1,1,1,1,0,4,3,0,0,0,0,0,0,0,,0.0,27.0,0.0,0.0,0.0,0,0,0,1,0,0
MLI,775007,2021,775,7,2,1,1,1,0,0,1,1,0,0,1,0,0,0,0,4,3,1,0,0,0,0,0,0,,,,,,,0,0,0,0,0,0
MLI,775008,2021,775,8,2,2,1,1,0,0,1,1,0,0,1,0,1,1,0,4,3,1,0,0,0,0,1,0,,,,,,,0,0,0,0,0,0
MLI,775009,2021,775,9,2,1,2,1,0,0,1,1,0,0,1,1,0,0,0,4,3,1,0,0,0,0,1,0,,,,,,,0,1,1,0,1,0
MLI,775010,2021,775,10,2,1,2,1,0,0,1,1,0,0,1,1,0,0,0,4,3,0,0,0,0,0,0,0,,0.0,25.0,0.0,0.0,0.0,0,1,1,0,0,0
MLI,775011,2021,775,11,2,1,2,1,0,0,1,1,0,0,1,1,0,0,0,4,3,0,0,0,0,0,0,0,,2.0,5.0,0.0,0.0,0.0,0,1,1,0,0,0
MLI,775012,2021,775,12,2,1,2,1,0,0,1,1,0,0,0,1,0,0,0,4,6,0,0,0,0,0,0,0,,,,,,,0,0,1,0,0,0
MLI,776001,2021,776,1,2,2,1,1,0,0,1,1,0,0,0,1,0,1,0,4,6,0,0,0,0,0,0,0,,,,,,,0,1,0,0,1,0
MLI,776002,2021,776,2,2,1,1,1,0,0,1,1,1,1,0,1,0,0,0,1,1,0,0,1,0,0,0,0,,,,,,,1,1,1,0,0,0
MLI,776003,2021,776,3,2,2,1,1,0,0,1,1,0,1,0,1,0,0,0,2,1,0,0,0,0,0,0,0,,,,,,,0,0,0,0,0,0
MLI,776004,2021,776,4,2,1,1,1,0,0,1,1,1,1,0,1,0,1,0,1,1,0,0,0,0,0,0,0,,0.0,6.0,0.0,0.0,0.0,0,0,0,0,0,0
MLI,776005,2021,776,5,2,1,4,1,0,0,1,1,0,0,1,0,1,0,0,4,3,0,0,0,0,0,0,0,,,,,,,1,1,0,0,0,0
MLI,776006,2021,776,6,2,1,2,1,1,1,1,1,1,1,0,1,1,0,1,1,1,1,0,1,0,0,1,0,,,,,,,0,0,1,0,0,0
MLI,776007,2021,776,7,2,1,1,1,0,0,1,1,0,1,0,0,0,0,1,2,1,0,0,0,0,0,0,0,,,,,,,0,1,0,0,0,0
MLI,776008,2021,776,8,2,1,1,1,0,0,1,1,1,1,0,1,0,0,0,1,1,1,0,0,0,0,0,0,,,,,,,0,1,0,0,0,0
MLI,776009,2021,776,9,2,1,1,1,0,0,1,1,1,1,0,1,0,0,0,1,1,1,0,0,0,0,1,1,,,,,,,0,0,1,0,0,0
MLI,776010,2021,776,10,2,1,1,1,0,0,1,1,1,1,0,1,0,0,0,1,1,0,0,0,0,0,0,0,,6.0,20.0,0.0,0.0,0.0,0,1,1,0,0,0
MLI,776011,2021,776,11,2,2,3,1,0,0,1,1,0,1,0,1,0,0,0,2,1,1,0,0,0,0,1,0,,,,,,,0,1,1,0,0,0
MLI,776012,2021,776,12,2,1,1,1,0,0,1,1,0,1,0,1,0,0,0,2,1,0,0,0,0,0,0,0,,,,,,,0,0,1,1,0,0
MLI,778001,2021,778,1,2,1,1,1,0,0,1,1,1,1,0,1,0,1,0,1,1,1,0,0,0,0,1,0,,,,,,,1,1,0,0,0,0
MLI,778002,2021,778,2,2,2,1,1,1,1,1,1,1,1,0,1,0,1,0,1,1,1,0,1,0,0,1,0,,,,,,,0,0,1,0,0,0
MLI,778003,2021,778,3,2,2,1,1,0,0,1,1,1,1,0,1,0,0,0,1,1,1,0,1,0,0,1,0,,,,,,,0,1,0,0,0,0
MLI,778004,2021,778,4,2,1,1,1,0,1,1,1,1,1,0,1,0,1,0,1,1,1,0,1,0,0,1,0,,0.0,20.0,0.0,0.0,0.0,0,0,0,1,0,0
MLI,778005,2021,778,5,2,2,1,1,0,0,1,1,1,1,0,1,0,1,0,1,1,0,0,0,0,0,0,0,,,,,,,1,0,0,0,0,0
MLI,778006,2021,778,6,2,1,2,1,0,1,1,1,0,1,0,0,0,1,0,2,1,1,0,0,0,0,0,0,,,,,,,0,0,0,0,0,0
MLI,778007,2021,778,7,2,1,2,1,1,1,1,1,1,1,0,1,1,0,0,1,1,0,0,0,0,0,0,0,,,,,,,0,0,0,0,0,0
MLI,778008,2021,778,8,2,2,1,1,1,1,1,1,1,1,0,1,1,1,1,1,1,1,0,1,0,0,1,0,,,,,,,1,0,0,0,0,0
MLI,778009,2021,778,9,2,1,1,1,0,1,1,1,1,1,0,1,0,0,1,1,1,1,0,1,0,1,1,1,,,,,,,1,0,0,0,0,0
MLI,778010,2021,778,10,2,1,1,1,0,0,1,1,0,1,0,1,0,0,0,2,1,1,0,0,0,0,0,0,,,,,,,0,0,1,0,0,0
MLI,778011,2021,778,11,2,1,1,1,0,1,1,1,1,1,0,1,0,0,0,1,1,1,0,1,0,0,1,0,,,,,,,1,0,1,0,0,0
MLI,778012,2021,778,12,2,1,1,1,0,0,1,1,0,1,0,1,0,0,0,2,1,1,1,0,0,0,1,0,,,,,,,1,0,1,0,0,0
MLI,780001,2021,780,1,1,1,1,1,0,0,1,1,1,1,0,1,1,1,0,1,1,1,0,1,0,0,1,0,,,,,,,0,0,0,0,0,0
MLI,780002,2021,780,2,1,2,1,1,0,1,1,1,1,1,0,1,0,1,0,1,1,1,1,1,0,0,0,1,,,,,,,0,0,0,0,0,0
MLI,780003,2021,780,3,1,1,1,1,0,0,1,1,0,1,0,1,1,1,1,4,1,1,0,0,0,0,1,0,,,,,,,0,0,0,0,0,0
MLI,780004,2021,780,4,1,1,1,1,0,1,1,1,1,1,0,1,1,1,0,1,1,1,0,0,0,0,1,0,,,,,,,0,0,0,0,0,0
MLI,780005,2021,780,5,1,1,1,1,1,1,1,1,1,1,0,1,1,1,1,1,1,1,0,1,0,0,0,0,,,,,,,0,0,0,0,0,0
MLI,780006,2021,780,6,1,2,1,1,0,0,1,1,0,1,0,1,0,0,0,2,1,1,0,0,0,0,1,0,,,,,,,0,0,1,0,0,0
MLI,780007,2021,780,7,1,2,3,1,0,1,1,1,1,1,0,1,0,0,0,1,1,1,0,0,0,0,1,0,,0.0,4.0,0.0,0.0,0.0,0,0,1,0,0,0
MLI,780008,2021,780,8,1,2,3,1,0,0,1,1,0,1,0,1,0,0,0,2,1,1,0,0,0,0,1,0,,,,,,,0,0,0,0,0,0
MLI,780009,2021,780,9,1,2,1,1,0,0,1,1,1,1,0,1,0,0,0,1,1,0,0,0,0,0,0,0,,,,,,,0,0,1,0,0,0
MLI,780010,2021,780,10,1,2,3,1,0,0,1,1,1,1,0,1,0,0,0,1,1,1,0,1,0,0,1,0,,,,,,,0,0,0,0,0,0
MLI,780011,2021,780,11,1,1,4,1,0,0,1,1,1,1,0,1,0,0,0,1,1,1,0,1,0,1,1,0,,,,,,,0,0,1,0,0,0
MLI,780012,2021,780,12,1,2,4,1,0,0,1,1,1,1,0,1,0,0,0,1,1,1,0,1,0,0,0,0,,,,,,,0,1,1,1,0,0
MLI,781001,2021,781,1,1,2,1,1,0,0,1,1,1,1,0,1,1,1,0,1,1,1,0,0,0,0,1,0,,,,,,,0,0,0,0,0,0
MLI,781002,2021,781,2,1,2,1,1,0,1,1,1,1,1,0,1,1,1,0,1,1,1,0,0,0,0,1,0,,,,,,,0,0,0,0,0,0
MLI,781003,2021,781,3,1,2,1,1,0,0,1,1,0,0,0,1,1,1,0,4,5,0,0,0,0,0,0,0,,0.0,2.0,0.0,0.0,0.0,0,0,0,0,0,0
MLI,781004,2021,781,4,1,2,1,1,0,0,1,1,1,1,0,1,0,1,1,1,1,1,0,1,0,1,1,0,,,,,,,0,1,1,0,0,0
MLI,781005,2021,781,5,1,2,3,1,0,0,1,1,0,0,0,1,0,0,0,4,6,0,0,0,0,0,0,0,,0.0,3.0,0.0,0.0,0.0,0,1,0,1,0,0
MLI,781006,2021,781,6,1,1,1,1,0,0,1,1,0,0,0,1,0,0,0,4,5,0,0,0,0,0,0,0,,,,,,,0,0,1,0,0,0
MLI,781007,2021,781,7,1,2,1,1,0,0,1,1,0,0,0,1,0,0,0,4,6,0,0,0,0,0,0,0,,0.0,5.0,0.0,0.0,0.0,1,0,1,0,0,0
MLI,781008,2021,781,8,1,2,1,1,0,0,1,1,0,0,0,1,0,0,0,4,6,0,0,0,0,0,0,0,,,,,,,0,0,1,0,0,0
MLI,781009,2021,781,9,1,1,1,1,0,0,1,1,1,1,0,1,0,1,1,1,1,0,0,1,0,0,0,0,0.10000000149011612,,,,,,0,1,1,0,1,0
MLI,781010,2021,781,10,1,2,1,1,0,1,1,1,1,1,0,1,0,0,0,1,1,1,1,1,0,0,1,0,,0.0,8.0,0.0,0.0,0.0,0,0,0,0,0,0
MLI,781011,2021,781,11,1,2,1,1,0,0,1,1,1,1,0,1,0,0,1,1,1,1,0,1,0,0,1,0,,,,,,,0,1,1,0,0,0
MLI,781012,2021,781,12,1,2,1,1,0,0,1,1,0,1,0,1,1,1,0,4,1,1,0,0,0,0,0,0,,,,,,,0,0,0,0,0,0
MLI,782001,2021,782,1,2,1,1,1,0,1,1,1,1,1,0,1,0,1,0,1,1,1,0,1,0,0,1,0,,,,,,,0,0,1,0,0,0
MLI,782002,2021,782,2,2,1,1,1,0,1,1,1,1,1,0,1,0,1,0,1,1,0,0,0,0,0,0,0,,,,,,,0,0,0,0,0,0
MLI,782003,2021,782,3,2,1,1,1,0,0,1,1,1,1,0,1,0,1,0,1,1,1,0,1,0,0,1,0,,,,,,,0,0,0,0,0,0
MLI,782004,2021,782,4,2,1,3,1,0,0,1,1,1,1,0,1,0,1,0,1,1,1,0,1,0,0,1,0,,,,,,,0,1,1,1,0,0
MLI,782005,2021,782,5,2,1,1,1,1,1,1,1,1,1,0,1,0,1,0,1,1,0,0,0,0,0,0,0,,,,,,,0,0,0,1,0,0
MLI,782006,2021,782,6,2,2,1,1,1,1,1,1,1,0,1,1,0,1,0,1,2,1,0,1,0,0,1,0,,,,,,,0,0,0,0,0,0
MLI,782007,2021,782,7,2,1,1,1,1,1,1,1,1,1,0,1,1,1,0,1,1,1,0,1,0,0,1,0,,,,,,,0,0,0,1,0,0
MLI,782008,2021,782,8,2,1,1,1,1,1,1,1,1,1,0,1,1,1,1,1,1,1,0,1,0,0,1,0,,,,,,,1,0,0,0,0,0
MLI,782009,2021,782,9,2,1,1,1,0,1,1,1,1,1,0,1,0,0,0,1,1,1,1,1,1,0,1,0,,0.0,12.0,0.0,0.0,0.0,0,0,1,0,0,0
MLI,782010,2021,782,10,2,1,1,1,1,1,1,1,1,1,0,1,1,0,0,1,1,1,0,1,0,0,1,0,,,,,,,0,0,0,0,0,0
MLI,782011,2021,782,11,2,1,3,1,0,1,1,1,1,1,0,1,0,0,0,1,1,1,0,1,0,0,1,0,,,,,,,0,0,1,0,0,0
MLI,782012,2021,782,12,2,1,1,1,0,1,1,1,1,1,0,1,0,0,0,1,1,1,0,1,0,0,1,0,,,,,,,0,0,1,0,0,0
MLI,785001,2021,785,1,2,1,1,1,0,0,1,1,0,0,0,1,0,1,0,4,6,0,0,0,0,0,0,0,,,,,,,0,0,0,0,1,0
MLI,785002,2021,785,2,2,2,1,1,0,0,1,1,1,1,0,1,0,1,0,1,1,1,0,0,0,0,1,0,,,,,,,0,0,0,0,0,0
MLI,785003,2021,785,3,2,1,1,1,0,0,1,1,1,1,0,1,0,1,0,1,1,1,0,1,0,1,1,0,,,,,,,0,0,0,1,0,0
MLI,785004,2021,785,4,2,2,1,0,0,0,1,1,0,1,0,1,0,0,0,2,1,1,0,0,0,0,0,0,,,,,,,0,0,0,0,0,0
MLI,785005,2021,785,5,2,1,2,1,0,0,1,1,0,0,0,1,0,0,0,4,5,0,0,0,0,0,0,0,,,,,,,0,0,0,0,0,0
MLI,785006,2021,785,6,2,1,1,1,1,1,1,1,1,1,0,1,1,0,0,1,1,1,0,0,0,0,1,0,,,,,,,0,0,0,0,0,0
MLI,785007,2021,785,7,2,1,1,1,1,1,1,1,1,1,0,1,1,1,0,1,1,1,0,0,0,0,1,0,,,,,,,0,0,0,0,0,0
MLI,785008,2021,785,8,2,1,1,1,1,1,1,1,0,1,0,0,0,1,0,2,1,1,0,0,0,0,1,0,,,,,,,0,0,0,0,0,0
MLI,785009,2021,785,9,2,1,1,0,0,0,1,1,0,1,0,1,0,0,0,2,1,1,0,0,0,0,0,0,,,,,,,0,0,1,0,0,0
MLI,785010,2021,785,10,2,2,4,0,0,0,1,1,0,0,0,1,0,0,0,4,6,0,0,0,0,0,0,0,,,,,,,0,1,1,1,0,0
MLI,785011,2021,785,11,2,2,1,1,0,0,1,1,0,1,0,1,0,0,0,2,1,1,0,0,0,0,1,0,,,,,,,0,0,1,0,0,0
MLI,785012,2021,785,12,2,1,1,1,0,0,1,1,0,0,1,1,0,0,0,4,3,0,0,0,0,0,0,0,,,,,,,1,0,1,1,0,0
MLI,792001,2021,792,1,1,1,1,1,0,0,1,1,0,0,1,1,0,0,0,4,3,0,0,0,0,0,0,0,0.16067861020565033,,,,,,0,1,1,1,1,0
MLI,792002,2021,792,2,1,1,4,1,0,0,1,1,0,0,0,1,0,0,0,4,5,0,0,0,0,0,0,0,0.10000000149011612,4.0,7.0,0.0,0.0,0.0,0,1,1,0,1,0
MLI,792003,2021,792,3,1,1,1,1,0,0,1,1,0,0,0,1,0,0,0,4,5,0,0,0,0,0,0,0,0.12312564253807068,,,,,,1,1,1,0,1,0
MLI,792004,2021,792,4,1,1,1,1,0,0,1,1,0,0,0,1,0,0,0,4,5,0,0,0,0,0,0,0,0.03318033367395401,,,,,,0,1,1,0,1,0
MLI,792005,2021,792,5,1,2,1,1,0,0,1,1,0,0,1,0,0,0,0,4,3,0,0,0,0,0,0,0,1.349077820777893,4.0,2.0,0.0,0.0,0.0,0,0,0,0,0,0
MLI,792006,2021,792,6,1,2,1,1,0,0,1,1,0,0,1,0,0,0,0,4,3,0,0,0,0,0,0,0,,0.0,3.0,0.0,0.0,3.0,0,0,1,1,0,0
MLI,792007,2021,792,7,1,1,1,1,0,0,1,1,0,0,1,0,0,0,0,4,3,0,0,0,0,0,0,0,0.10000000149011612,5.0,20.0,0.0,0.0,2.0,0,0,0,0,0,0
MLI,792008,2021,792,8,1,1,1,1,0,0,1,1,0,0,1,1,1,0,0,4,3,0,0,0,0,0,0,0,0.7532460689544678,3.0,3.0,0.0,0.0,0.0,0,0,0,0,0,0
MLI,792009,2021,792,9,1,1,2,1,0,0,1,1,0,0,0,1,0,0,0,4,5,0,0,0,0,0,0,0,0.17532210052013397,,,,,,0,0,0,0,0,0
MLI,792010,2021,792,10,1,2,2,1,0,0,1,1,0,0,0,1,0,0,0,4,5,1,0,0,0,0,1,0,0.20000000298023224,,,,,,0,0,0,0,0,0
MLI,792011,2021,792,11,1,2,2,1,0,0,1,1,0,0,0,1,0,0,0,4,5,0,0,0,0,0,0,0,0.1625695675611496,33.0,22.0,0.0,0.0,0.0,0,0,0,0,0,0
MLI,792012,2021,792,12,1,2,2,1,0,0,1,1,0,0,1,1,0,0,0,4,3,1,0,0,0,0,1,0,0.10000000149011612,,,,,,0,0,0,0,0,0
MLI,793001,2021,793,1,2,2,1,1,0,0,1,1,0,0,0,1,0,0,0,4,5,0,0,0,0,0,0,0,,0.0,100.0,0.0,0.0,0.0,0,1,1,0,0,0
MLI,793002,2021,793,2,2,2,1,1,0,0,1,1,1,1,0,1,0,0,0,1,1,1,0,0,0,0,1,0,1.0529999732971191,,,,,,1,1,1,0,0,0
MLI,793003,2021,793,3,2,1,1,1,0,0,1,1,0,0,0,1,0,0,0,4,5,0,0,0,0,0,0,0,,,,,,,0,0,1,0,0,0
MLI,793004,2021,793,4,2,1,1,1,0,0,1,1,1,1,0,1,1,0,1,1,1,1,0,0,0,0,1,0,0.8100000023841858,,,,,,0,1,1,0,0,0
MLI,793005,2021,793,5,2,2,3,1,0,0,1,1,0,1,0,1,0,0,0,2,1,1,0,0,0,0,1,0,,0.0,5.0,0.0,0.0,0.0,0,1,1,0,0,0
MLI,793006,2021,793,6,2,1,1,1,0,0,1,1,0,0,0,1,0,0,0,4,5,0,0,0,0,0,0,0,0.10000000149011612,,,,,,1,1,1,0,0,0
MLI,793007,2021,793,7,2,1,1,1,0,0,1,1,1,1,0,1,0,1,1,1,1,1,0,0,0,0,0,0,,,,,,,1,0,1,1,0,0
MLI,793008,2021,793,8,2,1,1,1,0,0,1,1,1,1,0,0,0,0,0,1,1,1,0,0,0,0,1,0,0.6299999952316284,3.0,0.0,0.0,0.0,0.0,1,1,1,0,1,0
MLI,793009,2021,793,9,2,1,1,1,0,0,1,1,1,1,0,0,0,0,0,1,1,1,0,0,0,0,0,0,0.44999998807907104,0.0,1.0,0.0,0.0,0.0,0,1,1,0,0,0
MLI,793010,2021,793,10,2,1,4,1,0,0,1,1,0,0,0,0,0,0,0,4,5,0,0,0,0,0,0,0,0.4988115429878235,0.0,1.0,0.0,0.0,0.0,0,0,1,0,0,0
MLI,793011,2021,793,11,2,1,1,1,0,0,1,1,0,1,0,0,0,0,0,2,1,1,0,0,0,0,1,0,0.3700000047683716,0.0,3.0,0.0,0.0,0.0,0,1,0,0,0,0
MLI,793012,2021,793,12,2,1,4,0,0,0,1,1,0,0,0,1,0,0,0,4,5,0,0,0,0,0,0,0,,,,,,,0,1,1,0,0,0
MLI,794001,2021,794,1,1,1,2,1,0,0,0,1,0,0,0,1,0,0,0,4,5,0,0,0,0,0,0,0,0.4040999412536621,,,,,,0,1,1,0,1,0
MLI,794002,2021,794,2,1,1,2,1,0,0,1,1,0,0,0,1,0,1,0,4,5,0,0,0,0,0,0,0,0.10000000149011612,3.0,3.0,0.0,0.0,0.0,0,1,1,0,1,0
MLI,794003,2021,794,3,1,1,1,1,0,0,1,1,0,0,0,1,0,1,0,4,5,0,0,0,0,0,0,0,0.19312657415866852,,,,,,0,1,1,0,1,0
MLI,794004,2021,794,4,1,1,1,1,0,0,1,1,0,0,0,1,0,1,0,4,5,0,0,0,0,0,0,0,0.13199278712272644,,,,,,0,1,1,0,0,0
MLI,794005,2021,794,5,1,1,1,1,0,0,1,1,0,0,1,0,0,0,0,4,3,0,0,0,0,0,0,0,0.38064509630203247,2.0,3.0,0.0,0.0,0.0,0,0,1,0,0,0
MLI,794006,2021,794,6,1,1,1,1,0,0,1,1,0,0,1,0,0,0,0,4,3,0,0,0,0,0,0,0,0.10000000149011612,0.0,5.0,0.0,0.0,0.0,1,0,0,0,0,0
MLI,794007,2021,794,7,1,1,1,1,0,0,1,1,0,0,1,0,0,0,0,4,3,0,0,0,0,0,0,0,0.19736424088478088,4.0,2.0,0.0,0.0,0.0,0,0,1,0,0,0
MLI,794008,2021,794,8,1,2,1,1,0,0,1,1,0,0,1,1,0,0,0,4,3,0,0,0,0,0,0,0,0.10000000149011612,,,,,,0,0,0,0,0,0
MLI,794009,2021,794,9,1,1,2,1,0,0,1,1,0,0,0,1,0,0,0,4,5,0,0,0,0,0,0,0,0.10000000149011612,,,,,,1,0,0,0,0,0
MLI,794010,2021,794,10,1,1,2,1,0,0,1,1,0,0,0,1,0,0,0,4,5,0,0,0,0,0,0,0,,,,,,,0,0,0,0,0,0
MLI,794011,2021,794,11,1,1,2,1,0,0,1,1,0,0,0,1,0,0,0,4,5,0,0,0,0,0,0,0,0.21133644878864288,,,,,,0,0,0,0,0,0
MLI,794012,2021,794,12,1,1,2,1,0,0,1,1,0,0,1,1,0,0,0,4,3,0,0,0,0,0,0,0,0.3477076292037964,,,,,,0,0,0,0,0,0
MLI,797001,2021,797,1,1,2,2,1,0,0,1,1,0,1,0,1,0,1,0,2,1,1,0,0,0,0,1,0,0.10000000149011612,,,,,,0,1,1,0,0,0
MLI,797002,2021,797,2,1,2,4,1,0,0,1,1,0,1,0,1,0,1,0,2,1,1,0,0,0,0,1,0,,,,,,,1,1,1,0,0,0
MLI,797003,2021,797,3,1,2,1,1,1,1,1,1,1,1,0,1,0,0,0,1,1,1,0,1,0,0,0,0,,,,,,,0,0,1,0,0,0
MLI,797004,2021,797,4,1,1,1,1,0,0,1,1,1,1,0,0,0,0,0,1,1,1,0,0,0,0,0,0,0.6299999803304672,6.0,0.0,0.0,0.0,0.0,0,1,1,0,0,0
MLI,797005,2021,797,5,1,1,1,1,0,0,1,1,0,1,0,1,1,1,0,2,1,1,0,0,0,0,1,0,,,,,,,1,1,1,0,0,0
MLI,797006,2021,797,6,1,2,1,1,0,0,1,1,1,1,0,1,0,1,0,1,1,0,0,0,0,0,0,0,0.6000000014901161,,,,,,0,0,0,0,0,0
MLI,797007,2021,797,7,1,2,4,1,0,0,1,1,0,0,0,1,0,0,0,4,5,0,0,0,0,0,0,0,,,,,,,0,0,0,0,0,0
MLI,797008,2021,797,8,1,1,1,0,0,1,0,1,1,1,0,0,0,0,0,1,1,1,0,0,0,0,0,0,,0.0,2.0,0.0,0.0,0.0,0,0,1,0,0,0
MLI,797009,2021,797,9,1,2,1,1,0,0,1,1,1,1,0,0,0,1,0,1,1,1,0,0,0,0,1,0,0.6899999752640724,2.0,3.0,0.0,0.0,27.0,0,0,0,0,0,0
MLI,797010,2021,797,10,1,1,1,1,0,0,0,1,0,0,0,0,1,0,0,4,5,0,0,0,0,0,0,0,0.47999998927116394,0.0,2.0,0.0,0.0,0.0,0,0,1,0,0,0
MLI,797011,2021,797,11,1,2,4,1,0,0,1,1,0,0,0,1,0,1,0,4,5,0,0,0,0,0,0,0,0.3799999952316284,,,,,,1,0,0,0,0,0
MLI,797012,2021,797,12,1,1,1,1,0,0,1,1,0,0,0,0,0,0,0,4,6,0,0,0,0,0,0,0,0.10000000149011612,0.0,2.0,0.0,0.0,0.0,0,0,1,0,0,0
MLI,802001,2021,802,1,2,1,1,1,0,1,1,1,1,1,0,1,0,0,1,1,1,1,0,0,0,0,0,0,,0.0,22.0,0.0,0.0,0.0,0,1,1,0,0,0
MLI,802002,2021,802,2,2,1,2,1,0,0,1,1,1,1,0,1,0,0,1,1,1,0,0,0,0,0,0,0,,,,,,,0,1,1,0,0,0
MLI,802003,2021,802,3,2,1,1,1,0,1,1,1,1,1,0,1,0,0,1,1,1,1,0,0,0,0,1,0,,,,,,,0,0,1,1,1,0
MLI,802004,2021,802,4,2,1,1,1,0,0,1,1,1,1,0,1,0,0,1,1,1,0,0,0,0,0,0,0,0.10000000149011612,,,,,,0,1,1,0,0,0
MLI,802005,2021,802,5,2,2,3,1,0,0,1,1,0,0,0,1,0,0,0,4,5,0,0,0,0,0,0,0,0.38454073667526245,,,,,,0,1,1,0,0,0
MLI,802006,2021,802,6,2,2,3,1,0,0,1,1,1,1,0,1,0,0,0,1,1,1,0,0,0,0,1,0,,,,,,,0,0,1,0,0,0
MLI,802007,2021,802,7,2,1,1,1,0,0,1,1,1,1,0,0,0,0,0,1,1,1,1,0,0,0,0,0,,0.0,5.0,0.0,0.0,0.0,0,1,1,0,0,0
MLI,802008,2021,802,8,2,1,1,1,0,1,1,1,1,1,0,1,1,1,0,1,1,0,0,1,0,0,0,0,1.25,2.0,0.0,0.0,0.0,0.0,1,0,1,0,0,0
MLI,802009,2021,802,9,2,2,4,1,0,0,1,1,0,1,0,1,0,0,0,2,1,0,0,0,0,0,0,0,,0.0,2.0,0.0,0.0,0.0,0,1,1,0,0,0
MLI,802010,2021,802,10,2,1,3,1,0,0,1,1,1,1,0,1,0,0,0,1,1,1,0,0,0,1,1,0,1.3300000429153442,0.0,6.0,0.0,0.0,0.0,1,0,1,0,0,0
MLI,802011,2021,802,11,2,1,1,1,0,0,1,1,1,1,0,1,0,0,0,1,1,1,0,1,0,0,1,0,,0.0,8.0,0.0,0.0,0.0,0,0,1,0,0,0
MLI,802012,2021,802,12,2,2,4,1,0,1,1,1,1,1,0,1,0,0,0,1,1,1,0,0,0,0,0,0,,,,,,,0,0,1,1,0,0
MLI,805001,2021,805,1,1,2,1,1,0,0,1,1,1,1,0,1,0,0,0,1,1,1,0,0,0,0,1,0,0.10000000149011612,,,,,,0,1,1,1,1,0
MLI,805002,2021,805,2,1,1,1,1,0,0,1,1,1,1,0,1,0,1,0,1,1,0,0,0,0,0,0,0,0.10000000149011612,0.0,1.0,0.0,0.0,0.0,0,1,1,0,1,0
MLI,805003,2021,805,3,1,1,1,1,0,1,1,1,1,1,0,1,1,0,0,1,1,1,1,1,0,0,1,0,,35.0,40.0,0.0,0.0,0.0,0,0,1,1,1,0
MLI,805004,2021,805,4,1,1,1,1,1,1,1,1,1,1,0,1,1,0,1,1,1,1,1,0,0,0,1,0,0.04208378493785858,,,,,,0,0,1,0,0,0
MLI,805005,2021,805,5,1,1,1,1,0,0,1,1,0,0,1,0,0,0,0,3,2,1,0,0,0,0,0,0,,,,,,,0,0,1,0,0,0
MLI,805006,2021,805,6,1,2,4,1,0,0,1,1,1,1,0,1,0,0,0,1,1,0,0,0,0,0,0,0,,,,,,,0,0,1,0,0,0
MLI,805007,2021,805,7,1,1,1,1,0,0,1,1,0,1,0,0,0,0,0,3,1,1,0,0,0,0,0,0,,,,,,,1,1,0,0,0,0
MLI,805008,2021,805,8,1,2,1,1,0,0,1,1,1,1,0,1,0,1,0,1,1,1,0,0,0,0,1,0,,,,,,,0,1,0,0,0,0
MLI,805009,2021,805,9,1,1,3,1,0,0,1,1,0,0,1,1,0,0,0,3,2,0,0,0,0,0,0,0,,0.0,3.0,0.0,0.0,7.0,0,0,0,0,0,0
MLI,805010,2021,805,10,1,1,4,1,0,0,1,1,1,1,0,1,0,0,0,1,1,0,0,0,0,0,0,0,,,,,,,0,0,0,0,0,0
MLI,805011,2021,805,11,1,2,3,1,0,0,1,1,0,1,0,0,0,1,0,2,1,0,0,0,0,0,0,0,0.10000000149011612,,,,,,0,0,0,0,0,0
MLI,805012,2021,805,12,1,2,1,1,0,0,1,1,0,0,1,1,1,1,0,4,3,0,0,0,0,0,0,0,,,,,,,0,0,0,0,0,0
MLI,806001,2021,806,1,2,1,1,1,0,0,1,1,0,1,0,1,0,1,1,2,1,1,0,0,0,0,0,0,0.030847327783703804,,,,,,0,1,1,0,0,0
MLI,806002,2021,806,2,2,1,1,1,0,0,1,0,0,1,0,1,0,0,1,2,1,1,0,0,0,0,0,0,,,,,,,0,1,1,0,0,0
MLI,806003,2021,806,3,2,2,4,1,0,0,1,1,1,1,0,1,0,0,0,1,1,0,0,0,0,0,0,0,0.10000000149011612,,,,,,1,1,1,0,0,0
MLI,806004,2021,806,4,2,1,1,1,0,0,1,1,0,1,0,1,1,0,1,2,1,0,0,0,0,0,0,0,,6.0,0.0,0.0,0.0,0.0,0,0,1,0,0,0
MLI,806005,2021,806,5,2,1,1,1,0,0,1,1,1,1,0,1,1,0,1,1,1,0,0,0,0,0,0,0,,0.0,18.0,0.0,0.0,0.0,0,1,1,0,0,0
MLI,806006,2021,806,6,2,1,3,1,0,0,1,1,0,0,0,0,0,0,0,4,7,0,0,0,0,0,0,0,,0.0,0.0,0.0,0.0,3.0,0,0,1,0,0,0
MLI,806007,2021,806,7,2,2,2,1,0,1,1,1,1,1,0,1,1,0,0,1,1,1,0,0,0,0,0,0,1.1609721276909113,0.0,10.0,0.0,0.0,0.0,0,0,1,0,0,0
MLI,806008,2021,806,8,2,2,1,1,0,1,1,1,1,1,0,1,0,0,0,1,1,1,0,1,0,0,1,0,0.6453450918197632,,,,,,0,1,0,0,0,0
MLI,806009,2021,806,9,2,2,1,1,0,0,1,1,1,1,0,1,0,0,0,1,1,0,0,1,0,0,0,0,,,,,,,1,1,1,0,0,0
MLI,806010,2021,806,10,2,1,1,1,0,0,1,1,1,1,0,1,0,0,0,1,1,1,0,0,0,0,0,0,0.9099999964237213,,,,,,0,0,1,0,0,0
MLI,806011,2021,806,11,2,1,1,1,0,0,1,1,1,1,0,1,0,0,0,1,1,1,0,0,0,0,0,0,0.5099999904632568,3.0,0.0,0.0,0.0,0.0,0,0,1,0,0,0
MLI,806012,2021,806,12,2,1,4,1,0,0,1,1,0,0,1,1,0,0,0,4,3,0,0,0,0,0,0,0,,6.0,12.0,0.0,0.0,0.0,0,0,0,0,0,0
MLI,807001,2021,807,1,1,2,4,1,0,0,1,1,0,1,0,0,0,0,0,2,1,1,0,0,0,0,1,0,,,,,,,1,1,0,0,0,0
MLI,807002,2021,807,2,1,2,1,1,0,0,1,1,1,1,0,1,0,0,0,1,1,0,0,0,0,0,0,0,,0.0,0.0,0.0,0.0,0.0,1,1,0,0,0,0
MLI,807003,2021,807,3,1,2,1,1,0,1,1,1,1,1,0,0,0,0,0,1,1,1,0,1,0,0,1,0,1.1594918966293335,,,,,,1,1,1,0,0,0
MLI,807004,2021,807,4,1,2,3,1,0,0,1,1,1,1,0,1,0,0,0,1,1,0,0,0,0,0,0,0,,0.0,2.0,0.0,0.0,0.0,0,0,1,0,0,0
MLI,807005,2021,807,5,1,2,1,1,0,1,1,1,0,1,0,1,0,0,0,2,1,0,0,0,0,0,0,0,,,,,,,0,1,1,0,0,0
MLI,807006,2021,807,6,1,2,1,1,0,0,1,1,0,0,0,1,0,0,0,4,6,0,0,0,0,0,0,0,,,,,,,0,0,0,0,0,0
MLI,807007,2021,807,7,1,1,1,1,0,1,1,1,0,1,0,1,1,1,0,2,1,1,0,0,0,0,0,0,,,,,,,0,0,0,0,0,0
MLI,807008,2021,807,8,1,2,1,1,0,0,1,1,1,1,0,1,1,1,0,1,1,1,0,0,0,0,0,0,,0.0,12.0,0.0,0.0,0.0,0,0,0,0,0,0
MLI,807009,2021,807,9,1,1,1,1,0,1,1,1,1,1,0,1,1,1,0,1,1,1,0,0,0,0,1,0,,,,,,,0,0,0,0,0,0
MLI,807010,2021,807,10,1,2,1,1,0,1,1,1,1,1,0,1,0,0,0,1,1,1,1,1,0,0,1,0,,5.0,0.0,0.0,0.0,0.0,0,1,1,1,0,0
MLI,807011,2021,807,11,1,2,1,1,0,0,1,1,1,1,0,1,1,1,0,1,1,1,0,0,0,0,0,0,,0.0,4.0,0.0,0.0,0.0,0,0,0,0,0,0
MLI,807012,2021,807,12,1,1,3,1,0,0,1,1,1,1,0,0,0,0,0,1,1,0,0,0,0,0,0,0,,,,,,,0,0,1,1,0,0
MLI,808001,2021,808,1,2,1,1,1,0,0,1,1,1,1,0,1,0,0,0,1,1,1,0,0,0,0,1,0,,,,,,,0,1,0,0,0,0
MLI,808002,2021,808,2,2,1,1,1,0,1,1,1,1,1,0,1,0,1,0,1,1,1,0,0,0,0,1,0,,,,,,,0,0,0,1,0,0
MLI,808003,2021,808,3,2,1,1,1,0,0,1,1,0,1,0,1,0,1,0,2,1,0,0,0,0,0,0,0,,,,,,,0,0,0,0,0,0
MLI,808004,2021,808,4,2,1,1,1,0,0,1,1,0,1,0,1,0,1,0,2,1,1,0,0,0,0,1,0,,,,,,,1,0,0,0,0,0
MLI,808005,2021,808,5,2,1,2,1,0,0,1,1,1,1,0,1,1,1,0,1,1,1,0,0,0,0,0,0,,,,,,,0,0,0,0,0,0
MLI,808006,2021,808,6,2,1,2,1,0,0,1,1,0,0,0,1,0,0,0,2,5,0,0,0,0,0,0,0,,,,,,,0,0,0,0,0,0
MLI,808007,2021,808,7,2,1,2,1,0,0,1,1,1,1,0,1,0,0,0,1,1,0,0,0,0,0,0,0,,,,,,,0,0,0,0,1,0
MLI,808008,2021,808,8,2,1,2,1,0,0,1,1,0,0,0,1,0,0,0,4,5,0,0,0,0,0,0,0,,,,,,,0,0,0,0,1,0
MLI,808009,2021,808,9,2,1,1,1,0,0,1,1,0,1,0,0,0,0,0,2,1,1,0,0,0,0,0,0,,2.0,0.0,0.0,0.0,0.0,0,0,1,0,1,0
MLI,808010,2021,808,10,2,1,1,1,0,0,1,1,1,1,0,0,0,0,0,1,1,1,0,0,0,0,0,0,,0.0,4.0,0.0,0.0,0.0,1,1,1,1,0,0
MLI,808011,2021,808,11,2,1,1,1,0,1,1,1,1,1,0,1,0,0,0,1,1,1,0,0,0,0,1,0,,,,,,,0,0,1,0,0,0
MLI,808012,2021,808,12,2,1,1,1,0,0,1,1,0,0,0,0,0,0,0,4,6,0,0,0,0,0,0,0,,,,,,,0,0,1,1,0,0
MLI,810001,2021,810,1,2,1,2,1,0,0,1,1,0,0,1,1,0,0,0,4,3,0,0,0,0,0,0,0,0.10000000149011612,,,,,,0,1,1,0,0,0
MLI,810002,2021,810,2,2,1,1,1,0,0,1,1,0,0,1,1,1,0,1,4,3,0,0,0,0,0,0,0,0.28568702936172485,10.0,15.0,0.0,0.0,0.0,0,0,1,0,1,0
MLI,810003,2021,810,3,2,1,2,1,0,0,1,1,0,0,0,0,0,0,0,4,5,0,0,0,0,0,0,0,,0.0,4.0,0.0,0.0,0.0,0,1,1,0,0,0
MLI,810004,2021,810,4,2,1,2,1,0,0,1,1,0,0,0,1,0,0,0,4,5,0,0,0,0,0,0,0,0.10000000149011612,,,,,,0,1,1,0,0,0
MLI,810005,2021,810,5,2,1,1,1,0,0,1,1,0,0,1,0,0,0,0,4,3,0,0,0,0,0,0,0,,0.0,6.0,0.0,0.0,2.0,0,1,0,0,0,0
MLI,810006,2021,810,6,2,1,1,1,0,0,1,1,0,0,1,0,0,0,0,4,3,0,0,0,0,0,0,0,0.16508708894252777,3.0,3.0,0.0,0.0,0.0,1,0,0,0,0,0
MLI,810007,2021,810,7,2,1,1,1,0,0,1,0,0,0,1,0,0,0,0,4,3,0,0,0,0,0,0,0,0.2016582041978836,3.0,4.0,0.0,0.0,0.0,0,1,0,0,0,0
MLI,810008,2021,810,8,2,1,1,1,0,0,1,1,0,0,0,0,0,0,0,4,5,0,0,0,0,0,0,0,,0.0,3.0,0.0,0.0,2.0,0,1,0,0,0,0
MLI,810009,2021,810,9,2,1,1,1,0,0,0,0,0,0,0,1,0,0,0,4,5,0,0,0,0,0,0,0,0.7919933795928955,,,,,,0,1,1,0,0,0
MLI,810010,2021,810,10,2,1,1,1,0,0,1,1,0,0,0,1,0,0,0,4,5,0,0,0,0,0,0,0,0.18847481906414032,,,,,,1,1,1,0,0,0
MLI,810011,2021,810,11,2,1,1,1,0,0,1,1,0,0,0,1,0,0,0,4,5,0,0,0,0,0,0,0,,50.0,0.0,0.0,0.0,0.0,0,0,0,0,0,0
MLI,810012,2021,810,12,2,1,1,1,0,0,1,1,0,0,0,0,0,0,0,4,5,0,0,0,0,0,0,0,0.7436543107032776,,,,,,0,1,1,0,0,0
MLI,817001,2021,817,1,2,1,2,1,0,0,1,1,0,0,0,0,0,0,0,4,6,0,0,0,0,0,0,0,,0.0,16.0,0.0,0.0,0.0,0,1,0,0,0,0
MLI,817002,2021,817,2,2,1,2,1,0,0,1,1,0,0,0,0,0,0,0,4,6,0,0,0,0,0,0,0,,0.0,19.0,0.0,0.0,0.0,0,1,0,0,0,0
MLI,817003,2021,817,3,2,1,2,1,0,0,1,1,0,0,0,0,0,0,0,4,6,0,0,0,0,0,0,0,,0.0,8.0,0.0,0.0,0.0,0,1,0,0,0,0
MLI,817004,2021,817,4,2,1,2,1,0,0,1,1,0,0,0,0,0,0,0,4,6,0,0,0,0,0,0,0,,0.0,18.0,0.0,0.0,0.0,0,1,0,0,0,0
MLI,817005,2021,817,5,2,1,2,1,0,0,1,1,0,0,0,0,0,0,0,4,5,0,0,0,0,0,0,0,,0.0,47.0,0.0,0.0,0.0,0,1,0,0,0,0
MLI,817006,2021,817,6,2,1,2,1,0,0,1,1,0,0,0,0,0,0,0,4,5,0,0,0,0,0,0,0,,21.0,0.0,0.0,0.0,0.0,0,1,0,0,0,0
MLI,817007,2021,817,7,2,1,2,1,0,0,1,1,0,0,0,1,0,0,0,4,5,0,0,0,0,0,0,0,,,,,,,0,1,0,0,0,0
MLI,817008,2021,817,8,2,1,2,1,0,1,1,1,0,0,0,1,0,1,0,4,5,1,0,0,0,0,1,0,,,,,,,0,0,0,1,0,0
MLI,817009,2021,817,9,2,1,2,1,0,0,1,1,0,0,0,0,0,0,0,4,6,0,0,0,0,0,0,0,,0.0,16.0,0.0,0.0,0.0,0,1,1,0,0,0
MLI,817010,2021,817,10,2,1,2,1,0,0,1,1,0,0,0,0,0,0,0,4,6,0,0,0,0,0,0,0,,0.0,21.0,0.0,0.0,0.0,0,1,1,1,0,0
MLI,817011,2021,817,11,2,1,2,1,0,0,1,1,0,0,0,0,0,0,0,4,6,0,0,0,0,0,0,0,,4.0,0.0,0.0,0.0,0.0,0,1,1,0,0,0
MLI,817012,2021,817,12,2,1,2,1,0,0,1,1,0,0,0,0,0,0,0,4,6,0,0,0,0,0,0,0,,,,,,,0,0,1,0,0,0
MLI,821001,2021,821,1,2,1,2,1,0,0,0,0,0,0,0,0,0,0,0,4,6,0,0,0,0,0,0,0,,0.0,4.0,0.0,0.0,0.0,0,0,1,0,1,0
MLI,821002,2021,821,2,2,1,2,1,0,0,0,0,0,0,0,0,0,0,0,4,6,0,0,0,0,0,0,0,,,,,,,0,0,0,0,1,0
MLI,821003,2021,821,3,2,1,2,1,0,0,0,0,0,0,0,0,0,0,0,4,6,0,0,0,0,0,0,0,,,,,,,0,0,0,0,1,0
MLI,821004,2021,821,4,2,1,2,1,0,0,0,0,0,0,0,0,0,0,0,4,6,0,0,0,0,0,0,0,,,,,,,0,0,0,0,1,0
MLI,821005,2021,821,5,2,1,2,1,0,0,0,0,0,0,0,0,0,0,0,4,5,0,0,0,0,0,0,0,,0.0,35.0,0.0,0.0,0.0,0,1,0,0,0,0
MLI,821006,2021,821,6,2,1,2,1,0,0,0,0,0,0,0,0,0,0,0,4,5,0,0,0,0,0,0,0,,,,,,,0,1,0,0,0,0
MLI,821007,2021,821,7,2,1,2,1,0,0,0,0,0,0,0,0,0,0,0,4,5,0,0,0,0,0,0,0,,17.0,0.0,0.0,0.0,0.0,0,0,0,0,0,0
MLI,821008,2021,821,8,2,1,2,1,0,0,0,0,0,0,1,0,0,0,0,4,3,0,0,0,0,0,0,0,,,,,,,0,1,0,0,0,0
MLI,821009,2021,821,9,2,1,2,1,0,0,0,0,0,0,0,0,0,0,0,4,6,0,0,0,0,0,0,0,,0.0,3.0,0.0,0.0,0.0,0,1,1,0,0,0
MLI,821010,2021,821,10,2,1,2,1,0,0,0,0,0,0,0,0,0,0,0,4,6,0,0,0,0,0,0,0,,10.0,0.0,0.0,0.0,0.0,0,1,1,0,1,0
MLI,821011,2021,821,11,2,1,2,1,0,0,0,0,0,0,0,0,0,0,0,4,6,0,0,0,0,0,0,0,,,,,,,0,0,1,0,1,0
MLI,821012,2021,821,12,2,1,2,1,0,0,0,0,0,0,0,0,0,0,0,4,6,0,0,0,0,0,0,0,,0.0,26.0,0.0,0.0,0.0,0,1,1,0,1,0
MLI,826001,2021,826,1,2,1,1,1,0,0,1,1,0,0,0,1,0,0,0,4,5,0,0,0,0,0,0,0,,,,,,,0,1,0,0,1,0
MLI,826002,2021,826,2,2,1,1,1,0,0,1,1,0,0,0,1,0,0,0,4,6,0,0,0,0,0,0,0,,,,,,,0,0,0,0,1,0
MLI,826003,2021,826,3,2,1,1,1,0,0,1,1,0,1,0,1,0,0,0,2,1,0,0,0,0,0,0,0,,,,,,,0,0,0,0,1,0
MLI,826004,2021,826,4,2,1,1,1,0,0,1,1,0,0,0,1,0,0,0,4,6,0,0,0,0,0,0,0,,0.0,1.0,0.0,0.0,0.0,1,0,0,0,1,0
MLI,826005,2021,826,5,2,2,4,1,0,1,1,1,0,0,1,1,1,0,0,4,3,0,0,0,0,0,0,0,,,,,,,1,0,0,0,0,0
MLI,826006,2021,826,6,2,1,2,1,0,0,1,1,0,0,0,1,1,0,0,4,5,0,0,0,0,0,0,0,,,,,,,0,0,0,1,0,0
MLI,826007,2021,826,7,2,1,3,1,0,1,1,1,1,1,0,1,0,1,0,1,1,1,0,0,0,0,1,0,,,,,,,0,0,0,0,1,0
MLI,826008,2021,826,8,2,1,1,1,0,1,1,1,1,1,0,0,1,0,0,1,1,1,0,0,0,0,1,0,,,,,,,0,0,0,0,1,0
MLI,826009,2021,826,9,2,2,1,1,0,0,1,1,0,0,1,1,0,0,0,4,3,1,0,0,0,0,0,0,,2.0,0.0,0.0,0.0,0.0,0,1,1,0,1,0
MLI,826010,2021,826,10,2,1,4,1,0,0,1,1,1,1,0,1,0,0,0,1,1,0,0,0,0,0,0,0,,,,,,,0,0,1,0,0,0
MLI,826011,2021,826,11,2,1,1,1,0,0,1,1,1,1,0,1,0,0,0,1,1,1,0,0,0,0,1,0,,,,,,,0,0,1,1,1,0
MLI,826012,2021,826,12,2,1,4,1,0,0,1,1,1,1,0,1,0,0,0,1,1,0,0,0,0,0,0,0,,,,,,,0,0,1,0,0,0
MLI,827001,2021,827,1,1,2,2,1,0,0,1,1,0,0,0,1,0,0,0,4,6,0,0,0,0,0,0,0,,0.0,6.0,0.0,0.0,0.0,0,1,1,0,0,0
MLI,827002,2021,827,2,1,2,2,1,0,0,1,1,0,0,1,0,0,0,0,4,3,1,0,0,0,0,0,0,,,,,,,0,0,1,0,0,0
MLI,827003,2021,827,3,1,1,2,0,0,0,1,1,0,0,0,0,0,0,0,4,5,0,0,0,0,0,0,0,,1.0,11.0,0.0,0.0,0.0,0,0,0,0,0,0
MLI,827004,2021,827,4,1,1,2,1,0,1,1,1,0,0,0,0,1,1,0,4,5,0,0,0,0,0,0,0,,11.0,23.0,0.0,0.0,0.0,0,0,0,0,0,0
MLI,827005,2021,827,5,1,1,2,1,0,0,1,1,0,0,0,0,0,0,0,4,5,0,0,0,0,0,0,0,,0.0,11.0,0.0,0.0,3.0,0,0,0,0,0,0
MLI,827006,2021,827,6,1,1,2,1,0,0,1,1,0,0,0,0,0,0,0,4,5,1,0,0,0,0,0,0,,,,,,,0,0,1,0,0,0
MLI,827007,2021,827,7,1,1,2,0,0,0,1,1,0,0,1,0,0,0,0,4,3,0,0,0,0,0,0,0,0.10000000149011612,2.0,8.0,0.0,0.0,0.0,0,1,1,1,0,0
MLI,827008,2021,827,8,1,1,2,0,0,0,1,1,0,0,1,0,0,0,0,4,3,0,0,0,0,0,0,0,,0.0,4.0,0.0,0.0,0.0,0,0,1,0,0,0
MLI,827009,2021,827,9,1,1,2,0,0,0,1,1,0,0,0,0,0,0,0,4,5,0,0,0,0,0,0,0,,,,,,,0,0,0,0,0,0
MLI,827010,2021,827,10,1,1,2,1,0,0,1,1,0,0,0,0,0,0,0,4,6,0,0,0,0,0,0,0,,0.0,3.0,0.0,0.0,0.0,0,0,1,0,0,0
MLI,827011,2021,827,11,1,2,2,1,0,0,1,1,0,0,1,0,0,0,0,4,3,1,0,0,0,0,1,0,,7.0,18.0,0.0,0.0,3.0,0,0,0,0,0,0
MLI,827012,2021,827,12,1,1,2,1,0,0,1,1,0,0,1,1,0,0,0,4,3,0,0,0,0,0,0,0,,2.0,5.0,0.0,0.0,0.0,0,1,1,1,0,0
MLI,834001,2021,834,1,1,1,2,1,0,0,0,0,0,0,0,1,0,0,0,4,5,0,0,0,0,0,0,0,0.45012301206588745,,,,,,0,0,0,0,0,0
MLI,834002,2021,834,2,1,1,2,1,0,0,0,0,0,0,0,1,0,0,0,4,5,1,0,0,0,0,0,0,,,,,,,0,0,0,0,0,0
MLI,834003,2021,834,3,1,1,2,1,0,0,1,1,0,0,0,1,1,1,0,4,5,0,0,0,0,0,0,0,0.20000000298023224,,,,,,0,0,0,0,0,0
MLI,834004,2021,834,4,1,2,2,1,0,0,0,0,0,0,1,1,0,0,0,4,3,1,0,0,0,0,0,0,0.731245756149292,0.0,8.0,0.0,0.0,0.0,0,0,1,0,0,0
MLI,834005,2021,834,5,1,1,2,1,0,0,0,0,0,0,0,1,1,1,0,4,5,0,0,0,0,0,0,0,0.30000000447034836,,,,,,0,0,0,0,0,0
MLI,834006,2021,834,6,1,1,4,1,0,0,0,0,0,0,0,0,0,0,0,4,5,0,0,0,0,0,0,0,,,,,,,1,1,0,1,0,0
MLI,834007,2021,834,7,1,1,2,1,0,0,0,0,0,0,0,0,0,0,0,4,5,0,0,0,0,0,0,0,0.18118241429328918,,,,,,1,1,1,0,0,0
MLI,834008,2021,834,8,1,1,2,1,0,0,0,0,0,0,0,0,0,0,0,4,5,0,0,0,0,0,0,0,,,,,,,1,1,1,0,0,0
MLI,834009,2021,834,9,1,1,2,1,0,0,1,0,0,0,0,0,0,0,0,4,5,0,0,0,0,0,0,0,0.20665127038955688,,,,,,1,1,1,0,0,0
MLI,834010,2021,834,10,1,1,2,1,0,0,1,1,0,0,1,1,0,0,0,4,3,0,0,0,0,0,0,0,1.9870303869247437,0.0,24.0,0.0,0.0,0.0,0,0,1,0,0,0
MLI,834011,2021,834,11,1,1,2,1,0,0,1,1,0,0,1,1,0,0,0,4,3,0,0,0,0,0,0,0,0.841610848903656,1.0,2.0,0.0,0.0,0.0,0,0,1,0,1,0
MLI,834012,2021,834,12,1,1,1,1,0,0,0,0,0,0,0,1,0,0,0,4,5,0,0,0,0,0,0,0,,,,,,,0,1,1,0,0,0
MLI,836001,2021,836,1,1,1,2,1,0,0,0,0,0,0,0,0,0,0,0,4,5,0,0,0,0,0,0,0,0.21194365620613098,6.0,6.0,0.0,0.0,0.0,0,0,0,0,0,0
MLI,836002,2021,836,2,1,1,2,1,0,0,1,1,0,0,1,0,0,0,0,4,3,1,0,0,0,0,0,0,3.355203539133072,,,,,,0,0,0,0,0,0
MLI,836003,2021,836,3,1,1,2,1,0,0,0,0,0,0,0,1,0,0,0,4,5,0,0,0,0,0,0,0,,,,,,,0,0,0,0,0,0
MLI,836004,2021,836,4,1,1,2,1,0,0,0,0,0,0,0,1,0,0,0,4,5,0,0,0,0,0,0,0,,,,,,,0,0,0,0,0,0
MLI,836005,2021,836,5,1,2,2,1,0,0,1,1,0,0,1,1,0,0,0,4,3,1,0,0,0,0,0,0,,,,,,,0,0,1,0,0,0
MLI,836006,2021,836,6,1,1,2,1,0,0,0,0,0,0,0,0,0,0,0,4,5,0,0,0,0,0,0,0,1.349077820777893,,,,,,1,1,1,0,0,0
MLI,836007,2021,836,7,1,1,2,1,0,0,0,0,0,0,0,0,0,0,0,4,7,0,0,0,0,0,0,0,,,,,,,0,1,1,1,1,0
MLI,836008,2021,836,8,1,2,2,1,0,0,0,0,0,0,0,0,0,0,0,4,5,0,0,0,0,0,0,0,0.398797906935215,2.0,0.0,0.0,0.0,0.0,1,1,1,0,0,0
MLI,836009,2021,836,9,1,1,2,1,0,0,0,0,0,0,0,0,0,0,0,4,5,0,0,0,0,0,0,0,0.10000000149011612,,,,,,0,1,0,0,1,0
MLI,836010,2021,836,10,1,1,2,1,0,0,1,1,0,0,1,1,0,0,0,4,3,1,0,0,0,0,0,0,0.06627564132213593,,,,,,0,1,1,0,0,0
MLI,836011,2021,836,11,1,1,2,1,0,0,0,0,0,0,1,1,0,0,0,4,3,0,0,0,0,0,0,0,0.1639849841594696,0.0,5.0,0.0,0.0,0.0,0,0,1,0,0,0
MLI,836012,2021,836,12,1,1,2,1,0,0,0,0,0,0,1,1,0,0,0,4,3,0,0,0,0,0,0,0,1.5917354822158813,3.0,7.0,0.0,0.0,0.0,0,0,1,0,0,0
MLI,838001,2021,838,1,2,1,2,1,0,0,0,0,0,0,0,1,1,0,0,4,5,0,0,0,0,0,0,0,0.10000000149011612,,,,,,0,1,1,0,0,0
MLI,838002,2021,838,2,2,1,2,1,0,0,0,0,0,0,0,1,0,0,0,4,5,0,0,0,0,0,0,0,2.497694730758667,,,,,,0,1,1,0,0,0
MLI,838003,2021,838,3,2,1,2,1,0,0,0,0,0,0,0,1,1,0,0,4,5,0,0,0,0,0,0,0,0.11590319126844406,,,,,,0,1,1,0,0,0
MLI,838004,2021,838,4,2,1,2,1,0,0,0,0,0,0,0,1,0,0,0,4,5,0,0,0,0,0,0,0,0.03108806721866131,,,,,,0,1,1,0,0,0
MLI,838005,2021,838,5,2,1,1,1,0,0,1,1,0,0,1,0,0,0,0,4,3,0,0,0,0,0,0,0,0.40036314725875854,1.0,5.0,0.0,0.0,0.0,0,1,1,0,0,0
MLI,838006,2021,838,6,2,1,1,1,0,0,0,0,0,0,1,0,0,0,0,4,3,0,0,0,0,0,0,0,0.8114621639251709,3.0,2.0,0.0,0.0,2.0,0,1,0,0,0,0
MLI,838007,2021,838,7,2,1,1,1,0,0,1,1,0,0,0,0,0,0,0,4,6,0,0,0,0,0,0,0,2.0136826038360596,0.0,3.0,0.0,0.0,2.0,0,1,0,0,0,0
MLI,838008,2021,838,8,2,1,1,1,0,0,1,1,0,0,1,0,0,0,0,4,3,0,0,0,0,0,0,0,3.1988057792186737,4.0,6.0,0.0,0.0,0.0,0,1,1,0,0,0
MLI,838009,2021,838,9,2,1,4,1,0,0,0,0,0,0,0,1,0,0,0,4,5,0,0,0,0,0,0,0,1.3053233623504639,,,,,,1,1,1,0,1,0
MLI,838010,2021,838,10,2,1,1,1,0,0,0,0,0,0,0,1,0,0,0,4,7,0,0,0,0,0,0,0,1.2998127937316895,,,,,,1,1,0,0,0,0
MLI,838011,2021,838,11,2,1,1,1,0,0,0,0,0,0,0,0,0,0,0,4,5,0,0,0,0,0,0,0,1.3036227226257324,,,,,,1,1,0,0,1,0
MLI,838012,2021,838,12,2,1,1,1,0,0,0,0,0,0,0,0,0,0,0,4,5,0,0,0,0,0,0,0,0.7919933795928955,,,,,,1,0,0,0,1,0
MLI,839001,2021,839,1,1,1,1,1,0,0,1,1,0,0,0,0,1,1,1,4,5,0,0,0,0,0,0,0,,,,,,,0,0,0,0,0,0
MLI,839002,2021,839,2,1,1,2,1,0,0,1,1,0,0,1,0,1,1,0,4,3,0,0,0,0,0,0,0,0.10000000149011612,1.0,5.0,0.0,0.0,0.0,0,0,0,0,0,0
MLI,839003,2021,839,3,1,1,2,1,0,0,1,1,0,0,1,0,1,1,0,4,3,0,0,0,0,0,0,0,0.10000000149011612,0.0,9.0,0.0,0.0,0.0,0,0,0,0,0,0
MLI,839004,2021,839,4,1,1,2,1,0,0,1,1,0,0,1,0,1,1,0,4,3,0,0,0,0,0,0,0,,1.0,10.0,0.0,0.0,0.0,0,0,0,0,0,0
MLI,839005,2021,839,5,1,1,2,1,0,0,0,0,0,0,0,0,0,0,0,4,5,0,0,0,0,0,0,0,0.24289509654045105,,,,,,0,0,1,0,1,0
MLI,839006,2021,839,6,1,1,2,1,0,0,0,0,0,0,0,0,0,0,0,4,5,0,0,0,0,0,0,0,0.7367563247680664,,,,,,1,0,1,0,1,0
MLI,839007,2021,839,7,1,2,2,1,0,0,0,0,0,0,1,0,0,0,0,4,3,0,0,0,0,0,0,0,0.4033164083957672,,,,,,1,0,0,1,1,0
MLI,839008,2021,839,8,1,1,2,1,0,0,0,0,0,0,0,0,0,0,0,4,5,0,0,0,0,0,0,0,0.16818922758102417,,,,,,1,1,0,0,1,0
MLI,839009,2021,839,9,1,1,1,1,0,0,1,1,0,0,1,1,0,0,0,4,3,1,0,0,0,0,0,0,,0.0,9.0,0.0,0.0,0.0,0,1,1,0,0,0
MLI,839010,2021,839,10,1,1,1,1,0,0,1,1,0,0,0,0,0,0,0,4,6,0,0,0,0,0,0,0,,,,,,,1,0,1,0,0,0
MLI,839011,2021,839,11,1,1,1,1,0,0,1,1,0,0,1,1,0,0,0,4,3,0,0,0,0,0,0,0,0.10000000149011612,3.0,0.0,0.0,0.0,0.0,0,1,1,0,0,0
MLI,839012,2021,839,12,1,1,2,1,0,0,1,1,0,0,1,1,0,0,0,4,3,0,0,0,0,0,0,0,,,,,,,0,0,1,0,0,0
MLI,840001,2021,840,1,1,1,3,1,0,1,1,1,0,0,1,1,1,1,0,4,3,0,0,0,0,0,0,0,,,,,,,1,0,0,0,0,0
MLI,840002,2021,840,2,1,1,4,0,0,0,1,1,0,0,0,1,1,1,0,4,5,0,0,0,0,0,0,0,,,,,,,0,0,0,0,0,0
MLI,840003,2021,840,3,1,2,4,0,0,0,0,0,0,0,0,0,0,0,0,4,5,0,0,0,0,0,0,0,,,,,,,1,0,1,1,0,0
MLI,840004,2021,840,4,1,1,1,1,0,0,1,1,1,1,0,1,1,1,0,1,1,0,0,0,0,0,0,0,,,,,,,0,0,0,0,0,0
MLI,840005,2021,840,5,1,2,4,1,0,0,1,1,1,1,0,1,0,0,0,1,1,0,0,0,0,0,0,0,,,,,,,0,1,1,0,0,0
MLI,840006,2021,840,6,1,2,1,1,0,1,1,1,1,1,0,1,0,0,0,1,1,1,0,1,0,0,1,0,,0.0,8.0,0.0,0.0,0.0,0,0,1,0,0,0
MLI,840007,2021,840,7,1,2,1,1,0,0,1,1,0,0,0,0,0,0,0,4,5,0,0,0,0,0,0,0,,,,,,,1,0,0,0,1,0
MLI,840008,2021,840,8,1,1,3,1,0,0,1,1,0,0,1,0,0,0,0,4,3,0,0,0,0,0,0,0,0.10000000149011612,0.0,2.0,0.0,0.0,0.0,1,1,1,0,1,0
MLI,840009,2021,840,9,1,1,3,1,0,0,0,0,0,0,1,0,0,0,0,4,3,1,0,0,0,0,1,0,0.10000000149011612,0.0,2.0,0.0,0.0,0.0,0,0,0,0,1,0
MLI,840010,2021,840,10,1,2,1,1,0,1,1,1,1,1,0,1,1,1,0,1,1,1,0,0,0,0,1,0,,,,,,,0,0,0,0,0,0
MLI,840011,2021,840,11,1,1,1,1,0,0,0,0,0,0,0,1,0,0,0,4,6,0,0,0,0,0,0,0,0.10000000149011612,,,,,,0,1,1,0,0,0
MLI,840012,2021,840,12,1,1,1,1,0,0,0,0,0,0,1,1,0,0,0,4,3,0,0,0,0,0,0,0,,2.0,4.0,0.0,0.0,0.0,0,0,0,0,0,0
MLI,841001,2021,841,1,2,1,2,1,0,0,0,0,0,0,0,1,0,0,0,4,5,0,0,0,0,0,0,0,,,,,,,0,0,0,0,0,0
MLI,841002,2021,841,2,2,1,2,1,0,0,0,0,0,0,0,0,0,0,0,4,5,0,0,0,0,0,0,0,,0.0,5.0,0.0,0.0,0.0,0,1,0,0,0,0
MLI,841003,2021,841,3,2,1,2,1,0,0,0,0,0,0,0,0,0,0,0,4,5,0,0,0,0,0,0,0,,,,,,,0,1,0,0,0,0
MLI,841004,2021,841,4,2,1,2,1,0,0,0,0,0,0,0,1,0,0,0,4,5,0,0,0,0,0,0,0,,,,,,,0,1,0,0,0,0
MLI,841005,2021,841,5,2,1,2,1,0,0,0,0,0,0,0,0,0,0,0,4,5,0,0,0,0,0,0,0,,,,,,,0,0,0,0,1,0
MLI,841006,2021,841,6,2,1,2,1,0,0,0,0,0,0,0,0,0,0,0,4,5,0,0,0,0,0,0,0,,,,,,,0,0,0,0,0,0
MLI,841007,2021,841,7,2,1,2,1,0,0,0,0,0,0,0,0,0,0,0,4,5,0,0,0,0,0,0,0,,,,,,,1,0,0,0,0,0
MLI,841008,2021,841,8,2,1,2,0,0,0,0,0,0,0,0,0,0,0,0,4,5,0,0,0,0,0,0,0,,,,,,,1,0,0,0,0,0
MLI,841009,2021,841,9,2,1,2,1,0,0,0,0,0,0,0,0,0,0,0,4,6,0,0,0,0,0,0,0,,,,,,,1,0,1,0,1,0
MLI,841010,2021,841,10,2,1,2,1,0,0,0,0,0,0,0,0,0,0,0,4,6,0,0,0,0,0,0,0,,,,,,,0,0,1,0,1,0
MLI,841011,2021,841,11,2,1,2,1,0,0,0,0,0,0,0,0,0,0,0,4,6,0,0,0,0,0,0,0,,,,,,,1,0,1,0,1,0
MLI,841012,2021,841,12,2,1,2,1,0,0,1,1,0,0,0,0,0,0,0,4,6,0,0,0,0,0,0,0,,0.0,17.0,0.0,0.0,0.0,0,0,1,0,1,0
MLI,842001,2021,842,1,2,1,1,1,0,0,1,1,1,1,0,1,1,1,1,1,1,1,0,0,0,0,1,0,,2.0,0.0,0.0,0.0,0.0,0,1,1,0,0,0
MLI,842002,2021,842,2,2,1,1,1,0,0,1,1,1,1,0,1,1,0,1,1,1,1,0,0,0,0,1,0,,0.0,2.0,0.0,0.0,0.0,0,1,1,0,0,0
MLI,842003,2021,842,3,2,1,1,1,1,1,1,1,1,1,0,1,1,1,0,1,1,1,1,0,0,1,1,1,25.08694076538086,,,,,,0,1,1,0,0,0
MLI,842004,2021,842,4,2,1,1,1,0,0,1,1,1,1,0,1,1,0,1,1,1,1,1,0,0,0,0,0,0.4399999976158142,0.0,6.0,0.0,0.0,0.0,0,1,1,0,0,0
MLI,842005,2021,842,5,2,1,4,0,0,0,1,1,0,0,0,1,0,0,0,4,6,0,0,0,0,0,0,0,0.19227036833763123,5.0,1.0,0.0,0.0,0.0,0,1,1,0,0,0
MLI,842006,2021,842,6,2,1,4,1,0,0,1,1,0,1,0,0,0,0,0,2,1,0,0,0,0,0,0,0,0.10000000149011612,,,,,,1,0,1,0,0,0
MLI,842007,2021,842,7,2,1,4,1,1,1,1,1,1,1,0,1,1,1,1,1,1,0,1,1,1,0,0,0,,6.0,0.0,0.0,0.0,0.0,0,0,1,0,1,0
MLI,842008,2021,842,8,2,1,4,1,1,1,1,1,1,1,0,1,0,0,0,1,1,0,0,0,0,0,0,0,,0.0,1.0,0.0,0.0,0.0,0,1,1,0,0,0
MLI,842009,2021,842,9,2,1,1,1,0,0,1,1,1,1,0,1,0,0,0,1,1,1,0,0,0,0,1,0,1.0399999618530273,,,,,,1,1,1,0,0,0
MLI,842010,2021,842,10,2,1,4,1,0,0,1,1,1,1,0,1,0,0,0,1,1,0,0,0,0,0,0,0,,,,,,,1,1,0,1,0,0
MLI,842011,2021,842,11,2,1,2,1,0,1,1,1,1,1,0,1,0,0,0,1,1,1,0,0,0,0,1,0,0.5700000002980232,,,,,,0,0,1,0,0,0
MLI,842012,2021,842,12,2,1,1,1,0,0,1,1,1,1,0,1,0,0,0,1,1,1,0,0,0,0,1,0,,0.0,5.0,0.0,0.0,0.0,1,1,1,0,0,0
MLI,843001,2021,843,1,1,2,2,0,0,0,0,0,0,0,0,0,0,0,0,4,5,0,0,0,0,0,0,0,,0.0,3.0,0.0,0.0,2.0,0,0,0,0,0,0
MLI,843002,2021,843,2,1,1,1,1,0,0,0,0,0,0,0,0,0,0,0,4,5,0,0,0,0,0,0,0,,,,,,,0,0,0,0,0,0
MLI,843003,2021,843,3,1,1,1,1,0,0,0,0,0,0,0,0,0,0,0,4,5,0,0,0,0,0,0,0,,,,,,,0,0,0,0,0,0
MLI,843004,2021,843,4,1,1,2,1,0,0,0,0,0,0,0,0,0,0,0,4,5,1,0,0,0,0,0,0,,,,,,,0,0,0,0,0,0
MLI,843005,2021,843,5,1,2,2,1,0,0,0,0,0,0,1,0,0,0,0,4,3,1,0,1,0,0,0,0,0.16318216919898987,,,,,,1,1,0,0,0,0
MLI,843006,2021,843,6,1,1,2,0,0,0,0,0,0,0,0,0,0,0,0,4,5,0,0,0,0,0,0,0,,,,,,,0,1,0,0,0,0
MLI,843007,2021,843,7,1,1,2,1,0,0,0,0,0,0,0,0,0,0,0,4,5,0,0,0,0,0,0,0,,,,,,,1,1,0,0,1,0
MLI,843008,2021,843,8,1,2,2,1,0,0,0,1,0,0,0,0,0,0,0,4,5,0,0,0,0,0,0,0,0.2813291549682617,,,,,,0,0,1,0,0,0
MLI,843009,2021,843,9,1,2,2,1,0,0,1,1,0,0,0,1,0,0,0,4,6,0,0,0,0,0,0,0,0.10000000149011612,,,,,,0,1,1,0,0,0
MLI,843010,2021,843,10,1,2,2,1,0,0,1,1,0,0,1,1,0,0,0,4,3,0,0,0,0,0,0,0,0.20665127038955688,0.0,2.0,0.0,0.0,0.0,0,1,1,0,0,0
MLI,843011,2021,843,11,1,2,2,1,0,0,0,0,0,0,0,1,0,0,0,4,6,0,0,0,0,0,0,0,,,,,,,0,1,1,0,0,0
MLI,843012,2021,843,12,1,2,2,1,0,0,0,0,0,0,1,1,0,0,0,4,3,0,0,0,0,0,0,0,,,,,,,0,0,1,0,0,0
MLI,853001,2021,853,1,2,1,2,1,0,0,0,0,0,0,0,1,1,0,0,4,5,0,0,0,0,0,0,0,0.10000000149011612,,,,,,0,1,1,0,0,0
MLI,853002,2021,853,2,2,1,2,1,0,0,1,1,0,0,0,1,1,0,1,4,5,0,0,0,0,0,0,0,0.10000000149011612,,,,,,1,1,1,0,0,0
MLI,853003,2021,853,3,2,1,2,1,0,0,1,1,0,0,0,1,0,0,1,4,5,0,0,0,0,0,0,0,0.10000000149011612,0.0,4.0,0.0,0.0,0.0,0,1,1,0,0,0
MLI,853004,2021,853,4,2,1,2,1,0,0,0,0,0,0,0,1,1,0,0,4,5,0,0,0,0,0,0,0,0.10000000149011612,,,,,,0,1,1,0,0,0
MLI,853005,2021,853,5,2,1,1,1,0,0,1,1,0,0,1,1,0,0,0,4,3,0,0,0,0,0,0,0,3.543945550918579,4.0,2.0,0.0,0.0,0.0,0,1,0,0,0,0
MLI,853006,2021,853,6,2,1,1,1,0,0,1,1,0,0,0,0,0,0,0,4,7,0,0,0,0,0,0,0,4.320605278015137,4.0,6.0,0.0,0.0,0.0,0,0,0,0,0,0
MLI,853007,2021,853,7,2,1,1,1,0,0,1,1,0,0,1,0,0,0,0,4,3,0,0,0,0,0,0,0,2.0558757185935974,1.0,5.0,0.0,0.0,3.0,0,1,0,0,0,0
MLI,853008,2021,853,8,2,2,1,1,0,0,1,1,0,0,1,0,0,0,0,4,3,0,0,0,0,0,0,0,1.027800276875496,2.0,2.0,0.0,0.0,0.0,0,1,0,0,0,0
MLI,853009,2021,853,9,2,1,1,1,0,0,0,0,0,0,1,0,0,0,0,4,3,0,0,0,0,0,0,0,0.9492121934890747,,,,,,1,1,0,0,1,0
MLI,853010,2021,853,10,2,1,1,1,0,0,0,0,0,0,0,0,0,0,0,4,5,0,0,0,0,0,0,0,1.078458547592163,,,,,,0,1,1,0,1,0
MLI,853011,2021,853,11,2,1,1,1,0,0,0,0,0,0,0,0,0,0,0,4,5,0,0,0,0,0,0,0,0.7350556254386902,,,,,,1,1,0,0,1,0
MLI,853012,2021,853,12,2,1,1,1,0,0,0,0,0,0,0,0,0,0,0,4,5,0,0,0,0,0,0,0,0.7570419311523438,,,,,,1,1,1,0,1,0
MLI,857001,2021,857,1,1,2,1,1,0,0,1,1,1,1,0,1,0,0,0,1,1,1,0,0,0,0,0,0,0.27900001406669617,,,,,,0,1,1,0,0,0
MLI,857002,2021,857,2,1,1,1,1,0,0,1,1,0,1,0,1,0,1,0,4,1,1,0,0,0,0,0,0,0.4722000062465668,,,,,,1,1,0,0,1,0
MLI,857003,2021,857,3,1,1,2,1,0,0,1,1,1,1,0,1,0,0,0,1,1,1,0,0,0,0,0,0,0.6496999859809875,,,,,,1,1,1,0,1,0
MLI,857004,2021,857,4,1,1,1,1,0,0,1,1,1,1,0,1,0,1,0,1,1,0,0,0,0,0,0,0,0.2337999939918518,0.0,12.0,0.0,0.0,0.0,1,0,1,0,0,0
MLI,857005,2021,857,5,1,2,3,1,0,0,1,1,0,1,0,0,0,0,0,2,1,1,0,1,0,1,0,0,,0.0,0.0,0.0,0.0,30.0,0,0,0,0,0,0
MLI,857006,2021,857,6,1,1,1,1,0,0,1,1,0,1,0,1,0,0,0,3,1,1,0,0,0,0,0,0,1.0318000316619873,2.0,0.0,0.0,0.0,0.0,1,0,1,0,0,0
MLI,857007,2021,857,7,1,1,1,1,0,0,1,1,0,0,1,0,0,0,0,2,2,0,0,0,0,0,0,0,0.4632999897003174,0.0,1.0,0.0,0.0,0.0,0,0,1,0,0,0
MLI,857008,2021,857,8,1,1,2,1,0,1,1,1,1,1,0,1,0,0,0,1,1,1,0,1,0,0,1,0,0.10000000149011612,,,,,,0,0,0,0,0,0
MLI,857009,2021,857,9,1,1,2,1,0,0,1,1,1,1,0,1,0,0,0,1,1,1,0,0,0,0,1,0,,,,,,,0,0,0,0,0,0
MLI,857010,2021,857,10,1,2,2,1,0,1,1,1,1,1,0,1,0,0,0,1,1,1,0,0,0,0,1,0,0.10000000149011612,,,,,,0,0,0,0,0,0
MLI,857011,2021,857,11,1,2,4,1,0,0,1,1,1,1,0,0,0,0,0,1,1,0,0,0,0,0,0,0,,10.0,10.0,0.0,0.0,0.0,0,1,1,0,0,0
MLI,857012,2021,857,12,1,2,2,1,0,1,1,1,1,1,0,1,0,0,0,1,1,0,0,1,0,0,0,0,0.3155306875705719,,,,,,0,0,0,0,0,0
MLI,859001,2021,859,1,1,1,1,1,0,0,1,1,0,0,1,1,0,1,1,4,3,1,0,0,0,0,0,0,0.6349277496337891,1.0,3.0,0.0,0.0,0.0,0,1,1,0,0,0
MLI,859002,2021,859,2,1,2,2,1,0,0,1,1,0,0,0,1,0,1,0,4,5,0,0,0,0,0,0,0,0.10000000149011612,1.0,2.0,0.0,0.0,0.0,0,1,1,0,0,0
MLI,859003,2021,859,3,1,1,2,1,0,0,1,1,0,0,0,1,0,1,0,4,5,0,0,0,0,0,0,0,0.35838747024536133,,,,,,0,1,1,1,0,0
MLI,859004,2021,859,4,1,1,1,1,0,0,1,1,0,0,1,1,0,1,0,4,3,1,0,0,0,0,0,0,0.16508708894252777,,,,,,0,1,1,0,1,0
MLI,859005,2021,859,5,1,1,1,1,0,0,1,1,0,0,1,0,0,0,0,4,3,0,0,0,0,0,0,0,3.060370683670044,3.0,3.0,0.0,0.0,0.0,1,0,1,0,0,0
MLI,859006,2021,859,6,1,1,1,1,0,0,1,1,0,0,1,0,0,0,0,4,3,1,0,0,0,0,0,0,1.935317873954773,0.0,0.0,0.0,0.0,21.0,0,0,1,0,0,0
MLI,859007,2021,859,7,1,1,1,1,0,0,1,1,0,0,1,0,0,0,0,4,3,1,0,0,0,0,1,0,0.7367563247680664,,,,,,1,0,1,0,0,0
MLI,859008,2021,859,8,1,1,1,1,0,0,1,1,0,0,1,1,0,0,0,4,3,0,0,0,0,0,0,0,0.10000000149011612,5.0,3.0,0.0,0.0,0.0,0,0,1,0,0,0
MLI,859009,2021,859,9,1,1,2,1,0,0,1,1,0,0,1,1,0,0,0,4,3,1,0,0,0,0,1,0,1.7748748064041138,18.0,15.0,0.0,0.0,0.0,0,0,0,0,0,0
MLI,859010,2021,859,10,1,1,2,1,0,0,1,1,0,0,1,1,0,0,0,4,3,0,0,0,0,0,0,0,1.5260006189346313,,,,,,0,0,0,0,0,0
MLI,859011,2021,859,11,1,1,2,1,0,0,1,1,0,0,1,1,0,0,0,4,3,1,0,0,0,0,1,0,5.251187324523926,,,,,,0,0,0,0,0,0
MLI,859012,2021,859,12,1,1,2,1,0,1,1,1,0,0,1,1,0,0,0,4,3,1,0,0,0,0,1,0,0.0796632319688797,,,,,,0,0,0,0,0,0
MLI,861001,2021,861,1,2,1,2,1,0,0,0,0,0,0,1,1,1,0,0,4,3,0,0,0,0,0,0,0,0.02369769662618637,0.0,3.0,0.0,0.0,0.0,0,1,1,1,0,0
MLI,861002,2021,861,2,2,1,2,1,0,0,0,0,0,0,1,1,1,0,0,4,3,0,0,0,0,0,0,0,0.4040999412536621,,,,,,0,1,1,0,0,0
MLI,861003,2021,861,3,2,1,2,1,0,0,0,0,0,0,1,1,1,0,0,4,3,0,0,0,0,0,0,0,0.9726670384407043,0.0,2.0,0.0,0.0,0.0,0,1,1,0,0,0
MLI,861004,2021,861,4,2,1,2,1,0,0,0,0,0,0,1,1,1,0,0,4,3,0,0,0,0,0,0,0,0.2175353318452835,,,,,,0,1,1,0,0,0
MLI,861005,2021,861,5,2,1,1,1,0,0,1,1,0,0,0,0,0,0,0,4,6,0,0,0,0,0,0,0,0.3899138942360878,1.0,2.0,0.0,0.0,2.0,0,1,0,0,0,0
MLI,861006,2021,861,6,2,1,1,1,0,0,1,1,0,0,1,0,0,0,0,4,3,0,0,0,0,0,0,0,0.9089529886841774,1.0,6.0,0.0,0.0,0.0,0,1,0,0,0,0
MLI,861007,2021,861,7,2,1,1,1,0,0,1,1,0,0,1,0,0,0,0,4,3,0,0,0,0,0,0,0,1.0216631591320038,1.0,3.0,0.0,0.0,0.0,1,1,0,0,0,0
MLI,861008,2021,861,8,2,1,1,1,0,0,1,1,0,0,1,0,0,0,0,4,3,0,0,0,0,0,0,0,0.9167778193950653,1.0,2.0,0.0,0.0,0.0,0,1,0,0,0,0
MLI,861009,2021,861,9,2,1,1,1,0,0,0,0,0,0,1,0,0,0,0,4,3,0,0,0,0,0,0,0,1.373240351676941,45.0,0.0,0.0,0.0,0.0,0,1,0,0,1,0
MLI,861010,2021,861,10,2,1,1,1,0,0,0,0,0,0,0,1,0,0,0,4,5,0,0,0,0,0,0,0,,30.0,15.0,0.0,0.0,0.0,1,1,1,0,1,0
MLI,861011,2021,861,11,2,1,1,0,0,0,0,0,0,0,0,0,0,0,0,4,5,0,0,0,0,0,0,0,,100.0,0.0,0.0,0.0,0.0,0,1,0,0,1,0
MLI,861012,2021,861,12,2,1,1,0,0,0,0,0,0,0,0,0,0,0,0,4,5,0,0,0,0,0,0,0,,0.0,25.0,0.0,0.0,0.0,0,1,1,0,1,0
MLI,873001,2021,873,1,1,2,1,0,0,0,1,1,0,0,0,0,0,0,0,4,5,0,0,0,0,0,0,0,0.30000001192092896,2.0,3.0,0.0,0.0,2.0,1,0,1,0,0,0
MLI,873002,2021,873,2,1,1,2,1,0,0,1,1,0,0,0,1,0,0,0,4,5,0,0,0,0,0,0,0,0.24660000205039978,,,,,,0,1,1,0,0,0
MLI,873003,2021,873,3,1,2,1,1,0,0,1,1,0,0,1,0,0,0,0,4,3,0,0,0,0,0,0,0,0.7804999947547913,0.0,5.0,0.0,0.0,0.0,0,0,1,0,0,0
MLI,873004,2021,873,4,1,1,2,0,0,0,1,1,0,0,0,1,0,0,0,4,5,0,0,0,0,0,0,0,0.2567000091075897,2.0,22.0,0.0,0.0,0.0,1,1,1,0,1,0
MLI,873005,2021,873,5,1,2,1,0,1,0,1,1,0,0,0,0,0,0,0,4,5,0,0,0,0,0,0,0,0.4124999940395355,0.0,3.0,0.0,0.0,0.0,0,0,1,0,0,0
MLI,873006,2021,873,6,1,2,2,1,0,0,1,1,0,0,1,1,0,0,0,4,3,0,0,0,0,0,0,0,,6.0,17.0,0.0,0.0,0.0,0,0,0,0,0,0
MLI,873007,2021,873,7,1,1,2,1,0,0,1,1,0,0,1,1,0,0,0,4,3,1,0,0,0,0,0,0,0.10000000149011612,,,,,,0,1,1,0,0,0
MLI,873008,2021,873,8,1,2,2,1,0,0,1,1,0,0,1,1,0,0,0,4,3,0,0,0,0,0,0,0,,5.0,5.0,0.0,0.0,0.0,0,0,0,0,0,0
MLI,873009,2021,873,9,1,1,2,1,0,0,1,1,0,0,1,1,0,0,0,4,3,1,0,0,0,0,0,0,0.4317000061273575,5.0,20.0,0.0,0.0,0.0,0,1,1,0,1,0
MLI,873010,2021,873,10,1,2,2,1,0,0,1,1,0,0,1,1,0,0,0,4,3,0,0,0,0,0,0,0,0.8100000023841858,,,,,,0,0,0,0,0,0
MLI,873011,2021,873,11,1,1,1,1,0,0,1,1,0,0,0,0,0,0,0,4,5,0,0,0,0,0,0,0,1.156000018119812,0.0,3.0,0.0,0.0,0.0,1,1,1,0,0,0
MLI,873012,2021,873,12,1,2,2,1,0,0,1,1,0,0,1,1,0,0,0,4,3,0,0,0,0,0,0,0,0.8100000023841858,0.0,5.0,0.0,0.0,0.0,0,0,0,0,0,0
MLI,874001,2021,874,1,2,1,2,1,0,0,1,1,0,0,0,1,1,0,0,4,4,0,0,0,0,0,0,0,0.014514362439513206,,,,,,0,1,1,0,0,0
MLI,874002,2021,874,2,2,1,2,1,0,0,1,1,0,0,0,1,1,0,0,4,5,0,0,0,0,0,0,0,0.143657386302948,,,,,,0,1,1,0,0,0
MLI,874003,2021,874,3,2,1,2,1,0,0,1,1,0,0,0,1,0,0,0,4,5,0,0,0,0,0,0,0,0.06342407315969467,,,,,,0,1,1,0,0,0
MLI,874004,2021,874,4,2,1,2,1,0,0,1,1,0,0,0,0,0,0,0,4,5,0,0,0,0,0,0,0,0.09636156260967255,,,,,,1,1,1,0,0,0
MLI,874005,2021,874,5,2,1,1,1,0,0,1,1,0,0,1,0,0,0,0,4,3,0,0,0,0,0,0,0,0.19256997108459473,2.0,4.0,0.0,0.0,0.0,0,1,1,0,0,0
MLI,874006,2021,874,6,2,1,1,1,0,0,1,1,0,0,1,0,0,0,0,4,3,0,0,0,0,0,0,0,0.17508722841739655,7.0,0.0,0.0,0.0,0.0,0,1,1,0,0,0
MLI,874007,2021,874,7,2,1,1,1,0,0,1,1,0,0,1,0,0,0,0,4,3,0,0,0,0,0,0,0,0.18847481906414032,2.0,3.0,0.0,0.0,2.0,1,1,1,0,0,0
MLI,874008,2021,874,8,2,1,1,1,0,0,1,1,0,0,0,0,0,0,1,4,6,0,0,0,0,0,0,0,0.18847481906414032,4.0,4.0,0.0,0.0,0.0,0,1,1,0,0,0
MLI,874009,2021,874,9,2,1,1,1,0,0,1,0,0,0,1,0,0,0,0,4,3,0,0,0,0,0,0,0,0.16818922758102417,,,,,,1,1,0,1,1,0
MLI,874010,2021,874,10,2,1,1,1,0,0,1,1,0,0,1,0,0,0,0,4,3,0,0,0,0,0,0,0,0.20665127038955688,,,,,,1,1,1,0,1,0
MLI,874011,2021,874,11,2,1,1,1,0,0,0,0,0,0,1,1,0,0,0,4,3,0,0,0,0,0,0,0,0.7350556254386902,,,,,,1,1,0,1,1,0
MLI,874012,2021,874,12,2,1,1,1,0,0,1,1,0,0,1,0,0,0,0,4,3,0,0,0,0,0,0,0,0.2987979054450989,,,,,,1,1,1,0,1,0
MLI,877001,2021,877,1,2,1,2,0,0,0,0,0,0,0,0,0,0,0,0,4,5,0,0,0,0,0,0,0,1.8700000047683716,5.0,4.0,0.0,0.0,8.0,0,1,1,0,0,0
MLI,877002,2021,877,2,2,1,2,1,0,0,0,0,0,0,1,0,0,0,0,4,3,0,0,0,0,0,0,0,2.1500000953674316,5.0,0.0,0.0,0.0,11.0,0,1,1,1,0,0
MLI,877003,2021,877,3,2,1,2,1,0,0,0,0,0,0,0,0,0,0,0,4,5,0,0,0,0,0,0,0,1.1599999964237213,4.0,6.0,0.0,0.0,4.0,1,1,1,0,0,0
MLI,877004,2021,877,4,2,1,2,1,0,0,0,0,0,0,0,0,0,0,0,4,5,0,0,0,0,0,0,0,1.2400000095367432,2.0,0.0,0.0,0.0,4.0,0,1,1,0,0,0
MLI,877005,2021,877,5,2,1,2,1,0,0,1,1,0,0,1,0,0,0,0,4,3,0,0,0,0,0,0,0,0.49879999086260796,0.0,0.0,0.0,0.0,2.0,1,0,0,0,0,0
MLI,877006,2021,877,6,2,1,2,1,0,0,0,0,0,0,0,0,0,0,0,4,5,0,0,0,0,0,0,0,2.4079782366752625,8.0,0.0,0.0,0.0,2.0,1,1,1,0,0,0
MLI,877007,2021,877,7,2,1,2,1,0,0,0,0,0,0,1,0,0,0,0,4,2,0,0,0,0,0,0,0,1.2489000260829926,6.0,0.0,0.0,0.0,0.0,1,1,1,0,0,0
MLI,877008,2021,877,8,2,1,2,1,0,0,0,0,0,0,0,0,0,0,0,4,6,0,0,0,0,0,0,0,0.7738000154495239,0.0,10.0,0.0,0.0,0.0,1,1,1,0,0,0
MLI,877009,2021,877,9,2,1,1,1,0,0,1,1,0,0,0,1,0,0,0,4,5,0,0,0,0,0,0,0,0.25999999046325684,1.0,5.0,0.0,0.0,0.0,1,0,0,0,0,0
MLI,877010,2021,877,10,2,1,2,1,0,0,1,1,0,0,1,0,0,0,0,4,3,0,0,0,0,0,0,0,,5.0,0.0,0.0,0.0,2.0,1,1,1,0,0,0
MLI,877011,2021,877,11,2,1,1,1,0,0,1,1,0,0,1,1,0,1,0,4,3,0,0,0,0,0,0,0,1.129965752363205,7.0,2.0,0.0,0.0,12.0,0,1,1,0,0,0
MLI,877012,2021,877,12,2,1,2,1,0,0,1,1,0,0,1,1,0,0,0,4,3,0,0,0,0,0,0,0,1.0900000035762787,2.0,1.0,0.0,0.0,4.0,0,1,0,0,0,0
MLI,878001,2021,878,1,2,1,2,1,0,0,1,1,0,0,0,0,0,0,0,4,5,0,0,0,0,0,0,0,3.61299991607666,8.0,9.0,0.0,0.0,0.0,0,1,1,0,0,0
MLI,878002,2021,878,2,2,1,2,1,0,0,1,1,0,0,0,0,0,0,0,4,5,0,0,0,0,0,0,0,2.4245998859405518,2.0,0.0,0.0,0.0,12.0,0,1,1,0,0,0
MLI,878003,2021,878,3,2,1,4,1,0,0,1,1,0,0,0,0,0,0,0,4,5,0,0,0,0,0,0,0,,,,,,,1,0,1,0,0,1
MLI,878004,2021,878,4,2,1,1,1,0,0,1,1,0,0,0,0,0,0,0,4,5,0,0,0,0,0,0,0,1.5471999943256378,1.0,1.0,0.0,0.0,0.0,0,1,1,0,0,0
MLI,878005,2021,878,5,2,1,2,1,0,0,0,0,0,0,0,0,0,0,0,4,5,1,0,0,0,0,1,0,2.275099992752075,7.0,15.0,0.0,0.0,5.0,1,1,1,0,1,0
MLI,878006,2021,878,6,2,1,2,1,0,0,0,0,0,0,0,0,0,0,0,4,5,0,0,0,0,0,0,0,1.3808000087738037,5.0,0.0,0.0,0.0,2.0,1,1,1,0,1,0
MLI,878007,2021,878,7,2,1,2,1,0,0,1,1,0,0,0,0,0,0,0,4,5,0,0,0,0,0,0,0,2.826599955558777,8.0,15.0,0.0,0.0,6.0,1,1,1,0,1,0
MLI,878008,2021,878,8,2,1,2,1,0,0,1,1,0,0,0,0,0,0,0,4,5,0,0,0,0,0,0,0,,5.0,13.0,0.0,0.0,5.0,0,1,1,1,0,0
MLI,878009,2021,878,9,2,1,2,1,0,0,1,1,0,0,0,0,0,0,0,4,5,0,0,0,0,0,0,0,6.538900077342987,0.0,0.0,0.0,0.0,0.0,0,1,1,0,0,0
MLI,878010,2021,878,10,2,1,2,1,0,0,1,1,0,0,0,0,0,0,0,4,5,0,0,0,0,0,0,0,1.1870000064373016,3.0,4.0,0.0,0.0,5.0,0,1,1,0,0,0
MLI,878011,2021,878,11,2,1,2,1,0,0,0,0,0,0,0,1,0,0,0,4,5,0,0,0,0,0,0,0,7.812600135803223,9.0,6.0,0.0,0.0,0.0,0,1,0,0,0,1
MLI,878012,2021,878,12,2,1,2,1,0,0,1,1,0,0,0,1,0,0,0,4,5,0,0,0,0,0,0,0,6.092699885368347,2.0,0.0,0.0,0.0,4.0,0,1,1,0,0,0
MLI,882001,2021,882,1,2,1,2,1,0,0,1,1,0,0,0,0,0,0,0,4,5,0,0,0,0,0,0,0,0.6305999755859375,,,,,,1,1,1,0,1,0
MLI,882002,2021,882,2,2,1,2,1,0,0,1,1,0,0,0,0,0,0,0,4,5,0,0,0,0,0,0,0,,,,,,,0,1,1,0,1,0
MLI,882003,2021,882,3,2,1,2,1,0,0,1,1,0,0,0,0,0,0,0,4,5,0,0,0,0,0,0,0,0.25780001282691956,2.0,5.0,0.0,0.0,0.0,0,1,1,0,1,0
MLI,882004,2021,882,4,2,1,2,1,0,0,1,1,0,0,0,0,0,0,0,4,5,0,0,0,0,0,0,0,1.9863000065088272,6.0,7.0,0.0,0.0,0.0,0,1,1,1,1,0
MLI,882005,2021,882,5,2,1,2,1,0,0,0,0,0,0,0,0,0,0,0,4,5,0,0,0,0,0,0,0,1.3904000520706177,15.0,20.0,0.0,0.0,0.0,0,1,1,1,1,0
MLI,882006,2021,882,6,2,1,2,1,0,0,0,0,0,0,0,0,0,0,0,4,5,0,0,0,0,0,0,0,0.6834000051021576,,,,,,1,1,1,0,1,0
MLI,882007,2021,882,7,2,1,2,1,0,0,0,0,0,0,0,0,0,0,0,4,5,0,0,0,0,0,0,0,3.415300101041794,2.0,0.0,0.0,0.0,0.0,1,1,1,0,1,0
MLI,882008,2021,882,8,2,1,2,1,0,0,0,0,0,0,0,0,0,0,0,4,5,0,0,0,0,0,0,0,0.09560000151395798,4.0,4.0,0.0,0.0,6.0,0,1,1,0,1,0
MLI,882009,2021,882,9,2,1,2,1,0,0,0,0,0,0,0,0,0,0,0,4,5,0,0,0,0,0,0,0,3.2625999450683594,12.0,20.0,0.0,0.0,5.0,0,1,0,0,0,1
MLI,882010,2021,882,10,2,1,2,1,0,0,0,0,0,0,0,1,0,0,0,4,5,0,0,0,0,0,0,0,1.2973757684230804,4.0,3.0,0.0,0.0,8.0,0,1,0,0,0,0
MLI,882011,2021,882,11,2,1,2,1,0,0,1,1,0,0,0,0,0,0,0,4,5,0,0,0,0,0,0,0,0.7899999916553497,2.0,4.0,0.0,0.0,8.0,0,1,0,0,0,0
MLI,882012,2021,882,12,2,1,2,1,0,0,1,1,0,0,0,0,0,0,0,4,5,0,0,0,0,0,0,0,2.429600030183792,12.0,16.0,0.0,0.0,0.0,0,1,0,0,0,0
MLI,883001,2021,883,1,1,1,4,0,0,0,0,0,0,0,0,1,0,0,0,4,6,0,0,0,0,0,0,0,,9.0,30.0,0.0,0.0,0.0,0,0,0,0,0,0
MLI,883002,2021,883,2,1,1,2,0,0,0,0,0,0,0,0,0,0,1,0,4,6,0,0,0,0,0,0,0,1.946336030960083,,,,,,0,0,0,0,0,0
MLI,883003,2021,883,3,1,1,2,1,0,0,0,0,0,0,1,1,0,0,0,4,3,0,0,0,0,0,0,0,0.0,1.0,4.0,0.0,0.0,2.0,0,0,1,0,0,0
MLI,883004,2021,883,4,1,1,2,0,0,0,0,0,0,0,0,0,0,0,0,4,5,0,0,0,0,0,0,0,0.0,2.0,0.0,0.0,0.0,4.0,0,1,1,0,0,0
MLI,883005,2021,883,5,1,1,2,0,0,0,0,0,0,0,0,0,0,0,0,4,5,0,0,0,0,0,0,0,0.960988461971283,0.0,3.0,0.0,0.0,5.0,1,1,0,0,0,0
MLI,883006,2021,883,6,1,1,2,1,0,0,0,0,0,0,1,0,0,0,0,4,3,0,0,0,0,0,0,0,2.7145350575447083,6.0,0.0,0.0,0.0,5.0,0,1,0,0,0,0
MLI,883007,2021,883,7,1,1,2,1,0,0,0,0,0,0,0,0,0,0,0,4,5,0,0,0,0,0,0,0,1.918654441833496,,,,,,0,1,0,0,0,0
MLI,883008,2021,883,8,1,1,2,0,0,0,0,0,0,0,0,0,0,0,0,4,5,0,0,0,0,0,0,0,2.0939736366271973,2.0,1.0,0.0,0.0,0.0,0,1,0,0,0,0
MLI,883009,2021,883,9,1,2,2,1,0,0,1,0,0,0,1,0,0,0,0,4,3,1,0,0,0,0,0,0,1.3814102411270142,1.0,2.0,0.0,0.0,8.0,0,1,1,0,0,0
MLI,883010,2021,883,10,1,2,2,0,0,0,0,0,0,0,0,0,0,0,0,4,4,0,0,0,0,0,0,0,0.9547583162784576,2.0,0.0,0.0,0.0,2.0,0,1,1,0,0,0
MLI,883011,2021,883,11,1,2,2,0,0,0,0,0,0,0,1,0,0,0,0,4,3,0,0,0,0,0,0,0,0.9939679503440857,0.0,0.0,0.0,0.0,6.0,0,1,1,0,0,0
MLI,883012,2021,883,12,1,2,2,0,0,0,0,0,0,0,0,0,0,0,0,4,5,0,0,0,0,0,0,0,1.053956925868988,0.0,2.0,0.0,0.0,3.0,0,1,1,0,0,0
MLI,885001,2021,885,1,2,1,2,1,0,0,1,1,0,0,0,0,0,0,0,4,5,0,0,0,0,0,0,0,0.6814999952912331,1.0,4.0,0.0,0.0,0.0,0,1,1,0,0,0
MLI,885002,2021,885,2,2,1,4,1,0,0,1,1,0,0,0,0,0,0,0,4,5,0,0,0,0,0,0,0,1.77149997651577,0.0,6.0,0.0,0.0,0.0,0,1,1,0,0,0
MLI,885003,2021,885,3,2,1,2,1,0,0,1,1,0,0,1,0,0,1,0,4,3,1,0,0,0,0,0,0,0.0729999989271164,0.0,5.0,0.0,0.0,0.0,0,0,1,0,1,0
MLI,885004,2021,885,4,2,1,2,1,0,0,1,1,0,0,1,0,0,0,0,4,3,1,0,0,0,0,0,0,,,,,,,0,0,1,0,0,0
MLI,885005,2021,885,5,2,1,2,1,0,0,1,1,0,0,0,0,0,1,0,4,4,0,0,0,0,0,0,0,0.27710000425577164,5.0,5.0,0.0,0.0,3.0,0,1,1,0,1,0
MLI,885006,2021,885,6,2,1,2,1,0,0,1,1,0,0,0,0,0,0,0,4,5,0,0,0,0,0,0,0,0.43209999799728394,1.0,5.0,0.0,0.0,0.0,1,1,1,1,1,0
MLI,885007,2021,885,7,2,1,2,1,0,0,1,1,0,0,0,0,0,0,0,4,5,1,0,0,0,0,0,0,0.8242000341415405,1.0,2.0,0.0,0.0,3.0,0,1,1,0,1,0
MLI,885008,2021,885,8,2,1,2,1,0,0,1,1,0,0,0,0,0,0,0,4,5,0,0,0,0,0,0,0,1.7364999949932098,0.0,15.0,0.0,0.0,4.0,1,1,1,0,1,0
MLI,885009,2021,885,9,2,1,1,1,0,0,1,1,0,0,0,1,0,0,0,4,5,0,0,0,0,0,0,0,0.21639999747276306,0.0,10.0,0.0,0.0,4.0,0,0,0,1,0,0
MLI,885010,2021,885,10,2,1,4,1,0,0,1,1,0,0,0,1,0,0,0,4,5,0,0,0,0,0,0,0,,4.0,2.0,0.0,0.0,0.0,0,1,0,0,0,0
MLI,885011,2021,885,11,2,1,2,1,0,0,0,0,0,0,0,1,0,1,0,4,5,0,0,0,0,0,0,0,0.02669999934732914,1.0,1.0,0.0,0.0,0.0,1,1,1,0,0,0
MLI,885012,2021,885,12,2,1,2,1,0,0,1,1,0,0,0,1,0,0,0,4,5,0,0,0,0,0,0,0,0.04179999977350235,0.0,5.0,0.0,0.0,0.0,0,0,0,0,0,0
MLI,886001,2021,886,1,2,1,2,1,0,0,1,1,0,0,0,0,0,0,0,4,5,0,0,0,0,0,0,0,0.6400000154972076,27.0,15.0,0.0,0.0,0.0,1,1,1,0,0,0
MLI,886002,2021,886,2,2,1,1,1,0,0,1,1,0,0,0,0,0,0,0,4,7,0,0,0,0,0,0,0,0.36000001430511475,0.0,0.0,0.0,0.0,5.0,0,1,1,0,0,0
MLI,886003,2021,886,3,2,1,2,1,0,0,1,1,0,0,0,0,0,0,0,4,5,0,0,0,0,0,0,0,1.149999976158142,6.0,3.0,0.0,0.0,0.0,0,1,1,1,0,0
MLI,886004,2021,886,4,2,1,2,1,0,0,1,1,0,0,0,0,0,0,0,4,5,0,0,0,0,0,0,0,0.48999999463558197,3.0,8.0,0.0,0.0,2.0,0,1,1,0,0,0
MLI,886005,2021,886,5,2,2,2,1,0,0,1,1,0,0,0,0,0,0,0,4,5,0,0,0,0,0,0,0,,6.0,6.0,0.0,0.0,12.0,0,0,0,0,0,0
MLI,886006,2021,886,6,2,1,2,1,0,0,1,1,0,0,0,0,0,0,0,4,5,0,0,0,0,0,0,0,0.36070001125335693,,,,,,1,1,1,0,0,0
MLI,886007,2021,886,7,2,1,4,1,0,0,1,1,0,0,1,0,0,0,0,4,3,1,0,0,0,0,1,0,,5.0,10.0,0.0,0.0,15.0,1,0,0,0,0,0
MLI,886008,2021,886,8,2,1,2,1,0,0,1,1,0,0,0,0,0,0,0,4,5,0,0,0,0,0,0,0,0.35690000653266907,,,,,,0,1,1,0,0,0
MLI,886009,2021,886,9,2,1,2,1,0,1,1,1,0,0,1,0,1,0,0,4,3,0,0,0,0,0,0,0,,0.0,4.0,0.0,0.0,0.0,1,0,0,0,0,0
MLI,886010,2021,886,10,2,1,4,1,0,0,1,1,0,0,0,0,0,0,0,4,6,0,0,0,0,0,0,0,0.5600000023841858,,,,,,0,1,0,0,0,0
MLI,886011,2021,886,11,2,1,2,1,0,0,1,1,0,0,1,0,0,0,0,4,3,0,0,0,0,0,0,0,1.2092999815940857,0.0,6.0,0.0,0.0,0.0,0,1,0,0,0,0
MLI,886012,2021,886,12,2,1,2,1,0,0,1,1,0,0,1,0,0,1,0,4,3,0,0,0,0,0,0,0,0.489300012588501,2.0,5.0,0.0,0.0,0.0,0,1,0,0,0,0
MLI,887001,2021,887,1,1,1,2,0,0,0,0,0,0,0,0,0,0,1,0,4,5,0,0,0,0,0,0,0,0.0,2.0,4.0,0.0,0.0,0.0,0,0,0,0,0,0
MLI,887002,2021,887,2,1,1,2,0,0,0,0,0,0,0,0,0,0,0,0,4,5,0,0,0,0,0,0,0,0.9720907211303711,,,,,,0,1,1,0,0,0
MLI,887003,2021,887,3,1,1,1,0,0,0,0,0,0,0,0,0,0,0,0,4,5,0,0,0,0,0,0,0,1.7301722764968872,0.0,4.0,0.0,0.0,0.0,1,1,1,0,1,0
MLI,887004,2021,887,4,1,1,2,0,0,0,0,0,0,0,0,0,0,0,0,4,5,0,0,0,0,0,0,0,,,,,,,0,0,0,0,0,0
MLI,887005,2021,887,5,1,2,2,1,0,0,0,0,0,0,0,0,0,0,0,4,5,0,0,0,0,0,0,0,,,,,,,0,0,0,0,0,0
MLI,887006,2021,887,6,1,1,2,1,0,0,0,0,0,0,0,0,0,1,0,4,5,0,0,0,0,0,0,0,0.6206734776496887,8.0,2.0,0.0,0.0,0.0,1,1,0,0,1,0
MLI,887007,2021,887,7,1,1,2,1,0,0,0,0,0,0,0,0,0,0,0,4,5,0,0,0,0,0,0,0,0.8902249336242676,0.0,4.0,0.0,0.0,0.0,0,1,0,0,0,0
MLI,887008,2021,887,8,1,1,2,1,0,0,0,0,0,0,0,0,0,0,0,4,5,0,0,0,0,0,0,0,2.967271327972412,5.0,1.0,0.0,0.0,7.0,0,1,0,0,1,0
MLI,887009,2021,887,9,1,1,2,1,0,0,0,0,0,0,0,0,0,0,0,4,6,0,0,0,0,0,0,0,,2.0,4.0,0.0,0.0,0.0,0,1,1,0,0,0
MLI,887010,2021,887,10,1,1,2,1,0,0,0,0,0,0,0,0,0,0,0,4,6,0,0,0,0,0,0,0,,6.0,15.0,0.0,0.0,3.0,0,1,1,0,0,0
MLI,887011,2021,887,11,1,1,2,1,0,0,0,0,0,0,0,0,0,0,0,4,5,0,0,0,0,0,0,0,,0.0,2.0,0.0,0.0,2.0,0,0,0,0,0,0
MLI,887012,2021,887,12,1,1,2,1,0,0,0,0,0,0,1,0,0,0,0,4,3,0,0,0,0,0,0,0,,,,,,,0,0,1,0,0,0
MLI,890001,2021,890,1,2,1,2,1,0,0,1,1,0,1,0,0,0,1,0,2,1,0,0,0,0,0,0,0,0.24740000069141388,0.0,6.0,0.0,0.0,20.0,0,1,1,0,1,0
MLI,890002,2021,890,2,2,1,2,1,0,0,1,1,0,0,0,0,0,0,0,4,5,0,0,0,0,0,0,0,0.6399999856948853,0.0,0.0,0.0,0.0,10.0,0,1,1,0,1,0
MLI,890003,2021,890,3,2,1,2,1,0,1,0,0,1,1,0,0,0,0,0,1,1,1,0,0,0,0,0,0,0.01080000028014183,0.0,4.0,0.0,0.0,0.0,0,1,1,0,0,0
MLI,890004,2021,890,4,2,1,2,1,0,0,0,0,0,1,0,0,0,0,0,2,1,1,0,0,0,0,0,0,0.34700001031160355,0.0,5.0,0.0,0.0,14.0,0,1,1,1,1,0
MLI,890005,2021,890,5,2,1,2,1,0,0,1,1,1,1,0,0,0,1,0,1,1,0,0,0,0,0,0,0,0.7728039920330048,1.0,0.0,0.0,0.0,0.0,0,1,1,0,1,0
MLI,890006,2021,890,6,2,1,2,1,0,0,1,1,1,1,0,0,0,1,0,1,1,0,0,0,0,0,0,0,0.1071000024676323,5.0,3.0,0.0,0.0,0.0,1,1,1,0,1,0
MLI,890007,2021,890,7,2,1,2,1,0,0,1,1,0,0,1,0,0,1,0,4,3,0,0,0,0,0,0,0,0.3416000008583069,,,,,,0,1,1,0,1,0
MLI,890008,2021,890,8,2,1,1,1,0,1,1,1,1,1,0,0,0,1,0,1,1,0,0,1,0,0,1,0,0.5537999961525202,0.0,0.0,0.0,0.0,2.0,0,1,1,1,1,0
MLI,890009,2021,890,9,2,1,4,1,0,0,1,1,1,1,0,1,0,0,0,1,1,0,0,0,0,0,0,0,1.9796000123023987,,,,,,1,1,0,1,0,0
MLI,890010,2021,890,10,2,1,1,1,0,0,1,1,0,0,0,1,0,0,0,4,5,0,0,0,0,0,0,0,3.3844000101089478,0.0,15.0,0.0,0.0,0.0,0,1,1,0,0,0
MLI,890011,2021,890,11,2,1,2,1,0,0,1,1,0,0,0,1,0,0,0,4,5,0,0,0,0,0,0,0,,,,,,,0,1,1,0,0,0
MLI,890012,2021,890,12,2,1,2,1,0,0,1,1,0,0,0,1,0,0,0,4,5,0,0,0,0,0,0,0,1.0408999770879745,,,,,,0,1,1,0,0,0
MLI,894001,2021,894,1,1,1,1,1,0,0,1,1,0,0,0,0,0,0,0,4,5,0,0,0,0,0,0,0,1.5620081424713135,2.0,8.0,0.0,0.0,10.0,0,1,1,1,0,0
MLI,894002,2021,894,2,1,1,1,1,0,0,1,1,0,0,0,0,0,0,0,4,5,0,0,0,0,0,0,0,0.5775183141231537,1.0,0.0,0.0,0.0,0.0,0,1,1,0,0,0
MLI,894003,2021,894,3,1,1,2,1,0,0,1,1,0,0,0,0,0,0,0,4,5,0,0,0,0,0,0,0,1.086765170097351,2.0,3.0,0.0,0.0,40.0,0,1,0,0,1,0
MLI,894004,2021,894,4,1,1,1,1,0,0,1,1,0,0,0,0,0,0,0,4,7,0,0,0,0,0,0,0,,,,,,,0,1,1,0,1,0
MLI,894005,2021,894,5,1,1,2,1,0,0,0,0,0,0,0,0,0,0,0,4,5,0,0,0,0,0,0,0,,0.0,0.0,0.0,0.0,1.0,1,1,1,0,1,0
MLI,894006,2021,894,6,1,1,2,1,0,0,0,0,0,0,0,0,0,0,0,4,5,0,0,0,0,0,0,0,0.8032714128494263,0.0,0.0,0.0,0.0,5.0,1,1,1,1,0,0
MLI,894007,2021,894,7,1,1,2,1,0,0,0,0,0,0,0,0,0,0,0,4,5,0,0,0,0,0,0,0,2.26618093252182,1.0,8.0,0.0,0.0,5.0,0,1,1,0,0,0
MLI,894008,2021,894,8,1,1,2,1,0,0,0,0,0,0,0,0,0,0,0,4,5,0,0,0,0,0,0,0,1.2452985644340515,0.0,2.0,0.0,0.0,2.0,0,1,1,1,0,0
MLI,894009,2021,894,9,1,1,1,1,0,0,1,1,0,0,0,1,0,0,0,4,5,0,0,0,0,0,0,0,1.1819510459899902,10.0,0.0,0.0,0.0,0.0,0,1,0,0,0,0
MLI,894010,2021,894,10,1,1,1,1,0,0,0,0,0,0,0,1,0,0,0,4,5,0,0,0,0,0,0,0,4.274844706058502,5.0,8.0,0.0,0.0,0.0,0,1,0,0,0,0
MLI,894011,2021,894,11,1,1,1,1,0,0,1,1,0,0,0,1,0,0,0,4,5,0,0,0,0,0,0,0,0.14630024135112762,0.0,0.0,0.0,0.0,7.0,0,1,0,0,0,0
MLI,894012,2021,894,12,1,1,1,1,0,0,1,1,0,0,0,1,0,0,0,4,5,0,0,0,0,0,0,0,0.20006433129310608,,,,,,1,0,0,0,0,0
MLI,897001,2021,897,1,1,1,1,1,0,0,1,1,1,1,0,0,1,0,0,1,1,1,0,0,0,0,0,0,,,,,,,0,0,0,0,0,0
MLI,897002,2021,897,2,1,1,1,1,0,0,1,1,1,1,0,0,1,0,0,1,1,1,0,0,0,0,1,0,,0.0,2.0,0.0,0.0,0.0,1,0,1,1,0,0
MLI,897003,2021,897,3,1,2,1,1,0,0,1,1,1,1,0,0,1,0,0,1,1,1,0,0,0,0,1,0,,,,,,,1,0,0,0,0,0
MLI,897004,2021,897,4,1,1,1,1,0,0,1,1,0,1,0,0,1,0,0,3,1,0,0,0,0,0,1,0,,,,,,,0,0,1,0,0,0
MLI,897005,2021,897,5,1,1,1,1,0,1,1,1,1,1,0,1,1,1,0,1,1,1,0,0,0,0,1,0,,,,,,,0,0,0,0,1,0
MLI,897006,2021,897,6,1,1,1,0,0,1,1,1,0,0,0,0,1,1,1,4,5,0,0,0,0,0,0,0,,,,,,,0,0,0,0,0,0
MLI,897007,2021,897,7,1,1,4,1,0,1,1,1,1,1,0,1,1,1,1,1,1,0,0,1,0,0,1,0,,0.0,3.0,0.0,0.0,4.0,0,0,0,0,0,0
MLI,897008,2021,897,8,1,2,4,1,0,0,1,1,1,1,0,0,0,0,0,1,1,1,0,0,0,0,1,0,,,,,,,0,0,0,0,0,0
MLI,897009,2021,897,9,1,1,1,1,0,1,1,1,0,0,0,0,1,1,0,4,5,0,0,0,0,0,0,0,,2.0,4.0,0.0,0.0,0.0,0,0,0,0,0,0
MLI,897010,2021,897,10,1,1,1,1,0,0,1,1,1,1,0,1,0,0,0,1,1,1,0,1,0,0,1,0,,0.0,5.0,0.0,0.0,3.0,0,0,1,0,0,0
MLI,897011,2021,897,11,1,2,1,1,0,0,1,1,0,1,0,1,0,0,0,2,1,0,0,0,0,0,0,0,,0.0,9.0,0.0,0.0,0.0,0,0,1,0,0,0
MLI,897012,2021,897,12,1,2,1,1,0,0,1,1,1,1,0,1,0,0,0,1,1,1,0,1,0,0,1,0,,,,,,,1,0,0,0,0,0
MLI,899001,2021,899,1,1,2,2,1,0,0,0,0,0,0,0,0,0,0,0,4,5,0,0,0,0,0,0,0,1.4839497208595276,1.0,0.0,0.0,0.0,0.0,0,1,1,0,0,0
MLI,899002,2021,899,2,1,1,2,1,0,0,0,0,0,0,0,0,0,0,0,4,5,0,0,0,0,0,0,0,0.5552571415901184,2.0,8.0,0.0,0.0,4.0,0,1,1,0,0,0
MLI,899003,2021,899,3,1,1,2,1,0,0,0,0,0,0,0,0,0,0,0,4,5,0,0,0,0,0,0,0,0.8399657607078552,,,,,,0,1,0,0,0,0
MLI,899004,2021,899,4,1,1,2,1,0,1,0,0,0,0,0,0,0,0,0,4,5,0,0,0,0,0,0,0,0.5789955854415894,0.0,0.0,0.0,0.0,5.0,0,1,1,0,0,0
MLI,899005,2021,899,5,1,1,2,1,0,0,0,0,0,0,0,0,0,0,0,4,5,0,0,0,0,0,0,0,2.0001662373542786,5.0,6.0,0.0,0.0,6.0,1,1,1,1,1,0
MLI,899006,2021,899,6,1,1,2,1,0,0,1,1,0,0,0,0,0,1,0,4,5,0,0,0,0,0,0,0,1.8565053939819336,0.0,0.0,0.0,0.0,4.0,0,1,1,0,1,0
MLI,899007,2021,899,7,1,1,2,1,0,1,1,1,0,0,1,0,0,0,0,4,3,1,0,0,0,0,1,0,,1.0,2.0,0.0,0.0,0.0,0,1,1,1,1,0
MLI,899008,2021,899,8,1,1,2,1,0,0,0,0,0,0,0,0,0,0,0,4,5,0,0,0,0,0,0,0,0.9620906114578247,0.0,2.0,0.0,0.0,0.0,0,1,1,0,1,0
MLI,899009,2021,899,9,1,1,2,1,0,0,1,0,0,0,0,0,0,0,0,4,5,0,0,0,0,0,0,0,1.8723817467689514,,,,,,0,1,0,0,0,0
MLI,899010,2021,899,10,1,1,2,1,0,0,1,1,0,0,0,0,0,0,0,4,5,0,0,0,0,0,0,0,,,,,,,0,0,0,0,1,0
MLI,899011,2021,899,11,1,1,2,1,0,0,1,1,0,0,0,0,0,0,0,4,5,0,0,0,0,0,0,0,1.2257554531097412,,,,,,0,1,0,0,0,0
MLI,899012,2021,899,12,1,1,2,1,0,0,0,0,0,0,0,0,0,0,0,4,5,0,0,0,0,0,0,0,2.6701968908309937,3.0,0.0,0.0,0.0,12.0,0,1,0,0,0,0
MLI,903001,2021,903,1,2,1,2,1,0,0,0,0,0,0,0,0,0,0,0,4,5,0,0,0,0,0,0,0,0.32900530099868774,1.0,6.0,0.0,0.0,0.0,0,1,1,0,1,0
MLI,903002,2021,903,2,2,1,2,1,0,0,1,1,0,0,1,0,0,0,0,4,3,0,0,0,0,0,0,0,0.45000000298023224,1.0,0.0,0.0,0.0,3.0,0,1,0,0,0,0
MLI,903003,2021,903,3,2,1,2,1,0,0,0,0,0,0,1,0,0,0,0,4,3,0,0,0,0,0,0,0,0.2357044219970703,,,,,,0,1,1,0,0,0
MLI,903004,2021,903,4,2,1,2,1,0,0,0,0,0,0,0,0,0,0,0,4,5,0,0,0,0,0,0,0,0.17000000178813934,2.0,0.0,0.0,0.0,0.0,0,1,1,0,0,0
MLI,903005,2021,903,5,2,1,2,1,0,0,1,1,0,0,0,0,0,0,0,4,5,0,0,0,0,0,0,0,,,,,,,0,1,1,0,0,0
MLI,903006,2021,903,6,2,1,2,1,0,0,0,0,0,0,1,0,0,0,0,4,3,1,0,0,0,0,1,0,1.3219000101089478,2.0,0.0,0.0,0.0,8.0,0,1,1,0,0,0
MLI,903007,2021,903,7,2,1,2,1,0,0,0,0,0,0,0,0,0,0,0,4,5,0,0,0,0,0,0,0,0.2921999990940094,0.0,0.0,0.0,0.0,10.0,0,0,1,0,0,0
MLI,903008,2021,903,8,2,1,1,1,0,0,0,0,0,0,1,0,0,0,0,4,3,1,0,0,0,0,0,0,0.30970001220703125,4.0,0.0,0.0,0.0,15.0,0,1,1,0,0,0
MLI,903009,2021,903,9,2,1,2,1,0,0,0,0,0,0,0,1,0,0,0,4,5,0,0,0,0,0,0,0,0.3472000062465668,0.0,0.0,0.0,0.0,2.0,0,1,1,0,0,0
MLI,903010,2021,903,10,2,1,2,1,0,0,1,1,0,0,1,0,0,1,0,4,3,0,0,0,0,0,0,0,0.28999999910593033,2.0,4.0,0.0,0.0,0.0,0,1,1,1,0,0
MLI,903011,2021,903,11,2,1,2,1,0,0,1,1,0,0,0,1,0,0,0,4,5,0,0,0,0,0,0,0,0.5799999833106995,0.0,2.0,0.0,0.0,0.0,0,0,0,0,0,0
MLI,903012,2021,903,12,2,1,1,1,0,0,1,1,0,0,1,1,0,0,0,4,3,0,0,0,0,0,0,0,0.9329000115394592,11.0,4.0,0.0,0.0,10.0,0,1,1,1,0,0
MLI,905001,2021,905,1,1,1,2,1,0,0,1,1,0,0,1,0,0,0,0,4,3,0,0,0,0,0,0,0,0.6852375268936157,2.0,17.0,0.0,0.0,0.0,0,1,1,0,1,0
MLI,905002,2021,905,2,1,1,2,1,0,1,1,1,0,0,1,0,0,0,0,4,3,1,0,1,0,0,1,0,,6.0,14.0,0.0,0.0,8.0,0,1,1,0,1,0
MLI,905003,2021,905,3,1,1,2,1,0,0,0,0,0,0,1,0,0,0,0,4,3,1,0,0,0,0,1,0,,10.0,19.0,0.0,0.0,1.0,0,0,1,1,1,0
MLI,905004,2021,905,4,1,1,2,1,0,1,1,1,0,0,1,0,0,0,0,4,3,1,0,0,0,0,1,0,0.5359658896923065,,,,,,0,1,1,0,1,0
MLI,905005,2021,905,5,1,1,2,1,0,0,1,1,0,0,0,0,0,0,0,4,5,0,0,0,0,0,0,0,1.3463447093963623,,,,,,0,1,0,1,1,0
MLI,905006,2021,905,6,1,1,2,1,0,0,1,1,0,0,1,0,0,0,0,4,3,0,0,0,0,0,0,0,1.0783326625823975,0.0,5.0,0.0,0.0,6.0,0,1,1,1,1,0
MLI,905007,2021,905,7,1,1,4,1,0,0,0,0,0,0,1,0,0,0,0,4,3,0,0,1,0,0,0,0,,,,,,,1,1,1,1,1,0
MLI,905008,2021,905,8,1,1,2,1,0,0,0,0,0,0,0,0,0,0,0,4,5,0,0,0,0,0,0,0,0.8254918456077576,1.0,8.0,0.0,0.0,4.0,0,1,1,0,1,0
MLI,905009,2021,905,9,1,1,1,1,0,0,1,1,0,0,1,1,0,0,0,4,3,0,0,0,0,0,0,0,1.155390977859497,0.0,8.0,0.0,0.0,0.0,0,1,0,0,0,0
MLI,905010,2021,905,10,1,1,2,1,0,0,1,1,0,0,0,1,0,0,0,4,5,0,0,0,0,0,0,0,6.010844945907593,8.0,11.0,0.0,0.0,0.0,0,1,0,0,1,0
MLI,905011,2021,905,11,1,1,2,1,0,0,0,1,0,0,0,1,0,1,0,4,5,0,0,0,0,0,0,0,3.7327531576156616,2.0,15.0,0.0,0.0,12.0,0,1,1,0,1,0
MLI,905012,2021,905,12,1,1,1,1,0,0,1,0,0,0,1,1,0,0,0,4,3,1,0,0,0,0,1,0,,0.0,5.0,0.0,0.0,0.0,0,0,0,0,1,0
MLI,907001,2021,907,1,1,1,1,1,0,0,1,1,0,0,0,0,0,0,0,4,5,0,0,0,0,0,0,0,1.4197070598602295,0.0,3.0,0.0,0.0,2.0,0,1,0,0,0,0
MLI,907002,2021,907,2,1,1,1,1,0,0,1,1,0,0,1,0,0,0,0,4,3,1,0,0,0,0,1,0,1.881895899772644,5.0,5.0,0.0,0.0,20.0,0,1,0,0,0,0
MLI,907003,2021,907,3,1,1,1,1,0,0,1,1,0,0,0,0,0,0,0,4,5,0,0,0,0,0,0,0,0.1401541531085968,2.0,3.0,0.0,0.0,1.0,0,1,0,0,0,0
MLI,907004,2021,907,4,1,1,1,1,0,0,0,0,0,0,0,0,0,0,0,4,5,1,0,0,0,0,1,0,0.7691068947315216,5.0,0.0,0.0,0.0,7.0,0,1,0,0,0,0
MLI,907005,2021,907,5,1,1,2,1,0,0,0,0,0,0,0,0,0,0,0,4,5,0,0,0,0,0,0,0,1.3214658498764038,16.0,5.0,0.0,0.0,0.0,1,1,1,1,0,0
MLI,907006,2021,907,6,1,1,2,1,0,0,0,0,0,0,0,0,0,0,0,4,5,0,0,0,0,0,0,0,0.8947862982749939,1.0,0.0,0.0,0.0,6.0,0,1,1,1,0,0
MLI,907007,2021,907,7,1,1,2,1,0,0,0,1,0,0,0,0,0,0,0,4,5,0,0,0,0,0,0,0,0.6060315370559692,0.0,2.0,0.0,0.0,4.0,0,1,1,1,0,0
MLI,907008,2021,907,8,1,1,2,1,0,0,1,1,0,0,0,0,0,0,0,4,5,0,0,0,0,0,0,0,0.6742407083511353,3.0,0.0,0.0,0.0,0.0,0,1,1,0,0,0
MLI,907009,2021,907,9,1,1,1,1,0,0,1,1,0,0,0,1,0,0,0,4,5,0,0,0,0,0,0,0,,12.0,9.0,0.0,0.0,0.0,0,1,1,0,0,0
MLI,907010,2021,907,10,1,1,1,1,0,0,1,0,0,0,0,1,0,0,0,4,5,0,0,0,0,0,0,0,,4.0,0.0,0.0,0.0,0.0,0,0,0,0,0,0
MLI,907011,2021,907,11,1,1,1,1,0,0,0,0,0,0,0,1,0,0,0,4,5,0,0,0,0,0,0,0,1.6840449571609497,,,,,,0,1,0,0,0,0
MLI,907012,2021,907,12,1,1,1,1,0,0,0,0,0,0,0,1,0,0,0,4,4,0,0,0,0,0,0,0,2.060743361711502,,,,,,1,0,0,0,0,0
MLI,910001,2021,910,1,2,1,1,1,1,1,1,1,1,1,0,1,0,0,0,1,1,1,0,0,0,0,1,0,,,,,,,1,0,1,0,0,0
MLI,910002,2021,910,2,2,1,1,1,0,0,1,1,1,1,0,1,0,0,0,1,1,1,0,0,0,0,1,0,,,,,,,0,0,1,0,0,0
MLI,910003,2021,910,3,2,1,1,1,0,1,1,1,1,1,0,1,0,0,0,1,1,1,0,1,0,0,1,0,,,,,,,0,0,1,0,0,0
MLI,910004,2021,910,4,2,1,4,1,0,0,1,1,1,1,0,0,0,0,0,1,1,1,0,1,0,0,1,0,,0.0,13.0,0.0,0.0,0.0,0,0,1,0,0,0
MLI,910005,2021,910,5,2,1,3,1,0,1,1,1,0,1,0,1,1,0,0,2,1,1,0,0,0,0,1,0,,,,,,,0,0,0,0,0,0
MLI,910006,2021,910,6,2,2,3,1,0,0,1,1,1,1,0,1,0,0,0,1,1,1,0,0,0,0,1,0,,,,,,,0,0,1,0,1,0
MLI,910007,2021,910,7,2,1,1,1,1,1,1,1,0,1,0,1,0,0,0,2,1,1,0,0,0,0,1,0,,0.0,8.0,0.0,0.0,0.0,0,0,0,1,0,0
MLI,910008,2021,910,8,2,1,4,0,0,0,1,1,0,1,0,1,0,0,0,2,1,0,0,0,0,0,0,0,,0.0,9.0,0.0,0.0,0.0,0,0,0,1,1,0
MLI,910009,2021,910,9,2,1,3,1,0,1,1,1,0,0,0,1,1,1,0,4,6,0,0,0,0,0,0,0,,,,,,,0,0,0,0,0,0
MLI,910010,2021,910,10,2,1,2,1,0,1,1,1,1,1,0,1,1,1,0,1,1,1,0,1,0,0,1,0,,,,,,,0,0,1,0,0,0
MLI,910011,2021,910,11,2,1,1,1,1,1,1,1,1,1,0,1,1,1,0,1,1,1,1,1,0,0,1,1,,,,,,,0,0,0,0,0,0
MLI,910012,2021,910,12,2,1,1,1,0,1,0,1,1,1,0,1,1,1,0,1,1,1,0,1,0,0,1,0,,,,,,,0,0,1,0,0,0
MLI,914001,2021,914,1,1,2,1,1,0,0,1,1,1,1,0,1,0,0,0,1,1,1,0,1,0,0,1,0,,,,,,,1,0,0,0,0,0
MLI,914002,2021,914,2,1,1,1,1,0,1,1,1,1,1,0,1,0,0,0,1,1,1,0,0,0,0,0,0,,,,,,,0,0,0,0,1,0
MLI,914003,2021,914,3,1,1,1,1,0,1,1,1,1,1,0,1,0,0,0,1,1,1,0,1,0,0,1,1,,,,,,,1,0,0,0,0,0
MLI,914004,2021,914,4,1,1,1,1,0,1,1,1,1,1,0,1,0,1,0,1,1,1,0,1,0,0,1,0,,,,,,,0,0,0,0,0,0
MLI,914005,2021,914,5,1,1,1,1,1,1,1,1,1,1,0,1,0,0,0,1,1,1,0,1,0,0,1,1,,,,,,,0,0,0,0,0,0
MLI,914006,2021,914,6,1,2,3,1,0,1,1,1,1,1,0,1,0,1,0,1,1,1,0,0,0,0,1,0,,,,,,,1,0,0,1,0,0
MLI,914007,2021,914,7,1,1,3,1,0,0,1,1,1,1,0,1,0,0,0,1,1,1,0,0,0,0,0,0,,,,,,,1,0,0,0,0,1
MLI,914008,2021,914,8,1,1,3,1,0,1,1,1,1,1,0,1,0,0,0,1,1,1,0,1,0,0,1,0,,,,,,,1,0,1,0,0,0
MLI,914009,2021,914,9,1,1,1,1,0,0,1,1,1,1,0,1,0,0,0,1,1,0,0,1,0,0,0,0,0.30000000447034836,0.0,4.0,0.0,0.0,4.0,1,1,1,0,0,0
MLI,914010,2021,914,10,1,1,1,1,0,0,1,1,1,1,0,1,0,0,0,1,1,1,0,0,0,0,1,0,,0.0,6.0,0.0,0.0,0.0,0,1,0,1,0,0
MLI,914011,2021,914,11,1,1,3,1,0,0,1,1,1,1,0,1,0,1,0,1,1,1,0,1,0,0,1,1,,,,,,,0,0,0,0,0,0
MLI,914012,2021,914,12,1,1,1,1,0,0,1,1,1,1,0,1,0,0,0,1,1,1,0,1,0,0,1,0,,,,,,,0,0,0,0,0,0
MLI,916001,2021,916,1,2,1,3,1,0,1,1,1,1,1,0,1,0,1,0,1,1,1,0,0,0,1,0,0,,,,,,,0,0,0,1,1,0
MLI,916002,2021,916,2,2,2,4,1,0,0,1,1,0,0,0,1,0,1,0,4,5,0,0,0,0,0,0,0,,0.0,4.0,0.0,0.0,0.0,0,0,1,0,0,0
MLI,916003,2021,916,3,2,1,1,1,0,1,1,1,0,0,0,0,0,1,0,4,5,0,0,0,0,0,0,0,,,,,,,0,0,1,0,1,0
MLI,916004,2021,916,4,2,2,3,1,0,0,1,1,0,1,0,1,0,1,0,2,1,1,0,0,0,0,1,0,,,,,,,0,0,0,1,0,1
MLI,916005,2021,916,5,2,1,2,1,0,0,1,1,0,0,0,1,0,0,0,4,5,0,0,0,0,0,0,0,,0.0,2.0,0.0,0.0,0.0,1,0,1,1,1,0
MLI,916006,2021,916,6,2,1,1,1,0,1,1,1,0,0,1,0,0,1,0,4,3,1,0,0,0,0,1,0,,0.0,2.0,0.0,0.0,0.0,0,0,1,1,1,0
MLI,916007,2021,916,7,2,2,1,1,1,1,1,1,0,0,0,0,0,1,0,4,5,0,0,0,0,0,0,0,,,,,,,1,0,1,0,1,0
MLI,916008,2021,916,8,2,2,4,1,0,0,1,1,0,0,1,0,0,0,0,4,3,0,0,0,0,0,0,0,,,,,,,1,0,1,0,1,0
MLI,916009,2021,916,9,2,2,1,1,0,1,1,1,0,0,1,1,0,1,0,4,3,1,0,1,0,0,0,0,,,,,,,1,0,1,0,1,0
MLI,916010,2021,916,10,2,1,4,0,0,0,1,1,0,0,0,1,0,0,0,4,5,0,0,0,0,0,0,0,,,,,,,0,0,1,0,0,0
MLI,916011,2021,916,11,2,2,4,1,0,1,1,1,0,0,0,0,0,0,0,4,5,0,0,0,0,0,0,0,,0.0,5.0,0.0,0.0,0.0,1,0,1,1,1,0
MLI,916012,2021,916,12,2,2,2,0,0,0,1,1,0,0,0,0,0,0,0,4,5,0,0,0,0,0,0,0,,0.0,4.0,0.0,0.0,0.0,0,0,1,0,0,0
MLI,917001,2021,917,1,1,1,2,1,0,0,0,0,0,0,1,0,0,0,0,4,3,0,0,0,0,0,0,0,0.0,0.0,4.0,0.0,0.0,6.0,0,0,0,0,0,0
MLI,917002,2021,917,2,1,1,2,1,0,0,0,0,0,0,1,0,0,0,0,4,3,0,0,0,0,0,0,0,0.0,6.0,9.0,0.0,0.0,4.0,0,0,0,0,0,0
MLI,917003,2021,917,3,1,1,2,1,0,0,0,0,0,0,0,0,0,0,0,4,6,0,0,0,0,0,0,0,0.0,2.0,12.0,0.0,0.0,0.0,0,0,0,0,0,0
MLI,917004,2021,917,4,1,1,4,0,0,0,0,0,0,0,0,0,0,0,0,4,6,0,0,0,0,0,0,0,,0.0,1.0,0.0,0.0,2.0,0,0,1,0,0,0
MLI,917005,2021,917,5,1,1,2,1,0,0,0,0,0,0,0,0,0,0,0,4,5,0,0,0,0,0,0,0,0.6628099828958511,7.0,10.0,0.0,0.0,0.0,0,1,0,0,0,0
MLI,917006,2021,917,6,1,1,2,1,0,0,0,0,0,0,0,0,0,0,0,4,5,0,0,0,0,0,0,0,,4.0,0.0,0.0,0.0,0.0,0,0,0,0,0,0
MLI,917007,2021,917,7,1,1,2,1,0,0,0,0,0,0,0,0,0,0,0,4,5,0,0,0,0,0,0,0,1.6273923516273499,4.0,0.0,0.0,0.0,0.0,0,1,0,0,0,0
MLI,917008,2021,917,8,1,2,2,1,0,0,0,0,0,0,1,0,0,0,0,4,3,0,0,0,0,0,0,0,0.17839890718460083,3.0,0.0,0.0,0.0,0.0,1,1,1,0,0,0
MLI,917009,2021,917,9,1,1,2,1,0,0,0,0,0,0,0,0,0,0,0,4,5,0,0,0,0,0,0,0,,8.0,20.0,0.0,0.0,0.0,1,1,0,0,0,0
MLI,917010,2021,917,10,1,1,2,1,0,0,0,0,0,0,0,0,0,0,0,4,5,0,0,0,0,0,0,0,0.48401394486427307,5.0,8.0,0.0,0.0,2.0,1,1,1,0,0,0
MLI,917011,2021,917,11,1,1,2,1,0,0,0,0,0,0,0,0,0,0,0,4,5,0,0,0,0,0,0,0,0.8428300619125366,4.0,14.0,0.0,0.0,7.0,0,1,1,0,0,0
MLI,917012,2021,917,12,1,1,2,1,0,0,0,0,0,0,0,0,0,0,0,4,5,0,0,0,0,0,0,0,0.21235738694667816,0.0,3.0,0.0,0.0,1.0,0,1,1,1,0,0
MLI,918001,2021,918,1,2,2,1,1,0,0,1,1,0,1,0,0,0,0,0,4,1,1,0,0,0,0,1,0,,0.0,9.0,0.0,0.0,0.0,0,0,1,0,0,0
MLI,918002,2021,918,2,2,1,3,1,0,0,1,1,0,1,0,1,0,0,0,2,1,0,0,0,0,0,0,0,,,,,,,1,0,1,0,0,0
MLI,918003,2021,918,3,2,1,1,1,1,0,1,1,1,1,0,1,0,0,0,1,1,1,0,1,0,0,1,0,,0.0,8.0,0.0,0.0,0.0,1,0,1,0,0,0
MLI,918004,2021,918,4,2,1,3,1,0,0,1,1,1,1,0,1,0,0,0,1,1,1,0,1,0,0,0,0,,0.0,5.0,0.0,0.0,4.0,0,0,1,0,0,0
MLI,918005,2021,918,5,2,1,1,1,0,1,1,1,1,1,0,1,0,0,0,1,1,1,0,1,0,0,1,0,,,,,,,0,0,1,0,0,0
MLI,918006,2021,918,6,2,1,3,1,0,0,1,1,0,1,0,1,0,0,0,2,1,0,0,1,0,0,0,0,,,,,,,0,0,1,1,1,0
MLI,918007,2021,918,7,2,1,1,1,0,0,1,1,1,1,0,1,0,0,0,1,1,0,0,1,0,0,0,0,,0.0,6.0,0.0,0.0,12.0,0,0,1,0,0,0
MLI,918008,2021,918,8,2,1,1,1,0,1,1,1,1,1,0,0,0,0,0,1,1,1,0,0,0,0,1,0,,,,,,,0,0,1,1,0,0
MLI,918009,2021,918,9,2,1,4,1,0,1,1,1,1,1,0,1,1,1,0,1,1,1,1,1,0,0,1,0,,,,,,,0,0,1,0,0,0
MLI,918010,2021,918,10,2,2,4,1,0,0,1,1,0,1,0,1,1,1,0,2,1,1,0,0,0,0,1,0,,,,,,,0,0,0,0,0,0
MLI,918011,2021,918,11,2,1,3,1,0,1,1,1,1,1,0,0,1,1,0,1,1,1,0,0,0,0,1,0,,,,,,,0,0,1,0,0,0
MLI,918012,2021,918,12,2,1,4,1,1,0,1,1,1,1,0,0,1,1,0,1,1,0,0,0,0,0,0,0,,,,,,,1,0,0,0,0,0
MLI,922001,2021,922,1,1,1,3,1,0,1,0,0,0,0,0,1,0,0,0,4,5,0,0,0,0,0,0,0,,,,,,,1,0,1,0,1,0
MLI,922002,2021,922,2,1,2,1,1,0,1,1,1,0,0,0,0,0,0,0,4,5,0,0,0,0,0,0,0,,,,,,,0,0,1,0,1,0
MLI,922003,2021,922,3,1,1,1,1,0,1,1,1,1,1,0,1,0,0,0,1,1,1,0,1,0,0,1,0,,,,,,,0,0,1,0,1,0
MLI,922004,2021,922,4,1,2,4,0,0,0,1,1,0,0,1,0,0,0,0,2,2,1,0,0,0,0,1,0,,,,,,,0,0,1,0,0,0
MLI,922005,2021,922,5,1,1,4,0,0,0,1,1,0,0,0,0,0,0,0,4,5,0,0,0,0,0,0,0,,2.0,3.0,0.0,0.0,0.0,1,0,0,1,1,0
MLI,922006,2021,922,6,1,2,3,1,0,1,1,1,0,0,1,0,1,0,0,4,3,1,0,0,0,0,0,0,,,,,,,0,1,0,1,1,0
MLI,922007,2021,922,7,1,2,1,1,0,1,1,1,0,1,0,0,0,0,0,2,1,0,0,1,0,0,0,0,,4.0,0.0,0.0,0.0,0.0,0,1,0,1,1,0
MLI,922008,2021,922,8,1,1,4,1,0,0,1,1,0,0,0,0,0,0,0,4,5,0,0,0,0,0,0,0,,4.0,5.0,0.0,0.0,0.0,1,0,0,1,1,0
MLI,922009,2021,922,9,1,2,4,0,0,0,1,1,0,0,0,0,0,0,0,4,5,0,0,0,0,0,0,0,,,,,,,0,0,1,0,0,0
MLI,922010,2021,922,10,1,2,4,0,0,0,1,1,0,0,0,0,0,0,0,4,5,0,0,0,0,0,0,0,,,,,,,0,0,1,0,1,0
MLI,922011,2021,922,11,1,1,4,0,0,0,1,1,0,0,0,0,0,0,0,4,4,0,0,0,0,0,0,0,,,,,,,0,0,0,0,0,0
MLI,922012,2021,922,12,1,1,4,0,0,0,1,1,0,0,0,0,0,0,0,4,5,0,0,0,0,0,0,0,,,,,,,0,0,0,0,0,0
MLI,923001,2021,923,1,2,1,3,1,0,1,1,1,1,1,0,1,0,1,0,1,1,1,0,1,0,1,0,0,,,,,,,0,0,1,0,1,0
MLI,923002,2021,923,2,2,2,3,1,0,1,1,1,1,1,0,1,0,1,0,1,1,1,0,1,0,0,1,0,,,,,,,0,0,0,1,0,0
MLI,923003,2021,923,3,2,1,1,1,0,1,1,1,1,1,0,0,0,1,0,1,1,1,0,1,0,0,0,0,,0.0,12.0,0.0,0.0,0.0,1,0,1,0,1,0
MLI,923004,2021,923,4,2,1,3,1,1,1,1,1,1,1,0,1,0,0,0,1,1,1,0,1,0,1,0,1,,0.0,2.0,0.0,0.0,0.0,0,0,1,0,1,0
MLI,923005,2021,923,5,2,1,2,1,0,1,1,1,1,1,0,0,0,1,0,1,1,1,0,1,0,0,1,0,,1.0,4.0,0.0,0.0,0.0,1,1,1,1,1,0
MLI,923006,2021,923,6,2,1,1,1,0,0,1,1,0,0,0,0,0,0,0,4,5,0,0,0,0,0,0,0,,0.0,9.0,0.0,0.0,3.0,1,0,1,1,1,0
MLI,923007,2021,923,7,2,1,3,1,0,1,1,1,1,1,0,1,0,1,0,1,1,1,0,0,0,0,0,0,,,,,,,0,0,1,1,1,0
MLI,923008,2021,923,8,2,2,3,1,0,1,1,1,1,1,0,0,0,1,0,1,1,0,0,0,0,0,0,0,,,,,,,0,0,1,1,1,0
MLI,923009,2021,923,9,2,1,1,1,0,1,1,1,1,1,0,1,0,1,1,1,1,1,1,1,0,0,1,0,,2.0,9.0,0.0,0.0,0.0,0,0,0,0,0,0
MLI,923010,2021,923,10,2,1,1,1,0,1,1,1,1,1,0,0,0,0,0,1,1,0,0,0,0,0,0,0,,9.0,15.0,0.0,0.0,0.0,0,0,1,0,1,0
MLI,923011,2021,923,11,2,2,4,1,0,0,1,1,0,0,0,0,0,1,0,4,5,0,0,0,0,0,0,0,,,,,,,1,0,1,0,1,0
MLI,923012,2021,923,12,2,2,3,1,0,1,1,1,1,1,0,1,0,1,0,1,1,1,0,0,0,0,0,0,,1.0,3.0,0.0,0.0,0.0,0,1,1,0,0,0
MLI,924001,2021,924,1,2,1,2,1,0,0,1,1,0,0,1,0,0,0,0,4,3,0,0,0,0,0,0,0,,4.0,15.0,0.0,0.0,1.0,1,1,1,0,1,0
MLI,924002,2021,924,2,2,1,2,1,0,0,0,0,0,0,1,0,0,0,0,4,3,0,0,0,0,0,0,0,1.149999976158142,3.0,2.0,0.0,0.0,2.0,0,1,1,1,0,0
MLI,924003,2021,924,3,2,1,2,1,0,0,1,1,0,0,0,0,0,0,0,4,5,0,0,0,0,0,0,0,,3.0,0.0,0.0,0.0,0.0,0,0,1,1,0,0
MLI,924004,2021,924,4,2,1,2,1,0,0,0,1,0,0,0,0,0,0,0,4,5,0,0,0,0,0,0,0,0.7100000083446503,0.0,10.0,0.0,0.0,4.0,0,1,1,0,0,0
MLI,924005,2021,924,5,2,2,2,1,0,0,0,0,0,0,0,0,0,0,0,4,6,0,0,0,0,0,0,0,1.0398986339569092,0.0,6.0,0.0,0.0,4.0,1,1,0,1,0,0
MLI,924006,2021,924,6,2,1,2,1,0,0,1,1,0,0,1,0,0,0,0,4,2,0,0,0,0,0,0,0,6.729499995708466,8.0,5.0,0.0,0.0,0.0,0,0,0,0,0,0
MLI,924007,2021,924,7,2,1,2,1,0,0,1,1,0,0,1,0,0,0,0,4,3,0,0,0,0,0,0,0,,0.0,6.0,0.0,0.0,0.0,0,0,1,1,0,0
MLI,924008,2021,924,8,2,1,2,1,0,0,0,0,0,0,1,0,0,0,0,4,3,0,0,0,0,0,0,0,3.7829999923706055,4.0,0.0,0.0,0.0,8.0,0,1,1,1,0,0
MLI,924009,2021,924,9,2,1,4,1,0,0,0,0,0,0,0,1,0,1,0,4,6,0,0,0,0,0,0,0,0.7454000115394592,,,,,,0,0,0,0,0,0
MLI,924010,2021,924,10,2,1,1,1,0,0,1,1,0,0,0,0,0,0,0,4,5,0,0,0,0,0,0,0,,0.0,2.0,0.0,0.0,0.0,0,0,0,0,0,0
MLI,924011,2021,924,11,2,1,2,1,0,0,0,0,0,0,0,0,0,0,0,4,5,0,0,0,0,0,0,0,4.211417883634567,0.0,9.0,0.0,0.0,0.0,0,1,0,0,0,0
MLI,924012,2021,924,12,2,1,2,1,0,0,0,0,0,0,0,1,1,1,0,4,5,0,0,0,0,0,0,0,,1.0,0.0,0.0,0.0,0.0,0,0,0,0,0,0
MLI,927001,2021,927,1,1,1,1,1,0,1,1,1,0,1,0,1,0,0,0,2,1,1,0,0,0,0,1,0,,,,,,,0,1,1,0,0,0
MLI,927002,2021,927,2,1,1,1,1,0,1,1,1,1,1,0,0,0,0,0,1,1,1,0,0,0,0,1,0,,0.0,5.0,0.0,0.0,0.0,0,0,1,1,0,0
MLI,927003,2021,927,3,1,1,1,1,0,1,1,1,0,0,0,0,0,0,0,4,5,0,0,0,0,0,0,0,,,,,,,1,0,1,1,0,0
MLI,927004,2021,927,4,1,2,1,1,0,0,1,1,1,1,0,1,0,0,0,1,1,1,0,1,0,0,1,0,,,,,,,1,0,1,0,0,0
MLI,927005,2021,927,5,1,1,4,1,0,0,1,1,1,1,0,1,0,0,0,1,1,0,0,0,0,0,0,0,,0.0,2.0,0.0,0.0,0.0,0,1,1,1,1,0
MLI,927006,2021,927,6,1,1,4,1,0,0,1,1,0,1,0,1,0,0,0,4,1,0,0,0,0,0,0,0,,0.0,10.0,0.0,0.0,3.0,1,0,1,1,0,0
MLI,927007,2021,927,7,1,2,3,1,0,1,1,1,1,1,0,1,0,0,0,1,1,1,0,1,0,0,1,0,,2.0,12.0,0.0,0.0,6.0,0,0,1,1,1,0
MLI,927008,2021,927,8,1,1,4,1,0,0,1,1,1,1,0,1,0,0,0,1,1,1,0,1,0,0,1,0,,3.0,2.0,0.0,0.0,0.0,1,0,1,1,1,0
MLI,927009,2021,927,9,1,1,1,1,0,1,1,1,1,1,0,1,1,1,0,1,1,1,0,0,0,0,0,0,,12.0,5.0,0.0,0.0,0.0,0,0,0,0,0,0
MLI,927010,2021,927,10,1,1,1,1,0,0,1,1,1,1,0,1,0,0,0,1,1,1,0,0,0,0,1,0,,0.0,3.0,0.0,0.0,0.0,0,0,0,0,0,0
MLI,927011,2021,927,11,1,1,3,1,0,0,1,1,0,1,0,1,0,0,0,2,1,1,0,0,0,0,1,0,0.4684254825115204,,,,,,0,0,0,0,0,0
MLI,927012,2021,927,12,1,1,4,0,0,0,1,1,0,0,0,0,0,0,0,4,5,0,0,0,0,0,0,0,,,,,,,0,0,0,0,0,0
MLI,929001,2021,929,1,2,1,2,1,0,0,1,1,0,0,1,0,0,0,0,4,3,0,0,0,0,0,0,0,,5.0,4.0,0.0,0.0,0.0,0,1,1,0,0,0
MLI,929002,2021,929,2,2,1,2,1,0,0,1,1,0,0,0,0,0,0,0,4,5,0,0,0,0,0,0,0,,5.0,4.0,0.0,0.0,0.0,0,1,1,0,0,0
MLI,929003,2021,929,3,2,1,2,1,0,0,1,1,0,0,0,0,0,0,0,4,5,0,0,0,0,0,0,0,,3.0,8.0,0.0,0.0,0.0,0,1,1,0,1,0
MLI,929004,2021,929,4,2,1,1,1,0,0,1,1,0,0,0,0,0,0,0,4,5,1,0,0,0,0,0,0,1.3295999765396118,32.0,35.0,0.0,0.0,0.0,0,1,1,0,0,0
MLI,929005,2021,929,5,2,1,2,1,0,0,1,1,0,0,0,0,0,0,0,4,5,0,0,0,0,0,0,0,0.6686000227928162,5.0,0.0,0.0,0.0,0.0,0,1,1,0,0,0
MLI,929006,2021,929,6,2,1,2,1,0,0,1,1,0,0,0,0,0,0,0,4,7,0,0,0,0,0,0,0,1.1203999519348145,5.0,10.0,0.0,0.0,4.0,1,1,1,0,0,0
MLI,929007,2021,929,7,2,1,2,0,0,0,0,0,0,0,0,0,0,0,0,4,5,0,0,0,0,0,0,0,0.10000000149011612,,,,,,0,1,1,1,0,0
MLI,929008,2021,929,8,2,1,2,0,0,0,1,1,0,0,0,0,0,0,0,4,5,0,0,0,0,0,0,0,0.41440001130104065,5.0,0.0,0.0,0.0,0.0,1,1,1,1,1,0
MLI,929009,2021,929,9,2,1,2,1,0,0,0,0,0,0,0,0,0,0,0,4,5,0,0,0,0,0,0,0,,0.0,5.0,0.0,0.0,0.0,0,1,1,0,0,0
MLI,929010,2021,929,10,2,1,2,1,0,0,1,1,0,0,0,1,0,0,0,4,5,0,0,0,0,0,0,0,0.3025999963283539,,,,,,0,1,1,0,0,0
MLI,929011,2021,929,11,2,1,2,1,0,0,0,0,0,0,0,0,0,0,0,4,5,0,0,0,0,0,0,0,2.6117000579833984,41.0,35.0,0.0,0.0,0.0,0,1,1,0,0,0
MLI,929012,2021,929,12,2,2,2,1,0,0,0,0,0,0,0,0,0,0,0,4,5,0,0,0,0,0,0,0,0.413100004196167,0.0,0.0,0.0,0.0,4.0,0,1,1,0,0,0
MLI,930001,2021,930,1,1,1,4,1,0,0,0,0,0,0,0,0,0,0,0,4,5,0,0,0,0,0,0,0,,0.0,2.0,0.0,0.0,2.0,1,1,0,0,1,0
MLI,930002,2021,930,2,1,2,2,1,0,0,0,0,0,0,0,0,0,0,0,4,5,0,0,0,0,0,0,0,1.9696406424045563,0.0,2.0,0.0,0.0,2.0,0,1,1,0,1,0
MLI,930003,2021,930,3,1,2,2,1,0,0,0,0,0,0,0,0,0,0,0,4,5,0,0,0,0,0,0,0,1.7696704864501953,0.0,10.0,0.0,0.0,10.0,1,1,1,0,1,0
MLI,930004,2021,930,4,1,2,2,1,0,0,0,0,0,0,0,0,0,0,0,4,5,0,0,0,0,0,0,0,2.6726717948913574,2.0,0.0,0.0,0.0,6.0,1,1,1,1,1,0
MLI,930005,2021,930,5,1,1,2,1,0,0,1,1,0,0,0,0,0,0,0,4,5,0,0,0,0,0,0,0,6.703606367111206,21.0,8.0,0.0,0.0,0.0,1,1,1,1,1,0
MLI,930006,2021,930,6,1,2,2,1,0,0,0,0,0,0,1,1,0,0,0,4,3,0,0,0,0,0,0,0,2.529956817626953,0.0,1.0,0.0,0.0,14.0,0,1,0,0,0,0
MLI,930007,2021,930,7,1,1,1,1,0,0,0,0,0,0,0,0,0,0,0,4,5,0,0,0,0,0,0,0,3.044453501701355,0.0,4.0,0.0,0.0,0.0,1,1,1,0,1,0
MLI,930008,2021,930,8,1,2,2,1,0,0,0,0,0,0,0,0,0,0,0,4,5,0,0,0,0,0,0,0,,,,,,,1,1,1,0,1,0
MLI,930009,2021,930,9,1,2,2,1,0,0,1,1,0,0,0,0,0,0,0,4,5,0,0,0,0,0,0,0,3.149849832057953,,,,,,0,1,1,0,1,0
MLI,930010,2021,930,10,1,1,1,1,0,0,1,1,0,0,0,1,0,0,0,4,5,0,0,0,0,0,0,0,,0.0,6.0,0.0,0.0,0.0,0,1,1,1,0,0
MLI,930011,2021,930,11,1,1,1,1,0,0,1,1,0,0,0,1,0,0,0,4,5,0,0,0,0,0,0,0,2.2850486040115356,0.0,10.0,0.0,0.0,0.0,0,0,0,1,0,0
MLI,930012,2021,930,12,1,1,1,1,0,0,0,0,0,0,0,1,0,1,0,4,5,0,0,0,0,0,0,0,1.5757499933242798,0.0,4.0,0.0,0.0,15.0,0,1,0,0,0,0
MLI,932001,2021,932,1,2,1,2,1,0,0,0,0,0,0,1,0,0,0,0,4,3,0,0,0,0,0,0,0,0.9599571526050568,1.0,0.0,0.0,0.0,10.0,0,1,1,1,0,0
MLI,932002,2021,932,2,2,1,2,1,0,0,0,0,0,0,1,0,0,0,0,4,3,0,0,0,0,0,0,0,,,,,,,0,0,0,1,0,0
MLI,932003,2021,932,3,2,1,2,1,0,0,0,0,0,0,1,0,0,0,0,4,3,1,0,0,0,0,0,0,0.7724738717079163,6.0,9.0,0.0,0.0,3.0,0,1,1,0,0,0
MLI,932004,2021,932,4,2,1,2,1,0,0,1,1,0,0,1,0,0,0,0,4,3,0,0,0,0,0,0,0,1.8700000047683716,5.0,4.0,0.0,0.0,2.0,0,1,1,1,0,0
MLI,932005,2021,932,5,2,1,2,1,0,0,0,0,0,0,0,0,0,0,0,4,5,0,0,0,0,0,0,0,1.508899986743927,0.0,6.0,0.0,0.0,0.0,0,1,0,1,0,0
MLI,932006,2021,932,6,2,1,2,1,0,0,1,1,0,0,0,0,0,0,0,4,5,0,0,0,0,0,0,0,1.8240547180175781,2.0,12.0,0.0,0.0,4.0,0,1,1,1,0,0
MLI,932007,2021,932,7,2,1,2,1,0,0,1,1,0,0,0,0,0,0,0,4,6,0,0,0,0,0,0,0,,0.0,4.0,0.0,0.0,4.0,1,0,1,0,0,0
MLI,932008,2021,932,8,2,1,2,0,0,0,0,0,0,0,0,0,0,0,0,4,6,0,0,0,0,0,0,0,3.40950009226799,0.0,8.0,0.0,0.0,7.0,0,1,1,1,0,0
MLI,932009,2021,932,9,2,1,4,1,0,0,0,0,0,0,1,1,0,0,0,4,3,0,0,0,0,0,0,0,0.9500000029802322,3.0,15.0,0.0,0.0,2.0,0,1,0,0,0,0
MLI,932010,2021,932,10,2,1,2,1,0,0,1,0,0,0,0,1,0,1,0,4,6,0,0,0,0,0,0,0,2.879999987781048,0.0,0.0,0.0,0.0,20.0,0,0,0,0,0,0
MLI,932011,2021,932,11,2,1,4,0,0,0,0,0,0,0,0,1,0,0,0,4,6,0,0,0,0,0,0,0,,0.0,1.0,0.0,0.0,0.0,0,0,0,0,0,0
MLI,932012,2021,932,12,2,1,2,1,0,0,1,1,0,0,0,1,0,0,0,4,6,0,0,0,0,0,0,0,1.5600000023841858,2.0,5.0,0.0,0.0,3.0,0,1,0,1,0,0
MLI,934001,2021,934,1,2,1,4,1,0,0,0,0,0,0,0,0,0,0,0,4,5,0,0,0,0,0,0,0,,,,,,,0,0,1,0,0,0
MLI,934002,2021,934,2,2,1,1,1,0,0,0,0,0,1,0,1,0,0,0,4,1,0,0,0,0,0,0,0,,1.0,0.0,0.0,0.0,0.0,0,0,1,0,0,0
MLI,934003,2021,934,3,2,2,3,1,0,0,0,0,0,1,0,0,0,0,0,4,1,1,0,0,0,0,1,0,,,,,,,0,0,1,0,0,0
MLI,934004,2021,934,4,2,1,3,1,0,0,0,0,1,1,0,1,0,0,0,1,1,1,0,1,0,0,1,0,,,,,,,0,0,1,0,0,0
MLI,934005,2021,934,5,2,2,1,1,0,0,1,1,0,0,0,1,0,0,0,4,5,0,0,0,0,0,0,0,,0.0,2.0,0.0,0.0,0.0,1,0,1,0,0,0
MLI,934006,2021,934,6,2,1,4,1,0,0,1,1,0,0,0,0,0,0,0,4,6,0,0,0,0,0,0,0,,0.0,8.0,0.0,0.0,0.0,1,0,1,0,0,0
MLI,934007,2021,934,7,2,1,3,1,0,0,1,1,0,0,0,1,0,0,0,4,6,0,0,0,0,0,0,0,,0.0,3.0,0.0,0.0,0.0,0,0,0,1,0,0
MLI,934008,2021,934,8,2,1,2,1,0,0,1,1,1,1,0,1,0,0,0,1,1,0,0,0,0,0,0,0,,0.0,5.0,0.0,0.0,0.0,0,0,0,0,0,0
MLI,934009,2021,934,9,2,1,1,1,0,1,1,1,0,0,0,0,1,1,0,4,6,0,0,0,0,0,0,0,,0.0,30.0,0.0,0.0,0.0,0,0,1,0,0,0
MLI,934010,2021,934,10,2,1,3,1,0,0,0,0,0,1,0,1,1,1,0,2,1,0,0,0,0,0,0,0,,0.0,1.0,0.0,0.0,0.0,0,0,0,0,0,0
MLI,934011,2021,934,11,2,1,3,1,0,1,1,1,0,1,0,1,1,1,0,2,1,1,0,0,0,0,1,0,,,,,,,0,0,0,0,0,0
MLI,934012,2021,934,12,2,1,2,1,0,1,1,1,0,1,0,1,1,1,0,2,1,1,0,0,0,0,1,0,,0.0,6.0,0.0,0.0,6.0,1,0,0,0,0,0
MLI,939001,2021,939,1,2,2,2,1,0,0,1,1,0,0,0,0,0,0,0,4,5,0,0,0,0,0,0,0,2.844499945640564,5.0,5.0,0.0,0.0,12.0,0,0,1,0,1,0
MLI,939002,2021,939,2,2,2,2,0,0,0,1,1,0,0,1,0,0,0,0,4,3,0,0,0,0,0,0,0,0.7331660389900208,2.0,0.0,0.0,0.0,0.0,0,0,1,1,0,0
MLI,939003,2021,939,3,2,2,1,1,0,0,1,1,0,0,0,0,0,0,0,4,6,0,0,0,0,0,0,0,3.1527651250362396,9.0,6.0,0.0,0.0,8.0,0,0,1,1,0,0
MLI,939004,2021,939,4,2,1,2,1,0,0,1,1,0,0,0,0,0,0,0,4,5,0,0,0,0,0,0,0,0.6809091567993164,4.0,14.0,0.0,0.0,8.0,0,0,1,1,0,0
MLI,939005,2021,939,5,2,2,2,1,0,0,1,1,0,0,1,0,0,0,0,4,3,0,0,0,0,0,0,0,0.5721604824066162,0.0,4.0,0.0,0.0,5.0,0,1,1,1,1,0
MLI,939006,2021,939,6,2,2,2,1,0,0,1,1,0,0,0,0,0,0,0,4,5,0,0,0,0,0,0,0,0.7370905131101608,,,,,,0,0,1,1,0,0
MLI,939007,2021,939,7,2,2,2,1,0,0,1,1,0,0,1,0,0,0,0,4,3,0,0,0,0,0,0,0,0.6880928874015808,0.0,3.0,0.0,0.0,0.0,0,1,1,1,0,0
MLI,939008,2021,939,8,2,2,4,1,0,0,1,1,0,0,1,0,0,0,0,4,3,0,0,0,0,0,0,0,1.0700472593307495,0.0,7.0,0.0,0.0,0.0,0,1,1,1,0,0
MLI,939009,2021,939,9,2,1,2,1,0,0,1,1,0,0,0,0,0,0,0,4,6,0,0,0,0,0,0,0,0.8681742548942566,,,,,,0,0,0,0,0,0
MLI,939010,2021,939,10,2,1,2,1,0,0,1,1,0,0,0,0,0,1,0,4,5,0,0,0,0,0,0,0,0.7195378839969635,0.0,8.0,0.0,0.0,0.0,0,1,0,0,0,0
MLI,939011,2021,939,11,2,1,2,1,0,0,1,1,0,0,0,0,0,0,0,4,6,0,0,0,0,0,0,0,,0.0,2.0,0.0,0.0,0.0,0,0,0,0,1,0
MLI,939012,2021,939,12,2,1,2,1,0,0,1,1,0,0,0,1,0,1,0,4,6,0,0,0,0,0,0,0,1.0089471340179443,,,,,,1,0,0,0,0,0
MLI,943001,2021,943,1,1,1,2,1,0,0,1,1,0,0,1,0,0,0,0,4,3,0,0,0,0,0,0,0,,,,,,,0,1,1,0,1,0
MLI,943002,2021,943,2,1,1,2,1,0,0,1,1,0,0,1,0,0,0,0,4,3,0,0,0,0,0,0,0,0.6214436888694763,3.0,0.0,0.0,0.0,0.0,0,1,0,1,1,0
MLI,943003,2021,943,3,1,1,1,1,0,0,1,1,0,0,1,0,0,0,0,4,3,0,0,0,0,0,0,0,1.3556140661239624,2.0,9.0,0.0,0.0,0.0,0,1,0,1,1,0
MLI,943004,2021,943,4,1,1,2,1,0,0,1,1,0,0,0,0,0,0,0,4,5,0,0,0,0,0,0,0,2.7349781692028046,1.0,6.0,0.0,0.0,0.0,0,1,0,1,1,0
MLI,943005,2021,943,5,1,1,2,1,0,0,0,0,0,0,0,0,0,0,0,4,5,0,0,0,0,0,0,0,1.6632105112075806,2.0,3.0,0.0,0.0,3.0,1,1,1,1,1,0
MLI,943006,2021,943,6,1,1,2,1,0,0,0,0,0,0,0,0,0,0,0,4,5,0,0,0,0,0,0,0,2.332740306854248,2.0,2.0,0.0,0.0,0.0,0,1,1,1,1,0
MLI,943007,2021,943,7,1,1,4,1,0,0,0,0,0,0,0,0,0,0,0,4,5,0,0,0,0,0,0,0,1.5775142908096313,0.0,0.0,0.0,0.0,6.0,1,1,1,1,1,0
MLI,943008,2021,943,8,1,1,2,1,0,0,1,0,0,0,0,0,0,0,0,4,5,0,0,0,0,0,0,0,1.0331096649169922,0.0,7.0,0.0,0.0,3.0,0,1,1,1,1,0
MLI,943009,2021,943,9,1,1,2,1,0,0,1,1,0,0,1,0,0,0,0,4,3,0,0,0,0,0,0,0,0.8207011818885803,,,,,,1,1,0,1,1,0
MLI,943010,2021,943,10,1,1,2,1,0,0,0,0,0,0,1,1,0,0,0,4,3,0,0,0,0,0,0,0,3.6980475187301636,,,,,,0,1,0,0,1,0
MLI,943011,2021,943,11,1,1,2,1,0,0,1,1,0,0,0,1,0,0,0,4,5,0,0,0,0,0,0,0,,0.0,0.0,0.0,0.0,18.0,1,1,0,0,0,0
MLI,943012,2021,943,12,1,1,2,1,0,0,0,0,0,0,0,1,0,0,0,4,5,0,0,0,0,0,0,0,1.4889389872550964,,,,,,0,1,0,1,0,0
MLI,946001,2021,946,1,1,1,2,1,0,0,1,1,0,0,1,0,0,1,0,4,3,0,0,0,0,0,0,0,0.0,13.0,15.0,0.0,0.0,0.0,0,1,0,0,0,0
MLI,946002,2021,946,2,1,1,2,1,0,0,0,0,0,0,0,1,0,0,0,4,6,0,0,0,0,0,0,0,0.0,2.0,7.0,0.0,0.0,1.0,1,1,0,0,0,0
MLI,946003,2021,946,3,1,1,2,1,0,0,0,0,0,0,0,0,0,1,0,4,6,0,0,0,0,0,0,0,,6.0,3.0,0.0,0.0,0.0,0,0,0,0,0,0
MLI,946004,2021,946,4,1,1,1,1,0,0,1,1,0,0,0,0,0,0,0,4,6,0,0,0,0,0,0,0,0.0,5.0,7.0,0.0,0.0,2.0,1,1,0,0,0,0
MLI,946005,2021,946,5,1,1,2,1,0,0,1,0,0,0,1,0,0,0,0,4,3,1,0,0,0,0,0,0,1.6847156882286072,2.0,4.0,0.0,0.0,4.0,0,1,1,0,0,0
MLI,946006,2021,946,6,1,1,2,1,0,0,0,1,0,0,1,0,0,0,0,4,3,0,0,0,0,0,0,0,0.9306917376816273,10.0,8.0,0.0,0.0,0.0,0,0,0,0,0,0
MLI,946007,2021,946,7,1,1,2,1,0,0,0,0,0,0,0,0,0,0,0,4,5,0,0,0,0,0,0,0,,6.0,12.0,0.0,0.0,0.0,1,0,0,0,0,0
MLI,946008,2021,946,8,1,1,2,1,0,0,0,0,0,0,0,0,0,0,0,4,5,0,0,0,0,0,0,0,,,,,,,0,1,0,0,0,0
MLI,946009,2021,946,9,1,1,2,1,0,0,0,0,0,0,0,0,0,0,0,4,5,0,0,0,0,0,0,0,0.27839890867471695,14.0,10.0,0.0,0.0,0.0,1,1,1,0,0,0
MLI,946010,2021,946,10,1,2,2,1,0,0,0,0,0,0,1,0,0,0,0,4,3,1,0,0,0,0,1,0,0.2678719460964203,4.0,14.0,0.0,0.0,0.0,0,1,1,0,0,0
MLI,946011,2021,946,11,1,1,2,1,0,0,0,0,0,0,0,0,0,0,0,4,5,0,0,0,0,0,0,0,,0.0,4.0,0.0,0.0,0.0,0,1,1,0,0,0
MLI,946012,2021,946,12,1,1,2,1,0,0,0,0,0,0,1,0,0,0,0,4,3,0,0,0,0,0,0,0,1.081526666879654,9.0,18.0,0.0,0.0,5.0,0,1,1,0,0,0
MLI,950001,2021,950,1,2,1,2,1,0,0,0,0,0,0,0,0,0,0,0,4,5,0,0,0,0,0,0,0,0.8372000157833099,8.0,12.0,0.0,0.0,0.0,0,1,1,0,0,0
MLI,950002,2021,950,2,2,1,2,1,0,0,0,0,0,0,0,0,0,0,0,4,5,0,0,0,0,0,0,0,,,,,,,1,0,0,0,0,0
MLI,950003,2021,950,3,2,1,4,1,0,0,0,0,0,0,0,0,0,0,0,4,5,0,0,0,0,0,0,0,,,,,,,0,0,1,0,0,0
MLI,950004,2021,950,4,2,1,2,1,0,0,0,0,0,0,0,0,0,0,0,4,5,0,0,0,0,0,0,0,,14.0,8.0,0.0,0.0,0.0,0,1,1,0,0,0
MLI,950005,2021,950,5,2,1,2,1,0,0,0,0,0,0,0,0,0,0,0,4,5,0,0,0,0,0,0,0,0.5898000001907349,1.0,11.0,0.0,0.0,5.0,0,1,1,1,0,0
MLI,950006,2021,950,6,2,1,2,1,0,0,0,0,0,0,0,0,0,0,0,4,5,0,0,0,0,0,0,0,0.7402000054717064,3.0,5.0,0.0,0.0,3.0,1,1,1,1,1,0
MLI,950007,2021,950,7,2,2,2,1,0,0,0,0,0,0,0,0,0,0,0,4,5,0,0,0,0,0,0,0,0.39810001105070114,8.0,1.0,0.0,0.0,3.0,1,1,1,1,0,0
MLI,950008,2021,950,8,2,1,1,1,0,0,0,0,0,0,0,0,0,0,0,4,5,0,0,0,0,0,0,0,1.6206000223755836,10.0,4.0,0.0,0.0,0.0,0,1,1,0,0,0
MLI,950009,2021,950,9,2,1,2,1,0,0,0,0,0,0,1,1,0,1,0,4,3,0,0,0,0,0,0,0,0.17159999907016754,0.0,20.0,0.0,0.0,0.0,0,1,0,0,0,0
MLI,950010,2021,950,10,2,1,2,1,0,0,0,0,0,0,0,1,0,1,0,4,5,0,0,0,0,0,0,0,1.9217000603675842,10.0,6.0,0.0,0.0,0.0,0,1,1,0,0,0
MLI,950011,2021,950,11,2,1,2,1,0,0,0,0,0,0,0,1,0,0,0,4,5,0,0,0,0,0,0,0,0.7183999940752983,2.0,9.0,0.0,0.0,7.0,0,1,1,0,0,0
MLI,950012,2021,950,12,2,2,2,1,0,0,0,0,0,0,0,0,0,0,0,4,5,0,0,0,0,0,0,0,1.4637000411748886,38.0,25.0,0.0,0.0,0.0,0,1,1,0,0,1
MLI,951001,2021,951,1,1,1,1,1,0,0,1,0,0,0,1,1,0,0,0,4,3,0,0,0,0,0,0,0,0.0,5.0,8.0,0.0,0.0,5.0,0,1,0,0,0,0
MLI,951002,2021,951,2,1,1,2,1,0,0,1,1,0,0,0,0,0,1,0,4,5,0,0,0,0,0,0,0,0.0,2.0,6.0,0.0,0.0,5.0,0,1,0,0,0,0
MLI,951003,2021,951,3,1,1,1,1,0,0,1,1,0,0,1,0,0,1,0,4,3,0,0,0,0,0,0,0,3.6498749256134033,9.0,5.0,0.0,0.0,0.0,0,1,0,0,0,0
MLI,951004,2021,951,4,1,1,4,1,0,0,1,1,0,0,0,0,0,0,1,4,5,0,0,0,0,0,0,0,,18.0,5.0,0.0,0.0,0.0,0,1,0,0,0,0
MLI,951005,2021,951,5,1,2,4,1,0,1,1,1,0,0,0,0,0,1,1,4,5,0,0,0,0,0,0,0,0.2730598524212837,0.0,1.0,0.0,0.0,5.0,0,1,0,0,0,0
MLI,951006,2021,951,6,1,1,2,1,0,0,1,1,0,0,1,0,0,0,0,4,3,0,0,0,0,0,0,0,0.3504675030708313,2.0,10.0,0.0,0.0,10.0,1,1,1,0,0,0
MLI,951007,2021,951,7,1,1,2,1,0,0,1,1,0,0,0,0,0,0,0,4,5,0,0,0,0,0,0,0,0.6628410369157791,1.0,3.0,0.0,0.0,0.0,0,1,0,0,1,0
MLI,951008,2021,951,8,1,1,2,1,0,0,1,1,0,0,1,0,0,0,0,4,3,0,0,0,0,0,0,0,0.15431011468172073,2.0,9.0,0.0,0.0,0.0,0,1,0,0,0,0
MLI,951009,2021,951,9,1,1,2,1,0,0,1,1,0,0,1,0,0,0,0,4,3,0,0,0,0,0,0,0,,0.0,12.0,0.0,0.0,1.0,1,1,1,1,0,0
MLI,951010,2021,951,10,1,1,2,1,0,0,1,1,0,0,0,0,0,0,0,4,5,0,0,0,0,0,0,0,0.7881298661231995,2.0,0.0,0.0,0.0,1.0,0,1,1,0,0,0
MLI,951011,2021,951,11,1,1,2,1,0,0,1,1,0,0,1,0,0,0,0,4,3,0,0,0,0,0,0,0,0.5365891456604004,4.0,0.0,0.0,0.0,2.0,1,1,1,1,0,0
MLI,951012,2021,951,12,1,1,2,1,0,0,1,1,0,0,0,0,0,0,0,4,5,0,0,0,0,0,0,0,1.0119836926460266,3.0,1.0,0.0,0.0,2.0,0,1,1,0,0,0
MLI,952001,2021,952,1,2,1,2,1,0,0,0,0,0,0,0,0,0,0,0,4,5,0,0,0,0,0,0,0,,,,,,,0,0,1,0,1,0
MLI,952002,2021,952,2,2,1,2,1,0,0,0,0,0,0,0,0,0,0,0,4,5,0,0,0,0,0,0,0,0.4301000162959099,,,,,,0,0,1,1,1,0
MLI,952003,2021,952,3,2,1,2,1,0,0,0,0,0,0,0,0,0,0,0,4,5,0,0,0,0,0,0,0,1.1453000158071518,10.0,3.0,0.0,0.0,0.0,0,1,1,0,0,0
MLI,952004,2021,952,4,2,1,2,1,0,0,0,0,0,0,0,0,0,0,0,4,6,0,0,0,0,0,0,0,,,,,,,0,1,1,0,0,0
MLI,952005,2021,952,5,2,1,2,1,0,0,1,1,0,0,0,0,0,0,0,4,5,0,0,0,0,0,0,0,0.34439998865127563,0.0,0.0,0.0,0.0,8.0,1,1,1,0,0,0
MLI,952006,2021,952,6,2,1,2,1,0,0,0,0,0,0,0,0,0,0,0,4,5,0,0,0,0,0,0,0,0.8966000229120255,4.0,3.0,0.0,0.0,0.0,1,1,1,0,0,0
MLI,952007,2021,952,7,2,1,2,1,0,0,0,0,0,0,0,0,0,1,0,4,5,0,0,0,0,0,0,0,1.218400001525879,2.0,4.0,0.0,0.0,0.0,0,1,1,0,1,0
MLI,952008,2021,952,8,2,1,2,1,0,0,0,1,0,0,0,0,0,1,0,4,5,0,0,0,0,0,0,0,0.29875871539115906,5.0,3.0,0.0,0.0,0.0,1,1,1,1,1,0
MLI,952009,2021,952,9,2,1,2,1,0,0,0,0,0,0,0,1,0,0,0,4,5,0,0,0,0,0,0,0,1.3284000158309937,,,,,,0,1,1,0,0,0
MLI,952010,2021,952,10,2,1,2,1,0,0,1,1,0,0,0,1,0,0,0,4,5,0,0,0,0,0,0,0,0.6955999806523323,,,,,,0,1,0,0,0,0
MLI,952011,2021,952,11,2,1,2,1,0,0,0,0,0,0,0,1,0,0,0,4,7,0,0,0,0,0,0,0,,0.0,0.0,0.0,0.0,5.0,0,1,1,0,0,0
MLI,952012,2021,952,12,2,1,2,1,0,0,0,0,0,0,1,1,0,0,0,4,3,0,0,0,0,0,0,0,0.8528000116348267,6.0,25.0,0.0,0.0,10.0,0,1,1,0,0,0
MLI,958001,2021,958,1,2,1,2,1,0,0,0,0,0,0,0,0,0,0,0,4,5,0,0,0,0,0,0,0,,,,,,,0,0,1,1,0,0
MLI,958002,2021,958,2,2,1,2,1,0,0,1,1,0,0,0,0,0,0,0,4,5,0,0,0,0,0,0,0,,0.0,0.0,0.0,0.0,15.0,1,1,1,0,1,0
MLI,958003,2021,958,3,2,1,1,1,0,0,1,1,0,0,0,0,0,0,0,4,5,0,0,0,0,0,0,0,,0.0,7.0,0.0,0.0,5.0,0,1,1,0,0,0
MLI,958004,2021,958,4,2,1,2,1,0,0,1,1,0,0,0,0,0,0,0,4,5,0,0,0,0,0,0,0,,3.0,2.0,0.0,0.0,0.0,0,1,1,0,0,0
MLI,958005,2021,958,5,2,1,2,1,0,0,1,1,0,0,0,0,0,0,0,4,5,0,0,0,0,0,0,0,1.1640000343322754,0.0,2.0,0.0,0.0,5.0,0,1,1,0,0,0
MLI,958006,2021,958,6,2,1,2,1,0,0,1,1,0,0,0,0,0,0,0,4,5,0,0,0,0,0,0,0,0.9839999675750732,0.0,3.0,0.0,0.0,5.0,1,1,1,0,0,0
MLI,958007,2021,958,7,2,1,2,1,0,0,1,1,0,0,0,0,0,0,0,4,5,0,0,0,0,0,0,0,0.009700000286102295,,,,,,1,1,1,0,0,0
MLI,958008,2021,958,8,2,2,2,1,0,0,1,1,0,0,0,0,0,0,0,4,5,0,0,0,0,0,0,0,,0.0,2.0,0.0,0.0,0.0,1,1,0,0,0,0
MLI,958009,2021,958,9,2,1,2,1,0,0,0,0,0,0,0,1,0,0,0,4,5,0,0,0,0,0,0,0,2.5527000427246094,3.0,6.0,0.0,0.0,0.0,0,1,0,0,0,0
MLI,958010,2021,958,10,2,1,2,1,0,0,0,0,0,0,0,1,0,0,0,4,5,0,0,0,0,0,0,0,0.007600000128149986,1.0,6.0,0.0,0.0,5.0,0,1,0,0,0,0
MLI,958011,2021,958,11,2,1,2,1,0,0,1,1,0,0,0,1,0,0,0,4,5,0,0,0,0,0,0,0,0.588699996471405,0.0,15.0,0.0,0.0,0.0,1,1,0,0,0,0
MLI,958012,2021,958,12,2,1,2,1,0,0,0,0,0,0,0,1,0,0,0,4,5,0,0,0,0,0,0,0,,6.0,2.0,0.0,0.0,0.0,0,1,1,0,0,0
MLI,959001,2021,959,1,1,1,1,1,0,0,1,1,0,0,0,0,0,1,0,4,6,0,0,0,0,0,0,0,0.9080739319324493,3.0,10.0,0.0,0.0,4.0,0,1,1,0,0,0
MLI,959002,2021,959,2,1,1,4,1,0,0,1,1,0,0,0,0,0,1,0,4,6,0,0,0,0,0,0,0,0.46579957008361816,1.0,1.0,0.0,0.0,0.0,0,1,0,0,0,0
MLI,959003,2021,959,3,1,1,1,1,0,0,1,1,0,0,0,1,0,0,0,4,5,0,0,0,0,0,0,0,10.974654018878937,7.0,12.0,0.0,0.0,1.0,1,1,0,0,0,0
MLI,959004,2021,959,4,1,1,2,1,0,0,1,1,0,0,0,0,0,0,0,4,6,0,0,0,0,0,0,0,0.849320650100708,3.0,8.0,0.0,0.0,0.0,0,1,0,1,0,0
MLI,959005,2021,959,5,1,1,2,1,0,0,1,1,0,0,0,0,0,0,0,4,5,0,0,0,0,0,0,0,1.052113950252533,0.0,14.0,0.0,0.0,4.0,1,1,1,0,0,0
MLI,959006,2021,959,6,1,1,2,1,0,0,1,1,0,0,0,0,0,1,0,4,5,0,0,0,0,0,0,0,0.7497843727469444,7.0,19.0,0.0,0.0,9.0,1,1,1,1,0,0
MLI,959007,2021,959,7,1,2,2,1,0,0,1,1,0,0,0,0,0,0,0,4,5,0,0,0,0,0,0,0,1.313640147447586,2.0,3.0,0.0,0.0,4.0,0,1,1,0,0,1
MLI,959008,2021,959,8,1,1,2,1,0,0,1,1,0,0,0,0,0,0,0,4,5,0,0,0,0,0,0,0,2.4270498752593994,0.0,17.0,0.0,0.0,8.0,0,1,1,0,0,0
MLI,959009,2021,959,9,1,1,2,1,0,0,1,1,0,0,1,0,0,0,0,4,3,0,0,0,0,0,0,0,0.2937563583254814,0.0,6.0,0.0,0.0,10.0,0,1,1,0,0,0
MLI,959010,2021,959,10,1,1,2,1,0,0,1,1,0,0,1,0,0,0,0,4,3,0,0,0,0,0,0,0,1.9836996793746948,0.0,9.0,0.0,0.0,0.0,0,1,1,0,0,0
MLI,959011,2021,959,11,1,1,2,1,0,0,1,1,0,0,1,0,0,0,0,4,3,0,0,0,0,0,0,0,0.8709828555583954,1.0,6.0,0.0,0.0,2.0,1,1,1,0,0,0
MLI,959012,2021,959,12,1,1,2,1,0,0,0,0,0,0,1,0,0,0,0,4,3,1,0,0,0,0,0,0,1.0996392667293549,10.0,29.0,0.0,0.0,1.0,0,1,1,0,0,0
MLI,961001,2021,961,1,1,1,1,1,0,0,1,1,0,0,0,1,1,0,0,4,5,0,0,0,0,0,0,0,,,,,,,0,0,0,0,0,0
MLI,961002,2021,961,2,1,2,3,1,0,0,1,1,0,0,0,1,1,0,0,4,5,0,0,0,0,0,0,0,,,,,,,0,0,0,0,0,0
MLI,961003,2021,961,3,1,1,1,1,0,0,1,1,0,0,0,1,1,0,0,4,5,0,0,0,0,0,0,0,,3.0,0.0,0.0,0.0,0.0,0,0,0,0,0,0
MLI,961004,2021,961,4,1,1,1,1,0,0,1,1,1,1,0,0,1,0,0,1,1,0,0,0,0,0,0,0,,12.0,1.0,0.0,0.0,0.0,0,0,0,0,0,0
MLI,961005,2021,961,5,1,1,1,1,0,0,1,1,1,1,0,1,0,0,0,1,1,0,0,0,0,0,0,0,,,,,,,0,0,0,0,0,0
MLI,961006,2021,961,6,1,1,2,1,0,0,1,1,1,1,0,1,1,0,0,1,1,0,0,0,0,0,0,0,,,,,,,0,0,0,0,0,0
MLI,961007,2021,961,7,1,1,1,1,0,0,1,1,1,1,0,0,0,1,0,1,1,0,0,0,0,0,0,0,,0.0,5.0,0.0,0.0,0.0,0,0,1,0,0,0
MLI,961008,2021,961,8,1,1,1,1,0,0,1,1,1,1,0,1,1,0,0,1,1,0,0,0,0,0,0,0,,,,,,,0,0,0,0,0,0
MLI,961009,2021,961,9,1,1,3,1,0,0,1,1,0,0,1,1,1,0,1,4,3,0,0,1,0,0,0,0,,0.0,0.0,0.0,0.0,0.0,1,0,0,0,0,0
MLI,961010,2021,961,10,1,1,3,1,0,0,1,1,0,0,0,1,1,1,1,4,5,1,0,1,0,0,0,0,,10.0,0.0,0.0,0.0,0.0,0,1,0,0,0,0
MLI,961011,2021,961,11,1,1,3,1,0,0,1,1,1,1,0,1,1,0,0,1,1,0,0,0,0,0,0,0,,,,,,,0,1,0,0,0,0
MLI,961012,2021,961,12,1,1,3,1,0,0,1,1,0,1,0,1,1,0,0,2,1,0,0,1,0,0,0,0,,6.0,0.0,0.0,0.0,0.0,0,1,0,0,0,0
MLI,964001,2021,964,1,1,1,1,1,0,0,1,1,0,0,1,0,0,0,0,4,3,0,0,0,0,0,0,0,6.7635204792022705,6.0,10.0,0.0,0.0,3.0,0,1,0,0,0,0
MLI,964002,2021,964,2,1,1,2,1,0,0,1,1,0,0,0,1,0,0,0,4,6,0,0,0,0,0,0,0,2.749394178390503,,,,,,0,1,0,0,0,0
MLI,964003,2021,964,3,1,1,2,1,0,0,1,1,0,0,0,1,0,1,0,4,6,0,0,0,0,0,0,0,8.145808637142181,8.0,6.0,0.0,0.0,3.0,0,1,0,0,0,0
MLI,964004,2021,964,4,1,1,2,1,0,0,1,1,0,0,1,0,0,0,0,4,3,0,0,0,0,0,0,0,1.1284047365188599,7.0,8.0,0.0,0.0,7.0,0,1,0,0,0,0
MLI,964005,2021,964,5,1,1,1,1,0,0,1,1,0,0,0,0,0,1,0,4,5,0,0,0,0,0,0,0,3.961868643760681,18.0,55.0,0.0,0.0,0.0,0,1,1,0,0,0
MLI,964006,2021,964,6,1,1,2,1,0,0,1,1,0,0,0,0,0,1,0,4,5,0,0,0,0,0,0,0,2.321908950805664,0.0,0.0,0.0,0.0,7.0,0,1,1,0,0,0
MLI,964007,2021,964,7,1,1,2,1,0,0,1,1,0,0,1,0,0,1,0,4,3,0,0,0,0,0,0,0,2.9374053478240967,2.0,10.0,0.0,0.0,0.0,0,1,1,0,0,0
MLI,964008,2021,964,8,1,2,2,1,0,0,1,1,0,0,1,0,0,0,0,4,3,0,0,0,0,0,0,0,0.865727573633194,2.0,3.0,0.0,0.0,0.0,0,1,1,0,0,0
MLI,964009,2021,964,9,1,1,2,1,0,0,1,1,0,0,0,0,0,1,0,4,5,0,0,0,0,0,0,0,4.205025374889374,4.0,0.0,0.0,0.0,0.0,0,1,1,0,0,0
MLI,964010,2021,964,10,1,1,2,1,0,0,1,1,0,0,0,0,0,0,0,4,5,0,0,0,0,0,0,0,0.9155659079551697,0.0,3.0,0.0,0.0,1.0,1,1,1,0,0,0
MLI,964011,2021,964,11,1,1,2,1,0,0,1,1,0,0,1,0,0,0,0,4,3,0,0,0,0,0,0,0,1.1762269735336304,2.0,2.0,0.0,0.0,1.0,0,1,1,0,0,0
MLI,964012,2021,964,12,1,1,2,1,0,0,1,1,0,0,1,0,0,0,0,4,3,0,0,0,0,0,0,0,1.9814761877059937,4.0,4.0,0.0,0.0,2.0,1,1,1,0,0,0
MLI,966001,2021,966,1,1,1,1,1,0,0,1,1,0,0,1,0,0,1,0,4,3,0,0,0,0,0,0,0,0.055426519364118576,,,,,,0,1,0,0,0,0
MLI,966002,2021,966,2,1,1,2,1,0,0,1,1,0,0,1,1,0,1,0,4,3,0,0,0,0,0,0,0,2.105905771255493,3.0,3.0,0.0,0.0,0.0,0,1,0,0,0,0
MLI,966003,2021,966,3,1,1,2,1,0,0,1,1,0,1,0,1,1,1,0,4,1,1,0,0,0,0,1,0,,,,,,,0,0,0,0,0,0
MLI,966004,2021,966,4,1,1,2,1,0,0,1,1,0,0,0,0,0,0,0,4,6,0,0,0,0,0,0,0,0.0,,,,,,1,1,0,0,0,0
MLI,966005,2021,966,5,1,1,1,1,0,0,1,1,0,0,0,0,0,1,0,4,5,0,0,0,0,0,0,0,0.6767049431800842,3.0,20.0,0.0,0.0,0.0,0,1,0,0,1,0
MLI,966006,2021,966,6,1,2,2,1,0,0,1,1,0,0,0,0,0,1,0,4,5,0,0,0,0,0,0,0,1.7863187789916992,7.0,3.0,0.0,0.0,13.0,0,1,1,0,1,0
MLI,966007,2021,966,7,1,1,2,1,0,1,1,1,0,0,1,1,0,1,0,4,3,1,0,1,0,0,1,0,1.2361600399017334,17.0,38.0,0.0,0.0,5.0,0,1,1,0,1,0
MLI,966008,2021,966,8,1,2,1,1,0,0,1,1,0,0,1,0,0,0,0,4,3,0,0,0,0,0,0,0,3.0440415740013123,0.0,5.0,0.0,0.0,0.0,0,1,1,0,0,0
MLI,966009,2021,966,9,1,2,2,1,0,0,1,1,0,0,1,0,0,0,0,4,3,0,0,0,0,0,0,0,0.8861636817455292,0.0,10.0,0.0,0.0,3.0,0,1,1,0,0,0
MLI,966010,2021,966,10,1,1,2,1,0,1,1,1,0,0,0,0,0,1,0,4,5,0,0,0,0,0,0,0,,30.0,0.0,0.0,0.0,0.0,1,0,0,0,0,0
MLI,966011,2021,966,11,1,2,1,1,0,0,1,1,0,0,1,0,0,0,0,4,3,1,0,0,0,0,1,0,0.350805327296257,2.0,4.0,0.0,0.0,0.0,0,1,1,0,0,0
MLI,966012,2021,966,12,1,2,1,1,0,0,1,1,0,0,0,0,0,0,0,4,5,0,0,0,0,0,0,0,1.1444727182388306,1.0,4.0,0.0,0.0,6.0,0,1,1,0,0,0
MLI,972001,2021,972,1,1,1,2,1,0,0,0,0,0,0,1,1,0,0,0,4,3,0,0,0,0,0,0,0,0.9671927690505981,0.0,3.0,0.0,0.0,10.0,1,1,0,0,0,0
MLI,972002,2021,972,2,1,1,2,1,0,0,1,1,0,0,0,0,0,0,0,4,6,0,0,0,0,0,0,0,0.9651927351951599,,,,,,0,1,0,0,0,0
MLI,972003,2021,972,3,1,1,1,1,0,0,0,0,0,0,0,1,0,1,0,4,5,0,0,0,0,0,0,0,0.0,1.0,2.0,0.0,0.0,7.0,0,1,1,1,0,0
MLI,972004,2021,972,4,1,1,1,1,0,0,0,0,0,0,1,0,0,1,0,4,3,0,0,0,0,0,0,0,,2.0,5.0,0.0,0.0,2.0,0,0,0,0,0,0
MLI,972005,2021,972,5,1,1,2,0,0,0,0,0,0,0,0,0,0,0,0,4,5,0,0,0,0,0,0,0,,,,,,,0,0,0,0,0,0
MLI,972006,2021,972,6,1,1,2,1,0,0,0,0,0,0,0,0,0,0,0,4,5,0,0,0,0,0,0,0,,0.0,8.0,0.0,0.0,0.0,0,1,0,0,0,0
MLI,972007,2021,972,7,1,1,2,0,0,0,0,0,0,0,0,0,0,0,0,4,5,0,0,0,0,0,0,0,1.4234814643859863,0.0,2.0,0.0,0.0,6.0,0,1,1,0,0,0
MLI,972008,2021,972,8,1,2,2,0,0,0,0,0,0,0,0,1,0,0,0,4,5,0,0,0,0,0,0,0,,3.0,22.0,0.0,0.0,5.0,0,1,1,1,0,0
MLI,972009,2021,972,9,1,1,2,1,0,0,0,0,0,0,0,0,0,0,0,4,5,0,0,0,0,0,0,0,1.0918993949890137,10.0,5.0,0.0,0.0,5.0,0,1,0,0,0,0
MLI,972010,2021,972,10,1,1,2,1,0,0,0,0,0,0,0,0,0,0,0,4,5,0,0,0,0,0,0,0,0.94270259141922,1.0,3.0,0.0,0.0,8.0,0,1,1,0,0,0
MLI,972011,2021,972,11,1,1,2,1,0,0,0,0,0,0,0,1,0,0,0,4,5,0,0,0,0,0,0,0,1.2697618007659912,0.0,6.0,0.0,0.0,0.0,1,1,1,0,0,0
MLI,972012,2021,972,12,1,2,2,1,0,0,0,0,0,0,0,0,0,0,0,4,5,0,0,0,0,0,0,0,1.5492619276046753,0.0,2.0,0.0,0.0,0.0,0,1,1,0,1,0
MLI,977001,2021,977,1,2,1,1,1,0,0,0,0,0,1,0,1,1,0,0,2,1,0,0,0,0,0,0,0,,0.0,5.0,0.0,0.0,0.0,1,0,1,0,0,0
MLI,977002,2021,977,2,2,1,1,1,0,0,1,1,0,1,0,0,0,0,0,2,1,0,0,0,0,0,0,0,,0.0,9.0,0.0,0.0,0.0,0,1,0,1,0,0
MLI,977003,2021,977,3,2,1,1,1,1,0,0,0,0,1,0,0,1,0,0,2,1,0,0,0,0,0,0,0,,0.0,10.0,0.0,0.0,0.0,0,1,1,0,0,0
MLI,977004,2021,977,4,2,1,1,1,0,0,1,1,0,1,0,0,1,0,0,4,1,0,0,0,0,0,0,0,,0.0,9.0,0.0,0.0,0.0,1,1,0,0,0,0
MLI,977005,2021,977,5,2,1,1,1,0,1,1,1,0,0,1,1,1,0,0,4,3,0,0,0,0,0,0,0,,,,,,,0,0,0,0,0,0
MLI,977006,2021,977,6,2,1,1,1,1,1,1,1,0,0,1,0,1,0,0,4,3,0,0,0,0,0,0,0,,,,,,,0,0,0,0,0,0
MLI,977007,2021,977,7,2,1,1,1,1,1,1,1,0,0,1,0,0,1,0,4,3,0,0,0,0,0,0,0,,,,,,,0,0,0,0,0,0
MLI,977008,2021,977,8,2,1,1,1,1,1,1,1,0,0,1,0,1,0,0,4,3,0,0,0,0,0,0,0,,,,,,,0,0,0,0,0,0
MLI,977009,2021,977,9,2,1,1,1,1,1,0,0,1,0,1,0,1,0,0,1,2,0,0,0,0,0,0,0,,,,,,,1,0,0,0,0,0
MLI,977010,2021,977,10,2,1,1,1,1,1,0,0,1,0,1,0,1,0,0,1,2,0,0,1,0,0,0,0,,0.0,5.0,0.0,0.0,0.0,0,0,0,0,0,0
MLI,977011,2021,977,11,2,1,1,1,1,0,0,0,1,0,1,0,0,0,0,1,2,0,0,1,0,0,0,1,,,,,,,0,0,0,0,0,0
MLI,977012,2021,977,12,2,1,1,1,1,0,0,0,1,0,1,0,0,0,0,1,2,0,0,0,0,0,0,0,,,,,,,0,0,0,0,0,0
MLI,978001,2021,978,1,2,1,1,0,0,0,1,1,0,0,0,0,0,0,0,4,5,0,0,0,0,0,0,1,,16.0,14.0,0.0,0.0,0.0,0,1,0,0,0,0
MLI,978002,2021,978,2,2,1,1,0,0,0,1,1,0,0,0,1,0,0,0,4,5,0,0,0,0,0,0,0,,17.0,12.0,0.0,0.0,0.0,0,1,0,0,0,0
MLI,978003,2021,978,3,2,1,1,0,0,0,1,0,0,0,0,0,0,0,0,4,5,0,0,0,0,0,0,0,,,,,,,1,1,0,0,0,0
MLI,978004,2021,978,4,2,1,1,0,0,0,1,1,0,0,0,0,0,0,0,4,5,0,0,0,0,0,0,0,,0.0,17.0,0.0,0.0,0.0,0,1,0,0,0,0
MLI,978005,2021,978,5,2,1,1,1,0,1,1,0,0,0,1,0,1,0,0,4,3,0,0,0,0,0,0,0,,23.0,104.0,0.0,0.0,0.0,0,0,0,0,0,0
MLI,978006,2021,978,6,2,1,1,1,0,1,1,1,0,0,1,0,1,0,0,4,3,0,0,0,0,0,0,0,,26.0,49.0,0.0,0.0,0.0,0,0,0,0,0,0
MLI,978007,2021,978,7,2,1,1,1,0,1,1,1,0,0,1,0,1,0,0,4,3,0,0,0,0,0,0,0,,25.0,37.0,0.0,0.0,0.0,0,0,0,0,0,0
MLI,978008,2021,978,8,2,1,1,1,0,1,1,1,0,0,1,0,1,0,0,4,3,0,0,0,0,0,0,0,,18.0,39.0,0.0,0.0,0.0,0,0,0,0,0,0
MLI,978009,2021,978,9,2,1,4,0,0,0,0,0,0,0,0,0,0,0,0,4,5,0,0,0,0,0,0,1,,0.0,158.0,0.0,0.0,0.0,1,0,0,0,0,0
MLI,978010,2021,978,10,2,1,4,0,0,0,0,0,0,0,0,0,0,0,0,4,5,0,0,0,0,0,0,0,,0.0,133.0,0.0,0.0,0.0,0,0,0,0,0,0
MLI,978011,2021,978,11,2,1,4,0,0,0,0,0,0,0,0,0,0,0,0,4,5,0,0,0,0,0,0,0,,45.0,54.0,0.0,0.0,0.0,0,0,0,0,0,0
MLI,978012,2021,978,12,2,1,4,0,0,0,0,0,0,0,0,0,0,0,0,4,5,0,0,0,0,0,0,0,,30.0,39.0,0.0,0.0,0.0,1,0,0,0,0,0
MLI,979001,2021,979,1,1,2,2,0,0,0,0,0,0,0,0,0,0,0,0,4,5,0,0,0,0,0,0,0,,,,,,,1,0,0,0,0,0
MLI,979002,2021,979,2,1,2,1,1,1,1,0,0,0,0,1,0,0,0,0,4,3,1,0,1,1,0,1,1,,,,,,,0,0,0,0,0,0
MLI,979003,2021,979,3,1,2,4,1,1,0,0,0,0,0,0,0,0,0,0,4,5,0,0,0,0,0,0,0,0.000999999996565748,,,,,,0,0,1,0,0,0
MLI,979004,2021,979,4,1,2,2,1,1,1,0,0,0,0,1,0,1,0,0,4,3,1,0,1,0,0,1,1,,,,,,,0,0,0,0,0,0
MLI,979005,2021,979,5,1,2,1,1,1,1,0,0,0,0,1,0,0,0,0,4,3,1,0,0,0,0,0,0,,0.0,10.0,0.0,0.0,0.0,0,0,0,0,1,0
MLI,979006,2021,979,6,1,2,2,1,1,0,0,0,0,0,0,0,0,0,0,4,5,0,0,0,0,0,0,0,,,,,,,0,0,0,0,0,0
MLI,979007,2021,979,7,1,2,1,1,1,1,1,1,0,0,1,0,0,0,0,4,3,1,0,1,0,0,1,0,,,,,,,0,0,0,0,0,0
MLI,979008,2021,979,8,1,2,1,1,1,1,0,0,0,0,1,0,0,0,0,4,3,0,0,0,0,0,0,0,,,,,,,0,0,0,0,0,0
MLI,979009,2021,979,9,1,2,1,1,1,1,0,0,0,0,1,0,1,0,0,4,3,0,0,0,0,0,0,0,,,,,,,0,0,0,0,0,0
MLI,979010,2021,979,10,1,2,1,1,1,1,1,1,0,0,1,1,0,0,0,4,3,0,0,0,0,0,0,0,,,,,,,0,0,0,0,0,0
MLI,979012,2021,979,12,1,2,1,1,1,1,0,1,0,0,1,0,1,0,0,4,3,0,0,0,0,0,0,0,,,,,,,0,0,1,0,1,0
MLI,980001,2021,980,1,2,1,2,0,0,0,0,0,0,0,0,1,1,0,0,4,5,0,0,0,0,0,0,0,,0.0,22.0,0.0,0.0,0.0,0,1,0,0,0,0
MLI,980002,2021,980,2,2,1,2,1,0,0,0,0,0,1,0,0,1,0,0,4,1,0,0,0,0,0,0,0,,16.0,11.0,0.0,0.0,0.0,0,1,0,0,0,0
MLI,980003,2021,980,3,2,1,2,1,1,0,0,1,0,0,0,0,0,0,0,4,5,0,0,0,0,0,0,0,,16.0,5.0,0.0,0.0,0.0,0,0,0,0,0,0
MLI,980004,2021,980,4,2,1,1,1,0,0,0,1,0,0,0,0,1,0,0,2,5,0,0,0,0,0,0,0,,0.0,32.0,0.0,0.0,0.0,0,1,0,0,0,0
MLI,980005,2021,980,5,2,1,1,1,1,1,1,1,0,0,1,1,1,0,0,4,3,0,0,0,0,0,0,0,,,,,,,0,0,0,0,0,0
MLI,980006,2021,980,6,2,1,1,1,1,1,1,1,0,0,1,1,1,0,0,4,3,0,0,0,0,0,0,0,,,,,,,0,0,0,0,0,0
MLI,980007,2021,980,7,2,1,1,1,1,1,1,1,0,0,1,1,1,0,0,4,3,0,0,0,0,0,0,0,,,,,,,0,0,0,0,0,0
MLI,980008,2021,980,8,2,1,1,1,1,1,1,1,0,0,1,0,1,0,0,4,3,0,0,0,0,0,0,0,,,,,,,0,0,0,0,0,0
MLI,980009,2021,980,9,2,1,3,1,1,0,0,0,0,0,1,0,0,0,0,2,2,0,0,1,0,0,0,0,,,,,,,0,0,0,0,0,0
MLI,980010,2021,980,10,2,1,1,1,1,1,0,0,1,0,1,0,1,0,0,1,2,1,0,1,0,0,1,0,,0.0,47.0,0.0,0.0,0.0,1,0,0,0,0,0
MLI,980011,2021,980,11,2,1,4,1,1,0,0,0,1,0,1,0,1,0,0,1,2,1,0,1,0,0,1,1,,,,,,,0,0,0,0,0,0
MLI,980012,2021,980,12,2,1,1,1,1,1,0,0,1,1,0,0,1,1,1,1,1,0,0,1,0,0,0,0,,,,,,,1,0,0,0,0,0
MLI,982001,2021,982,1,2,1,2,1,0,0,0,1,0,0,0,0,1,1,0,4,5,0,0,0,0,0,0,0,,47.0,19.0,0.0,0.0,0.0,0,1,0,0,0,0
MLI,982002,2021,982,2,2,1,2,0,0,0,1,1,0,0,0,0,0,0,0,4,5,0,0,0,0,0,0,0,,7.0,9.0,0.0,0.0,8.0,0,1,0,0,0,0
MLI,982003,2021,982,3,2,1,2,0,0,0,1,1,0,0,0,0,1,0,0,4,5,0,0,0,0,0,0,0,,3.0,56.0,0.0,0.0,0.0,0,0,0,0,0,0
MLI,982004,2021,982,4,2,1,1,0,0,0,0,1,0,0,1,0,1,0,0,4,3,0,0,0,0,0,0,0,,4.0,12.0,0.0,0.0,0.0,1,1,0,0,0,0
MLI,982005,2021,982,5,2,1,1,1,0,1,1,1,0,0,1,0,0,0,0,4,3,0,0,0,0,0,0,0,,0.0,59.0,0.0,0.0,0.0,0,0,0,0,0,0
MLI,982006,2021,982,6,2,1,1,1,0,1,1,1,0,0,1,0,0,0,0,4,3,0,0,0,0,0,0,0,,23.0,47.0,0.0,0.0,0.0,0,0,0,0,0,0
MLI,982007,2021,982,7,2,1,1,1,0,1,1,1,0,0,1,0,1,0,0,4,3,0,0,0,0,0,0,0,,23.0,47.0,0.0,0.0,0.0,0,0,0,0,0,0
MLI,982008,2021,982,8,2,1,1,1,0,1,1,1,0,0,1,0,1,0,0,4,3,0,0,0,0,0,0,0,,27.0,49.0,0.0,0.0,0.0,0,0,0,0,0,0
MLI,982009,2021,982,9,2,1,4,0,0,0,0,0,0,0,0,0,0,0,0,4,4,0,0,0,0,0,0,0,,0.0,187.0,0.0,0.0,0.0,0,0,0,0,0,0
MLI,982010,2021,982,10,2,1,4,0,0,0,0,0,0,0,0,0,0,0,0,4,5,0,0,0,0,0,0,0,,19.0,26.0,0.0,0.0,0.0,1,0,0,0,0,0
MLI,982011,2021,982,11,2,1,4,0,0,0,0,0,0,0,0,0,0,0,0,4,5,0,0,0,0,0,0,1,,0.0,142.0,0.0,0.0,0.0,0,0,0,0,0,0
MLI,982012,2021,982,12,2,1,4,0,0,0,0,0,0,0,0,0,0,0,0,4,5,0,0,0,0,0,0,1,,46.0,59.0,0.0,0.0,0.0,0,0,0,0,0,0
MLI,984001,2021,984,1,2,1,2,1,0,0,0,0,0,0,0,0,0,0,0,4,5,0,0,0,0,0,0,0,,0.0,6.0,0.0,0.0,0.0,0,1,1,0,0,0
MLI,984002,2021,984,2,2,1,2,0,0,0,0,0,0,0,0,0,0,0,0,4,5,0,0,0,0,0,0,0,,21.0,19.0,0.0,0.0,0.0,0,1,0,0,0,0
MLI,984003,2021,984,3,2,1,2,0,0,0,0,0,0,0,0,0,0,0,0,4,5,0,0,0,0,0,0,0,,0.0,40.0,0.0,0.0,0.0,0,0,1,0,0,0
MLI,984004,2021,984,4,2,1,1,1,0,0,0,1,0,0,0,1,0,0,0,4,5,0,0,0,0,0,0,0,,16.0,30.0,0.0,0.0,0.0,0,0,0,0,0,0
MLI,984005,2021,984,5,2,1,1,1,0,1,1,1,0,0,1,0,1,0,0,4,3,0,0,0,0,0,0,0,,0.0,56.0,0.0,0.0,0.0,0,0,0,0,0,0
MLI,984006,2021,984,6,2,1,1,1,0,0,1,1,0,0,1,1,1,0,0,4,3,0,0,0,0,0,0,0,,24.0,42.0,0.0,0.0,0.0,0,0,0,0,0,0
MLI,984007,2021,984,7,2,1,1,1,0,1,1,1,0,0,1,1,0,0,0,4,3,0,0,0,0,0,0,0,,23.0,34.0,0.0,0.0,0.0,0,0,0,0,0,0
MLI,984008,2021,984,8,2,1,1,1,1,1,1,1,0,0,1,0,0,0,0,4,3,0,0,0,0,0,0,0,,0.0,56.0,0.0,0.0,0.0,0,0,0,0,0,0
MLI,984009,2021,984,9,2,1,4,0,0,0,0,0,0,0,0,0,0,0,0,4,5,0,0,0,0,0,0,0,,4.0,115.0,0.0,0.0,0.0,0,0,0,0,0,0
MLI,984010,2021,984,10,2,1,4,0,0,0,0,0,0,0,0,0,0,0,0,4,5,0,0,0,0,0,0,0,,20.0,77.0,0.0,0.0,0.0,0,0,0,0,0,0
MLI,984011,2021,984,11,2,1,4,0,0,0,0,0,0,0,0,0,0,0,0,4,5,0,0,0,0,0,0,0,,0.0,100.0,0.0,0.0,0.0,0,0,0,1,0,0
MLI,984012,2021,984,12,2,1,4,0,0,0,0,0,0,0,0,0,0,0,0,4,5,0,0,0,0,0,0,0,,25.0,30.0,0.0,0.0,0.0,0,0,0,0,0,0
MLI,985001,2021,985,1,1,2,3,1,1,1,0,0,0,0,0,0,0,0,0,4,5,0,0,0,0,0,0,0,,,,,,,0,0,1,0,1,0
MLI,985002,2021,985,2,1,2,1,1,1,0,0,0,0,0,1,0,0,0,0,4,3,1,0,1,0,0,0,0,,,,,,,0,0,1,0,0,0
MLI,985003,2021,985,3,1,2,2,1,1,1,0,0,0,0,1,1,0,0,0,4,3,0,0,0,0,0,0,0,,0.0,3.0,0.0,0.0,0.0,0,0,0,0,0,0
MLI,985004,2021,985,4,1,2,1,1,1,1,0,0,0,0,1,0,0,0,0,4,3,0,0,0,0,0,0,0,,0.0,4.0,0.0,0.0,0.0,0,0,0,0,0,0
MLI,985005,2021,985,5,1,2,2,1,1,1,0,0,0,0,1,0,0,0,0,4,3,0,0,0,0,0,0,0,,,,,,,0,0,0,0,0,0
MLI,985006,2021,985,6,1,2,2,1,1,0,0,0,0,0,1,0,0,0,0,4,3,0,0,0,0,0,0,0,,,,,,,0,0,0,0,0,0
MLI,985007,2021,985,7,1,2,2,1,1,1,1,1,0,0,1,0,0,0,0,4,3,1,0,0,0,0,0,0,,,,,,,0,0,0,1,0,0
MLI,985008,2021,985,8,1,2,4,1,0,0,0,0,0,0,1,0,0,0,0,4,3,0,0,0,0,0,0,0,,6.0,19.0,0.0,0.0,8.0,0,0,0,0,0,0
MLI,985009,2021,985,9,1,2,1,1,1,1,1,1,0,0,1,0,1,0,0,4,3,0,0,0,0,0,0,0,,,,,,,0,0,1,0,0,0
MLI,985010,2021,985,10,1,2,1,1,0,0,0,0,0,0,1,0,0,0,0,4,3,0,0,0,0,0,0,0,,,,,,,0,0,0,0,0,0
MLI,985011,2021,985,11,1,2,1,1,1,1,1,1,0,0,1,1,0,0,0,4,3,0,0,0,0,0,0,0,,,,,,,0,0,0,0,0,0
MLI,985012,2021,985,12,1,2,1,1,1,1,0,0,0,0,1,0,1,0,0,4,3,0,0,0,0,0,0,0,,,,,,,0,0,0,0,0,0
MLI,986001,2021,986,1,1,2,2,1,0,0,1,1,0,0,0,0,0,0,0,4,5,0,0,0,0,0,0,0,,,,,,,0,0,0,0,0,0
MLI,986002,2021,986,2,1,2,2,1,0,1,0,0,0,0,1,0,0,0,0,4,3,0,0,0,0,0,0,0,,,,,,,1,0,0,0,0,0
MLI,986003,2021,986,3,1,2,1,1,1,0,0,0,0,0,0,0,0,0,0,4,5,0,0,0,0,0,0,0,,,,,,,0,0,0,0,0,0
MLI,986004,2021,986,4,1,2,2,1,1,1,0,0,0,0,1,0,0,0,0,4,3,0,0,0,0,0,0,1,,,,,,,0,0,0,0,0,0
MLI,986005,2021,986,5,1,2,2,1,0,0,0,0,0,0,0,0,0,0,0,4,5,0,0,0,0,0,0,0,,,,,,,0,0,0,0,0,0
MLI,986006,2021,986,6,1,2,2,1,1,1,0,0,0,0,1,0,0,0,0,4,3,0,0,0,0,0,0,0,,,,,,,0,0,0,0,0,0
MLI,986007,2021,986,7,1,2,2,1,1,1,0,0,0,0,1,0,0,0,0,4,3,0,0,0,0,0,0,0,,,,,,,0,0,0,1,0,0
MLI,986008,2021,986,8,1,2,2,1,1,1,1,1,0,0,1,0,0,0,0,4,3,0,0,0,0,0,0,0,,14.0,13.0,0.0,0.0,0.0,0,0,0,0,0,0
MLI,986009,2021,986,9,1,2,1,1,1,1,1,1,0,0,1,0,1,0,0,4,3,0,0,0,0,0,0,0,,,,,,,0,0,0,0,0,0
MLI,986010,2021,986,10,1,2,1,1,1,1,1,1,0,0,1,0,1,0,0,4,3,0,0,0,0,0,0,0,,,,,,,0,0,0,0,0,0
MLI,986011,2021,986,11,1,2,1,1,1,1,1,1,0,0,1,0,0,0,0,4,3,0,0,0,0,0,0,0,,,,,,,0,0,0,0,0,0
MLI,986012,2021,986,12,1,2,1,1,1,1,1,1,0,0,1,0,1,0,0,4,3,0,0,0,0,0,0,0,,,,,,,0,0,0,0,0,0
MLI,988001,2021,988,1,1,2,1,1,1,1,0,0,0,0,0,0,0,0,0,4,5,0,0,0,0,0,0,0,,,,,,,0,0,0,0,0,0
MLI,988002,2021,988,2,1,2,2,1,1,1,0,0,0,0,1,0,1,0,0,4,3,0,0,0,0,0,0,0,,0.0,6.0,0.0,0.0,0.0,0,0,0,0,0,0
MLI,988003,2021,988,3,1,2,4,1,1,1,0,0,0,0,0,0,0,0,0,4,5,0,0,0,0,0,0,0,,,,,,,0,0,0,0,0,0
MLI,988004,2021,988,4,1,2,1,1,1,1,0,0,0,0,0,0,0,0,0,4,5,0,0,0,0,0,0,0,,,,,,,0,0,0,0,0,0
MLI,988005,2021,988,5,1,2,1,1,1,1,1,1,0,0,1,0,0,0,0,4,3,0,0,0,0,0,0,0,,,,,,,0,0,0,0,0,0
MLI,988006,2021,988,6,1,2,1,1,1,1,0,0,0,0,1,0,0,0,0,4,3,1,0,0,0,0,0,0,,0.0,24.0,0.0,0.0,0.0,0,0,0,0,0,0
MLI,988007,2021,988,7,1,2,1,1,1,1,0,0,0,0,1,0,0,0,0,4,3,0,0,0,0,0,0,1,,,,,,,0,0,0,0,0,0
MLI,988008,2021,988,8,1,2,2,1,1,1,0,0,0,0,1,0,0,0,0,4,3,0,0,0,0,0,0,0,,,,,,,0,0,0,0,0,0
MLI,988010,2021,988,10,1,2,1,1,0,0,0,0,0,0,1,0,0,0,0,4,3,0,0,0,0,0,0,0,,,,,,,0,0,0,0,0,0
MLI,988011,2021,988,11,1,2,1,1,0,0,0,0,0,0,1,0,1,0,0,4,3,0,0,0,0,0,0,0,,,,,,,0,0,0,0,0,0
MLI,989001,2021,989,1,1,2,1,1,1,1,1,1,0,0,1,0,0,0,0,4,3,0,0,0,0,0,0,0,,,,,,,0,0,1,0,0,0
MLI,989002,2021,989,2,1,2,1,1,1,1,1,1,0,0,1,0,1,0,0,4,3,0,0,0,0,0,0,0,,,,,,,0,0,0,0,0,0
MLI,989003,2021,989,3,1,2,1,1,1,1,1,1,0,0,0,0,0,0,0,4,5,0,0,0,0,0,0,0,,,,,,,0,0,0,0,0,0
MLI,989004,2021,989,4,1,2,2,1,0,1,0,0,0,0,1,0,0,0,0,4,3,0,0,0,0,0,0,0,,,,,,,0,0,0,0,0,0
MLI,989005,2021,989,5,1,2,2,1,1,1,0,0,0,0,1,0,0,0,0,4,3,1,0,0,1,0,0,1,,,,,,,0,0,0,0,0,0
MLI,989006,2021,989,6,1,2,3,1,1,1,0,0,0,0,1,0,0,1,0,4,3,1,0,0,0,0,0,0,,,,,,,0,1,0,0,0,0
MLI,989007,2021,989,7,1,2,1,1,1,1,0,0,0,0,1,0,0,0,0,4,3,1,0,0,0,0,0,0,,,,,,,0,0,0,0,0,0
MLI,989008,2021,989,8,1,2,1,1,1,1,1,1,0,0,1,0,0,0,0,4,3,0,0,0,0,0,0,0,,,,,,,0,0,0,0,1,0
MLI,989009,2021,989,9,1,2,1,1,1,1,0,0,0,0,1,0,1,0,0,4,3,0,0,0,0,0,0,0,,,,,,,0,0,0,0,0,0
MLI,989010,2021,989,10,1,2,1,1,0,0,1,1,0,0,1,0,1,0,0,4,3,0,0,0,0,0,0,0,,3.0,0.0,0.0,0.0,0.0,0,0,0,0,0,0
MLI,989011,2021,989,11,1,2,1,1,1,1,1,1,0,0,1,0,1,0,0,4,3,0,0,0,0,0,0,0,,,,,,,0,0,0,0,0,0
MLI,990001,2021,990,1,2,1,1,1,0,0,1,1,0,0,0,0,0,0,0,4,5,0,0,0,0,0,0,0,,9.0,0.0,0.0,0.0,0.0,0,1,0,0,0,0
MLI,990002,2021,990,2,2,1,2,0,0,0,0,0,0,0,0,0,0,0,0,4,5,0,0,0,0,0,0,1,,5.0,47.0,0.0,0.0,0.0,0,1,1,0,0,0
MLI,990003,2021,990,3,2,1,1,1,0,0,0,1,0,0,0,0,0,0,0,4,5,0,0,0,0,0,0,0,,2.0,0.0,0.0,0.0,0.0,0,1,1,0,0,0
MLI,990004,2021,990,4,2,1,1,0,0,0,0,0,0,0,0,0,0,0,0,4,5,0,0,0,0,0,0,0,,28.0,13.0,0.0,0.0,9.0,0,0,0,0,0,0
MLI,990005,2021,990,5,2,1,1,1,0,1,1,1,0,0,1,0,0,0,0,4,3,0,0,0,0,0,0,0,,0.0,67.0,0.0,0.0,0.0,0,0,0,0,0,0
MLI,990006,2021,990,6,2,1,1,1,0,1,1,1,0,0,1,0,0,0,0,4,3,0,0,0,0,0,0,0,,0.0,52.0,0.0,0.0,0.0,0,0,0,0,0,0
MLI,990007,2021,990,7,2,1,1,1,0,1,1,1,0,0,1,0,1,0,0,4,3,0,0,0,0,0,0,0,,18.0,77.0,0.0,0.0,0.0,0,0,0,0,0,0
MLI,990008,2021,990,8,2,1,1,1,0,1,1,1,0,0,1,0,0,0,0,4,3,0,0,0,0,0,0,0,,0.0,85.0,0.0,0.0,0.0,0,0,0,0,0,0
MLI,990009,2021,990,9,2,1,4,0,0,0,0,0,0,0,0,0,0,0,0,4,5,0,0,0,0,0,0,0,,0.0,99.0,0.0,0.0,0.0,1,0,0,0,0,0
MLI,990010,2021,990,10,2,1,4,0,0,0,0,0,0,0,0,0,0,0,0,4,5,0,0,0,0,0,0,0,,31.0,62.0,0.0,0.0,0.0,0,0,0,0,0,0
MLI,990011,2021,990,11,2,1,4,0,0,0,0,0,0,0,0,0,0,0,0,4,5,0,0,0,0,0,0,1,,0.0,175.0,0.0,0.0,0.0,0,0,0,0,0,0
MLI,990012,2021,990,12,2,1,4,0,0,0,0,0,0,0,0,0,0,0,0,4,5,0,0,0,0,0,0,0,,0.0,100.0,0.0,0.0,0.0,0,0,0,0,0,0
MLI,998001,2021,998,1,2,1,1,0,0,0,1,1,0,1,0,0,1,0,0,3,1,0,0,0,0,0,0,0,,0.0,16.0,0.0,0.0,5.0,1,1,0,1,1,0
MLI,998002,2021,998,2,2,1,1,1,0,0,1,1,0,1,0,0,1,1,0,3,1,0,0,0,0,0,0,0,,,,,,,0,1,1,1,1,0
MLI,998003,2021,998,3,2,1,2,1,0,0,1,1,1,1,0,1,1,1,0,1,1,0,0,0,0,0,0,0,,0.0,19.0,0.0,0.0,0.0,0,0,0,0,0,0
MLI,998004,2021,998,4,2,1,1,1,0,0,0,0,1,1,0,1,1,0,0,1,1,0,0,0,0,0,0,0,,,,,,,0,1,0,0,0,0
MLI,998005,2021,998,5,2,1,1,1,1,0,1,1,0,0,1,1,1,0,0,4,3,0,0,0,0,0,0,0,,,,,,,0,0,0,0,0,0
MLI,998006,2021,998,6,2,1,1,1,0,1,1,1,0,0,1,0,0,0,0,4,3,0,0,0,0,0,0,0,,,,,,,0,0,0,0,0,0
MLI,998007,2021,998,7,2,1,1,1,1,1,1,1,0,0,1,0,0,0,0,4,3,0,0,0,0,0,0,0,,,,,,,0,0,0,0,0,0
MLI,998008,2021,998,8,2,1,1,1,1,1,1,1,0,0,1,0,1,0,0,4,3,0,0,0,0,0,0,0,,,,,,,0,0,0,0,0,0
MLI,998009,2021,998,9,2,1,1,1,1,1,0,0,1,0,1,0,1,0,0,1,2,0,0,1,0,0,1,1,,,,,,,1,0,0,0,0,0
MLI,998010,2021,998,10,2,1,1,1,1,1,0,0,1,0,1,0,1,0,0,1,2,0,0,1,1,0,0,0,,,,,,,0,0,0,0,0,0
MLI,998011,2021,998,11,2,1,1,1,1,1,0,0,1,0,1,0,1,0,0,1,2,0,0,1,0,0,0,0,,,,,,,0,0,0,0,0,1
MLI,998012,2021,998,12,2,1,1,1,1,1,0,0,1,0,1,0,1,0,0,1,2,0,1,1,1,0,0,0,,,,,,,0,0,0,0,0,0
MLI,999001,2021,999,1,1,2,3,1,1,0,0,0,0,0,0,0,1,0,0,4,5,0,0,0,0,0,0,0,,,,,,,0,0,0,0,0,0
MLI,999002,2021,999,2,1,2,1,1,1,1,0,0,0,0,0,0,1,0,0,4,5,0,0,0,0,0,0,0,,,,,,,0,0,0,0,0,0
MLI,999003,2021,999,3,1,2,4,0,0,0,0,0,0,0,0,0,0,0,0,4,5,0,0,0,0,0,0,0,,0.0,30.0,0.0,0.0,0.0,0,0,0,0,0,0
MLI,999004,2021,999,4,1,2,1,1,1,1,0,0,0,0,0,0,1,1,0,4,5,0,0,0,0,0,0,0,,,,,,,0,0,0,0,0,0
MLI,999005,2021,999,5,1,2,2,1,1,1,0,0,0,0,1,0,0,0,0,4,3,0,0,0,0,0,0,0,,,,,,,0,0,0,0,0,0
MLI,999006,2021,999,6,1,2,1,1,1,1,0,0,0,0,1,0,0,0,0,4,3,0,0,0,0,0,0,0,,,,,,,0,0,0,0,0,0
MLI,999007,2021,999,7,1,2,4,1,0,1,1,1,0,0,1,0,0,0,0,4,3,0,0,0,0,0,0,0,,,,,,,0,0,0,0,0,0
MLI,999008,2021,999,8,1,2,2,1,0,1,0,0,0,0,1,0,0,0,0,4,3,1,0,0,0,0,0,0,,0.0,40.0,0.0,0.0,0.0,0,0,0,0,0,0
MLI,999009,2021,999,9,1,2,1,1,0,1,1,1,0,0,1,0,0,0,0,4,3,0,0,0,0,0,0,0,,,,,,,0,0,0,0,0,0
MLI,999010,2021,999,10,1,2,1,1,1,1,1,1,0,0,1,0,0,0,0,4,3,0,0,0,0,0,0,0,,,,,,,0,0,0,0,0,0
MLI,999011,2021,999,11,1,2,1,1,1,1,1,1,0,0,1,0,1,0,0,4,3,0,0,0,0,0,0,0,,,,,,,0,0,0,0,0,0
MLI,999012,2021,999,12,1,2,1,1,1,1,1,1,0,0,1,0,1,0,0,4,3,0,0,0,0,0,0,0,,,,,,,0,0,0,0,0,0
MLI,1015001,2021,1015,1,1,2,1,1,1,1,1,1,1,1,0,1,0,1,1,1,1,1,0,1,0,0,1,0,,,,,,,0,0,0,0,0,0
MLI,1015002,2021,1015,2,1,1,1,1,1,1,1,1,1,1,0,1,1,1,0,1,1,1,0,1,0,0,1,1,,,,,,,0,0,1,0,0,0
MLI,1015003,2021,1015,3,1,1,1,1,1,1,1,1,1,1,0,1,1,1,0,1,1,1,1,1,0,0,1,1,,,,,,,0,0,1,0,0,0
MLI,1015004,2021,1015,4,1,2,3,1,1,1,1,1,1,1,0,1,1,1,0,1,1,1,0,0,1,0,1,0,,,,,,,0,0,0,1,0,0
MLI,1015005,2021,1015,5,1,1,3,1,1,1,1,1,1,1,0,1,1,1,0,1,1,1,0,0,0,0,0,0,,,,,,,0,0,1,0,0,0
MLI,1015006,2021,1015,6,1,2,3,1,1,1,1,1,1,1,0,1,1,1,0,1,1,1,0,1,0,0,1,0,,,,,,,0,0,1,1,0,0
MLI,1015007,2021,1015,7,1,2,3,1,1,1,1,1,1,1,0,1,1,0,0,1,1,1,0,0,0,0,0,0,,,,,,,0,0,1,1,0,0
MLI,1015008,2021,1015,8,1,2,2,1,1,1,1,1,0,1,0,1,1,1,0,3,1,1,0,1,0,0,1,1,,0.0,7.0,0.0,0.0,0.0,0,0,1,1,0,0
MLI,1015009,2021,1015,9,1,2,3,1,1,1,1,1,1,1,0,1,1,1,1,1,1,0,0,0,0,0,0,0,,,,,,,1,0,1,0,0,0
MLI,1015010,2021,1015,10,1,2,3,1,1,1,1,1,1,1,0,1,1,1,0,1,1,1,0,0,0,0,0,0,,,,,,,0,0,1,0,0,0
MLI,1015011,2021,1015,11,1,2,3,1,1,1,1,1,1,1,0,1,1,1,0,1,1,1,0,0,0,0,1,0,,,,,,,1,0,0,0,0,0
MLI,1015012,2021,1015,12,1,2,3,1,1,1,0,0,1,1,0,1,1,1,0,1,1,1,0,0,0,1,1,0,,,,,,,0,0,0,1,0,0
MLI,1016001,2021,1016,1,2,1,1,1,1,1,1,1,1,1,0,1,1,1,0,1,1,1,0,1,0,1,1,1,,,,,,,0,0,0,0,0,0
MLI,1016002,2021,1016,2,2,2,1,1,1,1,1,1,1,1,0,1,1,1,1,1,1,1,0,1,0,0,1,0,,,,,,,1,0,0,0,0,0
MLI,1016003,2021,1016,3,2,1,3,1,1,1,1,1,0,1,0,1,0,0,0,2,1,1,0,0,0,0,1,0,,,,,,,0,0,0,0,0,0
MLI,1016004,2021,1016,4,2,1,3,1,1,1,1,1,1,1,0,1,0,0,0,1,1,1,0,0,0,0,0,0,,,,,,,0,0,0,0,0,0
MLI,1016005,2021,1016,5,2,1,1,1,1,1,1,1,1,1,0,1,1,1,1,1,1,1,0,1,0,0,1,0,,0.0,5.0,0.0,0.0,0.0,1,0,1,0,0,0
MLI,1016006,2021,1016,6,2,2,1,1,1,1,1,1,1,1,0,1,1,1,0,1,1,1,0,0,0,0,0,0,,,,,,,0,0,1,0,0,0
MLI,1016007,2021,1016,7,2,1,1,1,1,1,1,1,1,1,0,1,1,1,1,1,1,1,0,0,0,0,1,0,,,,,,,0,0,0,0,0,0
MLI,1016008,2021,1016,8,2,2,3,1,1,1,1,1,1,1,0,1,1,1,0,1,1,1,0,1,0,0,1,0,,,,,,,0,0,0,0,0,0
MLI,1016009,2021,1016,9,2,1,3,1,1,1,1,1,1,1,0,1,1,1,0,1,1,1,0,0,0,1,1,0,,,,,,,0,0,0,0,0,0
MLI,1016010,2021,1016,10,2,2,1,1,1,1,1,1,1,1,0,1,1,1,0,1,1,1,0,0,0,0,0,0,,,,,,,0,0,1,0,0,0
MLI,1016011,2021,1016,11,2,1,1,1,1,1,1,1,1,1,0,1,0,0,0,1,1,1,0,0,0,0,1,0,,,,,,,1,0,0,0,0,0
MLI,1016012,2021,1016,12,2,1,4,1,1,1,1,1,1,1,0,1,1,0,0,1,1,1,0,0,0,0,1,0,,,,,,,1,0,0,0,0,0
MLI,1018001,2021,1018,1,2,1,1,1,1,1,1,1,1,1,0,1,1,1,0,1,1,1,0,1,0,1,1,0,,0.0,0.0,0.0,0.0,30.0,0,0,0,1,0,0
MLI,1018002,2021,1018,2,2,1,3,1,1,1,1,1,1,1,0,1,1,1,0,1,1,1,1,1,0,1,1,1,,,,,,,0,0,0,0,0,0
MLI,1018003,2021,1018,3,2,1,1,1,1,1,1,1,1,1,0,1,1,1,1,1,1,1,0,1,0,1,1,1,,,,,,,0,0,0,0,0,0
MLI,1018004,2021,1018,4,2,1,1,1,1,1,1,1,1,1,0,1,1,1,0,1,1,1,0,1,0,0,1,1,,,,,,,0,0,0,0,0,0
MLI,1018005,2021,1018,5,2,1,3,1,1,1,1,1,1,1,0,1,1,1,0,1,1,1,0,1,0,0,1,0,,,,,,,1,0,0,0,0,0
MLI,1018006,2021,1018,6,2,1,1,1,1,1,1,1,1,1,0,1,1,1,1,1,1,1,0,0,0,0,1,1,,,,,,,0,0,1,0,0,0
MLI,1018007,2021,1018,7,2,1,1,1,1,1,1,1,1,1,0,1,1,1,0,1,1,1,0,1,0,0,1,1,,,,,,,0,0,1,0,0,0
MLI,1018008,2021,1018,8,2,1,1,1,1,1,1,1,1,1,0,1,1,1,0,1,1,1,0,0,0,0,0,0,,,,,,,0,0,1,0,0,0
MLI,1018009,2021,1018,9,2,2,1,1,1,1,1,1,1,1,0,1,1,0,0,1,1,1,0,1,0,1,1,0,,,,,,,0,0,0,0,0,0
MLI,1018010,2021,1018,10,2,2,1,1,1,1,1,1,1,1,0,1,0,0,0,1,1,1,0,0,0,0,1,0,,,,,,,0,0,0,0,0,0
MLI,1018011,2021,1018,11,2,2,1,1,1,1,1,1,1,1,0,1,1,0,0,1,1,0,0,1,0,0,0,0,,,,,,,0,0,0,0,0,0
MLI,1018012,2021,1018,12,2,2,1,1,1,1,1,1,1,1,0,1,0,0,0,1,1,1,0,0,0,1,1,0,,,,,,,0,0,0,0,0,0
MLI,1022001,2021,1022,1,1,1,1,1,1,1,1,1,1,1,0,1,1,1,0,1,1,1,0,1,0,0,1,0,,,,,,,0,0,1,0,0,0
MLI,1022002,2021,1022,2,1,2,2,1,1,1,1,1,1,1,0,1,1,1,1,1,1,1,0,1,0,0,1,1,,,,,,,0,0,1,1,0,0
MLI,1022003,2021,1022,3,1,1,1,1,1,1,1,1,1,1,0,1,1,1,0,1,1,1,0,1,0,0,1,0,,,,,,,0,0,1,0,1,0
MLI,1022004,2021,1022,4,1,1,3,1,1,1,1,1,1,1,0,1,1,1,0,1,1,1,0,0,0,0,1,0,,,,,,,1,0,0,0,0,0
MLI,1022005,2021,1022,5,1,2,3,1,1,1,1,1,1,1,0,1,1,1,1,1,1,1,0,1,0,1,1,0,,,,,,,0,0,1,0,0,0
MLI,1022006,2021,1022,6,1,2,3,1,1,1,1,1,1,1,0,1,1,1,1,1,1,1,1,1,1,1,1,1,,,,,,,0,0,1,0,0,0
MLI,1022007,2021,1022,7,1,1,1,1,1,1,1,1,1,1,0,1,1,1,0,1,1,1,1,1,0,0,1,1,,0.0,2.0,0.0,0.0,15.0,1,1,1,1,0,0
MLI,1022008,2021,1022,8,1,1,3,1,1,1,1,1,1,1,0,1,1,1,0,1,1,1,0,0,0,0,1,0,,,,,,,0,0,1,0,0,0
MLI,1022009,2021,1022,9,1,1,2,1,1,1,1,1,1,1,0,1,1,1,0,1,1,1,0,0,0,0,1,0,,,,,,,0,0,1,0,0,0
MLI,1022010,2021,1022,10,1,2,2,1,1,1,1,1,1,1,0,1,1,1,0,1,1,1,0,1,0,0,0,1,,,,,,,0,0,1,1,0,0
MLI,1022011,2021,1022,11,1,2,3,1,1,1,1,1,1,1,0,1,0,1,0,1,1,1,0,1,0,0,1,0,,,,,,,0,0,1,0,0,0
MLI,1022012,2021,1022,12,1,2,3,1,1,1,1,1,1,1,0,1,1,1,0,1,1,1,0,1,0,1,1,0,,,,,,,0,0,1,0,0,0
MLI,1027001,2021,1027,1,2,1,3,1,1,1,1,1,1,0,1,1,1,1,0,1,2,1,0,0,0,0,1,0,,,,,,,0,0,0,0,0,0
MLI,1027002,2021,1027,2,2,2,1,1,1,1,1,1,1,1,0,1,1,1,1,1,1,1,0,1,0,0,1,0,,,,,,,0,0,0,0,0,0
MLI,1027003,2021,1027,3,2,1,1,1,1,1,1,1,1,1,0,1,1,0,0,1,1,1,0,0,0,0,1,0,,,,,,,0,0,0,0,0,0
MLI,1027004,2021,1027,4,2,1,2,1,1,1,1,1,1,1,0,1,1,1,1,1,1,1,0,1,0,1,1,1,,,,,,,0,0,0,0,0,0
MLI,1027005,2021,1027,5,2,2,1,1,1,1,1,1,1,1,0,1,1,1,1,1,1,1,0,1,0,1,1,1,,,,,,,0,0,1,0,0,0
MLI,1027006,2021,1027,6,2,1,1,1,1,1,1,1,1,1,0,1,1,1,0,1,1,1,0,0,0,0,1,0,,,,,,,1,0,0,0,0,0
MLI,1027007,2021,1027,7,2,2,1,1,1,1,1,1,1,1,0,1,1,1,0,1,1,1,0,1,0,0,1,1,,,,,,,0,0,1,0,0,0
MLI,1027008,2021,1027,8,2,1,1,1,1,1,1,1,1,1,0,1,1,1,0,1,1,1,0,1,0,0,0,0,,,,,,,0,0,1,0,0,0
MLI,1027009,2021,1027,9,2,2,3,1,1,1,1,1,1,1,0,1,1,0,0,1,1,1,0,0,0,0,1,0,,,,,,,0,0,0,0,0,0
MLI,1027010,2021,1027,10,2,1,1,1,1,1,1,1,1,1,0,1,1,1,1,1,1,1,0,1,0,1,1,1,,0.0,7.0,0.0,0.0,0.0,1,0,0,0,0,0
MLI,1027011,2021,1027,11,2,2,3,1,1,1,1,1,1,1,0,1,1,0,0,1,1,1,0,0,0,0,1,0,,,,,,,0,0,0,0,0,0
MLI,1027012,2021,1027,12,2,1,1,1,1,1,1,1,1,1,0,1,1,1,0,1,1,1,0,1,0,1,0,1,,,,,,,1,0,0,0,0,0
MLI,1028001,2021,1028,1,2,2,1,1,1,1,1,1,1,1,0,1,1,1,0,1,1,1,0,1,0,0,1,1,,,,,,,0,0,1,0,0,0
MLI,1028002,2021,1028,2,2,1,4,1,1,1,1,1,1,1,0,1,1,1,0,1,1,1,0,0,0,0,1,0,,,,,,,0,0,0,0,0,0
MLI,1028003,2021,1028,3,2,2,3,1,1,1,1,1,0,0,1,1,0,0,0,2,2,0,0,0,0,0,0,0,,,,,,,0,0,0,0,0,0
MLI,1028004,2021,1028,4,2,2,3,1,1,1,1,1,0,0,1,1,0,0,0,2,2,0,0,0,0,0,0,0,,,,,,,0,1,0,0,0,0
MLI,1028005,2021,1028,5,2,1,1,1,1,1,1,1,1,1,0,1,1,1,0,1,1,1,0,1,0,0,0,1,,,,,,,0,0,0,1,0,0
MLI,1028006,2021,1028,6,2,1,1,1,1,1,1,1,1,1,0,1,1,1,1,1,1,1,0,1,0,0,1,0,,,,,,,0,0,0,0,0,0
MLI,1028007,2021,1028,7,2,1,1,1,1,1,1,1,1,1,0,1,1,1,1,1,1,1,0,1,0,1,1,1,,,,,,,0,0,0,0,0,0
MLI,1028008,2021,1028,8,2,2,3,1,1,1,1,1,1,1,0,1,0,0,0,1,1,1,0,1,0,0,1,0,,,,,,,0,0,0,0,0,0
MLI,1028009,2021,1028,9,2,2,4,1,1,1,1,1,1,1,0,1,1,0,0,1,1,0,0,0,0,0,1,0,,,,,,,0,0,0,0,0,0
MLI,1028010,2021,1028,10,2,1,4,1,1,1,1,1,1,1,0,1,1,1,1,1,1,1,0,1,0,1,1,0,,,,,,,0,0,0,0,0,0
MLI,1028011,2021,1028,11,2,1,3,1,1,1,1,1,1,1,0,1,1,1,1,1,1,1,0,0,0,0,1,0,,,,,,,0,0,0,0,0,0
MLI,1028012,2021,1028,12,2,2,3,1,1,1,1,1,0,0,1,1,0,0,0,2,2,0,0,0,0,0,0,0,,,,,,,0,0,0,0,0,0
MLI,1031001,2021,1031,1,1,1,1,1,1,1,1,1,1,1,0,1,0,0,0,1,1,1,0,1,0,1,1,0,,,,,,,0,0,1,0,0,0
MLI,1031002,2021,1031,2,1,2,3,1,1,1,0,0,1,1,0,1,1,0,0,1,1,1,0,1,0,0,1,0,,,,,,,0,0,1,1,0,0
MLI,1031003,2021,1031,3,1,2,3,1,1,1,0,0,0,1,0,1,1,1,0,2,1,1,0,0,0,0,1,0,,,,,,,0,0,1,0,0,0
MLI,1031004,2021,1031,4,1,1,3,1,1,1,1,1,1,1,0,1,0,0,0,1,1,1,0,1,0,0,1,0,,,,,,,0,0,1,0,0,0
MLI,1031005,2021,1031,5,1,2,4,1,1,1,1,1,1,1,0,1,1,1,0,1,1,1,0,1,0,0,1,1,,,,,,,0,0,1,0,0,0
MLI,1031006,2021,1031,6,1,2,3,1,1,1,1,1,1,1,0,1,1,1,1,1,1,1,0,0,0,0,1,0,,,,,,,0,0,1,0,1,0
MLI,1031007,2021,1031,7,1,2,3,1,1,1,1,1,1,1,0,1,1,1,1,1,1,0,0,0,0,0,1,0,,,,,,,0,0,1,1,0,0
MLI,1031008,2021,1031,8,1,1,1,1,1,1,1,1,1,1,0,1,0,1,0,1,1,1,0,1,0,0,1,0,,,,,,,0,0,1,0,0,0
MLI,1031009,2021,1031,9,1,1,3,1,1,1,1,1,1,1,0,1,1,0,0,1,1,1,0,1,1,1,1,0,,,,,,,0,0,1,0,0,0
MLI,1031010,2021,1031,10,1,1,1,1,1,1,1,1,1,1,0,1,1,1,1,1,1,1,0,1,1,0,1,1,,,,,,,0,0,1,0,0,0
MLI,1031011,2021,1031,11,1,1,1,1,1,1,1,1,1,1,0,1,1,1,1,1,1,1,0,1,0,1,1,1,,,,,,,0,0,1,0,0,0
MLI,1031012,2021,1031,12,1,2,3,1,1,1,1,1,0,1,0,1,1,0,0,2,1,1,0,1,0,0,1,0,,,,,,,1,0,1,0,0,0
MLI,1032001,2021,1032,1,1,1,1,1,1,1,1,1,1,1,0,1,1,1,0,1,1,1,0,1,0,1,1,1,,,,,,,0,0,0,0,0,0
MLI,1032002,2021,1032,2,1,1,2,1,1,1,1,1,1,1,0,1,1,1,1,1,1,1,0,0,0,0,1,1,,,,,,,0,0,1,0,0,0
MLI,1032003,2021,1032,3,1,2,3,1,1,1,1,1,1,1,0,1,1,1,1,1,1,1,1,1,0,0,1,0,,,,,,,0,0,1,1,0,0
MLI,1032004,2021,1032,4,1,2,3,1,1,1,0,0,1,1,0,1,1,0,0,1,1,1,0,0,0,0,1,0,,,,,,,0,0,1,0,0,0
MLI,1032005,2021,1032,5,1,1,3,1,1,1,1,1,1,1,0,1,0,1,1,1,1,1,0,1,0,0,0,0,,,,,,,0,0,0,0,0,0
MLI,1032006,2021,1032,6,1,2,1,1,1,1,1,1,1,1,0,1,1,1,1,1,1,1,0,1,0,0,1,1,,,,,,,1,0,0,0,0,0
MLI,1032007,2021,1032,7,1,2,1,1,1,1,1,1,1,1,0,1,1,1,1,1,1,1,1,1,1,1,1,1,,,,,,,0,0,1,0,0,0
MLI,1032008,2021,1032,8,1,2,3,1,1,1,1,1,1,1,0,1,1,1,0,1,1,0,0,0,0,0,0,0,,,,,,,0,0,1,0,0,0
MLI,1032009,2021,1032,9,1,2,3,1,1,1,1,1,1,1,0,1,0,0,1,1,1,1,0,1,0,0,1,0,,,,,,,0,0,1,0,0,0
MLI,1032010,2021,1032,10,1,2,1,1,1,1,1,1,1,1,0,1,1,1,0,1,1,1,0,1,0,0,1,0,,,,,,,0,0,1,0,0,0
MLI,1032011,2021,1032,11,1,2,3,1,1,1,1,1,1,1,0,1,0,0,0,1,1,1,0,0,0,0,0,0,,,,,,,0,0,1,0,0,0
MLI,1032012,2021,1032,12,1,2,3,1,1,1,1,1,1,1,0,1,1,1,1,1,1,1,0,1,0,1,1,1,,,,,,,0,0,1,0,0,0
MLI,1033001,2021,1033,1,2,1,1,1,1,1,1,1,1,1,0,1,0,0,0,1,1,1,0,1,0,0,1,0,,,,,,,0,0,0,0,0,0
MLI,1033002,2021,1033,2,2,1,1,1,1,1,1,1,1,1,0,1,0,0,0,1,1,1,0,0,0,0,1,0,,,,,,,0,0,1,0,0,0
MLI,1033003,2021,1033,3,2,1,1,1,1,1,1,1,1,1,0,1,1,0,0,1,1,1,0,1,0,0,0,0,,,,,,,0,0,1,0,0,0
MLI,1033004,2021,1033,4,2,1,1,1,1,1,1,1,1,1,0,1,1,0,0,1,1,1,0,1,0,0,1,0,,,,,,,1,0,0,0,0,0
MLI,1033005,2021,1033,5,2,1,1,1,1,1,1,1,1,1,0,1,1,1,0,1,1,1,0,1,0,0,1,0,,,,,,,0,0,1,0,0,0
MLI,1033006,2021,1033,6,2,1,1,1,1,1,1,1,1,1,0,1,1,1,0,1,1,1,0,1,0,0,1,0,,,,,,,1,0,0,0,0,0
MLI,1033007,2021,1033,7,2,1,1,1,1,1,1,1,1,1,0,1,1,1,1,1,1,1,0,0,0,0,1,0,,,,,,,1,0,0,0,0,0
MLI,1033008,2021,1033,8,2,1,1,1,1,1,1,1,1,1,0,1,1,1,0,1,1,1,0,1,0,0,1,0,,,,,,,1,0,0,0,0,0
MLI,1033009,2021,1033,9,2,1,4,1,1,1,1,1,1,1,0,1,1,1,0,1,1,1,0,0,0,0,1,0,,,,,,,0,0,0,0,0,0
MLI,1033010,2021,1033,10,2,1,4,1,1,1,1,1,1,0,0,1,1,1,0,1,4,0,0,0,0,0,0,0,,,,,,,0,0,0,0,0,0
MLI,1033011,2021,1033,11,2,1,1,1,1,1,1,1,1,1,0,1,1,1,0,1,1,1,0,1,0,0,1,0,,,,,,,0,0,0,0,0,0
MLI,1033012,2021,1033,12,2,1,1,1,1,1,1,1,1,1,0,1,0,1,0,1,1,0,0,1,0,1,1,0,,,,,,,0,0,0,0,0,0
MLI,1040001,2021,1040,1,1,1,1,1,1,1,1,1,1,1,0,1,1,1,0,1,1,1,0,1,0,0,1,1,,,,,,,0,0,1,0,0,0
MLI,1040002,2021,1040,2,1,1,2,1,1,1,1,1,1,1,0,1,0,0,1,1,1,1,0,1,0,0,1,0,,,,,,,0,0,1,0,0,0
MLI,1040003,2021,1040,3,1,1,1,1,1,1,1,1,1,1,0,1,0,0,1,1,1,1,0,1,0,0,1,1,,,,,,,0,0,1,0,0,0
MLI,1040004,2021,1040,4,1,1,2,1,1,1,1,1,1,1,0,1,0,0,1,1,1,1,0,0,0,0,1,0,,,,,,,0,1,0,0,0,0
MLI,1040005,2021,1040,5,1,1,4,1,1,1,1,1,1,1,0,1,1,1,1,1,1,1,0,0,0,0,1,0,,,,,,,0,0,1,0,0,0
MLI,1040006,2021,1040,6,1,1,1,1,1,1,1,1,1,1,0,1,1,1,1,1,1,1,0,1,1,1,1,1,,,,,,,0,0,1,0,0,0
MLI,1040007,2021,1040,7,1,1,4,1,1,1,1,1,1,1,0,1,1,0,0,1,1,1,1,0,0,0,1,0,,,,,,,1,0,1,0,0,0
MLI,1040008,2021,1040,8,1,2,1,1,1,1,1,1,1,1,0,1,1,1,0,1,1,0,0,1,0,0,1,0,,0.0,0.0,0.0,0.0,19.0,0,0,1,0,0,0
MLI,1040009,2021,1040,9,1,2,2,1,1,1,1,1,1,1,0,1,1,1,1,1,1,1,0,0,0,0,1,0,,,,,,,1,0,1,0,0,0
MLI,1040010,2021,1040,10,1,1,3,1,1,1,1,1,1,1,0,1,0,0,0,1,1,1,0,0,0,0,0,0,,,,,,,0,0,0,0,0,0
MLI,1040011,2021,1040,11,1,2,3,1,1,1,1,1,1,1,0,1,0,1,0,1,1,1,0,0,0,0,0,0,,,,,,,0,0,0,0,0,0
MLI,1040012,2021,1040,12,1,1,1,1,1,1,1,1,1,1,0,1,1,1,1,1,1,1,0,1,0,0,1,1,,0.0,3.0,0.0,0.0,0.0,0,0,0,0,0,0
MLI,1046001,2021,1046,1,1,2,2,1,1,1,1,1,1,1,0,1,1,1,1,1,1,1,0,0,0,0,1,0,,,,,,,0,0,1,0,0,0
MLI,1046002,2021,1046,2,1,2,2,1,1,1,1,1,1,1,0,1,0,0,1,1,1,1,0,0,0,0,0,0,,,,,,,0,0,1,0,0,0
MLI,1046003,2021,1046,3,1,1,2,1,1,1,1,1,1,1,0,1,1,1,1,1,1,1,0,1,0,0,1,1,,,,,,,0,0,1,0,0,0
MLI,1046004,2021,1046,4,1,2,4,1,1,1,1,1,1,1,0,1,1,1,0,1,1,1,0,1,0,0,1,0,,,,,,,0,0,1,0,0,0
MLI,1046005,2021,1046,5,1,1,4,1,1,1,1,1,1,1,0,1,1,1,0,1,1,1,0,1,0,0,1,0,,,,,,,0,0,1,0,0,0
MLI,1046006,2021,1046,6,1,1,4,1,1,1,1,1,1,1,0,1,1,1,1,1,1,1,0,1,0,1,1,1,,,,,,,0,0,1,0,0,0
MLI,1046007,2021,1046,7,1,2,4,1,1,1,1,1,1,1,0,1,1,1,0,1,1,1,0,1,0,0,1,1,,,,,,,0,0,1,0,0,0
MLI,1046008,2021,1046,8,1,2,2,1,1,1,1,1,1,1,0,1,0,1,1,1,1,1,0,1,0,1,1,0,,,,,,,0,0,0,0,0,0
MLI,1046009,2021,1046,9,1,1,2,1,1,1,1,1,1,1,0,1,0,1,0,1,1,1,0,1,0,0,0,1,,,,,,,0,0,0,0,0,0
MLI,1046010,2021,1046,10,1,1,3,1,1,1,1,1,0,0,1,1,0,1,0,4,3,0,0,0,0,0,0,0,,,,,,,0,0,0,0,0,0
MLI,1046011,2021,1046,11,1,2,3,1,1,1,1,1,1,1,0,1,0,1,0,1,1,1,0,1,0,0,0,0,,,,,,,1,0,0,0,0,0
MLI,1046012,2021,1046,12,1,2,1,1,1,1,1,1,1,1,0,1,0,0,1,1,1,1,0,1,0,0,1,0,,,,,,,0,0,1,0,0,0
MLI,1047001,2021,1047,1,2,1,4,1,1,1,1,1,1,0,1,1,1,0,0,1,2,1,0,1,0,0,1,1,,,,,,,1,0,0,0,0,0
MLI,1047002,2021,1047,2,2,1,4,1,1,1,1,1,1,1,0,1,1,0,0,1,1,1,0,1,0,0,1,1,,,,,,,0,0,0,0,0,0
MLI,1047003,2021,1047,3,2,1,3,1,1,1,1,1,1,0,1,1,1,0,0,1,2,1,0,1,0,0,1,0,,,,,,,0,0,1,0,0,0
MLI,1047004,2021,1047,4,2,2,3,1,1,1,1,1,1,1,0,1,1,1,0,1,1,1,0,0,0,0,1,0,,,,,,,0,0,0,0,0,0
MLI,1047005,2021,1047,5,2,2,1,1,1,1,1,1,1,1,0,1,1,0,0,1,1,1,0,0,0,0,1,0,,,,,,,0,0,0,0,0,0
MLI,1047006,2021,1047,6,2,1,3,1,1,1,1,1,1,1,0,1,1,1,1,1,1,1,0,1,0,0,1,0,,,,,,,0,0,1,0,0,0
MLI,1047007,2021,1047,7,2,1,3,1,1,1,1,1,1,1,0,1,1,1,1,1,1,1,0,1,0,0,0,0,,,,,,,0,0,1,0,0,0
MLI,1047008,2021,1047,8,2,1,3,1,1,1,0,0,1,1,0,1,1,1,1,1,1,1,0,0,0,0,0,0,,,,,,,1,0,0,0,0,0
MLI,1047009,2021,1047,9,2,1,1,1,1,1,1,1,1,1,0,1,1,0,0,1,1,1,0,1,0,1,1,1,,,,,,,1,0,0,0,0,0
MLI,1047010,2021,1047,10,2,2,1,1,1,1,1,1,1,1,0,1,0,0,0,1,1,1,0,0,0,0,1,0,,,,,,,0,0,1,0,0,0
MLI,1047011,2021,1047,11,2,1,1,1,1,1,1,1,1,1,0,1,1,1,0,1,1,1,0,1,0,0,1,1,,,,,,,1,0,0,0,0,0
MLI,1047012,2021,1047,12,2,1,3,1,1,1,1,1,1,1,0,1,1,0,0,1,1,1,0,1,0,0,1,0,,,,,,,0,0,0,0,0,0
MLI,1049001,2021,1049,1,2,1,4,1,1,1,1,1,1,1,0,0,0,0,0,1,1,0,0,0,0,0,0,0,,,,,,,0,0,0,0,0,0
MLI,1049002,2021,1049,2,2,1,1,1,1,1,1,1,1,1,0,0,0,0,0,1,1,1,0,0,0,0,1,0,,0.0,7.0,0.0,0.0,0.0,0,0,0,0,0,0
MLI,1049003,2021,1049,3,2,1,1,1,1,1,1,1,1,0,1,1,0,0,0,1,2,1,0,0,0,0,1,0,,,,,,,0,0,1,0,0,0
MLI,1049004,2021,1049,4,2,1,3,1,1,1,1,1,1,1,0,1,0,0,0,1,1,1,0,0,0,0,1,0,,,,,,,0,0,0,0,0,0
MLI,1049005,2021,1049,5,2,1,3,1,1,1,1,1,1,1,0,1,1,1,0,1,1,1,0,1,0,0,1,0,,,,,,,0,0,1,0,0,0
MLI,1049006,2021,1049,6,2,1,3,1,1,1,1,1,1,1,0,1,1,1,0,1,1,1,0,0,0,0,1,0,,,,,,,0,0,0,0,0,0
MLI,1049007,2021,1049,7,2,2,3,1,1,1,0,0,1,1,0,1,1,1,0,1,1,0,0,0,0,0,0,0,,,,,,,1,0,0,0,0,0
MLI,1049008,2021,1049,8,2,1,3,1,1,1,0,0,1,1,0,1,1,1,0,1,1,1,0,0,0,0,0,0,,,,,,,1,0,0,0,0,0
MLI,1049009,2021,1049,9,2,1,1,1,1,1,1,1,1,1,0,1,1,0,0,1,1,1,0,0,0,1,0,0,,0.0,6.0,0.0,0.0,0.0,0,0,0,0,0,0
MLI,1049010,2021,1049,10,2,2,1,1,1,1,1,1,1,1,0,1,1,0,0,1,1,1,0,1,0,0,1,0,,,,,,,0,0,0,0,0,0
MLI,1049011,2021,1049,11,2,2,3,1,1,1,1,1,1,1,0,1,0,0,0,1,1,1,0,0,0,0,0,0,,,,,,,0,0,0,0,0,0
MLI,1049012,2021,1049,12,2,1,4,1,1,1,1,1,1,1,0,1,0,1,0,1,1,0,0,0,0,0,0,0,,,,,,,0,0,0,0,0,0
MLI,1051001,2021,1051,1,1,1,1,1,1,1,1,1,1,1,0,1,1,1,0,1,1,1,0,1,0,0,1,1,,,,,,,0,0,1,0,0,0
MLI,1051002,2021,1051,2,1,2,1,1,1,1,1,1,1,1,0,1,0,0,0,1,1,1,0,0,0,0,1,0,,,,,,,0,0,1,0,0,0
MLI,1051003,2021,1051,3,1,1,4,1,1,1,1,1,1,1,0,1,0,0,0,1,1,1,0,0,0,0,1,0,,,,,,,0,0,0,0,0,0
MLI,1051004,2021,1051,4,1,2,2,1,1,0,1,1,1,1,0,1,0,1,1,1,1,1,0,1,0,0,0,0,,,,,,,0,0,0,0,0,0
MLI,1051005,2021,1051,5,1,2,4,1,1,1,1,1,1,1,0,1,1,0,0,1,1,1,0,0,0,0,1,0,,,,,,,0,0,1,0,0,0
MLI,1051006,2021,1051,6,1,1,3,1,1,1,1,1,1,1,0,1,1,0,0,1,1,1,0,0,0,0,0,0,,,,,,,0,0,1,0,0,0
MLI,1051007,2021,1051,7,1,2,3,1,1,1,1,1,1,1,0,1,1,0,0,1,1,1,0,0,0,0,1,0,,,,,,,0,0,1,0,0,0
MLI,1051008,2021,1051,8,1,2,3,1,1,1,1,1,1,1,0,1,0,0,0,1,1,1,0,0,0,0,0,0,,,,,,,0,0,0,0,0,0
MLI,1051009,2021,1051,9,1,1,4,1,1,1,1,1,1,1,0,1,1,0,0,1,1,1,0,0,0,0,0,0,,,,,,,0,0,1,0,0,0
MLI,1051010,2021,1051,10,1,1,2,1,1,1,1,1,1,1,0,1,0,0,0,1,1,1,0,0,0,0,1,0,,,,,,,0,0,0,0,0,0
MLI,1051011,2021,1051,11,1,2,3,1,1,1,0,0,1,1,0,1,0,0,0,1,1,0,0,0,0,0,0,0,,,,,,,0,0,1,0,0,0
MLI,1051012,2021,1051,12,1,1,2,1,1,1,1,1,1,1,0,1,0,1,0,1,1,1,0,0,0,0,1,0,,,,,,,0,0,0,0,0,0
MLI,1055001,2021,1055,1,2,2,3,1,1,1,1,1,1,1,0,1,1,0,0,1,1,1,0,0,0,0,1,0,,,,,,,0,0,0,0,0,0
MLI,1055002,2021,1055,2,2,1,1,1,1,1,1,1,1,1,0,1,1,0,0,1,1,1,0,0,0,0,1,0,,,,,,,0,0,0,0,0,0
MLI,1055003,2021,1055,3,2,2,3,1,1,1,0,0,1,1,0,1,1,1,0,1,1,1,0,0,0,0,1,0,,,,,,,0,0,0,0,0,0
MLI,1055004,2021,1055,4,2,2,3,1,1,1,0,0,1,1,0,1,0,0,0,1,1,1,0,0,0,0,1,0,,,,,,,0,0,0,1,0,0
MLI,1055005,2021,1055,5,2,2,1,1,1,0,1,1,0,0,1,1,0,0,0,2,2,0,0,0,0,0,0,0,,,,,,,0,0,1,0,0,0
MLI,1055006,2021,1055,6,2,2,4,1,1,0,1,1,0,0,1,1,0,0,0,2,2,0,0,0,0,0,0,0,,,,,,,1,0,0,0,0,0
MLI,1055007,2021,1055,7,2,2,1,1,1,1,1,1,1,1,0,1,1,1,0,1,1,1,0,1,0,0,1,1,,,,,,,0,0,0,0,0,0
MLI,1055008,2021,1055,8,2,1,3,1,1,1,0,0,0,1,0,1,1,0,0,3,1,0,0,0,0,0,0,0,,,,,,,1,0,0,0,0,0
MLI,1055009,2021,1055,9,2,2,3,1,1,1,0,0,1,1,0,1,1,1,0,1,1,1,0,0,0,0,1,0,,,,,,,0,0,1,0,0,0
MLI,1055010,2021,1055,10,2,1,1,1,1,1,1,1,1,1,0,1,0,0,0,1,1,1,0,0,0,0,1,0,,,,,,,0,0,0,0,0,0
MLI,1055011,2021,1055,11,2,2,3,1,1,1,0,0,1,1,0,1,0,0,0,1,1,1,0,0,0,0,1,0,,,,,,,0,0,0,0,0,0
MLI,1055012,2021,1055,12,2,1,3,1,1,1,0,0,1,1,0,1,0,0,0,1,1,1,0,0,0,0,1,0,,,,,,,0,0,0,0,0,0
MLI,1056001,2021,1056,1,1,2,1,1,1,1,1,1,1,1,0,1,1,1,1,1,1,1,1,1,0,1,1,0,,,,,,,0,0,1,0,0,0
MLI,1056002,2021,1056,2,1,2,4,1,1,1,1,1,0,1,0,1,1,0,0,2,1,0,0,0,0,0,0,0,0.781969428062439,,,,,,0,0,1,0,0,0
MLI,1056003,2021,1056,3,1,1,1,1,1,1,1,1,1,1,0,1,0,1,1,1,1,1,0,0,0,0,1,0,,,,,,,0,0,1,0,0,0
MLI,1056004,2021,1056,4,1,2,3,1,1,1,1,0,1,1,0,0,1,0,0,1,1,1,0,0,0,0,1,0,,,,,,,0,0,1,0,0,0
MLI,1056005,2021,1056,5,1,1,3,1,1,1,1,1,1,1,0,1,1,1,1,1,1,1,0,0,0,0,1,1,,,,,,,0,0,0,0,0,0
MLI,1056006,2021,1056,6,1,1,3,1,1,1,1,1,0,1,0,1,1,0,1,2,1,0,0,0,0,0,0,0,,,,,,,0,0,0,0,0,0
MLI,1056007,2021,1056,7,1,2,3,1,1,1,1,1,1,1,0,1,1,1,0,1,1,1,0,1,0,0,1,0,,,,,,,0,0,1,0,0,0
MLI,1056008,2021,1056,8,1,1,2,1,1,1,1,1,1,1,0,1,1,1,1,1,1,1,0,1,0,1,0,1,,,,,,,0,0,0,0,0,0
MLI,1056009,2021,1056,9,1,2,4,1,1,1,1,1,1,1,0,1,1,1,1,1,1,1,0,1,1,0,1,0,,,,,,,1,0,1,0,0,0
MLI,1056010,2021,1056,10,1,1,3,1,1,1,1,1,1,1,0,0,1,0,0,1,1,0,0,0,0,0,0,0,,,,,,,0,0,1,1,0,0
MLI,1056011,2021,1056,11,1,2,3,1,1,1,1,1,1,1,0,1,1,1,0,1,1,0,0,0,0,0,0,0,,,,,,,0,0,1,0,0,0
MLI,1056012,2021,1056,12,1,2,3,1,1,1,1,1,1,1,0,1,0,0,0,1,1,1,0,0,0,0,1,0,,,,,,,0,0,1,0,0,0
MLI,1059001,2021,1059,1,1,2,3,1,1,1,1,1,1,1,0,1,1,1,0,1,1,1,0,1,0,0,0,0,,,,,,,0,0,0,0,0,0
MLI,1059002,2021,1059,2,1,1,4,1,1,1,1,1,1,1,0,1,1,0,0,1,1,1,0,1,0,0,1,0,,,,,,,0,0,1,0,0,0
MLI,1059003,2021,1059,3,1,2,1,1,1,1,0,0,1,1,0,1,1,1,0,1,1,1,0,1,0,0,0,0,,,,,,,1,1,1,0,0,0
MLI,1059004,2021,1059,4,1,1,3,1,1,1,0,0,0,1,0,0,1,0,0,2,1,0,0,0,0,0,0,0,,,,,,,0,0,1,0,0,0
MLI,1059005,2021,1059,5,1,2,3,1,1,1,0,0,1,1,0,1,0,0,0,1,1,1,0,0,0,0,0,0,,,,,,,0,0,1,0,0,0
MLI,1059006,2021,1059,6,1,2,3,1,1,1,0,0,1,1,0,1,0,0,0,1,1,1,0,1,0,0,1,0,,,,,,,0,0,1,0,0,0
MLI,1059007,2021,1059,7,1,2,3,1,1,1,0,0,1,1,0,1,0,0,1,1,1,1,0,0,0,0,1,0,,,,,,,0,0,1,0,0,0
MLI,1059008,2021,1059,8,1,1,3,1,1,1,1,1,1,1,0,1,1,0,0,1,1,1,0,0,0,0,0,0,,,,,,,0,0,1,0,0,0
MLI,1059009,2021,1059,9,1,1,3,1,1,1,1,1,0,1,0,1,0,1,0,2,1,1,0,0,0,0,1,0,,,,,,,0,0,0,0,0,0
MLI,1059010,2021,1059,10,1,1,3,1,1,1,1,1,1,1,0,1,0,1,0,1,1,1,0,0,0,0,1,0,,,,,,,0,0,1,0,0,0
MLI,1059011,2021,1059,11,1,2,4,1,1,1,0,0,1,1,0,1,0,0,0,1,1,1,0,0,0,0,0,0,,,,,,,0,0,1,0,0,0
MLI,1059012,2021,1059,12,1,1,3,1,1,1,1,1,1,1,0,0,0,1,1,1,1,0,0,0,0,0,0,0,,,,,,,0,0,0,0,0,0
MLI,1061001,2021,1061,1,2,2,3,1,1,1,1,1,1,1,0,1,0,0,0,1,1,1,0,0,0,0,1,0,,,,,,,0,0,0,0,0,0
MLI,1061002,2021,1061,2,2,1,3,1,1,1,1,1,1,1,0,1,1,0,0,1,1,1,0,0,0,0,1,0,,,,,,,0,0,0,0,0,0
MLI,1061003,2021,1061,3,2,2,1,1,1,1,1,1,1,1,0,1,1,1,0,1,1,1,1,1,0,1,1,1,,,,,,,0,0,0,0,0,0
MLI,1061004,2021,1061,4,2,2,4,1,1,1,1,1,1,1,0,1,1,0,0,1,1,1,0,1,0,0,1,0,,,,,,,1,0,0,0,0,0
MLI,1061005,2021,1061,5,2,1,3,1,1,1,1,1,1,1,0,1,1,1,0,1,1,0,0,0,0,0,0,0,,,,,,,0,0,1,0,0,0
MLI,1061006,2021,1061,6,2,1,3,1,1,1,1,1,1,1,0,1,1,1,0,1,1,1,0,0,0,0,1,0,,,,,,,0,0,1,0,0,0
MLI,1061007,2021,1061,7,2,1,3,1,1,1,1,1,1,1,0,1,1,1,0,1,1,1,0,0,0,0,1,0,,,,,,,0,0,0,0,0,0
MLI,1061008,2021,1061,8,2,1,1,1,1,1,1,1,1,1,0,1,1,1,0,1,1,1,1,1,0,0,1,1,,,,,,,0,0,1,0,0,0
MLI,1061009,2021,1061,9,2,1,4,1,1,1,1,1,1,1,0,1,1,1,0,1,1,1,0,1,0,1,1,0,,,,,,,0,0,0,0,0,0
MLI,1061010,2021,1061,10,2,1,1,1,1,1,1,1,1,1,0,1,1,1,1,1,1,1,0,1,1,1,1,1,,,,,,,0,0,0,0,0,0
MLI,1061011,2021,1061,11,2,1,4,1,1,1,1,1,1,1,0,1,1,1,1,1,1,1,0,1,0,1,1,1,,,,,,,0,0,0,0,0,0
MLI,1061012,2021,1061,12,2,1,3,1,1,1,1,1,1,1,0,1,1,1,0,1,1,1,0,1,0,0,1,0,,,,,,,0,0,0,0,0,0
MLI,1062001,2021,1062,1,2,1,1,1,1,1,1,1,1,1,0,0,1,0,0,1,1,1,0,0,0,0,0,0,,,,,,,1,0,1,0,0,0
MLI,1062002,2021,1062,2,2,1,1,1,1,1,1,1,1,1,0,1,0,0,0,1,1,1,0,0,0,0,1,0,,,,,,,0,0,1,0,0,0
MLI,1062003,2021,1062,3,2,1,1,1,1,1,1,1,1,1,0,1,1,0,0,1,1,1,0,1,0,1,1,1,,,,,,,0,0,0,0,0,0
MLI,1062004,2021,1062,4,2,1,3,1,1,1,1,1,1,1,0,1,0,0,0,1,1,1,0,0,0,0,1,0,,,,,,,0,0,0,0,0,0
MLI,1062005,2021,1062,5,2,1,1,1,1,1,1,1,1,1,0,1,1,1,0,1,1,1,0,1,0,0,1,0,,,,,,,0,0,0,0,0,0
MLI,1062006,2021,1062,6,2,1,4,1,1,1,1,1,1,1,0,1,1,1,0,1,1,0,0,1,0,0,0,0,,,,,,,1,0,0,0,0,0
MLI,1062007,2021,1062,7,2,1,3,1,1,1,1,1,1,1,0,1,1,1,0,1,1,0,0,0,0,0,0,0,,,,,,,1,0,0,0,0,0
MLI,1062008,2021,1062,8,2,1,1,1,1,1,1,1,1,1,0,1,1,1,0,1,1,1,1,1,1,1,1,1,,,,,,,0,0,0,0,0,0
MLI,1062009,2021,1062,9,2,1,1,1,1,1,1,1,1,1,0,1,1,0,0,1,1,0,0,0,0,0,0,0,,,,,,,0,0,0,0,0,0
MLI,1062010,2021,1062,10,2,1,4,1,1,1,1,1,1,1,0,1,0,0,0,1,1,1,0,0,0,0,1,0,,,,,,,0,0,0,0,0,0
MLI,1062011,2021,1062,11,2,1,1,1,1,1,1,1,1,1,0,1,1,1,0,1,1,1,0,0,0,0,1,0,,,,,,,1,0,0,0,0,0
MLI,1062012,2021,1062,12,2,2,3,1,1,1,1,1,1,1,0,1,0,0,0,1,1,1,0,0,0,0,1,0,,,,,,,0,0,0,0,0,0
MLI,1065001,2021,1065,1,1,1,1,1,1,0,1,1,1,1,0,1,1,0,1,1,1,1,0,0,0,0,1,0,,,,,,,0,0,0,0,0,0
MLI,1065002,2021,1065,2,1,1,1,1,1,1,1,1,1,1,0,1,1,0,1,1,1,0,0,0,0,0,0,0,,,,,,,0,0,0,0,0,0
MLI,1065003,2021,1065,3,1,2,2,1,1,1,1,1,1,1,0,1,1,1,0,1,1,1,0,0,0,0,0,0,,,,,,,0,0,0,0,0,0
MLI,1065004,2021,1065,4,1,1,3,1,1,1,1,1,1,1,0,1,1,0,0,1,1,1,0,0,0,0,1,0,,,,,,,0,0,0,0,0,0
MLI,1065005,2021,1065,5,1,1,3,1,1,1,1,1,1,1,0,1,1,1,0,1,1,1,0,1,0,0,1,0,,,,,,,0,0,0,0,0,0
MLI,1065006,2021,1065,6,1,2,1,1,1,1,1,1,1,1,0,1,1,1,1,1,1,1,0,0,0,0,1,0,,0.0,1.0,0.0,0.0,2.0,0,0,0,0,0,0
MLI,1065007,2021,1065,7,1,1,2,1,1,1,1,1,1,1,0,1,1,1,0,1,1,1,0,0,0,0,1,0,,,,,,,0,0,0,0,0,0
MLI,1065008,2021,1065,8,1,2,1,1,1,1,1,1,0,1,0,1,1,1,0,4,1,1,0,1,0,0,1,1,,,,,,,1,0,0,0,0,0
MLI,1065009,2021,1065,9,1,2,3,1,1,1,1,1,1,1,0,1,1,1,0,1,1,1,0,1,0,1,1,0,,0.0,0.0,0.0,0.0,8.0,0,0,0,0,0,0
MLI,1065010,2021,1065,10,1,2,3,1,1,1,1,1,1,1,0,1,1,1,0,1,1,1,0,0,0,0,1,0,,,,,,,0,0,1,0,0,0
MLI,1065011,2021,1065,11,1,2,3,1,1,1,1,1,1,1,0,1,1,0,0,1,1,1,0,0,0,0,1,0,,,,,,,0,0,0,0,0,0
MLI,1065012,2021,1065,12,1,2,1,1,1,1,1,1,1,1,0,1,0,1,0,1,1,1,0,0,0,1,1,0,1.0545113682746887,0.0,0.0,0.0,0.0,23.0,1,0,1,1,0,0
MLI,1066001,2021,1066,1,2,1,4,1,1,1,1,1,1,1,0,1,1,1,0,1,1,1,0,0,0,0,0,0,,,,,,,0,0,0,0,0,0
MLI,1066002,2021,1066,2,2,2,3,1,1,1,1,1,1,1,0,1,0,0,0,1,1,1,0,0,0,0,1,0,,,,,,,0,0,0,0,0,0
MLI,1066003,2021,1066,3,2,1,3,1,1,0,1,1,1,1,0,1,0,0,0,1,1,0,0,0,0,0,0,0,,,,,,,0,0,0,0,0,0
MLI,1066004,2021,1066,4,2,1,3,1,1,1,1,1,1,1,0,1,0,0,0,1,1,1,0,0,0,0,1,0,,,,,,,0,0,0,0,0,0
MLI,1066005,2021,1066,5,2,1,1,1,1,1,1,1,1,1,0,1,1,1,0,1,1,0,0,0,0,0,0,0,,,,,,,1,0,0,0,0,0
MLI,1066006,2021,1066,6,2,1,1,1,1,1,1,1,1,1,0,1,1,1,0,1,1,1,0,1,0,0,1,0,,,,,,,0,0,0,0,0,1
MLI,1066007,2021,1066,7,2,2,1,1,1,1,1,1,1,1,0,1,1,1,0,1,1,1,0,1,0,0,1,1,,,,,,,0,0,0,0,0,0
MLI,1066008,2021,1066,8,2,2,3,1,1,1,1,1,1,1,0,1,1,1,0,1,1,1,0,1,0,0,1,0,,,,,,,1,0,0,0,0,0
MLI,1066009,2021,1066,9,2,1,3,1,1,1,0,0,1,1,0,1,0,0,0,1,1,1,0,1,0,0,1,0,,,,,,,0,0,0,0,0,0
MLI,1066010,2021,1066,10,2,2,3,1,1,1,0,0,1,1,0,1,1,1,0,1,1,1,0,0,0,0,1,0,,,,,,,0,0,0,1,0,0
MLI,1066011,2021,1066,11,2,1,3,1,1,1,0,0,1,1,0,1,0,0,0,1,1,1,0,0,0,0,1,0,,,,,,,0,0,0,0,0,0
MLI,1066012,2021,1066,12,2,1,3,1,1,1,0,0,1,1,0,1,1,0,0,1,1,1,0,0,0,0,1,0,,,,,,,0,0,0,0,0,0
MLI,1073001,2021,1073,1,2,1,1,1,1,1,1,1,1,1,0,1,0,0,0,1,1,1,0,0,0,0,1,0,,,,,,,0,0,0,0,0,0
MLI,1073002,2021,1073,2,2,1,1,1,1,1,1,1,1,1,0,1,1,1,1,1,1,1,0,0,0,0,0,0,,,,,,,1,0,0,0,0,0
MLI,1073003,2021,1073,3,2,1,3,1,1,1,1,1,0,1,0,1,0,0,0,2,1,1,0,0,0,0,0,0,,,,,,,0,0,0,0,0,0
MLI,1073004,2021,1073,4,2,1,1,1,1,0,1,1,0,1,0,1,0,0,0,2,1,0,0,0,0,0,0,0,,,,,,,0,0,0,0,0,0
MLI,1073005,2021,1073,5,2,1,1,1,1,1,1,1,1,1,0,1,0,1,0,1,1,1,0,0,0,0,0,0,,,,,,,1,0,0,0,0,0
MLI,1073006,2021,1073,6,2,1,1,1,1,1,1,1,1,1,0,1,1,1,0,1,1,1,0,1,0,0,0,0,,,,,,,0,0,1,0,0,0
MLI,1073007,2021,1073,7,2,1,1,1,1,1,1,1,1,1,0,1,1,1,0,1,1,1,0,1,0,0,1,1,,,,,,,0,0,0,0,0,0
MLI,1073008,2021,1073,8,2,1,1,1,1,1,0,0,1,1,0,1,1,1,0,1,1,1,0,1,0,0,1,0,,,,,,,0,0,1,0,0,0
MLI,1073009,2021,1073,9,2,1,4,1,1,1,0,0,1,1,0,1,0,0,0,1,1,1,0,1,0,1,1,1,,,,,,,0,0,0,0,0,0
MLI,1073010,2021,1073,10,2,2,4,1,1,1,0,0,1,1,0,1,0,0,1,1,1,1,0,1,0,0,1,0,,,,,,,0,0,0,0,0,0
MLI,1073011,2021,1073,11,2,2,3,1,1,1,1,1,1,1,0,1,0,0,1,1,1,1,0,1,0,0,1,0,,,,,,,0,0,0,0,0,0
MLI,1073012,2021,1073,12,2,2,3,1,1,1,0,0,1,1,0,1,0,0,0,1,1,1,0,0,0,0,1,0,,,,,,,0,0,0,0,0,0
MLI,1074001,2021,1074,1,1,2,1,1,1,1,1,1,1,1,0,1,1,1,0,1,1,1,0,1,0,0,1,1,,,,,,,0,0,1,0,0,0
MLI,1074002,2021,1074,2,1,2,4,1,1,1,1,1,1,1,0,1,1,1,1,1,1,0,0,0,0,0,0,0,,,,,,,0,0,1,0,0,0
MLI,1074003,2021,1074,3,1,2,1,1,1,1,0,0,1,1,0,1,1,1,1,1,1,1,1,1,1,1,1,1,,,,,,,0,0,0,0,0,0
MLI,1074004,2021,1074,4,1,2,3,1,1,1,1,1,1,1,0,1,1,1,1,1,1,1,0,1,0,0,1,0,,,,,,,0,0,0,1,0,0
MLI,1074005,2021,1074,5,1,2,4,1,1,1,1,1,1,1,0,1,1,1,0,1,1,1,0,1,0,0,1,0,,,,,,,0,0,1,0,0,0
MLI,1074006,2021,1074,6,1,2,2,1,1,1,1,1,1,1,0,1,1,1,1,1,1,1,0,1,0,0,0,1,,,,,,,0,0,0,0,0,0
MLI,1074007,2021,1074,7,1,2,1,1,1,1,1,1,1,1,0,1,1,1,1,1,1,1,0,0,0,0,0,1,,3.0,5.0,0.0,0.0,0.0,0,0,0,0,0,0
MLI,1074008,2021,1074,8,1,1,2,1,1,1,1,1,1,1,0,1,0,0,0,1,1,1,0,1,0,0,1,1,,,,,,,0,0,1,0,0,0
MLI,1074009,2021,1074,9,1,2,3,1,1,1,1,1,1,1,0,1,1,1,0,1,1,1,0,0,0,0,1,0,,,,,,,0,0,1,0,0,0
MLI,1074010,2021,1074,10,1,1,1,1,1,1,1,1,1,1,0,1,1,1,1,1,1,1,0,1,0,0,0,0,,,,,,,0,0,1,0,0,0
MLI,1074011,2021,1074,11,1,2,1,1,1,1,1,1,1,1,0,1,1,1,0,1,1,1,0,1,0,1,1,1,,,,,,,0,0,1,0,0,0
MLI,1074012,2021,1074,12,1,2,1,1,1,1,0,0,1,1,0,1,1,1,1,1,1,1,1,1,1,1,1,1,,,,,,,0,0,1,0,0,0
MLI,1075001,2021,1075,1,1,1,1,1,1,1,1,1,1,1,0,1,1,0,0,1,1,1,0,1,0,0,1,0,,,,,,,0,0,0,0,0,0
MLI,1075002,2021,1075,2,1,2,1,1,1,1,1,1,1,1,0,1,1,0,1,1,1,1,0,1,0,0,1,1,,,,,,,0,0,0,0,0,0
MLI,1075003,2021,1075,3,1,1,1,1,1,1,1,1,1,1,0,1,1,0,1,1,1,1,0,1,0,0,1,0,,,,,,,0,0,0,0,0,0
MLI,1075004,2021,1075,4,1,1,1,1,1,1,1,1,1,1,0,1,1,0,0,1,1,1,0,1,0,0,1,0,,,,,,,1,0,0,0,0,0
MLI,1075005,2021,1075,5,1,1,2,1,1,1,1,1,1,1,0,1,1,1,0,1,1,1,0,0,0,0,1,0,,,,,,,0,0,0,0,0,0
MLI,1075006,2021,1075,6,1,2,3,1,1,1,1,1,1,1,0,1,1,1,0,1,1,1,0,0,0,0,0,0,,,,,,,0,0,0,0,0,0
MLI,1075007,2021,1075,7,1,1,1,1,1,1,1,1,1,1,0,1,1,1,1,1,1,1,0,1,0,0,1,1,,,,,,,0,0,0,0,0,0
MLI,1075008,2021,1075,8,1,2,3,1,1,1,1,1,0,1,0,1,1,1,1,2,1,1,0,0,0,0,1,0,,,,,,,1,0,1,0,0,0
MLI,1075009,2021,1075,9,1,1,3,1,1,1,1,1,1,1,0,1,1,1,1,1,1,1,0,1,0,0,1,0,,,,,,,1,0,0,0,0,0
MLI,1075010,2021,1075,10,1,2,1,1,1,1,1,1,1,1,0,1,1,1,1,1,1,1,1,1,0,1,1,1,1.1191576719284058,6.0,0.0,0.0,0.0,0.0,0,0,0,1,0,0
MLI,1075011,2021,1075,11,1,2,3,1,1,1,1,1,1,1,0,1,1,1,1,1,1,1,0,1,0,1,1,1,,,,,,,0,0,0,0,0,0
MLI,1075012,2021,1075,12,1,1,3,1,1,1,1,1,1,1,0,1,0,1,0,1,1,1,0,0,0,0,0,0,,,,,,,0,0,0,0,0,0
MLI,1078001,2021,1078,1,2,1,1,1,1,1,1,1,1,1,0,1,1,0,0,1,1,1,0,1,0,1,1,1,,,,,,,0,0,0,0,0,0
MLI,1078002,2021,1078,2,2,1,3,1,1,1,1,1,1,1,0,1,0,0,0,1,1,1,0,1,0,0,1,0,,,,,,,0,0,1,0,0,0
MLI,1078003,2021,1078,3,2,2,3,1,1,1,0,0,1,1,0,1,1,0,0,1,1,0,0,0,0,0,0,0,,,,,,,0,0,0,0,0,0
MLI,1078004,2021,1078,4,2,1,1,1,1,1,1,1,1,1,0,1,1,0,0,1,1,1,0,0,0,0,1,0,,,,,,,0,0,0,0,0,0
MLI,1078005,2021,1078,5,2,1,1,1,1,1,1,1,1,1,0,1,1,1,0,1,1,1,0,0,0,0,1,0,,0.0,3.0,0.0,0.0,3.0,0,0,1,0,0,0
MLI,1078006,2021,1078,6,2,1,1,1,1,1,1,1,1,1,0,1,1,1,0,1,1,1,0,0,0,0,1,1,,,,,,,1,0,0,0,0,0
MLI,1078007,2021,1078,7,2,1,1,1,1,1,1,1,1,1,0,1,1,1,0,1,1,1,0,0,0,0,1,0,,,,,,,1,0,0,0,0,0
MLI,1078008,2021,1078,8,2,1,1,1,1,1,1,1,1,1,0,1,1,1,0,1,1,1,0,1,0,0,1,0,,,,,,,1,0,0,0,0,0
MLI,1078009,2021,1078,9,2,1,4,1,1,1,1,1,1,1,0,1,0,0,0,1,1,1,0,0,0,0,1,0,,,,,,,0,0,0,0,0,0
MLI,1078010,2021,1078,10,2,1,4,1,1,1,1,1,1,1,0,1,1,0,0,1,1,1,0,0,0,1,1,0,,,,,,,1,0,0,0,0,0
MLI,1078011,2021,1078,11,2,2,3,1,1,1,1,1,1,1,0,1,0,0,0,1,1,1,0,1,0,0,1,1,,,,,,,0,0,0,0,0,0
MLI,1078012,2021,1078,12,2,1,4,1,1,1,1,1,1,1,0,1,1,0,0,1,1,1,0,0,0,0,1,0,,,,,,,0,0,0,0,0,0
MLI,1079001,2021,1079,1,2,1,1,1,1,1,1,1,1,1,0,1,1,0,0,1,1,1,0,0,0,0,1,0,,,,,,,0,0,0,0,0,0
MLI,1079002,2021,1079,2,2,1,3,1,1,1,1,1,1,1,0,1,0,0,0,1,1,1,0,1,0,0,0,0,,,,,,,0,0,0,0,0,0
MLI,1079003,2021,1079,3,2,1,1,1,1,1,1,1,1,1,0,1,1,1,0,1,1,1,0,1,1,0,1,1,,,,,,,0,0,0,0,0,0
MLI,1079004,2021,1079,4,2,1,3,1,1,1,1,1,1,1,0,1,0,0,0,1,1,1,0,1,0,0,1,0,,,,,,,0,0,0,0,0,0
MLI,1079005,2021,1079,5,2,1,1,1,1,1,1,1,1,1,0,1,1,1,0,1,1,1,0,1,0,0,1,0,,,,,,,1,0,0,0,0,0
MLI,1079006,2021,1079,6,2,1,1,1,1,1,1,1,1,1,0,1,1,1,0,1,1,1,0,1,0,0,1,0,,,,,,,1,0,0,0,0,0
MLI,1079007,2021,1079,7,2,1,1,1,1,1,1,1,1,1,0,1,1,1,0,1,1,1,0,1,0,0,1,1,,,,,,,1,0,0,0,0,0
MLI,1079008,2021,1079,8,2,1,1,1,1,1,1,1,1,1,0,1,1,1,0,1,1,1,0,1,0,0,1,0,,,,,,,0,0,1,0,0,0
MLI,1079009,2021,1079,9,2,1,3,1,1,0,0,0,1,1,0,1,0,0,0,1,1,0,0,0,0,0,0,0,,,,,,,0,0,0,0,0,0
MLI,1079010,2021,1079,10,2,1,4,1,1,1,1,1,1,1,0,1,1,1,0,1,1,1,0,0,0,0,1,1,,,,,,,0,0,0,0,0,0
MLI,1079011,2021,1079,11,2,1,3,1,1,1,1,1,1,1,0,1,1,0,0,1,1,1,0,1,0,1,1,0,,,,,,,0,0,0,0,0,0
MLI,1079012,2021,1079,12,2,1,3,1,1,1,1,1,0,0,0,1,0,0,0,4,5,0,0,0,0,0,0,0,,,,,,,0,0,0,0,0,0
MLI,1082001,2021,1082,1,1,2,3,1,1,1,1,1,1,1,0,1,0,1,1,1,1,1,0,0,0,1,1,0,,,,,,,0,1,1,1,1,0
MLI,1082002,2021,1082,2,1,1,4,1,1,1,1,1,1,1,0,1,0,1,0,1,1,0,0,0,0,0,0,0,,0.0,0.0,0.0,0.0,2.0,0,0,1,0,0,0
MLI,1082003,2021,1082,3,1,1,1,1,1,1,1,1,1,1,0,1,1,1,0,1,1,1,0,1,0,1,1,1,,0.0,31.0,0.0,0.0,0.0,1,0,0,0,0,0
MLI,1082004,2021,1082,4,1,1,1,1,1,1,1,1,1,0,0,1,1,1,1,1,6,1,0,1,0,1,1,1,,,,,,,1,0,0,0,0,0
MLI,1082005,2021,1082,5,1,1,3,1,1,1,1,1,1,1,0,1,1,1,1,1,1,1,0,1,0,0,0,0,,,,,,,0,1,0,0,0,0
MLI,1082006,2021,1082,6,1,2,3,1,1,1,1,1,1,1,0,1,0,1,0,1,1,1,0,0,0,0,1,0,,,,,,,0,1,1,0,0,0
MLI,1082007,2021,1082,7,1,2,1,1,1,1,1,1,1,1,0,1,1,1,1,1,1,1,0,0,0,1,1,1,,,,,,,0,0,0,0,0,0
MLI,1082008,2021,1082,8,1,2,3,1,1,1,0,0,1,1,0,1,1,1,1,1,1,1,0,1,0,0,1,0,,,,,,,0,1,1,0,0,0
MLI,1082009,2021,1082,9,1,1,3,1,1,1,1,1,1,1,0,1,1,1,1,1,1,1,0,1,0,1,1,1,,2.0,0.0,0.0,0.0,0.0,0,0,1,1,0,0
MLI,1082010,2021,1082,10,1,1,3,1,1,1,1,1,1,1,0,1,1,1,1,1,1,1,0,0,0,0,1,0,,,,,,,0,0,0,0,0,0
MLI,1082011,2021,1082,11,1,2,4,1,1,1,1,1,0,0,0,1,1,1,1,4,5,0,0,0,0,0,0,0,,0.0,0.0,0.0,0.0,17.0,0,0,1,1,0,0
MLI,1082012,2021,1082,12,1,2,3,1,1,1,1,1,1,1,0,1,1,0,1,1,1,1,0,0,0,0,1,0,,,,,,,0,0,0,0,0,0
MLI,1083001,2021,1083,1,2,1,1,1,1,1,1,1,1,1,0,1,0,0,0,1,1,1,0,1,0,1,1,0,,,,,,,1,0,0,0,0,0
MLI,1083002,2021,1083,2,2,1,1,1,1,1,1,1,1,1,0,1,0,0,0,1,1,1,0,1,0,0,1,0,,,,,,,0,0,0,0,0,0
MLI,1083003,2021,1083,3,2,1,1,1,1,1,1,1,1,1,0,1,1,1,1,1,1,1,0,1,0,1,1,1,,,,,,,0,0,0,0,0,0
MLI,1083004,2021,1083,4,2,1,1,1,1,1,1,1,1,1,0,1,1,0,1,1,1,1,0,1,0,1,1,0,,,,,,,0,0,0,0,0,0
MLI,1083005,2021,1083,5,2,1,1,1,1,1,1,1,1,1,0,1,1,1,0,1,1,1,0,0,0,0,0,0,,,,,,,1,0,0,0,0,0
MLI,1083006,2021,1083,6,2,1,1,1,1,1,0,1,1,1,0,1,1,1,0,1,1,1,1,1,0,1,1,1,,,,,,,0,0,1,0,0,0
MLI,1083007,2021,1083,7,2,1,1,1,1,1,1,1,1,1,0,1,1,1,0,1,1,1,0,1,0,0,1,1,,,,,,,0,0,1,0,0,0
MLI,1083008,2021,1083,8,2,1,1,1,1,1,1,1,1,1,0,1,1,1,0,1,1,1,0,0,0,0,1,0,,,,,,,1,0,0,0,0,0
MLI,1083009,2021,1083,9,2,1,4,1,1,1,1,1,1,1,0,1,0,0,0,1,1,1,0,0,0,0,0,0,,,,,,,0,0,0,0,0,0
MLI,1083010,2021,1083,10,2,1,4,1,1,1,1,1,1,1,0,1,0,0,0,1,1,1,0,0,0,0,0,0,,,,,,,0,0,0,0,0,0
MLI,1083011,2021,1083,11,2,2,3,1,1,1,0,0,1,1,0,1,0,0,0,1,1,1,0,0,0,0,0,0,,,,,,,0,0,0,0,0,0
MLI,1083012,2021,1083,12,2,2,4,1,1,1,1,1,1,1,0,1,1,1,1,1,1,1,1,0,0,0,1,0,,,,,,,0,0,0,0,0,0
MLI,1084001,2021,1084,1,1,1,4,1,1,1,1,1,1,1,0,1,1,0,1,1,1,0,0,1,0,0,0,0,,,,,,,0,0,0,0,0,0
MLI,1084002,2021,1084,2,1,1,4,1,1,1,1,1,1,1,0,1,1,0,0,1,1,1,0,0,0,0,1,0,,,,,,,1,0,0,0,0,0
MLI,1084003,2021,1084,3,1,2,1,1,1,1,1,1,1,1,0,1,1,1,1,1,1,1,0,0,0,0,1,0,,,,,,,0,0,0,1,0,0
MLI,1084004,2021,1084,4,1,1,1,1,1,1,1,1,1,1,0,1,1,0,0,1,1,1,0,1,0,1,1,1,,,,,,,0,0,0,0,0,0
MLI,1084005,2021,1084,5,1,2,1,1,1,1,1,1,1,1,0,1,1,0,1,1,1,1,0,0,0,0,1,0,,,,,,,0,0,0,0,0,0
MLI,1084006,2021,1084,6,1,2,1,1,1,1,1,1,1,1,0,1,1,1,1,1,1,1,0,0,0,0,1,0,,,,,,,1,0,0,0,0,0
MLI,1084007,2021,1084,7,1,1,1,1,1,1,1,1,1,1,0,1,1,1,1,1,1,1,0,1,0,0,1,1,2.606403112411499,0.0,8.0,0.0,0.0,0.0,0,0,1,0,0,0
MLI,1084008,2021,1084,8,1,2,3,1,1,1,1,1,1,1,0,1,1,1,0,1,1,1,0,0,0,0,1,0,,,,,,,1,0,1,1,0,0
MLI,1084009,2021,1084,9,1,1,1,1,1,1,1,1,1,1,0,1,0,1,1,1,1,1,0,0,0,0,1,0,,,,,,,0,1,0,1,0,0
MLI,1084010,2021,1084,10,1,2,4,1,1,1,1,1,1,1,0,1,0,1,1,1,1,1,0,0,0,0,1,0,,,,,,,1,0,1,1,0,0
MLI,1084011,2021,1084,11,1,1,3,1,1,1,1,1,1,1,0,1,0,1,0,1,1,1,0,0,0,0,1,0,,,,,,,0,0,1,0,0,0
MLI,1084012,2021,1084,12,1,1,1,1,1,1,1,1,1,1,0,1,1,1,1,1,1,1,0,1,0,0,1,0,,,,,,,0,0,0,0,0,0
MLI,1086001,2021,1086,1,1,1,1,1,1,1,1,1,1,1,0,1,1,1,0,1,1,1,1,1,0,1,1,1,,0.0,9.0,0.0,0.0,0.0,0,0,0,0,0,0
MLI,1086002,2021,1086,2,1,2,1,1,1,1,1,1,1,1,0,1,1,1,1,1,1,1,0,1,0,1,1,0,,,,,,,0,0,0,0,0,0
MLI,1086003,2021,1086,3,1,2,3,1,1,1,1,1,1,1,0,1,1,1,1,1,1,0,0,0,0,0,0,0,,,,,,,0,0,0,0,0,0
MLI,1086004,2021,1086,4,1,2,4,1,1,1,1,1,1,1,0,1,1,1,0,1,1,1,0,1,0,0,1,0,,,,,,,1,0,0,0,0,0
MLI,1086005,2021,1086,5,1,1,3,1,1,1,1,1,1,1,0,1,1,1,1,1,1,1,1,1,0,0,1,1,,,,,,,0,0,0,0,0,0
MLI,1086006,2021,1086,6,1,1,4,1,1,1,1,1,0,0,0,0,0,1,0,4,5,0,0,0,0,0,0,0,0.29364845156669617,2.0,0.0,0.0,0.0,5.0,0,0,0,0,0,0
MLI,1086007,2021,1086,7,1,1,3,1,1,1,1,1,1,1,0,1,1,1,1,1,1,1,0,1,0,1,1,1,,,,,,,0,0,0,0,0,0
MLI,1086008,2021,1086,8,1,1,1,1,1,1,1,1,1,1,0,1,1,1,1,1,1,0,0,1,0,1,1,1,,0.0,2.0,0.0,0.0,0.0,0,0,0,0,0,0
MLI,1086009,2021,1086,9,1,2,4,1,1,1,1,1,1,1,0,1,1,1,0,1,1,1,0,1,0,0,1,0,,,,,,,0,0,0,0,0,0
MLI,1086010,2021,1086,10,1,1,1,1,1,1,1,1,1,1,0,1,1,1,0,1,1,1,0,1,0,0,1,0,,,,,,,0,0,0,0,0,0
MLI,1086011,2021,1086,11,1,1,1,1,1,1,1,1,1,1,0,1,1,1,1,1,1,1,0,0,0,1,1,0,,,,,,,0,0,1,0,0,0
MLI,1086012,2021,1086,12,1,1,3,1,1,1,1,1,1,1,0,1,1,1,1,1,1,1,0,1,0,0,1,0,,,,,,,0,0,1,0,0,0
MLI,1089001,2021,1089,1,2,1,2,1,1,1,1,1,1,1,0,1,1,1,1,1,1,1,1,1,0,1,1,1,,,,,,,1,0,1,0,0,0
MLI,1089002,2021,1089,2,2,1,3,1,1,1,1,1,1,1,0,1,1,1,0,1,1,1,0,1,0,1,1,1,,,,,,,1,0,1,0,0,0
MLI,1089003,2021,1089,3,2,2,3,1,1,1,1,1,1,1,0,1,0,1,0,1,1,1,0,1,0,0,1,0,,0.0,0.0,0.0,0.0,6.0,1,0,1,0,0,0
MLI,1089004,2021,1089,4,2,1,3,1,1,1,1,1,1,1,0,1,1,1,1,1,1,1,0,1,0,0,1,0,,0.0,3.0,0.0,0.0,0.0,1,0,1,1,0,0
MLI,1089005,2021,1089,5,2,2,3,1,1,1,1,1,1,1,0,1,1,1,1,1,1,1,0,1,0,0,0,0,,,,,,,0,0,0,0,0,0
MLI,1089006,2021,1089,6,2,1,1,1,1,1,1,1,1,1,0,1,1,1,1,1,1,0,0,1,0,0,0,0,,,,,,,1,0,0,0,0,0
MLI,1089007,2021,1089,7,2,2,1,1,1,1,1,1,1,1,0,1,1,1,1,1,1,1,0,0,0,0,1,0,,,,,,,0,0,0,0,0,0
MLI,1089008,2021,1089,8,2,1,1,1,1,1,1,1,1,1,0,1,1,1,1,1,1,1,0,1,0,0,0,0,,,,,,,1,0,0,0,0,0
MLI,1089009,2021,1089,9,2,1,3,1,1,1,1,1,1,1,0,1,1,1,1,1,1,1,1,0,0,0,1,0,,,,,,,0,0,0,0,0,0
MLI,1089010,2021,1089,10,2,2,3,1,1,1,1,1,1,1,0,0,1,1,1,1,1,0,0,1,0,0,1,0,,,,,,,0,0,0,1,0,0
MLI,1089011,2021,1089,11,2,1,3,1,1,1,1,1,1,1,0,1,0,0,1,1,1,1,0,0,0,0,1,0,,,,,,,0,0,0,0,0,0
MLI,1089012,2021,1089,12,2,1,3,1,1,1,1,1,1,1,0,1,1,1,1,1,1,1,1,0,0,0,1,0,,,,,,,0,0,1,0,0,0
MLI,1090001,2021,1090,1,2,1,3,1,1,1,1,1,1,1,0,1,0,0,0,1,1,1,0,0,0,0,0,0,,,,,,,0,0,1,1,0,0
MLI,1090002,2021,1090,2,2,1,1,1,1,1,1,1,1,1,0,1,1,1,1,1,1,1,0,1,0,1,1,1,,0.0,2.0,0.0,0.0,0.0,1,0,1,0,0,0
MLI,1090003,2021,1090,3,2,1,3,1,1,1,1,1,1,1,0,1,1,1,0,1,1,1,0,1,0,1,1,0,,,,,,,0,0,1,1,0,0
MLI,1090004,2021,1090,4,2,1,1,1,1,1,1,1,1,1,0,1,0,0,0,1,1,1,0,1,0,0,1,0,,0.0,2.0,0.0,0.0,30.0,1,0,1,0,0,0
MLI,1090005,2021,1090,5,2,2,4,1,1,1,1,1,1,1,0,1,0,0,1,1,1,1,0,0,0,0,0,0,,,,,,,1,0,0,0,0,0
MLI,1090006,2021,1090,6,2,1,1,1,1,1,1,1,1,1,0,1,0,0,0,1,1,1,0,1,0,0,1,0,,,,,,,1,0,1,0,0,0
MLI,1090007,2021,1090,7,2,1,3,1,1,1,1,1,1,1,0,1,1,1,0,1,1,0,0,0,0,0,1,0,,,,,,,0,0,1,0,0,0
MLI,1090008,2021,1090,8,2,1,1,1,1,1,1,1,1,1,0,1,0,0,0,1,1,0,0,0,0,0,0,0,,,,,,,0,0,1,1,0,0
MLI,1090009,2021,1090,9,2,1,3,1,1,1,0,0,0,0,0,1,0,1,0,4,5,0,0,0,0,0,0,0,,,,,,,0,0,0,0,0,0
MLI,1090010,2021,1090,10,2,1,1,1,1,1,1,1,1,1,0,1,1,1,1,1,1,1,1,1,0,1,1,1,,,,,,,0,0,0,0,0,0
MLI,1090011,2021,1090,11,2,1,3,1,1,1,1,1,1,1,0,1,1,1,1,1,1,1,1,1,0,1,0,1,,,,,,,0,0,0,0,0,0
MLI,1090012,2021,1090,12,2,2,3,1,1,1,1,1,1,1,0,1,0,0,1,1,1,0,0,0,0,0,1,0,,,,,,,0,0,1,0,0,0
MLI,1093001,2021,1093,1,1,1,4,1,1,1,1,1,1,1,0,1,0,1,0,1,1,1,0,0,0,0,1,0,,,,,,,0,0,0,0,0,0
MLI,1093002,2021,1093,2,1,2,2,1,1,1,1,1,1,1,0,1,0,1,0,1,1,1,0,0,0,0,1,0,,,,,,,0,0,0,0,0,0
MLI,1093003,2021,1093,3,1,1,1,1,1,1,1,1,1,1,0,1,1,1,1,1,1,1,0,1,0,1,1,0,,,,,,,0,0,0,0,0,0
MLI,1093004,2021,1093,4,1,1,1,1,1,1,1,1,1,1,0,1,1,1,1,1,1,1,1,1,0,1,1,1,,,,,,,0,0,0,0,0,0
MLI,1093005,2021,1093,5,1,2,3,1,1,1,1,1,1,1,0,1,1,0,0,1,1,1,0,0,0,0,1,1,,,,,,,1,0,0,0,0,0
MLI,1093006,2021,1093,6,1,1,1,1,1,1,1,1,1,1,0,1,1,1,1,1,1,1,0,1,0,0,1,1,,,,,,,0,0,1,0,0,0
MLI,1093007,2021,1093,7,1,1,1,1,1,1,1,1,1,1,0,1,1,1,1,1,1,1,0,1,0,1,1,1,,,,,,,1,0,1,1,0,0
MLI,1093008,2021,1093,8,1,1,3,1,1,1,1,1,1,1,0,1,1,1,1,1,1,1,0,1,0,1,0,0,,,,,,,1,0,1,0,0,0
MLI,1093009,2021,1093,9,1,2,1,1,1,1,1,1,1,1,0,1,1,0,0,1,1,1,0,0,0,0,1,0,,0.0,2.0,0.0,0.0,0.0,0,0,0,0,0,0
MLI,1093010,2021,1093,10,1,1,1,1,1,1,1,1,1,1,0,1,1,1,0,1,1,1,0,1,0,1,1,1,,0.0,5.0,0.0,0.0,0.0,0,0,0,0,0,0
MLI,1093011,2021,1093,11,1,1,1,1,1,1,1,1,1,1,0,1,1,0,0,1,1,1,0,0,0,0,1,0,,8.0,0.0,0.0,0.0,0.0,0,0,0,0,0,0
MLI,1093012,2021,1093,12,1,2,3,1,1,1,0,0,1,1,0,1,0,1,0,1,1,1,0,0,0,0,1,0,,,,,,,0,0,1,0,0,0
MLI,1094001,2021,1094,1,1,2,3,1,1,1,1,1,1,1,0,1,1,1,0,1,1,1,0,1,0,0,1,0,,,,,,,0,0,0,1,1,0
MLI,1094002,2021,1094,2,1,2,3,1,1,1,1,1,1,1,0,1,1,1,0,1,1,1,1,0,0,0,1,0,,,,,,,0,0,0,0,0,0
MLI,1094003,2021,1094,3,1,1,1,1,1,1,1,1,1,1,0,1,1,1,0,1,1,0,0,0,0,0,0,0,,0.0,3.0,0.0,0.0,0.0,0,0,0,0,0,0
MLI,1094004,2021,1094,4,1,2,4,1,1,1,1,1,1,1,0,1,1,1,1,1,1,1,1,1,0,0,1,1,,,,,,,0,0,0,1,0,0
MLI,1094005,2021,1094,5,1,1,3,1,1,1,1,1,1,1,0,1,1,1,0,1,1,1,0,0,0,0,0,0,,,,,,,0,0,0,0,0,0
MLI,1094006,2021,1094,6,1,1,1,1,1,1,1,1,1,1,0,1,1,1,1,1,1,1,0,0,0,0,1,1,,,,,,,0,0,0,0,0,0
MLI,1094007,2021,1094,7,1,2,3,1,1,1,1,1,1,1,0,1,1,1,0,1,1,1,0,0,0,0,1,0,,,,,,,0,0,0,1,0,0
MLI,1094008,2021,1094,8,1,2,3,1,1,0,1,1,1,1,0,1,1,1,0,1,1,1,0,0,0,0,1,0,,,,,,,0,0,1,0,0,0
MLI,1094009,2021,1094,9,1,1,1,1,1,1,1,1,1,1,0,1,0,0,0,1,1,1,0,1,0,0,1,0,,,,,,,0,0,0,0,0,0
MLI,1094010,2021,1094,10,1,1,2,1,1,1,1,1,1,1,0,1,1,1,0,1,1,1,1,0,0,0,1,0,,,,,,,0,0,0,0,0,0
MLI,1094011,2021,1094,11,1,2,3,1,1,1,1,1,1,1,0,1,1,1,0,1,1,1,1,1,0,1,1,0,,,,,,,0,0,0,1,0,0
MLI,1094012,2021,1094,12,1,2,3,1,1,1,1,1,1,1,0,1,1,1,0,1,1,1,0,0,0,0,0,0,,,,,,,1,0,0,0,0,0
MLI,1096001,2021,1096,1,2,1,3,1,1,1,1,1,1,1,0,1,1,1,1,1,1,1,0,0,0,1,1,0,,,,,,,1,0,1,0,0,0
MLI,1096002,2021,1096,2,2,1,1,1,1,1,1,1,1,1,0,1,1,1,1,1,1,1,0,1,0,0,1,0,,,,,,,0,0,1,1,0,0
MLI,1096003,2021,1096,3,2,1,3,1,1,1,1,1,1,1,0,1,1,1,1,1,1,1,0,1,0,0,1,0,,,,,,,1,0,1,1,0,0
MLI,1096004,2021,1096,4,2,1,3,1,1,1,1,1,1,1,0,1,1,1,1,1,1,1,0,0,0,0,1,0,,,,,,,1,0,1,0,0,0
MLI,1096005,2021,1096,5,2,2,3,1,1,1,1,1,1,1,0,1,1,1,1,1,1,1,1,0,0,0,1,0,,,,,,,0,0,0,0,0,0
MLI,1096006,2021,1096,6,2,1,3,1,1,1,1,1,1,1,0,1,0,0,1,1,1,0,0,0,0,0,1,0,,,,,,,0,0,1,0,0,0
MLI,1096007,2021,1096,7,2,2,1,1,1,1,1,1,1,1,0,1,1,1,1,1,1,0,1,1,0,1,1,1,,,,,,,0,0,0,0,0,0
MLI,1096008,2021,1096,8,2,1,3,1,1,1,1,1,1,1,0,1,1,1,1,1,1,0,0,1,0,0,1,1,,,,,,,0,0,1,0,0,0
MLI,1096009,2021,1096,9,2,1,3,1,1,1,1,1,1,1,0,1,0,0,1,1,1,1,1,0,0,0,1,0,0.42538926005363464,,,,,,0,0,0,1,0,0
MLI,1096010,2021,1096,10,2,1,1,1,1,1,1,1,1,1,0,1,1,1,1,1,1,1,1,0,0,0,1,0,,,,,,,0,0,0,0,0,0
MLI,1096011,2021,1096,11,2,2,1,1,1,1,1,1,1,1,0,1,1,1,1,1,1,0,0,1,0,0,1,0,,,,,,,0,0,1,0,0,0
MLI,1096012,2021,1096,12,2,1,3,1,1,1,1,1,1,1,0,1,1,1,1,1,1,1,1,1,0,0,1,0,,,,,,,0,0,0,0,0,0
MLI,1099001,2021,1099,1,1,1,1,1,1,1,1,1,1,1,0,1,1,1,0,1,1,1,0,1,0,1,1,0,,,,,,,0,0,0,0,0,0
MLI,1099002,2021,1099,2,1,1,1,1,1,1,1,1,1,1,0,1,1,1,0,1,1,1,1,1,0,1,1,1,,,,,,,0,0,0,0,0,0
MLI,1099003,2021,1099,3,1,2,3,1,1,1,1,1,1,1,0,1,1,1,0,1,1,1,0,1,0,0,1,0,,,,,,,0,0,0,0,0,0
MLI,1099004,2021,1099,4,1,2,1,1,1,1,1,1,1,1,0,1,1,1,1,1,1,1,0,1,0,1,1,1,,,,,,,0,0,0,0,0,0
MLI,1099005,2021,1099,5,1,1,4,1,1,1,1,1,1,1,0,1,1,1,0,1,1,1,0,0,0,0,1,0,,,,,,,0,0,0,0,0,0
MLI,1099006,2021,1099,6,1,2,1,1,1,1,1,1,1,1,0,1,1,1,0,1,1,1,0,1,0,1,1,0,,0.0,29.0,0.0,0.0,20.0,0,0,1,0,0,0
MLI,1099007,2021,1099,7,1,1,1,1,1,1,1,1,1,1,0,1,1,1,1,1,1,1,0,1,0,1,1,0,,,,,,,0,0,0,0,0,0
MLI,1099008,2021,1099,8,1,1,3,1,1,1,1,1,1,1,0,1,1,1,1,1,1,1,1,1,0,0,1,0,,,,,,,0,0,0,0,0,0
MLI,1099009,2021,1099,9,1,1,4,1,1,1,1,1,1,1,0,1,1,1,0,1,1,0,0,0,0,0,0,0,,,,,,,0,0,1,0,0,0
MLI,1099010,2021,1099,10,1,2,1,1,1,1,1,1,1,1,0,1,1,1,0,1,1,1,0,1,0,0,1,0,,,,,,,0,0,0,0,0,0
MLI,1099011,2021,1099,11,1,2,1,1,1,1,1,1,1,1,0,1,1,1,1,1,1,1,1,1,0,1,1,1,3.947188138961792,15.0,0.0,0.0,0.0,0.0,0,0,0,0,0,0
MLI,1099012,2021,1099,12,1,2,3,1,1,1,1,1,1,1,0,1,1,1,0,1,1,1,0,0,0,1,1,0,,,,,,,0,0,0,0,0,0
MLI,1101001,2021,1101,1,2,1,3,1,1,1,1,1,1,1,0,1,0,0,0,1,1,1,0,0,0,0,1,0,,,,,,,0,0,1,0,0,0
MLI,1101002,2021,1101,2,2,1,3,1,1,1,1,1,1,1,0,1,0,0,0,1,1,1,0,0,0,0,1,0,,0.0,0.0,0.0,0.0,8.0,1,0,1,1,0,0
MLI,1101003,2021,1101,3,2,1,1,1,1,1,1,1,1,1,0,1,0,0,0,1,1,1,0,1,0,0,1,0,,0.0,3.0,0.0,0.0,12.0,0,1,1,1,0,0
MLI,1101004,2021,1101,4,2,1,1,1,1,1,1,1,1,1,0,1,0,0,0,1,1,1,1,1,0,1,1,1,,0.0,0.0,0.0,0.0,25.0,1,0,1,1,0,0
MLI,1101005,2021,1101,5,2,1,1,1,1,1,1,1,1,1,0,1,1,1,0,1,1,0,0,0,0,0,1,1,,,,,,,1,0,0,0,0,0
MLI,1101006,2021,1101,6,2,1,1,1,1,1,1,1,1,0,1,1,0,0,0,1,2,1,0,0,0,0,1,0,,,,,,,1,0,0,0,0,0
MLI,1101007,2021,1101,7,2,1,3,1,1,1,1,1,0,1,0,1,0,0,0,2,1,0,0,0,0,0,0,0,,,,,,,0,0,1,0,0,0
MLI,1101008,2021,1101,8,2,1,3,1,1,1,1,1,1,1,0,1,0,0,0,1,1,0,0,0,0,0,0,0,,,,,,,0,0,1,0,0,0
MLI,1101009,2021,1101,9,2,1,4,1,1,1,1,1,1,1,0,1,0,1,0,1,1,1,0,0,0,0,1,0,,,,,,,0,0,0,0,0,0
MLI,1101010,2021,1101,10,2,1,3,1,1,1,1,1,1,1,0,1,0,1,0,1,1,1,0,0,0,0,1,0,,,,,,,1,0,0,0,0,0
MLI,1101011,2021,1101,11,2,1,2,1,1,1,1,1,1,1,0,1,0,0,0,1,1,1,0,1,0,0,1,0,,0.0,0.0,0.0,0.0,14.0,0,0,0,0,0,0
MLI,1101012,2021,1101,12,2,2,3,1,1,1,0,0,1,1,0,1,0,0,1,1,1,1,0,0,0,0,1,0,,,,,,,0,0,0,0,0,0
MLI,1105001,2021,1105,1,1,1,1,1,1,1,1,1,1,1,0,1,1,1,0,1,1,1,0,0,0,0,0,0,,0.0,0.0,0.0,0.0,11.0,0,0,1,0,0,0
MLI,1105002,2021,1105,2,1,1,1,1,1,1,1,1,1,1,0,1,1,1,0,1,1,1,0,1,0,0,1,1,,0.0,3.0,0.0,0.0,18.0,1,0,1,1,0,0
MLI,1105003,2021,1105,3,1,1,3,1,1,1,1,1,0,1,0,1,1,1,0,2,1,1,0,0,0,0,0,0,,,,,,,0,0,1,1,0,0
MLI,1105004,2021,1105,4,1,1,1,1,1,1,1,1,1,1,0,1,1,1,0,1,1,1,0,1,0,1,1,0,,,,,,,0,0,1,0,0,0
MLI,1105005,2021,1105,5,1,1,2,1,1,1,1,1,1,1,0,1,1,0,0,1,1,1,0,1,0,0,1,0,,,,,,,0,0,0,0,0,0
MLI,1105006,2021,1105,6,1,1,1,1,1,1,1,1,1,1,0,1,1,1,0,1,1,1,0,1,1,1,1,1,,,,,,,0,0,0,0,0,0
MLI,1105007,2021,1105,7,1,1,3,1,1,1,1,1,0,1,0,0,1,0,0,4,1,1,0,1,0,0,1,0,,,,,,,0,0,0,0,0,0
MLI,1105008,2021,1105,8,1,2,3,1,1,1,1,1,1,1,0,1,1,1,0,1,1,1,0,1,0,0,1,0,,,,,,,0,0,0,0,0,0
MLI,1105009,2021,1105,9,1,2,4,1,1,1,0,0,1,1,0,1,0,0,0,1,1,0,0,0,0,0,0,0,,,,,,,0,0,0,0,0,0
MLI,1105010,2021,1105,10,1,2,1,1,1,1,1,1,1,1,0,1,0,0,1,1,1,1,0,1,0,0,1,1,,,,,,,0,0,0,0,0,0
MLI,1105011,2021,1105,11,1,1,1,1,1,1,1,1,0,1,0,1,0,0,0,2,1,1,0,0,0,0,1,0,,,,,,,0,0,0,0,0,0
MLI,1105012,2021,1105,12,1,2,3,1,1,1,0,0,1,1,0,1,0,0,0,1,1,1,0,0,0,0,1,0,,,,,,,0,0,0,0,0,0
MLI,1109001,2021,1109,1,1,2,3,1,1,1,1,1,1,1,0,0,1,0,0,1,1,1,0,1,0,0,1,0,,,,,,,0,0,0,0,0,0
MLI,1109002,2021,1109,2,1,1,1,1,1,1,0,0,1,1,0,0,1,0,0,1,1,1,0,0,0,0,1,1,,,,,,,0,0,1,0,0,0
MLI,1109003,2021,1109,3,1,1,4,1,1,1,1,1,1,1,0,1,1,0,0,1,1,1,0,0,0,0,1,0,,,,,,,1,0,1,1,0,0
MLI,1109004,2021,1109,4,1,1,1,1,1,1,1,1,1,1,0,1,1,1,0,1,1,1,0,1,0,0,0,0,,,,,,,1,0,1,0,0,0
MLI,1109005,2021,1109,5,1,1,3,1,1,0,1,1,1,1,0,0,0,0,0,1,1,1,0,1,0,0,1,0,,,,,,,0,0,0,0,0,0
MLI,1109006,2021,1109,6,1,1,4,1,1,0,1,1,0,1,0,0,0,0,0,2,1,1,0,0,0,0,1,0,,,,,,,0,0,0,0,0,0
MLI,1109007,2021,1109,7,1,1,1,1,1,1,1,1,1,1,0,0,0,0,0,1,1,1,0,1,0,0,1,0,,0.0,0.0,0.0,0.0,22.0,0,0,0,0,0,0
MLI,1109008,2021,1109,8,1,2,3,1,1,1,1,1,0,0,0,1,0,0,0,4,5,0,0,0,0,0,0,0,,,,,,,0,0,0,0,0,0
MLI,1109009,2021,1109,9,1,2,1,1,1,1,1,1,1,1,0,1,1,1,0,1,1,1,0,1,0,0,1,0,,,,,,,1,0,1,0,0,0
MLI,1109010,2021,1109,10,1,2,1,1,1,1,1,1,1,1,0,1,1,1,1,1,1,1,0,0,0,0,1,1,,,,,,,0,0,0,0,0,0
MLI,1109011,2021,1109,11,1,1,3,1,1,1,1,1,1,1,0,0,0,0,0,1,1,1,0,0,0,0,1,0,,,,,,,0,0,0,0,0,0
MLI,1109012,2021,1109,12,1,2,1,1,1,1,1,1,1,1,0,1,1,1,1,1,1,1,0,0,0,0,0,0,,,,,,,0,0,0,0,0,0
MLI,1110001,2021,1110,1,2,1,1,1,1,1,1,1,1,1,0,1,1,0,1,1,1,1,0,1,0,1,1,0,,0.0,2.0,0.0,0.0,0.0,1,0,1,1,0,0
MLI,1110002,2021,1110,2,2,2,3,1,1,1,1,1,1,1,0,1,0,0,0,1,1,1,0,0,0,0,1,0,,,,,,,1,0,1,1,0,0
MLI,1110003,2021,1110,3,2,2,1,1,1,1,1,1,1,1,0,1,0,0,0,1,1,1,0,1,0,1,1,0,,,,,,,1,0,1,0,0,0
MLI,1110004,2021,1110,4,2,1,1,1,1,1,1,1,1,1,0,1,1,1,1,1,1,1,0,1,0,1,1,1,,,,,,,1,0,1,0,0,0
MLI,1110005,2021,1110,5,2,1,3,1,1,1,1,1,0,0,1,1,0,0,0,4,3,0,0,0,0,0,0,0,,,,,,,1,0,1,0,0,0
MLI,1110006,2021,1110,6,2,2,1,1,1,1,1,1,1,1,0,1,1,1,1,1,1,0,0,1,0,0,0,0,,,,,,,0,0,0,1,0,0
MLI,1110007,2021,1110,7,2,2,3,1,1,1,1,1,1,1,0,1,1,1,1,1,1,0,0,0,0,0,0,0,,,,,,,1,0,1,0,0,0
MLI,1110008,2021,1110,8,2,1,3,1,1,1,1,1,1,1,0,1,0,0,0,1,1,0,0,0,0,0,0,0,,,,,,,0,0,0,0,0,0
MLI,1110009,2021,1110,9,2,1,3,1,1,1,0,1,0,0,0,1,0,1,0,4,5,0,0,0,0,0,0,0,,,,,,,0,0,0,0,0,0
MLI,1110010,2021,1110,10,2,1,3,1,1,1,1,1,1,1,0,1,0,0,1,1,1,1,0,0,0,0,1,0,,,,,,,0,0,0,0,0,0
MLI,1110011,2021,1110,11,2,1,2,1,1,1,1,1,1,1,0,1,1,1,0,1,1,1,1,0,0,0,1,1,,0.0,3.0,0.0,0.0,0.0,0,0,0,0,0,0
MLI,1110012,2021,1110,12,2,1,2,1,1,1,1,1,1,1,0,1,0,0,0,1,1,1,0,0,0,0,0,0,,,,,,,0,0,0,0,0,0
MLI,1112001,2021,1112,1,2,1,3,1,1,1,1,1,1,1,0,1,0,0,0,1,1,1,0,0,0,0,1,0,,,,,,,1,0,1,0,0,0
MLI,1112002,2021,1112,2,2,1,3,1,1,1,1,1,1,1,0,1,0,0,0,1,1,1,0,0,0,1,1,0,,,,,,,1,1,1,0,0,0
MLI,1112003,2021,1112,3,2,1,3,1,1,1,1,1,1,1,0,1,0,0,0,1,1,1,0,0,0,0,1,0,,,,,,,1,1,1,0,0,0
MLI,1112004,2021,1112,4,2,1,4,1,1,1,1,1,1,1,0,1,0,0,0,1,1,1,0,1,0,1,1,0,,,,,,,1,0,1,1,0,0
MLI,1112005,2021,1112,5,2,2,3,1,1,1,1,1,0,1,0,1,0,0,0,2,1,0,0,0,0,0,0,0,,,,,,,0,0,0,1,0,0
MLI,1112006,2021,1112,6,2,1,1,1,1,1,1,1,1,1,0,1,0,0,0,1,1,0,0,0,0,0,0,0,,,,,,,0,0,1,0,0,0
MLI,1112007,2021,1112,7,2,2,3,1,1,1,1,1,1,1,0,1,0,0,0,1,1,0,0,0,0,0,1,0,,,,,,,1,0,0,0,0,0
MLI,1112008,2021,1112,8,2,1,1,1,1,1,1,1,1,1,0,1,1,1,1,1,1,0,0,1,0,0,0,1,,,,,,,0,0,1,0,0,0
MLI,1112009,2021,1112,9,2,1,3,1,1,1,1,1,1,1,0,1,1,1,0,1,1,1,0,0,0,0,1,0,,,,,,,0,0,0,0,0,0
MLI,1112010,2021,1112,10,2,1,3,1,1,1,1,1,1,1,0,1,1,1,1,1,1,1,1,0,0,0,1,0,,,,,,,0,0,0,0,0,0
MLI,1112011,2021,1112,11,2,1,3,1,1,1,0,0,1,1,0,1,0,1,0,1,1,1,0,0,0,0,1,0,,,,,,,0,0,0,0,0,0
MLI,1112012,2021,1112,12,2,1,3,1,1,1,1,1,1,1,0,1,1,1,1,1,1,1,0,0,0,0,1,0,,,,,,,0,0,0,0,1,1
MLI,1115001,2021,1115,1,1,1,4,1,1,1,1,1,1,1,0,1,1,1,1,1,1,0,0,0,0,0,0,0,,,,,,,0,0,0,0,0,0
MLI,1115002,2021,1115,2,1,2,4,1,1,1,1,1,1,1,0,1,1,1,1,1,1,1,0,0,0,0,1,0,,,,,,,0,0,0,0,0,0
MLI,1115003,2021,1115,3,1,2,3,1,1,1,1,1,1,1,0,1,1,1,1,1,1,1,0,1,0,0,1,0,,,,,,,0,0,0,0,0,0
MLI,1115004,2021,1115,4,1,1,3,1,1,1,1,1,1,1,0,1,1,1,0,1,1,1,0,0,0,0,1,1,,,,,,,0,0,0,0,0,0
MLI,1115005,2021,1115,5,1,2,3,1,1,1,1,1,1,1,0,1,1,1,1,1,1,1,1,1,0,1,1,1,,,,,,,0,0,0,0,0,0
MLI,1115006,2021,1115,6,1,2,1,1,1,1,1,1,1,1,0,1,1,1,1,1,1,1,1,1,0,1,1,1,,,,,,,0,0,0,0,0,0
MLI,1115007,2021,1115,7,1,2,4,1,1,1,1,1,1,1,0,1,1,1,1,1,1,1,0,1,0,0,1,0,,,,,,,0,0,0,0,0,0
MLI,1115008,2021,1115,8,1,2,3,1,1,1,0,0,0,0,0,1,1,1,0,4,5,0,0,0,0,0,0,0,,,,,,,0,0,1,0,0,0
MLI,1115009,2021,1115,9,1,2,1,1,1,1,1,1,1,1,0,1,1,1,1,1,1,1,0,1,0,0,1,1,,,,,,,0,0,0,0,0,0
MLI,1115010,2021,1115,10,1,2,4,1,1,1,1,1,1,1,0,1,1,1,1,1,1,0,0,0,0,0,0,0,,,,,,,0,0,0,0,0,0
MLI,1115011,2021,1115,11,1,2,1,1,1,1,1,1,1,1,0,1,1,1,1,1,1,1,1,1,0,1,1,1,,,,,,,0,0,0,0,0,0
MLI,1115012,2021,1115,12,1,2,3,1,1,1,1,1,0,1,0,1,1,1,1,2,1,1,1,0,0,0,1,0,,,,,,,0,0,1,0,0,0
MLI,1116001,2021,1116,1,1,2,1,1,1,1,1,1,1,1,0,1,1,1,0,1,1,1,1,1,0,0,1,1,,,,,,,1,0,0,0,0,0
MLI,1116002,2021,1116,2,1,2,3,1,1,1,1,1,1,1,0,1,1,1,0,1,1,1,0,0,0,0,0,0,,,,,,,0,0,0,0,0,0
MLI,1116003,2021,1116,3,1,2,3,1,1,1,1,1,1,1,0,1,0,1,1,1,1,0,0,0,0,0,0,0,,,,,,,1,0,1,0,0,0
MLI,1116004,2021,1116,4,1,2,3,1,1,1,1,1,1,1,0,1,1,1,0,1,1,1,0,0,0,0,0,0,,,,,,,0,0,1,0,0,0
MLI,1116005,2021,1116,5,1,2,1,1,1,1,1,1,1,1,0,1,1,0,0,1,1,1,0,0,0,0,1,0,,,,,,,0,0,0,0,0,0
MLI,1116006,2021,1116,6,1,1,1,1,1,1,1,1,1,1,0,1,0,0,0,1,1,1,0,1,0,0,1,0,,,,,,,0,0,0,0,0,0
MLI,1116007,2021,1116,7,1,2,3,1,1,1,1,1,1,1,0,1,1,0,0,1,1,1,0,0,0,0,1,0,,,,,,,0,0,0,0,0,0
MLI,1116008,2021,1116,8,1,2,3,1,1,1,1,1,1,1,0,0,0,1,0,1,1,0,0,0,0,0,0,0,,,,,,,0,0,0,0,0,0
MLI,1116009,2021,1116,9,1,1,3,1,1,1,1,1,1,1,0,1,1,1,0,1,1,1,0,0,0,0,1,0,,,,,,,0,0,0,0,0,0
MLI,1116010,2021,1116,10,1,1,3,1,1,1,1,1,1,0,1,1,0,1,0,1,2,1,0,1,0,0,0,0,,,,,,,0,0,0,0,0,0
MLI,1116011,2021,1116,11,1,2,1,1,1,1,1,1,1,1,0,1,0,1,1,1,1,1,0,0,0,0,1,0,,0.0,1.0,0.0,0.0,15.0,0,0,0,0,0,0
MLI,1116012,2021,1116,12,1,2,3,1,1,1,1,1,1,1,0,1,1,0,0,1,1,0,0,0,0,0,0,0,,,,,,,0,0,0,0,0,0
MLI,1119001,2021,1119,1,2,1,3,1,1,1,1,1,0,1,0,1,0,0,0,2,1,0,0,0,0,0,0,0,,,,,,,0,0,1,0,0,0
MLI,1119002,2021,1119,2,2,1,3,1,1,1,1,1,1,1,0,1,0,0,0,1,1,0,0,0,0,0,1,0,,,,,,,0,0,1,0,0,0
MLI,1119003,2021,1119,3,2,1,1,1,1,1,1,1,1,1,0,1,0,0,0,1,1,0,0,1,0,0,0,0,,,,,,,0,0,1,0,0,0
MLI,1119004,2021,1119,4,2,1,1,1,1,1,1,1,1,1,0,1,1,1,1,1,1,1,0,1,0,1,1,1,,,,,,,1,0,0,0,0,0
MLI,1119005,2021,1119,5,2,1,3,1,1,1,1,1,1,1,0,1,1,0,0,1,1,1,0,1,0,1,1,0,,,,,,,1,0,1,0,0,0
MLI,1119006,2021,1119,6,2,1,1,1,1,1,1,1,1,1,0,1,0,0,0,1,1,1,0,1,0,1,1,1,,0.0,3.0,0.0,0.0,0.0,1,0,1,1,0,0
MLI,1119007,2021,1119,7,2,1,1,1,1,1,1,1,0,1,0,1,0,0,0,2,1,1,0,0,0,0,1,0,,0.0,2.0,0.0,0.0,0.0,0,0,1,1,0,0
MLI,1119008,2021,1119,8,2,1,3,1,1,1,1,1,1,1,0,1,0,0,0,1,1,1,0,1,0,0,1,0,,,,,,,1,0,1,0,0,0
MLI,1119009,2021,1119,9,2,1,3,1,1,1,1,1,1,1,0,1,0,0,1,1,1,1,0,0,0,0,0,0,,,,,,,1,0,0,0,0,0
MLI,1119010,2021,1119,10,2,1,1,1,1,1,1,1,1,1,0,1,1,1,1,1,1,1,0,1,0,0,1,1,,,,,,,1,0,0,0,0,0
MLI,1119011,2021,1119,11,2,1,1,1,1,1,1,1,1,1,0,1,1,1,1,1,1,1,0,1,0,0,1,0,,,,,,,0,0,1,0,0,0
MLI,1119012,2021,1119,12,2,1,3,1,1,1,1,1,1,1,0,1,0,0,0,1,1,0,0,0,0,0,0,0,,,,,,,0,0,0,1,0,0
MLI,1121001,2021,1121,1,1,1,3,1,1,1,1,1,1,1,0,1,1,1,1,1,1,1,0,1,0,0,1,0,,,,,,,0,0,1,0,0,0
MLI,1121002,2021,1121,2,1,1,2,1,1,1,1,1,1,1,0,1,1,1,1,1,1,1,0,1,0,0,1,1,,,,,,,1,0,1,0,0,0
MLI,1121003,2021,1121,3,1,1,1,1,1,1,1,1,1,1,0,1,1,1,1,1,1,1,0,1,0,0,0,0,,,,,,,0,0,1,0,0,0
MLI,1121004,2021,1121,4,1,1,4,1,1,1,1,1,1,1,0,1,1,1,0,1,1,1,0,1,0,0,1,0,,,,,,,0,0,1,0,0,0
MLI,1121005,2021,1121,5,1,1,1,1,1,1,1,1,1,1,0,1,1,1,1,1,1,1,0,1,0,0,1,0,,,,,,,1,0,0,0,0,0
MLI,1121006,2021,1121,6,1,2,3,1,1,1,1,1,1,1,0,1,0,0,1,1,1,1,0,0,0,0,1,0,,,,,,,0,0,0,0,0,0
MLI,1121007,2021,1121,7,1,1,1,1,1,1,1,1,1,1,0,1,1,1,1,1,1,1,0,1,0,0,1,0,,,,,,,0,0,0,1,0,0
MLI,1121008,2021,1121,8,1,1,1,1,1,1,1,1,1,1,0,1,1,1,1,1,1,1,0,1,0,0,1,0,,,,,,,1,0,0,0,0,0
MLI,1121009,2021,1121,9,1,1,1,1,1,1,1,1,1,1,0,1,1,1,1,1,1,1,0,1,0,1,1,0,,,,,,,0,0,0,0,0,0
MLI,1121010,2021,1121,10,1,1,1,1,1,1,1,1,1,1,0,1,1,1,1,1,1,1,0,1,0,1,1,0,,,,,,,1,1,0,0,0,0
MLI,1121011,2021,1121,11,1,2,3,1,1,1,1,1,0,0,0,1,0,0,1,4,7,0,0,0,0,0,0,0,,,,,,,0,0,0,0,0,0
MLI,1121012,2021,1121,12,1,1,1,1,1,1,1,1,1,1,0,1,0,0,1,1,1,1,0,1,0,0,1,0,,,,,,,0,0,0,0,0,0
MLI,1123001,2021,1123,1,1,1,1,1,1,1,1,1,1,1,0,0,1,1,0,1,1,1,0,0,0,0,1,0,,,,,,,0,0,0,1,0,0
MLI,1123002,2021,1123,2,1,1,1,1,1,1,1,1,1,1,0,1,1,1,0,1,1,1,1,0,0,0,1,0,,,,,,,0,0,0,1,0,0
MLI,1123003,2021,1123,3,1,2,1,1,1,1,1,1,0,1,0,1,1,1,0,2,1,1,0,0,0,0,0,0,,,,,,,1,0,0,0,0,0
MLI,1123004,2021,1123,4,1,1,1,1,1,1,1,1,0,0,0,1,1,1,0,4,5,0,0,0,0,0,0,0,,,,,,,0,0,0,1,0,1
MLI,1123005,2021,1123,5,1,1,1,1,1,1,1,1,1,1,0,1,1,1,0,1,1,0,0,0,0,0,0,1,,0.0,3.0,0.0,0.0,8.0,0,0,0,0,0,0
MLI,1123006,2021,1123,6,1,1,3,1,1,1,1,1,1,1,0,1,1,1,0,1,1,1,0,0,0,0,1,0,,,,,,,1,0,0,0,0,0
MLI,1123007,2021,1123,7,1,2,1,1,1,1,1,1,1,1,0,1,1,1,0,1,1,1,0,0,0,0,1,0,,,,,,,0,0,0,0,0,0
MLI,1123008,2021,1123,8,1,2,1,1,1,1,1,1,1,1,0,1,1,1,1,1,1,1,0,0,0,0,1,0,,4.0,0.0,0.0,0.0,5.0,0,0,0,0,0,0
MLI,1123009,2021,1123,9,1,1,3,1,1,1,1,1,1,1,0,1,1,1,0,1,1,1,0,0,0,0,0,0,,,,,,,0,0,0,0,0,0
MLI,1123010,2021,1123,10,1,2,3,1,1,1,1,1,1,1,0,1,1,1,1,1,1,1,0,0,0,0,0,0,,,,,,,0,0,0,0,0,0
MLI,1123011,2021,1123,11,1,2,3,1,1,1,1,1,1,1,0,1,0,1,0,1,1,1,0,0,0,0,1,0,,,,,,,1,0,0,1,0,0
MLI,1123012,2021,1123,12,1,2,3,1,1,1,1,1,1,1,0,1,1,1,0,1,1,1,0,0,0,0,0,0,,,,,,,0,0,0,0,0,0
MLI,1124001,2021,1124,1,2,1,1,1,1,0,1,1,1,0,1,1,0,0,0,1,2,1,0,0,0,0,1,0,,,,,,,1,0,0,0,0,0
MLI,1124002,2021,1124,2,2,1,3,1,1,0,1,1,0,0,1,1,0,0,0,2,2,0,0,0,0,0,0,0,,,,,,,0,0,0,0,0,0
MLI,1124003,2021,1124,3,2,1,1,1,1,1,1,1,1,1,0,1,1,1,1,1,1,1,0,1,0,0,0,0,,,,,,,0,0,0,0,0,0
MLI,1124004,2021,1124,4,2,1,3,1,1,0,1,1,1,1,0,1,0,0,0,1,1,1,0,0,0,0,0,0,,,,,,,0,0,1,0,0,0
MLI,1124005,2021,1124,5,2,1,1,1,1,1,1,1,1,1,0,1,1,1,0,1,1,1,0,1,0,0,0,0,,,,,,,0,0,0,1,0,0
MLI,1124006,2021,1124,6,2,1,3,1,1,1,1,1,1,1,0,1,0,1,0,1,1,1,0,0,0,0,0,0,,,,,,,0,0,1,0,0,0
MLI,1124007,2021,1124,7,2,1,1,1,1,1,1,1,1,1,0,1,1,1,0,1,1,1,0,0,0,0,1,0,,,,,,,1,0,0,0,0,0
MLI,1124008,2021,1124,8,2,1,1,1,1,1,0,0,1,1,0,1,1,1,0,1,1,1,0,0,0,0,1,0,,,,,,,0,0,1,0,0,0
MLI,1124009,2021,1124,9,2,1,3,1,1,1,0,0,1,1,0,1,0,0,0,1,1,1,0,0,0,0,1,0,,,,,,,0,0,0,0,0,0
MLI,1124010,2021,1124,10,2,2,3,1,1,1,0,0,0,0,1,1,0,0,0,4,3,0,0,0,0,0,0,0,,,,,,,0,0,0,0,0,0
MLI,1124011,2021,1124,11,2,2,3,1,1,1,0,0,1,1,0,1,0,0,0,1,1,1,0,1,0,0,1,0,,,,,,,0,0,0,0,0,0
MLI,1124012,2021,1124,12,2,2,3,1,1,1,0,0,1,1,0,1,0,0,0,1,1,1,0,0,0,0,0,0,,,,,,,0,0,0,0,0,0
MLI,1125001,2021,1125,1,2,2,3,1,1,1,1,1,1,1,0,1,0,0,0,1,1,0,0,1,0,0,0,0,,,,,,,1,0,1,0,0,0
MLI,1125002,2021,1125,2,2,1,4,1,1,1,1,1,1,1,0,1,0,0,0,1,1,1,0,0,0,0,1,0,,,,,,,0,0,1,1,0,0
MLI,1125003,2021,1125,3,2,2,1,1,1,1,1,1,1,1,0,1,1,1,1,1,1,1,0,1,0,0,1,0,,,,,,,1,0,1,1,0,0
MLI,1125004,2021,1125,4,2,1,3,1,1,1,1,1,1,1,0,1,1,1,0,1,1,1,0,1,0,1,1,0,,,,,,,0,0,1,0,0,0
MLI,1125005,2021,1125,5,2,2,3,1,1,1,1,1,1,1,0,1,1,0,1,1,1,1,0,1,0,1,1,0,,,,,,,1,0,1,1,0,0
MLI,1125006,2021,1125,6,2,2,1,1,1,1,1,1,1,1,0,1,1,1,1,1,1,1,0,1,0,1,1,1,,,,,,,1,0,1,0,0,0
MLI,1125007,2021,1125,7,2,1,3,1,1,1,1,1,1,1,0,1,0,0,1,1,1,1,0,0,0,0,1,0,,,,,,,1,0,1,0,0,0
MLI,1125008,2021,1125,8,2,1,4,1,1,1,1,1,1,1,0,1,1,1,1,1,1,1,0,1,0,1,1,0,,,,,,,1,0,1,0,0,0
MLI,1125009,2021,1125,9,2,1,3,1,1,1,1,1,1,1,0,1,1,1,0,1,1,1,1,1,0,0,0,0,,,,,,,0,0,0,0,0,0
MLI,1125010,2021,1125,10,2,1,3,1,1,1,1,1,1,1,0,1,1,1,0,1,1,1,0,1,0,1,1,0,,,,,,,0,0,0,0,0,0
MLI,1125011,2021,1125,11,2,1,3,1,1,1,1,1,1,1,0,1,1,1,0,1,1,1,1,0,0,0,1,0,,,,,,,0,0,0,0,0,0
MLI,1125012,2021,1125,12,2,1,3,1,1,1,1,1,1,1,0,1,1,1,0,1,1,0,0,0,0,0,0,0,,,,,,,0,0,0,0,0,0
MLI,1126001,2021,1126,1,2,2,4,1,1,1,1,1,1,1,0,1,0,0,0,1,1,1,0,1,0,1,1,0,,,,,,,1,0,1,1,0,0
MLI,1126002,2021,1126,2,2,1,1,1,1,1,1,1,1,1,0,1,1,1,1,1,1,1,0,1,0,1,1,1,,,,,,,1,0,0,1,0,0
MLI,1126003,2021,1126,3,2,1,3,1,1,1,1,1,1,1,0,1,0,0,0,1,1,1,0,1,0,1,1,0,,,,,,,1,0,1,1,0,0
MLI,1126004,2021,1126,4,2,2,1,1,1,1,1,1,1,1,0,1,1,1,1,1,1,1,0,1,0,1,1,1,,,,,,,1,0,1,0,0,0
MLI,1126005,2021,1126,5,2,1,1,1,1,1,1,1,1,1,0,1,0,0,0,1,1,0,0,0,0,0,0,0,,,,,,,1,0,1,0,0,0
MLI,1126006,2021,1126,6,2,2,1,1,1,1,1,1,1,1,0,1,1,1,1,1,1,0,0,1,0,0,1,1,,,,,,,0,0,1,0,0,0
MLI,1126007,2021,1126,7,2,1,3,1,1,1,1,1,1,1,0,1,0,0,1,1,1,0,0,0,0,0,0,0,,,,,,,0,0,1,0,0,0
MLI,1126008,2021,1126,8,2,1,3,1,1,1,1,1,1,1,0,1,0,0,1,1,1,0,0,1,0,0,1,1,,,,,,,0,0,1,0,0,0
MLI,1126009,2021,1126,9,2,1,3,1,1,1,1,1,1,1,0,1,0,1,0,1,1,0,0,0,0,0,0,0,,,,,,,0,0,0,0,0,0
MLI,1126010,2021,1126,10,2,1,3,1,1,1,0,0,1,1,0,1,1,1,0,1,1,1,0,1,0,0,0,0,,,,,,,0,0,0,0,0,0
MLI,1126011,2021,1126,11,2,1,3,1,1,1,0,0,1,1,0,1,1,1,0,1,1,1,0,0,0,0,1,0,,,,,,,1,0,0,0,0,0
MLI,1126012,2021,1126,12,2,1,3,1,1,1,1,1,1,1,0,1,1,1,0,1,1,0,0,0,0,0,0,0,,,,,,,1,0,0,0,0,0
MLI,1129001,2021,1129,1,1,1,3,1,1,1,1,1,1,1,0,1,1,1,1,1,1,1,0,0,0,0,0,0,,,,,,,0,0,1,0,0,0
MLI,1129002,2021,1129,2,1,2,3,1,1,1,1,1,1,1,0,1,1,1,1,1,1,1,0,1,0,0,1,0,,,,,,,0,0,0,0,0,0
MLI,1129003,2021,1129,3,1,1,1,1,1,1,1,1,1,1,0,1,1,1,0,1,1,1,0,1,0,0,0,0,,,,,,,0,0,1,0,0,0
MLI,1129004,2021,1129,4,1,1,1,1,1,1,1,1,1,1,0,1,1,1,0,1,1,1,0,0,0,0,1,0,,,,,,,0,0,1,0,0,0
MLI,1129005,2021,1129,5,1,1,1,1,1,1,1,1,1,1,0,1,0,1,1,1,1,1,0,1,0,0,1,0,,,,,,,0,0,0,1,0,0
MLI,1129006,2021,1129,6,1,1,3,1,1,1,1,1,1,1,0,1,1,1,0,1,1,1,0,1,0,0,1,0,,,,,,,0,0,1,0,0,0
MLI,1129007,2021,1129,7,1,2,1,1,1,1,1,1,1,1,0,1,0,0,1,1,1,1,0,0,0,0,1,1,,,,,,,0,0,0,0,0,0
MLI,1129008,2021,1129,8,1,2,3,1,1,1,1,1,1,1,0,1,0,0,1,1,1,1,0,0,0,0,1,0,,,,,,,0,0,0,0,0,0
MLI,1129009,2021,1129,9,1,1,3,1,1,0,1,1,1,1,0,1,0,1,0,1,1,1,0,1,0,0,1,0,,,,,,,0,0,0,0,0,0
MLI,1129010,2021,1129,10,1,2,1,1,1,1,1,1,1,1,0,1,0,0,1,1,1,1,0,0,0,0,1,1,,,,,,,0,0,0,0,0,0
MLI,1129011,2021,1129,11,1,1,3,1,1,1,1,1,1,1,0,1,0,1,0,1,1,1,0,1,0,0,1,0,,,,,,,0,0,0,0,0,0
MLI,1129012,2021,1129,12,1,1,1,1,1,1,1,1,1,1,0,1,1,1,1,1,1,1,0,1,0,0,1,0,,,,,,,0,0,0,0,0,0
MLI,1132001,2021,1132,1,2,2,3,1,1,0,1,1,1,1,0,1,0,1,0,1,1,1,0,0,0,0,0,0,,,,,,,0,0,0,0,0,0
MLI,1132002,2021,1132,2,2,1,1,1,1,1,1,1,1,1,0,1,0,1,0,1,1,1,0,0,0,0,0,0,,,,,,,0,0,0,0,0,0
MLI,1132003,2021,1132,3,2,1,1,1,1,0,1,1,1,1,0,1,1,1,0,1,1,1,0,0,0,0,0,1,,,,,,,0,0,0,0,0,0
MLI,1132004,2021,1132,4,2,2,3,1,1,0,1,1,1,1,0,1,0,1,0,1,1,1,0,0,0,0,0,0,,,,,,,0,0,0,0,0,0
MLI,1132005,2021,1132,5,2,1,1,1,1,1,1,1,1,1,0,1,1,1,1,1,1,1,1,1,0,1,1,1,,,,,,,0,0,0,0,0,0
MLI,1132006,2021,1132,6,2,2,4,1,1,1,1,1,0,0,1,1,0,0,0,4,3,1,0,0,0,0,0,0,,,,,,,0,0,0,0,0,0
MLI,1132007,2021,1132,7,2,2,1,1,1,1,1,1,1,1,0,1,1,1,1,1,1,1,1,1,1,1,1,1,,,,,,,1,0,0,0,0,0
MLI,1132008,2021,1132,8,2,1,3,1,1,1,1,1,1,1,0,1,1,1,1,1,1,1,0,0,0,0,0,0,,,,,,,0,0,0,0,0,0
MLI,1132009,2021,1132,9,2,1,3,1,1,1,1,1,1,1,0,1,1,0,0,1,1,1,0,1,0,0,1,1,,,,,,,0,0,0,0,0,0
MLI,1132010,2021,1132,10,2,1,3,1,1,1,1,1,0,1,0,1,0,0,0,2,1,0,0,0,0,0,0,0,,,,,,,0,0,0,0,0,0
MLI,1132011,2021,1132,11,2,1,3,1,1,1,1,1,0,0,0,1,0,0,0,4,5,0,0,0,0,0,0,0,,,,,,,0,0,0,0,0,0
MLI,1132012,2021,1132,12,2,2,3,1,1,1,1,1,1,1,0,1,1,1,1,1,1,1,0,1,0,1,1,0,,,,,,,0,0,0,0,0,0
MLI,1135001,2021,1135,1,2,1,3,1,1,1,1,1,1,1,0,1,0,1,0,1,1,1,0,0,0,0,1,0,,,,,,,1,0,1,1,0,0
MLI,1135002,2021,1135,2,2,1,1,1,1,1,1,1,0,0,1,1,1,1,1,4,3,1,1,1,0,1,1,1,,0.0,10.0,0.0,0.0,65.0,1,0,1,0,0,0
MLI,1135003,2021,1135,3,2,1,3,1,1,1,1,1,1,1,0,1,0,0,0,1,1,1,0,0,0,0,1,0,,,,,,,1,0,1,1,0,0
MLI,1135004,2021,1135,4,2,1,3,1,1,1,1,1,1,1,0,1,1,1,1,1,1,1,0,0,0,0,1,0,,,,,,,1,0,1,0,0,0
MLI,1135005,2021,1135,5,2,1,1,1,1,1,1,1,1,1,0,1,0,0,0,1,1,0,0,1,0,0,1,0,,,,,,,0,0,0,0,0,0
MLI,1135006,2021,1135,6,2,1,1,1,1,1,1,1,1,1,0,1,0,1,1,1,1,0,0,1,0,0,0,0,,,,,,,0,0,1,0,0,0
MLI,1135007,2021,1135,7,2,1,1,1,1,1,1,1,1,1,0,1,0,0,1,1,1,0,0,1,0,0,1,1,,,,,,,0,0,1,0,0,0
MLI,1135008,2021,1135,8,2,1,1,1,1,1,1,1,1,0,1,1,0,0,0,1,3,0,0,0,0,0,0,0,,,,,,,0,0,0,1,0,0
MLI,1135009,2021,1135,9,2,1,1,1,1,1,1,1,1,1,0,1,0,1,0,1,1,0,0,0,0,0,0,0,,,,,,,0,0,0,0,0,0
MLI,1135010,2021,1135,10,2,1,1,1,1,1,1,1,1,1,0,1,0,0,0,1,1,1,0,0,0,0,1,1,,,,,,,0,0,0,0,0,0
MLI,1135011,2021,1135,11,2,1,3,1,1,1,1,1,1,1,0,1,0,0,0,1,1,1,0,0,0,0,1,0,,,,,,,0,0,0,0,0,0
MLI,1135012,2021,1135,12,2,1,4,1,1,1,0,1,1,1,0,1,0,0,0,1,1,1,0,0,0,0,1,0,,,,,,,0,0,0,0,0,0
MLI,1136001,2021,1136,1,1,2,1,1,1,1,1,1,1,1,0,1,1,1,1,1,1,1,0,1,0,1,1,1,,30.0,0.0,0.0,0.0,0.0,0,0,0,0,0,0
MLI,1136002,2021,1136,2,1,1,1,1,1,1,1,1,1,1,0,1,1,1,1,1,1,1,0,1,0,1,1,0,,0.0,4.0,0.0,0.0,0.0,0,0,0,0,0,0
MLI,1136003,2021,1136,3,1,2,1,1,1,1,1,1,1,1,0,1,1,1,1,1,1,1,0,1,0,1,1,1,,,,,,,0,0,1,0,0,0
MLI,1136004,2021,1136,4,1,2,1,1,1,1,1,1,1,1,0,1,1,1,1,1,1,1,0,1,0,0,1,1,,,,,,,0,0,0,0,0,0
MLI,1136005,2021,1136,5,1,1,1,1,1,1,1,1,1,1,0,1,1,1,0,1,1,1,0,1,0,1,1,1,,,,,,,0,0,0,0,0,0
MLI,1136006,2021,1136,6,1,1,1,1,1,1,1,1,1,1,0,1,1,1,1,1,1,1,0,1,0,0,1,0,,0.0,0.0,0.0,0.0,0.0,0,0,1,0,0,0
MLI,1136007,2021,1136,7,1,2,3,1,1,1,1,1,1,1,0,1,1,1,0,1,1,1,0,1,0,0,1,0,,,,,,,0,0,0,0,0,0
MLI,1136008,2021,1136,8,1,1,3,1,1,1,1,1,1,1,0,1,1,1,1,1,1,1,0,0,0,0,1,0,,,,,,,0,0,1,1,0,0
MLI,1136009,2021,1136,9,1,2,1,1,1,1,1,1,1,1,0,1,1,1,1,1,1,1,0,1,0,0,1,1,,,,,,,0,0,0,0,0,0
MLI,1136010,2021,1136,10,1,1,1,1,1,1,1,1,1,1,0,1,1,1,1,1,1,1,0,1,0,1,1,1,,,,,,,0,0,1,0,0,0
MLI,1136011,2021,1136,11,1,1,4,1,1,1,1,1,1,1,0,1,0,0,1,1,1,0,0,1,0,0,1,0,,,,,,,0,0,0,0,0,0
MLI,1136012,2021,1136,12,1,2,1,1,1,1,1,1,1,1,0,1,1,1,1,1,1,1,0,1,0,0,1,0,,,,,,,0,0,0,0,0,0
MLI,1139001,2021,1139,1,2,1,1,1,1,1,1,1,1,1,0,1,1,1,1,1,1,1,1,1,0,1,1,1,,,,,,,1,0,1,0,0,0
MLI,1139002,2021,1139,2,2,1,1,1,1,1,1,1,1,1,0,1,1,1,0,1,1,1,0,1,0,1,1,0,,0.0,5.0,0.0,0.0,0.0,1,0,1,0,0,0
MLI,1139003,2021,1139,3,2,1,3,1,1,1,1,1,1,1,0,1,0,0,0,1,1,1,0,1,0,0,1,0,,,,,,,1,0,1,0,0,0
MLI,1139004,2021,1139,4,2,1,1,1,1,1,1,1,1,1,0,1,1,1,1,1,1,1,0,1,0,1,1,1,,,,,,,0,0,1,0,0,0
MLI,1139005,2021,1139,5,2,1,1,1,1,1,1,1,1,1,0,1,1,1,1,1,1,0,0,1,0,0,0,1,,,,,,,0,0,1,0,0,0
MLI,1139006,2021,1139,6,2,1,1,1,1,1,1,1,1,1,0,1,1,1,1,1,1,0,0,1,0,0,0,1,,,,,,,1,0,1,0,0,0
MLI,1139007,2021,1139,7,2,2,3,1,1,1,1,1,1,1,0,1,1,1,1,1,1,1,1,1,0,0,1,0,,,,,,,0,0,0,0,0,0
MLI,1139008,2021,1139,8,2,1,1,1,1,1,1,1,1,1,0,1,1,1,1,1,1,1,0,1,0,0,1,1,,,,,,,0,0,0,0,0,0
MLI,1139009,2021,1139,9,2,2,3,1,1,1,1,1,1,1,0,1,1,1,1,1,1,1,1,1,0,0,1,0,,,,,,,0,0,0,0,0,0
MLI,1139010,2021,1139,10,2,1,3,1,1,1,1,1,1,1,0,1,1,1,1,1,1,1,1,0,0,0,1,0,,,,,,,0,0,0,1,0,0
MLI,1139011,2021,1139,11,2,2,1,1,1,1,1,1,1,1,0,1,1,1,1,1,1,0,0,1,0,0,0,0,,,,,,,0,0,1,0,0,0
MLI,1139012,2021,1139,12,2,1,3,1,1,1,1,1,1,1,0,1,1,1,1,1,1,1,0,0,0,0,1,0,,,,,,,0,0,0,0,0,0
MLI,1142001,2021,1142,1,2,2,1,1,1,1,1,1,1,1,0,1,0,0,0,1,1,1,0,1,0,1,1,0,,,,,,,1,0,1,0,0,0
MLI,1142002,2021,1142,2,2,2,1,1,1,1,1,1,1,1,0,1,0,0,0,1,1,0,0,0,0,0,0,0,,,,,,,0,0,0,1,0,0
MLI,1142003,2021,1142,3,2,1,1,1,1,1,1,1,1,1,0,1,0,0,0,1,1,1,0,0,0,1,1,0,,,,,,,1,0,1,1,0,0
MLI,1142004,2021,1142,4,2,1,1,1,1,1,1,1,1,1,0,1,0,0,0,1,1,1,0,1,0,1,1,0,,,,,,,1,0,1,0,0,0
MLI,1142005,2021,1142,5,2,2,1,1,1,1,1,1,1,1,0,1,0,0,0,1,1,0,0,0,0,0,0,0,,,,,,,0,0,1,1,0,0
MLI,1142006,2021,1142,6,2,1,1,1,1,1,1,1,1,1,0,1,0,0,0,1,1,0,0,0,0,0,0,0,,,,,,,0,0,1,0,0,0
MLI,1142007,2021,1142,7,2,1,1,1,1,1,1,1,1,1,0,1,0,0,0,1,1,0,0,0,0,0,0,0,,,,,,,0,0,1,0,0,0
MLI,1142008,2021,1142,8,2,2,4,1,1,1,1,1,1,1,0,1,0,1,0,1,1,1,0,1,0,1,1,0,,,,,,,1,0,1,0,0,0
MLI,1142009,2021,1142,9,2,1,1,1,1,1,1,1,1,1,0,1,0,1,0,1,1,1,0,0,0,0,1,0,,,,,,,0,0,0,0,0,0
MLI,1142010,2021,1142,10,2,1,1,1,1,1,1,1,1,1,0,1,1,1,1,1,1,1,1,1,0,1,1,1,,,,,,,0,0,0,0,0,0
MLI,1142011,2021,1142,11,2,1,1,1,1,1,1,1,1,1,0,1,0,1,1,1,1,0,0,0,0,0,0,0,,,,,,,0,0,0,1,0,0
MLI,1142012,2021,1142,12,2,1,3,1,1,1,1,1,1,1,0,1,0,1,0,1,1,1,0,0,0,0,1,0,,,,,,,0,0,0,0,0,0
MLI,1143001,2021,1143,1,1,2,1,1,1,1,1,1,1,1,0,1,1,1,1,1,1,1,0,1,0,1,1,1,,,,,,,1,0,0,0,0,0
MLI,1143002,2021,1143,2,1,1,1,1,1,1,1,1,1,1,0,1,1,1,1,1,1,1,0,1,0,1,1,1,,,,,,,0,0,0,0,0,0
MLI,1143003,2021,1143,3,1,1,4,1,1,1,1,1,0,0,1,0,0,0,0,4,3,0,0,0,0,0,0,0,,,,,,,0,0,0,0,0,0
MLI,1143004,2021,1143,4,1,2,3,1,1,1,1,1,1,1,0,1,1,1,1,1,1,1,0,1,0,0,1,0,,,,,,,0,0,0,0,0,0
MLI,1143005,2021,1143,5,1,2,3,1,1,0,1,1,1,1,0,1,0,0,0,1,1,1,0,0,0,0,1,0,,,,,,,0,0,0,0,1,0
MLI,1143006,2021,1143,6,1,2,4,1,1,1,1,1,1,1,0,1,0,0,0,1,1,1,0,0,0,0,0,0,,0.0,0.0,0.0,0.0,13.0,0,0,1,0,0,0
MLI,1143007,2021,1143,7,1,1,4,1,1,0,1,1,0,0,0,0,0,0,0,4,5,0,0,0,0,0,0,0,,,,,,,0,0,0,1,0,0
MLI,1143008,2021,1143,8,1,2,4,1,1,1,1,1,1,1,0,1,1,1,1,1,1,1,0,0,0,0,0,0,,,,,,,0,0,1,0,0,0
MLI,1143009,2021,1143,9,1,1,4,1,1,1,1,1,1,1,0,1,0,0,1,1,1,0,0,0,0,0,0,0,,,,,,,0,0,0,0,0,0
MLI,1143010,2021,1143,10,1,1,4,1,1,0,1,1,1,1,0,1,1,1,1,1,1,1,0,1,0,0,1,0,,,,,,,0,0,0,0,0,0
MLI,1143011,2021,1143,11,1,2,2,1,1,1,1,1,1,1,0,1,1,1,1,1,1,1,0,1,0,0,1,1,,,,,,,1,0,1,0,0,0
MLI,1143012,2021,1143,12,1,2,3,1,1,1,1,1,1,1,0,1,1,1,1,1,1,1,0,1,0,0,0,1,,,,,,,0,0,1,0,0,0
MLI,1144001,2021,1144,1,2,1,1,1,1,1,1,1,1,1,0,1,1,1,1,1,1,1,1,1,0,1,1,1,,,,,,,1,1,1,1,0,0
MLI,1144002,2021,1144,2,2,1,1,1,1,1,1,1,1,1,0,1,1,1,1,1,1,1,0,1,0,1,1,0,,,,,,,1,0,1,0,0,0
MLI,1144003,2021,1144,3,2,1,4,1,1,1,1,1,1,1,0,1,0,0,0,1,1,1,0,0,0,1,1,0,,0.0,3.0,0.0,0.0,0.0,1,1,1,0,0,0
MLI,1144004,2021,1144,4,2,1,1,1,1,1,1,1,1,1,0,1,1,1,1,1,1,1,0,1,0,1,1,1,,,,,,,1,1,1,1,0,0
MLI,1144005,2021,1144,5,2,1,1,1,1,1,1,1,1,1,0,1,1,1,1,1,1,0,0,1,0,1,0,1,,,,,,,1,0,0,0,0,0
MLI,1144006,2021,1144,6,2,1,1,1,1,1,1,1,1,1,0,1,1,1,1,1,1,0,0,1,0,0,0,1,,,,,,,1,0,1,0,0,0
MLI,1144007,2021,1144,7,2,1,1,1,1,1,1,1,1,1,0,1,1,1,1,1,1,0,0,1,0,1,1,1,,,,,,,0,0,0,1,0,0
MLI,1144008,2021,1144,8,2,1,1,1,1,1,1,1,1,1,0,1,1,1,1,1,1,0,0,1,0,0,0,0,,,,,,,0,0,1,0,0,0
MLI,1144009,2021,1144,9,2,1,1,1,1,1,1,1,1,0,1,1,1,1,1,1,3,1,1,1,0,1,1,1,,,,,,,0,0,0,0,0,0
MLI,1144010,2021,1144,10,2,1,1,1,1,1,1,1,1,1,0,1,1,1,0,1,1,1,1,1,0,0,1,0,,,,,,,0,0,0,0,0,0
MLI,1144011,2021,1144,11,2,1,1,1,1,1,1,1,1,1,0,1,1,1,0,1,1,1,1,1,0,1,1,1,,,,,,,0,0,0,0,0,0
MLI,1144012,2021,1144,12,2,1,3,1,1,1,1,1,1,1,0,1,1,1,0,1,1,1,0,0,0,0,1,0,,0.0,2.0,0.0,0.0,0.0,1,0,0,1,0,0
MLI,1145001,2021,1145,1,1,1,1,1,1,1,1,1,1,1,0,1,1,1,1,1,1,1,0,1,0,1,1,1,,,,,,,1,0,1,0,0,0
MLI,1145002,2021,1145,2,1,1,1,1,1,1,1,1,1,1,0,1,1,1,1,1,1,1,0,1,0,1,1,1,,,,,,,1,0,1,0,0,0
MLI,1145003,2021,1145,3,1,2,1,1,1,1,0,0,1,1,0,1,0,0,0,1,1,1,0,0,0,0,1,1,,,,,,,0,0,0,1,0,0
MLI,1145004,2021,1145,4,1,1,1,1,1,1,1,1,1,1,0,1,1,1,1,1,1,1,0,1,0,1,0,1,,,,,,,0,0,1,0,0,0
MLI,1145005,2021,1145,5,1,1,4,1,1,1,1,1,1,1,0,1,1,1,0,1,1,1,0,0,0,0,1,0,,,,,,,0,0,0,0,0,0
MLI,1145006,2021,1145,6,1,1,2,1,1,1,1,1,1,1,0,1,1,1,0,1,1,1,0,1,0,0,1,0,,,,,,,0,0,1,0,0,0
MLI,1145007,2021,1145,7,1,1,4,1,1,1,1,1,1,1,0,1,1,1,0,1,1,1,0,1,0,0,1,0,,,,,,,0,0,0,0,0,0
MLI,1145008,2021,1145,8,1,2,1,1,1,1,1,1,1,1,0,1,1,1,1,1,1,1,0,1,0,1,1,1,,,,,,,0,0,0,0,0,0
MLI,1145009,2021,1145,9,1,2,2,1,1,1,1,1,1,1,0,1,1,1,0,1,1,1,0,1,0,0,1,0,,,,,,,0,0,1,1,0,0
MLI,1145010,2021,1145,10,1,1,1,1,1,1,1,1,1,1,0,1,0,0,0,1,1,1,0,0,0,1,1,0,,,,,,,1,0,0,0,0,0
MLI,1145011,2021,1145,11,1,1,4,1,1,1,1,1,1,1,0,1,1,1,1,1,1,0,0,1,0,0,1,0,,,,,,,0,0,0,0,0,0
MLI,1145012,2021,1145,12,1,2,4,1,1,1,1,1,0,0,0,1,1,1,0,4,6,0,0,0,0,0,0,0,,,,,,,1,0,0,0,0,0
MLI,1147001,2021,1147,1,1,1,1,1,1,1,1,1,1,1,0,1,1,1,1,1,1,1,0,0,0,0,1,1,,,,,,,0,0,0,0,0,0
MLI,1147002,2021,1147,2,1,1,3,1,1,1,1,1,1,1,0,1,0,0,1,1,1,0,0,0,0,0,0,0,,,,,,,0,0,0,0,0,0
MLI,1147003,2021,1147,3,1,1,1,1,1,1,0,0,1,1,0,1,0,0,1,1,1,1,0,0,0,0,1,0,,,,,,,0,0,0,0,0,0
MLI,1147004,2021,1147,4,1,2,3,1,1,1,1,1,1,0,1,1,1,1,1,1,2,1,0,1,0,0,1,0,,,,,,,1,0,1,0,0,0
MLI,1147005,2021,1147,5,1,2,1,1,1,1,1,1,1,1,0,1,1,1,1,1,1,1,0,1,0,0,1,0,,,,,,,1,0,1,0,0,0
MLI,1147006,2021,1147,6,1,1,3,1,1,0,1,1,1,1,0,0,0,0,0,1,1,1,0,1,0,0,1,0,,,,,,,0,0,0,0,0,0
MLI,1147007,2021,1147,7,1,1,2,1,1,0,1,1,1,1,0,1,0,0,0,1,1,1,0,0,0,0,1,0,,,,,,,0,0,0,0,0,0
MLI,1147008,2021,1147,8,1,1,3,1,1,1,1,1,1,1,0,0,0,1,0,1,1,1,0,0,0,0,1,0,,,,,,,1,0,0,0,0,0
MLI,1147009,2021,1147,9,1,2,4,1,1,1,1,1,1,1,0,1,1,0,0,1,1,1,0,1,0,0,0,0,,,,,,,1,0,1,0,0,0
MLI,1147010,2021,1147,10,1,2,3,1,1,1,1,1,1,1,0,1,0,1,1,1,1,1,0,1,0,0,1,0,,,,,,,0,0,0,0,0,0
MLI,1147011,2021,1147,11,1,2,4,1,1,1,1,1,1,1,0,1,1,1,1,1,1,1,0,0,0,0,1,0,,,,,,,0,0,0,0,0,0
MLI,1147012,2021,1147,12,1,1,3,1,1,1,1,1,1,1,0,1,1,1,1,1,1,1,0,1,0,0,1,0,,,,,,,0,0,1,0,0,0
MLI,1148001,2021,1148,1,1,1,1,1,1,1,1,1,0,1,0,0,1,1,1,2,1,1,0,0,0,0,1,0,,,,,,,0,0,1,0,0,0
MLI,1148002,2021,1148,2,1,1,4,1,1,1,1,1,0,1,0,0,1,0,0,2,1,1,0,0,0,0,1,0,,0.0,0.0,0.0,0.0,10.0,0,0,1,1,0,0
MLI,1148003,2021,1148,3,1,1,3,1,1,1,1,1,1,1,0,0,1,1,0,1,1,1,0,0,0,0,1,0,,,,,,,0,0,1,1,0,0
MLI,1148004,2021,1148,4,1,1,1,1,1,1,1,1,1,1,0,0,1,1,0,1,1,1,0,0,0,0,1,1,,,,,,,1,0,1,0,0,0
MLI,1148005,2021,1148,5,1,1,3,1,1,1,1,1,0,1,0,1,0,1,0,4,1,1,0,0,0,0,1,0,,,,,,,0,0,0,0,0,0
MLI,1148006,2021,1148,6,1,1,1,1,1,1,1,1,1,1,0,1,0,1,0,1,1,1,0,0,0,0,1,0,,,,,,,0,0,0,0,0,0
MLI,1148007,2021,1148,7,1,1,1,1,1,1,1,1,1,1,0,1,0,1,1,1,1,1,0,1,0,0,1,0,,,,,,,0,0,0,0,0,0
MLI,1148008,2021,1148,8,1,1,1,1,1,1,1,1,1,1,0,1,0,1,0,1,1,1,0,1,0,0,1,0,,,,,,,0,0,0,0,0,0
MLI,1148009,2021,1148,9,1,1,1,1,1,1,1,1,0,0,1,1,0,0,0,4,3,0,0,0,0,0,0,0,,5.0,0.0,0.0,0.0,0.0,0,0,0,0,0,0
MLI,1148010,2021,1148,10,1,1,4,1,1,1,1,1,1,1,0,0,0,0,0,1,1,1,0,0,0,0,1,1,,,,,,,0,0,0,0,0,0
MLI,1148011,2021,1148,11,1,2,3,1,1,1,1,1,0,0,1,0,0,0,0,4,3,1,0,0,0,0,1,0,,,,,,,0,0,0,0,0,0
MLI,1148012,2021,1148,12,1,2,3,1,1,1,1,1,1,1,0,1,0,0,1,1,1,1,0,0,0,0,1,0,,,,,,,0,0,0,0,0,0
MLI,1150001,2021,1150,1,2,2,3,1,1,1,1,1,1,1,0,1,0,1,0,1,1,1,1,0,0,0,1,0,,0.0,1.0,0.0,0.0,0.0,1,1,0,0,0,0
MLI,1150002,2021,1150,2,2,1,3,1,1,1,1,1,1,1,0,1,1,1,1,1,1,1,0,1,0,1,1,0,,,,,,,1,0,1,1,0,0
MLI,1150003,2021,1150,3,2,1,3,1,1,1,1,1,1,1,0,1,0,0,1,1,1,1,0,0,0,0,1,0,,,,,,,1,0,1,1,0,0
MLI,1150004,2021,1150,4,2,1,4,1,1,1,1,1,1,1,0,1,0,0,0,1,1,1,0,0,0,0,1,0,,0.0,2.0,0.0,0.0,0.0,1,0,1,1,0,0
MLI,1150005,2021,1150,5,2,1,3,1,1,1,1,1,1,1,0,1,0,0,0,1,1,0,0,0,0,0,0,0,,,,,,,0,0,1,1,0,0
MLI,1150006,2021,1150,6,2,2,1,1,1,1,1,1,1,1,0,1,1,1,1,1,1,1,1,1,0,1,1,1,,,,,,,0,0,0,0,0,0
MLI,1150007,2021,1150,7,2,1,3,1,1,1,1,1,0,1,0,0,0,0,0,2,1,0,0,0,0,0,0,0,,,,,,,0,0,1,0,0,0
MLI,1150008,2021,1150,8,2,2,3,1,1,1,1,1,1,1,0,1,0,0,0,1,1,0,0,0,0,0,0,0,,,,,,,0,0,1,0,0,0
MLI,1150009,2021,1150,9,2,2,3,1,1,1,1,1,0,0,0,0,0,0,0,4,4,0,0,0,0,0,0,0,,,,,,,0,0,1,0,0,0
MLI,1150010,2021,1150,10,2,2,3,1,1,1,1,1,0,0,1,1,0,0,0,4,3,1,0,0,0,0,1,0,,0.0,2.0,0.0,0.0,0.0,1,0,1,1,0,0
MLI,1150011,2021,1150,11,2,1,3,1,1,1,1,1,1,1,0,1,1,1,1,1,1,1,0,0,0,0,1,0,,,,,,,0,0,0,0,0,0
MLI,1150012,2021,1150,12,2,1,3,1,1,1,1,1,1,1,0,1,1,1,1,1,1,1,1,1,0,1,1,1,,,,,,,0,1,0,0,0,0
MLI,1151001,2021,1151,1,1,2,2,1,1,1,1,1,1,1,0,1,1,1,1,1,1,1,0,0,0,0,1,0,,,,,,,1,0,1,0,0,0
MLI,1151002,2021,1151,2,1,2,1,1,1,1,1,1,1,1,0,1,1,1,1,1,1,1,0,1,0,0,1,0,,,,,,,1,0,1,0,0,0
MLI,1151003,2021,1151,3,1,1,1,1,1,1,1,1,1,1,0,1,1,1,1,1,1,1,0,1,0,0,1,1,,,,,,,0,0,1,1,0,0
MLI,1151004,2021,1151,4,1,1,1,1,1,1,1,1,1,1,0,1,1,1,1,1,1,1,1,1,0,0,1,0,,,,,,,0,0,1,1,0,0
MLI,1151005,2021,1151,5,1,1,1,1,1,1,1,1,1,1,0,1,1,1,0,1,1,1,0,1,0,1,1,1,,,,,,,0,0,0,0,0,0
MLI,1151006,2021,1151,6,1,1,1,1,1,1,1,1,1,1,0,1,1,1,1,1,1,1,0,1,0,1,1,1,,,,,,,0,0,0,0,0,0
MLI,1151007,2021,1151,7,1,2,1,1,1,1,1,1,1,1,0,1,1,1,1,1,1,1,0,1,0,1,1,1,,,,,,,0,0,0,0,0,0
MLI,1151008,2021,1151,8,1,2,1,1,1,1,1,1,1,1,0,1,1,1,0,1,1,1,0,1,0,0,1,1,,,,,,,0,0,0,0,0,0
MLI,1151009,2021,1151,9,1,2,1,1,1,1,1,1,1,1,0,1,1,1,1,1,1,1,0,1,0,0,1,1,,,,,,,0,0,0,0,0,0
MLI,1151010,2021,1151,10,1,1,1,1,1,1,1,1,1,1,0,1,0,0,1,1,1,1,0,0,0,0,1,0,,,,,,,0,0,0,0,0,0
MLI,1151011,2021,1151,11,1,1,1,1,1,1,1,1,1,1,0,1,1,1,1,1,1,1,0,1,0,0,1,1,,,,,,,0,0,0,0,0,0
MLI,1151012,2021,1151,12,1,1,1,1,1,1,1,1,1,1,0,1,1,1,1,1,1,1,0,0,0,0,1,0,,,,,,,0,0,0,0,0,0
MLI,1155001,2021,1155,1,2,1,1,1,1,1,1,1,1,1,0,1,0,0,0,1,1,1,0,1,0,0,1,0,,,,,,,1,0,1,1,0,0
MLI,1155002,2021,1155,2,2,1,3,1,1,1,1,1,1,1,0,1,0,0,0,1,1,1,0,0,0,0,1,0,,,,,,,1,0,1,1,0,0
MLI,1155003,2021,1155,3,2,2,1,1,1,1,1,1,1,1,0,1,0,1,0,1,1,1,0,1,0,0,1,0,,,,,,,1,0,0,0,0,0
MLI,1155004,2021,1155,4,2,1,3,1,1,1,1,1,1,1,0,1,0,0,0,1,1,1,0,0,0,1,1,0,,,,,,,0,0,1,0,0,0
MLI,1155005,2021,1155,5,2,1,3,1,1,1,1,1,0,1,0,1,0,0,0,2,1,0,0,0,0,0,0,0,,,,,,,1,0,0,0,0,0
MLI,1155006,2021,1155,6,2,1,3,1,1,1,1,1,1,1,0,1,0,0,0,1,1,0,0,0,0,0,0,0,,,,,,,1,0,0,0,0,0
MLI,1155007,2021,1155,7,2,1,1,1,1,1,1,1,1,1,0,1,1,1,0,1,1,1,1,1,0,0,1,1,,,,,,,0,0,0,0,0,0
MLI,1155008,2021,1155,8,2,1,1,1,1,1,1,1,1,1,0,1,0,0,0,1,1,0,0,0,0,0,0,0,,,,,,,0,0,0,0,0,0
MLI,1155009,2021,1155,9,2,1,2,1,1,1,1,1,1,1,0,1,0,1,0,1,1,1,0,1,0,0,1,0,,0.0,0.0,0.0,0.0,15.0,0,0,0,0,0,0
MLI,1155010,2021,1155,10,2,1,3,1,1,1,0,0,1,1,0,1,0,0,0,1,1,1,0,0,0,0,1,0,,,,,,,0,0,0,0,0,0
MLI,1155011,2021,1155,11,2,2,1,1,1,1,1,1,1,1,0,1,0,0,0,1,1,1,0,0,0,1,1,0,,0.0,0.0,0.0,0.0,23.0,1,0,1,1,0,0
MLI,1155012,2021,1155,12,2,1,3,1,1,1,1,1,0,1,0,0,0,0,0,2,1,1,0,0,0,0,1,0,,,,,,,1,1,0,0,0,0
MLI,1201001,2021,1201,1,1,2,4,0,0,0,0,0,0,0,0,0,0,0,0,4,5,0,0,0,0,0,0,0,,5.0,70.0,0.0,0.0,0.0,0,0,0,0,0,0
MLI,1201002,2021,1201,2,1,2,2,1,1,0,0,0,0,0,0,0,0,0,0,4,5,0,0,0,0,0,0,0,,,,,,,0,0,0,0,0,0
MLI,1201003,2021,1201,3,1,2,2,1,1,0,0,0,0,0,0,0,0,0,0,4,5,0,0,0,0,0,0,0,,,,,,,1,0,0,0,0,0
MLI,1201004,2021,1201,4,1,2,1,1,1,0,0,0,0,0,0,0,0,0,0,4,5,0,0,0,0,0,0,0,,,,,,,0,0,0,0,0,0
MLI,1201005,2021,1201,5,1,2,2,1,0,0,1,1,0,0,1,0,0,0,0,4,3,0,0,0,0,0,0,0,,,,,,,0,0,0,0,0,0
MLI,1201006,2021,1201,6,1,2,2,1,0,0,1,1,0,0,1,0,0,0,0,4,3,0,0,0,0,0,0,0,,,,,,,0,0,0,0,0,0
MLI,1201007,2021,1201,7,1,2,2,1,0,0,1,1,0,0,1,0,0,0,0,4,3,0,0,1,0,0,0,0,,,,,,,0,0,0,0,0,0
MLI,1201008,2021,1201,8,1,2,2,0,0,0,1,1,0,0,1,0,0,0,0,4,3,0,0,0,0,0,0,0,,28.0,103.0,0.0,0.0,0.0,0,0,0,0,0,0
MLI,1202001,2021,1202,1,1,2,2,0,0,0,0,0,0,0,0,0,0,0,0,4,5,0,0,0,0,0,0,0,,5.0,125.0,0.0,0.0,0.0,0,0,0,0,0,0
MLI,1202002,2021,1202,2,1,2,2,1,0,1,1,0,0,0,1,0,0,0,0,4,3,0,0,0,0,0,0,0,,31.0,143.0,0.0,0.0,0.0,0,0,0,0,0,0
MLI,1202003,2021,1202,3,1,2,4,0,0,0,0,0,0,0,0,0,0,0,0,4,5,0,0,0,0,0,0,0,,,,,,,0,0,0,0,0,0
MLI,1202004,2021,1202,4,1,2,2,0,0,0,0,0,0,0,0,0,0,0,0,4,5,0,0,0,0,0,0,0,,25.0,65.0,0.0,0.0,0.0,0,0,0,0,0,0
MLI,1202005,2021,1202,5,1,2,2,1,0,1,1,1,0,0,1,0,0,0,0,4,3,0,0,0,0,0,0,0,,0.0,51.0,0.0,0.0,0.0,0,0,0,0,0,0
MLI,1202006,2021,1202,6,1,2,4,0,0,0,0,0,0,0,0,0,0,0,0,4,5,0,0,0,0,0,0,0,,10.0,79.0,0.0,0.0,0.0,0,0,0,0,0,0
MLI,1202007,2021,1202,7,1,2,2,0,0,0,1,1,0,0,0,0,0,0,0,4,5,0,0,0,0,0,0,0,,4.0,42.0,0.0,0.0,0.0,0,0,0,0,0,0
MLI,1202008,2021,1202,8,1,2,2,0,0,0,1,1,0,0,0,0,0,0,0,4,5,0,0,0,0,0,0,0,,2.0,65.0,0.0,0.0,0.0,0,0,0,0,0,0
MLI,1204001,2021,1204,1,2,1,2,0,0,0,1,1,0,0,0,0,0,0,0,4,5,0,0,0,0,0,0,0,,66.0,72.0,0.0,0.0,0.0,1,0,0,0,0,0
MLI,1204002,2021,1204,2,2,1,2,0,0,0,1,1,0,0,1,0,0,0,0,4,3,0,0,0,0,0,0,1,,1.0,88.0,0.0,0.0,4.0,0,0,0,0,0,0
MLI,1204003,2021,1204,3,2,1,2,0,0,0,1,1,0,0,1,0,0,0,0,4,3,0,0,0,0,0,0,0,,0.0,28.0,0.0,0.0,0.0,0,0,0,0,1,0
MLI,1204004,2021,1204,4,2,1,2,0,0,0,1,1,0,0,0,0,0,0,0,4,5,0,0,0,0,0,0,1,,57.0,197.0,0.0,0.0,0.0,0,0,0,0,0,0
MLI,1204005,2021,1204,5,2,1,1,1,1,1,1,1,0,0,1,0,1,0,0,4,3,0,0,0,0,0,0,0,,17.0,49.0,0.0,0.0,0.0,0,0,0,0,0,0
MLI,1204006,2021,1204,6,2,1,1,1,0,1,1,1,0,0,1,0,1,0,0,4,3,0,0,0,0,0,0,0,,19.0,37.0,0.0,0.0,0.0,0,0,0,0,0,0
MLI,1204007,2021,1204,7,2,1,1,1,0,1,1,1,0,0,1,0,1,0,0,4,3,0,0,0,0,0,0,0,,27.0,39.0,0.0,0.0,0.0,0,0,0,0,0,0
MLI,1204008,2021,1204,8,2,1,1,1,1,1,1,1,0,0,1,0,1,0,0,4,3,0,0,0,0,0,0,0,,29.0,53.0,0.0,0.0,0.0,0,0,0,0,0,0
MLI,1204009,2021,1204,9,2,2,4,0,0,0,0,0,0,0,0,0,0,0,0,4,5,0,0,0,0,0,0,0,,0.0,77.0,0.0,0.0,0.0,0,0,0,0,0,0
MLI,1204010,2021,1204,10,2,1,4,0,0,0,0,0,0,0,0,0,0,0,0,4,5,0,0,0,0,0,0,0,,0.0,78.0,0.0,0.0,0.0,0,0,0,0,0,0
MLI,1204011,2021,1204,11,2,1,4,0,0,0,0,0,0,0,0,0,0,0,0,4,5,0,0,0,0,0,0,0,,20.0,66.0,0.0,0.0,0.0,0,0,0,0,0,0
MLI,1204012,2021,1204,12,2,1,4,0,0,0,0,0,0,0,0,0,0,0,0,4,5,0,0,0,0,0,0,0,,0.0,98.0,0.0,0.0,0.0,0,0,1,0,0,0
MLI,1205001,2021,1205,1,2,1,2,0,0,0,1,1,0,0,0,0,0,0,0,4,5,0,0,0,0,0,0,0,,2.0,180.0,0.0,0.0,0.0,0,0,0,0,0,0
MLI,1205002,2021,1205,2,2,1,2,0,0,0,1,1,0,0,0,0,0,0,0,4,5,0,0,0,0,0,0,0,,6.0,75.0,0.0,0.0,0.0,0,0,0,0,0,0
MLI,1205003,2021,1205,3,2,1,2,0,0,0,1,1,0,0,1,0,0,0,0,4,3,0,0,0,0,0,0,0,,0.0,56.0,0.0,0.0,0.0,0,0,0,0,0,0
MLI,1205004,2021,1205,4,2,1,2,0,0,0,0,0,0,0,0,0,0,0,0,4,5,0,0,0,0,0,0,0,,0.0,30.0,0.0,0.0,0.0,0,0,0,0,0,0
MLI,1205005,2021,1205,5,2,1,1,1,1,1,1,1,0,0,1,0,1,0,0,4,3,0,0,0,0,0,0,0,,27.0,46.0,0.0,0.0,0.0,0,0,0,0,0,0
MLI,1205006,2021,1205,6,2,1,1,1,0,1,1,1,0,0,1,0,1,0,0,4,3,0,0,0,0,0,0,0,,29.0,49.0,0.0,0.0,0.0,0,0,0,0,0,0
MLI,1205007,2021,1205,7,2,1,1,1,0,1,1,1,0,0,1,0,1,0,0,4,3,0,0,0,0,0,0,0,,33.0,59.0,0.0,0.0,0.0,0,0,0,0,0,0
MLI,1205008,2021,1205,8,2,1,1,1,1,1,1,1,0,0,1,0,1,0,0,4,3,0,0,0,0,0,0,0,,35.0,127.0,0.0,0.0,0.0,0,0,0,0,0,0
MLI,1205009,2021,1205,9,2,1,4,0,0,0,0,0,0,0,0,0,0,0,0,4,5,0,0,0,0,0,0,0,,0.0,143.0,0.0,0.0,0.0,0,0,0,0,0,0
MLI,1205010,2021,1205,10,2,1,4,0,0,0,0,0,0,0,0,0,0,0,0,4,5,0,0,0,0,0,0,0,,0.0,116.0,0.0,0.0,0.0,0,0,0,0,0,0
MLI,1205011,2021,1205,11,2,1,1,1,0,1,1,1,0,0,1,0,1,0,0,4,3,0,0,0,0,0,0,0,,49.0,121.0,0.0,0.0,0.0,0,0,0,0,0,0
MLI,1205012,2021,1205,12,2,1,1,1,1,1,1,1,0,0,1,0,1,0,0,4,3,0,0,0,0,0,0,0,,41.0,105.0,0.0,0.0,0.0,0,0,0,0,0,0
MLI,1206001,2021,1206,1,2,1,2,0,0,0,1,1,0,0,0,0,0,0,0,4,5,0,0,0,0,0,0,0,,12.0,73.0,0.0,0.0,0.0,0,0,0,0,0,0
MLI,1206002,2021,1206,2,2,1,2,0,0,0,1,1,0,0,1,0,0,0,0,4,3,0,0,0,0,0,0,1,,4.0,60.0,0.0,0.0,0.0,0,0,0,0,0,0
MLI,1206003,2021,1206,3,2,1,2,0,0,0,1,1,0,0,0,0,0,0,0,4,6,0,0,0,0,0,0,0,,3.0,45.0,0.0,0.0,0.0,0,0,0,0,0,0
MLI,1206004,2021,1206,4,2,1,2,0,0,0,1,1,0,0,1,0,0,0,0,4,3,0,0,0,0,0,0,1,,0.0,67.0,0.0,0.0,0.0,0,0,0,0,0,0
MLI,1206005,2021,1206,5,2,1,1,1,0,1,1,1,0,0,1,0,1,0,0,4,3,0,0,0,0,0,0,0,,18.0,46.0,0.0,0.0,0.0,0,0,0,0,0,0
MLI,1206006,2021,1206,6,2,1,1,1,0,1,1,1,0,0,1,0,1,0,0,4,3,0,0,0,0,0,0,0,,29.0,62.0,0.0,0.0,0.0,0,0,0,0,0,0
MLI,1206007,2021,1206,7,2,1,1,1,1,1,1,1,0,0,1,0,1,0,0,4,3,0,0,0,0,0,0,0,,23.0,48.0,0.0,0.0,0.0,0,0,0,0,0,0
MLI,1206008,2021,1206,8,2,1,1,1,0,1,1,1,0,0,1,0,1,0,0,4,3,0,0,0,0,0,0,0,,43.0,126.0,0.0,0.0,0.0,0,0,0,0,0,0
MLI,1206009,2021,1206,9,2,1,1,1,1,0,1,1,0,0,1,0,1,0,0,4,3,0,0,0,0,0,0,0,,49.0,91.0,0.0,0.0,0.0,0,0,0,0,0,0
MLI,1206010,2021,1206,10,2,1,1,1,1,1,1,1,0,0,1,0,1,0,0,4,3,0,0,0,0,0,0,0,,43.0,90.0,0.0,0.0,0.0,0,0,0,0,0,0
MLI,1206011,2021,1206,11,2,1,1,1,0,0,1,1,0,0,1,0,1,0,0,4,3,0,0,0,0,0,0,0,,45.0,107.0,0.0,0.0,0.0,0,0,0,0,0,0
MLI,1206012,2021,1206,12,2,2,1,1,0,1,1,1,0,0,1,0,1,0,0,4,3,0,0,0,0,0,0,0,,25.0,58.0,0.0,0.0,0.0,0,0,0,0,0,0
MLI,1207001,2021,1207,1,2,1,1,0,0,0,0,1,0,0,0,0,1,0,0,4,5,0,0,0,0,0,0,0,,36.0,0.0,0.0,0.0,0.0,0,1,1,0,0,0
MLI,1207002,2021,1207,2,2,1,2,0,0,0,1,1,0,0,0,0,1,0,0,4,5,0,0,0,0,0,0,0,,,,,,,0,0,0,1,0,0
MLI,1207003,2021,1207,3,2,1,1,1,1,0,1,0,0,0,0,0,1,1,0,4,5,0,0,0,0,0,0,0,,0.0,14.0,0.0,0.0,11.0,0,0,0,0,1,0
MLI,1207004,2021,1207,4,2,1,2,0,0,0,1,1,0,0,0,1,1,0,1,4,5,0,0,0,0,0,0,0,,,,,,,0,0,1,0,0,0
MLI,1207005,2021,1207,5,2,1,1,1,0,1,1,1,0,0,1,0,1,0,0,4,3,0,0,0,0,0,0,0,,,,,,,0,0,0,0,0,0
MLI,1207006,2021,1207,6,2,1,1,1,0,1,1,1,0,0,1,0,1,0,0,4,3,0,0,0,0,0,0,0,,,,,,,0,0,0,0,0,0
MLI,1207007,2021,1207,7,2,1,1,1,1,1,1,1,0,0,1,0,1,0,0,4,3,0,0,0,0,0,0,0,,,,,,,0,0,0,0,0,0
MLI,1207008,2021,1207,8,2,1,1,1,1,1,1,1,0,0,1,0,1,0,0,4,3,0,0,0,0,0,0,0,,,,,,,0,0,0,0,0,0
MLI,1207009,2021,1207,9,2,1,1,1,1,1,0,0,0,0,1,0,1,0,0,4,3,1,0,0,0,0,0,0,,,,,,,0,0,0,0,0,0
MLI,1207010,2021,1207,10,2,1,1,1,1,1,0,0,0,0,1,0,1,0,0,4,3,0,0,0,0,0,0,0,,,,,,,1,0,0,0,0,0
MLI,1207011,2021,1207,11,2,1,1,1,1,1,0,0,0,0,1,0,0,0,0,4,3,0,0,0,0,0,0,0,,,,,,,0,0,0,0,0,0
MLI,1207012,2021,1207,12,2,1,1,1,1,0,0,0,0,0,1,0,0,0,0,4,3,0,0,0,0,0,0,0,,,,,,,0,0,0,0,0,0
MLI,1208001,2021,1208,1,2,1,2,1,0,0,1,1,0,0,0,0,1,0,0,4,5,0,0,0,0,0,0,0,,20.0,52.0,0.0,0.0,0.0,0,0,0,0,1,0
MLI,1208002,2021,1208,2,2,1,2,0,1,0,1,1,0,0,0,0,1,1,0,4,5,0,0,0,0,0,0,0,,28.0,61.0,0.0,0.0,0.0,0,0,0,1,0,0
MLI,1208003,2021,1208,3,2,1,1,0,0,0,1,0,0,0,0,0,1,0,0,4,5,0,0,0,0,0,0,0,,,,,,,0,1,0,0,0,0
MLI,1208004,2021,1208,4,2,1,2,0,0,0,0,1,0,0,0,0,1,0,0,4,5,0,0,0,0,0,0,0,,12.0,68.0,0.0,0.0,0.0,0,1,0,0,0,0
MLI,1208005,2021,1208,5,2,1,1,1,1,1,1,1,0,0,1,0,1,0,0,4,3,0,0,0,0,0,0,0,,,,,,,0,0,0,0,0,0
MLI,1208006,2021,1208,6,2,1,1,1,0,1,1,1,0,0,1,0,1,0,0,4,3,0,0,0,0,0,0,0,,,,,,,0,0,0,0,0,0
MLI,1208007,2021,1208,7,2,1,1,1,0,1,1,1,0,0,1,0,1,0,0,4,3,0,0,0,0,0,0,0,,,,,,,0,0,0,0,0,0
MLI,1208008,2021,1208,8,2,1,1,1,1,1,1,1,0,0,1,0,1,0,0,4,3,0,0,0,0,0,0,0,,,,,,,0,0,0,0,0,0
MLI,1208009,2021,1208,9,2,1,1,1,1,1,0,0,0,0,1,0,1,0,0,4,3,0,0,0,0,0,0,1,,,,,,,0,0,0,0,0,0
MLI,1208010,2021,1208,10,2,1,1,1,1,1,0,0,0,0,1,0,1,0,0,4,3,0,0,0,0,0,0,0,,,,,,,0,0,0,0,0,0
MLI,1208011,2021,1208,11,2,1,4,0,0,0,0,0,0,0,1,0,0,0,0,4,3,0,0,0,0,0,0,0,,0.0,46.0,0.0,0.0,0.0,0,0,0,0,0,0
MLI,1208012,2021,1208,12,2,1,2,1,0,0,0,0,0,0,1,0,0,0,0,4,3,0,0,0,0,0,0,0,,,,,,,1,0,0,0,0,0
MLI,1209001,2021,1209,1,2,1,2,0,0,0,1,0,0,0,1,0,1,0,0,4,3,0,0,0,0,0,0,1,,,,,,,0,1,0,0,0,0
MLI,1209002,2021,1209,2,2,1,2,1,0,0,0,0,0,0,0,0,1,1,0,4,5,0,0,0,0,0,0,0,,4.0,51.0,0.0,0.0,0.0,0,1,1,0,0,0
MLI,1209003,2021,1209,3,2,1,1,0,0,0,0,0,0,0,0,0,1,0,0,4,5,0,0,0,0,0,0,0,,3.0,69.0,0.0,0.0,0.0,0,0,0,0,1,0
MLI,1209004,2021,1209,4,2,1,2,1,1,0,0,0,0,0,0,1,1,1,0,4,5,0,0,0,0,0,0,0,,33.0,0.0,0.0,0.0,0.0,1,1,0,0,0,0
MLI,1209005,2021,1209,5,2,1,1,1,0,1,1,1,0,0,1,0,1,0,0,4,3,0,0,0,0,0,0,0,,16.0,37.0,0.0,0.0,0.0,0,0,0,0,0,0
MLI,1209006,2021,1209,6,2,1,1,1,0,1,1,1,0,0,1,0,1,0,0,4,3,0,0,0,0,0,0,0,,31.0,49.0,0.0,0.0,0.0,0,0,0,0,0,0
MLI,1209007,2021,1209,7,2,1,1,1,0,1,1,1,0,0,1,0,1,0,0,4,3,0,0,0,0,0,0,0,,23.0,49.0,0.0,0.0,0.0,0,0,0,0,0,0
MLI,1209008,2021,1209,8,2,1,1,1,0,1,1,1,0,0,1,0,1,0,0,4,3,0,0,0,0,0,0,0,,,,,,,0,0,0,0,0,0
MLI,1209009,2021,1209,9,2,1,1,1,1,1,1,1,1,0,1,0,0,0,0,1,2,1,0,0,0,0,1,0,,,,,,,0,0,0,0,0,0
MLI,1209010,2021,1209,10,2,1,1,1,1,1,1,1,1,0,1,0,1,0,0,1,2,0,0,0,0,0,0,0,,,,,,,0,0,0,0,0,0
MLI,1209011,2021,1209,11,2,1,1,1,1,1,1,1,1,1,0,0,1,0,0,1,1,1,0,0,0,0,1,0,,,,,,,0,0,0,0,0,0
MLI,1209012,2021,1209,12,2,1,1,1,1,1,1,1,1,0,1,0,1,0,0,1,2,0,0,0,0,0,0,0,,0.0,78.0,0.0,0.0,0.0,0,0,0,0,0,0
MLI,1210001,2021,1210,1,2,1,2,0,0,0,0,0,0,0,0,0,0,0,0,4,5,0,0,0,0,0,0,0,,18.0,25.0,0.0,0.0,0.0,0,0,0,1,0,0
MLI,1210002,2021,1210,2,2,1,2,1,0,0,1,0,0,0,0,1,1,0,0,4,5,0,0,0,0,0,0,0,,0.0,51.0,0.0,0.0,0.0,0,1,0,0,0,0
MLI,1210003,2021,1210,3,2,1,2,0,0,0,0,0,0,0,0,0,1,0,0,4,5,0,0,0,0,0,0,0,,26.0,52.0,0.0,0.0,0.0,0,1,1,0,0,0
MLI,1210004,2021,1210,4,2,1,2,0,0,0,0,0,0,0,0,0,1,1,0,4,5,0,0,0,0,0,0,0,,4.0,81.0,0.0,0.0,0.0,1,1,0,0,0,0
MLI,1210005,2021,1210,5,2,1,1,1,0,1,1,1,0,0,1,0,1,0,0,4,3,0,0,0,0,0,0,0,,27.0,53.0,0.0,0.0,0.0,0,0,0,0,0,0
MLI,1210006,2021,1210,6,2,1,1,1,1,1,1,1,0,0,1,0,1,0,0,4,3,0,0,0,0,0,0,0,,33.0,86.0,0.0,0.0,0.0,0,0,0,0,0,0
MLI,1210007,2021,1210,7,2,1,1,1,0,1,1,1,0,0,1,0,1,0,0,4,3,0,0,0,0,0,0,0,,16.0,47.0,0.0,0.0,0.0,0,0,0,0,0,0
MLI,1210008,2021,1210,8,2,1,1,1,0,1,1,1,0,0,1,0,1,0,0,4,3,0,0,0,0,0,0,0,,29.0,41.0,0.0,0.0,0.0,0,0,0,0,0,0
MLI,1210009,2021,1210,9,2,1,4,0,0,0,0,0,0,0,0,0,0,0,0,4,5,0,0,0,0,0,0,0,,0.0,97.0,0.0,0.0,0.0,0,0,0,0,0,0
MLI,1210010,2021,1210,10,2,1,4,0,0,0,0,0,0,0,0,0,0,0,0,4,5,0,0,0,0,0,0,0,,38.0,50.0,0.0,0.0,0.0,0,0,0,0,0,0
MLI,1210011,2021,1210,11,2,1,4,0,0,0,0,0,0,0,0,0,0,0,0,4,5,0,0,0,0,0,0,0,,28.0,37.0,0.0,0.0,0.0,0,0,0,0,0,0
MLI,1210012,2021,1210,12,2,1,4,0,0,0,0,0,0,0,0,0,0,0,0,4,5,0,0,0,0,0,0,0,,0.0,119.0,0.0,0.0,0.0,0,0,0,0,0,0
MLI,1211001,2021,1211,1,2,1,2,0,0,0,1,0,0,0,0,1,1,1,0,4,4,0,0,0,0,0,0,0,,30.0,18.0,0.0,0.0,0.0,0,1,0,0,0,0
MLI,1211002,2021,1211,2,2,1,1,0,0,0,0,0,0,0,0,0,1,0,0,4,5,0,0,0,0,0,0,0,,63.0,0.0,0.0,0.0,0.0,1,0,1,1,1,0
MLI,1211003,2021,1211,3,2,1,2,0,0,0,0,0,0,0,0,0,1,1,1,4,5,0,0,0,0,0,0,0,,12.0,26.0,0.0,0.0,0.0,0,1,0,0,0,0
MLI,1211004,2021,1211,4,2,1,2,0,0,0,0,0,0,0,0,0,0,0,0,4,5,0,0,0,0,0,0,0,,32.0,19.0,0.0,0.0,0.0,0,0,0,0,0,0
MLI,1211005,2021,1211,5,2,1,1,1,0,1,1,1,0,0,1,0,1,0,0,4,3,0,0,0,0,0,0,0,,,,,,,0,0,0,0,0,0
MLI,1211006,2021,1211,6,2,1,1,1,0,1,1,1,0,0,1,0,1,0,0,4,3,0,0,0,0,0,0,0,,,,,,,0,0,0,0,0,0
MLI,1211007,2021,1211,7,2,1,1,1,0,1,1,1,0,0,1,0,1,0,0,4,3,0,0,0,0,0,0,0,,,,,,,0,0,0,0,0,0
MLI,1211008,2021,1211,8,2,1,1,1,0,1,1,1,0,0,1,0,1,0,0,4,3,0,0,0,0,0,0,0,,,,,,,0,0,0,0,0,0
MLI,1211009,2021,1211,9,2,1,4,0,0,0,0,0,0,0,1,0,0,0,0,4,3,0,0,0,0,0,0,0,,0.0,84.0,0.0,0.0,0.0,0,0,0,0,0,0
MLI,1211010,2021,1211,10,2,1,4,0,0,0,0,0,0,0,0,0,0,0,0,4,5,0,0,0,0,0,0,0,,42.0,33.0,0.0,0.0,0.0,0,0,0,0,0,0
MLI,1211011,2021,1211,11,2,1,4,0,0,0,0,0,0,0,0,0,0,0,0,4,5,0,0,0,0,0,0,0,,28.0,46.0,0.0,0.0,0.0,1,0,0,0,0,0
MLI,1211012,2021,1211,12,2,1,4,0,0,0,0,0,0,0,0,0,0,0,0,4,5,0,0,0,0,0,0,1,,0.0,110.0,0.0,0.0,0.0,0,0,0,0,0,0
MLI,1212001,2021,1212,1,2,1,2,1,0,0,1,0,0,0,0,0,1,0,0,4,5,0,0,0,0,0,0,0,,20.0,45.0,0.0,0.0,0.0,0,1,0,0,1,0
MLI,1212002,2021,1212,2,2,1,2,0,0,0,0,0,0,0,0,0,0,0,0,4,5,0,0,0,0,0,0,0,,21.0,62.0,0.0,0.0,0.0,0,1,1,0,0,0
MLI,1212003,2021,1212,3,2,1,1,0,1,1,0,0,0,0,0,0,1,0,0,4,5,0,0,0,0,0,0,1,,9.0,82.0,0.0,0.0,0.0,0,1,1,0,1,0
MLI,1212004,2021,1212,4,2,1,2,1,1,0,1,0,0,0,0,1,0,1,0,4,5,0,0,0,0,0,0,0,,,,,,,1,1,0,0,0,0
MLI,1212005,2021,1212,5,2,1,1,1,0,1,1,1,0,0,1,0,1,0,0,4,3,0,0,0,0,0,0,0,,23.0,41.0,0.0,0.0,0.0,0,0,0,0,0,0
MLI,1212006,2021,1212,6,2,1,1,1,0,1,1,1,0,0,1,0,1,0,0,4,3,0,0,0,0,0,0,0,,25.0,39.0,0.0,0.0,0.0,0,0,0,0,0,0
MLI,1212007,2021,1212,7,2,1,1,1,0,1,1,1,0,0,1,0,1,0,0,4,3,0,0,0,0,0,0,0,,32.0,47.0,0.0,0.0,0.0,0,0,0,0,0,0
MLI,1212008,2021,1212,8,2,1,1,1,0,1,1,1,0,0,1,0,1,0,0,4,3,0,0,0,0,0,0,0,,32.0,57.0,0.0,0.0,0.0,0,0,0,0,0,0
MLI,1212009,2021,1212,9,2,1,4,0,0,0,0,0,0,0,0,0,0,0,0,4,4,0,0,0,0,0,0,0,,0.0,97.0,0.0,0.0,0.0,0,0,0,0,0,0
MLI,1212010,2021,1212,10,2,2,4,0,0,0,0,0,0,0,0,0,0,0,0,4,5,0,0,0,0,0,0,0,,0.0,12.0,0.0,0.0,0.0,0,0,0,0,0,0
MLI,1212011,2021,1212,11,2,1,4,0,0,0,0,0,0,0,0,0,0,0,0,4,5,0,0,0,0,0,0,0,,73.0,34.0,0.0,0.0,0.0,0,0,0,0,0,0
MLI,1212012,2021,1212,12,2,2,4,0,0,0,0,0,0,0,0,0,0,0,0,4,5,0,0,0,0,0,0,0,,0.0,75.0,0.0,0.0,0.0,1,0,0,0,0,0
MLI,1213001,2021,1213,1,2,1,1,0,0,0,0,0,0,0,0,0,0,0,0,4,5,0,0,0,0,0,0,0,,,,,,,0,0,0,0,0,0
MLI,1213002,2021,1213,2,2,1,1,1,0,0,0,0,0,0,0,0,1,1,0,4,5,0,0,0,0,0,0,0,,24.0,31.0,0.0,0.0,0.0,0,0,0,0,0,0
MLI,1213003,2021,1213,3,2,1,1,1,1,0,0,1,0,0,0,1,0,0,0,4,5,0,0,0,0,0,0,0,,,,,,,0,0,0,0,0,0
MLI,1213004,2021,1213,4,2,1,1,1,0,0,0,0,0,0,0,0,0,0,0,4,5,0,0,0,0,0,0,0,,19.0,29.0,0.0,0.0,0.0,0,0,0,0,0,0
MLI,1213005,2021,1213,5,2,1,1,1,0,1,1,1,0,0,1,0,1,0,0,4,3,0,0,0,0,0,0,0,,25.0,49.0,0.0,0.0,0.0,0,0,0,0,0,0
MLI,1213006,2021,1213,6,2,1,1,1,0,1,1,1,0,0,1,0,1,0,0,4,3,0,0,0,0,0,0,0,,19.0,39.0,0.0,0.0,0.0,0,0,0,0,0,0
MLI,1213007,2021,1213,7,2,1,1,1,0,1,1,1,0,0,1,0,1,0,0,4,3,0,0,0,0,0,0,0,,27.0,104.0,0.0,0.0,0.0,0,0,0,0,0,0
MLI,1213008,2021,1213,8,2,1,1,1,0,1,1,1,0,0,1,0,1,0,0,4,3,0,0,0,0,0,0,0,,27.0,48.0,0.0,0.0,0.0,0,0,0,0,0,0
MLI,1213009,2021,1213,9,2,1,4,0,0,0,0,0,0,0,0,0,0,0,0,4,5,0,0,0,0,0,0,0,,0.0,89.0,0.0,0.0,0.0,0,0,0,0,0,0
MLI,1213010,2021,1213,10,2,1,4,0,0,0,0,0,0,0,0,0,0,0,0,4,5,0,0,0,0,0,0,0,,51.0,35.0,0.0,0.0,0.0,0,0,1,0,0,0
MLI,1213011,2021,1213,11,2,1,4,0,0,0,0,0,0,0,0,0,0,0,0,4,5,0,0,0,0,0,0,0,,17.0,43.0,0.0,0.0,0.0,0,0,0,0,0,0
MLI,1213012,2021,1213,12,2,1,4,0,0,0,0,0,0,0,0,0,0,0,0,4,5,0,0,0,0,0,0,0,,0.0,75.0,0.0,0.0,0.0,1,0,0,0,0,0
MLI,1214001,2021,1214,1,2,1,1,0,0,0,1,0,0,0,0,0,1,1,0,4,5,0,0,0,0,0,0,0,,,,,,,0,0,0,0,0,0
MLI,1214002,2021,1214,2,2,1,1,0,1,0,0,0,0,0,0,1,1,1,0,4,5,0,0,0,0,0,0,0,,,,,,,0,0,0,0,0,0
MLI,1214003,2021,1214,3,2,1,2,1,1,1,0,1,0,0,0,1,0,0,0,4,5,0,0,0,0,0,0,0,,,,,,,1,0,0,0,0,0
MLI,1214004,2021,1214,4,2,1,1,0,0,0,0,1,0,0,0,0,1,0,0,4,5,0,0,0,0,0,0,1,,,,,,,0,0,0,0,0,0
MLI,1214005,2021,1214,5,2,1,1,1,0,1,1,1,0,0,1,0,1,0,0,4,3,0,0,0,0,0,0,0,,15.0,39.0,0.0,0.0,0.0,0,0,0,0,0,0
MLI,1214006,2021,1214,6,2,1,1,1,0,1,1,1,0,0,1,0,1,0,0,4,3,0,0,0,0,0,0,0,,19.0,37.0,0.0,0.0,0.0,0,0,0,0,0,0
MLI,1214007,2021,1214,7,2,1,1,1,1,1,1,1,0,0,1,0,0,0,0,4,3,0,0,0,0,0,0,0,,26.0,107.0,0.0,0.0,0.0,0,0,0,0,0,0
MLI,1214008,2021,1214,8,2,1,1,1,1,1,1,1,0,0,1,0,1,0,0,4,3,0,0,0,0,0,0,0,,32.0,110.0,0.0,0.0,0.0,0,0,0,0,0,0
MLI,1214009,2021,1214,9,2,1,4,0,0,0,0,0,0,0,0,0,0,0,0,4,5,0,0,0,0,0,0,0,,0.0,86.0,0.0,0.0,0.0,0,0,0,0,0,0
MLI,1214010,2021,1214,10,2,1,4,0,0,0,0,0,0,0,0,0,0,0,0,4,5,0,0,0,0,0,0,0,,26.0,40.0,0.0,0.0,0.0,0,0,0,0,0,0
MLI,1214011,2021,1214,11,2,1,4,0,0,0,0,0,0,0,0,0,0,0,0,4,5,0,0,0,0,0,0,0,,0.0,171.0,0.0,0.0,0.0,0,0,0,0,0,0
MLI,1214012,2021,1214,12,2,2,4,0,0,0,0,0,0,0,0,0,0,0,0,4,5,0,0,0,0,0,0,0,,29.0,48.0,0.0,0.0,0.0,0,0,0,0,0,0
MLI,1215001,2021,1215,1,2,1,2,0,0,0,1,1,0,0,1,0,0,0,0,4,3,0,0,0,0,0,0,1,,10.0,66.0,0.0,0.0,0.0,0,0,0,0,0,0
MLI,1215002,2021,1215,2,2,1,2,0,0,0,1,0,0,0,0,0,0,0,0,4,5,0,0,0,0,0,0,0,,12.0,321.0,0.0,0.0,0.0,0,0,0,0,0,0
MLI,1215003,2021,1215,3,2,1,2,0,0,0,1,1,0,0,1,0,0,0,0,4,3,0,0,0,0,0,0,1,,23.0,250.0,0.0,0.0,0.0,0,0,0,0,0,0
MLI,1215004,2021,1215,4,2,1,2,0,0,0,1,1,0,0,1,0,0,0,0,4,3,0,0,0,0,0,0,0,,2.0,36.0,0.0,0.0,0.0,0,0,0,1,0,0
MLI,1215005,2021,1215,5,2,1,1,1,0,1,1,1,0,0,1,0,1,0,0,4,3,0,0,0,0,0,0,0,,15.0,39.0,0.0,0.0,0.0,0,0,0,0,0,0
MLI,1215006,2021,1215,6,2,1,1,1,0,1,1,1,0,0,1,0,1,0,0,4,3,0,0,0,0,0,0,0,,23.0,47.0,0.0,0.0,0.0,0,0,0,0,0,0
MLI,1215007,2021,1215,7,2,1,1,1,1,1,1,1,0,0,1,0,1,0,0,4,3,0,0,0,0,0,0,0,,32.0,57.0,0.0,0.0,0.0,0,0,0,0,0,0
MLI,1215008,2021,1215,8,2,1,1,1,1,1,1,1,0,0,1,0,0,0,0,4,3,0,0,0,0,0,0,0,,29.0,55.0,0.0,0.0,0.0,0,0,0,0,0,0
MLI,1215009,2021,1215,9,2,1,4,0,0,0,0,0,0,0,0,0,0,0,0,4,5,0,0,0,0,0,0,0,,50.0,39.0,0.0,0.0,0.0,0,0,0,0,0,0
MLI,1215010,2021,1215,10,2,2,4,0,0,0,0,0,0,0,0,0,0,0,0,4,5,0,0,0,0,0,0,0,,0.0,98.0,0.0,0.0,0.0,0,0,0,0,0,0
MLI,1215011,2021,1215,11,2,1,4,0,0,0,0,0,0,0,0,0,0,0,0,4,5,0,0,0,0,0,0,0,,0.0,79.0,0.0,0.0,0.0,0,0,0,0,0,0
MLI,1215012,2021,1215,12,2,1,4,0,0,0,0,0,0,0,0,0,0,0,0,4,5,0,0,0,0,0,0,0,,0.0,54.0,0.0,0.0,0.0,0,0,0,0,0,0
MLI,1218001,2021,1218,1,1,1,1,1,0,0,1,1,1,1,0,1,1,0,0,1,1,0,0,0,0,0,0,0,,10.0,15.0,0.0,0.0,0.0,0,0,0,0,0,0
MLI,1218002,2021,1218,2,1,2,1,1,0,0,1,1,0,0,0,1,1,0,0,4,5,0,0,0,0,0,0,0,,6.0,15.0,0.0,0.0,0.0,0,0,0,0,0,0
MLI,1218003,2021,1218,3,1,2,1,1,0,0,1,1,0,0,1,1,1,0,0,4,3,0,0,0,0,0,0,0,,10.0,0.0,0.0,0.0,0.0,0,0,0,0,0,0
MLI,1218004,2021,1218,4,1,1,2,1,0,0,1,1,0,0,0,1,1,0,0,4,4,0,0,1,0,0,0,0,,0.0,10.0,0.0,0.0,0.0,0,0,0,0,0,0
MLI,1218005,2021,1218,5,1,1,1,1,0,0,1,1,1,1,0,1,1,0,0,1,1,0,0,1,0,0,0,0,,5.0,0.0,0.0,0.0,0.0,0,0,0,0,0,0
MLI,1218006,2021,1218,6,1,1,1,1,0,0,1,1,1,1,0,1,0,0,0,1,1,1,0,0,0,0,0,0,,0.0,6.0,0.0,0.0,0.0,0,0,0,0,1,0
MLI,1218007,2021,1218,7,1,1,2,1,0,0,0,1,0,0,0,1,0,0,0,4,5,0,0,0,0,0,0,0,,,,,,,0,0,0,0,0,0
MLI,1218008,2021,1218,8,1,1,1,1,0,0,1,1,0,0,0,1,1,0,0,4,5,0,0,0,0,0,0,0,,,,,,,0,0,0,0,1,0
MLI,1218009,2021,1218,9,1,1,1,1,0,0,1,1,0,0,1,0,1,0,0,4,3,0,0,0,0,0,0,0,,,,,,,0,0,0,0,0,0
MLI,1218010,2021,1218,10,1,1,4,1,0,0,0,0,0,0,1,1,1,0,0,4,3,0,0,1,0,0,0,0,,,,,,,0,0,0,0,0,0
MLI,1218011,2021,1218,11,1,1,4,1,0,0,0,0,0,0,0,0,1,0,0,4,5,0,0,0,0,0,0,0,,,,,,,0,0,0,0,0,0
MLI,1218012,2021,1218,12,1,1,4,1,0,0,0,0,0,0,0,1,1,0,0,4,5,0,0,0,0,0,0,0,,0.0,8.0,0.0,0.0,0.0,0,0,0,0,0,0
MLI,1219001,2021,1219,1,1,1,1,1,0,0,1,1,0,1,0,0,1,0,0,4,1,0,0,0,0,0,0,0,,20.0,0.0,0.0,0.0,0.0,0,0,0,0,0,0
MLI,1219002,2021,1219,2,1,2,2,1,0,0,1,1,0,0,0,1,0,0,0,4,5,0,0,0,0,0,0,0,,2.0,0.0,0.0,0.0,0.0,0,0,0,0,0,0
MLI,1219003,2021,1219,3,1,1,1,1,0,0,1,1,0,0,0,0,1,0,0,4,5,0,0,0,0,0,0,0,,3.0,0.0,0.0,0.0,0.0,0,0,0,0,0,0
MLI,1219004,2021,1219,4,1,1,1,1,0,0,1,1,0,0,0,0,1,0,0,4,5,0,0,0,0,0,0,0,,0.0,7.0,0.0,0.0,0.0,0,1,0,0,0,0
MLI,1219005,2021,1219,5,1,1,2,1,0,0,1,1,0,0,0,1,0,0,0,4,5,0,0,0,0,0,0,0,,,,,,,0,0,0,0,0,0
MLI,1219006,2021,1219,6,1,1,1,1,0,0,1,1,0,0,0,1,1,0,0,4,5,0,0,0,0,0,0,0,,,,,,,0,0,0,0,0,0
MLI,1219007,2021,1219,7,1,1,2,1,0,0,1,1,0,0,0,0,1,0,0,4,5,0,0,0,0,0,0,0,,,,,,,0,0,0,0,0,0
MLI,1219008,2021,1219,8,1,1,2,1,0,0,1,1,0,0,0,0,0,0,0,4,5,0,0,0,0,0,0,0,,0.0,5.0,0.0,0.0,0.0,0,0,1,0,0,0
MLI,1219009,2021,1219,9,1,1,4,1,0,0,1,1,0,0,0,1,1,0,0,4,4,0,0,0,0,0,0,0,,,,,,,0,0,0,0,0,0
MLI,1219010,2021,1219,10,1,1,4,1,0,0,1,1,1,1,0,0,1,0,0,1,1,0,0,0,0,0,0,0,,0.0,9.0,0.0,0.0,0.0,0,0,0,0,0,0
MLI,1219011,2021,1219,11,1,2,1,1,0,0,1,1,0,0,1,0,0,0,0,4,3,0,0,0,0,0,0,0,,3.0,0.0,0.0,0.0,0.0,0,0,0,0,0,0
MLI,1219012,2021,1219,12,1,2,3,1,0,0,1,1,0,0,0,1,1,0,0,4,5,0,0,0,0,0,0,0,,0.0,17.0,0.0,0.0,0.0,0,0,0,0,0,0
MLI,1220001,2021,1220,1,2,1,1,1,0,0,1,1,1,1,0,1,0,1,1,1,1,1,0,1,0,0,0,0,,,,,,,1,0,0,0,0,0
MLI,1220002,2021,1220,2,2,1,1,1,0,1,1,1,1,1,0,1,0,1,1,1,1,1,0,1,0,0,0,0,1.2657248973846436,,,,,,0,0,0,0,1,0
MLI,1220003,2021,1220,3,2,1,1,1,0,0,1,1,1,1,0,1,0,1,1,1,1,1,0,0,0,0,0,0,,,,,,,0,0,0,0,0,0
MLI,1220004,2021,1220,4,2,1,1,1,0,0,1,1,0,0,0,0,0,1,1,4,5,0,0,0,0,0,0,0,,0.0,4.0,0.0,0.0,0.0,1,0,0,0,0,0
MLI,1220005,2021,1220,5,2,1,3,1,0,0,1,1,0,0,0,1,0,0,0,4,6,0,0,0,0,0,0,0,,0.0,0.0,0.0,0.0,0.0,0,1,1,0,0,0
MLI,1220006,2021,1220,6,2,1,3,0,0,0,1,1,0,0,0,1,0,0,0,4,5,0,0,0,0,0,0,0,,0.0,47.0,0.0,0.0,0.0,0,1,0,0,0,0
MLI,1220007,2021,1220,7,2,1,1,0,0,0,1,1,1,1,0,1,0,0,0,1,1,0,0,0,0,0,1,0,,12.0,11.0,0.0,0.0,0.0,0,1,0,0,0,0
MLI,1220008,2021,1220,8,2,1,1,1,0,0,1,1,1,1,0,0,0,0,0,1,1,0,0,0,0,0,0,0,,0.0,21.0,0.0,0.0,0.0,0,1,0,0,0,0
MLI,1220009,2021,1220,9,2,1,1,1,0,0,1,1,0,0,0,1,0,0,0,4,4,0,0,0,0,0,0,0,1.5910742282867432,3.0,8.0,0.0,0.0,0.0,0,0,0,0,1,0
MLI,1220010,2021,1220,10,2,1,1,1,0,0,1,1,1,0,0,0,0,0,0,1,5,0,0,0,0,0,0,0,1.75388503074646,,,,,,1,0,1,1,1,0
MLI,1220011,2021,1220,11,2,1,1,1,0,0,1,1,1,1,0,0,0,0,0,1,1,0,0,0,0,0,0,0,,,,,,,1,0,0,0,0,0
MLI,1220012,2021,1220,12,2,1,1,1,0,0,1,1,1,1,0,1,0,0,0,1,1,0,0,1,0,0,0,0,,,,,,,1,1,1,1,1,0
MLI,1221001,2021,1221,1,2,1,1,1,0,1,1,1,1,1,0,0,0,1,1,1,1,0,0,0,0,0,0,0,,3.0,7.0,0.0,0.0,0.0,0,0,0,0,1,0
MLI,1221002,2021,1221,2,2,1,1,1,0,0,1,1,0,0,0,0,0,1,1,4,5,0,0,0,0,0,0,0,,,,,,,0,0,0,0,0,0
MLI,1221003,2021,1221,3,2,1,1,1,1,1,1,1,0,0,0,0,0,1,1,4,5,0,0,0,0,0,0,0,,,,,,,0,0,0,0,0,0
MLI,1221004,2021,1221,4,2,1,1,1,0,1,1,1,0,0,0,0,0,1,0,4,5,1,0,0,0,0,0,0,,6.0,21.0,0.0,0.0,0.0,0,0,0,0,0,0
MLI,1221005,2021,1221,5,2,1,1,0,0,0,1,0,0,0,0,1,0,0,0,4,5,0,0,0,0,0,0,0,,0.0,7.0,0.0,0.0,0.0,1,1,1,1,0,0
MLI,1221006,2021,1221,6,2,1,1,0,0,0,1,1,0,0,0,0,0,0,0,4,6,0,0,0,0,0,0,0,,3.0,0.0,0.0,0.0,0.0,0,1,1,1,0,0
MLI,1221007,2021,1221,7,2,1,1,0,0,0,1,1,0,0,1,0,0,0,0,4,3,0,0,0,0,0,0,0,,0.0,37.0,0.0,0.0,0.0,0,1,0,0,0,0
MLI,1221008,2021,1221,8,2,1,2,1,0,0,1,1,0,0,0,1,0,0,0,4,5,0,0,0,0,0,0,0,,0.0,60.0,0.0,0.0,0.0,1,1,0,0,0,0
MLI,1221009,2021,1221,9,2,1,1,0,0,0,1,1,1,1,0,1,0,0,0,1,1,0,1,1,0,0,0,0,,,,,,,0,1,0,0,1,0
MLI,1221010,2021,1221,10,2,1,1,1,0,0,1,1,1,1,0,1,0,0,0,1,1,0,0,0,0,0,0,0,,0.0,35.0,0.0,0.0,0.0,1,1,0,1,1,0
MLI,1221011,2021,1221,11,2,1,1,1,1,1,1,1,1,1,0,1,0,0,0,1,1,1,0,0,0,0,0,0,,0.0,5.0,0.0,0.0,0.0,0,1,0,1,1,0
MLI,1221012,2021,1221,12,2,1,1,1,0,0,1,1,1,1,0,1,0,0,0,1,1,0,0,0,0,0,0,0,,,,,,,0,0,0,0,1,0
MLI,1222001,2021,1222,1,2,1,1,1,0,1,1,1,1,1,0,1,0,1,1,1,1,1,0,0,0,0,0,0,,4.0,8.0,0.0,0.0,0.0,0,0,0,0,0,0
MLI,1222002,2021,1222,2,2,1,1,1,0,1,1,1,0,0,0,0,0,1,1,4,5,1,0,0,0,0,0,0,,3.0,15.0,0.0,0.0,0.0,0,0,0,0,0,0
MLI,1222003,2021,1222,3,2,1,1,1,1,1,1,1,1,1,0,1,0,1,1,1,1,1,0,0,0,0,1,0,,0.0,19.0,0.0,0.0,0.0,0,0,0,0,0,0
MLI,1222004,2021,1222,4,2,1,1,1,1,1,1,1,1,1,0,0,0,1,1,1,1,1,0,0,0,0,1,0,,,,,,,0,0,0,0,0,0
MLI,1222005,2021,1222,5,2,1,1,0,0,0,1,1,0,0,0,1,0,0,0,4,5,0,0,0,0,0,0,0,,0.0,8.0,0.0,0.0,0.0,0,1,0,1,0,0
MLI,1222006,2021,1222,6,2,1,1,1,0,1,1,1,1,1,0,1,0,0,0,1,1,1,0,0,0,0,1,0,,9.0,0.0,0.0,0.0,0.0,0,1,0,1,0,0
MLI,1222007,2021,1222,7,2,1,1,0,0,0,1,1,0,0,0,0,0,0,0,4,5,0,0,0,0,0,0,0,,0.0,0.0,0.0,0.0,0.0,0,1,0,1,1,0
MLI,1222008,2021,1222,8,2,1,1,1,0,0,1,1,0,0,1,0,0,0,0,4,3,1,0,0,0,0,1,0,,3.0,6.0,0.0,0.0,5.0,0,1,0,0,0,0
MLI,1222009,2021,1222,9,2,1,1,1,1,0,1,1,0,0,1,1,0,0,0,4,2,0,0,0,0,0,0,0,,,,,,,0,1,0,0,1,0
MLI,1222010,2021,1222,10,2,1,1,1,1,0,1,1,1,1,0,1,0,0,0,1,1,0,0,0,0,0,0,0,,,,,,,1,1,0,0,1,0
MLI,1222011,2021,1222,11,2,1,1,1,0,0,1,1,1,1,0,1,0,0,0,1,1,0,1,1,0,0,0,0,,,,,,,1,1,0,0,1,0
MLI,1222012,2021,1222,12,2,1,1,1,1,0,1,1,1,1,0,1,0,0,0,1,1,0,0,0,0,0,0,0,,,,,,,1,1,0,0,1,0
MLI,1224001,2021,1224,1,1,2,4,0,0,0,0,0,0,0,0,0,0,0,0,4,5,0,0,0,0,0,0,0,,1.0,29.0,0.0,0.0,0.0,0,0,0,0,0,0
MLI,1224002,2021,1224,2,1,2,4,0,0,0,0,0,0,0,1,1,1,0,0,4,3,0,0,0,0,0,0,0,,7.0,8.0,0.0,0.0,0.0,0,0,0,0,0,0
MLI,1224003,2021,1224,3,1,1,1,1,0,0,1,1,0,0,0,1,0,0,0,4,5,0,0,0,0,0,0,0,,16.0,22.0,0.0,0.0,0.0,0,0,0,0,1,0
MLI,1224004,2021,1224,4,1,1,2,0,0,0,1,1,0,0,0,1,0,0,0,4,5,0,0,0,0,0,0,0,,5.0,0.0,0.0,0.0,0.0,0,0,0,0,1,0
MLI,1224005,2021,1224,5,1,1,1,1,0,0,1,1,0,0,0,1,0,0,0,4,5,0,0,0,0,0,0,0,,23.0,0.0,0.0,0.0,0.0,0,0,0,0,1,0
MLI,1224006,2021,1224,6,1,1,2,0,0,0,1,1,0,0,0,0,0,0,0,4,5,0,0,0,0,0,0,0,,19.0,14.0,0.0,0.0,0.0,0,0,0,0,1,1
MLI,1224007,2021,1224,7,1,1,1,1,0,0,0,0,0,0,0,0,0,0,0,4,5,0,0,0,0,0,0,0,,0.0,0.0,0.0,0.0,0.0,0,0,0,0,0,0
MLI,1224008,2021,1224,8,1,1,1,1,0,0,1,1,0,0,0,1,0,0,0,4,5,0,0,0,0,0,0,0,,,,,,,0,0,0,0,0,0
MLI,1224009,2021,1224,9,1,1,1,1,0,0,1,1,0,0,0,0,0,0,0,4,5,0,0,0,0,0,0,0,,,,,,,0,0,0,0,0,0
MLI,1224010,2021,1224,10,1,1,4,0,0,0,0,0,0,0,0,0,0,0,0,4,5,0,0,0,0,0,0,0,,,,,,,0,0,0,0,0,0
MLI,1224011,2021,1224,11,1,1,4,0,0,0,1,1,0,0,0,0,1,1,0,4,5,0,0,0,0,0,0,0,,,,,,,0,0,0,0,0,0
MLI,1224012,2021,1224,12,1,1,4,0,0,0,1,1,0,0,0,1,1,0,0,4,5,0,0,0,0,0,0,0,,0.0,0.0,0.0,0.0,0.0,0,0,0,0,0,0
MLI,1225001,2021,1225,1,1,1,4,1,0,0,1,1,0,0,0,1,1,0,0,4,5,0,0,0,0,0,0,0,,,,,,,0,0,0,0,1,0
MLI,1225002,2021,1225,2,1,2,2,1,0,0,0,0,0,0,0,0,1,0,0,4,5,0,0,0,0,0,0,0,,2.0,8.0,0.0,0.0,0.0,0,0,0,0,0,0
MLI,1225003,2021,1225,3,1,1,4,0,0,0,0,0,0,0,0,1,0,0,0,4,5,0,0,0,0,0,0,0,,3.0,5.0,0.0,0.0,0.0,0,0,0,1,1,0
MLI,1225004,2021,1225,4,1,2,2,0,0,0,0,0,0,0,0,1,0,0,0,4,5,0,0,0,0,0,0,0,,10.0,0.0,0.0,0.0,0.0,0,0,0,0,1,0
MLI,1225005,2021,1225,5,1,1,2,1,0,0,0,0,0,0,0,1,0,0,0,4,5,0,0,0,0,0,0,0,,14.0,3.0,0.0,0.0,0.0,0,0,0,0,1,0
MLI,1225006,2021,1225,6,1,2,4,0,0,0,0,0,0,0,0,1,0,0,0,4,5,0,0,0,0,0,0,0,,0.0,0.0,0.0,0.0,0.0,0,0,0,1,1,0
MLI,1225007,2021,1225,7,1,1,4,0,0,0,0,0,0,0,0,0,0,0,0,4,5,0,0,0,0,0,0,0,,2.0,0.0,0.0,0.0,0.0,0,0,0,0,0,0
MLI,1225008,2021,1225,8,1,1,4,0,0,0,0,0,0,0,0,0,0,0,0,4,5,0,0,0,0,0,0,0,,2.0,0.0,0.0,0.0,0.0,0,0,0,0,0,0
MLI,1225009,2021,1225,9,1,1,4,0,0,0,0,0,0,0,0,0,0,0,0,4,5,0,0,0,0,0,0,0,,0.0,9.0,0.0,0.0,0.0,0,0,0,0,0,0
MLI,1225010,2021,1225,10,1,1,4,0,0,0,0,0,0,0,0,0,0,0,0,4,5,0,0,0,0,0,0,0,,,,,,,0,0,0,0,0,0
MLI,1225011,2021,1225,11,1,1,1,0,0,0,0,0,0,0,0,0,0,0,0,4,5,0,0,0,0,0,0,0,,0.0,8.0,0.0,0.0,0.0,0,0,0,0,0,0
MLI,1225012,2021,1225,12,1,1,2,1,0,0,0,0,0,0,0,0,0,0,0,4,5,0,0,0,0,0,0,0,,0.0,12.0,0.0,0.0,0.0,0,0,0,0,0,0
MLI,1226001,2021,1226,1,1,1,4,1,0,0,0,0,0,0,0,0,0,0,0,4,5,0,0,0,0,0,0,0,,2.0,30.0,0.0,0.0,0.0,0,0,0,0,0,0
MLI,1226002,2021,1226,2,1,1,1,0,0,0,1,0,0,0,0,0,0,0,0,4,5,0,0,0,0,0,0,0,,1.0,20.0,0.0,0.0,0.0,0,0,0,0,0,0
MLI,1226003,2021,1226,3,1,1,4,0,0,0,0,0,0,0,0,1,0,0,0,4,5,0,0,0,0,0,0,0,,3.0,5.0,0.0,0.0,0.0,0,0,0,1,1,0
MLI,1226004,2021,1226,4,1,1,2,0,0,0,0,0,0,0,0,1,0,0,0,4,5,0,0,0,0,0,0,0,,0.0,10.0,0.0,0.0,0.0,0,0,0,1,1,0
MLI,1226005,2021,1226,5,1,2,2,0,0,0,0,0,0,0,0,1,0,0,0,4,5,0,0,0,0,0,0,0,,5.0,2.0,0.0,0.0,0.0,0,0,0,1,1,0
MLI,1226006,2021,1226,6,1,1,2,1,0,0,1,1,0,0,0,1,0,0,0,4,5,0,0,0,0,0,0,0,,6.0,5.0,0.0,0.0,0.0,0,0,0,1,1,0
MLI,1226007,2021,1226,7,1,1,4,1,0,0,0,0,0,0,0,0,0,0,0,4,5,0,0,0,0,0,0,0,,,,,,,0,0,0,0,0,0
MLI,1226008,2021,1226,8,1,1,1,0,0,0,0,0,0,0,0,0,0,0,0,4,5,0,0,0,0,0,0,0,,,,,,,0,0,0,0,0,0
MLI,1226009,2021,1226,9,1,1,4,0,0,0,0,0,0,0,0,1,0,0,0,4,5,0,0,0,0,0,0,0,,,,,,,0,0,0,0,0,0
MLI,1226010,2021,1226,10,1,1,4,0,0,0,0,0,0,0,0,0,0,0,0,4,5,0,0,0,0,0,0,0,,,,,,,0,0,0,0,0,0
MLI,1226011,2021,1226,11,1,1,4,1,0,0,0,0,0,0,0,0,0,0,0,4,5,0,0,0,0,0,0,0,,0.0,10.0,0.0,0.0,0.0,0,0,0,0,0,0
MLI,1226012,2021,1226,12,1,1,2,1,0,0,0,0,0,0,0,0,0,0,0,4,5,0,0,0,0,0,0,0,,0.0,32.0,0.0,0.0,0.0,0,0,0,0,0,0
MLI,1227001,2021,1227,1,1,1,4,1,0,0,0,0,0,0,0,0,0,0,0,4,5,0,0,0,0,0,0,0,,,,,,,0,0,0,0,0,0
MLI,1227002,2021,1227,2,1,1,1,1,0,0,0,0,0,0,0,0,0,0,0,4,5,0,0,0,0,0,0,0,,5.0,0.0,0.0,0.0,0.0,0,0,0,0,0,0
MLI,1227003,2021,1227,3,1,1,2,0,0,0,1,1,0,0,0,1,0,0,0,4,5,0,0,0,0,0,0,0,,7.0,1.0,0.0,0.0,0.0,0,0,0,1,1,0
MLI,1227004,2021,1227,4,1,1,2,1,0,0,1,1,0,0,0,1,0,0,0,4,5,0,0,0,0,0,0,0,,9.0,3.0,0.0,0.0,0.0,0,0,0,0,1,0
MLI,1227005,2021,1227,5,1,1,2,0,0,0,1,1,0,0,0,1,0,0,0,4,5,0,0,0,0,0,0,0,,2.0,2.0,0.0,0.0,0.0,0,0,0,1,1,0
MLI,1227006,2021,1227,6,1,1,2,1,0,0,1,1,0,0,0,0,0,0,0,4,5,0,0,0,0,0,0,0,,3.0,0.0,0.0,0.0,0.0,0,0,0,1,1,0
MLI,1227007,2021,1227,7,1,1,1,0,0,0,0,0,0,0,0,1,0,0,0,4,5,0,0,0,0,0,0,0,,,,,,,0,0,0,0,0,0
MLI,1227008,2021,1227,8,1,1,2,1,0,0,1,1,0,0,0,0,0,0,0,4,5,0,0,0,0,0,0,0,,,,,,,0,0,0,0,0,0
MLI,1227009,2021,1227,9,1,1,1,1,0,0,0,1,0,0,0,0,0,0,0,4,5,0,0,0,0,0,0,0,,,,,,,0,0,0,0,0,0
MLI,1227010,2021,1227,10,1,1,1,1,0,0,0,0,0,0,0,0,0,0,0,4,5,0,0,0,0,0,0,0,,3.0,0.0,0.0,0.0,0.0,0,0,0,0,0,0
MLI,1227011,2021,1227,11,1,1,2,1,0,0,1,1,0,0,0,1,1,0,0,4,5,0,0,0,0,0,0,0,,5.0,8.0,0.0,0.0,0.0,0,0,0,0,0,0
MLI,1227012,2021,1227,12,1,1,2,1,0,0,1,1,0,0,1,1,1,0,0,4,3,0,0,0,0,0,0,0,,0.0,8.0,0.0,0.0,0.0,0,0,0,0,0,0
MLI,1228001,2021,1228,1,1,1,2,1,0,0,0,0,0,0,0,0,1,0,0,4,5,0,0,0,0,0,0,0,,14.0,6.0,0.0,0.0,0.0,0,0,0,0,0,0
MLI,1228002,2021,1228,2,1,1,4,1,0,0,1,1,0,0,0,0,1,0,0,4,5,0,0,0,0,0,0,0,,,,,,,0,0,0,0,0,0
MLI,1228003,2021,1228,3,1,1,1,1,0,0,1,1,0,0,0,0,0,0,0,4,5,0,0,0,0,0,0,0,,3.0,6.0,0.0,0.0,0.0,0,0,0,0,1,0
MLI,1228004,2021,1228,4,1,1,2,1,0,0,1,1,0,0,0,1,0,0,0,4,5,0,0,0,0,0,0,0,,10.0,1.0,0.0,0.0,0.0,0,1,0,0,1,0
MLI,1228005,2021,1228,5,1,1,1,1,0,0,1,1,0,0,0,1,0,0,0,4,5,0,0,0,0,0,0,0,,0.0,27.0,0.0,0.0,0.0,0,0,0,0,1,0
MLI,1228006,2021,1228,6,1,1,2,1,0,0,1,1,0,0,0,1,0,0,0,4,5,0,0,0,0,0,0,0,,9.0,5.0,0.0,0.0,0.0,0,0,0,0,1,0
MLI,1228007,2021,1228,7,1,1,1,1,0,0,1,1,0,0,0,1,0,0,0,4,5,0,0,0,0,0,0,0,,0.0,2.0,0.0,0.0,0.0,0,0,0,0,0,0
MLI,1228008,2021,1228,8,1,1,1,1,0,0,1,1,1,1,0,1,0,0,0,1,1,0,0,0,0,0,0,0,,0.0,5.0,0.0,0.0,0.0,0,0,0,0,0,0
MLI,1228009,2021,1228,9,1,1,1,1,0,0,1,1,1,1,0,0,0,0,0,1,1,0,0,0,0,0,0,0,,0.0,10.0,0.0,0.0,0.0,0,0,0,0,0,0
MLI,1228010,2021,1228,10,1,1,1,1,0,0,1,1,0,0,0,1,0,0,0,4,5,0,0,0,0,0,0,0,,,,,,,0,0,0,0,0,0
MLI,1228011,2021,1228,11,1,2,4,1,0,0,1,1,0,0,0,1,1,0,0,4,5,0,0,0,0,0,0,0,,0.0,12.0,0.0,0.0,0.0,0,0,0,0,0,0
MLI,1228012,2021,1228,12,1,1,4,1,0,0,0,0,0,0,0,0,1,0,0,4,5,0,0,0,0,0,0,0,,3.0,36.0,0.0,0.0,0.0,0,0,0,0,0,0
MLI,1229001,2021,1229,1,1,1,3,1,0,0,1,1,0,0,0,1,1,0,0,4,5,0,0,0,0,0,0,0,,6.0,0.0,0.0,0.0,0.0,0,0,0,0,0,0
MLI,1229002,2021,1229,2,1,1,4,1,0,0,0,0,0,0,1,0,1,0,0,4,3,0,0,0,0,0,0,0,,0.0,6.0,0.0,0.0,0.0,1,0,0,0,0,0
MLI,1229003,2021,1229,3,1,1,1,1,0,0,1,1,0,0,0,0,0,0,0,4,5,0,0,0,0,0,0,0,,2.0,6.0,0.0,0.0,0.0,0,0,0,0,1,0
MLI,1229004,2021,1229,4,1,2,1,1,0,0,1,1,0,0,0,1,0,0,0,4,5,0,0,0,0,0,0,0,,4.0,10.0,0.0,0.0,0.0,0,0,0,0,1,0
MLI,1229005,2021,1229,5,1,1,1,1,0,0,1,1,0,0,0,1,0,0,0,4,5,0,0,0,0,0,0,0,,2.0,0.0,0.0,0.0,0.0,0,0,0,0,1,0
MLI,1229006,2021,1229,6,1,2,1,1,0,0,1,1,0,0,0,0,0,0,0,4,5,0,0,0,0,0,0,0,,3.0,0.0,0.0,0.0,0.0,0,0,0,0,1,0
MLI,1229007,2021,1229,7,1,1,2,1,0,0,1,1,0,0,0,1,0,0,0,4,5,0,0,0,0,0,0,0,,2.0,0.0,0.0,0.0,0.0,0,0,0,0,0,0
MLI,1229008,2021,1229,8,1,1,1,1,0,0,1,1,0,0,0,1,0,0,0,4,5,0,0,0,0,0,0,0,,0.0,4.0,0.0,0.0,0.0,0,0,0,0,0,0
MLI,1229009,2021,1229,9,1,1,1,1,0,0,1,1,0,0,0,1,0,0,0,4,5,0,0,0,0,0,0,0,,2.0,0.0,0.0,0.0,0.0,0,0,0,0,0,0
MLI,1229010,2021,1229,10,1,1,1,1,0,0,0,1,0,0,0,1,0,0,0,4,5,0,0,0,0,0,0,0,,0.0,5.0,0.0,0.0,0.0,0,0,0,0,0,0
MLI,1229011,2021,1229,11,1,1,2,1,0,0,1,1,0,0,1,0,1,0,0,4,3,0,0,0,0,0,0,0,,0.0,4.0,0.0,0.0,0.0,0,1,0,0,0,0
MLI,1229012,2021,1229,12,1,1,2,1,1,0,0,0,0,0,1,1,1,0,0,4,3,0,0,0,0,0,0,0,,,,,,,0,0,0,0,0,0
MLI,1230001,2021,1230,1,1,1,2,1,0,0,1,1,0,0,1,0,1,0,0,4,3,0,0,0,0,0,0,0,,1.0,0.0,0.0,0.0,0.0,0,0,0,0,0,0
MLI,1230002,2021,1230,2,1,1,4,1,0,0,0,0,0,0,0,0,1,0,0,4,5,0,0,1,0,0,0,0,,0.0,12.0,0.0,0.0,0.0,0,1,0,0,0,0
MLI,1230003,2021,1230,3,1,1,2,1,0,0,1,1,0,0,0,1,0,0,0,4,5,0,0,0,0,0,0,0,,9.0,8.0,0.0,0.0,0.0,0,0,0,1,1,0
MLI,1230004,2021,1230,4,1,1,4,1,0,0,1,1,0,0,0,1,0,0,0,4,5,0,0,0,0,0,0,0,,2.0,0.0,0.0,0.0,0.0,0,0,0,0,1,0
MLI,1230005,2021,1230,5,1,1,2,1,0,0,1,1,0,0,0,1,0,0,0,4,5,0,0,0,0,0,0,0,,4.0,7.0,0.0,0.0,0.0,0,0,0,1,1,0
MLI,1230006,2021,1230,6,1,1,1,1,0,0,1,1,0,0,0,1,0,0,0,4,5,0,0,0,0,0,0,0,,2.0,2.0,0.0,0.0,0.0,0,0,0,0,1,0
MLI,1230007,2021,1230,7,1,1,2,1,0,0,1,1,0,0,0,1,0,0,0,4,5,0,0,0,0,0,0,0,,,,,,,0,0,0,0,0,0
MLI,1230008,2021,1230,8,1,1,1,1,0,0,1,1,0,0,0,1,0,1,0,4,5,0,0,0,0,0,0,0,,,,,,,0,0,0,0,0,0
MLI,1230009,2021,1230,9,1,1,1,1,0,0,1,1,0,0,0,1,0,0,0,4,5,0,0,0,0,0,0,0,,,,,,,0,0,0,0,0,0
MLI,1230010,2021,1230,10,1,1,1,1,0,0,1,1,0,0,0,1,0,0,0,4,5,0,0,0,0,0,0,0,,,,,,,0,0,0,0,0,0
MLI,1230011,2021,1230,11,1,1,4,0,0,0,0,0,0,0,0,1,1,0,0,4,5,0,0,0,0,0,0,0,,2.0,10.0,0.0,0.0,0.0,0,0,0,0,0,0
MLI,1230012,2021,1230,12,1,1,4,1,0,0,0,0,0,0,1,1,1,0,0,4,3,0,0,0,0,0,0,0,,0.0,10.0,0.0,0.0,0.0,0,0,0,0,0,0
MLI,1231001,2021,1231,1,2,1,4,0,0,0,1,1,0,0,0,0,0,0,0,4,5,0,0,0,0,0,0,0,,18.0,90.0,0.0,0.0,0.0,0,0,0,0,1,0
MLI,1231002,2021,1231,2,2,1,2,0,0,0,1,1,0,0,0,0,0,0,0,4,5,0,0,0,0,0,0,0,,,,,,,0,0,0,0,0,0
MLI,1231003,2021,1231,3,2,1,1,0,0,0,1,1,0,0,0,0,0,0,0,4,5,0,0,0,0,0,0,0,,6.0,20.0,0.0,0.0,0.0,1,0,0,1,1,0
MLI,1231004,2021,1231,4,2,1,2,0,0,0,1,1,0,0,0,0,0,0,0,4,5,0,0,0,0,0,0,0,,4.0,30.0,0.0,0.0,0.0,0,0,0,0,0,0
MLI,1231005,2021,1231,5,2,1,4,1,0,0,1,1,0,0,0,0,0,0,0,4,6,0,0,0,0,0,0,0,,,,,,,0,0,0,1,1,0
MLI,1231006,2021,1231,6,2,1,4,1,0,0,1,1,0,0,0,0,0,0,0,4,6,0,0,0,0,0,0,0,,,,,,,0,0,0,1,1,0
MLI,1231007,2021,1231,7,2,1,4,1,0,0,0,0,0,0,0,0,0,0,0,4,6,0,0,0,0,0,0,0,,,,,,,0,0,0,1,1,0
MLI,1231008,2021,1231,8,2,1,4,1,0,0,1,0,0,0,0,0,0,0,0,4,6,0,0,0,0,0,0,0,,0.0,35.0,0.0,0.0,0.0,0,0,0,1,1,0
MLI,1231009,2021,1231,9,2,1,4,0,0,0,0,0,0,0,0,1,0,0,0,4,5,0,0,0,0,0,0,0,,0.0,40.0,0.0,0.0,0.0,0,1,0,0,1,0
MLI,1231010,2021,1231,10,2,1,4,0,0,0,0,0,0,0,0,1,0,0,0,4,5,0,0,0,0,0,0,0,,0.0,0.0,0.0,0.0,0.0,1,1,0,0,1,0
MLI,1231011,2021,1231,11,2,1,4,1,0,0,0,0,0,0,0,1,0,0,0,4,5,0,0,0,0,1,0,0,,0.0,267.0,0.0,0.0,0.0,1,1,0,0,1,0
MLI,1231012,2021,1231,12,2,1,4,0,0,0,0,0,0,0,0,1,0,0,0,4,5,0,0,0,0,0,0,0,,0.0,25.0,0.0,0.0,0.0,0,0,0,0,0,0
MLI,1232001,2021,1232,1,2,1,1,1,0,0,1,1,0,0,0,1,0,0,0,4,5,0,0,0,0,0,0,0,,2.0,50.0,0.0,0.0,0.0,0,0,0,0,0,0
MLI,1232002,2021,1232,2,2,1,1,1,0,0,1,1,0,0,0,1,0,0,0,4,5,0,0,0,0,0,0,0,,10.0,60.0,0.0,0.0,0.0,0,0,0,0,0,0
MLI,1232003,2021,1232,3,2,1,1,1,0,0,1,1,0,0,0,1,0,0,0,4,5,0,0,0,0,0,0,0,,13.0,25.0,0.0,0.0,0.0,0,0,0,0,1,0
MLI,1232004,2021,1232,4,2,1,1,1,0,0,0,0,0,0,0,0,0,0,0,4,5,0,0,0,0,0,0,0,,,,,,,0,0,0,0,0,0
MLI,1232005,2021,1232,5,2,1,4,1,0,0,1,1,0,0,0,0,0,0,0,4,6,0,0,0,0,0,0,0,,,,,,,0,0,0,1,0,0
MLI,1232006,2021,1232,6,2,1,4,0,0,0,1,0,0,0,0,0,0,0,0,4,6,0,0,0,0,0,0,0,,,,,,,1,0,0,1,0,0
MLI,1232007,2021,1232,7,2,1,4,0,0,0,1,1,0,0,0,0,0,0,0,4,6,0,0,0,0,0,0,0,,,,,,,0,0,0,1,0,0
MLI,1232008,2021,1232,8,2,1,4,1,0,0,1,1,0,0,0,0,0,0,0,4,6,0,0,0,0,0,0,0,,,,,,,0,0,0,1,1,0
MLI,1232009,2021,1232,9,2,1,4,0,0,0,0,0,0,0,0,1,0,0,0,4,5,0,0,0,0,0,0,0,,0.0,71.0,0.0,0.0,0.0,1,1,1,0,1,0
MLI,1232010,2021,1232,10,2,1,2,0,0,0,0,0,0,0,0,0,0,0,0,4,5,0,0,0,0,0,0,0,,0.0,4.0,0.0,0.0,0.0,0,0,0,0,0,0
MLI,1232011,2021,1232,11,2,1,4,0,0,0,0,0,0,0,0,0,0,0,0,4,5,0,0,0,0,0,0,0,,0.0,12.0,0.0,0.0,0.0,0,0,0,0,0,0
MLI,1232012,2021,1232,12,2,1,4,0,0,0,0,0,0,0,0,0,0,0,0,4,5,0,0,0,0,0,0,0,,0.0,36.0,0.0,0.0,0.0,0,0,0,0,0,0
MLI,1234001,2021,1234,1,2,1,2,0,0,0,0,0,0,0,0,0,0,0,0,4,5,0,0,0,0,0,0,0,,0.0,20.0,0.0,0.0,0.0,0,0,0,0,0,0
MLI,1234002,2021,1234,2,2,1,4,1,0,0,1,1,0,0,0,0,0,0,0,4,5,0,0,0,0,0,0,0,,11.0,60.0,0.0,0.0,0.0,0,0,0,0,0,0
MLI,1234003,2021,1234,3,2,1,1,1,0,0,1,1,0,0,0,0,0,0,0,4,5,0,0,0,0,0,0,0,,4.0,50.0,0.0,0.0,0.0,0,0,0,0,0,0
MLI,1234004,2021,1234,4,2,1,1,1,0,0,1,1,0,0,0,0,0,0,0,4,5,0,0,0,0,0,0,0,,25.0,20.0,0.0,0.0,0.0,0,0,0,0,0,0
MLI,1234005,2021,1234,5,2,1,1,1,0,0,1,1,0,0,0,1,0,0,0,4,6,0,0,0,0,0,0,0,,0.0,70.0,0.0,0.0,0.0,0,1,0,1,1,0
MLI,1234006,2021,1234,6,2,1,1,1,0,0,1,1,0,0,0,0,0,0,0,4,6,0,0,0,0,0,0,0,,,,,,,0,1,0,1,1,0
MLI,1234007,2021,1234,7,2,1,2,0,0,0,0,0,0,0,0,1,0,0,0,4,5,0,0,0,0,0,0,0,,0.0,16.0,0.0,0.0,0.0,1,1,0,0,0,0
MLI,1234008,2021,1234,8,2,1,2,0,0,0,0,0,0,0,0,0,0,0,0,4,5,0,0,0,0,0,0,0,,6.0,0.0,0.0,0.0,0.0,0,1,0,0,0,0
MLI,1234009,2021,1234,9,2,1,4,0,0,0,0,0,0,0,0,1,0,0,0,4,5,0,0,0,0,0,0,0,,0.0,4.0,0.0,0.0,0.0,1,1,0,1,1,0
MLI,1234010,2021,1234,10,2,1,4,0,0,0,0,0,0,0,0,1,0,0,0,4,5,0,0,0,0,0,0,0,,2.0,47.0,0.0,0.0,0.0,0,1,0,0,1,0
MLI,1234011,2021,1234,11,2,1,4,0,0,0,0,0,0,0,0,1,0,0,0,4,5,0,0,0,0,0,0,0,,4.0,0.0,0.0,0.0,0.0,1,1,0,0,1,0
MLI,1234012,2021,1234,12,2,1,4,0,0,0,0,0,0,0,0,1,0,0,0,4,5,0,0,0,0,0,0,0,,8.0,18.0,0.0,0.0,0.0,1,1,0,1,1,0
MLI,1235001,2021,1235,1,2,1,2,1,0,0,0,0,0,0,0,0,0,0,0,4,5,0,0,0,0,0,0,0,,0.0,40.0,0.0,0.0,0.0,1,0,0,0,0,0
MLI,1235002,2021,1235,2,2,1,2,1,0,0,1,1,0,0,0,0,0,0,0,4,5,0,0,0,0,0,0,0,,20.0,0.0,0.0,0.0,0.0,0,0,0,0,0,0
MLI,1235003,2021,1235,3,2,1,2,0,0,0,0,0,0,0,0,0,0,0,0,4,5,0,0,0,0,0,0,0,,1.0,65.0,0.0,0.0,0.0,0,0,0,0,0,0
MLI,1235004,2021,1235,4,2,1,1,1,0,0,0,0,0,0,0,0,0,0,0,4,5,0,0,0,0,0,0,0,,50.0,0.0,0.0,0.0,0.0,0,0,0,0,0,0
MLI,1235005,2021,1235,5,2,1,4,1,0,0,1,1,0,0,0,1,0,0,0,4,6,0,0,0,0,0,0,0,,,,,,,0,0,0,1,1,0
MLI,1235006,2021,1235,6,2,1,4,1,0,0,1,1,0,0,0,1,0,0,0,4,6,0,0,0,0,0,0,0,,0.0,12.0,0.0,0.0,0.0,0,0,0,1,1,0
MLI,1235007,2021,1235,7,2,1,1,0,0,0,0,0,0,0,0,0,0,0,0,4,5,0,0,0,0,0,0,0,,,,,,,0,1,0,0,1,0
MLI,1235008,2021,1235,8,2,1,4,1,0,0,1,1,0,0,0,0,0,0,0,4,6,0,0,0,0,0,0,0,,0.0,0.0,0.0,0.0,0.0,0,0,0,1,0,0
MLI,1235009,2021,1235,9,2,1,4,0,0,0,0,0,0,0,0,1,0,0,0,4,5,0,0,0,0,0,0,0,,0.0,19.0,0.0,0.0,0.0,0,1,0,0,1,0
MLI,1235010,2021,1235,10,2,1,4,0,0,0,0,0,0,0,0,1,0,0,0,4,5,0,0,0,0,0,0,0,,0.0,69.0,0.0,0.0,0.0,1,1,0,1,1,0
MLI,1235011,2021,1235,11,2,1,4,0,0,0,0,0,0,0,0,1,0,0,0,4,5,0,0,0,0,0,0,0,,0.0,50.0,0.0,0.0,0.0,1,1,0,0,1,0
MLI,1235012,2021,1235,12,2,1,4,0,0,0,0,0,0,0,0,1,0,0,0,4,5,0,0,0,0,0,0,0,,0.0,29.0,0.0,0.0,0.0,1,1,0,0,1,0
MLI,1236001,2021,1236,1,2,1,1,1,0,0,0,0,0,0,0,0,0,0,0,4,5,0,0,0,0,0,0,0,,20.0,30.0,0.0,0.0,0.0,0,0,0,0,0,0
MLI,1236002,2021,1236,2,2,1,2,1,0,0,0,0,0,0,0,0,0,0,0,4,5,0,0,0,0,0,0,0,,2.0,50.0,0.0,0.0,0.0,0,0,0,0,0,0
MLI,1236003,2021,1236,3,2,1,2,1,0,0,0,0,0,0,0,0,0,0,0,4,5,0,0,0,0,0,0,0,,,,,,,0,0,0,0,0,0
MLI,1236004,2021,1236,4,2,1,2,0,0,0,0,0,0,0,0,0,0,0,0,4,5,0,0,0,0,0,0,0,,14.0,50.0,0.0,0.0,0.0,0,0,0,0,0,0
MLI,1236005,2021,1236,5,2,1,4,0,0,0,0,0,0,0,0,0,0,0,0,4,5,0,0,0,0,0,0,0,,,,,,,0,0,0,1,1,0
MLI,1236006,2021,1236,6,2,1,4,1,0,0,0,0,0,0,0,0,0,0,0,4,5,0,0,0,0,0,0,0,,,,,,,0,0,0,1,1,0
MLI,1236007,2021,1236,7,2,1,4,1,0,0,0,0,0,0,0,0,0,0,0,4,6,0,0,0,0,0,0,0,,,,,,,0,0,0,1,1,0
MLI,1236008,2021,1236,8,2,1,4,0,0,0,0,0,0,0,0,0,0,0,0,4,6,0,0,0,0,0,0,0,,,,,,,0,0,0,1,1,0
MLI,1236009,2021,1236,9,2,1,4,0,0,0,0,0,0,0,0,1,0,0,0,4,5,0,0,0,0,0,0,0,,0.0,48.0,0.0,0.0,0.0,0,1,0,0,1,0
MLI,1236010,2021,1236,10,2,1,4,0,0,0,0,0,0,0,0,1,0,0,0,4,5,0,0,0,0,0,0,0,,0.0,120.0,0.0,0.0,0.0,1,1,0,1,1,0
MLI,1236011,2021,1236,11,2,1,4,0,0,0,0,0,0,0,0,1,0,0,0,4,5,0,0,0,0,0,0,0,,0.0,45.0,0.0,0.0,0.0,1,1,0,1,1,0
MLI,1236012,2021,1236,12,2,1,4,0,0,0,0,0,0,0,0,1,0,0,0,4,5,0,0,0,0,0,0,0,,0.0,150.0,0.0,0.0,0.0,1,0,0,0,0,0
MLI,1237001,2021,1237,1,2,1,1,1,0,0,1,1,0,0,0,0,0,0,0,4,5,0,0,0,0,0,0,0,,,,,,,0,0,0,0,0,0
MLI,1237002,2021,1237,2,2,1,1,1,0,0,1,1,0,0,0,0,0,0,0,4,5,0,0,0,0,0,0,0,,15.0,50.0,0.0,0.0,0.0,0,0,0,0,0,0
MLI,1237003,2021,1237,3,2,1,1,1,0,0,1,1,0,0,0,1,0,0,0,4,5,0,0,0,0,0,0,0,,0.0,50.0,0.0,0.0,0.0,0,0,0,0,0,0
MLI,1237004,2021,1237,4,2,1,1,1,0,0,1,1,0,0,0,0,0,0,0,4,5,0,0,0,0,0,0,0,,0.0,36.0,0.0,0.0,0.0,0,0,0,0,0,0
MLI,1237005,2021,1237,5,2,1,4,0,0,0,0,1,0,0,0,0,0,0,0,4,5,0,0,0,0,0,0,0,,,,,,,0,1,0,0,0,0
MLI,1237006,2021,1237,6,2,1,2,0,0,0,1,1,0,0,0,0,0,0,0,4,5,0,0,0,0,0,0,0,,0.0,27.0,0.0,0.0,0.0,1,1,0,0,0,0
MLI,1237007,2021,1237,7,2,1,2,0,0,0,1,0,0,0,0,0,0,0,0,4,6,0,0,0,0,0,0,0,,1.0,0.0,0.0,0.0,0.0,0,0,1,1,0,0
MLI,1237008,2021,1237,8,2,1,2,0,0,0,1,1,0,0,0,0,0,0,0,4,5,1,0,0,0,0,0,0,,,,,,,0,1,0,0,0,0
MLI,1237009,2021,1237,9,2,1,2,0,0,0,0,0,0,0,0,0,0,0,0,4,5,0,0,0,0,0,0,0,,0.0,45.0,0.0,0.0,0.0,0,1,0,0,1,0
MLI,1237010,2021,1237,10,2,1,2,0,0,0,0,0,0,0,0,0,0,0,0,4,5,0,0,0,0,0,0,0,,0.0,20.0,0.0,0.0,0.0,0,0,0,0,0,0
MLI,1237011,2021,1237,11,2,1,2,0,0,0,0,0,0,0,0,0,0,0,0,4,5,0,0,0,0,0,0,0,,,,,,,0,0,0,0,0,0
MLI,1237012,2021,1237,12,2,1,2,0,0,0,0,0,0,0,0,0,0,0,0,4,4,0,0,0,0,0,0,0,,,,,,,0,0,0,0,0,0
MLI,1238001,2021,1238,1,2,1,2,0,0,0,0,0,0,0,0,0,0,0,0,4,5,0,0,0,0,0,0,0,,0.0,10.0,0.0,0.0,0.0,0,0,0,0,0,0
MLI,1238002,2021,1238,2,2,1,1,1,0,0,1,1,0,0,0,1,0,1,0,4,5,0,0,0,0,0,0,0,,2.0,10.0,0.0,0.0,0.0,0,0,0,0,0,0
MLI,1238003,2021,1238,3,2,1,1,1,0,0,1,1,0,0,0,1,0,1,0,4,5,0,0,0,0,0,0,0,,10.0,0.0,0.0,0.0,0.0,0,0,0,0,0,0
MLI,1238004,2021,1238,4,2,1,1,1,0,0,1,1,0,0,0,1,0,1,0,4,5,0,0,0,0,0,0,0,,0.0,11.0,0.0,0.0,0.0,0,0,0,0,0,0
MLI,1238005,2021,1238,5,2,1,2,0,0,0,0,0,0,0,0,0,0,0,0,4,6,0,0,0,0,0,0,0,,0.0,7.0,0.0,0.0,0.0,0,1,0,1,1,0
MLI,1238006,2021,1238,6,2,1,2,0,0,0,1,0,0,0,0,0,0,0,0,4,6,0,0,0,0,0,0,0,,0.0,17.0,0.0,0.0,0.0,0,0,0,1,1,0
MLI,1238007,2021,1238,7,2,1,2,0,0,0,1,1,0,0,0,0,0,0,0,4,5,0,0,0,0,0,0,0,,0.0,7.0,0.0,0.0,0.0,0,0,1,0,1,0
MLI,1238008,2021,1238,8,2,1,2,1,0,0,0,0,0,0,0,0,0,0,0,4,5,0,0,0,0,0,0,0,,9.0,30.0,0.0,0.0,0.0,1,1,0,0,0,0
MLI,1238009,2021,1238,9,2,1,4,0,0,0,0,0,0,0,0,0,0,0,0,4,5,0,0,0,0,0,0,0,,,,,,,0,1,0,1,1,0
MLI,1238010,2021,1238,10,2,1,4,0,0,0,0,0,0,0,0,1,0,0,0,4,5,0,0,0,0,0,0,0,,0.0,25.0,0.0,0.0,0.0,1,1,0,1,1,0
MLI,1238011,2021,1238,11,2,1,4,0,0,0,0,0,0,0,0,1,0,0,0,4,5,0,0,0,0,0,0,0,,2.0,252.0,0.0,0.0,3.0,1,1,0,0,1,0
MLI,1238012,2021,1238,12,2,1,4,0,0,0,0,0,0,0,0,1,0,0,0,4,5,0,0,0,0,0,0,0,,2.0,46.0,0.0,0.0,0.0,1,1,0,1,1,0
MLI,1239001,2021,1239,1,2,1,2,0,0,0,0,0,0,0,0,0,0,0,0,4,5,0,0,0,0,0,0,0,,8.0,50.0,0.0,0.0,0.0,0,0,0,0,0,0
MLI,1239002,2021,1239,2,2,1,2,0,0,0,0,0,0,0,0,0,0,0,0,4,5,0,0,0,0,0,0,0,,5.0,45.0,0.0,0.0,0.0,0,0,0,0,0,0
MLI,1239003,2021,1239,3,2,1,2,0,0,0,0,0,0,0,0,0,0,0,0,4,5,0,0,0,0,0,0,0,,4.0,37.0,0.0,0.0,0.0,0,0,0,0,0,0
MLI,1239004,2021,1239,4,2,1,4,0,0,0,1,0,0,0,0,0,0,0,0,4,5,0,0,0,0,0,0,0,,14.0,45.0,0.0,0.0,0.0,0,0,0,0,0,0
MLI,1239005,2021,1239,5,2,1,2,1,0,0,0,0,0,0,0,0,0,0,0,4,6,0,0,0,0,0,0,0,,0.0,7.0,0.0,0.0,0.0,0,1,1,1,0,0
MLI,1239006,2021,1239,6,2,1,2,0,0,0,1,0,0,0,0,0,0,0,0,4,6,0,0,0,0,0,0,0,,,,,,,0,0,1,1,0,0
MLI,1239007,2021,1239,7,2,1,1,0,0,0,0,1,0,0,0,0,0,0,0,4,5,0,0,0,0,0,0,0,,1.0,0.0,0.0,0.0,0.0,1,1,0,0,0,0
MLI,1239008,2021,1239,8,2,1,2,0,0,0,0,0,0,0,0,1,0,0,0,4,6,0,0,0,0,0,0,0,,2.0,0.0,0.0,0.0,0.0,0,0,1,1,0,0
MLI,1239009,2021,1239,9,2,1,4,0,0,0,0,0,0,0,0,1,0,0,0,4,5,0,0,0,0,0,0,0,,3.0,64.0,0.0,0.0,0.0,1,0,0,1,1,0
MLI,1239010,2021,1239,10,2,1,2,0,0,0,0,0,0,0,0,0,0,0,0,4,5,0,0,0,0,0,0,0,,2.0,3.0,0.0,0.0,0.0,0,0,0,0,0,0
MLI,1239011,2021,1239,11,2,1,4,0,0,0,0,0,0,0,0,0,0,0,0,4,5,0,0,0,0,0,0,0,,,,,,,0,0,0,0,0,0
MLI,1239012,2021,1239,12,2,1,4,0,0,0,0,0,0,0,0,0,0,0,0,4,5,0,0,0,0,0,0,0,,0.0,2.0,0.0,0.0,0.0,0,0,0,0,0,0
MLI,1241001,2021,1241,1,2,1,2,0,0,0,1,0,0,0,0,0,0,0,0,4,5,0,0,0,0,0,0,0,,0.0,5.0,0.0,0.0,0.0,0,0,0,0,0,0
MLI,1241002,2021,1241,2,2,1,2,0,0,0,0,0,0,0,0,1,0,0,0,4,5,0,0,0,0,0,0,0,,0.0,30.0,0.0,0.0,0.0,0,0,0,0,0,0
MLI,1241003,2021,1241,3,2,1,2,1,0,0,0,0,0,0,0,1,0,0,0,4,5,0,0,0,0,0,0,0,,,,,,,0,0,0,0,0,0
MLI,1241004,2021,1241,4,2,1,4,0,0,0,1,1,0,0,0,1,0,1,0,4,5,0,0,0,0,0,0,0,,,,,,,0,0,0,0,0,0
MLI,1241005,2021,1241,5,2,1,4,1,0,0,1,1,0,0,0,0,0,0,0,4,6,0,0,0,0,0,0,0,,,,,,,0,0,0,1,1,0
MLI,1241006,2021,1241,6,2,1,4,1,0,0,1,1,0,0,0,0,0,0,0,4,6,0,0,0,0,0,0,0,,,,,,,0,0,0,1,0,0
MLI,1241007,2021,1241,7,2,1,4,1,0,0,1,1,0,0,0,0,0,0,0,4,5,0,0,0,0,0,0,0,,,,,,,0,0,0,1,1,0
MLI,1241008,2021,1241,8,2,1,4,1,0,0,1,1,0,0,0,0,0,0,0,4,6,0,0,0,0,0,0,0,,,,,,,0,0,0,1,1,0
MLI,1241009,2021,1241,9,2,1,4,0,0,0,0,0,0,0,0,1,0,0,0,4,5,0,0,0,0,0,0,0,,,,,,,1,1,0,0,1,0
MLI,1241010,2021,1241,10,2,1,4,0,0,0,0,0,0,0,0,1,0,0,0,4,5,0,0,0,0,0,0,0,,0.0,14.0,0.0,0.0,0.0,0,1,0,0,1,0
MLI,1241011,2021,1241,11,2,1,4,0,0,0,0,0,0,0,0,1,0,0,0,4,5,0,0,0,0,0,0,0,,0.0,50.0,0.0,0.0,0.0,0,1,0,1,1,0
MLI,1241012,2021,1241,12,2,1,4,0,0,0,0,1,0,0,0,1,0,0,0,4,5,0,0,0,0,0,0,0,,0.0,0.0,0.0,0.0,0.0,1,1,0,1,1,0
MLI,1242001,2021,1242,1,2,1,1,1,0,0,1,1,0,0,1,1,0,1,0,4,3,0,0,0,0,0,0,0,,0.0,10.0,0.0,0.0,0.0,0,0,0,0,0,0
MLI,1242002,2021,1242,2,2,1,1,1,0,0,1,1,0,0,0,1,0,1,0,4,5,0,0,0,0,0,0,0,,0.0,30.0,0.0,0.0,0.0,0,0,0,0,0,0
MLI,1242003,2021,1242,3,2,1,4,0,0,0,0,0,0,0,0,0,0,0,0,4,6,0,0,0,0,0,0,0,,,,,,,0,0,0,1,1,0
MLI,1242004,2021,1242,4,2,1,1,1,0,0,1,1,0,0,0,1,0,1,0,4,5,0,0,0,0,0,0,0,,0.0,8.0,0.0,0.0,0.0,0,0,0,0,0,0
MLI,1242005,2021,1242,5,2,1,1,0,0,0,1,1,1,0,0,1,1,1,1,1,4,0,0,0,0,0,0,0,,12.0,5.0,0.0,0.0,0.0,0,1,0,0,0,0
MLI,1242006,2021,1242,6,2,1,1,0,0,0,1,1,1,1,0,1,1,0,1,1,1,0,0,0,0,0,0,0,,0.0,15.0,0.0,0.0,0.0,0,0,1,0,0,0
MLI,1242007,2021,1242,7,2,1,4,1,0,0,0,0,0,0,0,0,0,0,0,4,6,0,0,0,0,0,0,0,,,,,,,0,0,0,1,1,0
MLI,1242008,2021,1242,8,2,1,4,1,0,0,0,0,0,0,0,0,0,0,0,4,6,1,0,0,0,0,0,0,,,,,,,0,0,0,1,1,0
MLI,1242009,2021,1242,9,2,1,2,1,0,0,1,1,0,0,0,1,0,0,0,4,5,0,0,0,0,0,0,0,,0.0,45.0,0.0,0.0,0.0,0,1,0,0,0,0
MLI,1242010,2021,1242,10,2,1,1,1,0,0,1,0,0,0,0,1,0,0,0,4,5,0,0,0,0,0,0,0,,0.0,30.0,0.0,0.0,0.0,0,0,0,0,1,0
MLI,1242011,2021,1242,11,2,1,3,1,0,0,0,0,0,0,0,1,0,0,0,4,5,0,0,0,0,0,0,0,,0.0,45.0,0.0,0.0,0.0,0,0,0,0,0,0
MLI,1242012,2021,1242,12,2,1,4,0,0,0,0,0,0,0,0,1,0,0,0,4,5,0,0,0,0,0,0,0,,0.0,15.0,0.0,0.0,0.0,0,1,0,1,1,0
MLI,1243001,2021,1243,1,1,1,2,0,0,0,1,1,0,0,0,0,0,0,0,4,5,0,0,0,0,0,0,0,,0.0,15.0,0.0,0.0,0.0,0,0,0,0,0,0
MLI,1243002,2021,1243,2,1,1,2,0,0,0,1,1,0,0,0,0,0,0,0,4,5,0,0,0,0,0,0,0,,0.0,10.0,0.0,0.0,0.0,0,0,0,0,0,0
MLI,1243003,2021,1243,3,1,1,4,0,0,0,1,1,0,0,0,0,0,0,0,4,5,0,0,0,0,0,0,0,,0.0,19.0,0.0,0.0,0.0,0,0,0,0,0,0
MLI,1243004,2021,1243,4,1,1,2,0,0,0,1,1,0,0,0,0,0,0,0,4,5,0,0,0,0,0,0,0,,0.0,0.0,0.0,0.0,0.0,0,0,0,0,0,0
MLI,1243005,2021,1243,5,1,1,1,0,0,0,1,1,0,0,0,0,0,0,0,4,5,0,0,0,0,0,0,0,,0.0,75.0,0.0,0.0,0.0,0,0,0,0,0,0
MLI,1243006,2021,1243,6,1,1,1,0,0,0,1,1,0,0,0,1,0,0,0,4,5,0,0,0,0,0,0,0,,0.0,50.0,0.0,0.0,0.0,0,0,0,0,0,0
MLI,1243007,2021,1243,7,1,1,1,0,0,0,1,1,0,0,0,1,0,0,0,4,5,0,0,0,0,0,0,0,,45.0,0.0,0.0,0.0,0.0,0,0,0,0,0,0
MLI,1243008,2021,1243,8,1,1,1,0,0,0,1,1,0,0,0,0,0,0,0,4,5,0,0,0,0,0,0,0,,0.0,75.0,0.0,0.0,0.0,0,0,0,0,0,0
MLI,1243009,2021,1243,9,1,1,2,1,0,0,1,1,0,0,0,1,0,0,0,4,5,0,0,0,0,0,0,0,,0.0,0.0,0.0,0.0,0.0,0,0,0,0,0,0
MLI,1243010,2021,1243,10,1,1,2,1,0,0,1,1,0,0,0,0,0,0,0,4,5,0,0,0,0,0,0,0,,0.0,0.0,0.0,0.0,0.0,0,0,0,0,1,0
MLI,1243011,2021,1243,11,1,1,1,0,0,0,1,1,0,0,0,0,0,0,0,4,5,0,0,0,0,0,0,0,,0.0,0.0,0.0,0.0,0.0,0,0,0,0,0,0
MLI,1243012,2021,1243,12,1,1,2,0,0,0,1,1,0,0,0,0,0,0,0,4,5,0,0,0,0,0,0,0,,0.0,0.0,0.0,0.0,0.0,0,1,0,0,1,0
MLI,1245001,2021,1245,1,1,1,1,1,0,0,1,1,0,0,1,0,0,1,0,4,3,0,0,0,0,0,0,0,,0.0,25.0,0.0,0.0,0.0,0,0,0,0,0,0
MLI,1245002,2021,1245,2,1,1,2,0,0,0,1,1,0,0,0,0,0,0,0,4,4,0,0,0,0,0,0,0,,0.0,25.0,0.0,0.0,0.0,0,0,0,0,0,0
MLI,1245003,2021,1245,3,1,1,2,0,0,0,1,1,0,0,0,0,0,0,0,4,4,0,0,0,0,0,0,0,,0.0,17.0,0.0,0.0,0.0,0,0,0,0,0,0
MLI,1245004,2021,1245,4,1,1,2,0,0,0,1,1,0,0,0,0,0,0,0,4,4,0,0,0,0,0,0,0,,25.0,0.0,0.0,0.0,0.0,0,0,0,0,0,0
MLI,1245005,2021,1245,5,1,1,1,1,0,0,1,1,0,0,1,1,0,0,0,4,3,0,0,0,0,0,0,0,,0.0,106.0,0.0,0.0,0.0,0,0,0,0,0,0
MLI,1245006,2021,1245,6,1,1,1,1,0,0,1,1,0,0,0,0,0,0,0,4,5,0,0,0,0,0,0,0,,0.0,93.0,0.0,0.0,0.0,0,0,0,0,0,0
MLI,1245007,2021,1245,7,1,1,1,1,0,0,1,1,0,0,0,0,0,0,0,4,5,0,0,0,0,0,0,0,,0.0,123.0,0.0,0.0,0.0,0,0,0,0,0,0
MLI,1245008,2021,1245,8,1,1,1,0,0,0,1,1,0,0,0,0,0,0,0,4,5,0,0,0,0,0,0,0,,0.0,79.0,0.0,0.0,0.0,0,0,0,0,0,0
MLI,1245009,2021,1245,9,1,1,2,1,0,0,1,1,0,0,1,0,0,0,0,4,3,0,0,0,0,0,0,0,,96.0,0.0,0.0,0.0,0.0,0,0,0,0,0,0
MLI,1245010,2021,1245,10,1,1,2,1,0,0,1,1,0,0,0,0,0,0,0,4,5,0,0,0,0,0,0,0,,96.0,0.0,0.0,0.0,0.0,0,0,0,0,0,0
MLI,1245011,2021,1245,11,1,1,2,1,0,0,1,1,0,0,0,0,0,0,0,4,5,0,0,0,0,0,0,0,,126.0,0.0,0.0,0.0,0.0,0,0,0,0,0,0
MLI,1245012,2021,1245,12,1,1,2,1,0,0,1,1,0,0,1,1,0,0,0,4,3,0,0,0,0,0,0,0,,75.0,0.0,0.0,0.0,0.0,0,0,0,0,0,0
MLI,1246001,2021,1246,1,1,1,2,0,0,0,1,1,0,0,0,0,0,0,0,4,5,0,0,0,0,0,0,0,,0.0,19.0,0.0,0.0,0.0,0,0,0,0,0,0
MLI,1246002,2021,1246,2,1,1,2,0,0,0,1,1,0,0,0,0,0,0,0,4,5,0,0,0,0,0,0,0,,0.0,23.0,0.0,0.0,0.0,0,0,0,0,0,0
MLI,1246003,2021,1246,3,1,1,2,0,0,0,1,1,0,0,1,0,0,0,0,4,3,0,0,0,0,0,0,0,,9.0,8.0,0.0,0.0,0.0,0,0,0,0,0,0
MLI,1246004,2021,1246,4,1,1,2,0,0,0,1,1,0,0,0,0,0,0,0,4,4,0,0,0,0,0,0,0,,0.0,17.0,0.0,0.0,0.0,0,0,0,0,0,0
MLI,1246005,2021,1246,5,1,1,1,0,0,0,1,1,0,0,0,0,0,0,0,4,5,0,0,0,0,0,0,0,,0.0,50.0,0.0,0.0,0.0,0,0,1,0,0,0
MLI,1246006,2021,1246,6,1,1,1,0,0,0,1,1,0,0,1,1,0,0,0,4,3,0,0,0,0,0,0,0,,0.0,45.0,0.0,0.0,0.0,0,0,0,0,0,0
MLI,1246007,2021,1246,7,1,2,1,1,0,0,1,1,0,0,1,1,0,0,0,4,3,0,0,0,0,0,0,0,,0.0,85.0,0.0,0.0,0.0,0,0,1,0,0,0
MLI,1246008,2021,1246,8,1,1,1,0,0,0,1,1,0,0,1,1,0,0,0,4,3,0,0,0,0,0,0,0,,0.0,55.0,0.0,0.0,0.0,0,0,0,0,0,0
MLI,1246009,2021,1246,9,1,1,2,0,0,0,0,0,0,0,0,0,0,0,0,4,5,0,0,0,0,0,0,0,,83.0,0.0,0.0,0.0,0.0,0,0,0,0,0,0
MLI,1246010,2021,1246,10,1,1,2,1,0,0,1,1,0,0,1,0,1,0,0,4,3,0,0,0,0,0,0,0,,56.0,0.0,0.0,0.0,0.0,0,0,0,0,0,0
MLI,1246011,2021,1246,11,1,1,2,0,0,0,0,1,0,0,1,0,0,0,0,4,3,0,0,0,0,0,0,0,,93.0,0.0,0.0,0.0,0.0,0,0,0,0,0,0
MLI,1246012,2021,1246,12,1,1,2,0,0,0,1,1,0,0,0,0,0,0,0,4,5,0,0,0,0,0,0,0,,60.0,0.0,0.0,0.0,0.0,0,0,0,0,0,0
MLI,1247001,2021,1247,1,1,1,2,0,0,0,1,1,0,0,0,0,0,0,0,4,4,0,0,0,0,0,0,0,,6.0,9.0,0.0,0.0,0.0,0,0,0,0,0,0
MLI,1247002,2021,1247,2,1,1,2,0,0,0,1,1,0,0,0,0,0,0,0,4,5,0,0,0,0,0,0,0,,0.0,17.0,0.0,0.0,0.0,0,0,0,0,0,0
MLI,1247003,2021,1247,3,1,1,2,0,0,0,1,1,0,0,0,0,0,0,0,4,4,0,0,0,0,0,0,0,,13.0,0.0,0.0,0.0,0.0,0,0,0,0,0,0
MLI,1247004,2021,1247,4,1,1,2,0,0,0,1,1,0,0,0,0,0,0,0,4,5,0,0,0,0,0,0,0,,0.0,12.0,0.0,0.0,0.0,0,0,0,0,0,0
MLI,1247005,2021,1247,5,1,1,1,0,0,0,1,1,0,0,0,1,0,0,0,4,5,0,0,0,0,0,0,0,,0.0,75.0,0.0,0.0,0.0,0,0,0,0,0,0
MLI,1247006,2021,1247,6,1,1,1,0,0,0,1,1,0,0,0,1,0,0,0,4,5,0,0,0,0,0,0,0,,0.0,58.0,0.0,0.0,0.0,0,0,0,1,0,0
MLI,1247007,2021,1247,7,1,1,1,0,0,0,1,1,0,0,0,0,0,0,0,4,5,0,0,0,0,0,0,0,,0.0,32.0,0.0,0.0,0.0,0,0,0,0,0,0
MLI,1247008,2021,1247,8,1,1,1,0,0,0,1,1,0,0,0,0,0,0,0,4,5,0,0,0,0,0,0,0,,0.0,23.0,0.0,0.0,0.0,0,0,0,0,0,0
MLI,1247009,2021,1247,9,1,1,2,1,0,0,1,1,0,0,0,0,0,0,0,4,5,0,0,0,0,0,0,0,,60.0,0.0,0.0,0.0,0.0,0,0,0,0,0,0
MLI,1247010,2021,1247,10,1,1,2,0,0,0,1,1,0,0,0,0,0,0,0,4,5,0,0,0,0,0,0,0,,53.0,0.0,0.0,0.0,0.0,0,0,0,0,0,0
MLI,1247011,2021,1247,11,1,1,2,0,0,0,1,1,0,0,0,0,0,0,0,4,5,0,0,0,0,0,0,0,,80.0,0.0,0.0,0.0,0.0,0,0,0,0,0,0
MLI,1247012,2021,1247,12,1,1,2,0,0,0,1,1,0,0,0,0,0,0,0,4,5,0,0,0,0,0,0,0,,58.0,0.0,0.0,0.0,0.0,0,0,0,0,0,0
MLI,1248001,2021,1248,1,1,1,4,0,0,0,1,1,0,0,0,0,0,0,0,4,4,0,0,0,0,0,0,0,,0.0,25.0,0.0,0.0,0.0,0,0,0,0,0,0
MLI,1248002,2021,1248,2,1,1,2,0,0,0,1,1,0,0,0,0,0,0,0,4,4,0,0,0,0,0,0,0,,2.0,13.0,0.0,0.0,0.0,0,0,0,0,0,0
MLI,1248004,2021,1248,4,1,1,2,0,0,0,1,1,0,0,0,0,0,0,0,4,4,0,0,0,0,0,0,0,,0.0,19.0,0.0,0.0,0.0,0,0,0,0,0,0
MLI,1248005,2021,1248,5,1,1,1,0,0,0,1,1,0,0,0,1,0,0,0,4,5,0,0,0,0,0,0,0,,0.0,79.0,0.0,0.0,0.0,0,0,1,0,0,0
MLI,1248006,2021,1248,6,1,1,1,0,0,0,1,1,0,0,0,0,0,0,0,4,5,0,0,0,0,0,0,0,,0.0,89.0,0.0,0.0,0.0,0,0,0,0,0,0
MLI,1248007,2021,1248,7,1,1,1,0,0,0,1,1,0,0,0,0,0,0,0,4,5,0,0,0,0,0,0,0,,0.0,28.0,0.0,0.0,0.0,0,0,0,0,0,0
MLI,1248008,2021,1248,8,1,1,1,0,0,0,1,0,0,0,0,1,0,0,0,4,5,0,0,0,0,0,0,0,,0.0,90.0,0.0,0.0,0.0,0,0,0,0,0,0
MLI,1248009,2021,1248,9,1,1,2,1,0,0,1,1,0,0,0,0,0,0,0,4,5,0,0,0,0,0,0,0,,0.0,6.0,0.0,0.0,0.0,0,0,0,0,0,0
MLI,1248010,2021,1248,10,1,1,2,1,0,0,1,1,0,0,0,0,0,0,0,4,5,0,0,0,0,0,0,0,,0.0,25.0,0.0,0.0,0.0,0,0,0,0,0,0
MLI,1248011,2021,1248,11,1,1,2,0,0,0,1,1,0,0,0,0,0,0,0,4,5,0,0,0,0,0,0,0,,0.0,6.0,0.0,0.0,0.0,0,0,0,0,0,0
MLI,1248012,2021,1248,12,1,1,2,1,0,0,1,1,0,0,0,0,0,0,0,4,5,0,0,0,0,0,0,0,,0.0,6.0,0.0,0.0,0.0,0,0,0,0,1,0
MLI,1249001,2021,1249,1,1,1,2,0,0,0,1,1,0,0,0,0,0,0,0,4,5,0,0,0,0,0,0,0,,11.0,0.0,0.0,0.0,0.0,0,0,0,0,0,0
MLI,1249002,2021,1249,2,1,1,2,0,0,0,1,1,0,0,0,0,0,0,0,4,4,0,0,0,0,0,0,0,,15.0,0.0,0.0,0.0,0.0,0,0,0,0,0,0
MLI,1249003,2021,1249,3,1,1,1,0,0,0,1,1,0,0,0,0,0,0,0,4,5,0,0,0,0,0,0,0,,0.0,15.0,0.0,0.0,0.0,0,0,0,0,0,0
MLI,1249004,2021,1249,4,1,1,1,0,1,1,1,1,0,0,1,0,0,0,0,4,3,0,0,0,0,0,0,0,,17.0,0.0,0.0,0.0,0.0,0,0,0,0,0,0
MLI,1249005,2021,1249,5,1,1,1,1,0,0,1,1,0,0,1,0,0,0,0,4,3,0,0,0,0,0,0,1,,175.0,75.0,0.0,0.0,0.0,1,1,0,0,0,0
MLI,1249006,2021,1249,6,1,1,1,0,0,0,1,1,0,0,1,0,0,0,0,4,3,0,0,0,0,0,0,0,,0.0,150.0,0.0,0.0,0.0,0,1,1,0,0,0
MLI,1249007,2021,1249,7,1,1,1,1,0,0,1,1,0,0,1,0,0,0,0,4,3,0,0,0,0,0,0,0,,60.0,0.0,0.0,0.0,0.0,0,0,0,0,0,0
MLI,1249008,2021,1249,8,1,1,1,0,0,0,1,1,0,0,0,0,0,0,0,4,5,0,0,0,0,0,0,0,,0.0,90.0,0.0,0.0,0.0,0,0,0,0,0,0
MLI,1249009,2021,1249,9,1,1,1,1,0,0,1,1,0,0,1,1,0,0,0,4,3,0,0,0,0,0,0,0,,50.0,0.0,0.0,0.0,0.0,0,0,0,0,0,0
MLI,1249010,2021,1249,10,1,1,1,1,0,0,1,1,0,0,1,1,0,0,0,4,3,0,0,0,0,0,0,0,,42.0,0.0,0.0,0.0,0.0,0,0,0,0,0,0
MLI,1249011,2021,1249,11,1,1,1,1,0,0,1,1,0,0,1,1,0,0,0,4,3,0,0,0,0,0,0,0,,80.0,0.0,0.0,0.0,0.0,0,0,0,0,0,0
MLI,1249012,2021,1249,12,1,1,1,1,0,0,1,1,0,0,1,1,0,0,1,4,3,0,0,0,0,0,0,0,,0.0,0.0,0.0,0.0,0.0,0,0,0,0,0,0
MLI,1250001,2021,1250,1,2,1,2,0,0,0,1,1,0,0,1,0,0,0,0,4,3,0,0,0,0,0,0,0,,29.0,0.0,0.0,0.0,0.0,1,0,0,0,0,0
MLI,1250002,2021,1250,2,2,1,2,1,0,0,1,1,0,0,1,0,1,0,0,4,3,0,0,0,0,0,0,0,,86.0,0.0,0.0,0.0,0.0,0,0,0,0,0,0
MLI,1250003,2021,1250,3,2,1,2,0,0,0,1,1,0,0,1,0,1,0,0,4,3,0,0,0,0,0,0,0,,,,,,,0,0,0,0,1,0
MLI,1250004,2021,1250,4,2,1,2,0,0,0,1,1,0,0,1,0,1,0,0,4,3,0,0,0,0,0,0,0,,56.0,0.0,0.0,0.0,0.0,0,0,0,0,0,0
MLI,1250005,2021,1250,5,2,1,2,0,0,0,1,1,0,0,0,0,0,0,0,4,4,0,0,0,0,0,0,0,,0.0,47.0,0.0,0.0,0.0,0,0,0,0,0,0
MLI,1250006,2021,1250,6,2,1,2,0,0,0,1,1,0,0,0,0,0,0,0,4,4,0,0,0,0,0,0,0,,0.0,61.0,0.0,0.0,0.0,0,0,0,0,0,0
MLI,1250007,2021,1250,7,2,1,2,0,0,0,1,1,0,0,0,0,0,0,0,4,4,0,0,0,0,0,0,0,,0.0,45.0,0.0,0.0,0.0,0,0,0,0,0,0
MLI,1250008,2021,1250,8,2,1,2,0,0,0,1,1,0,0,1,0,0,0,0,4,3,0,0,0,0,0,0,0,,32.0,48.0,0.0,0.0,0.0,0,0,0,0,0,0
MLI,1250009,2021,1250,9,2,1,1,0,0,0,1,1,0,0,0,0,0,0,0,4,5,0,0,0,0,0,0,0,,0.0,43.0,0.0,0.0,0.0,0,0,0,0,0,0
MLI,1250010,2021,1250,10,2,1,1,0,0,0,1,1,0,0,1,0,0,0,0,4,3,0,0,0,0,0,0,0,,0.0,71.0,0.0,0.0,0.0,0,0,0,0,0,0
MLI,1250011,2021,1250,11,2,1,1,0,0,0,1,1,0,0,0,0,0,0,0,4,5,0,0,0,0,0,0,0,,0.0,85.0,0.0,0.0,0.0,0,0,0,0,0,0
MLI,1250012,2021,1250,12,2,1,1,0,0,0,1,1,0,0,1,0,0,0,0,4,3,0,0,0,0,0,0,0,,0.0,115.0,0.0,0.0,0.0,0,0,0,0,0,0
MLI,1251001,2021,1251,1,2,1,2,1,0,0,1,1,0,0,1,0,1,0,0,4,3,0,0,0,0,0,0,0,,93.0,0.0,0.0,0.0,0.0,0,0,0,0,0,0
MLI,1251002,2021,1251,2,2,1,2,1,0,0,1,1,0,0,1,0,1,0,0,4,3,0,0,0,0,0,0,0,,102.0,0.0,0.0,0.0,0.0,1,0,1,0,0,0
MLI,1251003,2021,1251,3,2,1,2,1,0,0,1,1,0,0,1,0,1,0,0,4,3,0,0,0,0,0,0,0,,35.0,0.0,0.0,0.0,0.0,0,0,0,0,0,0
MLI,1251004,2021,1251,4,2,1,2,1,0,0,1,1,0,0,1,0,1,0,0,4,3,0,0,0,0,0,0,0,,,,,,,0,0,0,0,1,0
MLI,1251005,2021,1251,5,2,1,2,0,0,0,1,1,0,0,1,0,0,0,0,4,3,0,0,0,0,0,0,0,,53.0,0.0,0.0,0.0,0.0,0,0,0,0,0,0
MLI,1251006,2021,1251,6,2,1,2,0,0,0,1,1,0,0,1,0,0,0,0,4,3,0,0,0,0,0,0,0,,0.0,54.0,0.0,0.0,0.0,0,0,0,0,0,0
MLI,1251007,2021,1251,7,2,1,2,0,0,0,1,1,0,0,1,0,0,0,0,4,3,0,0,0,0,0,0,0,,0.0,56.0,0.0,0.0,0.0,0,0,0,0,0,0
MLI,1251008,2021,1251,8,2,1,2,0,0,0,1,1,0,0,1,0,0,0,0,4,3,0,0,0,0,0,0,0,,38.0,0.0,0.0,0.0,0.0,0,0,0,0,0,0
MLI,1251009,2021,1251,9,2,1,1,0,0,0,1,1,0,0,0,0,0,0,0,4,5,0,0,0,0,0,0,0,,0.0,95.0,0.0,0.0,0.0,0,0,0,0,0,0
MLI,1251010,2021,1251,10,2,1,1,0,0,0,1,1,0,0,1,0,0,0,0,4,3,0,0,0,0,0,0,0,,0.0,113.0,0.0,0.0,0.0,0,0,0,0,0,0
MLI,1251011,2021,1251,11,2,1,1,0,0,0,1,1,0,0,0,0,0,0,0,4,5,0,0,0,0,0,0,0,,0.0,45.0,0.0,0.0,0.0,0,0,0,0,0,0
MLI,1251012,2021,1251,12,2,1,1,0,0,0,1,1,0,0,0,0,0,0,0,4,5,0,0,0,0,0,0,0,,0.0,80.0,0.0,0.0,0.0,0,0,0,0,0,0
MLI,1252001,2021,1252,1,2,1,2,1,0,0,1,1,0,0,1,0,1,0,0,4,3,0,0,0,0,0,0,0,,97.0,0.0,0.0,0.0,0.0,0,0,0,0,0,0
MLI,1252002,2021,1252,2,2,1,1,1,0,0,1,1,0,0,1,0,1,0,0,4,3,0,0,0,0,0,0,0,,123.0,0.0,0.0,0.0,0.0,0,0,0,0,0,0
MLI,1252003,2021,1252,3,2,1,2,1,0,0,1,1,0,0,1,0,1,0,0,4,3,0,0,0,0,0,0,0,,185.0,0.0,0.0,0.0,0.0,0,0,0,0,0,0
MLI,1252004,2021,1252,4,2,1,2,1,0,0,1,1,0,0,1,0,1,0,0,4,3,0,0,0,0,0,0,0,,253.0,0.0,0.0,0.0,0.0,0,0,0,0,0,0
MLI,1252005,2021,1252,5,2,1,2,0,0,0,1,1,0,0,1,0,0,0,0,4,3,0,0,0,0,0,0,0,,0.0,29.0,0.0,0.0,0.0,0,0,0,0,0,0
MLI,1252006,2021,1252,6,2,1,2,0,0,0,1,1,0,0,1,0,0,0,0,4,3,0,0,0,0,0,0,0,,43.0,0.0,0.0,0.0,0.0,0,0,0,0,0,0
MLI,1252007,2021,1252,7,2,1,2,0,0,0,1,1,0,0,1,0,0,0,0,4,3,0,0,0,0,0,0,0,,59.0,0.0,0.0,0.0,0.0,0,0,0,0,0,0
MLI,1252008,2021,1252,8,2,1,2,0,0,0,0,0,0,0,1,0,0,0,0,4,3,0,0,0,0,0,0,0,,0.0,47.0,0.0,0.0,0.0,0,0,0,0,0,0
MLI,1252009,2021,1252,9,2,1,1,0,0,0,1,1,0,0,0,0,0,0,0,4,5,0,0,0,0,0,0,0,,0.0,103.0,0.0,0.0,0.0,0,0,1,0,0,0
MLI,1252010,2021,1252,10,2,1,1,0,0,0,1,1,0,0,0,0,0,0,0,4,5,0,0,0,0,0,0,0,,0.0,73.0,0.0,0.0,0.0,0,0,0,0,0,0
MLI,1252011,2021,1252,11,2,1,1,0,0,0,1,1,0,0,0,0,0,0,0,4,5,0,0,0,0,0,0,0,,0.0,112.0,0.0,0.0,0.0,0,0,0,0,0,0
MLI,1252012,2021,1252,12,2,1,1,0,0,0,1,1,0,0,1,0,0,0,0,4,3,0,0,0,0,0,0,0,,20.0,58.0,0.0,0.0,0.0,0,0,0,0,0,0
MLI,1253001,2021,1253,1,2,1,2,1,0,0,1,1,0,0,1,0,1,0,0,4,3,0,0,0,0,0,0,0,,100.0,0.0,0.0,0.0,0.0,0,0,0,0,0,0
MLI,1253002,2021,1253,2,2,1,2,1,0,0,1,1,0,0,1,0,1,0,0,4,3,0,0,0,0,0,0,0,,80.0,0.0,0.0,0.0,0.0,0,0,0,0,0,0
MLI,1253003,2021,1253,3,2,1,2,1,0,0,1,1,0,0,1,0,1,0,0,4,3,0,0,0,0,0,0,0,,59.0,0.0,0.0,0.0,0.0,0,0,0,0,0,0
MLI,1253004,2021,1253,4,2,1,2,1,0,0,1,1,0,0,1,0,1,0,0,4,3,0,0,0,0,0,0,0,,96.0,0.0,0.0,0.0,0.0,0,0,0,0,0,0
MLI,1253005,2021,1253,5,2,1,2,0,0,0,1,1,0,0,0,0,0,0,0,4,4,0,0,0,0,0,0,0,,0.0,82.0,0.0,0.0,0.0,0,0,0,0,0,0
MLI,1253006,2021,1253,6,2,1,2,0,0,0,1,1,0,0,0,0,0,0,0,4,4,0,0,0,0,0,0,0,,28.0,0.0,0.0,0.0,0.0,0,0,0,0,0,0
MLI,1253007,2021,1253,7,2,1,2,0,0,0,1,1,0,0,0,0,0,0,0,4,4,0,0,0,0,0,0,0,,0.0,64.0,0.0,0.0,0.0,0,0,0,0,0,0
MLI,1253008,2021,1253,8,2,1,2,0,0,0,1,1,0,0,1,0,0,0,0,4,3,0,0,0,0,0,0,0,,43.0,0.0,0.0,0.0,0.0,0,0,0,0,0,0
MLI,1253009,2021,1253,9,2,1,1,0,0,0,1,1,0,0,1,0,0,0,0,4,3,0,0,0,0,0,0,0,,0.0,111.0,0.0,0.0,0.0,0,0,0,0,0,0
MLI,1253010,2021,1253,10,2,1,1,0,0,0,1,1,0,0,0,0,0,0,0,4,5,0,0,0,0,0,0,0,,0.0,40.0,0.0,0.0,0.0,0,0,0,0,0,0
MLI,1253011,2021,1253,11,2,1,1,0,0,0,1,1,0,0,0,0,0,0,0,4,5,0,0,0,0,0,0,0,,0.0,88.0,0.0,0.0,0.0,0,0,0,0,0,0
MLI,1253012,2021,1253,12,2,1,1,0,0,0,1,1,0,0,0,0,0,0,0,4,5,0,0,0,0,0,0,0,,0.0,100.0,0.0,0.0,0.0,0,0,0,0,0,0
MLI,1254001,2021,1254,1,2,1,2,1,0,0,1,1,0,0,1,0,0,0,0,4,3,0,0,0,0,0,0,0,,58.0,0.0,0.0,0.0,0.0,0,0,0,0,0,0
MLI,1254002,2021,1254,2,2,1,2,0,0,0,1,1,0,0,1,1,1,0,0,4,3,0,0,0,0,0,0,0,,80.0,0.0,0.0,0.0,0.0,0,0,0,0,0,0
MLI,1254003,2021,1254,3,2,1,2,1,0,0,1,1,0,0,1,0,1,0,0,4,3,0,0,0,0,0,0,0,,,,,,,0,0,1,0,0,0
MLI,1254004,2021,1254,4,2,1,2,1,0,0,1,1,0,0,1,0,1,0,0,4,3,0,0,0,0,0,0,0,,,,,,,0,0,0,0,0,0
MLI,1254005,2021,1254,5,2,1,2,0,0,0,1,1,0,0,1,0,0,0,0,4,3,0,0,0,0,0,0,0,,19.0,25.0,0.0,0.0,0.0,0,0,0,0,0,0
MLI,1254006,2021,1254,6,2,1,2,0,0,0,1,1,0,0,1,0,0,0,0,4,3,0,0,0,0,0,0,0,,24.0,35.0,0.0,0.0,0.0,0,0,0,0,0,0
MLI,1254007,2021,1254,7,2,1,2,0,0,0,1,1,0,0,1,0,0,0,0,4,3,0,0,0,0,0,0,0,,0.0,67.0,0.0,0.0,0.0,0,0,0,0,0,0
MLI,1254008,2021,1254,8,2,1,2,0,0,0,1,1,0,0,0,0,0,0,0,4,4,0,0,0,0,0,0,0,,0.0,70.0,0.0,0.0,0.0,0,0,0,0,0,0
MLI,1254009,2021,1254,9,2,1,1,0,0,0,1,1,0,0,0,0,0,0,0,4,5,0,0,0,0,0,0,0,,0.0,112.0,0.0,0.0,0.0,0,1,1,0,0,0
MLI,1254010,2021,1254,10,2,1,1,0,0,0,1,1,0,0,1,0,0,0,0,4,3,0,0,0,0,0,0,0,,0.0,98.0,0.0,0.0,0.0,0,0,1,0,0,0
MLI,1254011,2021,1254,11,2,1,1,0,0,0,1,1,0,0,1,0,0,0,0,4,3,0,0,0,0,0,0,0,,0.0,114.0,0.0,0.0,0.0,0,0,0,0,0,0
MLI,1254012,2021,1254,12,2,1,1,0,0,0,1,1,0,0,1,0,0,0,0,4,3,0,0,0,0,0,0,0,,0.0,77.0,0.0,0.0,0.0,0,0,0,0,0,0
MLI,1255001,2021,1255,1,2,1,2,1,0,0,1,1,0,0,1,0,1,0,0,4,3,0,0,0,0,0,0,0,,230.0,0.0,0.0,0.0,0.0,1,0,0,0,0,0
MLI,1255002,2021,1255,2,2,1,2,1,0,0,1,1,0,0,1,0,1,0,0,4,3,0,0,0,0,0,0,0,,185.0,0.0,0.0,0.0,0.0,0,0,0,0,0,0
MLI,1255003,2021,1255,3,2,1,2,1,0,0,1,1,0,0,1,0,1,0,0,4,3,0,0,0,0,0,0,0,,,,,,,0,0,0,0,0,0
MLI,1255004,2021,1255,4,2,1,2,1,0,0,1,0,0,0,1,0,1,0,0,4,3,0,0,0,0,0,0,0,,0.0,56.0,0.0,0.0,0.0,0,0,0,0,0,0
MLI,1255005,2021,1255,5,2,1,2,0,0,0,1,1,0,0,1,0,0,0,0,4,3,0,0,0,0,0,0,0,,0.0,64.0,0.0,0.0,0.0,0,0,0,0,0,0
MLI,1255006,2021,1255,6,2,1,2,0,0,0,1,1,0,0,1,0,0,0,0,4,3,0,0,0,0,0,0,0,,0.0,51.0,0.0,0.0,0.0,0,0,0,0,0,0
MLI,1255007,2021,1255,7,2,1,2,0,0,0,1,1,0,0,1,0,0,0,0,4,3,0,0,0,0,0,0,0,,53.0,0.0,0.0,0.0,0.0,0,0,0,0,0,0
MLI,1255008,2021,1255,8,2,1,2,0,0,0,1,1,0,0,0,0,0,0,0,4,5,0,0,0,0,0,0,0,,0.0,35.0,0.0,0.0,0.0,0,0,0,0,0,0
MLI,1255009,2021,1255,9,2,1,1,0,0,0,1,1,0,0,1,0,0,0,0,4,3,0,0,0,0,0,0,0,,0.0,43.0,0.0,0.0,0.0,0,0,0,0,0,0
MLI,1255010,2021,1255,10,2,1,1,0,0,0,1,1,0,0,0,0,0,0,0,4,5,0,0,0,0,0,0,0,,0.0,66.0,0.0,0.0,0.0,0,0,0,0,0,0
MLI,1255011,2021,1255,11,2,1,1,0,0,0,1,1,0,0,0,0,0,0,0,4,5,0,0,0,0,0,0,0,,0.0,79.0,0.0,0.0,0.0,0,0,0,0,0,0
MLI,1255012,2021,1255,12,2,1,1,0,0,0,1,1,0,0,0,0,0,0,0,4,5,0,0,0,0,0,0,0,,0.0,55.0,0.0,0.0,0.0,0,0,0,0,0,0
MLI,1256001,2021,1256,1,2,1,2,1,0,0,1,0,0,0,1,0,1,0,0,4,3,0,0,0,0,0,0,0,,89.0,0.0,0.0,0.0,0.0,0,0,0,0,0,0
MLI,1256002,2021,1256,2,2,1,2,1,0,0,1,1,0,0,1,0,1,0,0,4,3,0,0,0,0,0,0,0,,200.0,0.0,0.0,0.0,0.0,0,0,0,0,0,0
MLI,1256003,2021,1256,3,2,1,2,1,0,0,1,1,0,0,1,0,1,0,0,4,3,0,0,0,0,0,0,0,,53.0,0.0,0.0,0.0,0.0,0,0,0,0,0,0
MLI,1256004,2021,1256,4,2,1,2,1,0,0,1,1,0,0,1,0,1,0,0,4,3,0,0,0,0,0,0,0,,150.0,0.0,0.0,0.0,0.0,0,0,0,0,0,0
MLI,1256005,2021,1256,5,2,1,2,0,0,0,1,1,0,0,1,0,0,0,0,4,3,0,0,0,0,0,0,0,,1.0,0.0,0.0,0.0,0.0,0,0,0,0,0,0
MLI,1256006,2021,1256,6,2,1,2,0,0,0,1,1,0,0,0,0,0,0,0,4,4,0,0,0,0,0,0,0,,0.0,0.0,0.0,0.0,0.0,0,0,0,0,0,0
MLI,1256007,2021,1256,7,2,1,2,0,0,0,1,1,0,0,1,0,0,0,0,4,3,0,0,0,0,0,0,0,,0.0,47.0,0.0,0.0,0.0,0,0,0,0,0,0
MLI,1256008,2021,1256,8,2,1,2,0,0,0,1,1,0,0,0,0,0,0,0,4,4,0,0,0,0,0,0,0,,0.0,41.0,0.0,0.0,0.0,0,0,0,0,0,0
MLI,1256009,2021,1256,9,2,1,1,0,0,0,1,1,0,0,1,0,0,0,0,4,3,0,0,0,0,0,0,0,,0.0,103.0,0.0,0.0,0.0,0,0,0,0,0,0
MLI,1256010,2021,1256,10,2,1,1,0,0,0,1,1,0,0,1,0,0,0,0,4,3,0,0,0,0,0,0,0,,0.0,93.0,0.0,0.0,0.0,0,0,0,0,0,0
MLI,1256011,2021,1256,11,2,1,1,0,0,0,1,1,0,0,0,0,0,0,0,4,5,0,0,0,0,0,0,0,,0.0,64.0,0.0,0.0,0.0,0,0,0,0,0,0
MLI,1256012,2021,1256,12,2,1,1,0,0,0,1,1,0,0,1,0,0,0,0,4,3,0,0,0,0,0,0,0,,0.0,125.0,0.0,0.0,0.0,0,0,0,0,0,0
