country,hhid,grappe,menage,vague,logem,mur,toit,sol,eauboi_ss,eauboi_sp,elec_ac,elec_ur,elec_ua,ordure,toilet,eva_toi,eva_eau,year,tv,fer,frigo,cuisin,ordin,decod,car,superf,grosrum,petitrum,porc,lapin,volail,sh_id_demo,sh_co_natu,sh_co_eco,sh_id_eco,sh_co_vio,sh_co_oth
NER,101,1,1,2,2.0,0,0,0,1,1,0,0,0,0,0,0,0,2021,0,0,0,0,0,0,0,,0.0,50.0,0.0,0.0,0.0,0,1,1,1,0,0
NER,103,1,3,2,2.0,0,0,0,0,0,0,0,0,0,0,0,0,2021,0,0,0,0,0,0,0,,0.0,20.0,0.0,0.0,0.0,0,1,1,0,0,0
NER,104,1,4,2,2.0,0,0,0,1,1,0,0,0,0,0,0,0,2021,0,0,0,0,0,0,0,,0.0,8.0,0.0,0.0,0.0,0,1,1,0,0,0
NER,105,1,5,2,2.0,0,0,0,1,1,0,0,0,0,0,0,0,2021,0,0,0,0,0,0,0,,0.0,5.0,0.0,0.0,0.0,0,0,1,0,0,0
NER,106,1,6,2,4.0,1,0,0,1,1,0,0,0,0,0,0,0,2021,0,0,0,0,0,0,0,,0.0,3.0,0.0,0.0,0.0,1,0,0,0,0,0
NER,108,1,8,2,4.0,0,0,0,1,1,0,0,0,0,0,0,0,2021,0,0,0,0,0,0,0,,2.0,8.0,0.0,0.0,0.0,1,0,0,0,0,0
NER,111,1,11,2,2.0,1,0,0,1,1,0,0,0,0,0,0,0,2021,0,0,0,0,0,0,0,,0.0,30.0,0.0,0.0,0.0,0,1,0,0,0,0
NER,112,1,12,2,2.0,1,0,0,1,1,0,0,0,0,0,0,0,2021,0,0,0,0,0,0,0,,20.0,26.0,0.0,0.0,0.0,1,1,0,0,0,0
NER,121,1,21,2,4.0,1,0,0,1,1,0,0,0,0,0,0,0,2021,0,0,0,0,0,0,0,,0.0,5.0,0.0,0.0,0.0,0,1,0,0,0,0
NER,123,1,23,2,4.0,0,0,0,1,1,0,0,0,0,0,0,0,2021,0,0,0,0,0,0,0,,0.0,12.0,0.0,0.0,0.0,0,1,0,0,0,0
NER,125,1,25,2,4.0,0,0,0,1,1,0,0,0,0,0,0,0,2021,0,0,0,0,0,0,0,,0.0,8.0,0.0,0.0,0.0,0,0,0,1,0,0
NER,127,1,27,2,2.0,0,0,0,1,0,0,0,0,0,0,0,0,2021,0,0,0,0,0,0,0,,0.0,8.0,0.0,0.0,0.0,0,0,0,0,0,0
NER,201,2,1,2,1.0,1,0,0,1,1,1,1,0,1,1,1,0,2021,1,1,0,0,0,0,0,,0.0,9.0,0.0,0.0,0.0,0,1,1,0,0,0
NER,203,2,3,2,1.0,1,0,0,1,1,0,0,0,1,1,0,0,2021,0,0,0,0,0,0,0,,,,,,,1,1,1,0,0,0
NER,205,2,5,2,4.0,1,0,1,1,1,0,0,0,0,0,0,0,2021,0,0,0,0,0,0,0,,,,,,,0,0,1,0,0,0
NER,206,2,6,2,1.0,1,0,0,1,1,1,1,0,0,0,0,0,2021,0,0,0,0,0,0,0,,,,,,,0,0,0,0,0,0
NER,207,2,7,2,4.0,1,0,0,1,1,0,0,0,0,0,0,0,2021,0,0,0,0,0,0,0,,0.0,2.0,0.0,0.0,0.0,0,0,0,1,0,0
NER,209,2,9,2,4.0,1,0,0,0,0,0,0,0,0,0,0,0,2021,0,0,0,0,0,0,0,,,,,,,1,0,0,0,0,0
NER,210,2,10,2,4.0,1,0,0,1,1,0,1,0,1,0,0,0,2021,0,0,0,0,0,0,0,,,,,,,0,0,1,1,0,0
NER,211,2,11,2,1.0,1,0,0,1,1,1,1,0,1,0,0,0,2021,0,0,0,0,0,0,0,,,,,,,0,0,0,0,0,0
NER,213,2,13,2,1.0,1,0,0,1,1,0,0,0,0,0,0,0,2021,0,0,0,0,0,0,0,,,,,,,1,0,0,1,0,0
NER,216,2,16,2,1.0,1,0,0,1,1,0,0,0,0,0,0,0,2021,0,0,0,0,0,0,0,,,,,,,0,0,1,0,0,0
NER,219,2,19,2,1.0,1,0,0,1,1,1,1,0,1,1,1,0,2021,0,0,0,0,0,0,0,,0.0,10.0,0.0,0.0,0.0,1,0,1,0,0,0
NER,226,2,26,2,1.0,1,0,0,1,1,1,1,0,1,1,1,0,2021,1,0,0,0,0,0,0,,10.0,0.0,0.0,0.0,0.0,0,0,1,0,0,0
NER,303,3,3,1,2.0,1,0,0,0,0,0,0,0,0,0,0,0,2021,0,0,0,0,0,0,0,,0.0,6.0,0.0,0.0,5.0,0,1,0,0,0,0
NER,304,3,4,1,2.0,1,0,0,0,0,0,0,0,0,0,0,0,2021,0,0,0,0,0,0,0,,1.0,34.0,0.0,0.0,0.0,0,1,0,0,0,0
NER,305,3,5,1,2.0,1,0,0,0,0,0,0,0,0,0,0,0,2021,0,0,0,0,0,0,0,,6.0,26.0,0.0,0.0,0.0,0,1,1,0,0,0
NER,307,3,7,1,2.0,0,0,0,0,0,0,0,0,0,0,0,0,2021,0,0,0,0,0,0,0,,0.0,10.0,0.0,0.0,0.0,0,1,0,0,0,0
NER,308,3,8,1,2.0,1,0,0,0,0,0,0,1,0,0,0,0,2021,0,0,0,0,0,0,0,,2.0,13.0,0.0,0.0,0.0,0,0,0,0,0,0
NER,309,3,9,1,2.0,0,0,0,0,0,0,0,0,0,0,0,0,2021,0,0,0,0,0,0,0,,2.0,13.0,0.0,0.0,0.0,1,0,1,0,0,0
NER,311,3,11,1,2.0,0,0,0,0,0,0,0,0,0,0,0,0,2021,0,0,0,0,0,0,0,,6.0,37.0,0.0,0.0,0.0,0,0,0,0,0,0
NER,312,3,12,1,2.0,0,0,0,0,0,0,0,0,0,0,0,0,2021,0,0,0,0,0,0,0,,1.0,15.0,0.0,0.0,0.0,0,0,1,0,0,0
NER,315,3,15,1,2.0,0,0,0,0,0,0,0,0,0,0,0,0,2021,0,0,0,0,0,0,0,,0.0,7.0,0.0,0.0,0.0,0,1,0,0,0,0
NER,317,3,17,1,2.0,1,0,0,1,0,0,0,0,0,0,0,0,2021,0,0,0,0,0,0,0,,4.0,11.0,0.0,0.0,0.0,1,1,0,0,0,0
NER,324,3,24,1,2.0,0,0,0,1,1,0,0,0,0,0,0,0,2021,0,0,0,0,0,0,0,,3.0,9.0,0.0,0.0,0.0,0,1,0,0,0,0
NER,328,3,28,1,2.0,0,0,0,0,0,0,0,0,0,0,0,0,2021,0,0,0,0,0,0,0,,4.0,10.0,0.0,0.0,0.0,0,0,1,1,0,0
NER,403,4,3,2,4.0,1,1,0,1,1,0,1,0,1,0,1,0,2021,1,0,0,0,0,1,0,,,,,,,0,0,0,0,0,0
NER,408,4,8,2,1.0,1,0,1,1,1,1,1,0,1,0,0,0,2021,1,0,0,0,0,0,0,,,,,,,1,0,0,0,0,0
NER,409,4,9,2,2.0,1,0,0,1,1,0,0,0,0,0,0,0,2021,0,0,0,0,0,0,0,,1.0,0.0,0.0,0.0,0.0,0,0,0,1,0,0
NER,411,4,11,2,3.0,1,0,1,1,1,0,1,0,1,0,0,0,2021,0,0,0,0,0,0,0,,,,,,,0,1,0,0,0,0
NER,412,4,12,2,1.0,1,1,1,1,1,1,1,0,1,1,1,0,2021,1,0,0,0,0,0,1,,,,,,,0,0,0,1,0,0
NER,413,4,13,2,4.0,1,0,0,1,1,0,1,0,0,1,1,0,2021,0,0,0,0,0,0,0,,,,,,,1,1,0,0,0,0
NER,414,4,14,2,3.0,1,0,1,0,0,0,1,0,1,1,1,0,2021,0,0,0,0,0,0,0,,,,,,,0,0,0,1,0,0
NER,415,4,15,2,1.0,1,0,1,1,1,1,1,0,1,1,1,0,2021,1,0,1,0,0,0,0,,0.0,0.0,0.0,0.0,20.0,0,1,0,0,0,0
NER,417,4,17,2,1.0,1,0,1,1,1,0,0,1,1,0,0,1,2021,0,0,0,0,0,0,1,,,,,,,0,0,0,1,0,0
NER,418,4,18,2,3.0,1,0,1,1,1,0,0,1,1,0,1,0,2021,1,0,0,0,0,0,0,,1.0,0.0,0.0,0.0,8.0,1,0,0,0,0,0
NER,420,4,20,2,3.0,1,0,1,1,1,1,1,0,1,0,1,0,2021,1,0,0,0,0,1,0,,,,,,,0,0,0,0,0,0
NER,422,4,22,2,4.0,1,0,0,1,1,0,1,0,1,0,1,0,2021,0,0,0,0,0,0,0,,,,,,,0,0,0,0,0,0
NER,501,5,1,1,1.0,0,0,0,1,1,1,1,0,1,0,1,0,2021,1,0,0,0,0,0,0,,0.0,5.0,0.0,0.0,0.0,0,0,0,0,1,0
NER,502,5,2,1,1.0,1,0,1,1,1,1,1,0,1,0,0,0,2021,0,0,0,0,0,0,0,,,,,,,0,0,0,0,0,0
NER,503,5,3,1,1.0,1,0,1,1,1,1,1,0,1,1,1,0,2021,1,0,1,0,0,0,1,,,,,,,0,0,0,0,0,0
NER,505,5,5,1,1.0,1,0,1,1,1,0,0,0,1,1,1,0,2021,0,0,0,0,0,0,0,,,,,,,0,0,0,0,0,0
NER,506,5,6,1,1.0,1,0,1,1,1,1,1,0,1,1,1,0,2021,0,0,0,0,0,0,0,,,,,,,1,0,0,0,0,0
NER,507,5,7,1,1.0,1,0,0,1,1,1,1,0,1,1,1,0,2021,0,0,0,0,0,0,0,,,,,,,1,0,1,0,0,0
NER,508,5,8,1,3.0,1,0,1,1,1,0,0,0,1,1,1,0,2021,0,0,0,0,0,0,0,,1.0,1.0,0.0,0.0,2.0,0,0,0,0,0,0
NER,509,5,9,1,1.0,1,0,1,1,1,1,1,0,1,1,1,0,2021,1,0,1,0,0,0,0,,,,,,,0,0,1,0,0,0
NER,510,5,10,1,4.0,1,1,1,1,1,0,1,0,0,0,1,0,2021,0,0,0,0,0,0,0,,,,,,,1,0,0,0,0,0
NER,511,5,11,1,1.0,1,1,1,0,0,1,1,0,1,1,1,0,2021,1,0,1,1,0,1,0,,0.0,2.0,0.0,0.0,0.0,0,0,1,0,0,0
NER,512,5,12,1,4.0,1,0,1,1,1,0,1,0,1,1,1,0,2021,1,0,0,0,0,0,0,,,,,,,0,0,0,0,0,0
NER,517,5,17,1,3.0,1,0,0,1,1,0,1,0,1,1,1,0,2021,1,0,0,0,0,0,0,,,,,,,0,0,0,0,0,0
NER,605,6,5,2,1.0,1,0,1,1,1,1,1,0,1,0,1,0,2021,1,0,1,0,1,1,0,,,,,,,0,0,0,1,0,0
NER,606,6,6,2,4.0,1,0,1,1,1,1,1,0,1,0,1,0,2021,0,0,1,0,0,0,0,,,,,,,1,0,0,0,0,0
NER,607,6,7,2,1.0,1,1,1,1,1,1,1,0,0,0,0,0,2021,1,0,0,0,0,0,0,,,,,,,0,0,0,0,0,0
NER,610,6,10,2,3.0,1,0,0,1,1,0,1,0,1,0,0,0,2021,0,0,0,0,0,0,0,,,,,,,1,0,0,1,0,0
NER,611,6,11,2,4.0,1,0,0,1,1,0,1,0,1,0,0,0,2021,1,0,1,0,0,0,0,,1.0,2.0,0.0,0.0,0.0,0,1,0,1,0,0
NER,612,6,12,2,1.0,1,0,1,1,1,1,1,0,1,1,1,0,2021,1,0,1,0,0,0,0,,0.0,7.0,0.0,0.0,0.0,0,0,0,0,0,0
NER,614,6,14,2,4.0,1,0,0,1,1,0,1,0,1,1,1,0,2021,1,0,0,0,0,0,0,,,,,,,0,0,1,0,0,0
NER,615,6,15,2,1.0,1,0,1,1,1,1,1,0,1,1,1,0,2021,0,0,0,0,0,0,0,,0.0,7.0,0.0,0.0,0.0,0,0,1,0,0,0
NER,616,6,16,2,3.0,1,0,1,1,1,1,1,0,1,1,1,0,2021,1,0,0,0,0,0,0,,,,,,,1,0,0,0,0,0
NER,617,6,17,2,3.0,1,1,1,1,1,1,1,0,1,0,1,0,2021,0,0,1,0,0,0,0,,,,,,,0,0,0,0,0,0
NER,618,6,18,2,1.0,1,0,1,1,1,1,1,0,1,0,1,0,2021,1,0,0,0,0,1,0,,,,,,,0,0,0,0,0,0
NER,620,6,20,2,3.0,1,0,0,1,1,1,1,0,1,0,0,0,2021,1,0,0,0,0,0,0,,,,,,,0,0,0,1,0,0
NER,701,7,1,1,1.0,1,0,0,1,1,0,0,0,0,0,1,1,2021,0,0,0,0,0,0,0,,,,,,,1,0,0,1,0,0
NER,704,7,4,1,1.0,1,0,1,1,1,1,1,0,1,1,0,0,2021,1,0,0,0,0,0,0,,,,,,,1,0,0,0,0,0
NER,705,7,5,1,4.0,1,1,0,1,1,0,1,0,1,1,1,0,2021,0,0,0,0,0,0,0,,,,,,,0,0,1,0,0,0
NER,706,7,6,1,3.0,1,0,1,1,1,1,1,0,1,1,1,1,2021,1,0,0,1,0,1,0,,,,,,,0,0,1,0,0,0
NER,707,7,7,1,1.0,1,0,1,1,1,1,1,0,1,1,0,0,2021,1,0,0,0,0,0,0,,,,,,,1,0,0,0,0,0
NER,708,7,8,1,1.0,1,1,1,1,1,1,1,0,1,1,1,0,2021,0,0,0,0,0,0,0,,,,,,,0,0,0,0,0,0
NER,710,7,10,1,1.0,1,0,1,1,1,1,1,0,0,1,0,0,2021,0,0,0,0,0,0,0,,,,,,,0,0,0,0,0,0
NER,711,7,11,1,1.0,1,0,0,1,1,1,1,0,1,0,1,0,2021,1,0,0,0,0,1,0,,,,,,,1,0,1,1,0,0
NER,713,7,13,1,1.0,1,0,1,1,1,1,1,0,1,1,0,0,2021,0,0,0,0,0,0,0,,,,,,,1,0,0,0,0,0
NER,721,7,21,1,1.0,1,0,1,1,1,1,1,0,1,0,0,0,2021,1,0,1,0,0,1,0,,,,,,,0,0,1,0,0,0
NER,724,7,24,1,2.0,1,0,1,1,1,1,1,0,1,0,0,0,2021,1,0,0,0,0,1,0,,,,,,,0,0,0,0,0,0
NER,725,7,25,1,2.0,1,0,1,1,1,1,1,0,1,1,1,0,2021,1,0,1,0,0,1,0,,,,,,,1,1,0,0,0,0
NER,802,8,2,2,1.0,1,1,1,1,1,1,1,0,1,0,1,0,2021,1,0,1,0,0,1,0,,,,,,,1,1,0,0,0,0
NER,803,8,3,2,1.0,1,0,1,1,1,1,1,0,1,0,1,0,2021,1,0,1,0,0,1,0,,,,,,,1,0,0,0,0,0
NER,804,8,4,2,4.0,1,0,1,1,1,1,1,0,1,0,1,0,2021,0,0,0,0,0,0,0,,,,,,,0,0,0,0,0,0
NER,806,8,6,2,1.0,1,1,1,1,1,1,1,0,1,0,0,0,2021,1,0,1,0,0,0,1,,,,,,,1,0,0,0,0,0
NER,807,8,7,2,3.0,1,0,1,1,1,0,1,0,1,0,0,0,2021,0,0,0,0,0,0,0,,,,,,,1,0,0,1,0,0
NER,809,8,9,2,1.0,1,0,1,1,1,0,1,0,1,0,0,0,2021,1,0,0,1,0,0,0,,,,,,,1,0,0,1,0,0
NER,811,8,11,2,1.0,1,0,1,0,0,0,0,1,1,1,1,0,2021,1,0,0,0,0,0,0,,,,,,,0,0,0,0,0,0
NER,812,8,12,2,1.0,1,0,0,1,1,0,0,1,1,1,1,0,2021,0,0,0,0,0,0,0,,0.0,0.0,0.0,0.0,3.0,0,0,0,1,0,0
NER,814,8,14,2,1.0,1,0,1,1,1,1,1,0,1,1,1,0,2021,1,0,0,0,0,0,0,,,,,,,0,0,1,0,0,0
NER,816,8,16,2,1.0,1,0,1,1,1,1,1,0,1,1,1,0,2021,0,0,0,0,0,0,0,,,,,,,1,0,0,0,0,0
NER,817,8,17,2,4.0,1,0,0,1,1,1,1,0,1,0,0,0,2021,1,0,0,0,0,0,0,,0.0,5.0,0.0,0.0,0.0,0,0,0,1,0,0
NER,818,8,18,2,1.0,1,0,1,1,1,1,1,0,1,1,0,0,2021,1,0,0,0,0,0,0,,0.0,0.0,0.0,0.0,16.0,1,0,0,0,0,0
NER,902,9,2,1,3.0,1,0,1,0,0,1,1,0,0,1,1,0,2021,1,0,0,0,0,1,0,,,,,,,0,0,0,0,0,0
NER,903,9,3,1,4.0,1,0,0,1,1,0,1,0,1,1,1,0,2021,1,0,0,0,0,0,0,,,,,,,1,0,1,1,0,0
NER,904,9,4,1,4.0,1,0,1,1,1,1,1,0,1,0,1,0,2021,0,0,0,0,0,0,0,,,,,,,1,0,0,0,0,0
NER,905,9,5,1,1.0,1,0,1,0,0,1,1,0,1,0,1,0,2021,0,0,0,0,0,0,0,,,,,,,0,0,0,0,0,0
NER,906,9,6,1,1.0,1,0,1,1,1,1,1,0,1,1,1,0,2021,1,0,1,0,0,0,0,,,,,,,1,0,0,0,0,0
NER,907,9,7,1,4.0,1,0,1,1,1,0,0,0,1,0,1,0,2021,0,0,0,0,0,0,0,,,,,,,1,0,0,0,0,0
NER,909,9,9,1,3.0,1,0,1,1,1,0,1,0,1,1,1,0,2021,1,0,1,0,0,0,0,,,,,,,1,0,0,0,0,0
NER,910,9,10,1,1.0,1,0,1,1,1,1,1,0,1,0,1,0,2021,0,0,0,0,0,0,0,,,,,,,1,0,0,0,0,0
NER,911,9,11,1,3.0,1,0,1,0,0,1,1,0,1,1,1,0,2021,1,0,0,0,0,0,0,,,,,,,0,0,0,0,0,0
NER,912,9,12,1,1.0,1,0,1,1,1,0,0,0,0,0,0,0,2021,0,0,0,0,0,0,0,,,,,,,0,0,0,0,0,0
NER,1001,10,1,2,3.0,1,0,1,1,1,1,1,0,1,0,1,0,2021,0,0,0,0,0,0,0,,,,,,,0,0,0,0,0,0
NER,1002,10,2,2,1.0,1,0,0,1,1,0,0,1,0,0,1,0,2021,1,0,0,0,0,0,0,,,,,,,1,0,0,1,0,0
NER,1003,10,3,2,3.0,1,0,1,1,1,0,0,1,1,0,1,0,2021,0,0,0,0,0,0,0,,0.0,0.0,0.0,0.0,0.0,1,0,0,0,0,0
NER,1006,10,6,2,2.0,1,0,0,1,1,0,0,0,1,0,0,0,2021,0,0,0,0,0,0,0,,,,,,,0,0,0,0,0,0
NER,1007,10,7,2,2.0,1,0,0,1,1,0,0,0,0,0,0,0,2021,0,0,0,0,0,0,0,,,,,,,1,0,0,0,0,0
NER,1008,10,8,2,2.0,1,0,0,1,1,0,0,0,0,0,0,0,2021,0,0,0,0,0,0,0,,3.0,25.0,0.0,0.0,0.0,1,0,0,0,0,0
NER,1009,10,9,2,4.0,1,0,1,1,1,0,1,0,0,1,1,0,2021,1,0,0,0,0,0,0,,,,,,,0,1,0,1,0,0
NER,1012,10,12,2,1.0,1,0,0,0,0,0,1,0,0,1,1,0,2021,0,0,0,0,0,0,0,,,,,,,0,0,0,0,0,0
NER,1018,10,18,2,1.0,1,0,0,1,1,0,0,0,0,0,0,0,2021,0,0,0,0,0,0,0,,,,,,,0,0,1,0,0,0
NER,1019,10,19,2,3.0,1,0,0,1,1,0,0,0,1,1,1,0,2021,0,0,0,0,0,0,0,,,,,,,0,0,1,0,0,0
NER,1020,10,20,2,1.0,1,0,0,1,1,0,0,0,0,0,1,0,2021,0,0,0,0,0,0,0,,4.0,5.0,0.0,0.0,8.0,1,0,0,0,0,0
NER,1021,10,21,2,2.0,1,0,0,1,1,0,0,0,0,0,0,0,2021,0,0,0,0,0,0,0,,,,,,,0,0,0,1,0,0
NER,1101,11,1,1,3.0,1,0,1,1,1,1,1,0,1,0,1,0,2021,0,0,0,0,0,0,0,,,,,,,0,0,0,0,0,0
NER,1102,11,2,1,1.0,1,0,1,1,1,1,1,0,0,0,0,0,2021,1,0,1,1,1,1,0,,,,,,,0,0,0,0,0,0
NER,1103,11,3,1,1.0,1,0,1,1,1,1,1,0,1,1,1,0,2021,0,0,0,0,0,0,0,,,,,,,0,0,0,0,0,0
NER,1105,11,5,1,1.0,1,0,1,1,1,1,1,0,0,1,1,0,2021,1,0,1,1,0,1,0,,,,,,,0,0,0,0,0,0
NER,1106,11,6,1,3.0,1,0,0,1,1,0,0,0,1,1,1,0,2021,0,0,0,0,0,0,0,,,,,,,0,0,0,0,0,0
NER,1109,11,9,1,1.0,1,0,1,1,1,1,1,0,1,1,1,0,2021,1,0,1,0,0,0,0,,,,,,,0,1,0,0,0,0
NER,1111,11,11,1,1.0,1,0,1,1,1,1,1,0,1,1,1,0,2021,1,0,0,1,0,0,0,,,,,,,0,0,0,0,0,0
NER,1112,11,12,1,1.0,1,0,1,1,1,0,0,0,1,1,1,0,2021,1,0,0,0,0,0,0,,,,,,,1,0,0,0,0,0
NER,1117,11,17,1,3.0,1,0,1,1,1,1,1,0,0,0,1,0,2021,0,0,0,0,0,0,0,,,,,,,0,0,0,0,0,0
NER,1118,11,18,1,1.0,1,0,1,1,1,1,1,0,1,0,1,0,2021,0,0,0,0,0,0,0,,,,,,,0,0,0,0,0,0
NER,1121,11,21,1,1.0,1,1,1,1,1,1,1,0,1,1,1,0,2021,1,0,0,0,0,0,0,,,,,,,0,0,0,0,0,0
NER,1123,11,23,1,3.0,1,0,1,1,1,1,1,0,1,1,1,0,2021,1,0,0,0,0,0,0,,,,,,,0,0,0,0,0,0
NER,1201,12,1,2,2.0,0,0,0,0,0,0,0,0,0,0,0,0,2021,0,0,0,0,0,0,0,,4.0,50.0,0.0,0.0,0.0,0,0,0,0,0,0
NER,1202,12,2,2,4.0,0,0,0,1,1,0,0,0,0,0,0,0,2021,0,0,0,0,0,0,0,,20.0,0.0,0.0,0.0,0.0,1,0,0,0,0,0
NER,1203,12,3,2,4.0,0,0,0,1,0,0,0,0,0,0,0,0,2021,0,0,0,0,0,0,1,,13.0,28.0,0.0,0.0,0.0,1,0,0,0,0,0
NER,1204,12,4,2,4.0,0,0,0,1,1,0,0,0,0,0,0,0,2021,0,0,0,0,0,0,0,,13.0,60.0,0.0,0.0,0.0,0,1,0,0,0,0
NER,1205,12,5,2,4.0,0,0,0,1,0,0,0,0,0,0,0,0,2021,0,0,0,0,0,0,1,,31.0,34.0,0.0,0.0,0.0,1,1,0,0,0,0
NER,1208,12,8,2,4.0,0,0,0,0,0,0,0,0,0,0,0,0,2021,0,0,0,0,0,0,1,,63.0,160.0,0.0,0.0,0.0,0,1,0,0,0,0
NER,1212,12,12,2,4.0,0,0,0,0,0,0,0,0,0,0,0,0,2021,0,0,0,0,0,0,0,,33.0,35.0,0.0,0.0,0.0,0,1,0,0,0,0
NER,1214,12,14,2,2.0,0,0,0,0,0,0,0,0,0,0,0,0,2021,0,0,0,0,0,0,0,,15.0,90.0,0.0,0.0,0.0,0,1,0,1,0,0
NER,1215,12,15,2,2.0,0,0,0,0,0,0,0,0,0,0,0,0,2021,0,0,0,0,0,0,0,,15.0,60.0,0.0,0.0,0.0,0,1,1,0,0,0
NER,1216,12,16,2,4.0,0,0,0,0,0,0,0,0,0,0,0,0,2021,0,0,0,0,0,0,0,,6.0,30.0,0.0,0.0,0.0,1,1,1,0,0,0
NER,1217,12,17,2,4.0,0,0,0,0,0,0,0,0,0,0,0,0,2021,0,0,0,0,0,0,0,,6.0,44.0,0.0,0.0,0.0,1,1,0,0,0,0
NER,1219,12,19,2,4.0,0,0,0,0,0,0,0,0,0,0,0,0,2021,0,0,0,0,0,0,0,,30.0,60.0,0.0,0.0,0.0,0,0,0,0,0,0
NER,1301,13,1,1,1.0,1,0,1,1,1,0,0,0,0,1,1,0,2021,0,0,0,0,0,0,0,,,,,,,0,0,1,0,0,0
NER,1304,13,4,1,3.0,1,0,0,1,1,0,0,0,0,0,0,0,2021,0,0,0,0,0,0,0,,,,,,,1,0,0,0,0,0
NER,1308,13,8,1,3.0,1,0,1,1,1,0,0,0,0,1,1,0,2021,0,0,0,0,0,0,0,,,,,,,0,0,0,0,0,0
NER,1311,13,11,1,1.0,1,0,1,1,1,0,0,0,0,1,1,0,2021,0,0,0,0,0,0,0,,,,,,,0,0,0,1,0,0
NER,1317,13,17,1,4.0,0,0,0,0,0,0,0,0,0,0,0,0,2021,0,0,0,0,0,0,0,,4.0,30.0,0.0,0.0,0.0,0,0,0,0,0,0
NER,1319,13,19,1,1.0,1,0,0,1,1,0,0,0,0,0,0,0,2021,0,0,0,0,0,0,0,,1.0,6.0,0.0,0.0,0.0,0,0,0,0,0,0
NER,1321,13,21,1,1.0,1,0,0,1,1,0,0,1,0,0,1,0,2021,0,0,0,0,0,0,0,,0.0,2.0,0.0,0.0,0.0,1,0,0,0,0,0
NER,1323,13,23,1,3.0,1,0,0,1,1,0,0,0,1,0,1,0,2021,0,0,0,0,0,0,0,,,,,,,0,0,0,0,0,0
NER,1325,13,25,1,1.0,1,0,0,1,1,0,0,1,0,0,0,0,2021,0,0,0,0,0,0,0,,0.0,1.0,0.0,2.0,0.0,0,0,0,0,0,0
NER,1326,13,26,1,1.0,0,0,0,1,1,0,0,0,0,0,0,0,2021,0,0,0,0,0,0,0,,,,,,,0,0,0,0,0,0
NER,1327,13,27,1,2.0,0,0,0,1,1,0,0,0,0,0,0,0,2021,0,0,0,0,0,0,0,,0.0,3.0,0.0,0.0,0.0,0,0,0,0,0,0
NER,1328,13,28,1,2.0,1,0,0,1,1,0,0,0,0,0,0,0,2021,0,0,0,0,0,0,0,,0.0,2.0,0.0,0.0,0.0,0,0,0,0,0,0
NER,1401,14,1,2,2.0,0,0,0,1,1,0,0,0,0,0,0,0,2021,0,0,0,0,0,0,0,,6.0,20.0,0.0,0.0,0.0,0,0,0,1,0,0
NER,1403,14,3,2,2.0,0,0,0,1,1,0,0,0,0,0,0,0,2021,0,0,0,0,0,0,0,,,,,,,0,0,0,0,0,0
NER,1404,14,4,2,2.0,0,0,0,1,1,0,0,0,0,0,0,0,2021,0,0,0,0,0,0,0,,,,,,,0,0,0,0,0,0
NER,1405,14,5,2,2.0,0,0,0,1,1,0,0,0,0,0,0,0,2021,0,0,0,0,0,0,0,,2.0,9.0,0.0,0.0,0.0,0,0,0,0,0,0
NER,1406,14,6,2,1.0,0,0,0,1,1,0,0,0,0,0,0,0,2021,0,0,0,0,0,0,0,,0.0,22.0,0.0,0.0,0.0,0,1,0,0,0,0
NER,1407,14,7,2,2.0,0,0,0,0,1,0,0,0,0,0,0,0,2021,0,0,0,0,0,0,0,,,,,,,1,0,0,0,0,0
NER,1408,14,8,2,2.0,0,0,0,1,1,0,0,0,0,0,0,0,2021,0,0,0,0,0,0,0,,0.0,5.0,0.0,0.0,0.0,1,1,0,0,0,0
NER,1409,14,9,2,1.0,0,0,0,1,1,0,0,0,0,0,0,0,2021,0,0,0,0,0,0,0,,,,,,,1,0,0,0,0,0
NER,1410,14,10,2,2.0,0,0,0,1,1,0,0,0,0,0,0,0,2021,0,0,0,0,0,0,0,,,,,,,1,0,1,0,0,0
NER,1411,14,11,2,2.0,0,0,0,1,1,0,0,0,0,0,0,0,2021,0,0,0,0,0,0,0,,,,,,,1,0,1,0,0,0
NER,1412,14,12,2,2.0,0,0,0,1,1,0,0,0,0,0,0,0,2021,0,0,0,0,0,0,0,,0.0,3.0,0.0,0.0,0.0,1,0,0,0,0,0
NER,1415,14,15,2,2.0,0,0,0,1,1,0,0,0,0,0,0,0,2021,0,0,0,0,0,0,0,,3.0,0.0,0.0,0.0,0.0,1,1,0,0,0,0
NER,1501,15,1,1,2.0,1,0,0,1,1,0,0,0,0,0,0,0,2021,1,0,0,0,0,0,1,,0.0,4.0,0.0,0.0,0.0,0,0,0,0,0,0
NER,1502,15,2,1,2.0,0,0,0,1,1,0,0,0,0,0,0,0,2021,0,0,0,0,0,0,0,,0.0,11.0,0.0,0.0,0.0,0,0,0,0,0,0
NER,1503,15,3,1,2.0,1,0,1,1,0,0,0,0,0,0,0,0,2021,0,0,0,0,0,0,0,,0.0,15.0,0.0,0.0,0.0,0,0,0,0,0,0
NER,1504,15,4,1,2.0,1,0,0,1,1,0,0,0,0,0,0,0,2021,0,0,0,0,0,0,0,,1.0,13.0,0.0,0.0,0.0,0,0,0,0,0,0
NER,1505,15,5,1,2.0,1,0,1,1,1,0,0,0,0,0,0,0,2021,0,0,0,0,0,0,0,,0.0,23.0,0.0,0.0,0.0,0,1,0,0,0,0
NER,1506,15,6,1,2.0,1,0,0,1,1,0,0,0,0,0,0,0,2021,0,0,0,0,0,0,0,,0.0,22.0,0.0,0.0,0.0,0,0,0,0,0,0
NER,1507,15,7,1,2.0,1,0,0,1,1,0,0,1,0,0,0,0,2021,0,0,0,0,0,0,0,,3.0,8.0,0.0,0.0,0.0,1,0,0,0,0,0
NER,1508,15,8,1,2.0,1,0,0,1,1,0,0,0,0,0,0,0,2021,0,0,0,0,0,0,0,,0.0,6.0,0.0,0.0,0.0,0,0,0,0,0,0
NER,1509,15,9,1,2.0,1,0,1,1,0,0,0,0,0,0,0,0,2021,0,0,0,0,0,0,0,,0.0,10.0,0.0,0.0,0.0,0,0,1,0,0,0
NER,1510,15,10,1,2.0,1,1,1,1,1,0,0,0,0,1,1,0,2021,0,0,0,0,0,0,0,,,,,,,0,0,0,0,0,0
NER,1511,15,11,1,1.0,1,0,0,1,1,0,0,0,0,0,0,0,2021,0,0,0,0,0,0,0,,,,,,,0,0,0,0,0,0
NER,1512,15,12,1,2.0,0,0,0,1,1,0,0,0,0,0,0,0,2021,0,0,0,0,0,0,0,,0.0,15.0,0.0,0.0,0.0,0,0,0,0,0,0
NER,1602,16,2,2,1.0,1,0,1,1,1,1,1,0,1,0,1,0,2021,1,0,0,0,0,1,0,,0.0,3.0,0.0,0.0,0.0,0,0,0,0,0,0
NER,1603,16,3,2,1.0,1,0,1,1,1,1,1,0,1,0,1,0,2021,0,0,1,0,0,0,1,,,,,,,0,0,0,0,0,0
NER,1604,16,4,2,1.0,1,0,0,1,1,1,1,0,1,0,1,0,2021,0,0,0,0,0,0,0,,,,,,,0,0,0,1,0,0
NER,1605,16,5,2,1.0,1,0,1,1,1,1,1,0,1,0,1,0,2021,1,0,0,0,0,1,0,,,,,,,0,0,0,0,0,0
NER,1606,16,6,2,3.0,1,0,0,1,1,1,1,0,0,0,0,0,2021,1,0,0,1,1,0,1,,,,,,,1,0,0,0,0,0
NER,1608,16,8,2,4.0,0,0,0,1,1,1,1,0,0,0,0,0,2021,1,0,0,0,0,0,0,,0.0,7.0,0.0,0.0,0.0,0,1,0,0,0,0
NER,1609,16,9,2,1.0,1,0,1,1,1,1,1,0,0,0,0,0,2021,1,0,0,0,0,0,0,,,,,,,0,1,0,0,0,0
NER,1610,16,10,2,1.0,1,0,0,1,1,0,1,0,0,0,1,0,2021,0,0,0,0,0,0,0,,0.0,13.0,0.0,0.0,0.0,0,1,1,0,0,0
NER,1611,16,11,2,2.0,1,0,1,1,1,1,1,0,0,1,1,0,2021,0,0,0,0,0,0,0,,,,,,,0,0,0,0,0,0
NER,1612,16,12,2,1.0,1,1,1,1,1,1,1,0,0,1,1,0,2021,1,0,1,0,0,1,0,,,,,,,0,0,0,0,0,0
NER,1615,16,15,2,4.0,1,0,0,1,1,0,1,0,0,0,1,0,2021,1,0,0,0,0,0,0,,2.0,13.0,0.0,0.0,0.0,1,0,0,0,0,0
NER,1617,16,17,2,3.0,1,0,0,1,1,0,1,0,1,0,0,0,2021,1,0,0,1,0,0,0,,,,,,,0,0,0,0,0,0
NER,1701,17,1,1,2.0,0,0,0,1,1,0,0,0,0,0,0,0,2021,0,0,0,0,0,0,0,,0.0,10.0,0.0,0.0,0.0,0,0,0,0,0,0
NER,1702,17,2,1,2.0,1,0,0,1,1,0,0,1,0,0,0,0,2021,1,0,0,0,0,1,0,,0.0,11.0,0.0,0.0,0.0,0,0,0,0,0,0
NER,1703,17,3,1,2.0,0,0,0,1,1,0,0,0,0,0,0,0,2021,0,0,0,0,0,0,0,,0.0,13.0,0.0,0.0,0.0,0,0,0,0,0,0
NER,1704,17,4,1,2.0,0,0,0,1,1,0,0,0,0,0,0,0,2021,0,0,0,0,0,0,0,,2.0,15.0,0.0,0.0,0.0,0,0,0,0,0,0
NER,1705,17,5,1,2.0,1,0,0,1,1,0,0,0,0,0,0,0,2021,0,0,0,0,0,0,0,,0.0,2.0,0.0,0.0,0.0,0,0,0,0,0,0
NER,1706,17,6,1,2.0,0,0,0,1,1,0,0,0,0,0,0,0,2021,0,0,0,0,0,0,0,,0.0,21.0,0.0,0.0,0.0,0,1,0,0,0,0
NER,1707,17,7,1,2.0,0,0,0,0,0,0,0,1,0,0,0,0,2021,1,0,0,0,0,0,1,,,,,,,0,0,0,0,0,0
NER,1708,17,8,1,4.0,1,0,0,1,1,0,0,0,0,0,0,0,2021,0,0,0,0,0,0,0,,,,,,,0,0,0,0,0,0
NER,1709,17,9,1,2.0,0,0,0,1,1,0,0,0,0,0,0,0,2021,0,0,0,0,0,0,0,,0.0,8.0,0.0,0.0,0.0,0,0,0,0,0,0
NER,1710,17,10,1,2.0,0,0,0,1,1,0,0,0,0,0,0,0,2021,0,0,0,0,0,0,0,,0.0,30.0,0.0,0.0,0.0,1,0,0,0,0,0
NER,1711,17,11,1,2.0,1,0,0,0,0,0,0,0,0,0,0,0,2021,0,0,0,0,0,0,0,,0.0,20.0,0.0,0.0,0.0,0,0,0,0,0,0
NER,1712,17,12,1,2.0,0,0,0,1,1,0,0,0,0,0,0,0,2021,0,0,0,0,0,0,0,,0.0,15.0,0.0,0.0,0.0,0,0,0,0,0,0
NER,1801,18,1,2,1.0,1,0,1,1,1,0,0,0,0,0,0,0,2021,0,0,0,0,0,0,0,,,,,,,0,0,0,0,0,0
NER,1802,18,2,2,1.0,1,0,1,1,1,1,1,0,0,0,1,0,2021,0,0,0,0,0,0,0,,,,,,,0,0,0,0,0,0
NER,1803,18,3,2,1.0,1,0,0,1,1,1,1,0,1,0,1,1,2021,0,0,0,0,0,1,0,,,,,,,0,0,0,0,0,0
NER,1804,18,4,2,1.0,1,0,0,1,1,0,1,0,0,0,0,0,2021,0,0,0,0,0,0,0,,,,,,,0,0,0,0,0,0
NER,1805,18,5,2,2.0,1,0,0,1,1,1,1,0,0,0,0,0,2021,1,0,0,0,0,0,0,,,,,,,0,0,0,0,0,0
NER,1806,18,6,2,2.0,1,0,0,1,1,0,0,0,0,0,0,0,2021,0,0,0,0,0,0,0,,0.0,7.0,0.0,0.0,0.0,0,0,0,0,0,0
NER,1808,18,8,2,4.0,1,0,0,1,1,0,1,0,0,0,0,0,2021,0,0,0,0,0,0,1,,,,,,,1,0,0,0,0,0
NER,1809,18,9,2,4.0,1,0,0,1,1,0,0,0,0,0,0,0,2021,0,0,0,0,0,0,0,,,,,,,1,0,0,0,0,0
NER,1810,18,10,2,2.0,1,0,0,1,1,0,1,0,0,0,0,0,2021,1,0,0,0,0,0,0,,,,,,,0,0,0,0,0,0
NER,1811,18,11,2,4.0,1,0,0,1,1,0,1,0,0,0,0,0,2021,0,0,0,0,0,0,0,,0.0,14.0,0.0,0.0,0.0,0,0,1,0,0,0
NER,1812,18,12,2,2.0,1,0,1,1,1,0,1,0,0,0,0,0,2021,0,0,0,0,0,0,0,,0.0,3.0,0.0,0.0,0.0,0,0,0,0,0,0
NER,1814,18,14,2,2.0,1,0,0,1,1,1,1,0,0,0,0,0,2021,1,0,1,0,0,0,0,,,,,,,0,0,0,0,0,0
NER,1901,19,1,1,2.0,0,0,0,0,0,0,0,0,0,0,0,0,2021,0,0,0,0,0,0,0,,,,,,,0,0,0,0,0,0
NER,1902,19,2,1,2.0,1,0,0,1,1,0,0,0,0,0,0,0,2021,0,0,0,0,0,0,0,,0.0,37.0,0.0,0.0,0.0,0,0,0,0,0,0
NER,1903,19,3,1,2.0,1,0,0,0,0,0,0,0,0,0,0,0,2021,0,0,0,0,0,0,0,,0.0,14.0,0.0,0.0,0.0,0,0,0,0,0,0
NER,1905,19,5,1,2.0,0,0,0,1,1,0,0,0,0,0,0,0,2021,0,0,0,0,0,0,0,,1.0,16.0,0.0,0.0,0.0,0,0,0,0,0,0
NER,1906,19,6,1,2.0,1,0,0,1,1,0,0,0,0,0,0,0,2021,0,0,0,0,0,0,0,,0.0,17.0,0.0,0.0,0.0,0,1,0,0,0,0
NER,1907,19,7,1,2.0,1,0,0,0,0,0,0,0,0,0,0,0,2021,0,0,0,0,0,0,0,,0.0,15.0,0.0,0.0,0.0,0,1,0,0,0,0
NER,1908,19,8,1,2.0,1,0,0,1,1,0,0,0,0,0,0,0,2021,0,0,0,0,0,0,0,,0.0,22.0,0.0,0.0,0.0,0,0,0,0,0,0
NER,1909,19,9,1,2.0,1,0,0,1,1,0,0,1,0,0,0,0,2021,1,0,0,0,0,1,0,,0.0,5.0,0.0,0.0,0.0,0,1,0,0,0,0
NER,1911,19,11,1,2.0,1,0,0,0,0,0,0,0,0,0,0,0,2021,0,0,0,0,0,0,0,,0.0,11.0,0.0,0.0,0.0,1,0,0,0,0,0
NER,1912,19,12,1,2.0,1,0,0,1,1,0,0,0,0,0,0,0,2021,0,0,0,0,0,0,0,,0.0,10.0,0.0,0.0,0.0,0,0,0,0,0,0
NER,1915,19,15,1,2.0,1,0,0,0,0,0,0,0,0,0,0,0,2021,0,0,0,0,0,0,0,,0.0,15.0,0.0,0.0,0.0,0,0,0,0,0,0
NER,1917,19,17,1,2.0,1,0,0,0,0,0,0,0,0,0,0,0,2021,0,0,0,0,0,0,0,,0.0,5.0,0.0,0.0,0.0,0,0,0,0,0,0
NER,2001,20,1,2,2.0,0,0,0,0,0,0,0,0,0,1,0,0,2021,0,0,0,0,0,0,0,,0.0,6.0,0.0,0.0,0.0,0,1,1,0,0,0
NER,2002,20,2,2,2.0,0,0,0,0,0,0,0,0,0,1,0,0,2021,0,0,0,0,0,0,0,,0.0,14.0,0.0,0.0,0.0,0,1,1,0,0,0
NER,2003,20,3,2,2.0,0,0,0,0,0,0,0,0,0,0,0,0,2021,0,0,0,0,0,0,0,,0.0,8.0,0.0,0.0,0.0,0,1,1,1,1,0
NER,2004,20,4,2,2.0,0,0,0,0,0,0,0,0,0,1,0,0,2021,0,0,0,0,0,0,0,,0.0,40.0,0.0,0.0,0.0,0,1,1,1,1,0
NER,2005,20,5,2,4.0,0,0,0,0,0,0,0,0,1,0,0,0,2021,0,0,0,0,0,0,0,,0.0,2.0,0.0,0.0,0.0,0,1,0,0,0,0
NER,2007,20,7,2,4.0,0,0,0,0,0,0,0,0,0,0,0,0,2021,0,0,0,0,0,0,0,,0.0,3.0,0.0,0.0,0.0,0,1,1,0,0,0
NER,2008,20,8,2,2.0,1,0,0,1,1,0,0,1,0,0,0,0,2021,0,0,0,0,0,0,0,,0.0,8.0,0.0,0.0,0.0,1,0,0,0,0,0
NER,2009,20,9,2,2.0,0,0,0,0,0,0,0,0,0,0,0,0,2021,0,0,0,0,0,0,1,,20.0,70.0,0.0,0.0,0.0,0,1,1,0,0,0
NER,2010,20,10,2,2.0,0,0,0,0,0,0,0,0,0,0,0,0,2021,0,0,0,0,0,0,0,,0.0,35.0,0.0,0.0,0.0,0,1,1,0,0,0
NER,2012,20,12,2,2.0,0,0,0,1,1,0,0,0,0,0,0,0,2021,0,0,0,0,0,0,0,,7.0,50.0,0.0,0.0,0.0,0,1,1,0,0,0
NER,2019,20,19,2,4.0,1,0,0,0,0,0,0,0,0,0,0,0,2021,0,0,0,0,0,0,0,,0.0,10.0,0.0,0.0,0.0,0,1,0,0,0,0
NER,2023,20,23,2,2.0,0,0,0,0,0,0,0,0,0,0,0,0,2021,0,0,0,0,0,0,0,,40.0,35.0,0.0,0.0,0.0,0,1,0,0,0,0
NER,2102,21,2,1,4.0,1,0,1,0,0,0,0,0,0,0,0,0,2021,0,0,0,0,0,0,0,,0.0,1.0,0.0,0.0,3.0,0,1,0,0,0,0
NER,2103,21,3,1,1.0,1,0,0,1,1,0,0,0,0,0,0,0,2021,0,0,0,0,0,0,0,,,,,,,0,0,0,0,0,0
NER,2104,21,4,1,1.0,0,0,0,0,0,0,0,0,0,0,0,0,2021,0,0,0,0,0,0,0,,0.0,0.0,0.0,0.0,10.0,0,0,0,1,0,0
NER,2105,21,5,1,1.0,0,0,1,1,1,0,0,0,0,0,0,0,2021,0,0,0,0,0,0,0,,0.0,1.0,0.0,0.0,0.0,1,0,0,0,0,0
NER,2106,21,6,1,1.0,1,0,0,1,1,0,0,0,0,0,0,0,2021,0,0,0,0,0,0,0,,5.0,9.0,0.0,0.0,3.0,0,0,0,0,0,0
NER,2107,21,7,1,2.0,0,0,0,1,1,0,0,0,0,0,0,0,2021,0,0,0,0,0,0,0,,,,,,,0,0,0,0,0,0
NER,2108,21,8,1,4.0,1,0,1,1,1,0,0,0,0,0,0,0,2021,0,0,0,0,0,0,0,,,,,,,0,0,0,0,0,0
NER,2109,21,9,1,1.0,1,0,0,1,1,0,0,0,0,0,0,0,2021,0,0,0,0,0,0,0,,,,,,,1,0,0,0,0,0
NER,2110,21,10,1,1.0,0,0,0,1,1,0,0,0,0,0,0,0,2021,0,0,0,0,0,0,0,,,,,,,0,0,0,0,0,0
NER,2111,21,11,1,4.0,1,0,1,1,1,0,0,0,0,0,0,0,2021,0,0,0,0,0,0,0,,0.0,8.0,0.0,0.0,0.0,0,0,0,0,0,0
NER,2112,21,12,1,3.0,0,0,0,1,1,0,0,0,0,0,0,0,2021,0,0,0,0,0,0,0,,,,,,,1,0,0,0,0,0
NER,2117,21,17,1,2.0,0,0,0,1,1,0,0,0,0,0,0,0,2021,0,0,0,0,0,0,0,,0.0,5.0,0.0,0.0,0.0,0,0,0,0,0,0
NER,2201,22,1,1,1.0,0,0,0,0,0,0,0,0,0,0,0,0,2021,0,0,0,0,0,0,0,,0.0,20.0,0.0,0.0,0.0,1,1,0,1,0,0
NER,2202,22,2,1,2.0,1,0,0,0,0,0,0,0,0,0,0,0,2021,0,0,0,0,0,0,0,,4.0,28.0,0.0,0.0,0.0,0,0,0,0,0,0
NER,2204,22,4,1,4.0,0,0,0,0,0,0,0,0,0,0,0,0,2021,0,0,0,0,0,0,0,,2.0,3.0,0.0,0.0,0.0,0,0,0,1,0,0
NER,2205,22,5,1,4.0,1,0,0,0,0,0,0,0,0,0,0,0,2021,0,0,0,0,0,0,0,,6.0,15.0,0.0,0.0,0.0,1,1,0,0,0,0
NER,2206,22,6,1,2.0,1,0,0,0,0,0,0,0,0,0,0,0,2021,0,0,0,0,0,0,0,,0.0,13.0,0.0,0.0,0.0,0,0,0,0,0,0
NER,2207,22,7,1,2.0,0,0,0,0,0,0,0,0,0,0,0,0,2021,0,0,0,0,0,0,0,,8.0,10.0,0.0,0.0,0.0,0,1,0,0,0,0
NER,2208,22,8,1,4.0,0,0,0,0,0,0,0,0,0,0,0,0,2021,0,0,0,0,0,0,0,,1.0,10.0,0.0,0.0,0.0,1,0,0,0,0,0
NER,2209,22,9,1,2.0,0,0,0,0,0,0,0,0,0,0,0,0,2021,0,0,0,0,0,0,0,,13.0,15.0,0.0,0.0,0.0,0,0,0,0,0,0
NER,2210,22,10,1,2.0,0,0,0,0,0,0,0,0,0,0,0,0,2021,0,0,0,0,0,0,0,,6.0,14.0,0.0,0.0,3.0,0,0,0,0,0,1
NER,2211,22,11,1,4.0,0,0,0,0,0,0,0,0,0,0,0,0,2021,0,0,0,0,0,0,0,,2.0,10.0,0.0,0.0,0.0,1,1,0,0,0,0
NER,2212,22,12,1,2.0,1,0,0,0,0,0,0,0,0,0,0,0,2021,0,0,0,0,0,0,0,,0.0,5.0,0.0,0.0,0.0,0,0,0,0,0,0
NER,2213,22,13,1,2.0,0,0,0,0,0,0,0,0,0,0,0,0,2021,0,0,0,0,0,0,0,,3.0,10.0,0.0,0.0,4.0,0,0,0,0,0,0
NER,2301,23,1,1,4.0,1,0,1,0,0,1,1,0,1,0,0,0,2021,0,0,0,1,0,1,0,,0.0,1.0,0.0,0.0,0.0,1,1,0,0,0,0
NER,2302,23,2,1,1.0,1,0,0,1,1,0,0,0,0,0,0,0,2021,0,0,0,0,0,0,0,,0.0,8.0,0.0,0.0,0.0,0,0,0,0,0,0
NER,2303,23,3,1,2.0,1,0,0,1,0,0,1,0,0,0,0,0,2021,1,0,0,0,0,0,0,,,,,,,0,0,1,0,0,0
NER,2304,23,4,1,4.0,1,0,1,1,1,0,0,0,0,0,0,0,2021,0,0,0,0,0,0,0,,,,,,,1,1,0,0,0,0
NER,2305,23,5,1,1.0,1,0,0,1,1,0,0,0,0,0,0,0,2021,0,0,0,0,0,0,0,,5.0,0.0,0.0,0.0,0.0,0,0,0,0,0,0
NER,2307,23,7,1,4.0,1,0,1,0,0,0,0,0,0,0,0,0,2021,0,0,0,0,0,0,0,,0.0,2.0,0.0,0.0,0.0,1,0,0,0,0,0
NER,2308,23,8,1,1.0,1,0,0,1,1,0,0,0,0,0,0,0,2021,0,0,0,0,0,0,0,,,,,,,0,0,0,0,0,0
NER,2309,23,9,1,1.0,0,0,1,1,1,1,1,0,0,0,0,0,2021,0,0,0,0,0,0,0,,0.0,20.0,0.0,0.0,13.0,1,0,0,1,0,0
NER,2310,23,10,1,4.0,1,0,1,0,0,0,0,0,0,0,0,0,2021,0,0,0,0,0,0,0,,0.0,2.0,0.0,0.0,0.0,1,1,0,0,0,0
NER,2311,23,11,1,1.0,1,0,0,1,1,0,0,0,0,0,0,0,2021,0,0,0,0,0,0,0,,,,,,,0,0,0,0,0,0
NER,2312,23,12,1,2.0,0,0,0,1,1,0,1,0,0,0,0,0,2021,0,0,0,0,0,0,0,,0.0,4.0,0.0,0.0,0.0,0,1,0,1,0,0
NER,2328,23,28,1,2.0,1,0,0,1,1,0,1,0,0,0,0,0,2021,1,0,0,0,0,0,0,,0.0,1.0,0.0,0.0,0.0,0,1,0,0,0,0
NER,2401,24,1,2,2.0,1,0,0,1,1,0,0,0,0,0,0,0,2021,0,0,0,0,0,0,0,,0.0,80.0,0.0,0.0,0.0,0,1,1,1,0,0
NER,2402,24,2,2,2.0,1,0,0,1,1,0,0,0,0,0,0,0,2021,0,0,0,0,0,0,0,,10.0,11.0,0.0,0.0,0.0,0,1,1,0,0,0
NER,2403,24,3,2,2.0,0,0,0,0,0,0,0,0,0,0,0,0,2021,0,0,0,0,0,0,0,,3.0,25.0,0.0,0.0,0.0,0,1,1,0,0,0
NER,2404,24,4,2,2.0,0,0,0,0,0,0,0,0,0,1,0,0,2021,0,0,0,0,0,0,1,,0.0,100.0,0.0,0.0,0.0,0,1,1,0,0,0
NER,2405,24,5,2,2.0,0,0,0,1,1,0,0,0,0,0,0,0,2021,0,0,0,0,0,0,0,,0.0,40.0,0.0,0.0,0.0,1,1,0,0,0,0
NER,2406,24,6,2,2.0,1,0,0,1,1,0,0,1,0,0,0,0,2021,0,0,0,0,0,0,0,,5.0,30.0,0.0,0.0,0.0,0,1,1,0,0,0
NER,2407,24,7,2,2.0,0,0,0,0,0,0,0,0,0,0,0,0,2021,0,0,0,0,0,0,0,,0.0,40.0,0.0,0.0,0.0,0,1,0,0,0,0
NER,2408,24,8,2,4.0,0,0,0,0,0,0,0,0,0,0,0,0,2021,0,0,0,0,0,0,0,,0.0,20.0,0.0,0.0,0.0,1,0,0,0,0,0
NER,2410,24,10,2,2.0,1,0,0,1,1,0,0,0,0,0,0,0,2021,0,0,0,0,0,0,0,,17.0,40.0,0.0,0.0,0.0,0,1,1,0,0,0
NER,2411,24,11,2,2.0,0,0,0,0,0,0,0,0,0,0,0,0,2021,0,0,0,0,0,0,0,,10.0,30.0,0.0,0.0,0.0,0,1,1,0,0,0
NER,2412,24,12,2,4.0,1,0,0,1,1,0,0,0,1,0,0,0,2021,0,0,0,0,0,0,0,,0.0,8.0,0.0,0.0,0.0,0,1,0,0,0,0
NER,2417,24,17,2,2.0,0,0,0,1,1,0,0,0,0,0,0,0,2021,0,0,0,0,0,0,0,,0.0,25.0,0.0,0.0,0.0,0,1,1,0,0,0
NER,2502,25,2,1,1.0,1,0,1,1,1,1,1,0,1,1,1,0,2021,1,0,1,1,0,0,0,,0.0,3.0,0.0,0.0,0.0,0,0,0,0,0,0
NER,2504,25,4,1,1.0,1,0,1,1,1,0,0,0,1,1,1,0,2021,0,0,0,0,0,0,0,,0.0,3.0,0.0,0.0,0.0,0,0,0,0,0,0
NER,2505,25,5,1,4.0,1,0,0,1,1,0,0,0,0,1,1,0,2021,0,0,0,0,0,0,0,,0.0,3.0,0.0,0.0,0.0,0,0,0,0,0,0
NER,2506,25,6,1,1.0,1,1,1,0,0,0,1,0,0,1,1,0,2021,1,0,0,0,1,0,1,,0.0,6.0,0.0,0.0,0.0,0,0,0,0,0,0
NER,2507,25,7,1,1.0,1,1,1,1,1,1,1,0,1,1,1,0,2021,0,0,1,0,0,0,0,,,,,,,0,0,0,0,0,0
NER,2508,25,8,1,1.0,1,0,1,1,1,1,1,0,1,1,1,0,2021,0,0,0,0,0,0,0,,,,,,,0,0,0,1,0,0
NER,2510,25,10,1,1.0,1,0,1,1,1,1,1,0,1,1,1,0,2021,1,0,0,0,0,0,0,,,,,,,0,0,0,0,0,0
NER,2512,25,12,1,4.0,1,0,1,1,1,1,1,0,1,1,0,0,2021,1,0,1,1,0,1,0,,,,,,,0,0,0,0,0,0
NER,2513,25,13,1,1.0,1,0,0,1,1,0,0,0,1,1,1,0,2021,0,0,0,0,0,0,0,,0.0,8.0,0.0,0.0,0.0,0,0,0,0,0,0
NER,2514,25,14,1,1.0,1,0,0,1,1,0,0,0,0,0,1,0,2021,0,0,0,0,0,0,0,,,,,,,0,0,0,0,0,0
NER,2515,25,15,1,3.0,1,0,1,1,1,0,0,1,1,1,0,0,2021,0,0,0,0,0,0,0,,,,,,,0,0,0,0,0,0
NER,2516,25,16,1,1.0,1,0,1,1,1,1,1,0,1,1,1,0,2021,1,0,0,0,0,1,0,,0.0,2.0,0.0,0.0,0.0,0,0,0,0,0,0
NER,2603,26,3,2,1.0,1,1,1,1,1,1,1,0,1,1,0,0,2021,1,0,1,0,0,1,0,,0.0,2.0,0.0,0.0,0.0,0,0,1,0,0,0
NER,2607,26,7,2,1.0,1,0,0,1,1,0,0,0,1,1,0,0,2021,0,0,0,0,0,0,0,,0.0,2.0,0.0,0.0,0.0,0,0,1,1,0,0
NER,2608,26,8,2,4.0,1,0,1,1,1,0,0,0,1,0,0,0,2021,0,0,0,0,0,0,0,,0.0,5.0,0.0,0.0,0.0,0,0,1,0,0,0
NER,2609,26,9,2,4.0,1,0,0,0,0,0,1,0,0,0,1,0,2021,0,0,0,0,0,0,0,,,,,,,0,0,1,0,0,0
NER,2610,26,10,2,3.0,1,0,0,1,1,0,0,0,0,0,1,0,2021,0,0,0,0,0,0,0,,,,,,,0,0,1,0,0,0
NER,2613,26,13,2,3.0,1,1,1,1,1,1,1,0,1,0,1,0,2021,1,1,1,1,0,1,0,,,,,,,0,0,1,0,0,0
NER,2616,26,16,2,3.0,1,0,1,1,1,1,1,0,1,0,1,0,2021,0,0,0,0,0,0,0,,,,,,,0,0,1,1,0,0
NER,2618,26,18,2,3.0,1,0,1,1,1,0,0,1,1,0,1,0,2021,0,0,0,0,0,0,0,,,,,,,0,0,1,0,0,0
NER,2619,26,19,2,1.0,1,0,0,0,0,0,0,0,0,0,1,0,2021,0,0,0,0,0,0,0,,,,,,,0,0,1,0,0,0
NER,2624,26,24,2,1.0,1,0,1,1,1,0,1,0,1,0,1,0,2021,1,0,0,0,0,1,0,,0.0,5.0,0.0,0.0,0.0,0,1,0,0,0,0
NER,2626,26,26,2,1.0,1,0,0,1,1,0,0,1,1,1,1,0,2021,1,0,0,0,0,1,0,,0.0,2.0,0.0,0.0,0.0,0,0,1,0,0,0
NER,2627,26,27,2,1.0,1,0,0,1,1,0,0,0,1,1,0,0,2021,0,0,0,0,0,0,0,,0.0,12.0,0.0,0.0,0.0,1,1,0,1,0,0
NER,2701,27,1,1,1.0,1,0,1,0,0,0,0,1,0,1,0,0,2021,0,0,0,0,0,0,0,,4.0,0.0,0.0,0.0,0.0,0,0,0,0,0,0
NER,2704,27,4,1,1.0,1,0,1,1,1,1,1,0,0,0,0,0,2021,0,0,0,0,0,0,0,,,,,,,0,0,0,0,0,0
NER,2705,27,5,1,1.0,1,0,0,0,0,0,0,0,0,1,0,0,2021,0,0,0,0,0,0,0,,0.0,7.0,0.0,0.0,0.0,0,0,0,0,0,0
NER,2707,27,7,1,1.0,1,0,1,1,1,0,0,0,0,0,0,0,2021,0,0,0,0,0,0,0,,,,,,,0,0,0,0,0,0
NER,2710,27,10,1,1.0,1,0,1,0,0,0,0,0,0,0,0,0,2021,0,0,0,0,0,0,0,,,,,,,0,0,0,0,0,0
NER,2711,27,11,1,4.0,1,0,1,0,0,0,0,0,0,1,0,0,2021,0,0,0,0,0,0,0,,,,,,,0,0,0,0,0,0
NER,2715,27,15,1,1.0,1,0,1,1,1,1,1,0,0,0,0,0,2021,1,0,0,0,0,1,0,,,,,,,0,0,0,0,0,0
NER,2719,27,19,1,4.0,1,0,0,1,1,0,0,0,0,1,0,0,2021,0,0,0,0,0,0,0,,,,,,,0,0,0,0,0,0
NER,2722,27,22,1,3.0,1,1,1,0,0,0,0,0,1,1,0,0,2021,0,0,0,0,0,0,0,,,,,,,0,0,0,0,0,0
NER,2723,27,23,1,4.0,1,0,0,0,0,0,0,1,1,1,0,0,2021,0,0,0,0,0,0,0,,,,,,,0,0,0,0,0,0
NER,2727,27,27,1,3.0,1,0,0,1,1,0,0,0,0,1,0,0,2021,0,0,0,0,0,0,0,,,,,,,0,0,0,0,0,0
NER,2728,27,28,1,1.0,1,0,1,0,0,0,0,0,0,0,0,0,2021,0,0,0,0,0,0,0,,0.0,4.0,0.0,0.0,0.0,0,0,0,0,0,0
NER,2801,28,1,2,1.0,1,0,0,1,1,1,1,0,1,1,1,0,2021,1,0,1,1,0,1,0,,,,,,,0,0,1,0,0,0
NER,2804,28,4,2,1.0,1,1,1,1,1,1,1,0,1,1,1,0,2021,0,0,1,0,0,1,0,,,,,,,0,0,1,0,0,0
NER,2805,28,5,2,1.0,1,1,1,1,1,1,1,0,1,1,0,1,2021,0,0,1,0,0,0,0,,,,,,,1,1,1,1,0,0
NER,2806,28,6,2,4.0,1,0,1,1,1,0,1,0,1,0,0,0,2021,1,0,0,0,0,0,0,,,,,,,0,0,0,0,0,0
NER,2807,28,7,2,1.0,1,0,0,1,1,1,1,0,1,0,1,0,2021,0,0,0,0,0,0,0,,,,,,,0,1,0,0,0,0
NER,2808,28,8,2,1.0,1,1,1,1,1,1,1,0,1,0,1,0,2021,1,0,1,0,0,1,1,,0.0,2.0,0.0,0.0,0.0,1,0,0,0,0,0
NER,2809,28,9,2,4.0,1,0,0,0,0,1,1,0,1,0,0,0,2021,0,0,0,0,0,0,0,,,,,,,0,0,0,0,0,0
NER,2810,28,10,2,4.0,1,0,0,1,1,0,1,0,1,0,1,0,2021,1,0,0,0,0,1,0,,,,,,,0,0,1,0,0,0
NER,2812,28,12,2,1.0,1,1,1,1,1,0,1,0,1,0,1,0,2021,0,0,0,0,0,0,0,,0.0,5.0,0.0,0.0,0.0,0,1,0,0,0,0
NER,2814,28,14,2,4.0,1,0,0,1,1,0,1,0,1,0,1,0,2021,0,0,0,0,0,0,0,,,,,,,1,0,0,0,0,0
NER,2825,28,25,2,4.0,1,0,1,1,1,0,1,0,1,0,1,0,2021,1,0,0,0,0,1,0,,,,,,,0,0,0,1,0,0
NER,2828,28,28,2,3.0,1,1,1,1,1,1,1,0,1,0,1,0,2021,1,0,1,0,0,1,0,,,,,,,0,0,0,0,0,0
NER,2902,29,2,1,3.0,1,0,0,0,0,0,0,0,0,0,0,0,2021,0,0,0,0,0,0,0,,,,,,,0,0,0,0,0,0
NER,2903,29,3,1,4.0,1,0,0,1,1,0,0,0,0,1,0,0,2021,0,0,0,0,0,0,0,,,,,,,0,0,0,0,0,0
NER,2905,29,5,1,1.0,1,0,1,0,0,1,1,0,0,1,0,0,2021,0,0,0,0,0,0,0,,,,,,,0,0,0,0,0,0
NER,2906,29,6,1,4.0,1,0,0,0,0,1,1,0,0,1,1,0,2021,1,0,0,0,0,0,0,,0.0,20.0,0.0,0.0,0.0,0,0,0,0,0,0
NER,2907,29,7,1,3.0,1,0,1,1,1,0,0,0,0,0,0,0,2021,0,0,0,0,0,0,0,,0.0,1.0,0.0,0.0,0.0,0,0,0,0,0,0
NER,2908,29,8,1,1.0,1,0,1,1,1,1,1,0,0,1,0,0,2021,0,0,0,0,0,0,0,,,,,,,0,0,0,0,0,0
NER,2909,29,9,1,1.0,1,0,1,0,0,1,1,0,1,1,0,0,2021,0,0,0,1,0,1,0,,,,,,,0,0,0,0,0,0
NER,2912,29,12,1,1.0,1,1,1,0,0,0,1,0,0,1,0,0,2021,0,0,0,0,0,0,0,,0.0,2.0,0.0,0.0,0.0,0,0,0,0,0,0
NER,2919,29,19,1,3.0,1,0,1,0,0,1,1,0,0,0,0,0,2021,0,0,0,0,0,0,0,,,,,,,0,0,0,0,0,0
NER,2920,29,20,1,1.0,1,0,1,1,1,1,1,0,0,0,0,0,2021,0,0,0,0,0,0,0,,,,,,,0,0,0,0,0,0
NER,2923,29,23,1,1.0,1,0,1,0,0,1,1,0,0,0,0,0,2021,0,0,0,0,0,0,0,,,,,,,0,0,0,0,0,0
NER,2927,29,27,1,1.0,1,0,0,1,1,0,0,0,0,0,0,0,2021,0,0,0,0,0,0,0,,,,,,,0,0,0,0,0,0
NER,3001,30,1,2,4.0,1,0,1,1,1,1,1,0,1,1,1,0,2021,1,0,0,0,0,0,0,,,,,,,0,0,1,0,0,0
NER,3003,30,3,2,1.0,1,0,0,1,1,0,0,0,1,1,0,0,2021,0,0,0,0,0,0,0,,,,,,,1,0,0,1,0,0
NER,3007,30,7,2,4.0,0,0,0,0,0,0,0,0,0,0,0,0,2021,0,0,0,0,0,0,0,,,,,,,1,0,0,0,0,0
NER,3008,30,8,2,4.0,0,0,0,0,0,0,0,0,0,0,0,0,2021,0,0,0,0,0,0,0,,0.0,5.0,0.0,0.0,0.0,1,0,0,0,0,0
NER,3011,30,11,2,1.0,1,0,1,1,1,1,1,0,1,0,1,0,2021,1,0,0,1,0,1,0,,,,,,,0,0,0,0,0,0
NER,3020,30,20,2,4.0,1,0,1,1,1,0,1,0,0,0,0,0,2021,1,0,1,0,0,0,0,,,,,,,1,0,0,1,0,0
NER,3022,30,22,2,1.0,1,0,0,1,1,1,1,0,1,1,1,0,2021,1,0,1,0,0,1,0,,0.0,5.0,0.0,0.0,0.0,0,1,1,1,0,0
NER,3025,30,25,2,4.0,1,0,0,1,1,0,1,0,1,0,1,0,2021,0,0,0,0,0,0,0,,,,,,,0,0,1,1,0,0
NER,3026,30,26,2,4.0,0,0,0,1,1,0,0,0,1,0,0,0,2021,0,0,0,0,0,0,0,,,,,,,0,1,0,0,0,0
NER,3027,30,27,2,4.0,0,0,0,1,1,0,0,0,1,0,0,0,2021,0,0,0,0,0,0,0,,,,,,,0,0,0,0,0,0
NER,3028,30,28,2,1.0,1,1,1,1,1,1,1,0,0,0,0,0,2021,1,0,1,0,0,1,0,,,,,,,1,0,0,0,0,0
NER,3103,31,3,1,1.0,1,0,1,1,1,1,1,0,0,1,0,0,2021,0,0,0,0,0,0,0,,,,,,,0,0,0,0,0,0
NER,3105,31,5,1,4.0,1,0,0,1,1,0,0,0,1,1,0,0,2021,0,0,0,0,0,0,0,,,,,,,1,0,0,0,0,0
NER,3107,31,7,1,1.0,1,0,1,1,1,1,1,0,0,1,0,0,2021,1,0,0,0,0,0,1,,0.0,4.0,0.0,0.0,0.0,0,0,0,0,0,0
NER,3108,31,8,1,4.0,1,0,0,1,1,1,1,0,1,1,0,0,2021,0,0,0,0,0,0,0,,,,,,,0,0,0,0,0,0
NER,3109,31,9,1,1.0,1,0,1,1,1,1,1,0,0,1,0,0,2021,1,0,1,0,0,1,0,,,,,,,1,0,0,0,0,0
NER,3110,31,10,1,4.0,1,0,1,1,1,1,1,0,0,1,0,0,2021,0,0,0,0,0,0,0,,,,,,,0,0,0,0,0,0
NER,3111,31,11,1,1.0,1,0,0,1,1,0,0,0,1,1,0,0,2021,0,0,0,0,0,0,0,,0.0,15.0,0.0,0.0,0.0,0,0,0,0,0,0
NER,3112,31,12,1,1.0,1,0,1,1,1,1,1,0,0,0,0,0,2021,1,0,0,0,0,0,0,,0.0,4.0,0.0,0.0,0.0,0,0,0,0,0,0
NER,3113,31,13,1,1.0,1,0,1,1,1,1,1,0,0,1,0,0,2021,0,0,0,0,0,0,0,,0.0,6.0,0.0,0.0,0.0,0,0,0,0,0,0
NER,3116,31,16,1,4.0,1,0,1,1,1,1,1,0,1,1,1,0,2021,1,0,1,0,0,1,0,,,,,,,0,0,0,0,0,0
NER,3121,31,21,1,4.0,1,0,1,1,1,0,0,0,0,0,0,0,2021,0,0,0,0,0,0,0,,,,,,,0,0,0,0,0,0
NER,3122,31,22,1,1.0,1,0,1,1,1,1,1,0,0,1,0,0,2021,0,0,0,0,0,0,0,,,,,,,1,0,0,0,0,0
NER,3201,32,1,2,3.0,1,1,1,1,1,1,1,0,1,1,0,0,2021,1,1,1,0,1,0,1,,,,,,,0,0,1,1,0,0
NER,3203,32,3,2,1.0,1,0,0,1,1,1,1,0,1,1,1,0,2021,1,0,0,0,0,0,0,,0.0,13.0,0.0,0.0,0.0,0,0,1,0,0,0
NER,3204,32,4,2,4.0,0,0,0,1,1,0,0,0,1,0,1,0,2021,0,0,0,0,0,0,0,,,,,,,0,1,1,0,0,0
NER,3207,32,7,2,4.0,1,1,1,1,1,1,1,0,1,0,1,0,2021,1,1,1,0,0,1,1,,,,,,,0,0,0,0,0,0
NER,3211,32,11,2,1.0,1,1,1,1,1,1,1,0,1,1,1,0,2021,1,0,1,1,1,1,1,,,,,,,0,0,0,0,0,0
NER,3216,32,16,2,4.0,1,1,1,1,1,1,1,0,0,1,1,0,2021,1,0,0,0,0,1,0,,,,,,,1,0,0,0,0,0
NER,3217,32,17,2,3.0,1,1,1,1,1,1,1,0,1,1,1,0,2021,1,1,0,1,1,1,0,,,,,,,0,0,0,0,0,0
NER,3218,32,18,2,4.0,1,1,1,1,1,1,1,0,1,0,1,0,2021,1,0,1,0,0,1,0,,,,,,,1,0,0,0,0,0
NER,3224,32,24,2,4.0,1,1,1,1,1,1,1,0,0,1,1,0,2021,1,0,1,1,0,1,1,,,,,,,1,0,0,0,0,0
NER,3225,32,25,2,4.0,0,0,0,1,1,0,0,0,1,0,0,0,2021,0,0,0,0,0,0,0,,,,,,,1,1,1,0,0,0
NER,3226,32,26,2,4.0,0,0,0,1,1,0,0,0,0,0,0,0,2021,0,0,0,0,0,0,0,,,,,,,0,0,1,0,0,0
NER,3228,32,28,2,3.0,1,1,1,1,1,1,1,0,1,1,1,0,2021,1,1,1,0,1,1,0,,,,,,,0,0,0,0,0,0
NER,3301,33,1,1,4.0,1,0,1,1,1,1,1,0,0,1,0,0,2021,1,0,0,0,0,0,0,,,,,,,0,0,0,0,0,0
NER,3303,33,3,1,1.0,1,0,1,1,1,1,1,0,0,0,0,0,2021,1,0,0,0,0,1,0,,,,,,,0,0,0,0,0,0
NER,3305,33,5,1,4.0,1,0,0,0,0,0,1,0,1,1,0,0,2021,1,0,0,0,0,0,0,,,,,,,0,0,0,0,0,0
NER,3306,33,6,1,3.0,1,0,1,1,1,0,0,0,0,0,0,0,2021,0,0,0,0,0,0,0,,,,,,,0,0,0,0,0,0
NER,3307,33,7,1,3.0,1,0,1,1,1,1,1,0,0,1,0,0,2021,1,0,1,0,0,0,0,,,,,,,0,0,0,0,0,0
NER,3308,33,8,1,4.0,1,0,1,1,1,1,1,0,1,1,0,0,2021,0,0,0,0,0,1,0,,,,,,,0,0,0,0,0,0
NER,3309,33,9,1,1.0,1,0,1,1,1,1,1,0,0,0,0,0,2021,1,0,0,0,0,0,0,,0.0,2.0,0.0,0.0,0.0,0,0,0,0,0,0
NER,3310,33,10,1,3.0,1,0,1,1,1,1,1,0,0,1,0,0,2021,1,0,0,0,0,0,0,,,,,,,1,0,0,0,0,0
NER,3311,33,11,1,1.0,1,0,1,1,1,0,1,0,1,1,0,0,2021,1,0,0,0,0,1,0,,0.0,5.0,0.0,0.0,0.0,0,0,0,0,0,0
NER,3312,33,12,1,1.0,1,0,1,1,1,1,1,0,0,1,0,0,2021,0,0,0,0,0,0,0,,,,,,,0,0,0,0,0,0
NER,3320,33,20,1,3.0,1,0,1,1,1,0,0,0,1,1,0,0,2021,1,0,0,0,0,1,0,,,,,,,0,0,0,0,0,0
NER,3323,33,23,1,4.0,1,1,1,1,1,1,1,0,0,1,0,0,2021,1,0,0,0,0,0,1,,,,,,,0,0,0,0,0,0
NER,3403,34,3,2,1.0,1,0,0,1,1,1,1,0,1,1,0,0,2021,1,0,0,0,0,0,0,,,,,,,1,1,1,0,0,0
NER,3404,34,4,2,3.0,1,0,0,1,1,1,1,0,1,1,0,0,2021,0,0,0,0,0,0,0,,,,,,,0,0,1,0,0,0
NER,3405,34,5,2,2.0,1,0,0,1,1,1,1,0,1,1,0,0,2021,0,0,0,0,0,0,0,,0.0,2.0,0.0,0.0,0.0,0,0,1,1,0,0
NER,3406,34,6,2,4.0,1,0,1,1,1,1,1,0,0,0,0,0,2021,1,0,0,0,0,0,0,,0.0,4.0,0.0,0.0,0.0,1,0,0,0,0,0
NER,3408,34,8,2,4.0,1,0,0,1,1,1,1,0,0,0,0,0,2021,0,0,0,0,0,0,0,,,,,,,1,0,0,0,0,0
NER,3410,34,10,2,1.0,1,0,0,1,1,0,1,0,1,0,0,0,2021,0,0,0,0,0,0,0,,,,,,,0,0,0,0,0,0
NER,3411,34,11,2,4.0,1,0,1,1,1,1,1,0,1,0,0,0,2021,0,0,0,0,0,0,0,,,,,,,1,0,0,0,0,0
NER,3412,34,12,2,4.0,1,0,1,1,1,1,1,0,1,0,0,0,2021,0,0,0,0,0,0,0,,,,,,,0,0,0,0,0,0
NER,3417,34,17,2,1.0,1,0,0,1,1,0,0,0,1,0,0,0,2021,0,0,0,0,0,0,0,,,,,,,0,1,0,0,0,0
NER,3423,34,23,2,4.0,1,0,1,1,1,1,1,0,0,0,0,0,2021,1,0,0,0,0,1,0,,,,,,,1,0,0,0,0,0
NER,3426,34,26,2,4.0,1,0,0,1,1,1,1,0,1,1,0,0,2021,1,0,0,0,0,0,0,,,,,,,1,1,1,0,0,0
NER,3427,34,27,2,4.0,1,0,1,1,1,1,1,0,0,0,0,0,2021,0,0,0,0,0,0,0,,0.0,2.0,0.0,0.0,0.0,0,0,1,0,0,0
NER,3501,35,1,1,4.0,1,0,0,1,1,1,1,0,0,0,0,0,2021,1,0,0,0,0,0,0,,0.0,12.0,0.0,0.0,0.0,0,0,0,0,0,0
NER,3502,35,2,1,4.0,0,0,0,1,1,0,0,0,1,0,0,0,2021,0,0,0,0,0,0,0,,0.0,4.0,0.0,0.0,0.0,0,0,0,0,0,0
NER,3503,35,3,1,1.0,1,0,1,1,1,1,1,0,0,0,0,0,2021,0,0,0,0,0,0,0,,,,,,,0,0,0,0,0,0
NER,3504,35,4,1,1.0,1,0,1,1,1,1,1,0,0,1,0,0,2021,1,0,0,0,0,0,0,,,,,,,0,0,0,1,0,0
NER,3506,35,6,1,1.0,1,0,1,1,1,1,1,0,1,0,0,0,2021,1,0,0,0,0,0,0,,,,,,,0,0,0,0,0,0
NER,3507,35,7,1,4.0,0,0,0,1,1,0,0,0,0,0,0,0,2021,0,0,0,0,0,0,0,,,,,,,0,0,0,0,0,0
NER,3509,35,9,1,1.0,1,0,1,0,0,0,0,0,0,0,0,0,2021,0,0,0,0,0,0,0,,,,,,,0,0,0,0,0,0
NER,3510,35,10,1,4.0,1,0,1,1,1,1,1,0,0,1,0,0,2021,1,0,1,0,0,0,0,,0.0,5.0,0.0,0.0,0.0,0,0,0,0,0,0
NER,3511,35,11,1,4.0,1,0,0,1,1,1,1,0,1,1,0,0,2021,1,0,0,0,0,0,0,,0.0,10.0,0.0,0.0,0.0,0,0,0,0,0,0
NER,3512,35,12,1,3.0,1,0,1,1,1,1,1,0,0,0,0,0,2021,0,0,0,0,0,0,0,,,,,,,0,0,0,0,0,0
NER,3523,35,23,1,4.0,1,0,1,1,1,0,1,0,1,1,0,0,2021,0,0,0,0,0,0,0,,,,,,,0,0,0,0,0,0
NER,3528,35,28,1,4.0,1,0,1,1,1,0,0,1,1,1,0,0,2021,0,0,0,0,0,0,0,,0.0,6.0,0.0,0.0,0.0,0,0,0,0,0,0
NER,3601,36,1,2,2.0,0,0,0,0,0,0,0,1,0,0,0,0,2021,0,0,0,0,0,0,0,,0.0,30.0,0.0,0.0,0.0,0,1,1,1,0,0
NER,3602,36,2,2,2.0,0,0,0,0,0,0,0,0,0,0,0,0,2021,0,0,0,0,0,0,0,,0.0,17.0,0.0,0.0,0.0,1,0,1,0,0,0
NER,3604,36,4,2,2.0,0,0,0,0,0,0,0,0,0,0,0,0,2021,0,0,0,0,0,0,0,,0.0,10.0,0.0,0.0,0.0,0,0,0,0,0,0
NER,3605,36,5,2,2.0,0,0,0,1,1,0,0,0,0,0,0,0,2021,0,0,0,0,0,0,0,,0.0,2.0,0.0,0.0,0.0,0,1,0,0,0,0
NER,3606,36,6,2,2.0,0,0,0,1,1,0,0,0,0,0,0,0,2021,0,0,0,0,0,0,0,,0.0,10.0,0.0,0.0,0.0,0,1,0,0,0,0
NER,3607,36,7,2,2.0,0,0,0,0,0,0,0,0,0,0,0,0,2021,0,0,0,0,0,0,0,,,,,,,0,1,0,0,0,0
NER,3608,36,8,2,2.0,0,0,0,0,0,0,0,0,0,0,0,0,2021,0,0,0,0,0,0,0,,0.0,10.0,0.0,0.0,0.0,0,1,0,0,0,0
NER,3610,36,10,2,2.0,0,0,0,1,1,0,0,0,0,0,0,0,2021,0,0,0,0,0,0,0,,0.0,12.0,0.0,0.0,3.0,0,0,0,0,0,0
NER,3612,36,12,2,2.0,1,0,0,0,0,0,0,0,0,0,0,0,2021,0,0,0,0,0,0,0,,0.0,10.0,0.0,0.0,0.0,0,1,0,0,0,0
NER,3617,36,17,2,2.0,0,0,0,0,0,0,0,0,0,0,0,0,2021,0,0,0,0,0,0,0,,0.0,10.0,0.0,0.0,7.0,0,1,0,0,0,0
NER,3621,36,21,2,2.0,1,0,0,0,0,0,0,0,0,0,0,0,2021,0,0,0,0,0,0,0,,0.0,13.0,0.0,0.0,0.0,0,1,0,0,0,0
NER,3625,36,25,2,2.0,0,0,0,0,0,0,0,0,0,0,0,0,2021,0,0,0,0,0,0,0,,0.0,20.0,0.0,0.0,0.0,0,1,1,1,0,0
NER,3701,37,1,1,2.0,0,0,0,0,0,0,0,0,0,0,0,0,2021,0,0,0,0,0,0,0,,1.0,17.0,0.0,0.0,2.0,0,0,0,0,0,0
NER,3702,37,2,1,2.0,0,0,0,0,0,0,0,0,0,0,0,0,2021,0,0,0,0,0,0,0,,1.0,8.0,0.0,0.0,0.0,0,1,0,0,0,0
NER,3704,37,4,1,2.0,0,0,0,0,0,0,0,0,0,0,0,0,2021,0,0,0,0,0,0,0,,2.0,13.0,0.0,0.0,0.0,0,0,0,0,0,0
NER,3706,37,6,1,2.0,0,0,0,0,0,0,0,0,0,0,0,0,2021,0,0,0,0,0,0,0,,1.0,20.0,0.0,0.0,3.0,0,0,0,0,0,0
NER,3707,37,7,1,2.0,0,0,0,0,0,0,0,0,0,0,0,0,2021,0,0,0,0,0,0,0,,0.0,5.0,0.0,0.0,0.0,0,0,0,0,0,0
NER,3708,37,8,1,2.0,0,0,0,0,0,0,0,0,0,0,0,0,2021,0,0,0,0,0,0,0,,7.0,40.0,0.0,0.0,0.0,1,0,0,0,0,0
NER,3709,37,9,1,2.0,0,0,0,0,0,0,0,0,0,0,0,0,2021,0,0,0,0,0,0,0,,0.0,3.0,0.0,0.0,0.0,0,1,0,1,0,0
NER,3710,37,10,1,2.0,0,0,0,0,0,0,0,0,0,0,0,0,2021,0,0,0,0,0,0,0,,1.0,10.0,0.0,0.0,0.0,0,0,1,0,0,0
NER,3711,37,11,1,2.0,0,0,0,0,0,0,0,0,0,0,0,0,2021,0,0,0,0,0,0,0,,1.0,13.0,0.0,0.0,0.0,0,0,0,0,0,0
NER,3713,37,13,1,2.0,0,0,0,0,0,0,0,0,0,0,0,0,2021,0,0,0,0,0,0,0,,1.0,25.0,0.0,0.0,0.0,0,1,0,0,0,0
NER,3714,37,14,1,2.0,0,0,0,0,0,0,0,0,0,0,0,0,2021,0,0,0,0,0,0,0,,4.0,60.0,0.0,0.0,0.0,0,0,1,0,0,0
NER,3718,37,18,1,2.0,0,0,0,0,0,0,0,0,0,0,0,0,2021,0,0,0,0,0,0,0,,0.0,50.0,0.0,0.0,0.0,0,1,0,0,0,0
NER,3801,38,1,2,2.0,0,0,0,1,1,0,0,0,0,0,0,0,2021,0,0,0,0,0,0,0,,,,,,,0,0,0,0,0,0
NER,3802,38,2,2,2.0,1,0,0,1,1,0,0,0,0,0,0,0,2021,0,0,0,0,0,0,0,,0.0,3.0,0.0,0.0,0.0,0,0,0,0,0,0
NER,3803,38,3,2,2.0,1,0,0,1,1,0,0,0,0,0,0,0,2021,0,0,0,0,0,0,0,,0.0,39.0,0.0,0.0,0.0,1,1,0,0,0,0
NER,3805,38,5,2,2.0,1,0,0,0,0,0,0,0,0,0,0,0,2021,1,0,0,0,0,0,1,,0.0,17.0,0.0,0.0,0.0,0,0,0,0,0,0
NER,3806,38,6,2,2.0,1,0,0,0,0,0,0,0,0,0,0,0,2021,0,0,0,0,0,0,0,,,,,,,1,0,0,1,0,0
NER,3807,38,7,2,2.0,0,0,0,0,0,0,0,0,0,0,0,0,2021,0,0,0,0,0,0,0,,0.0,45.0,0.0,0.0,0.0,1,0,0,0,0,0
NER,3808,38,8,2,2.0,1,0,0,1,1,0,0,0,0,0,0,0,2021,0,0,0,0,0,0,0,,0.0,8.0,0.0,0.0,0.0,1,0,0,0,0,0
NER,3809,38,9,2,2.0,1,0,0,1,0,0,0,0,0,0,0,0,2021,0,0,0,0,0,0,0,,0.0,12.0,0.0,0.0,0.0,1,0,1,0,0,0
NER,3810,38,10,2,2.0,0,0,0,1,1,0,0,0,0,0,0,0,2021,0,0,0,0,0,0,0,,,,,,,0,0,0,0,0,0
NER,3811,38,11,2,2.0,1,0,0,1,1,0,0,0,0,0,0,0,2021,0,0,0,0,0,0,0,,1.0,11.0,0.0,0.0,0.0,0,0,0,0,0,0
NER,3812,38,12,2,2.0,1,0,0,1,1,0,0,1,0,0,0,0,2021,0,0,0,0,0,0,0,,0.0,10.0,0.0,0.0,0.0,0,0,0,0,0,0
NER,3820,38,20,2,2.0,0,0,0,1,1,0,0,0,0,0,0,0,2021,0,0,0,0,0,0,0,,0.0,15.0,0.0,0.0,0.0,0,1,0,0,0,0
NER,3901,39,1,1,1.0,1,0,0,0,0,0,0,0,0,0,0,0,2021,0,0,0,0,0,0,0,,0.0,4.0,0.0,0.0,0.0,0,0,0,0,0,0
NER,3902,39,2,1,2.0,1,0,0,0,0,0,0,0,1,0,0,0,2021,0,0,0,0,0,0,0,,0.0,7.0,0.0,0.0,0.0,0,1,0,0,0,0
NER,3903,39,3,1,2.0,1,0,0,1,1,0,0,0,0,0,0,0,2021,0,0,0,0,0,0,0,,0.0,4.0,0.0,0.0,0.0,0,0,0,0,0,0
NER,3904,39,4,1,2.0,0,0,0,0,0,0,0,0,0,0,0,0,2021,0,0,0,0,0,0,0,,2.0,0.0,0.0,0.0,0.0,0,0,0,0,0,0
NER,3905,39,5,1,2.0,0,0,0,0,0,0,0,0,0,0,0,0,2021,0,0,0,0,0,0,0,,,,,,,0,0,0,0,0,0
NER,3906,39,6,1,2.0,0,0,0,1,1,0,0,0,0,0,0,0,2021,0,0,0,0,0,0,0,,0.0,3.0,0.0,0.0,0.0,0,0,0,0,0,0
NER,3907,39,7,1,2.0,0,0,0,0,0,0,0,0,0,0,0,0,2021,0,0,0,0,0,0,0,,0.0,3.0,0.0,0.0,8.0,1,0,0,0,0,0
NER,3908,39,8,1,2.0,0,0,0,1,1,0,0,0,0,0,0,0,2021,0,0,0,0,0,0,0,,,,,,,1,1,0,0,0,0
NER,3909,39,9,1,2.0,0,0,0,1,1,0,0,0,0,0,0,0,2021,0,0,0,0,0,0,0,,0.0,4.0,0.0,0.0,0.0,0,0,0,0,0,0
NER,3910,39,10,1,2.0,0,0,0,0,0,0,0,0,0,0,0,0,2021,0,0,0,0,0,0,0,,0.0,3.0,0.0,0.0,0.0,1,0,0,0,0,0
NER,3911,39,11,1,2.0,0,0,0,1,1,0,0,0,0,0,0,0,2021,0,0,0,0,0,0,0,,,,,,,0,0,0,0,0,0
NER,3912,39,12,1,2.0,1,0,1,1,1,0,0,0,0,0,0,0,2021,0,0,0,0,0,0,0,,0.0,3.0,0.0,0.0,2.0,0,0,0,1,0,0
NER,4001,40,1,2,2.0,1,0,0,0,0,0,0,0,0,0,0,0,2021,0,0,0,0,0,0,0,,0.0,10.0,0.0,0.0,0.0,0,0,0,0,0,0
NER,4002,40,2,2,2.0,1,0,0,1,1,0,0,0,0,0,0,0,2021,0,0,0,0,0,0,0,,2.0,25.0,0.0,0.0,0.0,1,0,0,0,0,0
NER,4003,40,3,2,2.0,1,0,0,1,1,0,0,0,0,0,0,0,2021,0,0,0,0,0,0,0,,5.0,20.0,0.0,0.0,0.0,0,0,0,0,0,0
NER,4004,40,4,2,2.0,1,0,0,1,1,0,0,0,0,0,0,0,2021,0,0,0,0,0,0,0,,,,,,,0,0,0,0,0,0
NER,4005,40,5,2,2.0,1,0,0,0,0,0,0,0,0,0,0,0,2021,0,0,0,0,0,0,0,,0.0,7.0,0.0,0.0,0.0,1,0,0,0,0,0
NER,4006,40,6,2,2.0,1,0,0,0,0,0,0,0,0,0,0,0,2021,0,0,0,0,0,0,0,,0.0,8.0,0.0,0.0,0.0,1,1,0,0,0,0
NER,4007,40,7,2,2.0,0,0,0,0,0,0,0,0,0,0,0,0,2021,0,0,0,0,0,0,0,,0.0,11.0,0.0,0.0,0.0,1,0,0,0,0,0
NER,4008,40,8,2,2.0,0,0,0,0,0,0,0,0,0,0,0,0,2021,0,0,0,0,0,0,0,,0.0,8.0,0.0,0.0,0.0,0,1,0,0,0,0
NER,4009,40,9,2,2.0,0,0,0,0,0,0,0,0,0,0,0,0,2021,0,0,0,0,0,0,0,,,,,,,0,1,0,0,0,0
NER,4010,40,10,2,2.0,0,0,0,0,0,0,0,0,0,0,0,0,2021,0,0,0,0,0,0,0,,,,,,,0,1,0,0,0,0
NER,4011,40,11,2,2.0,1,0,0,1,1,0,0,0,0,0,0,0,2021,0,0,0,0,0,0,0,,,,,,,1,0,1,1,0,0
NER,4012,40,12,2,2.0,0,0,0,1,1,0,0,0,0,0,0,0,2021,0,0,0,0,0,0,0,,,,,,,1,1,1,0,0,0
NER,4101,41,1,1,2.0,1,0,1,0,0,0,0,1,0,0,0,0,2021,1,0,0,0,0,0,0,,,,,,,0,0,0,0,0,0
NER,4102,41,2,1,2.0,1,0,0,1,1,0,0,0,1,0,0,0,2021,0,0,0,0,0,0,0,,,,,,,1,0,0,0,0,0
NER,4103,41,3,1,2.0,1,0,0,1,1,0,0,0,0,0,0,0,2021,0,0,0,0,0,0,0,,0.0,2.0,0.0,0.0,0.0,0,0,0,0,0,0
NER,4104,41,4,1,2.0,0,0,0,0,0,0,0,0,0,0,0,0,2021,0,0,0,0,0,0,0,,,,,,,0,0,0,0,0,0
NER,4105,41,5,1,2.0,1,0,0,1,1,0,0,0,0,0,0,0,2021,0,0,0,0,0,0,0,,0.0,13.0,0.0,0.0,0.0,0,1,0,0,0,0
NER,4106,41,6,1,2.0,0,0,0,0,0,0,0,0,0,0,0,0,2021,0,0,0,0,0,0,0,,0.0,8.0,0.0,0.0,0.0,0,0,1,0,0,0
NER,4107,41,7,1,2.0,1,1,1,0,0,0,0,0,0,0,0,0,2021,1,0,0,0,0,0,1,,0.0,8.0,0.0,0.0,0.0,0,0,0,0,0,0
NER,4108,41,8,1,2.0,1,0,0,1,1,0,0,1,0,0,0,0,2021,0,0,0,0,0,0,0,,,,,,,0,1,0,1,0,0
NER,4109,41,9,1,2.0,0,0,0,0,0,0,0,0,0,0,0,0,2021,0,0,0,0,0,0,0,,0.0,12.0,0.0,0.0,0.0,1,0,0,0,0,0
NER,4110,41,10,1,2.0,1,0,0,0,0,0,0,0,0,0,0,0,2021,0,0,0,0,0,0,0,,,,,,,0,0,0,0,0,0
NER,4111,41,11,1,2.0,1,0,0,1,1,0,0,0,0,0,0,0,2021,0,0,0,0,0,0,0,,0.0,24.0,0.0,0.0,0.0,1,0,0,1,0,0
NER,4112,41,12,1,2.0,0,0,0,1,1,0,0,0,0,0,0,0,2021,0,0,0,0,0,0,0,,0.0,1.0,0.0,0.0,0.0,0,0,0,0,0,0
NER,4201,42,1,2,2.0,1,0,1,1,1,0,0,1,0,0,0,0,2021,1,0,0,0,0,1,1,,,,,,,0,0,0,0,0,0
NER,4202,42,2,2,2.0,1,0,0,1,1,0,0,0,0,0,0,0,2021,0,0,0,0,0,0,0,,,,,,,0,0,0,0,0,0
NER,4203,42,3,2,2.0,1,0,0,1,1,0,0,1,0,0,0,0,2021,1,0,0,0,0,0,0,,,,,,,0,0,0,0,0,0
NER,4204,42,4,2,2.0,1,0,0,1,1,0,0,0,0,0,0,0,2021,0,0,0,0,0,0,0,,,,,,,1,0,0,0,0,0
NER,4205,42,5,2,2.0,1,0,0,1,1,0,0,0,0,0,0,0,2021,0,0,0,0,0,0,0,,0.0,23.0,0.0,0.0,0.0,0,0,0,0,0,0
NER,4206,42,6,2,2.0,1,0,0,0,0,0,0,0,0,0,0,0,2021,0,0,0,0,0,0,0,,,,,,,1,0,0,0,0,0
NER,4207,42,7,2,2.0,1,0,0,1,1,0,0,0,0,0,0,0,2021,0,0,0,0,0,0,0,,0.0,6.0,0.0,0.0,0.0,1,0,0,0,0,0
NER,4208,42,8,2,2.0,0,0,0,0,0,0,0,0,0,0,0,0,2021,0,0,0,0,0,0,0,,0.0,1.0,0.0,0.0,0.0,0,0,0,0,0,0
NER,4209,42,9,2,2.0,0,0,0,1,1,0,0,0,0,0,0,0,2021,0,0,0,0,0,0,0,,0.0,3.0,0.0,0.0,0.0,0,1,0,0,0,0
NER,4210,42,10,2,2.0,1,0,0,1,1,0,0,0,0,0,0,0,2021,0,0,0,0,0,0,0,,2.0,18.0,0.0,0.0,0.0,0,1,0,0,0,0
NER,4211,42,11,2,2.0,1,0,0,1,1,0,0,0,0,0,0,0,2021,0,0,0,0,0,0,0,,0.0,6.0,0.0,0.0,0.0,0,0,0,0,0,0
NER,4212,42,12,2,2.0,1,0,0,1,1,0,0,0,0,0,0,0,2021,0,0,0,0,0,0,0,,0.0,7.0,0.0,0.0,0.0,1,0,0,0,0,0
NER,4301,43,1,1,2.0,1,1,1,1,1,0,0,1,0,0,0,0,2021,1,0,0,0,0,0,0,,0.0,7.0,0.0,0.0,0.0,0,0,0,0,0,0
NER,4302,43,2,1,2.0,1,0,0,1,1,0,0,1,0,0,0,1,2021,1,0,0,1,0,1,0,,,,,,,0,0,0,0,0,0
NER,4303,43,3,1,2.0,0,0,0,1,1,0,0,0,0,0,0,0,2021,0,0,0,0,0,0,0,,0.0,10.0,0.0,0.0,0.0,0,0,1,0,0,0
NER,4304,43,4,1,2.0,1,0,0,1,1,0,0,0,0,0,0,0,2021,0,0,0,0,0,0,0,,0.0,12.0,0.0,0.0,0.0,0,0,0,0,0,0
NER,4305,43,5,1,2.0,1,0,0,1,1,0,0,0,0,0,0,0,2021,0,0,0,0,0,0,0,,0.0,3.0,0.0,0.0,0.0,0,0,0,1,0,0
NER,4306,43,6,1,2.0,1,0,0,1,1,0,0,0,0,0,0,0,2021,0,0,0,0,0,0,0,,0.0,3.0,0.0,0.0,0.0,1,0,0,0,0,0
NER,4307,43,7,1,2.0,1,0,0,0,0,0,0,0,0,0,0,0,2021,0,0,0,0,0,0,0,,0.0,16.0,0.0,0.0,0.0,1,0,0,0,0,0
NER,4308,43,8,1,2.0,1,1,1,1,1,0,0,1,0,0,0,0,2021,1,0,0,1,0,1,0,,,,,,,1,0,0,0,0,0
NER,4309,43,9,1,4.0,1,0,0,1,1,0,0,0,0,0,0,0,2021,0,0,0,0,0,0,0,,,,,,,0,0,0,0,0,0
NER,4311,43,11,1,2.0,1,0,0,1,1,0,0,1,0,0,0,0,2021,1,0,0,1,0,0,0,,,,,,,0,0,0,1,0,0
NER,4312,43,12,1,2.0,1,0,0,1,1,0,0,0,0,0,0,0,2021,0,0,0,0,0,0,0,0.6320000290870667,0.0,7.0,0.0,0.0,0.0,0,0,0,0,0,0
NER,4323,43,23,1,2.0,1,0,0,1,1,0,0,0,0,0,0,0,2021,0,0,0,0,0,0,0,,0.0,10.0,0.0,0.0,0.0,1,0,0,0,0,0
NER,4401,44,1,2,2.0,1,0,0,0,0,0,0,0,0,0,0,0,2021,0,0,0,0,0,0,0,,0.0,13.0,0.0,0.0,3.0,0,0,0,0,0,0
NER,4403,44,3,2,2.0,1,0,0,0,0,0,0,0,0,0,0,0,2021,0,0,0,0,0,0,0,,,,,,,0,1,0,0,0,0
NER,4404,44,4,2,2.0,0,0,0,1,1,0,0,0,0,0,0,0,2021,0,0,0,0,0,0,0,,30.0,19.0,0.0,0.0,0.0,0,0,0,0,0,0
NER,4405,44,5,2,2.0,0,0,0,0,0,0,0,0,0,0,0,0,2021,0,0,0,0,0,0,0,,0.0,10.0,0.0,0.0,7.0,0,0,0,0,0,0
NER,4406,44,6,2,4.0,1,0,0,0,0,0,0,0,0,0,0,0,2021,0,0,0,0,0,0,0,,,,,,,0,1,0,0,0,0
NER,4407,44,7,2,2.0,1,0,0,0,0,0,0,0,0,0,0,0,2021,0,0,0,0,0,0,0,,0.0,15.0,0.0,0.0,0.0,0,1,0,0,0,0
NER,4408,44,8,2,2.0,1,0,0,0,0,0,0,0,0,0,0,0,2021,0,0,0,0,0,0,0,,,,,,,0,0,0,0,0,0
NER,4412,44,12,2,2.0,1,0,0,1,1,0,0,0,0,0,0,0,2021,0,0,0,0,0,0,0,,0.0,2.0,0.0,0.0,0.0,1,1,0,0,0,0
NER,4414,44,14,2,2.0,1,0,0,1,0,0,0,0,0,0,0,0,2021,0,0,0,0,0,0,0,,0.0,60.0,0.0,0.0,0.0,0,1,0,0,0,0
NER,4415,44,15,2,2.0,1,0,0,1,1,0,0,0,0,0,0,0,2021,0,0,0,0,0,0,0,,0.0,8.0,0.0,0.0,0.0,1,0,0,0,0,0
NER,4416,44,16,2,2.0,1,0,0,0,0,0,0,0,0,0,0,0,2021,0,0,0,0,0,0,0,,0.0,10.0,0.0,0.0,0.0,1,0,1,0,0,0
NER,4418,44,18,2,2.0,1,0,0,0,0,0,0,0,0,0,0,0,2021,0,0,0,0,0,0,0,,0.0,3.0,0.0,0.0,0.0,0,1,0,0,0,0
NER,4501,45,1,1,3.0,1,1,1,1,1,0,0,0,0,0,0,0,2021,0,0,0,0,0,0,0,,0.0,9.0,0.0,0.0,0.0,1,1,0,0,0,0
NER,4502,45,2,1,1.0,1,0,1,1,1,0,1,0,0,0,0,0,2021,0,0,0,0,0,0,0,,,,,,,0,0,1,0,0,0
NER,4505,45,5,1,1.0,1,0,1,1,1,1,1,0,0,1,1,1,2021,1,0,0,0,0,1,1,,,,,,,0,0,0,0,0,0
NER,4506,45,6,1,1.0,1,0,0,1,1,1,1,0,0,0,0,0,2021,0,0,0,0,0,0,0,,0.0,6.0,0.0,0.0,3.0,0,0,0,0,0,0
NER,4507,45,7,1,1.0,1,0,1,0,0,1,1,0,0,0,0,0,2021,0,0,0,0,0,0,0,,,,,,,0,1,0,0,0,0
NER,4508,45,8,1,1.0,1,0,1,1,1,1,1,0,0,1,1,0,2021,1,0,0,0,0,1,0,,0.0,2.0,0.0,0.0,9.0,0,0,0,0,0,0
NER,4509,45,9,1,1.0,1,0,0,1,1,1,1,0,0,0,0,0,2021,0,0,0,0,0,0,0,,0.0,8.0,0.0,0.0,5.0,0,0,0,0,0,0
NER,4510,45,10,1,1.0,1,0,1,0,0,1,1,0,0,0,0,0,2021,0,0,0,0,0,0,0,,0.0,20.0,0.0,0.0,0.0,1,1,0,0,0,0
NER,4511,45,11,1,1.0,1,0,1,1,1,1,1,0,0,1,0,0,2021,1,0,0,0,0,1,0,,,,,,,0,0,0,0,0,0
NER,4512,45,12,1,1.0,1,0,0,1,1,1,1,0,0,0,0,0,2021,1,0,0,0,0,1,0,,0.0,3.0,0.0,0.0,0.0,0,0,0,0,0,0
NER,4524,45,24,1,4.0,0,0,0,1,1,1,1,0,0,0,1,0,2021,1,0,0,0,0,0,0,,,,,,,0,0,0,0,0,0
NER,4528,45,28,1,1.0,1,1,1,1,1,1,1,0,0,0,1,0,2021,1,0,1,0,0,0,0,,,,,,,0,0,0,0,0,0
NER,4601,46,1,2,2.0,0,0,0,1,1,0,0,0,0,0,0,0,2021,0,0,0,0,0,0,0,,3.0,37.0,0.0,0.0,0.0,0,1,0,0,0,0
NER,4603,46,3,2,2.0,0,0,0,1,1,0,0,0,0,0,0,0,2021,0,0,0,0,0,0,0,,0.0,80.0,0.0,0.0,0.0,0,0,0,0,0,0
NER,4605,46,5,2,2.0,0,0,0,1,1,0,0,0,0,0,0,0,2021,0,0,0,0,0,0,0,,7.0,20.0,0.0,0.0,0.0,0,0,0,0,0,0
NER,4606,46,6,2,2.0,0,0,0,1,1,0,0,0,0,0,0,0,2021,0,0,0,0,0,0,0,,0.0,103.0,0.0,0.0,0.0,1,0,0,0,0,0
NER,4608,46,8,2,2.0,1,0,0,1,1,0,0,0,0,0,0,0,2021,0,0,0,0,0,0,0,,4.0,13.0,0.0,0.0,0.0,0,1,0,0,0,0
NER,4609,46,9,2,2.0,0,0,0,0,0,0,0,0,0,0,0,0,2021,0,0,0,0,0,0,0,,5.0,15.0,0.0,0.0,0.0,1,1,0,0,0,0
NER,4610,46,10,2,2.0,0,0,0,0,0,0,0,0,0,0,0,0,2021,0,0,0,0,0,0,0,,0.0,42.0,0.0,0.0,0.0,1,1,0,0,0,0
NER,4612,46,12,2,2.0,0,0,0,0,0,0,0,0,0,0,0,0,2021,0,0,0,0,0,0,0,,0.0,1.0,0.0,0.0,0.0,1,1,0,0,0,0
NER,4614,46,14,2,2.0,0,0,0,0,0,0,0,0,0,0,0,0,2021,0,0,0,0,0,0,0,,5.0,31.0,0.0,0.0,0.0,1,0,0,0,0,0
NER,4616,46,16,2,,0,0,0,0,1,0,0,0,0,0,0,0,2021,0,0,0,0,0,0,0,,7.0,55.0,0.0,0.0,0.0,0,1,0,0,0,0
NER,4618,46,18,2,2.0,0,0,0,1,1,0,0,0,0,0,0,0,2021,0,0,0,0,0,0,0,,4.0,25.0,0.0,0.0,0.0,0,1,0,0,0,0
NER,4619,46,19,2,2.0,0,0,0,1,1,0,0,0,0,0,0,0,2021,0,0,0,0,0,0,0,,1.0,15.0,0.0,0.0,0.0,1,0,0,0,0,0
NER,4701,47,1,1,2.0,0,0,0,0,0,0,0,0,0,0,0,0,2021,0,0,0,0,0,0,0,,0.0,65.0,0.0,0.0,0.0,0,0,0,0,0,0
NER,4702,47,2,1,2.0,0,0,0,0,0,0,0,0,0,0,0,0,2021,0,0,0,0,0,0,0,,1.0,16.0,0.0,0.0,0.0,0,0,0,0,0,0
NER,4703,47,3,1,2.0,1,0,0,0,0,0,0,0,0,0,0,0,2021,0,0,0,0,0,0,0,,0.0,30.0,0.0,0.0,0.0,0,0,0,0,0,0
NER,4704,47,4,1,2.0,1,0,0,0,0,0,0,0,0,0,0,0,2021,0,0,0,0,0,0,0,,0.0,45.0,0.0,0.0,0.0,0,0,0,0,0,0
NER,4705,47,5,1,1.0,1,0,0,0,0,0,0,0,0,0,0,0,2021,0,0,0,0,0,0,0,,0.0,14.0,0.0,0.0,0.0,0,0,0,0,0,0
NER,4706,47,6,1,2.0,1,0,0,0,0,0,0,0,0,0,0,0,2021,0,0,0,0,0,0,0,,0.0,75.0,0.0,0.0,0.0,0,0,0,0,0,0
NER,4707,47,7,1,2.0,1,0,0,0,0,0,0,0,0,0,0,0,2021,0,0,0,0,0,0,0,,0.0,50.0,0.0,0.0,0.0,0,0,0,0,0,0
NER,4708,47,8,1,2.0,1,0,0,0,0,0,0,0,0,0,0,0,2021,0,0,0,0,0,0,0,,2.0,22.0,0.0,0.0,0.0,0,0,0,0,0,0
NER,4709,47,9,1,2.0,1,0,0,0,0,0,0,0,0,0,0,0,2021,0,0,0,0,0,0,0,,0.0,35.0,0.0,0.0,0.0,0,0,0,0,0,0
NER,4710,47,10,1,2.0,0,0,0,0,0,0,0,0,0,0,0,0,2021,0,0,0,0,0,0,0,,0.0,85.0,0.0,0.0,0.0,0,0,0,0,0,0
NER,4711,47,11,1,2.0,1,0,0,0,0,0,0,0,0,0,0,0,2021,0,0,0,0,0,0,0,,0.0,28.0,0.0,0.0,0.0,0,0,0,0,0,0
NER,4712,47,12,1,2.0,1,0,0,0,0,0,0,0,0,0,0,0,2021,0,0,0,0,0,0,0,,0.0,175.0,0.0,0.0,0.0,0,0,0,0,0,0
NER,4801,48,1,2,4.0,0,0,0,0,0,0,0,0,0,0,0,0,2021,0,0,0,0,0,0,0,,4.0,30.0,0.0,0.0,0.0,0,1,0,0,0,0
NER,4802,48,2,2,2.0,0,0,0,0,0,0,0,0,0,0,0,0,2021,0,0,0,0,0,0,0,,2.0,30.0,0.0,0.0,0.0,0,0,0,0,0,0
NER,4803,48,3,2,2.0,0,0,0,0,0,0,0,0,0,0,0,0,2021,0,0,0,0,0,0,0,,1.0,5.0,0.0,0.0,0.0,0,0,0,0,0,0
NER,4804,48,4,2,2.0,0,0,0,0,0,0,0,0,0,0,0,0,2021,0,0,0,0,0,0,0,,1.0,14.0,0.0,0.0,0.0,1,0,1,0,0,0
NER,4805,48,5,2,4.0,0,0,0,0,0,0,0,0,0,0,0,0,2021,0,0,0,0,0,0,0,,2.0,25.0,0.0,0.0,0.0,0,0,0,0,0,0
NER,4806,48,6,2,4.0,0,0,0,0,0,0,0,0,0,0,0,0,2021,0,0,0,0,0,0,0,,3.0,5.0,0.0,0.0,0.0,1,0,0,1,0,0
NER,4807,48,7,2,4.0,0,0,0,0,0,0,0,0,0,0,0,0,2021,0,0,0,0,0,0,0,,3.0,14.0,0.0,0.0,0.0,0,0,0,0,0,0
NER,4809,48,9,2,4.0,0,0,0,0,0,0,0,0,0,0,0,0,2021,0,0,0,0,0,0,0,,10.0,15.0,0.0,0.0,0.0,0,0,0,0,0,0
NER,4810,48,10,2,4.0,0,0,0,0,0,0,0,0,0,0,0,0,2021,0,0,0,0,0,0,0,,1.0,21.0,0.0,0.0,0.0,0,0,1,0,0,0
NER,4811,48,11,2,4.0,0,0,0,0,0,0,0,0,0,0,0,0,2021,0,0,0,0,0,0,0,,1.0,8.0,0.0,0.0,0.0,0,1,1,1,0,0
NER,4812,48,12,2,4.0,0,0,0,0,0,0,0,0,0,0,0,0,2021,0,0,0,0,0,0,0,,8.0,75.0,0.0,0.0,0.0,1,1,0,0,0,0
NER,4816,48,16,2,2.0,0,0,0,0,0,0,0,0,0,0,0,0,2021,0,0,0,0,0,0,0,,7.0,60.0,0.0,0.0,0.0,0,0,1,0,0,0
NER,4901,49,1,1,2.0,0,0,0,0,0,0,0,0,0,0,0,0,2021,0,0,0,0,0,0,0,,15.0,90.0,0.0,0.0,0.0,1,1,0,0,0,0
NER,4902,49,2,1,2.0,0,0,0,0,0,0,0,0,0,0,0,0,2021,0,0,0,0,0,0,0,,1.0,28.0,0.0,0.0,0.0,0,0,0,0,0,0
NER,4903,49,3,1,2.0,0,0,0,0,0,0,0,0,0,0,0,0,2021,0,0,0,0,0,0,0,,5.0,58.0,0.0,0.0,0.0,0,0,0,0,0,0
NER,4904,49,4,1,2.0,0,0,0,0,0,0,0,0,0,0,0,0,2021,0,0,0,0,0,0,0,,9.0,35.0,0.0,0.0,0.0,0,1,0,0,0,0
NER,4905,49,5,1,2.0,0,0,0,0,0,0,0,0,0,0,0,0,2021,0,0,0,0,0,0,0,,1.0,23.0,0.0,0.0,0.0,0,0,0,0,0,0
NER,4906,49,6,1,2.0,0,0,0,0,0,0,0,0,0,0,0,0,2021,0,0,0,0,0,0,0,,1.0,70.0,0.0,0.0,0.0,0,0,0,0,0,0
NER,4907,49,7,1,2.0,0,0,0,0,0,0,0,0,0,0,0,0,2021,0,0,0,0,0,0,0,,13.0,70.0,0.0,0.0,0.0,0,1,0,0,0,0
NER,4908,49,8,1,2.0,0,0,0,0,0,0,0,0,0,0,0,0,2021,0,0,0,0,0,0,0,,1.0,35.0,0.0,0.0,0.0,0,0,0,0,0,0
NER,4909,49,9,1,2.0,0,0,0,0,0,0,0,0,0,0,0,0,2021,0,0,0,0,0,0,0,,0.0,40.0,0.0,0.0,0.0,0,0,0,0,0,0
NER,4910,49,10,1,2.0,0,0,0,0,0,0,0,0,0,0,0,0,2021,0,0,0,0,0,0,0,,10.0,55.0,0.0,0.0,0.0,0,1,0,0,0,0
NER,4911,49,11,1,2.0,0,0,0,0,0,0,0,0,0,0,0,0,2021,0,0,0,0,0,0,0,,1.0,25.0,0.0,0.0,0.0,0,0,0,0,0,0
NER,4912,49,12,1,2.0,0,0,0,0,0,0,0,0,0,0,0,0,2021,0,0,0,0,0,0,0,,0.0,61.0,0.0,0.0,0.0,0,0,0,0,0,0
NER,5002,50,2,2,2.0,0,0,0,1,1,0,0,0,0,0,0,0,2021,0,0,0,0,0,0,0,,,,,,,0,0,0,1,0,0
NER,5003,50,3,2,2.0,1,0,0,1,1,0,0,0,0,0,0,0,2021,0,0,0,0,0,0,0,,,,,,,0,0,0,0,0,0
NER,5004,50,4,2,2.0,1,0,0,0,0,0,0,0,0,0,0,0,2021,0,0,0,0,0,0,0,,0.0,10.0,0.0,0.0,0.0,0,0,0,0,0,0
NER,5005,50,5,2,2.0,1,0,0,0,0,0,0,0,0,0,0,0,2021,0,0,0,0,0,0,0,,0.0,16.0,0.0,0.0,0.0,0,0,0,0,0,0
NER,5006,50,6,2,2.0,1,0,0,1,1,0,0,0,0,0,0,0,2021,0,0,0,0,0,0,0,,0.0,7.0,0.0,0.0,0.0,1,0,0,0,0,0
NER,5007,50,7,2,2.0,0,0,0,0,0,0,0,0,0,0,0,0,2021,0,0,0,0,0,0,0,,0.0,10.0,0.0,0.0,0.0,0,0,0,0,0,0
NER,5008,50,8,2,2.0,1,0,0,1,1,0,0,0,0,0,0,0,2021,0,0,0,0,0,0,0,,0.0,2.0,0.0,0.0,0.0,1,1,0,0,0,0
NER,5009,50,9,2,2.0,1,0,0,0,0,0,0,0,0,0,0,0,2021,0,0,0,0,0,0,0,,0.0,8.0,0.0,0.0,0.0,0,1,0,0,0,0
NER,5010,50,10,2,2.0,1,0,0,0,0,0,0,0,0,0,0,0,2021,0,0,0,0,0,0,0,,0.0,11.0,0.0,0.0,0.0,0,0,0,0,0,0
NER,5011,50,11,2,2.0,0,0,0,0,0,0,0,0,0,0,0,0,2021,0,0,0,0,0,0,0,,0.0,12.0,0.0,0.0,0.0,0,1,0,0,0,0
NER,5012,50,12,2,2.0,0,0,0,0,0,0,0,0,0,0,0,0,2021,0,0,0,0,0,0,0,,0.0,3.0,0.0,0.0,0.0,0,0,0,0,0,0
NER,5017,50,17,2,2.0,0,0,0,1,1,0,0,0,0,0,0,0,2021,0,0,0,0,0,0,0,,0.0,36.0,0.0,0.0,0.0,0,0,0,0,0,0
NER,5101,51,1,1,2.0,1,0,0,0,0,0,0,0,0,0,0,0,2021,0,0,0,0,0,0,0,,0.0,6.0,0.0,0.0,0.0,0,1,0,0,0,0
NER,5102,51,2,1,2.0,1,0,0,1,1,0,0,0,0,0,0,0,2021,0,0,0,0,0,0,0,,0.0,18.0,0.0,0.0,0.0,0,0,0,0,0,0
NER,5103,51,3,1,2.0,0,0,0,1,1,0,0,0,0,0,0,0,2021,0,0,0,0,0,0,0,,0.0,11.0,0.0,0.0,0.0,0,0,0,0,0,0
NER,5104,51,4,1,2.0,0,0,0,0,0,0,0,0,0,0,0,0,2021,0,0,0,0,0,0,0,,1.0,12.0,0.0,0.0,0.0,0,1,0,0,0,0
NER,5105,51,5,1,2.0,1,0,0,1,1,0,0,0,0,0,0,0,2021,0,0,0,0,0,0,0,,0.0,21.0,0.0,0.0,0.0,0,0,0,0,0,0
NER,5107,51,7,1,2.0,1,0,0,0,0,0,0,0,0,0,0,0,2021,0,0,0,0,0,0,0,,0.0,16.0,0.0,0.0,0.0,0,0,0,0,0,0
NER,5108,51,8,1,2.0,1,0,0,1,1,0,0,0,0,0,0,0,2021,0,0,0,0,0,0,0,,0.0,20.0,0.0,0.0,0.0,0,0,0,0,0,0
NER,5109,51,9,1,2.0,0,0,0,1,1,0,0,0,0,0,0,0,2021,0,0,0,0,0,0,0,,0.0,9.0,0.0,0.0,0.0,0,0,0,0,0,0
NER,5110,51,10,1,2.0,0,0,0,0,0,0,0,0,0,0,0,0,2021,0,0,0,0,0,0,0,,0.0,14.0,0.0,0.0,0.0,0,0,0,0,0,0
NER,5111,51,11,1,2.0,1,0,0,1,1,0,0,0,0,0,0,0,2021,0,0,0,0,0,0,0,,13.0,22.0,0.0,0.0,8.0,0,0,0,0,0,0
NER,5112,51,12,1,2.0,1,0,0,1,1,0,0,0,0,0,0,0,2021,0,0,0,0,0,0,0,,0.0,24.0,0.0,0.0,0.0,0,0,0,0,0,0
NER,5121,51,21,1,2.0,1,0,0,1,1,0,0,0,0,0,0,0,2021,0,0,0,0,0,0,0,,0.0,10.0,0.0,0.0,0.0,0,0,0,0,0,0
NER,5201,52,1,2,2.0,0,0,0,0,0,0,0,0,0,0,0,0,2021,0,0,0,0,0,0,0,,,,,,,0,0,0,0,0,0
NER,5202,52,2,2,2.0,0,0,0,0,0,0,0,0,0,0,0,0,2021,0,0,0,0,0,0,0,,0.0,1.0,0.0,0.0,0.0,0,1,0,0,0,0
NER,5203,52,3,2,2.0,0,0,0,0,0,0,0,0,0,0,0,0,2021,0,0,0,0,0,0,0,,,,,,,0,0,0,0,0,0
NER,5204,52,4,2,2.0,1,0,0,0,0,0,0,0,0,0,0,0,2021,0,0,0,0,0,0,0,,0.0,6.0,0.0,0.0,0.0,1,0,0,0,0,0
NER,5205,52,5,2,2.0,0,0,0,0,0,0,0,0,0,0,0,0,2021,0,0,0,0,0,0,0,,,,,,,1,0,0,0,0,0
NER,5206,52,6,2,2.0,0,0,0,0,0,0,0,0,0,0,0,0,2021,0,0,0,0,0,0,0,,0.0,9.0,0.0,0.0,0.0,0,1,0,0,0,0
NER,5207,52,7,2,2.0,0,0,0,0,0,0,0,0,0,0,0,0,2021,0,0,0,0,0,0,0,,2.0,117.0,0.0,0.0,0.0,1,1,0,0,0,0
NER,5208,52,8,2,2.0,0,0,0,0,0,0,0,0,0,0,0,0,2021,0,0,0,0,0,0,0,,2.0,5.0,0.0,0.0,0.0,1,0,0,0,0,0
NER,5209,52,9,2,2.0,0,0,0,1,1,0,0,0,0,0,0,0,2021,0,0,0,0,0,0,0,,0.0,2.0,0.0,0.0,0.0,0,0,0,0,0,0
NER,5211,52,11,2,2.0,0,0,0,1,1,0,0,0,0,0,0,0,2021,0,0,0,0,0,0,0,,0.0,13.0,0.0,0.0,0.0,1,1,0,0,0,0
NER,5212,52,12,2,2.0,0,0,0,0,0,0,0,0,0,0,0,0,2021,0,0,0,0,0,0,0,,4.0,30.0,0.0,0.0,0.0,0,1,0,0,0,0
NER,5215,52,15,2,2.0,1,0,0,1,1,0,0,0,0,0,0,0,2021,0,0,0,0,0,0,0,,0.0,30.0,0.0,0.0,0.0,0,1,0,0,0,0
NER,5301,53,1,1,2.0,1,0,0,1,1,0,0,0,1,0,0,0,2021,0,0,0,0,0,0,0,2.9499999284744263,0.0,7.0,0.0,0.0,8.0,0,0,0,1,1,0
NER,5302,53,2,1,2.0,1,0,0,1,1,0,0,0,0,0,0,0,2021,0,0,0,0,0,0,0,4.326031446456909,2.0,0.0,0.0,0.0,0.0,0,1,0,0,0,0
NER,5303,53,3,1,2.0,1,0,0,1,1,0,0,0,0,0,0,0,2021,0,0,0,0,0,0,0,1.840000033378601,,,,,,0,0,0,0,0,0
NER,5304,53,4,1,2.0,1,0,0,1,1,0,0,0,1,0,0,0,2021,0,0,0,0,0,0,0,2.10999995470047,2.0,11.0,0.0,0.0,0.0,0,1,1,0,0,0
NER,5305,53,5,1,2.0,1,0,0,1,1,0,0,0,0,0,0,0,2021,0,0,0,0,0,0,0,9.638238787651062,2.0,0.0,0.0,0.0,0.0,0,1,0,0,0,0
NER,5306,53,6,1,2.0,1,0,0,1,1,0,0,0,0,0,0,0,2021,0,0,0,0,0,0,0,2.990000009536743,2.0,0.0,0.0,0.0,0.0,0,0,0,0,0,0
NER,5307,53,7,1,2.0,1,0,0,1,1,0,0,0,1,0,0,0,2021,0,0,0,0,0,0,0,3.8000000715255737,2.0,8.0,0.0,0.0,0.0,0,1,0,0,1,0
NER,5308,53,8,1,2.0,1,0,0,1,1,0,0,0,0,0,0,0,2021,0,0,0,0,0,0,0,9.215900003910065,0.0,8.0,0.0,0.0,0.0,0,1,0,0,0,0
NER,5309,53,9,1,2.0,1,0,0,1,1,0,0,0,0,0,0,0,2021,0,0,0,0,0,0,0,1.350000023841858,2.0,5.0,0.0,0.0,0.0,1,0,0,0,0,0
NER,5310,53,10,1,2.0,1,0,0,1,1,0,0,0,1,0,0,0,2021,0,0,0,0,0,0,0,3.730000138282776,,,,,,0,0,0,0,0,0
NER,5311,53,11,1,2.0,1,0,0,1,1,0,0,0,0,0,0,0,2021,0,0,0,0,0,0,0,10.028199911117554,0.0,6.0,0.0,0.0,0.0,0,1,0,0,0,0
NER,5312,53,12,1,2.0,1,0,0,1,1,0,0,0,0,0,0,0,2021,0,0,0,0,0,0,0,2.059999942779541,3.0,0.0,0.0,0.0,0.0,0,0,0,0,0,0
NER,5601,56,1,2,4.0,1,0,0,1,1,0,0,0,0,0,0,0,2021,0,0,0,0,0,0,0,,,,,,,0,0,1,0,0,0
NER,5602,56,2,2,3.0,1,0,0,1,1,0,0,0,0,0,0,0,2021,0,0,0,0,0,0,0,1.3183588981628418,0.0,6.0,0.0,0.0,0.0,0,0,1,0,0,0
NER,5603,56,3,2,4.0,1,0,0,1,1,0,0,0,0,0,0,0,2021,0,0,0,0,0,0,0,,,,,,,1,0,1,0,0,0
NER,5604,56,4,2,4.0,1,0,0,1,1,0,0,0,0,0,0,0,2021,0,0,0,0,0,0,0,,,,,,,1,0,1,0,0,0
NER,5605,56,5,2,2.0,1,0,0,1,1,1,1,0,0,1,1,0,2021,0,0,0,0,0,0,0,4.173674583435059,0.0,30.0,0.0,0.0,5.0,0,0,0,0,0,0
NER,5606,56,6,2,2.0,1,0,0,1,1,1,1,0,0,0,1,0,2021,0,0,1,0,0,0,1,,,,,,,0,0,0,0,0,0
NER,5607,56,7,2,2.0,1,0,0,1,1,0,0,0,0,1,0,0,2021,0,0,0,0,0,0,0,3.5637431144714355,,,,,,0,0,0,0,0,0
NER,5609,56,9,2,2.0,1,0,0,1,1,1,1,0,0,0,0,0,2021,0,0,0,0,0,0,0,3.776095390319824,2.0,4.0,0.0,0.0,5.0,0,0,0,0,0,0
NER,5610,56,10,2,2.0,1,0,0,1,1,1,1,0,0,0,0,0,2021,0,0,0,0,0,0,0,2.083554267883301,2.0,0.0,0.0,0.0,0.0,0,0,0,0,0,0
NER,5611,56,11,2,2.0,1,0,0,1,1,0,0,0,0,0,0,0,2021,0,0,0,0,0,0,0,1.4015896320343018,0.0,1.0,0.0,0.0,0.0,0,0,0,0,0,0
NER,5612,56,12,2,2.0,1,0,0,1,1,1,1,0,0,0,0,0,2021,0,0,0,0,0,0,0,3.406953811645508,4.0,2.0,0.0,0.0,60.0,0,0,0,0,0,0
NER,5617,56,17,2,2.0,1,0,0,1,1,1,1,0,0,0,1,0,2021,1,0,0,0,0,0,0,,0.0,4.0,0.0,0.0,0.0,0,0,0,1,0,0
NER,5701,57,1,1,2.0,1,0,0,0,0,0,0,0,1,0,0,0,2021,0,0,0,0,0,0,0,6.260000228881836,3.0,12.0,0.0,0.0,0.0,0,1,0,1,1,0
NER,5702,57,2,1,2.0,1,0,0,1,1,0,0,0,0,0,0,0,2021,0,0,0,0,0,0,0,1.4195000529289246,0.0,0.0,0.0,0.0,5.0,0,1,0,0,0,0
NER,5703,57,3,1,2.0,1,0,0,0,0,0,0,0,0,0,0,0,2021,0,0,0,0,0,0,0,2.1600000858306885,3.0,0.0,0.0,0.0,0.0,0,0,0,0,0,0
NER,5704,57,4,1,2.0,1,0,0,0,0,0,0,0,0,0,0,0,2021,0,0,0,0,0,0,0,1.559999942779541,2.0,14.0,0.0,0.0,5.0,0,1,0,1,1,0
NER,5705,57,5,1,2.0,0,0,0,1,1,0,0,0,0,0,0,0,2021,0,0,0,0,0,0,0,0.10729999840259552,,,,,,0,0,0,0,0,0
NER,5706,57,6,1,2.0,1,0,0,1,1,0,0,0,0,0,0,0,2021,0,0,0,0,0,0,0,1.3600000143051147,2.0,6.0,0.0,0.0,0.0,0,0,0,0,0,0
NER,5707,57,7,1,2.0,1,0,0,0,0,0,0,0,0,0,0,0,2021,0,0,0,0,0,0,0,5.890000104904175,3.0,17.0,0.0,0.0,0.0,0,1,0,0,1,0
NER,5708,57,8,1,2.0,1,0,0,0,0,0,0,0,0,0,0,0,2021,0,0,0,0,0,0,0,4.3712500017136335,2.0,26.0,0.0,0.0,5.0,0,1,0,0,0,0
NER,5709,57,9,1,2.0,1,0,0,0,0,0,0,0,0,0,0,0,2021,0,0,0,0,0,0,0,1.649999976158142,3.0,0.0,0.0,0.0,0.0,0,0,0,0,0,0
NER,5710,57,10,1,2.0,1,0,0,0,0,0,0,0,0,0,0,0,2021,0,0,0,0,0,0,0,3.540000081062317,2.0,18.0,0.0,0.0,15.0,1,1,1,0,1,0
NER,5711,57,11,1,2.0,1,0,0,1,1,0,0,0,0,0,0,0,2021,0,0,0,0,0,0,0,3.357900083065033,2.0,0.0,0.0,0.0,9.0,0,1,0,0,0,0
NER,5712,57,12,1,2.0,1,0,0,0,0,0,0,0,0,0,0,0,2021,0,0,0,0,0,0,0,2.8399999141693115,2.0,7.0,0.0,0.0,0.0,0,0,0,0,0,0
NER,5801,58,1,1,2.0,1,0,0,0,0,0,0,0,1,0,0,0,2021,0,0,0,0,0,0,0,1.350000023841858,2.0,9.0,0.0,0.0,0.0,0,0,1,1,0,0
NER,5802,58,2,1,2.0,0,0,0,0,0,0,0,0,0,0,0,0,2021,0,0,0,0,0,0,0,5.057300128042698,12.0,16.0,0.0,0.0,7.0,0,1,0,0,0,0
NER,5803,58,3,1,2.0,1,0,0,0,0,0,0,0,0,0,0,0,2021,0,0,0,0,0,0,0,2.0399999618530273,4.0,0.0,0.0,0.0,0.0,0,0,0,0,0,0
NER,5804,58,4,1,2.0,1,0,0,0,0,0,0,0,1,0,0,0,2021,0,0,0,0,0,0,0,9.309999704360962,2.0,7.0,0.0,0.0,0.0,0,0,0,1,1,0
NER,5805,58,5,1,2.0,1,0,0,0,0,0,0,0,0,0,0,0,2021,0,0,0,0,0,0,0,13.590453863143921,2.0,0.0,0.0,0.0,0.0,0,1,0,0,0,0
NER,5806,58,6,1,2.0,1,0,0,0,0,0,0,0,0,0,0,0,2021,0,0,0,0,0,0,0,2.9600000381469727,4.0,0.0,0.0,0.0,0.0,0,0,0,0,0,0
NER,5807,58,7,1,2.0,1,1,0,0,0,0,0,0,1,0,0,0,2021,0,0,0,0,0,0,0,3.9700000286102295,2.0,5.0,0.0,0.0,0.0,0,1,1,0,0,0
NER,5808,58,8,1,4.0,0,0,0,0,0,0,0,0,0,0,0,0,2021,0,0,0,0,0,0,0,1.205300010740757,,,,,,0,0,0,0,0,0
NER,5809,58,9,1,2.0,1,0,0,0,0,0,0,0,0,0,0,0,2021,0,0,0,0,0,0,0,1.3200000524520874,2.0,0.0,0.0,0.0,14.0,0,0,0,0,0,0
NER,5810,58,10,1,2.0,1,0,0,0,0,0,0,0,0,0,0,0,2021,0,0,0,0,0,0,0,3.209999918937683,2.0,4.0,0.0,0.0,0.0,0,0,0,1,0,0
NER,5811,58,11,1,2.0,0,0,0,0,0,0,0,0,0,0,0,0,2021,0,0,0,0,0,0,0,5.317199908196926,2.0,0.0,0.0,0.0,0.0,0,1,0,0,0,0
NER,5812,58,12,1,2.0,1,0,0,0,0,0,0,0,0,0,0,0,2021,0,0,0,0,0,0,0,1.940000057220459,3.0,0.0,0.0,0.0,0.0,0,0,0,0,0,0
NER,5901,59,1,2,2.0,1,0,0,1,1,0,0,0,0,0,0,0,2021,0,0,0,0,0,0,0,,2.0,2.0,0.0,0.0,0.0,0,1,0,0,0,0
NER,5902,59,2,2,4.0,1,0,0,1,1,0,0,0,0,0,0,0,2021,0,0,0,0,0,0,0,2.058485984802246,,,,,,1,1,0,0,0,0
NER,5903,59,3,2,2.0,1,0,0,1,1,0,0,0,0,0,0,0,2021,0,0,0,0,0,0,0,,,,,,,0,1,0,0,0,0
NER,5905,59,5,2,2.0,1,0,0,1,1,0,0,0,0,0,1,0,2021,0,0,0,0,0,0,0,2.754351854324341,,,,,,0,0,0,0,0,0
NER,5906,59,6,2,2.0,1,0,0,1,1,0,0,0,0,0,1,0,2021,0,0,0,0,0,0,0,3.4700000286102295,0.0,12.0,0.0,0.0,7.0,0,0,0,0,0,0
NER,5907,59,7,2,2.0,1,0,0,1,1,0,0,0,0,0,0,0,2021,0,0,0,0,0,0,0,1.3570266962051392,1.0,1.0,0.0,0.0,0.0,0,1,0,0,0,0
NER,5908,59,8,2,2.0,1,0,0,1,1,0,0,0,0,0,0,0,2021,1,0,0,0,0,0,0,7.559999942779541,2.0,0.0,0.0,0.0,0.0,0,0,0,0,0,0
NER,5909,59,9,2,2.0,1,0,0,1,1,0,0,0,0,0,0,0,2021,0,0,0,0,0,0,0,2.574999988079071,2.0,0.0,0.0,0.0,10.0,0,0,0,0,0,0
NER,5910,59,10,2,2.0,1,0,0,1,1,0,0,0,0,0,0,0,2021,0,0,0,0,0,0,0,1.350000023841858,,,,,,0,0,0,0,0,0
NER,5911,59,11,2,2.0,1,0,0,1,1,0,0,0,0,0,0,0,2021,0,0,0,0,0,0,0,2.3360000252723694,,,,,,0,0,0,0,0,0
NER,5912,59,12,2,2.0,1,0,0,1,0,0,0,0,0,0,0,0,2021,0,0,0,0,0,0,0,3.8230000734329224,0.0,2.0,0.0,0.0,2.0,0,0,0,0,0,0
NER,5917,59,17,2,4.0,0,0,0,1,1,0,0,0,0,0,0,0,2021,0,0,0,0,0,0,0,,0.0,2.0,0.0,0.0,5.0,1,0,0,0,0,0
NER,6001,60,1,2,4.0,1,1,1,1,1,0,1,0,0,0,0,0,2021,0,0,0,0,0,0,0,,,,,,,1,0,0,0,0,0
NER,6002,60,2,2,4.0,0,0,0,1,1,0,0,0,0,0,0,0,2021,0,0,0,0,0,0,0,,0.0,0.0,0.0,0.0,3.0,1,0,0,0,0,0
NER,6003,60,3,2,1.0,1,1,1,1,1,1,1,0,0,0,0,0,2021,1,0,0,0,0,1,1,,,,,,,0,0,1,0,0,0
NER,6004,60,4,2,1.0,1,1,1,1,1,0,0,1,1,0,0,0,2021,1,0,0,0,0,1,1,,,,,,,0,0,0,0,0,0
NER,6005,60,5,2,1.0,1,1,1,1,1,1,1,0,0,0,0,0,2021,1,0,1,0,0,1,1,,10.0,6.0,0.0,7.0,7.0,0,0,0,0,1,0
NER,6007,60,7,2,4.0,1,1,1,1,1,0,0,0,0,0,0,0,2021,0,0,0,0,0,0,0,,,,,,,0,0,0,0,0,0
NER,6008,60,8,2,4.0,0,0,0,1,1,0,0,0,0,0,1,0,2021,0,0,0,0,0,0,0,,,,,,,0,0,0,0,0,0
NER,6009,60,9,2,4.0,0,0,0,1,1,0,0,0,0,0,0,0,2021,0,0,0,0,0,0,0,1.9419570565223694,0.0,2.0,0.0,0.0,0.0,1,0,0,1,0,0
NER,6012,60,12,2,4.0,1,0,0,1,1,0,0,0,0,0,0,0,2021,0,0,0,0,0,0,0,,,,,,,0,1,0,0,0,0
NER,6015,60,15,2,4.0,0,0,0,1,1,0,0,0,0,0,0,1,2021,0,0,0,0,0,0,0,,,,,,,0,1,0,0,0,0
NER,6022,60,22,2,3.0,1,1,1,1,1,0,1,0,0,1,1,0,2021,1,0,1,0,0,1,0,,0.0,5.0,0.0,0.0,0.0,0,0,0,0,0,0
NER,6026,60,26,2,3.0,1,1,1,1,1,1,1,0,1,0,0,0,2021,1,1,1,0,0,1,0,,,,,,,0,0,0,0,0,0
NER,6101,61,1,1,3.0,1,1,0,1,1,1,1,0,0,0,0,0,2021,0,0,0,0,0,0,0,,,,,,,0,1,0,0,1,0
NER,6102,61,2,1,3.0,1,0,0,1,1,0,1,0,1,1,1,0,2021,1,0,0,0,0,0,0,,,,,,,0,0,0,0,1,0
NER,6103,61,3,1,1.0,1,0,1,1,1,1,1,0,1,0,0,0,2021,0,0,0,0,0,0,0,,,,,,,0,0,0,0,0,0
NER,6104,61,4,1,3.0,0,0,0,1,1,0,0,0,0,0,0,0,2021,0,0,0,0,0,0,0,,,,,,,0,0,1,1,1,1
NER,6105,61,5,1,4.0,1,1,1,1,1,1,1,0,1,1,1,0,2021,1,0,0,0,0,0,0,,,,,,,1,0,0,0,0,0
NER,6106,61,6,1,1.0,1,1,1,1,1,1,1,0,1,0,1,0,2021,0,0,0,0,0,0,0,,,,,,,0,0,0,0,0,0
NER,6107,61,7,1,4.0,1,0,0,1,1,0,1,0,0,0,0,0,2021,0,0,0,0,0,0,0,4.0,0.0,13.0,0.0,0.0,0.0,0,1,1,1,1,0
NER,6109,61,9,1,1.0,1,1,1,1,1,1,1,0,1,0,0,1,2021,0,0,0,0,0,0,0,,,,,,,0,0,0,0,0,0
NER,6110,61,10,1,1.0,1,0,0,1,1,0,1,0,0,0,0,0,2021,1,0,0,0,0,0,0,2.8938095569610596,0.0,3.0,0.0,0.0,0.0,0,1,1,0,1,0
NER,6111,61,11,1,3.0,1,0,0,1,1,1,1,0,1,1,0,0,2021,0,0,0,0,0,0,0,,,,,,,0,0,0,1,0,0
NER,6112,61,12,1,1.0,1,0,1,1,1,1,1,0,1,0,1,0,2021,0,0,0,0,0,0,0,,,,,,,0,0,0,0,0,0
NER,6117,61,17,1,2.0,1,0,0,1,1,0,0,0,1,1,0,0,2021,0,0,0,0,0,0,0,,0.0,5.0,0.0,0.0,0.0,0,0,0,0,1,0
NER,6201,62,1,1,4.0,0,0,0,1,1,0,0,0,0,0,0,0,2021,0,0,0,0,0,0,0,,0.0,7.0,0.0,0.0,0.0,0,0,0,0,1,0
NER,6202,62,2,1,4.0,0,0,0,1,1,0,0,0,0,0,0,0,2021,0,0,0,0,0,0,0,,,,,,,0,0,0,0,0,0
NER,6203,62,3,1,1.0,1,0,1,1,1,0,0,0,1,0,0,0,2021,0,0,0,0,0,0,0,,,,,,,0,0,0,0,0,0
NER,6204,62,4,1,1.0,0,0,0,1,1,0,0,0,1,0,0,0,2021,0,0,0,0,0,0,0,4.0,,,,,,0,1,1,0,0,0
NER,6205,62,5,1,4.0,0,1,0,1,1,0,0,0,0,0,0,0,2021,0,0,0,0,0,0,0,,,,,,,1,0,0,0,0,0
NER,6206,62,6,1,4.0,1,0,1,1,1,0,0,0,1,0,0,0,2021,0,0,0,0,0,0,0,,,,,,,0,0,0,0,0,0
NER,6207,62,7,1,4.0,0,0,0,1,1,0,0,0,1,0,0,0,2021,0,0,0,0,0,0,0,,,,,,,0,0,1,0,0,0
NER,6208,62,8,1,4.0,0,0,0,1,1,0,0,0,0,0,0,0,2021,0,0,0,0,0,0,0,,,,,,,0,0,0,1,0,0
NER,6209,62,9,1,4.0,0,0,0,1,1,0,0,0,1,0,0,0,2021,0,0,0,0,0,0,0,,0.0,2.0,0.0,0.0,0.0,0,0,0,0,0,0
NER,6210,62,10,1,4.0,1,0,0,1,1,0,0,0,0,0,0,0,2021,1,0,0,0,0,0,0,,0.0,0.0,0.0,0.0,0.0,0,0,1,1,0,0
NER,6211,62,11,1,4.0,0,0,0,1,1,0,0,0,0,0,0,0,2021,0,0,0,0,0,0,0,,,,,,,0,0,0,0,1,0
NER,6212,62,12,1,4.0,0,0,0,1,0,0,0,0,1,0,0,0,2021,0,0,0,0,0,0,0,,,,,,,0,0,0,0,0,0
NER,6301,63,1,1,1.0,1,0,0,1,1,0,1,0,1,0,0,0,2021,0,0,0,0,0,0,0,,0.0,6.0,0.0,0.0,0.0,0,0,1,0,1,0
NER,6302,63,2,1,1.0,1,0,0,1,1,1,1,0,1,1,0,0,2021,0,0,0,0,0,0,0,,2.0,0.0,0.0,0.0,0.0,0,1,0,0,0,0
NER,6303,63,3,1,3.0,1,0,1,1,1,1,1,0,1,0,0,1,2021,0,0,0,0,0,0,0,0.9700000286102295,0.0,2.0,0.0,0.0,0.0,0,0,0,0,0,0
NER,6304,63,4,1,1.0,1,1,1,1,1,0,1,0,1,0,0,0,2021,1,0,0,0,0,0,0,,,,,,,0,0,0,0,0,0
NER,6305,63,5,1,1.0,1,1,1,1,1,1,1,0,1,1,0,0,2021,1,0,0,0,0,0,0,,0.0,5.0,0.0,0.0,0.0,0,0,0,1,0,0
NER,6306,63,6,1,1.0,1,1,1,1,1,1,1,0,1,1,0,1,2021,1,1,1,1,1,1,0,,,,,,,0,0,0,0,0,0
NER,6307,63,7,1,1.0,1,1,1,1,1,1,1,0,0,0,0,1,2021,1,0,0,0,0,0,0,2.1519579887390137,0.0,11.0,0.0,0.0,0.0,0,1,1,0,1,0
NER,6308,63,8,1,3.0,1,0,0,1,1,0,0,0,1,0,0,0,2021,0,0,0,0,0,0,0,0.41135525703430176,0.0,8.0,0.0,0.0,0.0,0,0,0,0,0,0
NER,6309,63,9,1,1.0,1,0,1,1,1,1,1,0,1,0,0,0,2021,0,0,0,0,0,0,0,,,,,,,0,0,0,0,0,0
NER,6311,63,11,1,1.0,1,1,1,1,1,1,1,0,1,1,0,0,2021,0,0,0,0,0,0,0,,,,,,,1,1,0,1,0,0
NER,6312,63,12,1,1.0,1,0,1,1,1,1,1,0,1,0,0,0,2021,1,0,0,0,0,1,0,,0.0,7.0,0.0,0.0,0.0,0,0,0,0,0,0
NER,6324,63,24,1,1.0,1,1,0,1,1,1,1,0,1,0,0,0,2021,0,0,0,0,0,0,0,,0.0,12.0,0.0,0.0,0.0,1,0,0,1,0,0
NER,6401,64,1,1,2.0,0,0,0,0,1,0,0,0,1,0,0,0,2021,0,0,0,0,0,0,0,1.1399999856948853,19.0,20.0,0.0,0.0,0.0,0,1,0,0,1,0
NER,6402,64,2,1,2.0,0,0,0,0,0,0,0,0,0,0,0,0,2021,0,0,0,0,0,0,0,,41.0,77.0,0.0,0.0,0.0,1,0,0,0,0,0
NER,6403,64,3,1,2.0,0,0,0,0,0,0,0,0,0,0,0,0,2021,0,0,0,0,0,0,0,0.949999988079071,3.0,0.0,0.0,0.0,10.0,0,0,0,0,0,0
NER,6404,64,4,1,2.0,0,0,0,0,0,0,0,0,1,0,0,0,2021,0,0,0,0,0,0,0,1.600000023841858,30.0,12.0,0.0,0.0,0.0,0,1,1,0,0,0
NER,6405,64,5,1,2.0,1,0,0,0,0,0,0,0,0,0,0,0,2021,0,0,0,0,0,0,0,9.928200006484985,1.0,13.0,0.0,0.0,6.0,0,1,0,0,0,0
NER,6406,64,6,1,2.0,0,0,0,1,1,0,0,0,0,0,0,0,2021,0,0,0,0,0,0,0,1.399999976158142,2.0,10.0,0.0,0.0,0.0,1,0,1,0,0,0
NER,6407,64,7,1,2.0,1,0,0,0,0,0,0,0,0,0,0,0,2021,0,0,0,0,0,0,0,5.0,0.0,5.0,0.0,0.0,0.0,0,1,0,0,1,0
NER,6408,64,8,1,2.0,1,0,0,0,0,0,0,0,1,0,0,0,2021,0,0,0,0,0,0,0,0.9697999693453312,,,,,,0,1,0,0,0,0
NER,6409,64,9,1,2.0,0,0,0,0,0,0,0,0,0,0,0,0,2021,0,0,0,0,0,0,0,,20.0,15.0,0.0,0.0,0.0,0,0,1,0,0,0
NER,6410,64,10,1,2.0,0,0,0,0,0,0,0,0,0,0,0,0,2021,0,0,0,0,0,0,0,,31.0,15.0,0.0,0.0,0.0,0,1,0,0,0,0
NER,6411,64,11,1,2.0,1,0,0,0,0,0,0,0,1,0,0,0,2021,0,0,0,0,0,0,0,10.611000180244446,8.0,30.0,0.0,0.0,0.0,1,1,0,0,0,0
NER,6412,64,12,1,2.0,0,0,0,0,0,0,0,0,0,0,0,0,2021,0,0,0,0,0,0,0,,27.0,10.0,0.0,0.0,0.0,0,1,0,0,0,0
NER,6702,67,2,1,2.0,1,0,0,0,0,0,0,0,0,0,0,0,2021,0,0,0,0,0,0,0,7.40320011228323,0.0,2.0,0.0,0.0,0.0,0,1,0,0,0,0
NER,6703,67,3,1,2.0,0,0,0,1,1,0,0,0,0,0,0,0,2021,0,0,0,0,0,0,0,,0.0,17.0,0.0,0.0,0.0,0,0,0,0,0,0
NER,6704,67,4,1,1.0,1,0,0,0,1,0,0,0,0,0,0,0,2021,0,0,0,0,0,0,0,2.0501601696014404,0.0,6.0,0.0,0.0,0.0,0,0,0,1,1,0
NER,6705,67,5,1,2.0,1,0,0,1,1,0,0,0,0,0,0,0,2021,0,0,0,0,0,0,0,6.557961940765381,,,,,,0,1,0,0,0,0
NER,6706,67,6,1,2.0,0,0,0,1,1,0,0,0,0,0,0,0,2021,0,0,0,0,0,0,0,2.3566620349884033,,,,,,0,0,0,0,0,0
NER,6708,67,8,1,2.0,1,0,0,1,1,0,0,0,0,0,0,0,2021,0,0,0,0,0,0,0,7.382199913263321,,,,,,0,1,0,0,0,0
NER,6709,67,9,1,2.0,0,0,0,1,0,0,0,0,0,0,0,0,2021,0,0,0,0,0,0,0,,5.0,10.0,0.0,0.0,0.0,0,0,0,0,0,0
NER,6710,67,10,1,1.0,1,0,0,1,1,0,0,0,0,0,0,0,2021,0,0,0,0,0,0,0,2.1639487743377686,,,,,,0,1,0,1,1,0
NER,6711,67,11,1,2.0,1,0,0,0,0,0,0,0,0,0,0,0,2021,0,0,0,0,0,0,0,7.713200315833092,2.0,5.0,0.0,0.0,0.0,0,1,0,0,0,0
NER,6712,67,12,1,2.0,0,0,0,1,1,0,0,0,0,0,0,0,2021,0,0,0,0,0,0,0,1.3732576370239258,2.0,8.0,0.0,0.0,0.0,0,1,0,0,0,0
NER,6718,67,18,1,1.0,1,0,0,1,1,0,0,0,0,0,0,0,2021,0,0,0,0,0,0,0,2.093428134918213,,,,,,0,1,0,0,1,0
NER,6727,67,27,1,1.0,1,0,0,1,1,0,0,0,0,0,0,0,2021,0,0,0,0,0,0,0,,0.0,26.0,0.0,0.0,0.0,0,1,0,0,0,0
NER,6801,68,1,2,2.0,0,0,0,0,0,0,0,0,0,0,0,0,2021,0,0,0,0,0,0,0,,12.0,30.0,0.0,0.0,0.0,0,0,0,0,0,0
NER,6802,68,2,2,2.0,0,0,0,0,0,0,0,0,0,0,0,0,2021,0,0,0,0,0,0,0,,10.0,15.0,0.0,0.0,0.0,0,0,0,0,0,0
NER,6803,68,3,2,2.0,0,0,0,0,0,0,0,0,0,0,0,0,2021,0,0,0,0,0,0,0,,6.0,22.0,0.0,0.0,0.0,0,0,0,0,0,0
NER,6804,68,4,2,2.0,0,0,0,0,0,0,0,0,0,0,0,0,2021,0,0,0,0,0,0,0,,26.0,35.0,0.0,0.0,0.0,0,1,1,0,0,0
NER,6805,68,5,2,2.0,0,0,0,0,0,0,0,0,0,0,0,0,2021,0,0,0,0,0,0,0,1.9742000102996826,39.0,90.0,0.0,0.0,0.0,0,1,0,0,0,0
NER,6806,68,6,2,2.0,0,0,0,0,0,0,0,0,0,0,0,0,2021,0,0,0,0,0,0,0,,1.0,23.0,0.0,0.0,0.0,0,1,0,0,0,0
NER,6807,68,7,2,2.0,0,0,0,0,0,0,0,0,0,0,0,0,2021,0,0,0,0,0,0,0,0.8937000036239624,8.0,27.0,0.0,0.0,0.0,0,1,0,0,0,0
NER,6808,68,8,2,2.0,0,0,0,0,0,0,0,0,0,0,0,0,2021,0,0,0,0,0,0,0,1.0063999891281128,7.0,27.0,0.0,0.0,0.0,0,1,0,0,0,0
NER,6809,68,9,2,2.0,0,0,0,0,0,0,0,0,0,0,0,0,2021,0,0,0,0,0,0,0,8.972100257873535,8.0,15.0,0.0,0.0,0.0,0,1,0,0,0,0
NER,6810,68,10,2,2.0,0,0,0,0,0,0,0,0,0,0,0,0,2021,0,0,0,0,0,0,0,0.5748999714851379,5.0,8.0,0.0,0.0,0.0,0,1,0,0,0,0
NER,6811,68,11,2,2.0,0,0,0,0,0,0,0,0,0,0,0,0,2021,0,0,0,0,0,0,0,0.635699987411499,6.0,15.0,0.0,0.0,0.0,0,1,0,0,0,0
NER,6812,68,12,2,2.0,0,0,0,0,0,0,0,0,0,0,0,0,2021,0,0,0,0,0,0,0,0.7462000250816345,12.0,25.0,0.0,0.0,0.0,0,1,0,0,0,0
NER,6901,69,1,1,1.0,1,0,1,1,1,0,0,0,0,0,0,0,2021,0,0,0,0,0,0,0,,,,,,,0,0,0,0,0,0
NER,6902,69,2,1,2.0,1,0,1,1,1,1,1,0,0,0,0,0,2021,1,0,0,0,0,0,0,,,,,,,0,0,0,0,0,0
NER,6903,69,3,1,2.0,1,0,0,1,1,0,0,0,0,0,0,0,2021,0,0,0,0,0,0,0,,0.0,2.0,0.0,0.0,0.0,0,0,0,0,0,0
NER,6906,69,6,1,4.0,1,0,1,1,1,0,0,1,0,1,1,0,2021,0,0,0,0,0,0,0,,,,,,,0,0,0,0,0,0
NER,6907,69,7,1,2.0,1,0,0,1,1,0,0,0,0,0,0,0,2021,0,0,0,0,0,0,0,5.546500205993652,1.0,5.0,0.0,0.0,0.0,0,0,0,0,0,0
NER,6908,69,8,1,2.0,1,0,0,1,1,0,1,0,0,0,0,0,2021,1,0,0,0,0,0,0,,0.0,2.0,0.0,0.0,0.0,0,0,0,0,0,0
NER,6909,69,9,1,1.0,1,0,1,1,1,1,1,0,0,1,1,0,2021,0,0,0,0,0,0,0,,0.0,0.0,0.0,0.0,7.0,0,0,0,0,0,0
NER,6910,69,10,1,1.0,1,0,0,1,1,1,1,0,0,0,0,0,2021,1,0,0,0,0,0,0,5.8317999839782715,1.0,1.0,0.0,0.0,0.0,0,0,0,0,0,0
NER,6911,69,11,1,4.0,1,0,0,0,0,0,0,0,0,0,0,0,2021,0,0,0,0,0,0,0,0.06279999762773514,0.0,4.0,0.0,0.0,0.0,0,0,0,0,0,0
NER,6912,69,12,1,2.0,1,0,0,1,1,0,1,0,0,0,0,0,2021,0,0,0,0,0,0,0,,0.0,6.0,0.0,0.0,0.0,0,0,0,0,0,0
NER,6913,69,13,1,2.0,1,0,1,1,1,0,0,1,0,0,0,0,2021,0,0,0,0,0,0,0,2.5343000888824463,,,,,,0,0,0,0,0,0
NER,6914,69,14,1,4.0,1,0,0,0,0,0,0,0,0,0,0,0,2021,0,0,0,0,0,0,0,,,,,,,0,0,0,0,0,0
NER,7001,70,1,2,2.0,1,0,0,1,1,0,0,0,0,0,0,0,2021,0,0,0,0,0,0,0,1.062199980020523,,,,,,1,0,1,0,0,0
NER,7002,70,2,2,2.0,1,0,0,1,1,0,0,0,0,0,0,0,2021,0,0,0,0,0,0,0,4.089100122451782,2.0,0.0,0.0,0.0,0.0,0,0,1,0,0,0
NER,7003,70,3,2,2.0,1,0,0,0,0,0,0,0,0,0,0,0,2021,0,0,0,0,0,0,0,15.63610053062439,8.0,16.0,0.0,0.0,0.0,0,0,1,0,0,0
NER,7004,70,4,2,2.0,1,0,0,0,0,0,0,0,0,0,0,0,2021,0,0,0,0,0,0,0,1.3432999849319458,2.0,2.0,0.0,0.0,0.0,0,0,0,0,0,0
NER,7005,70,5,2,2.0,1,0,0,1,1,0,0,0,0,0,0,0,2021,0,0,0,0,0,0,0,,0.0,8.0,0.0,0.0,0.0,1,0,0,1,0,0
NER,7006,70,6,2,2.0,1,0,0,1,1,0,0,0,0,0,0,0,2021,0,0,0,0,0,0,0,16.285267233848572,3.0,20.0,0.0,0.0,0.0,0,1,0,1,0,0
NER,7007,70,7,2,2.0,1,0,0,1,1,0,0,0,0,0,0,0,2021,0,0,0,0,0,0,0,9.037199914455414,1.0,1.0,0.0,0.0,0.0,0,1,0,1,0,0
NER,7008,70,8,2,2.0,1,0,0,1,1,0,0,0,0,0,0,0,2021,0,0,0,0,0,0,0,,0.0,4.0,0.0,0.0,0.0,0,0,0,0,0,0
NER,7009,70,9,2,2.0,0,0,0,0,0,0,0,0,0,0,0,0,2021,0,0,0,0,0,0,0,0.770799994468689,,,,,,0,1,0,0,0,0
NER,7010,70,10,2,2.0,0,0,0,1,1,0,0,0,0,0,0,0,2021,0,0,0,0,0,0,0,0.9693999886512756,2.0,0.0,0.0,0.0,0.0,0,1,0,0,0,0
NER,7011,70,11,2,2.0,0,0,0,1,1,0,0,0,0,0,0,0,2021,0,0,0,0,0,0,0,1.5974000096321106,0.0,5.0,0.0,0.0,0.0,0,1,0,0,0,0
NER,7012,70,12,2,2.0,0,0,0,1,1,0,0,0,0,0,0,0,2021,0,0,0,0,0,0,0,2.2327999770641327,0.0,6.0,0.0,0.0,0.0,0,1,0,0,0,0
NER,7101,71,1,1,2.0,1,0,0,0,0,0,0,0,0,0,0,0,2021,0,0,0,0,0,0,0,5.102099895477295,4.0,18.0,0.0,0.0,0.0,0,0,0,0,0,0
NER,7102,71,2,1,2.0,1,0,0,0,0,0,0,0,0,0,0,0,2021,0,0,0,0,0,0,0,9.798600196838379,81.0,148.0,0.0,0.0,0.0,0,0,0,0,0,0
NER,7103,71,3,1,2.0,1,0,0,0,0,0,0,0,0,0,0,0,2021,0,0,0,0,0,0,0,1.0216000080108643,0.0,2.0,0.0,0.0,0.0,0,1,0,0,0,0
NER,7104,71,4,1,2.0,0,0,0,0,0,0,0,0,0,0,0,0,2021,0,0,0,0,0,0,0,3.120300054550171,3.0,0.0,0.0,0.0,12.0,0,0,0,0,0,0
NER,7105,71,5,1,2.0,0,0,0,1,1,0,0,0,0,0,0,0,2021,0,0,0,0,0,0,0,6.6554999351501465,35.0,59.0,0.0,0.0,0.0,0,0,0,0,0,0
NER,7106,71,6,1,2.0,0,0,0,0,0,0,0,0,0,0,0,0,2021,0,0,0,0,0,0,0,2.012399911880493,14.0,20.0,0.0,0.0,0.0,0,1,0,0,0,0
NER,7107,71,7,1,2.0,0,0,0,0,0,0,0,0,0,0,0,0,2021,0,0,0,0,0,0,0,1.3250999450683594,5.0,14.0,0.0,0.0,0.0,0,0,0,0,0,0
NER,7109,71,9,1,2.0,1,0,0,0,0,0,0,0,0,0,0,0,2021,0,0,0,0,0,0,0,3.1131999492645264,22.0,42.0,0.0,0.0,0.0,0,0,0,0,0,0
NER,7110,71,10,1,2.0,0,0,0,0,0,0,0,0,0,0,0,0,2021,0,0,0,0,0,0,0,2.049799919128418,12.0,29.0,0.0,0.0,0.0,1,0,0,0,0,0
NER,7111,71,11,1,2.0,1,0,0,0,0,0,0,0,0,0,0,0,2021,0,0,0,0,0,0,0,5.823299884796143,1.0,6.0,0.0,0.0,0.0,0,0,0,0,0,0
NER,7112,71,12,1,2.0,1,0,0,0,0,0,0,0,0,0,0,0,2021,0,0,0,0,0,0,0,7.806300163269043,90.0,250.0,0.0,0.0,0.0,0,0,0,0,0,0
NER,7114,71,14,1,2.0,0,0,0,0,0,0,0,0,0,0,0,0,2021,0,0,0,0,0,0,0,0.7508000135421753,,,,,,0,0,0,0,0,0
NER,7201,72,1,2,2.0,0,0,0,0,0,0,0,0,0,0,0,0,2021,0,0,0,0,0,0,0,,22.0,40.0,0.0,0.0,0.0,0,0,0,0,0,0
NER,7202,72,2,2,2.0,0,0,0,0,0,0,0,0,0,0,0,0,2021,0,0,0,0,0,0,0,,104.0,110.0,0.0,0.0,0.0,0,0,1,0,0,0
NER,7203,72,3,2,2.0,0,0,0,0,0,0,0,0,0,0,0,0,2021,0,0,0,0,0,0,0,1.6234999895095825,1.0,21.0,0.0,0.0,0.0,0,0,1,0,0,0
NER,7204,72,4,2,2.0,0,0,0,0,0,0,0,0,0,0,0,0,2021,0,0,0,0,0,0,0,,19.0,50.0,0.0,0.0,0.0,0,0,0,0,0,0
NER,7205,72,5,2,2.0,0,0,0,0,0,0,0,0,0,0,0,0,2021,0,0,0,0,0,0,0,0.9146999716758728,7.0,28.0,0.0,0.0,0.0,0,1,0,1,0,0
NER,7206,72,6,2,2.0,0,0,0,0,0,0,0,0,0,0,0,0,2021,0,0,0,0,0,0,0,1.6970000267028809,9.0,15.0,0.0,0.0,0.0,0,1,0,0,0,0
NER,7207,72,7,2,2.0,0,0,0,0,0,0,0,0,0,0,0,0,2021,0,0,0,0,0,0,0,,9.0,29.0,0.0,0.0,0.0,0,1,0,0,0,0
NER,7208,72,8,2,2.0,0,0,0,0,0,0,0,0,0,0,0,0,2021,0,0,0,0,0,0,0,1.1847000122070312,13.0,37.0,0.0,0.0,0.0,0,1,0,0,0,0
NER,7209,72,9,2,2.0,0,0,0,0,0,0,0,0,0,0,0,0,2021,0,0,0,0,0,0,0,,12.0,38.0,0.0,0.0,0.0,0,0,0,0,0,0
NER,7210,72,10,2,2.0,0,0,0,0,0,0,0,0,0,0,0,0,2021,0,0,0,0,0,0,0,1.4366999864578247,18.0,60.0,0.0,0.0,0.0,0,1,0,0,0,0
NER,7211,72,11,2,2.0,0,0,0,0,0,0,0,0,0,0,0,0,2021,0,0,0,0,0,0,0,0.5213000178337097,5.0,22.0,0.0,0.0,0.0,0,1,0,0,0,0
NER,7212,72,12,2,2.0,0,0,0,0,0,0,0,0,0,0,0,0,2021,0,0,0,0,0,0,0,0.6647999882698059,6.0,41.0,0.0,0.0,0.0,0,1,0,0,0,0
NER,7301,73,1,1,2.0,1,0,0,1,1,0,1,0,0,0,0,0,2021,1,0,0,0,0,0,0,0.5142999887466431,0.0,4.0,0.0,0.0,0.0,0,0,0,0,0,0
NER,7302,73,2,1,4.0,1,0,0,1,0,0,0,0,0,0,0,0,2021,0,0,0,0,0,0,0,1.833299994468689,,,,,,0,0,0,0,0,0
NER,7303,73,3,1,4.0,1,0,0,1,1,0,0,0,0,0,0,0,2021,0,0,0,0,0,0,0,,,,,,,1,0,0,0,0,0
NER,7304,73,4,1,2.0,1,0,0,1,1,0,1,0,0,0,0,0,2021,0,0,0,0,0,0,0,3.649500012397766,,,,,,0,0,0,0,0,0
NER,7305,73,5,1,2.0,1,0,0,1,1,0,0,0,0,0,0,0,2021,0,0,0,0,0,0,0,,0.0,5.0,0.0,0.0,2.0,0,0,0,0,0,0
NER,7306,73,6,1,2.0,1,0,0,0,0,0,0,0,0,0,0,0,2021,0,0,0,0,0,0,0,2.0125999450683594,0.0,9.0,0.0,0.0,0.0,0,0,0,0,0,0
NER,7307,73,7,1,2.0,0,0,0,1,1,0,0,0,0,0,0,0,2021,0,0,0,0,0,0,0,1.052899956703186,,,,,,0,0,0,0,0,0
NER,7308,73,8,1,2.0,1,0,1,1,1,1,1,0,0,0,0,0,2021,1,0,0,0,0,0,0,1.4745999574661255,,,,,,0,0,0,0,0,0
NER,7309,73,9,1,2.0,1,0,0,1,1,0,0,0,0,0,0,0,2021,0,0,0,0,0,0,0,,0.0,6.0,0.0,0.0,0.0,0,0,0,0,0,0
NER,7310,73,10,1,2.0,1,1,1,1,1,1,1,0,0,0,0,0,2021,0,0,0,0,0,0,0,0.7364000082015991,0.0,13.0,0.0,0.0,0.0,0,0,0,0,0,0
NER,7311,73,11,1,4.0,1,1,1,1,1,1,1,0,0,1,0,0,2021,0,0,0,0,0,0,0,1.833299994468689,,,,,,0,0,0,0,0,0
NER,7312,73,12,1,2.0,1,0,0,1,1,0,0,0,0,0,0,0,2021,0,0,0,0,0,0,0,0.9024999737739563,0.0,15.0,0.0,0.0,0.0,0,1,0,0,0,0
NER,7401,74,1,2,2.0,1,0,0,1,1,0,0,0,0,0,0,0,2021,0,0,0,0,0,0,0,2.121999979019165,0.0,3.0,0.0,0.0,0.0,0,0,1,0,0,0
NER,7402,74,2,2,2.0,0,0,0,0,0,0,0,0,0,0,0,0,2021,0,0,0,0,0,0,0,1.8531999588012695,6.0,18.0,0.0,0.0,0.0,0,0,1,0,0,0
NER,7403,74,3,2,2.0,1,0,0,0,0,0,0,0,0,0,0,0,2021,0,0,0,0,0,0,0,1.441499948501587,0.0,9.0,0.0,0.0,0.0,0,0,1,0,0,0
NER,7404,74,4,2,2.0,1,0,0,1,1,0,0,0,0,0,0,0,2021,0,0,0,0,0,0,0,1.6820000410079956,0.0,5.0,0.0,0.0,0.0,0,0,1,0,0,0
NER,7405,74,5,2,2.0,1,0,0,0,0,0,0,0,0,0,0,0,2021,0,0,0,0,0,0,0,2.505099892616272,0.0,7.0,0.0,0.0,0.0,0,1,0,0,0,0
NER,7406,74,6,2,2.0,1,0,0,0,0,0,0,0,0,0,0,0,2021,0,0,0,0,0,0,0,2.0961999893188477,0.0,16.0,0.0,0.0,0.0,0,0,0,1,0,0
NER,7407,74,7,2,2.0,1,0,0,0,0,0,0,0,0,0,0,0,2021,0,0,0,0,0,0,0,6.083499908447266,0.0,2.0,0.0,0.0,0.0,0,1,0,0,0,0
NER,7408,74,8,2,2.0,1,0,0,0,0,0,0,0,0,0,0,0,2021,0,0,0,0,0,0,0,6.120000123977661,1.0,12.0,0.0,0.0,0.0,1,1,0,0,0,0
NER,7409,74,9,2,2.0,1,1,1,1,1,0,0,0,0,0,0,0,2021,0,0,0,0,0,0,0,0.8862000107765198,0.0,4.0,0.0,0.0,0.0,0,0,0,0,0,0
NER,7410,74,10,2,2.0,1,0,0,1,1,0,0,0,0,0,0,0,2021,0,0,0,0,0,0,0,1.9914000630378723,0.0,8.0,0.0,0.0,0.0,0,1,0,0,0,0
NER,7411,74,11,2,2.0,1,0,0,0,0,0,0,0,0,0,0,0,2021,0,0,0,0,0,0,0,0.7512999773025513,,,,,,0,1,0,0,0,0
NER,7412,74,12,2,2.0,1,0,0,0,0,0,0,0,0,0,0,0,2021,0,0,0,0,0,0,0,0.6172999739646912,,,,,,0,0,0,0,0,0
NER,7502,75,2,1,2.0,1,0,0,0,0,0,0,0,0,0,0,0,2021,0,0,0,0,0,0,0,7.494900226593018,9.0,35.0,0.0,0.0,0.0,0,0,0,0,0,0
NER,7503,75,3,1,2.0,1,0,0,0,0,0,0,0,0,0,0,0,2021,0,0,0,0,0,0,0,3.1410000324249268,0.0,10.0,0.0,0.0,0.0,0,1,0,0,0,0
NER,7504,75,4,1,2.0,1,0,0,1,1,0,0,0,0,0,0,0,2021,0,0,0,0,0,0,0,4.215799808502197,1.0,14.0,0.0,0.0,0.0,0,0,0,0,0,0
NER,7505,75,5,1,2.0,1,0,0,1,1,0,0,0,0,0,0,0,2021,0,0,0,0,0,0,0,,,,,,,0,0,0,0,0,0
NER,7506,75,6,1,2.0,1,0,0,1,0,0,0,0,0,0,0,0,2021,0,0,0,0,0,0,0,4.916399955749512,,,,,,0,0,0,0,0,0
NER,7508,75,8,1,2.0,1,0,0,0,0,0,0,0,0,0,0,0,2021,0,0,0,0,0,0,0,1.7714999914169312,0.0,6.0,0.0,0.0,0.0,1,0,1,1,0,0
NER,7509,75,9,1,2.0,1,0,0,0,0,0,0,0,0,0,0,0,2021,0,0,0,0,0,0,0,2.7678000926971436,0.0,20.0,0.0,0.0,0.0,0,0,0,0,0,0
NER,7510,75,10,1,2.0,1,0,0,0,0,0,0,0,0,0,0,0,2021,0,0,0,0,0,0,0,,,,,,,0,1,0,0,0,0
NER,7511,75,11,1,2.0,0,0,0,0,0,0,0,0,0,0,0,0,2021,0,0,0,0,0,0,0,5.216100215911865,26.0,30.0,0.0,0.0,0.0,0,0,0,0,0,0
NER,7512,75,12,1,2.0,1,0,0,1,1,0,0,0,0,0,0,0,2021,0,0,0,0,0,0,0,5.678400039672852,0.0,9.0,0.0,0.0,0.0,0,0,0,0,0,0
NER,7515,75,15,1,2.0,1,0,0,0,0,0,0,0,0,0,0,0,2021,0,0,0,0,0,0,0,3.458899974822998,1.0,2.0,0.0,0.0,0.0,0,0,0,0,0,0
NER,7517,75,17,1,2.0,1,0,0,0,0,0,0,0,0,0,0,0,2021,0,0,0,0,0,0,0,,3.0,25.0,0.0,0.0,0.0,0,1,0,0,0,0
NER,7601,76,1,2,1.0,1,0,0,1,1,0,0,0,0,1,0,0,2021,0,0,0,0,0,0,0,1.4788000583648682,,,,,,0,1,1,1,0,0
NER,7602,76,2,2,4.0,1,0,0,1,1,0,0,0,0,0,0,0,2021,0,0,0,0,0,0,0,,,,,,,0,0,1,0,0,0
NER,7603,76,3,2,1.0,1,1,0,1,1,0,1,0,0,0,0,0,2021,0,0,0,0,0,0,0,,,,,,,0,0,0,0,0,0
NER,7604,76,4,2,1.0,1,1,1,1,1,1,1,0,0,1,0,0,2021,0,0,0,0,0,0,0,,,,,,,1,0,0,0,0,0
NER,7605,76,5,2,3.0,1,1,1,1,1,1,1,0,0,0,0,0,2021,1,0,1,0,0,1,0,,,,,,,0,1,0,0,0,0
NER,7606,76,6,2,1.0,1,1,1,1,1,1,1,0,0,0,1,0,2021,1,1,1,0,1,1,0,,35.0,48.0,0.0,0.0,0.0,0,0,0,1,0,1
NER,7607,76,7,2,1.0,1,0,0,1,1,1,1,0,0,0,0,0,2021,0,0,1,0,0,0,0,2.7860999703407288,0.0,14.0,0.0,0.0,10.0,1,1,0,1,0,0
NER,7608,76,8,2,4.0,1,0,0,1,1,0,0,0,0,0,0,0,2021,0,0,0,0,0,0,0,2.735100030899048,0.0,1.0,0.0,0.0,0.0,0,1,0,0,0,0
NER,7609,76,9,2,1.0,1,0,1,1,1,0,0,0,0,0,0,0,2021,0,0,0,0,0,0,0,0.8252000212669373,,,,,,0,1,0,0,0,0
NER,7610,76,10,2,2.0,1,1,1,1,1,1,1,0,0,0,0,0,2021,0,0,0,0,0,0,0,,,,,,,0,0,0,0,0,0
NER,7611,76,11,2,2.0,1,0,1,1,1,0,0,0,0,0,0,0,2021,0,0,0,0,0,0,0,0.6879000067710876,,,,,,1,1,0,0,0,0
NER,7612,76,12,2,2.0,1,1,1,1,1,1,1,0,0,0,0,0,2021,1,0,0,0,0,1,0,1.354200005531311,,,,,,0,1,0,1,0,0
NER,7702,77,2,1,2.0,1,0,0,1,1,0,0,0,0,0,0,0,2021,0,0,0,0,0,0,0,,,,,,,0,0,0,0,0,0
NER,7703,77,3,1,2.0,1,0,0,1,1,0,0,0,0,0,0,0,2021,0,0,0,0,0,0,0,4.970300197601318,3.0,9.0,0.0,0.0,0.0,0,0,0,0,0,0
NER,7704,77,4,1,2.0,0,0,0,0,0,0,0,0,0,0,0,0,2021,0,0,0,0,0,0,0,,3.0,15.0,0.0,0.0,0.0,0,0,0,0,0,0
NER,7705,77,5,1,2.0,1,0,0,0,0,0,0,0,0,0,0,0,2021,0,0,0,0,0,0,0,5.071499824523926,0.0,12.0,0.0,0.0,0.0,0,0,1,0,0,0
NER,7706,77,6,1,2.0,0,0,0,0,0,0,0,0,0,0,0,0,2021,0,0,0,0,0,0,0,3.1356000900268555,12.0,60.0,0.0,0.0,0.0,0,0,0,0,0,0
NER,7707,77,7,1,2.0,1,0,0,1,1,0,0,0,0,0,0,0,2021,0,0,0,0,0,0,0,1.812399983406067,2.0,19.0,0.0,0.0,0.0,0,0,0,0,0,0
NER,7708,77,8,1,2.0,1,0,0,0,0,0,0,0,0,0,0,0,2021,0,0,0,0,0,0,0,1.3315000534057617,0.0,10.0,0.0,0.0,0.0,0,0,1,0,0,0
NER,7709,77,9,1,2.0,0,0,0,0,0,0,0,0,0,0,0,0,2021,0,0,0,0,0,0,0,,10.0,34.0,0.0,0.0,0.0,1,0,0,0,0,0
NER,7710,77,10,1,2.0,1,0,0,0,0,0,0,0,0,0,0,0,2021,0,0,0,0,0,0,0,2.53410005569458,1.0,11.0,0.0,0.0,0.0,0,0,0,0,0,0
NER,7711,77,11,1,2.0,0,0,0,0,0,0,0,0,0,0,0,0,2021,0,0,0,0,0,0,0,,37.0,43.0,0.0,0.0,0.0,0,0,1,0,0,0
NER,7712,77,12,1,2.0,1,0,0,0,0,0,0,0,0,0,0,0,2021,0,0,0,0,0,0,0,,1.0,20.0,0.0,0.0,0.0,0,0,0,0,0,0
NER,7713,77,13,1,2.0,1,0,0,0,0,0,0,0,0,0,0,0,2021,0,0,0,0,0,0,0,2.5123000144958496,2.0,18.0,0.0,0.0,0.0,0,1,0,0,0,0
NER,7801,78,1,2,2.0,0,0,0,0,0,0,0,0,0,0,0,0,2021,0,0,0,0,0,0,0,0.8866999745368958,1.0,15.0,0.0,0.0,0.0,0,1,1,0,0,0
NER,7802,78,2,2,2.0,1,0,0,0,0,0,0,0,0,0,0,0,2021,0,0,0,0,0,0,0,2.5676000118255615,,,,,,0,1,1,0,0,0
NER,7803,78,3,2,2.0,1,0,0,0,0,0,0,0,0,0,0,0,2021,0,0,0,0,0,0,0,2.102299928665161,1.0,5.0,0.0,0.0,0.0,0,0,0,0,0,0
NER,7804,78,4,2,2.0,1,0,0,0,0,0,0,0,0,0,0,0,2021,0,0,0,0,0,0,0,2.3921000957489014,1.0,11.0,0.0,0.0,0.0,0,0,0,0,0,0
NER,7805,78,5,2,2.0,0,0,0,0,0,0,0,0,0,0,0,0,2021,0,0,0,0,0,0,0,,22.0,30.0,0.0,0.0,0.0,1,1,0,0,0,0
NER,7806,78,6,2,2.0,1,0,0,0,0,0,0,0,0,0,0,0,2021,0,0,0,0,0,0,0,2.6603999733924866,1.0,4.0,0.0,0.0,0.0,1,1,0,0,0,0
NER,7807,78,7,2,2.0,1,0,0,0,0,0,0,0,0,0,0,0,2021,0,0,0,0,0,0,0,1.3982000350952148,,,,,,0,1,0,0,0,0
NER,7808,78,8,2,2.0,1,0,0,0,0,0,0,0,0,0,0,0,2021,0,0,0,0,0,0,0,2.554100066423416,,,,,,1,1,0,0,0,0
NER,7809,78,9,2,2.0,0,0,1,0,0,0,0,0,0,0,0,0,2021,0,0,0,0,0,0,0,5.479499816894531,0.0,10.0,0.0,0.0,0.0,0,1,0,0,0,0
NER,7810,78,10,2,2.0,0,0,1,0,0,0,0,0,0,0,0,0,2021,0,0,0,0,0,0,0,1.6258999705314636,16.0,36.0,0.0,0.0,0.0,0,1,0,0,0,0
NER,7811,78,11,2,2.0,0,0,1,0,0,0,0,0,0,0,0,0,2021,0,0,0,0,0,0,0,0.8125,0.0,13.0,0.0,0.0,0.0,0,1,0,0,0,0
NER,7812,78,12,2,2.0,0,0,0,0,0,0,0,0,0,0,0,0,2021,0,0,0,0,0,0,0,,2.0,28.0,0.0,0.0,0.0,0,0,0,0,0,0
NER,7901,79,1,1,2.0,0,0,0,0,0,0,0,0,0,0,0,0,2021,0,0,0,0,0,0,0,,37.0,23.0,0.0,0.0,0.0,0,0,0,0,0,0
NER,7902,79,2,1,2.0,0,0,0,0,1,0,0,0,0,0,0,0,2021,0,0,0,0,0,0,0,1.8173999786376953,22.0,30.0,0.0,0.0,0.0,0,0,0,0,0,0
NER,7903,79,3,1,2.0,0,0,0,0,0,0,0,0,0,0,0,0,2021,0,0,0,0,0,0,0,0.7200999855995178,0.0,63.0,0.0,0.0,0.0,1,0,0,0,0,0
NER,7904,79,4,1,2.0,0,0,0,0,0,0,0,0,0,0,0,0,2021,0,0,0,0,0,0,0,,11.0,31.0,0.0,0.0,0.0,0,0,0,0,0,0
NER,7905,79,5,1,2.0,0,0,0,0,1,0,0,0,0,0,0,0,2021,0,0,0,0,0,0,0,1.642699956893921,38.0,76.0,0.0,0.0,0.0,0,0,0,0,0,0
NER,7906,79,6,1,2.0,0,0,0,0,0,0,0,0,1,0,0,0,2021,0,0,0,0,0,0,0,0.021299999207258224,1.0,35.0,0.0,0.0,0.0,0,0,0,0,0,0
NER,7907,79,7,1,2.0,0,0,0,0,0,0,0,0,0,0,0,0,2021,0,0,0,0,0,0,0,0.6998000144958496,17.0,42.0,0.0,0.0,0.0,0,0,0,0,0,0
NER,7908,79,8,1,2.0,0,0,0,0,0,0,0,0,0,0,0,0,2021,0,0,0,0,0,0,0,,33.0,35.0,0.0,0.0,0.0,0,0,0,0,0,0
NER,7909,79,9,1,2.0,0,0,0,0,0,0,0,0,0,0,0,0,2021,0,0,0,0,0,0,0,,36.0,20.0,0.0,0.0,0.0,0,1,0,0,0,0
NER,7910,79,10,1,2.0,0,0,0,0,0,0,0,0,0,0,0,0,2021,0,0,0,0,0,0,0,0.7874000072479248,17.0,22.0,0.0,0.0,0.0,0,0,0,0,0,0
NER,7911,79,11,1,2.0,0,0,0,0,0,0,0,0,0,0,0,0,2021,0,0,0,0,0,0,0,,46.0,56.0,0.0,0.0,0.0,0,0,0,0,0,0
NER,7912,79,12,1,2.0,0,0,0,0,0,0,0,0,0,0,0,0,2021,0,0,0,0,0,0,0,0.9024999737739563,25.0,25.0,0.0,0.0,0.0,0,0,0,0,0,0
NER,8001,80,1,2,2.0,0,0,0,0,0,0,0,0,0,0,0,0,2021,0,0,0,0,0,0,0,0.9366000294685364,10.0,16.0,0.0,0.0,0.0,0,1,1,0,0,0
NER,8002,80,2,2,2.0,0,0,0,0,0,0,0,0,0,0,0,0,2021,0,0,0,0,0,0,0,,28.0,36.0,0.0,0.0,0.0,0,0,0,0,0,0
NER,8003,80,3,2,2.0,0,0,0,0,0,0,0,0,0,0,0,0,2021,0,0,0,0,0,0,0,,15.0,45.0,0.0,0.0,0.0,0,0,0,0,0,0
NER,8004,80,4,2,2.0,0,0,0,0,0,0,0,0,0,0,0,0,2021,0,0,0,0,0,0,0,,7.0,28.0,0.0,0.0,0.0,0,0,0,0,0,0
NER,8005,80,5,2,2.0,1,0,0,0,0,0,0,0,0,0,0,0,2021,0,0,0,0,0,0,0,1.6173999905586243,0.0,9.0,0.0,0.0,0.0,1,1,0,0,0,0
NER,8006,80,6,2,2.0,0,0,0,0,0,0,0,0,0,0,0,0,2021,0,0,0,0,0,0,0,0.9839000105857849,0.0,18.0,0.0,0.0,0.0,0,1,0,0,0,0
NER,8007,80,7,2,2.0,0,0,0,0,0,0,0,0,0,0,0,0,2021,0,0,0,0,0,0,0,1.7128000259399414,1.0,10.0,0.0,0.0,0.0,0,1,0,0,0,0
NER,8008,80,8,2,2.0,0,0,0,0,0,0,0,0,0,0,0,0,2021,0,0,0,0,0,0,0,1.853700041770935,0.0,16.0,0.0,0.0,0.0,0,1,0,0,0,0
NER,8009,80,9,2,2.0,0,0,0,0,0,0,0,0,0,0,0,0,2021,0,0,0,0,0,0,0,0.854200005531311,0.0,18.0,0.0,0.0,0.0,0,1,0,0,0,0
NER,8010,80,10,2,2.0,0,0,0,0,0,0,0,0,0,0,0,0,2021,0,0,0,0,0,0,0,0.6172999739646912,0.0,11.0,0.0,0.0,0.0,0,1,0,0,0,0
NER,8011,80,11,2,2.0,0,0,0,0,0,0,0,0,0,0,0,0,2021,0,0,0,0,0,0,0,0.5472000241279602,0.0,14.0,0.0,0.0,0.0,0,1,0,0,0,0
NER,8012,80,12,2,2.0,0,0,0,0,0,0,0,0,0,0,0,0,2021,0,0,0,0,0,0,0,0.6894000172615051,0.0,11.0,0.0,0.0,0.0,0,1,0,0,0,0
NER,8101,81,1,2,2.0,0,0,0,0,0,0,0,0,0,0,0,0,2021,0,0,0,0,0,0,0,,52.0,75.0,0.0,0.0,0.0,0,0,1,0,0,0
NER,8102,81,2,2,2.0,0,0,0,0,0,0,0,0,0,0,0,0,2021,0,0,0,0,0,0,0,,14.0,20.0,0.0,0.0,0.0,0,0,0,0,0,0
NER,8103,81,3,2,2.0,0,0,0,0,0,0,0,0,0,0,0,0,2021,0,0,0,0,0,0,0,,10.0,22.0,0.0,0.0,0.0,0,0,1,0,0,0
NER,8104,81,4,2,2.0,0,0,0,0,0,0,0,0,0,0,0,0,2021,0,0,0,0,0,0,0,,19.0,43.0,0.0,0.0,0.0,0,0,1,0,0,0
NER,8105,81,5,2,2.0,1,0,0,0,0,0,0,0,0,0,0,0,2021,0,0,0,0,0,0,0,3.542799949645996,15.0,40.0,0.0,0.0,0.0,0,1,0,0,0,0
NER,8106,81,6,2,2.0,0,0,0,0,0,0,0,0,0,0,0,0,2021,0,0,0,0,0,0,0,,7.0,15.0,0.0,0.0,0.0,0,1,0,0,0,0
NER,8107,81,7,2,2.0,0,0,0,0,0,0,0,0,0,0,0,0,2021,0,0,0,0,0,0,0,0.9678999781608582,6.0,23.0,0.0,0.0,0.0,0,1,0,0,0,0
NER,8108,81,8,2,2.0,0,0,0,0,0,0,0,0,0,0,0,0,2021,0,0,0,0,0,0,0,0.9850999712944031,37.0,52.0,0.0,0.0,0.0,0,1,0,0,0,0
NER,8109,81,9,2,2.0,0,0,0,0,0,0,0,0,0,0,0,0,2021,0,0,0,0,0,0,0,1.0654000043869019,21.0,10.0,0.0,0.0,0.0,0,1,0,0,0,0
NER,8110,81,10,2,2.0,0,0,0,0,0,0,0,0,0,0,0,0,2021,0,0,0,0,0,0,0,1.1243000030517578,10.0,13.0,0.0,0.0,0.0,0,0,0,0,0,0
NER,8111,81,11,2,2.0,0,0,0,0,0,0,0,0,0,0,0,0,2021,0,0,0,0,0,0,0,1.5744999647140503,5.0,7.0,0.0,0.0,0.0,0,1,0,0,0,0
NER,8112,81,12,2,2.0,0,0,0,0,0,0,0,0,0,0,0,0,2021,0,0,0,0,0,0,0,0.7486000061035156,4.0,20.0,0.0,0.0,0.0,0,1,0,0,0,0
NER,8201,82,1,2,2.0,0,0,0,0,0,0,0,0,0,0,0,0,2021,0,0,0,0,0,0,0,,4.0,6.0,0.0,0.0,0.0,0,1,1,0,0,0
NER,8202,82,2,2,2.0,0,0,0,0,0,0,0,0,0,0,0,0,2021,0,0,0,0,0,0,0,1.2005000114440918,5.0,25.0,0.0,0.0,0.0,0,1,1,0,0,0
NER,8203,82,3,2,2.0,0,0,0,0,0,0,0,0,0,0,0,0,2021,0,0,0,0,0,0,0,,3.0,8.0,0.0,0.0,0.0,1,1,1,0,0,0
NER,8204,82,4,2,2.0,0,0,0,0,0,0,0,0,0,0,0,0,2021,0,0,0,0,0,0,0,,6.0,6.0,0.0,0.0,0.0,0,1,1,0,0,0
NER,8205,82,5,2,2.0,1,0,0,0,0,0,0,0,0,0,0,0,2021,0,0,0,0,0,0,0,1.8950999975204468,0.0,24.0,0.0,0.0,0.0,0,1,0,1,0,0
NER,8206,82,6,2,1.0,0,0,0,0,0,0,0,0,0,0,0,0,2021,0,0,0,0,0,0,0,7.428800106048584,15.0,12.0,0.0,0.0,0.0,0,1,0,0,0,0
NER,8207,82,7,2,2.0,0,0,0,0,0,0,0,0,0,0,0,0,2021,0,0,0,0,0,0,0,6.850200176239014,10.0,25.0,0.0,0.0,0.0,0,1,0,0,0,0
NER,8208,82,8,2,2.0,0,0,0,0,0,0,0,0,0,0,0,0,2021,0,0,0,0,0,0,0,7.512199878692627,20.0,30.0,0.0,0.0,0.0,0,1,0,0,0,0
NER,8209,82,9,2,2.0,0,0,0,0,0,0,0,0,0,0,0,0,2021,0,0,0,0,0,0,0,0.9057000279426575,4.0,8.0,0.0,0.0,0.0,0,1,0,0,0,0
NER,8210,82,10,2,2.0,0,0,0,0,0,0,0,0,0,0,0,0,2021,0,0,0,0,0,0,0,0.7426999807357788,0.0,4.0,0.0,0.0,0.0,0,1,0,0,0,0
NER,8211,82,11,2,2.0,0,0,0,0,0,0,0,0,0,0,0,0,2021,0,0,0,0,0,0,0,0.5914000272750854,1.0,7.0,0.0,0.0,0.0,0,1,0,0,0,0
NER,8212,82,12,2,2.0,0,0,0,0,0,0,0,0,0,0,0,0,2021,0,0,0,0,0,0,0,0.8471999764442444,1.0,4.0,0.0,0.0,0.0,0,1,0,0,0,0
NER,8401,84,1,2,2.0,0,0,0,0,0,0,0,0,0,0,0,0,2021,0,0,0,0,0,0,0,,13.0,20.0,0.0,0.0,0.0,0,1,1,0,0,0
NER,8402,84,2,2,2.0,1,0,0,1,1,0,0,0,0,0,0,0,2021,0,0,0,0,0,0,0,2.0536000728607178,0.0,11.0,0.0,0.0,6.0,0,1,1,0,0,0
NER,8403,84,3,2,2.0,0,0,0,0,0,0,0,0,0,0,0,0,2021,0,0,0,0,0,0,0,,11.0,18.0,0.0,0.0,0.0,0,0,1,0,0,0
NER,8404,84,4,2,2.0,1,0,0,1,0,0,0,0,0,0,0,0,2021,0,0,0,0,0,0,0,2.3239998817443848,0.0,6.0,0.0,0.0,0.0,0,1,1,0,0,0
NER,8405,84,5,2,2.0,1,0,0,1,1,0,0,0,0,0,0,0,2021,0,0,0,0,0,0,0,8.432999968528748,0.0,11.0,0.0,0.0,0.0,0,1,0,0,0,0
NER,8406,84,6,2,2.0,1,0,0,1,1,0,0,0,0,0,0,0,2021,0,0,0,0,0,0,0,5.502700090408325,0.0,8.0,0.0,0.0,0.0,0,1,0,0,0,0
NER,8407,84,7,2,2.0,1,0,0,1,1,0,0,0,0,0,0,0,2021,0,0,0,0,0,0,0,6.822900056838989,0.0,13.0,0.0,0.0,0.0,0,1,0,0,0,0
NER,8408,84,8,2,2.0,1,0,0,1,1,0,0,0,0,0,0,0,2021,0,0,0,0,0,0,0,13.39400029182434,0.0,38.0,0.0,0.0,0.0,0,1,0,1,0,0
NER,8409,84,9,2,2.0,1,0,0,0,0,0,0,0,0,0,0,0,2021,0,0,0,0,0,0,0,1.9135000109672546,0.0,6.0,0.0,0.0,0.0,0,1,0,0,0,0
NER,8410,84,10,2,2.0,0,0,0,0,0,0,0,0,0,0,0,0,2021,0,0,0,0,0,0,0,0.5866000056266785,0.0,3.0,0.0,0.0,0.0,0,0,0,0,0,0
NER,8411,84,11,2,2.0,1,0,0,1,1,0,0,0,0,0,0,0,2021,0,0,0,0,0,0,0,0.5411999821662903,,,,,,0,1,0,0,0,0
NER,8412,84,12,2,2.0,0,0,0,0,0,0,0,0,0,0,0,0,2021,0,0,0,0,0,0,0,1.3718000054359436,0.0,5.0,0.0,0.0,0.0,1,1,0,0,0,0
NER,8501,85,1,1,2.0,1,0,0,1,1,0,1,0,0,0,0,0,2021,0,0,0,0,0,0,0,1.6653000116348267,,,,,,0,0,1,0,0,0
NER,8502,85,2,1,2.0,1,0,0,1,1,0,0,0,0,0,0,0,2021,0,0,0,0,0,0,0,3.222899913787842,1.0,4.0,0.0,0.0,0.0,0,0,0,0,0,0
NER,8503,85,3,1,2.0,1,0,0,1,1,0,0,0,0,0,0,0,2021,0,0,0,0,0,0,0,,0.0,1.0,0.0,0.0,0.0,0,1,0,0,0,0
NER,8504,85,4,1,2.0,1,0,0,1,0,0,0,0,0,0,0,0,2021,0,0,0,0,0,0,0,3.8738999366760254,0.0,5.0,0.0,0.0,0.0,0,0,0,0,0,0
NER,8505,85,5,1,2.0,1,0,0,1,1,0,0,0,0,0,0,0,2021,0,0,0,0,0,0,0,2.125200033187866,,,,,,0,0,0,0,0,0
NER,8506,85,6,1,2.0,1,0,0,0,0,0,0,0,0,0,0,0,2021,0,0,0,0,0,0,0,,0.0,3.0,0.0,0.0,0.0,0,0,0,0,0,0
NER,8507,85,7,1,2.0,1,1,1,0,0,1,1,0,0,0,0,0,2021,0,0,1,0,0,0,0,1.433899998664856,0.0,0.0,0.0,0.0,65.0,0,0,0,0,0,0
NER,8508,85,8,1,2.0,0,0,0,1,1,0,0,0,0,0,0,0,2021,0,0,0,0,0,0,0,1.6434999704360962,,,,,,0,0,0,0,0,0
NER,8509,85,9,1,4.0,1,0,0,1,1,0,1,0,0,0,0,0,2021,0,0,0,0,0,0,0,4.469799995422363,2.0,3.0,0.0,0.0,0.0,0,1,0,0,0,0
NER,8510,85,10,1,4.0,1,0,0,1,1,1,1,0,0,0,0,0,2021,0,0,0,0,0,0,0,7.925600051879883,,,,,,0,1,0,0,0,0
NER,8511,85,11,1,2.0,1,0,1,1,1,0,1,0,0,0,0,0,2021,0,0,0,0,0,0,0,2.9774999618530273,,,,,,0,0,0,0,0,0
NER,8512,85,12,1,2.0,1,1,0,1,1,1,1,0,0,0,0,0,2021,1,0,0,0,0,1,0,,0.0,3.0,0.0,0.0,0.0,0,1,0,0,0,0
NER,8601,86,1,1,2.0,1,0,0,0,0,0,0,0,0,0,0,0,2021,0,0,0,0,0,0,0,0.7311999797821045,0.0,10.0,0.0,0.0,0.0,0,1,1,0,0,0
NER,8602,86,2,1,2.0,1,0,0,1,0,0,0,0,0,0,0,0,2021,0,0,0,0,0,0,0,3.1774001121520996,,,,,,0,1,0,0,0,0
NER,8603,86,3,1,2.0,0,0,0,0,0,0,0,0,0,0,0,0,2021,0,0,0,0,0,0,0,0.642300009727478,0.0,4.0,0.0,0.0,0.0,0,0,0,0,0,0
NER,8604,86,4,1,2.0,1,0,0,0,0,0,0,0,0,0,0,0,2021,0,0,0,0,0,0,0,1.9149999618530273,1.0,15.0,0.0,0.0,0.0,0,0,1,0,0,0
NER,8605,86,5,1,2.0,0,0,0,1,1,0,0,0,0,0,0,0,2021,0,0,0,0,0,0,0,2.0107999444007874,,,,,,0,1,0,0,0,0
NER,8606,86,6,1,2.0,1,0,0,0,0,0,0,0,0,0,0,0,2021,0,0,0,0,0,0,0,0.8259000182151794,,,,,,0,0,0,0,0,0
NER,8607,86,7,1,2.0,1,0,0,0,0,0,0,0,0,0,0,0,2021,0,0,0,0,0,0,0,2.63700008392334,0.0,4.0,0.0,0.0,0.0,1,0,1,0,0,0
NER,8608,86,8,1,2.0,1,0,0,1,1,0,0,0,0,0,0,0,2021,0,0,0,0,0,0,0,2.9966999888420105,,,,,,0,0,0,0,0,0
NER,8609,86,9,1,2.0,1,0,0,1,1,0,0,0,0,0,0,0,2021,0,0,0,0,0,0,0,1.0128999948501587,,,,,,0,0,0,0,0,0
NER,8610,86,10,1,2.0,0,0,0,0,0,0,0,0,0,0,0,0,2021,0,0,0,0,0,0,0,2.1333000659942627,2.0,17.0,0.0,0.0,0.0,0,0,0,0,0,0
NER,8611,86,11,1,2.0,1,0,0,1,0,0,0,0,0,0,0,0,2021,0,0,0,0,0,0,0,2.2893999814987183,,,,,,1,0,0,0,0,0
NER,8612,86,12,1,2.0,1,0,0,1,1,0,0,0,0,0,0,0,2021,0,0,0,0,0,0,0,0.7124999761581421,,,,,,1,0,0,0,0,0
NER,8701,87,1,1,2.0,1,0,0,1,0,0,0,0,0,0,0,0,2021,0,0,0,0,0,0,0,0.8213000297546387,,,,,,0,0,1,0,1,0
NER,8702,87,2,1,2.0,1,0,0,1,1,0,0,0,0,0,0,0,2021,0,0,0,0,0,0,0,1.0214999914169312,,,,,,0,0,0,0,0,0
NER,8703,87,3,1,2.0,0,0,0,0,0,0,0,0,0,0,0,0,2021,0,0,0,0,0,0,0,1.0257999897003174,,,,,,0,0,0,0,1,0
NER,8704,87,4,1,2.0,1,0,0,0,0,0,0,0,0,0,0,0,2021,0,0,0,0,0,0,0,1.4333000183105469,,,,,,0,0,1,0,0,0
NER,8705,87,5,1,2.0,1,0,0,1,1,0,0,0,0,0,0,0,2021,0,0,0,0,0,0,0,,0.0,2.0,0.0,0.0,2.0,0,0,0,0,0,0
NER,8706,87,6,1,2.0,1,0,0,0,0,0,0,0,0,0,0,0,2021,0,0,0,0,0,0,0,1.0528000593185425,,,,,,0,0,0,0,0,0
NER,8707,87,7,1,2.0,0,0,0,0,0,0,0,0,0,0,0,0,2021,0,0,0,0,0,0,0,0.8133000135421753,,,,,,0,0,1,0,0,0
NER,8708,87,8,1,2.0,1,0,0,1,1,0,0,0,0,0,0,0,2021,0,0,0,0,0,0,0,1.0233999490737915,,,,,,0,0,0,0,0,0
NER,8709,87,9,1,2.0,1,0,0,0,0,0,0,0,0,0,0,0,2021,0,0,0,0,0,0,0,1.0024000406265259,,,,,,0,0,0,0,0,0
NER,8710,87,10,1,2.0,1,0,0,1,1,0,0,0,0,0,0,0,2021,0,0,0,0,0,0,0,1.2517000436782837,,,,,,0,0,1,0,1,0
NER,8711,87,11,1,2.0,1,0,0,1,1,0,0,0,0,0,0,0,2021,0,0,0,0,0,0,0,3.1756999492645264,,,,,,0,0,0,0,0,0
NER,8712,87,12,1,2.0,1,0,0,0,0,0,0,0,0,0,0,0,2021,0,0,0,0,0,0,0,3.049499988555908,,,,,,1,0,0,0,0,0
NER,8801,88,1,1,1.0,1,1,1,1,1,1,1,0,1,0,0,1,2021,0,0,0,0,0,0,0,,,,,,,0,0,1,1,1,0
NER,8802,88,2,1,1.0,1,0,0,1,1,0,1,0,0,0,0,0,2021,0,0,0,0,0,0,0,,7.0,2.0,0.0,0.0,0.0,1,1,0,0,0,0
NER,8803,88,3,1,4.0,1,0,0,1,1,1,1,0,1,0,0,0,2021,1,0,0,0,0,0,0,,,,,,,0,0,1,0,0,0
NER,8804,88,4,1,1.0,1,0,0,1,1,0,0,0,1,0,0,0,2021,0,0,0,0,0,0,0,1.1599999964237213,,,,,,0,1,0,1,0,0
NER,8805,88,5,1,4.0,1,0,0,1,1,0,1,0,0,0,0,0,2021,0,0,0,0,0,0,0,1.3165000081062317,,,,,,1,1,0,1,0,0
NER,8806,88,6,1,3.0,1,0,0,1,1,1,1,0,1,0,0,0,2021,0,0,0,0,0,0,0,,,,,,,0,0,0,0,0,0
NER,8807,88,7,1,1.0,1,0,0,1,1,0,1,0,1,0,0,0,2021,1,0,0,0,0,0,0,,,,,,,0,0,1,1,0,0
NER,8808,88,8,1,1.0,1,1,0,1,1,0,0,0,0,1,0,0,2021,0,0,0,0,0,0,1,0.37719999998807907,,,,,,1,1,1,0,0,0
NER,8809,88,9,1,1.0,1,0,0,1,1,1,1,0,1,0,0,0,2021,0,0,0,0,0,0,0,1.409999966621399,,,,,,1,0,0,0,0,0
NER,8810,88,10,1,1.0,1,0,0,1,1,0,0,0,0,0,0,0,2021,0,0,0,0,0,0,0,1.4229999780654907,0.0,8.0,0.0,0.0,0.0,0,0,0,1,1,0
NER,8811,88,11,1,1.0,1,0,0,1,1,1,1,0,0,1,0,0,2021,0,0,0,0,0,0,0,,,,,,,0,0,0,0,0,0
NER,8812,88,12,1,4.0,1,0,0,1,1,0,0,0,1,0,0,0,2021,0,0,0,0,0,0,0,,0.0,11.0,0.0,0.0,0.0,1,1,1,0,0,0
NER,8901,89,1,1,2.0,1,0,0,0,0,0,0,0,1,0,0,0,2021,0,0,0,0,0,0,0,,24.0,18.0,0.0,0.0,18.0,0,1,0,1,0,0
NER,8903,89,3,1,2.0,0,0,0,0,0,0,0,0,0,0,0,0,2021,0,0,0,0,0,0,0,,31.0,15.0,0.0,0.0,0.0,0,1,0,0,0,0
NER,8904,89,4,1,2.0,0,0,0,0,0,0,0,0,1,0,0,0,2021,0,0,0,0,0,0,0,,31.0,25.0,0.0,0.0,0.0,0,1,0,1,0,0
NER,8905,89,5,1,2.0,0,0,0,0,0,0,0,0,0,0,0,0,2021,0,0,0,0,0,0,0,,43.0,48.0,0.0,0.0,7.0,0,1,0,0,0,0
NER,8906,89,6,1,2.0,0,0,0,0,0,0,0,0,0,0,0,0,2021,0,0,0,0,0,0,0,,29.0,18.0,0.0,0.0,0.0,0,1,0,0,0,0
NER,8907,89,7,1,2.0,0,0,0,0,0,0,0,0,1,0,0,0,2021,0,0,0,0,0,0,0,,20.0,10.0,0.0,0.0,0.0,0,1,0,1,0,0
NER,8908,89,8,1,2.0,0,0,0,0,0,0,0,0,0,0,0,0,2021,0,0,0,0,0,0,0,1.4761453866958618,24.0,139.0,0.0,0.0,10.0,0,1,1,0,0,0
NER,8909,89,9,1,2.0,0,0,0,0,0,0,0,0,0,0,0,0,2021,0,0,0,0,0,0,0,,28.0,27.0,0.0,0.0,0.0,0,1,0,0,0,0
NER,8910,89,10,1,2.0,0,0,0,0,0,0,0,0,0,0,0,0,2021,0,0,0,0,0,0,0,,23.0,36.0,0.0,0.0,0.0,0,1,1,1,0,0
NER,8911,89,11,1,2.0,0,0,0,0,0,0,0,0,0,0,0,0,2021,0,0,0,0,0,0,0,,48.0,29.0,0.0,0.0,0.0,0,0,0,0,0,0
NER,8912,89,12,1,2.0,0,0,0,0,0,0,0,0,0,0,0,0,2021,0,0,0,0,0,0,0,,21.0,50.0,0.0,0.0,0.0,0,0,0,0,0,0
NER,8928,89,28,1,2.0,0,0,0,0,0,0,0,0,0,0,0,0,2021,0,0,0,0,0,0,0,,28.0,41.0,0.0,0.0,10.0,0,1,1,0,0,0
NER,9001,90,1,2,2.0,0,0,0,0,0,0,0,0,0,0,0,0,2021,0,0,0,0,0,0,0,,5.0,35.0,0.0,0.0,6.0,0,0,0,0,0,0
NER,9002,90,2,2,2.0,0,0,0,0,0,0,0,0,0,0,0,0,2021,0,0,0,0,0,0,0,2.0662999153137207,3.0,32.0,0.0,0.0,0.0,0,0,0,0,0,0
NER,9003,90,3,2,2.0,0,0,0,0,0,0,0,0,0,0,0,0,2021,0,0,0,0,0,0,0,1.322100043296814,0.0,13.0,0.0,0.0,0.0,0,1,0,0,0,0
NER,9004,90,4,2,2.0,0,0,0,0,0,0,0,0,0,0,0,0,2021,0,0,0,0,0,0,0,,15.0,30.0,0.0,0.0,0.0,0,0,0,0,0,0
NER,9005,90,5,2,2.0,0,0,0,0,0,0,0,0,0,0,0,0,2021,0,0,0,0,0,0,0,,14.0,30.0,0.0,0.0,0.0,0,1,0,0,0,0
NER,9006,90,6,2,2.0,1,0,0,0,0,0,0,0,0,0,0,0,2021,0,0,0,0,0,0,0,3.5825998783111572,15.0,55.0,0.0,0.0,0.0,0,1,0,0,0,0
NER,9007,90,7,2,2.0,0,0,0,0,0,0,0,0,0,0,0,0,2021,0,0,0,0,0,0,0,3.2139999866485596,1.0,40.0,0.0,0.0,0.0,0,1,0,0,0,0
NER,9008,90,8,2,2.0,0,0,0,0,0,0,0,0,0,0,0,0,2021,0,0,0,0,0,0,0,2.614500045776367,1.0,16.0,0.0,0.0,0.0,0,1,0,0,0,0
NER,9009,90,9,2,2.0,0,0,0,0,0,0,0,0,0,0,0,0,2021,0,0,0,0,0,0,0,0.8575000166893005,3.0,15.0,0.0,0.0,0.0,0,1,0,0,0,0
NER,9010,90,10,2,2.0,0,0,0,0,0,0,0,0,0,0,0,0,2021,0,0,0,0,0,0,0,0.5217999815940857,2.0,7.0,0.0,0.0,0.0,0,1,0,0,0,0
NER,9011,90,11,2,2.0,0,0,0,0,0,0,0,0,0,0,0,0,2021,0,0,0,0,0,0,0,0.5325000286102295,0.0,5.0,0.0,0.0,0.0,0,1,0,0,0,0
NER,9012,90,12,2,2.0,0,0,0,0,0,0,0,0,0,0,0,0,2021,0,0,0,0,0,0,0,0.4535999894142151,1.0,9.0,0.0,0.0,0.0,0,1,0,0,0,0
NER,9101,91,1,1,2.0,0,0,0,0,0,0,0,0,0,0,0,0,2021,0,0,0,0,0,0,0,,16.0,45.0,0.0,0.0,8.0,0,1,0,1,0,0
NER,9102,91,2,1,2.0,0,0,0,0,0,0,0,0,0,0,0,0,2021,0,0,0,0,0,0,0,,44.0,80.0,0.0,0.0,6.0,0,0,0,0,0,0
NER,9103,91,3,1,2.0,0,0,0,0,0,0,0,0,1,0,0,0,2021,0,0,0,0,0,0,0,,19.0,25.0,0.0,0.0,0.0,1,0,0,0,0,0
NER,9104,91,4,1,2.0,0,0,0,0,0,0,0,0,0,0,0,0,2021,0,0,0,0,0,0,0,,24.0,35.0,0.0,0.0,0.0,0,1,1,0,0,0
NER,9105,91,5,1,2.0,0,0,0,0,0,0,0,0,0,0,0,0,2021,0,0,0,0,0,0,0,,44.0,51.0,0.0,0.0,3.0,0,1,1,0,0,0
NER,9106,91,6,1,2.0,0,0,0,0,0,0,0,0,1,0,0,0,2021,0,0,0,0,0,0,0,,15.0,35.0,0.0,0.0,0.0,0,0,0,0,0,0
NER,9107,91,7,1,2.0,0,0,0,0,0,0,0,0,0,0,0,0,2021,0,0,0,0,0,0,0,,29.0,40.0,0.0,0.0,0.0,0,0,0,0,0,0
NER,9108,91,8,1,2.0,0,0,0,0,0,0,0,0,0,0,0,0,2021,0,0,0,0,0,0,0,,64.0,58.0,0.0,0.0,6.0,0,1,1,0,0,0
NER,9109,91,9,1,2.0,0,0,0,0,0,0,0,0,1,0,0,0,2021,0,0,0,0,0,0,0,,30.0,50.0,0.0,0.0,0.0,0,0,0,0,0,0
NER,9110,91,10,1,2.0,0,0,0,0,0,0,0,0,0,0,0,0,2021,0,0,0,0,0,0,0,,18.0,48.0,0.0,0.0,0.0,0,1,0,0,0,0
NER,9111,91,11,1,2.0,0,0,0,0,0,0,0,0,0,0,0,0,2021,0,0,0,0,0,0,0,,66.0,69.0,0.0,0.0,6.0,0,0,0,0,0,0
NER,9112,91,12,1,2.0,0,0,0,0,0,0,0,0,1,0,0,0,2021,0,0,0,0,0,0,0,,13.0,20.0,0.0,0.0,0.0,0,0,0,0,0,0
NER,9201,92,1,2,4.0,0,0,0,1,1,0,0,0,0,0,0,0,2021,0,0,0,0,0,0,0,,,,,,,0,0,1,0,0,0
NER,9202,92,2,2,4.0,0,0,0,1,1,0,0,0,0,0,0,0,2021,0,0,0,0,0,0,0,,3.0,7.0,0.0,0.0,0.0,0,0,1,0,0,0
NER,9203,92,3,2,2.0,1,0,0,1,1,0,0,0,0,0,0,0,2021,0,0,0,0,0,0,0,,6.0,15.0,0.0,0.0,0.0,0,1,0,0,0,0
NER,9204,92,4,2,2.0,1,0,0,1,1,0,0,0,0,0,0,0,2021,0,0,0,0,0,0,0,,,,,,,0,0,0,0,0,0
NER,9205,92,5,2,2.0,1,0,0,1,1,0,0,0,0,0,0,0,2021,0,0,0,0,0,0,0,,29.0,21.0,0.0,0.0,0.0,0,0,0,0,0,0
NER,9206,92,6,2,2.0,0,0,0,1,1,0,0,0,0,0,0,0,2021,0,0,0,0,0,0,0,,4.0,15.0,0.0,0.0,0.0,0,1,0,0,0,0
NER,9207,92,7,2,2.0,0,0,0,1,1,0,0,0,0,0,0,0,2021,0,0,0,0,0,0,0,,9.0,11.0,0.0,0.0,0.0,1,0,0,0,0,0
NER,9208,92,8,2,2.0,0,0,0,1,1,0,0,0,0,0,0,0,2021,0,0,0,0,0,0,0,,12.0,10.0,0.0,0.0,0.0,0,0,0,0,0,0
NER,9209,92,9,2,2.0,1,0,0,1,1,0,0,0,0,0,0,0,2021,0,0,0,0,0,0,0,,8.0,0.0,0.0,0.0,0.0,0,0,0,0,0,0
NER,9210,92,10,2,2.0,1,0,0,1,1,0,0,0,0,0,0,0,2021,0,0,0,0,0,0,0,,10.0,0.0,0.0,0.0,0.0,0,0,0,0,0,0
NER,9211,92,11,2,2.0,0,0,0,1,1,0,0,0,0,0,0,0,2021,0,0,0,0,0,0,0,,6.0,0.0,0.0,0.0,0.0,0,0,0,0,0,0
NER,9212,92,12,2,4.0,0,0,0,1,1,0,0,0,0,0,0,0,2021,0,0,0,0,0,0,0,,4.0,0.0,0.0,0.0,0.0,0,0,0,0,0,0
NER,9301,93,1,1,2.0,0,0,0,0,0,0,0,0,0,0,0,0,2021,0,0,0,0,0,0,0,,15.0,15.0,0.0,0.0,0.0,1,1,1,0,0,0
NER,9302,93,2,1,2.0,0,0,0,1,1,0,0,0,0,0,0,0,2021,0,0,0,0,0,0,0,,5.0,12.0,0.0,0.0,0.0,0,0,0,0,0,0
NER,9303,93,3,1,1.0,0,0,0,1,1,0,0,0,1,0,0,0,2021,0,0,0,0,0,0,0,,11.0,16.0,0.0,0.0,0.0,0,0,0,0,0,0
NER,9304,93,4,1,2.0,0,0,0,0,0,0,0,0,1,0,0,0,2021,0,0,0,0,0,0,0,,16.0,20.0,0.0,0.0,0.0,1,0,0,0,0,0
NER,9305,93,5,1,2.0,0,0,0,1,1,0,0,0,0,0,0,0,2021,0,0,0,0,0,0,0,,17.0,13.0,0.0,0.0,0.0,0,0,1,0,0,0
NER,9306,93,6,1,2.0,0,0,0,0,0,0,0,0,1,0,0,0,2021,0,0,0,0,0,0,0,,7.0,14.0,0.0,0.0,0.0,0,0,0,0,0,0
NER,9307,93,7,1,2.0,0,0,0,1,1,0,0,0,1,0,0,0,2021,0,0,0,0,0,0,0,,13.0,12.0,0.0,0.0,0.0,0,0,0,0,0,0
NER,9308,93,8,1,2.0,0,0,0,1,1,0,0,0,0,0,0,0,2021,0,0,0,0,0,0,0,,27.0,28.0,0.0,0.0,0.0,0,0,1,0,0,0
NER,9309,93,9,1,1.0,0,0,0,0,0,0,0,0,1,0,0,0,2021,0,0,0,0,0,0,0,,17.0,20.0,0.0,0.0,0.0,0,0,0,0,0,0
NER,9310,93,10,1,2.0,0,0,0,0,0,0,0,0,1,0,0,0,2021,0,0,0,0,0,0,0,,12.0,15.0,0.0,0.0,0.0,0,1,1,1,0,0
NER,9311,93,11,1,2.0,0,0,0,1,1,0,0,0,0,0,0,0,2021,0,0,0,0,0,0,0,,17.0,12.0,0.0,0.0,0.0,0,0,0,0,0,0
NER,9312,93,12,1,2.0,0,0,0,0,0,0,0,0,1,0,0,0,2021,0,0,0,0,0,0,0,,12.0,23.0,0.0,0.0,0.0,0,1,0,0,0,0
NER,9401,94,1,2,2.0,0,0,0,1,1,0,0,0,0,0,0,0,2021,0,0,0,0,0,0,0,,5.0,19.0,0.0,0.0,0.0,1,0,0,0,1,0
NER,9402,94,2,2,4.0,0,0,0,0,0,0,0,0,0,0,0,0,2021,0,0,0,0,0,0,0,,,,,,,0,0,0,0,1,0
NER,9403,94,3,2,2.0,0,0,0,0,0,0,0,0,0,0,0,0,2021,0,0,0,0,0,0,0,,,,,,,0,0,0,0,1,0
NER,9404,94,4,2,4.0,0,0,0,0,0,0,0,0,0,0,0,0,2021,0,0,0,0,0,0,0,,,,,,,0,0,0,0,1,0
NER,9405,94,5,2,2.0,0,0,0,1,1,0,0,0,0,0,0,0,2021,0,0,0,0,0,0,0,,0.0,29.0,0.0,0.0,0.0,0,0,0,0,0,0
NER,9407,94,7,2,2.0,0,0,0,1,1,0,0,0,0,0,0,0,2021,0,0,0,0,0,0,0,,4.0,20.0,0.0,0.0,0.0,0,0,0,0,0,0
NER,9408,94,8,2,2.0,0,0,0,0,0,0,0,0,0,0,0,0,2021,0,0,0,0,0,0,0,,8.0,8.0,0.0,0.0,0.0,0,0,0,0,0,0
NER,9409,94,9,2,2.0,0,0,0,1,1,0,0,0,0,0,0,0,2021,0,0,0,0,0,0,0,,0.0,44.0,0.0,0.0,0.0,0,0,0,0,0,0
NER,9410,94,10,2,2.0,0,0,0,0,0,0,0,0,0,0,0,0,2021,0,0,0,0,0,0,0,,12.0,0.0,0.0,0.0,0.0,0,0,0,0,0,0
NER,9411,94,11,2,2.0,0,0,0,0,0,0,0,0,0,0,0,0,2021,0,0,0,0,0,0,0,,0.0,10.0,0.0,0.0,0.0,0,0,0,0,0,0
NER,9412,94,12,2,2.0,0,0,0,0,0,0,0,0,0,0,0,0,2021,0,0,0,0,0,0,0,,0.0,20.0,0.0,0.0,0.0,0,0,0,0,0,0
NER,9416,94,16,2,2.0,0,0,0,1,1,0,0,0,0,0,0,0,2021,0,0,0,0,0,0,0,,6.0,0.0,0.0,0.0,0.0,0,0,0,0,0,0
NER,9502,95,2,1,2.0,0,0,0,1,1,0,0,0,0,0,0,0,2021,0,0,0,0,0,0,0,,54.0,71.0,0.0,0.0,4.0,0,1,0,0,0,0
NER,9503,95,3,1,2.0,0,0,0,0,0,0,0,0,1,0,0,0,2021,0,0,0,0,0,0,0,,11.0,35.0,0.0,0.0,0.0,0,1,0,0,0,0
NER,9505,95,5,1,2.0,0,0,0,0,0,0,0,0,0,0,0,0,2021,0,0,0,0,0,0,0,,56.0,78.0,0.0,0.0,5.0,0,1,0,0,0,0
NER,9506,95,6,1,2.0,0,0,0,0,0,0,0,0,0,0,0,0,2021,0,0,0,0,0,0,0,,16.0,20.0,0.0,0.0,0.0,0,0,0,0,0,0
NER,9508,95,8,1,2.0,0,0,0,0,0,0,0,0,0,0,0,0,2021,0,0,0,0,0,0,0,,42.0,63.0,0.0,0.0,0.0,0,1,0,0,0,0
NER,9509,95,9,1,2.0,0,0,0,0,0,0,0,0,0,0,0,0,2021,0,0,0,0,0,0,0,,15.0,25.0,0.0,0.0,0.0,0,1,0,0,0,0
NER,9511,95,11,1,2.0,0,0,0,0,0,0,0,0,1,0,0,0,2021,0,0,0,0,0,0,0,,84.0,60.0,0.0,0.0,0.0,0,1,0,0,0,0
NER,9512,95,12,1,2.0,0,0,0,0,0,0,0,0,0,0,0,0,2021,0,0,0,0,0,0,0,,16.0,17.0,0.0,0.0,0.0,0,1,0,0,0,0
NER,9520,95,20,1,2.0,0,0,0,0,0,0,0,0,1,0,0,0,2021,0,0,0,0,0,0,0,,35.0,15.0,0.0,0.0,7.0,0,1,0,0,0,0
NER,9522,95,22,1,2.0,0,0,0,0,0,0,0,0,1,0,0,0,2021,0,0,0,0,0,0,0,,10.0,25.0,0.0,0.0,0.0,0,1,0,0,0,0
NER,9525,95,25,1,2.0,0,0,0,0,0,0,0,0,1,0,0,0,2021,0,0,0,0,0,0,0,,37.0,57.0,0.0,0.0,0.0,0,1,0,0,0,0
NER,9528,95,28,1,2.0,0,0,0,0,0,0,0,0,1,0,0,0,2021,0,0,0,0,0,0,0,,17.0,35.0,0.0,0.0,0.0,0,1,0,0,0,0
NER,9601,96,1,2,2.0,0,0,0,0,0,0,0,0,0,0,0,0,2021,0,0,0,0,0,0,0,,13.0,22.0,0.0,0.0,0.0,0,1,0,0,0,0
NER,9602,96,2,2,2.0,0,0,0,0,0,0,0,0,0,0,0,0,2021,0,0,0,0,0,0,0,,4.0,13.0,0.0,0.0,0.0,0,1,1,0,0,0
NER,9603,96,3,2,2.0,0,0,0,0,0,0,0,0,0,0,0,0,2021,0,0,0,0,0,0,0,,2.0,8.0,0.0,0.0,0.0,0,0,1,0,0,0
NER,9604,96,4,2,2.0,0,0,0,0,0,0,0,0,0,0,0,0,2021,0,0,0,0,0,0,0,,5.0,8.0,0.0,0.0,0.0,0,0,1,0,0,0
NER,9605,96,5,2,2.0,0,0,0,0,0,0,0,0,0,0,0,0,2021,0,0,0,0,0,0,0,,11.0,28.0,0.0,0.0,0.0,0,0,0,0,0,0
NER,9606,96,6,2,2.0,0,0,0,0,0,0,0,0,0,0,0,0,2021,0,0,0,0,0,0,0,,14.0,9.0,0.0,0.0,0.0,0,0,0,0,0,0
NER,9607,96,7,2,2.0,0,0,0,0,0,0,0,0,0,0,0,0,2021,0,0,0,0,0,0,0,,13.0,23.0,0.0,0.0,0.0,0,0,0,0,0,0
NER,9609,96,9,2,2.0,0,0,0,0,0,0,0,0,0,0,0,0,2021,0,0,0,0,0,0,0,,16.0,31.0,0.0,0.0,0.0,0,0,0,0,0,0
NER,9610,96,10,2,4.0,0,0,0,0,0,0,0,0,0,0,0,0,2021,0,0,0,0,0,0,0,,0.0,5.0,0.0,0.0,0.0,0,0,0,0,0,0
NER,9611,96,11,2,4.0,0,0,0,0,0,0,0,0,0,0,0,0,2021,0,0,0,0,0,0,0,,0.0,10.0,0.0,0.0,0.0,0,0,0,0,0,0
NER,9612,96,12,2,2.0,0,0,0,0,0,0,0,0,0,0,0,0,2021,0,0,0,0,0,0,0,,10.0,0.0,0.0,0.0,0.0,0,0,0,0,0,0
NER,9613,96,13,2,2.0,0,0,0,0,0,0,0,0,0,0,0,0,2021,0,0,0,0,0,0,0,,11.0,0.0,0.0,0.0,0.0,0,0,0,0,0,0
NER,9701,97,1,1,2.0,1,0,0,1,1,0,0,0,0,0,0,0,2021,0,0,0,0,0,0,0,,8.0,33.0,0.0,0.0,6.0,1,1,1,1,0,0
NER,9702,97,2,1,2.0,0,0,0,1,1,0,0,0,0,0,0,0,2021,0,0,0,0,0,0,0,,3.0,6.0,0.0,0.0,0.0,0,1,0,0,0,0
NER,9703,97,3,1,2.0,0,0,0,0,0,0,0,0,1,0,0,0,2021,0,0,0,0,0,0,0,,16.0,20.0,0.0,0.0,0.0,0,0,1,0,0,0
NER,9704,97,4,1,2.0,0,0,0,1,1,0,0,0,0,0,0,0,2021,0,0,0,0,0,0,0,,4.0,10.0,0.0,0.0,12.0,0,1,0,1,1,0
NER,9705,97,5,1,1.0,1,0,0,1,0,0,0,0,0,0,0,0,2021,0,0,0,0,0,0,0,,48.0,27.0,0.0,0.0,0.0,1,0,0,0,0,0
NER,9706,97,6,1,2.0,0,0,0,0,0,0,0,0,1,0,0,0,2021,0,0,0,0,0,0,0,,14.0,8.0,0.0,0.0,0.0,0,1,0,0,0,0
NER,9707,97,7,1,2.0,0,0,0,1,1,0,0,0,0,0,0,0,2021,0,0,0,0,0,0,0,,5.0,18.0,0.0,0.0,5.0,0,1,0,1,1,0
NER,9708,97,8,1,2.0,0,0,0,0,0,0,0,0,0,0,0,0,2021,0,0,0,0,0,0,0,,16.0,13.0,0.0,0.0,0.0,0,1,0,0,0,0
NER,9709,97,9,1,2.0,0,0,0,1,1,0,0,0,0,0,0,0,2021,0,0,0,0,0,0,0,,1.0,20.0,0.0,0.0,0.0,0,0,0,0,0,0
NER,9710,97,10,1,1.0,1,0,0,0,0,0,0,0,0,0,0,0,2021,0,0,0,0,0,0,0,,13.0,15.0,0.0,0.0,0.0,0,1,0,1,1,0
NER,9711,97,11,1,1.0,0,0,0,0,0,0,0,0,0,0,0,0,2021,0,0,0,0,0,0,0,,22.0,26.0,0.0,0.0,0.0,0,1,0,0,0,0
NER,9712,97,12,1,2.0,0,0,0,0,0,0,0,0,1,0,0,0,2021,0,0,0,0,0,0,0,,7.0,12.0,0.0,0.0,0.0,0,1,0,0,0,0
NER,9802,98,2,2,4.0,0,0,0,0,0,0,0,0,0,0,0,0,2021,0,0,0,0,0,0,0,,0.0,9.0,0.0,0.0,0.0,0,0,0,0,1,0
NER,9803,98,3,2,2.0,0,0,0,0,0,0,0,0,0,0,0,0,2021,0,0,0,0,0,0,0,,0.0,11.0,0.0,0.0,0.0,0,0,0,0,1,0
NER,9804,98,4,2,4.0,0,0,0,0,0,0,0,0,0,0,0,0,2021,0,0,0,0,0,0,0,,,,,,,0,0,0,0,1,0
NER,9805,98,5,2,2.0,0,0,0,0,0,0,0,0,0,0,0,0,2021,0,0,0,0,0,0,0,,13.0,18.0,0.0,0.0,0.0,0,1,0,0,1,0
NER,9806,98,6,2,2.0,0,0,0,0,0,0,0,0,0,0,0,0,2021,0,0,0,0,0,0,0,,8.0,32.0,0.0,0.0,0.0,0,0,0,0,0,0
NER,9807,98,7,2,2.0,0,0,0,0,0,0,0,0,0,0,0,0,2021,0,0,0,0,0,0,0,,6.0,26.0,0.0,0.0,0.0,0,0,0,0,0,0
NER,9808,98,8,2,2.0,0,0,0,0,0,0,0,0,0,0,0,0,2021,0,0,0,0,0,0,0,,15.0,37.0,0.0,0.0,0.0,0,0,0,0,0,0
NER,9809,98,9,2,2.0,0,0,0,0,0,0,0,0,0,0,0,0,2021,0,0,0,0,0,0,0,,12.0,5.0,0.0,0.0,0.0,0,0,0,0,0,0
NER,9810,98,10,2,2.0,0,0,0,0,0,0,0,0,0,0,0,0,2021,0,0,0,0,0,0,0,,16.0,0.0,0.0,0.0,0.0,0,0,0,0,0,0
NER,9811,98,11,2,2.0,0,0,0,0,0,0,0,0,0,0,0,0,2021,0,0,0,0,0,0,0,,11.0,0.0,0.0,0.0,0.0,0,0,0,0,0,0
NER,9812,98,12,2,2.0,0,0,0,0,0,0,0,0,0,0,0,0,2021,0,0,0,0,0,0,0,,17.0,0.0,0.0,0.0,0.0,0,0,0,0,0,0
NER,9813,98,13,2,2.0,0,0,0,0,0,0,0,0,0,0,0,0,2021,0,0,0,0,0,0,0,,14.0,0.0,0.0,0.0,0.0,0,0,0,0,0,0
NER,9901,99,1,1,1.0,1,0,0,1,1,1,1,0,0,0,0,0,2021,0,0,0,0,0,0,0,,0.0,12.0,0.0,0.0,0.0,1,0,1,0,0,0
NER,9903,99,3,1,2.0,1,0,0,1,1,0,0,0,1,0,0,0,2021,0,0,0,0,0,0,0,,1.0,4.0,0.0,0.0,0.0,0,0,0,0,0,0
NER,9904,99,4,1,1.0,1,0,0,1,1,0,0,0,0,0,0,0,2021,0,0,0,0,0,0,0,,0.0,10.0,0.0,0.0,0.0,0,0,0,1,1,0
NER,9905,99,5,1,1.0,1,0,0,1,1,0,1,0,0,1,1,0,2021,1,0,0,0,0,0,0,,0.0,17.0,0.0,0.0,0.0,0,0,0,0,0,0
NER,9906,99,6,1,2.0,1,0,0,1,1,0,0,0,0,1,0,0,2021,0,0,0,0,0,0,0,,0.0,15.0,0.0,0.0,0.0,0,0,1,0,0,0
NER,9907,99,7,1,1.0,1,1,0,1,1,0,0,0,0,0,0,0,2021,0,0,0,0,0,0,0,,2.0,8.0,0.0,0.0,0.0,0,0,1,0,0,0
NER,9908,99,8,1,1.0,1,0,0,1,1,0,1,0,0,0,0,0,2021,0,0,0,0,0,0,0,,0.0,4.0,0.0,0.0,0.0,0,0,0,0,0,0
NER,9909,99,9,1,2.0,1,0,0,1,1,0,1,0,0,1,0,0,2021,0,0,0,0,0,0,0,,0.0,5.0,0.0,0.0,0.0,0,0,1,0,0,0
NER,9910,99,10,1,1.0,1,0,0,1,1,0,0,0,0,0,1,0,2021,0,0,0,0,0,0,0,,,,,,,1,0,1,0,0,0
NER,9912,99,12,1,2.0,1,0,0,1,1,1,1,0,0,1,0,0,2021,0,0,0,0,0,0,0,,,,,,,0,0,1,0,0,0
NER,9920,99,20,1,1.0,1,0,0,1,1,0,0,0,0,1,1,0,2021,0,0,0,0,0,0,0,,0.0,4.0,0.0,0.0,0.0,0,1,0,1,0,1
NER,9925,99,25,1,4.0,1,0,0,1,1,0,0,0,0,0,0,0,2021,0,0,0,0,0,0,0,,0.0,6.0,0.0,0.0,0.0,0,1,0,0,0,0
NER,10001,100,1,2,2.0,1,0,0,1,1,0,1,0,1,0,0,0,2021,0,0,0,0,0,0,0,,,,,,,0,0,1,0,1,0
NER,10002,100,2,2,2.0,1,1,1,1,1,0,1,0,1,0,0,0,2021,1,0,0,0,0,0,0,,,,,,,0,0,0,0,1,0
NER,10003,100,3,2,2.0,1,1,1,1,1,1,1,0,1,0,0,0,2021,1,0,0,0,0,0,0,,,,,,,0,0,0,0,1,0
NER,10004,100,4,2,2.0,1,0,1,1,1,1,1,0,1,0,0,0,2021,0,0,0,0,0,0,0,,,,,,,0,0,0,1,1,0
NER,10005,100,5,2,2.0,0,0,0,1,1,0,0,0,0,0,0,0,2021,0,0,0,0,0,0,0,,,,,,,0,0,0,0,0,0
NER,10006,100,6,2,1.0,1,1,1,1,1,1,1,0,0,0,1,0,2021,1,0,1,0,0,1,0,,,,,,,0,0,0,0,0,0
NER,10007,100,7,2,4.0,0,0,0,1,1,0,0,0,0,0,0,0,2021,0,0,0,0,0,0,1,,,,,,,1,0,0,0,0,0
NER,10009,100,9,2,1.0,1,0,1,1,1,0,1,0,0,0,0,0,2021,0,0,0,0,0,0,0,,,,,,,1,0,0,0,0,0
NER,10010,100,10,2,4.0,1,0,0,1,1,0,1,0,0,0,0,0,2021,0,0,0,0,0,0,0,,,,,,,0,0,0,0,0,0
NER,10011,100,11,2,2.0,1,0,0,1,1,1,1,0,0,0,0,0,2021,0,0,0,0,0,0,0,,,,,,,0,0,0,0,0,0
NER,10012,100,12,2,4.0,1,0,0,1,1,1,1,0,0,0,0,0,2021,0,0,0,0,0,0,0,,,,,,,0,0,0,0,0,0
NER,10015,100,15,2,4.0,0,0,0,1,1,0,0,0,0,0,0,0,2021,0,0,0,0,0,0,0,,,,,,,0,0,0,0,0,0
NER,10102,101,2,1,1.0,1,0,0,1,1,1,1,0,0,0,0,0,2021,0,0,0,0,0,0,0,,0.0,10.0,0.0,0.0,0.0,0,1,0,1,0,0
NER,10103,101,3,1,1.0,1,0,0,1,1,0,0,0,0,0,0,0,2021,0,0,0,0,0,0,0,,0.0,4.0,0.0,0.0,0.0,0,0,0,0,0,0
NER,10104,101,4,1,3.0,1,0,0,1,1,0,1,0,1,0,0,0,2021,0,0,0,0,0,0,0,,,,,,,0,0,1,0,0,0
NER,10105,101,5,1,4.0,0,0,0,1,1,0,0,0,0,0,0,0,2021,0,0,0,0,0,0,0,,0.0,0.0,0.0,0.0,5.0,0,0,0,1,0,0
NER,10106,101,6,1,1.0,1,0,0,1,1,1,1,0,1,0,0,0,2021,0,0,0,0,0,0,0,,0.0,2.0,0.0,0.0,0.0,0,0,0,0,0,0
NER,10107,101,7,1,3.0,1,0,0,1,1,0,1,0,0,0,0,0,2021,0,0,0,0,0,0,0,,,,,,,1,0,1,0,1,0
NER,10108,101,8,1,1.0,1,0,0,1,1,0,0,0,0,1,0,0,2021,0,0,0,0,0,0,0,7.705499887466431,0.0,3.0,0.0,0.0,0.0,0,1,0,0,0,0
NER,10109,101,9,1,1.0,1,0,0,1,1,1,1,0,1,0,0,0,2021,0,0,0,0,0,0,0,,,,,,,0,0,1,0,0,0
NER,10110,101,10,1,3.0,1,0,0,1,1,0,1,0,0,0,0,0,2021,0,0,0,0,0,0,0,,,,,,,0,0,0,1,1,0
NER,10111,101,11,1,1.0,1,0,0,1,1,1,1,0,0,1,1,0,2021,1,0,1,0,0,0,0,,0.0,0.0,0.0,0.0,6.0,0,0,1,0,0,0
NER,10112,101,12,1,2.0,1,0,0,1,1,0,0,0,1,0,0,0,2021,0,0,0,0,0,0,0,,1.0,5.0,0.0,0.0,0.0,0,1,0,0,0,0
NER,10118,101,18,1,4.0,1,0,0,1,1,0,1,0,0,0,0,0,2021,0,0,0,0,0,0,0,,0.0,0.0,0.0,0.0,10.0,0,0,1,0,1,0
NER,10201,102,1,2,2.0,1,0,0,0,0,0,0,0,0,0,0,0,2021,0,0,0,0,0,0,0,,6.0,17.0,0.0,0.0,0.0,0,0,0,0,1,0
NER,10202,102,2,2,2.0,0,0,0,0,0,0,0,0,0,0,0,0,2021,0,0,0,0,0,0,0,,,,,,,0,0,0,0,1,0
NER,10203,102,3,2,4.0,0,0,0,0,0,0,0,0,0,0,0,0,2021,0,0,0,0,0,0,0,,,,,,,0,0,0,0,1,0
NER,10204,102,4,2,2.0,1,0,0,0,0,0,0,0,0,0,0,0,2021,0,0,0,0,0,0,0,,3.0,23.0,0.0,0.0,0.0,0,0,0,0,1,0
NER,10205,102,5,2,2.0,1,0,0,0,0,0,0,0,0,0,0,0,2021,0,0,0,0,0,0,0,,25.0,23.0,0.0,0.0,0.0,0,0,0,0,0,0
NER,10206,102,6,2,2.0,0,0,0,0,0,0,0,0,0,0,0,0,2021,0,0,0,0,0,0,0,,14.0,27.0,0.0,0.0,0.0,0,0,0,0,0,0
NER,10207,102,7,2,2.0,1,0,0,0,0,0,0,0,0,0,0,0,2021,0,0,0,0,0,0,0,,17.0,35.0,0.0,0.0,0.0,0,0,0,0,0,0
NER,10209,102,9,2,2.0,0,0,0,0,0,0,0,0,0,0,0,0,2021,0,0,0,0,0,0,0,,13.0,24.0,0.0,0.0,0.0,0,0,0,0,0,0
NER,10210,102,10,2,2.0,1,0,0,0,0,0,0,0,0,0,0,0,2021,0,0,0,0,0,0,0,,0.0,15.0,0.0,0.0,0.0,0,0,0,0,0,0
NER,10211,102,11,2,2.0,1,0,0,0,0,0,0,0,0,0,0,0,2021,0,0,0,0,0,0,0,,0.0,15.0,0.0,0.0,0.0,0,0,0,0,0,0
NER,10212,102,12,2,2.0,1,0,0,0,0,0,0,0,0,0,0,0,2021,0,0,0,0,0,0,0,,8.0,0.0,0.0,0.0,0.0,0,0,0,0,0,0
NER,10215,102,15,2,2.0,0,0,0,0,0,0,0,0,0,0,0,0,2021,0,0,0,0,0,0,0,,0.0,12.0,0.0,0.0,0.0,0,0,0,0,0,0
NER,10301,103,1,2,2.0,0,0,0,0,0,0,0,0,0,0,0,0,2021,0,0,0,0,0,0,0,,,,,,,0,0,1,0,0,0
NER,10302,103,2,2,4.0,0,0,0,0,0,0,0,0,0,0,0,0,2021,0,0,0,0,0,0,0,,7.0,13.0,0.0,0.0,0.0,1,0,0,0,0,0
NER,10303,103,3,2,4.0,0,0,0,0,0,0,0,0,0,0,0,0,2021,0,0,0,0,0,0,0,,,,,,,0,0,0,0,1,0
NER,10304,103,4,2,4.0,0,0,0,0,0,0,0,0,0,0,0,0,2021,0,0,0,0,0,0,0,,5.0,13.0,0.0,0.0,0.0,0,0,1,0,1,0
NER,10305,103,5,2,2.0,0,0,0,1,1,0,0,0,0,0,0,0,2021,0,0,0,0,0,0,0,,1.0,8.0,0.0,0.0,0.0,0,0,0,0,0,0
NER,10306,103,6,2,2.0,0,0,0,0,0,0,0,0,0,0,0,0,2021,0,0,0,0,0,0,0,,0.0,5.0,0.0,0.0,0.0,1,0,0,0,0,0
NER,10307,103,7,2,2.0,0,0,0,1,1,0,0,0,0,0,0,0,2021,0,0,0,0,0,0,0,,12.0,5.0,0.0,0.0,0.0,0,0,0,0,1,0
NER,10308,103,8,2,2.0,0,0,0,1,1,0,0,0,0,0,0,0,2021,0,0,0,0,0,0,0,,3.0,5.0,0.0,0.0,6.0,0,0,0,0,0,0
NER,10309,103,9,2,2.0,1,0,0,0,0,0,0,0,0,0,0,0,2021,0,0,0,0,0,0,0,,,,,,,0,0,0,0,0,0
NER,10310,103,10,2,4.0,0,0,0,0,0,0,0,0,0,0,0,0,2021,0,0,0,0,0,0,0,,,,,,,0,0,0,0,0,0
NER,10311,103,11,2,2.0,1,0,0,0,0,0,0,0,0,0,0,0,2021,0,0,0,0,0,0,0,,,,,,,0,0,0,0,0,0
NER,10312,103,12,2,2.0,1,0,0,0,0,0,0,0,0,0,0,0,2021,0,0,0,0,0,0,0,,,,,,,0,0,0,0,0,0
NER,10401,104,1,1,2.0,1,0,0,1,1,0,0,0,0,0,0,0,2021,0,0,0,0,0,0,0,,0.0,3.0,0.0,0.0,0.0,1,1,0,0,1,0
NER,10402,104,2,1,2.0,0,0,0,1,1,0,0,0,0,0,0,0,2021,0,0,0,0,0,0,0,,,,,,,0,1,0,0,0,0
NER,10403,104,3,1,2.0,0,0,0,0,0,0,0,0,1,0,0,0,2021,0,0,0,0,0,0,0,,6.0,25.0,0.0,0.0,0.0,1,0,0,0,0,0
NER,10404,104,4,1,2.0,0,0,0,1,1,0,0,0,0,0,0,0,2021,0,0,0,0,0,0,0,,0.0,15.0,0.0,0.0,5.0,0,1,1,0,1,0
NER,10405,104,5,1,2.0,0,0,0,1,1,0,0,0,0,0,0,0,2021,0,0,0,0,0,0,0,,0.0,5.0,0.0,0.0,4.0,0,1,0,0,0,0
NER,10406,104,6,1,2.0,0,0,0,0,0,0,0,0,0,0,0,0,2021,0,0,0,0,0,0,0,,1.0,15.0,0.0,0.0,0.0,0,1,0,0,0,0
NER,10407,104,7,1,2.0,0,0,0,1,1,0,0,0,1,0,0,0,2021,0,0,0,0,0,0,0,,0.0,17.0,0.0,0.0,0.0,1,0,0,1,0,0
NER,10408,104,8,1,2.0,0,0,0,1,1,0,0,1,0,0,1,0,2021,0,0,0,0,0,0,0,,,,,,,0,1,0,0,0,0
NER,10409,104,9,1,2.0,0,0,0,0,0,0,0,0,1,0,0,0,2021,0,0,0,0,0,0,0,,0.0,20.0,0.0,0.0,1.0,0,1,0,0,0,0
NER,10410,104,10,1,2.0,0,0,0,1,1,0,0,0,0,0,0,0,2021,0,0,0,0,0,0,0,,1.0,12.0,0.0,0.0,0.0,1,1,1,0,0,0
NER,10411,104,11,1,2.0,0,0,0,1,1,0,0,1,0,0,0,0,2021,0,0,0,0,0,0,0,,,,,,,0,1,0,0,0,0
NER,10412,104,12,1,2.0,0,0,0,0,0,0,0,0,0,0,0,0,2021,0,0,0,0,0,0,0,,0.0,1.0,0.0,0.0,0.0,0,1,0,0,0,0
NER,10501,105,1,1,2.0,1,0,0,0,0,0,0,1,0,0,0,0,2021,0,0,0,0,0,0,0,2.4189000129699707,1.0,1.0,0.0,0.0,15.0,1,0,0,0,0,0
NER,10502,105,2,1,2.0,0,1,0,1,1,0,0,0,0,0,0,0,2021,0,0,0,0,0,0,0,1.1297999620437622,0.0,7.0,0.0,0.0,59.0,0,0,0,0,0,0
NER,10503,105,3,1,2.0,1,0,0,1,1,0,0,0,0,0,0,0,2021,0,0,0,0,0,0,0,7.389899969100952,,,,,,0,0,0,0,0,0
NER,10505,105,5,1,2.0,1,0,0,1,1,0,0,0,0,0,0,0,2021,0,0,0,0,0,0,0,1.086899995803833,0.0,0.0,0.0,0.0,9.0,0,0,0,0,0,0
NER,10506,105,6,1,2.0,0,0,0,1,1,0,0,1,1,0,0,0,2021,0,0,0,0,0,0,0,1.4838000535964966,,,,,,0,1,0,0,0,0
NER,10507,105,7,1,2.0,1,0,0,1,1,0,0,0,0,0,0,0,2021,0,0,0,0,0,0,0,4.655799984931946,0.0,5.0,0.0,0.0,2.0,1,1,0,0,0,0
NER,10509,105,9,1,2.0,0,0,0,1,1,0,0,0,0,0,0,0,2021,0,0,0,0,0,0,0,,,,,,,0,1,0,0,0,0
NER,10510,105,10,1,2.0,1,0,0,1,1,0,0,0,0,0,0,0,2021,0,0,0,0,0,0,0,6.7972002029418945,1.0,0.0,0.0,0.0,0.0,0,0,0,0,0,0
NER,10511,105,11,1,2.0,1,0,0,1,1,0,0,1,0,0,0,0,2021,0,0,0,0,0,0,0,2.535799980163574,,,,,,0,0,0,0,0,0
NER,10512,105,12,1,2.0,0,0,0,1,1,0,0,1,0,0,0,0,2021,0,0,0,0,0,0,0,1.5849000215530396,5.0,3.0,0.0,0.0,6.0,0,0,1,0,0,0
NER,10513,105,13,1,2.0,1,0,0,1,1,0,0,1,0,0,0,0,2021,0,0,0,0,0,0,0,,2.0,0.0,0.0,0.0,0.0,0,1,0,0,0,0
NER,10520,105,20,1,2.0,1,0,0,1,1,0,0,0,0,0,0,0,2021,0,0,0,0,0,0,0,,,,,,,0,0,0,0,0,1
NER,10601,106,1,2,2.0,0,0,0,1,1,0,1,0,1,0,0,0,2021,0,0,0,0,0,0,0,8.268613696098328,2.0,5.0,0.0,0.0,0.0,1,1,1,0,0,0
NER,10602,106,2,2,2.0,0,0,0,1,1,0,1,0,0,0,0,0,2021,0,0,0,0,0,0,0,,,,,,,0,0,1,0,0,0
NER,10603,106,3,2,2.0,0,0,0,1,1,0,1,0,0,0,0,0,2021,0,0,0,0,0,0,0,1.453199952840805,0.0,6.0,0.0,0.0,30.0,0,1,1,0,0,0
NER,10604,106,4,2,2.0,0,0,0,1,1,0,0,0,0,0,0,0,2021,0,0,0,0,0,0,0,1.2973459959030151,0.0,8.0,0.0,0.0,0.0,0,0,1,1,0,0
NER,10605,106,5,2,2.0,0,0,0,1,1,1,1,0,0,0,0,0,2021,0,0,0,0,0,0,0,8.174599885940552,3.0,4.0,0.0,0.0,0.0,0,0,1,0,0,0
NER,10606,106,6,2,2.0,0,0,0,1,1,1,1,0,0,0,0,0,2021,0,0,0,0,0,0,0,,0.0,10.0,0.0,0.0,0.0,0,1,1,0,0,0
NER,10607,106,7,2,2.0,0,0,0,1,1,1,1,0,0,0,0,0,2021,1,0,0,0,0,0,0,,,,,,,0,0,1,0,0,0
NER,10608,106,8,2,2.0,0,0,0,1,1,1,1,0,0,0,0,0,2021,0,0,0,0,0,0,0,,,,,,,0,1,1,0,0,0
NER,10609,106,9,2,2.0,1,1,1,1,1,0,1,0,0,1,0,0,2021,0,0,1,0,0,0,0,,0.0,3.0,0.0,0.0,0.0,0,0,0,0,0,0
NER,10610,106,10,2,4.0,1,1,1,1,1,1,1,0,0,0,0,0,2021,0,0,1,0,0,0,0,,0.0,5.0,0.0,0.0,8.0,1,0,0,0,0,0
NER,10611,106,11,2,2.0,0,0,0,1,1,1,1,0,0,0,0,0,2021,1,0,0,0,0,0,0,7.484405994415283,1.0,9.0,0.0,0.0,0.0,0,1,0,0,0,0
NER,10618,106,18,2,2.0,1,0,0,1,1,1,1,0,0,0,0,0,2021,1,0,1,0,0,1,0,2.0331876277923584,0.0,9.0,0.0,0.0,8.0,1,1,0,0,0,0
NER,10701,107,1,1,2.0,1,0,0,1,1,0,0,1,1,0,0,0,2021,0,0,0,0,0,0,0,6.678999900817871,4.0,7.0,0.0,0.0,12.0,0,1,1,0,0,0
NER,10702,107,2,1,2.0,1,0,0,1,1,0,0,0,0,0,0,0,2021,0,0,0,0,0,0,0,12.182000160217285,,,,,,0,0,0,0,0,0
NER,10703,107,3,1,2.0,1,0,0,1,1,0,0,0,0,0,0,0,2021,0,0,0,0,0,0,0,1.020799994468689,,,,,,0,0,0,0,0,0
NER,10704,107,4,1,2.0,1,0,0,0,0,0,0,0,0,0,0,0,2021,0,0,0,0,0,0,0,1.534500002861023,0.0,2.0,0.0,0.0,2.0,0,0,0,0,0,1
NER,10705,107,5,1,1.0,0,0,0,1,1,0,0,0,1,0,0,0,2021,0,0,0,0,0,0,0,3.2618000507354736,1.0,1.0,0.0,0.0,0.0,0,0,1,0,0,0
NER,10706,107,6,1,2.0,1,1,0,1,1,0,0,1,0,0,0,0,2021,0,0,0,0,0,0,0,,0.0,0.0,0.0,0.0,0.0,0,0,0,0,0,0
NER,10707,107,7,1,2.0,1,0,0,1,1,0,0,1,0,0,0,0,2021,0,0,0,0,0,0,0,5.557000160217285,0.0,4.0,0.0,0.0,0.0,0,1,0,0,0,0
NER,10708,107,8,1,2.0,1,0,0,1,1,0,0,0,0,0,0,0,2021,0,0,0,0,0,0,0,1.6854999959468842,,,,,,0,1,0,0,0,0
NER,10709,107,9,1,2.0,1,0,0,0,0,0,0,0,0,0,0,0,2021,0,0,0,0,0,0,0,0.8392000198364258,4.0,4.0,0.0,0.0,15.0,0,1,0,0,0,0
NER,10710,107,10,1,2.0,1,0,0,1,1,0,0,0,0,0,0,0,2021,0,0,0,0,0,0,0,0.7343999743461609,,,,,,0,1,0,0,0,0
NER,10712,107,12,1,2.0,1,0,0,0,0,0,0,0,0,0,0,0,2021,0,0,0,0,0,0,0,0.49559998512268066,2.0,0.0,0.0,0.0,0.0,0,0,0,1,0,0
NER,10721,107,21,1,2.0,1,0,0,1,1,0,0,0,1,0,0,0,2021,0,0,0,0,0,0,0,1.5835000276565552,0.0,2.0,0.0,0.0,23.0,0,0,0,0,0,0
NER,10802,108,2,2,2.0,0,0,0,1,1,0,0,0,0,0,0,0,2021,0,0,0,0,0,0,0,1.656599998474121,,,,,,0,1,1,0,0,0
NER,10804,108,4,2,2.0,0,1,0,1,1,0,0,0,0,0,0,0,2021,0,0,0,0,0,0,0,2.256200075149536,2.0,1.0,0.0,0.0,0.0,0,1,1,0,0,0
NER,10805,108,5,2,2.0,0,0,0,1,1,0,0,0,0,0,0,0,2021,0,0,0,0,0,0,0,16.838672399520874,1.0,4.0,0.0,0.0,12.0,0,1,1,0,0,0
NER,10807,108,7,2,2.0,0,0,0,1,1,0,0,0,0,0,0,0,2021,0,0,0,0,0,0,0,3.978800058364868,2.0,0.0,0.0,0.0,11.0,0,1,1,0,0,0
NER,10808,108,8,2,2.0,0,0,0,1,1,0,0,0,0,0,0,0,2021,0,0,0,0,0,0,0,,0.0,4.0,0.0,0.0,15.0,0,1,0,0,0,0
NER,10810,108,10,2,2.0,0,0,0,1,1,0,0,0,0,0,0,0,2021,0,0,0,0,0,0,0,5.102300047874451,3.0,4.0,0.0,0.0,0.0,0,1,1,0,0,0
NER,10811,108,11,2,2.0,0,0,0,1,1,0,0,1,0,0,0,0,2021,0,0,0,0,0,0,0,6.919181823730469,2.0,0.0,0.0,0.0,0.0,1,0,0,0,0,0
NER,10815,108,15,2,4.0,1,0,0,1,1,0,0,1,0,0,0,0,2021,0,0,0,0,0,0,0,15.881099820137024,,,,,,0,0,0,0,0,0
NER,10816,108,16,2,2.0,1,0,0,1,1,0,0,1,0,0,0,0,2021,0,0,0,0,0,0,0,3.895500063896179,0.0,2.0,0.0,0.0,0.0,1,0,0,0,0,0
NER,10817,108,17,2,2.0,0,0,0,1,1,0,0,0,0,0,0,0,2021,0,0,0,0,0,0,0,0.6523000001907349,,,,,,1,0,1,0,0,0
NER,10821,108,21,2,2.0,0,0,0,1,1,0,0,0,0,0,0,0,2021,0,0,0,0,0,0,0,,,,,,,0,0,1,0,0,0
NER,10822,108,22,2,4.0,1,0,0,1,1,0,0,1,0,0,0,0,2021,0,0,0,0,0,0,0,2.3104999661445618,2.0,2.0,0.0,0.0,0.0,0,0,1,0,0,0
NER,10901,109,1,1,2.0,1,0,0,1,1,0,0,1,0,0,0,0,2021,0,0,0,0,0,0,0,2.114000082015991,3.0,6.0,0.0,0.0,13.0,1,0,0,0,0,0
NER,10903,109,3,1,2.0,1,0,0,1,1,0,0,1,0,0,0,0,2021,0,0,0,0,0,0,0,2.0175999999046326,,,,,,0,1,0,0,0,0
NER,10904,109,4,1,2.0,1,0,0,1,1,0,0,0,0,0,0,0,2021,0,0,0,0,0,0,0,1.0289000272750854,0.0,1.0,0.0,0.0,0.0,0,1,0,0,0,1
NER,10905,109,5,1,2.0,0,0,0,1,1,0,0,0,1,0,0,0,2021,0,0,0,0,0,0,0,3.706799954175949,0.0,3.0,0.0,0.0,3.0,0,1,0,0,0,0
NER,10907,109,7,1,2.0,1,0,0,1,1,0,0,1,0,0,0,0,2021,0,0,0,0,0,0,0,3.8394000101834536,2.0,5.0,0.0,0.0,12.0,0,0,0,0,0,0
NER,10908,109,8,1,2.0,0,0,0,1,1,0,0,0,1,0,0,0,2021,0,0,0,0,0,0,0,1.8750000596046448,,,,,,1,0,0,0,0,0
NER,10909,109,9,1,2.0,1,0,0,1,1,0,0,1,0,0,0,0,2021,0,0,0,0,0,0,0,0.5792999863624573,1.0,0.0,0.0,0.0,0.0,0,1,0,0,0,0
NER,10910,109,10,1,2.0,1,0,0,1,1,0,0,0,0,0,0,0,2021,0,0,0,0,0,0,0,0.7731000185012817,1.0,0.0,0.0,0.0,0.0,0,1,0,0,0,0
NER,10912,109,12,1,2.0,1,0,0,1,1,0,0,0,0,0,0,0,2021,0,0,0,0,0,0,0,2.7491000294685364,0.0,0.0,0.0,0.0,11.0,0,1,0,0,0,0
NER,10918,109,18,1,2.0,0,0,0,1,1,0,0,1,1,0,0,0,2021,0,0,0,0,0,0,0,5.391199827194214,3.0,3.0,0.0,0.0,10.0,0,0,1,0,0,0
NER,10920,109,20,1,2.0,0,0,0,1,1,0,0,0,1,0,0,0,2021,0,0,0,0,0,0,0,0.9846000075340271,,,,,,1,0,0,0,0,0
NER,11002,110,2,2,2.0,0,0,0,1,1,0,0,0,0,0,0,0,2021,0,0,0,0,0,0,0,5.690900087356567,3.0,8.0,0.0,0.0,0.0,0,1,1,0,0,0
NER,11003,110,3,2,2.0,0,0,0,1,1,0,0,0,0,0,0,0,2021,0,0,0,0,0,0,0,2.29830002784729,,,,,,0,0,1,0,0,0
NER,11005,110,5,2,2.0,0,0,0,1,1,0,0,0,0,0,0,0,2021,0,0,0,0,0,0,0,4.509700059890747,0.0,11.0,0.0,0.0,16.0,1,1,1,0,0,0
NER,11006,110,6,2,4.0,0,1,0,1,1,0,0,0,0,0,0,0,2021,0,0,0,0,0,0,0,3.050900101661682,0.0,3.0,0.0,0.0,0.0,1,0,1,0,0,0
NER,11007,110,7,2,2.0,0,0,0,1,1,0,0,0,0,0,0,0,2021,0,0,0,0,0,0,0,4.656599968671799,,,,,,1,1,1,0,0,0
NER,11008,110,8,2,2.0,0,0,0,1,1,0,0,0,0,0,0,0,2021,0,0,0,0,0,0,0,,,,,,,1,0,0,0,0,0
NER,11009,110,9,2,2.0,1,0,0,1,1,0,0,0,0,0,0,0,2021,0,0,0,0,0,0,0,4.21589994430542,0.0,3.0,0.0,0.0,0.0,0,1,0,0,0,0
NER,11010,110,10,2,4.0,1,0,0,1,1,0,0,1,0,0,0,0,2021,0,0,0,0,0,0,0,6.22950005531311,2.0,0.0,0.0,0.0,0.0,0,1,0,1,0,0
NER,11011,110,11,2,2.0,1,0,0,1,1,0,0,1,0,0,0,0,2021,0,0,0,0,0,0,0,2.4486000537872314,0.0,6.0,0.0,0.0,0.0,0,1,0,0,0,0
NER,11012,110,12,2,4.0,1,0,0,1,1,0,0,1,0,0,0,0,2021,0,0,0,0,0,0,0,2.649600028991699,,,,,,1,0,0,0,0,0
NER,11017,110,17,2,2.0,0,0,0,1,1,0,0,0,0,0,0,0,2021,0,0,0,0,0,0,0,2.3905999660491943,1.0,1.0,0.0,0.0,0.0,0,0,1,0,0,0
NER,11101,111,1,1,2.0,1,0,0,1,1,1,1,0,0,0,0,0,2021,0,0,0,0,0,0,0,5.489700078964233,2.0,4.0,0.0,0.0,22.0,0,0,0,0,0,0
NER,11102,111,2,1,2.0,0,1,0,1,1,1,1,0,1,0,1,0,2021,0,0,0,0,0,0,0,7.0272000432014465,2.0,5.0,0.0,0.0,0.0,0,0,0,0,0,0
NER,11104,111,4,1,2.0,1,0,0,1,1,1,1,0,0,0,0,0,2021,0,0,0,0,0,0,0,1.1539000272750854,0.0,2.0,0.0,0.0,0.0,1,1,0,0,0,0
NER,11105,111,5,1,2.0,1,1,0,1,1,1,1,0,1,0,0,0,2021,0,0,0,0,0,0,0,1.7092000246047974,0.0,1.0,0.0,0.0,1.0,0,0,0,0,0,0
NER,11106,111,6,1,2.0,1,0,0,1,1,1,1,0,0,1,1,0,2021,0,0,0,0,0,0,0,4.238100051879883,2.0,0.0,0.0,0.0,22.0,0,0,0,0,0,0
NER,11107,111,7,1,2.0,1,0,0,1,1,1,1,0,0,0,0,0,2021,0,0,0,0,0,0,0,2.928800106048584,0.0,6.0,0.0,0.0,9.0,1,0,0,0,0,0
NER,11108,111,8,1,2.0,0,0,0,0,0,0,0,1,1,0,0,0,2021,0,0,0,0,0,0,0,2.746299982070923,1.0,0.0,0.0,0.0,0.0,0,0,1,0,0,0
NER,11109,111,9,1,2.0,1,0,1,1,1,1,1,0,0,1,1,0,2021,1,0,0,0,0,1,0,,1.0,10.0,0.0,0.0,0.0,0,0,0,0,0,0
NER,11110,111,10,1,2.0,1,0,0,1,1,1,1,0,0,0,0,0,2021,0,0,0,0,0,0,0,3.3940000534057617,2.0,6.0,0.0,0.0,10.0,0,1,1,0,0,0
NER,11111,111,11,1,2.0,1,0,0,1,1,0,0,0,1,0,0,0,2021,0,0,0,0,0,0,0,,,,,,,0,1,0,0,0,0
NER,11112,111,12,1,2.0,1,0,0,1,1,1,1,0,0,0,0,0,2021,0,0,0,0,0,0,0,1.9768999814987183,1.0,3.0,0.0,0.0,0.0,0,0,0,0,0,0
NER,11119,111,19,1,2.0,1,0,0,1,1,1,1,0,0,0,0,0,2021,0,0,0,0,0,0,0,2.539599895477295,1.0,0.0,0.0,0.0,8.0,0,0,0,0,0,0
NER,11201,112,1,2,2.0,0,0,0,0,0,0,0,0,0,0,0,0,2021,0,0,0,0,0,0,0,0.9842000007629395,29.0,40.0,0.0,0.0,33.0,0,0,0,1,1,0
NER,11202,112,2,2,2.0,0,0,0,0,0,0,0,0,0,0,0,0,2021,0,0,0,0,0,0,0,2.8733999729156494,18.0,27.0,0.0,0.0,17.0,0,0,0,0,0,0
NER,11203,112,3,2,2.0,0,0,0,1,1,0,0,0,0,0,0,0,2021,0,0,0,0,0,0,0,1.8524999618530273,23.0,50.0,0.0,0.0,7.0,0,0,0,1,1,0
NER,11204,112,4,2,2.0,0,0,0,1,1,0,0,0,0,0,0,0,2021,0,0,0,0,0,0,0,1.069700002670288,12.0,13.0,0.0,0.0,4.0,0,0,0,1,1,0
NER,11205,112,5,2,2.0,1,0,0,1,1,0,0,0,0,0,0,0,2021,0,0,0,0,0,0,0,1.3431999683380127,31.0,12.0,0.0,0.0,0.0,0,0,0,1,1,0
NER,11206,112,6,2,1.0,1,0,0,0,0,0,0,0,0,0,0,0,2021,0,0,0,0,0,0,0,3.5583999156951904,17.0,0.0,0.0,0.0,30.0,0,0,0,0,0,0
NER,11207,112,7,2,2.0,1,0,0,0,0,0,0,0,0,0,0,0,2021,0,0,0,0,0,0,0,2.2209999561309814,10.0,18.0,0.0,0.0,11.0,1,0,0,0,0,0
NER,11208,112,8,2,2.0,1,0,0,0,0,0,0,0,0,0,0,0,2021,0,0,0,0,0,0,0,0.5213000178337097,17.0,3.0,0.0,0.0,36.0,0,0,0,1,0,0
NER,11209,112,9,2,2.0,1,0,0,1,1,0,0,0,0,0,0,0,2021,0,0,0,0,0,0,0,4.165999889373779,2.0,8.0,0.0,0.0,6.0,1,0,0,0,0,0
NER,11210,112,10,2,2.0,0,0,0,0,0,0,0,0,0,0,0,0,2021,0,0,0,0,0,0,0,0.972599983215332,19.0,46.0,0.0,0.0,16.0,0,0,0,0,0,0
NER,11211,112,11,2,2.0,0,0,0,0,0,0,0,1,0,0,0,0,2021,0,0,0,0,0,0,0,1.9714999198913574,26.0,84.0,0.0,0.0,8.0,0,0,0,0,0,0
NER,11212,112,12,2,2.0,0,0,0,0,0,0,0,0,0,0,0,0,2021,0,0,0,0,0,0,0,,15.0,28.0,0.0,0.0,13.0,0,0,0,0,0,0
NER,11301,113,1,1,2.0,0,0,0,1,1,0,0,0,0,0,0,0,2021,0,0,0,0,0,0,0,0.7609999775886536,0.0,0.0,0.0,0.0,0.0,0,0,0,0,0,0
NER,11302,113,2,1,4.0,1,0,0,1,1,0,0,0,0,0,0,0,2021,0,0,0,0,0,0,0,1.8788999319076538,0.0,4.0,0.0,0.0,0.0,0,1,0,0,0,0
NER,11303,113,3,1,2.0,1,0,0,1,1,0,0,0,0,0,0,0,2021,0,0,0,0,0,0,0,6.131388902664185,,,,,,0,0,0,0,0,0
NER,11304,113,4,1,4.0,0,0,0,1,1,0,0,0,0,0,0,0,2021,0,0,0,0,0,0,0,1.357699990272522,,,,,,0,0,0,0,0,0
NER,11305,113,5,1,2.0,1,0,0,1,1,0,0,0,0,0,0,0,2021,0,0,0,0,0,0,0,2.989199995994568,0.0,8.0,0.0,0.0,0.0,0,1,0,0,0,0
NER,11306,113,6,1,2.0,1,0,0,1,1,0,0,0,0,0,0,0,2021,0,0,0,0,0,0,0,3.481100082397461,,,,,,0,0,0,0,0,0
NER,11307,113,7,1,4.0,1,0,0,1,1,0,0,0,0,0,0,0,2021,0,0,0,0,0,0,0,0.7638999819755554,0.0,0.0,0.0,0.0,0.0,0,0,0,0,0,0
NER,11308,113,8,1,2.0,1,0,0,1,1,0,0,0,0,0,0,0,2021,0,0,0,0,0,0,0,2.0948999375104904,2.0,0.0,0.0,0.0,0.0,0,0,1,0,0,0
NER,11309,113,9,1,4.0,1,0,0,1,1,0,0,0,0,0,0,0,2021,0,0,0,0,0,0,0,2.6917476654052734,2.0,0.0,0.0,0.0,0.0,0,0,0,0,0,0
NER,11310,113,10,1,4.0,1,0,0,1,1,0,0,0,0,0,0,0,2021,0,0,0,0,0,0,0,0.5509999990463257,0.0,1.0,0.0,0.0,0.0,0,0,0,0,0,0
NER,11311,113,11,1,2.0,1,0,0,1,1,0,0,0,0,0,0,0,2021,0,0,0,0,0,0,0,1.5459000170230865,,,,,,0,0,0,0,0,0
NER,11312,113,12,1,4.0,1,0,0,1,1,0,0,0,0,0,0,0,2021,0,0,0,0,0,0,0,2.5410000681877136,2.0,0.0,0.0,0.0,0.0,0,0,0,0,0,0
NER,11402,114,2,2,2.0,1,0,0,0,0,0,0,0,0,0,0,0,2021,0,0,0,0,0,0,0,1.684399962425232,0.0,3.0,0.0,0.0,7.0,0,0,1,0,0,0
NER,11403,114,3,2,2.0,1,0,0,0,0,0,0,1,0,0,0,0,2021,0,0,0,0,0,0,0,4.631999969482422,2.0,6.0,0.0,0.0,0.0,1,0,0,1,0,0
NER,11404,114,4,2,2.0,1,0,0,0,0,0,0,0,0,0,0,0,2021,0,0,0,0,0,0,0,0.5611000061035156,1.0,5.0,0.0,0.0,1.0,0,1,1,0,0,0
NER,11405,114,5,2,2.0,1,0,0,0,0,0,0,0,0,0,0,0,2021,0,0,0,0,0,0,0,6.557200193405151,2.0,15.0,0.0,0.0,0.0,0,1,1,0,1,0
NER,11407,114,7,2,2.0,1,0,0,0,0,0,0,0,0,0,0,0,2021,0,0,0,0,0,0,0,2.1066999435424805,2.0,3.0,0.0,0.0,0.0,0,1,1,0,0,0
NER,11408,114,8,2,2.0,1,0,0,0,0,0,0,0,0,0,0,0,2021,0,0,0,0,0,0,0,2.3789000511169434,3.0,4.0,0.0,0.0,0.0,0,1,1,0,0,0
NER,11409,114,9,2,2.0,1,0,0,0,1,0,0,0,0,0,0,0,2021,0,0,0,0,0,0,0,3.556622266769409,2.0,3.0,0.0,0.0,0.0,0,0,1,0,0,0
NER,11410,114,10,2,2.0,1,0,0,0,0,0,0,0,0,0,0,0,2021,0,0,0,0,0,0,0,4.251563906669617,0.0,3.0,0.0,0.0,0.0,1,1,0,0,0,0
NER,11412,114,12,2,2.0,1,0,0,0,0,0,0,0,0,0,0,0,2021,0,0,0,0,0,0,0,1.3834999799728394,0.0,4.0,0.0,0.0,0.0,1,1,0,0,0,0
NER,11418,114,18,2,2.0,0,0,0,0,0,0,0,0,0,0,0,0,2021,0,0,0,0,0,0,0,2.057800054550171,,,,,,1,0,0,0,0,0
NER,11420,114,20,2,2.0,1,0,0,0,0,0,0,0,0,0,0,0,2021,0,0,0,0,0,0,0,13.726299524307251,2.0,5.0,0.0,0.0,6.0,0,0,1,0,0,0
NER,11422,114,22,2,2.0,1,0,0,0,0,0,0,0,0,0,0,0,2021,0,0,0,0,0,0,0,2.6623999029397964,,,,,,0,1,1,0,0,0
NER,11501,115,1,1,2.0,0,0,0,1,1,0,0,0,0,0,0,0,2021,0,0,0,0,0,0,0,3.501499891281128,0.0,0.0,0.0,0.0,27.0,0,1,0,0,0,0
NER,11502,115,2,1,2.0,1,0,0,1,1,0,0,0,0,0,0,0,2021,0,0,0,0,0,0,0,6.086099863052368,3.0,4.0,0.0,0.0,0.0,0,1,0,0,0,0
NER,11503,115,3,1,2.0,1,0,0,1,1,0,0,0,0,0,0,0,2021,0,0,0,0,0,0,0,4.014999866485596,,,,,,0,0,0,0,0,0
NER,11504,115,4,1,2.0,0,0,0,1,1,0,0,0,0,0,0,0,2021,0,0,0,0,0,0,0,4.44160008430481,0.0,4.0,0.0,0.0,0.0,0,1,0,0,0,0
NER,11505,115,5,1,4.0,1,0,0,1,1,0,0,0,0,0,0,0,2021,0,0,0,0,0,0,0,2.6902999877929688,0.0,12.0,0.0,0.0,0.0,0,1,0,0,0,0
NER,11506,115,6,1,2.0,1,0,0,1,1,0,0,0,0,0,0,0,2021,0,0,0,0,0,0,0,5.47162389755249,0.0,12.0,0.0,0.0,0.0,0,0,0,0,0,0
NER,11507,115,7,1,2.0,0,0,0,1,1,0,0,0,0,0,0,0,2021,0,0,0,0,0,0,0,3.7321999073028564,,,,,,0,0,0,0,0,0
NER,11509,115,9,1,1.0,1,0,0,1,1,0,0,0,0,0,0,0,2021,0,0,0,0,0,0,0,5.385101795196533,0.0,0.0,0.0,0.0,6.0,0,0,1,0,0,0
NER,11510,115,10,1,2.0,0,0,0,1,1,0,0,0,0,0,0,0,2021,0,0,0,0,0,0,0,2.016623020172119,,,,,,0,0,0,0,0,0
NER,11511,115,11,1,2.0,1,0,0,1,1,0,0,0,0,0,0,0,2021,0,0,0,0,0,0,0,3.5188000202178955,4.0,8.0,0.0,0.0,0.0,0,1,0,0,0,0
NER,11512,115,12,1,2.0,1,0,0,1,1,0,0,0,0,0,0,0,2021,0,0,0,0,0,0,0,3.9724265336990356,2.0,0.0,0.0,0.0,0.0,0,0,0,0,0,1
NER,11520,115,20,1,4.0,1,1,0,1,1,0,0,0,0,0,0,0,2021,0,0,0,0,0,0,0,1.7203999757766724,1.0,5.0,0.0,0.0,0.0,0,1,0,0,0,0
NER,11601,116,1,2,2.0,1,0,0,1,1,0,0,0,0,0,0,0,2021,0,0,0,0,0,0,0,,0.0,2.0,0.0,0.0,0.0,1,0,1,0,0,0
NER,11602,116,2,2,2.0,1,1,0,1,1,0,0,0,0,0,0,0,2021,0,0,0,0,0,0,0,6.752668619155884,0.0,7.0,0.0,0.0,13.0,1,0,0,0,0,0
NER,11603,116,3,2,1.0,1,0,0,1,1,0,0,0,0,0,0,0,2021,0,0,0,0,0,0,0,6.309628486633301,3.0,18.0,0.0,0.0,0.0,0,0,1,0,0,0
NER,11604,116,4,2,1.0,1,1,0,1,1,0,0,0,0,0,0,0,2021,0,0,0,0,0,0,0,3.980799913406372,0.0,5.0,0.0,0.0,1.0,0,0,1,0,0,0
NER,11605,116,5,2,2.0,1,0,0,1,1,0,0,0,0,0,0,0,2021,0,0,0,0,0,0,0,3.788100004196167,0.0,1.0,0.0,0.0,18.0,0,1,1,0,0,0
NER,11606,116,6,2,2.0,1,0,0,1,1,0,0,1,0,0,0,0,2021,0,0,0,0,0,0,0,7.086999952793121,2.0,3.0,0.0,0.0,0.0,0,1,1,0,0,0
NER,11608,116,8,2,2.0,1,0,0,1,1,0,0,0,0,0,0,0,2021,0,0,0,0,0,0,0,6.978099822998047,0.0,8.0,0.0,0.0,0.0,0,1,1,0,0,0
NER,11609,116,9,2,2.0,1,0,0,1,1,0,1,0,0,0,0,0,2021,0,0,0,0,0,0,0,2.861599922180176,0.0,3.0,0.0,0.0,5.0,1,1,1,0,0,0
NER,11610,116,10,2,2.0,0,0,0,1,1,0,0,0,0,0,0,0,2021,0,0,0,0,0,0,0,3.7134000808000565,2.0,2.0,0.0,0.0,0.0,0,1,0,0,0,0
NER,11611,116,11,2,2.0,1,0,0,1,1,0,0,0,0,0,0,0,2021,0,0,0,0,0,0,0,5.190400004386902,1.0,8.0,0.0,0.0,0.0,0,0,1,0,0,0
NER,11612,116,12,2,2.0,1,1,1,1,1,0,0,0,0,0,0,0,2021,0,0,0,0,0,0,0,2.802462100982666,4.0,0.0,0.0,0.0,0.0,1,0,0,0,0,0
NER,11618,116,18,2,2.0,0,1,1,1,1,0,0,0,0,0,0,0,2021,0,0,0,0,0,0,0,3.652400016784668,0.0,1.0,0.0,0.0,0.0,0,1,1,1,0,0
NER,11701,117,1,1,4.0,0,1,1,1,1,1,1,0,0,0,0,0,2021,0,0,0,0,0,0,0,,,,,,,0,0,0,0,0,0
NER,11702,117,2,1,4.0,1,1,0,1,1,0,0,0,0,0,0,0,2021,0,0,0,0,0,0,0,,,,,,,0,0,0,1,0,0
NER,11703,117,3,1,2.0,1,0,0,1,1,1,1,0,0,0,0,0,2021,0,0,0,0,0,0,0,,5.0,4.0,0.0,0.0,0.0,0,0,0,0,0,0
NER,11704,117,4,1,4.0,0,0,1,1,1,1,1,0,0,0,0,0,2021,0,0,0,0,0,0,0,,,,,,,0,0,0,0,0,0
NER,11705,117,5,1,2.0,1,0,0,1,1,0,0,0,0,0,0,0,2021,0,0,0,0,0,0,0,1.3036999702453613,0.0,5.0,0.0,0.0,0.0,1,0,0,0,0,0
NER,11706,117,6,1,4.0,1,0,0,1,1,1,1,0,0,0,0,0,2021,0,0,0,0,0,0,0,1.485200047492981,1.0,0.0,0.0,0.0,0.0,0,0,0,0,0,0
NER,11707,117,7,1,1.0,1,1,1,1,1,1,1,0,0,0,0,0,2021,0,0,0,0,0,0,0,,4.0,0.0,0.0,0.0,0.0,0,0,0,0,0,0
NER,11708,117,8,1,1.0,1,1,1,1,1,1,1,0,0,0,0,0,2021,0,0,0,0,0,0,0,,0.0,7.0,0.0,0.0,0.0,0,0,0,0,0,0
NER,11709,117,9,1,2.0,1,1,1,1,1,1,1,0,0,0,0,0,2021,0,0,0,0,0,0,0,1.5348999500274658,,,,,,0,0,0,0,0,0
NER,11710,117,10,1,1.0,1,1,1,1,1,0,0,0,0,0,0,0,2021,0,0,0,0,0,0,0,,,,,,,0,0,0,0,0,0
NER,11711,117,11,1,1.0,1,1,1,1,1,1,1,0,0,0,0,0,2021,1,0,1,0,0,1,1,6.040200233459473,2.0,14.0,0.0,0.0,0.0,0,0,0,0,0,0
NER,11712,117,12,1,2.0,1,1,1,1,1,1,1,0,0,0,0,0,2021,0,0,0,0,0,0,0,12.337780833244324,2.0,0.0,0.0,0.0,0.0,0,0,0,0,0,0
NER,11802,118,2,2,4.0,1,1,1,1,1,0,0,1,0,1,1,0,2021,0,0,0,0,0,0,0,,0.0,7.0,0.0,0.0,0.0,1,1,1,0,0,0
NER,11803,118,3,2,1.0,1,1,1,1,1,1,1,0,0,1,0,0,2021,1,0,1,0,0,0,0,3.3553829193115234,0.0,2.0,0.0,0.0,0.0,0,1,1,0,0,0
NER,11804,118,4,2,1.0,1,0,0,1,1,0,0,0,0,0,0,0,2021,0,0,0,0,0,0,0,3.8727681636810303,2.0,3.0,0.0,0.0,4.0,0,0,0,1,0,0
NER,11805,118,5,2,2.0,1,1,1,1,1,0,0,0,0,1,0,0,2021,0,0,0,0,0,0,0,,0.0,5.0,0.0,0.0,0.0,0,0,1,0,0,0
NER,11806,118,6,2,1.0,1,0,1,1,1,0,0,0,0,0,0,0,2021,0,0,0,0,0,0,0,1.257099986076355,0.0,2.0,0.0,0.0,0.0,0,1,1,0,0,0
NER,11807,118,7,2,1.0,1,0,1,1,1,0,0,0,0,0,0,0,2021,0,0,0,0,0,0,0,0.85589998960495,1.0,5.0,0.0,0.0,8.0,1,1,1,1,0,0
NER,11808,118,8,2,1.0,1,0,1,1,1,1,1,0,0,0,0,0,2021,0,0,0,0,0,0,0,1.5454255938529968,0.0,3.0,0.0,0.0,0.0,0,1,1,0,0,0
NER,11810,118,10,2,1.0,1,1,0,1,1,1,1,0,0,0,0,0,2021,1,0,0,0,0,0,0,1.8147377967834473,0.0,4.0,0.0,0.0,10.0,1,0,0,0,0,0
NER,11811,118,11,2,4.0,0,1,0,1,1,0,0,0,0,0,0,0,2021,0,0,0,0,0,0,0,4.496649742126465,0.0,12.0,0.0,0.0,0.0,0,0,0,0,0,0
NER,11812,118,12,2,3.0,1,1,1,1,1,1,1,0,0,0,0,0,2021,1,0,0,1,0,0,0,,,,,,,1,0,1,0,1,0
NER,11818,118,18,2,2.0,1,1,1,1,1,1,1,0,0,1,1,0,2021,1,0,1,0,0,1,0,,0.0,8.0,0.0,0.0,0.0,0,0,1,0,0,0
NER,11821,118,21,2,3.0,1,1,0,1,1,1,1,0,0,0,0,0,2021,0,1,0,1,1,0,0,,,,,,,1,1,0,0,0,0
NER,11902,119,2,1,2.0,1,0,0,1,1,0,0,0,0,0,1,0,2021,0,0,0,0,0,0,0,4.970700204372406,2.0,5.0,0.0,0.0,0.0,1,0,0,0,0,0
NER,11903,119,3,1,2.0,1,0,0,1,1,0,0,0,0,0,0,1,2021,0,0,0,0,0,0,0,6.11475133895874,,,,,,0,0,0,0,0,0
NER,11905,119,5,1,2.0,1,0,0,1,1,0,0,1,0,0,0,0,2021,0,0,0,0,0,0,0,4.090700149536133,3.0,9.0,0.0,0.0,0.0,1,0,0,0,0,0
NER,11906,119,6,1,2.0,0,0,0,1,1,0,0,0,0,0,0,0,2021,0,0,0,0,0,0,0,1.1004999876022339,,,,,,0,0,0,0,0,0
NER,11907,119,7,1,2.0,0,0,0,1,1,0,0,0,0,0,0,0,2021,0,0,0,0,0,0,0,,,,,,,1,0,0,0,0,0
NER,11908,119,8,1,2.0,1,0,0,1,1,0,0,0,0,0,0,0,2021,0,0,0,0,0,0,0,8.300200462341309,2.0,10.0,0.0,0.0,0.0,0,0,0,0,0,0
NER,11909,119,9,1,2.0,1,0,0,1,1,0,0,0,0,0,0,0,2021,0,0,0,0,0,0,0,2.7660919427871704,0.0,6.0,0.0,0.0,0.0,0,0,0,0,0,0
NER,11910,119,10,1,2.0,0,0,0,1,1,0,0,0,0,0,0,0,2021,0,0,0,0,0,0,0,5.708699941635132,1.0,0.0,0.0,0.0,0.0,1,1,0,0,0,0
NER,11911,119,11,1,2.0,1,0,0,1,1,0,0,0,0,0,0,0,2021,0,0,0,0,0,0,0,4.695799827575684,0.0,0.0,0.0,0.0,1.0,0,0,0,0,0,0
NER,11912,119,12,1,2.0,1,0,0,1,1,0,0,0,0,0,0,0,2021,0,0,0,0,0,0,0,4.121800124645233,,,,,,0,1,0,0,0,0
NER,11917,119,17,1,2.0,1,0,0,1,1,0,0,0,1,0,0,0,2021,0,0,0,0,0,0,0,8.831700205802917,0.0,6.0,0.0,0.0,18.0,0,1,1,0,0,0
NER,11919,119,19,1,2.0,1,1,1,1,1,0,0,0,0,0,0,0,2021,0,0,0,0,0,0,0,4.956299960613251,1.0,1.0,0.0,0.0,0.0,0,1,0,0,0,0
NER,12001,120,1,2,2.0,1,0,0,1,1,0,0,0,0,0,0,0,2021,0,0,0,0,0,0,0,0.6913999915122986,0.0,6.0,0.0,0.0,0.0,0,0,1,0,0,0
NER,12002,120,2,2,2.0,1,0,0,1,1,0,0,0,0,0,0,0,2021,0,0,0,0,0,0,0,2.0085403323173523,2.0,4.0,0.0,0.0,4.0,1,0,0,0,0,0
NER,12003,120,3,2,2.0,1,1,0,1,1,0,0,0,0,0,0,0,2021,0,0,0,0,0,0,0,,0.0,0.0,0.0,0.0,1.0,1,0,0,0,0,0
NER,12004,120,4,2,2.0,1,1,0,1,1,0,0,0,0,0,0,0,2021,0,0,0,0,0,0,0,2.1284000873565674,0.0,2.0,0.0,0.0,2.0,0,0,1,0,0,0
NER,12005,120,5,2,2.0,0,0,0,1,1,0,0,0,0,0,0,0,2021,0,0,0,0,0,0,0,1.7409000396728516,0.0,1.0,0.0,0.0,0.0,0,1,1,0,0,0
NER,12008,120,8,2,2.0,0,0,0,1,1,0,0,0,0,0,0,0,2021,0,0,0,0,0,0,0,1.770300030708313,0.0,0.0,0.0,0.0,7.0,0,1,0,0,0,0
NER,12009,120,9,2,2.0,1,0,0,0,0,0,0,0,0,0,0,0,2021,0,0,0,0,0,0,0,1.3329999893903732,2.0,0.0,0.0,0.0,0.0,1,1,0,0,0,0
NER,12010,120,10,2,2.0,1,0,0,1,1,0,0,0,0,0,0,0,2021,0,0,0,0,0,0,0,1.2206000089645386,0.0,2.0,0.0,0.0,0.0,1,1,0,0,0,0
NER,12011,120,11,2,2.0,0,0,0,1,1,0,0,1,0,0,0,0,2021,0,0,0,0,0,0,0,1.9771999716758728,0.0,2.0,0.0,0.0,0.0,0,1,0,0,0,0
NER,12012,120,12,2,2.0,1,0,0,0,0,0,0,1,0,0,0,0,2021,0,0,0,0,0,0,0,1.9982000589370728,0.0,2.0,0.0,0.0,0.0,1,1,0,0,0,0
NER,12017,120,17,2,2.0,0,0,0,1,1,0,0,0,0,0,0,0,2021,0,0,0,0,0,0,0,2.2049129605293274,2.0,1.0,0.0,0.0,12.0,0,1,1,0,0,0
NER,12020,120,20,2,2.0,0,0,0,1,1,0,0,0,0,0,0,0,2021,0,0,0,0,0,0,0,3.4951999187469482,3.0,4.0,0.0,0.0,4.0,0,1,1,0,0,0
NER,12101,121,1,1,4.0,1,1,0,1,1,0,0,0,0,0,0,0,2021,0,0,0,0,0,0,0,3.288599967956543,,,,,,1,1,0,0,0,0
NER,12102,121,2,1,4.0,1,0,0,1,1,0,0,0,0,0,0,0,2021,0,0,0,0,0,0,0,2.11929988861084,,,,,,0,1,0,0,0,0
NER,12103,121,3,1,2.0,1,0,0,1,1,0,0,0,0,0,0,0,2021,0,0,0,0,0,0,0,1.6527999639511108,,,,,,0,0,0,0,0,0
NER,12104,121,4,1,2.0,1,1,0,1,1,1,1,0,0,0,0,0,2021,0,0,0,0,0,0,0,5.512599945068359,,,,,,0,0,0,0,0,0
NER,12105,121,5,1,4.0,1,1,1,1,1,1,1,0,0,0,0,0,2021,1,0,1,0,0,0,0,4.231800079345703,,,,,,0,0,0,0,0,0
NER,12106,121,6,1,2.0,1,1,1,1,1,1,1,0,0,0,0,0,2021,0,0,0,0,0,0,0,13.313076972961426,,,,,,0,0,0,0,0,0
NER,12107,121,7,1,1.0,0,0,0,1,1,0,0,0,0,0,0,0,2021,0,0,0,0,0,0,0,1.080899953842163,2.0,0.0,0.0,0.0,0.0,0,0,0,0,0,0
NER,12108,121,8,1,4.0,1,0,0,1,1,0,0,0,0,0,0,0,2021,0,0,0,0,0,0,0,2.700000047683716,0.0,3.0,0.0,0.0,0.0,1,1,0,0,0,0
NER,12109,121,9,1,2.0,1,0,0,1,1,0,0,0,0,0,0,0,2021,0,0,0,0,0,0,0,3.179499924182892,2.0,0.0,0.0,0.0,1.0,0,0,0,0,0,0
NER,12110,121,10,1,2.0,0,0,0,1,1,0,0,0,0,0,0,0,2021,0,0,0,0,0,0,0,2.060499906539917,,,,,,0,1,0,0,0,0
NER,12111,121,11,1,2.0,1,0,0,1,1,0,0,0,0,0,0,0,2021,0,0,0,0,0,0,0,2.928100109100342,2.0,9.0,0.0,0.0,0.0,0,1,0,0,0,0
NER,12112,121,12,1,2.0,1,0,0,1,1,0,0,0,0,0,0,0,2021,0,0,0,0,0,0,0,0.745199978351593,,,,,,0,0,0,0,0,0
NER,12201,122,1,2,2.0,1,1,0,1,1,0,0,0,0,0,0,0,2021,0,0,0,0,0,0,0,1.5606071949005127,,,,,,0,0,1,0,0,0
NER,12202,122,2,2,2.0,1,0,0,1,1,0,1,0,0,0,0,0,2021,0,0,0,0,0,0,0,3.785099983215332,0.0,13.0,0.0,0.0,0.0,0,1,1,0,0,0
NER,12203,122,3,2,2.0,1,0,0,1,1,0,0,0,0,0,0,0,2021,0,0,0,0,0,0,0,4.712500095367432,0.0,4.0,0.0,0.0,5.0,0,1,0,0,0,0
NER,12204,122,4,2,2.0,1,0,0,1,1,0,1,0,0,0,0,0,2021,0,0,0,0,0,0,0,2.7985100746154785,1.0,2.0,0.0,0.0,1.0,0,1,0,0,0,0
NER,12205,122,5,2,3.0,1,0,0,1,1,1,1,0,0,0,0,0,2021,0,0,0,0,0,0,0,0.41040000319480896,0.0,3.0,0.0,0.0,22.0,0,1,0,0,0,0
NER,12206,122,6,2,2.0,1,0,0,1,1,1,1,0,0,0,0,0,2021,0,0,0,0,0,0,0,3.5183520317077637,2.0,12.0,0.0,0.0,5.0,0,1,1,0,0,0
NER,12207,122,7,2,2.0,1,0,0,1,1,1,1,0,0,0,0,0,2021,0,0,0,0,0,0,0,0.5400999784469604,1.0,2.0,0.0,0.0,0.0,0,1,1,0,0,0
NER,12208,122,8,2,1.0,1,1,1,1,1,1,1,0,0,0,0,0,2021,1,0,0,0,0,1,0,,2.0,0.0,0.0,0.0,0.0,0,0,1,0,0,0
NER,12209,122,9,2,2.0,1,0,0,1,1,1,1,0,0,0,0,0,2021,0,0,0,0,0,0,0,9.097201824188232,2.0,5.0,0.0,0.0,0.0,1,1,0,0,0,0
NER,12210,122,10,2,4.0,0,0,0,1,1,0,0,0,0,0,0,0,2021,0,0,0,0,0,0,0,7.210596323013306,,,,,,1,0,1,0,0,0
NER,12211,122,11,2,2.0,1,0,0,1,1,0,0,0,0,0,0,0,2021,0,0,0,0,0,0,0,10.044926166534424,,,,,,1,0,0,0,0,0
NER,12212,122,12,2,2.0,1,1,1,1,1,1,1,0,0,0,0,0,2021,0,0,0,0,0,0,0,10.091999769210815,7.0,15.0,0.0,0.0,0.0,1,0,0,0,0,0
NER,12304,123,4,1,2.0,0,0,0,0,0,0,0,0,0,0,0,0,2021,0,0,0,0,0,0,0,1.915454626083374,,,,,,0,0,0,0,0,0
NER,12305,123,5,1,2.0,0,0,0,0,0,0,0,0,0,0,0,0,2021,0,0,0,0,0,0,0,2.9299999475479126,0.0,9.0,0.0,0.0,0.0,0,0,1,0,0,0
NER,12310,123,10,1,2.0,0,0,0,0,0,0,0,1,0,0,0,0,2021,0,0,0,0,0,0,0,7.978799819946289,0.0,5.0,0.0,0.0,0.0,0,0,0,0,0,0
NER,12311,123,11,1,2.0,1,1,0,0,0,0,0,0,0,0,0,0,2021,0,0,0,0,0,0,0,9.398200035095215,0.0,3.0,0.0,0.0,8.0,1,0,0,0,0,0
NER,12312,123,12,1,2.0,1,1,1,0,0,0,0,0,0,0,0,0,2021,0,0,0,0,0,0,0,15.288000226020813,1.0,0.0,0.0,0.0,0.0,0,0,0,0,0,0
NER,12317,123,17,1,2.0,0,0,0,0,0,0,0,0,0,0,0,0,2021,0,0,0,0,0,0,0,2.6412885189056396,1.0,0.0,0.0,0.0,0.0,0,0,0,0,0,0
NER,12318,123,18,1,2.0,0,0,0,0,0,0,0,0,0,0,0,0,2021,0,0,0,0,0,0,0,5.353899955749512,1.0,10.0,0.0,0.0,0.0,0,0,0,0,0,0
NER,12319,123,19,1,2.0,0,0,0,0,0,0,0,0,0,0,0,0,2021,0,0,0,0,0,0,0,2.9749999046325684,1.0,0.0,0.0,0.0,0.0,0,0,0,0,0,0
NER,12320,123,20,1,4.0,0,0,0,0,0,0,0,0,0,0,0,0,2021,0,0,0,0,0,0,0,,,,,,,0,0,0,1,0,0
NER,12323,123,23,1,2.0,0,0,0,0,0,0,0,1,0,0,0,0,2021,0,0,0,0,0,0,0,1.382699966430664,0.0,1.0,0.0,0.0,0.0,1,0,0,0,0,0
NER,12324,123,24,1,4.0,0,0,0,0,0,0,0,0,0,0,0,0,2021,0,0,0,0,0,0,0,,,,,,,0,0,0,0,0,0
NER,12328,123,28,1,2.0,1,1,1,0,0,0,0,0,0,0,0,0,2021,0,0,0,0,0,0,0,5.226199984550476,,,,,,0,0,0,0,0,0
NER,12401,124,1,2,4.0,1,0,0,0,0,0,0,0,0,0,0,0,2021,0,0,0,0,0,0,0,2.685549736022949,0.0,1.0,0.0,0.0,0.0,0,0,1,0,1,0
NER,12402,124,2,2,4.0,1,0,0,1,1,0,0,0,0,0,0,0,2021,0,0,0,0,0,0,0,1.9932119846343994,0.0,1.0,0.0,0.0,0.0,0,0,1,0,0,0
NER,12403,124,3,2,2.0,1,0,0,1,1,0,0,0,0,0,0,0,2021,0,0,0,0,0,0,0,7.673523902893066,2.0,7.0,0.0,0.0,6.0,0,0,1,0,1,0
NER,12404,124,4,2,4.0,1,0,0,1,1,0,0,0,0,0,0,0,2021,0,0,0,0,0,0,0,4.812929153442383,0.0,3.0,0.0,0.0,0.0,1,0,1,0,0,0
NER,12405,124,5,2,2.0,1,0,0,1,1,0,0,0,0,0,0,0,2021,0,0,0,0,0,0,0,1.1899062395095825,0.0,2.0,0.0,0.0,0.0,0,1,0,1,1,0
NER,12407,124,7,2,2.0,1,0,0,1,1,0,0,0,0,0,0,0,2021,0,0,0,0,0,0,0,2.7376809120178223,2.0,2.0,0.0,0.0,0.0,0,1,1,0,0,0
NER,12409,124,9,2,2.0,1,0,0,1,1,0,0,0,0,0,0,0,2021,0,0,0,0,0,0,0,1.266227126121521,0.0,2.0,0.0,0.0,0.0,0,1,0,1,0,0
NER,12410,124,10,2,2.0,1,0,0,1,1,0,0,0,0,0,0,0,2021,0,0,0,0,0,0,0,4.633533239364624,,,,,,0,1,0,0,0,0
NER,12411,124,11,2,2.0,0,0,0,1,1,0,0,0,0,0,0,0,2021,0,0,0,0,0,0,0,2.532454252243042,,,,,,0,1,0,0,0,0
NER,12412,124,12,2,2.0,1,0,0,1,1,0,0,0,0,0,0,0,2021,0,0,0,0,0,0,0,4.166299343109131,,,,,,1,1,0,0,0,0
NER,12420,124,20,2,2.0,1,0,0,1,1,0,0,0,0,0,0,0,2021,0,0,0,0,0,0,0,4.4676554799079895,0.0,3.0,0.0,0.0,4.0,0,1,0,1,1,0
NER,12421,124,21,2,2.0,1,0,0,1,1,0,0,0,0,0,0,0,2021,0,0,0,0,0,0,0,4.729551434516907,0.0,4.0,0.0,0.0,0.0,1,0,1,0,1,0
NER,12501,125,1,1,1.0,1,1,1,1,1,1,1,0,0,0,0,0,2021,0,0,0,0,0,0,0,,0.0,2.0,0.0,0.0,0.0,0,0,0,0,0,0
NER,12502,125,2,1,4.0,1,1,1,1,1,0,0,0,1,0,0,0,2021,0,0,0,0,0,0,0,,0.0,6.0,0.0,0.0,0.0,1,0,0,0,0,0
NER,12505,125,5,1,1.0,1,1,1,1,1,0,0,1,0,0,0,0,2021,0,0,0,0,0,0,0,,1.0,0.0,0.0,0.0,0.0,0,0,0,0,0,0
NER,12508,125,8,1,1.0,1,1,1,1,1,1,1,0,0,0,0,0,2021,0,0,0,0,0,0,0,,,,,,,0,0,0,0,0,0
NER,12511,125,11,1,4.0,0,0,0,1,1,0,0,0,0,0,0,0,2021,0,0,0,0,0,0,0,,0.0,5.0,0.0,0.0,0.0,0,1,0,0,0,0
NER,12512,125,12,1,1.0,1,1,1,1,1,0,0,0,0,0,0,0,2021,0,0,0,0,0,0,0,,,,,,,0,0,0,0,0,0
NER,12513,125,13,1,3.0,1,0,1,1,1,1,1,0,1,1,0,0,2021,1,0,0,0,0,1,0,,,,,,,0,0,0,0,0,0
NER,12515,125,15,1,3.0,1,1,1,1,1,0,0,0,0,1,1,0,2021,0,0,0,0,0,0,0,,0.0,1.0,0.0,0.0,0.0,0,0,0,0,0,0
NER,12519,125,19,1,2.0,1,1,1,1,1,1,1,0,0,1,0,0,2021,1,0,1,0,1,1,0,,,,,,,1,0,0,1,0,0
NER,12524,125,24,1,4.0,0,0,0,1,1,0,0,0,0,0,0,0,2021,0,0,0,0,0,0,0,0.4686744213104248,1.0,2.0,0.0,0.0,0.0,0,1,0,0,0,0
NER,12526,125,26,1,3.0,1,1,1,1,1,1,1,0,1,0,0,0,2021,1,0,1,0,0,0,0,,,,,,,0,0,0,1,0,0
NER,12527,125,27,1,1.0,1,1,1,1,1,1,1,0,0,1,1,0,2021,1,0,1,1,0,1,0,,0.0,4.0,0.0,0.0,0.0,1,0,0,0,0,0
NER,12601,126,1,2,2.0,1,1,0,0,0,0,0,1,0,0,0,0,2021,0,0,0,0,0,0,0,3.0994527339935303,1.0,4.0,0.0,0.0,0.0,0,1,1,0,0,0
NER,12602,126,2,2,2.0,0,0,0,0,0,0,0,0,0,0,0,0,2021,0,0,0,0,0,0,0,0.90829998254776,2.0,0.0,0.0,0.0,3.0,0,1,1,0,0,0
NER,12603,126,3,2,2.0,0,0,0,1,1,0,0,0,0,0,0,0,2021,0,0,0,0,0,0,0,0.9478999972343445,1.0,0.0,0.0,0.0,0.0,0,1,1,0,0,0
NER,12604,126,4,2,2.0,0,1,0,0,0,0,0,0,0,0,0,0,2021,0,0,0,0,0,0,0,2.75790011882782,6.0,0.0,0.0,0.0,0.0,0,1,1,0,0,0
NER,12605,126,5,2,2.0,1,1,0,1,1,0,0,0,0,0,0,0,2021,0,0,0,0,0,0,0,,,,,,,0,1,1,0,0,0
NER,12606,126,6,2,2.0,1,0,0,1,1,0,0,0,0,0,0,0,2021,0,0,0,0,0,0,0,1.318886160850525,1.0,3.0,0.0,0.0,0.0,0,0,1,0,0,0
NER,12607,126,7,2,2.0,0,0,0,1,1,0,0,0,0,0,0,0,2021,0,0,0,0,0,0,0,2.0182471573352814,1.0,0.0,0.0,0.0,0.0,0,1,1,0,0,0
NER,12608,126,8,2,2.0,1,1,0,0,0,0,0,0,0,0,0,0,2021,0,0,0,0,0,0,0,0.07980000227689743,,,,,,1,0,0,0,0,0
NER,12609,126,9,2,2.0,1,0,0,0,0,0,0,1,0,0,0,0,2021,0,0,0,0,0,0,0,3.439985752105713,3.0,6.0,0.0,0.0,0.0,0,0,0,0,0,0
NER,12610,126,10,2,2.0,1,0,0,0,0,0,0,0,0,0,0,0,2021,0,0,0,0,0,0,0,1.2817000150680542,,,,,,0,0,0,0,0,0
NER,12612,126,12,2,2.0,1,0,0,0,0,0,0,1,0,0,0,0,2021,0,0,0,0,0,0,0,,,,,,,1,0,0,0,0,0
NER,12615,126,15,2,2.0,1,0,0,0,0,0,0,0,0,0,0,0,2021,0,0,0,0,0,0,0,1.3151999711990356,10.0,3.0,0.0,0.0,0.0,0,0,0,0,0,0
NER,12701,127,1,1,2.0,1,0,0,0,0,0,0,0,0,0,0,0,2021,0,0,0,0,0,0,0,0.4810999929904938,3.0,3.0,0.0,0.0,0.0,0,0,0,0,0,0
NER,12702,127,2,1,2.0,0,0,0,0,0,0,0,0,1,0,0,0,2021,0,0,0,0,0,0,0,2.3134000301361084,,,,,,0,0,0,0,0,0
NER,12704,127,4,1,2.0,1,0,0,0,0,0,0,0,0,0,0,0,2021,0,0,0,0,0,0,0,1.8332000374794006,2.0,3.0,0.0,0.0,7.0,0,0,0,0,0,0
NER,12705,127,5,1,4.0,1,0,0,0,0,0,0,0,1,0,0,0,2021,0,0,0,0,0,0,0,4.169299840927124,2.0,2.0,0.0,0.0,0.0,0,1,0,0,0,0
NER,12706,127,6,1,2.0,1,0,0,1,1,0,0,0,0,0,0,0,2021,0,0,0,0,0,0,0,1.890299990773201,1.0,1.0,0.0,0.0,0.0,0,0,0,0,0,0
NER,12707,127,7,1,2.0,1,0,0,0,0,0,0,0,0,0,0,0,2021,0,0,0,0,0,0,0,9.940999984741211,0.0,0.0,0.0,0.0,5.0,0,1,0,0,0,1
NER,12708,127,8,1,2.0,0,0,0,1,1,0,0,0,1,0,0,0,2021,0,0,0,0,0,0,0,7.630200013518333,0.0,0.0,0.0,0.0,27.0,0,1,0,0,0,0
NER,12709,127,9,1,2.0,1,0,0,0,0,0,0,0,0,0,0,0,2021,0,0,0,0,0,0,0,3.4074999690055847,0.0,1.0,0.0,0.0,9.0,0,0,0,0,0,0
NER,12710,127,10,1,2.0,1,0,0,0,0,0,0,0,0,0,0,0,2021,0,0,0,0,0,0,0,0.9977999925613403,9.0,4.0,0.0,0.0,0.0,0,0,0,0,0,0
NER,12711,127,11,1,2.0,0,0,0,0,0,0,0,0,0,0,0,0,2021,0,0,0,0,0,0,0,2.101900100708008,22.0,6.0,0.0,0.0,23.0,0,0,1,0,0,0
NER,12712,127,12,1,2.0,1,0,0,1,1,0,0,0,0,0,0,0,2021,0,0,0,0,0,0,0,5.592599868774414,5.0,4.0,0.0,0.0,37.0,1,0,0,0,0,0
NER,12722,127,22,1,2.0,1,0,0,0,0,0,0,0,0,0,0,0,2021,0,0,0,0,0,0,0,0.5151999890804291,1.0,3.0,0.0,0.0,0.0,0,0,0,0,0,0
NER,12801,128,1,2,2.0,0,0,0,1,1,0,1,0,0,0,0,0,2021,0,0,0,0,0,0,0,12.522341251373291,2.0,4.0,0.0,0.0,0.0,0,1,1,0,0,0
NER,12802,128,2,2,2.0,0,0,0,1,1,1,1,0,0,0,0,0,2021,1,0,0,0,0,0,0,4.117599904537201,1.0,5.0,0.0,0.0,0.0,0,0,1,0,0,0
NER,12803,128,3,2,2.0,0,0,0,1,1,1,1,0,0,0,0,0,2021,0,0,0,0,0,0,0,7.687999963760376,1.0,2.0,0.0,0.0,0.0,1,0,1,0,0,0
NER,12804,128,4,2,2.0,0,0,0,1,1,1,1,0,0,0,0,0,2021,1,0,1,0,0,1,0,1.4954999685287476,7.0,9.0,0.0,0.0,0.0,0,1,1,0,0,0
NER,12805,128,5,2,2.0,0,0,0,1,1,1,1,0,0,0,0,0,2021,0,0,0,0,0,0,0,3.6222000122070312,,,,,,0,0,1,0,0,0
NER,12806,128,6,2,2.0,0,0,0,1,1,0,0,0,0,0,0,0,2021,0,0,0,0,0,0,0,6.479399800300598,0.0,5.0,0.0,0.0,8.0,0,1,1,0,0,0
NER,12807,128,7,2,2.0,0,1,0,1,1,1,1,0,0,0,0,0,2021,1,0,0,0,0,0,0,11.282000541687012,4.0,17.0,0.0,0.0,23.0,0,0,0,0,0,0
NER,12808,128,8,2,2.0,0,0,0,1,1,1,1,0,0,0,0,0,2021,0,0,0,0,0,0,0,7.8546998500823975,,,,,,1,0,0,0,0,0
NER,12810,128,10,2,2.0,1,0,0,0,0,0,1,0,0,0,0,0,2021,0,0,0,0,0,0,0,,,,,,,0,0,0,0,0,1
NER,12811,128,11,2,4.0,1,0,0,1,1,0,0,0,0,0,0,0,2021,0,0,0,0,0,0,0,6.763899803161621,2.0,1.0,0.0,0.0,0.0,0,1,0,0,0,0
NER,12812,128,12,2,2.0,1,1,0,1,1,1,1,0,0,1,0,0,2021,1,0,0,0,0,0,0,14.296500205993652,5.0,0.0,0.0,0.0,0.0,1,0,0,0,0,0
NER,12817,128,17,2,2.0,1,0,0,1,1,0,1,0,0,0,0,0,2021,1,0,0,0,0,0,0,4.150700032711029,2.0,1.0,0.0,0.0,0.0,1,0,0,0,0,0
NER,12901,129,1,1,2.0,1,0,0,0,0,0,0,0,0,0,0,0,2021,0,0,0,0,0,0,0,4.691700100898743,5.0,10.0,0.0,0.0,29.0,0,0,0,0,0,0
NER,12902,129,2,1,2.0,0,0,0,0,0,0,0,0,0,0,0,0,2021,0,0,0,0,0,0,0,6.006299734115601,2.0,3.0,0.0,0.0,0.0,1,0,0,0,0,0
NER,12903,129,3,1,2.0,1,0,0,0,0,0,0,0,0,0,0,0,2021,0,0,0,0,0,0,0,2.6697001457214355,0.0,2.0,0.0,0.0,0.0,0,0,0,0,0,0
NER,12904,129,4,1,2.0,1,0,0,0,0,0,0,0,0,0,0,0,2021,0,0,0,0,0,0,0,1.4795000031590462,,,,,,0,0,0,0,0,0
NER,12905,129,5,1,2.0,1,1,0,0,0,0,0,0,0,0,0,0,2021,0,0,0,0,0,0,0,9.143599852919579,4.0,7.0,0.0,0.0,0.0,0,0,0,0,0,0
NER,12906,129,6,1,2.0,1,0,0,0,0,0,0,0,0,0,0,0,2021,0,0,0,0,0,0,0,4.440600037574768,4.0,3.0,0.0,0.0,0.0,0,0,0,0,0,0
NER,12907,129,7,1,2.0,1,0,0,0,0,0,0,0,0,0,0,0,2021,0,0,0,0,0,0,0,3.4475998878479004,2.0,2.0,0.0,0.0,20.0,1,0,0,0,0,0
NER,12908,129,8,1,2.0,0,0,0,0,0,0,0,0,0,0,0,0,2021,0,0,0,0,0,0,0,10.598099708557129,4.0,9.0,0.0,0.0,0.0,0,0,0,0,0,0
NER,12909,129,9,1,2.0,1,0,0,0,0,0,0,0,0,0,0,0,2021,0,0,0,0,0,0,0,1.1253999471664429,2.0,0.0,0.0,0.0,0.0,0,0,0,0,0,0
NER,12910,129,10,1,2.0,1,0,0,0,0,0,0,0,0,0,0,0,2021,0,0,0,0,0,0,0,2.973499894142151,0.0,1.0,0.0,0.0,0.0,1,0,0,0,0,0
NER,12911,129,11,1,2.0,0,0,0,0,0,0,0,0,0,0,0,0,2021,0,0,0,0,0,0,0,4.607800006866455,,,,,,1,0,0,0,0,0
NER,13002,130,2,2,2.0,0,0,0,0,0,0,0,0,0,0,0,0,2021,0,0,0,0,0,0,0,2.877774715423584,0.0,3.0,0.0,0.0,7.0,0,1,1,0,0,0
NER,13003,130,3,2,2.0,0,0,0,0,0,0,0,0,0,0,0,0,2021,0,0,0,0,0,0,0,,0.0,2.0,0.0,0.0,0.0,0,0,1,0,0,0
NER,13004,130,4,2,2.0,0,0,0,1,1,0,0,0,0,0,0,0,2021,0,0,0,0,0,0,0,,0.0,1.0,0.0,0.0,0.0,0,0,1,0,0,0
NER,13005,130,5,2,4.0,0,0,0,0,0,0,0,0,0,0,0,0,2021,0,0,0,0,0,0,0,5.1508002281188965,4.0,3.0,0.0,0.0,14.0,1,0,0,0,0,0
NER,13006,130,6,2,2.0,1,1,0,0,0,0,0,0,0,0,0,0,2021,0,0,0,0,0,0,0,,0.0,2.0,0.0,0.0,0.0,1,0,1,0,0,0
NER,13007,130,7,2,2.0,0,1,0,0,0,0,0,0,0,0,0,0,2021,0,0,0,0,0,0,0,2.434361696243286,1.0,3.0,0.0,0.0,0.0,0,1,1,0,0,0
NER,13008,130,8,2,2.0,1,1,0,1,1,0,0,0,0,0,0,0,2021,0,0,0,0,0,0,0,1.9092999696731567,3.0,1.0,0.0,0.0,0.0,0,0,1,0,0,0
NER,13009,130,9,2,2.0,1,0,0,0,0,0,0,1,0,0,0,0,2021,0,0,0,0,0,0,0,0.8241000175476074,0.0,2.0,0.0,0.0,0.0,1,0,0,0,0,0
NER,13011,130,11,2,2.0,1,0,0,0,0,0,0,1,0,0,0,0,2021,0,0,0,0,0,0,0,1.833899974822998,0.0,2.0,0.0,0.0,0.0,0,0,1,0,0,0
NER,13012,130,12,2,2.0,1,0,0,0,0,0,0,1,0,0,0,0,2021,0,0,0,0,0,0,0,1.6467000246047974,3.0,3.0,0.0,0.0,0.0,1,0,0,0,0,0
NER,13019,130,19,2,2.0,1,1,0,0,0,0,0,1,0,0,0,0,2021,0,0,0,0,0,0,0,1.7156692743301392,,,,,,1,0,0,0,0,0
NER,13101,131,1,1,2.0,1,0,0,0,0,0,0,0,0,0,0,0,2021,0,0,0,0,0,0,0,0.40939998626708984,,,,,,0,0,0,0,0,0
NER,13102,131,2,1,2.0,1,1,1,0,0,0,0,0,0,0,0,0,2021,0,0,0,0,0,0,0,,0.0,5.0,0.0,0.0,5.0,0,0,0,0,0,0
NER,13103,131,3,1,2.0,1,0,0,0,0,0,0,0,0,0,0,0,2021,0,0,0,0,0,0,0,,0.0,1.0,0.0,0.0,0.0,0,0,0,0,0,0
NER,13104,131,4,1,2.0,1,1,0,0,0,0,0,0,0,0,0,0,2021,0,0,0,0,0,0,0,3.6246000826358795,4.0,8.0,0.0,0.0,10.0,0,0,0,0,0,0
NER,13105,131,5,1,2.0,0,1,1,0,0,0,0,0,0,0,0,0,2021,0,0,0,0,0,0,0,12.52590000629425,1.0,2.0,0.0,0.0,30.0,0,1,0,1,0,0
NER,13106,131,6,1,2.0,1,0,0,0,0,0,0,0,0,0,0,0,2021,0,0,0,0,0,0,0,2.534899950027466,1.0,1.0,0.0,0.0,0.0,0,0,0,0,0,0
NER,13107,131,7,1,2.0,1,0,0,0,0,0,0,0,0,0,0,0,2021,0,0,0,0,0,0,0,6.487899899482727,2.0,6.0,0.0,0.0,7.0,0,0,0,0,0,0
NER,13108,131,8,1,2.0,1,1,0,0,0,0,0,0,0,0,0,0,2021,0,0,0,0,0,0,0,8.146399974822998,4.0,9.0,0.0,0.0,22.0,0,0,0,0,0,0
NER,13109,131,9,1,2.0,1,0,0,0,0,0,0,0,0,0,0,0,2021,0,0,0,0,0,0,0,,3.0,6.0,0.0,0.0,0.0,0,0,0,0,0,0
NER,13110,131,10,1,2.0,1,1,0,0,0,0,0,0,0,0,0,0,2021,0,0,0,0,0,0,0,2.9261001348495483,2.0,4.0,0.0,0.0,10.0,0,0,0,0,0,0
NER,13111,131,11,1,2.0,0,0,0,0,0,0,0,0,0,0,0,0,2021,0,0,0,0,0,0,0,0.35359999537467957,0.0,3.0,0.0,0.0,4.0,0,0,0,0,0,0
NER,13112,131,12,1,2.0,1,0,0,0,0,0,0,0,0,0,0,0,2021,0,0,0,0,0,0,0,4.7319000363349915,3.0,0.0,0.0,0.0,0.0,1,1,0,0,0,0
NER,13201,132,1,2,2.0,0,0,0,1,1,0,0,0,0,0,0,0,2021,0,0,0,0,0,0,0,3.188699960708618,1.0,4.0,0.0,0.0,0.0,0,0,1,0,0,0
NER,13202,132,2,2,2.0,0,0,0,1,1,0,0,0,0,0,0,0,2021,0,0,0,0,0,0,0,3.846299886703491,2.0,0.0,0.0,0.0,0.0,0,0,1,0,0,0
NER,13204,132,4,2,2.0,0,0,0,1,1,0,0,0,0,0,0,0,2021,0,0,0,0,0,0,0,,0.0,3.0,0.0,0.0,0.0,0,0,1,1,0,0
NER,13205,132,5,2,2.0,1,0,0,1,1,0,0,0,0,0,0,0,2021,0,0,0,0,0,0,0,5.96019983291626,1.0,2.0,0.0,0.0,0.0,1,1,1,0,0,0
NER,13208,132,8,2,2.0,1,0,0,1,1,0,0,0,0,0,0,0,2021,0,0,0,0,0,0,0,0.9565224647521973,0.0,3.0,0.0,0.0,0.0,1,0,1,0,0,0
NER,13209,132,9,2,2.0,1,0,0,1,1,0,0,0,0,0,0,0,2021,0,0,0,0,0,0,0,1.9573999643325806,4.0,7.0,0.0,0.0,0.0,0,0,1,0,0,0
NER,13211,132,11,2,2.0,1,0,0,1,1,0,0,0,0,0,0,0,2021,0,0,0,0,0,0,0,3.460900068283081,3.0,3.0,0.0,0.0,0.0,0,0,0,0,0,0
NER,13212,132,12,2,2.0,1,0,0,1,1,0,0,0,0,0,0,0,2021,0,0,0,0,0,0,0,1.1519000232219696,2.0,0.0,0.0,0.0,12.0,1,0,0,0,0,0
NER,13218,132,18,2,4.0,1,0,0,0,0,0,1,0,0,0,0,0,2021,0,0,0,0,0,0,0,2.771399974822998,2.0,0.0,0.0,0.0,0.0,1,0,0,0,0,0
NER,13219,132,19,2,2.0,1,0,0,0,0,1,1,0,0,0,0,0,2021,0,0,0,0,0,0,0,1.8657000064849854,,,,,,0,0,1,0,0,0
NER,13301,133,1,1,2.0,1,0,0,1,1,0,0,0,0,0,0,0,2021,0,0,0,0,0,0,0,0.6680999994277954,2.0,0.0,0.0,0.0,10.0,1,0,0,0,0,0
NER,13302,133,2,1,2.0,0,0,0,0,0,0,0,0,1,0,0,0,2021,0,0,0,0,0,0,0,9.571200489997864,3.0,1.0,0.0,0.0,50.0,1,1,0,0,0,0
NER,13303,133,3,1,2.0,1,0,0,1,1,0,0,0,0,0,0,0,2021,0,0,0,0,0,0,0,12.308200120925903,4.0,4.0,0.0,0.0,0.0,1,1,0,0,0,0
NER,13304,133,4,1,2.0,1,0,0,1,1,0,0,1,0,0,0,0,2021,0,0,0,0,0,0,0,1.4192000031471252,3.0,10.0,0.0,0.0,0.0,1,0,0,0,0,0
NER,13305,133,5,1,2.0,0,0,0,1,1,1,1,0,1,0,0,0,2021,0,0,0,0,0,0,0,9.076500177383423,2.0,0.0,0.0,0.0,18.0,1,0,0,0,0,0
NER,13306,133,6,1,2.0,1,0,0,1,1,0,0,0,0,0,0,0,2021,0,0,0,0,0,0,0,,,,,,,0,0,0,0,0,0
NER,13307,133,7,1,2.0,1,0,0,0,0,0,0,0,0,0,0,0,2021,0,0,0,0,0,0,0,4.4796998500823975,0.0,5.0,0.0,0.0,14.0,1,0,0,0,0,0
NER,13309,133,9,1,2.0,1,0,0,1,1,1,1,0,1,0,0,0,2021,0,0,0,0,0,0,0,7.920000106096268,4.0,39.0,0.0,0.0,47.0,1,1,0,0,0,0
NER,13310,133,10,1,2.0,1,0,0,1,1,0,0,0,0,0,0,0,2021,0,0,0,0,0,0,0,4.251099914312363,3.0,0.0,0.0,0.0,19.0,0,1,0,0,0,0
NER,13311,133,11,1,2.0,1,0,0,0,0,0,0,0,0,0,0,0,2021,0,0,0,0,0,0,0,0.7811000049114227,1.0,3.0,0.0,0.0,11.0,0,0,0,0,0,0
NER,13312,133,12,1,2.0,0,0,0,1,1,0,0,0,1,0,0,0,2021,0,0,0,0,0,0,0,,0.0,1.0,0.0,0.0,0.0,1,0,0,0,0,0
NER,13313,133,13,1,2.0,1,0,0,1,1,0,0,0,0,0,0,0,2021,0,0,0,0,0,0,0,5.908900082111359,1.0,2.0,0.0,0.0,4.0,0,0,0,0,0,0
NER,13402,134,2,2,2.0,0,0,0,0,0,0,0,0,0,0,0,0,2021,0,0,0,0,0,0,0,3.742958188056946,,,,,,1,0,1,0,0,0
NER,13403,134,3,2,2.0,0,0,0,0,0,0,0,0,0,0,0,0,2021,0,0,0,0,0,0,0,0.9049224853515625,,,,,,0,0,0,0,0,0
NER,13404,134,4,2,2.0,0,0,0,0,0,0,0,0,0,0,0,0,2021,0,0,0,0,0,0,0,,,,,,,0,0,1,0,0,0
NER,13405,134,5,2,2.0,1,0,0,0,0,0,0,0,0,0,0,0,2021,0,0,0,0,0,0,0,1.6016000509262085,2.0,2.0,0.0,0.0,0.0,0,1,1,0,0,0
NER,13406,134,6,2,2.0,1,0,0,0,0,0,0,0,0,0,0,0,2021,0,0,0,0,0,0,0,2.9958999156951904,,,,,,1,1,1,0,0,0
NER,13407,134,7,2,2.0,0,0,0,0,0,0,0,0,0,0,0,0,2021,0,0,0,0,0,0,0,1.4839999675750732,2.0,3.0,0.0,0.0,0.0,0,0,1,0,0,0
NER,13408,134,8,2,2.0,1,0,0,0,0,0,0,1,0,0,0,0,2021,0,0,0,0,0,0,0,,,,,,,0,0,0,0,0,0
NER,13409,134,9,2,2.0,1,0,0,0,0,0,0,1,0,0,0,0,2021,0,0,0,0,0,0,0,0.25220000743865967,,,,,,0,0,0,0,0,0
NER,13410,134,10,2,2.0,1,0,0,0,0,0,0,1,0,0,0,0,2021,0,0,0,0,0,0,0,,0.0,11.0,0.0,0.0,0.0,0,0,1,0,0,0
NER,13412,134,12,2,2.0,1,0,0,0,0,0,0,1,0,0,0,0,2021,0,0,0,0,0,0,0,0.5329999923706055,2.0,1.0,0.0,0.0,0.0,1,0,0,0,0,0
NER,13419,134,19,2,2.0,1,0,0,0,0,0,0,1,0,0,0,0,2021,0,0,0,0,0,0,0,0.838100016117096,,,,,,0,0,0,0,0,0
NER,13421,134,21,2,2.0,0,0,0,0,0,0,0,0,0,0,0,0,2021,0,0,0,0,0,0,0,3.6017000675201416,0.0,3.0,0.0,0.0,0.0,0,0,1,0,0,0
NER,13501,135,1,1,2.0,1,0,0,0,0,0,0,0,0,0,0,0,2021,0,0,0,0,0,0,0,4.244799971580505,0.0,4.0,0.0,0.0,17.0,0,1,0,0,0,0
NER,13502,135,2,1,2.0,0,0,0,0,0,0,0,1,0,0,0,0,2021,0,0,0,0,0,0,0,1.6995999813079834,1.0,1.0,0.0,0.0,10.0,1,0,0,0,0,0
NER,13503,135,3,1,2.0,1,0,0,0,0,0,0,0,0,0,0,0,2021,0,0,0,0,0,0,0,2.535800039768219,3.0,2.0,0.0,0.0,0.0,1,0,0,0,0,0
NER,13504,135,4,1,2.0,1,0,0,0,0,0,0,0,0,0,0,0,2021,0,0,0,0,0,0,0,4.420599937438965,2.0,2.0,0.0,0.0,15.0,1,0,0,0,0,0
NER,13505,135,5,1,2.0,1,1,0,0,0,0,0,1,0,0,0,0,2021,0,0,0,0,0,0,0,4.652400016784668,5.0,8.0,0.0,0.0,67.0,0,0,0,0,0,0
NER,13507,135,7,1,2.0,1,0,0,0,0,0,0,0,0,0,0,0,2021,0,0,0,0,0,0,0,1.9092999696731567,0.0,0.0,0.0,0.0,22.0,0,1,0,0,0,0
NER,13508,135,8,1,2.0,0,0,0,0,0,0,0,0,0,0,0,0,2021,0,0,0,0,0,0,0,1.5272999703884125,0.0,7.0,0.0,0.0,28.0,1,0,0,0,0,0
NER,13509,135,9,1,2.0,1,0,0,0,0,0,0,1,0,0,0,0,2021,0,0,0,0,0,0,0,7.660799920558929,10.0,19.0,0.0,0.0,20.0,0,0,0,0,0,0
NER,13510,135,10,1,2.0,1,0,0,0,0,0,0,0,0,0,0,0,2021,0,0,0,0,0,0,0,8.120900124311447,1.0,0.0,0.0,0.0,5.0,0,1,0,0,0,1
NER,13511,135,11,1,2.0,0,1,0,0,0,0,0,0,0,0,0,0,2021,0,0,0,0,0,0,0,4.3607001304626465,2.0,3.0,0.0,0.0,15.0,1,0,0,0,0,0
NER,13514,135,14,1,2.0,1,0,0,0,0,0,0,0,0,0,0,0,2021,0,0,0,0,0,0,0,,,,,,,0,0,1,0,0,0
NER,13517,135,17,1,2.0,1,1,0,0,0,0,0,0,0,0,0,0,2021,0,0,0,0,0,0,0,,1.0,0.0,0.0,0.0,9.0,0,0,0,0,0,0
NER,13601,136,1,2,2.0,0,0,0,1,1,1,1,0,0,0,0,0,2021,0,0,0,0,0,0,0,2.900815486907959,2.0,7.0,0.0,0.0,0.0,0,0,1,0,0,0
NER,13602,136,2,2,2.0,0,0,0,1,1,1,1,0,0,0,0,0,2021,1,0,0,0,0,0,0,8.087699890136719,3.0,3.0,0.0,0.0,0.0,0,0,1,0,0,0
NER,13603,136,3,2,2.0,0,0,0,1,1,1,1,0,0,0,0,0,2021,0,0,0,0,0,0,0,6.1255998611450195,0.0,2.0,0.0,0.0,0.0,1,0,1,0,0,0
NER,13606,136,6,2,2.0,0,0,0,1,1,1,1,0,0,0,0,0,2021,0,0,0,0,0,0,0,,,,,,,1,0,1,0,1,0
NER,13607,136,7,2,2.0,1,0,0,1,1,1,1,0,0,0,0,0,2021,0,0,0,0,0,0,0,6.2097249031066895,,,,,,0,0,1,0,0,0
NER,13608,136,8,2,2.0,1,0,0,1,1,1,1,0,0,0,0,0,2021,0,0,0,0,0,0,0,,2.0,3.0,0.0,0.0,0.0,0,1,1,0,0,0
NER,13609,136,9,2,2.0,1,0,0,1,1,0,1,0,0,0,0,0,2021,0,0,0,0,0,0,0,,0.0,2.0,0.0,0.0,0.0,0,1,1,0,0,0
NER,13610,136,10,2,2.0,1,1,1,1,1,1,1,0,0,0,0,0,2021,1,0,1,0,0,1,1,9.94443655014038,,,,,,1,1,1,0,0,0
NER,13611,136,11,2,2.0,1,0,0,1,1,0,0,0,0,0,0,0,2021,0,0,0,0,0,0,0,3.9474000930786133,0.0,3.0,0.0,0.0,0.0,1,0,0,0,0,0
NER,13612,136,12,2,2.0,1,0,0,1,1,1,1,0,0,0,0,0,2021,0,0,0,0,0,0,0,2.701200008392334,3.0,3.0,0.0,0.0,0.0,1,0,0,0,0,0
NER,13613,136,13,2,2.0,1,0,0,1,1,1,1,0,0,0,0,0,2021,0,0,0,0,0,0,0,,1.0,0.0,0.0,0.0,0.0,0,0,0,0,0,0
NER,13616,136,16,2,4.0,1,1,1,1,1,1,1,0,0,0,0,0,2021,0,0,0,0,0,0,0,0.7976999878883362,,,,,,1,0,0,0,0,0
NER,13701,137,1,1,2.0,1,0,0,0,0,0,0,0,0,0,0,0,2021,0,0,0,0,0,0,0,4.542099952697754,5.0,1.0,0.0,0.0,30.0,0,1,0,0,0,0
NER,13702,137,2,1,2.0,0,0,0,1,1,0,0,0,0,0,0,0,2021,0,0,0,0,0,0,0,8.256099939346313,2.0,5.0,0.0,0.0,13.0,1,0,0,0,0,0
NER,13703,137,3,1,2.0,1,0,0,1,1,0,0,1,0,0,0,0,2021,0,0,0,0,0,0,0,5.97350013256073,0.0,0.0,0.0,0.0,26.0,0,1,0,0,0,0
NER,13704,137,4,1,2.0,1,0,0,1,0,0,0,0,0,0,0,0,2021,0,0,0,0,0,0,0,0.9332000017166138,3.0,3.0,0.0,0.0,9.0,1,1,0,0,0,0
NER,13705,137,5,1,2.0,0,0,0,1,1,0,0,0,0,0,0,0,2021,0,0,0,0,0,0,0,0.7577999830245972,0.0,3.0,0.0,0.0,4.0,0,1,0,0,0,0
NER,13706,137,6,1,2.0,1,0,0,1,1,0,0,1,0,0,0,0,2021,0,0,0,0,0,0,0,0.3754000011831522,0.0,3.0,0.0,0.0,9.0,0,1,0,0,0,0
NER,13707,137,7,1,2.0,1,0,0,1,1,0,0,0,0,0,0,0,2021,0,0,0,0,0,0,0,,,,,,,0,1,1,0,0,0
NER,13708,137,8,1,2.0,0,0,0,1,1,0,0,1,0,0,0,0,2021,0,0,0,0,0,0,0,1.3854000568389893,2.0,8.0,0.0,0.0,0.0,0,0,0,0,0,0
NER,13709,137,9,1,2.0,1,0,0,1,1,0,0,0,0,0,0,0,2021,0,0,0,0,0,0,0,,0.0,0.0,0.0,0.0,20.0,0,0,0,0,0,0
NER,13710,137,10,1,2.0,1,0,0,1,0,0,0,0,0,0,0,0,2021,0,0,0,0,0,0,0,2.803799917921424,1.0,0.0,0.0,0.0,24.0,0,1,0,0,0,1
NER,13711,137,11,1,2.0,0,0,0,1,1,0,0,0,0,0,0,0,2021,0,0,0,0,0,0,0,2.9323999881744385,2.0,0.0,0.0,0.0,0.0,1,0,0,0,0,0
NER,13712,137,12,1,2.0,1,0,0,1,1,0,0,1,0,0,0,0,2021,0,0,0,0,0,0,0,4.540500044822693,0.0,2.0,0.0,0.0,0.0,0,1,0,0,0,0
NER,13801,138,1,2,2.0,0,0,0,1,0,0,0,0,0,0,0,0,2021,0,0,0,0,0,0,0,2.4428999423980713,1.0,2.0,0.0,0.0,10.0,0,0,1,0,0,0
NER,13802,138,2,2,2.0,0,0,0,0,0,0,0,0,0,0,0,0,2021,0,0,0,0,0,0,0,,0.0,3.0,0.0,0.0,0.0,0,0,1,0,0,1
NER,13803,138,3,2,2.0,0,0,0,1,1,0,0,0,0,0,0,0,2021,0,0,0,0,0,0,0,2.646899938583374,3.0,0.0,0.0,0.0,7.0,0,0,1,0,0,0
NER,13804,138,4,2,2.0,0,0,0,1,0,0,0,0,0,0,0,0,2021,0,0,0,0,0,0,0,1.4900000095367432,2.0,0.0,0.0,0.0,0.0,0,0,1,0,0,0
NER,13806,138,6,2,2.0,0,0,0,1,1,0,0,0,0,0,0,0,2021,0,0,0,0,0,0,0,3.759000062942505,0.0,8.0,0.0,0.0,4.0,0,1,1,0,0,0
NER,13807,138,7,2,2.0,0,1,0,1,1,0,0,1,0,0,0,0,2021,0,0,0,0,0,0,0,0.5,2.0,14.0,0.0,0.0,24.0,0,1,1,0,0,0
NER,13808,138,8,2,2.0,0,0,0,0,0,0,0,0,0,0,0,0,2021,0,0,0,0,0,0,0,4.5493998527526855,3.0,7.0,0.0,0.0,20.0,0,1,0,0,0,0
NER,13809,138,9,2,2.0,0,0,0,0,0,0,0,0,0,0,0,0,2021,0,0,0,0,0,0,0,3.9651999473571777,0.0,4.0,0.0,0.0,12.0,0,1,1,0,0,0
NER,13810,138,10,2,4.0,0,0,0,1,1,0,0,0,0,0,0,0,2021,0,0,0,0,0,0,0,2.9163999557495117,,,,,,0,0,0,0,0,0
NER,13811,138,11,2,2.0,0,0,0,1,1,0,0,0,0,0,0,0,2021,0,0,0,0,0,0,0,0.5108000040054321,0.0,4.0,0.0,0.0,0.0,0,0,0,1,0,0
NER,13813,138,13,2,2.0,0,0,0,1,1,0,0,1,0,0,0,0,2021,0,0,0,0,0,0,0,2.621176064014435,1.0,0.0,0.0,0.0,0.0,0,1,0,0,0,0
NER,13823,138,23,2,2.0,1,0,1,1,1,0,0,1,1,0,0,0,2021,0,0,0,0,0,0,0,8.440299808979034,23.0,24.0,0.0,0.0,0.0,1,0,0,0,0,0
NER,13901,139,1,1,2.0,1,0,0,1,1,0,0,0,0,0,0,0,2021,0,0,0,0,0,0,0,,,,,,,1,0,0,0,0,1
NER,13902,139,2,1,2.0,0,0,0,1,1,0,0,0,0,0,0,0,2021,0,0,0,0,0,0,0,0.5773000121116638,1.0,0.0,0.0,0.0,4.0,0,0,1,0,0,0
NER,13903,139,3,1,2.0,1,0,0,0,0,0,0,0,0,0,0,0,2021,0,0,0,0,0,0,0,0.23000000417232513,2.0,0.0,0.0,0.0,0.0,0,1,0,0,0,0
NER,13904,139,4,1,2.0,1,1,0,0,0,0,0,1,0,0,0,0,2021,0,0,0,0,0,0,0,1.4026000201702118,3.0,5.0,0.0,0.0,16.0,0,1,0,0,0,0
NER,13905,139,5,1,2.0,0,0,0,0,0,0,0,0,0,0,0,0,2021,0,0,0,0,0,0,0,,,,,,,0,1,0,0,0,0
NER,13906,139,6,1,2.0,1,0,0,1,1,0,0,0,0,0,0,0,2021,0,0,0,0,0,0,0,1.368899941444397,,,,,,0,1,0,0,0,0
NER,13907,139,7,1,2.0,1,0,0,0,0,0,0,1,0,0,0,0,2021,0,0,0,0,0,0,0,,0.0,2.0,0.0,0.0,0.0,1,0,0,0,0,0
NER,13908,139,8,1,2.0,0,0,0,1,1,0,0,0,0,0,0,0,2021,0,0,0,0,0,0,0,4.250166356563568,2.0,5.0,0.0,0.0,11.0,0,0,0,0,0,0
NER,13909,139,9,1,2.0,1,0,0,0,0,0,0,0,0,0,0,0,2021,0,0,0,0,0,0,0,3.853100061416626,1.0,0.0,0.0,0.0,6.0,0,1,0,0,0,0
NER,13910,139,10,1,2.0,1,0,0,0,0,0,0,0,0,0,0,0,2021,0,0,0,0,0,0,0,,,,,,,0,1,0,0,0,0
NER,13911,139,11,1,2.0,0,0,0,1,1,0,0,0,0,0,0,0,2021,0,0,0,0,0,0,0,,,,,,,1,0,0,0,0,0
NER,13912,139,12,1,2.0,1,0,0,0,0,0,0,1,0,0,0,0,2021,0,0,0,0,0,0,0,0.949999988079071,0.0,0.0,0.0,0.0,1.0,0,1,0,0,0,0
NER,14001,140,1,2,2.0,0,0,0,1,1,0,0,0,0,0,0,0,2021,0,0,0,0,0,0,0,2.152300000190735,3.0,4.0,0.0,0.0,8.0,0,1,0,1,0,0
NER,14002,140,2,2,2.0,0,1,0,1,1,0,0,0,0,0,0,0,2021,0,0,0,0,0,0,0,4.794209003448486,2.0,2.0,0.0,0.0,50.0,0,1,0,0,0,0
NER,14003,140,3,2,2.0,0,0,0,0,1,0,0,0,0,0,0,0,2021,0,0,0,0,0,0,0,9.186700105667114,2.0,0.0,0.0,0.0,38.0,0,1,0,0,0,0
NER,14004,140,4,2,2.0,0,0,0,1,1,0,0,0,0,0,0,0,2021,0,0,0,0,0,0,0,2.057399958372116,1.0,10.0,0.0,0.0,0.0,0,1,0,0,0,0
NER,14005,140,5,2,2.0,1,1,0,1,1,0,0,0,0,0,0,0,2021,0,0,0,0,0,0,0,2.8963999152183533,2.0,0.0,0.0,0.0,5.0,0,0,0,1,0,0
NER,14006,140,6,2,2.0,1,1,0,1,1,0,0,0,0,0,0,0,2021,0,0,0,0,0,0,0,1.958400011062622,4.0,7.0,0.0,0.0,11.0,0,0,0,0,0,0
NER,14007,140,7,2,2.0,1,1,0,1,1,0,0,0,0,0,0,0,2021,0,0,0,0,0,0,0,,,,,,,1,0,0,0,0,0
NER,14008,140,8,2,2.0,1,1,1,0,0,0,0,1,0,0,0,0,2021,0,0,0,0,0,0,0,1.5312999486923218,3.0,6.0,0.0,0.0,69.0,0,0,0,1,0,0
NER,14009,140,9,2,2.0,1,0,0,1,1,0,0,0,0,0,0,0,2021,0,0,0,0,0,0,0,5.760752648115158,2.0,11.0,0.0,0.0,6.0,0,0,0,0,0,0
NER,14010,140,10,2,2.0,1,0,0,1,1,0,0,0,0,0,0,0,2021,0,0,0,0,0,0,0,0.6875190138816833,2.0,2.0,0.0,0.0,0.0,0,0,0,0,0,0
NER,14011,140,11,2,2.0,1,0,0,1,1,0,0,0,0,0,0,0,2021,0,0,0,0,0,0,0,11.1298907995224,2.0,6.0,0.0,0.0,12.0,0,0,0,0,0,0
NER,14012,140,12,2,2.0,1,0,0,1,1,0,0,0,0,0,0,0,2021,0,0,0,0,0,0,0,1.5051125884056091,0.0,5.0,0.0,0.0,2.0,0,0,0,0,0,0
NER,14101,141,1,1,1.0,1,1,0,1,1,0,0,0,0,0,0,0,2021,0,0,0,0,0,0,0,,,,,,,0,0,0,0,0,0
NER,14104,141,4,1,1.0,1,1,1,1,1,0,0,0,0,0,0,0,2021,0,0,0,0,0,0,0,,,,,,,0,0,0,0,0,0
NER,14105,141,5,1,4.0,1,1,1,1,1,0,0,1,0,0,0,0,2021,0,0,0,0,0,0,0,,0.0,5.0,0.0,0.0,0.0,0,1,1,0,0,0
NER,14106,141,6,1,2.0,0,0,0,1,1,0,0,0,0,0,0,0,2021,0,0,0,0,0,0,0,,1.0,5.0,0.0,0.0,0.0,0,1,0,0,0,0
NER,14111,141,11,1,2.0,1,1,1,1,1,0,0,0,0,0,0,0,2021,0,0,0,0,0,0,0,,,,,,,0,0,0,0,0,0
NER,14112,141,12,1,1.0,1,1,1,1,1,0,0,0,0,0,0,0,2021,0,0,0,0,0,0,0,1.1599000096321106,1.0,0.0,0.0,0.0,0.0,0,1,1,0,0,0
NER,14121,141,21,1,4.0,1,1,1,1,1,0,1,0,0,0,0,0,2021,0,0,0,0,0,0,0,,0.0,0.0,0.0,0.0,2.0,0,0,0,0,0,0
NER,14122,141,22,1,4.0,1,1,0,0,0,0,0,0,0,0,0,0,2021,0,0,0,0,0,0,0,,,,,,,1,0,0,1,0,0
NER,14123,141,23,1,2.0,1,1,0,1,1,0,0,0,0,0,0,0,2021,0,0,0,0,0,0,0,,,,,,,0,1,0,1,0,0
NER,14124,141,24,1,4.0,1,1,1,1,1,0,0,0,0,1,0,0,2021,0,0,0,0,0,0,0,,,,,,,0,0,0,0,0,0
NER,14126,141,26,1,4.0,1,1,1,1,1,0,0,1,0,0,0,0,2021,0,0,0,0,0,0,0,,,,,,,0,0,0,0,0,0
NER,14128,141,28,1,1.0,1,0,1,1,1,0,0,0,0,0,0,0,2021,1,0,0,0,0,0,0,4.202110409736633,0.0,6.0,0.0,0.0,0.0,0,0,0,0,0,0
NER,14201,142,1,2,1.0,1,1,1,1,1,1,1,0,0,1,0,0,2021,1,0,1,1,0,1,0,,,,,,,0,0,0,0,0,0
NER,14202,142,2,2,1.0,1,1,1,1,1,1,1,0,0,0,0,0,2021,1,0,0,0,0,1,0,,,,,,,0,0,0,0,0,0
NER,14203,142,3,2,1.0,0,1,1,0,0,1,1,0,0,0,0,0,2021,1,0,0,0,0,0,0,7.496956706047058,2.0,0.0,0.0,0.0,0.0,0,1,0,0,1,0
NER,14204,142,4,2,3.0,0,0,1,0,0,0,1,0,0,0,0,0,2021,0,0,0,0,0,0,0,2.6028707027435303,1.0,3.0,0.0,0.0,50.0,0,0,0,0,0,0
NER,14205,142,5,2,2.0,1,1,0,1,1,0,1,0,0,0,0,0,2021,1,0,1,0,0,0,0,7.304405689239502,,,,,,0,1,0,0,0,0
NER,14206,142,6,2,4.0,1,1,1,1,1,0,1,0,0,0,0,0,2021,0,0,0,0,0,0,0,4.041432738304138,3.0,5.0,0.0,0.0,0.0,0,1,0,0,0,0
NER,14207,142,7,2,3.0,0,1,0,1,1,0,1,0,0,0,0,0,2021,0,0,0,0,0,0,0,,,,,,,1,1,0,0,0,0
NER,14208,142,8,2,3.0,1,1,1,1,1,1,1,0,0,0,1,0,2021,1,0,0,0,0,0,0,,,,,,,0,0,0,0,0,0
NER,14209,142,9,2,2.0,1,1,1,0,0,1,1,0,0,0,0,0,2021,0,0,0,0,0,0,0,,,,,,,0,0,0,0,0,0
NER,14211,142,11,2,2.0,1,1,1,0,0,1,1,0,0,0,0,0,2021,0,0,0,0,0,0,0,0.8307363390922546,0.0,0.0,0.0,0.0,41.0,0,0,0,1,0,0
NER,14212,142,12,2,3.0,1,1,1,0,0,1,1,0,0,0,0,0,2021,1,0,0,0,0,0,0,,,,,,,0,0,0,0,0,0
NER,14214,142,14,2,2.0,1,1,0,0,0,0,0,0,0,0,0,0,2021,0,0,0,0,0,0,0,1.2154814004898071,0.0,0.0,0.0,0.0,20.0,1,0,0,0,0,0
NER,14301,143,1,1,2.0,1,1,0,0,0,0,0,0,0,0,0,0,2021,0,0,0,0,0,0,0,6.163754105567932,3.0,6.0,0.0,0.0,0.0,0,0,0,0,0,0
NER,14302,143,2,1,2.0,1,1,1,0,0,0,0,0,0,0,0,0,2021,0,0,0,0,0,0,0,10.12640005350113,4.0,5.0,0.0,0.0,0.0,0,1,1,1,0,0
NER,14303,143,3,1,4.0,1,0,0,0,0,0,0,0,0,0,0,0,2021,0,0,0,0,0,0,0,2.6479039192199707,1.0,2.0,0.0,0.0,0.0,0,1,0,0,0,0
NER,14304,143,4,1,2.0,1,0,0,0,0,0,0,0,0,0,0,0,2021,0,0,0,0,0,0,0,2.1330000162124634,2.0,3.0,0.0,0.0,0.0,0,0,0,0,0,0
NER,14305,143,5,1,2.0,1,1,1,0,0,0,0,0,0,0,0,0,2021,0,0,0,0,0,0,0,2.2634999752044678,2.0,4.0,0.0,0.0,0.0,0,1,1,0,0,0
NER,14306,143,6,1,2.0,1,0,0,1,1,0,0,0,0,0,0,0,2021,0,0,0,0,0,0,0,7.189462423324585,4.0,10.0,0.0,0.0,0.0,0,0,0,0,0,0
NER,14307,143,7,1,2.0,1,1,0,0,0,0,0,0,0,0,0,0,2021,0,0,0,0,0,0,0,,,,,,,0,0,0,0,0,0
NER,14308,143,8,1,2.0,1,1,1,0,0,0,0,0,0,0,0,0,2021,0,0,0,0,0,0,0,3.149899959564209,0.0,5.0,0.0,0.0,0.0,0,0,1,1,0,0
NER,14309,143,9,1,2.0,1,0,0,0,0,0,0,1,0,0,0,0,2021,0,0,0,0,0,0,0,5.845260858535767,2.0,0.0,0.0,0.0,0.0,0,0,0,0,0,0
NER,14310,143,10,1,2.0,1,1,0,0,0,0,0,0,0,0,0,0,2021,0,0,0,0,0,0,0,2.7579000294208527,4.0,4.0,0.0,0.0,0.0,0,0,0,0,0,0
NER,14311,143,11,1,2.0,1,1,1,0,0,0,0,0,0,0,0,0,2021,0,0,0,0,0,0,0,2.5145000219345093,0.0,7.0,0.0,0.0,0.0,0,0,1,0,0,0
NER,14312,143,12,1,2.0,1,1,0,0,0,0,0,0,0,0,0,0,2021,0,0,0,0,0,0,0,2.726778507232666,,,,,,0,0,1,0,0,0
NER,14401,144,1,2,2.0,0,1,1,0,0,0,0,0,0,0,0,0,2021,0,0,0,0,0,0,0,6.192643642425537,2.0,9.0,0.0,0.0,29.0,0,1,0,1,0,0
NER,14402,144,2,2,2.0,0,1,1,0,0,0,0,0,0,0,0,0,2021,0,0,0,0,0,0,0,14.57418292760849,2.0,4.0,0.0,0.0,15.0,0,1,0,0,0,0
NER,14403,144,3,2,2.0,0,1,1,0,0,0,0,0,0,0,0,0,2021,0,0,0,0,0,0,0,15.489851862192154,7.0,11.0,0.0,0.0,40.0,0,1,0,1,1,0
NER,14404,144,4,2,2.0,0,1,1,0,0,0,0,0,0,0,0,0,2021,0,0,0,0,0,0,0,11.959271669387817,4.0,0.0,0.0,0.0,49.0,0,1,0,0,1,0
NER,14405,144,5,2,2.0,1,1,0,0,0,0,0,0,0,0,0,0,2021,0,0,0,0,0,0,0,6.555099964141846,2.0,3.0,0.0,0.0,5.0,0,0,0,0,0,0
NER,14406,144,6,2,2.0,1,1,1,0,0,0,0,0,0,0,0,0,2021,0,0,0,0,0,0,0,4.855128765106201,4.0,11.0,0.0,0.0,0.0,0,0,0,0,0,0
NER,14407,144,7,2,2.0,1,0,0,0,0,0,0,0,0,0,0,0,2021,0,0,0,0,0,0,0,7.577672958374023,3.0,4.0,0.0,0.0,4.0,0,1,0,0,0,0
NER,14408,144,8,2,2.0,1,1,0,0,0,0,0,0,0,0,0,0,2021,0,0,0,0,0,0,0,0.4959999918937683,,,,,,0,1,0,0,0,0
NER,14409,144,9,2,2.0,1,1,1,0,0,0,0,0,0,0,0,0,2021,0,0,0,0,0,0,0,1.8555999994277954,1.0,5.0,0.0,0.0,0.0,1,0,0,0,0,0
NER,14410,144,10,2,1.0,1,1,1,0,0,1,1,0,0,0,0,0,2021,0,0,0,0,0,0,0,,,,,,,0,0,0,0,0,0
NER,14411,144,11,2,2.0,1,1,1,0,0,0,0,0,0,0,0,0,2021,0,0,0,0,0,0,0,16.35870361328125,5.0,4.0,0.0,0.0,6.0,0,0,0,0,0,0
NER,14412,144,12,2,2.0,1,1,1,0,0,0,0,0,0,0,0,0,2021,0,0,0,0,0,0,0,4.825293317437172,2.0,11.0,0.0,0.0,0.0,0,0,0,0,0,0
NER,14501,145,1,1,4.0,1,0,0,1,1,0,0,0,0,0,0,0,2021,0,0,0,0,0,0,0,0.9354059100151062,,,,,,1,0,0,0,0,0
NER,14503,145,3,1,2.0,1,1,0,1,1,0,0,0,0,0,0,0,2021,0,0,0,0,0,0,0,3.7571155428886414,0.0,12.0,0.0,0.0,0.0,0,1,0,0,0,0
NER,14504,145,4,1,4.0,1,0,0,1,1,0,0,0,0,0,0,0,2021,0,0,0,0,0,0,0,0.9754999876022339,0.0,9.0,0.0,0.0,0.0,0,0,0,0,0,0
NER,14505,145,5,1,4.0,1,0,0,1,1,0,0,0,0,0,0,0,2021,0,0,0,0,0,0,0,0.5150000005960464,0.0,0.0,0.0,0.0,23.0,0,0,0,0,0,0
NER,14506,145,6,1,2.0,1,1,0,1,1,0,0,1,0,0,1,0,2021,0,0,0,0,0,0,0,2.067799985408783,1.0,4.0,0.0,0.0,0.0,1,0,0,0,0,0
NER,14507,145,7,1,2.0,1,0,0,1,1,0,0,0,0,0,0,0,2021,0,0,0,0,0,0,0,10.034756660461426,5.0,12.0,0.0,0.0,0.0,1,0,0,0,0,0
NER,14508,145,8,1,2.0,1,0,0,1,1,0,0,0,0,0,0,0,2021,0,0,0,0,0,0,0,2.1377999782562256,,,,,,0,0,0,0,0,0
NER,14509,145,9,1,2.0,1,0,0,1,1,0,0,0,0,0,0,0,2021,0,0,0,0,0,0,0,0.3612000048160553,0.0,6.0,0.0,0.0,0.0,1,1,0,0,0,0
NER,14510,145,10,1,4.0,1,0,0,1,1,0,0,0,0,0,0,0,2021,0,0,0,0,0,0,0,2.016623020172119,5.0,4.0,0.0,0.0,6.0,0,0,0,0,0,0
NER,14511,145,11,1,2.0,1,0,0,1,1,0,0,0,0,0,0,0,2021,0,0,0,0,0,0,0,4.374399900436401,3.0,9.0,0.0,0.0,0.0,1,0,0,0,0,0
NER,14512,145,12,1,2.0,1,1,0,1,1,0,0,0,0,0,0,0,2021,0,0,0,0,0,0,0,2.535600006580353,1.0,8.0,0.0,0.0,0.0,0,1,1,0,0,0
NER,14516,145,16,1,2.0,1,0,0,1,1,0,0,0,0,0,0,0,2021,0,0,0,0,0,0,0,2.9865946769714355,4.0,4.0,0.0,0.0,0.0,0,0,0,0,0,0
NER,14601,146,1,2,4.0,1,1,1,1,1,0,0,1,0,0,0,0,2021,0,0,0,0,0,0,0,6.226500034332275,0.0,2.0,0.0,0.0,0.0,0,0,0,0,0,0
NER,14602,146,2,2,2.0,0,0,0,0,0,0,0,0,0,0,0,0,2021,0,0,0,0,0,0,0,10.569700002670288,3.0,9.0,0.0,0.0,18.0,0,0,0,0,0,0
NER,14603,146,3,2,2.0,0,0,0,0,0,0,0,0,0,0,0,0,2021,0,0,0,0,0,0,0,9.692800045013428,2.0,0.0,0.0,0.0,72.0,0,0,0,0,0,0
NER,14604,146,4,2,2.0,0,0,0,0,0,0,0,0,0,0,0,0,2021,0,0,0,0,0,0,0,17.301846027374268,7.0,9.0,0.0,0.0,51.0,0,0,0,0,0,0
NER,14605,146,5,2,2.0,1,0,0,0,0,0,0,0,0,0,0,0,2021,0,0,0,0,0,0,0,7.7901002168655396,2.0,7.0,0.0,0.0,0.0,0,0,0,0,0,0
NER,14606,146,6,2,2.0,1,0,0,0,0,0,0,1,0,0,0,0,2021,0,0,0,0,0,0,0,5.853600084781647,3.0,19.0,0.0,0.0,0.0,0,0,0,0,0,0
NER,14607,146,7,2,2.0,1,0,0,0,0,0,0,0,0,0,0,0,2021,0,0,0,0,0,0,0,4.708600044250488,4.0,2.0,0.0,0.0,0.0,1,0,0,0,0,0
NER,14608,146,8,2,2.0,1,0,0,0,0,0,0,0,0,0,0,0,2021,0,0,0,0,0,0,0,3.5613999366760254,2.0,3.0,0.0,0.0,0.0,0,0,0,0,0,0
NER,14609,146,9,2,2.0,1,0,0,0,0,0,0,0,0,0,0,0,2021,0,0,0,0,0,0,0,6.7122001349925995,2.0,7.0,0.0,0.0,8.0,0,0,0,0,0,0
NER,14610,146,10,2,2.0,1,0,0,0,0,0,0,0,0,0,0,0,2021,0,0,0,0,0,0,0,1.9648000597953796,2.0,1.0,0.0,0.0,7.0,0,0,0,0,0,0
NER,14611,146,11,2,2.0,1,0,0,0,0,0,0,0,0,0,0,0,2021,0,0,0,0,0,0,0,5.02890008687973,2.0,2.0,0.0,0.0,9.0,0,0,0,0,0,0
NER,14612,146,12,2,2.0,1,0,0,0,0,0,0,0,0,0,0,0,2021,0,0,0,0,0,0,0,2.1055999994277954,2.0,2.0,0.0,0.0,5.0,0,0,0,0,0,0
NER,14701,147,1,1,2.0,1,0,0,1,1,0,0,0,0,0,0,0,2021,0,0,0,0,0,0,0,3.082999974489212,0.0,3.0,0.0,0.0,0.0,0,0,0,0,0,0
NER,14702,147,2,1,2.0,0,0,0,1,1,0,0,0,0,0,0,0,2021,0,0,0,0,0,0,0,2.0529000759124756,0.0,4.0,0.0,0.0,0.0,0,0,0,0,0,0
NER,14703,147,3,1,2.0,1,0,0,1,1,0,0,0,0,0,0,0,2021,0,0,0,0,0,0,0,1.041599988937378,1.0,2.0,0.0,0.0,6.0,0,0,0,0,0,0
NER,14704,147,4,1,2.0,1,0,0,0,0,0,0,0,0,0,0,0,2021,0,0,0,0,0,0,0,1.3034000396728516,0.0,3.0,0.0,0.0,0.0,0,1,0,0,0,0
NER,14705,147,5,1,2.0,0,0,0,1,1,0,0,0,0,0,0,0,2021,0,0,0,0,0,0,0,2.9133999347686768,2.0,5.0,0.0,0.0,0.0,0,0,0,0,0,0
NER,14706,147,6,1,2.0,1,0,0,1,1,0,0,1,0,0,0,0,2021,0,0,0,0,0,0,0,12.113700151443481,3.0,10.0,0.0,0.0,14.0,0,1,0,0,0,1
NER,14707,147,7,1,2.0,1,0,0,0,0,0,0,0,0,0,0,0,2021,0,0,0,0,0,0,0,,1.0,0.0,0.0,0.0,0.0,0,0,0,0,0,0
NER,14708,147,8,1,2.0,1,0,0,0,0,0,0,0,0,0,0,0,2021,0,0,0,0,0,0,0,3.297800064086914,0.0,6.0,0.0,0.0,0.0,0,0,0,0,0,0
NER,14709,147,9,1,2.0,1,0,0,0,0,0,0,0,0,0,0,0,2021,0,0,0,0,0,0,0,2.668299973011017,1.0,5.0,0.0,0.0,2.0,1,0,0,0,0,0
NER,14710,147,10,1,2.0,1,0,0,0,0,0,0,1,0,0,0,0,2021,0,0,0,0,0,0,0,2.3967000246047974,1.0,0.0,0.0,0.0,0.0,1,0,0,0,0,0
NER,14711,147,11,1,2.0,0,0,0,1,1,0,0,0,0,0,0,0,2021,0,0,0,0,0,0,0,3.619700074195862,0.0,6.0,0.0,0.0,11.0,1,0,0,0,0,0
NER,14712,147,12,1,2.0,1,0,0,0,0,0,0,0,0,0,0,0,2021,0,0,0,0,0,0,0,4.053699851036072,4.0,0.0,0.0,0.0,20.0,0,0,0,0,0,0
NER,14801,148,1,2,2.0,0,0,0,0,0,0,0,0,0,0,0,0,2021,0,0,0,0,0,0,0,2.6361000537872314,,,,,,0,1,1,0,0,0
NER,14803,148,3,2,2.0,0,0,0,0,0,0,0,0,0,0,0,0,2021,0,0,0,0,0,0,0,2.065000057220459,0.0,4.0,0.0,0.0,0.0,0,1,1,0,0,0
NER,14804,148,4,2,2.0,0,0,0,0,0,0,0,0,0,0,0,0,2021,0,0,0,0,0,0,0,2.5160473585128784,2.0,2.0,0.0,0.0,0.0,0,1,1,0,0,0
NER,14807,148,7,2,2.0,1,0,0,0,0,0,0,0,0,0,0,0,2021,0,0,0,0,0,0,0,1.8424000144004822,0.0,1.0,0.0,0.0,0.0,0,1,1,0,0,0
NER,14808,148,8,2,2.0,1,0,0,0,0,0,0,0,0,0,0,0,2021,0,0,0,0,0,0,0,3.553299903869629,0.0,2.0,0.0,0.0,0.0,0,1,1,0,0,0
NER,14811,148,11,2,2.0,0,0,0,0,0,0,0,0,0,0,0,0,2021,0,0,0,0,0,0,0,2.137700080871582,,,,,,0,1,1,0,0,0
NER,14812,148,12,2,2.0,1,0,0,0,0,0,0,1,0,0,0,0,2021,0,0,0,0,0,0,0,13.606300354003906,2.0,6.0,0.0,0.0,0.0,0,0,0,0,0,0
NER,14814,148,14,2,2.0,1,0,0,0,0,0,0,1,0,0,0,0,2021,0,0,0,0,0,0,0,4.160700082778931,0.0,3.0,0.0,0.0,0.0,0,0,1,0,0,0
NER,14815,148,15,2,2.0,1,0,0,0,0,0,0,1,0,0,0,0,2021,0,0,0,0,0,0,0,2.68340003490448,1.0,1.0,0.0,0.0,0.0,0,0,0,1,0,0
NER,14816,148,16,2,4.0,0,0,0,0,0,0,0,1,0,0,0,0,2021,0,0,0,0,0,0,0,3.809999942779541,,,,,,0,0,0,0,0,0
NER,14819,148,19,2,2.0,0,0,0,0,0,0,0,0,0,0,0,0,2021,0,0,0,0,0,0,0,9.128199815750122,2.0,3.0,0.0,0.0,0.0,0,1,0,0,0,0
NER,14822,148,22,2,2.0,1,0,0,0,0,0,0,1,0,0,0,0,2021,0,0,0,0,0,0,0,3.451110005378723,,,,,,0,0,0,0,0,0
NER,14901,149,1,1,2.0,1,0,0,0,0,0,0,0,0,0,0,0,2021,0,0,0,0,0,0,0,0.9878000020980835,1.0,1.0,0.0,0.0,6.0,0,0,0,0,0,0
NER,14902,149,2,1,2.0,1,0,0,0,0,0,0,0,0,0,0,0,2021,0,0,0,0,0,0,0,5.770099997520447,0.0,3.0,0.0,0.0,0.0,0,1,0,0,0,0
NER,14904,149,4,1,2.0,1,0,0,0,0,0,0,0,0,0,0,0,2021,0,0,0,0,0,0,0,,,,,,,0,1,0,0,0,0
NER,14905,149,5,1,2.0,0,0,0,0,0,0,0,0,0,0,0,0,2021,0,0,0,0,0,0,0,2.6004000306129456,,,,,,0,1,0,0,0,0
NER,14906,149,6,1,2.0,1,0,0,0,0,0,0,0,0,0,0,0,2021,0,0,0,0,0,0,0,1.4187999963760376,6.0,21.0,0.0,0.0,7.0,1,1,0,0,0,0
NER,14907,149,7,1,2.0,1,0,0,0,0,0,0,0,0,0,0,0,2021,0,0,0,0,0,0,0,8.226099848747253,2.0,4.0,0.0,0.0,17.0,0,0,0,0,0,0
NER,14910,149,10,1,2.0,1,0,0,0,0,0,0,0,0,0,0,0,2021,0,0,0,0,0,0,0,5.554499864578247,2.0,0.0,0.0,0.0,0.0,0,0,0,0,0,0
NER,14911,149,11,1,2.0,1,0,0,0,0,0,0,0,0,0,0,0,2021,0,0,0,0,0,0,0,1.2275999784469604,0.0,0.0,0.0,0.0,5.0,0,1,0,0,0,0
NER,14922,149,22,1,2.0,0,0,0,0,0,0,0,0,0,0,0,0,2021,0,0,0,0,0,0,0,,,,,,,1,1,0,0,0,0
NER,14923,149,23,1,2.0,1,0,0,0,0,0,0,0,0,0,0,0,2021,0,0,0,0,0,0,0,1.0209999680519104,0.0,0.0,0.0,0.0,1.0,0,1,0,0,0,0
NER,14925,149,25,1,2.0,1,0,0,0,0,0,0,0,0,0,0,0,2021,0,0,0,0,0,0,0,6.326600074768066,0.0,0.0,0.0,0.0,7.0,1,1,0,0,0,0
NER,14927,149,27,1,2.0,1,0,0,0,0,0,0,0,0,0,0,0,2021,0,0,0,0,0,0,0,2.8752999305725098,0.0,2.0,0.0,0.0,0.0,1,0,0,0,0,0
NER,15001,150,1,2,2.0,0,0,0,0,0,0,0,0,0,0,0,0,2021,0,0,0,0,0,0,0,1.1991999745368958,,,,,,0,1,1,0,0,0
NER,15002,150,2,2,2.0,0,0,0,1,1,0,0,0,0,0,0,0,2021,0,0,0,0,0,0,0,,3.0,0.0,0.0,0.0,0.0,0,1,1,0,0,0
NER,15003,150,3,2,2.0,0,0,0,0,0,0,0,0,0,0,0,0,2021,0,0,0,0,0,0,0,2.549604892730713,2.0,0.0,0.0,0.0,0.0,1,1,1,0,0,0
NER,15004,150,4,2,2.0,1,1,1,1,1,0,0,1,0,0,0,0,2021,0,0,0,0,0,0,0,,,,,,,0,0,1,0,0,0
NER,15007,150,7,2,2.0,1,0,0,1,1,0,0,0,0,0,0,0,2021,0,0,0,0,0,0,0,,0.0,3.0,0.0,0.0,0.0,0,1,1,0,0,0
NER,15008,150,8,2,2.0,1,0,0,1,1,0,0,0,0,0,0,0,2021,0,0,0,0,0,0,0,1.1957000494003296,0.0,1.0,0.0,0.0,0.0,0,1,1,0,0,0
NER,15009,150,9,2,2.0,1,0,0,1,1,0,0,1,0,0,0,0,2021,0,0,0,0,0,0,0,0.28029999136924744,0.0,2.0,0.0,0.0,0.0,1,0,0,0,0,0
NER,15010,150,10,2,2.0,1,0,0,0,0,0,0,1,0,0,0,0,2021,0,0,0,0,0,0,0,0.4952000081539154,,,,,,0,0,0,0,0,0
NER,15011,150,11,2,2.0,0,0,0,1,1,0,0,0,0,0,0,0,2021,0,0,0,0,0,0,0,0.12559999525547028,,,,,,1,0,0,0,0,0
NER,15012,150,12,2,2.0,1,0,1,1,1,0,0,1,0,0,0,0,2021,0,0,0,0,0,0,0,3.3606754541397095,3.0,3.0,0.0,0.0,0.0,0,0,0,0,0,0
NER,15024,150,24,2,2.0,0,0,0,0,0,0,0,0,0,0,0,0,2021,0,0,0,0,0,0,0,0.4113999903202057,2.0,0.0,0.0,0.0,0.0,0,1,1,0,0,0
NER,15101,151,1,1,4.0,0,0,0,0,0,0,0,0,0,0,0,0,2021,0,0,0,0,0,0,0,1.5575000047683716,,,,,,0,0,0,0,0,0
NER,15102,151,2,1,2.0,1,0,0,0,0,0,0,0,0,0,0,0,2021,0,0,0,0,0,0,0,2.425799936056137,0.0,11.0,0.0,0.0,0.0,1,1,0,0,0,0
NER,15103,151,3,1,4.0,1,0,0,1,1,0,0,0,0,0,0,0,2021,0,0,0,0,0,0,0,3.9439001083374023,2.0,6.0,0.0,0.0,0.0,0,0,0,0,0,0
NER,15104,151,4,1,4.0,0,0,0,1,1,0,0,0,0,0,0,0,2021,0,0,0,0,0,0,0,4.513399958610535,2.0,0.0,0.0,0.0,0.0,1,0,0,0,0,0
NER,15105,151,5,1,2.0,1,0,0,1,1,0,0,0,0,0,0,0,2021,0,0,0,0,0,0,0,3.1424999237060547,0.0,6.0,0.0,0.0,0.0,1,0,0,0,0,0
NER,15107,151,7,1,2.0,1,0,1,1,1,0,0,0,0,0,1,0,2021,0,0,0,0,0,0,0,1.7137000560760498,0.0,8.0,0.0,0.0,0.0,0,0,0,0,0,0
NER,15108,151,8,1,4.0,0,0,0,0,0,0,0,0,0,0,0,0,2021,0,0,0,0,0,0,0,2.030912399291992,2.0,0.0,0.0,0.0,0.0,0,0,0,0,0,0
NER,15109,151,9,1,2.0,1,0,0,0,0,0,0,0,0,0,0,0,2021,0,0,0,0,0,0,0,4.837100133299828,0.0,9.0,0.0,0.0,0.0,0,1,0,0,0,0
NER,15110,151,10,1,2.0,1,0,0,0,0,0,0,0,0,0,0,0,2021,0,0,0,0,0,0,0,2.1638998985290527,,,,,,0,0,0,0,0,0
NER,15111,151,11,1,4.0,0,0,0,0,0,0,0,0,0,0,0,0,2021,0,0,0,0,0,0,0,3.370599865913391,2.0,0.0,0.0,0.0,0.0,1,0,0,0,0,0
NER,15112,151,12,1,2.0,1,0,0,1,1,0,0,0,0,0,0,0,2021,0,0,0,0,0,0,0,,2.0,7.0,0.0,0.0,4.0,0,1,0,0,0,0
NER,15113,151,13,1,2.0,1,0,0,0,0,0,0,0,0,0,0,0,2021,0,0,0,0,0,0,0,5.378300189971924,0.0,7.0,0.0,0.0,0.0,0,0,0,0,0,0
NER,15201,152,1,2,2.0,1,0,0,1,1,0,0,0,0,0,0,0,2021,0,0,0,0,0,0,0,4.105100154876709,2.0,10.0,0.0,0.0,0.0,0,0,1,0,0,0
NER,15202,152,2,2,2.0,1,0,0,0,0,0,0,0,0,0,0,0,2021,0,0,0,0,0,0,0,3.045799970626831,2.0,8.0,0.0,0.0,0.0,0,1,0,0,0,0
NER,15203,152,3,2,2.0,1,0,0,0,0,0,0,0,1,0,0,0,2021,0,0,0,0,0,0,0,7.793199777603149,2.0,6.0,0.0,0.0,0.0,1,0,1,0,0,0
NER,15205,152,5,2,2.0,1,0,0,1,1,0,0,0,0,0,0,0,2021,0,0,0,0,0,0,0,8.45470005273819,2.0,19.0,0.0,0.0,0.0,0,1,0,0,0,0
NER,15206,152,6,2,2.0,1,0,0,1,1,0,0,0,0,0,0,0,2021,0,0,0,0,0,0,0,5.36049211025238,2.0,9.0,0.0,0.0,12.0,0,1,1,0,0,0
NER,15207,152,7,2,2.0,0,0,0,1,1,0,0,0,0,0,0,0,2021,0,0,0,0,0,0,0,7.72730016708374,3.0,4.0,0.0,0.0,7.0,0,1,1,0,0,0
NER,15208,152,8,2,2.0,1,0,0,1,1,0,0,0,0,0,0,0,2021,0,0,0,0,0,0,0,3.1623001098632812,0.0,2.0,0.0,0.0,8.0,1,0,1,0,0,0
NER,15209,152,9,2,2.0,1,0,0,1,1,0,0,0,0,0,0,0,2021,0,0,0,0,0,0,0,10.438700318336487,2.0,8.0,0.0,0.0,0.0,0,1,0,0,0,0
NER,15210,152,10,2,2.0,1,0,0,1,1,0,0,0,0,0,0,0,2021,0,0,0,0,0,0,0,7.249468088150024,0.0,4.0,0.0,0.0,0.0,1,1,0,0,0,0
NER,15211,152,11,2,2.0,1,0,0,0,0,0,0,0,0,0,1,0,2021,0,0,0,0,0,0,0,7.000799894332886,2.0,5.0,0.0,0.0,0.0,0,1,0,0,0,0
NER,15212,152,12,2,2.0,1,0,0,1,1,0,0,0,0,0,0,0,2021,0,0,0,0,0,0,0,6.95749044418335,1.0,3.0,0.0,0.0,0.0,1,0,0,0,0,0
NER,15217,152,17,2,2.0,1,0,0,1,1,0,0,0,0,0,0,0,2021,0,0,0,0,0,0,0,5.356000125408173,2.0,11.0,0.0,0.0,0.0,0,1,0,0,0,0
NER,15301,153,1,1,2.0,0,0,0,0,0,0,0,0,0,0,0,0,2021,0,0,0,0,0,0,0,2.61559721827507,0.0,8.0,0.0,0.0,0.0,0,0,0,0,0,0
NER,15302,153,2,1,2.0,1,0,0,0,0,0,0,0,0,0,0,0,2021,0,0,0,0,0,0,0,13.73360013961792,,,,,,0,1,0,0,0,0
NER,15303,153,3,1,2.0,1,0,0,1,1,0,0,0,0,0,0,0,2021,0,0,0,0,0,0,0,1.7312999963760376,4.0,0.0,0.0,0.0,0.0,0,0,0,0,0,0
NER,15304,153,4,1,2.0,0,0,0,0,0,0,0,0,0,0,0,0,2021,0,0,0,0,0,0,0,11.605044305324554,1.0,12.0,0.0,0.0,0.0,0,0,0,0,0,0
NER,15305,153,5,1,2.0,1,0,0,0,0,0,0,0,0,0,0,0,2021,0,0,0,0,0,0,0,3.1131000220775604,0.0,10.0,0.0,0.0,39.0,0,1,0,0,0,0
NER,15306,153,6,1,2.0,1,0,0,0,0,0,0,0,0,0,0,0,2021,0,0,0,0,0,0,0,0.65420001745224,0.0,4.0,0.0,0.0,0.0,0,0,0,0,0,0
NER,15307,153,7,1,4.0,0,0,0,0,0,0,0,0,0,0,0,0,2021,0,0,0,0,0,0,0,2.289900064468384,1.0,0.0,0.0,0.0,0.0,0,0,0,0,0,0
NER,15308,153,8,1,2.0,1,0,0,0,0,0,0,0,0,0,0,0,2021,0,0,0,0,0,0,0,3.4451000690460205,2.0,1.0,0.0,0.0,4.0,0,0,0,0,0,0
NER,15309,153,9,1,2.0,1,0,0,1,1,0,0,0,0,0,0,0,2021,0,0,0,0,0,0,0,10.023902773857117,2.0,0.0,0.0,0.0,0.0,0,0,0,0,0,0
NER,15310,153,10,1,2.0,0,0,0,0,0,0,0,0,0,0,0,0,2021,0,0,0,0,0,0,0,3.9233999252319336,,,,,,0,0,0,0,0,0
NER,15311,153,11,1,2.0,1,0,0,0,0,0,0,0,0,0,0,0,2021,0,0,0,0,0,0,0,2.0266999900341034,0.0,2.0,0.0,0.0,0.0,0,0,0,0,0,0
NER,15312,153,12,1,2.0,0,0,0,1,1,0,0,0,0,0,0,0,2021,0,0,0,0,0,0,0,1.8844345211982727,10.0,10.0,0.0,0.0,0.0,0,0,0,0,0,0
NER,15401,154,1,2,2.0,1,1,0,0,0,0,0,0,0,0,0,0,2021,0,0,0,0,0,0,0,0.24609999358654022,0.0,4.0,0.0,0.0,0.0,0,0,1,0,0,0
NER,15402,154,2,2,2.0,1,0,0,0,0,0,0,0,0,0,0,0,2021,0,0,0,0,0,0,0,1.5507999658584595,0.0,6.0,0.0,0.0,0.0,0,0,1,0,0,0
NER,15403,154,3,2,2.0,1,0,0,0,0,0,0,0,0,0,0,0,2021,0,0,0,0,0,0,0,1.8230727910995483,5.0,0.0,0.0,0.0,0.0,1,0,0,0,0,0
NER,15404,154,4,2,2.0,1,0,0,1,0,0,0,0,0,0,0,0,2021,0,0,0,0,0,0,0,0.7904999852180481,0.0,6.0,0.0,0.0,0.0,0,0,1,1,0,0
NER,15405,154,5,2,2.0,1,1,0,1,1,0,0,0,0,0,0,0,2021,0,0,0,0,0,0,0,3.153200089931488,0.0,7.0,0.0,0.0,2.0,0,0,1,0,0,0
NER,15406,154,6,2,2.0,0,0,0,1,1,0,0,0,0,0,0,0,2021,0,0,0,0,0,0,0,0.3995000123977661,0.0,6.0,0.0,0.0,4.0,0,0,0,1,0,0
NER,15407,154,7,2,2.0,1,1,0,1,1,0,0,0,0,0,0,0,2021,0,0,0,0,0,0,0,2.1321999430656433,2.0,2.0,0.0,0.0,23.0,0,0,1,0,0,0
NER,15408,154,8,2,2.0,1,0,0,1,1,0,0,0,0,0,0,0,2021,0,0,0,0,0,0,0,2.7416999340057373,2.0,9.0,0.0,0.0,11.0,0,0,1,0,0,0
NER,15409,154,9,2,2.0,0,0,0,0,0,0,0,0,0,0,0,0,2021,0,0,0,0,0,0,0,2.3475000858306885,7.0,10.0,0.0,0.0,0.0,0,1,1,0,0,0
NER,15410,154,10,2,2.0,1,1,0,1,1,0,0,0,0,0,0,0,2021,0,0,0,0,0,0,0,2.0270999670028687,0.0,4.0,0.0,0.0,0.0,0,1,0,0,0,0
NER,15411,154,11,2,2.0,0,0,0,1,1,0,0,0,0,0,0,0,2021,0,0,0,0,0,0,0,0.5307999849319458,2.0,9.0,0.0,0.0,7.0,0,1,0,0,0,0
NER,15412,154,12,2,2.0,0,1,0,1,1,0,0,0,0,0,0,0,2021,0,0,0,0,0,0,0,2.091900110244751,0.0,4.0,0.0,0.0,0.0,0,0,0,0,0,0
NER,15501,155,1,1,1.0,0,0,0,1,1,1,1,0,0,0,0,0,2021,0,0,0,0,0,0,0,1.6586999893188477,2.0,0.0,0.0,0.0,0.0,0,0,0,0,0,0
NER,15502,155,2,1,2.0,1,0,0,1,1,1,1,0,0,0,1,0,2021,0,0,0,0,0,0,0,2.1762999296188354,2.0,7.0,0.0,0.0,0.0,0,1,0,0,0,0
NER,15503,155,3,1,2.0,1,0,0,1,1,0,0,0,0,0,0,0,2021,0,0,0,0,0,0,0,,,,,,,0,0,0,0,0,0
NER,15504,155,4,1,4.0,0,0,0,1,1,0,0,0,0,0,0,0,2021,0,0,0,0,0,0,0,6.358099937438965,0.0,11.0,0.0,0.0,0.0,0,0,0,0,0,0
NER,15505,155,5,1,4.0,1,1,1,1,1,0,1,0,0,0,0,0,2021,0,0,0,0,0,0,0,1.4249999523162842,2.0,2.0,0.0,0.0,0.0,1,0,0,0,0,0
NER,15506,155,6,1,2.0,1,0,0,1,1,0,0,0,0,0,0,0,2021,0,0,0,0,0,0,0,2.038163185119629,3.0,15.0,0.0,0.0,0.0,0,0,0,0,0,0
NER,15507,155,7,1,1.0,0,0,0,1,1,1,1,0,0,0,0,0,2021,0,0,0,0,0,0,0,9.920700073242188,2.0,3.0,0.0,0.0,0.0,0,0,0,0,0,0
NER,15508,155,8,1,2.0,0,0,0,1,1,1,1,0,0,0,0,0,2021,0,0,0,0,0,0,0,3.6140999794006348,2.0,7.0,0.0,0.0,0.0,0,1,0,0,0,0
NER,15509,155,9,1,2.0,1,0,0,1,1,1,1,0,0,0,0,0,2021,0,0,0,0,0,0,0,1.6361000537872314,0.0,4.0,0.0,0.0,0.0,0,1,0,0,0,0
NER,15511,155,11,1,3.0,1,1,0,1,1,0,0,0,0,0,0,0,2021,0,0,0,0,0,0,0,1.8141000270843506,0.0,5.0,0.0,0.0,16.0,0,1,0,0,0,0
NER,15512,155,12,1,2.0,1,0,0,1,1,0,0,0,0,0,0,0,2021,0,0,0,0,0,0,0,,,,,,,0,0,0,0,0,0
NER,15519,155,19,1,2.0,0,0,0,1,1,0,0,0,0,0,0,0,2021,0,0,0,0,0,0,0,1.6480000019073486,2.0,2.0,0.0,0.0,0.0,0,1,0,0,0,0
NER,15601,156,1,2,4.0,1,0,0,1,1,0,0,0,0,0,0,0,2021,0,0,0,0,0,0,0,1.2730188369750977,0.0,1.0,0.0,0.0,3.0,0,0,1,0,0,0
NER,15602,156,2,2,2.0,1,0,0,1,1,0,0,0,0,0,0,0,2021,0,0,0,0,0,0,0,1.8913686871528625,3.0,6.0,0.0,0.0,3.0,0,0,1,0,0,0
NER,15603,156,3,2,2.0,1,0,0,1,1,0,0,0,0,0,0,0,2021,0,0,0,0,0,0,0,0.8992999792098999,2.0,5.0,0.0,0.0,10.0,0,0,1,0,0,0
NER,15604,156,4,2,2.0,1,0,0,0,0,0,0,0,0,0,0,0,2021,0,0,0,0,0,0,0,1.3976999521255493,0.0,2.0,0.0,0.0,7.0,1,0,1,0,0,0
NER,15605,156,5,2,2.0,0,0,0,1,1,0,0,0,0,0,0,0,2021,0,0,0,0,0,0,0,0.7021999955177307,0.0,6.0,0.0,0.0,21.0,0,1,1,0,0,0
NER,15607,156,7,2,2.0,1,0,0,0,0,0,0,0,0,0,0,0,2021,0,0,0,0,0,0,0,1.2913999557495117,0.0,4.0,0.0,0.0,0.0,0,1,1,0,0,0
NER,15608,156,8,2,2.0,1,1,0,1,1,0,0,1,0,0,0,0,2021,0,0,0,0,0,0,0,1.359800010919571,0.0,6.0,0.0,0.0,4.0,0,1,1,0,0,0
NER,15609,156,9,2,2.0,0,0,0,0,0,0,0,0,0,0,0,0,2021,0,0,0,0,0,0,0,0.14309999346733093,0.0,0.0,0.0,0.0,0.0,1,1,0,0,0,0
NER,15610,156,10,2,2.0,0,0,0,1,1,0,0,0,0,0,0,0,2021,0,0,0,0,0,0,0,1.4769999980926514,2.0,2.0,0.0,0.0,0.0,1,0,0,1,0,0
NER,15611,156,11,2,2.0,1,0,0,0,0,0,0,1,0,0,0,0,2021,0,0,0,0,0,0,0,3.394600033760071,3.0,15.0,0.0,0.0,11.0,1,1,0,0,0,0
NER,15615,156,15,2,4.0,1,1,0,0,0,0,0,0,0,0,0,0,2021,0,0,0,0,0,0,0,6.317232728004456,1.0,0.0,0.0,0.0,0.0,0,0,0,0,0,0
NER,15616,156,16,2,2.0,1,0,0,1,1,0,0,0,0,0,0,0,2021,0,0,0,0,0,0,0,2.5252999663352966,2.0,8.0,0.0,0.0,0.0,0,0,0,0,0,0
NER,15701,157,1,1,4.0,0,1,0,0,0,0,0,0,0,0,0,0,2021,0,0,0,0,0,0,0,0.13279999792575836,0.0,2.0,0.0,0.0,0.0,0,0,0,0,0,0
NER,15702,157,2,1,2.0,1,0,0,1,1,0,0,0,0,0,0,0,2021,0,0,0,0,0,0,0,1.3888108134269714,0.0,1.0,0.0,0.0,1.0,0,1,0,0,0,0
NER,15703,157,3,1,4.0,1,1,0,0,0,0,0,0,0,0,0,0,2021,0,0,0,0,0,0,0,3.3772361278533936,2.0,0.0,0.0,0.0,0.0,0,0,0,0,0,0
NER,15705,157,5,1,2.0,1,1,0,1,1,0,0,0,0,0,0,0,2021,0,0,0,0,0,0,0,0.7451000213623047,1.0,7.0,0.0,0.0,0.0,0,1,0,1,0,0
NER,15706,157,6,1,2.0,1,0,0,1,1,0,0,0,0,0,0,0,2021,0,0,0,0,0,0,0,0.48420000076293945,1.0,3.0,0.0,0.0,0.0,0,0,0,0,0,0
NER,15707,157,7,1,2.0,0,1,0,1,1,0,0,0,1,0,0,0,2021,0,0,0,0,0,0,0,,2.0,3.0,0.0,0.0,0.0,0,0,0,0,0,0
NER,15708,157,8,1,2.0,1,0,0,1,1,0,0,0,0,0,0,0,2021,0,0,0,0,0,0,0,3.999657154083252,2.0,2.0,0.0,0.0,33.0,1,0,0,0,0,0
NER,15709,157,9,1,4.0,1,0,0,0,0,0,0,0,1,0,0,0,2021,0,0,0,0,0,0,0,2.164200007915497,0.0,7.0,0.0,0.0,0.0,0,0,0,0,0,0
NER,15711,157,11,1,2.0,0,0,0,0,0,0,0,0,0,0,0,0,2021,0,0,0,0,0,0,0,1.2633799314498901,0.0,3.0,0.0,0.0,0.0,1,0,0,0,0,0
NER,15712,157,12,1,4.0,1,0,0,1,1,0,0,0,0,0,0,0,2021,0,0,0,0,0,0,0,1.2634999752044678,,,,,,0,0,1,0,0,0
NER,15718,157,18,1,4.0,0,0,0,1,1,0,0,0,0,0,0,0,2021,0,0,0,0,0,0,0,0.6658999919891357,,,,,,0,0,0,0,0,0
NER,15719,157,19,1,2.0,0,1,0,1,1,0,0,0,0,0,0,0,2021,0,0,0,0,0,0,0,1.1995999813079834,0.0,3.0,0.0,0.0,0.0,0,0,0,0,0,0
NER,15801,158,1,2,4.0,1,0,0,0,0,0,0,0,0,0,0,0,2021,0,0,0,0,0,0,0,2.5065999627113342,1.0,5.0,0.0,0.0,0.0,1,0,1,0,0,0
NER,15802,158,2,2,4.0,1,1,0,0,0,0,0,0,0,0,0,0,2021,0,0,0,0,0,0,0,0.7488999962806702,0.0,3.0,0.0,0.0,5.0,0,0,1,0,0,0
NER,15803,158,3,2,2.0,1,0,0,0,0,0,0,0,0,0,0,0,2021,0,0,0,0,0,0,0,6.079097509384155,0.0,5.0,0.0,0.0,2.0,0,0,1,0,0,0
NER,15804,158,4,2,2.0,1,1,0,0,0,0,0,0,0,0,0,0,2021,0,0,0,0,0,0,0,3.3232781887054443,4.0,14.0,0.0,0.0,5.0,1,0,0,0,0,0
NER,15805,158,5,2,4.0,0,0,0,0,0,0,0,0,0,0,0,0,2021,0,0,0,0,0,0,0,,0.0,2.0,0.0,0.0,0.0,1,0,0,1,0,0
NER,15806,158,6,2,2.0,0,0,0,0,0,0,0,0,0,0,0,0,2021,0,0,0,0,0,0,0,4.165799975395203,2.0,3.0,0.0,0.0,5.0,1,0,1,1,0,0
NER,15807,158,7,2,2.0,1,0,0,0,0,0,0,1,0,0,0,0,2021,0,0,0,0,0,0,0,2.508699953556061,0.0,2.0,0.0,0.0,12.0,0,0,1,1,0,0
NER,15808,158,8,2,2.0,1,0,0,0,0,0,0,0,0,0,0,0,2021,0,0,0,0,0,0,0,1.7869000434875488,0.0,2.0,0.0,0.0,15.0,0,0,1,1,0,0
NER,15812,158,12,2,4.0,1,0,0,0,0,0,0,0,0,0,0,0,2021,0,0,0,0,0,0,0,,,,,,,0,1,0,0,0,0
NER,15813,158,13,2,4.0,1,0,0,0,0,0,0,0,0,0,0,0,2021,0,0,0,0,0,0,0,1.2335000038146973,0.0,3.0,0.0,0.0,0.0,1,0,0,0,0,0
NER,15814,158,14,2,2.0,1,1,0,0,0,0,0,0,0,0,0,0,2021,0,0,0,0,0,0,0,1.8857999816536903,4.0,6.0,0.0,0.0,0.0,1,0,0,0,0,0
NER,15816,158,16,2,4.0,1,0,0,0,0,0,0,0,0,0,0,0,2021,0,0,0,0,0,0,0,,,,,,,0,0,0,0,0,0
NER,15901,159,1,1,2.0,0,0,0,1,1,0,0,0,0,0,0,0,2021,0,0,0,0,0,0,0,5.523099899291992,9.0,11.0,0.0,0.0,0.0,0,0,0,0,0,0
NER,15903,159,3,1,4.0,0,0,0,0,0,0,0,0,0,0,0,0,2021,0,0,0,0,0,0,0,1.6171000003814697,1.0,6.0,0.0,0.0,0.0,0,1,0,0,0,0
NER,15904,159,4,1,2.0,0,1,0,1,1,0,0,0,0,0,0,0,2021,0,0,0,0,0,0,0,0.6227999925613403,0.0,11.0,0.0,0.0,10.0,0,1,0,0,0,0
NER,15905,159,5,1,4.0,0,0,0,1,1,0,0,0,1,0,0,0,2021,0,0,0,0,0,0,0,0.8880000114440918,0.0,7.0,0.0,0.0,0.0,0,0,0,0,0,0
NER,15906,159,6,1,4.0,0,0,0,1,1,0,0,0,0,0,0,0,2021,0,0,0,0,0,0,0,0.36640000343322754,0.0,2.0,0.0,0.0,0.0,0,1,0,0,0,0
NER,15907,159,7,1,2.0,0,1,0,1,1,0,0,0,0,0,0,0,2021,0,0,0,0,0,0,0,1.2203999757766724,0.0,9.0,0.0,0.0,0.0,0,0,0,0,0,0
NER,15908,159,8,1,2.0,0,0,0,1,1,0,0,0,0,0,0,0,2021,0,0,0,0,0,0,0,0.6473999917507172,1.0,9.0,0.0,0.0,0.0,0,0,0,0,0,0
NER,15909,159,9,1,4.0,0,0,0,0,0,0,0,0,0,0,0,0,2021,0,0,0,0,0,0,0,0.917700007557869,1.0,2.0,0.0,0.0,0.0,0,1,0,0,0,0
NER,15910,159,10,1,2.0,0,1,0,0,0,0,0,0,0,0,0,0,2021,0,0,0,0,0,0,0,0.6032999753952026,0.0,13.0,0.0,0.0,0.0,0,1,0,0,0,0
NER,15911,159,11,1,2.0,1,1,0,1,1,0,0,0,0,0,0,0,2021,0,0,0,0,0,0,0,0.3619000017642975,0.0,7.0,0.0,0.0,0.0,0,0,0,0,0,0
NER,15912,159,12,1,4.0,0,0,0,0,0,0,0,0,1,0,0,0,2021,0,0,0,0,0,0,0,0.48980000615119934,0.0,9.0,0.0,0.0,0.0,0,1,0,0,0,0
NER,15913,159,13,1,2.0,0,1,0,1,1,0,0,0,0,0,0,0,2021,0,0,0,0,0,0,0,0.5751999914646149,1.0,2.0,0.0,0.0,6.0,0,1,0,0,0,0
NER,16001,160,1,2,2.0,1,1,0,0,0,0,0,0,0,0,0,0,2021,0,0,0,0,0,0,0,2.544300079345703,2.0,22.0,0.0,0.0,25.0,1,0,0,0,0,0
NER,16002,160,2,2,2.0,1,0,0,1,1,0,0,0,0,0,0,0,2021,0,0,0,0,0,0,0,0.7856000065803528,,,,,,0,1,0,0,0,0
NER,16003,160,3,2,2.0,0,0,0,0,0,0,0,0,0,0,0,0,2021,0,0,0,0,0,0,0,1.9833999872207642,0.0,1.0,0.0,0.0,0.0,0,0,0,1,0,0
NER,16004,160,4,2,2.0,0,0,0,0,0,0,0,0,0,0,0,0,2021,0,0,0,0,0,0,0,0.6966999769210815,4.0,35.0,0.0,0.0,0.0,0,0,0,0,0,0
NER,16005,160,5,2,4.0,1,0,0,1,1,0,0,0,0,0,0,0,2021,0,0,0,0,0,0,0,,,,,,,0,0,0,0,0,0
NER,16006,160,6,2,4.0,0,0,0,1,0,0,0,0,0,0,0,0,2021,0,0,0,0,0,0,0,10.52139151096344,7.0,35.0,0.0,0.0,0.0,1,0,0,1,0,0
NER,16007,160,7,2,4.0,1,0,0,1,1,0,0,0,0,0,0,0,2021,0,0,0,0,0,0,0,3.233729839324951,,,,,,0,0,0,0,0,0
NER,16008,160,8,2,2.0,1,0,0,1,0,0,0,0,0,0,0,0,2021,0,0,0,0,0,0,0,3.4128000736236572,3.0,0.0,0.0,0.0,0.0,1,0,0,1,0,0
NER,16009,160,9,2,2.0,1,0,0,1,1,0,0,0,0,0,0,0,2021,0,0,0,0,0,0,0,1.8334755897521973,,,,,,0,0,0,0,0,0
NER,16010,160,10,2,4.0,1,0,0,1,1,0,0,0,0,0,0,0,2021,0,0,0,0,0,0,0,1.2400000095367432,0.0,2.0,0.0,0.0,0.0,0,0,0,0,0,0
NER,16011,160,11,2,2.0,1,0,0,1,1,0,0,0,0,0,0,0,2021,0,0,0,0,0,0,0,1.3799999952316284,0.0,3.0,0.0,0.0,0.0,0,0,0,0,0,0
NER,16012,160,12,2,2.0,0,0,0,0,0,0,0,0,0,0,0,0,2021,0,0,0,0,0,0,0,2.359999895095825,2.0,14.0,0.0,0.0,23.0,0,1,0,0,0,0
NER,16102,161,2,1,2.0,0,1,0,1,1,0,0,0,0,0,0,0,2021,0,0,0,0,0,0,0,0.44110000133514404,0.0,3.0,0.0,0.0,0.0,1,0,0,0,0,0
NER,16103,161,3,1,4.0,1,1,1,1,1,0,0,0,0,0,0,0,2021,0,0,0,0,0,0,0,,,,,,,0,0,0,0,0,0
NER,16104,161,4,1,1.0,0,1,1,1,1,1,1,0,1,0,0,0,2021,1,0,1,0,0,1,0,1.3821000158786774,1.0,4.0,0.0,0.0,0.0,0,0,0,0,0,0
NER,16105,161,5,1,2.0,0,1,0,1,1,0,0,0,0,0,0,0,2021,0,0,0,0,0,0,0,,,,,,,0,0,0,0,0,0
NER,16106,161,6,1,2.0,0,0,0,1,1,0,0,0,0,0,0,0,2021,0,0,0,0,0,0,0,,0.0,0.0,0.0,0.0,4.0,0,1,1,0,0,0
NER,16107,161,7,1,2.0,0,0,0,1,1,0,0,0,0,0,0,0,2021,0,0,0,0,0,0,0,0.4562999904155731,0.0,9.0,0.0,0.0,0.0,0,0,0,0,0,0
NER,16108,161,8,1,2.0,0,0,1,1,1,0,0,0,0,0,0,0,2021,0,0,0,0,0,0,0,0.22130000591278076,,,,,,0,0,0,0,0,0
NER,16109,161,9,1,4.0,1,1,1,1,1,0,0,0,0,0,0,0,2021,0,0,0,0,0,0,0,0.5123000144958496,,,,,,0,1,0,0,0,0
NER,16110,161,10,1,1.0,0,0,0,1,1,0,0,0,0,0,0,0,2021,0,0,0,0,0,0,0,0.5103999972343445,0.0,3.0,0.0,0.0,0.0,0,0,0,0,0,0
NER,16111,161,11,1,2.0,0,1,0,1,1,1,1,0,0,0,0,0,2021,0,0,0,0,0,0,0,,0.0,5.0,0.0,0.0,0.0,0,1,0,0,0,0
NER,16112,161,12,1,2.0,0,1,1,1,1,0,0,0,0,0,0,0,2021,0,0,0,0,0,0,0,0.536300003528595,0.0,3.0,0.0,0.0,0.0,1,1,1,0,0,0
NER,16126,161,26,1,1.0,0,0,1,1,1,0,1,0,0,0,0,0,2021,0,0,0,0,0,0,0,,,,,,,0,0,0,0,0,0
NER,16201,162,1,2,2.0,1,1,0,1,1,0,0,0,0,0,0,0,2021,0,0,0,0,0,0,0,5.916100025177002,3.0,15.0,0.0,0.0,0.0,0,0,0,0,0,0
NER,16202,162,2,2,2.0,1,0,0,1,1,0,0,0,0,0,0,0,2021,0,0,0,0,0,0,0,0.6072999835014343,0.0,2.0,0.0,0.0,0.0,0,0,0,0,0,0
NER,16203,162,3,2,2.0,1,0,0,1,1,0,0,0,0,0,0,0,2021,0,0,0,0,0,0,0,,,,,,,0,0,0,0,0,0
NER,16205,162,5,2,2.0,1,0,0,1,1,0,0,0,0,0,0,0,2021,0,0,0,0,0,0,0,1.023990511894226,1.0,2.0,0.0,0.0,0.0,0,0,0,0,0,0
NER,16206,162,6,2,2.0,1,0,0,0,0,0,0,0,1,0,0,0,2021,0,0,0,0,0,0,0,1.6441048979759216,0.0,5.0,0.0,0.0,0.0,0,0,0,0,0,0
NER,16207,162,7,2,2.0,1,0,0,1,1,0,0,0,1,0,0,0,2021,0,0,0,0,0,0,0,1.6713999509811401,0.0,6.0,0.0,0.0,0.0,0,0,0,0,0,0
NER,16208,162,8,2,2.0,1,0,0,1,1,0,0,0,1,0,0,0,2021,0,0,0,0,0,0,0,0.7245000004768372,0.0,7.0,0.0,0.0,0.0,0,0,0,0,0,0
NER,16209,162,9,2,2.0,1,0,0,1,1,0,0,0,1,0,0,0,2021,0,0,0,0,0,0,0,1.1050946116447449,0.0,1.0,0.0,0.0,0.0,1,0,0,0,0,0
NER,16211,162,11,2,2.0,0,0,0,1,1,0,0,0,0,0,0,0,2021,0,0,0,0,0,0,0,1.4586999416351318,,,,,,0,1,1,0,0,0
NER,16212,162,12,2,2.0,0,0,0,1,1,0,0,0,0,0,0,0,2021,0,0,0,0,0,0,0,2.1089000701904297,1.0,11.0,0.0,0.0,0.0,0,1,1,0,0,0
NER,16215,162,15,2,2.0,0,0,0,1,1,0,0,0,0,0,0,0,2021,0,0,0,0,0,0,0,1.3746999502182007,0.0,9.0,0.0,0.0,0.0,0,1,1,0,0,0
NER,16218,162,18,2,2.0,0,1,0,1,1,0,0,0,0,0,0,0,2021,0,0,0,0,0,0,0,0.7396000027656555,0.0,2.0,0.0,0.0,0.0,0,1,0,0,0,0
NER,16301,163,1,1,1.0,1,1,1,1,1,1,1,0,1,1,1,1,2021,1,0,1,0,0,0,1,3.6959999799728394,1.0,5.0,0.0,0.0,0.0,1,0,0,0,0,0
NER,16302,163,2,1,4.0,1,1,0,1,1,0,0,0,0,1,0,0,2021,0,0,0,0,0,0,0,,,,,,,0,0,0,1,0,0
NER,16303,163,3,1,3.0,1,1,0,1,1,0,1,0,0,0,0,0,2021,0,0,0,0,0,0,0,,,,,,,0,0,0,0,0,0
NER,16304,163,4,1,2.0,0,1,0,1,1,1,1,0,1,0,0,0,2021,0,0,0,0,0,0,0,3.210200071334839,1.0,4.0,0.0,0.0,0.0,0,0,0,0,0,0
NER,16305,163,5,1,2.0,1,1,0,1,1,0,0,0,0,1,0,0,2021,0,0,0,0,0,0,0,0.8510000109672546,0.0,1.0,0.0,0.0,3.0,0,0,1,0,0,0
NER,16306,163,6,1,1.0,0,1,1,1,1,1,1,0,0,0,0,0,2021,1,0,0,0,0,1,0,,0.0,12.0,0.0,0.0,0.0,0,0,0,0,0,1
NER,16307,163,7,1,4.0,0,1,1,1,1,0,1,0,1,0,0,0,2021,0,0,0,0,0,0,0,,,,,,,0,0,0,0,0,0
NER,16308,163,8,1,2.0,1,1,0,1,1,0,0,0,0,0,0,0,2021,0,0,0,0,0,0,0,2.24395751953125,2.0,6.0,0.0,0.0,0.0,0,1,0,0,0,0
NER,16309,163,9,1,1.0,1,1,1,1,1,1,1,0,0,0,0,0,2021,0,0,0,0,0,0,0,2.6880000829696655,2.0,5.0,0.0,0.0,2.0,0,0,0,1,0,1
NER,16310,163,10,1,1.0,1,1,1,1,1,1,1,0,1,0,0,0,2021,1,0,0,0,0,0,0,2.3298999965190887,,,,,,0,1,0,0,0,0
NER,16311,163,11,1,4.0,1,1,1,1,1,1,1,0,0,1,0,0,2021,1,0,1,0,0,0,0,,0.0,3.0,0.0,0.0,0.0,0,0,1,0,0,0
NER,16312,163,12,1,1.0,0,1,0,1,1,0,0,0,0,0,0,0,2021,0,0,0,0,0,0,0,1.562999963760376,,,,,,0,1,0,0,0,0
NER,16401,164,1,2,2.0,1,0,0,0,0,0,0,0,0,0,0,0,2021,0,0,0,0,0,0,0,,16.0,70.0,0.0,0.0,0.0,0,0,0,0,0,0
NER,16402,164,2,2,2.0,0,0,0,0,0,0,0,0,0,0,0,0,2021,0,0,0,0,0,0,0,,10.0,55.0,0.0,0.0,0.0,0,0,0,0,0,0
NER,16404,164,4,2,2.0,1,0,0,0,0,0,0,0,0,0,0,0,2021,0,0,0,0,0,0,0,,0.0,15.0,0.0,0.0,0.0,0,0,0,0,0,0
NER,16405,164,5,2,2.0,0,1,0,0,0,0,0,0,0,0,0,0,2021,0,0,0,0,0,0,0,,3.0,22.0,0.0,0.0,0.0,0,0,0,0,0,1
NER,16406,164,6,2,2.0,1,0,0,0,0,0,0,0,0,0,0,0,2021,0,0,0,0,0,0,0,,0.0,2.0,0.0,0.0,0.0,0,0,0,0,0,0
NER,16407,164,7,2,2.0,1,0,0,0,0,0,0,0,0,0,0,0,2021,0,0,0,0,0,0,0,,1.0,8.0,0.0,0.0,1.0,0,0,1,1,0,0
NER,16408,164,8,2,2.0,0,1,0,0,0,0,0,0,0,0,0,0,2021,0,0,0,0,0,0,0,,7.0,17.0,0.0,0.0,0.0,0,0,0,0,0,0
NER,16411,164,11,2,2.0,0,0,0,0,0,0,0,0,0,0,0,0,2021,0,0,0,0,0,0,0,,8.0,47.0,0.0,0.0,0.0,0,0,1,0,0,0
NER,16412,164,12,2,2.0,0,1,0,0,0,0,0,0,0,0,0,0,2021,0,0,0,0,0,0,0,,10.0,20.0,0.0,0.0,0.0,0,1,1,0,0,0
NER,16418,164,18,2,2.0,1,0,0,0,0,0,0,0,0,0,0,0,2021,0,0,0,0,0,0,1,,12.0,35.0,0.0,0.0,0.0,0,0,0,0,0,0
NER,16420,164,20,2,2.0,0,0,0,0,0,0,0,0,0,0,0,0,2021,0,0,0,0,0,0,0,,51.0,17.0,0.0,0.0,0.0,0,0,1,0,0,0
NER,16423,164,23,2,2.0,0,0,0,0,0,0,0,0,0,0,0,0,2021,0,0,0,0,0,0,0,,6.0,42.0,0.0,0.0,0.0,0,0,1,0,0,0
NER,16501,165,1,1,4.0,0,0,0,1,1,0,0,0,0,0,0,0,2021,0,0,0,0,0,0,0,1.3393000364303589,3.0,3.0,0.0,0.0,0.0,0,0,0,0,0,0
NER,16502,165,2,1,4.0,0,1,0,1,1,0,1,0,0,0,0,0,2021,1,0,0,0,0,0,0,2.4369999170303345,4.0,7.0,0.0,0.0,0.0,0,0,0,0,0,0
NER,16503,165,3,1,2.0,0,0,0,1,1,0,1,0,0,0,0,0,2021,0,0,0,0,0,0,0,1.8324999809265137,2.0,8.0,0.0,0.0,0.0,0,0,0,0,0,0
NER,16504,165,4,1,2.0,0,1,0,1,1,0,0,1,0,0,0,0,2021,0,0,0,0,0,0,0,4.553100109100342,9.0,7.0,0.0,0.0,16.0,0,0,0,0,0,0
NER,16505,165,5,1,2.0,0,0,0,1,1,1,1,0,0,0,0,0,2021,0,0,0,0,0,0,0,4.347256898880005,7.0,8.0,0.0,0.0,0.0,0,0,0,0,0,0
NER,16506,165,6,1,2.0,0,0,0,1,1,1,1,0,0,0,0,0,2021,0,0,0,0,0,0,0,4.608606219291687,5.0,7.0,0.0,0.0,0.0,0,0,0,0,0,0
NER,16507,165,7,1,4.0,0,0,0,1,1,0,1,0,0,0,0,0,2021,0,0,0,0,0,0,0,2.278700113296509,8.0,9.0,0.0,0.0,0.0,0,0,0,0,0,0
NER,16508,165,8,1,2.0,0,0,0,1,1,0,0,0,0,0,0,0,2021,0,0,0,0,0,0,0,1.3324999660253525,5.0,13.0,0.0,0.0,0.0,0,0,0,0,0,0
NER,16509,165,9,1,2.0,0,0,0,1,1,0,0,0,0,0,0,0,2021,0,0,0,0,0,0,0,5.486357688903809,4.0,1.0,0.0,0.0,0.0,0,1,0,0,0,0
NER,16510,165,10,1,4.0,0,0,0,1,1,0,0,0,0,0,0,0,2021,0,0,0,0,0,0,0,,,,,,,0,0,0,0,0,0
NER,16511,165,11,1,2.0,0,0,0,1,1,1,1,0,0,0,0,0,2021,1,0,0,0,0,0,0,8.667197585105896,1.0,2.0,0.0,0.0,6.0,0,0,0,0,0,0
NER,16512,165,12,1,2.0,0,0,0,1,1,0,0,0,0,0,0,0,2021,0,0,0,0,0,0,0,1.2733999490737915,6.0,9.0,0.0,0.0,0.0,0,0,0,0,0,0
NER,16601,166,1,2,2.0,1,0,0,0,0,0,0,0,0,0,0,0,2021,0,0,0,0,0,0,0,4.081399917602539,0.0,2.0,0.0,0.0,0.0,0,0,0,0,0,0
NER,16602,166,2,2,2.0,1,1,0,1,1,0,0,0,0,0,0,0,2021,0,0,0,0,0,0,0,3.049999952316284,2.0,7.0,0.0,0.0,0.0,0,1,0,0,0,0
NER,16603,166,3,2,2.0,1,0,0,0,0,0,0,0,0,0,0,0,2021,0,0,0,0,0,0,0,1.3273999691009521,0.0,2.0,0.0,0.0,0.0,0,0,0,0,0,0
NER,16604,166,4,2,2.0,1,0,0,1,1,0,0,0,0,0,0,0,2021,0,0,0,0,0,0,0,1.311400055885315,0.0,3.0,0.0,0.0,0.0,0,0,0,0,0,0
NER,16606,166,6,2,1.0,1,0,0,1,0,0,0,0,1,0,0,0,2021,0,0,0,0,0,0,0,3.337499976158142,0.0,5.0,0.0,0.0,27.0,1,1,1,0,0,0
NER,16607,166,7,2,2.0,1,0,0,1,1,0,0,0,0,0,0,0,2021,0,0,0,0,0,0,0,3.2006001472473145,,,,,,0,0,0,0,0,1
NER,16608,166,8,2,2.0,1,0,0,1,0,0,0,0,0,0,0,0,2021,0,0,0,0,0,0,0,2.890199899673462,0.0,0.0,0.0,0.0,8.0,1,0,0,0,0,1
NER,16609,166,9,2,2.0,0,0,0,1,0,0,0,0,0,0,0,0,2021,0,0,0,0,0,0,0,2.498140573501587,0.0,0.0,0.0,0.0,0.0,1,1,1,0,0,0
NER,16610,166,10,2,2.0,0,0,0,1,0,0,0,0,0,0,0,0,2021,0,0,0,0,0,0,0,2.455899953842163,1.0,15.0,0.0,0.0,0.0,0,0,1,0,0,0
NER,16611,166,11,2,2.0,0,0,0,1,0,0,0,0,0,0,0,0,2021,0,0,0,0,0,0,0,2.660599946975708,1.0,0.0,0.0,0.0,0.0,0,0,1,0,0,0
NER,16612,166,12,2,2.0,0,0,0,1,0,0,0,0,0,0,0,0,2021,0,0,0,0,0,0,0,4.268199920654297,1.0,0.0,0.0,0.0,3.0,0,0,1,0,0,0
NER,16617,166,17,2,2.0,1,0,0,1,0,0,0,0,0,0,0,0,2021,0,0,0,0,0,0,0,2.691200017929077,0.0,3.0,0.0,0.0,7.0,0,0,0,0,0,0
NER,16701,167,1,1,4.0,0,0,0,0,0,0,0,0,0,0,0,0,2021,0,0,0,0,0,0,0,3.308799982070923,6.0,11.0,0.0,0.0,0.0,0,0,0,0,0,0
NER,16702,167,2,1,2.0,0,0,0,0,0,0,0,0,0,0,0,0,2021,0,0,0,0,0,0,0,4.54640007019043,9.0,5.0,0.0,0.0,0.0,0,1,0,0,0,0
NER,16703,167,3,1,2.0,0,0,0,0,0,0,0,0,0,0,0,0,2021,0,0,0,0,0,0,0,1.8056000471115112,0.0,11.0,0.0,0.0,0.0,0,0,0,0,0,0
NER,16704,167,4,1,4.0,0,0,0,0,0,0,0,0,0,0,0,0,2021,0,0,0,0,0,0,0,6.6905999183654785,2.0,16.0,0.0,0.0,0.0,0,0,0,0,0,0
NER,16705,167,5,1,2.0,0,0,0,0,0,0,0,0,0,0,0,0,2021,0,0,0,0,0,0,0,1.4988000392913818,5.0,4.0,0.0,0.0,0.0,0,1,0,0,0,0
NER,16706,167,6,1,2.0,0,0,0,0,0,0,0,0,0,0,0,0,2021,0,0,0,0,0,0,0,10.35200023651123,12.0,14.0,0.0,0.0,0.0,0,0,0,0,0,0
NER,16707,167,7,1,4.0,0,0,0,0,0,0,0,0,0,0,0,0,2021,0,0,0,0,0,0,0,3.595862567424774,9.0,1.0,0.0,0.0,10.0,0,0,0,0,0,0
NER,16708,167,8,1,2.0,0,1,0,0,0,0,0,0,0,0,0,0,2021,0,0,0,0,0,0,0,6.282705903053284,8.0,31.0,0.0,0.0,10.0,0,0,0,0,0,0
NER,16709,167,9,1,2.0,0,0,0,0,0,0,0,0,0,0,0,0,2021,0,0,0,0,0,0,0,2.9622000455856323,4.0,8.0,0.0,0.0,0.0,0,0,0,0,0,0
NER,16710,167,10,1,4.0,0,0,0,0,0,0,0,0,0,0,0,0,2021,0,0,0,0,0,0,0,6.392497897148132,8.0,0.0,0.0,0.0,0.0,0,0,0,0,0,0
NER,16711,167,11,1,2.0,0,0,0,0,0,0,0,0,0,0,0,0,2021,0,0,0,0,0,0,0,7.335909068584442,5.0,13.0,0.0,0.0,2.0,0,0,0,0,0,0
NER,16712,167,12,1,2.0,0,0,0,0,0,0,0,0,0,0,0,0,2021,0,0,0,0,0,0,0,1.7387000173330307,0.0,6.0,0.0,0.0,0.0,0,0,0,0,0,0
NER,16801,168,1,2,2.0,0,0,0,1,1,0,0,0,0,0,0,0,2021,0,0,0,0,0,0,0,4.294542908668518,0.0,2.0,0.0,0.0,0.0,0,0,0,0,0,0
NER,16802,168,2,2,2.0,1,0,0,1,1,0,0,0,0,0,0,0,2021,0,0,0,0,0,0,0,2.928800106048584,,,,,,0,0,0,0,0,0
NER,16803,168,3,2,2.0,1,0,0,1,1,0,0,0,0,0,0,0,2021,0,0,0,0,0,0,0,1.952299952507019,0.0,2.0,0.0,0.0,0.0,0,0,0,0,0,0
NER,16804,168,4,2,2.0,1,0,0,1,1,0,0,0,0,0,0,0,2021,0,0,0,0,0,0,0,2.120500087738037,0.0,1.0,0.0,0.0,0.0,0,0,0,0,0,0
NER,16805,168,5,2,2.0,1,0,0,1,1,0,0,0,0,0,0,0,2021,0,0,0,0,0,0,0,6.162149906158447,0.0,0.0,0.0,0.0,0.0,0,0,0,0,0,1
NER,16806,168,6,2,2.0,1,0,0,1,1,0,0,0,0,0,0,0,2021,0,0,0,0,0,0,0,5.408090114593506,0.0,2.0,0.0,0.0,0.0,0,0,0,0,0,1
NER,16807,168,7,2,2.0,1,0,0,1,1,0,0,0,0,0,0,0,2021,0,0,0,0,0,0,0,2.3655800819396973,,,,,,0,0,0,0,0,1
NER,16808,168,8,2,2.0,1,0,0,1,1,0,0,0,0,0,0,0,2021,0,0,0,0,0,0,0,4.68133020401001,,,,,,0,0,0,0,0,1
NER,16809,168,9,2,4.0,0,0,0,1,1,0,0,0,0,0,0,0,2021,0,0,0,0,0,0,0,5.073699951171875,0.0,0.0,0.0,0.0,0.0,0,1,1,0,0,0
NER,16810,168,10,2,4.0,0,0,0,1,1,0,0,0,0,0,0,0,2021,0,0,0,0,0,0,0,1.5069999694824219,0.0,0.0,0.0,0.0,0.0,0,0,1,0,0,0
NER,16811,168,11,2,2.0,0,0,0,1,1,0,0,0,0,0,0,0,2021,0,0,0,0,0,0,0,2.378999948501587,0.0,0.0,0.0,0.0,0.0,0,1,1,0,0,0
NER,16812,168,12,2,2.0,0,0,0,0,0,0,0,0,0,0,0,0,2021,0,0,0,0,0,0,0,4.3506999015808105,3.0,23.0,0.0,0.0,16.0,0,1,1,0,0,0
NER,16901,169,1,1,2.0,0,0,0,1,0,0,0,0,0,0,0,0,2021,0,0,0,0,0,0,0,2.0678000450134277,4.0,4.0,0.0,0.0,0.0,0,0,0,0,0,0
NER,16902,169,2,1,2.0,0,0,0,1,1,0,0,0,0,0,0,0,2021,0,0,0,0,0,0,0,10.773786783218384,1.0,16.0,0.0,0.0,34.0,0,0,0,0,0,0
NER,16903,169,3,1,2.0,0,0,0,1,1,0,0,0,0,0,0,0,2021,0,0,0,0,0,0,0,7.573400020599365,2.0,8.0,0.0,0.0,26.0,0,1,0,0,0,0
NER,16904,169,4,1,4.0,0,0,0,1,1,0,0,0,1,0,0,0,2021,0,0,0,0,0,0,0,2.139699935913086,8.0,1.0,0.0,0.0,0.0,0,0,0,0,0,0
NER,16905,169,5,1,2.0,0,0,0,1,1,0,0,0,0,0,0,0,2021,0,0,0,0,0,0,0,2.374899983406067,3.0,4.0,0.0,0.0,0.0,0,0,0,0,0,0
NER,16906,169,6,1,2.0,0,0,0,1,1,0,0,0,0,0,0,0,2021,0,0,0,0,0,0,0,7.441499829292297,3.0,13.0,0.0,0.0,0.0,0,0,0,0,0,0
NER,16907,169,7,1,2.0,0,0,0,1,1,0,0,0,0,0,0,0,2021,0,0,0,0,0,0,0,2.5467000007629395,1.0,13.0,0.0,0.0,0.0,0,0,0,0,0,0
NER,16908,169,8,1,2.0,0,0,0,1,1,0,0,0,0,0,0,0,2021,0,0,0,0,0,0,0,8.217300415039062,0.0,7.0,0.0,0.0,3.0,0,0,0,0,0,0
NER,16909,169,9,1,2.0,0,0,0,1,1,0,0,0,0,0,0,0,2021,0,0,0,0,0,0,0,1.8259999752044678,5.0,11.0,0.0,0.0,0.0,0,1,0,0,0,0
NER,16910,169,10,1,2.0,0,0,0,1,1,0,0,0,0,0,0,0,2021,0,0,0,0,0,0,0,1.9996000528335571,3.0,6.0,0.0,0.0,0.0,0,0,0,0,0,0
NER,16911,169,11,1,2.0,0,0,0,1,1,0,0,0,0,0,0,0,2021,0,0,0,0,0,0,0,8.45573377609253,1.0,4.0,0.0,0.0,0.0,0,0,0,0,0,0
NER,16912,169,12,1,2.0,0,0,0,1,1,0,0,0,0,0,0,0,2021,0,0,0,0,0,0,0,1.8240000009536743,7.0,9.0,0.0,0.0,0.0,0,1,0,0,0,0
NER,17001,170,1,2,4.0,1,0,0,1,1,0,0,0,0,0,0,0,2021,0,0,0,0,0,0,0,,,,,,,0,0,0,0,0,0
NER,17002,170,2,2,2.0,1,1,1,1,1,0,0,0,0,0,0,0,2021,0,0,0,0,0,0,0,0.7931098937988281,0.0,1.0,0.0,0.0,0.0,0,0,0,0,0,0
NER,17003,170,3,2,4.0,1,1,1,1,1,0,0,0,0,0,0,0,2021,0,0,0,0,0,0,0,0.8965958952903748,,,,,,0,0,0,0,0,0
NER,17004,170,4,2,2.0,1,1,1,1,1,0,0,0,0,0,0,0,2021,0,0,0,0,0,0,0,0.8087037801742554,,,,,,0,0,0,0,0,0
NER,17006,170,6,2,4.0,1,0,1,1,1,0,1,0,0,0,0,0,2021,0,0,0,0,0,0,0,0.09909000247716904,,,,,,0,0,0,0,0,0
NER,17007,170,7,2,4.0,1,0,0,1,1,0,0,0,0,0,0,0,2021,0,0,0,0,0,0,0,,0.0,0.0,0.0,0.0,6.0,0,0,0,0,0,0
NER,17008,170,8,2,4.0,1,0,0,1,1,0,0,0,0,0,0,0,2021,0,0,0,0,0,0,0,,,,,,,1,1,0,1,0,1
NER,17010,170,10,2,2.0,0,1,0,1,1,0,0,0,0,0,0,0,2021,0,0,0,0,0,0,0,1.4849637746810913,0.0,2.0,0.0,0.0,0.0,1,1,1,1,0,0
NER,17012,170,12,2,2.0,0,1,0,1,1,0,1,0,0,0,0,0,2021,0,0,0,0,0,0,0,,,,,,,1,0,1,0,0,0
NER,17013,170,13,2,1.0,0,0,0,1,1,0,0,0,0,0,0,0,2021,0,0,0,0,0,0,0,0.6489999890327454,,,,,,0,1,1,0,0,0
NER,17017,170,17,2,1.0,1,0,0,1,1,1,1,0,0,0,0,0,2021,1,0,0,0,0,1,0,,0.0,9.0,0.0,0.0,10.0,1,0,0,0,0,0
NER,17021,170,21,2,1.0,1,1,1,1,1,0,0,0,0,0,0,0,2021,0,0,0,0,0,0,0,,,,,,,0,0,1,0,0,0
NER,17101,171,1,1,2.0,0,0,0,1,1,0,0,0,0,0,0,0,2021,0,0,0,0,0,0,0,1.1236000061035156,2.0,1.0,0.0,0.0,0.0,0,0,0,0,0,0
NER,17102,171,2,1,2.0,0,0,0,1,1,0,0,0,0,0,0,0,2021,0,0,0,0,0,0,0,3.1531999111175537,0.0,6.0,0.0,0.0,0.0,1,0,0,0,0,0
NER,17103,171,3,1,2.0,0,0,0,1,1,0,0,0,0,0,0,0,2021,0,0,0,0,0,0,0,5.338299989700317,1.0,3.0,0.0,0.0,0.0,0,0,0,0,0,0
NER,17104,171,4,1,2.0,0,0,0,1,1,0,0,0,0,0,0,0,2021,0,0,0,0,0,0,0,1.11080002784729,7.0,12.0,0.0,0.0,0.0,0,0,0,0,0,0
NER,17105,171,5,1,2.0,0,0,0,1,1,0,0,0,0,0,0,0,2021,0,0,0,0,0,0,0,5.251100063323975,0.0,4.0,0.0,0.0,5.0,0,0,0,0,0,0
NER,17106,171,6,1,2.0,0,0,0,1,1,0,0,0,0,0,0,0,2021,0,0,0,0,0,0,0,9.394799947738647,4.0,4.0,0.0,0.0,12.0,0,1,0,0,0,0
NER,17107,171,7,1,2.0,1,0,0,1,1,0,0,0,0,0,0,0,2021,0,0,0,0,0,0,0,6.598599791526794,0.0,0.0,0.0,0.0,0.0,0,1,0,0,0,0
NER,17108,171,8,1,2.0,0,0,0,1,1,0,0,0,1,0,0,0,2021,0,0,0,0,0,0,0,3.24290007352829,3.0,7.0,0.0,0.0,9.0,0,1,1,0,0,0
NER,17109,171,9,1,2.0,0,0,0,1,1,0,0,0,0,0,0,0,2021,0,0,0,0,0,0,0,11.950699925422668,2.0,1.0,0.0,0.0,0.0,0,0,0,0,0,0
NER,17110,171,10,1,2.0,1,0,0,1,1,0,0,0,0,0,0,0,2021,0,0,0,0,0,0,0,1.367400050163269,2.0,0.0,0.0,0.0,0.0,0,1,0,0,0,0
NER,17111,171,11,1,2.0,0,0,0,1,1,0,0,0,0,0,0,0,2021,0,0,0,0,0,0,0,6.1596999168396,6.0,1.0,0.0,0.0,1.0,0,0,0,0,0,0
NER,17112,171,12,1,2.0,0,0,0,1,1,0,0,0,0,0,0,0,2021,0,0,0,0,0,0,0,3.1631999015808105,1.0,3.0,0.0,0.0,0.0,0,1,0,0,0,0
NER,17201,172,1,2,2.0,1,0,0,0,0,0,0,0,0,0,0,0,2021,0,0,0,0,0,0,0,1.2604999542236328,4.0,12.0,0.0,0.0,0.0,0,0,0,0,0,0
NER,17202,172,2,2,2.0,1,0,0,0,0,0,0,0,0,0,0,0,2021,0,0,0,0,0,0,0,6.032100200653076,0.0,7.0,0.0,0.0,0.0,0,0,0,0,0,0
NER,17203,172,3,2,2.0,1,0,0,0,0,0,0,0,0,0,0,0,2021,0,0,0,0,0,0,0,1.68149995803833,3.0,2.0,0.0,0.0,0.0,0,0,0,0,0,0
NER,17204,172,4,2,2.0,0,0,0,0,0,0,0,0,0,0,0,0,2021,0,0,0,0,0,0,0,4.01230001449585,0.0,2.0,0.0,0.0,0.0,0,0,0,0,0,0
NER,17205,172,5,2,2.0,0,0,0,0,0,0,0,0,0,0,0,0,2021,0,0,0,0,0,0,0,1.1040400266647339,21.0,0.0,0.0,0.0,0.0,1,0,0,1,0,1
NER,17206,172,6,2,2.0,1,0,0,0,0,0,0,0,0,0,0,0,2021,0,0,0,0,0,0,0,0.6983815431594849,0.0,8.0,0.0,0.0,15.0,0,0,0,0,0,0
NER,17207,172,7,2,2.0,0,0,0,0,1,0,0,0,0,0,0,0,2021,0,0,0,0,0,0,0,2.905709981918335,1.0,13.0,0.0,0.0,20.0,0,0,0,0,0,0
NER,17208,172,8,2,2.0,0,0,0,0,0,0,0,0,0,0,0,0,2021,0,0,0,0,0,0,0,2.3330699801445007,7.0,7.0,0.0,0.0,10.0,0,0,0,0,0,1
NER,17209,172,9,2,4.0,0,0,0,0,0,0,0,0,0,0,0,0,2021,0,0,0,0,0,0,0,1.6951836347579956,0.0,4.0,0.0,0.0,0.0,0,0,1,0,0,0
NER,17210,172,10,2,2.0,0,0,0,0,0,0,0,0,0,0,0,0,2021,0,0,0,0,0,0,0,1.7518999576568604,0.0,10.0,0.0,0.0,0.0,0,1,1,0,0,0
NER,17212,172,12,2,2.0,0,0,0,0,0,0,0,0,0,0,0,0,2021,0,0,0,0,0,0,0,0.6539999842643738,13.0,35.0,0.0,0.0,14.0,0,1,1,0,0,0
NER,17217,172,17,2,2.0,0,0,0,0,0,0,0,0,0,0,0,0,2021,0,0,0,0,0,0,0,7.737500190734863,0.0,4.0,0.0,0.0,10.0,0,1,1,0,0,0
NER,17301,173,1,1,4.0,0,0,0,1,1,0,0,0,0,0,0,0,2021,0,0,0,0,0,0,0,1.9187999963760376,11.0,6.0,0.0,0.0,0.0,0,0,0,0,0,0
NER,17304,173,4,1,2.0,0,0,0,1,1,0,0,0,0,0,0,0,2021,0,0,0,0,0,0,0,2.2027000188827515,4.0,8.0,0.0,0.0,0.0,1,1,0,0,0,0
NER,17309,173,9,1,2.0,0,0,0,1,1,0,0,0,0,0,0,0,2021,0,0,0,0,0,0,0,2.9751999378204346,3.0,4.0,0.0,0.0,0.0,0,0,1,0,0,0
NER,17310,173,10,1,2.0,0,0,0,1,1,0,0,0,0,0,0,0,2021,0,0,0,0,0,0,0,5.463399887084961,2.0,12.0,0.0,0.0,16.0,0,0,0,0,0,0
NER,17311,173,11,1,2.0,0,0,0,1,1,0,0,0,0,0,0,0,2021,0,0,0,0,0,0,0,1.4117000102996826,2.0,3.0,0.0,0.0,0.0,0,0,0,0,0,0
NER,17312,173,12,1,2.0,0,0,0,1,1,0,0,0,1,0,0,0,2021,0,0,0,0,0,0,0,1.0168811082839966,9.0,6.0,0.0,0.0,0.0,0,0,0,0,0,0
NER,17313,173,13,1,2.0,0,0,0,1,1,0,0,0,0,0,0,0,2021,0,0,0,0,0,0,0,4.524600148200989,4.0,5.0,0.0,0.0,10.0,0,0,0,0,0,0
NER,17314,173,14,1,2.0,0,0,0,1,1,0,0,0,0,0,0,0,2021,0,0,0,0,0,0,0,3.3502999544143677,4.0,4.0,0.0,0.0,10.0,0,1,0,0,0,0
NER,17320,173,20,1,2.0,0,0,0,1,1,0,0,0,0,0,0,0,2021,0,0,0,0,0,0,0,2.39710009098053,3.0,2.0,0.0,0.0,0.0,0,0,0,0,0,0
NER,17323,173,23,1,2.0,0,0,1,1,1,0,0,0,0,0,0,0,2021,0,0,0,0,0,0,0,3.447200059890747,4.0,12.0,0.0,0.0,10.0,0,0,0,0,0,0
NER,17326,173,26,1,2.0,0,0,0,1,1,0,0,0,0,0,0,0,2021,0,0,0,0,0,0,0,1.625599980354309,6.0,11.0,0.0,0.0,0.0,0,0,0,0,0,0
NER,17327,173,27,1,2.0,0,0,0,1,1,0,0,0,0,0,0,0,2021,0,0,0,0,0,0,0,0.8985000252723694,0.0,5.0,0.0,0.0,0.0,0,1,0,0,0,0
NER,17403,174,3,2,2.0,1,0,0,0,0,0,0,0,0,0,0,0,2021,0,0,0,0,0,0,0,2.444944143295288,0.0,2.0,0.0,0.0,0.0,0,0,0,0,0,0
NER,17404,174,4,2,2.0,1,1,0,0,0,0,0,1,0,0,0,0,2021,0,0,0,0,0,0,0,4.383399963378906,0.0,2.0,0.0,0.0,16.0,0,0,0,0,0,0
NER,17405,174,5,2,2.0,1,0,0,0,0,0,0,0,0,0,0,0,2021,0,0,0,0,0,0,0,4.325139105319977,0.0,3.0,0.0,0.0,3.0,0,0,0,0,0,0
NER,17406,174,6,2,2.0,1,0,0,0,0,0,0,0,0,0,0,0,2021,0,0,0,0,0,0,0,6.517397880554199,1.0,3.0,0.0,0.0,3.0,0,0,0,0,0,1
NER,17407,174,7,2,2.0,1,0,0,0,0,0,0,0,0,0,0,0,2021,0,0,0,0,0,0,0,1.668431282043457,0.0,0.0,0.0,0.0,2.0,0,0,0,0,0,0
NER,17408,174,8,2,2.0,1,0,0,0,1,0,0,0,0,0,0,0,2021,0,0,0,0,0,0,0,4.389685034751892,0.0,4.0,0.0,0.0,6.0,0,0,0,0,0,0
NER,17409,174,9,2,2.0,0,0,0,0,0,0,0,0,0,0,0,0,2021,0,0,0,0,0,0,0,5.616199970245361,10.0,13.0,0.0,0.0,0.0,0,1,1,0,0,0
NER,17410,174,10,2,4.0,0,0,0,0,0,0,0,0,0,0,0,0,2021,0,0,0,0,0,0,0,0.4741194546222687,0.0,3.0,0.0,0.0,0.0,0,1,1,0,0,0
NER,17411,174,11,2,2.0,0,0,0,0,0,0,0,0,0,0,0,0,2021,0,0,0,0,0,0,0,1.3925000429153442,0.0,5.0,0.0,0.0,3.0,0,1,1,0,0,0
NER,17412,174,12,2,2.0,0,0,0,0,0,0,0,0,0,0,0,0,2021,0,0,0,0,0,0,0,0.6498000025749207,0.0,2.0,0.0,0.0,5.0,1,1,1,0,0,0
NER,17419,174,19,2,2.0,1,0,0,0,0,0,0,0,0,0,0,0,2021,0,0,0,0,0,0,0,1.6813000440597534,0.0,2.0,0.0,0.0,0.0,0,0,0,0,0,0
NER,17420,174,20,2,2.0,0,0,0,0,0,0,0,0,0,0,0,0,2021,0,0,0,0,0,0,0,4.736909866333008,2.0,6.0,0.0,0.0,0.0,0,0,0,0,0,0
NER,17501,175,1,1,2.0,0,0,0,0,0,0,0,0,0,0,0,0,2021,0,0,0,0,0,0,0,1.2533000111579895,1.0,6.0,0.0,0.0,0.0,0,0,0,0,0,0
NER,17502,175,2,1,2.0,0,0,0,0,0,0,0,0,0,0,0,0,2021,0,0,0,0,0,0,0,3.062999963760376,1.0,6.0,0.0,0.0,0.0,0,1,0,0,0,0
NER,17503,175,3,1,2.0,0,0,0,0,0,0,0,0,0,0,0,0,2021,0,0,0,0,0,0,0,0.420199990272522,0.0,10.0,0.0,0.0,0.0,0,1,0,0,0,0
NER,17504,175,4,1,2.0,0,1,0,0,0,0,0,0,1,0,0,0,2021,0,0,0,0,0,0,0,3.649899959564209,7.0,28.0,0.0,0.0,0.0,0,0,0,0,0,0
NER,17505,175,5,1,4.0,0,0,0,0,0,0,0,0,0,0,0,0,2021,0,0,0,0,0,0,0,1.0634000301361084,0.0,4.0,0.0,0.0,0.0,0,1,0,0,0,0
NER,17506,175,6,1,2.0,0,0,0,0,0,0,0,0,0,0,0,0,2021,0,0,0,0,0,0,0,1.3729000091552734,9.0,13.0,0.0,0.0,0.0,1,1,0,1,0,0
NER,17507,175,7,1,2.0,0,0,0,0,0,0,0,0,0,0,0,0,2021,0,0,0,0,0,0,0,0.6984999775886536,3.0,2.0,0.0,0.0,0.0,1,0,0,0,0,0
NER,17508,175,8,1,2.0,0,1,0,0,0,0,0,0,0,0,0,0,2021,0,0,0,0,0,0,0,1.2906000018119812,0.0,5.0,0.0,0.0,0.0,0,1,0,0,0,0
NER,17509,175,9,1,2.0,0,0,0,0,0,0,0,0,0,0,0,0,2021,0,0,0,0,0,0,0,5.829440116882324,1.0,11.0,0.0,0.0,5.0,0,1,0,0,0,0
NER,17510,175,10,1,4.0,0,0,0,0,0,0,0,0,0,0,0,0,2021,0,0,0,0,0,0,0,0.810699999332428,6.0,9.0,0.0,0.0,0.0,0,0,0,0,0,0
NER,17512,175,12,1,4.0,0,0,0,0,0,0,0,0,0,0,0,0,2021,0,0,0,0,0,0,0,,0.0,5.0,0.0,0.0,0.0,0,0,1,0,0,0
NER,17513,175,13,1,2.0,0,0,0,0,0,0,0,0,0,0,0,0,2021,0,0,0,0,0,0,0,3.342599868774414,2.0,3.0,0.0,0.0,0.0,0,0,0,0,0,0
NER,17601,176,1,2,2.0,1,0,0,0,0,0,0,0,0,0,0,0,2021,0,0,0,0,0,0,0,3.9736599922180176,2.0,4.0,0.0,0.0,0.0,0,0,0,0,0,0
NER,17602,176,2,2,2.0,1,0,0,0,0,0,0,0,0,0,0,0,2021,0,0,0,0,0,0,0,1.4903600215911865,0.0,1.0,0.0,0.0,0.0,0,0,0,0,0,0
NER,17603,176,3,2,2.0,1,0,0,0,0,0,0,0,0,0,0,0,2021,0,0,0,0,0,0,0,2.735640048980713,,,,,,0,0,0,0,0,0
NER,17604,176,4,2,2.0,1,0,0,0,0,0,0,0,0,0,0,0,2021,0,0,0,0,0,0,0,0.6564000248908997,1.0,7.0,0.0,0.0,0.0,0,0,0,0,0,0
NER,17605,176,5,2,2.0,1,0,0,0,0,0,0,0,0,0,0,0,2021,0,0,0,0,0,0,0,4.740950107574463,1.0,0.0,0.0,0.0,6.0,0,0,0,0,0,1
NER,17607,176,7,2,2.0,1,0,0,0,0,0,0,0,0,0,0,0,2021,0,0,0,0,0,0,0,2.8029000759124756,1.0,3.0,0.0,0.0,5.0,0,0,1,0,0,1
NER,17609,176,9,2,2.0,1,0,0,0,0,0,0,0,0,0,0,0,2021,0,0,0,0,0,0,0,13.095351696014404,0.0,4.0,0.0,0.0,15.0,0,0,0,0,0,1
NER,17610,176,10,2,2.0,0,0,0,0,0,0,0,0,0,0,0,0,2021,0,0,0,0,0,0,0,1.3939499855041504,0.0,1.0,0.0,0.0,0.0,0,1,1,0,0,0
NER,17611,176,11,2,2.0,0,0,0,0,0,0,0,0,0,0,0,0,2021,0,0,0,0,0,0,0,4.230599880218506,0.0,0.0,0.0,0.0,0.0,0,1,1,0,0,0
NER,17615,176,15,2,2.0,0,0,0,0,0,0,0,0,0,0,0,0,2021,0,0,0,0,0,0,0,1.7666311264038086,1.0,0.0,0.0,0.0,0.0,0,1,1,0,0,0
NER,17617,176,17,2,2.0,1,0,0,0,0,0,0,0,0,0,0,0,2021,0,0,0,0,0,0,0,3.9277530908584595,1.0,0.0,0.0,0.0,0.0,0,0,0,0,0,0
NER,17620,176,20,2,4.0,0,0,0,0,0,0,0,0,0,0,0,0,2021,0,0,0,0,0,0,0,2.420099973678589,0.0,8.0,0.0,0.0,0.0,0,1,1,0,0,0
NER,17702,177,2,1,2.0,0,0,0,0,0,0,0,0,0,0,0,0,2021,0,0,0,0,0,0,0,0.7609000205993652,4.0,6.0,0.0,0.0,0.0,0,1,0,0,0,0
NER,17703,177,3,1,2.0,0,0,0,0,0,0,0,0,0,0,0,0,2021,0,0,0,0,0,0,0,3.424399971961975,2.0,18.0,0.0,0.0,0.0,0,1,0,0,0,0
NER,17704,177,4,1,2.0,0,0,0,1,1,0,0,0,0,0,0,0,2021,0,0,0,0,0,0,0,,6.0,13.0,0.0,0.0,0.0,0,0,0,0,0,0
NER,17705,177,5,1,2.0,0,0,0,0,0,0,0,0,0,0,0,0,2021,0,0,0,0,0,0,0,1.6722999811172485,2.0,7.0,0.0,0.0,6.0,0,1,0,0,0,0
NER,17706,177,6,1,2.0,0,0,0,1,1,0,0,0,0,0,0,0,2021,0,0,0,0,0,0,0,1.464400053024292,4.0,13.0,0.0,0.0,0.0,0,1,0,0,0,0
NER,17707,177,7,1,2.0,0,0,0,0,0,0,0,0,0,0,0,0,2021,0,0,0,0,0,0,0,3.597499966621399,8.0,15.0,0.0,0.0,0.0,0,0,0,0,0,0
NER,17708,177,8,1,2.0,0,0,0,0,0,0,0,0,0,0,0,0,2021,0,0,0,0,0,0,0,1.3847999572753906,7.0,3.0,0.0,0.0,7.0,0,1,0,0,0,0
NER,17709,177,9,1,2.0,0,0,0,0,0,0,0,0,0,0,0,0,2021,0,0,0,0,0,0,0,0.83160001039505,2.0,6.0,0.0,0.0,0.0,0,1,0,0,0,0
NER,17710,177,10,1,2.0,0,0,0,0,0,0,0,0,0,0,0,0,2021,0,0,0,0,0,0,0,1.4622000455856323,5.0,12.0,0.0,0.0,0.0,0,0,0,0,0,0
NER,17711,177,11,1,2.0,0,0,0,0,0,0,0,0,0,0,0,0,2021,0,0,0,0,0,0,0,,5.0,9.0,0.0,0.0,0.0,1,0,0,0,0,0
NER,17712,177,12,1,4.0,0,0,0,0,0,0,0,0,0,0,0,0,2021,0,0,0,0,0,0,0,0.4359999895095825,2.0,4.0,0.0,0.0,0.0,0,1,0,0,0,0
NER,17724,177,24,1,2.0,0,0,0,0,0,0,0,0,0,0,0,0,2021,0,0,0,0,0,0,0,2.14520001411438,10.0,4.0,0.0,0.0,0.0,0,0,0,0,0,0
NER,17801,178,1,2,2.0,1,0,0,0,0,0,0,0,0,0,0,0,2021,0,0,0,0,0,0,0,3.6345999240875244,,,,,,0,0,0,0,0,0
NER,17802,178,2,2,2.0,1,0,0,0,0,0,0,0,0,0,0,0,2021,0,0,0,0,0,0,0,2.7509000301361084,,,,,,0,0,0,0,0,0
NER,17803,178,3,2,2.0,1,0,0,0,0,0,0,0,0,0,0,0,2021,0,0,0,0,0,0,0,1.9194999933242798,,,,,,0,0,0,0,0,0
NER,17804,178,4,2,2.0,1,0,0,0,0,0,0,0,0,0,0,0,2021,0,0,0,0,0,0,0,1.3891299962997437,,,,,,0,0,0,0,0,0
NER,17805,178,5,2,2.0,1,0,0,0,0,0,0,0,0,0,0,0,2021,0,0,0,0,0,0,0,4.09850001335144,0.0,3.0,0.0,0.0,0.0,0,0,0,0,0,1
NER,17806,178,6,2,2.0,0,0,0,0,0,0,0,0,0,0,0,0,2021,0,0,0,0,0,0,0,3.5540499687194824,0.0,0.0,0.0,0.0,10.0,0,0,0,0,0,1
NER,17807,178,7,2,2.0,1,0,0,0,0,0,0,0,0,0,0,0,2021,0,0,0,0,0,0,0,1.2324999570846558,0.0,1.0,0.0,0.0,5.0,0,0,0,0,0,0
NER,17808,178,8,2,2.0,0,0,0,0,0,0,0,0,0,0,0,0,2021,0,0,0,0,0,0,0,0.0,0.0,0.0,0.0,0.0,0.0,0,0,0,0,0,1
NER,17811,178,11,2,2.0,0,0,0,0,0,0,0,0,0,0,0,0,2021,0,0,0,0,0,0,0,1.652999997138977,0.0,0.0,0.0,0.0,5.0,0,0,1,0,0,0
NER,17812,178,12,2,2.0,0,0,0,0,0,0,0,0,0,0,0,0,2021,0,0,0,0,0,0,0,1.5211093425750732,2.0,2.0,0.0,0.0,0.0,0,0,1,0,0,0
NER,17817,178,17,2,2.0,0,0,0,0,0,0,0,0,0,0,0,0,2021,0,0,0,0,0,0,0,1.7490781545639038,0.0,2.0,0.0,0.0,0.0,0,0,1,0,0,0
NER,17822,178,22,2,2.0,0,0,0,0,0,0,0,0,0,0,0,0,2021,0,0,0,0,0,0,0,6.222599983215332,0.0,5.0,0.0,0.0,0.0,0,0,1,0,0,0
NER,17901,179,1,1,2.0,0,1,0,0,0,0,0,0,1,0,0,0,2021,0,0,0,0,0,0,0,2.710481286048889,4.0,6.0,0.0,0.0,0.0,0,0,0,0,0,0
NER,17902,179,2,1,2.0,0,0,0,1,1,0,0,0,0,0,0,0,2021,0,0,0,0,0,0,0,3.5322000980377197,1.0,2.0,0.0,0.0,0.0,0,1,0,0,0,0
NER,17903,179,3,1,4.0,0,0,0,1,1,0,0,0,0,0,0,0,2021,0,0,0,0,0,0,0,1.8826276063919067,0.0,1.0,0.0,0.0,0.0,0,0,0,0,0,0
NER,17904,179,4,1,2.0,0,1,0,1,1,0,0,0,0,0,0,0,2021,0,0,0,0,0,0,0,2.170250654220581,2.0,14.0,0.0,0.0,0.0,0,0,0,0,0,0
NER,17905,179,5,1,2.0,0,1,1,1,1,0,0,1,0,0,0,0,2021,0,0,0,0,0,0,0,3.1327000856399536,3.0,8.0,0.0,0.0,0.0,0,1,0,0,0,0
NER,17906,179,6,1,2.0,0,0,0,1,1,0,0,0,0,0,0,0,2021,0,0,0,0,0,0,0,1.4258428812026978,0.0,9.0,0.0,0.0,0.0,0,1,0,0,0,0
NER,17907,179,7,1,4.0,0,0,0,1,1,0,0,0,0,0,0,0,2021,0,0,0,0,0,0,0,2.2907795310020447,1.0,5.0,0.0,0.0,0.0,0,0,0,0,0,0
NER,17908,179,8,1,2.0,0,0,0,1,1,0,0,0,0,0,0,0,2021,0,0,0,0,0,0,0,4.315300107002258,3.0,7.0,0.0,0.0,0.0,0,1,0,0,0,0
NER,17909,179,9,1,2.0,0,0,0,1,1,0,0,0,0,0,0,0,2021,0,0,0,0,0,0,0,1.3081222772598267,1.0,5.0,0.0,0.0,11.0,0,1,0,0,0,0
NER,17910,179,10,1,2.0,0,1,0,1,1,0,0,0,0,0,0,0,2021,0,0,0,0,0,0,0,1.4660128355026245,4.0,9.0,0.0,0.0,0.0,0,0,0,0,0,0
NER,17911,179,11,1,4.0,1,1,0,1,1,0,0,0,0,0,0,0,2021,0,0,0,0,0,0,0,1.0184999704360962,2.0,6.0,0.0,0.0,0.0,0,1,0,0,0,0
NER,17912,179,12,1,2.0,0,0,0,1,1,0,0,0,0,0,0,0,2021,0,0,0,0,0,0,0,,0.0,4.0,0.0,0.0,0.0,0,0,0,0,0,0
NER,18001,180,1,2,2.0,1,0,0,0,0,0,0,0,0,0,0,0,2021,0,0,0,0,0,0,0,0.8435999751091003,0.0,5.0,0.0,0.0,5.0,0,1,1,0,0,0
NER,18002,180,2,2,2.0,1,0,0,0,0,0,0,0,0,0,0,0,2021,0,0,0,0,0,0,0,1.0191999673843384,0.0,5.0,0.0,0.0,2.0,1,0,0,0,0,0
NER,18003,180,3,2,2.0,1,0,0,0,0,0,0,0,0,0,0,0,2021,0,0,0,0,0,0,0,0.2922999858856201,1.0,0.0,0.0,0.0,2.0,1,0,0,0,0,0
NER,18004,180,4,2,2.0,1,0,0,0,0,0,0,0,0,0,0,0,2021,0,0,0,0,0,0,0,1.3996999859809875,0.0,3.0,0.0,0.0,4.0,0,0,1,0,0,0
NER,18005,180,5,2,2.0,1,0,0,0,0,0,0,0,0,0,0,0,2021,0,0,0,0,0,0,0,3.1839000582695007,3.0,8.0,0.0,0.0,9.0,0,1,0,0,1,0
NER,18007,180,7,2,2.0,1,0,0,1,1,0,0,0,0,0,0,0,2021,0,0,0,0,0,0,0,1.9882999658584595,1.0,4.0,0.0,0.0,0.0,0,1,0,0,0,0
NER,18009,180,9,2,2.0,1,0,0,0,0,0,0,0,0,0,0,0,2021,0,0,0,0,0,0,0,1.3860000371932983,1.0,6.0,0.0,0.0,2.0,0,1,0,0,0,0
NER,18010,180,10,2,2.0,1,0,0,1,1,0,0,0,0,0,0,0,2021,0,0,0,0,0,0,0,1.4036999940872192,1.0,3.0,0.0,0.0,4.0,0,1,0,0,0,0
NER,18011,180,11,2,2.0,0,0,0,0,0,0,0,0,0,0,0,0,2021,0,0,0,0,0,0,0,1.8021999597549438,0.0,2.0,0.0,0.0,0.0,0,1,0,1,0,0
NER,18012,180,12,2,2.0,0,0,0,0,0,0,0,0,0,0,0,0,2021,0,0,0,0,0,0,0,1.4749000072479248,0.0,7.0,0.0,0.0,10.0,1,1,0,0,0,0
NER,18014,180,14,2,2.0,0,0,0,0,0,0,0,0,0,0,0,0,2021,0,0,0,0,0,0,0,0.7523000240325928,,,,,,0,1,0,0,0,0
NER,18016,180,16,2,2.0,0,0,0,0,0,0,0,0,0,0,0,0,2021,0,0,0,0,0,0,0,0.6934999823570251,3.0,7.0,0.0,0.0,0.0,1,1,0,0,0,0
NER,18101,181,1,1,4.0,0,0,0,0,0,0,0,0,0,0,0,0,2021,0,0,0,0,0,0,0,1.3645000457763672,8.0,12.0,0.0,0.0,0.0,0,0,0,0,0,0
NER,18102,181,2,1,2.0,0,0,0,0,0,0,0,0,0,0,0,0,2021,0,0,0,0,0,0,0,1.521299958229065,6.0,9.0,0.0,0.0,5.0,0,1,0,0,0,0
NER,18103,181,3,1,2.0,0,0,0,0,0,0,0,0,0,0,0,0,2021,0,0,0,0,0,0,0,2.056299924850464,8.0,6.0,0.0,0.0,15.0,0,1,0,0,0,0
NER,18104,181,4,1,4.0,0,0,0,0,0,0,0,0,0,0,0,0,2021,0,0,0,0,0,0,0,0.9926999807357788,7.0,13.0,0.0,0.0,0.0,0,0,0,0,0,0
NER,18105,181,5,1,2.0,0,0,0,0,0,0,0,0,0,0,0,0,2021,0,0,0,0,0,0,0,1.0,8.0,11.0,0.0,0.0,0.0,0,1,0,0,0,0
NER,18106,181,6,1,2.0,0,0,0,0,0,0,0,0,0,0,0,0,2021,0,0,0,0,0,0,0,2.0774999856948853,6.0,8.0,0.0,0.0,0.0,0,1,0,0,0,0
NER,18107,181,7,1,2.0,0,0,0,0,0,0,0,0,0,0,0,0,2021,0,0,0,0,0,0,0,1.8562999963760376,9.0,4.0,0.0,0.0,0.0,0,0,0,0,0,0
NER,18108,181,8,1,2.0,0,0,0,0,0,0,0,0,0,0,0,0,2021,0,0,0,0,0,0,0,2.751199960708618,4.0,12.0,0.0,0.0,25.0,0,1,0,0,0,0
NER,18109,181,9,1,2.0,0,0,0,0,0,0,0,0,0,0,0,0,2021,0,0,0,0,0,0,0,1.7252000570297241,8.0,12.0,0.0,0.0,0.0,0,1,0,0,0,0
NER,18110,181,10,1,2.0,0,0,0,0,0,0,0,0,0,0,0,0,2021,0,0,0,0,0,0,0,3.2858000993728638,9.0,11.0,0.0,0.0,3.0,0,0,0,0,0,0
NER,18111,181,11,1,4.0,0,0,0,0,0,0,0,0,0,0,0,0,2021,0,0,0,0,0,0,0,3.3213999271392822,6.0,13.0,0.0,0.0,0.0,0,1,0,0,0,0
NER,18112,181,12,1,2.0,0,0,0,0,0,0,0,0,0,0,0,0,2021,0,0,0,0,0,0,0,2.255000114440918,12.0,10.0,0.0,0.0,15.0,0,1,0,0,0,0
NER,18201,182,1,2,2.0,0,0,0,0,0,0,0,0,0,0,0,0,2021,0,0,0,0,0,0,0,2.814500093460083,3.0,6.0,0.0,0.0,3.0,1,0,0,1,0,0
NER,18202,182,2,2,2.0,0,0,0,0,0,0,0,0,0,0,0,0,2021,0,0,0,0,0,0,0,7.605400085449219,3.0,12.0,0.0,0.0,15.0,0,0,0,0,0,0
NER,18203,182,3,2,2.0,0,0,0,0,0,0,0,0,0,0,0,0,2021,0,0,0,0,0,0,0,4.904399871826172,4.0,10.0,0.0,0.0,12.0,0,0,0,1,0,0
NER,18204,182,4,2,2.0,0,0,0,0,0,0,0,0,0,0,0,0,2021,0,0,0,0,0,0,0,1.704200029373169,3.0,6.0,0.0,0.0,22.0,0,0,0,1,0,0
NER,18205,182,5,2,2.0,0,0,0,1,1,0,0,0,0,0,0,0,2021,0,0,0,0,0,0,0,3.838900089263916,3.0,12.0,0.0,0.0,17.0,1,1,1,1,0,0
NER,18206,182,6,2,2.0,0,0,0,0,0,0,0,0,0,0,0,0,2021,0,0,0,0,0,0,0,0.43220001459121704,0.0,1.0,0.0,0.0,10.0,1,1,1,0,0,0
NER,18207,182,7,2,2.0,0,0,0,0,0,0,0,0,0,0,0,0,2021,0,0,0,0,0,0,0,1.101199984550476,0.0,3.0,0.0,0.0,3.0,1,1,0,0,1,0
NER,18208,182,8,2,2.0,0,0,0,0,0,0,0,0,0,0,0,0,2021,0,0,0,0,0,0,0,1.482100009918213,2.0,2.0,0.0,0.0,6.0,0,1,1,0,0,0
NER,18209,182,9,2,4.0,0,0,0,0,0,0,0,0,0,0,0,0,2021,0,0,0,0,0,0,0,1.2129000425338745,8.0,0.0,0.0,0.0,0.0,0,0,0,0,0,0
NER,18210,182,10,2,2.0,0,0,0,0,0,0,0,0,0,0,0,0,2021,0,0,0,0,0,0,0,1.3181999921798706,3.0,5.0,0.0,0.0,0.0,0,0,0,0,0,0
NER,18211,182,11,2,2.0,0,0,0,1,1,0,0,0,0,0,0,0,2021,0,0,0,0,0,0,0,1.4183000326156616,10.0,7.0,0.0,0.0,0.0,0,0,0,0,0,0
NER,18212,182,12,2,4.0,0,0,0,0,0,0,0,0,0,0,0,0,2021,0,0,0,0,0,0,0,1.0528000593185425,,,,,,0,1,0,0,0,0
NER,18301,183,1,1,2.0,0,0,0,1,1,1,1,0,0,0,0,0,2021,0,0,0,0,0,0,0,3.5213000178337097,1.0,7.0,0.0,0.0,0.0,0,0,0,0,0,0
NER,18302,183,2,1,2.0,0,0,0,1,1,0,0,0,0,0,0,0,2021,0,0,0,0,0,0,0,1.5170999765396118,3.0,2.0,0.0,0.0,0.0,0,0,0,0,0,0
NER,18303,183,3,1,2.0,0,0,0,1,1,0,0,0,0,0,0,0,2021,0,0,0,0,0,0,0,3.5125999748706818,1.0,22.0,0.0,0.0,0.0,0,0,0,0,0,0
NER,18305,183,5,1,2.0,0,0,0,1,1,0,0,0,0,0,0,0,2021,0,0,0,0,0,0,0,9.170400142669678,8.0,20.0,0.0,0.0,0.0,0,0,0,0,0,0
NER,18306,183,6,1,2.0,0,0,0,1,1,0,0,0,0,0,0,0,2021,0,0,0,0,0,0,0,1.0871999859809875,1.0,2.0,0.0,0.0,0.0,0,0,0,0,0,0
NER,18307,183,7,1,2.0,0,0,0,1,1,0,0,0,0,0,0,0,2021,0,0,0,0,0,0,0,1.5686999559402466,2.0,6.0,0.0,0.0,0.0,0,0,0,0,0,0
NER,18308,183,8,1,4.0,0,0,0,1,1,0,0,0,0,0,0,0,2021,0,0,0,0,0,0,0,0.8935999870300293,3.0,11.0,0.0,0.0,0.0,0,0,0,0,0,0
NER,18309,183,9,1,2.0,0,0,0,1,1,0,0,0,0,0,0,0,2021,0,0,0,0,0,0,0,1.8056999742984772,2.0,6.0,0.0,0.0,20.0,0,0,0,0,0,0
NER,18310,183,10,1,2.0,0,0,0,1,1,1,1,0,0,0,0,0,2021,0,0,0,0,0,0,0,1.3463000059127808,0.0,3.0,0.0,0.0,0.0,0,0,0,0,0,0
NER,18311,183,11,1,2.0,0,0,0,0,0,0,0,0,0,0,0,0,2021,0,0,0,0,0,0,0,1.513200044631958,4.0,5.0,0.0,0.0,0.0,0,0,0,0,0,0
NER,18312,183,12,1,2.0,1,0,0,1,1,0,0,0,0,0,0,0,2021,0,0,0,0,0,0,0,0.6378999948501587,,,,,,1,1,0,0,0,0
NER,18313,183,13,1,2.0,0,0,0,1,1,1,1,0,0,0,0,0,2021,0,0,0,0,0,0,0,1.992400050163269,1.0,2.0,0.0,0.0,0.0,0,0,0,0,0,0
NER,18401,184,1,2,4.0,1,1,1,1,1,1,1,0,0,1,1,0,2021,1,0,1,0,0,0,0,0.5631999969482422,,,,,,0,0,0,0,0,0
NER,18402,184,2,2,1.0,1,0,1,1,1,1,1,0,1,1,0,0,2021,0,0,0,0,0,0,0,7.0396000146865845,1.0,12.0,0.0,0.0,0.0,0,0,0,0,0,0
NER,18403,184,3,2,4.0,1,0,1,1,1,0,1,0,1,0,0,0,2021,1,0,0,0,0,1,0,2.2852999567985535,0.0,2.0,0.0,0.0,0.0,1,0,0,0,0,0
NER,18404,184,4,2,3.0,1,0,1,1,1,0,1,0,1,0,0,0,2021,1,0,0,0,0,1,0,,,,,,,0,0,0,0,0,0
NER,18405,184,5,2,2.0,1,1,0,1,1,1,1,0,0,0,0,0,2021,0,0,0,0,0,0,0,3.8350000381469727,1.0,3.0,0.0,0.0,0.0,0,1,0,0,0,0
NER,18408,184,8,2,4.0,0,1,0,1,1,0,0,0,0,0,0,0,2021,0,0,0,0,0,0,0,4.221500098705292,1.0,3.0,0.0,0.0,0.0,0,1,1,1,0,0
NER,18409,184,9,2,1.0,1,0,0,1,1,0,0,0,0,0,0,0,2021,0,0,0,0,0,0,0,1.947100043296814,,,,,,0,0,0,0,0,0
NER,18412,184,12,2,1.0,1,0,0,1,1,1,1,0,0,0,0,0,2021,1,0,0,0,0,0,0,1.455399990081787,,,,,,0,0,0,0,0,0
NER,18417,184,17,2,4.0,1,0,0,1,1,0,0,0,0,0,0,0,2021,0,0,0,0,0,0,0,,,,,,,0,0,0,0,0,0
NER,18422,184,22,2,2.0,0,1,0,1,1,1,1,0,0,0,0,0,2021,0,0,0,0,0,0,0,6.254600167274475,2.0,3.0,0.0,0.0,0.0,0,1,1,0,0,0
NER,18423,184,23,2,1.0,1,1,1,1,1,1,1,0,0,0,0,0,2021,1,0,1,0,0,0,0,4.257973074913025,0.0,0.0,0.0,0.0,0.0,0,1,0,1,0,0
NER,18424,184,24,2,4.0,1,0,0,1,1,0,0,0,0,0,0,0,2021,0,0,0,0,0,0,0,,,,,,,0,0,0,0,0,0
NER,18501,185,1,1,2.0,0,0,0,1,1,0,0,0,0,0,0,0,2021,0,0,0,0,0,0,0,0.8870999813079834,0.0,3.0,0.0,0.0,0.0,0,0,0,0,0,0
NER,18502,185,2,1,2.0,0,0,0,0,0,1,1,0,0,0,1,0,2021,0,0,0,0,0,0,0,3.286300003528595,2.0,2.0,0.0,0.0,0.0,0,0,0,0,0,0
NER,18503,185,3,1,2.0,0,0,0,1,1,0,1,0,0,0,0,0,2021,0,0,0,0,0,0,0,1.3646999597549438,0.0,2.0,0.0,0.0,0.0,0,1,0,0,0,0
NER,18504,185,4,1,4.0,0,0,0,0,0,0,0,0,0,0,0,0,2021,0,0,0,0,0,0,0,0.5652999877929688,4.0,0.0,0.0,0.0,0.0,0,0,0,0,0,0
NER,18505,185,5,1,2.0,0,0,0,0,0,0,0,0,0,0,1,0,2021,0,0,0,0,0,0,0,,,,,,,1,0,0,0,0,0
NER,18506,185,6,1,2.0,0,0,0,1,1,1,1,0,0,0,0,0,2021,0,0,0,0,0,0,0,1.1934000253677368,1.0,4.0,0.0,0.0,7.0,0,0,0,0,0,0
NER,18507,185,7,1,4.0,0,0,0,1,1,0,1,0,0,0,0,0,2021,0,0,0,0,0,0,0,0.34700000286102295,,,,,,0,0,0,0,0,0
NER,18508,185,8,1,2.0,0,0,0,1,1,1,1,0,0,0,0,0,2021,0,0,0,0,0,0,0,0.5882000029087067,0.0,9.0,0.0,0.0,0.0,0,0,0,0,0,0
NER,18509,185,9,1,2.0,0,0,0,1,1,0,1,0,0,0,0,0,2021,0,0,0,0,0,0,0,0.565500020980835,0.0,2.0,0.0,0.0,0.0,0,0,0,0,0,0
NER,18510,185,10,1,4.0,1,0,0,1,1,0,0,0,0,0,0,0,2021,0,0,0,0,0,0,0,0.6449999809265137,0.0,9.0,0.0,0.0,0.0,0,0,0,0,0,0
NER,18511,185,11,1,2.0,0,0,0,1,1,0,1,0,0,0,1,0,2021,0,0,0,0,0,0,0,0.9312999844551086,1.0,0.0,0.0,0.0,0.0,0,0,0,0,0,0
NER,18512,185,12,1,2.0,0,0,0,1,1,0,1,0,0,0,0,0,2021,0,0,0,0,0,0,0,0.5181000232696533,,,,,,0,0,0,0,0,0
NER,18601,186,1,2,4.0,1,0,0,1,1,0,0,0,0,0,0,0,2021,0,0,0,0,0,0,0,0.7759999930858612,,,,,,0,0,0,0,0,0
NER,18602,186,2,2,2.0,1,1,0,1,1,0,0,0,0,0,0,0,2021,0,0,0,0,0,0,0,3.5106998682022095,1.0,5.0,0.0,0.0,6.0,0,0,0,0,0,0
NER,18603,186,3,2,4.0,1,0,0,1,1,0,0,0,0,0,0,0,2021,0,0,0,0,0,0,0,1.9810999631881714,,,,,,0,0,0,0,0,0
NER,18604,186,4,2,4.0,1,0,0,1,1,0,0,0,0,0,0,0,2021,0,0,0,0,0,0,0,1.7238000631332397,0.0,2.0,0.0,0.0,0.0,0,0,0,0,0,0
NER,18605,186,5,2,2.0,0,0,0,1,1,0,0,0,0,0,0,0,2021,0,0,0,0,0,0,0,4.993248999118805,2.0,7.0,0.0,0.0,12.0,0,1,0,0,0,0
NER,18606,186,6,2,2.0,0,0,0,1,1,0,0,0,0,0,0,0,2021,0,0,0,0,0,0,0,1.0778999775648117,,,,,,0,1,0,1,0,0
NER,18607,186,7,2,2.0,0,0,0,1,1,0,0,0,0,0,0,0,2021,0,0,0,0,0,0,0,2.302199959754944,,,,,,1,1,0,0,0,0
NER,18608,186,8,2,4.0,0,0,0,1,1,0,0,0,0,0,0,0,2021,0,0,0,0,0,0,0,2.7407000362873077,0.0,3.0,0.0,0.0,0.0,0,0,0,0,0,1
NER,18609,186,9,2,2.0,1,0,0,1,1,0,0,0,0,0,0,0,2021,0,0,0,0,0,0,0,1.1339000463485718,0.0,4.0,0.0,0.0,0.0,0,0,0,0,1,0
NER,18610,186,10,2,2.0,1,0,0,1,1,0,0,0,0,0,0,0,2021,0,0,0,0,0,0,0,0.2800999879837036,,,,,,0,0,0,0,0,0
NER,18611,186,11,2,2.0,0,0,0,1,1,0,0,0,0,0,0,0,2021,0,0,0,0,0,0,0,2.2460999488830566,,,,,,0,0,0,0,0,0
NER,18612,186,12,2,2.0,0,0,0,1,1,0,0,0,0,0,0,0,2021,0,0,0,0,0,0,0,2.8332000970840454,,,,,,0,0,0,0,0,0
NER,18701,187,1,1,2.0,0,0,0,1,1,0,0,1,0,0,0,0,2021,0,0,0,0,0,0,0,1.9112811237573624,,,,,,0,0,0,0,0,0
NER,18702,187,2,1,2.0,0,1,1,1,1,0,0,1,0,0,0,0,2021,0,0,0,0,0,0,0,3.5676000714302063,3.0,14.0,0.0,0.0,10.0,0,0,0,0,0,0
NER,18703,187,3,1,2.0,0,1,1,1,1,0,0,0,0,0,0,0,2021,0,0,0,0,0,0,0,1.3023000359535217,0.0,1.0,0.0,0.0,0.0,0,1,0,0,0,0
NER,18704,187,4,1,2.0,0,0,0,1,1,0,0,1,0,0,0,0,2021,0,0,0,0,0,0,0,1.873300015926361,1.0,0.0,0.0,0.0,0.0,0,0,0,0,0,0
NER,18705,187,5,1,2.0,0,0,0,1,1,0,0,0,0,0,0,0,2021,0,0,0,0,0,0,0,6.877779245376587,3.0,5.0,0.0,0.0,4.0,0,1,0,0,0,0
NER,18706,187,6,1,2.0,0,0,0,1,1,0,0,0,0,0,0,0,2021,0,0,0,0,0,0,0,4.746668219566345,2.0,19.0,0.0,0.0,7.0,0,0,0,0,0,0
NER,18707,187,7,1,2.0,0,0,0,1,1,0,0,0,0,0,0,0,2021,0,0,0,0,0,0,0,1.6650117635726929,0.0,3.0,0.0,0.0,0.0,0,0,0,0,0,0
NER,18708,187,8,1,2.0,0,0,0,1,1,0,0,0,0,0,0,0,2021,0,0,0,0,0,0,0,2.139999955892563,4.0,6.0,0.0,0.0,4.0,0,0,0,0,0,0
NER,18709,187,9,1,2.0,0,0,0,1,1,0,0,1,0,0,0,0,2021,0,0,0,0,0,0,0,4.898750424385071,3.0,7.0,0.0,0.0,12.0,0,1,0,0,0,1
NER,18710,187,10,1,2.0,0,0,0,1,1,0,0,0,0,0,0,0,2021,0,0,0,0,0,0,0,,0.0,10.0,0.0,0.0,0.0,0,0,0,0,0,0
NER,18711,187,11,1,2.0,0,0,0,1,1,0,0,1,0,0,0,0,2021,0,0,0,0,0,0,0,2.6635000705718994,1.0,4.0,0.0,0.0,11.0,0,0,0,0,0,0
NER,18712,187,12,1,2.0,0,0,0,1,1,0,0,0,0,0,0,0,2021,0,0,0,0,0,0,0,2.09947407245636,0.0,2.0,0.0,0.0,1.0,0,1,0,0,0,0
NER,18802,188,2,2,2.0,1,1,1,0,1,0,0,0,0,0,0,0,2021,0,0,0,0,0,0,0,1.0942000150680542,0.0,3.0,0.0,0.0,0.0,0,0,0,0,0,0
NER,18803,188,3,2,4.0,1,0,0,0,1,0,0,0,0,0,0,0,2021,0,0,0,0,0,0,0,0.8055999875068665,0.0,3.0,0.0,0.0,0.0,0,0,0,0,0,0
NER,18804,188,4,2,4.0,1,0,0,0,0,0,0,0,0,0,0,0,2021,0,0,0,0,0,0,0,0.7704000174999237,0.0,5.0,0.0,0.0,0.0,0,0,0,0,0,0
NER,18805,188,5,2,2.0,1,0,0,0,0,0,0,0,0,0,0,0,2021,0,0,0,0,0,0,0,1.3035000562667847,0.0,4.0,0.0,0.0,6.0,0,0,0,0,0,0
NER,18806,188,6,2,2.0,0,0,0,1,1,0,0,0,0,0,0,0,2021,0,0,0,0,0,0,0,1.676200032234192,3.0,5.0,0.0,0.0,3.0,1,1,0,1,0,0
NER,18807,188,7,2,2.0,0,1,0,0,0,0,0,0,0,0,0,0,2021,0,0,0,0,0,0,0,0.5446000099182129,0.0,9.0,0.0,0.0,0.0,1,1,0,0,0,0
NER,18808,188,8,2,2.0,0,0,0,1,1,0,0,0,0,0,0,0,2021,0,0,0,0,0,0,0,0.6538000106811523,2.0,0.0,0.0,0.0,4.0,1,1,0,0,0,1
NER,18809,188,9,2,2.0,0,0,0,1,1,0,0,0,0,0,0,0,2021,0,0,0,0,0,0,0,1.597599983215332,0.0,8.0,0.0,0.0,0.0,0,1,0,1,0,0
NER,18810,188,10,2,2.0,0,0,0,1,1,0,0,0,0,0,0,0,2021,0,0,0,0,0,0,0,1.99919992685318,1.0,5.0,0.0,0.0,0.0,0,0,0,0,0,0
NER,18811,188,11,2,2.0,0,0,0,1,1,0,0,0,0,0,0,0,2021,0,0,0,0,0,0,0,0.6802999973297119,,,,,,0,0,0,0,0,0
NER,18812,188,12,2,2.0,0,0,0,0,0,0,0,0,0,0,0,0,2021,0,0,0,0,0,0,0,3.9939000606536865,0.0,7.0,0.0,0.0,0.0,0,0,0,0,0,0
NER,18815,188,15,2,4.0,0,0,0,0,0,0,0,0,0,0,0,0,2021,0,0,0,0,0,0,0,,1.0,0.0,0.0,0.0,0.0,0,0,0,0,0,0
NER,18901,189,1,1,2.0,1,0,0,1,1,0,0,0,0,0,0,0,2021,0,0,0,0,0,0,0,,,,,,,0,0,0,0,0,0
NER,18902,189,2,1,4.0,1,1,0,0,0,0,0,0,0,0,0,0,2021,0,0,0,0,0,0,0,2.806599974632263,4.0,36.0,0.0,0.0,0.0,0,1,0,0,0,0
NER,18903,189,3,1,2.0,0,0,0,0,0,0,0,0,0,0,0,0,2021,0,0,0,0,0,0,0,0.8930000066757202,,,,,,0,1,0,0,0,0
NER,18904,189,4,1,4.0,0,0,0,0,0,0,0,0,0,0,0,0,2021,0,0,0,0,0,0,0,3.075200080871582,3.0,10.0,0.0,0.0,0.0,0,0,0,1,0,0
NER,18905,189,5,1,2.0,1,0,0,0,0,0,0,0,0,0,0,0,2021,0,0,0,0,0,0,0,0.4092999994754791,,,,,,0,1,0,0,0,0
NER,18906,189,6,1,2.0,0,0,0,0,0,0,0,0,0,0,0,0,2021,0,0,0,0,0,0,0,1.055999994277954,2.0,0.0,0.0,0.0,0.0,1,1,0,0,0,0
NER,18907,189,7,1,4.0,1,0,0,1,1,0,0,0,1,0,0,0,2021,0,0,0,0,0,0,0,0.9063000082969666,1.0,1.0,0.0,0.0,0.0,0,0,0,0,0,0
NER,18908,189,8,1,4.0,1,0,0,0,0,0,0,0,0,0,0,0,2021,0,0,0,0,0,0,0,,0.0,4.0,0.0,0.0,0.0,0,0,1,0,0,0
NER,18909,189,9,1,2.0,0,0,0,1,1,0,0,0,0,0,0,0,2021,0,0,0,0,0,0,0,0.8531000018119812,0.0,3.0,0.0,0.0,1.0,1,1,0,0,0,0
NER,18910,189,10,1,4.0,0,0,0,0,0,0,0,0,1,0,0,0,2021,0,0,0,0,0,0,0,2.862299919128418,1.0,1.0,0.0,0.0,0.0,0,0,0,0,0,0
NER,18911,189,11,1,4.0,1,0,0,1,1,0,0,0,0,0,0,0,2021,0,0,0,0,0,0,0,0.9409999847412109,0.0,6.0,0.0,0.0,20.0,0,1,0,0,0,0
NER,18912,189,12,1,2.0,0,0,0,0,0,0,0,0,0,0,0,0,2021,0,0,0,0,0,0,0,2.315000057220459,5.0,16.0,0.0,0.0,0.0,0,1,0,0,0,0
NER,19001,190,1,2,1.0,1,1,1,1,1,0,1,0,0,1,1,1,2021,0,0,0,0,0,0,0,1.1899999678134918,0.0,6.0,0.0,0.0,20.0,1,1,0,0,0,0
NER,19002,190,2,2,2.0,1,1,1,1,1,0,1,0,0,1,0,0,2021,0,0,0,0,0,0,0,,,,,,,0,1,0,0,0,0
NER,19004,190,4,2,2.0,1,1,1,1,1,0,0,0,1,1,0,0,2021,0,0,0,0,0,0,0,0.7600000202655792,1.0,6.0,0.0,0.0,14.0,0,0,1,1,0,0
NER,19005,190,5,2,1.0,1,0,0,1,1,1,1,0,0,1,1,0,2021,0,0,0,0,0,0,0,1.7132380604743958,1.0,3.0,0.0,0.0,0.0,1,1,0,1,0,0
NER,19006,190,6,2,1.0,1,0,0,1,1,1,1,0,0,1,1,0,2021,0,0,0,0,0,0,0,4.077480852603912,0.0,15.0,0.0,0.0,0.0,1,1,0,1,0,0
NER,19007,190,7,2,1.0,1,0,0,1,1,0,0,0,0,0,0,0,2021,0,0,0,0,0,0,0,1.2558128237724304,0.0,3.0,0.0,0.0,0.0,1,0,0,0,0,0
NER,19008,190,8,2,4.0,1,0,0,1,1,0,1,0,0,0,0,0,2021,0,0,0,0,0,0,0,1.4300000071525574,0.0,5.0,0.0,0.0,0.0,0,1,0,1,0,0
NER,19009,190,9,2,2.0,1,1,1,1,1,1,1,0,0,1,1,0,2021,0,0,0,0,0,0,0,,0.0,0.0,0.0,0.0,40.0,0,0,0,0,0,0
NER,19010,190,10,2,4.0,1,1,1,1,1,1,1,0,0,1,1,0,2021,0,0,0,0,0,0,0,0.7300000190734863,0.0,2.0,0.0,0.0,0.0,1,1,0,1,0,0
NER,19011,190,11,2,2.0,1,1,0,1,1,0,0,0,0,0,0,0,2021,0,0,0,0,0,0,0,0.5299999713897705,1.0,6.0,0.0,0.0,6.0,1,1,0,0,0,0
NER,19012,190,12,2,4.0,1,1,1,1,1,0,1,0,0,0,0,0,2021,0,0,0,0,0,0,0,,,,,,,0,0,0,1,0,0
NER,19024,190,24,2,2.0,1,0,0,1,1,0,0,0,0,1,1,0,2021,0,0,0,0,0,0,0,,0.0,5.0,0.0,0.0,0.0,0,1,0,1,0,0
NER,19101,191,1,1,2.0,1,1,1,1,1,0,0,0,1,0,0,0,2021,0,0,0,0,0,0,0,,,,,,,0,0,1,0,0,1
NER,19102,191,2,1,1.0,1,1,1,1,1,0,0,0,0,0,0,0,2021,0,0,0,0,0,0,0,,,,,,,0,0,0,0,0,0
NER,19103,191,3,1,4.0,1,0,1,1,1,0,1,0,0,0,0,0,2021,0,0,0,0,0,0,0,,0.0,2.0,0.0,0.0,0.0,0,0,0,1,0,0
NER,19105,191,5,1,4.0,1,1,1,1,1,0,0,0,0,0,0,0,2021,0,0,0,0,0,0,0,,,,,,,1,0,0,1,0,0
NER,19107,191,7,1,4.0,1,1,1,1,1,0,0,1,0,0,0,0,2021,0,0,0,0,0,0,0,,,,,,,0,0,0,0,0,0
NER,19108,191,8,1,3.0,1,1,1,1,1,0,0,0,1,0,0,0,2021,0,0,0,0,0,0,0,,,,,,,0,0,0,0,0,0
NER,19110,191,10,1,3.0,1,1,1,1,1,0,1,0,0,0,0,0,2021,0,0,0,0,0,0,0,,,,,,,0,0,0,0,0,0
NER,19112,191,12,1,1.0,1,1,1,1,1,1,1,0,1,0,0,0,2021,1,0,0,0,0,1,0,,0.0,3.0,0.0,0.0,0.0,1,1,0,0,0,0
NER,19113,191,13,1,4.0,1,1,1,1,1,0,1,0,0,0,0,0,2021,0,0,0,0,0,0,0,,,,,,,0,0,0,1,0,0
NER,19114,191,14,1,1.0,1,0,1,1,1,0,0,0,0,0,0,0,2021,0,0,0,0,0,0,0,,,,,,,0,1,0,0,0,0
NER,19118,191,18,1,2.0,1,1,1,1,1,0,0,0,0,0,0,0,2021,0,0,0,0,0,0,0,,,,,,,1,0,0,0,0,0
NER,19119,191,19,1,2.0,1,0,1,1,1,0,0,0,1,0,0,0,2021,0,0,0,0,0,0,0,,,,,,,0,0,0,0,0,0
NER,19201,192,1,2,2.0,1,0,0,1,1,0,0,0,0,1,1,1,2021,0,0,0,0,0,0,0,2.764300048351288,2.0,6.0,0.0,0.0,0.0,0,0,0,1,0,0
NER,19202,192,2,2,2.0,1,0,0,1,1,0,0,0,0,0,0,0,2021,0,0,0,0,0,0,0,2.7672998905181885,2.0,2.0,0.0,0.0,0.0,0,0,0,0,0,0
NER,19203,192,3,2,2.0,1,0,0,1,1,0,0,0,0,1,1,0,2021,0,0,0,0,0,0,0,3.2933000326156616,2.0,7.0,0.0,0.0,0.0,0,0,0,0,0,0
NER,19204,192,4,2,2.0,1,0,0,1,1,0,0,0,0,0,0,0,2021,0,0,0,0,0,0,0,0.9656999707221985,0.0,5.0,0.0,0.0,0.0,0,0,0,0,0,0
NER,19205,192,5,2,4.0,1,0,0,1,1,0,0,0,0,0,0,0,2021,0,0,0,0,0,0,0,2.2069451808929443,2.0,8.0,0.0,0.0,0.0,1,0,0,1,0,0
NER,19206,192,6,2,1.0,1,0,0,1,1,0,0,0,0,0,0,0,2021,0,0,0,0,0,0,0,3.28139990568161,1.0,2.0,0.0,0.0,0.0,0,0,1,1,0,0
NER,19207,192,7,2,4.0,1,0,0,1,1,0,0,0,0,0,0,0,2021,0,0,0,0,0,0,0,10.368274688720703,10.0,25.0,0.0,0.0,0.0,1,0,0,1,0,0
NER,19208,192,8,2,2.0,1,0,0,1,1,0,0,0,0,0,0,0,2021,0,0,0,0,0,0,0,2.09507417678833,2.0,1.0,0.0,0.0,0.0,1,0,0,0,0,0
NER,19209,192,9,2,2.0,1,0,0,1,1,0,0,0,0,0,0,0,2021,0,0,0,0,0,0,0,2.4804913997650146,0.0,3.0,0.0,0.0,7.0,1,1,0,0,0,0
NER,19210,192,10,2,2.0,0,0,0,1,1,0,0,0,0,0,0,0,2021,0,0,0,0,0,0,0,4.699999809265137,1.0,7.0,0.0,0.0,8.0,0,1,0,0,0,0
NER,19211,192,11,2,2.0,1,0,0,1,1,0,0,0,0,0,0,0,2021,0,0,0,0,0,0,0,2.3059887886047363,1.0,2.0,0.0,0.0,8.0,0,1,1,1,0,0
NER,19219,192,19,2,4.0,1,0,0,1,1,0,0,0,0,0,0,0,2021,0,0,0,0,0,0,0,0.9792133569717407,1.0,4.0,0.0,0.0,9.0,0,1,0,0,0,0
NER,19301,193,1,1,2.0,1,0,0,1,1,0,0,0,1,0,0,0,2021,0,0,0,0,0,0,0,2.3788999915122986,1.0,4.0,0.0,0.0,0.0,0,0,0,0,0,1
NER,19302,193,2,1,4.0,1,0,0,0,0,0,0,0,0,0,0,0,2021,0,0,0,0,0,0,0,2.6391000747680664,1.0,5.0,0.0,0.0,15.0,1,1,0,0,0,0
NER,19303,193,3,1,2.0,1,0,0,1,1,0,0,0,0,0,0,0,2021,0,0,0,0,0,0,0,2.1449999809265137,0.0,17.0,0.0,0.0,0.0,0,0,0,0,0,0
NER,19305,193,5,1,4.0,1,1,0,1,1,0,0,0,1,0,0,0,2021,0,0,0,0,0,0,0,1.704899936914444,,,,,,0,0,1,0,0,0
NER,19306,193,6,1,4.0,1,0,0,1,1,0,0,0,0,0,0,0,2021,0,0,0,0,0,0,0,2.386299967765808,0.0,4.0,0.0,0.0,6.0,0,0,0,1,0,0
NER,19307,193,7,1,2.0,1,0,0,1,1,0,0,0,0,0,0,0,2021,0,0,0,0,0,0,0,1.3346999883651733,0.0,7.0,0.0,0.0,0.0,0,0,0,0,0,0
NER,19308,193,8,1,4.0,1,0,0,1,1,0,0,0,1,0,0,0,2021,0,0,0,0,0,0,0,2.2749000191688538,0.0,5.0,0.0,0.0,0.0,0,1,1,0,0,0
NER,19309,193,9,1,2.0,1,0,0,1,1,0,0,0,0,0,0,0,2021,0,0,0,0,0,0,0,1.1331000328063965,0.0,7.0,0.0,0.0,0.0,1,0,0,0,0,0
NER,19310,193,10,1,4.0,1,0,0,1,1,0,0,0,0,0,0,0,2021,0,0,0,0,0,0,0,0.4343999922275543,0.0,2.0,0.0,0.0,0.0,0,1,0,0,0,0
NER,19311,193,11,1,2.0,1,0,0,0,0,0,0,0,1,0,0,0,2021,0,0,0,0,0,0,0,1.1705000400543213,0.0,2.0,0.0,0.0,0.0,0,0,1,0,0,0
NER,19312,193,12,1,4.0,1,0,0,1,1,0,0,0,0,0,0,0,2021,0,0,0,0,0,0,0,1.1603999733924866,0.0,2.0,0.0,0.0,15.0,0,1,0,0,0,0
NER,19313,193,13,1,4.0,1,0,0,1,1,0,0,0,0,0,0,0,2021,0,0,0,0,0,0,0,0.4099999964237213,0.0,5.0,0.0,0.0,0.0,0,0,0,0,0,0
NER,19401,194,1,2,2.0,1,0,0,1,1,0,0,0,0,0,0,0,2021,0,0,0,0,0,0,0,1.573199987411499,0.0,3.0,0.0,0.0,4.0,0,0,0,1,0,0
NER,19402,194,2,2,2.0,1,1,1,1,1,0,0,0,0,0,0,0,2021,0,0,0,0,0,0,0,0.7971000075340271,,,,,,0,0,0,0,0,0
NER,19403,194,3,2,2.0,1,1,1,1,1,1,1,0,0,0,0,0,2021,0,0,0,0,0,0,0,,0.0,11.0,0.0,0.0,25.0,0,0,0,1,0,0
NER,19404,194,4,2,2.0,1,1,1,1,1,1,1,0,0,0,0,0,2021,1,0,0,0,0,1,0,8.356699883937836,5.0,19.0,0.0,0.0,5.0,0,1,0,0,0,0
NER,19405,194,5,2,4.0,0,0,0,1,1,0,0,0,0,0,0,0,2021,0,0,0,0,0,0,0,0.6223999857902527,1.0,4.0,0.0,0.0,4.0,0,0,1,0,0,0
NER,19406,194,6,2,1.0,1,0,0,1,1,0,0,0,0,0,0,0,2021,0,0,0,0,0,0,0,,,,,,,1,0,0,0,0,0
NER,19407,194,7,2,2.0,0,0,0,1,1,0,0,0,0,0,0,0,2021,0,0,0,0,0,0,0,1.5166000127792358,8.0,19.0,0.0,0.0,25.0,1,1,0,0,0,0
NER,19408,194,8,2,2.0,0,0,0,1,1,0,0,0,0,0,0,0,2021,0,0,0,0,0,0,0,0.30059999227523804,0.0,3.0,0.0,0.0,3.0,1,0,1,0,0,0
NER,19409,194,9,2,4.0,1,1,1,1,1,1,1,0,0,0,0,0,2021,0,0,0,0,0,0,0,1.7237000167369843,0.0,7.0,0.0,0.0,0.0,1,0,0,0,0,0
NER,19410,194,10,2,2.0,0,0,0,0,0,0,0,0,0,0,0,0,2021,0,0,0,0,0,0,0,1.4577000141143799,7.0,0.0,0.0,0.0,0.0,0,0,0,0,0,0
NER,19411,194,11,2,2.0,0,0,0,1,1,0,0,0,0,0,0,0,2021,0,0,0,0,0,0,0,1.0210000276565552,,,,,,0,0,0,1,0,0
NER,19412,194,12,2,2.0,0,0,0,0,0,0,0,0,0,0,0,0,2021,0,0,0,0,0,0,0,0.4821999967098236,2.0,0.0,0.0,0.0,0.0,0,0,0,0,0,0
NER,19501,195,1,1,2.0,1,0,0,0,0,0,0,0,1,0,0,0,2021,0,0,0,0,0,0,0,2.630109965801239,0.0,12.0,0.0,0.0,0.0,1,0,0,0,0,0
NER,19502,195,2,1,2.0,1,0,0,0,0,0,0,0,0,0,0,0,2021,0,0,0,0,0,0,0,0.5733000040054321,2.0,3.0,0.0,0.0,10.0,0,1,0,0,0,0
NER,19503,195,3,1,4.0,0,0,0,0,0,0,0,0,0,0,0,0,2021,0,0,0,0,0,0,0,,24.0,33.0,0.0,0.0,0.0,0,0,0,1,0,0
NER,19504,195,4,1,2.0,1,1,0,1,1,0,0,0,1,0,0,0,2021,0,0,0,0,0,0,0,1.4287999868392944,2.0,5.0,0.0,0.0,0.0,0,0,1,0,0,0
NER,19505,195,5,1,2.0,1,0,0,0,0,0,0,0,0,0,0,0,2021,0,0,0,0,0,0,0,2.4098000526428223,0.0,8.0,0.0,0.0,25.0,0,1,0,0,0,0
NER,19506,195,6,1,4.0,1,0,0,0,0,0,0,0,0,0,0,0,2021,0,0,0,0,0,0,0,,,,,,,0,0,0,0,0,0
NER,19507,195,7,1,2.0,0,0,0,0,0,0,0,0,1,0,0,0,2021,0,0,0,0,0,0,0,2.034700036048889,0.0,8.0,0.0,0.0,0.0,0,0,1,0,0,0
NER,19508,195,8,1,4.0,1,0,1,1,1,0,0,0,0,0,0,0,2021,0,0,0,0,0,0,0,0.6798999905586243,,,,,,0,1,0,0,0,0
NER,19509,195,9,1,2.0,0,0,0,0,0,0,0,0,0,0,0,0,2021,0,0,0,0,0,0,0,2.4836000204086304,2.0,0.0,0.0,0.0,0.0,0,0,0,0,0,0
NER,19510,195,10,1,2.0,1,1,0,1,1,0,0,0,1,0,0,0,2021,0,0,0,0,0,0,0,0.9107999801635742,,,,,,1,0,1,0,0,0
NER,19511,195,11,1,2.0,0,0,0,1,1,0,0,0,0,0,0,0,2021,0,0,0,0,0,0,0,0.5394999980926514,,,,,,0,1,0,0,0,0
NER,19512,195,12,1,2.0,1,0,0,0,0,0,0,0,0,0,0,0,2021,0,0,0,0,0,0,0,0.7604000270366669,2.0,4.0,0.0,0.0,0.0,0,0,0,0,0,0
NER,19601,196,1,2,2.0,1,0,1,1,1,0,0,0,0,0,0,0,2021,0,0,0,0,0,0,0,,0.0,5.0,0.0,0.0,0.0,0,0,0,1,0,1
NER,19602,196,2,2,2.0,1,0,1,1,1,0,0,0,0,0,0,0,2021,0,0,0,0,0,0,0,1.863200068473816,0.0,2.0,0.0,0.0,2.0,0,0,0,0,0,0
NER,19603,196,3,2,2.0,1,0,1,1,1,0,1,0,0,0,0,0,2021,0,0,0,0,0,0,0,,0.0,5.0,0.0,0.0,14.0,0,0,0,0,0,0
NER,19604,196,4,2,2.0,1,0,0,1,1,0,0,0,0,0,0,0,2021,0,0,0,0,0,0,0,2.4549999833106995,0.0,9.0,0.0,0.0,8.0,0,1,0,0,0,0
NER,19605,196,5,2,1.0,0,0,0,1,1,0,0,0,0,0,0,0,2021,0,0,0,0,0,0,0,0.7518348097801208,2.0,2.0,0.0,0.0,7.0,1,0,0,1,0,0
NER,19606,196,6,2,2.0,0,0,0,1,1,0,0,0,0,0,0,0,2021,0,0,0,0,0,0,0,,0.0,1.0,0.0,0.0,0.0,1,1,0,0,0,0
NER,19607,196,7,2,2.0,0,0,0,1,1,1,1,0,0,0,1,0,2021,1,0,0,0,0,0,0,0.29749999940395355,2.0,0.0,0.0,0.0,0.0,0,1,0,0,0,0
NER,19608,196,8,2,2.0,0,0,0,1,1,0,0,0,0,0,0,0,2021,0,0,0,0,0,0,0,0.11739999800920486,0.0,0.0,0.0,0.0,2.0,0,0,0,1,0,0
NER,19609,196,9,2,2.0,1,1,1,1,1,1,1,0,0,0,0,0,2021,1,0,0,0,0,0,0,10.267666697502136,,,,,,1,0,0,0,0,0
NER,19610,196,10,2,4.0,0,0,0,1,1,0,0,0,0,0,0,0,2021,0,0,0,0,0,0,0,,0.0,0.0,0.0,0.0,15.0,0,0,0,1,0,0
NER,19611,196,11,2,4.0,1,1,1,1,1,0,0,0,0,0,0,0,2021,0,0,0,0,0,0,0,,0.0,3.0,0.0,0.0,0.0,0,1,0,0,0,0
NER,19612,196,12,2,4.0,0,0,1,1,1,0,0,1,0,0,0,0,2021,0,0,0,0,0,0,0,0.1656000018119812,,,,,,0,0,0,0,0,0
NER,19701,197,1,1,4.0,0,0,0,0,0,0,0,0,1,0,0,0,2021,0,0,0,0,0,0,0,1.7199000120162964,,,,,,0,0,0,0,0,1
NER,19702,197,2,1,4.0,0,0,0,0,0,0,0,0,0,0,0,0,2021,0,0,0,0,0,0,0,0.4997999966144562,0.0,0.0,0.0,0.0,10.0,1,0,0,0,0,0
NER,19703,197,3,1,2.0,0,0,0,0,0,0,0,0,0,0,0,0,2021,0,0,0,0,0,0,0,0.982699990272522,,,,,,1,0,0,0,0,0
NER,19705,197,5,1,1.0,1,0,1,0,0,0,0,0,0,0,0,0,2021,0,0,0,0,0,0,0,0.5540000200271606,0.0,1.0,0.0,0.0,2.0,0,0,0,0,0,0
NER,19706,197,6,1,4.0,1,0,0,0,0,0,0,0,0,0,0,0,2021,0,0,0,0,0,0,0,0.8054999709129333,,,,,,0,1,0,0,0,0
NER,19709,197,9,1,4.0,0,0,0,0,0,0,0,0,0,0,0,0,2021,0,0,0,0,0,0,0,1.4688999652862549,,,,,,0,0,0,0,0,0
NER,19710,197,10,1,2.0,1,0,0,0,0,0,0,0,1,1,0,0,2021,0,0,0,0,0,0,0,1.2308000326156616,,,,,,1,0,1,0,0,1
NER,19711,197,11,1,2.0,0,0,0,0,0,0,0,0,0,0,0,0,2021,0,0,0,0,0,0,0,2.5961999893188477,0.0,0.0,0.0,0.0,22.0,0,0,0,0,1,0
NER,19712,197,12,1,2.0,1,0,0,0,0,0,0,0,0,0,0,0,2021,0,0,0,0,0,0,0,0.8416000008583069,,,,,,1,0,0,0,0,0
NER,19717,197,17,1,2.0,0,0,0,0,0,0,0,0,1,0,0,0,2021,0,0,0,0,0,0,0,1.0964000225067139,,,,,,0,0,1,0,0,1
NER,19720,197,20,1,2.0,1,0,0,0,0,0,0,0,0,0,0,0,2021,0,0,0,0,0,0,0,0.40049999952316284,0.0,5.0,0.0,0.0,0.0,0,1,0,0,0,0
NER,19725,197,25,1,2.0,0,0,0,0,0,0,0,0,1,0,0,0,2021,0,0,0,0,0,0,0,0.6171000003814697,,,,,,0,0,1,1,0,1
NER,19801,198,1,2,2.0,1,0,0,1,1,0,0,0,0,0,0,0,2021,0,0,0,0,0,0,0,2.030900001525879,0.0,5.0,0.0,0.0,0.0,0,0,0,1,0,0
NER,19802,198,2,2,2.0,1,0,0,1,1,0,0,0,0,0,0,0,2021,0,0,0,0,0,0,0,2.391700029373169,0.0,2.0,0.0,0.0,3.0,0,0,0,0,0,0
NER,19803,198,3,2,2.0,1,0,1,1,1,0,0,0,0,0,0,0,2021,0,0,0,0,0,0,0,2.0527999699115753,0.0,9.0,0.0,0.0,0.0,1,0,0,1,0,0
NER,19804,198,4,2,2.0,1,0,1,1,1,0,0,0,0,0,0,0,2021,0,0,0,0,0,0,0,1.3844000101089478,1.0,5.0,0.0,0.0,10.0,0,0,0,0,0,0
NER,19805,198,5,2,2.0,0,0,0,1,1,0,0,0,0,0,0,0,2021,0,0,0,0,0,0,0,1.0139000415802002,,,,,,0,0,0,0,0,0
NER,19806,198,6,2,4.0,0,0,0,1,1,0,0,0,0,0,0,0,2021,0,0,0,0,0,0,0,1.8853944838047028,0.0,0.0,0.0,0.0,0.0,0,0,0,1,0,0
NER,19807,198,7,2,2.0,0,0,0,1,1,0,0,0,0,0,0,0,2021,0,0,0,0,0,0,0,0.517300009727478,0.0,4.0,0.0,0.0,0.0,0,1,0,0,0,0
NER,19808,198,8,2,2.0,0,0,0,1,1,0,0,0,0,0,0,0,2021,0,0,0,0,0,0,0,3.962253838777542,3.0,1.0,0.0,0.0,0.0,0,1,0,0,0,0
NER,19809,198,9,2,2.0,0,0,0,1,1,0,0,0,0,0,0,0,2021,0,0,0,0,0,0,0,2.4533199071884155,,,,,,0,0,0,0,0,0
NER,19810,198,10,2,4.0,0,0,0,0,0,0,0,1,0,0,0,0,2021,0,0,0,0,0,0,0,1.1478433310985565,,,,,,0,0,0,1,0,0
NER,19811,198,11,2,2.0,0,0,0,1,1,0,0,0,0,0,0,0,2021,0,0,0,0,0,0,0,0.5968999862670898,2.0,2.0,0.0,0.0,5.0,0,0,0,0,0,0
NER,19812,198,12,2,4.0,0,0,0,1,1,0,0,0,0,0,0,0,2021,0,0,0,0,0,0,0,0.6424000263214111,,,,,,0,1,0,0,0,0
NER,19901,199,1,1,2.0,1,0,0,1,1,0,0,0,1,0,0,0,2021,0,0,0,0,0,0,0,0.7261999994516373,2.0,2.0,0.0,0.0,7.0,1,0,1,0,0,0
NER,19902,199,2,1,4.0,1,0,0,1,1,0,0,0,0,0,0,0,2021,0,0,0,0,0,0,0,0.4739000052213669,0.0,2.0,0.0,0.0,3.0,0,1,0,0,0,0
NER,19903,199,3,1,4.0,1,0,0,1,1,0,0,0,0,0,0,0,2021,0,0,0,0,0,0,0,1.4401999711990356,2.0,13.0,0.0,0.0,0.0,1,0,0,0,0,0
NER,19904,199,4,1,2.0,1,0,0,1,1,0,0,0,1,1,0,0,2021,0,0,0,0,0,0,0,1.9675999581813812,2.0,12.0,0.0,0.0,0.0,0,1,1,0,0,0
NER,19905,199,5,1,4.0,1,0,0,1,1,0,0,0,0,0,0,0,2021,0,0,0,0,0,0,0,0.4578999876976013,0.0,2.0,0.0,0.0,0.0,0,1,0,0,0,0
NER,19906,199,6,1,2.0,1,0,0,0,0,0,0,0,0,0,0,0,2021,0,0,0,0,0,0,0,1.4829999804496765,2.0,5.0,0.0,0.0,0.0,0,0,0,0,0,0
NER,19907,199,7,1,2.0,1,0,0,1,1,0,0,0,1,0,0,0,2021,0,0,0,0,0,0,0,0.8462000265717506,0.0,6.0,0.0,0.0,0.0,0,0,0,0,0,0
NER,19908,199,8,1,4.0,1,0,0,0,0,0,0,0,0,0,0,0,2021,0,0,0,0,0,0,0,1.7134000062942505,0.0,3.0,0.0,0.0,1.0,0,1,0,0,0,0
NER,19909,199,9,1,2.0,1,0,0,1,1,0,0,0,0,0,0,0,2021,0,0,0,0,0,0,0,0.5254999846220016,2.0,10.0,0.0,0.0,50.0,1,0,0,0,0,0
NER,19910,199,10,1,2.0,1,1,0,1,1,0,0,0,1,0,0,0,2021,0,0,0,0,0,0,0,0.9607999920845032,,,,,,0,0,0,0,0,1
NER,19911,199,11,1,2.0,1,0,0,0,0,0,0,0,0,0,0,0,2021,0,0,0,0,0,0,0,2.4196999967098236,2.0,9.0,0.0,0.0,8.0,0,0,0,1,0,0
NER,19912,199,12,1,4.0,1,0,0,0,0,0,0,0,0,0,0,0,2021,0,0,0,0,0,0,0,,2.0,6.0,0.0,0.0,0.0,0,0,0,0,0,0
NER,20001,200,1,2,4.0,1,1,1,1,1,0,0,0,0,0,0,0,2021,0,0,0,0,0,0,0,4.288400173187256,0.0,5.0,0.0,0.0,0.0,0,0,0,1,1,0
NER,20002,200,2,2,4.0,1,1,1,1,1,0,0,0,0,0,0,0,2021,0,0,0,0,0,0,0,1.0617142915725708,,,,,,0,0,0,1,1,0
NER,20003,200,3,2,4.0,0,0,0,1,1,0,0,0,0,0,0,0,2021,0,0,0,0,0,0,0,1.8531999588012695,,,,,,0,0,0,1,1,0
NER,20004,200,4,2,4.0,0,0,0,1,1,0,0,0,0,0,0,0,2021,0,0,0,0,0,0,0,2.216900110244751,0.0,10.0,0.0,0.0,12.0,0,0,0,1,1,0
NER,20005,200,5,2,4.0,0,0,0,1,1,0,0,0,0,0,0,0,2021,0,0,0,0,0,0,0,1.5227999687194824,1.0,1.0,0.0,0.0,5.0,0,0,0,1,1,0
NER,20007,200,7,2,4.0,0,0,0,1,1,0,0,0,0,0,0,0,2021,0,0,0,0,0,0,0,2.5371217727661133,2.0,4.0,0.0,0.0,0.0,0,0,0,0,1,0
NER,20008,200,8,2,4.0,0,0,0,0,0,0,0,0,0,0,0,0,2021,0,0,0,0,0,0,0,,0.0,3.0,0.0,0.0,10.0,0,0,0,0,1,0
NER,20009,200,9,2,4.0,1,0,0,0,0,0,0,0,0,0,0,0,2021,0,0,0,0,0,0,0,0.6204000115394592,,,,,,0,1,0,1,1,0
NER,20010,200,10,2,4.0,0,0,0,1,1,0,0,0,0,0,0,0,2021,0,0,0,0,0,0,0,1.7182999849319458,,,,,,0,0,0,0,0,0
NER,20012,200,12,2,4.0,0,0,0,0,0,0,0,0,0,0,0,0,2021,0,0,0,0,0,0,0,2.053700029850006,1.0,5.0,0.0,0.0,0.0,0,0,0,0,1,0
NER,20017,200,17,2,1.0,0,0,0,1,1,0,0,0,0,0,0,0,2021,0,0,0,0,0,0,0,1.4816789627075195,4.0,8.0,0.0,0.0,0.0,1,0,0,0,1,0
NER,20023,200,23,2,4.0,0,0,0,1,1,0,0,0,0,0,0,0,2021,0,0,0,0,0,0,0,1.0779099464416504,1.0,4.0,0.0,0.0,0.0,0,1,0,0,1,0
NER,20101,201,1,1,4.0,1,0,0,1,1,0,0,0,1,0,0,0,2021,0,0,0,0,0,0,0,1.1412000060081482,0.0,3.0,0.0,0.0,3.0,1,0,0,0,0,0
NER,20102,201,2,1,4.0,1,0,0,1,1,0,0,0,0,0,0,0,2021,0,0,0,0,0,0,0,,,,,,,0,1,0,0,0,0
NER,20103,201,3,1,2.0,1,0,0,1,1,0,0,0,0,0,0,0,2021,0,0,0,0,0,0,0,1.0654000043869019,1.0,2.0,0.0,0.0,0.0,1,0,0,0,0,0
NER,20104,201,4,1,1.0,1,1,1,1,1,0,0,0,1,0,0,0,2021,0,0,0,0,0,0,0,0.49570000171661377,0.0,1.0,0.0,0.0,17.0,0,0,0,0,0,1
NER,20105,201,5,1,4.0,1,0,0,1,1,0,1,0,0,0,0,0,2021,0,0,0,0,0,0,0,0.8862000107765198,0.0,4.0,0.0,0.0,0.0,0,1,0,0,0,0
NER,20106,201,6,1,2.0,1,0,0,1,1,0,0,0,0,0,0,0,2021,0,0,0,0,0,0,0,1.8560999631881714,2.0,7.0,0.0,0.0,0.0,0,0,0,0,0,0
NER,20107,201,7,1,2.0,1,0,0,1,1,0,0,0,1,0,0,0,2021,0,0,0,0,0,0,0,0.8658000230789185,1.0,2.0,0.0,0.0,7.0,1,0,1,0,0,1
NER,20108,201,8,1,2.0,1,0,0,1,1,1,1,0,0,0,0,0,2021,0,0,0,0,0,0,0,1.5240999460220337,0.0,1.0,0.0,0.0,5.0,0,0,0,0,0,0
NER,20109,201,9,1,4.0,1,0,0,1,1,0,0,0,0,0,0,0,2021,0,0,0,0,0,0,0,,,,,,,0,0,0,0,0,0
NER,20110,201,10,1,1.0,1,0,1,1,1,1,1,0,1,0,0,0,2021,0,0,0,0,0,0,0,0.12139999866485596,0.0,5.0,0.0,0.0,0.0,0,0,0,1,0,0
NER,20111,201,11,1,4.0,1,0,0,1,1,0,0,0,0,0,0,0,2021,0,0,0,0,0,0,0,0.6358000040054321,1.0,2.0,0.0,0.0,0.0,1,0,0,0,0,0
NER,20112,201,12,1,4.0,1,0,0,1,1,0,0,0,0,0,0,0,2021,0,0,0,0,0,0,0,0.7468000054359436,0.0,2.0,0.0,0.0,0.0,1,0,0,0,0,0
NER,20201,202,1,2,2.0,1,0,0,1,1,0,0,0,0,0,0,0,2021,0,0,0,0,0,0,0,1.9880000054836273,1.0,3.0,0.0,0.0,8.0,0,0,0,0,0,0
NER,20202,202,2,2,2.0,1,0,1,1,1,0,0,0,0,0,0,0,2021,0,0,0,0,0,0,0,1.5051000118255615,,,,,,0,0,0,1,0,0
NER,20203,202,3,2,2.0,1,0,0,1,1,0,0,0,0,0,0,0,2021,0,0,0,0,0,0,0,0.47609999775886536,2.0,3.0,0.0,0.0,10.0,0,1,1,1,0,0
NER,20204,202,4,2,2.0,1,0,0,1,1,0,0,0,0,0,0,0,2021,0,0,0,0,0,0,0,2.3261000514030457,2.0,7.0,0.0,0.0,12.0,0,1,0,0,0,0
NER,20205,202,5,2,2.0,0,0,0,1,1,0,0,0,0,0,0,0,2021,0,0,0,0,0,0,0,1.7910000681877136,2.0,9.0,0.0,0.0,10.0,0,1,0,1,0,0
NER,20206,202,6,2,2.0,0,0,0,1,1,0,0,0,0,0,0,0,2021,0,0,0,0,0,0,0,0.9742000102996826,0.0,3.0,0.0,0.0,15.0,0,1,1,0,0,0
NER,20207,202,7,2,4.0,0,0,0,1,1,0,0,0,0,0,0,0,2021,0,0,0,0,0,0,0,0.8751000165939331,0.0,3.0,0.0,0.0,8.0,0,1,1,0,0,0
NER,20208,202,8,2,2.0,0,0,0,1,1,0,0,0,0,0,0,0,2021,0,0,0,0,0,0,0,1.5188000202178955,1.0,6.0,0.0,0.0,7.0,0,1,1,1,0,0
NER,20209,202,9,2,2.0,1,0,1,1,1,0,0,0,0,0,0,0,2021,0,0,0,0,0,0,0,0.7330999970436096,0.0,5.0,0.0,0.0,0.0,1,0,1,0,0,0
NER,20210,202,10,2,2.0,1,0,1,1,1,0,0,0,0,0,0,0,2021,0,0,0,0,0,0,0,0.6855999827384949,0.0,1.0,0.0,0.0,0.0,0,0,0,0,0,0
NER,20211,202,11,2,2.0,0,0,1,1,1,0,0,0,0,0,0,0,2021,0,0,0,0,0,0,0,0.8932999968528748,0.0,1.0,0.0,0.0,0.0,0,1,0,0,0,0
NER,20212,202,12,2,2.0,1,0,1,1,1,0,0,0,0,0,0,0,2021,0,0,0,0,0,0,0,1.5282000303268433,,,,,,0,0,0,0,0,0
NER,20301,203,1,1,4.0,0,0,0,0,0,0,0,0,1,0,0,0,2021,0,0,0,0,0,0,0,0.5834000110626221,1.0,7.0,0.0,0.0,6.0,1,0,1,0,0,0
NER,20302,203,2,1,2.0,0,0,0,0,0,0,0,0,0,0,0,0,2021,0,0,0,0,0,0,0,2.2534000873565674,11.0,0.0,0.0,0.0,19.0,0,1,0,0,0,0
NER,20303,203,3,1,2.0,0,0,0,1,1,0,0,0,0,0,0,0,2021,0,0,0,0,0,0,0,1.3452999591827393,0.0,2.0,0.0,0.0,7.0,0,1,0,1,0,0
NER,20304,203,4,1,4.0,0,0,0,1,1,0,0,0,1,0,0,0,2021,0,0,0,0,0,0,0,0.8462000042200089,1.0,3.0,0.0,0.0,2.0,0,0,1,0,0,0
NER,20305,203,5,1,2.0,1,0,0,1,1,0,0,0,0,0,0,0,2021,0,0,0,0,0,0,0,19.720200538635254,0.0,3.0,0.0,0.0,0.0,0,1,0,0,0,0
NER,20306,203,6,1,2.0,0,0,0,0,0,0,0,0,0,0,0,0,2021,0,0,0,0,0,0,0,5.26230001449585,3.0,12.0,0.0,0.0,12.0,0,0,0,1,0,0
NER,20307,203,7,1,2.0,0,0,0,0,1,0,0,0,1,0,0,0,2021,0,0,0,0,0,0,0,2.3899999260902405,1.0,6.0,0.0,0.0,0.0,0,0,1,0,0,0
NER,20308,203,8,1,2.0,1,0,0,1,1,0,0,0,0,0,0,0,2021,0,0,0,0,0,0,0,0.8210999965667725,0.0,2.0,0.0,0.0,0.0,1,0,0,0,0,0
NER,20309,203,9,1,2.0,1,0,0,0,0,0,0,0,0,0,0,0,2021,0,0,0,0,0,0,0,2.196000039577484,,,,,,0,0,0,0,0,0
NER,20310,203,10,1,4.0,0,0,0,1,1,0,0,0,1,0,0,0,2021,0,0,0,0,0,0,0,1.6894999742507935,1.0,3.0,0.0,0.0,0.0,1,1,1,0,0,0
NER,20311,203,11,1,2.0,1,0,0,1,1,0,0,0,0,0,0,0,2021,0,0,0,0,0,0,0,1.3871999979019165,0.0,3.0,0.0,0.0,0.0,0,1,0,0,0,0
NER,20312,203,12,1,2.0,0,0,0,1,1,0,0,0,0,0,0,0,2021,0,0,0,0,0,0,0,2.144700050354004,0.0,3.0,0.0,0.0,0.0,1,0,0,0,0,0
NER,20401,204,1,2,2.0,0,0,0,0,0,0,0,0,0,0,0,0,2021,0,0,0,0,0,0,0,1.3525999784469604,1.0,3.0,0.0,0.0,0.0,0,0,1,0,0,0
NER,20402,204,2,2,2.0,0,0,0,0,0,0,0,0,0,0,0,0,2021,0,0,0,0,0,0,0,0.8948000073432922,,,,,,0,0,1,0,0,0
NER,20403,204,3,2,2.0,0,0,0,0,0,0,0,0,0,0,0,0,2021,0,0,0,0,0,0,0,0.9623512029647827,0.0,1.0,0.0,0.0,0.0,0,0,1,0,0,0
NER,20404,204,4,2,2.0,0,0,0,0,0,0,0,0,0,0,0,0,2021,0,0,0,0,0,0,0,1.0093200206756592,0.0,2.0,0.0,0.0,0.0,0,0,1,0,0,0
NER,20405,204,5,2,4.0,0,0,0,0,0,0,0,0,0,0,0,0,2021,0,0,0,0,0,0,0,0.8349999785423279,1.0,2.0,0.0,0.0,0.0,0,1,1,0,0,0
NER,20406,204,6,2,4.0,0,0,0,0,0,0,0,0,0,0,0,0,2021,0,0,0,0,0,0,0,1.1776000261306763,,,,,,0,1,0,0,0,0
NER,20407,204,7,2,2.0,0,0,0,0,0,0,0,0,0,0,0,0,2021,0,0,0,0,0,0,0,2.6531999707221985,1.0,4.0,0.0,0.0,3.0,0,1,1,1,0,0
NER,20408,204,8,2,2.0,0,0,0,0,0,0,0,0,0,0,0,0,2021,0,0,0,0,0,0,0,0.9434000253677368,0.0,3.0,0.0,0.0,0.0,0,1,0,0,0,0
NER,20409,204,9,2,2.0,0,0,0,0,0,0,0,0,0,0,0,0,2021,0,0,0,0,0,0,0,4.593299865722656,3.0,5.0,0.0,0.0,30.0,0,1,1,0,0,0
NER,20410,204,10,2,2.0,0,0,0,0,0,0,0,0,0,0,0,0,2021,0,0,0,0,0,0,0,3.627763271331787,1.0,4.0,0.0,0.0,0.0,0,1,1,0,0,0
NER,20412,204,12,2,2.0,0,0,0,0,0,0,0,0,0,0,0,0,2021,0,0,0,0,0,0,0,0.8931999802589417,0.0,1.0,0.0,0.0,0.0,0,1,1,0,0,0
NER,20415,204,15,2,4.0,0,0,0,0,0,0,0,0,0,0,0,0,2021,0,0,0,0,0,0,0,1.6853402853012085,,,,,,0,1,1,0,0,0
NER,20501,205,1,1,2.0,0,0,0,0,0,0,0,0,1,0,0,0,2021,0,0,0,0,0,0,0,1.749400019645691,0.0,5.0,0.0,0.0,14.0,0,1,1,0,0,0
NER,20502,205,2,1,2.0,0,0,0,0,0,0,0,0,0,0,0,0,2021,0,0,0,0,0,0,0,1.8033000230789185,1.0,0.0,0.0,0.0,0.0,1,1,0,0,0,0
NER,20503,205,3,1,4.0,0,0,0,0,0,0,0,0,0,0,0,0,2021,0,0,0,0,0,0,0,2.2634000182151794,,,,,,0,0,0,0,0,0
NER,20504,205,4,1,2.0,0,0,0,0,0,0,0,0,1,0,0,0,2021,0,0,0,0,0,0,0,2.630000114440918,0.0,6.0,0.0,0.0,0.0,0,1,1,0,0,0
NER,20505,205,5,1,4.0,1,0,0,0,0,0,0,0,0,0,0,0,2021,0,0,0,0,0,0,0,3.592899978160858,,,,,,1,1,0,0,0,0
NER,20506,205,6,1,2.0,0,0,0,0,0,0,0,0,0,0,0,0,2021,0,0,0,0,0,0,0,2.6740000247955322,0.0,7.0,0.0,0.0,26.0,0,0,0,0,0,0
NER,20507,205,7,1,4.0,0,0,0,0,0,0,0,0,1,0,0,0,2021,0,0,0,0,0,0,0,1.221500039100647,0.0,2.0,0.0,0.0,10.0,1,0,0,0,0,0
NER,20508,205,8,1,2.0,0,0,0,0,0,0,0,0,0,0,0,0,2021,0,0,0,0,0,0,0,2.746500015258789,1.0,4.0,0.0,0.0,6.0,0,1,1,1,0,0
NER,20509,205,9,1,2.0,1,0,0,0,0,0,0,0,0,0,0,0,2021,0,0,0,0,0,0,0,5.442499995231628,,,,,,0,0,0,0,0,0
NER,20510,205,10,1,2.0,0,0,0,0,0,0,0,0,1,0,0,0,2021,0,0,0,0,0,0,0,1.9223999381065369,1.0,4.0,0.0,0.0,7.0,0,1,1,0,0,0
NER,20511,205,11,1,4.0,0,0,0,0,0,0,0,0,0,0,0,0,2021,0,0,0,0,0,0,0,1.0931999683380127,0.0,1.0,0.0,0.0,0.0,0,1,0,0,0,0
NER,20512,205,12,1,2.0,0,0,0,0,0,0,0,0,0,0,0,0,2021,0,0,0,0,0,0,0,3.0700000524520874,,,,,,0,0,0,0,0,0
NER,20601,206,1,2,2.0,1,1,1,1,1,0,0,0,0,0,0,0,2021,0,0,0,0,0,0,0,1.8491064310073853,1.0,4.0,0.0,0.0,0.0,0,0,1,0,0,0
NER,20602,206,2,2,2.0,1,0,0,1,1,0,0,0,0,0,0,0,2021,0,0,0,0,0,0,0,2.5605000257492065,2.0,10.0,0.0,0.0,0.0,1,0,0,0,0,0
NER,20603,206,3,2,4.0,1,1,0,1,1,0,0,0,0,0,0,0,2021,0,0,0,0,0,0,0,1.1772164106369019,0.0,2.0,0.0,0.0,0.0,0,0,1,0,0,0
NER,20604,206,4,2,2.0,1,1,0,1,1,0,0,0,0,0,0,0,2021,0,0,0,0,0,0,0,1.8437999486923218,1.0,9.0,0.0,0.0,0.0,0,1,1,0,0,0
NER,20605,206,5,2,2.0,1,0,0,1,1,1,1,0,0,0,0,0,2021,0,0,0,0,0,0,0,1.4392147064208984,2.0,7.0,0.0,0.0,3.0,1,1,0,0,1,0
NER,20606,206,6,2,4.0,1,0,0,1,1,0,0,0,0,0,0,0,2021,0,0,0,0,0,0,0,0.9522959589958191,,,,,,0,0,0,0,0,0
NER,20607,206,7,2,4.0,1,0,0,1,1,1,1,0,0,0,0,0,2021,0,0,0,0,0,0,0,1.8199999779462814,1.0,14.0,0.0,0.0,0.0,1,1,0,1,0,0
NER,20609,206,9,2,2.0,1,0,0,1,1,1,1,0,0,0,0,0,2021,0,0,0,0,0,0,0,4.021000027656555,0.0,4.0,0.0,0.0,2.0,0,1,1,0,0,0
NER,20612,206,12,2,2.0,1,1,0,1,1,1,1,0,0,0,0,0,2021,0,0,0,0,0,0,0,6.610900163650513,3.0,15.0,0.0,0.0,18.0,0,0,0,0,0,0
NER,20615,206,15,2,1.0,1,1,0,1,1,0,0,1,0,0,0,0,2021,1,0,0,0,0,0,0,2.288999915122986,0.0,2.0,0.0,0.0,0.0,0,1,0,0,0,0
NER,20618,206,18,2,4.0,1,1,0,1,1,0,0,0,0,0,0,0,2021,0,0,0,0,0,0,0,2.437999963760376,,,,,,1,1,0,0,0,0
NER,20620,206,20,2,2.0,1,1,0,1,1,1,1,0,0,0,0,0,2021,0,0,0,0,0,0,0,3.997835397720337,1.0,8.0,0.0,0.0,0.0,1,1,0,0,0,0
NER,20701,207,1,1,4.0,1,0,0,1,1,0,0,0,1,0,0,0,2021,0,0,0,0,0,0,0,1.1332999467849731,0.0,1.0,0.0,0.0,0.0,0,0,1,0,0,0
NER,20702,207,2,1,2.0,0,0,0,1,1,0,0,0,0,0,0,0,2021,0,0,0,0,0,0,0,5.55700021982193,0.0,2.0,0.0,0.0,0.0,1,0,0,0,0,0
NER,20703,207,3,1,4.0,0,0,0,1,1,0,0,0,0,0,0,0,2021,0,0,0,0,0,0,0,1.5054999589920044,,,,,,0,0,0,0,0,0
NER,20704,207,4,1,2.0,1,0,0,1,1,0,0,0,1,0,0,0,2021,0,0,0,0,0,0,0,8.977300107479095,0.0,14.0,0.0,0.0,0.0,1,0,0,1,0,0
NER,20705,207,5,1,2.0,1,0,0,1,1,0,0,0,0,0,0,0,2021,0,0,0,0,0,0,0,1.4413000345230103,0.0,5.0,0.0,0.0,0.0,1,1,0,1,0,0
NER,20706,207,6,1,2.0,0,0,0,1,1,0,0,0,0,0,0,0,2021,0,0,0,0,0,0,0,1.767699956893921,,,,,,0,0,0,0,0,0
NER,20707,207,7,1,4.0,0,0,0,1,1,0,0,0,1,0,0,0,2021,0,0,0,0,0,0,0,4.434509992599487,0.0,2.0,0.0,0.0,17.0,0,0,1,0,0,0
NER,20708,207,8,1,4.0,1,0,0,1,1,0,0,0,0,0,0,0,2021,0,0,0,0,0,0,0,2.490400016307831,0.0,2.0,0.0,0.0,0.0,0,1,0,0,0,0
NER,20709,207,9,1,2.0,0,0,0,1,1,0,0,0,0,0,0,0,2021,0,0,0,0,0,0,0,4.544399917125702,0.0,3.0,0.0,0.0,0.0,0,0,0,1,0,0
NER,20710,207,10,1,4.0,1,0,0,1,1,0,0,0,1,0,0,0,2021,0,0,0,0,0,0,0,1.807399958372116,0.0,2.0,0.0,0.0,0.0,0,0,1,0,0,0
NER,20711,207,11,1,2.0,0,0,0,1,1,0,0,0,0,0,0,0,2021,0,0,0,0,0,0,0,1.6052000224590302,0.0,5.0,0.0,0.0,0.0,0,1,0,0,0,0
NER,20713,207,13,1,2.0,0,0,0,1,1,0,0,0,0,0,0,0,2021,0,0,0,0,0,0,0,2.040800094604492,,,,,,0,0,0,0,0,0
NER,20801,208,1,2,1.0,1,0,0,1,1,0,0,1,1,0,0,0,2021,0,0,0,0,0,0,0,1.5148999691009521,0.0,5.0,0.0,0.0,0.0,1,0,0,0,0,0
NER,20802,208,2,2,2.0,1,0,0,1,1,0,0,0,0,0,0,0,2021,0,0,0,0,0,0,0,3.3468000888824463,,,,,,0,1,1,0,0,0
NER,20803,208,3,2,2.0,1,0,0,1,1,0,0,1,0,0,0,0,2021,0,0,0,0,0,0,0,2.9182000160217285,14.0,10.0,0.0,0.0,12.0,1,0,0,0,0,0
NER,20804,208,4,2,2.0,1,0,0,1,1,0,0,0,0,0,0,0,2021,0,0,0,0,0,0,0,3.224299907684326,1.0,3.0,0.0,0.0,0.0,0,0,1,0,0,0
NER,20805,208,5,2,2.0,1,0,0,1,1,0,0,0,0,0,0,0,2021,0,0,0,0,0,0,0,3.4356000423431396,0.0,4.0,0.0,0.0,0.0,0,1,1,0,0,0
NER,20806,208,6,2,2.0,1,0,0,1,1,0,0,1,0,0,0,0,2021,0,0,0,0,0,0,0,2.592899963259697,1.0,14.0,0.0,0.0,7.0,0,1,1,0,0,0
NER,20808,208,8,2,4.0,1,1,1,1,1,0,0,0,0,0,0,0,2021,0,0,0,0,0,0,0,0.9204999804496765,,,,,,0,0,0,0,0,0
NER,20809,208,9,2,2.0,0,0,0,1,1,0,0,0,0,0,0,0,2021,0,0,0,0,0,0,0,1.3020000457763672,,,,,,1,1,0,0,0,0
NER,20810,208,10,2,2.0,0,0,0,0,0,0,0,0,0,0,0,0,2021,0,0,0,0,0,0,0,2.112499952316284,0.0,4.0,0.0,0.0,0.0,0,0,0,1,0,1
NER,20812,208,12,2,2.0,1,0,0,1,1,0,0,1,0,0,0,0,2021,0,0,0,0,0,0,0,3.6414999961853027,1.0,7.0,0.0,0.0,0.0,1,1,1,1,0,0
NER,20816,208,16,2,2.0,0,0,0,1,1,0,0,0,0,0,0,0,2021,0,0,0,0,0,0,0,1.5741000175476074,0.0,2.0,0.0,0.0,0.0,0,1,1,0,0,0
NER,20821,208,21,2,2.0,1,0,0,0,0,0,0,0,0,0,0,0,2021,0,0,0,0,0,0,0,2.296099901199341,0.0,4.0,0.0,0.0,5.0,0,1,1,0,0,0
NER,20901,209,1,1,2.0,1,0,0,1,1,0,0,0,1,0,0,0,2021,0,0,0,0,0,0,0,2.6205999851226807,0.0,2.0,0.0,0.0,10.0,0,1,1,0,0,0
NER,20902,209,2,1,2.0,1,0,0,1,1,0,0,0,0,0,0,0,2021,0,0,0,0,0,0,0,0.6452000141143799,0.0,0.0,0.0,0.0,11.0,1,0,0,0,0,0
NER,20903,209,3,1,2.0,0,0,0,1,1,0,0,0,0,0,0,0,2021,0,0,0,0,0,0,0,1.8753000497817993,0.0,2.0,0.0,0.0,10.0,0,1,0,1,0,0
NER,20905,209,5,1,2.0,0,0,0,1,1,0,0,0,1,0,0,0,2021,0,0,0,0,0,0,0,2.3810999393463135,,,,,,0,0,1,0,0,0
NER,20906,209,6,1,2.0,1,0,0,1,1,0,0,0,0,0,0,0,2021,0,0,0,0,0,0,0,1.1620000004768372,1.0,9.0,0.0,0.0,0.0,0,1,0,0,0,0
NER,20907,209,7,1,4.0,1,0,0,1,1,0,0,0,0,0,0,0,2021,0,0,0,0,0,0,0,0.44119998812675476,,,,,,1,0,0,0,0,0
NER,20908,209,8,1,4.0,1,0,0,1,1,0,0,0,0,0,0,0,2021,0,0,0,0,0,0,0,0.5210999846458435,1.0,4.0,0.0,0.0,0.0,0,1,1,0,0,0
NER,20909,209,9,1,2.0,1,0,0,1,1,0,0,0,0,0,0,0,2021,0,0,0,0,0,0,0,1.8585999608039856,0.0,2.0,0.0,0.0,0.0,1,1,0,1,0,0
NER,20910,209,10,1,2.0,0,0,0,1,1,0,0,0,0,0,0,0,2021,0,0,0,0,0,0,0,2.9405999183654785,0.0,3.0,0.0,0.0,0.0,0,0,0,0,0,0
NER,20911,209,11,1,2.0,1,0,0,1,1,0,0,0,1,0,0,0,2021,0,0,0,0,0,0,0,3.445200026035309,0.0,5.0,0.0,0.0,4.0,0,0,1,0,0,0
NER,20913,209,13,1,2.0,1,0,0,1,1,0,0,0,0,0,0,0,2021,0,0,0,0,0,0,0,1.074700027704239,0.0,2.0,0.0,0.0,0.0,1,1,0,0,0,0
NER,20919,209,19,1,2.0,0,0,0,1,1,0,0,0,0,0,0,0,2021,0,0,0,0,0,0,0,0.299699991941452,0.0,2.0,0.0,0.0,5.0,1,0,0,0,0,0
NER,21001,210,1,2,1.0,1,1,1,1,1,0,0,0,0,0,0,0,2021,0,0,0,0,0,0,0,1.9876999855041504,1.0,1.0,0.0,0.0,0.0,0,0,1,0,0,0
NER,21003,210,3,2,4.0,1,1,1,1,1,0,0,0,0,0,0,0,2021,0,0,0,0,0,0,0,,0.0,4.0,0.0,0.0,0.0,1,0,1,0,0,0
NER,21006,210,6,2,1.0,1,1,0,1,1,1,1,0,0,0,0,0,2021,0,0,1,0,0,0,0,12.318400382995605,10.0,21.0,0.0,0.0,6.0,0,0,1,0,0,0
NER,21008,210,8,2,1.0,1,0,0,1,1,0,0,0,0,0,0,0,2021,0,0,0,0,0,0,0,0.9619436860084534,1.0,8.0,0.0,0.0,3.0,0,1,1,1,0,0
NER,21009,210,9,2,1.0,1,0,1,1,1,0,0,0,0,0,0,0,2021,0,0,0,0,0,0,0,,0.0,4.0,0.0,0.0,0.0,0,0,1,0,0,0
NER,21010,210,10,2,4.0,0,0,0,1,1,0,0,0,0,0,0,0,2021,0,0,0,0,0,0,0,0.11259999871253967,0.0,9.0,0.0,0.0,2.0,0,1,1,0,0,0
NER,21014,210,14,2,1.0,1,1,1,1,1,0,0,0,0,0,0,0,2021,0,0,0,0,0,0,0,2.828629791736603,2.0,2.0,0.0,0.0,0.0,0,0,0,1,0,0
NER,21016,210,16,2,1.0,1,1,1,1,1,0,0,0,0,0,0,0,2021,0,0,0,0,0,0,0,,,,,,,0,0,0,1,0,0
NER,21018,210,18,2,4.0,0,0,0,1,1,0,0,0,0,0,0,0,2021,0,0,0,0,0,0,0,,0.0,5.0,0.0,0.0,0.0,0,0,1,0,0,0
NER,21019,210,19,2,1.0,1,1,1,1,1,0,0,0,0,0,0,0,2021,1,0,0,0,0,0,0,,0.0,4.0,0.0,0.0,7.0,0,0,0,1,0,0
NER,21023,210,23,2,1.0,1,0,0,1,1,0,0,0,0,0,0,0,2021,0,0,0,0,0,0,0,1.777500033378601,2.0,5.0,0.0,0.0,8.0,0,1,1,0,0,0
NER,21027,210,27,2,2.0,1,1,1,1,1,0,0,0,0,0,0,0,2021,0,0,0,0,0,0,0,2.64300000667572,,,,,,0,0,0,1,0,0
NER,21101,211,1,1,2.0,1,0,0,1,1,0,0,0,1,0,0,0,2021,0,0,0,0,0,0,0,1.3062999844551086,0.0,4.0,0.0,0.0,0.0,0,0,0,0,0,0
NER,21102,211,2,1,4.0,1,0,0,1,1,0,0,0,0,0,0,0,2021,0,0,0,0,0,0,0,0.9644000008702278,0.0,9.0,0.0,0.0,0.0,1,0,0,0,0,0
NER,21103,211,3,1,2.0,1,0,0,1,1,0,0,0,0,0,0,0,2021,0,0,0,0,0,0,0,1.1367000341415405,0.0,4.0,0.0,0.0,0.0,0,0,0,0,0,0
NER,21104,211,4,1,2.0,0,0,0,1,1,0,0,0,1,0,0,0,2021,0,0,0,0,0,0,0,0.32910001277923584,,,,,,0,0,1,0,0,0
NER,21105,211,5,1,2.0,0,0,0,1,1,0,0,0,0,0,0,0,2021,0,0,0,0,0,0,0,3.450500011444092,1.0,4.0,0.0,0.0,27.0,1,1,0,0,0,0
NER,21106,211,6,1,2.0,0,0,0,1,1,0,0,0,0,0,0,0,2021,0,0,0,0,0,0,0,2.9328999519348145,0.0,6.0,0.0,0.0,9.0,1,0,0,0,0,0
NER,21107,211,7,1,2.0,0,0,0,1,1,0,0,0,1,0,0,0,2021,0,0,0,0,0,0,0,1.4312999844551086,0.0,3.0,0.0,0.0,0.0,0,0,1,0,0,0
NER,21108,211,8,1,4.0,1,0,0,1,1,0,0,0,0,0,0,0,2021,0,0,0,0,0,0,0,1.2377999871969223,0.0,1.0,0.0,0.0,0.0,0,1,0,0,0,0
NER,21109,211,9,1,2.0,1,0,0,1,1,0,0,0,0,0,0,0,2021,0,0,0,0,0,0,0,1.6908000111579895,0.0,2.0,0.0,0.0,14.0,0,0,0,0,0,0
NER,21110,211,10,1,2.0,1,0,0,1,1,0,0,0,1,0,0,0,2021,0,0,0,0,0,0,0,1.9117000699043274,0.0,4.0,0.0,0.0,0.0,1,0,1,0,0,0
NER,21111,211,11,1,4.0,1,0,0,1,1,0,0,0,0,0,0,0,2021,0,0,0,0,0,0,0,1.2487000226974487,1.0,3.0,0.0,0.0,13.0,0,1,0,0,0,0
NER,21112,211,12,1,2.0,1,0,0,1,1,0,0,0,0,0,0,0,2021,0,0,0,0,0,0,0,2.4264000058174133,,,,,,0,0,0,0,0,0
NER,21201,212,1,2,2.0,1,1,0,0,0,0,0,0,0,0,0,0,2021,0,0,0,0,0,0,0,4.843500077724457,4.0,12.0,0.0,0.0,17.0,0,0,1,0,0,0
NER,21202,212,2,2,2.0,1,1,0,1,1,0,0,0,0,0,0,0,2021,0,0,0,0,0,0,0,7.075100064277649,2.0,4.0,0.0,0.0,10.0,0,0,1,0,0,0
NER,21203,212,3,2,2.0,0,0,0,0,0,0,0,0,0,0,0,0,2021,0,0,0,0,0,0,0,2.9384999573230743,0.0,4.0,0.0,0.0,10.0,0,0,1,0,0,0
NER,21204,212,4,2,2.0,1,1,0,0,0,0,0,0,0,0,0,0,2021,0,0,0,0,0,0,0,2.7273999452590942,0.0,6.0,0.0,0.0,3.0,0,0,1,0,0,0
NER,21205,212,5,2,2.0,0,0,0,0,0,0,0,0,0,0,0,0,2021,0,0,0,0,0,0,0,3.9486000537872314,8.0,62.0,0.0,0.0,21.0,0,1,0,0,0,0
NER,21206,212,6,2,4.0,0,0,0,0,0,0,0,0,0,0,0,0,2021,0,0,0,0,0,0,0,0.8141000270843506,0.0,4.0,0.0,0.0,5.0,0,1,0,0,0,0
NER,21207,212,7,2,2.0,0,0,0,1,1,0,0,0,0,0,0,0,2021,0,0,0,0,0,0,0,1.4205000400543213,0.0,2.0,0.0,0.0,1.0,0,1,1,0,0,0
NER,21208,212,8,2,2.0,0,0,0,1,1,0,0,0,0,0,0,0,2021,0,0,0,0,0,0,0,2.2019000351428986,1.0,8.0,0.0,0.0,7.0,0,1,1,0,0,0
NER,21209,212,9,2,2.0,0,0,0,1,1,0,0,0,0,0,0,0,2021,0,0,0,0,0,0,0,1.3201999962329865,0.0,2.0,0.0,0.0,0.0,0,1,0,0,0,0
NER,21211,212,11,2,2.0,0,0,0,0,0,0,0,0,0,0,0,0,2021,0,0,0,0,0,0,0,3.8956000804901123,1.0,4.0,0.0,0.0,0.0,0,1,1,0,0,0
NER,21212,212,12,2,2.0,0,0,0,1,1,0,0,0,0,0,0,0,2021,0,0,0,0,0,0,0,2.588800072669983,1.0,8.0,0.0,0.0,0.0,0,1,1,0,0,0
NER,21217,212,17,2,2.0,0,0,0,1,1,0,0,0,0,0,0,0,2021,0,0,0,0,0,0,0,3.972099870443344,1.0,4.0,0.0,0.0,0.0,1,0,0,0,0,0
NER,21301,213,1,1,2.0,1,0,0,1,1,0,0,0,1,0,0,0,2021,0,0,0,0,0,0,0,5.320400029420853,1.0,4.0,0.0,0.0,44.0,0,0,1,0,0,1
NER,21302,213,2,1,2.0,1,0,0,0,0,0,0,0,0,0,0,0,2021,0,0,0,0,0,0,0,13.577000141143799,1.0,4.0,0.0,0.0,29.0,1,0,0,0,0,0
NER,21303,213,3,1,2.0,1,0,0,1,1,0,0,0,0,0,0,0,2021,0,0,0,0,0,0,0,1.833400011062622,1.0,5.0,0.0,0.0,0.0,1,0,0,0,0,0
NER,21304,213,4,1,4.0,1,0,0,1,1,0,0,0,1,0,0,0,2021,0,0,0,0,0,0,0,1.069200038909912,,,,,,0,0,1,0,0,1
NER,21305,213,5,1,2.0,1,0,0,1,1,0,0,0,0,0,0,0,2021,0,0,0,0,0,0,0,0.9812999963760376,0.0,5.0,0.0,0.0,0.0,0,0,0,0,0,0
NER,21306,213,6,1,4.0,1,0,0,1,1,0,0,0,0,0,0,0,2021,0,0,0,0,0,0,0,0.4681999981403351,,,,,,0,0,0,0,0,0
NER,21307,213,7,1,2.0,0,0,0,1,1,0,0,0,1,0,0,0,2021,0,0,0,0,0,0,0,3.9501999616622925,1.0,3.0,0.0,0.0,0.0,0,0,1,0,0,0
NER,21308,213,8,1,2.0,1,0,0,1,1,0,0,0,0,0,0,0,2021,0,0,0,0,0,0,0,1.7918000221252441,1.0,26.0,0.0,0.0,27.0,1,0,0,0,0,0
NER,21309,213,9,1,2.0,1,0,0,1,1,0,0,0,0,0,0,0,2021,0,0,0,0,0,0,0,1.5123000144958496,1.0,9.0,0.0,0.0,0.0,0,0,0,0,0,0
NER,21310,213,10,1,2.0,1,0,0,1,1,0,0,0,1,0,0,0,2021,0,0,0,0,0,0,0,1.3042999505996704,0.0,2.0,0.0,0.0,20.0,0,0,1,0,0,0
NER,21311,213,11,1,2.0,0,0,0,0,0,0,0,0,0,0,0,0,2021,0,0,0,0,0,0,0,1.5637000054121017,3.0,7.0,0.0,0.0,9.0,0,0,1,0,0,0
NER,21312,213,12,1,2.0,1,0,0,1,1,0,0,0,0,0,0,0,2021,0,0,0,0,0,0,0,1.1886999905109406,0.0,10.0,0.0,0.0,6.0,0,1,0,0,0,0
NER,21401,214,1,2,2.0,0,0,0,0,0,0,0,0,0,0,0,0,2021,0,0,0,0,0,0,0,3.9477217197418213,0.0,4.0,0.0,0.0,0.0,0,1,0,0,0,0
NER,21402,214,2,2,2.0,0,0,0,1,1,0,0,0,0,0,0,0,2021,0,0,0,0,0,0,0,4.398900032043457,0.0,1.0,0.0,0.0,0.0,1,0,0,0,0,0
NER,21403,214,3,2,2.0,0,0,0,0,0,0,0,0,0,0,0,0,2021,0,0,0,0,0,0,0,3.343400001525879,,,,,,0,1,0,0,0,0
NER,21404,214,4,2,2.0,0,0,0,1,1,0,0,0,0,0,0,0,2021,0,0,0,0,0,0,0,3.3032000064849854,1.0,16.0,0.0,0.0,0.0,1,0,0,0,0,0
NER,21405,214,5,2,2.0,0,0,0,1,1,0,0,0,0,0,0,0,2021,0,0,0,0,0,0,0,3.2732999324798584,1.0,0.0,0.0,0.0,0.0,0,1,1,0,0,0
NER,21406,214,6,2,2.0,0,0,0,0,0,0,0,0,0,0,0,0,2021,0,0,0,0,0,0,0,1.1545999944210052,0.0,3.0,0.0,0.0,0.0,0,1,1,0,0,0
NER,21407,214,7,2,2.0,0,0,0,0,0,0,0,0,0,0,0,0,2021,0,0,0,0,0,0,0,1.8141000270843506,0.0,2.0,0.0,0.0,3.0,0,1,1,0,0,0
NER,21408,214,8,2,4.0,0,0,0,0,0,0,0,0,0,0,0,0,2021,0,0,0,0,0,0,0,2.726199984550476,0.0,2.0,0.0,0.0,5.0,0,1,1,0,0,0
NER,21410,214,10,2,2.0,0,0,0,0,0,0,0,0,0,0,0,0,2021,0,0,0,0,0,0,0,5.206699848175049,0.0,12.0,0.0,0.0,3.0,0,1,0,1,0,0
NER,21411,214,11,2,2.0,0,1,0,0,0,0,0,0,0,0,0,0,2021,0,0,0,0,0,0,0,2.886699914932251,0.0,4.0,0.0,0.0,0.0,1,1,0,0,0,0
NER,21412,214,12,2,2.0,0,0,0,0,0,0,0,0,0,0,0,0,2021,0,0,0,0,0,0,0,6.803699731826782,1.0,7.0,0.0,0.0,8.0,0,1,1,1,0,0
NER,21426,214,26,2,4.0,0,0,0,0,0,0,0,0,0,0,0,0,2021,0,0,0,0,0,0,0,1.0532121658325195,,,,,,0,1,0,0,0,0
NER,21501,215,1,1,2.0,1,0,0,0,0,0,0,0,0,0,0,0,2021,0,0,0,0,0,0,0,1.8725999593734741,2.0,10.0,0.0,0.0,15.0,0,0,1,0,0,0
NER,21502,215,2,1,4.0,0,0,0,0,0,0,0,0,0,0,0,0,2021,0,0,0,0,0,0,0,1.7387580871582031,1.0,3.0,0.0,0.0,20.0,0,0,0,0,0,0
NER,21503,215,3,1,4.0,1,1,0,0,0,0,0,0,0,0,0,0,2021,0,0,0,0,0,0,0,1.9815999865531921,0.0,4.0,0.0,0.0,0.0,0,0,0,0,0,0
NER,21504,215,4,1,2.0,1,0,0,0,0,0,0,0,0,0,0,0,2021,0,0,0,0,0,0,0,3.9414000511169434,2.0,8.0,0.0,0.0,26.0,1,0,1,0,0,0
NER,21505,215,5,1,2.0,0,0,0,0,0,0,0,0,0,0,0,0,2021,0,0,0,0,0,0,0,4.401982665061951,4.0,23.0,0.0,0.0,47.0,0,0,0,0,0,0
NER,21506,215,6,1,4.0,0,0,0,0,0,0,0,0,0,0,0,0,2021,0,0,0,0,0,0,0,0.47276243567466736,1.0,3.0,0.0,0.0,34.0,0,0,0,0,0,0
NER,21507,215,7,1,2.0,0,0,0,0,0,0,0,0,0,0,0,0,2021,0,0,0,0,0,0,0,1.0,2.0,3.0,0.0,0.0,22.0,1,1,0,0,0,0
NER,21508,215,8,1,2.0,1,0,0,0,0,0,0,0,0,0,0,0,2021,0,0,0,0,0,0,0,4.8474684953689575,5.0,16.0,0.0,0.0,55.0,0,0,0,0,0,0
NER,21509,215,9,1,4.0,1,0,0,0,0,0,0,0,1,0,0,0,2021,0,0,0,0,0,0,0,,0.0,0.0,0.0,0.0,20.0,0,0,0,0,0,0
NER,21510,215,10,1,4.0,1,1,0,0,0,0,0,0,0,0,0,0,2021,0,0,0,0,0,0,0,1.0924112796783447,0.0,0.0,0.0,0.0,2.0,1,0,0,0,0,0
NER,21511,215,11,1,2.0,0,0,0,0,0,0,0,0,0,0,0,0,2021,0,0,0,0,0,0,0,1.4132814407348633,0.0,2.0,0.0,0.0,5.0,1,0,0,0,0,0
NER,21512,215,12,1,2.0,1,0,0,0,0,0,0,0,0,0,0,0,2021,0,0,0,0,0,0,0,3.946609854698181,4.0,0.0,0.0,0.0,36.0,0,0,0,0,0,0
NER,21601,216,1,2,2.0,0,0,0,1,0,0,0,0,0,0,0,0,2021,0,0,0,0,0,0,0,1.6399999856948853,1.0,13.0,0.0,0.0,7.0,1,0,0,0,0,0
NER,21602,216,2,2,2.0,0,0,0,0,0,0,0,0,0,0,0,0,2021,0,0,0,0,0,0,0,1.1539999842643738,3.0,6.0,0.0,0.0,0.0,0,0,0,0,0,0
NER,21603,216,3,2,2.0,0,0,0,0,0,0,0,0,0,0,0,0,2021,0,0,0,0,0,0,0,2.430000066757202,1.0,4.0,0.0,0.0,3.0,0,0,0,0,0,0
NER,21604,216,4,2,2.0,0,0,0,0,0,0,0,0,0,0,0,0,2021,0,0,0,0,0,0,0,1.9700000286102295,2.0,2.0,0.0,0.0,7.0,0,0,0,0,0,0
NER,21605,216,5,2,2.0,0,0,0,1,1,0,0,0,0,0,0,0,2021,0,0,0,0,0,0,0,4.608883500099182,4.0,4.0,0.0,0.0,0.0,0,0,0,1,0,0
NER,21606,216,6,2,2.0,0,0,0,1,0,0,0,0,0,0,0,0,2021,0,0,0,0,0,0,0,3.4200000762939453,0.0,8.0,0.0,0.0,0.0,0,0,0,0,0,0
NER,21607,216,7,2,2.0,0,0,0,0,0,0,0,0,0,0,0,0,2021,0,0,0,0,0,0,0,1.081508755683899,3.0,2.0,0.0,0.0,0.0,1,0,0,1,0,0
NER,21608,216,8,2,2.0,0,0,0,0,0,0,0,0,0,0,0,0,2021,0,0,0,0,0,0,0,3.363805413246155,1.0,6.0,0.0,0.0,0.0,0,0,0,1,0,0
NER,21609,216,9,2,2.0,0,0,0,1,0,0,0,0,0,0,0,0,2021,0,0,0,0,0,0,0,3.4199999570846558,5.0,9.0,0.0,0.0,10.0,0,0,0,0,0,0
NER,21610,216,10,2,2.0,0,0,0,0,0,0,0,0,0,0,0,0,2021,0,0,0,0,0,0,0,2.0199999809265137,0.0,2.0,0.0,0.0,0.0,1,0,0,0,0,0
NER,21611,216,11,2,2.0,0,0,0,0,0,0,0,0,0,0,0,0,2021,0,0,0,0,0,0,0,1.4398011267185211,2.0,2.0,0.0,0.0,2.0,0,0,0,0,0,0
NER,21612,216,12,2,2.0,0,0,0,0,0,0,0,0,0,0,0,0,2021,0,0,0,0,0,0,0,2.369999885559082,0.0,0.0,0.0,0.0,5.0,0,1,0,0,0,0
NER,21702,217,2,1,2.0,0,0,0,0,0,0,0,0,0,0,0,0,2021,0,0,0,0,0,0,0,3.1224000453948975,0.0,3.0,0.0,0.0,15.0,0,0,0,0,0,0
NER,21703,217,3,1,4.0,1,0,0,1,1,0,0,1,0,0,0,0,2021,0,0,0,0,0,0,0,5.6762001514434814,1.0,1.0,0.0,0.0,12.0,0,0,0,0,0,0
NER,21704,217,4,1,2.0,0,0,0,1,1,0,0,0,0,0,0,0,2021,0,0,0,0,0,0,0,0.8984000086784363,0.0,5.0,0.0,0.0,10.0,0,1,0,0,0,0
NER,21705,217,5,1,4.0,1,0,0,0,0,0,0,0,0,0,0,0,2021,0,0,0,0,0,0,0,2.7945001125335693,,,,,,0,0,0,0,0,0
NER,21706,217,6,1,2.0,1,0,0,0,0,0,0,0,0,0,0,0,2021,0,0,0,0,0,0,0,1.4128999710083008,0.0,1.0,0.0,0.0,3.0,0,0,0,0,0,0
NER,21707,217,7,1,2.0,1,0,0,1,1,0,0,0,0,0,0,0,2021,0,0,0,0,0,0,0,1.8042000532150269,2.0,4.0,0.0,0.0,15.0,0,1,1,0,0,0
NER,21708,217,8,1,4.0,1,0,0,0,0,0,0,0,0,0,0,0,2021,0,0,0,0,0,0,0,2.7945001125335693,0.0,0.0,0.0,0.0,11.0,0,0,0,0,0,0
NER,21709,217,9,1,2.0,1,0,0,0,0,0,0,0,0,0,0,0,2021,0,0,0,0,0,0,0,0.3903000056743622,0.0,3.0,0.0,0.0,20.0,0,0,0,0,0,0
NER,21710,217,10,1,2.0,1,0,0,1,0,0,0,0,0,0,0,0,2021,0,0,0,0,0,0,0,3.6259000301361084,1.0,4.0,0.0,0.0,3.0,1,1,1,0,0,0
NER,21711,217,11,1,2.0,0,0,0,0,0,0,0,0,0,0,0,0,2021,0,0,0,0,0,0,0,0.9013000130653381,0.0,3.0,0.0,0.0,30.0,0,0,0,0,0,0
NER,21712,217,12,1,2.0,1,0,0,0,0,0,0,0,1,0,0,0,2021,0,0,0,0,0,0,0,1.7912999391555786,1.0,5.0,0.0,0.0,20.0,0,0,0,0,0,0
NER,21727,217,27,1,2.0,1,0,0,1,0,0,0,0,0,0,0,0,2021,0,0,0,0,0,0,0,1.7986096143722534,1.0,7.0,0.0,0.0,25.0,0,0,0,1,0,0
NER,21801,218,1,2,2.0,1,0,0,1,1,0,0,0,0,0,0,0,2021,0,0,0,0,0,0,0,2.0605000257492065,1.0,3.0,0.0,0.0,0.0,0,0,0,1,0,0
NER,21802,218,2,2,2.0,1,0,0,1,1,0,0,0,0,0,0,0,2021,0,0,0,0,0,0,0,0.8163999915122986,0.0,2.0,0.0,0.0,0.0,1,0,0,0,0,0
NER,21803,218,3,2,2.0,1,0,0,1,1,0,0,0,0,0,0,0,2021,0,0,0,0,0,0,0,1.9421000480651855,1.0,6.0,0.0,0.0,0.0,0,0,0,0,0,0
NER,21804,218,4,2,2.0,1,0,1,1,1,0,0,0,0,0,0,0,2021,0,0,0,0,0,0,0,0.954200029373169,1.0,3.0,0.0,0.0,0.0,0,0,0,0,0,0
NER,21805,218,5,2,2.0,1,0,0,1,1,0,0,0,0,0,0,0,2021,0,0,0,0,0,0,0,1.181274175643921,1.0,2.0,0.0,0.0,0.0,1,0,0,1,0,0
NER,21806,218,6,2,4.0,1,0,0,1,1,0,0,0,0,0,0,0,2021,0,0,0,0,0,0,0,0.13500000536441803,,,,,,0,0,0,0,0,0
NER,21807,218,7,2,4.0,1,0,0,0,0,0,0,0,0,0,0,0,2021,0,0,0,0,0,0,0,,0.0,1.0,0.0,0.0,0.0,1,0,0,0,0,0
NER,21808,218,8,2,2.0,1,0,0,1,1,0,0,0,0,0,0,0,2021,0,0,0,0,0,0,0,0.29030001163482666,0.0,3.0,0.0,0.0,0.0,1,0,0,1,0,0
NER,21810,218,10,2,2.0,1,0,0,1,1,0,0,0,0,0,0,0,2021,0,0,0,0,0,0,0,1.0763567686080933,0.0,4.0,0.0,0.0,0.0,0,0,0,0,0,0
NER,21811,218,11,2,4.0,1,0,0,1,1,0,0,0,0,0,0,0,2021,0,0,0,0,0,0,0,0.3253585398197174,,,,,,0,0,0,0,0,0
NER,21812,218,12,2,4.0,1,0,0,1,1,0,0,0,0,0,0,0,2021,0,0,0,0,0,0,0,1.0763567686080933,0.0,3.0,0.0,0.0,0.0,0,0,0,0,0,0
NER,21827,218,27,2,4.0,1,0,0,1,1,0,0,0,0,0,0,0,2021,0,0,0,0,0,0,0,0.8799999952316284,0.0,2.0,0.0,0.0,0.0,0,0,0,0,0,0
NER,21901,219,1,1,2.0,1,0,0,1,1,0,0,0,0,0,0,0,2021,0,0,0,0,0,0,0,3.226300001144409,0.0,6.0,0.0,0.0,12.0,0,1,0,0,0,0
NER,21902,219,2,1,2.0,1,0,0,1,1,0,0,0,0,0,0,0,2021,0,0,0,0,0,0,0,5.027700066566467,2.0,3.0,0.0,0.0,18.0,0,0,0,0,0,0
NER,21903,219,3,1,2.0,1,0,0,1,1,0,0,0,0,0,0,0,2021,0,0,0,0,0,0,0,3.0411999821662903,2.0,1.0,0.0,0.0,23.0,1,0,0,0,0,0
NER,21904,219,4,1,2.0,1,0,0,1,1,0,0,0,0,0,0,0,2021,0,0,0,0,0,0,0,,,,,,,1,0,0,0,0,0
NER,21905,219,5,1,4.0,1,0,0,1,1,0,0,0,0,0,0,0,2021,0,0,0,0,0,0,0,2.140500068664551,0.0,2.0,0.0,0.0,3.0,0,0,0,0,0,0
NER,21906,219,6,1,2.0,1,1,0,1,1,0,0,0,0,0,0,0,2021,0,0,0,0,0,0,0,4.4941999316215515,,,,,,0,0,0,0,0,0
NER,21907,219,7,1,2.0,1,0,0,1,1,0,0,0,0,0,0,0,2021,0,0,0,0,0,0,0,1.1093000173568726,0.0,2.0,0.0,0.0,0.0,0,1,1,0,0,0
NER,21908,219,8,1,2.0,1,0,0,1,1,0,0,0,0,0,0,0,2021,0,0,0,0,0,0,0,13.390999794006348,4.0,22.0,0.0,0.0,25.0,0,0,0,0,0,0
NER,21909,219,9,1,2.0,1,0,0,1,1,0,0,0,0,0,0,0,2021,0,0,0,0,0,0,0,1.5164000391960144,0.0,2.0,0.0,0.0,0.0,1,0,0,0,0,0
NER,21910,219,10,1,2.0,1,0,0,1,1,0,0,0,0,0,0,0,2021,0,0,0,0,0,0,0,4.328999996185303,1.0,4.0,0.0,0.0,1.0,1,0,0,0,0,0
NER,21911,219,11,1,2.0,1,0,0,1,1,0,0,0,0,0,0,0,2021,0,0,0,0,0,0,0,0.4296000003814697,0.0,4.0,0.0,0.0,0.0,0,0,0,0,0,0
NER,21912,219,12,1,4.0,1,1,0,1,1,0,0,0,0,0,0,0,2021,0,0,0,0,0,0,0,0.7134000062942505,,,,,,0,0,0,0,0,0
NER,22001,220,1,2,2.0,1,0,0,1,1,0,0,0,0,0,0,0,2021,0,0,0,0,0,0,0,5.9847002029418945,1.0,15.0,0.0,0.0,0.0,1,0,0,1,0,0
NER,22003,220,3,2,2.0,1,0,0,1,1,0,0,0,0,0,0,0,2021,0,0,0,0,0,0,0,4.91510009765625,0.0,9.0,0.0,0.0,0.0,1,0,0,0,0,0
NER,22004,220,4,2,2.0,1,0,0,1,1,0,0,0,0,0,0,0,2021,0,0,0,0,0,0,0,1.4386999607086182,1.0,8.0,0.0,0.0,0.0,0,1,0,1,0,0
NER,22005,220,5,2,2.0,1,0,1,1,1,0,0,0,0,0,0,0,2021,0,0,0,0,0,0,0,2.7623000144958496,1.0,5.0,0.0,0.0,0.0,1,0,0,1,0,0
NER,22006,220,6,2,2.0,1,0,0,1,1,0,0,0,0,0,0,0,2021,0,0,0,0,0,0,0,1.2882000207901,2.0,6.0,0.0,0.0,0.0,0,0,0,1,0,0
NER,22007,220,7,2,2.0,1,0,0,1,1,0,0,0,0,0,0,0,2021,0,0,0,0,0,0,0,3.226099967956543,0.0,4.0,0.0,0.0,0.0,0,0,0,0,0,0
NER,22008,220,8,2,4.0,1,0,0,0,0,0,0,0,0,0,0,0,2021,0,0,0,0,0,0,0,0.3709999918937683,0.0,4.0,0.0,0.0,0.0,1,0,0,1,0,0
NER,22009,220,9,2,4.0,1,0,0,1,1,0,0,0,0,0,0,0,2021,0,0,0,0,0,0,0,1.1505000591278076,0.0,3.0,0.0,0.0,0.0,0,0,0,1,0,0
NER,22010,220,10,2,2.0,0,0,0,1,1,0,0,0,0,0,0,0,2021,0,0,0,0,0,0,0,1.3612816333770752,0.0,4.0,0.0,0.0,0.0,0,1,0,1,0,0
NER,22011,220,11,2,2.0,0,0,0,1,1,0,0,0,0,0,0,0,2021,0,0,0,0,0,0,0,6.308802008628845,1.0,18.0,0.0,0.0,0.0,0,0,0,0,0,0
NER,22012,220,12,2,2.0,0,0,0,1,1,0,0,0,0,0,0,0,2021,0,0,0,0,0,0,0,5.542799949645996,2.0,11.0,0.0,0.0,0.0,0,0,0,0,0,0
NER,22014,220,14,2,4.0,0,0,0,1,1,0,0,0,0,0,0,0,2021,0,0,0,0,0,0,0,1.0239334106445312,,,,,,0,1,0,0,0,0
NER,22101,221,1,1,2.0,1,0,0,1,1,0,0,0,0,0,0,0,2021,0,0,0,0,0,0,0,1.7157000005245209,0.0,2.0,0.0,0.0,0.0,0,0,1,0,0,0
NER,22102,221,2,1,2.0,1,0,0,1,1,0,0,0,0,0,0,0,2021,0,0,0,0,0,0,0,8.485299825668335,0.0,7.0,0.0,0.0,0.0,0,0,0,0,0,0
NER,22104,221,4,1,1.0,1,0,0,1,1,0,0,0,0,0,0,0,2021,0,0,0,0,0,0,0,2.996500015258789,1.0,5.0,0.0,0.0,11.0,0,1,1,0,0,0
NER,22105,221,5,1,2.0,1,1,1,1,1,0,0,0,0,0,0,0,2021,0,0,0,0,0,0,0,7.221299886703491,0.0,2.0,0.0,0.0,0.0,0,0,0,0,0,0
NER,22107,221,7,1,1.0,1,0,0,1,1,0,0,0,0,0,0,0,2021,0,0,0,0,0,0,0,12.008600115776062,1.0,19.0,0.0,0.0,0.0,1,1,0,0,0,0
NER,22108,221,8,1,2.0,1,0,0,1,1,0,0,0,0,0,0,0,2021,0,0,0,0,0,0,0,4.561999797821045,1.0,4.0,0.0,0.0,5.0,0,0,0,0,0,0
NER,22110,221,10,1,2.0,1,0,0,1,1,0,0,0,0,0,0,0,2021,0,0,0,0,0,0,0,2.6045000553131104,0.0,3.0,0.0,0.0,0.0,0,1,0,0,0,0
NER,22111,221,11,1,4.0,1,0,0,1,1,0,0,0,0,0,0,0,2021,0,0,0,0,0,0,0,7.8404998779296875,,,,,,0,0,0,0,0,0
NER,22117,221,17,1,2.0,1,1,0,1,1,0,0,0,0,0,0,0,2021,0,0,0,0,0,0,0,9.060200214385986,1.0,7.0,0.0,0.0,0.0,0,0,0,0,0,0
NER,22118,221,18,1,2.0,1,0,0,1,1,0,0,0,0,0,0,0,2021,0,0,0,0,0,0,0,3.386399984359741,0.0,0.0,0.0,0.0,1.0,0,0,0,0,0,0
NER,22119,221,19,1,2.0,1,0,0,1,1,0,0,0,0,0,0,0,2021,0,0,0,0,0,0,0,7.409899950027466,0.0,3.0,0.0,0.0,4.0,0,0,0,0,0,0
NER,22120,221,20,1,4.0,1,0,0,1,1,0,0,0,0,0,0,0,2021,0,0,0,0,0,0,0,5.557199954986572,1.0,0.0,0.0,0.0,0.0,0,0,0,0,0,0
NER,22201,222,1,2,2.0,1,0,0,1,1,0,0,0,0,1,1,0,2021,0,0,0,0,0,0,0,1.110500007867813,0.0,4.0,0.0,0.0,0.0,0,0,0,0,0,0
NER,22202,222,2,2,2.0,1,0,0,1,1,0,0,0,0,1,1,0,2021,0,0,0,0,0,0,0,0.9012000113725662,1.0,7.0,0.0,0.0,0.0,0,0,0,0,0,0
NER,22203,222,3,2,4.0,1,0,0,1,1,0,0,0,0,0,0,0,2021,0,0,0,0,0,0,0,0.43070000410079956,,,,,,1,1,0,0,0,0
NER,22205,222,5,2,2.0,1,0,0,1,1,0,0,0,0,1,1,0,2021,0,0,0,0,0,0,0,5.368308633565903,0.0,8.0,0.0,0.0,0.0,1,1,0,0,0,0
NER,22206,222,6,2,2.0,1,0,0,1,1,0,0,0,0,0,0,0,2021,0,0,0,0,0,0,0,,0.0,4.0,0.0,0.0,0.0,0,0,1,1,0,0
NER,22208,222,8,2,2.0,1,0,0,1,1,0,0,0,0,0,0,0,2021,0,0,0,0,0,0,0,3.2380571365356445,2.0,3.0,0.0,0.0,0.0,1,0,1,0,0,0
NER,22209,222,9,2,4.0,1,0,0,1,1,0,0,0,0,0,0,0,2021,0,0,0,0,0,0,0,4.5849204659461975,1.0,3.0,0.0,0.0,0.0,0,0,0,1,0,0
NER,22210,222,10,2,2.0,1,0,0,1,1,0,0,0,0,0,0,0,2021,0,0,0,0,0,0,0,1.2799999713897705,1.0,8.0,0.0,0.0,0.0,0,1,0,0,0,0
NER,22211,222,11,2,2.0,1,0,0,1,1,0,0,0,0,0,0,0,2021,0,0,0,0,0,0,0,,1.0,4.0,0.0,0.0,0.0,0,1,0,0,0,0
NER,22212,222,12,2,2.0,1,1,1,1,1,0,0,1,0,1,1,0,2021,0,0,0,0,0,0,1,7.96615332365036,0.0,14.0,0.0,0.0,0.0,0,1,0,0,0,0
NER,22214,222,14,2,2.0,1,0,0,1,1,0,0,0,0,0,0,0,2021,0,0,0,0,0,0,0,0.800000011920929,0.0,6.0,0.0,0.0,0.0,1,1,0,0,0,0
NER,22226,222,26,2,1.0,1,1,0,1,1,0,0,0,0,0,0,0,2021,0,0,0,0,0,0,0,,1.0,0.0,0.0,0.0,0.0,0,0,0,0,0,0
NER,22301,223,1,1,2.0,1,1,1,1,0,0,0,0,0,0,0,0,2021,0,0,0,0,0,0,0,3.0053999423980713,8.0,16.0,0.0,0.0,36.0,0,1,0,0,0,0
NER,22302,223,2,1,2.0,0,0,0,0,0,0,0,0,0,0,0,0,2021,0,0,0,0,0,0,0,3.2960000038146973,0.0,4.0,0.0,0.0,0.0,0,0,0,0,0,0
NER,22303,223,3,1,2.0,1,0,0,0,0,0,0,0,0,0,0,0,2021,0,0,0,0,0,0,0,,0.0,5.0,0.0,0.0,3.0,0,0,0,0,0,0
NER,22304,223,4,1,2.0,1,0,0,1,0,0,0,0,0,0,0,0,2021,0,0,0,0,0,0,0,1.3526999950408936,3.0,2.0,0.0,0.0,5.0,0,1,1,0,0,0
NER,22305,223,5,1,2.0,0,0,0,0,0,0,0,0,0,0,0,0,2021,0,0,0,0,0,0,0,1.122499942779541,0.0,0.0,0.0,0.0,4.0,0,0,0,0,0,0
NER,22306,223,6,1,2.0,1,0,0,1,1,0,0,0,0,0,0,0,2021,0,0,0,0,0,0,0,1.95660001039505,0.0,5.0,0.0,0.0,3.0,0,1,0,0,0,0
NER,22308,223,8,1,2.0,0,0,0,0,0,0,0,0,0,0,0,0,2021,0,0,0,0,0,0,0,3.8517000675201416,5.0,7.0,0.0,0.0,13.0,0,1,0,0,0,0
NER,22309,223,9,1,2.0,1,0,0,0,0,0,0,0,0,0,0,0,2021,0,0,0,0,0,0,0,1.301300048828125,1.0,2.0,0.0,0.0,20.0,0,1,1,0,0,0
NER,22310,223,10,1,4.0,1,0,0,0,0,0,0,0,0,0,0,0,2021,0,0,0,0,0,0,0,,0.0,0.0,0.0,0.0,9.0,0,0,0,0,0,0
NER,22311,223,11,1,2.0,1,0,0,0,1,0,0,0,0,0,0,0,2021,0,0,0,0,0,0,0,0.9983000159263611,0.0,1.0,0.0,0.0,0.0,0,0,0,0,0,0
NER,22312,223,12,1,2.0,0,0,0,0,0,0,0,0,0,0,0,0,2021,0,0,0,0,0,0,0,2.6413000226020813,0.0,2.0,0.0,0.0,18.0,0,0,0,0,0,0
NER,22314,223,14,1,2.0,1,0,0,0,0,0,0,0,0,0,0,0,2021,0,0,0,0,0,0,0,0.620600014925003,0.0,0.0,0.0,0.0,9.0,0,0,0,0,0,0
NER,22401,224,1,2,1.0,1,1,1,1,1,1,1,0,1,1,1,0,2021,1,1,1,0,1,0,1,,0.0,4.0,0.0,0.0,0.0,0,0,0,0,0,0
NER,22402,224,2,2,4.0,1,1,0,1,1,1,1,0,1,1,1,0,2021,1,0,1,1,1,1,1,,0.0,7.0,0.0,0.0,0.0,0,0,0,0,0,0
NER,22404,224,4,2,4.0,1,0,1,1,1,0,1,0,1,1,1,0,2021,1,0,0,0,0,0,0,0.8587958216667175,0.0,3.0,0.0,0.0,0.0,1,0,0,0,0,0
NER,22405,224,5,2,4.0,0,1,1,1,1,0,0,0,0,0,0,0,2021,0,0,0,0,0,0,0,,0.0,2.0,0.0,0.0,0.0,0,1,0,1,0,0
NER,22408,224,8,2,1.0,1,1,1,1,1,1,1,0,0,1,1,0,2021,1,0,1,0,1,1,1,,3.0,23.0,0.0,0.0,0.0,0,0,0,1,0,0
NER,22409,224,9,2,4.0,1,1,1,1,1,1,1,0,0,1,1,0,2021,1,1,1,0,1,1,1,,0.0,6.0,0.0,0.0,0.0,0,0,0,0,0,0
NER,22412,224,12,2,4.0,1,1,1,1,1,0,1,0,0,1,1,0,2021,1,0,0,0,0,0,0,,,,,,,0,0,0,0,0,0
NER,22418,224,18,2,4.0,1,1,1,1,1,0,0,0,0,1,0,0,2021,0,0,0,0,0,0,0,,,,,,,0,0,0,0,0,0
NER,22419,224,19,2,3.0,1,1,1,1,1,1,1,0,0,1,1,0,2021,1,0,0,1,0,1,0,,,,,,,0,0,0,0,0,0
NER,22423,224,23,2,4.0,1,1,1,1,1,1,1,0,0,1,1,0,2021,0,0,0,0,0,0,0,1.6245709657669067,0.0,3.0,0.0,0.0,0.0,1,0,1,0,0,0
NER,22426,224,26,2,3.0,1,1,1,1,1,1,1,0,1,1,1,0,2021,1,0,1,0,0,1,0,,,,,,,0,0,0,0,0,0
NER,22428,224,28,2,3.0,1,1,1,1,1,1,1,0,1,1,1,1,2021,1,0,0,0,0,1,0,,,,,,,1,0,0,0,0,0
NER,22501,225,1,1,3.0,1,1,1,1,1,1,1,0,1,1,0,0,2021,1,0,0,0,0,1,0,,,,,,,0,0,0,0,0,0
NER,22502,225,2,1,3.0,1,1,1,1,1,1,1,0,1,0,0,0,2021,1,0,0,0,0,0,0,,,,,,,0,0,0,0,0,0
NER,22504,225,4,1,1.0,1,1,1,0,0,0,1,0,1,0,0,0,2021,0,0,0,0,0,0,0,,,,,,,1,0,0,0,0,0
NER,22505,225,5,1,1.0,1,1,1,1,1,0,0,0,1,0,0,0,2021,0,0,0,0,0,0,0,,,,,,,0,1,0,0,0,0
NER,22506,225,6,1,1.0,1,1,1,1,1,0,0,0,0,0,0,0,2021,0,0,0,0,0,0,0,,0.0,4.0,0.0,0.0,0.0,0,0,0,0,0,0
NER,22507,225,7,1,3.0,1,1,1,0,0,1,1,0,1,0,0,0,2021,1,0,0,0,0,1,0,,,,,,,1,0,0,0,0,0
NER,22508,225,8,1,1.0,1,1,1,1,1,1,1,0,1,0,0,0,2021,1,0,0,0,0,0,0,,0.0,5.0,0.0,0.0,0.0,0,0,0,0,0,0
NER,22509,225,9,1,3.0,1,1,1,1,1,0,0,0,0,0,0,0,2021,0,0,0,0,0,0,0,,,,,,,0,1,0,0,0,0
NER,22510,225,10,1,1.0,1,1,1,0,0,1,1,0,1,0,0,0,2021,1,0,0,0,0,0,0,,,,,,,0,0,0,0,0,0
NER,22511,225,11,1,1.0,1,1,1,1,1,0,0,0,1,0,0,0,2021,1,0,0,0,0,0,0,,,,,,,1,0,0,0,0,0
NER,22512,225,12,1,1.0,1,0,1,1,1,0,1,0,1,0,1,0,2021,0,0,0,0,0,0,0,,,,,,,0,0,0,0,0,0
NER,22520,225,20,1,4.0,1,1,1,1,1,0,0,0,0,0,1,0,2021,0,0,0,0,0,0,0,,,,,,,1,0,0,0,0,0
NER,22601,226,1,2,4.0,1,1,1,1,1,0,0,0,1,1,0,0,2021,0,0,0,0,0,0,0,,0.0,0.0,0.0,0.0,0.0,1,1,0,0,0,0
NER,22602,226,2,2,3.0,1,1,1,1,1,1,1,0,1,1,0,0,2021,1,0,0,0,0,0,0,,,,,,,0,0,0,0,0,0
NER,22604,226,4,2,4.0,1,1,1,1,1,1,1,0,1,1,0,1,2021,1,0,0,0,0,0,0,,,,,,,0,0,0,0,0,0
NER,22605,226,5,2,1.0,1,1,1,1,1,1,1,0,1,1,1,0,2021,1,0,0,0,0,0,0,1.6642296314239502,0.0,1.0,0.0,0.0,0.0,0,0,0,1,0,0
NER,22607,226,7,2,3.0,1,1,1,1,1,0,1,0,1,1,1,0,2021,1,0,0,0,0,0,0,,0.0,3.0,0.0,0.0,0.0,1,0,1,0,0,0
NER,22608,226,8,2,4.0,1,1,1,1,1,1,1,0,1,1,1,1,2021,1,0,0,0,0,0,0,,,,,,,0,0,0,1,0,0
NER,22610,226,10,2,1.0,1,1,1,1,1,1,1,0,1,1,1,0,2021,0,0,0,0,0,0,0,,,,,,,0,0,0,0,0,0
NER,22611,226,11,2,1.0,1,1,1,1,1,0,0,1,0,1,1,0,2021,0,0,0,0,0,0,0,0.8077098727226257,0.0,2.0,0.0,0.0,0.0,0,0,0,0,0,0
NER,22618,226,18,2,3.0,1,1,1,1,1,1,1,0,1,1,1,1,2021,1,0,0,0,0,0,0,,,,,,,1,0,0,0,0,0
NER,22620,226,20,2,1.0,1,1,1,1,1,1,1,0,1,1,1,0,2021,1,0,0,0,0,0,0,,,,,,,0,0,0,1,0,0
NER,22621,226,21,2,1.0,1,1,1,1,1,1,1,0,0,0,1,0,2021,0,0,0,0,0,0,0,,0.0,5.0,0.0,0.0,0.0,1,0,0,0,0,0
NER,22625,226,25,2,3.0,1,1,1,1,1,0,0,0,0,0,0,0,2021,0,0,0,0,0,0,0,,,,,,,1,0,0,1,0,0
NER,22702,227,2,1,4.0,1,1,1,1,1,0,0,0,1,0,0,0,2021,0,0,0,0,0,0,0,,,,,,,0,0,0,1,0,0
NER,22703,227,3,1,1.0,1,1,1,1,1,1,1,0,1,0,1,0,2021,1,0,1,0,0,0,0,,0.0,6.0,0.0,8.0,22.0,1,0,0,0,0,0
NER,22705,227,5,1,4.0,1,1,1,1,1,1,1,0,1,0,0,0,2021,1,0,0,0,0,0,0,,,,,,,1,0,0,0,0,0
NER,22706,227,6,1,4.0,1,1,1,1,1,1,1,0,0,0,1,0,2021,1,0,1,0,0,1,0,,,,,,,0,0,0,0,0,0
NER,22709,227,9,1,4.0,1,1,1,1,1,0,1,0,0,0,1,0,2021,1,0,0,0,0,0,0,,,,,,,1,0,0,0,0,0
NER,22710,227,10,1,3.0,1,1,1,1,1,1,1,0,1,0,0,0,2021,1,0,0,0,0,1,0,,,,,,,0,0,0,0,0,0
NER,22711,227,11,1,1.0,1,1,1,1,1,1,1,0,1,0,0,0,2021,1,0,0,0,0,1,1,,,,,,,0,0,0,0,0,0
NER,22712,227,12,1,1.0,1,1,1,1,1,1,1,0,1,0,1,0,2021,0,0,0,0,0,0,0,,,,,,,0,0,0,0,0,0
NER,22717,227,17,1,4.0,1,1,1,1,1,0,1,0,1,0,0,0,2021,0,0,0,0,0,0,0,,,,,,,1,0,0,0,0,0
NER,22719,227,19,1,1.0,1,1,1,1,1,1,1,0,1,0,0,0,2021,1,0,1,0,0,1,0,,,,,,,0,0,0,0,0,0
NER,22724,227,24,1,4.0,1,1,0,1,1,0,0,0,1,1,0,0,2021,0,0,0,0,0,0,0,,,,,,,0,1,0,0,0,0
NER,22728,227,28,1,2.0,1,1,1,1,1,0,0,0,1,0,0,0,2021,0,0,0,0,0,0,0,,,,,,,0,0,0,0,0,0
NER,22802,228,2,2,1.0,1,1,1,1,1,1,1,0,1,1,1,1,2021,0,0,0,0,0,0,0,,0.0,2.0,0.0,0.0,0.0,1,0,0,0,0,0
NER,22807,228,7,2,1.0,1,1,1,1,1,1,1,0,1,1,1,0,2021,0,0,0,0,0,0,0,,0.0,3.0,0.0,0.0,0.0,0,0,0,1,0,0
NER,22810,228,10,2,1.0,1,1,1,1,1,1,1,0,1,1,1,0,2021,1,0,1,1,1,1,1,,,,,,,0,0,0,0,0,0
NER,22812,228,12,2,1.0,1,1,1,1,1,1,1,0,0,1,1,0,2021,0,0,0,0,0,0,0,,,,,,,0,0,0,0,0,0
NER,22817,228,17,2,4.0,1,1,1,1,1,1,1,0,1,1,1,1,2021,1,0,1,0,0,0,0,,,,,,,0,0,0,0,0,0
NER,22818,228,18,2,3.0,1,1,1,1,1,1,1,0,1,0,0,0,2021,0,0,0,0,0,0,0,0.7531976103782654,,,,,,0,0,0,0,0,0
NER,22819,228,19,2,1.0,1,1,1,1,1,1,1,0,1,1,1,1,2021,1,0,1,0,0,1,0,,,,,,,0,0,0,0,0,0
NER,22820,228,20,2,3.0,1,1,1,1,1,1,1,0,1,1,1,1,2021,1,1,1,1,0,1,0,,,,,,,1,0,0,0,0,0
NER,22822,228,22,2,4.0,1,1,1,1,1,1,1,0,1,1,1,0,2021,1,0,0,1,0,1,0,,,,,,,0,0,0,0,0,0
NER,22825,228,25,2,4.0,1,1,1,1,1,0,0,1,1,1,1,0,2021,1,0,0,0,0,0,0,,0.0,4.0,0.0,0.0,0.0,0,0,0,0,0,0
NER,22826,228,26,2,3.0,1,1,1,1,1,1,1,0,1,1,1,0,2021,0,0,0,1,0,0,0,,,,,,,1,0,0,1,0,0
NER,22827,228,27,2,4.0,1,1,1,1,1,1,1,0,1,1,1,0,2021,1,0,0,0,0,0,0,,0.0,1.0,0.0,0.0,0.0,1,0,0,1,0,0
NER,22902,229,2,1,2.0,1,1,1,1,1,0,0,0,1,0,0,0,2021,0,0,0,0,0,0,0,1.191100001335144,,,,,,1,0,0,0,0,1
NER,22903,229,3,1,4.0,1,1,1,1,1,0,0,0,0,0,0,0,2021,0,0,0,0,0,0,0,,,,,,,1,0,0,0,0,0
NER,22904,229,4,1,1.0,1,1,1,1,1,1,1,0,0,0,0,0,2021,0,0,0,0,0,0,0,,,,,,,0,0,0,0,0,0
NER,22905,229,5,1,4.0,1,1,0,1,1,0,0,0,1,0,0,0,2021,0,0,0,0,0,0,0,,,,,,,0,0,0,0,0,1
NER,22906,229,6,1,4.0,1,0,0,1,1,1,1,0,0,0,0,0,2021,0,0,0,0,0,0,0,2.0920999720692635,,,,,,0,0,0,1,0,0
NER,22907,229,7,1,3.0,1,1,1,1,1,1,1,0,0,0,1,0,2021,1,0,0,0,0,1,0,,,,,,,0,0,0,0,0,0
NER,22909,229,9,1,4.0,1,1,0,1,1,1,1,0,0,0,0,0,2021,0,0,0,0,0,0,0,,0.0,0.0,0.0,0.0,4.0,0,0,0,1,0,0
NER,22912,229,12,1,4.0,1,0,1,1,1,0,0,0,1,0,0,0,2021,0,0,0,0,0,0,0,,,,,,,1,0,0,0,0,0
NER,22917,229,17,1,4.0,1,1,1,1,1,1,1,0,0,0,1,0,2021,0,0,0,0,0,0,0,,,,,,,0,0,0,0,0,0
NER,22918,229,18,1,1.0,1,1,1,1,1,1,1,0,1,0,0,0,2021,0,0,0,0,0,0,0,,0.0,2.0,0.0,0.0,0.0,0,1,0,0,0,0
NER,22920,229,20,1,4.0,1,0,0,1,1,0,1,0,0,0,1,0,2021,1,0,0,0,0,0,0,,0.0,2.0,0.0,0.0,0.0,0,1,0,0,0,0
NER,22925,229,25,1,2.0,1,1,1,1,1,1,1,0,1,1,0,0,2021,1,0,0,0,0,1,0,,,,,,,0,0,0,0,0,0
NER,23001,230,1,2,4.0,0,0,0,1,1,0,0,0,1,1,1,1,2021,0,0,0,0,0,0,0,1.5846110582351685,1.0,2.0,0.0,0.0,0.0,1,0,0,0,0,0
NER,23002,230,2,2,1.0,1,1,1,1,1,1,1,0,1,1,1,1,2021,1,0,1,1,0,1,0,,0.0,4.0,0.0,0.0,0.0,0,0,0,0,0,0
NER,23003,230,3,2,3.0,1,1,1,1,1,1,1,0,1,1,1,1,2021,1,0,0,1,0,0,0,,,,,,,0,1,0,0,0,0
NER,23004,230,4,2,3.0,1,1,1,1,1,1,1,0,1,1,1,0,2021,1,0,1,0,1,1,0,,,,,,,1,0,0,0,0,0
NER,23005,230,5,2,3.0,1,1,1,1,1,1,1,0,1,1,1,1,2021,1,0,1,0,1,1,1,,0.0,7.0,0.0,0.0,22.0,0,0,0,0,0,0
NER,23007,230,7,2,1.0,1,1,1,1,1,1,1,0,1,1,1,0,2021,1,0,0,0,0,0,1,,,,,,,1,0,0,1,0,0
NER,23008,230,8,2,1.0,1,1,1,1,1,1,1,0,1,1,1,1,2021,1,0,1,0,1,1,1,,,,,,,0,0,0,1,0,0
NER,23010,230,10,2,1.0,1,1,1,1,1,1,1,0,1,1,1,0,2021,1,0,1,0,0,0,1,,,,,,,0,0,0,0,0,0
NER,23011,230,11,2,1.0,1,1,1,1,1,1,1,0,1,1,1,0,2021,1,0,1,1,1,1,1,0.9538533687591553,0.0,0.0,0.0,0.0,9.0,0,0,0,0,0,0
NER,23012,230,12,2,1.0,1,1,1,1,1,1,1,0,1,1,1,0,2021,1,0,1,0,0,1,1,,,,,,,0,0,0,0,0,0
NER,23018,230,18,2,4.0,0,0,0,1,1,0,0,0,1,0,0,0,2021,0,0,0,0,0,0,0,,,,,,,0,0,0,0,0,0
NER,23027,230,27,2,4.0,1,1,1,1,1,1,1,0,1,0,1,0,2021,0,0,0,0,0,1,0,,0.0,2.0,0.0,0.0,0.0,0,0,0,0,0,0
NER,23101,231,1,1,4.0,1,1,1,1,1,0,0,0,1,0,0,0,2021,0,0,0,0,0,0,0,,,,,,,0,0,1,0,0,0
NER,23102,231,2,1,4.0,1,0,0,1,1,0,0,0,0,0,0,0,2021,0,0,0,0,0,0,0,,0.0,2.0,0.0,0.0,0.0,0,0,0,0,0,0
NER,23103,231,3,1,3.0,1,1,1,1,1,1,1,0,0,0,0,0,2021,0,0,0,0,0,0,0,,,,,,,0,0,0,0,0,0
NER,23104,231,4,1,4.0,1,0,1,1,1,0,1,0,1,0,0,0,2021,0,0,0,0,0,0,0,,,,,,,1,0,0,0,0,0
NER,23105,231,5,1,4.0,1,1,1,1,1,0,0,0,0,0,0,0,2021,0,0,0,0,0,0,0,,,,,,,0,1,0,0,0,0
NER,23106,231,6,1,4.0,1,1,1,1,1,1,1,0,1,0,0,0,2021,0,0,0,0,0,0,0,,,,,,,0,0,0,0,0,0
NER,23107,231,7,1,3.0,1,0,0,1,1,0,0,0,1,0,0,0,2021,0,0,0,0,0,0,0,0.8002121448516846,,,,,,1,0,0,0,0,1
NER,23108,231,8,1,4.0,1,0,0,1,1,0,1,0,0,0,0,0,2021,0,0,0,0,0,0,0,0.6000999808311462,,,,,,1,0,0,0,0,0
NER,23109,231,9,1,4.0,1,0,0,1,1,0,0,0,0,0,1,0,2021,0,0,0,0,0,0,0,,,,,,,0,0,0,0,0,0
NER,23110,231,10,1,4.0,1,1,1,1,1,0,1,0,1,0,0,0,2021,1,0,0,0,0,1,0,0.8544000387191772,,,,,,0,0,0,1,0,0
NER,23111,231,11,1,3.0,1,0,0,1,1,0,0,0,0,0,0,0,2021,0,0,0,0,0,0,0,1.0694999694824219,,,,,,0,0,0,0,0,0
NER,23115,231,15,1,4.0,1,0,0,1,1,0,0,0,0,0,0,0,2021,0,0,0,0,0,0,0,,,,,,,0,0,1,0,0,0
NER,23205,232,5,2,1.0,1,1,1,1,1,1,1,0,1,1,1,1,2021,1,0,1,0,0,1,1,,20.0,0.0,0.0,0.0,0.0,0,0,1,0,0,0
NER,23206,232,6,2,1.0,1,0,0,1,1,0,0,0,0,0,0,0,2021,0,0,0,0,0,0,0,,,,,,,1,0,0,0,0,0
NER,23207,232,7,2,1.0,1,1,1,1,1,0,1,0,0,0,1,0,2021,1,0,0,0,0,1,0,,,,,,,0,0,1,0,0,0
NER,23208,232,8,2,1.0,0,0,0,1,1,0,0,0,0,0,0,0,2021,0,0,0,0,0,0,0,,0.0,2.0,0.0,0.0,0.0,0,0,0,1,0,0
NER,23209,232,9,2,1.0,1,1,1,1,1,1,1,0,0,0,1,0,2021,1,1,0,0,0,0,1,,0.0,9.0,0.0,0.0,0.0,1,0,0,0,0,0
NER,23210,232,10,2,1.0,1,1,1,1,1,1,1,0,0,0,0,0,2021,0,0,0,0,0,0,0,,,,,,,0,1,0,0,0,0
NER,23211,232,11,2,1.0,1,1,1,1,1,1,1,0,0,0,1,0,2021,1,0,0,0,0,1,0,,0.0,3.0,0.0,0.0,0.0,1,0,0,0,0,0
NER,23213,232,13,2,1.0,1,1,1,1,1,1,1,0,0,0,0,0,2021,0,0,0,0,0,0,0,,,,,,,1,1,0,0,0,0
NER,23219,232,19,2,3.0,1,1,0,1,1,0,0,0,0,1,0,0,2021,0,0,0,0,0,0,0,,0.0,6.0,0.0,0.0,0.0,0,0,1,0,0,0
NER,23220,232,20,2,1.0,1,1,0,1,1,1,1,0,1,1,0,0,2021,0,0,0,0,0,0,0,,,,,,,0,0,1,0,0,0
NER,23225,232,25,2,1.0,1,1,0,1,1,1,1,0,1,1,1,0,2021,1,0,1,0,1,0,0,,0.0,23.0,0.0,0.0,0.0,0,0,1,0,0,0
NER,23227,232,27,2,4.0,1,1,0,1,1,0,0,0,0,0,0,0,2021,0,0,0,0,0,0,0,,,,,,,0,0,1,0,0,0
NER,23301,233,1,1,1.0,1,0,1,1,1,0,0,0,0,0,0,0,2021,0,0,0,0,0,0,0,,,,,,,0,0,0,0,0,0
NER,23302,233,2,1,2.0,1,0,0,1,1,0,0,0,0,0,0,0,2021,0,0,0,0,0,0,0,4.035699963569641,9.0,22.0,0.0,0.0,0.0,0,0,0,0,0,0
NER,23303,233,3,1,1.0,1,0,0,1,1,0,0,0,0,0,0,0,2021,0,0,0,0,0,0,0,1.9600000381469727,15.0,2.0,0.0,0.0,0.0,0,0,0,0,0,0
NER,23304,233,4,1,4.0,1,0,1,1,1,0,0,0,0,0,0,0,2021,0,0,0,0,0,0,0,,0.0,16.0,0.0,0.0,0.0,0,0,0,0,0,0
NER,23305,233,5,1,2.0,1,0,0,1,1,0,0,0,0,0,0,0,2021,0,0,0,0,0,0,0,1.600000023841858,9.0,4.0,0.0,0.0,0.0,0,0,0,0,0,0
NER,23306,233,6,1,1.0,1,0,0,1,1,0,0,0,0,0,0,0,2021,0,0,0,0,0,0,0,7.5,0.0,5.0,0.0,0.0,0.0,0,0,0,0,0,0
NER,23307,233,7,1,2.0,1,0,0,1,1,0,0,0,0,0,0,0,2021,0,0,0,0,0,0,0,,0.0,15.0,0.0,0.0,0.0,1,0,0,0,0,0
NER,23308,233,8,1,2.0,1,0,0,0,0,0,0,0,0,0,0,0,2021,0,0,0,0,0,0,0,,11.0,0.0,0.0,0.0,0.0,1,0,0,0,0,0
NER,23309,233,9,1,1.0,1,0,0,1,1,0,0,0,0,0,0,0,2021,0,0,0,0,0,0,0,,12.0,5.0,0.0,0.0,0.0,0,0,0,0,0,0
NER,23310,233,10,1,4.0,1,0,0,1,1,0,0,0,0,0,0,0,2021,0,0,0,0,0,0,0,2.240000009536743,0.0,5.0,0.0,0.0,0.0,0,0,0,0,0,0
NER,23311,233,11,1,4.0,1,0,1,1,1,0,0,1,0,1,0,0,2021,1,0,0,0,0,0,0,,,,,,,0,0,0,0,0,0
NER,23312,233,12,1,2.0,1,0,0,0,0,0,0,0,0,0,0,0,2021,0,0,0,0,0,0,0,3.3440001010894775,7.0,7.0,0.0,0.0,0.0,0,0,0,0,0,0
NER,23401,234,1,2,2.0,1,0,0,0,0,0,0,1,0,1,0,0,2021,0,0,0,0,0,0,0,8.824373245239258,5.0,0.0,0.0,0.0,0.0,0,1,1,0,0,0
NER,23402,234,2,2,2.0,0,0,0,1,1,0,0,1,0,1,0,0,2021,0,0,0,0,0,0,0,,0.0,8.0,0.0,0.0,0.0,0,1,1,0,0,0
NER,23403,234,3,2,2.0,1,0,0,0,0,0,0,1,0,1,1,0,2021,0,0,0,0,0,0,0,4.3769001960754395,5.0,0.0,0.0,0.0,0.0,0,1,1,0,0,0
NER,23404,234,4,2,2.0,1,0,0,0,0,0,0,0,0,1,0,0,2021,0,0,0,0,0,0,0,3.8487000465393066,,,,,,0,1,0,1,0,0
NER,23405,234,5,2,1.0,1,0,0,1,1,0,0,0,0,0,0,0,2021,0,0,0,0,0,0,0,6.576300144195557,0.0,2.0,0.0,0.0,0.0,0,0,0,0,0,1
NER,23406,234,6,2,2.0,1,0,0,1,1,0,0,0,0,0,0,0,2021,0,0,0,0,0,0,0,9.17140007019043,2.0,3.0,0.0,0.0,0.0,1,0,0,0,0,0
NER,23407,234,7,2,2.0,1,0,0,1,1,0,0,0,0,0,0,0,2021,0,0,0,0,0,0,0,9.462900161743164,,,,,,0,0,1,0,0,0
NER,23408,234,8,2,1.0,1,0,0,1,1,0,0,0,0,0,0,0,2021,0,0,0,0,0,0,0,20.554000854492188,0.0,4.0,0.0,0.0,0.0,0,0,1,0,0,0
NER,23409,234,9,2,2.0,1,0,0,1,1,0,0,0,0,0,0,0,2021,0,0,0,0,0,0,0,11.041592597961426,4.0,5.0,0.0,0.0,0.0,0,1,1,0,0,0
NER,23410,234,10,2,2.0,1,0,0,0,0,0,0,0,0,0,0,0,2021,0,0,0,0,0,0,0,3.8129000663757324,,,,,,0,1,0,0,0,0
NER,23411,234,11,2,2.0,1,0,0,1,1,0,0,0,0,0,0,0,2021,0,0,0,0,0,0,0,8.930547714233398,0.0,40.0,0.0,0.0,0.0,1,1,0,0,0,0
NER,23412,234,12,2,4.0,1,0,0,0,0,0,0,0,0,0,0,0,2021,0,0,0,0,0,0,0,1.1138999462127686,1.0,2.0,0.0,0.0,0.0,0,1,1,0,0,0
NER,23501,235,1,1,2.0,1,0,0,1,0,0,0,0,0,0,0,0,2021,0,0,0,0,0,0,0,2.930000066757202,0.0,30.0,0.0,0.0,0.0,1,1,0,0,0,0
NER,23502,235,2,1,2.0,1,0,0,0,0,0,0,0,0,0,0,0,2021,0,0,0,0,0,0,0,1.3200000524520874,9.0,15.0,0.0,0.0,0.0,0,0,0,0,0,0
NER,23503,235,3,1,2.0,1,0,0,1,1,0,0,0,0,0,0,0,2021,0,0,0,0,0,0,0,13.96500015258789,6.0,2.0,0.0,0.0,15.0,0,0,0,0,0,0
NER,23504,235,4,1,2.0,1,0,0,1,0,0,0,0,0,0,0,0,2021,0,0,0,0,0,0,0,,3.0,38.0,0.0,0.0,0.0,0,0,0,0,0,0
NER,23506,235,6,1,2.0,1,0,0,1,1,0,0,0,0,0,0,0,2021,0,0,0,0,0,0,0,12.594500064849854,3.0,5.0,0.0,0.0,6.0,0,0,0,0,0,0
NER,23507,235,7,1,2.0,1,0,0,1,1,0,0,0,0,0,0,0,2021,0,0,0,0,0,0,0,5.460000038146973,2.0,20.0,0.0,0.0,0.0,0,1,0,0,0,0
NER,23508,235,8,1,2.0,1,0,0,0,0,0,0,1,0,0,0,0,2021,0,0,0,0,0,0,0,1.8600000143051147,2.0,45.0,0.0,0.0,0.0,0,0,0,0,0,0
NER,23509,235,9,1,2.0,1,0,0,0,0,0,0,0,0,0,0,0,2021,0,0,0,0,0,0,0,4.869999885559082,1.0,7.0,0.0,0.0,0.0,0,0,0,0,0,0
NER,23510,235,10,1,2.0,1,0,0,0,0,0,0,0,0,0,0,0,2021,0,0,0,0,0,0,0,6.400000214576721,27.0,30.0,0.0,0.0,0.0,0,1,0,0,0,0
NER,23511,235,11,1,2.0,1,0,0,0,0,0,0,0,0,0,0,0,2021,0,0,0,0,0,0,0,,1.0,8.0,0.0,0.0,0.0,0,0,0,0,0,0
NER,23512,235,12,1,2.0,1,0,0,0,0,0,0,0,0,0,0,0,2021,0,0,0,0,0,0,0,12.350000381469727,2.0,2.0,0.0,0.0,0.0,0,0,0,0,0,0
NER,23517,235,17,1,2.0,1,0,0,1,1,0,0,0,0,0,0,0,2021,0,0,0,0,0,0,0,3.200000047683716,4.0,26.0,0.0,0.0,0.0,0,0,0,0,0,0
NER,23601,236,1,2,2.0,0,0,0,0,0,0,0,0,0,0,0,0,2021,0,0,0,0,0,0,0,,0.0,14.0,0.0,0.0,0.0,0,1,0,1,0,0
NER,23602,236,2,2,2.0,1,0,0,0,0,0,0,0,0,0,0,0,2021,0,0,0,0,0,0,0,4.021821022033691,0.0,10.0,0.0,0.0,0.0,0,0,1,1,0,0
NER,23604,236,4,2,2.0,1,0,0,0,0,0,0,0,0,1,1,0,2021,0,0,0,0,0,0,0,,45.0,0.0,0.0,0.0,0.0,0,1,1,0,0,0
NER,23605,236,5,2,2.0,1,0,0,0,0,0,0,0,0,0,0,0,2021,0,0,0,0,0,0,0,1.901833415031433,1.0,0.0,0.0,0.0,0.0,0,0,0,0,0,0
NER,23606,236,6,2,2.0,0,0,0,0,0,0,0,0,0,0,0,0,2021,0,0,0,0,0,0,0,4.7708001136779785,1.0,4.0,0.0,0.0,0.0,0,1,1,0,0,0
NER,23607,236,7,2,2.0,0,0,0,1,1,0,0,0,0,0,0,0,2021,0,0,0,0,0,0,0,,2.0,9.0,0.0,0.0,0.0,0,0,1,0,0,0
NER,23608,236,8,2,2.0,0,0,0,0,0,0,0,0,0,0,0,0,2021,0,0,0,0,0,0,0,,0.0,7.0,0.0,0.0,0.0,1,0,1,0,0,0
NER,23609,236,9,2,2.0,0,0,0,0,0,0,0,0,0,0,0,0,2021,0,0,0,0,0,0,0,2.3167057037353516,0.0,11.0,0.0,0.0,0.0,1,1,1,0,0,0
NER,23610,236,10,2,2.0,1,0,0,0,0,0,0,0,0,0,0,0,2021,0,0,0,0,0,0,0,4.2754998207092285,1.0,3.0,0.0,0.0,0.0,0,0,0,0,0,0
NER,23611,236,11,2,4.0,0,0,0,0,0,0,0,0,0,0,0,0,2021,0,0,0,0,0,0,0,,2.0,13.0,0.0,0.0,0.0,0,1,1,0,0,0
NER,23619,236,19,2,4.0,0,0,0,0,0,0,0,0,0,0,0,0,2021,0,0,0,0,0,0,0,,0.0,10.0,0.0,0.0,0.0,0,0,0,0,0,0
NER,23701,237,1,1,2.0,1,0,0,0,0,0,0,0,0,0,0,0,2021,0,0,0,0,0,0,0,1.0717999935150146,1.0,4.0,0.0,0.0,8.0,1,0,0,0,0,0
NER,23702,237,2,1,2.0,1,0,0,1,1,0,0,0,0,0,0,0,2021,0,0,0,0,0,0,0,1.4420000314712524,3.0,4.0,0.0,0.0,0.0,1,0,0,0,0,0
NER,23703,237,3,1,4.0,1,0,0,1,1,0,0,0,0,0,0,0,2021,0,0,0,0,0,0,0,1.4052000045776367,0.0,1.0,0.0,0.0,4.0,0,0,0,0,0,0
NER,23704,237,4,1,4.0,1,0,0,0,0,0,0,0,0,0,0,0,2021,0,0,0,0,0,0,0,3.158799886703491,,,,,,0,0,0,0,0,0
NER,23705,237,5,1,2.0,1,0,0,0,0,0,0,0,0,0,0,0,2021,0,0,0,0,0,0,0,0.6471999883651733,0.0,2.0,0.0,0.0,10.0,0,0,0,0,0,0
NER,23706,237,6,1,2.0,1,0,0,1,1,0,0,0,0,0,0,0,2021,0,0,0,0,0,0,0,1.4222999811172485,1.0,2.0,0.0,0.0,0.0,0,0,0,0,0,0
NER,23707,237,7,1,2.0,1,0,0,0,0,0,0,0,0,0,0,0,2021,0,0,0,0,0,0,0,4.721300005912781,0.0,6.0,0.0,0.0,3.0,0,1,0,0,0,0
NER,23708,237,8,1,2.0,1,0,0,1,1,0,0,0,0,0,0,0,2021,0,0,0,0,0,0,0,3.442500114440918,2.0,3.0,0.0,0.0,1.0,0,0,0,0,0,0
NER,23709,237,9,1,4.0,1,0,0,1,1,0,0,0,0,0,0,0,2021,0,0,0,0,0,0,0,1.2563999891281128,0.0,2.0,0.0,0.0,6.0,0,0,0,0,0,0
NER,23710,237,10,1,2.0,1,0,0,0,0,0,0,0,0,0,0,0,2021,0,0,0,0,0,0,0,2.9709999561309814,,,,,,0,0,0,0,0,0
NER,23711,237,11,1,2.0,1,1,0,1,1,0,0,0,0,0,0,0,2021,0,0,0,0,0,0,0,1.992300033569336,0.0,7.0,0.0,0.0,4.0,0,0,0,0,0,0
NER,23712,237,12,1,2.0,1,0,0,0,0,0,0,0,0,0,0,0,2021,0,0,0,0,0,0,0,1.225600004196167,1.0,2.0,0.0,0.0,8.0,0,0,0,0,0,0
NER,23801,238,1,2,2.0,1,1,0,0,0,0,0,0,0,0,0,0,2021,0,0,0,0,0,0,0,2.1287811994552612,1.0,3.0,0.0,0.0,0.0,0,0,1,0,1,0
NER,23802,238,2,2,1.0,1,0,0,0,0,0,0,0,0,1,0,0,2021,0,0,0,0,0,0,0,1.3557000160217285,,,,,,0,0,1,0,1,0
NER,23804,238,4,2,2.0,1,0,0,0,0,0,0,0,0,1,0,0,2021,0,0,0,0,0,0,0,1.370422437787056,0.0,1.0,0.0,0.0,0.0,0,0,1,0,0,0
NER,23806,238,6,2,2.0,1,0,0,0,0,0,0,0,0,0,0,0,2021,0,0,0,0,0,0,0,1.9305535554885864,,,,,,0,1,1,0,0,0
NER,23807,238,7,2,2.0,1,0,0,0,0,0,0,0,0,0,0,0,2021,0,0,0,0,0,0,0,0.9562820196151733,,,,,,1,0,0,0,0,0
NER,23808,238,8,2,2.0,1,0,0,1,0,0,0,0,0,0,0,0,2021,0,0,0,0,0,0,0,2.3467320799827576,,,,,,1,0,1,0,0,0
NER,23809,238,9,2,2.0,1,0,0,0,0,0,0,0,0,0,0,0,2021,0,0,0,0,0,0,0,1.1931941509246826,,,,,,1,0,0,0,0,0
NER,23810,238,10,2,2.0,1,0,0,0,0,0,0,0,0,0,0,0,2021,0,0,0,0,0,0,0,3.416000008583069,,,,,,0,1,1,1,0,0
NER,23811,238,11,2,2.0,1,0,0,0,0,0,0,0,0,0,0,0,2021,0,0,0,0,0,0,0,2.0924397110939026,,,,,,1,1,0,0,0,0
NER,23812,238,12,2,2.0,1,0,0,0,0,0,0,0,0,0,0,0,2021,0,0,0,0,0,0,0,2.4189913272857666,,,,,,0,1,0,1,0,0
NER,23813,238,13,2,2.0,1,0,0,0,0,0,0,0,0,0,0,0,2021,0,0,0,0,0,0,0,1.1896306276321411,,,,,,0,1,0,0,0,0
NER,23818,238,18,2,2.0,1,1,1,0,0,0,0,0,0,0,0,0,2021,0,0,0,0,0,0,0,0.503000020980835,,,,,,0,1,1,0,0,0
NER,23902,239,2,1,2.0,1,1,0,0,0,0,0,0,0,0,0,0,2021,0,0,0,0,0,0,0,1.942799985408783,0.0,2.0,0.0,0.0,40.0,1,1,0,0,0,0
NER,23903,239,3,1,2.0,1,1,1,1,1,0,0,0,0,0,0,0,2021,0,0,0,0,0,0,0,1.0751000046730042,1.0,0.0,0.0,0.0,0.0,0,0,0,0,0,0
NER,23904,239,4,1,2.0,1,0,0,0,0,0,0,0,0,0,0,0,2021,0,0,0,0,0,0,0,1.6710000038146973,0.0,9.0,0.0,0.0,13.0,0,0,0,0,0,0
NER,23905,239,5,1,2.0,1,0,0,0,1,0,0,0,0,0,0,0,2021,0,0,0,0,0,0,0,1.0520999431610107,1.0,10.0,0.0,0.0,7.0,0,1,1,0,0,0
NER,23906,239,6,1,2.0,1,0,0,1,1,0,0,0,0,0,0,0,2021,0,0,0,0,0,0,0,3.889699935913086,3.0,4.0,0.0,0.0,0.0,0,0,0,0,0,0
NER,23907,239,7,1,4.0,1,0,0,0,0,0,0,0,0,0,0,0,2021,0,0,0,0,0,0,0,2.192200005054474,,,,,,0,0,0,0,0,0
NER,23908,239,8,1,2.0,1,1,0,0,0,0,0,0,0,0,0,0,2021,0,0,0,0,0,0,0,2.7609000205993652,,,,,,0,1,0,0,0,0
NER,23909,239,9,1,2.0,1,0,0,1,1,0,0,0,0,0,0,0,2021,0,0,0,0,0,0,0,3.0497000217437744,2.0,0.0,0.0,0.0,3.0,0,0,0,0,0,0
NER,23910,239,10,1,1.0,1,0,0,0,0,0,0,0,0,0,0,0,2021,0,0,0,0,0,0,0,1.9490999579429626,0.0,7.0,0.0,0.0,10.0,0,0,0,0,0,0
NER,23911,239,11,1,2.0,1,0,0,0,0,0,0,0,0,0,0,0,2021,0,0,0,0,0,0,0,0.9960999824106693,0.0,0.0,0.0,0.0,0.0,1,1,1,0,0,0
NER,23912,239,12,1,4.0,1,0,1,1,1,1,1,0,0,0,0,0,2021,0,0,0,0,0,0,0,6.711199879646301,0.0,7.0,0.0,0.0,6.0,1,0,0,0,0,0
NER,23913,239,13,1,1.0,1,0,0,0,0,0,0,0,0,0,0,0,2021,0,0,0,0,0,0,0,3.239199995994568,0.0,2.0,0.0,0.0,6.0,0,0,0,0,0,0
NER,24001,240,1,2,2.0,1,0,0,0,0,0,0,0,0,0,0,0,2021,0,0,0,0,0,0,0,1.1720775365829468,,,,,,0,0,1,0,0,0
NER,24002,240,2,2,2.0,1,0,0,0,0,0,0,0,0,0,0,0,2021,0,0,0,0,0,0,0,4.431752920150757,0.0,2.0,0.0,0.0,0.0,0,0,1,0,0,0
NER,24003,240,3,2,2.0,1,0,0,0,0,0,0,0,0,1,0,0,2021,0,0,0,0,0,0,0,10.095263123512268,,,,,,0,1,1,0,0,0
NER,24004,240,4,2,2.0,1,0,0,0,0,0,0,0,0,0,0,0,2021,0,0,0,0,0,0,0,4.112225413322449,,,,,,0,0,1,0,0,0
NER,24005,240,5,2,4.0,1,0,0,0,0,0,0,0,0,0,0,0,2021,0,0,0,0,0,0,0,0.24410000443458557,1.0,0.0,0.0,0.0,0.0,0,1,0,0,0,0
NER,24006,240,6,2,4.0,1,0,0,0,0,0,0,0,0,0,0,0,2021,0,0,0,0,0,0,0,,,,,,,0,1,0,0,0,0
NER,24008,240,8,2,4.0,1,0,0,0,0,0,0,0,0,0,0,0,2021,0,0,0,0,0,0,0,,,,,,,0,1,1,1,0,0
NER,24009,240,9,2,4.0,1,0,0,1,1,0,0,0,0,0,0,0,2021,0,0,0,0,0,0,0,2.563809394836426,,,,,,1,0,0,0,0,0
NER,24010,240,10,2,4.0,1,0,0,0,0,0,0,0,0,0,0,0,2021,0,0,0,0,0,0,0,2.003291368484497,,,,,,0,1,0,0,0,0
NER,24011,240,11,2,4.0,1,1,0,0,0,0,0,0,0,0,0,0,2021,0,0,0,0,0,0,0,,,,,,,1,0,0,0,0,0
NER,24012,240,12,2,4.0,1,0,0,0,0,0,0,0,0,0,0,0,2021,0,0,0,0,0,0,0,1.2026395797729492,1.0,2.0,0.0,0.0,0.0,1,1,0,0,0,0
NER,24017,240,17,2,4.0,1,0,0,1,1,0,0,0,0,0,0,0,2021,0,0,0,0,0,0,0,3.817815065383911,,,,,,0,1,0,0,0,0
NER,24101,241,1,1,1.0,1,1,0,1,1,0,0,0,1,0,0,0,2021,0,0,0,0,0,0,0,,,,,,,0,1,0,0,0,0
NER,24102,241,2,1,4.0,1,1,1,1,1,0,0,0,0,1,0,0,2021,0,0,0,0,0,0,0,1.2887000441551208,,,,,,0,0,0,0,0,0
NER,24103,241,3,1,4.0,1,1,1,1,1,1,1,0,0,1,0,0,2021,0,0,0,0,0,0,0,0.6355000138282776,1.0,0.0,0.0,0.0,0.0,0,0,0,0,0,0
NER,24104,241,4,1,1.0,1,1,0,1,1,0,1,0,0,0,0,0,2021,0,0,0,0,0,0,0,0.25110000371932983,3.0,0.0,0.0,0.0,0.0,0,1,0,0,0,0
NER,24105,241,5,1,3.0,1,1,1,1,1,0,1,0,0,1,1,0,2021,1,0,0,0,0,1,0,,,,,,,0,0,0,0,0,0
NER,24107,241,7,1,4.0,1,1,1,1,1,1,1,0,0,1,0,0,2021,1,0,0,0,0,0,0,0.45980000495910645,1.0,4.0,0.0,0.0,5.0,0,0,0,0,0,0
NER,24108,241,8,1,1.0,1,1,0,1,1,0,1,0,1,0,0,0,2021,0,0,0,0,0,0,0,,0.0,2.0,0.0,0.0,0.0,1,0,0,0,0,0
NER,24109,241,9,1,4.0,1,1,1,1,1,1,1,0,0,1,1,0,2021,1,0,0,0,0,1,0,,0.0,3.0,0.0,0.0,2.0,0,0,0,0,0,0
NER,24110,241,10,1,1.0,1,1,1,1,1,1,1,0,0,1,1,0,2021,0,0,0,0,0,0,0,0.18960000574588776,0.0,3.0,0.0,0.0,0.0,0,0,0,0,0,0
NER,24113,241,13,1,4.0,1,1,1,1,1,0,1,0,0,1,1,0,2021,1,0,0,0,0,1,0,,,,,,,0,0,0,0,0,0
NER,24114,241,14,1,4.0,1,1,1,1,1,1,1,0,0,1,1,0,2021,1,0,0,0,0,0,0,4.431999921798706,,,,,,0,0,0,0,0,0
NER,24123,241,23,1,1.0,1,1,1,1,1,0,0,0,1,0,0,0,2021,0,0,0,0,0,0,0,,0.0,3.0,0.0,0.0,0.0,0,0,0,0,0,0
NER,24201,242,1,2,1.0,1,1,0,1,1,1,1,0,1,1,1,0,2021,0,0,0,0,0,0,0,,,,,,,0,0,1,1,0,0
NER,24202,242,2,2,2.0,1,0,0,1,1,1,1,0,1,0,1,0,2021,1,0,0,0,0,0,0,,0.0,3.0,0.0,0.0,0.0,0,0,1,0,0,0
NER,24203,242,3,2,1.0,1,0,1,1,1,0,0,0,0,1,0,0,2021,1,0,0,0,0,0,0,,0.0,2.0,0.0,0.0,0.0,1,1,1,1,0,0
NER,24205,242,5,2,1.0,1,0,0,1,1,1,1,0,0,0,0,0,2021,0,0,0,0,0,0,0,,4.0,0.0,0.0,0.0,0.0,1,0,0,0,0,0
NER,24207,242,7,2,3.0,1,0,1,1,1,0,1,0,0,0,0,0,2021,0,0,0,0,0,0,0,,,,,,,1,0,0,0,0,0
NER,24210,242,10,2,1.0,1,1,1,1,1,1,1,0,1,0,1,0,2021,1,0,0,1,0,1,0,,0.0,5.0,0.0,0.0,5.0,0,0,0,0,0,0
NER,24212,242,12,2,1.0,1,1,1,1,1,1,1,0,0,0,0,0,2021,1,0,0,0,0,0,0,,,,,,,0,0,0,0,0,0
NER,24216,242,16,2,1.0,1,1,1,1,1,1,1,0,0,0,1,0,2021,1,0,0,0,0,1,0,,,,,,,0,0,1,0,0,0
NER,24217,242,17,2,4.0,1,0,1,0,0,1,1,0,0,0,0,0,2021,0,0,0,0,0,0,0,,,,,,,0,0,0,0,0,1
NER,24218,242,18,2,4.0,1,0,1,1,1,0,0,0,0,0,0,0,2021,0,0,0,0,0,0,0,,,,,,,0,0,1,0,0,0
NER,24220,242,20,2,1.0,1,1,1,1,1,1,1,0,1,1,0,0,2021,1,0,0,0,0,0,0,,,,,,,1,0,0,0,0,0
NER,24224,242,24,2,1.0,1,1,1,1,1,1,1,0,0,0,0,0,2021,1,0,0,0,0,0,0,,0.0,4.0,0.0,0.0,0.0,1,0,0,0,0,0
NER,24301,243,1,1,2.0,1,0,0,0,0,0,0,0,0,0,0,0,2021,0,0,0,0,0,0,0,0.09449999779462814,,,,,,1,1,0,0,0,0
NER,24302,243,2,1,2.0,1,0,0,0,0,0,0,0,0,0,0,0,2021,0,0,0,0,0,0,0,5.16100001335144,2.0,9.0,0.0,0.0,20.0,0,1,0,0,0,0
NER,24303,243,3,1,4.0,1,1,0,0,0,0,0,0,0,0,0,0,2021,0,0,0,0,0,0,0,2.7894999980926514,2.0,2.0,0.0,0.0,2.0,0,0,0,0,0,0
NER,24304,243,4,1,2.0,1,0,0,0,0,0,0,0,0,0,0,0,2021,0,0,0,0,0,0,0,0.18629999458789825,0.0,0.0,0.0,0.0,5.0,0,0,0,0,0,0
NER,24305,243,5,1,2.0,1,0,0,0,0,0,0,0,0,0,0,0,2021,0,0,0,0,0,0,0,3.598599910736084,1.0,2.0,0.0,0.0,5.0,0,0,0,0,0,0
NER,24306,243,6,1,2.0,1,1,1,0,0,0,0,1,0,0,0,0,2021,0,0,0,0,0,0,0,2.7204000055789948,0.0,4.0,0.0,0.0,2.0,0,0,0,0,0,0
NER,24307,243,7,1,2.0,1,1,0,0,0,0,0,0,0,0,0,0,2021,0,0,0,0,0,0,0,0.16869999468326569,1.0,0.0,0.0,0.0,0.0,1,1,0,0,0,0
NER,24308,243,8,1,2.0,1,0,0,0,0,0,0,0,0,0,0,0,2021,0,0,0,0,0,0,0,2.3561999797821045,0.0,4.0,0.0,0.0,18.0,0,0,0,0,0,0
NER,24309,243,9,1,2.0,1,0,0,0,0,0,0,0,0,0,0,0,2021,0,0,0,0,0,0,0,2.1082000136375427,0.0,2.0,0.0,0.0,0.0,0,0,0,0,0,0
NER,24310,243,10,1,2.0,1,0,0,0,0,0,0,0,0,0,0,0,2021,0,0,0,0,0,0,0,1.7850999981164932,0.0,0.0,0.0,0.0,3.0,0,0,0,0,0,0
NER,24311,243,11,1,2.0,1,1,1,0,0,0,0,0,0,0,0,0,2021,0,0,0,0,0,0,0,14.325318217277527,4.0,28.0,0.0,0.0,66.0,0,1,1,0,0,0
NER,24312,243,12,1,4.0,1,0,0,0,0,0,0,0,0,0,0,0,2021,0,0,0,0,0,0,0,2.063199996948242,,,,,,0,0,0,0,0,0
NER,24401,244,1,2,1.0,1,0,0,0,0,0,0,0,0,1,0,0,2021,0,0,0,0,0,0,0,0.21789999306201935,0.0,7.0,0.0,0.0,0.0,0,0,1,0,0,0
NER,24402,244,2,2,2.0,1,0,0,0,0,0,0,0,0,1,0,1,2021,0,0,0,0,0,0,0,0.4203999936580658,0.0,1.0,0.0,0.0,0.0,0,0,1,0,0,0
NER,24404,244,4,2,2.0,1,0,0,0,0,0,0,0,0,1,0,0,2021,0,0,0,0,0,0,0,0.7584999799728394,,,,,,0,0,1,0,0,0
NER,24405,244,5,2,2.0,0,0,0,0,0,0,0,0,0,0,0,0,2021,0,0,0,0,0,0,0,0.43209999799728394,0.0,4.0,0.0,0.0,0.0,1,1,0,0,0,0
NER,24406,244,6,2,2.0,1,0,0,0,0,0,0,0,0,0,0,0,2021,0,0,0,0,0,0,0,1.9034907817840576,2.0,5.0,0.0,0.0,0.0,0,0,1,0,0,0
NER,24407,244,7,2,2.0,0,0,0,0,0,0,0,0,0,0,0,0,2021,0,0,0,0,0,0,0,0.17319999635219574,3.0,0.0,0.0,0.0,0.0,0,0,1,0,0,1
NER,24408,244,8,2,2.0,1,0,0,0,0,0,0,0,0,0,0,0,2021,0,0,0,0,0,0,0,0.19679999351501465,2.0,1.0,0.0,0.0,0.0,1,0,0,0,0,1
NER,24409,244,9,2,2.0,1,1,0,0,0,0,0,0,0,0,0,0,2021,0,0,0,0,0,0,0,4.82665091753006,5.0,0.0,0.0,0.0,0.0,1,1,0,0,0,0
NER,24410,244,10,2,2.0,0,0,0,0,0,0,0,0,0,0,0,0,2021,0,0,0,0,0,0,0,,,,,,,0,1,0,0,0,0
NER,24411,244,11,2,1.0,1,0,0,0,0,0,0,0,0,0,0,0,2021,0,0,0,0,0,0,0,0.46230001747608185,,,,,,0,0,0,0,0,0
NER,24412,244,12,2,2.0,0,0,0,0,0,0,0,0,0,0,0,0,2021,0,0,0,0,0,0,0,3.277228355407715,3.0,0.0,0.0,0.0,0.0,0,0,0,0,0,0
NER,24422,244,22,2,2.0,1,1,0,0,0,0,0,0,1,1,0,0,2021,0,0,0,0,0,0,0,2.5837628841400146,2.0,5.0,0.0,0.0,0.0,0,0,1,0,0,0
NER,24501,245,1,1,2.0,1,0,0,0,1,0,0,0,0,0,0,0,2021,0,0,0,0,0,0,0,1.3100000321865082,0.0,3.0,0.0,0.0,0.0,0,1,0,0,0,0
NER,24502,245,2,1,2.0,1,0,0,0,0,0,0,0,0,0,0,0,2021,0,0,0,0,0,0,0,1.7699999809265137,0.0,8.0,0.0,0.0,0.0,0,1,0,0,0,0
NER,24503,245,3,1,2.0,1,0,0,0,0,0,0,0,0,0,0,0,2021,0,0,0,0,0,0,0,7.285000145435333,2.0,0.0,0.0,0.0,0.0,0,1,0,0,0,0
NER,24504,245,4,1,2.0,1,0,0,1,1,0,0,0,0,0,0,0,2021,0,0,0,0,0,0,0,1.2699999809265137,2.0,12.0,0.0,0.0,0.0,0,1,0,0,0,0
NER,24505,245,5,1,2.0,1,0,0,0,0,0,0,0,0,0,0,0,2021,0,0,0,0,0,0,0,1.559999942779541,2.0,12.0,0.0,0.0,0.0,0,0,0,0,0,0
NER,24506,245,6,1,2.0,1,0,0,0,0,0,0,0,0,0,0,0,2021,0,0,0,0,0,0,0,1.0199999809265137,0.0,6.0,0.0,0.0,0.0,0,1,0,0,0,0
NER,24507,245,7,1,2.0,1,0,0,0,0,0,0,0,0,0,0,0,2021,0,0,0,0,0,0,0,1.3699999749660492,,,,,,0,1,0,0,0,0
NER,24508,245,8,1,2.0,1,0,0,0,0,0,0,0,0,0,0,0,2021,0,0,0,0,0,0,0,3.549999952316284,4.0,22.0,0.0,0.0,0.0,0,1,0,0,0,0
NER,24509,245,9,1,2.0,1,0,0,0,0,0,0,0,0,0,0,0,2021,0,0,0,0,0,0,0,1.850000023841858,0.0,8.0,0.0,0.0,0.0,0,1,0,0,0,0
NER,24510,245,10,1,2.0,1,0,0,0,0,0,0,0,0,0,0,0,2021,0,0,0,0,0,0,0,1.6299999952316284,1.0,5.0,0.0,0.0,0.0,0,1,0,0,0,0
NER,24511,245,11,1,2.0,0,0,0,0,0,0,0,0,0,0,0,0,2021,0,0,0,0,0,0,0,,5.0,27.0,0.0,0.0,0.0,0,0,0,0,0,0
NER,24512,245,12,1,2.0,1,0,0,0,0,0,0,0,0,0,0,0,2021,0,0,0,0,0,0,0,0.8500000238418579,0.0,6.0,0.0,0.0,0.0,0,0,0,0,0,0
NER,24601,246,1,2,2.0,1,0,0,1,0,0,0,1,0,0,0,0,2021,0,0,0,0,0,0,0,14.77835726737976,8.0,26.0,0.0,0.0,0.0,0,1,1,0,0,0
NER,24602,246,2,2,2.0,1,0,0,0,0,0,0,0,0,0,0,0,2021,0,0,0,0,0,0,0,4.55729079246521,,,,,,0,1,1,0,0,0
NER,24603,246,3,2,2.0,1,0,0,0,0,0,0,0,0,0,0,0,2021,0,0,0,0,0,0,0,2.3167057037353516,3.0,2.0,0.0,0.0,0.0,0,1,1,0,0,0
NER,24604,246,4,2,2.0,1,0,0,1,0,0,0,0,0,0,0,0,2021,0,0,0,0,0,0,0,6.25,0.0,2.0,0.0,0.0,0.0,0,0,1,0,0,0
NER,24605,246,5,2,2.0,1,0,0,0,0,0,0,0,0,0,0,0,2021,0,0,0,0,0,0,0,5.273338079452515,2.0,0.0,0.0,0.0,1.0,1,0,0,0,0,0
NER,24606,246,6,2,2.0,1,0,0,1,1,0,0,0,0,0,0,0,2021,0,0,0,0,0,0,0,7.929999828338623,1.0,4.0,0.0,0.0,0.0,0,0,0,0,0,0
NER,24607,246,7,2,2.0,1,0,0,1,1,0,0,0,0,0,0,0,2021,0,0,0,0,0,0,0,1.6299999952316284,1.0,4.0,0.0,0.0,0.0,0,0,0,0,0,0
NER,24608,246,8,2,2.0,1,0,0,0,0,0,0,0,0,0,0,0,2021,0,0,0,0,0,0,0,,0.0,2.0,0.0,0.0,0.0,0,0,0,0,0,0
NER,24609,246,9,2,2.0,1,0,0,1,0,0,0,0,0,0,0,0,2021,0,0,0,0,0,0,0,4.360000133514404,2.0,2.0,0.0,0.0,4.0,0,0,0,0,0,0
NER,24610,246,10,2,2.0,1,0,0,1,0,0,0,0,0,0,0,0,2021,0,0,0,0,0,0,0,5.03000020980835,,,,,,1,0,0,0,0,0
NER,24611,246,11,2,4.0,1,0,0,0,0,0,0,0,0,0,0,0,2021,0,0,0,0,0,0,0,1.090000033378601,,,,,,0,0,0,0,0,0
NER,24612,246,12,2,4.0,1,0,0,0,0,0,0,0,0,0,0,0,2021,0,0,0,0,0,0,0,6.10999995470047,,,,,,0,0,0,0,0,0
NER,24701,247,1,1,2.0,1,0,0,0,0,0,0,0,0,0,0,0,2021,0,0,0,0,0,0,0,0.800000011920929,1.0,0.0,0.0,0.0,0.0,0,1,0,0,0,0
NER,24702,247,2,1,2.0,1,0,0,0,0,0,0,0,0,0,0,0,2021,0,0,0,0,0,0,0,,,,,,,0,0,0,0,0,0
NER,24703,247,3,1,2.0,1,0,0,0,0,0,0,0,0,0,0,0,2021,0,0,0,0,0,0,0,23.373000621795654,3.0,10.0,0.0,0.0,9.0,0,0,0,0,0,0
NER,24704,247,4,1,2.0,1,0,0,0,0,0,0,0,0,0,0,0,2021,0,0,0,0,0,0,0,,,,,,,0,0,0,0,0,0
NER,24705,247,5,1,4.0,1,0,0,0,0,0,0,0,0,0,0,0,2021,0,0,0,0,0,0,0,1.350000023841858,1.0,11.0,0.0,0.0,0.0,0,0,0,0,0,0
NER,24706,247,6,1,2.0,1,0,0,0,0,0,0,0,0,0,0,0,2021,0,0,0,0,0,0,0,4.820999979972839,2.0,0.0,0.0,0.0,0.0,0,0,0,0,0,0
NER,24707,247,7,1,2.0,1,0,0,0,0,0,0,0,0,0,0,0,2021,0,0,0,0,0,0,0,2.098656713962555,1.0,5.0,0.0,0.0,0.0,0,1,0,0,0,0
NER,24708,247,8,1,2.0,1,0,0,0,0,0,0,0,0,0,0,0,2021,0,0,0,0,0,0,0,2.4999999403953552,2.0,10.0,0.0,0.0,0.0,0,0,0,0,0,0
NER,24709,247,9,1,2.0,1,0,0,0,0,0,0,0,0,0,0,0,2021,0,0,0,0,0,0,0,2.740000009536743,0.0,2.0,0.0,0.0,0.0,0,0,0,0,0,0
NER,24710,247,10,1,2.0,1,0,0,0,0,0,0,0,0,0,0,0,2021,0,0,0,0,0,0,0,1.7700000405311584,2.0,4.0,0.0,0.0,0.0,0,1,0,0,0,0
NER,24711,247,11,1,2.0,1,0,0,0,0,0,0,0,0,0,0,0,2021,0,0,0,0,0,0,0,2.0299999713897705,1.0,18.0,0.0,0.0,0.0,0,0,0,0,0,0
NER,24712,247,12,1,2.0,1,0,0,0,0,0,0,0,0,0,0,0,2021,0,0,0,0,0,0,0,2.47062548995018,1.0,4.0,0.0,0.0,2.0,0,0,0,0,0,0
NER,24801,248,1,2,4.0,1,0,0,1,1,1,1,0,0,0,0,0,2021,0,0,0,0,0,0,0,,0.0,5.0,0.0,0.0,0.0,0,0,1,0,0,0
NER,24802,248,2,2,2.0,1,1,0,1,1,1,1,0,0,0,0,0,2021,1,0,0,0,0,0,0,0.9017082452774048,0.0,2.0,0.0,0.0,2.0,0,1,1,0,0,0
NER,24803,248,3,2,2.0,1,0,0,1,1,0,0,0,0,0,0,0,2021,0,0,0,0,0,0,0,3.6885766983032227,2.0,2.0,0.0,0.0,0.0,0,1,1,0,0,0
NER,24805,248,5,2,1.0,1,0,0,1,1,1,1,0,0,1,0,0,2021,1,0,0,0,0,0,0,0.8547747731208801,1.0,4.0,0.0,0.0,4.0,0,1,0,0,0,0
NER,24806,248,6,2,1.0,1,0,1,1,1,1,1,0,0,0,0,0,2021,0,0,0,0,0,0,0,0.6600000262260437,2.0,5.0,0.0,0.0,8.0,0,0,0,0,0,0
NER,24807,248,7,2,2.0,1,0,0,1,1,1,1,0,0,1,0,0,2021,0,0,0,0,0,0,0,0.5034370422363281,0.0,3.0,0.0,0.0,0.0,0,0,0,0,0,0
NER,24808,248,8,2,2.0,1,0,0,1,1,1,1,0,0,1,0,0,2021,1,0,0,0,0,0,0,0.3400000035762787,1.0,0.0,0.0,0.0,17.0,0,0,0,0,0,0
NER,24809,248,9,2,4.0,1,1,0,1,1,1,1,0,0,0,0,0,2021,1,0,0,0,0,1,0,,0.0,10.0,0.0,0.0,0.0,1,0,0,0,0,0
NER,24810,248,10,2,1.0,1,1,1,1,1,1,1,0,0,1,0,0,2021,1,0,1,1,0,1,0,,,,,,,1,0,0,0,0,0
NER,24811,248,11,2,4.0,1,0,0,1,1,0,0,0,0,0,0,0,2021,0,0,0,0,0,0,0,,0.0,1.0,0.0,0.0,0.0,0,1,0,0,0,0
NER,24814,248,14,2,1.0,1,0,0,1,1,1,1,0,0,0,0,0,2021,0,0,0,0,0,0,0,,,,,,,1,0,0,0,0,0
NER,24817,248,17,2,4.0,1,0,0,1,1,1,1,0,0,0,0,0,2021,0,0,0,0,0,0,0,,0.0,2.0,0.0,0.0,0.0,0,0,1,0,0,0
NER,24901,249,1,1,2.0,1,0,0,1,1,0,0,0,0,0,0,0,2021,0,0,0,0,0,0,0,2.4700000286102295,0.0,3.0,0.0,0.0,0.0,0,1,0,1,0,0
NER,24902,249,2,1,1.0,1,0,0,0,0,0,0,0,0,0,0,0,2021,0,0,0,0,0,0,0,0.7300000190734863,1.0,4.0,0.0,0.0,130.0,0,0,0,0,0,0
NER,24903,249,3,1,2.0,1,0,0,1,1,0,0,0,0,0,0,0,2021,0,0,0,0,0,0,0,3.157699942588806,1.0,7.0,0.0,0.0,0.0,0,0,0,0,0,0
NER,24904,249,4,1,2.0,1,0,0,0,0,0,0,0,0,0,0,0,2021,0,0,0,0,0,0,0,2.8200000524520874,0.0,3.0,0.0,0.0,0.0,0,1,0,0,0,0
NER,24905,249,5,1,2.0,1,0,0,1,1,0,0,0,0,0,0,0,2021,0,0,0,0,0,0,0,3.909999966621399,,,,,,0,0,0,0,0,0
NER,24907,249,7,1,2.0,1,0,0,1,1,0,0,0,0,0,0,0,2021,0,0,0,0,0,0,0,7.2829999923706055,0.0,2.0,0.0,0.0,2.0,0,0,0,0,0,0
NER,24908,249,8,1,2.0,1,0,0,1,1,0,0,0,0,0,0,0,2021,0,0,0,0,0,0,0,2.059999942779541,0.0,6.0,0.0,0.0,0.0,0,1,0,0,0,0
NER,24910,249,10,1,2.0,1,0,0,0,0,0,0,0,0,0,0,0,2021,0,0,0,0,0,0,0,1.8899999260902405,,,,,,0,0,0,0,0,0
NER,24911,249,11,1,2.0,1,0,0,1,1,0,0,0,0,0,0,0,2021,0,0,0,0,0,0,0,4.955000042915344,1.0,3.0,0.0,0.0,0.0,0,0,0,0,0,0
NER,24912,249,12,1,2.0,1,0,0,1,1,0,0,0,0,0,0,0,2021,0,0,0,0,0,0,0,3.5600000619888306,,,,,,0,1,0,0,0,0
NER,24913,249,13,1,4.0,1,0,0,0,0,0,0,0,0,0,0,0,2021,0,0,0,0,0,0,0,3.5400001108646393,7.0,13.0,0.0,0.0,0.0,0,0,0,0,0,0
NER,24914,249,14,1,2.0,1,0,0,1,1,0,0,0,0,0,0,0,2021,0,0,0,0,0,0,0,10.651999920606613,1.0,3.0,0.0,0.0,5.0,0,0,0,0,0,0
NER,25001,250,1,2,4.0,1,0,0,1,1,0,0,0,0,0,0,0,2021,0,0,0,0,0,0,0,1.5,1.0,0.0,0.0,0.0,0.0,0,1,1,0,0,0
NER,25002,250,2,2,1.0,1,0,0,1,1,0,0,0,0,0,0,0,2021,0,0,0,0,0,0,0,3.950000047683716,1.0,3.0,0.0,0.0,0.0,0,1,1,0,0,0
NER,25003,250,3,2,2.0,1,0,0,1,1,0,0,0,0,0,0,0,2021,0,0,0,0,0,0,0,2.6412031650543213,0.0,1.0,0.0,0.0,0.0,1,1,1,0,0,0
NER,25004,250,4,2,2.0,1,0,0,1,1,0,0,0,0,0,0,0,2021,0,0,0,0,0,0,0,2.6299999952316284,1.0,6.0,0.0,0.0,0.0,0,1,1,1,0,0
NER,25005,250,5,2,2.0,1,0,0,1,1,0,0,0,0,0,0,0,2021,0,0,0,0,0,0,0,6.349999904632568,1.0,4.0,0.0,0.0,0.0,0,0,0,0,0,0
NER,25006,250,6,2,2.0,1,0,0,1,1,0,0,0,0,0,0,0,2021,0,0,0,0,0,0,0,1.1617575883865356,0.0,3.0,0.0,0.0,0.0,0,0,0,0,0,0
NER,25007,250,7,2,2.0,1,0,0,0,0,0,0,0,0,0,0,0,2021,0,0,0,0,0,0,0,7.4505932331085205,2.0,2.0,0.0,0.0,0.0,0,0,0,0,0,0
NER,25008,250,8,2,2.0,1,0,0,1,1,0,0,0,0,0,0,0,2021,0,0,0,0,0,0,0,1.6404199004173279,0.0,3.0,0.0,0.0,0.0,0,0,0,0,0,0
NER,25009,250,9,2,4.0,1,0,0,0,0,0,0,0,0,0,0,0,2021,0,0,0,0,0,0,0,3.007428765296936,0.0,1.0,0.0,0.0,0.0,0,1,0,0,0,0
NER,25010,250,10,2,2.0,1,0,0,0,0,0,0,0,0,0,0,0,2021,0,0,0,0,0,0,0,1.1931941509246826,0.0,1.0,0.0,0.0,0.0,0,1,0,0,0,0
NER,25011,250,11,2,2.0,1,0,0,0,0,0,0,0,0,0,0,0,2021,0,0,0,0,0,0,0,1.8882662951946259,0.0,3.0,0.0,0.0,0.0,1,0,0,0,0,0
NER,25012,250,12,2,2.0,1,0,0,1,0,0,0,0,0,0,0,0,2021,0,0,0,0,0,0,0,5.159999966621399,2.0,4.0,0.0,0.0,13.0,0,0,0,0,0,0
NER,25101,251,1,1,2.0,1,0,0,1,1,0,0,0,0,0,0,0,2021,0,0,0,0,0,0,0,4.550000071525574,1.0,3.0,0.0,0.0,0.0,0,1,0,0,0,0
NER,25102,251,2,1,4.0,1,0,0,1,1,0,0,0,0,0,0,0,2021,0,0,0,0,0,0,0,1.901833415031433,,,,,,0,0,0,0,0,0
NER,25103,251,3,1,2.0,1,0,0,1,1,0,0,0,0,0,0,0,2021,0,0,0,0,0,0,0,10.73741602897644,3.0,1.0,0.0,0.0,0.0,0,0,0,0,0,0
NER,25104,251,4,1,2.0,1,0,0,1,1,0,0,0,0,0,0,0,2021,0,0,0,0,0,0,0,2.950000047683716,4.0,4.0,0.0,0.0,0.0,0,1,0,0,0,0
NER,25105,251,5,1,2.0,1,0,0,1,1,0,0,0,0,0,0,0,2021,0,0,0,0,0,0,0,6.2200000286102295,9.0,11.0,0.0,0.0,0.0,0,0,0,0,0,0
NER,25107,251,7,1,2.0,1,0,0,1,1,0,0,0,0,0,0,0,2021,0,0,0,0,0,0,0,4.409999966621399,3.0,2.0,0.0,0.0,8.0,1,1,0,0,0,0
NER,25108,251,8,1,2.0,1,0,0,1,1,0,0,0,0,0,0,0,2021,0,0,0,0,0,0,0,1.850000023841858,1.0,18.0,0.0,0.0,0.0,0,0,0,0,0,0
NER,25109,251,9,1,2.0,1,0,0,1,1,0,0,0,0,0,0,0,2021,0,0,0,0,0,0,0,6.950000047683716,2.0,3.0,0.0,0.0,5.0,0,0,0,0,0,0
NER,25110,251,10,1,2.0,1,0,0,1,1,0,0,0,0,0,0,0,2021,0,0,0,0,0,0,0,3.970000147819519,0.0,2.0,0.0,0.0,0.0,0,1,0,0,0,0
NER,25111,251,11,1,2.0,1,0,0,1,1,0,0,0,0,0,0,0,2021,0,0,0,0,0,0,0,,,,,,,0,0,0,0,0,0
NER,25112,251,12,1,2.0,1,0,0,1,1,0,0,0,0,0,0,0,2021,0,0,0,0,0,0,0,11.079999804496765,2.0,3.0,0.0,0.0,0.0,0,0,0,0,0,0
NER,25127,251,27,1,2.0,1,0,0,1,1,0,0,0,0,0,0,0,2021,0,0,0,0,0,0,0,3.962000012397766,3.0,5.0,0.0,0.0,1.0,0,0,0,0,0,0
NER,25201,252,1,2,2.0,1,0,0,0,0,0,0,0,0,0,0,0,2021,0,0,0,0,0,0,0,2.1600000262260437,12.0,13.0,0.0,0.0,6.0,1,0,1,1,0,0
NER,25202,252,2,2,4.0,1,0,0,0,0,0,0,0,0,0,0,0,2021,0,0,0,0,0,0,0,0.38999998569488525,1.0,2.0,0.0,0.0,0.0,1,0,0,0,0,0
NER,25203,252,3,2,4.0,1,0,0,0,0,0,0,0,0,0,0,0,2021,0,0,0,0,0,0,0,,0.0,5.0,0.0,0.0,0.0,0,1,1,0,0,0
NER,25204,252,4,2,2.0,1,0,0,0,0,0,0,0,0,0,0,0,2021,0,0,0,0,0,0,0,0.8100000023841858,0.0,3.0,0.0,0.0,0.0,0,1,1,0,0,0
NER,25205,252,5,2,2.0,1,0,0,0,0,0,0,0,0,0,0,0,2021,0,0,0,0,0,0,0,0.2799999937415123,0.0,2.0,0.0,0.0,0.0,1,0,0,0,0,0
NER,25206,252,6,2,2.0,1,0,0,0,0,0,0,0,0,0,0,0,2021,0,0,0,0,0,0,0,0.11999999731779099,0.0,5.0,0.0,0.0,0.0,0,0,0,0,0,0
NER,25207,252,7,2,2.0,1,0,0,0,0,0,0,0,0,0,0,0,2021,0,0,0,0,0,0,0,2.1899999380111694,9.0,15.0,0.0,0.0,0.0,0,0,0,0,0,0
NER,25208,252,8,2,2.0,1,0,0,0,0,0,0,0,0,0,0,0,2021,0,0,0,0,0,0,0,2.636492669582367,5.0,3.0,0.0,0.0,0.0,0,0,0,0,0,0
NER,25209,252,9,2,2.0,0,0,0,0,0,0,0,0,0,0,0,0,2021,0,0,0,0,0,0,0,1.88103449344635,0.0,5.0,0.0,0.0,0.0,0,1,0,0,0,0
NER,25210,252,10,2,2.0,1,0,0,0,0,0,0,0,0,0,0,0,2021,0,0,0,0,0,0,0,0.5600000023841858,2.0,0.0,0.0,0.0,0.0,0,1,1,0,1,0
NER,25211,252,11,2,2.0,1,0,0,0,0,0,0,0,0,0,0,0,2021,0,0,0,0,0,0,0,0.6399999856948853,1.0,2.0,0.0,0.0,0.0,0,0,0,0,0,0
NER,25212,252,12,2,2.0,1,0,0,0,0,0,0,0,0,0,0,0,2021,0,0,0,0,0,0,0,0.3500000089406967,6.0,4.0,0.0,0.0,0.0,0,0,0,1,1,0
NER,25301,253,1,1,2.0,0,0,1,1,1,1,1,0,1,0,0,1,2021,0,0,0,0,0,0,0,1.4163000583648682,2.0,2.0,0.0,0.0,0.0,0,0,0,0,0,0
NER,25302,253,2,1,2.0,1,0,1,1,1,1,1,0,0,0,0,0,2021,1,0,0,0,0,1,0,3.0645649433135986,0.0,8.0,0.0,0.0,0.0,0,0,0,0,0,0
NER,25303,253,3,1,2.0,0,1,1,1,1,0,1,0,0,0,0,0,2021,0,0,0,0,0,0,0,,0.0,1.0,0.0,0.0,0.0,1,0,0,0,0,0
NER,25304,253,4,1,2.0,1,0,1,1,1,0,0,0,0,0,0,1,2021,0,0,0,0,0,0,0,2.5824999809265137,,,,,,0,0,0,0,0,0
NER,25308,253,8,1,2.0,1,0,0,1,1,0,0,0,0,0,0,0,2021,0,0,0,0,0,0,0,1.2837672233581543,0.0,5.0,0.0,0.0,0.0,0,0,0,0,0,0
NER,25309,253,9,1,1.0,1,0,0,1,1,0,0,0,0,0,0,0,2021,0,0,0,0,0,0,0,6.5212907791137695,,,,,,0,0,0,0,0,0
NER,25310,253,10,1,2.0,0,0,0,1,1,0,0,0,0,0,0,0,2021,0,0,0,0,0,0,0,2.5085999965667725,3.0,3.0,0.0,0.0,0.0,0,1,0,1,0,0
NER,25311,253,11,1,2.0,1,0,1,0,0,0,0,0,0,0,0,0,2021,0,0,0,0,0,0,0,,0.0,2.0,0.0,0.0,0.0,0,1,0,0,0,0
NER,25314,253,14,1,1.0,0,0,0,1,1,0,1,0,0,0,0,0,2021,0,0,0,0,0,0,0,,,,,,,0,0,0,0,0,0
NER,25317,253,17,1,2.0,1,0,0,1,1,0,0,0,0,0,0,0,2021,0,0,0,0,0,0,0,3.106400281190872,,,,,,0,0,0,0,0,0
NER,25318,253,18,1,2.0,1,0,0,1,1,0,0,0,0,0,0,0,2021,0,0,0,0,0,0,0,,,,,,,0,0,0,0,0,0
NER,25319,253,19,1,2.0,0,1,0,0,0,0,0,0,0,0,0,0,2021,0,0,0,0,0,0,0,2.5774999856948853,0.0,0.0,0.0,0.0,0.0,0,1,0,0,0,0
NER,25401,254,1,2,2.0,1,0,0,0,0,1,1,0,1,1,0,0,2021,0,0,0,0,0,0,0,,3.0,8.0,0.0,0.0,0.0,0,1,1,0,0,0
NER,25402,254,2,2,2.0,1,0,0,0,0,0,1,0,0,0,0,0,2021,0,0,0,0,0,0,0,,,,,,,0,1,1,0,0,0
NER,25403,254,3,2,2.0,1,0,0,0,0,0,1,0,0,0,0,0,2021,0,0,0,0,0,0,0,0.21249999850988388,2.0,6.0,0.0,0.0,0.0,0,1,1,0,1,0
NER,25404,254,4,2,2.0,1,0,0,0,0,0,0,0,0,0,0,0,2021,0,0,0,0,0,0,0,1.1790457963943481,0.0,3.0,0.0,0.0,0.0,0,1,1,1,0,0
NER,25405,254,5,2,4.0,1,0,0,0,0,0,0,0,0,0,0,0,2021,0,0,0,0,0,0,0,1.594965871423483,2.0,2.0,0.0,2.0,0.0,0,0,0,0,0,0
NER,25406,254,6,2,2.0,1,0,0,0,0,1,1,0,0,0,0,0,2021,0,0,0,0,0,0,0,0.5799999982118607,0.0,1.0,0.0,0.0,0.0,0,0,0,0,0,0
NER,25407,254,7,2,2.0,1,1,0,0,0,1,1,0,0,0,0,0,2021,0,0,0,0,0,0,0,0.4400000125169754,2.0,3.0,0.0,0.0,0.0,0,0,0,0,0,0
NER,25408,254,8,2,2.0,1,0,0,0,0,0,0,0,0,0,0,0,2021,0,0,0,0,0,0,0,0.09000000357627869,0.0,3.0,0.0,0.0,0.0,0,0,0,0,0,0
NER,25409,254,9,2,2.0,1,0,0,0,0,1,1,0,0,0,0,0,2021,0,0,0,0,0,0,0,0.41999998688697815,2.0,0.0,0.0,0.0,0.0,0,0,0,0,0,0
NER,25410,254,10,2,2.0,1,1,0,0,0,1,1,0,0,0,0,0,2021,1,0,0,0,0,0,0,0.20999999344348907,2.0,0.0,0.0,0.0,0.0,1,0,0,0,0,0
NER,25411,254,11,2,2.0,1,0,0,0,0,0,1,0,0,0,0,0,2021,0,0,0,0,0,0,0,0.38999998569488525,0.0,7.0,0.0,0.0,0.0,1,0,0,0,0,0
NER,25412,254,12,2,2.0,1,0,0,0,0,0,1,0,0,0,0,0,2021,0,0,0,0,0,0,0,0.4699999988079071,4.0,2.0,0.0,0.0,0.0,0,0,0,0,0,0
NER,25501,255,1,1,2.0,0,0,0,0,0,0,0,0,0,0,0,0,2021,0,0,0,0,0,0,0,1.3976000547409058,0.0,2.0,0.0,0.0,0.0,1,0,0,0,0,0
NER,25502,255,2,1,2.0,1,0,0,0,0,0,0,0,0,0,0,0,2021,0,0,0,0,0,0,0,5.476050823926926,,,,,,0,0,0,0,0,0
NER,25503,255,3,1,2.0,0,0,0,0,0,0,0,0,0,0,0,0,2021,0,0,0,0,0,0,0,7.782901048660278,2.0,0.0,0.0,0.0,0.0,0,1,0,0,0,0
NER,25504,255,4,1,2.0,0,0,0,0,1,0,0,0,1,0,0,0,2021,0,0,0,0,0,0,0,,2.0,3.0,0.0,0.0,0.0,0,1,0,0,0,0
NER,25505,255,5,1,2.0,1,0,0,0,0,0,0,0,0,0,0,0,2021,0,0,0,0,0,0,0,3.948899984359741,1.0,4.0,0.0,0.0,24.0,0,1,0,0,0,0
NER,25506,255,6,1,2.0,0,0,0,0,0,0,0,0,0,0,0,0,2021,0,0,0,0,0,0,0,6.950942397117615,1.0,4.0,0.0,0.0,0.0,0,1,0,0,0,0
NER,25507,255,7,1,2.0,0,0,0,0,0,0,0,0,1,0,0,1,2021,0,0,0,0,0,0,0,1.5499999523162842,,,,,,0,0,0,0,0,0
NER,25509,255,9,1,2.0,1,0,0,0,0,0,0,0,0,0,0,0,2021,0,0,0,0,0,0,0,2.539391875267029,,,,,,0,0,0,0,0,0
NER,25510,255,10,1,2.0,0,0,0,0,0,0,0,0,0,0,0,0,2021,0,0,0,0,0,0,0,0.5722000002861023,1.0,0.0,0.0,0.0,0.0,1,1,0,0,0,0
NER,25511,255,11,1,2.0,0,0,0,0,0,0,0,0,0,0,0,0,2021,0,0,0,0,0,0,0,1.2336761951446533,,,,,,0,0,0,0,0,0
NER,25512,255,12,1,2.0,1,0,0,0,0,0,0,0,0,0,0,0,2021,0,0,0,0,0,0,0,2.309931755065918,1.0,0.0,0.0,0.0,0.0,0,0,0,0,0,0
NER,25514,255,14,1,2.0,0,0,0,0,0,0,0,0,0,0,0,0,2021,0,0,0,0,0,0,0,9.099300146102905,0.0,2.0,0.0,0.0,0.0,0,1,0,0,0,0
NER,25602,256,2,2,2.0,1,0,0,1,1,0,0,0,1,0,0,0,2021,0,0,0,0,0,0,0,8.669999539852142,0.0,2.0,0.0,0.0,0.0,0,1,1,0,0,0
NER,25603,256,3,2,4.0,1,0,0,0,0,0,0,0,1,0,0,0,2021,0,0,0,0,0,0,0,1.1299999952316284,0.0,0.0,0.0,0.0,0.0,1,1,0,0,0,0
NER,25605,256,5,2,4.0,1,0,0,1,1,1,1,0,0,1,0,0,2021,1,0,0,0,0,0,0,5.68999981880188,1.0,2.0,0.0,0.0,0.0,0,0,0,0,0,0
NER,25606,256,6,2,4.0,1,0,0,0,0,0,0,0,0,0,0,0,2021,0,0,0,0,0,0,0,0.9800000190734863,0.0,1.0,0.0,0.0,0.0,0,0,0,0,0,0
NER,25609,256,9,2,1.0,1,0,0,1,1,1,1,0,0,1,0,0,2021,1,0,0,0,0,0,0,12.839999914169312,8.0,0.0,0.0,0.0,0.0,0,0,0,0,0,0
NER,25610,256,10,2,2.0,1,0,0,0,0,0,1,0,0,0,0,0,2021,0,0,0,0,0,0,0,2.880000054836273,,,,,,0,1,0,0,0,0
NER,25611,256,11,2,1.0,1,0,0,0,0,0,0,0,1,0,0,0,2021,0,0,0,0,0,0,0,5.690000057220459,1.0,9.0,0.0,0.0,14.0,0,1,0,0,0,0
NER,25612,256,12,2,4.0,1,0,0,1,1,0,1,0,1,0,0,0,2021,0,0,0,0,0,0,0,2.4800000190734863,0.0,2.0,0.0,0.0,0.0,0,0,0,0,0,0
NER,25617,256,17,2,2.0,1,0,0,1,0,0,1,0,0,0,0,0,2021,0,0,0,0,0,0,0,0.7048506438732147,0.0,4.0,0.0,0.0,0.0,1,1,1,0,0,0
NER,25618,256,18,2,2.0,1,0,0,0,0,0,1,0,0,0,0,0,2021,0,0,0,0,0,0,0,2.7200000286102295,1.0,4.0,0.0,0.0,0.0,0,1,1,0,0,0
NER,25619,256,19,2,4.0,1,0,0,1,1,0,0,0,0,0,0,0,2021,0,0,0,0,0,0,0,,,,,,,0,0,0,0,0,0
NER,25620,256,20,2,2.0,1,0,0,0,1,1,1,0,0,1,0,0,2021,0,0,0,0,0,0,0,,,,,,,0,0,0,0,0,0
NER,25701,257,1,1,2.0,1,0,0,0,0,0,0,0,0,0,0,0,2021,0,0,0,0,0,0,0,5.4100000858306885,2.0,2.0,0.0,0.0,0.0,0,1,0,0,0,0
NER,25702,257,2,1,2.0,1,0,0,1,1,0,1,0,0,0,0,0,2021,0,0,0,0,0,0,0,0.8500000238418579,,,,,,0,0,0,0,0,0
NER,25703,257,3,1,2.0,1,0,0,1,1,1,1,0,0,0,0,0,2021,0,0,0,0,0,0,0,1.9953347444534302,2.0,0.0,0.0,0.0,0.0,0,1,0,0,0,0
NER,25704,257,4,1,4.0,1,0,0,1,1,0,0,0,1,0,0,0,2021,0,0,0,0,0,0,0,1.8441106081008911,,,,,,0,1,0,0,0,0
NER,25705,257,5,1,2.0,1,0,0,1,1,1,1,0,0,0,0,0,2021,0,0,0,0,0,0,0,1.809999942779541,5.0,18.0,0.0,0.0,0.0,0,0,0,0,0,0
NER,25706,257,6,1,2.0,1,1,1,1,1,1,1,0,0,0,0,0,2021,1,0,0,0,0,0,0,2.942630648612976,1.0,11.0,0.0,0.0,4.0,0,1,0,0,0,0
NER,25707,257,7,1,2.0,1,0,0,1,1,0,1,0,0,0,0,0,2021,0,0,0,0,0,0,0,5.440000116825104,2.0,6.0,0.0,0.0,0.0,0,1,0,0,0,0
NER,25708,257,8,1,2.0,1,1,1,1,1,1,1,0,0,0,0,0,2021,0,0,0,0,0,0,0,,1.0,12.0,0.0,0.0,0.0,0,0,0,0,0,0
NER,25709,257,9,1,2.0,1,0,0,1,1,1,1,0,0,0,0,0,2021,1,0,0,0,0,0,0,4.683000087738037,0.0,9.0,0.0,0.0,18.0,0,0,0,0,0,0
NER,25710,257,10,1,2.0,1,0,1,0,1,0,1,0,0,0,0,0,2021,1,0,0,0,0,0,0,1.020000010728836,1.0,5.0,0.0,0.0,0.0,0,1,0,0,0,0
NER,25711,257,11,1,2.0,1,0,0,1,1,1,1,0,0,0,0,0,2021,0,0,0,0,0,0,0,1.4199999570846558,1.0,5.0,0.0,0.0,0.0,0,0,0,0,0,0
NER,25712,257,12,1,2.0,1,0,0,1,1,0,0,0,0,0,0,0,2021,0,0,0,0,0,0,0,0.25,,,,,,0,1,0,0,0,0
NER,25801,258,1,2,2.0,1,0,0,0,0,1,1,0,0,0,0,0,2021,0,0,0,0,0,0,0,1.3200000524520874,,,,,,0,1,1,0,0,0
NER,25802,258,2,2,2.0,1,1,1,1,1,1,1,0,0,0,1,0,2021,1,0,1,1,0,1,0,,,,,,,0,1,1,0,0,0
NER,25803,258,3,2,2.0,1,0,0,1,1,1,1,0,0,0,0,0,2021,0,0,0,0,0,0,0,,,,,,,0,0,1,0,0,0
NER,25804,258,4,2,2.0,1,1,1,0,1,1,1,0,0,0,0,0,2021,0,0,0,0,0,0,0,0.0,1.0,4.0,0.0,0.0,0.0,0,1,1,0,0,0
NER,25805,258,5,2,2.0,1,0,0,1,1,0,0,0,0,0,0,0,2021,0,0,0,0,0,0,0,2.069999933242798,0.0,3.0,0.0,0.0,0.0,0,0,0,0,0,0
NER,25806,258,6,2,2.0,1,0,0,1,1,1,1,0,0,0,0,0,2021,0,0,0,0,0,0,0,12.398379564285278,1.0,2.0,0.0,0.0,0.0,0,0,0,0,0,0
NER,25807,258,7,2,2.0,1,0,0,1,1,1,1,0,0,0,0,0,2021,0,0,0,0,0,0,0,3.753767251968384,1.0,1.0,0.0,0.0,0.0,0,0,0,0,0,0
NER,25808,258,8,2,4.0,1,0,0,1,1,1,1,0,0,0,0,0,2021,0,0,0,0,0,0,0,11.779999732971191,1.0,0.0,0.0,0.0,5.0,0,0,0,0,0,0
NER,25809,258,9,2,2.0,1,0,0,0,0,0,1,0,0,0,0,0,2021,0,0,0,0,0,0,0,4.980000019073486,2.0,3.0,0.0,0.0,2.0,0,0,0,0,0,0
NER,25810,258,10,2,4.0,1,0,0,0,0,0,1,0,0,0,0,0,2021,0,0,0,0,0,0,0,0.550000011920929,,,,,,0,0,0,0,0,0
NER,25811,258,11,2,4.0,1,0,0,0,1,0,0,0,0,0,0,0,2021,0,0,0,0,0,0,0,1.059999942779541,,,,,,1,0,0,0,0,0
NER,25812,258,12,2,1.0,1,0,0,0,0,1,1,0,0,0,0,0,2021,0,0,0,0,0,0,0,,0.0,8.0,0.0,0.0,0.0,1,0,0,0,0,0
NER,25902,259,2,1,2.0,1,0,0,1,1,0,0,0,0,0,0,0,2021,0,0,0,0,0,0,0,1.3300000131130219,2.0,5.0,0.0,0.0,0.0,0,1,0,0,0,0
NER,25903,259,3,1,2.0,1,0,0,1,1,0,0,0,0,0,0,0,2021,0,0,0,0,0,0,0,2.440000057220459,0.0,13.0,0.0,0.0,40.0,1,0,0,0,0,0
NER,25904,259,4,1,2.0,1,0,0,1,1,0,0,0,0,0,0,0,2021,0,0,0,0,0,0,0,2.0,2.0,0.0,0.0,0.0,0.0,0,0,0,0,0,0
NER,25905,259,5,1,4.0,1,0,0,1,1,0,1,0,0,0,0,0,2021,0,0,0,0,0,0,0,3.090000033378601,5.0,3.0,0.0,0.0,0.0,0,1,0,0,0,0
NER,25906,259,6,1,2.0,1,0,0,1,1,0,0,0,0,1,0,0,2021,0,0,0,0,0,0,0,0.8799999952316284,5.0,10.0,0.0,0.0,0.0,0,0,0,0,0,0
NER,25907,259,7,1,2.0,1,0,0,1,1,1,1,0,0,0,0,0,2021,0,0,0,0,0,0,0,2.5799999237060547,,,,,,0,0,0,0,0,0
NER,25908,259,8,1,2.0,1,0,1,1,1,1,1,0,0,0,0,0,2021,1,0,0,0,0,0,0,2.9199999570846558,1.0,8.0,0.0,0.0,0.0,0,1,0,0,0,0
NER,25909,259,9,1,2.0,1,0,0,1,1,0,0,0,0,0,0,0,2021,0,0,0,0,0,0,0,3.040000081062317,3.0,0.0,0.0,0.0,0.0,0,0,0,0,0,0
NER,25910,259,10,1,2.0,1,0,0,1,1,1,1,0,0,0,0,0,2021,0,0,0,0,0,0,0,,,,,,,0,0,0,0,0,0
NER,25911,259,11,1,2.0,1,0,0,1,1,0,0,1,0,0,0,0,2021,0,0,0,0,0,0,0,1.9700000286102295,0.0,9.0,0.0,0.0,0.0,1,1,0,0,0,0
NER,25912,259,12,1,2.0,1,1,1,1,1,0,0,0,0,0,0,0,2021,0,0,0,0,0,0,0,0.9100000262260437,1.0,8.0,0.0,0.0,0.0,0,0,0,0,0,0
NER,25915,259,15,1,2.0,1,0,0,1,1,0,0,0,0,0,0,0,2021,0,0,0,0,0,0,0,1.7580000162124634,1.0,0.0,0.0,0.0,0.0,0,0,0,0,0,0
NER,26001,260,1,2,4.0,1,0,0,0,0,0,0,0,0,0,0,0,2021,0,0,0,0,0,0,0,1.1617575883865356,2.0,3.0,0.0,0.0,0.0,0,1,1,0,0,0
NER,26002,260,2,2,4.0,1,0,0,0,0,0,0,0,0,0,0,0,2021,0,0,0,0,0,0,0,1.6224052906036377,,,,,,0,1,1,0,0,0
NER,26003,260,3,2,2.0,1,0,0,0,0,0,0,0,0,0,0,0,2021,0,0,0,0,0,0,0,0.47999998927116394,1.0,5.0,0.0,0.0,0.0,0,1,1,0,0,0
NER,26004,260,4,2,2.0,1,0,0,0,0,0,0,0,0,0,0,0,2021,0,0,0,0,0,0,0,2.766806125640869,1.0,3.0,0.0,0.0,0.0,0,1,1,0,0,0
NER,26005,260,5,2,2.0,1,0,0,0,0,0,0,0,0,0,0,0,2021,0,0,0,0,0,0,0,6.272901281714439,1.0,0.0,0.0,0.0,7.0,0,0,0,0,0,0
NER,26006,260,6,2,1.0,1,0,0,0,0,1,1,0,0,0,0,0,2021,0,0,0,0,0,0,0,1.0699999928474426,1.0,3.0,0.0,0.0,0.0,1,0,0,0,0,0
NER,26007,260,7,2,2.0,1,0,0,0,0,0,0,0,0,0,0,0,2021,0,0,0,0,0,0,0,,,,,,,0,0,0,0,0,0
NER,26010,260,10,2,2.0,1,0,0,0,0,1,0,0,0,0,0,0,2021,0,0,0,0,0,0,0,0.8700000047683716,1.0,2.0,0.0,0.0,0.0,0,0,0,0,0,0
NER,26011,260,11,2,2.0,1,0,0,0,0,1,1,0,0,0,0,0,2021,0,0,0,0,0,0,0,3.6113960966467857,0.0,7.0,0.0,0.0,0.0,1,0,0,0,0,0
NER,26012,260,12,2,4.0,1,0,0,0,0,1,1,0,0,0,0,0,2021,0,0,0,0,0,0,0,1.1100000143051147,,,,,,0,1,0,0,0,0
NER,26015,260,15,2,4.0,1,0,0,0,0,0,0,0,0,0,0,0,2021,0,0,0,0,0,0,0,0.6700000166893005,0.0,2.0,0.0,0.0,0.0,0,0,0,0,0,0
NER,26017,260,17,2,2.0,1,0,0,0,0,1,1,0,0,0,0,0,2021,0,0,0,0,0,0,0,1.2059674263000488,1.0,2.0,0.0,0.0,0.0,0,0,0,0,0,0
NER,26101,261,1,1,2.0,1,0,0,1,1,0,0,0,0,0,0,0,2021,0,0,0,0,0,0,0,6.578400015830994,1.0,5.0,0.0,0.0,0.0,0,1,0,0,0,0
NER,26102,261,2,1,2.0,1,0,0,0,0,0,0,0,0,0,0,0,2021,0,0,0,0,0,0,0,1.670000046491623,,,,,,0,0,0,0,0,0
NER,26103,261,3,1,2.0,1,0,0,0,0,0,0,0,0,0,0,0,2021,0,0,0,0,0,0,0,5.368899822235107,0.0,9.0,0.0,0.0,0.0,0,0,0,0,0,0
NER,26104,261,4,1,2.0,1,0,0,1,1,0,0,0,0,0,0,0,2021,0,0,0,0,0,0,0,2.6579999923706055,0.0,12.0,0.0,0.0,0.0,0,1,0,0,0,0
NER,26105,261,5,1,2.0,1,0,0,1,1,0,0,0,0,0,0,0,2021,0,0,0,0,0,0,0,0.11999999731779099,,,,,,0,0,0,0,0,0
NER,26106,261,6,1,2.0,1,0,0,1,1,0,0,0,0,0,0,0,2021,0,0,0,0,0,0,0,4.320000171661377,1.0,0.0,0.0,0.0,0.0,0,0,0,0,0,0
NER,26107,261,7,1,2.0,1,0,0,1,1,0,0,0,0,0,0,0,2021,0,0,0,0,0,0,0,4.719000071287155,2.0,3.0,0.0,0.0,0.0,1,1,0,0,0,0
NER,26108,261,8,1,2.0,1,0,0,0,0,0,0,0,0,0,0,0,2021,0,0,0,0,0,0,0,2.6200000643730164,0.0,12.0,0.0,0.0,0.0,0,0,0,0,0,0
NER,26109,261,9,1,2.0,1,0,0,1,1,0,0,0,0,0,0,0,2021,0,0,0,0,0,0,0,2.630000114440918,0.0,1.0,0.0,0.0,0.0,0,0,0,0,0,0
NER,26111,261,11,1,2.0,1,0,0,1,1,0,0,0,0,0,0,0,2021,0,0,0,0,0,0,0,1.5877000093460083,4.0,1.0,0.0,0.0,0.0,1,1,0,0,0,0
NER,26112,261,12,1,2.0,1,0,0,0,0,0,0,0,0,0,0,0,2021,0,0,0,0,0,0,0,2.559999942779541,2.0,10.0,0.0,0.0,0.0,0,0,0,0,0,0
NER,26113,261,13,1,2.0,1,0,0,1,1,0,0,0,0,0,0,0,2021,0,0,0,0,0,0,0,5.0,0.0,4.0,0.0,0.0,0.0,0,0,0,0,0,0
NER,26201,262,1,2,2.0,1,0,0,1,0,0,0,0,0,0,0,0,2021,0,0,0,0,0,0,0,3.905263900756836,10.0,7.0,0.0,0.0,0.0,0,1,1,0,0,0
NER,26202,262,2,2,2.0,1,0,0,0,0,0,0,0,0,0,0,0,2021,0,0,0,0,0,0,0,1.8414301872253418,16.0,17.0,0.0,0.0,0.0,0,1,1,0,0,0
NER,26203,262,3,2,2.0,1,0,0,1,1,0,0,0,0,0,0,0,2021,0,0,0,0,0,0,0,1.3300000429153442,,,,,,0,1,1,0,0,0
NER,26204,262,4,2,4.0,1,0,0,0,0,0,0,0,0,0,0,0,2021,0,0,0,0,0,0,0,2.1500000953674316,,,,,,0,1,1,0,0,0
NER,26205,262,5,2,2.0,1,0,0,0,0,0,0,0,0,0,0,0,2021,0,0,0,0,0,0,0,1.1200000047683716,0.0,6.0,0.0,0.0,2.0,0,0,0,0,0,0
NER,26206,262,6,2,2.0,1,0,0,0,0,0,0,0,0,1,0,0,2021,0,0,0,0,0,0,0,1.2799999713897705,1.0,2.0,0.0,0.0,4.0,0,0,0,0,0,0
NER,26207,262,7,2,2.0,1,0,0,0,0,0,0,0,0,1,0,0,2021,0,0,0,0,0,0,0,0.5,0.0,5.0,0.0,0.0,5.0,0,0,0,0,0,0
NER,26208,262,8,2,2.0,1,0,0,0,0,0,0,0,0,0,0,0,2021,0,0,0,0,0,0,0,0.8346234560012817,0.0,3.0,0.0,0.0,23.0,0,0,0,0,0,0
NER,26210,262,10,2,4.0,1,0,0,0,0,0,0,0,0,0,0,0,2021,0,0,0,0,0,0,0,3.1800000369548798,2.0,7.0,0.0,0.0,0.0,0,0,0,0,0,0
NER,26211,262,11,2,2.0,1,0,0,1,1,0,0,0,0,0,0,0,2021,0,0,0,0,0,0,0,0.6499999761581421,0.0,2.0,0.0,0.0,0.0,0,0,0,0,0,0
NER,26212,262,12,2,4.0,1,0,0,0,0,0,0,0,0,0,0,0,2021,0,0,0,0,0,0,0,2.2799999713897705,0.0,5.0,0.0,0.0,0.0,1,0,0,0,0,0
NER,26215,262,15,2,2.0,1,0,0,0,0,0,0,0,0,0,0,0,2021,0,0,0,0,0,0,0,0.8600000143051147,0.0,4.0,0.0,0.0,0.0,0,0,0,0,0,0
NER,26301,263,1,1,2.0,1,0,0,0,0,0,0,0,0,0,0,0,2021,0,0,0,0,0,0,0,,11.0,25.0,0.0,0.0,0.0,0,0,0,0,0,0
NER,26302,263,2,1,2.0,1,0,0,0,0,0,0,0,0,0,0,0,2021,0,0,0,0,0,0,0,1.5399999618530273,3.0,20.0,0.0,0.0,0.0,0,0,0,0,0,0
NER,26303,263,3,1,2.0,1,0,0,0,0,0,0,0,0,0,0,0,2021,0,0,0,0,0,0,0,40.72500038146973,0.0,3.0,0.0,0.0,0.0,0,0,0,0,0,0
NER,26304,263,4,1,2.0,1,0,0,0,0,0,0,0,0,0,0,0,2021,0,0,0,0,0,0,0,3.2299999594688416,2.0,26.0,0.0,0.0,0.0,0,1,0,0,0,0
NER,26305,263,5,1,2.0,1,0,0,0,0,0,0,0,0,0,0,0,2021,0,0,0,0,0,0,0,0.6800000071525574,1.0,16.0,0.0,0.0,0.0,0,0,0,0,0,0
NER,26306,263,6,1,2.0,1,0,0,1,1,0,0,0,0,0,0,0,2021,0,0,0,0,0,0,0,0.6899999976158142,0.0,7.0,0.0,0.0,0.0,0,0,0,0,0,0
NER,26307,263,7,1,2.0,1,0,0,0,0,0,0,0,0,0,0,0,2021,0,0,0,0,0,0,0,0.5299999713897705,2.0,24.0,0.0,0.0,0.0,0,1,0,0,0,0
NER,26308,263,8,1,2.0,1,0,0,0,0,0,0,0,0,0,0,0,2021,0,0,0,0,0,0,0,1.659999966621399,5.0,18.0,0.0,0.0,0.0,0,0,0,0,0,0
NER,26310,263,10,1,2.0,1,0,0,0,0,0,0,0,0,0,0,0,2021,0,0,0,0,0,0,0,1.652999997138977,0.0,10.0,0.0,0.0,0.0,0,0,0,0,0,0
NER,26311,263,11,1,2.0,1,0,0,0,0,0,0,0,0,0,0,0,2021,0,0,0,0,0,0,0,1.9199999570846558,,,,,,1,0,0,0,0,0
NER,26313,263,13,1,2.0,1,0,0,0,0,0,0,0,0,0,0,0,2021,0,0,0,0,0,0,0,1.6399999856948853,2.0,15.0,0.0,0.0,0.0,0,0,0,0,0,0
NER,26314,263,14,1,2.0,1,0,0,0,0,0,0,0,0,0,0,0,2021,0,0,0,0,0,0,0,11.689000129699707,0.0,26.0,0.0,0.0,0.0,0,0,0,0,0,0
NER,26401,264,1,2,1.0,1,1,1,1,1,1,1,0,0,0,0,0,2021,0,0,0,0,0,0,0,,,,,,,0,0,1,0,0,0
NER,26402,264,2,2,2.0,1,0,0,1,1,1,1,0,0,0,0,0,2021,1,0,0,0,0,0,0,0.3536699116230011,0.0,4.0,0.0,0.0,0.0,0,1,1,0,0,0
NER,26403,264,3,2,1.0,1,0,0,1,1,1,1,0,0,0,0,0,2021,0,0,0,0,0,0,0,1.5600034892559052,0.0,5.0,0.0,0.0,0.0,0,1,1,0,0,0
NER,26404,264,4,2,1.0,1,0,0,1,1,1,1,0,0,0,0,0,2021,0,0,0,0,0,0,0,2.259999990463257,,,,,,0,1,1,0,0,0
NER,26405,264,5,2,2.0,1,0,1,1,1,1,1,0,0,1,0,0,2021,1,0,1,0,0,0,0,0.8400000035762787,0.0,4.0,0.0,0.0,0.0,0,0,0,0,0,0
NER,26406,264,6,2,2.0,1,0,0,1,1,0,0,0,0,0,0,0,2021,0,0,0,0,0,0,0,2.0,0.0,1.0,0.0,0.0,0.0,0,0,0,0,0,0
NER,26407,264,7,2,2.0,1,0,0,1,1,0,0,0,0,0,0,0,2021,0,0,0,0,0,0,0,1.0800000429153442,0.0,6.0,0.0,0.0,0.0,0,0,0,0,0,0
NER,26408,264,8,2,2.0,1,0,0,1,1,1,1,0,0,1,0,0,2021,0,0,0,0,0,0,0,1.9032413959503174,1.0,1.0,0.0,0.0,0.0,0,0,0,0,0,0
NER,26409,264,9,2,1.0,1,1,1,1,1,1,1,0,0,1,0,0,2021,1,0,0,0,0,1,0,2.0200000405311584,0.0,2.0,0.0,0.0,0.0,0,0,0,0,0,0
NER,26410,264,10,2,4.0,1,0,0,1,1,0,0,0,0,0,0,0,2021,0,0,0,0,0,0,0,1.1399999856948853,0.0,1.0,0.0,0.0,0.0,0,0,0,0,0,0
NER,26411,264,11,2,2.0,1,0,0,1,1,0,1,0,0,0,0,0,2021,0,0,0,0,0,0,0,,1.0,0.0,0.0,0.0,0.0,0,0,0,0,0,0
NER,26412,264,12,2,2.0,1,0,0,1,1,0,1,0,0,0,0,0,2021,0,0,0,0,0,0,0,0.7900000214576721,0.0,5.0,0.0,0.0,10.0,0,0,0,0,0,0
NER,26501,265,1,1,2.0,1,0,0,1,1,0,0,0,0,0,0,0,2021,0,0,0,0,0,0,0,2.2199999690055847,,,,,,0,1,0,1,0,0
NER,26502,265,2,1,2.0,1,0,0,1,1,0,1,0,0,0,0,0,2021,0,0,0,0,0,0,0,1.0800000429153442,0.0,3.0,0.0,0.0,0.0,0,0,0,0,0,0
NER,26503,265,3,1,1.0,1,0,0,1,1,1,1,0,0,0,0,0,2021,0,0,0,0,0,0,0,3.6519999504089355,0.0,1.0,0.0,0.0,0.0,0,0,0,0,0,0
NER,26504,265,4,1,2.0,1,0,0,1,1,0,0,0,0,0,0,0,2021,0,0,0,0,0,0,0,1.2599999904632568,0.0,4.0,0.0,0.0,0.0,0,1,0,0,0,0
NER,26505,265,5,1,2.0,1,0,0,1,1,0,0,0,0,0,0,0,2021,0,0,0,0,0,0,0,,0.0,12.0,0.0,0.0,0.0,0,0,0,0,0,0
NER,26506,265,6,1,1.0,1,0,0,1,1,1,1,0,0,0,0,0,2021,0,0,0,0,0,0,0,0.5600000023841858,1.0,2.0,0.0,0.0,0.0,0,0,0,0,0,0
NER,26507,265,7,1,2.0,1,0,0,1,1,0,1,0,0,0,0,0,2021,0,0,0,0,0,0,0,,0.0,6.0,0.0,0.0,0.0,0,0,0,0,0,0
NER,26508,265,8,1,2.0,1,0,0,1,1,0,1,0,0,0,0,0,2021,0,0,0,0,0,0,0,0.550000011920929,1.0,15.0,0.0,0.0,0.0,0,0,0,0,0,0
NER,26509,265,9,1,1.0,1,0,0,1,1,1,1,0,0,0,0,0,2021,0,0,0,0,0,0,0,,,,,,,0,0,0,0,0,0
NER,26510,265,10,1,2.0,1,0,0,1,1,0,0,0,0,0,0,0,2021,0,0,0,0,0,0,0,0.5400000214576721,3.0,5.0,0.0,0.0,0.0,0,1,0,1,0,0
NER,26511,265,11,1,4.0,1,0,0,1,1,1,1,0,0,0,0,0,2021,0,0,0,0,0,0,0,0.6000000238418579,5.0,10.0,0.0,0.0,0.0,0,0,0,0,0,0
NER,26523,265,23,1,2.0,1,0,0,1,1,1,1,0,0,0,0,0,2021,0,0,0,0,0,0,0,,0.0,14.0,0.0,0.0,0.0,0,0,0,0,0,0
NER,26601,266,1,2,2.0,1,0,0,1,1,1,1,0,0,0,0,0,2021,1,0,0,0,0,0,0,5.677075624465942,2.0,7.0,0.0,0.0,0.0,0,1,1,0,0,0
NER,26602,266,2,2,2.0,1,0,0,1,1,1,1,0,0,0,0,0,2021,1,0,0,0,0,0,0,,5.0,9.0,0.0,0.0,0.0,0,1,1,0,0,0
NER,26603,266,3,2,2.0,1,0,0,1,1,1,1,0,0,0,0,0,2021,0,0,0,0,0,0,0,0.05000000074505806,2.0,2.0,0.0,0.0,0.0,0,1,1,0,0,0
NER,26604,266,4,2,2.0,1,0,0,1,1,0,0,0,0,0,0,0,2021,0,0,0,0,0,0,0,6.653542757034302,,,,,,0,1,1,0,0,0
NER,26605,266,5,2,2.0,1,0,0,1,1,0,0,0,0,0,0,0,2021,0,0,0,0,0,0,0,3.5540884733200073,2.0,0.0,0.0,0.0,0.0,0,0,0,0,0,0
NER,26606,266,6,2,2.0,1,0,0,1,1,1,1,0,0,0,0,0,2021,0,0,0,0,0,0,0,2.485505148768425,,,,,,1,0,0,0,0,0
NER,26607,266,7,2,2.0,1,0,0,1,1,0,0,0,0,1,0,0,2021,0,0,0,0,0,0,0,2.248763259500265,1.0,1.0,0.0,0.0,2.0,0,0,0,0,0,0
NER,26608,266,8,2,2.0,1,0,0,1,1,1,1,0,0,0,0,0,2021,0,0,0,0,0,0,0,4.099999114871025,,,,,,0,0,0,0,0,0
NER,26609,266,9,2,4.0,1,0,0,1,1,0,0,0,0,0,0,0,2021,0,0,0,0,0,0,0,,,,,,,0,0,0,0,0,0
NER,26610,266,10,2,2.0,1,0,0,0,0,0,0,0,0,0,0,0,2021,0,0,0,0,0,0,0,0.18000000715255737,,,,,,0,0,0,0,0,0
NER,26612,266,12,2,2.0,1,0,0,1,1,0,1,0,0,0,0,0,2021,0,0,0,0,0,0,0,1.3217999823391438,4.0,0.0,0.0,0.0,2.0,0,0,0,0,0,0
NER,26617,266,17,2,4.0,1,0,0,1,1,0,1,0,0,0,0,0,2021,0,0,0,0,0,0,0,1.3870041370391846,0.0,2.0,0.0,0.0,0.0,0,0,0,0,0,0
NER,26701,267,1,1,2.0,1,0,0,1,1,0,0,0,0,0,0,0,2021,0,0,0,0,0,0,0,2.2527876794338226,0.0,2.0,0.0,0.0,4.0,0,1,0,0,0,0
NER,26702,267,2,1,2.0,1,0,0,0,1,0,0,0,0,0,0,0,2021,0,0,0,0,0,0,0,1.2345000505447388,,,,,,1,0,0,0,0,0
NER,26704,267,4,1,2.0,1,0,0,1,1,0,0,0,0,0,0,0,2021,0,0,0,0,0,0,0,1.7485826909542084,1.0,5.0,0.0,0.0,3.0,1,0,0,0,0,0
NER,26705,267,5,1,2.0,1,0,0,0,0,0,0,0,0,0,0,0,2021,0,0,0,0,0,0,0,1.6327999830245972,2.0,0.0,0.0,0.0,0.0,0,0,0,0,0,0
NER,26706,267,6,1,2.0,1,1,0,0,0,0,0,0,0,0,0,0,2021,0,0,0,0,0,0,0,1.3453999757766724,0.0,4.0,0.0,0.0,18.0,0,0,0,0,0,0
NER,26707,267,7,1,2.0,1,0,0,1,1,0,0,0,0,0,0,0,2021,0,0,0,0,0,0,0,1.6081860065460205,1.0,6.0,0.0,0.0,15.0,1,1,0,0,0,0
NER,26708,267,8,1,2.0,1,0,0,1,1,0,0,0,0,0,0,0,2021,0,0,0,0,0,0,0,4.283099949359894,4.0,11.0,0.0,0.0,35.0,0,0,0,0,0,0
NER,26709,267,9,1,4.0,1,0,0,0,0,0,0,0,0,0,0,0,2021,0,0,0,0,0,0,0,1.3626999706029892,2.0,0.0,0.0,0.0,16.0,0,0,0,0,0,0
NER,26710,267,10,1,2.0,1,0,0,0,0,0,0,0,0,0,0,0,2021,0,0,0,0,0,0,0,0.46970000863075256,,,,,,0,1,0,0,0,0
NER,26712,267,12,1,2.0,1,0,0,1,1,0,0,0,0,0,0,0,2021,0,0,0,0,0,0,0,7.937400162220001,7.0,29.0,0.0,0.0,45.0,1,0,0,0,0,0
NER,26715,267,15,1,4.0,1,0,0,1,1,0,0,0,0,0,0,0,2021,0,0,0,0,0,0,0,1.2452000379562378,,,,,,0,0,0,0,0,0
NER,26725,267,25,1,2.0,1,0,0,1,1,0,0,0,0,0,0,0,2021,0,0,0,0,0,0,0,0.8149000033736229,0.0,3.0,0.0,0.0,3.0,1,0,0,0,0,0
NER,26801,268,1,2,4.0,1,0,0,0,0,0,0,0,0,0,0,0,2021,0,0,0,0,0,0,0,3.6570345163345337,0.0,2.0,0.0,0.0,0.0,0,0,0,0,0,0
NER,26802,268,2,2,4.0,1,0,0,0,0,0,0,0,0,0,0,0,2021,0,0,0,0,0,0,0,6.345940470695496,1.0,16.0,0.0,0.0,0.0,0,0,0,0,0,0
NER,26803,268,3,2,4.0,1,0,0,0,0,0,0,0,0,0,0,0,2021,0,0,0,0,0,0,0,1.774999976158142,,,,,,0,0,0,0,0,0
NER,26804,268,4,2,2.0,1,0,0,0,0,0,0,0,0,0,0,0,2021,0,0,0,0,0,0,0,7.870245039463043,0.0,8.0,0.0,0.0,11.0,1,0,0,1,0,0
NER,26805,268,5,2,2.0,0,0,0,1,1,0,0,0,0,0,0,0,2021,0,0,0,0,0,0,0,1.2318999767303467,0.0,4.0,0.0,0.0,0.0,1,1,1,0,0,0
NER,26806,268,6,2,2.0,0,0,0,0,0,0,0,0,0,0,0,0,2021,0,0,0,0,0,0,0,0.41909998655319214,3.0,4.0,0.0,0.0,0.0,0,1,1,0,0,0
NER,26807,268,7,2,2.0,0,0,0,0,0,0,0,0,0,0,0,0,2021,0,0,0,0,0,0,0,1.2462999820709229,0.0,3.0,0.0,0.0,0.0,1,1,1,1,0,0
NER,26808,268,8,2,2.0,0,0,0,1,1,0,0,0,0,0,0,0,2021,0,0,0,0,0,0,0,2.810004711151123,0.0,1.0,0.0,0.0,0.0,0,1,1,0,0,0
NER,26809,268,9,2,4.0,0,0,0,0,0,0,0,0,0,0,0,0,2021,0,0,0,0,0,0,0,3.6562860012054443,,,,,,0,1,1,0,0,0
NER,26810,268,10,2,2.0,0,0,0,1,1,0,0,0,0,0,0,0,2021,0,0,0,0,0,0,0,1.3074254989624023,0.0,6.0,0.0,0.0,0.0,1,1,0,1,0,0
NER,26811,268,11,2,4.0,0,0,0,1,1,0,0,0,0,0,0,0,2021,0,0,0,0,0,0,0,1.8639060258865356,,,,,,0,1,0,0,0,0
NER,26812,268,12,2,4.0,0,0,0,1,1,0,0,0,0,0,0,0,2021,0,0,0,0,0,0,0,2.1482885479927063,,,,,,1,1,0,1,0,0
NER,26901,269,1,1,2.0,1,0,0,1,1,0,0,0,0,0,0,0,2021,0,0,0,0,0,0,0,2.503870368003845,0.0,1.0,0.0,0.0,0.0,0,1,1,0,0,0
NER,26902,269,2,1,2.0,1,0,0,1,1,0,0,0,0,0,0,0,2021,0,0,0,0,0,0,0,2.7056999802589417,0.0,4.0,0.0,0.0,25.0,1,0,0,0,0,0
NER,26903,269,3,1,2.0,1,1,0,1,1,0,0,0,0,0,0,0,2021,0,0,0,0,0,0,0,3.629800021648407,0.0,3.0,0.0,0.0,19.0,0,0,0,0,0,0
NER,26904,269,4,1,2.0,1,0,0,1,1,0,0,0,0,0,0,0,2021,0,0,0,0,0,0,0,47.09495830535889,19.0,110.0,0.0,0.0,44.0,0,0,0,0,0,0
NER,26905,269,5,1,2.0,1,0,0,1,1,0,0,0,0,0,0,0,2021,0,0,0,0,0,0,0,1.6332999467849731,0.0,4.0,0.0,0.0,12.0,0,0,0,0,0,0
NER,26906,269,6,1,2.0,0,0,0,1,1,0,0,0,0,0,0,0,2021,0,0,0,0,0,0,0,0.41130000352859497,,,,,,0,0,0,0,0,0
NER,26907,269,7,1,2.0,1,0,0,0,0,0,0,0,0,0,0,0,2021,0,0,0,0,0,0,0,2.2409799098968506,0.0,3.0,0.0,0.0,3.0,0,1,1,0,0,0
NER,26908,269,8,1,2.0,1,0,0,1,1,0,0,0,0,0,0,0,2021,0,0,0,0,0,0,0,1.4196999967098236,0.0,0.0,0.0,0.0,1.0,0,0,0,0,0,0
NER,26909,269,9,1,2.0,1,0,0,1,1,0,0,0,0,0,0,0,2021,0,0,0,0,0,0,0,0.8794999718666077,6.0,2.0,0.0,0.0,10.0,1,0,0,0,0,0
NER,26910,269,10,1,2.0,1,0,0,1,1,0,0,0,0,0,0,0,2021,0,0,0,0,0,0,0,1.637399971485138,0.0,6.0,0.0,0.0,24.0,0,0,0,0,0,0
NER,26911,269,11,1,2.0,1,0,0,1,1,0,0,0,0,0,0,0,2021,0,0,0,0,0,0,0,3.4234275817871094,0.0,5.0,0.0,0.0,0.0,0,0,0,0,0,0
NER,26912,269,12,1,4.0,1,0,0,1,1,0,0,0,0,0,0,0,2021,0,0,0,0,0,0,0,1.6851999759674072,0.0,3.0,0.0,0.0,11.0,0,0,0,0,0,0
NER,27001,270,1,2,2.0,1,1,0,1,1,0,0,0,0,0,0,0,2021,0,0,0,0,0,0,0,0.8345000147819519,,,,,,0,0,0,0,0,0
NER,27002,270,2,2,2.0,1,1,0,1,1,0,0,0,0,0,0,0,2021,0,0,0,0,0,0,0,7.832900047302246,0.0,3.0,0.0,0.0,0.0,0,0,0,0,0,0
NER,27003,270,3,2,4.0,1,1,0,1,1,0,0,0,0,0,0,0,2021,0,0,0,0,0,0,0,3.165200114250183,0.0,5.0,0.0,0.0,10.0,0,0,0,0,0,0
NER,27004,270,4,2,2.0,1,1,0,1,1,0,0,0,0,0,0,0,2021,0,0,0,0,0,0,0,6.641948997974396,,,,,,0,0,0,0,0,0
NER,27006,270,6,2,2.0,0,0,0,1,1,0,0,0,0,0,0,0,2021,0,0,0,0,0,0,0,2.3441550731658936,,,,,,0,0,1,0,0,0
NER,27007,270,7,2,2.0,0,0,0,1,1,0,0,0,0,0,0,0,2021,0,0,0,0,0,0,0,1.6690728664398193,0.0,5.0,0.0,0.0,7.0,0,0,1,1,0,0
NER,27008,270,8,2,2.0,0,0,0,0,1,0,0,0,0,0,0,0,2021,0,0,0,0,0,0,0,1.5230525135993958,4.0,4.0,0.0,0.0,0.0,0,0,1,0,0,0
NER,27010,270,10,2,2.0,0,0,0,1,1,0,0,0,0,0,0,0,2021,0,0,0,0,0,0,0,6.008399963378906,2.0,0.0,0.0,0.0,0.0,0,0,0,0,0,0
NER,27011,270,11,2,4.0,0,0,0,1,1,0,0,0,0,0,0,0,2021,0,0,0,0,0,0,0,2.0971193313598633,0.0,2.0,0.0,0.0,0.0,0,0,0,0,0,0
NER,27012,270,12,2,2.0,1,0,0,1,1,0,0,0,0,0,0,0,2021,0,0,0,0,0,0,0,10.572051465511322,,,,,,0,0,0,0,0,0
NER,27021,270,21,2,2.0,0,0,0,1,1,0,0,0,0,0,0,0,2021,0,0,0,0,0,0,0,5.4271000623703,0.0,3.0,0.0,0.0,9.0,0,0,0,0,0,0
NER,27026,270,26,2,2.0,0,0,0,1,1,0,0,0,0,0,0,0,2021,0,0,0,0,0,0,0,2.5465704202651978,2.0,1.0,0.0,0.0,0.0,0,0,1,0,1,0
NER,27101,271,1,1,2.0,1,0,0,0,0,0,0,0,0,0,0,0,2021,0,0,0,0,0,0,0,1.2374999821186066,0.0,0.0,0.0,0.0,6.0,1,0,0,0,0,0
NER,27102,271,2,1,2.0,1,0,0,0,0,0,0,0,0,0,0,0,2021,0,0,0,0,0,0,0,3.910700023174286,0.0,0.0,0.0,0.0,25.0,0,0,0,0,0,0
NER,27103,271,3,1,2.0,1,0,0,0,0,0,0,0,0,0,0,0,2021,0,0,0,0,0,0,0,0.3125999867916107,1.0,0.0,0.0,0.0,0.0,0,0,0,0,0,0
NER,27105,271,5,1,2.0,1,0,0,1,1,0,0,0,0,0,0,0,2021,0,0,0,0,0,0,0,3.078100025653839,5.0,12.0,0.0,0.0,17.0,0,1,0,0,0,0
NER,27106,271,6,1,4.0,1,0,0,0,0,0,0,0,0,0,0,0,2021,0,0,0,0,0,0,0,,,,,,,1,0,0,0,0,0
NER,27108,271,8,1,4.0,1,0,0,0,0,0,0,0,0,0,0,0,2021,0,0,0,0,0,0,0,0.49300000071525574,,,,,,0,0,0,0,0,0
NER,27109,271,9,1,2.0,1,0,0,0,0,0,0,0,0,0,0,0,2021,0,0,0,0,0,0,0,3.0986017882823944,2.0,4.0,0.0,0.0,10.0,0,0,0,0,0,0
NER,27111,271,11,1,4.0,1,0,0,0,0,0,0,0,0,0,0,0,2021,0,0,0,0,0,0,0,7.208099842071533,2.0,1.0,0.0,0.0,0.0,0,0,0,0,0,0
NER,27112,271,12,1,2.0,1,0,0,0,0,0,0,0,0,0,0,0,2021,0,0,0,0,0,0,0,,0.0,12.0,0.0,0.0,10.0,1,0,0,0,0,0
NER,27115,271,15,1,4.0,1,0,0,0,1,0,0,0,0,0,0,0,2021,0,0,0,0,0,0,0,2.4617000222206116,2.0,5.0,0.0,0.0,19.0,0,0,0,0,0,0
NER,27116,271,16,1,4.0,1,1,0,0,0,0,0,0,0,0,0,0,2021,0,0,0,0,0,0,0,,0.0,6.0,0.0,0.0,12.0,0,0,0,0,0,0
NER,27120,271,20,1,2.0,1,0,0,1,1,0,0,0,0,0,0,0,2021,0,0,0,0,0,0,0,,,,,,,0,0,0,0,0,0
NER,27201,272,1,1,2.0,1,0,0,1,1,1,1,0,0,0,0,0,2021,0,0,0,0,0,0,0,,0.0,2.0,0.0,0.0,0.0,0,1,0,0,0,0
NER,27202,272,2,1,2.0,1,1,1,1,1,1,1,0,0,0,0,0,2021,0,0,0,0,0,0,0,1.4241999983787537,0.0,2.0,0.0,0.0,0.0,0,0,0,0,0,0
NER,27203,272,3,1,4.0,1,1,1,1,1,0,0,0,0,0,0,0,2021,0,0,0,0,0,0,0,0.878600001335144,1.0,1.0,0.0,0.0,0.0,0,0,0,0,0,0
NER,27204,272,4,1,2.0,1,1,1,1,1,1,1,0,0,0,0,0,2021,0,0,0,0,0,0,0,3.6011999547481537,0.0,2.0,0.0,0.0,0.0,1,0,0,0,0,0
NER,27205,272,5,1,2.0,1,1,1,1,1,1,1,0,0,0,1,0,2021,0,0,0,0,0,0,0,2.7109000086784363,2.0,7.0,0.0,0.0,20.0,0,0,0,0,0,1
NER,27206,272,6,1,2.0,1,0,0,1,1,0,0,0,0,0,0,0,2021,0,0,0,0,0,0,0,2.2937000393867493,1.0,5.0,0.0,0.0,25.0,0,0,0,0,0,0
NER,27207,272,7,1,2.0,1,0,0,1,1,0,0,0,0,0,0,0,2021,0,0,0,0,0,0,0,1.2231999635696411,0.0,8.0,0.0,0.0,0.0,0,1,0,0,0,0
NER,27208,272,8,1,4.0,1,1,1,1,1,1,1,0,0,0,0,1,2021,0,0,0,0,0,0,0,2.309599995613098,,,,,,0,0,0,0,0,0
NER,27209,272,9,1,4.0,1,1,1,1,1,0,0,0,0,0,0,0,2021,0,0,0,0,0,0,0,2.1437000036239624,,,,,,1,0,0,0,0,0
NER,27211,272,11,1,2.0,1,1,1,1,1,1,1,0,0,0,0,0,2021,0,1,0,0,0,0,0,1.4017000198364258,2.0,0.0,0.0,0.0,0.0,0,0,0,0,0,1
NER,27212,272,12,1,2.0,1,1,1,1,1,0,0,0,0,0,0,0,2021,0,0,0,0,0,0,0,1.9565000534057617,0.0,10.0,0.0,0.0,15.0,0,0,0,0,0,0
NER,27214,272,14,1,2.0,1,1,1,1,1,0,0,0,0,0,0,0,2021,0,0,0,0,0,0,0,2.7648000717163086,1.0,5.0,0.0,0.0,11.0,0,0,0,0,0,0
NER,27301,273,1,1,2.0,1,1,0,1,1,0,0,0,0,0,0,0,2021,0,0,0,0,0,0,0,2.7045000791549683,0.0,4.0,0.0,0.0,8.0,1,1,0,0,0,0
NER,27303,273,3,1,4.0,1,0,0,1,1,0,0,0,0,0,0,0,2021,0,0,0,0,0,0,0,1.2237000465393066,0.0,4.0,0.0,0.0,0.0,0,0,0,0,0,0
NER,27304,273,4,1,2.0,1,1,0,1,1,0,0,0,0,0,0,0,2021,0,0,0,0,0,0,0,2.220199942588806,0.0,10.0,0.0,0.0,0.0,0,0,0,0,0,0
NER,27305,273,5,1,2.0,1,0,0,1,1,0,0,0,0,0,0,0,2021,0,0,0,0,0,0,0,2.180299997329712,1.0,6.0,0.0,0.0,26.0,0,0,1,0,0,0
NER,27306,273,6,1,2.0,1,0,0,1,1,0,0,0,0,0,0,0,2021,0,0,0,0,0,0,0,4.819499969482422,1.0,5.0,0.0,0.0,22.0,0,0,0,0,0,0
NER,27307,273,7,1,2.0,1,1,1,1,1,0,0,1,0,0,0,0,2021,0,0,0,0,0,0,0,2.347699999809265,0.0,2.0,0.0,0.0,10.0,0,0,0,0,0,0
NER,27308,273,8,1,2.0,1,0,0,1,1,0,0,0,0,0,0,0,2021,0,0,0,0,0,0,0,2.9743525981903076,0.0,3.0,0.0,0.0,5.0,0,1,1,0,0,0
NER,27309,273,9,1,4.0,1,0,0,1,1,0,0,0,0,0,0,0,2021,0,0,0,0,0,0,0,1.2470999956130981,0.0,2.0,0.0,0.0,0.0,0,0,0,0,0,0
NER,27310,273,10,1,4.0,1,0,0,1,1,0,0,0,0,0,0,0,2021,0,0,0,0,0,0,0,1.2346999645233154,,,,,,0,0,0,0,0,0
NER,27311,273,11,1,2.0,1,0,0,1,1,0,0,0,0,0,0,0,2021,0,0,0,0,0,0,0,1.9363000392913818,0.0,2.0,0.0,0.0,14.0,0,1,1,0,0,0
NER,27312,273,12,1,2.0,1,0,0,1,1,0,0,0,0,0,0,0,2021,0,0,0,0,0,0,0,6.823531150817871,1.0,11.0,0.0,0.0,30.0,0,0,0,0,0,0
NER,27316,273,16,1,4.0,1,1,0,1,1,0,0,0,0,0,0,0,2021,0,0,0,0,0,0,0,2.2163999676704407,0.0,2.0,0.0,0.0,5.0,0,0,0,0,0,0
NER,27401,274,1,2,4.0,1,0,0,0,0,0,0,0,0,0,0,0,2021,0,0,0,0,0,0,0,0.2734000086784363,0.0,2.0,0.0,0.0,0.0,0,0,0,0,0,0
NER,27402,274,2,2,2.0,1,0,0,1,1,0,0,0,0,0,0,0,2021,0,0,0,0,0,0,0,2.825599953532219,0.0,2.0,0.0,0.0,0.0,0,0,0,0,0,0
NER,27403,274,3,2,4.0,1,0,0,1,1,0,0,0,0,0,0,0,2021,0,0,0,0,0,0,0,2.3845964670181274,,,,,,0,0,0,0,0,0
NER,27404,274,4,2,2.0,1,0,0,1,1,0,0,0,0,0,0,0,2021,0,0,0,0,0,0,0,6.371999979019165,5.0,28.0,0.0,0.0,3.0,1,0,0,0,0,0
NER,27405,274,5,2,2.0,0,0,0,0,0,0,0,0,0,0,0,0,2021,0,0,0,0,0,0,0,2.224577486515045,0.0,1.0,0.0,0.0,10.0,0,0,1,0,0,0
NER,27406,274,6,2,2.0,0,0,0,0,0,0,0,0,0,0,0,0,2021,0,0,0,0,0,0,0,4.491699934005737,0.0,5.0,0.0,0.0,0.0,1,1,1,0,0,0
NER,27407,274,7,2,2.0,0,0,0,0,0,0,0,0,0,0,0,0,2021,0,0,0,0,0,0,0,1.1044000089168549,0.0,4.0,0.0,0.0,0.0,1,0,1,0,0,0
NER,27408,274,8,2,2.0,0,0,0,0,0,0,0,0,0,0,0,0,2021,0,0,0,0,0,0,0,0.1785999983549118,3.0,5.0,0.0,0.0,2.0,1,1,1,0,0,0
NER,27409,274,9,2,2.0,0,0,0,0,0,0,0,0,0,0,0,0,2021,0,0,0,0,0,0,0,7.544033318758011,2.0,0.0,0.0,0.0,0.0,1,1,0,0,0,0
NER,27410,274,10,2,2.0,0,0,0,0,0,0,0,0,0,0,0,0,2021,0,0,0,0,0,0,0,3.839327573776245,,,,,,1,0,0,0,0,0
NER,27411,274,11,2,2.0,0,0,0,0,0,0,0,0,0,0,0,0,2021,0,0,0,0,0,0,0,,,,,,,0,0,0,0,0,0
NER,27412,274,12,2,2.0,0,0,0,0,0,0,0,0,0,0,0,0,2021,0,0,0,0,0,0,0,2.247500002384186,,,,,,0,0,0,0,0,0
NER,27501,275,1,1,2.0,1,0,0,1,1,0,0,0,0,0,0,0,2021,0,0,0,0,0,0,0,0.9692000150680542,0.0,1.0,0.0,0.0,9.0,0,1,1,0,0,0
NER,27502,275,2,1,2.0,1,0,0,0,0,0,0,0,0,0,0,0,2021,0,0,0,0,0,0,0,2.7218000292778015,0.0,2.0,0.0,0.0,0.0,0,0,0,0,0,0
NER,27503,275,3,1,4.0,1,0,0,0,0,0,0,0,0,0,0,0,2021,0,0,0,0,0,0,0,2.6879000067710876,0.0,1.0,0.0,0.0,0.0,0,0,0,0,0,0
NER,27504,275,4,1,2.0,1,1,0,1,1,0,0,0,0,0,0,0,2021,0,0,0,0,0,0,0,0.6493000015616417,4.0,7.0,0.0,0.0,10.0,0,0,0,1,0,0
NER,27505,275,5,1,2.0,1,0,0,0,0,0,0,0,0,0,0,0,2021,0,0,0,0,0,0,0,0.9585000276565552,0.0,0.0,0.0,0.0,1.0,0,0,0,0,0,0
NER,27506,275,6,1,2.0,1,0,0,0,0,0,0,0,0,0,0,0,2021,0,0,0,0,0,0,0,1.7343000173568726,0.0,2.0,0.0,0.0,13.0,0,0,0,0,0,0
NER,27507,275,7,1,2.0,1,0,0,1,1,0,0,0,0,0,0,0,2021,0,0,0,0,0,0,0,3.149399995803833,2.0,4.0,0.0,0.0,5.0,1,1,0,0,0,0
NER,27508,275,8,1,2.0,1,0,0,0,0,0,0,0,0,0,0,0,2021,0,0,0,0,0,0,0,5.34880006313324,2.0,9.0,0.0,0.0,23.0,0,0,0,0,0,0
NER,27509,275,9,1,2.0,1,0,0,0,0,0,0,0,0,0,0,0,2021,0,0,0,0,0,0,0,0.5282999873161316,1.0,0.0,0.0,0.0,6.0,0,0,0,0,0,0
NER,27510,275,10,1,2.0,1,0,0,1,1,0,0,0,0,0,0,0,2021,0,0,0,0,0,0,0,2.296999931335449,2.0,5.0,0.0,0.0,0.0,0,1,0,0,0,0
NER,27511,275,11,1,2.0,1,0,0,1,1,0,0,0,0,0,0,0,2021,0,0,0,0,0,0,0,6.601099967956543,0.0,4.0,0.0,0.0,20.0,0,0,0,0,0,0
NER,27512,275,12,1,4.0,1,0,0,0,0,0,0,0,0,0,0,0,2021,0,0,0,0,0,0,0,2.5315000414848328,0.0,2.0,0.0,0.0,0.0,0,0,0,0,0,0
NER,27601,276,1,2,2.0,1,0,0,1,1,0,0,0,0,0,0,0,2021,0,0,0,0,0,0,0,3.3738000094890594,2.0,2.0,0.0,0.0,6.0,0,0,0,1,0,0
NER,27602,276,2,2,2.0,1,0,0,0,0,0,0,0,0,0,0,0,2021,0,0,0,0,0,0,0,5.7060979306697845,0.0,13.0,0.0,0.0,54.0,0,0,0,0,0,0
NER,27603,276,3,2,2.0,1,1,0,1,1,0,0,0,0,0,0,0,2021,0,0,0,0,0,0,0,0.08820000290870667,0.0,2.0,0.0,0.0,0.0,0,0,0,0,0,0
NER,27604,276,4,2,2.0,1,0,0,1,1,0,0,0,0,0,0,0,2021,0,0,0,0,0,0,0,2.07559996843338,,,,,,0,0,0,0,0,0
NER,27605,276,5,2,2.0,0,1,0,0,0,0,0,0,0,0,0,0,2021,0,0,0,0,0,0,0,0.03240000084042549,0.0,4.0,0.0,0.0,0.0,0,0,1,0,0,0
NER,27606,276,6,2,2.0,0,0,0,0,0,0,0,0,0,0,0,0,2021,0,0,0,0,0,0,0,2.2749423384666443,0.0,3.0,0.0,0.0,0.0,0,1,1,0,0,0
NER,27607,276,7,2,2.0,0,0,0,0,0,0,0,0,0,0,0,0,2021,0,0,0,0,0,0,0,0.4122000113129616,0.0,7.0,0.0,0.0,2.0,0,1,1,0,0,0
NER,27608,276,8,2,2.0,0,0,0,0,0,0,0,0,0,0,0,0,2021,0,0,0,0,0,0,0,1.344468992203474,2.0,0.0,0.0,0.0,10.0,0,1,1,0,0,0
NER,27609,276,9,2,2.0,0,0,0,1,1,0,0,0,0,0,0,0,2021,0,0,0,0,0,0,0,7.083218097686768,,,,,,0,0,0,0,0,0
NER,27610,276,10,2,4.0,0,0,0,1,1,0,0,0,0,0,0,0,2021,0,0,0,0,0,0,0,2.426244556903839,,,,,,1,0,0,0,0,0
NER,27611,276,11,2,2.0,0,0,0,0,0,0,0,0,0,0,0,0,2021,0,0,0,0,0,0,0,6.0820629596710205,0.0,1.0,0.0,0.0,0.0,0,0,0,0,0,0
NER,27612,276,12,2,4.0,0,0,0,0,0,0,0,0,0,0,0,0,2021,0,0,0,0,0,0,0,2.933857560157776,,,,,,0,0,0,0,0,0
NER,27701,277,1,2,2.0,1,1,0,0,0,0,0,0,0,0,0,0,2021,0,0,0,0,0,0,0,3.9321999549865723,4.0,25.0,0.0,0.0,22.0,0,0,0,0,0,0
NER,27702,277,2,2,4.0,1,0,0,0,0,0,0,0,0,0,0,0,2021,0,0,0,0,0,0,0,1.8353999853134155,0.0,1.0,0.0,0.0,4.0,0,0,0,1,0,0
NER,27703,277,3,2,4.0,1,1,1,1,0,0,0,0,0,0,0,0,2021,0,0,0,0,0,0,0,0.9962999820709229,,,,,,0,0,0,0,0,0
NER,27704,277,4,2,2.0,1,1,0,1,0,0,0,0,0,0,0,0,2021,0,0,0,0,0,0,0,1.223099946975708,,,,,,0,0,0,1,0,0
NER,27705,277,5,2,2.0,0,1,1,0,0,0,0,0,0,0,0,0,2021,0,0,0,0,0,0,0,0.6168000102043152,0.0,2.0,0.0,0.0,0.0,1,1,1,1,0,0
NER,27706,277,6,2,2.0,0,0,0,0,0,0,0,0,0,0,0,0,2021,0,0,0,0,0,0,0,3.4103715419769287,0.0,1.0,0.0,0.0,0.0,0,1,1,1,0,0
NER,27707,277,7,2,2.0,0,0,0,0,0,0,0,0,0,0,0,0,2021,0,0,0,0,0,0,0,2.1577999591827393,0.0,15.0,0.0,0.0,0.0,1,1,1,0,0,0
NER,27708,277,8,2,2.0,0,0,0,0,0,0,0,0,0,0,0,0,2021,0,0,0,0,0,0,0,1.2876662015914917,0.0,3.0,0.0,0.0,0.0,0,0,1,1,0,0
NER,27709,277,9,2,2.0,0,0,0,0,0,0,0,0,0,0,0,0,2021,0,0,0,0,0,0,0,2.0755000710487366,,,,,,0,0,0,0,0,0
NER,27710,277,10,2,2.0,0,0,0,0,0,0,0,0,0,0,0,0,2021,0,0,0,0,0,0,0,1.0471999943256378,4.0,0.0,0.0,0.0,0.0,1,0,0,0,0,0
NER,27711,277,11,2,2.0,1,1,0,0,0,0,0,0,0,0,0,0,2021,0,0,0,0,0,0,0,1.5759999752044678,,,,,,1,0,0,0,0,0
NER,27712,277,12,2,2.0,0,0,0,0,0,0,0,0,0,0,0,0,2021,0,0,0,0,0,0,0,0.8522999882698059,0.0,2.0,0.0,0.0,0.0,0,0,0,0,0,0
NER,27801,278,1,2,4.0,1,1,1,1,1,1,1,0,0,0,0,0,2021,1,0,0,0,0,1,0,1.6049021482467651,3.0,2.0,0.0,0.0,26.0,0,0,0,0,0,0
NER,27802,278,2,2,4.0,1,1,1,1,1,0,0,0,0,0,0,0,2021,0,0,0,0,0,0,0,,,,,,,0,0,0,0,0,0
NER,27803,278,3,2,2.0,1,1,1,1,1,1,1,0,0,1,1,0,2021,1,0,0,0,0,1,0,,0.0,3.0,0.0,0.0,0.0,0,0,0,0,0,0
NER,27805,278,5,2,2.0,1,1,0,1,1,0,0,0,0,0,0,0,2021,0,0,0,0,0,0,0,0.7990999817848206,4.0,6.0,0.0,0.0,0.0,1,0,0,0,0,0
NER,27806,278,6,2,2.0,0,1,0,1,1,0,0,0,0,0,0,0,2021,0,0,0,0,0,0,0,,0.0,5.0,0.0,0.0,0.0,0,0,1,0,0,0
NER,27807,278,7,2,2.0,0,0,0,1,1,0,0,0,0,0,0,0,2021,0,0,0,0,0,0,0,,0.0,2.0,0.0,0.0,0.0,1,1,1,0,0,0
NER,27808,278,8,2,2.0,0,1,0,1,1,0,0,0,0,0,0,0,2021,0,0,0,0,0,0,0,1.791976809501648,0.0,3.0,0.0,0.0,0.0,0,1,0,0,0,0
NER,27809,278,9,2,4.0,0,0,0,1,1,1,1,0,0,0,0,0,2021,1,0,0,0,0,1,0,,1.0,2.0,0.0,0.0,0.0,0,0,0,0,0,0
NER,27810,278,10,2,4.0,1,1,1,1,1,1,1,0,0,0,0,0,2021,1,0,1,1,0,1,0,,,,,,,0,0,0,0,0,0
NER,27811,278,11,2,1.0,1,1,1,1,1,0,0,0,0,0,0,0,2021,0,0,0,0,0,0,0,,,,,,,0,0,0,0,0,0
NER,27819,278,19,2,4.0,1,1,0,1,1,0,1,0,0,0,0,0,2021,1,0,0,0,0,0,0,,0.0,3.0,0.0,0.0,0.0,1,0,0,0,0,0
NER,27828,278,28,2,4.0,1,1,0,1,1,1,1,0,0,0,0,0,2021,1,0,0,0,0,1,0,,0.0,2.0,0.0,0.0,0.0,0,0,0,0,0,0
NER,27902,279,2,1,2.0,1,0,0,1,1,0,0,0,0,0,0,0,2021,0,0,0,0,0,0,0,1.434399962425232,0.0,5.0,0.0,0.0,10.0,0,0,0,0,0,0
NER,27903,279,3,1,2.0,1,0,0,0,0,0,0,0,0,0,0,0,2021,0,0,0,0,0,0,0,3.323899984359741,0.0,0.0,0.0,0.0,1.0,0,1,0,0,0,0
NER,27904,279,4,1,2.0,1,0,0,0,0,0,0,0,0,0,0,0,2021,0,0,0,0,0,0,0,1.925100028514862,1.0,13.0,0.0,0.0,24.0,0,1,1,0,0,0
NER,27905,279,5,1,4.0,1,1,0,0,0,0,0,0,0,1,0,0,2021,0,0,0,0,0,0,0,1.2346999645233154,,,,,,0,1,0,0,0,0
NER,27907,279,7,1,4.0,1,0,0,0,0,0,0,0,0,0,0,0,2021,0,0,0,0,0,0,0,2.6589999198913574,0.0,0.0,0.0,0.0,7.0,0,0,0,0,0,0
NER,27908,279,8,1,2.0,1,0,0,0,0,0,0,0,1,0,0,0,2021,0,0,0,0,0,0,0,0.364300012588501,,,,,,0,1,0,0,0,0
NER,27909,279,9,1,2.0,1,0,0,0,0,0,0,0,0,0,0,0,2021,0,0,0,0,0,0,0,1.9936000108718872,1.0,0.0,0.0,0.0,0.0,0,0,0,0,0,0
NER,27910,279,10,1,2.0,1,0,0,0,0,0,0,0,0,1,1,0,2021,0,0,0,0,0,0,0,4.607599914073944,0.0,2.0,0.0,0.0,15.0,0,0,0,0,0,0
NER,27911,279,11,1,2.0,1,0,0,0,0,0,0,0,0,0,0,0,2021,0,0,0,0,0,0,0,1.4805999994277954,0.0,0.0,0.0,0.0,1.0,0,1,0,0,0,0
NER,27912,279,12,1,2.0,1,1,0,1,1,0,0,0,0,0,0,0,2021,0,0,0,0,0,0,0,0.9111999869346619,,,,,,0,0,0,0,0,0
NER,27913,279,13,1,2.0,1,0,0,0,0,0,0,0,0,1,0,0,2021,0,0,0,0,0,0,0,3.1749000549316406,,,,,,0,0,0,0,0,0
NER,27917,279,17,1,2.0,1,1,1,0,0,0,0,1,0,0,0,0,2021,0,0,0,0,0,0,0,2.7276999950408936,1.0,6.0,0.0,0.0,9.0,1,0,0,0,0,0
NER,28001,280,1,2,4.0,1,1,0,1,1,0,0,0,0,0,0,0,2021,0,0,0,0,0,0,0,3.552999973297119,,,,,,0,0,0,0,0,0
NER,28002,280,2,2,2.0,1,0,0,1,1,0,0,0,0,0,0,0,2021,0,0,0,0,0,0,0,2.4535999298095703,2.0,3.0,0.0,0.0,0.0,0,0,0,0,0,0
NER,28003,280,3,2,2.0,1,0,0,1,1,0,0,0,0,0,0,0,2021,0,0,0,0,0,0,0,1.0869999825954437,0.0,2.0,0.0,0.0,0.0,1,0,0,0,0,0
NER,28004,280,4,2,2.0,1,0,0,0,0,0,0,0,0,0,0,0,2021,0,0,0,0,0,0,0,2.766899883747101,1.0,0.0,0.0,0.0,0.0,0,0,0,0,0,0
NER,28005,280,5,2,2.0,0,1,0,1,1,0,1,0,0,0,0,0,2021,0,0,0,0,0,0,0,1.9490773677825928,0.0,5.0,0.0,0.0,2.0,0,1,1,0,0,0
NER,28006,280,6,2,2.0,0,0,0,1,1,0,0,0,0,0,0,0,2021,0,0,0,0,0,0,0,3.504952311515808,2.0,0.0,0.0,0.0,0.0,0,1,1,0,0,0
NER,28007,280,7,2,2.0,0,0,0,1,1,0,0,0,0,0,0,0,2021,0,0,0,0,0,0,0,1.946201741695404,0.0,0.0,0.0,0.0,4.0,0,1,1,1,0,0
NER,28008,280,8,2,2.0,0,1,0,1,1,0,1,0,0,0,0,0,2021,0,0,0,0,0,0,0,,1.0,1.0,0.0,0.0,0.0,0,1,1,0,0,0
NER,28010,280,10,2,2.0,0,0,0,1,1,1,1,0,0,0,0,0,2021,0,0,0,0,0,0,0,2.7465000301599503,2.0,0.0,0.0,0.0,0.0,0,0,0,0,0,0
NER,28011,280,11,2,2.0,1,0,0,1,1,1,1,0,0,0,0,0,2021,0,0,0,0,0,0,0,2.2374000549316406,3.0,2.0,0.0,0.0,0.0,0,0,0,0,0,0
NER,28012,280,12,2,4.0,0,0,0,1,1,0,1,0,0,0,0,0,2021,0,0,0,0,0,0,0,1.5540000200271606,,,,,,1,0,0,0,0,0
NER,28022,280,22,2,2.0,1,0,0,1,1,0,0,1,0,0,0,0,2021,1,0,0,0,0,0,0,,1.0,2.0,0.0,0.0,0.0,1,0,0,1,0,0
NER,28102,281,2,1,4.0,1,0,0,1,1,0,0,0,0,0,0,0,2021,0,0,0,0,0,0,0,0.5357999801635742,0.0,1.0,0.0,0.0,0.0,0,0,0,0,0,0
NER,28103,281,3,1,4.0,1,0,0,0,0,0,0,0,0,0,0,0,2021,0,0,0,0,0,0,0,0.4925999939441681,1.0,3.0,0.0,0.0,0.0,0,0,0,0,0,0
NER,28104,281,4,1,2.0,1,0,0,0,0,0,0,0,0,0,0,0,2021,0,0,0,0,0,0,0,2.380699932575226,2.0,2.0,0.0,0.0,1.0,0,0,1,0,0,0
NER,28105,281,5,1,2.0,1,0,0,0,0,0,0,0,0,0,0,0,2021,0,0,0,0,0,0,0,5.587399959564209,1.0,5.0,0.0,0.0,3.0,0,0,0,0,0,0
NER,28106,281,6,1,4.0,1,1,0,0,0,0,0,0,0,0,0,0,2021,0,0,0,0,0,0,0,,,,,,,0,0,0,0,0,0
NER,28107,281,7,1,2.0,1,1,0,0,0,0,0,0,0,0,0,0,2021,0,0,0,0,0,0,0,2.9661999940872192,1.0,1.0,0.0,0.0,10.0,0,1,0,0,0,0
NER,28108,281,8,1,4.0,1,0,0,0,0,0,0,0,0,0,0,0,2021,0,0,0,0,0,0,0,1.5478999614715576,0.0,7.0,0.0,0.0,0.0,0,0,0,0,0,0
NER,28109,281,9,1,2.0,0,1,0,0,0,0,0,0,0,0,0,0,2021,0,0,0,0,0,0,0,4.615700006484985,0.0,3.0,0.0,0.0,6.0,0,0,0,0,0,0
NER,28110,281,10,1,2.0,1,0,0,0,0,0,0,0,0,0,0,0,2021,0,0,0,0,0,0,0,1.1862000226974487,0.0,5.0,0.0,0.0,4.0,0,1,0,0,0,0
NER,28111,281,11,1,4.0,1,1,1,0,0,0,0,0,0,0,0,0,2021,0,0,0,0,0,0,0,0.7753000259399414,,,,,,0,0,0,0,0,0
NER,28113,281,13,1,2.0,1,1,0,0,0,0,0,0,0,0,0,0,2021,0,0,0,0,0,0,0,2.4424999952316284,,,,,,0,0,0,0,0,0
NER,28117,281,17,1,2.0,1,0,0,0,0,0,0,0,0,0,0,0,2021,0,0,0,0,0,0,0,4.473100006580353,1.0,3.0,0.0,0.0,17.0,0,1,0,0,0,0
NER,28202,282,2,2,4.0,0,0,0,0,0,0,0,0,0,0,0,0,2021,0,0,0,0,0,0,0,3.9652278423309326,7.0,3.0,0.0,0.0,0.0,0,1,1,0,0,0
NER,28203,282,3,2,2.0,1,0,0,0,0,0,0,0,0,0,0,0,2021,0,0,0,0,0,0,0,0.8241446018218994,,,,,,0,0,1,0,0,0
NER,28204,282,4,2,2.0,1,0,0,0,0,0,0,0,0,0,0,0,2021,0,0,0,0,0,0,0,,1.0,0.0,0.0,0.0,0.0,0,0,1,0,0,0
NER,28205,282,5,2,2.0,1,0,0,0,0,0,0,0,0,0,0,0,2021,0,0,0,0,0,0,0,,,,,,,0,0,1,0,0,0
NER,28206,282,6,2,2.0,1,0,0,0,0,0,0,0,0,0,0,0,2021,0,0,0,0,0,0,0,5.034355878829956,12.0,9.0,0.0,0.0,0.0,0,0,0,0,0,0
NER,28207,282,7,2,2.0,1,0,0,0,0,0,0,0,0,0,0,0,2021,0,0,0,0,0,0,0,1.1896306276321411,2.0,3.0,0.0,0.0,10.0,0,0,0,0,0,0
NER,28208,282,8,2,2.0,0,0,0,0,0,0,0,0,0,0,0,0,2021,0,0,0,0,0,0,0,4.190000057220459,3.0,1.0,0.0,0.0,0.0,0,0,0,0,0,0
NER,28209,282,9,2,2.0,0,0,0,0,0,0,0,0,0,0,0,0,2021,0,0,0,0,0,0,0,2.7486813068389893,0.0,2.0,0.0,0.0,0.0,0,0,0,0,0,0
NER,28210,282,10,2,4.0,1,0,0,0,0,0,0,0,0,0,0,0,2021,0,0,0,0,0,0,0,5.099999904632568,4.0,0.0,0.0,0.0,0.0,0,0,0,0,0,0
NER,28211,282,11,2,4.0,0,0,0,0,0,0,0,0,0,0,0,0,2021,0,0,0,0,0,0,0,4.56007993221283,3.0,5.0,0.0,0.0,0.0,0,0,0,0,0,0
NER,28212,282,12,2,4.0,1,0,0,0,0,0,0,0,0,0,0,0,2021,0,0,0,0,0,0,0,0.47999998927116394,1.0,2.0,0.0,0.0,0.0,1,0,0,0,0,0
NER,28214,282,14,2,2.0,1,0,0,0,0,0,0,0,0,0,0,0,2021,0,0,0,0,0,0,0,2.744180917739868,5.0,8.0,0.0,0.0,0.0,1,0,0,0,0,0
NER,28302,283,2,1,2.0,1,0,0,1,1,0,1,0,0,0,0,0,2021,0,0,0,0,0,0,0,6.373799800872803,,,,,,0,0,0,0,0,0
NER,28304,283,4,1,4.0,0,0,0,1,1,0,0,0,0,0,0,0,2021,0,0,0,0,0,0,0,,,,,,,1,0,0,0,0,0
NER,28305,283,5,1,1.0,1,0,1,1,1,1,1,0,0,0,0,0,2021,0,0,0,0,0,0,0,5.46677827835083,1.0,0.0,0.0,0.0,0.0,1,0,0,0,0,0
NER,28306,283,6,1,2.0,1,0,0,1,1,0,0,0,0,0,0,0,2021,0,0,0,0,0,0,0,3.2527778148651123,,,,,,0,1,0,0,0,0
NER,28308,283,8,1,4.0,1,0,1,1,1,0,0,0,0,0,0,0,2021,0,0,0,0,0,0,0,5.645500183105469,0.0,1.0,0.0,0.0,0.0,0,0,0,0,0,0
NER,28309,283,9,1,2.0,1,0,0,1,1,0,0,0,0,0,0,0,2021,0,0,0,0,0,0,0,1.9851000308990479,,,,,,0,1,0,0,0,0
NER,28310,283,10,1,4.0,0,0,0,1,1,0,0,0,0,0,0,0,2021,0,0,0,0,0,0,0,2.8575000762939453,,,,,,0,1,0,0,0,0
NER,28311,283,11,1,2.0,1,0,1,1,1,0,0,0,0,0,0,0,2021,0,0,0,0,0,0,0,4.05564022064209,,,,,,0,0,0,0,0,0
NER,28312,283,12,1,2.0,1,0,0,1,1,1,1,0,0,0,0,0,2021,0,0,0,0,0,0,0,7.649199962615967,,,,,,0,1,0,0,0,0
NER,28316,283,16,1,4.0,0,0,0,1,1,0,0,0,0,0,0,0,2021,0,0,0,0,0,0,0,1.1930999755859375,,,,,,1,0,0,0,0,0
NER,28317,283,17,1,1.0,1,0,1,0,0,0,0,0,0,0,0,0,2021,0,0,0,0,0,0,0,3.845099925994873,,,,,,0,0,0,0,0,0
NER,28318,283,18,1,4.0,0,0,0,0,1,0,0,0,0,0,0,0,2021,0,0,0,0,0,0,0,4.004500031471252,2.0,4.0,0.0,0.0,15.0,1,1,0,0,0,0
NER,28401,284,1,1,2.0,0,0,0,0,0,0,1,0,0,0,0,0,2021,0,0,0,0,0,0,0,1.01010000705719,,,,,,1,0,0,0,0,0
NER,28402,284,2,1,2.0,1,0,0,1,1,0,1,0,0,0,0,0,2021,0,0,0,0,0,0,0,2.9073999524116516,,,,,,1,1,0,0,0,0
NER,28403,284,3,1,2.0,0,0,0,0,0,0,0,0,0,0,0,0,2021,0,0,0,0,0,0,0,1.6917999982833862,0.0,2.0,0.0,0.0,12.0,0,1,0,0,0,0
NER,28404,284,4,1,2.0,0,0,0,1,1,1,1,0,0,0,0,0,2021,0,0,0,0,0,0,0,1.4155999422073364,0.0,4.0,0.0,0.0,0.0,0,0,0,0,0,0
NER,28405,284,5,1,2.0,1,0,0,1,1,1,1,0,0,0,0,0,2021,0,0,0,0,0,0,0,2.2276999950408936,4.0,4.0,0.0,0.0,0.0,0,1,0,0,0,0
NER,28406,284,6,1,2.0,0,0,0,0,0,0,0,0,0,0,0,0,2021,0,0,0,0,0,0,0,0.9243000149726868,0.0,1.0,0.0,0.0,0.0,0,1,0,0,0,0
NER,28407,284,7,1,2.0,0,0,0,0,0,0,0,0,0,0,0,0,2021,0,0,0,0,0,0,0,0.8537999987602234,,,,,,1,0,0,0,0,0
NER,28408,284,8,1,2.0,1,0,0,0,0,0,1,0,0,0,0,0,2021,0,0,0,0,0,0,0,3.393199920654297,0.0,6.0,0.0,0.0,0.0,0,1,0,0,0,0
NER,28409,284,9,1,2.0,0,0,0,1,1,0,0,0,0,0,0,0,2021,0,0,0,0,0,0,0,0.9458000063896179,0.0,2.0,0.0,0.0,0.0,0,1,0,0,0,0
NER,28410,284,10,1,2.0,0,0,0,1,1,0,0,0,0,0,0,0,2021,0,0,0,0,0,0,0,2.4370999336242676,,,,,,0,0,0,0,0,0
NER,28411,284,11,1,4.0,1,0,0,0,0,0,0,0,0,0,0,0,2021,0,0,0,0,0,0,0,,,,,,,0,0,0,0,0,0
NER,28412,284,12,1,4.0,0,0,0,0,0,0,0,0,0,0,0,0,2021,0,0,0,0,0,0,0,1.1649999618530273,,,,,,0,1,0,0,0,0
NER,28501,285,1,1,2.0,1,0,0,0,0,0,0,0,0,0,0,0,2021,0,0,0,0,0,0,0,3.6341999769210815,,,,,,0,1,0,0,0,0
NER,28503,285,3,1,2.0,0,0,0,0,0,0,0,0,0,0,0,0,2021,0,0,0,0,0,0,0,1.211276650428772,0.0,5.0,0.0,0.0,7.0,0,1,0,0,0,0
NER,28504,285,4,1,2.0,1,0,0,0,0,0,0,0,0,0,0,0,2021,0,0,0,0,0,0,0,5.393165111541748,,,,,,0,0,0,0,0,0
NER,28505,285,5,1,2.0,1,0,0,1,1,0,0,0,0,0,0,0,2021,0,0,0,0,0,0,0,,,,,,,0,0,0,0,0,0
NER,28506,285,6,1,1.0,0,0,0,1,1,0,0,0,0,0,0,0,2021,0,0,0,0,0,0,0,2.9291999340057373,2.0,5.0,0.0,0.0,5.0,0,1,0,1,0,0
NER,28507,285,7,1,2.0,1,0,0,0,0,0,0,0,0,0,0,0,2021,0,0,0,0,0,0,0,15.210053086280823,3.0,0.0,0.0,0.0,0.0,0,0,0,0,0,0
NER,28508,285,8,1,2.0,1,0,0,1,1,0,0,0,0,0,0,0,2021,0,0,0,0,0,0,0,0.9793999791145325,,,,,,0,0,0,0,0,0
NER,28509,285,9,1,2.0,0,0,0,0,0,0,0,0,0,0,0,0,2021,0,0,0,0,0,0,0,1.4052000045776367,0.0,1.0,0.0,0.0,7.0,0,1,0,0,0,0
NER,28510,285,10,1,2.0,1,0,0,0,0,0,0,0,0,0,0,0,2021,0,0,0,0,0,0,0,1.5424000024795532,,,,,,0,0,0,0,0,0
NER,28511,285,11,1,1.0,1,0,0,1,1,0,0,0,0,0,0,0,2021,0,0,0,0,0,0,0,1.6584999561309814,,,,,,0,1,0,0,0,0
NER,28512,285,12,1,2.0,0,0,0,1,1,0,0,0,0,0,0,0,2021,0,0,0,0,0,0,0,0.9531000256538391,0.0,1.0,0.0,0.0,0.0,0,1,0,0,0,0
NER,28517,285,17,1,2.0,1,0,0,1,1,0,0,0,0,0,0,0,2021,0,0,0,0,0,0,0,16.79765236377716,,,,,,0,0,0,0,0,0
NER,28601,286,1,2,2.0,1,0,0,1,1,1,1,0,0,0,0,0,2021,0,0,0,0,0,0,0,,,,,,,0,0,1,0,0,0
NER,28602,286,2,2,4.0,1,0,0,1,1,0,0,0,0,0,0,0,2021,0,0,0,0,0,0,0,,,,,,,0,0,1,0,0,0
NER,28603,286,3,2,2.0,1,0,0,1,1,1,0,1,0,0,0,0,2021,1,0,0,0,0,0,0,,1.0,7.0,0.0,0.0,0.0,0,1,1,0,0,0
NER,28604,286,4,2,2.0,1,1,1,1,1,1,1,0,0,0,0,0,2021,0,0,1,0,0,0,0,,2.0,16.0,0.0,0.0,0.0,0,0,1,0,0,0
NER,28605,286,5,2,2.0,1,0,0,1,1,1,1,0,0,0,0,0,2021,0,0,0,0,0,0,0,,,,,,,0,0,0,0,0,0
NER,28606,286,6,2,2.0,1,1,1,1,1,1,1,0,0,0,0,0,2021,1,0,1,0,0,1,0,,0.0,2.0,0.0,0.0,0.0,0,0,0,0,0,0
NER,28607,286,7,2,2.0,1,0,0,1,1,1,1,0,0,0,0,0,2021,0,0,0,0,0,0,0,6.819651007652283,,,,,,0,0,0,0,0,0
NER,28608,286,8,2,2.0,1,1,1,1,1,1,1,0,0,1,0,0,2021,1,0,0,0,0,1,0,,0.0,2.0,0.0,0.0,0.0,0,0,0,0,0,0
NER,28609,286,9,2,2.0,1,0,0,1,1,1,1,0,0,0,0,0,2021,0,0,0,0,0,0,0,3.3301862478256226,1.0,4.0,0.0,0.0,0.0,0,0,0,0,0,0
NER,28610,286,10,2,2.0,1,0,0,1,1,0,0,0,0,0,0,0,2021,0,0,0,0,0,0,0,5.140145897865295,0.0,6.0,0.0,0.0,0.0,0,1,0,0,0,0
NER,28611,286,11,2,2.0,1,0,0,1,1,0,0,0,0,0,0,0,2021,0,0,0,0,0,0,0,,,,,,,1,0,0,0,0,0
NER,28612,286,12,2,2.0,1,1,1,1,1,1,1,0,0,0,1,0,2021,1,0,1,0,0,1,1,,,,,,,0,0,0,0,0,0
NER,28701,287,1,1,2.0,1,0,1,1,1,0,1,0,0,0,0,0,2021,0,0,0,0,0,0,0,2.6170766353607178,0.0,1.0,0.0,0.0,3.0,0,1,0,0,0,0
NER,28702,287,2,1,2.0,1,0,0,1,1,0,1,0,0,0,0,0,2021,0,0,0,0,0,0,0,0.8687999844551086,,,,,,0,0,0,0,0,0
NER,28704,287,4,1,2.0,1,0,1,1,1,0,0,0,0,0,0,0,2021,0,0,0,0,0,0,0,10.18172311782837,0.0,3.0,0.0,0.0,0.0,0,0,0,0,0,0
NER,28705,287,5,1,2.0,1,0,0,1,1,0,1,0,0,0,0,0,2021,0,0,0,0,0,0,0,2.397999942302704,2.0,7.0,0.0,0.0,15.0,0,0,0,0,0,0
NER,28706,287,6,1,4.0,0,0,0,1,1,1,1,0,0,0,0,0,2021,0,0,0,0,0,0,0,,0.0,6.0,0.0,0.0,0.0,0,0,0,0,0,0
NER,28707,287,7,1,4.0,0,0,1,0,0,1,1,0,0,0,0,0,2021,0,0,0,0,0,0,0,3.3325350284576416,0.0,8.0,0.0,0.0,0.0,0,0,0,1,0,0
NER,28708,287,8,1,2.0,1,0,0,1,1,0,1,0,0,0,0,0,2021,0,0,0,0,0,0,0,0.6163000017404556,,,,,,0,0,0,0,0,0
NER,28710,287,10,1,4.0,1,0,1,0,0,0,0,0,0,0,0,0,2021,0,0,0,0,0,0,0,4.6550517082214355,,,,,,0,0,0,0,0,0
NER,28711,287,11,1,2.0,1,0,0,1,1,0,1,0,0,0,0,0,2021,0,0,0,0,0,0,0,,,,,,,0,0,0,0,0,0
NER,28721,287,21,1,1.0,0,0,0,1,1,0,1,0,0,0,0,0,2021,0,0,0,0,0,0,0,1.9189849495887756,,,,,,0,1,0,0,0,0
NER,28724,287,24,1,2.0,0,0,0,1,1,0,1,0,0,0,0,0,2021,0,0,0,0,0,0,0,0.33719998598098755,1.0,4.0,0.0,0.0,0.0,0,1,0,0,0,0
NER,28726,287,26,1,4.0,0,0,0,1,1,0,1,0,0,0,0,0,2021,0,0,0,0,0,0,0,0.650299996137619,1.0,0.0,0.0,0.0,0.0,1,0,0,0,0,0
NER,28801,288,1,2,2.0,1,0,0,1,0,0,0,0,0,0,0,0,2021,0,0,0,0,0,0,0,8.923349857330322,2.0,3.0,0.0,0.0,0.0,0,1,1,0,0,0
NER,28802,288,2,2,2.0,1,0,0,1,1,0,0,0,0,0,0,0,2021,0,0,0,0,0,0,0,,1.0,5.0,0.0,0.0,0.0,0,1,1,0,0,0
NER,28803,288,3,2,2.0,1,0,0,1,0,0,0,1,0,0,0,0,2021,0,0,0,0,0,0,0,2.117086172103882,0.0,9.0,0.0,0.0,0.0,0,1,1,0,0,0
NER,28804,288,4,2,2.0,1,0,0,1,1,0,0,0,0,0,0,0,2021,0,0,0,0,0,0,0,2.9600000381469727,1.0,4.0,0.0,0.0,0.0,0,1,1,0,0,0
NER,28805,288,5,2,2.0,1,0,0,1,1,0,0,0,0,0,0,0,2021,0,0,0,0,0,0,0,2.852094292640686,0.0,3.0,0.0,0.0,1.0,0,0,0,0,0,0
NER,28806,288,6,2,2.0,1,0,0,1,1,0,0,0,0,0,0,0,2021,0,0,0,0,0,0,0,,0.0,5.0,0.0,0.0,0.0,0,0,0,0,0,0
NER,28807,288,7,2,2.0,1,0,0,0,0,0,0,0,0,0,0,0,2021,0,0,0,0,0,0,0,1.7886331677436829,1.0,2.0,0.0,0.0,18.0,0,0,0,0,0,0
NER,28808,288,8,2,2.0,1,0,0,1,1,0,0,0,0,0,0,0,2021,0,0,0,0,0,0,0,,,,,,,0,0,0,1,0,0
NER,28809,288,9,2,2.0,1,0,0,1,1,0,0,0,0,0,0,0,2021,0,0,0,0,0,0,0,2.700000047683716,0.0,7.0,0.0,0.0,0.0,1,0,0,0,0,0
NER,28810,288,10,2,2.0,1,0,0,1,1,0,0,0,0,0,0,0,2021,0,0,0,0,0,0,0,4.869999885559082,0.0,3.0,0.0,0.0,0.0,0,0,0,0,0,0
NER,28812,288,12,2,2.0,1,0,0,0,0,0,0,0,0,0,0,0,2021,0,0,0,0,0,0,0,5.339304208755493,1.0,3.0,0.0,0.0,0.0,0,0,0,0,0,0
NER,28817,288,17,2,2.0,1,0,0,0,0,0,0,0,0,0,0,0,2021,0,0,0,0,0,0,0,13.130000174045563,1.0,7.0,0.0,0.0,0.0,0,0,0,0,0,0
NER,29001,290,1,1,2.0,1,0,0,0,0,0,0,0,0,0,0,0,2021,0,0,0,0,0,0,0,4.187900066375732,,,,,,0,0,0,0,0,0
NER,29002,290,2,1,2.0,1,0,0,1,1,0,0,0,0,0,0,0,2021,0,0,0,0,0,0,0,9.601499795913696,,,,,,0,1,0,0,0,0
NER,29003,290,3,1,2.0,0,0,0,1,1,0,0,0,0,0,0,0,2021,0,0,0,0,0,0,0,0.7735999822616577,2.0,0.0,0.0,0.0,1.0,0,1,0,0,0,0
NER,29004,290,4,1,2.0,1,0,0,0,0,0,0,0,0,0,0,0,2021,0,0,0,0,0,0,0,1.0089999437332153,,,,,,0,0,0,0,0,0
NER,29005,290,5,1,2.0,1,0,0,0,1,0,0,0,0,0,0,0,2021,0,0,0,0,0,0,0,1.1780999898910522,,,,,,0,1,0,0,0,0
NER,29007,290,7,1,2.0,0,0,0,1,1,0,0,0,0,0,0,0,2021,0,0,0,0,0,0,0,31.6200008392334,3.0,5.0,0.0,0.0,1.0,0,1,0,0,0,0
NER,29008,290,8,1,2.0,1,0,0,1,1,0,0,0,0,0,0,0,2021,0,0,0,0,0,0,0,0.9728000164031982,,,,,,0,1,0,0,0,0
NER,29009,290,9,1,2.0,1,0,0,1,1,0,0,0,0,0,0,0,2021,0,0,0,0,0,0,0,1.757200002670288,,,,,,0,0,0,0,0,0
NER,29010,290,10,1,2.0,0,0,0,1,1,0,0,0,0,0,0,0,2021,0,0,0,0,0,0,0,1.5615999698638916,,,,,,0,1,0,0,0,0
NER,29011,290,11,1,2.0,1,0,0,1,1,0,0,0,0,0,0,0,2021,0,0,0,0,0,0,0,3.1486001014709473,,,,,,0,0,0,0,0,0
NER,29012,290,12,1,4.0,1,0,0,1,1,0,0,0,0,0,0,0,2021,0,0,0,0,0,0,0,2.6542000770568848,,,,,,1,0,0,0,0,0
NER,29014,290,14,1,2.0,0,0,0,1,1,0,0,0,0,0,0,0,2021,0,0,0,0,0,0,0,1.7083680629730225,1.0,1.0,0.0,0.0,0.0,0,1,0,1,0,0
NER,29101,291,1,2,2.0,0,0,0,0,0,0,0,0,0,0,0,0,2021,0,0,0,0,0,0,0,4.134099960327148,9.0,10.0,0.0,0.0,0.0,0,0,0,0,0,0
NER,29102,291,2,2,2.0,0,0,0,0,0,0,0,0,0,0,0,0,2021,0,0,0,0,0,0,0,2.1621000170707703,7.0,12.0,0.0,0.0,0.0,0,0,0,0,0,0
NER,29103,291,3,2,2.0,0,0,0,0,0,0,0,0,0,0,0,0,2021,0,0,0,0,0,0,0,2.537600040435791,2.0,9.0,0.0,0.0,0.0,0,0,0,0,0,0
NER,29104,291,4,2,2.0,0,0,0,0,0,0,0,0,0,0,0,0,2021,0,0,0,0,0,0,0,0.4553999900817871,,,,,,0,0,0,0,0,0
NER,29105,291,5,2,2.0,1,0,0,0,0,0,0,0,0,0,0,0,2021,0,0,0,0,0,0,0,1.1586999893188477,,,,,,0,1,0,0,0,1
NER,29106,291,6,2,2.0,1,0,0,0,0,0,0,0,0,0,0,0,2021,0,0,0,0,0,0,0,2.59060001373291,8.0,5.0,0.0,0.0,0.0,0,1,0,0,0,0
NER,29107,291,7,2,2.0,1,0,0,0,0,0,0,0,0,0,0,0,2021,0,0,0,0,0,0,0,2.257200002670288,,,,,,0,1,0,0,0,0
NER,29108,291,8,2,2.0,1,0,0,0,0,0,0,0,0,0,0,0,2021,0,0,0,0,0,0,0,1.311900019645691,2.0,4.0,0.0,0.0,0.0,0,1,0,0,0,0
NER,29109,291,9,2,2.0,1,0,0,0,0,0,0,0,0,0,0,0,2021,0,0,0,0,0,0,0,2.5536999702453613,3.0,27.0,0.0,0.0,0.0,0,1,0,0,0,0
NER,29110,291,10,2,2.0,1,0,0,0,0,0,0,0,0,0,0,0,2021,0,0,0,0,0,0,0,2.7884000539779663,1.0,0.0,0.0,0.0,0.0,0,1,0,0,0,0
NER,29111,291,11,2,2.0,1,0,0,0,0,0,0,0,0,0,0,0,2021,0,0,0,0,0,0,0,1.4230999946594238,4.0,5.0,0.0,0.0,0.0,0,1,0,0,0,0
NER,29115,291,15,2,2.0,1,0,0,0,0,0,0,0,0,0,0,0,2021,0,0,0,0,0,0,0,,2.0,3.0,0.0,0.0,0.0,0,1,0,0,0,0
NER,29201,292,1,2,2.0,0,0,0,0,0,0,0,0,0,0,0,0,2021,0,0,0,0,0,0,0,,2.0,20.0,0.0,0.0,0.0,0,0,0,0,0,0
NER,29202,292,2,2,2.0,1,0,0,0,0,0,0,0,0,0,0,0,2021,0,0,0,0,0,0,0,1.2645374536514282,,,,,,1,0,0,0,0,0
NER,29203,292,3,2,2.0,0,0,0,0,0,0,0,0,1,0,0,0,2021,0,0,0,0,0,0,0,1.5666999816894531,10.0,0.0,0.0,0.0,0.0,0,0,0,0,0,0
NER,29204,292,4,2,2.0,0,0,0,0,0,0,0,0,0,0,0,0,2021,0,0,0,0,0,0,0,1.2613999843597412,4.0,4.0,0.0,0.0,0.0,0,0,0,0,0,0
NER,29205,292,5,2,2.0,1,0,0,0,0,0,0,0,0,0,0,0,2021,0,0,0,0,0,0,0,1.2958999872207642,2.0,8.0,0.0,0.0,0.0,0,1,0,0,0,0
NER,29206,292,6,2,2.0,0,0,0,0,0,0,0,0,0,0,0,0,2021,0,0,0,0,0,0,0,2.9684998989105225,0.0,3.0,0.0,0.0,0.0,0,1,0,0,0,0
NER,29207,292,7,2,2.0,0,0,0,0,0,0,0,0,0,0,0,0,2021,0,0,0,0,0,0,0,3.539900064468384,3.0,5.0,0.0,0.0,0.0,0,1,0,0,0,0
NER,29208,292,8,2,2.0,1,0,0,0,0,0,0,0,0,0,0,0,2021,0,0,0,0,0,0,0,2.358599901199341,,,,,,1,1,0,0,0,0
NER,29209,292,9,2,4.0,1,0,0,0,0,0,0,0,0,0,0,0,2021,0,0,0,0,0,0,0,,,,,,,1,0,0,0,0,0
NER,29210,292,10,2,2.0,1,0,0,0,0,0,0,0,0,0,0,0,2021,0,0,0,0,0,0,0,,0.0,10.0,0.0,0.0,0.0,1,0,0,0,0,0
NER,29211,292,11,2,2.0,1,0,0,0,0,0,0,0,0,0,0,0,2021,0,0,0,0,0,0,0,,,,,,,1,0,0,0,0,0
NER,29212,292,12,2,2.0,1,0,0,0,0,0,0,0,0,0,0,0,2021,0,0,0,0,0,0,0,0.9851300120353699,4.0,18.0,0.0,0.0,0.0,0,0,0,0,0,0
NER,29301,293,1,2,2.0,1,0,0,0,0,0,0,0,0,0,0,0,2021,0,0,0,0,0,0,0,3.951200008392334,10.0,15.0,0.0,0.0,0.0,0,0,0,0,0,0
NER,29302,293,2,2,2.0,0,0,0,0,0,0,0,0,0,0,0,0,2021,0,0,0,0,0,0,0,3.3228999376296997,,,,,,0,0,0,0,0,0
NER,29303,293,3,2,2.0,0,0,0,0,0,0,0,0,0,0,0,0,2021,0,0,0,0,0,0,0,0.8867999911308289,,,,,,0,0,0,0,0,0
NER,29304,293,4,2,2.0,1,0,0,0,0,0,0,0,0,0,0,0,2021,0,0,0,0,0,0,0,3.844200015068054,10.0,3.0,0.0,0.0,10.0,1,0,0,0,0,0
NER,29306,293,6,2,2.0,1,0,0,0,0,0,0,0,0,0,0,0,2021,0,0,0,0,0,0,0,,2.0,9.0,0.0,0.0,0.0,0,1,0,0,0,0
NER,29307,293,7,2,2.0,1,0,0,1,1,0,0,0,0,0,0,0,2021,0,0,0,0,0,0,1,,33.0,40.0,0.0,0.0,0.0,0,1,0,0,0,0
NER,29308,293,8,2,2.0,1,0,0,1,1,0,0,0,0,0,0,0,2021,0,0,0,0,0,0,0,,5.0,21.0,0.0,0.0,0.0,1,0,0,0,0,0
NER,29309,293,9,2,2.0,1,0,0,0,0,0,0,0,0,0,0,0,2021,0,0,0,0,0,0,0,2.569700002670288,7.0,18.0,0.0,0.0,0.0,0,1,0,0,0,0
NER,29310,293,10,2,2.0,1,0,0,0,0,0,0,0,0,0,0,0,2021,0,0,0,0,0,0,0,,0.0,1.0,0.0,0.0,0.0,0,0,0,0,0,0
NER,29311,293,11,2,2.0,1,0,0,0,0,0,0,0,0,0,0,0,2021,0,0,0,0,0,0,0,,31.0,22.0,0.0,0.0,0.0,0,1,0,0,0,0
NER,29317,293,17,2,2.0,1,0,0,0,0,0,0,0,0,0,0,0,2021,0,0,0,0,0,0,1,4.622599899768829,23.0,55.0,0.0,0.0,0.0,1,0,0,0,0,0
NER,29318,293,18,2,2.0,1,0,0,0,0,0,0,0,0,0,0,0,2021,0,0,0,0,0,0,0,,6.0,8.0,0.0,0.0,0.0,1,0,0,0,0,0
NER,29401,294,1,1,3.0,1,0,1,1,1,0,0,1,0,0,0,0,2021,0,0,0,0,0,0,0,,,,,,,0,0,0,0,0,0
NER,29403,294,3,1,1.0,0,0,0,1,1,0,0,0,0,0,0,0,2021,0,0,0,0,0,0,0,4.307600021362305,3.0,3.0,0.0,0.0,3.0,1,0,0,1,0,0
NER,29407,294,7,1,3.0,0,0,0,1,1,0,0,0,0,0,0,0,2021,0,0,0,0,0,0,0,,0.0,4.0,0.0,0.0,0.0,0,0,0,0,0,0
NER,29410,294,10,1,1.0,0,0,0,1,1,0,0,0,0,0,0,0,2021,0,0,0,0,0,0,0,,0.0,10.0,0.0,0.0,0.0,1,0,0,0,0,0
NER,29412,294,12,1,1.0,1,0,0,1,1,0,0,0,0,0,0,0,2021,0,0,0,0,0,0,0,,,,,,,0,0,0,0,0,0
NER,29415,294,15,1,1.0,0,0,0,1,1,0,0,0,0,0,0,0,2021,0,0,0,0,0,0,0,3.0666000843048096,0.0,2.0,0.0,0.0,0.0,0,0,0,1,0,0
NER,29419,294,19,1,1.0,1,1,1,1,1,0,1,0,0,0,0,0,2021,1,0,1,0,0,1,0,,,,,,,0,0,0,0,0,0
NER,29421,294,21,1,3.0,1,0,0,1,1,1,1,0,0,0,0,0,2021,1,0,0,0,0,0,0,,,,,,,1,0,0,0,0,0
NER,29423,294,23,1,1.0,1,1,1,1,1,1,1,0,1,0,0,1,2021,0,0,0,0,0,0,0,,1.0,2.0,0.0,0.0,0.0,0,1,0,0,0,0
NER,29425,294,25,1,1.0,1,0,1,0,0,0,1,0,0,0,0,0,2021,0,0,0,0,0,0,0,,0.0,8.0,0.0,0.0,0.0,0,1,0,0,0,0
NER,29426,294,26,1,3.0,1,0,1,0,0,1,1,0,0,0,0,0,2021,0,0,0,0,0,0,0,,0.0,7.0,0.0,0.0,0.0,1,0,0,0,0,0
NER,29428,294,28,1,1.0,1,1,0,1,1,1,1,0,0,0,0,0,2021,1,0,0,0,0,1,0,,0.0,5.0,0.0,0.0,0.0,0,0,0,0,0,0
NER,29504,295,4,1,4.0,1,0,0,1,1,0,0,0,0,0,1,0,2021,0,0,0,0,0,0,0,4.249800324440002,0.0,10.0,0.0,0.0,0.0,0,0,0,1,0,0
NER,29505,295,5,1,2.0,1,0,0,1,0,0,0,0,0,0,0,0,2021,0,0,0,0,0,0,0,4.134520038962364,,,,,,0,1,1,0,0,0
NER,29507,295,7,1,2.0,1,0,0,1,1,1,1,0,0,1,1,0,2021,0,0,0,0,0,0,0,1.6093999743461609,,,,,,0,0,0,0,0,0
NER,29508,295,8,1,2.0,1,0,0,0,0,0,0,0,0,0,0,0,2021,0,0,0,0,0,0,0,1.6556999683380127,,,,,,0,0,0,0,0,0
NER,29512,295,12,1,1.0,1,0,0,1,0,0,1,0,0,1,1,0,2021,0,0,0,0,0,0,0,1.164599984884262,,,,,,0,0,1,0,0,0
NER,29517,295,17,1,1.0,1,0,0,1,1,0,0,0,0,0,1,0,2021,0,0,0,0,0,0,0,,,,,,,0,0,0,0,0,0
NER,29518,295,18,1,4.0,1,0,0,0,0,0,0,0,0,0,0,0,2021,0,0,0,0,0,0,0,2.5292000770568848,,,,,,0,0,0,0,0,0
NER,29519,295,19,1,1.0,1,0,0,1,1,1,1,0,0,1,1,0,2021,0,0,0,0,0,0,0,,0.0,2.0,0.0,0.0,0.0,0,0,1,0,0,0
NER,29522,295,22,1,1.0,1,0,0,0,0,0,0,0,0,0,0,0,2021,0,0,0,0,0,0,0,,0.0,7.0,0.0,0.0,0.0,1,0,0,0,0,0
NER,29523,295,23,1,2.0,1,0,0,0,0,0,0,0,0,0,0,0,2021,0,0,0,0,0,0,0,0.49390000104904175,1.0,7.0,0.0,0.0,0.0,1,0,1,0,0,0
NER,29524,295,24,1,2.0,1,0,0,1,1,1,1,0,0,1,1,0,2021,0,0,0,0,0,0,0,1.3252000361680984,0.0,2.0,0.0,0.0,0.0,0,0,0,0,0,0
NER,29528,295,28,1,2.0,1,0,0,0,0,0,0,0,0,0,0,0,2021,0,0,0,0,0,0,0,0.607200026512146,0.0,5.0,0.0,0.0,0.0,0,1,0,0,0,0
NER,29601,296,1,2,1.0,1,0,1,1,1,1,1,0,1,1,1,0,2021,1,0,0,0,0,0,0,,,,,,,0,0,1,0,0,0
NER,29602,296,2,2,1.0,1,0,0,1,1,1,1,0,1,1,1,0,2021,1,0,0,0,0,0,0,,,,,,,0,1,1,0,0,0
NER,29603,296,3,2,2.0,1,0,0,1,1,1,1,0,1,1,1,1,2021,1,0,0,0,0,0,0,0.7853999733924866,,,,,,0,0,0,0,0,0
NER,29604,296,4,2,2.0,1,0,0,1,1,1,1,0,1,1,0,0,2021,0,0,0,1,0,0,0,,,,,,,1,1,0,0,0,0
NER,29605,296,5,2,4.0,1,0,0,0,0,0,1,0,1,0,0,0,2021,0,0,0,0,0,0,0,,,,,,,1,0,0,0,0,0
NER,29606,296,6,2,4.0,1,0,0,1,1,1,1,0,0,0,0,0,2021,1,0,0,0,0,0,0,3.0913095474243164,,,,,,0,1,1,0,0,0
NER,29607,296,7,2,2.0,1,0,0,1,1,1,1,0,1,0,0,0,2021,1,0,0,0,0,1,0,5.570899963378906,0.0,12.0,0.0,0.0,0.0,0,0,0,0,0,0
NER,29608,296,8,2,4.0,1,0,0,0,0,0,1,0,1,0,0,0,2021,0,0,0,0,0,0,0,,,,,,,1,0,0,0,0,0
NER,29610,296,10,2,1.0,1,0,1,1,1,0,1,0,1,0,0,0,2021,0,0,0,0,0,0,0,,,,,,,0,0,0,0,0,0
NER,29611,296,11,2,1.0,1,0,1,1,1,1,1,0,0,0,0,0,2021,0,0,0,0,0,0,0,,,,,,,0,0,0,0,0,0
NER,29612,296,12,2,1.0,1,0,1,1,1,1,1,0,1,0,0,0,2021,0,0,0,0,0,0,0,,,,,,,1,0,0,0,0,0
NER,29625,296,25,2,4.0,1,0,1,1,1,0,1,0,1,0,0,0,2021,1,0,0,0,0,0,0,,,,,,,1,0,1,0,0,0
NER,29702,297,2,1,3.0,1,0,1,1,1,0,1,0,1,1,1,0,2021,1,0,0,0,0,0,0,,,,,,,0,0,0,0,0,0
NER,29704,297,4,1,4.0,1,1,1,1,1,1,1,0,0,1,1,0,2021,0,0,1,0,0,0,0,,,,,,,0,0,0,1,0,0
NER,29706,297,6,1,2.0,1,1,1,1,1,1,1,0,1,1,1,0,2021,1,1,1,1,1,1,0,,,,,,,0,0,1,1,0,0
NER,29709,297,9,1,1.0,1,1,1,1,1,1,1,0,1,1,1,0,2021,1,0,1,0,0,1,0,2.8638317584991455,3.0,58.0,0.0,0.0,0.0,0,0,0,0,0,0
NER,29711,297,11,1,1.0,1,0,0,1,1,0,0,0,1,0,0,0,2021,0,0,0,0,0,0,0,2.180799961090088,2.0,0.0,0.0,0.0,9.0,0,0,0,1,0,0
NER,29716,297,16,1,1.0,1,1,1,1,1,1,1,0,1,0,1,0,2021,1,1,1,1,0,1,0,,0.0,3.0,0.0,0.0,0.0,1,0,0,0,0,0
NER,29718,297,18,1,4.0,0,0,0,1,1,0,0,0,0,0,0,0,2021,0,0,0,0,0,0,0,,,,,,,0,0,0,0,0,0
NER,29720,297,20,1,1.0,1,0,0,1,1,1,1,0,0,1,1,0,2021,0,0,0,0,0,0,0,1.5575031042099,,,,,,0,0,0,0,0,0
NER,29721,297,21,1,1.0,1,1,1,1,1,1,1,0,1,1,1,0,2021,1,0,1,0,0,0,0,,,,,,,0,0,0,0,0,0
NER,29722,297,22,1,4.0,1,0,0,1,1,0,0,0,0,1,1,0,2021,0,0,0,0,0,0,0,,,,,,,0,0,0,0,0,0
NER,29723,297,23,1,1.0,1,0,0,1,1,0,1,0,0,1,1,0,2021,0,0,0,0,0,0,0,0.8645000159740448,,,,,,1,0,1,0,0,0
NER,29724,297,24,1,4.0,1,0,0,1,1,0,1,0,0,1,1,0,2021,0,0,0,0,0,0,0,,,,,,,0,0,0,0,0,0
NER,30401,304,1,2,2.0,0,0,0,0,0,0,0,0,0,0,0,0,2021,0,0,0,0,0,0,0,3.3732999563217163,0.0,4.0,0.0,0.0,0.0,0,1,1,0,0,0
NER,30402,304,2,2,2.0,0,0,0,0,0,0,0,0,0,0,0,0,2021,0,0,0,0,0,0,0,1.3127000331878662,0.0,3.0,0.0,0.0,0.0,0,0,1,0,0,0
NER,30403,304,3,2,2.0,0,0,0,0,0,0,0,0,0,0,0,0,2021,0,0,0,0,0,0,0,1.6655000448226929,4.0,0.0,0.0,0.0,0.0,0,1,1,0,0,0
NER,30404,304,4,2,2.0,0,0,0,0,0,0,0,0,0,0,0,0,2021,0,0,0,0,0,0,0,1.337499976158142,1.0,0.0,0.0,0.0,0.0,0,1,1,0,0,0
NER,30405,304,5,2,2.0,1,1,1,1,1,0,0,1,0,0,0,0,2021,0,0,0,0,0,0,0,1.8495999574661255,2.0,4.0,0.0,0.0,0.0,0,1,1,0,0,0
NER,30407,304,7,2,2.0,0,0,0,0,0,0,0,0,0,0,0,0,2021,0,0,0,0,0,0,0,4.42110002040863,2.0,5.0,0.0,0.0,0.0,0,1,0,0,0,0
NER,30408,304,8,2,2.0,0,0,0,0,0,0,0,0,0,0,0,0,2021,0,0,0,0,0,0,0,,0.0,5.0,0.0,0.0,0.0,0,1,1,0,0,0
NER,30409,304,9,2,2.0,1,0,0,1,1,0,0,1,0,0,0,0,2021,0,0,0,0,0,0,0,0.37299999594688416,2.0,0.0,0.0,0.0,0.0,1,0,0,1,0,0
NER,30411,304,11,2,1.0,1,0,0,0,0,0,0,1,0,0,0,0,2021,0,0,0,0,0,0,0,4.689199924468994,2.0,0.0,0.0,0.0,0.0,0,1,0,0,0,0
NER,30414,304,14,2,2.0,1,0,0,0,0,0,0,1,0,0,0,0,2021,0,0,0,0,0,0,0,3.9249998331069946,3.0,8.0,0.0,0.0,0.0,1,0,0,0,0,0
NER,30415,304,15,2,2.0,1,0,0,0,0,0,0,1,0,0,0,0,2021,0,0,0,0,0,0,0,6.390699863433838,2.0,3.0,0.0,0.0,0.0,1,0,0,0,0,0
NER,30419,304,19,2,2.0,0,0,0,0,0,0,0,0,0,0,0,0,2021,0,0,0,0,0,0,0,6.666400194168091,,,,,,0,1,1,0,0,0
NER,30501,305,1,1,2.0,0,0,0,0,0,0,0,0,0,0,0,0,2021,0,0,0,0,0,0,0,0.5407999753952026,,,,,,0,0,0,0,0,0
NER,30502,305,2,1,2.0,0,0,0,1,1,0,0,0,0,0,0,0,2021,0,0,0,0,0,0,0,1.6229999661445618,,,,,,0,1,0,0,0,0
NER,30504,305,4,1,2.0,1,0,0,1,1,0,0,0,0,0,0,0,2021,0,0,0,0,0,0,0,,,,,,,0,0,0,0,0,0
NER,30505,305,5,1,2.0,0,0,0,1,0,0,0,1,0,0,0,0,2021,0,0,0,0,0,0,0,19.071000814437866,0.0,27.0,0.0,0.0,0.0,0,0,1,0,0,0
NER,30507,305,7,1,2.0,1,0,0,0,0,0,0,0,0,0,0,0,2021,0,0,0,0,0,0,0,1.3782999515533447,,,,,,0,0,0,0,0,0
NER,30508,305,8,1,2.0,0,0,0,1,1,0,0,0,0,0,0,0,2021,0,0,0,0,0,0,0,1.2651000022888184,0.0,6.0,0.0,0.0,0.0,0,1,0,0,0,0
NER,30509,305,9,1,2.0,0,0,0,0,0,0,0,0,0,0,0,0,2021,0,0,0,0,0,0,0,1.2853000164031982,0.0,4.0,0.0,0.0,9.0,0,0,0,0,0,0
NER,30510,305,10,1,2.0,0,0,0,0,0,0,0,0,0,0,0,0,2021,0,0,0,0,0,0,0,,,,,,,0,0,0,0,0,0
NER,30511,305,11,1,2.0,1,0,0,0,0,0,0,0,0,0,0,0,2021,0,0,0,0,0,0,0,2.906800001859665,0.0,2.0,0.0,0.0,0.0,0,0,0,0,1,0
NER,30512,305,12,1,2.0,1,0,0,0,0,0,0,0,0,0,0,0,2021,0,0,0,0,0,0,0,4.3282999992370605,0.0,10.0,0.0,0.0,0.0,1,0,0,0,0,0
NER,30517,305,17,1,2.0,0,0,0,0,0,0,0,0,0,0,0,0,2021,0,0,0,0,0,0,0,0.8216000199317932,,,,,,1,0,0,0,0,0
NER,30518,305,18,1,2.0,1,1,1,0,0,0,0,0,0,0,0,0,2021,0,0,0,0,0,0,0,3.811800003051758,,,,,,1,1,0,0,0,0
NER,30901,309,1,1,1.0,0,1,1,1,1,0,1,0,0,0,0,0,2021,0,0,0,0,0,0,0,5.1656999588012695,,,,,,0,1,0,0,0,0
NER,30902,309,2,1,2.0,0,0,0,1,1,1,1,0,0,0,0,0,2021,0,0,0,0,0,0,0,2.8554999828338623,3.0,6.0,0.0,0.0,0.0,0,0,0,0,0,0
NER,30903,309,3,1,2.0,0,0,0,1,1,0,0,1,0,0,0,0,2021,0,0,0,0,0,0,0,,4.0,9.0,0.0,0.0,0.0,1,1,1,0,0,0
NER,30904,309,4,1,1.0,0,1,1,1,1,1,1,0,1,0,0,0,2021,0,0,0,0,0,0,0,3.683610439300537,3.0,3.0,0.0,0.0,0.0,0,1,0,0,0,0
NER,30905,309,5,1,2.0,0,0,0,1,1,0,0,0,0,0,0,0,2021,0,0,0,0,0,0,0,2.2612380981445312,0.0,4.0,0.0,0.0,0.0,0,0,0,0,0,0
NER,30906,309,6,1,2.0,0,0,0,1,1,0,0,0,0,1,0,0,2021,0,0,0,0,0,0,0,2.819999933242798,,,,,,0,1,1,0,0,0
NER,30907,309,7,1,1.0,0,0,0,1,1,0,0,0,0,0,0,0,2021,0,0,0,0,0,0,0,2.111999988555908,1.0,11.0,0.0,0.0,0.0,0,1,0,0,0,0
NER,30908,309,8,1,2.0,0,0,0,1,1,0,0,0,0,0,0,0,2021,0,0,0,0,0,0,0,1.3970071077346802,0.0,6.0,0.0,0.0,0.0,0,0,0,0,0,0
NER,30909,309,9,1,2.0,1,1,1,1,1,1,1,0,0,1,0,0,2021,0,0,0,0,0,0,0,5.960000038146973,3.0,0.0,0.0,0.0,0.0,0,1,0,0,0,0
NER,30910,309,10,1,1.0,1,0,1,1,1,1,1,0,0,0,0,0,2021,0,0,0,0,0,0,0,4.1020002365112305,2.0,6.0,0.0,0.0,0.0,0,0,0,0,0,0
NER,30911,309,11,1,2.0,0,0,0,1,1,0,0,0,0,0,0,0,2021,0,0,0,0,0,0,0,4.4145002365112305,2.0,3.0,0.0,0.0,0.0,0,0,0,0,0,0
NER,30912,309,12,1,2.0,0,0,0,1,1,1,1,0,0,1,0,0,2021,1,0,0,0,0,1,0,4.778106212615967,0.0,2.0,0.0,0.0,5.0,0,1,0,0,0,0
NER,31101,311,1,1,2.0,0,0,0,1,0,0,0,0,0,0,0,0,2021,0,0,0,0,0,0,0,1.2309999465942383,,,,,,0,1,0,0,0,0
NER,31102,311,2,1,2.0,0,0,0,1,1,0,0,0,0,0,0,0,2021,0,0,0,0,0,0,0,0.7590000033378601,0.0,2.0,0.0,0.0,2.0,0,0,0,0,0,0
NER,31103,311,3,1,2.0,0,0,0,1,1,0,0,0,0,0,0,0,2021,0,0,0,0,0,0,0,,0.0,8.0,0.0,0.0,12.0,0,1,0,0,0,0
NER,31104,311,4,1,2.0,0,0,0,1,1,0,0,0,0,0,0,0,2021,0,0,0,0,0,0,0,1.25,,,,,,0,1,0,0,0,0
NER,31105,311,5,1,2.0,0,0,0,1,1,0,0,0,0,0,0,0,2021,0,0,0,0,0,0,0,1.1369999647140503,2.0,3.0,0.0,0.0,5.0,0,0,0,0,0,0
NER,31106,311,6,1,2.0,0,0,0,1,1,0,0,0,0,0,0,0,2021,0,0,0,0,0,0,0,5.169999957084656,2.0,5.0,0.0,0.0,14.0,0,1,1,0,0,0
NER,31107,311,7,1,2.0,0,0,0,1,1,0,0,0,0,0,0,0,2021,0,0,0,0,0,0,0,5.800300121307373,0.0,0.0,0.0,0.0,6.0,0,0,0,0,0,0
NER,31108,311,8,1,4.0,0,0,0,1,1,0,0,0,0,0,0,0,2021,0,0,0,0,0,0,0,7.952300071716309,1.0,0.0,0.0,0.0,0.0,0,1,0,0,0,0
NER,31109,311,9,1,2.0,0,0,0,1,1,0,0,0,0,0,0,0,2021,0,0,0,0,0,0,0,0.949999988079071,0.0,1.0,0.0,0.0,5.0,0,1,0,0,0,0
NER,31110,311,10,1,2.0,0,0,0,1,1,0,0,0,0,0,0,0,2021,0,0,0,0,0,0,0,2.4560000896453857,2.0,9.0,0.0,0.0,0.0,0,1,0,0,0,0
NER,31111,311,11,1,2.0,0,0,0,1,1,0,0,0,0,0,0,0,2021,0,0,0,0,0,0,0,2.6689999103546143,1.0,0.0,0.0,0.0,0.0,0,0,0,0,0,0
NER,31112,311,12,1,2.0,0,0,0,1,1,0,0,0,0,0,0,0,2021,0,0,0,0,0,0,0,5.940000057220459,11.0,16.0,0.0,0.0,58.0,0,1,0,0,0,0
NER,31201,312,1,2,4.0,0,0,0,1,1,0,1,0,0,0,0,0,2021,0,0,0,0,0,0,0,,,,,,,0,0,0,0,0,0
NER,31202,312,2,2,2.0,1,0,0,1,1,0,1,0,0,0,0,0,2021,0,0,0,0,0,0,0,1.456499943509698,0.0,2.0,0.0,0.0,0.0,0,0,0,0,0,0
NER,31203,312,3,2,2.0,1,0,0,1,1,0,0,0,0,0,0,0,2021,0,0,0,0,0,0,0,,,,,,,0,0,0,0,0,0
NER,31204,312,4,2,2.0,1,0,0,1,1,0,0,1,0,0,0,0,2021,0,0,0,0,0,0,0,6.855000138282776,0.0,7.0,0.0,0.0,0.0,0,0,0,0,0,0
NER,31205,312,5,2,2.0,0,0,0,1,1,0,0,0,0,0,0,0,2021,0,0,0,0,0,0,0,9.075000047683716,1.0,0.0,0.0,0.0,0.0,0,1,0,0,0,0
NER,31206,312,6,2,4.0,0,0,0,1,1,0,0,0,0,0,0,0,2021,0,0,0,0,0,0,0,,0.0,3.0,0.0,0.0,0.0,0,1,0,0,0,0
NER,31207,312,7,2,2.0,0,0,0,1,1,0,0,0,0,0,0,0,2021,0,0,0,0,0,0,0,1.7450000047683716,2.0,0.0,0.0,0.0,0.0,0,1,0,0,0,0
NER,31208,312,8,2,4.0,0,0,0,1,1,1,1,0,0,0,0,0,2021,0,0,0,0,0,0,0,,,,,,,0,0,1,0,0,0
NER,31209,312,9,2,2.0,0,0,0,1,1,1,1,0,0,0,0,0,2021,0,0,0,0,0,0,0,3.325000047683716,,,,,,0,1,1,0,0,0
NER,31210,312,10,2,2.0,0,0,0,1,1,0,0,0,0,0,0,0,2021,0,0,0,0,0,0,0,,0.0,1.0,0.0,0.0,0.0,1,0,1,0,0,0
NER,31211,312,11,2,2.0,0,0,0,1,1,0,0,0,0,0,0,0,2021,0,0,0,0,0,0,0,3.6885366439819336,3.0,5.0,0.0,0.0,7.0,0,1,1,0,0,0
NER,31212,312,12,2,2.0,0,0,0,1,1,0,0,0,0,0,0,0,2021,0,0,0,0,0,0,0,2.434999942779541,,,,,,0,1,1,0,0,0
NER,31401,314,1,2,2.0,1,0,0,0,0,0,0,0,0,0,0,0,2021,0,0,0,0,0,0,0,5.075000047683716,,,,,,0,1,0,0,0,0
NER,31402,314,2,2,2.0,1,0,0,0,0,0,0,0,0,0,0,0,2021,0,0,0,0,0,0,0,,4.0,2.0,0.0,0.0,0.0,0,0,0,0,0,0
NER,31403,314,3,2,2.0,1,0,0,0,0,0,0,0,0,0,0,0,2021,0,0,0,0,0,0,0,3.755000114440918,0.0,5.0,0.0,0.0,0.0,0,1,0,0,0,0
NER,31404,314,4,2,2.0,1,0,0,0,0,0,0,0,0,0,0,0,2021,0,0,0,0,0,0,0,3.9049999713897705,,,,,,0,1,0,0,0,0
NER,31405,314,5,2,4.0,0,0,0,0,0,0,0,0,0,0,0,0,2021,0,0,0,0,0,0,0,2.4549999237060547,,,,,,0,1,1,0,0,0
NER,31406,314,6,2,4.0,0,0,0,0,0,0,0,0,0,0,0,0,2021,0,0,0,0,0,0,0,2.7149999141693115,,,,,,0,1,1,0,0,0
NER,31407,314,7,2,4.0,0,0,0,0,0,0,0,0,0,0,0,0,2021,0,0,0,0,0,0,0,,,,,,,0,0,1,0,0,0
NER,31408,314,8,2,4.0,0,0,0,0,0,0,0,0,0,0,0,0,2021,0,0,0,0,0,0,0,,,,,,,0,0,1,0,0,0
NER,31409,314,9,2,2.0,0,0,0,0,0,0,0,1,0,0,0,0,2021,0,0,0,0,0,0,0,5.315500020980835,3.0,3.0,0.0,0.0,10.0,1,1,0,0,0,0
NER,31410,314,10,2,2.0,0,0,0,0,0,0,0,0,0,0,0,0,2021,0,0,0,0,0,0,0,4.310000061988831,1.0,5.0,0.0,0.0,15.0,0,1,0,0,0,0
NER,31411,314,11,2,4.0,0,0,0,0,0,0,0,1,0,0,0,0,2021,0,0,0,0,0,0,0,,,,,,,0,0,1,0,0,0
NER,31412,314,12,2,2.0,0,0,0,0,0,0,0,0,0,0,0,0,2021,0,0,0,0,0,0,0,5.545000076293945,1.0,5.0,0.0,0.0,7.0,0,1,1,0,0,0
NER,31502,315,2,1,4.0,0,0,0,1,1,0,0,1,0,0,0,0,2021,0,0,0,0,0,0,0,7.8293986320495605,0.0,0.0,0.0,0.0,33.0,0,1,0,0,0,0
NER,31503,315,3,1,2.0,0,0,0,0,0,0,0,0,0,0,0,0,2021,0,0,0,0,0,0,0,2.8566999435424805,1.0,10.0,0.0,0.0,0.0,0,0,0,0,0,0
NER,31504,315,4,1,2.0,0,0,0,1,1,0,0,0,0,0,0,0,2021,0,0,0,0,0,0,0,2.538924276828766,,,,,,0,1,0,0,0,0
NER,31505,315,5,1,2.0,0,0,0,1,1,0,0,0,0,0,0,0,2021,0,0,0,0,0,0,0,2.3329999446868896,0.0,7.0,0.0,0.0,9.0,0,1,1,0,1,0
NER,31506,315,6,1,2.0,0,0,0,0,0,0,0,0,0,0,0,0,2021,0,0,0,0,0,0,0,,0.0,3.0,0.0,0.0,0.0,1,0,0,0,0,0
NER,31508,315,8,1,2.0,0,0,0,1,0,0,0,0,0,0,0,0,2021,0,0,0,0,0,0,0,6.474843978881836,1.0,8.0,0.0,0.0,0.0,0,1,1,0,0,0
NER,31509,315,9,1,2.0,0,0,0,1,1,0,0,0,0,0,0,0,2021,0,0,0,0,0,0,0,,2.0,0.0,0.0,0.0,9.0,0,1,0,0,1,0
NER,31510,315,10,1,2.0,0,0,0,1,1,0,0,0,0,0,0,0,2021,0,0,0,0,0,0,0,1.9815000295639038,,,,,,0,0,0,0,0,0
NER,31511,315,11,1,2.0,0,0,0,0,0,0,0,0,0,0,0,0,2021,0,0,0,0,0,0,0,1.1799999475479126,6.0,6.0,0.0,0.0,7.0,0,0,0,0,0,0
NER,31512,315,12,1,2.0,0,0,0,1,0,0,0,0,0,0,0,0,2021,0,0,0,0,0,0,0,3.6500000953674316,0.0,3.0,0.0,0.0,0.0,0,1,0,0,0,0
NER,31515,315,15,1,2.0,0,0,0,1,1,0,0,0,0,0,0,0,2021,0,0,0,0,0,0,0,2.297499895095825,1.0,3.0,0.0,0.0,0.0,0,1,0,0,0,0
NER,31516,315,16,1,2.0,0,0,0,1,1,0,0,0,0,0,0,0,2021,0,0,0,0,0,0,0,2.2087535858154297,0.0,8.0,0.0,0.0,0.0,0,1,1,0,0,0
NER,31601,316,1,2,4.0,0,0,0,1,1,0,0,0,0,0,0,0,2021,0,0,0,0,0,0,0,4.129999995231628,0.0,4.0,0.0,0.0,0.0,0,1,0,0,0,0
NER,31602,316,2,2,2.0,1,0,1,1,1,0,0,0,0,0,0,0,2021,0,0,0,0,0,0,0,,0.0,5.0,0.0,0.0,7.0,0,0,0,0,0,0
NER,31603,316,3,2,2.0,1,0,0,1,1,0,0,0,0,0,0,0,2021,0,0,0,0,0,0,0,,,,,,,0,0,0,0,0,0
NER,31604,316,4,2,1.0,1,0,0,1,1,1,1,0,0,1,1,0,2021,0,0,0,0,0,0,0,3.555000066757202,0.0,3.0,0.0,0.0,6.0,0,1,0,0,0,0
NER,31605,316,5,2,1.0,1,1,1,1,1,1,1,0,0,0,0,0,2021,0,0,0,0,0,0,0,2.4549999237060547,0.0,7.0,0.0,0.0,0.0,0,1,0,0,0,0
NER,31606,316,6,2,4.0,1,1,1,1,1,0,0,0,0,0,0,0,2021,0,0,0,0,0,0,0,1.3250000476837158,0.0,9.0,0.0,0.0,15.0,0,1,0,0,0,0
NER,31607,316,7,2,2.0,0,0,0,1,1,0,0,0,0,0,0,0,2021,0,0,0,0,0,0,0,,2.0,8.0,0.0,0.0,11.0,0,1,1,0,0,0
NER,31608,316,8,2,1.0,0,0,0,1,1,0,0,0,0,0,0,0,2021,0,0,0,0,0,0,0,2.597633123397827,,,,,,0,1,0,0,0,0
NER,31609,316,9,2,2.0,0,0,0,1,1,0,0,0,0,0,0,0,2021,0,0,0,0,0,0,0,4.520000100135803,,,,,,0,1,1,0,0,0
NER,31610,316,10,2,2.0,0,0,0,1,1,0,0,0,0,0,0,0,2021,0,0,0,0,0,0,0,,,,,,,1,0,1,0,0,0
NER,31611,316,11,2,2.0,1,1,1,1,1,1,1,0,0,0,0,0,2021,1,0,0,0,0,1,0,,,,,,,0,0,1,1,0,0
NER,31612,316,12,2,3.0,1,1,1,1,1,1,1,0,0,0,0,0,2021,0,0,1,0,0,0,0,,0.0,5.0,0.0,0.0,10.0,0,0,1,0,0,0
NER,31701,317,1,1,2.0,1,0,0,1,1,0,0,0,0,0,0,0,2021,0,0,0,0,0,0,0,2.169942855834961,,,,,,0,0,0,0,0,0
NER,31703,317,3,1,2.0,1,0,0,1,1,0,1,0,0,0,0,0,2021,0,0,1,0,0,0,0,2.51238089799881,2.0,3.0,0.0,0.0,0.0,1,0,0,0,0,0
NER,31704,317,4,1,2.0,1,0,0,1,1,1,1,0,0,0,0,0,2021,0,0,0,0,0,0,0,3.004599928855896,2.0,13.0,0.0,0.0,0.0,0,0,0,0,0,0
NER,31705,317,5,1,2.0,1,0,0,1,1,0,0,0,0,0,0,0,2021,0,0,0,0,0,0,0,2.0799999237060547,,,,,,0,0,0,0,0,0
NER,31706,317,6,1,2.0,1,0,0,1,1,0,0,0,0,0,0,0,2021,0,0,0,0,0,0,0,1.1271836757659912,0.0,2.0,0.0,0.0,0.0,1,0,0,0,0,0
NER,31707,317,7,1,2.0,1,0,0,1,1,1,1,0,0,0,0,0,2021,0,0,0,0,0,0,0,3.0594303607940674,,,,,,1,0,0,0,0,0
NER,31708,317,8,1,2.0,1,0,0,1,1,0,1,0,0,0,0,0,2021,0,0,0,0,0,0,0,2.0799999237060547,,,,,,0,0,0,0,0,0
NER,31709,317,9,1,2.0,1,0,0,1,1,0,0,0,0,0,0,0,2021,0,0,0,0,0,0,0,5.802006483078003,2.0,0.0,0.0,0.0,15.0,0,0,0,0,1,0
NER,31710,317,10,1,2.0,1,1,1,1,1,1,1,0,0,0,1,0,2021,1,0,1,0,0,0,0,2.4458000659942627,0.0,5.0,0.0,0.0,0.0,1,0,0,0,0,0
NER,31711,317,11,1,2.0,1,0,0,1,1,1,1,0,0,0,0,0,2021,0,0,1,0,0,0,0,2.1631999015808105,0.0,4.0,0.0,0.0,0.0,0,0,0,0,0,0
NER,31712,317,12,1,2.0,1,0,0,1,1,0,0,0,0,0,0,0,2021,0,0,0,0,0,0,0,2.158294439315796,2.0,0.0,0.0,0.0,0.0,0,1,0,0,0,0
NER,31717,317,17,1,2.0,1,0,0,1,1,0,0,0,0,0,0,0,2021,0,0,0,0,0,0,0,2.5359158515930176,0.0,3.0,0.0,0.0,0.0,1,0,0,0,0,0
NER,31901,319,1,1,2.0,1,0,0,0,0,0,0,0,0,0,0,0,2021,0,0,0,0,0,0,0,1.4809746742248535,0.0,8.0,0.0,0.0,0.0,0,0,0,0,0,0
NER,31903,319,3,1,2.0,1,0,0,0,0,0,0,0,0,0,0,0,2021,0,0,0,0,0,0,0,2.648777723312378,0.0,8.0,0.0,0.0,0.0,0,1,0,0,1,0
NER,31904,319,4,1,2.0,1,0,0,0,0,0,0,0,0,0,0,0,2021,0,0,0,0,0,0,0,1.7853349447250366,,,,,,0,0,0,0,0,0
NER,31907,319,7,1,2.0,1,0,0,0,0,0,0,0,0,0,0,0,2021,0,0,0,0,0,0,0,,,,,,,0,0,0,0,0,0
NER,31913,319,13,1,2.0,1,0,0,0,0,0,0,0,0,0,0,0,2021,0,0,0,0,0,0,0,2.272934675216675,0.0,6.0,0.0,0.0,0.0,0,1,0,0,1,0
NER,31918,319,18,1,2.0,1,0,0,0,0,0,0,0,0,0,0,0,2021,0,0,0,0,0,0,0,1.9055954217910767,12.0,3.0,0.0,0.0,0.0,0,1,0,0,0,0
NER,31919,319,19,1,2.0,1,0,0,0,0,0,0,0,0,0,0,0,2021,0,0,0,0,0,0,0,2.2612380981445312,0.0,4.0,0.0,0.0,0.0,0,1,0,0,1,0
NER,31923,319,23,1,2.0,1,0,0,0,0,0,0,0,0,0,0,0,2021,0,0,0,0,0,0,0,1.4809746742248535,0.0,6.0,0.0,0.0,0.0,0,0,0,0,0,0
NER,31924,319,24,1,2.0,0,0,0,0,0,0,0,0,0,0,0,0,2021,0,0,0,0,0,0,0,3.660750150680542,4.0,2.0,0.0,0.0,0.0,1,0,0,0,1,0
NER,31925,319,25,1,2.0,1,0,0,0,0,0,0,0,0,0,0,0,2021,0,0,0,0,0,0,0,3.020267128944397,1.0,1.0,0.0,0.0,0.0,0,1,1,0,0,0
NER,31927,319,27,1,2.0,0,0,0,0,0,0,0,0,0,0,0,0,2021,0,0,0,0,0,0,0,1.4809746742248535,2.0,2.0,0.0,0.0,0.0,1,0,0,0,1,0
NER,31928,319,28,1,2.0,1,0,0,0,0,0,0,0,0,0,0,0,2021,0,0,0,0,0,0,0,2.8855836391448975,3.0,0.0,0.0,0.0,0.0,1,0,0,0,0,0
NER,32001,320,1,2,1.0,0,0,1,1,1,1,1,0,0,0,0,0,2021,1,0,1,0,0,0,0,7.325900077819824,11.0,11.0,0.0,0.0,0.0,0,1,1,0,1,0
NER,32002,320,2,2,2.0,0,0,0,1,1,0,0,0,0,0,0,0,2021,0,0,0,0,0,0,0,2.0299999713897705,,,,,,1,1,1,0,1,0
NER,32003,320,3,2,2.0,0,0,0,1,1,0,1,0,0,0,0,0,2021,0,0,0,0,0,0,0,3.443199932575226,3.0,2.0,0.0,0.0,0.0,0,1,1,0,1,0
NER,32004,320,4,2,2.0,0,0,0,0,1,0,0,0,0,0,0,0,2021,0,0,0,0,0,0,0,3.200000047683716,,,,,,0,1,0,0,1,0
NER,32005,320,5,2,2.0,0,0,0,1,1,1,1,0,0,0,0,0,2021,1,0,0,0,0,0,0,,0.0,0.0,0.0,0.0,6.0,0,1,0,0,1,0
NER,32006,320,6,2,2.0,0,0,0,1,1,0,0,1,0,0,0,0,2021,0,0,0,0,0,0,0,1.3210999965667725,2.0,1.0,0.0,0.0,23.0,0,1,0,0,1,0
NER,32007,320,7,2,2.0,0,0,0,1,1,0,0,0,0,0,0,0,2021,0,0,0,0,0,0,0,1.8531999588012695,3.0,3.0,0.0,0.0,0.0,0,1,0,0,1,0
NER,32008,320,8,2,2.0,0,0,0,1,1,0,1,0,0,0,0,0,2021,0,0,0,0,0,0,0,0.8199999928474426,,,,,,0,1,0,0,1,0
NER,32009,320,9,2,2.0,0,0,0,1,1,0,0,0,0,0,0,0,2021,0,0,0,0,0,0,0,3.132999897003174,2.0,4.0,0.0,0.0,0.0,0,0,0,0,1,0
NER,32010,320,10,2,2.0,0,0,0,1,1,0,0,0,0,0,0,0,2021,0,0,0,0,0,0,0,2.975100040435791,0.0,12.0,0.0,0.0,0.0,0,0,0,0,1,0
NER,32011,320,11,2,2.0,0,0,0,1,1,0,0,0,0,0,0,0,2021,0,0,0,0,0,0,0,,3.0,6.0,0.0,0.0,0.0,0,0,0,0,1,0
NER,32012,320,12,2,2.0,0,0,0,1,1,0,0,0,0,0,0,0,2021,0,0,0,0,0,0,0,2.6510000228881836,0.0,2.0,0.0,0.0,0.0,0,0,0,0,1,0
NER,32101,321,1,1,2.0,1,0,0,1,1,0,0,0,0,0,0,0,2021,0,0,0,0,0,0,0,2.678800106048584,,,,,,0,0,0,0,0,0
NER,32102,321,2,1,2.0,1,0,0,1,1,0,0,0,0,0,0,0,2021,0,0,0,0,0,0,0,1.8687999695539474,1.0,0.0,0.0,0.0,0.0,1,0,0,0,0,0
NER,32103,321,3,1,2.0,1,0,0,1,1,0,0,0,0,0,0,0,2021,0,0,0,0,0,0,0,2.4497829973697662,0.0,1.0,0.0,0.0,30.0,1,0,0,0,0,0
NER,32104,321,4,1,2.0,1,0,0,0,0,0,0,0,0,0,0,0,2021,0,0,0,0,0,0,0,4.4097999930381775,0.0,3.0,0.0,0.0,0.0,0,0,0,0,0,0
NER,32105,321,5,1,2.0,1,0,0,1,1,0,0,0,0,0,0,0,2021,0,0,0,0,0,0,0,4.356616020202637,,,,,,0,0,0,0,1,0
NER,32106,321,6,1,2.0,1,0,0,1,1,0,0,0,0,0,0,0,2021,0,0,0,0,0,0,0,3.07640278339386,0.0,7.0,0.0,0.0,0.0,0,1,0,0,0,0
NER,32107,321,7,1,2.0,1,0,0,0,0,0,0,0,0,0,0,0,2021,0,0,0,0,0,0,0,0.6473000049591064,0.0,7.0,0.0,0.0,22.0,0,0,0,0,0,0
NER,32108,321,8,1,2.0,1,0,0,0,0,0,0,0,0,0,0,0,2021,0,0,0,0,0,0,0,8.016916275024414,0.0,1.0,0.0,0.0,0.0,1,0,0,0,0,0
NER,32111,321,11,1,2.0,1,0,0,1,1,0,0,0,0,0,0,0,2021,0,0,0,0,0,0,0,1.2499000132083893,0.0,1.0,0.0,0.0,0.0,0,0,0,0,0,0
NER,32112,321,12,1,2.0,1,0,0,1,1,0,0,0,0,0,0,0,2021,0,0,0,0,0,0,0,7.722516179084778,0.0,4.0,0.0,0.0,0.0,0,1,1,0,0,0
NER,32113,321,13,1,2.0,1,0,0,1,1,0,0,1,0,0,0,0,2021,0,0,0,0,0,0,0,2.0931067168712616,1.0,5.0,0.0,0.0,0.0,0,1,0,0,0,0
NER,32117,321,17,1,2.0,1,0,0,1,1,1,1,0,0,0,0,0,2021,0,0,0,0,0,0,0,1.8254499435424805,,,,,,1,0,0,0,0,0
NER,32201,322,1,2,2.0,0,0,0,0,0,0,0,0,0,0,0,0,2021,0,0,0,0,0,0,0,4.700000047683716,3.0,3.0,0.0,0.0,0.0,0,1,1,0,1,0
NER,32202,322,2,2,2.0,0,0,0,0,0,0,0,0,0,0,0,0,2021,0,0,0,0,0,0,0,1.667199969291687,,,,,,0,1,1,0,1,0
NER,32203,322,3,2,2.0,0,0,0,0,0,0,0,0,0,0,0,0,2021,0,0,0,0,0,0,0,5.925099849700928,3.0,10.0,0.0,0.0,0.0,0,1,1,0,1,0
NER,32204,322,4,2,2.0,0,0,1,0,0,0,0,0,0,0,0,0,2021,0,0,0,0,0,0,0,7.061000108718872,3.0,0.0,0.0,0.0,0.0,0,1,1,0,1,0
NER,32205,322,5,2,2.0,0,0,0,0,0,0,0,1,0,0,0,0,2021,0,0,0,0,0,0,0,0.949999988079071,2.0,5.0,0.0,0.0,0.0,0,1,0,0,1,0
NER,32206,322,6,2,2.0,0,0,0,0,0,0,0,0,0,0,0,0,2021,0,0,0,0,0,0,0,2.640000104904175,2.0,10.0,0.0,0.0,3.0,0,1,1,0,1,0
NER,32207,322,7,2,2.0,0,0,0,0,0,0,0,0,0,0,0,0,2021,0,0,0,0,0,0,0,0.25,2.0,6.0,0.0,0.0,0.0,0,1,0,0,1,0
NER,32208,322,8,2,2.0,0,0,0,0,0,0,0,1,0,0,0,0,2021,0,0,0,0,0,0,0,,3.0,12.0,0.0,0.0,0.0,1,0,0,0,1,0
NER,32209,322,9,2,2.0,0,0,0,0,0,0,0,0,0,0,0,0,2021,0,0,0,0,0,0,0,1.976099967956543,2.0,11.0,0.0,0.0,0.0,0,0,0,0,1,0
NER,32210,322,10,2,2.0,0,0,0,0,0,0,0,0,0,0,0,0,2021,0,0,0,0,0,0,0,1.6979999542236328,0.0,3.0,0.0,0.0,0.0,0,0,0,1,1,0
NER,32211,322,11,2,2.0,0,0,0,0,0,0,0,0,0,0,0,0,2021,0,0,0,0,0,0,0,2.565999984741211,0.0,5.0,0.0,0.0,0.0,0,0,0,0,1,0
NER,32212,322,12,2,2.0,0,0,0,0,0,0,0,0,0,0,0,0,2021,0,0,0,0,0,0,0,2.4749999046325684,0.0,12.0,0.0,0.0,0.0,1,0,0,0,1,0
NER,32301,323,1,1,1.0,1,0,0,0,1,0,0,0,0,0,0,0,2021,0,0,0,0,0,0,0,1.4652999639511108,,,,,,0,0,0,0,0,0
NER,32302,323,2,1,2.0,1,0,0,1,0,0,0,0,0,0,0,0,2021,0,0,0,0,0,0,0,2.3856000900268555,0.0,2.0,0.0,0.0,0.0,1,0,0,0,0,0
NER,32303,323,3,1,2.0,1,0,0,0,0,0,0,0,0,0,0,0,2021,0,0,0,0,0,0,0,4.994999885559082,2.0,2.0,0.0,0.0,0.0,1,0,0,0,0,0
NER,32304,323,4,1,2.0,1,0,0,0,0,0,0,0,0,0,0,0,2021,0,0,0,0,0,0,0,2.2562999725341797,,,,,,0,0,0,0,0,0
NER,32305,323,5,1,2.0,0,0,0,1,1,0,0,0,0,0,0,0,2021,0,0,0,0,0,0,0,7.43209981918335,22.0,22.0,0.0,0.0,0.0,1,0,0,0,0,0
NER,32306,323,6,1,2.0,1,0,0,0,0,0,0,0,0,0,0,0,2021,0,0,0,0,0,0,0,2.534899950027466,0.0,6.0,0.0,0.0,9.0,0,0,0,0,0,0
NER,32307,323,7,1,2.0,1,0,0,0,0,0,0,0,0,0,0,0,2021,0,0,0,0,0,0,0,2.3501999378204346,,,,,,0,0,0,0,0,0
NER,32308,323,8,1,2.0,1,0,0,0,0,0,0,0,0,0,0,0,2021,0,0,0,0,0,0,0,6.708900034427643,,,,,,0,0,0,0,1,0
NER,32309,323,9,1,2.0,1,0,0,0,0,0,0,0,0,0,0,0,2021,0,0,0,0,0,0,0,2.1547999382019043,0.0,1.0,0.0,0.0,0.0,0,0,0,0,0,0
NER,32310,323,10,1,2.0,1,0,0,0,1,0,0,0,0,0,0,0,2021,0,0,0,0,0,0,0,1.4534000158309937,,,,,,0,0,0,0,0,0
NER,32311,323,11,1,2.0,1,0,0,0,0,0,0,1,0,0,0,0,2021,0,0,0,0,0,0,0,6.535700082778931,2.0,6.0,0.0,0.0,0.0,0,0,0,0,1,0
NER,32312,323,12,1,2.0,1,0,0,0,0,0,0,1,0,0,0,0,2021,0,0,0,0,0,0,0,1.5744999647140503,,,,,,1,1,0,0,0,0
NER,32401,324,1,2,2.0,0,0,0,0,0,0,0,0,0,0,0,0,2021,0,0,0,0,0,0,0,4.86359977722168,0.0,6.0,0.0,0.0,0.0,0,1,1,0,0,0
NER,32402,324,2,2,2.0,0,0,0,0,0,0,0,0,0,0,0,0,2021,0,0,0,0,0,0,0,3.5717000365257263,0.0,2.0,0.0,0.0,0.0,1,1,1,0,0,0
NER,32403,324,3,2,2.0,0,0,0,0,0,0,0,0,0,0,0,0,2021,0,0,0,0,0,0,0,18.54919981956482,2.0,2.0,0.0,0.0,0.0,0,1,1,0,0,0
NER,32404,324,4,2,2.0,0,0,0,0,0,0,0,0,0,0,0,0,2021,0,0,0,0,0,0,0,1.871898114681244,,,,,,0,1,1,0,0,0
NER,32405,324,5,2,2.0,0,0,0,0,0,0,0,0,0,0,0,0,2021,0,0,0,0,0,0,0,3.1227670907974243,,,,,,0,1,0,0,0,0
NER,32406,324,6,2,2.0,0,0,0,0,0,0,0,0,0,0,0,0,2021,0,0,0,0,0,0,0,2.5774999856948853,0.0,5.0,0.0,0.0,0.0,0,1,0,0,0,0
NER,32407,324,7,2,2.0,0,0,0,0,0,0,0,0,1,0,0,0,2021,0,0,0,0,0,0,0,12.571000099182129,0.0,8.0,0.0,0.0,6.0,0,1,1,0,0,0
NER,32409,324,9,2,2.0,0,0,0,0,0,0,0,0,0,0,0,0,2021,0,0,0,0,0,0,0,3.21099990606308,,,,,,0,1,0,0,0,0
NER,32410,324,10,2,2.0,0,0,0,0,0,0,0,0,1,0,0,0,2021,0,0,0,0,0,0,0,9.03219985961914,0.0,3.0,0.0,0.0,0.0,1,0,1,0,0,0
NER,32411,324,11,2,2.0,1,0,0,0,0,0,0,1,0,0,0,0,2021,0,0,0,0,0,0,0,9.716474056243896,0.0,8.0,0.0,0.0,0.0,0,1,1,0,0,0
NER,32412,324,12,2,2.0,0,0,0,0,0,0,0,1,0,0,0,0,2021,0,0,0,0,0,0,0,2.338699996471405,0.0,1.0,0.0,0.0,0.0,0,1,1,0,0,0
NER,32414,324,14,2,2.0,0,0,0,0,0,0,0,0,0,0,0,0,2021,0,0,0,0,0,0,0,3.9689000844955444,,,,,,0,1,0,1,0,0
NER,32501,325,1,1,2.0,0,0,0,1,1,0,0,0,0,0,0,0,2021,0,0,0,0,0,0,0,3.3287999629974365,,,,,,0,0,0,0,0,0
NER,32502,325,2,1,4.0,1,0,0,1,1,0,0,1,0,0,0,0,2021,0,0,0,0,0,0,0,6.279499888420105,0.0,10.0,0.0,0.0,0.0,0,0,0,0,0,0
NER,32503,325,3,1,2.0,1,0,0,0,0,0,0,0,0,0,0,0,2021,0,0,0,0,0,0,0,5.251200199127197,0.0,3.0,0.0,0.0,0.0,0,0,0,0,0,0
NER,32504,325,4,1,2.0,1,0,0,0,0,0,0,0,0,0,0,0,2021,0,0,0,0,0,0,0,3.5380890369415283,,,,,,1,0,0,0,0,0
NER,32505,325,5,1,2.0,1,0,0,0,0,0,0,0,0,0,0,0,2021,0,0,0,0,0,0,0,11.596699953079224,,,,,,1,0,0,0,0,0
NER,32506,325,6,1,2.0,1,0,0,1,1,0,0,0,0,0,0,0,2021,0,0,0,0,0,0,0,4.535900115966797,0.0,6.0,0.0,0.0,0.0,1,0,0,0,0,0
NER,32507,325,7,1,2.0,1,0,0,1,1,0,0,0,0,0,0,0,2021,0,0,0,0,0,0,0,8.494999885559082,,,,,,0,0,0,0,0,0
NER,32508,325,8,1,2.0,1,0,0,0,0,0,0,0,0,0,0,0,2021,0,0,0,0,0,0,0,8.78220009803772,3.0,4.0,0.0,0.0,0.0,0,0,0,0,0,0
NER,32509,325,9,1,2.0,1,0,0,1,1,0,0,0,0,0,0,0,2021,0,0,0,0,0,0,0,7.052900075912476,1.0,4.0,0.0,0.0,0.0,0,0,1,0,0,0
NER,32510,325,10,1,2.0,1,0,0,1,1,0,0,0,0,0,0,0,2021,0,0,0,0,0,0,0,3.415299892425537,,,,,,0,0,0,0,0,0
NER,32511,325,11,1,2.0,1,0,0,0,0,0,0,0,0,0,0,0,2021,0,0,0,0,0,0,0,9.862299919128418,,,,,,1,0,0,0,0,0
NER,32512,325,12,1,2.0,1,0,0,0,0,0,0,0,0,0,0,0,2021,0,0,0,0,0,0,0,18.08649969100952,3.0,12.0,0.0,0.0,0.0,1,0,0,0,0,0
NER,32601,326,1,2,4.0,0,0,0,1,1,0,0,0,0,0,0,0,2021,0,0,0,0,0,0,0,,0.0,2.0,0.0,0.0,0.0,0,1,0,0,0,0
NER,32602,326,2,2,2.0,0,0,0,1,1,0,0,0,0,0,0,0,2021,0,0,0,0,0,0,0,3.649999976158142,1.0,10.0,0.0,0.0,17.0,0,1,0,1,0,0
NER,32603,326,3,2,4.0,0,0,0,1,1,0,0,1,0,0,0,0,2021,0,0,0,0,0,0,0,1.0299999713897705,0.0,10.0,0.0,0.0,5.0,0,1,0,0,0,0
NER,32604,326,4,2,4.0,0,0,0,1,1,0,0,1,0,0,0,0,2021,0,0,0,0,0,0,0,5.069253325462341,6.0,4.0,0.0,0.0,0.0,0,1,0,1,0,0
NER,32605,326,5,2,4.0,0,0,0,1,1,0,0,1,0,0,0,0,2021,0,0,0,0,0,0,0,3.103300005197525,0.0,4.0,0.0,0.0,8.0,1,1,0,0,0,0
NER,32606,326,6,2,2.0,0,0,0,1,1,0,0,0,0,0,0,0,2021,0,0,0,0,0,0,0,0.8704833388328552,0.0,7.0,0.0,0.0,1.0,0,1,0,1,0,0
NER,32607,326,7,2,2.0,0,0,0,1,1,0,0,0,0,0,0,0,2021,0,0,0,0,0,0,0,2.8267000913619995,3.0,7.0,0.0,0.0,5.0,1,1,0,0,0,0
NER,32608,326,8,2,2.0,0,0,0,0,0,0,0,0,0,0,0,0,2021,0,0,0,0,0,0,0,1.9811440706253052,0.0,6.0,0.0,0.0,4.0,0,1,0,0,0,0
NER,32609,326,9,2,2.0,0,0,0,0,0,0,0,0,0,0,0,0,2021,0,0,0,0,0,0,0,2.4042000770568848,3.0,2.0,0.0,0.0,0.0,0,1,0,0,0,0
NER,32610,326,10,2,2.0,0,0,0,1,1,0,0,0,0,0,0,0,2021,0,0,0,0,0,0,0,,0.0,8.0,0.0,0.0,0.0,0,1,0,0,0,0
NER,32611,326,11,2,2.0,0,0,0,1,1,0,0,1,0,0,0,0,2021,0,0,0,0,0,0,0,1.8458999395370483,0.0,4.0,0.0,0.0,0.0,1,1,0,0,0,0
NER,32612,326,12,2,2.0,0,0,0,1,1,0,0,0,0,0,0,0,2021,0,0,0,0,0,0,0,1.2342000007629395,0.0,2.0,0.0,0.0,10.0,0,0,0,0,0,0
NER,32702,327,2,1,2.0,1,0,0,1,0,0,0,0,0,0,0,0,2021,0,0,0,0,0,0,0,3.3431000411510468,2.0,3.0,0.0,0.0,0.0,0,1,0,0,0,0
NER,32703,327,3,1,2.0,1,0,0,0,0,0,0,1,0,0,0,0,2021,0,0,0,0,0,0,0,5.0625,,,,,,0,1,0,0,0,0
NER,32704,327,4,1,2.0,1,0,0,0,0,0,0,0,0,0,0,0,2021,0,0,0,0,0,0,0,2.7546000480651855,2.0,0.0,0.0,0.0,0.0,0,0,0,0,0,0
NER,32706,327,6,1,2.0,1,0,0,1,1,0,0,0,0,0,0,0,2021,0,0,0,0,0,0,0,1.2414999902248383,2.0,0.0,0.0,0.0,0.0,0,0,1,0,0,0
NER,32707,327,7,1,2.0,1,0,0,0,0,0,0,0,0,0,0,0,2021,0,0,0,0,0,0,0,1.576799988746643,0.0,4.0,0.0,0.0,0.0,0,0,0,0,0,0
NER,32708,327,8,1,2.0,0,0,0,0,0,0,0,0,0,0,0,0,2021,0,0,0,0,0,0,0,0.3937000036239624,1.0,0.0,0.0,0.0,0.0,0,0,0,0,0,0
NER,32710,327,10,1,2.0,1,0,0,0,0,0,0,0,0,0,0,0,2021,0,0,0,0,0,0,0,0.8673999905586243,0.0,3.0,0.0,0.0,0.0,1,1,0,0,0,0
NER,32711,327,11,1,2.0,0,0,0,0,0,0,0,0,0,0,0,0,2021,0,0,0,0,0,0,0,0.8276000022888184,,,,,,0,0,0,0,0,0
NER,32712,327,12,1,2.0,1,0,0,0,1,0,0,1,0,0,0,0,2021,0,0,0,0,0,0,0,4.152299880981445,2.0,4.0,0.0,0.0,0.0,0,1,0,0,0,0
NER,32713,327,13,1,2.0,0,0,0,0,0,0,0,1,0,0,0,0,2021,0,0,0,0,0,0,0,1.246399998664856,3.0,10.0,0.0,0.0,0.0,0,1,0,0,0,0
NER,32718,327,18,1,2.0,1,0,0,0,0,0,0,0,0,0,0,0,2021,0,0,0,0,0,0,0,2.512700080871582,,,,,,0,0,0,0,0,0
NER,32727,327,27,1,2.0,1,0,0,1,1,0,0,0,0,0,0,0,2021,0,0,0,0,0,0,0,3.731800079345703,4.0,6.0,0.0,0.0,35.0,0,1,0,0,0,0
NER,32801,328,1,2,1.0,1,1,1,1,1,1,1,0,0,0,0,0,2021,0,0,0,0,0,0,0,,,,,,,1,0,1,0,0,0
NER,32804,328,4,2,4.0,0,0,0,1,0,0,0,0,0,0,0,0,2021,0,0,0,0,0,0,0,,,,,,,0,0,1,0,0,0
NER,32806,328,6,2,1.0,1,0,1,1,1,0,0,1,0,0,1,0,2021,0,0,0,0,0,0,0,1.828199952840805,,,,,,0,1,0,0,0,0
NER,32807,328,7,2,4.0,1,0,0,0,0,0,0,0,0,0,0,0,2021,0,0,0,0,0,0,0,,,,,,,0,0,0,0,0,0
NER,32808,328,8,2,4.0,1,0,1,1,1,0,0,0,0,0,0,0,2021,0,0,0,0,0,0,0,,,,,,,1,0,0,0,0,0
NER,32809,328,9,2,1.0,1,1,1,1,1,1,1,0,0,0,0,0,2021,0,0,0,0,0,0,0,,0.0,0.0,0.0,0.0,7.0,1,0,0,0,0,0
NER,32810,328,10,2,1.0,1,1,1,1,1,1,1,0,0,0,0,0,2021,1,0,1,0,0,0,0,0.8755000084638596,2.0,17.0,0.0,0.0,30.0,0,0,0,0,0,0
NER,32811,328,11,2,1.0,1,0,1,1,1,1,1,0,0,0,0,0,2021,1,0,0,0,0,0,0,2.1760880947113037,0.0,2.0,0.0,0.0,12.0,0,0,0,0,0,0
NER,32813,328,13,2,4.0,1,1,0,1,1,1,1,0,0,0,0,0,2021,0,0,0,0,0,0,0,0.620399996638298,1.0,1.0,0.0,0.0,4.0,1,0,0,0,0,0
NER,32818,328,18,2,1.0,1,1,1,1,1,0,0,0,0,0,0,0,2021,0,0,0,0,0,0,0,5.298750996589661,2.0,8.0,0.0,0.0,26.0,0,0,0,0,0,0
NER,32821,328,21,2,4.0,1,1,1,1,1,1,1,0,0,0,0,0,2021,0,0,0,0,0,0,0,,0.0,2.0,0.0,0.0,0.0,0,0,1,1,0,0
NER,32822,328,22,2,1.0,1,0,0,1,1,0,0,1,0,0,0,0,2021,0,0,0,0,0,0,0,0.29580000042915344,2.0,7.0,0.0,0.0,23.0,0,0,0,1,0,0
NER,32901,329,1,1,2.0,1,0,0,0,0,0,0,0,0,0,0,0,2021,0,0,0,0,0,0,0,1.7924000024795532,2.0,0.0,0.0,0.0,0.0,0,0,0,0,0,0
NER,32902,329,2,1,4.0,1,0,0,0,0,0,0,1,0,0,0,0,2021,0,0,0,0,0,0,0,2.9157999753952026,,,,,,1,0,0,0,0,0
NER,32903,329,3,1,2.0,1,0,0,1,1,0,0,0,0,0,0,0,2021,0,0,0,0,0,0,0,0.5853000283241272,0.0,6.0,0.0,0.0,14.0,0,1,0,0,0,0
NER,32904,329,4,1,2.0,1,0,0,0,0,0,0,0,0,0,0,0,2021,0,0,0,0,0,0,0,1.013100028038025,,,,,,0,0,0,0,0,0
NER,32905,329,5,1,2.0,1,0,0,1,1,0,0,1,0,0,0,0,2021,0,0,0,0,0,0,0,1.7289999723434448,0.0,2.0,0.0,0.0,0.0,1,0,0,0,0,0
NER,32906,329,6,1,2.0,1,0,0,0,0,0,0,1,0,0,0,0,2021,0,0,0,0,0,0,0,4.847800016403198,2.0,5.0,0.0,0.0,0.0,0,1,0,0,0,0
NER,32908,329,8,1,2.0,1,0,0,1,1,0,0,1,0,0,0,0,2021,0,0,0,0,0,0,0,4.73067519068718,3.0,5.0,0.0,0.0,0.0,0,0,0,0,1,0
NER,32909,329,9,1,2.0,1,0,0,1,1,0,0,0,0,0,0,0,2021,0,0,0,0,0,0,0,2.477099895477295,,,,,,0,0,0,0,0,0
NER,32911,329,11,1,2.0,1,0,0,0,0,0,0,0,0,0,0,0,2021,0,0,0,0,0,0,0,6.104999899864197,2.0,0.0,0.0,0.0,0.0,1,0,0,0,0,0
NER,32912,329,12,1,2.0,0,0,0,1,1,0,0,0,0,0,0,0,2021,0,0,0,0,0,0,0,1.7835999727249146,0.0,7.0,0.0,0.0,0.0,1,0,0,0,0,0
NER,32918,329,18,1,2.0,1,0,0,0,0,0,0,0,0,0,0,0,2021,0,0,0,0,0,0,0,0.8514000177383423,,,,,,0,0,0,0,0,0
NER,32919,329,19,1,2.0,1,0,0,1,1,0,0,0,0,0,0,0,2021,0,0,0,0,0,0,0,1.6032999753952026,,,,,,0,0,0,0,0,0
NER,33001,330,1,2,4.0,0,0,0,1,1,0,0,0,0,0,0,0,2021,0,0,0,0,0,0,0,,,,,,,0,0,1,0,0,0
NER,33002,330,2,2,2.0,0,0,0,0,0,0,0,0,0,0,0,0,2021,0,0,0,0,0,0,0,5.148444175720215,1.0,7.0,0.0,0.0,0.0,0,1,1,0,0,0
NER,33003,330,3,2,2.0,0,0,0,1,1,0,0,0,0,0,0,0,2021,0,0,0,0,0,0,0,2.896699905395508,,,,,,0,1,1,0,0,0
NER,33004,330,4,2,2.0,1,1,1,1,1,0,0,1,0,0,0,0,2021,0,0,0,0,0,0,0,0.9151999950408936,0.0,4.0,0.0,0.0,0.0,0,0,0,0,0,0
NER,33005,330,5,2,1.0,1,0,1,0,0,0,0,0,0,0,0,0,2021,0,0,0,0,0,0,0,1.1438000202178955,2.0,14.0,0.0,0.0,0.0,0,0,0,0,0,0
NER,33006,330,6,2,2.0,1,0,1,1,1,0,0,0,0,0,0,0,2021,0,0,0,0,0,0,0,0.7955999970436096,2.0,13.0,0.0,0.0,7.0,1,0,0,0,0,0
NER,33007,330,7,2,1.0,1,0,1,1,1,0,0,0,0,0,0,0,2021,0,0,0,0,0,0,0,,0.0,5.0,0.0,0.0,0.0,1,0,0,0,0,0
NER,33008,330,8,2,1.0,1,0,1,1,1,0,0,0,0,0,0,0,2021,0,0,0,0,0,0,0,,,,,,,0,0,0,0,0,0
NER,33009,330,9,2,1.0,1,0,0,0,0,0,0,0,0,0,0,0,2021,0,0,0,0,0,0,0,1.8282999992370605,1.0,5.0,0.0,0.0,6.0,0,0,0,0,0,0
NER,33012,330,12,2,1.0,1,0,0,1,1,0,0,1,0,0,0,0,2021,0,0,0,0,0,0,0,3.043600082397461,,,,,,1,0,0,0,0,0
NER,33014,330,14,2,1.0,1,0,0,1,1,0,0,1,0,0,0,0,2021,0,0,0,0,0,0,0,2.7264769673347473,2.0,6.0,0.0,0.0,0.0,0,0,0,0,0,0
NER,33018,330,18,2,2.0,0,0,1,1,1,0,0,0,0,0,0,0,2021,0,0,0,0,0,0,0,,0.0,1.0,0.0,0.0,0.0,0,1,1,0,0,0
NER,33101,331,1,1,2.0,1,0,0,1,1,1,1,0,0,0,0,0,2021,0,0,0,0,0,0,0,,,,,,,0,0,0,0,0,0
NER,33102,331,2,1,2.0,1,1,0,1,1,1,1,0,0,0,0,0,2021,0,0,0,0,0,0,0,3.2600000463426113,2.0,0.0,0.0,0.0,4.0,1,0,0,0,0,0
NER,33103,331,3,1,2.0,1,0,0,1,1,0,0,0,0,0,0,0,2021,0,0,0,0,0,0,0,1.0168999433517456,0.0,1.0,0.0,0.0,18.0,1,0,0,0,0,0
NER,33105,331,5,1,2.0,1,0,0,1,1,1,1,0,0,0,0,0,2021,0,0,0,0,0,0,0,0.5499999821186066,,,,,,1,1,1,0,0,0
NER,33106,331,6,1,2.0,0,0,0,1,1,0,0,0,0,0,0,0,2021,0,0,0,0,0,0,0,1.2059999704360962,0.0,0.0,0.0,0.0,16.0,0,1,0,0,0,0
NER,33108,331,8,1,2.0,1,1,0,1,1,0,0,0,0,0,0,0,2021,0,0,0,0,0,0,0,0.8458999991416931,,,,,,1,0,0,0,0,0
NER,33109,331,9,1,2.0,1,0,0,1,1,1,1,0,0,0,0,0,2021,1,0,0,0,0,0,0,2.787899911403656,2.0,0.0,0.0,0.0,6.0,0,1,0,0,0,0
NER,33110,331,10,1,2.0,0,0,0,1,1,1,1,0,0,0,0,0,2021,0,0,0,0,0,0,0,4.379999995231628,2.0,0.0,0.0,0.0,0.0,0,0,0,0,0,0
NER,33111,331,11,1,2.0,0,1,0,1,1,1,1,0,0,0,0,0,2021,0,0,0,0,0,0,0,2.000000014901161,2.0,0.0,0.0,0.0,4.0,1,0,0,0,0,0
NER,33112,331,12,1,2.0,1,0,0,1,1,0,0,0,0,0,0,0,2021,0,0,0,0,0,0,0,2.0500000715255737,0.0,0.0,0.0,0.0,12.0,0,1,0,0,0,0
NER,33117,331,17,1,2.0,0,0,0,1,1,1,1,0,0,0,0,0,2021,0,0,0,0,0,0,0,3.4600000381469727,,,,,,0,0,0,0,0,0
NER,33125,331,25,1,2.0,0,0,0,0,0,0,0,0,0,0,0,0,2021,0,0,0,0,0,0,0,1.850000023841858,,,,,,0,0,0,0,0,0
NER,33203,332,3,2,2.0,0,0,0,1,1,0,0,1,0,0,0,0,2021,0,0,0,0,0,0,0,14.822391510009766,0.0,15.0,0.0,0.0,0.0,0,1,0,0,0,0
NER,33204,332,4,2,2.0,1,0,0,1,1,0,0,1,0,0,0,0,2021,0,0,0,0,0,0,0,12.92794680595398,0.0,4.0,0.0,0.0,0.0,0,1,1,0,0,0
NER,33205,332,5,2,2.0,0,0,0,1,1,0,0,1,0,0,0,0,2021,0,0,0,0,0,0,0,,0.0,11.0,0.0,0.0,0.0,1,0,1,1,0,0
NER,33206,332,6,2,4.0,1,0,0,1,1,0,0,1,0,0,0,0,2021,0,0,0,0,0,0,0,7.98638653755188,,,,,,0,0,0,0,0,0
NER,33207,332,7,2,2.0,1,0,0,1,1,0,0,0,0,0,0,0,2021,0,0,0,0,0,0,0,2.788637399673462,6.0,0.0,0.0,0.0,0.0,0,0,0,0,0,1
NER,33208,332,8,2,4.0,1,0,0,1,1,0,0,1,0,0,0,0,2021,0,0,0,0,0,0,0,6.604614853858948,,,,,,1,0,0,0,0,0
NER,33209,332,9,2,2.0,1,0,0,1,1,0,0,0,0,0,0,0,2021,0,0,0,0,0,0,0,1.85112464427948,,,,,,1,0,0,0,0,0
NER,33210,332,10,2,2.0,1,0,0,1,1,0,0,1,0,0,0,0,2021,0,0,0,0,0,0,0,9.407443404197693,10.0,32.0,0.0,0.0,28.0,1,0,0,0,0,0
NER,33211,332,11,2,2.0,1,0,0,1,1,0,0,1,0,0,0,0,2021,0,0,0,0,0,0,0,6.116819322109222,1.0,0.0,0.0,0.0,0.0,0,0,0,0,0,0
NER,33212,332,12,2,2.0,1,0,0,1,1,0,0,0,0,0,0,0,2021,0,0,0,0,0,0,0,10.253413677215576,0.0,6.0,0.0,0.0,0.0,0,0,0,0,0,0
NER,33213,332,13,2,2.0,1,0,0,1,1,0,0,1,0,0,0,0,2021,0,0,0,0,0,0,0,16.5682053565979,2.0,1.0,0.0,0.0,0.0,0,0,0,1,0,0
NER,33219,332,19,2,2.0,0,0,0,1,1,0,0,1,0,0,0,0,2021,0,0,0,0,0,0,0,2.8488736152648926,,,,,,0,1,1,0,0,0
NER,33301,333,1,1,2.0,0,0,0,1,1,0,0,0,0,0,0,0,2021,0,0,0,0,0,0,0,1.05239999294281,0.0,1.0,0.0,0.0,0.0,0,0,0,0,0,0
NER,33302,333,2,1,2.0,1,0,0,0,0,0,0,0,0,0,0,0,2021,0,0,0,0,0,0,0,2.188100039958954,0.0,4.0,0.0,0.0,0.0,0,0,0,1,0,0
NER,33303,333,3,1,2.0,1,0,0,0,0,0,0,0,0,0,0,0,2021,0,0,0,0,0,0,0,1.7452000379562378,,,,,,0,0,0,1,0,0
NER,33304,333,4,1,2.0,0,0,0,1,1,0,0,0,0,0,0,0,2021,0,0,0,0,0,0,0,0.5077000260353088,,,,,,1,0,0,0,0,0
NER,33305,333,5,1,2.0,0,0,0,0,0,0,0,0,0,0,0,0,2021,0,0,0,0,0,0,0,1.0410000085830688,0.0,4.0,0.0,0.0,3.0,1,0,0,0,0,0
NER,33306,333,6,1,2.0,0,0,0,0,1,0,0,0,0,0,0,0,2021,0,0,0,0,0,0,0,1.4817999601364136,9.0,5.0,0.0,0.0,0.0,0,0,0,0,0,0
NER,33307,333,7,1,2.0,0,0,0,0,0,0,0,0,0,0,0,0,2021,0,0,0,0,0,0,0,1.215499997138977,,,,,,1,0,0,0,0,0
NER,33308,333,8,1,2.0,0,0,0,1,1,0,0,0,0,0,0,0,2021,0,0,0,0,0,0,0,1.1775000095367432,2.0,7.0,0.0,0.0,0.0,1,0,0,0,0,0
NER,33309,333,9,1,2.0,0,0,0,0,0,0,0,0,0,0,0,0,2021,0,0,0,0,0,0,0,1.0154000520706177,0.0,6.0,0.0,0.0,15.0,1,0,0,0,0,0
NER,33310,333,10,1,2.0,1,0,0,0,0,0,0,0,0,0,0,0,2021,0,0,0,0,0,0,0,6.811600208282471,,,,,,0,0,0,0,0,0
NER,33311,333,11,1,2.0,0,0,0,0,1,0,0,0,0,0,0,0,2021,0,0,0,0,0,0,0,0.7900000214576721,,,,,,0,0,0,0,0,1
NER,33312,333,12,1,2.0,0,0,0,1,1,0,0,0,0,0,0,0,2021,0,0,0,0,0,0,0,1.2578999996185303,5.0,7.0,0.0,0.0,0.0,1,0,0,0,0,0
NER,33401,334,1,2,2.0,0,0,0,0,0,0,0,1,0,0,0,0,2021,0,0,0,0,0,0,0,3.8680999279022217,,,,,,0,1,0,0,0,0
NER,33402,334,2,2,2.0,0,0,0,0,0,0,0,1,0,0,0,0,2021,0,0,0,0,0,0,0,6.109100103378296,2.0,10.0,0.0,0.0,10.0,0,1,0,0,1,0
NER,33403,334,3,2,2.0,0,0,0,1,1,0,0,0,0,0,0,0,2021,0,0,0,0,0,0,0,11.414999842643738,0.0,2.0,0.0,0.0,11.0,0,1,0,0,0,0
NER,33404,334,4,2,2.0,0,0,0,0,0,0,0,1,0,0,0,0,2021,0,0,0,0,0,0,0,21.45363426208496,1.0,0.0,0.0,0.0,3.0,0,1,0,0,0,0
NER,33405,334,5,2,2.0,0,0,0,0,0,0,0,0,0,0,0,0,2021,0,0,0,0,0,0,0,5.5329999923706055,0.0,3.0,0.0,0.0,0.0,1,0,1,0,0,0
NER,33406,334,6,2,2.0,0,0,0,0,0,0,0,1,0,0,0,0,2021,0,0,0,0,0,0,0,4.396610140800476,0.0,7.0,0.0,0.0,0.0,0,0,1,0,0,0
NER,33407,334,7,2,2.0,0,0,0,0,0,0,0,1,0,0,0,0,2021,0,0,0,0,0,0,0,7.931049823760986,0.0,4.0,0.0,0.0,0.0,0,1,1,0,0,0
NER,33408,334,8,2,2.0,0,0,0,0,0,0,0,0,0,0,0,0,2021,0,0,0,0,0,0,0,4.410200119018555,0.0,5.0,0.0,0.0,0.0,0,1,1,0,0,0
NER,33409,334,9,2,2.0,0,0,0,0,0,0,0,1,0,0,0,0,2021,0,0,0,0,0,0,0,10.029251337051392,0.0,14.0,0.0,0.0,0.0,0,1,1,0,0,0
NER,33410,334,10,2,2.0,0,0,0,0,0,0,0,0,0,0,0,0,2021,0,0,0,0,0,0,0,9.271499872207642,1.0,3.0,0.0,0.0,0.0,0,1,1,0,1,0
NER,33411,334,11,2,2.0,0,0,0,0,0,0,0,0,0,0,0,0,2021,0,0,0,0,0,0,0,8.275500059127808,0.0,3.0,0.0,0.0,0.0,0,1,0,0,1,0
NER,33412,334,12,2,2.0,0,0,0,0,0,0,0,0,0,0,0,0,2021,0,0,0,0,0,0,0,5.888700008392334,0.0,0.0,0.0,0.0,0.0,0,1,1,0,1,0
NER,33501,335,1,1,1.0,0,0,0,0,0,0,0,0,0,0,0,0,2021,0,0,0,0,0,0,0,2.446000099182129,0.0,6.0,0.0,0.0,0.0,0,1,0,0,0,0
NER,33502,335,2,1,2.0,0,0,0,0,0,0,0,0,0,0,0,0,2021,0,0,0,0,0,0,0,,0.0,0.0,0.0,0.0,10.0,0,0,0,0,0,0
NER,33503,335,3,1,2.0,0,0,0,0,0,0,0,0,0,0,0,0,2021,0,0,0,0,0,0,0,2.7699999809265137,8.0,14.0,0.0,0.0,37.0,1,1,0,0,0,0
NER,33504,335,4,1,2.0,0,0,0,1,1,1,1,0,0,0,0,0,2021,1,0,0,0,0,0,0,2.1979570388793945,2.0,0.0,0.0,0.0,10.0,0,1,0,0,0,0
NER,33505,335,5,1,2.0,0,0,0,0,0,0,1,0,0,0,0,0,2021,0,0,0,0,0,0,0,1.79517662525177,0.0,5.0,0.0,0.0,0.0,0,0,0,0,0,0
NER,33506,335,6,1,2.0,0,0,0,1,1,0,0,0,0,0,0,0,2021,0,0,0,0,0,0,0,1.399999976158142,0.0,19.0,0.0,0.0,0.0,0,1,1,0,0,0
NER,33507,335,7,1,2.0,0,0,0,0,0,0,0,0,0,0,0,0,2021,0,0,0,0,0,0,0,2.111999988555908,,,,,,0,1,0,0,0,0
NER,33508,335,8,1,2.0,0,0,0,0,0,0,0,0,0,0,0,0,2021,0,0,0,0,0,0,0,2.359600067138672,0.0,19.0,0.0,0.0,0.0,0,0,0,0,0,0
NER,33509,335,9,1,2.0,0,0,0,1,1,1,1,0,0,0,0,0,2021,0,0,0,0,0,0,0,4.449999809265137,3.0,6.0,0.0,0.0,10.0,1,1,0,0,0,0
NER,33510,335,10,1,2.0,0,0,0,1,1,0,0,0,0,0,0,0,2021,0,0,0,0,0,0,0,2.75600004196167,3.0,4.0,0.0,0.0,14.0,0,1,0,0,0,0
NER,33511,335,11,1,2.0,0,0,0,1,1,1,1,0,0,0,0,0,2021,0,0,0,0,0,0,0,3.0759999752044678,0.0,8.0,0.0,0.0,0.0,0,0,0,0,0,0
NER,33512,335,12,1,4.0,0,0,0,0,0,0,0,0,0,0,0,0,2021,0,0,0,0,0,0,0,3.8299999237060547,0.0,1.0,0.0,0.0,2.0,0,1,0,0,0,0
NER,33601,336,1,2,2.0,1,0,0,0,0,0,0,0,0,0,0,0,2021,0,0,0,0,0,0,0,4.379999995231628,,,,,,0,0,0,0,0,0
NER,33602,336,2,2,2.0,1,0,0,0,0,0,0,0,0,0,0,0,2021,0,0,0,0,0,0,0,,2.0,5.0,0.0,0.0,0.0,0,0,0,0,0,0
NER,33603,336,3,2,2.0,1,0,0,0,0,0,0,0,0,0,0,0,2021,0,0,0,0,0,0,0,4.75,2.0,4.0,0.0,0.0,0.0,0,1,0,0,0,0
NER,33605,336,5,2,2.0,1,0,0,0,0,0,0,0,0,0,0,0,2021,0,0,0,0,0,0,0,,,,,,,0,0,0,0,0,0
NER,33606,336,6,2,4.0,0,0,0,0,0,0,0,0,0,0,0,0,2021,0,0,0,0,0,0,0,3.015000104904175,,,,,,0,0,1,0,0,0
NER,33607,336,7,2,4.0,0,0,0,0,0,0,0,0,0,0,0,0,2021,0,0,0,0,0,0,0,,0.0,8.0,0.0,0.0,0.0,0,1,1,0,0,0
NER,33608,336,8,2,4.0,0,0,0,1,1,0,0,0,0,0,0,0,2021,0,0,0,0,0,0,0,2.9649999141693115,,,,,,0,1,1,0,0,0
NER,33609,336,9,2,2.0,0,0,0,1,1,0,0,0,0,0,0,0,2021,0,0,0,0,0,0,0,2.3450000286102295,,,,,,0,0,1,0,0,0
NER,33610,336,10,2,2.0,0,0,0,0,0,0,0,1,0,0,0,0,2021,0,0,0,0,0,0,0,0.7549999952316284,1.0,0.0,0.0,0.0,0.0,0,1,0,0,0,0
NER,33611,336,11,2,2.0,0,0,0,0,0,0,0,1,0,0,0,0,2021,0,0,0,0,0,0,0,4.544999837875366,2.0,7.0,0.0,0.0,0.0,0,1,1,0,0,0
NER,33612,336,12,2,2.0,0,0,0,0,0,0,0,0,0,0,0,0,2021,0,0,0,0,0,0,0,3.7200000286102295,1.0,4.0,0.0,0.0,5.0,0,1,0,0,0,0
NER,33613,336,13,2,2.0,0,0,0,0,0,0,0,0,0,0,0,0,2021,0,0,0,0,0,0,0,4.325000047683716,1.0,3.0,0.0,0.0,0.0,0,1,0,0,0,0
NER,33701,337,1,1,2.0,0,0,0,1,1,0,0,0,0,0,0,0,2021,0,0,0,0,0,0,0,3.9700000286102295,1.0,0.0,0.0,0.0,0.0,0,1,0,0,0,0
NER,33702,337,2,1,2.0,0,0,0,0,0,0,0,0,0,0,0,0,2021,0,0,0,0,0,0,0,1.5424551963806152,2.0,0.0,0.0,0.0,0.0,0,0,0,0,0,0
NER,33703,337,3,1,2.0,0,0,0,1,1,0,0,0,0,0,0,0,2021,0,0,0,0,0,0,0,2.3799999952316284,2.0,5.0,0.0,0.0,0.0,1,1,0,0,0,0
NER,33704,337,4,1,2.0,0,0,0,0,0,0,0,0,1,0,0,0,2021,0,0,0,0,0,0,0,,,,,,,0,0,0,0,0,0
NER,33705,337,5,1,2.0,0,0,0,0,0,0,0,0,0,0,0,0,2021,0,0,0,0,0,0,0,7.552110195159912,1.0,4.0,0.0,0.0,0.0,0,0,0,0,0,0
NER,33706,337,6,1,2.0,0,0,0,0,0,0,0,0,0,0,0,0,2021,0,0,0,0,0,0,0,2.1700000762939453,0.0,15.0,0.0,0.0,0.0,0,1,0,0,0,0
NER,33707,337,7,1,2.0,0,0,0,0,0,0,0,0,0,0,0,0,2021,0,0,0,0,0,0,0,3.028999984264374,,,,,,0,1,0,0,0,0
NER,33708,337,8,1,2.0,0,0,0,0,0,0,0,0,0,0,0,0,2021,0,0,0,0,0,0,0,5.3907999992370605,0.0,4.0,0.0,0.0,0.0,0,0,0,0,0,0
NER,33709,337,9,1,2.0,0,0,0,0,0,0,0,0,0,0,0,0,2021,0,0,0,0,0,0,0,0.8700000047683716,0.0,3.0,0.0,0.0,9.0,1,1,1,0,0,0
NER,33710,337,10,1,2.0,0,0,0,0,0,0,0,0,0,0,0,0,2021,0,0,0,0,0,0,0,0.9120000004768372,,,,,,1,1,0,0,0,0
NER,33711,337,11,1,2.0,0,0,0,0,0,0,0,1,0,0,0,0,2021,0,0,0,0,0,0,0,1.7580000162124634,,,,,,0,0,0,0,0,0
NER,33713,337,13,1,2.0,0,0,0,0,0,0,0,0,0,0,0,0,2021,0,0,0,0,0,0,0,6.78628408908844,1.0,5.0,0.0,0.0,2.0,0,1,0,0,0,0
NER,34101,341,1,1,2.0,0,0,0,0,0,0,0,0,0,0,0,0,2021,0,0,0,0,0,0,0,1.375,,,,,,0,1,0,0,0,0
NER,34102,341,2,1,2.0,0,0,0,0,0,0,0,0,0,0,0,0,2021,0,0,0,0,0,0,0,0.7228999733924866,,,,,,0,1,0,0,0,0
NER,34103,341,3,1,4.0,0,0,0,0,0,0,0,0,0,0,0,0,2021,0,0,0,0,0,0,0,0.5499999895691872,2.0,0.0,0.0,0.0,0.0,0,1,1,0,0,0
NER,34104,341,4,1,2.0,0,0,0,0,0,0,0,1,0,0,0,0,2021,0,0,0,0,0,0,0,2.5299999713897705,3.0,4.0,0.0,0.0,0.0,0,0,0,0,0,0
NER,34105,341,5,1,1.0,0,0,0,1,1,0,0,0,0,0,0,0,2021,0,0,0,0,0,0,0,,,,,,,0,0,0,0,0,0
NER,34106,341,6,1,2.0,0,0,0,0,0,0,0,0,0,0,0,0,2021,0,0,0,0,0,0,0,1.4100000262260437,0.0,6.0,0.0,0.0,0.0,0,1,0,0,0,0
NER,34107,341,7,1,2.0,0,0,0,0,0,0,0,1,0,0,0,0,2021,0,0,0,0,0,0,0,2.205137252807617,3.0,3.0,0.0,0.0,7.0,0,1,0,0,0,0
NER,34108,341,8,1,4.0,0,0,0,1,1,0,0,0,0,0,0,0,2021,0,0,0,0,0,0,0,2.1768405437469482,0.0,0.0,0.0,0.0,12.0,0,1,0,0,0,0
NER,34109,341,9,1,2.0,0,0,0,1,0,0,0,0,0,0,0,0,2021,0,0,0,0,0,0,0,0.7600000202655792,2.0,4.0,0.0,0.0,3.0,0,1,0,0,0,0
NER,34110,341,10,1,2.0,0,0,0,0,0,0,0,0,0,0,0,0,2021,0,0,0,0,0,0,0,2.509999990463257,0.0,0.0,0.0,0.0,8.0,0,1,0,0,0,0
NER,34111,341,11,1,2.0,0,0,0,1,1,0,0,0,0,0,0,0,2021,0,0,0,0,0,0,0,1.7127699851989746,,,,,,0,0,0,0,0,0
NER,34128,341,28,1,2.0,0,0,0,0,1,0,0,0,0,0,0,0,2021,0,0,0,0,0,0,0,1.939253330230713,,,,,,0,1,0,0,0,0
NER,34201,342,1,2,3.0,0,0,0,1,1,0,0,0,0,0,0,0,2021,1,0,0,0,0,0,0,,,,,,,0,0,1,0,0,0
NER,34202,342,2,2,1.0,0,0,0,1,1,1,1,0,0,0,0,0,2021,1,0,0,0,0,1,0,3.7669000029563904,4.0,0.0,0.0,0.0,0.0,1,1,0,0,0,0
NER,34203,342,3,2,1.0,0,0,0,1,1,1,1,0,0,0,0,0,2021,0,0,0,0,0,0,0,1.0682176351547241,1.0,1.0,0.0,0.0,0.0,0,0,1,0,0,0
NER,34204,342,4,2,1.0,0,1,1,1,1,1,1,0,0,0,0,0,2021,1,0,1,1,1,1,1,2.879363536834717,0.0,8.0,0.0,0.0,0.0,0,0,0,0,0,0
NER,34205,342,5,2,1.0,1,0,1,1,1,1,1,0,1,0,1,0,2021,1,0,1,0,0,1,0,,,,,,,1,0,0,0,0,0
NER,34206,342,6,2,1.0,1,0,1,1,1,0,0,0,0,0,0,0,2021,0,0,0,0,0,0,0,0.8796999752521515,2.0,0.0,0.0,0.0,0.0,0,1,0,0,0,0
NER,34207,342,7,2,4.0,1,0,1,1,1,1,1,0,0,0,0,0,2021,1,0,0,0,0,1,0,0.5339999943971634,0.0,3.0,0.0,0.0,0.0,1,0,0,0,0,0
NER,34208,342,8,2,1.0,1,0,0,1,1,1,1,0,0,0,0,0,2021,1,0,1,0,0,1,0,,0.0,4.0,0.0,0.0,0.0,1,0,0,0,0,0
NER,34209,342,9,2,3.0,1,0,0,1,1,0,0,0,0,0,0,0,2021,0,0,0,0,0,0,0,,,,,,,0,0,0,0,0,0
NER,34210,342,10,2,1.0,1,0,0,1,1,1,1,0,0,0,0,0,2021,1,0,0,0,0,0,0,4.384199991822243,2.0,0.0,0.0,0.0,0.0,1,0,0,0,0,0
NER,34218,342,18,2,1.0,1,0,1,1,1,0,0,1,0,0,0,0,2021,0,0,0,0,0,0,0,0.8458999991416931,1.0,0.0,0.0,0.0,0.0,0,0,0,0,0,0
NER,34219,342,19,2,1.0,1,0,1,1,1,1,1,0,0,0,0,0,2021,1,0,0,0,0,0,0,,6.0,0.0,0.0,0.0,0.0,0,0,0,0,0,0
NER,34301,343,1,1,2.0,0,0,0,0,0,0,0,0,0,0,0,0,2021,0,0,0,0,0,0,0,3.4214999675750732,0.0,10.0,0.0,0.0,10.0,0,0,0,0,0,0
NER,34302,343,2,1,2.0,0,0,0,0,1,0,0,0,1,0,0,0,2021,0,0,0,0,0,0,0,,,,,,,1,0,1,0,1,0
NER,34303,343,3,1,2.0,0,0,0,0,1,0,0,0,0,0,0,0,2021,0,0,0,0,0,0,0,4.340000152587891,5.0,31.0,0.0,0.0,0.0,0,1,1,0,1,0
NER,34304,343,4,1,2.0,0,0,0,1,1,0,0,0,0,0,0,0,2021,0,0,0,0,0,0,0,4.179999828338623,5.0,16.0,0.0,0.0,7.0,0,0,1,0,0,0
NER,34305,343,5,1,2.0,0,0,0,0,0,0,0,0,0,0,0,0,2021,0,0,0,0,0,0,0,1.7100000381469727,0.0,6.0,0.0,0.0,18.0,1,0,0,0,0,0
NER,34306,343,6,1,2.0,0,0,0,0,1,0,0,0,0,0,0,0,2021,0,0,0,0,0,0,0,6.360000133514404,0.0,3.0,0.0,0.0,0.0,1,1,1,0,1,0
NER,34308,343,8,1,4.0,0,0,0,0,0,0,0,0,0,0,0,0,2021,0,0,0,0,0,0,0,6.75,1.0,4.0,0.0,0.0,0.0,0,1,0,0,1,0
NER,34309,343,9,1,2.0,0,0,0,1,0,0,0,0,0,0,0,0,2021,0,0,0,0,0,0,0,0.9599999785423279,3.0,3.0,0.0,0.0,11.0,1,1,1,0,1,0
NER,34310,343,10,1,2.0,0,0,0,0,0,0,0,0,0,0,0,0,2021,0,0,0,0,0,0,0,6.729999780654907,0.0,7.0,0.0,0.0,12.0,1,0,0,0,0,0
NER,34311,343,11,1,2.0,0,0,0,1,0,0,0,1,0,0,0,0,2021,0,0,0,0,0,0,0,7.230000019073486,4.0,6.0,0.0,0.0,22.0,0,1,1,0,0,0
NER,34312,343,12,1,2.0,0,0,0,0,0,0,0,0,0,0,0,0,2021,0,0,0,0,0,0,0,1.9299999475479126,0.0,8.0,0.0,0.0,0.0,0,1,1,0,1,0
NER,34321,343,21,1,2.0,0,0,0,0,0,0,0,0,0,0,0,0,2021,0,0,0,0,0,0,0,2.119999885559082,0.0,5.0,0.0,0.0,24.0,0,1,0,0,0,0
NER,35202,352,2,2,1.0,1,1,1,1,1,1,1,0,0,0,0,0,2021,1,0,0,0,0,0,0,,0.0,3.0,0.0,0.0,8.0,1,1,0,0,0,0
NER,35203,352,3,2,2.0,0,0,0,1,1,0,1,0,1,0,0,0,2021,0,0,0,0,0,0,0,,,,,,,0,0,0,0,1,0
NER,35204,352,4,2,1.0,0,0,1,1,1,1,1,0,1,0,0,0,2021,1,0,0,0,0,1,0,0.8471753597259521,0.0,2.0,0.0,0.0,0.0,0,1,0,1,1,0
NER,35205,352,5,2,1.0,1,1,1,1,1,1,1,0,0,0,0,0,2021,1,0,1,0,0,0,0,,,,,,,0,0,0,0,1,0
NER,35206,352,6,2,4.0,0,0,0,1,1,0,0,0,0,0,0,0,2021,0,0,0,0,0,0,0,,,,,,,0,1,0,0,1,0
NER,35207,352,7,2,1.0,0,0,1,1,1,1,1,0,0,0,0,0,2021,1,0,1,0,0,0,0,1.5283708572387695,4.0,8.0,0.0,0.0,0.0,0,0,0,0,1,0
NER,35211,352,11,2,1.0,0,0,0,1,1,0,1,0,0,0,0,0,2021,0,0,0,0,0,0,0,,,,,,,0,0,0,0,1,0
NER,35214,352,14,2,1.0,0,0,1,1,1,1,1,0,0,0,0,0,2021,0,0,0,0,0,0,0,,,,,,,0,0,0,0,1,0
NER,35216,352,16,2,1.0,0,0,1,1,1,1,1,0,0,0,0,0,2021,0,0,0,0,0,0,0,,,,,,,0,0,0,0,1,0
NER,35218,352,18,2,2.0,0,0,0,1,1,0,1,0,0,0,0,0,2021,0,0,0,0,0,0,0,3.661253809928894,0.0,4.0,0.0,0.0,0.0,1,0,0,0,1,0
NER,35221,352,21,2,1.0,0,0,0,1,1,0,0,0,0,0,0,0,2021,0,0,0,0,0,0,0,,,,,,,0,0,0,0,1,0
NER,35222,352,22,2,1.0,1,0,1,1,1,1,1,0,0,1,1,0,2021,1,0,1,0,0,0,0,,,,,,,0,1,0,0,1,0
NER,35401,354,1,2,1.0,0,0,0,0,0,0,0,0,0,0,0,0,2021,0,0,0,0,0,0,0,2.8270493745803833,8.0,13.0,0.0,0.0,0.0,1,1,0,0,1,0
NER,35402,354,2,2,2.0,0,0,0,0,0,0,0,0,0,0,0,0,2021,0,0,0,0,0,0,0,2.276471972465515,4.0,7.0,0.0,0.0,0.0,0,1,0,0,1,0
NER,35403,354,3,2,2.0,0,0,0,0,0,0,0,0,0,0,0,0,2021,0,0,0,0,0,0,0,5.349009394645691,2.0,3.0,0.0,0.0,0.0,1,1,0,0,1,0
NER,35404,354,4,2,2.0,0,0,0,0,0,0,0,0,0,0,0,0,2021,0,0,0,0,0,0,0,1.8220099210739136,2.0,6.0,0.0,0.0,0.0,0,1,0,0,1,0
NER,35405,354,5,2,2.0,0,0,0,0,0,0,0,1,0,0,0,0,2021,0,0,0,0,0,0,0,2.280685544013977,2.0,0.0,0.0,0.0,0.0,0,1,0,0,1,0
NER,35406,354,6,2,2.0,0,0,0,0,0,0,0,1,0,0,0,0,2021,0,0,0,0,0,0,0,1.0553489923477173,3.0,6.0,0.0,0.0,0.0,0,1,0,0,1,0
NER,35407,354,7,2,2.0,0,0,0,0,0,0,0,0,0,0,0,0,2021,0,0,0,0,0,0,0,2.3255377411842346,2.0,0.0,0.0,0.0,0.0,0,1,0,0,1,0
NER,35408,354,8,2,2.0,0,0,0,0,0,0,0,0,0,0,0,0,2021,0,0,0,0,0,0,0,4.0471431016922,4.0,0.0,0.0,0.0,4.0,0,1,0,0,1,0
NER,35409,354,9,2,2.0,0,0,0,0,0,0,0,0,0,0,0,0,2021,0,0,0,0,0,0,0,,,,,,,1,0,0,0,1,0
NER,35410,354,10,2,2.0,0,0,0,0,0,0,0,0,0,0,0,0,2021,0,0,0,0,0,0,0,1.1685888767242432,4.0,5.0,0.0,0.0,0.0,0,0,0,0,1,0
NER,35411,354,11,2,2.0,0,0,0,0,0,0,0,0,0,0,0,0,2021,0,0,0,0,0,0,0,1.1709821224212646,3.0,8.0,0.0,0.0,0.0,0,0,0,0,1,0
NER,35412,354,12,2,2.0,0,0,0,0,0,0,0,0,0,0,0,0,2021,0,0,0,0,0,0,0,0.9982742071151733,0.0,2.0,0.0,0.0,0.0,0,0,0,0,1,0
NER,35501,355,1,1,2.0,0,0,0,0,0,0,0,0,0,0,0,0,2021,0,0,0,0,0,0,0,0.6000000238418579,4.0,4.0,0.0,0.0,18.0,0,1,0,0,0,0
NER,35502,355,2,1,2.0,0,0,0,0,0,0,0,0,0,0,0,0,2021,0,0,0,0,0,0,0,2.7294251918792725,3.0,0.0,0.0,0.0,0.0,0,0,0,0,0,0
NER,35503,355,3,1,2.0,0,0,0,0,0,0,0,0,0,0,0,0,2021,0,0,0,0,0,0,0,3.0979565382003784,6.0,22.0,0.0,0.0,0.0,0,1,1,0,0,0
NER,35504,355,4,1,2.0,0,0,0,0,0,0,0,0,0,0,0,0,2021,0,0,0,0,0,0,0,0.6000000238418579,1.0,4.0,0.0,0.0,0.0,0,1,0,0,0,0
NER,35505,355,5,1,2.0,0,0,0,0,0,0,0,0,0,0,0,0,2021,0,0,0,0,0,0,0,0.25699999928474426,2.0,0.0,0.0,0.0,0.0,0,0,0,0,0,0
NER,35506,355,6,1,2.0,1,0,0,0,0,0,0,0,0,0,0,0,2021,0,0,0,0,0,0,0,1.5000000596046448,2.0,0.0,0.0,0.0,0.0,0,1,0,0,1,0
NER,35507,355,7,1,2.0,0,0,0,0,0,0,0,0,0,0,0,0,2021,0,0,0,0,0,0,0,2.059999942779541,,,,,,0,1,0,0,0,0
NER,35508,355,8,1,2.0,0,0,0,0,0,0,0,0,0,0,0,0,2021,0,0,0,0,0,0,0,2.4058263301849365,2.0,8.0,0.0,0.0,0.0,0,0,0,0,0,0
NER,35509,355,9,1,2.0,0,0,0,0,0,0,0,0,0,0,0,0,2021,0,0,0,0,0,0,0,1.803192377090454,4.0,7.0,0.0,0.0,0.0,0,1,0,0,0,0
NER,35510,355,10,1,2.0,0,0,0,0,0,0,0,0,0,0,0,0,2021,0,0,0,0,0,0,0,1.9600000381469727,,,,,,0,1,0,0,0,0
NER,35511,355,11,1,2.0,0,0,0,0,0,0,0,0,0,0,0,0,2021,0,0,0,0,0,0,0,0.2590000033378601,6.0,0.0,0.0,0.0,0.0,0,0,0,0,0,0
NER,35512,355,12,1,2.0,0,0,0,0,0,0,0,0,0,0,0,0,2021,0,0,0,0,0,0,0,2.684954881668091,3.0,0.0,0.0,0.0,0.0,0,1,0,0,0,0
NER,35601,356,1,2,2.0,0,0,0,1,1,1,1,0,0,0,1,0,2021,0,0,0,0,0,0,0,5.023028373718262,2.0,5.0,0.0,0.0,4.0,0,1,0,0,0,0
NER,35602,356,2,2,2.0,0,0,0,1,1,0,0,0,0,0,0,0,2021,0,0,0,0,0,0,0,,2.0,2.0,0.0,0.0,0.0,0,1,0,0,0,0
NER,35603,356,3,2,2.0,0,0,0,1,1,0,0,0,0,0,0,0,2021,0,0,0,0,0,0,0,1.7458922863006592,0.0,4.0,0.0,0.0,0.0,0,1,1,0,0,0
NER,35605,356,5,2,2.0,0,0,0,1,1,0,0,0,0,0,1,0,2021,0,0,0,0,0,0,0,2.604615569114685,0.0,4.0,0.0,0.0,1.0,0,1,0,1,0,0
NER,35606,356,6,2,1.0,0,0,0,1,1,1,1,0,0,0,0,0,2021,0,0,0,0,0,0,0,2.1295008212327957,4.0,7.0,0.0,0.0,0.0,0,1,0,0,0,0
NER,35607,356,7,2,2.0,0,0,0,1,1,0,0,0,0,0,0,0,2021,0,0,0,0,0,0,0,1.700411856174469,0.0,4.0,0.0,0.0,0.0,1,0,0,0,0,0
NER,35608,356,8,2,2.0,0,0,0,1,1,1,1,0,0,0,1,0,2021,0,0,0,0,0,0,0,2.0498560965061188,7.0,6.0,0.0,0.0,0.0,0,0,0,0,0,0
NER,35609,356,9,2,2.0,0,0,0,1,1,0,0,0,0,0,1,0,2021,0,0,0,0,0,0,0,3.0863754749298096,2.0,0.0,0.0,0.0,13.0,0,1,0,0,0,0
NER,35611,356,11,2,2.0,0,0,0,1,1,0,1,0,0,0,0,0,2021,0,0,0,0,0,0,0,1.499685287475586,2.0,7.0,0.0,0.0,0.0,0,1,0,0,0,0
NER,35612,356,12,2,2.0,0,0,0,1,1,0,0,0,0,0,0,0,2021,0,0,0,0,0,0,0,,0.0,4.0,0.0,0.0,0.0,1,0,0,0,0,0
NER,35617,356,17,2,2.0,0,0,0,1,1,1,1,0,0,0,0,0,2021,0,0,0,0,0,0,0,4.421085238456726,5.0,18.0,0.0,0.0,0.0,0,0,0,0,0,0
NER,35626,356,26,2,2.0,0,0,0,1,1,0,1,0,0,0,1,0,2021,0,0,0,0,0,0,0,3.940177798271179,2.0,6.0,0.0,0.0,0.0,0,0,0,0,0,0
NER,35701,357,1,1,2.0,0,0,0,0,0,0,1,0,0,0,0,0,2021,0,0,0,0,0,0,0,4.3311121463775635,4.0,4.0,0.0,0.0,4.0,0,1,0,0,0,0
NER,35702,357,2,1,2.0,1,0,0,0,0,1,1,0,0,0,0,0,2021,0,0,0,0,0,0,0,1.2449785470962524,4.0,1.0,0.0,0.0,0.0,0,0,0,0,0,0
NER,35703,357,3,1,2.0,0,0,0,0,0,1,1,0,0,0,0,0,2021,0,0,0,0,0,0,0,4.49940037727356,2.0,5.0,0.0,0.0,6.0,0,1,1,0,0,0
NER,35704,357,4,1,2.0,0,0,0,0,0,1,1,0,0,0,0,0,2021,0,0,0,0,0,0,0,0.5,3.0,3.0,0.0,0.0,0.0,0,0,0,0,0,0
NER,35705,357,5,1,2.0,1,0,0,0,0,1,1,0,0,0,0,0,2021,0,0,0,0,0,0,0,,,,,,,0,0,0,0,0,0
NER,35706,357,6,1,2.0,0,0,0,0,0,0,0,0,0,0,0,0,2021,0,0,0,0,0,0,0,2.0799973011016846,4.0,0.0,0.0,0.0,0.0,1,1,0,0,0,0
NER,35707,357,7,1,2.0,0,0,0,0,0,0,1,0,0,0,0,0,2021,0,0,0,0,0,0,0,,0.0,3.0,0.0,0.0,0.0,0,0,0,0,0,0
NER,35708,357,8,1,2.0,1,0,0,0,0,1,1,0,0,0,0,0,2021,0,0,0,0,0,0,0,0.9982742071151733,2.0,0.0,0.0,0.0,0.0,0,1,0,0,0,0
NER,35709,357,9,1,2.0,0,0,0,0,0,0,0,0,0,0,0,0,2021,0,0,0,0,0,0,0,2.7521140575408936,3.0,0.0,0.0,0.0,5.0,1,1,0,0,0,0
NER,35710,357,10,1,2.0,0,0,0,0,0,1,1,0,0,0,0,0,2021,0,0,0,0,0,0,0,2.6405093669891357,2.0,5.0,0.0,0.0,16.0,0,1,0,0,0,0
NER,35711,357,11,1,2.0,1,0,0,0,0,1,1,0,0,0,0,0,2021,0,0,0,0,0,0,0,0.9946224093437195,4.0,5.0,0.0,0.0,0.0,0,0,0,0,0,0
NER,35717,357,17,1,2.0,0,0,0,0,0,0,0,1,0,0,0,0,2021,1,0,0,0,0,0,0,1.0114214420318604,2.0,0.0,0.0,0.0,0.0,0,1,0,0,0,0
NER,35801,358,1,2,1.0,0,0,0,1,1,0,1,0,0,0,0,0,2021,1,0,0,0,0,0,0,3.0608463287353516,1.0,0.0,0.0,0.0,4.0,1,0,0,0,0,1
NER,35803,358,3,2,4.0,0,0,0,1,1,0,0,0,0,0,0,0,2021,0,0,0,0,0,0,0,0.10999999940395355,1.0,0.0,0.0,0.0,0.0,0,1,0,0,0,0
NER,35804,358,4,2,4.0,0,0,0,1,1,0,0,0,0,0,0,0,2021,0,0,0,0,0,0,0,,2.0,3.0,0.0,0.0,0.0,0,0,0,1,0,0
NER,35805,358,5,2,2.0,0,0,0,1,1,0,1,0,0,0,0,0,2021,0,0,0,0,0,0,0,3.6154407262802124,,,,,,1,1,0,0,0,0
NER,35806,358,6,2,2.0,0,0,0,1,1,0,1,0,0,0,0,0,2021,0,0,0,0,0,0,0,,0.0,3.0,0.0,0.0,0.0,0,1,0,1,0,0
NER,35807,358,7,2,2.0,0,0,0,1,1,0,0,0,0,0,0,0,2021,0,0,0,0,0,0,0,1.4771920442581177,,,,,,0,0,0,0,0,0
NER,35808,358,8,2,2.0,0,0,0,1,1,0,0,0,0,0,0,0,2021,0,0,0,0,0,0,0,2.1958000659942627,0.0,3.0,0.0,0.0,0.0,1,0,0,0,0,0
NER,35809,358,9,2,2.0,0,0,0,1,1,1,1,0,0,0,0,0,2021,0,0,0,0,0,0,0,,0.0,5.0,0.0,0.0,0.0,1,0,0,0,0,0
NER,35810,358,10,2,4.0,0,0,0,1,1,1,1,0,0,0,0,0,2021,0,0,0,0,0,0,0,2.7683852910995483,0.0,9.0,0.0,0.0,0.0,0,0,0,0,0,0
NER,35811,358,11,2,2.0,0,0,0,1,1,1,1,0,0,0,0,0,2021,1,0,1,0,0,0,0,,,,,,,0,0,0,0,0,0
NER,35812,358,12,2,4.0,0,0,0,1,1,1,1,0,0,0,0,0,2021,0,0,0,0,0,0,0,1.6411999464035034,12.0,11.0,0.0,0.0,0.0,0,0,0,0,0,0
NER,36001,360,1,2,1.0,1,1,1,1,1,0,1,0,0,0,0,0,2021,0,0,0,0,0,0,0,,,,,,,0,0,1,0,1,0
NER,36002,360,2,2,2.0,0,1,1,1,1,1,1,0,0,0,0,0,2021,1,0,1,0,0,1,0,,,,,,,0,0,0,0,1,0
NER,36003,360,3,2,1.0,0,1,1,1,1,1,1,0,0,0,0,0,2021,1,0,0,0,0,1,0,4.258580684661865,0.0,25.0,0.0,0.0,0.0,0,1,1,0,1,0
NER,36004,360,4,2,1.0,1,1,1,1,1,1,1,0,0,0,0,0,2021,1,0,1,0,0,1,0,2.096193790435791,,,,,,0,0,0,0,0,0
NER,36005,360,5,2,1.0,1,1,1,1,1,1,1,0,0,0,0,0,2021,1,0,0,0,0,0,0,,,,,,,0,0,0,0,1,0
NER,36006,360,6,2,4.0,0,1,1,0,0,1,1,0,0,0,0,0,2021,1,1,0,0,0,1,0,,,,,,,0,0,0,0,1,0
NER,36007,360,7,2,2.0,1,0,0,1,1,1,1,0,0,0,0,0,2021,0,0,0,0,0,0,0,1.4698355197906494,0.0,12.0,0.0,0.0,0.0,0,0,0,0,1,0
NER,36008,360,8,2,2.0,1,0,1,1,1,0,1,0,0,0,0,0,2021,0,0,0,0,0,0,0,,,,,,,0,0,0,0,1,0
NER,36009,360,9,2,1.0,1,1,1,1,1,1,1,0,0,0,0,0,2021,1,0,0,0,0,0,0,,0.0,0.0,0.0,0.0,50.0,1,0,0,0,0,0
NER,36010,360,10,2,1.0,1,1,1,1,1,1,1,0,0,0,0,0,2021,0,0,0,0,0,0,0,,0.0,7.0,0.0,0.0,0.0,0,0,0,0,0,0
NER,36011,360,11,2,1.0,1,1,1,1,1,1,1,0,0,0,0,0,2021,1,0,0,0,0,0,0,,,,,,,0,0,0,0,0,0
NER,36012,360,12,2,1.0,1,1,1,1,1,1,1,0,0,1,0,0,2021,1,0,1,0,0,0,0,,,,,,,0,0,0,0,0,0
NER,36301,363,1,1,4.0,0,0,0,1,1,1,1,0,0,0,0,0,2021,0,0,0,0,0,0,0,,,,,,,0,0,0,0,1,0
NER,36302,363,2,1,3.0,1,1,1,1,1,1,1,0,0,0,0,0,2021,1,0,0,0,1,0,0,,,,,,,0,0,0,0,0,0
NER,36303,363,3,1,1.0,0,0,1,1,1,0,0,0,0,0,0,0,2021,1,0,1,0,0,1,0,1.3799999952316284,,,,,,0,1,0,1,1,0
NER,36304,363,4,1,3.0,1,1,0,1,1,1,1,0,0,0,0,0,2021,0,0,0,0,0,0,0,1.5424551963806152,0.0,0.0,0.0,0.0,1.0,0,0,0,1,0,0
NER,36305,363,5,1,1.0,0,0,0,1,1,1,1,0,0,0,0,0,2021,1,0,0,0,0,0,0,2.418915033340454,3.0,4.0,0.0,0.0,0.0,1,1,0,0,0,0
NER,36306,363,6,1,2.0,0,1,1,1,1,0,0,0,0,0,1,0,2021,1,0,0,0,0,1,0,,10.0,33.0,0.0,0.0,0.0,1,1,1,0,1,0
NER,36307,363,7,1,4.0,0,0,0,1,1,0,0,0,0,0,0,0,2021,0,0,0,0,0,0,0,,,,,,,1,0,0,0,0,0
NER,36309,363,9,1,1.0,0,0,1,1,1,0,0,0,0,0,0,0,2021,0,0,0,0,0,0,0,1.8300000429153442,1.0,8.0,0.0,0.0,8.0,0,1,1,0,1,0
NER,36311,363,11,1,2.0,0,1,1,1,1,0,0,0,0,0,0,0,2021,0,0,0,0,0,0,0,,0.0,0.0,0.0,0.0,10.0,0,1,0,0,0,0
NER,36312,363,12,1,3.0,1,1,1,1,1,0,0,1,0,1,1,1,2021,1,0,0,0,0,1,0,,,,,,,1,0,1,0,1,0
NER,36320,363,20,1,3.0,1,1,1,1,1,1,1,0,0,0,0,0,2021,1,0,0,0,0,0,0,,,,,,,0,0,0,1,1,0
NER,36325,363,25,1,2.0,0,0,0,1,1,0,0,0,0,0,0,0,2021,0,0,0,0,0,0,0,,1.0,2.0,0.0,0.0,0.0,0,0,0,0,1,0
NER,36401,364,1,2,2.0,1,0,0,0,0,0,0,0,0,0,0,0,2021,0,0,0,0,0,0,0,2.200000047683716,0.0,0.0,0.0,0.0,3.0,0,1,1,0,0,0
NER,36402,364,2,2,2.0,0,0,0,0,0,0,0,0,0,0,0,0,2021,0,0,0,0,0,0,0,1.1299999952316284,,,,,,0,0,0,0,0,0
NER,36403,364,3,2,2.0,0,0,0,0,0,0,0,0,0,0,0,0,2021,0,0,0,0,0,0,0,3.569999933242798,0.0,5.0,0.0,0.0,6.0,0,0,1,0,0,0
NER,36404,364,4,2,2.0,0,0,0,0,0,0,0,0,0,0,0,0,2021,0,0,0,0,0,0,0,1.0,0.0,2.0,0.0,0.0,7.0,0,0,0,0,0,0
NER,36405,364,5,2,2.0,1,0,0,0,0,0,0,0,0,0,0,0,2021,0,0,0,0,0,0,0,3.6478351354599,,,,,,1,1,0,0,0,0
NER,36406,364,6,2,2.0,1,0,0,0,0,0,0,0,0,0,0,0,2021,0,0,0,0,0,0,0,,,,,,,1,1,0,1,0,0
NER,36407,364,7,2,2.0,1,0,0,0,0,0,0,0,0,0,0,0,2021,0,0,0,0,0,0,0,6.5344178676605225,1.0,3.0,0.0,0.0,0.0,1,1,0,1,0,0
NER,36408,364,8,2,2.0,0,0,0,0,0,0,0,0,0,0,0,0,2021,0,0,0,0,0,0,0,0.9800000190734863,,,,,,0,1,0,0,0,0
NER,36409,364,9,2,2.0,1,0,0,0,0,0,0,0,0,0,0,0,2021,0,0,0,0,0,0,0,3.9991079568862915,2.0,3.0,0.0,0.0,0.0,0,1,0,0,0,0
NER,36410,364,10,2,4.0,1,0,0,0,0,0,0,0,0,0,0,0,2021,0,0,0,0,0,0,0,3.9109119176864624,,,,,,0,0,0,0,0,0
NER,36411,364,11,2,4.0,1,0,0,0,0,0,0,0,0,0,0,0,2021,0,0,0,0,0,0,0,2.4700000286102295,1.0,0.0,0.0,0.0,0.0,0,0,0,0,0,0
NER,36412,364,12,2,4.0,1,0,0,0,0,0,0,0,0,0,0,0,2021,0,0,0,0,0,0,0,4.7233006954193115,1.0,4.0,0.0,0.0,0.0,0,1,0,0,0,0
NER,36501,365,1,1,2.0,0,0,0,1,1,0,1,0,0,0,0,0,2021,0,0,0,0,0,0,0,5.238058924674988,0.0,4.0,0.0,0.0,0.0,0,0,0,0,0,0
NER,36503,365,3,1,2.0,1,0,1,0,0,0,1,0,1,0,0,0,2021,0,0,0,0,0,0,0,20.967278957366943,1.0,9.0,0.0,0.0,0.0,0,0,0,0,0,0
NER,36504,365,4,1,2.0,1,1,0,1,1,0,0,0,0,0,0,0,2021,0,0,0,0,0,0,0,1.1983999758958817,,,,,,0,0,0,0,0,0
NER,36505,365,5,1,2.0,1,0,0,1,1,0,0,0,0,0,0,0,2021,0,0,0,0,0,0,0,2.061400890350342,1.0,2.0,0.0,0.0,9.0,0,1,0,0,0,0
NER,36506,365,6,1,1.0,1,0,1,1,1,0,0,0,1,0,0,0,2021,0,0,0,0,0,0,0,5.268513083457947,1.0,0.0,0.0,0.0,0.0,0,0,0,0,0,1
NER,36507,365,7,1,1.0,1,1,1,1,1,0,1,0,0,0,0,0,2021,0,0,0,0,0,0,0,0.6222000122070312,0.0,1.0,0.0,0.0,0.0,0,0,0,0,0,0
NER,36508,365,8,1,2.0,1,0,0,1,1,0,0,0,0,0,0,0,2021,0,0,0,0,0,0,0,,0.0,10.0,0.0,0.0,0.0,0,0,0,0,0,0
NER,36509,365,9,1,4.0,1,0,0,1,1,0,0,0,1,0,0,0,2021,0,0,0,0,0,0,0,,0.0,3.0,0.0,0.0,0.0,0,0,0,0,0,0
NER,36510,365,10,1,1.0,1,1,0,1,1,0,1,0,0,0,0,0,2021,0,0,0,0,0,0,0,2.5041000843048096,1.0,7.0,0.0,0.0,0.0,0,0,0,0,0,0
NER,36511,365,11,1,1.0,1,1,0,1,1,1,1,0,0,0,0,0,2021,0,0,0,0,0,0,0,1.4401999711990356,0.0,3.0,0.0,0.0,0.0,0,0,0,0,0,0
NER,36512,365,12,1,2.0,1,0,1,1,1,0,1,0,0,0,0,0,2021,0,0,0,0,0,0,0,,,,,,,0,0,0,0,0,0
NER,36517,365,17,1,4.0,1,0,0,1,1,1,1,0,0,0,0,0,2021,0,0,0,0,0,0,0,3.4131572246551514,2.0,12.0,0.0,0.0,0.0,0,0,0,0,0,0
NER,36601,366,1,2,2.0,1,0,0,0,0,0,0,0,0,0,0,0,2021,0,0,0,0,0,0,0,5.627600014209747,1.0,9.0,0.0,0.0,15.0,0,1,0,0,0,0
NER,36602,366,2,2,2.0,1,1,0,0,0,0,0,0,0,0,0,0,2021,0,0,0,0,0,0,0,4.25220000743866,1.0,5.0,0.0,0.0,10.0,0,1,1,0,0,0
NER,36603,366,3,2,2.0,1,0,0,0,0,0,0,0,0,0,0,0,2021,0,0,0,0,0,0,0,2.0604000091552734,1.0,3.0,0.0,0.0,0.0,0,1,0,0,0,0
NER,36604,366,4,2,4.0,1,0,0,0,0,0,0,0,0,0,0,0,2021,0,0,0,0,0,0,0,1.6806999444961548,0.0,0.0,0.0,0.0,3.0,0,0,1,0,0,0
NER,36605,366,5,2,2.0,1,0,0,0,0,0,0,0,0,0,0,0,2021,0,0,0,0,0,0,0,1.594099998474121,0.0,3.0,0.0,0.0,4.0,0,1,0,0,0,0
NER,36606,366,6,2,2.0,0,0,0,0,0,0,0,0,0,0,0,0,2021,0,0,0,0,0,0,0,1.5492000579833984,1.0,0.0,0.0,0.0,6.0,1,0,0,0,0,0
NER,36607,366,7,2,2.0,0,0,0,0,0,0,0,0,0,0,0,0,2021,0,0,0,0,0,0,0,11.430000305175781,7.0,4.0,0.0,0.0,8.0,1,1,0,1,0,0
NER,36608,366,8,2,2.0,1,0,0,0,0,0,0,0,0,0,0,0,2021,0,0,0,0,0,0,0,3.431999921798706,,,,,,0,0,0,0,0,0
NER,36609,366,9,2,2.0,1,0,0,0,0,0,0,0,0,0,0,0,2021,0,0,0,0,0,0,0,0.7099999785423279,,,,,,0,0,0,0,0,0
NER,36610,366,10,2,2.0,0,0,0,0,0,0,0,0,0,0,0,0,2021,0,0,0,0,0,0,0,,,,,,,0,0,0,0,0,0
NER,36611,366,11,2,2.0,1,0,0,0,0,0,0,0,0,0,0,0,2021,0,0,0,0,0,0,0,,,,,,,1,0,0,0,0,0
NER,36612,366,12,2,2.0,1,0,0,0,0,0,0,0,0,0,0,0,2021,0,0,0,0,0,0,0,2.71560001373291,,,,,,0,0,0,0,0,0
NER,36701,367,1,1,2.0,0,0,0,0,0,0,0,0,0,0,0,0,2021,0,0,0,0,0,0,0,0.7979000210762024,,,,,,0,1,1,0,0,0
NER,36702,367,2,1,2.0,0,0,0,1,1,0,0,0,0,0,0,0,2021,0,0,0,0,0,0,0,0.7724000215530396,,,,,,0,1,0,0,0,0
NER,36703,367,3,1,2.0,0,0,0,1,1,0,0,0,0,0,0,0,2021,0,0,0,0,0,0,0,7.455999851226807,3.0,16.0,0.0,0.0,0.0,0,1,0,0,0,0
NER,36704,367,4,1,2.0,0,0,0,1,1,0,0,0,0,0,0,0,2021,0,0,0,0,0,0,0,,1.0,0.0,0.0,0.0,0.0,0,1,1,0,0,0
NER,36705,367,5,1,2.0,0,0,0,0,0,0,0,0,0,0,0,0,2021,0,0,0,0,0,0,0,2.2377161979675293,1.0,0.0,0.0,0.0,0.0,0,1,0,0,0,0
NER,36706,367,6,1,2.0,0,0,0,1,1,0,0,0,0,0,0,1,2021,0,0,0,0,0,0,0,3.0048000812530518,,,,,,0,1,0,0,0,0
NER,36707,367,7,1,2.0,0,0,0,1,1,0,0,0,0,0,0,0,2021,0,0,0,0,0,0,0,1.7098000198602676,,,,,,0,1,1,0,0,0
NER,36708,367,8,1,2.0,0,0,0,0,0,0,0,0,0,0,0,0,2021,0,0,0,0,0,0,0,1.6446999907493591,,,,,,0,1,0,0,0,0
NER,36709,367,9,1,2.0,0,0,0,1,1,0,0,0,0,0,0,0,2021,0,0,0,0,0,0,0,5.652320623397827,2.0,10.0,0.0,0.0,0.0,1,1,1,0,0,0
NER,36710,367,10,1,2.0,0,0,0,0,0,0,0,0,0,0,0,0,2021,0,0,0,0,0,0,0,1.264689326286316,0.0,0.0,0.0,0.0,0.0,0,1,1,0,0,0
NER,36711,367,11,1,2.0,0,0,0,1,1,0,0,0,0,0,0,0,2021,0,0,0,0,0,0,0,2.6033204793930054,,,,,,0,1,0,0,0,0
NER,36712,367,12,1,2.0,0,0,0,1,1,0,0,0,0,0,0,0,2021,0,0,0,0,0,0,0,5.764100074768066,1.0,3.0,0.0,0.0,0.0,0,1,0,0,0,0
NER,36801,368,1,2,2.0,1,0,0,0,0,0,0,0,0,0,0,0,2021,0,0,0,0,0,0,0,0.766700029373169,1.0,1.0,0.0,0.0,0.0,1,0,1,0,0,0
NER,36802,368,2,2,2.0,1,0,0,0,0,0,0,0,0,0,0,0,2021,0,0,0,0,0,0,0,1.131700038909912,0.0,7.0,0.0,0.0,5.0,0,0,0,0,0,0
NER,36803,368,3,2,2.0,1,0,0,0,0,0,0,0,0,0,0,0,2021,0,0,0,0,0,0,0,2.1703999042510986,1.0,3.0,0.0,0.0,10.0,1,0,1,0,0,0
NER,36805,368,5,2,2.0,1,0,0,0,0,0,0,0,0,0,0,0,2021,0,0,0,0,0,0,0,0.42329999804496765,0.0,2.0,0.0,0.0,3.0,1,0,1,0,0,0
NER,36806,368,6,2,2.0,1,0,0,0,0,0,0,0,0,0,0,0,2021,0,0,0,0,0,0,0,3.254699945449829,0.0,2.0,0.0,0.0,0.0,0,1,0,0,0,0
NER,36807,368,7,2,2.0,1,0,0,0,0,0,0,0,0,0,0,0,2021,0,0,0,0,0,0,0,2.4063000082969666,2.0,4.0,0.0,0.0,0.0,0,1,0,0,0,0
NER,36808,368,8,2,2.0,1,0,0,0,0,0,0,0,0,0,0,0,2021,0,0,0,0,0,0,0,3.012800097465515,3.0,6.0,0.0,0.0,0.0,0,1,0,0,0,0
NER,36809,368,9,2,2.0,1,0,0,0,0,0,0,0,0,0,0,0,2021,0,0,0,0,0,0,0,6.723819136619568,0.0,3.0,0.0,0.0,0.0,0,1,0,0,0,0
NER,36810,368,10,2,2.0,1,0,0,0,0,0,0,0,0,0,0,0,2021,0,0,0,0,0,0,0,1.6620999574661255,2.0,3.0,0.0,0.0,0.0,0,1,0,0,0,0
NER,36811,368,11,2,2.0,1,0,0,0,0,0,0,0,0,0,0,0,2021,0,0,0,0,0,0,0,2.0799999237060547,,,,,,0,1,0,0,0,0
NER,36812,368,12,2,2.0,1,0,0,0,0,0,0,0,0,0,0,0,2021,0,0,0,0,0,0,0,3.166800022125244,2.0,5.0,0.0,0.0,0.0,0,1,0,0,0,0
NER,36816,368,16,2,2.0,1,0,0,0,0,0,0,0,0,0,0,0,2021,0,0,0,0,0,0,0,1.9961000084877014,,,,,,0,1,0,0,0,0
NER,36901,369,1,1,2.0,1,1,0,1,1,0,0,0,0,0,0,0,2021,0,0,0,0,0,0,0,5.430903196334839,,,,,,0,0,0,0,0,0
NER,36902,369,2,1,2.0,1,0,0,1,1,0,0,0,0,0,0,0,2021,0,0,0,0,0,0,0,3.4401140213012695,1.0,1.0,0.0,0.0,0.0,0,0,0,0,0,0
NER,36903,369,3,1,2.0,1,0,0,1,1,0,0,0,0,0,0,0,2021,0,0,0,0,0,0,0,4.628299981355667,1.0,0.0,0.0,0.0,0.0,1,0,0,0,0,1
NER,36904,369,4,1,2.0,0,1,0,0,0,0,0,0,0,0,0,0,2021,0,0,0,0,0,0,0,2.0626999139785767,,,,,,0,0,0,0,0,0
NER,36905,369,5,1,2.0,1,0,0,1,1,0,0,0,0,0,0,0,2021,0,0,0,0,0,0,0,8.017299890518188,0.0,7.0,0.0,0.0,2.0,0,0,0,0,0,0
NER,36906,369,6,1,2.0,1,0,0,1,1,0,0,0,0,0,0,0,2021,0,0,0,0,0,0,0,6.268999814987183,,,,,,0,0,0,0,0,0
NER,36907,369,7,1,2.0,1,1,0,1,1,0,0,0,0,0,0,0,2021,0,0,0,0,0,0,0,1.62909996509552,,,,,,0,0,0,0,0,0
NER,36908,369,8,1,1.0,1,0,0,1,1,0,0,0,0,0,0,0,2021,0,0,0,0,0,0,0,2.419600009918213,0.0,0.0,0.0,0.0,7.0,0,0,0,0,0,0
NER,36909,369,9,1,2.0,1,0,0,1,1,0,0,0,0,0,0,0,2021,0,0,0,0,0,0,0,2.414200007915497,1.0,0.0,0.0,0.0,5.0,0,0,0,0,0,1
NER,36910,369,10,1,2.0,1,1,0,1,1,0,0,0,0,0,0,0,2021,0,0,0,0,0,0,0,5.138999938964844,,,,,,0,0,0,0,0,0
NER,36911,369,11,1,2.0,1,0,0,1,1,0,0,0,0,0,0,0,2021,0,0,0,0,0,0,0,4.858099937438965,,,,,,0,1,0,0,0,0
NER,36912,369,12,1,2.0,1,0,0,1,1,0,0,0,0,0,0,0,2021,0,0,0,0,0,0,0,5.298417568206787,,,,,,0,0,0,0,0,1
NER,37001,370,1,2,2.0,1,1,0,1,1,0,0,1,1,0,0,0,2021,0,0,0,0,0,0,0,2.0164999961853027,,,,,,0,0,0,0,0,0
NER,37002,370,2,2,2.0,1,0,0,1,1,0,0,0,1,0,0,0,2021,0,0,0,0,0,0,0,0.7508000135421753,1.0,7.0,0.0,0.0,0.0,1,0,0,0,0,0
NER,37004,370,4,2,2.0,1,0,0,1,1,0,0,0,1,0,0,0,2021,0,0,0,0,0,0,0,0.32580000162124634,0.0,1.0,0.0,0.0,0.0,0,0,1,0,0,0
NER,37005,370,5,2,1.0,1,0,0,1,1,0,0,0,1,0,0,0,2021,0,0,0,1,0,0,0,9.373000144958496,2.0,4.0,0.0,0.0,0.0,0,0,1,0,0,0
NER,37006,370,6,2,1.0,1,0,0,1,1,0,0,0,0,0,0,0,2021,0,0,0,0,0,0,0,1.032099962234497,0.0,5.0,0.0,0.0,0.0,0,1,0,0,0,0
NER,37007,370,7,2,2.0,1,0,0,1,1,0,0,0,0,0,0,0,2021,0,0,0,0,0,0,0,3.962299942970276,0.0,4.0,0.0,0.0,0.0,0,1,0,0,0,0
NER,37008,370,8,2,2.0,1,0,0,1,1,0,0,0,0,0,0,0,2021,0,0,0,0,0,0,0,2.3580000400543213,2.0,3.0,0.0,0.0,0.0,0,1,0,0,0,0
NER,37009,370,9,2,2.0,1,0,0,0,0,0,0,0,0,0,0,0,2021,0,0,0,0,0,0,0,5.619100093841553,9.0,29.0,0.0,0.0,0.0,1,1,0,0,0,0
NER,37011,370,11,2,2.0,1,0,0,1,1,0,0,0,0,0,0,0,2021,0,0,0,0,0,0,0,2.3652000427246094,,,,,,0,0,0,0,0,0
NER,37012,370,12,2,2.0,1,1,1,1,1,0,0,0,0,0,0,0,2021,0,0,0,0,0,0,0,1.8361999988555908,,,,,,0,1,0,0,0,0
NER,37013,370,13,2,2.0,1,1,1,1,1,0,0,0,0,0,0,0,2021,0,0,0,0,0,0,0,2.5125999450683594,,,,,,0,0,0,0,0,0
NER,37016,370,16,2,2.0,1,0,1,1,1,0,0,0,0,0,0,0,2021,0,0,0,0,0,0,0,2.752900004386902,,,,,,0,1,0,0,0,0
NER,37101,371,1,1,2.0,0,0,0,1,1,0,0,0,0,0,0,0,2021,0,0,0,0,0,0,0,5.123000144958496,9.0,0.0,0.0,0.0,27.0,1,1,1,1,0,0
NER,37103,371,3,1,2.0,0,0,0,1,0,0,0,0,0,0,0,0,2021,0,0,0,0,0,0,0,2.901599884033203,7.0,31.0,0.0,0.0,7.0,0,1,0,0,0,0
NER,37104,371,4,1,2.0,0,0,0,1,1,0,0,0,0,0,0,0,2021,0,0,0,0,0,0,0,5.520400047302246,19.0,40.0,0.0,0.0,30.0,0,1,1,1,0,0
NER,37105,371,5,1,2.0,0,0,0,1,0,0,0,0,0,0,0,0,2021,0,0,0,0,0,0,0,1.0372905731201172,0.0,18.0,0.0,0.0,6.0,0,0,0,0,0,0
NER,37106,371,6,1,2.0,0,0,0,0,0,0,0,0,0,0,0,0,2021,0,0,0,0,0,0,0,0.564300000667572,3.0,20.0,0.0,0.0,15.0,0,1,0,0,0,0
NER,37107,371,7,1,2.0,0,0,0,1,0,0,0,0,0,0,0,0,2021,0,0,0,0,0,0,0,1.3172999620437622,,,,,,0,1,1,1,0,0
NER,37108,371,8,1,2.0,0,0,0,1,1,0,0,0,0,0,0,0,2021,0,0,0,0,0,0,0,10.3762027323246,5.0,7.0,0.0,0.0,47.0,0,0,0,0,0,0
NER,37109,371,9,1,2.0,0,0,0,1,0,0,0,0,0,0,0,0,2021,0,0,0,0,0,0,0,1.0291999578475952,0.0,5.0,0.0,0.0,14.0,0,1,0,0,0,0
NER,37110,371,10,1,2.0,0,0,0,1,0,0,0,0,0,0,0,0,2021,0,0,0,0,0,0,0,0.6581000089645386,2.0,7.0,0.0,0.0,27.0,0,1,1,0,0,0
NER,37112,371,12,1,2.0,0,0,0,1,1,0,0,0,0,0,0,0,2021,0,0,0,0,0,0,0,1.5822999477386475,3.0,12.0,0.0,0.0,0.0,0,1,0,0,0,0
NER,37117,371,17,1,2.0,0,0,0,1,1,0,0,0,0,0,0,0,2021,0,0,0,0,0,0,0,3.0160999298095703,4.0,0.0,0.0,0.0,5.0,0,1,0,0,0,0
NER,37118,371,18,1,2.0,0,0,0,1,0,0,0,0,0,0,0,0,2021,0,0,0,0,0,0,0,0.9699184894561768,0.0,3.0,0.0,0.0,0.0,0,0,0,0,0,0
NER,37201,372,1,2,2.0,1,0,0,1,1,0,0,0,0,0,0,0,2021,0,0,0,0,0,0,0,4.060100018978119,2.0,5.0,0.0,0.0,0.0,1,0,0,0,0,0
NER,37203,372,3,2,2.0,1,0,0,1,1,0,0,0,0,0,0,0,2021,0,0,0,0,0,0,0,0.6741999983787537,,,,,,0,0,0,0,0,0
NER,37204,372,4,2,2.0,1,0,0,1,1,0,0,0,0,0,0,0,2021,0,0,0,0,0,0,0,4.7631999254226685,1.0,4.0,0.0,0.0,0.0,0,0,0,0,0,0
NER,37205,372,5,2,2.0,1,0,0,1,1,0,0,0,0,0,0,0,2021,0,0,0,0,0,0,0,7.202845633029938,2.0,5.0,0.0,0.0,0.0,0,0,0,0,0,0
NER,37206,372,6,2,2.0,1,0,0,1,1,0,0,0,0,0,0,0,2021,0,0,0,0,0,0,0,0.45545999705791473,0.0,2.0,0.0,0.0,1.0,0,1,0,0,0,1
NER,37207,372,7,2,2.0,1,0,0,1,1,0,0,0,0,0,0,0,2021,0,0,0,0,0,0,0,0.5602399706840515,,,,,,0,0,0,0,0,1
NER,37208,372,8,2,2.0,1,0,0,1,1,0,0,0,0,0,0,0,2021,0,0,0,0,0,0,0,2.7572669982910156,,,,,,0,0,0,0,0,1
NER,37209,372,9,2,2.0,0,0,0,1,1,0,0,0,0,0,0,0,2021,0,0,0,0,0,0,0,1.372799962759018,0.0,2.0,0.0,0.0,0.0,0,1,1,0,0,0
NER,37210,372,10,2,2.0,0,1,0,1,1,0,0,0,0,0,0,0,2021,0,0,0,0,0,0,0,0.5733000040054321,0.0,4.0,0.0,0.0,0.0,0,0,1,0,0,0
NER,37211,372,11,2,2.0,0,0,0,0,0,0,0,0,0,0,0,0,2021,0,0,0,0,0,0,0,0.7671000063419342,2.0,4.0,0.0,0.0,5.0,0,1,1,0,0,0
NER,37212,372,12,2,2.0,0,0,0,1,1,0,0,0,0,0,0,0,2021,0,0,0,0,0,0,0,0.7873000353574753,0.0,2.0,0.0,0.0,0.0,0,0,1,0,0,0
NER,37218,372,18,2,2.0,1,0,0,1,1,0,0,0,0,0,0,0,2021,0,0,0,0,0,0,0,0.6812999844551086,,,,,,0,0,0,0,0,0
NER,37302,373,2,1,4.0,0,1,0,1,1,0,0,0,0,0,0,0,2021,0,0,0,0,0,0,0,,,,,,,0,0,0,0,0,0
NER,37303,373,3,1,2.0,0,0,0,0,0,0,0,0,1,0,0,0,2021,0,0,0,0,0,0,0,0.5583999752998352,,,,,,0,1,0,0,0,0
NER,37304,373,4,1,4.0,1,1,0,1,1,0,1,0,0,0,0,0,2021,0,0,0,0,0,0,0,,,,,,,0,0,1,0,0,0
NER,37305,373,5,1,1.0,0,0,0,1,1,0,0,0,0,0,0,0,2021,0,0,0,0,0,0,0,,0.0,1.0,0.0,0.0,0.0,0,0,1,0,0,0
NER,37306,373,6,1,2.0,1,1,1,1,1,0,1,0,1,0,1,0,2021,0,0,0,0,0,0,0,,,,,,,0,0,0,0,0,0
NER,37307,373,7,1,2.0,0,1,1,0,0,0,1,0,0,0,0,0,2021,0,0,0,0,0,0,0,3.4617600440979004,,,,,,0,0,1,0,0,0
NER,37308,373,8,1,1.0,1,1,1,1,1,1,1,0,0,0,0,0,2021,1,0,0,0,0,1,0,,,,,,,0,0,0,0,0,0
NER,37309,373,9,1,2.0,0,1,0,1,1,0,0,0,0,0,0,0,2021,0,0,0,0,0,0,0,1.0671000480651855,,,,,,0,0,0,0,0,0
NER,37310,373,10,1,4.0,0,1,0,1,1,0,1,0,0,0,0,0,2021,0,0,0,0,0,0,0,2.04838228225708,,,,,,0,0,0,0,0,0
NER,37311,373,11,1,3.0,1,1,1,1,1,1,1,0,0,0,0,0,2021,1,1,1,0,0,1,1,,,,,,,0,0,0,0,0,0
NER,37312,373,12,1,2.0,0,0,1,1,1,0,0,0,1,0,1,0,2021,0,0,0,0,0,0,0,,,,,,,0,0,0,1,0,0
NER,37314,373,14,1,3.0,1,1,1,1,1,0,1,0,0,0,1,0,2021,0,0,0,0,0,0,0,,,,,,,0,0,0,0,0,0
NER,37401,374,1,2,2.0,1,1,0,1,1,0,0,0,0,0,0,0,2021,0,0,0,0,0,0,0,3.2205400466918945,1.0,4.0,0.0,0.0,0.0,0,0,0,0,0,0
NER,37402,374,2,2,2.0,1,1,0,1,1,0,0,0,0,0,0,0,2021,0,0,0,0,0,0,0,2.116599962115288,1.0,3.0,0.0,0.0,0.0,0,0,0,0,0,0
NER,37403,374,3,2,2.0,1,1,0,1,1,0,0,0,0,0,0,0,2021,0,0,0,0,0,0,0,2.6828200817108154,2.0,4.0,0.0,0.0,0.0,0,0,0,0,0,0
NER,37404,374,4,2,2.0,0,0,0,0,0,0,0,0,0,0,0,0,2021,0,0,0,0,0,0,0,1.2562999725341797,2.0,4.0,0.0,0.0,0.0,0,0,0,0,0,0
NER,37405,374,5,2,2.0,1,0,0,1,1,0,0,0,0,0,0,0,2021,0,0,0,0,0,0,0,,1.0,4.0,0.0,0.0,0.0,0,0,0,0,0,1
NER,37406,374,6,2,2.0,1,0,0,1,1,0,0,0,0,0,0,0,2021,0,0,0,0,0,0,0,0.48840001225471497,0.0,1.0,0.0,0.0,0.0,0,0,0,0,0,1
NER,37407,374,7,2,2.0,0,0,0,1,1,0,0,0,0,0,0,0,2021,0,0,0,0,0,0,0,1.0547000169754028,5.0,11.0,0.0,0.0,8.0,0,1,0,0,0,0
NER,37408,374,8,2,2.0,0,0,0,0,0,0,0,0,0,0,0,0,2021,0,0,0,0,0,0,0,0.2777000069618225,0.0,5.0,0.0,0.0,2.0,0,0,0,0,0,1
NER,37409,374,9,2,2.0,0,0,0,1,1,0,0,0,0,0,0,0,2021,0,0,0,0,0,0,0,1.2042999863624573,1.0,7.0,0.0,0.0,10.0,0,1,1,0,0,0
NER,37410,374,10,2,2.0,0,0,0,1,1,0,0,0,0,0,0,0,2021,0,0,0,0,0,0,0,0.43050000071525574,1.0,2.0,0.0,0.0,0.0,0,1,1,0,0,0
NER,37411,374,11,2,2.0,0,0,0,1,1,0,0,0,0,0,0,0,2021,0,0,0,0,0,0,0,1.3243000507354736,0.0,1.0,0.0,0.0,0.0,1,0,1,0,0,0
NER,37412,374,12,2,2.0,0,0,0,1,1,0,0,0,0,0,0,0,2021,0,0,0,0,0,0,0,0.3725000023841858,1.0,4.0,0.0,0.0,0.0,0,0,1,0,0,0
NER,37501,375,1,1,2.0,0,0,0,0,0,0,0,0,0,0,0,0,2021,0,0,0,0,0,0,0,3.090399980545044,,,,,,0,1,1,0,0,0
NER,37502,375,2,1,2.0,0,0,0,1,1,0,0,0,0,0,0,0,2021,0,0,0,0,0,0,0,1.4988000392913818,1.0,3.0,0.0,0.0,0.0,0,1,0,0,0,0
NER,37504,375,4,1,2.0,0,0,0,1,1,0,0,0,0,0,0,0,2021,0,0,0,0,0,0,0,,,,,,,0,0,0,0,0,0
NER,37505,375,5,1,2.0,0,0,0,1,1,0,0,0,0,0,0,0,2021,0,0,0,0,0,0,0,2.305999994277954,0.0,3.0,0.0,0.0,0.0,0,1,1,0,0,0
NER,37506,375,6,1,2.0,0,0,0,1,1,0,0,0,0,0,0,0,2021,0,0,0,0,0,0,0,3.216300070285797,0.0,7.0,0.0,0.0,0.0,0,1,0,0,0,0
NER,37507,375,7,1,4.0,0,0,0,1,1,0,0,0,0,0,0,0,2021,0,0,0,0,0,0,0,,,,,,,0,0,1,0,0,0
NER,37508,375,8,1,2.0,0,0,0,1,1,0,0,0,0,0,0,0,2021,0,0,0,0,0,0,0,6.3600000739097595,,,,,,0,1,1,0,0,0
NER,37509,375,9,1,2.0,0,0,0,1,1,0,0,0,0,0,0,0,2021,0,0,0,0,0,0,0,1.6770000457763672,,,,,,0,1,0,0,0,0
NER,37510,375,10,1,2.0,0,0,0,1,1,0,0,0,0,0,0,0,2021,0,0,0,0,0,0,0,2.3450000286102295,1.0,8.0,0.0,0.0,0.0,0,1,0,0,0,0
NER,37511,375,11,1,2.0,0,0,0,1,1,0,0,0,0,0,0,0,2021,0,0,0,0,0,0,0,4.257500052452087,3.0,3.0,0.0,0.0,0.0,0,1,1,0,0,0
NER,37512,375,12,1,2.0,0,0,0,1,1,0,0,0,0,0,0,0,2021,0,0,0,0,0,0,0,2.708699941635132,,,,,,0,1,0,0,0,0
NER,37515,375,15,1,4.0,0,0,0,1,1,0,0,0,0,0,0,0,2021,0,0,0,0,0,0,0,0.745199978351593,,,,,,0,1,0,0,0,0
NER,37601,376,1,2,2.0,1,1,0,1,1,0,0,0,0,0,0,0,2021,0,0,0,0,0,0,0,1.8781200051307678,0.0,1.0,0.0,0.0,0.0,0,0,0,0,0,0
NER,37602,376,2,2,2.0,1,1,0,1,1,0,0,0,0,0,0,0,2021,0,0,0,0,0,0,0,5.320150017738342,,,,,,0,0,0,0,0,0
NER,37603,376,3,2,2.0,1,1,0,1,1,0,0,0,0,0,0,0,2021,0,0,0,0,0,0,0,0.48914000391960144,0.0,1.0,0.0,0.0,0.0,0,0,0,0,0,0
NER,37604,376,4,2,2.0,1,1,0,1,1,0,0,0,0,0,0,0,2021,0,0,0,0,0,0,0,1.3525161743164062,1.0,3.0,0.0,0.0,0.0,0,0,0,0,0,0
NER,37605,376,5,2,2.0,1,0,0,1,1,0,0,0,0,0,0,0,2021,0,0,0,0,0,0,0,,,,,,,0,0,0,0,0,1
NER,37606,376,6,2,2.0,1,0,0,1,1,0,0,0,0,0,0,0,2021,0,0,0,0,0,0,0,3.235336422920227,,,,,,0,0,0,0,0,1
NER,37607,376,7,2,2.0,1,0,0,1,1,0,0,0,0,0,0,0,2021,0,0,0,0,0,0,0,0.7018299996852875,0.0,3.0,0.0,0.0,3.0,0,0,0,0,0,1
NER,37608,376,8,2,2.0,1,0,0,1,1,0,0,0,0,0,0,0,2021,0,0,0,0,0,0,0,4.487773537635803,2.0,5.0,0.0,0.0,12.0,0,0,0,0,0,0
NER,37609,376,9,2,2.0,0,0,0,1,1,0,0,0,0,0,0,0,2021,0,0,0,0,0,0,0,6.226600170135498,1.0,7.0,0.0,0.0,0.0,0,0,1,0,0,0
NER,37610,376,10,2,2.0,0,0,0,1,1,0,0,0,0,0,0,0,2021,0,0,0,0,0,0,0,3.323199987411499,1.0,10.0,0.0,0.0,0.0,0,0,1,0,0,0
NER,37611,376,11,2,2.0,0,0,0,1,1,0,0,0,0,0,0,0,2021,0,0,0,0,0,0,0,3.001800000667572,0.0,2.0,0.0,0.0,0.0,0,1,1,0,0,0
NER,37612,376,12,2,2.0,0,0,0,1,1,0,0,0,0,0,0,0,2021,0,0,0,0,0,0,0,2.8707000017166138,3.0,17.0,0.0,0.0,12.0,0,0,1,0,0,0
NER,37701,377,1,1,2.0,0,0,0,1,1,0,0,0,0,0,0,0,2021,0,0,0,0,0,0,0,8.212399899959564,1.0,11.0,0.0,0.0,0.0,0,1,1,0,0,0
NER,37702,377,2,1,2.0,0,0,0,1,1,0,0,0,0,0,0,0,2021,0,0,0,0,0,0,0,6.368070006370544,2.0,0.0,0.0,0.0,0.0,0,0,1,0,0,0
NER,37703,377,3,1,2.0,0,0,0,1,1,0,0,0,0,0,0,0,2021,0,0,0,0,0,0,0,1.039199948310852,0.0,3.0,0.0,0.0,0.0,0,1,0,0,0,0
NER,37704,377,4,1,4.0,0,0,0,1,1,0,0,0,0,0,0,0,2021,0,0,0,0,0,0,0,0.6626999974250793,,,,,,1,1,1,0,0,0
NER,37705,377,5,1,2.0,0,0,0,1,1,0,0,0,0,0,0,0,2021,0,0,0,0,0,0,0,0.7904999852180481,0.0,2.0,0.0,0.0,0.0,1,0,0,0,0,0
NER,37706,377,6,1,4.0,0,0,0,1,1,0,0,0,0,0,0,0,2021,0,0,0,0,0,0,0,1.0234999656677246,,,,,,0,1,0,0,0,0
NER,37707,377,7,1,2.0,0,0,0,1,1,0,0,0,0,0,0,0,2021,0,0,0,0,0,0,0,1.0401999950408936,0.0,3.0,0.0,0.0,0.0,0,1,1,0,0,0
NER,37708,377,8,1,2.0,0,0,0,1,1,0,0,0,0,0,0,0,2021,0,0,0,0,0,0,0,0.9024999737739563,,,,,,0,1,0,0,0,0
NER,37709,377,9,1,2.0,0,1,0,1,1,0,0,0,0,0,0,0,2021,0,0,0,0,0,0,0,1.2963000535964966,1.0,9.0,0.0,0.0,0.0,0,1,1,0,0,0
NER,37710,377,10,1,2.0,0,0,0,1,1,0,0,0,0,0,0,0,2021,0,0,0,0,0,0,0,0.446399986743927,0.0,3.0,0.0,0.0,0.0,0,1,1,0,0,0
NER,37711,377,11,1,2.0,0,0,0,1,1,0,0,0,0,0,0,0,2021,0,0,0,0,0,0,0,3.5100702047348022,2.0,0.0,0.0,0.0,0.0,1,0,0,0,0,0
NER,37712,377,12,1,2.0,0,0,0,1,1,0,0,0,0,0,0,0,2021,0,0,0,0,0,0,0,2.7815001010894775,0.0,5.0,0.0,0.0,0.0,0,1,1,0,0,0
NER,37801,378,1,2,2.0,1,1,0,1,1,0,0,0,0,0,0,0,2021,0,0,0,0,0,0,0,7.702055931091309,11.0,21.0,0.0,0.0,0.0,0,1,0,0,0,0
NER,37803,378,3,2,1.0,1,0,0,1,1,0,0,0,0,0,0,0,2021,0,0,0,0,0,0,0,9.26449966430664,3.0,14.0,0.0,0.0,0.0,0,1,0,0,0,0
NER,37804,378,4,2,2.0,1,0,0,1,1,0,0,0,0,0,0,0,2021,0,0,0,0,0,0,0,9.081500053405762,11.0,17.0,0.0,0.0,0.0,0,1,0,0,0,0
NER,37805,378,5,2,2.0,0,0,0,0,0,0,0,0,0,0,0,0,2021,0,0,0,0,0,0,0,23.505000114440918,2.0,51.0,0.0,0.0,0.0,1,1,0,0,0,0
NER,37806,378,6,2,2.0,1,0,0,1,0,0,0,0,0,0,0,0,2021,0,0,0,0,0,0,0,9.6899995803833,,,,,,0,0,0,0,0,0
NER,37807,378,7,2,2.0,1,0,0,1,1,0,0,0,0,0,0,0,2021,0,0,0,0,0,0,0,5.449999809265137,1.0,1.0,0.0,0.0,0.0,0,0,0,0,0,0
NER,37808,378,8,2,2.0,1,0,0,1,1,0,0,0,0,0,0,0,2021,0,0,0,0,0,0,0,1.3596609830856323,,,,,,0,0,0,0,0,0
NER,37809,378,9,2,2.0,1,0,0,1,1,0,0,0,0,0,0,0,2021,0,0,0,0,0,0,0,6.120000123977661,,,,,,0,0,0,0,0,0
NER,37810,378,10,2,2.0,1,0,0,1,1,0,0,0,0,0,0,0,2021,0,0,0,0,0,0,0,9.992200136184692,0.0,1.0,0.0,0.0,10.0,0,0,0,0,0,0
NER,37811,378,11,2,2.0,1,0,0,1,1,0,0,0,0,0,0,0,2021,0,0,0,0,0,0,0,5.731500148773193,0.0,1.0,0.0,0.0,0.0,0,1,0,0,0,0
NER,37812,378,12,2,2.0,1,0,0,0,0,0,0,0,0,0,0,0,2021,0,0,0,0,0,0,0,10.218500137329102,3.0,24.0,0.0,0.0,15.0,0,0,0,0,0,0
NER,37814,378,14,2,2.0,1,0,0,1,1,0,0,0,0,0,0,0,2021,0,0,0,0,0,0,0,4.861800193786621,1.0,4.0,0.0,0.0,4.0,0,0,0,0,0,0
NER,37902,379,2,1,2.0,0,0,0,1,1,0,0,0,0,0,0,0,2021,0,0,0,0,0,0,0,1.9727999567985535,,,,,,0,1,0,0,0,0
NER,37903,379,3,1,2.0,0,0,0,1,1,0,0,0,0,0,0,0,2021,0,0,0,0,0,0,0,1.3640999794006348,2.0,12.0,0.0,0.0,0.0,0,1,0,0,0,0
NER,37904,379,4,1,2.0,0,0,0,1,1,0,0,0,0,0,0,0,2021,0,0,0,0,0,0,0,5.686600089073181,,,,,,0,1,1,0,0,0
NER,37905,379,5,1,2.0,0,0,0,1,0,0,0,0,0,0,0,0,2021,0,0,0,0,0,0,0,22.864099502563477,21.0,48.0,0.0,0.0,0.0,0,1,0,0,0,0
NER,37906,379,6,1,2.0,0,0,0,1,1,0,0,0,0,0,0,0,2021,0,0,0,0,0,0,0,0.7634999752044678,2.0,17.0,0.0,0.0,0.0,0,1,0,0,0,0
NER,37907,379,7,1,2.0,0,0,0,1,1,0,0,0,0,0,0,0,2021,0,0,0,0,0,0,0,7.313404023647308,1.0,5.0,0.0,0.0,13.0,0,1,1,0,0,0
NER,37908,379,8,1,2.0,0,0,0,1,1,0,0,0,0,0,0,0,2021,0,0,0,0,0,0,0,0.5389000177383423,,,,,,0,1,0,0,0,0
NER,37909,379,9,1,4.0,0,0,0,1,1,0,0,0,0,0,0,0,2021,0,0,0,0,0,0,0,1.3260999917984009,,,,,,0,1,0,0,0,0
NER,37910,379,10,1,2.0,0,0,0,1,1,0,0,0,0,0,0,0,2021,0,0,0,0,0,0,0,6.654799938201904,,,,,,1,1,1,0,0,0
NER,37911,379,11,1,2.0,0,0,0,1,1,0,0,0,0,0,0,0,2021,0,0,0,0,0,0,0,4.122399926185608,,,,,,0,1,0,0,0,0
NER,37912,379,12,1,2.0,0,0,0,1,1,0,0,0,0,0,0,0,2021,0,0,0,0,0,0,0,0.9420999884605408,,,,,,1,0,0,0,0,0
NER,37918,379,18,1,2.0,0,0,0,1,1,0,0,0,0,0,0,0,2021,0,0,0,0,0,0,0,0.9181999862194061,,,,,,1,1,1,0,0,0
NER,38002,380,2,2,4.0,1,1,1,1,1,0,0,1,0,0,0,0,2021,0,0,0,0,0,0,0,,,,,,,1,0,1,0,0,0
NER,38003,380,3,2,3.0,1,0,0,0,0,0,0,0,0,0,0,0,2021,0,0,0,0,0,0,0,,,,,,,0,0,1,1,0,0
NER,38005,380,5,2,2.0,1,0,0,1,1,0,0,0,0,0,0,0,2021,0,0,0,0,0,0,0,2.5165998935699463,2.0,3.0,0.0,0.0,0.0,1,1,0,0,0,0
NER,38006,380,6,2,1.0,1,0,0,1,1,0,0,0,0,0,0,0,2021,0,0,0,0,0,0,0,4.950678110122681,,,,,,0,0,0,0,0,0
NER,38007,380,7,2,2.0,1,0,0,1,1,0,0,0,0,0,0,0,2021,0,0,0,0,0,0,0,,0.0,3.0,0.0,0.0,0.0,0,0,0,0,0,0
NER,38008,380,8,2,1.0,1,1,1,1,1,1,1,0,0,0,0,0,2021,1,0,0,0,0,1,0,7.268186330795288,,,,,,0,0,0,0,0,0
NER,38009,380,9,2,4.0,1,0,0,1,1,0,0,0,0,0,0,0,2021,0,0,0,0,0,0,0,3.3025999069213867,0.0,2.0,0.0,0.0,0.0,0,0,0,0,0,0
NER,38011,380,11,2,2.0,1,0,0,0,0,1,1,0,0,0,0,0,2021,0,0,0,0,0,0,0,,,,,,,0,0,0,0,0,0
NER,38012,380,12,2,2.0,1,0,1,0,0,1,1,0,0,0,0,0,2021,1,0,0,0,0,1,0,,0.0,12.0,0.0,0.0,0.0,0,0,0,0,0,0
NER,38013,380,13,2,2.0,1,0,0,0,0,1,1,0,0,0,0,0,2021,0,0,0,0,0,0,0,,0.0,7.0,0.0,0.0,0.0,0,0,0,0,0,0
NER,38017,380,17,2,4.0,1,1,0,0,0,0,1,0,0,0,0,0,2021,1,0,0,0,0,1,0,,,,,,,1,0,0,0,0,0
NER,38018,380,18,2,3.0,1,0,0,0,0,0,0,0,0,0,0,0,2021,0,0,0,0,0,0,0,2.061400890350342,0.0,4.0,0.0,0.0,0.0,0,0,0,0,0,0
NER,38101,381,1,1,2.0,0,0,0,1,1,0,0,0,0,0,0,0,2021,0,0,0,0,0,0,0,6.798600196838379,,,,,,0,0,0,0,0,0
NER,38102,381,2,1,2.0,0,0,0,0,0,0,0,0,0,0,0,0,2021,0,0,0,0,0,0,0,1.3336999416351318,1.0,4.0,0.0,0.0,0.0,0,1,0,0,0,0
NER,38103,381,3,1,2.0,0,0,0,0,0,0,0,0,0,0,0,0,2021,0,0,0,0,0,0,0,0.8452000021934509,,,,,,0,1,0,0,0,0
NER,38104,381,4,1,2.0,0,1,0,0,0,0,0,0,0,0,0,0,2021,0,0,0,0,0,0,0,4.888199806213379,0.0,95.0,0.0,0.0,0.0,0,1,1,0,0,0
NER,38106,381,6,1,2.0,0,0,0,1,1,0,0,0,0,0,0,0,2021,0,0,0,0,0,0,0,2.1236000061035156,,,,,,0,1,0,0,0,0
NER,38107,381,7,1,2.0,0,0,0,0,0,0,0,0,0,0,0,0,2021,0,0,0,0,0,0,0,1.531999945640564,,,,,,0,1,0,0,0,0
NER,38108,381,8,1,2.0,0,0,0,0,0,0,0,0,0,0,0,0,2021,0,0,0,0,0,0,0,1.0414999723434448,17.0,55.0,0.0,0.0,6.0,0,1,0,1,0,0
NER,38109,381,9,1,2.0,0,0,0,1,1,0,0,0,0,0,0,0,2021,0,0,0,0,0,0,0,1.6181000471115112,0.0,3.0,0.0,0.0,0.0,0,1,0,0,0,0
NER,38110,381,10,1,2.0,0,0,0,1,1,0,0,0,0,0,0,0,2021,0,0,0,0,0,0,0,6.657400131225586,0.0,11.0,0.0,0.0,0.0,0,1,0,0,0,0
NER,38111,381,11,1,2.0,0,0,0,0,0,0,0,0,0,0,0,0,2021,0,0,0,0,0,0,0,2.2562999725341797,3.0,3.0,0.0,0.0,0.0,0,1,1,0,0,0
NER,38112,381,12,1,2.0,0,0,0,0,0,0,0,0,0,0,0,0,2021,0,0,0,0,0,0,0,1.996500015258789,1.0,5.0,0.0,0.0,0.0,0,1,0,0,0,0
NER,38115,381,15,1,2.0,0,0,0,1,1,0,0,0,0,0,0,0,2021,0,0,0,0,0,0,0,1.0784000158309937,,,,,,0,1,0,0,0,0
NER,38201,382,1,2,2.0,1,0,0,1,0,0,0,0,0,0,0,0,2021,0,0,0,0,0,0,0,0.8256999850273132,0.0,4.0,0.0,0.0,0.0,0,1,0,0,0,0
NER,38203,382,3,2,2.0,1,0,0,1,0,0,0,0,0,0,0,0,2021,0,0,0,0,0,0,0,,,,,,,1,0,0,0,0,0
NER,38204,382,4,2,2.0,1,0,0,1,0,0,0,0,0,0,0,0,2021,0,0,0,0,0,0,0,1.486799955368042,2.0,3.0,0.0,0.0,0.0,1,1,0,0,0,0
NER,38205,382,5,2,2.0,1,1,0,1,0,0,0,0,0,0,0,0,2021,0,0,0,0,0,0,0,,,,,,,1,0,1,0,0,0
NER,38206,382,6,2,2.0,1,0,0,1,1,1,0,0,0,0,0,0,2021,0,0,0,0,0,0,0,2.1670596599578857,1.0,2.0,0.0,0.0,4.0,0,0,0,0,0,0
NER,38207,382,7,2,2.0,1,0,0,1,1,0,0,0,0,0,0,0,2021,0,0,0,0,0,0,0,2.8711647987365723,2.0,0.0,0.0,0.0,2.0,0,0,0,0,0,0
NER,38208,382,8,2,2.0,1,0,0,1,0,0,0,0,0,0,0,0,2021,0,0,0,0,0,0,0,3.009999990463257,,,,,,0,0,0,0,0,0
NER,38209,382,9,2,2.0,0,0,0,0,0,0,0,0,0,0,0,0,2021,0,0,0,0,0,0,0,3.380000114440918,,,,,,0,0,0,0,0,0
NER,38210,382,10,2,2.0,0,0,0,1,0,0,0,0,0,0,0,0,2021,0,0,0,0,0,0,0,6.328499794006348,,,,,,0,0,0,0,0,0
NER,38211,382,11,2,2.0,0,0,0,1,0,0,0,0,0,0,0,0,2021,0,0,0,0,0,0,0,6.853000164031982,,,,,,0,0,0,0,0,0
NER,38212,382,12,2,2.0,0,0,0,1,0,0,0,0,0,0,0,0,2021,0,0,0,0,0,0,0,9.672200202941895,2.0,7.0,0.0,0.0,4.0,0,0,0,0,0,0
NER,38213,382,13,2,2.0,0,0,0,1,0,0,0,0,0,0,0,0,2021,0,0,0,0,0,0,0,5.385709285736084,,,,,,0,0,0,0,0,0
NER,38301,383,1,1,2.0,0,0,0,1,1,0,0,0,0,0,0,0,2021,0,0,0,0,0,0,0,4.488099932670593,1.0,4.0,0.0,0.0,8.0,0,1,1,0,0,0
NER,38302,383,2,1,2.0,0,0,0,1,1,0,0,0,0,0,0,0,2021,0,0,0,0,0,0,0,1.9429999589920044,0.0,1.0,0.0,0.0,0.0,0,1,0,0,0,0
NER,38303,383,3,1,2.0,0,0,0,1,1,0,0,0,0,0,0,0,2021,0,0,0,0,0,0,0,9.228400230407715,3.0,22.0,0.0,0.0,0.0,0,1,0,0,0,0
NER,38304,383,4,1,2.0,0,0,0,1,1,0,0,0,0,0,0,0,2021,0,0,0,0,0,0,0,2.6561312675476074,6.0,5.0,0.0,0.0,14.0,0,0,0,0,0,0
NER,38305,383,5,1,2.0,0,0,0,1,1,0,0,0,0,0,0,0,2021,0,0,0,0,0,0,0,1.354099988937378,,,,,,0,1,0,0,0,0
NER,38306,383,6,1,2.0,0,0,0,1,1,0,0,0,0,0,0,0,2021,0,0,0,0,0,0,0,2.657900094985962,0.0,9.0,0.0,0.0,0.0,0,1,1,0,0,0
NER,38307,383,7,1,2.0,0,0,0,1,1,0,0,0,0,0,0,0,2021,0,0,0,0,0,0,0,2.719797372817993,,,,,,0,1,1,0,0,0
NER,38308,383,8,1,2.0,0,0,0,1,1,0,0,0,0,0,0,0,2021,0,0,0,0,0,0,0,1.7106000185012817,1.0,2.0,0.0,0.0,0.0,0,1,0,0,0,0
NER,38309,383,9,1,2.0,0,0,0,0,0,0,0,0,0,0,0,0,2021,0,0,0,0,0,0,0,1.5819000005722046,,,,,,0,1,0,0,0,0
NER,38310,383,10,1,2.0,0,0,0,1,1,0,0,0,0,0,0,0,2021,0,0,0,0,0,0,0,4.181941986083984,1.0,7.0,0.0,0.0,14.0,0,1,0,0,0,0
NER,38311,383,11,1,2.0,0,0,0,1,1,0,0,0,0,0,0,0,2021,0,0,0,0,0,0,0,1.2130000591278076,1.0,1.0,0.0,0.0,0.0,0,1,0,0,0,0
NER,38312,383,12,1,2.0,0,0,0,1,1,0,0,0,0,0,0,0,2021,0,0,0,0,0,0,0,2.0320000648498535,0.0,3.0,0.0,0.0,0.0,0,1,0,0,0,0
NER,38401,384,1,2,2.0,0,0,0,0,0,0,0,0,0,0,0,0,2021,0,0,0,0,0,0,0,,17.0,5.0,0.0,0.0,0.0,0,1,0,0,0,0
NER,38402,384,2,2,2.0,0,0,0,0,0,0,0,0,0,0,0,0,2021,0,0,0,0,0,0,0,,26.0,40.0,0.0,0.0,0.0,1,1,0,0,0,0
NER,38403,384,3,2,2.0,1,0,0,0,0,0,0,0,0,0,0,0,2021,0,0,0,0,0,0,0,,,,,,,0,0,0,1,0,0
NER,38404,384,4,2,2.0,1,0,0,0,0,0,0,0,0,0,0,0,2021,0,0,0,0,0,0,0,2.2309000492095947,,,,,,0,1,0,0,0,0
NER,38405,384,5,2,2.0,0,0,0,0,0,0,0,0,0,0,0,0,2021,0,0,0,0,0,0,0,1.4078227281570435,14.0,35.0,0.0,0.0,0.0,0,0,0,0,0,0
NER,38406,384,6,2,2.0,1,0,0,0,0,0,0,0,0,0,0,0,2021,0,0,0,0,0,0,0,,,,,,,0,0,0,0,0,0
NER,38408,384,8,2,2.0,0,0,0,0,0,0,0,0,0,0,0,0,2021,0,0,0,0,0,0,0,,,,,,,0,1,0,0,0,0
NER,38409,384,9,2,2.0,1,0,0,0,0,0,0,0,0,0,0,0,2021,0,0,0,0,0,0,0,,4.0,5.0,0.0,0.0,0.0,0,1,0,0,0,0
NER,38410,384,10,2,2.0,1,0,0,0,0,0,0,0,0,0,0,0,2021,0,0,0,0,0,0,0,5.313524603843689,0.0,0.0,0.0,0.0,9.0,0,1,0,0,0,0
NER,38411,384,11,2,2.0,1,0,0,0,0,0,0,0,0,0,0,0,2021,0,0,0,0,0,0,0,9.128923654556274,,,,,,0,0,0,0,0,0
NER,38414,384,14,2,2.0,1,0,0,0,0,0,0,0,0,0,0,0,2021,0,0,0,0,0,0,0,5.05962210893631,2.0,22.0,0.0,0.0,10.0,0,0,0,0,0,0
NER,38416,384,16,2,2.0,1,0,0,0,0,0,0,0,0,0,0,0,2021,0,0,0,0,0,0,0,,10.0,17.0,0.0,0.0,10.0,0,1,0,0,0,0
NER,38501,385,1,1,2.0,0,0,0,1,1,0,0,0,0,0,0,0,2021,0,0,0,0,0,0,0,10.14799976348877,4.0,35.0,0.0,0.0,10.0,0,1,1,0,0,0
NER,38502,385,2,1,2.0,0,0,0,0,0,0,0,0,0,0,0,0,2021,0,0,0,0,0,0,0,1.6425693035125732,1.0,6.0,0.0,0.0,0.0,0,1,0,0,0,0
NER,38503,385,3,1,2.0,0,0,0,0,0,0,0,0,0,0,0,0,2021,0,0,0,0,0,0,0,13.456999778747559,,,,,,0,1,0,0,0,0
NER,38504,385,4,1,2.0,0,0,0,0,0,0,0,0,0,0,0,0,2021,0,0,0,0,0,0,0,5.277599811553955,,,,,,0,1,1,0,0,0
NER,38505,385,5,1,2.0,0,0,0,1,1,0,0,0,0,0,0,0,2021,0,0,0,0,0,0,0,1.5688999891281128,,,,,,0,1,0,0,0,0
NER,38506,385,6,1,2.0,0,0,0,0,0,0,0,0,0,0,0,0,2021,0,0,0,0,0,0,0,3.6126999855041504,,,,,,0,1,0,1,0,0
NER,38507,385,7,1,2.0,0,0,0,0,0,0,0,0,0,0,0,0,2021,0,0,0,0,0,0,0,14.223999977111816,3.0,12.0,0.0,0.0,5.0,0,1,1,0,0,0
NER,38508,385,8,1,1.0,0,0,0,0,0,0,0,0,0,0,0,0,2021,0,0,0,0,0,0,0,12.34969973564148,1.0,0.0,0.0,0.0,6.0,0,1,0,0,0,0
NER,38509,385,9,1,2.0,0,0,0,0,1,0,0,0,0,0,0,0,2021,0,0,0,0,0,0,0,,,,,,,0,0,0,1,0,0
NER,38510,385,10,1,2.0,0,0,0,1,1,0,0,0,0,0,0,0,2021,0,0,0,0,0,0,0,4.394599914550781,1.0,10.0,0.0,0.0,0.0,0,1,1,0,0,0
NER,38511,385,11,1,2.0,0,0,0,1,1,0,0,0,0,0,0,0,2021,0,0,0,0,0,0,0,15.639000296592712,2.0,9.0,0.0,0.0,0.0,0,1,0,0,0,0
NER,38512,385,12,1,2.0,0,0,0,0,0,0,0,0,0,0,0,0,2021,0,0,0,0,0,0,0,3.4707000255584717,6.0,40.0,0.0,0.0,0.0,0,1,1,0,0,0
NER,38602,386,2,2,2.0,1,0,0,0,0,0,0,0,0,0,0,0,2021,0,0,0,0,0,0,0,2.7799999713897705,2.0,3.0,0.0,0.0,2.0,0,0,0,0,0,0
NER,38603,386,3,2,2.0,0,0,0,0,0,0,0,0,0,0,0,0,2021,0,0,0,0,0,0,0,3.9200000762939453,1.0,1.0,0.0,0.0,0.0,0,0,0,0,0,0
NER,38604,386,4,2,2.0,0,0,0,0,0,0,0,0,0,0,0,0,2021,0,0,0,0,0,0,0,,,,,,,1,0,0,0,0,0
NER,38605,386,5,2,2.0,0,0,0,1,1,0,0,0,0,0,0,0,2021,0,0,0,0,0,0,0,6.170213937759399,0.0,5.0,0.0,0.0,0.0,0,0,0,1,0,0
NER,38606,386,6,2,2.0,1,0,0,1,1,0,0,0,0,0,0,0,2021,0,0,0,0,0,0,0,3.078632101416588,4.0,5.0,0.0,0.0,0.0,0,0,0,1,0,0
NER,38607,386,7,2,2.0,1,0,0,0,0,0,0,0,0,0,0,0,2021,0,0,0,0,0,0,0,,,,,,,0,0,0,1,0,0
NER,38608,386,8,2,2.0,0,0,0,1,1,0,0,0,0,0,0,0,2021,0,0,0,0,0,0,0,1.850000023841858,,,,,,0,0,0,1,0,0
NER,38609,386,9,2,2.0,1,1,0,0,0,0,0,0,0,0,0,0,2021,0,0,0,0,0,0,0,3.5753402709960938,2.0,3.0,0.0,0.0,0.0,0,1,0,0,0,0
NER,38610,386,10,2,2.0,0,0,0,0,0,0,0,0,0,1,0,0,2021,0,0,0,0,0,0,0,5.610000133514404,3.0,4.0,0.0,0.0,0.0,0,1,0,0,0,0
NER,38611,386,11,2,2.0,1,1,0,0,0,0,0,0,0,0,0,0,2021,0,0,0,0,0,0,0,6.556013584136963,2.0,15.0,0.0,0.0,0.0,0,1,0,0,0,0
NER,38612,386,12,2,2.0,1,0,0,1,1,0,0,0,0,0,0,0,2021,0,0,0,0,0,0,0,0.8600000143051147,2.0,5.0,0.0,0.0,0.0,0,1,0,0,0,0
NER,38617,386,17,2,2.0,1,0,0,0,0,0,0,0,0,0,0,0,2021,0,0,0,0,0,0,0,1.0399999618530273,0.0,1.0,0.0,0.0,0.0,1,0,0,1,0,0
NER,38701,387,1,1,2.0,0,0,0,0,0,0,0,0,0,0,0,0,2021,0,0,0,0,0,0,0,0.24639999866485596,,,,,,0,1,1,0,0,0
NER,38702,387,2,1,2.0,0,0,0,0,0,0,0,0,0,0,0,0,2021,0,0,0,0,0,0,0,,0.0,7.0,0.0,0.0,0.0,0,0,1,0,0,0
NER,38703,387,3,1,2.0,0,0,0,0,0,0,0,0,0,0,0,0,2021,0,0,0,0,0,0,0,2.7549917697906494,1.0,8.0,0.0,0.0,0.0,0,1,0,0,0,0
NER,38704,387,4,1,2.0,0,0,0,0,0,0,0,0,0,0,0,0,2021,0,0,0,0,0,0,0,0.689300000667572,0.0,4.0,0.0,0.0,0.0,1,1,1,0,0,0
NER,38705,387,5,1,2.0,0,0,0,0,0,0,0,0,0,0,0,0,2021,0,0,0,0,0,0,0,3.9451767206192017,3.0,8.0,0.0,0.0,0.0,0,1,0,0,0,0
NER,38706,387,6,1,2.0,0,0,0,0,0,0,0,0,0,0,0,0,2021,0,0,0,0,0,0,0,0.732200026512146,,,,,,0,1,0,0,0,0
NER,38707,387,7,1,2.0,0,1,0,0,0,0,0,0,0,0,0,0,2021,0,0,0,0,0,0,0,2.801199972629547,0.0,4.0,0.0,0.0,0.0,0,1,1,0,0,0
NER,38708,387,8,1,2.0,0,1,0,0,0,0,0,0,0,0,0,0,2021,0,0,0,0,0,0,0,2.2218917906284332,0.0,3.0,0.0,0.0,25.0,1,1,0,0,0,0
NER,38709,387,9,1,4.0,0,0,0,0,0,0,0,0,0,0,0,0,2021,0,0,0,0,0,0,0,,,,,,,0,1,0,0,0,0
NER,38710,387,10,1,2.0,0,1,0,0,1,0,0,0,0,0,0,0,2021,0,0,0,0,0,0,0,5.051699995994568,3.0,7.0,0.0,0.0,0.0,0,1,1,0,0,0
NER,38711,387,11,1,2.0,0,0,0,0,0,0,0,0,0,0,0,0,2021,0,0,0,0,0,0,0,2.346419095993042,2.0,8.0,0.0,0.0,0.0,1,0,0,0,0,0
NER,38712,387,12,1,2.0,0,0,0,0,0,0,0,0,0,0,0,0,2021,0,0,0,0,0,0,0,0.8740000128746033,0.0,6.0,0.0,0.0,0.0,0,1,0,0,0,0
NER,38801,388,1,2,2.0,0,0,0,0,0,0,0,0,0,0,0,0,2021,0,0,0,0,0,0,0,10.894498109817505,4.0,11.0,0.0,0.0,13.0,0,0,0,0,0,0
NER,38802,388,2,2,2.0,0,0,0,0,0,0,0,0,0,0,0,0,2021,0,0,0,0,0,0,0,6.199999809265137,0.0,2.0,0.0,0.0,0.0,0,0,0,0,0,0
NER,38803,388,3,2,2.0,0,0,0,0,0,0,0,0,0,0,0,0,2021,0,0,0,0,0,0,0,,0.0,2.0,0.0,0.0,0.0,0,0,0,0,0,0
NER,38804,388,4,2,2.0,0,0,0,0,0,0,0,0,0,0,0,0,2021,0,0,0,0,0,0,0,0.23999999463558197,0.0,1.0,0.0,0.0,2.0,0,0,0,0,0,0
NER,38805,388,5,2,2.0,0,0,0,1,0,0,0,0,0,0,0,0,2021,0,0,0,0,0,0,0,8.199999809265137,0.0,3.0,0.0,0.0,0.0,0,0,0,1,0,0
NER,38806,388,6,2,2.0,0,0,0,1,1,0,0,0,0,0,0,0,2021,0,0,0,0,0,0,0,0.0,,,,,,1,0,0,1,0,0
NER,38807,388,7,2,2.0,0,0,0,1,1,0,0,0,0,0,0,0,2021,0,0,0,0,0,0,0,2.759999990463257,3.0,0.0,0.0,0.0,0.0,0,0,0,1,0,0
NER,38808,388,8,2,2.0,0,0,0,1,0,0,0,0,0,0,0,0,2021,0,0,0,0,0,0,0,0.859900027513504,2.0,2.0,0.0,0.0,0.0,1,0,0,1,0,0
NER,38809,388,9,2,2.0,0,0,0,0,0,0,0,0,0,0,0,0,2021,0,0,0,0,0,0,0,2.759999990463257,0.0,4.0,0.0,0.0,0.0,0,0,0,1,0,0
NER,38810,388,10,2,2.0,0,0,0,0,0,0,0,0,0,0,0,0,2021,0,0,0,0,0,0,0,24.579779624938965,0.0,3.0,0.0,0.0,0.0,0,1,0,0,0,0
NER,38811,388,11,2,2.0,0,0,0,0,0,0,0,0,0,0,0,0,2021,0,0,0,0,0,0,0,8.800000190734863,1.0,5.0,0.0,0.0,0.0,0,1,0,0,0,0
NER,38812,388,12,2,2.0,0,0,0,0,0,0,0,0,0,0,0,0,2021,0,0,0,0,0,0,0,0.0,0.0,3.0,0.0,0.0,0.0,0,0,0,0,0,0
NER,38901,389,1,1,2.0,0,0,0,0,0,0,0,0,0,0,0,0,2021,0,0,0,0,0,0,0,,,,,,,0,0,1,1,0,0
NER,38902,389,2,1,2.0,0,0,0,0,0,0,0,0,0,0,0,0,2021,0,0,0,0,0,0,0,,0.0,3.0,0.0,0.0,0.0,0,0,1,0,0,0
NER,38903,389,3,1,2.0,0,0,0,0,0,0,0,0,0,0,0,0,2021,0,0,0,0,0,0,0,2.7455999851226807,1.0,9.0,0.0,0.0,0.0,0,1,1,0,0,0
NER,38904,389,4,1,2.0,0,0,0,0,1,0,0,0,0,0,0,0,2021,0,0,0,0,0,0,0,0.7451000213623047,0.0,2.0,0.0,0.0,1.0,0,1,1,0,0,0
NER,38905,389,5,1,2.0,0,1,0,0,0,0,0,0,0,0,0,0,2021,0,0,0,0,0,0,0,1.3336000442504883,2.0,3.0,0.0,0.0,0.0,0,1,1,0,0,0
NER,38906,389,6,1,2.0,0,0,0,1,1,0,0,0,0,0,0,0,2021,0,0,0,0,0,0,0,2.8933000564575195,,,,,,0,1,1,0,0,0
NER,38907,389,7,1,2.0,0,0,0,0,0,0,0,0,0,0,0,0,2021,0,0,0,0,0,0,0,3.6049000024795532,2.0,8.0,0.0,0.0,12.0,0,1,1,1,0,0
NER,38908,389,8,1,2.0,0,0,0,0,0,0,0,0,0,0,0,0,2021,0,0,0,0,0,0,0,,,,,,,1,0,0,0,0,0
NER,38909,389,9,1,2.0,0,0,0,1,1,0,0,0,0,0,0,0,2021,0,0,0,0,0,0,0,1.8055999279022217,2.0,22.0,0.0,0.0,40.0,0,1,1,0,0,0
NER,38910,389,10,1,2.0,0,0,0,1,0,0,0,0,0,0,0,0,2021,0,0,0,0,0,0,0,2.711099922657013,0.0,2.0,0.0,0.0,7.0,0,1,1,1,0,0
NER,38911,389,11,1,2.0,0,1,0,0,0,0,0,0,0,0,0,0,2021,0,0,0,0,0,0,0,,,,,,,0,1,1,0,0,0
NER,38912,389,12,1,2.0,0,0,0,0,0,0,0,0,0,0,0,0,2021,0,0,0,0,0,0,0,0.4131999909877777,,,,,,0,0,0,1,0,0
NER,39001,390,1,2,2.0,1,1,1,0,0,0,0,0,0,0,0,0,2021,0,0,0,0,0,0,0,1.440000057220459,0.0,3.0,0.0,0.0,5.0,0,1,0,0,0,0
NER,39002,390,2,2,2.0,1,0,0,0,0,0,0,0,0,0,0,0,2021,0,0,0,0,0,0,0,0.8399999737739563,0.0,2.0,0.0,0.0,1.0,0,0,0,0,0,0
NER,39003,390,3,2,2.0,1,0,1,0,0,0,0,0,0,0,0,0,2021,0,0,0,0,0,0,0,1.3300000429153442,4.0,5.0,0.0,0.0,0.0,0,0,0,0,0,0
NER,39004,390,4,2,2.0,1,1,0,0,0,0,0,0,0,0,0,0,2021,0,0,0,0,0,0,0,1.2351000010967255,1.0,5.0,0.0,0.0,0.0,1,1,0,1,0,0
NER,39005,390,5,2,2.0,0,0,0,0,0,0,0,0,0,0,0,0,2021,0,0,0,0,0,0,0,0.7044000029563904,5.0,6.0,0.0,0.0,0.0,1,0,0,1,0,0
NER,39006,390,6,2,2.0,0,0,0,1,0,0,0,0,0,0,0,0,2021,0,0,0,0,0,0,0,1.5300000309944153,6.0,7.0,0.0,0.0,0.0,1,0,0,1,0,0
NER,39007,390,7,2,2.0,0,0,0,0,0,0,0,0,0,0,0,0,2021,0,0,0,0,0,0,0,1.064799964427948,1.0,3.0,0.0,0.0,0.0,1,0,0,0,0,0
NER,39008,390,8,2,2.0,1,1,0,0,0,0,0,0,0,0,0,0,2021,0,0,0,0,0,0,0,0.22869999706745148,0.0,6.0,0.0,0.0,0.0,0,0,0,1,0,0
NER,39009,390,9,2,2.0,1,1,0,0,0,0,0,0,0,0,0,0,2021,0,0,0,0,0,0,0,7.769999980926514,3.0,7.0,0.0,0.0,7.0,0,0,0,0,0,0
NER,39011,390,11,2,2.0,1,1,0,0,0,0,0,0,0,0,0,0,2021,0,0,0,0,0,0,0,9.300000190734863,5.0,5.0,0.0,0.0,16.0,1,1,0,0,0,0
NER,39012,390,12,2,2.0,1,1,0,0,0,0,0,0,0,0,0,0,2021,0,0,0,0,0,0,0,1.2000000476837158,,,,,,0,0,1,1,0,1
NER,39026,390,26,2,2.0,1,1,0,1,0,0,0,0,0,0,0,0,2021,0,0,0,0,0,0,0,,0.0,6.0,0.0,0.0,3.0,0,0,1,0,0,0
NER,39101,391,1,1,2.0,0,1,0,1,1,0,0,0,0,0,0,0,2021,0,0,0,0,0,0,0,,0.0,5.0,0.0,0.0,0.0,1,0,1,0,0,0
NER,39102,391,2,1,2.0,0,0,0,1,1,0,0,0,0,0,0,0,2021,0,0,0,0,0,0,0,4.0839385986328125,,,,,,0,1,0,0,0,0
NER,39103,391,3,1,2.0,0,0,0,1,1,0,0,0,0,0,0,0,2021,0,0,0,0,0,0,0,3.6598000526428223,1.0,5.0,0.0,0.0,8.0,0,0,0,0,0,0
NER,39104,391,4,1,2.0,0,1,0,1,1,0,0,0,0,0,0,0,2021,0,0,0,0,0,0,0,0.9442999958992004,0.0,7.0,0.0,0.0,7.0,0,1,1,0,0,0
NER,39105,391,5,1,1.0,0,1,0,1,1,0,0,0,0,0,0,0,2021,0,0,0,0,0,0,0,0.3752000033855438,0.0,3.0,0.0,0.0,0.0,1,0,0,0,0,0
NER,39106,391,6,1,2.0,0,0,0,1,1,0,0,0,0,0,0,0,2021,0,0,0,0,0,0,0,2.322000026702881,,,,,,0,1,0,0,0,0
NER,39107,391,7,1,2.0,0,0,0,1,1,0,0,0,0,0,0,0,2021,0,0,0,0,0,0,0,,0.0,3.0,0.0,0.0,8.0,0,1,1,0,0,0
NER,39108,391,8,1,2.0,0,0,0,1,1,0,0,0,0,0,0,0,2021,0,0,0,0,0,0,0,0.5270000100135803,,,,,,1,1,0,0,0,0
NER,39109,391,9,1,2.0,0,0,0,1,1,0,0,0,0,0,0,0,2021,0,0,0,0,0,0,0,6.6529998779296875,2.0,23.0,0.0,0.0,0.0,0,1,0,0,0,0
NER,39110,391,10,1,2.0,0,1,0,1,1,0,0,0,0,0,0,0,2021,0,0,0,0,0,0,0,0.5077999830245972,0.0,1.0,0.0,0.0,2.0,0,1,1,0,0,0
NER,39111,391,11,1,2.0,0,1,0,1,1,0,0,0,0,0,0,0,2021,0,0,0,0,0,0,0,2.6547000408172607,1.0,4.0,0.0,0.0,0.0,0,1,0,0,0,0
NER,39112,391,12,1,2.0,0,0,0,1,1,0,0,0,0,0,0,0,2021,0,0,0,0,0,0,0,,,,,,,0,0,0,0,0,0
NER,39201,392,1,2,2.0,1,1,0,0,0,0,0,0,0,0,0,0,2021,0,0,0,0,0,0,0,,0.0,6.0,0.0,0.0,0.0,0,1,0,1,0,0
NER,39202,392,2,2,2.0,1,0,0,0,0,0,0,0,0,0,0,0,2021,0,0,0,0,0,0,0,4.03000020980835,3.0,4.0,0.0,0.0,0.0,1,1,0,0,0,0
NER,39203,392,3,2,2.0,1,0,0,0,0,0,0,0,0,0,0,0,2021,0,0,0,0,0,0,0,2.958382308483124,1.0,3.0,0.0,0.0,3.0,0,1,0,1,0,0
NER,39204,392,4,2,2.0,1,1,1,0,0,0,0,0,0,0,0,0,2021,0,0,0,0,0,0,0,0.8400000035762787,4.0,6.0,0.0,0.0,0.0,0,0,0,0,0,0
NER,39205,392,5,2,2.0,1,0,0,0,0,0,0,0,0,0,0,0,2021,0,0,0,0,0,0,0,1.2778114080429077,1.0,2.0,0.0,0.0,0.0,1,1,0,1,0,0
NER,39206,392,6,2,2.0,1,1,0,0,0,0,0,0,0,0,0,0,2021,0,0,0,0,0,0,0,2.4886999130249023,1.0,4.0,0.0,0.0,0.0,0,0,0,0,0,0
NER,39207,392,7,2,2.0,1,1,0,0,0,0,0,0,0,0,0,0,2021,0,0,0,0,0,0,0,1.1441999673843384,0.0,5.0,0.0,0.0,0.0,1,0,0,1,0,0
NER,39208,392,8,2,2.0,1,1,0,0,0,0,0,0,0,0,0,0,2021,0,0,0,0,0,0,0,,0.0,4.0,0.0,0.0,0.0,1,0,0,0,0,0
NER,39209,392,9,2,2.0,0,1,0,0,0,0,0,0,0,0,0,0,2021,0,0,0,0,0,0,0,,0.0,4.0,0.0,0.0,0.0,1,0,0,0,0,0
NER,39210,392,10,2,2.0,0,1,0,0,0,0,0,0,0,0,0,0,2021,0,0,0,0,0,0,0,3.0842994153499603,1.0,5.0,0.0,0.0,0.0,0,0,0,1,0,0
NER,39211,392,11,2,2.0,0,1,0,0,0,0,0,0,0,0,0,0,2021,0,0,0,0,0,0,0,2.123006820678711,1.0,5.0,0.0,0.0,3.0,0,0,0,0,0,0
NER,39212,392,12,2,2.0,0,1,0,0,0,0,0,0,0,0,0,0,2021,0,0,0,0,0,0,0,4.400364637374878,1.0,7.0,0.0,0.0,4.0,0,0,0,0,0,0
NER,39301,393,1,1,2.0,0,0,0,1,1,0,0,0,0,0,0,0,2021,0,0,0,0,0,0,0,4.348499894142151,,,,,,1,1,1,0,0,0
NER,39302,393,2,1,2.0,0,1,1,1,1,0,0,0,0,0,0,0,2021,0,0,0,0,0,0,0,2.6191999912261963,0.0,4.0,0.0,0.0,0.0,0,0,0,0,0,0
NER,39303,393,3,1,2.0,0,0,0,1,1,0,0,0,0,0,0,0,2021,0,0,0,0,0,0,0,1.024399995803833,,,,,,0,1,0,0,0,0
NER,39304,393,4,1,2.0,0,0,0,1,1,0,0,0,0,0,0,0,2021,0,0,0,0,0,0,0,1.1973000168800354,0.0,3.0,0.0,0.0,0.0,0,1,1,1,0,0
NER,39305,393,5,1,2.0,0,0,0,1,1,0,0,0,0,0,0,0,2021,0,0,0,0,0,0,0,2.1485999822616577,1.0,2.0,0.0,0.0,0.0,0,0,0,0,0,1
NER,39306,393,6,1,2.0,0,0,0,1,1,0,0,0,1,0,0,0,2021,0,0,0,0,0,0,0,1.2789826393127441,,,,,,0,1,0,0,0,0
NER,39307,393,7,1,2.0,0,0,0,1,0,0,0,0,0,0,0,0,2021,0,0,0,0,0,0,0,2.447700023651123,1.0,3.0,0.0,0.0,0.0,0,1,1,0,0,0
NER,39308,393,8,1,2.0,0,0,0,1,1,0,0,0,0,0,0,0,2021,0,0,0,0,0,0,0,1.2146999835968018,2.0,10.0,0.0,0.0,0.0,0,1,0,0,0,0
NER,39309,393,9,1,2.0,0,0,0,1,1,0,0,0,0,0,0,0,2021,0,0,0,0,0,0,0,0.8568000197410583,,,,,,0,1,0,0,0,0
NER,39311,393,11,1,2.0,0,0,0,1,1,0,0,0,0,0,0,0,2021,0,0,0,0,0,0,0,1.7311999797821045,,,,,,0,1,0,0,0,0
NER,39312,393,12,1,2.0,0,0,0,0,0,0,0,0,0,0,0,0,2021,0,0,0,0,0,0,0,0.7523000240325928,1.0,0.0,0.0,0.0,0.0,0,1,0,0,0,0
NER,39322,393,22,1,2.0,0,0,0,1,1,0,0,0,0,0,0,0,2021,0,0,0,0,0,0,0,2.7266950607299805,,,,,,0,1,1,0,0,0
NER,39401,394,1,2,2.0,1,0,0,1,1,0,0,0,0,0,0,0,2021,0,0,0,0,0,0,0,0.6407999992370605,1.0,4.0,0.0,0.0,0.0,0,0,0,0,0,0
NER,39402,394,2,2,2.0,1,1,0,1,1,0,0,0,0,0,0,0,2021,0,0,0,0,0,0,0,1.6885000467300415,0.0,4.0,0.0,0.0,0.0,0,0,0,0,0,0
NER,39403,394,3,2,2.0,1,1,0,1,1,0,0,0,0,0,0,0,2021,0,0,0,0,0,0,0,2.7088000178337097,0.0,9.0,0.0,0.0,0.0,0,0,0,0,0,0
NER,39404,394,4,2,2.0,1,1,0,1,1,0,0,0,0,0,0,0,2021,0,0,0,0,0,0,0,3.308300018310547,0.0,3.0,0.0,0.0,0.0,0,0,0,0,0,0
NER,39405,394,5,2,2.0,1,0,0,1,1,0,0,0,1,0,0,0,2021,0,0,0,0,0,0,0,1.6078699827194214,1.0,5.0,0.0,0.0,6.0,0,0,0,0,0,1
NER,39406,394,6,2,2.0,1,0,0,1,1,0,0,0,0,0,0,0,2021,0,0,0,0,0,0,0,0.33858001232147217,0.0,3.0,0.0,0.0,0.0,1,0,0,0,0,0
NER,39407,394,7,2,2.0,1,0,0,1,1,0,0,0,1,0,0,0,2021,0,0,0,0,0,0,0,1.2124800086021423,0.0,4.0,0.0,0.0,0.0,0,0,0,0,0,0
NER,39408,394,8,2,2.0,1,0,0,1,1,0,0,0,0,0,0,0,2021,0,0,0,0,0,0,0,2.4016000032424927,0.0,4.0,0.0,0.0,1.0,0,0,0,0,0,0
NER,39409,394,9,2,2.0,0,0,0,1,1,0,0,0,0,0,0,0,2021,0,0,0,0,0,0,0,1.1262999773025513,1.0,1.0,0.0,0.0,0.0,0,1,0,0,0,0
NER,39410,394,10,2,2.0,0,0,0,1,1,0,0,0,0,0,0,0,2021,0,0,0,0,0,0,0,6.332200050354004,1.0,2.0,0.0,0.0,0.0,0,1,1,0,0,0
NER,39411,394,11,2,2.0,0,0,0,1,1,0,0,0,0,0,0,0,2021,0,0,0,0,0,0,0,0.7684000134468079,0.0,2.0,0.0,0.0,0.0,1,0,0,0,0,0
NER,39412,394,12,2,2.0,0,0,0,1,1,0,0,0,0,0,0,0,2021,0,0,0,0,0,0,0,3.5918599367141724,0.0,10.0,0.0,0.0,3.0,0,1,1,0,0,0
NER,39502,395,2,1,2.0,0,1,0,1,1,0,0,0,0,0,0,0,2021,0,0,0,0,0,0,0,1.0288751125335693,0.0,1.0,0.0,0.0,0.0,1,0,0,0,0,0
NER,39503,395,3,1,1.0,1,1,0,1,1,0,0,0,0,0,0,0,2021,0,0,0,0,0,0,0,0.5906000137329102,1.0,3.0,0.0,0.0,10.0,0,0,0,0,0,0
NER,39504,395,4,1,2.0,1,1,1,1,1,0,0,1,1,0,0,0,2021,1,0,0,0,0,0,0,0.6141999959945679,0.0,3.0,0.0,0.0,0.0,0,0,0,0,0,0
NER,39505,395,5,1,2.0,0,1,0,1,1,0,0,0,0,0,0,0,2021,0,0,0,0,0,0,0,,,,,,,0,0,0,0,0,0
NER,39508,395,8,1,2.0,1,1,0,1,1,0,0,0,0,0,0,0,2021,0,0,0,0,0,0,0,,,,,,,0,0,0,0,0,0
NER,39509,395,9,1,2.0,0,0,0,1,1,0,0,0,0,0,0,0,2021,0,0,0,0,0,0,0,,0.0,4.0,0.0,0.0,0.0,0,0,0,1,0,0
NER,39510,395,10,1,4.0,1,1,0,1,1,0,0,0,0,0,0,0,2021,0,0,0,0,0,0,0,,,,,,,0,0,0,0,0,0
NER,39511,395,11,1,2.0,1,1,1,1,1,0,0,0,0,1,0,0,2021,0,0,0,0,0,0,0,1.3596609830856323,1.0,3.0,0.0,0.0,0.0,0,0,0,0,0,0
NER,39512,395,12,1,1.0,1,1,1,1,1,0,0,0,0,1,1,0,2021,0,0,0,0,0,0,0,0.9907999783754349,0.0,4.0,0.0,0.0,0.0,0,0,0,0,0,0
NER,39513,395,13,1,4.0,1,0,0,1,1,0,0,0,0,0,0,0,2021,0,0,0,0,0,0,0,,0.0,5.0,0.0,0.0,0.0,0,0,0,0,0,0
NER,39517,395,17,1,1.0,0,1,1,1,1,0,0,0,0,1,0,0,2021,0,0,0,0,0,0,0,1.0864999890327454,0.0,5.0,0.0,0.0,0.0,0,0,0,0,0,0
NER,39519,395,19,1,4.0,1,0,0,1,1,0,0,0,0,0,0,0,2021,0,0,0,0,0,0,0,,,,,,,0,0,0,0,0,1
NER,39601,396,1,2,2.0,1,1,0,1,1,0,0,0,0,0,0,0,2021,0,0,0,0,0,0,1,6.982760071754456,2.0,15.0,0.0,0.0,0.0,0,0,0,0,0,0
NER,39602,396,2,2,2.0,1,1,0,1,1,0,0,0,0,0,0,0,2021,0,0,0,0,0,0,0,1.1253000497817993,1.0,5.0,0.0,0.0,0.0,0,0,0,0,0,0
NER,39603,396,3,2,2.0,1,1,0,0,0,0,0,0,0,0,0,0,2021,0,0,0,0,0,0,0,5.985000133514404,1.0,4.0,0.0,0.0,2.0,0,0,0,0,0,0
NER,39604,396,4,2,2.0,1,1,1,1,1,0,0,0,0,0,0,0,2021,0,0,0,0,0,0,0,0.9337000250816345,2.0,6.0,0.0,0.0,0.0,0,0,0,0,0,0
NER,39605,396,5,2,2.0,1,0,0,1,1,0,0,0,1,0,0,0,2021,0,0,0,0,0,0,0,1.397000014781952,1.0,5.0,0.0,0.0,0.0,0,1,0,0,0,1
NER,39606,396,6,2,2.0,1,0,0,1,1,0,0,0,0,0,0,0,2021,0,0,0,0,0,0,0,1.712499976158142,0.0,2.0,0.0,0.0,0.0,0,0,0,0,0,1
NER,39607,396,7,2,2.0,1,1,0,1,1,0,0,0,0,0,0,0,2021,0,0,0,0,0,0,0,1.0532100200653076,0.0,4.0,0.0,0.0,0.0,0,0,0,0,0,1
NER,39608,396,8,2,2.0,1,0,0,1,1,0,0,0,0,0,0,0,2021,0,0,0,0,0,0,0,1.448199987411499,0.0,0.0,0.0,0.0,1.0,0,0,0,0,0,1
NER,39609,396,9,2,2.0,0,0,0,1,1,0,0,0,0,0,0,0,2021,0,0,0,0,0,0,0,2.6316999047994614,15.0,35.0,0.0,0.0,0.0,0,1,1,1,0,0
NER,39610,396,10,2,2.0,0,0,0,1,1,0,0,0,0,0,0,0,2021,0,0,0,0,0,0,0,2.4337000846862793,0.0,2.0,0.0,0.0,0.0,0,1,1,0,0,0
NER,39611,396,11,2,2.0,0,0,0,1,1,0,0,0,0,0,0,0,2021,0,0,0,0,0,0,0,2.405899941921234,2.0,4.0,0.0,0.0,0.0,0,1,0,0,0,0
NER,39612,396,12,2,4.0,0,1,0,1,1,0,0,0,0,0,0,0,2021,0,0,0,0,0,0,0,,0.0,3.0,0.0,0.0,4.0,0,0,0,0,0,0
NER,39701,397,1,1,2.0,1,1,0,1,1,0,0,0,0,0,0,0,2021,0,0,0,0,0,0,0,1.3631000518798828,0.0,3.0,0.0,0.0,0.0,0,0,0,0,0,0
NER,39702,397,2,1,2.0,0,0,0,1,1,0,0,0,0,0,0,0,2021,0,0,0,0,0,0,0,0.7578999996185303,2.0,0.0,0.0,0.0,0.0,0,1,0,0,0,0
NER,39703,397,3,1,2.0,1,0,0,1,1,0,0,0,0,0,0,0,2021,0,0,0,0,0,0,0,1.052299976348877,0.0,3.0,0.0,0.0,0.0,0,0,0,0,0,0
NER,39704,397,4,1,2.0,1,1,0,1,1,0,0,0,0,0,0,0,2021,0,0,0,0,0,0,0,2.749400019645691,2.0,4.0,0.0,0.0,0.0,0,0,0,0,0,0
NER,39705,397,5,1,2.0,0,1,0,1,1,0,0,0,0,0,0,0,2021,0,0,0,0,0,0,0,2.5748000144958496,2.0,7.0,0.0,0.0,48.0,1,0,0,0,0,0
NER,39706,397,6,1,2.0,1,1,0,1,1,0,0,0,0,0,0,0,2021,0,0,0,0,0,0,0,0.2329999953508377,0.0,2.0,0.0,0.0,0.0,0,0,0,0,0,1
NER,39707,397,7,1,2.0,1,1,0,1,1,0,0,0,0,0,0,0,2021,0,0,0,0,0,0,0,0.9556000232696533,0.0,10.0,0.0,0.0,0.0,0,0,0,0,0,0
NER,39708,397,8,1,2.0,0,0,0,1,1,0,0,0,0,0,0,0,2021,0,0,0,0,0,0,0,1.0094000101089478,0.0,8.0,0.0,0.0,0.0,0,1,0,1,0,0
NER,39709,397,9,1,2.0,1,0,0,1,1,0,0,0,0,0,0,0,2021,0,0,0,0,0,0,0,0.8087000250816345,2.0,5.0,0.0,0.0,0.0,0,0,0,0,0,1
NER,39710,397,10,1,2.0,1,1,0,1,1,0,0,0,0,0,0,0,2021,0,0,0,0,0,0,0,1.0441999435424805,,,,,,0,0,0,0,0,0
NER,39711,397,11,1,2.0,0,0,0,1,1,0,0,0,0,0,0,0,2021,0,0,0,0,0,0,0,1.4556000530719757,2.0,4.0,0.0,0.0,0.0,0,1,0,0,0,0
NER,39712,397,12,1,2.0,1,0,0,1,1,0,0,0,0,0,0,0,2021,0,0,0,0,0,0,0,0.2159000039100647,1.0,1.0,0.0,0.0,0.0,0,0,0,0,0,1
NER,39802,398,2,2,2.0,1,1,0,0,0,0,0,0,0,0,0,0,2021,0,0,0,0,0,0,0,2.081899881362915,3.0,6.0,0.0,0.0,0.0,0,0,0,0,0,0
NER,39803,398,3,2,2.0,1,1,0,0,0,0,0,0,0,0,0,0,2021,0,0,0,0,0,0,0,1.7263000011444092,1.0,7.0,0.0,0.0,0.0,0,0,0,0,0,0
NER,39805,398,5,2,2.0,1,1,0,0,0,0,0,0,0,0,0,0,2021,0,0,0,0,0,0,0,0.9851999878883362,0.0,7.0,0.0,0.0,0.0,0,0,0,0,0,1
NER,39806,398,6,2,2.0,0,0,0,0,0,0,0,0,0,0,0,0,2021,0,0,0,0,0,0,0,,3.0,4.0,0.0,0.0,0.0,0,0,0,0,0,1
NER,39807,398,7,2,2.0,1,1,0,0,0,0,0,0,0,0,0,0,2021,0,0,0,0,0,0,0,2.086899995803833,0.0,6.0,0.0,0.0,0.0,0,0,0,0,0,1
NER,39808,398,8,2,2.0,1,1,0,0,0,0,0,0,0,0,0,0,2021,0,0,0,0,0,0,0,0.929669976234436,0.0,6.0,0.0,0.0,0.0,0,0,0,0,0,0
NER,39810,398,10,2,2.0,0,0,0,0,0,0,0,0,0,0,0,0,2021,0,0,0,0,0,0,0,,0.0,3.0,0.0,0.0,0.0,1,0,1,0,0,0
NER,39811,398,11,2,1.0,0,1,0,0,0,0,0,0,0,0,0,0,2021,0,0,0,0,0,0,0,0.34299999475479126,2.0,5.0,0.0,0.0,0.0,0,1,1,0,0,0
NER,39812,398,12,2,2.0,0,0,0,1,1,0,0,0,0,0,0,0,2021,0,0,0,0,0,0,0,0.32260000705718994,2.0,4.0,0.0,0.0,0.0,0,1,1,0,0,0
NER,39814,398,14,2,2.0,0,0,0,0,0,0,0,0,0,0,0,0,2021,0,0,0,0,0,0,0,0.5536999702453613,2.0,2.0,0.0,0.0,0.0,0,1,1,0,0,0
NER,39819,398,19,2,2.0,1,1,0,0,0,0,0,0,0,0,0,0,2021,0,0,0,0,0,0,0,2.163800001144409,5.0,7.0,0.0,0.0,0.0,0,0,0,0,0,0
NER,39821,398,21,2,2.0,0,0,0,0,0,0,0,0,0,0,0,0,2021,0,0,0,0,0,0,0,2.5887200832366943,6.0,5.0,0.0,0.0,0.0,0,0,0,0,0,0
NER,39901,399,1,1,2.0,1,1,0,1,1,0,0,0,0,0,0,0,2021,0,0,0,0,0,0,0,4.438599944114685,2.0,3.0,0.0,0.0,0.0,0,1,0,0,0,0
NER,39902,399,2,1,4.0,1,1,1,1,1,0,0,0,0,0,0,0,2021,0,0,0,0,0,0,0,7.08789736032486,1.0,2.0,0.0,0.0,2.0,0,0,0,0,0,0
NER,39904,399,4,1,2.0,1,1,0,1,1,0,0,0,0,0,0,0,2021,0,0,0,0,0,0,0,2.5987999737262726,0.0,5.0,0.0,0.0,16.0,0,0,0,0,0,0
NER,39905,399,5,1,2.0,0,0,0,1,1,0,0,0,0,0,0,0,2021,0,0,0,0,0,0,0,1.0677000284194946,0.0,3.0,0.0,0.0,3.0,0,1,0,0,0,0
NER,39906,399,6,1,2.0,1,0,0,1,1,0,0,0,0,0,0,0,2021,0,0,0,0,0,0,0,21.999049186706543,1.0,0.0,0.0,0.0,1.0,0,0,0,0,0,0
NER,39907,399,7,1,2.0,1,1,0,1,1,0,0,0,0,0,0,0,2021,0,0,0,0,0,0,0,1.498799979686737,1.0,3.0,0.0,0.0,0.0,0,0,0,0,0,0
NER,39908,399,8,1,4.0,0,1,0,1,1,0,0,0,0,0,0,0,2021,0,0,0,0,0,0,0,0.7733999788761139,0.0,4.0,0.0,0.0,0.0,0,0,0,1,0,0
NER,39909,399,9,1,2.0,1,0,0,1,1,0,0,0,0,0,0,0,2021,0,0,0,0,0,0,0,,,,,,,0,0,0,0,0,1
NER,39910,399,10,1,2.0,1,1,0,1,0,0,0,0,0,0,0,0,2021,0,0,0,0,0,0,0,3.393999934196472,1.0,6.0,0.0,0.0,0.0,0,0,0,0,0,0
NER,39911,399,11,1,4.0,0,0,0,1,1,0,0,0,0,0,0,0,2021,0,0,0,0,0,0,0,1.1445000171661377,0.0,5.0,0.0,0.0,0.0,1,1,0,0,0,0
NER,39912,399,12,1,2.0,1,0,0,1,1,0,0,0,0,0,0,0,2021,0,0,0,0,0,0,0,1.1293000280857086,1.0,0.0,0.0,0.0,0.0,0,0,0,0,0,1
NER,40001,400,1,2,2.0,0,0,0,0,0,0,0,0,0,0,0,0,2021,0,0,0,0,0,0,0,,3.0,4.0,0.0,0.0,0.0,0,0,0,0,0,0
NER,40002,400,2,2,2.0,1,1,0,0,0,0,0,0,0,0,0,0,2021,0,0,0,0,0,0,0,1.016800045967102,0.0,3.0,0.0,0.0,0.0,0,0,0,0,0,0
NER,40003,400,3,2,2.0,1,1,0,1,1,0,0,0,0,0,0,0,2021,0,0,0,0,0,0,0,1.7625999450683594,0.0,6.0,0.0,0.0,0.0,0,0,0,0,0,0
NER,40004,400,4,2,2.0,0,0,0,0,0,0,0,0,0,0,0,0,2021,0,0,0,0,0,0,0,2.1205999851226807,,,,,,0,0,0,0,0,0
NER,40005,400,5,2,2.0,1,0,0,1,1,0,0,0,0,0,0,0,2021,0,0,0,0,0,0,0,2.1286699771881104,4.0,5.0,0.0,0.0,5.0,0,0,0,0,0,1
NER,40006,400,6,2,2.0,0,0,0,0,0,0,0,0,0,0,0,0,2021,0,0,0,0,0,0,0,1.3178514242172241,,,,,,0,0,0,0,0,0
NER,40007,400,7,2,2.0,1,1,0,1,1,0,0,0,0,0,0,0,2021,0,0,0,0,0,0,0,,0.0,4.0,0.0,0.0,10.0,0,0,0,0,0,0
NER,40008,400,8,2,2.0,0,0,0,1,1,0,0,0,0,0,0,0,2021,0,0,0,0,0,0,0,2.031570017337799,0.0,5.0,0.0,0.0,10.0,0,0,0,0,0,0
NER,40009,400,9,2,2.0,0,0,0,1,1,0,0,0,0,0,0,0,2021,0,0,0,0,0,0,0,0.9620000123977661,1.0,3.0,0.0,0.0,0.0,0,0,1,0,0,0
NER,40011,400,11,2,2.0,0,0,0,1,1,0,0,0,0,0,0,0,2021,0,0,0,0,0,0,0,0.17030000686645508,0.0,0.0,0.0,0.0,0.0,0,1,1,0,0,0
NER,40012,400,12,2,2.0,0,0,0,0,0,0,0,0,0,0,0,0,2021,0,0,0,0,0,0,0,4.370999813079834,2.0,8.0,0.0,0.0,11.0,0,1,1,0,0,0
NER,40016,400,16,2,2.0,1,1,0,1,1,0,0,0,0,0,0,0,2021,0,0,0,0,0,0,0,0.7447999715805054,,,,,,0,0,1,0,0,0
NER,40101,401,1,1,2.0,1,1,0,0,0,0,0,0,0,0,0,0,2021,0,0,0,0,0,0,0,0.31029999256134033,0.0,3.0,0.0,0.0,0.0,0,0,0,0,0,0
NER,40102,401,2,1,2.0,0,1,0,0,0,0,0,0,0,0,0,0,2021,0,0,0,0,0,0,0,3.4498000144958496,0.0,3.0,0.0,0.0,0.0,1,0,0,0,0,0
NER,40103,401,3,1,2.0,1,0,1,0,0,0,0,0,0,0,0,0,2021,0,0,0,0,0,0,0,,2.0,8.0,0.0,0.0,0.0,0,0,0,0,0,1
NER,40104,401,4,1,2.0,1,1,0,0,0,0,0,0,0,0,0,0,2021,0,0,0,0,0,0,0,1.513800024986267,0.0,3.0,0.0,0.0,0.0,0,0,0,0,0,0
NER,40105,401,5,1,2.0,0,1,0,0,0,0,0,0,0,0,0,0,2021,0,0,0,0,0,0,0,3.0300000309944153,1.0,14.0,0.0,0.0,0.0,1,0,0,0,0,0
NER,40106,401,6,1,2.0,1,0,1,0,0,0,0,0,0,0,0,0,2021,0,0,0,0,0,0,0,,4.0,10.0,0.0,0.0,16.0,0,0,0,0,0,1
NER,40108,401,8,1,2.0,1,1,1,0,0,0,0,0,0,0,0,0,2021,0,0,0,0,0,0,0,10.728400111198425,2.0,4.0,0.0,0.0,0.0,0,0,0,0,0,0
NER,40109,401,9,1,2.0,0,1,0,0,0,0,0,0,0,0,0,0,2021,0,0,0,0,0,0,0,3.7781999111175537,5.0,22.0,0.0,0.0,0.0,0,0,0,0,0,0
NER,40110,401,10,1,2.0,1,0,0,0,0,0,0,0,0,0,0,0,2021,0,0,0,0,0,0,0,0.8062999844551086,0.0,0.0,0.0,0.0,6.0,0,0,0,0,0,1
NER,40111,401,11,1,2.0,1,1,0,0,0,0,0,0,0,0,0,0,2021,0,0,0,0,0,0,0,1.8628000617027283,3.0,1.0,0.0,0.0,0.0,0,0,0,0,0,0
NER,40112,401,12,1,2.0,0,0,0,0,0,0,0,0,0,0,0,0,2021,0,0,0,0,0,0,0,0.36809998750686646,0.0,2.0,0.0,0.0,7.0,0,0,0,0,0,0
NER,40114,401,14,1,2.0,1,0,0,0,0,0,0,0,0,0,0,0,2021,0,0,0,0,0,0,0,1.685100018978119,5.0,1.0,0.0,0.0,13.0,0,0,0,0,0,1
NER,40201,402,1,2,2.0,1,1,0,0,0,0,0,0,0,0,0,0,2021,0,0,0,0,0,0,0,2.5,5.0,18.0,0.0,0.0,0.0,0,0,0,0,0,0
NER,40202,402,2,2,2.0,1,1,0,0,0,0,0,0,0,0,0,0,2021,0,0,0,0,0,0,0,2.5,1.0,5.0,0.0,0.0,0.0,0,0,0,0,0,0
NER,40203,402,3,2,2.0,0,0,0,1,1,0,0,0,0,0,0,0,2021,0,0,0,0,0,0,0,1.0693000555038452,0.0,2.0,0.0,0.0,0.0,0,0,0,0,0,0
NER,40204,402,4,2,2.0,1,1,0,0,0,0,0,0,0,0,0,0,2021,0,0,0,0,0,0,0,2.4815099239349365,1.0,2.0,0.0,0.0,0.0,0,0,0,0,0,0
NER,40205,402,5,2,2.0,0,0,0,0,0,0,0,0,0,0,0,0,2021,0,0,0,0,0,0,0,1.6509100198745728,1.0,6.0,0.0,0.0,7.0,0,0,0,0,0,0
NER,40206,402,6,2,2.0,1,0,0,0,0,0,0,0,0,0,0,0,2021,0,0,0,0,0,0,0,1.8317099809646606,0.0,7.0,0.0,0.0,0.0,0,0,0,0,0,1
NER,40207,402,7,2,2.0,1,0,0,0,0,0,0,0,0,0,0,0,2021,0,0,0,0,0,0,0,0.6540700197219849,,,,,,0,1,0,0,0,0
NER,40208,402,8,2,2.0,1,0,0,0,0,0,0,0,0,0,0,0,2021,0,0,0,0,0,0,0,0.38729000091552734,0.0,0.0,0.0,0.0,4.0,0,0,0,0,0,0
NER,40209,402,9,2,2.0,0,1,0,0,0,0,0,0,0,0,0,0,2021,0,0,0,0,0,0,0,3.0074000358581543,0.0,18.0,0.0,0.0,20.0,0,0,1,0,0,0
NER,40210,402,10,2,2.0,0,0,0,0,0,0,0,0,0,0,0,0,2021,0,0,0,0,0,0,0,0.2653000056743622,4.0,23.0,0.0,0.0,0.0,0,0,1,0,0,0
NER,40211,402,11,2,2.0,0,0,0,1,1,0,0,0,0,0,0,0,2021,0,0,0,0,0,0,0,1.2318999767303467,0.0,5.0,0.0,0.0,0.0,0,0,1,0,0,0
NER,40212,402,12,2,2.0,0,1,0,0,0,0,0,0,0,0,0,0,2021,0,0,0,0,0,0,0,3.280400037765503,2.0,6.0,0.0,0.0,11.0,0,0,1,0,0,0
NER,40301,403,1,1,2.0,1,1,0,1,1,0,0,0,0,0,0,0,2021,0,0,0,0,0,0,0,1.809000015258789,,,,,,0,0,0,0,0,0
NER,40302,403,2,1,2.0,0,0,0,1,1,0,0,0,0,0,0,0,2021,0,0,0,0,0,0,0,3.802263617515564,0.0,2.0,0.0,0.0,0.0,0,1,0,0,0,0
NER,40303,403,3,1,2.0,1,0,0,1,1,0,0,0,0,0,0,0,2021,0,0,0,0,0,0,0,2.1478999853134155,,,,,,0,0,0,0,0,1
NER,40304,403,4,1,2.0,1,1,0,1,1,0,0,0,0,0,0,0,2021,0,0,0,0,0,0,0,0.6859999895095825,0.0,1.0,0.0,0.0,0.0,0,0,0,0,0,0
NER,40305,403,5,1,2.0,0,0,0,1,1,0,0,0,0,0,0,0,2021,0,0,0,0,0,0,0,4.22299998998642,10.0,0.0,0.0,0.0,0.0,0,1,0,0,0,0
NER,40306,403,6,1,2.0,1,0,0,1,1,0,0,0,0,0,0,0,2021,0,0,0,0,0,0,0,2.831399977207184,,,,,,0,0,0,0,0,1
NER,40309,403,9,1,2.0,0,0,0,1,1,0,0,0,0,0,0,0,2021,0,0,0,0,0,0,0,1.3349632024765015,1.0,3.0,0.0,0.0,0.0,0,1,0,0,0,0
NER,40310,403,10,1,2.0,1,0,0,1,1,0,0,0,0,0,0,0,2021,0,0,0,0,0,0,0,1.9805999994277954,2.0,3.0,0.0,0.0,0.0,0,0,0,0,0,1
NER,40311,403,11,1,2.0,0,1,0,0,0,0,0,0,0,0,0,0,2021,0,0,0,0,0,0,0,1.5049999952316284,3.0,8.0,0.0,0.0,0.0,0,0,0,0,0,0
NER,40312,403,12,1,2.0,0,0,0,1,1,0,0,0,0,0,0,0,2021,0,0,0,0,0,0,0,2.6231043338775635,,,,,,0,1,0,0,0,0
NER,40314,403,14,1,2.0,1,0,0,1,1,0,0,0,0,0,0,0,2021,0,0,0,0,0,0,0,6.910797715187073,2.0,2.0,0.0,0.0,6.0,0,0,0,0,0,1
NER,40319,403,19,1,2.0,0,1,0,0,0,0,0,0,0,0,0,0,2021,0,0,0,0,0,0,0,3.4600000381469727,2.0,0.0,0.0,0.0,7.0,1,0,0,0,0,0
NER,40401,404,1,2,2.0,1,1,0,1,1,0,0,0,0,0,0,0,2021,0,0,0,0,0,0,0,0.2711000144481659,,,,,,0,0,0,0,0,0
NER,40402,404,2,2,2.0,1,1,0,1,1,0,0,0,0,0,0,0,2021,0,0,0,0,0,0,0,1.4389433860778809,1.0,3.0,0.0,0.0,0.0,0,0,0,0,0,0
NER,40403,404,3,2,2.0,1,1,0,1,1,0,0,0,0,0,0,0,2021,0,0,0,0,0,0,0,1.7109999656677246,0.0,12.0,0.0,0.0,0.0,0,0,0,0,0,0
NER,40404,404,4,2,2.0,1,1,0,1,1,0,0,0,0,0,0,0,2021,0,0,0,0,0,0,0,0.0,0.0,1.0,0.0,0.0,0.0,0,0,0,0,0,0
NER,40405,404,5,2,2.0,1,0,0,1,1,0,0,0,0,0,0,0,2021,0,0,0,0,0,0,0,1.2675132751464844,,,,,,0,0,0,0,0,1
NER,40406,404,6,2,2.0,1,0,0,1,1,0,0,0,0,0,0,0,2021,0,0,0,0,0,0,0,,0.0,2.0,0.0,0.0,0.0,0,0,0,0,0,0
NER,40407,404,7,2,2.0,1,0,0,1,1,0,0,0,0,0,0,0,2021,0,0,0,0,0,0,0,1.4046140164136887,1.0,2.0,0.0,0.0,0.0,0,0,0,0,0,1
NER,40408,404,8,2,2.0,1,0,0,1,1,0,0,0,0,0,0,0,2021,0,0,0,0,0,0,0,2.086519956588745,,,,,,0,0,0,0,0,1
NER,40409,404,9,2,2.0,0,1,0,1,1,0,0,0,0,0,0,0,2021,0,0,0,0,0,0,0,2.6389999985694885,0.0,4.0,0.0,0.0,0.0,0,0,1,0,0,0
NER,40410,404,10,2,2.0,0,0,0,1,1,0,0,0,0,0,0,0,2021,0,0,0,0,0,0,0,,0.0,2.0,0.0,0.0,0.0,1,0,0,0,0,0
NER,40411,404,11,2,2.0,0,0,0,1,1,0,0,0,0,0,0,0,2021,0,0,0,0,0,0,0,,,,,,,1,0,1,0,0,0
NER,40418,404,18,2,2.0,0,0,0,1,1,0,0,0,0,0,0,0,2021,0,0,0,0,0,0,0,0.8446000218391418,0.0,1.0,0.0,0.0,0.0,0,1,1,0,0,0
NER,40501,405,1,1,2.0,1,1,0,0,0,0,0,0,0,0,0,0,2021,0,0,0,0,0,0,0,1.9289000034332275,1.0,4.0,0.0,0.0,0.0,0,0,0,0,0,0
NER,40502,405,2,1,2.0,1,1,0,0,0,0,0,0,0,0,0,0,2021,0,0,0,0,0,0,0,2.6624664664268494,1.0,6.0,0.0,0.0,0.0,0,0,0,0,0,0
NER,40503,405,3,1,2.0,1,1,0,0,0,0,0,0,0,0,0,0,2021,0,0,0,0,0,0,0,,0.0,3.0,0.0,0.0,7.0,0,0,0,0,0,1
NER,40504,405,4,1,2.0,1,1,0,0,0,0,0,0,0,0,0,0,2021,0,0,0,0,0,0,0,,0.0,1.0,0.0,0.0,0.0,0,0,0,0,0,0
NER,40505,405,5,1,2.0,0,1,0,0,0,0,0,0,0,0,0,0,2021,0,0,0,0,0,0,0,2.5458672046661377,1.0,3.0,0.0,0.0,0.0,0,0,0,0,0,0
NER,40506,405,6,1,4.0,0,1,0,1,0,0,0,0,0,0,0,0,2021,0,0,0,0,0,0,0,0.6682999730110168,,,,,,0,0,0,0,0,0
NER,40507,405,7,1,2.0,1,1,0,0,0,0,0,0,0,0,0,0,2021,0,0,0,0,0,0,0,2.795743942260742,2.0,4.0,0.0,0.0,0.0,0,0,0,0,0,0
NER,40508,405,8,1,2.0,0,0,0,0,0,0,0,0,0,0,0,0,2021,0,0,0,0,0,0,0,3.518499970436096,0.0,2.0,0.0,0.0,7.0,0,0,0,0,0,0
NER,40509,405,9,1,2.0,1,1,1,1,0,0,0,0,0,0,0,0,2021,0,0,0,0,0,0,0,1.6972999721765518,2.0,3.0,0.0,0.0,0.0,0,0,0,0,0,0
NER,40511,405,11,1,2.0,1,1,0,0,0,0,0,0,0,0,0,0,2021,0,0,0,0,0,0,0,2.0448362827301025,0.0,3.0,0.0,0.0,0.0,0,0,0,0,0,0
NER,40512,405,12,1,2.0,0,1,0,0,0,0,0,0,0,0,0,0,2021,0,0,0,0,0,0,0,3.802099972963333,1.0,3.0,0.0,0.0,0.0,1,0,0,0,0,0
NER,40514,405,14,1,2.0,0,0,0,0,0,0,0,0,0,0,0,0,2021,0,0,0,0,0,0,0,0.582299992442131,0.0,4.0,0.0,0.0,8.0,0,0,0,0,0,1
NER,40601,406,1,2,2.0,0,0,0,0,0,0,0,0,0,0,0,0,2021,0,0,0,0,0,0,0,2.1045000553131104,6.0,13.0,0.0,0.0,0.0,0,0,1,0,0,0
NER,40602,406,2,2,2.0,1,0,0,0,0,0,0,0,0,0,0,0,2021,0,0,0,0,0,0,0,2.080900013446808,1.0,6.0,0.0,0.0,0.0,0,0,1,0,0,0
NER,40603,406,3,2,2.0,1,1,0,1,1,0,0,0,0,0,0,0,2021,0,0,0,0,0,0,0,,,,,,,0,0,0,0,0,0
NER,40604,406,4,2,2.0,1,0,0,1,1,0,0,0,0,0,0,0,2021,0,0,0,0,0,0,0,,,,,,,1,0,0,0,0,0
NER,40605,406,5,2,2.0,0,0,0,0,0,0,0,0,0,0,0,0,2021,0,0,0,0,0,0,0,,,,,,,0,0,0,0,0,0
NER,40606,406,6,2,2.0,1,0,0,1,1,0,0,1,0,0,0,0,2021,0,0,0,0,0,0,0,,,,,,,0,0,0,0,0,0
NER,40607,406,7,2,2.0,0,0,0,0,0,0,0,0,0,0,0,0,2021,0,0,0,0,0,0,0,3.5,0.0,3.0,0.0,0.0,0.0,0,1,0,1,0,0
NER,40608,406,8,2,2.0,1,0,0,1,1,0,0,0,0,0,0,0,2021,0,0,0,0,0,0,0,1.9279999732971191,1.0,0.0,0.0,0.0,4.0,0,1,0,0,0,0
NER,40609,406,9,2,2.0,1,0,0,1,1,0,0,0,0,0,0,0,2021,0,0,0,0,0,0,0,,,,,,,0,0,0,0,0,0
NER,40610,406,10,2,2.0,1,0,0,1,1,0,0,0,0,0,0,0,2021,0,0,0,0,0,0,0,1.0700000524520874,,,,,,0,0,0,0,0,0
NER,40611,406,11,2,2.0,1,0,0,1,1,0,0,0,0,0,0,0,2021,0,0,0,0,0,0,0,1.8300000429153442,,,,,,0,0,0,0,0,0
NER,40612,406,12,2,2.0,1,0,0,1,1,0,0,0,0,0,0,0,2021,0,0,0,0,0,0,0,0.949999988079071,,,,,,0,0,0,0,0,0
NER,40701,407,1,1,2.0,0,1,0,1,1,0,0,0,0,0,0,0,2021,0,0,0,0,0,0,0,1.3560798168182373,2.0,3.0,0.0,0.0,13.0,0,0,0,0,0,0
NER,40702,407,2,1,2.0,0,0,0,1,1,0,0,0,0,0,0,0,2021,0,0,0,0,0,0,0,4.813095569610596,3.0,7.0,0.0,0.0,17.0,0,1,0,0,0,0
NER,40703,407,3,1,2.0,0,0,0,1,1,0,0,0,0,0,0,0,2021,0,0,0,0,0,0,0,2.0448362827301025,0.0,5.0,0.0,0.0,3.0,0,0,0,0,0,1
NER,40704,407,4,1,2.0,0,1,0,0,0,0,0,0,0,0,0,0,2021,0,0,0,0,0,0,0,2.062742233276367,4.0,4.0,0.0,0.0,8.0,0,0,0,0,0,0
NER,40707,407,7,1,2.0,0,1,0,0,0,0,0,0,0,0,0,0,2021,0,0,0,0,0,0,0,2.0413079261779785,4.0,2.0,0.0,0.0,0.0,0,0,0,0,0,0
NER,40708,407,8,1,2.0,0,0,0,0,0,0,0,0,0,0,0,0,2021,0,0,0,0,0,0,0,2.0413079261779785,2.0,5.0,0.0,0.0,13.0,0,1,0,0,0,0
NER,40709,407,9,1,2.0,0,0,0,1,1,0,0,0,0,0,0,0,2021,0,0,0,0,0,0,0,2.1247000694274902,0.0,7.0,0.0,0.0,9.0,0,0,0,0,0,1
NER,40712,407,12,1,2.0,0,0,0,1,1,0,0,0,0,0,0,0,2021,0,0,0,0,0,0,0,2.1507933139801025,5.0,8.0,0.0,0.0,14.0,0,0,0,0,0,1
NER,40718,407,18,1,2.0,0,0,0,1,1,0,0,0,0,0,0,0,2021,0,0,0,0,0,0,0,2.744248151779175,0.0,0.0,0.0,0.0,3.0,0,0,0,0,0,1
NER,40719,407,19,1,2.0,0,0,0,1,1,0,0,0,0,0,0,0,2021,0,0,0,0,0,0,0,5.622096061706543,4.0,8.0,0.0,0.0,20.0,0,1,0,0,0,0
NER,40724,407,24,1,2.0,0,0,0,0,0,0,0,0,0,0,0,0,2021,0,0,0,0,0,0,0,2.7919509410858154,3.0,10.0,0.0,0.0,7.0,0,1,0,0,0,0
NER,40728,407,28,1,2.0,0,1,0,1,1,0,0,0,0,0,0,0,2021,0,0,0,0,0,0,0,2.1269233226776123,1.0,3.0,0.0,0.0,0.0,0,0,0,0,0,0
NER,40801,408,1,2,2.0,1,0,0,1,1,0,0,0,0,0,0,0,2021,0,0,0,0,0,0,0,1.4785000085830688,0.0,5.0,0.0,0.0,0.0,1,0,0,0,0,0
NER,40802,408,2,2,2.0,1,0,0,1,1,0,0,0,0,0,0,0,2021,0,0,0,0,0,0,0,4.2072999477386475,2.0,17.0,0.0,0.0,0.0,0,0,1,0,0,0
NER,40803,408,3,2,2.0,1,0,0,1,1,0,0,0,0,0,0,0,2021,0,0,0,0,0,0,0,2.1106998920440674,0.0,14.0,0.0,0.0,0.0,0,0,1,0,0,0
NER,40804,408,4,2,2.0,1,0,0,1,1,0,0,0,0,0,0,0,2021,0,0,0,0,0,0,0,,0.0,11.0,0.0,0.0,0.0,0,0,0,0,0,0
NER,40805,408,5,2,2.0,1,0,0,1,1,0,0,0,0,0,0,0,2021,0,0,0,0,0,0,0,2.4368999004364014,0.0,7.0,0.0,0.0,0.0,0,1,0,1,0,0
NER,40806,408,6,2,2.0,1,0,0,1,0,0,0,0,0,0,0,0,2021,0,0,0,0,0,0,0,0.8952999711036682,1.0,2.0,0.0,0.0,7.0,0,1,0,0,0,0
NER,40807,408,7,2,2.0,1,0,0,1,1,0,0,0,0,0,0,0,2021,0,0,0,0,0,0,0,1.6325000524520874,2.0,7.0,0.0,0.0,0.0,0,1,0,0,0,0
NER,40808,408,8,2,2.0,1,0,0,0,0,0,0,0,0,0,0,0,2021,0,0,0,0,0,0,0,0.8831999897956848,,,,,,0,1,0,1,0,0
NER,40809,408,9,2,2.0,1,0,0,1,1,0,0,0,0,0,0,0,2021,0,0,0,0,0,0,0,1.6100000143051147,,,,,,0,0,0,0,0,0
NER,40810,408,10,2,2.0,1,0,0,1,1,0,0,0,0,0,0,0,2021,0,0,0,0,0,0,0,1.690000057220459,,,,,,0,0,0,0,0,0
NER,40811,408,11,2,4.0,1,0,0,1,1,0,0,0,0,0,0,0,2021,0,0,0,0,0,0,0,0.8199999928474426,,,,,,0,0,1,0,0,0
NER,40812,408,12,2,2.0,1,0,0,1,1,0,0,0,0,0,0,0,2021,0,0,0,0,0,0,0,,,,,,,0,0,1,0,0,0
NER,40902,409,2,1,1.0,1,0,0,0,0,0,0,0,0,0,0,0,2021,0,0,0,0,0,0,0,4.399199962615967,1.0,6.0,0.0,0.0,5.0,0,1,0,0,0,0
NER,40903,409,3,1,2.0,1,0,0,0,0,0,0,0,0,0,0,0,2021,0,0,0,0,0,0,0,2.705999955534935,6.0,8.0,0.0,0.0,67.0,0,0,0,0,0,1
NER,40904,409,4,1,2.0,0,1,0,0,0,0,0,0,0,0,0,0,2021,0,0,0,0,0,0,0,0.7113000154495239,0.0,6.0,0.0,0.0,15.0,0,0,0,0,0,0
NER,40905,409,5,1,2.0,1,0,0,0,0,0,0,0,0,0,0,0,2021,0,0,0,0,0,0,0,2.9346000030636787,1.0,6.0,0.0,0.0,15.0,0,0,0,0,0,0
NER,40906,409,6,1,2.0,1,1,0,0,0,0,0,1,0,0,0,0,2021,1,0,0,0,0,1,0,,0.0,7.0,0.0,0.0,7.0,0,0,0,0,0,1
NER,40907,409,7,1,2.0,0,1,0,0,0,0,0,0,0,0,0,0,2021,0,0,0,0,0,0,0,0.125900000333786,2.0,4.0,0.0,0.0,24.0,0,0,0,0,0,0
NER,40909,409,9,1,2.0,0,0,0,0,0,0,0,0,0,0,0,0,2021,0,0,0,0,0,0,0,0.8747000098228455,0.0,0.0,0.0,0.0,14.0,0,0,0,0,0,1
NER,40910,409,10,1,2.0,0,1,0,0,0,0,0,0,0,0,0,0,2021,0,0,0,0,0,0,0,0.07829999923706055,0.0,4.0,0.0,0.0,0.0,0,0,0,0,0,0
NER,40912,409,12,1,2.0,0,0,0,1,0,0,0,0,0,0,0,0,2021,0,0,0,0,0,0,0,1.5796000361442566,0.0,6.0,0.0,0.0,10.0,0,0,0,0,0,1
NER,40917,409,17,1,1.0,1,1,0,0,0,0,0,0,0,0,0,0,2021,0,0,0,0,0,0,0,5.880809158086777,4.0,10.0,0.0,0.0,7.0,0,1,0,0,0,0
NER,40918,409,18,1,2.0,0,0,0,0,0,0,0,0,0,0,0,0,2021,0,0,0,0,0,0,0,,0.0,3.0,0.0,0.0,2.0,0,0,0,0,0,0
NER,40919,409,19,1,2.0,0,1,0,0,0,0,0,0,0,0,0,0,2021,0,0,0,0,0,0,0,0.015599999576807022,1.0,4.0,0.0,0.0,0.0,0,0,0,0,0,0
NER,41001,410,1,2,2.0,0,0,0,0,0,0,0,0,0,0,0,0,2021,0,0,0,0,0,0,0,1.7085000276565552,0.0,6.0,0.0,0.0,0.0,0,0,1,0,0,0
NER,41002,410,2,2,2.0,0,0,0,0,0,0,0,0,0,0,0,0,2021,0,0,0,0,0,0,0,,,,,,,1,0,0,0,0,0
NER,41003,410,3,2,2.0,0,0,0,0,0,0,0,0,0,0,0,0,2021,0,0,0,0,0,0,0,,,,,,,0,0,1,0,0,0
NER,41004,410,4,2,4.0,0,0,0,0,0,0,0,0,0,0,0,0,2021,0,0,0,0,0,0,0,,,,,,,0,0,0,0,0,0
NER,41005,410,5,2,4.0,0,0,0,0,0,0,0,0,0,0,0,0,2021,0,0,0,0,0,0,0,,0.0,2.0,0.0,0.0,0.0,0,0,0,0,0,0
NER,41007,410,7,2,2.0,0,0,0,0,0,0,0,0,0,0,0,0,2021,0,0,0,0,0,0,0,2.7852001190185547,1.0,2.0,0.0,0.0,0.0,0,0,0,1,0,0
NER,41008,410,8,2,2.0,0,0,0,0,0,0,0,0,0,0,0,0,2021,0,0,0,0,0,0,0,,0.0,1.0,0.0,0.0,6.0,0,0,0,0,0,0
NER,41009,410,9,2,2.0,0,0,0,0,0,0,0,0,0,0,0,0,2021,0,0,0,0,0,0,0,0.7365000247955322,1.0,3.0,0.0,0.0,0.0,0,0,0,0,0,0
NER,41010,410,10,2,2.0,0,0,0,0,0,0,0,0,0,0,0,0,2021,0,0,0,0,0,0,0,1.8300000429153442,,,,,,0,0,0,0,0,0
NER,41011,410,11,2,2.0,0,0,0,1,1,0,0,0,0,0,0,0,2021,0,0,0,0,0,0,0,0.8299999833106995,,,,,,0,0,0,0,0,0
NER,41012,410,12,2,2.0,0,0,0,0,1,0,0,0,0,0,0,0,2021,0,0,0,0,0,0,0,0.9599999785423279,,,,,,0,0,0,0,0,0
NER,41013,410,13,2,2.0,0,0,0,0,0,0,0,0,0,0,0,0,2021,0,0,0,0,0,0,0,,,,,,,0,0,0,0,0,0
NER,41101,411,1,1,2.0,1,1,1,1,1,0,0,0,0,0,0,0,2021,0,0,0,0,0,0,0,2.3870999813079834,2.0,10.0,0.0,0.0,4.0,0,0,0,0,0,0
NER,41102,411,2,1,2.0,1,0,0,0,0,0,0,0,0,0,0,0,2021,0,0,0,0,0,0,0,7.82301527261734,0.0,3.0,0.0,0.0,0.0,0,1,1,0,0,0
NER,41103,411,3,1,2.0,1,0,0,1,1,0,0,0,0,0,0,0,2021,0,0,0,0,0,0,0,0.37130001187324524,,,,,,0,0,0,0,0,1
NER,41104,411,4,1,2.0,1,1,0,0,0,0,0,0,0,0,0,0,2021,0,0,0,0,0,0,0,2.8196000158786774,1.0,2.0,0.0,0.0,0.0,1,0,0,0,0,0
NER,41105,411,5,1,2.0,1,0,0,0,0,0,0,0,0,0,0,0,2021,0,0,0,0,0,0,0,9.72491466999054,1.0,6.0,0.0,0.0,0.0,0,0,0,0,0,0
NER,41106,411,6,1,2.0,1,0,0,1,1,0,0,0,0,0,0,0,2021,0,0,0,0,0,0,0,3.8621665239334106,2.0,5.0,0.0,0.0,6.0,0,0,0,0,0,0
NER,41107,411,7,1,2.0,1,1,0,1,1,0,0,0,0,0,0,0,2021,0,0,0,0,0,0,0,2.4325181543827057,0.0,6.0,0.0,0.0,0.0,1,0,0,0,0,0
NER,41108,411,8,1,2.0,1,0,0,0,0,0,0,0,0,0,0,0,2021,0,0,0,0,0,0,0,,0.0,7.0,0.0,0.0,0.0,0,0,0,0,0,0
NER,41109,411,9,1,2.0,1,0,0,1,1,0,0,0,0,0,0,0,2021,0,0,0,0,0,0,0,4.01230001449585,1.0,5.0,0.0,0.0,4.0,0,1,0,0,0,0
NER,41110,411,10,1,2.0,1,1,0,1,1,0,0,0,0,0,0,0,2021,0,0,0,0,0,0,0,1.9770333766937256,,,,,,0,0,0,0,0,0
NER,41111,411,11,1,2.0,1,0,0,0,0,0,0,0,0,0,0,0,2021,0,0,0,0,0,0,0,11.482242554426193,1.0,5.0,0.0,0.0,0.0,0,0,0,0,0,0
NER,41112,411,12,1,2.0,1,0,0,1,1,0,0,0,0,0,0,0,2021,0,0,0,0,0,0,0,1.8381999731063843,0.0,0.0,0.0,0.0,0.0,0,0,0,0,0,1
NER,41201,412,1,2,2.0,1,0,0,1,1,0,0,0,0,0,0,0,2021,0,0,0,0,0,0,0,3.7541000843048096,2.0,6.0,0.0,0.0,0.0,0,0,1,0,0,0
NER,41202,412,2,2,2.0,1,0,0,1,1,0,0,0,0,0,0,0,2021,0,0,0,0,0,0,0,,,,,,,0,0,0,0,0,0
NER,41203,412,3,2,2.0,1,0,0,1,1,0,0,0,0,0,0,0,2021,0,0,0,0,0,0,0,3.22859987616539,1.0,7.0,0.0,0.0,0.0,0,1,0,0,0,0
NER,41204,412,4,2,2.0,1,0,0,1,1,0,0,0,0,0,0,0,2021,0,0,0,0,0,0,0,1.1514999717473984,0.0,7.0,0.0,0.0,0.0,1,0,0,0,0,0
NER,41205,412,5,2,2.0,1,0,0,1,1,0,0,0,0,0,0,0,2021,0,0,0,0,0,0,0,0.6531999707221985,1.0,2.0,0.0,0.0,0.0,0,0,0,0,0,0
NER,41206,412,6,2,2.0,1,0,0,1,1,0,0,0,0,0,0,0,2021,0,0,0,0,0,0,0,1.4038350582122803,,,,,,0,1,0,0,0,0
NER,41207,412,7,2,2.0,1,0,0,1,1,0,0,0,0,0,0,0,2021,0,0,0,0,0,0,0,,0.0,4.0,0.0,0.0,0.0,0,0,0,0,0,0
NER,41208,412,8,2,2.0,1,0,0,1,1,0,0,0,0,0,0,0,2021,0,0,0,0,0,0,0,1.0363999605178833,1.0,2.0,0.0,0.0,0.0,0,0,0,0,0,0
NER,41209,412,9,2,2.0,1,0,0,1,1,0,0,0,0,0,0,0,2021,0,0,0,0,0,0,0,,,,,,,0,0,0,0,0,0
NER,41210,412,10,2,2.0,1,0,0,1,1,0,0,0,0,0,0,0,2021,0,0,0,0,0,0,0,1.0800000429153442,1.0,0.0,0.0,0.0,0.0,0,0,0,0,0,0
NER,41211,412,11,2,2.0,1,0,0,1,1,0,0,0,0,0,0,0,2021,0,0,0,0,0,0,0,,,,,,,0,0,0,0,0,0
NER,41212,412,12,2,2.0,1,0,0,1,1,0,0,0,0,0,0,0,2021,0,0,0,0,0,0,0,1.7200000286102295,,,,,,0,0,0,0,0,0
NER,41301,413,1,1,2.0,1,1,0,0,0,0,0,0,0,0,0,0,2021,0,0,0,0,0,0,0,4.57852578163147,1.0,2.0,0.0,0.0,0.0,0,0,0,0,0,0
NER,41302,413,2,1,2.0,1,0,0,0,0,0,0,0,0,0,0,0,2021,0,0,0,0,0,0,0,,,,,,,0,1,0,0,0,0
NER,41303,413,3,1,2.0,1,0,0,1,1,0,0,0,0,0,0,0,2021,0,0,0,0,0,0,0,0.43939998745918274,0.0,2.0,0.0,0.0,6.0,0,0,0,0,0,1
NER,41304,413,4,1,2.0,1,1,0,0,0,0,0,0,0,0,0,0,2021,0,0,0,0,0,0,0,4.61899995803833,3.0,6.0,0.0,0.0,20.0,0,0,0,0,0,0
NER,41305,413,5,1,2.0,1,0,0,0,0,0,0,0,0,0,0,0,2021,0,0,0,0,0,0,0,1.9104832261800766,0.0,2.0,0.0,0.0,0.0,0,0,0,0,0,0
NER,41306,413,6,1,2.0,1,0,0,1,1,0,0,0,0,0,0,0,2021,0,0,0,0,0,0,0,,0.0,6.0,0.0,0.0,9.0,0,0,0,0,0,1
NER,41307,413,7,1,2.0,1,1,0,0,0,0,0,0,0,0,0,0,2021,0,0,0,0,0,0,0,6.31270968914032,2.0,6.0,0.0,0.0,0.0,0,0,0,0,0,0
NER,41308,413,8,1,2.0,1,0,0,1,1,0,0,0,0,0,0,0,2021,0,0,0,0,0,0,0,11.685055375099182,4.0,3.0,0.0,0.0,5.0,0,0,0,0,0,0
NER,41309,413,9,1,2.0,1,0,0,1,1,0,0,0,0,0,0,0,2021,0,0,0,0,0,0,0,0.4244999885559082,0.0,1.0,0.0,0.0,10.0,0,0,0,0,0,1
NER,41310,413,10,1,2.0,1,1,0,0,0,0,0,0,0,0,0,0,2021,0,0,0,0,0,0,0,2.4844000339508057,2.0,5.0,0.0,0.0,0.0,0,0,0,0,0,0
NER,41312,413,12,1,2.0,1,0,0,1,1,0,0,0,0,0,0,0,2021,0,0,0,0,0,0,0,2.3124001026153564,0.0,2.0,0.0,0.0,3.0,0,0,0,0,0,0
NER,41317,413,17,1,2.0,0,0,0,0,0,0,0,0,0,0,0,0,2021,0,0,0,0,0,0,0,2.4844000339508057,0.0,3.0,0.0,0.0,0.0,0,0,0,0,0,0
NER,41401,414,1,2,2.0,1,0,0,1,1,0,1,0,0,0,0,0,2021,0,0,0,0,0,0,0,0.6822999715805054,1.0,2.0,0.0,0.0,0.0,0,0,1,0,0,0
NER,41402,414,2,2,2.0,1,0,0,1,1,0,0,0,0,0,0,0,2021,0,0,0,0,0,0,0,,,,,,,0,0,0,0,0,0
NER,41403,414,3,2,2.0,1,0,0,1,1,0,0,0,0,0,0,0,2021,0,0,0,0,0,0,0,1.7891000509262085,1.0,5.0,0.0,0.0,0.0,0,0,1,0,0,0
NER,41404,414,4,2,2.0,1,1,0,1,1,0,0,0,0,0,0,0,2021,0,0,0,0,0,0,0,1.4217000007629395,2.0,3.0,0.0,0.0,0.0,1,0,1,0,0,0
NER,41405,414,5,2,1.0,1,1,1,1,1,1,1,0,0,1,1,0,2021,1,0,1,0,0,1,0,0.7523000240325928,0.0,1.0,0.0,0.0,0.0,0,0,0,0,0,0
NER,41406,414,6,2,2.0,1,1,0,1,1,0,1,0,1,0,0,0,2021,0,0,0,0,0,0,0,,0.0,8.0,0.0,0.0,0.0,0,0,0,1,0,0
NER,41407,414,7,2,4.0,1,0,0,1,1,0,0,0,0,0,0,0,2021,0,0,0,0,0,0,0,0.31520000100135803,0.0,3.0,0.0,0.0,0.0,0,0,0,0,0,0
NER,41408,414,8,2,1.0,1,1,1,1,1,0,1,0,0,0,0,0,2021,1,0,0,0,0,0,0,3.861999988555908,,,,,,0,0,0,0,0,0
NER,41409,414,9,2,4.0,1,0,0,1,1,0,1,0,0,0,0,0,2021,0,0,0,0,0,0,0,1.5499999523162842,,,,,,1,0,0,0,0,0
NER,41410,414,10,2,2.0,1,0,0,1,1,1,1,0,0,0,0,0,2021,0,0,0,0,0,0,0,1.350000023841858,,,,,,0,0,0,0,0,0
NER,41411,414,11,2,4.0,1,0,0,1,1,0,1,0,0,0,0,0,2021,0,0,0,0,0,0,0,1.0841000080108643,,,,,,0,0,0,0,0,0
NER,41412,414,12,2,2.0,1,0,0,1,1,0,0,0,0,0,0,0,2021,0,0,0,0,0,0,0,1.201300024986267,,,,,,0,0,0,0,0,0
NER,41501,415,1,1,2.0,1,1,0,0,0,0,0,0,0,0,0,0,2021,0,0,0,0,0,0,0,3.034497447311878,0.0,2.0,0.0,0.0,0.0,0,0,0,0,0,0
NER,41502,415,2,1,2.0,1,0,0,1,1,0,0,0,0,0,0,0,2021,0,0,0,0,0,0,0,1.489799976348877,0.0,4.0,0.0,0.0,0.0,1,0,0,0,0,0
NER,41503,415,3,1,2.0,1,0,0,1,1,0,0,0,0,0,0,0,2021,0,0,0,0,0,0,0,3.37972891330719,0.0,3.0,0.0,0.0,0.0,0,0,0,0,0,0
NER,41504,415,4,1,2.0,1,1,0,0,0,0,0,0,0,0,0,0,2021,0,0,0,0,0,0,0,2.9760822653770447,0.0,4.0,0.0,0.0,0.0,0,0,0,0,0,0
NER,41505,415,5,1,2.0,1,0,0,1,1,0,0,0,0,0,0,0,2021,0,0,0,0,0,0,0,3.8249999284744263,1.0,6.0,0.0,0.0,0.0,0,1,0,0,0,0
NER,41506,415,6,1,2.0,1,0,0,0,0,0,0,0,0,0,0,0,2021,0,0,0,0,0,0,0,1.0471999645233154,0.0,6.0,0.0,0.0,0.0,0,0,0,0,0,1
NER,41507,415,7,1,2.0,1,1,0,0,0,0,0,0,0,0,0,0,2021,0,0,0,0,0,0,0,3.6936970949172974,0.0,5.0,0.0,0.0,0.0,0,0,0,0,0,0
NER,41508,415,8,1,2.0,1,0,0,1,0,0,0,0,0,0,0,0,2021,0,0,0,0,0,0,0,2.074400007724762,1.0,7.0,0.0,0.0,0.0,0,0,0,1,0,0
NER,41509,415,9,1,2.0,1,0,0,0,0,0,0,0,0,0,0,0,2021,0,0,0,0,0,0,0,4.298047244548798,2.0,6.0,0.0,0.0,0.0,0,0,0,0,0,0
NER,41510,415,10,1,2.0,0,0,0,0,0,0,0,0,0,0,0,0,2021,0,0,0,0,0,0,0,2.724400758743286,1.0,3.0,0.0,0.0,0.0,0,0,0,0,0,0
NER,41511,415,11,1,2.0,1,0,0,0,0,0,0,0,0,0,0,0,2021,0,0,0,0,0,0,0,0.26579999923706055,0.0,3.0,0.0,0.0,0.0,0,0,0,0,0,0
NER,41601,416,1,2,2.0,1,0,0,1,1,0,0,0,0,0,0,0,2021,0,0,0,0,0,0,0,1.329699993133545,0.0,15.0,0.0,0.0,0.0,0,0,0,0,0,0
NER,41602,416,2,2,2.0,1,0,0,1,1,0,0,0,0,0,0,0,2021,0,0,0,0,0,0,0,,,,,,,0,0,0,0,0,0
NER,41603,416,3,2,2.0,1,0,0,1,1,0,0,0,0,0,0,0,2021,0,0,0,0,0,0,0,2.2518999576568604,0.0,4.0,0.0,0.0,0.0,0,1,0,0,0,0
NER,41604,416,4,2,4.0,1,0,0,1,1,0,0,0,0,0,0,0,2021,0,0,0,0,0,0,0,,,,,,,0,0,0,0,0,0
NER,41605,416,5,2,2.0,1,0,0,1,1,0,0,0,0,0,0,0,2021,0,0,0,0,0,0,0,5.129499912261963,,,,,,0,0,0,0,0,0
NER,41606,416,6,2,2.0,1,0,0,0,0,0,0,0,0,0,0,0,2021,0,0,0,0,0,0,0,1.3269000053405762,,,,,,0,0,0,1,0,0
NER,41607,416,7,2,2.0,1,0,0,1,1,0,0,0,0,0,0,0,2021,0,0,0,0,0,0,0,,,,,,,0,0,0,0,0,0
NER,41608,416,8,2,2.0,1,0,0,1,1,0,0,0,0,0,0,0,2021,0,0,0,0,0,0,0,0.9236999750137329,,,,,,0,1,0,0,0,0
NER,41609,416,9,2,2.0,1,0,0,1,1,0,0,0,0,0,0,0,2021,0,0,0,0,0,0,0,,,,,,,0,0,0,0,0,0
NER,41610,416,10,2,2.0,1,0,0,1,1,0,0,0,0,0,0,0,2021,0,0,0,0,0,0,0,1.0299999713897705,,,,,,0,0,0,0,0,0
NER,41611,416,11,2,2.0,1,0,0,1,1,0,0,0,0,0,0,0,2021,0,0,0,0,0,0,0,1.2300000190734863,,,,,,0,0,0,0,0,0
NER,41612,416,12,2,2.0,1,0,0,1,1,0,0,0,0,0,0,0,2021,0,0,0,0,0,0,0,,,,,,,0,0,0,0,0,0
NER,41701,417,1,1,2.0,0,0,0,0,0,0,0,0,0,0,0,0,2021,0,0,0,0,0,0,0,7.915058612823486,2.0,11.0,0.0,0.0,0.0,0,1,1,0,0,0
NER,41703,417,3,1,2.0,0,0,0,0,0,0,0,0,0,0,0,0,2021,0,0,0,0,0,0,0,0.6154000163078308,1.0,11.0,0.0,0.0,13.0,0,1,1,0,0,0
NER,41704,417,4,1,2.0,0,0,0,0,0,0,0,0,0,0,0,0,2021,0,0,0,0,0,0,0,2.4326000213623047,1.0,4.0,0.0,0.0,0.0,0,1,1,0,0,0
NER,41705,417,5,1,2.0,0,0,0,0,0,0,0,0,0,0,0,0,2021,0,0,0,0,0,0,0,5.00066751241684,1.0,3.0,0.0,0.0,0.0,0,1,0,0,0,0
NER,41706,417,6,1,2.0,0,0,0,0,0,0,0,0,0,0,0,0,2021,0,0,0,0,0,0,0,1.1495000123977661,,,,,,0,0,0,0,0,0
NER,41707,417,7,1,2.0,0,0,0,0,0,0,0,0,0,0,0,0,2021,0,0,0,0,0,0,0,8.70083773136139,5.0,13.0,0.0,0.0,7.0,0,1,1,0,0,0
NER,41708,417,8,1,2.0,0,0,0,0,0,0,0,0,0,0,0,0,2021,0,0,0,0,0,0,0,3.463125228881836,0.0,3.0,0.0,0.0,0.0,0,1,0,0,0,0
NER,41709,417,9,1,2.0,0,0,0,0,0,0,0,0,0,0,0,0,2021,0,0,0,0,0,0,0,0.6723999977111816,,,,,,0,1,0,0,0,0
NER,41710,417,10,1,2.0,0,0,0,0,0,0,0,0,0,0,0,0,2021,0,0,0,0,0,0,0,1.6347999572753906,0.0,2.0,0.0,0.0,2.0,0,1,1,0,0,0
NER,41711,417,11,1,2.0,0,0,1,0,0,0,0,0,0,0,0,0,2021,0,0,0,0,0,0,0,3.2848000526428223,1.0,4.0,0.0,0.0,0.0,0,1,0,0,0,0
NER,41712,417,12,1,2.0,0,0,0,0,0,0,0,0,0,0,0,0,2021,0,0,0,0,0,0,0,2.033600091934204,2.0,2.0,0.0,0.0,0.0,0,1,0,0,0,0
NER,41717,417,17,1,2.0,0,0,0,0,0,0,0,0,0,0,0,0,2021,0,0,0,0,0,0,0,3.338599920272827,1.0,8.0,0.0,0.0,0.0,0,1,0,0,0,0
NER,41801,418,1,2,2.0,1,0,0,1,1,0,0,0,0,0,0,0,2021,0,0,0,0,0,0,0,7.569300174713135,2.0,3.0,0.0,0.0,0.0,1,1,0,0,0,0
NER,41802,418,2,2,2.0,1,0,0,1,1,0,0,0,0,0,0,0,2021,0,0,0,0,0,0,0,1.5422999858856201,1.0,4.0,0.0,0.0,0.0,1,1,1,0,0,0
NER,41803,418,3,2,2.0,1,0,0,1,1,0,0,1,0,0,0,0,2021,0,0,0,0,0,0,0,2.8113999366760254,6.0,9.0,0.0,0.0,0.0,1,1,0,0,0,0
NER,41804,418,4,2,2.0,1,0,0,1,1,0,0,0,0,0,0,0,2021,0,0,0,0,0,0,0,11.838399648666382,1.0,5.0,0.0,0.0,0.0,0,1,1,0,0,0
NER,41805,418,5,2,2.0,1,0,0,1,1,0,0,0,0,0,0,0,2021,0,0,0,0,0,0,0,3.277400016784668,1.0,4.0,0.0,0.0,0.0,1,0,0,0,0,0
NER,41806,418,6,2,2.0,1,0,0,1,1,0,0,1,0,0,0,0,2021,0,0,0,0,0,0,0,6.065800189971924,3.0,9.0,0.0,0.0,6.0,0,0,0,0,0,0
NER,41807,418,7,2,2.0,1,0,0,1,1,0,0,0,0,0,0,0,2021,0,0,0,0,0,0,0,1.4586999416351318,0.0,7.0,0.0,0.0,0.0,0,0,1,0,0,0
NER,41808,418,8,2,2.0,1,0,0,1,1,0,0,1,0,0,0,0,2021,0,0,0,0,0,0,0,7.053599834442139,0.0,7.0,0.0,0.0,0.0,0,0,0,0,0,0
NER,41809,418,9,2,2.0,1,0,0,1,1,0,0,0,0,0,0,0,2021,0,0,0,0,0,0,0,4.119899928569794,1.0,3.0,0.0,0.0,0.0,0,0,0,0,0,0
NER,41810,418,10,2,2.0,1,0,0,1,1,0,0,0,0,0,0,0,2021,0,0,0,0,0,0,0,1.5631999969482422,0.0,4.0,0.0,0.0,0.0,0,0,0,0,0,0
NER,41811,418,11,2,2.0,1,0,0,1,1,0,0,0,1,0,0,0,2021,0,0,0,0,0,0,0,,0.0,1.0,0.0,0.0,0.0,0,0,0,0,0,0
NER,41812,418,12,2,2.0,1,0,0,1,1,0,0,0,0,0,0,0,2021,0,0,0,0,0,0,0,9.48140001296997,2.0,6.0,0.0,0.0,0.0,0,0,0,0,0,0
NER,41901,419,1,1,2.0,0,0,0,0,0,0,0,0,0,0,0,0,2021,0,0,0,0,0,0,0,5.086199879646301,1.0,2.0,0.0,0.0,24.0,0,1,1,1,0,1
NER,41902,419,2,1,2.0,0,0,0,0,0,0,0,0,0,0,0,0,2021,0,0,0,0,0,0,0,2.802799880504608,1.0,4.0,0.0,0.0,2.0,0,1,0,0,0,0
NER,41903,419,3,1,2.0,0,0,0,0,0,0,0,0,0,0,0,0,2021,0,0,0,0,0,0,0,,,,,,,0,1,0,0,0,0
NER,41904,419,4,1,2.0,0,0,0,0,0,0,0,0,0,0,0,0,2021,0,0,0,0,0,0,0,,,,,,,0,0,0,0,0,0
NER,41905,419,5,1,2.0,0,0,0,0,0,0,0,0,0,0,0,0,2021,0,0,0,0,0,0,0,4.207000017166138,,,,,,0,1,1,0,0,0
NER,41906,419,6,1,2.0,0,0,0,0,0,0,0,0,0,0,0,0,2021,0,0,0,0,0,0,0,0.9257000088691711,,,,,,0,1,0,0,0,0
NER,41907,419,7,1,2.0,0,0,0,0,0,0,0,0,0,0,0,0,2021,0,0,0,0,0,0,0,1.2975000143051147,0.0,0.0,0.0,0.0,10.0,1,1,1,0,0,0
NER,41908,419,8,1,2.0,0,0,0,0,0,0,0,0,0,0,0,0,2021,0,0,0,0,0,0,0,1.1825000047683716,,,,,,0,1,1,0,0,0
NER,41909,419,9,1,2.0,0,0,0,0,0,0,0,0,0,0,0,0,2021,0,0,0,0,0,0,0,2.2165000438690186,,,,,,0,1,0,0,0,0
NER,41910,419,10,1,2.0,0,0,0,0,0,0,0,0,0,0,0,0,2021,0,0,0,0,0,0,0,2.4848999977111816,1.0,2.0,0.0,0.0,0.0,1,0,1,0,0,0
NER,41911,419,11,1,2.0,0,0,0,0,0,0,0,0,0,0,0,0,2021,0,0,0,0,0,0,0,37.72650146484375,,,,,,0,1,1,0,0,0
NER,41912,419,12,1,2.0,0,0,0,0,0,0,0,0,0,0,0,0,2021,0,0,0,0,0,0,0,2.287899971008301,1.0,0.0,0.0,0.0,0.0,1,1,0,0,0,0
NER,42001,420,1,2,2.0,1,0,0,0,0,0,0,0,0,0,0,0,2021,0,0,0,0,0,0,0,1.4545999765396118,0.0,8.0,0.0,0.0,0.0,0,1,1,0,0,0
NER,42002,420,2,2,2.0,1,0,0,0,0,0,0,0,0,0,0,0,2021,0,0,0,0,0,0,0,1.0770000219345093,2.0,2.0,0.0,0.0,0.0,1,1,1,0,1,0
NER,42003,420,3,2,2.0,1,0,0,0,0,0,0,0,0,0,0,0,2021,0,0,0,0,0,0,0,1.8078999519348145,2.0,11.0,0.0,0.0,9.0,0,1,1,0,0,0
NER,42004,420,4,2,2.0,1,0,0,0,0,0,0,0,0,0,0,0,2021,0,0,0,0,0,0,0,30.549999237060547,0.0,5.0,0.0,0.0,0.0,0,1,1,0,0,0
NER,42005,420,5,2,2.0,1,0,0,0,0,0,0,0,0,0,0,0,2021,0,0,0,0,0,0,0,0.994700014591217,,,,,,1,1,1,0,0,0
NER,42006,420,6,2,2.0,1,0,0,0,0,0,0,0,0,0,0,0,2021,0,0,0,0,0,0,0,,0.0,5.0,0.0,0.0,0.0,1,1,1,0,0,0
NER,42007,420,7,2,2.0,1,0,0,0,0,0,0,0,0,0,0,0,2021,0,0,0,0,0,0,0,2.0250000953674316,1.0,0.0,0.0,0.0,0.0,1,0,1,0,0,0
NER,42009,420,9,2,2.0,1,0,0,0,0,0,0,0,0,0,0,0,2021,0,0,0,0,0,0,0,1.0700000524520874,,,,,,0,0,1,1,0,0
NER,42010,420,10,2,2.0,1,0,0,0,0,0,0,0,0,0,0,0,2021,0,0,0,0,0,0,0,2.133300006389618,1.0,3.0,0.0,0.0,0.0,1,1,0,0,0,0
NER,42011,420,11,2,2.0,1,0,0,0,0,0,0,0,0,0,0,0,2021,0,0,0,0,0,0,0,1.1963000297546387,,,,,,0,1,0,0,0,0
NER,42012,420,12,2,2.0,1,0,0,0,0,0,0,0,0,0,0,0,2021,0,0,0,0,0,0,0,,0.0,4.0,0.0,0.0,0.0,1,1,0,0,0,0
NER,42013,420,13,2,2.0,1,0,0,0,0,0,0,0,0,0,0,0,2021,0,0,0,0,0,0,0,1.6200000047683716,0.0,3.0,0.0,0.0,0.0,0,1,0,0,0,0
NER,42101,421,1,1,2.0,1,0,0,0,1,0,0,0,0,0,0,0,2021,0,0,0,0,0,0,0,0.914900004863739,0.0,5.0,0.0,0.0,0.0,0,1,1,0,0,0
NER,42102,421,2,1,2.0,1,0,0,0,0,0,0,0,0,0,0,0,2021,0,0,0,0,0,0,0,,,,,,,0,0,0,0,0,0
NER,42103,421,3,1,2.0,1,0,0,0,0,0,0,0,0,0,0,0,2021,0,0,0,0,0,0,0,2.0250000953674316,1.0,9.0,0.0,0.0,10.0,0,0,0,0,1,0
NER,42104,421,4,1,2.0,1,0,0,0,0,0,0,0,0,0,0,0,2021,0,0,0,0,0,0,0,3.2067999839782715,,,,,,0,0,1,0,0,0
NER,42105,421,5,1,2.0,1,0,0,0,1,0,0,0,0,0,0,0,2021,0,0,0,0,0,0,0,6.632500231266022,2.0,2.0,0.0,0.0,0.0,0,0,0,0,0,0
NER,42106,421,6,1,2.0,0,0,0,0,0,0,0,0,0,0,0,0,2021,0,0,0,0,0,0,0,2.582900047302246,0.0,1.0,0.0,0.0,0.0,0,0,0,0,0,0
NER,42107,421,7,1,2.0,1,0,0,0,0,0,0,0,0,0,0,0,2021,0,0,0,0,0,0,0,0.8127999901771545,0.0,1.0,0.0,0.0,6.0,0,0,0,0,0,0
NER,42108,421,8,1,2.0,1,0,0,0,0,0,0,0,0,0,0,0,2021,0,0,0,0,0,0,0,,,,,,,0,0,0,0,0,0
NER,42109,421,9,1,2.0,1,0,0,0,0,0,0,0,0,0,0,0,2021,0,0,0,0,0,0,0,1.0598000288009644,1.0,9.0,0.0,0.0,0.0,0,0,0,1,0,0
NER,42110,421,10,1,2.0,1,0,0,0,0,0,0,0,0,0,0,0,2021,0,0,0,0,0,0,0,5.0015997886657715,1.0,3.0,0.0,0.0,0.0,0,0,1,0,0,0
NER,42111,421,11,1,2.0,0,0,0,0,1,0,0,0,0,0,0,0,2021,0,0,0,0,0,0,0,2.0007998943328857,0.0,0.0,0.0,0.0,1.0,0,0,0,0,0,0
NER,42112,421,12,1,2.0,1,0,0,0,0,0,0,0,0,0,0,0,2021,0,0,0,0,0,0,0,4.362600088119507,1.0,5.0,0.0,0.0,0.0,1,0,0,0,0,0
NER,42201,422,1,2,2.0,0,0,0,0,0,0,0,0,0,0,0,0,2021,0,0,0,0,0,0,0,2.007418155670166,0.0,8.0,0.0,0.0,13.0,0,0,1,1,0,0
NER,42202,422,2,2,2.0,1,0,0,0,0,0,0,0,0,0,0,0,2021,0,0,0,0,0,0,0,5.820000171661377,2.0,6.0,0.0,0.0,1.0,0,1,0,0,0,0
NER,42203,422,3,2,2.0,0,0,0,0,0,0,0,0,0,0,0,0,2021,0,0,0,0,0,0,0,8.130000114440918,0.0,3.0,0.0,0.0,3.0,0,1,0,1,0,0
NER,42204,422,4,2,2.0,0,0,0,0,0,0,0,0,0,0,0,0,2021,0,0,0,0,0,0,0,7.699999809265137,7.0,11.0,0.0,0.0,37.0,1,0,0,1,0,0
NER,42205,422,5,2,4.0,1,0,0,0,0,0,0,0,0,0,0,0,2021,0,0,0,0,0,0,0,2.227505683898926,0.0,2.0,0.0,0.0,0.0,0,0,0,0,0,0
NER,42207,422,7,2,2.0,1,0,0,0,0,0,0,0,0,0,0,0,2021,0,0,0,0,0,0,0,2.0143864154815674,3.0,25.0,0.0,0.0,0.0,1,1,0,1,0,0
NER,42208,422,8,2,4.0,1,0,0,0,0,0,0,0,0,1,0,0,2021,0,0,0,0,0,0,0,0.0,0.0,2.0,0.0,0.0,0.0,0,0,0,1,0,0
NER,42209,422,9,2,2.0,1,0,0,0,0,0,0,0,0,0,0,0,2021,0,0,0,0,0,0,0,8.200000047683716,6.0,20.0,0.0,0.0,8.0,0,1,0,0,0,0
NER,42210,422,10,2,2.0,0,0,0,0,0,0,0,0,0,0,0,0,2021,0,0,0,0,0,0,0,9.067098140716553,21.0,26.0,0.0,0.0,20.0,0,0,0,0,0,0
NER,42212,422,12,2,2.0,0,0,0,0,0,0,0,0,0,0,0,0,2021,0,0,0,0,0,0,0,2.493489146232605,1.0,7.0,0.0,0.0,0.0,0,0,0,0,0,0
NER,42222,422,22,2,2.0,1,0,0,0,0,0,0,0,0,0,0,0,2021,0,0,0,0,0,0,0,15.619999885559082,3.0,3.0,0.0,0.0,0.0,0,0,0,1,0,0
NER,42223,422,23,2,2.0,0,0,0,0,0,0,0,0,0,0,0,0,2021,0,0,0,0,0,0,0,4.71999979019165,1.0,0.0,0.0,0.0,0.0,0,1,1,0,0,0
NER,42301,423,1,1,2.0,1,1,0,0,0,0,0,0,0,0,0,0,2021,0,0,0,0,0,0,0,2.75190007686615,1.0,0.0,0.0,0.0,0.0,0,0,0,0,0,0
NER,42302,423,2,1,2.0,1,0,0,0,0,0,0,0,0,0,0,0,2021,0,0,0,0,0,0,0,13.705999612808228,,,,,,0,1,0,0,0,0
NER,42304,423,4,1,2.0,1,1,0,0,0,0,0,0,0,0,0,0,2021,0,0,0,0,0,0,0,5.963893532752991,0.0,2.0,0.0,0.0,0.0,0,0,0,0,0,0
NER,42305,423,5,1,2.0,1,0,0,0,0,0,0,0,0,0,0,0,2021,0,0,0,0,0,0,0,6.9089484214782715,7.0,14.0,0.0,0.0,21.0,0,1,0,0,0,0
NER,42306,423,6,1,2.0,1,0,0,0,0,0,0,0,0,0,0,0,2021,0,0,0,0,0,0,0,7.256799936294556,2.0,4.0,0.0,0.0,10.0,1,0,0,0,0,0
NER,42307,423,7,1,2.0,1,1,0,0,0,0,0,0,0,0,0,0,2021,0,0,0,0,0,0,0,3.5233001112937927,2.0,2.0,0.0,0.0,0.0,0,0,0,0,0,0
NER,42308,423,8,1,2.0,1,0,0,0,0,0,0,0,0,0,0,0,2021,0,0,0,0,0,0,0,6.953088045120239,3.0,4.0,0.0,0.0,3.0,0,1,0,0,0,0
NER,42309,423,9,1,2.0,1,0,0,0,0,0,0,0,0,0,0,0,2021,0,0,0,0,0,0,0,4.085930824279785,,,,,,0,0,0,0,0,1
NER,42310,423,10,1,2.0,1,1,0,0,0,0,0,0,0,0,0,0,2021,0,0,0,0,0,0,0,3.1462000608444214,4.0,3.0,0.0,0.0,0.0,0,0,0,0,0,0
NER,42311,423,11,1,2.0,1,0,0,0,0,0,0,0,0,0,0,0,2021,0,0,0,0,0,0,0,33.5246045589447,1.0,6.0,0.0,0.0,50.0,0,1,0,0,0,0
NER,42312,423,12,1,2.0,1,0,0,0,0,0,0,0,0,0,0,0,2021,0,0,0,0,0,0,0,,,,,,,0,0,0,0,0,0
NER,42318,423,18,1,2.0,1,0,0,0,0,0,0,0,0,0,0,0,2021,0,0,0,0,0,0,0,8.716100096702576,7.0,4.0,0.0,0.0,1.0,0,0,0,0,0,0
NER,42401,424,1,2,2.0,1,0,0,0,0,0,0,0,0,0,0,0,2021,0,0,0,0,0,0,0,2.240000009536743,6.0,5.0,0.0,0.0,10.0,0,0,0,0,0,0
NER,42402,424,2,2,2.0,1,0,0,0,0,0,0,0,0,0,0,0,2021,0,0,0,0,0,0,0,2.0205092430114746,,,,,,0,0,0,0,0,0
NER,42403,424,3,2,2.0,1,0,0,0,0,0,0,0,0,0,0,0,2021,0,0,0,0,0,0,0,1.8200000524520874,1.0,4.0,0.0,0.0,0.0,1,0,0,0,0,0
NER,42404,424,4,2,2.0,1,0,0,0,0,0,0,0,0,0,0,0,2021,0,0,0,0,0,0,0,5.039999961853027,0.0,3.0,0.0,0.0,1.0,0,1,0,0,0,0
NER,42405,424,5,2,2.0,1,0,0,0,0,0,0,0,0,0,0,0,2021,0,0,0,0,0,0,0,2.0848119258880615,0.0,6.0,0.0,0.0,0.0,0,1,0,1,0,0
NER,42406,424,6,2,2.0,1,0,0,0,0,0,0,0,0,0,0,0,2021,0,0,0,0,0,0,0,4.560000061988831,1.0,3.0,0.0,0.0,0.0,0,0,0,0,0,0
NER,42407,424,7,2,2.0,1,0,0,0,0,0,0,0,0,0,0,0,2021,0,0,0,0,0,0,0,2.0249712467193604,,,,,,1,0,0,1,0,0
NER,42408,424,8,2,4.0,1,0,0,0,0,0,0,0,0,0,0,0,2021,0,0,0,0,0,0,0,4.8580451011657715,1.0,3.0,0.0,0.0,0.0,1,1,0,1,0,0
NER,42410,424,10,2,2.0,1,0,0,0,0,0,0,0,0,0,0,0,2021,0,0,0,0,0,0,0,0.0,1.0,0.0,0.0,0.0,0.0,0,0,0,0,0,0
NER,42411,424,11,2,2.0,1,0,0,0,0,0,0,0,0,0,0,0,2021,0,0,0,0,0,0,0,9.397538185119629,1.0,3.0,0.0,0.0,0.0,0,1,0,0,0,0
NER,42412,424,12,2,2.0,1,0,0,0,0,0,0,0,0,0,0,0,2021,0,0,0,0,0,0,0,2.04838228225708,1.0,4.0,0.0,0.0,6.0,0,1,0,0,0,0
NER,42416,424,16,2,4.0,1,0,0,0,0,0,0,0,0,0,0,0,2021,0,0,0,0,0,0,0,4.097945690155029,,,,,,0,1,0,0,0,0
NER,42501,425,1,1,2.0,1,1,0,1,1,0,0,0,0,0,0,0,2021,0,0,0,0,0,0,0,1.9769346714019775,0.0,1.0,0.0,0.0,0.0,0,0,0,0,0,0
NER,42502,425,2,1,2.0,1,0,0,1,1,0,0,0,0,0,0,0,2021,0,0,0,0,0,0,0,4.906470775604248,1.0,5.0,0.0,0.0,0.0,0,0,0,0,0,0
NER,42503,425,3,1,2.0,1,0,0,1,1,0,0,0,0,0,0,0,2021,0,0,0,0,0,0,0,7.729894161224365,1.0,4.0,0.0,0.0,10.0,0,0,1,0,0,1
NER,42504,425,4,1,2.0,1,1,0,1,1,0,0,0,0,0,0,0,2021,0,0,0,0,0,0,0,1.6061000227928162,0.0,1.0,0.0,0.0,0.0,0,0,0,0,0,0
NER,42507,425,7,1,2.0,1,0,0,1,1,0,0,0,0,0,0,0,2021,0,0,0,0,0,0,0,,,,,,,0,0,0,0,0,0
NER,42508,425,8,1,2.0,1,1,0,1,1,0,0,0,0,0,0,0,2021,0,0,0,0,0,0,0,4.767399787902832,0.0,1.0,0.0,0.0,0.0,0,0,0,0,0,0
NER,42511,425,11,1,2.0,1,0,0,1,1,0,0,0,0,0,0,0,2021,0,0,0,0,0,0,0,14.684200286865234,1.0,2.0,0.0,0.0,0.0,0,0,0,0,0,1
NER,42512,425,12,1,2.0,1,1,0,1,1,0,0,0,0,0,0,0,2021,0,0,0,0,0,0,0,3.4391000270843506,0.0,3.0,0.0,0.0,0.0,1,0,0,0,0,0
NER,42513,425,13,1,2.0,1,0,0,1,1,0,0,0,0,0,0,0,2021,0,0,0,0,0,0,0,1.9903063774108887,,,,,,0,0,0,0,0,0
NER,42514,425,14,1,2.0,1,0,0,1,1,0,0,0,0,0,0,0,2021,0,0,0,0,0,0,0,4.377699851989746,0.0,3.0,0.0,0.0,10.0,1,0,0,0,0,0
NER,42517,425,17,1,2.0,1,0,0,1,1,0,0,0,0,0,0,0,2021,0,0,0,0,0,0,0,3.318000078201294,0.0,4.0,0.0,0.0,0.0,1,0,0,0,0,0
NER,42518,425,18,1,2.0,1,0,0,1,1,0,0,0,0,0,0,0,2021,0,0,0,0,0,0,0,2.007418155670166,0.0,1.0,0.0,0.0,0.0,0,0,0,0,0,0
NER,42601,426,1,2,2.0,1,0,0,1,1,0,0,0,0,0,0,0,2021,0,0,0,0,0,0,0,,4.0,9.0,0.0,0.0,12.0,0,0,0,0,0,0
NER,42602,426,2,2,2.0,1,0,0,1,1,0,0,0,0,0,0,0,2021,0,0,0,0,0,0,0,16.020000457763672,1.0,5.0,0.0,0.0,4.0,1,0,0,0,0,0
NER,42604,426,4,2,2.0,1,0,0,1,1,0,0,0,0,0,0,0,2021,0,0,0,0,0,0,0,12.09000015258789,1.0,4.0,0.0,0.0,3.0,0,0,0,0,0,0
NER,42606,426,6,2,2.0,1,0,0,1,1,0,0,0,0,0,0,0,2021,0,0,0,0,0,0,0,13.729999780654907,4.0,32.0,0.0,0.0,45.0,1,0,0,0,1,0
NER,42607,426,7,2,4.0,0,0,0,1,1,0,0,0,0,0,0,0,2021,0,0,0,0,0,0,0,6.800000190734863,0.0,10.0,0.0,0.0,0.0,1,1,0,1,0,0
NER,42608,426,8,2,2.0,0,0,0,1,1,0,0,0,0,0,0,0,2021,0,0,0,0,0,0,0,5.070000171661377,0.0,6.0,0.0,0.0,0.0,1,0,0,1,0,0
NER,42609,426,9,2,2.0,0,0,0,1,1,0,0,0,0,0,0,0,2021,0,0,0,0,0,0,0,3.2699999809265137,0.0,3.0,0.0,0.0,0.0,1,0,0,1,0,0
NER,42610,426,10,2,2.0,1,0,0,1,1,0,0,0,0,0,0,0,2021,0,0,0,0,0,0,0,10.281126737594604,1.0,15.0,0.0,0.0,0.0,1,0,0,0,0,0
NER,42611,426,11,2,2.0,1,0,0,1,1,0,0,0,0,0,0,0,2021,0,0,0,0,0,0,0,1.3470994234085083,,,,,,1,0,0,0,0,0
NER,42612,426,12,2,2.0,1,0,0,1,1,0,0,0,0,0,0,0,2021,0,0,0,0,0,0,0,0.5600000023841858,0.0,3.0,0.0,0.0,0.0,0,0,0,1,0,0
NER,42613,426,13,2,2.0,1,0,0,1,1,0,0,0,0,0,0,0,2021,0,0,0,0,0,0,0,2.7699999809265137,1.0,7.0,0.0,0.0,10.0,0,0,0,0,0,0
NER,42616,426,16,2,2.0,1,0,0,1,1,0,0,0,0,0,0,0,2021,0,0,0,0,0,0,0,24.429999351501465,1.0,0.0,0.0,0.0,0.0,0,0,0,0,0,0
NER,42701,427,1,1,2.0,1,0,0,0,0,0,0,0,0,0,0,0,2021,0,0,0,0,0,0,0,1.8858000040054321,0.0,2.0,0.0,0.0,3.0,0,0,0,0,0,0
NER,42703,427,3,1,2.0,1,0,0,0,0,0,0,0,0,0,0,0,2021,0,0,0,0,0,0,0,30.163373112678528,2.0,0.0,0.0,0.0,0.0,0,1,0,0,0,0
NER,42704,427,4,1,2.0,0,0,0,0,0,0,0,0,0,0,0,0,2021,0,0,0,0,0,0,0,3.897700071334839,1.0,3.0,0.0,0.0,0.0,1,0,0,0,0,0
NER,42705,427,5,1,2.0,1,0,0,0,0,0,0,0,0,0,0,0,2021,0,0,0,0,0,0,0,9.184400081634521,6.0,6.0,0.0,0.0,1.0,0,0,0,0,0,0
NER,42706,427,6,1,2.0,1,0,0,0,0,0,0,0,0,0,0,0,2021,0,0,0,0,0,0,0,1.4221999645233154,2.0,1.0,0.0,0.0,5.0,0,0,0,0,0,0
NER,42707,427,7,1,2.0,0,0,0,0,0,0,0,0,0,0,0,0,2021,0,0,0,0,0,0,0,8.658599853515625,3.0,3.0,0.0,0.0,0.0,0,0,1,0,0,0
NER,42708,427,8,1,2.0,0,0,0,0,0,0,0,0,0,0,0,0,2021,0,0,0,0,0,0,0,7.210208058357239,0.0,4.0,0.0,0.0,0.0,0,1,0,0,0,0
NER,42709,427,9,1,2.0,1,0,0,0,0,0,0,0,0,0,0,0,2021,0,0,0,0,0,0,0,4.210599899291992,0.0,1.0,0.0,0.0,0.0,0,1,0,0,0,0
NER,42710,427,10,1,2.0,1,0,0,0,0,0,0,0,0,0,0,0,2021,0,0,0,0,0,0,0,,0.0,2.0,0.0,0.0,0.0,0,0,0,0,0,0
NER,42711,427,11,1,2.0,0,0,0,0,0,0,0,0,0,0,0,0,2021,0,0,0,0,0,0,0,25.451699256896973,1.0,2.0,0.0,0.0,6.0,0,1,0,0,0,0
NER,42718,427,18,1,2.0,1,0,0,0,0,0,0,0,0,0,0,0,2021,0,0,0,0,0,0,0,22.291000366210938,0.0,4.0,0.0,0.0,0.0,1,0,0,0,0,0
NER,42720,427,20,1,2.0,0,0,0,0,0,0,0,0,0,0,0,0,2021,0,0,0,0,0,0,0,2.9241000413894653,1.0,9.0,0.0,0.0,0.0,0,0,0,0,0,0
NER,42801,428,1,2,2.0,1,0,0,1,1,0,0,0,0,0,0,0,2021,0,0,0,0,0,0,0,2.0299999713897705,0.0,0.0,0.0,0.0,10.0,0,1,0,0,0,0
NER,42802,428,2,2,2.0,1,0,0,1,1,0,0,0,0,0,0,0,2021,0,0,0,0,0,0,0,,0.0,11.0,0.0,0.0,7.0,0,0,0,0,0,0
NER,42803,428,3,2,2.0,1,0,0,1,1,0,0,0,0,0,0,0,2021,0,0,0,0,0,0,0,3.3090237379074097,1.0,1.0,0.0,0.0,0.0,0,0,0,0,0,0
NER,42804,428,4,2,2.0,1,0,0,1,1,0,0,0,0,0,0,0,2021,0,0,0,0,0,0,0,4.508924961090088,1.0,0.0,0.0,0.0,4.0,1,0,0,0,0,0
NER,42805,428,5,2,2.0,0,0,0,1,1,0,0,0,0,0,0,0,2021,0,0,0,0,0,0,0,1.5088255405426025,2.0,10.0,0.0,0.0,0.0,0,0,0,0,0,0
NER,42806,428,6,2,2.0,1,0,0,1,1,0,0,0,0,0,0,0,2021,0,0,0,0,0,0,0,3.49924898147583,1.0,7.0,0.0,0.0,0.0,0,1,0,0,0,0
NER,42807,428,7,2,2.0,1,0,0,1,1,0,0,0,0,0,0,0,2021,0,0,0,0,0,0,0,,,,,,,0,0,0,0,0,0
NER,42808,428,8,2,2.0,1,0,0,1,1,0,0,0,0,0,0,0,2021,0,0,0,0,0,0,0,1.3844118118286133,1.0,2.0,0.0,0.0,0.0,0,0,0,0,0,0
NER,42809,428,9,2,2.0,1,0,0,1,1,1,1,0,0,0,0,0,2021,0,0,0,0,0,0,0,1.3115521669387817,1.0,2.0,0.0,0.0,0.0,0,0,0,0,0,0
NER,42810,428,10,2,2.0,1,0,0,1,0,0,0,0,0,0,0,0,2021,0,0,0,0,0,0,0,12.760000228881836,0.0,5.0,0.0,0.0,0.0,0,0,0,0,0,0
NER,42811,428,11,2,2.0,1,0,0,1,1,1,0,0,0,0,0,0,2021,0,0,0,0,0,0,0,2.555539846420288,,,,,,0,1,0,0,0,0
NER,42812,428,12,2,2.0,1,0,0,1,0,0,0,0,0,0,0,0,2021,0,0,0,0,0,0,0,,,,,,,1,0,0,0,0,0
NER,42901,429,1,1,2.0,1,1,0,1,1,0,0,0,0,0,0,0,2021,0,0,0,0,0,0,0,3.2818000316619873,,,,,,1,0,0,0,0,0
NER,42904,429,4,1,2.0,1,0,0,0,1,0,0,0,0,0,0,0,2021,0,0,0,0,0,0,0,17.747100353240967,,,,,,0,1,0,0,0,0
NER,42906,429,6,1,2.0,1,0,0,1,1,0,0,0,0,0,0,0,2021,0,0,0,0,0,0,0,,,,,,,0,0,0,0,0,1
NER,42908,429,8,1,2.0,1,1,0,1,1,0,0,0,0,0,0,0,2021,0,0,0,0,0,0,0,4.83840012550354,0.0,3.0,0.0,0.0,0.0,0,0,0,0,0,0
NER,42910,429,10,1,2.0,1,0,0,1,1,0,0,0,0,0,0,0,2021,0,0,0,0,0,0,0,40.45899963378906,1.0,27.0,0.0,0.0,0.0,0,1,0,0,0,0
NER,42912,429,12,1,2.0,1,1,0,1,1,0,0,0,0,0,0,0,2021,0,0,0,0,0,0,0,2.7928874492645264,1.0,5.0,0.0,0.0,0.0,0,0,0,0,0,0
NER,42913,429,13,1,2.0,1,0,0,1,1,0,0,0,0,0,0,0,2021,0,0,0,0,0,0,0,6.317800045013428,0.0,3.0,0.0,0.0,6.0,0,1,0,0,0,0
NER,42914,429,14,1,2.0,1,0,0,1,1,0,0,0,0,0,0,0,2021,0,0,0,0,0,0,0,4.25570011138916,0.0,4.0,0.0,0.0,0.0,0,1,0,0,0,1
NER,42917,429,17,1,2.0,1,0,0,1,1,0,0,0,0,0,0,0,2021,0,0,0,0,0,0,0,7.31279993057251,0.0,0.0,0.0,0.0,1.0,0,1,0,0,0,0
NER,42918,429,18,1,2.0,1,0,0,1,1,0,0,0,0,0,0,0,2021,0,0,0,0,0,0,0,8.867727518081665,,,,,,0,1,0,0,0,0
NER,42920,429,20,1,2.0,1,0,0,1,1,0,0,0,0,0,0,0,2021,0,0,0,0,0,0,0,5.088276624679565,1.0,2.0,0.0,0.0,0.0,0,1,0,0,0,0
NER,42922,429,22,1,2.0,1,0,0,1,1,0,0,0,0,0,0,0,2021,0,0,0,0,0,0,0,,0.0,2.0,0.0,0.0,0.0,0,0,0,0,0,0
NER,43001,430,1,2,2.0,1,1,1,1,1,1,1,0,0,0,0,0,2021,1,0,1,0,0,1,1,9.030699729919434,0.0,5.0,0.0,0.0,10.0,1,0,1,0,0,0
NER,43002,430,2,2,2.0,1,0,0,0,0,0,1,0,0,0,0,0,2021,1,0,0,0,0,0,0,,,,,,,1,0,1,0,0,0
NER,43003,430,3,2,2.0,1,0,0,1,1,0,1,0,0,0,0,0,2021,1,0,0,0,0,0,0,2.3169000148773193,,,,,,1,1,1,0,0,0
NER,43004,430,4,2,4.0,1,0,0,1,1,0,0,0,0,0,0,0,2021,0,0,0,0,0,0,0,,0.0,3.0,0.0,0.0,0.0,1,0,0,0,0,0
NER,43005,430,5,2,1.0,1,0,1,1,1,0,1,0,0,1,0,0,2021,0,0,0,0,0,1,0,,,,,,,0,0,0,1,0,0
NER,43006,430,6,2,3.0,1,0,0,1,1,0,0,0,0,0,0,0,2021,0,0,0,0,0,0,0,,,,,,,1,0,0,0,0,0
NER,43007,430,7,2,3.0,1,0,0,1,1,1,1,0,0,0,0,0,2021,1,0,0,0,0,1,0,,0.0,4.0,0.0,0.0,0.0,0,0,0,0,0,0
NER,43008,430,8,2,3.0,1,0,0,1,1,0,1,0,0,1,0,0,2021,1,0,0,0,0,0,0,,,,,,,0,0,0,0,0,0
NER,43009,430,9,2,1.0,1,0,1,0,0,1,1,0,0,0,0,0,2021,1,0,1,0,0,0,0,2.399399995803833,3.0,14.0,0.0,0.0,0.0,0,1,0,0,0,0
NER,43010,430,10,2,1.0,1,0,1,0,0,1,1,0,0,0,0,0,2021,0,0,0,0,0,0,0,2.5076160430908203,0.0,8.0,0.0,0.0,0.0,0,0,0,0,0,0
NER,43012,430,12,2,1.0,1,0,1,1,1,1,1,0,0,0,0,0,2021,1,1,0,0,0,0,0,,,,,,,0,0,0,0,0,0
NER,43013,430,13,2,4.0,1,0,0,0,0,1,1,0,0,0,0,0,2021,0,0,0,0,0,0,0,,,,,,,0,0,0,0,0,0
NER,43101,431,1,1,4.0,0,1,0,0,0,0,0,0,0,0,0,0,2021,0,0,0,0,0,0,0,,1.0,17.0,0.0,0.0,0.0,1,0,1,0,0,0
NER,43103,431,3,1,2.0,0,0,0,0,0,0,0,0,0,0,0,0,2021,0,0,0,0,0,0,0,5.315120458602905,7.0,24.0,0.0,0.0,2.0,0,0,0,0,0,0
NER,43104,431,4,1,2.0,0,0,0,0,0,0,0,0,0,0,0,0,2021,0,0,0,0,0,0,0,,7.0,29.0,0.0,0.0,4.0,0,0,0,0,0,0
NER,43105,431,5,1,4.0,0,1,0,0,0,0,0,0,0,0,0,0,2021,0,0,0,0,0,0,0,,1.0,3.0,0.0,0.0,2.0,1,0,0,0,0,0
NER,43106,431,6,1,2.0,0,0,0,0,0,0,0,0,0,0,0,0,2021,0,0,0,0,0,0,0,,,,,,,0,0,0,0,0,0
NER,43107,431,7,1,2.0,0,0,0,0,0,0,0,0,0,0,0,0,2021,0,0,0,0,0,0,0,,3.0,16.0,0.0,0.0,2.0,0,0,0,1,0,1
NER,43108,431,8,1,2.0,0,1,0,0,0,0,0,0,0,0,0,0,2021,0,0,0,0,0,0,0,1.403729796409607,4.0,21.0,0.0,0.0,0.0,1,0,0,0,0,0
NER,43109,431,9,1,2.0,0,0,0,0,0,0,0,0,0,0,0,0,2021,0,0,0,0,0,0,0,2.0885519981384277,2.0,10.0,0.0,0.0,0.0,1,0,0,0,0,0
NER,43111,431,11,1,2.0,0,0,0,0,0,0,0,0,0,0,0,0,2021,0,0,0,0,0,0,0,,2.0,4.0,0.0,0.0,0.0,0,0,0,0,0,1
NER,43112,431,12,1,4.0,0,0,0,0,0,0,0,0,0,0,0,0,2021,0,0,0,0,0,0,0,,4.0,28.0,0.0,0.0,0.0,1,0,1,0,0,0
NER,43117,431,17,1,2.0,0,0,0,0,0,0,0,0,0,0,0,0,2021,0,0,0,0,0,0,0,,2.0,12.0,0.0,0.0,0.0,0,0,0,0,0,0
NER,43201,432,1,2,2.0,0,0,0,0,0,0,0,0,0,0,0,0,2021,0,0,0,0,0,0,0,,20.0,30.0,0.0,0.0,0.0,0,1,0,0,0,0
NER,43202,432,2,2,2.0,0,0,0,0,0,0,0,0,0,0,0,0,2021,0,0,0,0,0,0,0,,47.0,41.0,0.0,0.0,0.0,0,1,1,0,0,0
NER,43203,432,3,2,2.0,0,0,0,0,0,0,0,0,0,0,0,0,2021,0,0,0,0,0,0,0,,36.0,25.0,0.0,0.0,0.0,0,1,0,0,0,0
NER,43204,432,4,2,2.0,0,0,0,0,0,0,0,0,0,0,0,0,2021,0,0,0,0,0,0,0,,27.0,23.0,0.0,0.0,0.0,0,1,0,0,0,0
NER,43205,432,5,2,2.0,0,0,0,0,0,0,0,0,0,0,0,0,2021,0,0,0,0,0,0,0,,29.0,40.0,0.0,0.0,0.0,0,1,0,0,0,0
NER,43206,432,6,2,2.0,0,0,0,0,0,0,0,0,0,0,0,0,2021,0,0,0,0,0,0,0,,16.0,26.0,0.0,0.0,0.0,0,0,0,0,0,0
NER,43207,432,7,2,2.0,0,0,0,0,0,0,0,0,0,0,0,0,2021,0,0,0,0,0,0,0,,8.0,10.0,0.0,0.0,0.0,0,0,0,0,0,0
NER,43209,432,9,2,2.0,0,0,0,0,0,0,0,0,0,0,0,0,2021,0,0,0,0,0,0,0,,37.0,21.0,0.0,0.0,3.0,0,0,0,0,0,0
NER,43210,432,10,2,2.0,0,0,0,0,0,0,0,0,0,0,0,0,2021,0,0,0,0,0,0,0,,19.0,6.0,0.0,0.0,0.0,0,0,0,0,0,0
NER,43211,432,11,2,2.0,0,0,0,0,0,0,0,0,0,0,0,0,2021,0,0,0,0,0,0,0,,13.0,4.0,0.0,0.0,0.0,0,0,0,0,0,0
NER,43212,432,12,2,2.0,0,0,0,0,0,0,0,0,0,0,0,0,2021,0,0,0,0,0,0,0,,24.0,5.0,0.0,0.0,0.0,0,0,0,0,0,0
NER,43219,432,19,2,2.0,0,0,0,0,0,0,0,0,0,0,0,0,2021,0,0,0,0,0,0,0,,12.0,10.0,0.0,0.0,0.0,0,0,0,0,0,0
NER,43301,433,1,1,2.0,1,1,1,1,1,0,1,0,0,0,0,0,2021,1,0,0,0,0,0,0,1.8317960500717163,0.0,2.0,0.0,0.0,0.0,0,0,0,0,0,0
NER,43302,433,2,1,1.0,1,1,1,1,1,1,1,0,0,0,0,0,2021,0,0,0,0,0,0,0,,,,,,,0,0,0,0,0,0
NER,43303,433,3,1,2.0,1,0,1,1,1,1,1,0,0,0,0,0,2021,1,0,1,0,0,1,0,,,,,,,0,0,0,0,0,0
NER,43305,433,5,1,1.0,1,0,0,1,1,0,0,0,0,0,1,0,2021,0,0,0,0,0,0,0,,,,,,,1,0,0,0,0,0
NER,43306,433,6,1,2.0,1,0,1,1,1,1,1,0,0,0,0,0,2021,1,0,0,0,0,0,0,,0.0,2.0,0.0,0.0,0.0,1,0,0,0,0,0
NER,43308,433,8,1,1.0,1,0,1,1,1,1,1,0,0,0,1,0,2021,0,0,0,0,0,0,0,1.8281673192977905,0.0,4.0,0.0,0.0,0.0,0,0,0,0,0,0
NER,43310,433,10,1,2.0,1,1,1,1,1,0,1,0,1,0,0,1,2021,0,0,0,0,0,0,0,,,,,,,1,0,0,1,0,1
NER,43311,433,11,1,2.0,1,1,1,1,1,0,0,1,0,0,0,0,2021,1,0,0,0,0,0,0,1.8024811744689941,0.0,4.0,0.0,0.0,0.0,0,0,0,0,0,0
NER,43312,433,12,1,1.0,1,1,1,1,1,1,1,0,0,0,0,0,2021,0,0,0,0,0,0,0,,,,,,,1,0,0,0,0,0
NER,43317,433,17,1,2.0,1,1,0,1,1,0,0,0,0,0,0,0,2021,0,0,0,0,0,0,0,,0.0,1.0,0.0,0.0,0.0,0,0,0,0,0,0
NER,43320,433,20,1,3.0,1,1,1,1,1,0,0,0,0,0,0,0,2021,0,0,0,0,0,0,0,,0.0,0.0,0.0,0.0,2.0,0,0,0,0,0,0
NER,43321,433,21,1,4.0,1,1,1,1,1,0,0,0,1,0,0,0,2021,0,0,0,0,0,0,0,,,,,,,0,0,0,0,0,1
NER,43401,434,1,2,1.0,1,0,1,0,0,0,1,0,1,0,0,0,2021,1,0,0,0,0,0,0,,,,,,,1,0,1,0,0,0
NER,43402,434,2,2,3.0,1,1,1,0,0,0,1,0,1,0,0,0,2021,1,0,0,0,0,0,0,,,,,,,0,0,1,0,0,0
NER,43403,434,3,2,3.0,1,1,1,0,0,0,0,0,1,0,0,0,2021,0,0,0,0,0,0,0,,,,,,,0,0,0,0,0,0
NER,43404,434,4,2,4.0,1,0,1,1,1,0,0,0,1,0,0,0,2021,1,0,0,0,0,0,0,,,,,,,0,0,1,0,0,0
NER,43405,434,5,2,4.0,1,0,1,1,1,0,1,0,1,0,0,0,2021,1,0,0,0,0,0,0,0.07400000095367432,,,,,,0,0,0,0,0,0
NER,43406,434,6,2,3.0,1,1,1,1,1,0,0,0,1,0,0,0,2021,0,0,0,0,0,0,0,,,,,,,0,0,0,1,0,0
NER,43407,434,7,2,1.0,1,1,1,1,1,1,1,0,1,1,1,0,2021,0,0,0,0,0,0,0,,0.0,6.0,0.0,0.0,0.0,0,0,0,0,0,0
NER,43408,434,8,2,1.0,1,0,1,1,1,1,1,0,1,0,0,0,2021,1,0,1,0,0,1,0,3.1740000247955322,3.0,3.0,0.0,0.0,3.0,0,0,0,0,0,0
NER,43409,434,9,2,2.0,1,0,1,1,1,0,0,0,1,0,1,0,2021,0,0,0,0,0,0,0,,0.0,6.0,0.0,0.0,0.0,0,0,0,0,0,0
NER,43410,434,10,2,2.0,1,0,1,1,1,0,0,0,1,0,1,0,2021,0,0,0,0,0,0,0,,,,,,,0,0,0,0,0,0
NER,43411,434,11,2,2.0,1,0,1,1,1,0,0,0,1,0,1,0,2021,0,0,0,0,0,0,0,,,,,,,0,0,0,0,0,0
NER,43412,434,12,2,4.0,1,1,1,1,1,0,1,0,1,0,1,0,2021,0,0,0,0,0,0,0,,,,,,,0,0,0,0,0,0
NER,43503,435,3,1,1.0,1,0,0,1,1,1,1,0,0,1,1,0,2021,0,0,0,0,0,0,0,0.9936000108718872,0.0,6.0,0.0,0.0,0.0,1,1,0,0,0,0
NER,43504,435,4,1,1.0,1,1,1,1,1,0,1,0,1,1,0,0,2021,0,0,0,0,0,0,0,,,,,,,0,0,0,0,0,0
NER,43506,435,6,1,4.0,1,1,1,1,1,1,1,0,0,0,1,0,2021,0,0,0,0,0,0,0,,0.0,6.0,0.0,0.0,4.0,1,0,0,0,0,0
NER,43507,435,7,1,3.0,1,1,1,0,0,1,1,0,0,1,1,0,2021,1,0,0,0,0,1,0,,1.0,0.0,0.0,0.0,0.0,1,1,1,1,0,0
NER,43508,435,8,1,1.0,1,1,1,1,1,0,0,0,0,0,0,0,2021,0,0,0,0,0,0,0,,0.0,2.0,0.0,0.0,0.0,0,1,0,0,0,0
NER,43509,435,9,1,3.0,1,1,1,1,1,0,0,0,0,1,1,0,2021,0,0,0,0,0,0,0,,,,,,,1,1,0,1,0,0
NER,43510,435,10,1,1.0,1,0,0,1,1,1,1,0,0,1,0,0,2021,0,0,0,0,0,0,0,,,,,,,1,0,1,1,0,0
NER,43512,435,12,1,4.0,1,0,1,1,1,0,0,0,1,0,0,0,2021,1,0,1,0,0,1,0,,0.0,0.0,0.0,0.0,3.0,0,0,0,0,0,0
NER,43513,435,13,1,4.0,1,1,1,1,1,0,0,0,0,1,1,0,2021,0,0,0,0,0,0,0,2.6699999570846558,0.0,6.0,0.0,0.0,3.0,0,0,0,1,0,0
NER,43516,435,16,1,1.0,1,1,1,1,1,0,0,1,1,0,0,0,2021,0,0,0,0,0,0,0,,0.0,0.0,0.0,0.0,1.0,0,0,0,0,0,0
NER,43517,435,17,1,4.0,1,1,0,1,1,0,0,0,0,0,0,0,2021,0,0,0,0,0,0,0,,,,,,,0,0,0,0,0,0
NER,43518,435,18,1,3.0,1,1,1,1,1,0,0,0,0,0,1,0,2021,0,0,0,0,0,0,0,,,,,,,0,0,0,0,0,0
NER,43601,436,1,2,4.0,1,0,0,0,0,1,1,0,1,0,0,1,2021,0,0,0,0,0,0,0,,,,,,,0,1,1,0,0,0
NER,43602,436,2,2,4.0,1,1,0,1,1,1,1,0,1,0,0,1,2021,1,0,0,1,0,1,0,,,,,,,1,0,0,0,0,0
NER,43603,436,3,2,4.0,1,0,0,1,1,0,1,0,1,0,0,0,2021,0,0,0,0,0,0,0,,,,,,,1,0,0,0,0,0
NER,43604,436,4,2,4.0,1,0,0,1,1,1,1,0,1,0,0,0,2021,0,0,0,0,0,0,0,,0.0,2.0,0.0,0.0,0.0,1,0,0,0,0,0
NER,43605,436,5,2,1.0,1,1,1,1,1,1,1,0,1,0,1,0,2021,1,0,0,0,0,0,0,,,,,,,0,0,0,0,0,0
NER,43606,436,6,2,2.0,1,0,0,1,1,1,1,0,1,0,0,0,2021,1,0,0,0,0,0,0,,,,,,,0,0,0,0,0,0
NER,43607,436,7,2,1.0,1,1,1,1,1,0,0,0,0,0,1,0,2021,1,0,0,0,0,0,0,,,,,,,0,0,0,0,0,0
NER,43608,436,8,2,3.0,1,1,1,1,1,0,0,0,1,0,0,0,2021,0,0,0,0,0,0,0,,0.0,0.0,0.0,0.0,11.0,0,0,0,0,0,0
NER,43609,436,9,2,1.0,1,1,1,0,0,1,1,0,0,0,0,0,2021,0,0,0,0,0,0,0,,,,,,,0,0,0,0,0,0
NER,43610,436,10,2,3.0,1,0,1,1,1,1,1,0,1,0,0,0,2021,0,0,0,0,0,0,0,,,,,,,0,0,0,0,0,0
NER,43611,436,11,2,4.0,1,1,1,1,1,1,1,0,1,0,0,0,2021,1,0,0,0,0,1,0,,,,,,,1,0,0,0,0,0
NER,43612,436,12,2,1.0,1,0,1,1,1,1,1,0,1,0,0,0,2021,0,0,0,0,0,0,0,,,,,,,0,0,0,0,0,0
NER,43702,437,2,1,3.0,1,0,1,1,1,1,1,0,0,0,0,0,2021,0,0,0,0,0,0,0,,0.0,1.0,0.0,0.0,4.0,1,0,0,0,0,0
NER,43703,437,3,1,4.0,1,1,1,1,1,1,1,0,1,0,1,0,2021,0,0,1,0,0,0,0,,0.0,2.0,0.0,0.0,2.0,0,0,0,1,0,0
NER,43704,437,4,1,1.0,1,1,1,1,1,1,1,0,1,1,1,1,2021,1,1,1,0,1,0,1,,,,,,,0,0,0,0,0,0
NER,43705,437,5,1,3.0,1,0,1,1,1,1,1,0,0,0,0,0,2021,1,0,0,0,0,1,0,,0.0,0.0,0.0,0.0,4.0,0,0,1,0,0,0
NER,43706,437,6,1,3.0,1,0,0,1,1,1,1,0,1,0,0,0,2021,0,0,0,0,0,0,0,,0.0,2.0,0.0,0.0,0.0,0,0,0,0,0,0
NER,43707,437,7,1,4.0,1,1,1,1,1,1,1,0,1,1,1,1,2021,1,1,1,1,1,1,0,,,,,,,0,0,0,0,0,0
NER,43709,437,9,1,4.0,1,1,1,1,1,1,1,0,1,1,1,0,2021,1,0,1,0,0,0,1,2.3100128173828125,0.0,14.0,0.0,0.0,0.0,0,0,0,0,0,0
NER,43710,437,10,1,1.0,1,1,1,1,1,1,1,0,1,1,1,1,2021,1,1,1,0,1,1,0,,,,,,,0,0,0,0,0,0
NER,43711,437,11,1,4.0,1,0,1,1,1,1,1,0,0,0,0,0,2021,0,0,0,0,0,0,0,,,,,,,1,0,0,0,0,0
NER,43712,437,12,1,1.0,1,1,0,1,1,1,1,0,1,0,0,0,2021,0,0,0,0,0,0,0,,,,,,,0,0,0,0,0,0
NER,43717,437,17,1,1.0,1,1,1,1,1,1,1,0,1,1,1,0,2021,0,0,0,0,0,0,0,0.4825018346309662,0.0,3.0,0.0,0.0,0.0,0,0,1,0,0,0
NER,43718,437,18,1,1.0,1,0,1,1,1,1,1,0,1,1,0,1,2021,1,0,0,1,0,1,0,,0.0,2.0,0.0,0.0,0.0,1,0,0,0,0,0
NER,43801,438,1,2,2.0,1,1,1,0,0,0,0,0,1,0,0,0,2021,0,0,0,0,0,0,0,0.3244999945163727,0.0,3.0,0.0,0.0,0.0,0,0,1,1,0,0
NER,43802,438,2,2,2.0,1,0,0,0,0,0,0,0,1,0,0,0,2021,0,0,0,0,0,0,0,2.5562999844551086,20.0,9.0,0.0,0.0,6.0,0,0,1,1,0,0
NER,43803,438,3,2,2.0,1,0,0,1,0,0,0,0,1,0,0,0,2021,0,0,0,0,0,0,0,0.25270000100135803,0.0,4.0,0.0,0.0,0.0,0,0,1,0,0,0
NER,43804,438,4,2,2.0,1,0,1,1,0,0,0,0,1,0,0,0,2021,0,0,0,0,0,0,0,3.1467999815940857,1.0,10.0,0.0,0.0,4.0,0,0,1,0,0,0
NER,43805,438,5,2,2.0,1,0,0,0,0,0,0,0,0,0,0,0,2021,0,0,0,0,0,0,0,1.5906999707221985,0.0,5.0,0.0,0.0,0.0,1,1,0,0,0,0
NER,43806,438,6,2,2.0,1,0,0,0,0,0,0,0,0,0,0,0,2021,0,0,0,0,0,0,0,1.1376999914646149,0.0,4.0,0.0,0.0,0.0,0,1,0,1,0,0
NER,43807,438,7,2,2.0,1,0,0,0,0,0,0,0,0,0,0,0,2021,0,0,0,0,0,0,0,0.7419000118970871,0.0,9.0,0.0,0.0,0.0,0,1,0,0,0,0
NER,43808,438,8,2,2.0,1,0,0,0,0,0,0,0,0,0,0,0,2021,0,0,0,0,0,0,0,1.6576999425888062,0.0,9.0,0.0,0.0,0.0,0,1,0,1,0,0
NER,43809,438,9,2,2.0,1,1,0,0,0,0,0,0,0,0,0,0,2021,0,0,0,0,0,0,0,3.9204670190811157,0.0,4.0,0.0,0.0,0.0,0,0,0,0,0,0
NER,43810,438,10,2,2.0,1,1,1,0,0,0,0,0,0,0,0,0,2021,0,0,0,0,0,0,0,,,,,,,1,0,0,0,0,0
NER,43811,438,11,2,2.0,1,1,1,0,0,0,0,0,0,0,0,0,2021,0,0,0,0,0,0,0,2.9946000576019287,0.0,4.0,0.0,0.0,0.0,0,0,0,0,0,0
NER,43812,438,12,2,2.0,1,0,0,0,0,0,0,0,0,0,0,0,2021,0,0,0,0,0,0,0,2.708400011062622,0.0,7.0,0.0,0.0,0.0,0,1,0,0,0,0
NER,43903,439,3,1,2.0,1,0,0,1,1,0,0,0,0,0,0,0,2021,0,0,0,0,0,0,0,0.39419999718666077,0.0,1.0,0.0,0.0,0.0,0,0,0,0,0,0
NER,43904,439,4,1,2.0,1,0,0,1,1,0,1,0,0,0,0,0,2021,0,0,0,0,0,0,0,1.3940999507904053,0.0,4.0,0.0,0.0,0.0,0,0,0,0,0,0
NER,43905,439,5,1,2.0,1,0,0,0,1,0,1,0,1,0,1,0,2021,0,0,0,0,0,0,0,,,,,,,1,0,1,0,0,0
NER,43906,439,6,1,2.0,1,0,0,1,1,0,0,0,0,1,0,0,2021,0,0,0,0,0,0,0,0.6937000155448914,,,,,,0,0,0,0,0,0
NER,43907,439,7,1,2.0,1,0,0,1,1,1,1,0,0,0,0,0,2021,0,0,0,0,0,0,0,0.7633999884128571,1.0,5.0,0.0,0.0,2.0,0,0,0,0,0,0
NER,43908,439,8,1,2.0,1,0,0,0,1,0,0,0,0,0,0,0,2021,0,0,0,0,0,0,0,0.2888000011444092,0.0,5.0,0.0,0.0,0.0,0,1,0,0,0,0
NER,43909,439,9,1,2.0,1,0,0,1,1,0,0,0,0,1,0,0,2021,0,0,0,0,0,0,0,1.0592999458312988,0.0,7.0,0.0,0.0,0.0,0,0,1,0,0,0
NER,43910,439,10,1,2.0,1,0,0,1,1,1,1,0,0,0,0,0,2021,0,0,0,0,0,0,0,,0.0,5.0,0.0,0.0,9.0,0,0,0,0,0,0
NER,43911,439,11,1,2.0,1,0,0,0,0,0,0,0,1,0,0,0,2021,0,0,0,0,0,0,0,0.690200001001358,0.0,7.0,0.0,0.0,0.0,0,0,0,0,0,0
NER,43912,439,12,1,2.0,1,0,0,1,1,0,1,0,0,0,0,0,2021,1,0,0,0,0,0,0,0.909199982881546,0.0,4.0,0.0,0.0,0.0,0,1,0,0,0,0
NER,43914,439,14,1,1.0,1,0,0,1,1,0,1,0,0,0,0,0,2021,0,0,0,0,0,0,0,,0.0,4.0,0.0,0.0,0.0,1,0,0,0,0,0
NER,43917,439,17,1,2.0,1,0,1,0,1,0,0,0,0,0,0,0,2021,0,0,0,0,0,0,0,,,,,,,0,0,1,0,0,0
NER,44001,440,1,2,4.0,1,1,1,1,1,1,1,0,1,1,1,0,2021,1,0,1,1,1,1,0,,,,,,,0,0,1,1,0,0
NER,44002,440,2,2,1.0,1,1,1,1,1,1,1,0,1,1,1,0,2021,1,0,1,1,1,1,1,,,,,,,0,0,1,1,0,0
NER,44003,440,3,2,4.0,1,1,1,1,1,0,0,0,1,0,0,0,2021,1,0,0,0,0,0,0,,,,,,,0,0,1,0,0,0
NER,44004,440,4,2,4.0,1,1,1,1,1,0,0,0,1,1,1,0,2021,1,0,0,0,0,1,0,,,,,,,0,0,1,1,0,0
NER,44007,440,7,2,1.0,1,1,1,1,1,1,1,0,1,1,1,1,2021,1,0,1,1,1,1,1,,0.0,1.0,0.0,0.0,4.0,0,0,0,0,0,0
NER,44008,440,8,2,1.0,1,1,1,1,1,1,1,0,1,1,1,1,2021,1,0,1,1,1,1,1,,2.0,19.0,0.0,0.0,112.0,0,0,0,0,0,0
NER,44009,440,9,2,1.0,1,1,1,1,1,1,1,0,1,1,1,1,2021,1,0,1,1,1,1,1,,0.0,0.0,0.0,0.0,100.0,0,0,0,0,0,0
NER,44010,440,10,2,1.0,1,1,1,1,1,1,1,0,1,0,1,1,2021,1,1,1,1,1,1,1,,0.0,5.0,0.0,0.0,0.0,0,0,0,1,0,0
NER,44017,440,17,2,1.0,1,1,1,1,1,1,1,0,1,1,1,1,2021,1,0,1,1,1,1,1,,,,,,,0,0,0,0,0,0
NER,44020,440,20,2,1.0,1,1,1,1,1,1,1,0,1,1,1,1,2021,1,0,1,1,1,1,0,,,,,,,0,0,0,1,0,0
NER,44022,440,22,2,1.0,1,1,1,1,1,1,1,0,1,1,1,1,2021,1,1,1,1,1,1,1,,,,,,,0,0,0,0,0,0
NER,44026,440,26,2,4.0,1,1,1,1,1,1,1,0,1,1,0,1,2021,0,0,0,0,0,0,0,,0.0,10.0,0.0,0.0,2.0,0,0,0,0,0,0
NER,44102,441,2,1,4.0,0,0,0,0,0,0,0,0,0,0,0,0,2021,0,0,0,0,0,0,0,,,,,,,0,0,0,0,0,0
NER,44103,441,3,1,3.0,1,1,1,1,1,1,1,0,0,1,1,0,2021,1,0,1,1,0,0,0,,,,,,,0,0,1,0,0,0
NER,44107,441,7,1,4.0,0,0,0,1,1,0,0,0,1,0,0,0,2021,0,0,0,0,0,0,0,,,,,,,0,1,0,0,0,0
NER,44108,441,8,1,4.0,1,1,1,1,1,0,0,0,0,0,0,0,2021,0,0,0,0,0,0,0,,,,,,,1,0,0,0,0,0
NER,44110,441,10,1,1.0,1,1,1,1,1,1,1,0,1,1,1,1,2021,1,0,1,1,0,0,1,,,,,,,0,0,0,0,0,0
NER,44117,441,17,1,3.0,1,1,1,1,1,1,1,0,0,1,1,0,2021,1,0,1,1,0,1,0,,,,,,,0,0,0,0,0,1
NER,44119,441,19,1,1.0,1,1,1,1,1,1,1,0,1,1,0,0,2021,1,1,1,1,0,1,1,,,,,,,0,0,0,0,0,0
NER,44120,441,20,1,4.0,1,1,1,1,1,1,1,0,0,1,1,0,2021,1,0,1,0,0,1,0,,,,,,,0,0,1,0,0,0
NER,44121,441,21,1,3.0,1,1,1,1,1,1,1,0,0,1,0,0,2021,1,0,1,0,0,1,0,,,,,,,0,0,0,1,0,0
NER,44124,441,24,1,4.0,0,0,0,1,1,0,0,0,0,0,0,1,2021,0,0,0,0,0,0,0,,,,,,,0,1,0,0,0,0
NER,44125,441,25,1,3.0,1,1,1,1,1,1,1,0,1,0,0,1,2021,1,0,0,0,0,0,0,,,,,,,0,0,0,0,0,0
NER,44126,441,26,1,3.0,1,1,1,1,1,1,1,0,1,0,0,0,2021,1,0,0,0,0,0,0,,,,,,,0,0,0,0,0,0
NER,44201,442,1,2,4.0,1,1,1,1,1,1,1,0,1,0,0,0,2021,0,0,0,0,0,0,0,,,,,,,0,0,0,0,0,0
NER,44202,442,2,2,4.0,0,0,0,1,1,0,0,0,1,0,0,0,2021,0,0,0,0,0,0,0,,,,,,,1,1,1,0,0,0
NER,44203,442,3,2,3.0,1,1,1,1,1,1,1,0,1,1,1,0,2021,1,0,1,0,0,1,0,,,,,,,0,0,1,0,0,0
NER,44204,442,4,2,4.0,1,1,1,1,1,1,1,0,1,0,0,0,2021,1,0,0,0,0,0,0,,,,,,,0,0,1,0,0,0
NER,44205,442,5,2,1.0,1,1,1,1,1,1,1,0,1,1,1,1,2021,1,0,1,0,0,1,1,,0.0,0.0,0.0,0.0,40.0,0,0,0,0,0,0
NER,44211,442,11,2,4.0,0,0,0,1,1,0,0,0,1,0,0,0,2021,0,0,0,0,0,0,0,,,,,,,0,0,0,0,0,0
NER,44222,442,22,2,4.0,0,0,0,1,1,0,0,0,1,0,0,0,2021,0,0,0,0,0,0,0,,,,,,,0,0,0,0,0,1
NER,44224,442,24,2,4.0,0,0,0,1,1,0,0,1,1,0,0,0,2021,0,0,0,0,0,0,0,,0.0,1.0,0.0,0.0,0.0,0,0,0,0,0,0
NER,44225,442,25,2,4.0,0,0,0,1,1,0,0,0,0,1,0,0,2021,0,0,0,0,0,0,0,,0.0,5.0,0.0,0.0,1.0,0,0,0,0,0,0
NER,44228,442,28,2,4.0,0,0,0,1,1,0,0,0,1,0,1,0,2021,0,0,0,0,0,0,0,,0.0,2.0,0.0,0.0,6.0,1,0,0,0,0,0
NER,44304,443,4,1,1.0,1,1,1,1,1,1,1,0,1,1,0,1,2021,1,0,1,0,0,1,1,,0.0,0.0,0.0,2.0,12.0,0,0,0,0,0,0
NER,44305,443,5,1,3.0,1,1,0,1,1,1,1,0,0,0,0,0,2021,1,0,1,0,0,0,0,,,,,,,0,0,0,0,0,0
NER,44306,443,6,1,1.0,1,1,1,1,1,1,1,0,1,0,0,1,2021,0,0,0,0,0,0,0,,0.0,3.0,0.0,0.0,0.0,1,0,0,0,0,0
NER,44308,443,8,1,3.0,1,1,1,1,1,1,1,0,0,0,0,0,2021,1,0,0,0,0,0,0,,,,,,,0,0,0,1,0,0
NER,44310,443,10,1,3.0,1,1,1,1,1,1,1,0,1,1,1,0,2021,1,0,1,0,0,1,1,,,,,,,0,0,0,0,0,0
NER,44312,443,12,1,4.0,1,1,1,1,1,1,1,0,0,0,0,0,2021,1,0,1,0,0,1,0,,,,,,,0,0,1,0,0,0
NER,44314,443,14,1,3.0,1,1,1,1,1,1,1,0,1,1,0,0,2021,1,0,0,0,0,1,0,,,,,,,0,0,0,0,0,0
NER,44318,443,18,1,1.0,1,1,1,1,1,1,1,0,1,0,0,0,2021,1,0,1,0,0,1,1,,,,,,,0,0,0,0,0,0
NER,44320,443,20,1,1.0,1,1,1,1,1,1,1,0,1,0,0,1,2021,1,0,0,0,0,0,0,,,,,,,0,0,0,0,0,0
NER,44321,443,21,1,1.0,1,1,1,1,1,1,1,0,1,1,1,1,2021,1,0,1,1,0,1,1,,,,,,,0,0,0,0,0,0
NER,44324,443,24,1,3.0,1,1,1,1,1,1,1,0,0,0,0,0,2021,1,0,0,0,0,1,0,,,,,,,0,0,1,0,0,0
NER,44328,443,28,1,3.0,1,1,1,1,1,1,1,0,1,1,1,1,2021,1,0,1,0,0,0,0,,,,,,,0,0,0,1,0,0
NER,44401,444,1,2,3.0,1,1,1,1,1,1,1,0,1,0,1,0,2021,0,0,1,1,0,1,0,,,,,,,0,0,0,0,0,0
NER,44404,444,4,2,3.0,1,1,1,1,1,1,1,0,1,0,0,0,2021,1,0,1,1,0,1,0,,,,,,,0,0,0,0,0,0
NER,44405,444,5,2,1.0,1,1,1,1,1,1,1,0,1,1,1,0,2021,1,0,0,0,1,1,0,,,,,,,0,0,0,0,0,0
NER,44406,444,6,2,3.0,1,1,1,1,1,1,1,0,1,1,1,0,2021,1,0,1,1,1,1,0,,0.0,0.0,0.0,0.0,22.0,0,0,0,0,0,0
NER,44408,444,8,2,3.0,1,1,1,1,1,1,1,0,1,0,0,0,2021,1,0,0,0,0,0,0,,,,,,,0,0,0,0,0,1
NER,44412,444,12,2,1.0,1,1,1,1,1,1,1,0,1,1,1,0,2021,1,0,1,0,0,0,1,,,,,,,1,0,0,0,0,0
NER,44416,444,16,2,1.0,1,1,1,1,1,1,1,0,1,1,0,0,2021,1,0,0,1,0,0,0,,0.0,0.0,0.0,0.0,10.0,0,0,0,0,0,0
NER,44419,444,19,2,3.0,1,1,1,1,1,1,1,0,1,0,1,0,2021,1,0,1,1,1,1,0,,,,,,,0,0,0,0,0,0
NER,44422,444,22,2,3.0,1,1,1,1,1,1,1,0,1,1,0,0,2021,1,1,1,0,0,0,0,,,,,,,1,0,0,0,0,0
NER,44425,444,25,2,3.0,1,1,1,1,1,1,1,0,1,0,0,0,2021,1,0,1,0,0,1,0,,,,,,,0,0,0,0,0,0
NER,44505,445,5,1,4.0,0,0,0,1,1,0,0,0,0,0,0,0,2021,0,0,0,0,0,0,0,,,,,,,0,0,0,0,0,1
NER,44506,445,6,1,1.0,1,1,1,1,1,1,1,0,1,1,1,1,2021,1,0,1,0,0,0,1,,,,,,,0,0,0,0,0,0
NER,44508,445,8,1,3.0,1,1,1,1,1,1,1,0,0,0,0,0,2021,1,0,0,0,0,1,0,,,,,,,1,0,0,1,0,0
NER,44509,445,9,1,3.0,1,1,1,1,1,1,1,0,1,0,0,1,2021,1,0,0,0,0,0,0,,,,,,,0,0,0,0,0,0
NER,44511,445,11,1,1.0,1,1,1,1,1,1,1,0,0,1,1,0,2021,1,1,1,0,0,1,1,,,,,,,0,0,0,0,0,0
NER,44512,445,12,1,3.0,1,1,1,1,1,1,1,0,1,1,1,1,2021,1,0,1,1,0,1,0,,,,,,,0,0,0,1,0,0
NER,44514,445,14,1,1.0,1,1,1,1,1,1,1,0,1,0,0,0,2021,1,1,1,1,0,0,0,,,,,,,0,0,0,0,0,0
NER,44516,445,16,1,3.0,1,1,1,1,1,0,1,0,0,0,0,0,2021,0,0,0,0,0,0,0,,0.0,3.0,0.0,0.0,0.0,0,0,1,0,0,0
NER,44517,445,17,1,3.0,1,1,1,1,1,1,1,0,1,0,0,0,2021,1,1,1,1,0,1,0,,,,,,,1,0,0,0,0,0
NER,44518,445,18,1,3.0,1,1,1,1,1,1,1,0,1,0,0,0,2021,1,1,0,1,0,1,0,,,,,,,1,0,0,0,0,0
NER,44522,445,22,1,1.0,1,1,1,1,1,1,1,0,1,0,0,0,2021,1,0,0,0,0,0,0,,,,,,,0,0,0,0,0,0
NER,44524,445,24,1,1.0,1,1,1,1,1,1,1,0,1,0,0,1,2021,1,0,1,1,0,1,1,,,,,,,0,0,0,0,0,0
NER,44602,446,2,2,1.0,1,1,1,0,0,0,0,0,1,0,0,0,2021,0,0,0,0,0,0,0,,,,,,,0,1,0,1,0,0
NER,44603,446,3,2,3.0,1,1,1,1,1,1,1,0,1,1,0,0,2021,1,0,1,1,1,1,0,,,,,,,0,0,0,1,0,0
NER,44604,446,4,2,3.0,1,1,1,1,1,1,1,0,1,1,0,0,2021,1,0,1,1,0,1,0,,,,,,,0,0,0,1,0,0
NER,44605,446,5,2,1.0,1,0,1,1,1,1,1,0,1,0,0,1,2021,1,0,0,0,0,0,0,,,,,,,0,1,0,0,0,0
NER,44607,446,7,2,3.0,1,1,1,1,1,1,1,0,1,0,1,1,2021,1,1,1,1,1,1,1,,,,,,,0,0,0,0,0,0
NER,44608,446,8,2,3.0,1,1,1,1,1,1,1,0,1,0,0,0,2021,1,0,0,0,0,1,0,,,,,,,0,0,0,0,0,0
NER,44611,446,11,2,1.0,1,0,1,0,0,0,0,0,0,0,0,1,2021,0,0,0,0,0,0,0,,,,,,,1,0,0,0,0,0
NER,44619,446,19,2,1.0,1,1,1,1,1,1,1,0,1,1,0,1,2021,1,0,0,0,0,0,0,,0.0,2.0,0.0,0.0,0.0,0,0,0,1,0,0
NER,44620,446,20,2,1.0,1,1,1,1,1,1,1,0,1,1,0,1,2021,1,0,0,1,0,1,0,,,,,,,0,0,0,1,0,0
NER,44621,446,21,2,1.0,1,0,1,0,0,0,0,0,0,0,0,1,2021,0,0,0,0,0,0,0,,,,,,,1,0,0,0,0,0
NER,44624,446,24,2,1.0,1,1,1,1,1,1,1,0,1,1,0,0,2021,1,0,1,1,1,1,1,,,,,,,0,1,0,0,0,0
NER,44627,446,27,2,4.0,1,0,1,0,0,1,1,0,1,0,0,1,2021,1,0,0,0,0,0,0,,,,,,,1,0,0,0,0,0
NER,44706,447,6,1,1.0,1,1,1,1,1,1,1,0,1,1,1,0,2021,1,0,1,1,1,1,0,,,,,,,0,0,0,0,0,0
NER,44710,447,10,1,1.0,1,1,1,1,1,1,1,0,0,1,1,0,2021,1,0,1,0,1,0,1,,,,,,,0,0,1,0,0,0
NER,44711,447,11,1,1.0,1,1,1,1,1,1,1,0,1,1,1,1,2021,1,0,0,0,0,1,1,,,,,,,0,0,0,0,0,0
NER,44714,447,14,1,4.0,0,0,0,1,1,0,0,1,0,0,0,0,2021,0,0,0,0,0,0,0,,,,,,,1,0,1,0,0,0
NER,44717,447,17,1,3.0,1,1,1,1,1,1,1,0,1,0,1,1,2021,1,0,0,0,0,0,0,,,,,,,0,0,0,0,0,0
NER,44718,447,18,1,1.0,1,1,1,1,1,1,1,0,0,1,0,0,2021,1,0,1,1,1,1,1,,,,,,,1,0,0,0,0,0
NER,44719,447,19,1,1.0,1,1,1,1,1,1,1,0,0,1,0,0,2021,1,0,1,0,0,1,0,,0.0,1.0,0.0,0.0,0.0,0,0,0,0,0,0
NER,44720,447,20,1,1.0,1,1,1,1,1,1,1,0,1,1,1,1,2021,1,0,1,0,1,0,1,,,,,,,0,0,0,0,0,0
NER,44721,447,21,1,3.0,1,1,1,1,1,1,1,0,1,0,1,1,2021,1,0,0,0,0,0,0,,,,,,,0,0,0,0,0,0
NER,44724,447,24,1,3.0,1,1,1,1,1,0,0,1,1,0,0,0,2021,0,0,0,0,0,0,0,,,,,,,0,0,0,0,0,0
NER,44726,447,26,1,3.0,1,1,1,1,1,1,1,0,1,1,0,0,2021,1,0,1,1,1,1,0,,,,,,,0,0,0,0,0,0
NER,44727,447,27,1,1.0,1,1,1,1,1,1,1,0,1,1,0,1,2021,1,0,1,1,0,1,1,,,,,,,0,0,0,1,0,0
NER,44801,448,1,2,3.0,1,0,1,0,0,0,1,0,1,0,0,0,2021,1,0,0,0,0,0,0,,,,,,,0,0,1,0,0,0
NER,44803,448,3,2,1.0,1,0,1,1,1,1,1,0,1,0,0,0,2021,1,0,1,1,0,1,0,,,,,,,0,0,0,0,0,0
NER,44805,448,5,2,3.0,1,0,1,0,0,1,1,0,1,0,0,0,2021,1,0,0,0,0,0,0,,,,,,,0,0,0,0,0,0
NER,44806,448,6,2,3.0,1,0,1,1,1,0,1,0,1,0,0,0,2021,1,0,0,0,0,0,0,,,,,,,0,0,1,0,0,0
NER,44808,448,8,2,1.0,1,1,1,1,1,1,1,0,1,0,0,0,2021,1,0,1,0,0,1,0,,,,,,,0,0,0,0,0,1
NER,44809,448,9,2,1.0,1,1,1,1,1,1,1,0,1,0,1,0,2021,1,1,1,1,1,1,1,,,,,,,1,0,0,0,0,0
NER,44812,448,12,2,1.0,1,1,1,1,1,1,1,0,1,1,1,1,2021,1,1,1,1,1,1,1,,,,,,,0,0,0,0,0,0
NER,44813,448,13,2,3.0,1,1,1,1,1,1,1,0,1,0,0,0,2021,1,0,1,1,0,0,0,,,,,,,0,0,0,0,0,0
NER,44816,448,16,2,1.0,1,1,1,1,1,1,1,0,1,0,0,0,2021,1,0,0,0,0,0,1,,0.0,5.0,0.0,0.0,0.0,1,0,0,0,0,0
NER,44817,448,17,2,3.0,1,1,1,1,1,1,1,0,1,0,0,0,2021,0,0,0,0,0,0,0,,,,,,,1,0,0,0,0,0
NER,44826,448,26,2,3.0,1,0,1,0,0,1,1,0,1,1,0,0,2021,1,0,0,0,0,1,0,,,,,,,0,0,0,1,0,0
NER,44905,449,5,1,4.0,0,0,0,1,1,0,0,0,1,0,0,1,2021,0,0,0,0,0,0,0,,,,,,,0,0,0,0,0,0
NER,44906,449,6,1,1.0,1,1,1,1,1,1,1,0,1,1,0,0,2021,1,1,1,1,1,1,1,,,,,,,0,0,0,0,0,0
NER,44907,449,7,1,4.0,1,1,1,1,1,0,1,0,0,0,0,0,2021,1,0,0,0,0,0,0,,0.0,1.0,0.0,0.0,4.0,0,0,1,1,0,0
NER,44913,449,13,1,3.0,1,1,1,1,1,1,1,0,0,0,0,0,2021,1,0,0,0,0,0,0,,,,,,,0,0,1,0,0,0
NER,44918,449,18,1,1.0,1,1,1,1,1,1,1,0,1,1,1,1,2021,0,0,0,0,1,0,0,,,,,,,0,0,0,0,0,0
NER,44920,449,20,1,4.0,1,0,0,1,1,0,0,0,0,0,0,0,2021,0,0,0,0,0,0,0,,,,,,,0,0,0,0,0,0
NER,44921,449,21,1,4.0,0,0,0,1,1,0,0,0,1,0,0,1,2021,0,0,0,0,0,0,0,,0.0,0.0,0.0,0.0,3.0,0,1,0,0,0,0
NER,44922,449,22,1,4.0,0,1,0,1,1,0,1,0,0,0,0,0,2021,0,0,0,0,0,0,0,,,,,,,0,0,1,0,0,0
NER,44925,449,25,1,4.0,0,0,0,1,1,0,0,0,0,0,0,0,2021,0,0,0,0,0,0,0,,0.0,6.0,0.0,0.0,0.0,0,0,0,0,0,1
NER,44928,449,28,1,1.0,1,1,1,1,1,1,1,0,1,1,1,0,2021,1,1,1,1,1,1,1,,,,,,,1,0,0,0,0,0
NER,45001,450,1,2,4.0,1,1,1,1,1,1,1,0,1,0,0,0,2021,1,1,0,0,0,1,0,,,,,,,0,0,0,0,0,0
NER,45002,450,2,2,1.0,1,1,1,1,1,0,1,0,1,0,0,0,2021,0,0,0,0,0,0,0,,,,,,,1,0,1,0,0,0
NER,45003,450,3,2,3.0,1,1,1,1,1,1,1,0,1,0,0,0,2021,0,0,0,0,0,0,0,,,,,,,1,0,1,0,0,0
NER,45004,450,4,2,3.0,1,1,1,1,1,1,1,0,1,0,0,0,2021,1,0,0,0,0,1,0,,,,,,,0,0,1,0,0,0
NER,45005,450,5,2,4.0,1,0,1,0,0,1,1,0,1,0,0,0,2021,1,0,0,0,0,0,0,,0.0,1.0,0.0,0.0,30.0,1,0,0,0,0,0
NER,45007,450,7,2,1.0,1,1,1,0,0,1,1,0,1,1,1,0,2021,1,0,0,0,0,0,0,,0.0,1.0,0.0,0.0,0.0,0,0,0,0,0,0
NER,45008,450,8,2,1.0,1,1,1,1,1,0,0,1,1,0,0,0,2021,0,0,0,0,0,0,0,,0.0,0.0,0.0,0.0,7.0,1,0,0,0,0,0
NER,45009,450,9,2,3.0,1,1,1,0,0,0,0,0,1,0,0,0,2021,0,0,0,0,0,0,0,,,,,,,0,0,0,0,0,1
NER,45011,450,11,2,3.0,1,1,1,1,1,0,1,0,0,0,0,0,2021,1,0,0,0,0,0,0,,,,,,,1,1,0,1,0,0
NER,45013,450,13,2,3.0,1,1,1,1,1,1,1,0,1,1,0,0,2021,0,0,0,0,0,0,0,,,,,,,0,0,0,0,0,0
NER,45015,450,15,2,1.0,1,1,1,1,1,1,1,0,1,0,0,1,2021,1,0,1,0,0,0,0,,,,,,,0,0,0,0,0,0
NER,45016,450,16,2,1.0,1,1,1,1,1,0,1,0,1,0,0,0,2021,1,0,0,0,0,0,0,,,,,,,0,0,0,0,0,0
NER,45101,451,1,1,3.0,1,1,1,1,1,1,1,0,0,0,0,0,2021,1,1,1,0,0,1,0,,,,,,,0,0,0,1,0,0
NER,45102,451,2,1,1.0,0,1,1,1,1,1,1,0,1,0,1,0,2021,1,0,0,0,0,0,0,,,,,,,0,0,1,0,0,0
NER,45103,451,3,1,1.0,1,1,1,1,1,1,1,0,1,0,1,1,2021,1,0,0,0,0,0,0,,,,,,,0,0,0,0,0,0
NER,45104,451,4,1,4.0,1,1,1,1,1,1,1,0,1,1,1,0,2021,1,0,0,0,0,1,0,,,,,,,0,0,0,0,0,0
NER,45105,451,5,1,3.0,1,1,1,1,1,1,1,0,1,1,1,0,2021,1,1,1,1,0,1,0,,,,,,,1,0,1,1,0,0
NER,45106,451,6,1,4.0,1,1,1,1,1,1,1,0,0,0,1,0,2021,1,0,0,0,0,0,0,,,,,,,0,0,1,0,0,0
NER,45112,451,12,1,1.0,1,1,1,1,1,1,1,0,0,1,1,1,2021,1,0,0,1,0,1,1,,,,,,,0,0,1,0,0,0
NER,45113,451,13,1,1.0,1,1,1,1,1,1,1,0,0,0,1,0,2021,1,0,0,0,0,0,0,,,,,,,0,0,0,0,0,0
NER,45115,451,15,1,1.0,1,1,1,1,1,0,0,1,0,0,0,0,2021,0,0,0,0,0,0,0,,0.0,0.0,0.0,0.0,15.0,0,1,1,1,0,0
NER,45116,451,16,1,4.0,1,1,1,1,1,1,1,0,0,1,1,0,2021,1,0,0,0,0,1,0,,,,,,,0,0,0,0,0,0
NER,45117,451,17,1,1.0,1,1,1,1,1,0,1,0,1,0,0,0,2021,0,0,0,0,0,0,0,,,,,,,0,0,0,0,0,0
NER,45118,451,18,1,3.0,1,1,1,1,1,1,1,0,0,0,1,0,2021,1,1,1,1,0,1,0,,,,,,,0,0,0,0,0,1
NER,45202,452,2,2,2.0,0,0,0,1,1,0,1,0,0,0,0,0,2021,0,0,0,0,0,0,0,,0.0,9.0,0.0,0.0,0.0,1,0,0,0,0,0
NER,45203,452,3,2,3.0,1,1,1,1,1,1,1,0,0,1,0,0,2021,1,0,0,0,0,0,0,,,,,,,0,0,1,0,0,0
NER,45204,452,4,2,1.0,1,1,1,1,1,1,1,0,0,1,1,0,2021,1,0,0,0,0,0,0,1.5499999523162842,,,,,,0,1,1,0,0,0
NER,45205,452,5,2,4.0,0,0,0,1,1,0,0,0,0,0,0,0,2021,0,0,0,0,0,0,0,1.2311999797821045,,,,,,1,1,0,0,0,0
NER,45206,452,6,2,2.0,0,0,0,1,1,0,0,0,0,0,0,0,2021,0,0,0,0,0,0,0,1.753100037574768,,,,,,0,1,0,0,0,0
NER,45207,452,7,2,4.0,0,1,1,1,1,1,1,0,0,1,0,0,2021,1,0,0,0,0,0,0,0.43209999799728394,0.0,5.0,0.0,0.0,0.0,0,0,0,0,0,0
NER,45208,452,8,2,1.0,0,0,0,1,1,0,0,0,0,0,0,0,2021,0,0,0,0,0,0,0,0.6553000211715698,0.0,4.0,0.0,0.0,0.0,1,0,0,0,0,0
NER,45209,452,9,2,4.0,1,1,1,1,1,0,0,0,0,0,0,0,2021,0,0,0,0,0,0,0,,,,,,,0,0,0,0,0,0
NER,45210,452,10,2,1.0,1,1,1,1,1,1,1,0,0,0,0,0,2021,1,0,0,0,0,0,0,,,,,,,0,0,0,0,0,0
NER,45211,452,11,2,2.0,0,0,0,1,1,1,1,0,0,0,0,0,2021,0,0,0,0,0,0,0,0.9602071642875671,,,,,,0,0,0,0,0,0
NER,45212,452,12,2,1.0,1,1,1,1,1,1,1,0,0,0,1,0,2021,1,0,0,0,0,1,1,,,,,,,0,0,0,0,0,0
NER,45217,452,17,2,3.0,1,1,1,1,1,1,1,0,0,1,0,0,2021,1,1,0,0,0,1,0,,,,,,,0,0,0,0,0,1
NER,45301,453,1,1,4.0,0,0,0,0,0,0,1,0,1,0,0,0,2021,1,0,0,0,0,0,0,,0.0,0.0,0.0,0.0,2.0,0,0,1,0,0,0
NER,45303,453,3,1,4.0,1,0,1,1,1,1,1,0,1,0,1,0,2021,0,0,0,0,0,1,0,,,,,,,1,1,0,0,0,0
NER,45305,453,5,1,3.0,0,1,1,1,1,0,1,0,1,0,1,0,2021,0,0,0,0,0,0,0,,,,,,,0,0,0,0,0,0
NER,45307,453,7,1,4.0,1,0,1,1,1,1,1,0,1,0,1,0,2021,1,0,0,0,0,0,0,,,,,,,0,0,0,1,0,0
NER,45309,453,9,1,3.0,1,1,1,1,1,1,1,0,1,1,1,1,2021,1,0,1,0,0,0,0,,,,,,,0,0,1,0,0,0
NER,45312,453,12,1,1.0,1,1,1,1,1,1,1,0,1,1,1,1,2021,1,0,1,0,0,0,0,,,,,,,0,0,1,0,0,0
NER,45316,453,16,1,3.0,1,0,1,0,0,1,1,0,1,0,1,0,2021,1,0,0,0,0,0,0,,,,,,,0,0,0,0,0,0
NER,45325,453,25,1,3.0,0,0,1,0,0,0,1,0,1,0,1,1,2021,1,0,0,0,0,0,0,,,,,,,0,0,1,0,0,0
NER,45326,453,26,1,4.0,1,1,1,1,1,1,1,0,1,0,1,0,2021,1,0,1,0,0,1,0,,,,,,,0,0,0,0,0,0
NER,45327,453,27,1,3.0,0,0,0,0,0,0,1,0,1,0,1,0,2021,1,0,0,0,0,0,0,,,,,,,0,1,0,0,0,0
NER,45328,453,28,1,3.0,1,0,0,1,1,1,1,0,1,1,1,1,2021,1,0,0,0,0,1,0,,,,,,,1,1,0,0,0,0
NER,45401,454,1,2,1.0,1,1,1,1,1,1,1,0,1,0,0,0,2021,0,0,0,0,0,0,0,,,,,,,1,0,0,0,0,0
NER,45403,454,3,2,1.0,1,1,1,1,1,1,1,0,1,0,0,0,2021,1,0,1,0,0,0,0,,,,,,,0,0,0,0,0,0
NER,45404,454,4,2,3.0,1,1,1,0,0,1,1,0,1,1,1,0,2021,0,0,1,0,0,0,0,,,,,,,0,0,0,1,0,0
NER,45405,454,5,2,4.0,1,1,1,1,1,1,1,0,1,0,0,0,2021,1,0,0,0,0,0,1,,,,,,,0,0,1,1,0,0
NER,45406,454,6,2,3.0,1,1,1,1,1,1,1,0,1,0,0,0,2021,1,0,0,0,0,0,0,,,,,,,0,0,0,1,0,0
NER,45407,454,7,2,3.0,1,1,1,1,1,1,1,0,1,0,0,0,2021,1,0,0,0,0,1,0,,,,,,,0,0,0,1,0,0
NER,45408,454,8,2,1.0,1,1,1,1,1,1,1,0,1,1,0,0,2021,1,0,0,0,0,1,0,,,,,,,1,0,0,0,0,0
NER,45410,454,10,2,3.0,1,1,1,0,0,0,1,0,1,0,0,0,2021,0,0,0,0,0,0,0,,,,,,,0,0,1,0,0,0
NER,45417,454,17,2,3.0,1,1,1,0,0,1,1,0,1,0,0,0,2021,1,0,0,0,0,0,0,,,,,,,0,1,0,0,0,0
NER,45421,454,21,2,1.0,1,1,1,1,1,1,1,0,1,0,0,0,2021,1,0,1,0,0,1,0,,,,,,,0,0,0,0,0,0
NER,45426,454,26,2,1.0,1,0,1,1,1,1,1,0,1,0,0,0,2021,1,0,0,0,0,1,0,,,,,,,0,0,0,0,0,0
NER,45427,454,27,2,4.0,1,1,1,1,1,0,1,0,1,0,0,0,2021,0,0,0,0,0,0,0,,,,,,,1,0,0,0,0,0
NER,45501,455,1,1,3.0,1,1,1,1,1,0,0,0,1,0,1,0,2021,0,0,0,0,0,0,0,,,,,,,1,0,0,1,0,0
NER,45503,455,3,1,4.0,0,0,0,1,1,0,0,0,1,0,0,0,2021,0,0,0,0,0,0,0,,,,,,,0,0,0,0,0,0
NER,45504,455,4,1,3.0,0,1,1,1,1,0,0,0,1,0,1,0,2021,0,0,0,0,0,0,0,,,,,,,1,0,0,1,0,0
NER,45505,455,5,1,3.0,1,1,1,1,1,1,1,0,1,1,1,0,2021,1,1,1,1,1,0,1,,,,,,,0,0,0,0,0,0
NER,45508,455,8,1,1.0,0,0,1,1,1,1,1,0,1,0,1,0,2021,1,0,0,0,0,0,0,,,,,,,0,0,0,0,0,0
NER,45511,455,11,1,1.0,1,1,1,1,1,1,1,0,1,1,1,1,2021,1,0,1,0,0,0,1,,,,,,,0,0,0,0,0,0
NER,45520,455,20,1,1.0,1,1,1,1,1,1,1,0,1,1,1,0,2021,1,0,1,0,0,0,0,,,,,,,0,0,0,0,0,0
NER,45521,455,21,1,3.0,1,1,1,1,1,1,1,0,1,0,0,0,2021,0,0,1,0,0,0,0,,,,,,,0,0,0,0,0,0
NER,45522,455,22,1,3.0,1,0,1,1,1,1,1,0,1,0,0,0,2021,0,0,0,0,0,0,0,,,,,,,0,0,0,0,0,0
NER,45523,455,23,1,3.0,1,1,1,1,1,1,1,0,1,1,0,0,2021,1,0,1,0,0,1,0,,,,,,,0,0,0,0,0,0
NER,45524,455,24,1,3.0,1,1,1,1,1,1,1,0,1,1,1,0,2021,1,0,0,0,0,0,0,,,,,,,0,0,1,0,0,0
NER,45526,455,26,1,3.0,1,1,1,1,1,1,1,0,1,1,1,0,2021,1,0,1,0,0,1,0,,,,,,,0,0,1,1,0,0
NER,45602,456,2,2,3.0,1,1,1,0,0,1,1,0,1,1,1,0,2021,1,0,0,0,0,0,0,,,,,,,0,0,0,0,0,0
NER,45603,456,3,2,3.0,1,1,1,1,1,1,1,0,1,1,1,0,2021,0,0,1,0,0,0,0,,,,,,,0,0,0,0,0,0
NER,45604,456,4,2,3.0,1,1,1,0,0,1,1,0,1,1,1,0,2021,1,0,1,0,0,0,0,,,,,,,0,0,0,1,0,0
NER,45605,456,5,2,4.0,0,0,1,1,1,1,1,0,1,0,0,0,2021,0,0,0,0,0,0,0,,,,,,,1,0,0,0,0,0
NER,45606,456,6,2,4.0,1,1,1,0,0,0,1,0,1,0,0,0,2021,0,0,0,0,0,0,0,,,,,,,0,0,0,1,0,0
NER,45607,456,7,2,3.0,0,0,0,1,1,0,1,0,1,0,0,0,2021,1,0,0,0,0,0,0,,,,,,,0,1,0,0,0,0
NER,45609,456,9,2,3.0,0,1,0,1,1,0,0,0,1,0,0,0,2021,0,0,0,0,0,0,0,,,,,,,0,1,0,0,0,0
NER,45610,456,10,2,3.0,1,1,1,1,1,1,1,0,1,0,0,1,2021,0,0,0,0,0,0,0,,,,,,,1,1,0,0,0,0
NER,45611,456,11,2,3.0,1,1,1,1,1,0,1,0,0,0,0,1,2021,0,0,0,0,0,0,0,,,,,,,1,0,0,0,0,0
NER,45612,456,12,2,1.0,1,1,1,1,1,1,1,0,0,0,0,1,2021,0,0,0,0,0,0,0,,,,,,,0,0,0,0,0,0
NER,45623,456,23,2,3.0,1,1,1,1,1,0,1,0,1,0,0,1,2021,0,0,0,0,0,0,0,,,,,,,1,0,0,1,0,0
NER,45624,456,24,2,3.0,1,1,1,1,1,1,1,0,1,0,0,0,2021,1,0,0,0,0,0,0,,,,,,,0,0,0,1,0,0
NER,45701,457,1,1,3.0,1,1,1,1,1,1,1,0,1,1,1,0,2021,1,1,1,0,0,0,0,,,,,,,0,0,0,0,0,0
NER,45702,457,2,1,1.0,1,1,1,1,1,1,1,0,1,0,0,0,2021,0,0,0,0,0,0,0,,,,,,,0,0,0,0,0,0
NER,45703,457,3,1,2.0,1,1,1,1,1,1,1,0,1,0,0,0,2021,1,0,1,0,0,1,1,,,,,,,1,0,0,0,0,0
NER,45704,457,4,1,3.0,1,1,1,1,1,1,1,0,1,1,1,1,2021,1,1,1,0,1,0,1,,,,,,,0,0,1,0,0,0
NER,45706,457,6,1,3.0,1,1,1,0,0,1,1,0,1,1,0,0,2021,1,0,0,0,0,1,0,,,,,,,0,0,0,0,0,0
NER,45710,457,10,1,4.0,1,1,1,1,1,1,1,0,1,1,1,0,2021,1,0,0,0,0,1,0,,0.0,2.0,0.0,0.0,0.0,0,0,0,0,0,0
NER,45711,457,11,1,3.0,1,1,1,1,1,1,1,0,1,1,1,0,2021,1,0,1,0,0,0,0,,,,,,,0,0,0,0,0,0
NER,45712,457,12,1,1.0,1,1,1,1,1,1,1,0,0,0,1,0,2021,1,0,0,0,0,0,0,,,,,,,0,0,0,0,0,0
NER,45718,457,18,1,4.0,1,1,1,1,1,1,1,0,1,1,1,0,2021,1,0,0,0,0,0,0,,,,,,,1,0,0,1,0,0
NER,45719,457,19,1,1.0,1,1,1,1,1,1,1,0,0,0,0,0,2021,1,0,0,0,0,0,0,,,,,,,0,0,1,0,0,0
NER,45720,457,20,1,3.0,1,1,1,1,1,1,1,0,0,0,0,0,2021,1,0,0,0,0,0,0,,,,,,,0,0,0,0,0,0
NER,45721,457,21,1,1.0,1,1,1,1,1,1,1,0,1,1,1,0,2021,1,0,1,0,0,0,1,,,,,,,0,0,0,0,0,0
NER,45803,458,3,2,1.0,1,1,1,1,1,1,1,0,1,1,1,0,2021,1,0,1,1,0,1,1,,,,,,,0,0,0,0,0,0
NER,45804,458,4,2,3.0,1,0,0,0,0,0,0,0,1,0,0,0,2021,0,0,0,0,0,0,0,,,,,,,0,0,0,0,0,0
NER,45805,458,5,2,1.0,1,1,1,1,1,1,1,0,1,0,0,1,2021,1,0,1,0,0,1,1,,,,,,,0,0,0,1,0,0
NER,45806,458,6,2,4.0,1,1,1,1,1,1,1,0,1,0,0,0,2021,1,0,0,0,0,0,0,,,,,,,0,0,0,1,0,0
NER,45807,458,7,2,1.0,1,1,1,1,1,1,1,0,1,0,0,0,2021,1,0,0,0,0,1,0,,,,,,,1,0,0,0,0,0
NER,45811,458,11,2,3.0,1,1,1,0,0,0,1,0,1,0,0,0,2021,0,0,0,0,0,0,0,,,,,,,0,1,0,0,0,0
NER,45812,458,12,2,4.0,0,0,0,0,0,0,1,0,1,0,0,1,2021,0,0,0,0,0,0,0,,,,,,,1,1,0,0,0,0
NER,45817,458,17,2,3.0,1,1,1,1,1,1,1,0,1,1,1,0,2021,1,0,0,0,0,1,0,,,,,,,0,0,0,0,0,1
NER,45822,458,22,2,3.0,1,1,1,1,1,1,1,0,1,1,1,0,2021,1,0,0,1,0,1,0,,,,,,,0,0,0,1,0,0
NER,45823,458,23,2,4.0,1,1,1,0,0,1,1,0,1,0,0,0,2021,0,0,0,0,0,0,0,,,,,,,0,0,0,1,0,0
NER,45824,458,24,2,3.0,1,1,1,0,0,0,1,0,1,0,0,0,2021,1,0,0,0,0,0,0,,0.0,2.0,0.0,0.0,0.0,1,1,0,0,0,0
NER,45826,458,26,2,3.0,1,1,1,1,1,1,1,0,1,0,0,0,2021,1,0,0,0,0,1,0,,,,,,,1,0,0,0,0,0
NER,45901,459,1,1,3.0,1,1,1,1,1,0,0,0,1,0,0,0,2021,0,0,0,0,0,0,0,,,,,,,0,0,0,0,0,0
NER,45902,459,2,1,3.0,1,1,1,0,0,1,1,0,1,0,1,0,2021,1,0,1,0,0,1,0,,,,,,,1,0,0,0,0,0
NER,45903,459,3,1,4.0,1,1,1,1,1,0,0,0,1,0,1,0,2021,0,0,0,0,0,0,0,,,,,,,1,0,0,0,0,0
NER,45906,459,6,1,3.0,1,1,1,1,1,1,1,0,1,0,0,0,2021,1,0,0,0,0,0,0,,,,,,,0,0,0,0,0,0
NER,45907,459,7,1,4.0,0,0,1,1,1,0,0,0,1,0,0,0,2021,0,0,0,0,0,0,0,,,,,,,1,0,0,1,0,0
NER,45908,459,8,1,3.0,1,1,1,0,0,1,1,0,1,0,0,0,2021,0,0,0,0,0,0,0,,,,,,,0,0,0,0,0,0
NER,45909,459,9,1,4.0,0,1,1,1,1,0,0,0,1,0,0,0,2021,0,0,0,0,0,0,0,,,,,,,1,1,0,0,0,0
NER,45911,459,11,1,2.0,1,1,1,1,1,1,1,0,1,0,0,1,2021,0,0,0,0,0,1,0,,,,,,,1,0,1,0,0,0
NER,45912,459,12,1,3.0,1,1,1,1,1,1,1,0,1,0,0,0,2021,1,0,0,0,0,0,0,,,,,,,0,0,0,0,0,0
NER,45916,459,16,1,2.0,1,1,0,1,1,1,1,0,1,1,1,1,2021,0,0,0,0,0,0,0,,,,,,,1,0,1,1,0,0
NER,45928,459,28,1,4.0,1,1,1,1,1,0,1,0,1,0,0,0,2021,0,0,0,0,0,1,0,,,,,,,0,0,0,0,0,0
NER,46003,460,3,2,3.0,1,1,1,1,1,1,1,0,1,1,0,0,2021,1,0,0,0,0,0,0,,,,,,,0,0,1,0,0,0
NER,46005,460,5,2,3.0,1,1,1,1,1,1,1,0,1,1,0,0,2021,1,0,1,0,0,0,0,,0.0,0.0,0.0,2.0,7.0,0,0,0,0,0,0
NER,46006,460,6,2,3.0,1,1,1,1,1,1,1,0,1,1,0,0,2021,1,1,1,0,1,1,0,,,,,,,0,0,0,0,0,0
NER,46007,460,7,2,3.0,1,1,1,1,1,1,1,0,1,1,0,0,2021,0,0,0,0,0,0,0,,0.0,0.0,0.0,0.0,2.0,0,0,0,0,0,0
NER,46009,460,9,2,3.0,1,1,1,1,1,0,0,1,1,1,0,0,2021,0,0,0,0,0,0,0,,,,,,,0,0,0,0,0,0
NER,46010,460,10,2,3.0,1,1,1,1,1,1,1,0,0,0,0,0,2021,0,0,0,0,0,0,0,,,,,,,0,0,0,0,0,0
NER,46011,460,11,2,1.0,1,1,1,1,1,1,1,0,0,0,0,0,2021,1,0,1,0,0,0,1,,0.0,14.0,0.0,0.0,0.0,1,0,0,0,0,0
NER,46017,460,17,2,1.0,1,1,1,1,1,1,1,0,1,1,1,0,2021,1,0,1,0,0,1,1,,,,,,,0,0,1,0,0,0
NER,46018,460,18,2,3.0,1,1,1,1,1,1,1,0,0,0,0,0,2021,0,0,0,0,0,0,0,1.7233526706695557,,,,,,1,0,0,0,0,0
NER,46019,460,19,2,4.0,1,1,1,1,1,0,0,0,1,1,0,0,2021,0,0,0,0,0,0,0,,,,,,,0,0,1,0,0,0
NER,46020,460,20,2,3.0,1,1,1,1,1,1,1,0,1,0,0,0,2021,0,0,0,0,0,0,0,,,,,,,0,0,1,0,0,0
NER,46025,460,25,2,4.0,1,1,0,1,1,0,0,0,1,0,0,0,2021,0,0,0,0,0,0,0,,,,,,,1,0,0,0,0,0
NER,46101,461,1,1,1.0,1,1,1,1,1,1,1,0,1,1,0,0,2021,1,0,0,0,0,1,0,,,,,,,0,0,0,0,0,0
NER,46103,461,3,1,2.0,1,1,1,1,1,1,1,0,1,1,1,1,2021,0,0,0,1,0,1,0,,,,,,,0,0,0,0,0,0
NER,46104,461,4,1,3.0,1,1,1,1,1,1,1,0,1,1,1,0,2021,1,0,1,0,0,1,0,,,,,,,0,0,0,0,0,0
NER,46108,461,8,1,4.0,1,1,1,1,1,1,1,0,1,0,0,0,2021,0,0,0,0,0,0,0,,,,,,,0,0,0,0,0,0
NER,46109,461,9,1,3.0,1,1,1,0,0,1,1,0,1,0,0,0,2021,1,1,0,0,0,1,0,,,,,,,1,0,0,0,0,0
NER,46112,461,12,1,1.0,1,1,1,1,1,1,1,0,1,1,1,0,2021,1,0,0,0,0,1,0,,,,,,,1,0,0,0,0,0
NER,46114,461,14,1,4.0,1,1,1,1,1,0,0,0,1,0,0,0,2021,0,0,0,0,0,0,0,,,,,,,0,0,0,0,0,0
NER,46118,461,18,1,4.0,1,1,1,0,0,1,1,0,1,1,1,1,2021,0,0,0,1,0,0,0,,,,,,,0,0,1,0,0,0
NER,46119,461,19,1,4.0,1,1,1,1,1,1,1,0,1,0,0,0,2021,0,0,0,0,0,0,0,,,,,,,0,0,0,0,0,0
NER,46121,461,21,1,1.0,1,1,1,1,1,1,1,0,1,0,0,0,2021,1,0,1,0,0,1,1,,,,,,,0,0,0,0,0,0
NER,46122,461,22,1,2.0,1,1,1,1,1,1,1,0,1,1,1,1,2021,0,0,1,0,0,0,0,,,,,,,0,0,0,0,0,0
NER,46126,461,26,1,4.0,1,1,1,1,1,1,1,0,1,1,1,1,2021,0,0,0,0,0,0,0,,,,,,,0,0,0,0,0,0
NER,46201,462,1,2,4.0,1,1,1,1,1,1,1,0,1,1,1,0,2021,1,0,1,0,0,0,0,,,,,,,0,0,0,0,0,0
NER,46202,462,2,2,3.0,1,1,1,1,1,1,1,0,1,1,1,0,2021,1,0,0,0,0,1,0,,,,,,,0,0,0,0,0,0
NER,46203,462,3,2,1.0,1,1,1,1,1,1,1,0,0,1,1,0,2021,0,0,0,0,0,0,0,,,,,,,0,0,0,0,0,0
NER,46204,462,4,2,3.0,0,0,0,1,1,0,0,1,1,0,1,0,2021,0,0,0,0,0,0,0,,,,,,,0,0,0,0,0,0
NER,46207,462,7,2,3.0,1,1,1,1,1,1,1,0,1,0,0,0,2021,1,0,0,0,0,0,0,,,,,,,0,0,0,0,0,0
NER,46208,462,8,2,3.0,1,1,1,1,1,1,1,0,1,0,0,0,2021,1,0,0,0,0,0,0,,,,,,,0,0,0,1,0,0
NER,46209,462,9,2,3.0,1,1,1,1,1,1,1,0,1,0,0,0,2021,1,0,0,0,0,0,0,,,,,,,0,0,0,1,0,0
NER,46211,462,11,2,1.0,1,1,1,1,1,1,1,0,1,0,0,0,2021,1,0,1,1,1,1,1,,,,,,,0,0,0,0,0,0
NER,46212,462,12,2,4.0,0,1,1,0,0,1,1,0,1,0,0,0,2021,1,0,0,0,0,0,0,,0.0,2.0,0.0,0.0,0.0,1,1,0,0,0,0
NER,46218,462,18,2,4.0,1,1,1,0,0,1,1,0,1,0,0,0,2021,1,0,1,0,0,1,0,,,,,,,1,0,0,0,0,0
NER,46220,462,20,2,1.0,1,1,1,1,1,1,1,0,1,0,0,0,2021,1,0,1,0,0,1,0,,,,,,,1,0,0,0,0,0
NER,46223,462,23,2,4.0,1,1,1,1,1,1,1,0,1,0,0,0,2021,1,0,1,0,0,1,0,,,,,,,0,1,0,0,0,0
NER,46302,463,2,1,3.0,1,1,1,1,1,1,1,0,1,0,1,0,2021,0,0,0,0,0,0,0,,,,,,,1,0,0,0,0,0
NER,46306,463,6,1,3.0,1,1,1,1,1,1,1,0,1,0,1,0,2021,1,0,0,0,0,1,0,,,,,,,0,0,0,0,0,0
NER,46307,463,7,1,1.0,1,1,1,1,1,1,1,0,1,1,1,1,2021,1,1,1,1,0,1,1,,,,,,,0,0,1,0,0,0
NER,46308,463,8,1,4.0,1,1,1,1,1,0,0,0,0,0,1,0,2021,1,0,0,0,0,0,0,,,,,,,0,0,0,1,0,0
NER,46309,463,9,1,1.0,1,1,1,1,1,0,0,0,1,1,1,0,2021,0,0,0,0,0,0,0,,,,,,,1,0,0,1,0,1
NER,46311,463,11,1,3.0,1,1,1,0,0,0,0,1,1,0,1,0,2021,0,0,0,0,0,0,0,,,,,,,0,0,0,0,0,0
NER,46312,463,12,1,1.0,1,1,1,1,1,1,1,0,1,0,1,0,2021,1,0,0,0,0,0,0,,,,,,,0,0,0,1,0,0
NER,46317,463,17,1,1.0,1,1,1,1,1,0,0,0,1,0,0,0,2021,0,0,0,0,0,0,0,,,,,,,0,0,0,0,0,0
NER,46319,463,19,1,1.0,1,1,1,1,1,1,1,0,1,0,1,0,2021,0,0,0,0,0,0,0,,,,,,,1,0,0,0,0,0
NER,46321,463,21,1,4.0,1,1,1,1,1,0,0,1,0,1,0,0,2021,0,0,0,0,0,0,0,,,,,,,1,0,0,0,0,0
NER,46323,463,23,1,1.0,1,1,1,1,1,1,1,0,1,1,1,1,2021,1,0,1,1,0,1,0,,,,,,,0,0,0,0,0,0
NER,46401,464,1,2,4.0,1,1,1,1,1,0,0,1,1,1,1,0,2021,1,0,0,0,0,0,0,,,,,,,0,0,0,1,0,0
NER,46403,464,3,2,1.0,1,1,1,1,1,1,1,0,1,1,1,0,2021,0,0,1,0,0,0,0,,,,,,,0,0,0,1,0,0
NER,46405,464,5,2,3.0,1,1,1,1,1,1,1,0,1,0,0,0,2021,0,0,0,0,0,0,0,,,,,,,1,0,0,0,0,0
NER,46406,464,6,2,3.0,1,1,1,0,0,0,0,1,1,0,0,0,2021,1,0,0,0,0,0,0,,,,,,,0,0,0,1,0,0
NER,46409,464,9,2,1.0,1,1,1,1,1,1,1,0,1,0,0,0,2021,1,0,0,0,0,0,0,,,,,,,0,0,0,1,0,0
NER,46411,464,11,2,3.0,0,1,0,1,1,0,1,0,1,0,1,1,2021,1,0,0,0,0,0,0,,,,,,,0,0,0,1,0,0
NER,46414,464,14,2,3.0,1,1,1,1,1,1,1,0,1,0,0,0,2021,0,0,0,0,0,0,0,,,,,,,0,0,0,0,0,0
NER,46420,464,20,2,3.0,1,1,1,1,1,1,1,0,1,0,0,0,2021,1,0,0,0,0,0,0,,,,,,,1,0,0,0,0,0
NER,46422,464,22,2,3.0,1,1,1,1,1,1,1,0,1,0,0,0,2021,1,0,0,0,0,1,0,,,,,,,0,0,0,0,0,0
NER,46423,464,23,2,3.0,1,1,1,1,1,1,1,0,1,0,0,0,2021,1,0,0,0,0,0,0,,,,,,,0,0,0,1,0,0
NER,46424,464,24,2,3.0,1,1,1,1,1,0,0,1,1,0,0,0,2021,0,0,0,0,0,0,0,,,,,,,1,0,0,1,0,0
NER,46427,464,27,2,1.0,1,1,1,1,1,1,1,0,1,1,1,0,2021,1,0,1,0,0,0,1,,,,,,,0,0,0,0,0,0
NER,46501,465,1,1,3.0,1,1,1,1,1,1,1,0,1,1,1,0,2021,1,0,0,0,0,1,0,,,,,,,0,0,0,0,0,0
NER,46504,465,4,1,4.0,1,1,1,1,1,0,1,0,1,0,1,1,2021,1,0,0,0,0,0,0,,,,,,,0,1,0,0,0,0
NER,46506,465,6,1,3.0,1,1,1,1,1,1,1,0,1,0,0,0,2021,1,0,0,0,0,0,0,,,,,,,0,0,0,0,0,0
NER,46507,465,7,1,3.0,0,0,0,1,1,0,0,1,1,0,1,1,2021,0,0,0,0,0,0,0,,,,,,,0,1,0,0,0,0
NER,46508,465,8,1,3.0,1,1,1,1,1,1,1,0,1,0,0,0,2021,1,0,0,0,0,1,0,,,,,,,0,0,1,0,0,0
NER,46509,465,9,1,3.0,1,1,1,0,0,1,1,0,1,0,1,0,2021,0,0,0,0,0,0,0,,,,,,,0,0,0,0,0,0
NER,46510,465,10,1,4.0,0,1,0,1,1,0,0,0,0,0,0,0,2021,0,0,0,0,0,0,0,,,,,,,1,0,0,0,0,0
NER,46511,465,11,1,3.0,1,1,1,1,1,1,1,0,1,1,1,1,2021,1,0,0,0,0,1,0,,,,,,,0,0,1,0,0,0
NER,46512,465,12,1,4.0,1,1,1,1,1,0,1,0,1,0,1,0,2021,0,0,0,0,0,0,0,,,,,,,1,0,0,0,0,0
NER,46513,465,13,1,1.0,1,1,1,1,1,1,1,0,1,0,1,1,2021,1,0,1,0,0,0,1,,,,,,,0,0,1,0,0,0
NER,46516,465,16,1,3.0,1,1,1,1,1,1,1,0,0,0,0,0,2021,1,0,0,0,0,1,0,,,,,,,0,0,1,0,0,0
NER,46517,465,17,1,3.0,1,1,1,0,0,1,1,0,1,0,1,0,2021,1,0,0,0,0,0,0,,,,,,,1,0,0,0,0,0
NER,46601,466,1,2,1.0,1,1,1,1,1,1,1,0,1,1,1,0,2021,1,0,1,0,0,0,0,,,,,,,0,0,0,0,0,0
NER,46603,466,3,2,1.0,1,1,1,1,1,1,1,0,1,1,1,0,2021,1,0,1,0,0,1,1,,,,,,,0,0,0,0,0,0
NER,46604,466,4,2,1.0,1,0,0,0,0,0,0,0,1,0,0,0,2021,0,0,0,0,0,0,0,,,,,,,0,0,0,0,0,0
NER,46606,466,6,2,1.0,1,1,1,1,1,1,1,0,1,0,0,0,2021,1,0,0,0,0,0,0,,,,,,,0,0,0,1,0,0
NER,46607,466,7,2,3.0,1,1,1,1,1,1,1,0,1,0,0,0,2021,1,0,0,0,0,1,0,,,,,,,0,0,0,0,0,0
NER,46608,466,8,2,3.0,1,1,1,1,1,1,1,0,1,0,0,0,2021,1,0,0,0,0,1,0,,,,,,,0,0,0,1,0,0
NER,46609,466,9,2,1.0,1,1,1,1,1,1,1,0,1,0,0,0,2021,1,0,0,0,0,0,0,,,,,,,0,0,0,1,0,0
NER,46610,466,10,2,4.0,0,0,0,0,0,0,1,0,1,0,0,1,2021,0,0,0,0,0,0,0,1.6761068105697632,,,,,,0,0,0,1,0,0
NER,46611,466,11,2,4.0,0,0,0,0,0,0,0,0,0,0,0,1,2021,0,0,0,0,0,0,0,,,,,,,0,0,1,0,0,0
NER,46612,466,12,2,1.0,1,1,1,1,1,1,1,0,1,0,0,0,2021,1,0,0,0,0,1,0,,2.0,3.0,0.0,0.0,0.0,0,0,0,0,0,0
NER,46613,466,13,2,4.0,1,1,1,1,1,0,1,0,1,0,0,0,2021,0,0,0,0,0,0,0,,,,,,,0,0,0,1,0,0
NER,46618,466,18,2,4.0,1,0,0,1,1,1,1,0,1,1,1,0,2021,0,0,0,0,0,0,0,,,,,,,1,0,0,0,0,0
NER,46701,467,1,1,4.0,1,1,1,0,0,1,1,0,1,0,0,0,2021,0,0,0,0,0,0,0,,,,,,,0,0,0,0,0,0
NER,46702,467,2,1,1.0,1,1,1,0,0,0,0,0,1,0,0,0,2021,0,0,0,0,0,0,0,,,,,,,0,0,0,0,0,0
NER,46703,467,3,1,1.0,0,1,1,1,1,0,0,0,1,0,0,0,2021,1,0,0,0,0,0,0,,,,,,,1,0,0,0,0,0
NER,46704,467,4,1,1.0,1,1,1,0,0,0,1,0,1,0,0,0,2021,0,0,0,0,0,0,0,,,,,,,0,0,0,0,0,0
NER,46705,467,5,1,1.0,1,1,1,1,1,1,1,0,1,1,1,0,2021,1,0,0,0,0,0,1,,0.0,2.0,0.0,0.0,0.0,1,0,0,0,0,0
NER,46706,467,6,1,2.0,1,1,1,0,0,1,1,0,1,0,0,0,2021,0,0,0,0,0,0,0,,0.0,3.0,0.0,0.0,0.0,0,0,0,0,0,0
NER,46708,467,8,1,3.0,1,1,1,1,1,0,1,0,0,0,0,0,2021,1,0,0,0,0,1,0,,,,,,,0,0,0,1,0,0
NER,46709,467,9,1,3.0,1,1,1,0,0,1,1,0,1,0,0,0,2021,0,0,0,0,0,0,0,,,,,,,0,0,0,0,0,0
NER,46710,467,10,1,1.0,1,1,1,1,1,1,1,0,1,0,0,0,2021,0,0,0,0,0,0,0,,,,,,,0,0,0,0,0,0
NER,46711,467,11,1,1.0,1,1,1,1,1,1,1,0,0,0,0,0,2021,0,0,0,0,0,0,1,,,,,,,0,0,0,0,0,1
NER,46712,467,12,1,1.0,1,1,1,1,1,1,1,0,1,0,1,0,2021,1,0,1,0,0,0,1,,,,,,,0,0,0,0,0,0
NER,46718,467,18,1,3.0,1,0,1,1,1,1,1,0,1,0,0,0,2021,1,0,0,0,0,0,0,,,,,,,0,0,0,0,0,0
NER,46806,468,6,2,3.0,1,1,1,0,0,0,1,0,1,1,1,0,2021,0,0,0,0,0,0,0,,0.0,4.0,0.0,0.0,0.0,0,0,0,0,0,0
NER,46807,468,7,2,4.0,1,1,1,1,1,1,1,0,1,1,1,0,2021,1,0,0,1,0,1,1,,,,,,,0,0,0,0,0,0
NER,46808,468,8,2,1.0,1,1,1,0,0,1,1,0,1,1,0,0,2021,0,0,0,0,0,0,0,,,,,,,0,0,0,0,0,0
NER,46809,468,9,2,1.0,1,1,1,1,1,1,1,0,1,1,1,0,2021,1,0,1,0,1,1,1,,,,,,,0,0,0,0,0,0
NER,46812,468,12,2,1.0,1,1,1,1,1,1,1,0,1,0,0,0,2021,1,0,0,0,0,0,0,,,,,,,0,0,0,0,0,0
NER,46817,468,17,2,1.0,1,1,1,1,1,1,1,0,1,1,1,0,2021,1,1,1,0,1,1,1,,,,,,,0,0,0,0,0,0
NER,46819,468,19,2,3.0,1,1,1,1,1,0,0,1,1,0,1,0,2021,0,0,0,0,0,0,0,,,,,,,1,0,0,0,0,0
NER,46821,468,21,2,1.0,1,1,1,1,1,0,0,1,0,0,0,0,2021,0,0,0,0,0,0,0,,0.0,3.0,0.0,0.0,0.0,1,0,1,1,0,0
NER,46822,468,22,2,4.0,1,1,1,1,1,1,1,0,1,0,0,1,2021,0,0,0,0,0,0,0,,,,,,,1,0,1,0,0,0
NER,46824,468,24,2,3.0,1,1,1,1,1,1,1,0,1,0,0,0,2021,1,0,0,0,0,1,0,,,,,,,0,0,0,0,0,0
NER,46826,468,26,2,4.0,0,0,0,1,1,0,0,0,1,0,0,0,2021,0,0,0,0,0,0,0,,,,,,,1,0,0,0,0,0
NER,46827,468,27,2,3.0,1,1,1,0,0,0,0,1,1,0,0,0,2021,0,0,0,0,0,0,0,,,,,,,1,0,1,0,0,0
NER,46901,469,1,1,1.0,1,1,1,0,0,1,1,0,1,0,0,0,2021,1,0,0,0,0,0,0,,,,,,,0,0,0,0,0,0
NER,46902,469,2,1,1.0,1,1,1,1,1,1,1,0,1,0,0,0,2021,1,0,0,0,0,0,0,,0.0,4.0,0.0,0.0,0.0,0,0,0,0,0,0
NER,46906,469,6,1,3.0,1,1,1,1,1,1,1,0,1,0,0,0,2021,1,0,0,0,0,1,0,,,,,,,0,0,0,0,0,0
NER,46909,469,9,1,1.0,1,1,1,0,0,0,0,0,1,0,0,0,2021,0,0,0,0,0,0,0,,,,,,,1,0,0,0,0,0
NER,46910,469,10,1,3.0,1,1,1,0,0,1,1,0,1,0,1,0,2021,1,0,0,0,0,1,0,,,,,,,0,1,0,0,0,0
NER,46912,469,12,1,4.0,1,1,1,1,1,1,1,0,1,0,0,0,2021,1,0,0,0,0,1,0,,,,,,,0,0,0,1,0,0
NER,46914,469,14,1,4.0,1,1,1,1,1,1,1,0,1,0,0,0,2021,1,1,1,1,0,1,0,,,,,,,0,0,0,0,0,0
NER,46915,469,15,1,1.0,1,1,1,1,1,1,1,0,1,0,0,0,2021,0,0,0,0,0,0,0,,,,,,,0,0,0,0,0,0
NER,46918,469,18,1,1.0,1,1,1,1,1,1,1,0,1,1,1,1,2021,0,0,1,0,0,0,0,,,,,,,0,0,0,0,0,0
NER,46920,469,20,1,1.0,1,1,1,1,1,1,1,0,1,1,1,1,2021,1,0,1,1,0,0,1,,,,,,,0,0,0,0,0,0
NER,46925,469,25,1,1.0,1,1,1,1,1,1,1,0,1,1,1,1,2021,1,0,1,0,0,0,0,,,,,,,0,0,0,0,0,0
NER,46928,469,28,1,4.0,0,0,0,0,0,0,0,0,1,0,0,0,2021,0,0,0,0,0,0,0,,,,,,,1,0,0,0,0,0
NER,47003,470,3,2,3.0,1,1,1,1,1,1,1,0,1,1,1,1,2021,0,0,1,1,0,0,0,,,,,,,0,0,0,0,0,0
NER,47009,470,9,2,1.0,1,1,1,1,1,1,1,0,1,1,1,1,2021,1,1,1,1,0,1,1,,,,,,,0,0,0,0,0,0
NER,47010,470,10,2,3.0,1,1,1,1,1,1,1,0,1,0,1,0,2021,1,0,1,1,0,0,0,,,,,,,0,0,0,1,0,0
NER,47018,470,18,2,3.0,1,1,1,1,1,1,1,0,1,0,1,0,2021,1,1,1,0,0,0,0,,,,,,,1,0,0,1,0,0
NER,47019,470,19,2,3.0,1,1,1,1,1,1,1,0,1,1,1,1,2021,1,0,0,1,0,0,1,,,,,,,0,0,1,0,0,0
NER,47020,470,20,2,1.0,1,1,1,1,1,1,1,0,1,1,1,1,2021,1,1,1,1,1,1,1,,,,,,,0,0,0,0,0,0
NER,47022,470,22,2,4.0,1,1,1,1,1,1,1,0,1,0,1,0,2021,1,0,1,1,0,0,1,,,,,,,0,0,0,0,0,0
NER,47023,470,23,2,4.0,1,1,1,1,1,1,1,0,1,0,1,0,2021,0,0,0,0,0,0,1,,,,,,,0,0,0,0,0,0
NER,47024,470,24,2,4.0,1,1,1,1,1,1,1,0,1,0,0,0,2021,1,0,0,0,0,0,1,,,,,,,0,0,0,0,0,0
NER,47026,470,26,2,1.0,1,1,1,1,1,1,1,0,1,1,1,1,2021,1,0,1,0,0,1,1,,,,,,,0,0,0,0,0,0
NER,47027,470,27,2,4.0,1,1,1,1,1,1,1,0,1,1,1,1,2021,1,1,1,0,0,0,0,,,,,,,0,0,0,1,0,0
NER,47101,471,1,1,1.0,1,1,1,1,1,1,1,0,1,0,0,0,2021,1,0,0,0,0,0,1,,,,,,,0,0,0,0,0,0
NER,47102,471,2,1,3.0,1,1,1,1,1,1,1,0,1,0,0,0,2021,1,0,0,0,0,0,0,,,,,,,0,1,0,0,0,0
NER,47105,471,5,1,1.0,1,1,1,1,1,1,1,0,1,1,1,0,2021,1,0,1,0,0,0,0,,,,,,,1,0,0,0,0,0
NER,47108,471,8,1,1.0,1,0,1,1,1,1,1,0,1,0,0,0,2021,1,0,1,0,0,0,0,,,,,,,0,0,0,0,0,0
NER,47110,471,10,1,1.0,1,1,1,1,1,1,1,0,1,0,1,1,2021,0,0,1,0,0,0,0,,,,,,,0,0,0,0,0,0
NER,47111,471,11,1,4.0,1,1,1,1,1,1,1,0,1,0,0,0,2021,0,0,0,0,0,0,0,,,,,,,0,0,0,0,0,0
NER,47112,471,12,1,1.0,1,1,1,1,1,1,1,0,1,0,0,0,2021,0,0,1,0,0,0,0,,,,,,,1,0,0,0,0,0
NER,47119,471,19,1,4.0,1,1,1,1,1,1,1,0,1,0,0,0,2021,0,0,0,0,0,0,0,,,,,,,1,0,0,1,0,0
NER,47121,471,21,1,3.0,1,1,1,0,0,0,0,0,0,0,1,0,2021,0,0,0,0,0,0,0,,,,,,,1,0,0,0,0,0
NER,47122,471,22,1,2.0,1,1,1,1,1,1,1,0,1,0,0,0,2021,0,0,1,0,0,0,0,,,,,,,0,0,1,0,0,0
NER,47125,471,25,1,3.0,1,1,1,1,1,0,1,0,1,1,1,0,2021,0,0,0,0,0,0,0,,,,,,,0,0,0,0,0,0
NER,47126,471,26,1,3.0,1,1,1,1,1,1,1,0,1,0,0,0,2021,0,0,1,0,0,0,0,,0.0,0.0,0.0,0.0,5.0,0,0,1,0,0,0
NER,47201,472,1,2,4.0,1,1,1,1,1,1,1,0,1,0,1,0,2021,0,0,0,0,0,0,0,,,,,,,0,0,0,0,0,0
NER,47202,472,2,2,1.0,1,1,1,1,1,1,1,0,1,1,1,0,2021,1,1,1,1,0,1,1,,,,,,,1,0,0,0,0,0
NER,47203,472,3,2,1.0,1,1,1,1,1,1,1,0,1,1,1,0,2021,0,0,0,1,0,0,0,,,,,,,0,0,0,0,0,0
NER,47206,472,6,2,4.0,1,1,1,1,1,1,1,0,1,0,1,0,2021,1,1,1,1,0,1,1,,,,,,,1,0,0,0,0,0
NER,47207,472,7,2,3.0,1,1,1,1,1,1,1,0,1,1,1,1,2021,1,0,1,1,1,1,1,,,,,,,0,0,0,0,0,0
NER,47208,472,8,2,1.0,1,1,1,1,1,1,1,0,1,1,1,1,2021,1,1,1,1,0,1,1,,,,,,,0,0,0,0,0,0
NER,47210,472,10,2,1.0,1,1,1,1,1,1,1,0,1,1,1,1,2021,1,0,0,1,0,1,0,,,,,,,0,0,0,1,0,0
NER,47213,472,13,2,3.0,1,1,1,1,1,1,1,0,0,1,0,0,2021,1,0,0,0,0,0,1,,,,,,,0,0,0,0,0,0
NER,47214,472,14,2,3.0,1,1,1,1,1,1,1,0,1,0,0,0,2021,1,1,1,1,0,0,0,,,,,,,0,0,0,1,0,0
NER,47219,472,19,2,4.0,1,1,1,1,1,1,1,0,1,0,0,0,2021,1,0,0,0,0,1,0,,,,,,,0,0,0,0,0,0
NER,47224,472,24,2,4.0,1,1,1,1,1,0,1,0,0,0,1,0,2021,0,0,0,0,0,0,0,,,,,,,0,0,1,0,0,0
NER,47226,472,26,2,1.0,1,1,1,1,1,1,1,0,1,1,1,0,2021,1,0,1,1,0,1,0,,,,,,,1,0,0,0,0,0
NER,47301,473,1,1,1.0,1,1,1,1,1,1,1,0,1,0,0,0,2021,0,0,1,0,0,0,0,,,,,,,0,0,1,0,0,0
NER,47302,473,2,1,3.0,1,1,1,1,1,1,1,0,1,0,1,0,2021,1,0,1,1,0,1,1,,,,,,,0,0,0,0,0,0
NER,47303,473,3,1,3.0,1,1,1,1,1,1,1,0,1,0,1,1,2021,0,0,0,0,0,0,0,,,,,,,0,0,0,0,0,0
NER,47305,473,5,1,3.0,1,1,1,1,1,1,1,0,1,0,0,0,2021,1,0,1,0,0,1,0,,,,,,,1,0,0,1,0,0
NER,47306,473,6,1,3.0,1,1,1,1,1,1,1,0,1,0,1,1,2021,1,0,0,0,0,0,0,,,,,,,0,0,0,0,0,1
NER,47308,473,8,1,3.0,1,1,1,1,1,1,1,0,0,0,0,0,2021,0,0,0,0,0,0,0,,,,,,,1,0,0,1,0,0
NER,47310,473,10,1,3.0,1,1,1,1,1,1,1,0,1,0,0,0,2021,1,0,0,0,0,0,0,,,,,,,0,0,0,0,0,0
NER,47311,473,11,1,4.0,1,1,1,1,1,0,0,0,0,0,0,0,2021,0,0,0,0,0,0,0,,,,,,,0,0,0,1,0,0
NER,47316,473,16,1,3.0,1,1,1,0,0,0,1,0,1,1,0,0,2021,0,0,0,0,0,0,0,,0.0,0.0,0.0,5.0,11.0,0,0,0,0,0,0
NER,47317,473,17,1,1.0,1,1,1,1,1,1,1,0,1,1,1,0,2021,1,1,1,0,0,0,0,,,,,,,0,0,0,0,0,0
NER,47320,473,20,1,3.0,1,1,1,1,1,1,1,0,1,0,0,0,2021,0,0,0,0,0,0,0,,,,,,,0,0,0,0,0,0
NER,47321,473,21,1,3.0,1,1,1,0,0,0,1,0,1,1,1,1,2021,0,0,0,0,0,0,0,,,,,,,0,0,0,0,0,0
NER,47403,474,3,2,3.0,1,1,1,1,1,1,1,0,1,0,0,1,2021,1,0,0,0,0,1,0,,,,,,,1,0,1,0,0,0
NER,47404,474,4,2,3.0,1,0,0,0,0,0,1,0,1,0,0,1,2021,1,0,0,0,0,0,0,,,,,,,1,0,0,0,0,0
NER,47405,474,5,2,4.0,1,1,1,1,1,1,1,0,1,0,0,1,2021,1,0,1,0,0,1,0,,,,,,,1,0,0,0,0,0
NER,47408,474,8,2,3.0,1,1,1,1,1,1,1,0,1,1,0,1,2021,1,0,1,0,0,1,0,,0.0,10.0,0.0,0.0,0.0,0,0,0,0,0,0
NER,47409,474,9,2,2.0,1,1,1,1,1,1,1,0,1,1,1,1,2021,0,0,0,0,0,0,0,,,,,,,0,0,0,0,0,0
NER,47410,474,10,2,1.0,1,0,1,1,1,1,1,0,1,0,0,1,2021,1,0,0,0,0,0,0,,,,,,,0,0,0,0,0,0
NER,47412,474,12,2,1.0,1,1,1,1,1,1,1,0,1,0,0,0,2021,0,0,0,0,0,0,0,,,,,,,1,0,0,0,0,0
NER,47413,474,13,2,3.0,1,0,1,1,1,1,1,0,1,0,1,1,2021,0,0,0,0,0,0,0,,,,,,,0,0,0,0,0,0
NER,47416,474,16,2,1.0,1,1,1,1,1,1,1,0,1,0,1,0,2021,1,0,1,0,0,0,0,,,,,,,0,0,0,0,0,0
NER,47422,474,22,2,3.0,1,1,1,1,1,1,1,0,1,1,0,1,2021,1,0,0,0,0,1,0,,,,,,,0,0,0,0,0,0
NER,47425,474,25,2,3.0,1,1,1,1,1,1,1,0,1,0,0,1,2021,1,0,0,0,0,0,0,,,,,,,1,0,0,0,0,0
NER,47427,474,27,2,1.0,1,0,0,0,0,1,1,0,1,0,0,1,2021,1,0,0,0,0,0,0,,,,,,,0,1,0,0,0,0
NER,47503,475,3,1,1.0,1,1,1,1,1,1,1,0,1,1,1,0,2021,1,0,1,1,0,1,0,,3.0,0.0,0.0,0.0,0.0,0,0,0,0,0,0
NER,47504,475,4,1,3.0,1,0,1,1,1,1,1,0,1,0,0,0,2021,1,0,0,1,1,1,0,,,,,,,0,1,0,0,0,0
NER,47505,475,5,1,1.0,1,1,1,1,1,1,1,0,1,1,1,0,2021,1,1,1,0,0,1,0,,,,,,,0,0,0,0,0,0
NER,47506,475,6,1,3.0,1,1,1,1,1,1,1,0,1,1,1,0,2021,1,0,1,0,1,0,0,,,,,,,1,0,0,0,0,0
NER,47507,475,7,1,3.0,1,1,1,1,1,1,1,0,1,0,1,0,2021,1,0,1,0,1,1,0,,,,,,,0,0,0,0,0,0
NER,47508,475,8,1,1.0,1,1,1,1,1,1,1,0,1,0,0,0,2021,1,0,0,0,0,1,0,,,,,,,0,0,0,0,0,0
NER,47510,475,10,1,3.0,1,0,0,0,0,0,0,0,1,0,0,0,2021,0,0,0,0,0,0,0,,,,,,,1,0,0,0,0,0
NER,47512,475,12,1,3.0,1,0,1,1,1,1,1,0,0,0,0,0,2021,0,0,0,0,0,0,0,,,,,,,0,0,0,0,0,0
NER,47517,475,17,1,1.0,1,1,1,1,1,1,1,0,1,1,1,1,2021,1,0,1,1,0,0,1,,,,,,,0,0,0,0,0,0
NER,47519,475,19,1,3.0,1,0,1,1,1,1,1,0,1,0,0,0,2021,1,0,0,1,0,0,0,,,,,,,0,0,0,0,0,0
NER,47520,475,20,1,3.0,1,0,1,0,0,1,1,0,1,0,0,0,2021,0,0,0,0,0,0,0,,,,,,,0,0,0,0,0,0
NER,47521,475,21,1,1.0,1,1,1,1,1,1,1,0,1,0,0,0,2021,1,1,1,0,0,1,0,,,,,,,1,0,0,0,0,0
NER,47601,476,1,2,4.0,1,1,1,1,1,1,1,0,1,1,1,0,2021,0,0,0,0,0,0,0,,,,,,,0,0,0,0,0,0
NER,47605,476,5,2,3.0,1,1,1,1,1,1,1,0,1,1,1,0,2021,1,0,0,0,0,0,0,,,,,,,0,0,0,0,0,0
NER,47606,476,6,2,1.0,1,1,1,1,1,1,1,0,1,1,1,0,2021,1,0,0,0,0,0,0,,,,,,,1,0,0,0,0,0
NER,47607,476,7,2,3.0,1,1,1,0,0,0,0,1,0,0,0,0,2021,0,0,0,0,0,0,0,,,,,,,1,0,0,0,0,0
NER,47608,476,8,2,1.0,1,1,1,1,1,1,1,0,1,0,0,0,2021,1,0,1,0,0,1,1,,,,,,,0,0,0,1,0,0
NER,47609,476,9,2,3.0,1,1,1,1,1,1,1,0,1,0,0,0,2021,1,0,0,0,0,1,1,,,,,,,0,0,0,1,0,0
NER,47610,476,10,2,1.0,1,1,1,1,1,1,1,0,1,1,1,0,2021,1,0,0,0,0,1,0,,,,,,,0,1,0,0,0,0
NER,47616,476,16,2,1.0,1,1,1,1,1,1,1,0,1,1,1,1,2021,1,1,1,1,1,1,1,,,,,,,0,0,0,0,0,0
NER,47618,476,18,2,1.0,1,1,1,1,1,1,1,0,1,0,1,0,2021,1,0,1,0,0,1,0,,,,,,,0,0,0,0,0,0
NER,47620,476,20,2,3.0,1,1,1,1,1,1,1,0,1,1,1,0,2021,1,0,0,0,0,0,0,,,,,,,0,0,0,0,0,0
NER,47621,476,21,2,3.0,1,1,1,1,1,0,1,0,1,0,0,0,2021,1,0,0,0,0,1,0,,,,,,,1,0,0,0,0,0
NER,47628,476,28,2,1.0,1,1,1,1,1,1,1,0,1,1,1,0,2021,1,0,1,1,0,1,0,,,,,,,0,0,0,0,0,0
NER,47701,477,1,1,4.0,0,1,0,1,1,0,0,0,1,0,1,0,2021,1,0,0,0,0,0,0,,,,,,,0,0,0,0,0,0
NER,47702,477,2,1,4.0,0,0,0,1,1,1,1,0,0,0,1,0,2021,1,0,1,0,0,1,0,,,,,,,1,0,0,0,0,0
NER,47703,477,3,1,4.0,1,1,1,1,1,1,1,0,0,0,0,0,2021,0,0,0,0,0,0,0,,0.0,4.0,0.0,0.0,0.0,0,0,0,1,0,0
NER,47706,477,6,1,4.0,0,0,0,0,0,0,0,0,1,0,0,0,2021,0,0,0,0,0,0,0,,0.0,8.0,0.0,0.0,0.0,1,0,0,0,0,0
NER,47707,477,7,1,4.0,0,1,0,1,1,0,1,0,1,0,1,0,2021,1,0,0,0,0,0,0,,,,,,,0,0,0,0,0,0
NER,47708,477,8,1,4.0,0,1,0,1,1,0,0,1,0,0,1,0,2021,0,0,0,0,0,0,0,,,,,,,0,0,0,0,0,0
NER,47710,477,10,1,4.0,0,1,0,1,1,0,0,0,1,0,1,0,2021,0,0,0,0,0,0,0,,,,,,,0,0,0,0,0,0
NER,47711,477,11,1,4.0,1,1,1,1,1,1,1,0,0,0,0,0,2021,0,0,0,0,0,0,0,,,,,,,1,0,0,0,0,0
NER,47712,477,12,1,4.0,1,1,1,1,1,0,1,0,1,0,1,0,2021,0,0,0,0,0,0,0,,,,,,,0,0,0,0,0,0
NER,47718,477,18,1,3.0,1,1,1,1,1,1,1,0,1,0,1,0,2021,1,0,0,0,1,0,0,,,,,,,0,0,0,0,0,0
NER,47721,477,21,1,3.0,1,1,1,1,1,1,1,0,1,0,0,0,2021,1,0,0,0,0,0,0,,,,,,,0,0,0,0,0,0
NER,47722,477,22,1,4.0,0,1,1,1,1,0,1,0,1,0,1,0,2021,1,0,0,0,0,1,0,,,,,,,0,0,0,0,0,1
NER,47802,478,2,2,3.0,1,1,1,1,1,1,1,0,1,0,0,0,2021,1,0,0,0,0,0,0,,,,,,,0,0,1,0,0,0
NER,47804,478,4,2,4.0,1,0,1,1,1,1,1,0,1,0,0,0,2021,1,0,1,1,0,0,0,,,,,,,0,1,1,1,0,0
NER,47805,478,5,2,2.0,1,1,1,1,1,1,1,0,1,1,0,0,2021,1,0,0,0,0,1,1,,,,,,,0,0,0,0,0,0
NER,47810,478,10,2,2.0,1,1,1,1,1,1,1,0,1,1,0,0,2021,0,0,0,0,0,0,0,,,,,,,1,0,0,0,0,0
NER,47811,478,11,2,4.0,1,0,1,1,1,0,0,0,0,0,0,0,2021,0,0,0,0,0,0,0,,,,,,,0,1,0,0,0,0
NER,47812,478,12,2,3.0,1,0,0,1,1,1,1,0,1,0,0,0,2021,1,0,1,0,0,0,0,,,,,,,0,0,0,0,0,0
NER,47814,478,14,2,4.0,1,1,1,1,1,1,1,0,1,1,1,0,2021,1,0,0,0,0,0,0,,,,,,,0,0,0,0,0,0
NER,47815,478,15,2,3.0,1,0,1,0,0,1,1,0,1,0,0,0,2021,0,0,0,0,0,0,0,,,,,,,0,0,0,0,0,0
NER,47817,478,17,2,4.0,1,0,1,1,1,1,1,0,1,0,0,0,2021,1,0,0,0,0,0,0,,,,,,,0,0,1,0,0,0
NER,47818,478,18,2,3.0,1,1,1,1,1,1,1,0,1,0,0,0,2021,1,0,0,0,0,0,0,,,,,,,1,1,1,0,0,0
NER,47821,478,21,2,3.0,1,1,1,1,1,1,1,0,1,1,0,0,2021,1,0,0,0,0,0,0,,,,,,,0,0,0,0,0,0
NER,47823,478,23,2,2.0,1,1,1,1,1,1,1,0,1,1,0,0,2021,1,0,0,0,0,0,0,,,,,,,1,0,0,0,0,0
NER,47901,479,1,1,1.0,1,1,1,1,1,1,1,0,1,0,0,0,2021,0,0,0,0,0,0,0,,,,,,,1,0,0,0,0,0
NER,47902,479,2,1,3.0,1,1,1,1,1,1,1,0,0,0,0,0,2021,1,0,0,0,0,0,0,,,,,,,0,0,0,0,0,0
NER,47903,479,3,1,4.0,0,0,1,1,1,0,0,0,0,0,0,0,2021,0,0,0,0,0,0,0,,,,,,,0,0,1,1,0,0
NER,47907,479,7,1,1.0,1,1,1,1,1,1,1,0,1,0,0,0,2021,1,0,0,0,0,0,0,,,,,,,0,1,0,0,0,0
NER,47908,479,8,1,3.0,1,1,1,1,1,1,1,0,0,0,0,0,2021,1,0,0,0,0,0,0,,0.0,0.0,0.0,2.0,24.0,0,0,0,0,0,0
NER,47911,479,11,1,1.0,1,1,1,1,1,1,1,0,0,0,0,0,2021,1,0,0,0,0,0,0,,,,,,,0,0,0,0,0,0
NER,47912,479,12,1,4.0,0,1,1,1,1,0,0,1,0,0,0,0,2021,0,0,0,0,0,0,0,,,,,,,1,0,1,0,0,0
NER,47917,479,17,1,3.0,1,1,1,1,1,1,1,0,0,0,0,0,2021,1,0,0,0,0,0,0,,,,,,,1,0,1,0,0,0
NER,47918,479,18,1,4.0,0,1,1,1,1,0,0,0,0,0,0,0,2021,0,0,0,0,0,0,0,,,,,,,0,0,0,1,0,0
NER,47920,479,20,1,1.0,0,0,0,1,1,0,0,1,0,0,0,0,2021,0,0,0,0,0,0,0,,,,,,,0,0,0,0,0,0
NER,47921,479,21,1,3.0,1,1,1,1,1,1,1,0,0,0,0,0,2021,1,0,0,1,0,0,0,,,,,,,0,0,0,0,0,0
NER,47924,479,24,1,4.0,1,1,0,1,1,0,0,0,0,0,0,1,2021,0,0,0,0,0,0,0,,,,,,,0,0,0,0,0,0
NER,48001,480,1,2,1.0,1,0,1,1,1,1,1,0,1,0,0,0,2021,1,0,0,0,0,0,0,,,,,,,1,0,0,0,0,0
NER,48002,480,2,2,1.0,1,1,1,0,0,1,1,0,1,0,0,0,2021,1,0,1,0,0,0,0,,,,,,,0,0,0,1,0,0
NER,48003,480,3,2,4.0,1,1,1,1,1,1,1,0,1,1,1,0,2021,1,0,1,1,0,1,0,,,,,,,1,0,0,0,0,0
NER,48007,480,7,2,3.0,1,1,1,1,1,0,1,0,0,0,0,0,2021,1,0,0,0,0,0,0,,,,,,,1,0,0,0,0,0
NER,48008,480,8,2,4.0,1,0,1,1,1,1,1,0,1,0,0,0,2021,1,0,0,0,0,0,0,,,,,,,0,0,0,1,0,0
NER,48009,480,9,2,1.0,1,1,1,1,1,1,1,0,1,0,0,0,2021,1,0,0,0,0,0,0,,,,,,,1,0,0,0,0,0
NER,48010,480,10,2,4.0,1,1,1,1,1,0,1,0,0,0,0,0,2021,1,0,0,0,0,1,0,,,,,,,0,0,0,0,0,0
NER,48016,480,16,2,1.0,1,1,1,1,1,1,1,0,1,0,1,0,2021,1,0,0,0,0,1,0,,,,,,,1,0,0,0,0,0
NER,48017,480,17,2,1.0,1,1,1,1,1,1,1,0,0,0,0,0,2021,0,0,0,0,0,0,0,,0.0,1.0,0.0,0.0,0.0,0,0,0,1,0,0
NER,48020,480,20,2,1.0,1,0,1,1,1,1,1,0,0,0,0,0,2021,1,0,0,0,0,0,0,,0.0,8.0,0.0,0.0,8.0,0,0,0,0,0,0
NER,48023,480,23,2,1.0,1,1,1,1,1,1,1,0,1,1,1,0,2021,1,0,0,0,0,1,0,,,,,,,0,0,0,0,0,0
NER,48025,480,25,2,4.0,1,1,1,1,1,1,1,0,1,0,0,0,2021,1,0,0,0,0,0,0,,,,,,,0,0,0,1,0,0
NER,48104,481,4,1,4.0,1,1,1,1,1,1,1,0,1,0,0,0,2021,1,0,0,0,0,0,0,,,,,,,0,0,0,0,0,0
NER,48106,481,6,1,3.0,1,1,1,1,1,1,1,0,0,0,0,0,2021,1,1,1,0,1,1,1,,,,,,,1,0,0,0,0,0
NER,48108,481,8,1,4.0,1,1,1,0,0,0,0,0,1,0,0,1,2021,0,0,0,0,0,0,0,,,,,,,0,0,0,0,0,0
NER,48112,481,12,1,3.0,1,1,1,0,0,0,1,0,1,0,0,1,2021,1,0,0,0,0,0,0,,,,,,,0,0,0,0,0,0
NER,48113,481,13,1,3.0,1,1,1,1,1,1,1,0,0,0,0,0,2021,1,0,1,0,0,1,0,,,,,,,1,0,0,0,0,0
NER,48117,481,17,1,3.0,0,1,1,1,1,1,1,0,0,0,0,0,2021,0,0,0,0,0,0,0,,,,,,,0,0,1,0,0,0
NER,48119,481,19,1,3.0,1,1,1,1,1,1,1,0,0,0,0,1,2021,1,0,0,0,0,1,0,,,,,,,0,0,0,0,0,0
NER,48121,481,21,1,4.0,1,1,1,1,1,1,1,0,1,0,0,0,2021,1,0,0,0,0,1,0,,,,,,,0,0,0,0,0,0
NER,48122,481,22,1,3.0,1,1,1,1,1,1,1,0,1,0,0,0,2021,1,0,0,0,0,1,1,,,,,,,0,0,0,0,0,0
NER,48123,481,23,1,3.0,1,1,1,1,1,1,1,0,0,0,0,0,2021,1,0,1,0,0,0,0,,,,,,,0,0,1,0,0,0
NER,48124,481,24,1,3.0,1,1,1,1,1,1,1,0,1,1,0,0,2021,1,0,0,0,0,0,0,,,,,,,0,0,0,0,0,0
NER,48127,481,27,1,4.0,1,1,1,1,1,1,1,0,0,1,1,0,2021,0,0,0,0,0,0,0,,0.0,0.0,0.0,0.0,4.0,0,0,0,0,1,0
NER,48201,482,1,2,3.0,1,1,1,1,1,1,1,0,1,0,0,0,2021,1,0,1,1,0,0,1,,,,,,,0,0,1,0,0,0
NER,48203,482,3,2,1.0,1,1,1,1,1,1,1,0,1,0,0,0,2021,1,0,1,1,0,0,0,,,,,,,1,0,1,0,0,0
NER,48206,482,6,2,3.0,1,1,1,1,1,1,1,0,1,1,0,0,2021,1,0,0,1,1,0,0,,,,,,,0,1,0,0,0,0
NER,48210,482,10,2,3.0,1,1,1,1,1,1,1,0,1,1,0,0,2021,1,1,0,1,0,0,0,,,,,,,0,0,0,0,0,0
NER,48212,482,12,2,4.0,1,1,1,1,1,1,1,0,0,0,0,0,2021,1,0,0,0,0,1,0,,,,,,,0,0,0,0,0,0
NER,48213,482,13,2,3.0,1,1,1,1,1,1,1,0,1,0,0,0,2021,1,0,0,0,0,0,0,,,,,,,0,0,0,0,0,0
NER,48217,482,17,2,1.0,1,1,1,1,1,1,1,0,1,1,1,0,2021,0,0,0,0,0,0,0,,,,,,,1,0,0,0,0,0
NER,48218,482,18,2,4.0,0,0,0,1,1,0,0,0,1,0,0,0,2021,0,0,0,0,0,0,0,,,,,,,1,0,0,0,0,0
NER,48219,482,19,2,3.0,1,1,1,1,1,1,1,0,1,1,0,0,2021,1,0,0,0,0,1,0,,,,,,,0,0,0,0,0,0
NER,48220,482,20,2,3.0,1,1,1,1,1,1,1,0,1,1,0,0,2021,1,0,1,1,0,1,0,,,,,,,0,0,0,0,0,0
NER,48221,482,21,2,3.0,1,1,1,1,1,1,1,0,1,0,0,0,2021,0,0,1,0,0,1,0,,,,,,,0,0,1,0,0,0
NER,48224,482,24,2,4.0,0,0,0,1,1,1,1,0,1,0,1,0,2021,0,0,0,0,0,0,0,,,,,,,0,0,1,0,0,0
NER,48301,483,1,1,3.0,1,1,1,1,1,1,1,0,1,0,1,0,2021,1,0,0,0,0,0,0,,,,,,,0,0,0,0,0,0
NER,48302,483,2,1,3.0,1,1,1,1,1,1,1,0,1,1,0,0,2021,1,0,1,0,0,0,0,,0.0,11.0,0.0,0.0,5.0,0,0,0,1,0,0
NER,48304,483,4,1,1.0,1,1,1,1,1,1,1,0,1,1,1,0,2021,0,0,1,0,0,0,0,,,,,,,1,0,0,0,0,0
NER,48305,483,5,1,3.0,1,1,1,1,1,1,1,0,1,0,1,0,2021,0,0,0,0,0,0,0,,,,,,,0,0,0,0,0,0
NER,48306,483,6,1,1.0,1,1,1,1,1,1,1,0,1,1,0,0,2021,1,0,1,0,0,0,0,,0.0,3.0,0.0,0.0,0.0,1,0,0,0,0,0
NER,48307,483,7,1,3.0,1,1,1,1,1,0,1,0,1,0,1,0,2021,0,0,0,0,0,0,0,,,,,,,0,0,0,0,0,0
NER,48308,483,8,1,3.0,1,1,1,1,1,1,1,0,1,0,1,0,2021,0,0,0,0,0,0,0,,,,,,,0,0,0,1,0,0
NER,48309,483,9,1,4.0,0,0,0,0,0,0,0,1,0,0,0,0,2021,0,0,0,0,0,0,0,,0.0,3.0,0.0,0.0,0.0,0,1,0,0,0,0
NER,48310,483,10,1,3.0,1,0,1,1,1,0,0,0,1,0,0,0,2021,0,0,0,0,0,0,0,,,,,,,1,0,0,1,0,0
NER,48311,483,11,1,4.0,1,1,1,1,1,1,1,0,1,0,1,0,2021,0,0,0,0,0,0,0,,,,,,,0,0,0,0,0,0
NER,48314,483,14,1,1.0,1,1,1,1,1,1,1,0,1,1,1,0,2021,1,0,1,1,0,1,1,,,,,,,0,1,0,0,0,0
NER,48316,483,16,1,3.0,1,0,1,1,1,0,1,0,1,0,0,0,2021,0,0,0,0,0,0,0,,,,,,,0,0,0,0,0,0
NER,48402,484,2,2,3.0,1,1,1,1,1,1,1,0,1,0,1,0,2021,1,0,1,1,0,1,0,,,,,,,0,0,1,0,0,0
NER,48403,484,3,2,1.0,1,1,1,1,1,1,1,0,1,1,0,0,2021,1,0,1,1,1,1,1,,,,,,,1,0,1,0,0,0
NER,48406,484,6,2,3.0,1,1,1,1,1,1,1,0,1,1,0,0,2021,0,0,0,0,0,0,0,,,,,,,0,0,0,0,0,0
NER,48407,484,7,2,1.0,1,1,1,1,1,1,1,0,1,1,0,0,2021,1,0,0,0,0,1,0,,,,,,,0,0,0,0,0,0
NER,48408,484,8,2,1.0,1,1,1,1,1,1,1,0,1,1,0,0,2021,1,0,0,0,0,0,0,,,,,,,0,0,0,0,0,0
NER,48410,484,10,2,4.0,1,1,1,0,0,1,1,0,1,0,0,0,2021,1,0,1,0,0,1,0,,,,,,,1,0,0,0,0,0
NER,48411,484,11,2,1.0,1,1,1,1,1,1,1,0,1,1,1,1,2021,1,0,1,0,0,1,1,,10.0,20.0,0.0,0.0,0.0,1,0,0,0,0,0
NER,48412,484,12,2,4.0,1,1,1,1,1,1,1,0,1,1,1,0,2021,1,0,1,1,0,1,1,,,,,,,0,0,0,0,0,0
NER,48417,484,17,2,3.0,1,1,1,0,0,1,1,0,1,0,0,0,2021,1,0,0,0,0,1,0,,,,,,,1,0,1,0,0,0
NER,48418,484,18,2,1.0,1,1,1,1,1,1,1,0,1,0,0,0,2021,1,0,0,0,0,0,0,,,,,,,0,0,1,0,0,0
NER,48419,484,19,2,3.0,1,1,1,1,1,1,1,0,1,1,0,0,2021,1,0,0,0,0,0,0,0.44999998807907104,,,,,,0,0,0,0,0,0
NER,48420,484,20,2,4.0,0,1,0,0,0,0,0,0,1,0,0,0,2021,1,0,0,0,0,0,0,,,,,,,0,0,0,0,0,0
NER,48501,485,1,1,3.0,1,1,1,1,1,1,1,0,0,0,1,0,2021,1,0,0,0,0,1,0,,,,,,,0,0,0,0,0,0
NER,48502,485,2,1,4.0,1,1,1,1,1,0,0,0,0,0,0,0,2021,0,0,0,0,0,0,0,,,,,,,1,0,0,0,0,0
NER,48503,485,3,1,4.0,1,1,1,1,1,1,1,0,1,1,1,1,2021,0,0,1,1,0,0,1,,,,,,,1,0,0,0,0,0
NER,48504,485,4,1,4.0,1,1,1,1,1,0,1,0,1,0,1,0,2021,1,0,0,0,0,1,0,,,,,,,0,0,0,0,0,0
NER,48505,485,5,1,3.0,1,1,1,1,1,1,1,0,0,1,1,0,2021,1,0,1,1,0,1,1,,,,,,,0,0,0,0,0,0
NER,48506,485,6,1,3.0,1,1,1,1,1,1,1,0,1,1,1,1,2021,1,0,1,1,0,0,1,,,,,,,0,0,0,0,0,0
NER,48507,485,7,1,3.0,1,1,1,1,1,1,1,0,1,0,1,0,2021,1,0,1,1,0,1,1,,,,,,,0,0,0,0,0,0
NER,48508,485,8,1,1.0,1,1,1,1,1,1,1,0,1,1,1,0,2021,0,0,1,1,0,0,1,,0.0,3.0,0.0,0.0,6.0,1,0,0,0,0,0
NER,48509,485,9,1,4.0,1,1,1,1,1,0,0,0,1,0,1,0,2021,0,0,0,0,0,0,0,,,,,,,0,0,0,0,0,0
NER,48510,485,10,1,3.0,1,1,1,1,1,1,1,0,0,0,1,0,2021,1,0,1,0,0,1,1,,,,,,,0,0,0,0,0,0
NER,48511,485,11,1,4.0,1,1,1,1,1,1,1,0,0,1,1,0,2021,0,0,0,0,0,0,0,,,,,,,1,0,0,0,0,0
NER,48519,485,19,1,3.0,1,1,1,1,1,1,1,0,0,1,1,0,2021,1,0,1,1,0,0,0,,,,,,,0,0,0,0,0,0
NER,48602,486,2,2,4.0,1,1,1,1,1,1,1,0,1,0,0,0,2021,1,0,0,1,0,0,0,,,,,,,1,0,0,1,0,0
NER,48603,486,3,2,1.0,1,1,1,1,1,1,1,0,1,0,0,0,2021,1,0,1,0,0,0,1,,,,,,,0,0,1,0,0,0
NER,48605,486,5,2,3.0,1,1,1,1,1,1,1,0,0,1,0,0,2021,1,0,1,0,0,1,0,,,,,,,0,0,0,0,0,0
NER,48606,486,6,2,3.0,1,1,1,1,1,1,1,0,0,1,0,0,2021,1,0,0,0,0,1,0,,,,,,,0,0,0,0,0,0
NER,48607,486,7,2,3.0,1,1,1,1,1,1,1,0,1,1,0,0,2021,1,0,1,0,0,1,0,,,,,,,0,0,0,0,0,0
NER,48608,486,8,2,1.0,1,1,1,1,1,1,1,0,0,1,0,0,2021,1,0,1,0,0,1,0,,0.0,3.0,0.0,0.0,0.0,0,0,0,0,0,0
NER,48609,486,9,2,1.0,1,1,1,1,1,1,1,0,1,1,1,0,2021,1,0,1,0,0,1,1,,0.0,0.0,0.0,0.0,32.0,0,0,0,0,0,0
NER,48610,486,10,2,3.0,1,1,1,1,1,1,1,0,1,1,1,0,2021,1,0,0,0,0,0,0,,,,,,,1,0,0,0,0,0
NER,48611,486,11,2,3.0,1,1,1,1,1,0,1,0,1,1,1,0,2021,0,0,0,0,0,0,0,,,,,,,0,0,0,0,0,0
NER,48618,486,18,2,3.0,1,1,1,1,1,1,1,0,1,1,1,0,2021,1,0,0,0,0,1,0,,,,,,,0,0,0,0,0,0
NER,48619,486,19,2,1.0,1,1,1,1,1,1,1,0,1,0,0,0,2021,1,0,0,1,0,0,0,,,,,,,0,0,1,0,0,0
NER,48620,486,20,2,3.0,1,1,1,1,1,0,1,0,1,0,0,0,2021,1,0,1,1,0,1,1,,,,,,,0,1,1,0,0,0
NER,48701,487,1,1,1.0,1,1,1,1,1,1,1,0,1,0,1,0,2021,1,0,0,0,0,0,0,,,,,,,1,0,0,0,0,0
NER,48705,487,5,1,1.0,1,1,1,0,0,0,1,0,0,0,1,0,2021,1,0,0,0,0,0,0,,,,,,,1,0,0,0,0,0
NER,48707,487,7,1,3.0,1,1,1,1,1,1,1,0,1,0,1,0,2021,1,0,0,0,0,0,0,,,,,,,0,0,0,0,0,0
NER,48708,487,8,1,1.0,1,0,1,1,1,1,1,0,1,0,1,0,2021,1,0,0,0,0,0,0,,,,,,,0,0,0,0,0,0
NER,48710,487,10,1,3.0,1,1,1,1,1,1,1,0,1,0,0,0,2021,0,0,0,0,0,0,0,,,,,,,0,0,0,0,0,0
NER,48711,487,11,1,1.0,1,1,1,1,1,1,1,0,0,0,1,0,2021,0,0,0,0,0,0,0,,0.0,6.0,0.0,0.0,0.0,0,1,0,0,0,0
NER,48712,487,12,1,1.0,1,1,1,1,1,1,1,0,1,0,1,0,2021,1,0,0,0,0,1,0,,0.0,3.0,0.0,0.0,0.0,1,0,0,0,0,0
NER,48714,487,14,1,1.0,1,1,1,0,0,1,1,0,1,0,0,0,2021,1,0,1,0,0,0,0,,,,,,,1,0,0,0,0,0
NER,48717,487,17,1,4.0,1,1,1,1,1,1,1,0,1,0,1,0,2021,1,0,0,0,0,0,0,,,,,,,0,0,0,0,0,0
NER,48719,487,19,1,1.0,1,1,1,1,1,1,1,0,1,0,0,0,2021,1,0,0,0,0,0,0,,,,,,,0,0,0,1,0,0
NER,48722,487,22,1,3.0,1,1,1,1,1,0,0,0,0,1,0,0,2021,0,0,0,0,0,0,0,,,,,,,0,0,0,0,1,0
NER,48723,487,23,1,4.0,1,1,1,1,1,1,1,0,0,0,0,0,2021,1,0,0,0,0,1,0,,,,,,,0,0,1,0,0,0
NER,48801,488,1,2,3.0,1,1,1,0,0,1,1,0,0,0,0,0,2021,0,0,0,0,0,0,0,,,,,,,0,0,0,0,0,0
NER,48802,488,2,2,1.0,1,1,1,0,0,0,0,1,0,1,1,0,2021,1,0,0,0,0,0,0,,,,,,,0,0,0,0,0,0
NER,48803,488,3,2,4.0,1,1,1,0,0,0,0,1,0,1,1,0,2021,0,0,0,0,0,0,0,,,,,,,0,0,0,0,0,0
NER,48804,488,4,2,1.0,1,1,1,1,1,0,0,0,0,1,1,0,2021,0,0,0,0,0,0,0,,,,,,,0,0,0,0,0,0
NER,48805,488,5,2,1.0,1,1,1,1,1,0,0,1,0,0,0,0,2021,1,0,0,0,0,1,0,,,,,,,0,0,0,0,0,0
NER,48806,488,6,2,1.0,1,1,1,1,1,0,0,1,0,0,0,0,2021,1,0,0,0,0,0,0,,,,,,,1,0,0,0,0,0
NER,48808,488,8,2,1.0,1,1,1,1,1,0,0,1,0,0,0,0,2021,1,0,0,0,0,1,0,,,,,,,0,0,0,1,0,0
NER,48809,488,9,2,4.0,1,0,1,1,1,0,0,1,0,0,0,0,2021,1,0,0,0,0,0,0,,,,,,,0,0,0,1,0,0
NER,48810,488,10,2,1.0,1,1,1,1,1,0,0,1,1,0,0,0,2021,0,0,0,0,0,0,0,,,,,,,1,0,0,0,0,0
NER,48813,488,13,2,1.0,1,1,1,1,1,0,0,1,0,0,0,0,2021,0,0,0,0,0,0,0,,,,,,,0,0,0,1,0,0
NER,48820,488,20,2,1.0,1,1,1,1,1,0,0,0,0,0,0,0,2021,0,0,0,0,0,0,0,,,,,,,0,0,0,0,0,0
NER,48823,488,23,2,1.0,1,1,1,1,1,0,0,0,0,0,0,0,2021,0,0,0,0,0,0,0,,,,,,,1,0,0,0,0,0
NER,48901,489,1,1,4.0,1,1,1,1,1,0,1,0,0,0,1,0,2021,0,0,0,0,1,0,0,0.24699999392032623,,,,,,0,1,0,0,0,0
NER,48902,489,2,1,3.0,1,1,1,1,1,0,1,0,0,0,0,0,2021,1,0,0,0,0,1,0,,,,,,,0,1,0,0,0,0
NER,48904,489,4,1,4.0,1,1,1,1,1,1,1,0,0,0,1,0,2021,1,0,0,0,0,1,0,,,,,,,0,0,0,0,0,0
NER,48905,489,5,1,4.0,0,0,0,1,1,0,0,1,0,0,0,0,2021,0,0,0,0,0,0,0,,,,,,,0,1,0,0,0,0
NER,48906,489,6,1,1.0,1,0,1,1,1,1,1,0,0,0,0,0,2021,1,0,0,0,0,0,0,,,,,,,0,1,0,0,0,0
NER,48909,489,9,1,4.0,0,0,0,1,1,0,0,0,0,0,0,0,2021,0,0,0,0,0,0,0,,,,,,,1,1,0,0,0,0
NER,48910,489,10,1,4.0,0,0,0,1,1,0,0,0,0,0,0,0,2021,0,0,0,0,0,0,0,,,,,,,0,1,0,1,0,0
NER,48917,489,17,1,1.0,1,0,1,1,1,1,1,0,0,0,0,0,2021,0,0,0,0,0,0,0,,,,,,,1,1,0,0,0,0
NER,48920,489,20,1,1.0,0,0,0,1,1,0,0,0,0,0,0,0,2021,0,0,0,0,0,0,0,,,,,,,0,1,0,0,0,0
NER,48921,489,21,1,4.0,1,1,1,1,1,0,1,0,0,0,0,0,2021,1,0,0,0,0,0,0,,,,,,,0,1,0,0,0,0
NER,48925,489,25,1,2.0,1,0,0,1,1,1,1,0,0,0,1,0,2021,1,0,0,0,0,0,0,,,,,,,0,1,0,0,0,0
NER,48928,489,28,1,4.0,1,1,1,1,1,1,1,0,0,0,0,0,2021,0,0,0,0,0,0,0,,,,,,,0,1,0,0,0,0
NER,49002,490,2,2,3.0,1,1,1,1,1,0,0,0,0,0,0,0,2021,0,0,0,0,0,0,0,,,,,,,1,0,0,0,0,0
NER,49003,490,3,2,1.0,1,1,1,1,1,1,1,0,1,1,1,0,2021,1,1,1,1,1,1,1,,,,,,,0,0,0,0,0,0
NER,49006,490,6,2,3.0,1,1,1,1,1,1,1,0,1,0,0,0,2021,0,0,0,0,0,0,0,,,,,,,1,0,0,0,0,0
NER,49007,490,7,2,1.0,1,1,1,1,1,1,1,0,1,0,0,0,2021,1,0,0,0,0,0,0,,,,,,,1,0,0,0,0,0
NER,49008,490,8,2,4.0,0,0,0,1,1,0,0,0,0,0,0,0,2021,0,0,0,0,0,0,0,,,,,,,0,0,0,1,0,0
NER,49009,490,9,2,4.0,1,1,1,1,1,1,1,0,1,0,0,0,2021,1,0,0,0,0,1,0,,,,,,,0,0,0,0,0,0
NER,49016,490,16,2,3.0,1,1,0,1,1,1,1,0,0,0,0,0,2021,0,0,0,0,0,0,0,,,,,,,0,0,0,1,0,0
NER,49018,490,18,2,1.0,1,1,1,0,0,0,0,0,0,1,1,0,2021,0,0,0,0,0,0,0,,,,,,,1,0,0,0,0,0
NER,49020,490,20,2,3.0,1,1,1,1,1,1,1,0,0,1,0,0,2021,1,1,1,0,0,1,1,,,,,,,0,0,0,0,0,0
NER,49024,490,24,2,1.0,1,1,1,1,1,1,1,0,0,0,0,0,2021,0,0,0,0,0,0,0,,,,,,,1,0,0,0,0,0
NER,49026,490,26,2,3.0,1,1,1,1,1,1,1,0,0,1,1,0,2021,0,0,0,0,0,0,0,,,,,,,0,0,0,0,0,0
NER,49027,490,27,2,4.0,0,0,0,1,1,0,0,0,0,0,0,0,2021,0,0,0,0,0,0,0,,,,,,,1,0,0,0,0,0
NER,49101,491,1,1,4.0,0,1,0,1,1,0,0,0,0,0,0,0,2021,0,0,0,0,0,0,0,,,,,,,0,0,0,0,0,0
NER,49102,491,2,1,3.0,1,1,1,0,0,0,0,1,0,0,0,0,2021,0,0,0,0,0,0,0,,,,,,,0,0,0,0,0,0
NER,49103,491,3,1,4.0,0,0,0,1,1,0,0,1,1,0,1,0,2021,0,0,0,0,0,0,0,,,,,,,0,0,0,0,0,0
NER,49104,491,4,1,3.0,1,1,1,1,1,1,1,0,1,0,1,0,2021,1,0,0,0,0,0,0,,,,,,,0,0,0,0,0,0
NER,49105,491,5,1,4.0,0,0,0,1,1,0,0,0,0,0,0,0,2021,0,0,0,0,0,0,0,,,,,,,0,0,0,0,0,0
NER,49106,491,6,1,4.0,1,1,1,1,1,0,1,0,1,0,1,0,2021,1,0,0,0,0,0,0,,,,,,,0,0,0,0,0,0
NER,49107,491,7,1,4.0,0,0,0,1,1,0,0,0,0,0,0,0,2021,0,0,0,0,0,0,0,,,,,,,0,0,0,0,0,0
NER,49108,491,8,1,1.0,1,1,1,1,1,1,1,0,1,1,1,0,2021,1,0,1,0,0,1,1,,,,,,,1,0,0,0,0,0
NER,49109,491,9,1,3.0,1,1,1,1,1,1,1,0,1,0,0,0,2021,1,0,0,0,0,0,0,,,,,,,0,0,0,0,0,0
NER,49110,491,10,1,4.0,0,0,0,1,1,0,0,0,0,0,1,0,2021,0,0,0,0,0,0,0,,,,,,,0,0,0,0,0,0
NER,49111,491,11,1,1.0,1,1,1,1,1,1,1,0,1,1,1,0,2021,1,0,1,0,0,1,1,,,,,,,0,0,0,0,0,0
NER,49128,491,28,1,4.0,1,1,1,1,1,1,1,0,1,0,1,0,2021,0,0,0,0,0,0,0,,,,,,,1,0,0,0,0,0
NER,49201,492,1,2,4.0,1,0,0,0,0,1,1,0,1,0,0,0,2021,1,0,0,1,0,0,0,,,,,,,1,0,1,0,0,0
NER,49202,492,2,2,1.0,1,1,1,0,0,0,0,1,1,0,0,0,2021,1,0,0,1,0,0,0,,,,,,,0,0,1,0,0,0
NER,49203,492,3,2,3.0,1,1,1,0,0,0,0,1,1,0,0,0,2021,1,0,0,1,0,0,0,,,,,,,0,0,1,0,0,0
NER,49204,492,4,2,1.0,1,1,1,1,1,1,1,0,1,0,0,0,2021,1,0,0,0,0,1,0,,,,,,,1,0,1,0,0,0
NER,49205,492,5,2,1.0,1,1,1,1,1,0,0,1,0,1,0,0,2021,0,0,0,0,0,0,0,,,,,,,0,0,0,0,0,0
NER,49206,492,6,2,1.0,1,0,1,1,1,0,0,0,0,1,0,0,2021,0,0,0,0,0,0,0,,,,,,,0,0,0,0,0,0
NER,49207,492,7,2,1.0,1,1,1,1,1,0,0,1,0,1,0,0,2021,1,0,0,0,0,0,0,,0.0,4.0,0.0,0.0,22.0,0,0,0,1,0,0
NER,49208,492,8,2,4.0,1,1,1,1,1,0,0,0,0,1,0,0,2021,0,0,0,0,0,0,0,,,,,,,1,0,0,0,0,0
NER,49209,492,9,2,1.0,1,1,1,1,1,0,0,1,0,1,0,0,2021,0,0,0,0,0,0,0,,,,,,,0,0,0,0,0,0
NER,49210,492,10,2,1.0,1,1,1,1,1,0,0,1,0,0,0,0,2021,0,0,0,0,0,0,1,,5.0,0.0,0.0,0.0,8.0,0,0,0,0,0,0
NER,49211,492,11,2,1.0,1,1,1,1,1,0,0,0,0,0,0,0,2021,0,0,0,0,0,0,0,,,,,,,0,1,0,0,0,0
NER,49220,492,20,2,1.0,1,1,1,1,1,1,1,0,0,1,0,0,2021,0,0,1,0,0,0,0,,3.0,0.0,0.0,0.0,0.0,0,0,0,0,0,0
NER,49301,493,1,1,4.0,0,0,0,1,1,0,0,0,0,0,0,0,2021,0,0,0,0,0,0,0,,,,,,,0,1,0,0,0,0
NER,49302,493,2,1,4.0,1,0,0,0,1,0,0,0,0,0,0,0,2021,0,0,0,0,0,0,0,,,,,,,0,1,0,1,0,0
NER,49303,493,3,1,2.0,0,1,0,0,0,0,0,1,0,0,0,0,2021,0,0,0,0,0,0,0,,,,,,,0,1,0,0,0,0
NER,49304,493,4,1,4.0,0,1,1,1,1,0,0,1,0,0,0,0,2021,0,0,0,0,0,0,0,,2.0,1.0,0.0,0.0,3.0,0,1,0,0,0,0
NER,49305,493,5,1,2.0,0,0,1,0,0,0,0,1,0,0,0,0,2021,1,0,0,0,0,0,0,,0.0,1.0,0.0,0.0,0.0,0,1,0,0,0,0
NER,49306,493,6,1,2.0,0,0,0,1,1,0,0,0,0,0,0,0,2021,0,0,0,0,0,0,0,0.8999999761581421,,,,,,0,1,1,0,0,0
NER,49307,493,7,1,1.0,0,1,1,1,0,0,0,1,0,0,0,0,2021,0,0,0,0,0,0,0,,,,,,,0,0,0,0,0,0
NER,49308,493,8,1,2.0,0,0,0,0,1,0,0,1,0,0,0,0,2021,0,0,0,0,0,0,0,0.5,0.0,2.0,0.0,0.0,4.0,0,1,0,0,0,0
NER,49309,493,9,1,2.0,0,1,0,1,1,0,0,1,0,0,0,0,2021,0,0,0,0,0,0,0,,3.0,0.0,0.0,0.0,0.0,1,1,1,0,0,0
NER,49310,493,10,1,2.0,0,1,1,1,1,0,0,1,0,0,0,0,2021,0,0,0,0,0,0,0,,2.0,2.0,0.0,0.0,0.0,0,1,0,0,0,0
NER,49311,493,11,1,4.0,0,0,0,0,0,0,0,0,0,0,0,0,2021,0,0,0,0,0,0,0,,,,,,,0,1,0,0,0,0
NER,49312,493,12,1,1.0,0,1,0,0,0,0,0,0,0,0,0,0,2021,0,0,0,0,0,0,0,0.8999999761581421,,,,,,0,0,0,0,0,0
NER,49402,494,2,2,3.0,1,1,1,1,1,1,1,0,1,1,0,0,2021,1,0,1,0,0,1,0,,,,,,,0,0,1,0,0,0
NER,49404,494,4,2,3.0,1,1,1,1,1,1,1,0,1,1,0,0,2021,1,1,1,0,0,1,0,,,,,,,0,0,1,0,0,0
NER,49406,494,6,2,1.0,1,1,1,1,1,1,1,0,1,1,1,0,2021,1,1,1,1,1,1,1,,,,,,,0,0,0,0,0,0
NER,49407,494,7,2,1.0,1,1,1,1,1,1,1,0,1,1,1,0,2021,0,0,1,0,0,0,0,,,,,,,0,0,0,0,0,0
NER,49408,494,8,2,3.0,1,1,1,1,1,1,1,0,1,1,1,1,2021,1,1,1,1,0,1,1,,,,,,,0,0,0,0,0,0
NER,49409,494,9,2,1.0,1,1,1,1,1,1,1,0,1,1,1,0,2021,1,0,1,0,0,0,0,,,,,,,0,0,0,0,0,0
NER,49410,494,10,2,3.0,1,1,1,1,1,1,1,0,1,1,1,0,2021,1,0,1,1,1,1,1,,,,,,,0,0,0,0,0,0
NER,49411,494,11,2,3.0,1,1,1,1,1,1,1,0,1,0,0,0,2021,1,0,0,0,0,0,0,,,,,,,0,0,0,0,0,0
NER,49412,494,12,2,1.0,0,0,1,1,1,1,1,0,1,0,1,0,2021,0,0,0,0,0,0,0,,0.0,4.0,0.0,0.0,0.0,0,0,0,0,0,0
NER,49415,494,15,2,1.0,1,0,1,1,1,1,1,0,1,0,0,0,2021,1,0,0,0,0,0,0,,,,,,,1,0,0,1,0,0
NER,49416,494,16,2,3.0,1,1,1,1,1,1,1,0,1,1,1,0,2021,1,0,1,0,0,1,0,,,,,,,0,0,0,0,0,0
NER,49417,494,17,2,1.0,0,0,1,1,1,1,1,0,1,0,0,0,2021,0,0,0,0,0,0,0,,,,,,,0,0,1,1,0,0
NER,49501,495,1,1,4.0,1,0,1,0,0,0,0,0,1,0,0,0,2021,0,0,0,0,0,0,0,,,,,,,0,1,0,0,0,0
NER,49503,495,3,1,4.0,1,0,1,0,0,0,1,0,1,0,0,1,2021,1,0,0,0,0,1,0,,,,,,,0,0,0,0,0,0
NER,49504,495,4,1,4.0,0,0,0,1,1,0,0,0,1,0,0,1,2021,0,0,0,0,0,0,0,,,,,,,0,1,0,0,0,0
NER,49507,495,7,1,3.0,1,0,1,1,1,0,0,0,1,0,0,1,2021,0,0,0,0,0,0,0,,,,,,,1,0,0,0,0,0
NER,49508,495,8,1,4.0,0,0,1,0,0,0,0,0,1,0,0,0,2021,0,0,0,0,0,0,0,,,,,,,0,0,0,0,0,0
NER,49510,495,10,1,3.0,1,0,1,0,0,0,1,0,1,0,0,1,2021,1,0,0,0,0,0,0,,,,,,,0,0,0,0,0,0
NER,49511,495,11,1,4.0,0,0,1,0,0,1,1,0,1,0,0,0,2021,1,0,0,0,0,0,0,,,,,,,0,1,0,0,0,0
NER,49512,495,12,1,3.0,1,1,1,0,0,1,1,0,1,0,1,0,2021,1,1,0,1,0,1,0,,,,,,,0,0,0,0,0,0
NER,49513,495,13,1,4.0,0,0,0,1,1,0,0,0,0,0,0,0,2021,0,0,0,0,0,0,0,,,,,,,0,1,0,0,0,0
NER,49519,495,19,1,1.0,1,1,1,1,1,1,1,0,1,0,0,0,2021,1,0,1,0,0,1,0,,0.0,3.0,0.0,0.0,4.0,0,0,0,0,0,0
NER,49521,495,21,1,1.0,1,1,1,1,1,1,1,0,1,0,0,0,2021,1,0,0,0,0,0,0,,,,,,,0,0,0,0,0,0
NER,49602,496,2,2,3.0,1,1,1,1,1,1,1,0,1,0,1,0,2021,0,0,0,0,0,0,0,,,,,,,0,0,1,0,0,0
NER,49606,496,6,2,1.0,1,0,1,1,1,1,1,0,1,0,0,0,2021,0,0,0,0,0,0,0,,,,,,,0,0,0,0,0,0
NER,49607,496,7,2,3.0,1,1,1,1,1,0,1,0,1,0,0,0,2021,1,0,0,0,0,0,0,,,,,,,0,0,0,1,0,0
NER,49608,496,8,2,1.0,1,1,1,1,1,1,1,0,1,0,1,0,2021,1,0,0,0,0,0,0,,,,,,,1,0,1,0,0,0
NER,49609,496,9,2,4.0,1,1,1,1,1,1,1,0,1,0,0,0,2021,1,0,0,0,0,1,0,,,,,,,0,0,0,0,0,0
NER,49610,496,10,2,1.0,1,0,1,1,1,1,1,0,1,0,0,0,2021,1,0,0,0,0,1,0,,,,,,,0,0,0,0,0,0
NER,49611,496,11,2,4.0,1,1,1,1,1,1,1,0,1,0,0,0,2021,1,0,0,0,0,0,0,,,,,,,1,0,0,0,0,0
NER,49619,496,19,2,1.0,1,1,1,1,1,1,1,0,1,0,0,0,2021,1,0,0,0,0,0,0,,,,,,,1,0,0,0,0,0
NER,49621,496,21,2,1.0,1,0,1,1,1,1,1,0,0,0,0,0,2021,1,0,0,0,0,0,0,,,,,,,0,0,1,0,0,0
NER,49625,496,25,2,3.0,1,1,1,1,1,1,1,0,1,0,1,0,2021,1,0,0,0,0,1,0,,,,,,,0,1,1,0,0,0
NER,49626,496,26,2,4.0,0,0,1,1,1,1,1,0,1,0,1,0,2021,1,0,0,0,0,0,0,,,,,,,0,1,1,0,0,0
NER,49628,496,28,2,3.0,1,1,1,1,1,1,1,0,1,0,1,0,2021,1,0,1,0,0,1,0,,,,,,,0,0,1,0,0,0
NER,49701,497,1,1,1.0,1,1,1,1,1,1,1,0,1,1,1,0,2021,1,1,1,0,1,1,1,,,,,,,0,0,0,0,0,0
NER,49702,497,2,1,1.0,1,1,1,1,1,1,1,0,1,0,0,0,2021,1,0,0,0,0,0,0,,,,,,,1,0,0,0,0,0
NER,49703,497,3,1,1.0,1,1,1,1,1,1,1,0,1,0,0,1,2021,1,0,0,0,0,1,0,,,,,,,0,0,0,0,0,0
NER,49704,497,4,1,1.0,0,1,1,1,1,1,1,0,1,0,0,0,2021,1,0,0,0,0,0,1,,,,,,,0,0,0,0,0,0
NER,49705,497,5,1,1.0,1,1,1,0,0,1,1,0,1,1,1,0,2021,1,1,1,1,0,1,1,,,,,,,0,0,0,0,0,0
NER,49707,497,7,1,3.0,1,1,1,1,1,1,1,0,1,0,0,0,2021,1,0,0,0,0,0,0,,,,,,,0,0,0,0,0,0
NER,49710,497,10,1,1.0,1,1,1,1,1,1,1,0,1,0,0,0,2021,1,0,1,0,0,1,1,,,,,,,0,0,0,0,0,0
NER,49712,497,12,1,3.0,1,1,1,1,1,1,1,0,1,0,1,0,2021,0,0,1,0,0,1,0,,,,,,,0,0,0,0,0,0
NER,49713,497,13,1,1.0,1,1,1,1,1,1,1,0,1,1,1,1,2021,1,0,1,0,0,1,1,,,,,,,0,0,0,0,0,0
NER,49719,497,19,1,3.0,1,1,1,1,1,1,1,0,1,0,1,0,2021,0,0,0,0,0,0,0,,,,,,,1,0,0,1,0,0
NER,49721,497,21,1,1.0,1,1,1,1,1,1,1,0,1,0,0,0,2021,1,0,0,0,0,1,0,,,,,,,0,0,0,0,0,0
NER,49722,497,22,1,3.0,1,1,1,1,1,1,1,0,1,0,1,0,2021,1,0,0,0,0,0,0,,,,,,,0,0,0,0,0,0
NER,49805,498,5,2,3.0,1,0,1,1,1,1,1,0,0,0,0,0,2021,1,0,0,0,0,1,0,,,,,,,0,0,0,0,0,0
NER,49806,498,6,2,1.0,1,0,1,1,1,0,0,0,0,1,1,0,2021,0,0,0,0,0,0,0,,,,,,,0,0,0,1,0,0
NER,49808,498,8,2,3.0,1,1,1,1,1,1,1,0,1,1,1,0,2021,1,1,1,1,0,1,1,,,,,,,0,0,0,0,0,0
NER,49809,498,9,2,1.0,1,0,0,1,1,1,1,0,0,0,0,0,2021,1,0,0,0,0,1,0,,,,,,,0,1,0,0,0,0
NER,49810,498,10,2,1.0,1,0,1,1,1,1,1,0,0,0,0,0,2021,1,0,0,0,0,0,0,,,,,,,0,0,0,0,0,0
NER,49811,498,11,2,3.0,1,1,1,1,1,1,1,0,0,0,0,0,2021,1,0,0,0,0,1,0,,,,,,,0,0,0,0,0,0
NER,49812,498,12,2,4.0,1,0,0,1,1,0,1,0,0,0,0,0,2021,1,0,0,0,0,0,0,,,,,,,1,1,0,1,0,0
NER,49813,498,13,2,4.0,1,1,1,1,1,1,1,0,0,0,0,0,2021,1,0,1,0,0,1,0,,,,,,,0,1,0,0,0,0
NER,49817,498,17,2,4.0,1,1,1,1,1,1,1,0,0,0,0,0,2021,1,0,0,0,0,0,0,,5.0,7.0,0.0,0.0,0.0,0,1,0,0,0,0
NER,49818,498,18,2,3.0,1,1,1,1,1,1,1,0,0,0,0,0,2021,1,0,0,0,0,1,0,,,,,,,0,0,0,0,0,0
NER,49821,498,21,2,4.0,0,0,0,1,1,0,1,0,0,0,0,0,2021,0,0,0,0,0,0,0,,,,,,,0,1,1,1,0,0
NER,49823,498,23,2,3.0,1,0,1,0,0,1,1,0,0,0,0,0,2021,1,0,0,0,0,1,0,,,,,,,0,1,0,0,0,0
NER,49901,499,1,1,4.0,1,1,1,1,1,1,1,0,1,0,0,0,2021,0,0,0,0,0,0,0,,,,,,,0,0,0,0,0,0
NER,49902,499,2,1,1.0,1,1,1,1,1,1,1,0,1,0,1,0,2021,1,1,1,0,0,0,1,,,,,,,0,0,0,0,0,0
NER,49903,499,3,1,4.0,1,1,1,1,1,1,1,0,1,0,0,1,2021,1,0,0,0,0,1,0,,,,,,,0,0,0,0,0,0
NER,49904,499,4,1,3.0,1,1,1,1,1,1,1,0,1,0,0,0,2021,1,0,0,0,0,0,0,,,,,,,1,0,0,0,0,0
NER,49905,499,5,1,3.0,1,1,1,1,1,1,1,0,1,0,0,0,2021,1,0,0,0,0,1,0,,,,,,,0,0,0,1,0,0
NER,49907,499,7,1,3.0,1,1,1,1,1,1,1,0,1,0,0,0,2021,1,1,1,1,0,1,0,,,,,,,0,0,0,0,0,0
NER,49908,499,8,1,4.0,0,0,0,1,1,1,1,0,1,0,0,0,2021,0,0,0,0,0,0,0,,,,,,,0,0,0,0,0,0
NER,49909,499,9,1,1.0,1,1,1,1,1,1,1,0,1,1,1,0,2021,1,1,1,1,1,1,0,,,,,,,1,0,1,0,1,0
NER,49912,499,12,1,3.0,1,1,1,1,1,1,1,0,1,1,1,0,2021,1,0,1,1,0,0,0,,,,,,,0,0,0,0,0,0
NER,49924,499,24,1,3.0,1,1,1,1,1,1,1,0,1,0,0,0,2021,1,0,0,0,0,1,0,,,,,,,1,0,0,0,0,0
NER,49927,499,27,1,1.0,0,0,1,1,1,1,1,0,1,0,0,0,2021,1,0,0,0,0,0,0,,,,,,,0,0,0,0,0,0
NER,49928,499,28,1,1.0,1,1,1,1,1,1,1,0,1,0,0,0,2021,1,0,0,0,0,0,0,,,,,,,1,0,0,0,0,0
NER,50001,500,1,2,4.0,0,0,1,1,1,0,1,0,0,0,1,0,2021,0,0,0,0,0,0,0,,,,,,,1,0,1,0,0,0
NER,50002,500,2,2,1.0,0,0,1,1,1,0,0,0,1,0,1,0,2021,0,0,0,0,0,0,0,,,,,,,0,0,1,0,0,0
NER,50003,500,3,2,4.0,1,1,1,1,1,0,0,1,1,0,1,0,2021,1,0,0,0,0,0,0,,,,,,,0,0,1,0,0,0
NER,50004,500,4,2,2.0,1,1,1,1,1,1,1,0,0,0,1,0,2021,1,0,0,0,0,0,0,2.4872668981552124,10.0,1.0,0.0,0.0,0.0,0,1,1,0,0,0
NER,50005,500,5,2,2.0,1,1,1,0,0,0,0,0,0,0,0,0,2021,0,0,0,0,0,0,0,,,,,,,0,0,1,0,0,0
NER,50006,500,6,2,3.0,1,1,1,1,1,1,1,0,0,0,0,0,2021,1,0,0,0,0,0,0,,,,,,,0,0,1,0,0,0
NER,50008,500,8,2,2.0,1,1,1,1,1,0,0,1,0,0,1,0,2021,0,0,0,0,0,0,0,0.4077518582344055,,,,,,1,0,1,0,0,0
NER,50009,500,9,2,1.0,1,1,1,1,1,0,0,0,1,0,0,0,2021,0,0,0,0,0,0,0,,,,,,,0,0,0,1,0,0
NER,50018,500,18,2,1.0,1,0,0,1,1,0,0,1,1,0,0,0,2021,0,0,0,0,0,0,0,,,,,,,0,0,0,0,0,1
NER,50020,500,20,2,1.0,1,1,1,1,1,0,0,1,1,1,0,0,2021,0,0,0,0,0,0,0,,,,,,,0,0,0,0,0,0
NER,50024,500,24,2,1.0,1,0,0,1,1,0,0,1,1,0,0,0,2021,0,0,0,0,0,0,0,,,,,,,0,0,1,0,0,0
NER,50026,500,26,2,4.0,1,0,1,1,1,0,0,1,1,0,0,0,2021,0,0,0,0,0,0,0,,,,,,,1,0,0,0,0,0
NER,70201,702,1,2,4.0,0,0,0,1,1,0,0,0,0,0,0,0,2021,0,0,0,0,0,0,0,,,,,,,1,0,0,0,0,0
NER,70202,702,2,2,4.0,0,0,0,1,1,0,0,0,0,0,0,0,2021,0,0,0,0,0,0,0,,,,,,,1,0,0,0,0,0
NER,70203,702,3,2,4.0,0,0,0,1,1,0,0,0,0,0,0,0,2021,0,0,0,0,0,0,0,,,,,,,0,0,1,0,0,0
NER,70204,702,4,2,3.0,1,1,1,1,1,0,0,0,1,0,0,0,2021,0,0,0,0,0,0,0,,,,,,,1,0,1,0,0,0
NER,70205,702,5,2,1.0,1,1,0,1,1,0,0,0,0,0,0,0,2021,1,0,0,0,0,0,0,1.8453452587127686,0.0,0.0,0.0,0.0,4.0,1,0,0,0,0,0
NER,70206,702,6,2,4.0,1,1,1,1,1,0,0,0,0,0,0,0,2021,0,0,0,0,0,0,0,,,,,,,0,0,0,1,0,0
NER,70207,702,7,2,1.0,1,1,1,1,1,0,0,0,0,0,1,0,2021,0,0,0,0,0,0,0,,,,,,,0,0,0,0,0,0
NER,70208,702,8,2,4.0,0,0,0,1,1,0,0,0,0,0,0,0,2021,0,0,0,0,0,0,0,,0.0,14.0,0.0,0.0,0.0,0,0,1,0,0,0
NER,70209,702,9,2,4.0,1,0,1,1,1,0,0,0,0,0,0,0,2021,0,0,0,0,0,0,0,,,,,,,0,1,0,0,0,0
NER,70210,702,10,2,4.0,0,0,0,0,0,0,0,0,0,0,0,0,2021,0,0,0,0,0,0,0,,,,,,,0,0,0,0,0,0
NER,70211,702,11,2,4.0,0,0,0,1,1,0,0,0,0,0,0,0,2021,0,0,0,0,0,0,0,,,,,,,0,0,0,1,0,0
NER,70212,702,12,2,1.0,1,1,1,1,1,1,1,0,0,1,1,0,2021,1,0,0,0,0,1,0,,,,,,,0,0,0,1,0,0
NER,70301,703,1,2,4.0,1,1,0,1,1,1,1,0,0,0,0,1,2021,1,0,0,0,0,0,0,0.4230000078678131,,,,,,0,1,1,0,0,0
NER,70302,703,2,2,3.0,1,0,0,0,0,0,1,0,1,0,0,0,2021,0,0,0,0,0,0,0,,,,,,,0,0,0,1,0,0
NER,70303,703,3,2,4.0,1,0,0,1,1,0,0,0,0,0,0,0,2021,0,0,0,0,0,0,0,1.7644938230514526,0.0,2.0,0.0,0.0,5.0,0,0,1,0,0,0
NER,70304,703,4,2,3.0,1,0,0,1,1,0,0,0,1,0,0,0,2021,0,0,0,0,0,0,0,,,,,,,1,1,1,0,0,0
NER,70305,703,5,2,1.0,1,0,0,0,0,0,0,1,0,0,0,0,2021,0,0,0,0,0,0,0,1.0954186916351318,0.0,2.0,0.0,0.0,0.0,0,0,0,0,0,0
NER,70306,703,6,2,4.0,1,1,0,0,0,0,1,0,0,1,1,0,2021,1,0,0,0,0,0,0,1.1024646759033203,,,,,,0,0,0,0,0,0
NER,70307,703,7,2,1.0,1,0,0,0,0,0,0,0,0,0,0,0,2021,0,0,0,0,0,0,0,,,,,,,0,0,1,0,0,0
NER,70308,703,8,2,2.0,1,0,0,1,1,0,0,0,0,1,0,1,2021,0,0,0,0,0,0,0,1.8489739894866943,,,,,,0,1,0,0,0,0
NER,70309,703,9,2,1.0,1,1,1,1,1,1,1,0,0,1,1,1,2021,1,0,1,0,0,1,0,,,,,,,1,0,0,0,0,0
NER,70310,703,10,2,1.0,1,0,0,1,1,1,1,0,0,0,0,0,2021,0,0,0,0,0,0,0,,,,,,,0,1,0,0,0,0
NER,70311,703,11,2,1.0,1,0,0,1,1,1,1,0,0,0,0,0,2021,1,0,0,0,0,0,0,,,,,,,0,0,0,0,0,0
NER,70312,703,12,2,4.0,1,0,0,0,0,1,1,0,0,0,0,0,2021,1,0,1,0,0,1,0,,,,,,,0,0,0,0,0,0
NER,70401,704,1,2,1.0,1,1,1,1,1,0,1,0,0,0,1,0,2021,0,0,0,0,0,0,0,0.753000020980835,,,,,,0,0,1,0,0,0
NER,70402,704,2,2,4.0,1,0,1,1,1,0,1,0,0,1,0,0,2021,0,0,0,0,0,0,0,1.3697999715805054,,,,,,0,0,1,0,0,0
NER,70403,704,3,2,3.0,1,0,1,1,1,0,1,0,0,0,0,0,2021,1,0,0,0,0,1,0,,,,,,,0,0,1,0,0,0
NER,70404,704,4,2,3.0,1,0,0,1,1,0,1,0,0,0,0,0,2021,0,0,0,0,0,0,0,,,,,,,0,0,1,0,0,0
NER,70406,704,6,2,3.0,1,1,1,1,1,0,0,0,0,0,0,0,2021,0,0,0,0,0,0,0,1.9831000566482544,,,,,,0,1,0,1,0,0
NER,70407,704,7,2,1.0,1,1,1,1,1,1,1,0,0,0,0,0,2021,0,0,0,0,0,0,0,2.4202001094818115,,,,,,0,1,0,0,0,0
NER,70408,704,8,2,3.0,1,0,0,1,1,1,1,0,0,0,0,0,2021,0,0,0,0,0,0,0,1.720300018787384,,,,,,1,0,0,0,0,0
NER,70409,704,9,2,4.0,1,1,1,1,1,1,0,0,0,0,0,0,2021,1,0,0,0,0,0,0,,,,,,,0,0,0,0,0,0
NER,70411,704,11,2,1.0,1,1,1,1,1,1,1,0,0,1,1,1,2021,1,0,1,0,0,1,1,,,,,,,0,0,0,0,0,0
NER,70412,704,12,2,4.0,1,0,1,1,1,0,0,0,0,0,0,0,2021,0,0,0,0,0,0,0,,,,,,,1,0,0,0,0,0
NER,70417,704,17,2,4.0,1,1,1,1,1,1,1,0,0,0,0,0,2021,1,0,0,0,0,0,0,,,,,,,0,0,0,0,0,0
NER,70427,704,27,2,1.0,1,1,1,1,1,1,1,0,0,0,0,0,2021,1,0,1,0,0,0,0,1.2785999774932861,0.0,3.0,0.0,0.0,0.0,1,0,0,0,0,0
NER,70501,705,1,2,4.0,1,1,1,1,1,0,0,0,0,0,0,0,2021,0,0,0,0,0,0,0,1.3243999481201172,,,,,,0,0,0,0,0,0
NER,70502,705,2,2,4.0,1,1,1,1,1,1,1,0,0,0,0,0,2021,1,0,0,0,0,0,0,,,,,,,0,0,0,0,0,0
NER,70503,705,3,2,1.0,1,0,1,1,1,0,1,0,0,1,1,0,2021,0,0,0,0,0,0,0,1.3021999597549438,0.0,9.0,0.0,0.0,0.0,0,0,1,0,0,0
NER,70504,705,4,2,1.0,0,1,1,1,1,0,0,0,1,0,0,0,2021,0,0,0,0,0,0,0,,13.0,35.0,0.0,0.0,0.0,0,0,0,0,0,0
NER,70505,705,5,2,1.0,1,0,0,1,1,0,0,0,0,0,0,0,2021,0,0,0,0,0,0,0,2.102099895477295,0.0,3.0,0.0,0.0,0.0,0,1,0,0,0,0
NER,70506,705,6,2,1.0,1,0,0,1,1,0,0,0,0,0,0,0,2021,0,0,0,0,0,0,0,1.8695000410079956,0.0,6.0,0.0,0.0,0.0,1,1,0,0,0,0
NER,70507,705,7,2,1.0,1,0,0,1,1,0,0,0,0,0,0,0,2021,0,0,0,0,0,0,0,,0.0,10.0,0.0,0.0,0.0,1,1,0,0,0,0
NER,70508,705,8,2,1.0,1,0,0,1,1,0,0,0,0,0,0,0,2021,0,0,0,0,0,0,0,,0.0,4.0,0.0,0.0,0.0,0,1,0,0,0,0
NER,70509,705,9,2,1.0,0,0,1,0,0,0,0,0,0,0,0,0,2021,0,0,0,0,0,0,0,1.268399953842163,,,,,,0,0,0,0,0,0
NER,70510,705,10,2,1.0,1,0,1,1,1,1,1,0,0,0,0,0,2021,0,0,0,0,0,0,0,1.3312000036239624,0.0,2.0,0.0,0.0,0.0,0,1,0,0,0,0
NER,70511,705,11,2,4.0,1,1,1,0,0,1,1,0,0,0,0,0,2021,1,0,0,0,0,1,0,,,,,,,0,0,0,0,0,0
NER,70512,705,12,2,1.0,1,1,1,1,1,1,1,0,0,0,0,0,2021,1,0,0,0,0,1,0,0.7142000198364258,,,,,,0,0,0,0,0,0
NER,70601,706,1,2,3.0,1,1,1,1,1,1,1,0,0,1,1,0,2021,1,0,1,1,0,1,1,,,,,,,1,0,0,0,0,0
NER,70603,706,3,2,4.0,1,0,0,1,1,1,1,0,0,0,0,0,2021,0,0,0,0,0,0,0,,,,,,,1,1,0,0,1,0
NER,70604,706,4,2,3.0,1,1,1,1,1,1,1,0,1,0,0,0,2021,1,0,1,0,0,1,0,,,,,,,0,0,0,0,0,0
NER,70609,706,9,2,1.0,0,0,1,1,1,1,1,0,1,0,0,0,2021,1,0,1,0,0,0,0,,,,,,,1,0,0,0,0,0
NER,70611,706,11,2,3.0,1,1,1,1,1,1,1,0,0,0,0,0,2021,1,0,1,0,0,0,0,,1.0,4.0,0.0,0.0,2.0,0,0,0,0,0,0
NER,70612,706,12,2,3.0,1,1,1,1,1,1,1,0,1,0,0,0,2021,1,1,0,0,0,1,0,,,,,,,0,1,0,0,0,0
NER,70613,706,13,2,4.0,0,1,1,1,1,0,0,0,0,0,0,0,2021,0,0,0,0,0,0,0,,,,,,,1,0,0,0,0,0
NER,70615,706,15,2,1.0,0,0,1,1,1,1,1,0,0,0,0,0,2021,0,0,0,0,0,0,0,,,,,,,0,0,0,1,0,0
NER,70616,706,16,2,4.0,0,0,0,1,1,0,0,0,0,0,0,0,2021,0,0,0,0,0,0,0,0.5864019393920898,0.0,13.0,0.0,0.0,0.0,0,0,0,0,0,0
NER,70618,706,18,2,3.0,1,1,1,1,1,1,1,0,1,1,1,0,2021,1,0,1,0,0,1,0,,0.0,3.0,0.0,0.0,0.0,0,0,0,0,0,0
NER,70626,706,26,2,1.0,0,0,0,1,1,1,1,0,0,0,0,0,2021,0,0,0,0,0,0,0,,0.0,1.0,0.0,0.0,0.0,0,0,0,1,0,0
NER,70628,706,28,2,3.0,0,1,1,1,1,1,1,0,0,1,1,0,2021,1,0,1,1,0,1,0,,0.0,2.0,0.0,0.0,0.0,0,0,0,0,0,0
NER,70701,707,1,2,4.0,0,0,0,1,1,0,0,0,0,0,0,0,2021,0,0,0,0,0,0,0,,,,,,,0,0,0,0,0,0
NER,70702,707,2,2,2.0,0,0,0,1,1,1,1,0,0,0,0,0,2021,1,0,1,0,0,1,1,,0.0,8.0,0.0,0.0,0.0,0,0,0,0,0,0
NER,70703,707,3,2,1.0,0,0,0,1,1,0,1,0,0,0,0,0,2021,1,0,0,0,0,0,0,,0.0,4.0,0.0,0.0,0.0,0,0,0,0,0,0
NER,70704,707,4,2,2.0,0,0,0,1,1,0,0,0,0,0,0,0,2021,0,0,0,0,0,0,0,,0.0,20.0,0.0,0.0,0.0,0,0,0,0,0,0
NER,70706,707,6,2,3.0,1,1,1,1,1,1,1,0,0,0,0,0,2021,0,0,0,0,0,0,0,,,,,,,0,0,0,0,0,0
NER,70707,707,7,2,1.0,0,0,0,1,1,1,1,0,0,0,0,0,2021,1,0,0,0,0,0,0,,0.0,1.0,0.0,0.0,0.0,0,0,0,0,0,0
NER,70708,707,8,2,1.0,0,0,0,1,1,1,1,0,1,0,0,0,2021,1,0,0,0,0,0,1,,,,,,,0,0,1,0,0,0
NER,70710,707,10,2,3.0,0,0,1,0,0,0,0,0,0,0,0,0,2021,0,0,0,0,0,0,0,,,,,,,0,0,0,0,0,0
NER,70711,707,11,2,1.0,0,0,1,1,1,1,1,0,1,0,0,0,2021,1,0,0,0,0,0,0,,,,,,,1,0,0,0,0,0
NER,70712,707,12,2,3.0,0,0,1,1,1,1,1,0,0,0,0,0,2021,1,0,0,0,1,0,0,,,,,,,0,0,0,0,0,0
NER,70718,707,18,2,1.0,0,0,1,1,1,1,1,0,1,0,0,0,2021,1,0,1,0,0,1,0,,,,,,,0,0,0,0,0,0
NER,70726,707,26,2,1.0,0,0,1,1,1,1,1,0,0,0,0,0,2021,0,1,0,0,0,0,0,,,,,,,0,0,0,0,0,0
NER,70801,708,1,2,3.0,1,1,1,1,1,0,1,0,1,0,0,0,2021,1,0,0,0,0,1,0,,,,,,,0,0,0,1,0,0
NER,70802,708,2,2,3.0,1,1,1,1,1,1,1,0,0,0,0,0,2021,1,0,1,0,0,1,0,,,,,,,0,1,0,0,0,0
NER,70803,708,3,2,1.0,1,0,1,1,1,1,1,0,0,0,0,0,2021,0,0,0,0,1,0,1,,3.0,3.0,0.0,0.0,20.0,0,1,0,0,0,0
NER,70806,708,6,2,4.0,1,1,1,1,1,1,1,0,0,0,1,0,2021,1,0,0,0,0,1,0,0.32350000739097595,2.0,0.0,0.0,0.0,8.0,1,0,0,0,0,0
NER,70808,708,8,2,2.0,0,0,0,0,0,0,0,1,0,0,0,0,2021,0,0,0,0,0,0,0,0.20000000298023224,,,,,,1,1,0,1,0,0
NER,70809,708,9,2,4.0,1,1,1,1,1,1,1,0,0,0,0,0,2021,1,0,0,0,0,0,0,0.870000034570694,0.0,7.0,0.0,0.0,0.0,0,0,0,0,0,0
NER,70810,708,10,2,1.0,1,1,1,1,1,1,1,0,0,0,1,0,2021,1,0,0,0,0,1,0,,,,,,,1,0,0,0,0,0
NER,70811,708,11,2,1.0,1,1,1,1,1,1,1,0,1,0,1,0,2021,1,0,1,0,0,1,1,,0.0,54.0,0.0,0.0,0.0,1,0,0,0,0,0
NER,70812,708,12,2,1.0,1,1,1,1,1,1,1,0,0,0,1,0,2021,1,0,0,0,0,0,0,,,,,,,0,0,0,0,0,0
NER,70815,708,15,2,3.0,1,1,1,1,1,1,1,0,1,1,1,0,2021,1,1,1,1,0,1,0,,,,,,,0,0,0,0,0,0
NER,70819,708,19,2,1.0,0,0,1,1,1,0,0,1,0,0,0,0,2021,0,0,0,0,0,0,0,0.15000000596046448,0.0,2.0,0.0,0.0,0.0,0,1,0,0,0,0
NER,70826,708,26,2,2.0,0,0,0,1,1,0,0,0,0,0,0,0,2021,0,0,0,0,0,0,0,0.6500000059604645,1.0,0.0,0.0,0.0,5.0,0,1,0,0,0,0
NER,70901,709,1,2,4.0,0,0,0,1,1,0,0,0,0,0,0,0,2021,0,0,0,0,0,0,0,,,,,,,0,0,0,0,0,0
NER,70902,709,2,2,4.0,0,0,0,1,1,0,0,0,0,0,0,0,2021,0,0,0,0,0,0,0,,,,,,,0,0,1,0,0,0
NER,70903,709,3,2,1.0,1,0,1,1,1,1,1,0,0,1,1,0,2021,1,0,0,0,0,1,0,,,,,,,0,0,0,0,0,0
NER,70904,709,4,2,1.0,1,0,1,1,1,1,1,0,0,1,1,0,2021,0,0,0,0,0,0,0,,,,,,,0,0,0,0,0,0
NER,70905,709,5,2,1.0,0,0,0,1,1,1,1,0,0,0,0,0,2021,1,0,0,0,0,0,0,,,,,,,0,0,0,0,0,0
NER,70906,709,6,2,1.0,0,0,1,1,1,1,1,0,0,0,0,0,2021,0,0,0,0,0,0,0,,,,,,,0,0,1,0,0,0
NER,70907,709,7,2,1.0,0,0,0,1,1,0,0,0,0,0,0,0,2021,0,0,0,0,0,0,0,,,,,,,0,0,0,1,0,0
NER,70908,709,8,2,1.0,0,0,0,1,1,1,1,0,0,0,0,0,2021,0,0,0,0,0,0,0,,,,,,,0,0,1,1,0,0
NER,70909,709,9,2,4.0,1,1,1,1,1,0,0,0,0,0,0,0,2021,0,0,0,0,0,0,0,,,,,,,0,1,1,0,0,0
NER,70910,709,10,2,4.0,0,0,0,1,1,1,1,0,0,0,0,0,2021,1,0,0,0,0,1,0,2.2950000762939453,0.0,5.0,0.0,0.0,10.0,0,1,1,0,0,0
NER,70911,709,11,2,1.0,1,1,1,1,1,0,0,0,0,0,0,0,2021,0,0,0,0,0,0,0,,0.0,5.0,0.0,0.0,0.0,1,0,1,0,0,0
NER,70912,709,12,2,4.0,1,1,1,1,1,1,1,0,0,0,0,0,2021,0,0,0,0,0,0,0,0.8579999804496765,0.0,2.0,0.0,0.0,0.0,1,0,1,0,0,0
NER,71001,710,1,2,2.0,0,0,0,1,1,0,1,0,1,0,0,0,2021,1,0,0,0,0,0,0,,1.0,3.0,0.0,0.0,0.0,0,0,0,0,1,0
NER,71002,710,2,2,1.0,0,0,0,1,1,1,1,0,1,0,0,0,2021,1,0,0,0,0,0,0,,8.0,14.0,0.0,0.0,0.0,1,1,0,0,1,0
NER,71003,710,3,2,3.0,1,1,1,0,0,1,1,0,0,0,0,0,2021,1,0,0,0,0,1,0,,,,,,,1,0,0,0,1,0
NER,71005,710,5,2,2.0,0,0,0,1,1,1,1,0,0,0,0,0,2021,0,0,0,0,0,0,0,,,,,,,0,0,0,0,1,0
NER,71007,710,7,2,1.0,0,0,0,1,1,0,1,0,0,0,0,0,2021,1,0,0,0,0,0,0,,0.0,4.0,0.0,0.0,0.0,0,0,0,0,1,0
NER,71008,710,8,2,4.0,0,0,0,1,1,0,1,0,0,0,0,0,2021,0,0,0,0,0,0,0,,,,,,,1,0,0,0,1,0
NER,71010,710,10,2,1.0,0,0,0,1,1,1,1,0,0,1,1,0,2021,1,0,1,0,0,0,0,,,,,,,0,0,0,0,1,0
NER,71011,710,11,2,1.0,1,1,1,1,1,0,0,1,0,0,0,0,2021,1,0,0,0,0,0,0,,,,,,,0,0,0,0,1,0
NER,71016,710,16,2,1.0,0,0,1,1,1,1,1,0,0,0,0,0,2021,1,0,0,0,0,0,0,,,,,,,0,0,0,0,1,0
NER,71018,710,18,2,1.0,0,0,0,1,1,1,1,0,1,0,0,0,2021,1,0,0,0,0,1,0,,,,,,,0,0,0,0,1,0
NER,71019,710,19,2,4.0,1,1,1,1,1,1,1,0,1,1,1,0,2021,1,0,0,0,0,1,0,2.3146846294403076,,,,,,0,0,0,0,1,0
NER,71024,710,24,2,4.0,0,0,0,1,1,0,0,0,0,0,0,0,2021,0,0,0,0,0,0,0,,,,,,,0,0,0,0,1,0
NER,90001,900,1,2,4.0,1,0,0,1,1,0,0,0,0,0,0,0,2021,0,0,0,0,0,0,0,,,,,,,1,0,1,0,0,0
NER,90002,900,2,2,4.0,0,0,0,1,1,0,0,0,0,0,0,0,2021,0,0,0,0,0,0,0,,,,,,,0,0,1,0,0,0
NER,90003,900,3,2,4.0,0,0,0,1,1,0,0,0,0,0,0,0,2021,0,0,0,0,0,0,0,,,,,,,1,0,1,0,0,0
NER,90004,900,4,2,4.0,1,1,0,1,1,0,0,0,0,0,0,0,2021,0,0,0,0,0,0,0,,,,,,,0,0,1,0,0,0
NER,90005,900,5,2,1.0,1,1,1,1,1,0,0,0,0,1,1,0,2021,0,0,0,0,0,0,0,,,,,,,0,0,0,0,0,0
NER,90006,900,6,2,1.0,1,0,0,1,1,0,1,0,0,0,1,0,2021,0,0,0,0,0,0,0,1.0521265268325806,0.0,0.0,0.0,0.0,9.0,0,0,0,0,0,0
NER,90007,900,7,2,4.0,0,0,0,1,1,0,0,0,0,0,0,0,2021,0,0,0,0,0,0,0,,,,,,,0,0,0,0,0,0
NER,90008,900,8,2,3.0,1,1,1,1,1,0,1,0,0,0,1,0,2021,1,0,0,0,0,1,0,,,,,,,0,0,0,0,0,0
NER,90009,900,9,2,4.0,0,0,0,1,1,0,0,0,0,0,0,0,2021,0,0,0,0,0,0,0,1.4505804777145386,,,,,,0,0,0,0,0,0
NER,90010,900,10,2,1.0,1,0,0,1,1,0,0,0,0,0,0,0,2021,0,0,0,0,0,0,0,1.7913624048233032,0.0,0.0,0.0,0.0,2.0,0,0,0,0,0,0
NER,90011,900,11,2,3.0,1,0,0,1,1,1,1,0,0,0,0,0,2021,0,0,0,0,0,0,0,,,,,,,0,0,0,0,0,0
NER,90012,900,12,2,3.0,1,1,0,1,1,1,1,0,0,0,0,0,2021,0,0,0,0,0,0,0,,,,,,,0,0,0,0,0,0
NER,90101,901,1,1,1.0,1,1,0,1,1,1,1,0,0,0,1,0,2021,0,0,0,0,0,0,0,0.8488999903202057,,,,,,0,0,0,0,0,0
NER,90102,901,2,1,3.0,1,0,0,1,1,0,0,0,0,0,0,0,2021,0,0,0,0,0,0,0,0.0031999999191612005,,,,,,0,0,1,0,0,0
NER,90103,901,3,1,1.0,1,1,1,0,0,1,1,0,1,0,0,0,2021,1,0,0,0,0,0,1,22.014599800109863,0.0,30.0,0.0,0.0,4.0,0,0,0,0,0,0
NER,90104,901,4,1,1.0,1,0,1,1,1,0,1,0,1,0,1,0,2021,1,0,0,0,0,1,0,,,,,,,0,0,0,1,0,0
NER,90105,901,5,1,3.0,1,0,0,1,1,1,1,0,0,0,0,0,2021,1,0,0,0,0,0,0,1.4294999837875366,,,,,,0,0,0,1,0,0
NER,90106,901,6,1,3.0,1,0,0,1,1,0,1,0,0,0,0,0,2021,0,0,0,0,0,0,0,,,,,,,1,0,0,0,0,0
NER,90107,901,7,1,4.0,0,0,0,1,1,0,1,0,0,1,1,0,2021,1,0,0,0,0,0,0,9.27750015258789,,,,,,0,0,0,0,0,0
NER,90108,901,8,1,1.0,1,1,1,1,1,1,1,0,0,0,0,0,2021,1,0,0,0,0,0,0,1.0010000467300415,,,,,,0,0,0,1,0,0
NER,90109,901,9,1,4.0,1,0,0,1,1,0,1,0,0,0,0,0,2021,0,0,0,0,0,0,0,,,,,,,1,0,0,0,0,0
NER,90110,901,10,1,3.0,0,0,0,1,1,0,0,0,0,0,1,0,2021,0,0,0,0,0,0,0,,,,,,,0,0,0,0,0,0
NER,90111,901,11,1,4.0,0,0,0,1,1,0,0,0,0,0,0,0,2021,0,0,0,0,0,0,0,0.012500000186264515,,,,,,0,0,1,0,0,0
NER,90112,901,12,1,3.0,1,0,0,1,1,0,0,0,0,0,0,0,2021,0,0,0,0,0,0,0,,0.0,0.0,0.0,0.0,5.0,0,0,0,0,0,0
NER,90201,902,1,2,1.0,1,1,0,1,1,1,1,0,1,0,0,0,2021,0,0,0,0,0,0,0,,2.0,0.0,0.0,0.0,0.0,0,0,1,0,0,0
NER,90202,902,2,2,4.0,1,1,0,1,1,1,1,0,1,0,0,0,2021,0,0,0,0,0,0,0,,,,,,,1,1,1,1,0,0
NER,90203,902,3,2,4.0,1,0,0,1,1,0,0,0,0,0,0,0,2021,0,0,0,0,0,0,0,,,,,,,1,0,1,0,0,0
NER,90204,902,4,2,4.0,1,0,0,0,0,1,1,0,1,0,0,1,2021,0,0,0,0,0,0,0,,,,,,,0,0,1,0,0,0
NER,90205,902,5,2,1.0,1,0,0,1,1,1,1,0,0,0,0,0,2021,0,0,0,0,0,1,0,,0.0,4.0,0.0,0.0,0.0,0,0,0,0,0,0
NER,90206,902,6,2,1.0,1,1,1,1,1,1,1,0,0,1,1,0,2021,0,0,1,0,0,0,1,,,,,,,0,0,0,1,0,0
NER,90207,902,7,2,1.0,1,0,0,0,0,0,0,0,0,1,0,0,2021,1,0,1,0,0,0,0,,,,,,,0,0,0,0,0,0
NER,90208,902,8,2,1.0,1,1,1,1,1,1,1,0,0,1,1,0,2021,1,0,1,0,0,1,0,,,,,,,0,0,0,0,0,0
NER,90209,902,9,2,1.0,1,0,0,1,1,1,1,0,0,0,0,0,2021,0,0,0,0,0,0,0,,,,,,,1,0,0,0,0,0
NER,90210,902,10,2,1.0,1,0,1,1,1,1,1,0,1,1,0,0,2021,1,0,1,0,0,1,0,,,,,,,0,0,1,1,0,0
NER,90211,902,11,2,1.0,1,0,0,1,1,1,1,0,0,0,0,0,2021,0,0,0,0,0,0,0,,,,,,,0,0,0,0,0,0
NER,90212,902,12,2,1.0,1,0,0,1,1,1,1,0,0,0,0,0,2021,0,0,0,0,0,0,0,1.8219342231750488,0.0,1.0,0.0,0.0,0.0,0,0,0,0,0,0
NER,90301,903,1,1,1.0,1,1,1,1,1,0,0,0,0,1,1,0,2021,0,0,0,0,0,0,0,,,,,,,1,0,0,0,0,0
NER,90302,903,2,1,3.0,1,0,1,1,1,0,0,0,0,1,0,0,2021,0,0,0,0,0,0,0,1.2440999746322632,,,,,,0,0,0,0,0,0
NER,90303,903,3,1,2.0,1,0,0,1,1,0,0,0,0,0,0,0,2021,0,0,0,0,0,0,0,,,,,,,1,0,0,0,0,0
NER,90304,903,4,1,3.0,1,1,1,1,1,0,0,0,0,1,1,0,2021,0,0,0,0,0,0,0,3.240817070007324,,,,,,0,0,0,1,0,0
NER,90305,903,5,1,2.0,1,0,1,1,1,0,0,0,0,0,0,0,2021,0,0,0,0,0,0,0,0.1890999972820282,,,,,,0,0,0,0,0,0
NER,90306,903,6,1,4.0,0,1,0,1,1,0,0,0,0,0,0,0,2021,0,0,0,0,0,0,0,,0.0,1.0,0.0,0.0,0.0,0,0,0,0,0,0
NER,90307,903,7,1,1.0,1,1,0,1,1,0,0,0,0,1,1,0,2021,0,0,1,0,0,0,0,,0.0,2.0,0.0,0.0,8.0,0,0,1,1,0,0
NER,90308,903,8,1,4.0,1,0,0,1,1,0,0,0,0,0,0,0,2021,0,0,0,0,0,0,0,,,,,,,0,0,0,0,0,0
NER,90309,903,9,1,4.0,0,0,0,1,1,0,0,0,0,0,0,0,2021,0,0,0,0,0,0,0,,0.0,1.0,0.0,0.0,0.0,0,0,0,0,0,0
NER,90310,903,10,1,3.0,1,1,0,1,1,0,0,0,0,0,1,0,2021,0,0,0,0,0,0,0,,,,,,,0,0,0,1,0,0
NER,90311,903,11,1,2.0,1,0,0,1,1,0,0,0,0,0,0,0,2021,0,0,0,0,0,0,0,2.7823270559310913,0.0,2.0,0.0,0.0,0.0,0,0,0,0,0,0
NER,90312,903,12,1,4.0,1,1,1,1,1,0,0,1,0,0,0,0,2021,0,0,0,0,0,0,0,,,,,,,0,1,0,0,0,0
NER,90401,904,1,2,4.0,1,1,0,1,1,0,0,0,0,0,0,1,2021,0,0,0,0,0,0,0,,,,,,,1,0,1,0,0,0
NER,90402,904,2,2,4.0,1,1,1,1,1,1,1,0,1,0,0,0,2021,1,0,0,0,0,0,0,,,,,,,1,1,0,0,0,0
NER,90403,904,3,2,1.0,1,0,0,1,1,1,1,0,0,0,0,0,2021,0,0,0,0,0,0,0,2.5690276622772217,0.0,4.0,0.0,0.0,12.0,0,1,0,0,0,0
NER,90404,904,4,2,4.0,1,0,0,1,1,0,0,0,0,0,0,1,2021,0,0,0,0,0,0,0,,,,,,,1,0,1,0,0,0
NER,90405,904,5,2,3.0,1,1,1,1,1,1,1,0,0,0,0,0,2021,1,0,0,0,0,0,0,,,,,,,0,0,0,0,0,0
NER,90406,904,6,2,4.0,1,1,1,1,1,0,0,0,0,1,1,0,2021,0,0,0,0,0,0,0,,0.0,2.0,0.0,0.0,0.0,0,1,0,0,0,0
NER,90407,904,7,2,4.0,1,0,0,1,1,0,0,0,0,0,1,0,2021,0,0,0,0,0,0,0,,,,,,,0,0,1,0,0,0
NER,90408,904,8,2,1.0,1,0,0,1,1,0,1,0,0,0,1,0,2021,1,0,0,1,0,1,0,,,,,,,0,0,0,0,0,0
NER,90409,904,9,2,3.0,1,0,1,1,1,0,1,0,0,0,1,0,2021,1,0,0,0,0,1,0,1.7550313472747803,,,,,,0,0,0,0,0,0
NER,90410,904,10,2,4.0,0,0,0,1,1,0,0,0,0,0,0,0,2021,0,0,0,0,0,0,0,,,,,,,0,0,0,0,0,0
NER,90411,904,11,2,3.0,1,1,1,1,1,1,1,0,1,0,0,0,2021,1,0,0,0,0,1,0,,,,,,,0,1,0,0,0,0
NER,90412,904,12,2,3.0,1,0,1,1,1,1,1,0,0,0,0,0,2021,0,0,0,0,0,0,0,,,,,,,0,0,0,0,0,0
NER,90501,905,1,1,1.0,1,1,1,1,1,1,1,0,1,0,0,1,2021,0,0,0,0,0,0,0,1.8437696695327759,6.0,7.0,0.0,0.0,0.0,0,0,0,0,1,0
NER,90502,905,2,1,1.0,1,1,1,1,1,1,1,0,1,1,1,0,2021,1,1,1,0,1,1,1,,,,,,,0,0,0,0,0,0
NER,90503,905,3,1,1.0,1,0,1,1,1,1,1,0,1,0,0,0,2021,0,0,0,0,0,0,0,,,,,,,0,0,0,0,0,0
NER,90505,905,5,1,2.0,1,1,0,1,1,1,1,0,1,1,1,0,2021,1,0,0,0,0,0,0,,,,,,,0,0,0,0,0,0
NER,90506,905,6,1,4.0,1,0,0,1,1,1,1,0,1,0,0,0,2021,0,0,0,0,0,0,0,,,,,,,0,1,0,0,0,0
NER,90507,905,7,1,4.0,1,0,0,1,1,0,0,0,1,0,0,0,2021,0,0,0,0,0,0,0,,0.0,4.0,0.0,0.0,0.0,1,0,1,0,1,0
NER,90508,905,8,1,1.0,1,1,1,1,1,1,1,0,1,1,1,0,2021,1,0,0,0,0,1,0,,,,,,,0,0,0,0,0,0
NER,90509,905,9,1,1.0,0,0,0,1,1,0,0,0,1,0,0,0,2021,0,0,0,0,0,0,0,,,,,,,0,0,0,1,0,0
NER,90510,905,10,1,4.0,1,0,0,1,1,0,0,0,0,0,0,0,2021,0,0,0,0,0,0,0,,,,,,,1,0,0,1,1,0
NER,90511,905,11,1,4.0,1,0,0,1,1,0,0,0,0,0,0,0,2021,0,0,0,0,0,0,0,2.603170156478882,0.0,7.0,0.0,0.0,0.0,0,1,0,0,0,0
NER,90512,905,12,1,1.0,0,0,0,1,1,0,0,0,1,0,0,0,2021,0,0,0,0,0,0,0,,,,,,,0,0,0,0,0,0
NER,90515,905,15,1,4.0,1,0,1,1,1,0,1,0,0,0,0,0,2021,0,0,0,0,0,0,0,1.8953425884246826,,,,,,0,0,0,1,1,0
NER,90601,906,1,2,2.0,1,1,0,1,1,0,0,0,1,0,0,0,2021,0,0,0,0,0,0,0,,,,,,,0,0,1,0,0,0
NER,90602,906,2,2,3.0,1,0,0,1,1,0,0,0,1,0,0,0,2021,0,0,0,0,0,0,0,,,,,,,0,0,1,1,0,0
NER,90603,906,3,2,2.0,1,1,0,1,1,0,0,0,0,0,0,0,2021,0,0,0,0,0,0,0,,,,,,,0,0,1,0,0,0
NER,90604,906,4,2,3.0,1,0,1,1,1,1,1,0,1,0,0,0,2021,1,0,0,0,0,1,0,,,,,,,0,0,1,0,0,0
NER,90605,906,5,2,4.0,1,0,0,0,0,0,1,0,0,0,0,0,2021,1,0,0,0,0,0,0,,0.0,2.0,0.0,0.0,0.0,0,0,0,0,0,0
NER,90606,906,6,2,3.0,1,0,0,0,0,0,0,0,1,0,0,0,2021,0,0,0,0,0,0,0,,,,,,,0,1,0,0,0,0
NER,90607,906,7,2,4.0,1,0,0,0,0,1,1,0,1,0,0,0,2021,1,0,0,0,0,1,0,,,,,,,0,0,0,0,0,0
NER,90609,906,9,2,3.0,1,0,0,1,1,0,0,0,0,0,0,0,2021,0,0,0,0,0,0,0,,,,,,,0,0,0,0,0,0
NER,90610,906,10,2,2.0,1,0,0,1,1,1,1,0,0,0,0,0,2021,1,0,0,0,0,1,0,,,,,,,0,0,0,0,0,0
NER,90611,906,11,2,2.0,1,0,0,1,1,0,1,0,0,0,0,0,2021,0,0,0,0,0,0,0,,,,,,,0,0,0,0,0,0
NER,90612,906,12,2,4.0,1,0,0,0,0,0,0,0,0,0,0,0,2021,0,0,0,0,0,0,0,,,,,,,0,0,0,0,0,0
NER,90613,906,13,2,4.0,1,0,0,0,0,0,0,0,1,0,0,0,2021,0,0,0,0,0,0,0,,,,,,,0,0,0,0,0,0
NER,90701,907,1,1,2.0,0,0,0,1,1,0,1,0,0,0,0,0,2021,0,0,0,0,0,0,0,0.8399999737739563,0.0,9.0,0.0,0.0,0.0,0,1,1,1,1,0
NER,90702,907,2,1,4.0,1,0,0,1,1,0,0,0,0,0,0,0,2021,0,0,0,0,0,0,0,0.43219999969005585,0.0,3.0,0.0,0.0,0.0,0,1,0,1,0,0
NER,90703,907,3,1,4.0,1,0,0,1,1,0,0,0,1,0,0,0,2021,0,0,0,0,0,0,0,,,,,,,0,0,0,0,0,0
NER,90704,907,4,1,1.0,1,1,0,1,1,0,0,0,1,0,1,0,2021,0,0,0,0,0,0,0,,1.0,6.0,0.0,0.0,10.0,0,1,1,1,1,0
NER,90705,907,5,1,4.0,1,0,0,1,1,0,1,0,0,1,0,0,2021,0,0,0,0,0,0,0,,,,,,,0,0,0,0,0,0
NER,90706,907,6,1,1.0,1,0,0,1,1,0,1,0,1,0,0,0,2021,0,0,0,0,0,0,0,,,,,,,0,0,0,0,0,0
NER,90707,907,7,1,4.0,0,0,0,1,1,0,0,0,1,0,0,0,2021,0,0,0,0,0,0,0,,0.0,5.0,0.0,0.0,0.0,1,0,0,1,0,0
NER,90708,907,8,1,4.0,1,0,0,1,1,1,1,0,0,0,0,0,2021,0,0,0,0,0,0,0,,,,,,,0,0,0,0,0,0
NER,90709,907,9,1,1.0,1,0,0,1,1,1,1,0,1,0,0,0,2021,0,0,0,0,0,0,0,,0.0,8.0,0.0,0.0,0.0,0,0,1,0,0,0
NER,90710,907,10,1,1.0,1,0,0,1,1,0,0,0,0,0,0,0,2021,0,0,0,0,0,0,0,2.8631314039230347,0.0,9.0,0.0,0.0,0.0,0,0,0,1,1,0
NER,90711,907,11,1,1.0,1,0,0,1,1,0,0,0,0,0,0,0,2021,0,0,0,0,0,0,0,,,,,,,0,0,0,1,0,0
NER,90712,907,12,1,1.0,1,0,0,1,1,1,1,0,1,0,0,0,2021,0,0,0,0,0,0,0,,,,,,,0,0,0,0,0,0
NER,90801,908,1,2,1.0,1,0,1,1,1,1,1,0,1,0,0,0,2021,1,0,0,0,0,0,0,,,,,,,0,0,1,0,0,0
NER,90802,908,2,2,3.0,1,1,1,1,1,1,1,0,1,0,0,0,2021,1,0,0,0,0,0,0,,,,,,,0,0,1,0,0,0
NER,90803,908,3,2,2.0,1,0,1,1,1,1,1,0,1,0,0,0,2021,0,0,0,0,0,0,0,,,,,,,0,0,0,0,0,0
NER,90804,908,4,2,2.0,1,0,1,1,1,1,1,0,1,0,0,0,2021,1,0,0,0,0,0,0,,,,,,,1,0,0,0,0,0
NER,90805,908,5,2,3.0,1,1,0,1,1,0,1,0,0,0,0,0,2021,1,0,0,0,0,1,0,,,,,,,0,0,0,0,0,0
NER,90806,908,6,2,3.0,1,0,1,1,1,1,1,0,0,0,0,0,2021,1,0,0,0,0,1,0,,,,,,,0,0,0,0,0,0
NER,90807,908,7,2,2.0,0,0,0,1,1,0,0,0,0,0,0,0,2021,0,0,0,0,0,0,0,,0.0,8.0,0.0,0.0,0.0,0,0,0,0,0,0
NER,90808,908,8,2,1.0,1,1,1,1,1,1,1,0,0,0,0,0,2021,1,0,0,0,0,1,0,,,,,,,0,0,0,0,0,0
NER,90809,908,9,2,2.0,1,0,0,1,1,1,1,0,0,0,0,0,2021,0,0,0,0,0,0,0,,3.0,0.0,0.0,0.0,0.0,0,0,0,0,0,0
NER,90810,908,10,2,4.0,1,0,0,1,1,1,1,0,0,0,0,0,2021,0,0,0,0,0,0,0,,,,,,,0,0,0,0,0,0
NER,90811,908,11,2,3.0,1,0,0,1,1,1,1,0,0,0,0,0,2021,0,0,0,0,0,0,0,,,,,,,0,0,0,0,0,0
NER,90812,908,12,2,4.0,1,0,0,1,1,0,0,0,0,0,0,0,2021,0,0,0,0,0,0,0,,,,,,,0,0,0,0,0,0
NER,90901,909,1,1,3.0,1,0,0,1,1,0,0,0,0,0,0,0,2021,0,0,0,0,0,0,0,,,,,,,1,0,1,1,1,0
NER,90902,909,2,1,1.0,1,0,0,1,1,0,1,0,0,0,0,0,2021,1,0,0,0,0,0,0,,0.0,2.0,0.0,0.0,0.0,0,0,0,0,0,0
NER,90903,909,3,1,1.0,1,0,0,1,1,0,0,0,1,0,0,0,2021,0,0,0,0,0,0,0,,,,,,,0,0,0,0,0,0
NER,90904,909,4,1,1.0,1,0,0,1,1,0,1,0,0,0,0,0,2021,0,0,0,0,0,0,0,,0.0,27.0,0.0,0.0,8.0,0,0,1,0,1,0
NER,90909,909,9,1,1.0,1,0,0,1,1,1,1,0,1,1,0,0,2021,0,0,0,0,0,0,0,2.4769084453582764,0.0,6.0,0.0,0.0,0.0,0,0,0,0,0,0
NER,90910,909,10,1,3.0,1,0,0,1,1,0,1,0,0,0,0,0,2021,0,0,0,0,0,0,0,5.28000020980835,0.0,5.0,0.0,0.0,0.0,0,0,0,0,1,0
NER,90911,909,11,1,3.0,1,0,0,1,1,1,1,0,0,0,0,0,2021,0,0,0,0,0,0,0,2.0299999713897705,0.0,2.0,0.0,0.0,7.0,1,0,0,1,0,0
NER,90912,909,12,1,1.0,1,1,1,1,1,1,1,0,1,0,1,0,2021,0,0,0,0,0,0,0,,0.0,7.0,0.0,0.0,0.0,0,1,0,0,0,0
NER,90917,909,17,1,4.0,1,1,1,1,1,1,1,0,0,1,0,0,2021,1,0,0,0,0,1,0,,,,,,,0,0,1,0,0,0
NER,90918,909,18,1,3.0,1,0,0,1,1,0,0,0,0,0,0,0,2021,1,0,0,0,0,0,0,,,,,,,0,0,0,0,0,0
NER,90919,909,19,1,1.0,1,0,0,1,1,0,1,0,1,0,0,0,2021,0,0,0,0,0,0,0,,0.0,13.0,0.0,0.0,0.0,0,1,0,1,1,0
NER,90920,909,20,1,3.0,1,0,0,1,1,1,1,0,1,0,0,0,2021,0,0,0,0,0,0,0,,0.0,7.0,0.0,0.0,0.0,0,0,0,0,0,0
NER,91001,910,1,2,4.0,1,0,0,1,1,0,1,0,1,0,0,0,2021,0,0,0,0,0,0,0,,,,,,,0,0,0,0,1,0
NER,91002,910,2,2,1.0,1,0,1,1,1,1,1,0,1,0,0,0,2021,0,0,1,0,0,0,0,,,,,,,0,0,0,0,1,0
NER,91003,910,3,2,3.0,1,0,1,1,1,1,1,0,1,0,0,0,2021,1,0,0,0,0,0,0,,,,,,,0,0,0,0,1,0
NER,91004,910,4,2,2.0,1,0,0,1,1,0,0,0,1,0,0,0,2021,0,0,0,0,0,0,0,,,,,,,1,1,0,0,1,0
NER,91005,910,5,2,1.0,1,0,1,1,1,1,1,0,1,1,1,0,2021,1,0,0,0,0,1,0,,,,,,,0,0,0,0,0,0
NER,91006,910,6,2,1.0,1,0,1,1,1,1,1,0,0,1,1,0,2021,1,0,1,0,0,1,0,,,,,,,0,0,0,0,0,0
NER,91007,910,7,2,1.0,1,0,0,1,1,0,0,0,0,0,0,0,2021,0,0,0,0,0,0,0,,,,,,,0,0,0,0,0,0
NER,91008,910,8,2,4.0,1,0,1,1,1,1,0,0,1,1,1,1,2021,1,0,1,1,1,1,1,,0.0,17.0,0.0,0.0,0.0,0,0,0,0,0,0
NER,91009,910,9,2,3.0,1,0,0,1,1,0,0,0,0,0,0,0,2021,0,0,0,0,0,0,0,,,,,,,0,0,0,0,0,0
NER,91010,910,10,2,2.0,1,0,0,1,1,0,1,0,0,0,0,0,2021,0,0,0,0,0,0,0,,,,,,,0,0,0,0,0,0
NER,91011,910,11,2,3.0,1,0,0,1,1,0,0,0,0,0,0,0,2021,0,0,0,0,0,0,0,,,,,,,0,0,0,0,0,0
NER,91012,910,12,2,1.0,1,1,1,1,1,1,1,0,0,0,1,0,2021,1,0,1,0,0,1,0,,,,,,,0,0,0,0,0,0
NER,91102,911,2,1,3.0,1,0,0,1,1,0,1,0,1,1,1,0,2021,1,0,0,0,0,1,0,,,,,,,0,0,0,0,0,0
NER,91103,911,3,1,2.0,1,0,0,1,1,0,0,0,1,0,0,0,2021,0,0,0,0,0,0,0,,0.0,23.0,0.0,0.0,0.0,0,0,1,0,0,0
NER,91104,911,4,1,4.0,0,0,0,1,1,0,0,0,0,0,0,0,2021,0,0,0,0,0,0,0,,,,,,,0,0,0,1,1,0
NER,91105,911,5,1,2.0,1,0,0,1,1,0,1,0,0,0,1,0,2021,1,0,0,0,0,0,0,,,,,,,0,0,1,0,1,0
NER,91106,911,6,1,2.0,1,0,0,1,1,1,1,0,1,0,0,0,2021,0,0,0,0,0,0,0,,,,,,,0,0,1,0,0,0
NER,91107,911,7,1,1.0,1,0,0,1,1,1,1,0,0,0,0,0,2021,0,0,0,0,0,0,0,,,,,,,0,0,1,0,1,0
NER,91108,911,8,1,2.0,1,0,0,1,1,0,1,0,0,0,0,0,2021,0,0,0,0,0,0,0,,0.0,3.0,0.0,0.0,0.0,0,0,1,0,1,0
NER,91109,911,9,1,1.0,1,0,0,1,1,1,1,0,1,0,1,0,2021,0,0,0,0,0,0,0,,1.0,17.0,0.0,0.0,0.0,0,0,0,0,0,0
NER,91110,911,10,1,1.0,1,0,0,1,1,0,1,0,0,0,0,1,2021,0,0,0,0,0,0,0,4.243899822235107,1.0,0.0,0.0,0.0,0.0,0,1,0,1,1,0
NER,91111,911,11,1,1.0,1,1,1,1,1,1,1,0,1,1,0,0,2021,0,0,1,0,0,0,0,,,,,,,0,0,1,0,0,0
NER,91112,911,12,1,1.0,1,0,0,1,1,0,1,0,1,0,0,0,2021,0,0,0,0,0,0,0,,0.0,25.0,0.0,0.0,0.0,0,0,1,0,0,0
NER,91113,911,13,1,1.0,1,0,0,1,1,0,1,0,0,0,0,0,2021,0,0,0,0,0,0,0,,,,,,,0,0,0,0,1,0
NER,91201,912,1,2,4.0,1,0,1,1,1,1,1,0,1,0,0,0,2021,0,0,0,0,0,0,0,,,,,,,1,0,0,0,1,0
NER,91202,912,2,2,2.0,1,0,1,1,1,1,1,0,1,0,0,0,2021,1,0,0,0,0,0,0,,,,,,,0,0,0,0,1,0
NER,91203,912,3,2,1.0,1,0,1,1,1,1,1,0,1,0,0,0,2021,1,0,1,0,0,0,0,,,,,,,0,0,0,0,0,0
NER,91204,912,4,2,4.0,0,0,0,1,1,0,0,0,1,0,0,0,2021,0,0,0,0,0,0,0,,,,,,,0,0,0,0,1,0
NER,91205,912,5,2,3.0,1,0,1,1,1,1,1,0,1,1,0,0,2021,1,0,1,0,0,1,0,,0.0,2.0,0.0,0.0,0.0,0,0,0,0,0,0
NER,91206,912,6,2,1.0,1,0,0,1,1,0,1,0,1,0,0,0,2021,0,0,0,0,0,0,0,,,,,,,0,0,0,1,0,0
NER,91208,912,8,2,3.0,1,0,0,1,1,1,1,0,1,0,0,0,2021,1,0,1,0,0,0,0,,,,,,,0,0,0,0,0,0
NER,91209,912,9,2,2.0,1,1,1,1,1,1,1,0,0,0,0,0,2021,1,0,0,0,0,1,0,,,,,,,0,0,0,0,0,0
NER,91210,912,10,2,3.0,1,0,0,1,1,1,1,0,0,0,0,0,2021,1,0,1,0,0,1,0,,,,,,,0,0,0,0,0,0
NER,91211,912,11,2,4.0,1,0,0,1,1,0,1,0,0,0,0,0,2021,0,0,0,0,0,0,0,,,,,,,0,0,0,0,0,0
NER,91212,912,12,2,3.0,1,1,1,1,1,1,1,0,0,0,0,0,2021,1,0,1,0,0,1,0,,,,,,,0,0,0,0,0,0
NER,91301,913,1,1,3.0,1,0,0,1,1,1,1,0,0,0,0,0,2021,0,0,0,0,0,0,0,2.8434998989105225,0.0,2.0,0.0,0.0,0.0,0,0,0,0,0,1
NER,91302,913,2,1,2.0,0,0,0,1,1,0,0,0,0,0,0,0,2021,0,0,0,0,0,0,0,,2.0,6.0,0.0,0.0,0.0,0,0,0,0,0,1
NER,91303,913,3,1,2.0,1,0,0,1,1,0,1,0,0,0,0,0,2021,0,0,0,0,0,0,0,1.8105999678373337,0.0,0.0,0.0,0.0,0.0,1,1,0,0,0,0
NER,91305,913,5,1,3.0,1,1,1,1,1,0,0,0,0,0,0,0,2021,0,0,0,0,0,0,0,,0.0,3.0,0.0,0.0,1.0,0,0,0,0,0,0
NER,91306,913,6,1,1.0,1,0,0,1,1,0,0,0,0,0,0,0,2021,0,0,0,0,0,0,0,,,,,,,1,0,0,0,0,0
NER,91307,913,7,1,3.0,1,1,1,1,1,1,1,0,0,0,1,0,2021,0,0,0,0,0,0,0,,,,,,,0,0,1,0,0,0
NER,91310,913,10,1,2.0,1,0,0,1,1,1,1,0,0,0,0,0,2021,0,0,0,0,0,0,0,1.1770000457763672,1.0,0.0,0.0,0.0,5.0,0,0,0,0,0,0
NER,91311,913,11,1,4.0,0,0,0,1,1,0,0,0,0,0,0,0,2021,0,0,0,0,0,0,0,,0.0,2.0,0.0,0.0,0.0,0,0,0,0,0,0
NER,91312,913,12,1,1.0,1,0,0,1,1,0,0,0,0,0,0,0,2021,0,0,0,0,0,0,0,,,,,,,1,1,0,0,0,0
NER,91313,913,13,1,1.0,1,1,1,1,1,1,1,0,0,1,1,0,2021,1,0,0,0,0,1,0,,0.0,6.0,0.0,0.0,0.0,0,0,0,0,0,0
NER,91314,913,14,1,3.0,1,0,0,1,1,0,0,0,0,0,0,0,2021,0,0,0,0,0,0,0,0.26100000739097595,0.0,0.0,0.0,0.0,6.0,0,1,0,0,0,0
NER,91315,913,15,1,2.0,0,0,0,1,1,1,1,0,0,1,0,0,2021,0,0,0,0,0,0,0,0.5196999907493591,0.0,4.0,0.0,0.0,0.0,0,0,0,0,0,0
NER,91401,914,1,2,1.0,1,1,1,1,1,1,1,0,0,1,1,0,2021,1,0,1,0,0,1,0,,4.0,0.0,0.0,0.0,0.0,0,0,1,0,0,0
NER,91403,914,3,2,3.0,1,1,1,1,1,0,0,0,0,0,0,0,2021,0,0,0,0,0,0,0,,,,,,,0,0,1,0,0,0
NER,91405,914,5,2,1.0,0,1,1,1,1,1,1,0,0,0,0,0,2021,0,0,0,0,0,0,0,,,,,,,1,0,1,0,0,0
NER,91406,914,6,2,3.0,1,1,1,1,1,1,1,0,1,0,0,0,2021,1,0,0,0,0,0,0,,,,,,,0,0,1,0,0,0
NER,91407,914,7,2,3.0,1,1,1,1,1,1,1,0,1,1,1,0,2021,1,1,1,0,1,0,1,,,,,,,1,0,1,0,0,0
NER,91408,914,8,2,3.0,1,1,1,1,1,1,1,0,0,0,0,0,2021,1,1,0,0,0,0,0,,,,,,,0,0,1,0,0,0
NER,91409,914,9,2,4.0,1,1,1,1,1,1,1,0,1,1,0,0,2021,1,0,1,0,0,0,1,,0.0,5.0,0.0,0.0,6.0,0,0,0,0,0,0
NER,91410,914,10,2,4.0,1,1,1,1,1,1,1,0,0,1,0,0,2021,1,0,1,0,0,0,0,,,,,,,0,0,1,1,0,0
NER,91411,914,11,2,4.0,1,0,0,1,1,0,0,0,0,0,0,0,2021,0,0,0,0,0,0,0,4.433599829673767,2.0,0.0,0.0,0.0,7.0,0,0,0,1,0,0
NER,91412,914,12,2,4.0,1,1,1,1,1,0,0,0,0,0,0,0,2021,0,0,0,0,0,0,0,,0.0,10.0,0.0,0.0,6.0,0,0,1,0,0,0
NER,91413,914,13,2,1.0,0,1,0,1,1,0,0,0,0,0,0,0,2021,0,0,0,0,0,0,0,,,,,,,0,0,1,0,0,0
NER,91414,914,14,2,1.0,1,1,1,1,1,0,1,0,0,0,0,0,2021,1,0,0,0,0,0,0,,,,,,,1,0,1,0,0,0
NER,91501,915,1,1,4.0,1,1,1,1,1,1,1,0,0,0,0,0,2021,0,0,0,0,0,0,0,,,,,,,0,0,0,0,0,0
NER,91502,915,2,1,4.0,1,1,1,1,1,0,1,0,0,0,0,0,2021,0,0,0,0,0,0,0,,,,,,,1,1,0,0,0,0
NER,91503,915,3,1,4.0,1,0,1,1,1,0,0,1,0,0,0,0,2021,0,0,0,0,0,0,0,0.6255999803543091,,,,,,0,0,0,0,0,0
NER,91504,915,4,1,4.0,1,0,1,1,1,1,1,0,0,0,0,0,2021,0,0,0,0,0,0,0,,,,,,,0,0,0,0,0,0
NER,91505,915,5,1,2.0,1,0,0,1,1,0,1,0,0,0,0,0,2021,1,0,0,0,0,0,0,6.618499934673309,1.0,7.0,0.0,0.0,0.0,0,1,0,0,0,0
NER,91506,915,6,1,2.0,1,1,1,1,1,1,1,0,0,0,0,0,2021,0,0,1,0,0,0,0,,,,,,,0,0,0,0,0,0
NER,91507,915,7,1,3.0,1,1,1,1,1,1,1,0,1,0,0,0,2021,0,0,0,0,0,0,0,,,,,,,0,0,0,0,0,0
NER,91508,915,8,1,4.0,1,0,0,1,1,1,1,0,0,0,0,0,2021,0,0,0,0,0,0,0,1.711899995803833,0.0,3.0,0.0,0.0,0.0,0,1,1,0,0,0
NER,91509,915,9,1,2.0,1,0,1,1,1,0,1,0,0,0,0,1,2021,0,0,0,0,0,0,0,0.3652999997138977,0.0,0.0,0.0,0.0,14.0,0,0,0,0,0,0
NER,91510,915,10,1,1.0,1,1,0,1,1,1,1,0,0,0,0,0,2021,0,0,0,0,0,0,0,,4.0,7.0,0.0,0.0,0.0,0,0,0,0,0,0
NER,91511,915,11,1,4.0,0,1,0,1,1,0,0,0,0,0,0,0,2021,0,0,0,0,0,0,0,,,,,,,0,1,0,0,0,0
NER,91512,915,12,1,2.0,1,1,1,1,1,0,0,0,0,0,0,0,2021,0,0,0,0,0,0,0,3.8407201766967773,0.0,8.0,0.0,0.0,28.0,0,0,0,0,0,0
NER,91601,916,1,2,1.0,1,1,1,1,1,0,0,0,0,0,1,0,2021,0,0,0,0,0,0,0,,0.0,7.0,0.0,0.0,16.0,0,0,0,0,0,0
NER,91602,916,2,2,4.0,0,0,0,1,1,0,0,0,0,0,0,0,2021,0,0,0,0,0,0,0,,0.0,1.0,0.0,0.0,0.0,0,0,0,0,0,0
NER,91604,916,4,2,1.0,1,1,1,1,1,1,1,0,0,0,0,0,2021,1,0,1,1,0,1,1,,0.0,4.0,0.0,0.0,0.0,0,0,0,0,0,0
NER,91605,916,5,2,1.0,1,1,1,1,1,0,1,0,0,0,0,0,2021,0,0,0,0,0,0,0,,2.0,5.0,0.0,0.0,0.0,0,0,0,0,0,0
NER,91606,916,6,2,3.0,1,1,1,1,1,1,1,0,0,1,0,0,2021,1,0,1,1,0,1,0,1.631754755973816,0.0,0.0,0.0,0.0,17.0,0,1,1,0,0,0
NER,91607,916,7,2,3.0,1,1,1,1,1,0,0,1,0,0,0,0,2021,0,0,0,0,0,0,0,,,,,,,0,0,1,1,0,0
NER,91608,916,8,2,3.0,1,1,1,1,1,1,1,0,1,1,1,0,2021,1,0,1,1,1,1,0,,,,,,,0,0,1,0,0,0
NER,91609,916,9,2,1.0,1,1,1,1,1,1,1,0,0,0,0,0,2021,0,0,0,0,0,0,0,,,,,,,1,1,0,1,0,0
NER,91610,916,10,2,1.0,1,1,1,1,1,1,1,0,0,0,0,0,2021,1,0,1,0,0,0,0,5.310606479644775,,,,,,1,0,0,0,0,0
NER,91614,916,14,2,4.0,1,1,0,1,1,0,1,0,0,0,0,0,2021,0,0,0,0,0,0,0,,,,,,,0,0,0,1,0,1
NER,91615,916,15,2,1.0,1,1,0,1,1,1,1,0,0,0,1,0,2021,0,0,1,0,0,0,0,3.985594630241394,0.0,1.0,0.0,0.0,6.0,1,0,0,0,0,0
NER,91616,916,16,2,3.0,1,1,1,1,1,1,1,0,0,0,0,0,2021,1,0,1,0,0,1,0,,,,,,,0,0,0,1,0,0
NER,91701,917,1,1,3.0,1,1,1,1,1,0,0,1,1,0,0,0,2021,0,0,0,0,0,0,0,,,,,,,0,0,0,0,0,0
NER,91702,917,2,1,4.0,1,1,1,1,1,1,1,0,0,1,0,0,2021,0,0,0,0,0,0,0,1.5631999969482422,1.0,1.0,0.0,0.0,0.0,0,0,0,0,0,0
NER,91703,917,3,1,3.0,1,1,1,1,1,1,1,0,0,1,1,0,2021,1,0,0,0,0,0,0,0.6854000091552734,0.0,2.0,0.0,0.0,0.0,0,0,0,0,0,0
NER,91704,917,4,1,1.0,1,1,1,1,1,1,1,0,1,0,0,0,2021,1,0,1,0,0,0,1,4.872073650360107,,,,,,0,0,0,0,0,0
NER,91705,917,5,1,3.0,1,1,1,1,1,1,1,0,1,1,1,0,2021,1,0,0,0,0,1,0,2.4107935428619385,2.0,1.0,0.0,0.0,2.0,0,0,0,0,0,0
NER,91706,917,6,1,4.0,1,1,1,1,1,1,1,0,0,1,1,0,2021,1,0,0,0,0,0,0,,0.0,14.0,0.0,0.0,0.0,0,0,0,0,0,0
NER,91707,917,7,1,1.0,1,1,1,1,1,1,1,0,1,1,1,0,2021,0,0,0,0,0,0,0,,,,,,,1,0,0,0,0,0
NER,91708,917,8,1,1.0,1,1,1,1,1,1,1,0,0,1,1,0,2021,1,0,1,1,0,1,1,,,,,,,0,0,0,0,0,0
NER,91709,917,9,1,4.0,1,0,1,1,1,0,0,0,0,0,0,0,2021,0,0,0,0,0,0,0,1.3420000076293945,0.0,2.0,0.0,0.0,0.0,0,0,0,0,0,0
NER,91710,917,10,1,1.0,1,0,0,1,1,0,1,0,1,0,0,0,2021,0,0,0,0,0,0,0,2.1259000301361084,0.0,10.0,0.0,0.0,17.0,1,0,0,0,0,0
NER,91711,917,11,1,4.0,1,1,1,1,1,1,1,0,1,1,1,0,2021,1,0,1,1,0,1,0,1.3610000312328339,1.0,0.0,0.0,0.0,0.0,0,0,0,0,0,0
NER,91716,917,16,1,4.0,0,0,0,1,1,0,0,0,1,0,0,0,2021,0,0,0,0,0,0,0,,0.0,1.0,0.0,0.0,0.0,0,0,0,0,0,0
NER,91801,918,1,2,1.0,1,1,1,1,1,0,0,1,1,0,1,0,2021,1,0,0,0,0,0,0,,,,,,,0,0,1,0,0,0
NER,91802,918,2,2,3.0,1,1,1,1,1,1,1,0,1,0,0,0,2021,1,0,0,0,0,1,0,,,,,,,0,0,1,0,0,0
NER,91803,918,3,2,1.0,1,1,1,1,1,1,1,0,1,1,1,0,2021,1,0,0,0,0,1,0,,,,,,,1,0,0,0,0,0
NER,91804,918,4,2,3.0,1,1,1,1,1,1,1,0,1,0,1,0,2021,1,0,1,0,0,1,0,,,,,,,0,0,1,0,0,0
NER,91806,918,6,2,1.0,1,1,1,1,1,1,1,0,1,0,0,0,2021,1,0,1,0,0,1,0,,,,,,,1,0,0,1,0,0
NER,91807,918,7,2,4.0,0,0,0,1,1,0,0,0,0,0,0,0,2021,0,0,0,0,0,0,0,,,,,,,0,0,1,0,0,0
NER,91808,918,8,2,3.0,1,1,1,1,1,1,1,0,0,0,0,0,2021,1,0,0,0,0,0,0,,,,,,,0,0,0,0,0,0
NER,91811,918,11,2,1.0,1,1,1,1,1,1,1,0,1,1,0,0,2021,1,0,0,0,0,0,0,,,,,,,0,0,0,0,0,0
NER,91812,918,12,2,3.0,1,1,1,1,1,0,0,0,1,1,0,0,2021,0,0,0,0,0,0,0,,,,,,,0,0,0,1,0,0
NER,91813,918,13,2,1.0,1,1,1,1,1,1,1,0,1,1,0,0,2021,1,0,0,0,0,0,0,,,,,,,0,0,0,0,0,0
NER,91815,918,15,2,3.0,1,1,1,1,1,1,1,0,1,0,0,0,2021,0,0,0,0,0,0,0,,,,,,,0,0,0,1,0,0
NER,91816,918,16,2,1.0,1,1,1,1,1,1,1,0,1,1,1,0,2021,1,0,1,0,0,1,0,,,,,,,1,0,0,0,0,0
NER,91901,919,1,1,1.0,1,0,1,1,1,1,1,0,0,0,0,0,2021,1,0,0,0,0,0,0,0.9659000039100647,,,,,,0,0,0,0,0,0
NER,91902,919,2,1,1.0,1,1,1,1,1,1,1,0,1,1,1,0,2021,1,0,0,0,0,1,0,,,,,,,0,0,0,0,0,0
NER,91903,919,3,1,4.0,1,1,1,1,1,0,0,0,0,0,0,0,2021,0,0,0,0,0,0,0,,0.0,4.0,0.0,0.0,0.0,1,0,0,0,0,0
NER,91904,919,4,1,4.0,1,1,1,1,1,1,1,0,0,0,0,0,2021,0,0,0,0,0,0,0,,,,,,,0,0,0,1,0,0
NER,91905,919,5,1,3.0,1,0,1,1,1,0,0,0,1,0,0,0,2021,0,0,0,0,0,0,0,,,,,,,1,0,0,0,0,0
NER,91906,919,6,1,1.0,1,1,1,1,1,1,1,0,0,0,0,0,2021,1,0,0,0,0,1,1,,,,,,,0,0,0,0,0,0
NER,91909,919,9,1,4.0,1,1,0,1,1,1,1,0,0,0,0,0,2021,0,0,0,0,0,0,0,,0.0,3.0,0.0,0.0,0.0,0,0,0,0,0,0
NER,91910,919,10,1,4.0,1,0,1,1,1,0,0,1,0,0,0,0,2021,0,0,0,0,0,0,0,1.6344999819993973,,,,,,0,0,0,0,0,0
NER,91911,919,11,1,3.0,1,1,1,1,1,1,1,0,0,1,1,0,2021,1,0,1,1,0,1,1,,,,,,,0,0,0,0,0,0
NER,91912,919,12,1,3.0,1,1,1,1,1,1,1,0,0,0,0,0,2021,1,0,0,0,0,1,0,,0.0,6.0,0.0,0.0,0.0,0,0,0,0,0,0
NER,91913,919,13,1,4.0,1,0,0,1,1,0,0,0,0,0,0,0,2021,0,0,0,0,0,0,0,,,,,,,0,0,0,0,0,0
NER,91916,919,16,1,4.0,1,1,1,1,1,0,0,0,0,0,1,0,2021,0,0,0,0,0,0,0,,,,,,,0,0,0,1,0,0
NER,92001,920,1,2,3.0,1,1,1,1,1,1,1,0,1,1,1,0,2021,1,1,1,0,0,0,0,,,,,,,0,0,1,0,0,0
NER,92002,920,2,2,3.0,1,1,1,1,1,1,1,0,1,0,1,0,2021,1,0,1,0,0,1,0,,,,,,,0,0,1,0,0,0
NER,92004,920,4,2,1.0,1,1,1,1,1,1,1,0,1,0,1,0,2021,1,0,0,0,0,1,0,,,,,,,0,0,1,0,0,0
NER,92008,920,8,2,3.0,1,1,1,1,1,1,1,0,1,0,0,0,2021,1,0,0,0,0,1,0,,0.0,0.0,0.0,0.0,2.0,0,0,1,0,0,0
NER,92009,920,9,2,4.0,1,0,1,1,1,0,0,1,1,0,0,0,2021,0,0,0,0,0,0,0,,,,,,,0,0,0,1,0,0
NER,92010,920,10,2,4.0,1,1,1,1,1,1,1,0,1,1,0,0,2021,0,0,0,0,0,0,0,4.5634942054748535,,,,,,0,0,0,1,0,0
NER,92011,920,11,2,1.0,1,1,1,1,1,1,1,0,1,1,0,0,2021,1,0,0,0,0,1,0,1.700858473777771,,,,,,0,0,0,0,0,0
NER,92012,920,12,2,1.0,1,1,1,1,1,1,1,0,1,0,0,0,2021,1,0,0,0,0,0,0,,,,,,,0,0,0,0,0,0
NER,92014,920,14,2,1.0,1,1,1,1,1,1,1,0,0,0,0,0,2021,0,0,0,0,0,0,0,,,,,,,1,0,1,0,0,0
NER,92015,920,15,2,4.0,1,1,1,1,1,1,1,0,1,0,1,0,2021,1,0,1,0,0,0,0,,,,,,,0,0,1,0,0,0
NER,92101,921,1,1,3.0,1,1,1,1,1,1,1,0,0,0,0,0,2021,0,0,0,0,0,0,0,,0.0,1.0,0.0,0.0,1.0,1,0,0,0,0,0
NER,92102,921,2,1,4.0,1,1,1,1,1,1,1,0,1,0,1,0,2021,1,0,0,0,0,1,0,,,,,,,0,0,0,0,0,0
NER,92104,921,4,1,1.0,1,1,1,1,1,1,1,0,0,0,0,0,2021,0,0,0,0,0,0,0,,0.0,9.0,0.0,0.0,10.0,0,0,0,0,0,0
NER,92105,921,5,1,3.0,1,1,1,1,1,1,1,0,1,0,1,0,2021,1,0,0,0,0,1,0,,,,,,,0,0,0,0,0,0
NER,92106,921,6,1,4.0,1,1,1,1,1,1,1,0,0,1,1,0,2021,0,0,0,0,0,0,0,,,,,,,0,0,0,0,0,0
NER,92107,921,7,1,4.0,1,1,1,1,1,1,1,0,1,1,1,0,2021,0,0,0,0,0,1,0,,0.0,12.0,0.0,8.0,70.0,0,0,1,0,0,0
NER,92109,921,9,1,4.0,1,1,1,1,1,1,1,0,0,1,1,0,2021,1,0,1,0,0,1,0,,4.0,4.0,0.0,0.0,0.0,0,0,0,0,0,0
NER,92110,921,10,1,1.0,1,1,1,1,1,1,1,0,0,0,0,0,2021,0,0,0,0,0,0,0,,3.0,5.0,0.0,0.0,0.0,0,0,0,0,0,0
NER,92111,921,11,1,3.0,1,1,1,1,1,0,0,0,0,0,0,0,2021,0,0,0,0,0,0,0,,,,,,,1,0,0,0,0,0
NER,92112,921,12,1,3.0,1,1,1,1,1,1,1,0,0,1,1,0,2021,1,0,1,0,0,1,0,,,,,,,1,0,0,0,0,0
NER,92113,921,13,1,4.0,1,1,1,1,1,1,1,0,1,1,1,0,2021,1,0,1,1,1,1,1,,,,,,,0,0,0,0,0,0
NER,92115,921,15,1,1.0,1,1,1,1,1,1,1,0,0,1,1,0,2021,1,0,0,0,0,1,0,,,,,,,1,0,0,0,0,0
NER,92202,922,2,2,2.0,1,1,1,1,1,1,1,0,1,0,0,0,2021,0,0,0,0,0,0,0,,,,,,,0,0,0,0,0,1
NER,92203,922,3,2,3.0,1,1,1,1,1,1,1,0,1,0,1,0,2021,1,0,0,0,0,0,0,,,,,,,0,0,1,0,0,0
NER,92204,922,4,2,2.0,1,1,1,1,1,1,1,0,1,0,1,0,2021,1,1,0,0,0,0,0,,,,,,,1,0,0,0,0,0
NER,92205,922,5,2,3.0,1,1,1,1,1,1,1,0,1,1,1,1,2021,0,0,0,0,0,0,0,,,,,,,0,0,1,0,0,0
NER,92206,922,6,2,2.0,1,1,1,1,1,1,1,0,1,0,0,0,2021,1,0,0,0,0,0,0,,,,,,,0,0,1,0,0,0
NER,92208,922,8,2,1.0,1,1,1,1,1,1,1,0,0,0,1,0,2021,1,0,1,0,0,1,0,2.1953046321868896,1.0,5.0,0.0,0.0,0.0,0,1,1,0,0,0
NER,92209,922,9,2,1.0,1,0,1,1,1,1,1,0,1,0,0,0,2021,1,0,0,0,0,0,0,3.2505226135253906,1.0,2.0,0.0,0.0,0.0,1,0,0,0,0,0
NER,92210,922,10,2,1.0,1,1,1,1,1,1,1,0,1,1,0,0,2021,1,0,1,0,0,0,0,,,,,,,0,0,0,0,0,0
NER,92211,922,11,2,4.0,1,0,0,1,1,1,1,0,1,0,0,0,2021,1,0,0,0,0,0,0,,,,,,,1,0,0,1,0,0
NER,92213,922,13,2,1.0,1,0,0,1,1,1,1,0,1,0,0,0,2021,1,0,0,0,0,0,0,,,,,,,0,0,0,0,0,0
NER,92214,922,14,2,2.0,0,1,1,1,1,0,0,0,1,0,1,0,2021,0,0,0,0,0,0,0,,,,,,,0,0,1,0,0,0
NER,92216,922,16,2,4.0,1,1,1,1,1,1,1,0,1,0,0,0,2021,1,0,0,0,0,1,0,,,,,,,0,0,0,0,0,0
NER,92301,923,1,1,2.0,1,1,1,1,1,1,1,0,0,1,0,0,2021,0,0,0,0,0,0,0,3.829200029373169,0.0,0.0,0.0,0.0,15.0,0,1,0,0,0,0
NER,92302,923,2,1,2.0,0,0,0,1,1,0,0,1,0,1,0,0,2021,0,0,0,0,0,0,0,0.3491999953985214,2.0,4.0,0.0,0.0,1.0,0,0,0,0,0,0
NER,92303,923,3,1,4.0,1,0,1,1,1,0,0,0,0,0,0,0,2021,0,0,0,0,0,0,0,3.3322999477386475,0.0,2.0,0.0,0.0,0.0,0,1,0,0,0,0
NER,92304,923,4,1,2.0,1,0,0,1,1,1,1,0,0,1,0,0,2021,0,0,0,0,0,0,0,2.3105000257492065,0.0,4.0,0.0,0.0,19.0,0,0,0,0,0,0
NER,92305,923,5,1,3.0,0,0,0,1,1,0,0,0,1,0,0,0,2021,0,0,0,0,0,0,0,,0.0,1.0,0.0,0.0,1.0,1,0,0,0,0,0
NER,92306,923,6,1,1.0,1,0,0,1,1,0,0,0,0,1,1,0,2021,0,0,0,0,0,0,0,4.139789819717407,1.0,3.0,0.0,0.0,0.0,0,1,0,0,0,0
NER,92308,923,8,1,1.0,0,1,1,1,1,1,1,0,1,0,0,0,2021,1,0,0,0,1,1,1,,0.0,6.0,0.0,0.0,27.0,1,0,0,0,0,0
NER,92309,923,9,1,2.0,1,1,1,1,1,0,0,0,0,1,1,0,2021,0,0,0,0,0,0,0,,0.0,0.0,0.0,0.0,0.0,0,0,0,0,0,0
NER,92310,923,10,1,2.0,1,1,1,1,1,1,1,0,0,0,0,0,2021,0,0,0,0,0,0,0,,0.0,0.0,0.0,0.0,2.0,0,0,0,0,0,0
NER,92312,923,12,1,3.0,1,1,1,1,1,0,1,0,0,0,0,0,2021,1,0,0,0,0,1,0,,,,,,,0,0,0,0,0,0
NER,92313,923,13,1,2.0,1,1,1,1,1,1,1,0,1,0,0,0,2021,0,0,0,0,0,0,0,0.6331999972462654,,,,,,0,0,0,0,0,0
NER,92316,923,16,1,2.0,1,0,0,0,0,0,0,0,0,0,0,0,2021,0,0,0,0,0,0,0,1.2871000170707703,0.0,2.0,0.0,0.0,6.0,0,1,0,0,0,0
NER,92401,924,1,2,1.0,0,1,0,1,1,0,0,0,0,0,0,0,2021,0,0,0,0,0,0,0,2.164036750793457,0.0,3.0,0.0,0.0,1.0,0,1,0,0,0,0
NER,92402,924,2,2,4.0,0,1,1,1,1,0,0,0,0,0,0,0,2021,0,0,0,0,0,0,0,4.015158712863922,,,,,,0,1,0,0,0,0
NER,92403,924,3,2,3.0,0,1,1,0,0,0,0,0,0,0,0,0,2021,0,0,0,0,0,0,0,,,,,,,0,0,0,0,0,0
NER,92404,924,4,2,3.0,0,0,0,1,1,0,0,0,0,0,0,0,2021,0,0,0,0,0,0,0,,,,,,,0,0,0,0,0,0
NER,92405,924,5,2,4.0,1,1,1,1,1,0,0,1,0,0,0,0,2021,0,0,0,0,0,0,0,,,,,,,0,0,0,0,0,0
NER,92406,924,6,2,1.0,1,1,1,1,1,0,0,0,0,0,0,0,2021,0,0,0,0,0,0,0,,,,,,,0,1,0,0,0,0
NER,92407,924,7,2,1.0,1,0,1,1,1,0,0,0,0,0,0,0,2021,0,0,0,0,0,0,0,,,,,,,1,0,0,0,0,0
NER,92408,924,8,2,4.0,1,0,1,1,1,0,0,0,0,0,0,0,2021,0,0,0,0,0,0,0,,,,,,,0,0,0,0,0,0
NER,92409,924,9,2,1.0,1,1,1,1,1,1,1,0,0,0,0,0,2021,1,0,0,0,0,1,0,,0.0,6.0,0.0,0.0,0.0,0,0,0,0,0,0
NER,92410,924,10,2,1.0,1,1,1,1,1,0,0,0,0,0,0,0,2021,0,0,0,0,0,0,0,,,,,,,0,0,0,0,0,0
NER,92411,924,11,2,3.0,1,1,0,1,1,0,0,0,0,0,0,0,2021,0,0,0,0,0,0,0,1.444593906402588,,,,,,1,0,0,0,0,0
NER,92412,924,12,2,1.0,1,1,1,1,1,0,0,1,0,0,0,0,2021,0,0,0,0,0,0,0,,3.0,2.0,0.0,0.0,0.0,0,0,0,0,0,0
NER,92501,925,1,1,4.0,1,1,1,1,1,1,1,0,0,0,0,0,2021,0,0,0,0,0,0,0,,,,,,,0,0,0,0,0,0
NER,92507,925,7,1,3.0,1,1,1,1,1,1,1,0,1,0,0,0,2021,0,0,0,0,0,0,0,,,,,,,1,0,0,0,0,0
NER,92509,925,9,1,3.0,1,1,0,1,1,1,1,0,0,0,0,0,2021,0,0,1,0,1,0,0,,,,,,,0,0,0,1,0,0
NER,92511,925,11,1,3.0,1,1,1,0,0,0,1,0,0,0,1,0,2021,0,0,0,0,0,0,0,,,,,,,1,0,0,1,0,0
NER,92512,925,12,1,1.0,1,1,1,0,0,0,0,0,0,0,0,0,2021,0,0,0,0,0,0,0,,,,,,,0,0,0,0,0,0
NER,92513,925,13,1,3.0,1,1,1,0,0,0,0,0,0,0,0,0,2021,0,0,0,0,0,0,0,,,,,,,0,0,0,0,0,0
NER,92530,925,30,1,4.0,1,0,0,1,1,0,0,0,0,0,0,0,2021,0,0,0,0,0,0,0,,,,,,,0,0,0,0,0,0
NER,92532,925,32,1,1.0,1,1,1,1,1,1,1,0,0,1,1,0,2021,1,0,1,0,0,0,1,,,,,,,0,0,0,1,0,0
NER,92534,925,34,1,3.0,1,1,1,1,1,0,0,0,0,0,0,0,2021,0,0,0,0,0,0,0,,,,,,,0,0,0,1,0,0
NER,92537,925,37,1,3.0,1,1,1,1,1,0,0,0,0,0,0,0,2021,0,0,0,0,0,0,0,,,,,,,0,0,1,1,0,0
NER,92539,925,39,1,3.0,1,1,1,1,1,1,1,0,0,0,0,0,2021,0,0,0,0,0,0,0,,,,,,,0,0,0,0,0,0
NER,92541,925,41,1,4.0,1,1,1,0,0,0,0,0,0,0,1,1,2021,0,0,0,0,0,0,0,,,,,,,1,0,0,0,0,0
NER,92601,926,1,2,1.0,0,0,0,1,1,0,0,0,0,0,0,0,2021,0,0,0,0,0,0,0,4.4358168840408325,2.0,0.0,0.0,0.0,0.0,0,0,0,0,0,0
NER,92602,926,2,2,3.0,0,1,1,0,0,1,1,0,0,0,0,0,2021,1,0,0,0,0,0,0,,,,,,,1,0,0,0,0,0
NER,92603,926,3,2,3.0,1,1,1,1,1,0,0,0,0,0,0,0,2021,0,0,0,0,0,0,0,,,,,,,0,0,0,0,0,0
NER,92604,926,4,2,3.0,1,1,1,1,1,1,1,0,0,0,0,0,2021,0,0,0,0,0,0,0,,,,,,,0,0,0,0,0,0
NER,92605,926,5,2,1.0,1,0,1,1,0,0,0,0,0,0,0,0,2021,0,0,0,0,0,0,0,,,,,,,0,0,0,0,0,0
NER,92606,926,6,2,4.0,1,1,1,1,1,1,1,0,0,0,0,0,2021,0,0,0,0,0,0,0,,,,,,,0,0,0,0,0,1
NER,92607,926,7,2,2.0,1,1,1,1,1,1,1,0,0,0,0,0,2021,1,0,1,0,0,1,0,,,,,,,0,0,0,0,0,0
NER,92608,926,8,2,3.0,1,1,1,1,1,1,1,0,1,1,1,1,2021,1,0,1,1,0,1,0,,,,,,,1,0,0,0,0,0
NER,92609,926,9,2,3.0,1,1,0,1,1,0,0,0,0,0,0,0,2021,0,0,0,0,0,0,0,,,,,,,0,0,0,0,0,0
NER,92610,926,10,2,1.0,1,1,1,1,1,0,1,0,0,0,0,0,2021,0,0,0,0,0,0,0,,,,,,,0,0,0,0,0,0
NER,92611,926,11,2,3.0,1,1,1,0,1,0,1,0,0,0,0,0,2021,1,0,0,0,0,0,0,,,,,,,0,0,0,0,0,0
NER,92612,926,12,2,3.0,1,1,1,1,1,1,1,0,0,0,0,0,2021,1,0,0,0,0,0,0,,,,,,,1,0,0,0,0,0
NER,92701,927,1,1,3.0,1,1,1,1,1,1,1,0,0,1,1,0,2021,1,0,1,1,0,1,1,,1.0,6.0,0.0,0.0,44.0,0,0,0,0,0,0
NER,92702,927,2,1,3.0,1,1,1,1,1,1,1,0,1,1,0,0,2021,1,1,1,0,0,1,0,,0.0,0.0,0.0,0.0,34.0,0,0,0,0,0,0
NER,92703,927,3,1,1.0,1,1,1,1,1,1,1,0,0,0,0,0,2021,1,0,0,0,0,0,0,,,,,,,0,0,0,0,0,0
NER,92704,927,4,1,1.0,1,1,1,1,1,1,1,0,0,0,0,0,2021,1,0,0,0,0,0,0,15.412500381469727,1.0,21.0,0.0,0.0,40.0,0,0,0,0,0,0
NER,92706,927,6,1,1.0,1,1,1,1,1,1,1,0,0,1,0,0,2021,1,0,0,0,0,0,0,2.098800003528595,1.0,7.0,0.0,0.0,0.0,0,0,0,0,0,0
NER,92707,927,7,1,3.0,1,1,1,1,1,1,1,0,0,0,0,0,2021,0,0,0,0,0,0,0,,0.0,3.0,0.0,0.0,6.0,0,0,0,0,0,0
NER,92708,927,8,1,1.0,1,0,0,1,1,1,1,0,0,0,0,0,2021,0,0,0,0,0,0,0,,0.0,7.0,0.0,0.0,0.0,0,0,0,0,0,0
NER,92709,927,9,1,1.0,1,1,1,1,1,0,0,0,0,0,0,0,2021,0,0,0,0,0,0,0,,1.0,10.0,0.0,0.0,33.0,0,1,0,0,0,0
NER,92710,927,10,1,3.0,1,0,0,1,1,0,0,0,0,0,0,0,2021,0,0,0,0,0,0,0,,,,,,,1,0,0,0,0,0
NER,92711,927,11,1,4.0,1,1,1,1,1,1,1,0,1,1,0,0,2021,1,0,1,0,1,1,0,,0.0,1.0,0.0,0.0,34.0,0,1,0,0,0,0
NER,92712,927,12,1,1.0,1,1,1,1,1,1,1,0,0,0,0,0,2021,1,0,0,0,0,1,0,5.464099764823914,2.0,10.0,0.0,0.0,39.0,1,0,0,0,0,0
NER,92801,928,1,2,1.0,1,1,1,1,1,0,1,0,0,0,0,0,2021,1,0,1,0,0,1,1,1.2020422220230103,0.0,5.0,0.0,0.0,0.0,0,0,0,0,0,0
NER,92802,928,2,2,1.0,1,0,0,1,1,0,0,0,0,0,0,0,2021,0,0,0,0,0,0,0,1.5207301378250122,,,,,,0,0,0,0,0,0
NER,92803,928,3,2,2.0,1,0,0,1,1,0,0,0,0,0,0,0,2021,0,0,0,0,0,0,0,1.4667930603027344,,,,,,0,0,0,0,0,0
NER,92804,928,4,2,2.0,1,0,0,1,1,0,0,0,0,0,0,0,2021,0,0,0,0,0,0,0,0.8141205906867981,,,,,,0,0,0,0,0,0
NER,92805,928,5,2,4.0,1,1,1,1,1,0,0,0,0,0,0,0,2021,0,0,0,0,0,0,1,0.8986600041389465,,,,,,0,0,0,0,0,0
NER,92806,928,6,2,4.0,1,1,1,1,1,0,1,0,0,0,0,0,2021,0,0,0,0,0,0,0,,0.0,0.0,0.0,0.0,1.0,0,0,0,0,0,0
NER,92807,928,7,2,2.0,1,0,1,1,1,1,1,0,0,0,0,0,2021,0,0,0,0,1,0,0,0.5830035209655762,1.0,11.0,0.0,0.0,5.0,0,0,0,0,0,0
NER,92808,928,8,2,4.0,1,0,0,1,1,0,0,0,0,0,0,0,2021,0,0,0,0,0,0,0,2.0907700061798096,,,,,,0,0,0,0,0,1
NER,92809,928,9,2,1.0,0,0,1,1,1,0,1,0,0,0,0,0,2021,0,0,0,0,0,0,0,2.4589171409606934,1.0,1.0,0.0,0.0,0.0,0,1,1,0,0,0
NER,92811,928,11,2,2.0,0,0,0,1,1,0,0,0,0,0,0,0,2021,0,0,0,0,0,0,0,1.5303739309310913,1.0,0.0,0.0,0.0,0.0,0,1,1,0,0,0
NER,92812,928,12,2,4.0,0,0,0,1,1,0,0,0,0,0,0,0,2021,0,0,0,0,0,0,0,,,,,,,0,0,1,0,0,0
NER,92813,928,13,2,1.0,0,0,0,1,1,0,0,0,0,0,0,0,2021,0,0,0,0,0,0,0,1.5924618244171143,1.0,3.0,0.0,0.0,0.0,0,1,1,0,0,0
NER,92904,929,4,1,1.0,1,0,0,1,1,0,0,0,1,0,0,0,2021,0,0,0,0,0,0,0,3.8552998304367065,2.0,4.0,0.0,0.0,10.0,1,0,0,1,0,0
NER,92905,929,5,1,4.0,1,0,0,1,1,0,0,0,0,0,0,0,2021,0,0,0,0,0,0,0,0.6962000131607056,,,,,,0,0,0,0,0,0
NER,92906,929,6,1,4.0,1,0,0,1,1,1,1,0,0,0,0,0,2021,0,0,0,0,0,0,0,0.6222000122070312,,,,,,0,0,0,0,0,0
NER,92907,929,7,1,1.0,1,1,1,1,1,1,1,0,1,0,0,0,2021,1,0,1,0,0,1,0,0.31679999828338623,0.0,2.0,0.0,0.0,20.0,0,0,0,0,0,0
NER,92908,929,8,1,1.0,1,1,1,1,1,1,1,0,0,0,0,0,2021,1,0,0,0,0,0,0,0.4361000061035156,,,,,,0,1,0,0,0,0
NER,92909,929,9,1,4.0,1,1,1,1,1,1,1,0,1,1,1,0,2021,1,0,0,0,0,1,0,,,,,,,0,0,0,0,0,0
NER,92910,929,10,1,4.0,1,1,1,1,1,1,1,0,1,0,0,0,2021,1,0,0,0,0,1,0,,,,,,,0,0,0,0,0,0
NER,92911,929,11,1,4.0,1,0,0,1,1,0,1,0,0,0,0,0,2021,0,0,0,0,0,0,0,0.8746999800205231,2.0,3.0,0.0,0.0,0.0,0,0,0,1,0,0
NER,92912,929,12,1,4.0,1,0,0,1,1,0,1,0,0,1,1,0,2021,0,0,0,0,0,0,0,0.4593000113964081,0.0,4.0,0.0,0.0,0.0,0,0,0,0,0,0
NER,92915,929,15,1,4.0,1,0,1,1,1,1,1,0,1,0,0,0,2021,1,0,0,0,0,1,0,0.1889999955892563,,,,,,1,1,0,0,0,0
NER,92916,929,16,1,2.0,1,0,1,1,1,1,1,0,1,1,0,0,2021,1,0,0,0,0,1,0,,0.0,4.0,0.0,0.0,0.0,0,1,0,1,0,0
NER,93001,930,1,2,3.0,1,1,1,1,1,0,0,0,1,1,1,0,2021,0,0,0,0,0,0,0,,,,,,,0,0,0,0,0,0
NER,93002,930,2,2,1.0,1,1,1,1,1,1,1,0,0,1,1,0,2021,1,0,0,0,0,1,0,,0.0,0.0,0.0,0.0,10.0,0,0,0,0,0,0
NER,93003,930,3,2,4.0,1,0,1,1,1,0,1,0,1,0,0,0,2021,0,0,0,0,0,0,0,,,,,,,0,0,0,0,0,0
NER,93004,930,4,2,1.0,1,0,1,1,1,0,0,0,0,1,1,0,2021,0,0,0,0,0,0,0,,0.0,0.0,0.0,0.0,5.0,1,0,0,0,0,0
NER,93005,930,5,2,4.0,0,1,0,1,1,0,1,0,0,0,0,0,2021,0,0,0,0,0,0,0,,,,,,,0,0,0,1,0,0
NER,93006,930,6,2,3.0,0,1,1,1,1,0,0,0,0,0,0,0,2021,0,0,0,0,0,0,0,,,,,,,0,0,1,0,0,0
NER,93007,930,7,2,4.0,0,1,1,1,1,0,1,0,0,0,0,0,2021,0,0,0,0,0,0,0,,,,,,,0,0,1,0,0,0
NER,93009,930,9,2,4.0,1,0,0,1,1,0,0,0,0,0,0,0,2021,0,0,0,0,0,0,0,,,,,,,0,0,0,0,0,0
NER,93010,930,10,2,3.0,1,0,0,1,1,1,1,0,0,0,0,0,2021,0,0,0,0,0,0,0,,,,,,,0,0,0,0,0,0
NER,93011,930,11,2,4.0,0,0,1,1,1,0,0,0,0,0,0,0,2021,0,0,0,0,0,0,0,,,,,,,0,0,0,0,0,0
NER,93012,930,12,2,3.0,1,0,0,1,1,1,1,0,0,0,0,0,2021,0,0,0,0,0,0,0,,,,,,,0,0,0,0,0,0
NER,93014,930,14,2,2.0,0,1,0,1,1,0,0,0,0,0,0,0,2021,0,0,0,0,0,0,0,,,,,,,1,0,0,1,0,0
NER,93101,931,1,1,4.0,1,1,1,1,1,1,1,0,1,0,0,0,2021,0,0,0,0,0,0,0,,,,,,,0,0,1,1,0,0
NER,93102,931,2,1,4.0,1,1,1,1,1,1,1,0,0,0,0,0,2021,1,0,0,0,0,1,0,,0.0,1.0,0.0,0.0,0.0,0,0,0,0,0,0
NER,93103,931,3,1,1.0,1,1,1,1,1,1,1,0,1,0,0,0,2021,1,0,0,0,0,1,0,,0.0,6.0,0.0,0.0,0.0,0,0,0,0,0,0
NER,93104,931,4,1,3.0,1,1,1,1,1,0,0,0,1,0,0,0,2021,1,0,0,0,0,1,0,,,,,,,1,0,0,1,0,0
NER,93105,931,5,1,1.0,1,1,1,1,1,1,1,0,0,0,0,0,2021,0,0,0,0,0,0,0,,0.0,1.0,0.0,0.0,0.0,0,0,0,1,0,0
NER,93106,931,6,1,4.0,1,1,1,1,1,1,1,0,0,0,0,0,2021,1,0,0,0,0,0,0,,,,,,,0,0,0,0,0,0
NER,93107,931,7,1,3.0,1,1,1,1,1,0,1,0,1,0,0,0,2021,1,0,0,0,0,1,0,,,,,,,0,0,0,0,0,0
NER,93110,931,10,1,1.0,1,1,1,1,1,1,1,0,1,0,0,0,2021,1,0,0,0,0,1,0,,,,,,,1,0,0,0,0,0
NER,93112,931,12,1,1.0,1,1,1,1,1,1,1,0,1,0,0,0,2021,1,0,0,0,0,0,0,,,,,,,0,0,0,0,0,0
NER,93113,931,13,1,4.0,1,1,1,1,1,1,1,0,0,1,0,0,2021,1,0,0,0,0,0,0,,,,,,,0,1,0,0,0,0
NER,93115,931,15,1,3.0,1,1,1,1,1,1,1,0,1,0,0,0,2021,1,0,0,0,0,1,0,,,,,,,1,0,0,0,0,0
NER,93116,931,16,1,4.0,1,1,1,1,1,0,0,0,0,0,0,0,2021,0,0,0,0,0,0,0,,0.0,3.0,0.0,0.0,0.0,1,0,0,0,0,0
NER,93201,932,1,2,3.0,1,1,1,1,1,1,1,0,1,1,1,0,2021,1,0,0,0,0,1,0,,,,,,,0,0,0,0,0,0
NER,93202,932,2,2,4.0,1,1,1,1,1,0,1,0,1,1,1,0,2021,1,0,0,0,0,1,0,,,,,,,1,0,0,1,0,0
NER,93203,932,3,2,1.0,1,1,1,1,1,1,1,0,1,1,1,0,2021,1,0,0,1,0,1,0,,,,,,,0,0,0,0,0,0
NER,93204,932,4,2,3.0,1,1,1,1,1,1,1,0,1,1,1,0,2021,1,0,1,1,0,1,0,,,,,,,0,0,0,0,0,0
NER,93205,932,5,2,1.0,1,1,1,1,1,1,1,0,0,0,0,0,2021,0,0,0,0,0,0,0,,0.0,1.0,0.0,0.0,1.0,0,0,0,0,0,0
NER,93207,932,7,2,3.0,1,1,0,1,1,0,1,0,0,0,0,0,2021,0,0,0,0,0,0,0,,,,,,,0,0,0,1,0,0
NER,93208,932,8,2,1.0,1,1,0,1,1,1,1,0,0,0,0,0,2021,1,0,0,0,0,0,0,,,,,,,1,0,1,0,0,0
NER,93209,932,9,2,3.0,1,0,0,1,1,0,1,0,0,0,0,0,2021,0,0,0,0,0,0,0,,,,,,,0,0,0,0,0,0
NER,93210,932,10,2,1.0,1,1,1,1,1,1,1,0,0,0,0,0,2021,1,0,0,0,0,0,0,,,,,,,0,0,0,0,0,0
NER,93211,932,11,2,3.0,1,1,1,1,1,1,1,0,0,1,1,0,2021,1,0,1,1,0,0,0,,,,,,,0,0,0,0,0,0
NER,93212,932,12,2,3.0,1,1,0,1,1,0,0,0,0,0,0,0,2021,0,0,0,0,0,0,0,,,,,,,0,0,0,0,0,0
NER,93213,932,13,2,1.0,1,1,0,1,1,0,1,0,0,0,0,0,2021,0,0,0,0,0,0,0,,0.0,0.0,0.0,0.0,2.0,1,0,1,0,0,0
NER,93301,933,1,1,3.0,1,1,1,1,1,1,1,0,1,1,0,0,2021,0,0,0,0,0,0,0,,,,,,,0,0,0,1,0,0
NER,93302,933,2,1,1.0,1,1,1,1,1,0,0,0,1,0,0,0,2021,0,0,0,0,0,0,0,,,,,,,0,0,0,0,0,0
NER,93303,933,3,1,3.0,1,1,1,1,1,1,1,0,1,1,0,0,2021,1,1,0,0,0,1,0,,,,,,,0,0,0,0,0,0
NER,93305,933,5,1,3.0,1,1,1,1,1,1,1,0,1,1,0,0,2021,0,0,0,0,0,0,0,,,,,,,1,0,0,0,0,0
NER,93306,933,6,1,4.0,1,1,1,1,1,0,1,0,1,0,0,0,2021,0,0,0,0,0,0,0,,,,,,,0,0,0,0,0,0
NER,93307,933,7,1,3.0,1,1,1,1,1,0,0,0,1,0,0,0,2021,0,0,0,0,0,0,0,,,,,,,1,0,0,1,0,0
NER,93308,933,8,1,3.0,1,1,1,1,1,1,1,0,1,0,0,0,2021,1,0,0,0,1,0,0,,,,,,,1,0,0,0,0,0
NER,93309,933,9,1,1.0,1,1,1,1,1,1,1,0,1,1,0,0,2021,1,0,0,0,0,1,0,,,,,,,0,0,0,0,0,0
NER,93310,933,10,1,3.0,1,1,1,1,1,1,1,0,1,1,0,0,2021,1,0,0,0,0,0,0,,,,,,,1,0,0,0,0,0
NER,93311,933,11,1,1.0,1,1,1,1,1,1,1,0,0,0,0,0,2021,1,0,0,0,0,0,0,,,,,,,0,0,0,0,0,0
NER,93312,933,12,1,4.0,0,0,0,1,1,0,0,0,0,0,0,0,2021,0,0,0,0,0,0,0,,,,,,,0,0,0,0,0,0
NER,93313,933,13,1,3.0,1,1,1,1,1,1,1,0,1,0,0,0,2021,1,0,0,0,0,1,0,,,,,,,0,0,0,1,0,0
NER,93401,934,1,2,1.0,1,1,1,1,1,1,1,0,1,1,1,0,2021,1,0,1,0,0,1,0,,,,,,,0,0,0,0,0,0
NER,93402,934,2,2,4.0,1,0,1,1,1,0,1,0,1,1,0,0,2021,0,0,0,0,0,0,0,1.691899985074997,,,,,,0,0,0,0,0,0
NER,93403,934,3,2,1.0,1,1,1,1,1,1,1,0,1,1,1,0,2021,1,0,0,0,0,1,0,,0.0,1.0,0.0,0.0,0.0,0,1,0,0,0,0
NER,93404,934,4,2,4.0,1,0,1,1,1,0,0,0,1,0,0,0,2021,0,0,0,0,0,0,0,,,,,,,0,0,0,0,0,0
NER,93405,934,5,2,4.0,0,1,1,1,1,0,0,0,0,0,0,0,2021,0,0,0,0,0,0,0,,,,,,,0,0,0,1,0,0
NER,93406,934,6,2,2.0,1,1,1,1,1,0,0,0,0,0,1,0,2021,1,1,0,0,0,1,0,,,,,,,0,0,0,1,0,0
NER,93407,934,7,2,3.0,0,0,0,1,1,0,0,0,0,0,0,0,2021,0,0,0,0,0,0,0,,,,,,,1,0,0,0,0,0
NER,93408,934,8,2,2.0,1,1,1,1,1,0,1,0,0,0,0,0,2021,0,0,0,0,0,0,0,,0.0,1.0,0.0,0.0,5.0,0,0,0,0,0,0
NER,93409,934,9,2,1.0,1,0,1,1,1,1,1,0,0,0,0,0,2021,0,0,0,0,0,0,0,,,,,,,0,0,0,0,0,0
NER,93410,934,10,2,1.0,1,0,0,1,1,0,0,0,0,0,1,0,2021,0,0,0,0,0,0,0,,0.0,0.0,0.0,0.0,5.0,1,0,0,0,0,0
NER,93411,934,11,2,4.0,1,0,0,1,1,1,1,0,0,0,0,0,2021,0,0,0,0,0,0,0,,,,,,,0,0,0,0,0,0
NER,93412,934,12,2,4.0,1,0,0,1,1,1,1,0,0,0,0,0,2021,1,0,0,0,0,0,0,,,,,,,0,0,0,0,0,0
NER,93501,935,1,1,3.0,1,1,1,1,1,1,1,0,1,0,0,0,2021,1,0,1,0,0,1,0,,,,,,,0,0,1,0,0,0
NER,93502,935,2,1,1.0,1,1,1,1,1,1,1,0,1,0,0,0,2021,1,0,0,0,0,0,0,,,,,,,1,0,0,0,0,0
NER,93503,935,3,1,3.0,1,1,1,1,1,1,1,0,0,1,1,0,2021,1,0,0,0,0,1,0,,,,,,,0,0,0,0,0,0
NER,93504,935,4,1,3.0,1,1,1,1,1,0,0,0,1,0,0,0,2021,0,0,0,0,0,0,0,,,,,,,0,0,0,0,0,0
NER,93505,935,5,1,1.0,1,1,1,1,1,1,1,0,1,0,1,0,2021,1,0,1,0,0,1,0,,,,,,,0,0,0,0,0,0
NER,93506,935,6,1,4.0,1,0,0,1,1,0,0,0,0,0,0,0,2021,0,0,0,0,0,0,0,,,,,,,0,1,0,0,0,0
NER,93507,935,7,1,1.0,1,1,1,1,1,1,1,0,1,0,0,0,2021,0,0,0,0,0,0,0,,,,,,,1,0,0,0,0,1
NER,93508,935,8,1,4.0,1,1,1,1,1,0,1,0,0,0,0,0,2021,0,0,0,0,0,0,0,0.8212653398513794,0.0,0.0,0.0,0.0,9.0,0,0,0,0,1,0
NER,93509,935,9,1,4.0,1,1,1,1,1,1,1,0,0,0,0,0,2021,0,0,0,0,0,0,0,,,,,,,0,0,0,0,0,0
NER,93510,935,10,1,4.0,1,1,1,1,1,1,1,0,1,0,0,0,2021,1,0,0,0,0,1,0,,,,,,,0,0,0,0,0,1
NER,93511,935,11,1,3.0,1,1,1,1,1,0,0,1,1,0,0,0,2021,0,0,0,0,0,0,0,,,,,,,1,0,0,0,0,0
NER,93512,935,12,1,3.0,1,1,1,1,1,0,0,0,0,0,0,0,2021,0,0,0,0,0,0,0,,,,,,,0,0,0,0,0,0
NER,93601,936,1,2,4.0,1,0,0,1,1,1,1,0,0,1,0,0,2021,0,0,0,0,0,0,0,,0.0,3.0,0.0,0.0,0.0,0,1,1,0,0,0
NER,93602,936,2,2,2.0,1,0,0,1,1,0,0,0,0,1,1,0,2021,0,0,0,0,0,0,0,,0.0,1.0,0.0,0.0,0.0,0,1,1,0,0,0
NER,93603,936,3,2,2.0,1,0,0,1,1,1,1,0,1,1,1,0,2021,0,0,0,0,0,0,0,1.6684119701385498,0.0,15.0,0.0,0.0,0.0,0,0,1,0,0,0
NER,93604,936,4,2,1.0,1,1,1,1,1,1,1,0,1,1,1,1,2021,1,0,1,0,0,0,1,,70.0,0.0,0.0,0.0,0.0,0,1,1,0,0,0
NER,93606,936,6,2,4.0,1,1,1,1,1,1,1,0,0,0,0,0,2021,0,0,0,0,0,0,0,,,,,,,0,0,1,1,0,0
NER,93607,936,7,2,3.0,1,0,0,0,0,0,0,0,0,0,0,0,2021,0,0,0,0,0,0,0,,,,,,,1,0,0,0,0,0
NER,93608,936,8,2,4.0,1,1,1,1,1,1,1,0,0,0,0,0,2021,1,0,0,1,0,0,0,,0.0,10.0,0.0,0.0,0.0,0,0,0,0,0,0
NER,93609,936,9,2,1.0,0,0,0,1,1,0,0,0,0,0,0,0,2021,0,0,0,0,0,0,0,,,,,,,0,1,1,0,0,0
NER,93610,936,10,2,4.0,1,0,0,1,1,1,1,0,0,0,0,0,2021,0,0,0,0,0,0,0,,,,,,,0,0,0,0,0,0
NER,93612,936,12,2,4.0,1,1,0,1,1,0,0,0,0,0,0,0,2021,0,0,0,0,0,0,0,,,,,,,0,1,0,0,0,0
NER,93614,936,14,2,4.0,1,0,0,1,1,0,1,0,0,0,0,0,2021,0,0,0,0,0,0,0,,0.0,5.0,0.0,0.0,0.0,0,0,0,0,0,1
NER,93616,936,16,2,4.0,1,0,1,1,1,0,0,0,0,0,0,0,2021,0,0,0,0,0,0,0,,,,,,,0,0,0,0,0,0
NER,93701,937,1,1,4.0,1,1,0,1,1,0,1,0,1,0,0,0,2021,0,0,0,0,0,0,0,,,,,,,1,0,0,0,0,0
NER,93702,937,2,1,1.0,1,1,1,1,1,1,1,0,0,0,0,0,2021,1,0,0,0,0,0,0,,,,,,,0,0,0,1,0,0
NER,93703,937,3,1,4.0,0,0,0,1,1,0,0,0,0,0,0,0,2021,0,0,0,0,0,0,0,,0.0,0.0,0.0,0.0,3.0,0,0,0,0,0,0
NER,93704,937,4,1,2.0,1,0,0,1,1,0,0,1,1,0,0,1,2021,0,0,0,0,0,0,0,,0.0,4.0,0.0,0.0,0.0,1,0,0,0,0,0
NER,93705,937,5,1,1.0,1,1,1,1,1,1,0,0,0,0,0,0,2021,1,0,0,0,0,0,0,,,,,,,0,0,0,0,0,0
NER,93706,937,6,1,4.0,1,1,1,1,1,1,1,0,0,1,0,0,2021,1,0,1,0,0,1,0,,,,,,,0,0,0,0,0,0
NER,93707,937,7,1,2.0,1,1,0,1,1,0,0,1,1,0,0,1,2021,0,0,0,0,0,0,0,,0.0,2.0,0.0,0.0,0.0,0,0,0,0,0,0
NER,93708,937,8,1,4.0,1,0,0,1,1,0,1,0,0,0,0,0,2021,0,0,0,0,0,0,0,,0.0,2.0,0.0,0.0,0.0,0,0,0,0,0,0
NER,93709,937,9,1,1.0,1,1,1,1,1,0,0,1,0,0,0,0,2021,1,0,0,0,0,0,0,0.7106999754905701,0.0,4.0,0.0,0.0,0.0,1,0,0,0,0,0
NER,93710,937,10,1,3.0,1,1,0,1,1,0,1,0,1,0,1,1,2021,0,0,0,0,0,0,0,,,,,,,0,0,0,0,0,0
NER,93711,937,11,1,1.0,1,1,1,1,1,0,0,0,0,0,0,0,2021,0,0,0,0,0,0,0,,,,,,,0,0,0,0,0,0
NER,93712,937,12,1,1.0,1,1,1,1,1,1,1,0,0,0,0,0,2021,1,0,1,0,0,0,0,,,,,,,1,0,0,0,0,0
NER,93801,938,1,2,1.0,1,1,1,1,1,1,1,0,1,1,0,0,2021,0,1,0,0,0,0,0,0.7545574903488159,0.0,2.0,0.0,0.0,0.0,0,0,1,0,0,0
NER,93803,938,3,2,1.0,1,1,1,1,1,1,1,0,1,1,0,0,2021,0,0,0,0,0,0,0,,,,,,,0,1,1,0,0,0
NER,93804,938,4,2,1.0,1,1,1,1,1,0,0,0,1,1,0,0,2021,0,0,0,0,0,0,0,,,,,,,0,1,1,0,0,0
NER,93805,938,5,2,1.0,1,0,0,0,0,1,1,0,0,0,1,0,2021,0,0,0,0,0,0,0,,0.0,3.0,0.0,0.0,0.0,1,0,0,0,0,0
NER,93806,938,6,2,3.0,1,1,1,1,1,1,1,0,0,0,1,0,2021,1,0,0,0,0,0,0,,,,,,,0,0,0,0,0,0
NER,93807,938,7,2,4.0,1,1,1,0,0,1,1,0,0,0,1,0,2021,0,0,0,0,0,0,0,,,,,,,0,0,1,0,0,0
NER,93808,938,8,2,4.0,1,0,1,1,1,0,1,0,0,0,1,0,2021,0,0,0,0,0,0,0,,,,,,,0,0,0,0,0,0
NER,93809,938,9,2,1.0,1,1,0,1,1,0,0,0,0,0,0,0,2021,0,0,0,0,0,0,0,,,,,,,0,1,0,0,0,0
NER,93810,938,10,2,4.0,1,1,1,1,1,1,1,0,0,0,0,0,2021,1,0,0,0,0,0,0,,,,,,,0,0,0,0,0,0
NER,93812,938,12,2,4.0,1,1,0,1,1,0,1,0,0,0,0,0,2021,1,0,0,0,0,0,0,,,,,,,1,1,0,0,0,0
NER,93814,938,14,2,1.0,1,1,1,1,1,1,1,0,1,1,1,0,2021,1,0,0,0,0,0,0,0.9559239149093628,,,,,,0,0,1,0,0,0
NER,93816,938,16,2,1.0,1,1,1,1,1,1,1,0,0,0,0,0,2021,1,0,0,0,0,0,0,,,,,,,1,0,1,0,0,0
NER,93901,939,1,1,2.0,1,1,1,1,1,1,1,0,0,0,0,1,2021,0,0,0,0,0,0,0,2.7643001079559326,,,,,,0,0,0,0,0,0
NER,93902,939,2,1,2.0,1,0,0,1,1,0,0,0,0,0,0,0,2021,0,0,0,0,0,0,0,2.355600118637085,,,,,,0,0,0,0,0,0
NER,93903,939,3,1,2.0,0,0,0,1,1,0,0,0,0,0,0,0,2021,0,0,0,0,0,0,0,2.597599983215332,0.0,0.0,0.0,0.0,5.0,0,1,0,0,0,0
NER,93904,939,4,1,2.0,0,0,0,1,1,0,0,0,0,0,0,1,2021,0,0,0,0,0,0,0,1.7075694799423218,0.0,3.0,0.0,0.0,0.0,0,0,0,1,0,0
NER,93906,939,6,1,4.0,1,1,0,1,1,1,1,0,0,0,0,0,2021,0,0,0,0,0,0,0,3.58050000667572,1.0,1.0,0.0,0.0,0.0,1,1,0,0,0,0
NER,93907,939,7,1,2.0,1,0,0,1,1,0,0,0,0,0,0,0,2021,0,0,0,0,0,0,0,,,,,,,0,0,0,0,0,0
NER,93908,939,8,1,4.0,1,1,1,1,1,1,1,0,0,0,0,1,2021,0,0,0,0,0,0,0,1.7462999820709229,,,,,,0,0,0,0,0,0
NER,93909,939,9,1,2.0,0,0,0,1,1,0,0,0,0,0,0,0,2021,0,0,0,0,0,0,0,1.273900032043457,,,,,,1,1,0,0,0,0
NER,93910,939,10,1,2.0,1,0,0,1,1,0,0,0,0,0,0,0,2021,0,0,0,0,0,0,0,3.827500104904175,1.0,0.0,0.0,0.0,0.0,0,0,0,0,0,0
NER,93911,939,11,1,2.0,1,0,0,1,1,0,0,0,0,0,0,1,2021,0,0,0,0,0,0,0,9.378900051116943,1.0,3.0,0.0,0.0,0.0,1,1,0,0,0,0
NER,93912,939,12,1,4.0,0,0,0,1,1,0,1,0,0,0,0,0,2021,1,0,0,0,0,0,0,,0.0,0.0,0.0,0.0,0.0,0,0,0,0,0,0
NER,94001,940,1,2,1.0,1,1,1,1,1,1,1,0,0,1,1,0,2021,1,1,1,0,1,1,0,,0.0,2.0,0.0,0.0,5.0,1,0,0,0,0,0
NER,94002,940,2,2,3.0,1,1,1,1,1,1,1,0,1,1,1,0,2021,1,0,0,0,0,1,0,,,,,,,1,0,0,0,0,0
NER,94003,940,3,2,4.0,1,0,0,1,1,1,1,0,0,1,1,0,2021,0,0,1,0,0,0,0,1.711327314376831,0.0,1.0,0.0,0.0,15.0,0,1,0,0,0,0
NER,94004,940,4,2,3.0,1,1,1,1,1,1,1,0,1,1,1,1,2021,1,1,1,0,0,1,1,,,,,,,0,0,1,0,0,0
NER,94005,940,5,2,2.0,0,0,0,1,1,0,0,1,0,0,0,0,2021,1,0,0,0,0,1,0,,,,,,,0,0,1,0,0,0
NER,94006,940,6,2,2.0,1,1,1,1,1,1,1,0,0,1,1,0,2021,1,0,1,1,0,0,0,,,,,,,0,0,0,0,0,0
NER,94007,940,7,2,4.0,1,0,1,1,1,1,1,0,0,0,0,0,2021,1,1,1,0,0,1,0,,2.0,4.0,0.0,0.0,0.0,0,0,1,0,0,0
NER,94008,940,8,2,4.0,1,1,1,1,1,1,1,0,0,0,0,0,2021,1,0,0,0,0,0,0,,,,,,,1,0,1,0,0,0
NER,94009,940,9,2,4.0,1,1,1,1,1,1,1,0,0,1,1,0,2021,1,0,1,0,1,0,0,,,,,,,0,0,0,0,0,0
NER,94010,940,10,2,4.0,1,0,0,1,1,0,1,0,0,0,0,0,2021,0,0,0,0,0,0,0,,,,,,,0,0,0,0,0,0
NER,94011,940,11,2,4.0,0,0,0,1,1,0,0,0,0,0,0,0,2021,0,0,0,0,0,0,0,,,,,,,0,0,0,0,0,0
NER,94012,940,12,2,1.0,1,1,1,1,1,1,1,0,0,0,0,0,2021,1,0,0,0,0,0,0,,0.0,2.0,0.0,0.0,0.0,0,0,0,0,0,0
NER,94101,941,1,1,2.0,1,0,0,1,1,0,0,0,0,0,0,0,2021,0,0,0,0,0,0,0,1.023300051689148,3.0,3.0,0.0,0.0,2.0,1,0,0,0,0,0
NER,94102,941,2,1,2.0,1,1,1,1,1,1,1,0,0,1,0,0,2021,1,0,0,0,0,1,0,1.29830002784729,1.0,7.0,0.0,0.0,6.0,0,1,0,0,0,0
NER,94103,941,3,1,2.0,1,0,0,1,1,0,0,0,0,0,0,0,2021,0,0,0,0,0,0,0,1.857300043106079,1.0,2.0,0.0,0.0,0.0,0,0,0,0,0,0
NER,94104,941,4,1,2.0,1,0,0,1,1,0,0,0,0,0,0,0,2021,0,0,0,0,0,0,0,2.5472999811172485,2.0,2.0,0.0,0.0,0.0,0,1,0,0,0,0
NER,94105,941,5,1,1.0,1,1,1,1,1,0,0,0,0,0,0,0,2021,0,0,0,0,0,0,0,5.142300128936768,3.0,20.0,0.0,0.0,20.0,0,1,0,0,0,0
NER,94106,941,6,1,4.0,1,1,0,1,1,0,0,0,0,0,0,0,2021,0,0,0,0,0,0,0,0.8634999990463257,0.0,3.0,0.0,0.0,0.0,0,0,0,0,0,0
NER,94107,941,7,1,1.0,1,0,0,1,1,0,0,0,0,0,0,0,2021,0,0,0,0,0,0,0,1.3341000080108643,0.0,5.0,0.0,0.0,9.0,1,0,0,0,0,0
NER,94108,941,8,1,2.0,1,1,0,1,1,0,1,0,0,0,0,0,2021,0,0,0,0,0,0,0,0.765999972820282,0.0,2.0,0.0,0.0,0.0,0,1,0,0,0,0
NER,94109,941,9,1,1.0,1,1,1,1,1,1,1,0,0,1,0,0,2021,1,0,0,0,0,0,0,,,,,,,1,0,0,0,0,0
NER,94110,941,10,1,2.0,1,1,1,1,1,0,0,1,0,0,0,0,2021,0,0,0,0,0,0,0,0.942300021648407,0.0,6.0,0.0,0.0,0.0,0,0,0,0,0,0
NER,94111,941,11,1,3.0,1,1,1,1,1,0,1,0,0,1,0,0,2021,1,0,0,0,0,1,0,,0.0,3.0,0.0,0.0,0.0,1,0,0,0,0,0
NER,94112,941,12,1,3.0,1,1,1,1,1,1,1,0,1,1,1,0,2021,1,0,0,0,0,0,0,,,,,,,0,0,0,0,0,0
NER,94201,942,1,2,1.0,1,0,1,1,1,1,1,0,1,0,0,0,2021,1,0,0,0,0,1,0,,,,,,,0,0,0,0,0,0
NER,94204,942,4,2,1.0,1,0,0,1,1,1,1,0,1,0,0,0,2021,0,0,0,0,0,0,0,,,,,,,0,0,0,0,0,0
NER,94205,942,5,2,4.0,1,0,1,1,1,1,1,0,1,0,0,0,2021,1,0,0,0,0,0,0,,,,,,,0,1,0,0,0,0
NER,94207,942,7,2,4.0,1,0,1,1,1,1,1,0,1,0,0,0,2021,1,0,0,0,0,0,0,,,,,,,0,1,0,0,0,0
NER,94208,942,8,2,1.0,1,1,1,1,1,0,1,0,1,0,0,0,2021,1,1,0,0,1,1,0,,,,,,,1,0,0,0,0,0
NER,94209,942,9,2,1.0,1,0,1,1,1,1,1,0,1,1,1,0,2021,0,0,0,0,0,0,0,,0.0,2.0,0.0,0.0,0.0,0,1,0,0,0,0
NER,94210,942,10,2,1.0,1,0,0,1,1,1,1,0,1,1,1,0,2021,1,0,0,0,0,0,0,,,,,,,1,0,0,0,0,0
NER,94211,942,11,2,3.0,1,0,0,1,1,1,1,0,1,1,1,0,2021,0,0,0,0,0,0,0,,,,,,,0,0,0,0,0,0
NER,94212,942,12,2,1.0,1,0,0,1,1,0,1,0,1,1,1,0,2021,0,0,0,0,0,0,0,,,,,,,0,0,1,0,0,0
NER,94213,942,13,2,1.0,1,0,0,1,1,1,1,0,1,0,0,0,2021,0,0,0,0,0,0,0,,,,,,,0,0,0,0,0,0
NER,94214,942,14,2,1.0,1,0,0,1,1,1,1,0,1,0,0,0,2021,1,0,0,0,0,0,0,,,,,,,0,0,0,0,0,0
NER,94216,942,16,2,4.0,1,0,0,1,1,1,1,0,0,0,0,0,2021,0,0,0,0,0,0,0,,,,,,,1,0,0,0,0,0
NER,94301,943,1,1,1.0,1,1,1,1,1,0,1,0,0,1,1,0,2021,0,0,0,0,0,0,0,,,,,,,1,0,1,1,0,0
NER,94303,943,3,1,1.0,1,0,1,1,1,1,1,0,0,1,1,0,2021,1,0,0,0,0,0,0,,0.0,0.0,0.0,0.0,20.0,1,0,0,0,0,0
NER,94304,943,4,1,4.0,1,0,0,1,0,1,1,0,0,1,1,0,2021,0,0,0,0,0,0,0,3.7957999110221863,,,,,,1,1,1,1,0,0
NER,94305,943,5,1,1.0,1,0,1,1,0,0,0,0,0,1,1,0,2021,0,0,0,0,0,0,0,4.152381539344788,,,,,,1,0,0,0,1,0
NER,94306,943,6,1,1.0,1,0,0,1,1,0,1,0,0,1,1,0,2021,0,0,0,0,0,0,0,,,,,,,1,0,0,0,0,0
NER,94307,943,7,1,1.0,1,0,0,1,1,0,0,0,0,1,1,0,2021,0,0,0,0,0,0,0,,,,,,,1,0,0,0,0,0
NER,94310,943,10,1,3.0,1,0,0,1,1,0,0,0,0,1,1,0,2021,0,0,0,0,0,0,0,,,,,,,0,0,0,1,0,0
NER,94312,943,12,1,1.0,1,0,0,1,1,0,0,0,0,1,1,0,2021,0,0,0,0,0,0,0,,,,,,,1,0,0,0,0,0
NER,94313,943,13,1,3.0,1,1,1,1,1,0,1,0,0,1,1,0,2021,0,0,0,0,0,0,0,,0.0,0.0,0.0,0.0,20.0,0,0,0,0,0,0
NER,94314,943,14,1,3.0,1,1,1,1,1,0,0,0,1,1,1,0,2021,0,0,0,0,0,0,0,1.5395261645317078,,,,,,0,0,0,1,0,0
NER,94315,943,15,1,4.0,1,1,1,1,1,0,0,0,1,1,1,0,2021,0,0,0,0,0,0,0,1.379699967801571,0.0,2.0,0.0,0.0,0.0,0,1,0,1,0,0
NER,94401,944,1,2,4.0,0,0,0,1,1,0,0,0,0,0,0,0,2021,0,0,0,0,0,0,0,,,,,,,1,0,0,0,1,0
NER,94402,944,2,2,1.0,1,1,1,1,1,1,1,0,0,0,0,0,2021,1,1,1,0,0,1,1,,,,,,,0,0,0,0,0,0
NER,94403,944,3,2,1.0,1,1,1,1,1,1,1,0,0,0,0,0,2021,1,0,0,0,0,0,0,,,,,,,0,0,0,1,0,0
NER,94404,944,4,2,1.0,1,1,1,1,1,1,1,0,0,0,0,0,2021,1,0,1,0,0,1,0,,,,,,,0,0,0,1,0,0
NER,94405,944,5,2,4.0,0,0,0,1,1,0,0,0,0,0,0,0,2021,0,0,0,0,0,0,0,,,,,,,1,0,0,1,0,0
NER,94406,944,6,2,4.0,1,1,1,1,1,1,1,0,1,1,0,0,2021,1,0,0,0,1,0,0,,,,,,,1,0,0,0,0,0
NER,94408,944,8,2,4.0,0,0,0,1,1,0,0,0,0,0,0,0,2021,0,0,0,0,0,0,0,,,,,,,1,0,0,0,0,0
NER,94410,944,10,2,2.0,0,0,0,1,1,0,0,0,0,0,0,0,2021,0,0,0,0,0,0,0,,,,,,,0,0,0,0,0,0
NER,94411,944,11,2,4.0,0,0,0,1,1,0,0,0,0,0,0,0,2021,0,0,0,0,0,0,0,,,,,,,0,0,0,0,0,0
NER,94412,944,12,2,1.0,1,0,0,1,1,0,1,0,0,1,1,0,2021,1,0,1,0,0,0,0,,,,,,,1,0,0,0,0,0
NER,94415,944,15,2,4.0,1,1,1,1,1,0,0,0,1,0,0,0,2021,0,0,0,0,0,0,0,,1.0,1.0,0.0,0.0,0.0,0,1,0,0,0,0
NER,94416,944,16,2,1.0,1,0,0,1,1,1,1,0,0,1,1,0,2021,0,0,0,0,0,0,0,,0.0,3.0,0.0,0.0,0.0,1,0,0,0,0,0
NER,94501,945,1,1,3.0,1,0,0,1,1,1,1,0,0,1,1,0,2021,0,0,0,0,0,0,0,3.331399917602539,,,,,,0,0,0,1,0,0
NER,94503,945,3,1,1.0,1,0,0,1,1,0,0,0,1,1,1,0,2021,0,0,0,0,0,0,0,,,,,,,0,0,0,0,0,0
NER,94504,945,4,1,2.0,1,0,0,1,1,0,1,0,1,1,1,0,2021,0,0,0,0,0,0,0,,0.0,1.0,0.0,0.0,0.0,0,0,0,1,0,0
NER,94506,945,6,1,2.0,1,0,0,1,1,0,1,0,1,1,1,0,2021,1,0,0,0,0,0,0,,,,,,,0,0,1,0,0,0
NER,94508,945,8,1,1.0,1,0,0,1,1,0,0,0,1,1,1,1,2021,0,0,0,0,0,0,0,,,,,,,0,1,0,0,0,0
NER,94509,945,9,1,1.0,1,0,0,1,1,0,1,0,1,1,1,0,2021,0,0,0,0,0,0,0,,,,,,,1,0,0,0,0,0
NER,94511,945,11,1,1.0,1,0,0,1,1,0,0,0,1,1,1,0,2021,0,0,0,0,0,0,0,,,,,,,0,0,1,0,0,0
NER,94512,945,12,1,1.0,1,0,1,1,1,0,1,0,1,1,1,0,2021,1,0,0,0,0,0,0,,0.0,3.0,0.0,0.0,0.0,1,0,0,0,0,0
NER,94513,945,13,1,1.0,1,0,0,1,1,0,1,0,1,1,1,0,2021,0,0,0,0,0,0,0,1.7851611375808716,0.0,6.0,0.0,0.0,0.0,0,0,0,0,0,0
NER,94514,945,14,1,2.0,1,0,0,1,1,0,0,1,1,1,1,0,2021,0,0,0,0,0,0,0,,,,,,,0,0,0,1,0,0
NER,94515,945,15,1,1.0,1,1,1,1,1,1,1,0,1,0,0,0,2021,1,0,0,0,0,0,0,,,,,,,1,0,0,0,0,0
NER,94516,945,16,1,1.0,1,0,0,1,1,0,0,0,1,0,0,1,2021,0,0,0,0,0,0,0,4.823600113391876,,,,,,0,1,0,0,1,0
NER,94601,946,1,2,4.0,0,0,0,0,0,0,0,0,0,0,0,0,2021,0,0,0,0,0,0,0,,2.0,11.0,0.0,0.0,0.0,0,0,0,0,1,0
NER,94602,946,2,2,1.0,0,0,0,0,1,0,0,1,0,0,0,0,2021,0,0,0,0,0,0,0,,,,,,,1,1,0,0,0,0
NER,94603,946,3,2,1.0,0,0,0,0,1,0,0,0,0,0,0,0,2021,0,0,0,0,0,0,0,,,,,,,0,1,0,0,0,0
NER,94604,946,4,2,1.0,0,0,1,1,1,0,0,0,0,0,0,0,2021,0,0,0,0,0,0,0,,3.0,10.0,0.0,0.0,0.0,0,0,1,0,1,0
NER,94605,946,5,2,1.0,0,0,0,0,0,0,1,0,0,0,0,0,2021,0,0,0,0,0,0,0,,,,,,,1,0,0,0,0,0
NER,94606,946,6,2,1.0,0,0,0,1,1,0,1,0,0,0,0,0,2021,1,0,0,0,0,0,0,,0.0,5.0,0.0,0.0,0.0,0,0,0,0,1,0
NER,94607,946,7,2,4.0,0,0,0,0,0,0,0,0,0,0,0,0,2021,0,0,0,0,0,0,0,,,,,,,0,0,0,0,0,0
NER,94608,946,8,2,4.0,0,0,1,1,1,0,0,1,0,0,0,0,2021,1,0,0,0,0,0,0,,,,,,,1,0,0,0,0,0
NER,94609,946,9,2,1.0,0,0,1,1,1,0,0,0,0,0,0,0,2021,0,0,0,0,0,0,0,,0.0,6.0,0.0,0.0,0.0,0,0,0,0,1,0
NER,94610,946,10,2,4.0,0,0,0,1,1,0,0,0,0,0,0,0,2021,0,0,0,0,0,0,0,,2.0,0.0,0.0,0.0,0.0,0,0,0,0,1,0
NER,94611,946,11,2,4.0,0,0,0,1,1,0,0,0,0,0,0,0,2021,0,0,0,0,0,0,0,,1.0,3.0,0.0,0.0,0.0,1,1,0,0,0,0
NER,94612,946,12,2,1.0,0,0,1,1,1,0,0,1,0,0,0,0,2021,1,0,0,0,0,0,0,,,,,,,0,1,0,0,0,0
NER,94701,947,1,1,4.0,0,0,1,1,1,0,0,0,1,0,0,0,2021,0,0,0,0,0,0,0,,,,,,,0,0,1,0,0,0
NER,94702,947,2,1,4.0,0,0,0,1,1,0,0,0,0,0,0,0,2021,0,0,0,0,0,0,0,,,,,,,0,0,0,0,0,0
NER,94703,947,3,1,4.0,1,1,1,1,1,1,1,0,1,1,1,0,2021,1,0,1,1,1,1,1,,,,,,,0,0,0,0,0,0
NER,94704,947,4,1,4.0,0,0,0,1,1,0,0,0,0,0,0,0,2021,0,0,0,0,0,0,0,,,,,,,1,0,1,0,0,0
NER,94705,947,5,1,3.0,1,1,1,1,1,1,1,0,0,0,0,1,2021,1,1,1,0,0,0,0,,,,,,,0,0,0,0,0,0
NER,94706,947,6,1,4.0,1,1,1,1,1,0,0,1,0,1,0,0,2021,1,0,1,0,0,1,0,7.53000020980835,5.0,9.0,0.0,0.0,8.0,0,1,0,0,1,0
NER,94707,947,7,1,3.0,1,1,1,1,1,1,1,0,1,1,1,0,2021,1,0,0,0,0,0,0,,,,,,,0,0,0,0,0,0
NER,94708,947,8,1,3.0,1,1,1,1,1,1,1,0,0,0,0,0,2021,1,0,1,0,0,1,1,,,,,,,0,0,0,0,0,0
NER,94709,947,9,1,3.0,1,1,1,1,1,1,1,0,0,1,0,0,2021,0,0,0,0,0,0,0,,0.0,7.0,0.0,0.0,0.0,1,1,0,0,0,0
NER,94710,947,10,1,4.0,0,0,0,0,1,0,0,0,0,0,0,0,2021,0,0,0,0,0,0,0,,,,,,,1,0,0,0,0,0
NER,94711,947,11,1,3.0,1,1,1,1,1,1,1,0,0,1,1,0,2021,1,1,1,0,1,1,0,,,,,,,0,0,0,0,0,0
NER,94712,947,12,1,3.0,1,0,1,1,1,0,0,0,0,0,1,0,2021,0,0,0,0,0,0,0,,,,,,,0,0,0,0,0,0
NER,94801,948,1,2,1.0,1,1,1,1,1,1,1,0,0,1,1,0,2021,1,0,1,1,0,1,0,,0.0,4.0,0.0,0.0,0.0,0,0,0,0,0,0
NER,94802,948,2,2,1.0,1,0,0,1,1,0,0,0,0,0,0,0,2021,0,0,0,0,0,0,0,2.6700446605682373,,,,,,0,0,0,0,0,0
NER,94803,948,3,2,1.0,1,0,0,1,1,0,0,0,0,0,0,0,2021,0,0,0,0,0,0,0,,,,,,,0,0,0,0,0,0
NER,94804,948,4,2,1.0,1,0,1,1,1,1,1,0,0,0,0,0,2021,0,0,0,0,0,0,0,,,,,,,0,0,0,0,0,0
NER,94805,948,5,2,4.0,1,0,0,1,1,0,1,0,0,0,0,0,2021,0,0,0,0,0,0,0,,,,,,,1,0,0,0,0,0
NER,94806,948,6,2,1.0,0,0,0,1,1,0,0,0,0,0,0,0,2021,0,0,0,0,0,0,0,3.06402325630188,,,,,,0,1,0,0,0,0
NER,94807,948,7,2,4.0,1,0,0,0,0,1,1,0,0,0,0,0,2021,1,0,0,0,0,0,0,,,,,,,0,0,0,0,0,0
NER,94808,948,8,2,4.0,0,0,0,0,0,0,0,0,0,0,0,0,2021,0,0,0,0,0,0,0,,,,,,,0,1,0,0,0,0
NER,94809,948,9,2,1.0,0,0,0,1,1,0,0,0,0,0,0,0,2021,0,0,0,0,0,0,0,2.765000104904175,3.0,2.0,0.0,0.0,5.0,0,1,1,0,0,0
NER,94810,948,10,2,4.0,0,0,0,1,1,0,1,0,0,0,0,0,2021,0,0,0,0,0,0,0,3.289886236190796,0.0,2.0,0.0,0.0,0.0,0,1,1,0,0,0
NER,94811,948,11,2,1.0,0,0,0,1,1,1,1,0,0,0,0,0,2021,0,0,0,0,0,0,0,,2.0,3.0,0.0,0.0,0.0,0,0,0,1,0,0
NER,94812,948,12,2,1.0,0,0,0,1,1,0,0,0,0,0,0,0,2021,0,0,0,0,0,0,0,3.684999942779541,0.0,6.0,0.0,0.0,0.0,1,1,0,0,0,0
NER,94901,949,1,1,4.0,1,0,1,1,1,0,0,0,0,0,0,0,2021,0,0,0,0,0,0,0,,0.0,1.0,0.0,0.0,0.0,0,0,0,0,0,0
NER,94902,949,2,1,3.0,1,1,1,1,1,1,1,0,0,0,0,0,2021,0,0,0,0,0,0,0,0.09950000047683716,,,,,,1,0,0,0,0,0
NER,94904,949,4,1,4.0,1,0,0,1,1,0,0,0,0,0,0,0,2021,0,0,0,0,0,0,0,,,,,,,0,0,0,0,0,0
NER,94905,949,5,1,3.0,1,1,1,1,1,1,1,0,0,0,0,0,2021,1,1,1,0,1,1,1,3.1129000186920166,,,,,,1,0,0,0,0,0
NER,94906,949,6,1,3.0,1,1,1,1,1,1,1,0,0,0,0,0,2021,0,0,0,0,0,0,0,,0.0,4.0,0.0,0.0,0.0,0,0,0,0,0,0
NER,94907,949,7,1,4.0,1,1,1,1,1,1,1,0,0,0,0,0,2021,0,0,0,0,0,0,0,0.7849000096321106,,,,,,0,0,0,0,0,0
NER,94908,949,8,1,4.0,1,0,0,1,1,0,0,0,0,0,0,0,2021,0,0,0,0,0,0,0,0.09520000219345093,0.0,3.0,0.0,0.0,0.0,0,1,0,0,0,0
NER,94909,949,9,1,3.0,1,1,1,1,1,1,1,0,0,0,0,0,2021,0,0,0,0,0,1,0,,0.0,3.0,0.0,0.0,0.0,1,0,0,1,0,0
NER,94910,949,10,1,3.0,1,1,1,1,1,1,1,0,0,0,0,0,2021,1,1,0,0,0,0,0,,,,,,,0,0,0,0,0,0
NER,94912,949,12,1,1.0,1,0,1,1,1,1,1,0,0,0,0,0,2021,0,0,0,0,0,0,0,,,,,,,0,0,0,1,0,0
NER,94913,949,13,1,1.0,1,0,1,1,1,0,1,0,0,0,0,0,2021,1,0,0,0,0,0,0,2.119499921798706,2.0,1.0,0.0,0.0,0.0,1,0,0,0,0,0
NER,94914,949,14,1,3.0,1,1,1,1,1,1,1,0,0,0,0,0,2021,1,0,1,0,0,0,0,,,,,,,1,0,0,0,0,0
NER,95001,950,1,2,4.0,0,0,0,1,1,0,0,0,0,0,0,0,2021,1,0,0,0,0,1,0,,0.0,2.0,0.0,0.0,0.0,0,0,1,0,0,0
NER,95002,950,2,2,4.0,0,0,1,1,1,1,1,0,0,0,0,0,2021,0,0,0,0,0,0,0,,0.0,6.0,0.0,0.0,0.0,0,0,1,0,0,0
NER,95003,950,3,2,1.0,0,1,1,0,0,0,0,0,0,0,0,0,2021,0,0,0,0,0,0,0,0.9871000051498413,0.0,5.0,0.0,0.0,0.0,0,1,1,0,0,0
NER,95004,950,4,2,4.0,0,0,0,1,1,0,0,0,0,0,0,0,2021,0,0,0,0,0,0,0,1.4876999855041504,1.0,0.0,0.0,0.0,27.0,0,1,1,0,0,0
NER,95005,950,5,2,4.0,1,0,0,1,1,1,1,0,0,0,0,0,2021,0,0,0,0,0,0,0,,,,,,,0,0,0,0,0,0
NER,95006,950,6,2,3.0,1,1,1,1,1,1,1,0,0,0,1,0,2021,1,0,0,1,1,1,0,,,,,,,1,0,0,0,0,0
NER,95007,950,7,2,3.0,1,1,1,1,1,1,1,0,0,1,1,1,2021,1,1,0,1,0,1,0,,,,,,,0,0,0,0,0,0
NER,95008,950,8,2,1.0,1,1,1,1,1,1,1,0,0,1,1,0,2021,1,0,1,0,0,1,0,,1.0,5.0,0.0,0.0,6.0,1,0,0,0,0,0
NER,95009,950,9,2,3.0,1,0,0,1,1,0,0,1,0,0,0,0,2021,0,0,0,0,0,0,0,,,,,,,0,0,0,0,0,0
NER,95010,950,10,2,1.0,1,1,1,1,1,0,0,1,0,1,0,0,2021,0,0,0,0,0,0,0,,1.0,5.0,0.0,0.0,19.0,1,0,0,0,0,0
NER,95011,950,11,2,1.0,1,0,0,1,1,0,0,0,0,0,0,0,2021,0,0,0,0,0,0,0,,,,,,,0,0,0,0,0,0
NER,95016,950,16,2,1.0,1,1,1,1,1,0,0,1,0,1,0,0,2021,0,0,0,0,0,0,0,,,,,,,0,0,0,0,0,0
NER,95101,951,1,1,1.0,0,0,1,1,1,0,0,0,0,0,0,0,2021,0,0,0,0,0,0,0,,,,,,,0,0,0,0,0,0
NER,95102,951,2,1,1.0,0,0,0,1,1,1,1,0,0,1,0,0,2021,1,1,0,0,0,0,1,,,,,,,0,0,0,0,0,0
NER,95103,951,3,1,4.0,0,0,0,1,1,0,0,0,0,1,0,0,2021,0,0,0,0,0,0,0,,,,,,,0,0,0,0,1,0
NER,95104,951,4,1,3.0,1,1,1,1,1,1,1,0,0,0,0,0,2021,1,0,1,0,0,0,0,,,,,,,0,0,1,0,0,0
NER,95105,951,5,1,3.0,1,1,1,1,1,1,1,0,0,1,0,0,2021,1,1,1,0,0,0,1,,0.0,11.0,0.0,0.0,0.0,0,0,0,0,0,0
NER,95106,951,6,1,2.0,0,0,1,1,1,0,0,1,0,1,0,0,2021,0,0,0,0,0,0,0,0.949999988079071,2.0,5.0,0.0,0.0,0.0,0,1,0,0,0,0
NER,95107,951,7,1,1.0,0,0,1,1,1,1,1,0,1,0,0,0,2021,1,0,1,0,0,1,1,,,,,,,1,0,0,0,0,0
NER,95108,951,8,1,1.0,1,1,1,1,1,1,1,0,0,1,1,0,2021,1,1,1,0,0,1,1,,,,,,,0,0,0,0,0,0
NER,95109,951,9,1,4.0,0,0,0,1,1,0,0,0,0,0,0,0,2021,0,0,0,0,0,0,0,,0.0,3.0,0.0,0.0,0.0,1,0,0,0,0,0
NER,95110,951,10,1,3.0,1,1,1,1,1,1,1,0,1,0,0,0,2021,1,0,0,0,0,0,0,,,,,,,1,0,0,0,0,0
NER,95111,951,11,1,1.0,0,0,1,1,1,1,1,0,0,1,0,0,2021,1,0,0,0,0,1,0,,0.0,4.0,0.0,0.0,0.0,0,0,0,0,0,0
NER,95112,951,12,1,3.0,1,1,1,1,1,1,1,0,0,1,0,0,2021,0,0,0,0,0,0,0,,,,,,,0,0,0,0,1,0
NER,95201,952,1,2,1.0,1,0,1,1,1,0,1,0,0,0,0,0,2021,0,0,0,0,0,0,0,1.2371000051498413,1.0,11.0,0.0,0.0,0.0,1,0,0,0,0,0
NER,95203,952,3,2,1.0,1,1,1,1,1,1,1,0,0,0,1,0,2021,1,0,1,1,0,1,1,,2.0,0.0,0.0,0.0,0.0,0,0,0,0,0,0
NER,95204,952,4,2,1.0,1,1,1,1,1,1,1,0,0,0,1,0,2021,0,0,0,0,0,0,0,1.6295000314712524,0.0,3.0,0.0,0.0,0.0,0,0,0,0,0,0
NER,95205,952,5,2,4.0,0,0,0,1,1,0,0,0,0,0,0,0,2021,0,0,0,0,0,0,0,1.8803366422653198,0.0,2.0,0.0,0.0,0.0,0,0,1,0,0,0
NER,95206,952,6,2,4.0,0,0,1,1,1,0,1,0,0,0,0,0,2021,1,0,0,0,0,1,0,,,,,,,0,0,0,1,0,0
NER,95207,952,7,2,4.0,1,1,1,1,1,1,1,0,0,0,0,0,2021,0,0,0,0,0,0,0,10.093000411987305,0.0,3.0,0.0,0.0,1.0,1,0,0,0,0,0
NER,95208,952,8,2,4.0,1,1,1,1,1,1,1,0,0,0,0,0,2021,1,0,0,0,0,0,0,,,,,,,0,0,0,1,0,0
NER,95209,952,9,2,1.0,1,1,1,1,1,1,1,0,0,0,0,0,2021,1,0,1,0,0,1,0,,0.0,6.0,0.0,0.0,12.0,1,0,0,0,0,0
NER,95210,952,10,2,1.0,1,1,1,1,1,1,1,0,0,0,0,0,2021,1,0,1,0,0,1,0,,7.0,31.0,0.0,0.0,13.0,0,0,1,0,0,0
NER,95211,952,11,2,4.0,1,1,1,1,1,0,1,0,0,0,0,0,2021,0,0,0,0,0,0,0,,,,,,,0,0,1,0,0,0
NER,95212,952,12,2,1.0,1,1,1,1,1,1,1,0,0,0,0,0,2021,1,0,0,0,1,1,0,,0.0,0.0,0.0,0.0,3.0,0,0,0,0,0,0
NER,95215,952,15,2,3.0,1,1,1,1,1,1,1,0,0,0,0,0,2021,0,0,0,0,0,0,0,,,,,,,0,0,0,0,0,0
NER,95301,953,1,1,4.0,1,1,1,1,1,1,1,0,1,1,1,0,2021,1,1,1,1,1,0,1,,,,,,,0,0,1,0,0,0
NER,95302,953,2,1,3.0,1,1,1,1,1,1,1,0,0,1,1,0,2021,1,0,0,0,0,1,0,,,,,,,0,0,0,0,0,0
NER,95303,953,3,1,4.0,0,1,1,1,1,1,1,0,0,1,1,0,2021,1,1,1,1,0,1,1,,,,,,,0,0,0,0,0,0
NER,95304,953,4,1,1.0,0,1,1,1,1,1,1,0,0,0,0,0,2021,1,0,1,0,0,0,0,1.3854970932006836,,,,,,0,0,0,0,0,0
NER,95305,953,5,1,4.0,1,0,0,1,1,1,1,0,0,0,0,0,2021,1,0,0,0,0,1,0,,0.0,1.0,0.0,0.0,0.0,0,0,0,0,0,0
NER,95306,953,6,1,4.0,1,0,1,1,1,0,0,1,0,1,1,0,2021,0,0,0,0,0,0,0,1.0400000214576721,3.0,3.0,0.0,0.0,0.0,0,1,0,0,1,0
NER,95307,953,7,1,4.0,0,0,1,1,1,1,1,0,1,0,1,0,2021,0,0,1,0,0,0,0,,,,,,,0,0,1,0,0,0
NER,95308,953,8,1,4.0,0,0,0,1,1,1,1,0,0,0,0,0,2021,0,0,0,0,0,0,0,,0.0,0.0,0.0,0.0,10.0,0,0,0,0,0,0
NER,95309,953,9,1,3.0,1,0,1,1,1,1,1,0,0,1,1,0,2021,1,0,0,0,0,1,0,,,,,,,0,0,0,0,0,1
NER,95310,953,10,1,3.0,0,0,0,1,1,0,0,1,0,0,0,0,2021,0,0,0,0,0,0,0,,,,,,,1,0,0,0,0,0
NER,95311,953,11,1,3.0,1,1,1,1,1,1,1,0,0,0,1,0,2021,1,0,0,0,1,1,0,,,,,,,0,0,0,0,0,0
NER,95312,953,12,1,2.0,1,1,1,1,1,1,1,0,0,1,1,0,2021,1,1,0,0,1,1,0,,0.0,7.0,0.0,0.0,52.0,0,0,1,0,1,0
NER,95401,954,1,2,3.0,0,0,1,1,1,1,1,0,0,0,0,0,2021,0,0,0,0,0,0,0,,,,,,,0,0,1,0,0,0
NER,95402,954,2,2,4.0,0,0,0,1,1,0,0,0,0,0,0,0,2021,0,0,0,0,0,0,0,2.008474588394165,,,,,,0,1,1,0,0,0
NER,95403,954,3,2,1.0,0,0,0,1,1,0,1,0,0,0,0,0,2021,1,0,0,0,0,0,0,,,,,,,0,0,1,0,0,0
NER,95404,954,4,2,4.0,0,0,0,1,1,0,0,1,0,0,0,0,2021,0,0,0,0,0,0,0,2.3036490380764008,,,,,,0,1,1,0,0,0
NER,95405,954,5,2,3.0,1,1,1,1,1,1,1,0,0,0,1,0,2021,1,0,0,0,0,1,0,,0.0,0.0,0.0,0.0,5.0,1,0,0,0,0,0
NER,95406,954,6,2,4.0,1,0,1,1,1,1,1,0,0,0,0,0,2021,1,0,0,1,0,1,0,,0.0,0.0,0.0,2.0,14.0,0,0,1,0,0,0
NER,95407,954,7,2,4.0,0,0,0,1,1,0,0,0,0,0,0,0,2021,0,0,0,0,0,0,0,0.7776999771595001,3.0,6.0,0.0,0.0,5.0,0,0,0,0,0,0
NER,95408,954,8,2,4.0,0,0,0,1,1,0,0,0,0,0,0,0,2021,0,0,0,0,0,0,0,1.6830999851226807,,,,,,1,0,0,0,0,0
NER,95409,954,9,2,4.0,1,0,0,1,1,0,0,0,0,0,0,0,2021,0,0,0,0,0,0,0,,,,,,,1,0,0,0,0,0
NER,95410,954,10,2,3.0,1,0,0,1,1,0,0,0,0,1,0,0,2021,0,0,0,0,0,0,0,,0.0,1.0,0.0,0.0,0.0,0,0,0,0,0,0
NER,95411,954,11,2,3.0,1,0,0,1,1,0,0,0,0,0,0,0,2021,0,0,0,0,0,0,0,,,,,,,0,0,0,0,0,0
NER,95412,954,12,2,4.0,0,0,0,1,1,0,0,0,0,0,0,0,2021,0,0,0,0,0,0,0,0.47200000286102295,1.0,3.0,0.0,0.0,0.0,0,0,0,0,0,0
NER,95501,955,1,1,2.0,0,0,0,1,1,0,0,0,0,0,0,0,2021,0,0,0,0,0,0,0,4.57859992980957,0.0,0.0,0.0,0.0,15.0,0,0,1,0,0,0
NER,95502,955,2,1,2.0,0,0,0,1,1,0,0,0,0,0,0,0,2021,0,0,0,0,0,0,0,3.559999942779541,1.0,0.0,0.0,0.0,0.0,0,1,0,0,1,0
NER,95503,955,3,1,2.0,0,0,0,1,1,0,0,0,0,0,0,1,2021,0,0,0,0,0,0,0,0.6700000166893005,0.0,4.0,0.0,0.0,0.0,0,0,1,0,1,0
NER,95504,955,4,1,4.0,1,0,0,1,1,0,0,0,0,0,0,0,2021,0,0,0,0,0,0,0,,,,,,,0,0,1,0,0,0
NER,95505,955,5,1,2.0,0,0,0,1,1,1,1,0,0,0,0,0,2021,0,0,0,0,0,0,0,1.9600000381469727,0.0,3.0,0.0,0.0,0.0,0,1,0,0,0,0
NER,95506,955,6,1,2.0,0,1,1,1,1,1,1,0,0,0,0,1,2021,1,0,1,0,0,1,0,,,,,,,0,0,0,0,0,0
NER,95507,955,7,1,2.0,0,0,0,1,1,0,0,0,0,0,0,0,2021,0,0,0,0,0,0,0,3.204671263694763,3.0,16.0,0.0,0.0,15.0,0,1,1,0,0,0
NER,95508,955,8,1,2.0,0,0,0,1,1,0,0,0,0,0,0,0,2021,0,0,0,0,0,0,0,0.800000011920929,,,,,,0,1,0,0,0,0
NER,95509,955,9,1,2.0,0,0,0,1,1,1,1,0,0,0,0,0,2021,1,0,0,0,0,0,0,2.1500000953674316,4.0,11.0,0.0,0.0,0.0,1,1,1,0,0,0
NER,95510,955,10,1,3.0,1,1,1,1,1,1,1,0,0,1,1,0,2021,1,0,0,0,0,0,0,,,,,,,0,0,1,0,0,0
NER,95511,955,11,1,2.0,0,0,0,1,1,1,1,0,0,0,0,0,2021,0,0,0,0,0,0,0,2.14000004529953,1.0,6.0,0.0,0.0,0.0,0,1,0,0,1,0
NER,95512,955,12,1,1.0,0,0,0,1,1,0,0,0,0,0,0,0,2021,0,0,0,0,0,0,0,2.650000035762787,9.0,16.0,0.0,0.0,0.0,0,1,1,0,1,0
NER,95601,956,1,2,1.0,1,0,1,1,1,0,0,0,0,0,0,0,2021,0,0,0,0,0,0,0,2.9809482097625732,1.0,5.0,0.0,0.0,0.0,0,1,1,0,1,0
NER,95602,956,2,2,3.0,1,1,1,1,1,0,0,1,0,0,0,0,2021,1,0,0,0,0,0,0,1.9462237358093262,,,,,,1,1,1,0,1,0
NER,95603,956,3,2,4.0,0,0,0,0,0,0,0,0,0,0,0,0,2021,0,0,0,0,0,0,0,2.2388249039649963,1.0,5.0,0.0,0.0,4.0,0,1,1,0,1,0
NER,95604,956,4,2,1.0,0,0,0,1,1,0,0,1,0,0,0,0,2021,0,0,0,0,0,0,0,3.212926983833313,,,,,,0,1,1,0,1,0
NER,95605,956,5,2,1.0,0,0,0,1,1,0,0,1,0,0,0,0,2021,0,0,0,0,0,0,0,1.1203049421310425,1.0,0.0,0.0,0.0,0.0,0,0,0,0,1,0
NER,95606,956,6,2,3.0,0,0,0,1,1,0,1,0,0,0,0,0,2021,1,0,0,0,0,0,0,2.6775424480438232,26.0,32.0,0.0,0.0,0.0,1,0,0,1,1,0
NER,95607,956,7,2,4.0,0,1,0,1,1,0,0,1,0,0,0,0,2021,0,0,0,0,0,0,0,,,,,,,0,0,0,0,1,0
NER,95609,956,9,2,1.0,0,0,0,1,1,0,0,0,0,0,0,0,2021,0,0,0,0,0,0,0,2.6700446605682373,0.0,8.0,0.0,0.0,0.0,1,0,0,0,1,0
NER,95610,956,10,2,1.0,0,0,1,1,1,1,1,0,0,0,0,0,2021,0,0,0,0,0,0,0,,0.0,6.0,0.0,0.0,0.0,0,1,1,1,1,0
NER,95611,956,11,2,2.0,0,0,0,1,1,0,0,0,0,0,0,0,2021,0,0,0,0,0,0,0,,0.0,4.0,0.0,0.0,0.0,0,0,0,0,1,0
NER,95612,956,12,2,1.0,0,0,0,1,1,0,0,0,0,0,0,0,2021,0,0,0,0,0,0,0,,0.0,3.0,0.0,0.0,0.0,0,0,0,0,1,0
NER,95613,956,13,2,1.0,0,0,0,1,1,0,0,1,0,0,0,0,2021,0,0,0,0,0,0,0,1.2078872919082642,1.0,0.0,0.0,0.0,0.0,1,0,0,0,1,0
NER,95701,957,1,1,3.0,1,1,1,1,1,0,1,0,0,0,0,0,2021,0,0,0,0,0,0,0,,,,,,,0,0,0,0,1,0
NER,95703,957,3,1,1.0,1,1,1,1,1,1,1,0,1,1,1,1,2021,0,0,0,0,0,1,0,4.148135185241699,0.0,9.0,0.0,0.0,0.0,0,1,1,1,1,1
NER,95704,957,4,1,3.0,1,1,1,1,1,0,1,0,0,0,0,0,2021,0,0,0,0,0,0,0,5.599999904632568,4.0,6.0,0.0,0.0,0.0,0,1,0,0,0,0
NER,95705,957,5,1,3.0,1,0,1,1,1,1,1,0,0,0,0,0,2021,1,0,0,0,0,0,0,,0.0,3.0,0.0,0.0,0.0,0,0,0,0,0,0
NER,95706,957,6,1,2.0,1,0,1,1,1,1,1,0,0,1,1,1,2021,1,0,1,0,0,1,1,3.800348222255707,4.0,5.0,0.0,0.0,0.0,0,1,1,1,0,0
NER,95707,957,7,1,3.0,1,0,0,0,1,0,0,0,1,0,0,0,2021,0,0,0,0,0,0,0,,,,,,,1,0,1,0,0,0
NER,95708,957,8,1,2.0,1,0,1,1,1,1,1,0,0,0,0,0,2021,0,0,0,0,0,0,1,5.170000076293945,3.0,6.0,0.0,0.0,0.0,0,1,0,0,1,0
NER,95709,957,9,1,2.0,1,0,0,1,1,1,1,0,1,0,1,1,2021,0,0,0,0,0,0,0,,,,,,,1,0,1,0,1,0
NER,95710,957,10,1,4.0,1,1,1,1,1,1,1,0,1,0,0,0,2021,1,0,0,0,0,0,0,,,,,,,0,0,1,0,0,0
NER,95711,957,11,1,2.0,0,0,1,1,1,1,1,0,0,0,0,0,2021,0,0,0,0,0,0,0,2.8600000143051147,4.0,0.0,0.0,0.0,0.0,0,1,0,0,0,0
NER,95712,957,12,1,2.0,1,0,0,1,1,1,1,0,0,0,1,1,2021,0,0,0,0,0,0,0,,,,,,,1,0,0,0,0,0
NER,95714,957,14,1,4.0,1,0,1,1,1,0,0,0,0,0,0,0,2021,0,0,0,0,0,0,0,,0.0,0.0,0.0,0.0,0.0,0,0,0,0,1,0
NER,95801,958,1,2,3.0,0,0,1,1,1,0,1,0,0,0,0,0,2021,1,0,0,0,0,1,0,,,,,,,0,0,1,1,1,0
NER,95802,958,2,2,2.0,0,0,1,1,1,0,1,0,0,0,0,0,2021,1,0,0,0,0,0,0,,,,,,,0,0,1,0,1,0
NER,95803,958,3,2,4.0,0,0,0,1,1,0,0,0,0,0,0,0,2021,0,0,0,0,0,0,0,1.2820528745651245,0.0,6.0,0.0,0.0,0.0,1,1,1,0,1,0
NER,95804,958,4,2,1.0,0,0,1,1,1,0,1,0,0,0,0,0,2021,0,0,0,0,0,0,0,,,,,,,0,0,1,0,1,0
NER,95805,958,5,2,4.0,0,0,0,1,1,0,0,0,0,0,0,0,2021,0,0,0,0,0,0,0,,0.0,3.0,0.0,0.0,0.0,1,0,0,0,1,0
NER,95807,958,7,2,4.0,0,0,0,1,1,0,1,0,0,0,0,0,2021,0,0,0,0,0,0,0,,0.0,4.0,0.0,0.0,2.0,0,0,0,0,1,0
NER,95808,958,8,2,1.0,0,0,0,1,1,1,1,0,0,0,0,0,2021,1,0,0,0,0,0,0,,,,,,,0,1,0,0,1,0
NER,95809,958,9,2,3.0,1,1,1,1,1,1,1,0,0,1,1,0,2021,1,0,0,0,0,1,0,,,,,,,0,0,0,0,1,0
NER,95810,958,10,2,4.0,1,1,1,1,1,0,0,0,0,0,0,0,2021,0,0,0,0,0,0,0,2.6927497386932373,0.0,9.0,0.0,0.0,0.0,0,0,1,0,1,0
NER,95811,958,11,2,1.0,0,0,1,1,1,0,0,1,0,0,1,0,2021,1,0,0,0,0,1,0,,,,,,,0,0,0,0,1,0
NER,95812,958,12,2,1.0,0,0,0,1,1,1,1,0,0,0,0,0,2021,0,0,0,0,0,0,0,,,,,,,0,0,0,0,1,0
NER,95815,958,15,2,1.0,1,1,1,1,1,1,1,0,1,1,1,0,2021,1,0,0,0,0,1,0,,,,,,,0,0,0,0,1,0
NER,95901,959,1,1,3.0,0,0,0,1,1,0,0,1,1,0,0,0,2021,0,0,0,0,0,0,0,,,,,,,0,1,1,0,0,0
NER,95902,959,2,1,4.0,0,0,0,1,1,0,1,0,0,0,0,0,2021,1,0,0,0,0,0,0,,,,,,,0,1,0,0,0,0
NER,95903,959,3,1,4.0,0,0,0,1,1,0,0,0,0,0,0,0,2021,0,0,0,0,0,0,0,0.8868758678436279,5.0,21.0,0.0,0.0,0.0,1,1,0,1,1,0
NER,95904,959,4,1,4.0,0,0,0,1,1,0,0,0,0,0,0,0,2021,0,0,0,0,0,0,0,,,,,,,0,1,0,0,0,0
NER,95905,959,5,1,4.0,0,0,0,1,1,0,0,0,0,0,0,0,2021,0,0,0,0,0,0,0,1.013200044631958,1.0,0.0,0.0,0.0,19.0,0,0,0,0,0,0
NER,95907,959,7,1,3.0,1,0,1,1,1,1,1,0,1,0,0,0,2021,1,0,0,0,0,1,0,,,,,,,0,0,0,0,0,0
NER,95908,959,8,1,4.0,1,1,1,1,1,1,1,0,0,0,1,1,2021,1,0,0,0,0,1,0,0.3504999876022339,0.0,5.0,0.0,0.0,15.0,0,1,0,0,0,0
NER,95909,959,9,1,3.0,0,0,0,1,1,0,0,1,0,0,0,0,2021,1,0,0,0,0,1,0,,,,,,,1,0,1,0,1,0
NER,95910,959,10,1,4.0,0,0,0,1,1,0,0,0,0,0,0,0,2021,0,0,0,0,0,0,0,,,,,,,0,0,0,0,1,0
NER,95911,959,11,1,3.0,0,0,0,1,1,1,1,0,0,0,0,0,2021,1,0,0,0,0,1,0,,,,,,,0,0,0,0,0,0
NER,95912,959,12,1,1.0,1,1,1,1,1,1,1,0,1,1,1,0,2021,1,1,1,0,1,1,1,,,,,,,0,0,0,0,0,0
NER,95913,959,13,1,3.0,0,0,0,1,1,1,1,0,0,0,0,0,2021,1,1,0,0,0,1,0,,,,,,,0,1,0,0,0,0
NER,96001,960,1,2,1.0,1,0,1,1,1,1,1,0,0,0,0,0,2021,1,0,0,0,0,0,0,2.785672187805176,3.0,3.0,0.0,0.0,0.0,0,1,0,0,0,0
NER,96002,960,2,2,3.0,1,1,1,1,1,1,1,0,0,1,1,0,2021,1,0,1,0,0,1,0,,,,,,,0,0,1,0,0,0
NER,96003,960,3,2,1.0,1,1,1,1,1,1,1,0,1,0,0,0,2021,1,0,0,1,0,0,1,,,,,,,0,1,0,0,0,0
NER,96004,960,4,2,3.0,1,1,1,1,1,1,1,0,0,0,0,0,2021,1,0,0,0,0,1,0,,,,,,,0,0,0,0,0,0
NER,96005,960,5,2,3.0,1,1,1,1,1,1,1,0,0,0,1,0,2021,0,0,0,0,0,0,0,,0.0,4.0,0.0,0.0,0.0,0,0,0,0,0,0
NER,96007,960,7,2,1.0,0,0,1,1,1,1,1,0,0,0,0,0,2021,0,0,0,0,0,0,0,,,,,,,1,0,0,0,1,0
NER,96008,960,8,2,1.0,0,0,1,1,1,0,0,1,1,0,0,0,2021,0,0,0,0,0,0,0,,,,,,,0,0,0,0,0,0
NER,96010,960,10,2,3.0,0,0,1,1,1,1,1,0,0,0,0,0,2021,0,0,0,0,0,0,0,,,,,,,0,0,0,0,0,0
NER,96011,960,11,2,1.0,0,0,1,1,1,1,1,0,0,0,0,0,2021,0,0,0,0,0,0,0,,0.0,7.0,0.0,0.0,0.0,1,0,0,0,1,0
NER,96012,960,12,2,1.0,0,0,1,1,1,1,1,0,1,0,0,0,2021,1,0,0,0,0,1,0,,,,,,,1,0,0,0,0,0
NER,96015,960,15,2,3.0,0,0,1,1,1,1,1,0,1,0,0,0,2021,0,0,0,0,0,0,1,,0.0,17.0,0.0,0.0,200.0,0,0,0,0,0,0
NER,96016,960,16,2,3.0,0,0,0,1,1,1,1,0,0,0,0,0,2021,1,0,0,0,0,0,0,,,,,,,0,0,0,1,0,0
NER,96101,961,1,1,2.0,0,0,1,1,1,1,1,0,0,0,0,0,2021,0,0,0,0,0,0,0,0.7640292048454285,,,,,,0,1,0,0,0,0
NER,96102,961,2,1,1.0,0,0,0,1,1,1,1,0,0,0,0,0,2021,0,0,0,0,0,0,0,,,,,,,0,0,0,0,0,0
NER,96103,961,3,1,2.0,0,0,0,1,1,0,0,1,0,0,0,0,2021,0,0,0,0,0,0,0,,0.0,4.0,0.0,0.0,13.0,1,0,0,0,0,0
NER,96104,961,4,1,1.0,0,0,1,1,1,0,1,0,0,0,0,0,2021,0,0,0,0,0,0,1,,,,,,,0,1,0,0,0,0
NER,96105,961,5,1,2.0,0,0,0,1,1,0,0,0,0,0,0,0,2021,0,0,0,0,0,0,0,,,,,,,0,0,0,0,0,0
NER,96106,961,6,1,2.0,0,0,0,1,1,0,0,1,0,0,0,0,2021,0,0,0,0,0,0,0,,0.0,5.0,0.0,0.0,0.0,0,1,1,0,1,0
NER,96107,961,7,1,4.0,0,0,1,1,1,1,1,0,0,0,0,0,2021,1,1,0,0,0,0,0,,,,,,,0,0,0,0,0,0
NER,96108,961,8,1,2.0,0,0,0,1,1,0,1,0,0,0,0,0,2021,0,0,0,0,0,0,0,,,,,,,1,0,0,0,0,0
NER,96109,961,9,1,1.0,0,1,1,1,1,0,0,1,0,1,1,0,2021,1,0,0,0,0,0,0,,9.0,0.0,0.0,0.0,0.0,0,0,0,0,1,0
NER,96110,961,10,1,4.0,0,0,0,1,1,0,0,0,0,0,0,0,2021,0,0,0,0,0,0,0,,0.0,0.0,0.0,0.0,13.0,0,1,0,0,0,0
NER,96111,961,11,1,2.0,0,0,0,1,1,1,1,0,0,0,0,0,2021,1,0,0,0,0,1,0,,,,,,,0,0,0,0,0,0
NER,96112,961,12,1,2.0,0,0,0,1,1,0,0,1,0,0,0,0,2021,0,0,0,0,0,0,0,,0.0,5.0,0.0,0.0,0.0,0,0,0,0,0,0
NER,96201,962,1,2,1.0,1,0,0,1,1,1,1,0,1,0,0,0,2021,0,0,0,0,0,0,0,,0.0,2.0,0.0,0.0,0.0,0,1,0,0,0,0
NER,96202,962,2,2,4.0,1,0,0,1,1,0,1,0,0,0,0,0,2021,0,0,0,0,0,0,0,1.774106740951538,1.0,2.0,0.0,0.0,0.0,0,1,1,0,0,0
NER,96203,962,3,2,3.0,1,0,0,1,1,1,1,0,1,0,0,0,2021,1,0,0,0,0,1,0,,0.0,2.0,0.0,0.0,0.0,0,0,0,0,0,0
NER,96204,962,4,2,3.0,1,0,0,1,1,0,1,0,1,0,0,0,2021,0,0,0,0,0,0,0,,,,,,,1,0,0,0,0,0
NER,96205,962,5,2,3.0,1,1,1,1,1,1,1,0,0,0,0,0,2021,1,0,0,0,0,1,0,,0.0,2.0,0.0,0.0,0.0,0,0,0,0,0,0
NER,96206,962,6,2,2.0,1,1,0,1,1,0,0,0,0,0,0,0,2021,0,0,0,0,0,0,0,2.5437166690826416,1.0,9.0,0.0,0.0,0.0,0,0,0,0,0,0
NER,96207,962,7,2,1.0,1,0,1,1,1,1,1,0,0,0,1,0,2021,1,0,1,0,0,1,0,1.2899999618530273,0.0,2.0,0.0,0.0,0.0,0,1,0,0,0,0
NER,96208,962,8,2,1.0,1,0,1,1,1,0,1,0,0,0,0,0,2021,1,0,0,0,0,1,0,4.665597915649414,0.0,9.0,0.0,0.0,0.0,0,0,0,1,0,0
NER,96209,962,9,2,1.0,1,0,1,1,1,1,1,0,0,0,0,0,2021,1,0,1,0,0,1,0,4.190458297729492,0.0,5.0,0.0,0.0,2.0,0,0,0,0,0,0
NER,96210,962,10,2,1.0,1,0,1,0,0,0,0,0,0,0,0,0,2021,0,0,0,0,0,0,0,,0.0,2.0,0.0,0.0,0.0,0,0,0,0,0,0
NER,96211,962,11,2,1.0,1,0,0,0,0,0,0,0,0,0,0,0,2021,0,0,0,0,0,0,0,,,,,,,0,0,0,0,0,0
NER,96212,962,12,2,1.0,1,0,1,1,1,1,1,0,0,0,0,0,2021,0,0,0,0,0,0,0,,,,,,,0,0,0,0,0,0
NER,96301,963,1,1,1.0,0,0,0,1,1,0,0,0,0,0,0,0,2021,0,0,0,0,0,0,0,3.9867000579833984,0.0,2.0,0.0,0.0,11.0,0,1,1,0,0,0
NER,96302,963,2,1,3.0,1,1,1,1,1,0,1,0,1,0,1,0,2021,0,0,0,0,0,0,0,,,,,,,0,0,0,0,0,1
NER,96303,963,3,1,3.0,0,0,0,0,0,0,0,0,1,0,0,0,2021,0,0,0,0,0,0,0,,,,,,,0,1,0,0,0,0
NER,96304,963,4,1,4.0,0,0,0,1,1,0,0,0,0,0,0,0,2021,0,0,0,0,0,0,0,8.918200016021729,1.0,4.0,0.0,0.0,0.0,0,1,1,0,0,0
NER,96305,963,5,1,3.0,1,1,1,0,0,0,0,0,0,0,1,0,2021,0,0,0,0,0,0,0,,,,,,,1,0,0,0,0,0
NER,96306,963,6,1,4.0,0,0,0,1,1,1,1,0,1,0,0,0,2021,1,0,0,0,0,0,0,,,,,,,0,1,0,0,0,0
NER,96307,963,7,1,1.0,0,1,0,1,1,0,0,0,0,0,0,0,2021,0,0,0,0,0,0,0,6.591899991035461,0.0,8.0,0.0,0.0,0.0,0,1,1,0,0,0
NER,96308,963,8,1,1.0,1,1,1,1,1,1,1,0,0,0,1,0,2021,1,0,1,0,0,0,0,,,,,,,0,0,0,0,0,0
NER,96309,963,9,1,3.0,0,0,0,0,0,0,0,0,1,0,0,0,2021,0,0,0,0,0,0,0,,,,,,,0,0,0,0,0,0
NER,96310,963,10,1,1.0,1,1,1,1,1,1,1,0,1,0,0,0,2021,0,1,0,0,0,0,0,,,,,,,0,0,0,0,0,0
NER,96311,963,11,1,3.0,1,1,1,0,0,1,1,0,1,0,1,0,2021,1,1,1,0,0,1,0,,,,,,,0,0,0,0,0,0
NER,96312,963,12,1,2.0,0,0,0,1,1,1,1,0,1,0,0,0,2021,0,0,0,0,0,0,0,,,,,,,0,0,0,0,0,0
NER,96401,964,1,2,4.0,1,1,1,1,1,1,0,1,1,0,0,0,2021,0,0,0,0,0,0,0,,0.0,2.0,0.0,0.0,0.0,0,0,0,0,0,0
NER,96402,964,2,2,4.0,0,0,0,1,1,0,0,0,0,0,0,0,2021,0,0,0,0,0,0,0,,,,,,,0,0,0,0,0,0
NER,96403,964,3,2,4.0,1,1,1,1,1,0,0,0,0,0,0,0,2021,0,0,0,0,0,0,0,0.6973999738693237,1.0,2.0,0.0,0.0,0.0,0,0,0,0,0,0
NER,96404,964,4,2,4.0,1,1,1,1,1,1,0,1,1,0,0,0,2021,1,0,0,0,0,1,0,1.0419656038284302,0.0,2.0,0.0,0.0,0.0,0,0,0,0,0,0
NER,96405,964,5,2,1.0,1,1,1,1,1,1,1,0,1,0,0,0,2021,1,0,0,0,0,1,0,1.9211999773979187,0.0,7.0,0.0,0.0,0.0,0,0,0,0,0,0
NER,96406,964,6,2,1.0,1,1,1,1,1,1,1,0,1,0,0,0,2021,0,0,0,0,0,0,0,,,,,,,0,0,0,0,0,1
NER,96407,964,7,2,1.0,1,1,1,1,1,0,0,0,1,0,0,0,2021,0,0,0,0,0,0,0,0.8065000176429749,1.0,9.0,0.0,0.0,30.0,0,0,0,0,0,0
NER,96408,964,8,2,1.0,1,1,1,1,1,1,1,0,1,0,0,0,2021,0,0,1,0,0,0,0,1.645900011062622,,,,,,0,1,0,0,0,0
NER,96409,964,9,2,3.0,1,1,1,1,1,1,1,0,0,0,1,0,2021,1,0,0,0,1,1,0,1.416723370552063,0.0,0.0,0.0,0.0,2.0,0,1,1,0,0,0
NER,96410,964,10,2,1.0,1,1,1,1,1,1,1,0,0,0,1,0,2021,0,0,0,0,0,0,0,2.81469988822937,1.0,2.0,0.0,0.0,24.0,0,1,1,0,0,0
NER,96411,964,11,2,1.0,1,1,1,1,1,1,1,0,0,0,1,0,2021,1,0,1,0,0,1,0,0.7196999788284302,0.0,6.0,0.0,0.0,4.0,0,1,1,0,0,0
NER,96412,964,12,2,1.0,1,1,1,1,1,1,1,0,0,0,1,0,2021,1,0,1,0,0,1,0,1.3260999917984009,0.0,2.0,0.0,0.0,0.0,0,1,1,0,0,0
NER,96501,965,1,1,2.0,1,1,1,1,1,0,0,1,0,1,0,0,2021,0,1,0,0,0,0,0,4.091294765472412,1.0,3.0,0.0,0.0,0.0,0,0,0,0,0,0
NER,96502,965,2,1,1.0,1,0,0,1,1,0,0,0,0,0,0,0,2021,0,0,0,0,0,0,0,0.3546999990940094,0.0,3.0,0.0,0.0,0.0,0,0,0,1,0,0
NER,96503,965,3,1,1.0,1,0,1,1,1,0,0,1,0,0,0,0,2021,0,0,0,0,0,0,0,0.210999995470047,,,,,,0,1,0,1,0,0
NER,96504,965,4,1,2.0,1,1,1,1,1,0,0,1,0,1,0,0,2021,1,0,0,0,0,0,0,1.0256288051605225,0.0,3.0,0.0,0.0,5.0,1,0,0,0,0,0
NER,96505,965,5,1,1.0,1,0,0,1,1,0,0,0,0,0,0,0,2021,0,0,0,0,0,0,0,,,,,,,0,0,0,0,0,0
NER,96506,965,6,1,2.0,1,0,1,1,1,0,1,0,0,0,0,0,2021,0,0,0,0,0,0,0,4.9094923585653305,1.0,3.0,0.0,0.0,1.0,0,0,0,0,0,0
NER,96507,965,7,1,2.0,1,1,0,1,1,0,0,0,0,0,0,0,2021,0,0,0,0,0,0,0,0.330499991774559,0.0,6.0,0.0,0.0,0.0,0,0,0,0,0,0
NER,96508,965,8,1,1.0,1,1,1,1,1,0,0,0,0,0,0,0,2021,0,0,0,0,0,0,0,5.871922016143799,1.0,2.0,0.0,0.0,0.0,0,0,0,1,0,0
NER,96509,965,9,1,2.0,1,0,1,1,1,0,1,0,0,0,0,0,2021,0,0,0,0,0,0,0,5.380632042884827,1.0,5.0,0.0,0.0,4.0,0,0,0,0,0,1
NER,96510,965,10,1,4.0,1,1,0,1,1,0,0,0,0,0,0,0,2021,0,0,0,0,0,0,0,3.1959214210510254,0.0,2.0,0.0,0.0,0.0,0,0,0,0,0,0
NER,96511,965,11,1,1.0,1,0,0,1,1,1,1,0,0,0,0,0,2021,0,0,0,0,0,0,0,4.37090003490448,1.0,4.0,0.0,0.0,0.0,0,0,0,0,0,0
NER,96512,965,12,1,1.0,1,0,1,1,1,0,0,0,0,0,0,0,2021,0,0,0,0,0,0,0,7.547259360551834,2.0,5.0,0.0,0.0,3.0,0,0,0,0,0,0
NER,96601,966,1,2,2.0,1,0,0,1,1,0,1,0,0,0,0,0,2021,0,0,0,0,0,0,0,,,,,,,1,0,0,0,0,0
NER,96602,966,2,2,2.0,1,0,1,1,1,1,1,0,0,0,0,0,2021,1,0,0,0,0,0,0,,,,,,,0,0,1,0,0,0
NER,96603,966,3,2,4.0,1,0,1,1,1,0,1,0,0,0,0,0,2021,0,0,0,0,0,0,0,,,,,,,0,0,1,0,0,0
NER,96604,966,4,2,1.0,1,0,1,1,1,1,1,0,0,0,0,0,2021,0,0,0,0,0,0,0,,,,,,,0,0,1,0,0,0
NER,96606,966,6,2,2.0,1,0,0,1,1,0,0,0,0,0,0,0,2021,0,0,0,0,0,0,0,1.1023000478744507,,,,,,0,0,0,0,0,0
NER,96607,966,7,2,1.0,1,1,1,1,1,1,1,0,1,1,0,0,2021,1,0,0,0,0,1,0,1.8060976266860962,,,,,,0,0,0,0,0,0
NER,96608,966,8,2,1.0,1,0,1,1,1,0,1,0,0,1,0,0,2021,0,0,0,0,0,0,0,3.5278565883636475,,,,,,0,0,0,1,0,0
NER,96609,966,9,2,4.0,1,0,0,1,1,0,0,0,0,0,0,0,2021,0,0,0,0,0,0,0,,,,,,,0,0,0,0,0,0
NER,96610,966,10,2,4.0,1,0,0,1,1,0,0,0,0,0,0,0,2021,0,0,0,0,0,0,0,,,,,,,0,0,0,0,0,0
NER,96611,966,11,2,2.0,1,0,1,1,1,0,1,0,0,0,0,0,2021,0,0,0,0,0,0,0,1.3899999856948853,,,,,,0,0,0,0,0,0
NER,96612,966,12,2,4.0,1,0,0,1,1,0,0,0,0,0,0,0,2021,0,0,0,0,0,0,0,,,,,,,0,0,0,0,0,0
NER,96614,966,14,2,2.0,1,0,0,1,1,0,0,0,0,0,0,0,2021,0,0,0,0,0,0,0,2.0,,,,,,0,0,0,0,0,0
NER,96701,967,1,1,4.0,1,1,1,1,1,1,1,0,1,1,1,0,2021,1,1,1,1,1,1,0,,,,,,,0,0,0,0,0,0
NER,96702,967,2,1,1.0,1,0,1,1,1,1,1,0,0,1,0,0,2021,1,1,0,0,0,0,1,,,,,,,0,0,0,0,0,0
NER,96703,967,3,1,3.0,1,0,0,1,1,0,0,0,1,0,0,0,2021,0,0,0,0,0,0,0,,,,,,,1,0,0,0,0,0
NER,96705,967,5,1,1.0,1,1,1,1,1,1,1,0,1,0,0,0,2021,1,0,0,0,0,1,0,,,,,,,0,0,0,0,0,0
NER,96706,967,6,1,4.0,1,1,1,1,1,1,1,0,1,0,0,0,2021,1,0,0,0,0,1,0,,0.0,0.0,0.0,0.0,5.0,1,0,0,0,0,0
NER,96707,967,7,1,4.0,1,1,1,1,1,1,1,0,1,1,1,0,2021,1,0,0,0,0,1,0,,,,,,,0,0,0,0,0,0
NER,96708,967,8,1,3.0,1,0,1,1,1,1,1,0,0,0,0,0,2021,1,0,0,0,0,0,0,,0.0,2.0,0.0,0.0,0.0,0,0,0,0,0,0
NER,96709,967,9,1,1.0,1,1,1,1,1,1,1,0,1,1,1,1,2021,1,0,1,1,0,1,1,,,,,,,0,0,0,1,0,0
NER,96710,967,10,1,4.0,1,1,1,1,1,1,1,0,1,1,0,0,2021,1,1,1,1,1,1,0,,,,,,,0,0,0,0,0,0
NER,96712,967,12,1,3.0,1,0,0,1,1,0,0,0,1,0,0,0,2021,0,0,0,0,0,0,0,,,,,,,0,0,0,1,0,0
NER,96713,967,13,1,3.0,1,0,1,1,1,1,1,0,0,0,0,0,2021,1,0,0,0,0,1,0,,,,,,,0,0,0,0,0,0
NER,96716,967,16,1,4.0,1,1,0,1,1,0,1,0,1,1,1,0,2021,1,0,0,0,0,0,0,,,,,,,0,0,1,0,0,0
NER,96801,968,1,2,4.0,1,1,1,1,1,0,0,0,1,1,1,0,2021,0,0,0,0,0,0,0,2.594054698944092,,,,,,0,1,1,0,0,0
NER,96802,968,2,2,1.0,1,1,1,1,1,1,1,0,1,1,1,0,2021,0,0,0,0,0,0,0,,0.0,7.0,0.0,0.0,0.0,1,0,0,0,0,0
NER,96803,968,3,2,1.0,1,1,1,1,1,1,1,0,1,1,1,0,2021,1,1,1,1,1,1,0,,,,,,,0,0,0,0,0,0
NER,96804,968,4,2,1.0,1,1,1,1,1,1,1,0,1,1,1,0,2021,1,0,1,1,0,1,0,,,,,,,0,0,0,0,0,0
NER,96805,968,5,2,4.0,1,1,1,1,1,1,1,0,0,1,0,0,2021,0,0,0,0,0,0,0,,,,,,,0,0,0,0,0,0
NER,96806,968,6,2,3.0,1,1,1,1,1,1,1,0,0,1,0,0,2021,0,0,0,0,0,0,0,,,,,,,1,0,0,0,0,0
NER,96807,968,7,2,4.0,1,1,1,1,1,0,0,0,0,0,0,0,2021,0,0,0,0,0,0,0,,,,,,,0,0,0,0,0,0
NER,96808,968,8,2,1.0,1,1,1,1,1,1,1,0,0,1,0,0,2021,1,0,0,0,0,0,0,,,,,,,0,0,0,0,0,0
NER,96809,968,9,2,3.0,1,1,1,1,1,0,0,0,0,0,0,0,2021,0,0,0,0,0,0,0,,,,,,,0,0,0,0,0,0
NER,96810,968,10,2,1.0,1,1,1,1,1,0,0,0,0,0,0,0,2021,0,0,0,0,0,0,0,,,,,,,0,0,0,0,0,0
NER,96811,968,11,2,1.0,1,1,1,1,1,1,1,0,0,0,0,0,2021,1,0,0,0,0,0,0,,0.0,5.0,0.0,0.0,0.0,0,0,0,0,0,0
NER,96812,968,12,2,3.0,1,1,1,1,1,1,1,0,0,0,0,0,2021,0,0,0,0,0,0,0,,,,,,,0,0,0,0,0,0
NER,96901,969,1,1,1.0,1,1,1,1,1,0,0,0,0,0,0,0,2021,0,0,0,0,0,0,0,,,,,,,0,0,0,0,0,0
NER,96902,969,2,1,1.0,1,1,1,1,1,0,1,0,0,1,0,1,2021,1,0,0,0,0,0,0,,6.0,7.0,0.0,0.0,0.0,0,0,0,0,0,0
NER,96903,969,3,1,4.0,0,0,0,1,1,0,0,0,0,0,0,0,2021,0,0,0,0,0,0,0,,0.0,4.0,0.0,0.0,0.0,0,0,0,0,0,0
NER,96904,969,4,1,1.0,1,1,1,1,1,0,0,0,0,1,1,0,2021,0,0,0,0,0,0,0,,,,,,,0,0,0,0,0,0
NER,96905,969,5,1,2.0,1,0,1,1,1,0,1,0,0,0,0,0,2021,1,0,0,0,0,0,0,,1.0,11.0,0.0,0.0,0.0,0,1,0,0,0,0
NER,96906,969,6,1,2.0,1,1,1,1,1,1,1,0,0,0,0,0,2021,1,0,0,0,0,1,0,,0.0,5.0,0.0,0.0,50.0,1,0,0,0,0,0
NER,96907,969,7,1,2.0,1,1,1,1,1,0,1,0,0,0,0,0,2021,1,0,0,0,0,1,0,0.7996000051498413,1.0,5.0,0.0,0.0,14.0,0,0,0,0,0,0
NER,96909,969,9,1,4.0,1,1,1,1,1,1,1,0,1,0,0,0,2021,1,0,0,0,1,1,1,,,,,,,1,0,0,0,0,0
NER,96910,969,10,1,1.0,1,1,1,1,1,1,1,0,0,1,1,0,2021,1,0,1,0,0,1,0,1.0515999794006348,0.0,7.0,0.0,0.0,3.0,0,0,0,0,0,0
NER,96911,969,11,1,2.0,1,0,0,1,1,1,1,0,0,0,0,0,2021,1,0,0,0,0,0,0,1.2059000134468079,0.0,2.0,0.0,0.0,0.0,0,0,0,0,0,0
NER,96912,969,12,1,4.0,0,1,0,1,1,0,0,0,0,0,0,0,2021,0,0,0,0,0,0,0,,,,,,,0,0,0,0,0,0
NER,96913,969,13,1,2.0,1,0,1,1,1,0,1,0,0,0,0,0,2021,1,0,0,0,0,1,0,4.665999889373779,1.0,11.0,0.0,0.0,2.0,0,0,0,0,0,0
NER,97001,970,1,2,4.0,1,1,1,1,1,0,0,0,1,0,0,0,2021,0,0,0,0,0,0,0,1.7371212244033813,,,,,,0,0,1,0,0,0
NER,97002,970,2,2,4.0,1,1,1,1,1,0,1,0,1,1,1,0,2021,0,0,0,0,0,0,0,,,,,,,0,0,0,0,0,0
NER,97003,970,3,2,4.0,1,1,1,0,1,0,1,0,1,1,1,0,2021,0,1,0,0,0,0,0,,0.0,3.0,0.0,0.0,0.0,0,0,0,0,0,0
NER,97004,970,4,2,4.0,1,1,1,1,1,0,1,0,1,1,1,0,2021,0,0,0,0,0,0,0,,,,,,,0,0,0,0,0,0
NER,97005,970,5,2,1.0,1,1,1,1,1,1,1,0,0,0,0,0,2021,0,0,0,0,0,0,0,,0.0,3.0,0.0,0.0,0.0,0,1,0,1,0,0
NER,97006,970,6,2,1.0,1,1,1,1,1,1,1,0,0,0,1,0,2021,0,0,0,0,0,0,0,,,,,,,0,0,0,0,0,0
NER,97007,970,7,2,3.0,1,1,1,1,1,1,1,0,0,0,1,0,2021,1,0,0,0,0,0,0,,,,,,,1,0,0,1,0,0
NER,97008,970,8,2,3.0,1,1,1,1,1,0,0,0,0,0,1,0,2021,0,0,0,0,0,0,0,,,,,,,1,0,0,0,0,0
NER,97009,970,9,2,1.0,1,1,1,1,1,0,0,0,0,0,0,0,2021,0,0,0,0,0,0,0,,,,,,,0,0,0,0,0,0
NER,97010,970,10,2,1.0,1,1,1,1,1,0,0,0,0,0,0,0,2021,0,0,0,0,0,0,0,2.550584316253662,,,,,,0,1,0,0,0,1
NER,97011,970,11,2,4.0,1,1,1,1,1,1,1,0,0,0,0,0,2021,0,0,0,0,0,0,0,,,,,,,0,0,0,1,0,0
NER,97012,970,12,2,4.0,1,1,1,1,1,1,1,0,0,0,0,0,2021,1,0,0,0,0,1,0,,,,,,,0,0,0,0,0,0
NER,97101,971,1,1,1.0,1,1,1,1,1,1,1,0,1,0,0,0,2021,1,0,0,0,0,1,0,,0.0,0.0,0.0,0.0,3.0,0,0,0,0,0,1
NER,97102,971,2,1,4.0,1,0,1,1,1,0,0,0,1,1,0,0,2021,0,0,0,0,0,0,0,,0.0,5.0,0.0,0.0,0.0,0,0,0,0,0,0
NER,97104,971,4,1,1.0,1,0,1,1,1,1,1,0,1,0,0,0,2021,1,0,0,0,0,0,0,,0.0,2.0,0.0,0.0,0.0,0,0,1,0,0,0
NER,97105,971,5,1,1.0,1,1,1,1,1,1,1,0,1,1,0,0,2021,1,0,0,0,0,0,0,,,,,,,0,0,0,0,0,0
NER,97106,971,6,1,2.0,1,0,0,1,1,0,1,0,1,0,0,0,2021,0,0,0,0,0,0,0,,,,,,,1,0,0,0,0,0
NER,97107,971,7,1,3.0,1,1,1,0,0,0,1,0,1,1,1,0,2021,1,0,0,0,0,1,0,,,,,,,0,1,1,1,0,0
NER,97108,971,8,1,1.0,1,0,1,1,1,0,0,0,0,0,0,0,2021,0,0,0,0,0,0,0,,1.0,1.0,0.0,0.0,0.0,0,0,0,0,0,0
NER,97109,971,9,1,4.0,1,1,1,1,1,1,1,0,1,0,0,0,2021,1,0,0,0,0,1,0,,,,,,,0,0,1,0,0,0
NER,97110,971,10,1,4.0,1,0,1,1,1,0,0,0,1,1,1,0,2021,0,0,0,0,0,0,0,,,,,,,1,0,0,0,0,0
NER,97111,971,11,1,4.0,1,1,1,1,1,1,1,0,1,0,0,0,2021,0,0,0,0,0,0,0,,,,,,,1,0,1,0,0,0
NER,97112,971,12,1,2.0,1,0,1,1,1,1,1,0,1,0,0,1,2021,1,0,1,0,0,1,0,,0.0,0.0,0.0,0.0,14.0,1,0,0,0,0,0
NER,97113,971,13,1,4.0,1,0,0,1,1,0,0,0,1,0,0,0,2021,0,0,0,0,0,0,0,,0.0,0.0,0.0,0.0,12.0,0,1,0,0,0,0
NER,97201,972,1,2,4.0,1,1,1,1,1,1,1,0,1,1,1,0,2021,0,0,0,0,0,0,0,,,,,,,0,0,0,0,0,0
NER,97202,972,2,2,1.0,1,1,1,1,1,1,1,0,1,1,1,0,2021,1,0,1,0,1,1,0,,,,,,,0,0,0,0,0,0
NER,97203,972,3,2,4.0,1,1,1,1,1,1,1,0,1,1,1,0,2021,0,0,0,0,0,0,0,,,,,,,0,0,0,0,0,0
NER,97204,972,4,2,1.0,1,1,1,1,1,1,1,0,1,0,0,0,2021,1,0,0,0,1,1,0,,0.0,2.0,0.0,0.0,0.0,0,0,1,0,0,0
NER,97205,972,5,2,1.0,1,1,1,1,1,1,1,0,0,0,0,0,2021,0,0,0,0,0,0,1,,0.0,5.0,0.0,0.0,0.0,0,0,0,0,0,0
NER,97206,972,6,2,1.0,1,1,1,1,1,1,1,0,0,1,0,0,2021,1,0,1,0,1,0,0,,,,,,,0,0,0,0,0,0
NER,97207,972,7,2,1.0,1,1,1,1,1,1,1,0,0,1,1,0,2021,0,0,0,0,0,0,1,18.467112064361572,1.0,0.0,0.0,0.0,0.0,0,0,0,0,0,0
NER,97208,972,8,2,4.0,1,0,1,1,1,0,0,0,0,0,0,0,2021,0,0,0,0,0,0,0,3.4403644800186157,0.0,0.0,0.0,0.0,0.0,0,1,0,0,0,0
NER,97209,972,9,2,4.0,1,1,1,1,1,1,1,0,0,1,0,1,2021,1,1,1,1,1,1,0,,,,,,,0,0,0,1,0,0
NER,97211,972,11,2,3.0,1,1,1,1,1,0,1,0,0,0,0,0,2021,1,0,0,0,0,0,0,,,,,,,0,0,0,0,0,0
NER,97212,972,12,2,1.0,1,1,1,1,1,1,1,0,0,1,0,0,2021,1,1,1,1,0,1,1,,,,,,,0,0,0,0,0,0
NER,97215,972,15,2,3.0,1,1,1,1,1,0,0,0,1,0,0,0,2021,0,0,0,0,0,0,0,,,,,,,0,0,0,0,0,0
NER,97301,973,1,1,4.0,1,1,1,1,1,1,1,0,1,0,0,1,2021,0,0,0,0,0,0,0,,0.0,3.0,0.0,0.0,0.0,1,0,0,0,0,0
NER,97302,973,2,1,1.0,1,0,1,1,1,1,1,0,0,1,0,0,2021,0,0,0,0,0,0,0,,,,,,,1,0,0,0,0,0
NER,97304,973,4,1,1.0,1,0,1,1,1,1,1,0,1,1,1,0,2021,1,0,0,0,1,1,0,,,,,,,0,0,0,0,0,0
NER,97305,973,5,1,1.0,1,0,1,1,1,0,1,0,0,1,0,0,2021,1,0,0,0,0,1,0,,,,,,,0,0,0,0,0,0
NER,97306,973,6,1,4.0,1,0,1,1,1,1,1,0,1,0,0,1,2021,1,0,0,0,0,1,0,,0.0,2.0,0.0,0.0,0.0,1,1,0,1,0,0
NER,97307,973,7,1,3.0,1,1,1,1,1,0,1,0,0,0,0,1,2021,1,0,0,0,0,1,0,,,,,,,0,1,0,0,0,0
NER,97308,973,8,1,3.0,1,0,1,1,1,1,1,0,0,1,0,0,2021,1,0,0,0,0,1,0,,,,,,,0,0,0,0,0,0
NER,97309,973,9,1,3.0,1,0,0,1,1,0,0,0,1,0,0,0,2021,0,0,0,0,0,0,0,,0.0,0.0,0.0,0.0,6.0,0,0,0,0,0,0
NER,97310,973,10,1,1.0,1,0,1,1,1,1,1,0,1,0,0,1,2021,1,0,1,0,0,1,0,,,,,,,0,0,0,1,0,0
NER,97311,973,11,1,1.0,1,0,1,1,1,1,1,0,0,1,1,0,2021,1,0,0,0,0,1,0,,,,,,,0,0,0,0,0,0
NER,97312,973,12,1,4.0,1,0,0,1,1,0,0,0,1,0,0,0,2021,0,0,0,0,0,0,0,,,,,,,1,0,0,0,0,0
NER,97316,973,16,1,3.0,1,0,0,0,0,0,1,0,1,0,0,0,2021,0,0,0,0,0,0,0,,,,,,,0,0,0,1,0,0
NER,97401,974,1,2,1.0,1,0,1,1,1,0,1,0,1,1,0,0,2021,1,0,0,0,0,0,0,,0.0,13.0,0.0,0.0,0.0,0,0,1,0,0,0
NER,97402,974,2,2,4.0,1,1,1,1,1,1,1,0,1,1,1,1,2021,1,1,1,1,0,1,1,,,,,,,0,0,0,0,0,0
NER,97403,974,3,2,1.0,1,1,1,1,1,0,0,0,1,0,0,0,2021,1,0,0,0,0,0,0,,,,,,,0,0,0,0,0,0
NER,97404,974,4,2,3.0,1,1,1,1,1,0,1,0,1,0,1,0,2021,1,0,0,0,0,1,0,,0.0,1.0,0.0,0.0,0.0,0,0,0,0,0,0
NER,97405,974,5,2,1.0,1,1,1,1,1,1,1,0,0,0,0,0,2021,0,0,0,0,0,0,0,,,,,,,0,0,0,1,0,0
NER,97406,974,6,2,1.0,1,1,1,1,1,0,1,0,0,0,0,0,2021,0,0,0,0,0,0,0,,0.0,0.0,0.0,0.0,7.0,0,0,0,0,0,0
NER,97407,974,7,2,3.0,1,1,1,1,1,1,1,0,0,0,0,0,2021,1,0,0,0,0,0,0,,,,,,,0,0,0,0,0,0
NER,97408,974,8,2,1.0,1,1,1,1,1,0,0,0,0,0,0,0,2021,0,0,0,0,0,0,0,,0.0,6.0,0.0,0.0,0.0,0,1,0,1,0,0
NER,97409,974,9,2,1.0,1,1,1,1,1,1,1,0,0,0,1,0,2021,1,0,0,0,0,0,0,,0.0,1.0,0.0,0.0,0.0,0,0,0,0,0,0
NER,97410,974,10,2,4.0,1,1,1,1,1,1,1,0,0,0,0,0,2021,0,0,0,0,0,0,0,,,,,,,1,0,0,0,0,0
NER,97411,974,11,2,1.0,1,1,1,1,1,0,1,0,0,0,0,0,2021,0,0,0,0,0,0,0,,0.0,3.0,0.0,0.0,0.0,0,0,0,0,0,0
NER,97412,974,12,2,3.0,1,1,1,1,1,0,0,0,0,0,0,0,2021,0,0,0,0,0,0,0,,,,,,,0,0,0,1,0,0
NER,97501,975,1,1,3.0,1,0,1,1,1,0,0,0,1,0,0,0,2021,0,0,0,0,0,0,0,,,,,,,0,0,0,0,0,0
NER,97502,975,2,1,3.0,1,0,1,1,1,0,0,0,0,1,0,0,2021,0,0,0,0,0,0,0,3.2346999645233154,0.0,3.0,0.0,0.0,0.0,0,0,0,0,0,0
NER,97503,975,3,1,4.0,1,0,0,1,1,0,1,0,1,0,0,0,2021,0,0,0,0,0,0,0,,,,,,,0,0,0,0,0,0
NER,97504,975,4,1,3.0,1,0,1,0,1,0,1,0,1,1,0,0,2021,1,0,0,0,0,1,0,,,,,,,0,0,0,0,0,0
NER,97505,975,5,1,3.0,1,0,1,1,1,1,1,0,0,1,0,0,2021,0,0,0,0,0,0,0,,,,,,,0,0,0,0,0,0
NER,97506,975,6,1,4.0,1,0,0,1,1,0,1,0,1,0,0,0,2021,0,0,0,0,0,0,0,,,,,,,0,0,0,0,0,0
NER,97507,975,7,1,3.0,1,1,0,1,1,0,1,0,1,1,1,0,2021,0,0,0,0,0,0,0,,,,,,,0,0,0,0,0,0
NER,97508,975,8,1,3.0,1,0,1,1,1,1,1,0,0,0,0,0,2021,0,0,0,0,0,0,0,,,,,,,0,0,0,0,0,0
NER,97509,975,9,1,3.0,1,0,0,1,1,0,0,0,0,0,0,0,2021,0,0,0,0,0,0,0,,,,,,,1,0,0,0,0,0
NER,97510,975,10,1,1.0,1,1,1,1,1,1,1,0,1,1,0,0,2021,1,1,1,1,1,1,1,,0.0,3.0,0.0,0.0,14.0,1,0,0,0,0,0
NER,97511,975,11,1,1.0,1,0,1,1,1,1,1,0,0,1,0,0,2021,0,0,0,0,0,0,0,,0.0,0.0,0.0,0.0,8.0,0,0,0,0,0,0
NER,97512,975,12,1,3.0,1,1,1,1,1,1,1,0,1,1,0,0,2021,1,0,1,0,0,1,0,,,,,,,0,0,0,0,0,0
NER,99001,990,1,2,4.0,0,0,0,1,1,0,0,0,0,0,0,0,2021,0,0,0,0,0,0,0,,,,,,,0,0,0,0,1,0
NER,99002,990,2,2,4.0,0,0,0,1,1,0,0,0,0,0,0,0,2021,0,0,0,0,0,0,0,,,,,,,0,0,0,0,1,0
NER,99003,990,3,2,4.0,0,0,0,1,1,0,0,0,0,0,0,0,2021,0,0,0,0,0,0,0,,,,,,,0,0,0,0,1,0
NER,99004,990,4,2,4.0,0,0,0,1,1,0,0,0,0,0,0,0,2021,0,0,0,0,0,0,0,,,,,,,0,0,0,0,1,0
NER,99005,990,5,2,4.0,0,0,0,1,1,0,0,0,0,0,0,0,2021,0,0,0,0,0,0,0,,,,,,,0,0,0,0,1,0
NER,99006,990,6,2,4.0,0,0,0,1,1,0,0,0,0,0,0,0,2021,0,0,0,0,0,0,0,,,,,,,0,0,0,0,1,0
NER,99007,990,7,2,4.0,0,0,0,1,1,0,0,0,0,0,0,0,2021,0,0,0,0,0,0,0,,,,,,,0,0,0,0,1,0
NER,99008,990,8,2,4.0,0,0,0,1,1,0,0,0,0,0,0,0,2021,0,0,0,0,0,0,0,,,,,,,0,0,0,0,1,0
NER,99009,990,9,2,4.0,0,0,0,1,1,0,0,0,0,0,0,0,2021,0,0,0,0,0,0,0,,0.0,2.0,0.0,0.0,0.0,1,0,0,0,1,0
NER,99010,990,10,2,4.0,0,0,0,1,1,0,0,0,0,0,0,0,2021,0,0,0,0,0,0,0,,,,,,,1,0,1,1,1,0
NER,99011,990,11,2,4.0,0,0,0,1,1,0,0,0,0,0,0,0,2021,0,0,0,0,0,0,0,,,,,,,0,0,1,1,0,0
NER,99012,990,12,2,4.0,0,0,0,1,1,0,0,0,0,0,0,0,2021,0,0,0,0,0,0,0,,,,,,,0,0,1,1,1,0
NER,99517,995,17,1,2.0,0,0,0,0,0,0,0,0,0,0,0,0,2021,0,0,0,0,0,0,0,,46.0,65.0,0.0,0.0,0.0,0,0,0,1,0,0
NER,99518,995,18,1,2.0,0,0,0,0,0,0,0,0,0,0,0,0,2021,0,0,0,0,0,0,0,,30.0,56.0,0.0,0.0,0.0,0,1,0,0,0,0
NER,99521,995,21,1,2.0,0,0,0,0,0,0,0,0,0,0,0,0,2021,0,0,0,0,0,0,0,,8.0,60.0,0.0,0.0,0.0,1,1,1,1,0,0
NER,99522,995,22,1,2.0,0,0,0,0,0,0,0,0,1,0,0,0,2021,0,0,0,0,0,0,0,,11.0,61.0,0.0,0.0,0.0,0,0,0,0,0,0
NER,99523,995,23,1,2.0,0,0,0,0,0,0,0,0,0,0,0,0,2021,0,0,0,0,0,0,0,,11.0,66.0,0.0,0.0,0.0,0,0,0,0,0,0
NER,99525,995,25,1,2.0,0,0,0,0,0,0,0,0,0,0,0,0,2021,0,0,0,0,0,0,0,,10.0,76.0,0.0,0.0,0.0,1,0,0,0,0,0
NER,99526,995,26,1,2.0,0,0,0,0,0,0,0,0,0,0,0,0,2021,0,0,0,0,0,0,0,,12.0,54.0,0.0,0.0,0.0,0,0,0,1,0,0
NER,99528,995,28,1,2.0,0,0,0,0,0,0,0,0,0,0,0,0,2021,0,0,0,0,0,0,0,,9.0,36.0,0.0,0.0,0.0,0,0,0,0,0,0
NER,99617,996,17,1,2.0,0,0,0,0,0,0,0,0,0,0,0,0,2021,0,0,0,0,0,0,0,,32.0,78.0,0.0,0.0,4.0,0,0,1,0,0,0
NER,99618,996,18,1,1.0,0,0,0,0,0,0,0,0,0,0,0,0,2021,0,0,0,0,0,0,0,,63.0,170.0,0.0,0.0,0.0,0,0,1,0,0,0
NER,99619,996,19,1,2.0,0,0,0,0,0,0,0,0,0,0,0,0,2021,0,0,0,0,0,0,0,,27.0,56.0,0.0,0.0,0.0,0,1,0,0,1,0
NER,99620,996,20,1,2.0,0,0,0,0,0,0,0,0,0,0,0,0,2021,0,0,0,0,0,0,0,,55.0,150.0,0.0,0.0,0.0,0,1,1,0,0,0
NER,99621,996,21,1,2.0,0,0,0,0,1,0,0,0,0,0,0,0,2021,0,0,0,0,0,0,0,1.882699966430664,30.0,50.0,0.0,0.0,0.0,0,0,0,0,0,0
NER,99622,996,22,1,2.0,0,0,0,0,0,0,0,0,0,0,0,0,2021,0,0,0,0,0,0,0,,74.0,81.0,0.0,0.0,0.0,0,0,0,0,0,0
NER,99623,996,23,1,2.0,0,0,0,0,0,0,0,0,0,0,0,0,2021,0,0,0,0,0,0,0,,43.0,59.0,0.0,0.0,0.0,0,0,0,0,0,0
NER,99624,996,24,1,2.0,0,0,0,1,1,0,0,0,0,0,0,0,2021,0,0,0,0,0,0,0,2.4296000003814697,71.0,70.0,0.0,0.0,0.0,0,1,0,0,0,0
NER,99625,996,25,1,2.0,0,0,0,0,0,0,0,0,0,0,0,0,2021,0,0,0,0,0,0,0,,47.0,55.0,0.0,0.0,0.0,0,1,0,0,0,0
NER,99626,996,26,1,2.0,0,0,0,0,0,0,0,0,0,0,0,0,2021,0,0,0,0,0,0,0,,18.0,52.0,0.0,0.0,0.0,0,1,0,0,0,0
NER,99627,996,27,1,2.0,0,0,0,0,0,0,0,0,0,0,0,0,2021,0,0,0,0,0,0,0,,37.0,48.0,0.0,0.0,0.0,0,1,0,0,0,0
NER,99628,996,28,1,2.0,0,0,0,0,0,0,0,0,0,0,0,0,2021,0,0,0,0,0,0,0,,21.0,65.0,0.0,0.0,0.0,0,1,0,0,0,0
