grappe,menage,vague,region,milieu,ps_plisse,poids,urbrur
11,5,1,1,1,74.82474647969335,74.824745,1
28,14,2,1,1,120.44879367855818,120.44879,1
26,19,2,1,1,314.3825853675696,314.3826,1
23,4,1,1,1,89.71482417838288,89.71482,1
45,24,1,1,1,218.71760941868774,218.7176,1
16,9,2,1,1,216.37613225938918,216.37613,1
25,7,1,1,1,327.38188234737777,327.3819,1
10,18,2,1,1,336.50476397765914,336.50476,1
25,15,1,1,1,327.38188234737777,327.3819,1
4,12,2,1,1,211.369863292114,211.36986,1
26,13,2,1,1,222.81368596823785,222.81369,1
28,1,2,1,1,120.44879367855818,120.44879,1
27,15,1,1,1,422.7683005489073,422.7683,1
27,19,1,1,1,708.3692826901687,708.36926,1
11,6,1,1,1,74.82474647969335,74.824745,1
27,7,1,1,1,422.7683005489073,422.7683,1
28,8,2,1,1,120.44879367855818,120.44879,1
29,23,1,1,1,349.7341310450371,349.73413,1
45,9,1,1,1,81.87385974257928,81.87386,1
29,2,1,1,1,189.27674769251473,189.27675,1
10,6,2,1,1,212.82429953335694,212.8243,1
29,20,1,1,1,349.7341310450371,349.73413,1
32,1,2,1,1,77.36236946682422,77.362366,1
27,23,1,1,1,708.3692826901687,708.36926,1
31,7,1,1,1,149.61705001396564,149.61705,1
31,8,1,1,1,149.61705001396564,149.61705,1
31,10,1,1,1,149.61705001396564,149.61705,1
11,17,1,1,1,112.8467772174882,112.84678,1
31,13,1,1,1,149.61705001396564,149.61705,1
28,5,2,1,1,120.44879367855818,120.44879,1
31,22,1,1,1,379.0542765561661,379.0543,1
34,12,2,1,1,139.1048974249568,139.1049,1
33,7,1,1,1,98.21972607564092,98.21973,1
33,11,1,1,1,98.21972607564092,98.21973,1
10,3,2,1,1,212.82429953335694,212.8243,1
35,6,1,1,1,162.97742520141418,162.97743,1
35,10,1,1,1,162.97742520141418,162.97743,1
35,11,1,1,1,162.97742520141418,162.97743,1
29,5,1,1,1,189.27674769251473,189.27675,1
2,1,2,1,1,100.71822478591038,100.71822,1
29,27,1,1,1,349.7341310450371,349.73413,1
31,9,1,1,1,149.61705001396564,149.61705,1
11,1,1,1,1,74.82474647969335,74.824745,1
8,16,2,1,1,94.4638491707159,94.46385,1
7,8,1,1,1,69.71566016697098,69.71566,1
30,27,2,1,1,127.12493189822472,127.12493,1
25,14,1,1,1,327.38188234737777,327.3819,1
16,17,2,1,1,783.0077363289735,783.00775,1
10,2,2,1,1,212.82429953335694,212.8243,1
4,17,2,1,1,350.91535327878563,350.91534,1
45,6,1,1,1,81.87385974257928,81.87386,1
45,10,1,1,1,81.87385974257928,81.87386,1
45,12,1,1,1,81.87385974257928,81.87386,1
23,1,1,1,1,89.71482417838288,89.71482,1
34,23,2,1,1,210.30683699290563,210.30684,1
5,3,1,1,1,88.05808437459754,88.05808,1
34,27,2,1,1,210.30683699290563,210.30684,1
32,16,2,1,1,77.36236946682422,77.362366,1
34,10,2,1,1,139.1048974249568,139.1049,1
7,10,1,1,1,69.71566016697098,69.71566,1
25,2,1,1,1,327.38188234737777,327.3819,1
5,10,1,1,1,88.05808437459754,88.05808,1
45,11,1,1,1,81.87385974257928,81.87386,1
4,13,2,1,1,211.369863292114,211.36986,1
23,7,1,1,1,89.71482417838288,89.71482,1
11,23,1,1,1,112.8467772174882,112.84678,1
33,12,1,1,1,98.21972607564092,98.21973,1
25,6,1,1,1,327.38188234737777,327.3819,1
31,11,1,1,1,149.61705001396564,149.61705,1
23,11,1,1,1,89.71482417838288,89.71482,1
27,27,1,1,1,708.3692826901687,708.36926,1
5,11,1,1,1,88.05808437459754,88.05808,1
29,12,1,1,1,189.27674769251473,189.27675,1
35,4,1,1,1,162.97742520141418,162.97743,1
6,18,2,1,1,253.00526228859275,253.00526,1
9,4,1,1,1,285.6429595356379,285.64294,1
34,5,2,1,1,139.1048974249568,139.1049,1
30,28,2,1,1,127.12493189822472,127.12493,1
25,13,1,1,1,327.38188234737777,327.3819,1
34,3,2,1,1,139.1048974249568,139.1049,1
8,14,2,1,1,94.4638491707159,94.46385,1
26,10,2,1,1,222.81368596823785,222.81369,1
5,12,1,1,1,88.05808437459754,88.05808,1
16,10,2,1,1,216.37613225938918,216.37613,1
28,25,2,1,1,297.8782057341229,297.8782,1
26,16,2,1,1,222.81368596823785,222.81369,1
32,28,2,1,1,93.20842572817456,93.20843,1
32,4,2,1,1,77.36236946682422,77.362366,1
34,8,2,1,1,139.1048974249568,139.1049,1
16,11,2,1,1,216.37613225938918,216.37613,1
25,10,1,1,1,327.38188234737777,327.3819,1
25,8,1,1,1,327.38188234737777,327.3819,1
29,9,1,1,1,189.27674769251473,189.27675,1
33,8,1,1,1,98.21972607564092,98.21973,1
6,14,2,1,1,127.55998495884558,127.55998,1
2,26,2,1,1,224.09510891964766,224.09511,1
28,7,2,1,1,120.44879367855818,120.44879,1
6,12,2,1,1,127.55998495884558,127.55998,1
31,12,1,1,1,149.61705001396564,149.61705,1
45,7,1,1,1,81.87385974257928,81.87386,1
2,13,2,1,1,100.71822478591038,100.71822,1
23,28,1,1,1,299.09613674893393,299.09613,1
31,5,1,1,1,149.61705001396564,149.61705,1
23,5,1,1,1,89.71482417838288,89.71482,1
5,9,1,1,1,88.05808437459754,88.05808,1
8,7,2,1,1,94.4638491707159,94.46385,1
23,8,1,1,1,89.71482417838288,89.71482,1
34,11,2,1,1,139.1048974249568,139.1049,1
23,3,1,1,1,89.71482417838288,89.71482,1
10,21,2,1,1,336.50476397765914,336.50476,1
27,10,1,1,1,422.7683005489073,422.7683,1
35,9,1,1,1,162.97742520141418,162.97743,1
27,11,1,1,1,422.7683005489073,422.7683,1
4,9,2,1,1,211.369863292114,211.36986,1
33,5,1,1,1,98.21972607564092,98.21973,1
28,6,2,1,1,120.44879367855818,120.44879,1
45,2,1,1,1,81.87385974257928,81.87386,1
26,24,2,1,1,314.3825853675696,314.3826,1
4,11,2,1,1,211.369863292114,211.36986,1
30,3,2,1,1,141.75873589669553,141.75874,1
30,25,2,1,1,127.12493189822472,127.12493,1
4,8,2,1,1,211.369863292114,211.36986,1
32,18,2,1,1,93.20842572817456,93.20843,1
25,12,1,1,1,327.38188234737777,327.3819,1
16,15,2,1,1,216.37613225938918,216.37613,1
6,16,2,1,1,127.55998495884558,127.55998,1
25,4,1,1,1,327.38188234737777,327.3819,1
30,22,2,1,1,127.12493189822472,127.12493,1
6,5,2,1,1,127.55998495884558,127.55998,1
45,28,1,1,1,218.71760941868774,218.7176,1
32,3,2,1,1,77.36236946682422,77.362366,1
27,4,1,1,1,422.7683005489073,422.7683,1
32,26,2,1,1,93.20842572817456,93.20843,1
6,20,2,1,1,253.00526228859275,253.00526,1
9,12,1,1,1,285.6429595356379,285.64294,1
16,5,2,1,1,216.37613225938918,216.37613,1
30,11,2,1,1,141.75873589669553,141.75874,1
5,6,1,1,1,88.05808437459754,88.05808,1
26,9,2,1,1,222.81368596823785,222.81369,1
25,16,1,1,1,327.38188234737777,327.3819,1
35,1,1,1,1,162.97742520141418,162.97743,1
16,2,2,1,1,216.37613225938918,216.37613,1
10,20,2,1,1,336.50476397765914,336.50476,1
7,24,1,1,1,136.61423559228254,136.61424,1
2,7,2,1,1,100.71822478591038,100.71822,1
2,19,2,1,1,224.09510891964766,224.09511,1
9,5,1,1,1,285.6429595356379,285.64294,1
10,1,2,1,1,212.82429953335694,212.8243,1
16,8,2,1,1,216.37613225938918,216.37613,1
33,9,1,1,1,98.21972607564092,98.21973,1
10,19,2,1,1,336.50476397765914,336.50476,1
6,17,2,1,1,253.00526228859275,253.00526,1
7,4,1,1,1,69.71566016697098,69.71566,1
28,28,2,1,1,297.8782057341229,297.8782,1
32,7,2,1,1,77.36236946682422,77.362366,1
9,10,1,1,1,285.6429595356379,285.64294,1
29,7,1,1,1,189.27674769251473,189.27675,1
4,14,2,1,1,211.369863292114,211.36986,1
29,8,1,1,1,189.27674769251473,189.27675,1
29,19,1,1,1,349.7341310450371,349.73413,1
28,10,2,1,1,120.44879367855818,120.44879,1
35,2,1,1,1,162.97742520141418,162.97743,1
33,20,1,1,1,267.32023506806206,267.32022,1
7,7,1,1,1,69.71566016697098,69.71566,1
2,11,2,1,1,100.71822478591038,100.71822,1
35,23,1,1,1,459.48992759356355,459.48993,1
28,4,2,1,1,120.44879367855818,120.44879,1
8,9,2,1,1,94.4638491707159,94.46385,1
35,3,1,1,1,162.97742520141418,162.97743,1
26,18,2,1,1,314.3825853675696,314.3826,1
4,20,2,1,1,350.91535327878563,350.91534,1
25,5,1,1,1,327.38188234737777,327.3819,1
8,2,2,1,1,94.4638491707159,94.46385,1
34,6,2,1,1,139.1048974249568,139.1049,1
30,1,2,1,1,141.75873589669553,141.75874,1
23,10,1,1,1,89.71482417838288,89.71482,1
8,11,2,1,1,94.4638491707159,94.46385,1
8,18,2,1,1,241.86353112831534,241.86353,1
32,25,2,1,1,93.20842572817456,93.20843,1
33,1,1,1,1,98.21972607564092,98.21973,1
9,7,1,1,1,285.6429595356379,285.64294,1
8,3,2,1,1,94.4638491707159,94.46385,1
2,16,2,1,1,100.71822478591038,100.71822,1
30,8,2,1,1,141.75873589669553,141.75874,1
27,22,1,1,1,708.3692826901687,708.36926,1
4,3,2,1,1,211.369863292114,211.36986,1
4,18,2,1,1,350.91535327878563,350.91534,1
32,17,2,1,1,93.20842572817456,93.20843,1
6,7,2,1,1,127.55998495884558,127.55998,1
34,17,2,1,1,210.30683699290563,210.30684,1
2,6,2,1,1,100.71822478591038,100.71822,1
45,8,1,1,1,81.87385974257928,81.87386,1
6,11,2,1,1,127.55998495884558,127.55998,1
4,15,2,1,1,211.369863292114,211.36986,1
33,3,1,1,1,98.21972607564092,98.21973,1
16,12,2,1,1,216.37613225938918,216.37613,1
32,11,2,1,1,77.36236946682422,77.362366,1
8,6,2,1,1,94.4638491707159,94.46385,1
35,28,1,1,1,459.48992759356355,459.48993,1
7,21,1,1,1,136.61423559228254,136.61424,1
7,11,1,1,1,69.71566016697098,69.71566,1
26,8,2,1,1,222.81368596823785,222.81369,1
11,3,1,1,1,74.82474647969335,74.824745,1
45,1,1,1,1,81.87385974257928,81.87386,1
10,9,2,1,1,212.82429953335694,212.8243,1
30,7,2,1,1,141.75873589669553,141.75874,1
35,12,1,1,1,162.97742520141418,162.97743,1
26,26,2,1,1,314.3825853675696,314.3826,1
34,26,2,1,1,210.30683699290563,210.30684,1
10,12,2,1,1,212.82429953335694,212.8243,1
9,11,1,1,1,285.6429595356379,285.64294,1
33,10,1,1,1,98.21972607564092,98.21973,1
27,5,1,1,1,422.7683005489073,422.7683,1
23,2,1,1,1,89.71482417838288,89.71482,1
30,26,2,1,1,127.12493189822472,127.12493,1
29,3,1,1,1,189.27674769251473,189.27675,1
5,8,1,1,1,88.05808437459754,88.05808,1
26,7,2,1,1,222.81368596823785,222.81369,1
31,16,1,1,1,149.61705001396564,149.61705,1
23,12,1,1,1,89.71482417838288,89.71482,1
34,4,2,1,1,139.1048974249568,139.1049,1
8,12,2,1,1,94.4638491707159,94.46385,1
31,3,1,1,1,149.61705001396564,149.61705,1
23,9,1,1,1,89.71482417838288,89.71482,1
6,6,2,1,1,127.55998495884558,127.55998,1
9,3,1,1,1,285.6429595356379,285.64294,1
6,15,2,1,1,127.55998495884558,127.55998,1
27,28,1,1,1,708.3692826901687,708.36926,1
7,5,1,1,1,69.71566016697098,69.71566,1
10,7,2,1,1,212.82429953335694,212.8243,1
5,7,1,1,1,88.05808437459754,88.05808,1
28,12,2,1,1,120.44879367855818,120.44879,1
7,25,1,1,1,136.61423559228254,136.61424,1
8,17,2,1,1,241.86353112831534,241.86353,1
2,9,2,1,1,100.71822478591038,100.71822,1
16,3,2,1,1,216.37613225938918,216.37613,1
11,12,1,1,1,74.82474647969335,74.824745,1
2,5,2,1,1,100.71822478591038,100.71822,1
11,9,1,1,1,74.82474647969335,74.824745,1
11,18,1,1,1,112.8467772174882,112.84678,1
5,2,1,1,1,88.05808437459754,88.05808,1
26,3,2,1,1,222.81368596823785,222.81369,1
8,4,2,1,1,94.4638491707159,94.46385,1
4,22,2,1,1,350.91535327878563,350.91534,1
7,6,1,1,1,69.71566016697098,69.71566,1
2,10,2,1,1,100.71822478591038,100.71822,1
9,6,1,1,1,285.6429595356379,285.64294,1
30,20,2,1,1,127.12493189822472,127.12493,1
35,7,1,1,1,162.97742520141418,162.97743,1
6,10,2,1,1,127.55998495884558,127.55998,1
9,2,1,1,1,285.6429595356379,285.64294,1
7,1,1,1,1,69.71566016697098,69.71566,1
26,27,2,1,1,314.3825853675696,314.3826,1
5,17,1,1,1,349.3740348764604,349.37402,1
11,11,1,1,1,74.82474647969335,74.824745,1
33,23,1,1,1,267.32023506806206,267.32022,1
9,9,1,1,1,285.6429595356379,285.64294,1
27,1,1,1,1,422.7683005489073,422.7683,1
33,6,1,1,1,98.21972607564092,98.21973,1
7,13,1,1,1,69.71566016697098,69.71566,1
29,6,1,1,1,189.27674769251473,189.27675,1
2,3,2,1,1,100.71822478591038,100.71822,1
5,1,1,1,1,88.05808437459754,88.05808,1
16,6,2,1,1,216.37613225938918,216.37613,1
16,4,2,1,1,216.37613225938918,216.37613,1
5,5,1,1,1,88.05808437459754,88.05808,1
31,21,1,1,1,379.0542765561661,379.0543,1
11,21,1,1,1,112.8467772174882,112.84678,1
28,9,2,1,1,120.44879367855818,120.44879,1
11,2,1,1,1,74.82474647969335,74.824745,1
45,5,1,1,1,81.87385974257928,81.87386,1
32,24,2,1,1,93.20842572817456,93.20843,1
10,8,2,1,1,212.82429953335694,212.8243,1
21,12,1,1,2,213.87808623733,213.87808,2
37,6,1,1,2,43.54743147003369,43.547432,2
14,10,2,1,2,316.6571829650941,316.6572,2
47,5,1,1,2,57.54547471813353,57.545475,2
19,6,1,1,2,154.60990392354827,154.60991,2
38,5,2,1,2,167.49405991065046,167.49406,2
39,1,1,1,2,366.7905043050994,366.7905,2
41,2,1,1,2,297.46583854296716,297.46585,2
47,2,1,1,2,57.54547471813353,57.545475,2
15,11,1,1,2,146.16855859438903,146.16856,2
50,4,2,1,2,231.00265281778226,231.00266,2
48,7,2,1,2,78.25127469134024,78.251274,2
47,8,1,1,2,57.54547471813353,57.545475,2
46,19,2,1,2,300.05447523215093,300.05447,2
12,14,2,1,2,114.66818573043547,114.66818,2
49,12,1,1,2,134.51580198818,134.51581,2
47,10,1,1,2,57.54547471813353,57.545475,2
39,12,1,1,2,366.7905043050994,366.7905,2
48,1,2,1,2,78.25127469134024,78.251274,2
48,6,2,1,2,78.25127469134024,78.251274,2
48,4,2,1,2,78.25127469134024,78.251274,2
24,8,2,1,2,272.89770862717126,272.8977,2
40,5,2,1,2,181.91180126281452,181.9118,2
43,1,1,1,2,202.96778592986954,202.96779,2
49,5,1,1,2,134.51580198818,134.51581,2
52,12,2,1,2,137.29192548136945,137.29193,2
46,18,2,1,2,300.05447523215093,300.05447,2
41,10,1,1,2,297.46583854296716,297.46585,2
48,10,2,1,2,78.25127469134024,78.251274,2
43,12,1,1,2,202.96778592986954,202.96779,2
49,1,1,1,2,134.51580198818,134.51581,2
49,3,1,1,2,134.51580198818,134.51581,2
51,3,1,1,2,387.40878595575805,387.40878,2
40,9,2,1,2,181.91180126281452,181.9118,2
48,5,2,1,2,78.25127469134024,78.251274,2
21,8,1,1,2,213.87808623733,213.87808,2
13,11,1,1,2,116.17456126586889,116.17456,2
42,2,2,1,2,199.502329215115,199.50233,2
40,2,2,1,2,181.91180126281452,181.9118,2
15,2,1,1,2,146.16855859438903,146.16856,2
20,23,2,1,2,283.8513297226046,283.85132,2
46,9,2,1,2,137.3462478330384,137.34625,2
38,10,2,1,2,167.49405991065046,167.49406,2
13,17,1,1,2,111.39164669143848,111.39165,2
46,16,2,1,2,137.3462478330384,137.34625,2
52,2,2,1,2,137.29192548136945,137.29193,2
14,1,2,1,2,316.6571829650941,316.6572,2
3,11,1,1,2,255.75281957515304,255.75282,2
37,10,1,1,2,43.54743147003369,43.547432,2
12,15,2,1,2,114.66818573043547,114.66818,2
51,12,1,1,2,387.40878595575805,387.40878,2
50,10,2,1,2,231.00265281778226,231.00266,2
15,9,1,1,2,146.16855859438903,146.16856,2
38,11,2,1,2,167.49405991065046,167.49406,2
19,15,1,1,2,154.60990392354827,154.60991,2
20,12,2,1,2,123.90726061876899,123.90726,2
15,12,1,1,2,146.16855859438903,146.16856,2
19,17,1,1,2,463.82971177064485,463.8297,2
19,12,1,1,2,154.60990392354827,154.60991,2
47,6,1,1,2,57.54547471813353,57.545475,2
20,7,2,1,2,123.90726061876899,123.90726,2
19,11,1,1,2,154.60990392354827,154.60991,2
3,8,1,1,2,255.75281957515304,255.75282,2
44,7,2,1,2,154.7674965103715,154.7675,2
20,19,2,1,2,283.8513297226046,283.85132,2
50,6,2,1,2,231.00265281778226,231.00266,2
995,21,1,1,2,288.4905761731363,288.49057,2
41,11,1,1,2,297.46583854296716,297.46585,2
48,9,2,1,2,78.25127469134024,78.251274,2
24,4,2,1,2,272.89770862717126,272.8977,2
43,8,1,1,2,202.96778592986954,202.96779,2
17,2,1,1,2,249.3463646610166,249.34636,2
42,5,2,1,2,199.502329215115,199.50233,2
43,6,1,1,2,202.96778592986954,202.96779,2
3,28,1,1,2,431.9007029008773,431.9007,2
36,17,2,1,2,318.94502712824993,318.94504,2
51,5,1,1,2,387.40878595575805,387.40878,2
40,1,2,1,2,181.91180126281452,181.9118,2
13,1,1,1,2,116.17456126586889,116.17456,2
12,4,2,1,2,114.66818573043547,114.66818,2
21,17,1,1,2,738.0836664943456,738.0837,2
38,8,2,1,2,167.49405991065046,167.49406,2
38,9,2,1,2,167.49405991065046,167.49406,2
42,10,2,1,2,199.502329215115,199.50233,2
49,2,1,1,2,134.51580198818,134.51581,2
49,6,1,1,2,134.51580198818,134.51581,2
995,28,1,1,2,288.4905761731363,288.49057,2
50,9,2,1,2,231.00265281778226,231.00266,2
1,21,2,1,2,91.37228845087041,91.37229,2
40,12,2,1,2,181.91180126281452,181.9118,2
39,11,1,1,2,366.7905043050994,366.7905,2
49,4,1,1,2,134.51580198818,134.51581,2
22,5,1,1,2,80.08695653079886,80.08696,2
41,12,1,1,2,297.46583854296716,297.46585,2
1,4,2,1,2,67.89172140006136,67.89172,2
50,7,2,1,2,231.00265281778226,231.00266,2
51,4,1,1,2,387.40878595575805,387.40878,2
15,4,1,1,2,146.16855859438903,146.16856,2
51,7,1,1,2,387.40878595575805,387.40878,2
22,6,1,1,2,80.08695653079886,80.08696,2
22,1,1,1,2,80.08695653079886,80.08696,2
3,7,1,1,2,255.75281957515304,255.75282,2
21,3,1,1,2,213.87808623733,213.87808,2
22,10,1,1,2,80.08695653079886,80.08696,2
43,23,1,1,2,684.2954879465013,684.2955,2
41,7,1,1,2,297.46583854296716,297.46585,2
52,4,2,1,2,137.29192548136945,137.29193,2
36,10,2,1,2,203.80895028927958,203.80894,2
52,6,2,1,2,137.29192548136945,137.29193,2
21,11,1,1,2,213.87808623733,213.87808,2
18,2,2,1,2,332.05488953633545,332.0549,2
14,3,2,1,2,316.6571829650941,316.6572,2
14,5,2,1,2,316.6571829650941,316.6572,2
46,6,2,1,2,137.3462478330384,137.34625,2
43,11,1,1,2,202.96778592986954,202.96779,2
22,13,1,1,2,80.08695653079886,80.08696,2
24,3,2,1,2,272.89770862717126,272.8977,2
995,23,1,1,2,288.4905761731363,288.49057,2
18,12,2,1,2,332.05488953633545,332.0549,2
17,11,1,1,2,249.3463646610166,249.34636,2
3,17,1,1,2,431.9007029008773,431.9007,2
42,3,2,1,2,199.502329215115,199.50233,2
39,6,1,1,2,366.7905043050994,366.7905,2
47,11,1,1,2,57.54547471813353,57.545475,2
13,25,1,1,2,111.39164669143848,111.39165,2
36,7,2,1,2,203.80895028927958,203.80894,2
17,10,1,1,2,249.3463646610166,249.34636,2
1,6,2,1,2,67.89172140006136,67.89172,2
42,1,2,1,2,199.502329215115,199.50233,2
36,2,2,1,2,203.80895028927958,203.80894,2
46,14,2,1,2,137.3462478330384,137.34625,2
36,6,2,1,2,203.80895028927958,203.80894,2
41,4,1,1,2,297.46583854296716,297.46585,2
13,21,1,1,2,111.39164669143848,111.39165,2
40,11,2,1,2,181.91180126281452,181.9118,2
24,11,2,1,2,272.89770862717126,272.8977,2
40,3,2,1,2,181.91180126281452,181.9118,2
39,2,1,1,2,366.7905043050994,366.7905,2
14,9,2,1,2,316.6571829650941,316.6572,2
47,3,1,1,2,57.54547471813353,57.545475,2
12,17,2,1,2,319.0565869767242,319.05658,2
44,15,2,1,2,154.7674965103715,154.7675,2
39,4,1,1,2,366.7905043050994,366.7905,2
37,1,1,1,2,43.54743147003369,43.547432,2
50,17,2,1,2,764.3314495181473,764.3314,2
15,10,1,1,2,146.16855859438903,146.16856,2
1,5,2,1,2,67.89172140006136,67.89172,2
52,8,2,1,2,137.29192548136945,137.29193,2
52,15,2,1,2,137.29192548136945,137.29193,2
43,3,1,1,2,202.96778592986954,202.96779,2
52,7,2,1,2,137.29192548136945,137.29193,2
48,12,2,1,2,78.25127469134024,78.251274,2
52,5,2,1,2,137.29192548136945,137.29193,2
48,2,2,1,2,78.25127469134024,78.251274,2
42,8,2,1,2,199.502329215115,199.50233,2
20,10,2,1,2,123.90726061876899,123.90726,2
20,5,2,1,2,123.90726061876899,123.90726,2
13,23,1,1,2,111.39164669143848,111.39165,2
13,4,1,1,2,116.17456126586889,116.17456,2
14,11,2,1,2,316.6571829650941,316.6572,2
51,9,1,1,2,387.40878595575805,387.40878,2
37,9,1,1,2,43.54743147003369,43.547432,2
995,22,1,1,2,288.4905761731363,288.49057,2
12,16,2,1,2,114.66818573043547,114.66818,2
43,2,1,1,2,202.96778592986954,202.96779,2
13,26,1,1,2,111.39164669143848,111.39165,2
38,2,2,1,2,167.49405991065046,167.49406,2
15,1,1,1,2,146.16855859438903,146.16856,2
19,3,1,1,2,154.60990392354827,154.60991,2
20,2,2,1,2,123.90726061876899,123.90726,2
41,8,1,1,2,297.46583854296716,297.46585,2
13,19,1,1,2,111.39164669143848,111.39165,2
13,28,1,1,2,111.39164669143848,111.39165,2
41,1,1,1,2,297.46583854296716,297.46585,2
14,4,2,1,2,316.6571829650941,316.6572,2
21,7,1,1,2,213.87808623733,213.87808,2
46,1,2,1,2,137.3462478330384,137.34625,2
48,16,2,1,2,78.25127469134024,78.251274,2
38,3,2,1,2,167.49405991065046,167.49406,2
43,5,1,1,2,202.96778592986954,202.96779,2
17,5,1,1,2,249.3463646610166,249.34636,2
40,6,2,1,2,181.91180126281452,181.9118,2
37,11,1,1,2,43.54743147003369,43.547432,2
22,12,1,1,2,80.08695653079886,80.08696,2
44,3,2,1,2,154.7674965103715,154.7675,2
44,6,2,1,2,154.7674965103715,154.7675,2
24,1,2,1,2,272.89770862717126,272.8977,2
24,7,2,1,2,272.89770862717126,272.8977,2
42,11,2,1,2,199.502329215115,199.50233,2
19,1,1,1,2,154.60990392354827,154.60991,2
20,3,2,1,2,123.90726061876899,123.90726,2
22,2,1,1,2,80.08695653079886,80.08696,2
1,12,2,1,2,67.89172140006136,67.89172,2
38,20,2,1,2,551.2904417286042,551.29047,2
44,14,2,1,2,154.7674965103715,154.7675,2
19,5,1,1,2,154.60990392354827,154.60991,2
12,5,2,1,2,114.66818573043547,114.66818,2
41,6,1,1,2,297.46583854296716,297.46585,2
17,1,1,1,2,249.3463646610166,249.34636,2
47,1,1,1,2,57.54547471813353,57.545475,2
50,12,2,1,2,231.00265281778226,231.00266,2
19,8,1,1,2,154.60990392354827,154.60991,2
37,2,1,1,2,43.54743147003369,43.547432,2
3,4,1,1,2,255.75281957515304,255.75282,2
42,4,2,1,2,199.502329215115,199.50233,2
18,4,2,1,2,332.05488953633545,332.0549,2
17,9,1,1,2,249.3463646610166,249.34636,2
52,11,2,1,2,137.29192548136945,137.29193,2
19,2,1,1,2,154.60990392354827,154.60991,2
24,12,2,1,2,272.89770862717126,272.8977,2
24,10,2,1,2,272.89770862717126,272.8977,2
22,4,1,1,2,80.08695653079886,80.08696,2
41,5,1,1,2,297.46583854296716,297.46585,2
14,6,2,1,2,316.6571829650941,316.6572,2
50,11,2,1,2,231.00265281778226,231.00266,2
48,11,2,1,2,78.25127469134024,78.251274,2
24,2,2,1,2,272.89770862717126,272.8977,2
51,1,1,1,2,387.40878595575805,387.40878,2
1,23,2,1,2,91.37228845087041,91.37229,2
44,1,2,1,2,154.7674965103715,154.7675,2
46,8,2,1,2,137.3462478330384,137.34625,2
17,8,1,1,2,249.3463646610166,249.34636,2
3,9,1,1,2,255.75281957515304,255.75282,2
12,12,2,1,2,114.66818573043547,114.66818,2
46,12,2,1,2,137.3462478330384,137.34625,2
43,7,1,1,2,202.96778592986954,202.96779,2
3,24,1,1,2,431.9007029008773,431.9007,2
18,9,2,1,2,332.05488953633545,332.0549,2
15,3,1,1,2,146.16855859438903,146.16856,2
18,10,2,1,2,332.05488953633545,332.0549,2
14,12,2,1,2,316.6571829650941,316.6572,2
46,3,2,1,2,137.3462478330384,137.34625,2
37,7,1,1,2,43.54743147003369,43.547432,2
24,6,2,1,2,272.89770862717126,272.8977,2
1,27,2,1,2,91.37228845087041,91.37229,2
46,10,2,1,2,137.3462478330384,137.34625,2
49,11,1,1,2,134.51580198818,134.51581,2
50,5,2,1,2,231.00265281778226,231.00266,2
15,6,1,1,2,146.16855859438903,146.16856,2
49,10,1,1,2,134.51580198818,134.51581,2
995,18,1,1,2,288.4905761731363,288.49057,2
50,8,2,1,2,231.00265281778226,231.00266,2
18,3,2,1,2,332.05488953633545,332.0549,2
12,8,2,1,2,114.66818573043547,114.66818,2
42,6,2,1,2,199.502329215115,199.50233,2
21,5,1,1,2,213.87808623733,213.87808,2
47,9,1,1,2,57.54547471813353,57.545475,2
20,8,2,1,2,123.90726061876899,123.90726,2
52,3,2,1,2,137.29192548136945,137.29193,2
44,12,2,1,2,154.7674965103715,154.7675,2
47,12,1,1,2,57.54547471813353,57.545475,2
17,12,1,1,2,249.3463646610166,249.34636,2
44,8,2,1,2,154.7674965103715,154.7675,2
19,9,1,1,2,154.60990392354827,154.60991,2
37,4,1,1,2,43.54743147003369,43.547432,2
13,8,1,1,2,116.17456126586889,116.17456,2
40,8,2,1,2,181.91180126281452,181.9118,2
22,11,1,1,2,80.08695653079886,80.08696,2
1,3,2,1,2,67.89172140006136,67.89172,2
17,4,1,1,2,249.3463646610166,249.34636,2
36,8,2,1,2,203.80895028927958,203.80894,2
47,4,1,1,2,57.54547471813353,57.545475,2
42,9,2,1,2,199.502329215115,199.50233,2
36,1,2,1,2,203.80895028927958,203.80894,2
51,10,1,1,2,387.40878595575805,387.40878,2
36,4,2,1,2,203.80895028927958,203.80894,2
15,8,1,1,2,146.16855859438903,146.16856,2
15,5,1,1,2,146.16855859438903,146.16856,2
1,8,2,1,2,67.89172140006136,67.89172,2
21,9,1,1,2,213.87808623733,213.87808,2
42,12,2,1,2,199.502329215115,199.50233,2
12,2,2,1,2,114.66818573043547,114.66818,2
49,8,1,1,2,134.51580198818,134.51581,2
22,9,1,1,2,80.08695653079886,80.08696,2
20,4,2,1,2,123.90726061876899,123.90726,2
37,18,1,1,2,108.081882532854,108.08189,2
19,7,1,1,2,154.60990392354827,154.60991,2
36,21,2,1,2,318.94502712824993,318.94504,2
43,4,1,1,2,202.96778592986954,202.96779,2
22,7,1,1,2,80.08695653079886,80.08696,2
24,5,2,1,2,272.89770862717126,272.8977,2
44,5,2,1,2,154.7674965103715,154.7675,2
995,17,1,1,2,288.4905761731363,288.49057,2
37,8,1,1,2,43.54743147003369,43.547432,2
1,25,2,1,2,91.37228845087041,91.37229,2
44,18,2,1,2,496.0467821869157,496.04678,2
44,16,2,1,2,154.7674965103715,154.7675,2
36,25,2,1,2,318.94502712824993,318.94504,2
51,11,1,1,2,387.40878595575805,387.40878,2
1,11,2,1,2,67.89172140006136,67.89172,2
20,9,2,1,2,123.90726061876899,123.90726,2
20,1,2,1,2,123.90726061876899,123.90726,2
48,3,2,1,2,78.25127469134024,78.251274,2
18,1,2,1,2,332.05488953633545,332.0549,2
17,3,1,1,2,249.3463646610166,249.34636,2
36,12,2,1,2,203.80895028927958,203.80894,2
42,7,2,1,2,199.502329215115,199.50233,2
40,4,2,1,2,181.91180126281452,181.9118,2
40,10,2,1,2,181.91180126281452,181.9118,2
41,9,1,1,2,297.46583854296716,297.46585,2
43,9,1,1,2,202.96778592986954,202.96779,2
21,10,1,1,2,213.87808623733,213.87808,2
3,12,1,1,2,255.75281957515304,255.75282,2
49,7,1,1,2,134.51580198818,134.51581,2
38,12,2,1,2,167.49405991065046,167.49406,2
12,3,2,1,2,114.66818573043547,114.66818,2
38,7,2,1,2,167.49405991065046,167.49406,2
41,3,1,1,2,297.46583854296716,297.46585,2
39,7,1,1,2,366.7905043050994,366.7905,2
38,6,2,1,2,167.49405991065046,167.49406,2
49,9,1,1,2,134.51580198818,134.51581,2
39,5,1,1,2,366.7905043050994,366.7905,2
47,7,1,1,2,57.54547471813353,57.545475,2
38,1,2,1,2,167.49405991065046,167.49406,2
51,21,1,1,2,1394.543946500825,1394.544,2
37,14,1,1,2,43.54743147003369,43.547432,2
37,13,1,1,2,43.54743147003369,43.547432,2
14,8,2,1,2,316.6571829650941,316.6572,2
18,5,2,1,2,332.05488953633545,332.0549,2
15,7,1,1,2,146.16855859438903,146.16856,2
14,15,2,1,2,316.6571829650941,316.6572,2
18,14,2,1,2,332.05488953633545,332.0549,2
21,4,1,1,2,213.87808623733,213.87808,2
46,5,2,1,2,137.3462478330384,137.34625,2
22,8,1,1,2,80.08695653079886,80.08696,2
52,9,2,1,2,137.29192548136945,137.29193,2
3,15,1,1,2,255.75281957515304,255.75282,2
1,1,2,1,2,67.89172140006136,67.89172,2
24,17,2,1,2,1013.9140254311715,1013.914,2
21,2,1,1,2,213.87808623733,213.87808,2
39,3,1,1,2,366.7905043050994,366.7905,2
3,5,1,1,2,255.75281957515304,255.75282,2
40,7,2,1,2,181.91180126281452,181.9118,2
39,10,1,1,2,366.7905043050994,366.7905,2
21,6,1,1,2,213.87808623733,213.87808,2
52,1,2,1,2,137.29192548136945,137.29193,2
13,27,1,1,2,111.39164669143848,111.39165,2
995,25,1,1,2,288.4905761731363,288.49057,2
39,9,1,1,2,366.7905043050994,366.7905,2
14,7,2,1,2,316.6571829650941,316.6572,2
17,7,1,1,2,249.3463646610166,249.34636,2
18,8,2,1,2,332.05488953633545,332.0549,2
51,2,1,1,2,387.40878595575805,387.40878,2
12,19,2,1,2,319.0565869767242,319.05658,2
18,11,2,1,2,332.05488953633545,332.0549,2
50,2,2,1,2,231.00265281778226,231.00266,2
50,3,2,1,2,231.00265281778226,231.00266,2
51,8,1,1,2,387.40878595575805,387.40878,2
995,26,1,1,2,288.4905761731363,288.49057,2
18,6,2,1,2,332.05488953633545,332.0549,2
12,1,2,1,2,114.66818573043547,114.66818,2
3,3,1,1,2,255.75281957515304,255.75282,2
44,4,2,1,2,154.7674965103715,154.7675,2
39,8,1,1,2,366.7905043050994,366.7905,2
17,6,1,1,2,249.3463646610166,249.34636,2
36,5,2,1,2,203.80895028927958,203.80894,2
703,6,2,2,1,117.26833612853078,117.26833,1
909,10,1,2,1,69.3361203796724,69.33612,1
100,15,2,2,1,136.6040690530597,136.60406,1
900,10,2,2,1,76.01911993433961,76.01912,1
101,10,1,2,1,44.73599027475518,44.73599,1
62,7,1,2,1,109.24557194534049,109.245575,1
902,11,2,2,1,59.590079362449366,59.59008,1
99,10,1,2,1,39.70537380616859,39.705376,1
911,7,1,2,1,63.766954084116385,63.766953,1
99,1,1,2,1,39.70537380616859,39.705376,1
101,12,1,2,1,44.73599027475518,44.73599,1
906,10,2,2,1,39.819539013225516,39.81954,1
703,1,2,2,1,117.26833612853078,117.26833,1
906,11,2,2,1,39.819539013225516,39.81954,1
702,5,2,2,1,204.36607799244294,204.36607,1
61,9,1,2,1,53.676038580918764,53.676037,1
61,7,1,2,1,53.676038580918764,53.676037,1
100,10,2,2,1,136.6040690530597,136.60406,1
705,3,2,2,1,71.65300794106825,71.65301,1
61,17,1,2,1,183.39201857354198,183.39201,1
912,3,2,2,1,65.31113201152056,65.311134,1
62,2,1,2,1,109.24557194534049,109.245575,1
911,3,1,2,1,63.766954084116385,63.766953,1
61,3,1,2,1,53.676038580918764,53.676037,1
63,2,1,2,1,57.93514202569058,57.935143,1
100,2,2,2,1,136.6040690530597,136.60406,1
902,8,2,2,1,59.590079362449366,59.59008,1
99,6,1,2,1,39.70537380616859,39.705376,1
908,8,2,2,1,33.13653945855829,33.13654,1
60,4,2,2,1,90.40508246524381,90.40508,1
60,9,2,2,1,90.40508246524381,90.40508,1
100,9,2,2,1,136.6040690530597,136.60406,1
903,7,1,2,1,68.22228712056119,68.22229,1
906,3,2,2,1,39.819539013225516,39.81954,1
703,10,2,2,1,117.26833612853078,117.26833,1
904,5,2,2,1,51.23632991911535,51.23633,1
902,6,2,2,1,59.590079362449366,59.59008,1
62,10,1,2,1,109.24557194534049,109.245575,1
911,10,1,2,1,63.766954084116385,63.766953,1
910,8,2,2,1,86.87899421067385,86.879,1
909,4,1,2,1,69.3361203796724,69.33612,1
909,19,1,2,1,69.3361203796724,69.33612,1
63,6,1,2,1,57.93514202569058,57.935143,1
702,12,2,2,1,204.36607799244294,204.36607,1
62,3,1,2,1,109.24557194534049,109.245575,1
909,9,1,2,1,69.3361203796724,69.33612,1
902,5,2,2,1,59.590079362449366,59.59008,1
62,11,1,2,1,109.24557194534049,109.245575,1
901,9,1,2,1,42.325663846225716,42.325665,1
60,5,2,2,1,90.40508246524381,90.40508,1
705,9,2,2,1,71.65300794106825,71.65301,1
908,11,2,2,1,33.13653945855829,33.13654,1
705,12,2,2,1,71.65300794106825,71.65301,1
911,9,1,2,1,63.766954084116385,63.766953,1
702,4,2,2,1,204.36607799244294,204.36607,1
705,1,2,2,1,71.65300794106825,71.65301,1
910,7,2,2,1,86.87899421067385,86.879,1
905,15,1,2,1,34.2503727176695,34.250374,1
60,3,2,2,1,90.40508246524381,90.40508,1
900,2,2,2,1,76.01911993433961,76.01912,1
100,3,2,2,1,136.6040690530597,136.60406,1
904,9,2,2,1,51.23632991911535,51.23633,1
908,12,2,2,1,33.13653945855829,33.13654,1
910,5,2,2,1,86.87899421067385,86.879,1
906,6,2,2,1,39.819539013225516,39.81954,1
901,4,1,2,1,42.325663846225716,42.325665,1
100,1,2,2,1,136.6040690530597,136.60406,1
62,8,1,2,1,109.24557194534049,109.245575,1
702,6,2,2,1,204.36607799244294,204.36607,1
912,2,2,2,1,65.31113201152056,65.311134,1
705,7,2,2,1,71.65300794106825,71.65301,1
704,17,2,2,1,137.9255574804895,137.92555,1
910,10,2,2,1,86.87899421067385,86.879,1
901,5,1,2,1,42.325663846225716,42.325665,1
704,11,2,2,1,55.51113389650457,55.511135,1
704,8,2,2,1,55.51113389650457,55.511135,1
911,6,1,2,1,63.766954084116385,63.766953,1
63,8,1,2,1,57.93514202569058,57.935143,1
911,8,1,2,1,63.766954084116385,63.766953,1
704,2,2,2,1,55.51113389650457,55.511135,1
705,5,2,2,1,71.65300794106825,71.65301,1
902,12,2,2,1,59.590079362449366,59.59008,1
705,2,2,2,1,71.65300794106825,71.65301,1
911,11,1,2,1,63.766954084116385,63.766953,1
60,7,2,2,1,90.40508246524381,90.40508,1
912,4,2,2,1,65.31113201152056,65.311134,1
703,11,2,2,1,117.26833612853078,117.26833,1
900,5,2,2,1,76.01911993433961,76.01912,1
903,4,1,2,1,68.22228712056119,68.22229,1
902,4,2,2,1,59.590079362449366,59.59008,1
101,18,1,2,1,161.25626540807872,161.25627,1
705,6,2,2,1,71.65300794106825,71.65301,1
909,11,1,2,1,69.3361203796724,69.33612,1
63,4,1,2,1,57.93514202569058,57.935143,1
906,2,2,2,1,39.819539013225516,39.81954,1
62,4,1,2,1,109.24557194534049,109.245575,1
900,3,2,2,1,76.01911993433961,76.01912,1
900,7,2,2,1,76.01911993433961,76.01912,1
902,1,2,2,1,59.590079362449366,59.59008,1
903,8,1,2,1,68.22228712056119,68.22229,1
903,5,1,2,1,68.22228712056119,68.22229,1
907,1,1,2,1,31.465789569891488,31.46579,1
702,3,2,2,1,204.36607799244294,204.36607,1
101,3,1,2,1,44.73599027475518,44.73599,1
901,2,1,2,1,42.325663846225716,42.325665,1
703,12,2,2,1,117.26833612853078,117.26833,1
63,12,1,2,1,57.93514202569058,57.935143,1
903,12,1,2,1,68.22228712056119,68.22229,1
906,5,2,2,1,39.819539013225516,39.81954,1
99,3,1,2,1,39.70537380616859,39.705376,1
703,2,2,2,1,117.26833612853078,117.26833,1
900,4,2,2,1,76.01911993433961,76.01912,1
912,9,2,2,1,65.31113201152056,65.311134,1
704,1,2,2,1,55.51113389650457,55.511135,1
903,10,1,2,1,68.22228712056119,68.22229,1
901,11,1,2,1,42.325663846225716,42.325665,1
907,6,1,2,1,31.465789569891488,31.46579,1
101,5,1,2,1,44.73599027475518,44.73599,1
909,1,1,2,1,69.3361203796724,69.33612,1
910,6,2,2,1,86.87899421067385,86.879,1
60,26,2,2,1,251.9615383825216,251.96153,1
911,2,1,2,1,63.766954084116385,63.766953,1
908,9,2,2,1,33.13653945855829,33.13654,1
906,12,2,2,1,39.819539013225516,39.81954,1
702,7,2,2,1,204.36607799244294,204.36607,1
99,25,1,2,1,94.64397129048403,94.643974,1
100,5,2,2,1,136.6040690530597,136.60406,1
704,27,2,2,1,137.9255574804895,137.92555,1
62,12,1,2,1,109.24557194534049,109.245575,1
61,11,1,2,1,53.676038580918764,53.676037,1
905,7,1,2,1,34.2503727176695,34.250374,1
60,12,2,2,1,90.40508246524381,90.40508,1
908,10,2,2,1,33.13653945855829,33.13654,1
907,2,1,2,1,31.465789569891488,31.46579,1
911,5,1,2,1,63.766954084116385,63.766953,1
99,20,1,2,1,94.64397129048403,94.643974,1
910,1,2,2,1,86.87899421067385,86.879,1
61,5,1,2,1,53.676038580918764,53.676037,1
704,9,2,2,1,55.51113389650457,55.511135,1
60,1,2,2,1,90.40508246524381,90.40508,1
60,22,2,2,1,251.9615383825216,251.96153,1
902,10,2,2,1,59.590079362449366,59.59008,1
912,8,2,2,1,65.31113201152056,65.311134,1
901,3,1,2,1,42.325663846225716,42.325665,1
99,5,1,2,1,39.70537380616859,39.705376,1
904,10,2,2,1,51.23632991911535,51.23633,1
100,6,2,2,1,136.6040690530597,136.60406,1
99,12,1,2,1,39.70537380616859,39.705376,1
905,10,1,2,1,34.2503727176695,34.250374,1
62,6,1,2,1,109.24557194534049,109.245575,1
702,8,2,2,1,204.36607799244294,204.36607,1
702,2,2,2,1,204.36607799244294,204.36607,1
702,11,2,2,1,204.36607799244294,204.36607,1
703,3,2,2,1,117.26833612853078,117.26833,1
703,7,2,2,1,117.26833612853078,117.26833,1
703,8,2,2,1,117.26833612853078,117.26833,1
703,9,2,2,1,117.26833612853078,117.26833,1
704,3,2,2,1,55.51113389650457,55.511135,1
912,11,2,2,1,65.31113201152056,65.311134,1
901,7,1,2,1,42.325663846225716,42.325665,1
705,8,2,2,1,71.65300794106825,71.65301,1
907,12,1,2,1,31.465789569891488,31.46579,1
912,6,2,2,1,65.31113201152056,65.311134,1
100,4,2,2,1,136.6040690530597,136.60406,1
912,1,2,2,1,65.31113201152056,65.311134,1
903,9,1,2,1,68.22228712056119,68.22229,1
911,12,1,2,1,63.766954084116385,63.766953,1
705,10,2,2,1,71.65300794106825,71.65301,1
905,5,1,2,1,34.2503727176695,34.250374,1
61,1,1,2,1,53.676038580918764,53.676037,1
912,12,2,2,1,65.31113201152056,65.311134,1
908,3,2,2,1,33.13653945855829,33.13654,1
911,4,1,2,1,63.766954084116385,63.766953,1
910,12,2,2,1,86.87899421067385,86.879,1
905,8,1,2,1,34.2503727176695,34.250374,1
900,1,2,2,1,76.01911993433961,76.01912,1
910,11,2,2,1,86.87899421067385,86.879,1
903,6,1,2,1,68.22228712056119,68.22229,1
63,1,1,2,1,57.93514202569058,57.935143,1
900,8,2,2,1,76.01911993433961,76.01912,1
101,4,1,2,1,44.73599027475518,44.73599,1
900,11,2,2,1,76.01911993433961,76.01912,1
900,12,2,2,1,76.01911993433961,76.01912,1
99,9,1,2,1,39.70537380616859,39.705376,1
901,1,1,2,1,42.325663846225716,42.325665,1
702,10,2,2,1,204.36607799244294,204.36607,1
911,13,1,2,1,63.766954084116385,63.766953,1
901,10,1,2,1,42.325663846225716,42.325665,1
101,9,1,2,1,44.73599027475518,44.73599,1
910,3,2,2,1,86.87899421067385,86.879,1
907,7,1,2,1,31.465789569891488,31.46579,1
101,7,1,2,1,44.73599027475518,44.73599,1
910,2,2,2,1,86.87899421067385,86.879,1
62,1,1,2,1,109.24557194534049,109.245575,1
909,3,1,2,1,69.3361203796724,69.33612,1
99,7,1,2,1,39.70537380616859,39.705376,1
702,1,2,2,1,204.36607799244294,204.36607,1
903,1,1,2,1,68.22228712056119,68.22229,1
903,2,1,2,1,68.22228712056119,68.22229,1
908,7,2,2,1,33.13653945855829,33.13654,1
908,6,2,2,1,33.13653945855829,33.13654,1
902,3,2,2,1,59.590079362449366,59.59008,1
903,11,1,2,1,68.22228712056119,68.22229,1
904,2,2,2,1,51.23632991911535,51.23633,1
908,1,2,2,1,33.13653945855829,33.13654,1
907,11,1,2,1,31.465789569891488,31.46579,1
904,11,2,2,1,51.23632991911535,51.23633,1
905,3,1,2,1,34.2503727176695,34.250374,1
905,9,1,2,1,34.2503727176695,34.250374,1
905,11,1,2,1,34.2503727176695,34.250374,1
904,8,2,2,1,51.23632991911535,51.23633,1
101,2,1,2,1,44.73599027475518,44.73599,1
704,7,2,2,1,55.51113389650457,55.511135,1
906,1,2,2,1,39.819539013225516,39.81954,1
101,6,1,2,1,44.73599027475518,44.73599,1
909,18,1,2,1,69.3361203796724,69.33612,1
907,9,1,2,1,31.465789569891488,31.46579,1
906,13,2,2,1,39.819539013225516,39.81954,1
904,4,2,2,1,51.23632991911535,51.23633,1
912,5,2,2,1,65.31113201152056,65.311134,1
704,4,2,2,1,55.51113389650457,55.511135,1
907,10,1,2,1,31.465789569891488,31.46579,1
908,5,2,2,1,33.13653945855829,33.13654,1
63,24,1,2,1,213.79059146224824,213.79059,1
62,9,1,2,1,109.24557194534049,109.245575,1
904,1,2,2,1,51.23632991911535,51.23633,1
906,4,2,2,1,39.819539013225516,39.81954,1
909,2,1,2,1,69.3361203796724,69.33612,1
702,9,2,2,1,204.36607799244294,204.36607,1
100,7,2,2,1,136.6040690530597,136.60406,1
907,5,1,2,1,31.465789569891488,31.46579,1
904,7,2,2,1,51.23632991911535,51.23633,1
900,6,2,2,1,76.01911993433961,76.01912,1
703,4,2,2,1,117.26833612853078,117.26833,1
100,11,2,2,1,136.6040690530597,136.60406,1
61,4,1,2,1,53.676038580918764,53.676037,1
910,4,2,2,1,86.87899421067385,86.879,1
906,9,2,2,1,39.819539013225516,39.81954,1
62,5,1,2,1,109.24557194534049,109.245575,1
99,4,1,2,1,39.70537380616859,39.705376,1
907,8,1,2,1,31.465789569891488,31.46579,1
61,12,1,2,1,53.676038580918764,53.676037,1
99,8,1,2,1,39.70537380616859,39.705376,1
61,10,1,2,1,53.676038580918764,53.676037,1
704,12,2,2,1,55.51113389650457,55.511135,1
61,6,1,2,1,53.676038580918764,53.676037,1
908,4,2,2,1,33.13653945855829,33.13654,1
61,2,1,2,1,53.676038580918764,53.676037,1
902,7,2,2,1,59.590079362449366,59.59008,1
901,12,1,2,1,42.325663846225716,42.325665,1
63,5,1,2,1,57.93514202569058,57.935143,1
705,4,2,2,1,71.65300794106825,71.65301,1
60,2,2,2,1,90.40508246524381,90.40508,1
907,3,1,2,1,31.465789569891488,31.46579,1
60,8,2,2,1,90.40508246524381,90.40508,1
901,8,1,2,1,42.325663846225716,42.325665,1
903,3,1,2,1,68.22228712056119,68.22229,1
905,2,1,2,1,34.2503727176695,34.250374,1
60,15,2,2,1,90.40508246524381,90.40508,1
905,12,1,2,1,34.2503727176695,34.250374,1
912,10,2,2,1,65.31113201152056,65.311134,1
63,9,1,2,1,57.93514202569058,57.935143,1
909,17,1,2,1,69.3361203796724,69.33612,1
904,12,2,2,1,51.23632991911535,51.23633,1
909,20,1,2,1,69.3361203796724,69.33612,1
63,11,1,2,1,57.93514202569058,57.935143,1
101,8,1,2,1,44.73599027475518,44.73599,1
902,2,2,2,1,59.590079362449366,59.59008,1
63,3,1,2,1,57.93514202569058,57.935143,1
101,11,1,2,1,44.73599027475518,44.73599,1
909,12,1,2,1,69.3361203796724,69.33612,1
904,3,2,2,1,51.23632991911535,51.23633,1
907,4,1,2,1,31.465789569891488,31.46579,1
900,9,2,2,1,76.01911993433961,76.01912,1
705,11,2,2,1,71.65300794106825,71.65301,1
910,9,2,2,1,86.87899421067385,86.879,1
704,6,2,2,1,55.51113389650457,55.511135,1
63,7,1,2,1,57.93514202569058,57.935143,1
905,1,1,2,1,34.2503727176695,34.250374,1
902,9,2,2,1,59.590079362449366,59.59008,1
904,6,2,2,1,51.23632991911535,51.23633,1
905,6,1,2,1,34.2503727176695,34.250374,1
908,2,2,2,1,33.13653945855829,33.13654,1
100,12,2,2,1,136.6040690530597,136.60406,1
901,6,1,2,1,42.325663846225716,42.325665,1
906,7,2,2,1,39.819539013225516,39.81954,1
703,5,2,2,1,117.26833612853078,117.26833,1
75,10,1,2,2,257.6574015904444,257.6574,2
57,2,1,2,2,374.48173939467944,374.48175,2
58,10,1,2,2,427.3331245017022,427.33313,2
94,8,2,2,2,141.80375198411866,141.80376,2
72,12,2,2,2,229.09471115909804,229.09471,2
996,25,1,2,2,173.3439172874331,173.34392,2
96,11,2,2,2,108.38932142479712,108.38932,2
91,7,1,2,2,163.10760204746038,163.1076,2
68,5,2,2,2,124.93348241933136,124.93348,2
86,4,1,2,2,386.6157845817697,386.61578,2
97,12,1,2,2,279.61303208136064,279.61304,2
67,4,1,2,2,234.0584262130059,234.05843,2
86,9,1,2,2,386.6157845817697,386.61578,2
53,3,1,2,2,263.6792012090773,263.6792,2
103,1,2,2,2,119.83415660629743,119.83416,2
103,10,2,2,2,119.83415660629743,119.83416,2
71,12,1,2,2,254.04841200535057,254.04842,2
103,2,2,2,2,119.83415660629743,119.83416,2
103,7,2,2,2,119.83415660629743,119.83416,2
103,6,2,2,2,119.83415660629743,119.83416,2
91,5,1,2,2,163.10760204746038,163.1076,2
82,6,2,2,2,84.70630089523574,84.7063,2
98,5,2,2,2,264.12813315280425,264.12814,2
103,3,2,2,2,119.83415660629743,119.83416,2
84,7,2,2,2,282.02348925447586,282.0235,2
53,4,1,2,2,263.6792012090773,263.6792,2
90,1,2,2,2,155.38736270786458,155.38736,2
59,8,2,2,2,274.09537957196903,274.09537,2
98,6,2,2,2,264.12813315280425,264.12814,2
93,5,1,2,2,256.3119460745806,256.31195,2
104,4,1,2,2,594.1776931728914,594.1777,2
104,9,1,2,2,594.1776931728914,594.1777,2
104,5,1,2,2,594.1776931728914,594.1777,2
996,27,1,2,2,173.3439172874331,173.34392,2
91,1,1,2,2,163.10760204746038,163.1076,2
75,4,1,2,2,257.6574015904444,257.6574,2
84,9,2,2,2,282.02348925447586,282.0235,2
95,2,1,2,2,155.149809640838,155.14981,2
58,1,1,2,2,427.3331245017022,427.33313,2
76,9,2,2,2,202.81142623006585,202.81143,2
90,2,2,2,2,155.38736270786458,155.38736,2
81,10,2,2,2,270.41523497342115,270.41522,2
67,5,1,2,2,234.0584262130059,234.05843,2
77,3,1,2,2,252.466135762782,252.46614,2
88,6,1,2,2,202.94494263969725,202.94495,2
98,3,2,2,2,264.12813315280425,264.12814,2
98,2,2,2,2,264.12813315280425,264.12814,2
95,12,1,2,2,155.149809640838,155.14981,2
78,2,2,2,2,272.9555789365663,272.95557,2
94,4,2,2,2,141.80375198411866,141.80376,2
104,1,1,2,2,594.1776931728914,594.1777,2
94,7,2,2,2,141.80375198411866,141.80376,2
96,3,2,2,2,108.38932142479712,108.38932,2
85,4,1,2,2,262.80085610178514,262.80084,2
68,7,2,2,2,124.93348241933136,124.93348,2
79,3,1,2,2,185.09835803429925,185.09836,2
80,4,2,2,2,206.38104748862335,206.38104,2
104,11,1,2,2,594.1776931728914,594.1777,2
73,8,1,2,2,219.93951913716782,219.93951,2
56,3,2,2,2,322.67747086789973,322.67746,2
70,10,2,2,2,175.85528138749257,175.85529,2
92,9,2,2,2,273.371669758116,273.37167,2
89,10,1,2,2,190.2101863179739,190.21019,2
87,12,1,2,2,265.2211848418789,265.2212,2
58,11,1,2,2,427.3331245017022,427.33313,2
97,7,1,2,2,279.61303208136064,279.61304,2
996,22,1,2,2,173.3439172874331,173.34392,2
93,9,1,2,2,256.3119460745806,256.31195,2
996,18,1,2,2,173.3439172874331,173.34392,2
84,6,2,2,2,282.02348925447586,282.0235,2
92,10,2,2,2,273.371669758116,273.37167,2
86,10,1,2,2,386.6157845817697,386.61578,2
57,12,1,2,2,374.48173939467944,374.48175,2
84,2,2,2,2,282.02348925447586,282.0235,2
81,8,2,2,2,270.41523497342115,270.41522,2
67,9,1,2,2,234.0584262130059,234.05843,2
80,6,2,2,2,206.38104748862335,206.38104,2
56,5,2,2,2,322.67747086789973,322.67746,2
94,10,2,2,2,141.80375198411866,141.80376,2
70,1,2,2,2,175.85528138749257,175.85529,2
92,4,2,2,2,273.371669758116,273.37167,2
104,6,1,2,2,594.1776931728914,594.1777,2
58,7,1,2,2,427.3331245017022,427.33313,2
69,14,1,2,2,221.8864706194023,221.88647,2
77,11,1,2,2,252.466135762782,252.46614,2
96,2,2,2,2,108.38932142479712,108.38932,2
77,7,1,2,2,252.466135762782,252.46614,2
77,10,1,2,2,252.466135762782,252.46614,2
102,10,2,2,2,224.68904363680767,224.68904,2
75,5,1,2,2,257.6574015904444,257.6574,2
71,1,1,2,2,254.04841200535057,254.04842,2
87,11,1,2,2,265.2211848418789,265.2212,2
71,3,1,2,2,254.04841200535057,254.04842,2
64,1,1,2,2,595.2056822614259,595.2057,2
71,2,1,2,2,254.04841200535057,254.04842,2
69,12,1,2,2,221.8864706194023,221.88647,2
69,8,1,2,2,221.8864706194023,221.88647,2
81,12,2,2,2,270.41523497342115,270.41522,2
56,1,2,2,2,322.67747086789973,322.67746,2
98,8,2,2,2,264.12813315280425,264.12814,2
67,6,1,2,2,234.0584262130059,234.05843,2
996,28,1,2,2,173.3439172874331,173.34392,2
93,10,1,2,2,256.3119460745806,256.31195,2
86,8,1,2,2,386.6157845817697,386.61578,2
59,2,2,2,2,274.09537957196903,274.09537,2
59,9,2,2,2,274.09537957196903,274.09537,2
80,8,2,2,2,206.38104748862335,206.38104,2
72,1,2,2,2,229.09471115909804,229.09471,2
88,7,1,2,2,202.94494263969725,202.94495,2
67,8,1,2,2,234.0584262130059,234.05843,2
93,11,1,2,2,256.3119460745806,256.31195,2
102,4,2,2,2,224.68904363680767,224.68904,2
70,11,2,2,2,175.85528138749257,175.85529,2
86,6,1,2,2,386.6157845817697,386.61578,2
85,1,1,2,2,262.80085610178514,262.80084,2
74,1,2,2,2,143.85887882446818,143.85887,2
102,5,2,2,2,224.68904363680767,224.68904,2
70,2,2,2,2,175.85528138749257,175.85529,2
96,12,2,2,2,108.38932142479712,108.38932,2
70,7,2,2,2,175.85528138749257,175.85529,2
104,10,1,2,2,594.1776931728914,594.1777,2
82,4,2,2,2,84.70630089523574,84.7063,2
74,10,2,2,2,143.85887882446818,143.85887,2
58,6,1,2,2,427.3331245017022,427.33313,2
94,9,2,2,2,141.80375198411866,141.80376,2
59,10,2,2,2,274.09537957196903,274.09537,2
64,5,1,2,2,595.2056822614259,595.2057,2
53,6,1,2,2,263.6792012090773,263.6792,2
96,5,2,2,2,108.38932142479712,108.38932,2
86,2,1,2,2,386.6157845817697,386.61578,2
97,6,1,2,2,279.61303208136064,279.61304,2
82,7,2,2,2,84.70630089523574,84.7063,2
67,3,1,2,2,234.0584262130059,234.05843,2
73,12,1,2,2,219.93951913716782,219.93951,2
89,8,1,2,2,190.2101863179739,190.21019,2
64,11,1,2,2,595.2056822614259,595.2057,2
90,5,2,2,2,155.38736270786458,155.38736,2
996,17,1,2,2,173.3439172874331,173.34392,2
59,12,2,2,2,274.09537957196903,274.09537,2
78,3,2,2,2,272.9555789365663,272.95557,2
85,9,1,2,2,262.80085610178514,262.80084,2
79,11,1,2,2,185.09835803429925,185.09836,2
74,2,2,2,2,143.85887882446818,143.85887,2
102,15,2,2,2,224.68904363680767,224.68904,2
72,3,2,2,2,229.09471115909804,229.09471,2
70,6,2,2,2,175.85528138749257,175.85529,2
89,1,1,2,2,190.2101863179739,190.21019,2
64,10,1,2,2,595.2056822614259,595.2057,2
53,10,1,2,2,263.6792012090773,263.6792,2
87,9,1,2,2,265.2211848418789,265.2212,2
59,11,2,2,2,274.09537957196903,274.09537,2
67,10,1,2,2,234.0584262130059,234.05843,2
103,12,2,2,2,119.83415660629743,119.83416,2
97,1,1,2,2,279.61303208136064,279.61304,2
96,9,2,2,2,108.38932142479712,108.38932,2
78,5,2,2,2,272.9555789365663,272.95557,2
91,11,1,2,2,163.10760204746038,163.1076,2
85,5,1,2,2,262.80085610178514,262.80084,2
81,11,2,2,2,270.41523497342115,270.41522,2
58,9,1,2,2,427.3331245017022,427.33313,2
79,2,1,2,2,185.09835803429925,185.09836,2
72,5,2,2,2,229.09471115909804,229.09471,2
73,11,1,2,2,219.93951913716782,219.93951,2
68,6,2,2,2,124.93348241933136,124.93348,2
72,6,2,2,2,229.09471115909804,229.09471,2
77,12,1,2,2,252.466135762782,252.46614,2
98,10,2,2,2,264.12813315280425,264.12814,2
95,3,1,2,2,155.149809640838,155.14981,2
75,2,1,2,2,257.6574015904444,257.6574,2
56,6,2,2,2,322.67747086789973,322.67746,2
95,22,1,2,2,213.17439688590963,213.1744,2
71,6,1,2,2,254.04841200535057,254.04842,2
93,1,1,2,2,256.3119460745806,256.31195,2
85,7,1,2,2,262.80085610178514,262.80084,2
91,9,1,2,2,163.10760204746038,163.1076,2
71,14,1,2,2,254.04841200535057,254.04842,2
85,6,1,2,2,262.80085610178514,262.80084,2
57,5,1,2,2,374.48173939467944,374.48175,2
57,9,1,2,2,374.48173939467944,374.48175,2
95,5,1,2,2,155.149809640838,155.14981,2
84,4,2,2,2,282.02348925447586,282.0235,2
77,13,1,2,2,252.466135762782,252.46614,2
80,10,2,2,2,206.38104748862335,206.38104,2
77,2,1,2,2,252.466135762782,252.46614,2
88,11,1,2,2,202.94494263969725,202.94495,2
72,10,2,2,2,229.09471115909804,229.09471,2
78,6,2,2,2,272.9555789365663,272.95557,2
96,7,2,2,2,108.38932142479712,108.38932,2
94,5,2,2,2,141.80375198411866,141.80376,2
67,12,1,2,2,234.0584262130059,234.05843,2
79,10,1,2,2,185.09835803429925,185.09836,2
104,12,1,2,2,594.1776931728914,594.1777,2
93,4,1,2,2,256.3119460745806,256.31195,2
97,9,1,2,2,279.61303208136064,279.61304,2
79,12,1,2,2,185.09835803429925,185.09836,2
88,8,1,2,2,202.94494263969725,202.94495,2
89,6,1,2,2,190.2101863179739,190.21019,2
104,7,1,2,2,594.1776931728914,594.1777,2
95,9,1,2,2,155.149809640838,155.14981,2
97,11,1,2,2,279.61303208136064,279.61304,2
82,10,2,2,2,84.70630089523574,84.7063,2
88,1,1,2,2,202.94494263969725,202.94495,2
72,11,2,2,2,229.09471115909804,229.09471,2
72,2,2,2,2,229.09471115909804,229.09471,2
70,4,2,2,2,175.85528138749257,175.85529,2
92,3,2,2,2,273.371669758116,273.37167,2
78,8,2,2,2,272.9555789365663,272.95557,2
89,5,1,2,2,190.2101863179739,190.21019,2
73,5,1,2,2,219.93951913716782,219.93951,2
59,6,2,2,2,274.09537957196903,274.09537,2
91,12,1,2,2,163.10760204746038,163.1076,2
90,11,2,2,2,155.38736270786458,155.38736,2
103,11,2,2,2,119.83415660629743,119.83416,2
68,10,2,2,2,124.93348241933136,124.93348,2
75,17,1,2,2,855.9082839196611,855.90826,2
81,9,2,2,2,270.41523497342115,270.41522,2
84,1,2,2,2,282.02348925447586,282.0235,2
87,4,1,2,2,265.2211848418789,265.2212,2
57,11,1,2,2,374.48173939467944,374.48175,2
64,6,1,2,2,595.2056822614259,595.2057,2
82,3,2,2,2,84.70630089523574,84.7063,2
69,6,1,2,2,221.8864706194023,221.88647,2
71,10,1,2,2,254.04841200535057,254.04842,2
94,11,2,2,2,141.80375198411866,141.80376,2
80,1,2,2,2,206.38104748862335,206.38104,2
68,9,2,2,2,124.93348241933136,124.93348,2
93,6,1,2,2,256.3119460745806,256.31195,2
57,6,1,2,2,374.48173939467944,374.48175,2
79,5,1,2,2,185.09835803429925,185.09836,2
996,24,1,2,2,173.3439172874331,173.34392,2
57,1,1,2,2,374.48173939467944,374.48175,2
91,6,1,2,2,163.10760204746038,163.1076,2
67,2,1,2,2,234.0584262130059,234.05843,2
96,10,2,2,2,108.38932142479712,108.38932,2
77,8,1,2,2,252.466135762782,252.46614,2
56,9,2,2,2,322.67747086789973,322.67746,2
56,4,2,2,2,322.67747086789973,322.67746,2
87,3,1,2,2,265.2211848418789,265.2212,2
78,7,2,2,2,272.9555789365663,272.95557,2
56,2,2,2,2,322.67747086789973,322.67746,2
53,12,1,2,2,263.6792012090773,263.6792,2
79,8,1,2,2,185.09835803429925,185.09836,2
76,4,2,2,2,202.81142623006585,202.81143,2
78,1,2,2,2,272.9555789365663,272.95557,2
68,1,2,2,2,124.93348241933136,124.93348,2
79,4,1,2,2,185.09835803429925,185.09836,2
93,3,1,2,2,256.3119460745806,256.31195,2
98,11,2,2,2,264.12813315280425,264.12814,2
64,12,1,2,2,595.2056822614259,595.2057,2
58,4,1,2,2,427.3331245017022,427.33313,2
88,3,1,2,2,202.94494263969725,202.94495,2
95,6,1,2,2,155.149809640838,155.14981,2
56,10,2,2,2,322.67747086789973,322.67746,2
57,4,1,2,2,374.48173939467944,374.48175,2
85,10,1,2,2,262.80085610178514,262.80084,2
58,8,1,2,2,427.3331245017022,427.33313,2
80,3,2,2,2,206.38104748862335,206.38104,2
88,9,1,2,2,202.94494263969725,202.94495,2
58,5,1,2,2,427.3331245017022,427.33313,2
67,18,1,2,2,525.9679401374023,525.96796,2
97,5,1,2,2,279.61303208136064,279.61304,2
80,9,2,2,2,206.38104748862335,206.38104,2
74,6,2,2,2,143.85887882446818,143.85887,2
85,11,1,2,2,262.80085610178514,262.80084,2
80,11,2,2,2,206.38104748862335,206.38104,2
80,12,2,2,2,206.38104748862335,206.38104,2
81,1,2,2,2,270.41523497342115,270.41522,2
72,7,2,2,2,229.09471115909804,229.09471,2
84,5,2,2,2,282.02348925447586,282.0235,2
95,28,1,2,2,213.17439688590963,213.1744,2
81,4,2,2,2,270.41523497342115,270.41522,2
53,2,1,2,2,263.6792012090773,263.6792,2
103,9,2,2,2,119.83415660629743,119.83416,2
81,7,2,2,2,270.41523497342115,270.41522,2
90,8,2,2,2,155.38736270786458,155.38736,2
76,8,2,2,2,202.81142623006585,202.81143,2
102,1,2,2,2,224.68904363680767,224.68904,2
70,8,2,2,2,175.85528138749257,175.85529,2
53,5,1,2,2,263.6792012090773,263.6792,2
82,1,2,2,2,84.70630089523574,84.7063,2
82,2,2,2,2,84.70630089523574,84.7063,2
71,7,1,2,2,254.04841200535057,254.04842,2
88,5,1,2,2,202.94494263969725,202.94495,2
92,11,2,2,2,273.371669758116,273.37167,2
73,2,1,2,2,219.93951913716782,219.93951,2
69,11,1,2,2,221.8864706194023,221.88647,2
75,15,1,2,2,257.6574015904444,257.6574,2
82,9,2,2,2,84.70630089523574,84.7063,2
56,7,2,2,2,322.67747086789973,322.67746,2
64,3,1,2,2,595.2056822614259,595.2057,2
98,13,2,2,2,264.12813315280425,264.12814,2
82,11,2,2,2,84.70630089523574,84.7063,2
82,12,2,2,2,84.70630089523574,84.7063,2
86,1,1,2,2,386.6157845817697,386.61578,2
68,11,2,2,2,124.93348241933136,124.93348,2
59,3,2,2,2,274.09537957196903,274.09537,2
79,7,1,2,2,185.09835803429925,185.09836,2
76,1,2,2,2,202.81142623006585,202.81143,2
102,2,2,2,2,224.68904363680767,224.68904,2
92,12,2,2,2,273.371669758116,273.37167,2
90,3,2,2,2,155.38736270786458,155.38736,2
75,12,1,2,2,257.6574015904444,257.6574,2
82,8,2,2,2,84.70630089523574,84.7063,2
89,9,1,2,2,190.2101863179739,190.21019,2
59,17,2,2,1,925.4853816154198,925.48535,1
84,12,2,2,2,282.02348925447586,282.0235,2
89,11,1,2,2,190.2101863179739,190.21019,2
73,10,1,2,2,219.93951913716782,219.93951,2
85,2,1,2,2,262.80085610178514,262.80084,2
85,3,1,2,2,262.80085610178514,262.80084,2
86,7,1,2,2,386.6157845817697,386.61578,2
85,8,1,2,2,262.80085610178514,262.80084,2
88,10,1,2,2,202.94494263969725,202.94495,2
93,12,1,2,2,256.3119460745806,256.31195,2
74,4,2,2,2,143.85887882446818,143.85887,2
102,7,2,2,2,224.68904363680767,224.68904,2
75,8,1,2,2,257.6574015904444,257.6574,2
88,12,1,2,2,202.94494263969725,202.94495,2
75,6,1,2,2,257.6574015904444,257.6574,2
80,5,2,2,2,206.38104748862335,206.38104,2
87,1,1,2,2,265.2211848418789,265.2212,2
95,20,1,2,2,213.17439688590963,213.1744,2
56,12,2,2,2,322.67747086789973,322.67746,2
74,5,2,2,2,143.85887882446818,143.85887,2
92,7,2,2,2,273.371669758116,273.37167,2
102,12,2,2,2,224.68904363680767,224.68904,2
77,5,1,2,2,252.466135762782,252.46614,2
94,16,2,2,2,141.80375198411866,141.80376,2
74,11,2,2,2,143.85887882446818,143.85887,2
81,3,2,2,2,270.41523497342115,270.41522,2
59,1,2,2,2,274.09537957196903,274.09537,2
73,4,1,2,2,219.93951913716782,219.93951,2
74,9,2,2,2,143.85887882446818,143.85887,2
86,11,1,2,2,386.6157845817697,386.61578,2
90,7,2,2,2,155.38736270786458,155.38736,2
79,6,1,2,2,185.09835803429925,185.09836,2
70,5,2,2,2,175.85528138749257,175.85529,2
87,5,1,2,2,265.2211848418789,265.2212,2
58,3,1,2,2,427.3331245017022,427.33313,2
70,3,2,2,2,175.85528138749257,175.85529,2
90,6,2,2,2,155.38736270786458,155.38736,2
87,8,1,2,2,265.2211848418789,265.2212,2
88,2,1,2,2,202.94494263969725,202.94495,2
56,11,2,2,2,322.67747086789973,322.67746,2
69,3,1,2,2,221.8864706194023,221.88647,2
74,3,2,2,2,143.85887882446818,143.85887,2
89,28,1,2,2,600.3614494457906,600.36145,2
67,27,1,2,2,525.9679401374023,525.96796,2
84,8,2,2,2,282.02348925447586,282.0235,2
81,6,2,2,2,270.41523497342115,270.41522,2
103,4,2,2,2,119.83415660629743,119.83416,2
75,9,1,2,2,257.6574015904444,257.6574,2
89,4,1,2,2,190.2101863179739,190.21019,2
84,3,2,2,2,282.02348925447586,282.0235,2
93,2,1,2,2,256.3119460745806,256.31195,2
57,3,1,2,2,374.48173939467944,374.48175,2
91,3,1,2,2,163.10760204746038,163.1076,2
89,12,1,2,2,190.2101863179739,190.21019,2
97,2,1,2,2,279.61303208136064,279.61304,2
78,12,2,2,2,272.9555789365663,272.95557,2
104,2,1,2,2,594.1776931728914,594.1777,2
71,9,1,2,2,254.04841200535057,254.04842,2
104,8,1,2,2,594.1776931728914,594.1777,2
75,11,1,2,2,257.6574015904444,257.6574,2
64,2,1,2,2,595.2056822614259,595.2057,2
90,10,2,2,2,155.38736270786458,155.38736,2
64,8,1,2,2,595.2056822614259,595.2057,2
76,5,2,2,2,202.81142623006585,202.81143,2
996,23,1,2,2,173.3439172874331,173.34392,2
68,12,2,2,2,124.93348241933136,124.93348,2
73,7,1,2,2,219.93951913716782,219.93951,2
79,1,1,2,2,185.09835803429925,185.09836,2
73,3,1,2,2,219.93951913716782,219.93951,2
79,9,1,2,2,185.09835803429925,185.09836,2
76,11,2,2,2,202.81142623006585,202.81143,2
74,8,2,2,2,143.85887882446818,143.85887,2
89,7,1,2,2,190.2101863179739,190.21019,2
996,26,1,2,2,173.3439172874331,173.34392,2
64,7,1,2,2,595.2056822614259,595.2057,2
75,3,1,2,2,257.6574015904444,257.6574,2
74,12,2,2,2,143.85887882446818,143.85887,2
78,9,2,2,2,272.9555789365663,272.95557,2
95,11,1,2,2,155.149809640838,155.14981,2
57,7,1,2,2,374.48173939467944,374.48175,2
92,2,2,2,2,273.371669758116,273.37167,2
74,7,2,2,2,143.85887882446818,143.85887,2
90,4,2,2,2,155.38736270786458,155.38736,2
58,12,1,2,2,427.3331245017022,427.33313,2
102,11,2,2,2,224.68904363680767,224.68904,2
81,5,2,2,2,270.41523497342115,270.41522,2
103,8,2,2,2,119.83415660629743,119.83416,2
71,5,1,2,2,254.04841200535057,254.04842,2
85,12,1,2,2,262.80085610178514,262.80084,2
59,5,2,2,2,274.09537957196903,274.09537,2
96,4,2,2,2,108.38932142479712,108.38932,2
90,9,2,2,2,155.38736270786458,155.38736,2
78,10,2,2,2,272.9555789365663,272.95557,2
76,2,2,2,2,202.81142623006585,202.81143,2
96,6,2,2,2,108.38932142479712,108.38932,2
53,7,1,2,2,263.6792012090773,263.6792,2
89,3,1,2,2,190.2101863179739,190.21019,2
996,19,1,2,2,173.3439172874331,173.34392,2
69,13,1,2,2,221.8864706194023,221.88647,2
96,13,2,2,2,108.38932142479712,108.38932,2
77,6,1,2,2,252.466135762782,252.46614,2
76,12,2,2,2,202.81142623006585,202.81143,2
64,9,1,2,2,595.2056822614259,595.2057,2
69,10,1,2,2,221.8864706194023,221.88647,2
73,1,1,2,2,219.93951913716782,219.93951,2
104,3,1,2,2,594.1776931728914,594.1777,2
97,3,1,2,2,279.61303208136064,279.61304,2
95,8,1,2,2,155.149809640838,155.14981,2
68,4,2,2,2,124.93348241933136,124.93348,2
69,7,1,2,2,221.8864706194023,221.88647,2
86,12,1,2,2,386.6157845817697,386.61578,2
69,2,1,2,2,221.8864706194023,221.88647,2
64,4,1,2,2,595.2056822614259,595.2057,2
97,10,1,2,2,279.61303208136064,279.61304,2
87,6,1,2,2,265.2211848418789,265.2212,2
69,1,1,2,2,221.8864706194023,221.88647,2
87,2,1,2,2,265.2211848418789,265.2212,2
76,6,2,2,2,202.81142623006585,202.81143,2
94,3,2,2,2,141.80375198411866,141.80376,2
69,9,1,2,2,221.8864706194023,221.88647,2
97,8,1,2,2,279.61303208136064,279.61304,2
98,7,2,2,2,264.12813315280425,264.12814,2
86,5,1,2,2,386.6157845817697,386.61578,2
98,12,2,2,2,264.12813315280425,264.12814,2
57,8,1,2,2,374.48173939467944,374.48175,2
84,11,2,2,2,282.02348925447586,282.0235,2
82,5,2,2,2,84.70630089523574,84.7063,2
71,11,1,2,2,254.04841200535057,254.04842,2
53,1,1,2,2,263.6792012090773,263.6792,2
91,8,1,2,2,163.10760204746038,163.1076,2
102,6,2,2,2,224.68904363680767,224.68904,2
68,3,2,2,2,124.93348241933136,124.93348,2
67,11,1,2,2,234.0584262130059,234.05843,2
72,9,2,2,2,229.09471115909804,229.09471,2
76,10,2,2,2,202.81142623006585,202.81143,2
80,2,2,2,2,206.38104748862335,206.38104,2
53,8,1,2,2,263.6792012090773,263.6792,2
70,12,2,2,2,175.85528138749257,175.85529,2
53,9,1,2,2,263.6792012090773,263.6792,2
86,3,1,2,2,386.6157845817697,386.61578,2
91,4,1,2,2,163.10760204746038,163.1076,2
81,2,2,2,2,270.41523497342115,270.41522,2
91,2,1,2,2,163.10760204746038,163.1076,2
92,6,2,2,2,273.371669758116,273.37167,2
98,4,2,2,2,264.12813315280425,264.12814,2
56,17,2,2,2,1124.0799280987028,1124.08,2
84,10,2,2,2,282.02348925447586,282.0235,2
59,7,2,2,2,274.09537957196903,274.09537,2
996,21,1,2,2,173.3439172874331,173.34392,2
72,4,2,2,2,229.09471115909804,229.09471,2
92,1,2,2,2,273.371669758116,273.37167,2
92,5,2,2,2,273.371669758116,273.37167,2
76,3,2,2,2,202.81142623006585,202.81143,2
88,4,1,2,2,202.94494263969725,202.94495,2
57,10,1,2,2,374.48173939467944,374.48175,2
77,9,1,2,2,252.466135762782,252.46614,2
91,10,1,2,2,163.10760204746038,163.1076,2
73,6,1,2,2,219.93951913716782,219.93951,2
92,8,2,2,2,273.371669758116,273.37167,2
76,7,2,2,2,202.81142623006585,202.81143,2
68,2,2,2,2,124.93348241933136,124.93348,2
996,20,1,2,2,173.3439172874331,173.34392,2
103,5,2,2,2,119.83415660629743,119.83416,2
78,4,2,2,2,272.9555789365663,272.95557,2
87,10,1,2,2,265.2211848418789,265.2212,2
78,11,2,2,2,272.9555789365663,272.95557,2
93,7,1,2,2,256.3119460745806,256.31195,2
93,8,1,2,2,256.3119460745806,256.31195,2
102,3,2,2,2,224.68904363680767,224.68904,2
87,7,1,2,2,265.2211848418789,265.2212,2
71,4,1,2,2,254.04841200535057,254.04842,2
96,1,2,2,2,108.38932142479712,108.38932,2
102,9,2,2,2,224.68904363680767,224.68904,2
95,25,1,2,2,213.17439688590963,213.1744,2
98,9,2,2,2,264.12813315280425,264.12814,2
73,9,1,2,2,219.93951913716782,219.93951,2
94,1,2,2,2,141.80375198411866,141.80376,2
80,7,2,2,2,206.38104748862335,206.38104,2
94,2,2,2,2,141.80375198411866,141.80376,2
77,4,1,2,2,252.466135762782,252.46614,2
53,11,1,2,2,263.6792012090773,263.6792,2
72,8,2,2,2,229.09471115909804,229.09471,2
97,4,1,2,2,279.61303208136064,279.61304,2
94,12,2,2,2,141.80375198411866,141.80376,2
90,12,2,2,2,155.38736270786458,155.38736,2
70,9,2,2,2,175.85528138749257,175.85529,2
58,2,1,2,2,427.3331245017022,427.33313,2
68,8,2,2,2,124.93348241933136,124.93348,2
919,9,1,3,1,104.20447098583925,104.20447,1
917,1,1,3,1,89.50896866732346,89.50897,1
921,7,1,3,1,93.07151468393334,93.07152,1
142,14,2,3,1,586.8969545959596,586.897,1
922,14,2,3,1,43.64118870347114,43.64119,1
142,12,2,3,1,586.8969545959596,586.897,1
921,2,1,3,1,93.07151468393334,93.07152,1
925,37,1,3,1,65.90710130728294,65.907104,1
118,2,2,3,1,264.50229101621704,264.5023,1
142,9,2,3,1,586.8969545959596,586.897,1
915,7,1,3,1,59.67264577821564,59.672646,1
915,5,1,3,1,59.67264577821564,59.672646,1
918,2,2,3,1,52.54755374499587,52.547554,1
916,7,2,3,1,65.01646480313048,65.016464,1
118,8,2,3,1,264.50229101621704,264.5023,1
917,8,1,3,1,89.50896866732346,89.50897,1
924,1,2,3,1,40.969279191013726,40.96928,1
926,5,2,3,1,67.24305606351166,67.24306,1
917,11,1,3,1,89.50896866732346,89.50897,1
118,5,2,3,1,264.50229101621704,264.5023,1
924,3,2,3,1,40.969279191013726,40.96928,1
919,10,1,3,1,104.20447098583925,104.20447,1
142,4,2,3,1,586.8969545959596,586.897,1
913,15,1,3,1,79.26664886957003,79.26665,1
921,10,1,3,1,93.07151468393334,93.07152,1
922,13,2,3,1,43.64118870347114,43.64119,1
125,11,1,3,1,374.1361853088502,374.1362,1
921,1,1,3,1,93.07151468393334,93.07152,1
920,4,2,3,1,70.00402922638432,70.00403,1
921,5,1,3,1,93.07151468393334,93.07152,1
922,9,2,3,1,43.64118870347114,43.64119,1
918,1,2,3,1,52.54755374499587,52.547554,1
920,10,2,3,1,70.00402922638432,70.00403,1
927,3,1,3,1,81.12888883279793,81.12889,1
926,11,2,3,1,67.24305606351166,67.24306,1
913,5,1,3,1,79.26664886957003,79.26665,1
919,11,1,3,1,104.20447098583925,104.20447,1
922,5,2,3,1,43.64118870347114,43.64119,1
920,15,2,3,1,70.00402922638432,70.00403,1
918,16,2,3,1,52.54755374499587,52.547554,1
926,9,2,3,1,67.24305606351166,67.24306,1
913,2,1,3,1,79.26664886957003,79.26665,1
918,15,2,3,1,52.54755374499587,52.547554,1
924,8,2,3,1,40.969279191013726,40.96928,1
118,6,2,3,1,264.50229101621704,264.5023,1
925,39,1,3,1,65.90710130728294,65.907104,1
920,12,2,3,1,70.00402922638432,70.00403,1
915,2,1,3,1,59.67264577821564,59.672646,1
118,18,2,3,1,625.2688309142395,625.26886,1
125,13,1,3,1,374.1361853088502,374.1362,1
914,12,2,3,1,67.24305606351166,67.24306,1
925,11,1,3,1,65.90710130728294,65.907104,1
914,8,2,3,1,67.24305606351166,67.24306,1
919,6,1,3,1,104.20447098583925,104.20447,1
141,1,1,3,1,576.1505777107251,576.1506,1
117,8,1,3,1,592.2842094149048,592.2842,1
913,13,1,3,1,79.26664886957003,79.26665,1
922,4,2,3,1,43.64118870347114,43.64119,1
918,11,2,3,1,52.54755374499587,52.547554,1
141,26,1,3,1,589.9031237039255,589.90314,1
913,3,1,3,1,79.26664886957003,79.26665,1
125,26,1,3,1,584.4194040106797,584.41943,1
917,6,1,3,1,89.50896866732346,89.50897,1
916,10,2,3,1,65.01646480313048,65.016464,1
142,6,2,3,1,586.8969545959596,586.897,1
927,1,1,3,1,81.12888883279793,81.12889,1
923,9,1,3,1,91.2902416756284,91.290245,1
117,10,1,3,1,592.2842094149048,592.2842,1
922,3,2,3,1,43.64118870347114,43.64119,1
919,4,1,3,1,104.20447098583925,104.20447,1
923,13,1,3,1,91.2902416756284,91.290245,1
918,8,2,3,1,52.54755374499587,52.547554,1
125,12,1,3,1,374.1361853088502,374.1362,1
920,11,2,3,1,70.00402922638432,70.00403,1
924,12,2,3,1,40.969279191013726,40.96928,1
926,1,2,3,1,67.24305606351166,67.24306,1
919,12,1,3,1,104.20447098583925,104.20447,1
913,11,1,3,1,79.26664886957003,79.26665,1
923,1,1,3,1,91.2902416756284,91.290245,1
919,2,1,3,1,104.20447098583925,104.20447,1
920,8,2,3,1,70.00402922638432,70.00403,1
926,10,2,3,1,67.24305606351166,67.24306,1
142,11,2,3,1,586.8969545959596,586.897,1
913,7,1,3,1,79.26664886957003,79.26665,1
913,10,1,3,1,79.26664886957003,79.26665,1
125,2,1,3,1,374.1361853088502,374.1362,1
914,3,2,3,1,67.24305606351166,67.24306,1
914,9,2,3,1,67.24305606351166,67.24306,1
118,7,2,3,1,264.50229101621704,264.5023,1
914,11,2,3,1,67.24305606351166,67.24306,1
915,4,1,3,1,59.67264577821564,59.672646,1
915,9,1,3,1,59.67264577821564,59.672646,1
915,12,1,3,1,59.67264577821564,59.672646,1
916,5,2,3,1,65.01646480313048,65.016464,1
916,9,2,3,1,65.01646480313048,65.016464,1
916,14,2,3,1,65.01646480313048,65.016464,1
921,13,1,3,1,93.07151468393334,93.07152,1
918,7,2,3,1,52.54755374499587,52.547554,1
920,9,2,3,1,70.00402922638432,70.00403,1
920,1,2,3,1,70.00402922638432,70.00403,1
920,2,2,3,1,70.00402922638432,70.00403,1
914,14,2,3,1,67.24305606351166,67.24306,1
921,4,1,3,1,93.07151468393334,93.07152,1
924,7,2,3,1,40.969279191013726,40.96928,1
921,9,1,3,1,93.07151468393334,93.07152,1
922,2,2,3,1,43.64118870347114,43.64119,1
922,8,2,3,1,43.64118870347114,43.64119,1
922,10,2,3,1,43.64118870347114,43.64119,1
918,3,2,3,1,52.54755374499587,52.547554,1
922,11,2,3,1,43.64118870347114,43.64119,1
916,15,2,3,1,65.01646480313048,65.016464,1
924,2,2,3,1,40.969279191013726,40.96928,1
926,4,2,3,1,67.24305606351166,67.24306,1
924,6,2,3,1,40.969279191013726,40.96928,1
918,12,2,3,1,52.54755374499587,52.547554,1
141,21,1,3,1,589.9031237039255,589.90314,1
125,8,1,3,1,374.1361853088502,374.1362,1
916,4,2,3,1,65.01646480313048,65.016464,1
125,24,1,3,1,584.4194040106797,584.41943,1
925,34,1,3,1,65.90710130728294,65.907104,1
918,13,2,3,1,52.54755374499587,52.547554,1
926,2,2,3,1,67.24305606351166,67.24306,1
117,5,1,3,1,592.2842094149048,592.2842,1
927,2,1,3,1,81.12888883279793,81.12889,1
927,7,1,3,1,81.12888883279793,81.12889,1
921,11,1,3,1,93.07151468393334,93.07152,1
918,4,2,3,1,52.54755374499587,52.547554,1
117,3,1,3,1,592.2842094149048,592.2842,1
117,4,1,3,1,592.2842094149048,592.2842,1
927,12,1,3,1,81.12888883279793,81.12889,1
915,10,1,3,1,59.67264577821564,59.672646,1
142,3,2,3,1,586.8969545959596,586.897,1
141,23,1,3,1,589.9031237039255,589.90314,1
917,16,1,3,1,89.50896866732346,89.50897,1
919,13,1,3,1,104.20447098583925,104.20447,1
915,1,1,3,1,59.67264577821564,59.672646,1
926,6,2,3,1,67.24305606351166,67.24306,1
927,8,1,3,1,81.12888883279793,81.12889,1
125,27,1,3,1,584.4194040106797,584.41943,1
918,6,2,3,1,52.54755374499587,52.547554,1
916,6,2,3,1,65.01646480313048,65.016464,1
922,16,2,3,1,43.64118870347114,43.64119,1
141,12,1,3,1,576.1505777107251,576.1506,1
118,3,2,3,1,264.50229101621704,264.5023,1
917,7,1,3,1,89.50896866732346,89.50897,1
914,13,2,3,1,67.24305606351166,67.24306,1
925,7,1,3,1,65.90710130728294,65.907104,1
141,6,1,3,1,576.1505777107251,576.1506,1
925,9,1,3,1,65.90710130728294,65.907104,1
117,2,1,3,1,592.2842094149048,592.2842,1
923,4,1,3,1,91.2902416756284,91.290245,1
117,1,1,3,1,592.2842094149048,592.2842,1
142,5,2,3,1,586.8969545959596,586.897,1
117,11,1,3,1,592.2842094149048,592.2842,1
142,8,2,3,1,586.8969545959596,586.897,1
117,12,1,3,1,592.2842094149048,592.2842,1
927,11,1,3,1,81.12888883279793,81.12889,1
118,4,2,3,1,264.50229101621704,264.5023,1
142,2,2,3,1,586.8969545959596,586.897,1
919,3,1,3,1,104.20447098583925,104.20447,1
920,14,2,3,1,70.00402922638432,70.00403,1
917,5,1,3,1,89.50896866732346,89.50897,1
927,4,1,3,1,81.12888883279793,81.12889,1
923,8,1,3,1,91.2902416756284,91.290245,1
915,11,1,3,1,59.67264577821564,59.672646,1
915,3,1,3,1,59.67264577821564,59.672646,1
916,16,2,3,1,65.01646480313048,65.016464,1
924,10,2,3,1,40.969279191013726,40.96928,1
914,5,2,3,1,67.24305606351166,67.24306,1
924,5,2,3,1,40.969279191013726,40.96928,1
924,4,2,3,1,40.969279191013726,40.96928,1
917,9,1,3,1,89.50896866732346,89.50897,1
922,6,2,3,1,43.64118870347114,43.64119,1
926,8,2,3,1,67.24305606351166,67.24306,1
117,7,1,3,1,592.2842094149048,592.2842,1
913,6,1,3,1,79.26664886957003,79.26665,1
917,4,1,3,1,89.50896866732346,89.50897,1
923,3,1,3,1,91.2902416756284,91.290245,1
919,16,1,3,1,104.20447098583925,104.20447,1
923,16,1,3,1,91.2902416756284,91.290245,1
925,30,1,3,1,65.90710130728294,65.907104,1
921,6,1,3,1,93.07151468393334,93.07152,1
914,10,2,3,1,67.24305606351166,67.24306,1
118,10,2,3,1,264.50229101621704,264.5023,1
118,11,2,3,1,264.50229101621704,264.5023,1
913,1,1,3,1,79.26664886957003,79.26665,1
924,11,2,3,1,40.969279191013726,40.96928,1
919,5,1,3,1,104.20447098583925,104.20447,1
141,11,1,3,1,576.1505777107251,576.1506,1
921,15,1,3,1,93.07151468393334,93.07152,1
917,2,1,3,1,89.50896866732346,89.50897,1
923,2,1,3,1,91.2902416756284,91.290245,1
125,1,1,3,1,374.1361853088502,374.1362,1
141,28,1,3,1,589.9031237039255,589.90314,1
125,15,1,3,1,374.1361853088502,374.1362,1
125,19,1,3,1,584.4194040106797,584.41943,1
925,12,1,3,1,65.90710130728294,65.907104,1
913,14,1,3,1,79.26664886957003,79.26665,1
125,5,1,3,1,374.1361853088502,374.1362,1
916,2,2,3,1,65.01646480313048,65.016464,1
915,8,1,3,1,59.67264577821564,59.672646,1
926,7,2,3,1,67.24305606351166,67.24306,1
926,3,2,3,1,67.24305606351166,67.24306,1
141,5,1,3,1,576.1505777107251,576.1506,1
927,9,1,3,1,81.12888883279793,81.12889,1
117,6,1,3,1,592.2842094149048,592.2842,1
117,9,1,3,1,592.2842094149048,592.2842,1
118,21,2,3,1,625.2688309142395,625.26886,1
914,7,2,3,1,67.24305606351166,67.24306,1
917,3,1,3,1,89.50896866732346,89.50897,1
919,1,1,3,1,104.20447098583925,104.20447,1
916,1,2,3,1,65.01646480313048,65.016464,1
923,5,1,3,1,91.2902416756284,91.290245,1
925,41,1,3,1,65.90710130728294,65.907104,1
921,12,1,3,1,93.07151468393334,93.07152,1
118,12,2,3,1,264.50229101621704,264.5023,1
927,10,1,3,1,81.12888883279793,81.12889,1
917,10,1,3,1,89.50896866732346,89.50897,1
142,7,2,3,1,586.8969545959596,586.897,1
915,6,1,3,1,59.67264577821564,59.672646,1
141,22,1,3,1,589.9031237039255,589.90314,1
925,13,1,3,1,65.90710130728294,65.907104,1
914,6,2,3,1,67.24305606351166,67.24306,1
141,24,1,3,1,589.9031237039255,589.90314,1
913,12,1,3,1,79.26664886957003,79.26665,1
925,1,1,3,1,65.90710130728294,65.907104,1
142,1,2,3,1,586.8969545959596,586.897,1
926,12,2,3,1,67.24305606351166,67.24306,1
914,1,2,3,1,67.24305606351166,67.24306,1
923,10,1,3,1,91.2902416756284,91.290245,1
923,12,1,3,1,91.2902416756284,91.290245,1
916,8,2,3,1,65.01646480313048,65.016464,1
923,6,1,3,1,91.2902416756284,91.290245,1
924,9,2,3,1,40.969279191013726,40.96928,1
925,32,1,3,1,65.90710130728294,65.907104,1
927,6,1,3,1,81.12888883279793,81.12889,1
141,4,1,3,1,576.1505777107251,576.1506,1
105,1,1,3,2,568.0601857723972,568.0602,2
138,23,2,3,2,1522.5744557570697,1522.5745,2
137,3,1,3,2,864.0675154457977,864.0675,2
135,7,1,3,2,885.0354987142055,885.0355,2
138,3,2,3,2,475.51606361313816,475.51605,2
148,3,2,3,2,990.0296987543632,990.0297,2
149,27,1,3,2,1058.746768180878,1058.7468,2
119,17,1,3,2,1361.925972850032,1361.926,2
148,15,2,3,2,990.0296987543632,990.0297,2
107,8,1,3,2,343.2395085088926,343.2395,2
148,1,2,3,2,990.0296987543632,990.0297,2
112,12,2,3,2,630.0492300125607,630.04926,2
139,4,1,3,2,624.8422115827049,624.8422,2
112,2,2,3,2,630.0492300125607,630.04926,2
143,1,1,3,2,591.698407316144,591.6984,2
114,20,2,3,2,1185.7432518775088,1185.7433,2
153,5,1,3,2,636.6813271705878,636.68134,2
124,4,2,3,2,889.2712065260196,889.2712,2
121,12,1,3,2,1100.549151252016,1100.5492,2
134,8,2,3,2,707.7248452467069,707.72485,2
143,8,1,3,2,591.698407316144,591.6984,2
123,19,1,3,2,860.9256387789527,860.92566,2
106,18,2,3,2,1340.8646772420063,1340.8646,2
134,9,2,3,2,707.7248452467069,707.72485,2
154,2,2,3,2,694.2594645842756,694.25946,2
126,7,2,3,2,731.0762543728357,731.07623,2
109,10,1,3,2,553.443260087878,553.44324,2
151,9,1,3,2,674.8295885093213,674.8296,2
148,8,2,3,2,990.0296987543632,990.0297,2
152,6,2,3,2,328.29130806221593,328.29132,2
116,10,2,3,2,499.5501643163653,499.55017,2
121,6,1,3,2,1100.549151252016,1100.5492,2
130,2,2,3,2,776.9465421723171,776.94653,2
115,5,1,3,2,500.2659979413656,500.266,2
115,10,1,3,2,500.2659979413656,500.266,2
135,17,1,3,2,2822.390738622666,2822.3906,2
146,1,2,3,2,1030.2906730781672,1030.2906,2
158,16,2,3,2,483.8778086496467,483.8778,2
123,11,1,3,2,1001.1869131518544,1001.1869,2
105,5,1,3,2,568.0601857723972,568.0602,2
157,12,1,3,2,633.6610416897502,633.6611,2
131,4,1,3,2,832.9044247248015,832.9044,2
127,6,1,3,2,700.0766055163489,700.0766,2
114,22,2,3,2,1185.7432518775088,1185.7433,2
147,2,1,3,2,917.6992922665712,917.6993,2
155,4,1,3,2,757.4799055402666,757.4799,2
133,10,1,3,2,600.4958416695256,600.49585,2
147,8,1,3,2,917.6992922665712,917.6993,2
119,19,1,3,2,1361.925972850032,1361.926,2
129,6,1,3,2,679.828326201983,679.8283,2
111,1,1,3,2,518.0737159589337,518.0737,2
158,6,2,3,2,483.8778086496467,483.8778,2
116,5,2,3,2,499.5501643163653,499.55017,2
122,2,2,3,2,881.3488657547136,881.3489,2
127,5,1,3,2,700.0766055163489,700.0766,2
135,5,1,3,2,885.0354987142055,885.0355,2
127,7,1,3,2,700.0766055163489,700.0766,2
150,7,2,3,2,620.3666441160861,620.36664,2
113,5,1,3,2,797.8836206456939,797.8836,2
132,4,2,3,2,1100.5403670432415,1100.5404,2
145,6,1,3,2,806.4630144160778,806.463,2
156,10,2,3,2,685.8535903851019,685.8536,2
149,4,1,3,2,752.6398317612062,752.63983,2
129,3,1,3,2,679.828326201983,679.8283,2
126,15,2,3,2,731.0762543728357,731.07623,2
148,14,2,3,2,990.0296987543632,990.0297,2
126,6,2,3,2,731.0762543728357,731.07623,2
110,3,2,3,2,704.9218602388867,704.9219,2
135,14,1,3,2,885.0354987142055,885.0355,2
133,7,1,3,2,600.4958416695256,600.49585,2
107,6,1,3,2,343.2395085088926,343.2395,2
109,1,1,3,2,553.443260087878,553.44324,2
139,10,1,3,2,624.8422115827049,624.8422,2
136,16,2,3,2,678.7730371335321,678.773,2
129,5,1,3,2,679.828326201983,679.8283,2
115,20,1,3,2,1531.9129330129178,1531.913,2
147,9,1,3,2,917.6992922665712,917.6993,2
136,13,2,3,2,678.7730371335321,678.773,2
112,1,2,3,2,630.0492300125607,630.04926,2
110,10,2,3,2,704.9218602388867,704.9219,2
120,20,2,3,2,939.2713219682308,939.2713,2
151,1,1,3,2,674.8295885093213,674.8296,2
112,11,2,3,2,630.0492300125607,630.04926,2
150,8,2,3,2,620.3666441160861,620.36664,2
148,16,2,3,2,990.0296987543632,990.0297,2
140,12,2,3,2,846.7861651368817,846.7862,2
155,19,1,3,2,2512.2766329109145,2512.2766,2
132,12,2,3,2,1100.5403670432415,1100.5404,2
156,2,2,3,2,685.8535903851019,685.8536,2
158,12,2,3,2,483.8778086496467,483.8778,2
146,9,2,3,2,1030.2906730781672,1030.2906,2
151,13,1,3,2,674.8295885093213,674.8296,2
146,3,2,3,2,1030.2906730781672,1030.2906,2
132,11,2,3,2,1100.5403670432415,1100.5404,2
150,10,2,3,2,620.3666441160861,620.36664,2
112,7,2,3,2,630.0492300125607,630.04926,2
155,2,1,3,2,757.4799055402666,757.4799,2
126,10,2,3,2,731.0762543728357,731.07623,2
154,9,2,3,2,694.2594645842756,694.25946,2
146,5,2,3,2,1030.2906730781672,1030.2906,2
119,10,1,3,2,630.6658320377645,630.66583,2
158,14,2,3,2,483.8778086496467,483.8778,2
137,1,1,3,2,864.0675154457977,864.0675,2
114,9,2,3,2,733.8004695566726,733.8005,2
138,1,2,3,2,475.51606361313816,475.51605,2
122,10,2,3,2,881.3488657547136,881.3489,2
134,10,2,3,2,707.7248452467069,707.72485,2
124,3,2,3,2,889.2712065260196,889.2712,2
129,4,1,3,2,679.828326201983,679.8283,2
122,1,2,3,2,881.3488657547136,881.3489,2
127,12,1,3,2,700.0766055163489,700.0766,2
121,4,1,3,2,1100.549151252016,1100.5492,2
149,2,1,3,2,752.6398317612062,752.63983,2
144,6,2,3,2,389.66121610007605,389.66122,2
131,8,1,3,2,832.9044247248015,832.9044,2
119,5,1,3,2,630.6658320377645,630.66583,2
138,6,2,3,2,475.51606361313816,475.51605,2
108,16,2,3,2,706.1012962617025,706.1013,2
108,11,2,3,2,706.1012962617025,706.1013,2
151,12,1,3,2,674.8295885093213,674.8296,2
156,11,2,3,2,685.8535903851019,685.8536,2
134,3,2,3,2,707.7248452467069,707.72485,2
147,1,1,3,2,917.6992922665712,917.6993,2
115,11,1,3,2,500.2659979413656,500.266,2
149,1,1,3,2,752.6398317612062,752.63983,2
105,3,1,3,2,568.0601857723972,568.0602,2
121,1,1,3,2,1100.549151252016,1100.5492,2
139,3,1,3,2,624.8422115827049,624.8422,2
132,9,2,3,2,1100.5403670432415,1100.5404,2
158,7,2,3,2,483.8778086496467,483.8778,2
111,7,1,3,2,518.0737159589337,518.0737,2
108,10,2,3,2,706.1012962617025,706.1013,2
150,1,2,3,2,620.3666441160861,620.36664,2
109,4,1,3,2,553.443260087878,553.44324,2
110,6,2,3,2,704.9218602388867,704.9219,2
156,7,2,3,2,685.8535903851019,685.8536,2
130,11,2,3,2,776.9465421723171,776.94653,2
120,5,2,3,2,462.87796103174077,462.87796,2
157,3,1,3,2,633.6610416897502,633.6611,2
130,6,2,3,2,776.9465421723171,776.94653,2
150,3,2,3,2,620.3666441160861,620.36664,2
112,6,2,3,2,630.0492300125607,630.04926,2
144,7,2,3,2,389.66121610007605,389.66122,2
109,18,1,3,2,1218.3489728257414,1218.349,2
122,11,2,3,2,881.3488657547136,881.3489,2
124,20,2,3,2,1946.1581366863347,1946.1581,2
128,11,2,3,2,647.0583702474327,647.05835,2
153,12,1,3,2,636.6813271705878,636.68134,2
113,4,1,3,2,797.8836206456939,797.8836,2
148,11,2,3,2,990.0296987543632,990.0297,2
113,9,1,3,2,797.8836206456939,797.8836,2
140,5,2,3,2,846.7861651368817,846.7862,2
116,3,2,3,2,499.5501643163653,499.55017,2
129,1,1,3,2,679.828326201983,679.8283,2
115,1,1,3,2,500.2659979413656,500.266,2
123,17,1,3,2,860.9256387789527,860.92566,2
155,11,1,3,2,757.4799055402666,757.4799,2
119,7,1,3,2,630.6658320377645,630.66583,2
157,11,1,3,2,633.6610416897502,633.6611,2
152,8,2,3,2,328.29130806221593,328.29132,2
120,10,2,3,2,462.87796103174077,462.87796,2
136,12,2,3,2,678.7730371335321,678.773,2
106,10,2,3,2,438.5096396083499,438.50964,2
153,4,1,3,2,636.6813271705878,636.68134,2
114,18,2,3,2,1185.7432518775088,1185.7433,2
149,7,1,3,2,752.6398317612062,752.63983,2
116,8,2,3,2,499.5501643163653,499.55017,2
114,5,2,3,2,733.8004695566726,733.8005,2
119,6,1,3,2,630.6658320377645,630.66583,2
140,7,2,3,2,846.7861651368817,846.7862,2
145,3,1,3,2,806.4630144160778,806.463,2
121,11,1,3,2,1100.549151252016,1100.5492,2
157,1,1,3,2,633.6610416897502,633.6611,2
135,2,1,3,2,885.0354987142055,885.0355,2
131,2,1,3,2,832.9044247248015,832.9044,2
139,1,1,3,2,624.8422115827049,624.8422,2
120,4,2,3,2,462.87796103174077,462.87796,2
110,17,2,3,2,2193.6036018953996,2193.6035,2
132,19,2,3,2,2190.67367467847,2190.6736,2
124,7,2,3,2,889.2712065260196,889.2712,2
129,9,1,3,2,679.828326201983,679.8283,2
152,2,2,3,2,328.29130806221593,328.29132,2
155,1,1,3,2,757.4799055402666,757.4799,2
105,7,1,3,2,568.0601857723972,568.0602,2
112,8,2,3,2,630.0492300125607,630.04926,2
106,6,2,3,2,438.5096396083499,438.50964,2
146,7,2,3,2,1030.2906730781672,1030.2906,2
119,8,1,3,2,630.6658320377645,630.66583,2
144,1,2,3,2,389.66121610007605,389.66122,2
158,2,2,3,2,483.8778086496467,483.8778,2
108,4,2,3,2,706.1012962617025,706.1013,2
151,7,1,3,2,674.8295885093213,674.8296,2
110,8,2,3,2,704.9218602388867,704.9219,2
137,5,1,3,2,864.0675154457977,864.0675,2
123,5,1,3,2,1001.1869131518544,1001.1869,2
146,4,2,3,2,1030.2906730781672,1030.2906,2
131,11,1,3,2,832.9044247248015,832.9044,2
137,7,1,3,2,864.0675154457977,864.0675,2
113,6,1,3,2,797.8836206456939,797.8836,2
107,12,1,3,2,343.2395085088926,343.2395,2
105,13,1,3,2,568.0601857723972,568.0602,2
109,3,1,3,2,553.443260087878,553.44324,2
121,10,1,3,2,1100.549151252016,1100.5492,2
145,10,1,3,2,806.4630144160778,806.463,2
124,11,2,3,2,889.2712065260196,889.2712,2
126,5,2,3,2,731.0762543728357,731.07623,2
140,1,2,3,2,846.7861651368817,846.7862,2
136,1,2,3,2,678.7730371335321,678.773,2
126,1,2,3,2,731.0762543728357,731.07623,2
128,7,2,3,2,647.0583702474327,647.05835,2
114,8,2,3,2,733.8004695566726,733.8005,2
111,12,1,3,2,518.0737159589337,518.0737,2
152,9,2,3,2,328.29130806221593,328.29132,2
147,11,1,3,2,917.6992922665712,917.6993,2
122,7,2,3,2,881.3488657547136,881.3489,2
147,3,1,3,2,917.6992922665712,917.6993,2
136,2,2,3,2,678.7730371335321,678.773,2
108,17,2,3,2,1208.356045681213,1208.3561,2
106,7,2,3,2,438.5096396083499,438.50964,2
144,12,2,3,2,389.66121610007605,389.66122,2
147,6,1,3,2,917.6992922665712,917.6993,2
119,3,1,3,2,630.6658320377645,630.66583,2
105,9,1,3,2,568.0601857723972,568.0602,2
138,8,2,3,2,475.51606361313816,475.51605,2
110,5,2,3,2,704.9218602388867,704.9219,2
107,5,1,3,2,343.2395085088926,343.2395,2
116,6,2,3,2,499.5501643163653,499.55017,2
145,12,1,3,2,806.4630144160778,806.463,2
126,9,2,3,2,731.0762543728357,731.07623,2
132,5,2,3,2,1100.5403670432415,1100.5404,2
156,15,2,3,2,685.8535903851019,685.8536,2
138,2,2,3,2,475.51606361313816,475.51605,2
120,12,2,3,2,462.87796103174077,462.87796,2
158,5,2,3,2,483.8778086496467,483.8778,2
110,7,2,3,2,704.9218602388867,704.9219,2
115,6,1,3,2,500.2659979413656,500.266,2
113,10,1,3,2,797.8836206456939,797.8836,2
128,2,2,3,2,647.0583702474327,647.05835,2
130,3,2,3,2,776.9465421723171,776.94653,2
122,4,2,3,2,881.3488657547136,881.3489,2
148,19,2,3,2,2308.0186359728827,2308.0186,2
128,6,2,3,2,647.0583702474327,647.05835,2
115,4,1,3,2,500.2659979413656,500.266,2
135,10,1,3,2,885.0354987142055,885.0355,2
136,9,2,3,2,678.7730371335321,678.773,2
106,2,2,3,2,438.5096396083499,438.50964,2
157,8,1,3,2,633.6610416897502,633.6611,2
136,6,2,3,2,678.7730371335321,678.773,2
154,11,2,3,2,694.2594645842756,694.25946,2
114,3,2,3,2,733.8004695566726,733.8005,2
109,5,1,3,2,553.443260087878,553.44324,2
122,3,2,3,2,881.3488657547136,881.3489,2
156,3,2,3,2,685.8535903851019,685.8536,2
135,11,1,3,2,885.0354987142055,885.0355,2
111,6,1,3,2,518.0737159589337,518.0737,2
145,5,1,3,2,806.4630144160778,806.463,2
134,2,2,3,2,707.7248452467069,707.72485,2
138,10,2,3,2,475.51606361313816,475.51605,2
152,10,2,3,2,328.29130806221593,328.29132,2
105,20,1,3,2,1932.1534501989274,1932.1534,2
111,2,1,3,2,518.0737159589337,518.0737,2
139,12,1,3,2,624.8422115827049,624.8422,2
155,3,1,3,2,757.4799055402666,757.4799,2
133,9,1,3,2,600.4958416695256,600.49585,2
120,2,2,3,2,462.87796103174077,462.87796,2
147,12,1,3,2,917.6992922665712,917.6993,2
156,8,2,3,2,685.8535903851019,685.8536,2
130,19,2,3,2,2391.9685599194086,2391.9685,2
126,3,2,3,2,731.0762543728357,731.07623,2
121,5,1,3,2,1100.549151252016,1100.5492,2
149,5,1,3,2,752.6398317612062,752.63983,2
122,9,2,3,2,881.3488657547136,881.3489,2
109,12,1,3,2,553.443260087878,553.44324,2
157,5,1,3,2,633.6610416897502,633.6611,2
126,8,2,3,2,731.0762543728357,731.07623,2
116,18,2,3,2,1620.7983197206684,1620.7983,2
130,12,2,3,2,776.9465421723171,776.94653,2
146,12,2,3,2,1030.2906730781672,1030.2906,2
133,5,1,3,2,600.4958416695256,600.49585,2
113,7,1,3,2,797.8836206456939,797.8836,2
137,2,1,3,2,864.0675154457977,864.0675,2
119,9,1,3,2,630.6658320377645,630.66583,2
128,10,2,3,2,647.0583702474327,647.05835,2
112,10,2,3,2,630.0492300125607,630.04926,2
113,3,1,3,2,797.8836206456939,797.8836,2
129,11,1,3,2,679.828326201983,679.8283,2
132,2,2,3,2,1100.5403670432415,1100.5404,2
121,2,1,3,2,1100.549151252016,1100.5492,2
108,15,2,3,2,706.1012962617025,706.1013,2
152,12,2,3,2,328.29130806221593,328.29132,2
144,11,2,3,2,389.66121610007605,389.66122,2
131,3,1,3,2,832.9044247248015,832.9044,2
152,3,2,3,2,328.29130806221593,328.29132,2
148,7,2,3,2,990.0296987543632,990.0297,2
128,5,2,3,2,647.0583702474327,647.05835,2
105,11,1,3,2,568.0601857723972,568.0602,2
151,4,1,3,2,674.8295885093213,674.8296,2
113,12,1,3,2,797.8836206456939,797.8836,2
114,12,2,3,2,733.8004695566726,733.8005,2
149,10,1,3,2,752.6398317612062,752.63983,2
127,2,1,3,2,700.0766055163489,700.0766,2
130,4,2,3,2,776.9465421723171,776.94653,2
154,4,2,3,2,694.2594645842756,694.25946,2
122,6,2,3,2,881.3488657547136,881.3489,2
139,5,1,3,2,624.8422115827049,624.8422,2
127,11,1,3,2,700.0766055163489,700.0766,2
133,13,1,3,2,600.4958416695256,600.49585,2
144,2,2,3,2,389.66121610007605,389.66122,2
131,5,1,3,2,832.9044247248015,832.9044,2
143,12,1,3,2,591.698407316144,591.6984,2
144,8,2,3,2,389.66121610007605,389.66122,2
106,9,2,3,2,438.5096396083499,438.50964,2
154,1,2,3,2,694.2594645842756,694.25946,2
135,1,1,3,2,885.0354987142055,885.0355,2
121,7,1,3,2,1100.549151252016,1100.5492,2
114,10,2,3,2,733.8004695566726,733.8005,2
140,4,2,3,2,846.7861651368817,846.7862,2
147,7,1,3,2,917.6992922665712,917.6993,2
146,10,2,3,2,1030.2906730781672,1030.2906,2
131,9,1,3,2,832.9044247248015,832.9044,2
133,12,1,3,2,600.4958416695256,600.49585,2
109,9,1,3,2,553.443260087878,553.44324,2
131,12,1,3,2,832.9044247248015,832.9044,2
156,9,2,3,2,685.8535903851019,685.8536,2
124,21,2,3,2,1946.1581366863347,1946.1581,2
112,5,2,3,2,630.0492300125607,630.04926,2
128,3,2,3,2,647.0583702474327,647.05835,2
139,9,1,3,2,624.8422115827049,624.8422,2
127,9,1,3,2,700.0766055163489,700.0766,2
133,4,1,3,2,600.4958416695256,600.49585,2
116,4,2,3,2,499.5501643163653,499.55017,2
138,7,2,3,2,475.51606361313816,475.51605,2
128,12,2,3,2,647.0583702474327,647.05835,2
158,4,2,3,2,483.8778086496467,483.8778,2
119,2,1,3,2,630.6658320377645,630.66583,2
134,12,2,3,2,707.7248452467069,707.72485,2
137,10,1,3,2,864.0675154457977,864.0675,2
123,10,1,3,2,1001.1869131518544,1001.1869,2
116,12,2,3,2,499.5501643163653,499.55017,2
106,8,2,3,2,438.5096396083499,438.50964,2
127,22,1,3,2,2261.3475174011223,2261.3474,2
133,2,1,3,2,600.4958416695256,600.49585,2
121,9,1,3,2,1100.549151252016,1100.5492,2
121,8,1,3,2,1100.549151252016,1100.5492,2
135,8,1,3,2,885.0354987142055,885.0355,2
148,12,2,3,2,990.0296987543632,990.0297,2
131,6,1,3,2,832.9044247248015,832.9044,2
114,2,2,3,2,733.8004695566726,733.8005,2
108,2,2,3,2,706.1012962617025,706.1013,2
158,1,2,3,2,483.8778086496467,483.8778,2
135,9,1,3,2,885.0354987142055,885.0355,2
149,6,1,3,2,752.6398317612062,752.63983,2
136,8,2,3,2,678.7730371335321,678.773,2
116,11,2,3,2,499.5501643163653,499.55017,2
116,1,2,3,2,499.5501643163653,499.55017,2
111,9,1,3,2,518.0737159589337,518.0737,2
149,22,1,3,2,1058.746768180878,1058.7468,2
115,12,1,3,2,500.2659979413656,500.266,2
126,2,2,3,2,731.0762543728357,731.07623,2
107,9,1,3,2,343.2395085088926,343.2395,2
128,4,2,3,2,647.0583702474327,647.05835,2
149,23,1,3,2,1058.746768180878,1058.7468,2
115,3,1,3,2,500.2659979413656,500.266,2
155,5,1,3,2,757.4799055402666,757.4799,2
123,4,1,3,2,1001.1869131518544,1001.1869,2
115,2,1,3,2,500.2659979413656,500.266,2
107,1,1,3,2,343.2395085088926,343.2395,2
113,11,1,3,2,797.8836206456939,797.8836,2
149,11,1,3,2,752.6398317612062,752.63983,2
149,25,1,3,2,1058.746768180878,1058.7468,2
112,3,2,3,2,630.0492300125607,630.04926,2
120,17,2,3,2,939.2713219682308,939.2713,2
152,7,2,3,2,328.29130806221593,328.29132,2
153,7,1,3,2,636.6813271705878,636.68134,2
111,10,1,3,2,518.0737159589337,518.0737,2
154,3,2,3,2,694.2594645842756,694.25946,2
136,3,2,3,2,678.7730371335321,678.773,2
136,7,2,3,2,678.7730371335321,678.773,2
115,9,1,3,2,500.2659979413656,500.266,2
143,10,1,3,2,591.698407316144,591.6984,2
121,3,1,3,2,1100.549151252016,1100.5492,2
110,12,2,3,2,704.9218602388867,704.9219,2
110,11,2,3,2,704.9218602388867,704.9219,2
106,11,2,3,2,438.5096396083499,438.50964,2
151,10,1,3,2,674.8295885093213,674.8296,2
150,4,2,3,2,620.3666441160861,620.36664,2
109,20,1,3,2,1218.3489728257414,1218.349,2
153,6,1,3,2,636.6813271705878,636.68134,2
154,12,2,3,2,694.2594645842756,694.25946,2
131,10,1,3,2,832.9044247248015,832.9044,2
157,7,1,3,2,633.6610416897502,633.6611,2
143,2,1,3,2,591.698407316144,591.6984,2
137,9,1,3,2,864.0675154457977,864.0675,2
136,11,2,3,2,678.7730371335321,678.773,2
108,21,2,3,2,1208.356045681213,1208.3561,2
111,19,1,3,2,1814.0287850646635,1814.0288,2
112,9,2,3,2,630.0492300125607,630.04926,2
133,6,1,3,2,600.4958416695256,600.49585,2
157,2,1,3,2,633.6610416897502,633.6611,2
151,8,1,3,2,674.8295885093213,674.8296,2
110,9,2,3,2,704.9218602388867,704.9219,2
120,8,2,3,2,462.87796103174077,462.87796,2
151,11,1,3,2,674.8295885093213,674.8296,2
107,21,1,3,2,1178.352494958088,1178.3525,2
107,10,1,3,2,343.2395085088926,343.2395,2
115,7,1,3,2,500.2659979413656,500.266,2
138,13,2,3,2,475.51606361313816,475.51605,2
130,9,2,3,2,776.9465421723171,776.94653,2
152,1,2,3,2,328.29130806221593,328.29132,2
106,5,2,3,2,438.5096396083499,438.50964,2
107,3,1,3,2,343.2395085088926,343.2395,2
144,4,2,3,2,389.66121610007605,389.66122,2
152,5,2,3,2,328.29130806221593,328.29132,2
143,5,1,3,2,591.698407316144,591.6984,2
127,1,1,3,2,700.0766055163489,700.0766,2
120,11,2,3,2,462.87796103174077,462.87796,2
139,11,1,3,2,624.8422115827049,624.8422,2
106,4,2,3,2,438.5096396083499,438.50964,2
140,2,2,3,2,846.7861651368817,846.7862,2
152,11,2,3,2,328.29130806221593,328.29132,2
114,7,2,3,2,733.8004695566726,733.8005,2
153,11,1,3,2,636.6813271705878,636.68134,2
153,10,1,3,2,636.6813271705878,636.68134,2
105,6,1,3,2,568.0601857723972,568.0602,2
156,5,2,3,2,685.8535903851019,685.8536,2
105,2,1,3,2,568.0601857723972,568.0602,2
147,10,1,3,2,917.6992922665712,917.6993,2
156,1,2,3,2,685.8535903851019,685.8536,2
155,12,1,3,2,757.4799055402666,757.4799,2
145,4,1,3,2,806.4630144160778,806.463,2
120,3,2,3,2,462.87796103174077,462.87796,2
123,24,1,3,2,860.9256387789527,860.92566,2
150,24,2,3,2,1961.7715798019267,1961.7716,2
153,3,1,3,2,636.6813271705878,636.68134,2
145,9,1,3,2,806.4630144160778,806.463,2
127,8,1,3,2,700.0766055163489,700.0766,2
130,5,2,3,2,776.9465421723171,776.94653,2
129,7,1,3,2,679.828326201983,679.8283,2
113,1,1,3,2,797.8836206456939,797.8836,2
150,2,2,3,2,620.3666441160861,620.36664,2
155,9,1,3,2,757.4799055402666,757.4799,2
108,8,2,3,2,706.1012962617025,706.1013,2
158,8,2,3,2,483.8778086496467,483.8778,2
153,9,1,3,2,636.6813271705878,636.68134,2
114,4,2,3,2,733.8004695566726,733.8005,2
134,5,2,3,2,707.7248452467069,707.72485,2
112,4,2,3,2,630.0492300125607,630.04926,2
113,2,1,3,2,797.8836206456939,797.8836,2
123,12,1,3,2,1001.1869131518544,1001.1869,2
111,11,1,3,2,518.0737159589337,518.0737,2
107,7,1,3,2,343.2395085088926,343.2395,2
108,22,2,3,2,1208.356045681213,1208.3561,2
123,20,1,3,2,860.9256387789527,860.92566,2
137,8,1,3,2,864.0675154457977,864.0675,2
156,16,2,3,2,685.8535903851019,685.8536,2
140,9,2,3,2,846.7861651368817,846.7862,2
140,6,2,3,2,846.7861651368817,846.7862,2
151,5,1,3,2,674.8295885093213,674.8296,2
154,6,2,3,2,694.2594645842756,694.25946,2
153,1,1,3,2,636.6813271705878,636.68134,2
154,7,2,3,2,694.2594645842756,694.25946,2
154,8,2,3,2,694.2594645842756,694.25946,2
109,7,1,3,2,553.443260087878,553.44324,2
155,8,1,3,2,757.4799055402666,757.4799,2
153,2,1,3,2,636.6813271705878,636.68134,2
144,3,2,3,2,389.66121610007605,389.66122,2
108,5,2,3,2,706.1012962617025,706.1013,2
154,10,2,3,2,694.2594645842756,694.25946,2
111,5,1,3,2,518.0737159589337,518.0737,2
157,9,1,3,2,633.6610416897502,633.6611,2
116,9,2,3,2,499.5501643163653,499.55017,2
143,4,1,3,2,591.698407316144,591.6984,2
136,10,2,3,2,678.7730371335321,678.773,2
146,2,2,3,2,1030.2906730781672,1030.2906,2
129,8,1,3,2,679.828326201983,679.8283,2
143,6,1,3,2,591.698407316144,591.6984,2
122,8,2,3,2,881.3488657547136,881.3489,2
127,4,1,3,2,700.0766055163489,700.0766,2
135,4,1,3,2,885.0354987142055,885.0355,2
157,19,1,3,2,1386.564980115526,1386.565,2
135,3,1,3,2,885.0354987142055,885.0355,2
133,11,1,3,2,600.4958416695256,600.49585,2
137,11,1,3,2,864.0675154457977,864.0675,2
139,8,1,3,2,624.8422115827049,624.8422,2
143,7,1,3,2,591.698407316144,591.6984,2
137,6,1,3,2,864.0675154457977,864.0675,2
140,8,2,3,2,846.7861651368817,846.7862,2
109,8,1,3,2,553.443260087878,553.44324,2
119,11,1,3,2,630.6658320377645,630.66583,2
157,6,1,3,2,633.6610416897502,633.6611,2
134,6,2,3,2,707.7248452467069,707.72485,2
108,7,2,3,2,706.1012962617025,706.1013,2
148,4,2,3,2,990.0296987543632,990.0297,2
144,5,2,3,2,389.66121610007605,389.66122,2
144,9,2,3,2,389.66121610007605,389.66122,2
144,10,2,3,2,389.66121610007605,389.66122,2
133,3,1,3,2,600.4958416695256,600.49585,2
133,1,1,3,2,600.4958416695256,600.49585,2
106,1,2,3,2,438.5096396083499,438.50964,2
140,10,2,3,2,846.7861651368817,846.7862,2
134,19,2,3,2,1529.5786833295742,1529.5787,2
132,18,2,3,2,2190.67367467847,2190.6736,2
145,1,1,3,2,806.4630144160778,806.463,2
157,18,1,3,2,1386.564980115526,1386.565,2
138,11,2,3,2,475.51606361313816,475.51605,2
132,8,2,3,2,1100.5403670432415,1100.5404,2
150,12,2,3,2,620.3666441160861,620.36664,2
137,12,1,3,2,864.0675154457977,864.0675,2
132,1,2,3,2,1100.5403670432415,1100.5404,2
145,7,1,3,2,806.4630144160778,806.463,2
105,10,1,3,2,568.0601857723972,568.0602,2
113,8,1,3,2,797.8836206456939,797.8836,2
154,5,2,3,2,694.2594645842756,694.25946,2
131,7,1,3,2,832.9044247248015,832.9044,2
138,4,2,3,2,475.51606361313816,475.51605,2
111,4,1,3,2,518.0737159589337,518.0737,2
148,22,2,3,2,2308.0186359728827,2308.0186,2
145,8,1,3,2,806.4630144160778,806.463,2
158,13,2,3,2,483.8778086496467,483.8778,2
143,11,1,3,2,591.698407316144,591.6984,2
120,9,2,3,2,462.87796103174077,462.87796,2
131,1,1,3,2,832.9044247248015,832.9044,2
145,11,1,3,2,806.4630144160778,806.463,2
143,3,1,3,2,591.698407316144,591.6984,2
111,8,1,3,2,518.0737159589337,518.0737,2
130,7,2,3,2,776.9465421723171,776.94653,2
145,16,1,3,2,806.4630144160778,806.463,2
128,17,2,3,2,2125.180131562506,2125.1802,2
147,5,1,3,2,917.6992922665712,917.6993,2
140,11,2,3,2,846.7861651368817,846.7862,2
128,8,2,3,2,647.0583702474327,647.05835,2
123,18,1,3,2,860.9256387789527,860.92566,2
123,23,1,3,2,860.9256387789527,860.92566,2
152,17,2,3,2,1072.8453287671452,1072.8453,2
140,3,2,3,2,846.7861651368817,846.7862,2
124,1,2,3,2,889.2712065260196,889.2712,2
124,2,2,3,2,889.2712065260196,889.2712,2
156,4,2,3,2,685.8535903851019,685.8536,2
124,9,2,3,2,889.2712065260196,889.2712,2
124,10,2,3,2,889.2712065260196,889.2712,2
147,4,1,3,2,917.6992922665712,917.6993,2
120,1,2,3,2,462.87796103174077,462.87796,2
150,11,2,3,2,620.3666441160861,620.36664,2
110,2,2,3,2,704.9218602388867,704.9219,2
134,7,2,3,2,707.7248452467069,707.72485,2
134,21,2,3,2,1529.5786833295742,1529.5787,2
124,12,2,3,2,889.2712065260196,889.2712,2
158,3,2,3,2,483.8778086496467,483.8778,2
122,12,2,3,2,881.3488657547136,881.3489,2
155,6,1,3,2,757.4799055402666,757.4799,2
123,28,1,3,2,860.9256387789527,860.92566,2
119,12,1,3,2,630.6658320377645,630.66583,2
122,5,2,3,2,881.3488657547136,881.3489,2
128,1,2,3,2,647.0583702474327,647.05835,2
107,4,1,3,2,343.2395085088926,343.2395,2
139,6,1,3,2,624.8422115827049,624.8422,2
143,9,1,3,2,591.698407316144,591.6984,2
151,3,1,3,2,674.8295885093213,674.8296,2
146,11,2,3,2,1030.2906730781672,1030.2906,2
105,12,1,3,2,568.0601857723972,568.0602,2
126,4,2,3,2,731.0762543728357,731.07623,2
146,8,2,3,2,1030.2906730781672,1030.2906,2
126,12,2,3,2,731.0762543728357,731.07623,2
146,6,2,3,2,1030.2906730781672,1030.2906,2
150,9,2,3,2,620.3666441160861,620.36664,2
153,8,1,3,2,636.6813271705878,636.68134,2
138,9,2,3,2,475.51606361313816,475.51605,2
129,2,1,3,2,679.828326201983,679.8283,2
151,2,1,3,2,674.8295885093213,674.8296,2
130,8,2,3,2,776.9465421723171,776.94653,2
116,2,2,3,2,499.5501643163653,499.55017,2
139,7,1,3,2,624.8422115827049,624.8422,2
127,10,1,3,2,700.0766055163489,700.0766,2
155,7,1,3,2,757.4799055402666,757.4799,2
129,10,1,3,2,679.828326201983,679.8283,2
107,2,1,3,2,343.2395085088926,343.2395,2
139,2,1,3,2,624.8422115827049,624.8422,2
134,4,2,3,2,707.7248452467069,707.72485,2
106,3,2,3,2,438.5096396083499,438.50964,2
137,4,1,3,2,864.0675154457977,864.0675,2
124,5,2,3,2,889.2712065260196,889.2712,2
229,7,1,4,1,374.6194045793321,374.61942,1
231,4,1,4,1,792.0046405763185,792.00464,1
226,10,2,4,1,455.5292396547145,455.52924,1
226,21,2,4,1,714.6930713881457,714.69305,1
932,8,2,4,1,11.714580038413036,11.71458,1
930,2,2,4,1,36.0850902968973,36.08509,1
226,25,2,4,1,714.6930713881457,714.69305,1
210,23,2,4,1,950.3559234217917,950.3559,1
227,9,1,4,1,545.3935302430814,545.39355,1
928,9,2,4,1,34.51617332746698,34.516174,1
932,12,2,4,1,11.714580038413036,11.71458,1
933,11,1,4,1,15.166197371159734,15.166198,1
231,5,1,4,1,792.0046405763185,792.00464,1
933,6,1,4,1,15.166197371159734,15.166198,1
935,7,1,4,1,25.102671510885074,25.10267,1
930,11,2,4,1,36.0850902968973,36.08509,1
210,14,2,4,1,591.9207276930513,591.9207,1
935,8,1,4,1,25.102671510885074,25.10267,1
230,7,2,4,1,495.9405682236463,495.94058,1
227,10,1,4,1,545.3935302430814,545.39355,1
225,4,1,4,1,1218.1616031613473,1218.1616,1
933,2,1,4,1,15.166197371159734,15.166198,1
225,2,1,4,1,1218.1616031613473,1218.1616,1
184,22,2,4,1,617.7194681373253,617.7195,1
170,7,2,4,1,442.7111151462951,442.71112,1
210,9,2,4,1,591.9207276930513,591.9207,1
227,17,1,4,1,826.0216588573605,826.02167,1
932,9,2,4,1,11.714580038413036,11.71458,1
161,11,1,4,1,391.347798034283,391.3478,1
224,2,2,4,1,453.0228063322738,453.0228,1
224,26,2,4,1,651.2613174843738,651.2613,1
933,3,1,4,1,15.166197371159734,15.166198,1
210,19,2,4,1,950.3559234217917,950.3559,1
935,12,1,4,1,25.102671510885074,25.10267,1
229,12,1,4,1,374.6194045793321,374.61942,1
229,5,1,4,1,374.6194045793321,374.61942,1
161,5,1,4,1,391.347798034283,391.3478,1
935,2,1,4,1,25.102671510885074,25.10267,1
210,18,2,4,1,950.3559234217917,950.3559,1
225,11,1,4,1,1218.1616031613473,1218.1616,1
210,8,2,4,1,591.9207276930513,591.9207,1
935,5,1,4,1,25.102671510885074,25.10267,1
226,2,2,4,1,455.5292396547145,455.52924,1
229,18,1,4,1,523.0711666691191,523.07117,1
210,27,2,4,1,950.3559234217917,950.3559,1
161,4,1,4,1,391.347798034283,391.3478,1
932,2,2,4,1,11.714580038413036,11.71458,1
230,10,2,4,1,495.9405682236463,495.94058,1
230,3,2,4,1,495.9405682236463,495.94058,1
224,28,2,4,1,651.2613174843738,651.2613,1
225,10,1,4,1,1218.1616031613473,1218.1616,1
224,23,2,4,1,651.2613174843738,651.2613,1
225,7,1,4,1,1218.1616031613473,1218.1616,1
184,8,2,4,1,417.9302386824231,417.93024,1
161,6,1,4,1,391.347798034283,391.3478,1
933,12,1,4,1,15.166197371159734,15.166198,1
226,5,2,4,1,455.5292396547145,455.52924,1
226,8,2,4,1,455.5292396547145,455.52924,1
931,6,1,4,1,19.24538149167856,19.245382,1
932,5,2,4,1,11.714580038413036,11.71458,1
227,5,1,4,1,545.3935302430814,545.39355,1
227,12,1,4,1,545.3935302430814,545.39355,1
226,1,2,4,1,455.5292396547145,455.52924,1
227,24,1,4,1,826.0216588573605,826.02167,1
228,17,2,4,1,431.8058133063697,431.80582,1
228,7,2,4,1,545.5058734976012,545.50586,1
227,19,1,4,1,826.0216588573605,826.02167,1
229,6,1,4,1,374.6194045793321,374.61942,1
227,2,1,4,1,545.3935302430814,545.39355,1
224,5,2,4,1,453.0228063322738,453.0228,1
932,10,2,4,1,11.714580038413036,11.71458,1
170,1,2,4,1,442.7111151462951,442.71112,1
231,7,1,4,1,792.0046405763185,792.00464,1
228,2,2,4,1,545.5058734976012,545.50586,1
231,15,1,4,1,792.0046405763185,792.00464,1
210,3,2,4,1,591.9207276930513,591.9207,1
161,7,1,4,1,391.347798034283,391.3478,1
230,12,2,4,1,495.9405682236463,495.94058,1
935,10,1,4,1,25.102671510885074,25.10267,1
930,14,2,4,1,36.0850902968973,36.08509,1
228,19,2,4,1,431.8058133063697,431.80582,1
227,6,1,4,1,545.3935302430814,545.39355,1
170,12,2,4,1,442.7111151462951,442.71112,1
928,8,2,4,1,34.51617332746698,34.516174,1
231,2,1,4,1,792.0046405763185,792.00464,1
933,10,1,4,1,15.166197371159734,15.166198,1
928,13,2,4,1,34.51617332746698,34.516174,1
930,1,2,4,1,36.0850902968973,36.08509,1
932,7,2,4,1,11.714580038413036,11.71458,1
224,12,2,4,1,453.0228063322738,453.0228,1
228,20,2,4,1,431.8058133063697,431.80582,1
231,9,1,4,1,792.0046405763185,792.00464,1
229,9,1,4,1,374.6194045793321,374.61942,1
184,2,2,4,1,417.9302386824231,417.93024,1
931,1,1,4,1,19.24538149167856,19.245382,1
933,9,1,4,1,15.166197371159734,15.166198,1
931,5,1,4,1,19.24538149167856,19.245382,1
224,9,2,4,1,453.0228063322738,453.0228,1
231,3,1,4,1,792.0046405763185,792.00464,1
228,27,2,4,1,431.8058133063697,431.80582,1
170,4,2,4,1,442.7111151462951,442.71112,1
170,10,2,4,1,442.7111151462951,442.71112,1
928,12,2,4,1,34.51617332746698,34.516174,1
930,10,2,4,1,36.0850902968973,36.08509,1
184,4,2,4,1,417.9302386824231,417.93024,1
934,2,2,4,1,16.73511434059005,16.735115,1
224,19,2,4,1,651.2613174843738,651.2613,1
170,2,2,4,1,442.7111151462951,442.71112,1
224,18,2,4,1,651.2613174843738,651.2613,1
228,26,2,4,1,431.8058133063697,431.80582,1
225,12,1,4,1,1218.1616031613473,1218.1616,1
931,15,1,4,1,19.24538149167856,19.245382,1
170,17,2,4,1,1076.1697038282218,1076.1697,1
225,5,1,4,1,1218.1616031613473,1218.1616,1
935,6,1,4,1,25.102671510885074,25.10267,1
161,26,1,4,1,1320.5286107162915,1320.5286,1
227,11,1,4,1,545.3935302430814,545.39355,1
931,16,1,4,1,19.24538149167856,19.245382,1
228,22,2,4,1,431.8058133063697,431.80582,1
934,10,2,4,1,16.73511434059005,16.735115,1
933,13,1,4,1,15.166197371159734,15.166198,1
184,9,2,4,1,417.9302386824231,417.93024,1
210,10,2,4,1,591.9207276930513,591.9207,1
229,4,1,4,1,374.6194045793321,374.61942,1
930,3,2,4,1,36.0850902968973,36.08509,1
930,12,2,4,1,36.0850902968973,36.08509,1
928,11,2,4,1,34.51617332746698,34.516174,1
935,11,1,4,1,25.102671510885074,25.10267,1
930,5,2,4,1,36.0850902968973,36.08509,1
225,9,1,4,1,1218.1616031613473,1218.1616,1
225,1,1,4,1,1218.1616031613473,1218.1616,1
230,1,2,4,1,495.9405682236463,495.94058,1
226,18,2,4,1,714.6930713881457,714.69305,1
227,28,1,4,1,826.0216588573605,826.02167,1
161,8,1,4,1,391.347798034283,391.3478,1
935,9,1,4,1,25.102671510885074,25.10267,1
229,25,1,4,1,523.0711666691191,523.07117,1
928,2,2,4,1,34.51617332746698,34.516174,1
161,3,1,4,1,391.347798034283,391.3478,1
228,12,2,4,1,545.5058734976012,545.50586,1
935,4,1,4,1,25.102671510885074,25.10267,1
934,4,2,4,1,16.73511434059005,16.735115,1
931,2,1,4,1,19.24538149167856,19.245382,1
210,16,2,4,1,591.9207276930513,591.9207,1
230,2,2,4,1,495.9405682236463,495.94058,1
230,27,2,4,1,1277.242248795074,1277.2423,1
229,17,1,4,1,523.0711666691191,523.07117,1
184,23,2,4,1,617.7194681373253,617.7195,1
230,8,2,4,1,495.9405682236463,495.94058,1
226,7,2,4,1,455.5292396547145,455.52924,1
933,1,1,4,1,15.166197371159734,15.166198,1
228,10,2,4,1,545.5058734976012,545.50586,1
226,20,2,4,1,714.6930713881457,714.69305,1
184,3,2,4,1,417.9302386824231,417.93024,1
226,4,2,4,1,455.5292396547145,455.52924,1
930,9,2,4,1,36.0850902968973,36.08509,1
928,3,2,4,1,34.51617332746698,34.516174,1
933,7,1,4,1,15.166197371159734,15.166198,1
934,9,2,4,1,16.73511434059005,16.735115,1
935,3,1,4,1,25.102671510885074,25.10267,1
935,1,1,4,1,25.102671510885074,25.10267,1
934,12,2,4,1,16.73511434059005,16.735115,1
225,20,1,4,1,4142.855764657101,4142.856,1
928,7,2,4,1,34.51617332746698,34.516174,1
934,11,2,4,1,16.73511434059005,16.735115,1
934,8,2,4,1,16.73511434059005,16.735115,1
934,7,2,4,1,16.73511434059005,16.735115,1
231,8,1,4,1,792.0046405763185,792.00464,1
934,3,2,4,1,16.73511434059005,16.735115,1
930,6,2,4,1,36.0850902968973,36.08509,1
228,18,2,4,1,431.8058133063697,431.80582,1
229,2,1,4,1,374.6194045793321,374.61942,1
933,8,1,4,1,15.166197371159734,15.166198,1
933,5,1,4,1,15.166197371159734,15.166198,1
932,11,2,4,1,11.714580038413036,11.71458,1
931,4,1,4,1,19.24538149167856,19.245382,1
184,12,2,4,1,417.9302386824231,417.93024,1
934,6,2,4,1,16.73511434059005,16.735115,1
931,13,1,4,1,19.24538149167856,19.245382,1
170,13,2,4,1,442.7111151462951,442.71112,1
184,17,2,4,1,617.7194681373253,617.7195,1
932,1,2,4,1,11.714580038413036,11.71458,1
932,4,2,4,1,11.714580038413036,11.71458,1
184,24,2,4,1,617.7194681373253,617.7195,1
230,4,2,4,1,495.9405682236463,495.94058,1
224,8,2,4,1,453.0228063322738,453.0228,1
210,1,2,4,1,591.9207276930513,591.9207,1
229,20,1,4,1,523.0711666691191,523.07117,1
930,7,2,4,1,36.0850902968973,36.08509,1
930,4,2,4,1,36.0850902968973,36.08509,1
934,5,2,4,1,16.73511434059005,16.735115,1
170,3,2,4,1,442.7111151462951,442.71112,1
231,1,1,4,1,792.0046405763185,792.00464,1
210,6,2,4,1,591.9207276930513,591.9207,1
228,25,2,4,1,431.8058133063697,431.80582,1
928,6,2,4,1,34.51617332746698,34.516174,1
928,5,2,4,1,34.51617332746698,34.516174,1
226,11,2,4,1,455.5292396547145,455.52924,1
928,4,2,4,1,34.51617332746698,34.516174,1
928,1,2,4,1,34.51617332746698,34.516174,1
931,3,1,4,1,19.24538149167856,19.245382,1
227,3,1,4,1,545.3935302430814,545.39355,1
225,6,1,4,1,1218.1616031613473,1218.1616,1
224,1,2,4,1,453.0228063322738,453.0228,1
170,6,2,4,1,442.7111151462951,442.71112,1
161,2,1,4,1,391.347798034283,391.3478,1
170,8,2,4,1,442.7111151462951,442.71112,1
161,10,1,4,1,391.347798034283,391.3478,1
231,10,1,4,1,792.0046405763185,792.00464,1
161,9,1,4,1,391.347798034283,391.3478,1
224,4,2,4,1,453.0228063322738,453.0228,1
934,1,2,4,1,16.73511434059005,16.735115,1
932,3,2,4,1,11.714580038413036,11.71458,1
229,3,1,4,1,374.6194045793321,374.61942,1
931,10,1,4,1,19.24538149167856,19.245382,1
230,5,2,4,1,495.9405682236463,495.94058,1
931,7,1,4,1,19.24538149167856,19.245382,1
231,11,1,4,1,792.0046405763185,792.00464,1
932,13,2,4,1,11.714580038413036,11.71458,1
231,6,1,4,1,792.0046405763185,792.00464,1
230,18,2,4,1,1277.242248795074,1277.2423,1
184,5,2,4,1,417.9302386824231,417.93024,1
931,12,1,4,1,19.24538149167856,19.245382,1
225,8,1,4,1,1218.1616031613473,1218.1616,1
230,11,2,4,1,495.9405682236463,495.94058,1
170,21,2,4,1,1076.1697038282218,1076.1697,1
161,12,1,4,1,391.347798034283,391.3478,1
184,1,2,4,1,417.9302386824231,417.93024,1
196,9,2,4,2,794.7327841225898,794.7328,2
223,10,1,4,2,545.5328144053178,545.53284,2
223,5,1,4,2,545.5328144053178,545.53284,2
209,8,1,4,2,679.81686855666,679.8169,2
211,3,1,4,2,1170.027195709766,1170.0272,2
929,6,1,4,2,218.3639088284237,218.3639,2
172,8,2,4,2,818.2955723671829,818.2956,2
191,5,1,4,2,283.57577428379017,283.57578,2
195,5,1,4,2,1076.24553361836,1076.2455,2
186,8,2,4,2,1144.0857969554147,1144.0858,2
213,8,1,4,2,744.0709862052859,744.071,2
194,1,2,4,2,619.2996510613569,619.2996,2
165,9,1,4,2,757.3231246178145,757.3231,2
200,17,2,4,2,3485.0379282408926,3485.0378,2
183,1,1,4,2,997.202010954157,997.202,2
169,1,1,4,2,667.7560132611541,667.75604,2
198,6,2,4,2,1042.9489040120138,1042.9489,2
215,11,1,4,2,429.2717228107419,429.27173,2
189,9,1,4,2,969.2503636095171,969.25037,2
165,11,1,4,2,757.3231246178145,757.3231,2
206,3,2,4,2,851.0843137616173,851.0843,2
190,9,2,4,2,723.6797850564985,723.6798,2
190,8,2,4,2,723.6797850564985,723.6798,2
211,4,1,4,2,1170.027195709766,1170.0272,2
163,10,1,4,2,250.4085049729328,250.40851,2
211,5,1,4,2,1170.027195709766,1170.0272,2
164,6,2,4,2,552.485290075953,552.4853,2
222,26,2,4,2,2433.2500362160163,2433.25,2
212,11,2,4,2,553.6780575675984,553.67804,2
165,7,1,4,2,757.3231246178145,757.3231,2
181,6,1,4,2,1691.6216195508046,1691.6216,2
201,7,1,4,2,292.2349805288512,292.235,2
177,12,1,4,2,850.2827961163979,850.2828,2
206,2,2,4,2,851.0843137616173,851.0843,2
160,2,2,4,2,960.7509986716602,960.751,2
201,5,1,4,2,292.2349805288512,292.235,2
193,10,1,4,2,643.9075842161128,643.9076,2
162,1,2,4,2,520.4114894170268,520.4115,2
175,6,1,4,2,778.2480154554459,778.248,2
209,3,1,4,2,679.81686855666,679.8169,2
182,9,2,4,2,591.4965017799176,591.4965,2
211,8,1,4,2,1170.027195709766,1170.0272,2
181,3,1,4,2,1691.6216195508046,1691.6216,2
217,12,1,4,2,379.3285421763751,379.32855,2
176,7,2,4,2,659.2152061030222,659.2152,2
159,8,1,4,2,554.9122270480322,554.91223,2
197,5,1,4,2,612.1549467856266,612.15497,2
186,3,2,4,2,1144.0857969554147,1144.0858,2
213,11,1,4,2,744.0709862052859,744.071,2
192,6,2,4,2,840.3150919592058,840.31506,2
206,20,2,4,2,1875.6984722062045,1875.6985,2
163,11,1,4,2,250.4085049729328,250.40851,2
166,11,2,4,2,738.3349128473609,738.3349,2
219,7,1,4,2,891.8990186777238,891.89905,2
217,2,1,4,2,379.3285421763751,379.32855,2
176,3,2,4,2,659.2152061030222,659.2152,2
186,5,2,4,2,1144.0857969554147,1144.0858,2
218,1,2,4,2,1169.381571059762,1169.3816,2
206,6,2,4,2,851.0843137616173,851.0843,2
176,20,2,4,2,1431.5612325452971,1431.5613,2
167,12,1,4,2,359.39027956248157,359.3903,2
208,1,2,4,2,591.6497219544033,591.6497,2
929,8,1,4,2,218.3639088284237,218.3639,2
177,3,1,4,2,850.2827961163979,850.2828,2
207,13,1,4,2,686.834756497187,686.8348,2
196,6,2,4,2,794.7327841225898,794.7328,2
208,10,2,4,2,591.6497219544033,591.6497,2
201,4,1,4,2,292.2349805288512,292.235,2
193,3,1,4,2,643.9075842161128,643.9076,2
202,11,2,4,2,813.0697461711932,813.06976,2
185,9,1,4,2,801.459439928566,801.4594,2
223,12,1,4,2,545.5328144053178,545.53284,2
206,1,2,4,2,851.0843137616173,851.0843,2
202,5,2,4,2,813.0697461711932,813.06976,2
204,4,2,4,2,923.3391773665013,923.3392,2
220,9,2,4,2,1557.3578781040867,1557.3579,2
221,8,1,4,2,1235.6166232669657,1235.6166,2
174,3,2,4,2,837.0075682523002,837.00757,2
177,9,1,4,2,850.2827961163979,850.2828,2
169,11,1,4,2,667.7560132611541,667.75604,2
220,6,2,4,2,1557.3578781040867,1557.3579,2
178,1,2,4,2,803.9130686187929,803.9131,2
196,2,2,4,2,794.7327841225898,794.7328,2
219,11,1,4,2,891.8990186777238,891.89905,2
173,4,1,4,2,619.5763629605211,619.57635,2
178,11,2,4,2,803.9130686187929,803.9131,2
212,9,2,4,2,553.6780575675984,553.67804,2
163,7,1,4,2,250.4085049729328,250.40851,2
172,9,2,4,2,818.2955723671829,818.2956,2
212,7,2,4,2,553.6780575675984,553.67804,2
186,10,2,4,2,1144.0857969554147,1144.0858,2
198,9,2,4,2,1042.9489040120138,1042.9489,2
188,15,2,4,2,958.706847610657,958.70685,2
168,8,2,4,2,877.7645675383826,877.7646,2
188,3,2,4,2,958.706847610657,958.70685,2
169,10,1,4,2,667.7560132611541,667.75604,2
206,4,2,4,2,851.0843137616173,851.0843,2
218,7,2,4,2,1169.381571059762,1169.3816,2
183,5,1,4,2,997.202010954157,997.202,2
207,6,1,4,2,686.834756497187,686.8348,2
190,2,2,4,2,723.6797850564985,723.6798,2
174,5,2,4,2,837.0075682523002,837.00757,2
929,12,1,4,2,218.3639088284237,218.3639,2
187,3,1,4,2,1287.8151684322256,1287.8152,2
167,5,1,4,2,359.39027956248157,359.3903,2
219,1,1,4,2,891.8990186777238,891.89905,2
214,10,2,4,2,872.3497659332713,872.3498,2
211,9,1,4,2,1170.027195709766,1170.0272,2
196,7,2,4,2,794.7327841225898,794.7328,2
167,3,1,4,2,359.39027956248157,359.3903,2
221,5,1,4,2,1235.6166232669657,1235.6166,2
193,7,1,4,2,643.9075842161128,643.9076,2
223,1,1,4,2,545.5328144053178,545.53284,2
207,2,1,4,2,686.834756497187,686.8348,2
159,9,1,4,2,554.9122270480322,554.91223,2
218,6,2,4,2,1169.381571059762,1169.3816,2
209,2,1,4,2,679.81686855666,679.8169,2
223,11,1,4,2,545.5328144053178,545.53284,2
188,6,2,4,2,958.706847610657,958.70685,2
162,2,2,4,2,520.4114894170268,520.4115,2
209,6,1,4,2,679.81686855666,679.8169,2
159,13,1,4,2,554.9122270480322,554.91223,2
211,10,1,4,2,1170.027195709766,1170.0272,2
200,23,2,4,2,3485.0379282408926,3485.0378,2
219,4,1,4,2,891.8990186777238,891.89905,2
168,11,2,4,2,877.7645675383826,877.7646,2
211,6,1,4,2,1170.027195709766,1170.0272,2
929,7,1,4,2,218.3639088284237,218.3639,2
197,3,1,4,2,612.1549467856266,612.15497,2
220,14,2,4,2,1557.3578781040867,1557.3579,2
174,20,2,4,2,1891.8399847780634,1891.84,2
222,14,2,4,2,723.462377313092,723.4624,2
211,2,1,4,2,1170.027195709766,1170.0272,2
200,1,2,4,2,848.3706164704922,848.3706,2
187,2,1,4,2,1287.8151684322256,1287.8152,2
173,12,1,4,2,619.5763629605211,619.57635,2
163,2,1,4,2,250.4085049729328,250.40851,2
172,5,2,4,2,818.2955723671829,818.2956,2
162,5,2,4,2,520.4114894170268,520.4115,2
213,7,1,4,2,744.0709862052859,744.071,2
185,4,1,4,2,801.459439928566,801.4594,2
214,26,2,4,2,2901.5589049110904,2901.5588,2
191,3,1,4,2,283.57577428379017,283.57578,2
223,2,1,4,2,545.5328144053178,545.53284,2
202,9,2,4,2,813.0697461711932,813.06976,2
166,7,2,4,2,738.3349128473609,738.3349,2
172,1,2,4,2,818.2955723671829,818.2956,2
216,6,2,4,2,1056.234370600115,1056.2344,2
193,13,1,4,2,643.9075842161128,643.9076,2
186,6,2,4,2,1144.0857969554147,1144.0858,2
193,9,1,4,2,643.9075842161128,643.9076,2
223,6,1,4,2,545.5328144053178,545.53284,2
202,6,2,4,2,813.0697461711932,813.06976,2
199,6,1,4,2,921.032367296465,921.03235,2
171,6,1,4,2,929.5507982668696,929.5508,2
163,6,1,4,2,250.4085049729328,250.40851,2
159,6,1,4,2,554.9122270480322,554.91223,2
185,7,1,4,2,801.459439928566,801.4594,2
199,12,1,4,2,921.032367296465,921.03235,2
191,19,1,4,2,607.0994623917215,607.0995,2
929,16,1,4,2,218.3639088284237,218.3639,2
189,3,1,4,2,969.2503636095171,969.25037,2
163,1,1,4,2,250.4085049729328,250.40851,2
163,8,1,4,2,250.4085049729328,250.40851,2
174,11,2,4,2,837.0075682523002,837.00757,2
159,7,1,4,2,554.9122270480322,554.91223,2
207,8,1,4,2,686.834756497187,686.8348,2
165,5,1,4,2,757.3231246178145,757.3231,2
162,18,2,4,2,1805.9182453808046,1805.9182,2
181,8,1,4,2,1691.6216195508046,1691.6216,2
191,18,1,4,2,607.0994623917215,607.0995,2
191,10,1,4,2,283.57577428379017,283.57578,2
219,6,1,4,2,891.8990186777238,891.89905,2
189,6,1,4,2,969.2503636095171,969.25037,2
214,2,2,4,2,872.3497659332713,872.3498,2
181,4,1,4,2,1691.6216195508046,1691.6216,2
198,11,2,4,2,1042.9489040120138,1042.9489,2
213,2,1,4,2,744.0709862052859,744.071,2
215,12,1,4,2,429.2717228107419,429.27173,2
929,10,1,4,2,218.3639088284237,218.3639,2
221,19,1,4,2,1769.1337714746164,1769.1338,2
204,3,2,4,2,923.3391773665013,923.3392,2
164,2,2,4,2,552.485290075953,552.4853,2
187,10,1,4,2,1287.8151684322256,1287.8152,2
172,12,2,4,2,818.2955723671829,818.2956,2
185,6,1,4,2,801.459439928566,801.4594,2
212,8,2,4,2,553.6780575675984,553.67804,2
218,8,2,4,2,1169.381571059762,1169.3816,2
202,2,2,4,2,813.0697461711932,813.06976,2
185,3,1,4,2,801.459439928566,801.4594,2
207,1,1,4,2,686.834756497187,686.8348,2
189,12,1,4,2,969.2503636095171,969.25037,2
166,12,2,4,2,738.3349128473609,738.3349,2
202,3,2,4,2,813.0697461711932,813.06976,2
204,7,2,4,2,923.3391773665013,923.3392,2
177,4,1,4,2,850.2827961163979,850.2828,2
209,13,1,4,2,679.81686855666,679.8169,2
164,4,2,4,2,552.485290075953,552.4853,2
192,4,2,4,2,840.3150919592058,840.31506,2
176,11,2,4,2,659.2152061030222,659.2152,2
200,3,2,4,2,848.3706164704922,848.3706,2
166,4,2,4,2,738.3349128473609,738.3349,2
182,3,2,4,2,591.4965017799176,591.4965,2
215,2,1,4,2,429.2717228107419,429.27173,2
182,11,2,4,2,591.4965017799176,591.4965,2
163,5,1,4,2,250.4085049729328,250.40851,2
198,2,2,4,2,1042.9489040120138,1042.9489,2
208,16,2,4,2,591.6497219544033,591.6497,2
195,10,1,4,2,1076.24553361836,1076.2455,2
203,10,1,4,2,698.2130431259055,698.213,2
166,6,2,4,2,738.3349128473609,738.3349,2
192,8,2,4,2,840.3150919592058,840.31506,2
162,11,2,4,2,520.4114894170268,520.4115,2
166,2,2,4,2,738.3349128473609,738.3349,2
180,5,2,4,2,1068.0689293743458,1068.069,2
195,8,1,4,2,1076.24553361836,1076.2455,2
195,11,1,4,2,1076.24553361836,1076.2455,2
160,8,2,4,2,960.7509986716602,960.751,2
192,10,2,4,2,840.3150919592058,840.31506,2
205,10,1,4,2,741.2424515976182,741.24243,2
214,11,2,4,2,872.3497659332713,872.3498,2
186,9,2,4,2,1144.0857969554147,1144.0858,2
220,3,2,4,2,1557.3578781040867,1557.3579,2
168,12,2,4,2,877.7645675383826,877.7646,2
185,10,1,4,2,801.459439928566,801.4594,2
191,1,1,4,2,283.57577428379017,283.57578,2
159,1,1,4,2,554.9122270480322,554.91223,2
173,26,1,4,2,884.0020112239783,884.002,2
186,1,2,4,2,1144.0857969554147,1144.0858,2
176,15,2,4,2,659.2152061030222,659.2152,2
212,3,2,4,2,553.6780575675984,553.67804,2
220,12,2,4,2,1557.3578781040867,1557.3579,2
174,12,2,4,2,837.0075682523002,837.00757,2
221,1,1,4,2,1235.6166232669657,1235.6166,2
180,14,2,4,2,1068.0689293743458,1068.069,2
189,5,1,4,2,969.2503636095171,969.25037,2
163,4,1,4,2,250.4085049729328,250.40851,2
182,8,2,4,2,591.4965017799176,591.4965,2
165,3,1,4,2,757.3231246178145,757.3231,2
208,21,2,4,2,1925.2026757777398,1925.2026,2
219,10,1,4,2,891.8990186777238,891.89905,2
191,14,1,4,2,283.57577428379017,283.57578,2
212,4,2,4,2,553.6780575675984,553.67804,2
222,6,2,4,2,723.462377313092,723.4624,2
171,3,1,4,2,929.5507982668696,929.5508,2
168,9,2,4,2,877.7645675383826,877.7646,2
194,10,2,4,2,619.2996510613569,619.2996,2
212,5,2,4,2,553.6780575675984,553.67804,2
194,5,2,4,2,619.2996510613569,619.2996,2
162,15,2,4,2,520.4114894170268,520.4115,2
216,2,2,4,2,1056.234370600115,1056.2344,2
160,3,2,4,2,960.7509986716602,960.751,2
168,2,2,4,2,877.7645675383826,877.7646,2
185,12,1,4,2,801.459439928566,801.4594,2
190,10,2,4,2,723.6797850564985,723.6798,2
195,3,1,4,2,1076.24553361836,1076.2455,2
191,8,1,4,2,283.57577428379017,283.57578,2
179,9,1,4,2,681.9710867313511,681.97107,2
181,5,1,4,2,1691.6216195508046,1691.6216,2
173,11,1,4,2,619.5763629605211,619.57635,2
165,6,1,4,2,757.3231246178145,757.3231,2
212,6,2,4,2,553.6780575675984,553.67804,2
174,8,2,4,2,837.0075682523002,837.00757,2
208,5,2,4,2,591.6497219544033,591.6497,2
186,4,2,4,2,1144.0857969554147,1144.0858,2
179,10,1,4,2,681.9710867313511,681.97107,2
171,2,1,4,2,929.5507982668696,929.5508,2
178,6,2,4,2,803.9130686187929,803.9131,2
162,8,2,4,2,520.4114894170268,520.4115,2
179,1,1,4,2,681.9710867313511,681.97107,2
215,7,1,4,2,429.2717228107419,429.27173,2
201,1,1,4,2,292.2349805288512,292.235,2
191,12,1,4,2,283.57577428379017,283.57578,2
166,1,2,4,2,738.3349128473609,738.3349,2
174,9,2,4,2,837.0075682523002,837.00757,2
219,3,1,4,2,891.8990186777238,891.89905,2
201,8,1,4,2,292.2349805288512,292.235,2
221,18,1,4,2,1769.1337714746164,1769.1338,2
194,8,2,4,2,619.2996510613569,619.2996,2
192,19,2,4,2,2787.0098657016797,2787.0098,2
164,18,2,4,2,945.8694164953496,945.86945,2
214,3,2,4,2,872.3497659332713,872.3498,2
181,2,1,4,2,1691.6216195508046,1691.6216,2
183,13,1,4,2,997.202010954157,997.202,2
218,27,2,4,2,3878.3999079615514,3878.4,2
203,4,1,4,2,698.2130431259055,698.213,2
179,4,1,4,2,681.9710867313511,681.97107,2
222,5,2,4,2,723.462377313092,723.4624,2
165,8,1,4,2,757.3231246178145,757.3231,2
180,4,2,4,2,1068.0689293743458,1068.069,2
192,2,2,4,2,840.3150919592058,840.31506,2
188,9,2,4,2,958.706847610657,958.70685,2
178,22,2,4,2,1825.1342674830603,1825.1343,2
164,20,2,4,2,945.8694164953496,945.86945,2
205,3,1,4,2,741.2424515976182,741.24243,2
187,8,1,4,2,1287.8151684322256,1287.8152,2
188,10,2,4,2,958.706847610657,958.70685,2
208,12,2,4,2,591.6497219544033,591.6497,2
181,11,1,4,2,1691.6216195508046,1691.6216,2
169,5,1,4,2,667.7560132611541,667.75604,2
179,5,1,4,2,681.9710867313511,681.97107,2
192,7,2,4,2,840.3150919592058,840.31506,2
197,1,1,4,2,612.1549467856266,612.15497,2
164,5,2,4,2,552.485290075953,552.4853,2
160,12,2,4,2,960.7509986716602,960.751,2
213,12,1,4,2,744.0709862052859,744.071,2
189,10,1,4,2,969.2503636095171,969.25037,2
201,12,1,4,2,292.2349805288512,292.235,2
166,9,2,4,2,738.3349128473609,738.3349,2
190,1,2,4,2,723.6797850564985,723.6798,2
160,9,2,4,2,960.7509986716602,960.751,2
169,8,1,4,2,667.7560132611541,667.75604,2
175,2,1,4,2,778.2480154554459,778.248,2
200,10,2,4,2,848.3706164704922,848.3706,2
164,8,2,4,2,552.485290075953,552.4853,2
194,11,2,4,2,619.2996510613569,619.2996,2
215,8,1,4,2,429.2717228107419,429.27173,2
178,2,2,4,2,803.9130686187929,803.9131,2
205,12,1,4,2,741.2424515976182,741.24243,2
199,4,1,4,2,921.032367296465,921.03235,2
176,5,2,4,2,659.2152061030222,659.2152,2
212,2,2,4,2,553.6780575675984,553.67804,2
929,9,1,4,2,218.3639088284237,218.3639,2
169,4,1,4,2,667.7560132611541,667.75604,2
173,13,1,4,2,619.5763629605211,619.57635,2
203,1,1,4,2,698.2130431259055,698.213,2
162,6,2,4,2,520.4114894170268,520.4115,2
214,8,2,4,2,872.3497659332713,872.3498,2
192,5,2,4,2,840.3150919592058,840.31506,2
208,4,2,4,2,591.6497219544033,591.6497,2
199,7,1,4,2,921.032367296465,921.03235,2
164,11,2,4,2,552.485290075953,552.4853,2
193,5,1,4,2,643.9075842161128,643.9076,2
197,17,1,4,2,1040.2131982190008,1040.2133,2
167,4,1,4,2,359.39027956248157,359.3903,2
189,1,1,4,2,969.2503636095171,969.25037,2
177,8,1,4,2,850.2827961163979,850.2828,2
190,6,2,4,2,723.6797850564985,723.6798,2
221,17,1,4,2,1769.1337714746164,1769.1338,2
193,6,1,4,2,643.9075842161128,643.9076,2
204,10,2,4,2,923.3391773665013,923.3392,2
166,10,2,4,2,738.3349128473609,738.3349,2
222,1,2,4,2,723.462377313092,723.4624,2
159,10,1,4,2,554.9122270480322,554.91223,2
196,10,2,4,2,794.7327841225898,794.7328,2
178,3,2,4,2,803.9130686187929,803.9131,2
196,5,2,4,2,794.7327841225898,794.7328,2
193,1,1,4,2,643.9075842161128,643.9076,2
203,2,1,4,2,698.2130431259055,698.213,2
164,23,2,4,2,945.8694164953496,945.86945,2
203,6,1,4,2,698.2130431259055,698.213,2
216,9,2,4,2,1056.234370600115,1056.2344,2
200,4,2,4,2,848.3706164704922,848.3706,2
182,12,2,4,2,591.4965017799176,591.4965,2
217,3,1,4,2,379.3285421763751,379.32855,2
159,12,1,4,2,554.9122270480322,554.91223,2
205,6,1,4,2,741.2424515976182,741.24243,2
217,4,1,4,2,379.3285421763751,379.32855,2
186,7,2,4,2,1144.0857969554147,1144.0858,2
220,1,2,4,2,1557.3578781040867,1557.3579,2
193,8,1,4,2,643.9075842161128,643.9076,2
194,12,2,4,2,619.2996510613569,619.2996,2
162,12,2,4,2,520.4114894170268,520.4115,2
177,24,1,4,2,2975.825634622254,2975.8257,2
204,12,2,4,2,923.3391773665013,923.3392,2
191,13,1,4,2,283.57577428379017,283.57578,2
203,12,1,4,2,698.2130431259055,698.213,2
175,4,1,4,2,778.2480154554459,778.248,2
175,10,1,4,2,778.2480154554459,778.248,2
178,7,2,4,2,803.9130686187929,803.9131,2
201,2,1,4,2,292.2349805288512,292.235,2
174,10,2,4,2,837.0075682523002,837.00757,2
175,12,1,4,2,778.2480154554459,778.248,2
179,2,1,4,2,681.9710867313511,681.97107,2
187,5,1,4,2,1287.8151684322256,1287.8152,2
185,5,1,4,2,801.459439928566,801.4594,2
218,5,2,4,2,1169.381571059762,1169.3816,2
186,11,2,4,2,1144.0857969554147,1144.0858,2
182,10,2,4,2,591.4965017799176,591.4965,2
207,3,1,4,2,686.834756497187,686.8348,2
213,9,1,4,2,744.0709862052859,744.071,2
178,4,2,4,2,803.9130686187929,803.9131,2
207,9,1,4,2,686.834756497187,686.8348,2
174,6,2,4,2,837.0075682523002,837.00757,2
218,4,2,4,2,1169.381571059762,1169.3816,2
222,8,2,4,2,723.462377313092,723.4624,2
195,4,1,4,2,1076.24553361836,1076.2455,2
215,5,1,4,2,429.2717228107419,429.27173,2
206,9,2,4,2,851.0843137616173,851.0843,2
216,7,2,4,2,1056.234370600115,1056.2344,2
212,1,2,4,2,553.6780575675984,553.67804,2
185,11,1,4,2,801.459439928566,801.4594,2
171,5,1,4,2,929.5507982668696,929.5508,2
159,5,1,4,2,554.9122270480322,554.91223,2
205,9,1,4,2,741.2424515976182,741.24243,2
200,9,2,4,2,848.3706164704922,848.3706,2
219,9,1,4,2,891.8990186777238,891.89905,2
188,5,2,4,2,958.706847610657,958.70685,2
192,11,2,4,2,840.3150919592058,840.31506,2
194,6,2,4,2,619.2996510613569,619.2996,2
216,3,2,4,2,1056.234370600115,1056.2344,2
180,12,2,4,2,1068.0689293743458,1068.069,2
220,10,2,4,2,1557.3578781040867,1557.3579,2
216,11,2,4,2,1056.234370600115,1056.2344,2
221,2,1,4,2,1235.6166232669657,1235.6166,2
181,9,1,4,2,1691.6216195508046,1691.6216,2
168,5,2,4,2,877.7645675383826,877.7646,2
189,4,1,4,2,969.2503636095171,969.25037,2
174,4,2,4,2,837.0075682523002,837.00757,2
187,11,1,4,2,1287.8151684322256,1287.8152,2
160,5,2,4,2,960.7509986716602,960.751,2
215,4,1,4,2,429.2717228107419,429.27173,2
222,12,2,4,2,723.462377313092,723.4624,2
199,5,1,4,2,921.032367296465,921.03235,2
167,6,1,4,2,359.39027956248157,359.3903,2
198,10,2,4,2,1042.9489040120138,1042.9489,2
196,3,2,4,2,794.7327841225898,794.7328,2
203,5,1,4,2,698.2130431259055,698.213,2
165,10,1,4,2,757.3231246178145,757.3231,2
205,1,1,4,2,741.2424515976182,741.24243,2
223,14,1,4,2,545.5328144053178,545.53284,2
204,5,2,4,2,923.3391773665013,923.3392,2
185,1,1,4,2,801.459439928566,801.4594,2
220,5,2,4,2,1557.3578781040867,1557.3579,2
214,4,2,4,2,872.3497659332713,872.3498,2
221,7,1,4,2,1235.6166232669657,1235.6166,2
171,1,1,4,2,929.5507982668696,929.5508,2
221,10,1,4,2,1235.6166232669657,1235.6166,2
217,27,1,4,2,1150.3553989130737,1150.3553,2
180,10,2,4,2,1068.0689293743458,1068.069,2
209,1,1,4,2,679.81686855666,679.8169,2
217,11,1,4,2,379.3285421763751,379.32855,2
173,9,1,4,2,619.5763629605211,619.57635,2
180,1,2,4,2,1068.0689293743458,1068.069,2
218,11,2,4,2,1169.381571059762,1169.3816,2
162,7,2,4,2,520.4114894170268,520.4115,2
209,19,1,4,2,2155.5409006424798,2155.541,2
216,1,2,4,2,1056.234370600115,1056.2344,2
163,12,1,4,2,250.4085049729328,250.40851,2
180,2,2,4,2,1068.0689293743458,1068.069,2
167,10,1,4,2,359.39027956248157,359.3903,2
167,2,1,4,2,359.39027956248157,359.3903,2
202,12,2,4,2,813.0697461711932,813.06976,2
204,2,2,4,2,923.3391773665013,923.3392,2
198,3,2,4,2,1042.9489040120138,1042.9489,2
198,12,2,4,2,1042.9489040120138,1042.9489,2
209,9,1,4,2,679.81686855666,679.8169,2
217,10,1,4,2,379.3285421763751,379.32855,2
181,10,1,4,2,1691.6216195508046,1691.6216,2
219,5,1,4,2,891.8990186777238,891.89905,2
216,4,2,4,2,1056.234370600115,1056.2344,2
201,3,1,4,2,292.2349805288512,292.235,2
211,7,1,4,2,1170.027195709766,1170.0272,2
178,5,2,4,2,803.9130686187929,803.9131,2
165,2,1,4,2,757.3231246178145,757.3231,2
160,6,2,4,2,960.7509986716602,960.751,2
212,12,2,4,2,553.6780575675984,553.67804,2
209,5,1,4,2,679.81686855666,679.8169,2
206,7,2,4,2,851.0843137616173,851.0843,2
217,5,1,4,2,379.3285421763751,379.32855,2
179,3,1,4,2,681.9710867313511,681.97107,2
200,7,2,4,2,848.3706164704922,848.3706,2
165,12,1,4,2,757.3231246178145,757.3231,2
189,8,1,4,2,969.2503636095171,969.25037,2
164,1,2,4,2,552.485290075953,552.4853,2
194,2,2,4,2,619.2996510613569,619.2996,2
222,2,2,4,2,723.462377313092,723.4624,2
193,12,1,4,2,643.9075842161128,643.9076,2
209,11,1,4,2,679.81686855666,679.8169,2
176,9,2,4,2,659.2152061030222,659.2152,2
172,10,2,4,2,818.2955723671829,818.2956,2
175,5,1,4,2,778.2480154554459,778.248,2
189,2,1,4,2,969.2503636095171,969.25037,2
183,12,1,4,2,997.202010954157,997.202,2
188,11,2,4,2,958.706847610657,958.70685,2
205,7,1,4,2,741.2424515976182,741.24243,2
175,9,1,4,2,778.2480154554459,778.248,2
215,1,1,4,2,429.2717228107419,429.27173,2
187,7,1,4,2,1287.8151684322256,1287.8152,2
182,5,2,4,2,591.4965017799176,591.4965,2
168,3,2,4,2,877.7645675383826,877.7646,2
207,10,1,4,2,686.834756497187,686.8348,2
203,11,1,4,2,698.2130431259055,698.213,2
167,7,1,4,2,359.39027956248157,359.3903,2
190,12,2,4,2,723.6797850564985,723.6798,2
208,9,2,4,2,591.6497219544033,591.6497,2
191,2,1,4,2,283.57577428379017,283.57578,2
171,11,1,4,2,929.5507982668696,929.5508,2
929,11,1,4,1,218.3639088284237,218.3639,1
222,3,2,4,2,723.462377313092,723.4624,2
192,9,2,4,2,840.3150919592058,840.31506,2
178,12,2,4,2,803.9130686187929,803.9131,2
172,17,2,4,2,2757.061111385656,2757.061,2
194,9,2,4,2,619.2996510613569,619.2996,2
211,12,1,4,2,1170.027195709766,1170.0272,2
171,8,1,4,2,929.5507982668696,929.5508,2
204,1,2,4,2,923.3391773665013,923.3392,2
214,7,2,4,2,872.3497659332713,872.3498,2
196,8,2,4,2,794.7327841225898,794.7328,2
190,11,2,4,2,723.6797850564985,723.6798,2
173,27,1,4,2,884.0020112239783,884.002,2
207,11,1,4,2,686.834756497187,686.8348,2
211,1,1,4,2,1170.027195709766,1170.0272,2
214,6,2,4,2,872.3497659332713,872.3498,2
207,7,1,4,2,686.834756497187,686.8348,2
180,9,2,4,2,1068.0689293743458,1068.069,2
187,1,1,4,2,1287.8151684322256,1287.8152,2
173,23,1,4,2,884.0020112239783,884.002,2
199,11,1,4,2,921.032367296465,921.03235,2
201,6,1,4,2,292.2349805288512,292.235,2
177,10,1,4,2,850.2827961163979,850.2828,2
175,13,1,4,2,778.2480154554459,778.248,2
205,4,1,4,2,741.2424515976182,741.24243,2
207,4,1,4,2,686.834756497187,686.8348,2
175,3,1,4,2,778.2480154554459,778.248,2
171,10,1,4,2,929.5507982668696,929.5508,2
195,6,1,4,2,1076.24553361836,1076.2455,2
213,1,1,4,2,744.0709862052859,744.071,2
188,2,2,4,2,958.706847610657,958.70685,2
194,7,2,4,2,619.2996510613569,619.2996,2
219,2,1,4,2,891.8990186777238,891.89905,2
189,11,1,4,2,969.2503636095171,969.25037,2
202,4,2,4,2,813.0697461711932,813.06976,2
203,9,1,4,2,698.2130431259055,698.213,2
164,12,2,4,2,552.485290075953,552.4853,2
192,3,2,4,2,840.3150919592058,840.31506,2
197,2,1,4,2,612.1549467856266,612.15497,2
175,7,1,4,2,778.2480154554459,778.248,2
160,10,2,4,2,960.7509986716602,960.751,2
177,6,1,4,2,850.2827961163979,850.2828,2
195,1,1,4,2,1076.24553361836,1076.2455,2
172,4,2,4,2,818.2955723671829,818.2956,2
217,9,1,4,2,379.3285421763751,379.32855,2
175,8,1,4,2,778.2480154554459,778.248,2
217,7,1,4,2,379.3285421763751,379.32855,2
218,3,2,4,2,1169.381571059762,1169.3816,2
221,20,1,4,2,1769.1337714746164,1769.1338,2
193,11,1,4,2,643.9075842161128,643.9076,2
219,8,1,4,2,891.8990186777238,891.89905,2
216,10,2,4,2,1056.234370600115,1056.2344,2
179,12,1,4,2,681.9710867313511,681.97107,2
162,9,2,4,2,520.4114894170268,520.4115,2
196,4,2,4,2,794.7327841225898,794.7328,2
171,12,1,4,2,929.5507982668696,929.5508,2
215,10,1,4,2,429.2717228107419,429.27173,2
205,5,1,4,2,741.2424515976182,741.24243,2
208,2,2,4,2,591.6497219544033,591.6497,2
208,3,2,4,2,591.6497219544033,591.6497,2
216,12,2,4,2,1056.234370600115,1056.2344,2
215,6,1,4,2,429.2717228107419,429.27173,2
197,25,1,4,2,1040.2131982190008,1040.2133,2
196,1,2,4,2,794.7327841225898,794.7328,2
177,2,1,4,2,850.2827961163979,850.2828,2
179,6,1,4,2,681.9710867313511,681.97107,2
179,7,1,4,2,681.9710867313511,681.97107,2
205,8,1,4,2,741.2424515976182,741.24243,2
214,12,2,4,2,872.3497659332713,872.3498,2
168,10,2,4,2,877.7645675383826,877.7646,2
173,10,1,4,2,619.5763629605211,619.57635,2
177,5,1,4,2,850.2827961163979,850.2828,2
214,1,2,4,2,872.3497659332713,872.3498,2
179,11,1,4,2,681.9710867313511,681.97107,2
213,6,1,4,2,744.0709862052859,744.071,2
213,5,1,4,2,744.0709862052859,744.071,2
203,3,1,4,2,698.2130431259055,698.213,2
180,3,2,4,2,1068.0689293743458,1068.069,2
219,12,1,4,2,891.8990186777238,891.89905,2
168,7,2,4,2,877.7645675383826,877.7646,2
195,7,1,4,2,1076.24553361836,1076.2455,2
180,7,2,4,2,1068.0689293743458,1068.069,2
172,6,2,4,2,818.2955723671829,818.2956,2
220,4,2,4,2,1557.3578781040867,1557.3579,2
216,8,2,4,2,1056.234370600115,1056.2344,2
221,11,1,4,2,1235.6166232669657,1235.6166,2
168,4,2,4,2,877.7645675383826,877.7646,2
929,15,1,4,2,218.3639088284237,218.3639,2
167,9,1,4,2,359.39027956248157,359.3903,2
215,9,1,4,2,429.2717228107419,429.27173,2
182,2,2,4,2,591.4965017799176,591.4965,2
188,7,2,4,2,958.706847610657,958.70685,2
176,2,2,4,2,659.2152061030222,659.2152,2
182,1,2,4,2,591.4965017799176,591.4965,2
207,5,1,4,2,686.834756497187,686.8348,2
159,4,1,4,2,554.9122270480322,554.91223,2
172,3,2,4,2,818.2955723671829,818.2956,2
929,4,1,4,2,218.3639088284237,218.3639,2
199,2,1,4,2,921.032367296465,921.03235,2
217,8,1,4,2,379.3285421763751,379.32855,2
183,2,1,4,2,997.202010954157,997.202,2
209,10,1,4,2,679.81686855666,679.8169,2
198,4,2,4,2,1042.9489040120138,1042.9489,2
183,8,1,4,2,997.202010954157,997.202,2
183,9,1,4,2,997.202010954157,997.202,2
183,10,1,4,2,997.202010954157,997.202,2
182,4,2,4,2,591.4965017799176,591.4965,2
213,4,1,4,2,744.0709862052859,744.071,2
216,5,2,4,2,1056.234370600115,1056.2344,2
173,20,1,4,2,884.0020112239783,884.002,2
202,1,2,4,2,813.0697461711932,813.06976,2
168,6,2,4,2,877.7645675383826,877.7646,2
209,7,1,4,2,679.81686855666,679.8169,2
166,17,2,4,2,2526.3486927893828,2526.3486,2
185,8,1,4,2,801.459439928566,801.4594,2
223,9,1,4,2,545.5328144053178,545.53284,2
194,3,2,4,2,619.2996510613569,619.2996,2
185,2,1,4,2,801.459439928566,801.4594,2
186,12,2,4,2,1144.0857969554147,1144.0858,2
198,5,2,4,2,1042.9489040120138,1042.9489,2
183,3,1,4,2,997.202010954157,997.202,2
208,8,2,4,2,591.6497219544033,591.6497,2
212,17,2,4,2,1726.279947240392,1726.2799,2
208,6,2,4,2,591.6497219544033,591.6497,2
176,4,2,4,2,659.2152061030222,659.2152,2
218,2,2,4,2,1169.381571059762,1169.3816,2
187,4,1,4,2,1287.8151684322256,1287.8152,2
220,11,2,4,2,1557.3578781040867,1557.3579,2
187,6,1,4,2,1287.8151684322256,1287.8152,2
197,12,1,4,2,612.1549467856266,612.15497,2
188,4,2,4,2,958.706847610657,958.70685,2
159,11,1,4,2,554.9122270480322,554.91223,2
194,4,2,4,2,619.2996510613569,619.2996,2
183,6,1,4,2,997.202010954157,997.202,2
213,3,1,4,2,744.0709862052859,744.071,2
206,12,2,4,2,851.0843137616173,851.0843,2
220,8,2,4,2,1557.3578781040867,1557.3579,2
190,4,2,4,2,723.6797850564985,723.6798,2
206,18,2,4,2,1875.6984722062045,1875.6985,2
206,15,2,4,2,851.0843137616173,851.0843,2
187,12,1,4,2,1287.8151684322256,1287.8152,2
179,8,1,4,2,681.9710867313511,681.97107,2
188,12,2,4,2,958.706847610657,958.70685,2
215,3,1,4,2,429.2717228107419,429.27173,2
186,2,2,4,2,1144.0857969554147,1144.0858,2
206,5,2,4,2,851.0843137616173,851.0843,2
189,7,1,4,2,969.2503636095171,969.25037,2
168,1,2,4,2,877.7645675383826,877.7646,2
202,8,2,4,2,813.0697461711932,813.06976,2
190,7,2,4,2,723.6797850564985,723.6798,2
165,1,1,4,2,757.3231246178145,757.3231,2
199,3,1,4,2,921.032367296465,921.03235,2
160,1,2,4,2,960.7509986716602,960.751,2
190,24,2,4,2,2420.0931159837314,2420.093,2
205,11,1,4,2,741.2424515976182,741.24243,2
191,7,1,4,2,283.57577428379017,283.57578,2
160,7,2,4,2,960.7509986716602,960.751,2
204,15,2,4,2,923.3391773665013,923.3392,2
192,1,2,4,2,840.3150919592058,840.31506,2
204,8,2,4,2,923.3391773665013,923.3392,2
204,6,2,4,2,923.3391773665013,923.3392,2
169,3,1,4,2,667.7560132611541,667.75604,2
160,11,2,4,2,960.7509986716602,960.751,2
211,11,1,4,2,1170.027195709766,1170.0272,2
166,3,2,4,2,738.3349128473609,738.3349,2
193,2,1,4,2,643.9075842161128,643.9076,2
203,8,1,4,2,698.2130431259055,698.213,2
203,7,1,4,2,698.2130431259055,698.213,2
183,11,1,4,2,997.202010954157,997.202,2
181,1,1,4,2,1691.6216195508046,1691.6216,2
164,7,2,4,2,552.485290075953,552.4853,2
163,9,1,4,2,250.4085049729328,250.40851,2
205,2,1,4,2,741.2424515976182,741.24243,2
201,9,1,4,2,292.2349805288512,292.235,2
202,7,2,4,2,813.0697461711932,813.06976,2
199,10,1,4,2,921.032367296465,921.03235,2
195,2,1,4,2,1076.24553361836,1076.2455,2
221,4,1,4,2,1235.6166232669657,1235.6166,2
200,2,2,4,2,848.3706164704922,848.3706,2
201,10,1,4,2,292.2349805288512,292.235,2
195,9,1,4,2,1076.24553361836,1076.2455,2
162,3,2,4,2,520.4114894170268,520.4115,2
213,10,1,4,2,744.0709862052859,744.071,2
195,12,1,4,2,1076.24553361836,1076.2455,2
165,4,1,4,2,757.3231246178145,757.3231,2
217,6,1,4,2,379.3285421763751,379.32855,2
187,9,1,4,2,1287.8151684322256,1287.8152,2
159,3,1,4,2,554.9122270480322,554.91223,2
178,17,2,4,2,1825.1342674830603,1825.1343,2
196,11,2,4,2,794.7327841225898,794.7328,2
181,12,1,4,2,1691.6216195508046,1691.6216,2
196,12,2,4,2,794.7327841225898,794.7328,2
197,6,1,4,2,612.1549467856266,612.15497,2
200,12,2,4,2,848.3706164704922,848.3706,2
197,9,1,4,2,612.1549467856266,612.15497,2
197,10,1,4,2,612.1549467856266,612.15497,2
197,11,1,4,2,612.1549467856266,612.15497,2
197,20,1,4,2,1040.2131982190008,1040.2133,2
163,3,1,4,2,250.4085049729328,250.40851,2
198,1,2,4,2,1042.9489040120138,1042.9489,2
190,5,2,4,2,723.6797850564985,723.6798,2
198,7,2,4,2,1042.9489040120138,1042.9489,2
198,8,2,4,2,1042.9489040120138,1042.9489,2
180,16,2,4,2,1068.0689293743458,1068.069,2
167,11,1,4,2,359.39027956248157,359.3903,2
199,8,1,4,2,921.032367296465,921.03235,2
199,1,1,4,2,921.032367296465,921.03235,2
218,10,2,4,2,1169.381571059762,1169.3816,2
180,11,2,4,2,1068.0689293743458,1068.069,2
169,9,1,4,2,667.7560132611541,667.75604,2
223,4,1,4,2,545.5328144053178,545.53284,2
178,8,2,4,2,803.9130686187929,803.9131,2
214,5,2,4,2,872.3497659332713,872.3498,2
171,4,1,4,2,929.5507982668696,929.5508,2
167,8,1,4,2,359.39027956248157,359.3903,2
181,7,1,4,2,1691.6216195508046,1691.6216,2
183,7,1,4,2,997.202010954157,997.202,2
173,14,1,4,2,619.5763629605211,619.57635,2
175,1,1,4,2,778.2480154554459,778.248,2
172,2,2,4,2,818.2955723671829,818.2956,2
222,9,2,4,2,723.462377313092,723.4624,2
167,1,1,4,2,359.39027956248157,359.3903,2
220,7,2,4,2,1557.3578781040867,1557.3579,2
177,7,1,4,2,850.2827961163979,850.2828,2
223,3,1,4,2,545.5328144053178,545.53284,2
222,10,2,4,2,723.462377313092,723.4624,2
204,9,2,4,2,923.3391773665013,923.3392,2
173,1,1,4,2,619.5763629605211,619.57635,2
160,4,2,4,2,960.7509986716602,960.751,2
188,8,2,4,2,958.706847610657,958.70685,2
222,11,2,4,2,723.462377313092,723.4624,2
171,7,1,4,2,929.5507982668696,929.5508,2
201,11,1,4,2,292.2349805288512,292.235,2
200,8,2,4,2,848.3706164704922,848.3706,2
176,1,2,4,2,659.2152061030222,659.2152,2
169,12,1,4,2,667.7560132611541,667.75604,2
176,17,2,4,2,1431.5612325452971,1431.5613,2
202,10,2,4,2,813.0697461711932,813.06976,2
218,12,2,4,2,1169.381571059762,1169.3816,2
182,6,2,4,2,591.4965017799176,591.4965,2
169,2,1,4,2,667.7560132611541,667.75604,2
182,7,2,4,2,591.4965017799176,591.4965,2
172,7,2,4,2,818.2955723671829,818.2956,2
929,5,1,4,2,218.3639088284237,218.3639,2
223,8,1,4,2,545.5328144053178,545.53284,2
176,10,2,4,2,659.2152061030222,659.2152,2
169,6,1,4,2,667.7560132611541,667.75604,2
174,7,2,4,2,837.0075682523002,837.00757,2
174,19,2,4,2,1891.8399847780634,1891.84,2
177,11,1,4,2,850.2827961163979,850.2828,2
169,7,1,4,2,667.7560132611541,667.75604,2
166,8,2,4,2,738.3349128473609,738.3349,2
171,9,1,4,2,929.5507982668696,929.5508,2
200,5,2,4,2,848.3706164704922,848.3706,2
199,9,1,4,2,921.032367296465,921.03235,2
232,7,2,5,1,101.11698762818388,101.11699,1
297,16,1,5,1,648.6563337213827,648.6563,1
944,10,2,5,1,31.126899446301447,31.1269,1
256,20,2,5,1,345.02781024185623,345.0278,1
256,9,2,5,1,239.84563181909581,239.84563,1
296,10,2,5,1,323.7029046262732,323.7029,1
941,5,1,5,1,104.53063246892278,104.53063,1
938,3,2,5,1,126.83050072895962,126.8305,1
945,6,1,5,1,119.86179189769811,119.86179,1
264,3,2,5,1,1368.892235475432,1368.8922,1
942,14,2,5,1,37.16644710006143,37.166447,1
297,9,1,5,1,648.6563337213827,648.6563,1
945,14,1,5,1,119.86179189769811,119.86179,1
241,14,1,5,1,364.96751161659824,364.9675,1
939,12,1,5,1,51.69514914826726,51.69515,1
940,4,2,5,1,19.047804138781483,19.047804,1
937,11,1,5,1,46.92263946382756,46.922638,1
232,9,2,5,1,101.11698762818388,101.11699,1
296,8,2,5,1,323.7029046262732,323.7029,1
242,7,2,5,1,594.9514128467184,594.9514,1
294,3,1,5,1,376.51559100765985,376.5156,1
940,2,2,5,1,19.047804138781483,19.047804,1
941,4,1,5,1,104.53063246892278,104.53063,1
272,4,1,5,1,375.8413340403219,375.84134,1
941,2,1,5,1,104.53063246892278,104.53063,1
241,9,1,5,1,364.96751161659824,364.9675,1
272,1,1,5,1,375.8413340403219,375.84134,1
940,1,2,5,1,19.047804138781483,19.047804,1
264,10,2,5,1,1368.892235475432,1368.8922,1
241,10,1,5,1,364.96751161659824,364.9675,1
937,2,1,5,1,46.92263946382756,46.922638,1
232,11,2,5,1,101.11698762818388,101.11699,1
938,10,2,5,1,126.83050072895962,126.8305,1
938,12,2,5,1,126.83050072895962,126.8305,1
936,3,2,5,1,66.4350241913598,66.43502,1
241,7,1,5,1,364.96751161659824,364.9675,1
248,17,2,5,1,1527.0704117538892,1527.0704,1
241,2,1,5,1,364.96751161659824,364.9675,1
942,16,2,5,1,37.16644710006143,37.166447,1
248,9,2,5,1,450.04767576574324,450.04767,1
940,3,2,5,1,19.047804138781483,19.047804,1
941,6,1,5,1,104.53063246892278,104.53063,1
241,13,1,5,1,364.96751161659824,364.9675,1
940,10,2,5,1,19.047804138781483,19.047804,1
945,4,1,5,1,119.86179189769811,119.86179,1
936,1,2,5,1,66.4350241913598,66.43502,1
936,4,2,5,1,66.4350241913598,66.43502,1
940,8,2,5,1,19.047804138781483,19.047804,1
937,6,1,5,1,46.92263946382756,46.922638,1
264,12,2,5,1,1368.892235475432,1368.8922,1
242,17,2,5,1,859.4848005616303,859.4848,1
945,12,1,5,1,119.86179189769811,119.86179,1
944,2,2,5,1,31.126899446301447,31.1269,1
940,5,2,5,1,19.047804138781483,19.047804,1
241,3,1,5,1,364.96751161659824,364.9675,1
945,11,1,5,1,119.86179189769811,119.86179,1
937,5,1,5,1,46.92263946382756,46.922638,1
241,23,1,5,1,1232.0388281756545,1232.0388,1
944,15,2,5,1,31.126899446301447,31.1269,1
937,1,1,5,1,46.92263946382756,46.922638,1
241,5,1,5,1,364.96751161659824,364.9675,1
296,25,2,5,1,1006.6238972010003,1006.6239,1
272,12,1,5,1,375.8413340403219,375.84134,1
945,1,1,5,1,119.86179189769811,119.86179,1
256,2,2,5,1,239.84563181909581,239.84563,1
943,12,1,5,1,192.08295614895385,192.08296,1
937,9,1,5,1,46.92263946382756,46.922638,1
296,11,2,5,1,323.7029046262732,323.7029,1
242,10,2,5,1,594.9514128467184,594.9514,1
938,4,2,5,1,126.83050072895962,126.8305,1
256,3,2,5,1,239.84563181909581,239.84563,1
232,8,2,5,1,101.11698762818388,101.11699,1
941,9,1,5,1,104.53063246892278,104.53063,1
242,20,2,5,1,859.4848005616303,859.4848,1
939,4,1,5,1,51.69514914826726,51.69515,1
242,12,2,5,1,594.9514128467184,594.9514,1
296,1,2,5,1,323.7029046262732,323.7029,1
241,8,1,5,1,364.96751161659824,364.9675,1
941,7,1,5,1,104.53063246892278,104.53063,1
937,10,1,5,1,46.92263946382756,46.922638,1
242,24,2,5,1,859.4848005616303,859.4848,1
232,20,2,5,1,144.68014541504763,144.68015,1
942,7,2,5,1,37.16644710006143,37.166447,1
936,7,2,5,1,66.4350241913598,66.43502,1
941,11,1,5,1,104.53063246892278,104.53063,1
937,4,1,5,1,46.92263946382756,46.922638,1
232,27,2,5,1,144.68014541504763,144.68015,1
945,8,1,5,1,119.86179189769811,119.86179,1
938,5,2,5,1,126.83050072895962,126.8305,1
938,16,2,5,1,126.83050072895962,126.8305,1
945,13,1,5,1,119.86179189769811,119.86179,1
296,2,2,5,1,323.7029046262732,323.7029,1
248,14,2,5,1,450.04767576574324,450.04767,1
296,4,2,5,1,323.7029046262732,323.7029,1
264,4,2,5,1,1368.892235475432,1368.8922,1
942,5,2,5,1,37.16644710006143,37.166447,1
944,12,2,5,1,31.126899446301447,31.1269,1
941,8,1,5,1,104.53063246892278,104.53063,1
294,15,1,5,1,376.51559100765985,376.5156,1
272,3,1,5,1,375.8413340403219,375.84134,1
296,3,2,5,1,323.7029046262732,323.7029,1
294,12,1,5,1,376.51559100765985,376.5156,1
943,5,1,5,1,192.08295614895385,192.08296,1
297,21,1,5,1,717.4999412567635,717.49994,1
939,6,1,5,1,51.69514914826726,51.69515,1
937,7,1,5,1,46.92263946382756,46.922638,1
242,1,2,5,1,594.9514128467184,594.9514,1
936,16,2,5,1,66.4350241913598,66.43502,1
256,5,2,5,1,239.84563181909581,239.84563,1
944,4,2,5,1,31.126899446301447,31.1269,1
943,6,1,5,1,192.08295614895385,192.08296,1
241,1,1,5,1,364.96751161659824,364.9675,1
940,6,2,5,1,19.047804138781483,19.047804,1
232,13,2,5,1,101.11698762818388,101.11699,1
297,11,1,5,1,648.6563337213827,648.6563,1
936,9,2,5,1,66.4350241913598,66.43502,1
939,8,1,5,1,51.69514914826726,51.69515,1
938,14,2,5,1,126.83050072895962,126.8305,1
942,10,2,5,1,37.16644710006143,37.166447,1
297,24,1,5,1,717.4999412567635,717.49994,1
937,8,1,5,1,46.92263946382756,46.922638,1
944,5,2,5,1,31.126899446301447,31.1269,1
944,11,2,5,1,31.126899446301447,31.1269,1
942,4,2,5,1,37.16644710006143,37.166447,1
272,14,1,5,1,375.8413340403219,375.84134,1
294,7,1,5,1,376.51559100765985,376.5156,1
264,5,2,5,1,1368.892235475432,1368.8922,1
938,7,2,5,1,126.83050072895962,126.8305,1
938,9,2,5,1,126.83050072895962,126.8305,1
944,16,2,5,1,31.126899446301447,31.1269,1
938,8,2,5,1,126.83050072895962,126.8305,1
945,15,1,5,1,119.86179189769811,119.86179,1
940,9,2,5,1,19.047804138781483,19.047804,1
943,3,1,5,1,192.08295614895385,192.08296,1
944,3,2,5,1,31.126899446301447,31.1269,1
294,28,1,5,1,400.9367019480379,400.9367,1
942,9,2,5,1,37.16644710006143,37.166447,1
297,2,1,5,1,648.6563337213827,648.6563,1
942,8,2,5,1,37.16644710006143,37.166447,1
296,12,2,5,1,323.7029046262732,323.7029,1
248,5,2,5,1,450.04767576574324,450.04767,1
256,18,2,5,1,345.02781024185623,345.0278,1
256,17,2,5,1,345.02781024185623,345.0278,1
294,19,1,5,1,400.9367019480379,400.9367,1
940,11,2,5,1,19.047804138781483,19.047804,1
256,10,2,5,1,239.84563181909581,239.84563,1
939,11,1,5,1,51.69514914826726,51.69515,1
297,18,1,5,1,717.4999412567635,717.49994,1
264,2,2,5,1,1368.892235475432,1368.8922,1
272,7,1,5,1,375.8413340403219,375.84134,1
294,1,1,5,1,376.51559100765985,376.5156,1
944,1,2,5,1,31.126899446301447,31.1269,1
937,3,1,5,1,46.92263946382756,46.922638,1
272,6,1,5,1,375.8413340403219,375.84134,1
264,1,2,5,1,1368.892235475432,1368.8922,1
938,1,2,5,1,126.83050072895962,126.8305,1
232,25,2,5,1,144.68014541504763,144.68015,1
264,11,2,5,1,1368.892235475432,1368.8922,1
256,19,2,5,1,345.02781024185623,345.0278,1
936,10,2,5,1,66.4350241913598,66.43502,1
936,14,2,5,1,66.4350241913598,66.43502,1
942,13,2,5,1,37.16644710006143,37.166447,1
941,1,1,5,1,104.53063246892278,104.53063,1
296,6,2,5,1,323.7029046262732,323.7029,1
297,6,1,5,1,648.6563337213827,648.6563,1
232,19,2,5,1,144.68014541504763,144.68015,1
242,5,2,5,1,594.9514128467184,594.9514,1
294,21,1,5,1,400.9367019480379,400.9367,1
232,10,2,5,1,101.11698762818388,101.11699,1
942,1,2,5,1,37.16644710006143,37.166447,1
939,10,1,5,1,51.69514914826726,51.69515,1
297,4,1,5,1,648.6563337213827,648.6563,1
296,5,2,5,1,323.7029046262732,323.7029,1
248,6,2,5,1,450.04767576574324,450.04767,1
242,3,2,5,1,594.9514128467184,594.9514,1
943,15,1,5,1,192.08295614895385,192.08296,1
944,6,2,5,1,31.126899446301447,31.1269,1
294,10,1,5,1,376.51559100765985,376.5156,1
945,16,1,5,1,119.86179189769811,119.86179,1
940,12,2,5,1,19.047804138781483,19.047804,1
943,7,1,5,1,192.08295614895385,192.08296,1
264,7,2,5,1,1368.892235475432,1368.8922,1
248,10,2,5,1,450.04767576574324,450.04767,1
945,9,1,5,1,119.86179189769811,119.86179,1
945,3,1,5,1,119.86179189769811,119.86179,1
936,2,2,5,1,66.4350241913598,66.43502,1
936,6,2,5,1,66.4350241913598,66.43502,1
272,8,1,5,1,375.8413340403219,375.84134,1
942,12,2,5,1,37.16644710006143,37.166447,1
256,11,2,5,1,239.84563181909581,239.84563,1
272,5,1,5,1,375.8413340403219,375.84134,1
272,2,1,5,1,375.8413340403219,375.84134,1
242,16,2,5,1,594.9514128467184,594.9514,1
939,7,1,5,1,51.69514914826726,51.69515,1
296,7,2,5,1,323.7029046262732,323.7029,1
941,3,1,5,1,104.53063246892278,104.53063,1
248,3,2,5,1,450.04767576574324,450.04767,1
264,9,2,5,1,1368.892235475432,1368.8922,1
939,3,1,5,1,51.69514914826726,51.69515,1
294,23,1,5,1,400.9367019480379,400.9367,1
248,1,2,5,1,450.04767576574324,450.04767,1
944,8,2,5,1,31.126899446301447,31.1269,1
943,1,1,5,1,192.08295614895385,192.08296,1
232,6,2,5,1,101.11698762818388,101.11699,1
248,8,2,5,1,450.04767576574324,450.04767,1
264,8,2,5,1,1368.892235475432,1368.8922,1
943,14,1,5,1,192.08295614895385,192.08296,1
248,2,2,5,1,450.04767576574324,450.04767,1
297,23,1,5,1,717.4999412567635,717.49994,1
297,22,1,5,1,717.4999412567635,717.49994,1
248,11,2,5,1,450.04767576574324,450.04767,1
232,5,2,5,1,101.11698762818388,101.11699,1
264,6,2,5,1,1368.892235475432,1368.8922,1
941,12,1,5,1,104.53063246892278,104.53063,1
939,2,1,5,1,51.69514914826726,51.69515,1
941,10,1,5,1,104.53063246892278,104.53063,1
256,6,2,5,1,239.84563181909581,239.84563,1
936,8,2,5,1,66.4350241913598,66.43502,1
241,4,1,5,1,364.96751161659824,364.9675,1
256,12,2,5,1,239.84563181909581,239.84563,1
937,12,1,5,1,46.92263946382756,46.922638,1
939,1,1,5,1,51.69514914826726,51.69515,1
939,9,1,5,1,51.69514914826726,51.69515,1
940,7,2,5,1,19.047804138781483,19.047804,1
943,4,1,5,1,192.08295614895385,192.08296,1
242,18,2,5,1,859.4848005616303,859.4848,1
297,20,1,5,1,717.4999412567635,717.49994,1
936,12,2,5,1,66.4350241913598,66.43502,1
942,11,2,5,1,37.16644710006143,37.166447,1
943,13,1,5,1,192.08295614895385,192.08296,1
938,6,2,5,1,126.83050072895962,126.8305,1
294,25,1,5,1,400.9367019480379,400.9367,1
943,10,1,5,1,192.08295614895385,192.08296,1
272,9,1,5,1,375.8413340403219,375.84134,1
294,26,1,5,1,400.9367019480379,400.9367,1
242,2,2,5,1,594.9514128467184,594.9514,1
272,11,1,5,1,375.8413340403219,375.84134,1
248,7,2,5,1,450.04767576574324,450.04767,1
254,3,2,5,2,828.0230872595131,828.0231,2
276,1,2,5,2,1368.8601836728592,1368.8602,2
259,11,1,5,2,651.343001761464,651.343,2
263,7,1,5,2,1672.2652419086721,1672.2653,2
263,1,1,5,2,1672.2652419086721,1672.2653,2
255,1,1,5,2,1217.0548955990432,1217.0549,2
233,6,1,5,2,677.7611095252158,677.7611,2
247,4,1,5,2,1133.7662799891857,1133.7662,2
246,5,2,5,2,1240.3954046018732,1240.3954,2
285,6,1,5,2,1068.8286607314521,1068.8286,2
234,3,2,5,2,974.0514037921646,974.0514,2
249,13,1,5,2,1348.234465184569,1348.2345,2
267,12,1,5,2,1257.3158183812336,1257.3158,2
267,1,1,5,2,1257.3158183812336,1257.3158,2
276,4,2,5,2,1368.8601836728592,1368.8602,2
260,4,2,5,2,1221.6699220382143,1221.6699,2
277,5,2,5,2,1650.004079144799,1650.004,2
257,8,1,5,2,5210.744014091712,5210.744,2
293,8,2,5,2,688.9169046782195,688.91693,2
243,11,1,5,2,946.1368827018049,946.1369,2
259,2,1,5,2,651.343001761464,651.343,2
270,8,2,5,2,1198.9320939813826,1198.9321,2
291,10,2,5,2,1057.851282797366,1057.8513,2
236,7,2,5,2,475.25087436476684,475.2509,2
295,8,1,5,2,1698.758526334052,1698.7585,2
238,9,2,5,2,1304.5936556498252,1304.5936,2
277,4,2,5,2,1650.004079144799,1650.004,2
295,12,1,5,2,1698.758526334052,1698.7585,2
249,3,1,5,2,1348.234465184569,1348.2345,2
261,2,1,5,2,1043.8189130792694,1043.819,2
260,12,2,5,2,1221.6699220382143,1221.6699,2
243,2,1,5,2,946.1368827018049,946.1369,2
246,4,2,5,2,1240.3954046018732,1240.3954,2
281,6,1,5,2,1435.962401314725,1435.9624,2
262,2,2,5,2,905.7136415026276,905.7136,2
295,19,1,5,2,1526.2591602756872,1526.2592,2
290,4,1,5,2,1166.850368967546,1166.8503,2
255,14,1,5,2,1217.0548955990432,1217.0549,2
271,9,1,5,2,1273.1340137907084,1273.134,2
236,10,2,5,2,475.25087436476684,475.2509,2
234,1,2,5,2,974.0514037921646,974.0514,2
270,11,2,5,2,1198.9320939813826,1198.9321,2
237,12,1,5,2,1374.2621575626497,1374.2622,2
234,7,2,5,2,974.0514037921646,974.0514,2
284,9,1,5,2,907.1335733034157,907.13354,2
287,2,1,5,2,710.0625863269754,710.06256,2
258,10,2,5,2,1357.6380185598755,1357.6381,2
257,5,1,5,2,5210.744014091712,5210.744,2
259,5,1,5,2,651.343001761464,651.343,2
237,5,1,5,2,1374.2621575626497,1374.2622,2
243,1,1,5,2,946.1368827018049,946.1369,2
254,5,2,5,2,828.0230872595131,828.0231,2
258,6,2,5,2,1357.6380185598755,1357.6381,2
246,10,2,5,2,1240.3954046018732,1240.3954,2
278,19,2,5,2,1761.5820661526416,1761.582,2
281,10,1,5,2,1435.962401314725,1435.9624,2
234,2,2,5,2,974.0514037921646,974.0514,2
268,6,2,5,2,1410.503248215673,1410.5033,2
283,17,1,5,2,2236.6632768238487,2236.6633,2
234,9,2,5,2,974.0514037921646,974.0514,2
268,7,2,5,2,1410.503248215673,1410.5033,2
257,12,1,5,2,5210.744014091712,5210.744,2
236,2,2,5,2,475.25087436476684,475.2509,2
267,25,1,5,2,4114.218401364874,4114.2183,2
290,8,1,5,2,1166.850368967546,1166.8503,2
269,12,1,5,2,1238.9181571966308,1238.9182,2
239,6,1,5,2,1110.8619106964752,1110.8619,2
292,5,2,5,2,1180.8130925904297,1180.8131,2
235,1,1,5,2,346.45534305893483,346.45535,2
277,2,2,5,2,1650.004079144799,1650.004,2
268,9,2,5,2,1410.503248215673,1410.5033,2
292,4,2,5,2,1180.8130925904297,1180.8131,2
247,8,1,5,2,1133.7662799891857,1133.7662,2
244,22,2,5,2,2627.74505540459,2627.745,2
286,2,2,5,2,1365.7790578246086,1365.779,2
244,1,2,5,2,797.5946356838705,797.59467,2
284,12,1,5,2,907.1335733034157,907.13354,2
262,15,2,5,2,905.7136415026276,905.7136,2
283,8,1,5,2,1013.4571195258984,1013.4571,2
259,7,1,5,2,651.343001761464,651.343,2
235,9,1,5,2,346.45534305893483,346.45535,2
270,1,2,5,2,1198.9320939813826,1198.9321,2
247,3,1,5,2,1133.7662799891857,1133.7662,2
286,6,2,5,2,1365.7790578246086,1365.779,2
277,10,2,5,2,1650.004079144799,1650.004,2
263,13,1,5,2,1672.2652419086721,1672.2653,2
245,8,1,5,2,1383.3401088067117,1383.3401,2
292,8,2,5,2,1180.8130925904297,1180.8131,2
239,12,1,5,2,1110.8619106964752,1110.8619,2
235,12,1,5,2,346.45534305893483,346.45535,2
255,4,1,5,2,1217.0548955990432,1217.0549,2
233,9,1,5,2,677.7611095252158,677.7611,2
234,5,2,5,2,974.0514037921646,974.0514,2
262,5,2,5,2,905.7136415026276,905.7136,2
235,10,1,5,2,346.45534305893483,346.45535,2
255,3,1,5,2,1217.0548955990432,1217.0549,2
257,9,1,5,2,5210.744014091712,5210.744,2
250,11,2,5,2,1087.9575414037645,1087.9575,2
293,18,2,5,2,1527.0109289678992,1527.011,2
236,19,2,5,2,1534.2102515831823,1534.2102,2
235,17,1,5,2,1103.4722028529306,1103.4722,2
270,4,2,5,2,1198.9320939813826,1198.9321,2
266,17,2,5,2,2209.004856800155,2209.005,2
279,10,1,5,2,795.7340133386891,795.734,2
265,4,1,5,2,610.0592090601684,610.0592,2
278,2,2,5,2,769.997682112302,769.9977,2
277,6,2,5,2,1650.004079144799,1650.004,2
270,21,2,5,2,2738.553886217021,2738.554,2
262,11,2,5,2,905.7136415026276,905.7136,2
237,2,1,5,2,1374.2621575626497,1374.2622,2
249,12,1,5,2,1348.234465184569,1348.2345,2
233,10,1,5,2,677.7611095252158,677.7611,2
253,19,1,5,2,1012.4874757610814,1012.4875,2
290,10,1,5,2,1166.850368967546,1166.8503,2
235,11,1,5,2,346.45534305893483,346.45535,2
287,24,1,5,2,1236.7545270475646,1236.7545,2
245,6,1,5,2,1383.3401088067117,1383.3401,2
255,5,1,5,2,1217.0548955990432,1217.0549,2
268,10,2,5,2,1410.503248215673,1410.5033,2
234,10,2,5,2,974.0514037921646,974.0514,2
269,11,1,5,2,1238.9181571966308,1238.9182,2
277,11,2,5,2,1650.004079144799,1650.004,2
250,10,2,5,2,1087.9575414037645,1087.9575,2
265,23,1,5,2,1990.4355069286287,1990.4355,2
274,4,2,5,2,1169.8194538758603,1169.8195,2
233,5,1,5,2,677.7611095252158,677.7611,2
286,7,2,5,2,1365.7790578246086,1365.779,2
240,6,2,5,2,405.72227583879015,405.7223,2
280,5,2,5,2,967.7995589990336,967.79956,2
252,1,2,5,2,738.530647666542,738.53064,2
238,13,2,5,2,1304.5936556498252,1304.5936,2
293,4,2,5,2,688.9169046782195,688.91693,2
277,1,2,5,2,1650.004079144799,1650.004,2
281,3,1,5,2,1435.962401314725,1435.9624,2
261,3,1,5,2,1043.8189130792694,1043.819,2
239,10,1,5,2,1110.8619106964752,1110.8619,2
288,5,2,5,2,779.029506725556,779.0295,2
259,12,1,5,2,651.343001761464,651.343,2
275,2,1,5,2,1073.9124092903094,1073.9124,2
263,3,1,5,2,1672.2652419086721,1672.2653,2
263,8,1,5,2,1672.2652419086721,1672.2653,2
290,7,1,5,2,1166.850368967546,1166.8503,2
288,8,2,5,2,779.029506725556,779.0295,2
287,21,1,5,2,1236.7545270475646,1236.7545,2
293,17,2,5,2,1527.0109289678992,1527.011,2
273,8,1,5,2,1227.8481513244346,1227.8481,2
262,1,2,5,2,905.7136415026276,905.7136,2
266,2,2,5,2,679.1437067934612,679.1437,2
238,1,2,5,2,1304.5936556498252,1304.5936,2
282,14,2,5,2,807.2983683804061,807.29834,2
285,3,1,5,2,1068.8286607314521,1068.8286,2
290,5,1,5,2,1166.850368967546,1166.8503,2
291,11,2,5,2,1057.851282797366,1057.8513,2
236,5,2,5,2,475.25087436476684,475.2509,2
284,11,1,5,2,907.1335733034157,907.13354,2
287,6,1,5,2,710.0625863269754,710.06256,2
265,8,1,5,2,610.0592090601684,610.0592,2
252,4,2,5,2,738.530647666542,738.53064,2
253,4,1,5,2,587.6610520597237,587.6611,2
252,11,2,5,2,738.530647666542,738.53064,2
295,22,1,5,2,1526.2591602756872,1526.2592,2
235,2,1,5,2,346.45534305893483,346.45535,2
287,8,1,5,2,710.0625863269754,710.06256,2
250,6,2,5,2,1087.9575414037645,1087.9575,2
252,6,2,5,2,738.530647666542,738.53064,2
240,11,2,5,2,405.72227583879015,405.7223,2
283,16,1,5,2,1013.4571195258984,1013.4571,2
258,7,2,5,2,1357.6380185598755,1357.6381,2
233,12,1,5,2,677.7611095252158,677.7611,2
280,10,2,5,2,967.7995589990336,967.79956,2
251,8,1,5,2,932.5455730882711,932.5456,2
291,5,2,5,2,1057.851282797366,1057.8513,2
267,6,1,5,2,1257.3158183812336,1257.3158,2
269,6,1,5,2,1238.9181571966308,1238.9182,2
260,1,2,5,2,1221.6699220382143,1221.6699,2
265,7,1,5,2,610.0592090601684,610.0592,2
236,9,2,5,2,475.25087436476684,475.2509,2
258,4,2,5,2,1357.6380185598755,1357.6381,2
286,3,2,5,2,1365.7790578246086,1365.779,2
284,1,1,5,2,907.1335733034157,907.13354,2
255,10,1,5,2,1217.0548955990432,1217.0549,2
274,3,2,5,2,1169.8194538758603,1169.8195,2
247,2,1,5,2,1133.7662799891857,1133.7662,2
278,10,2,5,2,769.997682112302,769.9977,2
245,3,1,5,2,1383.3401088067117,1383.3401,2
265,3,1,5,2,610.0592090601684,610.0592,2
282,8,2,5,2,807.2983683804061,807.29834,2
245,12,1,5,2,1383.3401088067117,1383.3401,2
285,10,1,5,2,1068.8286607314521,1068.8286,2
251,27,1,5,2,2984.8885779963703,2984.8887,2
277,7,2,5,2,1650.004079144799,1650.004,2
281,13,1,5,2,1435.962401314725,1435.9624,2
279,4,1,5,2,795.7340133386891,795.734,2
292,9,2,5,2,1180.8130925904297,1180.8131,2
275,1,1,5,2,1073.9124092903094,1073.9124,2
275,9,1,5,2,1073.9124092903094,1073.9124,2
287,10,1,5,2,710.0625863269754,710.06256,2
271,16,1,5,2,1273.1340137907084,1273.134,2
283,5,1,5,2,1013.4571195258984,1013.4571,2
237,6,1,5,2,1374.2621575626497,1374.2622,2
279,7,1,5,2,795.7340133386891,795.734,2
280,8,2,5,2,967.7995589990336,967.79956,2
268,3,2,5,2,1410.503248215673,1410.5033,2
254,9,2,5,2,828.0230872595131,828.0231,2
292,2,2,5,2,1180.8130925904297,1180.8131,2
273,11,1,5,2,1227.8481513244346,1227.8481,2
237,9,1,5,2,1374.2621575626497,1374.2622,2
247,9,1,5,2,1133.7662799891857,1133.7662,2
290,11,1,5,2,1166.850368967546,1166.8503,2
246,12,2,5,2,1240.3954046018732,1240.3954,2
245,5,1,5,2,1383.3401088067117,1383.3401,2
253,3,1,5,2,587.6610520597237,587.6611,2
243,6,1,5,2,946.1368827018049,946.1369,2
251,9,1,5,2,932.5455730882711,932.5456,2
285,17,1,5,2,3501.933515925514,3501.9336,2
280,11,2,5,2,967.7995589990336,967.79956,2
275,3,1,5,2,1073.9124092903094,1073.9124,2
246,7,2,5,2,1240.3954046018732,1240.3954,2
271,20,1,5,2,4306.966351264174,4306.9663,2
279,17,1,5,2,2608.28282829667,2608.2827,2
267,10,1,5,2,1257.3158183812336,1257.3158,2
291,15,2,5,2,1057.851282797366,1057.8513,2
269,5,1,5,2,1238.9181571966308,1238.9182,2
295,4,1,5,2,1698.758526334052,1698.7585,2
284,8,1,5,2,907.1335733034157,907.13354,2
250,1,2,5,2,1087.9575414037645,1087.9575,2
282,11,2,5,2,807.2983683804061,807.29834,2
247,5,1,5,2,1133.7662799891857,1133.7662,2
286,12,2,5,2,1365.7790578246086,1365.779,2
245,2,1,5,2,1383.3401088067117,1383.3401,2
286,11,2,5,2,1365.7790578246086,1365.779,2
254,4,2,5,2,828.0230872595131,828.0231,2
243,8,1,5,2,946.1368827018049,946.1369,2
258,11,2,5,2,1357.6380185598755,1357.6381,2
254,8,2,5,2,828.0230872595131,828.0231,2
279,12,1,5,2,795.7340133386891,795.734,2
250,7,2,5,2,1087.9575414037645,1087.9575,2
285,8,1,5,2,1068.8286607314521,1068.8286,2
277,8,2,5,2,1650.004079144799,1650.004,2
277,3,2,5,2,1650.004079144799,1650.004,2
291,8,2,5,2,1057.851282797366,1057.8513,2
234,6,2,5,2,974.0514037921646,974.0514,2
270,12,2,5,2,1198.9320939813826,1198.9321,2
266,10,2,5,2,679.1437067934612,679.1437,2
253,18,1,5,2,1012.4874757610814,1012.4875,2
238,6,2,5,2,1304.5936556498252,1304.5936,2
252,3,2,5,2,738.530647666542,738.53064,2
244,12,2,5,2,797.5946356838705,797.59467,2
237,10,1,5,2,1374.2621575626497,1374.2622,2
258,5,2,5,2,1357.6380185598755,1357.6381,2
260,15,2,5,2,1221.6699220382143,1221.6699,2
295,5,1,5,2,1698.758526334052,1698.7585,2
281,11,1,5,2,1435.962401314725,1435.9624,2
240,2,2,5,2,405.72227583879015,405.7223,2
252,10,2,5,2,738.530647666542,738.53064,2
278,7,2,5,2,769.997682112302,769.9977,2
263,6,1,5,2,1672.2652419086721,1672.2653,2
253,17,1,5,2,1012.4874757610814,1012.4875,2
276,9,2,5,2,1368.8601836728592,1368.8602,2
285,7,1,5,2,1068.8286607314521,1068.8286,2
250,9,2,5,2,1087.9575414037645,1087.9575,2
287,11,1,5,2,710.0625863269754,710.06256,2
288,1,2,5,2,779.029506725556,779.0295,2
240,9,2,5,2,405.72227583879015,405.7223,2
245,11,1,5,2,1383.3401088067117,1383.3401,2
247,12,1,5,2,1133.7662799891857,1133.7662,2
293,7,2,5,2,688.9169046782195,688.91693,2
253,8,1,5,2,587.6610520597237,587.6611,2
251,12,1,5,2,932.5455730882711,932.5456,2
290,9,1,5,2,1166.850368967546,1166.8503,2
269,8,1,5,2,1238.9181571966308,1238.9182,2
257,6,1,5,2,5210.744014091712,5210.744,2
266,8,2,5,2,679.1437067934612,679.1437,2
273,16,1,5,2,1227.8481513244346,1227.8481,2
239,2,1,5,2,1110.8619106964752,1110.8619,2
251,5,1,5,2,932.5455730882711,932.5456,2
243,5,1,5,2,946.1368827018049,946.1369,2
280,22,2,5,2,3263.138407488656,3263.1384,2
249,10,1,5,2,1348.234465184569,1348.2345,2
274,11,2,5,2,1169.8194538758603,1169.8195,2
273,3,1,5,2,1227.8481513244346,1227.8481,2
276,12,2,5,2,1368.8601836728592,1368.8602,2
292,1,2,5,2,1180.8130925904297,1180.8131,2
283,9,1,5,2,1013.4571195258984,1013.4571,2
247,1,1,5,2,1133.7662799891857,1133.7662,2
283,18,1,5,2,2236.6632768238487,2236.6633,2
267,5,1,5,2,1257.3158183812336,1257.3158,2
276,11,2,5,2,1368.8601836728592,1368.8602,2
280,4,2,5,2,967.7995589990336,967.79956,2
263,2,1,5,2,1672.2652419086721,1672.2653,2
269,2,1,5,2,1238.9181571966308,1238.9182,2
270,10,2,5,2,1198.9320939813826,1198.9321,2
245,9,1,5,2,1383.3401088067117,1383.3401,2
262,10,2,5,2,905.7136415026276,905.7136,2
271,1,1,5,2,1273.1340137907084,1273.134,2
271,2,1,5,2,1273.1340137907084,1273.134,2
258,8,2,5,2,1357.6380185598755,1357.6381,2
240,12,2,5,2,405.72227583879015,405.7223,2
270,3,2,5,2,1198.9320939813826,1198.9321,2
271,11,1,5,2,1273.1340137907084,1273.134,2
252,7,2,5,2,738.530647666542,738.53064,2
249,14,1,5,2,1348.234465184569,1348.2345,2
251,7,1,5,2,932.5455730882711,932.5456,2
269,10,1,5,2,1238.9181571966308,1238.9182,2
292,3,2,5,2,1180.8130925904297,1180.8131,2
252,12,2,5,2,738.530647666542,738.53064,2
269,7,1,5,2,1238.9181571966308,1238.9182,2
236,4,2,5,2,475.25087436476684,475.2509,2
266,1,2,5,2,679.1437067934612,679.1437,2
274,1,2,5,2,1169.8194538758603,1169.8195,2
251,2,1,5,2,932.5455730882711,932.5456,2
234,8,2,5,2,974.0514037921646,974.0514,2
273,1,1,5,2,1227.8481513244346,1227.8481,2
265,1,1,5,2,610.0592090601684,610.0592,2
273,4,1,5,2,1227.8481513244346,1227.8481,2
273,6,1,5,2,1227.8481513244346,1227.8481,2
238,18,2,5,2,4268.505470958785,4268.5054,2
237,11,1,5,2,1374.2621575626497,1374.2622,2
254,1,2,5,2,828.0230872595131,828.0231,2
269,1,1,5,2,1238.9181571966308,1238.9182,2
290,14,1,5,2,1166.850368967546,1166.8503,2
258,1,2,5,2,1357.6380185598755,1357.6381,2
236,6,2,5,2,475.25087436476684,475.2509,2
246,11,2,5,2,1240.3954046018732,1240.3954,2
261,9,1,5,2,1043.8189130792694,1043.819,2
268,12,2,5,2,1410.503248215673,1410.5033,2
267,15,1,5,2,1257.3158183812336,1257.3158,2
274,6,2,5,2,1169.8194538758603,1169.8195,2
235,4,1,5,2,346.45534305893483,346.45535,2
245,4,1,5,2,1383.3401088067117,1383.3401,2
274,8,2,5,2,1169.8194538758603,1169.8195,2
268,5,2,5,2,1410.503248215673,1410.5033,2
257,4,1,5,2,5210.744014091712,5210.744,2
240,5,2,5,2,405.72227583879015,405.7223,2
275,4,1,5,2,1073.9124092903094,1073.9124,2
268,4,2,5,2,1410.503248215673,1410.5033,2
244,5,2,5,2,797.5946356838705,797.59467,2
268,1,2,5,2,1410.503248215673,1410.5033,2
282,12,2,5,2,807.2983683804061,807.29834,2
233,4,1,5,2,677.7611095252158,677.7611,2
275,10,1,5,2,1073.9124092903094,1073.9124,2
261,4,1,5,2,1043.8189130792694,1043.819,2
275,11,1,5,2,1073.9124092903094,1073.9124,2
290,2,1,5,2,1166.850368967546,1166.8503,2
237,8,1,5,2,1374.2621575626497,1374.2622,2
276,2,2,5,2,1368.8601836728592,1368.8602,2
276,3,2,5,2,1368.8601836728592,1368.8602,2
276,5,2,5,2,1368.8601836728592,1368.8602,2
276,6,2,5,2,1368.8601836728592,1368.8602,2
276,8,2,5,2,1368.8601836728592,1368.8602,2
263,11,1,5,2,1672.2652419086721,1672.2653,2
276,10,2,5,2,1368.8601836728592,1368.8602,2
267,4,1,5,2,1257.3158183812336,1257.3158,2
295,23,1,5,2,1526.2591602756872,1526.2592,2
234,12,2,5,2,974.0514037921646,974.0514,2
281,7,1,5,2,1435.962401314725,1435.9624,2
251,3,1,5,2,932.5455730882711,932.5456,2
286,1,2,5,2,1365.7790578246086,1365.779,2
260,17,2,5,2,3904.4321699195584,3904.4321,2
244,10,2,5,2,797.5946356838705,797.59467,2
273,9,1,5,2,1227.8481513244346,1227.8481,2
288,3,2,5,2,779.029506725556,779.0295,2
252,9,2,5,2,738.530647666542,738.53064,2
257,3,1,5,2,5210.744014091712,5210.744,2
235,6,1,5,2,346.45534305893483,346.45535,2
293,2,2,5,2,688.9169046782195,688.91693,2
293,11,2,5,2,688.9169046782195,688.91693,2
278,8,2,5,2,769.997682112302,769.9977,2
266,3,2,5,2,679.1437067934612,679.1437,2
233,3,1,5,2,677.7611095252158,677.7611,2
278,11,2,5,2,769.997682112302,769.9977,2
238,10,2,5,2,1304.5936556498252,1304.5936,2
266,4,2,5,2,679.1437067934612,679.1437,2
290,12,1,5,2,1166.850368967546,1166.8503,2
277,9,2,5,2,1650.004079144799,1650.004,2
277,12,2,5,2,1650.004079144799,1650.004,2
285,12,1,5,2,1068.8286607314521,1068.8286,2
295,24,1,5,2,1526.2591602756872,1526.2592,2
279,11,1,5,2,795.7340133386891,795.734,2
258,3,2,5,2,1357.6380185598755,1357.6381,2
274,2,2,5,2,1169.8194538758603,1169.8195,2
284,2,1,5,2,907.1335733034157,907.13354,2
270,26,2,5,2,2738.553886217021,2738.554,2
265,10,1,5,2,610.0592090601684,610.0592,2
278,5,2,5,2,769.997682112302,769.9977,2
237,3,1,5,2,1374.2621575626497,1374.2622,2
244,8,2,5,2,797.5946356838705,797.59467,2
271,6,1,5,2,1273.1340137907084,1273.134,2
281,2,1,5,2,1435.962401314725,1435.9624,2
249,2,1,5,2,1348.234465184569,1348.2345,2
279,13,1,5,2,795.7340133386891,795.734,2
285,9,1,5,2,1068.8286607314521,1068.8286,2
281,8,1,5,2,1435.962401314725,1435.9624,2
265,6,1,5,2,610.0592090601684,610.0592,2
281,9,1,5,2,1435.962401314725,1435.9624,2
260,11,2,5,2,1221.6699220382143,1221.6699,2
267,9,1,5,2,1257.3158183812336,1257.3158,2
282,3,2,5,2,807.2983683804061,807.29834,2
250,4,2,5,2,1087.9575414037645,1087.9575,2
262,4,2,5,2,905.7136415026276,905.7136,2
251,1,1,5,2,932.5455730882711,932.5456,2
270,6,2,5,2,1198.9320939813826,1198.9321,2
239,7,1,5,2,1110.8619106964752,1110.8619,2
282,9,2,5,2,807.2983683804061,807.29834,2
283,2,1,5,2,1013.4571195258984,1013.4571,2
243,3,1,5,2,946.1368827018049,946.1369,2
295,18,1,5,2,1526.2591602756872,1526.2592,2
254,2,2,5,2,828.0230872595131,828.0231,2
247,10,1,5,2,1133.7662799891857,1133.7662,2
273,10,1,5,2,1227.8481513244346,1227.8481,2
274,9,2,5,2,1169.8194538758603,1169.8195,2
271,15,1,5,2,1273.1340137907084,1273.134,2
253,14,1,5,2,587.6610520597237,587.6611,2
246,9,2,5,2,1240.3954046018732,1240.3954,2
250,12,2,5,2,1087.9575414037645,1087.9575,2
233,8,1,5,2,677.7611095252158,677.7611,2
285,1,1,5,2,1068.8286607314521,1068.8286,2
253,10,1,5,2,587.6610520597237,587.6611,2
238,12,2,5,2,1304.5936556498252,1304.5936,2
293,10,2,5,2,688.9169046782195,688.91693,2
263,4,1,5,2,1672.2652419086721,1672.2653,2
270,2,2,5,2,1198.9320939813826,1198.9321,2
259,6,1,5,2,651.343001761464,651.343,2
246,2,2,5,2,1240.3954046018732,1240.3954,2
288,17,2,5,2,2501.1205841624496,2501.1206,2
291,1,2,5,2,1057.851282797366,1057.8513,2
287,7,1,5,2,710.0625863269754,710.06256,2
238,8,2,5,2,1304.5936556498252,1304.5936,2
233,1,1,5,2,677.7611095252158,677.7611,2
254,11,2,5,2,828.0230872595131,828.0231,2
255,12,1,5,2,1217.0548955990432,1217.0549,2
239,4,1,5,2,1110.8619106964752,1110.8619,2
288,4,2,5,2,779.029506725556,779.0295,2
292,6,2,5,2,1180.8130925904297,1180.8131,2
263,10,1,5,2,1672.2652419086721,1672.2653,2
273,12,1,5,2,1227.8481513244346,1227.8481,2
254,7,2,5,2,828.0230872595131,828.0231,2
288,12,2,5,2,779.029506725556,779.0295,2
257,1,1,5,2,5210.744014091712,5210.744,2
253,2,1,5,2,587.6610520597237,587.6611,2
290,3,1,5,2,1166.850368967546,1166.8503,2
285,11,1,5,2,1068.8286607314521,1068.8286,2
254,12,2,5,2,828.0230872595131,828.0231,2
280,12,2,5,2,967.7995589990336,967.79956,2
269,3,1,5,2,1238.9181571966308,1238.9182,2
240,10,2,5,2,405.72227583879015,405.7223,2
283,6,1,5,2,1013.4571195258984,1013.4571,2
278,3,2,5,2,769.997682112302,769.9977,2
263,5,1,5,2,1672.2652419086721,1672.2653,2
293,9,2,5,2,688.9169046782195,688.91693,2
292,12,2,5,2,1180.8130925904297,1180.8131,2
257,2,1,5,2,5210.744014091712,5210.744,2
255,11,1,5,2,1217.0548955990432,1217.0549,2
291,7,2,5,2,1057.851282797366,1057.8513,2
291,9,2,5,2,1057.851282797366,1057.8513,2
249,5,1,5,2,1348.234465184569,1348.2345,2
245,1,1,5,2,1383.3401088067117,1383.3401,2
238,7,2,5,2,1304.5936556498252,1304.5936,2
291,6,2,5,2,1057.851282797366,1057.8513,2
275,6,1,5,2,1073.9124092903094,1073.9124,2
271,8,1,5,2,1273.1340137907084,1273.134,2
279,3,1,5,2,795.7340133386891,795.734,2
246,8,2,5,2,1240.3954046018732,1240.3954,2
280,6,2,5,2,967.7995589990336,967.79956,2
243,4,1,5,2,946.1368827018049,946.1369,2
293,1,2,5,2,688.9169046782195,688.91693,2
237,4,1,5,2,1374.2621575626497,1374.2622,2
244,11,2,5,2,797.5946356838705,797.59467,2
293,6,2,5,2,688.9169046782195,688.91693,2
254,6,2,5,2,828.0230872595131,828.0231,2
258,2,2,5,2,1357.6380185598755,1357.6381,2
268,8,2,5,2,1410.503248215673,1410.5033,2
257,7,1,5,2,5210.744014091712,5210.744,2
244,7,2,5,2,797.5946356838705,797.59467,2
262,8,2,5,2,905.7136415026276,905.7136,2
275,8,1,5,2,1073.9124092903094,1073.9124,2
245,7,1,5,2,1383.3401088067117,1383.3401,2
255,9,1,5,2,1217.0548955990432,1217.0549,2
262,6,2,5,2,905.7136415026276,905.7136,2
233,11,1,5,2,677.7611095252158,677.7611,2
234,4,2,5,2,974.0514037921646,974.0514,2
282,6,2,5,2,807.2983683804061,807.29834,2
255,6,1,5,2,1217.0548955990432,1217.0549,2
295,7,1,5,2,1698.758526334052,1698.7585,2
295,17,1,5,2,1526.2591602756872,1526.2592,2
244,2,2,5,2,797.5946356838705,797.59467,2
267,2,1,5,2,1257.3158183812336,1257.3158,2
282,4,2,5,2,807.2983683804061,807.29834,2
262,3,2,5,2,905.7136415026276,905.7136,2
240,8,2,5,2,405.72227583879015,405.7223,2
268,2,2,5,2,1410.503248215673,1410.5033,2
270,7,2,5,2,1198.9320939813826,1198.9321,2
235,7,1,5,2,346.45534305893483,346.45535,2
291,2,2,5,2,1057.851282797366,1057.8513,2
255,2,1,5,2,1217.0548955990432,1217.0549,2
283,4,1,5,2,1013.4571195258984,1013.4571,2
252,8,2,5,2,738.530647666542,738.53064,2
244,6,2,5,2,797.5946356838705,797.59467,2
238,4,2,5,2,1304.5936556498252,1304.5936,2
271,5,1,5,2,1273.1340137907084,1273.134,2
245,10,1,5,2,1383.3401088067117,1383.3401,2
253,9,1,5,2,587.6610520597237,587.6611,2
284,10,1,5,2,907.1335733034157,907.13354,2
266,9,2,5,2,679.1437067934612,679.1437,2
260,3,2,5,2,1221.6699220382143,1221.6699,2
275,7,1,5,2,1073.9124092903094,1073.9124,2
247,6,1,5,2,1133.7662799891857,1133.7662,2
252,2,2,5,2,738.530647666542,738.53064,2
240,1,2,5,2,405.72227583879015,405.7223,2
239,13,1,5,2,1110.8619106964752,1110.8619,2
239,3,1,5,2,1110.8619106964752,1110.8619,2
285,5,1,5,2,1068.8286607314521,1068.8286,2
274,12,2,5,2,1169.8194538758603,1169.8195,2
249,11,1,5,2,1348.234465184569,1348.2345,2
275,5,1,5,2,1073.9124092903094,1073.9124,2
283,11,1,5,2,1013.4571195258984,1013.4571,2
265,11,1,5,2,610.0592090601684,610.0592,2
260,10,2,5,2,1221.6699220382143,1221.6699,2
233,7,1,5,2,677.7611095252158,677.7611,2
236,1,2,5,2,475.25087436476684,475.2509,2
259,15,1,5,2,651.343001761464,651.343,2
255,7,1,5,2,1217.0548955990432,1217.0549,2
286,4,2,5,2,1365.7790578246086,1365.779,2
286,9,2,5,2,1365.7790578246086,1365.779,2
237,1,1,5,2,1374.2621575626497,1374.2622,2
259,10,1,5,2,651.343001761464,651.343,2
290,1,1,5,2,1166.850368967546,1166.8503,2
239,8,1,5,2,1110.8619106964752,1110.8619,2
236,8,2,5,2,475.25087436476684,475.2509,2
287,4,1,5,2,710.0625863269754,710.06256,2
244,9,2,5,2,797.5946356838705,797.59467,2
254,10,2,5,2,828.0230872595131,828.0231,2
283,10,1,5,2,1013.4571195258984,1013.4571,2
252,5,2,5,2,738.530647666542,738.53064,2
266,6,2,5,2,679.1437067934612,679.1437,2
260,7,2,5,2,1221.6699220382143,1221.6699,2
246,3,2,5,2,1240.3954046018732,1240.3954,2
273,7,1,5,2,1227.8481513244346,1227.8481,2
284,5,1,5,2,907.1335733034157,907.13354,2
287,5,1,5,2,710.0625863269754,710.06256,2
288,6,2,5,2,779.029506725556,779.0295,2
259,9,1,5,2,651.343001761464,651.343,2
249,7,1,5,2,1348.234465184569,1348.2345,2
235,8,1,5,2,346.45534305893483,346.45535,2
260,2,2,5,2,1221.6699220382143,1221.6699,2
258,9,2,5,2,1357.6380185598755,1357.6381,2
247,11,1,5,2,1133.7662799891857,1133.7662,2
287,1,1,5,2,710.0625863269754,710.06256,2
274,7,2,5,2,1169.8194538758603,1169.8195,2
247,7,1,5,2,1133.7662799891857,1133.7662,2
258,12,2,5,2,1357.6380185598755,1357.6381,2
283,12,1,5,2,1013.4571195258984,1013.4571,2
250,8,2,5,2,1087.9575414037645,1087.9575,2
259,3,1,5,2,651.343001761464,651.343,2
271,3,1,5,2,1273.1340137907084,1273.134,2
259,4,1,5,2,651.343001761464,651.343,2
288,9,2,5,2,779.029506725556,779.0295,2
271,12,1,5,2,1273.1340137907084,1273.134,2
286,8,2,5,2,1365.7790578246086,1365.779,2
251,10,1,5,2,932.5455730882711,932.5456,2
262,7,2,5,2,905.7136415026276,905.7136,2
280,2,2,5,2,967.7995589990336,967.79956,2
240,3,2,5,2,405.72227583879015,405.7223,2
240,4,2,5,2,405.72227583879015,405.7223,2
269,4,1,5,2,1238.9181571966308,1238.9182,2
293,3,2,5,2,688.9169046782195,688.91693,2
273,5,1,5,2,1227.8481513244346,1227.8481,2
244,4,2,5,2,797.5946356838705,797.59467,2
261,11,1,5,2,1043.8189130792694,1043.819,2
281,4,1,5,2,1435.962401314725,1435.9624,2
292,10,2,5,2,1180.8130925904297,1180.8131,2
240,17,2,5,2,1308.9560275364381,1308.956,2
259,8,1,5,2,651.343001761464,651.343,2
284,6,1,5,2,907.1335733034157,907.13354,2
292,7,2,5,2,1180.8130925904297,1180.8131,2
291,4,2,5,2,1057.851282797366,1057.8513,2
243,12,1,5,2,946.1368827018049,946.1369,2
269,9,1,5,2,1238.9181571966308,1238.9182,2
280,3,2,5,2,967.7995589990336,967.79956,2
261,6,1,5,2,1043.8189130792694,1043.819,2
280,7,2,5,2,967.7995589990336,967.79956,2
250,2,2,5,2,1087.9575414037645,1087.9575,2
266,12,2,5,2,679.1437067934612,679.1437,2
287,26,1,5,2,1236.7545270475646,1236.7545,2
279,9,1,5,2,795.7340133386891,795.734,2
282,10,2,5,2,807.2983683804061,807.29834,2
261,5,1,5,2,1043.8189130792694,1043.819,2
278,28,2,5,2,1761.5820661526416,1761.582,2
243,10,1,5,2,946.1368827018049,946.1369,2
267,7,1,5,2,1257.3158183812336,1257.3158,2
279,8,1,5,2,795.7340133386891,795.734,2
288,2,2,5,2,779.029506725556,779.0295,2
249,8,1,5,2,1348.234465184569,1348.2345,2
282,7,2,5,2,807.2983683804061,807.29834,2
278,1,2,5,2,769.997682112302,769.9977,2
253,11,1,5,2,587.6610520597237,587.6611,2
236,11,2,5,2,475.25087436476684,475.2509,2
238,2,2,5,2,1304.5936556498252,1304.5936,2
266,5,2,5,2,679.1437067934612,679.1437,2
284,4,1,5,2,907.1335733034157,907.13354,2
237,7,1,5,2,1374.2621575626497,1374.2622,2
279,5,1,5,2,795.7340133386891,795.734,2
278,6,2,5,2,769.997682112302,769.9977,2
278,9,2,5,2,769.997682112302,769.9977,2
261,1,1,5,2,1043.8189130792694,1043.819,2
288,7,2,5,2,779.029506725556,779.0295,2
274,10,2,5,2,1169.8194538758603,1169.8195,2
239,9,1,5,2,1110.8619106964752,1110.8619,2
285,4,1,5,2,1068.8286607314521,1068.8286,2
262,12,2,5,2,905.7136415026276,905.7136,2
250,3,2,5,2,1087.9575414037645,1087.9575,2
291,3,2,5,2,1057.851282797366,1057.8513,2
257,11,1,5,2,5210.744014091712,5210.744,2
233,2,1,5,2,677.7611095252158,677.7611,2
281,17,1,5,2,4818.3459489777715,4818.346,2
292,11,2,5,2,1180.8130925904297,1180.8131,2
263,14,1,5,2,1672.2652419086721,1672.2653,2
282,2,2,5,2,807.2983683804061,807.29834,2
257,10,1,5,2,5210.744014091712,5210.744,2
239,5,1,5,2,1110.8619106964752,1110.8619,2
284,7,1,5,2,907.1335733034157,907.13354,2
261,8,1,5,2,1043.8189130792694,1043.819,2
276,7,2,5,2,1368.8601836728592,1368.8602,2
265,5,1,5,2,610.0592090601684,610.0592,2
246,6,2,5,2,1240.3954046018732,1240.3954,2
234,11,2,5,2,974.0514037921646,974.0514,2
284,3,1,5,2,907.1335733034157,907.13354,2
260,6,2,5,2,1221.6699220382143,1221.6699,2
249,1,1,5,2,1348.234465184569,1348.2345,2
266,7,2,5,2,679.1437067934612,679.1437,2
249,4,1,5,2,1348.234465184569,1348.2345,2
239,11,1,5,2,1110.8619106964752,1110.8619,2
275,12,1,5,2,1073.9124092903094,1073.9124,2
260,5,2,5,2,1221.6699220382143,1221.6699,2
286,5,2,5,2,1365.7790578246086,1365.779,2
238,11,2,5,2,1304.5936556498252,1304.5936,2
261,12,1,5,2,1043.8189130792694,1043.819,2
243,7,1,5,2,946.1368827018049,946.1369,2
251,4,1,5,2,932.5455730882711,932.5456,2
281,5,1,5,2,1435.962401314725,1435.9624,2
265,9,1,5,2,610.0592090601684,610.0592,2
243,9,1,5,2,946.1368827018049,946.1369,2
265,2,1,5,2,610.0592090601684,610.0592,2
261,13,1,5,2,1043.8189130792694,1043.819,2
279,2,1,5,2,795.7340133386891,795.734,2
295,28,1,5,2,1526.2591602756872,1526.2592,2
250,5,2,5,2,1087.9575414037645,1087.9575,2
235,3,1,5,2,346.45534305893483,346.45535,2
268,11,2,5,2,1410.503248215673,1410.5033,2
288,10,2,5,2,779.029506725556,779.0295,2
286,10,2,5,2,1365.7790578246086,1365.779,2
246,1,2,5,2,1240.3954046018732,1240.3954,2
251,11,1,5,2,932.5455730882711,932.5456,2
267,8,1,5,2,1257.3158183812336,1257.3158,2
253,1,1,5,2,587.6610520597237,587.6611,2
274,5,2,5,2,1169.8194538758603,1169.8195,2
282,5,2,5,2,807.2983683804061,807.29834,2
280,1,2,5,2,967.7995589990336,967.79956,2
261,7,1,5,2,1043.8189130792694,1043.819,2
956,9,2,6,1,85.30253079576846,85.30253,1
960,10,2,6,1,48.55682522220666,48.556824,1
709,6,2,6,1,311.4089185140393,311.4089,1
960,4,2,6,1,48.55682522220666,48.556824,1
954,2,2,6,1,57.74325161559711,57.74325,1
710,3,2,6,1,318.306266674382,318.30627,1
949,14,1,6,1,63.86753587785741,63.867535,1
948,6,2,6,1,101.05069032729494,101.05069,1
955,12,1,6,1,87.48977517514714,87.48978,1
706,1,2,6,1,187.39603959663881,187.39604,1
959,2,1,6,1,38.932949952940476,38.93295,1
957,3,1,6,1,63.43008700198168,63.430088,1
957,11,1,6,1,63.43008700198168,63.430088,1
958,7,2,6,1,42.869989835822096,42.86999,1
708,2,2,6,1,175.7143828594413,175.71439,1
946,10,2,6,1,100.61324145141921,100.61324,1
708,15,2,6,1,175.7143828594413,175.71439,1
947,4,1,6,1,62.992638126105945,62.992638,1
954,9,2,6,1,57.74325161559711,57.74325,1
952,15,2,6,1,24.934585924916934,24.934586,1
958,2,2,6,1,42.869989835822096,42.86999,1
946,6,2,6,1,100.61324145141921,100.61324,1
951,10,1,6,1,24.934585924916934,24.934586,1
948,12,2,6,1,101.05069032729494,101.05069,1
959,4,1,6,1,38.932949952940476,38.93295,1
959,5,1,6,1,38.932949952940476,38.93295,1
710,1,2,6,1,318.306266674382,318.30627,1
957,5,1,6,1,63.43008700198168,63.430088,1
959,10,1,6,1,38.932949952940476,38.93295,1
706,16,2,6,1,187.39603959663881,187.39604,1
957,1,1,6,1,63.43008700198168,63.430088,1
708,3,2,6,1,175.7143828594413,175.71439,1
946,9,2,6,1,100.61324145141921,100.61324,1
708,6,2,6,1,175.7143828594413,175.71439,1
708,9,2,6,1,175.7143828594413,175.71439,1
960,16,2,6,1,48.55682522220666,48.556824,1
706,15,2,6,1,187.39603959663881,187.39604,1
956,12,2,6,1,85.30253079576846,85.30253,1
961,10,1,6,1,101.92558807904642,101.92559,1
951,7,1,6,1,24.934585924916934,24.934586,1
328,18,2,6,1,566.3723378674546,566.3723,1
961,2,1,6,1,101.92558807904642,101.92559,1
710,7,2,6,1,318.306266674382,318.30627,1
950,10,2,6,1,69.55437126424198,69.554375,1
328,6,2,6,1,293.2969014422517,293.2969,1
947,6,1,6,1,62.992638126105945,62.992638,1
352,21,2,6,1,1068.138700233959,1068.1387,1
957,8,1,6,1,63.43008700198168,63.430088,1
960,15,2,6,1,48.55682522220666,48.556824,1
950,2,2,6,1,69.55437126424198,69.554375,1
958,12,2,6,1,42.869989835822096,42.86999,1
953,4,1,6,1,48.119376346330924,48.119377,1
958,9,2,6,1,42.869989835822096,42.86999,1
706,26,2,6,1,362.89087025150394,362.89087,1
949,9,1,6,1,63.86753587785741,63.867535,1
946,11,2,6,1,100.61324145141921,100.61324,1
952,1,2,6,1,24.934585924916934,24.934586,1
707,26,2,6,1,761.8475235169047,761.84753,1
955,10,1,6,1,87.48977517514714,87.48978,1
951,5,1,6,1,24.934585924916934,24.934586,1
954,11,2,6,1,57.74325161559711,57.74325,1
950,5,2,6,1,69.55437126424198,69.554375,1
328,11,2,6,1,293.2969014422517,293.2969,1
960,2,2,6,1,48.55682522220666,48.556824,1
953,11,1,6,1,48.119376346330924,48.119377,1
953,10,1,6,1,48.119376346330924,48.119377,1
953,9,1,6,1,48.119376346330924,48.119377,1
953,5,1,6,1,48.119376346330924,48.119377,1
946,5,2,6,1,100.61324145141921,100.61324,1
951,9,1,6,1,24.934585924916934,24.934586,1
949,4,1,6,1,63.86753587785741,63.867535,1
951,4,1,6,1,24.934585924916934,24.934586,1
946,7,2,6,1,100.61324145141921,100.61324,1
958,8,2,6,1,42.869989835822096,42.86999,1
950,4,2,6,1,69.55437126424198,69.554375,1
949,8,1,6,1,63.86753587785741,63.867535,1
950,7,2,6,1,69.55437126424198,69.554375,1
946,4,2,6,1,100.61324145141921,100.61324,1
949,5,1,6,1,63.86753587785741,63.867535,1
710,11,2,6,1,318.306266674382,318.30627,1
950,8,2,6,1,69.55437126424198,69.554375,1
958,1,2,6,1,42.869989835822096,42.86999,1
948,4,2,6,1,101.05069032729494,101.05069,1
352,11,2,6,1,605.6275611388701,605.62756,1
948,1,2,6,1,101.05069032729494,101.05069,1
947,11,1,6,1,62.992638126105945,62.992638,1
706,11,2,6,1,187.39603959663881,187.39604,1
954,8,2,6,1,57.74325161559711,57.74325,1
954,12,2,6,1,57.74325161559711,57.74325,1
960,1,2,6,1,48.55682522220666,48.556824,1
961,5,1,6,1,101.92558807904642,101.92559,1
947,1,1,6,1,62.992638126105945,62.992638,1
952,11,2,6,1,24.934585924916934,24.934586,1
948,11,2,6,1,101.05069032729494,101.05069,1
961,4,1,6,1,101.92558807904642,101.92559,1
958,4,2,6,1,42.869989835822096,42.86999,1
958,10,2,6,1,42.869989835822096,42.86999,1
954,4,2,6,1,57.74325161559711,57.74325,1
707,4,2,6,1,315.0332702603271,315.03326,1
951,1,1,6,1,24.934585924916934,24.934586,1
328,10,2,6,1,293.2969014422517,293.2969,1
961,8,1,6,1,101.92558807904642,101.92559,1
706,18,2,6,1,362.89087025150394,362.89087,1
949,1,1,6,1,63.86753587785741,63.867535,1
949,12,1,6,1,63.86753587785741,63.867535,1
709,8,2,6,1,311.4089185140393,311.4089,1
949,13,1,6,1,63.86753587785741,63.867535,1
959,9,1,6,1,38.932949952940476,38.93295,1
352,5,2,6,1,605.6275611388701,605.62756,1
710,18,2,6,1,554.2167281602754,554.21674,1
946,12,2,6,1,100.61324145141921,100.61324,1
961,12,1,6,1,101.92558807904642,101.92559,1
707,8,2,6,1,315.0332702603271,315.03326,1
947,5,1,6,1,62.992638126105945,62.992638,1
947,3,1,6,1,62.992638126105945,62.992638,1
352,7,2,6,1,605.6275611388701,605.62756,1
708,10,2,6,1,175.7143828594413,175.71439,1
708,19,2,6,1,442.9930773625592,442.99307,1
342,8,2,6,1,207.5263461117087,207.52635,1
950,3,2,6,1,69.55437126424198,69.554375,1
954,6,2,6,1,57.74325161559711,57.74325,1
957,6,1,6,1,63.43008700198168,63.430088,1
950,11,2,6,1,69.55437126424198,69.554375,1
958,11,2,6,1,42.869989835822096,42.86999,1
948,5,2,6,1,101.05069032729494,101.05069,1
707,1,2,6,1,315.0332702603271,315.03326,1
950,6,2,6,1,69.55437126424198,69.554375,1
342,2,2,6,1,207.5263461117087,207.52635,1
948,10,2,6,1,101.05069032729494,101.05069,1
709,10,2,6,1,311.4089185140393,311.4089,1
946,2,2,6,1,100.61324145141921,100.61324,1
947,7,1,6,1,62.992638126105945,62.992638,1
706,9,2,6,1,187.39603959663881,187.39604,1
959,1,1,6,1,38.932949952940476,38.93295,1
961,11,1,6,1,101.92558807904642,101.92559,1
342,19,2,6,1,507.2321734851135,507.23218,1
960,12,2,6,1,48.55682522220666,48.556824,1
956,6,2,6,1,85.30253079576846,85.30253,1
955,4,1,6,1,87.48977517514714,87.48978,1
342,1,2,6,1,207.5263461117087,207.52635,1
946,1,2,6,1,100.61324145141921,100.61324,1
961,9,1,6,1,101.92558807904642,101.92559,1
954,3,2,6,1,57.74325161559711,57.74325,1
954,10,2,6,1,57.74325161559711,57.74325,1
708,8,2,6,1,175.7143828594413,175.71439,1
955,11,1,6,1,87.48977517514714,87.48978,1
949,2,1,6,1,63.86753587785741,63.867535,1
956,7,2,6,1,85.30253079576846,85.30253,1
948,2,2,6,1,101.05069032729494,101.05069,1
955,3,1,6,1,87.48977517514714,87.48978,1
948,8,2,6,1,101.05069032729494,101.05069,1
950,16,2,6,1,69.55437126424198,69.554375,1
708,26,2,6,1,442.9930773625592,442.99307,1
707,6,2,6,1,315.0332702603271,315.03326,1
950,1,2,6,1,69.55437126424198,69.554375,1
956,5,2,6,1,85.30253079576846,85.30253,1
948,3,2,6,1,101.05069032729494,101.05069,1
954,5,2,6,1,57.74325161559711,57.74325,1
959,3,1,6,1,38.932949952940476,38.93295,1
950,9,2,6,1,69.55437126424198,69.554375,1
951,3,1,6,1,24.934585924916934,24.934586,1
707,11,2,6,1,315.0332702603271,315.03326,1
952,6,2,6,1,24.934585924916934,24.934586,1
954,7,2,6,1,57.74325161559711,57.74325,1
947,2,1,6,1,62.992638126105945,62.992638,1
951,6,1,6,1,24.934585924916934,24.934586,1
710,19,2,6,1,554.2167281602754,554.21674,1
947,12,1,6,1,62.992638126105945,62.992638,1
958,5,2,6,1,42.869989835822096,42.86999,1
955,8,1,6,1,87.48977517514714,87.48978,1
952,12,2,6,1,24.934585924916934,24.934586,1
706,12,2,6,1,187.39603959663881,187.39604,1
710,16,2,6,1,318.306266674382,318.30627,1
706,28,2,6,1,362.89087025150394,362.89087,1
952,4,2,6,1,24.934585924916934,24.934586,1
710,8,2,6,1,318.306266674382,318.30627,1
328,21,2,6,1,566.3723378674546,566.3723,1
949,6,1,6,1,63.86753587785741,63.867535,1
955,9,1,6,1,87.48977517514714,87.48978,1
709,11,2,6,1,311.4089185140393,311.4089,1
709,9,2,6,1,311.4089185140393,311.4089,1
709,7,2,6,1,311.4089185140393,311.4089,1
952,8,2,6,1,24.934585924916934,24.934586,1
709,2,2,6,1,311.4089185140393,311.4089,1
953,8,1,6,1,48.119376346330924,48.119377,1
708,1,2,6,1,175.7143828594413,175.71439,1
706,4,2,6,1,187.39603959663881,187.39604,1
706,13,2,6,1,187.39603959663881,187.39604,1
959,7,1,6,1,38.932949952940476,38.93295,1
957,14,1,6,1,63.43008700198168,63.430088,1
957,12,1,6,1,63.43008700198168,63.430088,1
352,16,2,6,1,605.6275611388701,605.62756,1
956,10,2,6,1,85.30253079576846,85.30253,1
709,3,2,6,1,311.4089185140393,311.4089,1
955,5,1,6,1,87.48977517514714,87.48978,1
951,11,1,6,1,24.934585924916934,24.934586,1
952,3,2,6,1,24.934585924916934,24.934586,1
352,22,2,6,1,1068.138700233959,1068.1387,1
947,8,1,6,1,62.992638126105945,62.992638,1
955,6,1,6,1,87.48977517514714,87.48978,1
707,12,2,6,1,315.0332702603271,315.03326,1
951,8,1,6,1,24.934585924916934,24.934586,1
342,7,2,6,1,207.5263461117087,207.52635,1
956,2,2,6,1,85.30253079576846,85.30253,1
961,1,1,6,1,101.92558807904642,101.92559,1
958,3,2,6,1,42.869989835822096,42.86999,1
342,9,2,6,1,207.5263461117087,207.52635,1
957,4,1,6,1,63.43008700198168,63.430088,1
707,7,2,6,1,315.0332702603271,315.03326,1
953,2,1,6,1,48.119376346330924,48.119377,1
947,9,1,6,1,62.992638126105945,62.992638,1
328,9,2,6,1,293.2969014422517,293.2969,1
328,4,2,6,1,293.2969014422517,293.2969,1
707,18,2,6,1,761.8475235169047,761.84753,1
953,3,1,6,1,48.119376346330924,48.119377,1
706,3,2,6,1,187.39603959663881,187.39604,1
709,12,2,6,1,311.4089185140393,311.4089,1
946,3,2,6,1,100.61324145141921,100.61324,1
960,3,2,6,1,48.55682522220666,48.556824,1
956,11,2,6,1,85.30253079576846,85.30253,1
947,10,1,6,1,62.992638126105945,62.992638,1
960,5,2,6,1,48.55682522220666,48.556824,1
961,6,1,6,1,101.92558807904642,101.92559,1
953,12,1,6,1,48.119376346330924,48.119377,1
709,1,2,6,1,311.4089185140393,311.4089,1
953,6,1,6,1,48.119376346330924,48.119377,1
959,13,1,6,1,38.932949952940476,38.93295,1
960,11,2,6,1,48.55682522220666,48.556824,1
709,4,2,6,1,311.4089185140393,311.4089,1
328,8,2,6,1,293.2969014422517,293.2969,1
708,11,2,6,1,175.7143828594413,175.71439,1
959,8,1,6,1,38.932949952940476,38.93295,1
957,9,1,6,1,63.43008700198168,63.430088,1
948,7,2,6,1,101.05069032729494,101.05069,1
328,13,2,6,1,293.2969014422517,293.2969,1
342,3,2,6,1,207.5263461117087,207.52635,1
959,11,1,6,1,38.932949952940476,38.93295,1
957,10,1,6,1,63.43008700198168,63.430088,1
955,7,1,6,1,87.48977517514714,87.48978,1
949,7,1,6,1,63.86753587785741,63.867535,1
952,7,2,6,1,24.934585924916934,24.934586,1
949,10,1,6,1,63.86753587785741,63.867535,1
710,10,2,6,1,318.306266674382,318.30627,1
956,13,2,6,1,85.30253079576846,85.30253,1
956,3,2,6,1,85.30253079576846,85.30253,1
958,15,2,6,1,42.869989835822096,42.86999,1
948,9,2,6,1,101.05069032729494,101.05069,1
707,3,2,6,1,315.0332702603271,315.03326,1
710,24,2,6,1,554.2167281602754,554.21674,1
710,5,2,6,1,318.306266674382,318.30627,1
328,7,2,6,1,293.2969014422517,293.2969,1
328,1,2,6,1,293.2969014422517,293.2969,1
952,9,2,6,1,24.934585924916934,24.934586,1
957,7,1,6,1,63.43008700198168,63.430088,1
352,2,2,6,1,605.6275611388701,605.62756,1
951,2,1,6,1,24.934585924916934,24.934586,1
961,7,1,6,1,101.92558807904642,101.92559,1
352,6,2,6,1,605.6275611388701,605.62756,1
960,7,2,6,1,48.55682522220666,48.556824,1
960,8,2,6,1,48.55682522220666,48.556824,1
352,4,2,6,1,605.6275611388701,605.62756,1
352,3,2,6,1,605.6275611388701,605.62756,1
952,5,2,6,1,24.934585924916934,24.934586,1
952,10,2,6,1,24.934585924916934,24.934586,1
946,8,2,6,1,100.61324145141921,100.61324,1
342,18,2,6,1,507.2321734851135,507.23218,1
342,10,2,6,1,207.5263461117087,207.52635,1
342,5,2,6,1,207.5263461117087,207.52635,1
342,4,2,6,1,207.5263461117087,207.52635,1
953,7,1,6,1,48.119376346330924,48.119377,1
707,10,2,6,1,315.0332702603271,315.03326,1
959,12,1,6,1,38.932949952940476,38.93295,1
955,2,1,6,1,87.48977517514714,87.48978,1
328,22,2,6,1,566.3723378674546,566.3723,1
954,1,2,6,1,57.74325161559711,57.74325,1
709,5,2,6,1,311.4089185140393,311.4089,1
352,18,2,6,1,1068.138700233959,1068.1387,1
951,12,1,6,1,24.934585924916934,24.934586,1
352,14,2,6,1,605.6275611388701,605.62756,1
956,1,2,6,1,85.30253079576846,85.30253,1
961,3,1,6,1,101.92558807904642,101.92559,1
710,2,2,6,1,318.306266674382,318.30627,1
953,1,1,6,1,48.119376346330924,48.119377,1
342,6,2,6,1,207.5263461117087,207.52635,1
956,4,2,6,1,85.30253079576846,85.30253,1
708,12,2,6,1,175.7143828594413,175.71439,1
707,2,2,6,1,315.0332702603271,315.03326,1
955,1,1,6,1,87.48977517514714,87.48978,1
325,5,1,6,2,4334.4901563863195,4334.49,2
321,4,1,6,2,644.1731181426788,644.1731,2
321,13,1,6,2,644.1731181426788,644.1731,2
358,5,2,6,2,1995.8911939698212,1995.8912,2
312,1,2,6,2,1373.6060354745377,1373.6061,2
335,7,1,6,2,2655.6383352507733,2655.6384,2
320,2,2,6,2,873.0685912454649,873.0686,2
329,5,1,6,2,1202.3080598408067,1202.3081,2
329,18,1,6,2,2650.840104689449,2650.84,2
305,8,1,6,2,719.6433912067387,719.6434,2
324,4,2,6,2,879.8260880817303,879.8261,2
337,8,1,6,2,944.4068506638935,944.40686,2
356,6,2,6,2,970.2047977240318,970.2048,2
331,8,1,6,2,1107.3281647597266,1107.3281,2
315,10,1,6,2,1099.6293302958766,1099.6293,2
356,5,2,6,2,970.2047977240318,970.2048,2
315,9,1,6,2,1099.6293302958766,1099.6293,2
324,9,2,6,2,879.8260880817303,879.8261,2
990,6,2,6,2,1862.279334537345,1862.2793,2
363,5,1,6,2,887.9466612445198,887.94666,2
327,7,1,6,2,1512.2183455105878,1512.2184,2
327,12,1,6,2,1512.2183455105878,1512.2184,2
360,12,2,6,2,455.15939637026105,455.1594,2
341,1,1,6,2,1325.8189106259738,1325.819,2
315,8,1,6,2,1099.6293302958766,1099.6293,2
320,9,2,6,2,873.0685912454649,873.0686,2
363,1,1,6,2,887.9466612445198,887.94666,2
327,18,1,6,2,3486.207876901855,3486.2078,2
329,9,1,6,2,1202.3080598408067,1202.3081,2
320,8,2,6,2,873.0685912454649,873.0686,2
304,3,2,6,2,1088.1666075406056,1088.1666,2
330,9,2,6,2,1027.7678851136259,1027.768,2
363,9,1,6,2,887.9466612445198,887.94666,2
320,6,2,6,2,873.0685912454649,873.0686,2
357,2,1,6,2,1151.1825250725394,1151.1825,2
312,10,2,6,2,1373.6060354745377,1373.6061,2
315,12,1,6,2,1099.6293302958766,1099.6293,2
337,7,1,6,2,944.4068506638935,944.40686,2
327,13,1,6,2,1512.2183455105878,1512.2184,2
319,28,1,6,2,1193.1320072250107,1193.132,2
327,4,1,6,2,1512.2183455105878,1512.2184,2
305,7,1,6,2,719.6433912067387,719.6434,2
354,11,2,6,2,1384.0121418038902,1384.0121,2
314,6,2,6,2,1525.3810233448728,1525.381,2
319,19,1,6,2,1193.1320072250107,1193.132,2
311,11,1,6,2,912.1672308349432,912.16724,2
334,5,2,6,2,1756.2086298304594,1756.2086,2
309,6,1,6,2,1107.9291479547712,1107.9292,2
331,5,1,6,2,1107.3281647597266,1107.3281,2
329,3,1,6,2,1202.3080598408067,1202.3081,2
330,5,2,6,2,1027.7678851136259,1027.768,2
311,12,1,6,2,912.1672308349432,912.16724,2
343,3,1,6,2,667.2165372410366,667.21655,2
341,9,1,6,2,1325.8189106259738,1325.819,2
324,5,2,6,2,879.8260880817303,879.8261,2
317,11,1,6,2,826.2578838209971,826.2579,2
330,14,2,6,2,1027.7678851136259,1027.768,2
314,10,2,6,2,1525.3810233448728,1525.381,2
334,7,2,6,2,1756.2086298304594,1756.2086,2
334,10,2,6,2,1756.2086298304594,1756.2086,2
330,2,2,6,2,1027.7678851136259,1027.768,2
360,4,2,6,2,455.15939637026105,455.1594,2
354,12,2,6,2,1384.0121418038902,1384.0121,2
317,9,1,6,2,826.2578838209971,826.2579,2
354,3,2,6,2,1384.0121418038902,1384.0121,2
317,8,1,6,2,826.2578838209971,826.2579,2
332,11,2,6,2,1178.403207680792,1178.4032,2
317,6,1,6,2,826.2578838209971,826.2579,2
317,4,1,6,2,826.2578838209971,826.2579,2
356,3,2,6,2,970.2047977240318,970.2048,2
326,6,2,6,2,1341.9647040340676,1341.9647,2
320,3,2,6,2,873.0685912454649,873.0686,2
326,1,2,6,2,1341.9647040340676,1341.9647,2
322,1,2,6,2,1695.1315963708,1695.1316,2
317,3,1,6,2,826.2578838209971,826.2579,2
333,7,1,6,2,2191.5082047457013,2191.5083,2
355,9,1,6,2,1166.3749516312844,1166.375,2
333,6,1,6,2,2191.5082047457013,2191.5083,2
357,7,1,6,2,1151.1825250725394,1151.1825,2
323,10,1,6,2,2198.8344676394736,2198.8345,2
357,1,1,6,2,1151.1825250725394,1151.1825,2
325,4,1,6,2,4334.4901563863195,4334.49,2
319,1,1,6,2,1419.6417585764243,1419.6417,2
323,12,1,6,2,2198.8344676394736,2198.8345,2
315,15,1,6,2,1099.6293302958766,1099.6293,2
331,10,1,6,2,1107.3281647597266,1107.3281,2
333,8,1,6,2,2191.5082047457013,2191.5083,2
337,4,1,6,2,944.4068506638935,944.40686,2
325,9,1,6,2,4334.4901563863195,4334.49,2
333,1,1,6,2,2191.5082047457013,2191.5083,2
341,6,1,6,2,1325.8189106259738,1325.819,2
315,5,1,6,2,1099.6293302958766,1099.6293,2
333,4,1,6,2,2191.5082047457013,2191.5083,2
305,1,1,6,2,719.6433912067387,719.6434,2
333,5,1,6,2,2191.5082047457013,2191.5083,2
336,6,2,6,2,1439.015846687611,1439.0159,2
360,7,2,6,2,455.15939637026105,455.1594,2
314,2,2,6,2,1525.3810233448728,1525.381,2
323,11,1,6,2,2198.8344676394736,2198.8345,2
327,27,1,6,2,3486.207876901855,3486.2078,2
314,9,2,6,2,1525.3810233448728,1525.381,2
314,8,2,6,2,1525.3810233448728,1525.381,2
314,7,2,6,2,1525.3810233448728,1525.381,2
314,11,2,6,2,1525.3810233448728,1525.381,2
317,17,1,6,2,2595.508288587886,2595.5083,2
332,19,2,6,2,4020.330245014666,4020.3303,2
333,2,1,6,2,2191.5082047457013,2191.5083,2
320,7,2,6,2,873.0685912454649,873.0686,2
314,1,2,6,2,1525.3810233448728,1525.381,2
304,8,2,6,2,1088.1666075406056,1088.1666,2
355,3,1,6,2,1166.3749516312844,1166.375,2
316,5,2,6,2,1448.221671969451,1448.2217,2
341,11,1,6,2,1325.8189106259738,1325.819,2
334,11,2,6,2,1756.2086298304594,1756.2086,2
320,4,2,6,2,873.0685912454649,873.0686,2
333,12,1,6,2,2191.5082047457013,2191.5083,2
343,5,1,6,2,667.2165372410366,667.21655,2
321,3,1,6,2,644.1731181426788,644.1731,2
315,2,1,6,2,1099.6293302958766,1099.6293,2
332,5,2,6,2,1178.403207680792,1178.4032,2
315,3,1,6,2,1099.6293302958766,1099.6293,2
331,25,1,6,2,2476.061049802837,2476.061,2
355,2,1,6,2,1166.3749516312844,1166.375,2
305,11,1,6,2,719.6433912067387,719.6434,2
326,7,2,6,2,1341.9647040340676,1341.9647,2
330,4,2,6,2,1027.7678851136259,1027.768,2
334,4,2,6,2,1756.2086298304594,1756.2086,2
324,2,2,6,2,879.8260880817303,879.8261,2
322,6,2,6,2,1695.1315963708,1695.1316,2
314,12,2,6,2,1525.3810233448728,1525.381,2
360,9,2,6,2,455.15939637026105,455.1594,2
335,2,1,6,2,2655.6383352507733,2655.6384,2
334,9,2,6,2,1756.2086298304594,1756.2086,2
341,8,1,6,2,1325.8189106259738,1325.819,2
334,12,2,6,2,1756.2086298304594,1756.2086,2
304,1,2,6,2,1088.1666075406056,1088.1666,2
357,17,1,6,2,3795.514991599685,3795.515,2
333,9,1,6,2,2191.5082047457013,2191.5083,2
329,8,1,6,2,1202.3080598408067,1202.3081,2
322,2,2,6,2,1695.1315963708,1695.1316,2
354,1,2,6,2,1384.0121418038902,1384.0121,2
334,6,2,6,2,1756.2086298304594,1756.2086,2
320,11,2,6,2,873.0685912454649,873.0686,2
334,3,2,6,2,1756.2086298304594,1756.2086,2
316,12,2,6,2,1448.221671969451,1448.2217,2
337,13,1,6,2,944.4068506638935,944.40686,2
363,6,1,6,2,887.9466612445198,887.94666,2
343,11,1,6,2,667.2165372410366,667.21655,2
337,9,1,6,2,944.4068506638935,944.40686,2
335,12,1,6,2,2655.6383352507733,2655.6384,2
336,5,2,6,2,1439.015846687611,1439.0159,2
311,1,1,6,2,912.1672308349432,912.16724,2
305,4,1,6,2,719.6433912067387,719.6434,2
323,6,1,6,2,2198.8344676394736,2198.8345,2
360,3,2,6,2,455.15939637026105,455.1594,2
332,6,2,6,2,1178.403207680792,1178.4032,2
336,3,2,6,2,1439.015846687611,1439.0159,2
325,2,1,6,2,4334.4901563863195,4334.49,2
309,4,1,6,2,1107.9291479547712,1107.9292,2
334,1,2,6,2,1756.2086298304594,1756.2086,2
337,5,1,6,2,944.4068506638935,944.40686,2
317,7,1,6,2,826.2578838209971,826.2579,2
330,7,2,6,2,1027.7678851136259,1027.768,2
304,19,2,6,2,3626.0241596920787,3626.0242,2
324,11,2,6,2,879.8260880817303,879.8261,2
319,25,1,6,2,1193.1320072250107,1193.132,2
990,9,2,6,2,1862.279334537345,1862.2793,2
355,5,1,6,2,1166.3749516312844,1166.375,2
360,6,2,6,2,455.15939637026105,455.1594,2
332,13,2,6,2,1178.403207680792,1178.4032,2
321,17,1,6,2,1963.735463556899,1963.7355,2
334,8,2,6,2,1756.2086298304594,1756.2086,2
360,5,2,6,2,455.15939637026105,455.1594,2
324,7,2,6,2,879.8260880817303,879.8261,2
334,2,2,6,2,1756.2086298304594,1756.2086,2
343,9,1,6,2,667.2165372410366,667.21655,2
305,5,1,6,2,719.6433912067387,719.6434,2
321,1,1,6,2,644.1731181426788,644.1731,2
309,9,1,6,2,1107.9291479547712,1107.9292,2
324,12,2,6,2,879.8260880817303,879.8261,2
990,10,2,6,2,1862.279334537345,1862.2793,2
336,9,2,6,2,1439.015846687611,1439.0159,2
320,12,2,6,2,873.0685912454649,873.0686,2
354,9,2,6,2,1384.0121418038902,1384.0121,2
331,17,1,6,2,2476.061049802837,2476.061,2
355,10,1,6,2,1166.3749516312844,1166.375,2
343,1,1,6,2,667.2165372410366,667.21655,2
316,11,2,6,2,1448.221671969451,1448.2217,2
325,3,1,6,2,4334.4901563863195,4334.49,2
358,12,2,6,2,1995.8911939698212,1995.8912,2
321,2,1,6,2,644.1731181426788,644.1731,2
358,10,2,6,2,1995.8911939698212,1995.8912,2
325,8,1,6,2,4334.4901563863195,4334.49,2
325,10,1,6,2,4334.4901563863195,4334.49,2
355,1,1,6,2,1166.3749516312844,1166.375,2
363,2,1,6,2,887.9466612445198,887.94666,2
316,8,2,6,2,1448.221671969451,1448.2217,2
323,4,1,6,2,2198.8344676394736,2198.8345,2
358,6,2,6,2,1995.8911939698212,1995.8912,2
341,28,1,6,2,5064.530490554416,5064.5303,2
326,8,2,6,2,1341.9647040340676,1341.9647,2
363,7,1,6,2,887.9466612445198,887.94666,2
331,3,1,6,2,1107.3281647597266,1107.3281,2
317,5,1,6,2,826.2578838209971,826.2579,2
358,4,2,6,2,1995.8911939698212,1995.8912,2
358,3,2,6,2,1995.8911939698212,1995.8912,2
324,14,2,6,2,879.8260880817303,879.8261,2
355,4,1,6,2,1166.3749516312844,1166.375,2
335,11,1,6,2,2655.6383352507733,2655.6384,2
357,10,1,6,2,1151.1825250725394,1151.1825,2
323,2,1,6,2,2198.8344676394736,2198.8345,2
326,4,2,6,2,1341.9647040340676,1341.9647,2
357,4,1,6,2,1151.1825250725394,1151.1825,2
323,3,1,6,2,2198.8344676394736,2198.8345,2
325,6,1,6,2,4334.4901563863195,4334.49,2
341,10,1,6,2,1325.8189106259738,1325.819,2
311,8,1,6,2,912.1672308349432,912.16724,2
356,12,2,6,2,970.2047977240318,970.2048,2
330,3,2,6,2,1027.7678851136259,1027.768,2
990,11,2,6,2,1862.279334537345,1862.2793,2
320,5,2,6,2,873.0685912454649,873.0686,2
343,8,1,6,2,667.2165372410366,667.21655,2
326,5,2,6,2,1341.9647040340676,1341.9647,2
363,12,1,6,2,887.9466612445198,887.94666,2
323,9,1,6,2,2198.8344676394736,2198.8345,2
357,5,1,6,2,1151.1825250725394,1151.1825,2
354,2,2,6,2,1384.0121418038902,1384.0121,2
312,2,2,6,2,1373.6060354745377,1373.6061,2
315,11,1,6,2,1099.6293302958766,1099.6293,2
305,18,1,6,2,1573.0057657528014,1573.0057,2
355,11,1,6,2,1166.3749516312844,1166.375,2
327,3,1,6,2,1512.2183455105878,1512.2184,2
319,4,1,6,2,1419.6417585764243,1419.6417,2
323,8,1,6,2,2198.8344676394736,2198.8345,2
305,10,1,6,2,719.6433912067387,719.6434,2
316,3,2,6,2,1448.221671969451,1448.2217,2
360,2,2,6,2,455.15939637026105,455.1594,2
357,6,1,6,2,1151.1825250725394,1151.1825,2
332,9,2,6,2,1178.403207680792,1178.4032,2
990,5,2,6,2,1862.279334537345,1862.2793,2
357,8,1,6,2,1151.1825250725394,1151.1825,2
325,7,1,6,2,4334.4901563863195,4334.49,2
341,5,1,6,2,1325.8189106259738,1325.819,2
336,12,2,6,2,1439.015846687611,1439.0159,2
337,2,1,6,2,944.4068506638935,944.40686,2
314,3,2,6,2,1525.3810233448728,1525.381,2
322,9,2,6,2,1695.1315963708,1695.1316,2
337,3,1,6,2,944.4068506638935,944.40686,2
317,12,1,6,2,826.2578838209971,826.2579,2
354,6,2,6,2,1384.0121418038902,1384.0121,2
304,7,2,6,2,1088.1666075406056,1088.1666,2
356,9,2,6,2,970.2047977240318,970.2048,2
343,12,1,6,2,667.2165372410366,667.21655,2
354,4,2,6,2,1384.0121418038902,1384.0121,2
326,2,2,6,2,1341.9647040340676,1341.9647,2
332,3,2,6,2,1178.403207680792,1178.4032,2
337,6,1,6,2,944.4068506638935,944.40686,2
322,3,2,6,2,1695.1315963708,1695.1316,2
304,11,2,6,2,1088.1666075406056,1088.1666,2
329,12,1,6,2,1202.3080598408067,1202.3081,2
354,7,2,6,2,1384.0121418038902,1384.0121,2
309,8,1,6,2,1107.9291479547712,1107.9292,2
321,12,1,6,2,644.1731181426788,644.1731,2
327,11,1,6,2,1512.2183455105878,1512.2184,2
314,4,2,6,2,1525.3810233448728,1525.381,2
322,12,2,6,2,1695.1315963708,1695.1316,2
309,3,1,6,2,1107.9291479547712,1107.9292,2
312,11,2,6,2,1373.6060354745377,1373.6061,2
337,11,1,6,2,944.4068506638935,944.40686,2
324,3,2,6,2,879.8260880817303,879.8261,2
341,2,1,6,2,1325.8189106259738,1325.819,2
343,10,1,6,2,667.2165372410366,667.21655,2
363,11,1,6,2,887.9466612445198,887.94666,2
332,12,2,6,2,1178.403207680792,1178.4032,2
324,1,2,6,2,879.8260880817303,879.8261,2
330,18,2,6,2,3457.3494429916145,3457.3494,2
331,12,1,6,2,1107.3281647597266,1107.3281,2
326,9,2,6,2,1341.9647040340676,1341.9647,2
316,7,2,6,2,1448.221671969451,1448.2217,2
314,5,2,6,2,1525.3810233448728,1525.381,2
324,10,2,6,2,879.8260880817303,879.8261,2
322,10,2,6,2,1695.1315963708,1695.1316,2
327,6,1,6,2,1512.2183455105878,1512.2184,2
363,4,1,6,2,887.9466612445198,887.94666,2
304,5,2,6,2,1088.1666075406056,1088.1666,2
329,11,1,6,2,1202.3080598408067,1202.3081,2
312,5,2,6,2,1373.6060354745377,1373.6061,2
325,11,1,6,2,4334.4901563863195,4334.49,2
315,6,1,6,2,1099.6293302958766,1099.6293,2
312,7,2,6,2,1373.6060354745377,1373.6061,2
331,11,1,6,2,1107.3281647597266,1107.3281,2
356,2,2,6,2,970.2047977240318,970.2048,2
317,10,1,6,2,826.2578838209971,826.2579,2
331,9,1,6,2,1107.3281647597266,1107.3281,2
327,2,1,6,2,1512.2183455105878,1512.2184,2
329,19,1,6,2,2650.840104689449,2650.84,2
330,1,2,6,2,1027.7678851136259,1027.768,2
357,3,1,6,2,1151.1825250725394,1151.1825,2
356,26,2,6,2,2203.0806745321875,2203.0806,2
312,6,2,6,2,1373.6060354745377,1373.6061,2
317,1,1,6,2,826.2578838209971,826.2579,2
336,13,2,6,2,1439.015846687611,1439.0159,2
990,12,2,6,2,1862.279334537345,1862.2793,2
329,2,1,6,2,1202.3080598408067,1202.3081,2
355,7,1,6,2,1166.3749516312844,1166.375,2
332,7,2,6,2,1178.403207680792,1178.4032,2
336,8,2,6,2,1439.015846687611,1439.0159,2
319,18,1,6,2,1193.1320072250107,1193.132,2
358,7,2,6,2,1995.8911939698212,1995.8912,2
354,10,2,6,2,1384.0121418038902,1384.0121,2
336,11,2,6,2,1439.015846687611,1439.0159,2
990,8,2,6,2,1862.279334537345,1862.2793,2
357,9,1,6,2,1151.1825250725394,1151.1825,2
326,11,2,6,2,1341.9647040340676,1341.9647,2
335,8,1,6,2,2655.6383352507733,2655.6384,2
358,9,2,6,2,1995.8911939698212,1995.8912,2
321,6,1,6,2,644.1731181426788,644.1731,2
990,2,2,6,2,1862.279334537345,1862.2793,2
990,1,2,6,2,1862.279334537345,1862.2793,2
316,4,2,6,2,1448.221671969451,1448.2217,2
312,8,2,6,2,1373.6060354745377,1373.6061,2
323,5,1,6,2,2198.8344676394736,2198.8345,2
304,2,2,6,2,1088.1666075406056,1088.1666,2
323,7,1,6,2,2198.8344676394736,2198.8345,2
329,4,1,6,2,1202.3080598408067,1202.3081,2
309,1,1,6,2,1107.9291479547712,1107.9292,2
333,11,1,6,2,2191.5082047457013,2191.5083,2
321,7,1,6,2,644.1731181426788,644.1731,2
335,6,1,6,2,2655.6383352507733,2655.6384,2
304,14,2,6,2,1088.1666075406056,1088.1666,2
322,4,2,6,2,1695.1315963708,1695.1316,2
336,10,2,6,2,1439.015846687611,1439.0159,2
990,3,2,6,2,1862.279334537345,1862.2793,2
311,7,1,6,2,912.1672308349432,912.16724,2
325,1,1,6,2,4334.4901563863195,4334.49,2
354,5,2,6,2,1384.0121418038902,1384.0121,2
356,7,2,6,2,970.2047977240318,970.2048,2
311,5,1,6,2,912.1672308349432,912.16724,2
311,3,1,6,2,912.1672308349432,912.16724,2
321,11,1,6,2,644.1731181426788,644.1731,2
315,4,1,6,2,1099.6293302958766,1099.6293,2
343,4,1,6,2,667.2165372410366,667.21655,2
322,5,2,6,2,1695.1315963708,1695.1316,2
316,9,2,6,2,1448.221671969451,1448.2217,2
322,11,2,6,2,1695.1315963708,1695.1316,2
320,10,2,6,2,873.0685912454649,873.0686,2
316,2,2,6,2,1448.221671969451,1448.2217,2
343,21,1,6,2,2062.1882887076586,2062.1882,2
356,8,2,6,2,970.2047977240318,970.2048,2
358,1,2,6,2,1995.8911939698212,1995.8912,2
330,6,2,6,2,1027.7678851136259,1027.768,2
322,7,2,6,2,1695.1315963708,1695.1316,2
305,9,1,6,2,719.6433912067387,719.6434,2
319,23,1,6,2,1193.1320072250107,1193.132,2
327,8,1,6,2,1512.2183455105878,1512.2184,2
335,4,1,6,2,2655.6383352507733,2655.6384,2
336,1,2,6,2,1439.015846687611,1439.0159,2
331,2,1,6,2,1107.3281647597266,1107.3281,2
343,2,1,6,2,667.2165372410366,667.21655,2
309,12,1,6,2,1107.9291479547712,1107.9292,2
336,2,2,6,2,1439.015846687611,1439.0159,2
309,5,1,6,2,1107.9291479547712,1107.9292,2
335,9,1,6,2,2655.6383352507733,2655.6384,2
990,7,2,6,2,1862.279334537345,1862.2793,2
356,1,2,6,2,970.2047977240318,970.2048,2
333,10,1,6,2,2191.5082047457013,2191.5083,2
337,10,1,6,2,944.4068506638935,944.40686,2
336,7,2,6,2,1439.015846687611,1439.0159,2
305,17,1,6,2,1573.0057657528014,1573.0057,2
341,3,1,6,2,1325.8189106259738,1325.819,2
990,4,2,6,2,1862.279334537345,1862.2793,2
360,8,2,6,2,455.15939637026105,455.1594,2
316,10,2,6,2,1448.221671969451,1448.2217,2
335,5,1,6,2,2655.6383352507733,2655.6384,2
305,2,1,6,2,719.6433912067387,719.6434,2
355,6,1,6,2,1166.3749516312844,1166.375,2
319,13,1,6,2,1419.6417585764243,1419.6417,2
322,8,2,6,2,1695.1315963708,1695.1316,2
332,8,2,6,2,1178.403207680792,1178.4032,2
312,9,2,6,2,1373.6060354745377,1373.6061,2
304,15,2,6,2,1088.1666075406056,1088.1666,2
324,6,2,6,2,879.8260880817303,879.8261,2
309,2,1,6,2,1107.9291479547712,1107.9292,2
311,9,1,6,2,912.1672308349432,912.16724,2
304,9,2,6,2,1088.1666075406056,1088.1666,2
356,17,2,6,2,2203.0806745321875,2203.0806,2
363,3,1,6,2,887.9466612445198,887.94666,2
329,6,1,6,2,1202.3080598408067,1202.3081,2
319,24,1,6,2,1193.1320072250107,1193.132,2
321,5,1,6,2,644.1731181426788,644.1731,2
316,1,2,6,2,1448.221671969451,1448.2217,2
326,10,2,6,2,1341.9647040340676,1341.9647,2
341,7,1,6,2,1325.8189106259738,1325.819,2
329,1,1,6,2,1202.3080598408067,1202.3081,2
305,12,1,6,2,719.6433912067387,719.6434,2
363,20,1,6,2,2099.4918469984677,2099.492,2
355,8,1,6,2,1166.3749516312844,1166.375,2
358,11,2,6,2,1995.8911939698212,1995.8912,2
335,3,1,6,2,2655.6383352507733,2655.6384,2
311,6,1,6,2,912.1672308349432,912.16724,2
332,10,2,6,2,1178.403207680792,1178.4032,2
358,8,2,6,2,1995.8911939698212,1995.8912,2
309,10,1,6,2,1107.9291479547712,1107.9292,2
319,27,1,6,2,1193.1320072250107,1193.132,2
319,7,1,6,2,1419.6417585764243,1419.6417,2
315,16,1,6,2,1099.6293302958766,1099.6293,2
311,10,1,6,2,912.1672308349432,912.16724,2
316,6,2,6,2,1448.221671969451,1448.2217,2
311,4,1,6,2,912.1672308349432,912.16724,2
335,10,1,6,2,2655.6383352507733,2655.6384,2
354,8,2,6,2,1384.0121418038902,1384.0121,2
304,4,2,6,2,1088.1666075406056,1088.1666,2
363,25,1,6,2,2099.4918469984677,2099.492,2
341,4,1,6,2,1325.8189106259738,1325.819,2
337,1,1,6,2,944.4068506638935,944.40686,2
331,1,1,6,2,1107.3281647597266,1107.3281,2
343,6,1,6,2,667.2165372410366,667.21655,2
326,12,2,6,2,1341.9647040340676,1341.9647,2
309,7,1,6,2,1107.9291479547712,1107.9292,2
332,4,2,6,2,1178.403207680792,1178.4032,2
326,3,2,6,2,1341.9647040340676,1341.9647,2
319,3,1,6,2,1419.6417585764243,1419.6417,2
323,1,1,6,2,2198.8344676394736,2198.8345,2
325,12,1,6,2,4334.4901563863195,4334.49,2
309,11,1,6,2,1107.9291479547712,1107.9292,2
355,12,1,6,2,1166.3749516312844,1166.375,2
335,1,1,6,2,2655.6383352507733,2655.6384,2
312,3,2,6,2,1373.6060354745377,1373.6061,2
327,10,1,6,2,1512.2183455105878,1512.2184,2
320,1,2,6,2,873.0685912454649,873.0686,2
312,12,2,6,2,1373.6060354745377,1373.6061,2
360,11,2,6,2,455.15939637026105,455.1594,2
360,10,2,6,2,455.15939637026105,455.1594,2
321,8,1,6,2,644.1731181426788,644.1731,2
357,11,1,6,2,1151.1825250725394,1151.1825,2
312,4,2,6,2,1373.6060354745377,1373.6061,2
333,3,1,6,2,2191.5082047457013,2191.5083,2
330,8,2,6,2,1027.7678851136259,1027.768,2
356,11,2,6,2,970.2047977240318,970.2048,2
360,1,2,6,2,455.15939637026105,455.1594,2
311,2,1,6,2,912.1672308349432,912.16724,2
330,12,2,6,2,1027.7678851136259,1027.768,2
331,6,1,6,2,1107.3281647597266,1107.3281,2
962,8,2,7,1,95.76155560899483,95.76156,1
962,11,2,7,1,95.76155560899483,95.76156,1
972,5,2,7,1,120.04890666924713,120.048904,1
974,1,2,7,1,362.92241727177026,362.92242,1
972,15,2,7,1,120.04890666924713,120.048904,1
973,2,1,7,1,56.20786959658391,56.20787,1
967,16,1,7,1,45.10508054046858,45.10508,1
974,5,2,7,1,362.92241727177026,362.92242,1
974,6,2,7,1,362.92241727177026,362.92242,1
437,9,1,7,1,542.2956562402125,542.29565,1
967,3,1,7,1,45.10508054046858,45.10508,1
436,8,2,7,1,444.77566137193645,444.77567,1
433,17,1,7,1,1375.331431000894,1375.3314,1
973,16,1,7,1,56.20786959658391,56.20787,1
970,11,2,7,1,145.03018204550668,145.03018,1
963,12,1,7,1,102.7007987690669,102.7008,1
969,1,1,7,1,238.01604039047263,238.01604,1
962,3,2,7,1,95.76155560899483,95.76156,1
964,7,2,7,1,95.06763129298761,95.067635,1
435,17,1,7,1,2574.775185181974,2574.7751,1
433,12,1,7,1,778.6280968297676,778.6281,1
967,8,1,7,1,45.10508054046858,45.10508,1
970,6,2,7,1,145.03018204550668,145.03018,1
965,5,1,7,1,30.532669904317185,30.53267,1
973,5,1,7,1,56.20786959658391,56.20787,1
433,5,1,7,1,778.6280968297676,778.6281,1
437,18,1,7,1,1226.1590863275258,1226.159,1
965,10,1,7,1,30.532669904317185,30.53267,1
435,13,1,7,1,1034.988914678881,1034.9889,1
436,5,2,7,1,444.77566137193645,444.77567,1
964,2,2,7,1,95.06763129298761,95.067635,1
436,9,2,7,1,444.77566137193645,444.77567,1
963,1,1,7,1,102.7007987690669,102.7008,1
430,2,2,7,1,598.5575730489002,598.55756,1
430,10,2,7,1,598.5575730489002,598.55756,1
962,4,2,7,1,95.76155560899483,95.76156,1
967,10,1,7,1,45.10508054046858,45.10508,1
436,3,2,7,1,444.77566137193645,444.77567,1
965,3,1,7,1,30.532669904317185,30.53267,1
435,9,1,7,1,1034.988914678881,1034.9889,1
968,11,2,7,1,227.6071756503645,227.60718,1
969,3,1,7,1,238.01604039047263,238.01604,1
434,9,2,7,1,1644.7433311149734,1644.7433,1
964,10,2,7,1,95.06763129298761,95.067635,1
434,8,2,7,1,1644.7433311149734,1644.7433,1
973,9,1,7,1,56.20786959658391,56.20787,1
962,10,2,7,1,95.76155560899483,95.76156,1
963,5,1,7,1,102.7007987690669,102.7008,1
970,1,2,7,1,145.03018204550668,145.03018,1
963,3,1,7,1,102.7007987690669,102.7008,1
969,6,1,7,1,238.01604039047263,238.01604,1
433,20,1,7,1,1375.331431000894,1375.3314,1
971,1,1,7,1,59.67749117661997,59.67749,1
437,6,1,7,1,542.2956562402125,542.29565,1
967,2,1,7,1,45.10508054046858,45.10508,1
437,3,1,7,1,542.2956562402125,542.29565,1
970,5,2,7,1,145.03018204550668,145.03018,1
967,12,1,7,1,45.10508054046858,45.10508,1
974,11,2,7,1,362.92241727177026,362.92242,1
974,12,2,7,1,362.92241727177026,362.92242,1
430,8,2,7,1,598.5575730489002,598.55756,1
970,2,2,7,1,145.03018204550668,145.03018,1
433,21,1,7,1,1375.331431000894,1375.3314,1
966,4,2,7,1,61.06533980863437,61.06534,1
975,4,1,7,1,163.7661385777013,163.76614,1
975,1,1,7,1,163.7661385777013,163.76614,1
965,11,1,7,1,30.532669904317185,30.53267,1
975,2,1,7,1,163.7661385777013,163.76614,1
971,6,1,7,1,59.67749117661997,59.67749,1
435,12,1,7,1,1034.988914678881,1034.9889,1
973,4,1,7,1,56.20786959658391,56.20787,1
434,4,2,7,1,1644.7433311149734,1644.7433,1
963,11,1,7,1,102.7007987690669,102.7008,1
433,8,1,7,1,778.6280968297676,778.6281,1
973,11,1,7,1,56.20786959658391,56.20787,1
430,5,2,7,1,598.5575730489002,598.55756,1
969,9,1,7,1,238.01604039047263,238.01604,1
964,5,2,7,1,95.06763129298761,95.067635,1
433,11,1,7,1,778.6280968297676,778.6281,1
968,2,2,7,1,227.6071756503645,227.60718,1
435,10,1,7,1,1034.988914678881,1034.9889,1
966,7,2,7,1,61.06533980863437,61.06534,1
436,6,2,7,1,444.77566137193645,444.77567,1
436,1,2,7,1,444.77566137193645,444.77567,1
972,6,2,7,1,120.04890666924713,120.048904,1
434,10,2,7,1,1644.7433311149734,1644.7433,1
964,1,2,7,1,95.06763129298761,95.067635,1
966,14,2,7,1,61.06533980863437,61.06534,1
969,4,1,7,1,238.01604039047263,238.01604,1
437,7,1,7,1,542.2956562402125,542.29565,1
434,3,2,7,1,1644.7433311149734,1644.7433,1
968,6,2,7,1,227.6071756503645,227.60718,1
975,10,1,7,1,163.7661385777013,163.76614,1
964,8,2,7,1,95.06763129298761,95.067635,1
430,3,2,7,1,598.5575730489002,598.55756,1
975,9,1,7,1,163.7661385777013,163.76614,1
971,11,1,7,1,59.67749117661997,59.67749,1
973,6,1,7,1,56.20786959658391,56.20787,1
962,1,2,7,1,95.76155560899483,95.76156,1
972,4,2,7,1,120.04890666924713,120.048904,1
972,9,2,7,1,120.04890666924713,120.048904,1
434,2,2,7,1,1644.7433311149734,1644.7433,1
437,17,1,7,1,1226.1590863275258,1226.159,1
966,6,2,7,1,61.06533980863437,61.06534,1
972,1,2,7,1,120.04890666924713,120.048904,1
965,8,1,7,1,30.532669904317185,30.53267,1
965,2,1,7,1,30.532669904317185,30.53267,1
971,13,1,7,1,59.67749117661997,59.67749,1
963,10,1,7,1,102.7007987690669,102.7008,1
968,3,2,7,1,227.6071756503645,227.60718,1
966,3,2,7,1,61.06533980863437,61.06534,1
430,1,2,7,1,598.5575730489002,598.55756,1
968,9,2,7,1,227.6071756503645,227.60718,1
975,6,1,7,1,163.7661385777013,163.76614,1
434,11,2,7,1,1644.7433311149734,1644.7433,1
962,12,2,7,1,95.76155560899483,95.76156,1
969,13,1,7,1,238.01604039047263,238.01604,1
972,12,2,7,1,120.04890666924713,120.048904,1
974,4,2,7,1,362.92241727177026,362.92242,1
975,7,1,7,1,163.7661385777013,163.76614,1
963,2,1,7,1,102.7007987690669,102.7008,1
974,3,2,7,1,362.92241727177026,362.92242,1
973,7,1,7,1,56.20786959658391,56.20787,1
975,5,1,7,1,163.7661385777013,163.76614,1
964,4,2,7,1,95.06763129298761,95.067635,1
436,7,2,7,1,444.77566137193645,444.77567,1
974,2,2,7,1,362.92241727177026,362.92242,1
967,1,1,7,1,45.10508054046858,45.10508,1
971,2,1,7,1,59.67749117661997,59.67749,1
433,3,1,7,1,778.6280968297676,778.6281,1
433,10,1,7,1,778.6280968297676,778.6281,1
436,11,2,7,1,444.77566137193645,444.77567,1
437,12,1,7,1,542.2956562402125,542.29565,1
971,8,1,7,1,59.67749117661997,59.67749,1
975,8,1,7,1,163.7661385777013,163.76614,1
969,12,1,7,1,238.01604039047263,238.01604,1
430,7,2,7,1,598.5575730489002,598.55756,1
968,8,2,7,1,227.6071756503645,227.60718,1
971,4,1,7,1,59.67749117661997,59.67749,1
973,8,1,7,1,56.20786959658391,56.20787,1
430,4,2,7,1,598.5575730489002,598.55756,1
964,11,2,7,1,95.06763129298761,95.067635,1
964,12,2,7,1,95.06763129298761,95.067635,1
963,6,1,7,1,102.7007987690669,102.7008,1
434,5,2,7,1,1644.7433311149734,1644.7433,1
970,9,2,7,1,145.03018204550668,145.03018,1
965,1,1,7,1,30.532669904317185,30.53267,1
970,4,2,7,1,145.03018204550668,145.03018,1
434,6,2,7,1,1644.7433311149734,1644.7433,1
965,6,1,7,1,30.532669904317185,30.53267,1
970,10,2,7,1,145.03018204550668,145.03018,1
430,12,2,7,1,598.5575730489002,598.55756,1
970,12,2,7,1,145.03018204550668,145.03018,1
965,9,1,7,1,30.532669904317185,30.53267,1
433,6,1,7,1,778.6280968297676,778.6281,1
962,5,2,7,1,95.76155560899483,95.76156,1
434,1,2,7,1,1644.7433311149734,1644.7433,1
972,3,2,7,1,120.04890666924713,120.048904,1
967,6,1,7,1,45.10508054046858,45.10508,1
975,12,1,7,1,163.7661385777013,163.76614,1
965,12,1,7,1,30.532669904317185,30.53267,1
435,18,1,7,1,2574.775185181974,2574.7751,1
433,2,1,7,1,778.6280968297676,778.6281,1
975,3,1,7,1,163.7661385777013,163.76614,1
966,1,2,7,1,61.06533980863437,61.06534,1
966,2,2,7,1,61.06533980863437,61.06534,1
972,2,2,7,1,120.04890666924713,120.048904,1
972,11,2,7,1,120.04890666924713,120.048904,1
437,10,1,7,1,542.2956562402125,542.29565,1
971,7,1,7,1,59.67749117661997,59.67749,1
962,7,2,7,1,95.76155560899483,95.76156,1
966,12,2,7,1,61.06533980863437,61.06534,1
963,9,1,7,1,102.7007987690669,102.7008,1
966,8,2,7,1,61.06533980863437,61.06534,1
435,16,1,7,1,1034.988914678881,1034.9889,1
974,7,2,7,1,362.92241727177026,362.92242,1
967,13,1,7,1,45.10508054046858,45.10508,1
966,9,2,7,1,61.06533980863437,61.06534,1
434,12,2,7,1,1644.7433311149734,1644.7433,1
435,8,1,7,1,1034.988914678881,1034.9889,1
965,7,1,7,1,30.532669904317185,30.53267,1
430,6,2,7,1,598.5575730489002,598.55756,1
974,8,2,7,1,362.92241727177026,362.92242,1
971,10,1,7,1,59.67749117661997,59.67749,1
967,5,1,7,1,45.10508054046858,45.10508,1
971,12,1,7,1,59.67749117661997,59.67749,1
967,9,1,7,1,45.10508054046858,45.10508,1
970,8,2,7,1,145.03018204550668,145.03018,1
973,12,1,7,1,56.20786959658391,56.20787,1
436,12,2,7,1,444.77566137193645,444.77567,1
969,2,1,7,1,238.01604039047263,238.01604,1
973,10,1,7,1,56.20786959658391,56.20787,1
436,10,2,7,1,444.77566137193645,444.77567,1
974,9,2,7,1,362.92241727177026,362.92242,1
973,1,1,7,1,56.20786959658391,56.20787,1
436,4,2,7,1,444.77566137193645,444.77567,1
967,7,1,7,1,45.10508054046858,45.10508,1
436,2,2,7,1,444.77566137193645,444.77567,1
971,9,1,7,1,59.67749117661997,59.67749,1
969,11,1,7,1,238.01604039047263,238.01604,1
964,6,2,7,1,95.06763129298761,95.067635,1
968,1,2,7,1,227.6071756503645,227.60718,1
435,7,1,7,1,1034.988914678881,1034.9889,1
435,6,1,7,1,1034.988914678881,1034.9889,1
435,4,1,7,1,1034.988914678881,1034.9889,1
965,4,1,7,1,30.532669904317185,30.53267,1
435,3,1,7,1,1034.988914678881,1034.9889,1
971,5,1,7,1,59.67749117661997,59.67749,1
437,11,1,7,1,542.2956562402125,542.29565,1
975,11,1,7,1,163.7661385777013,163.76614,1
434,7,2,7,1,1644.7433311149734,1644.7433,1
437,4,1,7,1,542.2956562402125,542.29565,1
964,3,2,7,1,95.06763129298761,95.067635,1
430,13,2,7,1,598.5575730489002,598.55756,1
430,9,2,7,1,598.5575730489002,598.55756,1
968,12,2,7,1,227.6071756503645,227.60718,1
962,6,2,7,1,95.76155560899483,95.76156,1
974,10,2,7,1,362.92241727177026,362.92242,1
969,7,1,7,1,238.01604039047263,238.01604,1
968,4,2,7,1,227.6071756503645,227.60718,1
966,11,2,7,1,61.06533980863437,61.06534,1
437,5,1,7,1,542.2956562402125,542.29565,1
968,5,2,7,1,227.6071756503645,227.60718,1
969,10,1,7,1,238.01604039047263,238.01604,1
963,7,1,7,1,102.7007987690669,102.7008,1
962,2,2,7,1,95.76155560899483,95.76156,1
962,9,2,7,1,95.76155560899483,95.76156,1
964,9,2,7,1,95.06763129298761,95.067635,1
963,8,1,7,1,102.7007987690669,102.7008,1
437,2,1,7,1,542.2956562402125,542.29565,1
968,10,2,7,1,227.6071756503645,227.60718,1
433,1,1,7,1,778.6280968297676,778.6281,1
972,7,2,7,1,120.04890666924713,120.048904,1
966,10,2,7,1,61.06533980863437,61.06534,1
963,4,1,7,1,102.7007987690669,102.7008,1
970,3,2,7,1,145.03018204550668,145.03018,1
972,8,2,7,1,120.04890666924713,120.048904,1
968,7,2,7,1,227.6071756503645,227.60718,1
969,5,1,7,1,238.01604039047263,238.01604,1
970,7,2,7,1,145.03018204550668,145.03018,1
412,3,2,7,2,777.018198311939,777.0182,2
402,12,2,7,2,815.3894673643804,815.38947,2
392,7,2,7,2,1018.8233507027553,1018.82336,2
415,4,1,7,2,1081.3721278415314,1081.3721,2
378,12,2,7,2,692.8145801135258,692.8146,2
406,5,2,7,2,1167.275521174737,1167.2755,2
405,3,1,7,2,459.0461142290663,459.0461,2
375,8,1,7,2,946.2006118613398,946.2006,2
393,6,1,7,2,694.1198461930555,694.1199,2
382,1,2,7,2,652.581794096099,652.5818,2
422,8,2,7,2,739.211997549639,739.212,2
367,7,1,7,2,1028.4957242853764,1028.4957,2
438,11,2,7,2,905.9882970715338,905.9883,2
386,7,2,7,2,1858.5180052235612,1858.518,2
396,10,2,7,2,648.3421322653896,648.3421,2
368,6,2,7,2,1711.659550868711,1711.6595,2
401,2,1,7,2,671.4972084177251,671.4972,2
397,3,1,7,2,762.036157867306,762.03613,2
425,11,1,7,2,731.9307763780623,731.9308,2
397,9,1,7,2,762.036157867306,762.03613,2
412,1,2,7,2,777.018198311939,777.0182,2
413,4,1,7,2,559.4908359348202,559.49084,2
431,1,1,7,2,293.76568614896905,293.7657,2
364,3,2,7,2,1055.8132207825865,1055.8132,2
416,8,2,7,2,768.8156444202938,768.8157,2
400,5,2,7,2,1549.6089425024425,1549.6089,2
394,9,2,7,2,980.6757791999871,980.6758,2
439,5,1,7,2,740.0545960411873,740.0546,2
428,1,2,7,2,931.2533301924828,931.25336,2
374,5,2,7,2,1022.5071128178996,1022.50714,2
397,1,1,7,2,762.036157867306,762.03613,2
390,2,2,7,2,691.0040510691477,691.004,2
396,5,2,7,2,648.3421322653896,648.3421,2
374,1,2,7,2,1022.5071128178996,1022.50714,2
417,3,1,7,2,662.6415719275932,662.6416,2
366,12,2,7,2,1915.9232276872706,1915.9232,2
420,9,2,7,2,616.7826210651697,616.7826,2
384,4,2,7,2,933.4287436161285,933.4288,2
401,5,1,7,2,671.4972084177251,671.4972,2
416,2,2,7,2,768.8156444202938,768.8157,2
393,22,1,7,2,2245.2834728800567,2245.2834,2
399,5,1,7,2,1074.39553346836,1074.3955,2
423,11,1,7,2,703.8933820177843,703.8934,2
414,10,2,7,2,848.802651089821,848.8027,2
390,12,2,7,2,691.0040510691477,691.004,2
377,5,1,7,2,792.215807683833,792.2158,2
391,4,1,7,2,1271.0482873621224,1271.0483,2
380,9,2,7,2,653.2610816806124,653.2611,2
401,6,1,7,2,671.4972084177251,671.4972,2
417,5,1,7,2,662.6415719275932,662.6416,2
425,8,1,7,2,731.9307763780623,731.9308,2
368,12,2,7,2,1711.659550868711,1711.6595,2
394,7,2,7,2,980.6757791999871,980.6758,2
404,8,2,7,2,875.1958918661262,875.19586,2
371,7,1,7,2,546.6194387636612,546.61945,2
425,2,1,7,2,731.9307763780623,731.9308,2
439,4,1,7,2,740.0545960411873,740.0546,2
372,12,2,7,2,924.8708198228015,924.87085,2
424,1,2,7,2,1152.6487514571975,1152.6488,2
420,3,2,7,2,616.7826210651697,616.7826,2
378,1,2,7,2,692.8145801135258,692.8146,2
376,5,2,7,2,912.7146522182671,912.71466,2
394,3,2,7,2,980.6757791999871,980.6758,2
421,4,1,7,2,861.8428737959779,861.8429,2
423,5,1,7,2,703.8933820177843,703.8934,2
373,4,1,7,2,548.0602215762315,548.06024,2
392,2,2,7,2,1018.8233507027553,1018.82336,2
408,5,2,7,2,809.3939565749365,809.394,2
378,5,2,7,2,692.8145801135258,692.8146,2
378,11,2,7,2,692.8145801135258,692.8146,2
401,14,1,7,2,671.4972084177251,671.4972,2
415,5,1,7,2,1081.3721278415314,1081.3721,2
374,4,2,7,2,1022.5071128178996,1022.50714,2
398,7,2,7,2,1018.2653739455134,1018.2654,2
401,11,1,7,2,671.4972084177251,671.4972,2
429,18,1,7,2,1331.7772721537947,1331.7772,2
389,11,1,7,2,645.8675439743004,645.86755,2
405,2,1,7,2,459.0461142290663,459.0461,2
413,5,1,7,2,559.4908359348202,559.49084,2
416,9,2,7,2,768.8156444202938,768.8157,2
376,2,2,7,2,912.7146522182671,912.71466,2
364,8,2,7,2,1055.8132207825865,1055.8132,2
389,6,1,7,2,645.8675439743004,645.86755,2
384,8,2,7,2,933.4287436161285,933.4288,2
425,17,1,7,2,1644.0359337479913,1644.0359,2
374,9,2,7,2,1022.5071128178996,1022.50714,2
398,8,2,7,2,1018.2653739455134,1018.2654,2
379,8,1,7,2,366.0505137000426,366.0505,2
424,6,2,7,2,1152.6487514571975,1152.6488,2
372,4,2,7,2,924.8708198228015,924.87085,2
426,8,2,7,2,1350.3735070378427,1350.3735,2
382,12,2,7,2,652.581794096099,652.5818,2
415,7,1,7,2,1081.3721278415314,1081.3721,2
376,11,2,7,2,912.7146522182671,912.71466,2
424,5,2,7,2,1152.6487514571975,1152.6488,2
390,1,2,7,2,691.0040510691477,691.004,2
388,5,2,7,2,784.1085415064118,784.1085,2
378,9,2,7,2,692.8145801135258,692.8146,2
419,7,1,7,2,1124.7578240996895,1124.7578,2
376,9,2,7,2,912.7146522182671,912.71466,2
371,17,1,7,2,1406.7755039496872,1406.7755,2
384,11,2,7,2,933.4287436161285,933.4288,2
385,12,1,7,2,793.5876099482206,793.5876,2
432,9,2,7,2,331.8505490487279,331.85056,2
425,1,1,7,2,731.9307763780623,731.9308,2
438,3,2,7,2,905.9882970715338,905.9883,2
407,8,1,7,2,853.3630256736641,853.36304,2
417,10,1,7,2,662.6415719275932,662.6416,2
408,7,2,7,2,809.3939565749365,809.394,2
389,5,1,7,2,645.8675439743004,645.86755,2
389,1,1,7,2,645.8675439743004,645.86755,2
413,17,1,7,2,1826.0868586045565,1826.0869,2
386,2,2,7,2,1858.5180052235612,1858.518,2
424,7,2,7,2,1152.6487514571975,1152.6488,2
368,7,2,7,2,1711.659550868711,1711.6595,2
404,1,2,7,2,875.1958918661262,875.19586,2
377,6,1,7,2,792.215807683833,792.2158,2
377,12,1,7,2,792.215807683833,792.2158,2
426,4,2,7,2,1350.3735070378427,1350.3735,2
380,7,2,7,2,653.2610816806124,653.2611,2
371,8,1,7,2,546.6194387636612,546.61945,2
383,2,1,7,2,1018.8233507027553,1018.82336,2
400,6,2,7,2,1549.6089425024425,1549.6089,2
410,2,2,7,2,712.1940089278903,712.19403,2
374,3,2,7,2,1022.5071128178996,1022.50714,2
403,19,1,7,2,2866.490097556009,2866.49,2
402,3,2,7,2,815.3894673643804,815.38947,2
379,18,1,7,2,1199.155297976085,1199.1553,2
385,6,1,7,2,793.5876099482206,793.5876,2
411,9,1,7,2,859.7674537684891,859.76746,2
409,17,1,7,2,1100.6573858808877,1100.6573,2
411,5,1,7,2,859.7674537684891,859.76746,2
425,18,1,7,2,1644.0359337479913,1644.0359,2
409,18,1,7,2,1100.6573858808877,1100.6573,2
420,10,2,7,2,616.7826210651697,616.7826,2
402,8,2,7,2,815.3894673643804,815.38947,2
375,11,1,7,2,946.2006118613398,946.2006,2
402,4,2,7,2,815.3894673643804,815.38947,2
396,12,2,7,2,648.3421322653896,648.3421,2
365,4,1,7,2,1117.3277272523994,1117.3278,2
392,8,2,7,2,1018.8233507027553,1018.82336,2
406,1,2,7,2,1167.275521174737,1167.2755,2
365,10,1,7,2,1117.3277272523994,1117.3278,2
390,5,2,7,2,691.0040510691477,691.004,2
416,3,2,7,2,768.8156444202938,768.8157,2
439,10,1,7,2,740.0545960411873,740.0546,2
383,7,1,7,2,1018.8233507027553,1018.82336,2
374,12,2,7,2,1022.5071128178996,1022.50714,2
398,2,2,7,2,1018.2653739455134,1018.2654,2
415,10,1,7,2,1081.3721278415314,1081.3721,2
425,14,1,7,2,731.9307763780623,731.9308,2
387,12,1,7,2,634.4855512608426,634.48553,2
381,9,1,7,2,781.7430187549636,781.74304,2
391,6,1,7,2,1271.0482873621224,1271.0483,2
387,11,1,7,2,634.4855512608426,634.48553,2
429,13,1,7,2,910.1548119152927,910.1548,2
397,5,1,7,2,762.036157867306,762.03613,2
389,4,1,7,2,645.8675439743004,645.86755,2
404,2,2,7,2,875.1958918661262,875.19586,2
431,11,1,7,2,293.76568614896905,293.7657,2
431,17,1,7,2,899.4700437544527,899.47003,2
428,5,2,7,2,931.2533301924828,931.25336,2
429,4,1,7,2,910.1548119152927,910.1548,2
428,9,2,7,2,931.2533301924828,931.25336,2
382,8,2,7,2,652.581794096099,652.5818,2
392,3,2,7,2,1018.8233507027553,1018.82336,2
372,5,2,7,2,924.8708198228015,924.87085,2
365,17,1,7,2,3825.3280022490085,3825.328,2
407,28,1,7,2,1190.3047621120004,1190.3048,2
385,5,1,7,2,793.5876099482206,793.5876,2
394,1,2,7,2,980.6757791999871,980.6758,2
432,4,2,7,2,331.8505490487279,331.85056,2
382,10,2,7,2,652.581794096099,652.5818,2
367,9,1,7,2,1028.4957242853764,1028.4957,2
421,6,1,7,2,861.8428737959779,861.8429,2
394,4,2,7,2,980.6757791999871,980.6758,2
419,1,1,7,2,1124.7578240996895,1124.7578,2
420,1,2,7,2,616.7826210651697,616.7826,2
364,4,2,7,2,1055.8132207825865,1055.8132,2
415,3,1,7,2,1081.3721278415314,1081.3721,2
365,11,1,7,2,1117.3277272523994,1117.3278,2
367,4,1,7,2,1028.4957242853764,1028.4957,2
377,10,1,7,2,792.215807683833,792.2158,2
381,2,1,7,2,781.7430187549636,781.74304,2
428,6,2,7,2,931.2533301924828,931.25336,2
397,6,1,7,2,762.036157867306,762.03613,2
413,3,1,7,2,559.4908359348202,559.49084,2
398,3,2,7,2,1018.2653739455134,1018.2654,2
369,1,1,7,2,617.3442077388762,617.3442,2
413,8,1,7,2,559.4908359348202,559.49084,2
378,10,2,7,2,692.8145801135258,692.8146,2
422,9,2,7,2,739.211997549639,739.212,2
378,14,2,7,2,692.8145801135258,692.8146,2
439,11,1,7,2,740.0545960411873,740.0546,2
376,12,2,7,2,912.7146522182671,912.71466,2
432,10,2,7,2,331.8505490487279,331.85056,2
429,6,1,7,2,910.1548119152927,910.1548,2
403,2,1,7,2,889.6300897606767,889.63007,2
367,6,1,7,2,1028.4957242853764,1028.4957,2
384,6,2,7,2,933.4287436161285,933.4288,2
439,14,1,7,2,740.0545960411873,740.0546,2
422,5,2,7,2,739.211997549639,739.212,2
408,11,2,7,2,809.3939565749365,809.394,2
375,10,1,7,2,946.2006118613398,946.2006,2
408,6,2,7,2,809.3939565749365,809.394,2
399,4,1,7,2,1074.39553346836,1074.3955,2
378,7,2,7,2,692.8145801135258,692.8146,2
427,7,1,7,2,1463.1621775480546,1463.1622,2
416,1,2,7,2,768.8156444202938,768.8157,2
413,12,1,7,2,559.4908359348202,559.49084,2
407,24,1,7,2,1190.3047621120004,1190.3048,2
421,3,1,7,2,861.8428737959779,861.8429,2
372,8,2,7,2,924.8708198228015,924.87085,2
380,11,2,7,2,653.2610816806124,653.2611,2
418,8,2,7,2,902.7906913171638,902.7907,2
422,1,2,7,2,739.211997549639,739.212,2
400,12,2,7,2,1549.6089425024425,1549.6089,2
371,10,1,7,2,546.6194387636612,546.61945,2
422,7,2,7,2,739.211997549639,739.212,2
429,1,1,7,2,910.1548119152927,910.1548,2
417,4,1,7,2,662.6415719275932,662.6416,2
369,12,1,7,2,617.3442077388762,617.3442,2
432,3,2,7,2,331.8505490487279,331.85056,2
385,3,1,7,2,793.5876099482206,793.5876,2
402,9,2,7,2,815.3894673643804,815.38947,2
395,8,1,7,2,785.844755715515,785.8447,2
378,8,2,7,2,692.8145801135258,692.8146,2
427,1,1,7,2,1463.1621775480546,1463.1622,2
424,3,2,7,2,1152.6487514571975,1152.6488,2
393,1,1,7,2,694.1198461930555,694.1199,2
394,5,2,7,2,980.6757791999871,980.6758,2
379,2,1,7,2,366.0505137000426,366.0505,2
412,10,2,7,2,777.018198311939,777.0182,2
394,10,2,7,2,980.6757791999871,980.6758,2
407,2,1,7,2,853.3630256736641,853.36304,2
390,6,2,7,2,691.0040510691477,691.004,2
395,19,1,7,2,1778.5024929730891,1778.5024,2
428,8,2,7,2,931.2533301924828,931.25336,2
370,7,2,7,2,779.8032097754226,779.8032,2
404,3,2,7,2,875.1958918661262,875.19586,2
408,10,2,7,2,809.3939565749365,809.394,2
380,13,2,7,2,653.2610816806124,653.2611,2
378,6,2,7,2,692.8145801135258,692.8146,2
391,8,1,7,2,1271.0482873621224,1271.0483,2
398,12,2,7,2,1018.2653739455134,1018.2654,2
419,4,1,7,2,1124.7578240996895,1124.7578,2
431,7,1,7,2,293.76568614896905,293.7657,2
418,10,2,7,2,902.7906913171638,902.7907,2
418,11,2,7,2,902.7906913171638,902.7907,2
428,3,2,7,2,931.2533301924828,931.25336,2
401,9,1,7,2,671.4972084177251,671.4972,2
376,1,2,7,2,912.7146522182671,912.71466,2
371,12,1,7,2,546.6194387636612,546.61945,2
414,5,2,7,2,848.802651089821,848.8027,2
386,8,2,7,2,1858.5180052235612,1858.518,2
368,16,2,7,2,1711.659550868711,1711.6595,2
396,9,2,7,2,648.3421322653896,648.3421,2
372,1,2,7,2,924.8708198228015,924.87085,2
399,10,1,7,2,1074.39553346836,1074.3955,2
369,9,1,7,2,617.3442077388762,617.3442,2
408,1,2,7,2,809.3939565749365,809.394,2
403,10,1,7,2,889.6300897606767,889.63007,2
379,4,1,7,2,366.0505137000426,366.0505,2
388,4,2,7,2,784.1085415064118,784.1085,2
395,10,1,7,2,785.844755715515,785.8447,2
366,8,2,7,2,1915.9232276872706,1915.9232,2
388,3,2,7,2,784.1085415064118,784.1085,2
369,8,1,7,2,617.3442077388762,617.3442,2
404,11,2,7,2,875.1958918661262,875.19586,2
411,2,1,7,2,859.7674537684891,859.76746,2
384,9,2,7,2,933.4287436161285,933.4288,2
388,9,2,7,2,784.1085415064118,784.1085,2
431,8,1,7,2,293.76568614896905,293.7657,2
393,2,1,7,2,694.1198461930555,694.1199,2
379,10,1,7,2,366.0505137000426,366.0505,2
374,8,2,7,2,1022.5071128178996,1022.50714,2
411,4,1,7,2,859.7674537684891,859.76746,2
371,18,1,7,2,1406.7755039496872,1406.7755,2
414,1,2,7,2,848.802651089821,848.8027,2
369,11,1,7,2,617.3442077388762,617.3442,2
402,2,2,7,2,815.3894673643804,815.38947,2
404,10,2,7,2,875.1958918661262,875.19586,2
429,12,1,7,2,910.1548119152927,910.1548,2
410,5,2,7,2,712.1940089278903,712.19403,2
406,9,2,7,2,1167.275521174737,1167.2755,2
406,3,2,7,2,1167.275521174737,1167.2755,2
416,5,2,7,2,768.8156444202938,768.8157,2
366,6,2,7,2,1915.9232276872706,1915.9232,2
386,6,2,7,2,1858.5180052235612,1858.518,2
428,12,2,7,2,931.2533301924828,931.25336,2
382,9,2,7,2,652.581794096099,652.5818,2
405,1,1,7,2,459.0461142290663,459.0461,2
365,5,1,7,2,1117.3277272523994,1117.3278,2
408,8,2,7,2,809.3939565749365,809.394,2
426,13,2,7,2,1350.3735070378427,1350.3735,2
372,11,2,7,2,924.8708198228015,924.87085,2
409,9,1,7,2,659.7588255761368,659.75885,2
386,5,2,7,2,1858.5180052235612,1858.518,2
413,6,1,7,2,559.4908359348202,559.49084,2
414,2,2,7,2,848.802651089821,848.8027,2
386,17,2,7,2,6147.59139588274,6147.5913,2
431,3,1,7,2,293.76568614896905,293.7657,2
379,5,1,7,2,366.0505137000426,366.0505,2
416,7,2,7,2,768.8156444202938,768.8157,2
402,11,2,7,2,815.3894673643804,815.38947,2
367,8,1,7,2,1028.4957242853764,1028.4957,2
383,11,1,7,2,1018.8233507027553,1018.82336,2
375,15,1,7,2,946.2006118613398,946.2006,2
406,6,2,7,2,1167.275521174737,1167.2755,2
427,10,1,7,2,1463.1621775480546,1463.1622,2
394,6,2,7,2,980.6757791999871,980.6758,2
438,12,2,7,2,905.9882970715338,905.9883,2
407,1,1,7,2,853.3630256736641,853.36304,2
393,5,1,7,2,694.1198461930555,694.1199,2
418,3,2,7,2,902.7906913171638,902.7907,2
426,6,2,7,2,1350.3735070378427,1350.3735,2
383,9,1,7,2,1018.8233507027553,1018.82336,2
418,7,2,7,2,902.7906913171638,902.7907,2
398,14,2,7,2,1018.2653739455134,1018.2654,2
411,6,1,7,2,859.7674537684891,859.76746,2
410,9,2,7,2,712.1940089278903,712.19403,2
420,6,2,7,2,616.7826210651697,616.7826,2
408,12,2,7,2,809.3939565749365,809.394,2
403,3,1,7,2,889.6300897606767,889.63007,2
411,11,1,7,2,859.7674537684891,859.76746,2
427,4,1,7,2,1463.1621775480546,1463.1622,2
410,8,2,7,2,712.1940089278903,712.19403,2
383,4,1,7,2,1018.8233507027553,1018.82336,2
383,3,1,7,2,1018.8233507027553,1018.82336,2
368,2,2,7,2,1711.659550868711,1711.6595,2
431,9,1,7,2,293.76568614896905,293.7657,2
366,3,2,7,2,1915.9232276872706,1915.9232,2
377,8,1,7,2,792.215807683833,792.2158,2
414,6,2,7,2,848.802651089821,848.8027,2
412,12,2,7,2,777.018198311939,777.0182,2
413,1,1,7,2,559.4908359348202,559.49084,2
414,4,2,7,2,848.802651089821,848.8027,2
368,10,2,7,2,1711.659550868711,1711.6595,2
381,7,1,7,2,781.7430187549636,781.74304,2
382,4,2,7,2,652.581794096099,652.5818,2
409,19,1,7,2,1100.6573858808877,1100.6573,2
388,11,2,7,2,784.1085415064118,784.1085,2
407,19,1,7,2,1190.3047621120004,1190.3048,2
374,11,2,7,2,1022.5071128178996,1022.50714,2
413,10,1,7,2,559.4908359348202,559.49084,2
383,10,1,7,2,1018.8233507027553,1018.82336,2
382,13,2,7,2,652.581794096099,652.5818,2
401,12,1,7,2,671.4972084177251,671.4972,2
404,5,2,7,2,875.1958918661262,875.19586,2
414,8,2,7,2,848.802651089821,848.8027,2
365,1,1,7,2,1117.3277272523994,1117.3278,2
366,11,2,7,2,1915.9232276872706,1915.9232,2
414,12,2,7,2,848.802651089821,848.8027,2
415,1,1,7,2,1081.3721278415314,1081.3721,2
379,3,1,7,2,366.0505137000426,366.0505,2
438,1,2,7,2,905.9882970715338,905.9883,2
410,3,2,7,2,712.1940089278903,712.19403,2
415,8,1,7,2,1081.3721278415314,1081.3721,2
380,18,2,7,2,1534.1852730513122,1534.1853,2
438,5,2,7,2,905.9882970715338,905.9883,2
380,12,2,7,2,653.2610816806124,653.2611,2
428,11,2,7,2,931.2533301924828,931.25336,2
386,12,2,7,2,1858.5180052235612,1858.518,2
423,8,1,7,2,703.8933820177843,703.8934,2
387,2,1,7,2,634.4855512608426,634.48553,2
393,7,1,7,2,694.1198461930555,694.1199,2
425,3,1,7,2,731.9307763780623,731.9308,2
416,12,2,7,2,768.8156444202938,768.8157,2
377,7,1,7,2,792.215807683833,792.2158,2
416,10,2,7,2,768.8156444202938,768.8157,2
416,11,2,7,2,768.8156444202938,768.8157,2
403,14,1,7,2,889.6300897606767,889.63007,2
373,14,1,7,2,548.0602215762315,548.06024,2
396,6,2,7,2,648.3421322653896,648.3421,2
398,11,2,7,2,1018.2653739455134,1018.2654,2
371,4,1,7,2,546.6194387636612,546.61945,2
420,5,2,7,2,616.7826210651697,616.7826,2
400,11,2,7,2,1549.6089425024425,1549.6089,2
379,12,1,7,2,366.0505137000426,366.0505,2
366,9,2,7,2,1915.9232276872706,1915.9232,2
379,11,1,7,2,366.0505137000426,366.0505,2
380,6,2,7,2,653.2610816806124,653.2611,2
377,1,1,7,2,792.215807683833,792.2158,2
418,4,2,7,2,902.7906913171638,902.7907,2
418,5,2,7,2,902.7906913171638,902.7907,2
379,9,1,7,2,366.0505137000426,366.0505,2
418,9,2,7,2,902.7906913171638,902.7907,2
419,10,1,7,2,1124.7578240996895,1124.7578,2
426,10,2,7,2,1350.3735070378427,1350.3735,2
419,3,1,7,2,1124.7578240996895,1124.7578,2
379,6,1,7,2,366.0505137000426,366.0505,2
401,4,1,7,2,671.4972084177251,671.4972,2
384,5,2,7,2,933.4287436161285,933.4288,2
420,7,2,7,2,616.7826210651697,616.7826,2
399,12,1,7,2,1074.39553346836,1074.3955,2
432,12,2,7,2,331.8505490487279,331.85056,2
420,4,2,7,2,616.7826210651697,616.7826,2
400,7,2,7,2,1549.6089425024425,1549.6089,2
381,4,1,7,2,781.7430187549636,781.74304,2
409,7,1,7,2,659.7588255761368,659.75885,2
390,9,2,7,2,691.0040510691477,691.004,2
421,1,1,7,2,861.8428737959779,861.8429,2
421,2,1,7,2,861.8428737959779,861.8429,2
427,11,1,7,2,1463.1621775480546,1463.1622,2
378,4,2,7,2,692.8145801135258,692.8146,2
424,4,2,7,2,1152.6487514571975,1152.6488,2
423,12,1,7,2,703.8933820177843,703.8934,2
409,4,1,7,2,659.7588255761368,659.75885,2
421,11,1,7,2,861.8428737959779,861.8429,2
402,10,2,7,2,815.3894673643804,815.38947,2
365,7,1,7,2,1117.3277272523994,1117.3278,2
387,8,1,7,2,634.4855512608426,634.48553,2
371,1,1,7,2,546.6194387636612,546.61945,2
422,10,2,7,2,739.211997549639,739.212,2
397,11,1,7,2,762.036157867306,762.03613,2
412,9,2,7,2,777.018198311939,777.0182,2
423,4,1,7,2,703.8933820177843,703.8934,2
389,8,1,7,2,645.8675439743004,645.86755,2
385,9,1,7,2,793.5876099482206,793.5876,2
383,12,1,7,2,1018.8233507027553,1018.82336,2
382,11,2,7,2,652.581794096099,652.5818,2
423,10,1,7,2,703.8933820177843,703.8934,2
392,9,2,7,2,1018.8233507027553,1018.82336,2
365,12,1,7,2,1117.3277272523994,1117.3278,2
376,10,2,7,2,912.7146522182671,912.71466,2
376,7,2,7,2,912.7146522182671,912.71466,2
439,8,1,7,2,740.0545960411873,740.0546,2
376,4,2,7,2,912.7146522182671,912.71466,2
424,8,2,7,2,1152.6487514571975,1152.6488,2
421,10,1,7,2,861.8428737959779,861.8429,2
424,10,2,7,2,1152.6487514571975,1152.6488,2
424,12,2,7,2,1152.6487514571975,1152.6488,2
419,5,1,7,2,1124.7578240996895,1124.7578,2
399,9,1,7,2,1074.39553346836,1074.3955,2
404,18,2,7,2,3074.3856063231406,3074.3855,2
383,6,1,7,2,1018.8233507027553,1018.82336,2
382,3,2,7,2,652.581794096099,652.5818,2
364,11,2,7,2,1055.8132207825865,1055.8132,2
405,11,1,7,2,459.0461142290663,459.0461,2
426,7,2,7,2,1350.3735070378427,1350.3735,2
371,3,1,7,2,546.6194387636612,546.61945,2
385,7,1,7,2,793.5876099482206,793.5876,2
375,12,1,7,2,946.2006118613398,946.2006,2
403,9,1,7,2,889.6300897606767,889.63007,2
383,5,1,7,2,1018.8233507027553,1018.82336,2
396,11,2,7,2,648.3421322653896,648.3421,2
438,6,2,7,2,905.9882970715338,905.9883,2
427,20,1,7,2,3336.1585279819988,3336.1584,2
420,13,2,7,2,616.7826210651697,616.7826,2
389,3,1,7,2,645.8675439743004,645.86755,2
375,4,1,7,2,946.2006118613398,946.2006,2
425,7,1,7,2,731.9307763780623,731.9308,2
414,3,2,7,2,848.802651089821,848.8027,2
391,7,1,7,2,1271.0482873621224,1271.0483,2
428,10,2,7,2,931.2533301924828,931.25336,2
427,3,1,7,2,1463.1621775480546,1463.1622,2
370,2,2,7,2,779.8032097754226,779.8032,2
409,10,1,7,2,659.7588255761368,659.75885,2
427,9,1,7,2,1463.1621775480546,1463.1622,2
392,12,2,7,2,1018.8233507027553,1018.82336,2
383,8,1,7,2,1018.8233507027553,1018.82336,2
374,6,2,7,2,1022.5071128178996,1022.50714,2
375,5,1,7,2,946.2006118613398,946.2006,2
429,20,1,7,2,1331.7772721537947,1331.7772,2
408,3,2,7,2,809.3939565749365,809.394,2
385,1,1,7,2,793.5876099482206,793.5876,2
406,2,2,7,2,1167.275521174737,1167.2755,2
406,7,2,7,2,1167.275521174737,1167.2755,2
374,2,2,7,2,1022.5071128178996,1022.50714,2
412,7,2,7,2,777.018198311939,777.0182,2
376,8,2,7,2,912.7146522182671,912.71466,2
373,12,1,7,2,548.0602215762315,548.06024,2
427,5,1,7,2,1463.1621775480546,1463.1622,2
409,2,1,7,2,659.7588255761368,659.75885,2
412,6,2,7,2,777.018198311939,777.0182,2
367,11,1,7,2,1028.4957242853764,1028.4957,2
424,11,2,7,2,1152.6487514571975,1152.6488,2
373,10,1,7,2,548.0602215762315,548.06024,2
407,12,1,7,2,853.3630256736641,853.36304,2
414,11,2,7,2,848.802651089821,848.8027,2
373,7,1,7,2,548.0602215762315,548.06024,2
407,18,1,7,2,1190.3047621120004,1190.3048,2
432,1,2,7,2,331.8505490487279,331.85056,2
432,2,2,7,2,331.8505490487279,331.85056,2
370,11,2,7,2,779.8032097754226,779.8032,2
386,3,2,7,2,1858.5180052235612,1858.518,2
432,7,2,7,2,331.8505490487279,331.85056,2
373,3,1,7,2,548.0602215762315,548.06024,2
373,2,1,7,2,548.0602215762315,548.06024,2
419,8,1,7,2,1124.7578240996895,1124.7578,2
409,6,1,7,2,659.7588255761368,659.75885,2
388,12,2,7,2,784.1085415064118,784.1085,2
392,4,2,7,2,1018.8233507027553,1018.82336,2
413,2,1,7,2,559.4908359348202,559.49084,2
388,2,2,7,2,784.1085415064118,784.1085,2
389,10,1,7,2,645.8675439743004,645.86755,2
385,8,1,7,2,793.5876099482206,793.5876,2
439,9,1,7,2,740.0545960411873,740.0546,2
397,2,1,7,2,762.036157867306,762.03613,2
406,10,2,7,2,1167.275521174737,1167.2755,2
431,6,1,7,2,293.76568614896905,293.7657,2
418,12,2,7,2,902.7906913171638,902.7907,2
396,2,2,7,2,648.3421322653896,648.3421,2
372,7,2,7,2,924.8708198228015,924.87085,2
372,6,2,7,2,924.8708198228015,924.87085,2
372,3,2,7,2,924.8708198228015,924.87085,2
370,6,2,7,2,779.8032097754226,779.8032,2
381,11,1,7,2,781.7430187549636,781.74304,2
417,11,1,7,2,662.6415719275932,662.6416,2
368,5,2,7,2,1711.659550868711,1711.6595,2
425,12,1,7,2,731.9307763780623,731.9308,2
417,1,1,7,2,662.6415719275932,662.6416,2
378,3,2,7,2,692.8145801135258,692.8146,2
371,9,1,7,2,546.6194387636612,546.61945,2
395,13,1,7,2,785.844755715515,785.8447,2
366,2,2,7,2,1915.9232276872706,1915.9232,2
420,11,2,7,2,616.7826210651697,616.7826,2
439,3,1,7,2,740.0545960411873,740.0546,2
424,2,2,7,2,1152.6487514571975,1152.6488,2
405,6,1,7,2,459.0461142290663,459.0461,2
411,12,1,7,2,859.7674537684891,859.76746,2
370,9,2,7,2,779.8032097754226,779.8032,2
438,4,2,7,2,905.9882970715338,905.9883,2
395,17,1,7,2,1778.5024929730891,1778.5024,2
405,7,1,7,2,459.0461142290663,459.0461,2
438,8,2,7,2,905.9882970715338,905.9883,2
387,4,1,7,2,634.4855512608426,634.48553,2
405,5,1,7,2,459.0461142290663,459.0461,2
439,6,1,7,2,740.0545960411873,740.0546,2
428,7,2,7,2,931.2533301924828,931.25336,2
387,3,1,7,2,634.4855512608426,634.48553,2
439,7,1,7,2,740.0545960411873,740.0546,2
415,9,1,7,2,1081.3721278415314,1081.3721,2
414,7,2,7,2,848.802651089821,848.8027,2
386,10,2,7,2,1858.5180052235612,1858.518,2
439,12,1,7,2,740.0545960411873,740.0546,2
410,12,2,7,2,712.1940089278903,712.19403,2
404,9,2,7,2,875.1958918661262,875.19586,2
425,4,1,7,2,731.9307763780623,731.9308,2
368,1,2,7,2,1711.659550868711,1711.6595,2
380,8,2,7,2,653.2610816806124,653.2611,2
369,7,1,7,2,617.3442077388762,617.3442,2
381,1,1,7,2,781.7430187549636,781.74304,2
372,18,2,7,2,3060.307571203622,3060.3076,2
395,4,1,7,2,785.844755715515,785.8447,2
412,5,2,7,2,777.018198311939,777.0182,2
404,6,2,7,2,875.1958918661262,875.19586,2
421,12,1,7,2,861.8428737959779,861.8429,2
413,7,1,7,2,559.4908359348202,559.49084,2
423,2,1,7,2,703.8933820177843,703.8934,2
425,13,1,7,2,731.9307763780623,731.9308,2
380,5,2,7,2,653.2610816806124,653.2611,2
385,11,1,7,2,793.5876099482206,793.5876,2
369,3,1,7,2,617.3442077388762,617.3442,2
426,11,2,7,2,1350.3735070378427,1350.3735,2
404,4,2,7,2,875.1958918661262,875.19586,2
415,2,1,7,2,1081.3721278415314,1081.3721,2
388,6,2,7,2,784.1085415064118,784.1085,2
391,11,1,7,2,1271.0482873621224,1271.0483,2
393,8,1,7,2,694.1198461930555,694.1199,2
386,9,2,7,2,1858.5180052235612,1858.518,2
370,8,2,7,2,779.8032097754226,779.8032,2
422,4,2,7,2,739.211997549639,739.212,2
377,4,1,7,2,792.215807683833,792.2158,2
429,10,1,7,2,910.1548119152927,910.1548,2
373,5,1,7,2,548.0602215762315,548.06024,2
368,11,2,7,2,1711.659550868711,1711.6595,2
364,12,2,7,2,1055.8132207825865,1055.8132,2
399,2,1,7,2,1074.39553346836,1074.3955,2
398,10,2,7,2,1018.2653739455134,1018.2654,2
393,4,1,7,2,694.1198461930555,694.1199,2
418,2,2,7,2,902.7906913171638,902.7907,2
393,9,1,7,2,694.1198461930555,694.1199,2
377,11,1,7,2,792.215807683833,792.2158,2
409,12,1,7,2,659.7588255761368,659.75885,2
373,8,1,7,2,548.0602215762315,548.06024,2
411,7,1,7,2,859.7674537684891,859.76746,2
367,10,1,7,2,1028.4957242853764,1028.4957,2
367,5,1,7,2,1028.4957242853764,1028.4957,2
387,6,1,7,2,634.4855512608426,634.48553,2
397,12,1,7,2,762.036157867306,762.03613,2
395,3,1,7,2,785.844755715515,785.8447,2
405,8,1,7,2,459.0461142290663,459.0461,2
388,10,2,7,2,784.1085415064118,784.1085,2
402,7,2,7,2,815.3894673643804,815.38947,2
420,12,2,7,2,616.7826210651697,616.7826,2
390,26,2,7,2,2174.1934886482245,2174.1936,2
369,4,1,7,2,617.3442077388762,617.3442,2
367,1,1,7,2,1028.4957242853764,1028.4957,2
410,10,2,7,2,712.1940089278903,712.19403,2
403,4,1,7,2,889.6300897606767,889.63007,2
370,16,2,7,2,779.8032097754226,779.8032,2
386,4,2,7,2,1858.5180052235612,1858.518,2
392,5,2,7,2,1018.8233507027553,1018.82336,2
400,4,2,7,2,1549.6089425024425,1549.6089,2
384,1,2,7,2,933.4287436161285,933.4288,2
410,4,2,7,2,712.1940089278903,712.19403,2
421,7,1,7,2,861.8428737959779,861.8429,2
395,11,1,7,2,785.844755715515,785.8447,2
389,7,1,7,2,645.8675439743004,645.86755,2
388,1,2,7,2,784.1085415064118,784.1085,2
438,10,2,7,2,905.9882970715338,905.9883,2
411,10,1,7,2,859.7674537684891,859.76746,2
438,7,2,7,2,905.9882970715338,905.9883,2
394,8,2,7,2,980.6757791999871,980.6758,2
375,9,1,7,2,946.2006118613398,946.2006,2
397,7,1,7,2,762.036157867306,762.03613,2
392,1,2,7,2,1018.8233507027553,1018.82336,2
377,2,1,7,2,792.215807683833,792.2158,2
409,3,1,7,2,659.7588255761368,659.75885,2
374,10,2,7,2,1022.5071128178996,1022.50714,2
392,11,2,7,2,1018.8233507027553,1018.82336,2
391,9,1,7,2,1271.0482873621224,1271.0483,2
369,2,1,7,2,617.3442077388762,617.3442,2
411,8,1,7,2,859.7674537684891,859.76746,2
370,1,2,7,2,779.8032097754226,779.8032,2
393,3,1,7,2,694.1198461930555,694.1199,2
374,7,2,7,2,1022.5071128178996,1022.50714,2
398,21,2,7,2,2322.002311204117,2322.0022,2
396,8,2,7,2,648.3421322653896,648.3421,2
412,4,2,7,2,777.018198311939,777.0182,2
417,7,1,7,2,662.6415719275932,662.6416,2
415,6,1,7,2,1081.3721278415314,1081.3721,2
393,11,1,7,2,694.1198461930555,694.1199,2
419,12,1,7,2,1124.7578240996895,1124.7578,2
387,1,1,7,2,634.4855512608426,634.48553,2
422,12,2,7,2,739.211997549639,739.212,2
396,1,2,7,2,648.3421322653896,648.3421,2
375,6,1,7,2,946.2006118613398,946.2006,2
418,6,2,7,2,902.7906913171638,902.7907,2
364,7,2,7,2,1055.8132207825865,1055.8132,2
417,6,1,7,2,662.6415719275932,662.6416,2
396,4,2,7,2,648.3421322653896,648.3421,2
416,4,2,7,2,768.8156444202938,768.8157,2
407,3,1,7,2,853.3630256736641,853.36304,2
422,2,2,7,2,739.211997549639,739.212,2
366,7,2,7,2,1915.9232276872706,1915.9232,2
387,7,1,7,2,634.4855512608426,634.48553,2
438,2,2,7,2,905.9882970715338,905.9883,2
382,5,2,7,2,652.581794096099,652.5818,2
364,5,2,7,2,1055.8132207825865,1055.8132,2
420,2,2,7,2,616.7826210651697,616.7826,2
380,17,2,7,2,1534.1852730513122,1534.1853,2
422,3,2,7,2,739.211997549639,739.212,2
391,1,1,7,2,1271.0482873621224,1271.0483,2
399,11,1,7,2,1074.39553346836,1074.3955,2
395,2,1,7,2,785.844755715515,785.8447,2
381,10,1,7,2,781.7430187549636,781.74304,2
392,10,2,7,2,1018.8233507027553,1018.82336,2
412,2,2,7,2,777.018198311939,777.0182,2
423,18,1,7,2,2410.210589080377,2410.2107,2
419,11,1,7,2,1124.7578240996895,1124.7578,2
368,9,2,7,2,1711.659550868711,1711.6595,2
370,5,2,7,2,779.8032097754226,779.8032,2
410,1,2,7,2,712.1940089278903,712.19403,2
371,6,1,7,2,546.6194387636612,546.61945,2
424,16,2,7,2,1152.6487514571975,1152.6488,2
390,3,2,7,2,691.0040510691477,691.004,2
413,9,1,7,2,559.4908359348202,559.49084,2
426,2,2,7,2,1350.3735070378427,1350.3735,2
375,7,1,7,2,946.2006118613398,946.2006,2
390,11,2,7,2,691.0040510691477,691.004,2
397,8,1,7,2,762.036157867306,762.03613,2
381,3,1,7,2,781.7430187549636,781.74304,2
426,1,2,7,2,1350.3735070378427,1350.3735,2
384,2,2,7,2,933.4287436161285,933.4288,2
375,1,1,7,2,946.2006118613398,946.2006,2
388,8,2,7,2,784.1085415064118,784.1085,2
390,8,2,7,2,691.0040510691477,691.004,2
385,4,1,7,2,793.5876099482206,793.5876,2
403,12,1,7,2,889.6300897606767,889.63007,2
407,9,1,7,2,853.3630256736641,853.36304,2
408,9,2,7,2,809.3939565749365,809.394,2
382,6,2,7,2,652.581794096099,652.5818,2
406,12,2,7,2,1167.275521174737,1167.2755,2
401,3,1,7,2,671.4972084177251,671.4972,2
406,4,2,7,2,1167.275521174737,1167.2755,2
417,17,1,7,2,2124.4549763346754,2124.455,2
416,6,2,7,2,768.8156444202938,768.8157,2
411,1,1,7,2,859.7674537684891,859.76746,2
390,7,2,7,2,691.0040510691477,691.004,2
405,4,1,7,2,459.0461142290663,459.0461,2
391,3,1,7,2,1271.0482873621224,1271.0483,2
365,8,1,7,2,1117.3277272523994,1117.3278,2
370,12,2,7,2,779.8032097754226,779.8032,2
426,16,2,7,2,1350.3735070378427,1350.3735,2
406,8,2,7,2,1167.275521174737,1167.2755,2
427,6,1,7,2,1463.1621775480546,1463.1622,2
364,1,2,7,2,1055.8132207825865,1055.8132,2
400,9,2,7,2,1549.6089425024425,1549.6089,2
397,4,1,7,2,762.036157867306,762.03613,2
391,2,1,7,2,1271.0482873621224,1271.0483,2
400,2,2,7,2,1549.6089425024425,1549.6089,2
366,5,2,7,2,1915.9232276872706,1915.9232,2
431,5,1,7,2,293.76568614896905,293.7657,2
398,6,2,7,2,1018.2653739455134,1018.2654,2
421,9,1,7,2,861.8428737959779,861.8429,2
376,6,2,7,2,912.7146522182671,912.71466,2
401,10,1,7,2,671.4972084177251,671.4972,2
389,12,1,7,2,645.8675439743004,645.86755,2
410,13,2,7,2,712.1940089278903,712.19403,2
399,1,1,7,2,1074.39553346836,1074.3955,2
428,2,2,7,2,931.2533301924828,931.25336,2
417,8,1,7,2,662.6415719275932,662.6416,2
372,9,2,7,2,924.8708198228015,924.87085,2
402,1,2,7,2,815.3894673643804,815.38947,2
383,1,1,7,2,1018.8233507027553,1018.82336,2
384,10,2,7,2,933.4287436161285,933.4288,2
404,7,2,7,2,875.1958918661262,875.19586,2
365,6,1,7,2,1117.3277272523994,1117.3278,2
431,12,1,7,2,293.76568614896905,293.7657,2
429,22,1,7,2,1331.7772721537947,1331.7772,2
398,19,2,7,2,2322.002311204117,2322.0022,2
377,3,1,7,2,792.215807683833,792.2158,2
385,10,1,7,2,793.5876099482206,793.5876,2
423,6,1,7,2,703.8933820177843,703.8934,2
388,7,2,7,2,784.1085415064118,784.1085,2
381,12,1,7,2,781.7430187549636,781.74304,2
367,2,1,7,2,1028.4957242853764,1028.4957,2
376,3,2,7,2,912.7146522182671,912.71466,2
369,5,1,7,2,617.3442077388762,617.3442,2
412,11,2,7,2,777.018198311939,777.0182,2
364,6,2,7,2,1055.8132207825865,1055.8132,2
422,23,2,7,2,1685.1162714897398,1685.1162,2
419,6,1,7,2,1124.7578240996895,1124.7578,2
419,2,1,7,2,1124.7578240996895,1124.7578,2
432,5,2,7,2,331.8505490487279,331.85056,2
399,6,1,7,2,1074.39553346836,1074.3955,2
405,12,1,7,2,459.0461142290663,459.0461,2
405,14,1,7,2,459.0461142290663,459.0461,2
397,10,1,7,2,762.036157867306,762.03613,2
399,7,1,7,2,1074.39553346836,1074.3955,2
403,1,1,7,2,889.6300897606767,889.63007,2
391,5,1,7,2,1271.0482873621224,1271.0483,2
432,6,2,7,2,331.8505490487279,331.85056,2
431,4,1,7,2,293.76568614896905,293.7657,2
395,9,1,7,2,785.844755715515,785.8447,2
369,10,1,7,2,617.3442077388762,617.3442,2
384,14,2,7,2,933.4287436161285,933.4288,2
381,6,1,7,2,781.7430187549636,781.74304,2
392,6,2,7,2,1018.8233507027553,1018.82336,2
368,8,2,7,2,1711.659550868711,1711.6595,2
427,8,1,7,2,1463.1621775480546,1463.1622,2
415,11,1,7,2,1081.3721278415314,1081.3721,2
371,5,1,7,2,546.6194387636612,546.61945,2
403,5,1,7,2,889.6300897606767,889.63007,2
373,9,1,7,2,548.0602215762315,548.06024,2
382,7,2,7,2,652.581794096099,652.5818,2
389,2,1,7,2,645.8675439743004,645.86755,2
373,11,1,7,2,548.0602215762315,548.06024,2
428,4,2,7,2,931.2533301924828,931.25336,2
400,3,2,7,2,1549.6089425024425,1549.6089,2
365,3,1,7,2,1117.3277272523994,1117.3278,2
407,7,1,7,2,853.3630256736641,853.36304,2
426,12,2,7,2,1350.3735070378427,1350.3735,2
395,5,1,7,2,785.844755715515,785.8447,2
417,12,1,7,2,662.6415719275932,662.6416,2
369,6,1,7,2,617.3442077388762,617.3442,2
386,11,2,7,2,1858.5180052235612,1858.518,2
400,8,2,7,2,1549.6089425024425,1549.6089,2
412,8,2,7,2,777.018198311939,777.0182,2
438,9,2,7,2,905.9882970715338,905.9883,2
367,12,1,7,2,1028.4957242853764,1028.4957,2
406,11,2,7,2,1167.275521174737,1167.2755,2
370,13,2,7,2,779.8032097754226,779.8032,2
400,16,2,7,2,1549.6089425024425,1549.6089,2
368,3,2,7,2,1711.659550868711,1711.6595,2
396,7,2,7,2,648.3421322653896,648.3421,2
407,4,1,7,2,853.3630256736641,853.36304,2
426,9,2,7,2,1350.3735070378427,1350.3735,2
421,5,1,7,2,861.8428737959779,861.8429,2
394,11,2,7,2,980.6757791999871,980.6758,2
418,1,2,7,2,902.7906913171638,902.7907,2
419,9,1,7,2,1124.7578240996895,1124.7578,2
385,2,1,7,2,793.5876099482206,793.5876,2
421,8,1,7,2,861.8428737959779,861.8429,2
387,10,1,7,2,634.4855512608426,634.48553,2
394,2,2,7,2,980.6757791999871,980.6758,2
401,1,1,7,2,671.4972084177251,671.4972,2
375,2,1,7,2,946.2006118613398,946.2006,2
423,9,1,7,2,703.8933820177843,703.8934,2
423,7,1,7,2,703.8933820177843,703.8934,2
389,9,1,7,2,645.8675439743004,645.86755,2
391,12,1,7,2,1271.0482873621224,1271.0483,2
432,19,2,7,2,1086.4215657890277,1086.4215,2
422,22,2,7,2,1685.1162714897398,1685.1162,2
373,6,1,7,2,548.0602215762315,548.06024,2
384,16,2,7,2,933.4287436161285,933.4288,2
372,10,2,7,2,924.8708198228015,924.87085,2
408,4,2,7,2,809.3939565749365,809.394,2
387,5,1,7,2,634.4855512608426,634.48553,2
409,5,1,7,2,659.7588255761368,659.75885,2
411,3,1,7,2,859.7674537684891,859.76746,2
439,17,1,7,2,2406.819009913159,2406.819,2
387,9,1,7,2,634.4855512608426,634.48553,2
380,2,2,7,2,653.2610816806124,653.2611,2
364,2,2,7,2,1055.8132207825865,1055.8132,2
427,18,1,7,2,3336.1585279819988,3336.1584,2
403,11,1,7,2,889.6300897606767,889.63007,2
381,8,1,7,2,781.7430187549636,781.74304,2
414,9,2,7,2,848.802651089821,848.8027,2
379,7,1,7,2,366.0505137000426,366.0505,2
429,8,1,7,2,910.1548119152927,910.1548,2
364,9,2,7,2,1055.8132207825865,1055.8132,2
417,9,1,7,2,662.6415719275932,662.6416,2
364,10,2,7,2,1055.8132207825865,1055.8132,2
395,12,1,7,2,785.844755715515,785.8447,2
398,5,2,7,2,1018.2653739455134,1018.2654,2
401,8,1,7,2,671.4972084177251,671.4972,2
429,14,1,7,2,910.1548119152927,910.1548,2
405,9,1,7,2,459.0461142290663,459.0461,2
390,4,2,7,2,691.0040510691477,691.004,2
410,11,2,7,2,712.1940089278903,712.19403,2
402,5,2,7,2,815.3894673643804,815.38947,2
429,17,1,7,2,1331.7772721537947,1331.7772,2
384,3,2,7,2,933.4287436161285,933.4288,2
370,4,2,7,2,779.8032097754226,779.8032,2
394,12,2,7,2,980.6757791999871,980.6758,2
393,12,1,7,2,694.1198461930555,694.1199,2
365,9,1,7,2,1117.3277272523994,1117.3278,2
391,10,1,7,2,1271.0482873621224,1271.0483,2
381,15,1,7,2,781.7430187549636,781.74304,2
367,3,1,7,2,1028.4957242853764,1028.4957,2
377,9,1,7,2,792.215807683833,792.2158,2
408,2,2,7,2,809.3939565749365,809.394,2
399,8,1,7,2,1074.39553346836,1074.3955,2
396,3,2,7,2,648.3421322653896,648.3421,2
403,6,1,7,2,889.6300897606767,889.63007,2
432,11,2,7,2,331.8505490487279,331.85056,2
423,1,1,7,2,703.8933820177843,703.8934,2
410,7,2,7,2,712.1940089278903,712.19403,2
380,3,2,7,2,653.2610816806124,653.2611,2
402,6,2,7,2,815.3894673643804,815.38947,2
366,4,2,7,2,1915.9232276872706,1915.9232,2
400,1,2,7,2,1549.6089425024425,1549.6089,2
366,1,2,7,2,1915.9232276872706,1915.9232,2
366,10,2,7,2,1915.9232276872706,1915.9232,2
451,6,1,8,1,406.0765198561046,406.0765,1
459,16,1,8,1,412.6723278383475,412.67233,1
465,4,1,8,1,878.1010125024798,878.101,1
466,3,2,8,1,363.79854455691384,363.79855,1
492,4,2,8,1,637.9420297556052,637.942,1
497,3,1,8,1,306.11637950468406,306.1164,1
445,24,1,8,1,319.0402058230625,319.0402,1
454,10,2,8,1,258.1166263084765,258.11664,1
498,5,2,8,1,331.3286714974809,331.32867,1
447,18,1,8,1,441.53060226799,441.5306,1
452,8,2,8,2,304.77753998198614,304.77753,2
476,10,2,8,1,192.6069650281598,192.60696,1
488,13,2,8,1,478.4318022244057,478.4318,1
463,12,1,8,1,574.1212717403724,574.1213,1
471,10,1,8,1,220.39264870633704,220.39265,1
477,1,1,8,1,116.30150125806595,116.3015,1
474,10,2,8,1,108.96623603782805,108.96623,1
449,28,1,8,1,332.0740418447034,332.07404,1
478,4,2,8,1,275.22064952568815,275.22064,1
450,15,2,8,1,324.1615060454982,324.1615,1
460,10,2,8,1,276.5324402494117,276.53244,1
461,26,1,8,1,379.8732715490464,379.87326,1
470,24,2,8,1,180.45419217236565,180.4542,1
456,11,2,8,1,321.1991072021108,321.1991,1
473,20,1,8,1,432.2532136453904,432.2532,1
497,22,1,8,1,589.3947041472047,589.3947,1
448,8,2,8,1,211.78346940897154,211.78346,1
475,8,1,8,1,124.11214018063112,124.11214,1
458,26,2,8,1,296.5365799572613,296.5366,1
500,9,2,8,1,473.27985194590076,473.27985,1
472,3,2,8,1,103.09172984114002,103.09173,1
472,7,2,8,1,103.09172984114002,103.09173,1
490,8,2,8,1,446.39108785843587,446.39108,1
448,26,2,8,1,489.96062061054596,489.96063,1
464,27,2,8,1,444.38243452136857,444.38245,1
449,6,1,8,1,377.1636095311031,377.1636,1
488,23,2,8,1,1226.7651147261258,1226.7651,1
452,2,2,8,2,304.77753998198614,304.77753,2
485,3,1,8,1,167.73106159558714,167.73106,1
451,13,1,8,1,406.0765198561046,406.0765,1
484,11,2,8,1,163.67262096120496,163.67262,1
468,26,2,8,1,366.117855900333,366.11786,1
472,1,2,8,1,103.09172984114002,103.09173,1
489,2,1,8,1,256.56049953970904,256.5605,1
498,21,2,8,1,481.932613087245,481.93262,1
457,12,1,8,1,250.06591217426595,250.06592,1
490,26,2,8,1,600.5577874011648,600.5578,1
486,19,2,8,1,513.36610653821,513.3661,1
475,6,1,8,1,124.11214018063112,124.11214,1
477,2,1,8,1,116.30150125806595,116.3015,1
463,19,1,8,1,834.0610913247492,834.0611,1
462,7,2,8,1,250.38765785084485,250.38766,1
442,1,2,8,1,309.5798132157381,309.5798,1
477,10,1,8,1,116.30150125806595,116.3015,1
469,28,1,8,1,367.3861376826796,367.38614,1
479,21,1,8,1,243.77231372286616,243.77231,1
500,20,2,8,1,750.6876574555886,750.6877,1
484,12,2,8,1,163.67262096120496,163.67262,1
495,7,1,8,1,156.18635239793605,156.18636,1
461,4,1,8,1,300.7788083607105,300.7788,1
454,8,2,8,1,258.1166263084765,258.11664,1
470,19,2,8,1,180.45419217236565,180.4542,1
460,17,2,8,1,348.32844023469266,348.32843,1
479,24,1,8,1,243.77231372286616,243.77231,1
496,11,2,8,1,317.9298342749446,317.92984,1
477,11,1,8,1,116.30150125806595,116.3015,1
490,27,2,8,1,600.5577874011648,600.5578,1
443,12,1,8,1,329.2147155966045,329.21472,1
491,3,1,8,1,286.34012499882476,286.34012,1
494,11,2,8,1,187.19345631680886,187.19345,1
464,5,2,8,1,306.6530132399053,306.653,1
480,9,2,8,1,285.113504239419,285.1135,1
492,8,2,8,1,637.9420297556052,637.942,1
462,3,2,8,1,250.38765785084485,250.38766,1
477,6,1,8,1,116.30150125806595,116.3015,1
456,23,2,8,1,759.8644222312621,759.86444,1
490,3,2,8,1,446.39108785843587,446.39108,1
466,12,2,8,1,363.79854455691384,363.79855,1
466,8,2,8,1,363.79854455691384,363.79855,1
488,10,2,8,1,478.4318022244057,478.4318,1
500,24,2,8,1,750.6876574555886,750.6877,1
485,2,1,8,1,167.73106159558714,167.73106,1
445,17,1,8,1,319.0402058230625,319.0402,1
467,5,1,8,1,364.4027488303799,364.40274,1
456,24,2,8,1,759.8644222312621,759.86444,1
494,12,2,8,1,187.19345631680886,187.19345,1
469,9,1,8,1,236.628378012716,236.62837,1
482,12,2,8,1,484.90849306149096,484.9085,1
461,3,1,8,1,300.7788083607105,300.7788,1
476,20,2,8,1,307.76106915409804,307.76108,1
457,18,1,8,1,389.09586018514864,389.09586,1
453,5,1,8,1,137.3908073198214,137.39081,1
476,9,2,8,1,192.6069650281598,192.60696,1
469,15,1,8,1,236.628378012716,236.62837,1
488,1,2,8,1,478.4318022244057,478.4318,1
478,23,2,8,1,400.23863347667674,400.23865,1
472,13,2,8,1,103.09172984114002,103.09173,1
448,13,2,8,1,211.78346940897154,211.78346,1
476,5,2,8,1,192.6069650281598,192.60696,1
476,16,2,8,1,192.6069650281598,192.60696,1
440,8,2,8,1,262.2130511407522,262.21304,1
498,6,2,8,1,331.3286714974809,331.32867,1
451,3,1,8,1,406.0765198561046,406.0765,1
443,18,1,8,1,446.9525322109823,446.95255,1
449,18,1,8,1,332.0740418447034,332.07404,1
453,27,1,8,1,189.24896348079105,189.24896,1
446,24,2,8,1,330.18595377284197,330.18594,1
449,20,1,8,1,332.0740418447034,332.07404,1
463,9,1,8,1,574.1212717403724,574.1213,1
475,21,1,8,1,183.10097882412822,183.10098,1
473,6,1,8,1,225.62780064622487,225.6278,1
454,7,2,8,1,258.1166263084765,258.11664,1
452,5,2,8,2,304.77753998198614,304.77753,2
475,3,1,8,1,124.11214018063112,124.11214,1
489,20,1,8,1,352.10096350970423,352.10095,1
486,5,2,8,1,267.61058225394174,267.6106,1
448,3,2,8,1,211.78346940897154,211.78346,1
447,27,1,8,1,441.53060226799,441.5306,1
463,2,1,8,1,574.1212717403724,574.1213,1
457,19,1,8,1,389.09586018514864,389.09586,1
481,23,1,8,1,308.5904293358891,308.59042,1
480,23,2,8,1,414.63606386974436,414.63608,1
497,12,1,8,1,306.11637950468406,306.1164,1
464,1,2,8,1,306.6530132399053,306.653,1
497,7,1,8,1,306.11637950468406,306.1164,1
451,18,1,8,1,1086.9037716379505,1086.9038,1
500,1,2,8,1,473.27985194590076,473.27985,1
475,7,1,8,1,124.11214018063112,124.11214,1
494,8,2,8,1,187.19345631680886,187.19345,1
454,27,2,8,1,367.4575222994569,367.45752,1
482,24,2,8,1,514.6973148486283,514.6973,1
460,7,2,8,1,276.5324402494117,276.53244,1
467,9,1,8,1,364.4027488303799,364.40274,1
448,1,2,8,1,211.78346940897154,211.78346,1
449,7,1,8,1,377.1636095311031,377.1636,1
465,16,1,8,1,878.1010125024798,878.101,1
465,1,1,8,1,878.1010125024798,878.101,1
496,7,2,8,1,317.9298342749446,317.92984,1
461,19,1,8,1,379.8732715490464,379.87326,1
493,4,1,8,2,449.4035378677997,449.40353,2
448,5,2,8,1,211.78346940897154,211.78346,1
472,26,2,8,1,163.00233711237544,163.00233,1
495,8,1,8,1,156.18635239793605,156.18636,1
466,10,2,8,1,363.79854455691384,363.79855,1
471,8,1,8,1,220.39264870633704,220.39265,1
481,27,1,8,1,308.5904293358891,308.59042,1
454,6,2,8,1,258.1166263084765,258.11664,1
499,2,1,8,1,209.74575992674525,209.74576,1
481,17,1,8,1,308.5904293358891,308.59042,1
496,2,2,8,1,317.9298342749446,317.92984,1
487,1,1,8,1,373.9974078794106,373.9974,1
474,22,2,8,1,196.76989924438828,196.7699,1
459,9,1,8,1,412.6723278383475,412.67233,1
491,8,1,8,1,286.34012499882476,286.34012,1
445,5,1,8,1,189.42445949135876,189.42445,1
470,18,2,8,1,180.45419217236565,180.4542,1
448,16,2,8,1,211.78346940897154,211.78346,1
450,16,2,8,1,324.1615060454982,324.1615,1
473,21,1,8,1,432.2532136453904,432.2532,1
447,17,1,8,1,441.53060226799,441.5306,1
488,3,2,8,1,478.4318022244057,478.4318,1
497,5,1,8,1,306.11637950468406,306.1164,1
475,19,1,8,1,183.10097882412822,183.10098,1
495,13,1,8,1,156.18635239793605,156.18636,1
497,19,1,8,1,589.3947041472047,589.3947,1
441,10,1,8,1,251.4810460238377,251.48105,1
479,17,1,8,1,243.77231372286616,243.77231,1
471,21,1,8,1,267.0783798000539,267.07837,1
497,1,1,8,1,306.11637950468406,306.1164,1
451,2,1,8,1,406.0765198561046,406.0765,1
450,9,2,8,1,324.1615060454982,324.1615,1
479,7,1,8,1,177.6087144677362,177.60872,1
483,6,1,8,1,310.9282356187368,310.92822,1
465,12,1,8,1,878.1010125024798,878.101,1
453,9,1,8,1,137.3908073198214,137.39081,1
445,9,1,8,1,189.42445949135876,189.42445,1
493,2,1,8,2,449.4035378677997,449.40353,2
496,8,2,8,1,317.9298342749446,317.92984,1
493,10,1,8,2,449.4035378677997,449.40353,2
473,1,1,8,1,225.62780064622487,225.6278,1
466,13,2,8,1,363.79854455691384,363.79855,1
468,6,2,8,1,373.93114419536056,373.93115,1
472,24,2,8,1,163.00233711237544,163.00233,1
500,26,2,8,1,750.6876574555886,750.6877,1
473,16,1,8,1,225.62780064622487,225.6278,1
456,6,2,8,1,321.1991072021108,321.1991,1
498,13,2,8,1,331.3286714974809,331.32867,1
449,21,1,8,1,332.0740418447034,332.07404,1
452,10,2,8,2,304.77753998198614,304.77753,2
494,6,2,8,1,187.19345631680886,187.19345,1
481,21,1,8,1,308.5904293358891,308.59042,1
487,8,1,8,1,373.9974078794106,373.9974,1
472,2,2,8,1,103.09172984114002,103.09173,1
464,20,2,8,1,444.38243452136857,444.38245,1
445,16,1,8,1,189.42445949135876,189.42445,1
444,19,2,8,1,445.0691826291822,445.06918,1
484,6,2,8,1,163.67262096120496,163.67262,1
482,18,2,8,1,514.6973148486283,514.6973,1
471,2,1,8,1,220.39264870633704,220.39265,1
483,2,1,8,1,310.9282356187368,310.92822,1
497,21,1,8,1,589.3947041472047,589.3947,1
465,17,1,8,1,3613.008212671141,3613.0083,1
442,28,2,8,1,414.0609909563955,414.061,1
470,23,2,8,1,180.45419217236565,180.4542,1
467,3,1,8,1,364.4027488303799,364.40274,1
486,11,2,8,1,267.61058225394174,267.6106,1
487,14,1,8,1,373.9974078794106,373.9974,1
455,23,1,8,1,439.4653826226987,439.4654,1
495,3,1,8,1,156.18635239793605,156.18636,1
444,25,2,8,1,445.0691826291822,445.06918,1
440,4,2,8,1,262.2130511407522,262.21304,1
471,25,1,8,1,267.0783798000539,267.07837,1
500,4,2,8,1,473.27985194590076,473.27985,1
444,1,2,8,1,284.2873960433227,284.28738,1
441,26,1,8,1,257.742943462411,257.74295,1
484,8,2,8,1,163.67262096120496,163.67262,1
448,6,2,8,1,211.78346940897154,211.78346,1
463,11,1,8,1,574.1212717403724,574.1213,1
481,24,1,8,1,308.5904293358891,308.59042,1
483,7,1,8,1,310.9282356187368,310.92822,1
462,1,2,8,1,250.38765785084485,250.38766,1
454,21,2,8,1,367.4575222994569,367.45752,1
440,10,2,8,1,262.2130511407522,262.21304,1
495,11,1,8,1,156.18635239793605,156.18636,1
478,10,2,8,1,275.22064952568815,275.22064,1
479,1,1,8,1,177.6087144677362,177.60872,1
500,5,2,8,1,473.27985194590076,473.27985,1
497,13,1,8,1,306.11637950468406,306.1164,1
482,6,2,8,1,484.90849306149096,484.9085,1
472,8,2,8,1,103.09172984114002,103.09173,1
477,18,1,8,1,221.5202292406275,221.52023,1
491,9,1,8,1,286.34012499882476,286.34012,1
455,21,1,8,1,439.4653826226987,439.4654,1
440,26,2,8,1,370.8252531544817,370.82526,1
442,4,2,8,1,309.5798132157381,309.5798,1
496,25,2,8,1,394.7050432791758,394.70505,1
492,2,2,8,1,637.9420297556052,637.942,1
487,7,1,8,1,373.9974078794106,373.9974,1
450,4,2,8,1,324.1615060454982,324.1615,1
496,26,2,8,1,394.7050432791758,394.70505,1
467,4,1,8,1,364.4027488303799,364.40274,1
470,20,2,8,1,180.45419217236565,180.4542,1
480,1,2,8,1,285.113504239419,285.1135,1
490,16,2,8,1,446.39108785843587,446.39108,1
470,22,2,8,1,180.45419217236565,180.4542,1
451,4,1,8,1,406.0765198561046,406.0765,1
447,21,1,8,1,441.53060226799,441.5306,1
479,12,1,8,1,177.6087144677362,177.60872,1
464,3,2,8,1,306.6530132399053,306.653,1
450,7,2,8,1,324.1615060454982,324.1615,1
457,11,1,8,1,250.06591217426595,250.06592,1
474,5,2,8,1,108.96623603782805,108.96623,1
445,6,1,8,1,189.42445949135876,189.42445,1
441,7,1,8,1,251.4810460238377,251.48105,1
475,5,1,8,1,124.11214018063112,124.11214,1
454,3,2,8,1,258.1166263084765,258.11664,1
454,4,2,8,1,258.1166263084765,258.11664,1
473,2,1,8,1,225.62780064622487,225.6278,1
498,10,2,8,1,331.3286714974809,331.32867,1
495,12,1,8,1,156.18635239793605,156.18636,1
441,25,1,8,1,257.742943462411,257.74295,1
489,17,1,8,1,352.10096350970423,352.10095,1
458,12,2,8,1,247.59345798921964,247.59346,1
461,1,1,8,1,300.7788083607105,300.7788,1
455,26,1,8,1,439.4653826226987,439.4654,1
483,1,1,8,1,310.9282356187368,310.92822,1
479,8,1,8,1,177.6087144677362,177.60872,1
476,28,2,8,1,307.76106915409804,307.76108,1
472,19,2,8,1,163.00233711237544,163.00233,1
455,11,1,8,1,417.3268682392993,417.32687,1
490,18,2,8,1,600.5577874011648,600.5578,1
443,14,1,8,1,329.2147155966045,329.21472,1
470,9,2,8,1,283.5564066191559,283.5564,1
480,3,2,8,1,285.113504239419,285.1135,1
461,9,1,8,1,300.7788083607105,300.7788,1
496,19,2,8,1,394.7050432791758,394.70505,1
493,11,1,8,2,449.4035378677997,449.40353,2
449,22,1,8,1,332.0740418447034,332.07404,1
473,17,1,8,1,432.2532136453904,432.2532,1
453,28,1,8,1,189.24896348079105,189.24896,1
476,18,2,8,1,307.76106915409804,307.76108,1
455,3,1,8,1,417.3268682392993,417.32687,1
495,10,1,8,1,156.18635239793605,156.18636,1
458,24,2,8,1,296.5365799572613,296.5366,1
499,1,1,8,1,209.74575992674525,209.74576,1
444,8,2,8,1,284.2873960433227,284.28738,1
446,5,2,8,1,279.0580636827107,279.05807,1
493,1,1,8,2,449.4035378677997,449.40353,2
452,12,2,8,2,304.77753998198614,304.77753,2
468,7,2,8,1,373.93114419536056,373.93115,1
459,1,1,8,1,412.6723278383475,412.67233,1
455,22,1,8,1,439.4653826226987,439.4654,1
487,17,1,8,1,675.5968818378749,675.59686,1
472,10,2,8,1,103.09172984114002,103.09173,1
459,12,1,8,1,412.6723278383475,412.67233,1
458,17,2,8,1,296.5365799572613,296.5366,1
493,5,1,8,2,449.4035378677997,449.40353,2
486,20,2,8,1,513.36610653821,513.3661,1
452,9,2,8,2,304.77753998198614,304.77753,2
487,22,1,8,1,675.5968818378749,675.59686,1
484,10,2,8,1,163.67262096120496,163.67262,1
458,5,2,8,1,247.59345798921964,247.59346,1
488,6,2,8,1,478.4318022244057,478.4318,1
472,14,2,8,1,103.09172984114002,103.09173,1
443,4,1,8,1,329.2147155966045,329.21472,1
463,7,1,8,1,574.1212717403724,574.1213,1
492,6,2,8,1,637.9420297556052,637.942,1
469,10,1,8,1,236.628378012716,236.62837,1
486,10,2,8,1,267.61058225394174,267.6106,1
448,17,2,8,1,489.96062061054596,489.96063,1
453,12,1,8,1,137.3908073198214,137.39081,1
455,20,1,8,1,439.4653826226987,439.4654,1
500,6,2,8,1,473.27985194590076,473.27985,1
500,3,2,8,1,473.27985194590076,473.27985,1
476,6,2,8,1,192.6069650281598,192.60696,1
459,8,1,8,1,412.6723278383475,412.67233,1
473,8,1,8,1,225.62780064622487,225.6278,1
499,24,1,8,1,385.93871205371715,385.93872,1
499,12,1,8,1,209.74575992674525,209.74576,1
457,20,1,8,1,389.09586018514864,389.09586,1
499,5,1,8,1,209.74575992674525,209.74576,1
499,3,1,8,1,209.74575992674525,209.74576,1
485,5,1,8,1,167.73106159558714,167.73106,1
450,5,2,8,1,324.1615060454982,324.1615,1
498,9,2,8,1,331.3286714974809,331.32867,1
498,8,2,8,1,331.3286714974809,331.32867,1
486,3,2,8,1,267.61058225394174,267.6106,1
490,24,2,8,1,600.5577874011648,600.5578,1
492,3,2,8,1,637.9420297556052,637.942,1
440,2,2,8,1,262.2130511407522,262.21304,1
495,21,1,8,1,348.03693032609914,348.03693,1
495,19,1,8,1,348.03693032609914,348.03693,1
462,20,2,8,1,483.19874379102197,483.19873,1
444,4,2,8,1,284.2873960433227,284.28738,1
495,4,1,8,1,156.18635239793605,156.18636,1
487,11,1,8,1,373.9974078794106,373.9974,1
485,4,1,8,1,167.73106159558714,167.73106,1
447,24,1,8,1,441.53060226799,441.5306,1
494,10,2,8,1,187.19345631680886,187.19345,1
494,7,2,8,1,187.19345631680886,187.19345,1
474,3,2,8,1,108.96623603782805,108.96623,1
500,2,2,8,1,473.27985194590076,473.27985,1
491,10,1,8,1,286.34012499882476,286.34012,1
492,20,2,8,1,2413.932669266453,2413.9326,1
446,4,2,8,1,279.0580636827107,279.05807,1
458,7,2,8,1,247.59345798921964,247.59346,1
483,8,1,8,1,310.9282356187368,310.92822,1
460,25,2,8,1,348.32844023469266,348.32843,1
492,5,2,8,1,637.9420297556052,637.942,1
492,1,2,8,1,637.9420297556052,637.942,1
491,11,1,8,1,286.34012499882476,286.34012,1
491,28,1,8,1,1279.8984587711334,1279.8984,1
491,1,1,8,1,286.34012499882476,286.34012,1
442,22,2,8,1,414.0609909563955,414.061,1
475,4,1,8,1,124.11214018063112,124.11214,1
490,6,2,8,1,446.39108785843587,446.39108,1
477,8,1,8,1,116.30150125806595,116.3015,1
489,6,1,8,1,256.56049953970904,256.5605,1
456,7,2,8,1,321.1991072021108,321.1991,1
457,3,1,8,1,250.06591217426595,250.06592,1
498,17,2,8,1,481.932613087245,481.93262,1
478,11,2,8,1,275.22064952568815,275.22064,1
469,25,1,8,1,367.3861376826796,367.38614,1
465,6,1,8,1,878.1010125024798,878.101,1
487,12,1,8,1,373.9974078794106,373.9974,1
487,10,1,8,1,373.9974078794106,373.9974,1
482,19,2,8,1,514.6973148486283,514.6973,1
478,15,2,8,1,275.22064952568815,275.22064,1
483,11,1,8,1,310.9282356187368,310.92822,1
463,6,1,8,1,574.1212717403724,574.1213,1
458,23,2,8,1,296.5365799572613,296.5366,1
446,19,2,8,1,330.18595377284197,330.18594,1
469,18,1,8,1,367.3861376826796,367.38614,1
477,3,1,8,1,116.30150125806595,116.3015,1
481,8,1,8,1,308.5904293358891,308.59042,1
468,9,2,8,1,373.93114419536056,373.93115,1
488,9,2,8,1,478.4318022244057,478.4318,1
447,6,1,8,1,558.4969439331019,558.49695,1
484,2,2,8,1,163.67262096120496,163.67262,1
476,7,2,8,1,192.6069650281598,192.60696,1
489,4,1,8,1,256.56049953970904,256.5605,1
456,4,2,8,1,321.1991072021108,321.1991,1
445,8,1,8,1,189.42445949135876,189.42445,1
464,24,2,8,1,444.38243452136857,444.38245,1
482,3,2,8,1,484.90849306149096,484.9085,1
491,4,1,8,1,286.34012499882476,286.34012,1
479,20,1,8,1,243.77231372286616,243.77231,1
481,22,1,8,1,308.5904293358891,308.59042,1
446,20,2,8,1,330.18595377284197,330.18594,1
481,19,1,8,1,308.5904293358891,308.59042,1
466,9,2,8,1,363.79854455691384,363.79855,1
467,18,1,8,1,1291.398053845495,1291.3981,1
451,16,1,8,1,406.0765198561046,406.0765,1
489,10,1,8,1,256.56049953970904,256.5605,1
480,16,2,8,1,285.113504239419,285.1135,1
480,10,2,8,1,285.113504239419,285.1135,1
500,8,2,8,1,473.27985194590076,473.27985,1
472,6,2,8,1,103.09172984114002,103.09173,1
442,2,2,8,1,309.5798132157381,309.5798,1
464,23,2,8,1,444.38243452136857,444.38245,1
452,7,2,8,2,304.77753998198614,304.77753,2
451,17,1,8,1,1086.9037716379505,1086.9038,1
479,11,1,8,1,177.6087144677362,177.60872,1
475,12,1,8,1,124.11214018063112,124.11214,1
479,2,1,8,1,177.6087144677362,177.60872,1
440,3,2,8,1,262.2130511407522,262.21304,1
478,17,2,8,1,400.23863347667674,400.23865,1
452,11,2,8,2,304.77753998198614,304.77753,2
456,5,2,8,1,321.1991072021108,321.1991,1
445,18,1,8,1,319.0402058230625,319.0402,1
478,5,2,8,1,275.22064952568815,275.22064,1
491,6,1,8,1,286.34012499882476,286.34012,1
478,2,2,8,1,275.22064952568815,275.22064,1
447,26,1,8,1,441.53060226799,441.5306,1
482,21,2,8,1,514.6973148486283,514.6973,1
461,18,1,8,1,379.8732715490464,379.87326,1
484,19,2,8,1,241.2757014731623,241.2757,1
485,7,1,8,1,167.73106159558714,167.73106,1
476,21,2,8,1,307.76106915409804,307.76108,1
464,22,2,8,1,444.38243452136857,444.38245,1
451,5,1,8,1,406.0765198561046,406.0765,1
446,8,2,8,1,279.0580636827107,279.05807,1
475,10,1,8,1,124.11214018063112,124.11214,1
460,6,2,8,1,276.5324402494117,276.53244,1
474,25,2,8,1,196.76989924438828,196.7699,1
493,7,1,8,2,449.4035378677997,449.40353,2
477,22,1,8,1,221.5202292406275,221.52023,1
474,16,2,8,1,108.96623603782805,108.96623,1
452,3,2,8,2,304.77753998198614,304.77753,2
460,18,2,8,1,348.32844023469266,348.32843,1
454,26,2,8,1,367.4575222994569,367.45752,1
491,2,1,8,1,286.34012499882476,286.34012,1
473,11,1,8,1,225.62780064622487,225.6278,1
493,3,1,8,2,449.4035378677997,449.40353,2
474,4,2,8,1,108.96623603782805,108.96623,1
471,22,1,8,1,267.0783798000539,267.07837,1
471,11,1,8,1,220.39264870633704,220.39265,1
471,5,1,8,1,220.39264870633704,220.39265,1
467,6,1,8,1,364.4027488303799,364.40274,1
471,1,1,8,1,220.39264870633704,220.39265,1
494,17,2,8,1,695.2328373974183,695.23285,1
486,18,2,8,1,513.36610653821,513.3661,1
469,6,1,8,1,236.628378012716,236.62837,1
474,12,2,8,1,108.96623603782805,108.96623,1
462,8,2,8,1,250.38765785084485,250.38766,1
466,4,2,8,1,363.79854455691384,363.79855,1
468,27,2,8,1,366.117855900333,366.11786,1
482,13,2,8,1,484.90849306149096,484.9085,1
468,17,2,8,1,366.117855900333,366.11786,1
468,12,2,8,1,373.93114419536056,373.93115,1
469,2,1,8,1,236.628378012716,236.62837,1
468,8,2,8,1,373.93114419536056,373.93115,1
455,5,1,8,1,417.3268682392993,417.32687,1
460,5,2,8,1,276.5324402494117,276.53244,1
453,7,1,8,1,137.3908073198214,137.39081,1
465,7,1,8,1,878.1010125024798,878.101,1
467,8,1,8,1,364.4027488303799,364.40274,1
474,9,2,8,1,108.96623603782805,108.96623,1
466,18,2,8,1,1357.152246145973,1357.1522,1
498,18,2,8,1,481.932613087245,481.93262,1
493,9,1,8,2,449.4035378677997,449.40353,2
466,7,2,8,1,363.79854455691384,363.79855,1
486,6,2,8,1,267.61058225394174,267.6106,1
499,9,1,8,1,209.74575992674525,209.74576,1
474,8,2,8,1,108.96623603782805,108.96623,1
458,11,2,8,1,247.59345798921964,247.59346,1
465,10,1,8,1,878.1010125024798,878.101,1
465,9,1,8,1,878.1010125024798,878.101,1
498,11,2,8,1,331.3286714974809,331.32867,1
493,8,1,8,2,449.4035378677997,449.40353,2
445,11,1,8,1,189.42445949135876,189.42445,1
464,11,2,8,1,306.6530132399053,306.653,1
443,10,1,8,1,329.2147155966045,329.21472,1
479,3,1,8,1,177.6087144677362,177.60872,1
491,5,1,8,1,286.34012499882476,286.34012,1
483,10,1,8,1,310.9282356187368,310.92822,1
480,2,2,8,1,285.113504239419,285.1135,1
478,18,2,8,1,400.23863347667674,400.23865,1
462,23,2,8,1,483.19874379102197,483.19873,1
490,9,2,8,1,446.39108785843587,446.39108,1
462,18,2,8,1,483.19874379102197,483.19873,1
462,11,2,8,1,250.38765785084485,250.38766,1
462,9,2,8,1,250.38765785084485,250.38766,1
464,9,2,8,1,306.6530132399053,306.653,1
447,10,1,8,1,558.4969439331019,558.49695,1
461,22,1,8,1,379.8732715490464,379.87326,1
461,21,1,8,1,379.8732715490464,379.87326,1
461,12,1,8,1,300.7788083607105,300.7788,1
481,12,1,8,1,308.5904293358891,308.59042,1
460,20,2,8,1,348.32844023469266,348.32843,1
489,21,1,8,1,352.10096350970423,352.10095,1
484,7,2,8,1,163.67262096120496,163.67262,1
451,15,1,8,1,406.0765198561046,406.0765,1
460,3,2,8,1,276.5324402494117,276.53244,1
459,28,1,8,1,1369.4346841041497,1369.4347,1
459,11,1,8,1,412.6723278383475,412.67233,1
481,4,1,8,1,308.5904293358891,308.59042,1
480,8,2,8,1,285.113504239419,285.1135,1
458,22,2,8,1,296.5365799572613,296.5366,1
458,6,2,8,1,247.59345798921964,247.59346,1
450,1,2,8,1,324.1615060454982,324.1615,1
490,7,2,8,1,446.39108785843587,446.39108,1
483,4,1,8,1,310.9282356187368,310.92822,1
499,4,1,8,1,209.74575992674525,209.74576,1
443,28,1,8,1,446.9525322109823,446.95255,1
466,1,2,8,1,363.79854455691384,363.79855,1
488,20,2,8,1,1226.7651147261258,1226.7651,1
483,5,1,8,1,310.9282356187368,310.92822,1
486,7,2,8,1,267.61058225394174,267.6106,1
456,3,2,8,1,321.1991072021108,321.1991,1
455,24,1,8,1,439.4653826226987,439.4654,1
489,28,1,8,1,352.10096350970423,352.10095,1
449,5,1,8,1,377.1636095311031,377.1636,1
499,7,1,8,1,209.74575992674525,209.74576,1
457,6,1,8,1,250.06591217426595,250.06592,1
451,12,1,8,1,406.0765198561046,406.0765,1
454,1,2,8,1,258.1166263084765,258.11664,1
453,16,1,8,1,137.3908073198214,137.39081,1
458,3,2,8,1,247.59345798921964,247.59346,1
484,3,2,8,1,163.67262096120496,163.67262,1
492,11,2,8,1,637.9420297556052,637.942,1
467,1,1,8,1,364.4027488303799,364.40274,1
492,10,2,8,1,637.9420297556052,637.942,1
469,12,1,8,1,236.628378012716,236.62837,1
451,1,1,8,1,406.0765198561046,406.0765,1
450,8,2,8,1,324.1615060454982,324.1615,1
465,11,1,8,1,878.1010125024798,878.101,1
442,25,2,8,1,414.0609909563955,414.061,1
449,25,1,8,1,332.0740418447034,332.07404,1
444,6,2,8,1,284.2873960433227,284.28738,1
443,6,1,8,1,329.2147155966045,329.21472,1
478,14,2,8,1,275.22064952568815,275.22064,1
469,1,1,8,1,236.628378012716,236.62837,1
448,12,2,8,1,211.78346940897154,211.78346,1
460,11,2,8,1,276.5324402494117,276.53244,1
455,8,1,8,1,417.3268682392993,417.32687,1
488,2,2,8,1,478.4318022244057,478.4318,1
467,2,1,8,1,364.4027488303799,364.40274,1
447,19,1,8,1,441.53060226799,441.5306,1
441,17,1,8,1,257.742943462411,257.74295,1
446,27,2,8,1,330.18595377284197,330.18594,1
471,12,1,8,1,220.39264870633704,220.39265,1
493,6,1,8,2,449.4035378677997,449.40353,2
476,8,2,8,1,192.6069650281598,192.60696,1
445,22,1,8,1,319.0402058230625,319.0402,1
487,19,1,8,1,675.5968818378749,675.59686,1
445,14,1,8,1,189.42445949135876,189.42445,1
464,14,2,8,1,306.6530132399053,306.653,1
444,16,2,8,1,284.2873960433227,284.28738,1
444,12,2,8,1,284.2873960433227,284.28738,1
497,4,1,8,1,306.11637950468406,306.1164,1
444,5,2,8,1,284.2873960433227,284.28738,1
499,28,1,8,1,385.93871205371715,385.93872,1
443,21,1,8,1,446.9525322109823,446.95255,1
443,20,1,8,1,446.9525322109823,446.95255,1
461,14,1,8,1,300.7788083607105,300.7788,1
484,20,2,8,1,241.2757014731623,241.2757,1
443,8,1,8,1,329.2147155966045,329.21472,1
492,9,2,8,1,637.9420297556052,637.942,1
462,12,2,8,1,250.38765785084485,250.38766,1
481,6,1,8,1,308.5904293358891,308.59042,1
480,17,2,8,1,414.63606386974436,414.63608,1
442,3,2,8,1,309.5798132157381,309.5798,1
470,26,2,8,1,180.45419217236565,180.4542,1
441,24,1,8,1,257.742943462411,257.74295,1
441,20,1,8,1,257.742943462411,257.74295,1
441,8,1,8,1,251.4810460238377,251.48105,1
489,9,1,8,1,256.56049953970904,256.5605,1
440,9,2,8,1,262.2130511407522,262.21304,1
450,11,2,8,1,324.1615060454982,324.1615,1
440,1,2,8,1,262.2130511407522,262.21304,1
465,8,1,8,1,878.1010125024798,878.101,1
496,28,2,8,1,394.7050432791758,394.70505,1
455,1,1,8,1,417.3268682392993,417.32687,1
447,14,1,8,1,558.4969439331019,558.49695,1
455,4,1,8,1,417.3268682392993,417.32687,1
469,14,1,8,1,236.628378012716,236.62837,1
485,19,1,8,1,655.0107347332066,655.01074,1
467,10,1,8,1,364.4027488303799,364.40274,1
459,7,1,8,1,412.6723278383475,412.67233,1
476,1,2,8,1,192.6069650281598,192.60696,1
454,17,2,8,1,367.4575222994569,367.45752,1
446,7,2,8,1,279.0580636827107,279.05807,1
450,2,2,8,1,324.1615060454982,324.1615,1
484,17,2,8,1,241.2757014731623,241.2757,1
496,10,2,8,1,317.9298342749446,317.92984,1
482,1,2,8,1,484.90849306149096,484.9085,1
496,9,2,8,1,317.9298342749446,317.92984,1
500,18,2,8,1,750.6876574555886,750.6877,1
494,2,2,8,1,187.19345631680886,187.19345,1
456,2,2,8,1,321.1991072021108,321.1991,1
489,5,1,8,1,256.56049953970904,256.5605,1
462,4,2,8,1,250.38765785084485,250.38766,1
485,11,1,8,1,167.73106159558714,167.73106,1
482,20,2,8,1,514.6973148486283,514.6973,1
463,8,1,8,1,574.1212717403724,574.1213,1
442,5,2,8,1,309.5798132157381,309.5798,1
460,9,2,8,1,276.5324402494117,276.53244,1
486,2,2,8,1,267.61058225394174,267.6106,1
452,4,2,8,2,304.77753998198614,304.77753,2
475,17,1,8,1,183.10097882412822,183.10098,1
464,6,2,8,1,306.6530132399053,306.653,1
499,8,1,8,1,209.74575992674525,209.74576,1
468,21,2,8,1,366.117855900333,366.11786,1
485,8,1,8,1,167.73106159558714,167.73106,1
490,20,2,8,1,600.5577874011648,600.5578,1
442,24,2,8,1,414.0609909563955,414.061,1
446,2,2,8,1,279.0580636827107,279.05807,1
486,8,2,8,1,267.61058225394174,267.6106,1
452,17,2,8,2,1023.8204216889433,1023.82043,2
482,10,2,8,1,484.90849306149096,484.9085,1
468,19,2,8,1,366.117855900333,366.11786,1
497,10,1,8,1,306.11637950468406,306.1164,1
453,26,1,8,1,189.24896348079105,189.24896,1
452,6,2,8,2,304.77753998198614,304.77753,2
458,4,2,8,1,247.59345798921964,247.59346,1
459,6,1,8,1,412.6723278383475,412.67233,1
470,27,2,8,1,180.45419217236565,180.4542,1
498,12,2,8,1,331.3286714974809,331.32867,1
486,9,2,8,1,267.61058225394174,267.6106,1
462,2,2,8,1,250.38765785084485,250.38766,1
440,20,2,8,1,370.8252531544817,370.82526,1
463,23,1,8,1,834.0610913247492,834.0611,1
484,18,2,8,1,241.2757014731623,241.2757,1
447,11,1,8,1,558.4969439331019,558.49695,1
456,12,2,8,1,321.1991072021108,321.1991,1
485,10,1,8,1,167.73106159558714,167.73106,1
440,17,2,8,1,370.8252531544817,370.82526,1
482,17,2,8,1,514.6973148486283,514.6973,1
474,13,2,8,1,108.96623603782805,108.96623,1
474,27,2,8,1,196.76989924438828,196.7699,1
494,9,2,8,1,187.19345631680886,187.19345,1
440,7,2,8,1,262.2130511407522,262.21304,1
479,18,1,8,1,243.77231372286616,243.77231,1
483,14,1,8,1,310.9282356187368,310.92822,1
475,20,1,8,1,183.10097882412822,183.10098,1
488,5,2,8,1,478.4318022244057,478.4318,1
446,3,2,8,1,279.0580636827107,279.05807,1
442,11,2,8,1,309.5798132157381,309.5798,1
463,17,1,8,1,834.0610913247492,834.0611,1
490,2,2,8,1,446.39108785843587,446.39108,1
489,25,1,8,1,352.10096350970423,352.10095,1
478,12,2,8,1,275.22064952568815,275.22064,1
456,9,2,8,1,321.1991072021108,321.1991,1
485,1,1,8,1,167.73106159558714,167.73106,1
477,12,1,8,1,116.30150125806595,116.3015,1
441,21,1,8,1,257.742943462411,257.74295,1
489,1,1,8,1,256.56049953970904,256.5605,1
441,19,1,8,1,257.742943462411,257.74295,1
488,8,2,8,1,478.4318022244057,478.4318,1
496,6,2,8,1,317.9298342749446,317.92984,1
469,20,1,8,1,367.3861376826796,367.38614,1
470,3,2,8,1,283.5564066191559,283.5564,1
446,11,2,8,1,279.0580636827107,279.05807,1
450,3,2,8,1,324.1615060454982,324.1615,1
473,3,1,8,1,225.62780064622487,225.6278,1
459,2,1,8,1,412.6723278383475,412.67233,1
457,1,1,8,1,250.06591217426595,250.06592,1
478,21,2,8,1,400.23863347667674,400.23865,1
440,22,2,8,1,370.8252531544817,370.82526,1
468,24,2,8,1,366.117855900333,366.11786,1
494,16,2,8,1,187.19345631680886,187.19345,1
494,4,2,8,1,187.19345631680886,187.19345,1
465,13,1,8,1,878.1010125024798,878.101,1
470,10,2,8,1,283.5564066191559,283.5564,1
445,12,1,8,1,189.42445949135876,189.42445,1
449,13,1,8,1,377.1636095311031,377.1636,1
453,1,1,8,1,137.3908073198214,137.39081,1
481,13,1,8,1,308.5904293358891,308.59042,1
468,22,2,8,1,366.117855900333,366.11786,1
446,21,2,8,1,330.18595377284197,330.18594,1
491,7,1,8,1,286.34012499882476,286.34012,1
495,1,1,8,1,156.18635239793605,156.18636,1
453,25,1,8,1,189.24896348079105,189.24896,1
443,24,1,8,1,446.9525322109823,446.95255,1
485,9,1,8,1,167.73106159558714,167.73106,1
487,23,1,8,1,675.5968818378749,675.59686,1
454,5,2,8,1,258.1166263084765,258.11664,1
457,10,1,8,1,250.06591217426595,250.06592,1
457,21,1,8,1,389.09586018514864,389.09586,1
471,19,1,8,1,267.0783798000539,267.07837,1
457,4,1,8,1,250.06591217426595,250.06592,1
447,20,1,8,1,441.53060226799,441.5306,1
448,9,2,8,1,211.78346940897154,211.78346,1
477,21,1,8,1,221.5202292406275,221.52023,1
471,26,1,8,1,267.0783798000539,267.07837,1
463,21,1,8,1,834.0610913247492,834.0611,1
483,9,1,8,1,310.9282356187368,310.92822,1
496,21,2,8,1,394.7050432791758,394.70505,1
480,7,2,8,1,285.113504239419,285.1135,1
441,2,1,8,1,251.4810460238377,251.48105,1
488,4,2,8,1,478.4318022244057,478.4318,1
457,2,1,8,1,250.06591217426595,250.06592,1
441,3,1,8,1,251.4810460238377,251.48105,1
483,16,1,8,1,310.9282356187368,310.92822,1
459,3,1,8,1,412.6723278383475,412.67233,1
494,15,2,8,1,187.19345631680886,187.19345,1
473,10,1,8,1,225.62780064622487,225.6278,1
444,22,2,8,1,445.0691826291822,445.06918,1
498,23,2,8,1,481.932613087245,481.93262,1
477,7,1,8,1,116.30150125806595,116.3015,1
461,8,1,8,1,300.7788083607105,300.7788,1
453,3,1,8,1,137.3908073198214,137.39081,1
499,27,1,8,1,385.93871205371715,385.93872,1
450,13,2,8,1,324.1615060454982,324.1615,1
480,25,2,8,1,414.63606386974436,414.63608,1
487,5,1,8,1,373.9974078794106,373.9974,1
456,10,2,8,1,321.1991072021108,321.1991,1
492,7,2,8,1,637.9420297556052,637.942,1
460,19,2,8,1,348.32844023469266,348.32843,1
467,11,1,8,1,364.4027488303799,364.40274,1
467,12,1,8,1,364.4027488303799,364.40274,1
443,5,1,8,1,329.2147155966045,329.21472,1
485,6,1,8,1,167.73106159558714,167.73106,1
473,5,1,8,1,225.62780064622487,225.6278,1
466,11,2,8,1,363.79854455691384,363.79855,1
493,12,1,8,2,449.4035378677997,449.40353,2
480,20,2,8,1,414.63606386974436,414.63608,1
497,2,1,8,1,306.11637950468406,306.1164,1
466,6,2,8,1,363.79854455691384,363.79855,1
