vague,grappe,menage,poids,poids_nonlisse
1,421,13,342.08877344227574,574.919978518508
1,438,6,191.11509313265915,138.98139046522127
1,429,2,183.2269260166386,118.12847373832186
1,438,10,191.11509313265915,138.98139046522127
2,426,8,172.56440818390323,187.76795070793463
2,424,5,142.25474790738497,99.88926880431514
1,440,11,150.38975787549214,136.3951479275102
2,428,7,144.8935002726423,99.23841797109958
2,437,11,159.33428136062628,190.83549720415806
2,437,13,159.33428136062628,190.83549720415806
1,438,1,191.11509313265915,138.98139046522127
2,426,13,172.56440818390323,187.76795070793463
1,440,14,187.47517486739832,211.9580598793509
1,440,7,187.47517486739832,211.9580598793509
1,442,1,120.69870355506319,103.8062459496555
1,429,13,624.7205271987755,1373.2435072079918
2,424,1,142.25474790738497,99.88926880431514
2,441,1,83.289120443428,62.93466801768439
2,422,5,139.31949657039615,113.34601852120211
2,443,6,131.98619569633118,118.00336052669091
1,427,6,236.28498718057622,239.18819058594926
2,439,3,152.26129925986848,132.95218184703918
2,437,12,118.0161725063758,104.6944741606145
1,438,8,191.11509313265915,138.98139046522127
1,442,9,120.69870355506319,103.8062459496555
1,427,7,236.28498718057622,239.18819058594926
2,424,9,142.25474790738497,99.88926880431514
2,422,12,139.31949657039615,113.34601852120211
2,441,5,83.289120443428,62.93466801768439
2,441,2,83.289120443428,62.93466801768439
1,440,10,150.38975787549214,136.3951479275102
1,440,8,150.38975787549214,136.3951479275102
2,443,10,131.98619569633118,118.00336052669091
1,427,2,236.28498718057622,239.18819058594926
2,439,14,211.4498569084046,256.40777927643273
1,421,4,139.17474736176908,95.1591688582358
1,425,14,440.13271477139523,637.4948373117143
2,424,12,142.25474790738497,99.88926880431514
2,441,8,83.289120443428,62.93466801768439
1,423,7,124.8736570739666,107.59003169778697
1,423,11,124.8736570739666,107.59003169778697
1,442,3,120.69870355506319,103.8062459496555
1,421,12,139.17474736176908,95.1591688582358
1,427,1,236.28498718057622,239.18819058594926
2,441,3,83.289120443428,62.93466801768439
2,437,14,159.33428136062628,190.83549720415806
1,429,6,183.2269260166386,118.12847373832186
1,421,8,139.17474736176908,95.1591688582358
1,425,12,218.70370430008123,157.4061326695591
2,426,14,172.56440818390323,187.76795070793463
2,443,3,131.98619569633118,118.00336052669091
2,441,12,83.289120443428,62.93466801768439
1,427,12,236.28498718057622,239.18819058594926
1,429,3,183.2269260166386,118.12847373832186
2,424,3,432.4169965580323,922.9768437518718
1,440,4,150.38975787549214,136.3951479275102
2,422,11,139.31949657039615,113.34601852120211
1,425,3,440.13271477139523,637.4948373117143
1,442,8,120.69870355506319,103.8062459496555
1,423,8,169.27175797962104,197.69668324468358
1,423,4,124.8736570739666,107.59003169778697
2,422,2,139.31949657039615,113.34601852120211
2,424,10,142.25474790738497,99.88926880431514
1,423,2,124.8736570739666,107.59003169778697
2,437,2,118.0161725063758,104.6944741606145
2,437,9,118.0161725063758,104.6944741606145
1,423,5,124.8736570739666,107.59003169778697
2,441,7,83.289120443428,62.93466801768439
1,438,14,431.8212925834985,709.536572375077
1,429,4,183.2269260166386,118.12847373832186
2,426,6,150.70632423683668,143.21284376028913
2,424,7,142.25474790738497,99.88926880431514
2,426,10,150.70632423683668,143.21284376028913
2,428,10,144.8935002726423,99.23841797109958
1,427,3,236.28498718057622,239.18819058594926
2,443,5,131.98619569633118,118.00336052669091
1,425,1,218.70370430008123,157.4061326695591
1,425,6,218.70370430008123,157.4061326695591
2,439,5,152.26129925986848,132.95218184703918
2,437,15,159.33428136062628,190.83549720415806
2,443,13,175.6670603298178,209.03452436156678
2,439,13,211.4498569084046,256.40777927643273
1,438,3,191.11509313265915,138.98139046522127
1,442,13,172.0431221831773,210.90792827866517
2,443,7,131.98619569633118,118.00336052669091
1,438,7,191.11509313265915,138.98139046522127
1,429,10,183.2269260166386,118.12847373832186
2,441,4,83.289120443428,62.93466801768439
2,437,3,118.0161725063758,104.6944741606145
2,424,11,142.25474790738497,99.88926880431514
1,438,12,191.11509313265915,138.98139046522127
1,438,11,191.11509313265915,138.98139046522127
1,429,5,183.2269260166386,118.12847373832186
2,437,6,118.0161725063758,104.6944741606145
1,423,3,169.27175797962104,197.69668324468358
2,428,12,144.8935002726423,99.23841797109958
2,439,11,211.4498569084046,256.40777927643273
2,428,9,144.8935002726423,99.23841797109958
1,421,9,139.17474736176908,95.1591688582358
2,424,4,142.25474790738497,99.88926880431514
2,428,8,144.8935002726423,99.23841797109958
2,428,1,144.8935002726423,99.23841797109958
2,441,6,177.83394646801153,286.90804537473764
2,428,13,456.1474547468987,983.5411523670365
1,429,11,183.2269260166386,118.12847373832186
1,427,4,236.28498718057622,239.18819058594926
1,440,13,187.47517486739832,211.9580598793509
1,427,5,236.28498718057622,239.18819058594926
2,437,5,118.0161725063758,104.6944741606145
2,441,9,83.289120443428,62.93466801768439
2,441,13,177.83394646801153,286.90804537473764
2,426,11,150.70632423683668,143.21284376028913
1,425,10,218.70370430008123,157.4061326695591
2,426,3,150.70632423683668,143.21284376028913
2,426,9,150.70632423683668,143.21284376028913
1,442,6,120.69870355506319,103.8062459496555
2,428,2,144.8935002726423,99.23841797109958
2,426,2,150.70632423683668,143.21284376028913
1,442,7,120.69870355506319,103.8062459496555
1,425,11,218.70370430008123,157.4061326695591
1,429,9,183.2269260166386,118.12847373832186
2,439,12,152.26129925986848,132.95218184703918
1,429,8,183.2269260166386,118.12847373832186
1,423,12,124.8736570739666,107.59003169778697
1,425,9,218.70370430008123,157.4061326695591
2,443,15,175.6670603298178,209.03452436156678
1,425,7,218.70370430008123,157.4061326695591
1,440,15,187.47517486739832,211.9580598793509
2,428,4,144.8935002726423,99.23841797109958
1,421,1,139.17474736176908,95.1591688582358
1,429,7,183.2269260166386,118.12847373832186
2,422,13,234.10357963720128,320.0358170010412
1,438,2,191.11509313265915,138.98139046522127
1,423,6,169.27175797962104,197.69668324468358
2,426,1,172.56440818390323,187.76795070793463
1,442,16,172.0431221831773,210.90792827866517
2,422,4,139.31949657039615,113.34601852120211
1,425,13,440.13271477139523,637.4948373117143
2,437,8,118.0161725063758,104.6944741606145
1,442,11,120.69870355506319,103.8062459496555
2,426,7,150.70632423683668,143.21284376028913
2,428,3,144.8935002726423,99.23841797109958
2,424,8,142.25474790738497,99.88926880431514
2,428,6,144.8935002726423,99.23841797109958
2,443,1,131.98619569633118,118.00336052669091
2,439,8,152.26129925986848,132.95218184703918
2,426,4,172.56440818390323,187.76795070793463
1,421,5,139.17474736176908,95.1591688582358
1,440,12,150.38975787549214,136.3951479275102
2,424,2,142.25474790738497,99.88926880431514
1,440,3,150.38975787549214,136.3951479275102
1,438,13,431.8212925834985,709.536572375077
2,443,14,175.6670603298178,209.03452436156678
2,443,16,175.6670603298178,209.03452436156678
1,423,10,124.8736570739666,107.59003169778697
2,422,14,234.10357963720128,320.0358170010412
1,423,14,169.27175797962104,197.69668324468358
1,442,15,172.0431221831773,210.90792827866517
2,422,15,234.10357963720128,320.0358170010412
1,425,4,218.70370430008123,157.4061326695591
2,422,10,139.31949657039615,113.34601852120211
1,440,9,187.47517486739832,211.9580598793509
2,422,9,139.31949657039615,113.34601852120211
2,422,6,139.31949657039615,113.34601852120211
2,439,1,211.4498569084046,256.40777927643273
2,439,10,152.26129925986848,132.95218184703918
1,442,5,120.69870355506319,103.8062459496555
2,439,4,152.26129925986848,132.95218184703918
1,425,8,218.70370430008123,157.4061326695591
2,441,10,83.289120443428,62.93466801768439
1,427,11,236.28498718057622,239.18819058594926
2,424,6,142.25474790738497,99.88926880431514
1,423,13,169.27175797962104,197.69668324468358
1,421,7,139.17474736176908,95.1591688582358
1,421,11,139.17474736176908,95.1591688582358
1,421,3,139.17474736176908,95.1591688582358
1,427,9,236.28498718057622,239.18819058594926
2,443,12,131.98619569633118,118.00336052669091
1,427,8,236.28498718057622,239.18819058594926
1,427,10,236.28498718057622,239.18819058594926
1,429,1,183.2269260166386,118.12847373832186
1,442,14,172.0431221831773,210.90792827866517
1,421,2,139.17474736176908,95.1591688582358
2,428,11,144.8935002726423,99.23841797109958
2,439,2,152.26129925986848,132.95218184703918
2,422,3,139.31949657039615,113.34601852120211
2,443,9,131.98619569633118,118.00336052669091
2,437,1,118.0161725063758,104.6944741606145
1,438,4,191.11509313265915,138.98139046522127
2,439,7,152.26129925986848,132.95218184703918
1,440,6,150.38975787549214,136.3951479275102
1,421,6,342.08877344227574,574.919978518508
1,449,2,279.11692846377065,291.31342259638836
2,448,12,168.3632579149463,117.00116511957435
2,431,4,227.11936201839902,237.04373307502888
1,445,8,264.33588254447415,275.8864934595425
1,453,2,321.59124366477926,335.6437260349692
2,454,8,357.5743574783433,373.19918387981767
2,433,9,232.09491505230721,242.23670145424987
1,436,2,259.7783673281901,271.12982977920564
1,447,3,139.96807263037178,97.01858682285301
2,456,5,255.74514207732875,186.72243564757164
2,450,6,284.22115007225165,296.64068194479455
2,448,10,168.3632579149463,117.00116511957435
1,430,3,230.84640130812934,153.4286112042566
2,446,9,202.16273884354922,157.10645738123506
2,444,7,214.9075584260482,224.29831372643375
2,433,4,232.09491505230721,242.23670145424987
1,430,10,230.84640130812934,153.4286112042566
2,446,7,202.16273884354922,157.10645738123506
1,445,1,264.33588254447415,275.8864934595425
1,455,7,231.19870065644437,172.09950915865355
1,455,11,231.19870065644437,172.09950915865355
1,434,12,261.3043381572508,272.722480527559
1,434,4,261.3043381572508,272.722480527559
2,446,14,433.28412852457234,721.6678733365676
2,433,3,232.09491505230721,242.23670145424987
1,453,3,321.59124366477926,335.6437260349692
2,431,8,227.11936201839902,237.04373307502888
1,432,5,228.96063806661516,154.03029203250858
1,453,8,321.59124366477926,335.6437260349692
1,445,6,264.33588254447415,275.8864934595425
1,451,4,214.9058805292195,163.54551332281684
1,436,1,259.7783673281901,271.12982977920564
1,430,5,230.84640130812934,153.4286112042566
1,434,5,261.3043381572508,272.722480527559
2,433,8,232.09491505230721,242.23670145424987
1,451,11,214.9058805292195,163.54551332281684
1,434,9,261.3043381572508,272.722480527559
1,453,7,321.59124366477926,335.6437260349692
1,430,11,230.84640130812934,153.4286112042566
2,454,10,357.5743574783433,373.19918387981767
1,453,6,321.59124366477926,335.6437260349692
2,456,12,255.74514207732875,186.72243564757164
2,431,3,227.11936201839902,237.04373307502888
2,431,9,227.11936201839902,237.04373307502888
1,455,12,231.19870065644437,172.09950915865355
1,432,3,228.96063806661516,154.03029203250858
2,450,8,284.22115007225165,296.64068194479455
2,435,3,243.69881639152342,173.6195347079679
2,444,5,214.9075584260482,224.29831372643375
2,446,12,202.16273884354922,157.10645738123506
1,445,12,264.33588254447415,275.8864934595425
1,434,1,261.3043381572508,272.722480527559
2,435,10,243.69881639152342,173.6195347079679
1,451,12,214.9058805292195,163.54551332281684
1,445,10,264.33588254447415,275.8864934595425
1,434,8,261.3043381572508,272.722480527559
2,452,3,238.33484391600862,248.7492947392494
1,436,6,259.7783673281901,271.12982977920564
2,454,1,357.5743574783433,373.19918387981767
2,435,5,243.69881639152342,173.6195347079679
2,433,12,232.09491505230721,242.23670145424987
1,447,4,139.96807263037178,97.01858682285301
2,448,6,168.3632579149463,117.00116511957435
2,435,2,243.69881639152342,173.6195347079679
1,451,8,214.9058805292195,163.54551332281684
2,452,7,238.33484391600862,248.7492947392494
1,434,11,261.3043381572508,272.722480527559
2,456,8,255.74514207732875,186.72243564757164
2,444,1,214.9075584260482,224.29831372643375
2,431,7,227.11936201839902,237.04373307502888
1,445,11,264.33588254447415,275.8864934595425
2,450,11,284.22115007225165,296.64068194479455
1,447,9,139.96807263037178,97.01858682285301
2,446,4,202.16273884354922,157.10645738123506
1,432,10,768.8101387294209,1736.6915426665348
1,445,7,264.33588254447415,275.8864934595425
1,449,10,279.11692846377065,291.31342259638836
1,436,11,259.7783673281901,271.12982977920564
2,446,5,202.16273884354922,157.10645738123506
1,430,8,230.84640130812934,153.4286112042566
2,456,10,255.74514207732875,186.72243564757164
2,444,8,214.9075584260482,224.29831372643375
2,450,2,284.22115007225165,296.64068194479455
1,449,1,279.11692846377065,291.31342259638836
2,448,9,168.3632579149463,117.00116511957435
2,452,11,238.33484391600862,248.7492947392494
1,432,7,228.96063806661516,154.03029203250858
1,434,3,261.3043381572508,272.722480527559
2,433,1,232.09491505230721,242.23670145424987
1,436,4,259.7783673281901,271.12982977920564
2,433,11,232.09491505230721,242.23670145424987
2,444,9,214.9075584260482,224.29831372643375
2,431,10,227.11936201839902,237.04373307502888
2,448,8,168.3632579149463,117.00116511957435
2,431,6,227.11936201839902,237.04373307502888
2,456,3,255.74514207732875,186.72243564757164
1,447,8,139.96807263037178,97.01858682285301
2,435,8,243.69881639152342,173.6195347079679
2,435,4,243.69881639152342,173.6195347079679
1,432,6,228.96063806661516,154.03029203250858
2,450,1,284.22115007225165,296.64068194479455
2,454,6,357.5743574783433,373.19918387981767
2,444,4,214.9075584260482,224.29831372643375
2,452,2,238.33484391600862,248.7492947392494
1,455,4,231.19870065644437,172.09950915865355
1,447,6,139.96807263037178,97.01858682285301
1,453,11,321.59124366477926,335.6437260349692
1,430,12,230.84640130812934,153.4286112042566
1,449,11,279.11692846377065,291.31342259638836
2,431,11,227.11936201839902,237.04373307502888
2,444,12,214.9075584260482,224.29831372643375
2,444,3,214.9075584260482,224.29831372643375
1,436,7,259.7783673281901,271.12982977920564
1,455,3,231.19870065644437,172.09950915865355
2,435,9,243.69881639152342,173.6195347079679
1,451,2,214.9058805292195,163.54551332281684
1,432,8,228.96063806661516,154.03029203250858
1,453,12,321.59124366477926,335.6437260349692
1,436,12,259.7783673281901,271.12982977920564
1,445,4,264.33588254447415,275.8864934595425
2,450,5,284.22115007225165,296.64068194479455
2,446,3,202.16273884354922,157.10645738123506
1,451,13,475.23411444321954,799.7555321830056
1,451,10,214.9058805292195,163.54551332281684
1,436,9,259.7783673281901,271.12982977920564
1,434,7,261.3043381572508,272.722480527559
1,455,9,231.19870065644437,172.09950915865355
1,449,9,279.11692846377065,291.31342259638836
1,447,12,351.63688941876745,612.3304250294823
1,449,12,279.11692846377065,291.31342259638836
2,454,9,357.5743574783433,373.19918387981767
1,451,9,214.9058805292195,163.54551332281684
2,456,1,255.74514207732875,186.72243564757164
2,450,3,284.22115007225165,296.64068194479455
1,447,11,139.96807263037178,97.01858682285301
2,450,7,284.22115007225165,296.64068194479455
2,456,14,599.7755224488925,1026.973396061644
2,454,3,357.5743574783433,373.19918387981767
1,445,9,264.33588254447415,275.8864934595425
1,434,6,261.3043381572508,272.722480527559
1,455,5,231.19870065644437,172.09950915865355
1,430,1,230.84640130812934,153.4286112042566
2,450,10,284.22115007225165,296.64068194479455
2,435,7,243.69881639152342,173.6195347079679
2,454,5,357.5743574783433,373.19918387981767
1,436,10,259.7783673281901,271.12982977920564
2,454,7,357.5743574783433,373.19918387981767
1,449,3,279.11692846377065,291.31342259638836
2,444,6,214.9075584260482,224.29831372643375
1,436,8,259.7783673281901,271.12982977920564
2,452,8,238.33484391600862,248.7492947392494
2,452,12,238.33484391600862,248.7492947392494
1,453,1,321.59124366477926,335.6437260349692
2,454,12,357.5743574783433,373.19918387981767
2,452,5,238.33484391600862,248.7492947392494
1,455,2,527.7850407837766,896.8565970239692
2,450,9,284.22115007225165,296.64068194479455
2,448,2,541.725394097378,1211.3061800614757
2,448,5,168.3632579149463,117.00116511957435
1,451,5,214.9058805292195,163.54551332281684
2,448,3,168.3632579149463,117.00116511957435
1,455,6,231.19870065644437,172.09950915865355
2,448,1,168.3632579149463,117.00116511957435
1,445,5,264.33588254447415,275.8864934595425
1,455,10,231.19870065644437,172.09950915865355
2,446,13,433.28412852457234,721.6678733365676
1,447,5,139.96807263037178,97.01858682285301
2,456,4,255.74514207732875,186.72243564757164
2,456,6,255.74514207732875,186.72243564757164
2,446,11,202.16273884354922,157.10645738123506
1,445,3,264.33588254447415,275.8864934595425
1,451,3,214.9058805292195,163.54551332281684
2,446,1,202.16273884354922,157.10645738123506
1,447,1,139.96807263037178,97.01858682285301
1,430,9,230.84640130812934,153.4286112042566
1,432,2,228.96063806661516,154.03029203250858
2,456,7,255.74514207732875,186.72243564757164
2,433,2,232.09491505230721,242.23670145424987
1,447,2,139.96807263037178,97.01858682285301
2,456,11,255.74514207732875,186.72243564757164
2,435,13,757.8339545100132,1678.9581378352937
2,431,12,227.11936201839902,237.04373307502888
2,454,11,357.5743574783433,373.19918387981767
1,432,12,228.96063806661516,154.03029203250858
1,449,7,279.11692846377065,291.31342259638836
2,433,7,232.09491505230721,242.23670145424987
1,449,5,279.11692846377065,291.31342259638836
2,435,1,243.69881639152342,173.6195347079679
1,432,11,228.96063806661516,154.03029203250858
2,446,2,202.16273884354922,157.10645738123506
2,444,10,214.9075584260482,224.29831372643375
2,433,10,232.09491505230721,242.23670145424987
1,432,9,228.96063806661516,154.03029203250858
1,432,1,228.96063806661516,154.03029203250858
2,450,12,284.22115007225165,296.64068194479455
1,430,4,230.84640130812934,153.4286112042566
1,432,4,228.96063806661516,154.03029203250858
2,433,6,232.09491505230721,242.23670145424987
1,453,9,321.59124366477926,335.6437260349692
2,454,4,357.5743574783433,373.19918387981767
1,451,1,214.9058805292195,163.54551332281684
2,452,10,238.33484391600862,248.7492947392494
2,452,1,238.33484391600862,248.7492947392494
2,454,2,357.5743574783433,373.19918387981767
1,451,14,475.23411444321954,799.7555321830056
2,452,9,238.33484391600862,248.7492947392494
1,447,10,351.63688941876745,612.3304250294823
1,445,2,264.33588254447415,275.8864934595425
1,449,6,279.11692846377065,291.31342259638836
2,448,11,168.3632579149463,117.00116511957435
2,435,12,243.69881639152342,173.6195347079679
1,455,13,527.7850407837766,896.8565970239692
1,453,5,321.59124366477926,335.6437260349692
2,433,5,232.09491505230721,242.23670145424987
2,450,4,284.22115007225165,296.64068194479455
2,431,5,227.11936201839902,237.04373307502888
2,448,4,168.3632579149463,117.00116511957435
1,430,2,787.2021854235046,1784.1555645752128
1,455,8,231.19870065644437,172.09950915865355
1,453,4,321.59124366477926,335.6437260349692
1,434,2,261.3043381572508,272.722480527559
2,444,11,214.9075584260482,224.29831372643375
2,444,2,214.9075584260482,224.29831372643375
1,447,7,139.96807263037178,97.01858682285301
2,452,4,238.33484391600862,248.7492947392494
2,431,1,227.11936201839902,237.04373307502888
1,434,10,261.3043381572508,272.722480527559
1,449,4,279.11692846377065,291.31342259638836
1,436,5,259.7783673281901,271.12982977920564
1,430,7,230.84640130812934,153.4286112042566
2,448,7,168.3632579149463,117.00116511957435
1,449,8,279.11692846377065,291.31342259638836
2,435,11,243.69881639152342,173.6195347079679
2,431,2,227.11936201839902,237.04373307502888
1,430,6,230.84640130812934,153.4286112042566
1,436,3,259.7783673281901,271.12982977920564
2,456,13,599.7755224488925,1026.973396061644
1,453,10,321.59124366477926,335.6437260349692
2,452,6,238.33484391600862,248.7492947392494
2,446,6,202.16273884354922,157.10645738123506
2,46,11,630.9544889357451,400.8154475529903
2,48,11,532.3891917651661,342.4739676507755
2,46,13,2318.274823216665,5411.008541965369
2,6,13,787.8669560931081,1251.1020530615401
2,38,8,593.7774759527882,777.1843475152211
2,82,14,1028.751613959728,1396.080564183342
1,37,3,686.9730034923818,564.8490541772408
1,33,5,454.66144240064233,363.7038568933387
1,39,4,767.2869254352509,565.5436810052371
1,37,1,686.9730034923818,564.8490541772408
1,39,14,1815.7322669616601,3167.0446136293276
2,60,8,745.5033557379911,488.7425499317804
2,26,6,437.2960365871974,436.03420445202323
1,63,3,658.6750899672711,479.78345585089176
2,44,7,636.8791581224341,416.5209734233198
1,39,1,767.2869254352509,565.5436810052371
2,12,14,635.4756411651448,636.7399568314521
1,47,2,564.2705398274934,541.936040879159
2,48,5,532.3891917651661,342.4739676507755
1,83,7,476.9603141469681,299.92579941564816
2,22,12,545.7764842904006,380.0080286616831
1,59,6,694.9385525579403,737.0610268838745
1,47,5,564.2705398274934,541.936040879159
2,76,6,2388.7405313496965,1498.8197725980665
2,84,3,641.581945059661,500.07169670697914
1,63,2,658.6750899672711,479.78345585089176
1,61,4,760.779972503376,568.0454208913592
1,41,3,604.8559178557041,542.3244474456918
1,11,13,318.9957895467289,439.55261743414064
1,61,3,760.779972503376,568.0454208913592
2,40,7,809.1724637846759,621.0131205234347
2,84,11,641.581945059661,500.07169670697914
1,3,5,429.92552504825653,433.54798464458077
1,41,13,869.4192530253333,1120.5050567059748
1,25,9,620.8331561327043,806.9729551944536
2,36,11,556.7634045063679,469.68222886673664
1,15,3,452.34874895509404,373.01541256506795
1,51,14,977.9202934648774,1393.5616395974705
2,58,2,746.749325318474,491.62294093064924
1,53,12,410.84765749551474,392.8309689602425
2,36,6,556.7634045063679,469.68222886673664
1,65,11,1025.9260956382464,695.7838410508277
1,3,13,429.92552504825653,433.54798464458077
2,34,8,557.4470193543989,425.45298880510813
2,12,11,718.6811866986117,814.3982657745487
1,45,9,837.5442657311163,911.5990715499763
1,3,4,429.92552504825653,433.54798464458077
2,82,15,1028.751613959728,1396.080564183342
1,13,8,564.6651087652124,468.70030314716166
2,80,17,1169.6558935127296,1550.8344531902621
2,80,3,620.5932338027822,436.57944690650237
2,46,4,630.9544889357451,400.8154475529903
1,39,8,767.2869254352509,565.5436810052371
1,85,7,562.5425317163575,440.20657421785313
1,79,13,1107.5896820502653,1493.4067483486983
2,40,1,809.1724637846759,621.0131205234347
1,51,1,565.7397110761196,466.3936132523793
2,44,6,636.8791581224341,416.5209734233198
2,80,15,1169.6558935127296,1550.8344531902621
2,52,14,1736.8266914173546,3133.4631375329072
2,44,4,636.8791581224341,416.5209734233198
2,4,5,235.23596080528438,208.55893484587247
2,76,9,2388.7405313496965,1498.8197725980665
1,57,2,438.08452633381677,367.9842279019683
1,27,11,356.4085669042987,339.2820599941645
1,33,14,776.3485785828476,1060.4377514239516
1,43,10,730.7285642816356,454.14129074200844
2,48,1,532.3891917651661,342.4739676507755
2,54,5,503.0243763304588,342.94309090191297
2,24,12,514.0973897337607,498.9482579828909
2,78,7,563.7238607371044,394.4560656696081
2,16,12,737.9766414230951,782.7077935761364
1,53,9,410.84765749551474,392.8309689602425
1,43,3,730.7285642816356,454.14129074200844
2,82,7,616.5260697483197,501.4092167137354
2,60,4,745.5033557379911,488.7425499317804
2,62,17,763.5915955042433,854.8938094712307
1,77,7,777.4351651428995,586.4391520003376
2,12,7,635.4756411651448,636.7399568314521
2,42,12,846.789737381576,542.3308901229127
2,54,3,503.0243763304588,342.94309090191297
1,21,15,791.5826522851764,844.5006256376788
2,24,9,514.0973897337607,498.9482579828909
2,12,13,635.4756411651448,636.7399568314521
2,14,2,754.9949706802314,800.757658836802
1,47,7,564.2705398274934,541.936040879159
1,13,6,564.6651087652124,468.70030314716166
1,23,7,660.9479004928055,628.9410138073248
1,85,14,1075.9920549901321,1610.5118568945848
1,53,11,410.84765749551474,392.8309689602425
1,15,14,801.0997542300967,1169.9119757722585
2,6,5,285.7893824460087,164.61869119230792
1,41,14,869.4192530253333,1120.5050567059748
2,22,5,545.7764842904006,380.0080286616831
1,31,9,695.477220918297,642.566023437224
1,57,15,753.776123296575,1089.4269904992484
2,14,11,754.9949706802314,800.757658836802
1,63,4,658.6750899672711,479.78345585089176
1,41,9,604.8559178557041,542.3244474456918
1,41,8,869.4192530253333,1120.5050567059748
1,49,11,505.48125893651576,447.9126441275331
2,84,5,641.581945059661,500.07169670697914
1,45,13,800.1500140191648,832.01502562101
2,2,1,290.0678046397954,258.6862206078333
2,46,9,630.9544889357451,400.8154475529903
1,81,14,1801.8633046514985,2213.5229569274456
2,40,12,809.1724637846759,621.0131205234347
2,40,2,809.1724637846759,621.0131205234347
2,56,2,691.3190410659336,548.1678762411219
2,18,9,413.5201040245087,251.43242456437682
2,38,13,593.7774759527882,777.1843475152211
2,48,10,532.3891917651661,342.4739676507755
1,35,1,657.9668705013968,608.5287336173869
2,48,12,532.3891917651661,342.4739676507755
2,48,13,1493.4302067257508,2694.877122497906
1,37,2,686.9730034923818,564.8490541772408
1,55,8,533.9998026892235,417.1398900569083
1,49,3,505.48125893651576,447.9126441275331
2,58,3,746.749325318474,491.62294093064924
1,23,8,660.9479004928055,628.9410138073248
1,63,8,658.6750899672711,479.78345585089176
2,26,18,489.99709827349983,547.4651678119847
2,84,13,1134.7488353255799,1564.3268461090115
1,57,12,438.08452633381677,367.9842279019683
1,13,11,564.6651087652124,468.70030314716166
2,14,1,754.9949706802314,800.757658836802
2,2,16,386.2073112775684,458.58011835025
2,34,7,557.4470193543989,425.45298880510813
1,31,2,879.7168315463679,1028.1056374995585
1,31,14,879.7168315463679,1028.1056374995585
2,56,7,691.3190410659336,548.1678762411219
1,83,9,476.9603141469681,299.92579941564816
2,50,13,1132.276464025254,1728.0592541038807
1,51,3,565.7397110761196,466.3936132523793
1,61,6,760.779972503376,568.0454208913592
1,85,8,562.5425317163575,440.20657421785313
1,85,9,562.5425317163575,440.20657421785313
2,10,8,272.0115318227836,233.01844805965266
1,51,7,565.7397110761196,466.3936132523793
2,86,1,878.2111859442265,702.6515880521607
2,86,4,878.2111859442265,702.6515880521607
2,60,7,745.5033557379911,488.7425499317804
2,64,5,692.090905997041,456.8509948900873
1,19,13,639.443226016745,746.0148996556725
2,86,14,1412.9867370588934,1818.9395826557823
1,27,7,356.4085669042987,339.2820599941645
1,13,14,915.0820359249112,1230.9300890733539
1,51,13,977.9202934648774,1393.5616395974705
2,10,2,272.0115318227836,233.01844805965266
1,77,2,777.4351651428995,586.4391520003376
2,52,3,620.0519461813678,399.36294890125293
2,20,4,467.97602993857726,352.64434373628484
2,56,14,1472.5317958736468,2487.0579570199047
2,4,8,235.23596080528438,208.55893484587247
2,52,8,620.0519461813678,399.36294890125293
2,60,10,745.5033557379911,488.7425499317804
2,64,13,2428.4331440796273,5624.715918738506
2,64,12,692.090905997041,456.8509948900873
1,15,15,801.0997542300967,1169.9119757722585
1,31,8,695.477220918297,642.566023437224
1,29,3,330.49769771492794,294.03821232487365
2,4,1,235.23596080528438,208.55893484587247
1,47,14,690.486242614477,811.4903151251409
1,25,13,620.8331561327043,806.9729551944536
1,53,8,410.84765749551474,392.8309689602425
1,19,16,639.443226016745,746.0148996556725
2,46,8,630.9544889357451,400.8154475529903
2,76,1,2388.7405313496965,1498.8197725980665
2,78,5,563.7238607371044,394.4560656696081
1,53,10,410.84765749551474,392.8309689602425
1,63,12,658.6750899672711,479.78345585089176
1,25,5,422.67005641110484,374.03490988940007
2,12,5,718.6811866986117,814.3982657745487
2,20,7,467.97602993857726,352.64434373628484
1,83,13,1773.3897817015297,4146.2715243541625
1,63,7,658.6750899672711,479.78345585089176
1,53,16,506.69154754806357,597.49105402348
2,84,15,1134.7488353255799,1564.3268461090115
1,19,4,508.17794601914096,471.1673050456879
2,48,14,1493.4302067257508,2694.877122497906
2,76,10,2388.7405313496965,1498.8197725980665
2,12,2,635.4756411651448,636.7399568314521
1,11,3,202.0436812178352,176.3321546683471
2,30,17,580.6366169266594,651.5269599214585
2,86,6,878.2111859442265,702.6515880521607
1,63,6,658.6750899672711,479.78345585089176
2,30,9,512.8043750929863,508.19102873873754
1,85,13,1075.9920549901321,1610.5118568945848
1,55,9,533.9998026892235,417.1398900569083
1,39,2,767.2869254352509,565.5436810052371
1,43,12,730.7285642816356,454.14129074200844
1,63,1,658.6750899672711,479.78345585089176
2,28,8,591.8704135584064,387.1116654841759
2,64,3,692.090905997041,456.8509948900873
2,42,3,846.789737381576,542.3308901229127
2,78,1,563.7238607371044,394.4560656696081
1,3,6,480.07013445341886,540.5801433537116
1,5,7,380.2922607046835,344.2747896272874
1,39,9,767.2869254352509,565.5436810052371
2,76,8,2388.7405313496965,1498.8197725980665
1,19,1,508.17794601914096,471.1673050456879
1,59,11,694.9385525579403,737.0610268838745
1,45,14,800.1500140191648,832.01502562101
2,26,15,489.99709827349983,547.4651678119847
1,13,16,915.0820359249112,1230.9300890733539
1,81,2,1179.5964265041096,948.6526958260481
1,53,6,506.69154754806357,597.49105402348
1,61,2,1551.3000856398307,2361.873065811441
2,32,13,1254.8522556551784,2207.532818516224
2,40,5,809.1724637846759,621.0131205234347
2,62,5,678.1011034427116,674.1845489325965
2,36,15,833.8787753157934,1053.5826361169754
2,26,4,437.2960365871974,436.03420445202323
2,10,1,272.0115318227836,233.01844805965266
2,38,5,396.9030512934968,347.25258080467336
2,22,8,545.7764842904006,380.0080286616831
2,34,11,557.4470193543989,425.45298880510813
1,61,10,760.779972503376,568.0454208913592
2,56,5,691.3190410659336,548.1678762411219
2,24,4,514.0973897337607,498.9482579828909
1,5,10,380.2922607046835,344.2747896272874
1,43,1,730.7285642816356,454.14129074200844
1,55,4,533.9998026892235,417.1398900569083
1,27,2,460.1214813553336,565.4700999902741
1,33,4,454.66144240064233,363.7038568933387
1,21,7,780.3820002229199,820.7708559916615
2,62,9,678.1011034427116,674.1845489325965
2,42,4,846.789737381576,542.3308901229127
2,56,12,691.3190410659336,548.1678762411219
2,36,8,556.7634045063679,469.68222886673664
2,14,10,754.9949706802314,800.757658836802
2,58,8,746.749325318474,491.62294093064924
2,60,9,745.5033557379911,488.7425499317804
1,13,3,564.6651087652124,468.70030314716166
2,36,3,833.8787753157934,1053.5826361169754
1,59,7,694.9385525579403,737.0610268838745
2,18,10,413.5201040245087,251.43242456437682
1,7,2,655.161779542118,747.5248300315266
1,85,4,562.5425317163575,440.20657421785313
1,15,6,452.34874895509404,373.01541256506795
2,80,12,620.5932338027822,436.57944690650237
2,58,11,746.749325318474,491.62294093064924
2,76,3,2388.7405313496965,1498.8197725980665
1,41,1,869.4192530253333,1120.5050567059748
2,60,1,745.5033557379911,488.7425499317804
2,28,7,591.8704135584064,387.1116654841759
2,38,9,396.9030512934968,347.25258080467336
1,17,6,383.73272509913545,341.8369519277645
1,19,17,639.443226016745,746.0148996556725
1,83,3,476.9603141469681,299.92579941564816
1,61,7,760.779972503376,568.0454208913592
1,33,9,454.66144240064233,363.7038568933387
2,32,10,512.5486563149404,368.2919074107469
1,39,5,767.2869254352509,565.5436810052371
2,42,13,3081.5140965929513,7181.935282792749
2,24,6,514.0973897337607,498.9482579828909
1,39,6,767.2869254352509,565.5436810052371
2,42,2,846.789737381576,542.3308901229127
1,45,8,800.1500140191648,832.01502562101
2,76,5,2388.7405313496965,1498.8197725980665
1,21,6,780.3820002229199,820.7708559916615
1,47,12,564.2705398274934,541.936040879159
2,2,7,290.0678046397954,258.6862206078333
1,7,14,577.6107517207412,581.0306633426866
2,52,6,620.0519461813678,399.36294890125293
2,52,12,620.0519461813678,399.36294890125293
2,82,9,616.5260697483197,501.4092167137354
1,25,2,422.67005641110484,374.03490988940007
2,22,11,545.7764842904006,380.0080286616831
1,45,3,837.5442657311163,911.5990715499763
1,49,7,505.48125893651576,447.9126441275331
2,56,10,691.3190410659336,548.1678762411219
2,50,11,549.7249292829651,407.3282527530576
2,6,11,285.7893824460087,164.61869119230792
1,21,17,791.5826522851764,844.5006256376788
2,82,13,1028.751613959728,1396.080564183342
2,64,8,692.090905997041,456.8509948900873
2,30,15,580.6366169266594,651.5269599214585
1,9,13,492.3079549640715,561.2065359584055
1,21,10,780.3820002229199,820.7708559916615
1,37,13,1222.0366485481302,1787.3990618485288
1,7,3,655.161779542118,747.5248300315266
2,24,8,514.0973897337607,498.9482579828909
2,22,7,545.7764842904006,380.0080286616831
1,39,7,767.2869254352509,565.5436810052371
2,20,11,467.97602993857726,352.64434373628484
2,4,4,235.23596080528438,208.55893484587247
2,30,14,580.6366169266594,651.5269599214585
2,10,12,272.0115318227836,233.01844805965266
2,22,10,545.7764842904006,380.0080286616831
1,59,1,694.9385525579403,737.0610268838745
2,44,12,636.8791581224341,416.5209734233198
1,23,1,660.9479004928055,628.9410138073248
1,83,10,476.9603141469681,299.92579941564816
2,8,12,218.89387193854694,195.503035412983
1,35,16,858.203172367302,1035.269136685782
1,19,8,508.17794601914096,471.1673050456879
1,51,4,565.7397110761196,466.3936132523793
1,25,3,422.67005641110484,374.03490988940007
2,8,9,218.89387193854694,195.503035412983
2,18,11,413.5201040245087,251.43242456437682
1,85,12,562.5425317163575,440.20657421785313
2,16,7,737.9766414230951,782.7077935761364
2,48,3,532.3891917651661,342.4739676507755
2,48,8,532.3891917651661,342.4739676507755
2,44,9,636.8791581224341,416.5209734233198
1,63,9,658.6750899672711,479.78345585089176
2,78,2,563.7238607371044,394.4560656696081
1,33,1,776.3485785828476,1060.4377514239516
1,47,8,690.486242614477,811.4903151251409
2,76,4,2388.7405313496965,1498.8197725980665
2,2,12,290.0678046397954,258.6862206078333
1,23,14,821.9470143128938,972.66459112063
1,59,10,694.9385525579403,737.0610268838745
1,47,4,690.486242614477,811.4903151251409
1,9,8,430.02670482015844,428.1932985396926
2,28,5,2100.273263012238,4874.550840373108
2,14,5,754.9949706802314,800.757658836802
1,41,5,604.8559178557041,542.3244474456918
1,43,11,730.7285642816356,454.14129074200844
2,16,11,737.9766414230951,782.7077935761364
2,16,8,737.9766414230951,782.7077935761364
1,51,8,565.7397110761196,466.3936132523793
1,5,2,380.2922607046835,344.2747896272874
1,61,5,760.779972503376,568.0454208913592
2,6,7,285.7893824460087,164.61869119230792
1,5,11,380.2922607046835,344.2747896272874
1,29,19,330.49769771492794,294.03821232487365
2,10,4,272.0115318227836,233.01844805965266
2,14,12,754.9949706802314,800.757658836802
1,59,5,694.9385525579403,737.0610268838745
1,11,10,202.0436812178352,176.3321546683471
2,2,14,386.2073112775684,458.58011835025
2,26,13,489.99709827349983,547.4651678119847
2,2,15,386.2073112775684,458.58011835025
1,17,14,557.5507233455352,721.6557874030585
2,64,2,692.090905997041,456.8509948900873
2,12,9,718.6811866986117,814.3982657745487
1,77,13,1563.8841468431385,2373.032847629273
1,45,1,800.1500140191648,832.01502562101
2,6,2,285.7893824460087,164.61869119230792
1,49,1,505.48125893651576,447.9126441275331
1,35,5,657.9668705013968,608.5287336173869
1,9,6,430.02670482015844,428.1932985396926
1,3,16,429.92552504825653,433.54798464458077
2,12,15,635.4756411651448,636.7399568314521
1,13,15,915.0820359249112,1230.9300890733539
1,61,8,760.779972503376,568.0454208913592
1,61,11,760.779972503376,568.0454208913592
2,58,1,746.749325318474,491.62294093064924
2,78,6,563.7238607371044,394.4560656696081
2,18,3,1236.1533343368135,2246.8429429157077
2,82,5,616.5260697483197,501.4092167137354
2,42,10,846.789737381576,542.3308901229127
2,84,16,1134.7488353255799,1564.3268461090115
2,20,9,467.97602993857726,352.64434373628484
2,46,6,630.9544889357451,400.8154475529903
1,21,2,791.5826522851764,844.5006256376788
1,21,13,791.5826522851764,844.5006256376788
1,11,8,202.0436812178352,176.3321546683471
1,11,6,202.0436812178352,176.3321546683471
2,58,5,746.749325318474,491.62294093064924
1,65,13,2702.448928181065,4827.887876679212
2,58,6,746.749325318474,491.62294093064924
2,10,15,453.35255303797254,647.2734668323685
2,42,11,846.789737381576,542.3308901229127
1,79,11,678.2573913486516,560.0275306307618
2,50,1,1132.276464025254,1728.0592541038807
2,10,5,272.0115318227836,233.01844805965266
1,77,14,1563.8841468431385,2373.032847629273
2,10,3,272.0115318227836,233.01844805965266
2,18,2,413.5201040245087,251.43242456437682
2,46,3,630.9544889357451,400.8154475529903
1,27,12,356.4085669042987,339.2820599941645
1,83,11,476.9603141469681,299.92579941564816
2,8,2,218.89387193854694,195.503035412983
2,84,4,641.581945059661,500.07169670697914
1,9,11,430.02670482015844,428.1932985396926
1,33,2,454.66144240064233,363.7038568933387
1,5,4,380.2922607046835,344.2747896272874
1,27,14,356.4085669042987,339.2820599941645
2,2,3,386.2073112775684,458.58011835025
1,55,5,533.9998026892235,417.1398900569083
2,56,11,691.3190410659336,548.1678762411219
1,23,4,660.9479004928055,628.9410138073248
2,8,14,316.6799956783609,409.19239970159236
1,49,9,505.48125893651576,447.9126441275331
1,49,8,505.48125893651576,447.9126441275331
2,8,5,218.89387193854694,195.503035412983
2,42,8,846.789737381576,542.3308901229127
2,14,7,754.9949706802314,800.757658836802
2,42,7,846.789737381576,542.3308901229127
1,7,13,577.6107517207412,581.0306633426866
1,61,1,760.779972503376,568.0454208913592
1,7,1,655.161779542118,747.5248300315266
1,9,10,430.02670482015844,428.1932985396926
1,41,12,604.8559178557041,542.3244474456918
2,6,12,285.7893824460087,164.61869119230792
2,26,17,489.99709827349983,547.4651678119847
1,41,4,604.8559178557041,542.3244474456918
2,6,8,285.7893824460087,164.61869119230792
2,82,3,616.5260697483197,501.4092167137354
1,53,13,506.69154754806357,597.49105402348
2,30,1,580.6366169266594,651.5269599214585
2,30,3,512.8043750929863,508.19102873873754
2,30,4,512.8043750929863,508.19102873873754
2,30,7,512.8043750929863,508.19102873873754
1,13,7,564.6651087652124,468.70030314716166
2,30,12,512.8043750929863,508.19102873873754
1,29,11,504.8435722624304,686.089162091372
1,63,11,658.6750899672711,479.78345585089176
1,21,14,791.5826522851764,844.5006256376788
2,30,16,580.6366169266594,651.5269599214585
1,65,3,1025.9260956382464,695.7838410508277
1,35,6,858.203172367302,1035.269136685782
2,36,9,556.7634045063679,469.68222886673664
2,62,13,763.5915955042433,854.8938094712307
1,55,2,1163.4378398970928,1980.0944148270964
2,12,8,635.4756411651448,636.7399568314521
2,2,6,290.0678046397954,258.6862206078333
1,21,18,791.5826522851764,844.5006256376788
2,36,4,556.7634045063679,469.68222886673664
2,54,7,503.0243763304588,342.94309090191297
1,41,11,604.8559178557041,542.3244474456918
1,57,14,753.776123296575,1089.4269904992484
1,65,12,1025.9260956382464,695.7838410508277
2,36,2,556.7634045063679,469.68222886673664
2,18,6,413.5201040245087,251.43242456437682
1,19,10,508.17794601914096,471.1673050456879
1,27,3,460.1214813553336,565.4700999902741
1,35,12,657.9668705013968,608.5287336173869
1,43,4,730.7285642816356,454.14129074200844
1,27,4,460.1214813553336,565.4700999902741
1,85,15,1075.9920549901321,1610.5118568945848
2,18,8,413.5201040245087,251.43242456437682
1,37,8,686.9730034923818,564.8490541772408
2,2,13,386.2073112775684,458.58011835025
2,22,14,1391.4624717284091,2470.0521863009403
2,84,14,1134.7488353255799,1564.3268461090115
2,16,9,737.9766414230951,782.7077935761364
2,42,5,846.789737381576,542.3308901229127
1,57,7,438.08452633381677,367.9842279019683
1,33,10,454.66144240064233,363.7038568933387
2,34,6,557.4470193543989,425.45298880510813
1,41,2,604.8559178557041,542.3244474456918
1,43,8,730.7285642816356,454.14129074200844
1,77,9,777.4351651428995,586.4391520003376
2,48,6,532.3891917651661,342.4739676507755
2,16,10,737.9766414230951,782.7077935761364
2,50,4,549.7249292829651,407.3282527530576
1,33,13,776.3485785828476,1060.4377514239516
1,25,10,422.67005641110484,374.03490988940007
2,26,14,489.99709827349983,547.4651678119847
1,65,10,1025.9260956382464,695.7838410508277
2,34,14,1256.5015532571792,2161.5756689291784
2,2,8,290.0678046397954,258.6862206078333
2,4,7,361.52214447730586,492.5963413502512
1,29,18,330.49769771492794,294.03821232487365
1,33,11,454.66144240064233,363.7038568933387
1,11,7,202.0436812178352,176.3321546683471
2,16,4,737.9766414230951,782.7077935761364
1,3,7,480.07013445341886,540.5801433537116
2,86,15,1412.9867370588934,1818.9395826557823
2,24,2,514.0973897337607,498.9482579828909
1,79,14,1107.5896820502653,1493.4067483486983
1,11,12,202.0436812178352,176.3321546683471
2,38,4,396.9030512934968,347.25258080467336
2,60,11,745.5033557379911,488.7425499317804
2,46,2,630.9544889357451,400.8154475529903
1,15,2,452.34874895509404,373.01541256506795
1,11,15,318.9957895467289,439.55261743414064
1,55,6,1163.4378398970928,1980.0944148270964
2,80,13,1169.6558935127296,1550.8344531902621
1,25,15,620.8331561327043,806.9729551944536
2,54,6,503.0243763304588,342.94309090191297
1,25,11,422.67005641110484,374.03490988940007
1,25,14,620.8331561327043,806.9729551944536
1,33,3,776.3485785828476,1060.4377514239516
1,43,5,730.7285642816356,454.14129074200844
2,60,2,745.5033557379911,488.7425499317804
2,40,11,1809.3646345435218,3105.0656026171737
1,3,15,429.92552504825653,433.54798464458077
1,27,8,356.4085669042987,339.2820599941645
1,27,13,356.4085669042987,339.2820599941645
2,28,1,591.8704135584064,387.1116654841759
2,10,6,272.0115318227836,233.01844805965266
1,55,11,533.9998026892235,417.1398900569083
1,17,1,383.73272509913545,341.8369519277645
2,36,13,833.8787753157934,1053.5826361169754
1,29,5,504.8435722624304,686.089162091372
2,44,13,2260.17662809243,5245.749650795143
1,31,4,695.477220918297,642.566023437224
1,79,5,678.2573913486516,560.0275306307618
2,82,10,616.5260697483197,501.4092167137354
1,3,9,480.07013445341886,540.5801433537116
2,6,6,787.8669560931081,1251.1020530615401
1,37,7,686.9730034923818,564.8490541772408
2,54,4,503.0243763304588,342.94309090191297
1,29,13,330.49769771492794,294.03821232487365
1,41,10,604.8559178557041,542.3244474456918
2,22,13,1391.4624717284091,2470.0521863009403
1,37,11,686.9730034923818,564.8490541772408
1,23,13,821.9470143128938,972.66459112063
1,37,4,686.9730034923818,564.8490541772408
1,15,7,452.34874895509404,373.01541256506795
2,28,2,591.8704135584064,387.1116654841759
2,6,10,285.7893824460087,164.61869119230792
1,65,9,1025.9260956382464,695.7838410508277
1,57,6,438.08452633381677,367.9842279019683
2,54,1,503.0243763304588,342.94309090191297
2,20,13,1074.0898269509755,1857.6800250393578
1,11,4,202.0436812178352,176.3321546683471
2,80,2,620.5932338027822,436.57944690650237
2,52,1,620.0519461813678,399.36294890125293
2,32,3,512.5486563149404,368.2919074107469
1,53,14,506.69154754806357,597.49105402348
2,8,16,316.6799956783609,409.19239970159236
1,79,10,678.2573913486516,560.0275306307618
2,38,7,593.7774759527882,777.1843475152211
2,32,8,512.5486563149404,368.2919074107469
2,78,11,563.7238607371044,394.4560656696081
2,16,3,737.9766414230951,782.7077935761364
2,62,11,678.1011034427116,674.1845489325965
2,16,2,737.9766414230951,782.7077935761364
2,6,3,285.7893824460087,164.61869119230792
1,9,7,430.02670482015844,428.1932985396926
2,78,4,563.7238607371044,394.4560656696081
2,16,6,737.9766414230951,782.7077935761364
2,64,6,692.090905997041,456.8509948900873
1,57,1,438.08452633381677,367.9842279019683
1,79,12,678.2573913486516,560.0275306307618
2,4,3,235.23596080528438,208.55893484587247
1,83,6,476.9603141469681,299.92579941564816
2,2,4,290.0678046397954,258.6862206078333
1,5,5,380.2922607046835,344.2747896272874
2,64,1,692.090905997041,456.8509948900873
1,77,1,777.4351651428995,586.4391520003376
1,17,12,557.5507233455352,721.6557874030585
2,76,11,2388.7405313496965,1498.8197725980665
1,9,9,492.3079549640715,561.2065359584055
1,49,4,505.48125893651576,447.9126441275331
2,46,7,630.9544889357451,400.8154475529903
2,16,1,737.9766414230951,782.7077935761364
1,45,6,837.5442657311163,911.5990715499763
1,7,17,577.6107517207412,581.0306633426866
2,38,12,396.9030512934968,347.25258080467336
1,79,6,678.2573913486516,560.0275306307618
2,58,4,746.749325318474,491.62294093064924
2,30,13,580.6366169266594,651.5269599214585
2,62,14,763.5915955042433,854.8938094712307
1,57,13,753.776123296575,1089.4269904992484
1,81,13,1801.8633046514985,2213.5229569274456
2,58,12,746.749325318474,491.62294093064924
1,21,11,780.3820002229199,820.7708559916615
2,62,16,763.5915955042433,854.8938094712307
1,81,8,1179.5964265041096,948.6526958260481
1,49,15,740.8617500334426,962.1827170147009
1,11,14,318.9957895467289,439.55261743414064
1,25,6,422.67005641110484,374.03490988940007
1,3,17,429.92552504825653,433.54798464458077
1,39,13,1815.7322669616601,3167.0446136293276
2,44,5,636.8791581224341,416.5209734233198
2,42,9,846.789737381576,542.3308901229127
1,3,3,480.07013445341886,540.5801433537116
2,22,6,545.7764842904006,380.0080286616831
2,20,8,467.97602993857726,352.64434373628484
1,83,1,476.9603141469681,299.92579941564816
2,24,13,617.4359396004294,719.6950630298669
1,23,3,660.9479004928055,628.9410138073248
1,79,15,1107.5896820502653,1493.4067483486983
2,32,9,512.5486563149404,368.2919074107469
2,32,5,512.5486563149404,368.2919074107469
1,65,5,1025.9260956382464,695.7838410508277
2,80,16,1169.6558935127296,1550.8344531902621
1,63,13,2030.832442257019,4560.904456854156
2,22,9,545.7764842904006,380.0080286616831
2,44,11,636.8791581224341,416.5209734233198
2,46,10,630.9544889357451,400.8154475529903
1,45,12,800.1500140191648,832.01502562101
1,43,7,730.7285642816356,454.14129074200844
1,51,10,977.9202934648774,1393.5616395974705
2,34,13,1256.5015532571792,2161.5756689291784
2,20,12,467.97602993857726,352.64434373628484
2,56,4,691.3190410659336,548.1678762411219
2,32,12,512.5486563149404,368.2919074107469
2,18,4,1236.1533343368135,2246.8429429157077
1,55,7,533.9998026892235,417.1398900569083
1,15,8,452.34874895509404,373.01541256506795
2,36,14,833.8787753157934,1053.5826361169754
2,50,8,549.7249292829651,407.3282527530576
1,27,10,356.4085669042987,339.2820599941645
2,6,4,285.7893824460087,164.61869119230792
1,65,14,2702.448928181065,4827.887876679212
1,85,6,562.5425317163575,440.20657421785313
1,49,14,740.8617500334426,962.1827170147009
1,37,5,686.9730034923818,564.8490541772408
2,8,10,218.89387193854694,195.503035412983
1,19,15,639.443226016745,746.0148996556725
1,37,14,1222.0366485481302,1787.3990618485288
1,31,5,879.7168315463679,1028.1056374995585
2,52,13,1736.8266914173546,3133.4631375329072
1,3,2,480.07013445341886,540.5801433537116
1,77,6,777.4351651428995,586.4391520003376
1,9,5,430.02670482015844,428.1932985396926
1,5,6,380.2922607046835,344.2747896272874
2,32,7,512.5486563149404,368.2919074107469
1,7,15,577.6107517207412,581.0306633426866
2,22,1,545.7764842904006,380.0080286616831
2,52,5,620.0519461813678,399.36294890125293
2,20,10,467.97602993857726,352.64434373628484
1,17,4,383.73272509913545,341.8369519277645
1,31,11,695.477220918297,642.566023437224
2,4,9,235.23596080528438,208.55893484587247
2,8,15,316.6799956783609,409.19239970159236
1,65,1,1025.9260956382464,695.7838410508277
2,4,11,361.52214447730586,492.5963413502512
2,84,6,641.581945059661,500.07169670697914
1,55,3,533.9998026892235,417.1398900569083
1,59,4,694.9385525579403,737.0610268838745
2,86,3,878.2111859442265,702.6515880521607
1,47,13,690.486242614477,811.4903151251409
1,53,2,410.84765749551474,392.8309689602425
1,59,3,694.9385525579403,737.0610268838745
2,60,6,745.5033557379911,488.7425499317804
2,50,12,549.7249292829651,407.3282527530576
2,64,10,692.090905997041,456.8509948900873
2,58,9,746.749325318474,491.62294093064924
2,2,5,386.2073112775684,458.58011835025
2,64,4,692.090905997041,456.8509948900873
2,28,11,591.8704135584064,387.1116654841759
2,60,12,745.5033557379911,488.7425499317804
1,15,5,452.34874895509404,373.01541256506795
1,77,12,777.4351651428995,586.4391520003376
2,86,9,1412.9867370588934,1818.9395826557823
2,4,12,235.23596080528438,208.55893484587247
2,26,2,437.2960365871974,436.03420445202323
1,13,13,915.0820359249112,1230.9300890733539
1,35,15,858.203172367302,1035.269136685782
2,60,13,2637.8944089359825,6119.215665812535
2,50,2,549.7249292829651,407.3282527530576
2,46,5,630.9544889357451,400.8154475529903
1,17,5,383.73272509913545,341.8369519277645
2,40,4,809.1724637846759,621.0131205234347
2,54,8,503.0243763304588,342.94309090191297
2,36,1,556.7634045063679,469.68222886673664
2,84,9,641.581945059661,500.07169670697914
1,53,15,506.69154754806357,597.49105402348
2,22,2,545.7764842904006,380.0080286616831
2,32,11,512.5486563149404,368.2919074107469
1,9,15,492.3079549640715,561.2065359584055
2,40,8,809.1724637846759,621.0131205234347
1,31,1,695.477220918297,642.566023437224
2,10,14,453.35255303797254,647.2734668323685
1,51,12,565.7397110761196,466.3936132523793
2,40,10,809.1724637846759,621.0131205234347
2,86,7,878.2111859442265,702.6515880521607
1,79,1,678.2573913486516,560.0275306307618
1,49,16,740.8617500334426,962.1827170147009
2,6,14,787.8669560931081,1251.1020530615401
1,31,6,695.477220918297,642.566023437224
1,85,3,562.5425317163575,440.20657421785313
2,38,11,396.9030512934968,347.25258080467336
1,19,2,508.17794601914096,471.1673050456879
1,25,7,422.67005641110484,374.03490988940007
2,48,4,532.3891917651661,342.4739676507755
2,30,2,512.8043750929863,508.19102873873754
1,27,6,460.1214813553336,565.4700999902741
2,10,7,272.0115318227836,233.01844805965266
2,28,10,591.8704135584064,387.1116654841759
2,48,2,532.3891917651661,342.4739676507755
1,59,8,694.9385525579403,737.0610268838745
2,28,12,591.8704135584064,387.1116654841759
2,20,1,467.97602993857726,352.64434373628484
1,23,16,821.9470143128938,972.66459112063
1,81,15,1801.8633046514985,2213.5229569274456
2,20,14,1074.0898269509755,1857.6800250393578
1,57,3,438.08452633381677,367.9842279019683
2,38,10,396.9030512934968,347.25258080467336
2,24,16,617.4359396004294,719.6950630298669
1,39,10,767.2869254352509,565.5436810052371
2,54,12,1695.0383015968632,3894.063483789463
2,18,7,413.5201040245087,251.43242456437682
2,78,12,563.7238607371044,394.4560656696081
1,83,2,476.9603141469681,299.92579941564816
1,29,14,330.49769771492794,294.03821232487365
1,43,2,730.7285642816356,454.14129074200844
1,35,10,657.9668705013968,608.5287336173869
1,45,15,800.1500140191648,832.01502562101
2,54,2,503.0243763304588,342.94309090191297
2,76,2,2388.7405313496965,1498.8197725980665
1,77,10,777.4351651428995,586.4391520003376
2,8,3,218.89387193854694,195.503035412983
2,54,9,503.0243763304588,342.94309090191297
1,17,7,383.73272509913545,341.8369519277645
2,78,9,563.7238607371044,394.4560656696081
1,15,13,801.0997542300967,1169.9119757722585
2,26,5,437.2960365871974,436.03420445202323
1,15,12,452.34874895509404,373.01541256506795
1,57,10,438.08452633381677,367.9842279019683
1,77,3,777.4351651428995,586.4391520003376
2,12,3,635.4756411651448,636.7399568314521
2,62,1,678.1011034427116,674.1845489325965
2,28,6,591.8704135584064,387.1116654841759
2,84,8,641.581945059661,500.07169670697914
2,4,13,361.52214447730586,492.5963413502512
1,11,5,202.0436812178352,176.3321546683471
1,31,15,879.7168315463679,1028.1056374995585
2,82,16,1028.751613959728,1396.080564183342
2,4,2,235.23596080528438,208.55893484587247
1,39,3,767.2869254352509,565.5436810052371
1,61,12,1551.3000856398307,2361.873065811441
1,3,14,429.92552504825653,433.54798464458077
2,52,4,620.0519461813678,399.36294890125293
2,50,9,1132.276464025254,1728.0592541038807
1,47,3,564.2705398274934,541.936040879159
1,17,15,557.5507233455352,721.6557874030585
1,35,3,657.9668705013968,608.5287336173869
1,57,5,438.08452633381677,367.9842279019683
2,62,18,763.5915955042433,854.8938094712307
2,34,5,557.4470193543989,425.45298880510813
2,42,6,846.789737381576,542.3308901229127
1,17,8,383.73272509913545,341.8369519277645
1,79,3,678.2573913486516,560.0275306307618
1,13,1,564.6651087652124,468.70030314716166
2,86,13,1412.9867370588934,1818.9395826557823
2,82,8,616.5260697483197,501.4092167137354
1,29,17,330.49769771492794,294.03821232487365
2,20,3,467.97602993857726,352.64434373628484
1,21,16,791.5826522851764,844.5006256376788
1,29,15,330.49769771492794,294.03821232487365
2,8,7,218.89387193854694,195.503035412983
1,63,10,658.6750899672711,479.78345585089176
1,55,1,533.9998026892235,417.1398900569083
1,5,15,537.8144727540882,688.5495792545748
2,14,4,754.9949706802314,800.757658836802
1,43,6,730.7285642816356,454.14129074200844
2,46,1,630.9544889357451,400.8154475529903
2,10,13,453.35255303797254,647.2734668323685
2,82,12,616.5260697483197,501.4092167137354
2,80,4,620.5932338027822,436.57944690650237
2,20,6,467.97602993857726,352.64434373628484
2,50,3,549.7249292829651,407.3282527530576
1,29,16,330.49769771492794,294.03821232487365
2,26,7,437.2960365871974,436.03420445202323
2,56,1,691.3190410659336,548.1678762411219
2,34,2,557.4470193543989,425.45298880510813
1,15,9,452.34874895509404,373.01541256506795
2,78,10,1428.2274063907805,2531.9815026089705
1,47,6,690.486242614477,811.4903151251409
2,34,12,557.4470193543989,425.45298880510813
2,36,7,833.8787753157934,1053.5826361169754
2,24,3,617.4359396004294,719.6950630298669
1,83,8,476.9603141469681,299.92579941564816
2,56,3,691.3190410659336,548.1678762411219
1,55,10,533.9998026892235,417.1398900569083
2,40,9,809.1724637846759,621.0131205234347
1,51,5,565.7397110761196,466.3936132523793
2,78,3,563.7238607371044,394.4560656696081
1,9,12,430.02670482015844,428.1932985396926
2,44,2,636.8791581224341,416.5209734233198
2,14,6,754.9949706802314,800.757658836802
1,47,1,564.2705398274934,541.936040879159
1,85,10,562.5425317163575,440.20657421785313
2,38,3,593.7774759527882,777.1843475152211
1,37,15,1222.0366485481302,1787.3990618485288
2,86,12,878.2111859442265,702.6515880521607
1,77,4,777.4351651428995,586.4391520003376
2,80,14,1169.6558935127296,1550.8344531902621
1,49,13,740.8617500334426,962.1827170147009
1,55,12,533.9998026892235,417.1398900569083
1,25,12,422.67005641110484,374.03490988940007
2,60,5,745.5033557379911,488.7425499317804
2,62,4,678.1011034427116,674.1845489325965
2,76,7,2388.7405313496965,1498.8197725980665
1,77,15,1563.8841468431385,2373.032847629273
2,26,1,437.2960365871974,436.03420445202323
2,28,4,591.8704135584064,387.1116654841759
2,38,2,396.9030512934968,347.25258080467336
1,65,6,1025.9260956382464,695.7838410508277
2,8,8,218.89387193854694,195.503035412983
2,80,5,620.5932338027822,436.57944690650237
2,34,1,557.4470193543989,425.45298880510813
1,49,2,505.48125893651576,447.9126441275331
1,31,3,879.7168315463679,1028.1056374995585
2,18,5,413.5201040245087,251.43242456437682
2,52,7,620.0519461813678,399.36294890125293
2,44,1,636.8791581224341,416.5209734233198
2,16,5,737.9766414230951,782.7077935761364
2,62,12,678.1011034427116,674.1845489325965
1,29,12,504.8435722624304,686.089162091372
1,21,8,780.3820002229199,820.7708559916615
2,12,6,718.6811866986117,814.3982657745487
2,78,8,1428.2274063907805,2531.9815026089705
2,34,3,557.4470193543989,425.45298880510813
2,40,13,1809.3646345435218,3105.0656026171737
1,17,13,557.5507233455352,721.6557874030585
2,14,8,754.9949706802314,800.757658836802
1,37,12,686.9730034923818,564.8490541772408
2,82,4,616.5260697483197,501.4092167137354
1,57,11,438.08452633381677,367.9842279019683
1,5,13,537.8144727540882,688.5495792545748
1,61,13,1551.3000856398307,2361.873065811441
2,64,9,692.090905997041,456.8509948900873
2,8,13,316.6799956783609,409.19239970159236
2,86,16,1412.9867370588934,1818.9395826557823
2,54,11,503.0243763304588,342.94309090191297
1,65,4,1025.9260956382464,695.7838410508277
1,5,9,380.2922607046835,344.2747896272874
1,23,9,660.9479004928055,628.9410138073248
2,32,2,512.5486563149404,368.2919074107469
2,18,1,413.5201040245087,251.43242456437682
1,53,5,410.84765749551474,392.8309689602425
1,5,12,537.8144727540882,688.5495792545748
1,51,11,565.7397110761196,466.3936132523793
1,19,7,639.443226016745,746.0148996556725
1,15,1,452.34874895509404,373.01541256506795
2,50,6,549.7249292829651,407.3282527530576
1,45,2,837.5442657311163,911.5990715499763
1,17,2,383.73272509913545,341.8369519277645
2,18,12,413.5201040245087,251.43242456437682
2,58,13,2628.770298287344,6092.390622419058
1,19,12,508.17794601914096,471.1673050456879
2,50,7,549.7249292829651,407.3282527530576
1,81,6,1179.5964265041096,948.6526958260481
2,24,5,514.0973897337607,498.9482579828909
2,54,10,503.0243763304588,342.94309090191297
2,44,8,636.8791581224341,416.5209734233198
2,28,3,591.8704135584064,387.1116654841759
2,58,7,746.749325318474,491.62294093064924
2,34,4,557.4470193543989,425.45298880510813
2,44,3,636.8791581224341,416.5209734233198
2,84,12,641.581945059661,500.07169670697914
1,23,11,660.9479004928055,628.9410138073248
2,26,16,489.99709827349983,547.4651678119847
1,85,2,562.5425317163575,440.20657421785313
2,80,11,620.5932338027822,436.57944690650237
1,59,9,694.9385525579403,737.0610268838745
2,14,9,754.9949706802314,800.757658836802
1,17,10,383.73272509913545,341.8369519277645
1,59,12,694.9385525579403,737.0610268838745
1,65,7,1025.9260956382464,695.7838410508277
1,19,14,639.443226016745,746.0148996556725
1,47,9,564.2705398274934,541.936040879159
1,9,2,492.3079549640715,561.2065359584055
1,43,9,2753.9727267429616,6450.569984034547
1,31,13,879.7168315463679,1028.1056374995585
1,23,17,821.9470143128938,972.66459112063
2,24,14,617.4359396004294,719.6950630298669
2,32,4,1254.8522556551784,2207.532818516224
1,79,8,678.2573913486516,560.0275306307618
2,56,13,1472.5317958736468,2487.0579570199047
1,13,10,564.6651087652124,468.70030314716166
2,40,3,809.1724637846759,621.0131205234347
2,50,5,549.7249292829651,407.3282527530576
2,52,11,620.0519461813678,399.36294890125293
1,23,15,821.9470143128938,972.66459112063
2,64,11,692.090905997041,456.8509948900873
1,35,2,657.9668705013968,608.5287336173869
2,86,2,878.2111859442265,702.6515880521607
2,62,15,763.5915955042433,854.8938094712307
2,12,1,718.6811866986117,814.3982657745487
1,79,9,1107.5896820502653,1493.4067483486983
2,80,8,620.5932338027822,436.57944690650237
1,27,5,356.4085669042987,339.2820599941645
1,33,7,454.66144240064233,363.7038568933387
1,35,9,657.9668705013968,608.5287336173869
2,32,6,512.5486563149404,368.2919074107469
1,59,2,694.9385525579403,737.0610268838745
1,33,6,454.66144240064233,363.7038568933387
1,35,14,858.203172367302,1035.269136685782
1,9,14,492.3079549640715,561.2065359584055
1,83,4,476.9603141469681,299.92579941564816
1,7,16,577.6107517207412,581.0306633426866
2,38,1,396.9030512934968,347.25258080467336
2,52,10,620.0519461813678,399.36294890125293
2,24,15,617.4359396004294,719.6950630298669
1,45,5,800.1500140191648,832.01502562101
2,56,9,691.3190410659336,548.1678762411219
1,13,12,564.6651087652124,468.70030314716166
2,14,3,754.9949706802314,800.757658836802
2,28,9,591.8704135584064,387.1116654841759
1,45,10,837.5442657311163,911.5990715499763
1,5,14,537.8144727540882,688.5495792545748
1,35,13,858.203172367302,1035.269136685782
1,83,5,476.9603141469681,299.92579941564816
2,480,6,107.97287829069491,69.22792447135251
2,464,10,120.75824439067263,122.90413216181149
2,476,6,112.65054076119746,114.65235371443633
2,462,11,105.89339053007468,107.77512815328635
2,478,1,72.73861494130091,53.82282249185349
2,482,9,118.52313379289657,76.58065992957611
1,459,6,114.70397756013413,92.4475894603856
1,463,13,175.69515542427766,248.9693793707975
1,481,1,130.76480991051355,133.08851549184396
2,482,2,118.52313379289657,76.58065992957611
1,481,4,130.76480991051355,133.08851549184396
1,457,9,83.49614625955863,60.89168578136825
2,476,8,112.65054076119746,114.65235371443633
1,479,3,91.9247919198516,93.55830595312229
1,477,7,68.60366041563579,55.85570504664017
2,458,8,68.08787538441291,48.06931525874152
2,460,8,117.06593032621778,76.55604690573547
2,460,5,117.06593032621778,76.55604690573547
2,460,12,117.06593032621778,76.55604690573547
2,460,11,117.06593032621778,76.55604690573547
2,480,10,107.97287829069491,69.22792447135251
1,465,7,123.52861924761963,83.60375058151016
1,477,13,116.15445910918977,160.1196878003685
1,461,2,119.91610027611118,95.95211779060804
1,457,11,83.49614625955863,60.89168578136825
2,482,10,118.52313379289657,76.58065992957611
2,482,3,118.52313379289657,76.58065992957611
2,478,13,206.083105301938,432.03725081298614
2,460,13,394.6817843407404,870.1870664951933
1,477,8,68.60366041563579,55.85570504664017
1,481,6,130.76480991051355,133.08851549184396
1,465,6,123.52861924761963,83.60375058151016
1,465,1,123.52861924761963,83.60375058151016
2,462,10,105.89339053007468,107.77512815328635
1,465,4,123.52861924761963,83.60375058151016
2,478,12,72.73861494130091,53.82282249185349
1,457,13,189.35146151577263,313.1572411613225
1,459,15,172.85193499504757,209.936100790356
1,461,9,119.91610027611118,95.95211779060804
2,458,4,206.9692225310741,444.16047299077155
2,464,8,120.75824439067263,122.90413216181149
2,478,9,72.73861494130091,53.82282249185349
1,463,1,95.98321575348803,74.30481477345508
2,464,2,120.75824439067263,122.90413216181149
1,465,12,398.1549668709947,868.550075485689
1,457,7,83.49614625955863,60.89168578136825
1,481,11,130.76480991051355,133.08851549184396
1,481,3,130.76480991051355,133.08851549184396
1,457,3,83.49614625955863,60.89168578136825
1,477,9,68.60366041563579,55.85570504664017
1,479,10,91.9247919198516,93.55830595312229
1,461,15,193.04441156533966,248.66464328833635
1,477,11,68.60366041563579,55.85570504664017
1,463,10,95.98321575348803,74.30481477345508
2,458,3,68.08787538441291,48.06931525874152
1,457,1,83.49614625955863,60.89168578136825
1,481,12,130.76480991051355,133.08851549184396
2,462,3,105.89339053007468,107.77512815328635
1,463,7,95.98321575348803,74.30481477345508
1,463,14,175.69515542427766,248.9693793707975
1,459,13,172.85193499504757,209.936100790356
1,477,14,116.15445910918977,160.1196878003685
1,479,1,91.9247919198516,93.55830595312229
2,464,3,120.75824439067263,122.90413216181149
2,480,12,107.97287829069491,69.22792447135251
2,478,2,72.73861494130091,53.82282249185349
1,479,2,91.9247919198516,93.55830595312229
2,476,1,112.65054076119746,114.65235371443633
2,460,4,117.06593032621778,76.55604690573547
2,476,5,112.65054076119746,114.65235371443633
2,460,9,117.06593032621778,76.55604690573547
1,479,5,91.9247919198516,93.55830595312229
1,459,4,114.70397756013413,92.4475894603856
2,482,5,118.52313379289657,76.58065992957611
1,461,4,119.91610027611118,95.95211779060804
2,480,2,107.97287829069491,69.22792447135251
1,477,5,116.15445910918977,160.1196878003685
1,481,10,130.76480991051355,133.08851549184396
1,463,6,95.98321575348803,74.30481477345508
2,462,9,105.89339053007468,107.77512815328635
2,460,3,117.06593032621778,76.55604690573547
2,482,11,118.52313379289657,76.58065992957611
1,459,1,172.85193499504757,209.936100790356
2,458,12,68.08787538441291,48.06931525874152
2,478,4,72.73861494130091,53.82282249185349
1,479,4,91.9247919198516,93.55830595312229
2,464,12,120.75824439067263,122.90413216181149
1,477,10,68.60366041563579,55.85570504664017
2,462,8,105.89339053007468,107.77512815328635
2,460,7,117.06593032621778,76.55604690573547
2,482,1,118.52313379289657,76.58065992957611
2,458,10,68.08787538441291,48.06931525874152
1,459,2,114.70397756013413,92.4475894603856
2,480,4,107.97287829069491,69.22792447135251
2,458,5,68.08787538441291,48.06931525874152
1,457,10,83.49614625955863,60.89168578136825
2,464,11,120.75824439067263,122.90413216181149
1,457,14,189.35146151577263,313.1572411613225
2,480,11,107.97287829069491,69.22792447135251
2,458,1,68.08787538441291,48.06931525874152
1,481,2,130.76480991051355,133.08851549184396
2,478,8,72.73861494130091,53.82282249185349
1,479,11,91.9247919198516,93.55830595312229
2,476,2,112.65054076119746,114.65235371443633
2,462,5,105.89339053007468,107.77512815328635
2,476,12,112.65054076119746,114.65235371443633
1,459,14,172.85193499504757,209.936100790356
2,480,13,373.2220545313614,827.1543389421946
1,459,9,114.70397756013413,92.4475894603856
1,459,10,114.70397756013413,92.4475894603856
2,482,4,118.52313379289657,76.58065992957611
2,480,7,107.97287829069491,69.22792447135251
2,476,3,112.65054076119746,114.65235371443633
1,459,7,114.70397756013413,92.4475894603856
2,460,1,117.06593032621778,76.55604690573547
2,460,2,117.06593032621778,76.55604690573547
1,461,7,119.91610027611118,95.95211779060804
1,481,5,130.76480991051355,133.08851549184396
1,477,3,68.60366041563579,55.85570504664017
2,478,3,72.73861494130091,53.82282249185349
1,479,8,91.9247919198516,93.55830595312229
2,476,7,112.65054076119746,114.65235371443633
2,478,11,72.73861494130091,53.82282249185349
2,458,6,68.08787538441291,48.06931525874152
1,477,6,68.60366041563579,55.85570504664017
2,478,10,72.73861494130091,53.82282249185349
1,477,12,68.60366041563579,55.85570504664017
2,476,4,112.65054076119746,114.65235371443633
1,465,2,123.52861924761963,83.60375058151016
2,476,11,112.65054076119746,114.65235371443633
2,460,6,117.06593032621778,76.55604690573547
1,457,6,83.49614625955863,60.89168578136825
2,478,5,72.73861494130091,53.82282249185349
2,458,2,68.08787538441291,48.06931525874152
2,482,8,118.52313379289657,76.58065992957611
1,461,16,193.04441156533966,248.66464328833635
2,462,6,105.89339053007468,107.77512815328635
1,461,14,193.04441156533966,248.66464328833635
1,481,9,130.76480991051355,133.08851549184396
2,462,12,105.89339053007468,107.77512815328635
1,465,3,123.52861924761963,83.60375058151016
2,482,6,118.52313379289657,76.58065992957611
1,463,4,175.69515542427766,248.9693793707975
1,479,6,91.9247919198516,93.55830595312229
2,464,1,120.75824439067263,122.90413216181149
2,462,4,105.89339053007468,107.77512815328635
1,481,8,130.76480991051355,133.08851549184396
1,463,9,95.98321575348803,74.30481477345508
2,462,7,105.89339053007468,107.77512815328635
1,465,8,123.52861924761963,83.60375058151016
1,465,10,123.52861924761963,83.60375058151016
2,464,6,120.75824439067263,122.90413216181149
2,480,8,107.97287829069491,69.22792447135251
1,461,11,119.91610027611118,95.95211779060804
2,480,5,107.97287829069491,69.22792447135251
2,476,10,112.65054076119746,114.65235371443633
2,458,11,68.08787538441291,48.06931525874152
1,479,12,91.9247919198516,93.55830595312229
2,462,2,105.89339053007468,107.77512815328635
1,479,9,91.9247919198516,93.55830595312229
1,481,7,130.76480991051355,133.08851549184396
1,461,3,119.91610027611118,95.95211779060804
1,479,7,91.9247919198516,93.55830595312229
1,463,11,95.98321575348803,74.30481477345508
2,464,4,120.75824439067263,122.90413216181149
1,465,5,123.52861924761963,83.60375058151016
2,464,5,120.75824439067263,122.90413216181149
2,464,9,120.75824439067263,122.90413216181149
2,464,7,120.75824439067263,122.90413216181149
1,463,5,95.98321575348803,74.30481477345508
1,459,5,114.70397756013413,92.4475894603856
1,461,13,193.04441156533966,248.66464328833635
1,463,8,95.98321575348803,74.30481477345508
2,478,7,72.73861494130091,53.82282249185349
1,463,12,95.98321575348803,74.30481477345508
2,462,1,105.89339053007468,107.77512815328635
2,458,7,68.08787538441291,48.06931525874152
2,480,3,107.97287829069491,69.22792447135251
1,461,5,119.91610027611118,95.95211779060804
1,457,4,83.49614625955863,60.89168578136825
1,457,5,83.49614625955863,60.89168578136825
2,458,9,68.08787538441291,48.06931525874152
1,465,11,123.52861924761963,83.60375058151016
1,477,4,68.60366041563579,55.85570504664017
1,461,8,119.91610027611118,95.95211779060804
2,476,9,112.65054076119746,114.65235371443633
1,465,9,123.52861924761963,83.60375058151016
2,480,9,107.97287829069491,69.22792447135251
1,457,8,83.49614625955863,60.89168578136825
2,482,13,405.75137970394906,897.4967060905464
1,459,16,172.85193499504757,209.936100790356
2,482,12,118.52313379289657,76.58065992957611
2,488,5,179.78853800000408,187.10920340963224
1,483,7,171.870556200024,125.59621405620675
2,471,7,150.5195301709999,108.10303343202904
2,486,10,156.87503431065,96.2139977054768
1,489,7,172.32316729301036,127.82335509931802
2,475,11,342.6233322850955,356.57433719949654
1,468,12,214.44825964965085,149.06371058355407
1,472,2,196.07654187403375,204.06042546141077
2,475,8,342.6233322850955,356.57433719949654
2,473,7,270.9834638707075,204.77047935834625
1,489,2,172.32316729301036,127.82335509931802
1,487,12,177.65496001997985,125.61874314330552
1,483,8,171.870556200024,125.59621405620675
2,473,3,270.9834638707075,204.77047935834625
1,470,5,213.0716123747709,173.95277062138743
1,474,8,220.39441553203037,140.25607122901965
2,475,2,342.6233322850955,356.57433719949654
2,484,8,208.7729395742105,217.27379760559
1,466,2,159.45209861415861,107.98945536087123
2,484,12,208.7729395742105,217.27379760559
2,471,10,150.5195301709999,108.10303343202904
1,472,4,196.07654187403375,204.06042546141077
1,485,3,392.45945334474567,408.43969533760503
2,486,5,396.09004593153253,613.3642353724147
1,489,13,393.7497446577835,667.3650307671576
1,466,10,159.45209861415861,107.98945536087123
1,483,1,513.2838387946309,1120.1824496904926
1,466,3,159.45209861415861,107.98945536087123
1,472,6,196.07654187403375,204.06042546141077
1,474,5,220.39441553203037,140.25607122901965
1,487,11,177.65496001997985,125.61874314330552
1,474,12,220.39441553203037,140.25607122901965
1,468,3,214.44825964965085,149.06371058355407
1,468,11,214.44825964965085,149.06371058355407
2,469,13,306.3054259817767,422.89332920790577
1,466,9,159.45209861415861,107.98945536087123
1,470,14,372.16526673329537,530.7033679974531
2,488,8,179.78853800000408,187.10920340963224
2,484,6,208.7729395742105,217.27379760559
2,486,11,156.87503431065,96.2139977054768
1,483,12,171.870556200024,125.59621405620675
2,471,1,150.5195301709999,108.10303343202904
2,467,4,279.90150184187127,291.2985868030756
1,466,8,159.45209861415861,107.98945536087123
1,470,9,213.0716123747709,173.95277062138743
2,471,5,150.5195301709999,108.10303343202904
2,486,14,396.09004593153253,613.3642353724147
1,466,4,159.45209861415861,107.98945536087123
1,472,9,196.07654187403375,204.06042546141077
1,489,9,172.32316729301036,127.82335509931802
2,469,11,190.46845427665804,163.51875396039023
2,486,13,396.09004593153253,613.3642353724147
1,474,1,220.39441553203037,140.25607122901965
2,488,3,179.78853800000408,187.10920340963224
1,489,4,172.32316729301036,127.82335509931802
1,470,8,372.16526673329537,530.7033679974531
2,467,11,279.90150184187127,291.2985868030756
2,484,10,208.7729395742105,217.27379760559
1,466,11,159.45209861415861,107.98945536087123
2,490,11,192.0547495036595,134.18326881357285
2,469,9,190.46845427665804,163.51875396039023
1,472,11,196.07654187403375,204.06042546141077
2,469,5,306.3054259817767,422.89332920790577
1,470,2,213.0716123747709,173.95277062138743
2,490,12,192.0547495036595,134.18326881357285
1,474,11,220.39441553203037,140.25607122901965
1,485,2,392.45945334474567,408.43969533760503
2,490,2,192.0547495036595,134.18326881357285
1,472,7,196.07654187403375,204.06042546141077
2,484,5,208.7729395742105,217.27379760559
1,472,5,196.07654187403375,204.06042546141077
1,474,2,220.39441553203037,140.25607122901965
2,488,12,179.78853800000408,187.10920340963224
1,474,7,220.39441553203037,140.25607122901965
2,486,8,156.87503431065,96.2139977054768
1,489,14,393.7497446577835,667.3650307671576
1,487,5,177.65496001997985,125.61874314330552
2,486,4,156.87503431065,96.2139977054768
1,470,6,213.0716123747709,173.95277062138743
1,470,10,213.0716123747709,173.95277062138743
2,471,6,150.5195301709999,108.10303343202904
2,490,3,192.0547495036595,134.18326881357285
1,474,13,790.0912374951067,1802.4988163887874
1,485,10,392.45945334474567,408.43969533760503
2,467,3,279.90150184187127,291.2985868030756
2,475,6,342.6233322850955,356.57433719949654
1,487,1,177.65496001997985,125.61874314330552
1,466,1,159.45209861415861,107.98945536087123
1,466,6,159.45209861415861,107.98945536087123
2,488,9,179.78853800000408,187.10920340963224
2,471,8,150.5195301709999,108.10303343202904
2,488,11,179.78853800000408,187.10920340963224
1,487,4,177.65496001997985,125.61874314330552
2,490,6,192.0547495036595,134.18326881357285
2,473,12,270.9834638707075,204.77047935834625
2,471,13,460.92042211313475,1013.6874610347639
1,468,2,214.44825964965085,149.06371058355407
1,472,8,196.07654187403375,204.06042546141077
2,486,3,156.87503431065,96.2139977054768
1,472,1,196.07654187403375,204.06042546141077
2,471,11,150.5195301709999,108.10303343202904
2,488,7,179.78853800000408,187.10920340963224
1,466,7,528.8427831379123,1187.8840089695836
2,475,7,342.6233322850955,356.57433719949654
2,484,4,208.7729395742105,217.27379760559
1,468,8,214.44825964965085,149.06371058355407
2,475,12,342.6233322850955,356.57433719949654
2,469,3,190.46845427665804,163.51875396039023
1,472,12,196.07654187403375,204.06042546141077
1,468,6,214.44825964965085,149.06371058355407
2,469,4,190.46845427665804,163.51875396039023
2,475,4,342.6233322850955,356.57433719949654
1,472,3,196.07654187403375,204.06042546141077
2,469,12,190.46845427665804,163.51875396039023
2,471,3,150.5195301709999,108.10303343202904
2,469,6,190.46845427665804,163.51875396039023
2,467,7,279.90150184187127,291.2985868030756
2,473,8,270.9834638707075,204.77047935834625
2,473,13,602.9302937041506,1013.7152443482486
2,473,6,270.9834638707075,204.77047935834625
1,483,4,171.870556200024,125.59621405620675
1,483,10,171.870556200024,125.59621405620675
2,473,9,270.9834638707075,204.77047935834625
1,468,13,687.1273843221827,1530.387428657822
2,475,1,342.6233322850955,356.57433719949654
2,490,9,192.0547495036595,134.18326881357285
2,490,7,192.0547495036595,134.18326881357285
2,490,1,192.0547495036595,134.18326881357285
1,489,11,172.32316729301036,127.82335509931802
1,483,11,171.870556200024,125.59621405620675
2,484,2,208.7729395742105,217.27379760559
2,473,1,270.9834638707075,204.77047935834625
1,485,1,392.45945334474567,408.43969533760503
1,489,8,172.32316729301036,127.82335509931802
1,489,1,172.32316729301036,127.82335509931802
1,485,4,392.45945334474567,408.43969533760503
1,485,7,392.45945334474567,408.43969533760503
2,486,12,156.87503431065,96.2139977054768
2,471,9,150.5195301709999,108.10303343202904
1,487,3,177.65496001997985,125.61874314330552
1,487,2,177.65496001997985,125.61874314330552
2,488,6,179.78853800000408,187.10920340963224
1,474,10,220.39441553203037,140.25607122901965
1,487,8,177.65496001997985,125.61874314330552
1,489,5,172.32316729301036,127.82335509931802
1,466,12,159.45209861415861,107.98945536087123
1,487,13,556.0593153774197,1230.6711242320712
1,468,4,214.44825964965085,149.06371058355407
1,487,7,177.65496001997985,125.61874314330552
1,489,6,172.32316729301036,127.82335509931802
1,470,4,213.0716123747709,173.95277062138743
1,468,7,214.44825964965085,149.06371058355407
2,490,5,192.0547495036595,134.18326881357285
2,488,10,179.78853800000408,187.10920340963224
1,474,6,220.39441553203037,140.25607122901965
1,468,5,214.44825964965085,149.06371058355407
2,475,3,342.6233322850955,356.57433719949654
2,488,1,179.78853800000408,187.10920340963224
1,485,6,392.45945334474567,408.43969533760503
1,466,5,159.45209861415861,107.98945536087123
2,490,4,192.0547495036595,134.18326881357285
1,470,7,213.0716123747709,173.95277062138743
2,473,10,270.9834638707075,204.77047935834625
2,471,12,150.5195301709999,108.10303343202904
2,471,4,150.5195301709999,108.10303343202904
1,470,13,372.16526673329537,530.7033679974531
1,487,10,177.65496001997985,125.61874314330552
2,467,2,279.90150184187127,291.2985868030756
2,467,6,279.90150184187127,291.2985868030756
2,490,10,192.0547495036595,134.18326881357285
2,469,1,190.46845427665804,163.51875396039023
2,469,14,306.3054259817767,422.89332920790577
1,483,2,171.870556200024,125.59621405620675
1,474,4,220.39441553203037,140.25607122901965
2,484,11,208.7729395742105,217.27379760559
1,483,6,171.870556200024,125.59621405620675
1,468,9,214.44825964965085,149.06371058355407
1,472,10,196.07654187403375,204.06042546141077
2,467,8,279.90150184187127,291.2985868030756
2,488,4,179.78853800000408,187.10920340963224
2,484,9,208.7729395742105,217.27379760559
2,484,1,208.7729395742105,217.27379760559
2,486,6,156.87503431065,96.2139977054768
1,483,3,171.870556200024,125.59621405620675
2,467,12,279.90150184187127,291.2985868030756
2,473,4,270.9834638707075,204.77047935834625
1,489,3,172.32316729301036,127.82335509931802
2,473,5,602.9302937041506,1013.7152443482486
2,486,7,156.87503431065,96.2139977054768
1,485,9,392.45945334474567,408.43969533760503
1,470,12,213.0716123747709,173.95277062138743
2,486,9,156.87503431065,96.2139977054768
1,474,3,220.39441553203037,140.25607122901965
2,467,10,279.90150184187127,291.2985868030756
1,483,5,171.870556200024,125.59621405620675
2,469,8,190.46845427665804,163.51875396039023
2,484,7,208.7729395742105,217.27379760559
1,487,9,177.65496001997985,125.61874314330552
2,475,5,342.6233322850955,356.57433719949654
1,485,11,392.45945334474567,408.43969533760503
2,490,13,611.1144707990461,1358.605596737425
1,485,8,392.45945334474567,408.43969533760503
2,469,7,190.46845427665804,163.51875396039023
1,485,12,392.45945334474567,408.43969533760503
2,467,1,279.90150184187127,291.2985868030756
1,485,5,392.45945334474567,408.43969533760503
2,467,5,279.90150184187127,291.2985868030756
1,468,1,214.44825964965085,149.06371058355407
2,475,9,342.6233322850955,356.57433719949654
2,467,9,279.90150184187127,291.2985868030756
2,488,2,179.78853800000408,187.10920340963224
2,475,10,342.6233322850955,356.57433719949654
2,484,3,208.7729395742105,217.27379760559
1,470,11,213.0716123747709,173.95277062138743
1,483,9,171.870556200024,125.59621405620675
2,473,11,270.9834638707075,204.77047935834625
1,68,11,162.39962413011762,102.67692467682231
1,74,8,99.700015972632,59.68056294123051
2,73,8,237.0875063636924,205.37625202706582
1,68,14,474.96598612204775,878.2695623182734
2,67,12,109.3515475667557,71.56955929557564
1,72,16,231.1735086951968,305.4540383083881
1,70,6,130.914439476036,96.04394499661849
2,67,13,396.8431998078024,942.5759646002343
2,75,7,145.8319268454509,157.6948497129842
1,72,4,139.48743434695893,111.20899452975291
1,74,2,99.700015972632,59.68056294123051
1,68,4,162.39962413011762,102.67692467682231
2,75,9,145.8319268454509,157.6948497129842
2,73,15,351.5450167249232,451.5384921327461
2,67,1,109.3515475667557,71.56955929557564
2,69,13,178.32682383697517,237.71125557831706
2,69,3,178.32682383697517,237.71125557831706
2,71,10,124.91938867933884,88.62166546300227
1,74,3,99.700015972632,59.68056294123051
2,75,3,145.8319268454509,157.6948497129842
1,66,13,369.9682480999469,656.3892370716461
2,73,14,351.5450167249232,451.5384921327461
1,66,5,157.70688767967323,119.27072722399421
1,66,9,157.70688767967323,119.27072722399421
1,68,6,162.39962413011762,102.67692467682231
1,66,12,157.70688767967323,119.27072722399421
1,68,7,162.39962413011762,102.67692467682231
2,71,1,124.91938867933884,88.62166546300227
2,69,15,178.32682383697517,237.71125557831706
1,72,3,139.48743434695893,111.20899452975291
2,71,8,124.91938867933884,88.62166546300227
1,66,3,369.9682480999469,656.3892370716461
1,74,12,99.700015972632,59.68056294123051
1,66,4,157.70688767967323,119.27072722399421
2,75,11,145.8319268454509,157.6948497129842
1,68,13,474.96598612204775,878.2695623182734
2,69,1,119.55057431952154,106.83651936104137
2,69,5,119.55057431952154,106.83651936104137
2,71,13,318.7382929633184,576.9639678580877
2,69,4,119.55057431952154,106.83651936104137
1,74,9,99.700015972632,59.68056294123051
2,67,3,109.3515475667557,71.56955929557564
2,69,8,119.55057431952154,106.83651936104137
1,70,2,130.914439476036,96.04394499661849
1,68,2,162.39962413011762,102.67692467682231
2,73,13,351.5450167249232,451.5384921327461
2,67,6,109.3515475667557,71.56955929557564
1,66,6,157.70688767967323,119.27072722399421
1,66,11,157.70688767967323,119.27072722399421
2,73,17,351.5450167249232,451.5384921327461
2,75,12,145.8319268454509,157.6948497129842
1,70,11,130.914439476036,96.04394499661849
1,70,12,130.914439476036,96.04394499661849
2,73,1,237.0875063636924,205.37625202706582
1,70,5,130.914439476036,96.04394499661849
1,74,1,99.700015972632,59.68056294123051
2,71,12,124.91938867933884,88.62166546300227
1,68,8,162.39962413011762,102.67692467682231
2,73,6,237.0875063636924,205.37625202706582
2,73,11,237.0875063636924,205.37625202706582
1,70,8,130.914439476036,96.04394499661849
2,69,11,119.55057431952154,106.83651936104137
2,75,6,145.8319268454509,157.6948497129842
2,75,4,145.8319268454509,157.6948497129842
1,70,7,130.914439476036,96.04394499661849
2,67,11,109.3515475667557,71.56955929557564
2,67,2,109.3515475667557,71.56955929557564
2,75,10,145.8319268454509,157.6948497129842
2,73,2,237.0875063636924,205.37625202706582
2,75,2,145.8319268454509,157.6948497129842
2,69,2,119.55057431952154,106.83651936104137
2,71,3,124.91938867933884,88.62166546300227
2,67,8,109.3515475667557,71.56955929557564
2,71,7,124.91938867933884,88.62166546300227
1,68,1,162.39962413011762,102.67692467682231
1,74,10,99.700015972632,59.68056294123051
1,70,4,130.914439476036,96.04394499661849
1,74,5,99.700015972632,59.68056294123051
2,69,12,119.55057431952154,106.83651936104137
1,70,15,279.9934368759807,439.32972859839344
2,69,14,178.32682383697517,237.71125557831706
1,74,7,99.700015972632,59.68056294123051
2,75,1,145.8319268454509,157.6948497129842
2,71,2,124.91938867933884,88.62166546300227
2,71,4,124.91938867933884,88.62166546300227
2,67,4,109.3515475667557,71.56955929557564
1,70,10,130.914439476036,96.04394499661849
2,67,7,109.3515475667557,71.56955929557564
1,72,12,139.48743434695893,111.20899452975291
1,72,2,139.48743434695893,111.20899452975291
2,71,9,318.7382929633184,576.9639678580877
1,70,14,279.9934368759807,439.32972859839344
1,72,13,231.1735086951968,305.4540383083881
2,67,10,109.3515475667557,71.56955929557564
1,70,13,279.9934368759807,439.32972859839344
2,73,7,237.0875063636924,205.37625202706582
1,66,2,157.70688767967323,119.27072722399421
2,75,8,145.8319268454509,157.6948497129842
1,68,5,162.39962413011762,102.67692467682231
1,74,6,99.700015972632,59.68056294123051
1,68,10,162.39962413011762,102.67692467682231
1,68,9,162.39962413011762,102.67692467682231
2,71,11,124.91938867933884,88.62166546300227
1,72,15,231.1735086951968,305.4540383083881
2,71,6,124.91938867933884,88.62166546300227
1,66,1,157.70688767967323,119.27072722399421
1,72,7,139.48743434695893,111.20899452975291
1,72,10,139.48743434695893,111.20899452975291
1,72,1,139.48743434695893,111.20899452975291
2,67,9,109.3515475667557,71.56955929557564
2,73,16,351.5450167249232,451.5384921327461
1,66,8,157.70688767967323,119.27072722399421
2,75,5,145.8319268454509,157.6948497129842
1,66,7,157.70688767967323,119.27072722399421
2,73,9,237.0875063636924,205.37625202706582
1,72,17,231.1735086951968,305.4540383083881
1,74,13,400.35484586452446,962.349077427342
1,72,14,231.1735086951968,305.4540383083881
1,74,4,99.700015972632,59.68056294123051
2,69,6,119.55057431952154,106.83651936104137
2,498,2,86.53569846099387,85.72290561810684
1,516,9,69.46980640069488,37.50445241346544
1,514,5,55.62649400646288,33.55594963248041
1,495,10,74.60629001647405,45.3549706473793
1,516,6,69.46980640069488,37.50445241346544
1,495,3,74.60629001647405,45.3549706473793
1,516,10,69.46980640069488,37.50445241346544
1,516,1,69.46980640069488,37.50445241346544
2,513,8,62.188243447770596,41.3453405873468
2,496,4,63.84320715527083,63.243555187751916
1,495,4,74.60629001647405,45.3549706473793
1,491,7,84.15422747675501,83.363802773329
1,497,4,67.703968821218,40.44691002793202
1,499,9,87.42900736951562,86.60782405772098
2,498,8,86.53569846099387,85.72290561810684
2,494,16,86.70707351396342,109.25801123878915
1,493,3,70.00319579844862,46.45488774152961
1,497,13,191.1719956643412,322.4821204929715
1,493,9,70.00319579844862,46.45488774152961
1,499,10,87.42900736951562,86.60782405772098
1,491,6,84.15422747675501,83.363802773329
1,495,11,74.60629001647405,45.3549706473793
1,514,7,55.62649400646288,33.55594963248041
2,513,7,62.188243447770596,41.3453405873468
1,491,3,84.15422747675501,83.363802773329
2,500,9,91.72519603867761,90.863660462279
2,523,14,147.66564490541379,231.83903172109984
1,491,11,84.15422747675501,83.363802773329
1,514,8,55.62649400646288,33.55594963248041
1,499,4,87.42900736951562,86.60782405772098
1,497,7,67.703968821218,40.44691002793202
2,513,11,62.188243447770596,41.3453405873468
2,500,7,91.72519603867761,90.863660462279
2,500,6,91.72519603867761,90.863660462279
1,499,5,87.42900736951562,86.60782405772098
2,500,5,91.72519603867761,90.863660462279
1,516,5,69.46980640069488,37.50445241346544
2,523,12,70.26388430899846,52.491856238739594
1,493,4,173.91834078068345,286.7387898528897
2,496,1,63.84320715527083,63.243555187751916
1,508,10,107.37653328679627,106.36799138672865
2,513,13,154.13224275375856,253.97852075084458
2,500,10,91.72519603867761,90.863660462279
1,508,7,107.37653328679627,106.36799138672865
1,491,9,84.15422747675501,83.363802773329
2,492,13,200.47928421021214,293.3703073753825
2,513,9,62.188243447770596,41.3453405873468
1,497,1,67.703968821218,40.44691002793202
2,523,3,70.26388430899846,52.491856238739594
2,492,9,84.4861730989182,52.10128409672093
1,493,7,70.00319579844862,46.45488774152961
2,513,3,62.188243447770596,41.3453405873468
1,497,5,67.703968821218,40.44691002793202
2,498,5,86.53569846099387,85.72290561810684
1,491,8,84.15422747675501,83.363802773329
2,515,6,83.16417774173438,82.3830521524663
1,514,11,55.62649400646288,33.55594963248041
2,498,10,86.53569846099387,85.72290561810684
1,491,12,84.15422747675501,83.363802773329
1,497,2,67.703968821218,40.44691002793202
1,499,11,87.42900736951562,86.60782405772098
2,513,5,62.188243447770596,41.3453405873468
2,498,12,86.53569846099387,85.72290561810684
2,515,11,83.16417774173438,82.3830521524663
2,494,8,52.99520574868616,40.81477431334078
1,493,10,70.00319579844862,46.45488774152961
1,508,6,107.37653328679627,106.36799138672865
2,515,8,83.16417774173438,82.3830521524663
1,497,8,191.1719956643412,322.4821204929715
2,513,4,154.13224275375856,253.97852075084458
2,515,3,83.16417774173438,82.3830521524663
2,513,2,62.188243447770596,41.3453405873468
2,496,8,63.84320715527083,63.243555187751916
2,523,2,70.26388430899846,52.491856238739594
2,496,9,63.84320715527083,63.243555187751916
2,496,7,63.84320715527083,63.243555187751916
2,496,10,63.84320715527083,63.243555187751916
2,494,1,52.99520574868616,40.81477431334078
1,495,2,74.60629001647405,45.3549706473793
1,495,5,206.4350786987467,347.2489940189977
2,500,2,91.72519603867761,90.863660462279
1,497,12,67.703968821218,40.44691002793202
1,495,13,206.4350786987467,347.2489940189977
2,496,6,63.84320715527083,63.243555187751916
2,513,1,62.188243447770596,41.3453405873468
2,515,12,83.16417774173438,82.3830521524663
1,499,2,87.42900736951562,86.60782405772098
1,495,12,74.60629001647405,45.3549706473793
2,500,12,91.72519603867761,90.863660462279
2,494,11,52.99520574868616,40.81477431334078
1,499,7,87.42900736951562,86.60782405772098
2,498,1,86.53569846099387,85.72290561810684
1,495,8,74.60629001647405,45.3549706473793
2,515,10,83.16417774173438,82.3830521524663
2,515,4,83.16417774173438,82.3830521524663
2,492,5,84.4861730989182,52.10128409672093
1,514,12,55.62649400646288,33.55594963248041
2,492,12,84.4861730989182,52.10128409672093
2,500,4,91.72519603867761,90.863660462279
2,498,11,86.53569846099387,85.72290561810684
1,508,9,107.37653328679627,106.36799138672865
1,491,5,84.15422747675501,83.363802773329
1,499,3,87.42900736951562,86.60782405772098
1,493,6,70.00319579844862,46.45488774152961
1,491,10,84.15422747675501,83.363802773329
1,497,6,67.703968821218,40.44691002793202
2,492,4,84.4861730989182,52.10128409672093
2,496,11,63.84320715527083,63.243555187751916
1,495,1,74.60629001647405,45.3549706473793
2,523,4,70.26388430899846,52.491856238739594
2,523,1,70.26388430899846,52.491856238739594
1,499,1,87.42900736951562,86.60782405772098
2,492,2,84.4861730989182,52.10128409672093
1,493,1,70.00319579844862,46.45488774152961
2,513,6,62.188243447770596,41.3453405873468
2,494,13,86.70707351396342,109.25801123878915
2,494,14,86.70707351396342,109.25801123878915
2,496,5,63.84320715527083,63.243555187751916
2,494,3,52.99520574868616,40.81477431334078
2,492,11,84.4861730989182,52.10128409672093
2,492,6,200.47928421021214,293.3703073753825
2,515,7,83.16417774173438,82.3830521524663
1,516,13,283.70076913820964,625.4774805729559
1,497,9,67.703968821218,40.44691002793202
1,508,8,107.37653328679627,106.36799138672865
2,523,7,70.26388430899846,52.491856238739594
1,499,12,87.42900736951562,86.60782405772098
2,498,9,86.53569846099387,85.72290561810684
2,515,1,83.16417774173438,82.3830521524663
1,491,1,84.15422747675501,83.363802773329
1,491,4,84.15422747675501,83.363802773329
2,513,12,62.188243447770596,41.3453405873468
2,492,3,84.4861730989182,52.10128409672093
2,494,9,52.99520574868616,40.81477431334078
2,515,2,83.16417774173438,82.3830521524663
1,508,11,107.37653328679627,106.36799138672865
2,492,10,84.4861730989182,52.10128409672093
2,494,15,86.70707351396342,109.25801123878915
1,508,2,107.37653328679627,106.36799138672865
2,492,7,84.4861730989182,52.10128409672093
1,493,11,70.00319579844862,46.45488774152961
1,514,2,55.62649400646288,33.55594963248041
1,516,8,69.46980640069488,37.50445241346544
1,497,10,67.703968821218,40.44691002793202
1,514,1,55.62649400646288,33.55594963248041
1,493,5,70.00319579844862,46.45488774152961
2,492,14,200.47928421021214,293.3703073753825
1,516,2,69.46980640069488,37.50445241346544
1,516,7,69.46980640069488,37.50445241346544
1,495,6,74.60629001647405,45.3549706473793
2,500,1,91.72519603867761,90.863660462279
1,514,3,55.62649400646288,33.55594963248041
1,514,9,55.62649400646288,33.55594963248041
1,508,5,107.37653328679627,106.36799138672865
2,498,3,86.53569846099387,85.72290561810684
2,500,11,91.72519603867761,90.863660462279
2,523,13,147.66564490541379,231.83903172109984
1,508,3,107.37653328679627,106.36799138672865
1,508,1,107.37653328679627,106.36799138672865
2,515,9,83.16417774173438,82.3830521524663
1,491,2,84.15422747675501,83.363802773329
1,514,13,200.40983689468592,435.5562262295958
1,508,12,107.37653328679627,106.36799138672865
1,497,11,67.703968821218,40.44691002793202
2,494,4,52.99520574868616,40.81477431334078
1,493,12,70.00319579844862,46.45488774152961
1,493,13,173.91834078068345,286.7387898528897
1,493,2,70.00319579844862,46.45488774152961
2,523,5,70.26388430899846,52.491856238739594
1,495,7,74.60629001647405,45.3549706473793
2,523,8,70.26388430899846,52.491856238739594
2,494,6,52.99520574868616,40.81477431334078
2,523,6,70.26388430899846,52.491856238739594
1,499,8,87.42900736951562,86.60782405772098
2,515,5,83.16417774173438,82.3830521524663
1,508,4,107.37653328679627,106.36799138672865
2,523,11,70.26388430899846,52.491856238739594
2,494,10,52.99520574868616,40.81477431334078
1,499,6,87.42900736951562,86.60782405772098
1,514,6,55.62649400646288,33.55594963248041
2,496,12,63.84320715527083,63.243555187751916
1,516,4,69.46980640069488,37.50445241346544
2,498,7,86.53569846099387,85.72290561810684
2,496,2,63.84320715527083,63.243555187751916
2,500,3,91.72519603867761,90.863660462279
2,496,3,63.84320715527083,63.243555187751916
2,498,6,86.53569846099387,85.72290561810684
2,498,4,86.53569846099387,85.72290561810684
1,514,4,55.62649400646288,33.55594963248041
1,516,12,69.46980640069488,37.50445241346544
1,516,11,69.46980640069488,37.50445241346544
2,500,8,91.72519603867761,90.863660462279
2,517,7,247.87321847197143,247.77583605539238
2,519,5,116.5054000705282,81.5217398627319
1,518,9,290.3682230241392,290.25414551536204
1,512,11,213.36293822076,142.15418378768325
1,507,10,285.74714600631444,285.6348839887387
1,525,8,193.9239242077376,135.13057112703555
1,501,2,192.215664385126,142.78289382416588
1,501,12,192.215664385126,142.78289382416588
2,504,5,165.07689853743167,165.01204446646727
2,519,3,116.5054000705282,81.5217398627319
2,509,13,860.8045845853981,1872.1108364070856
1,510,5,249.0975376848059,173.04142895391206
2,517,3,247.87321847197143,247.77583605539238
2,509,9,250.1012642568424,158.03533034605266
2,526,7,222.49295152357817,222.40554030011182
1,520,6,282.6969266417228,282.58586296955383
2,526,10,222.49295152357817,222.40554030011182
1,518,7,290.3682230241392,290.25414551536204
1,518,4,290.3682230241392,290.25414551536204
1,518,12,290.3682230241392,290.25414551536204
1,503,1,221.07863017229522,125.70310237575093
1,501,11,192.215664385126,142.78289382416588
2,526,4,222.49295152357817,222.40554030011182
2,509,5,250.1012642568424,158.03533034605266
2,526,5,222.49295152357817,222.40554030011182
1,518,3,290.3682230241392,290.25414551536204
2,511,5,231.68687514025495,231.59585188276108
2,517,6,247.87321847197143,247.77583605539238
1,505,7,260.9621310367003,162.01543000894122
1,525,12,193.9239242077376,135.13057112703555
1,518,2,290.3682230241392,290.25414551536204
1,507,4,285.74714600631444,285.6348839887387
2,504,4,165.07689853743167,165.01204446646727
1,512,4,213.36293822076,142.15418378768325
1,510,14,589.47236268679,969.0320021419075
2,502,4,285.6139926297971,285.50178292443826
1,518,5,290.3682230241392,290.25414551536204
1,505,10,260.9621310367003,162.01543000894122
2,526,9,222.49295152357817,222.40554030011182
1,501,3,192.215664385126,142.78289382416588
1,505,5,260.9621310367003,162.01543000894122
1,503,2,221.07863017229522,125.70310237575093
1,512,7,213.36293822076,142.15418378768325
2,506,7,224.87255528318863,224.78420918032694
1,512,10,213.36293822076,142.15418378768325
2,509,12,250.1012642568424,158.03533034605266
2,509,3,250.1012642568424,158.03533034605266
1,510,13,589.47236268679,969.0320021419075
1,501,10,192.215664385126,142.78289382416588
1,510,7,249.0975376848059,173.04142895391206
1,522,11,328.7267402352313,328.59759274380156
1,518,11,290.3682230241392,290.25414551536204
1,525,6,193.9239242077376,135.13057112703555
2,502,6,285.6139926297971,285.50178292443826
2,502,9,285.6139926297971,285.50178292443826
2,506,6,224.87255528318863,224.78420918032694
2,521,11,46.85113934358061,35.01729280467347
2,521,12,46.85113934358061,35.01729280467347
1,522,1,328.7267402352313,328.59759274380156
1,503,7,221.07863017229522,125.70310237575093
1,505,6,260.9621310367003,162.01543000894122
1,525,3,193.9239242077376,135.13057112703555
2,524,7,275.36118263795817,275.25300097330455
2,524,11,275.36118263795817,275.25300097330455
2,519,6,349.51620021158465,733.6956587645872
2,506,1,224.87255528318863,224.78420918032694
2,519,11,116.5054000705282,81.5217398627319
1,505,11,260.9621310367003,162.01543000894122
2,509,7,250.1012642568424,158.03533034605266
2,504,2,165.07689853743167,165.01204446646727
2,504,12,165.07689853743167,165.01204446646727
1,501,4,192.215664385126,142.78289382416588
1,510,11,249.0975376848059,173.04142895391206
2,502,12,285.6139926297971,285.50178292443826
2,506,8,224.87255528318863,224.78420918032694
1,522,8,328.7267402352313,328.59759274380156
1,522,7,328.7267402352313,328.59759274380156
2,526,1,222.49295152357817,222.40554030011182
2,502,1,285.6139926297971,285.50178292443826
1,503,6,221.07863017229522,125.70310237575093
1,525,9,193.9239242077376,135.13057112703555
2,502,10,285.6139926297971,285.50178292443826
2,506,2,224.87255528318863,224.78420918032694
2,511,4,231.68687514025495,231.59585188276108
2,511,12,231.68687514025495,231.59585188276108
1,507,11,285.74714600631444,285.6348839887387
2,506,4,224.87255528318863,224.78420918032694
1,510,10,249.0975376848059,173.04142895391206
1,512,1,213.36293822076,142.15418378768325
2,504,6,165.07689853743167,165.01204446646727
1,503,8,221.07863017229522,125.70310237575093
1,501,6,192.215664385126,142.78289382416588
1,503,3,221.07863017229522,125.70310237575093
2,519,9,116.5054000705282,81.5217398627319
2,517,2,247.87321847197143,247.77583605539238
2,509,1,250.1012642568424,158.03533034605266
1,520,12,282.6969266417228,282.58586296955383
2,524,10,275.36118263795817,275.25300097330455
2,502,5,285.6139926297971,285.50178292443826
2,511,2,231.68687514025495,231.59585188276108
1,520,8,282.6969266417228,282.58586296955383
2,506,3,224.87255528318863,224.78420918032694
2,506,12,224.87255528318863,224.78420918032694
1,512,9,213.36293822076,142.15418378768325
1,525,5,193.9239242077376,135.13057112703555
2,526,2,222.49295152357817,222.40554030011182
1,505,12,918.0156690987346,2004.9409463606476
1,522,2,328.7267402352313,328.59759274380156
1,510,3,249.0975376848059,173.04142895391206
1,520,7,282.6969266417228,282.58586296955383
1,522,10,328.7267402352313,328.59759274380156
2,521,8,46.85113934358061,35.01729280467347
2,521,6,46.85113934358061,35.01729280467347
1,507,9,285.74714600631444,285.6348839887387
2,509,11,250.1012642568424,158.03533034605266
2,502,2,285.6139926297971,285.50178292443826
2,524,3,275.36118263795817,275.25300097330455
1,505,9,260.9621310367003,162.01543000894122
1,507,8,285.74714600631444,285.6348839887387
1,512,5,213.36293822076,142.15418378768325
1,525,10,193.9239242077376,135.13057112703555
2,521,7,46.85113934358061,35.01729280467347
1,520,1,282.6969266417228,282.58586296955383
2,511,1,231.68687514025495,231.59585188276108
1,507,2,285.74714600631444,285.6348839887387
2,519,12,116.5054000705282,81.5217398627319
2,524,8,275.36118263795817,275.25300097330455
2,519,1,116.5054000705282,81.5217398627319
1,520,11,282.6969266417228,282.58586296955383
1,520,10,282.6969266417228,282.58586296955383
2,511,6,231.68687514025495,231.59585188276108
1,510,4,249.0975376848059,173.04142895391206
1,501,1,192.215664385126,142.78289382416588
2,524,5,275.36118263795817,275.25300097330455
1,503,10,861.6531085600697,1909.4899837078356
1,501,9,413.20610453922404,659.8300396419786
1,510,2,249.0975376848059,173.04142895391206
2,526,12,222.49295152357817,222.40554030011182
1,522,6,328.7267402352313,328.59759274380156
2,526,11,222.49295152357817,222.40554030011182
1,510,6,249.0975376848059,173.04142895391206
2,517,5,247.87321847197143,247.77583605539238
2,504,1,165.07689853743167,165.01204446646727
1,518,1,290.3682230241392,290.25414551536204
2,517,10,247.87321847197143,247.77583605539238
2,517,9,247.87321847197143,247.77583605539238
2,511,3,231.68687514025495,231.59585188276108
2,524,1,275.36118263795817,275.25300097330455
2,517,12,247.87321847197143,247.77583605539238
2,504,10,165.07689853743167,165.01204446646727
1,520,9,282.6969266417228,282.58586296955383
2,511,7,231.68687514025495,231.59585188276108
2,511,9,231.68687514025495,231.59585188276108
1,512,8,213.36293822076,142.15418378768325
1,512,12,213.36293822076,142.15418378768325
2,521,5,46.85113934358061,35.01729280467347
2,524,6,275.36118263795817,275.25300097330455
2,517,1,247.87321847197143,247.77583605539238
1,525,13,585.2961686938776,1230.9550463603393
2,526,6,222.49295152357817,222.40554030011182
1,512,2,213.36293822076,142.15418378768325
1,512,3,685.5747108192122,1467.6795992816071
2,506,9,224.87255528318863,224.78420918032694
2,519,7,116.5054000705282,81.5217398627319
2,502,8,285.6139926297971,285.50178292443826
2,524,2,275.36118263795817,275.25300097330455
1,507,1,285.74714600631444,285.6348839887387
2,517,8,247.87321847197143,247.77583605539238
2,509,4,250.1012642568424,158.03533034605266
2,506,11,224.87255528318863,224.78420918032694
2,506,10,224.87255528318863,224.78420918032694
2,511,11,231.68687514025495,231.59585188276108
1,505,8,260.9621310367003,162.01543000894122
1,522,9,328.7267402352313,328.59759274380156
1,525,11,193.9239242077376,135.13057112703555
1,518,8,290.3682230241392,290.25414551536204
2,519,8,116.5054000705282,81.5217398627319
1,501,13,413.20610453922404,659.8300396419786
1,507,12,285.74714600631444,285.6348839887387
1,510,1,249.0975376848059,173.04142895391206
1,510,8,249.0975376848059,173.04142895391206
2,521,9,46.85113934358061,35.01729280467347
1,520,4,282.6969266417228,282.58586296955383
1,520,3,282.6969266417228,282.58586296955383
1,525,4,193.9239242077376,135.13057112703555
2,521,3,46.85113934358061,35.01729280467347
2,504,11,165.07689853743167,165.01204446646727
2,521,10,46.85113934358061,35.01729280467347
1,507,5,285.74714600631444,285.6348839887387
2,519,4,116.5054000705282,81.5217398627319
1,503,11,221.07863017229522,125.70310237575093
1,501,5,192.215664385126,142.78289382416588
2,511,10,231.68687514025495,231.59585188276108
2,506,5,224.87255528318863,224.78420918032694
2,524,9,275.36118263795817,275.25300097330455
2,509,6,250.1012642568424,158.03533034605266
1,520,5,282.6969266417228,282.58586296955383
2,502,11,285.6139926297971,285.50178292443826
1,512,6,213.36293822076,142.15418378768325
1,505,4,260.9621310367003,162.01543000894122
2,526,8,222.49295152357817,222.40554030011182
2,504,7,165.07689853743167,165.01204446646727
2,517,11,247.87321847197143,247.77583605539238
2,517,4,247.87321847197143,247.77583605539238
1,505,3,260.9621310367003,162.01543000894122
1,503,9,221.07863017229522,125.70310237575093
2,502,3,285.6139926297971,285.50178292443826
1,507,3,285.74714600631444,285.6348839887387
2,509,2,250.1012642568424,158.03533034605266
2,521,1,46.85113934358061,35.01729280467347
2,504,9,165.07689853743167,165.01204446646727
2,504,8,165.07689853743167,165.01204446646727
2,524,4,275.36118263795817,275.25300097330455
1,522,12,328.7267402352313,328.59759274380156
1,522,3,328.7267402352313,328.59759274380156
2,504,3,165.07689853743167,165.01204446646727
1,505,2,260.9621310367003,162.01543000894122
2,521,4,46.85113934358061,35.01729280467347
1,518,10,290.3682230241392,290.25414551536204
1,507,7,285.74714600631444,285.6348839887387
1,522,5,328.7267402352313,328.59759274380156
1,503,12,221.07863017229522,125.70310237575093
1,507,6,285.74714600631444,285.6348839887387
2,524,12,275.36118263795817,275.25300097330455
2,519,10,116.5054000705282,81.5217398627319
1,525,1,193.9239242077376,135.13057112703555
1,525,2,193.9239242077376,135.13057112703555
2,521,2,126.87348510939992,256.79348056760546
1,503,4,221.07863017229522,125.70310237575093
2,502,7,285.6139926297971,285.50178292443826
2,526,3,222.49295152357817,222.40554030011182
1,522,4,328.7267402352313,328.59759274380156
1,503,5,221.07863017229522,125.70310237575093
1,520,2,282.6969266417228,282.58586296955383
1,518,6,290.3682230241392,290.25414551536204
2,509,10,250.1012642568424,158.03533034605266
1,501,7,192.215664385126,142.78289382416588
2,511,8,231.68687514025495,231.59585188276108
2,519,2,116.5054000705282,81.5217398627319
1,505,1,260.9621310367003,162.01543000894122
1,541,7,17.7328296584353,11.313026886573857
1,531,3,22.803831166823958,19.271655048491183
1,545,16,34.12991830324366,35.423141574259326
2,544,3,30.627801193365634,21.551182992801856
1,537,1,25.416251561898385,17.176385380810927
2,532,5,22.845418701240355,21.140062220465182
2,544,10,30.627801193365634,21.551182992801856
2,538,6,34.888119500423024,32.06386715635452
2,538,7,34.888119500423024,32.06386715635452
1,545,14,34.12991830324366,35.423141574259326
2,530,2,68.13449473368495,146.46805032724743
2,534,11,21.838598859764,17.042156742578005
2,528,8,28.54336618820046,21.42952623261239
2,534,5,21.838598859764,17.042156742578005
1,537,9,25.416251561898385,17.176385380810927
1,545,1,34.548705973702525,36.29778704522869
2,555,7,24.877870750143984,17.551167936525744
2,538,5,34.888119500423024,32.06386715635452
1,527,14,49.89768425804176,81.3792570265957
2,544,2,30.627801193365634,21.551182992801856
2,532,12,22.845418701240355,21.140062220465182
2,555,5,24.877870750143984,17.551167936525744
2,555,3,24.877870750143984,17.551167936525744
2,544,4,30.627801193365634,21.551182992801856
2,538,12,34.888119500423024,32.06386715635452
1,541,10,17.7328296584353,11.313026886573857
2,528,1,28.54336618820046,21.42952623261239
2,530,11,22.480331939439992,15.944623200181365
1,533,14,38.11493336847496,48.61884291894451
1,543,5,66.74534285703697,57.75637626205407
2,544,11,30.627801193365634,21.551182992801856
1,539,14,31.658867057057893,37.908810143937295
2,528,4,64.42421515406294,109.16928458123292
2,530,1,22.480331939439992,15.944623200181365
2,540,11,24.660646647241993,21.03671500997266
1,545,6,34.548705973702525,36.29778704522869
2,536,8,21.766321556742433,19.802487025765114
1,535,6,23.346800037386092,14.268007634356643
1,541,14,42.999826702523876,66.52059809305426
2,528,13,64.42421515406294,109.16928458123292
1,535,2,23.346800037386092,14.268007634356643
2,555,9,24.877870750143984,17.551167936525744
2,530,12,22.480331939439992,15.944623200181365
2,532,3,22.845418701240355,21.140062220465182
1,529,7,27.958491819639107,22.000893696693698
1,537,11,25.416251561898385,17.176385380810927
1,535,14,68.21336239794921,121.8000651713372
2,534,6,21.838598859764,17.042156742578005
2,542,11,32.00835570934101,26.65418136706704
2,536,9,29.701810418536343,36.87359653073504
1,529,6,47.800656628492376,64.31030465187389
1,531,15,37.88456962725896,53.189767933835654
1,535,5,23.346800037386092,14.268007634356643
2,536,5,21.766321556742433,19.802487025765114
1,531,4,22.803831166823958,19.271655048491183
2,536,13,29.701810418536343,36.87359653073504
2,532,6,22.845418701240355,21.140062220465182
1,545,7,34.548705973702525,36.29778704522869
1,541,15,42.999826702523876,66.52059809305426
1,545,3,34.12991830324366,35.423141574259326
1,527,7,24.698093633056594,19.937917971515947
2,540,6,24.660646647241993,21.03671500997266
2,534,8,21.838598859764,17.042156742578005
1,541,2,17.7328296584353,11.313026886573857
1,541,1,17.7328296584353,11.313026886573857
2,534,4,21.838598859764,17.042156742578005
2,544,9,30.627801193365634,21.551182992801856
1,527,10,24.698093633056594,19.937917971515947
1,533,13,38.11493336847496,48.61884291894451
1,535,1,23.346800037386092,14.268007634356643
1,541,4,17.7328296584353,11.313026886573857
1,527,8,24.698093633056594,19.937917971515947
2,538,10,34.888119500423024,32.06386715635452
1,537,8,25.416251561898385,17.176385380810927
2,544,13,96.97070234237151,216.03322951655406
2,530,10,22.480331939439992,15.944623200181365
2,532,7,22.845418701240355,21.140062220465182
1,545,10,34.548705973702525,36.29778704522869
1,535,11,23.346800037386092,14.268007634356643
2,540,1,24.660646647241993,21.03671500997266
2,534,2,21.838598859764,17.042156742578005
2,544,7,30.627801193365634,21.551182992801856
2,542,3,54.47584917542283,77.20521499426314
1,545,13,34.12991830324366,35.423141574259326
2,534,14,45.261540876283846,73.20380964425553
1,543,6,66.74534285703697,57.75637626205407
1,539,2,22.95846311175125,19.93586293977285
1,545,17,34.12991830324366,35.423141574259326
2,534,10,21.838598859764,17.042156742578005
2,528,7,28.54336618820046,21.42952623261239
1,527,6,24.698093633056594,19.937917971515947
1,543,16,99.13841878722005,127.42128371216052
2,555,4,24.877870750143984,17.551167936525744
2,532,9,22.845418701240355,21.140062220465182
1,533,7,25.24055398656726,21.321220150500586
1,537,3,25.416251561898385,17.176385380810927
1,539,7,22.95846311175125,19.93586293977285
2,540,3,24.660646647241993,21.03671500997266
1,537,7,25.416251561898385,17.176385380810927
2,540,12,24.660646647241993,21.03671500997266
2,536,1,29.701810418536343,36.87359653073504
2,540,14,40.33127033680072,56.266876291734114
1,527,2,24.698093633056594,19.937917971515947
1,531,12,22.803831166823958,19.271655048491183
1,537,5,25.416251561898385,17.176385380810927
1,529,3,27.958491819639107,22.000893696693698
1,531,13,37.88456962725896,53.189767933835654
2,536,4,21.766321556742433,19.802487025765114
2,532,10,30.221648240313087,36.99510888581406
2,536,14,29.701810418536343,36.87359653073504
2,536,10,21.766321556742433,19.802487025765114
2,532,13,30.221648240313087,36.99510888581406
1,527,1,24.698093633056594,19.937917971515947
2,544,1,30.627801193365634,21.551182992801856
1,529,15,47.800656628492376,64.31030465187389
1,533,11,25.24055398656726,21.321220150500586
1,541,8,17.7328296584353,11.313026886573857
1,543,10,66.74534285703697,57.75637626205407
2,528,3,28.54336618820046,21.42952623261239
2,544,5,30.627801193365634,21.551182992801856
1,537,4,25.416251561898385,17.176385380810927
1,533,8,25.24055398656726,21.321220150500586
1,541,9,17.7328296584353,11.313026886573857
1,529,12,27.958491819639107,22.000893696693698
1,535,13,68.21336239794921,121.8000651713372
2,528,9,28.54336618820046,21.42952623261239
1,543,14,99.13841878722005,127.42128371216052
2,528,5,28.54336618820046,21.42952623261239
1,529,10,27.958491819639107,22.000893696693698
1,543,1,66.74534285703697,57.75637626205407
1,541,13,42.999826702523876,66.52059809305426
1,543,4,66.74534285703697,57.75637626205407
2,532,1,30.221648240313087,36.99510888581406
2,542,8,32.00835570934101,26.65418136706704
2,534,13,45.261540876283846,73.20380964425553
2,530,8,22.480331939439992,15.944623200181365
1,531,1,22.803831166823958,19.271655048491183
1,539,3,22.95846311175125,19.93586293977285
1,539,8,31.658867057057893,37.908810143937295
2,542,4,32.00835570934101,26.65418136706704
2,528,6,28.54336618820046,21.42952623261239
2,530,3,22.480331939439992,15.944623200181365
2,538,16,46.74059942762817,57.55053079345682
2,538,15,46.74059942762817,57.55053079345682
1,543,11,66.74534285703697,57.75637626205407
2,534,7,21.838598859764,17.042156742578005
2,536,6,21.766321556742433,19.802487025765114
1,533,5,25.24055398656726,21.321220150500586
1,527,12,24.698093633056594,19.937917971515947
2,542,6,32.00835570934101,26.65418136706704
1,537,13,65.97115095925457,115.72225743851429
2,540,4,24.660646647241993,21.03671500997266
2,530,4,22.480331939439992,15.944623200181365
2,542,7,32.00835570934101,26.65418136706704
1,533,9,25.24055398656726,21.321220150500586
2,538,11,34.888119500423024,32.06386715635452
2,542,1,32.00835570934101,26.65418136706704
1,529,14,47.800656628492376,64.31030465187389
1,539,12,22.95846311175125,19.93586293977285
2,555,13,78.48320011002711,174.6759094635181
2,555,12,24.877870750143984,17.551167936525744
2,555,11,24.877870750143984,17.551167936525744
1,545,15,34.12991830324366,35.423141574259326
2,542,2,32.00835570934101,26.65418136706704
1,531,9,22.803831166823958,19.271655048491183
1,535,9,23.346800037386092,14.268007634356643
2,555,6,24.877870750143984,17.551167936525744
2,555,8,24.877870750143984,17.551167936525744
1,533,6,38.11493336847496,48.61884291894451
2,542,12,32.00835570934101,26.65418136706704
1,529,8,27.958491819639107,22.000893696693698
2,544,6,30.627801193365634,21.551182992801856
2,540,15,40.33127033680072,56.266876291734114
2,528,10,28.54336618820046,21.42952623261239
1,545,9,34.548705973702525,36.29778704522869
2,544,8,30.627801193365634,21.551182992801856
1,543,15,99.13841878722005,127.42128371216052
1,543,13,99.13841878722005,127.42128371216052
1,527,4,24.698093633056594,19.937917971515947
1,543,8,66.74534285703697,57.75637626205407
2,542,10,54.47584917542283,77.20521499426314
2,542,9,32.00835570934101,26.65418136706704
1,529,13,47.800656628492376,64.31030465187389
2,534,12,21.838598859764,17.042156742578005
2,540,9,24.660646647241993,21.03671500997266
1,539,10,31.658867057057893,37.908810143937295
2,538,13,46.74059942762817,57.55053079345682
2,538,1,34.888119500423024,32.06386715635452
2,536,2,21.766321556742433,19.802487025765114
1,537,14,65.97115095925457,115.72225743851429
2,536,11,21.766321556742433,19.802487025765114
1,535,8,23.346800037386092,14.268007634356643
1,535,3,23.346800037386092,14.268007634356643
1,537,12,25.416251561898385,17.176385380810927
1,539,11,22.95846311175125,19.93586293977285
1,533,10,25.24055398656726,21.321220150500586
2,538,2,34.888119500423024,32.06386715635452
1,533,15,38.11493336847496,48.61884291894451
2,532,8,22.845418701240355,21.140062220465182
2,532,4,30.221648240313087,36.99510888581406
1,531,14,37.88456962725896,53.189767933835654
1,531,7,22.803831166823958,19.271655048491183
1,531,6,22.803831166823958,19.271655048491183
2,540,13,40.33127033680072,56.266876291734114
1,529,2,27.958491819639107,22.000893696693698
1,535,7,23.346800037386092,14.268007634356643
2,528,12,28.54336618820046,21.42952623261239
2,528,2,28.54336618820046,21.42952623261239
1,527,13,49.89768425804176,81.3792570265957
1,537,2,25.416251561898385,17.176385380810927
2,532,11,22.845418701240355,21.140062220465182
1,529,11,27.958491819639107,22.000893696693698
2,538,14,46.74059942762817,57.55053079345682
2,540,10,24.660646647241993,21.03671500997266
1,533,1,25.24055398656726,21.321220150500586
2,530,9,22.480331939439992,15.944623200181365
1,539,13,31.658867057057893,37.908810143937295
1,543,3,66.74534285703697,57.75637626205407
1,531,2,22.803831166823958,19.271655048491183
1,545,11,34.548705973702525,36.29778704522869
2,530,6,22.480331939439992,15.944623200181365
1,527,5,24.698093633056594,19.937917971515947
2,542,13,54.47584917542283,77.20521499426314
1,541,12,17.7328296584353,11.313026886573857
1,539,1,22.95846311175125,19.93586293977285
2,530,5,22.480331939439992,15.944623200181365
1,539,15,31.658867057057893,37.908810143937295
1,531,11,22.803831166823958,19.271655048491183
1,527,3,24.698093633056594,19.937917971515947
1,535,12,23.346800037386092,14.268007634356643
2,555,1,24.877870750143984,17.551167936525744
2,555,10,24.877870750143984,17.551167936525744
1,529,4,27.958491819639107,22.000893696693698
2,540,5,24.660646647241993,21.03671500997266
2,536,3,21.766321556742433,19.802487025765114
1,541,5,17.7328296584353,11.313026886573857
1,561,7,57.8151087741282,59.44934481223974
2,560,5,76.8694426553575,53.07357775862224
1,552,14,157.57751442172307,257.012886349961
1,548,9,150.911668988978,99.9876304365255
2,556,3,78.04875716530069,80.25492946859363
2,558,2,81.5052021254783,83.80907634505994
2,556,9,78.04875716530069,80.25492946859363
1,561,4,57.8151087741282,59.44934481223974
1,546,6,97.97300511246752,100.7423679851104
2,553,11,107.39508985945376,110.43078294878485
1,552,1,74.81146221158835,57.929888669356274
2,549,1,50.64660309790977,38.93445212856278
1,546,2,97.97300511246752,100.7423679851104
2,564,11,81.94105882133647,84.25725322391051
2,564,9,81.94105882133647,84.25725322391051
1,554,7,65.25411980949848,46.304749512879376
2,558,5,81.5052021254783,83.80907634505994
1,550,10,85.1144873484836,87.52038375756423
2,560,3,76.8694426553575,53.07357775862224
1,554,8,65.25411980949848,46.304749512879376
1,550,8,85.1144873484836,87.52038375756423
2,551,2,100.6828967432379,103.5288590144858
2,553,1,107.39508985945376,110.43078294878485
1,557,10,50.02876856806852,51.442911311545735
2,556,10,78.04875716530069,80.25492946859363
1,559,4,89.19857961748652,91.71991939267845
1,559,7,89.19857961748652,91.71991939267845
1,546,7,97.97300511246752,100.7423679851104
2,564,2,81.94105882133647,84.25725322391051
2,562,5,58.56532839734316,44.96847636766272
2,558,11,81.5052021254783,83.80907634505994
2,553,6,107.39508985945376,110.43078294878485
1,550,6,85.1144873484836,87.52038375756423
1,557,12,50.02876856806852,51.442911311545735
1,552,13,157.57751442172307,257.012886349961
1,552,5,74.81146221158835,57.929888669356274
2,551,11,100.6828967432379,103.5288590144858
1,559,11,89.19857961748652,91.71991939267845
2,562,1,58.56532839734316,44.96847636766272
1,557,2,50.02876856806852,51.442911311545735
2,556,8,78.04875716530069,80.25492946859363
2,560,10,76.8694426553575,53.07357775862224
2,560,9,76.8694426553575,53.07357775862224
1,552,2,74.81146221158835,57.929888669356274
1,557,1,50.02876856806852,51.442911311545735
2,553,9,107.39508985945376,110.43078294878485
1,548,11,150.911668988978,99.9876304365255
2,549,5,50.64660309790977,38.93445212856278
1,557,4,50.02876856806852,51.442911311545735
2,553,3,107.39508985945376,110.43078294878485
2,549,7,50.64660309790977,38.93445212856278
2,549,10,107.87889380230745,176.64705132403483
2,560,4,76.8694426553575,53.07357775862224
2,549,11,50.64660309790977,38.93445212856278
2,558,10,81.5052021254783,83.80907634505994
2,564,1,81.94105882133647,84.25725322391051
1,554,10,65.25411980949848,46.304749512879376
1,552,8,74.81146221158835,57.929888669356274
2,547,4,78.0930703612826,59.58071088582944
2,562,8,58.56532839734316,44.96847636766272
1,559,1,89.19857961748652,91.71991939267845
2,556,2,78.04875716530069,80.25492946859363
1,546,8,97.97300511246752,100.7423679851104
2,564,5,81.94105882133647,84.25725322391051
2,564,4,81.94105882133647,84.25725322391051
2,558,6,81.5052021254783,83.80907634505994
2,558,1,81.5052021254783,83.80907634505994
2,551,7,100.6828967432379,103.5288590144858
1,554,9,65.25411980949848,46.304749512879376
1,563,8,88.80490892223354,59.77735388226034
1,548,7,150.911668988978,99.9876304365255
1,563,3,88.80490892223354,59.77735388226034
2,556,12,78.04875716530069,80.25492946859363
1,548,5,150.911668988978,99.9876304365255
1,563,4,88.80490892223354,59.77735388226034
2,547,6,168.2694048456215,276.62472911277956
1,546,5,97.97300511246752,100.7423679851104
2,562,3,58.56532839734316,44.96847636766272
1,559,5,89.19857961748652,91.71991939267845
2,556,1,78.04875716530069,80.25492946859363
1,548,13,343.87692330923403,519.1665426511902
2,556,6,78.04875716530069,80.25492946859363
2,553,10,107.39508985945376,110.43078294878485
2,558,4,81.5052021254783,83.80907634505994
2,547,1,78.0930703612826,59.58071088582944
1,548,8,150.911668988978,99.9876304365255
1,561,6,57.8151087741282,59.44934481223974
2,547,9,78.0930703612826,59.58071088582944
1,548,12,150.911668988978,99.9876304365255
2,551,3,100.6828967432379,103.5288590144858
1,550,7,85.1144873484836,87.52038375756423
2,556,5,78.04875716530069,80.25492946859363
1,546,11,97.97300511246752,100.7423679851104
1,563,2,88.80490892223354,59.77735388226034
2,551,9,100.6828967432379,103.5288590144858
2,560,2,76.8694426553575,53.07357775862224
1,557,6,50.02876856806852,51.442911311545735
1,546,10,97.97300511246752,100.7423679851104
2,560,6,76.8694426553575,53.07357775862224
2,551,4,100.6828967432379,103.5288590144858
2,551,8,100.6828967432379,103.5288590144858
2,564,10,81.94105882133647,84.25725322391051
2,564,7,81.94105882133647,84.25725322391051
2,564,3,81.94105882133647,84.25725322391051
1,563,5,88.80490892223354,59.77735388226034
2,553,7,107.39508985945376,110.43078294878485
2,564,12,81.94105882133647,84.25725322391051
2,562,4,124.97313361447542,204.76716917417846
2,562,2,58.56532839734316,44.96847636766272
1,561,12,57.8151087741282,59.44934481223974
1,554,3,65.25411980949848,46.304749512879376
1,559,10,89.19857961748652,91.71991939267845
2,549,12,50.64660309790977,38.93445212856278
1,561,2,57.8151087741282,59.44934481223974
1,561,1,57.8151087741282,59.44934481223974
2,560,12,76.8694426553575,53.07357775862224
1,552,6,74.81146221158835,57.929888669356274
1,548,2,150.911668988978,99.9876304365255
2,558,8,81.5052021254783,83.80907634505994
1,563,12,88.80490892223354,59.77735388226034
1,554,1,65.25411980949848,46.304749512879376
2,549,3,50.64660309790977,38.93445212856278
1,561,11,57.8151087741282,59.44934481223974
2,558,7,81.5052021254783,83.80907634505994
1,561,3,57.8151087741282,59.44934481223974
1,550,4,85.1144873484836,87.52038375756423
2,547,8,78.0930703612826,59.58071088582944
1,559,2,89.19857961748652,91.71991939267845
2,556,11,78.04875716530069,80.25492946859363
2,560,8,76.8694426553575,53.07357775862224
1,561,5,57.8151087741282,59.44934481223974
1,552,10,74.81146221158835,57.929888669356274
1,559,9,89.19857961748652,91.71991939267845
2,560,7,76.8694426553575,53.07357775862224
1,552,9,74.81146221158835,57.929888669356274
1,559,8,89.19857961748652,91.71991939267845
2,562,7,124.97313361447542,204.76716917417846
1,552,11,74.81146221158835,57.929888669356274
2,551,5,100.6828967432379,103.5288590144858
1,548,4,150.911668988978,99.9876304365255
1,561,10,57.8151087741282,59.44934481223974
2,556,4,78.04875716530069,80.25492946859363
1,554,4,65.25411980949848,46.304749512879376
1,554,12,65.25411980949848,46.304749512879376
2,562,11,58.56532839734316,44.96847636766272
2,549,2,50.64660309790977,38.93445212856278
2,551,6,100.6828967432379,103.5288590144858
2,558,9,81.5052021254783,83.80907634505994
1,557,5,50.02876856806852,51.442911311545735
2,547,2,78.0930703612826,59.58071088582944
1,557,3,50.02876856806852,51.442911311545735
1,557,8,50.02876856806852,51.442911311545735
2,562,12,58.56532839734316,44.96847636766272
2,556,7,78.04875716530069,80.25492946859363
2,553,4,107.39508985945376,110.43078294878485
2,564,8,81.94105882133647,84.25725322391051
1,552,7,74.81146221158835,57.929888669356274
2,562,9,58.56532839734316,44.96847636766272
1,554,6,199.82095621110258,434.2019134650328
1,554,2,65.25411980949848,46.304749512879376
2,553,8,107.39508985945376,110.43078294878485
1,559,12,89.19857961748652,91.71991939267845
1,561,9,57.8151087741282,59.44934481223974
1,554,5,65.25411980949848,46.304749512879376
1,557,7,50.02876856806852,51.442911311545735
1,559,3,89.19857961748652,91.71991939267845
2,547,7,78.0930703612826,59.58071088582944
1,546,12,97.97300511246752,100.7423679851104
1,550,12,85.1144873484836,87.52038375756423
1,550,5,85.1144873484836,87.52038375756423
1,557,11,50.02876856806852,51.442911311545735
1,552,3,74.81146221158835,57.929888669356274
2,549,4,50.64660309790977,38.93445212856278
1,550,1,85.1144873484836,87.52038375756423
2,549,8,50.64660309790977,38.93445212856278
2,549,6,50.64660309790977,38.93445212856278
1,563,13,292.25814567775734,647.434725124789
1,559,6,89.19857961748652,91.71991939267845
1,546,1,97.97300511246752,100.7423679851104
2,547,12,78.0930703612826,59.58071088582944
2,547,11,78.0930703612826,59.58071088582944
1,563,6,88.80490892223354,59.77735388226034
2,553,12,107.39508985945376,110.43078294878485
1,550,11,85.1144873484836,87.52038375756423
1,550,3,85.1144873484836,87.52038375756423
2,553,5,107.39508985945376,110.43078294878485
1,563,9,88.80490892223354,59.77735388226034
1,557,9,50.02876856806852,51.442911311545735
2,560,11,76.8694426553575,53.07357775862224
2,564,6,81.94105882133647,84.25725322391051
1,561,8,57.8151087741282,59.44934481223974
1,563,1,88.80490892223354,59.77735388226034
1,546,3,97.97300511246752,100.7423679851104
2,547,10,168.2694048456215,276.62472911277956
2,553,2,107.39508985945376,110.43078294878485
2,562,6,58.56532839734316,44.96847636766272
1,550,2,85.1144873484836,87.52038375756423
2,560,1,244.5366669584551,537.1046069172571
2,551,10,100.6828967432379,103.5288590144858
2,558,3,81.5052021254783,83.80907634505994
1,548,6,150.911668988978,99.9876304365255
1,548,3,343.87692330923403,519.1665426511902
1,550,9,85.1144873484836,87.52038375756423
2,547,5,78.0930703612826,59.58071088582944
2,549,9,107.87889380230745,176.64705132403483
1,563,10,88.80490892223354,59.77735388226034
1,546,4,97.97300511246752,100.7423679851104
2,551,12,100.6828967432379,103.5288590144858
1,563,11,88.80490892223354,59.77735388226034
2,562,10,58.56532839734316,44.96847636766272
2,558,12,81.5052021254783,83.80907634505994
2,551,1,100.6828967432379,103.5288590144858
1,546,9,97.97300511246752,100.7423679851104
1,554,11,65.25411980949848,46.304749512879376
2,547,3,78.0930703612826,59.58071088582944
1,548,14,343.87692330923403,519.1665426511902
1,589,3,120.67073711298009,132.29887372191507
2,577,10,76.56022663777098,57.55980312986206
2,577,11,76.56022663777098,57.55980312986206
2,579,1,69.24138885747888,68.28880010424726
1,578,3,79.45387491430813,78.36078783311412
1,580,8,89.26299527409925,88.0349591705356
2,590,3,81.20919118921813,80.09195533560006
2,577,12,76.56022663777098,57.55980312986206
1,569,14,125.864549704616,201.78980435616452
1,580,4,89.26299527409925,88.0349591705356
2,592,13,173.8818533970443,283.1639923835784
2,590,8,81.20919118921813,80.09195533560006
1,591,13,120.15057171793583,161.8707313780816
2,570,7,89.78717437272272,65.33372015115336
2,579,7,69.24138885747888,68.28880010424726
1,567,7,69.599042342249,50.50200584612189
2,592,1,72.33922364951026,49.009152527927036
2,588,8,95.7417610601226,94.42459330388094
1,591,1,69.36896492463768,53.95691045936053
2,577,7,76.56022663777098,57.55980312986206
2,588,1,95.7417610601226,94.42459330388094
2,579,9,69.24138885747888,68.28880010424726
1,569,11,55.42892341549119,39.13499235998342
1,571,3,90.09171126699226,67.38562445342352
1,591,12,69.36896492463768,53.95691045936053
2,588,3,95.7417610601226,94.42459330388094
2,590,4,81.20919118921813,80.09195533560006
2,579,10,69.24138885747888,68.28880010424726
2,579,2,69.24138885747888,68.28880010424726
2,566,3,70.41388440655452,54.33407636306495
1,569,12,55.42892341549119,39.13499235998342
1,565,2,57.043887609416856,43.21866795144455
2,568,9,54.5488243154659,35.00719013996131
1,571,7,90.09171126699226,67.38562445342352
1,567,10,69.599042342249,50.50200584612189
2,579,4,69.24138885747888,68.28880010424726
1,578,10,79.45387491430813,78.36078783311412
1,569,13,125.864549704616,201.78980435616452
1,580,5,89.26299527409925,88.0349591705356
1,580,11,89.26299527409925,88.0349591705356
1,567,3,69.599042342249,50.50200584612189
1,565,12,57.043887609416856,43.21866795144455
2,566,10,70.41388440655452,54.33407636306495
1,580,12,89.26299527409925,88.0349591705356
2,568,2,54.5488243154659,35.00719013996131
2,592,3,72.33922364951026,49.009152527927036
1,580,6,89.26299527409925,88.0349591705356
1,565,15,102.8849738271239,140.59084755289192
2,592,11,72.33922364951026,49.009152527927036
1,591,4,69.36896492463768,53.95691045936053
1,569,10,55.42892341549119,39.13499235998342
1,565,9,57.043887609416856,43.21866795144455
2,588,2,95.7417610601226,94.42459330388094
2,592,6,72.33922364951026,49.009152527927036
1,569,4,55.42892341549119,39.13499235998342
2,579,6,69.24138885747888,68.28880010424726
2,592,10,173.8818533970443,283.1639923835784
1,591,6,69.36896492463768,53.95691045936053
2,579,12,69.24138885747888,68.28880010424726
1,589,11,120.67073711298009,132.29887372191507
1,578,5,79.45387491430813,78.36078783311412
1,591,2,120.15057171793583,161.8707313780816
1,591,14,120.15057171793583,161.8707313780816
2,577,14,139.6834384622702,191.60318028159566
2,588,12,95.7417610601226,94.42459330388094
2,588,10,95.7417610601226,94.42459330388094
1,569,2,55.42892341549119,39.13499235998342
2,570,2,89.78717437272272,65.33372015115336
2,566,5,70.41388440655452,54.33407636306495
2,570,13,195.11358770900122,308.5203451582242
1,565,6,57.043887609416856,43.21866795144455
1,571,2,90.09171126699226,67.38562445342352
2,566,9,70.41388440655452,54.33407636306495
1,589,5,97.8768923168214,87.03873271178624
1,565,4,57.043887609416856,43.21866795144455
1,565,13,102.8849738271239,140.59084755289192
2,579,3,69.24138885747888,68.28880010424726
1,580,7,89.26299527409925,88.0349591705356
1,589,1,97.8768923168214,87.03873271178624
2,570,9,89.78717437272272,65.33372015115336
2,577,6,76.56022663777098,57.55980312986206
1,591,10,69.36896492463768,53.95691045936053
2,566,14,123.49457905820867,167.12886780031369
1,565,11,57.043887609416856,43.21866795144455
2,568,1,54.5488243154659,35.00719013996131
1,580,2,89.26299527409925,88.0349591705356
1,578,1,79.45387491430813,78.36078783311412
2,570,5,89.78717437272272,65.33372015115336
1,589,8,120.67073711298009,132.29887372191507
2,568,13,140.6214270074255,232.642719284553
1,580,1,89.26299527409925,88.0349591705356
2,590,5,81.20919118921813,80.09195533560006
2,566,7,70.41388440655452,54.33407636306495
2,570,1,89.78717437272272,65.33372015115336
2,590,10,81.20919118921813,80.09195533560006
1,578,12,79.45387491430813,78.36078783311412
1,565,8,57.043887609416856,43.21866795144455
2,590,1,81.20919118921813,80.09195533560006
2,577,4,76.56022663777098,57.55980312986206
1,567,4,69.599042342249,50.50200584612189
2,570,14,195.11358770900122,308.5203451582242
1,578,4,79.45387491430813,78.36078783311412
1,578,7,79.45387491430813,78.36078783311412
1,571,14,187.67689924157807,292.42818159032845
1,571,10,90.09171126699226,67.38562445342352
1,591,8,69.36896492463768,53.95691045936053
2,570,3,89.78717437272272,65.33372015115336
1,578,8,79.45387491430813,78.36078783311412
1,589,10,97.8768923168214,87.03873271178624
1,569,8,55.42892341549119,39.13499235998342
1,569,1,55.42892341549119,39.13499235998342
2,568,8,54.5488243154659,35.00719013996131
2,568,5,54.5488243154659,35.00719013996131
1,567,11,69.599042342249,50.50200584612189
1,567,5,69.599042342249,50.50200584612189
1,567,1,69.599042342249,50.50200584612189
2,566,13,123.49457905820867,167.12886780031369
1,578,11,79.45387491430813,78.36078783311412
1,565,14,102.8849738271239,140.59084755289192
1,565,10,57.043887609416856,43.21866795144455
1,565,1,57.043887609416856,43.21866795144455
2,579,8,69.24138885747888,68.28880010424726
2,568,10,54.5488243154659,35.00719013996131
2,579,11,69.24138885747888,68.28880010424726
1,589,13,120.67073711298009,132.29887372191507
2,570,6,89.78717437272272,65.33372015115336
2,590,7,81.20919118921813,80.09195533560006
1,571,8,90.09171126699226,67.38562445342352
2,588,11,95.7417610601226,94.42459330388094
1,578,6,79.45387491430813,78.36078783311412
1,580,3,89.26299527409925,88.0349591705356
1,580,9,89.26299527409925,88.0349591705356
2,588,5,95.7417610601226,94.42459330388094
2,568,4,54.5488243154659,35.00719013996131
1,589,14,120.67073711298009,132.29887372191507
1,567,13,151.8775618237108,240.48574212439
1,571,12,90.09171126699226,67.38562445342352
1,567,2,69.599042342249,50.50200584612189
1,567,8,69.599042342249,50.50200584612189
2,566,8,70.41388440655452,54.33407636306495
2,590,11,81.20919118921813,80.09195533560006
1,591,9,69.36896492463768,53.95691045936053
1,571,6,90.09171126699226,67.38562445342352
2,568,14,140.6214270074255,232.642719284553
2,570,4,89.78717437272272,65.33372015115336
2,590,6,81.20919118921813,80.09195533560006
2,588,7,95.7417610601226,94.42459330388094
1,589,6,97.8768923168214,87.03873271178624
1,571,9,90.09171126699226,67.38562445342352
2,588,9,95.7417610601226,94.42459330388094
1,589,4,97.8768923168214,87.03873271178624
2,590,2,81.20919118921813,80.09195533560006
1,569,6,55.42892341549119,39.13499235998342
2,590,12,81.20919118921813,80.09195533560006
1,589,9,97.8768923168214,87.03873271178624
1,591,3,69.36896492463768,53.95691045936053
2,577,2,76.56022663777098,57.55980312986206
1,571,4,90.09171126699226,67.38562445342352
1,571,1,90.09171126699226,67.38562445342352
2,577,13,139.6834384622702,191.60318028159566
2,570,12,89.78717437272272,65.33372015115336
1,567,6,151.8775618237108,240.48574212439
2,568,7,54.5488243154659,35.00719013996131
1,578,2,79.45387491430813,78.36078783311412
2,568,12,54.5488243154659,35.00719013996131
1,569,9,55.42892341549119,39.13499235998342
2,588,6,95.7417610601226,94.42459330388094
2,570,11,89.78717437272272,65.33372015115336
2,590,9,81.20919118921813,80.09195533560006
2,566,2,70.41388440655452,54.33407636306495
1,591,5,69.36896492463768,53.95691045936053
1,578,9,79.45387491430813,78.36078783311412
1,589,2,97.8768923168214,87.03873271178624
1,567,12,69.599042342249,50.50200584612189
2,579,5,69.24138885747888,68.28880010424726
2,592,2,72.33922364951026,49.009152527927036
2,588,4,95.7417610601226,94.42459330388094
1,569,7,55.42892341549119,39.13499235998342
2,566,4,70.41388440655452,54.33407636306495
2,566,12,70.41388440655452,54.33407636306495
2,568,3,54.5488243154659,35.00719013996131
2,577,1,76.56022663777098,57.55980312986206
1,571,13,187.67689924157807,292.42818159032845
2,592,12,72.33922364951026,49.009152527927036
2,566,15,123.49457905820867,167.12886780031369
2,592,4,72.33922364951026,49.009152527927036
2,577,8,76.56022663777098,57.55980312986206
2,592,5,72.33922364951026,49.009152527927036
2,592,7,72.33922364951026,49.009152527927036
1,580,10,89.26299527409925,88.0349591705356
2,592,8,72.33922364951026,49.009152527927036
2,577,15,139.6834384622702,191.60318028159566
1,597,13,476.78338195373374,989.0486220739475
2,583,3,241.1338371186539,236.77714603655713
2,581,1,299.8113043057467,294.3944567517557
2,585,7,147.91217949439817,95.93531585145051
1,593,5,214.23652976644294,210.36580639619464
1,576,8,124.3536780397802,82.97574922346423
2,581,4,299.8113043057467,294.3944567517557
2,581,5,299.8113043057467,294.3944567517557
2,585,8,147.91217949439817,95.93531585145051
2,583,8,241.1338371186539,236.77714603655713
1,586,9,188.95691988651922,132.12016299218547
1,576,13,389.1432319123753,812.555202761485
2,596,12,144.8555812805205,142.23839977377807
1,584,5,143.5778352275676,83.62912156067999
1,582,6,208.85051822247735,205.077106738201
1,576,7,124.3536780397802,82.97574922346423
2,587,9,165.06577170464934,108.5462859566727
1,582,11,208.85051822247735,205.077106738201
2,585,1,147.91217949439817,95.93531585145051
2,594,12,137.30671420540082,97.56095369098881
1,584,7,143.5778352275676,83.62912156067999
2,585,2,147.91217949439817,95.93531585145051
2,575,1,205.0204655689907,201.31625364807215
2,575,12,205.0204655689907,201.31625364807215
1,576,4,124.3536780397802,82.97574922346423
1,574,4,202.60846009170845,198.94782713456542
2,594,2,137.30671420540082,97.56095369098881
1,582,9,208.85051822247735,205.077106738201
2,573,8,169.60838055671175,122.46138481920474
2,573,14,370.4347576749871,584.1548816088502
1,595,10,187.02319393080776,183.6441481242142
2,585,6,147.91217949439817,95.93531585145051
1,574,3,202.60846009170845,198.94782713456542
2,573,12,169.60838055671175,122.46138481920474
1,572,6,181.84035777824414,178.55495298162103
1,572,11,181.84035777824414,178.55495298162103
2,596,11,144.8555812805205,142.23839977377807
1,576,5,124.3536780397802,82.97574922346423
1,582,10,208.85051822247735,205.077106738201
2,587,6,165.06577170464934,108.5462859566727
2,598,9,225.46185518341375,221.38831799109002
1,597,2,155.85643596244972,105.68781129019852
2,575,11,205.0204655689907,201.31625364807215
2,598,11,225.46185518341375,221.38831799109002
2,575,10,205.0204655689907,201.31625364807215
1,572,9,181.84035777824414,178.55495298162103
2,598,3,225.46185518341375,221.38831799109002
2,573,7,169.60838055671175,122.46138481920474
1,593,7,214.23652976644294,210.36580639619464
1,582,3,208.85051822247735,205.077106738201
1,595,8,187.02319393080776,183.6441481242142
1,574,1,202.60846009170845,198.94782713456542
2,596,9,144.8555812805205,142.23839977377807
2,587,11,165.06577170464934,108.5462859566727
2,581,8,299.8113043057467,294.3944567517557
2,596,1,144.8555812805205,142.23839977377807
2,583,4,241.1338371186539,236.77714603655713
2,596,3,144.8555812805205,142.23839977377807
2,583,11,241.1338371186539,236.77714603655713
1,572,8,181.84035777824414,178.55495298162103
2,587,4,165.06577170464934,108.5462859566727
2,585,4,147.91217949439817,95.93531585145051
1,572,5,181.84035777824414,178.55495298162103
1,584,2,143.5778352275676,83.62912156067999
1,582,1,208.85051822247735,205.077106738201
1,572,4,181.84035777824414,178.55495298162103
2,575,3,205.0204655689907,201.31625364807215
2,594,6,137.30671420540082,97.56095369098881
2,583,1,241.1338371186539,236.77714603655713
2,596,7,144.8555812805205,142.23839977377807
2,598,10,225.46185518341375,221.38831799109002
1,582,8,208.85051822247735,205.077106738201
1,597,5,155.85643596244972,105.68781129019852
1,595,11,187.02319393080776,183.6441481242142
1,595,2,187.02319393080776,183.6441481242142
2,587,5,165.06577170464934,108.5462859566727
2,585,3,481.0426788903991,1014.7004561211112
2,575,6,205.0204655689907,201.31625364807215
2,573,5,169.60838055671175,122.46138481920474
2,573,2,169.60838055671175,122.46138481920474
1,595,4,187.02319393080776,183.6441481242142
1,572,12,181.84035777824414,178.55495298162103
1,593,10,214.23652976644294,210.36580639619464
1,586,1,188.95691988651922,132.12016299218547
1,595,12,187.02319393080776,183.6441481242142
1,586,13,552.6967475851708,1130.361394488698
1,597,9,155.85643596244972,105.68781129019852
1,586,3,188.95691988651922,132.12016299218547
2,594,7,137.30671420540082,97.56095369098881
1,574,2,202.60846009170845,198.94782713456542
2,598,7,225.46185518341375,221.38831799109002
1,572,1,181.84035777824414,178.55495298162103
1,595,9,187.02319393080776,183.6441481242142
2,598,2,225.46185518341375,221.38831799109002
1,597,7,155.85643596244972,105.68781129019852
1,576,1,124.3536780397802,82.97574922346423
2,575,9,205.0204655689907,201.31625364807215
1,595,1,187.02319393080776,183.6441481242142
2,585,9,147.91217949439817,95.93531585145051
1,586,2,188.95691988651922,132.12016299218547
1,582,2,208.85051822247735,205.077106738201
2,594,4,137.30671420540082,97.56095369098881
2,594,5,307.0271467304123,487.80476845494405
1,593,9,214.23652976644294,210.36580639619464
2,581,3,299.8113043057467,294.3944567517557
2,581,11,299.8113043057467,294.3944567517557
2,583,6,241.1338371186539,236.77714603655713
1,584,6,143.5778352275676,83.62912156067999
1,584,9,143.5778352275676,83.62912156067999
1,584,12,143.5778352275676,83.62912156067999
1,584,13,533.5324274745536,1154.7936147421558
2,585,12,147.91217949439817,95.93531585145051
1,586,11,188.95691988651922,132.12016299218547
1,586,5,188.95691988651922,132.12016299218547
2,587,10,165.06577170464934,108.5462859566727
2,575,2,205.0204655689907,201.31625364807215
1,574,10,202.60846009170845,198.94782713456542
2,596,6,144.8555812805205,142.23839977377807
1,574,7,202.60846009170845,198.94782713456542
1,574,5,202.60846009170845,198.94782713456542
2,573,11,169.60838055671175,122.46138481920474
2,573,6,169.60838055671175,122.46138481920474
2,573,3,169.60838055671175,122.46138481920474
2,573,1,169.60838055671175,122.46138481920474
1,572,3,181.84035777824414,178.55495298162103
1,572,2,181.84035777824414,178.55495298162103
1,574,12,202.60846009170845,198.94782713456542
2,598,8,225.46185518341375,221.38831799109002
1,597,1,155.85643596244972,105.68781129019852
2,575,5,205.0204655689907,201.31625364807215
1,593,11,214.23652976644294,210.36580639619464
2,583,2,241.1338371186539,236.77714603655713
1,576,6,124.3536780397802,82.97574922346423
2,585,5,147.91217949439817,95.93531585145051
1,597,3,155.85643596244972,105.68781129019852
2,598,5,225.46185518341375,221.38831799109002
2,596,5,144.8555812805205,142.23839977377807
1,586,4,188.95691988651922,132.12016299218547
1,593,1,214.23652976644294,210.36580639619464
2,581,7,299.8113043057467,294.3944567517557
2,587,1,165.06577170464934,108.5462859566727
2,583,12,241.1338371186539,236.77714603655713
1,576,9,124.3536780397802,82.97574922346423
1,595,5,187.02319393080776,183.6441481242142
2,585,10,147.91217949439817,95.93531585145051
2,573,13,370.4347576749871,584.1548816088502
2,585,11,147.91217949439817,95.93531585145051
1,597,4,155.85643596244972,105.68781129019852
1,584,3,143.5778352275676,83.62912156067999
2,594,11,307.0271467304123,487.80476845494405
1,582,7,208.85051822247735,205.077106738201
1,586,8,188.95691988651922,132.12016299218547
1,597,8,155.85643596244972,105.68781129019852
2,575,8,205.0204655689907,201.31625364807215
2,581,10,299.8113043057467,294.3944567517557
2,587,7,165.06577170464934,108.5462859566727
2,587,13,526.988098382134,1106.3754467693889
2,583,7,241.1338371186539,236.77714603655713
1,593,12,214.23652976644294,210.36580639619464
1,576,11,124.3536780397802,82.97574922346423
1,572,10,181.84035777824414,178.55495298162103
2,596,2,144.8555812805205,142.23839977377807
2,581,6,299.8113043057467,294.3944567517557
1,576,2,124.3536780397802,82.97574922346423
2,583,9,241.1338371186539,236.77714603655713
1,576,12,124.3536780397802,82.97574922346423
1,593,2,214.23652976644294,210.36580639619464
2,594,3,137.30671420540082,97.56095369098881
1,574,9,202.60846009170845,198.94782713456542
1,586,10,188.95691988651922,132.12016299218547
2,594,1,137.30671420540082,97.56095369098881
2,573,9,169.60838055671175,122.46138481920474
1,584,11,143.5778352275676,83.62912156067999
1,574,11,202.60846009170845,198.94782713456542
1,582,4,208.85051822247735,205.077106738201
2,598,12,225.46185518341375,221.38831799109002
2,596,10,144.8555812805205,142.23839977377807
2,594,10,137.30671420540082,97.56095369098881
2,583,10,241.1338371186539,236.77714603655713
1,597,11,155.85643596244972,105.68781129019852
1,584,8,143.5778352275676,83.62912156067999
2,594,9,137.30671420540082,97.56095369098881
1,593,4,214.23652976644294,210.36580639619464
1,595,7,187.02319393080776,183.6441481242142
1,593,8,214.23652976644294,210.36580639619464
2,587,8,165.06577170464934,108.5462859566727
2,598,1,225.46185518341375,221.38831799109002
2,596,4,144.8555812805205,142.23839977377807
2,575,4,205.0204655689907,201.31625364807215
1,595,3,187.02319393080776,183.6441481242142
2,598,6,225.46185518341375,221.38831799109002
1,593,3,214.23652976644294,210.36580639619464
2,587,3,165.06577170464934,108.5462859566727
2,598,4,225.46185518341375,221.38831799109002
2,583,5,241.1338371186539,236.77714603655713
1,582,12,208.85051822247735,205.077106738201
1,572,7,181.84035777824414,178.55495298162103
1,586,12,188.95691988651922,132.12016299218547
2,594,8,137.30671420540082,97.56095369098881
1,576,10,124.3536780397802,82.97574922346423
2,596,8,144.8555812805205,142.23839977377807
2,581,2,299.8113043057467,294.3944567517557
2,581,9,299.8113043057467,294.3944567517557
1,597,10,155.85643596244972,105.68781129019852
1,586,7,188.95691988651922,132.12016299218547
1,595,6,187.02319393080776,183.6441481242142
1,574,8,202.60846009170845,198.94782713456542
2,581,12,299.8113043057467,294.3944567517557
1,597,6,155.85643596244972,105.68781129019852
1,584,4,143.5778352275676,83.62912156067999
2,575,7,205.0204655689907,201.31625364807215
2,587,12,165.06577170464934,108.5462859566727
1,582,5,208.85051822247735,205.077106738201
1,574,6,202.60846009170845,198.94782713456542
1,584,10,143.5778352275676,83.62912156067999
1,593,6,214.23652976644294,210.36580639619464
1,106,1,174.63187750128026,119.24902045697874
1,112,3,92.12843754388194,71.2911793601695
1,106,11,174.63187750128026,119.24902045697874
2,121,3,139.44179101159563,139.80505292304457
2,113,2,157.77547781969415,158.1865010949746
1,112,4,92.12843754388194,71.2911793601695
1,87,8,173.20492912814103,115.47783763356777
1,118,16,124.60189687916801,158.23695930904
1,120,8,143.29956793290998,99.92426181867117
2,107,11,212.1377216625195,212.69036483858963
1,122,5,143.49530588459925,99.95300893363778
2,115,10,449.29798250543513,758.7101193724216
1,120,15,296.88640048037735,428.90567765245004
2,117,8,178.75140839687893,179.21707638505794
1,112,8,92.12843754388194,71.2911793601695
1,114,10,129.4099592635551,96.7918949386339
2,115,9,170.63315791294596,109.42934414025311
1,106,8,174.63187750128026,119.24902045697874
2,113,4,157.77547781969415,158.1865010949746
1,110,16,169.6741764109361,185.4092943066679
2,121,12,139.44179101159563,139.80505292304457
1,106,6,544.7498380634634,1160.3846990621394
1,106,7,174.63187750128026,119.24902045697874
2,107,3,212.1377216625195,212.69036483858963
2,107,5,212.1377216625195,212.69036483858963
1,114,11,129.4099592635551,96.7918949386339
2,107,7,212.1377216625195,212.69036483858963
1,108,8,120.68873530232744,88.36297951165282
2,111,7,110.58040347450329,79.9185395679881
2,113,5,157.77547781969415,158.1865010949746
2,111,11,110.58040347450329,79.9185395679881
1,106,5,174.63187750128026,119.24902045697874
1,87,3,173.20492912814103,115.47783763356777
1,108,7,120.68873530232744,88.36297951165282
1,108,6,120.68873530232744,88.36297951165282
1,108,9,120.68873530232744,88.36297951165282
2,111,9,110.58040347450329,79.9185395679881
1,116,14,304.72964431827614,420.51025779537224
2,105,14,277.5313140962116,335.88267065832946
1,110,3,169.6741764109361,185.4092943066679
2,109,1,147.16040019213114,123.9013854133028
2,113,3,157.77547781969415,158.1865010949746
2,119,2,177.53427597655306,177.99677319471908
2,123,7,238.73501593323422,239.35694812148685
1,110,2,138.53838491125714,123.60619620444527
2,109,10,147.16040019213114,123.9013854133028
2,109,16,213.88231764548948,261.7242748056284
2,115,4,170.63315791294596,109.42934414025311
2,105,2,196.24427418904486,167.94133532916473
1,104,5,116.2841525853317,87.34349478563036
2,121,6,139.44179101159563,139.80505292304457
1,104,8,116.2841525853317,87.34349478563036
1,106,9,174.63187750128026,119.24902045697874
1,104,1,116.2841525853317,87.34349478563036
1,116,7,172.27001222657017,134.38987620264473
2,119,5,177.53427597655306,177.99677319471908
1,118,13,124.60189687916801,158.23695930904
2,88,3,153.2676070248458,153.66688677797535
1,104,14,246.90049562673573,393.76165682046474
1,110,1,138.53838491125714,123.60619620444527
1,87,13,558.2706520880737,1199.6864243042874
2,111,4,110.58040347450329,79.9185395679881
2,123,3,238.73501593323422,239.35694812148685
1,104,10,116.2841525853317,87.34349478563036
1,106,2,174.63187750128026,119.24902045697874
1,120,6,143.29956793290998,99.92426181867117
1,104,6,116.2841525853317,87.34349478563036
1,87,12,173.20492912814103,115.47783763356777
1,120,7,143.29956793290998,99.92426181867117
2,123,4,238.73501593323422,239.35694812148685
2,119,8,177.53427597655306,177.99677319471908
2,117,9,178.75140839687893,179.21707638505794
1,112,7,92.12843754388194,71.2911793601695
2,121,2,139.44179101159563,139.80505292304457
1,114,13,243.67089666694525,343.1712638733383
2,117,1,178.75140839687893,179.21707638505794
1,118,14,124.60189687916801,158.23695930904
1,110,7,138.53838491125714,123.60619620444527
2,111,5,110.58040347450329,79.9185395679881
2,88,8,153.2676070248458,153.66688677797535
2,88,4,153.2676070248458,153.66688677797535
1,116,3,172.27001222657017,134.38987620264473
2,105,13,277.5313140962116,335.88267065832946
1,106,4,174.63187750128026,119.24902045697874
1,108,11,266.2936449694269,430.1881897277835
1,116,6,172.27001222657017,134.38987620264473
1,114,6,129.4099592635551,96.7918949386339
2,115,12,170.63315791294596,109.42934414025311
1,116,12,172.27001222657017,134.38987620264473
2,109,13,213.88231764548948,261.7242748056284
1,87,1,173.20492912814103,115.47783763356777
1,114,3,129.4099592635551,96.7918949386339
1,114,1,129.4099592635551,96.7918949386339
2,88,5,153.2676070248458,153.66688677797535
1,110,14,169.6741764109361,185.4092943066679
2,121,8,139.44179101159563,139.80505292304457
1,118,8,77.20578984309292,60.75168973472071
1,104,3,116.2841525853317,87.34349478563036
2,107,2,212.1377216625195,212.69036483858963
2,123,10,238.73501593323422,239.35694812148685
2,123,6,238.73501593323422,239.35694812148685
2,107,9,212.1377216625195,212.69036483858963
2,105,3,196.24427418904486,167.94133532916473
2,111,1,248.6352004851394,404.0326167048287
2,123,8,238.73501593323422,239.35694812148685
1,114,5,129.4099592635551,96.7918949386339
2,88,11,153.2676070248458,153.66688677797535
2,88,7,153.2676070248458,153.66688677797535
1,110,6,169.6741764109361,185.4092943066679
2,88,2,153.2676070248458,153.66688677797535
1,87,10,173.20492912814103,115.47783763356777
1,87,7,173.20492912814103,115.47783763356777
1,120,11,143.29956793290998,99.92426181867117
1,108,2,120.68873530232744,88.36297951165282
1,120,5,143.29956793290998,99.92426181867117
1,112,6,92.12843754388194,71.2911793601695
2,121,5,139.44179101159563,139.80505292304457
2,105,12,196.24427418904486,167.94133532916473
1,108,1,120.68873530232744,88.36297951165282
2,121,7,139.44179101159563,139.80505292304457
2,123,9,238.73501593323422,239.35694812148685
2,115,3,170.63315791294596,109.42934414025311
2,117,12,178.75140839687893,179.21707638505794
1,110,15,169.6741764109361,185.4092943066679
2,105,1,277.5313140962116,335.88267065832946
1,122,11,143.49530588459925,99.95300893363778
1,116,2,172.27001222657017,134.38987620264473
1,112,11,92.12843754388194,71.2911793601695
2,113,7,157.77547781969415,158.1865010949746
1,112,13,186.6041910571962,292.47663327249023
2,107,12,212.1377216625195,212.69036483858963
2,115,7,170.63315791294596,109.42934414025311
2,115,6,170.63315791294596,109.42934414025311
1,87,2,173.20492912814103,115.47783763356777
1,118,11,77.20578984309292,60.75168973472071
1,114,14,243.67089666694525,343.1712638733383
1,114,15,243.67089666694525,343.1712638733383
1,104,11,116.2841525853317,87.34349478563036
1,118,15,124.60189687916801,158.23695930904
2,123,12,238.73501593323422,239.35694812148685
2,111,10,248.6352004851394,404.0326167048287
2,113,12,157.77547781969415,158.1865010949746
2,123,5,238.73501593323422,239.35694812148685
2,88,12,153.2676070248458,153.66688677797535
1,122,15,297.7085953601752,430.23251671435395
1,122,14,297.7085953601752,430.23251671435395
2,119,6,177.53427597655306,177.99677319471908
2,111,2,110.58040347450329,79.9185395679881
1,118,2,77.20578984309292,60.75168973472071
2,113,1,157.77547781969415,158.1865010949746
1,120,3,143.29956793290998,99.92426181867117
2,117,6,178.75140839687893,179.21707638505794
2,109,14,213.88231764548948,261.7242748056284
2,117,5,178.75140839687893,179.21707638505794
1,108,10,120.68873530232744,88.36297951165282
1,116,11,304.72964431827614,420.51025779537224
2,117,4,178.75140839687893,179.21707638505794
2,117,10,178.75140839687893,179.21707638505794
2,115,5,170.63315791294596,109.42934414025311
1,108,13,266.2936449694269,430.1881897277835
1,118,10,77.20578984309292,60.75168973472071
2,117,2,178.75140839687893,179.21707638505794
1,120,4,143.29956793290998,99.92426181867117
2,107,6,212.1377216625195,212.69036483858963
1,114,7,129.4099592635551,96.7918949386339
1,110,8,138.53838491125714,123.60619620444527
2,107,8,212.1377216625195,212.69036483858963
2,115,1,170.63315791294596,109.42934414025311
2,105,11,196.24427418904486,167.94133532916473
2,105,7,196.24427418904486,167.94133532916473
1,120,2,143.29956793290998,99.92426181867117
2,109,7,147.16040019213114,123.9013854133028
2,123,1,238.73501593323422,239.35694812148685
1,116,5,172.27001222657017,134.38987620264473
2,113,6,157.77547781969415,158.1865010949746
1,116,8,172.27001222657017,134.38987620264473
2,107,1,212.1377216625195,212.69036483858963
1,118,6,77.20578984309292,60.75168973472071
2,119,4,177.53427597655306,177.99677319471908
1,120,14,296.88640048037735,428.90567765245004
2,119,12,177.53427597655306,177.99677319471908
1,87,4,173.20492912814103,115.47783763356777
2,119,3,177.53427597655306,177.99677319471908
2,88,1,153.2676070248458,153.66688677797535
1,112,14,186.6041910571962,292.47663327249023
2,119,10,177.53427597655306,177.99677319471908
2,113,11,157.77547781969415,158.1865010949746
2,109,2,147.16040019213114,123.9013854133028
2,119,11,177.53427597655306,177.99677319471908
2,105,10,196.24427418904486,167.94133532916473
2,109,9,147.16040019213114,123.9013854133028
2,121,4,139.44179101159563,139.80505292304457
1,122,1,143.49530588459925,99.95300893363778
2,113,10,157.77547781969415,158.1865010949746
2,115,11,170.63315791294596,109.42934414025311
1,106,12,174.63187750128026,119.24902045697874
1,116,13,304.72964431827614,420.51025779537224
2,88,10,153.2676070248458,153.66688677797535
1,104,9,116.2841525853317,87.34349478563036
2,121,11,139.44179101159563,139.80505292304457
1,110,13,169.6741764109361,185.4092943066679
2,123,2,238.73501593323422,239.35694812148685
1,122,7,143.49530588459925,99.95300893363778
1,114,8,129.4099592635551,96.7918949386339
1,106,10,174.63187750128026,119.24902045697874
2,121,9,139.44179101159563,139.80505292304457
2,109,15,213.88231764548948,261.7242748056284
2,113,9,157.77547781969415,158.1865010949746
1,108,3,120.68873530232744,88.36297951165282
2,113,8,157.77547781969415,158.1865010949746
2,119,9,177.53427597655306,177.99677319471908
2,109,11,147.16040019213114,123.9013854133028
1,120,13,296.88640048037735,428.90567765245004
1,120,10,143.29956793290998,99.92426181867117
1,118,9,77.20578984309292,60.75168973472071
2,121,1,139.44179101159563,139.80505292304457
2,111,12,110.58040347450329,79.9185395679881
1,122,8,143.49530588459925,99.95300893363778
2,119,7,177.53427597655306,177.99677319471908
2,111,6,110.58040347450329,79.9185395679881
1,118,4,77.20578984309292,60.75168973472071
2,88,6,153.2676070248458,153.66688677797535
1,116,1,172.27001222657017,134.38987620264473
1,116,4,172.27001222657017,134.38987620264473
1,112,5,92.12843754388194,71.2911793601695
1,122,6,143.49530588459925,99.95300893363778
1,87,6,173.20492912814103,115.47783763356777
2,115,2,170.63315791294596,109.42934414025311
1,112,9,92.12843754388194,71.2911793601695
1,114,9,129.4099592635551,96.7918949386339
1,112,10,92.12843754388194,71.2911793601695
2,117,3,178.75140839687893,179.21707638505794
1,112,1,92.12843754388194,71.2911793601695
2,111,8,110.58040347450329,79.9185395679881
1,106,3,174.63187750128026,119.24902045697874
1,110,4,138.53838491125714,123.60619620444527
2,109,8,147.16040019213114,123.9013854133028
2,117,11,178.75140839687893,179.21707638505794
2,107,4,212.1377216625195,212.69036483858963
1,122,10,143.49530588459925,99.95300893363778
2,111,3,110.58040347450329,79.9185395679881
2,119,1,177.53427597655306,177.99677319471908
2,121,10,139.44179101159563,139.80505292304457
2,88,9,153.2676070248458,153.66688677797535
2,107,10,212.1377216625195,212.69036483858963
1,122,13,297.7085953601752,430.23251671435395
2,123,11,238.73501593323422,239.35694812148685
1,87,11,173.20492912814103,115.47783763356777
1,108,5,120.68873530232744,88.36297951165282
2,109,4,147.16040019213114,123.9013854133028
1,108,12,120.68873530232744,88.36297951165282
2,105,4,196.24427418904486,167.94133532916473
1,104,7,116.2841525853317,87.34349478563036
2,105,8,277.5313140962116,335.88267065832946
2,115,13,449.29798250543513,758.7101193724216
2,105,9,196.24427418904486,167.94133532916473
1,104,13,246.90049562673573,393.76165682046474
1,118,1,77.20578984309292,60.75168973472071
1,122,12,143.49530588459925,99.95300893363778
1,110,12,138.53838491125714,123.60619620444527
1,104,2,116.2841525853317,87.34349478563036
1,122,2,143.49530588459925,99.95300893363778
1,87,5,173.20492912814103,115.47783763356777
2,117,7,178.75140839687893,179.21707638505794
2,92,10,202.88609895777228,209.41139714922272
2,126,10,245.44852626682666,171.18486544828468
2,100,1,235.31305389980295,242.8812798794284
2,92,6,202.88609895777228,209.41139714922272
2,90,12,199.84840502568647,149.74193126288088
1,91,9,174.78693745064987,137.49539157278394
2,90,7,199.84840502568647,149.74193126288088
1,95,8,282.08752624641687,291.1601302064821
1,93,11,326.96129594498933,337.4771467798373
2,102,1,223.25325988743805,230.4336142856077
2,94,3,304.80737635993165,314.61070459148385
1,91,13,361.2946738226465,587.4803094473496
1,103,12,217.08062219179746,148.64724325323763
2,96,1,167.11435237085897,121.46863044865786
2,102,4,223.25325988743805,230.4336142856077
1,99,11,184.11289734746506,143.5518020961604
1,99,13,385.9324030387352,630.7579183013108
2,124,5,250.13985871189672,258.1849499036897
1,101,14,148.6174292178309,209.5446336214676
2,126,7,245.44852626682666,171.18486544828468
1,103,5,217.08062219179746,148.64724325323763
2,100,9,235.31305389980295,242.8812798794284
1,91,3,361.2946738226465,587.4803094473496
2,92,5,202.88609895777228,209.41139714922272
1,91,5,174.78693745064987,137.49539157278394
2,94,2,304.80737635993165,314.61070459148385
1,91,7,174.78693745064987,137.49539157278394
2,94,4,304.80737635993165,314.61070459148385
2,126,6,245.44852626682666,171.18486544828468
2,100,4,235.31305389980295,242.8812798794284
2,126,12,245.44852626682666,171.18486544828468
2,100,8,235.31305389980295,242.8812798794284
1,125,5,211.5032281090229,159.99289803448335
2,100,6,235.31305389980295,242.8812798794284
2,92,11,202.88609895777228,209.41139714922272
2,124,7,250.13985871189672,258.1849499036897
2,96,13,496.9548496577768,1074.1637712224451
1,99,8,184.11289734746506,143.5518020961604
2,126,13,774.1093400182691,1702.74307653347
1,99,5,184.11289734746506,143.5518020961604
1,99,1,184.11289734746506,143.5518020961604
2,98,14,249.90372088100918,423.6890844861341
2,98,13,249.90372088100918,423.6890844861341
2,102,7,223.25325988743805,230.4336142856077
1,97,13,493.71115963639596,1079.169557725146
1,101,5,85.80431276518485,69.84821120715588
1,93,2,326.96129594498933,337.4771467798373
1,125,8,211.5032281090229,159.99289803448335
2,94,12,304.80737635993165,314.61070459148385
1,93,4,326.96129594498933,337.4771467798373
1,103,8,217.08062219179746,148.64724325323763
1,97,4,160.0672465088364,113.43543646542727
2,98,6,106.07822178453112,76.34037558308722
2,98,5,106.07822178453112,76.34037558308722
2,90,1,444.80094351867615,741.7771594966785
1,125,9,211.5032281090229,159.99289803448335
2,98,3,106.07822178453112,76.34037558308722
2,92,1,202.88609895777228,209.41139714922272
2,98,1,106.07822178453112,76.34037558308722
1,95,10,282.08752624641687,291.1601302064821
1,99,10,184.11289734746506,143.5518020961604
2,124,2,250.13985871189672,258.1849499036897
1,125,14,464.20372581170295,770.6974966295235
2,96,12,167.11435237085897,121.46863044865786
1,125,10,211.5032281090229,159.99289803448335
2,90,11,199.84840502568647,149.74193126288088
2,126,1,245.44852626682666,171.18486544828468
2,96,9,167.11435237085897,121.46863044865786
2,96,8,167.11435237085897,121.46863044865786
2,102,9,223.25325988743805,230.4336142856077
1,95,7,282.08752624641687,291.1601302064821
2,94,1,304.80737635993165,314.61070459148385
2,100,3,235.31305389980295,242.8812798794284
2,96,3,167.11435237085897,121.46863044865786
2,94,5,304.80737635993165,314.61070459148385
2,96,2,167.11435237085897,121.46863044865786
1,93,3,326.96129594498933,337.4771467798373
2,126,9,245.44852626682666,171.18486544828468
1,101,13,148.6174292178309,209.5446336214676
1,95,4,282.08752624641687,291.1601302064821
1,95,3,282.08752624641687,291.1601302064821
1,95,1,282.08752624641687,291.1601302064821
1,97,2,160.0672465088364,113.43543646542727
1,93,9,326.96129594498933,337.4771467798373
1,97,6,160.0672465088364,113.43543646542727
2,102,5,223.25325988743805,230.4336142856077
1,91,1,174.78693745064987,137.49539157278394
2,100,7,235.31305389980295,242.8812798794284
2,90,5,199.84840502568647,149.74193126288088
1,125,4,211.5032281090229,159.99289803448335
1,99,3,184.11289734746506,143.5518020961604
1,101,6,85.80431276518485,69.84821120715588
2,124,8,250.13985871189672,258.1849499036897
2,126,3,245.44852626682666,171.18486544828468
1,103,1,217.08062219179746,148.64724325323763
1,99,7,184.11289734746506,143.5518020961604
2,90,3,199.84840502568647,149.74193126288088
1,91,12,174.78693745064987,137.49539157278394
1,93,1,326.96129594498933,337.4771467798373
1,125,3,211.5032281090229,159.99289803448335
2,102,2,223.25325988743805,230.4336142856077
2,98,4,106.07822178453112,76.34037558308722
1,125,2,211.5032281090229,159.99289803448335
1,97,7,160.0672465088364,113.43543646542727
1,91,10,174.78693745064987,137.49539157278394
1,101,11,85.80431276518485,69.84821120715588
2,126,11,245.44852626682666,171.18486544828468
2,126,2,245.44852626682666,171.18486544828468
1,91,6,174.78693745064987,137.49539157278394
1,97,8,160.0672465088364,113.43543646542727
2,92,9,202.88609895777228,209.41139714922272
1,101,1,85.80431276518485,69.84821120715588
2,124,12,250.13985871189672,258.1849499036897
2,124,10,250.13985871189672,258.1849499036897
2,98,7,106.07822178453112,76.34037558308722
1,93,8,326.96129594498933,337.4771467798373
2,102,12,223.25325988743805,230.4336142856077
2,98,10,106.07822178453112,76.34037558308722
1,125,6,211.5032281090229,159.99289803448335
1,97,10,160.0672465088364,113.43543646542727
1,103,13,701.8974025703769,1554.0393612838484
1,101,3,85.80431276518485,69.84821120715588
1,95,6,282.08752624641687,291.1601302064821
1,99,12,184.11289734746506,143.5518020961604
2,124,3,250.13985871189672,258.1849499036897
1,101,2,85.80431276518485,69.84821120715588
2,96,10,167.11435237085897,121.46863044865786
1,95,9,282.08752624641687,291.1601302064821
2,100,12,235.31305389980295,242.8812798794284
2,92,2,202.88609895777228,209.41139714922272
2,90,2,199.84840502568647,149.74193126288088
2,124,1,250.13985871189672,258.1849499036897
2,90,8,199.84840502568647,149.74193126288088
2,96,7,167.11435237085897,121.46863044865786
2,124,6,250.13985871189672,258.1849499036897
2,96,11,167.11435237085897,121.46863044865786
1,91,4,174.78693745064987,137.49539157278394
1,93,12,326.96129594498933,337.4771467798373
2,94,11,304.80737635993165,314.61070459148385
2,94,8,304.80737635993165,314.61070459148385
1,93,10,326.96129594498933,337.4771467798373
1,93,7,326.96129594498933,337.4771467798373
1,103,10,217.08062219179746,148.64724325323763
2,124,11,250.13985871189672,258.1849499036897
2,102,8,223.25325988743805,230.4336142856077
1,91,2,174.78693745064987,137.49539157278394
2,94,10,304.80737635993165,314.61070459148385
1,95,5,282.08752624641687,291.1601302064821
2,90,6,199.84840502568647,149.74193126288088
1,101,15,148.6174292178309,209.5446336214676
2,92,7,202.88609895777228,209.41139714922272
1,91,11,174.78693745064987,137.49539157278394
1,103,2,217.08062219179746,148.64724325323763
2,90,4,199.84840502568647,149.74193126288088
1,97,1,160.0672465088364,113.43543646542727
1,101,9,85.80431276518485,69.84821120715588
1,93,6,326.96129594498933,337.4771467798373
2,102,11,223.25325988743805,230.4336142856077
1,103,3,217.08062219179746,148.64724325323763
2,98,12,106.07822178453112,76.34037558308722
2,102,3,223.25325988743805,230.4336142856077
1,99,2,385.9324030387352,630.7579183013108
2,98,9,106.07822178453112,76.34037558308722
1,93,5,326.96129594498933,337.4771467798373
1,125,7,211.5032281090229,159.99289803448335
1,103,6,217.08062219179746,148.64724325323763
1,95,12,282.08752624641687,291.1601302064821
2,92,3,202.88609895777228,209.41139714922272
2,90,9,199.84840502568647,149.74193126288088
1,99,6,184.11289734746506,143.5518020961604
1,101,10,85.80431276518485,69.84821120715588
2,96,6,167.11435237085897,121.46863044865786
2,92,12,202.88609895777228,209.41139714922272
1,103,11,217.08062219179746,148.64724325323763
1,97,3,160.0672465088364,113.43543646542727
1,97,9,160.0672465088364,113.43543646542727
2,124,9,250.13985871189672,258.1849499036897
2,92,8,202.88609895777228,209.41139714922272
2,102,6,223.25325988743805,230.4336142856077
1,99,9,184.11289734746506,143.5518020961604
1,95,2,282.08752624641687,291.1601302064821
2,100,10,235.31305389980295,242.8812798794284
1,103,4,217.08062219179746,148.64724325323763
2,92,4,202.88609895777228,209.41139714922272
2,126,4,245.44852626682666,171.18486544828468
1,97,11,160.0672465088364,113.43543646542727
1,103,9,217.08062219179746,148.64724325323763
2,94,7,304.80737635993165,314.61070459148385
2,100,11,235.31305389980295,242.8812798794284
2,100,5,235.31305389980295,242.8812798794284
1,97,5,160.0672465088364,113.43543646542727
2,94,9,304.80737635993165,314.61070459148385
2,98,2,106.07822178453112,76.34037558308722
2,126,8,245.44852626682666,171.18486544828468
1,125,12,211.5032281090229,159.99289803448335
2,90,13,444.80094351867615,741.7771594966785
2,94,6,304.80737635993165,314.61070459148385
2,96,4,167.11435237085897,121.46863044865786
2,100,2,235.31305389980295,242.8812798794284
2,124,4,250.13985871189672,258.1849499036897
1,125,13,464.20372581170295,770.6974966295235
1,95,11,282.08752624641687,291.1601302064821
1,101,8,85.80431276518485,69.84821120715588
2,102,10,223.25325988743805,230.4336142856077
1,143,5,115.19486704465952,88.75447872802415
2,151,4,168.37577102107647,214.0217871687069
2,138,12,144.09773778384675,151.73643001097574
1,150,1,134.3612140898331,97.3784754874188
2,149,1,121.83340735301749,100.34440982371912
2,149,2,213.78022163869582,308.95515656250365
1,139,1,228.6890559970121,385.13656856450274
1,143,13,253.43984795619855,429.6094449069255
2,153,1,113.61058384274172,85.64393029934928
2,128,13,127.32594411414372,162.53667847122404
2,151,10,119.05964947651654,107.01089358435345
2,153,6,113.61058384274172,85.64393029934928
1,135,4,98.27486135986263,69.40030303682487
2,128,7,89.1000284700631,79.59270337508393
1,127,5,122.17885818389101,128.6556197811394
1,135,7,98.27486135986263,69.40030303682487
2,140,10,101.5918516316495,69.1583186065282
1,154,11,98.03673887514982,75.4839845311215
1,152,10,156.61366261290013,129.65418700634234
2,134,7,131.67551900937718,138.6557032858916
1,154,5,98.03673887514982,75.4839845311215
1,139,9,106.02034825759851,82.77562070640059
2,142,2,146.4338190812872,95.76870868375168
1,137,6,121.75644012314582,94.30448493523434
2,140,5,339.8343131370117,773.8577375109793
1,152,5,272.6157609724587,392.85218662921733
2,149,7,121.83340735301749,100.34440982371912
1,148,14,239.7233490774741,343.0280658996823
1,152,8,156.61366261290013,129.65418700634234
1,148,8,140.3676203113042,117.60962259417681
2,155,2,101.35089968667864,106.72356092033716
2,140,11,101.5918516316495,69.1583186065282
1,148,6,140.3676203113042,117.60962259417681
2,155,7,101.35089968667864,106.72356092033716
1,148,7,140.3676203113042,117.60962259417681
1,154,13,215.90352132603215,366.0973249759392
1,148,1,140.3676203113042,117.60962259417681
2,155,6,101.35089968667864,106.72356092033716
1,137,12,121.75644012314582,94.30448493523434
2,142,8,515.1266195925017,1185.1377699614268
1,143,4,115.19486704465952,88.75447872802415
1,141,8,104.99849405831964,86.25791234872807
1,152,3,156.61366261290013,129.65418700634234
2,134,4,131.67551900937718,138.6557032858916
1,148,11,140.3676203113042,117.60962259417681
1,139,10,106.02034825759851,82.77562070640059
1,135,5,98.27486135986263,69.40030303682487
2,155,11,101.35089968667864,106.72356092033716
2,134,11,131.67551900937718,138.6557032858916
1,137,2,265.7981014497794,449.4198110194761
2,136,8,133.73863774039967,140.82818895949544
2,138,5,144.09773778384675,151.73643001097574
2,138,6,144.09773778384675,151.73643001097574
2,144,7,95.72442138105242,71.01346742473275
2,151,8,119.05964947651654,107.01089358435345
2,140,1,101.5918516316495,69.1583186065282
1,137,4,121.75644012314582,94.30448493523434
1,150,10,134.3612140898331,97.3784754874188
1,127,11,122.17885818389101,128.6556197811394
1,137,3,121.75644012314582,94.30448493523434
1,139,5,106.02034825759851,82.77562070640059
1,143,11,115.19486704465952,88.75447872802415
2,128,10,89.1000284700631,79.59270337508393
1,148,2,140.3676203113042,117.60962259417681
1,143,14,253.43984795619855,429.6094449069255
2,138,1,144.09773778384675,151.73643001097574
1,133,8,107.30296540409631,72.46064430528769
2,151,2,119.05964947651654,107.01089358435345
2,149,12,121.83340735301749,100.34440982371912
2,136,3,133.73863774039967,140.82818895949544
1,139,2,106.02034825759851,82.77562070640059
1,127,3,122.17885818389101,128.6556197811394
2,149,8,121.83340735301749,100.34440982371912
2,142,5,146.4338190812872,95.76870868375168
2,128,6,89.1000284700631,79.59270337508393
1,127,9,122.17885818389101,128.6556197811394
1,152,6,156.61366261290013,129.65418700634234
2,138,7,144.09773778384675,151.73643001097574
1,152,12,156.61366261290013,129.65418700634234
1,137,13,265.7981014497794,449.4198110194761
1,137,7,121.75644012314582,94.30448493523434
2,136,6,133.73863774039967,140.82818895949544
2,149,10,213.78022163869582,308.95515656250365
1,137,11,121.75644012314582,94.30448493523434
2,153,12,113.61058384274172,85.64393029934928
1,154,9,98.03673887514982,75.4839845311215
2,140,9,101.5918516316495,69.1583186065282
2,136,10,133.73863774039967,140.82818895949544
2,153,8,113.61058384274172,85.64393029934928
1,154,12,98.03673887514982,75.4839845311215
2,149,9,121.83340735301749,100.34440982371912
2,155,1,101.35089968667864,106.72356092033716
2,134,6,131.67551900937718,138.6557032858916
1,127,12,122.17885818389101,128.6556197811394
1,135,11,98.27486135986263,69.40030303682487
2,149,11,121.83340735301749,100.34440982371912
2,134,10,131.67551900937718,138.6557032858916
1,135,12,313.1538311510604,704.6800000662217
2,140,3,101.5918516316495,69.1583186065282
2,155,9,101.35089968667864,106.72356092033716
1,152,13,272.6157609724587,392.85218662921733
2,136,12,133.73863774039967,140.82818895949544
2,134,9,131.67551900937718,138.6557032858916
2,138,8,144.09773778384675,151.73643001097574
2,144,6,95.72442138105242,71.01346742473275
1,139,4,106.02034825759851,82.77562070640059
1,152,11,156.61366261290013,129.65418700634234
2,151,9,119.05964947651654,107.01089358435345
1,141,6,104.99849405831964,86.25791234872807
1,154,1,215.90352132603215,366.0973249759392
2,153,4,113.61058384274172,85.64393029934928
1,150,7,134.3612140898331,97.3784754874188
2,153,5,113.61058384274172,85.64393029934928
2,144,5,95.72442138105242,71.01346742473275
1,127,2,122.17885818389101,128.6556197811394
1,152,7,156.61366261290013,129.65418700634234
1,154,3,98.03673887514982,75.4839845311215
1,127,8,122.17885818389101,128.6556197811394
1,152,1,272.6157609724587,392.85218662921733
1,143,3,115.19486704465952,88.75447872802415
1,135,8,98.27486135986263,69.40030303682487
2,153,11,113.61058384274172,85.64393029934928
1,152,2,156.61366261290013,129.65418700634234
1,135,3,98.27486135986263,69.40030303682487
1,143,6,115.19486704465952,88.75447872802415
1,152,4,156.61366261290013,129.65418700634234
1,133,6,107.30296540409631,72.46064430528769
1,148,3,140.3676203113042,117.60962259417681
2,144,13,222.3136735779532,383.02539516489713
2,142,6,146.4338190812872,95.76870868375168
1,133,2,107.30296540409631,72.46064430528769
2,142,4,146.4338190812872,95.76870868375168
1,141,11,104.99849405831964,86.25791234872807
1,127,4,122.17885818389101,128.6556197811394
1,127,7,122.17885818389101,128.6556197811394
2,136,11,133.73863774039967,140.82818895949544
2,151,1,119.05964947651654,107.01089358435345
2,155,4,101.35089968667864,106.72356092033716
1,141,10,104.99849405831964,86.25791234872807
2,138,10,144.09773778384675,151.73643001097574
1,150,11,322.13171820226233,559.7345441402814
1,148,9,140.3676203113042,117.60962259417681
2,149,5,213.78022163869582,308.95515656250365
1,150,3,134.3612140898331,97.3784754874188
1,141,4,184.97171618891923,267.6969693581215
1,135,1,98.27486135986263,69.40030303682487
2,142,7,146.4338190812872,95.76870868375168
2,140,2,101.5918516316495,69.1583186065282
2,136,2,133.73863774039967,140.82818895949544
1,127,10,122.17885818389101,128.6556197811394
1,141,3,104.99849405831964,86.25791234872807
1,133,1,107.30296540409631,72.46064430528769
2,134,3,131.67551900937718,138.6557032858916
1,139,13,228.6890559970121,385.13656856450274
2,151,5,119.05964947651654,107.01089358435345
2,155,8,101.35089968667864,106.72356092033716
2,153,2,113.61058384274172,85.64393029934928
1,133,3,107.30296540409631,72.46064430528769
2,134,1,131.67551900937718,138.6557032858916
2,149,4,121.83340735301749,100.34440982371912
2,151,3,119.05964947651654,107.01089358435345
2,153,10,113.61058384274172,85.64393029934928
1,141,1,184.97171618891923,267.6969693581215
2,144,11,95.72442138105242,71.01346742473275
2,138,4,144.09773778384675,151.73643001097574
2,151,11,119.05964947651654,107.01089358435345
2,155,12,101.35089968667864,106.72356092033716
2,144,10,95.72442138105242,71.01346742473275
1,150,8,134.3612140898331,97.3784754874188
1,133,4,107.30296540409631,72.46064430528769
1,137,5,121.75644012314582,94.30448493523434
1,154,4,98.03673887514982,75.4839845311215
2,128,5,89.1000284700631,79.59270337508393
2,136,1,133.73863774039967,140.82818895949544
1,143,9,115.19486704465952,88.75447872802415
1,135,6,98.27486135986263,69.40030303682487
2,138,9,144.09773778384675,151.73643001097574
2,128,11,89.1000284700631,79.59270337508393
2,140,7,101.5918516316495,69.1583186065282
1,139,11,106.02034825759851,82.77562070640059
2,142,11,146.4338190812872,95.76870868375168
2,153,9,113.61058384274172,85.64393029934928
1,135,2,98.27486135986263,69.40030303682487
1,141,12,104.99849405831964,86.25791234872807
1,150,12,134.3612140898331,97.3784754874188
1,133,12,107.30296540409631,72.46064430528769
2,142,1,146.4338190812872,95.76870868375168
2,142,10,146.4338190812872,95.76870868375168
1,139,8,106.02034825759851,82.77562070640059
2,128,9,127.32594411414372,162.53667847122404
2,136,5,133.73863774039967,140.82818895949544
2,136,7,133.73863774039967,140.82818895949544
2,140,6,101.5918516316495,69.1583186065282
1,135,9,98.27486135986263,69.40030303682487
1,133,5,107.30296540409631,72.46064430528769
1,150,2,134.3612140898331,97.3784754874188
2,155,10,101.35089968667864,106.72356092033716
1,154,6,98.03673887514982,75.4839845311215
2,155,5,101.35089968667864,106.72356092033716
2,144,1,95.72442138105242,71.01346742473275
2,153,7,257.9798433005248,441.6015156060197
2,155,3,101.35089968667864,106.72356092033716
2,128,3,127.32594411414372,162.53667847122404
1,137,8,121.75644012314582,94.30448493523434
1,154,8,98.03673887514982,75.4839845311215
2,128,14,127.32594411414372,162.53667847122404
2,128,8,89.1000284700631,79.59270337508393
1,127,1,122.17885818389101,128.6556197811394
2,134,2,131.67551900937718,138.6557032858916
1,150,4,134.3612140898331,97.3784754874188
2,134,5,131.67551900937718,138.6557032858916
2,136,4,133.73863774039967,140.82818895949544
1,135,10,98.27486135986263,69.40030303682487
1,150,5,134.3612140898331,97.3784754874188
2,140,8,101.5918516316495,69.1583186065282
2,138,11,144.09773778384675,151.73643001097574
2,144,2,95.72442138105242,71.01346742473275
2,144,8,95.72442138105242,71.01346742473275
1,141,9,104.99849405831964,86.25791234872807
2,138,2,144.09773778384675,151.73643001097574
1,148,13,239.7233490774741,343.0280658996823
1,141,7,104.99849405831964,86.25791234872807
2,144,9,95.72442138105242,71.01346742473275
2,144,4,95.72442138105242,71.01346742473275
1,154,7,98.03673887514982,75.4839845311215
1,133,11,107.30296540409631,72.46064430528769
1,127,6,122.17885818389101,128.6556197811394
1,139,3,106.02034825759851,82.77562070640059
2,149,3,121.83340735301749,100.34440982371912
2,136,9,133.73863774039967,140.82818895949544
1,133,10,107.30296540409631,72.46064430528769
1,133,7,362.66302096703134,827.7235137950171
1,150,9,134.3612140898331,97.3784754874188
1,139,12,106.02034825759851,82.77562070640059
2,151,6,168.37577102107647,214.0217871687069
2,142,3,146.4338190812872,95.76870868375168
2,140,12,101.5918516316495,69.1583186065282
1,143,8,115.19486704465952,88.75447872802415
1,143,7,115.19486704465952,88.75447872802415
2,138,3,144.09773778384675,151.73643001097574
2,142,12,146.4338190812872,95.76870868375168
1,143,10,115.19486704465952,88.75447872802415
2,151,7,168.37577102107647,214.0217871687069
2,153,13,257.9798433005248,441.6015156060197
1,133,9,107.30296540409631,72.46064430528769
1,139,7,106.02034825759851,82.77562070640059
1,137,1,121.75644012314582,94.30448493523434
1,150,13,322.13171820226233,559.7345441402814
1,148,10,239.7233490774741,343.0280658996823
2,140,4,101.5918516316495,69.1583186065282
2,134,8,131.67551900937718,138.6557032858916
2,151,12,168.37577102107647,214.0217871687069
2,142,9,146.4338190812872,95.76870868375168
2,134,12,131.67551900937718,138.6557032858916
1,141,13,184.97171618891923,267.6969693581215
2,144,14,222.3136735779532,383.02539516489713
1,154,10,98.03673887514982,75.4839845311215
1,148,5,140.3676203113042,117.60962259417681
2,128,4,89.1000284700631,79.59270337508393
2,149,6,121.83340735301749,100.34440982371912
1,137,10,121.75644012314582,94.30448493523434
1,143,2,115.19486704465952,88.75447872802415
1,141,5,104.99849405831964,86.25791234872807
2,128,2,89.1000284700631,79.59270337508393
2,166,9,583.5995846193491,958.2785470352406
1,157,7,531.4233876882389,437.60752214578093
2,166,11,274.5255149071203,212.04461466311707
2,170,9,1194.306600705662,2034.8186322629474
2,156,1,714.6169828468954,504.644272645258
1,161,9,469.34655447621867,388.10853081997755
2,160,2,559.2967894531733,400.8411862517549
2,160,8,559.2967894531733,400.8411862517549
1,161,5,792.348178748642,1106.109312836936
1,171,1,640.1424139399204,438.9730551211871
2,172,6,332.70327065227735,343.2945339526633
1,171,9,640.1424139399204,438.9730551211871
1,163,13,1386.1092383679418,2298.9228432657924
1,159,2,645.4911952397074,445.694314895823
2,172,3,332.70327065227735,343.2945339526633
1,171,10,640.1424139399204,438.9730551211871
1,163,14,1386.1092383679418,2298.9228432657924
1,171,8,640.1424139399204,438.9730551211871
2,132,1,554.8363580059363,572.4989975848835
2,132,9,554.8363580059363,572.4989975848835
1,145,9,537.0264749115565,554.1221553475054
2,132,6,554.8363580059363,572.4989975848835
2,158,7,520.8988079942214,355.67110448857716
2,156,11,714.6169828468954,504.644272645258
1,147,8,663.9101247948744,685.0450145292277
2,130,6,653.1001906055412,673.8909573048712
2,146,5,542.1831077296372,559.442944219155
2,146,6,542.1831077296372,559.442944219155
1,159,11,645.4911952397074,445.694314895823
2,162,1,660.2040874156366,681.2209992966084
2,158,10,520.8988079942214,355.67110448857716
1,169,14,716.5773799098982,885.0732096205435
1,161,1,469.34655447621867,388.10853081997755
2,172,11,332.70327065227735,343.2945339526633
2,166,3,274.5255149071203,212.04461466311707
1,147,6,663.9101247948744,685.0450145292277
2,164,2,583.4361702742835,602.0092551923516
1,169,6,516.8655654564762,460.47727797825564
2,160,7,559.2967894531733,400.8411862517549
1,129,12,568.5064858235864,389.63085594043275
2,130,9,653.1001906055412,673.8909573048712
1,145,4,537.0264749115565,554.1221553475054
2,172,7,332.70327065227735,343.2945339526633
1,145,6,537.0264749115565,554.1221553475054
1,157,5,531.4233876882389,437.60752214578093
1,145,2,537.0264749115565,554.1221553475054
2,130,2,653.1001906055412,673.8909573048712
1,147,2,663.9101247948744,685.0450145292277
2,172,1,332.70327065227735,343.2945339526633
1,169,15,716.5773799098982,885.0732096205435
2,164,7,583.4361702742835,602.0092551923516
1,131,5,1070.825485329356,1772.5473779736665
1,161,13,792.348178748642,1106.109312836936
1,161,4,469.34655447621867,388.10853081997755
1,171,7,640.1424139399204,438.9730551211871
2,166,8,274.5255149071203,212.04461466311707
2,168,11,516.6718275641337,404.7208078171073
2,132,11,554.8363580059363,572.4989975848835
1,163,3,632.9385779542938,479.3498694469099
1,147,1,663.9101247948744,685.0450145292277
1,159,7,645.4911952397074,445.694314895823
1,131,11,491.8915564524991,374.02375865499386
2,170,6,496.86157932338784,352.1801478916639
2,170,5,496.86157932338784,352.1801478916639
2,130,12,653.1001906055412,673.8909573048712
2,164,9,583.4361702742835,602.0092551923516
2,162,8,660.2040874156366,681.2209992966084
2,164,4,583.4361702742835,602.0092551923516
1,157,6,531.4233876882389,437.60752214578093
2,172,5,332.70327065227735,343.2945339526633
1,171,11,640.1424139399204,438.9730551211871
1,129,5,1835.2330360539158,4060.3636566424043
2,158,4,520.8988079942214,355.67110448857716
2,158,12,1314.6750168713625,2265.5762135231284
1,163,5,632.9385779542938,479.3498694469099
1,167,7,561.6955636024173,539.1333721607949
1,163,2,632.9385779542938,479.3498694469099
1,163,1,632.9385779542938,479.3498694469099
1,129,3,568.5064858235864,389.63085594043275
2,166,1,274.5255149071203,212.04461466311707
1,129,7,568.5064858235864,389.63085594043275
1,167,3,561.6955636024173,539.1333721607949
2,130,1,653.1001906055412,673.8909573048712
2,160,6,559.2967894531733,400.8411862517549
1,167,11,561.6955636024173,539.1333721607949
1,161,8,469.34655447621867,388.10853081997755
2,162,11,660.2040874156366,681.2209992966084
1,161,7,469.34655447621867,388.10853081997755
2,146,1,542.1831077296372,559.442944219155
2,156,3,714.6169828468954,504.644272645258
1,161,3,469.34655447621867,388.10853081997755
2,166,5,274.5255149071203,212.04461466311707
1,167,1,561.6955636024173,539.1333721607949
2,162,12,660.2040874156366,681.2209992966084
2,146,12,542.1831077296372,559.442944219155
2,130,8,653.1001906055412,673.8909573048712
2,156,6,714.6169828468954,504.644272645258
2,156,7,714.6169828468954,504.644272645258
1,159,12,645.4911952397074,445.694314895823
2,160,12,559.2967894531733,400.8411862517549
1,159,10,645.4911952397074,445.694314895823
1,159,9,645.4911952397074,445.694314895823
1,169,9,516.8655654564762,460.47727797825564
1,169,12,516.8655654564762,460.47727797825564
2,130,10,653.1001906055412,673.8909573048712
2,158,8,520.8988079942214,355.67110448857716
1,163,12,632.9385779542938,479.3498694469099
2,158,6,520.8988079942214,355.67110448857716
2,130,5,653.1001906055412,673.8909573048712
1,145,7,537.0264749115565,554.1221553475054
1,159,1,645.4911952397074,445.694314895823
1,157,4,531.4233876882389,437.60752214578093
1,145,3,537.0264749115565,554.1221553475054
1,157,10,531.4233876882389,437.60752214578093
1,157,13,903.2460746006379,1264.1995084211446
2,132,5,554.8363580059363,572.4989975848835
2,170,7,496.86157932338784,352.1801478916639
2,168,10,516.6718275641337,404.7208078171073
1,131,8,491.8915564524991,374.02375865499386
2,146,11,542.1831077296372,559.442944219155
2,130,3,653.1001906055412,673.8909573048712
2,170,12,496.86157932338784,352.1801478916639
2,168,5,948.4641170704134,1363.853681137101
1,171,5,640.1424139399204,438.9730551211871
1,161,11,469.34655447621867,388.10853081997755
2,146,10,542.1831077296372,559.442944219155
2,168,2,948.4641170704134,1363.853681137101
2,160,11,559.2967894531733,400.8411862517549
1,167,15,654.4598836339767,731.914396145564
2,162,7,660.2040874156366,681.2209992966084
1,171,4,640.1424139399204,438.9730551211871
2,168,6,948.4641170704134,1363.853681137101
1,147,3,663.9101247948744,685.0450145292277
2,160,3,559.2967894531733,400.8411862517549
2,146,9,542.1831077296372,559.442944219155
1,171,6,640.1424139399204,438.9730551211871
1,167,2,561.6955636024173,539.1333721607949
1,129,8,568.5064858235864,389.63085594043275
2,132,12,554.8363580059363,572.4989975848835
2,146,7,542.1831077296372,559.442944219155
2,160,4,559.2967894531733,400.8411862517549
1,129,1,568.5064858235864,389.63085594043275
1,157,12,531.4233876882389,437.60752214578093
1,145,10,537.0264749115565,554.1221553475054
1,163,6,632.9385779542938,479.3498694469099
2,132,2,554.8363580059363,572.4989975848835
1,147,4,663.9101247948744,685.0450145292277
2,156,5,714.6169828468954,504.644272645258
1,165,8,532.7002650016216,372.7153025248931
1,165,9,532.7002650016216,372.7153025248931
1,165,10,532.7002650016216,372.7153025248931
2,164,12,583.4361702742835,602.0092551923516
1,165,12,532.7002650016216,372.7153025248931
2,168,4,516.6718275641337,404.7208078171073
2,170,3,496.86157932338784,352.1801478916639
1,169,11,516.8655654564762,460.47727797825564
1,131,3,491.8915564524991,374.02375865499386
1,147,9,663.9101247948744,685.0450145292277
1,131,2,491.8915564524991,374.02375865499386
2,158,11,520.8988079942214,355.67110448857716
1,129,2,568.5064858235864,389.63085594043275
2,156,12,714.6169828468954,504.644272645258
2,164,10,583.4361702742835,602.0092551923516
1,157,14,903.2460746006379,1264.1995084211446
1,131,10,491.8915564524991,374.02375865499386
2,158,1,520.8988079942214,355.67110448857716
2,156,9,714.6169828468954,504.644272645258
2,166,6,274.5255149071203,212.04461466311707
1,159,3,645.4911952397074,445.694314895823
2,164,6,583.4361702742835,602.0092551923516
2,158,2,520.8988079942214,355.67110448857716
2,146,3,542.1831077296372,559.442944219155
1,163,8,632.9385779542938,479.3498694469099
2,160,14,1324.4955845448953,2247.960706682139
1,167,12,561.6955636024173,539.1333721607949
1,165,6,532.7002650016216,372.7153025248931
2,162,5,660.2040874156366,681.2209992966084
2,172,9,332.70327065227735,343.2945339526633
1,169,4,716.5773799098982,885.0732096205435
1,145,1,537.0264749115565,554.1221553475054
2,132,8,554.8363580059363,572.4989975848835
2,172,4,332.70327065227735,343.2945339526633
1,129,4,568.5064858235864,389.63085594043275
2,156,4,714.6169828468954,504.644272645258
1,129,9,568.5064858235864,389.63085594043275
1,171,13,2064.9336708021406,4567.692600585326
1,163,9,632.9385779542938,479.3498694469099
1,161,6,792.348178748642,1106.109312836936
1,147,5,663.9101247948744,685.0450145292277
2,156,8,714.6169828468954,504.644272645258
1,159,4,645.4911952397074,445.694314895823
1,129,10,568.5064858235864,389.63085594043275
2,156,2,714.6169828468954,504.644272645258
1,147,11,663.9101247948744,685.0450145292277
2,170,8,1194.306600705662,2034.8186322629474
2,170,11,496.86157932338784,352.1801478916639
1,145,11,537.0264749115565,554.1221553475054
2,164,1,583.4361702742835,602.0092551923516
2,168,9,516.6718275641337,404.7208078171073
1,165,7,532.7002650016216,372.7153025248931
1,161,12,469.34655447621867,388.10853081997755
1,171,2,640.1424139399204,438.9730551211871
2,160,10,559.2967894531733,400.8411862517549
2,162,6,660.2040874156366,681.2209992966084
1,169,1,516.8655654564762,460.47727797825564
1,129,6,568.5064858235864,389.63085594043275
1,167,6,654.4598836339767,731.914396145564
1,169,5,516.8655654564762,460.47727797825564
2,170,10,496.86157932338784,352.1801478916639
2,146,4,542.1831077296372,559.442944219155
1,171,3,640.1424139399204,438.9730551211871
2,162,2,660.2040874156366,681.2209992966084
1,145,12,537.0264749115565,554.1221553475054
2,166,10,274.5255149071203,212.04461466311707
1,131,12,491.8915564524991,374.02375865499386
1,163,4,632.9385779542938,479.3498694469099
1,145,5,537.0264749115565,554.1221553475054
1,159,5,2062.9767031416727,4552.449073578764
1,169,10,516.8655654564762,460.47727797825564
1,157,3,531.4233876882389,437.60752214578093
2,168,7,516.6718275641337,404.7208078171073
1,167,13,654.4598836339767,731.914396145564
2,172,10,332.70327065227735,343.2945339526633
2,164,3,583.4361702742835,602.0092551923516
2,172,8,332.70327065227735,343.2945339526633
2,170,1,496.86157932338784,352.1801478916639
2,130,4,653.1001906055412,673.8909573048712
1,157,11,531.4233876882389,437.60752214578093
2,146,2,542.1831077296372,559.442944219155
1,131,13,1070.825485329356,1772.5473779736665
2,132,4,554.8363580059363,572.4989975848835
1,167,8,561.6955636024173,539.1333721607949
1,165,3,532.7002650016216,372.7153025248931
2,164,11,583.4361702742835,602.0092551923516
2,172,2,332.70327065227735,343.2945339526633
1,165,2,532.7002650016216,372.7153025248931
1,167,14,654.4598836339767,731.914396145564
2,170,2,496.86157932338784,352.1801478916639
1,159,8,645.4911952397074,445.694314895823
1,147,12,663.9101247948744,685.0450145292277
1,131,1,491.8915564524991,374.02375865499386
2,162,10,660.2040874156366,681.2209992966084
2,130,11,653.1001906055412,673.8909573048712
1,169,13,716.5773799098982,885.0732096205435
2,172,12,332.70327065227735,343.2945339526633
2,164,8,583.4361702742835,602.0092551923516
2,130,7,653.1001906055412,673.8909573048712
1,157,1,531.4233876882389,437.60752214578093
1,165,4,1671.9276467047312,3671.52387561835
2,160,13,1324.4955845448953,2247.960706682139
2,166,12,274.5255149071203,212.04461466311707
2,160,5,559.2967894531733,400.8411862517549
2,162,3,660.2040874156366,681.2209992966084
2,162,4,660.2040874156366,681.2209992966084
1,167,9,654.4598836339767,731.914396145564
1,163,7,632.9385779542938,479.3498694469099
1,165,5,532.7002650016216,372.7153025248931
1,169,3,516.8655654564762,460.47727797825564
1,165,1,532.7002650016216,372.7153025248931
2,146,8,542.1831077296372,559.442944219155
2,166,13,583.5995846193491,958.2785470352406
1,131,4,491.8915564524991,374.02375865499386
2,168,1,516.6718275641337,404.7208078171073
2,162,9,660.2040874156366,681.2209992966084
2,166,2,274.5255149071203,212.04461466311707
1,161,10,469.34655447621867,388.10853081997755
2,170,4,496.86157932338784,352.1801478916639
1,147,10,663.9101247948744,685.0450145292277
2,158,5,520.8988079942214,355.67110448857716
2,158,9,1314.6750168713625,2265.5762135231284
1,131,9,491.8915564524991,374.02375865499386
2,164,5,583.4361702742835,602.0092551923516
2,168,3,516.6718275641337,404.7208078171073
2,158,3,520.8988079942214,355.67110448857716
1,147,7,663.9101247948744,685.0450145292277
2,168,8,516.6718275641337,404.7208078171073
1,165,11,532.7002650016216,372.7153025248931
1,159,6,645.4911952397074,445.694314895823
1,131,7,491.8915564524991,374.02375865499386
1,145,8,537.0264749115565,554.1221553475054
2,132,3,554.8363580059363,572.4989975848835
1,157,8,903.2460746006379,1264.1995084211446
1,129,11,568.5064858235864,389.63085594043275
2,166,7,274.5255149071203,212.04461466311707
2,156,10,2214.1597387864135,4844.585017394476
2,132,7,554.8363580059363,572.4989975848835
2,168,12,516.6718275641337,404.7208078171073
2,132,10,554.8363580059363,572.4989975848835
1,204,5,141.8999122231378,133.77052297200083
1,204,1,165.8380612540303,182.71095820565972
2,203,6,240.63275143055097,147.7952435883767
2,207,14,385.8707215826639,641.5829015409344
1,206,7,165.8548446145267,132.77639007238727
1,202,9,933.1817960327211,2035.106604060101
1,208,9,268.94048511768483,272.9925092626099
1,186,11,239.61247887008682,164.9257514049067
1,202,4,286.793660128092,192.2178610682504
2,176,4,211.01656806439036,214.19587455073795
2,187,8,301.82144674155273,306.36887584698405
2,185,5,198.359099737721,201.34770095613231
1,204,6,141.8999122231378,133.77052297200083
1,204,9,141.8999122231378,133.77052297200083
1,204,10,141.8999122231378,133.77052297200083
1,206,3,165.8548446145267,132.77639007238727
2,205,4,174.51199096826272,122.49549547924946
1,210,5,149.30003752957953,100.13261166361903
1,177,6,152.08255655660705,104.53723218763768
2,211,11,290.05847737013465,294.42867828365524
2,207,1,165.47873497427153,117.99225775465459
1,179,1,236.1904744299668,239.749066602405
1,173,11,211.23357211262814,198.24873219877776
2,187,7,301.82144674155273,306.36887584698405
1,206,9,165.8548446145267,132.77639007238727
2,176,3,211.01656806439036,214.19587455073795
2,185,12,198.359099737721,201.34770095613231
2,203,10,240.63275143055097,147.7952435883767
2,187,5,301.82144674155273,306.36887584698405
2,178,9,348.1923455970026,353.4384274236928
1,202,7,286.793660128092,192.2178610682504
2,201,5,194.22577656788496,142.66060161465418
1,202,3,286.793660128092,192.2178610682504
2,187,11,301.82144674155273,306.36887584698405
2,178,8,348.1923455970026,353.4384274236928
1,202,1,286.793660128092,192.2178610682504
1,206,4,165.8548446145267,132.77639007238727
1,208,2,268.94048511768483,272.9925092626099
2,185,8,198.359099737721,201.34770095613231
2,187,12,301.82144674155273,306.36887584698405
2,187,9,301.82144674155273,306.36887584698405
1,186,6,239.61247887008682,164.9257514049067
2,205,11,174.51199096826272,122.49549547924946
1,204,15,165.8380612540303,182.71095820565972
2,203,9,240.63275143055097,147.7952435883767
1,200,11,169.94405563302942,111.79169830049234
2,185,7,198.359099737721,201.34770095613231
1,200,8,169.94405563302942,111.79169830049234
2,209,10,189.16626032922642,119.3602362021818
2,176,7,211.01656806439036,214.19587455073795
2,178,5,348.1923455970026,353.4384274236928
1,210,3,149.30003752957953,100.13261166361903
1,175,2,234.84848309797826,238.38685599670944
2,201,10,194.22577656788496,142.66060161465418
2,209,6,189.16626032922642,119.3602362021818
2,174,3,243.68858472933073,247.36014808184635
2,174,1,243.68858472933073,247.36014808184635
2,205,6,174.51199096826272,122.49549547924946
2,211,8,290.05847737013465,294.42867828365524
1,210,12,149.30003752957953,100.13261166361903
1,208,5,268.94048511768483,272.9925092626099
1,175,5,234.84848309797826,238.38685599670944
2,207,4,165.47873497427153,117.99225775465459
1,206,6,165.8548446145267,132.77639007238727
1,210,13,485.3658444363092,1058.2642683664835
1,186,1,239.61247887008682,164.9257514049067
2,176,2,211.01656806439036,214.19587455073795
1,200,9,169.94405563302942,111.79169830049234
2,201,12,194.22577656788496,142.66060161465418
1,175,6,234.84848309797826,238.38685599670944
2,187,2,301.82144674155273,306.36887584698405
1,186,9,239.61247887008682,164.9257514049067
1,206,14,287.2690175538016,398.3291702171618
2,203,12,240.63275143055097,147.7952435883767
2,209,4,189.16626032922642,119.3602362021818
1,204,7,141.8999122231378,133.77052297200083
1,206,13,287.2690175538016,398.3291702171618
2,178,7,348.1923455970026,353.4384274236928
1,179,11,236.1904744299668,239.749066602405
1,179,5,236.1904744299668,239.749066602405
1,179,4,236.1904744299668,239.749066602405
1,179,2,236.1904744299668,239.749066602405
1,186,5,239.61247887008682,164.9257514049067
1,173,5,211.23357211262814,198.24873219877776
1,206,10,165.8548446145267,132.77639007238727
2,201,4,194.22577656788496,142.66060161465418
2,178,4,348.1923455970026,353.4384274236928
1,177,9,152.08255655660705,104.53723218763768
1,200,13,566.6956532317054,1243.075080015257
1,173,4,248.9250908542173,275.3099329405607
2,176,6,211.01656806439036,214.19587455073795
1,210,8,149.30003752957953,100.13261166361903
1,186,13,752.0452949598812,1624.6417302572895
2,201,8,194.22577656788496,142.66060161465418
1,175,1,234.84848309797826,238.38685599670944
1,175,7,234.84848309797826,238.38685599670944
2,176,12,211.01656806439036,214.19587455073795
2,176,11,211.01656806439036,214.19587455073795
1,177,13,478.2178001252262,1033.6265654507995
1,186,7,239.61247887008682,164.9257514049067
1,200,12,169.94405563302942,111.79169830049234
1,177,2,152.08255655660705,104.53723218763768
1,177,8,152.08255655660705,104.53723218763768
1,175,11,234.84848309797826,238.38685599670944
2,211,2,290.05847737013465,294.42867828365524
1,173,15,248.9250908542173,275.3099329405607
1,175,8,234.84848309797826,238.38685599670944
1,179,3,236.1904744299668,239.749066602405
1,206,2,165.8548446145267,132.77639007238727
2,174,5,243.68858472933073,247.36014808184635
1,204,13,165.8380612540303,182.71095820565972
2,174,8,243.68858472933073,247.36014808184635
1,208,6,268.94048511768483,272.9925092626099
2,174,10,243.68858472933073,247.36014808184635
2,203,8,240.63275143055097,147.7952435883767
1,175,9,234.84848309797826,238.38685599670944
1,200,2,169.94405563302942,111.79169830049234
2,207,12,165.47873497427153,117.99225775465459
1,210,7,149.30003752957953,100.13261166361903
1,208,1,268.94048511768483,272.9925092626099
1,202,5,286.793660128092,192.2178610682504
2,174,12,243.68858472933073,247.36014808184635
2,211,5,290.05847737013465,294.42867828365524
1,177,5,152.08255655660705,104.53723218763768
1,202,10,286.793660128092,192.2178610682504
1,179,10,236.1904744299668,239.749066602405
1,186,10,239.61247887008682,164.9257514049067
2,201,1,194.22577656788496,142.66060161465418
1,208,8,268.94048511768483,272.9925092626099
2,211,6,290.05847737013465,294.42867828365524
1,210,11,149.30003752957953,100.13261166361903
1,206,12,165.8548446145267,132.77639007238727
2,174,4,243.68858472933073,247.36014808184635
1,200,10,169.94405563302942,111.79169830049234
2,174,9,243.68858472933073,247.36014808184635
2,205,3,174.51199096826272,122.49549547924946
2,178,10,348.1923455970026,353.4384274236928
1,173,1,211.23357211262814,198.24873219877776
2,211,4,290.05847737013465,294.42867828365524
2,211,9,290.05847737013465,294.42867828365524
1,210,9,149.30003752957953,100.13261166361903
2,207,8,165.47873497427153,117.99225775465459
2,185,4,198.359099737721,201.34770095613231
1,202,6,286.793660128092,192.2178610682504
2,176,10,211.01656806439036,214.19587455073795
2,178,1,348.1923455970026,353.4384274236928
1,204,14,165.8380612540303,182.71095820565972
1,177,1,152.08255655660705,104.53723218763768
1,173,9,211.23357211262814,198.24873219877776
2,176,5,211.01656806439036,214.19587455073795
2,176,9,211.01656806439036,214.19587455073795
2,211,12,290.05847737013465,294.42867828365524
1,186,3,239.61247887008682,164.9257514049067
1,173,3,211.23357211262814,198.24873219877776
1,179,6,236.1904744299668,239.749066602405
1,173,13,248.9250908542173,275.3099329405607
2,187,1,301.82144674155273,306.36887584698405
1,173,6,248.9250908542173,275.3099329405607
2,211,10,290.05847737013465,294.42867828365524
1,173,10,211.23357211262814,198.24873219877776
2,185,2,198.359099737721,201.34770095613231
1,186,12,239.61247887008682,164.9257514049067
2,201,13,434.30203938847654,713.3030080732708
2,203,4,240.63275143055097,147.7952435883767
1,179,7,236.1904744299668,239.749066602405
2,185,1,198.359099737721,201.34770095613231
1,177,7,152.08255655660705,104.53723218763768
1,210,2,149.30003752957953,100.13261166361903
2,209,11,189.16626032922642,119.3602362021818
2,203,2,240.63275143055097,147.7952435883767
2,178,11,348.1923455970026,353.4384274236928
2,201,2,434.30203938847654,713.3030080732708
2,176,1,211.01656806439036,214.19587455073795
1,202,11,286.793660128092,192.2178610682504
2,205,10,174.51199096826272,122.49549547924946
2,201,9,194.22577656788496,142.66060161465418
2,209,5,189.16626032922642,119.3602362021818
2,178,6,348.1923455970026,353.4384274236928
2,187,6,301.82144674155273,306.36887584698405
2,205,2,174.51199096826272,122.49549547924946
2,201,11,194.22577656788496,142.66060161465418
2,187,3,301.82144674155273,306.36887584698405
1,177,4,152.08255655660705,104.53723218763768
1,179,12,236.1904744299668,239.749066602405
1,206,11,287.2690175538016,398.3291702171618
2,201,7,194.22577656788496,142.66060161465418
2,207,13,385.8707215826639,641.5829015409344
2,185,3,198.359099737721,201.34770095613231
1,179,8,236.1904744299668,239.749066602405
2,174,7,243.68858472933073,247.36014808184635
2,178,12,348.1923455970026,353.4384274236928
2,207,6,165.47873497427153,117.99225775465459
2,187,4,301.82144674155273,306.36887584698405
1,200,1,169.94405563302942,111.79169830049234
2,201,3,194.22577656788496,142.66060161465418
2,174,11,243.68858472933073,247.36014808184635
1,210,6,149.30003752957953,100.13261166361903
2,207,5,165.47873497427153,117.99225775465459
2,205,1,174.51199096826272,122.49549547924946
1,175,12,234.84848309797826,238.38685599670944
1,200,6,169.94405563302942,111.79169830049234
2,207,7,165.47873497427153,117.99225775465459
2,176,8,211.01656806439036,214.19587455073795
1,175,4,234.84848309797826,238.38685599670944
2,205,9,174.51199096826272,122.49549547924946
1,173,14,248.9250908542173,275.3099329405607
1,186,2,239.61247887008682,164.9257514049067
1,208,10,268.94048511768483,272.9925092626099
1,186,4,239.61247887008682,164.9257514049067
2,209,2,189.16626032922642,119.3602362021818
2,207,10,165.47873497427153,117.99225775465459
2,205,5,415.75172386759573,695.2447040714159
2,178,3,348.1923455970026,353.4384274236928
2,207,11,165.47873497427153,117.99225775465459
1,208,11,268.94048511768483,272.9925092626099
1,202,12,286.793660128092,192.2178610682504
1,206,1,165.8548446145267,132.77639007238727
1,204,16,165.8380612540303,182.71095820565972
2,207,9,165.47873497427153,117.99225775465459
1,210,4,149.30003752957953,100.13261166361903
2,211,3,290.05847737013465,294.42867828365524
2,203,13,873.5746186566031,1947.829766914738
1,202,8,286.793660128092,192.2178610682504
2,185,11,198.359099737721,201.34770095613231
2,178,2,348.1923455970026,353.4384274236928
1,208,4,268.94048511768483,272.9925092626099
2,203,11,240.63275143055097,147.7952435883767
2,205,13,415.75172386759573,695.2447040714159
1,208,7,268.94048511768483,272.9925092626099
2,209,1,189.16626032922642,119.3602362021818
2,203,3,240.63275143055097,147.7952435883767
2,209,8,664.7534024794637,1473.9863131005282
2,209,7,189.16626032922642,119.3602362021818
1,175,10,234.84848309797826,238.38685599670944
2,203,1,240.63275143055097,147.7952435883767
2,211,1,290.05847737013465,294.42867828365524
2,209,9,189.16626032922642,119.3602362021818
1,208,3,268.94048511768483,272.9925092626099
2,205,7,174.51199096826272,122.49549547924946
2,211,7,290.05847737013465,294.42867828365524
2,205,8,174.51199096826272,122.49549547924946
1,179,9,236.1904744299668,239.749066602405
1,208,12,268.94048511768483,272.9925092626099
2,185,10,198.359099737721,201.34770095613231
2,174,6,243.68858472933073,247.36014808184635
1,200,3,169.94405563302942,111.79169830049234
1,204,11,141.8999122231378,133.77052297200083
1,210,1,149.30003752957953,100.13261166361903
2,185,6,198.359099737721,201.34770095613231
1,200,4,169.94405563302942,111.79169830049234
2,203,7,240.63275143055097,147.7952435883767
1,204,4,141.8999122231378,133.77052297200083
2,187,10,301.82144674155273,306.36887584698405
1,202,2,286.793660128092,192.2178610682504
2,209,3,189.16626032922642,119.3602362021818
2,185,9,198.359099737721,201.34770095613231
1,177,3,152.08255655660705,104.53723218763768
1,175,3,234.84848309797826,238.38685599670944
2,174,2,243.68858472933073,247.36014808184635
1,177,11,152.08255655660705,104.53723218763768
1,177,10,152.08255655660705,104.53723218763768
1,200,7,169.94405563302942,111.79169830049234
1,173,12,211.23357211262814,198.24873219877776
2,209,12,189.16626032922642,119.3602362021818
1,193,13,674.367063039914,1449.4137242386407
1,191,2,187.6752111431223,125.04942328823365
2,214,3,379.18036563804606,452.93572964582887
1,199,12,176.2585711440526,125.1994378400725
2,190,1,332.471473306712,337.99335544711107
1,197,2,183.87007735850537,157.4562764281476
1,199,6,176.2585711440526,125.1994378400725
2,181,8,83.27852084137774,62.289095078926806
1,195,11,214.75007496920475,139.95196873543944
1,199,5,176.2585711440526,125.1994378400725
2,192,7,298.31061236014324,203.62982380997275
2,214,1,278.8217691267272,244.90534076087826
1,193,10,219.88649041255675,154.09791521181234
1,199,1,176.2585711440526,125.1994378400725
1,197,12,265.87569258787823,329.22675980430864
1,184,7,288.2854711496991,293.07348612928655
2,190,4,332.471473306712,337.99335544711107
2,198,5,201.60504232428286,204.95341766473757
2,192,1,298.31061236014324,203.62982380997275
2,194,12,448.22830716293174,539.6803367476026
1,191,9,187.6752111431223,125.04942328823365
2,198,8,201.60504232428286,204.95341766473757
1,193,4,219.88649041255675,154.09791521181234
2,190,6,332.471473306712,337.99335544711107
2,212,8,281.4259826232178,170.8041711140418
1,184,6,288.2854711496991,293.07348612928655
2,212,9,281.4259826232178,170.8041711140418
2,196,5,303.7734513070495,308.81869978751786
2,183,11,227.1850369417725,230.95825990606986
1,180,3,228.48571463418722,232.28054002003591
2,212,10,281.4259826232178,170.8041711140418
1,180,10,228.48571463418722,232.28054002003591
1,197,8,183.87007735850537,157.4562764281476
2,192,3,298.31061236014324,203.62982380997275
2,192,9,298.31061236014324,203.62982380997275
2,212,7,281.4259826232178,170.8041711140418
2,212,6,281.4259826232178,170.8041711140418
2,194,15,448.22830716293174,539.6803367476026
2,196,6,303.7734513070495,308.81869978751786
2,188,8,350.4087640398249,356.2285592744248
2,181,13,231.53420397537823,481.4778700695423
2,183,2,227.1850369417725,230.95825990606986
1,180,5,228.48571463418722,232.28054002003591
1,213,10,315.00787863169194,320.23971510115246
2,214,7,278.8217691267272,244.90534076087826
2,196,3,303.7734513070495,308.81869978751786
1,193,5,219.88649041255675,154.09791521181234
1,213,5,315.00787863169194,320.23971510115246
1,199,11,176.2585711440526,125.1994378400725
1,191,1,187.6752111431223,125.04942328823365
1,193,8,219.88649041255675,154.09791521181234
1,182,6,221.81254073907115,225.4965341206437
2,194,4,331.25067999108694,294.74849160830604
2,198,6,201.60504232428286,204.95341766473757
2,194,11,331.25067999108694,294.74849160830604
1,197,6,183.87007735850537,157.4562764281476
2,181,3,83.27852084137774,62.289095078926806
2,194,1,331.25067999108694,294.74849160830604
2,196,9,303.7734513070495,308.81869978751786
2,212,1,281.4259826232178,170.8041711140418
1,184,8,288.2854711496991,293.07348612928655
2,188,4,350.4087640398249,356.2285592744248
1,197,5,265.87569258787823,329.22675980430864
2,192,11,298.31061236014324,203.62982380997275
2,196,2,303.7734513070495,308.81869978751786
1,191,10,187.6752111431223,125.04942328823365
2,183,1,227.1850369417725,230.95825990606986
2,190,10,332.471473306712,337.99335544711107
1,191,3,187.6752111431223,125.04942328823365
1,180,4,228.48571463418722,232.28054002003591
1,189,10,185.92059805993787,125.6438223085782
2,188,10,350.4087640398249,356.2285592744248
2,181,6,83.27852084137774,62.289095078926806
1,189,12,185.92059805993787,125.6438223085782
2,188,7,350.4087640398249,356.2285592744248
1,193,11,219.88649041255675,154.09791521181234
1,189,2,185.92059805993787,125.6438223085782
1,193,7,219.88649041255675,154.09791521181234
2,188,2,350.4087640398249,356.2285592744248
1,199,8,176.2585711440526,125.1994378400725
1,195,7,214.75007496920475,139.95196873543944
2,214,13,379.18036563804606,452.93572964582887
1,197,7,183.87007735850537,157.4562764281476
2,212,11,281.4259826232178,170.8041711140418
1,195,10,726.1668449873362,1600.24027409338
2,194,5,331.25067999108694,294.74849160830604
1,189,7,185.92059805993787,125.6438223085782
1,191,5,187.6752111431223,125.04942328823365
1,191,7,187.6752111431223,125.04942328823365
2,192,10,298.31061236014324,203.62982380997275
2,214,11,379.18036563804606,452.93572964582887
2,188,9,350.4087640398249,356.2285592744248
2,192,2,298.31061236014324,203.62982380997275
1,191,12,187.6752111431223,125.04942328823365
1,180,8,228.48571463418722,232.28054002003591
1,180,9,228.48571463418722,232.28054002003591
1,180,11,228.48571463418722,232.28054002003591
2,214,2,278.8217691267272,244.90534076087826
2,196,11,303.7734513070495,308.81869978751786
2,192,6,298.31061236014324,203.62982380997275
2,181,2,83.27852084137774,62.289095078926806
1,180,7,228.48571463418722,232.28054002003591
2,181,5,83.27852084137774,62.289095078926806
2,188,3,350.4087640398249,356.2285592744248
1,199,13,530.1952481029352,1132.8529778754948
1,193,2,219.88649041255675,154.09791521181234
2,181,10,83.27852084137774,62.289095078926806
2,190,3,332.471473306712,337.99335544711107
1,189,8,185.92059805993787,125.6438223085782
1,213,6,315.00787863169194,320.23971510115246
1,184,1,288.2854711496991,293.07348612928655
1,182,10,221.81254073907115,225.4965341206437
1,182,11,221.81254073907115,225.4965341206437
1,195,1,214.75007496920475,139.95196873543944
1,180,2,228.48571463418722,232.28054002003591
2,183,7,227.1850369417725,230.95825990606986
2,190,9,332.471473306712,337.99335544711107
2,183,12,227.1850369417725,230.95825990606986
2,183,6,227.1850369417725,230.95825990606986
2,214,5,278.8217691267272,244.90534076087826
2,183,5,227.1850369417725,230.95825990606986
2,194,2,331.25067999108694,294.74849160830604
1,195,2,214.75007496920475,139.95196873543944
1,213,11,315.00787863169194,320.23971510115246
1,184,10,288.2854711496991,293.07348612928655
2,198,3,201.60504232428286,204.95341766473757
1,182,4,221.81254073907115,225.4965341206437
1,213,1,315.00787863169194,320.23971510115246
2,194,6,331.25067999108694,294.74849160830604
1,199,2,176.2585711440526,125.1994378400725
1,213,7,315.00787863169194,320.23971510115246
1,195,5,214.75007496920475,139.95196873543944
2,183,10,227.1850369417725,230.95825990606986
1,213,8,315.00787863169194,320.23971510115246
2,192,8,298.31061236014324,203.62982380997275
1,213,9,315.00787863169194,320.23971510115246
2,192,12,298.31061236014324,203.62982380997275
2,214,4,278.8217691267272,244.90534076087826
2,198,12,201.60504232428286,204.95341766473757
2,198,11,201.60504232428286,204.95341766473757
1,213,12,315.00787863169194,320.23971510115246
2,181,11,83.27852084137774,62.289095078926806
1,193,3,219.88649041255675,154.09791521181234
2,183,8,227.1850369417725,230.95825990606986
1,180,1,228.48571463418722,232.28054002003591
2,212,12,281.4259826232178,170.8041711140418
1,189,6,185.92059805993787,125.6438223085782
1,182,7,221.81254073907115,225.4965341206437
1,182,12,221.81254073907115,225.4965341206437
2,183,3,227.1850369417725,230.95825990606986
2,196,1,303.7734513070495,308.81869978751786
1,189,9,185.92059805993787,125.6438223085782
2,190,8,332.471473306712,337.99335544711107
2,198,1,201.60504232428286,204.95341766473757
2,198,4,201.60504232428286,204.95341766473757
1,182,3,221.81254073907115,225.4965341206437
2,214,10,278.8217691267272,244.90534076087826
1,184,9,288.2854711496991,293.07348612928655
1,213,2,315.00787863169194,320.23971510115246
2,212,13,1037.9642441343437,2323.4582666047518
2,190,7,332.471473306712,337.99335544711107
1,182,9,221.81254073907115,225.4965341206437
2,181,12,83.27852084137774,62.289095078926806
2,198,7,201.60504232428286,204.95341766473757
2,183,4,227.1850369417725,230.95825990606986
2,188,6,350.4087640398249,356.2285592744248
2,196,4,303.7734513070495,308.81869978751786
1,180,12,228.48571463418722,232.28054002003591
1,184,2,288.2854711496991,293.07348612928655
2,198,10,201.60504232428286,204.95341766473757
2,183,9,227.1850369417725,230.95825990606986
2,198,2,201.60504232428286,204.95341766473757
2,196,10,303.7734513070495,308.81869978751786
2,188,1,350.4087640398249,356.2285592744248
1,182,2,221.81254073907115,225.4965341206437
1,197,10,183.87007735850537,157.4562764281476
2,190,11,332.471473306712,337.99335544711107
2,188,12,350.4087640398249,356.2285592744248
1,189,5,185.92059805993787,125.6438223085782
2,194,7,331.25067999108694,294.74849160830604
1,195,6,214.75007496920475,139.95196873543944
1,191,11,187.6752111431223,125.04942328823365
2,192,13,948.9841521545229,2060.7338169569243
1,189,11,185.92059805993787,125.6438223085782
1,180,6,228.48571463418722,232.28054002003591
1,191,8,187.6752111431223,125.04942328823365
1,197,11,265.87569258787823,329.22675980430864
1,184,3,288.2854711496991,293.07348612928655
1,199,10,176.2585711440526,125.1994378400725
1,199,3,176.2585711440526,125.1994378400725
1,195,9,214.75007496920475,139.95196873543944
1,182,5,221.81254073907115,225.4965341206437
1,193,1,219.88649041255675,154.09791521181234
2,190,2,332.471473306712,337.99335544711107
2,214,6,379.18036563804606,452.93572964582887
1,195,12,214.75007496920475,139.95196873543944
1,195,4,214.75007496920475,139.95196873543944
1,195,3,214.75007496920475,139.95196873543944
1,184,5,288.2854711496991,293.07348612928655
2,212,4,281.4259826232178,170.8041711140418
1,213,3,315.00787863169194,320.23971510115246
2,181,1,83.27852084137774,62.289095078926806
1,199,9,176.2585711440526,125.1994378400725
1,184,11,288.2854711496991,293.07348612928655
2,192,5,298.31061236014324,203.62982380997275
1,182,1,221.81254073907115,225.4965341206437
2,181,7,83.27852084137774,62.289095078926806
2,190,5,332.471473306712,337.99335544711107
2,194,14,448.22830716293174,539.6803367476026
2,194,8,331.25067999108694,294.74849160830604
1,191,6,616.6579156083255,1350.0706255007449
1,191,4,187.6752111431223,125.04942328823365
2,212,5,281.4259826232178,170.8041711140418
1,197,1,183.87007735850537,157.4562764281476
1,197,3,183.87007735850537,157.4562764281476
1,193,9,219.88649041255675,154.09791521181234
1,182,8,221.81254073907115,225.4965341206437
2,188,11,350.4087640398249,356.2285592744248
2,188,5,350.4087640398249,356.2285592744248
2,214,8,278.8217691267272,244.90534076087826
1,197,9,265.87569258787823,329.22675980430864
1,193,6,219.88649041255675,154.09791521181234
1,189,1,185.92059805993787,125.6438223085782
1,199,4,176.2585711440526,125.1994378400725
1,189,3,599.5308709610894,1306.4994335368563
2,181,4,83.27852084137774,62.289095078926806
1,213,4,315.00787863169194,320.23971510115246
1,184,4,288.2854711496991,293.07348612928655
2,198,9,201.60504232428286,204.95341766473757
1,195,8,214.75007496920475,139.95196873543944
2,190,12,332.471473306712,337.99335544711107
2,196,8,303.7734513070495,308.81869978751786
2,196,7,303.7734513070495,308.81869978751786
1,189,4,185.92059805993787,125.6438223085782
1,184,12,288.2854711496991,293.07348612928655
1,197,4,183.87007735850537,157.4562764281476
2,212,2,281.4259826232178,170.8041711140418
2,194,13,448.22830716293174,539.6803367476026
2,196,12,303.7734513070495,308.81869978751786
2,229,2,167.74658457176827,168.21205044952356
1,228,9,110.1772259648272,95.63882714319976
1,217,3,140.86418580750902,98.31368766768847
2,225,9,97.96069704881256,62.474049113384375
1,226,5,72.15499991371205,49.03707477414764
2,225,6,97.96069704881256,62.474049113384375
1,224,10,104.91801577903233,77.42706552343931
2,227,9,106.00835027619634,94.0706639683397
2,216,7,73.30488080233185,52.833272798648416
1,215,12,110.83019955940426,81.27198354927073
2,229,8,167.74658457176827,168.21205044952356
1,241,15,202.08714672191732,249.42740352120111
1,215,4,110.83019955940426,81.27198354927073
2,216,2,73.30488080233185,52.833272798648416
2,221,2,99.06264282262589,65.83991837454673
1,230,2,137.98433873949946,93.15180217213427
1,228,4,110.1772259648272,95.63882714319976
1,228,11,110.1772259648272,95.63882714319976
2,227,4,106.00835027619634,94.0706639683397
1,228,2,152.0590181244149,182.16919455847574
1,241,1,136.03407381263702,113.02179222054426
1,228,1,110.1772259648272,95.63882714319976
2,229,4,167.74658457176827,168.21205044952356
1,228,5,110.1772259648272,95.63882714319976
1,215,3,110.83019955940426,81.27198354927073
2,227,2,106.00835027619634,94.0706639683397
2,216,9,73.30488080233185,52.833272798648416
1,226,10,72.15499991371205,49.03707477414764
1,215,9,110.83019955940426,81.27198354927073
2,225,13,259.7575243986614,439.2706578284838
1,230,9,137.98433873949946,93.15180217213427
1,215,5,110.83019955940426,81.27198354927073
1,230,4,137.98433873949946,93.15180217213427
1,228,7,152.0590181244149,182.16919455847574
1,230,11,137.98433873949946,93.15180217213427
1,226,12,72.15499991371205,49.03707477414764
2,221,13,249.51372599500908,417.6941058170168
2,225,14,259.7575243986614,439.2706578284838
2,223,8,91.82599408075063,67.71641933601698
2,231,4,251.58598865874905,252.28409344187128
2,221,12,99.06264282262589,65.83991837454673
1,215,8,244.04006759325523,394.0459808449491
2,221,6,99.06264282262589,65.83991837454673
2,227,5,106.00835027619634,94.0706639683397
1,224,8,104.91801577903233,77.42706552343931
2,229,1,167.74658457176827,168.21205044952356
1,230,5,137.98433873949946,93.15180217213427
1,222,1,155.17227918919556,155.6028536853647
2,216,6,73.30488080233185,52.833272798648416
2,216,3,73.30488080233185,52.833272798648416
1,226,13,176.57158659144423,293.65225010100045
1,217,4,140.86418580750902,98.31368766768847
1,226,1,72.15499991371205,49.03707477414764
1,222,5,155.17227918919556,155.6028536853647
2,245,7,182.19666489068467,182.70222708000688
2,231,6,251.58598865874905,252.28409344187128
2,225,12,97.96069704881256,62.474049113384375
1,241,6,136.03407381263702,113.02179222054426
1,222,2,155.17227918919556,155.6028536853647
2,231,5,251.58598865874905,252.28409344187128
2,223,14,176.4471228416095,250.0298560099089
2,225,4,97.96069704881256,62.474049113384375
1,224,11,104.91801577903233,77.42706552343931
1,217,9,140.86418580750902,98.31368766768847
2,229,9,167.74658457176827,168.21205044952356
2,227,14,140.58085006467803,165.43461594432156
2,231,1,251.58598865874905,252.28409344187128
2,231,11,251.58598865874905,252.28409344187128
1,222,11,155.17227918919556,155.6028536853647
1,222,8,155.17227918919556,155.6028536853647
2,229,7,167.74658457176827,168.21205044952356
2,245,10,182.19666489068467,182.70222708000688
1,222,4,155.17227918919556,155.6028536853647
2,223,13,176.4471228416095,250.0298560099089
2,223,9,91.82599408075063,67.71641933601698
1,217,14,332.6579574061136,548.2878735313395
1,228,3,110.1772259648272,95.63882714319976
2,227,16,140.58085006467803,165.43461594432156
2,229,12,167.74658457176827,168.21205044952356
1,241,12,136.03407381263702,113.02179222054426
1,224,3,104.91801577903233,77.42706552343931
2,231,3,251.58598865874905,252.28409344187128
1,230,6,137.98433873949946,93.15180217213427
1,224,1,104.91801577903233,77.42706552343931
1,228,6,110.1772259648272,95.63882714319976
2,231,12,251.58598865874905,252.28409344187128
2,223,1,91.82599408075063,67.71641933601698
2,223,5,91.82599408075063,67.71641933601698
2,231,7,251.58598865874905,252.28409344187128
2,245,11,182.19666489068467,182.70222708000688
1,222,3,155.17227918919556,155.6028536853647
2,229,10,167.74658457176827,168.21205044952356
1,217,13,332.6579574061136,548.2878735313395
2,223,3,91.82599408075063,67.71641933601698
2,221,9,99.06264282262589,65.83991837454673
1,241,11,136.03407381263702,113.02179222054426
2,245,4,182.19666489068467,182.70222708000688
2,245,2,182.19666489068467,182.70222708000688
2,245,8,182.19666489068467,182.70222708000688
1,228,10,152.0590181244149,182.16919455847574
1,230,14,340.6215439635912,567.6437944864432
2,221,7,99.06264282262589,65.83991837454673
2,225,2,97.96069704881256,62.474049113384375
1,226,7,72.15499991371205,49.03707477414764
2,225,11,97.96069704881256,62.474049113384375
2,245,12,182.19666489068467,182.70222708000688
2,223,15,176.4471228416095,250.0298560099089
1,217,12,140.86418580750902,98.31368766768847
2,229,3,167.74658457176827,168.21205044952356
2,225,10,97.96069704881256,62.474049113384375
1,224,6,104.91801577903233,77.42706552343931
1,217,10,140.86418580750902,98.31368766768847
1,241,8,136.03407381263702,113.02179222054426
2,245,1,182.19666489068467,182.70222708000688
1,226,8,72.15499991371205,49.03707477414764
1,222,12,155.17227918919556,155.6028536853647
1,230,8,137.98433873949946,93.15180217213427
1,215,10,110.83019955940426,81.27198354927073
2,221,3,99.06264282262589,65.83991837454673
1,230,1,137.98433873949946,93.15180217213427
1,222,10,155.17227918919556,155.6028536853647
2,227,1,106.00835027619634,94.0706639683397
2,216,12,73.30488080233185,52.833272798648416
1,241,10,136.03407381263702,113.02179222054426
2,227,15,140.58085006467803,165.43461594432156
2,229,6,167.74658457176827,168.21205044952356
2,245,9,182.19666489068467,182.70222708000688
2,245,6,182.19666489068467,182.70222708000688
1,241,5,136.03407381263702,113.02179222054426
1,241,16,202.08714672191732,249.42740352120111
1,215,2,110.83019955940426,81.27198354927073
1,226,3,72.15499991371205,49.03707477414764
1,230,13,340.6215439635912,567.6437944864432
2,221,8,99.06264282262589,65.83991837454673
1,215,1,110.83019955940426,81.27198354927073
2,231,2,251.58598865874905,252.28409344187128
2,229,5,167.74658457176827,168.21205044952356
1,217,5,140.86418580750902,98.31368766768847
2,216,13,211.40641084266198,439.4181957155881
2,231,9,251.58598865874905,252.28409344187128
1,230,12,137.98433873949946,93.15180217213427
2,227,12,106.00835027619634,94.0706639683397
1,226,9,72.15499991371205,49.03707477414764
1,226,6,72.15499991371205,49.03707477414764
2,231,8,251.58598865874905,252.28409344187128
2,216,5,73.30488080233185,52.833272798648416
2,221,11,99.06264282262589,65.83991837454673
2,221,4,99.06264282262589,65.83991837454673
1,228,13,152.0590181244149,182.16919455847574
1,224,7,228.8575433901544,368.40297305507414
1,217,7,140.86418580750902,98.31368766768847
1,215,11,110.83019955940426,81.27198354927073
2,221,5,99.06264282262589,65.83991837454673
1,224,4,104.91801577903233,77.42706552343931
1,222,6,155.17227918919556,155.6028536853647
2,223,7,91.82599408075063,67.71641933601698
1,241,13,202.08714672191732,249.42740352120111
2,227,8,106.00835027619634,94.0706639683397
2,225,5,97.96069704881256,62.474049113384375
1,228,8,110.1772259648272,95.63882714319976
1,230,3,137.98433873949946,93.15180217213427
2,245,5,182.19666489068467,182.70222708000688
1,215,13,244.04006759325523,394.0459808449491
1,241,4,136.03407381263702,113.02179222054426
2,227,6,106.00835027619634,94.0706639683397
2,227,13,140.58085006467803,165.43461594432156
1,222,7,155.17227918919556,155.6028536853647
1,224,5,104.91801577903233,77.42706552343931
2,225,1,97.96069704881256,62.474049113384375
2,223,12,91.82599408075063,67.71641933601698
2,216,10,73.30488080233185,52.833272798648416
2,231,10,251.58598865874905,252.28409344187128
1,226,14,176.57158659144423,293.65225010100045
1,217,1,140.86418580750902,98.31368766768847
2,221,14,249.51372599500908,417.6941058170168
1,222,9,155.17227918919556,155.6028536853647
2,229,11,167.74658457176827,168.21205044952356
2,223,4,91.82599408075063,67.71641933601698
2,245,3,182.19666489068467,182.70222708000688
1,217,8,140.86418580750902,98.31368766768847
1,241,14,202.08714672191732,249.42740352120111
1,226,4,72.15499991371205,49.03707477414764
2,216,8,73.30488080233185,52.833272798648416
2,216,11,73.30488080233185,52.833272798648416
1,224,2,104.91801577903233,77.42706552343931
2,225,8,97.96069704881256,62.474049113384375
1,224,9,104.91801577903233,77.42706552343931
1,215,6,110.83019955940426,81.27198354927073
2,223,2,91.82599408075063,67.71641933601698
1,224,12,228.8575433901544,368.40297305507414
2,216,1,73.30488080233185,52.833272798648416
1,217,11,140.86418580750902,98.31368766768847
1,249,10,225.9362240974825,225.855515257608
1,242,1,226.34758334160605,152.02764445550736
2,232,3,203.1915727744641,119.91511939346147
2,234,6,259.47088927661844,282.17444388306996
2,232,13,759.2281995680117,1674.1995515317888
2,243,3,208.26180552774133,169.73105724048702
2,236,10,323.83879232917093,323.72311077638034
2,250,1,208.27466385830976,126.645934470681
1,247,1,241.70060779923986,172.58161972361714
2,250,11,208.27466385830976,126.645934470681
2,234,5,220.9233791763436,204.56143053356882
2,248,4,126.60221573726321,96.44293357464277
1,244,9,272.2123181897379,272.11507862362413
1,233,11,177.20327448022343,119.76543485781272
1,244,8,272.2123181897379,272.11507862362413
1,249,4,225.9362240974825,225.855515257608
2,238,5,192.24994972150236,192.18127427793448
2,234,13,259.47088927661844,282.17444388306996
2,248,13,261.73897588517036,412.21576447226346
2,246,1,237.87923301265383,237.79425789632015
2,236,2,323.83879232917093,323.72311077638034
1,235,3,294.4337319195124,294.3285544296342
1,235,4,294.4337319195124,294.3285544296342
2,238,2,192.24994972150236,192.18127427793448
2,232,10,203.1915727744641,119.91511939346147
1,218,2,282.484481140294,282.383572156591
2,248,9,126.60221573726321,96.44293357464277
1,218,5,282.484481140294,282.383572156591
2,238,1,192.24994972150236,192.18127427793448
1,239,11,316.57284411695446,316.4597581030295
2,238,7,192.24994972150236,192.18127427793448
2,248,5,126.60221573726321,96.44293357464277
2,250,10,208.27466385830976,126.645934470681
2,248,3,126.60221573726321,96.44293357464277
2,238,12,192.24994972150236,192.18127427793448
2,219,9,142.98679146803806,123.8137364819321
1,237,3,160.293459608612,107.25675859825238
2,248,1,126.60221573726321,96.44293357464277
2,250,9,208.27466385830976,126.645934470681
2,219,12,142.98679146803806,123.8137364819321
2,250,13,751.3516655615457,1648.1808936747782
1,235,12,294.4337319195124,294.3285544296342
1,220,1,236.31558224032008,163.3598278509463
1,247,6,241.70060779923986,172.58161972361714
2,240,5,201.06591684469277,200.99409216517688
1,220,8,236.31558224032008,163.3598278509463
2,219,1,142.98679146803806,123.8137364819321
2,236,11,323.83879232917093,323.72311077638034
2,234,14,259.47088927661844,282.17444388306996
1,220,11,236.31558224032008,163.3598278509463
2,236,6,323.83879232917093,323.72311077638034
2,236,9,323.83879232917093,323.72311077638034
1,233,5,177.20327448022343,119.76543485781272
1,249,12,225.9362240974825,225.855515257608
2,236,7,323.83879232917093,323.72311077638034
2,250,6,208.27466385830976,126.645934470681
1,239,1,316.57284411695446,316.4597581030295
1,239,3,316.57284411695446,316.4597581030295
1,244,1,272.2123181897379,272.11507862362413
1,244,10,272.2123181897379,272.11507862362413
2,246,9,237.87923301265383,237.79425789632015
1,235,8,294.4337319195124,294.3285544296342
2,240,3,201.06591684469277,200.99409216517688
2,234,16,259.47088927661844,282.17444388306996
2,236,12,323.83879232917093,323.72311077638034
1,220,2,236.31558224032008,163.3598278509463
2,219,13,210.14680743266186,267.4376708009733
1,235,5,294.4337319195124,294.3285544296342
2,234,15,259.47088927661844,282.17444388306996
2,236,8,323.83879232917093,323.72311077638034
1,233,10,177.20327448022343,119.76543485781272
1,242,5,226.34758334160605,152.02764445550736
1,237,2,160.293459608612,107.25675859825238
2,232,2,203.1915727744641,119.91511939346147
1,235,2,294.4337319195124,294.3285544296342
1,218,7,282.484481140294,282.383572156591
2,240,10,201.06591684469277,200.99409216517688
2,246,11,237.87923301265383,237.79425789632015
1,235,9,294.4337319195124,294.3285544296342
2,238,6,192.24994972150236,192.18127427793448
1,218,9,282.484481140294,282.383572156591
1,237,7,160.293459608612,107.25675859825238
1,235,6,294.4337319195124,294.3285544296342
1,233,8,177.20327448022343,119.76543485781272
2,246,7,237.87923301265383,237.79425789632015
1,242,9,226.34758334160605,152.02764445550736
2,238,11,192.24994972150236,192.18127427793448
2,232,1,203.1915727744641,119.91511939346147
1,235,7,294.4337319195124,294.3285544296342
1,249,8,225.9362240974825,225.855515257608
2,232,5,203.1915727744641,119.91511939346147
2,232,12,203.1915727744641,119.91511939346147
1,237,8,160.293459608612,107.25675859825238
1,244,6,272.2123181897379,272.11507862362413
2,236,5,323.83879232917093,323.72311077638034
2,246,6,237.87923301265383,237.79425789632015
1,237,12,160.293459608612,107.25675859825238
2,234,7,220.9233791763436,204.56143053356882
1,242,7,226.34758334160605,152.02764445550736
1,244,4,272.2123181897379,272.11507862362413
2,246,2,237.87923301265383,237.79425789632015
1,247,12,241.70060779923986,172.58161972361714
2,240,9,201.06591684469277,200.99409216517688
1,233,9,177.20327448022343,119.76543485781272
1,233,7,177.20327448022343,119.76543485781272
2,243,10,208.26180552774133,169.73105724048702
2,243,11,208.26180552774133,169.73105724048702
1,218,11,282.484481140294,282.383572156591
2,238,3,192.24994972150236,192.18127427793448
1,235,10,294.4337319195124,294.3285544296342
2,240,2,201.06591684469277,200.99409216517688
1,237,9,160.293459608612,107.25675859825238
2,219,3,142.98679146803806,123.8137364819321
1,239,8,316.57284411695446,316.4597581030295
1,244,11,272.2123181897379,272.11507862362413
1,220,3,236.31558224032008,163.3598278509463
2,236,1,323.83879232917093,323.72311077638034
1,218,3,282.484481140294,282.383572156591
2,236,4,323.83879232917093,323.72311077638034
1,249,6,225.9362240974825,225.855515257608
1,233,2,177.20327448022343,119.76543485781272
1,235,1,294.4337319195124,294.3285544296342
1,242,10,226.34758334160605,152.02764445550736
1,242,4,226.34758334160605,152.02764445550736
2,240,12,201.06591684469277,200.99409216517688
2,232,9,203.1915727744641,119.91511939346147
2,240,7,201.06591684469277,200.99409216517688
1,233,1,177.20327448022343,119.76543485781272
1,237,4,160.293459608612,107.25675859825238
2,219,4,142.98679146803806,123.8137364819321
2,234,10,220.9233791763436,204.56143053356882
1,244,2,272.2123181897379,272.11507862362413
2,248,2,126.60221573726321,96.44293357464277
2,232,7,203.1915727744641,119.91511939346147
1,242,6,226.34758334160605,152.02764445550736
2,250,4,208.27466385830976,126.645934470681
2,219,14,210.14680743266186,267.4376708009733
1,220,9,236.31558224032008,163.3598278509463
1,218,4,282.484481140294,282.383572156591
1,244,7,272.2123181897379,272.11507862362413
1,218,8,282.484481140294,282.383572156591
1,220,6,721.5188772712814,1522.8458528478043
2,219,7,142.98679146803806,123.8137364819321
2,240,4,201.06591684469277,200.99409216517688
2,246,10,237.87923301265383,237.79425789632015
2,248,11,126.60221573726321,96.44293357464277
1,239,12,316.57284411695446,316.4597581030295
1,247,4,483.4012155984797,690.3264788944686
1,247,2,241.70060779923986,172.58161972361714
2,240,6,201.06591684469277,200.99409216517688
1,242,3,226.34758334160605,152.02764445550736
2,243,2,208.26180552774133,169.73105724048702
2,246,5,237.87923301265383,237.79425789632015
1,239,6,316.57284411695446,316.4597581030295
1,239,9,316.57284411695446,316.4597581030295
1,237,6,160.293459608612,107.25675859825238
1,220,12,236.31558224032008,163.3598278509463
1,247,3,241.70060779923986,172.58161972361714
1,233,13,558.4168513139163,1189.3373044907792
1,244,5,272.2123181897379,272.11507862362413
2,219,10,142.98679146803806,123.8137364819321
1,218,1,282.484481140294,282.383572156591
2,219,6,142.98679146803806,123.8137364819321
2,238,9,192.24994972150236,192.18127427793448
2,248,14,261.73897588517036,412.21576447226346
2,219,8,142.98679146803806,123.8137364819321
2,250,5,208.27466385830976,126.645934470681
2,250,8,208.27466385830976,126.645934470681
2,232,11,203.1915727744641,119.91511939346147
2,243,12,341.7212412589914,456.96823103208044
1,247,9,241.70060779923986,172.58161972361714
1,247,8,241.70060779923986,172.58161972361714
1,218,12,282.484481140294,282.383572156591
1,233,4,177.20327448022343,119.76543485781272
2,234,9,220.9233791763436,204.56143053356882
2,243,9,208.26180552774133,169.73105724048702
1,249,2,225.9362240974825,225.855515257608
2,250,12,208.27466385830976,126.645934470681
2,243,4,208.26180552774133,169.73105724048702
2,238,10,192.24994972150236,192.18127427793448
2,219,5,210.14680743266186,267.4376708009733
1,249,3,225.9362240974825,225.855515257608
1,239,7,316.57284411695446,316.4597581030295
1,220,10,236.31558224032008,163.3598278509463
2,250,7,208.27466385830976,126.645934470681
1,242,11,226.34758334160605,152.02764445550736
1,235,11,294.4337319195124,294.3285544296342
2,240,1,201.06591684469277,200.99409216517688
1,237,13,512.0914591050083,1094.6823815697924
1,242,12,226.34758334160605,152.02764445550736
1,242,2,226.34758334160605,152.02764445550736
1,239,4,316.57284411695446,316.4597581030295
1,247,10,241.70060779923986,172.58161972361714
1,237,1,160.293459608612,107.25675859825238
1,247,5,483.4012155984797,690.3264788944686
1,233,6,177.20327448022343,119.76543485781272
1,239,2,316.57284411695446,316.4597581030295
1,247,13,483.4012155984797,690.3264788944686
2,234,11,220.9233791763436,204.56143053356882
1,244,3,272.2123181897379,272.11507862362413
2,246,4,237.87923301265383,237.79425789632015
1,239,10,316.57284411695446,316.4597581030295
1,242,13,719.4165450581909,1535.7894694995132
1,237,5,160.293459608612,107.25675859825238
1,247,7,241.70060779923986,172.58161972361714
2,243,8,208.26180552774133,169.73105724048702
2,248,12,126.60221573726321,96.44293357464277
2,246,12,237.87923301265383,237.79425789632015
1,218,10,282.484481140294,282.383572156591
2,243,14,341.7212412589914,456.96823103208044
1,239,5,316.57284411695446,316.4597581030295
1,249,9,225.9362240974825,225.855515257608
1,218,6,282.484481140294,282.383572156591
2,246,3,237.87923301265383,237.79425789632015
1,249,7,225.9362240974825,225.855515257608
2,234,2,220.9233791763436,204.56143053356882
2,246,8,237.87923301265383,237.79425789632015
2,240,11,201.06591684469277,200.99409216517688
1,220,5,236.31558224032008,163.3598278509463
2,243,6,208.26180552774133,169.73105724048702
1,244,12,272.2123181897379,272.11507862362413
2,234,4,220.9233791763436,204.56143053356882
2,238,8,192.24994972150236,192.18127427793448
2,232,6,203.1915727744641,119.91511939346147
2,238,4,192.24994972150236,192.18127427793448
2,248,6,126.60221573726321,96.44293357464277
2,232,4,203.1915727744641,119.91511939346147
2,243,13,341.7212412589914,456.96823103208044
1,233,12,177.20327448022343,119.76543485781272
2,236,3,323.83879232917093,323.72311077638034
1,237,11,160.293459608612,107.25675859825238
1,249,5,225.9362240974825,225.855515257608
1,220,4,236.31558224032008,163.3598278509463
2,248,10,126.60221573726321,96.44293357464277
2,240,8,201.06591684469277,200.99409216517688
1,249,11,225.9362240974825,225.855515257608
1,220,7,236.31558224032008,163.3598278509463
2,243,5,208.26180552774133,169.73105724048702
2,250,2,208.27466385830976,126.645934470681
1,249,1,225.9362240974825,225.855515257608
1,261,15,285.87341224327804,328.54398739647803
2,262,3,132.40499809019752,84.53136739128817
2,279,8,501.0808187452567,1103.788389622294
2,262,8,132.40499809019752,84.53136739128817
2,256,8,219.04483130280258,151.99980744604855
2,252,9,189.51317454551233,118.76517300178911
1,278,12,154.52503507505875,101.29620443150874
2,260,12,133.22168749379642,83.39423429991461
2,260,4,133.22168749379642,83.39423429991461
1,251,6,151.03531330099227,98.33253920438986
2,268,8,180.54294250894682,185.39859114706204
2,254,2,206.20282438781328,148.53354497055673
2,254,1,481.7701005588354,810.8023785090023
2,264,7,151.11993688346323,112.60124388881736
2,264,3,151.11993688346323,112.60124388881736
1,251,8,151.03531330099227,98.33253920438986
2,266,1,154.51035970910795,105.00976202569593
2,268,9,180.54294250894682,185.39859114706204
2,264,10,151.11993688346323,112.60124388881736
1,259,1,149.15878200163823,116.86721086357598
1,261,13,285.87341224327804,328.54398739647803
1,265,3,156.98403797036778,121.35409304440128
1,278,1,154.52503507505875,101.29620443150874
2,256,4,219.04483130280258,151.99980744604855
1,278,2,154.52503507505875,101.29620443150874
1,251,1,151.03531330099227,98.33253920438986
2,279,6,154.9560662117043,105.55709511145903
1,267,5,144.52979521024588,148.41688098345423
2,260,2,133.22168749379642,83.39423429991461
2,279,12,154.9560662117043,105.55709511145903
2,279,1,154.9560662117043,105.55709511145903
1,255,4,216.97916032383174,158.0731440325628
2,256,6,219.04483130280258,151.99980744604855
2,266,3,154.51035970910795,105.00976202569593
2,252,1,189.51317454551233,118.76517300178911
1,253,1,172.72184307323784,153.34758898990515
1,269,6,132.94201645115237,98.78495654479127
1,253,11,172.72184307323784,153.34758898990515
1,290,12,231.62165395174682,155.97038183228366
2,291,6,216.59135002989981,222.41650984609203
1,290,13,760.5581271417908,1681.7004536173947
2,291,9,216.59135002989981,222.41650984609203
2,262,2,132.40499809019752,84.53136739128817
1,263,7,143.77996315971527,62.929247696482705
1,257,7,133.09134927120596,69.25046346823237
1,263,6,143.77996315971527,62.929247696482705
2,270,7,147.73527872286624,110.65708934393828
1,251,10,151.03531330099227,98.33253920438986
2,252,7,189.51317454551233,118.76517300178911
2,262,7,132.40499809019752,84.53136739128817
1,259,12,149.15878200163823,116.86721086357598
2,270,8,147.73527872286624,110.65708934393828
2,291,7,216.59135002989981,222.41650984609203
2,252,6,189.51317454551233,118.76517300178911
2,291,8,216.59135002989981,222.41650984609203
1,251,9,151.03531330099227,98.33253920438986
2,252,3,189.51317454551233,118.76517300178911
2,252,4,189.51317454551233,118.76517300178911
2,254,8,206.20282438781328,148.53354497055673
2,262,1,132.40499809019752,84.53136739128817
1,278,5,154.52503507505875,101.29620443150874
1,257,2,133.09134927120596,69.25046346823237
1,259,4,149.15878200163823,116.86721086357598
1,255,10,216.97916032383174,158.0731440325628
1,257,1,133.09134927120596,69.25046346823237
1,269,2,132.94201645115237,98.78495654479127
1,265,11,156.98403797036778,121.35409304440128
1,251,12,151.03531330099227,98.33253920438986
1,267,8,144.52979521024588,148.41688098345423
2,279,2,154.9560662117043,105.55709511145903
1,267,4,144.52979521024588,148.41688098345423
2,268,2,180.54294250894682,185.39859114706204
2,256,1,219.04483130280258,151.99980744604855
1,251,13,517.9128557905228,1156.255029955067
2,254,11,206.20282438781328,148.53354497055673
1,255,1,216.97916032383174,158.0731440325628
2,279,4,154.9560662117043,105.55709511145903
1,267,10,144.52979521024588,148.41688098345423
2,268,10,180.54294250894682,185.39859114706204
1,259,3,149.15878200163823,116.86721086357598
2,270,6,147.73527872286624,110.65708934393828
2,252,12,189.51317454551233,118.76517300178911
1,269,4,132.94201645115237,98.78495654479127
1,257,14,453.00678248689576,802.2919548148873
2,279,7,154.9560662117043,105.55709511145903
2,258,7,126.56588214996724,58.894771224088984
2,258,3,126.56588214996724,58.894771224088984
1,257,9,133.09134927120596,69.25046346823237
1,267,7,144.52979521024588,148.41688098345423
2,264,1,151.11993688346323,112.60124388881736
1,261,12,230.23880598212526,213.1096134463641
1,261,8,230.23880598212526,213.1096134463641
1,265,5,156.98403797036778,121.35409304440128
1,265,10,156.98403797036778,121.35409304440128
2,264,9,151.11993688346323,112.60124388881736
2,270,12,147.73527872286624,110.65708934393828
1,263,3,143.77996315971527,62.929247696482705
2,254,10,206.20282438781328,148.53354497055673
1,261,16,285.87341224327804,328.54398739647803
2,252,8,189.51317454551233,118.76517300178911
2,260,10,133.22168749379642,83.39423429991461
2,266,5,154.51035970910795,105.00976202569593
2,268,1,180.54294250894682,185.39859114706204
1,267,2,144.52979521024588,148.41688098345423
1,265,16,268.76082143961224,355.6930313370381
1,263,8,143.77996315971527,62.929247696482705
1,267,9,144.52979521024588,148.41688098345423
2,262,12,132.40499809019752,84.53136739128817
2,254,6,206.20282438781328,148.53354497055673
2,264,8,151.11993688346323,112.60124388881736
2,256,14,538.0876633835926,917.2402173468448
1,267,12,144.52979521024588,148.41688098345423
1,253,8,172.72184307323784,153.34758898990515
1,257,5,133.09134927120596,69.25046346823237
2,266,13,501.18881299756896,1104.8853221834095
2,262,5,132.40499809019752,84.53136739128817
2,254,13,481.7701005588354,810.8023785090023
1,278,9,154.52503507505875,101.29620443150874
2,268,12,180.54294250894682,185.39859114706204
2,264,12,151.11993688346323,112.60124388881736
2,266,12,154.51035970910795,105.00976202569593
1,253,14,238.89644320819562,293.36060502416643
1,290,10,231.62165395174682,155.97038183228366
1,290,9,231.62165395174682,155.97038183228366
1,267,3,144.52979521024588,148.41688098345423
1,269,5,132.94201645115237,98.78495654479127
2,266,10,154.51035970910795,105.00976202569593
1,269,10,132.94201645115237,98.78495654479127
1,261,6,230.23880598212526,213.1096134463641
1,269,14,297.26738585067204,493.92478272395635
2,270,1,147.73527872286624,110.65708934393828
2,270,5,147.73527872286624,110.65708934393828
2,254,7,206.20282438781328,148.53354497055673
2,270,9,326.5269671884551,540.5662410479744
1,259,10,149.15878200163823,116.86721086357598
2,279,5,154.9560662117043,105.55709511145903
1,253,6,172.72184307323784,153.34758898990515
2,258,10,126.56588214996724,58.894771224088984
2,260,3,133.22168749379642,83.39423429991461
1,257,4,133.09134927120596,69.25046346823237
2,291,10,216.59135002989981,222.41650984609203
2,260,8,133.22168749379642,83.39423429991461
1,259,11,271.7802352343979,387.99914006707223
1,269,13,297.26738585067204,493.92478272395635
1,263,9,143.77996315971527,62.929247696482705
2,268,7,180.54294250894682,185.39859114706204
2,258,9,126.56588214996724,58.894771224088984
1,265,14,268.76082143961224,355.6930313370381
2,258,13,480.4799082827533,848.7775852883414
1,278,4,525.3160789623957,1170.6763879236391
2,258,2,126.56588214996724,58.894771224088984
1,255,7,216.97916032383174,158.0731440325628
2,291,12,216.59135002989981,222.41650984609203
2,260,11,133.22168749379642,83.39423429991461
1,290,8,231.62165395174682,155.97038183228366
1,257,10,133.09134927120596,69.25046346823237
2,279,9,154.9560662117043,105.55709511145903
2,268,5,180.54294250894682,185.39859114706204
1,290,4,231.62165395174682,155.97038183228366
2,262,13,465.20047995943094,1043.4927685746795
2,256,13,538.0876633835926,917.2402173468448
1,261,14,285.87341224327804,328.54398739647803
2,266,9,154.51035970910795,105.00976202569593
1,265,15,268.76082143961224,355.6930313370381
2,264,6,151.11993688346323,112.60124388881736
2,270,3,147.73527872286624,110.65708934393828
1,269,8,132.94201645115237,98.78495654479127
2,291,2,216.59135002989981,222.41650984609203
1,251,7,151.03531330099227,98.33253920438986
2,279,11,154.9560662117043,105.55709511145903
2,258,1,126.56588214996724,58.894771224088984
2,268,4,180.54294250894682,185.39859114706204
1,259,2,149.15878200163823,116.86721086357598
2,252,11,189.51317454551233,118.76517300178911
2,260,6,133.22168749379642,83.39423429991461
2,252,10,189.51317454551233,118.76517300178911
2,262,11,132.40499809019752,84.53136739128817
2,270,2,147.73527872286624,110.65708934393828
2,266,4,154.51035970910795,105.00976202569593
1,259,5,271.7802352343979,387.99914006707223
2,254,4,206.20282438781328,148.53354497055673
2,291,11,216.59135002989981,222.41650984609203
1,290,2,231.62165395174682,155.97038183228366
2,258,4,126.56588214996724,58.894771224088984
1,265,12,156.98403797036778,121.35409304440128
1,255,13,437.93706562690835,643.9400709537033
1,259,6,149.15878200163823,116.86721086357598
2,264,5,151.11993688346323,112.60124388881736
1,263,1,143.77996315971527,62.929247696482705
2,270,10,147.73527872286624,110.65708934393828
2,258,8,126.56588214996724,58.894771224088984
1,251,4,151.03531330099227,98.33253920438986
1,253,3,172.72184307323784,153.34758898990515
1,263,2,143.77996315971527,62.929247696482705
1,269,7,132.94201645115237,98.78495654479127
1,290,11,231.62165395174682,155.97038183228366
2,291,1,216.59135002989981,222.41650984609203
1,259,7,149.15878200163823,116.86721086357598
1,263,12,143.77996315971527,62.929247696482705
1,290,7,231.62165395174682,155.97038183228366
2,256,10,219.04483130280258,151.99980744604855
2,264,14,336.5708500766798,558.5379161151654
2,254,3,206.20282438781328,148.53354497055673
1,253,10,172.72184307323784,153.34758898990515
1,259,8,149.15878200163823,116.86721086357598
1,278,8,154.52503507505875,101.29620443150874
2,262,9,132.40499809019752,84.53136739128817
1,253,4,172.72184307323784,153.34758898990515
1,253,15,238.89644320819562,293.36060502416643
1,263,5,143.77996315971527,62.929247696482705
2,266,8,154.51035970910795,105.00976202569593
2,270,13,326.5269671884551,540.5662410479744
2,268,3,180.54294250894682,185.39859114706204
1,257,3,133.09134927120596,69.25046346823237
1,251,2,151.03531330099227,98.33253920438986
2,260,5,133.22168749379642,83.39423429991461
2,291,5,216.59135002989981,222.41650984609203
2,256,7,219.04483130280258,151.99980744604855
1,263,11,143.77996315971527,62.929247696482705
2,266,11,154.51035970910795,105.00976202569593
1,278,11,154.52503507505875,101.29620443150874
1,265,8,156.98403797036778,121.35409304440128
1,253,13,238.89644320819562,293.36060502416643
2,279,10,154.9560662117043,105.55709511145903
1,257,13,453.00678248689576,802.2919548148873
2,258,12,126.56588214996724,58.894771224088984
2,260,7,133.22168749379642,83.39423429991461
2,279,3,154.9560662117043,105.55709511145903
2,266,7,154.51035970910795,105.00976202569593
2,254,5,206.20282438781328,148.53354497055673
2,258,11,126.56588214996724,58.894771224088984
1,255,5,216.97916032383174,158.0731440325628
2,256,5,219.04483130280258,151.99980744604855
1,290,5,231.62165395174682,155.97038183228366
1,269,12,132.94201645115237,98.78495654479127
1,261,3,230.23880598212526,213.1096134463641
1,255,6,216.97916032383174,158.0731440325628
1,259,13,271.7802352343979,387.99914006707223
2,268,6,180.54294250894682,185.39859114706204
1,261,5,230.23880598212526,213.1096134463641
1,267,6,144.52979521024588,148.41688098345423
1,255,12,216.97916032383174,158.0731440325628
1,269,3,132.94201645115237,98.78495654479127
1,265,6,156.98403797036778,121.35409304440128
1,255,14,437.93706562690835,643.9400709537033
2,252,5,189.51317454551233,118.76517300178911
1,278,10,154.52503507505875,101.29620443150874
1,251,3,151.03531330099227,98.33253920438986
2,291,4,216.59135002989981,222.41650984609203
2,266,2,154.51035970910795,105.00976202569593
2,262,4,132.40499809019752,84.53136739128817
1,263,13,747.1026039090249,1699.089687805033
2,270,11,147.73527872286624,110.65708934393828
1,253,2,238.89644320819562,293.36060502416643
2,268,11,180.54294250894682,185.39859114706204
2,256,3,219.04483130280258,151.99980744604855
1,257,6,133.09134927120596,69.25046346823237
1,290,1,231.62165395174682,155.97038183228366
2,256,2,219.04483130280258,151.99980744604855
1,278,7,154.52503507505875,101.29620443150874
1,267,1,144.52979521024588,148.41688098345423
2,252,2,681.010351320052,1533.619842675277
2,258,5,480.4799082827533,848.7775852883414
1,261,9,230.23880598212526,213.1096134463641
1,251,5,151.03531330099227,98.33253920438986
1,278,3,154.52503507505875,101.29620443150874
2,260,13,479.37444477627105,1079.7815961957697
2,254,12,206.20282438781328,148.53354497055673
1,253,9,172.72184307323784,153.34758898990515
1,255,15,437.93706562690835,643.9400709537033
2,260,9,133.22168749379642,83.39423429991461
2,256,11,219.04483130280258,151.99980744604855
1,255,2,216.97916032383174,158.0731440325628
1,255,8,216.97916032383174,158.0731440325628
1,265,13,268.76082143961224,355.6930313370381
1,267,11,144.52979521024588,148.41688098345423
1,278,6,154.52503507505875,101.29620443150874
1,263,4,143.77996315971527,62.929247696482705
2,262,6,132.40499809019752,84.53136739128817
2,291,3,216.59135002989981,222.41650984609203
2,264,13,336.5708500766798,558.5379161151654
1,265,4,156.98403797036778,121.35409304440128
1,290,3,231.62165395174682,155.97038183228366
1,257,8,133.09134927120596,69.25046346823237
1,269,9,132.94201645115237,98.78495654479127
2,264,4,151.11993688346323,112.60124388881736
2,294,4,178.0764610905447,121.67556020678828
2,292,6,221.6651649732946,141.88114316633377
1,293,7,231.11091996778606,161.34796244981365
2,288,4,221.37159128415325,226.18732968545967
1,283,13,529.7364408634768,852.1876916530271
2,280,12,323.85843910089085,330.9036860213206
1,275,8,310.53514888471494,317.2905596976587
2,286,4,385.83160850517527,394.2250255770668
1,281,7,617.0143035465001,1356.6058877855703
2,292,2,221.6651649732946,141.88114316633377
2,280,8,323.85843910089085,330.9036860213206
1,289,12,280.155118996182,286.2496397838142
1,285,7,247.86929421310307,175.02111004266618
2,280,11,323.85843910089085,330.9036860213206
1,287,4,245.34112587202912,167.9028234250358
1,277,11,289.46601059144245,295.7630813898759
1,273,6,251.95243472531038,173.38984937210017
1,287,12,245.34112587202912,167.9028234250358
2,286,11,385.83160850517527,394.2250255770668
2,276,5,305.0954623467497,311.73253770752456
2,282,12,311.2746109512408,318.04610809147437
1,281,12,188.40680352880432,126.49005946718603
2,288,12,221.37159128415325,226.18732968545967
2,286,1,385.83160850517527,394.2250255770668
2,282,7,311.2746109512408,318.04610809147437
1,283,10,256.6804613594414,200.0788493446238
1,281,8,188.40680352880432,126.49005946718603
1,293,11,231.11091996778606,161.34796244981365
2,292,9,221.6651649732946,141.88114316633377
2,294,7,178.0764610905447,121.67556020678828
2,284,5,296.07000939637675,196.06804471851896
2,284,9,296.07000939637675,196.06804471851896
1,293,5,231.11091996778606,161.34796244981365
2,274,2,343.46829369345426,350.9401352336256
2,288,6,221.37159128415325,226.18732968545967
2,288,9,221.37159128415325,226.18732968545967
2,274,4,343.46829369345426,350.9401352336256
2,292,5,221.6651649732946,141.88114316633377
1,271,11,249.04874794406655,169.5528730403013
2,284,4,296.07000939637675,196.06804471851896
1,275,7,310.53514888471494,317.2905596976587
2,282,8,311.2746109512408,318.04610809147437
1,271,3,249.04874794406655,169.5528730403013
1,275,12,310.53514888471494,317.2905596976587
2,282,10,311.2746109512408,318.04610809147437
1,287,7,245.34112587202912,167.9028234250358
1,275,11,310.53514888471494,317.2905596976587
2,282,2,311.2746109512408,318.04610809147437
1,293,4,231.11091996778606,161.34796244981365
1,293,9,231.11091996778606,161.34796244981365
2,272,2,275.3423511426865,281.33217452612956
1,275,4,310.53514888471494,317.2905596976587
2,294,5,178.0764610905447,121.67556020678828
2,294,3,178.0764610905447,121.67556020678828
1,283,11,256.6804613594414,200.0788493446238
2,280,2,323.85843910089085,330.9036860213206
2,294,1,178.0764610905447,121.67556020678828
1,287,10,245.34112587202912,167.9028234250358
2,284,10,987.1077778831444,2179.451107607958
1,281,2,188.40680352880432,126.49005946718603
1,283,2,256.6804613594414,200.0788493446238
1,271,13,800.57971587838,1752.0463547497802
1,281,1,188.40680352880432,126.49005946718603
2,294,8,178.0764610905447,121.67556020678828
2,288,11,221.37159128415325,226.18732968545967
2,284,3,296.07000939637675,196.06804471851896
2,272,1,275.3423511426865,281.33217452612956
2,274,7,343.46829369345426,350.9401352336256
1,287,3,245.34112587202912,167.9028234250358
1,271,9,249.04874794406655,169.5528730403013
1,273,12,251.95243472531038,173.38984937210017
1,275,10,310.53514888471494,317.2905596976587
1,285,13,757.5082983763955,1634.631122096599
2,276,6,305.0954623467497,311.73253770752456
1,271,8,249.04874794406655,169.5528730403013
2,274,9,343.46829369345426,350.9401352336256
1,271,6,249.04874794406655,169.5528730403013
1,293,12,231.11091996778606,161.34796244981365
1,285,4,247.86929421310307,175.02111004266618
2,292,3,221.6651649732946,141.88114316633377
2,286,9,385.83160850517527,394.2250255770668
2,274,11,343.46829369345426,350.9401352336256
1,273,11,251.95243472531038,173.38984937210017
2,272,10,275.3423511426865,281.33217452612956
1,285,8,247.86929421310307,175.02111004266618
2,282,11,311.2746109512408,318.04610809147437
2,274,5,343.46829369345426,350.9401352336256
1,271,5,249.04874794406655,169.5528730403013
2,288,5,221.37159128415325,226.18732968545967
1,293,10,231.11091996778606,161.34796244981365
1,277,12,289.46601059144245,295.7630813898759
1,283,8,256.6804613594414,200.0788493446238
2,276,7,305.0954623467497,311.73253770752456
1,273,4,251.95243472531038,173.38984937210017
2,292,1,221.6651649732946,141.88114316633377
2,280,5,323.85843910089085,330.9036860213206
2,272,8,275.3423511426865,281.33217452612956
1,285,6,247.86929421310307,175.02111004266618
2,284,7,296.07000939637675,196.06804471851896
2,286,2,385.83160850517527,394.2250255770668
2,286,7,385.83160850517527,394.2250255770668
1,275,3,310.53514888471494,317.2905596976587
2,280,4,323.85843910089085,330.9036860213206
1,277,10,289.46601059144245,295.7630813898759
2,282,4,311.2746109512408,318.04610809147437
2,276,2,305.0954623467497,311.73253770752456
1,283,1,529.7364408634768,852.1876916530271
2,272,12,275.3423511426865,281.33217452612956
2,284,11,296.07000939637675,196.06804471851896
2,280,9,323.85843910089085,330.9036860213206
2,280,10,323.85843910089085,330.9036860213206
1,289,4,280.155118996182,286.2496397838142
1,289,1,280.155118996182,286.2496397838142
2,286,6,385.83160850517527,394.2250255770668
2,274,8,343.46829369345426,350.9401352336256
1,293,1,717.703998579898,1556.013226913271
1,273,2,251.95243472531038,173.38984937210017
2,294,13,569.6375722026959,1245.0522439764384
1,289,3,280.155118996182,286.2496397838142
1,285,5,247.86929421310307,175.02111004266618
1,285,3,247.86929421310307,175.02111004266618
2,284,12,296.07000939637675,196.06804471851896
2,284,8,296.07000939637675,196.06804471851896
1,275,2,310.53514888471494,317.2905596976587
1,271,1,249.04874794406655,169.5528730403013
2,274,6,343.46829369345426,350.9401352336256
1,273,3,251.95243472531038,173.38984937210017
1,285,1,247.86929421310307,175.02111004266618
1,273,7,251.95243472531038,173.38984937210017
1,287,6,245.34112587202912,167.9028234250358
1,271,10,249.04874794406655,169.5528730403013
2,292,11,221.6651649732946,141.88114316633377
1,273,1,251.95243472531038,173.38984937210017
1,287,11,245.34112587202912,167.9028234250358
2,282,5,311.2746109512408,318.04610809147437
1,287,5,245.34112587202912,167.9028234250358
1,287,9,245.34112587202912,167.9028234250358
1,289,7,280.155118996182,286.2496397838142
1,281,9,188.40680352880432,126.49005946718603
2,292,8,221.6651649732946,141.88114316633377
1,289,6,280.155118996182,286.2496397838142
1,289,10,280.155118996182,286.2496397838142
2,288,7,221.37159128415325,226.18732968545967
2,276,9,305.0954623467497,311.73253770752456
2,284,6,296.07000939637675,196.06804471851896
2,284,1,296.07000939637675,196.06804471851896
1,277,5,289.46601059144245,295.7630813898759
1,277,8,289.46601059144245,295.7630813898759
1,273,8,798.1401274785566,1739.982348084935
2,276,12,305.0954623467497,311.73253770752456
1,277,7,289.46601059144245,295.7630813898759
1,283,7,256.6804613594414,200.0788493446238
2,294,12,178.0764610905447,121.67556020678828
2,272,3,275.3423511426865,281.33217452612956
1,281,5,188.40680352880432,126.49005946718603
2,294,10,178.0764610905447,121.67556020678828
1,289,8,280.155118996182,286.2496397838142
1,285,2,247.86929421310307,175.02111004266618
2,282,1,311.2746109512408,318.04610809147437
2,286,10,385.83160850517527,394.2250255770668
1,277,4,289.46601059144245,295.7630813898759
1,281,10,188.40680352880432,126.49005946718603
2,274,3,343.46829369345426,350.9401352336256
2,272,11,275.3423511426865,281.33217452612956
2,284,2,296.07000939637675,196.06804471851896
2,288,3,221.37159128415325,226.18732968545967
1,283,12,256.6804613594414,200.0788493446238
2,272,7,275.3423511426865,281.33217452612956
1,289,5,280.155118996182,286.2496397838142
2,286,5,385.83160850517527,394.2250255770668
2,276,11,305.0954623467497,311.73253770752456
1,285,12,247.86929421310307,175.02111004266618
2,280,7,323.85843910089085,330.9036860213206
1,275,9,310.53514888471494,317.2905596976587
2,288,2,221.37159128415325,226.18732968545967
2,282,9,311.2746109512408,318.04610809147437
1,293,6,231.11091996778606,161.34796244981365
2,280,1,323.85843910089085,330.9036860213206
1,287,2,245.34112587202912,167.9028234250358
2,286,3,385.83160850517527,394.2250255770668
2,276,1,305.0954623467497,311.73253770752456
2,292,4,221.6651649732946,141.88114316633377
2,282,3,311.2746109512408,318.04610809147437
2,288,1,221.37159128415325,226.18732968545967
2,292,10,771.5712589139813,1719.0237056094936
1,271,7,249.04874794406655,169.5528730403013
1,275,5,310.53514888471494,317.2905596976587
1,293,2,231.11091996778606,161.34796244981365
1,289,11,280.155118996182,286.2496397838142
2,280,6,323.85843910089085,330.9036860213206
2,272,4,275.3423511426865,281.33217452612956
1,275,1,310.53514888471494,317.2905596976587
1,281,11,188.40680352880432,126.49005946718603
2,272,5,275.3423511426865,281.33217452612956
2,288,10,221.37159128415325,226.18732968545967
2,274,10,343.46829369345426,350.9401352336256
1,289,9,280.155118996182,286.2496397838142
2,272,6,275.3423511426865,281.33217452612956
2,288,8,221.37159128415325,226.18732968545967
2,292,12,221.6651649732946,141.88114316633377
1,283,3,256.6804613594414,200.0788493446238
1,277,6,289.46601059144245,295.7630813898759
2,294,11,178.0764610905447,121.67556020678828
2,294,6,178.0764610905447,121.67556020678828
1,287,1,783.1158299419124,1710.6820452239301
2,276,3,305.0954623467497,311.73253770752456
2,282,6,311.2746109512408,318.04610809147437
2,274,12,343.46829369345426,350.9401352336256
2,272,9,275.3423511426865,281.33217452612956
2,294,2,178.0764610905447,121.67556020678828
1,293,8,231.11091996778606,161.34796244981365
1,271,12,249.04874794406655,169.5528730403013
1,287,8,245.34112587202912,167.9028234250358
2,286,12,385.83160850517527,394.2250255770668
1,273,10,251.95243472531038,173.38984937210017
1,275,6,310.53514888471494,317.2905596976587
1,285,9,247.86929421310307,175.02111004266618
1,281,4,188.40680352880432,126.49005946718603
1,283,6,256.6804613594414,200.0788493446238
1,285,11,247.86929421310307,175.02111004266618
1,271,2,249.04874794406655,169.5528730403013
1,283,5,256.6804613594414,200.0788493446238
1,281,3,188.40680352880432,126.49005946718603
2,292,7,221.6651649732946,141.88114316633377
1,277,3,289.46601059144245,295.7630813898759
2,280,3,323.85843910089085,330.9036860213206
1,273,9,251.95243472531038,173.38984937210017
2,276,4,305.0954623467497,311.73253770752456
1,277,1,289.46601059144245,295.7630813898759
1,283,9,256.6804613594414,200.0788493446238
2,276,8,305.0954623467497,311.73253770752456
2,274,1,343.46829369345426,350.9401352336256
1,277,2,289.46601059144245,295.7630813898759
1,293,3,231.11091996778606,161.34796244981365
2,276,10,305.0954623467497,311.73253770752456
1,281,6,188.40680352880432,126.49005946718603
1,277,9,289.46601059144245,295.7630813898759
2,286,8,385.83160850517527,394.2250255770668
1,289,2,280.155118996182,286.2496397838142
1,273,5,251.95243472531038,173.38984937210017
2,302,15,710.4393042651446,1032.2350123281287
2,306,14,1081.5334176039123,1598.7401625026944
2,300,9,343.9167761516055,253.5136210118903
2,316,9,398.5259123424089,269.9501493933746
2,300,8,343.9167761516055,253.5136210118903
1,301,11,260.171265813012,210.88436089274387
1,303,11,759.953287254302,471.7903292846826
2,302,12,350.38650648933714,251.08419218792318
2,300,2,343.9167761516055,253.5136210118903
1,303,10,759.953287254302,471.7903292846826
1,315,6,617.9464355816475,448.12822969286617
2,298,4,316.43412154202207,320.7252349986665
2,298,3,316.43412154202207,320.7252349986665
1,297,11,339.2235768018032,205.3612940171209
2,296,10,276.9594423959348,187.14349728292407
1,297,7,339.2235768018032,205.3612940171209
1,325,5,298.1254811186809,212.79012293745478
2,296,2,276.9594423959348,187.14349728292407
2,296,1,276.9594423959348,187.14349728292407
1,295,11,610.5467754409788,864.7677378849686
1,295,5,329.7329446568363,252.22392354978254
2,298,2,316.43412154202207,320.7252349986665
1,329,11,569.3925402700087,377.70330538873105
2,326,4,534.7152701013978,598.1288752183996
2,298,12,316.43412154202207,320.7252349986665
1,295,9,329.7329446568363,252.22392354978254
1,329,6,569.3925402700087,377.70330538873105
2,326,10,441.0257216183507,406.8903913050336
1,327,10,449.64087764793504,371.15275098915265
1,301,4,260.171265813012,210.88436089274387
1,327,7,449.64087764793504,371.15275098915265
1,305,6,640.619231976684,649.3065688337975
1,299,6,366.29251378470576,267.61923173583585
2,302,14,710.4393042651446,1032.2350123281287
1,333,6,495.1403465963466,505.2686845452233
2,296,12,276.9594423959348,187.14349728292407
1,301,2,260.171265813012,210.88436089274387
1,305,2,640.619231976684,649.3065688337975
1,333,7,495.1403465963466,505.2686845452233
2,324,17,505.4841724074229,540.185996935769
1,323,4,514.0666997910357,332.988530441435
1,299,3,823.5926958076701,1352.9638937756145
2,296,3,553.9188847918696,748.5739891316963
2,328,12,444.71485300976616,327.5068283256444
2,296,6,276.9594423959348,187.14349728292407
2,296,7,276.9594423959348,187.14349728292407
1,315,12,1322.827511160237,2053.5584894663384
2,334,4,490.9058640911581,360.0399412243095
1,327,1,449.64087764793504,371.15275098915265
1,305,11,640.619231976684,649.3065688337975
2,328,14,868.980312596055,1250.4806172433694
1,305,8,640.619231976684,649.3065688337975
1,331,15,463.8098304134382,574.7546243414077
1,333,2,495.1403465963466,505.2686845452233
1,331,11,317.71168698482535,269.6925544986605
2,324,2,450.1657823648128,428.42337688009275
2,330,7,349.9517905736176,270.1656599908979
2,330,15,589.459413332153,766.5165236951055
2,316,4,398.5259123424089,269.9501493933746
2,302,2,350.38650648933714,251.08419218792318
2,306,2,492.9342536632061,332.10544438461767
1,299,4,366.29251378470576,267.61923173583585
1,325,11,298.1254811186809,212.79012293745478
2,324,18,505.4841724074229,540.185996935769
1,303,7,759.953287254302,471.7903292846826
1,329,8,1457.2876096218172,2474.103046926184
1,315,2,617.9464355816475,448.12822969286617
2,306,1,492.9342536632061,332.10544438461767
2,334,14,1097.6988826611025,1800.1997061215475
1,303,5,759.953287254302,471.7903292846826
1,297,2,339.2235768018032,205.3612940171209
1,295,13,610.5467754409788,864.7677378849686
2,332,8,470.64733252321327,401.0779169691357
1,295,10,329.7329446568363,252.22392354978254
1,329,7,569.3925402700087,377.70330538873105
1,327,6,449.64087764793504,371.15275098915265
1,305,3,640.619231976684,649.3065688337975
1,325,9,298.1254811186809,212.79012293745478
1,323,3,514.0666997910357,332.988530441435
2,298,1,316.43412154202207,320.7252349986665
1,305,10,640.619231976684,649.3065688337975
2,330,4,349.9517905736176,270.1656599908979
1,299,8,366.29251378470576,267.61923173583585
2,326,14,534.7152701013978,598.1288752183996
2,334,1,490.9058640911581,360.0399412243095
1,303,9,759.953287254302,471.7903292846826
1,315,4,1322.827511160237,2053.5584894663384
2,324,1,450.1657823648128,428.42337688009275
1,303,3,759.953287254302,471.7903292846826
1,297,9,339.2235768018032,205.3612940171209
1,305,5,640.619231976684,649.3065688337975
1,323,1,514.0666997910357,332.988530441435
1,297,13,1250.453534156737,2790.4975834091133
2,302,13,710.4393042651446,1032.2350123281287
1,299,13,823.5926958076701,1352.9638937756145
2,332,2,470.64733252321327,401.0779169691357
2,302,3,350.38650648933714,251.08419218792318
2,304,9,395.3560615651886,227.01166390259178
1,295,2,329.7329446568363,252.22392354978254
1,295,12,329.7329446568363,252.22392354978254
1,329,10,569.3925402700087,377.70330538873105
1,297,1,339.2235768018032,205.3612940171209
1,305,12,640.619231976684,649.3065688337975
1,299,10,366.29251378470576,267.61923173583585
1,323,2,514.0666997910357,332.988530441435
1,323,10,514.0666997910357,332.988530441435
1,329,5,569.3925402700087,377.70330538873105
1,333,14,488.403429326778,491.6127741521091
2,334,13,1097.6988826611025,1800.1997061215475
1,325,14,692.7810140716349,1149.0666638622558
1,299,11,366.29251378470576,267.61923173583585
2,300,13,616.7230735617529,815.2202714892157
1,323,11,514.0666997910357,332.988530441435
1,323,12,514.0666997910357,332.988530441435
2,298,5,316.43412154202207,320.7252349986665
2,328,7,444.71485300976616,327.5068283256444
1,333,18,488.403429326778,491.6127741521091
2,326,3,441.0257216183507,406.8903913050336
1,331,6,317.71168698482535,269.6925544986605
2,330,14,589.459413332153,766.5165236951055
2,328,3,444.71485300976616,327.5068283256444
2,330,12,349.9517905736176,270.1656599908979
1,327,8,449.64087764793504,371.15275098915265
2,316,12,398.5259123424089,269.9501493933746
2,324,5,450.1657823648128,428.42337688009275
2,304,13,1547.851490389047,3479.605012277431
1,299,9,366.29251378470576,267.61923173583585
1,333,17,488.403429326778,491.6127741521091
2,300,1,343.9167761516055,253.5136210118903
2,330,6,349.9517905736176,270.1656599908979
2,304,1,395.3560615651886,227.01166390259178
1,303,4,759.953287254302,471.7903292846826
2,334,12,490.9058640911581,360.0399412243095
1,303,8,759.953287254302,471.7903292846826
2,302,1,350.38650648933714,251.08419218792318
2,304,12,395.3560615651886,227.01166390259178
2,304,11,395.3560615651886,227.01166390259178
1,325,8,298.1254811186809,212.79012293745478
1,323,13,1745.0887053977042,3837.2963984203457
2,334,5,490.9058640911581,360.0399412243095
1,331,3,463.8098304134382,574.7546243414077
1,305,9,640.619231976684,649.3065688337975
1,327,15,704.68069961397,911.6032480435329
2,296,15,553.9188847918696,748.5739891316963
2,306,4,492.9342536632061,332.10544438461767
2,300,7,343.9167761516055,253.5136210118903
2,306,13,1081.5334176039123,1598.7401625026944
1,303,13,2718.8915360400706,6038.916214843938
2,316,2,398.5259123424089,269.9501493933746
1,323,8,514.0666997910357,332.988530441435
2,298,10,316.43412154202207,320.7252349986665
1,329,4,569.3925402700087,377.70330538873105
2,328,5,444.71485300976616,327.5068283256444
1,301,13,440.7246887162672,605.146426909613
2,300,15,616.7230735617529,815.2202714892157
2,304,5,395.3560615651886,227.01166390259178
2,300,14,616.7230735617529,815.2202714892157
1,315,7,617.9464355816475,448.12822969286617
2,324,13,505.4841724074229,540.185996935769
2,304,10,395.3560615651886,227.01166390259178
1,325,13,692.7810140716349,1149.0666638622558
2,334,8,490.9058640911581,360.0399412243095
2,324,14,505.4841724074229,540.185996935769
2,316,6,398.5259123424089,269.9501493933746
2,328,10,444.71485300976616,327.5068283256444
2,298,6,316.43412154202207,320.7252349986665
2,304,6,395.3560615651886,227.01166390259178
1,329,12,569.3925402700087,377.70330538873105
2,326,15,534.7152701013978,598.1288752183996
1,331,14,463.8098304134382,574.7546243414077
2,332,3,470.64733252321327,401.0779169691357
2,334,7,490.9058640911581,360.0399412243095
1,333,16,488.403429326778,491.6127741521091
1,331,13,463.8098304134382,574.7546243414077
1,327,2,449.64087764793504,371.15275098915265
1,331,1,317.71168698482535,269.6925544986605
2,300,3,343.9167761516055,253.5136210118903
2,302,11,350.38650648933714,251.08419218792318
1,329,13,1457.2876096218172,2474.103046926184
1,301,7,260.171265813012,210.88436089274387
1,323,5,514.0666997910357,332.988530441435
2,316,10,398.5259123424089,269.9501493933746
1,305,4,640.619231976684,649.3065688337975
1,295,6,610.5467754409788,864.7677378849686
1,325,6,298.1254811186809,212.79012293745478
2,324,10,450.1657823648128,428.42337688009275
1,315,10,617.9464355816475,448.12822969286617
2,330,13,589.459413332153,766.5165236951055
2,306,15,1081.5334176039123,1598.7401625026944
1,329,9,569.3925402700087,377.70330538873105
2,328,8,444.71485300976616,327.5068283256444
2,306,9,492.9342536632061,332.10544438461767
2,302,9,350.38650648933714,251.08419218792318
2,316,1,398.5259123424089,269.9501493933746
1,323,9,514.0666997910357,332.988530441435
1,305,7,640.619231976684,649.3065688337975
1,305,1,640.619231976684,649.3065688337975
1,329,3,569.3925402700087,377.70330538873105
1,333,15,488.403429326778,491.6127741521091
1,323,6,514.0666997910357,332.988530441435
1,333,13,488.403429326778,491.6127741521091
1,301,14,440.7246887162672,605.146426909613
2,332,16,682.6651713080901,843.8262668701295
2,332,7,470.64733252321327,401.0779169691357
2,332,15,682.6651713080901,843.8262668701295
2,332,14,682.6651713080901,843.8262668701295
2,296,14,553.9188847918696,748.5739891316963
1,333,3,495.1403465963466,505.2686845452233
2,328,13,868.980312596055,1250.4806172433694
1,297,5,339.2235768018032,205.3612940171209
1,329,1,569.3925402700087,377.70330538873105
2,316,13,1275.9054642823587,2766.98903128209
1,315,5,617.9464355816475,448.12822969286617
1,331,12,317.71168698482535,269.6925544986605
2,324,11,450.1657823648128,428.42337688009275
1,325,2,298.1254811186809,212.79012293745478
1,331,5,317.71168698482535,269.6925544986605
1,295,8,329.7329446568363,252.22392354978254
1,331,4,317.71168698482535,269.6925544986605
1,325,10,298.1254811186809,212.79012293745478
2,332,4,470.64733252321327,401.0779169691357
1,297,12,339.2235768018032,205.3612940171209
2,298,7,316.43412154202207,320.7252349986665
1,331,2,317.71168698482535,269.6925544986605
1,295,1,329.7329446568363,252.22392354978254
2,334,2,490.9058640911581,360.0399412243095
2,302,6,350.38650648933714,251.08419218792318
2,330,16,589.459413332153,766.5165236951055
2,326,13,534.7152701013978,598.1288752183996
2,316,3,398.5259123424089,269.9501493933746
2,296,5,276.9594423959348,187.14349728292407
1,315,11,617.9464355816475,448.12822969286617
2,330,11,349.9517905736176,270.1656599908979
2,330,10,349.9517905736176,270.1656599908979
2,302,10,350.38650648933714,251.08419218792318
2,296,13,553.9188847918696,748.5739891316963
2,326,1,441.0257216183507,406.8903913050336
1,301,10,260.171265813012,210.88436089274387
1,303,2,759.953287254302,471.7903292846826
1,303,6,759.953287254302,471.7903292846826
2,316,7,398.5259123424089,269.9501493933746
1,299,12,366.29251378470576,267.61923173583585
2,300,4,343.9167761516055,253.5136210118903
2,328,11,868.980312596055,1250.4806172433694
2,306,11,492.9342536632061,332.10544438461767
1,301,6,260.171265813012,210.88436089274387
2,326,16,534.7152701013978,598.1288752183996
2,304,4,395.3560615651886,227.01166390259178
1,297,6,339.2235768018032,205.3612940171209
2,334,10,490.9058640911581,360.0399412243095
2,328,4,444.71485300976616,327.5068283256444
1,327,16,704.68069961397,911.6032480435329
1,327,13,704.68069961397,911.6032480435329
2,330,1,349.9517905736176,270.1656599908979
1,327,9,449.64087764793504,371.15275098915265
1,299,5,366.29251378470576,267.61923173583585
2,298,9,316.43412154202207,320.7252349986665
1,301,3,260.171265813012,210.88436089274387
1,325,3,298.1254811186809,212.79012293745478
2,326,6,441.0257216183507,406.8903913050336
2,326,5,441.0257216183507,406.8903913050336
1,301,9,440.7246887162672,605.146426909613
2,306,3,492.9342536632061,332.10544438461767
1,315,3,617.9464355816475,448.12822969286617
1,301,12,260.171265813012,210.88436089274387
2,330,8,349.9517905736176,270.1656599908979
2,332,12,470.64733252321327,401.0779169691357
2,306,7,492.9342536632061,332.10544438461767
1,297,8,339.2235768018032,205.3612940171209
2,332,9,470.64733252321327,401.0779169691357
1,297,10,339.2235768018032,205.3612940171209
2,306,6,492.9342536632061,332.10544438461767
1,299,1,366.29251378470576,267.61923173583585
2,328,9,444.71485300976616,327.5068283256444
1,303,12,759.953287254302,471.7903292846826
1,331,8,317.71168698482535,269.6925544986605
2,302,7,350.38650648933714,251.08419218792318
2,298,11,316.43412154202207,320.7252349986665
2,306,5,492.9342536632061,332.10544438461767
1,295,4,329.7329446568363,252.22392354978254
2,316,5,398.5259123424089,269.9501493933746
1,315,9,617.9464355816475,448.12822969286617
1,333,5,495.1403465963466,505.2686845452233
2,328,6,444.71485300976616,327.5068283256444
1,299,7,366.29251378470576,267.61923173583585
2,300,5,616.7230735617529,815.2202714892157
1,301,1,260.171265813012,210.88436089274387
2,324,3,450.1657823648128,428.42337688009275
1,295,3,329.7329446568363,252.22392354978254
1,333,1,495.1403465963466,505.2686845452233
1,325,7,298.1254811186809,212.79012293745478
2,332,13,682.6651713080901,843.8262668701295
2,326,2,441.0257216183507,406.8903913050336
2,324,16,505.4841724074229,540.185996935769
2,332,6,470.64733252321327,401.0779169691357
2,334,6,490.9058640911581,360.0399412243095
2,326,12,441.0257216183507,406.8903913050336
2,300,11,343.9167761516055,253.5136210118903
1,325,12,298.1254811186809,212.79012293745478
2,304,8,395.3560615651886,227.01166390259178
2,304,2,395.3560615651886,227.01166390259178
1,297,4,339.2235768018032,205.3612940171209
2,334,3,490.9058640911581,360.0399412243095
2,304,7,395.3560615651886,227.01166390259178
2,298,8,316.43412154202207,320.7252349986665
2,316,8,398.5259123424089,269.9501493933746
2,324,15,505.4841724074229,540.185996935769
2,296,11,276.9594423959348,187.14349728292407
1,309,12,527.8337265495408,544.7842677291459
2,342,3,433.3872076255121,296.26908298687
2,308,12,291.7352265837138,205.38262577695278
2,308,4,291.7352265837138,205.38262577695278
2,308,1,291.7352265837138,205.38262577695278
1,321,12,509.35254567300507,525.7095931030856
1,335,5,499.0535357272001,342.2758609575184
2,310,3,280.6992689394224,289.71347981288415
1,339,11,464.7144744749313,319.3070687041528
1,335,8,499.0535357272001,342.2758609575184
2,336,15,164.7274965437514,201.22643964366802
2,310,5,280.6992689394224,289.71347981288415
2,338,10,331.9206620084543,342.57976650811355
1,335,9,499.0535357272001,342.2758609575184
1,313,5,502.6462627129982,376.2991422392019
2,320,9,427.293969111533,441.0158357807371
1,341,8,446.9009465721139,308.78365827451034
2,338,12,331.9206620084543,342.57976650811355
2,310,4,280.6992689394224,289.71347981288415
2,312,12,306.3842375873037,221.78597622726863
2,340,10,451.48042019331774,465.97899629662777
2,336,3,128.24018213368137,121.95541796585943
1,337,13,1526.8343991526692,3413.32695432864
1,335,2,499.0535357272001,342.2758609575184
2,322,11,285.09381594439697,181.0767688192312
1,307,6,434.31089686703785,448.25810101827733
2,314,9,353.458333423364,364.80908600814604
2,320,3,427.293969111533,441.0158357807371
2,310,10,280.6992689394224,289.71347981288415
2,310,6,280.6992689394224,289.71347981288415
2,318,4,704.7949102190474,987.0500644294675
2,318,2,414.29020780187153,341.05388405083227
1,309,2,527.8337265495408,544.7842677291459
1,313,1,502.6462627129982,376.2991422392019
2,318,13,704.7949102190474,987.0500644294675
1,313,7,502.6462627129982,376.2991422392019
2,310,7,280.6992689394224,289.71347981288415
1,317,11,471.71259404428395,315.96685206949263
2,310,12,280.6992689394224,289.71347981288415
2,340,6,451.48042019331774,465.97899629662777
2,308,3,291.7352265837138,205.38262577695278
2,322,9,285.09381594439697,181.0767688192312
2,338,1,331.9206620084543,342.57976650811355
1,309,8,527.8337265495408,544.7842677291459
1,337,11,453.14557361639936,300.6557420911237
2,318,11,414.29020780187153,341.05388405083227
1,339,4,464.7144744749313,319.3070687041528
2,318,6,414.29020780187153,341.05388405083227
2,342,11,433.3872076255121,296.26908298687
2,314,8,353.458333423364,364.80908600814604
2,310,1,280.6992689394224,289.71347981288415
1,337,3,453.14557361639936,300.6557420911237
2,310,2,280.6992689394224,289.71347981288415
1,307,7,434.31089686703785,448.25810101827733
2,342,1,433.3872076255121,296.26908298687
1,311,11,448.15601692866284,376.53442134896676
2,340,2,451.48042019331774,465.97899629662777
1,341,11,446.9009465721139,308.78365827451034
1,307,12,434.31089686703785,448.25810101827733
1,337,4,453.14557361639936,300.6557420911237
2,342,12,433.3872076255121,296.26908298687
1,321,11,509.35254567300507,525.7095931030856
2,312,5,306.3842375873037,221.78597622726863
2,320,6,427.293969111533,441.0158357807371
2,322,6,285.09381594439697,181.0767688192312
2,336,4,128.24018213368137,121.95541796585943
2,342,5,433.3872076255121,296.26908298687
2,338,3,331.9206620084543,342.57976650811355
2,340,5,451.48042019331774,465.97899629662777
2,312,3,306.3842375873037,221.78597622726863
2,310,11,280.6992689394224,289.71347981288415
1,317,5,471.71259404428395,315.96685206949263
1,339,5,464.7144744749313,319.3070687041528
2,322,2,285.09381594439697,181.0767688192312
2,342,6,433.3872076255121,296.26908298687
2,308,11,291.7352265837138,205.38262577695278
2,312,2,306.3842375873037,221.78597622726863
2,308,6,291.7352265837138,205.38262577695278
1,337,2,453.14557361639936,300.6557420911237
2,308,7,908.1580399088991,1990.2554450290427
2,338,9,331.9206620084543,342.57976650811355
2,338,7,331.9206620084543,342.57976650811355
1,313,9,502.6462627129982,376.2991422392019
2,312,13,916.552558435929,1984.796533016913
2,336,12,128.24018213368137,121.95541796585943
1,339,9,464.7144744749313,319.3070687041528
1,317,1,471.71259404428395,315.96685206949263
1,341,6,446.9009465721139,308.78365827451034
1,337,7,453.14557361639936,300.6557420911237
1,341,2,446.9009465721139,308.78365827451034
1,341,10,446.9009465721139,308.78365827451034
1,335,4,499.0535357272001,342.2758609575184
1,311,16,684.5696235751695,878.5803164809224
1,321,1,509.35254567300507,525.7095931030856
1,341,12,446.9009465721139,308.78365827451034
1,309,4,527.8337265495408,544.7842677291459
1,309,11,527.8337265495408,544.7842677291459
2,312,9,306.3842375873037,221.78597622726863
2,320,2,427.293969111533,441.0158357807371
1,339,3,464.7144744749313,319.3070687041528
2,308,10,291.7352265837138,205.38262577695278
1,337,12,453.14557361639936,300.6557420911237
2,342,9,433.3872076255121,296.26908298687
1,335,11,1610.0647476231945,3562.613262439546
1,307,11,434.31089686703785,448.25810101827733
2,342,7,433.3872076255121,296.26908298687
2,342,13,1404.3350573139967,3110.825371362135
1,311,4,448.15601692866284,376.53442134896676
1,335,1,499.0535357272001,342.2758609575184
2,318,3,414.29020780187153,341.05388405083227
2,342,10,433.3872076255121,296.26908298687
1,341,7,446.9009465721139,308.78365827451034
1,341,4,446.9009465721139,308.78365827451034
1,319,8,585.0640500142529,603.8524520690094
1,337,1,453.14557361639936,300.6557420911237
2,318,5,704.7949102190474,987.0500644294675
2,320,7,427.293969111533,441.0158357807371
2,318,10,414.29020780187153,341.05388405083227
2,312,4,306.3842375873037,221.78597622726863
1,319,9,585.0640500142529,603.8524520690094
2,338,11,331.9206620084543,342.57976650811355
1,313,2,502.6462627129982,376.2991422392019
2,318,7,414.29020780187153,341.05388405083227
1,313,14,1088.4901650515144,1764.6449249217308
1,309,1,527.8337265495408,544.7842677291459
2,320,11,427.293969111533,441.0158357807371
1,309,5,527.8337265495408,544.7842677291459
2,318,9,414.29020780187153,341.05388405083227
1,335,7,499.0535357272001,342.2758609575184
2,322,10,285.09381594439697,181.0767688192312
2,320,1,427.293969111533,441.0158357807371
1,311,13,684.5696235751695,878.5803164809224
1,339,6,464.7144744749313,319.3070687041528
1,307,2,434.31089686703785,448.25810101827733
2,312,6,306.3842375873037,221.78597622726863
2,314,2,353.458333423364,364.80908600814604
1,319,4,585.0640500142529,603.8524520690094
1,337,5,453.14557361639936,300.6557420911237
2,308,5,291.7352265837138,205.38262577695278
1,311,7,448.15601692866284,376.53442134896676
2,336,11,128.24018213368137,121.95541796585943
1,309,3,527.8337265495408,544.7842677291459
2,336,6,128.24018213368137,121.95541796585943
2,338,5,331.9206620084543,342.57976650811355
1,339,12,464.7144744749313,319.3070687041528
2,338,6,331.9206620084543,342.57976650811355
2,342,8,433.3872076255121,296.26908298687
1,317,10,471.71259404428395,315.96685206949263
2,314,7,353.458333423364,364.80908600814604
2,336,8,128.24018213368137,121.95541796585943
1,313,6,502.6462627129982,376.2991422392019
2,314,3,353.458333423364,364.80908600814604
1,339,1,464.7144744749313,319.3070687041528
1,313,12,502.6462627129982,376.2991422392019
1,335,6,499.0535357272001,342.2758609575184
2,314,12,353.458333423364,364.80908600814604
1,317,9,471.71259404428395,315.96685206949263
2,314,5,353.458333423364,364.80908600814604
2,312,7,306.3842375873037,221.78597622726863
1,307,3,434.31089686703785,448.25810101827733
2,312,1,306.3842375873037,221.78597622726863
2,310,9,280.6992689394224,289.71347981288415
1,309,10,527.8337265495408,544.7842677291459
2,340,9,451.48042019331774,465.97899629662777
1,319,1,585.0640500142529,603.8524520690094
2,314,11,353.458333423364,364.80908600814604
2,322,7,285.09381594439697,181.0767688192312
2,322,3,285.09381594439697,181.0767688192312
1,313,13,1088.4901650515144,1764.6449249217308
1,337,8,453.14557361639936,300.6557420911237
1,339,13,1495.6057074708613,3307.2754050452036
2,310,8,280.6992689394224,289.71347981288415
1,311,12,448.15601692866284,376.53442134896676
1,335,3,499.0535357272001,342.2758609575184
1,319,10,585.0640500142529,603.8524520690094
2,340,3,451.48042019331774,465.97899629662777
2,338,8,331.9206620084543,342.57976650811355
2,318,8,414.29020780187153,341.05388405083227
2,318,1,414.29020780187153,341.05388405083227
1,337,9,453.14557361639936,300.6557420911237
1,309,7,527.8337265495408,544.7842677291459
1,307,4,434.31089686703785,448.25810101827733
1,311,14,684.5696235751695,878.5803164809224
2,340,12,451.48042019331774,465.97899629662777
2,308,2,291.7352265837138,205.38262577695278
2,322,12,285.09381594439697,181.0767688192312
1,313,11,502.6462627129982,376.2991422392019
1,317,2,471.71259404428395,315.96685206949263
1,307,9,434.31089686703785,448.25810101827733
2,340,11,451.48042019331774,465.97899629662777
1,311,10,448.15601692866284,376.53442134896676
2,312,11,306.3842375873037,221.78597622726863
2,342,4,433.3872076255121,296.26908298687
1,317,4,471.71259404428395,315.96685206949263
2,314,6,353.458333423364,364.80908600814604
2,336,7,128.24018213368137,121.95541796585943
2,340,1,451.48042019331774,465.97899629662777
1,339,2,464.7144744749313,319.3070687041528
1,321,8,509.35254567300507,525.7095931030856
1,341,5,446.9009465721139,308.78365827451034
1,309,6,527.8337265495408,544.7842677291459
1,317,12,471.71259404428395,315.96685206949263
1,317,7,471.71259404428395,315.96685206949263
2,308,8,291.7352265837138,205.38262577695278
1,337,10,453.14557361639936,300.6557420911237
2,320,8,427.293969111533,441.0158357807371
1,339,7,464.7144744749313,319.3070687041528
2,314,4,353.458333423364,364.80908600814604
1,317,8,471.71259404428395,315.96685206949263
2,340,7,451.48042019331774,465.97899629662777
1,307,8,434.31089686703785,448.25810101827733
2,320,12,427.293969111533,441.0158357807371
1,321,4,509.35254567300507,525.7095931030856
1,307,10,434.31089686703785,448.25810101827733
1,335,10,499.0535357272001,342.2758609575184
2,314,10,353.458333423364,364.80908600814604
1,341,3,446.9009465721139,308.78365827451034
1,309,9,527.8337265495408,544.7842677291459
1,321,6,509.35254567300507,525.7095931030856
1,321,5,509.35254567300507,525.7095931030856
1,321,9,509.35254567300507,525.7095931030856
1,311,2,448.15601692866284,376.53442134896676
1,321,7,509.35254567300507,525.7095931030856
2,336,14,164.7274965437514,201.22643964366802
2,336,13,164.7274965437514,201.22643964366802
1,317,3,471.71259404428395,315.96685206949263
1,335,12,499.0535357272001,342.2758609575184
1,319,2,585.0640500142529,603.8524520690094
2,322,8,285.09381594439697,181.0767688192312
1,311,8,448.15601692866284,376.53442134896676
2,322,1,285.09381594439697,181.0767688192312
2,314,1,353.458333423364,364.80908600814604
2,340,8,451.48042019331774,465.97899629662777
2,338,4,331.9206620084543,342.57976650811355
1,307,5,434.31089686703785,448.25810101827733
1,341,1,1427.4899479689955,3150.488339496453
1,339,10,464.7144744749313,319.3070687041528
2,322,4,285.09381594439697,181.0767688192312
2,336,2,128.24018213368137,121.95541796585943
2,336,9,128.24018213368137,121.95541796585943
2,312,10,306.3842375873037,221.78597622726863
1,319,7,585.0640500142529,603.8524520690094
1,313,8,502.6462627129982,376.2991422392019
2,338,2,331.9206620084543,342.57976650811355
1,319,3,585.0640500142529,603.8524520690094
1,321,10,509.35254567300507,525.7095931030856
2,320,10,427.293969111533,441.0158357807371
1,317,6,1570.031731385396,3500.28526902516
2,340,4,451.48042019331774,465.97899629662777
1,311,9,448.15601692866284,376.53442134896676
2,320,4,427.293969111533,441.0158357807371
1,311,15,684.5696235751695,878.5803164809224
1,319,5,585.0640500142529,603.8524520690094
2,320,5,427.293969111533,441.0158357807371
2,308,9,291.7352265837138,205.38262577695278
1,319,11,585.0640500142529,603.8524520690094
2,322,13,1014.2255668296779,2291.692009679947
1,307,1,434.31089686703785,448.25810101827733
1,341,9,446.9009465721139,308.78365827451034
2,344,1,103.05135437986958,75.88256002688195
1,343,10,139.13948367711504,193.5027552129977
1,370,5,99.81243973300317,67.79276225630751
1,374,6,110.46474743511676,85.15477471103793
1,343,11,83.30848814493794,69.36891224616899
2,375,7,136.3480156675713,85.29806113214586
2,356,13,234.70883254698123,389.8446948864812
2,356,1,106.82291240952544,80.75354394077111
1,374,10,110.46474743511676,85.15477471103793
1,368,9,124.60330254283339,102.93945391327867
1,353,7,102.76788342667561,69.96115525507763
2,344,9,103.05135437986958,75.88256002688195
1,357,10,152.98351443841656,157.9161315063849
2,373,7,372.0439471510186,835.6871721748364
1,353,12,102.76788342667561,69.96115525507763
1,357,3,152.98351443841656,157.9161315063849
1,357,1,152.98351443841656,157.9161315063849
1,366,2,112.53959682826049,116.16818869435211
1,343,3,83.30848814493794,69.36891224616899
2,365,11,88.00462355344678,63.985559563541756
1,368,1,124.60330254283339,102.93945391327867
1,372,14,182.75260878358023,255.3736822397262
1,353,10,102.76788342667561,69.96115525507763
2,354,6,76.57034918797956,67.46417010557582
2,354,11,76.57034918797956,67.46417010557582
2,367,4,491.212029361532,1097.7893831616273
1,357,6,152.98351443841656,157.9161315063849
1,374,4,110.46474743511676,85.15477471103793
1,343,13,139.13948367711504,193.5027552129977
1,355,3,112.80392309010472,76.95918357068659
2,352,7,132.42477962139336,136.6945254863661
2,356,11,234.70883254698123,389.8446948864812
1,345,5,121.53052444187952,78.54750815197664
1,368,7,124.60330254283339,102.93945391327867
1,368,4,124.60330254283339,102.93945391327867
2,344,3,235.1814640638057,395.2216668066768
2,354,13,108.2868262972844,134.92834021115164
2,356,9,106.82291240952544,80.75354394077111
2,356,12,106.82291240952544,80.75354394077111
2,371,9,110.0367646848337,75.86706853776235
2,352,4,132.42477962139336,136.6945254863661
2,371,4,110.0367646848337,75.86706853776235
2,365,3,88.00462355344678,63.985559563541756
2,344,7,103.05135437986958,75.88256002688195
2,369,3,101.58689483356154,104.8623409048416
2,352,3,132.42477962139336,136.6945254863661
1,357,5,152.98351443841656,157.9161315063849
1,368,14,195.34648034902747,253.007814437456
1,355,6,112.80392309010472,76.95918357068659
2,365,9,88.00462355344678,63.985559563541756
2,344,8,103.05135437986958,75.88256002688195
2,354,9,76.57034918797956,67.46417010557582
2,375,2,136.3480156675713,85.29806113214586
1,366,5,112.53959682826049,116.16818869435211
1,372,5,108.08611605282259,89.32824275875195
2,375,12,494.0434883636126,1119.880996154302
1,353,5,334.9143617822131,743.0357178815142
2,375,5,136.3480156675713,85.29806113214586
1,353,11,102.76788342667561,69.96115525507763
1,357,12,152.98351443841656,157.9161315063849
2,371,3,110.0367646848337,75.86706853776235
1,374,7,110.46474743511676,85.15477471103793
1,355,7,112.80392309010472,76.95918357068659
1,355,2,112.80392309010472,76.95918357068659
2,367,9,146.07705429295154,97.08341483742282
1,357,8,152.98351443841656,157.9161315063849
2,373,9,108.00833904587662,70.43196810943223
2,354,12,76.57034918797956,67.46417010557582
1,353,2,102.76788342667561,69.96115525507763
1,372,12,108.08611605282259,89.32824275875195
2,352,6,132.42477962139336,136.6945254863661
1,370,13,326.27699226796074,724.4140881102575
1,343,1,83.30848814493794,69.36891224616899
1,355,5,112.80392309010472,76.95918357068659
2,367,6,146.07705429295154,97.08341483742282
1,374,9,110.46474743511676,85.15477471103793
2,369,2,101.58689483356154,104.8623409048416
2,365,6,88.00462355344678,63.985559563541756
1,366,9,112.53959682826049,116.16818869435211
2,375,6,136.3480156675713,85.29806113214586
1,345,3,121.53052444187952,78.54750815197664
1,366,4,112.53959682826049,116.16818869435211
2,371,8,110.0367646848337,75.86706853776235
1,372,15,182.75260878358023,255.3736822397262
1,368,6,195.34648034902747,253.007814437456
1,374,1,110.46474743511676,85.15477471103793
2,371,6,110.0367646848337,75.86706853776235
2,371,7,110.0367646848337,75.86706853776235
1,345,2,121.53052444187952,78.54750815197664
1,370,1,99.81243973300317,67.79276225630751
1,355,11,112.80392309010472,76.95918357068659
2,367,11,146.07705429295154,97.08341483742282
2,369,7,101.58689483356154,104.8623409048416
1,353,1,102.76788342667561,69.96115525507763
2,369,1,101.58689483356154,104.8623409048416
1,353,4,102.76788342667561,69.96115525507763
2,373,4,108.00833904587662,70.43196810943223
2,365,1,88.00462355344678,63.985559563541756
1,345,11,121.53052444187952,78.54750815197664
2,356,4,106.82291240952544,80.75354394077111
1,372,4,108.08611605282259,89.32824275875195
2,375,8,136.3480156675713,85.29806113214586
1,370,4,99.81243973300317,67.79276225630751
2,354,15,108.2868262972844,134.92834021115164
1,357,7,152.98351443841656,157.9161315063849
1,366,3,112.53959682826049,116.16818869435211
1,370,7,99.81243973300317,67.79276225630751
2,344,6,235.1814640638057,395.2216668066768
2,354,10,76.57034918797956,67.46417010557582
1,345,8,121.53052444187952,78.54750815197664
2,344,12,103.05135437986958,75.88256002688195
1,355,1,112.80392309010472,76.95918357068659
2,354,8,76.57034918797956,67.46417010557582
2,375,9,136.3480156675713,85.29806113214586
1,372,9,108.08611605282259,89.32824275875195
1,355,9,112.80392309010472,76.95918357068659
2,371,1,110.0367646848337,75.86706853776235
1,353,8,102.76788342667561,69.96115525507763
2,344,10,103.05135437986958,75.88256002688195
1,357,9,152.98351443841656,157.9161315063849
2,344,4,103.05135437986958,75.88256002688195
2,373,12,108.00833904587662,70.43196810943223
1,357,11,152.98351443841656,157.9161315063849
2,369,10,101.58689483356154,104.8623409048416
2,352,9,132.42477962139336,136.6945254863661
2,375,10,136.3480156675713,85.29806113214586
2,373,10,108.00833904587662,70.43196810943223
2,369,9,101.58689483356154,104.8623409048416
1,366,11,112.53959682826049,116.16818869435211
1,343,12,83.30848814493794,69.36891224616899
1,345,7,121.53052444187952,78.54750815197664
1,370,9,99.81243973300317,67.79276225630751
1,343,4,139.13948367711504,193.5027552129977
2,369,12,101.58689483356154,104.8623409048416
2,373,8,108.00833904587662,70.43196810943223
1,357,4,152.98351443841656,157.9161315063849
2,373,5,108.00833904587662,70.43196810943223
1,345,4,121.53052444187952,78.54750815197664
1,370,12,99.81243973300317,67.79276225630751
1,372,8,108.08611605282259,89.32824275875195
1,343,9,83.30848814493794,69.36891224616899
1,372,7,108.08611605282259,89.32824275875195
1,357,2,152.98351443841656,157.9161315063849
1,368,10,124.60330254283339,102.93945391327867
1,355,12,112.80392309010472,76.95918357068659
2,367,5,146.07705429295154,97.08341483742282
2,373,11,108.00833904587662,70.43196810943223
2,356,3,106.82291240952544,80.75354394077111
2,352,2,132.42477962139336,136.6945254863661
1,374,14,235.68732227066403,387.6448699532324
2,373,1,108.00833904587662,70.43196810943223
1,370,11,99.81243973300317,67.79276225630751
2,369,5,101.58689483356154,104.8623409048416
2,365,10,204.44414305688048,345.3188928826063
2,356,10,106.82291240952544,80.75354394077111
1,370,3,99.81243973300317,67.79276225630751
2,365,5,88.00462355344678,63.985559563541756
2,367,1,146.07705429295154,97.08341483742282
2,373,3,108.00833904587662,70.43196810943223
2,371,12,110.0367646848337,75.86706853776235
1,345,1,423.2830027619944,952.8473418809876
2,344,11,103.05135437986958,75.88256002688195
1,345,9,121.53052444187952,78.54750815197664
2,369,8,101.58689483356154,104.8623409048416
1,353,6,102.76788342667561,69.96115525507763
2,356,7,106.82291240952544,80.75354394077111
1,343,7,83.30848814493794,69.36891224616899
2,367,10,146.07705429295154,97.08341483742282
2,367,3,146.07705429295154,97.08341483742282
2,371,2,110.0367646848337,75.86706853776235
1,343,2,83.30848814493794,69.36891224616899
1,355,8,112.80392309010472,76.95918357068659
2,371,14,274.4201355891689,471.8561579787658
1,370,2,99.81243973300317,67.79276225630751
1,366,8,112.53959682826049,116.16818869435211
2,352,1,132.42477962139336,136.6945254863661
2,352,5,132.42477962139336,136.6945254863661
2,373,2,108.00833904587662,70.43196810943223
2,367,8,146.07705429295154,97.08341483742282
1,370,10,99.81243973300317,67.79276225630751
1,374,12,110.46474743511676,85.15477471103793
2,371,5,110.0367646848337,75.86706853776235
1,345,10,121.53052444187952,78.54750815197664
1,366,7,112.53959682826049,116.16818869435211
1,368,5,124.60330254283339,102.93945391327867
1,368,11,124.60330254283339,102.93945391327867
1,355,4,112.80392309010472,76.95918357068659
1,353,9,102.76788342667561,69.96115525507763
1,368,3,195.34648034902747,253.007814437456
1,345,6,121.53052444187952,78.54750815197664
2,352,8,132.42477962139336,136.6945254863661
1,374,11,110.46474743511676,85.15477471103793
1,366,1,112.53959682826049,116.16818869435211
1,368,13,195.34648034902747,253.007814437456
2,356,8,106.82291240952544,80.75354394077111
2,369,11,101.58689483356154,104.8623409048416
2,365,4,88.00462355344678,63.985559563541756
2,367,12,146.07705429295154,97.08341483742282
2,356,6,106.82291240952544,80.75354394077111
2,367,7,146.07705429295154,97.08341483742282
2,375,4,136.3480156675713,85.29806113214586
2,375,11,136.3480156675713,85.29806113214586
2,352,11,132.42477962139336,136.6945254863661
2,352,10,132.42477962139336,136.6945254863661
1,355,13,366.5693613510448,812.6889785064502
2,375,3,136.3480156675713,85.29806113214586
2,365,8,88.00462355344678,63.985559563541756
2,354,2,108.2868262972844,134.92834021115164
1,368,8,124.60330254283339,102.93945391327867
2,367,2,146.07705429295154,97.08341483742282
2,369,6,101.58689483356154,104.8623409048416
1,374,2,110.46474743511676,85.15477471103793
2,354,7,76.57034918797956,67.46417010557582
2,356,5,106.82291240952544,80.75354394077111
1,370,8,99.81243973300317,67.79276225630751
2,354,14,108.2868262972844,134.92834021115164
2,354,3,76.57034918797956,67.46417010557582
2,365,12,88.00462355344678,63.985559563541756
2,375,1,136.3480156675713,85.29806113214586
1,353,3,102.76788342667561,69.96115525507763
1,366,10,112.53959682826049,116.16818869435211
2,365,2,88.00462355344678,63.985559563541756
1,372,1,108.08611605282259,89.32824275875195
1,343,8,83.30848814493794,69.36891224616899
1,374,13,235.68732227066403,387.6448699532324
1,372,6,108.08611605282259,89.32824275875195
1,374,8,110.46474743511676,85.15477471103793
1,345,12,121.53052444187952,78.54750815197664
2,352,12,132.42477962139336,136.6945254863661
2,371,13,274.4201355891689,471.8561579787658
2,344,2,103.05135437986958,75.88256002688195
2,365,7,204.44414305688048,345.3188928826063
1,343,6,83.30848814493794,69.36891224616899
2,344,5,103.05135437986958,75.88256002688195
2,369,4,101.58689483356154,104.8623409048416
1,366,12,112.53959682826049,116.16818869435211
1,366,6,112.53959682826049,116.16818869435211
1,372,13,182.75260878358023,255.3736822397262
2,373,6,108.00833904587662,70.43196810943223
1,372,2,108.08611605282259,89.32824275875195
1,348,8,274.869691590636,200.53408649731972
2,363,1,297.33501965822103,310.71955121340824
1,360,11,358.86513562109184,257.83642692786515
1,379,3,358.55918077224646,241.33494676902907
2,349,9,231.19957798889044,191.53201227497107
1,381,12,348.28131184058736,363.95918999221146
2,363,7,297.33501965822103,310.71955121340824
2,363,11,297.33501965822103,310.71955121340824
1,379,4,358.55918077224646,241.33494676902907
1,346,9,391.81647582066074,409.4540887412378
1,362,9,670.900782390681,465.7668520843011
2,380,5,426.6176740707504,445.82186242086175
1,358,11,411.05010366599475,429.55351806233654
1,377,10,290.89131408145926,219.96617850934064
2,351,5,257.76118519248854,183.35136347971113
2,378,3,303.34178773212443,316.99671386418413
1,346,8,391.81647582066074,409.4540887412378
2,351,10,257.76118519248854,183.35136347971113
2,380,11,426.6176740707504,445.82186242086175
1,346,6,391.81647582066074,409.4540887412378
1,350,2,291.83135611342493,252.1316705943855
1,358,10,411.05010366599475,429.55351806233654
2,380,8,426.6176740707504,445.82186242086175
1,377,7,290.89131408145926,219.96617850934064
2,380,1,426.6176740707504,445.82186242086175
2,349,8,231.19957798889044,191.53201227497107
2,380,12,426.6176740707504,445.82186242086175
1,364,3,357.4223703457785,241.2372145078144
2,378,7,303.34178773212443,316.99671386418413
2,349,13,447.7160576005778,718.2450460311416
2,351,1,257.76118519248854,183.35136347971113
1,381,6,348.28131184058736,363.95918999221146
1,350,5,435.0365001570447,560.2926013208566
2,349,11,231.19957798889044,191.53201227497107
2,376,1,185.36915285610195,117.78749905761899
1,379,6,1205.1694822666607,2726.4326418771393
2,359,11,219.6473099458315,171.42797486729359
1,364,2,1197.0771150747635,2705.983228525155
2,359,6,219.6473099458315,171.42797486729359
1,377,9,290.89131408145926,219.96617850934064
1,348,10,274.869691590636,200.53408649731972
2,349,3,231.19957798889044,191.53201227497107
1,381,9,348.28131184058736,363.95918999221146
1,350,1,435.0365001570447,560.2926013208566
2,376,9,185.36915285610195,117.78749905761899
1,379,10,358.55918077224646,241.33494676902907
2,359,7,219.6473099458315,171.42797486729359
2,382,2,401.2237648998724,419.2848468005723
2,359,3,219.6473099458315,171.42797486729359
1,360,12,358.86513562109184,257.83642692786515
1,364,6,357.4223703457785,241.2372145078144
2,380,3,426.6176740707504,445.82186242086175
1,362,6,670.900782390681,465.7668520843011
2,361,10,258.0001446867805,186.5453912863306
2,349,5,231.19957798889044,191.53201227497107
1,377,1,290.89131408145926,219.96617850934064
1,360,7,358.86513562109184,257.83642692786515
2,363,5,297.33501965822103,310.71955121340824
1,362,13,2165.246314340028,4851.394556665684
2,351,9,257.76118519248854,183.35136347971113
1,358,6,411.05010366599475,429.55351806233654
1,350,3,435.0365001570447,560.2926013208566
1,360,1,358.86513562109184,257.83642692786515
1,377,5,650.4527523503847,1099.8308925467034
1,346,11,391.81647582066074,409.4540887412378
1,362,5,670.900782390681,465.7668520843011
1,381,10,348.28131184058736,363.95918999221146
2,351,4,257.76118519248854,183.35136347971113
1,358,7,411.05010366599475,429.55351806233654
2,363,9,297.33501965822103,310.71955121340824
2,359,12,219.6473099458315,171.42797486729359
2,363,4,297.33501965822103,310.71955121340824
1,348,9,274.869691590636,200.53408649731972
1,381,3,348.28131184058736,363.95918999221146
1,350,8,291.83135611342493,252.1316705943855
1,358,5,411.05010366599475,429.55351806233654
1,381,5,348.28131184058736,363.95918999221146
2,382,1,401.2237648998724,419.2848468005723
1,362,3,670.900782390681,465.7668520843011
1,377,3,290.89131408145926,219.96617850934064
2,347,9,401.9385627689085,285.3489241003294
2,382,4,401.2237648998724,419.2848468005723
2,363,3,297.33501965822103,310.71955121340824
2,361,12,258.0001446867805,186.5453912863306
2,351,7,257.76118519248854,183.35136347971113
2,376,4,185.36915285610195,117.78749905761899
2,382,3,401.2237648998724,419.2848468005723
1,379,8,358.55918077224646,241.33494676902907
2,376,7,185.36915285610195,117.78749905761899
1,350,7,291.83135611342493,252.1316705943855
2,382,6,401.2237648998724,419.2848468005723
1,364,7,357.4223703457785,241.2372145078144
2,378,1,303.34178773212443,316.99671386418413
2,349,7,231.19957798889044,191.53201227497107
1,362,8,670.900782390681,465.7668520843011
1,350,9,291.83135611342493,252.1316705943855
1,348,4,274.869691590636,200.53408649731972
2,382,10,401.2237648998724,419.2848468005723
2,347,1,401.9385627689085,285.3489241003294
1,350,11,291.83135611342493,252.1316705943855
1,360,3,358.86513562109184,257.83642692786515
1,348,5,274.869691590636,200.53408649731972
2,363,8,297.33501965822103,310.71955121340824
1,364,10,357.4223703457785,241.2372145078144
2,380,10,426.6176740707504,445.82186242086175
2,382,5,401.2237648998724,419.2848468005723
1,364,1,357.4223703457785,241.2372145078144
2,359,8,219.6473099458315,171.42797486729359
1,346,1,391.81647582066074,409.4540887412378
2,376,3,185.36915285610195,117.78749905761899
1,362,2,670.900782390681,465.7668520843011
2,359,4,219.6473099458315,171.42797486729359
2,378,2,303.34178773212443,316.99671386418413
1,346,10,391.81647582066074,409.4540887412378
2,376,5,185.36915285610195,117.78749905761899
1,360,2,358.86513562109184,257.83642692786515
2,382,11,401.2237648998724,419.2848468005723
2,382,8,401.2237648998724,419.2848468005723
2,382,7,401.2237648998724,419.2848468005723
2,376,13,669.034119205903,1534.3371587768788
2,378,9,303.34178773212443,316.99671386418413
2,361,7,258.0001446867805,186.5453912863306
1,381,11,348.28131184058736,363.95918999221146
1,358,1,411.05010366599475,429.55351806233654
2,380,9,426.6176740707504,445.82186242086175
2,376,2,185.36915285610195,117.78749905761899
1,379,11,358.55918077224646,241.33494676902907
2,359,5,219.6473099458315,171.42797486729359
1,379,7,358.55918077224646,241.33494676902907
2,378,12,303.34178773212443,316.99671386418413
2,378,10,303.34178773212443,316.99671386418413
1,379,5,358.55918077224646,241.33494676902907
2,378,4,303.34178773212443,316.99671386418413
1,346,3,391.81647582066074,409.4540887412378
1,377,4,290.89131408145926,219.96617850934064
1,377,2,290.89131408145926,219.96617850934064
1,348,1,274.869691590636,200.53408649731972
1,381,7,348.28131184058736,363.95918999221146
2,380,2,426.6176740707504,445.82186242086175
1,362,10,670.900782390681,465.7668520843011
1,350,6,291.83135611342493,252.1316705943855
1,350,10,291.83135611342493,252.1316705943855
2,382,12,401.2237648998724,419.2848468005723
1,377,13,650.4527523503847,1099.8308925467034
2,347,7,401.9385627689085,285.3489241003294
1,360,10,358.86513562109184,257.83642692786515
2,351,2,257.76118519248854,183.35136347971113
1,346,2,391.81647582066074,409.4540887412378
1,360,4,358.86513562109184,257.83642692786515
2,351,13,804.7284156681194,1787.095568093387
2,361,5,258.0001446867805,186.5453912863306
2,349,10,231.19957798889044,191.53201227497107
2,363,12,297.33501965822103,310.71955121340824
2,363,10,297.33501965822103,310.71955121340824
2,363,6,297.33501965822103,310.71955121340824
2,363,2,297.33501965822103,310.71955121340824
1,377,8,290.89131408145926,219.96617850934064
1,362,7,670.900782390681,465.7668520843011
1,348,3,274.869691590636,200.53408649731972
2,361,9,258.0001446867805,186.5453912863306
2,361,8,258.0001446867805,186.5453912863306
1,360,13,1104.7523795482323,2443.495984424076
1,379,2,358.55918077224646,241.33494676902907
1,360,9,358.86513562109184,257.83642692786515
2,361,2,258.0001446867805,186.5453912863306
1,381,8,348.28131184058736,363.95918999221146
2,359,2,219.6473099458315,171.42797486729359
1,358,12,411.05010366599475,429.55351806233654
1,362,12,670.900782390681,465.7668520843011
1,358,9,411.05010366599475,429.55351806233654
1,358,8,411.05010366599475,429.55351806233654
1,358,4,411.05010366599475,429.55351806233654
1,358,3,411.05010366599475,429.55351806233654
1,362,1,670.900782390681,465.7668520843011
2,382,9,401.2237648998724,419.2848468005723
2,380,7,426.6176740707504,445.82186242086175
2,347,8,401.9385627689085,285.3489241003294
2,378,5,303.34178773212443,316.99671386418413
1,381,2,348.28131184058736,363.95918999221146
2,347,12,401.9385627689085,285.3489241003294
1,364,11,357.4223703457785,241.2372145078144
2,376,8,185.36915285610195,117.78749905761899
2,351,3,257.76118519248854,183.35136347971113
2,359,9,468.58972777416363,780.2170651011439
2,378,8,303.34178773212443,316.99671386418413
1,350,4,435.0365001570447,560.2926013208566
1,348,6,827.8176825148528,1818.8793459493736
2,349,12,231.19957798889044,191.53201227497107
2,349,6,447.7160576005778,718.2450460311416
1,348,12,274.869691590636,200.53408649731972
1,348,11,274.869691590636,200.53408649731972
1,348,7,274.869691590636,200.53408649731972
1,364,4,357.4223703457785,241.2372145078144
2,361,4,258.0001446867805,186.5453912863306
2,361,3,258.0001446867805,186.5453912863306
1,379,1,358.55918077224646,241.33494676902907
2,347,11,401.9385627689085,285.3489241003294
1,377,6,290.89131408145926,219.96617850934064
1,379,12,358.55918077224646,241.33494676902907
2,351,11,257.76118519248854,183.35136347971113
1,364,12,357.4223703457785,241.2372145078144
2,376,6,185.36915285610195,117.78749905761899
1,381,4,348.28131184058736,363.95918999221146
2,359,13,468.58972777416363,780.2170651011439
1,364,8,357.4223703457785,241.2372145078144
2,378,6,303.34178773212443,316.99671386418413
2,380,6,426.6176740707504,445.82186242086175
1,358,2,411.05010366599475,429.55351806233654
1,381,1,348.28131184058736,363.95918999221146
1,350,12,291.83135611342493,252.1316705943855
2,361,6,258.0001446867805,186.5453912863306
2,351,8,257.76118519248854,183.35136347971113
2,347,4,401.9385627689085,285.3489241003294
1,360,6,358.86513562109184,257.83642692786515
2,359,1,219.6473099458315,171.42797486729359
1,346,12,391.81647582066074,409.4540887412378
1,346,4,391.81647582066074,409.4540887412378
2,351,6,257.76118519248854,183.35136347971113
1,364,9,357.4223703457785,241.2372145078144
1,346,7,391.81647582066074,409.4540887412378
2,380,4,426.6176740707504,445.82186242086175
2,376,12,185.36915285610195,117.78749905761899
1,377,12,290.89131408145926,219.96617850934064
2,349,1,231.19957798889044,191.53201227497107
2,347,10,401.9385627689085,285.3489241003294
1,364,5,357.4223703457785,241.2372145078144
2,376,11,185.36915285610195,117.78749905761899
1,360,5,358.86513562109184,257.83642692786515
2,347,6,401.9385627689085,285.3489241003294
1,379,9,358.55918077224646,241.33494676902907
2,347,2,401.9385627689085,285.3489241003294
1,348,2,274.869691590636,200.53408649731972
1,346,5,391.81647582066074,409.4540887412378
2,361,13,787.1200198614205,1736.3071035112312
1,362,11,670.900782390681,465.7668520843011
2,349,2,231.19957798889044,191.53201227497107
2,347,13,1258.2667287817837,2796.4194561832282
2,347,3,401.9385627689085,285.3489241003294
2,378,11,303.34178773212443,316.99671386418413
2,361,1,258.0001446867805,186.5453912863306
2,386,10,58.53492632561695,48.81121426087875
1,385,7,70.67156206777602,54.735152550920176
2,386,13,87.97438258075422,110.255919271632
2,386,2,58.53492632561695,48.81121426087875
2,407,7,71.82240157601072,47.384857384318884
2,386,15,87.97438258075422,110.255919271632
1,385,14,128.53080937427455,181.04704305304367
2,388,11,87.89189450544424,89.10673247434111
2,403,3,124.41344511755248,126.1330823812675
2,407,12,71.82240157601072,47.384857384318884
1,402,14,156.53178257440402,258.76723284499786
1,389,3,88.84587252593899,72.44889148086084
1,385,4,70.67156206777602,54.735152550920176
2,417,10,90.60459741822095,60.80272332038622
2,407,1,71.82240157601072,47.384857384318884
1,416,8,131.06520717953788,132.87678481111547
2,417,11,90.60459741822095,60.80272332038622
1,387,6,81.77767575723942,82.90800325873478
1,408,3,60.56925249922643,51.303279528168375
2,417,13,293.8376221673268,639.4953093082727
1,385,1,70.67156206777602,54.735152550920176
2,409,3,84.62624501438563,85.79594531709418
2,407,9,71.82240157601072,47.384857384318884
1,387,9,81.77767575723942,82.90800325873478
2,384,13,113.69310734607386,186.880834395288
2,417,6,90.60459741822095,60.80272332038622
2,384,6,50.50948840904315,36.884375209596314
1,408,16,88.77370152002032,110.2070449123617
2,405,9,91.0405682449721,92.29892704627305
1,416,1,131.06520717953788,132.87678481111547
1,387,8,81.77767575723942,82.90800325873478
2,403,11,124.41344511755248,126.1330823812675
2,409,12,84.62624501438563,85.79594531709418
2,386,9,58.53492632561695,48.81121426087875
1,406,2,140.23248463503444,92.1060987146095
2,403,10,124.41344511755248,126.1330823812675
1,385,2,70.67156206777602,54.735152550920176
1,404,3,68.15323439927208,55.428780827801305
2,407,3,71.82240157601072,47.384857384318884
2,384,10,113.69310734607386,186.880834395288
1,406,13,363.4903366832277,618.8378507387825
1,404,2,68.15323439927208,55.428780827801305
1,389,7,88.84587252593899,72.44889148086084
1,383,1,143.6710760779196,112.9665656123661
1,383,15,255.40763009599908,357.0088409428974
1,406,4,140.23248463503444,92.1060987146095
1,387,10,81.77767575723942,82.90800325873478
2,403,1,124.41344511755248,126.1330823812675
1,389,15,138.2417975077285,175.40257937471574
2,417,2,90.60459741822095,60.80272332038622
2,388,12,87.89189450544424,89.10673247434111
1,387,7,81.77767575723942,82.90800325873478
1,383,2,143.6710760779196,112.9665656123661
2,384,1,50.50948840904315,36.884375209596314
2,384,8,50.50948840904315,36.884375209596314
2,405,6,91.0405682449721,92.29892704627305
1,408,14,88.77370152002032,110.2070449123617
2,388,4,87.89189450544424,89.10673247434111
1,402,5,68.21553190666529,49.14402909493238
1,402,10,68.21553190666529,49.14402909493238
1,389,1,88.84587252593899,72.44889148086084
1,387,2,81.77767575723942,82.90800325873478
1,408,15,88.77370152002032,110.2070449123617
2,409,6,84.62624501438563,85.79594531709418
2,409,8,84.62624501438563,85.79594531709418
1,404,14,112.18058266714357,150.1750435227897
2,409,2,84.62624501438563,85.79594531709418
1,383,12,143.6710760779196,112.9665656123661
2,407,8,71.82240157601072,47.384857384318884
1,406,5,140.23248463503444,92.1060987146095
1,408,7,60.56925249922643,51.303279528168375
1,383,5,143.6710760779196,112.9665656123661
1,416,11,131.06520717953788,132.87678481111547
2,417,5,90.60459741822095,60.80272332038622
1,387,4,81.77767575723942,82.90800325873478
1,416,12,131.06520717953788,132.87678481111547
2,417,8,90.60459741822095,60.80272332038622
1,416,6,131.06520717953788,132.87678481111547
2,409,1,84.62624501438563,85.79594531709418
1,408,6,60.56925249922643,51.303279528168375
1,406,8,140.23248463503444,92.1060987146095
2,407,5,238.2079575698579,521.2334312275077
1,387,1,81.77767575723942,82.90800325873478
1,416,9,131.06520717953788,132.87678481111547
1,402,8,68.21553190666529,49.14402909493238
1,389,6,88.84587252593899,72.44889148086084
1,383,8,143.6710760779196,112.9665656123661
2,407,4,71.82240157601072,47.384857384318884
1,402,13,156.53178257440402,258.76723284499786
1,406,11,140.23248463503444,92.1060987146095
2,386,12,58.53492632561695,48.81121426087875
2,407,2,71.82240157601072,47.384857384318884
2,386,5,58.53492632561695,48.81121426087875
2,417,12,90.60459741822095,60.80272332038622
1,385,3,70.67156206777602,54.735152550920176
1,385,6,70.67156206777602,54.735152550920176
2,403,2,124.41344511755248,126.1330823812675
1,385,8,70.67156206777602,54.735152550920176
2,405,1,91.0405682449721,92.29892704627305
2,405,8,91.0405682449721,92.29892704627305
2,405,11,91.0405682449721,92.29892704627305
1,383,10,143.6710760779196,112.9665656123661
2,405,7,91.0405682449721,92.29892704627305
2,384,5,50.50948840904315,36.884375209596314
2,384,3,50.50948840904315,36.884375209596314
2,405,12,91.0405682449721,92.29892704627305
1,406,1,140.23248463503444,92.1060987146095
1,383,13,255.40763009599908,357.0088409428974
1,385,11,128.53080937427455,181.04704305304367
1,406,6,140.23248463503444,92.1060987146095
1,416,10,131.06520717953788,132.87678481111547
2,388,7,87.89189450544424,89.10673247434111
2,403,5,124.41344511755248,126.1330823812675
1,404,9,68.15323439927208,55.428780827801305
2,388,1,87.89189450544424,89.10673247434111
1,408,13,88.77370152002032,110.2070449123617
2,417,1,90.60459741822095,60.80272332038622
2,388,10,87.89189450544424,89.10673247434111
1,402,4,68.21553190666529,49.14402909493238
1,389,8,88.84587252593899,72.44889148086084
2,403,4,124.41344511755248,126.1330823812675
1,389,14,138.2417975077285,175.40257937471574
1,416,4,131.06520717953788,132.87678481111547
1,416,2,131.06520717953788,132.87678481111547
1,404,7,68.15323439927208,55.428780827801305
1,408,9,60.56925249922643,51.303279528168375
1,404,1,68.15323439927208,55.428780827801305
2,403,6,124.41344511755248,126.1330823812675
2,403,9,124.41344511755248,126.1330823812675
2,403,8,124.41344511755248,126.1330823812675
2,388,6,87.89189450544424,89.10673247434111
1,402,7,68.21553190666529,49.14402909493238
1,402,6,68.21553190666529,49.14402909493238
2,401,9,64.54215912343194,47.08646868776234
2,403,12,124.41344511755248,126.1330823812675
2,401,4,64.54215912343194,47.08646868776234
1,402,2,68.21553190666529,49.14402909493238
2,401,11,64.54215912343194,47.08646868776234
1,387,12,81.77767575723942,82.90800325873478
2,386,8,87.97438258075422,110.255919271632
2,401,5,64.54215912343194,47.08646868776234
2,417,7,90.60459741822095,60.80272332038622
1,389,2,88.84587252593899,72.44889148086084
2,401,2,64.54215912343194,47.08646868776234
1,408,5,60.56925249922643,51.303279528168375
2,417,9,90.60459741822095,60.80272332038622
2,409,9,84.62624501438563,85.79594531709418
2,384,4,50.50948840904315,36.884375209596314
1,406,14,363.4903366832277,618.8378507387825
2,384,7,50.50948840904315,36.884375209596314
2,409,5,84.62624501438563,85.79594531709418
1,383,7,143.6710760779196,112.9665656123661
2,409,11,84.62624501438563,85.79594531709418
1,383,6,143.6710760779196,112.9665656123661
1,383,14,255.40763009599908,357.0088409428974
1,406,10,140.23248463503444,92.1060987146095
2,405,2,91.0405682449721,92.29892704627305
1,416,7,131.06520717953788,132.87678481111547
1,416,5,131.06520717953788,132.87678481111547
2,407,11,71.82240157601072,47.384857384318884
1,408,1,60.56925249922643,51.303279528168375
2,388,2,87.89189450544424,89.10673247434111
2,405,10,91.0405682449721,92.29892704627305
1,383,11,143.6710760779196,112.9665656123661
2,405,3,91.0405682449721,92.29892704627305
2,388,3,87.89189450544424,89.10673247434111
2,386,11,58.53492632561695,48.81121426087875
1,389,13,138.2417975077285,175.40257937471574
1,404,6,68.15323439927208,55.428780827801305
2,401,3,64.54215912343194,47.08646868776234
1,402,11,68.21553190666529,49.14402909493238
1,406,9,140.23248463503444,92.1060987146095
1,404,5,68.15323439927208,55.428780827801305
2,388,9,87.89189450544424,89.10673247434111
1,385,13,128.53080937427455,181.04704305304367
2,407,10,71.82240157601072,47.384857384318884
1,389,10,88.84587252593899,72.44889148086084
1,404,13,112.18058266714357,150.1750435227897
1,408,11,60.56925249922643,51.303279528168375
1,385,5,70.67156206777602,54.735152550920176
2,388,8,87.89189450544424,89.10673247434111
1,402,3,68.21553190666529,49.14402909493238
2,384,9,50.50948840904315,36.884375209596314
2,386,4,58.53492632561695,48.81121426087875
1,385,9,70.67156206777602,54.735152550920176
2,405,5,91.0405682449721,92.29892704627305
2,401,7,64.54215912343194,47.08646868776234
2,401,1,64.54215912343194,47.08646868776234
2,409,7,84.62624501438563,85.79594531709418
2,388,5,87.89189450544424,89.10673247434111
2,409,4,84.62624501438563,85.79594531709418
2,401,12,64.54215912343194,47.08646868776234
2,403,7,124.41344511755248,126.1330823812675
2,405,4,91.0405682449721,92.29892704627305
2,417,3,90.60459741822095,60.80272332038622
1,389,12,88.84587252593899,72.44889148086084
1,387,11,81.77767575723942,82.90800325873478
2,409,10,84.62624501438563,85.79594531709418
2,407,6,71.82240157601072,47.384857384318884
2,401,13,145.47987588683537,239.229639300728
2,386,14,87.97438258075422,110.255919271632
1,406,7,140.23248463503444,92.1060987146095
1,404,11,68.15323439927208,55.428780827801305
1,387,3,81.77767575723942,82.90800325873478
2,384,2,50.50948840904315,36.884375209596314
2,401,14,145.47987588683537,239.229639300728
1,389,5,138.2417975077285,175.40257937471574
2,386,3,58.53492632561695,48.81121426087875
1,408,4,60.56925249922643,51.303279528168375
1,404,4,112.18058266714357,150.1750435227897
2,384,12,50.50948840904315,36.884375209596314
1,402,1,68.21553190666529,49.14402909493238
2,401,6,64.54215912343194,47.08646868776234
1,387,5,81.77767575723942,82.90800325873478
1,416,3,131.06520717953788,132.87678481111547
2,414,7,279.72249694437653,199.08908725681044
2,420,2,268.8554501353012,285.59440149423943
2,393,9,308.25040698643613,224.5629675313991
1,396,1,356.7505011410728,378.9618019827407
2,418,11,416.0184333672555,441.9197581016125
2,412,5,564.2236406684602,957.9088307388037
1,419,10,343.1608651243717,249.24602312224536
2,412,11,262.0996293522956,206.70664242258394
2,391,5,373.41034741014056,396.6588909642214
2,397,5,290.0008097823438,205.62053924606934
2,399,4,396.44786714866444,421.13072762709874
1,400,11,306.2462012000361,211.6993465621635
2,399,12,396.44786714866444,421.13072762709874
1,398,12,327.37996445325507,226.30852001010956
1,394,4,275.1849909380617,233.0774708947006
1,400,5,306.2462012000361,211.6993465621635
1,398,7,327.37996445325507,226.30852001010956
2,395,3,305.289132630272,324.2964465565429
1,415,6,386.30283098388014,410.3540610943545
2,410,10,221.10723829061905,171.8741113392856
2,420,11,268.8554501353012,285.59440149423943
2,412,9,564.2236406684602,957.9088307388037
2,412,12,262.0996293522956,206.70664242258394
2,393,10,308.25040698643613,224.5629675313991
2,399,6,396.44786714866444,421.13072762709874
1,394,8,275.1849909380617,233.0774708947006
1,415,12,386.30283098388014,410.3540610943545
2,410,8,221.10723829061905,171.8741113392856
1,390,7,393.79415931582355,418.31179983568006
1,411,5,385.1871352899989,409.1689021407853
2,420,7,268.8554501353012,285.59440149423943
1,398,11,327.37996445325507,226.30852001010956
1,419,12,343.1608651243717,249.24602312224536
1,398,4,327.37996445325507,226.30852001010956
2,412,3,262.0996293522956,206.70664242258394
2,412,4,262.0996293522956,206.70664242258394
1,413,4,377.3842556945054,400.88021494145534
1,396,5,356.7505011410728,378.9618019827407
1,411,11,385.1871352899989,409.1689021407853
2,391,4,373.41034741014056,396.6588909642214
1,394,12,275.1849909380617,233.0774708947006
1,400,10,306.2462012000361,211.6993465621635
2,391,1,373.41034741014056,396.6588909642214
1,398,6,327.37996445325507,226.30852001010956
1,396,7,356.7505011410728,378.9618019827407
1,415,5,386.30283098388014,410.3540610943545
2,410,14,486.3710790848727,831.648925835253
2,393,7,952.2951022579142,2143.255381292324
2,410,6,221.10723829061905,171.8741113392856
2,399,3,396.44786714866444,421.13072762709874
2,418,3,416.0184333672555,441.9197581016125
2,395,10,305.289132630272,324.2964465565429
1,400,4,306.2462012000361,211.6993465621635
1,392,1,354.7452863938842,241.91110902923077
2,399,5,396.44786714866444,421.13072762709874
1,415,9,386.30283098388014,410.3540610943545
1,415,11,386.30283098388014,410.3540610943545
1,392,10,354.7452863938842,241.91110902923077
1,392,11,354.7452863938842,241.91110902923077
2,395,11,305.289132630272,324.2964465565429
2,391,9,373.41034741014056,396.6588909642214
1,390,1,393.79415931582355,418.31179983568006
2,420,10,268.8554501353012,285.59440149423943
1,419,2,343.1608651243717,249.24602312224536
1,394,1,468.4017390669436,675.2860971812215
1,390,2,393.79415931582355,418.31179983568006
2,397,8,290.0008097823438,205.62053924606934
1,419,7,343.1608651243717,249.24602312224536
2,395,5,305.289132630272,324.2964465565429
1,390,11,393.79415931582355,418.31179983568006
2,414,3,279.72249694437653,199.08908725681044
2,399,10,396.44786714866444,421.13072762709874
1,411,12,385.1871352899989,409.1689021407853
1,398,9,327.37996445325507,226.30852001010956
2,410,3,221.10723829061905,171.8741113392856
1,396,8,356.7505011410728,378.9618019827407
1,396,10,356.7505011410728,378.9618019827407
2,420,12,268.8554501353012,285.59440149423943
2,418,8,416.0184333672555,441.9197581016125
2,391,6,373.41034741014056,396.6588909642214
1,400,1,306.2462012000361,211.6993465621635
1,415,2,386.30283098388014,410.3540610943545
2,414,9,279.72249694437653,199.08908725681044
2,395,1,305.289132630272,324.2964465565429
2,414,8,279.72249694437653,199.08908725681044
1,394,9,275.1849909380617,233.0774708947006
2,414,11,279.72249694437653,199.08908725681044
2,395,12,305.289132630272,324.2964465565429
2,393,6,308.25040698643613,224.5629675313991
1,419,5,343.1608651243717,249.24602312224536
2,391,8,373.41034741014056,396.6588909642214
1,394,7,275.1849909380617,233.0774708947006
1,396,6,356.7505011410728,378.9618019827407
2,397,10,290.0008097823438,205.62053924606934
2,397,9,930.0192066297805,2114.7153020022574
1,415,1,386.30283098388014,410.3540610943545
2,399,7,396.44786714866444,421.13072762709874
2,410,2,221.10723829061905,171.8741113392856
1,413,5,377.3842556945054,400.88021494145534
2,399,9,396.44786714866444,421.13072762709874
1,396,9,356.7505011410728,378.9618019827407
2,393,8,308.25040698643613,224.5629675313991
1,411,4,385.1871352899989,409.1689021407853
2,410,12,221.10723829061905,171.8741113392856
2,399,8,396.44786714866444,421.13072762709874
1,390,8,393.79415931582355,418.31179983568006
2,397,7,290.0008097823438,205.62053924606934
2,414,13,892.4464828004626,2026.5486195394735
1,415,8,386.30283098388014,410.3540610943545
2,418,2,416.0184333672555,441.9197581016125
2,412,6,262.0996293522956,206.70664242258394
1,392,9,354.7452863938842,241.91110902923077
2,397,12,290.0008097823438,205.62053924606934
1,400,7,306.2462012000361,211.6993465621635
2,393,12,308.25040698643613,224.5629675313991
2,414,10,279.72249694437653,199.08908725681044
2,418,6,416.0184333672555,441.9197581016125
2,412,10,262.0996293522956,206.70664242258394
2,391,11,373.41034741014056,396.6588909642214
2,410,5,221.10723829061905,171.8741113392856
1,411,6,385.1871352899989,409.1689021407853
2,399,1,396.44786714866444,421.13072762709874
1,411,9,385.1871352899989,409.1689021407853
1,398,8,1085.7965059713354,2489.3937201112053
1,400,9,306.2462012000361,211.6993465621635
2,412,7,262.0996293522956,206.70664242258394
1,400,2,306.2462012000361,211.6993465621635
1,413,6,377.3842556945054,400.88021494145534
2,397,2,290.0008097823438,205.62053924606934
1,413,9,377.3842556945054,400.88021494145534
1,398,5,327.37996445325507,226.30852001010956
1,413,11,377.3842556945054,400.88021494145534
2,391,2,373.41034741014056,396.6588909642214
2,420,6,268.8554501353012,285.59440149423943
2,414,6,279.72249694437653,199.08908725681044
1,415,7,386.30283098388014,410.3540610943545
2,412,1,262.0996293522956,206.70664242258394
2,420,3,268.8554501353012,285.59440149423943
1,419,13,1064.6285860673345,2398.9929725516113
1,390,3,393.79415931582355,418.31179983568006
1,419,9,343.1608651243717,249.24602312224536
1,419,6,343.1608651243717,249.24602312224536
2,395,9,305.289132630272,324.2964465565429
1,392,12,1197.3826457820196,2756.0587064401643
1,413,12,377.3842556945054,400.88021494145534
1,419,4,343.1608651243717,249.24602312224536
1,400,12,1015.7037428522074,2328.692812183798
2,418,10,416.0184333672555,441.9197581016125
2,418,9,416.0184333672555,441.9197581016125
1,396,12,356.7505011410728,378.9618019827407
1,398,1,327.37996445325507,226.30852001010956
2,391,10,373.41034741014056,396.6588909642214
2,393,4,308.25040698643613,224.5629675313991
1,392,8,354.7452863938842,241.91110902923077
1,400,6,306.2462012000361,211.6993465621635
2,414,4,279.72249694437653,199.08908725681044
2,418,12,416.0184333672555,441.9197581016125
1,400,8,306.2462012000361,211.6993465621635
1,390,12,393.79415931582355,418.31179983568006
1,394,6,468.4017390669436,675.2860971812215
2,397,11,290.0008097823438,205.62053924606934
1,413,3,377.3842556945054,400.88021494145534
2,410,4,221.10723829061905,171.8741113392856
2,397,6,290.0008097823438,205.62053924606934
2,397,3,290.0008097823438,205.62053924606934
1,396,11,356.7505011410728,378.9618019827407
1,396,4,356.7505011410728,378.9618019827407
1,396,3,356.7505011410728,378.9618019827407
2,391,12,373.41034741014056,396.6588909642214
2,395,8,305.289132630272,324.2964465565429
2,395,4,305.289132630272,324.2964465565429
2,395,2,305.289132630272,324.2964465565429
1,394,11,275.1849909380617,233.0774708947006
2,412,2,262.0996293522956,206.70664242258394
1,392,7,354.7452863938842,241.91110902923077
1,392,5,354.7452863938842,241.91110902923077
1,392,2,354.7452863938842,241.91110902923077
2,391,3,373.41034741014056,396.6588909642214
1,398,3,327.37996445325507,226.30852001010956
1,390,4,393.79415931582355,418.31179983568006
2,414,12,279.72249694437653,199.08908725681044
2,418,4,416.0184333672555,441.9197581016125
2,393,1,308.25040698643613,224.5629675313991
2,395,7,305.289132630272,324.2964465565429
2,393,11,308.25040698643613,224.5629675313991
1,392,4,354.7452863938842,241.91110902923077
2,414,2,279.72249694437653,199.08908725681044
1,413,1,377.3842556945054,400.88021494145534
2,420,9,268.8554501353012,285.59440149423943
2,393,2,308.25040698643613,224.5629675313991
2,420,1,268.8554501353012,285.59440149423943
1,390,6,393.79415931582355,418.31179983568006
1,394,5,275.1849909380617,233.0774708947006
2,397,1,290.0008097823438,205.62053924606934
1,411,1,385.1871352899989,409.1689021407853
1,413,7,377.3842556945054,400.88021494145534
2,395,6,305.289132630272,324.2964465565429
2,420,5,268.8554501353012,285.59440149423943
2,418,5,416.0184333672555,441.9197581016125
1,411,10,385.1871352899989,409.1689021407853
1,415,4,386.30283098388014,410.3540610943545
1,419,8,343.1608651243717,249.24602312224536
1,411,7,385.1871352899989,409.1689021407853
2,410,1,221.10723829061905,171.8741113392856
2,410,11,221.10723829061905,171.8741113392856
1,390,10,393.79415931582355,418.31179983568006
2,412,8,262.0996293522956,206.70664242258394
1,390,5,393.79415931582355,418.31179983568006
2,399,2,396.44786714866444,421.13072762709874
1,398,10,327.37996445325507,226.30852001010956
1,413,8,377.3842556945054,400.88021494145534
1,413,10,377.3842556945054,400.88021494145534
1,411,3,385.1871352899989,409.1689021407853
2,399,11,396.44786714866444,421.13072762709874
2,414,5,279.72249694437653,199.08908725681044
2,393,5,308.25040698643613,224.5629675313991
1,415,10,386.30283098388014,410.3540610943545
1,411,2,385.1871352899989,409.1689021407853
2,397,4,290.0008097823438,205.62053924606934
2,410,13,486.3710790848727,831.648925835253
1,413,2,377.3842556945054,400.88021494145534
1,415,3,386.30283098388014,410.3540610943545
1,394,10,275.1849909380617,233.0774708947006
2,418,7,416.0184333672555,441.9197581016125
1,394,2,275.1849909380617,233.0774708947006
1,396,2,356.7505011410728,378.9618019827407
1,390,9,393.79415931582355,418.31179983568006
1,411,8,385.1871352899989,409.1689021407853
1,419,11,343.1608651243717,249.24602312224536
2,391,7,373.41034741014056,396.6588909642214
1,392,3,354.7452863938842,241.91110902923077
2,420,4,268.8554501353012,285.59440149423943
2,420,8,268.8554501353012,285.59440149423943
1,392,6,354.7452863938842,241.91110902923077
2,418,1,416.0184333672555,441.9197581016125
1,400,3,306.2462012000361,211.6993465621635
2,393,3,308.25040698643613,224.5629675313991
1,419,1,343.1608651243717,249.24602312224536
1,398,2,327.37996445325507,226.30852001010956
1,394,3,468.4017390669436,675.2860971812215
