grappe,menage,vague,s00q01,s00q04,poids,strat
2,59,1,1,1,471.4674863183153,11
35,69,1,1,1,407.88299576401954,11
33,141,1,1,1,261.02333809267867,11
19,94,1,1,1,285.68983929833905,11
19,113,1,1,1,285.68983929833905,11
21,23,1,1,1,267.00915587229,11
2,49,1,1,1,471.4674863183153,11
2,69,1,1,1,471.4674863183153,11
2,38,1,1,1,471.4674863183153,11
35,50,1,1,1,407.88299576401954,11
2,28,1,1,1,471.4674863183153,11
35,207,1,1,1,407.88299576401954,11
33,110,1,1,1,261.02333809267867,11
33,34,1,1,1,261.02333809267867,11
35,109,1,1,1,407.88299576401954,11
19,56,1,1,1,285.68983929833905,11
21,97,1,1,1,267.00915587229,11
19,189,1,1,1,285.68983929833905,11
2,120,1,1,1,471.4674863183153,11
33,65,1,1,1,261.02333809267867,11
19,18,1,1,1,285.68983929833905,11
33,126,1,1,1,261.02333809267867,11
2,90,1,1,1,471.4674863183153,11
21,6,1,1,1,267.00915587229,11
19,283,1,1,1,720.2713566386776,11
21,114,1,1,1,267.00915587229,11
35,89,1,1,1,407.88299576401954,11
33,171,1,1,1,261.02333809267867,11
2,110,1,1,1,471.4674863183153,11
21,78,1,1,1,267.00915587229,11
35,148,1,1,1,407.88299576401954,11
19,151,1,1,1,285.68983929833905,11
19,170,1,1,1,285.68983929833905,11
21,88,1,1,1,267.00915587229,11
33,80,1,1,1,261.02333809267867,11
19,208,1,1,1,285.68983929833905,11
33,49,1,1,1,261.02333809267867,11
19,264,1,1,1,720.2713566386776,11
19,132,1,1,1,285.68983929833905,11
21,4,1,1,1,267.00915587229,11
35,167,1,1,1,407.88299576401954,11
21,13,1,1,1,267.00915587229,11
19,75,1,1,1,285.68983929833905,11
21,42,1,1,1,267.00915587229,11
2,79,1,1,1,471.4674863183153,11
35,128,1,1,1,407.88299576401954,11
35,30,1,1,1,407.88299576401954,11
35,10,1,1,1,407.88299576401954,11
33,19,1,1,1,261.02333809267867,11
33,95,1,1,1,261.02333809267867,11
35,187,1,1,1,407.88299576401954,11
2,8,1,1,1,471.4674863183153,11
21,51,1,1,1,267.00915587229,11
33,156,1,1,1,261.02333809267867,11
21,106,1,1,1,267.00915587229,11
33,4,1,1,1,261.02333809267867,11
2,100,1,1,1,471.4674863183153,11
35,226,1,1,1,407.88299576401954,11
21,41,1,1,1,267.00915587229,11
2,18,1,1,1,471.4674863183153,11
40,111,1,1,2,364.3514864799913,11
25,39,1,1,2,267.1603953284362,11
7,32,1,1,2,412.977623823859,11
27,69,1,1,2,242.18013011103523,11
31,32,1,1,2,228.79391321523912,11
25,86,1,1,2,267.1603953284362,11
3,41,1,1,2,314.6656252572995,11
14,51,1,1,2,190.0144209856384,11
29,30,1,1,2,211.30202049694637,11
37,33,1,1,2,203.16087673759912,11
23,13,1,1,2,471.36738108950686,11
3,92,1,1,2,314.6656252572995,11
27,47,1,1,2,242.18013011103523,11
29,11,1,1,2,211.30202049694637,11
5,46,1,1,2,264.9998510311054,11
11,169,1,1,2,1755.3376503207555,11
37,62,1,1,2,203.16087673759912,11
16,72,1,1,2,489.8886631642996,11
16,37,1,1,2,489.8886631642996,11
14,25,1,1,2,190.0144209856384,11
27,26,1,1,2,242.18013011103523,11
37,21,1,1,2,203.16087673759912,11
27,33,1,1,2,242.18013011103523,11
9,65,1,1,2,385.1776568712777,11
27,61,1,1,2,242.18013011103523,11
40,88,1,1,2,174.53485831474856,11
9,37,1,1,2,385.1776568712777,11
29,102,1,1,2,663.0851008914178,11
18,76,1,1,2,393.23371163819075,11
18,61,1,1,2,393.23371163819075,11
14,103,1,1,2,190.0144209856384,11
18,39,1,1,2,393.23371163819075,11
18,32,1,1,2,393.23371163819075,11
37,45,1,1,2,203.16087673759912,11
31,84,1,1,2,228.79391321523912,11
18,10,1,1,2,393.23371163819075,11
23,51,1,1,2,471.36738108950686,11
16,95,1,1,2,489.8886631642996,11
11,118,1,1,2,530.3116671697644,11
3,103,1,1,2,314.6656252572995,11
37,39,1,1,2,203.16087673759912,11
25,16,1,1,2,267.1603953284362,11
29,24,1,1,2,211.30202049694637,11
18,17,1,1,2,393.23371163819075,11
9,44,1,1,2,385.1776568712777,11
31,22,1,1,2,228.79391321523912,11
27,54,1,1,2,242.18013011103523,11
11,5,1,1,2,530.3116671697644,11
23,21,1,1,2,471.36738108950686,11
29,36,1,1,2,211.30202049694637,11
40,18,1,1,2,174.53485831474856,11
40,53,1,1,2,174.53485831474856,11
7,95,1,1,2,412.977623823859,11
40,104,1,1,2,364.3514864799913,11
9,51,1,1,2,385.1776568712777,11
31,53,1,1,2,228.79391321523912,11
23,36,1,1,2,471.36738108950686,11
18,24,1,1,2,393.23371163819075,11
23,74,1,1,2,471.36738108950686,11
14,8,1,1,2,190.0144209856384,11
7,40,1,1,2,412.977623823859,11
23,82,1,1,2,471.36738108950686,11
25,55,1,1,2,267.1603953284362,11
25,70,1,1,2,267.1603953284362,11
23,6,1,1,2,471.36738108950686,11
9,58,1,1,2,385.1776568712777,11
27,83,1,1,2,242.18013011103523,11
40,44,1,1,2,174.53485831474856,11
3,31,1,1,2,314.6656252572995,11
5,17,1,1,2,264.9998510311054,11
16,83,1,1,2,489.8886631642996,11
29,67,1,1,2,211.30202049694637,11
31,63,1,1,2,228.79391321523912,11
25,8,1,1,2,267.1603953284362,11
31,94,1,1,2,228.79391321523912,11
31,42,1,1,2,228.79391321523912,11
5,24,1,1,2,264.9998510311054,11
23,59,1,1,2,471.36738108950686,11
29,49,1,1,2,211.30202049694637,11
29,17,1,1,2,211.30202049694637,11
31,1,1,1,2,228.79391321523912,11
14,86,1,1,2,190.0144209856384,11
31,11,1,1,2,744.005499379631,11
7,71,1,1,2,412.977623823859,11
25,94,1,1,2,267.1603953284362,11
16,60,1,1,2,489.8886631642996,11
11,93,1,1,2,530.3116671697644,11
31,104,1,1,2,228.79391321523912,11
40,96,1,1,2,364.3514864799913,11
16,26,1,1,2,489.8886631642996,11
11,131,1,1,2,530.3116671697644,11
37,74,1,1,2,701.9796107300408,11
9,23,1,1,2,385.1776568712777,11
29,42,1,1,2,211.30202049694637,11
27,12,1,1,2,242.18013011103523,11
25,23,1,1,2,267.1603953284362,11
14,43,1,1,2,190.0144209856384,11
37,9,1,1,2,203.16087673759912,11
3,10,1,1,2,314.6656252572995,11
37,15,1,1,2,203.16087673759912,11
16,49,1,1,2,489.8886631642996,11
5,74,1,1,2,264.9998510311054,11
9,9,1,1,2,385.1776568712777,11
40,1,1,1,2,174.53485831474856,11
18,69,1,1,2,393.23371163819075,11
5,31,1,1,2,264.9998510311054,11
16,118,1,1,2,489.8886631642996,11
11,17,1,1,2,530.3116671697644,11
3,20,1,1,2,314.6656252572995,11
11,106,1,1,2,530.3116671697644,11
11,80,1,1,2,530.3116671697644,11
7,8,1,1,2,412.977623823859,11
9,2,1,1,2,385.1776568712777,11
5,67,1,1,2,264.9998510311054,11
40,62,1,1,2,174.53485831474856,11
5,60,1,1,2,264.9998510311054,11
18,54,1,1,2,393.23371163819075,11
16,14,1,1,2,489.8886631642996,11
27,19,1,1,2,242.18013011103523,11
18,83,1,1,2,393.23371163819075,11
16,107,1,1,2,489.8886631642996,11
9,78,1,1,2,385.1776568712777,11
11,42,1,1,2,530.3116671697644,11
29,55,1,1,2,211.30202049694637,11
14,34,1,1,2,190.0144209856384,11
31,115,1,1,2,228.79391321523912,11
9,16,1,1,2,385.1776568712777,11
37,68,1,1,2,203.16087673759912,11
3,51,1,1,2,314.6656252572995,11
3,61,1,1,2,314.6656252572995,11
14,60,1,1,2,190.0144209856384,11
27,5,1,1,2,242.18013011103523,11
7,16,1,1,2,412.977623823859,11
7,79,1,1,2,412.977623823859,11
14,77,1,1,2,190.0144209856384,11
11,68,1,1,2,530.3116671697644,11
7,55,1,1,2,412.977623823859,11
3,82,1,1,2,314.6656252572995,11
7,24,1,1,2,412.977623823859,11
7,63,1,1,2,412.977623823859,11
16,130,1,1,2,489.8886631642996,11
25,78,1,1,2,267.1603953284362,11
3,72,1,1,2,314.6656252572995,11
37,4,1,1,2,203.16087673759912,11
29,61,1,1,2,211.30202049694637,11
5,3,1,1,2,264.9998510311054,11
23,29,1,1,2,471.36738108950686,11
18,2,1,1,2,393.23371163819075,11
7,48,1,1,2,412.977623823859,11
7,87,1,1,2,412.977623823859,11
40,27,1,1,2,174.53485831474856,11
40,36,1,1,2,174.53485831474856,11
5,53,1,1,2,264.9998510311054,11
23,44,1,1,2,471.36738108950686,11
5,38,1,1,2,264.9998510311054,11
18,46,1,1,2,393.23371163819075,11
5,10,1,1,2,264.9998510311054,11
14,17,1,1,2,190.0144209856384,11
37,27,1,1,2,203.16087673759912,11
5,81,1,1,2,264.9998510311054,11
14,95,1,1,2,190.0144209856384,11
11,143,1,1,2,530.3116671697644,11
40,10,1,1,2,174.53485831474856,11
9,30,1,1,2,385.1776568712777,11
3,113,1,1,2,314.6656252572995,11
27,76,1,1,2,242.18013011103523,11
37,51,1,1,2,203.16087673759912,11
25,47,1,1,2,267.1603953284362,11
27,40,1,1,2,242.18013011103523,11
25,63,1,1,2,267.1603953284362,11
29,5,1,1,2,211.30202049694637,11
11,55,1,1,2,530.3116671697644,11
9,72,1,1,2,385.1776568712777,11
25,31,1,1,2,267.1603953284362,11
14,69,1,1,2,190.0144209856384,11
16,3,1,1,2,489.8886631642996,11
31,73,1,1,2,228.79391321523912,11
23,89,1,1,2,471.36738108950686,11
3,123,1,1,2,314.6656252572995,11
23,66,1,1,2,471.36738108950686,11
39,136,2,1,1,362.1744970147346,12
1,80,2,1,1,215.94934377260768,12
13,58,2,1,1,350.9012912047055,12
34,175,2,1,1,277.8919424373142,12
32,98,2,1,1,236.74795172322,12
32,1,2,1,1,236.74795172322,12
34,61,2,1,1,326.57696036052835,12
39,1,2,1,1,362.1744970147346,12
13,107,2,1,1,350.9012912047055,12
1,19,2,1,1,215.94934377260768,12
20,138,2,1,1,547.3891732254021,12
39,78,2,1,1,362.1744970147346,12
20,226,2,1,1,303.5477733951951,12
20,26,2,1,1,547.3891732254021,12
13,78,2,1,1,350.9012912047055,12
34,83,2,1,1,326.57696036052835,12
1,31,2,1,1,688.9044943208155,12
20,247,2,1,1,303.5477733951951,12
39,146,2,1,1,362.1744970147346,12
1,5,2,1,1,215.94934377260768,12
32,147,2,1,1,236.74795172322,12
1,73,2,1,1,215.94934377260768,12
20,102,2,1,1,303.5477733951951,12
1,101,2,1,1,215.94934377260768,12
39,117,2,1,1,362.1744970147346,12
1,53,2,1,1,215.94934377260768,12
20,185,2,1,1,303.5477733951951,12
32,123,2,1,1,236.74795172322,12
13,156,2,1,1,350.9012912047055,12
34,96,2,1,1,277.8919424373142,12
34,188,2,1,1,277.8919424373142,12
13,97,2,1,1,350.9012912047055,12
34,135,2,1,1,277.8919424373142,12
34,103,2,1,1,326.57696036052835,12
1,32,2,1,1,215.94934377260768,12
20,267,2,1,1,303.5477733951951,12
32,26,2,1,1,236.74795172322,12
13,29,2,1,1,350.9012912047055,12
20,329,2,1,1,303.5477733951951,12
34,136,2,1,1,326.57696036052835,12
39,40,2,1,1,362.1744970147346,12
32,38,2,1,1,236.74795172322,12
34,59,2,1,1,326.57696036052835,12
39,59,2,1,1,362.1744970147346,12
39,30,2,1,1,362.1744970147346,12
13,38,2,1,1,350.9012912047055,12
39,127,2,1,1,362.1744970147346,12
20,92,2,1,1,547.3891732254021,12
20,309,2,1,1,303.5477733951951,12
13,19,2,1,1,350.9012912047055,12
1,87,2,1,1,215.94934377260768,12
32,50,2,1,1,236.74795172322,12
32,183,2,1,1,236.74795172322,12
34,201,2,1,1,277.8919424373142,12
1,60,2,1,1,215.94934377260768,12
32,74,2,1,1,236.74795172322,12
13,136,2,1,1,350.9012912047055,12
1,107,2,1,1,215.94934377260768,12
32,135,2,1,1,236.74795172322,12
39,98,2,1,1,362.1744970147346,12
34,122,2,1,1,277.8919424373142,12
1,46,2,1,1,215.94934377260768,12
39,107,2,1,1,362.1744970147346,12
20,164,2,1,1,303.5477733951951,12
32,86,2,1,1,236.74795172322,12
32,171,2,1,1,236.74795172322,12
39,20,2,1,1,362.1744970147346,12
13,68,2,1,1,350.9012912047055,12
13,146,2,1,1,350.9012912047055,12
20,144,2,1,1,303.5477733951951,12
13,117,2,1,1,350.9012912047055,12
34,82,2,1,1,277.8919424373142,12
38,38,2,1,2,347.79663671734636,12
24,153,2,1,2,317.3127457547671,12
17,36,2,1,2,402.4868046572495,12
30,66,2,1,2,1263.4455192770831,12
36,250,2,1,2,357.1894022353662,12
36,286,2,1,2,357.1894022353662,12
4,88,2,1,2,334.5477093407964,12
12,3,2,1,2,317.41681001613233,12
8,42,2,1,2,386.6669491069678,12
30,122,2,1,2,393.08243216157626,12
28,41,2,1,2,415.7316079959497,12
15,30,2,1,2,385.5167497273435,12
6,71,2,1,2,372.38285662088714,12
22,27,2,1,2,415.92208861952986,12
8,49,2,1,2,386.6669491069678,12
8,90,2,1,2,640.0926083578406,12
36,179,2,1,2,357.1894022353662,12
8,43,2,1,2,640.0926083578406,12
26,46,2,1,2,321.6619274448325,12
24,114,2,1,2,317.3127457547671,12
38,47,2,1,2,347.79663671734636,12
36,53,2,1,2,357.1894022353662,12
6,148,2,1,2,372.38285662088714,12
26,81,2,1,2,321.6619274448325,12
17,7,2,1,2,402.4868046572495,12
28,99,2,1,2,415.7316079959497,12
24,17,2,1,2,317.3127457547671,12
6,42,2,1,2,372.38285662088714,12
12,56,2,1,2,317.41681001613233,12
8,12,2,1,2,386.6669491069678,12
28,63,2,1,2,415.7316079959497,12
38,82,2,1,2,347.79663671734636,12
8,24,2,1,2,386.6669491069678,12
30,84,2,1,2,393.08243216157626,12
30,7,2,1,2,393.08243216157626,12
6,81,2,1,2,372.38285662088714,12
8,85,2,1,2,386.6669491069678,12
15,184,2,1,2,385.5167497273435,12
26,36,2,1,2,321.6619274448325,12
36,125,2,1,2,357.1894022353662,12
4,64,2,1,2,334.5477093407964,12
4,113,2,1,2,334.5477093407964,12
17,81,2,1,2,402.4868046572495,12
12,83,2,1,2,317.41681001613233,12
12,63,2,1,2,317.41681001613233,12
28,5,2,1,2,415.7316079959497,12
38,91,2,1,2,347.79663671734636,12
4,68,2,1,2,1053.6735511828208,12
15,122,2,1,2,385.5167497273435,12
6,119,2,1,2,372.38285662088714,12
38,11,2,1,2,347.79663671734636,12
24,46,2,1,2,317.3127457547671,12
30,151,2,1,2,393.08243216157626,12
30,112,2,1,2,393.08243216157626,12
8,91,2,1,2,386.6669491069678,12
10,27,2,1,2,410.6408421745236,12
10,86,2,1,2,410.6408421745236,12
17,30,2,1,2,402.4868046572495,12
26,56,2,1,2,321.6619274448325,12
17,13,2,1,2,402.4868046572495,12
6,109,2,1,2,372.38285662088714,12
28,92,2,1,2,415.7316079959497,12
15,45,2,1,2,385.5167497273435,12
10,49,2,1,2,410.6408421745236,12
10,108,2,1,2,410.6408421745236,12
8,67,2,1,2,386.6669491069678,12
10,93,2,1,2,410.6408421745236,12
15,107,2,1,2,385.5167497273435,12
38,126,2,1,2,347.79663671734636,12
4,56,2,1,2,334.5477093407964,12
22,91,2,1,2,415.92208861952986,12
38,73,2,1,2,347.79663671734636,12
12,9,2,1,2,317.41681001613233,12
10,64,2,1,2,410.6408421745236,12
17,53,2,1,2,402.4868046572495,12
26,66,2,1,2,321.6619274448325,12
22,107,2,1,2,415.92208861952986,12
17,42,2,1,2,402.4868046572495,12
28,114,2,1,2,415.7316079959497,12
4,129,2,1,2,334.5477093407964,12
15,91,2,1,2,385.5167497273435,12
36,214,2,1,2,357.1894022353662,12
26,41,2,1,2,321.6619274448325,12
15,168,2,1,2,385.5167497273435,12
4,24,2,1,2,334.5477093407964,12
4,32,2,1,2,334.5477093407964,12
24,95,2,1,2,317.3127457547671,12
38,55,2,1,2,347.79663671734636,12
17,76,2,1,2,402.4868046572495,12
22,3,2,1,2,415.92208861952986,12
22,11,2,1,2,415.92208861952986,12
17,87,2,1,2,402.4868046572495,12
10,6,2,1,2,410.6408421745236,12
24,37,2,1,2,317.3127457547671,12
15,214,2,1,2,385.5167497273435,12
28,85,2,1,2,415.7316079959497,12
36,71,2,1,2,357.1894022353662,12
26,76,2,1,2,321.6619274448325,12
28,12,2,1,2,415.7316079959497,12
30,36,2,1,2,393.08243216157626,12
36,143,2,1,2,357.1894022353662,12
4,16,2,1,2,334.5477093407964,12
4,97,2,1,2,334.5477093407964,12
36,268,2,1,2,357.1894022353662,12
36,35,2,1,2,357.1894022353662,12
22,59,2,1,2,415.92208861952986,12
28,27,2,1,2,415.7316079959497,12
6,33,2,1,2,372.38285662088714,12
30,17,2,1,2,393.08243216157626,12
15,245,2,1,2,385.5167497273435,12
8,18,2,1,2,386.6669491069678,12
36,107,2,1,2,357.1894022353662,12
10,57,2,1,2,410.6408421745236,12
12,23,2,1,2,317.41681001613233,12
10,35,2,1,2,410.6408421745236,12
12,76,2,1,2,317.41681001613233,12
26,5,2,1,2,321.6619274448325,12
6,128,2,1,2,372.38285662088714,12
28,70,2,1,2,415.7316079959497,12
4,48,2,1,2,334.5477093407964,12
12,36,2,1,2,317.41681001613233,12
17,59,2,1,2,402.4868046572495,12
12,49,2,1,2,317.41681001613233,12
22,35,2,1,2,415.92208861952986,12
6,90,2,1,2,372.38285662088714,12
24,124,2,1,2,317.3127457547671,12
10,115,2,1,2,410.6408421745236,12
6,4,2,1,2,372.38285662088714,12
26,15,2,1,2,321.6619274448325,12
12,103,2,1,2,317.41681001613233,12
38,20,2,1,2,347.79663671734636,12
6,14,2,1,2,372.38285662088714,12
8,36,2,1,2,386.6669491069678,12
22,43,2,1,2,415.92208861952986,12
28,34,2,1,2,415.7316079959497,12
30,46,2,1,2,393.08243216157626,12
22,75,2,1,2,415.92208861952986,12
10,79,2,1,2,410.6408421745236,12
24,75,2,1,2,317.3127457547671,12
30,93,2,1,2,393.08243216157626,12
22,99,2,1,2,415.92208861952986,12
38,3,2,1,2,347.79663671734636,12
15,230,2,1,2,385.5167497273435,12
30,132,2,1,2,393.08243216157626,12
24,7,2,1,2,317.3127457547671,12
8,99,2,1,2,640.0926083578406,12
12,29,2,1,2,317.41681001613233,12
24,133,2,1,2,317.3127457547671,12
15,153,2,1,2,385.5167497273435,12
17,64,2,1,2,402.4868046572495,12
12,90,2,1,2,317.41681001613233,12
24,56,2,1,2,317.3127457547671,12
10,20,2,1,2,410.6408421745236,12
24,85,2,1,2,317.3127457547671,12
28,56,2,1,2,415.7316079959497,12
6,52,2,1,2,372.38285662088714,12
15,61,2,1,2,385.5167497273435,12
4,80,2,1,2,334.5477093407964,12
26,61,2,1,2,321.6619274448325,12
26,20,2,1,2,321.6619274448325,12
22,67,2,1,2,415.92208861952986,12
38,108,2,1,2,347.79663671734636,12
30,74,2,1,2,393.08243216157626,12
36,196,2,1,2,357.1894022353662,12
17,19,2,1,2,402.4868046572495,12
26,25,2,1,2,321.6619274448325,12
22,123,2,1,2,415.92208861952986,12
38,117,2,1,2,347.79663671734636,12
54,78,1,2,1,213.81984585918025,21
79,86,1,2,1,253.69569489343246,21
85,109,1,2,1,292.64517575102826,21
73,105,1,2,1,265.43469627054844,21
66,88,1,2,1,241.0139395490099,21
60,72,1,2,1,275.27940733912334,21
73,6,1,2,1,265.43469627054844,21
42,701,1,2,1,332.5271794143997,21
52,46,1,2,1,202.34212847149237,21
73,43,1,2,1,265.43469627054844,21
66,104,1,2,1,241.0139395490099,21
54,108,1,2,1,213.81984585918025,21
60,29,1,2,1,275.27940733912334,21
52,21,1,2,1,202.34212847149237,21
42,60,1,2,1,166.0847154330272,21
54,47,1,2,1,213.81984585918025,21
52,145,1,2,1,202.34212847149237,21
60,41,1,2,1,275.27940733912334,21
85,70,1,2,1,292.64517575102826,21
54,7,1,2,1,213.81984585918025,21
54,37,1,2,1,213.81984585918025,21
42,9,1,2,1,166.0847154330272,21
54,27,1,2,1,213.81984585918025,21
66,169,1,2,1,241.0139395490099,21
52,58,1,2,1,202.34212847149237,21
85,30,1,2,1,292.64517575102826,21
66,72,1,2,1,241.0139395490099,21
73,129,1,2,1,265.43469627054844,21
42,121,1,2,1,166.0847154330272,21
75,2,1,2,1,246.27274393463316,21
79,3,1,2,1,253.69569489343246,21
85,11,1,2,1,292.64517575102826,21
66,56,1,2,1,241.0139395490099,21
60,17,1,2,1,275.27940733912334,21
75,30,1,2,1,246.27274393463316,21
60,23,1,2,1,275.27940733912334,21
60,66,1,2,1,275.27940733912334,21
54,17,1,2,1,213.81984585918025,21
73,142,1,2,1,265.43469627054844,21
79,44,1,2,1,253.69569489343246,21
60,35,1,2,1,275.27940733912334,21
75,57,1,2,1,246.27274393463316,21
42,80,1,2,1,166.0847154330272,21
85,60,1,2,1,292.64517575102826,21
66,121,1,2,1,241.0139395490099,21
85,79,1,2,1,292.64517575102826,21
52,34,1,2,1,202.34212847149237,21
73,80,1,2,1,265.43469627054844,21
60,47,1,2,1,275.27940733912334,21
52,95,1,2,1,202.34212847149237,21
52,133,1,2,1,202.34212847149237,21
54,57,1,2,1,213.81984585918025,21
85,21,1,2,1,292.64517575102826,21
42,100,1,2,1,166.0847154330272,21
52,71,1,2,1,202.34212847149237,21
73,19,1,2,1,265.43469627054844,21
75,9,1,2,1,246.27274393463316,21
52,83,1,2,1,202.34212847149237,21
54,98,1,2,1,213.81984585918025,21
75,16,1,2,1,246.27274393463316,21
66,7,1,2,1,241.0139395490099,21
85,50,1,2,1,292.64517575102826,21
60,10,1,2,1,275.27940733912334,21
66,23,1,2,1,241.0139395490099,21
54,88,1,2,1,213.81984585918025,21
60,53,1,2,1,275.27940733912334,21
75,78,1,2,1,246.27274393463316,21
42,19,1,2,1,166.0847154330272,21
75,51,1,2,1,246.27274393463316,21
85,99,1,2,1,292.64517575102826,21
85,40,1,2,1,292.64517575102826,21
75,37,1,2,1,246.27274393463316,21
75,71,1,2,1,246.27274393463316,21
79,118,1,2,1,253.69569489343246,21
42,90,1,2,1,166.0847154330272,21
79,76,1,2,1,253.69569489343246,21
85,1,1,2,1,292.64517575102826,21
60,4,1,2,1,275.27940733912334,21
42,131,1,2,1,332.5271794143997,21
66,153,1,2,1,241.0139395490099,21
60,59,1,2,1,275.27940733912334,21
73,117,1,2,1,265.43469627054844,21
52,9,1,2,1,202.34212847149237,21
73,31,1,2,1,265.43469627054844,21
73,68,1,2,1,265.43469627054844,21
54,68,1,2,1,213.81984585918025,21
85,89,1,2,1,292.64517575102826,21
42,700,1,2,1,332.5271794143997,21
66,185,1,2,1,241.0139395490099,21
73,56,1,2,1,265.43469627054844,21
79,107,1,2,1,253.69569489343246,21
52,108,1,2,1,202.34212847149237,21
73,92,1,2,1,265.43469627054844,21
79,13,1,2,1,253.69569489343246,21
79,65,1,2,1,253.69569489343246,21
75,23,1,2,1,246.27274393463316,21
79,55,1,2,1,253.69569489343246,21
66,137,1,2,1,241.0139395490099,21
42,111,1,2,1,166.0847154330272,21
79,97,1,2,1,253.69569489343246,21
52,120,1,2,1,202.34212847149237,21
42,50,1,2,1,166.0847154330272,21
75,44,1,2,1,246.27274393463316,21
75,64,1,2,1,246.27274393463316,21
66,40,1,2,1,241.0139395490099,21
79,24,1,2,1,253.69569489343246,21
54,118,1,2,1,213.81984585918025,21
79,34,1,2,1,253.69569489343246,21
43,9,1,2,2,203.34088650727136,21
48,19,1,2,2,278.179094288224,21
48,69,1,2,2,278.179094288224,21
58,16,1,2,2,302.7418965720034,21
81,14,1,2,2,291.6273221779313,21
56,3,1,2,2,97.18403729896141,21
69,102,1,2,2,396.15391476805536,21
81,86,1,2,2,291.6273221779313,21
69,79,1,2,2,396.15391476805536,21
43,53,1,2,2,203.34088650727136,21
61,135,1,2,2,245.17370694493465,21
81,57,1,2,2,291.6273221779313,21
56,10,1,2,2,97.18403729896141,21
69,56,1,2,2,396.15391476805536,21
58,37,1,2,2,302.7418965720034,21
61,85,1,2,2,245.17370694493465,21
77,38,1,2,2,233.3859779173167,21
61,44,1,2,2,245.17370694493465,21
58,97,1,2,2,302.7418965720034,21
58,105,1,2,2,302.7418965720034,21
67,42,1,2,2,319.8385804806692,21
87,111,1,2,2,217.0875052103894,21
77,48,1,2,2,233.3859779173167,21
81,64,1,2,2,291.6273221779313,21
50,64,1,2,2,252.704264300796,21
58,152,1,2,2,302.7418965720034,21
87,54,1,2,2,217.0875052103894,21
58,89,1,2,2,302.7418965720034,21
83,22,1,2,2,522.4256602010222,21
61,133,1,2,2,245.17370694493465,21
83,73,1,2,2,522.4256602010222,21
56,24,1,2,2,97.18403729896141,21
71,11,1,2,2,198.7802216340492,21
63,159,1,2,2,409.5751611229466,21
69,10,1,2,2,396.15391476805536,21
50,82,1,2,2,252.704264300796,21
77,87,1,2,2,233.3859779173167,21
48,56,1,2,2,278.179094288224,21
63,68,1,2,2,409.5751611229466,21
83,112,1,2,2,522.4256602010222,21
83,86,1,2,2,522.4256602010222,21
69,33,1,2,2,396.15391476805536,21
43,59,1,2,2,203.34088650727136,21
61,128,1,2,2,245.17370694493465,21
71,57,1,2,2,198.7802216340492,21
83,125,1,2,2,1959.0513433101394,21
83,48,1,2,2,522.4256602010222,21
71,64,1,2,2,198.7802216340492,21
87,82,1,2,2,217.0875052103894,21
43,3,1,2,2,203.34088650727136,21
81,36,1,2,2,291.6273221779313,21
77,58,1,2,2,233.3859779173167,21
71,44,1,2,2,198.7802216340492,21
77,107,1,2,2,233.3859779173167,21
56,12,1,2,2,97.18403729896141,21
87,16,1,2,2,217.0875052103894,21
69,21,1,2,2,396.15391476805536,21
45,97,1,2,2,240.21162823240877,21
81,71,1,2,2,291.6273221779313,21
87,101,1,2,2,217.0875052103894,21
67,58,1,2,2,319.8385804806692,21
45,31,1,2,2,240.21162823240877,21
81,7,1,2,2,291.6273221779313,21
61,38,1,2,2,245.17370694493465,21
67,66,1,2,2,319.8385804806692,21
83,150,1,2,2,522.4256602010222,21
69,90,1,2,2,396.15391476805536,21
67,83,1,2,2,319.8385804806692,21
45,107,1,2,2,240.21162823240877,21
63,41,1,2,2,409.5751611229466,21
71,31,1,2,2,198.7802216340492,21
50,39,1,2,2,252.704264300796,21
67,34,1,2,2,319.8385804806692,21
83,61,1,2,2,522.4256602010222,21
48,13,1,2,2,278.179094288224,21
56,17,1,2,2,97.18403729896141,21
67,91,1,2,2,319.8385804806692,21
63,5,1,2,2,409.5751611229466,21
63,144,1,2,2,409.5751611229466,21
71,77,1,2,2,198.7802216340492,21
48,44,1,2,2,278.179094288224,21
45,59,1,2,2,240.21162823240877,21
50,13,1,2,2,252.704264300796,21
50,30,1,2,2,252.704264300796,21
50,21,1,2,2,252.704264300796,21
69,125,1,2,2,396.15391476805536,21
69,136,1,2,2,396.15391476805536,21
61,10,1,2,2,245.17370694493465,21
71,24,1,2,2,198.7802216340492,21
56,5,1,2,2,97.18403729896141,21
43,65,1,2,2,203.34088650727136,21
77,68,1,2,2,233.3859779173167,21
77,117,1,2,2,233.3859779173167,21
45,50,1,2,2,240.21162823240877,21
45,88,1,2,2,240.21162823240877,21
83,35,1,2,2,522.4256602010222,21
43,71,1,2,2,203.34088650727136,21
45,2,1,2,2,240.21162823240877,21
83,9,1,2,2,522.4256602010222,21
45,12,1,2,2,240.21162823240877,21
67,2,1,2,2,319.8385804806692,21
48,6,1,2,2,278.179094288224,21
43,21,1,2,2,203.34088650727136,21
48,25,1,2,2,278.179094288224,21
87,6,1,2,2,217.0875052103894,21
50,90,1,2,2,252.704264300796,21
56,15,1,2,2,97.18403729896141,21
87,25,1,2,2,217.0875052103894,21
63,48,1,2,2,409.5751611229466,21
48,31,1,2,2,278.179094288224,21
77,18,1,2,2,233.3859779173167,21
63,172,1,2,2,409.5751611229466,21
56,22,1,2,2,97.18403729896141,21
87,73,1,2,2,217.0875052103894,21
50,4,1,2,2,252.704264300796,21
67,10,1,2,2,319.8385804806692,21
45,69,1,2,2,240.21162823240877,21
58,124,1,2,2,302.7418965720034,21
43,28,1,2,2,203.34088650727136,21
71,18,1,2,2,198.7802216340492,21
67,26,1,2,2,319.8385804806692,21
77,78,1,2,2,233.3859779173167,21
50,73,1,2,2,252.704264300796,21
87,63,1,2,2,217.0875052103894,21
50,99,1,2,2,252.704264300796,21
63,38,1,2,2,409.5751611229466,21
58,18,1,2,2,926.5950725898234,21
87,35,1,2,2,217.0875052103894,21
56,29,1,2,2,97.18403729896141,21
61,148,1,2,2,245.17370694493465,21
77,97,1,2,2,233.3859779173167,21
81,78,1,2,2,291.6273221779313,21
45,21,1,2,2,240.21162823240877,21
58,86,1,2,2,302.7418965720034,21
69,67,1,2,2,396.15391476805536,21
43,46,1,2,2,203.34088650727136,21
81,50,1,2,2,291.6273221779313,21
81,29,1,2,2,291.6273221779313,21
87,92,1,2,2,217.0875052103894,21
61,42,1,2,2,245.17370694493465,21
48,38,1,2,2,278.179094288224,21
71,51,1,2,2,198.7802216340492,21
48,50,1,2,2,278.179094288224,21
63,152,1,2,2,409.5751611229466,21
67,18,1,2,2,319.8385804806692,21
87,44,1,2,2,217.0875052103894,21
43,34,1,2,2,203.34088650727136,21
81,21,1,2,2,291.6273221779313,21
58,83,1,2,2,302.7418965720034,21
63,62,1,2,2,409.5751611229466,21
77,28,1,2,2,233.3859779173167,21
50,47,1,2,2,252.704264300796,21
61,74,1,2,2,245.17370694493465,21
61,702,1,2,2,245.17370694493465,21
43,15,1,2,2,203.34088650727136,21
43,40,1,2,2,203.34088650727136,21
71,5,1,2,2,198.7802216340492,21
56,26,1,2,2,97.18403729896141,21
50,56,1,2,2,252.704264300796,21
56,19,1,2,2,97.18403729896141,21
63,141,1,2,2,409.5751611229466,21
48,63,1,2,2,278.179094288224,21
83,137,1,2,2,522.4256602010222,21
69,113,1,2,2,396.15391476805536,21
45,78,1,2,2,240.21162823240877,21
83,99,1,2,2,522.4256602010222,21
58,909,1,2,2,302.7418965720034,21
81,43,1,2,2,291.6273221779313,21
56,7,1,2,2,97.18403729896141,21
58,81,1,2,2,302.7418965720034,21
67,50,1,2,2,319.8385804806692,21
63,13,1,2,2,409.5751611229466,21
71,38,1,2,2,198.7802216340492,21
71,70,1,2,2,198.7802216340492,21
77,8,1,2,2,233.3859779173167,21
67,74,1,2,2,319.8385804806692,21
61,106,1,2,2,245.17370694493465,21
45,40,1,2,2,240.21162823240877,21
69,44,1,2,2,396.15391476805536,21
48,75,1,2,2,278.179094288224,21
84,207,2,2,1,254.99790418768694,22
78,146,2,2,1,219.59336308063934,22
74,13,2,2,1,124.24109861290223,22
88,219,2,2,1,308.254239768924,22
53,171,2,2,1,213.45337710981406,22
72,12,2,2,1,187.3122130651332,22
41,48,2,2,1,221.11432759747586,22
72,6,2,2,1,287.924566211084,22
72,29,2,2,1,187.3122130651332,22
72,233,2,2,1,187.3122130651332,22
84,77,2,2,1,254.99790418768694,22
88,97,2,2,1,308.254239768924,22
84,142,2,2,1,254.99790418768694,22
65,174,2,2,1,263.1480554714361,22
88,143,2,2,1,308.254239768924,22
84,12,2,2,1,254.99790418768694,22
55,53,2,2,1,331.0633793002544,22
65,187,2,2,1,263.1480554714361,22
74,66,2,2,1,124.24109861290223,22
55,18,2,2,1,331.0633793002544,22
74,159,2,2,1,124.24109861290223,22
78,118,2,2,1,219.59336308063934,22
88,6,2,2,1,308.254239768924,22
55,71,2,2,1,331.0633793002544,22
41,147,2,2,1,221.11432759747586,22
47,178,2,2,1,214.94950690821113,22
53,207,2,2,1,213.45337710981406,22
65,69,2,2,1,263.1480554714361,22
41,73,2,2,1,221.11432759747586,22
88,21,2,2,1,308.254239768924,22
72,56,2,2,1,287.924566211084,22
78,44,2,2,1,219.59336308063934,22
88,82,2,2,1,308.254239768924,22
74,53,2,2,1,124.24109861290223,22
78,91,2,2,1,219.59336308063934,22
78,72,2,2,1,219.59336308063934,22
55,89,2,2,1,331.0633793002544,22
47,44,2,2,1,214.94950690821113,22
55,65,2,2,1,331.0633793002544,22
65,122,2,2,1,263.1480554714361,22
53,154,2,2,1,213.45337710981406,22
41,160,2,2,1,221.11432759747586,22
65,43,2,2,1,263.1480554714361,22
47,11,2,2,1,214.94950690821113,22
74,92,2,2,1,124.24109861290223,22
74,106,2,2,1,124.24109861290223,22
72,63,2,2,1,187.3122130651332,22
78,54,2,2,1,219.59336308063934,22
78,17,2,2,1,219.59336308063934,22
41,123,2,2,1,221.11432759747586,22
41,110,2,2,1,221.11432759747586,22
41,197,2,2,1,221.11432759747586,22
84,191,2,2,1,254.99790418768694,22
41,61,2,2,1,221.11432759747586,22
78,7,2,2,1,219.59336308063934,22
72,46,2,2,1,187.3122130651332,22
55,95,2,2,1,331.0633793002544,22
41,11,2,2,1,221.11432759747586,22
41,98,2,2,1,221.11432759747586,22
84,126,2,2,1,254.99790418768694,22
55,41,2,2,1,331.0633793002544,22
53,278,2,2,1,213.45337710981406,22
65,148,2,2,1,263.1480554714361,22
53,242,2,2,1,213.45337710981406,22
65,30,2,2,1,263.1480554714361,22
47,56,2,2,1,214.94950690821113,22
47,145,2,2,1,214.94950690821113,22
53,83,2,2,1,213.45337710981406,22
74,119,2,2,1,124.24109861290223,22
78,81,2,2,1,219.59336308063934,22
84,61,2,2,1,254.99790418768694,22
78,35,2,2,1,219.59336308063934,22
47,89,2,2,1,214.94950690821113,22
72,148,2,2,1,187.3122130651332,22
47,100,2,2,1,214.94950690821113,22
53,12,2,2,1,213.45337710981406,22
47,133,2,2,1,214.94950690821113,22
74,145,2,2,1,124.24109861290223,22
88,204,2,2,1,308.254239768924,22
78,109,2,2,1,219.59336308063934,22
55,47,2,2,1,331.0633793002544,22
53,136,2,2,1,213.45337710981406,22
65,17,2,2,1,263.1480554714361,22
55,24,2,2,1,331.0633793002544,22
41,172,2,2,1,221.11432759747586,22
47,122,2,2,1,214.94950690821113,22
47,167,2,2,1,214.94950690821113,22
65,82,2,2,1,263.1480554714361,22
65,95,2,2,1,263.1480554714361,22
47,78,2,2,1,214.94950690821113,22
84,224,2,2,1,254.99790418768694,22
72,100,2,2,1,287.924566211084,22
74,172,2,2,1,124.24109861290223,22
65,200,2,2,1,263.1480554714361,22
53,30,2,2,1,213.45337710981406,22
74,198,2,2,1,124.24109861290223,22
55,30,2,2,1,331.0633793002544,22
72,53,2,2,1,287.924566211084,22
88,37,2,2,1,308.254239768924,22
72,267,2,2,1,187.3122130651332,22
41,24,2,2,1,221.11432759747586,22
53,225,2,2,1,213.45337710981406,22
78,128,2,2,1,219.59336308063934,22
84,256,2,2,1,254.99790418768694,22
84,28,2,2,1,254.99790418768694,22
88,67,2,2,1,308.254239768924,22
65,135,2,2,1,263.1480554714361,22
84,158,2,2,1,254.99790418768694,22
74,39,2,2,1,124.24109861290223,22
55,6,2,2,1,331.0633793002544,22
88,128,2,2,1,308.254239768924,22
72,80,2,2,1,187.3122130651332,22
88,188,2,2,1,308.254239768924,22
84,93,2,2,1,254.99790418768694,22
53,65,2,2,1,213.45337710981406,22
53,101,2,2,1,213.45337710981406,22
55,77,2,2,1,331.0633793002544,22
88,158,2,2,1,308.254239768924,22
47,33,2,2,1,214.94950690821113,22
74,212,2,2,1,124.24109861290223,22
49,14,2,2,2,294.28868907569085,22
51,83,2,2,2,292.2285553681223,22
44,127,2,2,2,161.08094841519355,22
62,30,2,2,2,248.90352443011824,22
82,76,2,2,2,228.40175063150545,22
62,96,2,2,2,248.90352443011824,22
46,69,2,2,2,236.6065899180096,22
51,54,2,2,2,292.2285553681223,22
62,24,2,2,2,248.90352443011824,22
62,12,2,2,2,248.90352443011824,22
82,7,2,2,2,228.40175063150545,22
57,25,2,2,2,419.9844977837975,22
86,1,2,2,2,291.45604860959514,22
51,130,2,2,2,292.2285553681223,22
51,16,2,2,2,292.2285553681223,22
76,71,2,2,2,175.70381623565586,22
82,103,2,2,2,228.40175063150545,22
82,89,2,2,2,228.40175063150545,22
68,28,2,2,2,285.8625218487867,22
82,48,2,2,2,228.40175063150545,22
70,100,2,2,2,201.6747458635676,22
68,63,2,2,2,285.8625218487867,22
76,100,2,2,2,175.70381623565586,22
59,77,2,2,2,294.1349237104719,22
57,84,2,2,2,419.9844977837975,22
59,23,2,2,2,294.1349237104719,22
80,53,2,2,2,211.95177603178846,22
86,94,2,2,2,291.45604860959514,22
80,9,2,2,2,211.95177603178846,22
62,60,2,2,2,248.90352443011824,22
64,35,2,2,2,244.05707334980238,22
57,15,2,2,2,254.763222234727,22
59,61,2,2,2,294.1349237104719,22
76,109,2,2,2,175.70381623565586,22
68,19,2,2,2,285.8625218487867,22
76,17,2,2,2,306.853523152836,22
80,68,2,2,2,211.95177603178846,22
64,51,2,2,2,244.05707334980238,22
82,21,2,2,2,228.40175063150545,22
49,4,2,2,2,294.28868907569085,22
86,101,2,2,2,291.45604860959514,22
64,84,2,2,2,244.05707334980238,22
62,6,2,2,2,248.90352443011824,22
49,75,2,2,2,294.28868907569085,22
86,48,2,2,2,291.45604860959514,22
80,24,2,2,2,211.95177603178846,22
76,23,2,2,2,175.70381623565586,22
80,97,2,2,2,211.95177603178846,22
49,95,2,2,2,294.28868907569085,22
80,39,2,2,2,211.95177603178846,22
70,42,2,2,2,201.6747458635676,22
59,54,2,2,2,294.1349237104719,22
86,74,2,2,2,291.45604860959514,22
68,89,2,2,2,285.8625218487867,22
64,43,2,2,2,244.05707334980238,22
59,30,2,2,2,294.1349237104719,22
64,100,2,2,2,244.05707334980238,22
86,54,2,2,2,291.45604860959514,22
51,35,2,2,2,292.2285553681223,22
46,76,2,2,2,236.6065899180096,22
44,27,2,2,2,161.08094841519355,22
82,83,2,2,2,228.40175063150545,22
44,105,2,2,2,348.21821382061165,22
57,108,2,2,2,254.763222234727,22
49,54,2,2,2,294.28868907569085,22
86,41,2,2,2,291.45604860959514,22
80,46,2,2,2,211.95177603178846,22
44,172,2,2,2,161.08094841519355,22
44,161,2,2,2,161.08094841519355,22
57,77,2,2,2,254.763222234727,22
82,34,2,2,2,228.40175063150545,22
49,44,2,2,2,294.28868907569085,22
80,112,2,2,2,211.95177603178846,22
76,128,2,2,2,175.70381623565586,22
46,49,2,2,2,236.6065899180096,22
62,36,2,2,2,248.90352443011824,22
44,60,2,2,2,161.08094841519355,22
62,48,2,2,2,248.90352443011824,22
62,54,2,2,2,248.90352443011824,22
59,116,2,2,2,294.1349237104719,22
59,108,2,2,2,294.1349237104719,22
44,72,2,2,2,161.08094841519355,22
64,67,2,2,2,244.05707334980238,22
57,7,2,2,2,254.763222234727,22
70,28,2,2,2,201.6747458635676,22
46,103,2,2,2,236.6065899180096,22
57,30,2,2,2,254.763222234727,22
59,15,2,2,2,294.1349237104719,22
44,116,2,2,2,161.08094841519355,22
64,10,2,2,2,244.05707334980238,22
80,104,2,2,2,211.95177603178846,22
62,78,2,2,2,248.90352443011824,22
51,149,2,2,2,292.2285553681223,22
70,93,2,2,2,201.6747458635676,22
62,84,2,2,2,248.90352443011824,22
68,11,2,2,2,285.8625218487867,22
70,85,2,2,2,201.6747458635676,22
68,116,2,2,2,285.8625218487867,22
51,7,2,2,2,292.2285553681223,22
49,125,2,2,2,294.28868907569085,22
64,117,2,2,2,244.05707334980238,22
86,28,2,2,2,291.45604860959514,22
86,81,2,2,2,291.45604860959514,22
68,54,2,2,2,285.8625218487867,22
76,64,2,2,2,306.853523152836,22
68,133,2,2,2,285.8625218487867,22
51,121,2,2,2,292.2285553681223,22
57,23,2,2,2,254.763222234727,22
51,45,2,2,2,292.2285553681223,22
46,8,2,2,2,236.6065899180096,22
49,156,2,2,2,294.28868907569085,22
49,135,2,2,2,294.28868907569085,22
49,115,2,2,2,294.28868907569085,22
82,62,2,2,2,228.40175063150545,22
70,35,2,2,2,201.6747458635676,22
80,82,2,2,2,211.95177603178846,22
59,92,2,2,2,294.1349237104719,22
59,85,2,2,2,294.1349237104719,22
59,46,2,2,2,294.1349237104719,22
86,14,2,2,2,291.45604860959514,22
46,62,2,2,2,236.6065899180096,22
46,96,2,2,2,236.6065899180096,22
46,22,2,2,2,236.6065899180096,22
86,68,2,2,2,291.45604860959514,22
64,18,2,2,2,244.05707334980238,22
82,28,2,2,2,228.40175063150545,22
76,61,2,2,2,175.70381623565586,22
68,46,2,2,2,285.8625218487867,22
51,111,2,2,2,292.2285553681223,22
62,72,2,2,2,248.90352443011824,22
68,98,2,2,2,285.8625218487867,22
44,83,2,2,2,161.08094841519355,22
70,57,2,2,2,201.6747458635676,22
44,38,2,2,2,161.08094841519355,22
44,13,2,2,2,348.21821382061165,22
70,64,2,2,2,201.6747458635676,22
86,21,2,2,2,291.45604860959514,22
64,76,2,2,2,244.05707334980238,22
68,81,2,2,2,285.8625218487867,22
44,16,2,2,2,161.08094841519355,22
76,74,2,2,2,306.853523152836,22
57,92,2,2,2,254.763222234727,22
82,110,2,2,2,228.40175063150545,22
76,13,2,2,2,175.70381623565586,22
46,15,2,2,2,236.6065899180096,22
46,42,2,2,2,236.6065899180096,22
51,92,2,2,2,292.2285553681223,22
70,71,2,2,2,201.6747458635676,22
76,32,2,2,2,175.70381623565586,22
76,51,2,2,2,175.70381623565586,22
57,80,2,2,2,419.9844977837975,22
68,124,2,2,2,285.8625218487867,22
70,14,2,2,2,201.6747458635676,22
82,55,2,2,2,228.40175063150545,22
57,46,2,2,2,254.763222234727,22
46,89,2,2,2,236.6065899180096,22
80,75,2,2,2,211.95177603178846,22
64,108,2,2,2,244.05707334980238,22
70,6,2,2,2,201.6747458635676,22
70,114,2,2,2,201.6747458635676,22
51,73,2,2,2,292.2285553681223,22
59,123,2,2,2,294.1349237104719,22
64,2,2,2,2,244.05707334980238,22
46,35,2,2,2,236.6065899180096,22
49,85,2,2,2,294.28868907569085,22
57,38,2,2,2,254.763222234727,22
49,34,2,2,2,294.28868907569085,22
80,17,2,2,2,211.95177603178846,22
90,703,1,3,1,493.025273869795,31
150,91,1,3,1,414.95561051608945,31
100,8,1,3,1,215.13170528375647,31
110,106,1,3,1,133.52595377854803,31
172,141,1,3,1,482.6636756724006,31
150,44,1,3,1,414.95561051608945,31
114,128,1,3,1,276.1543086285002,31
114,6,1,3,1,276.1543086285002,31
150,162,1,3,1,414.95561051608945,31
94,171,1,3,1,445.9691891486487,31
112,179,1,3,1,570.849707384657,31
104,74,1,3,1,335.9055032120234,31
116,259,1,3,1,426.7216904556886,31
166,268,1,3,1,423.2671861541669,31
108,357,1,3,1,390.94898917276953,31
150,232,1,3,1,414.95561051608945,31
114,113,1,3,1,276.1543086285002,31
100,245,1,3,1,215.13170528375647,31
104,54,1,3,1,335.9055032120234,31
100,714,1,3,1,400.59901347799007,31
104,64,1,3,1,335.9055032120234,31
104,2,1,3,1,335.9055032120234,31
112,2,1,3,1,847.7409041008816,31
132,172,1,3,1,318.6380189567247,31
108,207,1,3,1,390.94898917276953,31
135,203,1,3,1,258.61964168529437,31
135,96,1,3,1,258.61964168529437,31
166,245,1,3,1,423.2671861541669,31
114,37,1,3,1,276.1543086285002,31
106,19,1,3,1,302.1360049417556,31
172,101,1,3,1,482.6636756724006,31
172,161,1,3,1,482.6636756724006,31
90,704,1,3,1,493.025273869795,31
100,67,1,3,1,215.13170528375647,31
132,138,1,3,1,318.6380189567247,31
132,155,1,3,1,318.6380189567247,31
108,18,1,3,1,390.94898917276953,31
92,705,1,3,1,799.5868671847694,31
104,716,1,3,1,1366.618689003934,31
112,32,1,3,1,570.849707384657,31
150,21,1,3,1,414.95561051608945,31
112,326,1,3,1,570.849707384657,31
104,33,1,3,1,335.9055032120234,31
106,88,1,3,1,302.1360049417556,31
116,176,1,3,1,426.7216904556886,31
112,85,1,3,1,847.7409041008816,31
100,205,1,3,1,215.13170528375647,31
116,720,1,3,1,542.3538032865895,31
148,373,1,3,1,365.9898999426346,31
114,22,1,3,1,276.1543086285002,31
132,21,1,3,1,318.6380189567247,31
90,193,1,3,1,316.7921513354347,31
114,174,1,3,1,276.1543086285002,31
118,21,1,3,1,161.32274310050468,31
96,53,1,3,1,261.21449190524123,31
100,27,1,3,1,215.13170528375647,31
172,3,1,3,1,482.6636756724006,31
104,23,1,3,1,335.9055032120234,31
118,144,1,3,1,161.32274310050468,31
90,15,1,3,1,316.7921513354347,31
104,105,1,3,1,335.9055032120234,31
112,433,1,3,1,847.7409041008816,31
116,134,1,3,1,426.7216904556886,31
172,42,1,3,1,482.6636756724006,31
118,316,1,3,1,435.77295245019434,31
166,65,1,3,1,423.2671861541669,31
110,60,1,3,1,63.74954384534606,31
100,225,1,3,1,215.13170528375647,31
92,71,1,3,1,427.1223931238552,31
166,110,1,3,1,423.2671861541669,31
148,341,1,3,1,365.9898999426346,31
110,121,1,3,1,133.52595377854803,31
94,706,1,3,1,445.9691891486487,31
172,62,1,3,1,482.6636756724006,31
98,146,1,3,1,321.8463514192975,31
118,45,1,3,1,161.32274310050468,31
96,97,1,3,1,261.21449190524123,31
92,287,1,3,1,427.1223931238552,31
92,44,1,3,1,427.1223931238552,31
132,38,1,3,1,318.6380189567247,31
135,181,1,3,1,258.61964168529437,31
116,723,1,3,1,542.3538032865895,31
112,208,1,3,1,570.849707384657,31
166,20,1,3,1,423.2671861541669,31
92,368,1,3,1,799.5868671847694,31
96,132,1,3,1,470.08294374761783,31
108,28,1,3,1,390.94898917276953,31
94,246,1,3,1,445.9691891486487,31
110,14,1,3,1,63.74954384534606,31
135,267,1,3,1,258.61964168529437,31
112,267,1,3,1,570.849707384657,31
118,340,1,3,1,435.77295245019434,31
132,122,1,3,1,318.6380189567247,31
96,119,1,3,1,261.21449190524123,31
114,98,1,3,1,276.1543086285002,31
132,4,1,3,1,318.6380189567247,31
114,67,1,3,1,276.1543086285002,31
150,115,1,3,1,414.95561051608945,31
148,25,1,3,1,365.9898999426346,31
110,719,1,3,1,133.52595377854803,31
104,43,1,3,1,335.9055032120234,31
166,155,1,3,1,423.2671861541669,31
172,220,1,3,1,482.6636756724006,31
148,89,1,3,1,365.9898999426346,31
92,314,1,3,1,427.1223931238552,31
98,133,1,3,1,321.8463514192975,31
104,95,1,3,1,335.9055032120234,31
108,419,1,3,1,390.94898917276953,31
112,126,1,3,1,847.7409041008816,31
96,251,1,3,1,261.21449190524123,31
92,422,1,3,1,799.5868671847694,31
148,152,1,3,1,365.9898999426346,31
172,180,1,3,1,482.6636756724006,31
172,121,1,3,1,482.6636756724006,31
172,22,1,3,1,482.6636756724006,31
106,14,1,3,1,302.1360049417556,31
148,735,1,3,1,571.0282692299742,31
92,17,1,3,1,427.1223931238552,31
148,736,1,3,1,571.0282692299742,31
92,260,1,3,1,427.1223931238552,31
116,30,1,3,1,426.7216904556886,31
166,133,1,3,1,423.2671861541669,31
150,326,1,3,1,818.4861360691721,31
150,255,1,3,1,414.95561051608945,31
90,133,1,3,1,316.7921513354347,31
112,91,1,3,1,570.849707384657,31
106,717,1,3,1,302.1360049417556,31
106,323,1,3,1,327.2464366608781,31
98,121,1,3,1,321.8463514192975,31
132,189,1,3,1,318.6380189567247,31
104,115,1,3,1,335.9055032120234,31
96,293,1,3,1,470.08294374761783,31
98,710,1,3,1,704.7364293027001,31
110,718,1,3,1,133.52595377854803,31
108,189,1,3,1,390.94898917276953,31
110,98,1,3,1,63.74954384534606,31
110,6,1,3,1,63.74954384534606,31
118,217,1,3,1,161.32274310050468,31
108,240,1,3,1,390.94898917276953,31
94,52,1,3,1,297.64565318658504,31
90,30,1,3,1,316.7921513354347,31
96,708,1,3,1,470.08294374761783,31
96,9,1,3,1,261.21449190524123,31
150,68,1,3,1,414.95561051608945,31
106,209,1,3,1,302.1360049417556,31
172,82,1,3,1,482.6636756724006,31
166,200,1,3,1,423.2671861541669,31
132,71,1,3,1,318.6380189567247,31
116,155,1,3,1,426.7216904556886,31
100,47,1,3,1,215.13170528375647,31
94,223,1,3,1,297.64565318658504,31
94,204,1,3,1,297.64565318658504,31
166,42,1,3,1,423.2671861541669,31
104,84,1,3,1,335.9055032120234,31
118,242,1,3,1,161.32274310050468,31
148,309,1,3,1,365.9898999426346,31
94,240,1,3,1,445.9691891486487,31
114,82,1,3,1,276.1543086285002,31
94,33,1,3,1,297.64565318658504,31
110,52,1,3,1,63.74954384534606,31
90,89,1,3,1,316.7921513354347,31
118,168,1,3,1,161.32274310050468,31
98,194,1,3,1,321.8463514192975,31
116,721,1,3,1,542.3538032865895,31
112,384,1,3,1,570.849707384657,31
106,52,1,3,1,302.1360049417556,31
135,117,1,3,1,258.61964168529437,31
98,48,1,3,1,321.8463514192975,31
92,233,1,3,1,427.1223931238552,31
150,185,1,3,1,414.95561051608945,31
135,138,1,3,1,258.61964168529437,31
98,158,1,3,1,321.8463514192975,31
92,206,1,3,1,427.1223931238552,31
100,711,1,3,1,400.59901347799007,31
98,72,1,3,1,321.8463514192975,31
135,731,1,3,1,945.1881999004754,31
148,737,1,3,1,571.0282692299742,31
100,713,1,3,1,400.59901347799007,31
90,65,1,3,1,493.025273869795,31
110,75,1,3,1,63.74954384534606,31
116,113,1,3,1,426.7216904556886,31
108,75,1,3,1,390.94898917276953,31
116,722,1,3,1,542.3538032865895,31
98,159,1,3,1,704.7364293027001,31
114,158,1,3,1,276.1543086285002,31
118,266,1,3,1,161.32274310050468,31
90,207,1,3,1,493.025273869795,31
98,11,1,3,1,321.8463514192975,31
172,200,1,3,1,482.6636756724006,31
90,208,1,3,1,493.025273869795,31
90,59,1,3,1,316.7921513354347,31
108,245,1,3,1,390.94898917276953,31
106,81,1,3,1,327.2464366608781,31
106,162,1,3,1,327.2464366608781,31
100,146,1,3,1,215.13170528375647,31
116,51,1,3,1,542.3538032865895,31
110,29,1,3,1,63.74954384534606,31
96,185,1,3,1,261.21449190524123,31
135,245,1,3,1,258.61964168529437,31
96,163,1,3,1,261.21449190524123,31
108,413,1,3,1,390.94898917276953,31
166,178,1,3,1,423.2671861541669,31
166,223,1,3,1,423.2671861541669,31
150,302,1,3,1,818.4861360691721,31
94,128,1,3,1,297.64565318658504,31
112,330,1,3,1,847.7409041008816,31
132,105,1,3,1,318.6380189567247,31
132,88,1,3,1,318.6380189567247,31
148,734,1,3,1,571.0282692299742,31
148,246,1,3,1,365.9898999426346,31
106,108,1,3,1,327.2464366608781,31
135,74,1,3,1,258.61964168529437,31
92,179,1,3,1,427.1223931238552,31
118,95,1,3,1,161.32274310050468,31
98,60,1,3,1,321.8463514192975,31
100,712,1,3,1,400.59901347799007,31
90,178,1,3,1,316.7921513354347,31
132,55,1,3,1,318.6380189567247,31
94,90,1,3,1,297.64565318658504,31
116,724,1,3,1,542.3538032865895,31
150,373,1,3,1,818.4861360691721,31
118,70,1,3,1,161.32274310050468,31
106,104,1,3,1,302.1360049417556,31
135,32,1,3,1,258.61964168529437,31
98,709,1,3,1,704.7364293027001,31
148,215,1,3,1,365.9898999426346,31
114,204,1,3,1,276.1543086285002,31
94,150,1,3,1,445.9691891486487,31
96,141,1,3,1,261.21449190524123,31
108,301,1,3,1,390.94898917276953,31
135,53,1,3,1,258.61964168529437,31
118,119,1,3,1,161.32274310050468,31
96,707,1,3,1,470.08294374761783,31
110,68,1,3,1,63.74954384534606,31
114,52,1,3,1,276.1543086285002,31
166,87,1,3,1,423.2671861541669,31
135,10,1,3,1,258.61964168529437,31
108,131,1,3,1,390.94898917276953,31
106,78,1,3,1,302.1360049417556,31
94,260,1,3,1,297.64565318658504,31
124,10,1,3,2,290.89821974410876,31
159,38,1,3,2,403.0977687858697,31
133,39,1,3,2,203.2186967159682,31
161,110,1,3,2,357.6273053780045,31
139,36,1,3,2,446.9194779296376,31
143,75,1,3,2,349.23046773856817,31
161,19,1,3,2,357.6273053780045,31
153,209,1,3,2,639.0113881888147,31
170,70,1,3,2,523.3570084721441,31
159,66,1,3,2,403.0977687858697,31
170,85,1,3,2,523.3570084721441,31
161,4,1,3,2,357.6273053780045,31
137,33,1,3,2,233.32894983976706,31
141,160,1,3,2,1121.4366796815837,31
139,142,1,3,2,446.9194779296376,31
151,321,1,3,2,517.7547484693293,31
159,79,1,3,2,403.0977687858697,31
130,581,1,3,2,638.7025559313136,31
146,179,1,3,2,235.6813824474951,31
167,36,1,3,2,228.75160755368913,31
124,184,1,3,2,290.89821974410876,31
122,101,1,3,2,247.05629431828717,31
157,97,1,3,2,344.85276246207917,31
130,422,1,3,2,638.7025559313136,31
170,100,1,3,2,523.3570084721441,31
167,65,1,3,2,228.75160755368913,31
122,152,1,3,2,247.05629431828717,31
167,54,1,3,2,228.75160755368913,31
175,69,1,3,2,354.51950131534693,31
163,90,1,3,2,258.5229512193606,31
163,114,1,3,2,258.5229512193606,31
175,18,1,3,2,354.51950131534693,31
143,732,1,3,2,1146.1376483614874,31
130,104,1,3,2,638.7025559313136,31
141,88,1,3,2,500.2207631752981,31
101,13,1,3,2,321.3026674537347,31
101,124,1,3,2,509.18267510838746,31
122,202,1,3,2,247.05629431828717,31
159,17,1,3,2,403.0977687858697,31
170,114,1,3,2,523.3570084721441,31
167,59,1,3,2,228.75160755368913,31
120,61,1,3,2,260.11878582445223,31
128,113,1,3,2,135.4949809328912,31
133,164,1,3,2,203.2186967159682,31
124,26,1,3,2,290.89821974410876,31
101,252,1,3,2,321.3026674537347,31
146,237,1,3,2,460.3074935592077,31
163,102,1,3,2,258.5229512193606,31
141,52,1,3,2,500.2207631752981,31
163,4,1,3,2,258.5229512193606,31
143,92,1,3,2,349.23046773856817,31
155,63,1,3,2,331.5717325075846,31
157,31,1,3,2,344.85276246207917,31
155,745,1,3,2,644.9207291527937,31
153,116,1,3,2,302.0203954547522,31
133,25,1,3,2,203.2186967159682,31
170,41,1,3,2,523.3570084721441,31
122,33,1,3,2,247.05629431828717,31
159,45,1,3,2,403.0977687858697,31
163,65,1,3,2,258.5229512193606,31
151,741,1,3,2,638.4893780641665,31
120,174,1,3,2,260.11878582445223,31
163,138,1,3,2,258.5229512193606,31
126,128,1,3,2,517.665000668036,31
139,21,1,3,2,446.9194779296376,31
170,143,1,3,2,523.3570084721441,31
146,61,1,3,2,235.6813824474951,31
124,168,1,3,2,290.89821974410876,31
157,45,1,3,2,344.85276246207917,31
155,98,1,3,2,331.5717325075846,31
151,3,1,3,2,517.7547484693293,31
128,101,1,3,2,135.4949809328912,31
151,742,1,3,2,638.4893780641665,31
143,142,1,3,2,349.23046773856817,31
124,41,1,3,2,290.89821974410876,31
120,199,1,3,2,985.8709897944781,31
146,100,1,3,2,235.6813824474951,31
146,22,1,3,2,235.6813824474951,31
122,67,1,3,2,247.05629431828717,31
151,26,1,3,2,517.7547484693293,31
146,733,1,3,2,460.3074935592077,31
143,41,1,3,2,349.23046773856817,31
122,185,1,3,2,247.05629431828717,31
137,4,1,3,2,233.32894983976706,31
137,14,1,3,2,233.32894983976706,31
146,139,1,3,2,235.6813824474951,31
126,77,1,3,2,517.665000668036,31
141,64,1,3,2,500.2207631752981,31
170,12,1,3,2,523.3570084721441,31
122,118,1,3,2,247.05629431828717,31
146,120,1,3,2,235.6813824474951,31
141,76,1,3,2,500.2207631752981,31
141,112,1,3,2,500.2207631752981,31
101,232,1,3,2,321.3026674537347,31
128,158,1,3,2,135.4949809328912,31
153,744,1,3,2,639.0113881888147,31
124,136,1,3,2,290.89821974410876,31
128,124,1,3,2,135.4949809328912,31
161,216,1,3,2,357.6273053780045,31
137,9,1,3,2,233.32894983976706,31
173,162,1,3,2,533.8208615673161,31
130,379,1,3,2,638.7025559313136,31
175,9,1,3,2,354.51950131534693,31
175,35,1,3,2,354.51950131534693,31
175,61,1,3,2,354.51950131534693,31
151,185,1,3,2,517.7547484693293,31
159,59,1,3,2,403.0977687858697,31
128,135,1,3,2,135.4949809328912,31
161,125,1,3,2,357.6273053780045,31
101,53,1,3,2,321.3026674537347,31
175,95,1,3,2,354.51950131534693,31
141,124,1,3,2,500.2207631752981,31
130,157,1,3,2,638.7025559313136,31
126,231,1,3,2,517.665000668036,31
124,152,1,3,2,290.89821974410876,31
175,44,1,3,2,354.51950131534693,31
157,71,1,3,2,344.85276246207917,31
133,67,1,3,2,203.2186967159682,31
126,725,1,3,2,1551.1965126896855,31
139,96,1,3,2,446.9194779296376,31
163,29,1,3,2,258.5229512193606,31
137,37,1,3,2,233.32894983976706,31
153,103,1,3,2,302.0203954547522,31
124,57,1,3,2,290.89821974410876,31
146,159,1,3,2,235.6813824474951,31
173,85,1,3,2,533.8208615673161,31
101,130,1,3,2,509.18267510838746,31
167,18,1,3,2,228.75160755368913,31
139,81,1,3,2,446.9194779296376,31
126,25,1,3,2,517.665000668036,31
175,52,1,3,2,354.51950131534693,31
159,72,1,3,2,403.0977687858697,31
155,169,1,3,2,331.5717325075846,31
130,163,1,3,2,638.7025559313136,31
161,140,1,3,2,357.6273053780045,31
151,743,1,3,2,638.4893780641665,31
161,155,1,3,2,357.6273053780045,31
143,193,1,3,2,349.23046773856817,31
153,89,1,3,2,302.0203954547522,31
101,715,1,3,2,509.18267510838746,31
120,124,1,3,2,260.11878582445223,31
173,147,1,3,2,533.8208615673161,31
157,18,1,3,2,344.85276246207917,31
128,67,1,3,2,135.4949809328912,31
151,739,1,3,2,638.4893780641665,31
141,28,1,3,2,500.2207631752981,31
155,222,1,3,2,331.5717325075846,31
153,50,1,3,2,302.0203954547522,31
161,49,1,3,2,357.6273053780045,31
173,8,1,3,2,533.8208615673161,31
170,129,1,3,2,523.3570084721441,31
173,177,1,3,2,533.8208615673161,31
120,99,1,3,2,260.11878582445223,31
126,257,1,3,2,517.665000668036,31
130,210,1,3,2,638.7025559313136,31
141,40,1,3,2,500.2207631752981,31
126,154,1,3,2,517.665000668036,31
133,729,1,3,2,445.1884462398285,31
126,334,1,3,2,517.665000668036,31
173,116,1,3,2,533.8208615673161,31
159,52,1,3,2,403.0977687858697,31
159,31,1,3,2,403.0977687858697,31
155,187,1,3,2,331.5717325075846,31
124,89,1,3,2,290.89821974410876,31
137,42,1,3,2,233.32894983976706,31
146,42,1,3,2,235.6813824474951,31
151,71,1,3,2,517.7547484693293,31
120,36,1,3,2,260.11878582445223,31
167,42,1,3,2,228.75160755368913,31
122,50,1,3,2,247.05629431828717,31
139,157,1,3,2,446.9194779296376,31
163,747,1,3,2,878.4678298285228,31
153,143,1,3,2,302.0203954547522,31
163,41,1,3,2,258.5229512193606,31
155,205,1,3,2,331.5717325075846,31
157,137,1,3,2,344.85276246207917,31
137,28,1,3,2,233.32894983976706,31
128,728,1,3,2,317.68408687510833,31
126,103,1,3,2,517.665000668036,31
157,5,1,3,2,344.85276246207917,31
153,129,1,3,2,302.0203954547522,31
128,181,1,3,2,135.4949809328912,31
101,132,1,3,2,321.3026674537347,31
143,7,1,3,2,349.23046773856817,31
128,33,1,3,2,135.4949809328912,31
130,634,1,3,2,638.7025559313136,31
133,53,1,3,2,203.2186967159682,31
163,53,1,3,2,258.5229512193606,31
159,3,1,3,2,403.0977687858697,31
130,528,1,3,2,638.7025559313136,31
155,746,1,3,2,644.9207291527937,31
163,16,1,3,2,258.5229512193606,31
157,111,1,3,2,344.85276246207917,31
120,112,1,3,2,260.11878582445223,31
167,30,1,3,2,228.75160755368913,31
151,738,1,3,2,638.4893780641665,31
139,126,1,3,2,446.9194779296376,31
151,740,1,3,2,638.4893780641665,31
157,58,1,3,2,344.85276246207917,31
167,24,1,3,2,228.75160755368913,31
173,24,1,3,2,533.8208615673161,31
170,56,1,3,2,523.3570084721441,31
120,86,1,3,2,260.11878582445223,31
146,2,1,3,2,460.3074935592077,31
139,202,1,3,2,1448.8824442169325,31
122,135,1,3,2,247.05629431828717,31
157,124,1,3,2,344.85276246207917,31
155,80,1,3,2,331.5717325075846,31
167,12,1,3,2,228.75160755368913,31
139,111,1,3,2,446.9194779296376,31
173,54,1,3,2,533.8208615673161,31
133,108,1,3,2,203.2186967159682,31
130,316,1,3,2,638.7025559313136,31
159,10,1,3,2,403.0977687858697,31
137,56,1,3,2,233.32894983976706,31
175,27,1,3,2,354.51950131534693,31
133,730,1,3,2,445.1884462398285,31
133,11,1,3,2,203.2186967159682,31
146,218,1,3,2,235.6813824474951,31
143,125,1,3,2,349.23046773856817,31
153,169,1,3,2,639.0113881888147,31
170,172,1,3,2,523.3570084721441,31
141,172,1,3,2,1121.4366796815837,31
161,80,1,3,2,357.6273053780045,31
173,39,1,3,2,533.8208615673161,31
155,9,1,3,2,331.5717325075846,31
141,5,1,3,2,500.2207631752981,31
153,63,1,3,2,302.0203954547522,31
133,80,1,3,2,203.2186967159682,31
161,95,1,3,2,357.6273053780045,31
137,23,1,3,2,233.32894983976706,31
143,176,1,3,2,349.23046773856817,31
130,221,1,3,2,638.7025559313136,31
161,65,1,3,2,357.6273053780045,31
143,58,1,3,2,349.23046773856817,31
141,136,1,3,2,500.2207631752981,31
126,726,1,3,2,1551.1965126896855,31
120,49,1,3,2,260.11878582445223,31
137,47,1,3,2,233.32894983976706,31
170,158,1,3,2,523.3570084721441,31
126,386,1,3,2,517.665000668036,31
143,159,1,3,2,349.23046773856817,31
126,309,1,3,2,517.665000668036,31
163,77,1,3,2,258.5229512193606,31
155,240,1,3,2,644.9207291527937,31
159,24,1,3,2,403.0977687858697,31
173,131,1,3,2,533.8208615673161,31
120,149,1,3,2,260.11878582445223,31
137,52,1,3,2,233.32894983976706,31
153,36,1,3,2,302.0203954547522,31
175,86,1,3,2,354.51950131534693,31
153,76,1,3,2,302.0203954547522,31
170,27,1,3,2,523.3570084721441,31
175,78,1,3,2,354.51950131534693,31
139,172,1,3,2,446.9194779296376,31
175,1,1,3,2,354.51950131534693,31
139,66,1,3,2,446.9194779296376,31
101,189,1,3,2,509.18267510838746,31
101,172,1,3,2,321.3026674537347,31
173,100,1,3,2,533.8208615673161,31
122,168,1,3,2,247.05629431828717,31
128,90,1,3,2,135.4949809328912,31
101,73,1,3,2,321.3026674537347,31
124,73,1,3,2,290.89821974410876,31
157,150,1,3,2,344.85276246207917,31
124,105,1,3,2,290.89821974410876,31
101,33,1,3,2,321.3026674537347,31
137,18,1,3,2,233.32894983976706,31
161,170,1,3,2,357.6273053780045,31
128,45,1,3,2,135.4949809328912,31
143,109,1,3,2,349.23046773856817,31
151,117,1,3,2,517.7547484693293,31
130,308,1,3,2,638.7025559313136,31
122,17,1,3,2,247.05629431828717,31
157,84,1,3,2,344.85276246207917,31
120,24,1,3,2,260.11878582445223,31
167,71,1,3,2,228.75160755368913,31
133,150,1,3,2,203.2186967159682,31
122,84,1,3,2,247.05629431828717,31
120,74,1,3,2,260.11878582445223,31
139,5,1,3,2,446.9194779296376,31
173,70,1,3,2,533.8208615673161,31
155,116,1,3,2,331.5717325075846,31
167,748,1,3,2,773.9091832568082,31
128,727,1,3,2,317.68408687510833,31
167,48,1,3,2,228.75160755368913,31
124,120,1,3,2,290.89821974410876,31
133,122,1,3,2,203.2186967159682,31
91,162,2,3,1,65.70098445890008,32
111,38,2,3,1,287.39992888472295,32
113,45,2,3,1,510.59947716067995,32
89,64,2,3,1,307.9942313815181,32
97,112,2,3,1,460.07381488457685,32
113,118,2,3,1,293.5939473346775,32
117,125,2,3,1,311.6890149898161,32
164,150,2,3,1,353.2228293920642,32
95,230,2,3,1,347.7826300015437,32
89,116,2,3,1,307.9942313815181,32
164,203,2,3,1,353.2228293920642,32
99,237,2,3,1,239.34261763951585,32
109,220,2,3,1,1066.0699917506972,32
99,95,2,3,1,239.34261763951585,32
97,38,2,3,1,315.7976445870524,32
149,256,2,3,1,333.19457093991866,32
107,230,2,3,1,302.5105540364336,32
149,77,2,3,1,333.19457093991866,32
164,18,2,3,1,353.2228293920642,32
149,18,2,3,1,333.19457093991866,32
111,215,2,3,1,287.39992888472295,32
91,540,2,3,1,65.70098445890008,32
113,144,2,3,1,293.5939473346775,32
164,177,2,3,1,353.2228293920642,32
103,269,2,3,1,271.4122364415073,32
93,20,2,3,1,308.60583666619186,32
115,302,2,3,1,519.0440859099691,32
107,147,2,3,1,302.5105540364336,32
91,28,2,3,1,138.6450344673832,32
164,97,2,3,1,353.2228293920642,32
119,15,2,3,1,269.65660191939,32
117,51,2,3,1,311.6890149898161,32
89,45,2,3,1,428.48671428410086,32
91,131,2,3,1,138.6450344673832,32
169,164,2,3,1,310.78665475020404,32
91,197,2,3,1,65.70098445890008,32
117,135,2,3,1,311.6890149898161,32
91,437,2,3,1,65.70098445890008,32
105,141,2,3,1,283.38013063111043,32
103,181,2,3,1,271.4122364415073,32
105,70,2,3,1,309.9545274526923,32
113,323,2,3,1,510.59947716067995,32
107,316,2,3,1,278.30770930590626,32
107,4,2,3,1,302.5105540364336,32
109,123,2,3,1,269.2391184709587,32
109,139,2,3,1,269.2391184709587,32
113,219,2,3,1,293.5939473346775,32
105,15,2,3,1,309.9545274526923,32
95,27,2,3,1,251.02599208033587,32
105,36,2,3,1,283.38013063111043,32
169,100,2,3,1,310.78665475020404,32
144,225,2,3,1,654.6090315114657,32
99,166,2,3,1,239.34261763951585,32
119,102,2,3,1,269.65660191939,32
169,62,2,3,1,310.78665475020404,32
89,193,2,3,1,307.9942313815181,32
119,24,2,3,1,590.5184330199245,32
93,129,2,3,1,332.5032145469035,32
115,363,2,3,1,333.7119817064836,32
93,153,2,3,1,308.60583666619186,32
95,274,2,3,1,347.7826300015437,32
144,177,2,3,1,320.72827839929295,32
149,97,2,3,1,333.19457093991866,32
144,125,2,3,1,320.72827839929295,32
115,423,2,3,1,333.7119817064836,32
97,89,2,3,1,315.7976445870524,32
164,44,2,3,1,353.2228293920642,32
134,26,2,3,1,266.7720008516102,32
107,117,2,3,1,302.5105540364336,32
113,194,2,3,1,293.5939473346775,32
91,334,2,3,1,65.70098445890008,32
144,33,2,3,1,320.72827839929295,32
134,130,2,3,1,266.7720008516102,32
119,224,2,3,1,269.65660191939,32
113,18,2,3,1,293.5939473346775,32
103,199,2,3,1,271.4122364415073,32
97,115,2,3,1,315.7976445870524,32
169,151,2,3,1,310.78665475020404,32
164,190,2,3,1,353.2228293920642,32
109,44,2,3,1,269.2391184709587,32
176,96,2,3,1,367.03795022369303,32
164,5,2,3,1,353.2228293920642,32
117,104,2,3,1,311.6890149898161,32
111,56,2,3,1,449.63919743110733,32
119,180,2,3,1,590.5184330199245,32
115,93,2,3,1,333.7119817064836,32
99,272,2,3,1,239.34261763951585,32
176,1,2,3,1,367.03795022369303,32
93,127,2,3,1,308.60583666619186,32
93,103,2,3,1,332.5032145469035,32
105,177,2,3,1,283.38013063111043,32
144,112,2,3,1,320.72827839929295,32
105,102,2,3,1,309.9545274526923,32
109,91,2,3,1,269.2391184709587,32
95,128,2,3,1,347.7826300015437,32
89,142,2,3,1,307.9942313815181,32
115,453,2,3,1,333.7119817064836,32
107,339,2,3,1,278.30770930590626,32
105,23,2,3,1,309.9545274526923,32
111,18,2,3,1,449.63919743110733,32
109,250,2,3,1,269.2391184709587,32
119,50,2,3,1,269.65660191939,32
89,103,2,3,1,307.9942313815181,32
115,123,2,3,1,333.7119817064836,32
119,154,2,3,1,269.65660191939,32
169,176,2,3,1,310.78665475020404,32
99,25,2,3,1,239.34261763951585,32
103,156,2,3,1,656.8592679994492,32
109,75,2,3,1,269.2391184709587,32
95,276,2,3,1,347.7826300015437,32
97,204,2,3,1,460.07381488457685,32
119,85,2,3,1,269.65660191939,32
99,98,2,3,1,568.2993813666368,32
113,93,2,3,1,293.5939473346775,32
149,259,2,3,1,738.8109086073351,32
97,154,2,3,1,315.7976445870524,32
105,31,2,3,1,309.9545274526923,32
109,60,2,3,1,269.2391184709587,32
149,196,2,3,1,333.19457093991866,32
113,294,2,3,1,293.5939473346775,32
111,270,2,3,1,449.63919743110733,32
119,137,2,3,1,269.65660191939,32
169,74,2,3,1,310.78665475020404,32
176,128,2,3,1,367.03795022369303,32
93,260,2,3,1,308.60583666619186,32
164,137,2,3,1,353.2228293920642,32
164,124,2,3,1,353.2228293920642,32
149,157,2,3,1,333.19457093991866,32
119,229,2,3,1,590.5184330199245,32
117,146,2,3,1,311.6890149898161,32
149,176,2,3,1,333.19457093991866,32
169,49,2,3,1,310.78665475020404,32
107,103,2,3,1,302.5105540364336,32
144,131,2,3,1,654.6090315114657,32
99,255,2,3,1,239.34261763951585,32
144,60,2,3,1,320.72827839929295,32
103,239,2,3,1,656.8592679994492,32
115,152,2,3,1,519.0440859099691,32
149,38,2,3,1,333.19457093991866,32
93,52,2,3,1,332.5032145469035,32
176,65,2,3,1,367.03795022369303,32
169,125,2,3,1,310.78665475020404,32
176,192,2,3,1,367.03795022369303,32
134,56,2,3,1,266.7720008516102,32
169,113,2,3,1,310.78665475020404,32
117,93,2,3,1,311.6890149898161,32
134,115,2,3,1,266.7720008516102,32
89,167,2,3,1,307.9942313815181,32
134,11,2,3,1,266.7720008516102,32
95,98,2,3,1,251.02599208033587,32
103,57,2,3,1,271.4122364415073,32
89,95,2,3,1,428.48671428410086,32
99,131,2,3,1,239.34261763951585,32
103,128,2,3,1,271.4122364415073,32
144,164,2,3,1,320.72827839929295,32
111,251,2,3,1,287.39992888472295,32
107,78,2,3,1,278.30770930590626,32
115,333,2,3,1,333.7119817064836,32
95,186,2,3,1,347.7826300015437,32
103,252,2,3,1,271.4122364415073,32
149,117,2,3,1,333.19457093991866,32
103,234,2,3,1,271.4122364415073,32
176,176,2,3,1,367.03795022369303,32
113,376,2,3,1,510.59947716067995,32
91,265,2,3,1,65.70098445890008,32
89,13,2,3,1,307.9942313815181,32
115,243,2,3,1,333.7119817064836,32
134,174,2,3,1,266.7720008516102,32
97,90,2,3,1,460.07381488457685,32
95,133,2,3,1,251.02599208033587,32
97,192,2,3,1,315.7976445870524,32
134,234,2,3,1,266.7720008516102,32
95,9,2,3,1,251.02599208033587,32
111,180,2,3,1,287.39992888472295,32
176,49,2,3,1,367.03795022369303,32
97,64,2,3,1,315.7976445870524,32
164,71,2,3,1,353.2228293920642,32
111,75,2,3,1,449.63919743110733,32
105,188,2,3,1,283.38013063111043,32
95,80,2,3,1,251.02599208033587,32
119,67,2,3,1,269.65660191939,32
115,213,2,3,1,333.7119817064836,32
176,223,2,3,1,367.03795022369303,32
103,110,2,3,1,271.4122364415073,32
93,209,2,3,1,332.5032145469035,32
144,7,2,3,1,320.72827839929295,32
117,167,2,3,1,311.6890149898161,32
169,23,2,3,1,310.78665475020404,32
144,73,2,3,1,320.72827839929295,32
95,106,2,3,1,251.02599208033587,32
105,83,2,3,1,283.38013063111043,32
176,112,2,3,1,367.03795022369303,32
109,155,2,3,1,269.2391184709587,32
134,189,2,3,1,266.7720008516102,32
105,71,2,3,1,283.38013063111043,32
111,128,2,3,1,449.63919743110733,32
107,173,2,3,1,278.30770930590626,32
89,90,2,3,1,307.9942313815181,32
107,31,2,3,1,302.5105540364336,32
117,9,2,3,1,311.6890149898161,32
97,100,2,3,1,460.07381488457685,32
105,10,2,3,1,309.9545274526923,32
113,244,2,3,1,293.5939473346775,32
149,234,2,3,1,738.8109086073351,32
117,83,2,3,1,311.6890149898161,32
95,35,2,3,1,251.02599208033587,32
117,41,2,3,1,311.6890149898161,32
169,202,2,3,1,310.78665475020404,32
99,202,2,3,1,239.34261763951585,32
99,8,2,3,1,568.2993813666368,32
144,138,2,3,1,320.72827839929295,32
109,12,2,3,1,269.2391184709587,32
99,184,2,3,1,239.34261763951585,32
109,187,2,3,1,269.2391184709587,32
93,132,2,3,1,332.5032145469035,32
117,20,2,3,1,311.6890149898161,32
111,109,2,3,1,287.39992888472295,32
109,28,2,3,1,269.2391184709587,32
91,81,2,3,1,138.6450344673832,32
164,84,2,3,1,353.2228293920642,32
97,141,2,3,1,315.7976445870524,32
93,245,2,3,1,332.5032145469035,32
103,92,2,3,1,271.4122364415073,32
115,3,2,3,1,519.0440859099691,32
107,204,2,3,1,302.5105540364336,32
89,61,2,3,1,428.48671428410086,32
134,71,2,3,1,266.7720008516102,32
111,197,2,3,1,287.39992888472295,32
89,118,2,3,1,428.48671428410086,32
97,167,2,3,1,315.7976445870524,32
103,22,2,3,1,271.4122364415073,32
169,11,2,3,1,310.78665475020404,32
115,64,2,3,1,519.0440859099691,32
117,62,2,3,1,311.6890149898161,32
91,300,2,3,1,65.70098445890008,32
134,137,2,3,1,990.892275155728,32
149,275,2,3,1,333.19457093991866,32
176,33,2,3,1,367.03795022369303,32
93,233,2,3,1,308.60583666619186,32
111,2,2,3,1,287.39992888472295,32
113,346,2,3,1,510.59947716067995,32
107,220,2,3,1,278.30770930590626,32
119,32,2,3,1,269.65660191939,32
144,18,2,3,1,654.6090315114657,32
176,160,2,3,1,367.03795022369303,32
99,42,2,3,1,239.34261763951585,32
91,25,2,3,1,65.70098445890008,32
134,204,2,3,1,266.7720008516102,32
93,100,2,3,1,308.60583666619186,32
134,85,2,3,1,266.7720008516102,32
176,239,2,3,1,367.03795022369303,32
91,403,2,3,1,65.70098445890008,32
162,28,2,3,2,506.5980796610216,32
168,189,2,3,2,402.6507195525753,32
162,45,2,3,2,506.5980796610216,32
160,15,2,3,2,525.3893234145928,32
136,81,2,3,2,320.2268873477296,32
121,175,2,3,2,287.42531734969833,32
162,19,2,3,2,506.5980796610216,32
165,50,2,3,2,76.3135069345622,32
147,153,2,3,2,370.1361391099507,32
129,204,2,3,2,447.6748655625415,32
162,87,2,3,2,506.5980796610216,32
154,12,2,3,2,417.8981396488749,32
156,162,2,3,2,572.8776939755393,32
160,67,2,3,2,525.3893234145928,32
154,64,2,3,2,417.8981396488749,32
162,95,2,3,2,506.5980796610216,32
162,121,2,3,2,506.5980796610216,32
140,33,2,3,2,327.85245091788005,32
162,11,2,3,2,506.5980796610216,32
140,23,2,3,2,327.85245091788005,32
158,101,2,3,2,303.96537794999335,32
121,131,2,3,2,287.42531734969833,32
138,70,2,3,2,332.145756822757,32
162,53,2,3,2,506.5980796610216,32
102,130,2,3,2,620.1632778819979,32
129,157,2,3,2,271.8873823114308,32
138,27,2,3,2,332.145756822757,32
142,53,2,3,2,382.1568138922939,32
123,20,2,3,2,332.79653960978317,32
121,29,2,3,2,287.42531734969833,32
174,262,2,3,2,322.1628875526923,32
127,15,2,3,2,273.63845036324835,32
131,147,2,3,2,385.80675370579615,32
123,54,2,3,2,332.79653960978317,32
160,84,2,3,2,525.3893234145928,32
165,19,2,3,2,76.3135069345622,32
152,11,2,3,2,1132.5593626447358,32
171,50,2,3,2,452.45630059694275,32
158,136,2,3,2,970.7245349236554,32
142,227,2,3,2,382.1568138922939,32
131,67,2,3,2,385.80675370579615,32
156,50,2,3,2,307.1314539238597,32
145,132,2,3,2,707.4110233910881,32
138,98,2,3,2,332.145756822757,32
165,6,2,3,2,76.3135069345622,32
174,388,2,3,2,322.1628875526923,32
125,76,2,3,2,551.7400659270553,32
127,61,2,3,2,273.63845036324835,32
156,125,2,3,2,307.1314539238597,32
131,90,2,3,2,273.5273301539355,32
142,164,2,3,2,382.1568138922939,32
102,407,2,3,2,446.74098643882,32
102,267,2,3,2,446.74098643882,32
102,162,2,3,2,446.74098643882,32
138,84,2,3,2,332.145756822757,32
131,41,2,3,2,273.5273301539355,32
145,71,2,3,2,325.6026683623881,32
102,197,2,3,2,446.74098643882,32
102,22,2,3,2,446.74098643882,32
131,65,2,3,2,273.5273301539355,32
127,200,2,3,2,273.63845036324835,32
147,215,2,3,2,370.1361391099507,32
154,29,2,3,2,417.8981396488749,32
102,57,2,3,2,446.74098643882,32
168,43,2,3,2,402.6507195525753,32
121,205,2,3,2,287.42531734969833,32
168,72,2,3,2,402.6507195525753,32
171,91,2,3,2,452.45630059694275,32
129,33,2,3,2,271.8873823114308,32
125,68,2,3,2,551.7400659270553,32
140,101,2,3,2,327.85245091788005,32
171,1,2,3,2,452.45630059694275,32
165,25,2,3,2,76.3135069345622,32
168,14,2,3,2,402.6507195525753,32
156,174,2,3,2,307.1314539238597,32
125,77,2,3,2,415.6648567910963,32
102,67,2,3,2,620.1632778819979,32
171,123,2,3,2,452.45630059694275,32
168,174,2,3,2,402.6507195525753,32
152,80,2,3,2,252.50972127312298,32
165,13,2,3,2,76.3135069345622,32
171,83,2,3,2,452.45630059694275,32
129,15,2,3,2,271.8873823114308,32
145,63,2,3,2,325.6026683623881,32
152,132,2,3,2,252.50972127312298,32
171,99,2,3,2,452.45630059694275,32
171,34,2,3,2,452.45630059694275,32
127,293,2,3,2,426.1827997241063,32
147,75,2,3,2,370.1361391099507,32
138,91,2,3,2,332.145756822757,32
156,38,2,3,2,307.1314539238597,32
158,56,2,3,2,303.96537794999335,32
140,150,2,3,2,327.85245091788005,32
174,35,2,3,2,322.1628875526923,32
158,86,2,3,2,303.96537794999335,32
171,9,2,3,2,452.45630059694275,32
160,32,2,3,2,525.3893234145928,32
168,160,2,3,2,402.6507195525753,32
145,106,2,3,2,325.6026683623881,32
156,45,2,3,2,572.8776939755393,32
140,111,2,3,2,327.85245091788005,32
158,18,2,3,2,303.96537794999335,32
168,116,2,3,2,402.6507195525753,32
165,28,2,3,2,76.3135069345622,32
174,237,2,3,2,322.1628875526923,32
158,108,2,3,2,303.96537794999335,32
131,97,2,3,2,385.80675370579615,32
156,88,2,3,2,307.1314539238597,32
158,116,2,3,2,303.96537794999335,32
154,150,2,3,2,417.8981396488749,32
121,154,2,3,2,730.3883443891312,32
102,442,2,3,2,446.74098643882,32
171,26,2,3,2,452.45630059694275,32
138,6,2,3,2,332.145756822757,32
127,107,2,3,2,273.63845036324835,32
121,161,2,3,2,287.42531734969833,32
121,219,2,3,2,287.42531734969833,32
140,130,2,3,2,327.85245091788005,32
136,188,2,3,2,320.2268873477296,32
154,201,2,3,2,417.8981396488749,32
129,210,2,3,2,271.8873823114308,32
121,234,2,3,2,287.42531734969833,32
152,119,2,3,2,252.50972127312298,32
171,66,2,3,2,452.45630059694275,32
136,10,2,3,2,320.2268873477296,32
168,233,2,3,2,402.6507195525753,32
131,115,2,3,2,273.5273301539355,32
147,13,2,3,2,370.1361391099507,32
136,99,2,3,2,320.2268873477296,32
154,133,2,3,2,417.8981396488749,32
125,142,2,3,2,415.6648567910963,32
154,81,2,3,2,417.8981396488749,32
154,218,2,3,2,417.8981396488749,32
136,242,2,3,2,320.2268873477296,32
165,44,2,3,2,76.3135069345622,32
125,103,2,3,2,551.7400659270553,32
131,16,2,3,2,273.5273301539355,32
125,120,2,3,2,415.6648567910963,32
162,112,2,3,2,506.5980796610216,32
138,13,2,3,2,332.145756822757,32
138,34,2,3,2,332.145756822757,32
136,45,2,3,2,320.2268873477296,32
138,112,2,3,2,332.145756822757,32
125,164,2,3,2,415.6648567910963,32
131,62,2,3,2,385.80675370579615,32
174,338,2,3,2,322.1628875526923,32
125,55,2,3,2,415.6648567910963,32
174,85,2,3,2,322.1628875526923,32
156,81,2,3,2,572.8776939755393,32
168,102,2,3,2,402.6507195525753,32
140,13,2,3,2,327.85245091788005,32
158,41,2,3,2,303.96537794999335,32
147,184,2,3,2,370.1361391099507,32
125,33,2,3,2,415.6648567910963,32
123,63,2,3,2,332.79653960978317,32
156,187,2,3,2,307.1314539238597,32
174,136,2,3,2,322.1628875526923,32
158,11,2,3,2,303.96537794999335,32
129,233,2,3,2,447.6748655625415,32
165,38,2,3,2,76.3135069345622,32
160,220,2,3,2,525.3893234145928,32
160,101,2,3,2,525.3893234145928,32
142,22,2,3,2,382.1568138922939,32
142,38,2,3,2,382.1568138922939,32
142,85,2,3,2,382.1568138922939,32
142,117,2,3,2,382.1568138922939,32
123,80,2,3,2,332.79653960978317,32
165,31,2,3,2,76.3135069345622,32
136,117,2,3,2,320.2268873477296,32
160,152,2,3,2,525.3893234145928,32
142,148,2,3,2,382.1568138922939,32
123,144,2,3,2,1091.5195300981316,32
123,133,2,3,2,332.79653960978317,32
127,169,2,3,2,273.63845036324835,32
154,167,2,3,2,417.8981396488749,32
123,124,2,3,2,332.79653960978317,32
123,115,2,3,2,332.79653960978317,32
121,14,2,3,2,287.42531734969833,32
131,173,2,3,2,385.80675370579615,32
123,89,2,3,2,332.79653960978317,32
171,18,2,3,2,452.45630059694275,32
127,19,2,3,2,426.1827997241063,32
145,28,2,3,2,325.6026683623881,32
145,89,2,3,2,325.6026683623881,32
136,170,2,3,2,320.2268873477296,32
168,131,2,3,2,402.6507195525753,32
123,28,2,3,2,332.79653960978317,32
147,28,2,3,2,370.1361391099507,32
156,149,2,3,2,307.1314539238597,32
174,287,2,3,2,322.1628875526923,32
142,211,2,3,2,382.1568138922939,32
174,363,2,3,2,322.1628875526923,32
145,1,2,3,2,325.6026683623881,32
140,52,2,3,2,327.85245091788005,32
127,138,2,3,2,273.63845036324835,32
136,153,2,3,2,320.2268873477296,32
162,129,2,3,2,506.5980796610216,32
171,58,2,3,2,452.45630059694275,32
160,135,2,3,2,525.3893234145928,32
147,137,2,3,2,370.1361391099507,32
121,56,2,3,2,730.3883443891312,32
142,157,2,3,2,943.3079537631461,32
142,195,2,3,2,943.3079537631461,32
165,16,2,3,2,76.3135069345622,32
131,28,2,3,2,273.5273301539355,32
136,224,2,3,2,320.2268873477296,32
125,42,2,3,2,551.7400659270553,32
129,202,2,3,2,447.6748655625415,32
138,62,2,3,2,332.145756822757,32
152,28,2,3,2,252.50972127312298,32
147,200,2,3,2,370.1361391099507,32
123,46,2,3,2,332.79653960978317,32
127,71,2,3,2,426.1827997241063,32
127,246,2,3,2,273.63845036324835,32
121,190,2,3,2,287.42531734969833,32
168,218,2,3,2,402.6507195525753,32
127,76,2,3,2,273.63845036324835,32
154,270,2,3,2,417.8981396488749,32
123,98,2,3,2,332.79653960978317,32
147,91,2,3,2,370.1361391099507,32
152,93,2,3,2,252.50972127312298,32
129,68,2,3,2,271.8873823114308,32
162,78,2,3,2,506.5980796610216,32
136,260,2,3,2,320.2268873477296,32
174,60,2,3,2,322.1628875526923,32
129,139,2,3,2,271.8873823114308,32
162,62,2,3,2,506.5980796610216,32
145,54,2,3,2,325.6026683623881,32
142,243,2,3,2,382.1568138922939,32
154,98,2,3,2,417.8981396488749,32
140,140,2,3,2,327.85245091788005,32
127,54,2,3,2,426.1827997241063,32
156,75,2,3,2,307.1314539238597,32
152,41,2,3,2,252.50972127312298,32
125,43,2,3,2,551.7400659270553,32
152,145,2,3,2,252.50972127312298,32
125,99,2,3,2,415.6648567910963,32
160,237,2,3,2,525.3893234145928,32
152,184,2,3,2,252.50972127312298,32
152,67,2,3,2,252.50972127312298,32
154,236,2,3,2,417.8981396488749,32
165,3,2,3,2,76.3135069345622,32
129,103,2,3,2,271.8873823114308,32
140,72,2,3,2,327.85245091788005,32
160,271,2,3,2,525.3893234145928,32
158,48,2,3,2,303.96537794999335,32
174,161,2,3,2,322.1628875526923,32
158,71,2,3,2,303.96537794999335,32
140,62,2,3,2,327.85245091788005,32
168,58,2,3,2,402.6507195525753,32
145,98,2,3,2,325.6026683623881,32
138,41,2,3,2,332.145756822757,32
158,26,2,3,2,303.96537794999335,32
160,203,2,3,2,525.3893234145928,32
147,59,2,3,2,370.1361391099507,32
102,337,2,3,2,446.74098643882,32
102,80,2,3,2,620.1632778819979,32
174,186,2,3,2,322.1628875526923,32
145,13,2,3,2,707.4110233910881,32
129,208,2,3,2,447.6748655625415,32
102,121,2,3,2,620.1632778819979,32
165,41,2,3,2,76.3135069345622,32
160,169,2,3,2,525.3893234145928,32
145,19,2,3,2,325.6026683623881,32
152,171,2,3,2,252.50972127312298,32
136,27,2,3,2,320.2268873477296,32
145,36,2,3,2,325.6026683623881,32
147,122,2,3,2,370.1361391099507,32
147,246,2,3,2,370.1361391099507,32
140,91,2,3,2,327.85245091788005,32
152,15,2,3,2,252.50972127312298,32
156,26,2,3,2,307.1314539238597,32
131,164,2,3,2,273.5273301539355,32
121,58,2,3,2,287.42531734969833,32
138,55,2,3,2,332.145756822757,32
129,174,2,3,2,271.8873823114308,32
194,107,1,4,1,417.8427707078916,41
181,97,1,4,1,485.38616493823696,41
214,106,1,4,1,269.78878353919947,41
198,75,1,4,1,510.03553511480715,41
198,276,1,4,1,510.03553511480715,41
208,32,1,4,1,301.25826956635115,41
189,46,1,4,1,362.65072708565606,41
214,22,1,4,1,269.78878353919947,41
212,87,1,4,1,218.9967945996304,41
212,80,1,4,1,218.9967945996304,41
208,21,1,4,1,301.25826956635115,41
194,97,1,4,1,417.8427707078916,41
221,73,1,4,1,573.467932939189,41
210,120,1,4,1,246.55688263151768,41
210,75,1,4,1,246.55688263151768,41
198,316,1,4,1,510.03553511480715,41
194,117,1,4,1,417.8427707078916,41
210,254,1,4,1,246.55688263151768,41
200,2,1,4,1,418.62258840929815,41
200,5,1,4,1,418.62258840929815,41
200,254,1,4,1,418.62258840929815,41
210,30,1,4,1,246.55688263151768,41
210,142,1,4,1,538.1433056756014,41
208,130,1,4,1,301.25826956635115,41
202,154,1,4,1,246.40038228792073,41
202,244,1,4,1,246.40038228792073,41
202,750,1,4,1,467.93360649124736,41
202,63,1,4,1,246.40038228792073,41
204,71,1,4,1,370.5039381066437,41
204,269,1,4,1,424.99716431334434,41
206,26,1,4,1,177.72438339884368,41
206,88,1,4,1,177.72438339884368,41
204,125,1,4,1,370.5039381066437,41
206,752,1,4,1,256.4964674150854,41
221,44,1,4,1,573.467932939189,41
221,37,1,4,1,573.467932939189,41
206,493,1,4,1,256.4964674150854,41
221,80,1,4,1,573.467932939189,41
208,98,1,4,1,301.25826956635115,41
229,39,1,4,1,236.85878132802233,41
229,144,1,4,1,236.85878132802233,41
212,35,1,4,1,218.9967945996304,41
208,119,1,4,1,301.25826956635115,41
229,174,1,4,1,236.85878132802233,41
202,222,1,4,1,246.40038228792073,41
229,114,1,4,1,236.85878132802233,41
181,156,1,4,1,485.38616493823696,41
181,39,1,4,1,485.38616493823696,41
204,233,1,4,1,424.99716431334434,41
229,84,1,4,1,236.85878132802233,41
221,22,1,4,1,573.467932939189,41
212,43,1,4,1,218.9967945996304,41
198,195,1,4,1,510.03553511480715,41
189,59,1,4,1,362.65072708565606,41
189,149,1,4,1,362.65072708565606,41
200,281,1,4,1,418.62258840929815,41
229,159,1,4,1,236.85878132802233,41
194,749,1,4,1,1354.5811835505804,41
198,31,1,4,1,510.03553511480715,41
200,273,1,4,1,418.62258840929815,41
221,58,1,4,1,573.467932939189,41
221,15,1,4,1,573.467932939189,41
204,751,1,4,1,424.99716431334434,41
189,71,1,4,1,362.65072708565606,41
194,57,1,4,1,417.8427707078916,41
214,205,1,4,1,269.78878353919947,41
221,8,1,4,1,573.467932939189,41
206,753,1,4,1,256.4964674150854,41
221,29,1,4,1,573.467932939189,41
198,50,1,4,1,510.03553511480715,41
204,161,1,4,1,370.5039381066437,41
181,13,1,4,1,677.0573925116506,41
208,43,1,4,1,301.25826956635115,41
200,271,1,4,1,418.62258840929815,41
204,89,1,4,1,370.5039381066437,41
200,62,1,4,1,418.62258840929815,41
214,163,1,4,1,269.78878353919947,41
214,148,1,4,1,269.78878353919947,41
212,72,1,4,1,218.9967945996304,41
229,24,1,4,1,236.85878132802233,41
202,41,1,4,1,246.40038228792073,41
202,224,1,4,1,467.93360649124736,41
181,10,1,4,1,485.38616493823696,41
189,20,1,4,1,362.65072708565606,41
210,232,1,4,1,246.55688263151768,41
212,110,1,4,1,611.9469238512129,41
198,235,1,4,1,510.03553511480715,41
208,10,1,4,1,301.25826956635115,41
212,13,1,4,1,218.9967945996304,41
214,92,1,4,1,269.78878353919947,41
204,287,1,4,1,424.99716431334434,41
189,136,1,4,1,1199.1260755606927,41
200,177,1,4,1,418.62258840929815,41
198,155,1,4,1,510.03553511480715,41
206,244,1,4,1,177.72438339884368,41
221,1,1,4,1,573.467932939189,41
198,28,1,4,1,510.03553511480715,41
229,129,1,4,1,236.85878132802233,41
181,228,1,4,1,677.0573925116506,41
212,20,1,4,1,218.9967945996304,41
200,159,1,4,1,418.62258840929815,41
200,26,1,4,1,418.62258840929815,41
189,110,1,4,1,362.65072708565606,41
202,131,1,4,1,246.40038228792073,41
214,755,1,4,1,686.5268391205801,41
210,8,1,4,1,246.55688263151768,41
202,37,1,4,1,467.93360649124736,41
194,27,1,4,1,417.8427707078916,41
200,109,1,4,1,418.62258840929815,41
206,181,1,4,1,177.72438339884368,41
202,108,1,4,1,246.40038228792073,41
229,99,1,4,1,236.85878132802233,41
229,69,1,4,1,236.85878132802233,41
229,9,1,4,1,236.85878132802233,41
198,115,1,4,1,510.03553511480715,41
208,87,1,4,1,301.25826956635115,41
214,120,1,4,1,269.78878353919947,41
194,37,1,4,1,417.8427707078916,41
208,109,1,4,1,301.25826956635115,41
206,306,1,4,1,177.72438339884368,41
206,119,1,4,1,177.72438339884368,41
181,185,1,4,1,677.0573925116506,41
200,96,1,4,1,418.62258840929815,41
221,51,1,4,1,573.467932939189,41
204,251,1,4,1,424.99716431334434,41
204,36,1,4,1,370.5039381066437,41
206,57,1,4,1,177.72438339884368,41
202,176,1,4,1,246.40038228792073,41
208,65,1,4,1,301.25826956635115,41
210,910,1,4,1,538.1433056756014,41
189,33,1,4,1,362.65072708565606,41
208,54,1,4,1,301.25826956635115,41
204,107,1,4,1,424.99716431334434,41
212,50,1,4,1,218.9967945996304,41
198,34,1,4,1,510.03553511480715,41
210,209,1,4,1,246.55688263151768,41
210,53,1,4,1,246.55688263151768,41
221,65,1,4,1,573.467932939189,41
198,273,1,4,1,510.03553511480715,41
181,54,1,4,1,485.38616493823696,41
214,64,1,4,1,269.78878353919947,41
206,213,1,4,1,177.72438339884368,41
181,68,1,4,1,485.38616493823696,41
214,8,1,4,1,269.78878353919947,41
194,67,1,4,1,417.8427707078916,41
194,17,1,4,1,417.8427707078916,41
181,112,1,4,1,485.38616493823696,41
189,84,1,4,1,362.65072708565606,41
181,182,1,4,1,677.0573925116506,41
212,102,1,4,1,611.9469238512129,41
214,134,1,4,1,269.78878353919947,41
206,462,1,4,1,256.4964674150854,41
189,97,1,4,1,362.65072708565606,41
229,54,1,4,1,236.85878132802233,41
189,7,1,4,1,362.65072708565606,41
214,911,1,4,1,686.5268391205801,41
194,77,1,4,1,417.8427707078916,41
212,5,1,4,1,218.9967945996304,41
202,267,1,4,1,246.40038228792073,41
181,83,1,4,1,485.38616493823696,41
194,7,1,4,1,417.8427707078916,41
189,123,1,4,1,362.65072708565606,41
208,754,1,4,1,1075.3277605185672,41
210,97,1,4,1,246.55688263151768,41
212,57,1,4,1,218.9967945996304,41
194,87,1,4,1,417.8427707078916,41
216,24,1,4,2,286.8508504372008,41
220,71,1,4,2,411.2411776172399,41
180,6,1,4,2,424.4963527550405,41
216,46,1,4,2,286.8508504372008,41
185,56,1,4,2,272.66451313164106,41
232,106,1,4,2,289.1216974462855,41
180,34,1,4,2,424.4963527550405,41
220,35,1,4,2,411.2411776172399,41
220,53,1,4,2,411.2411776172399,41
228,11,1,4,2,338.2683588244212,41
196,35,1,4,2,448.50762013946434,41
216,54,1,4,2,286.8508504372008,41
226,18,1,4,2,1126.4944223636444,41
188,2,1,4,2,254.36481272676014,41
218,60,1,4,2,338.5779151257402,41
196,15,1,4,2,448.50762013946434,41
196,45,1,4,2,448.50762013946434,41
218,107,1,4,2,338.5779151257402,41
192,70,1,4,2,260.005426314154,41
216,1,1,4,2,286.8508504372008,41
192,14,1,4,2,260.005426314154,41
224,60,1,4,2,315.05438098455113,41
224,51,1,4,2,315.05438098455113,41
180,84,1,4,2,424.4963527550405,41
183,77,1,4,2,124.14912719066102,41
228,16,1,4,2,338.2683588244212,41
192,46,1,4,2,260.005426314154,41
185,76,1,4,2,272.66451313164106,41
185,17,1,4,2,272.66451313164106,41
183,84,1,4,2,124.14912719066102,41
226,118,1,4,2,1126.4944223636444,41
216,39,1,4,2,286.8508504372008,41
178,89,1,4,2,486.3482696928421,41
224,25,1,4,2,315.05438098455113,41
188,29,1,4,2,254.36481272676014,41
183,34,1,4,2,124.14912719066102,41
216,31,1,4,2,286.8508504372008,41
178,40,1,4,2,265.87311434980825,41
183,55,1,4,2,124.14912719066102,41
183,70,1,4,2,124.14912719066102,41
180,26,1,4,2,424.4963527550405,41
232,87,1,4,2,289.1216974462855,41
183,91,1,4,2,393.1148085048496,41
183,41,1,4,2,124.14912719066102,41
196,55,1,4,2,448.50762013946434,41
232,124,1,4,2,289.1216974462855,41
228,37,1,4,2,338.2683588244212,41
226,98,1,4,2,1126.4944223636444,41
216,69,1,4,2,286.8508504372008,41
188,70,1,4,2,254.36481272676014,41
228,23,1,4,2,338.2683588244212,41
188,50,1,4,2,254.36481272676014,41
224,77,1,4,2,315.05438098455113,41
218,42,1,4,2,338.5779151257402,41
196,105,1,4,2,448.50762013946434,41
178,57,1,4,2,265.87311434980825,41
220,11,1,4,2,411.2411776172399,41
178,50,1,4,2,486.3482696928421,41
178,23,1,4,2,265.87311434980825,41
188,16,1,4,2,254.36481272676014,41
218,23,1,4,2,338.5779151257402,41
232,142,1,4,2,289.1216974462855,41
178,99,1,4,2,265.87311434980825,41
183,27,1,4,2,124.14912719066102,41
232,178,1,4,2,289.1216974462855,41
216,76,1,4,2,286.8508504372008,41
228,77,1,4,2,338.2683588244212,41
192,86,1,4,2,260.005426314154,41
180,32,1,4,2,424.4963527550405,41
220,29,1,4,2,411.2411776172399,41
220,65,1,4,2,411.2411776172399,41
224,8,1,4,2,315.05438098455113,41
224,17,1,4,2,315.05438098455113,41
224,43,1,4,2,315.05438098455113,41
218,13,1,4,2,338.5779151257402,41
224,86,1,4,2,315.05438098455113,41
183,62,1,4,2,124.14912719066102,41
224,103,1,4,2,315.05438098455113,41
228,18,1,4,2,338.2683588244212,41
216,16,1,4,2,286.8508504372008,41
178,14,1,4,2,265.87311434980825,41
232,250,1,4,2,970.1238709812507,41
228,9,1,4,2,1028.2467889838172,41
178,11,1,4,2,486.3482696928421,41
226,88,1,4,2,1126.4944223636444,41
196,115,1,4,2,448.50762013946434,41
178,90,1,4,2,265.87311434980825,41
180,56,1,4,2,424.4963527550405,41
183,5,1,4,2,124.14912719066102,41
226,58,1,4,2,1126.4944223636444,41
228,3,1,4,2,338.2683588244212,41
192,38,1,4,2,260.005426314154,41
228,49,1,4,2,338.2683588244212,41
218,88,1,4,2,338.5779151257402,41
218,32,1,4,2,338.5779151257402,41
192,78,1,4,2,260.005426314154,41
178,82,1,4,2,265.87311434980825,41
178,65,1,4,2,265.87311434980825,41
192,22,1,4,2,260.005426314154,41
226,38,1,4,2,1126.4944223636444,41
226,28,1,4,2,1126.4944223636444,41
185,50,1,4,2,272.66451313164106,41
188,77,1,4,2,254.36481272676014,41
220,47,1,4,2,411.2411776172399,41
218,79,1,4,2,1078.565301764851,41
232,33,1,4,2,289.1216974462855,41
218,4,1,4,2,338.5779151257402,41
232,160,1,4,2,289.1216974462855,41
185,24,1,4,2,272.66451313164106,41
196,85,1,4,2,448.50762013946434,41
185,37,1,4,2,272.66451313164106,41
196,5,1,4,2,448.50762013946434,41
224,69,1,4,2,315.05438098455113,41
192,94,1,4,2,260.005426314154,41
232,51,1,4,2,289.1216974462855,41
218,70,1,4,2,338.5779151257402,41
224,95,1,4,2,315.05438098455113,41
188,56,1,4,2,254.36481272676014,41
216,61,1,4,2,286.8508504372008,41
216,9,1,4,2,286.8508504372008,41
218,98,1,4,2,338.5779151257402,41
180,21,1,4,2,424.4963527550405,41
228,78,1,4,2,338.2683588244212,41
188,9,1,4,2,254.36481272676014,41
196,95,1,4,2,448.50762013946434,41
178,74,1,4,2,265.87311434980825,41
192,62,1,4,2,260.005426314154,41
218,51,1,4,2,338.5779151257402,41
180,36,1,4,2,424.4963527550405,41
192,7,1,4,2,260.005426314154,41
226,8,1,4,2,1126.4944223636444,41
192,54,1,4,2,260.005426314154,41
224,34,1,4,2,315.05438098455113,41
196,25,1,4,2,448.50762013946434,41
220,59,1,4,2,411.2411776172399,41
228,28,1,4,2,338.2683588244212,41
185,43,1,4,2,272.66451313164106,41
192,30,1,4,2,260.005426314154,41
232,196,1,4,2,289.1216974462855,41
226,108,1,4,2,1126.4944223636444,41
228,62,1,4,2,338.2683588244212,41
188,43,1,4,2,254.36481272676014,41
232,15,1,4,2,289.1216974462855,41
180,62,1,4,2,424.4963527550405,41
180,3,1,4,2,424.4963527550405,41
232,69,1,4,2,289.1216974462855,41
226,78,1,4,2,1126.4944223636444,41
185,11,1,4,2,272.66451313164106,41
180,61,1,4,2,424.4963527550405,41
185,63,1,4,2,272.66451313164106,41
188,63,1,4,2,254.36481272676014,41
220,17,1,4,2,411.2411776172399,41
185,69,1,4,2,272.66451313164106,41
196,75,1,4,2,448.50762013946434,41
196,65,1,4,2,448.50762013946434,41
188,36,1,4,2,254.36481272676014,41
216,84,1,4,2,286.8508504372008,41
220,41,1,4,2,411.2411776172399,41
183,48,1,4,2,124.14912719066102,41
220,23,1,4,2,411.2411776172399,41
188,22,1,4,2,254.36481272676014,41
183,19,1,4,2,124.14912719066102,41
185,4,1,4,2,272.66451313164106,41
185,30,1,4,2,272.66451313164106,41
226,68,1,4,2,1126.4944223636444,41
220,5,1,4,2,411.2411776172399,41
180,66,1,4,2,424.4963527550405,41
226,48,1,4,2,1126.4944223636444,41
203,151,2,4,1,221.88441035250565,42
201,42,2,4,1,271.7819279897425,42
215,2,2,4,1,194.22236992524324,42
205,47,2,4,1,278.2735439301959,42
186,105,2,4,1,374.48456822041203,42
222,1,2,4,1,335.5730036709207,42
177,122,2,4,1,333.3498625867866,42
190,111,2,4,1,470.51129127340624,42
207,234,2,4,1,324.17256252098736,42
203,17,2,4,1,221.88441035250565,42
213,145,2,4,1,561.4709747795984,42
177,164,2,4,1,333.3498625867866,42
222,68,2,4,1,335.5730036709207,42
230,13,2,4,1,177.75387422612525,42
222,59,2,4,1,335.5730036709207,42
186,144,2,4,1,374.48456822041203,42
190,156,2,4,1,810.409318270781,42
186,118,2,4,1,374.48456822041203,42
195,16,2,4,1,268.8832888390139,42
199,140,2,4,1,395.50268612525923,42
190,76,2,4,1,470.51129127340624,42
215,119,2,4,1,194.22236992524324,42
209,164,2,4,1,316.4090926809286,42
201,173,2,4,1,271.7819279897425,42
215,72,2,4,1,194.22236992524324,42
199,228,2,4,1,395.50268612525923,42
195,83,2,4,1,268.8832888390139,42
199,206,2,4,1,395.50268612525923,42
207,182,2,4,1,324.17256252098736,42
213,45,2,4,1,561.4709747795984,42
201,64,2,4,1,271.7819279897425,42
211,129,2,4,1,269.2476193964722,42
222,39,2,4,1,335.5730036709207,42
222,98,2,4,1,335.5730036709207,42
211,114,2,4,1,269.2476193964722,42
190,94,2,4,1,470.51129127340624,42
211,6,2,4,1,620.2124873400418,42
195,74,2,4,1,268.8832888390139,42
222,78,2,4,1,335.5730036709207,42
201,140,2,4,1,271.7819279897425,42
205,156,2,4,1,278.2735439301959,42
199,338,2,4,1,395.50268612525923,42
190,42,2,4,1,470.51129127340624,42
190,172,2,4,1,810.409318270781,42
207,129,2,4,1,324.17256252098736,42
230,96,2,4,1,177.75387422612525,42
205,107,2,4,1,278.2735439301959,42
211,233,2,4,1,269.2476193964722,42
201,9,2,4,1,271.7819279897425,42
195,112,2,4,1,268.8832888390139,42
215,143,2,4,1,194.22236992524324,42
222,146,2,4,1,335.5730036709207,42
209,235,2,4,1,316.4090926809286,42
201,96,2,4,1,271.7819279897425,42
203,154,2,4,1,752.1806213443616,42
186,197,2,4,1,374.48456822041203,42
222,136,2,4,1,335.5730036709207,42
222,117,2,4,1,335.5730036709207,42
203,268,2,4,1,221.88441035250565,42
213,203,2,4,1,249.58632160185095,42
207,208,2,4,1,324.17256252098736,42
230,68,2,4,1,177.75387422612525,42
177,39,2,4,1,333.3498625867866,42
222,30,2,4,1,335.5730036709207,42
199,250,2,4,1,395.50268612525923,42
195,55,2,4,1,268.8832888390139,42
205,95,2,4,1,278.2735439301959,42
205,144,2,4,1,278.2735439301959,42
207,125,2,4,1,601.8670962868705,42
190,145,2,4,1,470.51129127340624,42
190,25,2,4,1,470.51129127340624,42
230,61,2,4,1,177.75387422612525,42
205,192,2,4,1,278.2735439301959,42
213,118,2,4,1,249.58632160185095,42
203,134,2,4,1,221.88441035250565,42
205,71,2,4,1,278.2735439301959,42
186,210,2,4,1,374.48456822041203,42
186,39,2,4,1,374.48456822041203,42
177,80,2,4,1,333.3498625867866,42
177,60,2,4,1,333.3498625867866,42
177,49,2,4,1,333.3498625867866,42
211,189,2,4,1,269.2476193964722,42
209,270,2,4,1,316.4090926809286,42
190,248,2,4,1,470.51129127340624,42
186,92,2,4,1,374.48456822041203,42
213,101,2,4,1,249.58632160185095,42
201,107,2,4,1,271.7819279897425,42
230,89,2,4,1,177.75387422612525,42
205,22,2,4,1,278.2735439301959,42
222,20,2,4,1,335.5730036709207,42
190,163,2,4,1,810.409318270781,42
209,76,2,4,1,316.4090926809286,42
207,392,2,4,1,324.17256252098736,42
215,178,2,4,1,194.22236992524324,42
190,182,2,4,1,810.409318270781,42
203,67,2,4,1,221.88441035250565,42
230,110,2,4,1,177.75387422612525,42
209,182,2,4,1,316.4090926809286,42
195,131,2,4,1,268.8832888390139,42
195,7,2,4,1,268.8832888390139,42
215,49,2,4,1,194.22236992524324,42
199,162,2,4,1,395.50268612525923,42
207,103,2,4,1,324.17256252098736,42
201,151,2,4,1,271.7819279897425,42
213,33,2,4,1,249.58632160185095,42
230,55,2,4,1,177.75387422612525,42
213,254,2,4,1,249.58632160185095,42
230,82,2,4,1,177.75387422612525,42
207,118,2,4,1,601.8670962868705,42
199,294,2,4,1,395.50268612525923,42
222,107,2,4,1,335.5730036709207,42
195,122,2,4,1,268.8832888390139,42
199,316,2,4,1,395.50268612525923,42
177,101,2,4,1,333.3498625867866,42
195,93,2,4,1,268.8832888390139,42
201,129,2,4,1,271.7819279897425,42
186,65,2,4,1,374.48456822041203,42
199,52,2,4,1,395.50268612525923,42
209,24,2,4,1,316.4090926809286,42
186,170,2,4,1,374.48456822041203,42
195,45,2,4,1,268.8832888390139,42
211,10,2,4,1,269.2476193964722,42
199,30,2,4,1,395.50268612525923,42
186,13,2,4,1,374.48456822041203,42
209,94,2,4,1,316.4090926809286,42
215,191,2,4,1,742.6591571581854,42
199,74,2,4,1,395.50268612525923,42
207,67,2,4,1,601.8670962868705,42
195,36,2,4,1,268.8832888390139,42
209,117,2,4,1,693.7728302936736,42
201,53,2,4,1,271.7819279897425,42
186,52,2,4,1,374.48456822041203,42
190,162,2,4,1,470.51129127340624,42
215,96,2,4,1,194.22236992524324,42
215,25,2,4,1,194.22236992524324,42
230,34,2,4,1,177.75387422612525,42
211,55,2,4,1,269.2476193964722,42
230,41,2,4,1,177.75387422612525,42
230,6,2,4,1,177.75387422612525,42
201,20,2,4,1,271.7819279897425,42
211,25,2,4,1,269.2476193964722,42
203,50,2,4,1,221.88441035250565,42
205,168,2,4,1,278.2735439301959,42
203,184,2,4,1,221.88441035250565,42
211,70,2,4,1,269.2476193964722,42
201,86,2,4,1,271.7819279897425,42
199,118,2,4,1,395.50268612525923,42
211,85,2,4,1,269.2476193964722,42
213,50,2,4,1,249.58632160185095,42
195,150,2,4,1,268.8832888390139,42
205,119,2,4,1,278.2735439301959,42
209,122,2,4,1,693.7728302936736,42
215,37,2,4,1,194.22236992524324,42
205,59,2,4,1,278.2735439301959,42
177,91,2,4,1,333.3498625867866,42
177,133,2,4,1,333.3498625867866,42
209,41,2,4,1,316.4090926809286,42
211,174,2,4,1,269.2476193964722,42
230,27,2,4,1,177.75387422612525,42
203,117,2,4,1,221.88441035250565,42
205,10,2,4,1,278.2735439301959,42
207,76,2,4,1,324.17256252098736,42
177,18,2,4,1,333.3498625867866,42
215,166,2,4,1,194.22236992524324,42
207,339,2,4,1,324.17256252098736,42
213,16,2,4,1,249.58632160185095,42
209,112,2,4,1,316.4090926809286,42
203,251,2,4,1,221.88441035250565,42
203,201,2,4,1,221.88441035250565,42
213,152,2,4,1,249.58632160185095,42
213,67,2,4,1,249.58632160185095,42
209,129,2,4,1,316.4090926809286,42
203,218,2,4,1,221.88441035250565,42
177,143,2,4,1,333.3498625867866,42
177,7,2,4,1,333.3498625867866,42
211,41,2,4,1,620.2124873400418,42
213,186,2,4,1,249.58632160185095,42
215,84,2,4,1,194.22236992524324,42
207,313,2,4,1,324.17256252098736,42
186,157,2,4,1,374.48456822041203,42
227,31,2,4,2,385.08253771602944,42
187,59,2,4,2,384.09884883652916,42
184,155,2,4,2,558.1764872694496,42
179,30,2,4,2,524.9451558844086,42
217,55,2,4,2,282.588594706795,42
217,69,2,4,2,455.6604174511314,42
191,62,2,4,2,343.40783056842906,42
191,23,2,4,2,343.40783056842906,42
227,26,2,4,2,385.08253771602944,42
187,74,2,4,2,384.09884883652916,42
225,9,2,4,2,315.4932423207168,42
184,96,2,4,2,558.1764872694496,42
182,44,2,4,2,539.9726522504579,42
227,36,2,4,2,385.08253771602944,42
193,58,2,4,2,537.3203101190597,42
197,13,2,4,2,552.4461846428696,42
225,30,2,4,2,315.4932423207168,42
187,33,2,4,2,384.09884883652916,42
182,3,2,4,2,539.9726522504579,42
182,54,2,4,2,539.9726522504579,42
182,20,2,4,2,539.9726522504579,42
187,17,2,4,2,384.09884883652916,42
182,13,2,4,2,539.9726522504579,42
223,8,2,4,2,823.4072784964102,42
231,6,2,4,2,356.9599728084659,42
225,51,2,4,2,315.4932423207168,42
223,81,2,4,2,823.4072784964102,42
231,36,2,4,2,356.9599728084659,42
227,8,2,4,2,385.08253771602944,42
197,60,2,4,2,552.4461846428696,42
219,95,2,4,2,561.4269228086234,42
191,38,2,4,2,343.40783056842906,42
182,30,2,4,2,539.9726522504579,42
182,34,2,4,2,539.9726522504579,42
197,7,2,4,2,552.4461846428696,42
223,72,2,4,2,377.64228797365234,42
217,114,2,4,2,282.588594706795,42
184,115,2,4,2,558.1764872694496,42
187,27,2,4,2,384.09884883652916,42
231,39,2,4,2,356.9599728084659,42
219,7,2,4,2,561.4269228086234,42
231,3,2,4,2,356.9599728084659,42
223,94,2,4,2,377.64228797365234,42
227,41,2,4,2,385.08253771602944,42
179,12,2,4,2,524.9451558844086,42
227,23,2,4,2,385.08253771602944,42
225,72,2,4,2,315.4932423207168,42
187,48,2,4,2,384.09884883652916,42
179,106,2,4,2,524.9451558844086,42
179,134,2,4,2,524.9451558844086,42
182,16,2,4,2,539.9726522504579,42
217,99,2,4,2,282.588594706795,42
225,62,2,4,2,315.4932423207168,42
225,25,2,4,2,315.4932423207168,42
184,125,2,4,2,558.1764872694496,42
179,59,2,4,2,524.9451558844086,42
191,76,2,4,2,343.40783056842906,42
184,86,2,4,2,558.1764872694496,42
217,40,2,4,2,282.588594706795,42
219,71,2,4,2,561.4269228086234,42
193,25,2,4,2,537.3203101190597,42
217,67,2,4,2,455.6604174511314,42
197,42,2,4,2,552.4461846428696,42
227,5,2,4,2,385.08253771602944,42
179,49,2,4,2,524.9451558844086,42
219,31,2,4,2,561.4269228086234,42
193,31,2,4,2,537.3203101190597,42
184,76,2,4,2,558.1764872694496,42
231,48,2,4,2,356.9599728084659,42
193,104,2,4,2,537.3203101190597,42
227,15,2,4,2,385.08253771602944,42
225,46,2,4,2,315.4932423207168,42
217,84,2,4,2,282.588594706795,42
227,33,2,4,2,385.08253771602944,42
223,43,2,4,2,377.64228797365234,42
219,47,2,4,2,561.4269228086234,42
179,87,2,4,2,524.9451558844086,42
231,27,2,4,2,356.9599728084659,42
231,18,2,4,2,356.9599728084659,42
179,96,2,4,2,524.9451558844086,42
187,7,2,4,2,384.09884883652916,42
231,42,2,4,2,356.9599728084659,42
191,9,2,4,2,343.40783056842906,42
219,103,2,4,2,561.4269228086234,42
184,135,2,4,2,558.1764872694496,42
217,36,2,4,2,455.6604174511314,42
193,12,2,4,2,537.3203101190597,42
182,6,2,4,2,539.9726522504579,42
231,12,2,4,2,356.9599728084659,42
223,7,2,4,2,377.64228797365234,42
197,19,2,4,2,552.4461846428696,42
217,107,2,4,2,282.588594706795,42
227,21,2,4,2,385.08253771602944,42
184,56,2,4,2,558.1764872694496,42
187,12,2,4,2,384.09884883652916,42
217,77,2,4,2,282.588594706795,42
184,36,2,4,2,558.1764872694496,42
191,4,2,4,2,343.40783056842906,42
184,7,2,4,2,558.1764872694496,42
219,39,2,4,2,561.4269228086234,42
191,43,2,4,2,343.40783056842906,42
223,115,2,4,2,377.64228797365234,42
231,30,2,4,2,356.9599728084659,42
219,15,2,4,2,561.4269228086234,42
191,57,2,4,2,343.40783056842906,42
191,67,2,4,2,343.40783056842906,42
193,91,2,4,2,537.3203101190597,42
193,38,2,4,2,537.3203101190597,42
191,19,2,4,2,343.40783056842906,42
187,38,2,4,2,384.09884883652916,42
219,79,2,4,2,561.4269228086234,42
187,79,2,4,2,384.09884883652916,42
223,101,2,4,2,377.64228797365234,42
219,127,2,4,2,561.4269228086234,42
184,17,2,4,2,558.1764872694496,42
197,31,2,4,2,552.4461846428696,42
217,33,2,4,2,455.6604174511314,42
217,25,2,4,2,282.588594706795,42
227,13,2,4,2,385.08253771602944,42
219,111,2,4,2,561.4269228086234,42
193,5,2,4,2,537.3203101190597,42
187,5,2,4,2,1208.538813695164,42
197,37,2,4,2,552.4461846428696,42
182,47,2,4,2,539.9726522504579,42
197,78,2,4,2,552.4461846428696,42
179,144,2,4,2,524.9451558844086,42
225,20,2,4,2,315.4932423207168,42
219,63,2,4,2,561.4269228086234,42
223,86,2,4,2,377.64228797365234,42
231,24,2,4,2,356.9599728084659,42
182,27,2,4,2,539.9726522504579,42
193,65,2,4,2,537.3203101190597,42
179,21,2,4,2,524.9451558844086,42
225,67,2,4,2,315.4932423207168,42
225,11,2,4,2,1062.7659684652144,42
197,54,2,4,2,552.4461846428696,42
197,84,2,4,2,552.4461846428696,42
225,4,2,4,2,315.4932423207168,42
197,89,2,4,2,552.4461846428696,42
225,41,2,4,2,315.4932423207168,42
223,28,2,4,2,377.64228797365234,42
223,36,2,4,2,377.64228797365234,42
191,28,2,4,2,343.40783056842906,42
223,65,2,4,2,377.64228797365234,42
193,84,2,4,2,537.3203101190597,42
193,51,2,4,2,537.3203101190597,42
187,53,2,4,2,384.09884883652916,42
179,125,2,4,2,524.9451558844086,42
191,47,2,4,2,343.40783056842906,42
231,15,2,4,2,356.9599728084659,42
182,41,2,4,2,539.9726522504579,42
179,68,2,4,2,524.9451558844086,42
184,46,2,4,2,558.1764872694496,42
227,3,2,4,2,385.08253771602944,42
197,66,2,4,2,552.4461846428696,42
193,78,2,4,2,537.3203101190597,42
246,49,1,5,1,248.97621528795293,51
240,33,1,5,1,180.93076178609195,51
264,91,1,5,1,258.95110105646046,51
264,103,1,5,1,258.95110105646046,51
282,269,1,5,1,650.6914982358794,51
242,53,1,5,1,267.39370152140395,51
277,39,1,5,1,300.3093939708171,51
252,5,1,5,1,393.0680980227084,51
264,126,1,5,1,258.95110105646046,51
240,17,1,5,1,180.93076178609195,51
240,63,1,5,1,180.93076178609195,51
240,48,1,5,1,180.93076178609195,51
277,14,1,5,1,300.3093939708171,51
242,98,1,5,1,267.39370152140395,51
240,170,1,5,1,339.41910564994055,51
277,64,1,5,1,300.3093939708171,51
246,38,1,5,1,248.97621528795293,51
242,38,1,5,1,267.39370152140395,51
246,72,1,5,1,248.97621528795293,51
277,73,1,5,1,300.3093939708171,51
242,83,1,5,1,267.39370152140395,51
246,3,1,5,1,248.97621528795293,51
240,124,1,5,1,180.93076178609195,51
246,26,1,5,1,248.97621528795293,51
242,173,1,5,1,267.39370152140395,51
274,120,1,5,1,436.96600777222744,51
252,116,1,5,1,393.0680980227084,51
274,41,1,5,1,436.96600777222744,51
252,182,1,5,1,393.0680980227084,51
274,167,1,5,1,436.96600777222744,51
252,160,1,5,1,393.0680980227084,51
246,95,1,5,1,248.97621528795293,51
246,107,1,5,1,248.97621528795293,51
252,72,1,5,1,393.0680980227084,51
242,913,1,5,1,700.2010729007211,51
252,249,1,5,1,393.0680980227084,51
246,15,1,5,1,248.97621528795293,51
264,114,1,5,1,258.95110105646046,51
274,183,1,5,1,436.96600777222744,51
277,5,1,5,1,300.3093939708171,51
282,17,1,5,1,243.46646508852814,51
274,135,1,5,1,436.96600777222744,51
242,143,1,5,1,267.39370152140395,51
252,138,1,5,1,393.0680980227084,51
274,9,1,5,1,436.96600777222744,51
277,31,1,5,1,300.3093939708171,51
240,2,1,5,1,180.93076178609195,51
252,49,1,5,1,393.0680980227084,51
277,22,1,5,1,300.3093939708171,51
264,68,1,5,1,258.95110105646046,51
240,912,1,5,1,339.41910564994055,51
282,202,1,5,1,243.46646508852814,51
242,68,1,5,1,267.39370152140395,51
242,23,1,5,1,267.39370152140395,51
246,130,1,5,1,248.97621528795293,51
282,219,1,5,1,243.46646508852814,51
282,235,1,5,1,243.46646508852814,51
240,79,1,5,1,339.41910564994055,51
274,151,1,5,1,436.96600777222744,51
264,33,1,5,1,258.95110105646046,51
246,61,1,5,1,248.97621528795293,51
282,101,1,5,1,243.46646508852814,51
277,47,1,5,1,300.3093939708171,51
282,252,1,5,1,650.6914982358794,51
242,8,1,5,1,267.39370152140395,51
282,34,1,5,1,243.46646508852814,51
282,67,1,5,1,243.46646508852814,51
252,94,1,5,1,393.0680980227084,51
264,763,1,5,1,580.7228735611316,51
240,94,1,5,1,180.93076178609195,51
264,21,1,5,1,258.95110105646046,51
282,118,1,5,1,243.46646508852814,51
264,138,1,5,1,258.95110105646046,51
246,84,1,5,1,248.97621528795293,51
252,226,1,5,1,393.0680980227084,51
242,113,1,5,1,700.2010729007211,51
274,25,1,5,1,436.96600777222744,51
274,88,1,5,1,436.96600777222744,51
264,928,1,5,1,580.7228735611316,51
264,79,1,5,1,258.95110105646046,51
277,132,1,5,1,300.3093939708171,51
240,140,1,5,1,180.93076178609195,51
277,98,1,5,1,300.3093939708171,51
246,118,1,5,1,248.97621528795293,51
264,56,1,5,1,258.95110105646046,51
277,56,1,5,1,300.3093939708171,51
252,27,1,5,1,393.0680980227084,51
274,72,1,5,1,436.96600777222744,51
252,204,1,5,1,393.0680980227084,51
242,128,1,5,1,267.39370152140395,51
274,230,1,5,1,436.96600777222744,51
277,81,1,5,1,300.3093939708171,51
274,246,1,5,1,436.96600777222744,51
282,151,1,5,1,243.46646508852814,51
240,155,1,5,1,180.93076178609195,51
282,84,1,5,1,243.46646508852814,51
269,768,1,5,2,1041.757946771366,51
262,128,1,5,2,692.1079133107212,51
276,2,1,5,2,235.01114227801725,51
255,70,1,5,2,263.19664281818586,51
276,8,1,5,2,235.01114227801725,51
271,60,1,5,2,371.18509871306424,51
253,56,1,5,2,236.5898680839434,51
253,46,1,5,2,236.5898680839434,51
269,152,1,5,2,435.6870298219737,51
258,9,1,5,2,246.18815729180443,51
260,50,1,5,2,412.31843901137097,51
260,59,1,5,2,412.31843901137097,51
238,16,1,5,2,444.01309147326646,51
236,5,1,5,2,287.126202755712,51
243,100,1,5,2,230.06558064369577,51
280,87,1,5,2,360.95439626606554,51
258,51,1,5,2,246.18815729180443,51
233,756,1,5,2,262.73017069195913,51
269,135,1,5,2,435.6870298219737,51
276,16,1,5,2,381.5848378026635,51
265,14,1,5,2,410.55098705022874,51
260,33,1,5,2,412.31843901137097,51
262,203,1,5,2,692.1079133107212,51
258,5,1,5,2,246.18815729180443,51
255,760,1,5,2,318.0100650197972,51
236,96,1,5,2,287.126202755712,51
253,16,1,5,2,236.5898680839434,51
267,55,1,5,2,231.1849543117103,51
236,73,1,5,2,287.126202755712,51
260,41,1,5,2,412.31843901137097,51
276,17,1,5,2,235.01114227801725,51
248,62,1,5,2,224.0695307264248,51
283,25,1,5,2,375.5954553642109,51
260,101,1,5,2,412.31843901137097,51
258,32,1,5,2,246.18815729180443,51
258,23,1,5,2,246.18815729180443,51
236,50,1,5,2,287.126202755712,51
238,27,1,5,2,444.01309147326646,51
276,26,1,5,2,235.01114227801725,51
271,87,1,5,2,371.18509871306424,51
243,33,1,5,2,230.06558064369577,51
276,23,1,5,2,235.01114227801725,51
276,32,1,5,2,235.01114227801725,51
238,85,1,5,2,444.01309147326646,51
276,11,1,5,2,235.01114227801725,51
262,35,1,5,2,692.1079133107212,51
248,31,1,5,2,224.0695307264248,51
260,67,1,5,2,412.31843901137097,51
271,141,1,5,2,371.18509871306424,51
276,48,1,5,2,381.5848378026635,51
260,16,1,5,2,412.31843901137097,51
269,67,1,5,2,435.6870298219737,51
283,51,1,5,2,375.5954553642109,51
265,7,1,5,2,410.55098705022874,51
243,153,1,5,2,230.06558064369577,51
276,5,1,5,2,235.01114227801725,51
250,38,1,5,2,659.4953805413943,51
255,761,1,5,2,318.0100650197972,51
243,113,1,5,2,230.06558064369577,51
265,107,1,5,2,659.674851608306,51
262,109,1,5,2,692.1079133107212,51
253,96,1,5,2,236.5898680839434,51
262,184,1,5,2,692.1079133107212,51
253,758,1,5,2,781.7896467248895,51
255,762,1,5,2,318.0100650197972,51
233,88,1,5,2,262.73017069195913,51
267,70,1,5,2,231.1849543117103,51
253,76,1,5,2,236.5898680839434,51
262,91,1,5,2,692.1079133107212,51
255,58,1,5,2,263.19664281818586,51
258,46,1,5,2,246.18815729180443,51
253,126,1,5,2,236.5898680839434,51
283,11,1,5,2,375.5954553642109,51
271,33,1,5,2,371.18509871306424,51
243,47,1,5,2,230.06558064369577,51
280,98,1,5,2,360.95439626606554,51
250,63,1,5,2,659.4953805413943,51
262,72,1,5,2,692.1079133107212,51
260,7,1,5,2,412.31843901137097,51
269,16,1,5,2,435.6870298219737,51
262,165,1,5,2,692.1079133107212,51
280,76,1,5,2,360.95439626606554,51
233,16,1,5,2,262.73017069195913,51
238,39,1,5,2,444.01309147326646,51
267,10,1,5,2,231.1849543117103,51
265,71,1,5,2,410.55098705022874,51
250,88,1,5,2,659.4953805413943,51
280,10,1,5,2,360.95439626606554,51
265,100,1,5,2,659.674851608306,51
238,119,1,5,2,444.01309147326646,51
236,28,1,5,2,287.126202755712,51
255,115,1,5,2,263.19664281818586,51
250,113,1,5,2,659.4953805413943,51
276,34,1,5,2,381.5848378026635,51
258,42,1,5,2,246.18815729180443,51
267,25,1,5,2,231.1849543117103,51
255,759,1,5,2,318.0100650197972,51
258,37,1,5,2,246.18815729180443,51
233,15,1,5,2,262.73017069195913,51
271,19,1,5,2,371.18509871306424,51
258,28,1,5,2,246.18815729180443,51
265,64,1,5,2,410.55098705022874,51
248,41,1,5,2,224.0695307264248,51
269,767,1,5,2,1041.757946771366,51
262,147,1,5,2,692.1079133107212,51
280,65,1,5,2,360.95439626606554,51
267,766,1,5,2,798.3205034386418,51
255,36,1,5,2,263.19664281818586,51
258,19,1,5,2,246.18815729180443,51
283,3,1,5,2,375.5954553642109,51
250,50,1,5,2,659.4953805413943,51
280,43,1,5,2,360.95439626606554,51
267,33,1,5,2,231.1849543117103,51
269,169,1,5,2,435.6870298219737,51
269,186,1,5,2,435.6870298219737,51
269,203,1,5,2,435.6870298219737,51
280,109,1,5,2,360.95439626606554,51
267,40,1,5,2,231.1849543117103,51
269,118,1,5,2,435.6870298219737,51
253,26,1,5,2,236.5898680839434,51
283,42,1,5,2,375.5954553642109,51
258,56,1,5,2,246.18815729180443,51
265,115,1,5,2,659.674851608306,51
271,155,1,5,2,371.18509871306424,51
271,6,1,5,2,371.18509871306424,51
267,63,1,5,2,231.1849543117103,51
238,73,1,5,2,444.01309147326646,51
243,86,1,5,2,230.06558064369577,51
262,16,1,5,2,692.1079133107212,51
243,7,1,5,2,230.06558064369577,51
271,114,1,5,2,371.18509871306424,51
248,113,1,5,2,224.0695307264248,51
271,74,1,5,2,371.18509871306424,51
283,38,1,5,2,375.5954553642109,51
283,29,1,5,2,375.5954553642109,51
283,7,1,5,2,375.5954553642109,51
238,96,1,5,2,444.01309147326646,51
243,757,1,5,2,777.4979423639232,51
258,14,1,5,2,246.18815729180443,51
280,54,1,5,2,360.95439626606554,51
248,82,1,5,2,224.0695307264248,51
250,151,1,5,2,659.4953805413943,51
265,28,1,5,2,410.55098705022874,51
280,120,1,5,2,360.95439626606554,51
255,81,1,5,2,263.19664281818586,51
283,16,1,5,2,375.5954553642109,51
248,11,1,5,2,224.0695307264248,51
265,79,1,5,2,410.55098705022874,51
283,33,1,5,2,375.5954553642109,51
243,140,1,5,2,230.06558064369577,51
233,57,1,5,2,262.73017069195913,51
253,36,1,5,2,236.5898680839434,51
265,764,1,5,2,659.674851608306,51
243,126,1,5,2,230.06558064369577,51
233,20,1,5,2,262.73017069195913,51
248,72,1,5,2,224.0695307264248,51
250,75,1,5,2,659.4953805413943,51
238,62,1,5,2,444.01309147326646,51
233,93,1,5,2,262.73017069195913,51
248,21,1,5,2,224.0695307264248,51
269,84,1,5,2,435.6870298219737,51
236,85,1,5,2,287.126202755712,51
236,62,1,5,2,287.126202755712,51
267,85,1,5,2,231.1849543117103,51
238,50,1,5,2,444.01309147326646,51
267,3,1,5,2,231.1849543117103,51
243,60,1,5,2,230.06558064369577,51
280,21,1,5,2,360.95439626606554,51
280,32,1,5,2,360.95439626606554,51
260,84,1,5,2,412.31843901137097,51
236,119,1,5,2,287.126202755712,51
233,9,1,5,2,262.73017069195913,51
253,106,1,5,2,236.5898680839434,51
238,131,1,5,2,444.01309147326646,51
233,56,1,5,2,262.73017069195913,51
236,107,1,5,2,287.126202755712,51
248,102,1,5,2,224.0695307264248,51
262,53,1,5,2,692.1079133107212,51
248,1,1,5,2,224.0695307264248,51
260,24,1,5,2,412.31843901137097,51
265,50,1,5,2,410.55098705022874,51
267,48,1,5,2,231.1849543117103,51
276,29,1,5,2,235.01114227801725,51
248,52,1,5,2,224.0695307264248,51
250,25,1,5,2,659.4953805413943,51
250,126,1,5,2,659.4953805413943,51
283,20,1,5,2,375.5954553642109,51
238,108,1,5,2,444.01309147326646,51
233,12,1,5,2,262.73017069195913,51
283,46,1,5,2,375.5954553642109,51
233,28,1,5,2,262.73017069195913,51
250,13,1,5,2,659.4953805413943,51
248,92,1,5,2,224.0695307264248,51
260,76,1,5,2,412.31843901137097,51
269,101,1,5,2,435.6870298219737,51
255,2,1,5,2,263.19664281818586,51
271,101,1,5,2,371.18509871306424,51
250,101,1,5,2,659.4953805413943,51
236,130,1,5,2,287.126202755712,51
280,131,1,5,2,360.95439626606554,51
255,137,1,5,2,318.0100650197972,51
243,20,1,5,2,230.06558064369577,51
253,66,1,5,2,236.5898680839434,51
271,128,1,5,2,371.18509871306424,51
255,92,1,5,2,263.19664281818586,51
233,22,1,5,2,262.73017069195913,51
262,222,1,5,2,692.1079133107212,51
236,39,1,5,2,287.126202755712,51
236,16,1,5,2,287.126202755712,51
271,46,1,5,2,371.18509871306424,51
238,4,1,5,2,444.01309147326646,51
265,93,1,5,2,410.55098705022874,51
260,93,1,5,2,412.31843901137097,51
250,138,1,5,2,659.4953805413943,51
253,86,1,5,2,236.5898680839434,51
267,77,1,5,2,231.1849543117103,51
273,491,2,5,1,192.81774658047743,52
235,344,2,5,1,244.70875689886822,52
241,184,2,5,1,313.84004495691977,52
247,17,2,5,1,155.66938067044913,52
245,187,2,5,1,154.86278850213884,52
241,124,2,5,1,313.84004495691977,52
273,65,2,5,1,192.81774658047743,52
245,32,2,5,1,154.86278850213884,52
241,130,2,5,1,313.84004495691977,52
275,54,2,5,1,193.90766553276083,52
245,145,2,5,1,154.86278850213884,52
241,95,2,5,1,159.51391758441758,52
241,257,2,5,1,159.51391758441758,52
279,84,2,5,1,182.78921951262905,52
279,47,2,5,1,182.78921951262905,52
279,37,2,5,1,182.78921951262905,52
257,16,2,5,1,272.6747574196861,52
279,113,2,5,1,182.78921951262905,52
273,456,2,5,1,192.81774658047743,52
257,99,2,5,1,272.6747574196861,52
247,34,2,5,1,155.66938067044913,52
247,66,2,5,1,518.4800104552882,52
247,100,2,5,1,155.66938067044913,52
245,74,2,5,1,154.86278850213884,52
241,225,2,5,1,159.51391758441758,52
245,46,2,5,1,154.86278850213884,52
279,103,2,5,1,182.78921951262905,52
247,59,2,5,1,155.66938067044913,52
257,74,2,5,1,272.6747574196861,52
247,84,2,5,1,155.66938067044913,52
245,88,2,5,1,154.86278850213884,52
241,127,2,5,1,159.51391758441758,52
257,107,2,5,1,272.6747574196861,52
257,24,2,5,1,272.6747574196861,52
273,420,2,5,1,192.81774658047743,52
275,69,2,5,1,193.90766553276083,52
245,50,2,5,1,512.1265004125132,52
257,33,2,5,1,272.6747574196861,52
235,142,2,5,1,244.70875689886822,52
279,75,2,5,1,182.78921951262905,52
235,369,2,5,1,244.70875689886822,52
241,79,2,5,1,159.51391758441758,52
247,1,2,5,1,155.66938067044913,52
241,14,2,5,1,159.51391758441758,52
275,202,2,5,1,193.90766553276083,52
247,50,2,5,1,155.66938067044913,52
245,215,2,5,1,154.86278850213884,52
247,26,2,5,1,155.66938067044913,52
275,113,2,5,1,193.90766553276083,52
241,192,2,5,1,159.51391758441758,52
275,187,2,5,1,193.90766553276083,52
257,8,2,5,1,272.6747574196861,52
279,122,2,5,1,182.78921951262905,52
273,172,2,5,1,192.81774658047743,52
275,143,2,5,1,193.90766553276083,52
235,218,2,5,1,244.70875689886822,52
275,128,2,5,1,193.90766553276083,52
257,66,2,5,1,272.6747574196861,52
273,349,2,5,1,192.81774658047743,52
241,160,2,5,1,159.51391758441758,52
257,132,2,5,1,272.6747574196861,52
273,562,2,5,1,192.81774658047743,52
245,18,2,5,1,154.86278850213884,52
273,314,2,5,1,192.81774658047743,52
275,231,2,5,1,193.90766553276083,52
275,10,2,5,1,193.90766553276083,52
279,141,2,5,1,182.78921951262905,52
279,9,2,5,1,182.78921951262905,52
273,136,2,5,1,192.81774658047743,52
257,57,2,5,1,272.6747574196861,52
273,30,2,5,1,192.81774658047743,52
279,28,2,5,1,182.78921951262905,52
279,66,2,5,1,182.78921951262905,52
241,208,2,5,1,159.51391758441758,52
235,41,2,5,1,244.70875689886822,52
245,201,2,5,1,154.86278850213884,52
245,131,2,5,1,154.86278850213884,52
235,16,2,5,1,244.70875689886822,52
273,207,2,5,1,192.81774658047743,52
275,84,2,5,1,193.90766553276083,52
275,172,2,5,1,193.90766553276083,52
235,319,2,5,1,244.70875689886822,52
275,25,2,5,1,193.90766553276083,52
235,268,2,5,1,244.70875689886822,52
257,41,2,5,1,272.6747574196861,52
245,159,2,5,1,154.86278850213884,52
235,66,2,5,1,244.70875689886822,52
273,278,2,5,1,192.81774658047743,52
235,167,2,5,1,244.70875689886822,52
247,125,2,5,1,155.66938067044913,52
235,243,2,5,1,244.70875689886822,52
247,67,2,5,1,155.66938067044913,52
279,150,2,5,1,182.78921951262905,52
257,90,2,5,1,272.6747574196861,52
235,117,2,5,1,244.70875689886822,52
247,117,2,5,1,155.66938067044913,52
244,90,2,5,2,323.77264240915963,52
251,45,2,5,2,242.48632617577024,52
256,12,2,5,2,239.29928755015496,52
259,87,2,5,2,269.61867007139057,52
239,47,2,5,2,225.65552816987795,52
259,102,2,5,2,269.61867007139057,52
281,111,2,5,2,244.81713322319348,52
244,39,2,5,2,323.77264240915963,52
254,4,2,5,2,235.53887017436674,52
278,31,2,5,2,90.1723578210511,52
244,22,2,5,2,323.77264240915963,52
270,10,2,5,2,305.2626228781238,52
281,28,2,5,2,244.81713322319348,52
234,166,2,5,2,271.50973419320377,52
237,214,2,5,2,212.1866525102622,52
254,36,2,5,2,235.53887017436674,52
259,117,2,5,2,269.61867007139057,52
239,109,2,5,2,225.65552816987795,52
254,115,2,5,2,235.53887017436674,52
234,46,2,5,2,271.50973419320377,52
256,92,2,5,2,239.29928755015496,52
270,133,2,5,2,305.2626228781238,52
278,29,2,5,2,90.1723578210511,52
278,33,2,5,2,90.1723578210511,52
237,118,2,5,2,212.1866525102622,52
263,123,2,5,2,295.8423585989816,52
272,56,2,5,2,212.42683096533804,52
261,97,2,5,2,207.91651141228863,52
239,17,2,5,2,225.65552816987795,52
237,182,2,5,2,212.1866525102622,52
256,133,2,5,2,239.29928755015496,52
268,92,2,5,2,176.37881724444614,52
251,57,2,5,2,242.48632617577024,52
251,14,2,5,2,242.48632617577024,52
251,95,2,5,2,242.48632617577024,52
281,56,2,5,2,244.81713322319348,52
281,69,2,5,2,244.81713322319348,52
268,49,2,5,2,176.37881724444614,52
259,6,2,5,2,269.61867007139057,52
244,14,2,5,2,323.77264240915963,52
256,72,2,5,2,239.29928755015496,52
251,88,2,5,2,242.48632617577024,52
234,22,2,5,2,271.50973419320377,52
266,31,2,5,2,217.79592602160903,52
251,70,2,5,2,242.48632617577024,52
254,99,2,5,2,235.53887017436674,52
272,34,2,5,2,212.42683096533804,52
266,258,2,5,2,217.79592602160903,52
261,104,2,5,2,207.91651141228863,52
281,14,2,5,2,244.81713322319348,52
244,124,2,5,2,323.77264240915963,52
249,194,2,5,2,209.09871211536847,52
237,54,2,5,2,212.1866525102622,52
249,81,2,5,2,209.09871211536847,52
249,23,2,5,2,471.908413392991,52
251,64,2,5,2,242.48632617577024,52
237,150,2,5,2,212.1866525102622,52
281,97,2,5,2,244.81713322319348,52
244,82,2,5,2,323.77264240915963,52
261,90,2,5,2,207.91651141228863,52
281,125,2,5,2,244.81713322319348,52
272,141,2,5,2,212.42683096533804,52
256,153,2,5,2,239.29928755015496,52
266,96,2,5,2,217.79592602160903,52
254,20,2,5,2,235.53887017436674,52
278,13,2,5,2,90.1723578210511,52
244,107,2,5,2,323.77264240915963,52
268,135,2,5,2,176.37881724444614,52
272,109,2,5,2,212.42683096533804,52
237,246,2,5,2,212.1866525102622,52
239,55,2,5,2,225.65552816987795,52
266,765,2,5,2,725.3017657728301,52
272,13,2,5,2,212.42683096533804,52
237,230,2,5,2,212.1866525102622,52
272,99,2,5,2,212.42683096533804,52
272,152,2,5,2,212.42683096533804,52
259,58,2,5,2,269.61867007139057,52
278,24,2,5,2,90.1723578210511,52
263,152,2,5,2,295.8423585989816,52
259,14,2,5,2,269.61867007139057,52
234,94,2,5,2,271.50973419320377,52
268,38,2,5,2,380.7123965306445,52
237,86,2,5,2,212.1866525102622,52
256,52,2,5,2,239.29928755015496,52
263,37,2,5,2,295.8423585989816,52
278,2,2,5,2,90.1723578210511,52
268,193,2,5,2,176.37881724444614,52
281,167,2,5,2,244.81713322319348,52
244,48,2,5,2,323.77264240915963,52
234,106,2,5,2,271.50973419320377,52
268,207,2,5,2,176.37881724444614,52
259,36,2,5,2,269.61867007139057,52
261,111,2,5,2,207.91651141228863,52
249,130,2,5,2,209.09871211536847,52
256,22,2,5,2,239.29928755015496,52
270,122,2,5,2,305.2626228781238,52
272,77,2,5,2,212.42683096533804,52
244,116,2,5,2,323.77264240915963,52
281,208,2,5,2,244.81713322319348,52
251,39,2,5,2,242.48632617577024,52
263,85,2,5,2,295.8423585989816,52
237,22,2,5,2,212.1866525102622,52
239,63,2,5,2,225.65552816987795,52
266,193,2,5,2,217.79592602160903,52
261,55,2,5,2,207.91651141228863,52
234,142,2,5,2,271.50973419320377,52
237,38,2,5,2,212.1866525102622,52
266,80,2,5,2,217.79592602160903,52
249,113,2,5,2,209.09871211536847,52
237,166,2,5,2,212.1866525102622,52
239,32,2,5,2,225.65552816987795,52
278,11,2,5,2,90.1723578210511,52
270,163,2,5,2,305.2626228781238,52
234,58,2,5,2,271.50973419320377,52
261,27,2,5,2,207.91651141228863,52
278,15,2,5,2,90.1723578210511,52
261,6,2,5,2,207.91651141228863,52
261,34,2,5,2,207.91651141228863,52
278,20,2,5,2,90.1723578210511,52
244,5,2,5,2,323.77264240915963,52
268,34,2,5,2,176.37881724444614,52
268,164,2,5,2,176.37881724444614,52
268,35,2,5,2,380.7123965306445,52
254,83,2,5,2,235.53887017436674,52
251,20,2,5,2,242.48632617577024,52
263,8,2,5,2,295.8423585989816,52
239,94,2,5,2,225.65552816987795,52
256,143,2,5,2,239.29928755015496,52
251,82,2,5,2,242.48632617577024,52
249,210,2,5,2,209.09871211536847,52
254,107,2,5,2,235.53887017436674,52
239,78,2,5,2,225.65552816987795,52
251,8,2,5,2,242.48632617577024,52
254,44,2,5,2,235.53887017436674,52
256,32,2,5,2,239.29928755015496,52
259,28,2,5,2,269.61867007139057,52
239,117,2,5,2,225.65552816987795,52
270,153,2,5,2,305.2626228781238,52
256,113,2,5,2,239.29928755015496,52
272,163,2,5,2,212.42683096533804,52
268,150,2,5,2,176.37881724444614,52
237,102,2,5,2,212.1866525102622,52
278,6,2,5,2,90.1723578210511,52
249,178,2,5,2,209.09871211536847,52
281,180,2,5,2,244.81713322319348,52
234,118,2,5,2,271.50973419320377,52
270,40,2,5,2,305.2626228781238,52
272,24,2,5,2,212.42683096533804,52
249,146,2,5,2,209.09871211536847,52
249,243,2,5,2,209.09871211536847,52
249,77,2,5,2,471.908413392991,52
249,65,2,5,2,209.09871211536847,52
244,56,2,5,2,323.77264240915963,52
234,154,2,5,2,271.50973419320377,52
270,51,2,5,2,305.2626228781238,52
266,210,2,5,2,217.79592602160903,52
259,65,2,5,2,269.61867007139057,52
261,62,2,5,2,207.91651141228863,52
259,73,2,5,2,269.61867007139057,52
254,75,2,5,2,235.53887017436674,52
272,66,2,5,2,212.42683096533804,52
234,70,2,5,2,271.50973419320377,52
234,190,2,5,2,271.50973419320377,52
254,67,2,5,2,235.53887017436674,52
268,222,2,5,2,176.37881724444614,52
266,145,2,5,2,217.79592602160903,52
254,51,2,5,2,235.53887017436674,52
266,128,2,5,2,217.79592602160903,52
251,33,2,5,2,242.48632617577024,52
259,95,2,5,2,269.61867007139057,52
266,63,2,5,2,217.79592602160903,52
263,94,2,5,2,295.8423585989816,52
270,71,2,5,2,305.2626228781238,52
266,15,2,5,2,217.79592602160903,52
256,62,2,5,2,239.29928755015496,52
263,46,2,5,2,295.8423585989816,52
239,1,2,5,2,225.65552816987795,52
270,30,2,5,2,305.2626228781238,52
249,49,2,5,2,209.09871211536847,52
261,13,2,5,2,207.91651141228863,52
256,102,2,5,2,239.29928755015496,52
261,43,2,5,2,696.8784133247676,52
272,120,2,5,2,212.42683096533804,52
263,75,2,5,2,295.8423585989816,52
263,113,2,5,2,295.8423585989816,52
278,22,2,5,2,90.1723578210511,52
263,132,2,5,2,295.8423585989816,52
239,86,2,5,2,225.65552816987795,52
263,18,2,5,2,295.8423585989816,52
270,81,2,5,2,305.2626228781238,52
261,69,2,5,2,207.91651141228863,52
270,112,2,5,2,305.2626228781238,52
259,43,2,5,2,269.61867007139057,52
263,56,2,5,2,295.8423585989816,52
266,161,2,5,2,217.79592602160903,52
244,73,2,5,2,323.77264240915963,52
239,24,2,5,2,225.65552816987795,52
281,222,2,5,2,244.81713322319348,52
254,12,2,5,2,235.53887017436674,52
268,20,2,5,2,176.37881724444614,52
234,10,2,5,2,271.50973419320377,52
281,153,2,5,2,244.81713322319348,52
278,4,2,5,2,90.1723578210511,52
270,92,2,5,2,305.2626228781238,52
288,93,1,6,1,218.28217235391273,61
313,54,1,6,1,232.7131337143524,61
288,82,1,6,1,218.28217235391273,61
330,59,1,6,1,433.4623220755144,61
299,95,1,6,1,270.84402549948896,61
319,121,1,6,1,182.0725348634697,61
288,104,1,6,1,218.28217235391273,61
330,171,1,6,1,433.4623220755144,61
299,110,1,6,1,270.84402549948896,61
288,130,1,6,1,369.38325295227065,61
319,102,1,6,1,182.0725348634697,61
335,89,1,6,1,194.9498939741081,61
285,92,1,6,1,624.4267426677974,61
311,107,1,6,1,338.45005187768277,61
288,114,1,6,1,218.28217235391273,61
335,71,1,6,1,194.9498939741081,61
319,63,1,6,1,182.0725348634697,61
299,172,1,6,1,270.84402549948896,61
330,121,1,6,1,192.57069002421088,61
299,48,1,6,1,270.84402549948896,61
330,72,1,6,1,192.57069002421088,61
319,140,1,6,1,182.0725348634697,61
285,15,1,6,1,624.4267426677974,61
335,126,1,6,1,194.9498939741081,61
311,231,1,6,1,338.45005187768277,61
285,108,1,6,1,624.4267426677974,61
299,141,1,6,1,270.84402549948896,61
299,187,1,6,1,270.84402549948896,61
335,275,1,6,1,392.87703954773644,61
335,15,1,6,1,194.9498939741081,61
299,79,1,6,1,270.84402549948896,61
313,1,1,6,1,232.7131337143524,61
285,154,1,6,1,624.4267426677974,61
330,34,1,6,1,192.57069002421088,61
313,774,1,6,1,719.2394165358188,61
319,160,1,6,1,182.0725348634697,61
319,44,1,6,1,182.0725348634697,61
288,136,1,6,1,369.38325295227065,61
288,18,1,6,1,218.28217235391273,61
335,108,1,6,1,194.9498939741081,61
330,109,1,6,1,192.57069002421088,61
313,65,1,6,1,232.7131337143524,61
285,139,1,6,1,624.4267426677974,61
299,18,1,6,1,270.84402549948896,61
319,179,1,6,1,182.0725348634697,61
319,237,1,6,1,414.8286957674685,61
288,61,1,6,1,218.28217235391273,61
330,134,1,6,1,192.57069002421088,61
311,219,1,6,1,338.45005187768277,61
288,39,1,6,1,218.28217235391273,61
313,75,1,6,1,232.7131337143524,61
330,22,1,6,1,192.57069002421088,61
288,50,1,6,1,218.28217235391273,61
319,775,1,6,1,414.8286957674685,61
319,198,1,6,1,182.0725348634697,61
311,183,1,6,1,338.45005187768277,61
330,146,1,6,1,192.57069002421088,61
335,52,1,6,1,194.9498939741081,61
335,200,1,6,1,194.9498939741081,61
311,105,1,6,1,338.45005187768277,61
311,23,1,6,1,338.45005187768277,61
285,61,1,6,1,624.4267426677974,61
319,6,1,6,1,182.0725348634697,61
311,4,1,6,1,338.45005187768277,61
299,126,1,6,1,270.84402549948896,61
311,2,1,6,1,338.45005187768277,61
335,182,1,6,1,194.9498939741081,61
285,77,1,6,1,624.4267426677974,61
330,97,1,6,1,192.57069002421088,61
335,238,1,6,1,392.87703954773644,61
335,33,1,6,1,194.9498939741081,61
285,185,1,6,1,624.4267426677974,61
285,46,1,6,1,624.4267426677974,61
285,232,1,6,1,624.4267426677974,61
288,178,1,6,1,369.38325295227065,61
330,10,1,6,1,192.57069002421088,61
313,150,1,6,1,232.7131337143524,61
311,56,1,6,1,338.45005187768277,61
313,118,1,6,1,232.7131337143524,61
311,44,1,6,1,338.45005187768277,61
285,170,1,6,1,624.4267426677974,61
319,217,1,6,1,182.0725348634697,61
311,160,1,6,1,338.45005187768277,61
285,30,1,6,1,624.4267426677974,61
299,2,1,6,1,673.4309993753794,61
288,28,1,6,1,218.28217235391273,61
299,33,1,6,1,673.4309993753794,61
311,37,1,6,1,338.45005187768277,61
313,107,1,6,1,232.7131337143524,61
330,47,1,6,1,192.57069002421088,61
313,12,1,6,1,232.7131337143524,61
313,33,1,6,1,232.7131337143524,61
313,22,1,6,1,232.7131337143524,61
335,256,1,6,1,392.87703954773644,61
299,64,1,6,1,270.84402549948896,61
290,83,1,6,2,511.8834513693606,61
317,99,1,6,2,242.2571953243216,61
323,15,1,6,2,456.31629786785425,61
294,770,1,6,2,665.477435417107,61
328,1,1,6,2,581.6037463647094,61
310,78,1,6,2,264.1548276485677,61
290,225,1,6,2,511.8834513693606,61
296,89,1,6,2,270.80450791299563,61
294,14,1,6,2,298.41818512115935,61
325,61,1,6,2,326.1444165186871,61
292,23,1,6,2,312.581170704271,61
325,67,1,6,2,326.1444165186871,61
308,79,1,6,2,765.2849294470589,61
315,21,1,6,2,292.5793803392598,61
333,1,1,6,2,184.1850643975573,61
292,93,1,6,2,312.581170704271,61
298,929,1,6,2,260.8448185600042,61
294,122,1,6,2,298.41818512115935,61
325,48,1,6,2,326.1444165186871,61
290,914,1,6,2,1238.6844142644775,61
321,66,1,6,2,383.75760316248176,61
304,89,1,6,2,295.41049891554076,61
317,36,1,6,2,242.2571953243216,61
333,82,1,6,2,184.1850643975573,61
333,104,1,6,2,394.1660186546738,61
294,62,1,6,2,298.41818512115935,61
304,131,1,6,2,295.41049891554076,61
304,120,1,6,2,295.41049891554076,61
298,94,1,6,2,260.8448185600042,61
304,15,1,6,2,295.41049891554076,61
304,772,1,6,2,1014.857964873123,61
294,38,1,6,2,298.41818512115935,61
317,54,1,6,2,242.2571953243216,61
323,97,1,6,2,456.31629786785425,61
323,38,1,6,2,456.31629786785425,61
315,83,1,6,2,292.5793803392598,61
333,8,1,6,2,184.1850643975573,61
325,3,1,6,2,326.1444165186871,61
302,60,1,6,2,307.96886730639295,61
321,103,1,6,2,383.75760316248176,61
331,45,1,6,2,280.26139979306475,61
294,146,1,6,2,298.41818512115935,61
308,916,1,6,2,2690.5196888033706,61
321,128,1,6,2,383.75760316248176,61
302,68,1,6,2,307.96886730639295,61
290,2,1,6,2,511.8834513693606,61
315,62,1,6,2,292.5793803392598,61
333,75,1,6,2,184.1850643975573,61
294,74,1,6,2,298.41818512115935,61
306,111,1,6,2,301.0203158083186,61
290,63,1,6,2,511.8834513693606,61
325,73,1,6,2,326.1444165186871,61
304,99,1,6,2,295.41049891554076,61
315,93,1,6,2,292.5793803392598,61
296,34,1,6,2,270.80450791299563,61
333,16,1,6,2,184.1850643975573,61
331,53,1,6,2,390.64630515338956,61
306,54,1,6,2,301.0203158083186,61
308,13,1,6,2,765.2849294470589,61
308,26,1,6,2,765.2849294470589,61
321,28,1,6,2,383.75760316248176,61
296,108,1,6,2,270.80450791299563,61
333,23,1,6,2,184.1850643975573,61
292,117,1,6,2,312.581170704271,61
306,77,1,6,2,301.0203158083186,61
296,6,1,6,2,270.80450791299563,61
317,27,1,6,2,242.2571953243216,61
321,16,1,6,2,383.75760316248176,61
292,82,1,6,2,312.581170704271,61
317,81,1,6,2,242.2571953243216,61
331,3,1,6,2,280.26139979306475,61
317,90,1,6,2,242.2571953243216,61
315,1,1,6,2,292.5793803392598,61
328,12,1,6,2,581.6037463647094,61
292,175,1,6,2,312.581170704271,61
331,24,1,6,2,280.26139979306475,61
315,73,1,6,2,292.5793803392598,61
292,105,1,6,2,312.581170704271,61
315,52,1,6,2,292.5793803392598,61
294,110,1,6,2,298.41818512115935,61
331,32,1,6,2,280.26139979306475,61
298,93,1,6,2,260.8448185600042,61
310,3,1,6,2,264.1548276485677,61
317,45,1,6,2,242.2571953243216,61
315,11,1,6,2,292.5793803392598,61
321,116,1,6,2,383.75760316248176,61
310,41,1,6,2,264.1548276485677,61
296,86,1,6,2,605.537288306838,61
321,78,1,6,2,383.75760316248176,61
290,22,1,6,2,511.8834513693606,61
292,47,1,6,2,312.581170704271,61
328,63,1,6,2,581.6037463647094,61
321,3,1,6,2,383.75760316248176,61
310,126,1,6,2,264.1548276485677,61
323,132,1,6,2,456.31629786785425,61
308,171,1,6,2,765.2849294470589,61
317,18,1,6,2,242.2571953243216,61
298,771,1,6,2,260.8448185600042,61
328,32,1,6,2,581.6037463647094,61
308,119,1,6,2,765.2849294470589,61
328,73,1,6,2,581.6037463647094,61
302,3,1,6,2,307.96886730639295,61
298,110,1,6,2,260.8448185600042,61
298,95,1,6,2,260.8448185600042,61
308,145,1,6,2,765.2849294470589,61
306,169,1,6,2,301.0203158083186,61
323,50,1,6,2,456.31629786785425,61
290,42,1,6,2,511.8834513693606,61
308,185,1,6,2,765.2849294470589,61
323,62,1,6,2,456.31629786785425,61
323,3,1,6,2,456.31629786785425,61
323,27,1,6,2,456.31629786785425,61
325,35,1,6,2,326.1444165186871,61
325,29,1,6,2,326.1444165186871,61
306,88,1,6,2,301.0203158083186,61
302,11,1,6,2,307.96886730639295,61
315,42,1,6,2,292.5793803392598,61
294,769,1,6,2,665.477435417107,61
317,63,1,6,2,242.2571953243216,61
302,53,1,6,2,307.96886730639295,61
328,94,1,6,2,581.6037463647094,61
333,30,1,6,2,184.1850643975573,61
302,18,1,6,2,307.96886730639295,61
298,5,1,6,2,260.8448185600042,61
294,171,1,6,2,298.41818512115935,61
294,2,1,6,2,298.41818512115935,61
310,88,1,6,2,264.1548276485677,61
296,62,1,6,2,270.80450791299563,61
302,82,1,6,2,307.96886730639295,61
290,184,1,6,2,511.8834513693606,61
306,123,1,6,2,301.0203158083186,61
304,110,1,6,2,295.41049891554076,61
292,128,1,6,2,312.581170704271,61
290,144,1,6,2,511.8834513693606,61
325,10,1,6,2,326.1444165186871,61
310,31,1,6,2,264.1548276485677,61
321,141,1,6,2,383.75760316248176,61
331,778,1,6,2,390.64630515338956,61
317,108,1,6,2,242.2571953243216,61
304,26,1,6,2,295.41049891554076,61
308,66,1,6,2,765.2849294470589,61
306,43,1,6,2,301.0203158083186,61
308,40,1,6,2,765.2849294470589,61
328,53,1,6,2,581.6037463647094,61
310,12,1,6,2,264.1548276485677,61
331,11,1,6,2,390.64630515338956,61
310,60,1,6,2,264.1548276485677,61
328,114,1,6,2,1284.4492735948402,61
328,83,1,6,2,581.6037463647094,61
310,97,1,6,2,264.1548276485677,61
304,78,1,6,2,295.41049891554076,61
302,915,1,6,2,977.2483882665628,61
290,204,1,6,2,511.8834513693606,61
290,123,1,6,2,1238.6844142644775,61
304,68,1,6,2,295.41049891554076,61
331,7,1,6,2,280.26139979306475,61
310,50,1,6,2,264.1548276485677,61
302,39,1,6,2,307.96886730639295,61
298,25,1,6,2,260.8448185600042,61
317,72,1,6,2,242.2571953243216,61
306,100,1,6,2,301.0203158083186,61
323,85,1,6,2,456.31629786785425,61
333,111,1,6,2,394.1660186546738,61
325,22,1,6,2,326.1444165186871,61
328,42,1,6,2,581.6037463647094,61
304,36,1,6,2,295.41049891554076,61
308,92,1,6,2,765.2849294470589,61
302,32,1,6,2,307.96886730639295,61
298,127,1,6,2,260.8448185600042,61
328,776,1,6,2,1284.4492735948402,61
306,66,1,6,2,301.0203158083186,61
294,159,1,6,2,298.41818512115935,61
315,114,1,6,2,292.5793803392598,61
308,105,1,6,2,765.2849294470589,61
296,52,1,6,2,270.80450791299563,61
317,9,1,6,2,242.2571953243216,61
321,91,1,6,2,383.75760316248176,61
292,140,1,6,2,312.581170704271,61
296,80,1,6,2,270.80450791299563,61
296,117,1,6,2,605.537288306838,61
306,20,1,6,2,301.0203158083186,61
302,46,1,6,2,307.96886730639295,61
296,71,1,6,2,270.80450791299563,61
298,28,1,6,2,260.8448185600042,61
292,70,1,6,2,312.581170704271,61
302,75,1,6,2,307.96886730639295,61
323,108,1,6,2,456.31629786785425,61
315,103,1,6,2,292.5793803392598,61
298,2,1,6,2,260.8448185600042,61
290,103,1,6,2,511.8834513693606,61
310,22,1,6,2,264.1548276485677,61
325,16,1,6,2,326.1444165186871,61
331,49,1,6,2,280.26139979306475,61
323,73,1,6,2,456.31629786785425,61
331,20,1,6,2,280.26139979306475,61
306,134,1,6,2,301.0203158083186,61
296,43,1,6,2,270.80450791299563,61
296,25,1,6,2,270.80450791299563,61
323,120,1,6,2,456.31629786785425,61
321,41,1,6,2,383.75760316248176,61
292,12,1,6,2,312.581170704271,61
310,107,1,6,2,264.1548276485677,61
321,53,1,6,2,383.75760316248176,61
325,41,1,6,2,326.1444165186871,61
331,36,1,6,2,280.26139979306475,61
304,5,1,6,2,295.41049891554076,61
333,38,1,6,2,184.1850643975573,61
306,31,1,6,2,301.0203158083186,61
298,26,1,6,2,260.8448185600042,61
331,777,1,6,2,390.64630515338956,61
333,52,1,6,2,184.1850643975573,61
315,32,1,6,2,292.5793803392598,61
325,54,1,6,2,326.1444165186871,61
328,104,1,6,2,581.6037463647094,61
333,60,1,6,2,184.1850643975573,61
292,58,1,6,2,312.581170704271,61
287,130,2,6,1,299.2612479373387,62
287,265,2,6,1,299.2612479373387,62
318,135,2,6,1,201.29598251168773,62
289,2,2,6,1,304.53774655089757,62
284,102,2,6,1,509.39654461538214,62
334,199,2,6,1,190.4951204742153,62
287,60,2,6,1,526.4640401939228,62
300,209,2,6,1,210.77372256649713,62
326,59,2,6,1,247.9728743754808,62
334,222,2,6,1,190.4951204742153,62
326,219,2,6,1,247.9728743754808,62
289,81,2,6,1,548.7954974530899,62
318,21,2,6,1,201.29598251168773,62
284,262,2,6,1,269.3883136266064,62
284,171,2,6,1,269.3883136266064,62
289,220,2,6,1,548.7954974530899,62
300,137,2,6,1,210.77372256649713,62
334,338,2,6,1,190.4951204742153,62
334,280,2,6,1,431.21900383845957,62
318,70,2,6,1,343.42736364948894,62
334,61,2,6,1,190.4951204742153,62
326,27,2,6,1,247.9728743754808,62
326,75,2,6,1,247.9728743754808,62
312,39,2,6,1,202.36253560814217,62
326,155,2,6,1,247.9728743754808,62
287,355,2,6,1,299.2612479373387,62
284,200,2,6,1,509.39654461538214,62
334,107,2,6,1,190.4951204742153,62
284,134,2,6,1,269.3883136266064,62
300,13,2,6,1,210.77372256649713,62
326,203,2,6,1,247.9728743754808,62
284,61,2,6,1,269.3883136266064,62
289,206,2,6,1,304.53774655089757,62
287,175,2,6,1,299.2612479373387,62
326,222,2,6,1,851.6611919816254,62
289,162,2,6,1,304.53774655089757,62
287,197,2,6,1,299.2612479373387,62
300,227,2,6,1,210.77372256649713,62
312,138,2,6,1,202.36253560814217,62
312,118,2,6,1,202.36253560814217,62
318,155,2,6,1,201.29598251168773,62
300,280,2,6,1,210.77372256649713,62
334,246,2,6,1,190.4951204742153,62
326,91,2,6,1,247.9728743754808,62
318,55,2,6,1,343.42736364948894,62
312,19,2,6,1,202.36253560814217,62
300,265,2,6,1,460.16084838672265,62
284,280,2,6,1,269.3883136266064,62
287,287,2,6,1,299.2612479373387,62
300,120,2,6,1,210.77372256649713,62
312,59,2,6,1,202.36253560814217,62
300,48,2,6,1,210.77372256649713,62
289,60,2,6,1,304.53774655089757,62
300,65,2,6,1,460.16084838672265,62
318,10,2,6,1,201.29598251168773,62
326,187,2,6,1,247.9728743754808,62
289,148,2,6,1,304.53774655089757,62
334,14,2,6,1,190.4951204742153,62
334,37,2,6,1,190.4951204742153,62
289,104,2,6,1,304.53774655089757,62
312,9,2,6,1,202.36253560814217,62
287,35,2,6,1,526.4640401939228,62
300,191,2,6,1,210.77372256649713,62
284,42,2,6,1,269.3883136266064,62
289,31,2,6,1,304.53774655089757,62
284,97,2,6,1,269.3883136266064,62
287,220,2,6,1,299.2612479373387,62
300,155,2,6,1,210.77372256649713,62
312,157,2,6,1,661.7071638321457,62
284,24,2,6,1,269.3883136266064,62
334,131,2,6,1,431.21900383845957,62
326,11,2,6,1,247.9728743754808,62
312,69,2,6,1,202.36253560814217,62
300,84,2,6,1,210.77372256649713,62
289,110,2,6,1,548.7954974530899,62
287,107,2,6,1,299.2612479373387,62
289,177,2,6,1,304.53774655089757,62
312,79,2,6,1,202.36253560814217,62
284,189,2,6,1,269.3883136266064,62
334,315,2,6,1,190.4951204742153,62
318,83,2,6,1,201.29598251168773,62
312,108,2,6,1,202.36253560814217,62
284,4,2,6,1,509.39654461538214,62
318,166,2,6,1,201.29598251168773,62
326,139,2,6,1,247.9728743754808,62
318,120,2,6,1,343.42736364948894,62
318,93,2,6,1,201.29598251168773,62
287,204,2,6,1,526.4640401939228,62
289,45,2,6,1,304.53774655089757,62
326,123,2,6,1,247.9728743754808,62
318,41,2,6,1,201.29598251168773,62
318,31,2,6,1,201.29598251168773,62
312,148,2,6,1,202.36253560814217,62
312,98,2,6,1,202.36253560814217,62
334,153,2,6,1,190.4951204742153,62
287,310,2,6,1,299.2612479373387,62
297,60,2,6,2,421.79703555595836,62
320,65,2,6,2,390.24718335089386,62
327,87,2,6,2,325.701521363799,62
324,130,2,6,2,392.09167633701884,62
316,75,2,6,2,404.6972196233645,62
286,48,2,6,2,422.96958677007,62
291,43,2,6,2,293.9543657546452,62
295,71,2,6,2,286.9985781444423,62
329,41,2,6,2,271.90902006647354,62
324,32,2,6,2,392.09167633701884,62
327,72,2,6,2,325.701521363799,62
314,96,2,6,2,289.20855192600607,62
324,24,2,6,2,392.09167633701884,62
295,149,2,6,2,286.9985781444423,62
303,3,2,6,2,88.28777242867554,62
314,39,2,6,2,289.20855192600607,62
324,122,2,6,2,392.09167633701884,62
316,72,2,6,2,404.6972196233645,62
332,10,2,6,2,251.05293035259416,62
327,11,2,6,2,325.701521363799,62
293,49,2,6,2,318.78796256441433,62
295,65,2,6,2,917.2416059476999,62
314,113,2,6,2,289.20855192600607,62
332,41,2,6,2,251.05293035259416,62
286,145,2,6,2,422.96958677007,62
314,104,2,6,2,289.20855192600607,62
286,157,2,6,2,422.96958677007,62
307,116,2,6,2,265.27785753450183,62
320,125,2,6,2,218.42801337735537,62
322,186,2,6,2,335.948518347585,62
324,97,2,6,2,392.09167633701884,62
295,22,2,6,2,286.9985781444423,62
307,63,2,6,2,265.27785753450183,62
297,69,2,6,2,421.79703555595836,62
316,85,2,6,2,240.755551137843,62
309,26,2,6,2,283.30523274374497,62
329,93,2,6,2,271.90902006647354,62
307,27,2,6,2,265.27785753450183,62
329,146,2,6,2,271.90902006647354,62
291,71,2,6,2,293.9543657546452,62
286,96,2,6,2,422.96958677007,62
303,30,2,6,2,88.28777242867554,62
286,84,2,6,2,422.96958677007,62
303,41,2,6,2,88.28777242867554,62
329,28,2,6,2,271.90902006647354,62
295,100,2,6,2,286.9985781444423,62
303,47,2,6,2,187.11021185797603,62
295,61,2,6,2,286.9985781444423,62
305,72,2,6,2,272.21364712662574,62
332,2,2,6,2,251.05293035259416,62
320,22,2,6,2,218.42801337735537,62
293,37,2,6,2,318.78796256441433,62
332,25,2,6,2,251.05293035259416,62
316,55,2,6,2,240.755551137843,62
301,88,2,6,2,265.67337159201,62
332,102,2,6,2,251.05293035259416,62
293,43,2,6,2,318.78796256441433,62
332,71,2,6,2,251.05293035259416,62
314,47,2,6,2,289.20855192600607,62
316,10,2,6,2,404.6972196233645,62
329,159,2,6,2,271.90902006647354,62
305,14,2,6,2,610.5411558391216,62
293,90,2,6,2,511.944820665714,62
293,13,2,6,2,318.78796256441433,62
286,12,2,6,2,422.96958677007,62
309,72,2,6,2,283.30523274374497,62
291,150,2,6,2,991.4418730091926,62
309,102,2,6,2,283.30523274374497,62
309,64,2,6,2,283.30523274374497,62
295,129,2,6,2,286.9985781444423,62
322,110,2,6,2,335.948518347585,62
309,41,2,6,2,283.30523274374497,62
320,114,2,6,2,218.42801337735537,62
293,25,2,6,2,318.78796256441433,62
307,71,2,6,2,265.27785753450183,62
305,127,2,6,2,272.21364712662574,62
295,32,2,6,2,286.9985781444423,62
322,33,2,6,2,335.948518347585,62
295,90,2,6,2,286.9985781444423,62
297,94,2,6,2,421.79703555595836,62
322,263,2,6,2,335.948518347585,62
291,186,2,6,2,293.9543657546452,62
297,52,2,6,2,421.79703555595836,62
314,31,2,6,2,289.20855192600607,62
332,79,2,6,2,251.05293035259416,62
305,90,2,6,2,272.21364712662574,62
314,63,2,6,2,289.20855192600607,62
324,57,2,6,2,392.09167633701884,62
297,1,2,6,2,421.79703555595836,62
324,73,2,6,2,392.09167633701884,62
297,35,2,6,2,421.79703555595836,62
291,114,2,6,2,293.9543657546452,62
327,178,2,6,2,325.701521363799,62
297,26,2,6,2,421.79703555595836,62
332,48,2,6,2,251.05293035259416,62
301,16,2,6,2,265.67337159201,62
322,148,2,6,2,335.948518347585,62
305,100,2,6,2,272.21364712662574,62
291,229,2,6,2,293.9543657546452,62
295,110,2,6,2,286.9985781444423,62
332,87,2,6,2,251.05293035259416,62
316,91,2,6,2,240.755551137843,62
291,100,2,6,2,293.9543657546452,62
293,67,2,6,2,318.78796256441433,62
305,136,2,6,2,272.21364712662574,62
301,24,2,6,2,265.67337159201,62
301,80,2,6,2,265.67337159201,62
324,65,2,6,2,392.09167633701884,62
327,209,2,6,2,325.701521363799,62
327,152,2,6,2,1074.278015710333,62
314,6,2,6,2,289.20855192600607,62
295,51,2,6,2,286.9985781444423,62
301,32,2,6,2,265.67337159201,62
293,2,2,6,2,511.944820665714,62
301,128,2,6,2,265.67337159201,62
316,67,2,6,2,240.755551137843,62
314,14,2,6,2,289.20855192600607,62
327,26,2,6,2,325.701521363799,62
303,11,2,6,2,187.11021185797603,62
303,24,2,6,2,88.28777242867554,62
320,145,2,6,2,218.42801337735537,62
322,14,2,6,2,335.948518347585,62
307,36,2,6,2,265.27785753450183,62
332,117,2,6,2,251.05293035259416,62
320,1,2,6,2,218.42801337735537,62
291,57,2,6,2,293.9543657546452,62
293,85,2,6,2,318.78796256441433,62
305,63,2,6,2,272.21364712662574,62
305,109,2,6,2,272.21364712662574,62
286,133,2,6,2,422.96958677007,62
291,171,2,6,2,293.9543657546452,62
305,145,2,6,2,272.21364712662574,62
316,20,2,6,2,240.755551137843,62
291,214,2,6,2,293.9543657546452,62
320,27,2,6,2,390.24718335089386,62
309,87,2,6,2,283.30523274374497,62
293,97,2,6,2,511.944820665714,62
307,8,2,6,2,838.1770031139329,62
307,9,2,6,2,265.27785753450183,62
295,139,2,6,2,286.9985781444423,62
307,134,2,6,2,265.27785753450183,62
307,98,2,6,2,265.27785753450183,62
332,56,2,6,2,251.05293035259416,62
307,143,2,6,2,265.27785753450183,62
301,64,2,6,2,265.67337159201,62
291,14,2,6,2,293.9543657546452,62
329,80,2,6,2,271.90902006647354,62
320,104,2,6,2,218.42801337735537,62
320,42,2,6,2,218.42801337735537,62
309,3,2,6,2,283.30523274374497,62
293,73,2,6,2,318.78796256441433,62
286,36,2,6,2,422.96958677007,62
303,73,2,6,2,88.28777242867554,62
301,112,2,6,2,265.67337159201,62
314,80,2,6,2,289.20855192600607,62
327,193,2,6,2,325.701521363799,62
322,167,2,6,2,335.948518347585,62
332,17,2,6,2,251.05293035259416,62
322,225,2,6,2,335.948518347585,62
320,73,2,6,2,218.42801337735537,62
303,68,2,6,2,88.28777242867554,62
327,133,2,6,2,325.701521363799,62
286,181,2,6,2,422.96958677007,62
307,45,2,6,2,265.27785753450183,62
293,61,2,6,2,318.78796256441433,62
316,32,2,6,2,240.755551137843,62
316,8,2,6,2,240.755551137843,62
322,244,2,6,2,335.948518347585,62
329,185,2,6,2,271.90902006647354,62
305,18,2,6,2,272.21364712662574,62
297,128,2,6,2,421.79703555595836,62
329,198,2,6,2,271.90902006647354,62
286,109,2,6,2,422.96958677007,62
320,152,2,6,2,390.24718335089386,62
329,106,2,6,2,271.90902006647354,62
305,27,2,6,2,272.21364712662574,62
316,61,2,6,2,240.755551137843,62
314,72,2,6,2,289.20855192600607,62
324,89,2,6,2,392.09167633701884,62
305,773,2,6,2,610.5411558391216,62
320,11,2,6,2,218.42801337735537,62
327,239,2,6,2,325.701521363799,62
291,129,2,6,2,293.9543657546452,62
301,120,2,6,2,265.67337159201,62
327,57,2,6,2,325.701521363799,62
314,129,2,6,2,289.20855192600607,62
286,193,2,6,2,422.96958677007,62
301,56,2,6,2,265.67337159201,62
329,133,2,6,2,271.90902006647354,62
327,118,2,6,2,325.701521363799,62
309,94,2,6,2,283.30523274374497,62
309,117,2,6,2,283.30523274374497,62
297,18,2,6,2,421.79703555595836,62
301,96,2,6,2,265.67337159201,62
322,72,2,6,2,335.948518347585,62
309,50,2,6,2,908.6565214741288,62
303,51,2,6,2,88.28777242867554,62
324,41,2,6,2,392.09167633701884,62
322,301,2,6,2,335.948518347585,62
286,60,2,6,2,422.96958677007,62
309,33,2,6,2,283.30523274374497,62
309,18,2,6,2,283.30523274374497,62
324,106,2,6,2,392.09167633701884,62
307,107,2,6,2,265.27785753450183,62
322,91,2,6,2,335.948518347585,62
297,120,2,6,2,421.79703555595836,62
297,103,2,6,2,421.79703555595836,62
297,86,2,6,2,421.79703555595836,62
324,8,2,6,2,392.09167633701884,62
303,84,2,6,2,88.28777242867554,62
303,62,2,6,2,88.28777242867554,62
329,1,2,6,2,271.90902006647354,62
303,8,2,6,2,88.28777242867554,62
316,37,2,6,2,240.755551137843,62
301,48,2,6,2,265.67337159201,62
329,54,2,6,2,271.90902006647354,62
362,23,1,7,1,322.9444508728407,71
340,88,1,7,1,161.97058074917723,71
368,114,1,7,1,131.15249675853562,71
368,78,1,7,1,131.15249675853562,71
370,84,1,7,1,140.28702774905696,71
340,128,1,7,1,369.8350996273753,71
368,90,1,7,1,131.15249675853562,71
340,5,1,7,1,161.97058074917723,71
385,46,1,7,1,158.93372551631526,71
342,51,1,7,1,105.74788595465908,71
340,72,1,7,1,161.97058074917723,71
368,31,1,7,1,131.15249675853562,71
370,125,1,7,1,140.28702774905696,71
351,104,1,7,1,117.07499712477556,71
340,38,1,7,1,161.97058074917723,71
366,90,1,7,1,131.9878398488843,71
351,84,1,7,1,117.07499712477556,71
366,112,1,7,1,131.9878398488843,71
383,31,1,7,1,154.2399410402153,71
366,46,1,7,1,131.9878398488843,71
366,35,1,7,1,295.94347850242406,71
385,70,1,7,1,158.93372551631526,71
370,10,1,7,1,140.28702774905696,71
370,35,1,7,1,140.28702774905696,71
364,106,1,7,1,169.84969827339947,71
383,5,1,7,1,154.2399410402153,71
366,917,1,7,1,295.94347850242406,71
385,41,1,7,1,158.93372551631526,71
366,101,1,7,1,131.9878398488843,71
381,48,1,7,1,172.3545785428888,71
342,149,1,7,1,105.74788595465908,71
364,16,1,7,1,169.84969827339947,71
368,7,1,7,1,131.15249675853562,71
381,39,1,7,1,172.3545785428888,71
381,31,1,7,1,172.3545785428888,71
385,17,1,7,1,158.93372551631526,71
368,54,1,7,1,131.15249675853562,71
342,63,1,7,1,105.74788595465908,71
383,52,1,7,1,154.2399410402153,71
368,137,1,7,1,131.15249675853562,71
364,41,1,7,1,169.84969827339947,71
385,58,1,7,1,158.93372551631526,71
362,4,1,7,1,322.9444508728407,71
342,186,1,7,1,105.74788595465908,71
351,75,1,7,1,117.07499712477556,71
370,51,1,7,1,140.28702774905696,71
383,13,1,7,1,154.2399410402153,71
368,66,1,7,1,131.15249675853562,71
364,28,1,7,1,169.84969827339947,71
362,156,1,7,1,322.9444508728407,71
383,43,1,7,1,154.2399410402153,71
366,13,1,7,1,131.9878398488843,71
364,158,1,7,1,169.84969827339947,71
342,26,1,7,1,105.74788595465908,71
342,173,1,7,1,105.74788595465908,71
362,80,1,7,1,663.881545813303,71
351,113,1,7,1,117.07499712477556,71
342,75,1,7,1,105.74788595465908,71
351,65,1,7,1,117.07499712477556,71
381,14,1,7,1,172.3545785428888,71
340,22,1,7,1,369.8350996273753,71
364,145,1,7,1,169.84969827339947,71
383,9,1,7,1,154.2399410402153,71
351,36,1,7,1,117.07499712477556,71
385,64,1,7,1,158.93372551631526,71
368,19,1,7,1,131.15249675853562,71
340,30,1,7,1,161.97058074917723,71
370,59,1,7,1,140.28702774905696,71
385,11,1,7,1,158.93372551631526,71
366,57,1,7,1,131.9878398488843,71
364,3,1,7,1,169.84969827339947,71
340,13,1,7,1,161.97058074917723,71
351,45,1,7,1,117.07499712477556,71
366,123,1,7,1,131.9878398488843,71
368,102,1,7,1,131.15249675853562,71
351,7,1,7,1,117.07499712477556,71
364,132,1,7,1,169.84969827339947,71
370,27,1,7,1,140.28702774905696,71
370,2,1,7,1,140.28702774905696,71
342,102,1,7,1,231.33698838335573,71
364,67,1,7,1,169.84969827339947,71
351,16,1,7,1,117.07499712477556,71
340,97,1,7,1,161.97058074917723,71
362,175,1,7,1,322.9444508728407,71
362,137,1,7,1,322.9444508728407,71
364,54,1,7,1,169.84969827339947,71
364,80,1,7,1,169.84969827339947,71
362,42,1,7,1,322.9444508728407,71
381,5,1,7,1,172.3545785428888,71
366,24,1,7,1,131.9878398488843,71
385,35,1,7,1,158.93372551631526,71
366,68,1,7,1,131.9878398488843,71
370,43,1,7,1,140.28702774905696,71
385,29,1,7,1,158.93372551631526,71
383,35,1,7,1,154.2399410402153,71
342,112,1,7,1,105.74788595465908,71
351,94,1,7,1,117.07499712477556,71
342,23,1,7,1,231.33698838335573,71
383,39,1,7,1,154.2399410402153,71
381,56,1,7,1,172.3545785428888,71
340,47,1,7,1,161.97058074917723,71
362,99,1,7,1,322.9444508728407,71
381,64,1,7,1,172.3545785428888,71
385,52,1,7,1,158.93372551631526,71
362,253,1,7,1,663.881545813303,71
362,107,1,7,1,663.881545813303,71
381,90,1,7,1,172.3545785428888,71
381,98,1,7,1,172.3545785428888,71
383,48,1,7,1,154.2399410402153,71
362,194,1,7,1,322.9444508728407,71
381,22,1,7,1,172.3545785428888,71
381,81,1,7,1,172.3545785428888,71
383,26,1,7,1,154.2399410402153,71
351,26,1,7,1,117.07499712477556,71
351,55,1,7,1,117.07499712477556,71
364,119,1,7,1,169.84969827339947,71
370,19,1,7,1,140.28702774905696,71
383,18,1,7,1,154.2399410402153,71
370,92,1,7,1,140.28702774905696,71
385,5,1,7,1,158.93372551631526,71
383,22,1,7,1,154.2399410402153,71
342,14,1,7,1,105.74788595465908,71
370,68,1,7,1,140.28702774905696,71
362,213,1,7,1,322.9444508728407,71
368,125,1,7,1,131.15249675853562,71
340,55,1,7,1,161.97058074917723,71
385,23,1,7,1,158.93372551631526,71
340,63,1,7,1,161.97058074917723,71
368,43,1,7,1,131.15249675853562,71
342,161,1,7,1,105.74788595465908,71
366,79,1,7,1,131.9878398488843,71
372,56,1,7,2,145.34193970563402,71
360,19,1,7,2,209.52323784409793,71
358,43,1,7,2,198.7492484359525,71
372,13,1,7,2,145.34193970563402,71
356,66,1,7,2,153.84639014609255,71
360,122,1,7,2,209.52323784409793,71
356,29,1,7,2,153.84639014609255,71
350,63,1,7,2,121.28437334317493,71
358,68,1,7,2,198.7492484359525,71
360,87,1,7,2,209.52323784409793,71
346,15,1,7,2,136.20072225739924,71
354,110,1,7,2,195.23866424660307,71
380,40,1,7,2,336.488419716328,71
388,62,1,7,2,180.42227599200308,71
376,29,1,7,2,183.73136320615885,71
348,11,1,7,2,172.35330844585482,71
374,1,1,7,2,160.7564398729933,71
356,15,1,7,2,153.84639014609255,71
388,76,1,7,2,180.42227599200308,71
374,16,1,7,2,160.7564398729933,71
372,86,1,7,2,145.34193970563402,71
374,53,1,7,2,160.7564398729933,71
374,83,1,7,2,160.7564398729933,71
376,1,1,7,2,183.73136320615885,71
376,15,1,7,2,183.73136320615885,71
344,118,1,7,2,172.39816875518483,71
376,50,1,7,2,183.73136320615885,71
380,56,1,7,2,336.488419716328,71
376,64,1,7,2,183.73136320615885,71
350,22,1,7,2,121.28437334317493,71
344,32,1,7,2,172.39816875518483,71
344,23,1,7,2,172.39816875518483,71
346,9,1,7,2,136.20072225739924,71
380,104,1,7,2,336.488419716328,71
374,38,1,7,2,160.7564398729933,71
380,136,1,7,2,336.488419716328,71
374,75,1,7,2,160.7564398729933,71
360,99,1,7,2,209.52323784409793,71
337,72,1,7,2,118.76980563167676,71
372,71,1,7,2,145.34193970563402,71
337,26,1,7,2,118.76980563167676,71
374,46,1,7,2,160.7564398729933,71
376,70,1,7,2,183.73136320615885,71
350,30,1,7,2,121.28437334317493,71
388,15,1,7,2,180.42227599200308,71
337,6,1,7,2,118.76980563167676,71
388,35,1,7,2,180.42227599200308,71
350,48,1,7,2,121.28437334317493,71
388,69,1,7,2,180.42227599200308,71
360,53,1,7,2,209.52323784409793,71
354,14,1,7,2,195.23866424660307,71
337,36,1,7,2,118.76980563167676,71
388,42,1,7,2,180.42227599200308,71
337,16,1,7,2,374.2064957207261,71
337,82,1,7,2,118.76980563167676,71
360,42,1,7,2,209.52323784409793,71
358,85,1,7,2,198.7492484359525,71
358,60,1,7,2,198.7492484359525,71
372,27,1,7,2,497.011924646585,71
344,40,1,7,2,172.39816875518483,71
356,7,1,7,2,153.84639014609255,71
388,49,1,7,2,180.42227599200308,71
346,72,1,7,2,136.20072225739924,71
356,74,1,7,2,153.84639014609255,71
337,31,1,7,2,118.76980563167676,71
388,22,1,7,2,180.42227599200308,71
346,2,1,7,2,136.20072225739924,71
348,7,1,7,2,172.35330844585482,71
378,55,1,7,2,124.97879151570093,71
356,81,1,7,2,153.84639014609255,71
350,16,1,7,2,121.28437334317493,71
378,5,1,7,2,124.97879151570093,71
350,26,1,7,2,121.28437334317493,71
348,35,1,7,2,172.35330844585482,71
358,26,1,7,2,198.7492484359525,71
350,2,1,7,2,121.28437334317493,71
388,56,1,7,2,180.42227599200308,71
354,139,1,7,2,195.23866424660307,71
380,152,1,7,2,336.488419716328,71
374,31,1,7,2,160.7564398729933,71
388,9,1,7,2,180.42227599200308,71
348,23,1,7,2,172.35330844585482,71
354,4,1,7,2,195.23866424660307,71
354,52,1,7,2,195.23866424660307,71
380,88,1,7,2,336.488419716328,71
372,20,1,7,2,145.34193970563402,71
372,78,1,7,2,145.34193970563402,71
374,23,1,7,2,160.7564398729933,71
388,2,1,7,2,180.42227599200308,71
344,49,1,7,2,172.39816875518483,71
344,101,1,7,2,172.39816875518483,71
354,81,1,7,2,195.23866424660307,71
358,51,1,7,2,198.7492484359525,71
356,88,1,7,2,153.84639014609255,71
346,53,1,7,2,136.20072225739924,71
376,36,1,7,2,183.73136320615885,71
348,15,1,7,2,172.35330844585482,71
360,64,1,7,2,209.52323784409793,71
354,42,1,7,2,195.23866424660307,71
376,8,1,7,2,183.73136320615885,71
378,76,1,7,2,124.97879151570093,71
378,83,1,7,2,124.97879151570093,71
350,15,1,7,2,121.28437334317493,71
337,62,1,7,2,118.76980563167676,71
350,66,1,7,2,121.28437334317493,71
374,8,1,7,2,160.7564398729933,71
380,8,1,7,2,336.488419716328,71
388,29,1,7,2,180.42227599200308,71
372,5,1,7,2,145.34193970563402,71
346,60,1,7,2,136.20072225739924,71
344,110,1,7,2,172.39816875518483,71
346,34,1,7,2,136.20072225739924,71
378,12,1,7,2,124.97879151570093,71
346,21,1,7,2,136.20072225739924,71
378,62,1,7,2,124.97879151570093,71
346,66,1,7,2,136.20072225739924,71
358,93,1,7,2,198.7492484359525,71
348,39,1,7,2,172.35330844585482,71
378,40,1,7,2,124.97879151570093,71
356,22,1,7,2,153.84639014609255,71
378,47,1,7,2,124.97879151570093,71
380,72,1,7,2,336.488419716328,71
356,44,1,7,2,153.84639014609255,71
346,40,1,7,2,136.20072225739924,71
376,57,1,7,2,183.73136320615885,71
337,57,1,7,2,118.76980563167676,71
360,7,1,7,2,209.52323784409793,71
372,64,1,7,2,145.34193970563402,71
360,110,1,7,2,209.52323784409793,71
356,51,1,7,2,153.84639014609255,71
360,30,1,7,2,209.52323784409793,71
348,3,1,7,2,172.35330844585482,71
348,19,1,7,2,172.35330844585482,71
344,75,1,7,2,172.39816875518483,71
356,37,1,7,2,153.84639014609255,71
378,33,1,7,2,124.97879151570093,71
348,27,1,7,2,172.35330844585482,71
346,28,1,7,2,136.20072225739924,71
354,33,1,7,2,195.23866424660307,71
348,31,1,7,2,172.35330844585482,71
380,168,1,7,2,336.488419716328,71
372,49,1,7,2,145.34193970563402,71
358,76,1,7,2,198.7492484359525,71
344,84,1,7,2,172.39816875518483,71
374,60,1,7,2,160.7564398729933,71
337,52,1,7,2,118.76980563167676,71
337,47,1,7,2,118.76980563167676,71
337,41,1,7,2,118.76980563167676,71
350,40,1,7,2,121.28437334317493,71
372,34,1,7,2,145.34193970563402,71
378,19,1,7,2,124.97879151570093,71
350,74,1,7,2,121.28437334317493,71
354,62,1,7,2,195.23866424660307,71
360,133,1,7,2,209.52323784409793,71
354,91,1,7,2,195.23866424660307,71
350,87,1,7,2,121.28437334317493,71
380,184,1,7,2,336.488419716328,71
380,24,1,7,2,336.488419716328,71
376,43,1,7,2,183.73136320615885,71
348,47,1,7,2,172.35330844585482,71
358,35,1,7,2,198.7492484359525,71
354,100,1,7,2,195.23866424660307,71
346,47,1,7,2,136.20072225739924,71
380,120,1,7,2,336.488419716328,71
354,148,1,7,2,195.23866424660307,71
344,6,1,7,2,172.39816875518483,71
376,22,1,7,2,183.73136320615885,71
376,77,1,7,2,183.73136320615885,71
378,69,1,7,2,124.97879151570093,71
378,26,1,7,2,124.97879151570093,71
348,43,1,7,2,172.35330844585482,71
356,59,1,7,2,153.84639014609255,71
374,68,1,7,2,160.7564398729933,71
358,1,1,7,2,198.7492484359525,71
372,42,1,7,2,145.34193970563402,71
344,92,1,7,2,172.39816875518483,71
360,76,1,7,2,209.52323784409793,71
358,9,1,7,2,198.7492484359525,71
344,14,1,7,2,172.39816875518483,71
358,18,1,7,2,198.7492484359525,71
371,43,2,7,1,145.8291549284703,72
384,30,2,7,1,134.64589383544057,72
343,91,2,7,1,100.6686548632683,72
371,168,2,7,1,145.8291549284703,72
341,128,2,7,1,124.27815027796142,72
341,147,2,7,1,124.27815027796142,72
384,68,2,7,1,134.64589383544057,72
371,180,2,7,1,145.8291549284703,72
384,97,2,7,1,134.64589383544057,72
343,97,2,7,1,327.7906454876096,72
369,118,2,7,1,161.0074923976008,72
367,192,2,7,1,158.29692855252333,72
341,52,2,7,1,124.27815027796142,72
386,11,2,7,1,135.39448930130743,72
365,18,2,7,1,129.4895673104982,72
341,13,2,7,1,124.27815027796142,72
352,22,2,7,1,168.24368909310857,72
343,193,2,7,1,100.6686548632683,72
341,99,2,7,1,124.27815027796142,72
343,28,2,7,1,100.6686548632683,72
343,66,2,7,1,100.6686548632683,72
363,160,2,7,1,185.7219104038719,72
343,15,2,7,1,100.6686548632683,72
367,156,2,7,1,158.29692855252333,72
382,30,2,7,1,171.7607705734309,72
365,152,2,7,1,129.4895673104982,72
386,77,2,7,1,135.39448930130743,72
367,10,2,7,1,158.29692855252333,72
369,72,2,7,1,161.0074923976008,72
382,75,2,7,1,171.7607705734309,72
371,30,2,7,1,145.8291549284703,72
369,10,2,7,1,161.0074923976008,72
352,48,2,7,1,168.24368909310857,72
363,110,2,7,1,185.7219104038719,72
371,143,2,7,1,145.8291549284703,72
371,80,2,7,1,145.8291549284703,72
371,18,2,7,1,145.8291549284703,72
371,130,2,7,1,145.8291549284703,72
343,142,2,7,1,100.6686548632683,72
384,136,2,7,1,134.64589383544057,72
369,194,2,7,1,161.0074923976008,72
339,44,2,7,1,174.32088410490513,72
365,108,2,7,1,129.4895673104982,72
386,210,2,7,1,135.39448930130743,72
367,23,2,7,1,158.29692855252333,72
352,178,2,7,1,168.24368909310857,72
352,74,2,7,1,168.24368909310857,72
352,126,2,7,1,168.24368909310857,72
339,145,2,7,1,174.32088410490513,72
365,197,2,7,1,129.4895673104982,72
371,193,2,7,1,145.8291549284703,72
384,10,2,7,1,291.9792700376455,72
382,62,2,7,1,171.7607705734309,72
386,244,2,7,1,135.39448930130743,72
363,10,2,7,1,185.7219104038719,72
369,26,2,7,1,161.0074923976008,72
365,227,2,7,1,129.4895673104982,72
365,93,2,7,1,129.4895673104982,72
367,47,2,7,1,158.29692855252333,72
339,10,2,7,1,174.32088410490513,72
369,148,2,7,1,161.0074923976008,72
352,61,2,7,1,168.24368909310857,72
339,134,2,7,1,174.32088410490513,72
384,107,2,7,1,134.64589383544057,72
339,179,2,7,1,174.32088410490513,72
367,144,2,7,1,158.29692855252333,72
384,78,2,7,1,134.64589383544057,72
363,80,2,7,1,185.7219104038719,72
371,68,2,7,1,145.8291549284703,72
343,41,2,7,1,100.6686548632683,72
363,70,2,7,1,185.7219104038719,72
382,11,2,7,1,171.7607705734309,72
371,118,2,7,1,145.8291549284703,72
339,112,2,7,1,174.32088410490513,72
382,100,2,7,1,171.7607705734309,72
367,107,2,7,1,158.29692855252333,72
369,133,2,7,1,161.0074923976008,72
363,40,2,7,1,185.7219104038719,72
343,79,2,7,1,100.6686548632683,72
384,145,2,7,1,134.64589383544057,72
384,59,2,7,1,134.64589383544057,72
341,109,2,7,1,124.27815027796142,72
352,9,2,7,1,168.24368909310857,72
365,33,2,7,1,129.4895673104982,72
382,88,2,7,1,171.7607705734309,72
386,27,2,7,1,135.39448930130743,72
369,240,2,7,1,161.0074923976008,72
352,113,2,7,1,168.24368909310857,72
386,44,2,7,1,135.39448930130743,72
386,111,2,7,1,135.39448930130743,72
341,33,2,7,1,124.27815027796142,72
369,56,2,7,1,161.0074923976008,72
363,90,2,7,1,185.7219104038719,72
384,116,2,7,1,134.64589383544057,72
369,179,2,7,1,161.0074923976008,72
343,180,2,7,1,100.6686548632683,72
369,209,2,7,1,161.0074923976008,72
343,130,2,7,1,100.6686548632683,72
341,23,2,7,1,124.27815027796142,72
386,144,2,7,1,135.39448930130743,72
365,137,2,7,1,129.4895673104982,72
386,177,2,7,1,135.39448930130743,72
352,204,2,7,1,168.24368909310857,72
365,167,2,7,1,129.4895673104982,72
367,95,2,7,1,158.29692855252333,72
352,165,2,7,1,168.24368909310857,72
339,67,2,7,1,174.32088410490513,72
365,212,2,7,1,129.4895673104982,72
386,160,2,7,1,135.39448930130743,72
352,152,2,7,1,168.24368909310857,72
382,81,2,7,1,171.7607705734309,72
371,93,2,7,1,145.8291549284703,72
339,100,2,7,1,174.32088410490513,72
363,30,2,7,1,185.7219104038719,72
363,50,2,7,1,185.7219104038719,72
341,61,2,7,1,124.27815027796142,72
339,89,2,7,1,174.32088410490513,72
339,157,2,7,1,174.32088410490513,72
363,130,2,7,1,185.7219104038719,72
386,227,2,7,1,135.39448930130743,72
382,5,2,7,1,171.7607705734309,72
341,71,2,7,1,124.27815027796142,72
367,71,2,7,1,158.29692855252333,72
341,138,2,7,1,124.27815027796142,72
363,120,2,7,1,185.7219104038719,72
382,49,2,7,1,171.7607705734309,72
386,94,2,7,1,135.39448930130743,72
384,1,2,7,1,134.64589383544057,72
363,150,2,7,1,185.7219104038719,72
382,37,2,7,1,171.7607705734309,72
339,55,2,7,1,174.32088410490513,72
365,78,2,7,1,129.4895673104982,72
341,90,2,7,1,124.27815027796142,72
369,87,2,7,1,161.0074923976008,72
382,24,2,7,1,171.7607705734309,72
339,22,2,7,1,174.32088410490513,72
365,48,2,7,1,129.4895673104982,72
352,100,2,7,1,168.24368909310857,72
367,168,2,7,1,158.29692855252333,72
384,35,2,7,1,291.9792700376455,72
367,120,2,7,1,158.29692855252333,72
367,59,2,7,1,158.29692855252333,72
382,56,2,7,1,171.7607705734309,72
343,168,2,7,1,100.6686548632683,72
355,35,2,7,2,196.11772927117428,72
355,115,2,7,2,196.11772927117428,72
375,80,2,7,2,148.05954347452698,72
379,52,2,7,2,168.31182788140924,72
347,27,2,7,2,333.5941466470055,72
375,36,2,7,2,148.05954347452698,72
375,74,2,7,2,148.05954347452698,72
373,49,2,7,2,164.6169541032654,72
361,69,2,7,2,145.85226084452876,72
373,22,2,7,2,164.6169541032654,72
347,70,2,7,2,152.6577861929463,72
349,68,2,7,2,160.20418728649508,72
336,90,2,7,2,148.29304583031995,72
359,39,2,7,2,164.5066479083863,72
387,67,2,7,2,181.38152962815767,72
373,89,2,7,2,164.6169541032654,72
336,52,2,7,2,148.29304583031995,72
336,119,2,7,2,148.29304583031995,72
349,139,2,7,2,160.20418728649508,72
375,5,2,7,2,148.05954347452698,72
355,53,2,7,2,196.11772927117428,72
338,129,2,7,2,166.08964622167767,72
377,106,2,7,2,220.33944085446666,72
357,23,2,7,2,202.88040959086993,72
387,22,2,7,2,298.7440219114124,72
357,78,2,7,2,202.88040959086993,72
377,23,2,7,2,220.33944085446666,72
347,5,2,7,2,152.6577861929463,72
357,11,2,7,2,202.88040959086993,72
347,57,2,7,2,152.6577861929463,72
377,147,2,7,2,220.33944085446666,72
361,30,2,7,2,145.85226084452876,72
375,99,2,7,2,148.05954347452698,72
347,37,2,7,2,152.6577861929463,72
345,53,2,7,2,157.95853795463486,72
359,29,2,7,2,164.5066479083863,72
349,86,2,7,2,160.20418728649508,72
355,89,2,7,2,196.11772927117428,72
338,24,2,7,2,166.08964622167767,72
347,31,2,7,2,152.6577861929463,72
379,96,2,7,2,168.31182788140924,72
338,71,2,7,2,166.08964622167767,72
355,71,2,7,2,196.11772927117428,72
373,103,2,7,2,164.6169541032654,72
379,7,2,7,2,168.31182788140924,72
359,48,2,7,2,164.5066479083863,72
373,36,2,7,2,164.6169541032654,72
336,8,2,7,2,148.29304583031995,72
355,17,2,7,2,196.11772927117428,72
375,11,2,7,2,148.05954347452698,72
359,68,2,7,2,164.5066479083863,72
361,36,2,7,2,145.85226084452876,72
387,40,2,7,2,298.7440219114124,72
361,53,2,7,2,145.85226084452876,72
347,11,2,7,2,152.6577861929463,72
338,117,2,7,2,166.08964622167767,72
345,119,2,7,2,157.95853795463486,72
338,47,2,7,2,166.08964622167767,72
387,50,2,7,2,181.38152962815767,72
347,89,2,7,2,152.6577861929463,72
379,22,2,7,2,168.31182788140924,72
379,118,2,7,2,168.31182788140924,72
357,84,2,7,2,202.88040959086993,72
357,59,2,7,2,202.88040959086993,72
375,86,2,7,2,148.05954347452698,72
355,124,2,7,2,196.11772927117428,72
349,6,2,7,2,160.20418728649508,72
359,24,2,7,2,164.5066479083863,72
336,60,2,7,2,148.29304583031995,72
355,80,2,7,2,196.11772927117428,72
349,77,2,7,2,160.20418728649508,72
379,81,2,7,2,168.31182788140924,72
345,212,2,7,2,157.95853795463486,72
355,44,2,7,2,196.11772927117428,72
345,93,2,7,2,157.95853795463486,72
357,29,2,7,2,202.88040959086993,72
355,106,2,7,2,196.11772927117428,72
359,19,2,7,2,164.5066479083863,72
387,17,2,7,2,181.38152962815767,72
361,3,2,7,2,145.85226084452876,72
379,111,2,7,2,168.31182788140924,72
353,32,2,7,2,143.9531360301604,72
357,72,2,7,2,202.88040959086993,72
379,66,2,7,2,168.31182788140924,72
347,44,2,7,2,152.6577861929463,72
349,42,2,7,2,160.20418728649508,72
345,66,2,7,2,157.95853795463486,72
387,65,2,7,2,298.7440219114124,72
375,49,2,7,2,148.05954347452698,72
353,96,2,7,2,143.9531360301604,72
336,82,2,7,2,148.29304583031995,72
338,94,2,7,2,166.08964622167767,72
345,106,2,7,2,157.95853795463486,72
377,96,2,7,2,220.33944085446666,72
361,75,2,7,2,145.85226084452876,72
355,8,2,7,2,196.11772927117428,72
338,1,2,7,2,166.08964622167767,72
361,8,2,7,2,145.85226084452876,72
347,63,2,7,2,152.6577861929463,72
338,82,2,7,2,166.08964622167767,72
387,23,2,7,2,181.38152962815767,72
377,137,2,7,2,220.33944085446666,72
377,157,2,7,2,220.33944085446666,72
359,58,2,7,2,164.5066479083863,72
336,97,2,7,2,148.29304583031995,72
345,40,2,7,2,157.95853795463486,72
359,5,2,7,2,164.5066479083863,72
375,61,2,7,2,148.05954347452698,72
361,80,2,7,2,145.85226084452876,72
379,37,2,7,2,168.31182788140924,72
345,159,2,7,2,157.95853795463486,72
336,67,2,7,2,148.29304583031995,72
353,10,2,7,2,143.9531360301604,72
361,25,2,7,2,145.85226084452876,72
349,51,2,7,2,160.20418728649508,72
377,65,2,7,2,220.33944085446666,72
375,55,2,7,2,148.05954347452698,72
347,96,2,7,2,152.6577861929463,72
387,89,2,7,2,181.38152962815767,72
353,161,2,7,2,143.9531360301604,72
349,33,2,7,2,160.20418728649508,72
361,58,2,7,2,145.85226084452876,72
347,20,2,7,2,333.5941466470055,72
357,53,2,7,2,202.88040959086993,72
373,9,2,7,2,164.6169541032654,72
353,53,2,7,2,143.9531360301604,72
373,96,2,7,2,164.6169541032654,72
353,118,2,7,2,143.9531360301604,72
336,30,2,7,2,148.29304583031995,72
373,69,2,7,2,164.6169541032654,72
373,63,2,7,2,164.6169541032654,72
387,73,2,7,2,181.38152962815767,72
373,43,2,7,2,164.6169541032654,72
359,9,2,7,2,164.5066479083863,72
387,84,2,7,2,181.38152962815767,72
377,75,2,7,2,220.33944085446666,72
359,44,2,7,2,164.5066479083863,72
357,47,2,7,2,202.88040959086993,72
373,16,2,7,2,164.6169541032654,72
353,42,2,7,2,143.9531360301604,72
387,6,2,7,2,181.38152962815767,72
353,75,2,7,2,143.9531360301604,72
353,128,2,7,2,143.9531360301604,72
375,30,2,7,2,148.05954347452698,72
357,35,2,7,2,202.88040959086993,72
387,39,2,7,2,181.38152962815767,72
349,103,2,7,2,160.20418728649508,72
345,13,2,7,2,157.95853795463486,72
361,14,2,7,2,145.85226084452876,72
345,199,2,7,2,157.95853795463486,72
345,146,2,7,2,157.95853795463486,72
377,116,2,7,2,220.33944085446666,72
357,96,2,7,2,202.88040959086993,72
353,171,2,7,2,143.9531360301604,72
338,175,2,7,2,166.08964622167767,72
338,164,2,7,2,166.08964622167767,72
375,24,2,7,2,148.05954347452698,72
359,63,2,7,2,164.5066479083863,72
336,37,2,7,2,148.29304583031995,72
377,54,2,7,2,220.33944085446666,72
353,139,2,7,2,143.9531360301604,72
377,34,2,7,2,220.33944085446666,72
379,59,2,7,2,168.31182788140924,72
355,142,2,7,2,196.11772927117428,72
353,85,2,7,2,143.9531360301604,72
336,23,2,7,2,148.29304583031995,72
338,36,2,7,2,166.08964622167767,72
336,110,2,7,2,472.67398727221786,72
379,89,2,7,2,168.31182788140924,72
349,112,2,7,2,160.20418728649508,72
379,30,2,7,2,168.31182788140924,72
349,121,2,7,2,160.20418728649508,72
349,15,2,7,2,160.20418728649508,72
359,78,2,7,2,164.5066479083863,72
361,47,2,7,2,145.85226084452876,72
338,140,2,7,2,166.08964622167767,72
377,13,2,7,2,220.33944085446666,72
345,172,2,7,2,157.95853795463486,72
357,5,2,7,2,202.88040959086993,72
373,76,2,7,2,164.6169541032654,72
419,94,1,8,1,286.7929452662578,81
413,54,1,8,1,209.40998241972952,81
435,16,1,8,1,268.3326077139837,81
391,185,1,8,1,293.0146942374502,81
399,172,1,8,1,303.82870686791796,81
439,233,1,8,1,221.96830903695263,81
417,62,1,8,1,242.2346977217726,81
415,236,1,8,1,295.92315278849895,81
417,206,1,8,1,242.2346977217726,81
425,807,1,8,1,377.43949745184466,81
391,15,1,8,1,293.0146942374502,81
429,161,1,8,1,317.76790755981415,81
405,211,1,8,1,311.2923810913249,81
443,93,1,8,1,299.3523916028722,81
391,83,1,8,1,293.0146942374502,81
401,352,1,8,1,224.75895457676316,81
413,173,1,8,1,209.40998241972952,81
401,204,1,8,1,224.75895457676316,81
415,212,1,8,1,295.92315278849895,81
419,379,1,8,1,286.7929452662578,81
405,83,1,8,1,311.2923810913249,81
443,75,1,8,1,299.3523916028722,81
421,49,1,8,1,466.2478052477532,81
417,86,1,8,1,242.2346977217726,81
393,4,1,8,1,239.51133633148822,81
437,301,1,8,1,346.0975647176963,81
421,15,1,8,1,243.33201855974292,81
407,259,1,8,1,213.24041379848538,81
393,784,1,8,1,418.6125368761988,81
437,219,1,8,1,245.10647801311686,81
395,207,1,8,1,286.8993979974736,81
423,146,1,8,1,364.5326916210942,81
389,779,1,8,1,346.9882862706071,81
431,49,1,8,1,276.7509883248827,81
425,201,1,8,1,265.7271030913509,81
401,790,1,8,1,549.9537233325268,81
427,327,1,8,1,545.6897662597489,81
435,820,1,8,1,822.224397251124,81
423,122,1,8,1,231.53972025586037,81
403,262,1,8,1,243.4819293880726,81
403,241,1,8,1,243.4819293880726,81
419,799,1,8,1,543.4505796127099,81
395,135,1,8,1,286.8993979974736,81
435,149,1,8,1,268.3326077139837,81
425,803,1,8,1,377.43949745184466,81
425,802,1,8,1,377.43949745184466,81
423,73,1,8,1,231.53972025586037,81
403,115,1,8,1,531.4773773626963,81
437,260,1,8,1,346.0975647176963,81
429,182,1,8,1,317.76790755981415,81
435,122,1,8,1,268.3326077139837,81
401,346,1,8,1,549.9537233325268,81
435,96,1,8,1,268.3326077139837,81
433,818,1,8,1,367.14558635040834,81
425,140,1,8,1,377.43949745184466,81
427,484,1,8,1,545.6897662597489,81
395,153,1,8,1,286.8993979974736,81
405,233,1,8,1,311.2923810913249,81
429,203,1,8,1,317.76790755981415,81
445,827,1,8,1,354.11393512572516,81
427,808,1,8,1,461.1920277162365,81
439,824,1,8,1,278.50585744351014,81
431,815,1,8,1,397.51673211530124,81
391,219,1,8,1,293.0146942374502,81
429,98,1,8,1,317.76790755981415,81
405,126,1,8,1,311.2923810913249,81
393,139,1,8,1,239.51133633148822,81
407,139,1,8,1,213.24041379848538,81
407,224,1,8,1,213.24041379848538,81
427,108,1,8,1,545.6897662597489,81
417,110,1,8,1,242.2346977217726,81
395,47,1,8,1,668.8550424661496,81
393,23,1,8,1,239.51133633148822,81
415,797,1,8,1,416.2605599649133,81
407,793,1,8,1,341.84127809366146,81
407,794,1,8,1,341.84127809366146,81
421,53,1,8,1,466.2478052477532,81
431,112,1,8,1,276.7509883248827,81
433,819,1,8,1,367.14558635040834,81
407,105,1,8,1,213.24041379848538,81
443,22,1,8,1,299.3523916028722,81
425,303,1,8,1,265.7271030913509,81
445,161,1,8,1,220.62185609968108,81
413,241,1,8,1,433.99338351650266,81
415,798,1,8,1,416.2605599649133,81
401,322,1,8,1,224.75895457676316,81
391,234,1,8,1,460.4312577084814,81
425,805,1,8,1,377.43949745184466,81
433,176,1,8,1,205.50025621409023,81
443,181,1,8,1,299.3523916028722,81
421,75,1,8,1,466.2478052477532,81
409,78,1,8,1,257.021474656348,81
405,62,1,8,1,311.2923810913249,81
409,164,1,8,1,257.021474656348,81
421,88,1,8,1,243.33201855974292,81
401,27,1,8,1,224.75895457676316,81
407,122,1,8,1,213.24041379848538,81
409,259,1,8,1,467.3029548160209,81
401,263,1,8,1,224.75895457676316,81
431,817,1,8,1,397.51673211530124,81
411,112,1,8,1,200.19522818374813,81
401,86,1,8,1,224.75895457676316,81
443,163,1,8,1,299.3523916028722,81
439,281,1,8,1,278.50585744351014,81
427,810,1,8,1,461.1920277162365,81
437,198,1,8,1,245.10647801311686,81
433,116,1,8,1,205.50025621409023,81
423,25,1,8,1,231.53972025586037,81
433,316,1,8,1,367.14558635040834,81
425,804,1,8,1,377.43949745184466,81
433,55,1,8,1,205.50025621409023,81
429,329,1,8,1,317.76790755981415,81
415,165,1,8,1,295.92315278849895,81
397,225,1,8,1,401.3332507647188,81
393,783,1,8,1,418.6125368761988,81
431,96,1,8,1,276.7509883248827,81
407,70,1,8,1,341.84127809366146,81
405,75,1,8,1,768.7068444408651,81
423,801,1,8,1,364.5326916210942,81
423,158,1,8,1,231.53972025586037,81
411,11,1,8,1,200.19522818374813,81
423,49,1,8,1,364.5326916210942,81
395,142,1,8,1,668.8550424661496,81
411,25,1,8,1,200.19522818374813,81
419,316,1,8,1,286.7929452662578,81
439,52,1,8,1,221.96830903695263,81
397,188,1,8,1,301.9449951495696,81
435,3,1,8,1,268.3326077139837,81
411,68,1,8,1,200.19522818374813,81
389,781,1,8,1,346.9882862706071,81
397,114,1,8,1,301.9449951495696,81
411,97,1,8,1,200.19522818374813,81
423,98,1,8,1,231.53972025586037,81
421,52,1,8,1,243.33201855974292,81
441,167,1,8,1,236.4415185757247,81
411,126,1,8,1,200.19522818374813,81
435,821,1,8,1,822.224397251124,81
393,62,1,8,1,418.6125368761988,81
427,813,1,8,1,461.1920277162365,81
433,15,1,8,1,205.50025621409023,81
417,134,1,8,1,242.2346977217726,81
395,171,1,8,1,286.8993979974736,81
437,75,1,8,1,245.10647801311686,81
439,92,1,8,1,278.50585744351014,81
409,193,1,8,1,257.021474656348,81
403,52,1,8,1,531.4773773626963,81
405,169,1,8,1,311.2923810913249,81
419,284,1,8,1,286.7929452662578,81
429,35,1,8,1,317.76790755981415,81
419,95,1,8,1,543.4505796127099,81
435,42,1,8,1,268.3326077139837,81
445,830,1,8,1,354.11393512572516,81
415,284,1,8,1,295.92315278849895,81
417,349,1,8,1,634.611851418749,81
413,224,1,8,1,209.40998241972952,81
405,19,1,8,1,311.2923810913249,81
427,812,1,8,1,461.1920277162365,81
407,791,1,8,1,341.84127809366146,81
421,34,1,8,1,243.33201855974292,81
403,178,1,8,1,243.4819293880726,81
427,265,1,8,1,545.6897662597489,81
407,792,1,8,1,341.84127809366146,81
401,381,1,8,1,549.9537233325268,81
443,110,1,8,1,299.3523916028722,81
411,54,1,8,1,200.19522818374813,81
413,207,1,8,1,433.99338351650266,81
421,160,1,8,1,243.33201855974292,81
399,47,1,8,1,303.82870686791796,81
419,126,1,8,1,286.7929452662578,81
409,365,1,8,1,257.021474656348,81
415,920,1,8,1,416.2605599649133,81
409,336,1,8,1,257.021474656348,81
417,15,1,8,1,242.2346977217726,81
401,293,1,8,1,224.75895457676316,81
429,266,1,8,1,317.76790755981415,81
441,86,1,8,1,236.4415185757247,81
437,823,1,8,1,346.0975647176963,81
445,85,1,8,1,220.62185609968108,81
413,139,1,8,1,433.99338351650266,81
445,111,1,8,1,220.62185609968108,81
421,226,1,8,1,466.2478052477532,81
399,136,1,8,1,303.82870686791796,81
395,28,1,8,1,286.8993979974736,81
443,57,1,8,1,299.3523916028722,81
415,796,1,8,1,416.2605599649133,81
427,77,1,8,1,545.6897662597489,81
433,75,1,8,1,205.50025621409023,81
413,122,1,8,1,209.40998241972952,81
417,229,1,8,1,242.2346977217726,81
417,277,1,8,1,242.2346977217726,81
433,236,1,8,1,205.50025621409023,81
397,261,1,8,1,401.3332507647188,81
433,196,1,8,1,367.14558635040834,81
441,825,1,8,1,419.64206637936525,81
395,167,1,8,1,668.8550424661496,81
389,780,1,8,1,346.9882862706071,81
409,250,1,8,1,257.021474656348,81
437,116,1,8,1,245.10647801311686,81
413,88,1,8,1,209.40998241972952,81
423,13,1,8,1,364.5326916210942,81
419,157,1,8,1,286.7929452662578,81
443,4,1,8,1,299.3523916028722,81
435,82,1,8,1,268.3326077139837,81
427,809,1,8,1,461.1920277162365,81
443,39,1,8,1,299.3523916028722,81
401,174,1,8,1,224.75895457676316,81
393,217,1,8,1,239.51133633148822,81
401,56,1,8,1,224.75895457676316,81
445,828,1,8,1,354.11393512572516,81
429,287,1,8,1,317.76790755981415,81
425,263,1,8,1,265.7271030913509,81
397,786,1,8,1,401.3332507647188,81
433,35,1,8,1,205.50025621409023,81
429,77,1,8,1,317.76790755981415,81
395,81,1,8,1,286.8993979974736,81
445,829,1,8,1,354.11393512572516,81
415,141,1,8,1,295.92315278849895,81
437,34,1,8,1,245.10647801311686,81
391,53,1,8,1,293.0146942374502,81
429,14,1,8,1,317.76790755981415,81
417,301,1,8,1,242.2346977217726,81
445,34,1,8,1,220.62185609968108,81
423,85,1,8,1,364.5326916210942,81
439,179,1,8,1,221.96830903695263,81
391,49,1,8,1,293.0146942374502,81
431,814,1,8,1,397.51673211530124,81
439,103,1,8,1,278.50585744351014,81
437,178,1,8,1,245.10647801311686,81
391,151,1,8,1,293.0146942374502,81
445,136,1,8,1,220.62185609968108,81
419,189,1,8,1,286.7929452662578,81
403,94,1,8,1,243.4819293880726,81
389,57,1,8,1,412.403630645239,81
445,187,1,8,1,220.62185609968108,81
409,307,1,8,1,257.021474656348,81
395,99,1,8,1,286.8993979974736,81
389,76,1,8,1,346.9882862706071,81
427,811,1,8,1,461.1920277162365,81
405,318,1,8,1,311.2923810913249,81
445,60,1,8,1,220.62185609968108,81
441,38,1,8,1,236.4415185757247,81
417,158,1,8,1,634.611851418749,81
423,61,1,8,1,231.53972025586037,81
431,80,1,8,1,276.7509883248827,81
431,127,1,8,1,276.7509883248827,81
429,224,1,8,1,317.76790755981415,81
439,161,1,8,1,221.96830903695263,81
443,128,1,8,1,299.3523916028722,81
411,141,1,8,1,200.19522818374813,81
439,159,1,8,1,278.50585744351014,81
399,12,1,8,1,303.82870686791796,81
405,186,1,8,1,768.7068444408651,81
411,83,1,8,1,200.19522818374813,81
433,156,1,8,1,205.50025621409023,81
425,806,1,8,1,377.43949745184466,81
419,62,1,8,1,286.7929452662578,81
429,119,1,8,1,317.76790755981415,81
407,2,1,8,1,213.24041379848538,81
441,215,1,8,1,419.64206637936525,81
413,190,1,8,1,209.40998241972952,81
437,280,1,8,1,245.10647801311686,81
391,166,1,8,1,460.4312577084814,81
391,8,1,8,1,460.4312577084814,81
431,143,1,8,1,276.7509883248827,81
391,356,1,8,1,293.0146942374502,81
399,101,1,8,1,303.82870686791796,81
443,146,1,8,1,299.3523916028722,81
397,787,1,8,1,401.3332507647188,81
389,149,1,8,1,412.403630645239,81
397,280,1,8,1,301.9449951495696,81
439,16,1,8,1,221.96830903695263,81
393,81,1,8,1,239.51133633148822,81
409,346,1,8,1,467.3029548160209,81
397,213,1,8,1,401.3332507647188,81
397,206,1,8,1,301.9449951495696,81
397,151,1,8,1,301.9449951495696,81
407,36,1,8,1,213.24041379848538,81
397,77,1,8,1,301.9449951495696,81
425,161,1,8,1,265.7271030913509,81
421,124,1,8,1,243.33201855974292,81
411,170,1,8,1,200.19522818374813,81
431,816,1,8,1,397.51673211530124,81
441,71,1,8,1,419.64206637936525,81
395,64,1,8,1,286.8993979974736,81
411,40,1,8,1,200.19522818374813,81
415,379,1,8,1,295.92315278849895,81
403,220,1,8,1,243.4819293880726,81
399,208,1,8,1,303.82870686791796,81
439,288,1,8,1,221.96830903695263,81
421,106,1,8,1,243.33201855974292,81
435,29,1,8,1,268.3326077139837,81
411,109,1,8,1,652.271585080607,81
399,243,1,8,1,303.82870686791796,81
431,64,1,8,1,397.51673211530124,81
399,59,1,8,1,704.2372591240539,81
403,199,1,8,1,243.4819293880726,81
431,33,1,8,1,276.7509883248827,81
413,4,1,8,1,209.40998241972952,81
393,785,1,8,1,418.6125368761988,81
397,243,1,8,1,401.3332507647188,81
437,822,1,8,1,346.0975647176963,81
427,390,1,8,1,461.1920277162365,81
425,283,1,8,1,265.7271030913509,81
421,215,1,8,1,243.33201855974292,81
443,216,1,8,1,299.3523916028722,81
389,20,1,8,1,412.403630645239,81
435,56,1,8,1,268.3326077139837,81
417,182,1,8,1,242.2346977217726,81
393,42,1,8,1,239.51133633148822,81
399,789,1,8,1,704.2372591240539,81
403,10,1,8,1,243.4819293880726,81
389,918,1,8,1,346.9882862706071,81
441,826,1,8,1,419.64206637936525,81
389,39,1,8,1,412.403630645239,81
409,106,1,8,1,257.021474656348,81
389,782,1,8,1,346.9882862706071,81
441,135,1,8,1,236.4415185757247,81
435,109,1,8,1,268.3326077139837,81
437,239,1,8,1,245.10647801311686,81
413,258,1,8,1,209.40998241972952,81
399,190,1,8,1,303.82870686791796,81
419,418,1,8,1,543.4505796127099,81
441,247,1,8,1,236.4415185757247,81
393,101,1,8,1,239.51133633148822,81
403,73,1,8,1,243.4819293880726,81
409,795,1,8,1,467.3029548160209,81
395,117,1,8,1,286.8993979974736,81
423,1,1,8,1,231.53972025586037,81
441,102,1,8,1,236.4415185757247,81
441,231,1,8,1,236.4415185757247,81
391,117,1,8,1,293.0146942374502,81
439,143,1,8,1,221.96830903695263,81
413,20,1,8,1,209.40998241972952,81
403,11,1,8,1,531.4773773626963,81
415,260,1,8,1,295.92315278849895,81
403,136,1,8,1,243.4819293880726,81
441,22,1,8,1,236.4415185757247,81
405,296,1,8,1,311.2923810913249,81
389,2,1,8,1,346.9882862706071,81
409,422,1,8,1,467.3029548160209,81
445,340,1,8,1,354.11393512572516,81
419,252,1,8,1,543.4505796127099,81
399,29,1,8,1,303.82870686791796,81
393,178,1,8,1,239.51133633148822,81
389,919,1,8,1,346.9882862706071,81
415,355,1,8,1,416.2605599649133,81
399,788,1,8,1,704.2372591240539,81
426,299,2,8,1,228.6354891676578,82
402,130,2,8,1,235.2439484728764,82
390,196,2,8,1,280.1318115953393,82
438,56,2,8,1,258.1573033601938,82
392,19,2,8,1,7.776189058696786,82
440,46,2,8,1,256.79770171021346,82
390,4,2,8,1,280.1318115953393,82
420,221,2,8,1,258.6558830842431,82
444,110,2,8,1,191.9862573360703,82
414,98,2,8,1,657.2277865579339,82
444,210,2,8,1,450.9893557174559,82
426,241,2,8,1,379.3071432469568,82
410,114,2,8,1,253.2684846801331,82
434,30,2,8,1,344.22994067223357,82
396,25,2,8,1,324.26892882148917,82
412,89,2,8,1,284.59601294158654,82
416,137,2,8,1,322.79041599441524,82
420,73,2,8,1,258.6558830842431,82
412,256,2,8,1,204.22617941789252,82
420,298,2,8,1,331.10113765278527,82
428,66,2,8,1,248.41765313561038,82
428,100,2,8,1,248.41765313561038,82
442,350,2,8,1,326.0716952384803,82
446,248,2,8,1,223.04245960777914,82
422,44,2,8,1,206.12167501543226,82
426,219,2,8,1,228.6354891676578,82
390,177,2,8,1,280.1318115953393,82
430,41,2,8,1,222.2944908356205,82
416,55,2,8,1,257.82908955565046,82
430,96,2,8,1,222.2944908356205,82
428,192,2,8,1,381.20890549233246,82
404,19,2,8,1,325.3009392851392,82
408,202,2,8,1,225.9713861080339,82
446,100,2,8,1,326.2166916772853,82
434,290,2,8,1,344.22994067223357,82
444,2,2,8,1,191.9862573360703,82
402,277,2,8,1,235.2439484728764,82
438,238,2,8,1,258.1573033601938,82
416,380,2,8,1,257.82908955565046,82
422,134,2,8,1,398.927333457008,82
430,245,2,8,1,488.6299275050514,82
442,285,2,8,1,317.88604565115696,82
402,256,2,8,1,235.2439484728764,82
430,279,2,8,1,222.2944908356205,82
404,95,2,8,1,325.3009392851392,82
416,300,2,8,1,322.79041599441524,82
394,197,2,8,1,199.5412519287361,82
428,168,2,8,1,248.41765313561038,82
432,13,2,8,1,224.29062026471985,82
404,388,2,8,1,223.0555247834241,82
408,124,2,8,1,225.9713861080339,82
418,91,2,8,1,502.39305006927947,82
420,257,2,8,1,331.10113765278527,82
424,1,2,8,1,288.17348398147345,82
432,70,2,8,1,304.2214003920742,82
422,191,2,8,1,206.12167501543226,82
396,175,2,8,1,212.49773260837142,82
446,158,2,8,1,223.04245960777914,82
432,30,2,8,1,224.29062026471985,82
416,409,2,8,1,257.82908955565046,82
398,103,2,8,1,295.4827761635284,82
426,81,2,8,1,379.3071432469568,82
402,298,2,8,1,235.2439484728764,82
394,240,2,8,1,199.5412519287361,82
446,230,2,8,1,223.04245960777914,82
444,182,2,8,1,191.9862573360703,82
442,170,2,8,1,326.0716952384803,82
430,169,2,8,1,222.2944908356205,82
418,84,2,8,1,182.70679708275821,82
412,107,2,8,1,204.22617941789252,82
434,120,2,8,1,344.22994067223357,82
426,179,2,8,1,228.6354891676578,82
416,350,2,8,1,257.82908955565046,82
406,200,2,8,1,260.9997579556023,82
408,98,2,8,1,225.9713861080339,82
420,145,2,8,1,331.10113765278527,82
406,44,2,8,1,260.9997579556023,82
410,76,2,8,1,253.2684846801331,82
434,25,2,8,1,344.22994067223357,82
422,228,2,8,1,206.12167501543226,82
434,28,2,8,1,229.183361021021,82
402,90,2,8,1,330.35784221019514,82
404,316,2,8,1,223.0555247834241,82
434,107,2,8,1,229.183361021021,82
426,139,2,8,1,228.6354891676578,82
412,219,2,8,1,204.22617941789252,82
416,236,2,8,1,322.79041599441524,82
440,124,2,8,1,256.79770171021346,82
400,48,2,8,1,390.3167995255634,82
440,24,2,8,1,241.49277462007453,82
428,236,2,8,1,248.41765313561038,82
444,22,2,8,1,450.9893557174559,82
434,265,2,8,1,229.183361021021,82
390,100,2,8,1,280.1318115953393,82
440,290,2,8,1,241.49277462007453,82
436,302,2,8,1,183.79046210442021,82
436,34,2,8,1,183.79046210442021,82
436,73,2,8,1,183.79046210442021,82
412,19,2,8,1,284.59601294158654,82
438,254,2,8,1,258.1573033601938,82
436,111,2,8,1,183.79046210442021,82
438,221,2,8,1,258.1573033601938,82
438,161,2,8,1,347.34821279903736,82
438,155,2,8,1,258.1573033601938,82
394,153,2,8,1,199.5412519287361,82
394,22,2,8,1,199.5412519287361,82
414,211,2,8,1,253.77866739977392,82
440,222,2,8,1,256.79770171021346,82
392,1,2,8,1,9.848986785132034,82
394,66,2,8,1,199.5412519287361,82
390,215,2,8,1,280.1318115953393,82
420,800,2,8,1,331.10113765278527,82
404,49,2,8,1,223.0555247834241,82
426,99,2,8,1,228.6354891676578,82
430,133,2,8,1,222.2944908356205,82
422,26,2,8,1,206.12167501543226,82
396,189,2,8,1,212.49773260837142,82
408,228,2,8,1,225.9713861080339,82
432,130,2,8,1,304.2214003920742,82
398,276,2,8,1,295.4827761635284,82
398,257,2,8,1,295.4827761635284,82
400,25,2,8,1,390.3167995255634,82
398,199,2,8,1,295.4827761635284,82
398,180,2,8,1,295.4827761635284,82
398,68,2,8,1,795.7743644643505,82
444,56,2,8,1,191.9862573360703,82
424,196,2,8,1,279.87234079555856,82
414,267,2,8,1,253.77866739977392,82
414,286,2,8,1,253.77866739977392,82
434,87,2,8,1,229.183361021021,82
396,57,2,8,1,324.26892882148917,82
396,43,2,8,1,212.49773260837142,82
410,248,2,8,1,254.17788970548966,82
396,14,2,8,1,212.49773260837142,82
420,129,2,8,1,258.6558830842431,82
436,187,2,8,1,183.79046210442021,82
408,208,2,8,1,471.56274480210425,82
432,271,2,8,1,224.29062026471985,82
412,84,2,8,1,284.59601294158654,82
418,102,2,8,1,182.70679708275821,82
442,263,2,8,1,317.88604565115696,82
446,13,2,8,1,326.2166916772853,82
412,237,2,8,1,204.22617941789252,82
398,27,2,8,1,295.4827761635284,82
436,182,2,8,1,400.2462991466659,82
428,148,2,8,1,381.20890549233246,82
410,153,2,8,1,253.2684846801331,82
392,20,2,8,1,7.776189058696786,82
392,17,2,8,1,9.848986785132034,82
422,173,2,8,1,206.12167501543226,82
394,284,2,8,1,199.5412519287361,82
400,114,2,8,1,337.1474160963853,82
392,7,2,8,1,9.848986785132034,82
446,86,2,8,1,223.04245960777914,82
434,9,2,8,1,229.183361021021,82
402,29,2,8,1,330.35784221019514,82
398,125,2,8,1,795.7743644643505,82
396,230,2,8,1,324.26892882148917,82
430,114,2,8,1,222.2944908356205,82
400,210,2,8,1,390.3167995255634,82
390,119,2,8,1,280.1318115953393,82
394,44,2,8,1,199.5412519287361,82
390,85,2,8,1,404.83024395115245,82
400,242,2,8,1,337.1474160963853,82
418,153,2,8,1,182.70679708275821,82
442,307,2,8,1,317.88604565115696,82
444,253,2,8,1,191.9862573360703,82
402,290,2,8,1,330.35784221019514,82
440,183,2,8,1,256.79770171021346,82
394,349,2,8,1,199.5412519287361,82
412,103,2,8,1,284.59601294158654,82
430,206,2,8,1,222.2944908356205,82
446,212,2,8,1,223.04245960777914,82
422,29,2,8,1,398.927333457008,82
430,60,2,8,1,222.2944908356205,82
442,13,2,8,1,326.0716952384803,82
408,307,2,8,1,225.9713861080339,82
446,284,2,8,1,223.04245960777914,82
396,116,2,8,1,212.49773260837142,82
424,53,2,8,1,279.87234079555856,82
404,145,2,8,1,325.3009392851392,82
424,187,2,8,1,288.17348398147345,82
390,273,2,8,1,280.1318115953393,82
394,262,2,8,1,199.5412519287361,82
394,95,2,8,1,475.14719555132484,82
392,16,2,8,1,7.776189058696786,82
440,232,2,8,1,241.49277462007453,82
446,33,2,8,1,223.04245960777914,82
404,364,2,8,1,223.0555247834241,82
408,365,2,8,1,471.56274480210425,82
422,8,2,8,1,206.12167501543226,82
414,135,2,8,1,253.77866739977392,82
416,293,2,8,1,322.79041599441524,82
412,88,2,8,1,204.22617941789252,82
418,67,2,8,1,182.70679708275821,82
424,215,2,8,1,288.17348398147345,82
424,89,2,8,1,279.87234079555856,82
390,254,2,8,1,280.1318115953393,82
426,319,2,8,1,228.6354891676578,82
410,45,2,8,1,253.2684846801331,82
428,151,2,8,1,248.41765313561038,82
436,264,2,8,1,183.79046210442021,82
392,12,2,8,1,7.776189058696786,82
432,82,2,8,1,224.29062026471985,82
390,50,2,8,1,404.83024395115245,82
412,293,2,8,1,204.22617941789252,82
400,60,2,8,1,337.1474160963853,82
432,219,2,8,1,224.29062026471985,82
446,140,2,8,1,223.04245960777914,82
406,22,2,8,1,260.9997579556023,82
402,10,2,8,1,330.35784221019514,82
438,122,2,8,1,258.1573033601938,82
420,92,2,8,1,258.6558830842431,82
436,92,2,8,1,183.79046210442021,82
420,335,2,8,1,331.10113765278527,82
396,160,2,8,1,212.49773260837142,82
410,232,2,8,1,253.2684846801331,82
390,45,2,8,1,404.83024395115245,82
424,211,2,8,1,288.17348398147345,82
436,15,2,8,1,183.79046210442021,82
398,46,2,8,1,295.4827761635284,82
444,128,2,8,1,191.9862573360703,82
402,214,2,8,1,235.2439484728764,82
428,12,2,8,1,381.20890549233246,82
416,264,2,8,1,322.79041599441524,82
428,32,2,8,1,248.41765313561038,82
400,182,2,8,1,390.3167995255634,82
430,242,2,8,1,222.2944908356205,82
442,125,2,8,1,326.0716952384803,82
404,194,2,8,1,223.0555247834241,82
406,65,2,8,1,260.9997579556023,82
442,30,2,8,1,326.0716952384803,82
438,101,2,8,1,347.34821279903736,82
406,275,2,8,1,260.9997579556023,82
432,170,2,8,1,304.2214003920742,82
442,180,2,8,1,326.0716952384803,82
410,371,2,8,1,254.17788970548966,82
424,232,2,8,1,279.87234079555856,82
394,174,2,8,1,475.14719555132484,82
420,30,2,8,1,331.10113765278527,82
442,85,2,8,1,317.88604565115696,82
440,270,2,8,1,241.49277462007453,82
424,267,2,8,1,279.87234079555856,82
418,223,2,8,1,182.70679708275821,82
398,295,2,8,1,295.4827761635284,82
398,219,2,8,1,295.4827761635284,82
392,15,2,8,1,9.848986785132034,82
418,208,2,8,1,502.39305006927947,82
438,39,2,8,1,258.1573033601938,82
420,239,2,8,1,258.6558830842431,82
406,101,2,8,1,226.93474939193322,82
418,32,2,8,1,182.70679708275821,82
410,347,2,8,1,254.17788970548966,82
432,151,2,8,1,224.29062026471985,82
408,359,2,8,1,225.9713861080339,82
404,295,2,8,1,325.3009392851392,82
426,59,2,8,1,228.6354891676578,82
442,219,2,8,1,317.88604565115696,82
422,81,2,8,1,206.12167501543226,82
416,143,2,8,1,257.82908955565046,82
416,232,2,8,1,257.82908955565046,82
434,186,2,8,1,229.183361021021,82
414,40,2,8,1,253.77866739977392,82
408,45,2,8,1,225.9713861080339,82
434,245,2,8,1,229.183361021021,82
428,49,2,8,1,248.41765313561038,82
430,200,2,8,1,488.6299275050514,82
392,18,2,8,1,7.776189058696786,82
444,146,2,8,1,191.9862573360703,82
414,154,2,8,1,253.77866739977392,82
422,155,2,8,1,206.12167501543226,82
406,120,2,8,1,226.93474939193322,82
410,39,2,8,1,253.2684846801331,82
392,4,2,8,1,7.776189058696786,82
414,2,2,8,1,253.77866739977392,82
432,2,2,8,1,304.2214003920742,82
426,21,2,8,1,379.3071432469568,82
424,285,2,8,1,279.87234079555856,82
410,72,2,8,1,253.2684846801331,82
412,148,2,8,1,284.59601294158654,82
404,122,2,8,1,223.0555247834241,82
396,72,2,8,1,212.49773260837142,82
428,202,2,8,1,248.41765313561038,82
432,221,2,8,1,304.2214003920742,82
434,170,2,8,1,344.22994067223357,82
392,5,2,8,1,7.776189058696786,82
398,142,2,8,1,295.4827761635284,82
430,23,2,8,1,222.2944908356205,82
444,38,2,8,1,191.9862573360703,82
414,116,2,8,1,253.77866739977392,82
410,52,2,8,1,254.17788970548966,82
412,70,2,8,1,204.22617941789252,82
400,268,2,8,1,390.3167995255634,82
418,136,2,8,1,182.70679708275821,82
440,131,2,8,1,241.49277462007453,82
408,72,2,8,1,225.9713861080339,82
408,150,2,8,1,225.9713861080339,82
440,109,2,8,1,241.49277462007453,82
422,247,2,8,1,206.12167501543226,82
438,8,2,8,1,347.34821279903736,82
428,147,2,8,1,381.20890549233246,82
402,109,2,8,1,235.2439484728764,82
406,177,2,8,1,226.93474939193322,82
436,145,2,8,1,400.2462991466659,82
414,78,2,8,1,253.77866739977392,82
404,170,2,8,1,223.0555247834241,82
394,88,2,8,1,199.5412519287361,82
424,25,2,8,1,288.17348398147345,82
438,142,2,8,1,347.34821279903736,82
414,59,2,8,1,253.77866739977392,82
406,292,2,8,1,226.93474939193322,82
436,120,2,8,1,400.2462991466659,82
424,42,2,8,1,288.17348398147345,82
438,170,2,8,1,347.34821279903736,82
422,205,2,8,1,398.927333457008,82
426,162,2,8,1,379.3071432469568,82
442,105,2,8,1,326.0716952384803,82
402,237,2,8,1,330.35784221019514,82
404,267,2,8,1,223.0555247834241,82
444,200,2,8,1,191.9862573360703,82
436,245,2,8,1,183.79046210442021,82
440,144,2,8,1,256.79770171021346,82
406,139,2,8,1,226.93474939193322,82
390,295,2,8,1,404.83024395115245,82
426,259,2,8,1,228.6354891676578,82
444,74,2,8,1,191.9862573360703,82
446,160,2,8,1,326.2166916772853,82
402,319,2,8,1,235.2439484728764,82
416,291,2,8,1,257.82908955565046,82
400,7,2,8,1,390.3167995255634,82
406,196,2,8,1,226.93474939193322,82
440,259,2,8,1,241.49277462007453,82
396,100,2,8,1,324.26892882148917,82
420,202,2,8,1,258.6558830842431,82
418,240,2,8,1,182.70679708275821,82
406,251,2,8,1,260.9997579556023,82
400,133,2,8,1,337.1474160963853,82
400,169,2,8,1,337.1474160963853,82
418,15,2,8,1,182.70679708275821,82
432,202,2,8,1,224.29062026471985,82
446,30,2,8,1,326.2166916772853,82
400,279,2,8,1,337.1474160963853,82
410,297,2,8,1,254.17788970548966,82
396,218,2,8,1,212.49773260837142,82
418,205,2,8,1,182.70679708275821,82
414,328,2,8,1,657.2277865579339,82
408,306,2,8,1,471.56274480210425,82
511,6,1,9,1,160.16563964637214,91
484,133,1,9,1,143.0180333657884,91
491,11,1,9,1,218.0055448559151,91
511,207,1,9,1,160.16563964637214,91
509,93,1,9,1,122.57251145594631,91
479,66,1,9,1,200.7160239661031,91
497,54,1,9,1,125.35889442326234,91
493,220,1,9,1,109.29958384901664,91
489,53,1,9,1,130.23668682091218,91
462,35,1,9,1,172.84703699137182,91
479,150,1,9,1,200.7160239661031,91
511,227,1,9,1,160.16563964637214,91
509,79,1,9,1,122.57251145594631,91
467,165,1,9,1,204.51893503563565,91
484,116,1,9,1,143.0180333657884,91
475,44,1,9,1,156.79400658709443,91
475,259,1,9,1,156.79400658709443,91
473,835,1,9,1,343.4511812672318,91
471,128,1,9,1,85.11019132893571,91
497,843,1,9,1,178.77197472831003,91
497,4,1,9,1,125.35889442326234,91
457,61,1,9,1,159.90624160227526,91
479,266,1,9,1,282.2379008630772,91
460,99,1,9,1,208.01178230407743,91
507,849,1,9,1,282.73784596435723,91
507,848,1,9,1,282.73784596435723,91
507,250,1,9,1,236.6412088132979,91
475,68,1,9,1,156.79400658709443,91
489,22,1,9,1,130.23668682091218,91
493,65,1,9,1,109.29958384901664,91
473,24,1,9,1,121.36539709932755,91
457,46,1,9,1,159.90624160227526,91
473,836,1,9,1,343.4511812672318,91
499,120,1,9,1,401.5372231770707,91
475,140,1,9,1,156.79400658709443,91
460,48,1,9,1,208.01178230407743,91
484,167,1,9,1,143.0180333657884,91
493,26,1,9,1,109.29958384901664,91
499,105,1,9,1,401.5372231770707,91
499,79,1,9,1,178.62025717606366,91
507,28,1,9,1,236.6412088132979,91
499,9,1,9,1,178.62025717606366,91
511,267,1,9,1,160.16563964637214,91
451,26,1,9,1,133.33307064019777,91
491,27,1,9,1,218.0055448559151,91
467,9,1,9,1,204.51893503563565,91
493,201,1,9,1,109.29958384901664,91
511,66,1,9,1,160.16563964637214,91
497,41,1,9,1,125.35889442326234,91
471,152,1,9,1,158.22968133872484,91
475,211,1,9,1,156.79400658709443,91
467,94,1,9,1,204.51893503563565,91
507,278,1,9,1,236.6412088132979,91
467,122,1,9,1,204.51893503563565,91
460,167,1,9,1,208.01178230407743,91
457,54,1,9,1,159.90624160227526,91
460,150,1,9,1,208.01178230407743,91
493,123,1,9,1,109.29958384901664,91
479,183,1,9,1,200.7160239661031,91
493,84,1,9,1,109.29958384901664,91
473,275,1,9,1,121.36539709932755,91
493,181,1,9,1,109.29958384901664,91
507,167,1,9,1,236.6412088132979,91
507,846,1,9,1,282.73784596435723,91
479,233,1,9,1,282.2379008630772,91
479,116,1,9,1,200.7160239661031,91
491,840,1,9,1,523.5511916465674,91
471,20,1,9,1,85.11019132893571,91
491,187,1,9,1,218.0055448559151,91
491,75,1,9,1,218.0055448559151,91
462,166,1,9,1,172.84703699137182,91
491,43,1,9,1,218.0055448559151,91
511,167,1,9,1,160.16563964637214,91
489,33,1,9,1,130.23668682091218,91
489,38,1,9,1,130.23668682091218,91
489,2,1,9,1,130.23668682091218,91
475,92,1,9,1,352.9503892518945,91
462,210,1,9,1,250.6463065244771,91
489,7,1,9,1,130.23668682091218,91
493,7,1,9,1,109.29958384901664,91
467,51,1,9,1,204.51893503563565,91
491,123,1,9,1,218.0055448559151,91
457,9,1,9,1,159.90624160227526,91
460,65,1,9,1,208.01178230407743,91
497,140,1,9,1,125.35889442326234,91
471,104,1,9,1,85.11019132893571,91
473,124,1,9,1,121.36539709932755,91
493,104,1,9,1,109.29958384901664,91
484,237,1,9,1,230.21090660608976,91
475,116,1,9,1,156.79400658709443,91
473,199,1,9,1,121.36539709932755,91
507,111,1,9,1,236.6412088132979,91
499,109,1,9,1,178.62025717606366,91
511,26,1,9,1,160.16563964637214,91
473,99,1,9,1,121.36539709932755,91
489,48,1,9,1,130.23668682091218,91
511,46,1,9,1,160.16563964637214,91
497,78,1,9,1,125.35889442326234,91
479,837,1,9,1,282.2379008630772,91
499,99,1,9,1,178.62025717606366,91
484,185,1,9,1,230.21090660608976,91
479,133,1,9,1,200.7160239661031,91
484,150,1,9,1,143.0180333657884,91
493,45,1,9,1,109.29958384901664,91
475,20,1,9,1,156.79400658709443,91
462,108,1,9,1,172.84703699137182,91
489,43,1,9,1,130.23668682091218,91
511,187,1,9,1,160.16563964637214,91
475,235,1,9,1,156.79400658709443,91
493,162,1,9,1,109.29958384901664,91
489,17,1,9,1,130.23668682091218,91
484,219,1,9,1,230.21090660608976,91
451,54,1,9,1,133.33307064019777,91
460,201,1,9,1,208.01178230407743,91
497,127,1,9,1,125.35889442326234,91
479,17,1,9,1,200.7160239661031,91
462,181,1,9,1,250.6463065244771,91
499,29,1,9,1,178.62025717606366,91
509,24,1,9,1,122.57251145594631,91
511,106,1,9,1,160.16563964637214,91
451,166,1,9,1,133.33307064019777,91
509,120,1,9,1,122.57251145594631,91
509,134,1,9,1,122.57251145594631,91
473,300,1,9,1,121.36539709932755,91
509,148,1,9,1,122.57251145594631,91
467,37,1,9,1,204.51893503563565,91
471,8,1,9,1,85.11019132893571,91
451,138,1,9,1,279.73731742565377,91
499,49,1,9,1,178.62025717606366,91
460,133,1,9,1,208.01178230407743,91
457,2,1,9,1,159.90624160227526,91
491,251,1,9,1,523.5511916465674,91
489,27,1,9,1,130.23668682091218,91
511,126,1,9,1,160.16563964637214,91
493,143,1,9,1,109.29958384901664,91
457,39,1,9,1,159.90624160227526,91
509,10,1,9,1,122.57251145594631,91
451,110,1,9,1,133.33307064019777,91
484,46,1,9,1,143.0180333657884,91
462,93,1,9,1,172.84703699137182,91
451,124,1,9,1,279.73731742565377,91
457,32,1,9,1,159.90624160227526,91
497,92,1,9,1,178.77197472831003,91
489,12,1,9,1,130.23668682091218,91
467,136,1,9,1,204.51893503563565,91
509,162,1,9,1,122.57251145594631,91
491,59,1,9,1,218.0055448559151,91
484,64,1,9,1,143.0180333657884,91
499,89,1,9,1,178.62025717606366,91
471,44,1,9,1,85.11019132893571,91
462,225,1,9,1,250.6463065244771,91
457,76,1,9,1,159.90624160227526,91
499,19,1,9,1,178.62025717606366,91
491,91,1,9,1,218.0055448559151,91
460,184,1,9,1,208.01178230407743,91
462,196,1,9,1,250.6463065244771,91
509,52,1,9,1,122.57251145594631,91
497,90,1,9,1,125.35889442326234,91
457,24,1,9,1,159.90624160227526,91
484,29,1,9,1,143.0180333657884,91
457,84,1,9,1,159.90624160227526,91
475,283,1,9,1,156.79400658709443,91
460,31,1,9,1,208.01178230407743,91
460,116,1,9,1,208.01178230407743,91
511,247,1,9,1,160.16563964637214,91
507,847,1,9,1,282.73784596435723,91
509,38,1,9,1,122.57251145594631,91
509,107,1,9,1,122.57251145594631,91
509,175,1,9,1,122.57251145594631,91
471,140,1,9,1,85.11019132893571,91
497,115,1,9,1,125.35889442326234,91
471,80,1,9,1,85.11019132893571,91
479,838,1,9,1,282.2379008630772,91
457,69,1,9,1,159.90624160227526,91
471,92,1,9,1,85.11019132893571,91
451,96,1,9,1,133.33307064019777,91
457,17,1,9,1,159.90624160227526,91
475,163,1,9,1,156.79400658709443,91
467,23,1,9,1,204.51893503563565,91
473,250,1,9,1,121.36539709932755,91
471,834,1,9,1,158.22968133872484,91
460,82,1,9,1,208.01178230407743,91
451,82,1,9,1,133.33307064019777,91
484,12,1,9,1,143.0180333657884,91
475,138,1,9,1,352.9503892518945,91
462,6,1,9,1,172.84703699137182,91
473,74,1,9,1,121.36539709932755,91
471,832,1,9,1,158.22968133872484,91
462,64,1,9,1,172.84703699137182,91
451,40,1,9,1,133.33307064019777,91
473,149,1,9,1,121.36539709932755,91
462,49,1,9,1,172.84703699137182,91
471,833,1,9,1,158.22968133872484,91
467,65,1,9,1,204.51893503563565,91
460,14,1,9,1,208.01178230407743,91
462,152,1,9,1,172.84703699137182,91
473,49,1,9,1,121.36539709932755,91
467,151,1,9,1,204.51893503563565,91
499,69,1,9,1,178.62025717606366,91
507,851,1,9,1,282.73784596435723,91
479,33,1,9,1,200.7160239661031,91
507,850,1,9,1,282.73784596435723,91
497,49,1,9,1,178.77197472831003,91
467,80,1,9,1,204.51893503563565,91
497,14,1,9,1,178.77197472831003,91
499,39,1,9,1,178.62025717606366,91
491,171,1,9,1,218.0055448559151,91
491,139,1,9,1,218.0055448559151,91
489,58,1,9,1,130.23668682091218,91
451,12,1,9,1,133.33307064019777,91
479,166,1,9,1,200.7160239661031,91
451,152,1,9,1,133.33307064019777,91
467,108,1,9,1,204.51893503563565,91
507,195,1,9,1,236.6412088132979,91
468,157,1,9,2,198.23258456321756,91
500,927,1,9,2,280.84232462925314,91
504,85,1,9,2,172.93816969733436,91
481,19,1,9,2,163.0222125047993,91
481,36,1,9,2,278.7192117882851,91
487,65,1,9,2,91.85393061262508,91
504,106,1,9,2,172.93816969733436,91
455,38,1,9,2,133.41578377062908,91
487,78,1,9,2,131.27572725544314,91
453,34,1,9,2,167.15147451062435,91
481,123,1,9,2,278.7192117882851,91
477,99,1,9,2,170.54930847326614,91
483,30,1,9,2,166.50523050434327,91
449,8,1,9,2,131.4304080338472,91
502,80,1,9,2,235.35299102373241,91
481,57,1,9,2,163.0222125047993,91
487,2,1,9,2,91.85393061262508,91
483,119,1,9,2,166.50523050434327,91
483,108,1,9,2,166.50523050434327,91
504,96,1,9,2,172.93816969733436,91
483,41,1,9,2,166.50523050434327,91
483,86,1,9,2,166.50523050434327,91
483,19,1,9,2,166.50523050434327,91
481,921,1,9,2,278.7192117882851,91
477,20,1,9,2,170.54930847326614,91
447,160,1,9,2,460.77731102066235,91
468,128,1,9,2,198.23258456321756,91
464,37,1,9,2,153.25053319840865,91
449,62,1,9,2,131.4304080338472,91
455,65,1,9,2,133.41578377062908,91
502,44,1,9,2,755.0539792311124,91
481,65,1,9,2,163.0222125047993,91
500,110,1,9,2,159.66875945048443,91
512,80,1,9,2,313.41059899749155,91
477,29,1,9,2,170.54930847326614,91
481,49,1,9,2,163.0222125047993,91
449,105,1,9,2,131.4304080338472,91
449,83,1,9,2,131.4304080338472,91
494,842,1,9,2,295.023680211618,91
455,83,1,9,2,133.41578377062908,91
449,126,1,9,2,131.4304080338472,91
483,63,1,9,2,166.50523050434327,91
468,56,1,9,2,198.23258456321756,91
487,72,1,9,2,91.85393061262508,91
500,32,1,9,2,159.66875945048443,91
481,42,1,9,2,163.0222125047993,91
504,53,1,9,2,172.93816969733436,91
455,29,1,9,2,133.41578377062908,91
494,113,1,9,2,171.72248957467622,91
500,133,1,9,2,159.66875945048443,91
502,49,1,9,2,235.35299102373241,91
449,30,1,9,2,131.4304080338472,91
459,38,1,9,2,186.85091748255172,91
502,110,1,9,2,235.35299102373241,91
464,11,1,9,2,153.25053319840865,91
447,13,1,9,2,460.77731102066235,91
464,31,1,9,2,153.25053319840865,91
447,218,1,9,2,460.77731102066235,91
481,72,1,9,2,163.0222125047993,91
494,32,1,9,2,171.72248957467622,91
477,73,1,9,2,170.54930847326614,91
494,53,1,9,2,171.72248957467622,91
504,128,1,9,2,172.93816969733436,91
512,49,1,9,2,313.41059899749155,91
494,22,1,9,2,171.72248957467622,91
453,11,1,9,2,167.15147451062435,91
487,839,1,9,2,131.27572725544314,91
494,73,1,9,2,171.72248957467622,91
459,26,1,9,2,186.85091748255172,91
449,40,1,9,2,131.4304080338472,91
494,124,1,9,2,295.023680211618,91
504,10,1,9,2,172.93816969733436,91
500,77,1,9,2,159.66875945048443,91
504,74,1,9,2,172.93816969733436,91
449,116,1,9,2,131.4304080338472,91
453,57,1,9,2,167.15147451062435,91
453,42,1,9,2,167.15147451062435,91
447,19,1,9,2,460.77731102066235,91
487,53,1,9,2,91.85393061262508,91
459,20,1,9,2,186.85091748255172,91
504,32,1,9,2,172.93816969733436,91
477,91,1,9,2,170.54930847326614,91
453,26,1,9,2,167.15147451062435,91
453,49,1,9,2,167.15147451062435,91
464,24,1,9,2,153.25053319840865,91
447,178,1,9,2,460.77731102066235,91
500,21,1,9,2,159.66875945048443,91
464,63,1,9,2,153.25053319840865,91
453,64,1,9,2,167.15147451062435,91
500,88,1,9,2,159.66875945048443,91
500,121,1,9,2,159.66875945048443,91
483,8,1,9,2,166.50523050434327,91
500,845,1,9,2,280.84232462925314,91
453,19,1,9,2,167.15147451062435,91
487,46,1,9,2,91.85393061262508,91
468,171,1,9,2,198.23258456321756,91
502,59,1,9,2,235.35299102373241,91
483,75,1,9,2,166.50523050434327,91
447,198,1,9,2,460.77731102066235,91
464,43,1,9,2,153.25053319840865,91
449,94,1,9,2,131.4304080338472,91
504,42,1,9,2,172.93816969733436,91
453,72,1,9,2,167.15147451062435,91
504,64,1,9,2,172.93816969733436,91
504,117,1,9,2,172.93816969733436,91
468,142,1,9,2,198.23258456321756,91
481,80,1,9,2,163.0222125047993,91
494,2,1,9,2,171.72248957467622,91
459,2,1,9,2,186.85091748255172,91
502,18,1,9,2,235.35299102373241,91
512,64,1,9,2,313.41059899749155,91
464,76,1,9,2,153.25053319840865,91
487,59,1,9,2,91.85393061262508,91
453,4,1,9,2,167.15147451062435,91
449,73,1,9,2,131.4304080338472,91
487,91,1,9,2,131.27572725544314,91
512,174,1,9,2,313.41059899749155,91
500,844,1,9,2,280.84232462925314,91
512,143,1,9,2,313.41059899749155,91
512,2,1,9,2,313.41059899749155,91
464,50,1,9,2,153.25053319840865,91
512,111,1,9,2,313.41059899749155,91
468,85,1,9,2,198.23258456321756,91
455,20,1,9,2,133.41578377062908,91
487,84,1,9,2,131.27572725544314,91
502,28,1,9,2,235.35299102373241,91
512,17,1,9,2,313.41059899749155,91
455,92,1,9,2,133.41578377062908,91
512,96,1,9,2,313.41059899749155,91
455,74,1,9,2,426.6250457629551,91
459,50,1,9,2,186.85091748255172,91
494,103,1,9,2,171.72248957467622,91
477,55,1,9,2,170.54930847326614,91
464,5,1,9,2,153.25053319840865,91
477,82,1,9,2,170.54930847326614,91
502,39,1,9,2,235.35299102373241,91
502,100,1,9,2,235.35299102373241,91
504,21,1,9,2,172.93816969733436,91
459,62,1,9,2,186.85091748255172,91
447,167,1,9,2,460.77731102066235,91
483,97,1,9,2,166.50523050434327,91
468,99,1,9,2,198.23258456321756,91
502,121,1,9,2,235.35299102373241,91
500,54,1,9,2,159.66875945048443,91
464,56,1,9,2,153.25053319840865,91
512,127,1,9,2,313.41059899749155,91
494,12,1,9,2,171.72248957467622,91
453,79,1,9,2,167.15147451062435,91
453,87,1,9,2,167.15147451062435,91
447,203,1,9,2,460.77731102066235,91
447,119,1,9,2,460.77731102066235,91
459,56,1,9,2,186.85091748255172,91
455,47,1,9,2,133.41578377062908,91
512,33,1,9,2,313.41059899749155,91
455,1,1,9,2,133.41578377062908,91
447,148,1,9,2,460.77731102066235,91
459,32,1,9,2,186.85091748255172,91
500,66,1,9,2,159.66875945048443,91
455,56,1,9,2,133.41578377062908,91
494,63,1,9,2,171.72248957467622,91
483,130,1,9,2,166.50523050434327,91
494,841,1,9,2,295.023680211618,91
468,113,1,9,2,198.23258456321756,91
468,42,1,9,2,198.23258456321756,91
459,14,1,9,2,186.85091748255172,91
483,52,1,9,2,166.50523050434327,91
449,51,1,9,2,131.4304080338472,91
455,11,1,9,2,133.41578377062908,91
487,15,1,9,2,91.85393061262508,91
468,70,1,9,2,198.23258456321756,91
477,38,1,9,2,170.54930847326614,91
487,21,1,9,2,91.85393061262508,91
481,4,1,9,2,163.0222125047993,91
449,19,1,9,2,131.4304080338472,91
455,101,1,9,2,133.41578377062908,91
502,90,1,9,2,235.35299102373241,91
459,44,1,9,2,186.85091748255172,91
459,8,1,9,2,186.85091748255172,91
447,151,1,9,2,460.77731102066235,91
459,68,1,9,2,186.85091748255172,91
502,8,1,9,2,235.35299102373241,91
477,47,1,9,2,170.54930847326614,91
477,64,1,9,2,170.54930847326614,91
468,13,1,9,2,198.23258456321756,91
468,27,1,9,2,198.23258456321756,91
447,59,1,9,2,460.77731102066235,91
477,3,1,9,2,170.54930847326614,91
512,158,1,9,2,313.41059899749155,91
477,11,1,9,2,170.54930847326614,91
464,18,1,9,2,153.25053319840865,91
481,34,1,9,2,163.0222125047993,91
464,69,1,9,2,153.25053319840865,91
510,12,2,9,1,156.21142170172416,92
458,43,2,9,1,222.81481612364144,92
452,8,2,9,1,183.18692479730137,92
490,89,2,9,1,120.4150026552211,92
476,131,2,9,1,155.383301157307,92
485,167,2,9,1,247.20773304070332,92
508,270,2,9,1,123.71408102562103,92
480,56,2,9,1,135.43892720463248,92
452,83,2,9,1,183.18692479730137,92
485,43,2,9,1,247.20773304070332,92
490,79,2,9,1,120.4150026552211,92
480,96,2,9,1,135.43892720463248,92
472,25,2,9,1,115.78208138744442,92
476,97,2,9,1,155.383301157307,92
461,56,2,9,1,216.7829138003599,92
492,39,2,9,1,77.6483125596521,92
470,3,2,9,1,130.55129705484913,92
506,185,2,9,1,172.06017448999336,92
466,17,2,9,1,185.94795204319058,92
472,9,2,9,1,115.78208138744442,92
461,40,2,9,1,216.7829138003599,92
452,51,2,9,1,183.18692479730137,92
452,126,2,9,1,309.0463779506751,92
496,21,2,9,1,184.29211999804278,92
496,12,2,9,1,184.29211999804278,92
470,161,2,9,1,130.55129705484913,92
498,143,2,9,1,140.01298525467573,92
461,25,2,9,1,216.7829138003599,92
461,86,2,9,1,216.7829138003599,92
510,62,2,9,1,156.21142170172416,92
472,163,2,9,1,115.78208138744442,92
490,67,2,9,1,266.0313907907104,92
496,149,2,9,1,184.29211999804278,92
476,86,2,9,1,155.383301157307,92
458,96,2,9,1,222.81481612364144,92
492,99,2,9,1,77.6483125596521,92
506,139,2,9,1,172.06017448999336,92
461,117,2,9,1,216.7829138003599,92
498,125,2,9,1,140.01298525467573,92
498,59,2,9,1,140.01298525467573,92
458,86,2,9,1,222.81481612364144,92
466,86,2,9,1,185.94795204319058,92
492,106,2,9,1,77.6483125596521,92
508,214,2,9,1,123.71408102562103,92
480,37,2,9,1,135.43892720463248,92
485,31,2,9,1,147.1866942354657,92
490,59,2,9,1,120.4150026552211,92
510,29,2,9,1,156.21142170172416,92
506,61,2,9,1,172.06017448999336,92
472,40,2,9,1,115.78208138744442,92
506,248,2,9,1,172.06017448999336,92
492,114,2,9,1,77.6483125596521,92
485,113,2,9,1,147.1866942354657,92
458,11,2,9,1,222.81481612364144,92
490,130,2,9,1,120.4150026552211,92
496,56,2,9,1,321.541832360531,92
508,63,2,9,1,123.71408102562103,92
480,7,2,9,1,135.43892720463248,92
492,17,2,9,1,77.6483125596521,92
470,240,2,9,1,130.55129705484913,92
508,44,2,9,1,123.71408102562103,92
492,68,2,9,1,255.478251252539,92
496,29,2,9,1,321.541832360531,92
474,251,2,9,1,111.79613087437698,92
470,299,2,9,1,130.55129705484913,92
466,101,2,9,1,334.66828535134886,92
452,136,2,9,1,183.18692479730137,92
485,10,2,9,1,147.1866942354657,92
480,76,2,9,1,135.43892720463248,92
510,147,2,9,1,156.21142170172416,92
510,231,2,9,1,156.21142170172416,92
476,142,2,9,1,155.383301157307,92
472,71,2,9,1,115.78208138744442,92
498,90,2,9,1,254.4237986900793,92
458,75,2,9,1,222.81481612364144,92
472,208,2,9,1,115.78208138744442,92
485,123,2,9,1,147.1866942354657,92
474,126,2,9,1,111.79613087437698,92
496,51,2,9,1,184.29211999804278,92
470,200,2,9,1,130.55129705484913,92
458,32,2,9,1,222.81481612364144,92
510,96,2,9,1,156.21142170172416,92
485,85,2,9,1,247.20773304070332,92
508,922,2,9,1,406.7606260442911,92
485,134,2,9,1,147.1866942354657,92
490,99,2,9,1,120.4150026552211,92
466,225,2,9,1,185.94795204319058,92
508,251,2,9,1,123.71408102562103,92
472,44,2,9,1,232.44230078671458,92
510,265,2,9,1,156.21142170172416,92
480,47,2,9,1,251.41034085349185,92
506,123,2,9,1,172.06017448999336,92
480,145,2,9,1,251.41034085349185,92
470,279,2,9,1,130.55129705484913,92
510,79,2,9,1,156.21142170172416,92
490,160,2,9,1,120.4150026552211,92
466,208,2,9,1,185.94795204319058,92
461,18,2,9,1,216.7829138003599,92
506,45,2,9,1,172.06017448999336,92
466,103,2,9,1,334.66828535134886,92
510,130,2,9,1,156.21142170172416,92
461,48,2,9,1,216.7829138003599,92
490,31,2,9,1,266.0313907907104,92
470,56,2,9,1,313.90054232492076,92
476,153,2,9,1,155.383301157307,92
452,61,2,9,1,183.18692479730137,92
508,138,2,9,1,123.71408102562103,92
458,53,2,9,1,222.81481612364144,92
485,154,2,9,1,147.1866942354657,92
506,76,2,9,1,172.06017448999336,92
498,106,2,9,1,140.01298525467573,92
498,22,2,9,1,140.01298525467573,92
452,18,2,9,1,183.18692479730137,92
480,135,2,9,1,135.43892720463248,92
480,86,2,9,1,135.43892720463248,92
498,50,2,9,1,140.01298525467573,92
492,10,2,9,1,77.6483125596521,92
476,176,2,9,1,155.383301157307,92
458,160,2,9,1,222.81481612364144,92
461,79,2,9,1,216.7829138003599,92
492,84,2,9,1,77.6483125596521,92
458,128,2,9,1,222.81481612364144,92
506,230,2,9,1,351.97201356365144,92
490,120,2,9,1,120.4150026552211,92
506,200,2,9,1,351.97201356365144,92
506,105,2,9,1,351.97201356365144,92
461,10,2,9,1,216.7829138003599,92
458,118,2,9,1,222.81481612364144,92
476,64,2,9,1,155.383301157307,92
472,224,2,9,1,115.78208138744442,92
498,87,2,9,1,140.01298525467573,92
474,55,2,9,1,111.79613087437698,92
458,139,2,9,1,222.81481612364144,92
510,197,2,9,1,156.21142170172416,92
480,116,2,9,1,135.43892720463248,92
470,121,2,9,1,130.55129705484913,92
490,140,2,9,1,120.4150026552211,92
474,269,2,9,1,258.5326579364816,92
466,27,2,9,1,334.66828535134886,92
508,101,2,9,1,123.71408102562103,92
508,289,2,9,1,123.71408102562103,92
470,141,2,9,1,130.55129705484913,92
496,100,2,9,1,184.29211999804278,92
476,8,2,9,1,155.383301157307,92
496,129,2,9,1,184.29211999804278,92
498,120,2,9,1,254.4237986900793,92
492,25,2,9,1,77.6483125596521,92
510,164,2,9,1,156.21142170172416,92
452,40,2,9,1,183.18692479730137,92
474,215,2,9,1,111.79613087437698,92
485,51,2,9,1,147.1866942354657,92
485,72,2,9,1,147.1866942354657,92
510,214,2,9,1,156.21142170172416,92
485,92,2,9,1,147.1866942354657,92
474,82,2,9,1,258.5326579364816,92
474,179,2,9,1,111.79613087437698,92
492,77,2,9,1,77.6483125596521,92
461,109,2,9,1,216.7829138003599,92
474,108,2,9,1,111.79613087437698,92
472,167,2,9,1,232.44230078671458,92
472,132,2,9,1,115.78208138744442,92
508,7,2,9,1,123.71408102562103,92
474,78,2,9,1,258.5326579364816,92
498,31,2,9,1,140.01298525467573,92
492,47,2,9,1,77.6483125596521,92
490,8,2,9,1,120.4150026552211,92
492,54,2,9,1,77.6483125596521,92
474,72,2,9,1,111.79613087437698,92
506,14,2,9,1,172.06017448999336,92
472,193,2,9,1,115.78208138744442,92
466,52,2,9,1,185.94795204319058,92
476,109,2,9,1,155.383301157307,92
452,147,2,9,1,309.0463779506751,92
474,37,2,9,1,111.79613087437698,92
466,191,2,9,1,185.94795204319058,92
496,70,2,9,1,184.29211999804278,92
458,171,2,9,1,222.81481612364144,92
476,41,2,9,1,155.383301157307,92
480,125,2,9,1,135.43892720463248,92
508,195,2,9,1,123.71408102562103,92
490,39,2,9,1,120.4150026552211,92
472,15,2,9,1,232.44230078671458,92
452,831,2,9,1,309.0463779506751,92
470,62,2,9,1,130.55129705484913,92
506,170,2,9,1,172.06017448999336,92
498,104,2,9,1,254.4237986900793,92
496,90,2,9,1,184.29211999804278,92
452,93,2,9,1,183.18692479730137,92
474,268,2,9,1,111.79613087437698,92
470,114,2,9,1,313.90054232492076,92
466,69,2,9,1,185.94795204319058,92
508,120,2,9,1,123.71408102562103,92
476,53,2,9,1,155.383301157307,92
452,168,2,9,1,183.18692479730137,92
496,112,2,9,1,321.541832360531,92
496,139,2,9,1,184.29211999804278,92
470,220,2,9,1,130.55129705484913,92
476,19,2,9,1,155.383301157307,92
466,277,2,9,1,185.94795204319058,92
466,260,2,9,1,185.94795204319058,92
461,71,2,9,1,216.7829138003599,92
461,101,2,9,1,216.7829138003599,92
498,69,2,9,1,140.01298525467573,92
480,19,2,9,1,251.41034085349185,92
454,181,2,9,2,232.7195690980956,92
482,91,2,9,2,179.21460753724517,92
505,85,2,9,2,206.32132042288362,92
463,111,2,9,2,152.36939370679926,92
505,56,2,9,2,206.32132042288362,92
486,24,2,9,2,129.84163006416492,92
482,13,2,9,2,179.21460753724517,92
503,66,2,9,2,138.72370371195606,92
495,77,2,9,2,124.01086736315816,92
505,143,2,9,2,206.32132042288362,92
478,13,2,9,2,191.2126296493282,92
495,64,2,9,2,124.01086736315816,92
486,113,2,9,2,129.84163006416492,92
448,41,2,9,2,133.82134485319162,92
454,16,2,9,2,232.7195690980956,92
454,89,2,9,2,232.7195690980956,92
503,8,2,9,2,138.72370371195606,92
454,53,2,9,2,232.7195690980956,92
465,94,2,9,2,229.28554392501786,92
495,28,2,9,2,212.4064586322095,92
465,18,2,9,2,229.28554392501786,92
469,21,2,9,2,129.98482141359588,92
486,9,2,9,2,129.84163006416492,92
448,135,2,9,2,133.82134485319162,92
488,169,2,9,2,151.991381354256,92
469,10,2,9,2,129.98482141359588,92
505,70,2,9,2,206.32132042288362,92
486,83,2,9,2,129.84163006416492,92
450,121,2,9,2,238.2708148371347,92
448,51,2,9,2,133.82134485319162,92
505,172,2,9,2,206.32132042288362,92
503,41,2,9,2,138.72370371195606,92
505,27,2,9,2,206.32132042288362,92
505,114,2,9,2,206.32132042288362,92
463,121,2,9,2,152.36939370679926,92
488,14,2,9,2,258.9525790169031,92
478,43,2,9,2,345.1703472592645,92
513,10,2,9,2,574.6780314596604,92
454,163,2,9,2,232.7195690980956,92
513,117,2,9,2,176.37557081007122,92
513,145,2,9,2,176.37557081007122,92
513,186,2,9,2,176.37557081007122,92
454,218,2,9,2,232.7195690980956,92
482,37,2,9,2,179.21460753724517,92
450,57,2,9,2,238.2708148371347,92
469,37,2,9,2,283.03815980173414,92
463,100,2,9,2,152.36939370679926,92
465,85,2,9,2,229.28554392501786,92
503,107,2,9,2,138.72370371195606,92
454,236,2,9,2,232.7195690980956,92
503,74,2,9,2,138.72370371195606,92
456,119,2,9,2,188.8080407392591,92
456,85,2,9,2,188.8080407392591,92
482,76,2,9,2,179.21460753724517,92
463,25,2,9,2,152.36939370679926,92
456,176,2,9,2,188.8080407392591,92
450,113,2,9,2,238.2708148371347,92
486,98,2,9,2,129.84163006416492,92
482,29,2,9,2,179.21460753724517,92
456,62,2,9,2,188.8080407392591,92
501,130,2,9,2,151.46078815085332,92
465,113,2,9,2,229.28554392501786,92
478,197,2,9,2,191.2126296493282,92
465,132,2,9,2,229.28554392501786,92
488,112,2,9,2,151.991381354256,92
482,5,2,9,2,179.21460753724517,92
513,21,2,9,2,176.37557081007122,92
486,48,2,9,2,437.9354036867326,92
513,131,2,9,2,176.37557081007122,92
501,20,2,9,2,151.46078815085332,92
495,10,2,9,2,124.01086736315816,92
495,183,2,9,2,124.01086736315816,92
486,105,2,9,2,129.84163006416492,92
488,83,2,9,2,151.991381354256,92
450,89,2,9,2,238.2708148371347,92
456,73,2,9,2,188.8080407392591,92
482,123,2,9,2,179.21460753724517,92
482,99,2,9,2,179.21460753724517,92
488,28,2,9,2,258.9525790169031,92
465,123,2,9,2,229.28554392501786,92
501,64,2,9,2,151.46078815085332,92
465,9,2,9,2,229.28554392501786,92
505,128,2,9,2,206.32132042288362,92
503,33,2,9,2,138.72370371195606,92
488,140,2,9,2,151.991381354256,92
501,42,2,9,2,151.46078815085332,92
450,9,2,9,2,238.2708148371347,92
478,158,2,9,2,191.2126296493282,92
501,152,2,9,2,151.46078815085332,92
478,39,2,9,2,191.2126296493282,92
503,58,2,9,2,138.72370371195606,92
463,14,2,9,2,152.36939370679926,92
450,25,2,9,2,238.2708148371347,92
488,183,2,9,2,151.991381354256,92
503,124,2,9,2,138.72370371195606,92
454,71,2,9,2,232.7195690980956,92
513,200,2,9,2,176.37557081007122,92
505,12,2,9,2,206.32132042288362,92
456,16,2,9,2,188.8080407392591,92
488,69,2,9,2,151.991381354256,92
463,153,2,9,2,152.36939370679926,92
505,186,2,9,2,206.32132042288362,92
486,17,2,9,2,129.84163006416492,92
488,55,2,9,2,151.991381354256,92
495,84,2,9,2,212.4064586322095,92
448,104,2,9,2,133.82134485319162,92
463,164,2,9,2,152.36939370679926,92
513,90,2,9,2,176.37557081007122,92
501,31,2,9,2,151.46078815085332,92
469,148,2,9,2,129.98482141359588,92
486,76,2,9,2,129.84163006416492,92
495,130,2,9,2,124.01086736315816,92
478,171,2,9,2,191.2126296493282,92
469,67,2,9,2,129.98482141359588,92
448,62,2,9,2,133.82134485319162,92
513,62,2,9,2,176.37557081007122,92
456,107,2,9,2,188.8080407392591,92
465,47,2,9,2,229.28554392501786,92
463,57,2,9,2,152.36939370679926,92
448,93,2,9,2,133.82134485319162,92
465,56,2,9,2,229.28554392501786,92
448,145,2,9,2,133.82134485319162,92
450,73,2,9,2,238.2708148371347,92
450,49,2,9,2,238.2708148371347,92
495,155,2,9,2,212.4064586322095,92
495,104,2,9,2,124.01086736315816,92
495,117,2,9,2,124.01086736315816,92
469,102,2,9,2,129.98482141359588,92
482,44,2,9,2,179.21460753724517,92
448,10,2,9,2,133.82134485319162,92
463,143,2,9,2,152.36939370679926,92
469,182,2,9,2,129.98482141359588,92
448,85,2,9,2,440.76362910977184,92
478,92,2,9,2,191.2126296493282,92
482,68,2,9,2,179.21460753724517,92
501,75,2,9,2,151.46078815085332,92
465,151,2,9,2,229.28554392501786,92
503,132,2,9,2,138.72370371195606,92
469,113,2,9,2,129.98482141359588,92
503,101,2,9,2,469.91966422439145,92
469,56,2,9,2,129.98482141359588,92
488,197,2,9,2,151.991381354256,92
456,27,2,9,2,188.8080407392591,92
463,79,2,9,2,152.36939370679926,92
482,60,2,9,2,179.21460753724517,92
454,255,2,9,2,232.7195690980956,92
488,126,2,9,2,151.991381354256,92
501,97,2,9,2,151.46078815085332,92
486,39,2,9,2,129.84163006416492,92
478,147,2,9,2,345.1703472592645,92
469,90,2,9,2,129.98482141359588,92
501,174,2,9,2,151.46078815085332,92
486,68,2,9,2,129.84163006416492,92
448,83,2,9,2,133.82134485319162,92
501,9,2,9,2,151.46078815085332,92
450,41,2,9,2,238.2708148371347,92
513,172,2,9,2,176.37557081007122,92
463,36,2,9,2,152.36939370679926,92
469,138,2,9,2,283.03815980173414,92
488,200,2,9,2,258.9525790169031,92
478,23,2,9,2,345.1703472592645,92
456,39,2,9,2,188.8080407392591,92
469,159,2,9,2,129.98482141359588,92
501,86,2,9,2,151.46078815085332,92
450,81,2,9,2,238.2708148371347,92
478,105,2,9,2,191.2126296493282,92
482,107,2,9,2,179.21460753724517,92
454,292,2,9,2,232.7195690980956,92
456,153,2,9,2,188.8080407392591,92
456,130,2,9,2,188.8080407392591,92
454,34,2,9,2,232.7195690980956,92
478,118,2,9,2,191.2126296493282,92
503,25,2,9,2,138.72370371195606,92
448,124,2,9,2,133.82134485319162,92
513,76,2,9,2,176.37557081007122,92
486,54,2,9,2,129.84163006416492,92
463,68,2,9,2,152.36939370679926,92
454,108,2,9,2,232.7195690980956,92
450,17,2,9,2,238.2708148371347,92
495,170,2,9,2,124.01086736315816,92
465,75,2,9,2,229.28554392501786,92
513,34,2,9,2,176.37557081007122,92
465,37,2,9,2,229.28554392501786,92
505,230,2,9,2,206.32132042288362,92
501,108,2,9,2,510.2086181611898,92
456,165,2,9,2,188.8080407392591,92
495,50,2,9,2,124.01086736315816,92
448,166,2,9,2,133.82134485319162,92
450,105,2,9,2,238.2708148371347,92
505,201,2,9,2,206.32132042288362,92
478,210,2,9,2,191.2126296493282,92
503,91,2,9,2,138.72370371195606,92
575,112,1,10,1,181.4336853702574,101
566,110,1,10,1,443.44345857398076,101
566,186,1,10,1,443.44345857398076,101
517,27,1,10,1,332.3446003677084,101
522,52,1,10,1,376.5665812298582,101
552,279,1,10,1,444.08446848300576,101
560,97,1,10,1,303.406678328039,101
566,871,1,10,1,626.3373908786052,101
552,220,1,10,1,444.08446848300576,101
564,94,1,10,1,111.12732751534932,101
517,82,1,10,1,332.3446003677084,101
537,47,1,10,1,117.60239318573782,101
514,852,1,10,1,676.6768808675023,101
527,88,1,10,1,344.4570024036297,101
519,76,1,10,1,276.3695729542007,101
564,150,1,10,1,111.12732751534932,101
560,54,1,10,1,303.406678328039,101
522,128,1,10,1,376.5665812298582,101
529,190,1,10,1,383.93504909757786,101
577,880,1,10,1,681.6541437158698,101
566,872,1,10,1,626.3373908786052,101
575,12,1,10,1,181.4336853702574,101
558,50,1,10,1,240.95668873624805,101
581,118,1,10,1,322.16893658781134,101
562,869,1,10,1,574.4598962657661,101
577,301,1,10,1,425.48018937431874,101
564,177,1,10,1,111.12732751534932,101
568,147,1,10,1,323.0942236800549,101
581,885,1,10,1,416.3648126389468,101
583,891,1,10,1,298.38738388253324,101
562,284,1,10,1,260.86229364047387,101
562,246,1,10,1,260.86229364047387,101
552,190,1,10,1,444.08446848300576,101
564,122,1,10,1,111.12732751534932,101
549,19,1,10,1,321.2323232869541,101
543,155,1,10,1,1544.5413112371489,101
554,72,1,10,1,180.9150424364972,101
549,10,1,10,1,321.2323232869541,101
564,67,1,10,1,111.12732751534932,101
562,56,1,10,1,260.86229364047387,101
562,37,1,10,1,260.86229364047387,101
552,858,1,10,1,521.5617380317061,101
519,60,1,10,1,276.3695729542007,101
522,65,1,10,1,376.5665812298582,101
554,862,1,10,1,352.39527367107263,101
568,187,1,10,1,323.0942236800549,101
527,126,1,10,1,344.4570024036297,101
579,320,1,10,1,505.3949112903768,101
562,170,1,10,1,260.86229364047387,101
554,158,1,10,1,180.9150424364972,101
543,178,1,10,1,390.1876460362236,101
537,74,1,10,1,117.60239318573782,101
522,90,1,10,1,376.5665812298582,101
529,269,1,10,1,383.93504909757786,101
560,197,1,10,1,303.406678328039,101
562,113,1,10,1,260.86229364047387,101
560,140,1,10,1,303.406678328039,101
529,170,1,10,1,383.93504909757786,101
556,87,1,10,1,311.3557930990546,101
514,227,1,10,1,285.183244492314,101
552,72,1,10,1,521.5617380317061,101
568,86,1,10,1,323.0942236800549,101
549,98,1,10,1,321.2323232869541,101
554,29,1,10,1,180.9150424364972,101
529,32,1,10,1,383.93504909757786,101
522,15,1,10,1,376.5665812298582,101
558,99,1,10,1,240.95668873624805,101
558,165,1,10,1,240.95668873624805,101
556,864,1,10,1,408.05342725908145,101
549,28,1,10,1,321.2323232869541,101
575,137,1,10,1,181.4336853702574,101
554,115,1,10,1,180.9150424364972,101
568,5,1,10,1,323.0942236800549,101
583,50,1,10,1,250.9501891566262,101
514,40,1,10,1,285.183244492314,101
552,131,1,10,1,444.08446848300576,101
558,866,1,10,1,410.5900885702091,101
519,35,1,10,1,276.3695729542007,101
529,91,1,10,1,383.93504909757786,101
522,103,1,10,1,376.5665812298582,101
558,231,1,10,1,240.95668873624805,101
568,167,1,10,1,323.0942236800549,101
527,113,1,10,1,344.4570024036297,101
566,261,1,10,1,443.44345857398076,101
558,66,1,10,1,240.95668873624805,101
566,923,1,10,1,626.3373908786052,101
537,120,1,10,1,117.60239318573782,101
579,924,1,10,1,505.3949112903768,101
527,50,1,10,1,344.4570024036297,101
554,86,1,10,1,180.9150424364972,101
560,211,1,10,1,543.777330769201,101
519,93,1,10,1,276.3695729542007,101
562,151,1,10,1,260.86229364047387,101
537,93,1,10,1,117.60239318573782,101
522,140,1,10,1,376.5665812298582,101
583,893,1,10,1,298.38738388253324,101
568,248,1,10,1,1224.008313569966,101
517,179,1,10,1,332.3446003677084,101
554,101,1,10,1,180.9150424364972,101
529,52,1,10,1,383.93504909757786,101
517,68,1,10,1,332.3446003677084,101
581,204,1,10,1,322.16893658781134,101
575,62,1,10,1,181.4336853702574,101
577,90,1,10,1,425.48018937431874,101
583,888,1,10,1,298.38738388253324,101
583,890,1,10,1,298.38738388253324,101
583,889,1,10,1,298.38738388253324,101
579,202,1,10,1,281.7776922354826,101
562,94,1,10,1,574.4598962657661,101
558,198,1,10,1,240.95668873624805,101
529,210,1,10,1,383.93504909757786,101
581,301,1,10,1,416.3648126389468,101
556,865,1,10,1,408.05342725908145,101
537,111,1,10,1,117.60239318573782,101
517,96,1,10,1,332.3446003677084,101
517,137,1,10,1,332.3446003677084,101
543,223,1,10,1,390.1876460362236,101
519,19,1,10,1,276.3695729542007,101
566,870,1,10,1,626.3373908786052,101
514,204,1,10,1,285.183244492314,101
537,11,1,10,1,117.60239318573782,101
583,279,1,10,1,250.9501891566262,101
549,855,1,10,1,757.4546472992943,101
566,286,1,10,1,443.44345857398076,101
537,84,1,10,1,117.60239318573782,101
517,13,1,10,1,332.3446003677084,101
529,111,1,10,1,383.93504909757786,101
583,887,1,10,1,298.38738388253324,101
517,193,1,10,1,1201.1625378996514,101
543,200,1,10,1,390.1876460362236,101
583,217,1,10,1,250.9501891566262,101
519,68,1,10,1,276.3695729542007,101
577,879,1,10,1,681.6541437158698,101
568,66,1,10,1,323.0942236800549,101
575,877,1,10,1,354.89128969054076,101
519,101,1,10,1,276.3695729542007,101
529,71,1,10,1,383.93504909757786,101
577,441,1,10,1,681.6541437158698,101
514,297,1,10,1,285.183244492314,101
562,227,1,10,1,260.86229364047387,101
514,273,1,10,1,285.183244492314,101
514,250,1,10,1,285.183244492314,101
552,308,1,10,1,444.08446848300576,101
579,226,1,10,1,281.7776922354826,101
549,89,1,10,1,321.2323232869541,101
568,25,1,10,1,323.0942236800549,101
579,37,1,10,1,281.7776922354826,101
566,311,1,10,1,443.44345857398076,101
577,55,1,10,1,425.48018937431874,101
560,25,1,10,1,303.406678328039,101
514,853,1,10,1,676.6768808675023,101
537,1,1,10,1,117.60239318573782,101
577,476,1,10,1,425.48018937431874,101
552,860,1,10,1,521.5617380317061,101
577,196,1,10,1,425.48018937431874,101
581,332,1,10,1,416.3648126389468,101
560,169,1,10,1,303.406678328039,101
560,82,1,10,1,303.406678328039,101
549,37,1,10,1,321.2323232869541,101
583,886,1,10,1,298.38738388253324,101
522,115,1,10,1,376.5665812298582,101
517,124,1,10,1,332.3446003677084,101
543,86,1,10,1,390.1876460362236,101
554,863,1,10,1,352.39527367107263,101
581,32,1,10,1,322.16893658781134,101
549,45,1,10,1,321.2323232869541,101
579,108,1,10,1,281.7776922354826,101
556,214,1,10,1,311.3557930990546,101
543,63,1,10,1,390.1876460362236,101
560,154,1,10,1,303.406678328039,101
577,371,1,10,1,425.48018937431874,101
575,24,1,10,1,181.4336853702574,101
577,546,1,10,1,681.6541437158698,101
564,53,1,10,1,111.12732751534932,101
581,925,1,10,1,416.3648126389468,101
564,108,1,10,1,111.12732751534932,101
543,18,1,10,1,390.1876460362236,101
581,311,1,10,1,416.3648126389468,101
522,78,1,10,1,376.5665812298582,101
568,45,1,10,1,323.0942236800549,101
552,367,1,10,1,444.08446848300576,101
527,100,1,10,1,344.4570024036297,101
556,123,1,10,1,311.3557930990546,101
527,75,1,10,1,344.4570024036297,101
549,72,1,10,1,321.2323232869541,101
529,12,1,10,1,383.93504909757786,101
522,2,1,10,1,376.5665812298582,101
575,49,1,10,1,181.4336853702574,101
517,54,1,10,1,332.3446003677084,101
527,138,1,10,1,344.4570024036297,101
537,65,1,10,1,117.60239318573782,101
543,269,1,10,1,390.1876460362236,101
517,41,1,10,1,332.3446003677084,101
554,144,1,10,1,180.9150424364972,101
560,203,1,10,1,543.777330769201,101
552,859,1,10,1,521.5617380317061,101
529,229,1,10,1,383.93504909757786,101
581,268,1,10,1,322.16893658781134,101
581,11,1,10,1,322.16893658781134,101
556,160,1,10,1,311.3557930990546,101
579,882,1,10,1,505.3949112903768,101
522,40,1,10,1,376.5665812298582,101
537,56,1,10,1,117.60239318573782,101
552,249,1,10,1,444.08446848300576,101
527,12,1,10,1,344.4570024036297,101
558,132,1,10,1,240.95668873624805,101
566,236,1,10,1,443.44345857398076,101
514,180,1,10,1,285.183244492314,101
556,105,1,10,1,311.3557930990546,101
514,157,1,10,1,285.183244492314,101
556,251,1,10,1,408.05342725908145,101
564,80,1,10,1,111.12732751534932,101
566,35,1,10,1,443.44345857398076,101
575,124,1,10,1,181.4336853702574,101
579,61,1,10,1,281.7776922354826,101
575,149,1,10,1,181.4336853702574,101
558,116,1,10,1,240.95668873624805,101
562,208,1,10,1,260.86229364047387,101
575,878,1,10,1,354.89128969054076,101
558,83,1,10,1,240.95668873624805,101
514,64,1,10,1,285.183244492314,101
583,9,1,10,1,250.9501891566262,101
554,861,1,10,1,352.39527367107263,101
564,136,1,10,1,111.12732751534932,101
537,102,1,10,1,117.60239318573782,101
519,52,1,10,1,276.3695729542007,101
543,41,1,10,1,390.1876460362236,101
577,231,1,10,1,425.48018937431874,101
577,511,1,10,1,681.6541437158698,101
554,129,1,10,1,180.9150424364972,101
543,132,1,10,1,390.1876460362236,101
564,25,1,10,1,111.12732751534932,101
549,54,1,10,1,321.2323232869541,101
527,164,1,10,1,344.4570024036297,101
519,85,1,10,1,276.3695729542007,101
543,109,1,10,1,390.1876460362236,101
556,141,1,10,1,311.3557930990546,101
519,2,1,10,1,276.3695729542007,101
564,39,1,10,1,111.12732751534932,101
575,37,1,10,1,181.4336853702574,101
517,110,1,10,1,332.3446003677084,101
514,134,1,10,1,285.183244492314,101
554,14,1,10,1,180.9150424364972,101
519,10,1,10,1,276.3695729542007,101
549,856,1,10,1,757.4546472992943,101
549,81,1,10,1,321.2323232869541,101
583,892,1,10,1,298.38738388253324,101
575,876,1,10,1,354.89128969054076,101
579,297,1,10,1,505.3949112903768,101
556,233,1,10,1,311.3557930990546,101
566,60,1,10,1,443.44345857398076,101
562,18,1,10,1,260.86229364047387,101
527,24,1,10,1,344.4570024036297,101
527,151,1,10,1,344.4570024036297,101
558,867,1,10,1,410.5900885702091,101
552,857,1,10,1,521.5617380317061,101
579,84,1,10,1,281.7776922354826,101
522,27,1,10,1,376.5665812298582,101
581,883,1,10,1,416.3648126389468,101
560,200,1,10,1,543.777330769201,101
558,868,1,10,1,410.5900885702091,101
581,884,1,10,1,416.3648126389468,101
568,126,1,10,1,323.0942236800549,101
556,55,1,10,1,408.05342725908145,101
527,37,1,10,1,344.4570024036297,101
560,207,1,10,1,543.777330769201,101
543,246,1,10,1,390.1876460362236,101
529,131,1,10,1,383.93504909757786,101
564,163,1,10,1,111.12732751534932,101
556,269,1,10,1,408.05342725908145,101
519,43,1,10,1,276.3695729542007,101
568,268,1,10,1,323.0942236800549,101
579,13,1,10,1,281.7776922354826,101
568,207,1,10,1,323.0942236800549,101
579,250,1,10,1,281.7776922354826,101
537,29,1,10,1,117.60239318573782,101
550,1,1,10,2,228.94600486834875,101
547,31,1,10,2,391.520040898642,101
572,87,1,10,2,252.0283520940113,101
547,107,1,10,2,391.520040898642,101
544,47,1,10,2,226.83828075219776,101
530,138,1,10,2,702.3842553808931,101
570,26,1,10,2,369.37987761442855,101
550,6,1,10,2,228.94600486834875,101
544,60,1,10,2,226.83828075219776,101
524,3,1,10,2,411.39441756955756,101
538,82,1,10,2,389.31773855164005,101
544,73,1,10,2,226.83828075219776,101
524,148,1,10,2,411.39441756955756,101
544,54,1,10,2,226.83828075219776,101
570,2,1,10,2,369.37987761442855,101
544,41,1,10,2,226.83828075219776,101
547,85,1,10,2,391.520040898642,101
572,79,1,10,2,252.0283520940113,101
520,24,1,10,2,249.6128775235221,101
520,44,1,10,2,249.6128775235221,101
541,57,1,10,2,236.61269631256508,101
541,9,1,10,2,236.61269631256508,101
541,92,1,10,2,236.61269631256508,101
547,53,1,10,2,391.520040898642,101
547,9,1,10,2,391.520040898642,101
572,96,1,10,2,374.28369453713634,101
550,21,1,10,2,228.94600486834875,101
541,80,1,10,2,236.61269631256508,101
544,28,1,10,2,226.83828075219776,101
550,57,1,10,2,228.94600486834875,101
547,63,1,10,2,391.520040898642,101
550,26,1,10,2,228.94600486834875,101
547,20,1,10,2,391.520040898642,101
547,96,1,10,2,391.520040898642,101
570,75,1,10,2,369.37987761442855,101
541,45,1,10,2,236.61269631256508,101
535,118,1,10,2,286.38699490296165,101
530,155,1,10,2,702.3842553808931,101
533,139,1,10,2,458.0177222598412,101
550,11,1,10,2,228.94600486834875,101
520,93,1,10,2,249.6128775235221,101
524,55,1,10,2,411.39441756955756,101
524,134,1,10,2,411.39441756955756,101
570,87,1,10,2,369.37987761442855,101
533,50,1,10,2,458.0177222598412,101
524,61,1,10,2,411.39441756955756,101
530,19,1,10,2,702.3842553808931,101
524,37,1,10,2,411.39441756955756,101
535,89,1,10,2,286.38699490296165,101
530,87,1,10,2,702.3842553808931,101
572,17,1,10,2,252.0283520940113,101
533,854,1,10,2,1364.5522530556593,101
520,54,1,10,2,249.6128775235221,101
535,15,1,10,2,286.38699490296165,101
547,42,1,10,2,391.520040898642,101
544,2,1,10,2,226.83828075219776,101
533,154,1,10,2,458.0177222598412,101
570,874,1,10,2,759.2531278122943,101
572,90,1,10,2,374.28369453713634,101
572,71,1,10,2,252.0283520940113,101
530,70,1,10,2,702.3842553808931,101
544,8,1,10,2,226.83828075219776,101
520,34,1,10,2,249.6128775235221,101
538,109,1,10,2,389.31773855164005,101
570,14,1,10,2,369.37987761442855,101
572,9,1,10,2,374.28369453713634,101
538,16,1,10,2,389.31773855164005,101
538,29,1,10,2,389.31773855164005,101
570,875,1,10,2,759.2531278122943,101
572,51,1,10,2,374.28369453713634,101
530,2,1,10,2,702.3842553808931,101
535,30,1,10,2,286.38699490296165,101
550,16,1,10,2,228.94600486834875,101
535,132,1,10,2,286.38699490296165,101
535,45,1,10,2,286.38699490296165,101
547,74,1,10,2,391.520040898642,101
520,74,1,10,2,249.6128775235221,101
524,82,1,10,2,411.39441756955756,101
520,64,1,10,2,249.6128775235221,101
535,206,1,10,2,286.38699490296165,101
535,1,1,10,2,286.38699490296165,101
544,21,1,10,2,226.83828075219776,101
533,169,1,10,2,458.0177222598412,101
538,122,1,10,2,389.31773855164005,101
544,66,1,10,2,226.83828075219776,101
533,95,1,10,2,458.0177222598412,101
533,36,1,10,2,458.0177222598412,101
520,84,1,10,2,249.6128775235221,101
550,52,1,10,2,228.94600486834875,101
530,206,1,10,2,702.3842553808931,101
533,110,1,10,2,458.0177222598412,101
535,23,1,10,2,764.1524831219635,101
547,128,1,10,2,391.520040898642,101
541,116,1,10,2,236.61269631256508,101
530,121,1,10,2,702.3842553808931,101
530,36,1,10,2,702.3842553808931,101
535,162,1,10,2,286.38699490296165,101
550,47,1,10,2,228.94600486834875,101
547,118,1,10,2,391.520040898642,101
572,25,1,10,2,252.0283520940113,101
544,15,1,10,2,226.83828075219776,101
538,3,1,10,2,389.31773855164005,101
550,31,1,10,2,228.94600486834875,101
538,95,1,10,2,389.31773855164005,101
530,104,1,10,2,702.3842553808931,101
520,14,1,10,2,249.6128775235221,101
541,28,1,10,2,439.18027264927616,101
570,100,1,10,2,369.37987761442855,101
533,199,1,10,2,458.0177222598412,101
541,104,1,10,2,236.61269631256508,101
535,24,1,10,2,764.1524831219635,101
570,873,1,10,2,759.2531278122943,101
533,179,1,10,2,1364.5522530556593,101
524,161,1,10,2,411.39441756955756,101
541,55,1,10,2,439.18027264927616,101
533,65,1,10,2,458.0177222598412,101
524,49,1,10,2,411.39441756955756,101
524,6,1,10,2,411.39441756955756,101
520,103,1,10,2,249.6128775235221,101
572,2,1,10,2,252.0283520940113,101
541,37,1,10,2,439.18027264927616,101
538,135,1,10,2,389.31773855164005,101
538,201,1,10,2,389.31773855164005,101
541,128,1,10,2,236.61269631256508,101
538,69,1,10,2,389.31773855164005,101
520,113,1,10,2,249.6128775235221,101
520,4,1,10,2,249.6128775235221,101
535,147,1,10,2,286.38699490296165,101
572,12,1,10,2,374.28369453713634,101
541,21,1,10,2,236.61269631256508,101
538,148,1,10,2,389.31773855164005,101
530,189,1,10,2,702.3842553808931,101
524,29,1,10,2,411.39441756955756,101
572,48,1,10,2,252.0283520940113,101
570,136,1,10,2,369.37987761442855,101
550,37,1,10,2,228.94600486834875,101
530,223,1,10,2,702.3842553808931,101
538,42,1,10,2,389.31773855164005,101
570,51,1,10,2,369.37987761442855,101
570,63,1,10,2,369.37987761442855,101
533,124,1,10,2,458.0177222598412,101
524,121,1,10,2,411.39441756955756,101
550,42,1,10,2,228.94600486834875,101
544,34,1,10,2,226.83828075219776,101
528,56,2,10,1,347.2939175320556,102
584,91,2,10,1,295.2300487355185,102
576,178,2,10,1,261.9178591093048,102
559,85,2,10,1,904.1192920526435,102
574,109,2,10,1,311.0295746313189,102
557,193,2,10,1,374.8519305798249,102
555,195,2,10,1,246.37698187643554,102
574,79,2,10,1,311.0295746313189,102
565,186,2,10,1,390.3144157113567,102
580,321,2,10,1,230.91166674365255,102
555,302,2,10,1,246.37698187643554,102
567,225,2,10,1,489.02109733781367,102
557,109,2,10,1,374.8519305798249,102
540,29,2,10,1,298.11035471715013,102
567,200,2,10,1,489.02109733781367,102
521,216,2,10,1,242.62531309197027,102
561,166,2,10,1,356.45952600467643,102
557,249,2,10,1,374.8519305798249,102
565,16,2,10,1,390.3144157113567,102
574,155,2,10,1,311.0295746313189,102
528,116,2,10,1,347.2939175320556,102
563,63,2,10,1,455.6368241985274,102
565,107,2,10,1,305.2270764839301,102
580,140,2,10,1,230.91166674365255,102
516,45,2,10,1,320.92919210671715,102
578,881,2,10,1,382.704584689471,102
580,241,2,10,1,230.91166674365255,102
584,147,2,10,1,295.2300487355185,102
521,62,2,10,1,242.62531309197027,102
563,175,2,10,1,455.6368241985274,102
551,151,2,10,1,267.2327592944582,102
574,216,2,10,1,311.0295746313189,102
553,230,2,10,1,305.23143209831096,102
516,215,2,10,1,320.92919210671715,102
565,41,2,10,1,305.2270764839301,102
518,16,2,10,1,325.9948391585977,102
576,31,2,10,1,261.9178591093048,102
574,201,2,10,1,311.0295746313189,102
574,33,2,10,1,311.0295746313189,102
565,83,2,10,1,390.3144157113567,102
561,272,2,10,1,356.45952600467643,102
576,159,2,10,1,261.9178591093048,102
582,313,2,10,1,755.9148960280244,102
582,183,2,10,1,260.4674317354786,102
521,155,2,10,1,242.62531309197027,102
528,204,2,10,1,347.2939175320556,102
582,241,2,10,1,260.4674317354786,102
567,51,2,10,1,223.28121030460898,102
526,95,2,10,1,324.4649649315105,102
545,206,2,10,1,394.009624692134,102
551,54,2,10,1,267.2327592944582,102
516,102,2,10,1,320.92919210671715,102
518,102,2,10,1,325.9948391585977,102
516,253,2,10,1,320.92919210671715,102
518,76,2,10,1,325.9948391585977,102
576,105,2,10,1,261.9178591093048,102
521,1,2,10,1,242.62531309197027,102
551,175,2,10,1,267.2327592944582,102
584,45,2,10,1,295.2300487355185,102
531,147,2,10,1,728.0650119129576,102
553,65,2,10,1,305.23143209831096,102
563,108,2,10,1,455.6368241985274,102
526,155,2,10,1,324.4649649315105,102
518,7,2,10,1,325.9948391585977,102
555,134,2,10,1,444.9642618821083,102
521,108,2,10,1,242.62531309197027,102
526,47,2,10,1,324.4649649315105,102
518,111,2,10,1,325.9948391585977,102
526,23,2,10,1,324.4649649315105,102
559,163,2,10,1,257.61243698945543,102
578,352,2,10,1,249.76449575230717,102
567,288,2,10,1,223.28121030460898,102
555,110,2,10,1,246.37698187643554,102
561,125,2,10,1,665.1913880197159,102
531,37,2,10,1,309.3681419090278,102
578,65,2,10,1,382.704584689471,102
521,32,2,10,1,242.62531309197027,102
553,313,2,10,1,305.23143209831096,102
518,119,2,10,1,325.9948391585977,102
540,17,2,10,1,298.11035471715013,102
582,49,2,10,1,260.4674317354786,102
580,41,2,10,1,544.0638841702189,102
559,129,2,10,1,257.61243698945543,102
580,80,2,10,1,230.91166674365255,102
567,159,2,10,1,223.28121030460898,102
516,272,2,10,1,320.92919210671715,102
580,120,2,10,1,230.91166674365255,102
557,361,2,10,1,374.8519305798249,102
567,72,2,10,1,223.28121030460898,102
559,262,2,10,1,257.61243698945543,102
521,93,2,10,1,242.62531309197027,102
553,149,2,10,1,728.9667720842979,102
528,12,2,10,1,347.2939175320556,102
584,125,2,10,1,295.2300487355185,102
561,188,2,10,1,356.45952600467643,102
576,68,2,10,1,261.9178591093048,102
580,261,2,10,1,230.91166674365255,102
545,97,2,10,1,394.009624692134,102
582,164,2,10,1,260.4674317354786,102
531,152,2,10,1,309.3681419090278,102
553,44,2,10,1,305.23143209831096,102
555,46,2,10,1,246.37698187643554,102
521,203,2,10,1,830.3658766845973,102
528,86,2,10,1,347.2939175320556,102
559,96,2,10,1,257.61243698945543,102
584,102,2,10,1,295.2300487355185,102
555,216,2,10,1,246.37698187643554,102
540,185,2,10,1,298.11035471715013,102
561,82,2,10,1,356.45952600467643,102
553,85,2,10,1,305.23143209831096,102
553,251,2,10,1,305.23143209831096,102
582,126,2,10,1,260.4674317354786,102
563,220,2,10,1,455.6368241985274,102
561,208,2,10,1,665.1913880197159,102
584,170,2,10,1,295.2300487355185,102
516,196,2,10,1,320.92919210671715,102
557,81,2,10,1,374.8519305798249,102
565,300,2,10,1,390.3144157113567,102
561,39,2,10,1,356.45952600467643,102
563,354,2,10,1,455.6368241985274,102
582,203,2,10,1,260.4674317354786,102
528,130,2,10,1,347.2939175320556,102
563,85,2,10,1,455.6368241985274,102
561,18,2,10,1,356.45952600467643,102
559,14,2,10,1,257.61243698945543,102
565,216,2,10,1,305.2270764839301,102
518,50,2,10,1,325.9948391585977,102
559,212,2,10,1,257.61243698945543,102
545,175,2,10,1,394.009624692134,102
551,127,2,10,1,267.2327592944582,102
516,291,2,10,1,320.92919210671715,102
578,187,2,10,1,249.76449575230717,102
531,8,2,10,1,309.3681419090278,102
528,190,2,10,1,347.2939175320556,102
580,221,2,10,1,230.91166674365255,102
563,309,2,10,1,455.6368241985274,102
518,137,2,10,1,325.9948391585977,102
516,177,2,10,1,320.92919210671715,102
584,136,2,10,1,295.2300487355185,102
580,303,2,10,1,544.0638841702189,102
584,79,2,10,1,295.2300487355185,102
567,137,2,10,1,223.28121030460898,102
518,33,2,10,1,325.9948391585977,102
528,71,2,10,1,347.2939175320556,102
551,223,2,10,1,267.2327592944582,102
582,68,2,10,1,260.4674317354786,102
576,96,2,10,1,961.6485373909735,102
557,305,2,10,1,374.8519305798249,102
521,231,2,10,1,242.62531309197027,102
545,51,2,10,1,394.009624692134,102
516,64,2,10,1,320.92919210671715,102
526,71,2,10,1,324.4649649315105,102
540,89,2,10,1,298.11035471715013,102
526,107,2,10,1,324.4649649315105,102
540,65,2,10,1,298.11035471715013,102
567,310,2,10,1,223.28121030460898,102
576,251,2,10,1,261.9178591093048,102
574,231,2,10,1,311.0295746313189,102
555,323,2,10,1,246.37698187643554,102
521,124,2,10,1,242.62531309197027,102
540,77,2,10,1,298.11035471715013,102
540,113,2,10,1,298.11035471715013,102
576,141,2,10,1,261.9178591093048,102
578,22,2,10,1,249.76449575230717,102
561,103,2,10,1,356.45952600467643,102
531,125,2,10,1,728.0650119129576,102
578,126,2,10,1,382.704584689471,102
578,163,2,10,1,249.76449575230717,102
540,173,2,10,1,298.11035471715013,102
545,82,2,10,1,394.009624692134,102
553,292,2,10,1,305.23143209831096,102
578,258,2,10,1,249.76449575230717,102
521,47,2,10,1,242.62531309197027,102
545,144,2,10,1,394.009624692134,102
580,100,2,10,1,230.91166674365255,102
576,13,2,10,1,261.9178591093048,102
584,56,2,10,1,295.2300487355185,102
580,180,2,10,1,230.91166674365255,102
578,92,2,10,1,249.76449575230717,102
578,281,2,10,1,249.76449575230717,102
574,18,2,10,1,311.0295746313189,102
551,320,2,10,1,267.2327592944582,102
561,251,2,10,1,356.45952600467643,102
555,25,2,10,1,246.37698187643554,102
578,45,2,10,1,249.76449575230717,102
553,209,2,10,1,305.23143209831096,102
526,143,2,10,1,324.4649649315105,102
551,344,2,10,1,267.2327592944582,102
557,444,2,10,1,374.8519305798249,102
557,333,2,10,1,374.8519305798249,102
565,257,2,10,1,390.3144157113567,102
540,136,2,10,1,971.7763643547082,102
565,19,2,10,1,305.2270764839301,102
531,18,2,10,1,309.3681419090278,102
545,237,2,10,1,394.009624692134,102
574,140,2,10,1,311.0295746313189,102
559,196,2,10,1,257.61243698945543,102
559,146,2,10,1,257.61243698945543,102
578,255,2,10,1,382.704584689471,102
545,159,2,10,1,394.009624692134,102
574,170,2,10,1,311.0295746313189,102
551,365,2,10,1,936.5434489396522,102
576,214,2,10,1,261.9178591093048,102
565,129,2,10,1,305.2270764839301,102
551,78,2,10,1,267.2327592944582,102
557,417,2,10,1,374.8519305798249,102
518,68,2,10,1,325.9948391585977,102
526,119,2,10,1,324.4649649315105,102
540,41,2,10,1,298.11035471715013,102
528,145,2,10,1,347.2939175320556,102
545,20,2,10,1,394.009624692134,102
582,103,2,10,1,755.9148960280244,102
582,29,2,10,1,260.4674317354786,102
521,185,2,10,1,242.62531309197027,102
555,275,2,10,1,444.9642618821083,102
574,48,2,10,1,311.0295746313189,102
551,247,2,10,1,267.2327592944582,102
567,331,2,10,1,223.28121030460898,102
555,152,2,10,1,444.9642618821083,102
516,121,2,10,1,320.92919210671715,102
545,35,2,10,1,394.009624692134,102
531,94,2,10,1,309.3681419090278,102
518,85,2,10,1,325.9948391585977,102
531,113,2,10,1,309.3681419090278,102
557,221,2,10,1,374.8519305798249,102
526,11,2,10,1,324.4649649315105,102
516,26,2,10,1,320.92919210671715,102
559,30,2,10,1,257.61243698945543,102
531,56,2,10,1,309.3681419090278,102
526,192,2,10,1,324.4649649315105,102
540,125,2,10,1,298.11035471715013,102
582,87,2,10,1,260.4674317354786,102
584,34,2,10,1,295.2300487355185,102
576,233,2,10,1,261.9178591093048,102
557,27,2,10,1,1359.7816948280345,102
528,234,2,10,1,347.2939175320556,102
518,42,2,10,1,325.9948391585977,102
584,182,2,10,1,295.2300487355185,102
553,3,2,10,1,305.23143209831096,102
551,272,2,10,1,267.2327592944582,102
561,293,2,10,1,356.45952600467643,102
565,347,2,10,1,305.2270764839301,102
553,168,2,10,1,305.23143209831096,102
516,140,2,10,1,320.92919210671715,102
580,60,2,10,1,230.91166674365255,102
565,194,2,10,1,305.2270764839301,102
551,30,2,10,1,267.2327592944582,102
582,145,2,10,1,260.4674317354786,102
559,63,2,10,1,257.61243698945543,102
531,47,2,10,1,309.3681419090278,102
563,197,2,10,1,455.6368241985274,102
567,118,2,10,1,489.02109733781367,102
545,113,2,10,1,394.009624692134,102
555,67,2,10,1,246.37698187643554,102
526,167,2,10,1,324.4649649315105,102
531,75,2,10,1,309.3681419090278,102
526,59,2,10,1,324.4649649315105,102
584,11,2,10,1,295.2300487355185,102
567,29,2,10,1,223.28121030460898,102
559,229,2,10,1,257.61243698945543,102
563,287,2,10,1,455.6368241985274,102
563,264,2,10,1,455.6368241985274,102
563,130,2,10,1,455.6368241985274,102
553,118,2,10,1,728.9667720842979,102
528,27,2,10,1,347.2939175320556,102
567,245,2,10,1,223.28121030460898,102
555,238,2,10,1,246.37698187643554,102
545,221,2,10,1,394.009624692134,102
561,335,2,10,1,665.1913880197159,102
563,41,2,10,1,455.6368241985274,102
557,137,2,10,1,374.8519305798249,102
540,161,2,10,1,298.11035471715013,102
528,175,2,10,1,347.2939175320556,102
574,94,2,10,1,311.0295746313189,102
531,85,2,10,1,309.3681419090278,102
576,86,2,10,1,261.9178591093048,102
523,194,2,10,2,380.26255272452164,102
571,154,2,10,2,220.74414098385085,102
523,60,2,10,2,380.26255272452164,102
515,31,2,10,2,399.8175464052863,102
525,136,2,10,2,347.4350336409574,102
532,65,2,10,2,281.4031754249584,102
523,145,2,10,2,380.26255272452164,102
532,40,2,10,2,281.4031754249584,102
571,250,2,10,2,441.13663851727074,102
573,175,2,10,2,247.32649493267743,102
534,70,2,10,2,406.8721091395674,102
542,52,2,10,2,277.9793617130293,102
532,82,2,10,2,281.4031754249584,102
532,15,2,10,2,281.4031754249584,102
571,21,2,10,2,220.74414098385085,102
536,125,2,10,2,192.3083728879434,102
534,147,2,10,2,406.8721091395674,102
546,69,2,10,2,380.6679499022664,102
515,147,2,10,2,399.8175464052863,102
515,60,2,10,2,399.8175464052863,102
523,169,2,10,2,380.26255272452164,102
515,69,2,10,2,399.8175464052863,102
573,263,2,10,2,247.32649493267743,102
548,84,2,10,2,254.71033794585185,102
532,32,2,10,2,281.4031754249584,102
523,23,2,10,2,380.26255272452164,102
573,86,2,10,2,247.32649493267743,102
542,146,2,10,2,277.9793617130293,102
532,98,2,10,2,281.4031754249584,102
539,91,2,10,2,243.94765723348203,102
546,138,2,10,2,380.6679499022664,102
546,46,2,10,2,380.6679499022664,102
532,115,2,10,2,281.4031754249584,102
534,15,2,10,2,406.8721091395674,102
546,1,2,10,2,380.6679499022664,102
539,31,2,10,2,243.94765723348203,102
525,9,2,10,2,347.4350336409574,102
536,87,2,10,2,416.721735461723,102
542,64,2,10,2,277.9793617130293,102
536,178,2,10,2,416.721735461723,102
542,29,2,10,2,277.9793617130293,102
515,108,2,10,2,399.8175464052863,102
548,149,2,10,2,254.71033794585185,102
525,101,2,10,2,347.4350336409574,102
573,219,2,10,2,247.32649493267743,102
542,123,2,10,2,277.9793617130293,102
542,78,2,10,2,938.5663488201396,102
573,42,2,10,2,247.32649493267743,102
548,103,2,10,2,254.71033794585185,102
548,28,2,10,2,254.71033794585185,102
525,113,2,10,2,347.4350336409574,102
539,4,2,10,2,802.4236162004121,102
534,169,2,10,2,406.8721091395674,102
542,158,2,10,2,277.9793617130293,102
523,47,2,10,2,380.26255272452164,102
525,147,2,10,2,347.4350336409574,102
534,59,2,10,2,406.8721091395674,102
525,43,2,10,2,347.4350336409574,102
534,114,2,10,2,406.8721091395674,102
525,20,2,10,2,347.4350336409574,102
571,360,2,10,2,441.13663851727074,102
571,48,2,10,2,220.74414098385085,102
548,112,2,10,2,254.71033794585185,102
534,26,2,10,2,406.8721091395674,102
548,10,2,10,2,254.71033794585185,102
532,7,2,10,2,281.4031754249584,102
546,172,2,10,2,380.6679499022664,102
546,35,2,10,2,380.6679499022664,102
539,54,2,10,2,243.94765723348203,102
569,351,2,10,2,276.3187490973328,102
539,46,2,10,2,243.94765723348203,102
525,32,2,10,2,347.4350336409574,102
539,106,2,10,2,243.94765723348203,102
515,40,2,10,2,399.8175464052863,102
532,48,2,10,2,281.4031754249584,102
546,81,2,10,2,380.6679499022664,102
532,106,2,10,2,281.4031754249584,102
536,85,2,10,2,192.3083728879434,102
536,45,2,10,2,192.3083728879434,102
532,72,2,10,2,920.8363553102118,102
548,37,2,10,2,1160.7427438627558,102
548,121,2,10,2,254.71033794585185,102
534,125,2,10,2,406.8721091395674,102
573,352,2,10,2,247.32649493267743,102
539,16,2,10,2,243.94765723348203,102
546,115,2,10,2,380.6679499022664,102
536,99,2,10,2,192.3083728879434,102
546,161,2,10,2,380.6679499022664,102
536,205,2,10,2,416.721735461723,102
548,75,2,10,2,254.71033794585185,102
523,157,2,10,2,380.26255272452164,102
536,139,2,10,2,192.3083728879434,102
525,182,2,10,2,347.4350336409574,102
536,152,2,10,2,192.3083728879434,102
546,126,2,10,2,380.6679499022664,102
546,92,2,10,2,380.6679499022664,102
569,186,2,10,2,276.3187490973328,102
571,101,2,10,2,220.74414098385085,102
515,1,2,10,2,399.8175464052863,102
523,72,2,10,2,380.26255272452164,102
569,163,2,10,2,276.3187490973328,102
532,131,2,10,2,281.4031754249584,102
569,307,2,10,2,705.5391067891812,102
573,130,2,10,2,247.32649493267743,102
571,333,2,10,2,441.13663851727074,102
569,210,2,10,2,276.3187490973328,102
515,98,2,10,2,399.8175464052863,102
539,114,2,10,2,243.94765723348203,102
523,11,2,10,2,380.26255272452164,102
539,76,2,10,2,243.94765723348203,102
569,21,2,10,2,276.3187490973328,102
573,197,2,10,2,247.32649493267743,102
573,23,2,10,2,891.4035889560525,102
569,250,2,10,2,705.5391067891812,102
534,158,2,10,2,406.8721091395674,102
539,61,2,10,2,243.94765723348203,102
548,140,2,10,2,254.71033794585185,102
542,111,2,10,2,277.9793617130293,102
573,285,2,10,2,247.32649493267743,102
573,307,2,10,2,247.32649493267743,102
525,67,2,10,2,347.4350336409574,102
515,79,2,10,2,399.8175464052863,102
525,159,2,10,2,347.4350336409574,102
569,375,2,10,2,276.3187490973328,102
523,121,2,10,2,380.26255272452164,102
542,5,2,10,2,277.9793617130293,102
523,96,2,10,2,380.26255272452164,102
569,116,2,10,2,276.3187490973328,102
573,20,2,10,2,247.32649493267743,102
515,118,2,10,2,399.8175464052863,102
542,17,2,10,2,277.9793617130293,102
536,18,2,10,2,192.3083728879434,102
569,69,2,10,2,276.3187490973328,102
542,170,2,10,2,277.9793617130293,102
534,103,2,10,2,406.8721091395674,102
542,99,2,10,2,277.9793617130293,102
525,90,2,10,2,347.4350336409574,102
515,21,2,10,2,399.8175464052863,102
539,84,2,10,2,243.94765723348203,102
571,127,2,10,2,220.74414098385085,102
571,418,2,10,2,220.74414098385085,102
515,137,2,10,2,399.8175464052863,102
534,81,2,10,2,406.8721091395674,102
536,192,2,10,2,192.3083728879434,102
546,23,2,10,2,380.6679499022664,102
571,206,2,10,2,220.74414098385085,102
523,108,2,10,2,380.26255272452164,102
548,65,2,10,2,254.71033794585185,102
571,233,2,10,2,220.74414098385085,102
548,47,2,10,2,254.71033794585185,102
571,312,2,10,2,220.74414098385085,102
569,281,2,10,2,276.3187490973328,102
539,1,2,10,2,243.94765723348203,102
569,92,2,10,2,276.3187490973328,102
536,32,2,10,2,192.3083728879434,102
534,37,2,10,2,406.8721091395674,102
620,199,1,11,1,208.47173771145285,111
599,72,1,11,1,200.30414300779478,111
622,154,1,11,1,254.34336550283794,111
630,135,1,11,1,201.01106955437626,111
594,29,1,11,1,451.95890365590145,111
620,24,1,11,1,208.47173771145285,111
620,147,1,11,1,208.47173771145285,111
610,166,1,11,1,279.3699559444635,111
597,126,1,11,1,233.22464350238914,111
606,40,1,11,1,104.40584342610723,111
597,65,1,11,1,233.22464350238914,111
585,127,1,11,1,210.85150500503693,111
628,31,1,11,1,165.84136341781075,111
606,35,1,11,1,104.40584342610723,111
608,92,1,11,1,248.95027055309438,111
608,47,1,11,1,248.95027055309438,111
610,87,1,11,1,279.3699559444635,111
585,110,1,11,1,210.85150500503693,111
594,380,1,11,1,451.95890365590145,111
597,101,1,11,1,233.22464350238914,111
622,169,1,11,1,254.34336550283794,111
606,25,1,11,1,104.40584342610723,111
630,18,1,11,1,201.01106955437626,111
597,114,1,11,1,233.22464350238914,111
594,110,1,11,1,451.95890365590145,111
585,251,1,11,1,195.58851056680655,111
620,129,1,11,1,208.47173771145285,111
628,119,1,11,1,165.84136341781075,111
610,218,1,11,1,279.3699559444635,111
610,192,1,11,1,279.3699559444635,111
587,25,1,11,1,189.576085279,111
594,2,1,11,1,451.95890365590145,111
599,40,1,11,1,200.30414300779478,111
606,30,1,11,1,104.40584342610723,111
594,83,1,11,1,451.95890365590145,111
620,42,1,11,1,208.47173771145285,111
630,85,1,11,1,201.01106955437626,111
594,164,1,11,1,451.95890365590145,111
630,184,1,11,1,201.01106955437626,111
594,245,1,11,1,451.95890365590145,111
587,166,1,11,1,189.576085279,111
599,24,1,11,1,200.30414300779478,111
594,191,1,11,1,451.95890365590145,111
606,60,1,11,1,104.40584342610723,111
622,91,1,11,1,254.34336550283794,111
585,235,1,11,1,195.58851056680655,111
585,195,1,11,1,210.85150500503693,111
599,104,1,11,1,200.30414300779478,111
606,55,1,11,1,104.40584342610723,111
587,448,1,11,1,189.576085279,111
620,112,1,11,1,208.47173771145285,111
610,61,1,11,1,279.3699559444635,111
628,101,1,11,1,165.84136341781075,111
610,35,1,11,1,279.3699559444635,111
597,29,1,11,1,233.22464350238914,111
630,151,1,11,1,201.01106955437626,111
597,89,1,11,1,233.22464350238914,111
610,140,1,11,1,279.3699559444635,111
628,208,1,11,1,165.84136341781075,111
620,77,1,11,1,208.47173771145285,111
606,5,1,11,1,104.40584342610723,111
610,9,1,11,1,279.3699559444635,111
597,53,1,11,1,233.22464350238914,111
608,114,1,11,1,248.95027055309438,111
594,299,1,11,1,451.95890365590145,111
597,17,1,11,1,233.22464350238914,111
630,168,1,11,1,201.01106955437626,111
597,138,1,11,1,233.22464350238914,111
606,50,1,11,1,104.40584342610723,111
610,271,1,11,1,279.3699559444635,111
630,201,1,11,1,515.2878119259644,111
610,245,1,11,1,279.3699559444635,111
606,45,1,11,1,104.40584342610723,111
622,122,1,11,1,254.34336550283794,111
622,28,1,11,1,254.34336550283794,111
628,84,1,11,1,165.84136341781075,111
628,137,1,11,1,165.84136341781075,111
597,77,1,11,1,233.22464350238914,111
610,297,1,11,1,279.3699559444635,111
622,12,1,11,1,254.34336550283794,111
594,137,1,11,1,451.95890365590145,111
620,7,1,11,1,208.47173771145285,111
628,172,1,11,1,165.84136341781075,111
610,114,1,11,1,279.3699559444635,111
622,59,1,11,1,254.34336550283794,111
630,51,1,11,1,201.01106955437626,111
630,2,1,11,1,201.01106955437626,111
608,3,1,11,1,248.95027055309438,111
608,36,1,11,1,248.95027055309438,111
587,110,1,11,1,189.576085279,111
599,88,1,11,1,200.30414300779478,111
585,161,1,11,1,195.58851056680655,111
587,251,1,11,1,189.576085279,111
622,75,1,11,1,254.34336550283794,111
608,70,1,11,1,248.95027055309438,111
630,35,1,11,1,201.01106955437626,111
606,20,1,11,1,104.40584342610723,111
608,81,1,11,1,248.95027055309438,111
622,43,1,11,1,254.34336550283794,111
587,279,1,11,1,189.576085279,111
587,195,1,11,1,664.9509299859409,111
630,101,1,11,1,201.01106955437626,111
620,94,1,11,1,208.47173771145285,111
620,164,1,11,1,208.47173771145285,111
622,138,1,11,1,254.34336550283794,111
606,10,1,11,1,104.40584342610723,111
599,896,1,11,1,398.32559913796297,111
628,48,1,11,1,165.84136341781075,111
628,66,1,11,1,165.84136341781075,111
608,103,1,11,1,248.95027055309438,111
585,93,1,11,1,210.85150500503693,111
606,15,1,11,1,104.40584342610723,111
608,58,1,11,1,248.95027055309438,111
587,335,1,11,1,189.576085279,111
587,54,1,11,1,189.576085279,111
587,82,1,11,1,189.576085279,111
622,106,1,11,1,254.34336550283794,111
628,155,1,11,1,165.84136341781075,111
620,59,1,11,1,208.47173771145285,111
585,178,1,11,1,210.85150500503693,111
630,898,1,11,1,515.2878119259644,111
587,307,1,11,1,189.576085279,111
608,14,1,11,1,248.95027055309438,111
599,152,1,11,1,200.30414300779478,111
599,895,1,11,1,398.32559913796297,111
585,137,1,11,1,195.58851056680655,111
628,13,1,11,1,165.84136341781075,111
608,25,1,11,1,248.95027055309438,111
599,8,1,11,1,200.30414300779478,111
599,894,1,11,1,398.32559913796297,111
597,41,1,11,1,233.22464350238914,111
620,181,1,11,1,208.47173771145285,111
628,190,1,11,1,165.84136341781075,111
585,81,1,11,1,195.58851056680655,111
608,125,1,11,1,248.95027055309438,111
597,4,1,11,1,233.22464350238914,111
585,63,1,11,1,195.58851056680655,111
599,168,1,11,1,200.30414300779478,111
594,56,1,11,1,451.95890365590145,111
599,136,1,11,1,200.30414300779478,111
587,223,1,11,1,189.576085279,111
622,185,1,11,1,254.34336550283794,111
594,218,1,11,1,451.95890365590145,111
585,141,1,11,1,195.58851056680655,111
615,52,1,11,2,234.70260103666195,111
590,30,1,11,2,258.73167685708216,111
625,70,1,11,2,128.77114556373672,111
600,67,1,11,2,206.1045527984927,111
600,77,1,11,2,206.1045527984927,111
613,23,1,11,2,776.7852929519089,111
588,14,1,11,2,230.24212142787536,111
588,22,1,11,2,230.24212142787536,111
592,62,1,11,2,213.96905365352382,111
600,157,1,11,2,206.1045527984927,111
615,3,1,11,2,234.70260103666195,111
613,98,1,11,2,776.7852929519089,111
588,90,1,11,2,230.24212142787536,111
602,139,1,11,2,233.34010602371706,111
592,32,1,11,2,213.96905365352382,111
617,55,1,11,2,192.01785308253557,111
613,135,1,11,2,776.7852929519089,111
604,99,1,11,2,264.64087982378646,111
613,36,1,11,2,776.7852929519089,111
602,77,1,11,2,233.34010602371706,111
633,128,1,11,2,171.84539741807154,111
600,107,1,11,2,206.1045527984927,111
602,22,1,11,2,795.6587281541922,111
604,36,1,11,2,264.64087982378646,111
613,147,1,11,2,776.7852929519089,111
615,132,1,11,2,234.70260103666195,111
627,21,1,11,2,272.80972398018815,111
617,40,1,11,2,192.01785308253557,111
602,170,1,11,2,233.34010602371706,111
604,46,1,11,2,264.64087982378646,111
627,109,1,11,2,272.80972398018815,111
625,40,1,11,2,128.77114556373672,111
604,25,1,11,2,264.64087982378646,111
592,17,1,11,2,213.96905365352382,111
588,67,1,11,2,230.24212142787536,111
617,70,1,11,2,192.01785308253557,111
625,120,1,11,2,128.77114556373672,111
633,17,1,11,2,171.84539741807154,111
625,20,1,11,2,128.77114556373672,111
592,153,1,11,2,213.96905365352382,111
602,46,1,11,2,233.34010602371706,111
615,148,1,11,2,234.70260103666195,111
627,135,1,11,2,272.80972398018815,111
619,37,1,11,2,194.24062607733484,111
633,87,1,11,2,171.84539741807154,111
592,92,1,11,2,213.96905365352382,111
617,85,1,11,2,192.01785308253557,111
627,84,1,11,2,272.80972398018815,111
613,122,1,11,2,776.7852929519089,111
600,117,1,11,2,206.1045527984927,111
613,48,1,11,2,776.7852929519089,111
627,34,1,11,2,272.80972398018815,111
592,107,1,11,2,213.96905365352382,111
627,8,1,11,2,272.80972398018815,111
602,92,1,11,2,233.34010602371706,111
613,110,1,11,2,776.7852929519089,111
604,15,1,11,2,264.64087982378646,111
604,67,1,11,2,264.64087982378646,111
613,85,1,11,2,776.7852929519089,111
615,100,1,11,2,234.70260103666195,111
590,39,1,11,2,258.73167685708216,111
590,10,1,11,2,258.73167685708216,111
633,73,1,11,2,171.84539741807154,111
613,11,1,11,2,776.7852929519089,111
592,168,1,11,2,213.96905365352382,111
633,45,1,11,2,171.84539741807154,111
615,36,1,11,2,234.70260103666195,111
619,149,1,11,2,194.24062607733484,111
602,186,1,11,2,233.34010602371706,111
633,156,1,11,2,171.84539741807154,111
633,142,1,11,2,171.84539741807154,111
592,2,1,11,2,213.96905365352382,111
625,110,1,11,2,128.77114556373672,111
600,87,1,11,2,206.1045527984927,111
613,73,1,11,2,776.7852929519089,111
627,72,1,11,2,272.80972398018815,111
633,59,1,11,2,171.84539741807154,111
617,2,1,11,2,192.01785308253557,111
617,10,1,11,2,192.01785308253557,111
625,60,1,11,2,128.77114556373672,111
592,77,1,11,2,213.96905365352382,111
588,82,1,11,2,230.24212142787536,111
615,181,1,11,2,234.70260103666195,111
588,45,1,11,2,230.24212142787536,111
633,3,1,11,2,171.84539741807154,111
625,80,1,11,2,128.77114556373672,111
600,17,1,11,2,206.1045527984927,111
617,32,1,11,2,192.01785308253557,111
633,114,1,11,2,171.84539741807154,111
592,47,1,11,2,213.96905365352382,111
602,108,1,11,2,233.34010602371706,111
590,118,1,11,2,258.73167685708216,111
590,20,1,11,2,258.73167685708216,111
627,122,1,11,2,272.80972398018815,111
600,37,1,11,2,206.1045527984927,111
600,97,1,11,2,206.1045527984927,111
617,78,1,11,2,192.01785308253557,111
600,57,1,11,2,206.1045527984927,111
590,89,1,11,2,258.73167685708216,111
625,90,1,11,2,128.77114556373672,111
588,60,1,11,2,230.24212142787536,111
627,59,1,11,2,272.80972398018815,111
602,155,1,11,2,233.34010602371706,111
604,88,1,11,2,264.64087982378646,111
604,120,1,11,2,264.64087982378646,111
588,75,1,11,2,230.24212142787536,111
625,50,1,11,2,128.77114556373672,111
604,109,1,11,2,264.64087982378646,111
602,124,1,11,2,233.34010602371706,111
602,30,1,11,2,233.34010602371706,111
619,137,1,11,2,194.24062607733484,111
617,17,1,11,2,192.01785308253557,111
615,84,1,11,2,234.70260103666195,111
619,62,1,11,2,194.24062607733484,111
619,87,1,11,2,194.24062607733484,111
592,122,1,11,2,213.96905365352382,111
619,112,1,11,2,194.24062607733484,111
619,25,1,11,2,194.24062607733484,111
588,29,1,11,2,230.24212142787536,111
615,116,1,11,2,234.70260103666195,111
590,69,1,11,2,258.73167685708216,111
590,79,1,11,2,258.73167685708216,111
633,100,1,11,2,171.84539741807154,111
627,97,1,11,2,272.80972398018815,111
625,130,1,11,2,425.5896476140426,111
615,68,1,11,2,234.70260103666195,111
602,61,1,11,2,233.34010602371706,111
600,27,1,11,2,206.1045527984927,111
590,59,1,11,2,258.73167685708216,111
627,147,1,11,2,272.80972398018815,111
604,78,1,11,2,264.64087982378646,111
619,99,1,11,2,194.24062607733484,111
590,99,1,11,2,258.73167685708216,111
617,63,1,11,2,192.01785308253557,111
615,19,1,11,2,234.70260103666195,111
604,57,1,11,2,264.64087982378646,111
592,137,1,11,2,213.96905365352382,111
613,61,1,11,2,776.7852929519089,111
615,165,1,11,2,234.70260103666195,111
604,4,1,11,2,264.64087982378646,111
625,100,1,11,2,128.77114556373672,111
588,52,1,11,2,230.24212142787536,111
600,127,1,11,2,206.1045527984927,111
617,25,1,11,2,192.01785308253557,111
619,49,1,11,2,194.24062607733484,111
588,7,1,11,2,230.24212142787536,111
588,37,1,11,2,230.24212142787536,111
619,12,1,11,2,194.24062607733484,111
619,74,1,11,2,194.24062607733484,111
617,48,1,11,2,192.01785308253557,111
633,31,1,11,2,171.84539741807154,111
619,124,1,11,2,194.24062607733484,111
627,46,1,11,2,272.80972398018815,111
590,49,1,11,2,258.73167685708216,111
590,109,1,11,2,258.73167685708216,111
625,30,1,11,2,128.77114556373672,111
593,163,2,11,1,177.73503161944595,112
607,19,2,11,1,152.44133990669758,112
631,79,2,11,1,176.66019723675365,112
631,135,2,11,1,176.66019723675365,112
598,288,2,11,1,196.7229109772718,112
629,110,2,11,1,170.340266670684,112
629,25,2,11,1,170.340266670684,112
595,9,2,11,1,164.31139718488052,112
629,81,2,11,1,170.340266670684,112
605,97,2,11,1,167.2048838574096,112
631,45,2,11,1,176.66019723675365,112
623,155,2,11,1,143.41415340807092,112
605,153,2,11,1,167.2048838574096,112
611,86,2,11,1,188.82432134483355,112
611,219,2,11,1,188.82432134483355,112
621,28,2,11,1,132.69472153450826,112
605,19,2,11,1,167.2048838574096,112
623,188,2,11,1,143.41415340807092,112
623,88,2,11,1,143.41415340807092,112
623,21,2,11,1,143.41415340807092,112
593,115,2,11,1,177.73503161944595,112
595,184,2,11,1,164.31139718488052,112
593,179,2,11,1,177.73503161944595,112
607,57,2,11,1,152.44133990669758,112
621,142,2,11,1,132.69472153450826,112
631,124,2,11,1,176.66019723675365,112
621,78,2,11,1,250.51212100844162,112
621,66,2,11,1,132.69472153450826,112
621,41,2,11,1,132.69472153450826,112
609,48,2,11,1,145.11940801439692,112
609,105,2,11,1,145.11940801439692,112
609,150,2,11,1,547.0670654416626,112
598,2,2,11,1,196.7229109772718,112
629,53,2,11,1,170.340266670684,112
607,46,2,11,1,288.15731008145076,112
609,19,2,11,1,145.11940801439692,112
623,159,2,11,1,515.618604853844,112
595,96,2,11,1,164.31139718488052,112
607,252,2,11,1,288.15731008145076,112
607,134,2,11,1,152.44133990669758,112
623,38,2,11,1,143.41415340807092,112
586,161,2,11,1,203.38701484512578,112
595,228,2,11,1,164.31139718488052,112
595,316,2,11,1,164.31139718488052,112
598,193,2,11,1,196.7229109772718,112
623,255,2,11,1,143.41415340807092,112
621,192,2,11,1,132.69472153450826,112
598,41,2,11,1,196.7229109772718,112
586,15,2,11,1,203.38701484512578,112
607,288,2,11,1,152.44133990669758,112
611,20,2,11,1,188.82432134483355,112
598,155,2,11,1,196.7229109772718,112
621,91,2,11,1,132.69472153450826,112
611,37,2,11,1,188.82432134483355,112
605,53,2,11,1,167.2048838574096,112
609,76,2,11,1,145.11940801439692,112
609,192,2,11,1,145.11940801439692,112
609,206,2,11,1,145.11940801439692,112
586,98,2,11,1,203.38701484512578,112
631,11,2,11,1,176.66019723675365,112
586,35,2,11,1,203.38701484512578,112
586,56,2,11,1,203.38701484512578,112
586,67,2,11,1,203.38701484512578,112
629,11,2,11,1,170.340266670684,112
586,140,2,11,1,203.38701484512578,112
593,195,2,11,1,177.73503161944595,112
629,124,2,11,1,170.340266670684,112
631,146,2,11,1,176.66019723675365,112
586,77,2,11,1,203.38701484512578,112
611,103,2,11,1,188.82432134483355,112
609,33,2,11,1,145.11940801439692,112
586,25,2,11,1,203.38701484512578,112
605,64,2,11,1,167.2048838574096,112
621,16,2,11,1,132.69472153450826,112
607,77,2,11,1,152.44133990669758,112
595,53,2,11,1,164.31139718488052,112
629,223,2,11,1,170.340266670684,112
595,31,2,11,1,164.31139718488052,112
621,137,2,11,1,250.51212100844162,112
631,56,2,11,1,176.66019723675365,112
605,42,2,11,1,167.2048838574096,112
605,8,2,11,1,167.2048838574096,112
607,249,2,11,1,152.44133990669758,112
605,108,2,11,1,167.2048838574096,112
593,227,2,11,1,177.73503161944595,112
598,231,2,11,1,196.7229109772718,112
595,206,2,11,1,164.31139718488052,112
595,140,2,11,1,164.31139718488052,112
598,117,2,11,1,196.7229109772718,112
611,120,2,11,1,188.82432134483355,112
586,119,2,11,1,203.38701484512578,112
621,48,2,11,1,250.51212100844162,112
631,172,2,11,1,659.5450874143351,112
623,238,2,11,1,143.41415340807092,112
593,2,2,11,1,177.73503161944595,112
621,167,2,11,1,132.69472153450826,112
605,229,2,11,1,627.58030125981,112
598,60,2,11,1,196.7229109772718,112
598,79,2,11,1,196.7229109772718,112
609,221,2,11,1,145.11940801439692,112
631,90,2,11,1,176.66019723675365,112
595,272,2,11,1,164.31139718488052,112
629,138,2,11,1,170.340266670684,112
593,243,2,11,1,177.73503161944595,112
611,236,2,11,1,188.82432134483355,112
593,66,2,11,1,177.73503161944595,112
631,169,2,11,1,176.66019723675365,112
593,50,2,11,1,177.73503161944595,112
598,269,2,11,1,196.7229109772718,112
595,118,2,11,1,164.31139718488052,112
607,153,2,11,1,152.44133990669758,112
586,108,2,11,1,203.38701484512578,112
586,150,2,11,1,203.38701484512578,112
623,171,2,11,1,143.41415340807092,112
605,142,2,11,1,167.2048838574096,112
595,294,2,11,1,533.8741779233416,112
598,136,2,11,1,196.7229109772718,112
605,131,2,11,1,167.2048838574096,112
629,166,2,11,1,170.340266670684,112
598,212,2,11,1,196.7229109772718,112
611,153,2,11,1,188.82432134483355,112
609,134,2,11,1,145.11940801439692,112
621,180,2,11,1,132.69472153450826,112
623,121,2,11,1,143.41415340807092,112
609,163,2,11,1,145.11940801439692,112
631,101,2,11,1,176.66019723675365,112
611,169,2,11,1,188.82432134483355,112
611,17,2,11,1,640.0250130407443,112
629,67,2,11,1,170.340266670684,112
623,105,2,11,1,143.41415340807092,112
607,307,2,11,1,152.44133990669758,112
631,180,2,11,1,176.66019723675365,112
605,86,2,11,1,167.2048838574096,112
607,219,2,11,1,288.15731008145076,112
623,55,2,11,1,143.41415340807092,112
593,131,2,11,1,177.73503161944595,112
593,34,2,11,1,177.73503161944595,112
629,180,2,11,1,170.340266670684,112
629,194,2,11,1,170.340266670684,112
611,186,2,11,1,188.82432134483355,112
609,91,2,11,1,145.11940801439692,112
607,211,2,11,1,152.44133990669758,112
593,99,2,11,1,177.73503161944595,112
611,252,2,11,1,188.82432134483355,112
614,41,2,11,2,257.6708388530663,112
612,107,2,11,2,209.88454253123572,112
634,23,2,11,2,166.6657268896345,112
601,79,2,11,2,186.1868242062002,112
618,72,2,11,2,189.31680282204252,112
591,110,2,11,2,169.53625437794884,112
616,66,2,11,2,228.57330005429685,112
596,65,2,11,2,250.0616697561317,112
634,100,2,11,2,166.6657268896345,112
634,10,2,11,2,166.6657268896345,112
589,69,2,11,2,191.01268975628483,112
603,74,2,11,2,531.3483681691064,112
624,80,2,11,2,149.59552792788006,112
616,28,2,11,2,228.57330005429685,112
591,30,2,11,2,169.53625437794884,112
589,98,2,11,2,191.01268975628483,112
601,37,2,11,2,186.1868242062002,112
634,202,2,11,2,166.6657268896345,112
616,75,2,11,2,228.57330005429685,112
624,10,2,11,2,149.59552792788006,112
626,16,2,11,2,202.72445542553552,112
614,21,2,11,2,257.6708388530663,112
626,24,2,11,2,202.72445542553552,112
612,28,2,11,2,209.88454253123572,112
601,65,2,11,2,186.1868242062002,112
589,117,2,11,2,191.01268975628483,112
616,9,2,11,2,228.57330005429685,112
603,123,2,11,2,228.80730887759995,112
601,23,2,11,2,186.1868242062002,112
626,46,2,11,2,202.72445542553552,112
591,160,2,11,2,169.53625437794884,112
614,71,2,11,2,257.6708388530663,112
612,160,2,11,2,209.88454253123572,112
634,61,2,11,2,166.6657268896345,112
632,109,2,11,2,167.6425656978545,112
614,1,2,11,2,257.6708388530663,112
596,239,2,11,2,250.0616697561317,112
596,33,2,11,2,250.0616697561317,112
591,70,2,11,2,169.53625437794884,112
589,21,2,11,2,191.01268975628483,112
626,31,2,11,2,202.72445542553552,112
603,36,2,11,2,228.80730887759995,112
591,50,2,11,2,169.53625437794884,112
618,61,2,11,2,189.31680282204252,112
632,73,2,11,2,167.6425656978545,112
618,77,2,11,2,189.31680282204252,112
589,79,2,11,2,191.01268975628483,112
624,47,2,11,2,464.10792012117554,112
632,1,2,11,2,167.6425656978545,112
614,31,2,11,2,257.6708388530663,112
632,101,2,11,2,167.6425656978545,112
624,65,2,11,2,149.59552792788006,112
632,87,2,11,2,558.8661584860508,112
614,61,2,11,2,257.6708388530663,112
596,223,2,11,2,250.0616697561317,112
589,137,2,11,2,191.01268975628483,112
589,1,2,11,2,191.01268975628483,112
591,26,2,11,2,574.1270875442121,112
603,101,2,11,2,228.80730887759995,112
626,84,2,11,2,202.72445542553552,112
614,121,2,11,2,257.6708388530663,112
618,18,2,11,2,189.31680282204252,112
626,54,2,11,2,202.72445542553552,112
596,112,2,11,2,250.0616697561317,112
612,1,2,11,2,209.88454253123572,112
601,44,2,11,2,186.1868242062002,112
626,1,2,11,2,202.72445542553552,112
634,163,2,11,2,166.6657268896345,112
624,5,2,11,2,149.59552792788006,112
596,191,2,11,2,250.0616697561317,112
616,122,2,11,2,228.57330005429685,112
612,94,2,11,2,209.88454253123572,112
612,897,2,11,2,705.2081176957486,112
591,130,2,11,2,169.53625437794884,112
589,30,2,11,2,191.01268975628483,112
601,72,2,11,2,186.1868242062002,112
618,7,2,11,2,189.31680282204252,112
596,175,2,11,2,250.0616697561317,112
626,114,2,11,2,202.72445542553552,112
601,100,2,11,2,186.1868242062002,112
616,37,2,11,2,228.57330005429685,112
616,47,2,11,2,228.57330005429685,112
603,144,2,11,2,228.80730887759995,112
601,9,2,11,2,186.1868242062002,112
589,40,2,11,2,191.01268975628483,112
614,101,2,11,2,257.6708388530663,112
603,58,2,11,2,228.80730887759995,112
616,141,2,11,2,228.57330005429685,112
634,125,2,11,2,166.6657268896345,112
612,147,2,11,2,209.88454253123572,112
603,112,2,11,2,228.80730887759995,112
596,159,2,11,2,250.0616697561317,112
596,49,2,11,2,250.0616697561317,112
603,15,2,11,2,228.80730887759995,112
603,14,2,11,2,531.3483681691064,112
603,69,2,11,2,228.80730887759995,112
632,44,2,11,2,167.6425656978545,112
612,81,2,11,2,209.88454253123572,112
618,56,2,11,2,189.31680282204252,112
614,151,2,11,2,257.6708388530663,112
624,70,2,11,2,149.59552792788006,112
618,34,2,11,2,189.31680282204252,112
618,50,2,11,2,189.31680282204252,112
626,76,2,11,2,202.72445542553552,112
614,141,2,11,2,257.6708388530663,112
614,111,2,11,2,257.6708388530663,112
624,20,2,11,2,149.59552792788006,112
632,58,2,11,2,167.6425656978545,112
596,128,2,11,2,250.0616697561317,112
634,176,2,11,2,166.6657268896345,112
596,1,2,11,2,250.0616697561317,112
626,106,2,11,2,202.72445542553552,112
632,15,2,11,2,167.6425656978545,112
632,30,2,11,2,167.6425656978545,112
626,61,2,11,2,202.72445542553552,112
632,80,2,11,2,167.6425656978545,112
589,141,2,11,2,685.5967489209668,112
616,151,2,11,2,228.57330005429685,112
614,81,2,11,2,257.6708388530663,112
591,80,2,11,2,169.53625437794884,112
589,146,2,11,2,191.01268975628483,112
601,16,2,11,2,186.1868242062002,112
603,166,2,11,2,228.80730887759995,112
618,13,2,11,2,189.31680282204252,112
591,90,2,11,2,169.53625437794884,112
616,85,2,11,2,228.57330005429685,112
589,59,2,11,2,191.01268975628483,112
626,91,2,11,2,202.72445542553552,112
612,187,2,11,2,209.88454253123572,112
591,40,2,11,2,169.53625437794884,112
616,103,2,11,2,228.57330005429685,112
601,51,2,11,2,186.1868242062002,112
634,151,2,11,2,166.6657268896345,112
616,113,2,11,2,228.57330005429685,112
634,112,2,11,2,166.6657268896345,112
618,40,2,11,2,189.31680282204252,112
612,200,2,11,2,209.88454253123572,112
612,41,2,11,2,209.88454253123572,112
601,107,2,11,2,186.1868242062002,112
618,83,2,11,2,189.31680282204252,112
603,25,2,11,2,228.80730887759995,112
632,51,2,11,2,167.6425656978545,112
591,120,2,11,2,169.53625437794884,112
591,10,2,11,2,169.53625437794884,112
634,74,2,11,2,166.6657268896345,112
612,134,2,11,2,209.88454253123572,112
634,49,2,11,2,166.6657268896345,112
624,25,2,11,2,149.59552792788006,112
624,30,2,11,2,149.59552792788006,112
624,40,2,11,2,149.59552792788006,112
596,96,2,11,2,250.0616697561317,112
618,29,2,11,2,189.31680282204252,112
624,50,2,11,2,149.59552792788006,112
624,60,2,11,2,149.59552792788006,112
632,22,2,11,2,167.6425656978545,112
601,93,2,11,2,186.1868242062002,112
638,438,1,12,1,751.2390514899358,121
664,86,1,12,1,397.35142345453323,121
636,278,1,12,1,462.1829418660144,121
636,206,1,12,1,462.1829418660144,121
638,36,1,12,1,751.2390514899358,121
650,132,1,12,1,544.9241244552082,121
646,105,1,12,1,389.6831855307366,121
664,133,1,12,1,397.35142345453323,121
644,17,1,12,1,367.82048487306554,121
644,143,1,12,1,367.82048487306554,121
646,122,1,12,1,389.6831855307366,121
646,904,1,12,1,500.44927118721597,121
636,327,1,12,1,900.4503910584423,121
638,288,1,12,1,751.2390514899358,121
650,77,1,12,1,544.9241244552082,121
636,13,1,12,1,462.1829418660144,121
636,134,1,12,1,462.1829418660144,121
636,110,1,12,1,462.1829418660144,121
636,61,1,12,1,462.1829418660144,121
664,117,1,12,1,397.35142345453323,121
650,32,1,12,1,544.9241244552082,121
650,139,1,12,1,544.9241244552082,121
644,31,1,12,1,367.82048487306554,121
638,86,1,12,1,751.2390514899358,121
644,902,1,12,1,505.5567293334034,121
664,39,1,12,1,397.35142345453323,121
646,175,1,12,1,389.6831855307366,121
636,37,1,12,1,462.1829418660144,121
638,191,1,12,1,751.2390514899358,121
646,280,1,12,1,500.44927118721597,121
644,213,1,12,1,505.5567293334034,121
644,73,1,12,1,367.82048487306554,121
646,906,1,12,1,500.44927118721597,121
650,121,1,12,1,544.9241244552082,121
644,157,1,12,1,367.82048487306554,121
638,237,1,12,1,751.2390514899358,121
646,9,1,12,1,500.44927118721597,121
638,279,1,12,1,751.2390514899358,121
644,45,1,12,1,367.82048487306554,121
646,192,1,12,1,389.6831855307366,121
644,903,1,12,1,505.5567293334034,121
638,900,1,12,1,751.2390514899358,121
638,388,1,12,1,751.2390514899358,121
636,899,1,12,1,900.4503910584423,121
646,87,1,12,1,389.6831855307366,121
650,184,1,12,1,544.9241244552082,121
646,262,1,12,1,500.44927118721597,121
638,186,1,12,1,751.2390514899358,121
636,230,1,12,1,462.1829418660144,121
644,901,1,12,1,505.5567293334034,121
644,171,1,12,1,505.5567293334034,121
664,180,1,12,1,397.35142345453323,121
644,101,1,12,1,367.82048487306554,121
664,54,1,12,1,397.35142345453323,121
650,152,1,12,1,544.9241244552082,121
650,63,1,12,1,544.9241244552082,121
646,70,1,12,1,389.6831855307366,121
638,338,1,12,1,751.2390514899358,121
650,52,1,12,1,544.9241244552082,121
650,166,1,12,1,544.9241244552082,121
650,41,1,12,1,544.9241244552082,121
650,907,1,12,1,544.9241244552082,121
664,149,1,12,1,397.35142345453323,121
664,70,1,12,1,397.35142345453323,121
636,303,1,12,1,900.4503910584423,121
664,23,1,12,1,397.35142345453323,121
664,165,1,12,1,397.35142345453323,121
664,102,1,12,1,397.35142345453323,121
638,488,1,12,1,751.2390514899358,121
664,7,1,12,1,397.35142345453323,121
636,254,1,12,1,462.1829418660144,121
646,905,1,12,1,500.44927118721597,121
635,116,1,12,2,433.0489773906453,121
661,9,1,12,2,348.9453405391489,121
666,115,1,12,2,375.2671810620531,121
640,164,1,12,2,519.3902744129683,121
666,127,1,12,2,375.2671810620531,121
659,82,1,12,2,317.17963542905215,121
666,27,1,12,2,375.2671810620531,121
657,47,1,12,2,276.2138447096954,121
649,94,1,12,2,430.86519176575393,121
649,197,1,12,2,430.86519176575393,121
640,179,1,12,2,519.3902744129683,121
663,22,1,12,2,366.66138974984676,121
663,8,1,12,2,366.66138974984676,121
649,145,1,12,2,430.86519176575393,121
652,115,1,12,2,372.5612717591443,121
666,77,1,12,2,375.2671810620531,121
659,63,1,12,2,317.17963542905215,121
663,49,1,12,2,366.66138974984676,121
668,115,1,12,2,570.4679796617376,121
657,6,1,12,2,276.2138447096954,121
661,59,1,12,2,348.9453405391489,121
635,141,1,12,2,433.0489773906453,121
668,68,1,12,2,570.4679796617376,121
661,158,1,12,2,496.41194270529087,121
657,67,1,12,2,276.2138447096954,121
659,148,1,12,2,1014.4443784880901,121
661,128,1,12,2,496.41194270529087,121
640,104,1,12,2,519.3902744129683,121
649,76,1,12,2,430.86519176575393,121
649,59,1,12,2,1061.3602209716753,121
652,70,1,12,2,372.5612717591443,121
666,15,1,12,2,375.2671810620531,121
640,149,1,12,2,519.3902744129683,121
659,72,1,12,2,317.17963542905215,121
663,132,1,12,2,366.66138974984676,121
661,138,1,12,2,496.41194270529087,121
661,39,1,12,2,348.9453405391489,121
663,159,1,12,2,366.66138974984676,121
666,139,1,12,2,375.2671810620531,121
655,197,1,12,2,593.5525068694166,121
652,85,1,12,2,372.5612717591443,121
657,60,1,12,2,276.2138447096954,121
661,19,1,12,2,348.9453405391489,121
642,104,1,12,2,339.7273538241347,121
652,174,1,12,2,372.5612717591443,121
663,91,1,12,2,366.66138974984676,121
668,22,1,12,2,570.4679796617376,121
652,40,1,12,2,372.5612717591443,121
655,161,1,12,2,593.5525068694166,121
668,103,1,12,2,570.4679796617376,121
657,54,1,12,2,276.2138447096954,121
663,104,1,12,2,366.66138974984676,121
642,14,1,12,2,339.7273538241347,121
659,91,1,12,2,317.17963542905215,121
663,118,1,12,2,366.66138974984676,121
655,179,1,12,2,593.5525068694166,121
659,35,1,12,2,317.17963542905215,121
661,78,1,12,2,348.9453405391489,121
642,134,1,12,2,339.7273538241347,121
640,59,1,12,2,519.3902744129683,121
640,14,1,12,2,519.3902744129683,121
655,71,1,12,2,593.5525068694166,121
652,25,1,12,2,372.5612717591443,121
649,180,1,12,2,430.86519176575393,121
666,65,1,12,2,375.2671810620531,121
655,35,1,12,2,593.5525068694166,121
642,24,1,12,2,339.7273538241347,121
655,215,1,12,2,593.5525068694166,121
666,40,1,12,2,375.2671810620531,121
640,74,1,12,2,519.3902744129683,121
635,43,1,12,2,433.0489773906453,121
668,57,1,12,2,570.4679796617376,121
640,89,1,12,2,519.3902744129683,121
655,53,1,12,2,593.5525068694166,121
663,36,1,12,2,366.66138974984676,121
661,49,1,12,2,348.9453405391489,121
661,88,1,12,2,348.9453405391489,121
659,53,1,12,2,317.17963542905215,121
642,84,1,12,2,339.7273538241347,121
657,74,1,12,2,276.2138447096954,121
657,81,1,12,2,276.2138447096954,121
649,42,1,12,2,430.86519176575393,121
652,129,1,12,2,372.5612717591443,121
655,908,1,12,2,1997.0197364102755,121
663,63,1,12,2,366.66138974984676,121
666,52,1,12,2,375.2671810620531,121
659,16,1,12,2,317.17963542905215,121
668,33,1,12,2,570.4679796617376,121
635,55,1,12,2,433.0489773906453,121
642,34,1,12,2,339.7273538241347,121
642,44,1,12,2,339.7273538241347,121
659,44,1,12,2,317.17963542905215,121
668,138,1,12,2,570.4679796617376,121
668,45,1,12,2,570.4679796617376,121
640,119,1,12,2,519.3902744129683,121
635,31,1,12,2,433.0489773906453,121
642,114,1,12,2,339.7273538241347,121
668,80,1,12,2,570.4679796617376,121
640,134,1,12,2,519.3902744129683,121
661,98,1,12,2,348.9453405391489,121
663,77,1,12,2,366.66138974984676,121
657,40,1,12,2,276.2138447096954,121
640,29,1,12,2,519.3902744129683,121
642,94,1,12,2,339.7273538241347,121
659,25,1,12,2,317.17963542905215,121
635,57,1,12,2,1473.5726671167595,121
635,129,1,12,2,433.0489773906453,121
649,162,1,12,2,430.86519176575393,121
642,4,1,12,2,339.7273538241347,121
659,110,1,12,2,317.17963542905215,121
659,101,1,12,2,317.17963542905215,121
655,143,1,12,2,593.5525068694166,121
635,7,1,12,2,433.0489773906453,121
668,10,1,12,2,570.4679796617376,121
655,89,1,12,2,593.5525068694166,121
657,20,1,12,2,276.2138447096954,121
640,44,1,12,2,519.3902744129683,121
649,128,1,12,2,430.86519176575393,121
657,33,1,12,2,276.2138447096954,121
657,27,1,12,2,276.2138447096954,121
652,159,1,12,2,372.5612717591443,121
649,25,1,12,2,430.86519176575393,121
652,55,1,12,2,372.5612717591443,121
668,126,1,12,2,570.4679796617376,121
642,54,1,12,2,339.7273538241347,121
642,64,1,12,2,339.7273538241347,121
655,107,1,12,2,593.5525068694166,121
652,144,1,12,2,372.5612717591443,121
635,68,1,12,2,433.0489773906453,121
661,148,1,12,2,496.41194270529087,121
649,926,1,12,2,1061.3602209716753,121
635,104,1,12,2,433.0489773906453,121
635,80,1,12,2,433.0489773906453,121
635,19,1,12,2,433.0489773906453,121
666,3,1,12,2,375.2671810620531,121
652,10,1,12,2,372.5612717591443,121
652,100,1,12,2,372.5612717591443,121
663,146,1,12,2,366.66138974984676,121
657,13,1,12,2,276.2138447096954,121
668,91,1,12,2,570.4679796617376,121
655,270,1,12,2,593.5525068694166,121
666,102,1,12,2,375.2671810620531,121
666,90,1,12,2,375.2671810620531,121
649,8,1,12,2,430.86519176575393,121
645,147,2,12,1,359.684885104291,122
648,173,2,12,1,379.05589680129015,122
670,6,2,12,1,454.981597848326,122
645,161,2,12,1,359.684885104291,122
645,18,2,12,1,359.684885104291,122
654,150,2,12,1,537.7982965595033,122
654,75,2,12,1,537.7982965595033,122
670,51,2,12,1,454.981597848326,122
654,131,2,12,1,537.7982965595033,122
648,147,2,12,1,379.05589680129015,122
654,169,2,12,1,537.7982965595033,122
670,105,2,12,1,454.981597848326,122
645,204,2,12,1,359.684885104291,122
670,141,2,12,1,454.981597848326,122
637,135,2,12,1,425.2981314923798,122
637,151,2,12,1,425.2981314923798,122
648,42,2,12,1,379.05589680129015,122
637,219,2,12,1,425.2981314923798,122
648,81,2,12,1,379.05589680129015,122
670,42,2,12,1,454.981597848326,122
648,68,2,12,1,379.05589680129015,122
654,207,2,12,1,537.7982965595033,122
637,252,2,12,1,425.2981314923798,122
670,87,2,12,1,454.981597848326,122
643,51,2,12,1,445.38841307473183,122
645,218,2,12,1,359.684885104291,122
643,362,2,12,1,445.38841307473183,122
670,78,2,12,1,454.981597848326,122
654,93,2,12,1,537.7982965595033,122
654,302,2,12,1,537.7982965595033,122
643,266,2,12,1,445.38841307473183,122
645,132,2,12,1,359.684885104291,122
654,56,2,12,1,537.7982965595033,122
648,121,2,12,1,379.05589680129015,122
654,283,2,12,1,537.7982965595033,122
643,171,2,12,1,445.38841307473183,122
654,18,2,12,1,537.7982965595033,122
643,242,2,12,1,445.38841307473183,122
637,84,2,12,1,425.2981314923798,122
637,269,2,12,1,425.2981314923798,122
648,31,2,12,1,966.2079195015187,122
637,20,2,12,1,1059.4216752975465,122
643,75,2,12,1,445.38841307473183,122
648,135,2,12,1,966.2079195015187,122
637,118,2,12,1,425.2981314923798,122
648,16,2,12,1,379.05589680129015,122
648,186,2,12,1,379.05589680129015,122
645,47,2,12,1,359.684885104291,122
643,290,2,12,1,445.38841307473183,122
645,90,2,12,1,359.684885104291,122
637,202,2,12,1,425.2981314923798,122
645,189,2,12,1,359.684885104291,122
670,15,2,12,1,454.981597848326,122
643,3,2,12,1,445.38841307473183,122
670,69,2,12,1,454.981597848326,122
670,33,2,12,1,454.981597848326,122
643,147,2,12,1,445.38841307473183,122
645,75,2,12,1,359.684885104291,122
648,95,2,12,1,379.05589680129015,122
637,185,2,12,1,425.2981314923798,122
643,195,2,12,1,445.38841307473183,122
637,15,2,12,1,1059.4216752975465,122
670,114,2,12,1,454.981597848326,122
654,226,2,12,1,537.7982965595033,122
648,200,2,12,1,379.05589680129015,122
643,99,2,12,1,445.38841307473183,122
670,123,2,12,1,454.981597848326,122
654,245,2,12,1,537.7982965595033,122
645,104,2,12,1,359.684885104291,122
637,67,2,12,1,425.2981314923798,122
645,33,2,12,1,359.684885104291,122
643,338,2,12,1,445.38841307473183,122
639,204,2,12,2,405.50615784573233,122
653,51,2,12,2,279.1543008481961,122
647,26,2,12,2,450.342966611141,122
665,69,2,12,2,462.3097096813992,122
651,68,2,12,2,406.691820706238,122
660,33,2,12,2,433.8502815599482,122
639,86,2,12,2,405.50615784573233,122
662,94,2,12,2,374.0626964290651,122
669,32,2,12,2,333.8789179978989,122
662,146,2,12,2,374.0626964290651,122
667,82,2,12,2,524.0753814133826,122
656,23,2,12,2,469.5484573551839,122
662,199,2,12,2,374.0626964290651,122
662,16,2,12,2,374.0626964290651,122
647,213,2,12,2,450.342966611141,122
651,57,2,12,2,406.691820706238,122
667,169,2,12,2,524.0753814133826,122
662,172,2,12,2,374.0626964290651,122
656,66,2,12,2,469.5484573551839,122
669,70,2,12,2,333.8789179978989,122
665,136,2,12,2,462.3097096813992,122
653,105,2,12,2,279.1543008481961,122
641,168,2,12,2,334.8855899853616,122
647,94,2,12,2,450.342966611141,122
660,152,2,12,2,433.8502815599482,122
665,186,2,12,2,462.3097096813992,122
660,48,2,12,2,433.8502815599482,122
660,137,2,12,2,433.8502815599482,122
656,34,2,12,2,469.5484573551839,122
665,102,2,12,2,462.3097096813992,122
658,225,2,12,2,527.6801530955008,122
669,148,2,12,2,333.8789179978989,122
658,65,2,12,2,527.6801530955008,122
660,18,2,12,2,433.8502815599482,122
669,61,2,12,2,333.8789179978989,122
665,236,2,12,2,462.3097096813992,122
658,177,2,12,2,527.6801530955008,122
658,97,2,12,2,527.6801530955008,122
667,198,2,12,2,524.0753814133826,122
665,52,2,12,2,462.3097096813992,122
656,87,2,12,2,469.5484573551839,122
669,51,2,12,2,333.8789179978989,122
656,77,2,12,2,469.5484573551839,122
662,133,2,12,2,374.0626964290651,122
651,27,2,12,2,406.691820706238,122
639,27,2,12,2,405.50615784573233,122
641,44,2,12,2,334.8855899853616,122
667,24,2,12,2,524.0753814133826,122
669,128,2,12,2,333.8789179978989,122
660,226,2,12,2,433.8502815599482,122
660,196,2,12,2,433.8502815599482,122
669,90,2,12,2,333.8789179978989,122
653,10,2,12,2,279.1543008481961,122
665,2,2,12,2,462.3097096813992,122
665,252,2,12,2,462.3097096813992,122
653,98,2,12,2,279.1543008481961,122
660,211,2,12,2,433.8502815599482,122
647,230,2,12,2,450.342966611141,122
653,97,2,12,2,939.9144251687644,122
651,4,2,12,2,406.691820706238,122
658,129,2,12,2,527.6801530955008,122
665,202,2,12,2,462.3097096813992,122
667,111,2,12,2,524.0753814133826,122
641,85,2,12,2,334.8855899853616,122
660,92,2,12,2,433.8502815599482,122
656,152,2,12,2,469.5484573551839,122
647,111,2,12,2,450.342966611141,122
639,130,2,12,2,405.50615784573233,122
641,140,2,12,2,334.8855899853616,122
647,162,2,12,2,450.342966611141,122
651,33,2,12,2,406.691820706238,122
651,10,2,12,2,406.691820706238,122
667,183,2,12,2,524.0753814133826,122
658,193,2,12,2,527.6801530955008,122
662,68,2,12,2,374.0626964290651,122
641,154,2,12,2,334.8855899853616,122
653,78,2,12,2,279.1543008481961,122
653,64,2,12,2,279.1543008481961,122
639,145,2,12,2,405.50615784573233,122
662,42,2,12,2,374.0626964290651,122
653,17,2,12,2,279.1543008481961,122
653,71,2,12,2,279.1543008481961,122
656,130,2,12,2,469.5484573551839,122
651,91,2,12,2,406.691820706238,122
639,75,2,12,2,1381.3051388688498,122
651,22,2,12,2,406.691820706238,122
665,35,2,12,2,462.3097096813992,122
669,109,2,12,2,333.8789179978989,122
639,57,2,12,2,405.50615784573233,122
658,33,2,12,2,527.6801530955008,122
653,44,2,12,2,279.1543008481961,122
658,113,2,12,2,527.6801530955008,122
647,43,2,12,2,450.342966611141,122
667,125,2,12,2,524.0753814133826,122
667,53,2,12,2,524.0753814133826,122
641,209,2,12,2,334.8855899853616,122
660,166,2,12,2,433.8502815599482,122
647,179,2,12,2,450.342966611141,122
647,145,2,12,2,450.342966611141,122
641,2,2,12,2,334.8855899853616,122
641,57,2,12,2,334.8855899853616,122
658,49,2,12,2,527.6801530955008,122
653,23,2,12,2,279.1543008481961,122
656,163,2,12,2,469.5484573551839,122
669,99,2,12,2,333.8789179978989,122
665,169,2,12,2,462.3097096813992,122
662,186,2,12,2,374.0626964290651,122
662,81,2,12,2,374.0626964290651,122
662,29,2,12,2,374.0626964290651,122
665,119,2,12,2,462.3097096813992,122
656,120,2,12,2,469.5484573551839,122
658,1,2,12,2,527.6801530955008,122
651,74,2,12,2,406.691820706238,122
667,140,2,12,2,524.0753814133826,122
667,227,2,12,2,524.0753814133826,122
651,51,2,12,2,406.691820706238,122
647,247,2,12,2,450.342966611141,122
658,161,2,12,2,527.6801530955008,122
641,196,2,12,2,334.8855899853616,122
669,138,2,12,2,333.8789179978989,122
651,80,2,12,2,406.691820706238,122
641,99,2,12,2,334.8855899853616,122
653,37,2,12,2,279.1543008481961,122
641,30,2,12,2,334.8855899853616,122
651,45,2,12,2,406.691820706238,122
667,10,2,12,2,524.0753814133826,122
669,12,2,12,2,333.8789179978989,122
656,1,2,12,2,469.5484573551839,122
639,189,2,12,2,405.50615784573233,122
669,22,2,12,2,333.8789179978989,122
639,175,2,12,2,405.50615784573233,122
647,9,2,12,2,450.342966611141,122
656,109,2,12,2,469.5484573551839,122
639,12,2,12,2,405.50615784573233,122
639,234,2,12,2,405.50615784573233,122
667,68,2,12,2,524.0753814133826,122
660,107,2,12,2,433.8502815599482,122
660,77,2,12,2,433.8502815599482,122
662,120,2,12,2,374.0626964290651,122
641,113,2,12,2,334.8855899853616,122
647,77,2,12,2,450.342966611141,122
656,44,2,12,2,469.5484573551839,122
639,116,2,12,2,405.50615784573233,122
658,241,2,12,2,527.6801530955008,122
