country,hhid,grappe,menage,vague,logem,mur,toit,sol,eauboi_ss,eauboi_sp,elec_ac,elec_ur,elec_ua,ordure,toilet,eva_toi,eva_eau,year,tv,fer,frigo,cuisin,ordin,decod,car,superf,grosrum,petitrum,porc,lapin,volail,sh_id_demo,sh_co_natu,sh_co_eco,sh_id_eco,sh_co_vio,sh_co_oth
BEN,1005,1,5,2,2,0,1,1,0,0,0,0,1,0,0,0,0,2021,0,0,0,0,0,0,0,5.999999970197678,2,14,0,0,6,1,1,0,0,0,0
BEN,1019,1,19,2,3,1,1,1,0,0,0,0,1,0,1,1,0,2021,0,0,0,0,0,0,0,,0,0,0,0,5,0,0,0,0,0,0
BEN,1031,1,31,2,2,1,1,1,0,0,0,0,1,0,0,0,0,2021,0,0,0,0,0,0,0,3.9929361045360565,0,5,0,0,15,0,0,0,0,0,0
BEN,1032,1,32,2,1,1,1,1,0,0,0,0,1,0,0,0,0,2021,1,1,0,0,0,1,0,2.049999952316284,0,0,0,0,8,1,0,1,0,0,0
BEN,1046,1,46,2,2,1,1,1,0,0,0,0,1,1,0,0,0,2021,0,0,0,0,0,0,0,1.5735167264938354,0,10,0,0,5,1,0,1,0,0,0
BEN,1053,1,53,2,2,1,1,1,1,1,0,0,1,1,0,0,0,2021,1,0,0,0,0,0,0,5.99101996421814,3,0,0,0,0,1,0,0,1,0,0
BEN,1060,1,60,2,3,0,1,1,0,0,0,0,1,0,0,0,0,2021,0,0,0,0,0,0,0,,0,0,0,0,0,0,0,1,0,0,0
BEN,1073,1,73,2,3,1,1,1,0,0,0,0,0,0,0,0,0,2021,0,0,0,0,0,0,0,,0,0,0,0,0,0,0,0,0,0,0
BEN,1080,1,80,2,2,1,1,1,0,0,0,0,1,1,0,0,0,2021,0,0,0,0,0,0,0,1.6348375082015991,2,5,0,0,0,0,1,1,0,0,0
BEN,1087,1,87,2,2,1,1,0,0,0,0,0,0,1,0,0,0,2021,0,0,0,0,0,0,0,1.551003336906433,0,0,0,0,0,1,0,0,0,0,0
BEN,1101,1,101,2,1,1,1,1,0,0,0,0,1,0,0,0,0,2021,1,0,0,0,0,1,0,3.319999933242798,0,0,0,0,0,0,0,1,0,0,0
BEN,1107,1,107,2,3,1,1,0,0,0,0,0,1,0,0,0,0,2021,0,0,0,0,0,0,0,8.204479813575745,3,17,0,0,26,0,0,0,0,0,0
BEN,2008,2,8,1,2,1,1,1,0,0,1,1,0,1,0,1,0,2021,1,0,0,0,0,1,0,1.6659983396530151,0,0,0,0,0,0,0,1,0,0,0
BEN,2018,2,18,1,3,1,1,1,0,0,0,0,0,1,0,0,0,2021,0,0,0,0,0,0,0,,0,6,0,0,0,1,0,0,0,0,0
BEN,2028,2,28,1,2,1,1,1,0,0,0,0,0,1,0,0,0,2021,0,0,0,0,0,0,0,1.4855529069900513,2,0,0,20,0,0,1,0,0,0,0
BEN,2038,2,38,1,3,1,1,1,1,1,0,0,0,1,0,0,0,2021,0,0,0,0,0,0,0,,0,0,0,0,0,0,0,1,0,0,0
BEN,2049,2,49,1,3,1,1,1,0,0,0,0,0,1,0,0,0,2021,0,0,0,0,0,0,0,,0,0,0,0,0,0,1,1,0,0,0
BEN,2059,2,59,1,3,1,1,1,0,0,0,0,0,0,0,0,0,2021,0,0,0,0,0,0,0,,0,0,0,0,4,1,1,1,0,0,0
BEN,2069,2,69,1,1,0,1,0,0,0,0,0,1,0,0,0,0,2021,0,0,0,0,0,0,0,4.194664716720581,0,8,0,0,30,0,1,1,0,0,0
BEN,2079,2,79,1,2,0,1,0,0,0,0,0,1,0,0,0,0,2021,0,0,0,0,0,0,0,4.677903890609741,2,0,0,0,0,0,1,1,0,0,0
BEN,2090,2,90,1,2,1,1,1,0,0,0,0,1,0,0,0,0,2021,0,0,0,0,0,0,0,5.947607040405273,4,8,0,0,25,0,1,1,0,0,0
BEN,2100,2,100,1,2,1,1,1,1,0,0,0,1,0,0,0,0,2021,0,0,0,0,0,0,0,1.5504637956619263,0,0,0,0,0,0,1,1,0,0,0
BEN,2110,2,110,1,2,1,1,1,0,0,0,0,1,0,0,1,0,2021,1,0,0,0,0,0,0,6.852433204650879,4,10,0,0,20,0,0,1,0,0,0
BEN,2120,2,120,1,2,1,1,1,0,0,0,0,1,0,0,0,1,2021,0,0,0,0,0,0,0,4.58717679977417,0,0,0,0,0,0,1,1,0,0,0
BEN,3010,3,10,1,2,1,1,0,0,0,0,0,1,1,0,0,0,2021,0,0,0,0,0,0,0,3.2200000286102295,7,8,0,0,5,0,0,0,0,1,0
BEN,3020,3,20,1,4,1,1,0,0,0,0,0,0,1,0,0,0,2021,0,0,0,0,0,0,0,0.11999999731779099,0,0,1,0,0,0,1,0,0,0,0
BEN,3031,3,31,1,2,1,1,1,1,1,0,0,1,1,0,0,0,2021,0,0,0,0,0,0,0,4.0,50,0,0,0,10,0,0,0,0,0,0
BEN,3041,3,41,1,2,1,1,1,0,0,0,0,1,1,0,0,0,2021,0,0,0,0,0,0,0,8.070000171661377,50,15,0,0,10,0,0,1,0,0,0
BEN,3051,3,51,1,2,1,1,1,0,0,0,0,1,1,0,0,0,2021,1,0,0,0,0,0,0,2.770000070333481,0,3,0,0,10,1,1,0,1,0,0
BEN,3061,3,61,1,2,1,1,1,0,0,0,0,1,0,0,0,0,2021,0,0,0,0,0,0,0,9.699692964553833,6,25,0,0,0,1,1,0,0,0,0
BEN,3072,3,72,1,2,0,1,1,0,0,0,0,1,0,0,0,0,2021,0,0,0,0,0,0,0,3.4246301651000977,0,7,0,0,15,0,1,0,0,0,0
BEN,3082,3,82,1,2,0,1,1,0,0,0,0,1,1,0,0,0,2021,0,0,0,0,0,0,0,6.299999952316284,5,6,0,0,53,0,1,0,1,0,0
BEN,3092,3,92,1,2,1,1,1,0,0,0,0,1,0,0,0,0,2021,0,0,0,0,0,0,0,0.07558999955654144,2,10,0,0,0,0,1,1,0,0,0
BEN,3103,3,103,1,2,1,1,1,0,1,0,0,1,0,0,0,0,2021,0,0,0,0,0,0,0,3.172342300415039,0,0,0,0,0,0,0,1,0,1,0
BEN,3113,3,113,1,2,1,1,1,0,0,0,0,1,0,0,1,0,2021,0,0,0,0,0,0,0,1.6474558524787426,0,0,0,0,0,0,0,1,0,0,0
BEN,3123,3,123,1,2,1,1,1,0,0,0,0,1,0,0,0,0,2021,0,0,0,0,0,0,0,0.03747299872338772,6,8,0,0,10,0,0,1,0,0,0
BEN,4016,4,16,2,4,1,1,0,0,0,0,0,1,1,0,0,0,2021,0,0,0,0,0,0,0,1.247279405593872,0,2,0,0,0,1,0,0,0,0,0
BEN,4024,4,24,2,2,0,1,0,0,0,0,0,1,0,0,0,0,2021,0,0,0,0,0,0,0,1.5400000214576721,0,0,0,0,16,0,1,0,0,0,0
BEN,4032,4,32,2,3,0,1,1,0,0,0,0,1,0,0,0,0,2021,1,0,0,0,0,1,0,0.5,0,0,0,0,12,0,0,1,0,0,0
BEN,4048,4,48,2,2,1,1,1,0,0,0,0,1,0,0,0,0,2021,0,0,0,0,0,0,0,4.050000071525574,2,0,0,0,10,0,0,1,0,0,0
BEN,4056,4,56,2,2,1,1,1,0,0,0,0,1,1,0,0,0,2021,0,0,0,0,0,0,0,1.9320000410079956,3,4,0,0,0,0,0,1,0,0,0
BEN,4064,4,64,2,2,1,1,1,0,0,0,0,1,1,0,0,0,2021,0,0,0,0,0,0,0,3.292943239212036,2,5,0,0,0,0,1,0,0,0,0
BEN,4068,4,68,2,2,1,1,1,0,0,0,0,1,0,1,1,0,2021,1,0,0,0,0,1,1,3.0170949697494507,0,0,0,0,0,0,0,0,0,0,0
BEN,4080,4,80,2,2,1,1,1,0,1,0,0,0,1,0,0,0,2021,0,0,0,0,0,0,0,1.0123000144958496,0,5,0,0,0,1,0,1,1,0,0
BEN,4088,4,88,2,2,1,1,1,0,0,0,0,1,0,0,0,0,2021,0,0,0,0,0,0,0,11.090524435043335,3,0,0,0,40,0,0,0,0,0,0
BEN,4097,4,97,2,2,0,1,0,0,0,0,0,0,0,0,0,0,2021,0,0,0,0,0,0,0,3.3052839040756226,2,0,0,0,0,0,0,0,0,0,0
BEN,4113,4,113,2,2,1,1,1,0,0,0,0,1,0,0,0,0,2021,0,0,0,0,0,0,0,6.753026783466339,2,3,0,0,3,0,0,0,0,0,0
BEN,4129,4,129,2,2,0,1,1,0,0,0,0,1,0,0,0,0,2021,0,0,0,0,0,0,0,7.859999775886536,4,6,0,0,40,0,1,1,0,0,0
BEN,5003,5,3,1,2,1,1,0,0,0,0,0,1,0,0,0,0,2021,0,0,0,0,0,0,0,5.0,3,5,0,0,15,0,0,0,0,0,0
BEN,5010,5,10,1,2,1,1,0,0,0,0,0,0,0,0,0,0,2021,0,0,0,0,0,0,0,3.75,15,8,0,0,23,1,0,0,0,0,0
BEN,5017,5,17,1,2,0,1,0,0,0,0,0,0,0,0,0,0,2021,0,0,0,0,0,0,0,1.5,0,0,0,0,0,0,1,0,0,0,0
BEN,5024,5,24,1,2,0,1,0,0,0,0,0,0,0,0,0,0,2021,0,0,0,0,0,0,0,2.25,3,11,0,0,9,0,0,0,0,0,0
BEN,5031,5,31,1,2,0,1,0,1,1,0,0,1,0,0,0,0,2021,0,0,0,0,0,0,0,2.3299999237060547,81,10,0,0,19,0,1,1,0,0,0
BEN,5038,5,38,1,2,0,1,0,1,1,0,0,1,0,0,0,0,2021,0,0,0,0,0,0,0,3.6500000953674316,32,16,0,0,25,1,1,0,0,0,0
BEN,5046,5,46,1,2,0,1,0,1,1,0,0,1,0,0,0,0,2021,0,0,0,0,0,0,0,3.5299999713897705,15,18,0,0,17,1,1,0,0,0,0
BEN,5053,5,53,1,2,0,1,0,0,0,0,0,1,0,0,0,0,2021,0,0,0,0,0,0,0,3.799999952316284,29,47,0,0,34,1,1,1,0,0,0
BEN,5060,5,60,1,4,1,1,1,0,0,0,0,1,0,0,0,0,2021,0,0,0,0,0,0,0,4.939685821533203,50,50,0,0,135,1,0,0,0,0,0
BEN,5067,5,67,1,2,1,1,1,0,0,0,0,1,0,0,0,0,2021,0,0,0,0,0,0,0,3.9700000286102295,3,7,0,0,21,1,0,0,0,0,0
BEN,5074,5,74,1,2,1,1,1,0,0,0,0,1,0,0,0,0,2021,0,0,0,0,0,0,0,13.759999990463257,11,7,0,0,40,1,0,0,0,0,0
BEN,5081,5,81,1,2,1,1,1,0,0,0,0,1,0,0,0,0,2021,0,0,0,0,0,0,0,9.040000200271606,15,50,0,0,45,1,0,0,0,0,0
BEN,6004,6,4,2,2,1,1,1,0,0,0,0,1,1,0,0,0,2021,0,0,0,0,0,0,0,11.908519744873047,5,28,0,0,23,0,1,0,0,0,0
BEN,6014,6,14,2,2,1,1,1,1,1,0,0,1,1,0,0,0,2021,0,0,0,0,0,0,0,2.9860000610351562,2,2,0,0,0,0,0,1,0,0,0
BEN,6033,6,33,2,2,0,1,0,1,1,0,0,1,0,0,0,0,2021,0,0,0,0,0,0,0,11.917609810829163,6,2,0,0,0,0,0,0,0,0,0
BEN,6042,6,42,2,2,1,1,1,1,1,0,0,1,1,0,0,0,2021,0,0,0,0,0,0,0,10.012299537658691,9,5,0,0,0,0,0,1,0,0,0
BEN,6052,6,52,2,2,1,1,1,0,0,0,0,1,1,0,1,1,2021,0,0,0,0,0,0,0,7.789000034332275,10,5,0,0,0,0,1,1,0,0,0
BEN,6071,6,71,2,2,1,1,1,1,1,0,0,1,0,0,0,0,2021,0,0,0,0,0,0,0,4.349999964237213,3,6,0,0,0,1,0,1,0,0,0
BEN,6081,6,81,2,2,0,1,0,1,1,0,0,1,0,0,0,0,2021,0,0,0,0,0,0,0,15.103187799453735,17,9,0,0,7,0,0,0,0,0,0
BEN,6090,6,90,2,2,0,1,1,1,1,0,0,0,0,0,0,0,2021,0,0,0,0,0,0,0,15.429999589920044,6,23,0,0,0,0,1,1,0,0,0
BEN,6109,6,109,2,2,0,1,1,1,1,0,0,0,0,0,0,0,2021,0,0,0,0,0,0,0,2.8400000631809235,0,9,0,0,5,0,1,1,0,0,0
BEN,6119,6,119,2,2,0,1,0,0,0,0,0,1,0,0,0,0,2021,0,0,0,0,0,0,0,1.9963079690933228,0,10,0,0,0,1,0,0,0,0,0
BEN,6128,6,128,2,2,0,1,1,0,0,0,0,0,0,0,0,0,2021,0,0,0,0,0,0,0,16.179999828338623,2,16,0,0,22,0,0,1,0,0,0
BEN,6148,6,148,2,2,1,1,0,0,0,0,0,1,0,0,0,0,2021,0,0,0,0,0,0,0,11.335538059473038,10,25,0,0,58,0,0,0,0,0,0
BEN,7008,7,8,1,2,0,1,0,0,0,0,0,0,0,0,0,0,2021,0,0,0,0,0,0,0,2.5,0,0,0,0,0,1,1,0,0,0,0
BEN,7016,7,16,1,2,0,1,0,0,0,0,0,0,0,0,0,0,2021,0,0,0,0,0,0,0,3.0,0,0,0,0,0,0,0,0,0,0,0
BEN,7024,7,24,1,2,1,1,0,0,0,0,0,0,0,1,0,0,2021,0,0,0,0,0,0,0,7.0,5,13,0,0,29,0,0,0,0,0,0
BEN,7032,7,32,1,2,0,1,0,0,0,0,0,0,0,0,0,0,2021,0,0,0,0,0,0,0,1.5,5,8,0,0,0,0,1,0,0,0,0
BEN,7040,7,40,1,2,0,1,0,1,1,0,0,1,1,0,0,0,2021,0,0,0,0,0,0,0,4.299999952316284,10,7,0,0,5,0,1,1,0,0,0
BEN,7048,7,48,1,2,0,1,0,1,1,0,0,1,0,0,0,0,2021,0,0,0,0,0,0,0,4.930000066757202,2,4,0,0,5,0,1,1,0,0,0
BEN,7055,7,55,1,2,0,1,0,1,1,0,0,1,1,0,0,0,2021,0,0,0,0,0,0,0,1.0,60,10,0,0,37,0,1,1,0,0,0
BEN,7063,7,63,1,2,0,1,0,1,1,0,0,1,0,0,0,0,2021,0,0,0,0,0,0,0,3.5,55,14,0,0,25,0,1,1,0,0,0
BEN,7071,7,71,1,2,1,1,1,1,1,0,0,1,0,0,0,0,2021,0,0,0,0,0,0,0,1.850000023841858,2,4,0,0,0,1,0,0,0,0,0
BEN,7079,7,79,1,4,0,1,1,1,1,0,0,1,0,0,0,0,2021,0,0,0,0,0,0,0,1.9999999403953552,0,9,0,0,27,1,0,0,0,0,0
BEN,7087,7,87,1,1,1,1,1,1,1,0,0,1,0,0,0,0,2021,0,0,0,0,0,0,0,9.65999984741211,11,13,0,0,27,1,0,0,0,0,1
BEN,7095,7,95,1,1,1,1,1,1,1,0,0,1,0,0,0,0,2021,0,0,0,0,0,0,0,6.750000238418579,4,10,0,0,53,1,0,0,1,0,0
BEN,8012,8,12,2,2,0,0,0,1,1,0,0,0,0,0,0,0,2021,0,0,0,0,0,0,0,6.989951014518738,12,30,0,0,50,0,0,0,0,0,0
BEN,8018,8,18,2,2,1,1,0,1,1,0,0,1,1,0,0,0,2021,0,0,0,0,0,0,0,2.6424999237060547,5,7,0,0,10,0,1,0,0,0,0
BEN,8024,8,24,2,2,0,1,0,1,1,0,0,0,0,0,0,0,2021,0,0,0,0,0,0,0,32.41788458824158,50,60,0,0,70,0,0,0,0,0,0
BEN,8036,8,36,2,2,1,1,0,1,1,0,0,0,1,0,0,0,2021,0,0,0,0,0,0,0,1.8580000400543213,2,8,0,0,0,0,1,0,0,0,0
BEN,8042,8,42,2,2,1,1,0,1,1,0,0,0,1,0,0,0,2021,0,0,0,0,0,0,0,1.5821138620376587,5,8,0,0,8,0,0,1,0,0,0
BEN,8043,8,43,2,2,0,1,1,1,1,0,0,1,0,0,0,0,2021,1,0,0,0,0,1,0,10.119999766349792,45,62,0,0,32,0,1,1,0,0,0
BEN,8049,8,49,2,2,1,1,0,1,1,0,0,0,1,0,0,0,2021,0,0,0,0,0,0,0,3.127000093460083,6,5,0,0,10,0,0,1,0,0,0
BEN,8067,8,67,2,2,1,1,1,0,0,0,0,1,0,0,0,0,2021,0,0,0,0,0,0,0,29.789999961853027,72,156,0,0,124,0,1,1,0,0,0
BEN,8085,8,85,2,2,0,1,0,1,1,0,0,1,0,0,0,0,2021,0,0,0,0,0,0,0,7.450000047683716,35,23,0,0,12,0,1,1,0,0,0
BEN,8090,8,90,2,2,0,1,1,0,0,0,0,0,0,0,0,0,2021,0,0,0,0,0,0,0,4.714967608451843,2,0,0,0,15,0,0,0,0,0,0
BEN,8091,8,91,2,4,0,0,0,1,1,0,0,0,0,0,0,0,2021,0,0,0,0,0,0,0,8.120770931243896,15,23,0,0,25,0,0,0,0,0,0
BEN,8099,8,99,2,2,0,1,1,1,1,0,0,1,0,0,0,0,2021,0,0,0,0,0,0,0,7.32999986410141,12,30,0,0,26,0,1,1,0,0,0
BEN,9002,9,2,1,2,1,1,0,1,1,0,0,0,1,0,0,0,2021,0,0,0,0,0,0,0,1.1299999952316284,48,8,0,0,13,0,1,0,0,0,0
BEN,9009,9,9,1,2,1,1,1,1,0,0,0,1,1,0,0,0,2021,0,0,0,0,0,0,0,8.878133177757263,9,0,0,0,0,0,1,0,0,0,0
BEN,9016,9,16,1,4,1,1,0,1,1,0,0,0,1,0,0,0,2021,0,0,0,0,0,0,0,,5,0,0,0,10,1,0,0,0,0,0
BEN,9023,9,23,1,2,0,1,0,1,1,0,0,0,0,0,0,0,2021,0,0,0,0,0,0,0,4.651036620140076,4,2,0,0,15,0,1,1,0,0,0
BEN,9030,9,30,1,2,0,1,0,1,1,0,0,0,1,0,0,0,2021,0,0,0,0,0,0,0,1.579999953508377,6,11,0,0,10,1,1,0,1,0,0
BEN,9037,9,37,1,2,0,1,1,1,1,0,0,1,0,0,0,0,2021,0,0,0,0,0,0,0,10.500000238418579,5,10,0,0,6,0,1,1,0,0,0
BEN,9044,9,44,1,2,0,1,1,1,1,0,0,1,0,0,0,0,2021,0,0,0,0,0,0,0,9.669999927282333,9,10,0,0,33,0,1,1,0,1,0
BEN,9051,9,51,1,2,0,1,1,1,1,0,0,1,1,0,0,0,2021,0,0,0,0,0,0,0,1.9599999785423279,2,5,0,0,10,0,1,1,0,0,0
BEN,9058,9,58,1,2,1,1,1,0,0,0,0,0,0,0,0,0,2021,0,0,0,0,0,0,0,0.0211970005184412,0,0,0,0,0,0,0,1,0,0,0
BEN,9065,9,65,1,2,1,1,1,1,1,0,0,1,0,0,0,0,2021,0,0,0,0,0,0,0,0.0314500005915761,2,0,0,0,8,0,0,1,0,0,0
BEN,9072,9,72,1,2,1,1,1,1,0,0,0,1,0,0,0,0,2021,0,0,0,0,0,0,0,0.10113000124692917,2,0,0,0,20,0,0,1,0,0,0
BEN,9078,9,78,1,2,1,1,1,0,0,0,0,1,0,0,0,0,2021,0,0,0,0,0,0,0,0.06501399911940098,4,15,0,0,30,0,0,1,0,0,0
BEN,10006,10,6,2,2,1,1,1,1,1,0,0,1,0,0,0,0,2021,0,0,0,0,0,0,0,10.498582065105438,8,15,0,0,20,0,0,0,0,0,0
BEN,10020,10,20,2,2,0,1,0,0,0,0,0,0,0,0,0,0,2021,0,0,0,0,0,0,0,4.4830610156059265,4,21,0,0,19,0,0,0,0,0,0
BEN,10027,10,27,2,2,0,1,0,1,1,0,0,1,0,0,0,0,2021,0,0,0,0,0,0,0,21.14718723297119,9,60,0,0,30,0,0,0,0,0,0
BEN,10035,10,35,2,2,1,1,1,0,0,0,0,1,1,0,0,0,2021,0,0,0,0,0,0,0,3.1537420749664307,6,10,0,0,0,0,0,0,0,0,0
BEN,10049,10,49,2,2,1,1,1,0,0,0,0,1,0,0,0,0,2021,0,0,0,0,0,0,0,26.020901560783386,10,40,0,0,10,0,0,0,0,0,0
BEN,10057,10,57,2,2,1,1,1,0,0,0,0,1,1,0,0,0,2021,0,0,0,0,0,0,0,1.6666147708892822,10,24,0,0,6,0,0,1,0,0,0
BEN,10064,10,64,2,2,1,1,1,0,0,0,0,1,1,0,0,0,2021,0,0,0,0,0,0,0,1.622786045074463,6,8,0,0,0,0,0,1,0,0,0
BEN,10079,10,79,2,2,1,1,1,1,1,0,0,1,1,0,0,0,2021,0,0,0,0,0,0,0,2.445825219154358,12,15,12,0,0,0,1,1,0,0,0
BEN,10086,10,86,2,2,1,1,1,0,0,0,0,0,0,0,0,0,2021,0,0,0,0,0,0,0,6.789999842643738,4,18,0,0,31,0,1,1,0,0,0
BEN,10093,10,93,2,2,0,1,1,1,1,0,0,0,0,0,0,0,2021,0,0,0,0,0,0,0,6.800000011920929,5,5,0,0,23,0,1,1,0,0,0
BEN,10108,10,108,2,2,1,1,1,1,1,0,0,1,0,0,0,0,2021,0,0,0,0,0,0,0,9.919999793171883,25,45,0,0,50,0,1,1,0,0,0
BEN,10115,10,115,2,2,0,1,1,0,0,0,0,0,0,0,0,0,2021,0,0,0,0,0,0,0,22.200000286102295,4,18,0,0,34,0,1,1,0,0,0
BEN,11005,11,5,1,2,1,1,1,0,0,0,0,1,1,0,0,0,2021,0,0,0,0,0,0,0,8.269408226013184,2,11,0,0,40,1,0,0,0,0,0
BEN,11017,11,17,1,1,1,1,1,0,0,1,1,0,1,0,0,0,2021,1,0,0,0,0,1,0,3.4542676210403442,15,5,0,0,10,0,0,1,0,0,0
BEN,11042,11,42,1,2,1,1,1,0,0,0,1,0,1,0,0,0,2021,0,0,0,0,0,0,0,,0,10,0,0,0,1,0,0,0,0,0
BEN,11055,11,55,1,3,1,1,1,0,0,1,1,0,1,0,0,0,2021,1,0,0,0,0,1,1,0.8565587997436523,0,5,0,0,53,1,1,0,0,0,0
BEN,11068,11,68,1,4,1,1,1,0,0,0,0,1,1,0,0,0,2021,0,0,0,0,0,0,0,7.753281593322754,2,0,0,0,37,0,1,0,0,0,0
BEN,11080,11,80,1,1,1,1,1,0,0,0,0,1,1,0,0,0,2021,0,0,0,0,0,0,0,1.25,2,0,0,0,0,0,1,1,0,1,0
BEN,11093,11,93,1,2,0,1,1,0,0,1,1,0,1,0,0,0,2021,0,0,0,0,0,0,0,3.4595015048980713,6,0,0,0,0,1,1,1,1,0,0
BEN,11106,11,106,1,2,0,1,1,1,0,0,0,1,0,0,0,0,2021,0,0,0,0,0,0,0,0.10127600096166134,0,0,0,0,0,1,0,1,0,0,0
BEN,11118,11,118,1,2,1,1,1,0,0,1,1,0,0,0,0,0,2021,0,0,0,0,0,0,0,3.4182825088500977,0,0,0,0,0,0,0,1,0,0,0
BEN,11131,11,131,1,2,0,1,1,0,0,0,0,0,0,0,0,0,2021,0,0,0,0,0,0,0,0.054607000201940536,0,0,0,0,0,0,1,1,0,0,0
BEN,11143,11,143,1,2,0,1,1,1,1,0,0,1,0,0,0,0,2021,0,0,0,0,0,0,0,1.7238041926175356,0,0,0,0,0,0,1,1,0,0,0
BEN,11169,11,169,1,1,1,1,1,0,0,0,0,1,1,0,0,0,2021,0,0,0,0,0,0,0,7.118541240692139,4,0,0,0,10,1,0,1,0,0,0
BEN,12003,12,3,2,2,1,1,1,1,1,0,0,1,0,0,0,0,2021,0,0,0,0,0,0,0,0.27671699598431587,17,0,0,0,6,1,1,0,0,0,0
BEN,12009,12,9,2,2,1,1,0,0,1,0,0,0,0,0,0,0,2021,0,0,0,0,0,0,0,14.50385057926178,25,32,0,0,20,0,0,0,0,0,0
BEN,12023,12,23,2,2,1,0,0,1,1,0,0,0,0,0,0,0,2021,0,0,0,0,0,0,0,0.11946900188922882,0,0,0,0,12,0,1,0,0,0,0
BEN,12029,12,29,2,4,1,1,1,1,1,0,0,0,0,0,0,0,2021,0,0,0,0,0,0,0,1.0299999713897705,23,0,0,0,10,1,1,0,0,0,0
BEN,12036,12,36,2,2,1,0,0,0,0,0,0,0,0,0,0,0,2021,0,0,0,0,0,0,0,0.2091899961233139,6,12,0,0,14,1,1,0,0,0,0
BEN,12049,12,49,2,4,0,1,0,0,0,0,0,0,0,0,0,0,2021,0,0,0,0,0,0,0,5.259636759757996,5,20,0,0,0,0,0,0,0,0,0
BEN,12056,12,56,2,4,1,1,1,1,1,0,0,1,0,0,0,0,2021,0,0,0,0,0,0,0,6.550000160932541,2,0,0,0,6,1,1,0,0,0,0
BEN,12063,12,63,2,2,1,0,0,0,0,0,0,0,0,0,0,0,2021,0,0,0,0,0,0,0,0.1536249965429306,0,3,0,0,2,1,1,0,0,0,0
BEN,12076,12,76,2,2,1,1,1,0,0,0,0,1,0,0,0,0,2021,0,0,0,0,0,0,0,17.15000033378601,20,40,0,0,15,1,0,0,1,0,0
BEN,12083,12,83,2,2,1,1,1,0,0,0,0,1,0,0,0,0,2021,0,0,0,0,0,0,0,5.03521192073822,4,1,0,0,0,0,0,0,0,0,0
BEN,12090,12,90,2,4,1,1,1,0,0,0,0,1,0,0,0,0,2021,0,0,0,0,0,0,0,9.420000195503235,15,10,0,0,3,0,0,1,1,0,0
BEN,12103,12,103,2,2,0,1,0,0,0,0,0,1,0,0,0,0,2021,1,0,0,0,0,1,0,8.878655016422272,7,17,0,0,10,1,1,0,0,0,0
BEN,13019,13,19,2,2,1,1,1,1,1,0,0,1,0,0,0,0,2021,0,0,0,0,0,0,0,5.0,0,0,0,0,0,0,0,0,0,0,0
BEN,13029,13,29,2,2,1,1,0,1,0,0,0,1,0,0,0,0,2021,0,0,0,0,0,0,0,2.2751870453357697,0,0,0,0,25,0,1,1,0,0,0
BEN,13038,13,38,2,2,1,1,0,1,0,0,0,0,0,0,0,0,2021,0,0,0,0,0,0,0,2.3892112970352173,0,0,0,0,0,0,1,1,0,0,0
BEN,13058,13,58,2,2,1,1,1,1,1,0,0,1,0,0,0,0,2021,1,0,0,0,0,1,0,13.258999735116959,16,37,0,12,50,1,0,0,0,0,0
BEN,13068,13,68,2,2,1,1,1,1,0,0,0,1,0,0,0,0,2021,0,0,0,0,0,0,0,,0,25,0,0,0,0,0,0,0,0,0
BEN,13078,13,78,2,2,1,1,1,1,1,0,0,1,0,0,0,0,2021,0,0,0,0,0,0,0,8.191999912261963,0,0,0,0,120,0,0,0,0,0,0
BEN,13097,13,97,2,2,1,1,1,1,1,0,0,1,0,0,0,0,2021,0,0,0,0,0,0,0,4.0,0,0,0,0,15,0,0,1,0,0,0
BEN,13107,13,107,2,4,1,1,1,1,1,0,0,1,0,0,0,0,2021,0,0,0,0,0,0,0,5.0,0,0,0,0,0,1,0,1,0,0,0
BEN,13117,13,117,2,2,1,1,0,0,0,0,0,1,0,0,0,0,2021,0,0,0,0,0,0,0,2.6869029700756073,0,0,0,0,0,0,1,1,0,0,0
BEN,13136,13,136,2,2,1,1,0,1,0,0,0,1,0,0,0,0,2021,0,0,0,0,0,0,0,1.5245440006256104,0,0,0,0,0,0,1,1,0,0,0
BEN,13146,13,146,2,2,1,1,1,1,1,0,0,1,0,0,0,0,2021,0,0,0,0,0,0,0,4.0,4,0,0,0,6,0,0,0,0,0,0
BEN,13156,13,156,2,2,1,1,1,1,0,0,0,1,0,0,0,0,2021,0,0,0,0,0,0,0,9.816599860787392,5,2,0,0,13,0,0,0,0,0,0
BEN,14008,14,8,1,2,1,1,1,0,0,0,0,1,1,0,0,0,2021,0,0,0,0,0,0,0,1.668137550354004,7,15,0,0,0,0,0,1,0,0,0
BEN,14017,14,17,1,2,1,1,1,0,0,1,1,0,1,0,0,0,2021,0,0,0,0,0,0,0,3.5369629859924316,5,10,0,0,10,1,0,0,0,0,0
BEN,14025,14,25,1,2,1,1,1,0,0,0,0,1,1,0,0,0,2021,0,0,0,0,0,0,0,3.2915589809417725,7,7,0,0,0,0,1,1,0,0,0
BEN,14034,14,34,1,2,1,1,1,0,0,1,1,0,1,0,0,0,2021,0,0,0,0,0,0,0,3.670927047729492,10,5,0,0,0,1,0,0,0,0,0
BEN,14043,14,43,1,2,1,1,1,0,0,0,0,1,0,0,0,0,2021,0,0,0,0,0,0,0,4.92951512336731,21,47,0,0,92,0,1,0,0,1,0
BEN,14051,14,51,1,2,0,1,0,1,0,0,0,0,1,0,0,0,2021,0,0,0,0,0,0,0,6.569182395935059,6,0,0,0,67,1,1,0,0,0,0
BEN,14060,14,60,1,2,0,1,1,0,0,0,0,1,1,0,0,0,2021,0,0,0,0,0,0,0,8.16760790348053,11,0,0,0,40,0,1,1,0,0,0
BEN,14069,14,69,1,3,1,1,1,0,0,0,0,1,1,0,0,0,2021,0,0,0,0,0,0,0,2.569999933242798,15,0,0,0,0,0,1,0,0,0,0
BEN,14077,14,77,1,2,1,1,1,1,0,1,1,0,0,0,0,0,2021,0,0,0,0,0,0,0,3.3762136697769165,0,0,0,0,0,0,1,1,0,0,0
BEN,14086,14,86,1,2,1,1,0,0,0,0,0,0,0,0,0,0,2021,0,0,0,0,0,0,0,7.41852605342865,8,10,0,0,7,1,0,1,0,0,0
BEN,14095,14,95,1,2,1,1,1,0,0,0,0,0,0,0,0,0,2021,0,0,0,0,0,0,0,6.887006640434265,0,0,0,0,0,1,0,1,0,1,0
BEN,14103,14,103,1,2,1,1,1,1,1,1,1,0,0,0,0,0,2021,1,0,0,0,0,1,0,4.851632356643677,6,4,6,0,0,0,0,1,0,0,0
BEN,15030,15,30,2,2,0,1,0,0,0,0,0,0,0,0,0,0,2021,0,0,0,0,0,0,0,4.223305940628052,0,15,0,0,22,0,0,0,0,0,0
BEN,15045,15,45,2,2,1,1,0,1,1,0,0,1,0,0,0,0,2021,1,0,0,0,0,1,0,0.2128949984908104,0,0,0,0,0,1,1,0,0,0,0
BEN,15061,15,61,2,2,1,1,1,0,1,0,0,0,0,0,0,0,2021,0,0,0,0,0,0,0,0.14453600347042084,0,4,0,0,0,1,1,0,0,0,0
BEN,15091,15,91,2,2,1,1,1,1,1,0,0,1,0,0,0,0,2021,0,0,0,0,0,0,0,0.2669600024819374,0,27,0,0,0,0,1,0,0,0,0
BEN,15107,15,107,2,4,0,1,0,1,1,0,0,1,0,0,0,0,2021,0,0,0,0,0,0,0,,0,12,0,0,0,1,1,0,0,0,0
BEN,15122,15,122,2,2,0,1,1,1,1,0,0,1,0,0,0,0,2021,0,0,0,0,0,0,0,4.8999998569488525,40,22,0,0,0,1,1,1,1,0,0
BEN,15153,15,153,2,2,1,1,1,1,1,0,0,0,0,0,0,0,2021,0,0,0,0,0,0,0,4.627737283706665,4,0,0,0,0,0,0,0,0,0,0
BEN,15168,15,168,2,2,1,1,0,0,1,0,0,0,0,0,0,0,2021,0,0,0,0,0,0,0,7.223601967096329,8,3,0,0,27,0,0,0,0,0,0
BEN,15184,15,184,2,2,1,1,0,1,1,0,0,0,0,0,0,0,2021,0,0,0,0,0,0,0,7.944491505622864,3,6,0,0,0,1,1,0,0,0,0
BEN,15214,15,214,2,2,1,1,1,1,1,0,0,1,0,0,0,0,2021,0,0,0,0,0,0,0,0.28608099184930325,0,0,0,0,0,1,1,0,0,0,0
BEN,15230,15,230,2,2,1,1,1,1,1,0,0,0,0,0,0,0,2021,0,0,0,0,0,0,0,7.859999895095825,7,5,0,0,28,1,1,0,0,0,0
BEN,15245,15,245,2,4,0,1,1,1,1,0,0,1,0,0,0,0,2021,0,0,0,0,0,0,0,4.759999871253967,10,15,0,0,35,1,0,1,0,0,0
BEN,16003,16,3,1,2,0,0,0,0,0,0,0,0,0,0,0,0,2021,0,0,0,0,0,0,0,1.6868159770965576,20,18,0,0,20,0,1,0,0,0,0
BEN,16014,16,14,1,2,0,0,0,0,0,0,0,0,1,0,0,0,2021,0,0,0,0,0,0,0,3.218567371368408,0,45,0,0,40,0,1,1,0,0,0
BEN,16026,16,26,1,2,1,1,0,0,0,0,0,1,0,0,0,0,2021,0,0,0,0,0,0,0,0.21984000504016876,2,10,0,0,0,0,1,0,0,0,0
BEN,16037,16,37,1,2,1,1,0,0,0,0,0,0,1,0,0,0,2021,0,0,0,0,0,0,0,5.31997537612915,40,40,0,0,0,0,1,0,0,0,0
BEN,16049,16,49,1,2,0,1,0,1,1,0,0,0,1,0,0,0,2021,0,0,0,0,0,0,0,4.844672322273254,30,40,0,0,40,0,1,1,0,1,0
BEN,16060,16,60,1,4,1,1,0,1,1,0,0,0,0,0,0,0,2021,0,0,0,0,0,0,0,4.756434321403503,1,3,0,0,2,1,1,0,0,0,0
BEN,16072,16,72,1,2,1,1,0,0,0,0,0,0,0,0,0,0,2021,0,0,0,0,0,0,0,7.014647483825684,55,40,0,0,15,0,1,0,0,0,0
BEN,16083,16,83,1,2,1,1,0,0,0,0,0,1,0,0,0,0,2021,0,0,0,0,0,0,0,0.9120340049266815,2,22,0,0,55,1,0,0,0,0,0
BEN,16095,16,95,1,2,1,1,1,1,1,0,0,1,0,0,0,0,2021,0,0,0,0,0,0,1,5.089245080947876,40,30,0,0,30,0,0,0,0,0,0
BEN,16107,16,107,1,2,1,1,0,1,1,0,0,0,0,0,0,0,2021,0,0,0,0,0,0,0,12.459495902061462,4,0,0,0,0,0,1,0,0,0,0
BEN,16118,16,118,1,2,1,0,0,0,0,0,0,1,0,0,0,0,2021,0,0,0,0,0,0,0,0.22071099281311035,210,140,0,0,20,1,0,0,0,0,0
BEN,16130,16,130,1,2,1,1,1,0,0,0,0,0,1,0,1,0,2021,0,0,0,0,0,0,0,0.07501200027763844,50,57,0,0,25,0,1,0,0,0,0
BEN,17007,17,7,2,4,1,1,1,0,0,0,0,1,0,0,0,0,2021,0,0,0,0,0,0,0,7.920000314712524,6,0,0,0,0,0,1,0,0,0,0
BEN,17013,17,13,2,2,1,1,1,0,0,0,0,0,0,0,0,0,2021,0,0,0,0,0,0,0,9.31206899881363,2,4,0,0,0,0,1,0,0,0,0
BEN,17019,17,19,2,2,1,1,1,1,1,0,0,0,0,0,0,0,2021,0,0,0,0,0,0,0,4.716286063194275,0,0,0,0,0,0,1,0,0,0,0
BEN,17030,17,30,2,4,0,1,1,0,0,0,0,1,0,0,0,0,2021,0,0,0,0,0,0,0,3.5799999237060547,0,5,0,0,0,1,1,0,0,0,0
BEN,17036,17,36,2,2,1,1,1,0,0,0,0,0,0,0,0,0,2021,0,0,0,0,0,0,0,5.383682727813721,0,8,0,0,66,0,1,0,0,0,0
BEN,17042,17,42,2,2,1,1,1,0,0,0,0,0,0,0,0,0,2021,0,0,0,0,0,0,0,6.652184009552002,4,7,0,0,25,1,0,0,0,0,0
BEN,17053,17,53,2,4,1,1,1,0,0,0,0,1,0,0,0,0,2021,0,0,0,0,0,0,0,14.139999866485596,3,21,0,0,17,1,1,0,0,0,0
BEN,17059,17,59,2,2,1,1,1,0,0,0,0,0,0,0,0,0,2021,0,0,0,0,0,0,0,3.8925728797912598,0,0,0,0,0,0,0,0,0,0,0
BEN,17064,17,64,2,2,1,1,1,0,0,0,0,0,0,0,0,0,2021,0,0,0,0,0,0,0,8.607881546020508,2,2,0,0,8,1,1,0,0,0,0
BEN,17076,17,76,2,2,1,1,0,0,0,0,0,1,0,0,0,0,2021,0,0,0,0,0,0,0,,0,5,0,0,8,1,0,0,0,0,0
BEN,17081,17,81,2,4,1,1,1,0,0,0,0,0,0,0,0,0,2021,0,0,0,0,0,0,0,9.049999922513962,6,4,0,0,0,1,1,0,0,0,0
BEN,17087,17,87,2,2,1,1,1,0,0,0,0,1,0,0,0,0,2021,0,0,0,0,0,0,0,0.1738080009818077,0,9,0,0,0,0,0,0,0,0,0
BEN,18002,18,2,1,2,1,1,0,0,0,0,0,0,0,0,0,0,2021,0,0,0,0,0,0,0,7.249746084213257,0,0,0,0,10,1,1,1,1,0,0
BEN,18010,18,10,1,2,1,0,0,0,0,0,0,0,0,0,0,0,2021,0,0,0,0,0,0,0,4.759455680847168,0,0,0,0,15,1,0,1,1,0,0
BEN,18017,18,17,1,2,1,1,1,0,0,1,0,0,1,0,0,0,2021,0,0,0,0,0,0,0,1.7777313888072968,75,100,0,0,90,0,1,0,0,1,0
BEN,18024,18,24,1,2,1,1,0,0,0,0,0,1,0,0,0,0,2021,0,0,0,0,0,0,0,0.619138989597559,5,5,0,0,17,1,0,0,0,0,0
BEN,18032,18,32,1,4,1,1,0,0,0,0,0,1,0,0,0,0,2021,0,0,0,0,0,0,0,3.254822254180908,1,0,0,0,0,1,0,0,0,0,0
BEN,18039,18,39,1,2,1,1,1,0,0,0,0,1,0,0,0,0,2021,0,0,0,0,0,0,0,3.3622032403945923,40,31,0,0,0,0,0,0,0,0,0
BEN,18046,18,46,1,1,1,1,1,0,0,0,0,1,0,0,0,0,2021,0,0,0,0,0,0,0,3.4257832765579224,35,43,0,0,75,0,1,1,0,0,0
BEN,18054,18,54,1,2,1,1,1,0,0,0,0,0,1,0,0,0,2021,0,0,0,0,0,0,0,1.7245020512491465,4,4,0,0,10,1,1,1,0,1,0
BEN,18061,18,61,1,2,1,1,1,0,0,0,0,1,1,0,0,0,2021,0,0,0,0,0,0,0,2.7552452087402344,5,10,0,0,5,0,1,1,0,1,0
BEN,18069,18,69,1,2,1,1,1,0,0,0,0,1,1,0,0,0,2021,0,0,0,0,0,1,0,2.9611658602952957,0,13,0,0,0,0,1,0,1,0,0
BEN,18076,18,76,1,2,1,1,1,0,0,0,0,0,1,0,0,0,2021,0,0,0,0,0,0,0,4.860819347202778,2,4,0,0,10,1,1,0,0,1,0
BEN,18083,18,83,1,2,1,0,1,0,0,0,0,0,1,0,0,0,2021,0,0,0,0,0,0,0,2.1661691637709737,4,12,0,0,24,1,1,1,0,1,0
BEN,19018,19,18,1,2,1,1,1,1,0,1,1,0,1,1,0,0,2021,0,0,0,0,0,0,0,4.099416017532349,0,0,0,0,0,0,0,1,0,0,0
BEN,19056,19,56,1,1,1,1,1,1,1,1,1,0,1,1,1,0,2021,0,0,1,0,0,0,0,3.5806100368499756,0,0,0,0,0,0,1,1,1,0,0
BEN,19075,19,75,1,2,1,1,1,0,0,1,1,0,1,1,1,0,2021,0,0,0,0,0,0,0,1.613732933998108,0,0,0,0,0,0,1,1,0,0,0
BEN,19094,19,94,1,1,1,1,1,1,0,1,1,0,1,1,1,1,2021,0,0,0,0,0,0,0,1.646571159362793,0,0,0,0,0,0,1,1,0,0,0
BEN,19113,19,113,1,4,1,1,1,0,0,0,1,0,1,0,0,0,2021,0,0,0,0,0,0,0,,0,0,0,0,0,0,0,0,0,0,0
BEN,19132,19,132,1,1,1,1,1,1,1,0,0,0,0,0,0,0,2021,0,0,0,0,0,0,0,,0,0,0,0,0,1,0,0,0,0,0
BEN,19151,19,151,1,2,1,1,1,1,1,0,1,0,1,0,1,0,2021,1,0,1,0,0,1,0,,0,0,0,0,61,0,0,0,1,0,0
BEN,19170,19,170,1,2,1,1,1,1,1,1,1,0,1,0,0,0,2021,0,0,0,0,0,0,0,,0,2,0,0,0,0,0,0,0,0,0
BEN,19189,19,189,1,1,1,1,1,1,1,1,1,0,0,0,0,0,2021,0,0,0,0,0,0,0,0.24097199738025665,0,21,0,0,0,1,1,1,0,0,0
BEN,19208,19,208,1,2,1,1,1,0,0,0,0,1,0,0,0,0,2021,0,0,0,0,0,0,0,,0,0,0,0,0,1,0,0,0,0,0
BEN,19264,19,264,1,1,1,1,1,1,1,1,1,0,0,0,0,0,2021,1,0,0,1,0,0,0,1.5197640359401703,60,112,0,0,415,1,0,0,0,0,0
BEN,19283,19,283,1,2,1,1,1,0,0,0,0,1,0,0,0,0,2021,0,0,0,0,0,0,0,0.10146799683570862,0,4,0,0,7,1,1,0,0,0,0
BEN,20026,20,26,2,3,1,1,1,1,1,1,1,0,0,0,1,0,2021,1,0,0,1,0,1,0,2.527515172958374,0,0,0,0,0,0,1,0,0,0,0
BEN,20092,20,92,2,2,1,1,1,0,0,1,1,0,0,0,0,0,2021,0,0,0,0,0,0,0,,0,0,0,0,0,0,0,0,0,0,0
BEN,20102,20,102,2,1,1,1,1,1,1,1,1,0,0,0,0,0,2021,0,0,0,0,0,1,0,,0,0,0,0,0,1,0,0,0,0,0
BEN,20138,20,138,2,4,1,1,1,1,1,0,1,0,0,1,1,0,2021,1,0,0,0,0,1,0,,0,15,0,0,0,1,0,0,1,1,0
BEN,20144,20,144,2,2,1,1,1,0,0,0,0,1,0,0,0,0,2021,0,0,0,0,0,0,0,1.6284726858139038,0,0,0,0,0,1,1,0,0,0,0
BEN,20164,20,164,2,2,1,1,1,1,0,1,1,0,1,0,0,1,2021,0,0,0,0,0,0,0,,0,0,0,0,0,0,0,0,0,0,0
BEN,20185,20,185,2,2,1,1,1,1,1,1,1,0,0,0,0,0,2021,1,1,0,0,0,1,0,1.4101333618164062,0,10,0,0,20,0,0,0,0,0,0
BEN,20226,20,226,2,2,1,1,1,1,1,1,1,0,0,1,1,0,2021,0,0,0,0,0,0,0,8.369999766349792,0,4,0,0,0,1,0,0,1,0,0
BEN,20247,20,247,2,2,1,1,1,1,1,1,1,0,1,0,0,0,2021,1,1,0,0,0,1,0,1.6217273473739624,0,0,0,0,0,0,0,0,0,0,0
BEN,20267,20,267,2,2,1,1,1,1,1,1,1,0,1,0,1,0,2021,0,0,0,0,0,0,0,,0,0,0,0,0,0,0,0,0,0,0
BEN,20309,20,309,2,4,1,1,1,1,1,0,1,0,1,1,1,0,2021,1,0,0,0,0,0,1,,0,11,0,0,0,1,0,0,1,0,0
BEN,20329,20,329,2,4,1,1,1,1,1,0,1,0,0,1,1,0,2021,1,0,0,1,0,1,0,3.200000047683716,0,4,0,0,0,1,0,0,0,0,0
BEN,21004,21,4,1,2,1,1,1,1,1,0,0,0,1,0,0,0,2021,0,0,0,0,0,0,0,4.6993694342672825,12,17,0,0,21,0,0,1,0,0,0
BEN,21006,21,6,1,2,1,1,1,0,1,0,0,0,1,0,0,0,2021,0,0,0,0,0,0,0,4.840091340243816,0,0,0,0,0,0,1,1,0,0,0
BEN,21013,21,13,1,2,1,1,1,1,1,0,0,0,1,0,0,0,2021,0,0,0,0,0,0,0,3.3384628295898438,8,22,0,0,32,1,1,1,0,0,0
BEN,21023,21,23,1,2,1,1,1,1,1,0,0,1,0,0,0,0,2021,0,0,0,0,0,0,0,3.2000000029802322,10,30,0,0,30,0,0,1,1,0,0
BEN,21041,21,41,1,2,1,1,1,1,1,0,0,0,1,0,0,0,2021,0,0,0,0,0,0,0,5.105562090873718,2,15,0,0,46,1,1,1,1,1,0
BEN,21042,21,42,1,2,1,1,1,0,0,0,0,0,1,0,0,0,2021,0,0,0,0,0,0,0,2.0140000581741333,0,0,0,0,0,0,0,1,1,0,0
BEN,21051,21,51,1,2,1,1,1,0,1,0,0,0,1,0,0,0,2021,0,0,0,0,0,0,0,7.526520729064941,15,32,0,0,40,0,1,1,0,0,0
BEN,21078,21,78,1,2,1,1,1,1,1,0,0,1,0,0,0,0,2021,0,0,0,0,0,0,0,5.1221994161605835,0,0,0,0,0,1,1,0,0,0,0
BEN,21088,21,88,1,2,1,1,1,1,1,0,0,0,1,0,0,0,2021,0,0,0,0,0,0,0,5.4143595695495605,0,28,0,0,16,1,1,1,0,0,0
BEN,21097,21,97,1,1,1,1,1,1,1,0,0,1,1,0,0,0,2021,0,0,0,0,0,0,0,0.19400900229811668,10,10,0,0,10,1,0,0,0,0,0
BEN,21106,21,106,1,2,1,1,1,1,1,0,0,1,1,0,0,0,2021,0,0,0,0,0,0,0,0.1904360018670559,4,6,0,0,40,1,1,0,0,0,0
BEN,21114,21,114,1,2,1,1,1,1,1,0,0,1,1,0,0,0,2021,0,0,0,0,0,0,0,0.14314699918031693,0,0,0,0,0,1,0,0,0,0,0
BEN,22003,22,3,2,2,1,1,0,1,1,0,0,1,0,0,0,0,2021,1,0,0,0,0,1,0,4.055981636047363,6,15,0,0,0,1,0,0,0,0,0
BEN,22011,22,11,2,2,0,1,0,1,1,0,0,0,0,0,0,0,2021,0,0,0,0,0,0,0,4.877269744873047,2,3,0,0,0,0,0,0,0,0,0
BEN,22027,22,27,2,2,1,1,1,1,1,0,0,0,0,0,0,0,2021,0,0,0,0,0,0,0,3.977128028869629,3,7,0,0,0,0,0,0,0,0,0
BEN,22035,22,35,2,4,1,1,1,1,1,0,0,1,0,0,0,0,2021,0,0,0,0,0,0,0,11.200000286102295,5,11,0,0,13,1,1,0,1,0,0
BEN,22043,22,43,2,4,1,1,1,1,1,0,0,0,0,0,0,0,2021,0,0,0,0,0,0,0,8.160000085830688,4,6,0,0,11,1,1,0,1,0,0
BEN,22059,22,59,2,4,1,1,1,1,1,0,0,0,0,0,0,0,2021,0,0,0,0,0,0,0,6.949999809265137,4,11,0,0,0,1,1,0,0,0,0
BEN,22067,22,67,2,4,1,1,1,1,1,0,0,0,0,0,0,0,2021,0,0,0,0,0,0,0,7.990000128746033,4,13,0,0,0,1,0,0,0,0,0
BEN,22075,22,75,2,2,1,1,1,1,1,0,0,0,0,0,0,0,2021,0,0,0,0,0,0,0,4.901354670524597,0,3,0,0,8,0,1,0,0,0,0
BEN,22091,22,91,2,2,1,1,1,1,1,0,0,0,0,0,0,0,2021,0,0,0,0,0,0,0,4.993621826171875,0,0,0,0,0,0,1,0,0,0,0
BEN,22099,22,99,2,2,1,1,1,1,1,0,0,1,0,0,0,0,2021,0,0,0,0,0,0,0,3.1731503009796143,0,5,0,0,8,0,1,0,0,0,0
BEN,22107,22,107,2,2,1,1,1,0,0,0,0,1,0,0,0,0,2021,0,0,0,0,0,0,0,7.573695421218872,6,12,0,0,12,0,1,0,0,0,0
BEN,22123,22,123,2,2,1,1,1,1,1,0,0,0,0,0,0,0,2021,0,0,0,0,0,0,0,9.38609904050827,4,6,0,0,10,1,0,0,0,0,0
BEN,23006,23,6,1,2,1,1,1,0,0,0,0,0,1,0,0,0,2021,0,0,0,0,0,0,0,0.09514700248837471,6,12,0,0,0,0,1,1,0,0,0
BEN,23013,23,13,1,2,1,1,1,0,0,0,0,0,1,0,0,0,2021,0,0,0,0,0,0,0,5.360077619552612,0,0,0,0,0,1,1,1,0,0,0
BEN,23021,23,21,1,2,1,1,1,0,0,0,0,0,1,0,0,0,2021,0,0,0,0,0,0,0,0.17500000074505806,4,12,0,0,0,0,1,1,0,0,0
BEN,23029,23,29,1,2,1,1,1,0,0,0,0,0,1,0,0,0,2021,0,0,0,0,0,0,0,7.268709182739258,0,0,0,0,0,0,1,1,0,0,0
BEN,23036,23,36,1,2,1,1,1,1,0,0,0,1,0,0,0,0,2021,0,0,0,0,0,0,0,11.357905149459839,4,2,0,0,30,0,1,1,1,0,0
BEN,23044,23,44,1,2,1,1,1,0,0,0,0,0,0,0,0,0,2021,0,0,0,0,0,0,0,3.2764720916748047,5,0,0,0,26,0,1,0,0,0,0
BEN,23051,23,51,1,2,0,1,1,0,0,0,0,1,1,0,0,0,2021,0,0,0,0,0,0,0,4.033175945281982,0,0,0,0,10,1,1,0,0,0,0
BEN,23059,23,59,1,2,0,1,1,0,0,0,0,0,0,0,0,0,2021,0,0,0,0,0,0,0,6.83877694606781,20,9,0,0,0,0,1,0,0,0,0
BEN,23066,23,66,1,2,1,1,1,1,1,0,0,1,0,0,0,0,2021,0,0,0,0,0,0,0,6.525039434432983,8,11,0,0,0,1,0,0,0,0,0
BEN,23074,23,74,1,2,1,1,1,1,1,0,0,1,0,0,0,0,2021,0,0,0,0,0,0,0,4.903243064880371,2,2,0,0,5,0,1,0,0,0,0
BEN,23082,23,82,1,2,1,1,1,1,1,0,0,1,0,0,0,0,2021,0,0,0,0,0,0,0,4.867548823356628,4,8,0,0,31,0,1,0,0,0,0
BEN,23089,23,89,1,2,1,1,1,1,1,0,0,1,0,0,0,0,2021,0,0,0,0,0,0,0,5.0518152713775635,15,5,0,0,5,0,1,0,0,0,0
BEN,24007,24,7,2,2,1,1,1,1,1,1,1,0,0,0,0,0,2021,0,0,0,0,0,0,0,3.468946099281311,0,0,0,0,0,1,1,0,0,0,0
BEN,24017,24,17,2,4,1,1,1,1,1,0,1,0,0,0,1,0,2021,0,0,0,0,0,0,0,9.700000047683716,2,8,0,0,0,1,0,0,1,0,0
BEN,24037,24,37,2,2,1,1,1,0,0,0,0,1,0,0,0,0,2021,0,0,0,0,0,0,0,3.290426254272461,0,0,0,0,0,0,1,0,0,0,0
BEN,24046,24,46,2,2,1,1,1,1,1,0,0,1,0,0,0,0,2021,0,0,0,0,0,0,0,4.988063454627991,2,6,0,0,25,0,1,0,0,0,0
BEN,24056,24,56,2,2,1,1,1,0,0,0,0,0,0,0,0,0,2021,0,0,0,0,0,0,0,11.155524015426636,2,13,0,0,60,0,1,0,0,0,0
BEN,24075,24,75,2,4,1,1,1,1,1,0,1,0,0,0,0,0,2021,0,0,0,0,0,0,0,7.840000152587891,2,10,0,0,0,1,0,0,1,0,0
BEN,24085,24,85,2,2,1,1,1,0,0,0,0,0,0,0,0,0,2021,0,0,0,0,0,0,0,6.631951212882996,30,40,0,0,63,1,0,0,0,0,0
BEN,24095,24,95,2,4,1,1,1,1,1,0,0,1,0,0,1,0,2021,0,0,0,0,0,0,0,3.3084107637405396,3,5,0,0,7,1,0,0,1,0,0
BEN,24114,24,114,2,2,0,1,0,0,0,0,0,0,0,0,0,0,2021,0,0,0,0,0,0,0,4.652614235877991,0,2,0,0,0,0,0,0,0,0,0
BEN,24124,24,124,2,4,1,1,1,1,1,0,0,1,0,0,1,0,2021,0,0,0,0,0,0,0,5.016533374786377,5,10,0,0,0,1,1,0,0,0,0
BEN,24133,24,133,2,2,0,1,0,0,0,0,0,0,0,0,0,0,2021,0,0,0,0,0,0,0,5.162354946136475,2,0,0,0,0,0,0,0,0,0,0
BEN,24153,24,153,2,2,1,1,1,1,1,0,0,1,0,0,0,0,2021,0,0,0,0,0,0,0,8.235325336456299,8,10,0,0,65,0,1,0,0,0,0
BEN,25008,25,8,1,2,0,1,0,0,0,0,0,1,0,0,0,0,2021,0,0,0,0,0,0,0,,0,21,0,0,10,0,0,1,0,0,0
BEN,25016,25,16,1,2,0,1,0,0,0,0,0,1,0,1,1,0,2021,0,0,0,0,0,0,0,2.5,0,9,0,0,0,0,1,0,0,0,0
BEN,25023,25,23,1,2,0,1,1,0,0,0,0,1,0,0,0,0,2021,1,0,0,0,0,1,0,1.25,0,0,0,0,0,0,1,1,0,0,0
BEN,25031,25,31,1,2,0,1,0,0,0,0,0,0,0,0,0,0,2021,0,0,0,0,0,0,0,4.25,3,1,0,0,0,1,1,0,0,0,0
BEN,25039,25,39,1,2,0,1,0,0,0,0,0,1,0,0,0,0,2021,0,0,0,0,0,0,0,8.549999952316284,5,6,0,0,10,0,1,1,0,0,0
BEN,25047,25,47,1,2,0,1,0,0,0,0,0,1,0,0,0,0,2021,0,0,0,0,0,0,0,0.75,0,2,0,0,50,0,1,1,0,0,0
BEN,25055,25,55,1,2,0,1,0,1,0,0,0,1,0,0,0,0,2021,0,0,0,0,0,0,0,3.30000002682209,2,4,0,0,6,0,1,1,0,0,0
BEN,25063,25,63,1,2,0,1,0,0,0,0,0,1,0,0,0,0,2021,0,0,0,0,0,0,0,0.4000000059604645,0,3,0,0,5,0,1,0,0,0,0
BEN,25070,25,70,1,4,0,1,0,1,1,0,0,1,0,0,0,0,2021,0,0,0,0,0,0,0,7.430000066757202,0,0,0,0,0,0,1,0,0,0,0
BEN,25078,25,78,1,2,0,1,0,1,1,0,0,1,0,0,0,0,2021,0,0,0,0,0,0,0,7.590000152587891,2,0,0,0,15,0,1,0,0,0,0
BEN,25086,25,86,1,2,0,1,0,1,1,0,0,1,0,0,0,0,2021,0,0,0,0,0,0,0,3.21999990940094,0,4,0,0,11,1,1,0,0,0,0
BEN,25094,25,94,1,4,0,1,0,1,1,0,0,1,0,0,0,0,2021,0,0,0,0,0,0,0,4.350000023841858,4,3,0,0,9,1,1,0,0,0,0
BEN,26005,26,5,2,2,0,0,0,0,0,0,0,0,0,0,0,0,2021,0,0,0,0,0,0,0,0.056352000683546066,40,14,0,0,15,1,0,0,0,0,0
BEN,26015,26,15,2,2,0,0,0,0,0,0,0,0,0,0,0,0,2021,0,0,0,0,0,0,0,0.1896660029888153,20,15,0,0,15,0,1,1,0,0,0
BEN,26020,26,20,2,2,0,0,0,0,1,0,0,0,0,0,0,0,2021,0,0,0,0,0,0,0,0.39434900879859924,12,18,0,0,24,0,1,0,0,0,0
BEN,26025,26,25,2,2,0,0,0,0,0,0,0,0,0,0,0,0,2021,0,0,0,0,0,0,0,,39,38,0,0,12,0,0,0,0,0,0
BEN,26036,26,36,2,2,0,0,0,0,0,0,0,0,0,0,0,0,2021,0,0,0,0,0,0,0,0.23068499565124512,20,14,0,0,25,1,1,0,0,0,0
BEN,26041,26,41,2,2,0,0,0,0,0,0,0,0,0,0,0,0,2021,0,0,0,0,0,0,0,0.4641999900341034,10,10,0,0,19,0,1,0,0,0,0
BEN,26046,26,46,2,2,0,0,0,0,0,0,0,0,0,0,0,0,2021,0,0,0,0,0,0,0,1.111199975013733,10,10,0,0,28,1,0,0,0,0,0
BEN,26056,26,56,2,4,0,0,0,0,0,0,0,0,0,0,0,0,2021,0,0,0,0,0,0,0,2.8399999141693115,11,8,0,0,9,0,1,0,0,0,0
BEN,26061,26,61,2,2,0,0,0,0,0,0,0,0,0,0,0,0,2021,0,0,0,0,0,0,0,,44,20,0,0,16,0,0,0,0,0,0
BEN,26066,26,66,2,4,0,0,0,0,0,0,0,0,0,0,0,0,2021,0,0,0,0,0,0,0,3.9600000381469727,17,23,0,0,7,1,0,0,0,0,0
BEN,26076,26,76,2,4,0,0,0,0,0,0,0,0,0,0,0,0,2021,0,0,0,0,0,0,0,2.1600000858306885,11,9,0,0,6,0,0,0,0,1,0
BEN,26081,26,81,2,4,0,0,0,0,0,0,0,0,0,0,0,0,2021,0,0,0,0,0,0,0,1.6399999856948853,23,17,0,0,0,1,1,0,0,0,0
BEN,27005,27,5,1,2,0,0,0,0,0,0,0,1,0,0,0,0,2021,0,0,0,0,0,0,0,1.5,5,0,0,0,25,0,1,1,0,0,0
BEN,27012,27,12,1,2,0,1,0,1,1,0,0,0,0,0,0,0,2021,0,0,0,0,0,0,0,3.5,5,0,0,0,15,0,1,1,0,0,0
BEN,27019,27,19,1,2,0,1,0,1,1,0,0,0,0,0,0,0,2021,0,0,0,0,0,0,0,2.75,0,3,0,0,20,0,1,0,0,0,0
BEN,27026,27,26,1,2,1,1,1,0,0,0,0,1,0,0,0,0,2021,0,0,0,0,0,0,0,8.0,151,135,0,0,175,0,1,0,0,0,0
BEN,27033,27,33,1,2,0,0,0,0,0,0,0,1,0,0,0,0,2021,0,0,0,0,0,0,0,6.199999809265137,2,2,0,0,6,0,1,0,0,0,0
BEN,27040,27,40,1,2,0,0,0,1,1,0,0,1,0,0,0,0,2021,0,0,0,0,0,0,0,3.5,2,8,0,0,12,0,1,0,0,0,0
BEN,27047,27,47,1,2,0,0,0,1,1,0,0,1,0,0,0,0,2021,0,0,0,0,0,0,0,3.450000047683716,2,4,0,0,15,0,1,0,0,0,0
BEN,27054,27,54,1,2,0,0,0,0,0,0,0,1,0,0,0,0,2021,0,0,0,0,0,0,0,4.4999998807907104,2,5,0,0,10,0,1,0,1,1,0
BEN,27061,27,61,1,2,0,0,0,0,0,0,0,1,0,0,0,0,2021,0,0,0,0,0,0,0,2.590000033378601,2,8,0,0,13,0,1,0,0,1,0
BEN,27069,27,69,1,4,0,0,0,0,0,0,0,1,0,0,0,0,2021,0,0,0,0,0,0,0,1.5800000429153442,3,0,0,0,19,0,1,0,0,0,0
BEN,27076,27,76,1,2,0,1,0,0,0,0,0,1,0,0,0,0,2021,0,0,0,0,0,0,0,1.7899999618530273,151,158,0,0,63,0,1,0,1,0,0
BEN,27083,27,83,1,2,0,0,0,0,0,0,0,0,0,0,0,0,2021,0,0,0,0,0,0,0,4.210000157356262,3,0,0,0,22,0,1,0,0,0,0
BEN,28005,28,5,2,4,0,1,0,1,1,0,0,0,0,0,0,0,2021,0,0,0,0,0,0,0,7.0629847049713135,0,0,0,0,0,0,1,1,0,0,0
BEN,28012,28,12,2,2,1,0,0,1,1,0,0,0,0,0,0,0,2021,0,0,0,0,0,0,0,1.4229650273919106,5,12,0,0,12,0,1,0,0,0,0
BEN,28027,28,27,2,4,0,0,0,1,1,0,0,0,0,0,0,0,2021,0,0,0,0,0,0,0,1.649999976158142,5,10,0,0,9,0,1,1,0,0,0
BEN,28034,28,34,2,4,0,1,0,1,1,0,0,0,0,0,0,0,2021,0,0,0,0,0,0,0,0.8599999845027924,7,11,0,0,15,0,1,1,0,0,0
BEN,28041,28,41,2,2,0,0,0,0,0,0,0,0,0,0,0,0,2021,0,0,0,0,0,0,0,1.9400000125169754,3,6,0,0,20,0,1,0,0,0,0
BEN,28056,28,56,2,2,0,0,0,1,1,0,0,0,0,0,0,0,2021,0,0,0,0,0,0,0,5.290596961975098,2,0,0,0,0,1,1,0,0,0,0
BEN,28063,28,63,2,2,1,0,0,1,1,0,0,0,0,0,0,0,2021,0,0,0,0,0,0,0,0.19025999307632446,2,2,0,0,0,0,0,0,0,0,0
BEN,28070,28,70,2,2,1,0,0,1,1,0,0,0,0,0,0,0,2021,0,0,0,0,0,0,0,0.10681100189685822,0,2,0,0,0,1,0,0,0,0,0
BEN,28085,28,85,2,2,1,0,0,0,0,0,0,0,0,0,0,0,2021,0,0,0,0,0,0,0,4.24202036857605,4,0,0,0,0,0,1,0,0,0,0
BEN,28092,28,92,2,4,1,1,0,1,1,0,0,0,0,0,0,0,2021,0,0,0,0,0,0,0,1.8344080857932568,0,0,0,0,0,1,1,0,0,0,0
BEN,28099,28,99,2,2,1,0,0,0,0,0,0,0,0,0,0,0,2021,0,0,0,0,0,0,0,6.778429985046387,2,2,0,0,0,0,1,0,0,0,0
BEN,28114,28,114,2,2,1,0,0,1,1,0,0,0,0,0,0,0,2021,0,0,0,0,0,0,0,0.23042099922895432,2,4,0,0,0,1,1,0,0,0,0
BEN,29005,29,5,1,2,0,1,0,0,0,0,0,0,0,0,0,0,2021,0,0,0,0,0,0,0,4.5,0,0,0,0,0,0,1,1,0,1,0
BEN,29011,29,11,1,2,0,1,1,0,0,0,0,0,0,0,0,0,2021,0,0,0,0,0,0,0,7.75,4,9,0,0,15,0,0,0,0,0,0
BEN,29017,29,17,1,2,0,1,1,1,1,0,0,1,1,0,0,0,2021,0,0,0,0,0,0,0,6.299999952316284,0,0,0,0,0,0,0,1,0,0,0
BEN,29024,29,24,1,4,1,1,1,1,0,0,0,1,0,0,0,0,2021,0,0,0,0,0,0,0,,0,0,0,0,0,1,0,1,1,0,0
BEN,29030,29,30,1,2,0,1,0,1,0,0,0,1,0,0,0,0,2021,0,0,0,0,0,0,0,0.20163899660110474,0,18,0,0,31,1,1,1,1,1,0
BEN,29036,29,36,1,4,0,1,0,0,0,0,0,1,0,0,0,0,2021,0,0,0,0,0,0,0,2.0,3,0,0,0,0,0,1,1,0,0,0
BEN,29042,29,42,1,4,0,1,1,0,0,0,0,1,0,0,0,0,2021,0,0,0,0,0,0,0,3.75,0,6,0,0,8,1,1,1,0,0,0
BEN,29049,29,49,1,2,0,1,0,0,0,0,0,1,0,0,0,0,2021,0,0,0,0,0,0,0,3.0,0,5,0,0,4,0,1,1,0,0,0
BEN,29055,29,55,1,4,0,1,1,0,0,0,0,1,0,0,0,0,2021,0,0,0,0,0,0,0,1.5800000429153442,2,4,0,0,7,0,1,0,0,1,0
BEN,29061,29,61,1,4,0,1,1,0,0,0,0,0,0,0,0,0,2021,0,0,0,0,0,0,0,3.3299999237060547,3,0,0,0,9,0,1,0,0,0,0
BEN,29067,29,67,1,4,0,1,0,0,0,0,0,0,0,0,0,0,2021,0,0,0,0,0,0,0,4.350000083446503,2,2,0,0,0,0,1,1,0,1,0
BEN,29102,29,102,1,1,1,1,1,0,0,0,0,0,0,0,0,0,2021,0,0,0,0,0,0,0,5.950000047683716,3,2,0,0,0,1,0,0,0,0,0
BEN,30007,30,7,2,2,0,1,1,0,0,0,0,0,0,0,0,0,2021,0,0,0,0,0,0,0,1.4209203720092773,2,10,0,0,0,1,1,0,0,1,0
BEN,30017,30,17,2,2,1,1,1,0,0,1,1,0,0,0,0,0,2021,1,0,0,0,0,1,0,4.729670763015747,5,0,0,0,0,0,0,0,0,0,0
BEN,30036,30,36,2,4,0,1,0,0,0,0,0,0,0,0,0,0,2021,0,0,0,0,0,0,0,0.5057470202445984,0,0,0,0,0,0,0,0,0,0,0
BEN,30046,30,46,2,2,0,1,0,0,0,0,0,0,0,0,0,0,2021,0,0,0,0,0,0,0,,0,0,0,0,0,0,0,0,0,0,0
BEN,30066,30,66,2,4,1,1,1,1,1,1,1,0,0,0,0,0,2021,0,0,0,0,0,0,0,4.229999899864197,0,0,0,0,0,1,0,0,0,0,0
BEN,30074,30,74,2,2,1,1,1,0,0,0,0,1,0,0,0,0,2021,0,0,0,0,0,0,0,0.45825500041246414,2,0,0,0,0,0,1,0,0,0,0
BEN,30084,30,84,2,4,1,1,1,0,0,0,0,1,0,1,0,0,2021,0,0,0,0,0,0,0,3.3399999141693115,4,0,0,0,0,1,0,0,0,0,0
BEN,30093,30,93,2,2,1,1,1,1,1,1,1,0,0,0,1,0,2021,1,0,0,0,0,1,0,,0,0,0,0,0,1,0,0,0,0,0
BEN,30112,30,112,2,2,1,1,0,1,0,0,0,0,0,0,0,0,2021,0,0,0,0,0,0,0,3.53723406791687,0,0,0,0,0,0,0,0,0,0,0
BEN,30122,30,122,2,2,1,1,1,0,0,0,0,1,0,0,0,0,2021,0,0,0,0,0,0,0,0.6157089881598949,2,9,0,0,10,1,1,0,0,0,0
BEN,30132,30,132,2,1,1,1,1,1,1,1,1,0,0,0,1,0,2021,0,0,0,0,0,0,0,7.71999990940094,14,2,0,0,10,1,0,0,1,0,0
BEN,30151,30,151,2,4,1,1,1,1,1,0,0,1,0,0,0,0,2021,0,0,0,0,0,0,0,5.639999866485596,5,0,0,0,11,1,1,0,0,0,0
BEN,31001,31,1,1,2,0,0,0,0,0,0,0,0,0,0,0,0,2021,0,0,0,0,0,0,0,2.0,33,10,0,0,15,0,1,0,0,0,0
BEN,31011,31,11,1,2,0,0,0,0,0,0,0,0,0,0,0,0,2021,0,0,0,0,0,0,0,2.0,0,0,0,0,20,1,0,0,0,0,0
BEN,31022,31,22,1,2,0,0,0,0,0,0,0,0,0,0,0,0,2021,0,0,0,0,0,0,0,6.25,10,9,0,0,35,0,1,0,0,0,0
BEN,31032,31,32,1,2,0,0,0,0,0,0,0,0,0,0,0,0,2021,0,0,0,0,0,0,0,3.5,5,1,0,0,16,0,1,0,0,0,0
BEN,31042,31,42,1,2,0,0,0,1,1,0,0,1,0,0,0,0,2021,0,0,0,0,0,0,0,4.050000011920929,2,6,0,0,11,0,1,1,0,0,0
BEN,31053,31,53,1,2,0,0,0,1,1,0,0,1,0,0,0,0,2021,0,0,0,0,0,0,0,6.25,4,18,0,0,22,0,1,1,0,0,0
BEN,31063,31,63,1,2,0,0,0,1,1,0,0,1,0,0,0,0,2021,0,0,0,0,0,0,0,5.0,2,8,0,0,20,0,1,1,0,0,0
BEN,31073,31,73,1,2,0,0,0,1,1,0,0,1,0,0,0,0,2021,0,0,0,0,0,0,0,4.299999952316284,2,20,0,0,35,0,1,1,0,0,0
BEN,31084,31,84,1,4,0,0,0,0,0,0,0,0,0,0,0,0,2021,0,0,0,0,0,0,0,3.209999918937683,3,0,0,0,7,1,1,0,0,1,0
BEN,31094,31,94,1,2,0,0,0,0,0,0,0,0,0,0,0,0,2021,0,0,0,0,0,0,0,1.0399999618530273,25,9,0,0,13,0,1,0,1,0,0
BEN,31104,31,104,1,2,0,0,0,0,0,0,0,0,0,0,0,0,2021,0,0,0,0,0,0,0,1.6299999952316284,43,33,0,0,44,0,0,0,1,1,0
BEN,31115,31,115,1,4,0,1,0,1,1,0,0,1,0,0,0,0,2021,0,0,0,0,0,0,0,1.6200000047683716,3,9,0,0,11,0,1,0,1,1,0
BEN,32001,32,1,2,2,1,1,0,1,1,0,0,0,0,0,0,0,2021,0,0,0,0,0,0,0,3.1378571838140488,0,0,0,0,0,1,1,0,0,0,0
BEN,32026,32,26,2,2,1,1,0,1,1,0,1,0,0,0,0,0,2021,1,0,0,0,0,0,0,3.3065779209136963,6,9,0,0,0,1,1,0,0,0,0
BEN,32038,32,38,2,2,1,1,0,1,1,0,0,0,0,0,0,0,2021,0,0,0,0,0,0,1,9.140270113945007,1,0,0,0,0,0,1,0,0,0,0
BEN,32050,32,50,2,4,0,1,1,0,0,0,0,0,1,0,0,0,2021,0,0,0,0,0,0,0,2.740000009536743,0,0,0,0,0,1,0,0,0,0,0
BEN,32074,32,74,2,2,1,1,0,1,1,0,0,0,0,0,0,0,2021,0,0,0,0,0,0,0,7.551453232765198,0,5,0,0,4,0,1,0,0,0,0
BEN,32086,32,86,2,2,1,1,0,0,0,0,0,1,0,0,0,0,2021,0,0,0,0,0,0,0,0.22467000782489777,3,0,0,0,5,0,0,0,0,0,0
BEN,32098,32,98,2,4,0,1,1,1,1,0,0,0,0,0,0,0,2021,0,0,0,0,0,0,0,,0,4,0,0,0,1,0,0,0,0,1
BEN,32123,32,123,2,4,1,1,1,1,1,0,0,0,0,0,0,0,2021,0,0,0,0,0,0,0,2.75,6,9,0,0,0,1,0,0,0,0,0
BEN,32135,32,135,2,2,1,1,0,0,0,0,0,1,0,0,0,0,2021,0,0,0,0,0,0,0,0.02568499930202961,0,5,0,0,7,0,0,0,0,0,0
BEN,32147,32,147,2,2,1,1,0,1,1,0,0,0,0,0,0,0,2021,0,0,0,0,0,0,0,1.51059091091156,0,0,0,0,0,1,0,0,0,0,0
BEN,32171,32,171,2,2,0,1,1,1,1,0,0,0,0,0,0,0,2021,0,0,0,0,0,0,0,2.7789999917149544,10,0,0,0,0,1,1,0,0,0,0
BEN,32183,32,183,2,2,1,1,0,1,1,0,0,1,0,0,0,0,2021,0,0,0,0,0,0,0,0.10210800170898438,0,0,0,0,0,0,0,0,0,0,0
BEN,33004,33,4,1,2,0,1,0,0,0,0,0,1,0,0,0,0,2021,0,0,0,0,0,0,0,3.5771844387054443,3,0,0,0,20,0,1,1,0,0,0
BEN,33019,33,19,1,2,0,1,0,0,0,0,0,1,0,0,0,0,2021,0,0,0,0,0,0,0,90.57250405102968,0,0,0,0,0,1,1,0,1,0,0
BEN,33034,33,34,1,2,0,0,0,0,0,0,0,1,0,0,0,0,2021,0,0,0,0,0,0,0,3.7529276609420776,2,2,0,0,2,1,1,1,0,0,0
BEN,33049,33,49,1,2,0,1,0,0,0,0,0,1,0,0,0,0,2021,0,0,0,0,0,0,0,0.09461099654436111,0,0,0,0,0,1,1,1,0,0,0
BEN,33065,33,65,1,2,0,0,0,0,0,0,0,0,1,0,0,0,2021,0,0,0,0,0,0,0,5.454740047454834,0,0,0,0,30,0,1,1,0,0,0
BEN,33080,33,80,1,2,0,1,1,0,0,0,0,1,1,0,0,0,2021,0,0,0,0,0,0,0,4.899999976158142,4,8,0,0,10,0,1,1,0,0,0
BEN,33095,33,95,1,2,0,0,1,0,0,0,0,0,1,0,0,0,2021,0,0,0,0,0,0,0,0.7889999896287918,1,0,0,0,0,1,1,1,0,0,0
BEN,33110,33,110,1,2,0,1,1,0,0,0,0,0,1,0,0,0,2021,0,0,0,0,0,0,0,11.699999809265137,8,4,0,0,15,0,1,1,0,0,0
BEN,33126,33,126,1,2,0,1,0,1,1,0,0,0,0,0,0,0,2021,0,0,0,0,0,0,0,4.274561882019043,0,0,0,0,0,0,1,1,1,1,0
BEN,33141,33,141,1,2,0,0,0,1,0,0,0,0,0,0,0,0,2021,0,0,0,0,0,0,0,4.676285266876221,0,0,0,0,0,0,1,0,1,1,0
BEN,33156,33,156,1,2,0,1,0,0,0,0,0,0,0,0,0,0,2021,0,0,0,0,0,0,0,0.48458800464868546,0,0,0,0,0,1,0,0,0,0,0
BEN,33171,33,171,1,2,1,0,0,0,0,0,0,0,0,0,0,0,2021,0,0,0,0,0,0,0,0.19990800321102142,2,5,0,0,0,1,1,1,0,1,0
BEN,34059,34,59,2,4,1,1,1,0,0,0,0,1,0,0,0,0,2021,0,0,0,0,0,0,0,,0,0,0,0,0,1,0,0,0,0,0
BEN,34061,34,61,2,1,1,1,1,0,0,0,0,1,0,0,0,0,2021,0,0,0,0,0,0,0,1.6692066192626953,0,0,0,0,0,1,1,0,0,0,0
BEN,34082,34,82,2,1,1,1,1,0,0,1,1,0,0,0,0,0,2021,1,0,0,0,0,1,0,,0,2,0,0,7,0,1,0,0,0,0
BEN,34083,34,83,2,4,1,1,0,0,0,0,0,0,0,0,0,0,2021,0,0,0,0,0,0,0,,0,0,0,0,0,0,0,0,0,0,0
BEN,34096,34,96,2,3,1,1,1,1,1,1,1,0,0,0,1,0,2021,1,0,0,0,0,1,0,,0,0,0,0,42,0,0,0,0,0,0
BEN,34103,34,103,2,4,1,1,1,0,0,0,0,1,0,0,1,0,2021,0,0,0,0,0,0,0,,0,0,0,0,0,1,0,0,0,0,0
BEN,34122,34,122,2,1,1,1,1,0,0,0,0,0,0,0,0,0,2021,0,0,0,0,0,0,0,,0,3,0,0,5,1,1,0,0,0,0
BEN,34135,34,135,2,4,1,1,1,1,1,0,1,0,1,0,1,0,2021,0,0,0,0,0,0,0,,0,0,0,0,0,1,0,0,0,0,0
BEN,34136,34,136,2,4,1,1,1,0,0,0,0,1,1,0,0,0,2021,0,0,0,0,0,0,0,,0,0,0,0,5,1,0,0,0,0,0
BEN,34175,34,175,2,4,1,1,0,1,1,0,0,0,0,0,0,0,2021,0,0,0,0,0,0,0,2.6984689831733704,2,3,0,0,0,1,1,0,0,0,0
BEN,34188,34,188,2,4,1,1,0,0,0,0,0,0,0,1,0,0,2021,0,0,0,0,0,0,0,,0,0,0,0,0,0,1,0,1,0,0
BEN,34201,34,201,2,3,1,1,1,0,0,0,0,1,0,0,1,0,2021,0,0,0,0,0,0,0,,0,0,0,0,0,1,0,0,0,0,0
BEN,35010,35,10,1,4,1,1,1,1,1,0,0,0,1,0,0,0,2021,0,0,0,0,0,0,0,1.52932870388031,4,0,0,0,0,0,1,1,0,0,0
BEN,35030,35,30,1,2,0,1,0,0,0,0,0,0,1,0,0,0,2021,0,0,0,0,0,0,0,1.280000001192093,0,0,0,0,0,0,1,1,0,0,0
BEN,35050,35,50,1,2,1,1,1,1,1,1,1,0,0,0,0,0,2021,0,0,0,0,0,0,0,0.010869000107049942,0,0,0,0,0,0,1,1,0,1,0
BEN,35069,35,69,1,2,1,1,1,0,0,0,0,0,1,0,0,0,2021,0,0,0,0,0,0,0,0.011107999831438065,0,4,0,0,0,0,1,1,0,0,0
BEN,35089,35,89,1,2,0,1,1,1,1,0,0,0,1,0,0,0,2021,0,0,0,0,0,0,0,1.7056013345718384,2,0,0,0,0,0,1,1,0,0,0
BEN,35109,35,109,1,4,0,0,0,0,0,0,0,0,1,0,0,0,2021,0,0,0,0,0,0,0,,0,0,0,0,0,0,0,1,0,0,0
BEN,35128,35,128,1,4,1,1,0,0,0,0,0,0,1,0,0,0,2021,0,0,0,0,0,0,0,,0,1,0,0,0,0,0,1,0,0,0
BEN,35148,35,148,1,2,1,1,0,0,1,0,0,0,0,0,0,0,2021,0,0,0,0,0,0,0,0.011048000305891037,0,0,0,0,0,1,1,1,0,1,0
BEN,35167,35,167,1,4,1,1,1,1,1,1,1,0,1,0,0,0,2021,0,0,0,0,0,0,0,1.2000000476837158,0,0,0,0,0,1,1,1,0,0,0
BEN,35187,35,187,1,2,0,1,0,1,0,0,0,0,0,0,1,0,2021,0,0,0,0,0,0,0,0.018806999549269676,0,0,0,0,0,1,0,1,0,0,0
BEN,35207,35,207,1,2,0,1,0,0,0,0,0,0,0,0,0,0,2021,0,0,0,0,0,0,0,0.018806999549269676,0,0,0,0,0,1,1,0,0,0,0
BEN,35226,35,226,1,3,1,1,1,1,1,0,1,0,1,1,0,0,2021,0,0,0,0,0,0,0,0.007770000025629997,0,0,0,0,0,0,0,1,0,0,0
BEN,36035,36,35,2,2,1,0,0,1,1,0,0,0,0,0,0,0,2021,0,0,0,0,0,0,0,6.729285955429077,1,6,0,0,4,1,1,0,0,0,0
BEN,36053,36,53,2,4,0,1,0,1,1,0,0,1,0,0,0,0,2021,0,0,0,0,0,0,0,4.379999995231628,5,3,0,0,13,1,1,0,0,0,0
BEN,36071,36,71,2,2,1,1,0,1,1,0,0,0,0,0,0,0,2021,0,0,0,0,0,0,0,0.9993689954280853,1,0,0,0,0,1,1,0,0,0,0
BEN,36107,36,107,2,2,0,0,0,1,1,0,0,1,0,0,0,0,2021,0,0,0,0,0,0,0,8.580000042915344,2,4,0,0,34,1,0,0,0,0,0
BEN,36125,36,125,2,2,1,1,0,1,1,0,0,0,0,0,0,0,2021,0,0,0,0,0,0,0,6.348458766937256,4,0,0,0,0,0,1,0,0,0,0
BEN,36143,36,143,2,2,1,0,0,1,1,0,0,1,0,0,0,0,2021,0,0,0,0,0,0,0,0.19392799586057663,0,3,0,0,0,1,0,0,0,0,0
BEN,36179,36,179,2,2,1,1,0,1,1,0,0,0,0,0,0,0,2021,0,0,0,0,0,0,0,,0,0,0,0,0,1,0,0,0,0,0
BEN,36196,36,196,2,4,1,1,1,1,1,0,0,1,0,0,0,0,2021,0,0,0,0,0,0,0,5.0899999141693115,2,0,0,0,4,1,1,0,0,0,0
BEN,36214,36,214,2,4,0,1,0,1,1,0,0,1,0,0,0,0,2021,0,0,0,0,0,0,0,4.079999923706055,3,3,0,0,7,1,1,0,0,0,0
BEN,36250,36,250,2,2,1,0,0,1,1,0,0,1,0,0,0,0,2021,0,0,0,0,0,0,0,0.4068879932165146,6,0,0,0,0,1,0,0,0,0,0
BEN,36268,36,268,2,2,1,1,0,1,1,0,0,1,0,0,0,0,2021,0,0,0,0,0,0,0,1.095512993633747,2,5,0,0,6,0,0,0,0,0,0
BEN,36286,36,286,2,2,1,1,1,1,1,0,0,1,0,0,0,0,2021,0,0,0,0,0,0,0,2.792621985077858,7,11,0,0,0,1,1,0,0,0,0
BEN,37004,37,4,1,2,1,1,1,1,1,0,0,1,0,0,0,0,2021,0,0,0,0,0,0,0,0.19804199784994125,0,0,0,0,8,1,0,0,0,0,0
BEN,37009,37,9,1,2,1,1,0,0,0,0,0,0,0,0,0,0,2021,0,0,0,0,0,0,0,9.037584900856018,0,0,0,0,15,0,1,1,0,0,0
BEN,37015,37,15,1,2,1,1,0,0,0,0,0,0,0,0,0,0,2021,0,0,0,0,0,0,0,7.987616419792175,4,10,0,0,0,0,1,0,0,0,0
BEN,37021,37,21,1,2,1,0,0,0,0,0,0,1,0,0,0,0,2021,0,0,0,0,0,0,0,0.23825400322675705,40,0,0,0,0,0,0,0,0,0,0
BEN,37027,37,27,1,2,1,1,1,0,0,0,0,0,1,0,0,0,2021,0,0,0,0,0,0,0,,0,13,0,0,10,0,0,1,0,0,0
BEN,37033,37,33,1,2,1,1,1,1,1,0,0,1,0,0,0,0,2021,0,0,0,0,0,0,0,0.09654000028967857,0,5,0,0,0,1,0,0,0,0,0
BEN,37039,37,39,1,2,1,1,1,0,0,0,0,0,1,0,0,0,2021,0,0,0,0,0,0,0,2.143422231078148,0,24,0,0,55,0,1,1,0,0,0
BEN,37045,37,45,1,2,1,1,1,1,1,0,0,0,1,0,0,0,2021,0,0,0,0,0,0,0,10.641029834747314,10,35,0,0,25,0,1,1,0,0,0
BEN,37051,37,51,1,2,1,1,0,0,0,0,0,0,0,0,0,0,2021,0,0,0,0,0,0,0,8.69991821050644,0,15,0,0,0,0,1,0,0,0,0
BEN,37062,37,62,1,2,1,1,1,0,0,0,0,0,1,0,0,0,2021,0,0,0,0,0,0,0,7.963013291358948,0,5,0,0,20,0,1,1,0,1,0
BEN,37068,37,68,1,2,1,1,1,1,1,0,0,1,0,0,0,0,2021,0,0,0,0,0,0,0,0.14430300146341324,2,3,0,0,6,1,0,0,0,0,0
BEN,37074,37,74,1,2,1,1,1,0,0,0,0,1,0,0,0,0,2021,0,0,0,0,0,0,0,9.083469033241272,10,0,0,0,0,1,1,1,0,0,0
BEN,38003,38,3,2,2,1,0,0,0,0,0,0,0,0,0,0,0,2021,0,0,0,0,0,0,0,3.179334878921509,4,0,0,0,0,0,0,0,0,0,0
BEN,38011,38,11,2,2,0,0,0,0,0,0,0,0,0,0,0,0,2021,0,0,0,0,0,0,0,3.341670513153076,4,4,0,0,0,0,0,0,0,0,0
BEN,38020,38,20,2,4,0,1,0,0,0,0,0,0,0,0,0,0,2021,0,0,0,0,0,0,0,1.059999942779541,6,13,0,0,36,1,0,0,0,1,0
BEN,38038,38,38,2,2,0,0,0,0,0,0,0,0,0,0,0,0,2021,0,0,0,0,0,0,0,1.8700000643730164,23,14,0,0,31,1,1,0,0,1,0
BEN,38047,38,47,2,4,0,1,1,0,0,0,0,1,0,0,0,0,2021,0,0,0,0,0,0,0,1.6300000250339508,16,23,0,0,19,1,0,1,0,1,0
BEN,38055,38,55,2,2,1,1,1,0,0,0,0,1,0,0,0,0,2021,0,0,0,0,0,0,0,2.759999990463257,12,17,0,0,21,1,1,0,0,1,0
BEN,38073,38,73,2,2,0,0,0,0,0,0,0,0,0,0,0,0,2021,0,0,0,0,0,0,0,,150,50,0,0,12,0,0,0,0,0,0
BEN,38082,38,82,2,2,1,0,0,0,0,0,0,0,0,0,0,0,2021,0,0,0,0,0,0,0,0.05216500163078308,0,16,0,0,12,1,1,0,0,1,0
BEN,38091,38,91,2,2,1,0,0,1,1,0,0,0,0,0,0,0,2021,0,0,0,0,0,0,0,3.1215386390686035,80,45,0,0,30,0,1,0,0,1,0
BEN,38108,38,108,2,2,1,0,0,0,0,0,0,0,0,0,0,0,2021,0,0,0,0,0,0,0,0.030330000445246696,12,11,0,0,13,0,1,0,0,1,0
BEN,38117,38,117,2,2,1,0,0,0,0,0,0,0,0,0,0,0,2021,0,0,0,0,0,0,0,0.11245600134134293,12,9,0,0,16,1,1,0,0,0,0
BEN,38126,38,126,2,2,0,0,0,0,0,0,0,0,0,0,0,0,2021,0,0,0,0,0,0,0,3.5791401863098145,40,19,0,0,11,0,0,0,0,0,0
BEN,39001,39,1,2,2,0,1,0,1,1,0,0,0,0,0,0,0,2021,0,0,0,0,0,0,0,3.644984483718872,6,5,0,0,0,0,1,0,0,0,0
BEN,39020,39,20,2,2,0,1,1,0,0,0,0,0,0,0,0,0,2021,0,0,0,0,0,0,0,4.696069955825806,0,0,0,0,0,0,1,0,0,0,0
BEN,39030,39,30,2,2,0,1,1,1,1,0,0,0,0,0,0,0,2021,0,0,0,0,0,0,0,5.550963282585144,0,0,0,0,0,0,0,0,0,0,0
BEN,39040,39,40,2,4,1,1,1,0,0,0,0,0,0,0,0,0,2021,0,0,0,0,0,0,0,2.099999964237213,0,5,0,0,0,1,1,0,0,0,0
BEN,39059,39,59,2,2,1,1,1,0,0,0,1,0,0,0,0,0,2021,0,0,0,0,0,0,0,0.47363201528787613,0,0,0,0,4,1,1,0,0,0,0
BEN,39078,39,78,2,2,1,1,1,1,1,0,0,1,0,0,0,0,2021,1,0,0,0,0,0,0,0.264614999294281,0,3,0,0,1,1,1,0,0,0,0
BEN,39098,39,98,2,2,1,1,1,1,1,1,1,0,0,0,0,0,2021,1,0,0,0,0,0,0,0.3780819848179817,2,26,0,0,6,1,1,0,1,0,0
BEN,39107,39,107,2,2,0,1,1,1,1,0,0,0,0,0,0,0,2021,0,0,0,0,0,0,0,5.0110182762146,15,22,0,0,12,0,0,0,0,0,0
BEN,39117,39,117,2,2,1,1,1,0,0,0,0,1,0,0,0,0,2021,0,0,0,0,0,0,0,8.449999928474426,21,0,0,0,0,1,1,0,0,0,0
BEN,39127,39,127,2,2,1,1,0,0,0,0,0,0,0,0,0,0,2021,0,0,0,0,0,0,0,0.27670300006866455,10,24,0,0,15,1,1,0,0,0,0
BEN,39136,39,136,2,3,1,1,1,0,0,0,0,0,0,0,0,0,2021,0,0,0,0,0,0,0,,0,0,0,0,0,1,0,0,0,1,0
BEN,39146,39,146,2,3,1,1,1,1,1,0,1,0,0,1,1,0,2021,1,0,0,1,1,1,0,,0,0,0,0,0,1,0,1,1,0,0
BEN,40001,40,1,1,2,1,1,1,0,0,0,0,1,0,0,0,0,2021,0,0,0,0,0,0,0,0.11927299946546555,7,0,0,0,37,0,0,0,0,0,0
BEN,40010,40,10,1,2,1,1,1,0,0,0,0,1,0,0,0,0,2021,0,0,0,0,0,0,0,2.418700322508812,0,0,0,0,0,1,0,0,0,0,0
BEN,40018,40,18,1,2,1,1,0,0,0,0,0,1,0,0,0,0,2021,0,0,0,0,0,0,0,2.1910275742411613,0,0,0,0,28,0,1,0,0,0,0
BEN,40027,40,27,1,2,1,1,0,0,0,0,0,1,0,0,0,0,2021,0,0,0,0,0,0,0,1.9479663148522377,0,0,0,0,20,1,0,0,0,0,0
BEN,40036,40,36,1,2,1,1,1,1,0,0,0,0,1,0,0,0,2021,0,0,0,0,0,0,0,8.20515763759613,6,16,0,0,15,0,1,1,0,0,0
BEN,40044,40,44,1,2,1,1,1,1,1,0,0,0,0,0,0,0,2021,0,0,0,0,0,0,0,3.759118467569351,10,55,0,0,10,0,1,1,0,0,0
BEN,40053,40,53,1,2,1,1,0,0,1,0,0,0,1,0,1,0,2021,0,0,0,0,0,0,0,6.115110158920288,0,4,0,0,6,0,1,1,0,0,0
BEN,40062,40,62,1,2,1,1,1,0,0,0,0,0,1,0,0,0,2021,0,0,0,0,0,0,0,2.454806387424469,4,16,0,0,37,0,1,1,0,0,0
BEN,40088,40,88,1,4,1,1,1,0,0,0,0,0,0,0,0,0,2021,0,0,0,0,0,0,0,5.252426743507385,0,0,0,0,0,0,1,0,0,0,0
BEN,40096,40,96,1,2,1,1,1,0,0,0,0,0,0,0,0,0,2021,0,0,0,0,0,0,0,6.341404438018799,6,3,0,0,7,1,1,0,0,0,0
BEN,40104,40,104,1,4,1,1,1,0,0,0,0,0,0,0,0,0,2021,0,0,0,0,0,0,0,1.8105249404907227,2,0,0,0,7,0,1,0,0,0,0
BEN,40111,40,111,1,4,1,1,1,1,1,0,0,1,0,1,1,1,2021,1,0,0,0,0,1,0,,0,0,0,0,0,0,0,0,0,0,0
BEN,41011,41,11,2,2,1,1,1,1,1,0,0,1,0,0,0,0,2021,0,0,0,0,0,0,0,2.0099999755620956,0,15,0,0,28,0,0,0,0,0,0
BEN,41024,41,24,2,2,1,1,1,1,1,0,0,0,0,0,0,0,2021,0,0,0,0,0,0,0,2.5700000524520874,0,6,0,0,12,0,0,0,0,0,0
BEN,41048,41,48,2,2,1,1,1,1,1,0,0,0,0,0,0,0,2021,0,0,0,0,0,0,0,5.510000079870224,0,7,0,0,13,0,0,0,0,0,0
BEN,41061,41,61,2,2,1,1,1,1,1,0,0,0,0,0,0,0,2021,0,0,0,0,0,0,0,5.919999957084656,6,12,0,0,17,0,0,0,0,0,0
BEN,41073,41,73,2,2,1,1,1,1,1,0,0,1,0,0,0,0,2021,0,0,0,0,0,0,0,1.520000010728836,0,3,7,0,19,0,1,0,0,0,0
BEN,41098,41,98,2,2,1,1,0,1,1,0,0,0,0,0,0,0,2021,0,0,0,0,0,0,0,0.23999999463558197,0,5,0,0,18,0,0,0,0,0,0
BEN,41110,41,110,2,2,0,1,1,1,1,0,0,1,0,0,0,0,2021,0,0,0,0,0,0,0,2.4925100207328796,0,0,8,0,17,0,0,0,0,0,0
BEN,41123,41,123,2,2,0,1,1,1,1,0,0,1,0,0,0,0,2021,0,0,0,0,0,0,0,2.508799970149994,0,9,0,0,37,0,1,1,0,0,0
BEN,41147,41,147,2,2,1,1,1,1,1,0,0,1,0,0,0,0,2021,0,0,0,0,0,0,0,4.359999924898148,8,19,16,0,50,0,0,0,0,0,0
BEN,41160,41,160,2,2,1,1,0,1,1,0,0,0,0,0,0,0,2021,0,0,0,0,0,0,0,1.4699999690055847,7,17,0,0,6,0,0,0,0,0,0
BEN,41172,41,172,2,2,0,1,1,1,1,0,0,1,0,0,0,0,2021,0,0,0,0,0,0,0,5.42061984539032,0,11,10,0,14,0,0,1,0,0,0
BEN,41197,41,197,2,2,0,1,1,1,1,0,0,1,0,0,0,0,2021,0,0,0,0,0,0,0,2.668220043182373,0,0,13,0,20,0,0,1,0,0,0
BEN,42009,42,9,1,1,1,1,1,1,1,1,1,0,0,0,0,0,2021,1,0,0,0,1,1,0,24.50014877319336,0,0,0,0,0,0,0,0,0,0,0
BEN,42019,42,19,1,1,1,1,1,0,0,1,1,0,0,0,1,0,2021,0,0,0,0,0,0,0,,0,0,0,0,36,0,0,0,0,0,0
BEN,42050,42,50,1,2,1,1,1,1,1,0,0,0,0,0,0,0,2021,0,0,0,0,0,0,0,1.0799999833106995,0,0,0,0,39,1,1,0,0,0,0
BEN,42060,42,60,1,3,1,1,1,1,1,1,1,0,0,0,0,0,2021,0,0,0,0,0,0,0,,0,0,0,0,0,0,0,0,0,0,0
BEN,42080,42,80,1,1,1,1,1,1,1,0,0,0,0,0,0,0,2021,0,0,0,0,0,0,0,2.0039050579071045,0,0,0,0,0,0,0,1,0,0,0
BEN,42090,42,90,1,2,1,1,1,1,1,1,1,0,0,1,1,1,2021,0,0,0,1,0,0,0,0.6200000047683716,0,0,0,0,7,0,0,0,0,0,0
BEN,42100,42,100,1,2,1,1,1,1,1,0,0,0,0,0,0,0,2021,0,0,0,0,0,0,0,0.46000000834465027,0,0,0,0,51,0,1,0,0,0,0
BEN,42111,42,111,1,2,1,1,1,1,1,1,1,0,0,1,0,0,2021,1,0,0,0,0,1,0,,0,33,0,0,0,0,0,0,0,0,0
BEN,42121,42,121,1,3,1,1,1,1,1,1,1,0,1,0,0,0,2021,0,0,0,0,0,0,0,,0,0,0,0,0,0,0,0,0,0,0
BEN,42131,42,131,1,3,1,1,1,0,0,0,1,0,0,0,1,1,2021,1,1,0,0,0,0,0,,0,0,0,0,0,0,0,0,0,0,0
BEN,42700,42,700,1,1,1,1,1,1,1,1,1,0,0,1,1,1,2021,1,0,0,0,1,1,0,,0,0,0,0,0,0,0,0,1,0,0
BEN,42701,42,701,1,3,1,1,1,1,1,1,1,0,1,0,0,0,2021,0,0,0,0,0,0,0,,0,0,0,0,0,0,0,0,0,0,0
BEN,43003,43,3,1,2,1,0,0,0,0,0,0,0,0,0,0,0,2021,0,0,0,0,0,0,0,0.25,0,0,0,0,0,0,0,0,0,0,0
BEN,43009,43,9,1,2,1,1,1,1,1,0,0,1,0,0,0,0,2021,0,0,0,0,0,0,0,1.5162676572799683,0,6,0,0,22,0,0,0,0,0,0
BEN,43015,43,15,1,2,0,1,1,0,0,0,0,1,0,0,0,0,2021,0,0,0,0,0,0,0,2.339399993419647,0,3,4,0,21,1,0,0,0,0,0
BEN,43021,43,21,1,2,0,1,1,0,0,0,0,1,0,0,0,0,2021,0,0,0,0,0,0,0,1.7608399987220764,0,10,2,0,15,1,0,0,0,0,0
BEN,43028,43,28,1,2,0,1,1,1,1,0,0,0,0,0,0,0,2021,0,0,0,0,0,0,0,0.7251099944114685,0,7,3,0,23,0,0,0,0,0,0
BEN,43034,43,34,1,2,1,1,0,1,1,0,0,0,0,0,0,0,2021,0,0,0,0,0,0,0,1.4500000476837158,0,0,0,0,15,0,0,0,0,0,0
BEN,43040,43,40,1,2,1,1,0,1,1,0,0,0,0,0,0,0,2021,0,0,0,0,0,0,0,2.509999990463257,0,5,0,0,12,0,0,0,0,0,0
BEN,43046,43,46,1,2,1,1,0,1,1,0,0,0,0,0,0,0,2021,0,0,0,0,0,0,0,1.4999999701976776,0,2,0,0,28,0,0,0,0,0,0
BEN,43053,43,53,1,2,1,0,0,1,1,0,0,0,0,0,0,0,2021,0,0,0,0,0,0,0,1.5200000405311584,0,0,0,0,7,0,0,0,0,0,0
BEN,43059,43,59,1,2,1,1,0,1,1,0,0,0,0,0,0,0,2021,0,0,0,0,0,0,0,1.1799999475479126,0,6,4,0,8,0,0,0,0,0,0
BEN,43065,43,65,1,2,1,1,0,1,1,0,0,0,0,0,0,0,2021,0,0,0,0,0,0,0,2.4600000381469727,0,7,2,0,24,1,0,0,0,0,0
BEN,43071,43,71,1,2,1,1,0,0,0,0,0,0,0,0,0,0,2021,0,0,0,0,0,0,0,0.23999999463558197,0,0,0,0,18,0,0,0,0,0,0
BEN,44013,44,13,2,2,1,1,1,1,1,0,0,1,0,0,0,0,2021,0,0,0,0,0,0,0,2.9905199706554413,0,0,13,0,19,0,1,0,0,0,0
BEN,44016,44,16,2,2,0,1,1,1,1,0,0,0,0,0,0,0,2021,0,0,0,0,0,0,0,2.828979939222336,0,0,0,0,35,1,0,1,0,0,0
BEN,44027,44,27,2,2,0,1,1,1,1,0,0,1,0,0,0,0,2021,0,0,0,0,0,0,0,2.580980032682419,0,5,0,0,25,1,0,0,0,0,0
BEN,44038,44,38,2,2,1,1,0,0,0,0,0,0,0,0,0,0,2021,0,0,0,0,0,0,0,2.6999999284744263,0,11,18,0,28,1,0,0,0,0,0
BEN,44060,44,60,2,2,1,0,0,1,1,0,0,0,0,0,0,0,2021,0,0,0,0,0,0,0,2.279999926686287,0,9,6,0,22,1,0,0,0,0,0
BEN,44072,44,72,2,2,1,1,1,1,1,0,0,0,0,0,0,0,2021,0,0,0,0,0,0,0,2.280000001192093,0,3,0,0,8,0,0,0,0,0,0
BEN,44083,44,83,2,2,1,1,1,1,1,0,0,0,0,0,0,0,2021,0,0,0,0,0,0,0,4.920000076293945,4,8,3,0,23,0,0,0,0,0,0
BEN,44105,44,105,2,2,1,1,1,0,0,0,0,1,0,0,0,0,2021,0,0,0,0,0,0,0,1.710099995136261,0,0,0,0,28,0,0,1,0,0,0
BEN,44116,44,116,2,2,1,1,0,0,0,0,0,0,0,0,0,0,2021,0,0,0,0,0,0,0,1.4399999678134918,0,5,0,0,8,0,0,0,0,0,0
BEN,44127,44,127,2,2,1,1,1,0,0,0,0,1,0,1,1,0,2021,0,0,0,0,0,0,0,1.540000006556511,0,25,0,0,45,0,0,0,0,0,0
BEN,44161,44,161,2,2,1,1,1,0,0,0,0,0,0,0,0,0,2021,0,0,0,0,0,0,0,2.3299999982118607,0,4,3,0,11,0,0,0,0,0,0
BEN,44172,44,172,2,2,1,1,1,0,0,0,0,1,0,0,0,0,2021,0,0,0,0,0,0,0,2.5000000596046448,0,10,3,0,12,0,0,0,0,0,0
BEN,45002,45,2,1,2,1,1,0,1,1,0,0,0,0,0,0,0,2021,0,0,0,0,0,0,0,2.0999999046325684,0,18,6,0,15,0,0,0,0,0,0
BEN,45012,45,12,1,2,0,1,1,0,0,0,0,1,0,0,0,0,2021,0,0,0,0,0,0,0,1.1535399854183197,0,0,6,0,20,0,0,0,0,0,0
BEN,45021,45,21,1,2,1,1,0,0,0,0,0,1,0,0,0,0,2021,0,0,0,0,0,0,0,2.5,0,8,2,0,17,0,0,0,0,0,0
BEN,45031,45,31,1,2,1,1,0,0,0,0,0,1,0,0,0,0,2021,0,0,0,0,0,0,0,0.6499999761581421,2,25,0,0,28,0,0,0,0,0,0
BEN,45040,45,40,1,2,1,1,0,1,1,0,0,0,0,0,0,0,2021,0,0,0,0,0,0,0,0.75,0,0,3,0,12,0,0,0,0,0,0
BEN,45050,45,50,1,2,1,1,0,0,0,0,0,0,0,0,0,0,2021,0,0,0,0,0,0,0,0.6700000166893005,0,4,0,0,20,0,0,0,0,0,0
BEN,45059,45,59,1,2,0,0,0,1,0,0,0,0,0,0,0,0,2021,0,0,0,0,0,0,0,2.485909938812256,0,0,0,0,10,0,0,0,0,0,0
BEN,45069,45,69,1,2,1,1,0,0,0,0,0,0,0,0,0,0,2021,0,0,0,0,0,0,0,1.2000000476837158,0,0,6,0,12,0,0,0,0,0,0
BEN,45078,45,78,1,2,1,1,0,0,0,0,0,0,0,0,0,0,2021,0,0,0,0,0,0,0,1.8200000524520874,0,48,3,0,67,0,0,0,0,0,0
BEN,45088,45,88,1,2,1,1,1,0,0,0,0,0,0,0,0,0,2021,0,0,0,0,0,0,0,0.6200000047683716,0,0,2,0,6,0,0,0,0,0,0
BEN,45097,45,97,1,2,0,1,0,1,1,0,0,0,0,0,0,0,2021,0,0,0,0,0,0,0,1.8281599879264832,0,8,6,0,21,0,0,0,0,0,0
BEN,45107,45,107,1,2,0,1,1,0,0,0,0,1,0,0,0,0,2021,0,0,0,0,0,0,0,3.542537748813629,0,10,0,0,17,1,0,0,0,0,0
BEN,46008,46,8,2,2,0,1,1,1,1,0,0,1,0,0,0,0,2021,0,0,0,0,0,0,0,3.1884900331497192,0,12,0,0,33,0,1,0,0,0,0
BEN,46015,46,15,2,2,1,1,1,1,1,0,0,0,0,0,0,0,2021,0,0,0,0,0,0,0,2.400000050663948,0,5,0,0,26,0,0,0,0,0,0
BEN,46022,46,22,2,2,1,1,1,1,1,0,0,0,0,0,0,0,2021,0,0,0,0,0,0,0,3.879999876022339,0,6,0,0,35,0,0,0,0,0,0
BEN,46035,46,35,2,2,1,1,1,1,1,0,0,0,0,0,0,0,2021,0,0,0,0,0,0,0,3.1000000834465027,0,12,3,0,18,0,0,0,0,0,0
BEN,46042,46,42,2,2,1,1,1,1,1,0,0,0,0,0,0,0,2021,0,0,0,0,0,0,0,4.029999926686287,2,16,3,0,14,0,0,0,0,0,0
BEN,46049,46,49,2,2,1,1,1,1,1,0,0,1,1,0,0,0,2021,0,0,0,0,0,0,0,4.210000038146973,7,23,0,0,136,0,0,0,0,0,0
BEN,46062,46,62,2,1,1,1,1,1,1,0,0,1,1,0,0,0,2021,0,0,0,0,0,0,0,4.309999942779541,12,36,6,0,63,0,1,0,0,0,0
BEN,46069,46,69,2,2,0,1,1,1,1,0,0,1,0,0,0,0,2021,0,0,0,0,0,0,0,3.42875999212265,0,10,0,0,31,0,1,1,0,0,0
BEN,46076,46,76,2,2,0,1,1,1,1,0,0,1,0,0,0,0,2021,0,0,0,0,0,0,0,3.6120699644088745,0,9,0,0,57,0,0,0,0,0,0
BEN,46089,46,89,2,2,1,1,1,1,1,0,0,0,0,0,0,0,2021,0,0,0,0,0,0,0,0.3799999952316284,7,12,0,0,8,0,0,0,0,0,0
BEN,46096,46,96,2,2,1,1,1,1,1,0,0,1,0,0,0,0,2021,0,0,0,0,0,0,0,5.380000069737434,9,12,0,0,5,0,0,0,0,0,0
BEN,46103,46,103,2,2,0,1,1,1,1,0,0,1,0,0,0,0,2021,0,0,0,0,0,0,0,3.2750799655914307,0,7,0,0,36,0,0,1,0,0,0
BEN,47011,47,11,2,2,0,1,1,1,0,0,0,1,0,0,0,0,2021,0,0,0,0,0,0,0,2.4552199840545654,0,0,0,0,29,0,1,1,0,0,0
BEN,47033,47,33,2,2,0,1,0,1,1,0,0,1,0,0,0,0,2021,0,0,0,0,0,0,0,5.625889956951141,0,0,8,0,26,0,1,1,0,0,0
BEN,47044,47,44,2,2,0,1,1,1,1,0,0,1,0,0,0,0,2021,0,0,0,0,0,0,0,3.1836600303649902,0,0,5,0,30,0,0,0,0,0,0
BEN,47056,47,56,2,2,0,1,1,1,1,0,0,1,0,0,0,0,2021,0,0,0,0,0,0,0,2.5621699690818787,0,0,8,0,17,0,0,0,0,0,0
BEN,47078,47,78,2,2,1,1,0,1,1,0,0,0,0,0,0,0,2021,0,0,0,0,0,0,0,1.4500000476837158,0,12,0,0,18,0,0,0,0,0,0
BEN,47089,47,89,2,2,1,1,0,1,1,0,0,0,0,0,0,0,2021,0,0,0,0,0,0,0,2.600000023841858,0,20,7,0,9,0,0,1,0,0,0
BEN,47100,47,100,2,2,1,1,0,1,1,0,0,0,0,0,0,0,2021,0,0,0,0,0,0,0,0.9700000286102295,0,5,0,0,5,0,0,0,0,0,0
BEN,47122,47,122,2,2,1,1,0,1,1,0,0,0,0,0,0,0,2021,0,0,0,0,0,0,0,,0,0,0,0,0,0,0,0,0,0,0
BEN,47133,47,133,2,2,1,1,1,1,1,0,0,0,0,0,0,0,2021,0,0,0,0,0,0,0,2.4700000286102295,0,0,0,0,8,0,1,0,0,0,0
BEN,47145,47,145,2,2,1,1,1,1,1,0,0,0,0,0,0,0,2021,0,0,0,0,0,0,0,1.9799999594688416,0,5,0,0,9,0,1,1,0,0,0
BEN,47167,47,167,2,2,1,1,0,1,1,0,0,0,0,0,0,0,2021,0,0,0,0,0,0,0,1.850000023841858,0,5,0,0,17,0,0,0,0,0,0
BEN,47178,47,178,2,2,1,1,1,1,1,0,0,1,0,0,0,0,2021,0,0,0,0,0,0,0,3.069999933242798,0,8,3,0,12,0,0,0,0,0,0
BEN,48006,48,6,1,1,1,1,0,1,0,0,0,0,0,0,0,0,2021,0,0,0,0,0,0,0,0.75,0,1,0,0,15,0,0,0,0,0,0
BEN,48013,48,13,1,2,1,1,1,0,0,0,0,1,0,0,0,0,2021,0,0,0,0,0,0,0,3.5,0,0,0,0,35,1,0,1,0,0,0
BEN,48019,48,19,1,2,1,1,0,0,0,0,0,1,0,0,0,0,2021,0,0,0,0,0,0,0,10.525000095367432,4,3,0,0,100,0,0,1,0,0,0
BEN,48025,48,25,1,3,1,1,0,1,1,0,1,0,0,0,0,1,2021,0,0,0,0,0,0,0,0.5,0,0,0,0,0,0,0,0,0,0,0
BEN,48031,48,31,1,2,1,1,1,0,1,0,0,1,0,0,0,0,2021,0,0,0,0,0,0,0,4.75,0,16,0,0,12,0,1,1,0,0,0
BEN,48038,48,38,1,2,1,1,1,1,1,1,1,0,0,0,0,0,2021,1,0,0,0,0,0,0,0.11485400050878525,0,17,0,0,0,0,0,0,1,0,0
BEN,48044,48,44,1,2,1,1,1,1,1,0,0,1,0,0,0,0,2021,0,0,0,0,0,1,0,,0,0,0,0,2,0,0,0,0,0,0
BEN,48050,48,50,1,2,1,1,0,1,1,0,0,0,0,0,0,0,2021,0,0,0,0,0,0,0,0.08199900016188622,0,0,0,0,30,1,0,0,0,0,0
BEN,48056,48,56,1,2,1,1,1,1,1,1,0,1,0,0,0,0,2021,1,0,0,0,0,1,0,21.0,12,61,0,0,63,0,0,1,0,0,0
BEN,48063,48,63,1,2,1,1,0,0,0,0,0,1,0,0,0,0,2021,0,0,0,0,0,0,0,5.0,0,1,0,0,15,0,0,0,0,0,0
BEN,48069,48,69,1,2,1,1,1,1,1,0,0,1,0,0,0,0,2021,0,0,0,0,0,0,0,4.5,1,10,5,0,0,0,0,1,1,0,0
BEN,48075,48,75,1,1,1,1,0,1,1,0,0,0,0,0,0,0,2021,0,0,0,0,0,0,0,5.25,1,0,0,0,10,0,0,0,0,0,0
BEN,49004,49,4,2,2,0,1,1,0,0,0,0,0,0,0,0,0,2021,0,0,0,0,0,0,0,2.0324899554252625,0,0,0,0,23,0,0,0,0,0,0
BEN,49014,49,14,2,2,1,1,1,1,1,0,0,1,0,0,0,0,2021,0,0,0,0,0,0,0,3.040000021457672,0,4,0,0,15,0,0,0,0,0,0
BEN,49034,49,34,2,2,0,1,1,1,1,0,0,1,0,0,0,0,2021,0,0,0,0,0,0,0,3.5354600846767426,0,0,0,0,31,0,1,1,0,0,0
BEN,49044,49,44,2,2,1,1,0,1,1,0,0,0,0,0,0,0,2021,0,0,0,0,0,0,0,1.309999942779541,0,7,0,0,12,0,0,1,0,0,0
BEN,49054,49,54,2,2,0,1,1,0,0,0,0,1,0,0,0,0,2021,0,0,0,0,0,0,0,2.6127499639987946,0,6,0,0,20,0,1,0,0,0,0
BEN,49075,49,75,2,2,1,1,0,0,0,0,0,0,0,0,0,0,2021,0,0,0,0,0,0,0,1.5000000596046448,0,0,0,0,12,0,0,1,0,0,0
BEN,49085,49,85,2,2,1,1,0,0,0,0,0,0,0,0,0,0,2021,0,0,0,0,0,0,0,4.5,0,3,5,0,8,0,0,0,1,0,0
BEN,49095,49,95,2,2,1,1,1,1,0,0,0,0,0,0,0,0,2021,0,0,0,0,0,0,0,1.7300000190734863,0,5,0,0,12,1,0,0,0,0,0
BEN,49115,49,115,2,2,1,1,1,0,0,0,0,0,0,0,0,0,2021,0,0,0,0,0,0,0,4.96999990940094,0,6,0,0,14,1,0,0,0,0,0
BEN,49125,49,125,2,2,1,1,1,1,1,0,0,0,0,0,0,0,2021,0,0,0,0,0,0,0,2.4200000762939453,0,0,0,0,18,0,0,0,0,0,0
BEN,49135,49,135,2,2,0,1,1,1,0,0,0,1,0,0,0,0,2021,0,0,0,0,0,0,0,2.5576599836349487,0,0,10,0,26,0,0,0,0,0,0
BEN,49156,49,156,2,2,1,1,0,1,1,0,0,0,0,0,0,0,2021,0,0,0,0,0,0,0,4.0899999141693115,0,6,0,0,8,1,0,0,0,0,0
BEN,50004,50,4,1,2,1,1,0,1,1,0,0,0,0,0,0,0,2021,0,0,0,0,0,0,0,3.0,0,0,1,0,8,1,0,1,0,0,0
BEN,50013,50,13,1,2,1,1,0,1,1,0,0,0,0,0,0,0,2021,0,0,0,0,0,0,0,0.07307100016623735,1,0,0,0,9,1,0,0,1,0,0
BEN,50021,50,21,1,1,1,1,0,1,1,0,0,0,0,0,0,0,2021,0,0,0,0,0,0,0,0.05138100124895573,0,0,0,0,81,0,1,1,0,0,0
BEN,50030,50,30,1,2,1,1,1,1,1,0,0,1,0,0,0,0,2021,0,0,0,0,0,0,0,3.4989999532699585,0,0,0,0,0,0,1,1,0,0,0
BEN,50039,50,39,1,2,0,1,1,1,1,0,0,0,0,0,0,0,2021,0,0,0,0,0,0,0,3.0,0,4,3,0,12,0,0,1,0,0,0
BEN,50047,50,47,1,2,1,1,0,1,1,0,0,0,0,0,0,0,2021,0,0,0,0,0,0,0,2.0285449996590614,2,0,0,0,4,1,0,1,0,0,0
BEN,50056,50,56,1,1,1,1,0,0,0,0,0,0,0,0,0,0,2021,0,0,0,0,0,0,0,1.75,4,2,0,0,26,0,0,0,0,0,0
BEN,50064,50,64,1,1,1,1,0,1,1,0,0,0,0,0,0,0,2021,0,0,0,0,0,0,0,1.0,0,0,2,0,8,0,0,0,0,0,0
BEN,50073,50,73,1,1,1,1,0,0,0,0,0,0,0,0,0,0,2021,0,0,0,0,0,0,0,1.75,1,0,0,0,20,0,1,0,0,0,0
BEN,50082,50,82,1,2,0,1,0,1,1,0,0,0,0,0,0,0,2021,0,0,0,0,0,0,0,3.5,0,0,0,0,0,0,1,1,0,0,0
BEN,50090,50,90,1,2,1,1,0,1,0,0,0,0,0,0,0,0,2021,0,0,0,0,0,0,0,1.25,0,0,0,0,0,0,0,1,0,0,0
BEN,50099,50,99,1,1,1,1,0,1,1,0,0,0,0,0,0,0,2021,0,0,0,0,0,0,0,3.0,0,0,0,0,5,0,0,1,1,0,0
BEN,51007,51,7,2,2,0,1,1,1,1,0,0,1,1,0,0,0,2021,0,0,0,0,0,0,0,9.765942215919495,0,10,0,0,0,0,0,1,0,0,0
BEN,51016,51,16,2,2,1,1,0,1,1,0,0,0,1,0,0,0,2021,0,0,0,0,0,0,0,11.854000091552734,0,8,0,0,6,0,0,0,0,0,0
BEN,51035,51,35,2,2,1,1,0,1,1,0,0,0,1,0,0,0,2021,0,0,0,0,0,0,0,2.0240845680236816,4,7,0,0,0,0,1,1,0,0,0
BEN,51045,51,45,2,2,0,1,1,0,0,0,0,1,0,0,0,0,2021,0,0,0,0,0,0,0,7.319999873638153,0,8,0,0,37,0,1,1,0,0,0
BEN,51054,51,54,2,2,0,1,0,0,0,0,0,1,0,0,0,0,2021,0,0,0,0,0,0,0,8.001435041427612,10,9,0,0,40,0,0,0,0,0,0
BEN,51073,51,73,2,2,0,1,0,0,0,0,0,1,0,0,0,0,2021,0,0,0,0,0,0,0,7.992836952209473,3,4,0,0,27,0,0,0,0,0,0
BEN,51083,51,83,2,2,0,1,0,0,0,0,0,1,0,0,0,0,2021,0,0,0,0,0,0,0,4.015503168106079,4,0,0,0,55,0,0,0,0,0,0
BEN,51092,51,92,2,2,0,1,1,0,0,0,0,0,0,0,0,0,2021,0,0,0,0,0,0,0,4.7149999141693115,0,18,0,0,30,0,1,0,0,0,0
BEN,51111,51,111,2,2,0,1,1,0,0,0,0,1,0,0,0,0,2021,0,0,0,0,0,0,0,10.400000095367432,50,65,0,0,38,0,0,1,0,0,1
BEN,51121,51,121,2,2,0,1,0,0,0,0,0,1,1,0,0,0,2021,0,0,0,0,0,0,0,1.9268832206726074,2,14,0,0,0,0,1,1,0,0,0
BEN,51130,51,130,2,2,0,1,0,0,0,0,0,1,0,0,0,0,2021,0,0,0,0,0,0,0,8.003997325897217,0,8,0,0,23,0,0,0,0,0,0
BEN,51149,51,149,2,2,0,1,1,0,0,0,0,1,0,0,0,0,2021,0,0,0,0,0,0,0,21.429999351501465,3,5,0,0,240,0,1,1,0,0,0
BEN,52009,52,9,1,2,0,1,0,0,0,0,0,0,0,0,0,0,2021,0,0,0,0,0,0,0,7.5,25,10,0,0,15,0,1,0,0,0,0
BEN,52021,52,21,1,2,0,1,0,0,0,0,0,0,0,0,0,0,2021,0,0,0,0,0,0,0,26.75,19,40,0,0,50,0,1,0,0,0,0
BEN,52034,52,34,1,2,0,0,0,1,1,0,0,0,0,0,0,0,2021,0,0,0,0,0,0,0,4.5,0,8,0,0,32,0,1,0,0,0,0
BEN,52046,52,46,1,2,0,0,0,0,0,0,0,0,0,0,0,0,2021,0,0,0,0,0,0,0,3.75,0,0,0,0,0,0,1,0,0,0,0
BEN,52058,52,58,1,2,0,1,0,1,1,0,0,1,0,0,0,0,2021,0,0,0,0,0,0,0,5.75,0,11,0,0,16,0,1,1,0,0,0
BEN,52071,52,71,1,2,1,1,1,1,1,0,0,1,0,0,0,0,2021,0,0,0,0,0,0,0,4.359746694564819,23,28,0,0,18,0,1,0,0,1,0
BEN,52083,52,83,1,4,0,1,0,1,1,0,0,1,0,0,0,0,2021,0,0,0,0,0,0,0,7.6600000858306885,0,13,0,0,18,1,1,0,0,0,0
BEN,52095,52,95,1,2,0,1,1,1,0,0,0,1,0,0,0,0,2021,0,0,0,0,0,0,0,7.799999952316284,6,25,0,0,12,0,1,0,1,0,0
BEN,52108,52,108,1,4,0,1,0,1,1,0,0,1,0,0,0,0,2021,0,0,0,0,0,0,0,7.239999771118164,11,9,0,0,35,1,0,0,0,0,0
BEN,52120,52,120,1,4,0,1,1,1,1,0,0,1,0,0,0,0,2021,0,0,0,0,0,0,0,7.0,13,10,0,0,54,1,1,0,0,0,0
BEN,52133,52,133,1,4,0,1,0,1,1,0,0,1,0,0,0,0,2021,0,0,0,0,0,0,0,0.6800000071525574,25,16,0,0,27,1,1,0,0,0,0
BEN,52145,52,145,1,2,0,1,0,1,1,0,0,1,0,0,0,0,2021,0,0,0,0,0,0,0,2.0799999237060547,0,15,0,0,29,1,1,0,0,0,0
BEN,53012,53,12,2,2,1,1,0,0,0,0,0,1,1,0,0,0,2021,0,0,0,0,0,0,0,7.952000141143799,0,6,0,0,10,0,1,1,0,0,0
BEN,53030,53,30,2,2,1,1,1,0,0,0,0,0,1,0,0,0,2021,0,0,0,0,0,0,0,1.8707257509231567,0,5,0,0,0,0,1,0,0,0,0
BEN,53065,53,65,2,2,0,1,1,0,0,0,0,1,0,0,0,0,2021,0,0,0,0,0,0,0,9.517802834510803,0,0,0,0,0,0,0,0,0,0,0
BEN,53083,53,83,2,2,1,1,0,0,0,0,0,0,1,0,0,0,2021,0,0,0,0,0,0,0,1.9395637512207031,0,16,0,0,0,0,1,0,0,0,0
BEN,53101,53,101,2,2,1,1,1,0,0,0,0,1,0,0,0,0,2021,1,0,0,0,0,0,0,9.104060173034668,2,0,0,0,0,0,0,0,0,0,0
BEN,53136,53,136,2,2,1,1,1,1,1,0,0,1,0,0,0,0,2021,1,0,0,0,0,1,0,17.869999885559082,2,0,0,0,30,0,1,1,0,0,0
BEN,53154,53,154,2,2,1,1,1,0,0,0,0,1,1,0,0,0,2021,0,0,0,0,0,0,0,8.836000442504883,0,5,0,0,0,0,0,1,0,0,0
BEN,53171,53,171,2,2,0,1,0,0,0,0,0,1,0,0,1,0,2021,0,0,0,0,0,0,0,5.821704864501953,2,0,0,0,0,0,0,0,0,0,0
BEN,53207,53,207,2,2,1,1,1,1,1,1,0,1,0,1,0,0,2021,1,0,0,0,0,1,0,5.695172190666199,0,0,0,0,30,1,1,1,0,0,0
BEN,53225,53,225,2,2,1,1,1,0,0,0,0,0,0,0,0,0,2021,0,0,0,0,0,0,0,9.909999907016754,4,0,0,0,88,0,1,1,0,0,0
BEN,53242,53,242,2,2,0,1,1,0,0,0,0,1,0,0,0,0,2021,1,0,0,0,0,1,0,11.579999923706055,0,18,0,0,25,1,1,0,0,0,0
BEN,53278,53,278,2,2,1,1,1,0,0,1,1,0,0,1,1,0,2021,1,0,0,0,0,0,0,11.002654314041138,0,0,0,0,10,0,0,0,0,0,0
BEN,54007,54,7,1,2,1,1,0,1,1,0,0,1,0,0,0,0,2021,0,0,0,0,0,0,0,3.6899999380111694,300,25,0,0,49,1,1,0,0,0,0
BEN,54017,54,17,1,2,1,1,1,0,0,0,0,1,0,0,0,0,2021,0,0,0,0,0,0,0,3.049999952316284,4,7,0,0,16,1,0,1,0,0,0
BEN,54027,54,27,1,2,0,0,0,0,0,0,0,1,0,0,0,0,2021,0,0,0,0,0,0,0,4.570000052452087,45,29,0,0,99,1,0,1,0,0,0
BEN,54037,54,37,1,2,0,1,0,1,1,0,0,1,0,0,0,0,2021,0,0,0,0,0,0,0,4.620000123977661,102,30,0,0,115,0,0,1,0,0,0
BEN,54047,54,47,1,2,1,1,1,1,1,0,0,1,0,0,0,0,2021,0,0,0,0,0,0,0,4.7500001192092896,12,21,0,0,43,1,1,1,0,0,0
BEN,54057,54,57,1,2,0,1,1,0,0,0,0,1,0,0,0,0,2021,0,0,0,0,0,0,0,46.154090881347656,50,35,0,0,25,1,0,0,0,0,0
BEN,54068,54,68,1,2,1,1,1,1,0,0,0,1,0,0,0,0,2021,0,0,0,0,0,0,0,6.870000004768372,70,15,0,0,25,1,0,0,0,1,0
BEN,54078,54,78,1,2,0,1,0,0,0,0,0,0,0,0,0,0,2021,0,0,0,0,0,0,0,4.923072934150696,0,20,0,0,20,1,0,0,0,0,0
BEN,54088,54,88,1,2,0,1,0,0,0,0,0,0,0,0,0,0,2021,0,0,0,0,0,0,0,9.199100017547607,0,20,0,0,40,0,0,0,0,0,0
BEN,54098,54,98,1,2,0,1,0,0,0,0,0,1,0,0,0,0,2021,0,0,0,0,0,0,0,10.70000034570694,20,50,0,0,92,0,0,0,0,1,0
BEN,54108,54,108,1,2,0,1,0,0,0,0,0,0,0,0,0,0,2021,0,0,0,0,0,0,0,8.014546155929565,2,0,2,0,42,0,0,1,0,0,0
BEN,54118,54,118,1,2,0,0,0,0,0,0,0,1,0,0,0,0,2021,0,0,0,0,0,0,0,2.2619999647140503,2,9,0,0,42,0,0,1,0,0,0
BEN,55006,55,6,2,1,0,1,1,1,1,0,0,0,0,0,0,0,2021,0,0,0,0,0,0,0,4.5,0,0,0,0,0,0,0,1,0,0,0
BEN,55018,55,18,2,2,1,1,1,1,1,0,0,1,0,1,1,0,2021,0,0,0,0,0,0,0,10.971688032150269,0,15,0,0,0,0,0,0,0,0,0
BEN,55024,55,24,2,2,1,1,1,0,0,0,0,1,1,0,0,0,2021,0,0,0,0,0,0,0,1.879880428314209,2,6,0,0,7,0,1,1,0,0,0
BEN,55030,55,30,2,2,0,1,1,1,1,0,0,1,0,0,0,0,2021,0,0,0,0,0,0,0,8.860000014305115,0,0,0,0,0,0,0,1,0,0,0
BEN,55041,55,41,2,2,1,1,1,0,0,0,0,1,0,0,0,0,2021,0,0,0,0,0,0,0,8.022423028945923,4,0,0,0,45,0,0,0,0,0,0
BEN,55047,55,47,2,2,0,1,0,0,0,0,0,1,0,0,0,0,2021,0,0,0,0,0,0,0,4.004410028457642,2,8,0,0,0,0,0,0,0,0,0
BEN,55053,55,53,2,2,1,1,1,0,0,0,0,1,1,0,0,0,2021,0,0,0,0,0,0,0,2.024160385131836,0,5,7,0,0,0,0,1,0,0,0
BEN,55065,55,65,2,2,0,1,1,0,0,0,0,1,0,0,0,0,2021,0,0,0,0,0,0,0,5.996675968170166,0,0,0,0,0,0,0,0,0,0,0
BEN,55071,55,71,2,2,0,1,1,1,1,0,0,0,0,0,0,0,2021,0,0,0,0,0,0,0,10.349999904632568,8,61,0,0,24,0,1,1,0,0,0
BEN,55077,55,77,2,2,1,1,1,0,0,0,0,1,1,0,0,0,2021,0,0,0,0,0,0,0,1.879880428314209,2,10,0,0,0,0,1,1,0,0,0
BEN,55089,55,89,2,4,1,1,1,1,1,0,0,0,0,0,0,0,2021,0,0,0,0,0,0,1,,0,0,0,0,0,0,0,0,0,0,0
BEN,55095,55,95,2,2,1,1,0,0,0,0,0,1,1,0,0,0,2021,0,0,0,0,0,0,0,,0,5,0,0,0,0,0,0,0,0,0
BEN,56003,56,3,1,2,1,1,1,0,0,0,0,1,0,0,0,0,2021,0,0,0,0,0,0,0,16.99071979522705,0,12,0,0,78,0,0,0,0,0,0
BEN,56005,56,5,1,2,1,1,1,0,0,0,0,1,0,0,0,0,2021,0,0,0,0,0,0,0,22.155635356903076,0,50,0,0,140,0,0,0,0,0,0
BEN,56007,56,7,1,2,1,1,1,0,0,0,0,1,0,0,0,0,2021,0,0,0,0,0,0,0,7.012183904647827,2,7,0,0,66,0,0,0,0,0,0
BEN,56010,56,10,1,2,0,1,1,0,0,0,0,1,0,0,0,0,2021,0,0,0,0,0,0,0,3.380000054836273,0,18,0,0,23,0,0,1,0,0,0
BEN,56012,56,12,1,2,1,1,1,0,0,0,0,1,0,0,0,0,2021,0,0,0,0,0,0,0,,0,6,0,0,45,0,0,0,0,0,0
BEN,56015,56,15,1,2,0,1,1,0,0,0,0,1,0,0,0,0,2021,0,0,0,0,0,0,0,3.469999998807907,0,9,0,0,20,0,0,1,0,0,0
BEN,56017,56,17,1,2,0,1,1,0,0,0,0,1,0,0,0,0,2021,0,0,0,0,0,0,0,3.4899999499320984,0,8,0,0,12,0,0,1,1,0,0
BEN,56019,56,19,1,2,1,1,1,1,1,0,0,1,0,0,0,0,2021,0,0,0,0,0,0,0,7.25,0,0,0,0,0,1,0,1,0,1,0
BEN,56022,56,22,1,2,0,1,1,0,0,0,0,0,0,0,0,0,2021,0,0,0,0,0,0,0,1.6100000143051147,0,4,0,0,0,0,0,1,0,0,0
BEN,56024,56,24,1,2,1,1,1,0,0,0,0,1,0,0,0,0,2021,0,0,0,0,0,0,0,3.2699999809265137,0,0,0,0,0,1,0,1,0,1,0
BEN,56026,56,26,1,3,1,1,1,0,0,0,0,1,0,0,0,0,2021,1,0,0,0,0,0,0,,0,0,0,0,0,0,1,1,0,0,0
BEN,56029,56,29,1,2,1,1,1,1,1,0,0,1,0,0,0,0,2021,0,0,0,0,0,0,0,2.700000047683716,0,14,0,0,0,1,1,1,1,0,0
BEN,57007,57,7,2,2,1,1,0,1,1,0,0,1,1,0,0,0,2021,0,0,0,0,0,0,0,2.0799999237060547,0,2,0,0,5,0,0,1,0,0,0
BEN,57015,57,15,2,2,1,1,1,1,1,0,0,1,1,0,0,0,2021,0,0,0,0,0,0,0,1.093000054359436,0,10,0,0,8,1,1,1,0,0,0
BEN,57023,57,23,2,2,1,1,1,0,0,0,0,1,1,0,0,0,2021,1,0,0,0,0,0,0,1.9157330989837646,0,5,0,0,10,1,0,1,0,0,0
BEN,57025,57,25,2,1,1,1,1,0,0,0,0,1,0,0,0,0,2021,0,0,0,0,0,0,0,4.800384998321533,0,0,0,0,23,0,0,0,0,0,0
BEN,57030,57,30,2,2,1,1,1,0,0,0,0,1,1,0,0,0,2021,0,0,0,0,0,0,0,3.9490556716918945,0,3,0,0,0,0,1,1,0,0,0
BEN,57038,57,38,2,1,1,1,0,0,0,0,0,0,0,0,0,0,2021,0,0,0,0,0,0,0,1.8064209520816803,0,0,0,0,0,0,0,0,0,0,0
BEN,57046,57,46,2,1,1,1,0,1,1,0,0,1,0,0,1,0,2021,0,0,0,0,0,0,0,4.838335037231445,0,17,0,0,17,0,0,0,0,0,0
BEN,57077,57,77,2,1,1,1,1,0,0,0,0,0,0,0,0,0,2021,0,0,0,0,0,0,0,6.002327024936676,0,9,0,0,3,0,0,0,0,0,0
BEN,57080,57,80,2,2,0,1,1,0,1,0,0,1,0,0,0,0,2021,0,0,0,0,0,0,0,1.2699999511241913,20,12,0,0,32,0,1,0,0,0,0
BEN,57084,57,84,2,2,0,1,1,0,0,0,0,1,0,0,0,0,2021,0,0,0,0,0,0,0,0.9699999988079071,0,12,0,0,21,0,1,1,0,0,0
BEN,57092,57,92,2,2,0,1,1,0,0,0,0,0,0,0,0,0,2021,0,0,0,0,0,0,0,7.230000019073486,12,26,0,0,15,0,1,1,0,0,0
BEN,57108,57,108,2,2,0,1,1,0,0,0,0,0,0,0,0,0,2021,0,0,0,0,0,0,0,,15,17,0,0,18,0,1,0,0,0,0
BEN,58016,58,16,1,2,0,1,1,0,0,0,0,1,0,0,0,0,2021,0,0,0,0,0,0,0,5.455976963043213,4,2,0,0,10,1,1,0,0,0,0
BEN,58018,58,18,1,1,1,1,1,1,1,0,0,1,0,0,1,0,2021,1,0,0,0,0,0,0,,0,0,0,0,0,1,0,0,0,0,0
BEN,58037,58,37,1,2,1,1,0,0,0,0,0,1,0,0,0,0,2021,0,0,0,0,0,0,0,7.7501179575920105,0,1,0,0,20,1,0,0,0,0,0
BEN,58081,58,81,1,2,1,1,1,0,0,0,0,1,0,0,0,0,2021,1,0,0,0,0,1,0,1.7299999669194221,0,5,0,0,8,1,0,0,0,0,0
BEN,58083,58,83,1,2,0,1,1,1,1,0,0,1,1,0,0,0,2021,0,0,0,0,0,0,0,3.299999952316284,0,5,0,0,0,0,0,1,0,0,0
BEN,58086,58,86,1,1,1,1,1,0,0,0,0,1,0,0,0,0,2021,0,0,0,0,0,0,0,6.308845952153206,0,4,0,0,39,0,0,1,0,0,0
BEN,58089,58,89,1,2,0,1,1,1,1,0,0,1,1,0,0,0,2021,0,0,0,0,0,0,0,1.9300000071525574,0,3,0,0,6,0,0,1,0,0,0
BEN,58097,58,97,1,2,1,1,1,1,1,0,0,1,0,0,0,0,2021,0,0,0,0,0,0,0,3.25,0,6,0,0,23,1,0,0,0,0,0
BEN,58105,58,105,1,2,0,1,1,1,1,0,0,1,1,0,0,0,2021,0,0,0,0,0,0,0,,15,13,0,0,15,0,0,1,0,0,0
BEN,58124,58,124,1,2,0,1,1,0,0,0,0,1,1,0,0,0,2021,1,0,0,0,0,1,0,3.3300000727176666,0,0,0,0,0,0,0,1,0,0,0
BEN,58152,58,152,1,2,1,1,0,1,0,0,0,1,0,0,0,0,2021,0,0,0,0,0,0,0,1.3299999982118607,0,2,0,0,35,1,0,1,0,0,0
BEN,58909,58,909,1,2,1,1,1,1,1,0,0,1,0,0,0,0,2021,0,0,0,0,0,0,0,2.7500001192092896,0,0,0,0,70,0,1,1,0,1,0
BEN,59015,59,15,2,2,1,1,0,0,0,1,1,0,0,0,0,0,2021,0,0,0,0,0,0,0,3.937047004699707,0,0,0,0,20,1,0,1,0,0,0
BEN,59023,59,23,2,2,1,1,1,0,0,0,0,1,1,0,0,0,2021,0,0,0,0,0,0,0,1.951756238937378,2,0,0,0,0,1,1,1,0,0,0
BEN,59030,59,30,2,2,1,1,1,0,0,0,0,1,0,0,0,0,2021,0,0,0,0,0,0,0,3.9654359817504883,0,8,0,0,30,0,0,1,0,0,0
BEN,59046,59,46,2,2,0,1,1,1,1,0,0,1,0,0,0,0,2021,0,0,0,0,0,0,0,5.066216945648193,0,0,0,0,41,0,1,1,0,0,0
BEN,59054,59,54,2,2,1,1,0,0,0,0,0,1,1,0,0,0,2021,0,0,0,0,0,0,0,2.0071232318878174,0,5,0,0,0,0,0,1,0,0,0
BEN,59061,59,61,2,1,1,1,0,0,0,0,0,1,0,0,0,0,2021,0,0,0,0,0,0,0,5.814056992530823,0,0,0,0,0,0,0,0,0,0,0
BEN,59077,59,77,2,1,1,1,1,0,0,0,0,0,0,0,0,0,2021,0,0,0,0,0,0,0,5.976502418518066,0,2,0,0,33,0,0,0,0,0,0
BEN,59085,59,85,2,2,0,1,1,0,1,0,0,1,0,0,0,0,2021,0,0,0,0,0,0,0,5.850412845611572,6,0,0,0,10,0,1,1,0,0,0
BEN,59092,59,92,2,2,0,1,1,1,1,0,0,0,0,0,0,0,2021,0,0,0,0,0,0,0,10.170000076293945,6,8,0,0,23,0,1,1,0,0,0
BEN,59108,59,108,2,2,1,1,1,0,0,0,1,0,1,0,0,0,2021,0,0,0,0,0,0,0,3.8254077434539795,0,20,0,0,0,0,0,1,0,0,0
BEN,59116,59,116,2,2,1,1,1,1,1,0,0,1,1,0,0,0,2021,0,0,0,0,0,0,0,3.906749725341797,2,10,0,0,6,1,1,0,0,0,0
BEN,59123,59,123,2,1,1,1,1,0,0,1,1,0,0,1,1,0,2021,1,1,1,0,0,1,1,6.289999961853027,4,12,40,0,90,0,1,1,0,0,0
BEN,60004,60,4,1,2,0,1,0,0,0,0,0,0,0,0,0,0,2021,0,0,0,0,0,0,0,9.722774982452393,0,18,0,0,10,1,0,0,0,0,0
BEN,60010,60,10,1,2,1,1,1,0,0,0,0,0,0,0,0,0,2021,0,0,0,0,0,0,0,6.500671803951263,0,39,0,0,0,1,0,0,0,0,0
BEN,60017,60,17,1,2,1,1,1,0,0,0,0,0,0,0,0,0,2021,0,0,0,0,0,0,0,9.79228687286377,0,45,0,0,40,0,0,0,0,0,0
BEN,60023,60,23,1,2,0,0,0,0,0,0,0,0,0,0,0,0,2021,0,0,0,0,0,0,0,6.807484865188599,0,8,0,0,10,0,0,0,0,0,0
BEN,60029,60,29,1,2,0,0,0,0,0,0,0,1,0,0,0,0,2021,1,0,0,0,0,0,0,7.159999847412109,4,26,0,0,0,0,1,1,0,0,0
BEN,60035,60,35,1,2,0,0,0,0,0,0,0,1,0,0,0,0,2021,1,0,0,0,0,0,0,9.379999995231628,0,2,0,0,20,1,0,1,0,0,0
BEN,60041,60,41,1,2,0,0,0,0,0,0,0,0,0,0,0,0,2021,0,0,0,0,0,0,0,2.0799999833106995,0,0,0,0,0,0,1,1,0,0,0
BEN,60047,60,47,1,2,0,1,0,0,0,0,0,1,0,0,0,0,2021,0,0,0,0,0,0,0,8.81000006198883,2,8,0,0,30,1,0,1,0,0,0
BEN,60053,60,53,1,2,0,1,0,0,0,0,0,0,0,0,0,0,2021,0,0,0,0,0,0,0,1.5200000405311584,0,6,0,0,8,0,0,1,0,0,0
BEN,60059,60,59,1,2,1,1,1,1,1,1,1,0,0,0,0,0,2021,1,0,0,0,0,1,0,5.950000047683716,11,48,0,0,32,0,1,1,0,0,0
BEN,60066,60,66,1,2,1,1,1,0,0,0,0,0,0,0,0,0,2021,0,0,0,0,0,0,0,1.149999976158142,0,5,0,0,19,0,0,1,0,0,0
BEN,60072,60,72,1,2,1,1,1,1,1,0,0,0,0,0,0,0,2021,0,0,0,0,0,0,0,1.6800000071525574,0,0,0,0,16,1,1,1,0,0,0
BEN,61010,61,10,1,2,1,1,0,1,1,0,0,0,0,0,0,0,2021,0,0,0,0,0,0,0,1.7170720100402832,0,6,0,0,6,1,0,0,0,0,0
BEN,61038,61,38,1,1,0,1,1,0,0,0,0,1,1,0,0,0,2021,0,0,0,0,0,0,0,0.5199999958276749,0,0,0,0,20,0,0,1,0,0,0
BEN,61042,61,42,1,1,1,1,1,1,1,0,0,0,0,0,0,0,2021,0,0,0,0,0,0,0,4.0382000207901,0,6,0,0,5,0,0,0,0,0,0
BEN,61044,61,44,1,2,0,1,1,0,0,0,0,1,1,0,0,0,2021,0,0,0,0,0,0,0,,0,6,0,0,11,1,0,1,0,0,0
BEN,61074,61,74,1,2,1,1,0,1,1,0,0,0,0,0,0,0,2021,0,0,0,0,0,0,0,1.0218649804592133,0,2,0,0,3,0,0,0,0,0,0
BEN,61085,61,85,1,2,0,1,1,1,0,0,0,1,1,0,0,0,2021,0,0,0,0,0,0,0,2.1500000059604645,0,0,0,0,13,1,0,0,0,0,0
BEN,61106,61,106,1,2,1,1,0,1,1,0,0,0,0,0,0,0,2021,0,0,0,0,0,0,0,,0,0,0,0,0,0,0,0,0,0,0
BEN,61128,61,128,1,2,0,1,1,1,0,0,0,1,0,0,0,0,2021,0,0,0,0,0,0,0,1.0409999713301659,0,4,0,0,16,1,0,1,0,0,0
BEN,61133,61,133,1,2,0,1,0,1,1,0,0,0,0,0,0,0,2021,0,0,0,0,0,0,0,1.800000011920929,7,5,0,0,42,0,1,1,0,1,0
BEN,61135,61,135,1,2,0,0,0,1,1,0,0,0,0,0,0,0,2021,0,0,0,0,0,0,0,,15,9,0,0,61,0,1,0,0,1,0
BEN,61148,61,148,1,2,0,0,0,1,1,0,0,0,0,0,0,0,2021,0,0,0,0,0,0,0,0.7200000062584877,0,4,0,0,39,0,0,1,0,1,0
BEN,61702,61,702,1,2,0,0,0,1,1,0,0,0,0,0,0,0,2021,0,0,0,0,0,0,0,,20,0,0,0,26,0,1,0,0,1,0
BEN,62006,62,6,2,2,0,1,1,1,1,0,0,1,0,0,0,0,2021,0,0,0,0,0,0,0,2.2275999784469604,0,18,9,0,20,0,0,0,1,0,0
BEN,62012,62,12,2,2,0,1,1,1,1,0,0,1,0,0,0,0,2021,0,0,0,0,0,0,0,2.0952900052070618,0,0,0,0,33,0,0,0,0,0,0
BEN,62024,62,24,2,2,0,1,1,1,1,0,0,1,0,0,0,0,2021,0,0,0,0,0,0,0,1.9614799618721008,0,0,9,0,14,0,1,0,0,0,0
BEN,62030,62,30,2,2,0,1,1,1,1,0,0,0,0,0,0,0,2021,0,0,0,0,0,0,0,1.6214499771595001,0,0,5,0,20,0,0,0,0,0,0
BEN,62036,62,36,2,2,1,1,1,0,0,1,1,0,0,0,0,0,2021,1,0,0,0,0,1,0,5.870000004768372,0,0,10,0,36,0,1,1,1,0,0
BEN,62048,62,48,2,2,1,1,0,0,0,0,0,0,0,0,0,0,2021,0,0,0,0,0,0,0,2.159999966621399,0,4,0,0,12,1,0,0,0,0,0
BEN,62054,62,54,2,2,1,1,0,1,1,0,0,0,0,0,0,0,2021,0,0,0,0,0,0,0,2.5299999713897705,0,0,0,0,15,1,0,1,0,0,0
BEN,62060,62,60,2,2,1,1,0,0,0,0,0,0,0,0,0,0,2021,0,0,0,0,0,0,0,2.6799999475479126,0,0,5,0,14,0,0,0,0,0,0
BEN,62072,62,72,2,2,1,1,0,0,0,0,0,0,0,0,0,0,2021,0,0,0,0,0,0,0,2.200000047683716,0,5,2,0,10,0,0,0,0,0,0
BEN,62078,62,78,2,2,1,1,1,0,0,1,1,0,0,0,0,0,2021,1,0,1,0,0,1,0,,0,0,0,0,3,0,0,0,0,0,0
BEN,62084,62,84,2,2,1,1,0,0,1,0,0,0,0,0,0,0,2021,0,0,0,0,0,0,0,1.1799999475479126,0,0,0,0,8,0,0,1,0,0,0
BEN,62096,62,96,2,2,1,1,0,1,1,0,0,0,0,0,0,0,2021,0,0,0,0,0,0,0,2.1600000262260437,0,0,0,0,6,0,0,0,1,0,0
BEN,63005,63,5,1,1,1,1,0,0,0,0,0,1,0,0,0,0,2021,0,0,0,0,0,0,0,3.0,0,3,0,0,15,0,0,0,0,0,0
BEN,63013,63,13,1,2,1,1,1,1,1,0,0,1,0,0,1,0,2021,0,0,0,0,0,0,1,5.204300105571747,0,12,0,0,45,1,1,1,0,0,0
BEN,63038,63,38,1,2,1,1,0,1,1,0,0,0,0,0,0,0,2021,0,0,0,0,0,0,0,8.869999885559082,0,21,0,0,30,0,1,1,0,0,0
BEN,63041,63,41,1,1,0,0,0,0,0,0,0,0,0,0,0,0,2021,0,0,0,0,0,0,0,3.300000011920929,0,2,0,0,24,0,0,0,0,0,0
BEN,63048,63,48,1,2,1,1,0,0,0,0,0,1,0,0,0,0,2021,0,0,0,0,0,0,0,4.0,0,0,0,0,4,0,1,1,1,0,0
BEN,63062,63,62,1,1,1,1,1,0,0,0,0,1,0,0,0,0,2021,0,0,0,0,0,0,0,5.5,0,8,0,0,21,0,0,0,0,0,0
BEN,63068,63,68,1,2,1,1,1,1,1,0,0,0,0,0,0,0,2021,0,0,0,0,0,0,0,0.30127300322055817,0,12,0,0,0,0,0,1,0,0,0
BEN,63141,63,141,1,2,1,1,0,1,1,0,0,1,0,0,0,0,2021,0,0,0,0,0,0,0,0.38253799080848694,0,0,0,0,10,0,0,1,0,0,0
BEN,63144,63,144,1,2,1,1,1,1,1,0,0,1,0,0,0,0,2021,0,0,0,0,0,0,0,3.3810000121593475,0,0,0,0,110,0,0,1,0,0,0
BEN,63152,63,152,1,2,0,0,0,1,1,0,0,0,0,0,0,0,2021,0,0,0,0,0,0,0,1.6299999952316284,0,0,0,0,11,1,0,1,0,0,0
BEN,63159,63,159,1,2,1,1,1,1,1,0,0,0,0,0,0,0,2021,0,0,0,0,0,0,0,1.2390000224113464,0,0,0,0,5,0,0,1,0,0,0
BEN,63172,63,172,1,2,1,1,0,1,1,0,0,1,0,0,0,0,2021,0,0,0,0,0,0,0,0.12969699874520302,4,0,3,0,50,0,0,1,1,0,0
BEN,64002,64,2,2,2,1,0,0,1,1,0,0,0,0,0,0,0,2021,0,0,0,0,0,0,0,2.609999895095825,55,61,0,0,15,0,0,0,0,0,0
BEN,64010,64,10,2,2,1,1,0,1,1,0,0,0,0,0,0,0,2021,0,0,0,0,0,0,0,2.649999976158142,5,3,0,0,8,0,0,0,1,0,0
BEN,64018,64,18,2,2,1,1,0,1,1,0,0,0,0,0,0,0,2021,0,0,0,0,0,0,0,5.990000247955322,24,12,11,0,23,0,1,1,0,0,0
BEN,64035,64,35,2,2,0,1,1,1,0,0,0,0,0,0,0,0,2021,0,0,0,0,0,0,0,3.892970085144043,7,0,0,0,27,1,1,0,0,0,0
BEN,64043,64,43,2,2,0,1,1,1,1,0,0,0,0,0,0,0,2021,0,0,0,0,0,0,0,2.0731899738311768,0,7,0,0,37,1,0,0,0,0,0
BEN,64051,64,51,2,2,1,1,0,1,1,0,0,0,0,0,0,0,2021,0,0,0,0,0,0,0,3.509999990463257,0,8,0,0,12,0,0,0,0,0,0
BEN,64067,64,67,2,2,0,1,1,1,1,0,0,0,0,0,0,0,2021,0,0,0,0,0,0,0,2.503899931907654,5,2,2,0,45,1,1,0,0,0,0
BEN,64076,64,76,2,2,1,1,1,1,0,0,0,0,0,0,0,0,2021,0,0,0,0,0,0,0,5.25,4,5,0,0,20,0,0,0,0,0,0
BEN,64084,64,84,2,2,1,1,0,1,1,0,0,0,0,0,0,0,2021,0,0,0,0,0,0,0,3.809999942779541,0,7,2,0,12,0,0,0,0,0,0
BEN,64100,64,100,2,2,0,1,1,1,1,0,0,0,0,0,0,0,2021,0,0,0,0,0,0,0,2.001489967107773,0,0,5,0,0,0,0,0,0,0,0
BEN,64108,64,108,2,2,1,1,0,0,0,0,0,0,0,0,0,0,2021,0,0,0,0,0,0,0,1.2599999904632568,23,25,0,0,55,1,0,0,0,0,0
BEN,64117,64,117,2,2,1,1,1,1,1,0,0,0,0,0,0,0,2021,0,0,0,0,0,0,0,3.2699999809265137,0,5,4,0,7,0,0,0,0,0,0
BEN,65017,65,17,2,2,1,1,1,1,1,0,0,0,0,0,0,0,2021,0,0,0,0,0,0,0,1.7000000476837158,0,0,0,0,6,0,0,0,0,0,0
BEN,65030,65,30,2,3,1,1,1,1,1,0,0,0,0,0,0,0,2021,0,0,0,0,0,0,0,1.050000011920929,0,0,0,0,0,0,0,1,0,0,0
BEN,65043,65,43,2,2,1,1,1,1,1,1,1,0,0,0,0,0,2021,1,0,0,0,0,1,0,1.600000023841858,0,0,0,0,3,0,0,0,0,0,0
BEN,65069,65,69,2,2,1,1,0,1,1,0,0,0,0,0,0,0,2021,0,0,0,0,0,0,0,1.399999976158142,0,5,7,0,10,0,0,0,0,0,0
BEN,65082,65,82,2,3,1,1,1,1,1,1,1,0,0,1,1,1,2021,1,0,0,0,0,1,0,,0,0,0,0,5,0,0,0,0,0,0
BEN,65095,65,95,2,2,1,1,1,1,1,0,0,0,0,0,0,0,2021,0,0,0,0,0,0,0,2.790000081062317,0,3,3,0,35,0,0,0,0,0,0
BEN,65122,65,122,2,1,1,1,1,1,0,1,1,0,0,0,1,0,2021,0,0,0,0,0,0,0,,0,0,0,0,0,0,0,0,0,0,0
BEN,65135,65,135,2,2,1,1,1,0,0,0,0,0,0,0,0,0,2021,0,0,0,0,0,0,0,1.350000023841858,0,0,0,0,10,0,0,0,0,0,0
BEN,65148,65,148,2,1,1,1,1,1,1,1,1,0,0,1,1,1,2021,1,0,0,0,0,1,1,67.7300033569336,2,2,0,0,75,0,0,0,0,0,0
BEN,65174,65,174,2,2,0,1,1,1,1,0,0,0,0,0,0,0,2021,0,0,0,0,0,0,0,0.23416000604629517,0,0,0,0,0,0,0,0,0,0,0
BEN,65187,65,187,2,2,0,1,0,1,0,0,0,0,0,0,0,0,2021,0,0,0,0,0,0,0,0.5941299945116043,0,0,0,0,0,0,1,0,0,0,0
BEN,65200,65,200,2,2,0,1,1,0,0,0,1,0,0,0,1,0,2021,1,0,0,0,0,0,0,0.9347099959850311,13,0,0,0,17,0,0,0,0,0,0
BEN,66007,66,7,1,2,1,1,0,0,0,0,0,1,0,0,0,0,2021,0,0,0,0,0,0,0,2.5,3,1,3,0,15,0,0,0,0,0,0
BEN,66023,66,23,1,2,1,1,0,0,1,0,0,0,0,0,0,0,2021,0,0,0,0,0,0,0,1.5,0,0,0,0,10,0,0,0,0,1,0
BEN,66040,66,40,1,2,1,0,0,0,0,0,0,0,0,0,0,0,2021,0,0,0,0,0,0,0,1.5,0,0,1,0,16,0,1,1,0,0,0
BEN,66056,66,56,1,2,1,1,0,0,0,0,0,1,0,0,0,0,2021,0,0,0,0,0,0,0,1.300000011920929,0,5,0,0,30,0,0,0,0,0,0
BEN,66072,66,72,1,2,1,1,0,0,0,0,0,0,0,0,0,0,2021,0,0,0,0,0,0,0,3.8289999961853027,0,12,0,0,25,0,1,1,0,0,0
BEN,66088,66,88,1,1,1,1,0,1,1,0,0,1,0,0,0,0,2021,0,0,0,0,0,0,0,0.06613299809396267,5,20,5,0,60,1,0,0,0,0,0
BEN,66104,66,104,1,2,0,1,0,0,0,0,0,0,0,0,0,0,2021,0,0,0,0,0,0,0,5.205000035464764,1,0,0,0,30,0,0,1,0,0,0
BEN,66121,66,121,1,2,1,1,0,1,1,0,0,0,0,0,0,0,2021,0,0,0,0,0,0,0,0.08133800141513348,2,0,0,0,20,0,0,1,1,0,0
BEN,66137,66,137,1,2,1,1,0,1,1,0,0,0,0,0,0,0,2021,0,0,0,0,0,0,0,73.67231774702668,0,6,0,0,10,1,0,0,0,0,0
BEN,66153,66,153,1,2,1,1,1,1,1,0,0,1,0,0,0,0,2021,1,0,0,0,0,1,0,7.5400002002716064,4,0,0,0,44,0,0,1,0,0,0
BEN,66169,66,169,1,4,0,0,0,0,0,0,0,0,0,0,0,0,2021,0,0,0,0,0,0,0,0.75,0,0,0,0,18,1,0,1,0,0,0
BEN,66185,66,185,1,2,1,1,0,0,0,0,0,0,0,0,0,0,2021,0,0,0,0,0,0,0,0.07316800206899643,4,5,0,0,10,0,0,1,0,0,0
BEN,67002,67,2,1,2,1,1,0,0,0,0,0,0,0,0,0,0,2021,0,0,0,0,0,0,0,3.0,0,2,3,0,11,0,0,0,0,0,0
BEN,67010,67,10,1,2,1,1,0,1,1,0,0,1,0,0,0,0,2021,0,0,0,0,0,0,0,2.5,0,3,0,0,15,1,0,1,0,0,0
BEN,67018,67,18,1,2,1,1,1,1,1,0,0,1,0,0,0,0,2021,0,0,0,0,0,0,0,1.7875750213861465,0,4,3,0,50,1,0,1,0,0,0
BEN,67026,67,26,1,2,0,0,0,1,1,0,0,0,0,0,0,0,2021,0,0,0,0,0,0,0,3.853000044822693,4,3,2,0,30,0,0,1,0,0,0
BEN,67034,67,34,1,2,1,0,0,1,1,0,0,0,0,0,0,0,2021,0,0,0,0,0,0,0,0.027427000924944878,0,0,0,0,7,0,0,1,0,0,0
BEN,67042,67,42,1,1,1,1,0,1,1,0,0,1,0,0,0,0,2021,0,0,0,0,0,0,0,88.77395300008357,0,5,0,0,12,0,0,1,0,0,0
BEN,67050,67,50,1,2,0,0,0,1,0,0,0,0,0,0,0,0,2021,0,0,0,0,0,0,0,3.2000000402331352,0,0,0,0,0,0,0,1,0,0,0
BEN,67058,67,58,1,2,1,1,0,0,0,0,0,0,0,0,0,0,2021,0,0,0,0,0,0,0,1.800000011920929,0,3,2,0,11,0,0,0,0,0,0
BEN,67066,67,66,1,2,1,1,0,0,0,0,0,1,0,0,0,0,2021,0,0,0,0,0,0,0,2.5,7,6,4,0,12,1,0,1,1,0,0
BEN,67074,67,74,1,2,1,1,1,1,1,0,0,0,0,0,0,0,2021,0,0,0,0,0,0,0,0.04525499977171421,0,0,0,0,12,0,0,1,0,0,0
BEN,67083,67,83,1,2,0,1,1,1,0,0,0,0,0,0,0,0,2021,0,0,0,0,0,0,0,2.30999992787838,0,0,1,0,5,0,1,1,0,0,0
BEN,67091,67,91,1,2,1,1,0,0,0,0,0,0,0,0,0,0,2021,0,0,0,0,0,0,0,0.0575920008122921,1,0,0,0,23,1,0,1,0,0,0
BEN,68011,68,11,2,2,1,1,0,1,1,0,0,0,0,0,0,0,2021,0,0,0,0,0,0,0,0.36000001430511475,0,7,0,0,15,0,0,1,0,0,0
BEN,68019,68,19,2,2,1,1,1,1,1,0,0,1,0,0,0,0,2021,0,0,0,0,0,0,0,5.200000166893005,3,11,0,0,9,1,0,0,0,0,0
BEN,68028,68,28,2,2,1,1,0,1,1,0,0,0,0,0,0,0,2021,0,0,0,0,0,0,0,1.1200000047683716,3,0,0,0,7,0,0,0,0,0,0
BEN,68046,68,46,2,2,0,1,1,1,1,0,0,1,0,0,0,0,2021,0,0,0,0,0,0,0,2.1213600039482117,0,0,0,0,27,0,0,1,1,0,0
BEN,68054,68,54,2,2,0,1,1,1,1,0,0,1,0,0,0,0,2021,0,0,0,0,0,0,0,2.6822399497032166,0,17,0,0,10,0,0,0,0,0,0
BEN,68063,68,63,2,2,0,1,1,1,1,0,0,1,0,0,0,0,2021,0,0,0,0,0,0,0,1.0537600219249725,0,0,0,0,14,0,0,0,0,0,0
BEN,68081,68,81,2,2,1,1,1,1,1,0,0,0,0,0,0,0,2021,0,0,0,0,0,0,0,8.960000038146973,4,8,0,0,22,1,0,0,0,0,0
BEN,68089,68,89,2,1,1,1,0,1,1,0,0,0,0,0,0,0,2021,0,0,0,0,0,0,0,2.049999952316284,0,6,0,0,12,0,0,0,0,0,0
BEN,68098,68,98,2,2,1,1,1,1,1,0,0,0,0,0,0,0,2021,0,0,0,0,0,0,0,3.3600000143051147,0,3,0,0,8,0,0,0,0,0,0
BEN,68116,68,116,2,2,1,1,1,1,1,0,0,0,0,0,0,0,2021,0,0,0,0,0,0,0,3.0100001096725464,0,5,0,0,15,0,0,0,0,0,0
BEN,68124,68,124,2,2,0,1,1,1,1,0,0,0,0,0,0,0,2021,0,0,0,0,0,0,0,2.249679923057556,0,13,0,0,16,0,0,0,0,0,0
BEN,68133,68,133,2,2,1,1,1,1,1,0,0,0,0,0,0,0,2021,0,0,0,0,0,0,0,2.8199999928474426,0,4,0,0,8,0,0,0,0,0,0
BEN,69010,69,10,1,2,1,1,1,1,1,0,0,1,0,0,0,0,2021,1,0,0,0,0,0,0,4.01800012588501,3,0,0,0,78,1,0,1,0,0,0
BEN,69021,69,21,1,2,1,1,0,1,1,0,0,1,0,0,0,0,2021,0,0,0,0,0,0,0,2.681999921798706,0,6,0,0,12,1,0,1,0,0,0
BEN,69033,69,33,1,1,1,1,0,1,1,0,0,1,0,0,0,0,2021,0,0,0,0,0,0,0,1.699999988079071,0,0,2,0,4,0,0,0,0,0,0
BEN,69044,69,44,1,2,1,1,1,1,1,0,0,1,0,0,0,0,2021,0,0,0,0,0,0,0,1.1950000450015068,0,0,2,0,8,1,0,1,0,0,0
BEN,69056,69,56,1,1,1,1,0,0,0,0,1,0,0,0,0,0,2021,0,0,0,0,0,0,0,1.25,0,4,0,0,5,0,0,0,0,0,0
BEN,69067,69,67,1,1,1,1,0,0,0,0,0,1,0,0,0,0,2021,0,0,0,0,0,0,0,2.300000011920929,2,0,0,0,5,0,0,0,0,0,0
BEN,69079,69,79,1,1,1,1,0,1,1,0,0,0,0,0,0,0,2021,0,0,0,0,0,0,0,0.03307100012898445,0,0,0,0,10,0,0,1,0,0,0
BEN,69090,69,90,1,2,1,1,0,1,1,0,0,0,0,0,0,0,2021,0,0,0,0,0,0,0,92.05000305175781,0,0,0,0,15,0,1,1,0,0,0
BEN,69102,69,102,1,1,1,1,0,1,1,0,0,0,0,0,0,0,2021,0,0,0,0,0,0,0,0.9000000059604645,0,0,3,0,10,0,0,0,0,0,0
BEN,69113,69,113,1,1,1,1,0,1,1,0,0,1,0,0,0,0,2021,0,0,0,0,0,0,0,0.054951999336481094,0,0,1,0,0,0,0,1,0,0,0
BEN,69125,69,125,1,2,1,1,1,1,0,0,0,1,0,0,0,0,2021,0,0,0,0,0,0,0,4.513000011444092,1,16,0,0,15,0,0,1,0,0,0
BEN,69136,69,136,1,2,1,1,0,1,1,0,0,0,0,0,0,0,2021,0,0,0,0,0,0,0,0.06488700024783611,0,0,1,0,0,0,0,0,1,0,0
BEN,70006,70,6,2,2,1,1,0,1,1,0,0,0,1,0,0,0,2021,0,0,0,0,0,0,0,3.8086140155792236,0,0,0,0,0,1,0,1,0,0,0
BEN,70014,70,14,2,2,1,1,1,1,1,0,0,1,1,0,0,0,2021,0,0,0,0,0,0,0,1.8975564241409302,0,0,0,0,0,0,0,1,0,0,0
BEN,70028,70,28,2,2,1,1,0,1,1,0,0,0,1,0,0,0,2021,0,0,0,0,0,0,0,2.03609561920166,0,8,4,0,5,0,1,1,0,0,0
BEN,70035,70,35,2,2,1,1,0,1,1,0,0,0,0,0,0,0,2021,0,0,0,0,0,0,0,4.699869126081467,0,0,0,0,20,0,0,0,0,0,0
BEN,70042,70,42,2,2,0,1,1,0,1,0,0,0,0,0,0,0,2021,0,0,0,0,0,0,0,,0,5,0,0,8,1,0,0,0,0,0
BEN,70057,70,57,2,4,0,0,0,1,1,0,0,0,0,0,0,0,2021,0,0,0,0,0,0,0,4.695424973964691,0,0,0,0,0,0,0,0,0,0,0
BEN,70064,70,64,2,2,1,1,0,0,0,0,0,0,0,0,0,0,2021,0,0,0,0,0,0,0,6.889217019081116,0,0,0,0,24,0,0,0,0,0,0
BEN,70071,70,71,2,2,1,1,0,1,1,0,0,1,1,0,0,0,2021,0,0,0,0,0,0,0,2.1036741733551025,0,10,0,0,15,1,0,1,0,0,0
BEN,70085,70,85,2,2,0,1,1,1,1,0,0,0,0,0,0,0,2021,0,0,0,0,0,0,0,1.6599999964237213,0,3,0,0,6,0,1,1,0,0,0
BEN,70093,70,93,2,2,1,1,0,1,1,0,0,0,0,0,0,0,2021,0,0,0,0,0,0,0,2.899700939655304,0,3,0,0,6,0,0,0,0,0,0
BEN,70100,70,100,2,2,0,1,0,1,1,0,0,0,0,0,0,0,2021,0,0,0,0,0,0,0,1.0900000035762787,0,5,0,0,3,1,1,1,0,0,0
BEN,70114,70,114,2,2,0,1,1,1,1,0,0,0,0,0,0,0,2021,0,0,0,0,0,0,0,0.9700000211596489,0,6,0,0,32,0,1,1,0,0,0
BEN,71005,71,5,1,2,0,1,0,1,1,0,0,1,1,0,0,0,2021,0,0,0,0,0,0,0,7.340000033378601,0,8,6,0,33,0,0,0,0,0,0
BEN,71011,71,11,1,2,0,1,0,1,1,0,0,1,1,0,0,0,2021,0,0,0,0,0,0,0,2.840000033378601,0,0,8,0,24,0,1,0,0,0,0
BEN,71018,71,18,1,2,0,1,0,1,1,0,0,1,1,0,0,0,2021,0,0,0,0,0,0,0,2.8399999141693115,0,4,3,0,11,0,0,0,0,0,0
BEN,71024,71,24,1,2,0,1,0,1,1,0,0,1,1,0,0,0,2021,0,0,0,0,0,0,0,4.310000002384186,0,4,5,0,21,0,1,1,0,0,0
BEN,71031,71,31,1,2,1,1,0,1,1,0,0,0,0,0,0,0,2021,0,0,0,0,0,0,0,0.5,0,0,0,0,0,0,0,1,0,0,0
BEN,71038,71,38,1,2,1,1,1,1,1,0,0,1,0,0,0,0,2021,0,0,0,0,0,0,0,2.5,0,0,6,0,0,1,0,0,0,0,0
BEN,71044,71,44,1,2,1,1,0,1,1,0,0,1,0,0,0,0,2021,0,0,0,0,0,0,0,1.0,0,0,0,0,7,1,0,0,0,0,0
BEN,71051,71,51,1,1,1,1,1,1,1,0,0,0,1,0,0,0,2021,0,0,0,0,0,0,0,1.0,0,0,0,0,0,1,0,0,0,0,0
BEN,71057,71,57,1,1,1,1,1,1,1,0,0,0,0,0,0,0,2021,0,0,0,0,0,0,0,1.0,0,0,0,0,0,1,0,0,0,0,0
BEN,71064,71,64,1,1,1,1,1,1,1,0,0,0,0,0,0,0,2021,0,0,0,0,0,0,0,1.0,0,0,0,0,0,1,0,1,0,0,0
BEN,71070,71,70,1,1,1,1,1,1,1,0,0,0,0,0,0,0,2021,0,0,0,0,0,0,0,,0,0,0,0,0,1,0,0,0,0,0
BEN,71077,71,77,1,2,0,1,0,1,1,0,0,1,1,0,0,0,2021,0,0,0,0,0,0,0,1.0,0,0,0,0,0,1,0,0,0,0,0
BEN,72006,72,6,2,3,1,1,1,0,0,0,1,0,0,0,0,0,2021,1,0,0,0,0,1,0,,0,0,0,0,0,0,0,0,0,0,0
BEN,72012,72,12,2,2,1,1,1,0,0,0,0,0,0,0,0,0,2021,0,0,0,0,0,0,0,4.2200000286102295,0,6,3,0,25,0,0,0,0,0,0
BEN,72029,72,29,2,1,1,1,1,1,1,1,1,0,0,0,0,0,2021,0,0,0,0,0,0,0,,0,0,0,0,0,0,0,0,0,0,0
BEN,72046,72,46,2,1,1,1,1,0,0,1,1,0,0,0,1,0,2021,1,0,0,0,0,1,0,,0,0,0,0,8,0,0,0,0,0,0
BEN,72053,72,53,2,1,1,1,1,1,1,0,0,1,0,1,0,0,2021,0,0,0,0,0,0,0,,0,0,0,0,0,0,0,0,0,0,0
BEN,72056,72,56,2,3,1,1,1,1,1,0,1,0,0,1,0,0,2021,1,0,0,0,0,1,0,,0,0,0,0,0,0,0,0,0,0,0
BEN,72063,72,63,2,1,1,1,1,0,0,0,1,0,0,0,0,0,2021,1,1,0,0,0,1,0,,0,0,0,0,0,0,0,0,0,0,0
BEN,72080,72,80,2,1,1,1,1,0,0,0,1,0,0,0,0,0,2021,0,0,0,0,0,0,0,,0,0,0,0,0,0,0,0,1,0,0
BEN,72100,72,100,2,1,1,1,1,0,0,1,1,0,0,0,0,0,2021,1,1,0,1,0,0,0,,0,0,0,0,0,0,0,0,0,0,0
BEN,72148,72,148,2,1,1,1,1,1,1,0,0,1,0,0,1,0,2021,0,0,0,0,0,0,0,0.25,0,0,1,0,6,0,0,0,0,0,0
BEN,72233,72,233,2,1,1,1,1,1,1,1,1,0,0,1,1,1,2021,1,0,0,0,0,0,1,,0,0,0,0,0,0,0,0,0,0,0
BEN,72267,72,267,2,1,1,1,1,1,1,1,1,0,0,0,0,0,2021,1,1,1,1,0,0,0,,0,0,0,0,0,0,0,0,0,0,0
BEN,73006,73,6,1,2,1,1,1,0,0,0,0,0,0,0,0,0,2021,0,0,0,0,0,0,0,1.25,0,3,0,0,15,0,0,1,0,0,0
BEN,73019,73,19,1,2,1,1,0,0,0,0,0,0,0,0,0,0,2021,0,0,0,0,0,0,0,2.4756019711494446,0,0,0,0,36,1,0,1,0,0,0
BEN,73031,73,31,1,2,1,1,0,1,1,0,0,1,0,0,0,0,2021,0,0,0,0,0,0,0,0.5,0,0,0,0,23,1,0,1,0,0,0
BEN,73043,73,43,1,2,1,1,0,1,1,0,0,0,0,0,0,0,2021,0,0,0,0,0,0,0,0.5699999928474426,0,0,0,0,24,0,0,0,0,0,0
BEN,73056,73,56,1,2,0,1,1,0,0,0,0,1,1,0,0,0,2021,0,0,0,0,0,0,0,0.08403999730944633,40,25,0,0,13,0,0,0,0,0,0
BEN,73068,73,68,1,2,1,1,1,0,0,0,0,1,1,0,0,0,2021,0,0,0,0,0,0,0,0.1325399987399578,0,4,7,0,40,1,0,0,0,0,0
BEN,73080,73,80,1,2,0,1,1,0,0,0,0,0,1,0,0,0,2021,0,0,0,0,0,0,0,0.08466000109910965,0,10,0,0,15,0,0,0,0,0,0
BEN,73092,73,92,1,2,1,1,0,0,0,0,0,0,0,0,0,0,2021,0,0,0,0,0,0,0,0.10400000214576721,0,0,0,0,0,1,1,0,0,0,0
BEN,73105,73,105,1,2,1,1,1,1,1,0,0,1,0,0,0,0,2021,0,0,0,0,0,0,0,4.110000044107437,0,0,0,0,88,1,0,1,0,0,0
BEN,73117,73,117,1,2,1,1,1,0,0,0,0,0,0,0,0,0,2021,0,0,0,0,0,0,0,2.2633309364318848,0,4,0,0,15,0,1,1,0,0,0
BEN,73129,73,129,1,2,0,1,1,0,0,0,0,0,0,0,0,0,2021,0,0,0,0,0,0,0,0.039820000529289246,0,15,0,0,10,0,0,0,0,0,0
BEN,73142,73,142,1,2,1,1,0,1,1,0,0,0,0,0,0,0,2021,0,0,0,0,0,0,0,0.7699999958276749,0,0,0,0,47,1,0,0,0,0,0
BEN,74013,74,13,2,1,1,1,1,0,0,1,1,0,1,1,1,0,2021,0,0,0,0,0,0,0,,0,0,0,0,0,0,0,1,0,0,0
BEN,74039,74,39,2,1,1,1,1,1,1,1,1,0,1,1,0,0,2021,0,0,0,0,0,0,0,,0,0,0,0,0,0,0,0,0,0,0
BEN,74053,74,53,2,3,1,1,1,0,0,0,0,0,0,0,0,0,2021,0,0,0,0,0,0,0,,0,0,0,0,0,0,0,0,0,0,0
BEN,74066,74,66,2,2,1,1,1,0,0,0,0,1,1,0,0,0,2021,0,0,0,0,0,0,0,,13,12,0,0,41,0,0,0,0,1,0
BEN,74092,74,92,2,1,1,1,1,0,0,0,1,0,1,1,1,0,2021,0,0,0,0,0,0,0,,0,0,0,0,0,0,0,1,0,0,0
BEN,74106,74,106,2,2,1,1,0,0,0,0,0,1,1,0,0,0,2021,0,0,0,0,0,0,0,1.469999998807907,0,7,5,0,20,1,0,1,0,1,0
BEN,74119,74,119,2,1,1,1,1,0,0,0,0,1,0,0,0,0,2021,0,0,0,0,0,0,0,0.5299999713897705,0,0,20,0,0,0,0,0,0,0,0
BEN,74145,74,145,2,1,1,1,1,1,1,0,1,0,1,1,0,0,2021,0,0,0,0,0,0,0,,0,0,0,0,0,0,0,1,0,0,0
BEN,74159,74,159,2,2,1,1,1,1,1,1,1,0,1,0,0,0,2021,1,0,0,0,0,1,0,,0,0,0,0,0,0,0,0,0,0,0
BEN,74172,74,172,2,1,1,1,1,0,0,0,1,0,1,1,1,0,2021,0,0,0,0,0,0,0,,0,0,0,0,0,0,0,0,0,0,0
BEN,74198,74,198,2,1,1,1,1,1,0,1,1,0,0,0,0,0,2021,0,0,0,0,0,1,0,,0,0,0,0,0,0,0,0,0,0,0
BEN,74212,74,212,2,2,1,1,1,0,0,1,1,0,1,0,0,0,2021,1,0,0,0,0,1,0,,0,0,0,0,0,0,0,1,0,0,0
BEN,75002,75,2,1,2,1,1,1,0,0,0,0,0,0,0,0,0,2021,0,0,0,0,0,0,0,1.5,0,5,0,0,0,0,0,0,0,0,0
BEN,75009,75,9,1,4,0,0,0,1,1,0,0,0,0,0,0,0,2021,0,0,0,0,0,0,0,2.950000047683716,0,0,0,0,0,1,0,1,0,0,0
BEN,75016,75,16,1,2,1,1,1,0,0,0,0,1,0,0,0,0,2021,0,0,0,0,0,0,0,0.6334760189056396,0,0,0,0,0,0,0,1,0,0,0
BEN,75023,75,23,1,4,1,1,0,0,0,0,0,0,0,0,0,0,2021,0,0,0,0,0,0,0,4.139999866485596,0,0,0,0,0,1,0,1,0,0,0
BEN,75030,75,30,1,2,1,1,1,0,0,0,0,0,0,0,0,0,2021,0,0,0,0,0,0,0,2.9996999502182007,0,0,0,0,0,0,0,0,0,0,0
BEN,75037,75,37,1,2,1,1,1,0,0,0,0,1,1,0,0,0,2021,0,0,0,0,0,0,0,2.0,0,0,0,0,0,0,0,0,0,0,0
BEN,75044,75,44,1,2,1,1,1,0,0,0,0,1,0,0,0,0,2021,0,0,0,0,0,0,0,0.6174939870834351,0,0,0,0,0,0,0,0,0,0,0
BEN,75051,75,51,1,2,1,1,1,0,0,0,0,0,0,0,0,0,2021,0,0,0,0,0,0,0,,0,0,0,0,0,1,0,0,0,0,0
BEN,75057,75,57,1,2,1,1,1,0,0,0,0,0,0,0,0,0,2021,0,0,0,0,0,0,0,0.5,0,0,0,0,15,0,0,0,0,0,0
BEN,75064,75,64,1,2,1,1,1,0,0,0,0,1,1,0,0,0,2021,0,0,0,0,0,0,0,1.25,0,0,0,0,0,0,0,0,0,0,0
BEN,75071,75,71,1,4,0,0,0,1,1,0,0,0,0,0,0,0,2021,0,0,0,0,0,0,0,1.003000020980835,0,0,0,0,0,0,0,1,0,0,0
BEN,75078,75,78,1,4,0,1,0,1,1,0,0,0,0,0,0,0,2021,0,0,0,0,0,0,0,,0,0,0,0,0,1,0,1,0,0,0
BEN,76013,76,13,2,2,0,1,1,0,0,0,0,1,0,0,0,0,2021,0,0,0,0,0,0,0,2.599999949336052,0,6,4,0,35,0,1,1,0,0,0
BEN,76017,76,17,2,2,1,1,0,1,1,0,0,0,0,0,0,0,2021,0,0,0,0,0,0,0,6.438103795051575,12,5,0,0,30,0,0,0,0,0,0
BEN,76023,76,23,2,4,0,1,1,0,0,0,0,0,0,0,0,0,2021,0,0,0,0,0,0,0,1.0800000205636024,0,0,0,0,3,0,1,1,0,0,0
BEN,76032,76,32,2,2,0,1,1,0,0,0,0,0,0,0,0,0,2021,0,0,0,0,0,0,0,1.9999999925494194,0,0,2,0,10,0,1,1,0,0,0
BEN,76051,76,51,2,2,0,1,1,0,0,0,0,0,0,0,0,0,2021,0,0,0,0,0,0,0,1.619999997317791,0,0,0,0,0,0,1,1,0,0,0
BEN,76061,76,61,2,2,1,1,1,1,1,0,0,0,1,0,0,0,2021,0,0,0,0,0,0,0,1.9506771564483643,6,4,0,0,5,0,0,1,0,0,0
BEN,76064,76,64,2,1,1,1,1,1,1,1,1,0,0,1,1,0,2021,1,0,0,0,0,1,0,,0,0,0,0,15,0,0,0,0,0,0
BEN,76071,76,71,2,1,1,1,1,1,1,1,1,0,0,1,1,0,2021,0,0,0,0,0,0,0,,0,12,0,0,42,0,0,0,0,0,0
BEN,76074,76,74,2,4,1,1,1,1,1,0,0,0,0,0,0,0,2021,0,0,0,0,0,0,0,1.8749080002307892,0,3,0,0,10,0,0,0,0,0,0
BEN,76100,76,100,2,3,1,1,1,1,1,0,0,0,1,0,0,0,2021,0,0,0,0,0,0,0,,0,0,0,0,0,0,0,0,0,0,0
BEN,76109,76,109,2,3,1,1,1,1,1,0,0,0,1,0,0,0,2021,0,0,0,0,0,0,0,,0,2,0,0,0,0,0,1,0,0,0
BEN,76128,76,128,2,4,1,1,0,1,1,0,0,0,1,0,0,0,2021,0,0,0,0,0,0,0,,0,0,1,0,10,0,1,1,0,0,0
BEN,77008,77,8,1,2,1,1,0,1,1,0,0,0,0,0,0,0,2021,0,0,0,0,0,0,0,,0,0,0,0,12,0,0,0,0,0,0
BEN,77018,77,18,1,2,1,1,0,1,1,0,0,0,0,0,0,0,2021,0,0,0,0,0,0,0,1.979699969291687,0,21,1,0,12,0,0,0,0,0,0
BEN,77028,77,28,1,2,1,1,0,1,1,0,0,0,0,0,0,0,2021,0,0,0,0,0,0,0,0.9760000184178352,0,0,0,0,15,0,0,0,0,0,0
BEN,77038,77,38,1,2,1,1,0,1,1,0,0,0,1,0,0,0,2021,0,0,0,0,0,0,0,0.39399999380111694,0,0,0,0,0,0,0,0,0,0,0
BEN,77048,77,48,1,2,1,1,0,0,0,0,0,0,0,0,0,0,2021,0,0,0,0,0,0,0,3.6200000643730164,0,0,0,0,7,0,0,0,0,0,0
BEN,77058,77,58,1,2,1,1,1,0,0,0,0,0,0,0,0,0,2021,0,0,0,0,0,0,0,3.040000021457672,0,0,0,0,42,1,0,0,0,0,0
BEN,77068,77,68,1,1,1,1,1,1,1,0,1,0,0,0,0,0,2021,0,0,0,0,0,0,0,1.149999976158142,0,0,0,0,0,0,0,0,0,0,0
BEN,77078,77,78,1,2,1,1,1,1,1,0,0,0,1,0,0,0,2021,0,0,0,0,0,0,0,1.4500000476837158,0,0,0,0,8,0,0,0,0,0,0
BEN,77087,77,87,1,2,0,1,1,1,1,0,0,0,0,0,0,0,2021,0,0,0,0,0,0,0,4.074115637689829,32,10,0,0,15,0,0,0,0,0,0
BEN,77097,77,97,1,2,0,1,1,1,1,0,0,0,0,0,0,0,2021,0,0,0,0,0,0,0,3.0482847094535828,0,15,0,0,25,1,0,0,0,0,0
BEN,77107,77,107,1,2,1,1,1,1,1,0,1,0,0,0,0,0,2021,1,0,0,0,0,1,0,,0,0,0,0,15,1,0,0,0,0,0
BEN,77117,77,117,1,2,0,1,1,1,1,0,0,0,0,0,0,0,2021,0,0,0,0,0,0,0,2.038839966058731,0,6,0,0,10,0,0,0,0,0,0
BEN,78007,78,7,2,2,1,1,1,0,0,0,0,1,1,0,0,0,2021,0,0,0,0,0,0,0,7.895999908447266,3,7,0,0,0,0,0,1,0,0,0
BEN,78017,78,17,2,2,1,1,1,0,0,0,0,1,1,0,0,0,2021,0,0,0,0,0,0,0,6.991000175476074,3,7,0,0,0,0,0,1,1,0,0
BEN,78035,78,35,2,2,1,1,1,0,0,0,0,1,1,0,0,0,2021,0,0,0,0,0,0,0,11.08899974822998,2,6,0,0,0,0,0,1,0,0,0
BEN,78044,78,44,2,2,1,1,1,0,0,0,0,1,1,0,0,0,2021,0,0,0,0,0,0,0,10.45199966430664,4,8,0,0,0,0,1,1,0,0,0
BEN,78054,78,54,2,2,0,1,1,1,1,0,0,1,0,0,0,0,2021,0,0,0,0,0,0,0,10.25046819448471,4,0,0,0,25,0,0,0,0,0,0
BEN,78072,78,72,2,2,0,1,1,1,1,0,0,1,0,0,0,0,2021,0,0,0,0,0,0,0,25.34999942779541,0,0,0,0,70,0,1,0,0,0,0
BEN,78081,78,81,2,2,1,1,0,0,0,0,0,0,0,0,0,0,2021,0,0,0,0,0,0,0,1.2521570026874542,0,5,0,0,30,0,0,0,0,0,0
BEN,78091,78,91,2,2,0,1,1,1,1,0,0,1,0,0,0,0,2021,0,0,0,0,0,0,0,9.400000035762787,2,0,0,0,75,0,1,0,0,0,0
BEN,78109,78,109,2,2,0,1,1,0,0,0,0,1,0,0,0,0,2021,0,0,0,0,0,0,0,3.000541925430298,0,0,0,0,20,0,0,0,0,0,0
BEN,78118,78,118,2,2,0,1,1,0,0,0,0,1,0,0,0,0,2021,0,0,0,0,0,0,0,10.210000157356262,2,12,0,0,50,0,1,1,0,0,0
BEN,78128,78,128,2,2,0,1,0,0,0,0,0,0,0,0,0,0,2021,0,0,0,0,0,0,0,3.002284049987793,0,6,0,0,8,0,0,0,0,0,0
BEN,78146,78,146,2,2,0,1,1,0,0,0,0,1,0,0,0,0,2021,0,0,0,0,0,0,0,25.850000619888306,0,21,0,0,53,0,1,0,0,0,0
BEN,79003,79,3,1,2,1,1,1,0,0,1,1,0,0,1,0,0,2021,1,0,0,0,0,0,0,0.699999988079071,0,0,0,0,6,1,0,1,0,0,0
BEN,79013,79,13,1,2,1,1,1,0,0,1,1,0,0,0,0,0,2021,1,0,0,0,0,1,0,2.7199999392032623,0,0,0,0,0,0,0,1,0,1,0
BEN,79024,79,24,1,2,1,1,1,0,0,1,1,0,0,1,0,0,2021,1,0,0,0,0,1,0,4.670000076293945,0,0,0,0,0,0,0,1,0,0,0
BEN,79034,79,34,1,2,1,1,1,0,0,1,1,0,0,0,0,0,2021,1,0,0,0,0,1,0,4.369999885559082,0,0,0,0,0,1,0,1,0,0,0
BEN,79044,79,44,1,1,1,1,1,0,0,0,0,1,0,0,0,0,2021,0,0,0,0,0,0,0,7.6152870655059814,0,3,2,0,0,1,0,0,0,0,0
BEN,79055,79,55,1,1,1,1,1,0,0,1,1,0,1,1,1,0,2021,0,0,0,0,0,0,0,17.089254021644592,1,0,0,0,2,0,0,0,0,0,0
BEN,79065,79,65,1,1,1,1,1,0,0,0,0,1,0,1,1,0,2021,0,0,0,0,0,0,0,7.507344841957092,0,15,0,0,10,0,0,0,0,0,0
BEN,79076,79,76,1,1,1,1,0,0,0,0,0,1,0,0,0,0,2021,0,0,0,0,0,0,0,,0,5,0,0,8,0,0,0,0,0,0
BEN,79086,79,86,1,2,0,1,1,0,0,1,1,0,1,0,0,0,2021,1,0,0,0,0,1,0,2.559999942779541,1,6,0,0,33,1,0,1,0,0,0
BEN,79097,79,97,1,2,0,1,1,0,0,1,1,0,1,0,0,0,2021,1,0,0,0,0,1,0,2.4899999797344208,0,0,0,0,4,1,0,1,0,0,0
BEN,79107,79,107,1,2,0,1,1,0,0,0,0,1,1,0,0,0,2021,1,0,0,0,0,1,0,3.4999999701976776,0,5,0,0,7,1,0,1,0,0,0
BEN,79118,79,118,1,2,0,1,1,0,0,0,0,1,0,0,0,0,2021,0,0,0,0,0,1,0,1.5599999725818634,0,0,0,0,4,1,0,1,0,0,0
BEN,80009,80,9,2,2,0,1,0,1,1,0,0,0,0,0,0,0,2021,0,0,0,0,0,0,0,16.026925086975098,0,0,0,0,40,0,0,0,0,0,0
BEN,80017,80,17,2,2,1,1,1,1,1,0,0,1,0,1,0,0,2021,1,0,0,0,0,1,1,75.54000091552734,0,5,0,0,220,0,1,1,0,0,0
BEN,80024,80,24,2,2,1,1,1,1,1,0,0,0,0,0,0,0,2021,1,0,0,0,0,0,0,33.220001220703125,10,0,0,0,60,0,1,0,0,0,0
BEN,80039,80,39,2,2,1,1,1,1,1,0,0,1,0,0,0,0,2021,0,0,0,0,0,0,0,12.0000479221344,4,0,0,0,19,0,0,0,0,0,0
BEN,80046,80,46,2,2,1,1,1,0,0,0,0,1,1,0,0,0,2021,0,0,0,0,0,0,0,13.085000038146973,0,6,0,0,5,0,0,1,0,0,0
BEN,80053,80,53,2,2,0,1,0,1,1,0,0,0,0,0,0,0,2021,0,0,0,0,0,0,0,12.006869673728943,0,0,0,0,25,0,0,0,0,0,0
BEN,80068,80,68,2,2,0,1,0,1,1,0,0,0,0,0,0,0,2021,0,0,0,0,0,0,0,10.049744844436646,0,11,0,0,20,0,0,0,0,0,0
BEN,80075,80,75,2,2,0,1,1,1,1,0,0,1,0,0,0,0,2021,0,0,0,0,0,0,0,36.34999990463257,4,0,0,0,32,0,1,0,0,0,0
BEN,80082,80,82,2,2,1,1,1,0,0,0,0,1,1,0,0,0,2021,0,0,0,0,0,0,0,3.7990000247955322,0,3,0,0,0,0,0,1,0,0,0
BEN,80097,80,97,2,2,1,1,1,0,0,0,0,1,1,0,0,0,2021,0,0,0,0,0,0,0,2.0887298583984375,0,5,0,0,0,0,0,1,0,0,0
BEN,80104,80,104,2,2,1,1,1,0,0,0,0,1,1,0,0,0,2021,0,0,0,0,0,0,0,2.0797629356384277,3,0,0,0,0,0,0,1,0,0,0
BEN,80112,80,112,2,2,0,1,1,1,1,0,0,1,0,0,0,0,2021,0,0,0,0,0,0,0,12.509999990463257,2,8,0,0,5,0,0,1,0,0,0
BEN,81007,81,7,1,2,1,1,1,0,0,0,0,0,0,0,0,0,2021,0,0,0,0,0,0,0,62.79851961135864,8,100,0,0,100,0,0,0,0,0,0
BEN,81014,81,14,1,2,0,1,0,0,0,0,0,0,0,0,0,0,2021,0,0,0,0,0,0,0,21.019972801208496,6,23,0,0,100,1,1,0,0,0,0
BEN,81021,81,21,1,2,1,1,0,1,1,0,0,0,0,0,0,0,2021,0,0,0,0,0,0,0,1.7700000405311584,3,0,0,0,15,0,1,0,0,0,0
BEN,81029,81,29,1,2,1,1,1,1,1,0,0,1,0,0,0,0,2021,0,0,0,0,0,0,0,9.269999980926514,2,0,0,0,40,1,1,1,0,0,0
BEN,81036,81,36,1,2,1,1,0,1,1,0,0,0,0,0,0,0,2021,0,0,0,0,0,0,0,1.2699999809265137,0,0,0,0,2,1,0,0,0,0,0
BEN,81043,81,43,1,2,0,1,0,0,0,0,0,1,0,0,0,0,2021,0,0,0,0,0,0,0,6.229999899864197,4,1,0,0,10,0,0,1,0,0,0
BEN,81050,81,50,1,2,0,1,0,0,0,0,0,1,1,0,0,0,2021,0,0,0,0,0,0,0,2.040000021457672,0,5,0,0,40,0,0,1,0,0,0
BEN,81057,81,57,1,2,0,0,0,0,0,0,0,1,0,0,0,0,2021,0,0,0,0,0,0,0,4.889999866485596,65,30,0,0,13,0,0,1,0,0,0
BEN,81064,81,64,1,2,0,0,0,1,1,0,0,0,0,0,0,0,2021,0,0,0,0,0,0,0,2.7200000286102295,14,16,0,0,43,0,1,0,0,0,0
BEN,81071,81,71,1,4,0,0,0,0,0,0,0,0,0,0,0,0,2021,0,0,0,0,0,0,0,4.000970005989075,6,15,0,0,32,0,0,0,0,0,0
BEN,81078,81,78,1,1,0,1,0,0,0,0,0,1,1,0,0,0,2021,0,0,0,0,0,0,0,3.590000092983246,2,6,0,0,30,0,0,1,0,0,0
BEN,81086,81,86,1,2,0,0,0,0,0,0,0,0,0,0,0,0,2021,0,0,0,0,0,0,0,3.391003966331482,4,13,0,0,27,0,0,0,0,0,0
BEN,82007,82,7,2,2,1,1,1,0,0,0,0,1,0,0,0,0,2021,0,0,0,0,0,0,0,3.7700000405311584,6,15,0,0,33,1,0,0,0,0,0
BEN,82021,82,21,2,2,1,1,1,0,0,0,0,0,0,0,0,0,2021,0,0,0,0,0,0,0,2.600000023841858,0,0,0,0,7,0,0,0,0,0,0
BEN,82028,82,28,2,2,0,1,1,0,0,0,0,0,0,0,0,0,2021,0,0,0,0,0,0,0,2.811179995536804,0,0,0,0,38,0,0,0,0,0,0
BEN,82034,82,34,2,2,0,1,1,0,0,0,0,1,0,0,0,0,2021,0,0,0,0,0,0,0,2.550510048866272,0,0,0,0,49,0,0,0,0,0,0
BEN,82048,82,48,2,2,1,1,1,0,0,0,0,0,0,0,0,0,2021,0,0,0,0,0,0,0,2.1200000047683716,0,8,0,0,18,0,0,0,0,0,0
BEN,82055,82,55,2,2,1,1,0,0,0,0,0,0,0,0,0,0,2021,0,0,0,0,0,0,0,2.0800000429153442,0,7,0,0,12,0,0,0,1,0,0
BEN,82062,82,62,2,2,0,1,0,0,0,0,0,0,0,0,0,0,2021,0,0,0,0,0,0,0,2.355450004339218,0,0,13,0,19,0,0,1,0,0,0
BEN,82076,82,76,2,2,1,1,0,1,0,0,0,0,0,0,0,0,2021,0,0,0,0,0,0,0,2.5,0,3,0,0,9,0,0,0,0,0,0
BEN,82083,82,83,2,2,0,1,1,0,0,0,0,1,0,0,0,0,2021,0,0,0,0,0,0,0,2.4990599751472473,0,0,0,0,39,0,0,0,0,0,0
BEN,82089,82,89,2,2,1,1,1,0,0,0,0,1,0,0,0,0,2021,0,0,0,0,0,0,0,2.3799999952316284,0,5,0,0,34,0,0,0,0,0,0
BEN,82103,82,103,2,2,1,1,0,0,0,0,0,0,0,0,0,0,2021,0,0,0,0,0,0,0,4.590000033378601,0,4,3,0,5,1,0,0,0,0,0
BEN,82110,82,110,2,2,1,1,1,0,0,0,0,0,0,0,0,0,2021,0,0,0,0,0,0,0,2.600000023841858,0,5,3,0,20,0,0,0,0,0,0
BEN,83009,83,9,1,2,1,1,1,1,1,0,0,0,0,0,0,0,2021,0,0,0,0,0,0,0,,0,10,0,0,13,0,0,0,0,0,0
BEN,83022,83,22,1,2,0,1,1,1,0,0,0,0,0,0,0,0,2021,0,0,0,0,0,0,0,0.5778999924659729,0,0,0,0,0,1,0,0,0,0,0
BEN,83035,83,35,1,2,0,1,1,1,1,0,0,0,0,0,0,0,2021,0,0,0,0,0,0,0,10.464534282684326,0,0,3,0,51,1,0,0,1,0,0
BEN,83048,83,48,1,2,1,1,0,1,1,0,0,0,0,0,0,0,2021,0,0,0,0,0,0,0,0.5099999904632568,0,3,1,0,2,0,0,0,0,0,0
BEN,83061,83,61,1,2,1,1,1,1,0,0,0,1,0,0,0,0,2021,0,0,0,0,0,0,0,5.812708139419556,0,0,0,0,0,1,0,0,0,0,0
BEN,83073,83,73,1,2,0,1,1,1,1,0,0,0,0,0,0,0,2021,0,0,0,0,0,0,0,0.5263299942016602,0,4,0,0,13,0,0,1,0,0,0
BEN,83086,83,86,1,2,1,1,1,1,1,0,0,0,0,0,0,0,2021,0,0,0,0,0,0,0,2.4099999368190765,0,13,3,0,31,0,0,0,0,0,0
BEN,83099,83,99,1,2,1,1,0,1,1,0,0,0,0,0,0,0,2021,0,0,0,0,0,0,0,0.9800000190734863,0,0,0,0,6,0,0,0,0,0,0
BEN,83112,83,112,1,2,1,1,0,0,0,0,0,0,0,0,0,0,2021,0,0,0,0,0,0,0,1.7000000476837158,0,0,0,0,15,0,0,0,0,0,0
BEN,83125,83,125,1,2,1,1,1,0,0,0,0,1,0,0,0,0,2021,1,0,0,0,0,1,0,2.75,0,0,0,0,5,0,1,0,0,0,0
BEN,83137,83,137,1,2,1,1,0,0,0,0,0,0,0,0,0,0,2021,0,0,0,0,0,0,0,1.6200000047683716,0,0,0,0,8,0,0,0,0,0,0
BEN,83150,83,150,1,2,1,1,1,0,0,0,0,0,0,0,0,0,2021,0,0,0,0,0,0,0,0.5299999713897705,0,0,0,0,5,0,0,0,0,0,0
BEN,84012,84,12,2,2,1,1,1,1,1,1,1,0,0,0,0,0,2021,1,0,0,0,0,1,0,,0,0,0,0,0,0,0,0,0,0,0
BEN,84028,84,28,2,2,1,1,1,1,1,1,1,0,0,0,0,0,2021,0,0,0,0,0,0,0,,0,0,0,0,0,0,0,0,0,0,0
BEN,84061,84,61,2,2,0,1,1,1,0,1,1,0,0,0,0,0,2021,0,0,0,0,0,0,0,,0,0,10,0,8,0,0,0,0,0,0
BEN,84077,84,77,2,2,1,1,1,1,1,1,1,0,1,0,0,0,2021,1,1,0,0,0,1,0,,0,45,0,0,23,1,0,0,0,0,0
BEN,84093,84,93,2,1,1,1,1,1,1,1,1,0,0,1,0,0,2021,0,0,0,0,0,0,0,,0,0,0,0,0,1,0,0,0,0,0
BEN,84126,84,126,2,1,1,1,1,1,1,1,1,0,1,1,1,0,2021,0,1,1,0,0,1,1,,0,0,0,0,0,0,0,0,0,0,0
BEN,84142,84,142,2,1,1,1,1,1,1,1,1,0,0,1,0,0,2021,0,0,0,0,0,0,0,,0,0,0,0,0,0,0,0,0,0,0
BEN,84158,84,158,2,3,1,1,1,1,1,1,1,0,0,1,0,1,2021,1,0,0,0,0,0,0,,0,0,0,0,0,0,0,0,0,0,0
BEN,84191,84,191,2,1,1,1,1,1,1,1,1,0,0,0,0,0,2021,1,0,0,0,0,0,0,,0,3,0,0,6,0,0,0,0,0,0
BEN,84207,84,207,2,1,1,1,1,1,1,0,1,0,0,0,0,0,2021,0,0,0,0,0,0,0,,0,0,0,0,0,0,0,0,0,0,0
BEN,84224,84,224,2,1,1,1,1,1,1,0,0,1,0,0,0,0,2021,0,0,0,0,0,0,0,,0,5,0,0,12,0,0,0,0,0,0
BEN,84256,84,256,2,1,1,1,1,1,1,1,1,0,0,0,0,0,2021,1,0,0,0,0,1,0,,0,6,0,0,10,0,0,0,0,0,0
BEN,85001,85,1,1,2,0,1,0,1,0,0,0,0,0,0,0,0,2021,0,0,0,0,0,0,0,2.35800002515316,0,0,0,0,33,1,0,1,0,0,0
BEN,85011,85,11,1,2,1,1,0,1,1,0,0,0,0,0,0,0,2021,0,0,0,0,0,0,0,0.04417100176215172,0,0,7,0,459,0,0,1,0,0,0
BEN,85021,85,21,1,2,0,1,0,1,1,0,0,1,0,0,0,0,2021,0,0,0,0,0,0,0,3.6139999628067017,0,0,1,0,11,1,0,1,0,0,0
BEN,85030,85,30,1,2,1,1,0,1,1,0,0,1,0,0,0,0,2021,0,0,0,0,0,0,0,0.060680998489260674,0,11,3,0,13,1,0,0,0,0,0
BEN,85040,85,40,1,2,1,1,0,1,1,0,0,1,0,0,0,0,2021,0,0,0,0,0,0,0,66.62304261047393,0,6,0,0,16,0,1,0,0,0,0
BEN,85050,85,50,1,2,1,1,0,1,1,0,0,0,0,0,0,0,2021,0,0,0,0,0,0,0,0.7800000011920929,0,0,0,0,12,1,1,0,0,0,0
BEN,85060,85,60,1,4,0,0,0,1,1,0,0,0,0,0,0,0,2021,0,0,0,0,0,0,0,1.5850000381469727,65,11,0,0,0,1,0,1,0,0,0
BEN,85070,85,70,1,2,0,1,0,0,0,0,0,1,0,0,0,0,2021,0,0,0,0,0,0,0,4.296999923884869,1,5,0,0,14,0,0,1,0,0,0
BEN,85079,85,79,1,2,1,1,0,0,0,0,0,0,0,0,0,0,2021,0,0,0,0,0,0,0,1.5,0,0,3,0,9,0,0,0,0,0,0
BEN,85089,85,89,1,4,1,0,0,0,1,0,0,0,0,0,0,0,2021,0,0,0,0,0,0,0,1.800000011920929,0,2,3,0,15,0,0,0,0,0,0
BEN,85099,85,99,1,1,1,1,0,1,1,0,0,1,0,0,0,0,2021,0,0,0,0,0,0,0,1.5,0,4,0,0,37,0,0,0,0,0,0
BEN,85109,85,109,1,2,1,1,0,0,0,0,0,1,0,0,0,0,2021,0,0,0,0,0,0,0,3.0,0,12,3,0,20,0,0,0,0,0,0
BEN,86001,86,1,2,2,1,1,0,1,1,0,0,0,0,0,0,0,2021,0,0,0,0,0,0,0,10.469999998807907,1,7,0,0,30,0,0,0,0,0,0
BEN,86014,86,14,2,2,0,1,1,1,1,1,1,0,0,0,0,0,2021,0,0,0,0,0,0,0,2.5894500017166138,0,0,0,0,39,0,0,1,0,0,0
BEN,86021,86,21,2,2,0,1,0,1,1,0,1,0,0,0,0,0,2021,0,0,0,0,0,0,0,3.2329800128936768,0,12,0,0,25,0,1,1,0,0,0
BEN,86028,86,28,2,2,0,1,0,1,1,0,1,0,0,0,0,0,2021,0,0,0,0,0,0,0,5.783470094203949,0,0,0,0,43,0,0,0,0,0,0
BEN,86041,86,41,2,2,0,1,0,1,1,1,1,0,0,0,0,0,2021,0,0,0,0,0,0,0,6.718419849872589,2,0,0,0,37,1,0,0,0,0,0
BEN,86048,86,48,2,2,1,1,0,1,1,0,0,0,0,0,0,0,2021,0,0,0,0,0,0,0,2.4700000435113907,0,2,0,0,4,0,0,0,0,0,0
BEN,86054,86,54,2,2,1,1,0,1,1,1,1,0,0,0,0,0,2021,0,0,0,0,0,0,0,7.7799999713897705,0,5,0,0,19,1,0,0,0,0,0
BEN,86068,86,68,2,2,1,1,1,1,1,0,0,1,0,0,0,0,2021,0,0,0,0,0,0,0,2.199999988079071,0,1,0,0,3,0,0,0,0,0,0
BEN,86074,86,74,2,2,1,1,0,1,1,0,0,1,0,0,0,0,2021,0,0,0,0,0,0,0,2.25,0,5,0,0,12,1,0,0,0,0,0
BEN,86081,86,81,2,2,1,1,1,1,1,1,1,0,0,0,0,0,2021,0,0,0,0,0,0,0,4.870000004768372,0,8,0,0,65,0,0,0,0,0,0
BEN,86094,86,94,2,2,1,0,0,1,1,0,0,0,0,0,0,0,2021,0,0,0,0,0,0,0,1.5099999904632568,38,25,0,0,20,1,0,0,0,0,0
BEN,86101,86,101,2,2,1,0,0,1,1,0,0,0,0,0,0,0,2021,0,0,0,0,0,0,0,1.649999976158142,15,25,0,0,9,0,0,0,0,0,0
BEN,87006,87,6,1,2,0,0,0,0,0,0,0,1,0,0,0,0,2021,0,0,0,0,0,0,0,1.3483100086450577,0,12,2,0,24,0,0,0,0,0,0
BEN,87016,87,16,1,2,0,1,0,1,1,0,0,0,0,0,0,0,2021,0,0,0,0,0,0,0,1.3320999704301357,0,8,0,0,15,1,0,0,0,0,0
BEN,87025,87,25,1,2,1,1,1,0,0,0,0,0,0,0,0,0,2021,0,0,0,0,0,0,0,2.882999986410141,0,28,7,0,53,0,1,1,0,0,0
BEN,87035,87,35,1,2,1,1,1,0,0,0,0,0,0,0,0,0,2021,0,0,0,0,0,0,0,1.7300000190734863,0,10,4,0,12,0,0,0,0,0,0
BEN,87044,87,44,1,2,1,1,0,1,1,0,0,0,0,0,0,0,2021,0,0,0,0,0,0,0,3.259999930858612,0,3,1,0,6,1,0,0,0,0,0
BEN,87054,87,54,1,2,0,1,1,0,0,0,0,1,0,0,0,0,2021,0,0,0,0,0,0,0,0.7052199989557266,0,0,0,0,0,1,1,0,0,0,0
BEN,87063,87,63,1,2,1,1,1,0,0,0,0,0,0,0,0,0,2021,0,0,0,0,0,0,0,0.6759999990463257,0,6,0,0,20,0,0,0,0,0,0
BEN,87073,87,73,1,2,1,1,0,1,1,0,0,0,0,0,0,0,2021,0,0,0,0,0,0,0,2.1800000071525574,0,3,1,0,8,1,0,0,0,0,0
BEN,87082,87,82,1,2,1,1,1,1,1,0,0,0,0,0,0,0,2021,0,0,0,0,0,0,0,1.9400000274181366,0,12,1,0,22,0,0,0,0,0,0
BEN,87092,87,92,1,2,1,1,1,0,0,0,0,0,0,0,0,0,2021,0,0,0,0,0,0,0,1.3250000476837158,0,10,0,0,10,0,0,0,0,0,0
BEN,87101,87,101,1,2,1,1,1,1,1,0,0,0,0,0,0,0,2021,0,0,0,0,0,0,0,2.7200000286102295,0,13,2,0,36,1,0,0,0,0,0
BEN,87111,87,111,1,2,1,1,1,0,0,0,0,1,0,0,0,0,2021,0,0,0,0,0,0,0,2.349334701895714,0,0,3,0,17,1,0,0,0,0,0
BEN,88006,88,6,2,2,1,1,1,1,1,1,1,0,0,1,0,0,2021,0,1,0,0,0,0,0,,0,0,0,0,0,0,0,0,0,0,0
BEN,88021,88,21,2,1,1,1,1,0,0,0,0,0,0,0,0,0,2021,0,0,0,0,0,0,0,,0,0,0,0,0,0,0,0,0,0,0
BEN,88037,88,37,2,1,1,1,0,1,1,0,0,1,0,0,0,0,2021,0,0,0,0,0,0,0,3.0399999618530273,0,0,0,0,25,0,0,0,0,0,0
BEN,88067,88,67,2,2,0,1,1,0,0,0,0,0,0,0,0,0,2021,0,0,0,0,0,0,0,0.860539972782135,0,0,13,0,7,0,0,0,0,0,0
BEN,88082,88,82,2,2,0,1,1,0,0,0,0,1,0,0,0,0,2021,0,0,0,0,0,0,0,1.0225300192832947,0,8,0,0,23,0,0,0,0,0,0
BEN,88097,88,97,2,3,1,1,1,1,1,0,0,0,1,1,0,0,2021,0,0,0,0,0,0,0,,0,0,0,0,0,0,0,0,0,0,0
BEN,88128,88,128,2,2,1,1,1,1,1,0,1,0,0,0,0,0,2021,0,0,0,0,0,0,0,3.4600000381469727,0,0,2,0,8,0,0,0,0,0,0
BEN,88143,88,143,2,2,0,1,1,0,0,0,0,1,0,0,0,0,2021,0,0,0,0,0,0,0,1.7000600099563599,0,0,12,0,16,0,0,0,0,0,0
BEN,88158,88,158,2,1,1,1,1,0,0,1,1,0,0,0,1,1,2021,0,1,0,1,0,0,0,,0,0,0,0,0,0,0,0,0,0,0
BEN,88188,88,188,2,2,1,1,1,0,0,1,1,0,0,0,0,0,2021,0,0,0,0,0,0,0,2.709999978542328,0,5,2,0,12,0,0,0,0,0,0
BEN,88204,88,204,2,1,1,1,1,1,1,1,1,0,0,1,1,0,2021,1,0,0,0,0,1,0,,0,0,0,0,0,0,0,0,0,0,0
BEN,88219,88,219,2,3,1,1,1,0,0,1,1,0,0,0,1,0,2021,1,0,0,0,0,0,0,,0,0,0,0,10,0,0,0,0,0,0
BEN,89013,89,13,2,4,1,1,1,0,0,0,1,0,1,0,1,0,2021,1,0,0,0,0,0,0,,0,0,0,0,0,0,0,0,0,0,0
BEN,89045,89,45,2,4,1,1,1,0,0,0,0,0,0,1,0,0,2021,0,0,0,0,0,0,0,,0,0,0,0,0,0,0,1,0,0,0
BEN,89061,89,61,2,4,1,1,1,1,1,1,1,0,1,1,1,0,2021,1,0,0,0,0,1,0,,0,0,0,0,0,0,0,1,0,0,0
BEN,89064,89,64,2,4,1,1,1,0,0,0,0,0,1,0,1,0,2021,1,0,0,0,0,1,0,,0,0,0,0,0,0,0,0,0,0,0
BEN,89090,89,90,2,4,0,1,1,0,0,0,0,0,0,1,0,0,2021,0,0,0,0,0,0,0,,0,0,0,0,0,0,0,1,0,0,0
BEN,89095,89,95,2,3,1,1,1,0,0,1,1,0,1,0,0,1,2021,1,0,0,0,0,1,0,,0,0,0,0,0,0,0,1,0,0,0
BEN,89103,89,103,2,4,1,1,1,0,0,0,0,0,1,0,1,0,2021,0,0,0,0,0,0,0,,0,0,0,0,0,0,0,0,0,0,0
BEN,89116,89,116,2,1,1,1,1,1,1,1,1,0,1,0,0,0,2021,1,0,0,0,0,0,0,,0,0,0,0,0,1,0,1,0,0,0
BEN,89118,89,118,2,4,1,1,1,1,1,1,1,0,0,1,0,0,2021,1,0,0,0,0,1,0,,0,0,0,0,0,0,0,1,0,0,0
BEN,89142,89,142,2,4,1,1,1,0,0,0,1,0,1,0,0,0,2021,0,0,0,0,0,0,0,,0,0,0,0,0,1,0,1,0,0,0
BEN,89167,89,167,2,4,0,1,1,0,0,0,1,0,1,0,0,0,2021,1,0,0,0,0,1,0,,0,0,0,0,0,0,0,1,0,0,0
BEN,89193,89,193,2,4,1,1,1,1,1,1,1,0,1,1,1,0,2021,1,0,0,0,0,1,0,,0,0,0,0,0,0,0,0,0,0,0
BEN,90015,90,15,1,3,1,1,0,1,1,0,0,0,1,0,1,0,2021,0,0,0,0,0,0,0,,0,0,0,0,0,0,0,0,0,0,0
BEN,90030,90,30,1,1,0,1,0,0,0,0,0,0,1,0,1,0,2021,0,0,0,0,0,0,0,,0,0,0,0,0,0,0,0,0,0,0
BEN,90059,90,59,1,3,1,1,0,1,1,1,1,0,1,1,1,0,2021,0,0,0,0,0,0,0,,0,0,0,0,4,0,0,0,0,0,0
BEN,90065,90,65,1,1,1,1,1,1,1,1,1,0,1,1,1,0,2021,1,0,1,0,1,1,0,,0,0,0,0,0,0,0,1,0,0,0
BEN,90089,90,89,1,3,1,1,1,1,0,0,1,0,1,1,0,0,2021,1,0,0,0,0,1,0,,0,0,0,0,0,0,0,1,0,0,0
BEN,90133,90,133,1,1,1,1,1,0,1,1,1,0,1,1,1,1,2021,1,0,0,0,0,1,1,,0,0,0,0,0,0,0,1,0,0,0
BEN,90178,90,178,1,4,1,1,1,1,1,0,1,0,1,0,1,0,2021,0,0,0,0,0,0,0,,0,0,0,0,0,1,0,0,0,0,0
BEN,90193,90,193,1,1,1,1,1,0,0,0,1,0,1,1,1,0,2021,1,0,0,0,0,0,0,,0,0,0,0,0,0,0,0,0,0,0
BEN,90207,90,207,1,3,1,1,1,1,1,1,1,0,1,1,1,1,2021,1,0,0,0,0,1,0,,0,0,0,0,0,0,0,1,0,0,0
BEN,90208,90,208,1,4,1,1,1,1,1,1,1,0,1,1,1,0,2021,1,0,0,0,0,0,0,,0,0,0,0,0,0,0,0,0,0,0
BEN,90703,90,703,1,2,1,1,1,1,1,0,1,0,1,1,1,0,2021,1,0,0,0,0,0,0,,0,0,0,0,0,0,0,1,0,0,0
BEN,90704,90,704,1,2,1,1,1,1,1,1,1,0,1,1,1,0,2021,0,0,0,0,0,0,0,,0,0,0,0,0,0,0,0,0,0,0
BEN,91025,91,25,2,3,1,1,1,1,1,1,1,0,1,1,1,1,2021,1,1,0,0,0,1,0,,0,0,0,0,0,1,0,1,0,0,0
BEN,91028,91,28,2,3,1,1,1,1,1,1,1,0,1,1,1,1,2021,1,0,0,0,0,0,0,,0,0,0,0,0,0,0,1,0,0,0
BEN,91081,91,81,2,4,1,1,1,1,1,0,0,1,0,1,0,0,2021,0,0,0,0,0,0,0,,0,0,0,0,0,0,0,1,0,0,0
BEN,91131,91,131,2,3,1,1,1,1,1,1,1,0,1,0,0,1,2021,1,0,0,0,0,1,0,,0,0,0,0,0,0,0,1,0,0,0
BEN,91162,91,162,2,4,1,1,1,0,0,1,1,0,0,1,0,0,2021,1,0,0,0,0,0,0,,0,0,0,0,0,0,0,1,0,0,0
BEN,91197,91,197,2,4,1,1,1,0,0,1,1,0,0,1,0,0,2021,0,0,0,0,0,0,0,,0,0,0,0,0,0,0,1,0,0,0
BEN,91265,91,265,2,4,1,1,1,0,0,0,1,0,1,0,1,0,2021,0,0,0,0,0,0,0,,0,0,0,0,0,0,0,0,0,0,0
BEN,91300,91,300,2,4,1,1,1,0,0,1,1,0,1,0,0,1,2021,1,1,0,0,0,0,0,,0,0,0,0,0,0,0,1,0,0,0
BEN,91334,91,334,2,4,1,1,1,0,0,1,1,0,0,1,0,0,2021,1,0,0,0,0,1,0,,0,0,0,0,0,0,0,1,0,0,0
BEN,91403,91,403,2,1,1,1,1,1,1,1,1,0,1,1,1,0,2021,1,0,0,0,0,1,0,,0,0,0,0,0,0,0,0,0,0,0
BEN,91437,91,437,2,3,1,1,1,0,0,1,1,0,1,0,1,0,2021,1,0,1,0,0,1,0,,0,0,0,0,0,0,0,0,0,0,0
BEN,91540,91,540,2,3,1,1,1,0,0,0,0,1,1,0,1,0,2021,1,0,0,0,0,1,0,,0,0,0,0,0,0,0,0,0,0,0
BEN,92017,92,17,1,3,1,1,1,0,0,1,1,0,1,1,1,0,2021,0,1,0,0,1,0,0,,0,0,0,0,0,0,0,0,0,0,0
BEN,92044,92,44,1,3,1,1,0,0,0,1,1,0,1,0,1,0,2021,0,0,0,0,0,0,0,,0,0,0,0,0,0,0,0,0,0,0
BEN,92071,92,71,1,1,1,1,0,0,0,0,1,0,1,0,1,0,2021,0,0,0,0,0,0,0,,0,0,0,0,0,0,0,0,0,0,0
BEN,92179,92,179,1,3,1,1,1,1,1,1,1,0,1,1,1,1,2021,1,1,0,0,1,0,0,,0,0,0,0,0,0,0,1,0,0,0
BEN,92206,92,206,1,3,1,1,1,1,1,0,1,0,1,1,1,1,2021,1,1,0,0,1,1,0,,0,0,0,0,0,0,0,1,0,0,0
BEN,92233,92,233,1,4,1,1,1,0,0,1,1,0,1,1,1,1,2021,1,1,0,0,0,1,0,,0,0,0,0,0,0,0,1,0,0,0
BEN,92260,92,260,1,3,1,1,1,1,1,1,1,0,1,0,1,0,2021,1,0,0,0,0,1,0,,0,0,0,0,0,0,0,0,0,0,0
BEN,92287,92,287,1,3,1,1,1,1,1,1,1,0,1,0,1,0,2021,1,0,0,0,1,1,0,,0,0,0,0,0,0,0,0,0,0,0
BEN,92314,92,314,1,3,1,1,1,1,1,1,1,0,1,1,1,0,2021,0,0,0,0,0,0,0,,0,0,0,0,0,0,0,0,0,0,0
BEN,92368,92,368,1,3,1,1,1,1,1,0,1,0,1,1,1,1,2021,0,0,0,0,1,0,0,,0,0,0,0,0,0,0,1,0,0,0
BEN,92422,92,422,1,3,1,1,1,1,1,1,1,0,1,1,1,0,2021,1,0,0,1,0,1,0,,0,0,0,0,0,0,0,0,0,0,0
BEN,92705,92,705,1,3,1,1,1,1,1,1,1,0,1,1,1,0,2021,1,1,0,0,0,0,0,,0,0,0,0,0,0,0,0,0,0,0
BEN,93020,93,20,2,3,1,1,1,1,1,1,1,0,1,1,1,1,2021,1,0,0,0,0,1,0,,0,0,0,0,0,0,0,1,0,0,0
BEN,93052,93,52,2,4,1,1,1,0,0,1,1,0,0,1,0,0,2021,1,0,0,0,0,0,0,,0,0,0,0,0,0,0,1,0,0,0
BEN,93100,93,100,2,4,1,1,1,1,1,1,1,0,1,1,1,0,2021,1,1,1,0,0,1,0,,0,0,0,0,0,0,0,0,0,0,0
BEN,93103,93,103,2,3,1,1,1,0,0,1,1,0,1,1,1,0,2021,1,1,1,0,0,1,0,,0,0,0,0,0,0,0,0,0,0,0
BEN,93127,93,127,2,4,1,1,1,1,1,1,1,0,1,1,1,0,2021,1,0,0,0,0,1,0,,0,0,0,0,0,0,0,0,0,0,0
BEN,93129,93,129,2,1,1,1,1,1,1,1,1,0,1,1,1,0,2021,1,1,1,0,0,1,0,,0,0,0,0,0,0,0,1,0,0,0
BEN,93132,93,132,2,1,1,1,1,1,1,1,1,0,1,1,1,1,2021,1,1,1,1,0,1,0,,0,0,0,0,0,0,0,1,0,0,0
BEN,93153,93,153,2,4,1,1,1,0,0,0,0,0,0,0,0,0,2021,0,0,0,0,0,0,0,,0,0,0,0,0,0,0,1,1,0,0
BEN,93209,93,209,2,1,1,1,1,1,1,1,1,0,1,1,1,1,2021,1,0,1,1,0,1,0,,0,0,0,0,0,0,0,1,0,0,0
BEN,93233,93,233,2,1,1,1,1,0,0,1,1,0,1,0,1,1,2021,1,0,0,0,0,0,0,,0,0,0,0,0,0,0,1,0,0,0
BEN,93245,93,245,2,3,1,1,1,1,1,1,1,0,0,1,0,0,2021,1,0,0,0,0,1,0,,0,0,0,0,0,0,0,1,0,0,0
BEN,93260,93,260,2,3,1,1,1,1,1,1,1,0,0,1,0,0,2021,1,0,0,0,0,1,0,,0,0,0,0,0,0,0,1,0,0,0
BEN,94033,94,33,1,1,1,1,1,1,1,1,1,0,1,1,1,1,2021,1,1,1,1,1,1,1,,0,0,0,0,0,0,0,0,0,0,0
BEN,94052,94,52,1,3,1,1,0,0,0,1,1,0,1,1,1,1,2021,0,0,0,0,0,0,0,,0,0,0,0,0,0,0,0,0,0,0
BEN,94090,94,90,1,4,0,1,0,0,0,0,0,0,1,0,0,0,2021,0,0,0,0,0,0,0,,0,0,0,0,0,0,0,0,0,0,0
BEN,94128,94,128,1,1,1,1,1,0,0,1,1,0,1,0,1,1,2021,0,0,0,0,0,0,0,,0,0,0,0,0,0,0,0,0,0,0
BEN,94150,94,150,1,2,1,1,1,1,1,0,1,0,1,1,1,1,2021,1,0,0,0,0,1,0,,0,0,0,0,0,0,0,1,0,0,0
BEN,94171,94,171,1,2,1,1,1,1,1,1,1,0,1,1,1,1,2021,1,1,0,0,0,1,0,,0,0,0,0,0,0,0,1,0,0,0
BEN,94204,94,204,1,2,1,1,1,1,1,1,1,0,1,1,1,1,2021,1,1,1,1,1,1,1,,0,0,0,0,0,0,0,1,0,0,0
BEN,94223,94,223,1,1,1,1,1,1,1,0,0,0,1,1,1,0,2021,1,0,0,0,0,0,0,,0,0,0,0,0,0,0,0,0,0,0
BEN,94240,94,240,1,1,0,1,1,1,1,0,0,1,1,0,0,0,2021,1,0,0,0,0,1,0,,0,0,0,0,0,0,0,0,1,0,0
BEN,94246,94,246,1,3,1,1,1,1,1,1,1,0,1,1,1,1,2021,1,1,0,1,0,1,0,,0,0,0,0,0,0,0,1,0,0,0
BEN,94260,94,260,1,1,0,1,1,1,1,1,1,0,1,0,1,0,2021,0,0,0,0,0,0,0,,0,0,0,0,0,1,0,0,0,0,0
BEN,94706,94,706,1,2,1,1,1,1,1,1,1,0,1,1,1,1,2021,1,1,0,0,1,1,0,,0,0,0,0,0,0,0,1,0,0,0
BEN,95009,95,9,2,4,1,1,1,0,0,1,1,0,0,1,0,0,2021,0,0,0,0,0,0,0,,0,0,0,0,0,0,0,1,0,0,0
BEN,95027,95,27,2,3,1,1,1,0,1,1,1,0,1,0,0,1,2021,1,0,0,0,0,0,0,,0,0,0,0,0,0,0,1,0,0,0
BEN,95035,95,35,2,1,1,1,1,0,0,1,1,0,1,1,1,0,2021,1,1,0,0,0,1,0,,0,0,0,0,0,0,0,0,0,0,0
BEN,95080,95,80,2,4,1,1,1,0,0,1,1,0,1,0,0,0,2021,1,0,0,0,0,1,0,,0,0,0,0,0,0,0,1,1,0,0
BEN,95098,95,98,2,4,1,1,1,0,0,0,1,0,1,0,1,0,2021,0,0,0,0,0,0,0,,0,0,0,0,0,0,0,0,0,0,0
BEN,95106,95,106,2,4,1,1,1,0,0,1,1,0,0,1,0,0,2021,1,0,0,0,0,0,0,,0,0,0,0,0,0,0,1,0,0,0
BEN,95128,95,128,2,3,1,1,1,0,0,1,1,0,1,0,1,0,2021,1,0,0,0,0,0,0,,0,0,0,0,0,0,0,0,0,0,0
BEN,95133,95,133,2,1,1,1,1,1,1,1,1,0,1,1,1,1,2021,1,1,1,1,0,1,1,,0,0,0,0,0,0,0,1,0,0,0
BEN,95186,95,186,2,4,1,1,1,0,0,1,1,0,0,1,0,0,2021,1,1,0,0,0,1,1,,0,0,0,0,0,0,0,1,0,0,0
BEN,95230,95,230,2,1,1,1,1,1,1,1,1,0,0,1,1,0,2021,1,0,0,0,0,0,0,,0,0,0,0,0,0,0,1,0,0,0
BEN,95274,95,274,2,3,1,1,1,0,0,0,0,1,1,0,0,0,2021,1,1,0,0,0,1,0,,0,0,0,0,0,0,0,1,0,0,0
BEN,95276,95,276,2,4,1,1,1,0,0,1,1,0,1,0,1,0,2021,1,0,0,0,0,1,0,,0,0,0,0,0,0,0,0,0,0,0
BEN,96009,96,9,1,3,1,1,1,0,0,0,0,1,1,0,1,0,2021,0,0,0,0,0,0,0,,0,0,0,0,0,1,0,0,0,0,0
BEN,96053,96,53,1,1,1,1,1,1,1,0,1,0,1,1,1,0,2021,1,0,0,0,0,0,0,,0,0,0,0,0,0,0,0,0,0,0
BEN,96097,96,97,1,1,1,1,1,1,1,0,0,1,1,1,1,0,2021,1,1,0,1,0,0,1,,0,0,0,0,0,0,0,0,0,0,0
BEN,96119,96,119,1,2,1,1,1,1,1,0,1,0,1,1,1,0,2021,0,0,0,0,0,0,0,,0,0,0,0,7,1,0,0,0,0,0
BEN,96132,96,132,1,3,1,1,1,1,1,0,0,0,0,0,0,0,2021,0,0,0,0,0,0,0,,0,0,0,0,0,0,0,0,0,0,0
BEN,96141,96,141,1,2,1,1,1,0,0,0,0,1,0,1,1,0,2021,0,0,0,0,0,0,0,,0,15,10,0,0,1,0,0,0,0,0
BEN,96163,96,163,1,2,1,1,1,1,1,0,1,0,0,1,1,1,2021,1,0,1,0,0,1,0,,0,0,0,0,0,0,0,0,0,0,0
BEN,96185,96,185,1,1,1,1,1,1,1,1,1,0,1,0,0,0,2021,1,0,0,0,0,0,0,,0,0,0,0,5,1,0,1,0,0,0
BEN,96251,96,251,1,1,1,1,1,1,1,1,1,0,1,1,1,0,2021,1,0,0,0,0,1,0,,0,0,0,0,0,0,0,1,0,0,0
BEN,96293,96,293,1,4,1,1,1,0,0,1,1,0,1,0,0,0,2021,1,0,0,0,0,0,0,,0,0,0,0,0,0,0,0,0,0,0
BEN,96707,96,707,1,3,1,1,1,1,1,1,1,0,1,1,1,1,2021,1,1,0,1,0,1,0,,0,0,0,0,0,0,0,0,0,0,0
BEN,96708,96,708,1,3,1,1,1,0,0,0,0,0,0,0,1,0,2021,1,0,0,0,0,0,0,,0,0,0,0,0,0,0,0,1,0,0
BEN,97038,97,38,2,1,1,1,1,1,1,0,0,0,0,1,0,0,2021,0,0,0,0,0,0,0,,0,11,0,0,0,0,0,1,0,0,0
BEN,97064,97,64,2,4,1,1,1,1,1,0,0,1,0,1,0,0,2021,1,0,0,0,0,0,0,,0,0,0,0,0,0,0,1,0,0,0
BEN,97089,97,89,2,1,1,1,1,1,1,0,0,1,1,0,0,0,2021,0,0,0,0,0,0,0,,0,0,0,0,0,1,1,1,0,0,0
BEN,97090,97,90,2,3,1,1,1,1,1,0,0,1,0,1,0,0,2021,1,0,0,0,0,0,0,,0,0,0,0,0,0,0,1,0,0,0
BEN,97100,97,100,2,1,1,1,1,1,1,0,0,1,0,0,1,0,2021,1,0,0,0,0,0,0,,0,0,0,0,0,0,0,1,0,0,0
BEN,97112,97,112,2,1,1,1,1,1,1,0,0,1,0,1,1,0,2021,1,0,0,0,0,0,0,,0,0,0,0,0,0,0,1,0,0,0
BEN,97115,97,115,2,1,1,1,1,1,1,0,0,0,0,0,0,0,2021,0,0,0,0,0,0,0,,0,0,0,0,0,0,0,1,0,0,0
BEN,97141,97,141,2,4,0,1,0,1,1,0,0,1,0,0,0,0,2021,0,0,0,0,0,0,0,,0,1,0,0,22,0,0,1,0,0,0
BEN,97154,97,154,2,1,1,1,1,1,1,0,0,1,1,0,0,0,2021,0,0,0,0,0,0,1,,0,0,0,0,0,1,0,1,0,0,0
BEN,97167,97,167,2,1,1,1,1,1,1,0,0,1,1,1,0,0,2021,1,0,0,0,0,0,0,,0,0,0,0,0,0,0,1,0,0,0
BEN,97192,97,192,2,1,1,1,1,1,1,0,1,0,0,1,1,1,2021,1,1,1,0,0,1,1,,0,0,0,0,0,0,0,0,0,0,0
BEN,97204,97,204,2,3,1,1,1,1,1,0,0,1,0,0,1,0,2021,0,0,0,0,0,0,0,,0,0,0,0,0,0,0,0,0,0,0
BEN,98011,98,11,1,2,0,1,0,1,1,0,0,0,1,0,0,0,2021,0,0,0,0,0,0,0,,0,0,0,0,0,0,0,1,0,0,0
BEN,98048,98,48,1,3,1,1,1,1,1,1,1,0,1,0,0,0,2021,0,0,0,0,0,0,0,,0,0,0,0,0,0,0,1,0,0,0
BEN,98060,98,60,1,4,0,1,1,1,1,0,0,0,0,0,0,0,2021,0,0,0,0,0,0,0,,0,0,0,0,0,0,0,1,1,0,0
BEN,98072,98,72,1,3,1,1,1,1,1,1,1,0,1,0,0,0,2021,1,0,0,0,0,0,0,,0,0,0,0,0,0,0,1,0,0,0
BEN,98121,98,121,1,1,1,1,1,1,1,1,1,0,0,0,0,0,2021,1,0,0,0,0,0,0,,0,0,0,0,0,1,0,0,0,0,0
BEN,98133,98,133,1,1,1,1,1,1,1,0,0,1,0,0,0,0,2021,0,0,0,0,0,0,0,,0,0,0,0,0,0,0,0,0,0,0
BEN,98146,98,146,1,1,1,0,1,1,1,1,1,0,1,1,1,0,2021,1,0,0,0,0,1,0,,0,0,0,0,0,0,0,0,0,0,0
BEN,98158,98,158,1,4,1,1,1,1,1,0,0,0,1,0,0,0,2021,0,0,0,0,0,0,0,,0,0,0,0,0,0,0,1,1,0,0
BEN,98159,98,159,1,1,1,1,1,1,1,1,1,0,1,1,1,1,2021,1,0,0,0,0,0,0,,0,0,0,0,0,0,0,1,0,0,0
BEN,98194,98,194,1,1,1,1,1,1,1,1,1,0,1,0,0,0,2021,0,0,0,0,0,0,0,,0,4,0,0,5,0,0,1,0,0,0
BEN,98709,98,709,1,3,0,1,1,1,1,0,0,0,1,0,0,0,2021,0,0,0,0,0,0,0,,0,0,0,0,0,0,0,1,0,0,0
BEN,98710,98,710,1,3,1,1,1,1,1,1,1,0,0,1,1,0,2021,1,0,0,0,0,1,0,,0,0,0,0,0,0,0,0,0,0,0
BEN,99008,99,8,2,4,0,1,0,1,1,0,0,0,1,0,0,0,2021,0,0,0,0,0,0,0,,0,0,0,0,0,0,0,1,1,0,0
BEN,99025,99,25,2,3,1,1,1,1,1,0,1,0,0,0,1,0,2021,0,0,0,0,0,0,0,,0,0,0,0,0,0,0,0,0,0,0
BEN,99042,99,42,2,1,1,1,1,1,1,1,1,0,1,1,1,1,2021,1,1,1,1,1,1,1,,0,0,0,0,0,0,0,1,0,0,0
BEN,99095,99,95,2,4,1,1,1,1,1,1,1,0,0,1,0,0,2021,0,0,0,0,0,0,0,,0,0,0,0,0,1,0,1,0,0,0
BEN,99098,99,98,2,4,1,1,1,1,1,1,1,0,0,0,0,0,2021,1,1,0,0,0,1,1,,0,0,0,0,0,0,0,1,0,0,0
BEN,99131,99,131,2,4,1,1,1,1,1,0,0,0,0,0,1,0,2021,0,0,0,0,0,0,0,,0,0,0,0,0,0,0,0,0,0,0
BEN,99166,99,166,2,1,0,1,1,1,1,0,0,0,1,0,0,0,2021,0,0,0,0,0,0,0,,0,0,0,0,0,0,0,1,0,0,0
BEN,99184,99,184,2,3,1,1,1,0,0,1,1,0,0,0,1,0,2021,0,0,0,0,0,0,0,,0,0,0,0,0,0,0,1,1,0,0
BEN,99202,99,202,2,4,1,1,1,1,1,1,1,0,0,1,0,0,2021,1,0,0,0,0,0,0,,0,0,0,0,0,0,0,1,0,0,0
BEN,99237,99,237,2,1,1,1,1,0,0,1,1,0,1,0,0,0,2021,1,0,0,0,0,0,0,,0,0,0,0,0,1,0,1,0,0,0
BEN,99255,99,255,2,1,1,1,1,1,1,1,1,0,1,1,1,1,2021,1,0,0,0,0,1,1,,0,0,0,0,0,1,0,1,0,0,0
BEN,99272,99,272,2,4,1,1,1,1,1,0,1,0,0,0,1,0,2021,1,0,0,0,0,1,0,,0,4,0,0,0,0,0,1,0,0,0
BEN,100008,100,8,1,1,1,1,1,1,1,1,1,0,1,0,0,0,2021,1,0,1,0,0,1,0,,0,0,0,0,0,0,0,0,0,0,0
BEN,100027,100,27,1,1,1,1,1,1,1,1,1,0,1,1,1,1,2021,1,0,0,0,0,1,0,,0,0,0,0,0,0,0,0,0,0,0
BEN,100047,100,47,1,1,1,1,1,1,1,1,1,0,1,0,0,0,2021,1,0,0,0,0,1,0,,0,0,0,0,0,0,0,0,0,0,0
BEN,100067,100,67,1,3,1,1,1,1,1,1,1,0,1,0,0,0,2021,0,0,0,0,0,0,0,,0,0,0,0,0,1,0,0,0,0,0
BEN,100146,100,146,1,2,1,1,1,1,1,0,1,0,1,1,0,1,2021,1,0,0,0,0,1,0,,0,0,0,0,0,0,0,1,0,0,0
BEN,100205,100,205,1,3,0,1,1,1,1,1,1,0,1,0,0,0,2021,0,0,0,0,0,0,0,,0,0,0,0,0,0,0,1,1,0,0
BEN,100225,100,225,1,1,1,1,1,1,1,1,1,0,1,1,1,0,2021,1,0,0,0,0,0,1,,0,0,0,0,0,0,0,1,0,0,0
BEN,100245,100,245,1,3,1,1,1,1,1,1,1,0,1,0,0,0,2021,0,0,0,0,0,0,0,,0,0,0,0,0,1,0,0,0,0,0
BEN,100711,100,711,1,3,1,1,1,1,1,1,1,0,1,1,1,0,2021,1,1,0,0,0,1,0,,0,0,0,0,0,1,0,1,1,0,0
BEN,100712,100,712,1,3,1,1,1,1,1,1,1,0,1,0,0,0,2021,0,0,0,0,0,0,0,,0,0,0,0,0,0,0,1,1,0,0
BEN,100713,100,713,1,2,1,1,1,1,1,1,1,0,1,0,0,0,2021,0,0,0,0,0,0,0,,0,0,0,0,0,0,0,1,0,0,0
BEN,100714,100,714,1,3,1,1,1,1,1,1,1,0,1,0,0,0,2021,1,0,0,0,0,0,0,,0,0,0,0,0,0,0,1,0,0,0
BEN,101013,101,13,1,2,1,1,1,1,1,0,0,0,0,0,0,0,2021,0,0,0,0,0,0,0,,0,0,0,0,0,0,0,0,0,0,0
BEN,101033,101,33,1,3,1,1,1,1,1,0,0,1,0,0,0,0,2021,0,0,0,0,0,0,0,,0,0,0,0,0,1,0,0,0,0,0
BEN,101053,101,53,1,3,1,1,1,1,1,0,0,1,0,0,0,0,2021,0,0,0,0,0,0,0,,0,0,0,0,0,0,0,0,0,1,0
BEN,101073,101,73,1,2,0,1,1,1,1,0,0,1,0,0,0,0,2021,0,0,0,0,0,0,0,,0,0,0,0,0,0,1,1,0,0,0
BEN,101124,101,124,1,1,1,1,0,0,0,0,0,1,1,0,0,0,2021,1,0,0,0,0,0,0,,0,0,0,0,0,0,0,0,0,0,0
BEN,101130,101,130,1,3,1,1,1,0,0,0,0,1,1,0,0,0,2021,0,0,0,0,0,0,0,,0,0,0,0,0,0,0,0,1,0,0
BEN,101132,101,132,1,2,1,1,1,0,0,1,1,0,1,1,1,0,2021,1,0,0,0,0,0,0,,0,0,95,0,0,0,0,0,0,0,0
BEN,101172,101,172,1,3,1,1,1,0,0,1,1,0,0,1,1,0,2021,0,0,0,0,0,0,0,,0,0,0,0,0,0,0,0,0,0,0
BEN,101189,101,189,1,4,1,1,1,1,1,1,0,1,0,0,0,0,2021,0,0,0,0,0,0,0,,0,0,0,0,0,0,0,1,0,0,0
BEN,101232,101,232,1,3,1,1,1,1,1,0,0,0,0,0,0,0,2021,0,0,0,0,0,0,0,,0,0,0,0,0,0,0,1,0,0,0
BEN,101252,101,252,1,4,1,1,1,1,1,0,0,0,0,0,0,0,2021,0,0,0,0,0,0,0,,0,0,0,0,0,0,0,1,0,0,0
BEN,101715,101,715,1,3,1,1,1,1,1,0,0,0,0,0,0,0,2021,0,0,0,0,0,0,0,,0,0,0,0,0,0,0,1,0,0,0
BEN,102022,102,22,2,4,1,1,1,0,0,1,1,0,1,0,0,0,2021,0,0,0,0,0,0,0,1.1757301092147827,0,0,0,0,0,0,0,1,0,0,0
BEN,102057,102,57,2,4,1,1,1,1,1,1,1,0,0,0,0,0,2021,1,0,0,0,1,0,0,2.1415233612060547,0,0,0,0,0,0,0,1,0,0,0
BEN,102067,102,67,2,4,1,1,1,1,1,0,0,0,0,0,1,0,2021,1,0,0,0,0,0,0,,0,0,0,0,0,0,0,1,0,0,0
BEN,102080,102,80,2,3,1,1,1,1,1,0,0,1,0,1,0,0,2021,0,0,0,0,0,0,0,,0,0,0,0,0,0,0,1,0,0,0
BEN,102121,102,121,2,1,1,1,1,1,1,1,1,0,1,1,1,1,2021,1,0,0,0,0,0,1,2.068514108657837,0,0,0,0,0,0,0,1,1,0,0
BEN,102130,102,130,2,4,1,1,1,1,1,0,0,1,0,1,0,0,2021,0,0,0,0,0,0,0,1.095697045326233,0,0,0,0,0,0,1,1,0,0,0
BEN,102162,102,162,2,4,1,1,1,1,1,0,0,0,0,1,0,0,2021,0,0,0,0,0,0,0,,0,0,0,0,0,0,0,1,0,0,0
BEN,102197,102,197,2,3,0,1,1,1,0,0,0,0,1,0,0,0,2021,0,0,0,0,0,0,0,,0,0,0,0,0,1,0,1,0,0,0
BEN,102267,102,267,2,4,1,1,1,1,1,0,1,0,0,0,1,0,2021,1,1,0,0,0,1,0,,0,0,0,0,0,0,0,0,0,0,0
BEN,102337,102,337,2,4,1,1,1,1,1,0,0,1,0,0,0,0,2021,1,0,0,0,0,0,0,1.0459990501403809,0,0,0,0,0,0,0,1,0,0,0
BEN,102407,102,407,2,4,1,1,1,1,1,0,0,0,0,0,0,0,2021,0,0,0,0,0,0,0,,0,0,0,0,0,0,0,0,0,0,0
BEN,102442,102,442,2,1,0,1,1,1,1,0,1,0,0,0,1,0,2021,0,0,0,0,0,0,0,,0,0,0,0,0,1,0,0,0,0,0
BEN,103022,103,22,2,1,1,1,1,1,1,0,0,1,1,1,1,0,2021,0,0,0,0,0,0,1,,0,0,0,0,0,0,0,0,0,0,0
BEN,103057,103,57,2,3,1,1,1,1,1,0,0,1,1,0,1,0,2021,1,0,0,0,0,0,0,,0,0,0,0,0,1,0,0,0,0,0
BEN,103092,103,92,2,1,1,1,1,1,1,1,1,0,1,1,1,0,2021,1,0,0,0,0,1,0,,0,0,0,0,0,0,0,0,0,0,0
BEN,103110,103,110,2,1,1,1,1,1,1,1,1,0,1,1,1,0,2021,0,0,0,0,0,0,0,,0,0,0,0,0,0,0,1,0,0,0
BEN,103128,103,128,2,1,1,1,1,1,1,0,0,0,0,1,1,0,2021,0,0,0,0,0,0,0,,0,0,0,0,0,0,0,1,0,0,0
BEN,103156,103,156,2,1,1,1,1,1,1,1,1,0,1,1,1,1,2021,1,1,0,0,0,1,1,,0,0,0,0,0,0,0,0,0,0,0
BEN,103181,103,181,2,1,1,1,1,1,1,1,1,0,1,1,1,0,2021,1,0,0,0,0,0,0,,0,0,0,0,0,1,0,1,0,0,0
BEN,103199,103,199,2,3,1,1,1,1,1,1,0,1,1,1,0,0,2021,1,0,0,0,0,0,0,,0,0,0,0,0,0,0,1,0,0,0
BEN,103234,103,234,2,3,1,1,1,1,1,1,0,1,1,1,1,1,2021,0,0,0,0,0,0,0,,0,0,0,0,0,0,0,1,0,0,0
BEN,103239,103,239,2,1,1,1,1,1,1,1,1,0,1,1,1,0,2021,1,0,0,1,0,1,0,,0,0,0,55,80,0,0,0,0,0,0
BEN,103252,103,252,2,2,1,1,1,1,1,0,0,0,1,1,0,0,2021,0,0,0,0,0,0,0,,0,0,0,0,0,0,0,1,0,0,0
BEN,103269,103,269,2,4,1,1,1,1,1,1,0,1,1,1,1,1,2021,0,0,0,0,0,0,0,,0,0,0,0,0,0,0,1,0,0,0
BEN,104002,104,2,1,3,1,1,1,1,1,1,1,0,1,1,1,0,2021,1,0,0,0,0,0,0,,0,0,0,0,0,0,0,0,0,0,0
BEN,104023,104,23,1,1,1,1,1,0,0,0,0,0,1,1,1,0,2021,0,0,0,0,0,0,0,,0,0,0,0,0,0,0,0,0,0,0
BEN,104033,104,33,1,3,1,1,1,1,1,1,1,0,1,1,1,0,2021,1,0,0,0,0,0,0,,0,0,0,0,0,0,0,1,0,0,0
BEN,104043,104,43,1,3,1,1,1,1,1,0,1,0,1,1,1,1,2021,1,1,0,0,0,0,0,,0,0,0,0,0,0,0,1,0,0,0
BEN,104054,104,54,1,3,1,1,1,0,0,1,1,0,1,1,1,0,2021,0,0,0,0,0,0,0,,0,0,0,0,0,0,0,1,0,0,0
BEN,104064,104,64,1,3,1,1,1,1,1,0,0,0,1,0,1,0,2021,0,0,0,0,0,0,0,,0,0,0,0,0,1,0,1,0,0,0
BEN,104074,104,74,1,3,1,1,1,1,1,0,1,0,1,1,1,0,2021,1,1,0,0,0,0,0,,0,0,0,0,0,0,0,1,0,0,0
BEN,104084,104,84,1,3,1,1,1,1,1,1,1,0,1,1,1,1,2021,1,1,1,0,0,0,0,,0,0,0,0,0,1,0,0,0,0,0
BEN,104095,104,95,1,1,1,1,1,1,1,1,1,0,1,1,1,1,2021,1,1,0,0,0,0,0,,0,0,0,0,0,0,0,0,0,0,0
BEN,104105,104,105,1,3,1,1,1,1,1,1,1,0,1,1,1,1,2021,0,1,0,0,0,0,0,,0,0,0,0,0,0,0,0,0,0,0
BEN,104115,104,115,1,3,1,1,1,1,1,1,1,0,1,1,1,0,2021,1,0,0,0,0,0,0,,0,0,0,0,0,1,0,0,0,0,0
BEN,104716,104,716,1,3,1,1,1,1,1,1,1,0,1,1,1,0,2021,1,0,0,0,0,0,0,,0,0,0,0,0,0,0,0,0,0,0
BEN,105010,105,10,2,4,1,1,1,1,1,1,1,0,1,1,1,1,2021,0,0,0,0,0,0,0,,0,0,0,0,0,0,0,1,0,0,0
BEN,105015,105,15,2,3,1,1,1,0,1,1,1,0,1,1,1,0,2021,0,0,0,0,0,0,0,,0,0,0,0,0,0,0,1,0,0,0
BEN,105023,105,23,2,3,1,1,1,1,1,1,1,0,1,1,1,1,2021,1,0,0,0,0,1,0,,0,0,0,0,0,0,0,1,0,0,0
BEN,105031,105,31,2,4,1,1,1,0,1,1,1,0,1,1,1,0,2021,1,1,0,0,0,0,0,,0,0,0,0,0,0,0,1,0,0,0
BEN,105036,105,36,2,3,1,1,1,1,1,1,1,0,1,1,1,1,2021,1,0,0,0,0,1,0,,0,0,0,0,0,0,0,1,0,0,0
BEN,105070,105,70,2,4,1,1,1,1,1,1,1,0,1,1,1,0,2021,0,0,0,0,0,0,0,,0,0,0,0,0,0,0,1,0,0,0
BEN,105071,105,71,2,1,1,1,1,1,1,1,1,0,1,1,1,1,2021,1,1,0,0,0,1,1,,0,0,0,0,0,0,0,1,0,0,0
BEN,105083,105,83,2,1,1,1,1,1,1,1,1,0,1,1,1,1,2021,1,0,0,0,0,1,0,,0,0,0,0,5,0,1,1,1,0,0
BEN,105102,105,102,2,3,1,1,1,1,1,1,1,0,1,1,1,1,2021,1,1,0,0,0,1,0,,0,0,0,0,0,0,0,1,0,0,0
BEN,105141,105,141,2,3,1,1,1,1,1,1,1,0,1,1,1,0,2021,1,1,0,0,0,0,0,,0,0,0,0,0,1,1,1,0,0,0
BEN,105177,105,177,2,4,1,1,1,1,1,0,0,1,1,0,0,0,2021,0,0,0,0,0,0,0,,0,0,0,0,0,0,0,0,1,0,0
BEN,105188,105,188,2,1,1,1,1,1,1,1,1,0,1,1,1,1,2021,1,0,0,0,0,1,0,,0,0,0,0,0,1,0,0,0,0,0
BEN,106014,106,14,1,1,1,1,1,1,1,1,1,0,1,1,1,1,2021,1,1,1,0,0,1,0,,0,0,0,0,0,0,0,1,0,0,0
BEN,106019,106,19,1,3,1,1,1,1,1,1,1,0,1,1,1,1,2021,1,0,0,0,0,1,0,,0,0,0,0,0,0,0,1,0,0,0
BEN,106052,106,52,1,3,1,1,1,1,1,1,1,0,1,1,1,1,2021,0,0,0,0,0,0,0,,0,0,0,0,0,0,0,1,0,0,0
BEN,106078,106,78,1,4,1,1,1,1,1,0,1,0,1,1,1,1,2021,1,0,0,1,0,0,0,,0,0,0,0,0,0,0,0,1,0,0
BEN,106081,106,81,1,1,1,1,1,1,1,1,1,0,1,1,1,1,2021,0,0,0,1,0,1,0,,0,0,0,0,0,1,0,0,0,0,0
BEN,106088,106,88,1,3,1,1,1,1,1,0,1,0,1,1,1,1,2021,1,0,0,0,0,1,0,,0,0,0,0,0,1,0,0,1,0,0
BEN,106104,106,104,1,3,1,1,1,0,0,0,0,1,0,1,1,0,2021,0,0,0,0,0,0,0,,0,0,0,0,0,1,0,0,0,0,0
BEN,106108,106,108,1,1,1,1,1,1,1,1,1,0,1,1,1,1,2021,0,0,0,0,0,0,0,,0,0,0,0,0,0,0,0,0,0,0
BEN,106162,106,162,1,1,1,1,1,1,1,1,1,0,1,1,1,1,2021,0,0,0,0,0,0,0,,0,0,0,0,0,0,0,1,0,0,0
BEN,106209,106,209,1,3,1,1,1,1,1,0,1,0,0,1,1,1,2021,0,0,0,0,0,0,0,,0,0,0,0,0,0,0,0,1,0,0
BEN,106323,106,323,1,3,1,1,1,1,1,1,0,1,1,0,1,1,2021,0,0,0,0,0,0,0,,0,0,0,0,0,1,0,0,0,0,0
BEN,106717,106,717,1,3,1,1,1,1,1,1,0,1,1,1,1,1,2021,0,0,0,0,0,0,0,,0,0,0,0,0,0,0,1,0,0,0
BEN,107004,107,4,2,3,1,1,1,1,1,1,1,0,1,1,1,0,2021,1,0,0,0,0,0,0,,0,0,0,0,0,0,1,1,0,0,0
BEN,107031,107,31,2,3,1,1,1,1,1,1,1,0,1,1,1,1,2021,1,0,0,0,0,1,0,,0,0,0,0,0,0,0,1,0,0,0
BEN,107078,107,78,2,4,1,1,1,1,1,1,1,0,1,1,1,0,2021,1,0,0,0,0,0,0,,0,0,0,0,0,0,0,0,0,0,0
BEN,107103,107,103,2,3,1,1,1,1,1,1,1,0,1,1,1,0,2021,0,1,0,0,1,0,0,,0,0,0,0,0,0,0,1,0,0,0
BEN,107117,107,117,2,4,1,1,1,1,1,1,1,0,1,1,1,1,2021,1,0,0,0,0,1,0,,0,0,0,0,0,0,0,0,0,0,0
BEN,107147,107,147,2,3,1,1,1,1,1,1,1,0,1,1,1,1,2021,1,0,0,1,0,1,0,,0,0,0,0,0,0,0,1,0,0,0
BEN,107173,107,173,2,3,1,1,1,1,1,1,1,0,1,1,1,1,2021,1,0,1,0,0,1,0,,0,0,0,0,0,0,0,1,0,0,0
BEN,107204,107,204,2,4,1,1,1,0,1,1,1,0,1,1,1,0,2021,0,0,0,0,0,0,0,,0,0,0,0,8,0,1,1,0,0,0
BEN,107220,107,220,2,3,1,1,1,0,0,1,1,0,1,1,1,1,2021,1,0,1,0,0,0,0,,0,0,0,0,0,0,0,1,0,0,0
BEN,107230,107,230,2,3,1,1,1,1,1,1,1,0,1,1,1,1,2021,1,1,0,1,0,1,0,,0,0,0,0,0,0,0,1,0,0,0
BEN,107316,107,316,2,4,1,1,1,0,0,1,1,0,1,1,1,0,2021,1,0,0,0,0,0,0,,0,0,0,0,0,0,1,1,0,0,0
BEN,107339,107,339,2,3,1,1,1,1,1,1,1,0,1,1,1,1,2021,1,0,0,0,0,0,0,,0,0,0,0,0,0,0,1,0,0,0
BEN,108018,108,18,1,4,1,1,1,0,0,1,1,0,1,1,1,0,2021,0,0,0,0,0,0,0,,0,0,0,0,0,0,0,0,0,0,0
BEN,108028,108,28,1,4,1,1,1,1,1,1,1,0,1,1,1,0,2021,0,0,0,0,0,0,0,,0,0,0,0,0,0,0,0,0,0,0
BEN,108075,108,75,1,4,1,1,1,0,1,1,1,0,1,1,1,0,2021,0,0,0,0,1,0,0,,0,0,0,0,0,0,0,0,0,0,0
BEN,108131,108,131,1,1,1,1,1,0,0,1,1,0,1,1,1,1,2021,1,1,0,0,0,1,0,,0,0,0,0,240,0,0,0,0,0,0
BEN,108189,108,189,1,3,1,1,1,1,1,1,1,0,1,0,1,0,2021,0,0,0,0,0,0,0,,0,0,0,0,0,0,0,0,0,0,0
BEN,108207,108,207,1,3,1,1,1,0,0,1,1,0,1,0,1,0,2021,1,0,0,0,0,0,1,,0,0,0,0,0,0,0,0,0,0,0
BEN,108240,108,240,1,1,1,1,1,1,1,1,1,0,1,1,1,1,2021,1,1,1,1,1,1,1,,0,0,0,0,0,0,0,0,1,0,0
BEN,108245,108,245,1,3,1,1,1,0,0,1,1,0,1,1,1,0,2021,1,1,0,0,0,1,0,,0,0,0,0,0,0,0,0,0,0,0
BEN,108301,108,301,1,3,1,1,1,0,0,0,0,1,1,0,1,0,2021,0,0,0,0,0,0,0,,0,0,0,0,0,0,0,0,0,0,0
BEN,108357,108,357,1,1,1,1,1,1,1,1,1,0,1,1,1,1,2021,1,1,0,0,1,1,0,,0,0,0,0,0,0,0,0,0,0,0
BEN,108413,108,413,1,1,1,1,1,1,1,1,1,0,1,1,1,1,2021,0,1,1,1,1,0,1,,0,0,0,0,0,0,0,0,0,1,0
BEN,108419,108,419,1,3,1,1,1,0,0,0,0,1,1,0,1,0,2021,0,0,0,0,0,0,1,,0,0,0,0,0,0,0,0,0,0,0
BEN,109012,109,12,2,1,1,1,1,1,1,1,1,0,1,1,1,1,2021,1,0,0,0,1,0,0,,0,0,0,0,0,0,0,1,0,0,0
BEN,109028,109,28,2,4,1,1,1,0,0,1,1,0,1,1,1,0,2021,1,0,0,0,0,0,0,,0,0,0,0,0,0,0,1,0,0,0
BEN,109044,109,44,2,1,1,1,1,0,0,1,1,0,1,1,1,0,2021,1,1,0,0,0,0,0,,0,0,0,0,30,0,0,1,0,0,0
BEN,109060,109,60,2,1,1,1,1,0,0,1,1,0,1,1,1,1,2021,1,0,1,0,1,1,1,,0,0,0,0,0,0,0,1,1,0,0
BEN,109075,109,75,2,4,1,1,1,1,1,0,1,0,1,1,1,1,2021,0,0,0,0,0,0,0,0.02172000054270029,0,0,0,0,0,0,0,1,0,0,0
BEN,109091,109,91,2,4,1,1,1,1,1,1,1,0,1,1,1,1,2021,1,0,0,0,0,1,0,,0,0,0,0,0,0,0,1,0,0,0
BEN,109123,109,123,2,3,1,1,1,1,1,1,1,0,1,0,1,0,2021,1,1,0,0,0,1,0,,0,0,0,0,0,0,0,1,0,0,0
BEN,109139,109,139,2,3,1,1,1,1,1,1,1,0,1,0,1,0,2021,1,0,0,0,0,0,0,,0,0,0,0,0,0,0,1,0,0,0
BEN,109155,109,155,2,4,1,1,1,1,1,1,1,0,1,0,1,0,2021,1,1,0,0,0,1,0,,0,0,0,0,0,0,0,1,0,0,0
BEN,109187,109,187,2,3,1,1,1,1,1,0,1,0,1,1,1,1,2021,0,0,0,0,0,0,1,,0,0,0,0,0,0,0,1,0,0,0
BEN,109220,109,220,2,3,1,1,1,1,1,1,1,0,1,1,1,1,2021,1,0,1,0,0,1,0,,0,0,0,0,0,0,0,1,0,0,0
BEN,109250,109,250,2,4,1,1,1,1,1,1,1,0,1,0,1,0,2021,1,0,0,0,0,0,0,,0,0,0,0,0,0,1,1,0,0,0
BEN,110006,110,6,1,1,1,1,1,1,1,1,1,0,1,1,1,0,2021,1,0,0,0,0,0,0,,0,0,0,0,0,0,0,1,0,0,0
BEN,110014,110,14,1,3,1,1,1,1,1,0,1,0,1,1,1,0,2021,0,0,0,0,0,0,0,,0,0,0,0,0,0,0,1,0,0,0
BEN,110029,110,29,1,1,1,1,1,1,1,1,1,0,1,1,1,0,2021,0,0,0,0,0,0,0,,0,0,0,0,0,0,0,1,0,0,0
BEN,110052,110,52,1,4,1,1,1,1,1,0,1,0,0,1,1,1,2021,0,0,0,0,0,0,0,,0,0,0,0,0,1,0,0,0,0,0
BEN,110060,110,60,1,3,1,1,1,1,1,0,1,0,0,1,1,0,2021,0,0,0,0,0,0,0,,0,0,0,0,0,0,0,0,0,0,0
BEN,110068,110,68,1,4,1,1,1,1,1,0,1,0,1,1,1,1,2021,1,0,0,0,0,1,0,,0,0,0,0,0,0,0,0,0,0,0
BEN,110075,110,75,1,1,1,1,1,1,1,1,1,0,1,0,1,1,2021,0,0,0,0,0,0,0,,0,0,0,0,0,1,0,0,0,0,0
BEN,110098,110,98,1,2,1,1,1,1,1,0,0,0,1,0,1,1,2021,0,0,0,0,0,0,0,,0,0,0,0,0,0,0,0,0,0,0
BEN,110106,110,106,1,3,1,1,1,1,1,0,0,1,0,0,1,1,2021,0,0,0,0,0,0,0,,0,0,0,0,0,0,0,1,0,0,0
BEN,110121,110,121,1,3,1,1,1,1,1,1,1,0,1,0,1,1,2021,0,0,0,0,0,0,0,,0,0,0,0,0,0,0,1,0,0,0
BEN,110718,110,718,1,3,1,1,1,1,1,0,1,0,1,1,1,0,2021,1,0,0,0,0,1,0,,0,0,0,0,0,0,0,1,0,0,0
BEN,110719,110,719,1,3,1,1,1,1,1,0,1,0,0,1,1,0,2021,0,0,0,0,0,0,0,,0,0,0,0,0,1,0,0,0,0,0
BEN,111002,111,2,2,1,1,1,1,1,1,0,1,0,1,1,1,1,2021,0,0,0,0,0,0,0,,0,0,0,0,0,0,0,1,0,0,0
BEN,111018,111,18,2,3,1,1,1,0,0,1,1,0,1,1,1,1,2021,0,0,0,0,0,0,0,,0,0,0,0,0,0,0,1,0,0,0
BEN,111038,111,38,2,3,1,1,1,1,1,0,0,1,1,0,1,0,2021,0,0,0,0,0,0,0,,0,0,0,0,0,0,0,1,0,0,0
BEN,111056,111,56,2,3,1,1,1,1,1,0,0,1,1,1,1,1,2021,0,0,0,0,0,0,0,,0,0,0,0,0,0,0,1,0,0,0
BEN,111075,111,75,2,1,1,1,1,1,1,0,1,0,0,0,1,0,2021,1,0,0,0,0,0,0,,0,0,0,0,0,0,0,1,0,0,0
BEN,111109,111,109,2,4,1,1,1,1,1,1,1,0,1,0,1,0,2021,0,0,0,0,0,0,0,,0,0,0,0,0,0,0,1,0,0,0
BEN,111128,111,128,2,3,1,1,1,1,1,0,1,0,1,0,1,0,2021,1,0,0,0,0,0,0,,0,0,0,0,0,0,0,1,0,0,0
BEN,111180,111,180,2,4,0,1,1,1,1,0,0,1,1,1,1,1,2021,0,0,0,0,0,0,0,,0,0,0,0,0,1,0,1,0,0,0
BEN,111197,111,197,2,4,1,1,1,0,0,1,1,0,1,1,1,1,2021,1,0,0,0,0,0,0,,0,0,0,0,0,0,0,1,0,0,0
BEN,111215,111,215,2,4,1,1,1,1,1,0,0,1,1,1,1,0,2021,0,0,0,0,0,0,0,,0,0,0,0,20,0,0,1,0,0,0
BEN,111251,111,251,2,1,1,1,1,1,1,1,1,0,1,1,1,1,2021,1,1,1,1,1,1,1,,0,0,0,0,0,0,0,1,0,0,0
BEN,111270,111,270,2,4,1,1,1,0,0,0,0,1,1,1,1,0,2021,0,0,0,0,0,0,0,,0,0,0,0,0,0,0,1,0,0,0
BEN,112002,112,2,1,1,1,1,1,1,1,1,1,0,1,1,1,1,2021,1,1,1,1,1,1,1,,0,0,0,0,0,0,0,1,0,0,0
BEN,112032,112,32,1,1,0,1,1,0,0,1,1,0,1,1,1,0,2021,1,0,0,0,0,0,0,,0,0,0,0,0,1,0,0,0,0,0
BEN,112085,112,85,1,1,1,1,1,0,0,1,1,0,1,1,0,1,2021,1,0,0,0,0,0,1,,0,0,0,0,0,0,0,0,0,0,0
BEN,112091,112,91,1,4,1,1,1,0,0,1,1,0,0,1,1,0,2021,0,0,0,0,0,0,0,,0,0,0,0,0,1,0,0,0,0,0
BEN,112126,112,126,1,3,1,1,1,0,0,1,1,0,1,1,1,1,2021,1,0,0,0,0,0,0,,0,0,0,0,0,0,0,0,0,0,0
BEN,112179,112,179,1,1,1,1,1,0,0,0,1,0,0,0,1,0,2021,1,0,0,0,0,0,0,,0,0,0,0,0,0,0,1,1,0,0
BEN,112208,112,208,1,3,1,1,1,0,0,1,1,0,0,0,1,0,2021,1,0,0,0,0,0,0,,0,0,0,0,0,0,0,1,0,0,0
BEN,112267,112,267,1,3,1,1,1,0,0,1,1,0,0,1,1,0,2021,1,0,0,0,0,0,0,,0,0,0,0,0,0,0,1,1,0,0
BEN,112326,112,326,1,3,1,1,1,0,0,1,1,0,1,0,1,1,2021,1,0,0,0,0,0,0,,0,0,0,0,0,0,0,0,0,0,0
BEN,112330,112,330,1,4,1,1,1,0,0,1,1,0,0,0,1,0,2021,1,1,0,0,0,0,0,,0,0,0,0,0,0,0,1,0,0,0
BEN,112384,112,384,1,1,1,1,1,1,1,1,1,0,1,1,1,1,2021,1,1,1,1,1,1,1,,0,0,0,0,0,0,0,0,0,0,0
BEN,112433,112,433,1,3,1,1,1,1,1,1,1,0,1,1,1,1,2021,1,0,0,0,0,1,0,,0,0,0,0,0,0,0,1,0,0,0
BEN,113018,113,18,2,3,1,1,1,1,1,1,1,0,1,0,1,0,2021,1,0,0,0,0,1,0,,0,0,0,0,0,0,0,1,0,0,0
BEN,113045,113,45,2,3,1,1,1,1,1,1,1,0,1,1,1,1,2021,1,0,0,0,0,1,0,,0,0,0,0,0,0,0,1,0,0,0
BEN,113093,113,93,2,1,1,1,1,1,1,1,1,0,1,1,1,1,2021,0,0,0,0,0,0,0,,0,0,0,0,0,0,0,1,0,0,0
BEN,113118,113,118,2,4,1,1,1,1,1,0,1,0,1,1,1,1,2021,1,0,0,0,0,1,0,,0,0,0,0,0,0,0,1,0,0,0
BEN,113144,113,144,2,3,1,1,1,1,1,1,1,0,1,0,1,0,2021,1,1,0,0,0,1,0,,0,0,0,0,0,0,0,0,0,0,0
BEN,113194,113,194,2,3,1,1,1,1,1,1,1,0,1,1,1,0,2021,0,0,0,0,0,0,0,,0,0,0,0,0,1,0,1,0,0,0
BEN,113219,113,219,2,3,1,1,1,0,0,1,1,0,1,1,1,1,2021,1,0,0,0,0,0,0,,0,0,0,0,0,0,0,1,0,0,0
BEN,113244,113,244,2,3,1,1,1,0,0,1,1,0,1,1,1,0,2021,1,0,0,0,0,0,0,,0,0,0,0,0,0,0,1,0,0,0
BEN,113294,113,294,2,4,1,1,1,1,1,1,1,0,1,1,1,1,2021,1,0,0,0,0,1,0,,0,0,0,0,0,0,0,1,0,0,0
BEN,113323,113,323,2,3,1,1,1,0,0,1,1,0,1,1,1,1,2021,1,0,0,0,0,0,0,,0,0,0,0,0,0,0,1,0,0,0
BEN,113346,113,346,2,3,1,1,1,1,1,1,1,0,1,0,1,0,2021,0,0,0,0,0,0,0,,0,0,0,0,0,0,1,1,0,0,0
BEN,113376,113,376,2,3,1,1,1,1,1,1,1,0,1,1,1,1,2021,1,1,1,0,0,1,0,,0,0,0,0,0,0,0,1,0,0,0
BEN,114006,114,6,1,1,1,1,1,1,1,1,1,0,1,1,1,0,2021,0,0,0,0,0,0,0,,0,0,0,0,0,0,0,1,0,0,0
BEN,114022,114,22,1,1,1,1,1,1,1,1,1,0,1,1,1,0,2021,0,0,0,0,0,0,0,,0,0,0,0,0,0,0,1,0,0,0
BEN,114037,114,37,1,4,1,1,1,1,1,1,1,0,1,1,1,0,2021,1,0,0,0,0,1,0,,0,0,0,0,0,0,0,1,0,0,0
BEN,114052,114,52,1,1,1,1,1,1,1,1,1,0,1,1,1,0,2021,0,0,0,0,0,0,0,,0,0,0,0,0,0,0,1,0,0,0
BEN,114067,114,67,1,3,1,1,1,1,1,0,1,0,1,0,1,0,2021,0,0,0,0,0,0,0,,0,0,0,0,0,0,0,0,0,0,0
BEN,114082,114,82,1,1,1,1,1,1,1,1,1,0,1,1,1,1,2021,1,0,0,1,0,1,1,,0,0,0,0,0,0,0,0,1,0,0
BEN,114098,114,98,1,3,1,1,1,1,1,0,1,0,1,1,1,1,2021,1,0,0,1,1,1,0,,0,0,0,0,0,0,0,0,0,0,0
BEN,114113,114,113,1,1,1,1,1,1,1,1,1,0,1,1,1,0,2021,1,0,0,0,0,0,0,,0,0,0,0,0,0,0,0,0,0,0
BEN,114128,114,128,1,1,1,1,1,1,1,1,1,0,1,1,1,1,2021,0,0,0,0,0,0,0,,0,0,0,0,0,0,0,1,0,0,0
BEN,114158,114,158,1,1,1,1,1,1,1,1,1,0,1,1,1,1,2021,0,0,0,0,0,0,0,,0,0,0,0,0,0,0,0,0,0,0
BEN,114174,114,174,1,2,1,0,1,1,1,0,0,0,1,0,0,0,2021,0,0,0,0,0,0,0,,0,0,0,0,0,0,0,1,0,0,0
BEN,114204,114,204,1,3,1,1,1,1,1,1,1,0,1,1,1,1,2021,0,0,0,0,0,0,0,,0,0,0,0,0,0,0,0,0,0,0
BEN,115003,115,3,2,3,1,1,1,0,0,1,1,0,1,0,1,0,2021,1,0,0,0,0,0,0,,0,0,0,0,0,0,0,1,0,0,0
BEN,115064,115,64,2,3,1,1,1,1,1,1,1,0,1,0,1,0,2021,0,0,0,0,0,0,0,,0,0,0,0,0,0,0,1,0,0,0
BEN,115093,115,93,2,1,1,1,1,1,1,1,1,0,1,1,1,0,2021,1,0,0,0,0,0,0,,0,0,0,0,12,0,0,0,0,0,0
BEN,115123,115,123,2,3,1,1,1,0,0,1,1,0,1,0,0,0,2021,1,0,0,0,0,0,0,,0,0,0,0,0,0,0,1,0,0,0
BEN,115152,115,152,2,3,1,1,1,1,1,1,1,0,1,0,1,0,2021,1,0,0,0,0,1,0,,0,0,0,0,0,0,0,1,0,0,0
BEN,115213,115,213,2,4,1,1,1,1,1,1,1,0,1,0,1,0,2021,0,0,0,0,0,0,0,,0,0,0,0,0,0,0,1,0,0,0
BEN,115243,115,243,2,3,1,1,1,0,0,1,1,0,1,1,1,0,2021,1,0,0,0,0,0,0,,0,0,0,0,0,0,0,1,0,0,0
BEN,115302,115,302,2,4,1,1,1,1,1,1,1,0,1,1,1,1,2021,1,0,0,0,1,1,0,,0,0,0,0,0,0,0,1,0,0,0
BEN,115333,115,333,2,4,0,1,1,1,1,0,1,0,1,1,1,1,2021,0,0,0,0,0,0,0,,0,0,0,0,0,0,0,1,0,0,0
BEN,115363,115,363,2,4,1,1,1,0,0,1,1,0,1,1,1,0,2021,0,0,0,0,0,0,0,,0,0,0,0,0,1,0,0,0,0,0
BEN,115423,115,423,2,4,0,1,1,1,1,0,1,0,1,1,1,1,2021,0,0,0,0,0,0,0,,0,0,0,0,0,0,0,1,0,0,0
BEN,115453,115,453,2,1,1,1,1,1,1,1,1,0,1,1,1,1,2021,1,0,0,0,0,1,1,,0,0,0,0,0,0,0,1,0,0,0
BEN,116030,116,30,1,1,1,1,1,1,1,1,1,0,1,1,1,1,2021,1,0,1,1,1,0,1,,0,0,0,0,0,0,0,0,0,0,0
BEN,116051,116,51,1,1,1,1,1,1,1,1,1,0,1,1,1,1,2021,1,1,1,1,1,0,1,,0,0,0,0,0,0,0,0,0,0,0
BEN,116113,116,113,1,3,1,1,1,1,1,1,1,0,1,1,1,0,2021,1,0,0,0,0,0,0,,0,0,0,0,0,1,0,0,0,0,0
BEN,116134,116,134,1,1,1,1,1,1,1,1,1,0,1,1,1,0,2021,1,0,0,0,0,0,1,,0,0,0,0,0,0,0,0,0,0,0
BEN,116155,116,155,1,1,1,1,1,1,1,1,1,0,1,1,1,0,2021,1,0,0,0,0,1,1,,0,0,0,0,0,1,0,1,0,0,0
BEN,116176,116,176,1,3,1,1,1,0,0,1,1,0,1,1,1,0,2021,0,0,0,0,0,0,0,,0,0,0,0,0,1,0,1,0,0,0
BEN,116259,116,259,1,3,1,1,1,0,0,1,1,0,1,1,1,0,2021,1,0,0,0,0,0,0,,0,0,0,0,0,0,0,1,0,0,0
BEN,116720,116,720,1,3,1,1,1,0,0,1,1,0,1,0,1,0,2021,0,0,0,0,0,0,0,,0,0,0,0,0,0,0,0,0,0,0
BEN,116721,116,721,1,3,1,1,1,0,0,1,1,0,1,1,1,0,2021,1,0,0,0,0,0,0,,0,0,0,0,0,0,0,0,0,0,0
BEN,116722,116,722,1,3,1,1,1,0,0,1,1,0,1,1,1,1,2021,0,1,0,0,0,0,0,,0,0,0,0,0,0,0,0,0,0,0
BEN,116723,116,723,1,3,1,1,1,1,1,1,1,0,1,1,1,1,2021,1,1,0,0,1,1,0,,0,0,0,0,0,0,0,0,0,0,0
BEN,116724,116,724,1,3,1,1,1,1,1,1,1,0,1,1,1,1,2021,1,1,1,1,1,1,1,,0,0,0,0,0,0,0,0,0,0,0
BEN,117009,117,9,2,1,1,1,1,1,1,0,1,0,0,0,0,0,2021,0,0,0,0,0,0,0,,0,0,0,0,0,0,0,1,0,0,0
BEN,117020,117,20,2,4,1,1,1,1,1,0,1,0,0,0,0,0,2021,0,0,0,0,0,0,0,,0,0,0,0,0,0,0,1,0,0,0
BEN,117041,117,41,2,4,1,1,1,1,1,0,0,0,0,0,0,0,2021,0,0,0,0,0,0,0,,0,0,0,0,0,1,0,1,0,0,0
BEN,117051,117,51,2,1,1,1,1,1,1,0,1,0,0,0,0,0,2021,1,1,0,0,0,1,0,,0,0,0,0,0,0,0,1,0,0,0
BEN,117062,117,62,2,4,1,1,1,0,1,1,1,0,1,1,1,0,2021,1,0,0,0,0,0,0,,0,0,0,0,0,0,0,1,1,0,0
BEN,117083,117,83,2,4,1,1,1,1,1,1,1,0,1,1,1,0,2021,1,0,0,0,0,0,0,,0,0,0,0,0,0,1,1,0,0,0
BEN,117093,117,93,2,4,1,1,1,0,1,0,0,0,1,1,1,0,2021,0,0,0,0,0,0,0,,0,0,0,0,0,0,1,1,0,0,0
BEN,117104,117,104,2,2,1,1,1,1,1,0,1,0,1,1,1,1,2021,1,0,0,0,0,1,0,,0,0,0,0,0,0,0,1,0,0,0
BEN,117125,117,125,2,3,1,1,1,0,1,0,0,0,1,1,1,0,2021,1,0,0,0,0,0,0,,0,0,0,0,0,0,0,1,0,0,0
BEN,117135,117,135,2,2,1,1,1,1,1,0,1,0,1,0,0,0,2021,0,0,0,0,0,0,0,,0,0,0,0,0,0,0,1,0,0,0
BEN,117146,117,146,2,2,1,1,1,1,1,1,1,0,1,0,0,0,2021,0,0,0,0,0,0,0,,0,0,0,0,0,1,0,1,0,0,0
BEN,117167,117,167,2,4,1,1,1,1,1,1,1,0,1,0,0,0,2021,0,0,0,0,0,0,0,,0,0,0,0,0,0,0,1,0,0,0
BEN,118021,118,21,1,1,1,1,1,1,1,1,1,0,1,1,1,1,2021,0,0,0,0,0,0,0,,0,0,0,0,0,0,0,1,0,0,0
BEN,118045,118,45,1,3,1,1,1,1,1,0,1,0,1,1,1,1,2021,1,0,0,0,0,1,0,,0,0,0,0,0,0,0,1,0,0,0
BEN,118070,118,70,1,1,1,1,1,1,1,1,1,0,1,1,1,1,2021,0,0,0,0,0,0,0,,0,0,0,0,0,0,0,1,0,0,0
BEN,118095,118,95,1,1,1,1,1,1,1,0,1,0,1,1,1,0,2021,1,0,0,0,0,1,0,,0,0,0,0,0,0,0,1,0,0,0
BEN,118119,118,119,1,3,1,1,1,1,1,0,1,0,1,1,1,0,2021,0,0,0,0,0,0,0,,0,0,0,0,0,1,0,0,0,0,0
BEN,118144,118,144,1,3,1,1,1,1,1,1,1,0,0,1,1,1,2021,1,0,1,0,0,1,0,,0,0,0,0,0,0,0,0,0,0,0
BEN,118168,118,168,1,4,1,1,1,1,1,0,1,0,1,1,1,0,2021,0,0,0,0,0,0,0,,0,0,0,0,0,1,0,0,0,0,0
BEN,118217,118,217,1,4,1,1,1,1,1,0,1,0,0,1,1,0,2021,0,0,0,0,0,0,0,,0,0,0,0,0,0,0,0,0,0,0
BEN,118242,118,242,1,3,1,1,1,1,1,1,1,0,1,0,1,1,2021,0,0,0,0,0,0,0,,0,0,0,0,0,0,0,1,0,0,0
BEN,118266,118,266,1,1,1,1,1,1,1,1,1,0,1,0,1,1,2021,0,0,0,0,0,0,0,,0,0,0,0,0,0,0,0,0,0,0
BEN,118316,118,316,1,1,1,1,1,1,1,1,1,0,1,1,1,1,2021,1,0,0,0,0,0,0,,0,0,0,0,0,0,0,0,0,0,0
BEN,118340,118,340,1,1,1,1,1,1,1,1,1,0,1,1,1,1,2021,1,0,1,0,0,0,0,,0,0,0,0,0,0,0,1,0,0,0
BEN,119015,119,15,2,4,1,1,1,1,1,1,1,0,1,0,1,0,2021,1,0,0,0,0,0,0,,0,0,0,0,0,1,0,1,0,0,0
BEN,119024,119,24,2,1,1,1,1,0,0,1,1,0,1,0,1,0,2021,0,0,0,0,0,0,0,,0,0,0,0,0,0,0,1,0,0,0
BEN,119032,119,32,2,3,1,1,1,1,1,1,1,0,1,0,1,0,2021,1,1,0,0,0,1,0,,0,0,0,0,0,0,0,1,0,0,0
BEN,119050,119,50,2,3,1,1,1,1,1,1,1,0,1,0,1,0,2021,1,1,0,0,0,1,0,,0,0,0,0,0,0,0,1,0,0,0
BEN,119067,119,67,2,1,1,1,1,1,1,1,1,0,1,1,0,1,2021,1,1,1,0,1,1,1,,0,0,0,0,0,0,0,1,0,0,0
BEN,119085,119,85,2,1,1,1,1,1,1,1,1,0,1,0,1,0,2021,1,1,1,0,0,0,0,,0,0,0,0,0,0,0,1,1,0,0
BEN,119102,119,102,2,3,0,1,1,0,0,1,1,0,1,1,1,0,2021,0,0,0,0,0,0,0,,0,0,0,0,0,0,0,1,0,0,0
BEN,119137,119,137,2,4,1,1,1,1,1,1,1,0,1,1,1,1,2021,0,0,0,0,0,0,0,,0,0,0,0,0,0,0,1,1,0,0
BEN,119154,119,154,2,4,1,1,1,1,1,1,1,0,1,1,1,1,2021,1,0,0,0,0,1,0,,0,0,0,0,0,0,0,1,0,0,0
BEN,119180,119,180,2,3,1,1,1,1,0,1,1,0,1,1,1,0,2021,1,0,0,0,0,0,0,,0,0,0,0,0,0,0,1,0,0,0
BEN,119224,119,224,2,3,1,1,1,1,1,1,1,0,1,1,1,1,2021,0,0,0,0,0,0,0,,0,0,0,0,0,0,0,1,0,0,0
BEN,119229,119,229,2,3,1,1,1,1,1,1,1,0,1,1,1,1,2021,1,0,0,0,0,1,0,,0,0,0,0,0,0,0,1,0,0,0
BEN,120024,120,24,1,2,1,1,1,1,1,0,1,0,1,1,1,1,2021,1,0,0,0,0,0,0,,0,0,0,0,0,0,0,0,0,0,0
BEN,120036,120,36,1,1,1,1,1,1,1,0,1,0,0,0,0,0,2021,0,0,0,0,0,0,0,,0,0,0,0,0,1,0,1,0,0,0
BEN,120049,120,49,1,4,1,1,1,1,1,0,0,1,0,0,0,0,2021,0,0,0,0,0,0,0,,0,0,0,0,0,1,0,0,0,0,0
BEN,120061,120,61,1,2,0,1,1,1,1,0,0,0,0,0,1,0,2021,1,0,0,0,0,0,0,,0,0,0,0,0,0,0,1,0,0,0
BEN,120074,120,74,1,1,1,1,1,0,0,0,1,0,1,1,1,0,2021,1,1,0,0,0,0,0,,0,0,0,0,9,1,0,0,0,0,0
BEN,120086,120,86,1,1,1,1,1,1,1,0,0,0,0,0,0,0,2021,0,0,0,0,0,0,0,,0,0,0,0,0,0,0,1,0,0,0
BEN,120099,120,99,1,2,1,1,1,1,1,0,1,0,1,1,1,1,2021,1,0,0,0,0,1,0,,0,0,0,0,0,0,0,0,0,0,0
BEN,120112,120,112,1,3,1,1,1,1,1,1,1,0,1,1,1,0,2021,1,1,0,1,1,1,0,,0,0,0,0,0,0,0,0,0,0,0
BEN,120124,120,124,1,1,1,1,1,0,0,0,1,0,0,1,1,0,2021,1,1,1,1,1,1,0,,0,0,0,0,5,0,0,0,0,0,0
BEN,120149,120,149,1,1,1,1,1,1,1,1,1,0,1,1,1,1,2021,1,0,1,0,0,1,0,,0,0,0,0,0,0,0,0,0,0,0
BEN,120174,120,174,1,1,1,1,1,0,0,1,1,0,1,1,1,0,2021,1,1,1,0,1,1,0,,0,0,0,0,0,0,0,0,0,0,0
BEN,120199,120,199,1,1,1,1,1,0,0,1,1,0,1,1,1,1,2021,1,0,0,0,0,1,0,,0,0,0,0,0,0,0,0,0,0,0
BEN,121014,121,14,2,1,1,1,1,0,0,1,1,0,1,0,0,0,2021,1,1,0,1,0,1,0,,0,0,0,0,0,0,0,1,0,0,0
BEN,121029,121,29,2,1,1,1,1,1,1,0,0,0,0,0,1,0,2021,0,0,0,0,0,0,0,,0,0,0,0,0,0,0,0,0,0,0
BEN,121056,121,56,2,3,1,0,1,1,1,0,1,0,1,1,1,1,2021,1,0,0,0,0,1,0,,0,0,0,0,0,0,0,1,0,0,0
BEN,121058,121,58,2,3,1,1,1,1,1,1,1,0,1,0,0,1,2021,1,0,1,1,0,1,0,,0,0,0,0,0,0,0,1,0,0,0
BEN,121131,121,131,2,1,1,1,1,1,1,0,1,0,1,1,1,1,2021,1,1,0,0,0,1,0,,0,0,0,0,0,0,0,1,0,0,0
BEN,121154,121,154,2,4,1,1,1,1,1,1,1,0,1,0,1,0,2021,1,1,1,0,0,1,0,,0,0,0,0,0,0,0,0,0,0,0
BEN,121161,121,161,2,1,1,1,1,1,1,0,0,0,0,0,1,0,2021,0,0,0,0,0,0,0,,0,0,0,0,0,0,0,0,0,0,0
BEN,121175,121,175,2,3,1,1,1,1,1,0,0,1,1,0,0,0,2021,1,1,0,0,0,0,0,,0,0,0,0,0,0,0,1,0,0,0
BEN,121190,121,190,2,1,1,1,1,1,1,1,1,0,1,0,1,0,2021,0,0,0,0,0,0,0,,0,0,0,0,0,0,0,0,0,0,0
BEN,121205,121,205,2,3,1,1,1,0,0,1,1,0,1,0,1,0,2021,1,1,0,0,0,1,0,,0,0,0,0,0,1,0,1,0,0,0
BEN,121219,121,219,2,4,1,1,1,0,0,1,1,0,0,0,0,0,2021,1,0,0,1,0,1,0,,0,0,0,0,0,0,0,1,0,0,0
BEN,121234,121,234,2,1,1,1,1,0,0,1,1,0,1,0,0,0,2021,1,0,0,1,0,0,0,,0,0,0,0,0,0,0,1,0,0,0
BEN,122017,122,17,1,3,1,1,1,0,0,0,1,0,0,1,1,0,2021,0,0,0,0,0,0,0,,0,0,0,0,0,0,0,1,0,0,0
BEN,122033,122,33,1,4,0,1,0,0,0,0,0,0,1,0,1,0,2021,0,0,0,0,0,0,0,,0,0,0,0,0,1,0,0,0,0,0
BEN,122050,122,50,1,2,1,1,1,1,1,0,1,0,1,0,0,0,2021,1,0,0,0,0,0,0,,0,2,0,0,8,1,0,0,0,0,0
BEN,122067,122,67,1,2,1,1,1,0,0,0,1,0,1,0,0,0,2021,1,0,0,0,0,0,0,,0,0,0,0,0,0,0,1,0,0,0
BEN,122084,122,84,1,2,1,1,1,0,1,0,0,1,0,1,1,0,2021,1,0,0,0,0,0,0,,0,0,0,0,0,0,0,1,0,0,0
BEN,122101,122,101,1,3,1,1,1,1,1,0,1,0,1,1,1,1,2021,1,0,0,1,1,1,0,,0,0,0,0,0,1,0,0,0,0,0
BEN,122118,122,118,1,1,1,1,1,0,0,0,1,0,0,1,1,0,2021,1,1,1,0,0,1,0,,0,0,0,0,0,1,0,0,0,0,0
BEN,122135,122,135,1,1,1,1,1,0,0,0,1,0,0,1,1,0,2021,1,1,1,1,1,1,0,,0,0,0,0,0,1,0,0,0,0,0
BEN,122152,122,152,1,1,1,1,1,0,0,1,1,0,1,0,1,0,2021,0,0,0,0,0,0,0,,8,4,0,0,15,1,0,0,0,0,0
BEN,122168,122,168,1,2,1,1,1,0,0,1,1,0,0,1,1,0,2021,0,0,0,0,0,0,0,,0,0,0,0,0,0,0,1,0,0,0
BEN,122185,122,185,1,4,1,1,1,0,0,0,0,0,1,0,0,0,2021,0,0,0,0,0,0,0,,0,0,0,0,0,1,0,0,0,0,0
BEN,122202,122,202,1,2,1,1,1,0,0,0,1,0,0,1,1,0,2021,1,0,0,0,0,0,0,,0,0,0,0,0,0,0,0,0,0,0
BEN,123020,123,20,2,1,1,1,1,0,0,1,1,0,0,1,0,0,2021,1,0,0,0,0,0,0,,0,0,0,0,0,0,0,1,0,0,0
BEN,123028,123,28,2,4,1,1,1,0,0,1,1,0,0,0,1,0,2021,0,0,0,0,0,0,0,,0,0,0,0,0,0,0,0,0,0,0
BEN,123046,123,46,2,4,1,1,1,0,0,0,1,0,0,0,1,0,2021,0,0,0,0,0,0,0,,0,0,0,0,0,0,0,0,0,0,0
BEN,123054,123,54,2,4,1,1,1,0,0,0,0,0,0,0,1,0,2021,0,0,0,0,0,0,0,,0,0,0,0,0,1,0,0,0,0,0
BEN,123063,123,63,2,4,1,1,1,0,0,0,0,0,0,0,1,0,2021,0,0,0,0,0,0,0,,0,0,0,0,0,0,0,0,0,0,0
BEN,123080,123,80,2,1,1,1,1,0,0,1,1,0,0,1,0,0,2021,1,0,0,0,0,0,0,,0,0,0,0,0,0,0,1,0,0,0
BEN,123089,123,89,2,1,1,1,1,0,0,0,0,0,0,0,0,0,2021,0,0,0,0,0,0,0,,0,0,0,0,0,0,0,1,0,0,0
BEN,123098,123,98,2,1,1,1,1,0,0,1,1,0,0,0,0,0,2021,1,0,1,0,0,0,0,,0,0,0,0,0,0,0,1,0,0,0
BEN,123115,123,115,2,1,1,1,1,0,0,1,1,0,0,1,0,0,2021,0,0,0,0,0,0,0,1.1083989143371582,0,0,0,0,0,0,0,1,0,0,0
BEN,123124,123,124,2,4,0,1,0,0,0,0,1,0,1,0,0,0,2021,0,0,0,0,0,0,0,,0,0,0,0,0,0,0,1,0,0,0
BEN,123133,123,133,2,1,1,1,1,0,0,1,1,0,0,1,1,0,2021,1,0,0,0,0,1,0,,0,0,0,0,0,0,0,1,0,0,0
BEN,123144,123,144,2,1,1,1,1,1,1,1,1,0,0,0,0,0,2021,1,1,0,0,0,0,0,,0,0,0,0,0,0,0,1,0,0,0
BEN,124010,124,10,1,3,1,1,1,0,0,0,1,0,0,1,1,0,2021,1,0,0,0,0,0,0,,0,0,0,0,0,0,0,0,0,0,0
BEN,124026,124,26,1,2,1,1,1,1,1,0,1,0,1,1,1,0,2021,1,1,1,0,1,1,1,,0,0,0,0,25,1,0,0,0,0,0
BEN,124041,124,41,1,1,1,1,1,1,0,1,1,0,0,1,1,0,2021,1,1,1,1,0,1,0,,0,0,0,0,0,1,0,1,0,0,0
BEN,124057,124,57,1,1,1,1,1,1,0,0,1,0,1,0,0,0,2021,0,0,0,0,0,0,0,,0,0,0,0,0,0,0,1,0,0,0
BEN,124073,124,73,1,2,1,1,1,1,1,1,1,0,1,1,1,0,2021,0,0,1,0,0,0,0,,0,9,8,0,15,0,0,1,0,0,0
BEN,124089,124,89,1,3,1,1,1,0,0,1,1,0,1,1,1,1,2021,1,1,1,0,1,1,1,,0,0,0,0,0,0,0,1,0,0,0
BEN,124105,124,105,1,1,1,1,1,0,0,0,1,0,1,0,1,0,2021,1,0,0,0,0,0,0,,0,0,0,0,0,0,0,1,0,0,0
BEN,124120,124,120,1,2,1,1,1,0,0,0,0,1,0,1,1,0,2021,1,0,0,0,0,1,0,,0,0,0,0,0,0,0,1,0,0,0
BEN,124136,124,136,1,1,1,1,1,0,0,0,0,0,0,1,1,1,2021,0,0,0,0,0,0,0,,0,0,0,0,0,1,0,0,0,0,0
BEN,124152,124,152,1,2,1,1,1,1,1,0,1,0,1,1,1,0,2021,0,0,0,0,0,0,0,,0,0,0,0,0,0,0,1,0,0,0
BEN,124168,124,168,1,3,1,1,1,0,0,0,1,0,1,0,1,0,2021,1,0,0,0,0,0,0,,0,0,0,0,0,0,0,0,1,0,0
BEN,124184,124,184,1,1,1,1,1,0,0,0,1,0,1,0,1,0,2021,1,0,0,0,0,1,0,,0,0,0,0,0,0,0,1,0,0,0
BEN,125033,125,33,2,3,1,1,1,1,1,1,1,0,0,0,0,0,2021,1,0,0,0,0,0,0,,0,0,0,0,0,0,0,1,0,0,0
BEN,125042,125,42,2,3,1,1,1,1,1,1,1,0,0,0,0,0,2021,0,1,0,0,0,0,0,,0,0,0,0,0,0,0,1,0,0,0
BEN,125043,125,43,2,3,1,1,1,1,1,1,1,0,1,1,1,0,2021,0,0,0,0,0,0,0,,0,0,0,0,0,0,0,1,0,0,0
BEN,125055,125,55,2,3,1,1,1,1,1,0,0,0,0,0,0,0,2021,0,0,0,0,0,0,0,,0,0,0,0,0,0,0,1,0,0,0
BEN,125068,125,68,2,2,1,1,0,1,1,0,0,0,0,0,0,0,2021,0,0,0,0,0,0,0,,0,0,0,0,0,0,0,1,0,0,0
BEN,125076,125,76,2,3,1,1,1,1,1,1,1,0,0,0,0,0,2021,0,0,0,0,0,0,0,,0,0,0,0,0,0,0,1,0,0,0
BEN,125077,125,77,2,1,1,1,1,1,1,1,1,0,0,0,0,0,2021,1,0,0,0,0,1,0,,0,0,0,0,0,0,0,1,0,0,0
BEN,125099,125,99,2,1,1,1,1,1,1,1,1,0,1,1,1,0,2021,0,0,0,0,0,0,0,,0,0,0,0,0,0,0,1,0,0,0
BEN,125103,125,103,2,3,1,1,1,1,1,1,1,0,1,1,1,0,2021,1,0,0,0,0,1,0,,0,0,0,0,0,0,0,1,0,0,0
BEN,125120,125,120,2,1,1,1,1,1,1,1,1,0,1,0,0,0,2021,0,0,0,0,0,0,0,,0,0,0,0,0,0,0,1,0,0,0
BEN,125142,125,142,2,1,1,1,1,1,1,0,1,0,0,0,0,0,2021,0,1,0,0,0,0,0,,0,0,0,0,0,0,0,1,0,0,0
BEN,125164,125,164,2,1,1,1,1,1,1,0,1,0,0,1,1,1,2021,1,1,0,0,0,0,0,,0,0,0,0,0,0,0,1,0,0,0
BEN,126025,126,25,1,1,1,1,0,1,1,0,0,0,1,1,0,1,2021,0,0,0,0,0,0,0,,0,0,0,0,0,1,0,0,1,0,0
BEN,126077,126,77,1,1,1,1,0,0,0,0,1,0,0,0,1,0,2021,0,0,0,0,0,0,0,,0,0,0,0,0,0,0,0,0,0,0
BEN,126103,126,103,1,1,1,1,0,0,0,0,0,1,0,0,1,0,2021,0,0,0,0,0,0,0,,0,0,0,0,0,1,0,0,0,0,0
BEN,126128,126,128,1,2,0,1,1,1,1,0,0,0,0,0,0,0,2021,0,0,0,0,0,0,0,,0,0,0,0,0,0,0,1,0,0,0
BEN,126154,126,154,1,2,1,1,1,1,1,1,1,0,1,1,1,1,2021,1,1,0,0,0,0,0,,0,0,0,0,0,0,0,1,0,0,0
BEN,126231,126,231,1,1,1,1,1,0,0,1,1,0,0,0,1,0,2021,0,0,0,0,0,0,0,,0,0,0,0,0,0,0,1,0,0,0
BEN,126257,126,257,1,4,1,1,1,1,1,1,1,0,1,0,1,0,2021,1,0,0,0,0,0,0,,0,0,0,0,0,0,0,0,0,0,0
BEN,126309,126,309,1,1,1,1,1,0,0,1,1,0,1,0,1,0,2021,1,0,0,0,0,1,0,,0,0,0,0,0,0,0,0,0,0,0
BEN,126334,126,334,1,4,1,1,1,1,1,1,1,0,1,1,1,0,2021,1,0,0,0,0,0,0,,0,0,0,0,0,0,0,0,0,0,0
BEN,126386,126,386,1,4,0,1,1,0,0,0,0,0,0,0,1,0,2021,0,0,0,0,0,0,0,,0,0,0,0,0,0,0,0,0,0,0
BEN,126725,126,725,1,1,1,1,0,0,0,0,1,0,0,0,1,0,2021,0,0,0,0,0,0,0,,0,0,0,0,0,0,0,0,0,0,0
BEN,126726,126,726,1,3,1,1,1,0,0,1,1,0,0,1,1,0,2021,0,0,0,0,0,0,0,,0,0,0,0,0,0,0,1,0,0,0
BEN,127015,127,15,2,1,1,1,1,1,1,1,0,1,1,1,1,1,2021,0,0,0,0,0,0,0,,0,0,0,0,0,0,0,1,0,0,0
BEN,127019,127,19,2,1,1,1,1,1,1,1,0,1,1,1,1,1,2021,1,0,0,0,0,0,0,,0,0,0,0,0,0,0,1,0,0,0
BEN,127054,127,54,2,4,1,1,1,0,1,0,1,0,1,1,1,0,2021,0,0,0,0,0,0,0,,0,0,0,0,0,0,0,0,0,0,0
BEN,127061,127,61,2,4,1,1,1,0,0,1,0,1,1,1,1,1,2021,0,0,0,0,0,0,0,,0,0,0,0,0,0,0,1,0,0,0
BEN,127071,127,71,2,1,1,1,1,1,1,1,1,0,1,1,1,0,2021,1,0,1,1,1,1,0,,0,0,0,0,0,0,0,0,0,0,0
BEN,127076,127,76,2,1,1,1,1,0,0,1,1,0,1,0,1,0,2021,1,0,0,0,0,1,0,,0,0,0,0,0,0,0,1,0,0,0
BEN,127107,127,107,2,1,1,1,1,1,1,1,1,0,1,0,1,0,2021,1,0,0,0,0,0,0,,0,0,0,0,0,0,0,0,0,0,0
BEN,127138,127,138,2,1,1,1,1,1,1,0,0,1,1,1,1,0,2021,1,1,1,1,1,1,1,,0,0,0,0,0,0,0,0,0,0,0
BEN,127169,127,169,2,1,1,1,1,1,1,1,1,0,0,0,1,0,2021,1,0,0,0,0,1,0,,0,0,0,0,0,0,0,1,0,0,0
BEN,127200,127,200,2,1,1,1,1,1,1,1,1,0,0,1,1,0,2021,1,0,0,0,0,1,1,,0,0,0,0,0,0,0,1,0,0,0
BEN,127246,127,246,2,3,1,1,1,1,1,1,1,0,1,1,1,1,2021,1,0,1,0,0,1,0,,0,0,0,0,0,0,0,1,0,0,0
BEN,127293,127,293,2,3,1,1,1,1,1,1,0,1,1,1,1,1,2021,1,0,0,0,0,0,0,,0,0,0,0,0,0,0,1,0,0,0
BEN,128033,128,33,1,4,0,1,0,0,0,0,0,0,0,1,1,0,2021,0,0,0,0,0,0,0,,0,0,0,0,0,0,0,1,0,0,0
BEN,128045,128,45,1,4,0,1,1,0,0,0,1,0,0,1,1,1,2021,0,0,0,0,0,0,0,,0,0,0,0,0,0,0,1,0,0,0
BEN,128067,128,67,1,2,1,1,1,0,0,0,1,0,1,1,0,0,2021,1,0,0,0,0,0,0,,0,0,0,0,0,0,0,1,0,0,0
BEN,128090,128,90,1,1,1,1,1,1,1,1,1,0,1,0,1,0,2021,0,0,0,0,0,0,0,,0,0,0,0,0,0,0,1,0,0,0
BEN,128101,128,101,1,1,1,1,0,0,0,0,0,0,1,0,1,0,2021,0,0,0,0,0,0,0,,0,0,0,0,0,0,0,1,0,0,0
BEN,128113,128,113,1,2,1,1,1,0,0,0,0,1,0,1,1,0,2021,0,0,0,0,0,0,0,,0,0,0,0,220,0,0,1,1,0,0
BEN,128124,128,124,1,1,1,1,1,1,1,0,0,1,1,0,1,0,2021,0,0,0,0,0,0,0,,0,0,0,0,0,1,0,1,0,0,0
BEN,128135,128,135,1,3,1,1,1,1,1,1,1,0,1,1,1,1,2021,1,1,0,0,0,1,0,,0,0,0,0,0,0,0,1,0,0,0
BEN,128158,128,158,1,2,1,1,1,0,0,0,0,1,0,0,0,0,2021,0,0,0,0,0,0,0,,0,0,0,0,0,0,0,1,0,0,0
BEN,128181,128,181,1,4,1,1,1,0,0,0,1,0,0,1,1,1,2021,0,0,0,0,0,0,0,,0,0,0,0,0,0,0,1,0,0,0
BEN,128727,128,727,1,1,1,1,1,1,1,1,1,0,1,1,1,1,2021,1,0,1,1,0,1,0,,0,0,0,0,0,0,0,1,0,0,0
BEN,128728,128,728,1,4,1,1,1,0,0,0,1,0,0,1,1,0,2021,0,0,0,0,0,0,0,,0,0,0,0,0,0,0,1,0,0,0
BEN,129015,129,15,2,4,1,1,1,1,1,0,1,0,1,0,0,0,2021,1,0,0,0,0,1,0,,0,0,0,0,0,0,0,1,0,0,0
BEN,129033,129,33,2,3,1,1,1,1,1,1,1,0,1,1,1,1,2021,1,0,0,0,0,1,0,,0,0,0,0,0,0,0,1,0,0,0
BEN,129068,129,68,2,4,1,1,1,0,0,0,0,1,1,1,1,1,2021,0,0,0,0,0,0,0,,0,0,0,0,0,0,0,1,0,0,0
BEN,129103,129,103,2,3,1,1,1,1,1,1,0,1,1,0,1,1,2021,1,0,0,0,0,0,0,,0,0,0,0,0,0,0,1,0,0,0
BEN,129139,129,139,2,3,1,1,1,1,1,1,1,0,1,0,1,1,2021,1,0,0,0,0,1,0,,0,0,0,0,0,0,0,1,0,0,0
BEN,129157,129,157,2,2,1,1,1,1,1,1,1,0,1,1,1,1,2021,1,0,0,0,0,1,0,,0,0,0,0,0,0,0,1,0,0,0
BEN,129174,129,174,2,1,1,1,1,0,0,1,1,0,1,0,1,0,2021,1,0,0,0,0,0,0,,0,0,0,0,0,0,0,0,0,0,0
BEN,129202,129,202,2,3,1,1,1,0,0,0,0,0,1,0,0,0,2021,0,0,0,0,0,0,0,,0,0,0,0,0,0,0,1,0,0,0
BEN,129204,129,204,2,4,1,1,1,0,0,0,0,1,1,0,1,0,2021,0,0,0,0,0,0,0,,0,0,0,0,0,0,0,0,0,0,0
BEN,129208,129,208,2,1,1,1,1,0,0,1,1,0,1,0,0,0,2021,1,0,0,0,0,0,0,,0,0,0,0,0,0,0,1,0,0,0
BEN,129210,129,210,2,4,1,1,1,0,0,1,1,0,1,0,1,0,2021,1,0,0,0,0,1,0,,0,0,0,0,0,0,0,0,0,0,0
BEN,129233,129,233,2,4,1,1,1,0,0,1,1,0,1,0,1,0,2021,1,0,0,0,0,0,0,,0,0,0,0,0,0,0,0,0,0,0
BEN,130104,130,104,1,3,1,1,1,0,0,0,0,0,1,0,0,0,2021,0,0,0,0,0,0,0,,0,0,0,0,0,0,0,1,0,0,0
BEN,130157,130,157,1,3,1,1,1,0,0,0,0,0,1,0,0,0,2021,1,0,0,0,0,0,0,,0,0,0,0,0,0,0,1,0,0,0
BEN,130163,130,163,1,3,1,1,1,1,1,1,1,0,1,1,1,0,2021,1,1,0,1,0,1,0,,0,0,0,0,0,1,0,1,0,0,0
BEN,130210,130,210,1,3,1,1,1,1,1,1,1,0,1,1,1,1,2021,1,1,0,1,1,1,0,,0,0,0,0,0,0,0,1,0,0,0
BEN,130221,130,221,1,1,1,1,1,1,1,1,1,0,1,1,1,1,2021,1,1,1,1,0,0,0,,0,0,0,0,0,0,0,0,0,0,0
BEN,130308,130,308,1,1,1,1,1,1,1,1,1,0,1,1,1,1,2021,1,1,1,1,1,1,1,,0,0,0,0,0,0,0,0,0,0,0
BEN,130316,130,316,1,4,0,1,1,1,1,0,1,0,0,0,0,0,2021,1,0,0,0,0,0,0,,0,0,0,0,0,0,0,1,0,0,0
BEN,130379,130,379,1,1,1,1,1,1,1,1,1,0,0,1,1,1,2021,0,0,0,0,0,0,0,,0,0,0,0,6,0,0,1,0,0,0
BEN,130422,130,422,1,3,1,1,1,1,1,0,1,0,1,1,1,0,2021,0,0,0,0,0,0,0,,0,0,0,0,7,0,0,1,0,0,0
BEN,130528,130,528,1,3,1,1,1,1,1,0,1,0,1,1,1,0,2021,1,1,0,1,1,1,0,,0,0,0,0,0,0,0,1,0,0,0
BEN,130581,130,581,1,1,1,1,1,1,1,1,1,0,1,1,1,1,2021,1,1,0,0,1,1,1,,0,0,0,0,0,0,0,1,0,0,0
BEN,130634,130,634,1,1,1,1,1,0,0,0,1,0,0,1,1,1,2021,1,0,0,0,0,1,0,,0,0,0,0,0,0,1,0,0,0,0
BEN,131016,131,16,2,1,1,1,1,1,1,1,1,0,0,1,1,0,2021,1,0,0,0,0,1,0,,0,0,0,0,0,0,0,1,0,0,0
BEN,131028,131,28,2,1,1,1,1,1,1,1,1,0,1,1,1,1,2021,1,0,0,0,0,1,0,,0,0,0,0,0,0,0,1,0,0,0
BEN,131041,131,41,2,2,1,1,1,1,1,1,0,1,1,1,1,1,2021,1,0,0,0,0,0,0,,0,0,0,0,0,0,0,1,0,0,0
BEN,131062,131,62,2,3,1,1,1,0,0,1,0,1,1,0,0,0,2021,0,0,0,0,0,0,0,,0,0,0,0,0,1,0,1,0,0,0
BEN,131065,131,65,2,1,1,1,1,1,1,0,1,0,1,0,0,0,2021,0,0,0,0,0,0,0,,0,0,0,0,0,0,0,1,0,0,0
BEN,131067,131,67,2,4,1,1,1,1,1,1,1,0,1,1,1,0,2021,1,1,1,1,1,1,0,,0,0,0,0,0,0,0,0,0,0,0
BEN,131090,131,90,2,1,1,1,1,1,1,1,1,0,1,1,1,1,2021,1,1,1,0,0,1,1,,0,0,0,0,0,0,0,1,0,0,0
BEN,131097,131,97,2,1,1,1,1,1,1,1,1,0,1,1,1,1,2021,1,1,1,1,0,1,1,,0,0,0,0,0,0,0,1,0,0,0
BEN,131115,131,115,2,4,1,1,1,1,1,1,1,0,0,1,1,0,2021,1,0,1,0,0,1,1,,0,0,0,0,0,0,0,0,0,0,0
BEN,131147,131,147,2,4,1,1,1,0,0,0,0,1,1,0,1,0,2021,1,0,0,0,0,0,0,,0,0,0,0,0,0,0,0,0,0,0
BEN,131164,131,164,2,1,1,1,1,1,1,1,1,0,1,1,1,0,2021,1,1,1,0,1,1,1,,0,0,0,0,0,0,0,0,0,0,0
BEN,131173,131,173,2,3,1,1,1,0,0,1,0,1,1,0,0,0,2021,0,0,0,0,0,0,0,,0,0,0,0,0,1,0,1,0,0,0
BEN,132004,132,4,1,4,1,1,1,1,1,1,1,0,1,0,0,0,2021,0,0,0,0,0,0,0,0.7005810141563416,0,0,0,0,0,0,1,1,0,0,0
BEN,132021,132,21,1,4,0,1,0,1,1,0,0,0,0,0,0,0,2021,0,0,0,0,0,0,0,,0,0,0,0,35,0,0,1,0,0,0
BEN,132038,132,38,1,2,1,1,1,0,0,0,1,0,1,0,0,0,2021,1,0,0,0,0,0,0,0.2997710034251213,0,0,0,0,0,0,0,1,0,0,0
BEN,132055,132,55,1,1,0,1,0,1,1,0,0,0,0,1,1,0,2021,0,0,0,0,0,0,0,,0,0,0,0,0,0,0,1,0,0,0
BEN,132071,132,71,1,3,1,1,1,1,1,1,1,0,0,1,1,0,2021,1,0,0,0,0,0,0,1.8436700105667114,0,0,0,0,0,1,0,1,0,0,0
BEN,132088,132,88,1,4,1,1,1,1,1,0,1,0,0,0,0,0,2021,0,0,0,0,0,0,0,,0,18,0,0,50,0,0,1,0,0,0
BEN,132105,132,105,1,4,0,1,1,0,0,0,0,0,0,0,0,0,2021,0,0,0,0,0,0,0,0.5068999975919724,0,3,2,0,15,0,0,1,0,0,0
BEN,132122,132,122,1,4,1,1,1,1,1,1,1,0,0,1,0,0,2021,1,0,0,0,0,0,0,2.112119972705841,0,0,0,0,0,0,1,1,0,0,0
BEN,132138,132,138,1,1,0,1,1,0,0,1,1,0,0,1,1,0,2021,1,0,0,0,0,0,0,0.6044999957084656,0,0,0,0,0,0,0,1,0,0,0
BEN,132155,132,155,1,1,1,1,1,0,0,0,0,1,0,1,1,0,2021,0,0,0,0,0,0,0,,0,5,0,0,12,0,0,1,0,0,0
BEN,132172,132,172,1,2,1,1,1,1,1,1,1,0,1,1,0,0,2021,1,0,0,0,0,0,0,,0,0,0,0,0,0,0,1,0,0,0
BEN,132189,132,189,1,2,1,1,1,1,1,0,1,0,0,1,1,0,2021,1,0,0,0,0,0,0,,0,0,0,0,0,0,0,1,0,0,0
BEN,133011,133,11,1,4,1,1,1,1,1,1,1,0,0,0,0,0,2021,0,0,0,0,0,0,0,,0,0,0,0,0,0,0,0,0,0,0
BEN,133025,133,25,1,4,0,1,0,1,1,0,0,0,0,0,0,0,2021,0,0,0,0,0,0,0,,0,0,0,0,0,0,0,0,0,0,0
BEN,133039,133,39,1,4,1,1,1,1,1,0,0,0,0,0,0,0,2021,0,0,0,0,0,0,0,,0,0,0,0,0,0,0,0,0,0,0
BEN,133053,133,53,1,1,1,1,1,1,1,1,1,0,0,0,1,0,2021,0,1,0,0,0,0,0,,0,0,0,0,0,0,0,0,0,0,0
BEN,133067,133,67,1,2,1,1,1,1,1,0,0,1,0,1,1,1,2021,0,0,0,0,0,0,0,,0,0,0,0,0,0,0,0,0,0,0
BEN,133080,133,80,1,1,1,1,0,1,1,0,0,0,0,0,0,0,2021,0,0,0,0,0,0,0,,0,0,0,0,0,0,0,0,0,0,0
BEN,133108,133,108,1,2,1,1,1,0,0,0,0,0,0,0,1,0,2021,0,0,0,0,0,0,0,,0,0,0,0,0,0,0,0,0,0,0
BEN,133122,133,122,1,1,1,1,1,1,1,0,0,1,0,0,0,0,2021,0,0,0,0,0,0,0,1.0,0,0,5,0,100,0,0,0,0,0,0
BEN,133150,133,150,1,1,1,1,1,1,1,0,0,1,0,0,0,0,2021,0,0,0,0,0,0,0,0.23999999463558197,0,0,0,0,0,1,0,0,0,0,0
BEN,133164,133,164,1,1,0,1,1,1,1,0,0,1,0,0,0,0,2021,0,0,0,0,0,0,0,,0,0,0,0,0,0,0,1,0,0,0
BEN,133729,133,729,1,2,0,1,0,1,1,0,0,0,0,0,0,0,2021,0,0,0,0,0,0,0,,0,0,0,0,0,0,0,0,0,0,0
BEN,133730,133,730,1,2,0,1,1,1,1,0,0,1,0,0,0,0,2021,0,0,0,0,0,0,0,0.8500000238418579,0,0,0,0,0,0,1,1,0,0,0
BEN,134011,134,11,2,1,0,1,1,1,1,1,1,0,1,1,1,0,2021,0,0,0,0,0,0,0,,0,0,0,0,0,0,0,1,0,0,0
BEN,134026,134,26,2,1,1,1,1,1,1,1,1,0,0,0,0,0,2021,1,0,0,0,0,0,0,,0,0,0,0,0,0,0,1,0,0,0
BEN,134056,134,56,2,1,1,1,1,1,1,0,1,0,0,0,0,0,2021,1,0,0,0,0,0,0,,0,0,0,0,0,0,0,1,0,0,0
BEN,134071,134,71,2,1,1,1,1,1,1,1,1,0,0,0,0,0,2021,1,0,0,0,0,0,0,,0,0,0,0,0,0,0,1,0,0,0
BEN,134085,134,85,2,3,1,1,1,1,1,1,1,0,0,0,0,0,2021,0,0,0,0,0,0,0,,0,0,0,0,12,0,0,1,0,0,0
BEN,134115,134,115,2,1,1,1,1,1,1,1,1,0,1,1,1,0,2021,1,1,0,0,0,0,0,,0,0,0,0,5,1,0,1,0,0,0
BEN,134130,134,130,2,3,1,1,1,1,1,1,1,0,0,0,1,0,2021,1,0,0,0,0,0,0,,0,0,0,0,0,1,0,1,0,0,0
BEN,134137,134,137,2,3,1,1,1,1,1,1,1,0,0,1,1,0,2021,1,1,0,0,0,1,0,,0,0,0,0,0,0,0,1,0,0,0
BEN,134174,134,174,2,1,1,1,1,1,1,1,1,0,0,0,0,0,2021,0,1,1,1,0,0,0,2.9200000762939453,0,2,0,0,0,0,0,1,0,0,0
BEN,134189,134,189,2,1,1,1,1,1,1,1,1,0,0,0,0,0,2021,1,0,0,0,0,0,1,,0,7,0,0,15,0,0,1,0,0,0
BEN,134204,134,204,2,3,1,1,1,1,1,0,1,0,0,0,0,0,2021,0,0,0,0,0,0,0,,0,4,0,0,0,0,0,1,0,0,0
BEN,134234,134,234,2,3,1,1,1,1,1,1,1,0,0,1,1,0,2021,1,1,0,0,0,0,0,,0,0,0,0,0,0,0,1,0,0,0
BEN,135010,135,10,1,3,1,1,1,1,1,0,1,0,1,0,0,0,2021,1,0,0,0,0,0,0,,0,0,0,0,0,0,0,0,0,0,0
BEN,135032,135,32,1,4,1,1,1,1,1,1,1,0,1,0,0,0,2021,1,0,0,0,0,0,0,,0,0,0,0,0,0,0,0,0,0,0
BEN,135053,135,53,1,3,1,1,1,1,1,1,1,0,1,0,0,0,2021,1,0,0,0,0,0,0,,0,0,0,0,0,0,0,0,0,0,0
BEN,135074,135,74,1,3,1,1,1,1,1,1,1,0,1,0,0,0,2021,0,0,0,0,0,0,0,,0,0,0,0,0,0,0,0,0,0,0
BEN,135096,135,96,1,1,1,1,1,1,1,1,1,0,0,1,1,1,2021,0,0,0,0,0,0,0,,0,0,0,0,0,0,0,1,0,0,0
BEN,135117,135,117,1,2,1,1,1,0,0,0,1,0,0,0,1,0,2021,0,0,0,0,0,0,0,0.8529000282287598,0,0,0,0,0,0,0,0,0,0,0
BEN,135138,135,138,1,4,1,1,1,1,1,0,0,0,1,1,1,1,2021,0,0,0,0,0,0,0,,0,0,0,0,0,0,0,1,0,0,0
BEN,135181,135,181,1,3,1,1,1,1,1,1,1,0,0,0,0,0,2021,0,0,0,0,0,0,0,,0,0,0,0,0,0,0,0,0,0,0
BEN,135203,135,203,1,2,1,1,1,1,1,1,1,0,0,0,0,0,2021,1,0,0,0,0,0,0,,0,0,0,0,0,0,0,0,0,0,0
BEN,135245,135,245,1,2,1,1,1,1,1,1,1,0,0,0,0,0,2021,1,0,0,0,0,0,0,,0,0,0,0,0,0,0,0,0,0,0
BEN,135267,135,267,1,2,1,1,1,1,1,0,0,0,0,0,0,0,2021,0,0,0,0,0,0,0,,0,0,0,0,0,0,0,0,0,0,0
BEN,135731,135,731,1,4,1,1,1,1,1,0,1,0,0,0,1,1,2021,1,0,0,0,0,0,0,,0,0,0,0,0,0,0,0,0,0,0
BEN,136010,136,10,2,1,0,1,0,1,1,0,0,0,0,0,0,0,2021,0,0,0,0,0,0,0,0.4000000059604645,0,0,0,0,0,0,0,1,0,0,0
BEN,136027,136,27,2,1,0,1,0,1,1,0,0,0,0,0,0,0,2021,0,0,0,0,0,0,0,0.28999999165534973,0,0,0,0,0,0,0,1,0,0,1
BEN,136045,136,45,2,1,1,1,1,1,1,0,0,1,0,0,0,0,2021,1,0,0,0,0,0,0,,0,0,25,0,0,0,0,1,0,0,0
BEN,136081,136,81,2,1,0,1,1,1,1,0,0,1,0,0,1,0,2021,1,0,0,0,0,0,0,0.20999999344348907,0,0,0,0,0,0,0,1,0,0,0
BEN,136099,136,99,2,1,1,1,0,1,1,0,0,1,1,0,0,1,2021,0,0,0,0,0,0,0,,0,0,0,0,0,0,0,1,0,0,0
BEN,136117,136,117,2,1,1,1,1,1,1,0,0,1,0,0,0,1,2021,0,0,0,0,0,0,0,0.18850000202655792,0,0,0,0,0,0,0,1,0,0,0
BEN,136153,136,153,2,1,1,1,0,1,1,0,0,0,0,0,0,1,2021,0,0,0,0,0,0,0,0.23510000109672546,0,0,0,0,0,0,0,1,0,0,0
BEN,136170,136,170,2,1,1,1,1,1,1,0,0,1,0,0,0,1,2021,0,0,0,0,0,0,0,,0,0,0,0,0,0,0,1,0,0,0
BEN,136188,136,188,2,2,0,1,0,1,1,0,0,0,0,0,0,0,2021,0,0,0,0,0,0,0,,0,4,0,0,2,0,0,1,1,0,0
BEN,136224,136,224,2,2,0,1,1,0,1,0,0,0,0,0,0,0,2021,0,0,0,0,0,0,0,1.7000000476837158,0,0,0,0,2,0,0,1,1,0,0
BEN,136242,136,242,2,2,0,1,0,0,1,0,0,0,0,0,0,0,2021,0,0,0,0,0,0,0,,0,2,0,0,3,0,0,1,1,0,0
BEN,136260,136,260,2,2,1,1,1,1,1,0,0,0,0,0,0,0,2021,0,0,0,0,0,0,0,4.489999771118164,0,1,0,0,0,0,0,1,1,0,0
BEN,137004,137,4,1,4,1,1,1,1,1,1,1,0,1,1,0,0,2021,0,1,0,0,0,0,0,,0,0,0,0,0,0,0,1,0,0,0
BEN,137009,137,9,1,1,0,1,0,0,0,0,0,0,0,0,0,0,2021,0,0,0,0,0,0,0,,0,0,0,0,0,0,0,1,0,0,0
BEN,137014,137,14,1,4,1,1,1,1,1,1,1,0,1,1,0,0,2021,0,0,0,0,0,0,0,0.16516099870204926,0,0,0,0,0,0,0,1,0,0,0
BEN,137018,137,18,1,4,1,1,1,1,1,1,1,0,0,0,1,0,2021,0,0,0,0,0,0,0,,0,0,0,0,0,0,0,1,0,0,0
BEN,137023,137,23,1,4,1,1,1,1,1,1,1,0,0,0,0,0,2021,0,0,0,0,0,0,0,,0,0,0,0,0,0,0,1,0,0,0
BEN,137028,137,28,1,4,1,1,1,1,1,1,1,0,1,1,0,0,2021,0,0,0,0,0,0,0,,0,0,0,0,0,1,0,1,0,0,0
BEN,137033,137,33,1,4,0,1,0,1,1,0,1,0,0,0,0,0,2021,0,0,0,0,0,0,0,,0,0,0,0,0,0,0,1,0,0,0
BEN,137037,137,37,1,4,0,1,0,1,1,0,1,0,0,0,0,0,2021,0,0,0,0,0,0,0,,0,0,0,0,0,0,0,1,0,0,0
BEN,137042,137,42,1,4,1,1,1,1,1,1,1,0,0,0,0,0,2021,0,0,0,0,0,0,0,1.4938600063323975,0,0,0,0,0,0,0,1,0,0,0
BEN,137047,137,47,1,4,0,1,0,0,0,0,0,0,1,1,0,0,2021,0,0,0,0,0,0,0,2.4883559942245483,0,10,0,0,0,1,1,1,0,0,0
BEN,137052,137,52,1,4,0,1,1,1,1,0,1,0,0,0,0,0,2021,0,0,0,0,0,0,0,,0,0,0,0,0,0,0,1,0,0,0
BEN,137056,137,56,1,4,0,1,0,1,1,0,0,0,0,0,0,0,2021,0,0,0,0,0,0,0,,0,0,0,0,0,0,0,1,0,0,0
BEN,138006,138,6,2,1,1,1,1,1,1,1,1,0,0,0,0,0,2021,0,0,0,0,0,0,0,0.5705999732017517,0,0,0,0,0,0,0,1,0,0,0
BEN,138013,138,13,2,1,1,1,0,1,1,0,0,1,0,0,0,0,2021,0,0,0,0,0,0,0,0.3091999888420105,0,0,0,0,0,0,0,1,0,0,0
BEN,138027,138,27,2,1,1,1,0,1,1,0,0,1,0,0,0,0,2021,0,0,0,0,0,0,0,0.9692999720573425,0,0,0,0,0,0,0,1,0,0,0
BEN,138034,138,34,2,1,1,1,1,1,1,1,1,0,0,0,0,0,2021,0,0,0,0,0,0,0,0.3158000111579895,0,0,0,0,0,0,0,1,0,0,0
BEN,138041,138,41,2,2,0,0,0,0,1,0,0,0,0,0,0,0,2021,0,0,0,0,0,0,0,0.3700000047683716,0,0,0,0,10,0,0,1,1,0,0
BEN,138055,138,55,2,2,0,1,0,1,1,0,0,0,0,0,0,0,2021,0,0,0,0,0,0,0,1.1300000231713057,0,0,0,0,7,0,0,1,0,0,0
BEN,138062,138,62,2,1,0,1,0,1,1,0,1,0,1,0,0,0,2021,0,0,0,0,0,0,0,0.5,0,0,0,0,0,0,0,1,0,0,0
BEN,138070,138,70,2,1,0,1,1,1,1,0,1,0,1,0,0,0,2021,0,0,0,0,0,0,0,0.6000000238418579,0,0,0,0,35,1,0,1,0,0,0
BEN,138084,138,84,2,1,0,1,1,0,0,0,0,0,1,0,0,0,2021,0,0,0,0,0,0,0,,0,0,0,0,0,0,0,1,0,0,0
BEN,138091,138,91,2,2,1,1,0,1,1,0,0,1,0,0,0,0,2021,1,1,0,0,0,0,0,,0,5,0,0,0,0,0,1,0,0,0
BEN,138098,138,98,2,1,0,1,0,1,1,0,0,0,1,0,0,0,2021,0,0,0,0,0,0,0,0.7799999713897705,0,0,0,0,0,0,0,1,0,0,0
BEN,138112,138,112,2,2,0,1,1,1,1,0,0,0,0,0,0,0,2021,0,0,0,0,0,0,0,1.5,0,4,0,0,5,0,0,1,0,0,0
BEN,139005,139,5,1,4,1,1,1,1,1,0,0,0,0,0,0,0,2021,0,0,0,0,0,0,0,0.7749208807945251,0,0,0,0,0,0,0,0,0,0,0
BEN,139021,139,21,1,1,1,1,1,1,1,0,0,0,0,0,0,0,2021,0,0,0,0,0,0,0,0.9033892750740051,0,0,0,0,0,1,0,0,0,0,0
BEN,139036,139,36,1,2,0,1,1,1,1,0,0,0,0,0,0,0,2021,0,0,0,0,0,0,0,,0,0,0,0,0,0,0,0,0,0,0
BEN,139066,139,66,1,1,1,1,1,1,1,0,0,1,0,1,0,0,2021,0,0,0,0,0,0,0,,0,0,0,0,0,0,0,1,0,0,0
BEN,139081,139,81,1,4,1,0,0,1,1,0,0,0,0,0,0,0,2021,0,0,0,0,0,0,0,,0,0,0,0,0,0,0,1,0,0,0
BEN,139096,139,96,1,2,1,0,0,1,1,0,0,1,0,1,0,0,2021,0,0,0,0,0,0,0,,0,0,0,0,0,0,0,1,0,0,0
BEN,139111,139,111,1,1,1,1,1,1,1,0,0,1,0,0,0,0,2021,0,0,0,0,0,0,0,0.43529000878334045,0,0,0,0,0,1,0,0,0,0,0
BEN,139126,139,126,1,2,0,1,1,1,1,0,0,0,0,0,0,0,2021,0,0,0,0,0,0,0,1.4513880014419556,0,1,0,0,30,0,0,1,0,0,0
BEN,139142,139,142,1,2,0,1,1,1,1,0,0,0,0,0,0,0,2021,0,0,0,0,0,0,0,0.9916706681251526,0,0,0,0,0,0,0,1,0,0,0
BEN,139157,139,157,1,2,0,1,0,1,1,0,0,0,0,0,0,0,2021,0,0,0,0,0,0,0,2.2003358602523804,0,7,0,0,50,0,0,1,0,0,0
BEN,139172,139,172,1,2,0,1,1,1,1,0,0,0,0,0,0,0,2021,0,0,0,0,0,0,0,2.0425519943237305,0,0,0,0,0,0,0,1,0,0,0
BEN,139202,139,202,1,4,0,1,1,1,1,0,0,0,0,0,0,0,2021,1,0,0,0,0,0,0,,0,0,0,0,0,0,0,0,0,0,0
BEN,140013,140,13,2,2,1,1,1,1,1,1,1,0,0,0,0,1,2021,1,0,0,0,0,0,0,,0,4,0,0,7,0,0,1,0,0,0
BEN,140023,140,23,2,1,1,1,1,1,1,0,1,0,0,0,0,0,2021,1,0,0,0,0,0,0,,0,7,3,0,15,0,0,1,0,0,0
BEN,140033,140,33,2,3,1,1,1,1,1,1,1,0,0,0,0,1,2021,1,0,0,0,0,0,0,,0,0,0,0,0,0,0,1,0,0,0
BEN,140052,140,52,2,2,1,1,1,1,1,0,1,0,0,0,0,1,2021,1,0,0,0,0,0,0,,0,0,0,0,0,0,0,1,0,0,0
BEN,140062,140,62,2,3,1,1,1,1,1,0,0,1,0,0,0,0,2021,1,0,0,0,0,0,0,,0,0,0,0,0,0,0,1,0,0,0
BEN,140072,140,72,2,1,1,1,1,1,1,0,0,1,0,1,0,0,2021,0,0,0,0,0,0,0,0.3499999940395355,0,0,0,0,0,1,0,1,0,0,0
BEN,140091,140,91,2,3,0,1,1,1,1,0,1,0,1,1,0,0,2021,0,0,0,0,0,0,0,,0,10,0,0,15,0,0,1,0,0,0
BEN,140101,140,101,2,1,1,1,1,1,1,1,1,0,0,0,0,0,2021,1,0,0,0,0,0,0,,0,0,0,0,0,0,0,1,0,0,0
BEN,140111,140,111,2,1,1,1,1,1,1,1,1,0,0,0,0,0,2021,1,0,0,0,0,0,0,,0,0,0,0,0,0,0,1,0,0,0
BEN,140130,140,130,2,3,1,1,1,1,1,1,1,0,1,0,0,0,2021,1,1,0,0,0,1,0,,0,0,0,0,0,0,0,1,0,0,0
BEN,140140,140,140,2,1,1,1,1,1,1,1,1,0,1,1,1,0,2021,0,0,0,0,0,0,0,0.8100000023841858,0,0,0,0,0,0,1,1,0,1,0
BEN,140150,140,150,2,3,1,1,1,1,1,0,0,1,0,0,0,0,2021,0,0,0,0,0,0,0,,0,0,0,0,0,0,0,1,0,0,0
BEN,141005,141,5,1,4,0,1,0,0,0,0,0,0,0,0,0,0,2021,0,0,0,0,0,0,0,,0,0,0,0,0,0,0,0,0,0,0
BEN,141028,141,28,1,3,0,1,1,1,1,0,0,0,0,0,0,0,2021,0,0,0,0,0,0,0,,0,0,0,0,0,1,0,0,0,0,0
BEN,141040,141,40,1,4,0,1,1,1,1,0,0,1,0,0,0,0,2021,0,0,0,0,0,0,0,,0,0,0,0,0,0,0,0,0,0,0
BEN,141052,141,52,1,2,1,1,1,1,1,0,0,1,0,0,1,0,2021,0,0,0,0,0,0,0,0.0,0,0,0,0,0,0,0,0,0,0,0
BEN,141064,141,64,1,2,1,1,1,1,1,0,0,0,0,0,0,0,2021,0,0,0,0,0,0,0,0.6269999742507935,0,0,0,0,0,0,0,0,0,0,0
BEN,141076,141,76,1,2,0,1,0,1,1,0,0,0,0,0,0,0,2021,0,0,0,0,0,0,0,,0,0,0,0,0,1,0,0,0,0,0
BEN,141088,141,88,1,4,1,1,1,0,0,0,0,0,0,0,0,0,2021,0,0,0,0,0,0,0,,0,0,0,0,0,0,0,0,0,0,0
BEN,141112,141,112,1,2,0,1,0,0,0,0,0,0,0,0,0,0,2021,0,0,0,0,0,0,0,,0,0,0,0,0,0,0,1,0,0,0
BEN,141124,141,124,1,4,1,1,1,1,1,0,0,0,0,0,0,0,2021,0,0,0,0,0,0,0,0.3199999928474426,0,0,0,0,0,0,0,0,0,0,0
BEN,141136,141,136,1,4,0,1,1,1,1,0,0,1,0,0,0,0,2021,0,0,0,0,0,0,0,,0,0,0,0,0,0,0,0,0,0,0
BEN,141160,141,160,1,4,0,1,1,0,0,0,0,0,0,0,0,0,2021,0,0,0,0,0,0,0,,0,0,0,0,0,0,0,0,0,0,0
BEN,141172,141,172,1,2,1,1,1,0,0,0,0,1,0,0,0,0,2021,0,0,0,0,0,0,0,0.9660740494728088,0,0,0,0,0,0,0,1,0,0,0
BEN,142022,142,22,2,4,0,1,0,1,1,0,0,0,0,0,0,0,2021,0,0,0,0,0,0,0,,0,0,0,0,0,1,0,0,0,0,0
BEN,142038,142,38,2,1,1,1,1,1,1,0,1,0,1,1,0,0,2021,0,0,0,0,0,0,0,0.3831999897956848,0,0,0,0,0,0,0,0,0,0,0
BEN,142053,142,53,2,1,0,1,1,1,1,1,1,0,0,0,0,0,2021,0,0,0,0,0,0,0,0.5256699919700623,0,0,0,0,0,0,0,0,0,0,0
BEN,142085,142,85,2,4,1,1,1,1,1,0,0,0,0,0,0,0,2021,0,0,0,0,0,0,0,,0,0,0,0,0,0,0,0,0,0,0
BEN,142117,142,117,2,2,1,1,1,0,0,0,0,1,0,1,1,0,2021,0,0,0,0,0,0,0,,0,0,0,0,0,0,0,0,0,0,0
BEN,142148,142,148,2,2,1,1,1,1,1,1,1,0,0,1,1,0,2021,1,0,0,0,0,0,0,9.159759759902954,0,0,0,0,56,0,1,0,0,0,0
BEN,142157,142,157,2,1,1,1,1,1,1,1,1,0,1,1,1,1,2021,1,1,0,0,1,1,1,,0,0,0,0,0,0,0,0,0,0,0
BEN,142164,142,164,2,2,1,1,1,1,1,1,1,0,0,1,1,0,2021,0,0,0,0,0,0,0,,0,0,0,0,0,1,0,1,0,0,0
BEN,142195,142,195,2,4,1,1,1,0,0,0,0,0,0,0,0,0,2021,0,0,0,0,0,0,0,,0,0,0,0,0,0,0,1,0,0,0
BEN,142211,142,211,2,1,1,1,1,0,0,0,0,0,0,1,1,1,2021,0,0,0,0,0,0,0,,0,0,0,0,0,0,0,0,0,0,0
BEN,142227,142,227,2,4,0,1,0,0,0,0,0,0,0,0,0,0,2021,0,0,0,0,0,0,0,,0,0,0,0,0,0,0,0,0,0,0
BEN,142243,142,243,2,1,0,1,1,0,0,0,0,0,0,0,0,0,2021,0,0,0,0,0,0,0,,0,0,0,0,0,0,0,1,0,0,0
BEN,143007,143,7,1,4,1,1,1,1,1,1,1,0,0,0,0,0,2021,0,0,0,0,0,0,0,,0,0,0,0,0,0,0,0,0,0,0
BEN,143041,143,41,1,2,1,1,1,1,1,1,1,0,0,0,0,0,2021,0,0,0,0,0,0,0,,0,0,0,0,0,0,0,0,0,0,0
BEN,143058,143,58,1,2,0,1,1,1,1,0,1,0,1,0,0,0,2021,1,0,0,0,0,0,0,,0,0,0,0,0,1,0,0,0,0,0
BEN,143075,143,75,1,2,0,1,1,1,1,1,1,0,0,0,0,0,2021,1,0,0,0,0,0,0,,0,0,0,0,0,0,0,0,1,0,0
BEN,143092,143,92,1,2,1,1,1,1,1,0,1,0,0,1,1,0,2021,1,0,0,0,0,0,0,,0,0,0,0,0,0,0,0,0,0,0
BEN,143109,143,109,1,2,1,1,1,1,1,0,1,0,0,1,0,0,2021,1,0,0,0,0,0,0,,0,0,0,0,0,0,0,0,0,0,0
BEN,143125,143,125,1,2,1,1,1,1,1,0,1,0,0,1,0,0,2021,1,0,0,0,0,0,0,,0,0,0,0,0,0,0,0,0,0,0
BEN,143142,143,142,1,2,1,1,1,1,1,0,0,0,0,0,0,0,2021,0,0,0,0,0,0,0,,0,0,0,0,12,0,0,0,0,0,0
BEN,143159,143,159,1,2,1,1,1,1,1,0,0,0,0,0,0,0,2021,0,0,0,0,0,0,0,,0,0,0,0,0,0,0,1,0,0,0
BEN,143176,143,176,1,2,1,1,1,1,1,0,0,0,0,0,0,0,2021,0,0,0,0,0,0,0,,0,0,0,0,0,0,0,1,0,0,0
BEN,143193,143,193,1,4,1,1,1,1,1,1,1,0,0,0,0,0,2021,1,0,0,0,0,0,0,,0,0,0,0,0,0,0,0,0,0,0
BEN,143732,143,732,1,4,0,1,1,1,1,0,0,0,0,0,0,0,2021,0,0,0,0,0,0,0,,0,0,0,0,0,0,0,0,0,0,0
BEN,144007,144,7,2,3,1,1,1,0,0,0,1,0,1,0,1,0,2021,0,0,0,0,0,0,0,,0,0,0,0,0,0,0,0,1,0,0
BEN,144018,144,18,2,4,1,1,1,0,0,0,0,1,0,1,0,0,2021,0,0,0,0,0,0,0,,0,0,0,0,0,1,0,0,0,0,0
BEN,144033,144,33,2,3,1,1,1,0,0,0,0,1,0,1,0,0,2021,0,0,0,0,0,0,0,,0,0,0,0,0,1,0,0,0,0,0
BEN,144060,144,60,2,1,1,1,1,0,1,0,0,1,1,1,1,0,2021,1,1,0,0,0,1,0,,0,0,0,0,0,0,0,0,0,0,0
BEN,144073,144,73,2,1,1,1,1,0,1,0,0,0,0,1,1,0,2021,0,0,0,0,0,0,0,,0,4,0,0,0,0,0,0,0,0,0
BEN,144112,144,112,2,1,1,1,1,1,1,0,0,1,0,1,1,0,2021,1,0,0,0,0,0,0,0.8090000152587891,0,0,0,0,19,1,0,0,0,0,0
BEN,144125,144,125,2,1,1,1,1,0,0,0,0,1,0,1,1,0,2021,1,0,0,0,1,0,0,0.19830000400543213,0,0,9,0,0,0,0,0,0,0,0
BEN,144131,144,131,2,1,1,1,1,1,1,0,0,1,0,0,0,0,2021,0,0,0,0,0,0,0,,0,0,0,0,0,0,0,1,0,0,0
BEN,144138,144,138,2,1,1,1,1,0,0,0,0,0,0,0,0,0,2021,0,0,0,0,0,0,0,,0,0,0,0,0,0,0,1,0,0,0
BEN,144164,144,164,2,1,1,1,1,0,0,0,0,1,0,0,0,0,2021,0,0,0,0,0,0,0,0.5570700168609619,0,0,0,0,50,0,0,1,0,0,0
BEN,144177,144,177,2,1,0,1,0,1,1,0,0,0,0,0,0,0,2021,0,0,0,0,0,0,0,,0,0,0,0,0,0,0,0,0,0,0
BEN,144225,144,225,2,4,1,1,1,0,0,0,0,1,0,1,1,0,2021,0,0,0,0,0,0,0,,0,0,0,0,0,0,0,0,0,0,0
BEN,145001,145,1,2,4,1,1,1,1,1,0,0,0,1,0,1,0,2021,0,0,0,0,0,0,0,,0,0,0,0,0,0,0,0,0,0,0
BEN,145013,145,13,2,1,0,1,1,1,1,1,0,1,0,0,0,0,2021,0,0,0,0,0,0,0,,0,0,0,0,0,0,0,1,0,0,0
BEN,145019,145,19,2,4,0,0,1,1,1,0,0,0,0,0,0,0,2021,0,0,0,0,0,0,0,0.02618199959397316,0,0,0,0,0,1,0,0,0,0,0
BEN,145028,145,28,2,4,1,1,1,1,1,0,0,0,0,0,0,0,2021,0,0,0,0,0,0,0,0.6099820137023926,0,0,0,0,0,0,0,0,0,0,0
BEN,145036,145,36,2,1,1,1,0,1,1,0,0,0,1,0,0,0,2021,0,0,0,0,0,0,0,1.0,0,0,0,0,0,0,0,0,0,0,0
BEN,145054,145,54,2,3,1,1,1,1,1,0,0,0,0,1,1,0,2021,0,0,0,0,0,0,0,,0,0,0,0,0,0,0,0,0,0,0
BEN,145063,145,63,2,2,1,1,1,1,1,0,0,0,0,1,1,0,2021,0,0,0,0,0,0,0,,0,0,0,0,0,1,1,0,0,0,0
BEN,145071,145,71,2,2,1,1,1,1,1,1,1,0,0,1,1,0,2021,1,0,0,0,0,0,0,,0,0,0,0,0,0,0,0,0,0,0
BEN,145089,145,89,2,2,1,1,1,1,1,0,0,0,0,1,1,0,2021,0,0,0,0,0,0,0,1.1027469635009766,0,0,0,0,0,1,0,0,0,0,0
BEN,145098,145,98,2,4,0,1,1,1,1,0,0,0,0,0,0,0,2021,0,0,0,0,0,0,0,,0,0,0,0,0,0,0,1,0,0,0
BEN,145106,145,106,2,2,0,1,1,1,1,1,1,0,0,0,1,1,2021,0,0,0,0,0,0,0,,0,0,0,0,0,0,0,1,0,0,0
BEN,145132,145,132,2,1,1,1,1,1,1,0,0,1,0,0,0,0,2021,0,0,0,0,0,0,0,,0,6,0,0,20,0,0,1,0,0,0
BEN,146002,146,2,1,2,1,1,1,1,1,0,0,0,1,0,0,0,2021,0,0,0,0,0,0,0,,0,0,0,0,0,0,0,1,0,0,0
BEN,146022,146,22,1,2,1,1,1,1,1,0,0,1,1,0,0,0,2021,0,0,0,0,0,0,0,,0,0,0,0,0,0,0,1,0,0,0
BEN,146042,146,42,1,2,1,1,1,1,1,0,0,0,1,0,0,0,2021,0,0,0,0,0,0,0,,0,0,0,0,0,0,0,1,0,0,0
BEN,146061,146,61,1,2,1,1,0,1,1,0,0,0,1,0,0,0,2021,0,0,0,0,0,0,0,,0,0,0,0,0,0,0,1,0,0,0
BEN,146100,146,100,1,4,0,1,1,1,1,0,0,0,0,0,0,0,2021,0,0,0,0,0,0,0,,0,0,0,0,0,1,0,0,0,0,0
BEN,146120,146,120,1,4,0,0,0,0,0,0,0,1,0,0,0,0,2021,0,0,0,0,0,0,0,,0,0,0,0,0,0,0,0,0,0,0
BEN,146139,146,139,1,2,1,1,1,1,1,0,0,1,0,0,0,0,2021,0,0,0,0,0,0,0,,0,0,0,0,0,0,0,0,0,0,0
BEN,146159,146,159,1,1,1,1,1,1,1,0,0,1,0,0,0,0,2021,0,0,0,0,0,0,0,0.09920500218868256,0,0,0,0,0,0,0,0,0,0,0
BEN,146179,146,179,1,4,0,0,0,0,0,0,0,0,0,0,0,0,2021,0,0,0,0,0,0,0,,0,0,0,0,0,0,0,1,0,0,0
BEN,146218,146,218,1,1,1,1,1,1,1,0,0,1,0,0,0,0,2021,0,0,0,0,0,0,0,,0,0,0,0,0,1,0,0,0,0,0
BEN,146237,146,237,1,1,0,1,0,0,0,0,0,0,0,0,0,0,2021,0,0,0,0,0,0,0,,0,0,0,0,0,0,0,0,0,0,0
BEN,146733,146,733,1,4,1,1,1,1,1,0,0,1,0,0,0,0,2021,0,0,0,0,0,0,0,,0,0,0,0,0,1,0,0,0,0,0
BEN,147013,147,13,2,4,0,1,0,0,0,0,0,0,1,0,0,0,2021,0,0,0,0,0,0,0,,0,0,0,0,0,0,0,0,0,0,0
BEN,147028,147,28,2,4,1,1,1,0,0,0,0,0,0,1,1,0,2021,0,0,0,0,0,0,0,,0,0,0,0,0,1,0,0,0,0,0
BEN,147059,147,59,2,1,0,0,0,1,1,0,0,0,1,0,0,0,2021,0,0,0,0,0,0,0,0.017899999395012856,0,0,0,0,0,0,0,0,0,0,0
BEN,147075,147,75,2,4,1,1,1,1,1,0,0,0,1,1,1,0,2021,0,0,0,0,0,0,0,,0,0,0,0,0,0,0,0,0,0,0
BEN,147091,147,91,2,4,0,1,0,0,0,0,0,0,0,0,0,0,2021,0,0,0,0,0,0,0,,0,0,0,0,0,0,0,1,0,0,0
BEN,147122,147,122,2,4,0,1,1,0,0,0,0,1,0,0,0,0,2021,0,0,0,0,0,0,0,,0,0,0,0,0,1,0,1,0,0,0
BEN,147137,147,137,2,4,1,1,1,0,0,0,0,0,0,0,0,0,2021,0,0,0,0,0,0,0,,0,0,0,0,0,0,0,1,0,0,0
BEN,147153,147,153,2,2,0,1,0,0,0,0,0,0,0,0,0,0,2021,0,0,0,0,0,0,0,,0,0,0,0,0,0,0,1,0,0,0
BEN,147184,147,184,2,1,1,1,1,0,0,0,0,1,0,0,0,0,2021,0,0,0,0,0,0,0,0.2248000055551529,0,0,0,0,0,0,0,1,0,0,0
BEN,147200,147,200,2,2,0,1,0,1,1,0,0,0,0,0,0,0,2021,0,0,0,0,0,0,0,0.19349999725818634,0,0,0,0,0,0,0,1,0,0,0
BEN,147215,147,215,2,2,0,0,1,0,0,0,0,0,0,1,1,0,2021,0,0,0,0,0,0,0,,0,0,0,0,0,1,0,0,0,0,0
BEN,147246,147,246,2,2,0,1,0,0,0,0,0,0,0,0,0,0,2021,0,0,0,0,0,0,0,0.5361999869346619,0,0,0,0,0,0,0,1,0,0,0
BEN,148025,148,25,1,1,1,1,1,0,0,0,0,1,1,0,1,0,2021,0,0,0,0,0,0,0,,0,0,0,0,0,0,0,0,1,0,0
BEN,148089,148,89,1,1,1,1,1,1,1,0,1,0,0,1,1,1,2021,1,1,1,0,0,1,0,,0,0,0,0,0,0,0,0,0,0,0
BEN,148152,148,152,1,1,1,1,1,0,0,1,1,0,0,0,1,0,2021,0,0,0,0,0,0,0,,0,0,0,0,0,0,0,1,0,0,0
BEN,148215,148,215,1,1,1,1,1,0,0,0,1,0,0,0,1,0,2021,1,0,0,0,0,0,0,,0,0,0,0,0,0,0,1,0,0,0
BEN,148246,148,246,1,1,1,1,1,0,0,0,0,1,0,1,1,0,2021,0,0,0,0,0,0,0,,0,0,0,0,0,0,0,1,1,0,0
BEN,148309,148,309,1,1,1,1,1,0,0,1,1,0,0,0,1,0,2021,1,0,0,0,1,0,0,,0,0,0,0,0,0,0,0,0,0,0
BEN,148341,148,341,1,1,1,1,1,1,1,1,1,0,0,1,1,1,2021,1,1,0,0,0,0,0,,0,0,0,0,0,0,0,0,0,0,0
BEN,148373,148,373,1,3,1,1,1,0,0,0,0,0,0,0,1,0,2021,0,0,0,0,0,0,0,,0,0,0,0,0,0,0,0,0,0,0
BEN,148734,148,734,1,3,1,1,1,0,0,0,0,0,0,1,1,0,2021,0,0,0,0,0,0,0,,0,0,0,0,0,0,0,1,0,0,0
BEN,148735,148,735,1,3,1,1,1,0,0,0,1,0,0,1,1,0,2021,1,0,0,0,0,0,0,,0,0,0,0,0,0,0,0,0,0,0
BEN,148736,148,736,1,3,1,1,1,0,0,0,1,0,0,1,1,0,2021,0,0,0,0,0,0,0,,0,0,0,0,0,0,0,1,0,0,0
BEN,148737,148,737,1,3,1,1,1,0,0,1,1,0,0,0,1,0,2021,0,0,0,0,0,0,0,,0,0,0,0,0,0,0,0,0,0,0
BEN,149018,149,18,2,4,0,1,1,0,0,0,0,0,1,1,1,0,2021,0,0,0,0,0,0,0,,0,0,0,0,0,0,0,0,0,0,0
BEN,149038,149,38,2,4,1,1,1,1,1,1,1,0,1,1,1,0,2021,1,0,0,0,0,0,0,,0,0,0,0,0,0,0,0,0,0,0
BEN,149077,149,77,2,3,1,1,1,1,1,0,0,0,1,0,1,0,2021,0,0,0,0,0,0,0,,0,0,0,0,0,0,0,0,0,0,0
BEN,149097,149,97,2,4,1,1,1,1,1,1,1,0,1,0,0,0,2021,0,0,0,0,0,0,0,,0,0,0,0,0,0,0,0,0,0,0
BEN,149117,149,117,2,4,1,1,1,1,1,1,1,0,1,1,1,0,2021,0,0,0,0,0,0,0,,0,0,0,0,0,1,0,1,0,0,0
BEN,149157,149,157,2,4,1,1,1,1,1,0,0,1,1,1,1,0,2021,0,0,0,0,0,0,0,,0,0,0,0,0,0,0,1,0,0,0
BEN,149176,149,176,2,1,1,1,1,1,1,1,1,0,1,1,1,0,2021,0,0,0,0,0,0,0,,0,0,0,0,0,1,0,1,0,0,0
BEN,149196,149,196,2,4,1,1,1,1,1,0,0,1,1,1,1,0,2021,0,0,0,0,0,0,0,,0,0,0,0,0,0,0,1,0,0,0
BEN,149234,149,234,2,4,1,1,1,0,1,0,0,1,1,0,0,0,2021,1,0,0,0,0,0,0,,0,0,0,0,0,0,0,1,0,0,0
BEN,149256,149,256,2,4,0,1,1,0,0,0,0,1,1,0,1,1,2021,0,0,0,0,0,0,0,,0,0,0,0,0,0,0,1,0,0,0
BEN,149259,149,259,2,3,1,1,1,0,1,0,0,0,1,0,0,0,2021,0,0,0,0,0,0,0,,0,0,0,0,0,0,0,1,0,0,0
BEN,149275,149,275,2,3,1,1,1,0,0,1,1,0,1,0,1,1,2021,1,0,0,0,0,0,0,,0,0,0,0,0,0,0,0,1,0,0
BEN,150021,150,21,1,1,1,1,1,1,1,1,1,0,1,1,1,0,2021,0,0,0,0,0,0,0,,0,0,0,0,0,0,0,1,0,0,0
BEN,150044,150,44,1,1,1,1,1,1,1,0,0,0,1,0,1,1,2021,0,0,0,0,0,0,0,,0,0,0,0,0,0,0,1,0,0,0
BEN,150068,150,68,1,1,1,1,1,1,1,1,1,0,1,1,1,1,2021,1,1,0,0,0,1,0,,0,0,0,0,0,0,0,1,0,0,0
BEN,150091,150,91,1,1,1,1,1,1,1,1,1,0,1,1,1,1,2021,1,1,1,0,0,1,0,,0,0,0,0,0,0,0,1,0,0,0
BEN,150115,150,115,1,1,1,1,1,1,1,0,1,0,0,1,1,0,2021,0,0,0,0,0,0,0,,0,0,0,0,0,1,0,0,0,0,0
BEN,150162,150,162,1,4,1,1,1,1,1,0,0,0,0,1,1,0,2021,0,0,0,0,0,0,0,,0,0,0,0,0,0,0,0,0,0,0
BEN,150185,150,185,1,1,1,1,1,1,1,1,1,0,0,1,1,1,2021,1,0,0,0,0,1,0,,0,0,0,0,0,0,0,0,0,0,0
BEN,150232,150,232,1,3,1,1,1,1,1,0,0,1,0,1,1,0,2021,0,0,0,0,0,0,0,,0,0,0,0,0,0,0,0,0,0,0
BEN,150255,150,255,1,1,1,1,1,1,1,1,1,0,1,0,1,1,2021,0,0,0,0,0,0,0,,0,0,0,0,0,0,0,1,0,0,0
BEN,150302,150,302,1,1,1,1,1,1,1,1,1,0,1,0,1,1,2021,0,0,0,0,0,0,0,,0,0,0,0,30,0,0,1,0,0,0
BEN,150326,150,326,1,1,1,1,1,1,1,1,1,0,1,0,1,1,2021,0,0,0,0,0,0,0,,0,0,0,0,0,0,0,0,0,0,0
BEN,150373,150,373,1,3,1,1,1,1,1,1,1,0,1,0,1,1,2021,0,0,0,0,0,0,0,,0,0,0,0,0,0,0,1,0,0,0
BEN,151003,151,3,1,1,1,1,1,0,0,1,1,0,1,1,1,1,2021,1,1,1,0,0,0,1,,0,0,0,0,0,0,0,0,0,0,0
BEN,151026,151,26,1,3,1,1,1,0,0,0,1,0,1,1,1,0,2021,1,0,0,0,0,0,0,,0,0,0,0,0,0,0,0,0,0,0
BEN,151071,151,71,1,3,1,1,1,1,1,1,1,0,1,1,1,1,2021,1,1,1,1,1,1,1,,0,0,0,0,0,0,0,0,0,0,0
BEN,151117,151,117,1,3,1,1,1,1,1,1,1,0,1,1,1,0,2021,1,0,0,0,0,0,0,,0,0,0,0,0,0,0,1,0,0,0
BEN,151185,151,185,1,1,1,1,1,1,1,1,1,0,1,1,1,1,2021,1,1,1,1,1,0,1,,0,0,0,0,0,0,0,0,0,0,0
BEN,151321,151,321,1,1,1,1,1,0,0,1,1,0,1,1,1,1,2021,1,0,1,0,0,0,0,,0,0,0,0,0,0,0,0,0,0,0
BEN,151738,151,738,1,1,1,1,1,1,1,1,1,0,1,1,1,1,2021,1,1,1,0,0,0,0,,0,0,0,0,0,0,0,0,0,0,0
BEN,151739,151,739,1,3,1,1,1,0,0,1,1,0,1,1,1,0,2021,1,0,0,0,0,0,0,,0,0,0,0,0,0,0,1,0,0,0
BEN,151740,151,740,1,3,1,1,1,0,0,1,1,0,1,1,1,0,2021,1,0,0,0,0,0,0,,0,0,0,0,0,0,0,1,0,0,0
BEN,151741,151,741,1,3,1,1,1,0,0,1,1,0,1,1,1,0,2021,1,0,0,0,0,0,0,,0,0,0,0,0,0,0,1,0,0,0
BEN,151742,151,742,1,3,1,1,1,1,1,1,1,0,1,0,1,1,2021,1,0,0,0,0,0,0,,0,0,0,0,0,0,0,0,0,0,0
BEN,151743,151,743,1,3,1,1,1,1,1,1,1,0,1,1,1,1,2021,1,0,0,0,0,0,0,,0,0,0,0,0,0,0,0,0,0,0
BEN,152011,152,11,2,2,1,1,1,0,0,0,0,1,0,0,0,0,2021,0,0,0,0,0,0,0,,0,0,0,0,0,0,0,1,0,0,0
BEN,152015,152,15,2,1,0,1,1,1,1,0,0,1,0,0,1,0,2021,1,1,0,0,0,1,1,,0,0,0,0,0,0,0,0,0,0,0
BEN,152028,152,28,2,1,0,1,1,0,0,1,1,0,0,0,0,0,2021,0,0,0,0,0,0,0,,0,0,0,0,0,0,0,0,0,0,0
BEN,152041,152,41,2,1,0,1,1,0,0,0,0,1,0,0,1,0,2021,1,0,0,0,0,0,0,,0,0,0,0,0,0,0,0,0,0,0
BEN,152067,152,67,2,3,0,1,1,0,0,0,0,0,1,0,0,0,2021,0,0,0,0,0,0,0,,0,0,0,0,0,0,0,0,0,0,0
BEN,152080,152,80,2,4,1,1,1,1,1,0,0,1,0,0,0,0,2021,0,0,0,0,0,0,0,,0,0,0,0,0,0,0,0,0,0,0
BEN,152093,152,93,2,1,1,1,1,1,1,0,0,1,0,1,1,0,2021,0,0,0,0,0,0,0,,0,15,0,0,40,0,0,0,0,0,0
BEN,152119,152,119,2,1,1,1,1,1,1,0,0,1,0,1,1,0,2021,1,0,0,0,0,1,0,,0,0,0,0,0,0,0,0,0,0,0
BEN,152132,152,132,2,1,1,1,1,1,1,0,1,0,0,0,0,0,2021,0,0,0,0,0,0,0,,0,0,0,0,0,0,0,0,0,0,0
BEN,152145,152,145,2,1,1,1,1,0,0,0,0,0,1,1,1,1,2021,0,0,0,0,0,0,0,,0,0,0,0,50,0,0,0,0,0,0
BEN,152171,152,171,2,3,1,1,1,0,0,0,0,0,1,0,1,1,2021,0,0,0,0,0,0,0,,0,0,0,0,0,0,0,1,0,0,0
BEN,152184,152,184,2,1,1,1,1,0,0,0,0,1,0,1,1,1,2021,0,0,0,0,0,0,0,,0,0,0,0,0,0,0,1,0,0,0
BEN,153036,153,36,1,1,1,1,1,1,1,0,0,0,1,1,1,0,2021,0,0,0,0,0,0,0,,0,0,0,0,0,0,0,1,0,0,0
BEN,153050,153,50,1,2,1,1,1,0,0,1,1,0,1,1,1,0,2021,0,0,0,0,0,0,0,,0,0,0,0,0,0,0,1,0,0,0
BEN,153063,153,63,1,3,1,1,1,1,1,0,1,0,0,1,1,1,2021,0,0,0,0,1,0,0,,0,0,0,0,0,0,0,0,0,0,0
BEN,153076,153,76,1,1,1,1,1,0,0,0,0,1,0,1,1,0,2021,0,0,0,0,0,0,0,,0,0,0,0,0,0,0,1,0,0,0
BEN,153089,153,89,1,4,1,1,1,1,1,0,0,0,1,1,1,0,2021,0,0,0,0,0,0,0,,0,0,0,0,0,0,0,0,0,0,0
BEN,153103,153,103,1,1,1,1,1,1,1,1,1,0,0,1,1,1,2021,1,0,0,0,0,1,1,,0,0,0,0,0,0,0,0,0,0,0
BEN,153116,153,116,1,1,1,1,1,0,1,0,0,0,0,0,0,0,2021,0,0,0,0,0,0,0,,0,0,0,0,0,0,0,1,0,0,0
BEN,153129,153,129,1,3,1,1,1,1,1,0,1,0,1,1,1,1,2021,0,0,0,0,0,0,0,,0,0,0,0,0,0,0,1,0,0,0
BEN,153143,153,143,1,1,1,1,1,0,0,1,1,0,0,0,0,0,2021,0,0,0,0,0,0,0,,0,0,0,0,0,0,0,1,0,0,0
BEN,153169,153,169,1,1,1,1,1,1,1,1,1,0,1,1,1,1,2021,0,0,0,0,0,0,0,,0,16,0,0,45,0,0,1,1,0,0
BEN,153209,153,209,1,2,1,1,1,1,1,1,1,0,1,1,1,0,2021,0,0,0,0,0,0,0,,0,0,0,0,0,1,0,1,0,0,0
BEN,153744,153,744,1,1,1,1,0,1,0,0,0,0,1,0,1,1,2021,0,0,0,0,0,0,0,,0,2,0,0,0,0,0,0,0,0,0
BEN,154012,154,12,2,4,0,1,1,0,0,0,0,1,0,0,0,0,2021,0,0,0,0,0,0,0,,0,0,0,0,0,1,0,0,0,0,0
BEN,154029,154,29,2,4,0,1,1,1,1,0,0,0,0,0,0,0,2021,0,0,0,0,0,0,0,,0,0,0,0,0,0,0,0,0,0,0
BEN,154064,154,64,2,4,1,1,1,0,0,0,0,0,1,0,0,0,2021,0,0,0,0,0,0,0,,0,0,0,0,0,0,0,0,0,0,0
BEN,154081,154,81,2,1,1,1,1,0,0,1,1,0,1,0,1,0,2021,1,1,0,0,0,1,1,,0,12,0,0,20,0,0,0,0,0,0
BEN,154098,154,98,2,1,1,1,1,0,0,0,0,1,0,1,1,0,2021,1,0,0,0,0,0,0,,0,0,0,0,0,0,0,1,0,0,0
BEN,154133,154,133,2,1,1,1,1,0,0,0,0,1,0,1,1,0,2021,0,0,1,0,0,0,0,,0,0,0,0,0,0,0,1,0,0,0
BEN,154150,154,150,2,1,1,1,1,1,1,0,1,0,0,1,1,0,2021,1,0,0,0,0,0,0,0.8252999782562256,0,0,0,0,0,0,0,1,0,0,0
BEN,154167,154,167,2,1,1,1,1,0,0,0,1,0,1,1,1,0,2021,0,0,0,0,0,0,0,,0,0,0,0,0,1,0,0,0,0,0
BEN,154201,154,201,2,1,0,1,0,0,0,0,0,0,0,0,0,0,2021,0,0,0,0,0,0,0,,0,0,0,0,0,0,0,1,0,0,0
BEN,154218,154,218,2,1,1,1,1,0,1,1,0,1,1,1,1,1,2021,0,0,1,0,0,0,0,,0,0,0,0,0,0,0,1,0,0,0
BEN,154236,154,236,2,1,1,1,0,0,0,0,0,0,0,1,0,0,2021,0,0,0,0,0,0,0,,0,0,0,0,0,0,0,1,0,0,0
BEN,154270,154,270,2,3,1,1,1,0,0,0,0,0,0,0,0,0,2021,0,0,0,0,0,0,0,,0,0,0,0,0,0,0,1,0,0,0
BEN,155009,155,9,1,4,1,1,1,0,0,0,0,0,1,1,1,0,2021,0,0,0,0,0,0,0,,0,0,0,0,0,0,0,0,0,0,0
BEN,155063,155,63,1,1,1,1,1,0,0,1,1,0,1,1,1,0,2021,0,0,0,0,0,0,0,,0,0,0,0,0,0,0,0,0,0,0
BEN,155080,155,80,1,3,1,1,1,1,1,1,1,0,0,1,1,0,2021,0,1,0,0,0,0,0,,0,0,0,0,0,0,0,1,0,0,0
BEN,155098,155,98,1,3,1,1,1,0,0,0,0,0,0,1,1,0,2021,0,0,0,0,0,0,0,,0,0,0,0,0,0,0,1,0,0,0
BEN,155116,155,116,1,2,1,1,1,1,1,1,1,0,0,1,1,0,2021,0,0,0,0,0,0,0,,0,0,0,0,0,0,0,1,0,0,0
BEN,155169,155,169,1,1,1,1,1,0,0,0,0,0,0,1,0,0,2021,0,0,0,0,0,0,0,,0,0,0,0,0,0,0,0,0,0,0
BEN,155187,155,187,1,1,1,1,1,1,1,1,1,0,1,1,1,0,2021,1,1,0,0,0,0,0,,0,0,0,0,0,0,0,0,0,0,0
BEN,155205,155,205,1,1,1,1,1,0,0,0,0,0,0,0,1,0,2021,0,0,0,0,0,0,0,,0,0,0,0,0,0,0,0,0,0,0
BEN,155222,155,222,1,1,1,1,1,0,0,1,1,0,0,0,1,0,2021,0,0,0,0,0,0,0,,0,0,0,0,0,0,0,0,0,0,0
BEN,155240,155,240,1,1,1,1,1,1,1,1,1,0,0,1,1,0,2021,1,0,0,0,0,0,0,,0,0,0,0,0,0,0,1,0,0,0
BEN,155745,155,745,1,1,0,1,1,1,1,0,0,0,1,0,1,0,2021,0,0,0,0,0,0,0,,0,0,0,0,0,0,0,0,0,0,0
BEN,155746,155,746,1,1,1,1,1,0,0,0,1,0,1,1,1,0,2021,0,0,0,0,0,0,0,,0,0,0,0,0,1,0,0,0,0,0
BEN,156026,156,26,2,4,0,1,0,0,0,1,1,0,1,0,0,0,2021,0,0,0,0,0,0,0,,0,0,0,0,0,0,0,0,0,0,0
BEN,156038,156,38,2,1,1,1,1,0,0,1,1,0,1,1,1,0,2021,1,0,0,0,0,0,0,,0,0,0,0,0,0,0,0,0,0,0
BEN,156045,156,45,2,2,1,1,1,0,0,0,0,0,0,0,0,0,2021,0,0,0,0,0,0,0,,0,0,0,0,0,1,0,1,0,0,0
BEN,156050,156,50,2,3,1,1,0,0,0,0,0,0,1,1,1,0,2021,0,0,0,0,0,0,0,,0,0,0,0,0,1,0,0,0,0,0
BEN,156075,156,75,2,2,0,1,1,0,0,0,0,1,0,0,0,0,2021,1,0,0,0,0,0,0,,0,0,0,0,0,0,0,1,0,0,0
BEN,156081,156,81,2,4,1,1,1,0,0,1,0,1,1,0,0,0,2021,0,0,0,0,0,0,0,,0,0,0,0,0,0,0,1,0,0,0
BEN,156088,156,88,2,2,0,1,1,0,0,0,0,1,0,0,0,0,2021,1,0,0,0,0,0,0,,0,0,0,0,0,0,0,1,0,0,0
BEN,156125,156,125,2,2,0,1,1,0,0,0,0,0,0,0,0,0,2021,0,0,0,0,0,0,0,,0,0,0,0,0,0,0,1,0,0,0
BEN,156149,156,149,2,2,1,1,1,0,0,0,0,1,1,0,0,0,2021,0,0,0,0,0,0,0,0.6918699741363525,0,0,0,0,0,0,0,1,0,0,0
BEN,156162,156,162,2,4,0,1,1,1,1,1,1,0,1,0,0,0,2021,0,0,0,0,0,0,0,,0,0,0,0,0,0,0,0,0,0,0
BEN,156174,156,174,2,2,1,1,1,1,0,0,0,1,0,0,0,0,2021,0,0,0,0,0,0,0,0.008129999972879887,0,0,0,0,0,0,0,1,0,0,0
BEN,156187,156,187,2,1,1,1,1,1,1,0,0,1,0,1,1,1,2021,0,0,0,0,0,0,0,,0,0,0,0,0,1,0,1,0,0,0
BEN,157005,157,5,1,4,1,1,0,1,1,0,0,0,0,0,0,0,2021,0,0,0,0,0,0,0,,0,0,0,0,0,0,0,0,0,0,0
BEN,157018,157,18,1,2,1,1,1,1,1,0,0,0,0,0,0,0,2021,0,0,0,0,0,0,0,,0,0,0,0,0,0,0,1,0,0,0
BEN,157031,157,31,1,2,1,1,1,1,1,0,0,0,1,0,0,0,2021,0,0,0,0,0,0,0,,0,0,0,0,0,1,0,0,0,0,0
BEN,157045,157,45,1,2,1,1,1,1,1,0,0,0,0,0,0,0,2021,0,0,0,0,0,0,0,,0,0,0,0,0,0,0,1,0,0,0
BEN,157058,157,58,1,2,0,1,1,1,1,0,0,0,1,0,0,0,2021,0,0,0,0,0,0,0,,0,0,0,0,0,0,0,0,0,0,0
BEN,157071,157,71,1,2,1,1,1,1,1,0,0,0,1,0,0,0,2021,0,0,0,0,0,0,0,,0,0,0,0,0,0,0,0,0,0,0
BEN,157084,157,84,1,2,1,1,1,1,1,0,0,0,0,0,0,0,2021,0,0,0,0,0,0,0,,0,0,0,0,0,0,0,1,0,0,0
BEN,157097,157,97,1,4,1,1,0,1,1,0,0,0,0,0,0,0,2021,0,0,0,0,0,0,0,,0,0,0,0,0,0,0,0,0,0,0
BEN,157111,157,111,1,2,1,1,0,1,1,0,0,0,0,0,0,0,2021,0,0,0,0,0,0,0,,0,0,0,0,0,0,0,0,0,0,0
BEN,157124,157,124,1,2,0,1,1,1,1,0,0,0,1,0,0,0,2021,0,0,0,0,0,0,0,,0,0,0,0,0,0,0,1,0,0,0
BEN,157137,157,137,1,2,1,1,1,1,1,0,0,0,1,0,0,0,2021,0,0,0,0,0,0,0,,0,0,0,0,0,0,0,0,0,0,0
BEN,157150,157,150,1,2,1,1,0,1,1,0,0,1,0,0,0,0,2021,1,0,0,0,0,1,0,,0,0,0,0,0,0,1,1,0,0,0
BEN,158011,158,11,2,4,0,1,0,1,1,0,0,1,0,1,0,0,2021,1,0,0,0,0,0,0,,0,0,0,0,0,0,0,1,0,0,0
BEN,158018,158,18,2,2,0,1,0,1,1,0,0,0,0,1,0,0,2021,0,0,0,0,0,0,0,,0,0,0,0,0,1,0,1,0,0,0
BEN,158026,158,26,2,4,0,1,0,1,1,0,0,0,0,1,0,0,2021,0,0,0,0,0,0,0,,0,0,0,0,0,0,0,1,0,0,0
BEN,158041,158,41,2,2,0,1,0,1,1,0,0,1,0,1,0,0,2021,0,0,0,0,0,0,0,,0,0,0,0,0,0,0,1,1,0,0
BEN,158048,158,48,2,2,0,1,0,1,1,0,0,0,0,0,0,0,2021,0,0,0,0,0,0,0,,0,0,0,0,0,1,0,1,0,0,0
BEN,158056,158,56,2,4,0,1,0,1,1,0,0,1,0,0,0,0,2021,0,0,0,0,0,0,0,,0,0,0,0,0,0,0,1,0,0,0
BEN,158071,158,71,2,4,0,1,0,1,1,0,0,1,0,1,0,0,2021,0,0,0,0,0,0,0,,0,0,0,0,0,0,0,1,0,0,0
BEN,158086,158,86,2,4,0,1,0,1,1,0,0,1,0,0,0,0,2021,0,0,0,0,0,0,0,,0,0,0,0,0,0,0,0,0,0,0
BEN,158101,158,101,2,4,0,1,0,1,1,0,0,1,0,1,0,0,2021,0,0,0,0,0,0,0,,0,0,0,0,0,0,0,1,0,0,0
BEN,158108,158,108,2,4,0,1,0,1,1,0,0,1,0,0,0,0,2021,0,0,0,0,0,0,0,,0,0,0,0,0,0,0,0,0,0,0
BEN,158116,158,116,2,4,0,1,0,1,1,0,0,1,1,1,0,0,2021,1,0,0,0,0,0,0,,0,0,0,0,0,0,0,1,0,0,0
BEN,158136,158,136,2,4,0,1,0,1,1,0,0,1,0,0,0,0,2021,0,0,0,0,0,0,0,,0,0,0,0,0,0,0,0,0,0,0
BEN,159003,159,3,1,2,0,1,0,1,1,0,0,1,1,0,0,0,2021,0,0,0,0,0,0,0,,0,0,0,0,0,0,1,0,0,0,0
BEN,159010,159,10,1,2,0,1,0,1,1,0,0,0,1,0,0,0,2021,0,0,0,0,0,0,0,,0,0,0,0,0,0,1,0,0,0,0
BEN,159017,159,17,1,2,1,1,0,1,1,0,0,0,1,0,0,0,2021,0,0,0,0,0,0,0,,0,0,0,0,0,0,1,0,0,0,0
BEN,159024,159,24,1,4,1,0,0,1,1,0,0,0,0,0,0,0,2021,0,0,0,0,0,0,0,,0,0,0,0,0,0,0,0,1,0,0
BEN,159031,159,31,1,4,1,1,0,1,1,0,0,1,0,0,0,0,2021,0,0,0,0,0,0,0,,0,0,0,0,0,0,0,1,0,0,0
BEN,159038,159,38,1,2,0,1,0,1,1,0,0,0,1,0,0,0,2021,0,0,0,0,0,0,0,,0,0,0,0,0,0,1,0,0,0,0
BEN,159045,159,45,1,2,1,1,0,1,1,0,0,0,0,0,0,0,2021,0,0,0,0,0,0,0,,0,0,0,0,0,0,0,1,0,0,0
BEN,159052,159,52,1,2,1,1,0,1,1,0,0,0,0,0,0,0,2021,0,0,0,0,0,0,0,,0,0,0,0,0,0,0,1,0,0,0
BEN,159059,159,59,1,1,0,1,0,1,1,0,0,0,0,0,0,0,2021,0,0,0,0,0,0,0,,0,0,0,0,0,0,0,0,0,0,0
BEN,159066,159,66,1,2,0,1,0,1,1,0,0,1,0,0,0,0,2021,0,0,0,0,0,0,0,,0,0,0,0,0,0,0,0,0,0,0
BEN,159072,159,72,1,2,0,1,0,1,1,0,0,0,0,0,0,0,2021,0,0,0,0,0,0,0,,0,0,0,0,0,0,0,1,0,0,0
BEN,159079,159,79,1,2,1,1,0,1,1,0,0,0,0,0,0,0,2021,0,0,0,0,0,0,0,,0,0,0,0,0,0,0,1,0,0,0
BEN,160015,160,15,2,4,0,1,1,1,1,0,0,0,0,0,0,0,2021,0,0,0,0,0,0,0,,0,0,0,0,0,0,0,0,0,0,0
BEN,160032,160,32,2,4,1,1,1,1,1,0,0,0,0,0,0,0,2021,0,0,0,0,0,0,0,,0,0,0,0,0,0,0,0,0,0,0
BEN,160067,160,67,2,4,0,1,0,1,1,0,0,0,0,0,0,0,2021,0,0,0,0,0,0,0,,0,0,0,0,0,1,0,1,0,0,0
BEN,160084,160,84,2,4,1,1,1,1,1,0,0,1,0,0,0,0,2021,0,0,0,0,0,0,0,,0,0,0,0,0,0,0,0,0,0,0
BEN,160101,160,101,2,1,0,1,0,1,1,0,0,1,1,0,0,0,2021,0,0,0,0,0,0,0,,0,0,0,0,0,1,0,1,0,0,0
BEN,160135,160,135,2,1,1,1,1,1,1,0,0,1,1,0,0,0,2021,0,0,0,0,0,0,0,,0,0,0,0,0,1,0,1,0,0,0
BEN,160152,160,152,2,1,0,1,0,1,1,0,0,0,1,0,0,0,2021,0,0,0,0,0,0,0,,0,0,0,0,0,1,0,1,0,0,0
BEN,160169,160,169,2,1,0,0,0,1,1,0,0,0,1,0,0,0,2021,0,0,0,0,0,0,0,,0,0,0,0,0,1,0,1,0,0,0
BEN,160203,160,203,2,4,1,1,1,1,1,0,0,0,0,0,0,0,2021,0,0,0,0,0,0,0,,0,0,0,0,0,1,0,1,0,0,0
BEN,160220,160,220,2,4,0,1,1,1,1,0,0,0,0,0,0,0,2021,0,0,0,0,0,0,0,,0,0,0,0,0,0,0,1,0,0,0
BEN,160237,160,237,2,4,0,1,1,1,1,0,0,0,0,0,0,0,2021,0,0,0,0,0,0,0,,0,0,0,0,0,1,0,1,0,0,0
BEN,160271,160,271,2,4,1,1,1,1,1,0,0,0,0,0,0,0,2021,0,0,0,0,0,0,0,,0,0,0,0,0,1,0,1,0,0,0
BEN,161004,161,4,1,2,1,1,0,1,1,0,0,0,0,0,0,0,2021,0,0,0,0,0,0,0,,0,0,0,0,0,0,0,1,0,0,0
BEN,161019,161,19,1,4,0,1,0,1,1,0,0,0,1,0,0,0,2021,0,0,0,0,0,0,0,,0,0,0,0,0,0,1,0,0,0,0
BEN,161049,161,49,1,2,1,1,1,1,1,0,0,0,0,0,0,0,2021,0,0,0,0,0,0,0,,0,0,0,0,0,0,0,1,0,0,0
BEN,161065,161,65,1,2,1,1,0,1,1,0,0,0,0,0,0,0,2021,0,0,0,0,0,0,0,,0,0,0,0,0,1,0,1,0,0,0
BEN,161080,161,80,1,4,0,1,0,1,1,0,0,0,0,0,0,0,2021,0,0,0,0,0,0,0,,0,0,0,0,0,0,0,0,0,0,0
BEN,161095,161,95,1,4,0,1,0,1,1,0,0,1,0,0,0,0,2021,0,0,0,0,0,0,0,,0,0,0,0,0,1,0,0,0,0,0
BEN,161110,161,110,1,4,0,1,0,1,1,0,0,0,0,0,0,0,2021,0,0,0,0,0,0,0,,0,0,0,0,0,0,0,0,0,0,0
BEN,161125,161,125,1,2,1,1,0,1,1,0,0,0,0,0,0,0,2021,0,0,0,0,0,0,0,,0,0,0,0,0,0,0,1,0,0,0
BEN,161140,161,140,1,2,1,1,1,1,1,0,0,0,1,0,0,0,2021,0,0,0,0,0,0,0,,0,0,0,0,0,0,1,0,0,0,0
BEN,161155,161,155,1,2,0,1,0,1,1,0,0,0,1,0,0,0,2021,0,0,0,0,0,0,0,,0,0,0,0,0,0,1,0,0,0,0
BEN,161170,161,170,1,2,0,1,0,1,1,0,0,0,1,0,0,0,2021,0,0,0,0,0,0,0,,0,0,0,0,0,0,1,0,1,0,0
BEN,161216,161,216,1,4,0,1,0,1,1,0,0,1,0,0,0,0,2021,0,0,0,0,0,0,0,,0,0,0,0,0,0,0,0,0,0,0
BEN,162011,162,11,2,1,0,1,0,1,1,0,0,0,0,0,0,0,2021,0,0,0,0,0,0,0,0.4222249984741211,0,0,0,0,75,0,0,1,0,0,0
BEN,162019,162,19,2,2,0,1,0,1,1,0,0,0,0,0,0,0,2021,0,0,0,0,0,0,0,,0,0,0,0,7,0,0,1,0,0,0
BEN,162028,162,28,2,2,0,1,0,1,1,0,0,0,0,0,0,0,2021,0,0,0,0,0,0,0,0.20000000298023224,0,3,2,0,3,0,0,1,0,0,0
BEN,162045,162,45,2,1,1,1,0,1,1,0,0,1,0,0,0,0,2021,0,0,0,0,0,0,0,0.3544999957084656,0,0,0,0,0,0,0,1,0,0,0
BEN,162053,162,53,2,1,1,1,0,1,1,0,0,1,0,0,0,0,2021,0,0,0,0,0,0,0,0.13009999692440033,0,0,0,0,0,0,0,1,0,0,0
BEN,162062,162,62,2,1,1,1,1,1,1,0,0,0,0,0,0,0,2021,0,0,0,0,0,0,0,0.42669999599456787,0,0,0,0,0,0,1,1,0,0,0
BEN,162078,162,78,2,1,0,1,1,1,1,0,0,0,0,0,0,0,2021,0,0,0,0,0,0,0,0.14000000059604645,0,20,0,0,2,0,0,1,0,0,0
BEN,162087,162,87,2,1,1,1,1,1,1,0,0,1,0,0,0,0,2021,0,0,0,0,0,0,0,0.5,0,0,0,0,0,0,0,1,0,0,0
BEN,162095,162,95,2,1,1,1,1,0,1,0,0,0,0,0,0,0,2021,0,0,0,0,0,0,0,3.5299999713897705,0,0,0,0,8,0,0,1,0,0,0
BEN,162112,162,112,2,1,1,1,1,1,1,0,0,0,0,0,0,0,2021,0,0,0,0,0,0,0,0.5831000059843063,0,0,0,0,0,0,1,1,0,0,0
BEN,162121,162,121,2,2,1,1,1,1,1,0,0,0,0,0,0,0,2021,0,0,0,0,0,0,0,1.3800000548362732,0,0,0,0,12,0,0,1,0,0,0
BEN,162129,162,129,2,1,0,1,1,1,1,0,0,1,0,0,0,0,2021,0,0,0,0,0,0,0,1.7400000095367432,0,0,0,0,0,0,0,1,0,0,0
BEN,163004,163,4,1,1,0,1,0,0,0,0,0,0,1,0,0,0,2021,0,0,0,0,0,0,0,1.0152994394302368,0,0,0,0,0,0,1,1,0,0,0
BEN,163016,163,16,1,4,1,1,1,1,1,0,0,0,0,0,0,0,2021,0,0,0,0,0,0,0,,0,0,0,0,0,0,0,1,0,0,0
BEN,163029,163,29,1,4,0,1,0,1,1,0,0,0,0,0,0,0,2021,0,0,0,0,0,0,0,0.17951999604701996,0,0,0,0,0,0,0,1,0,0,0
BEN,163041,163,41,1,4,0,1,0,1,1,0,0,0,0,0,0,0,2021,0,0,0,0,0,0,0,0.11482000350952148,0,0,0,0,0,0,0,1,0,0,0
BEN,163053,163,53,1,4,0,1,0,0,0,0,0,0,1,0,0,0,2021,0,0,0,0,0,0,0,0.5585000067949295,0,0,0,0,0,1,1,1,0,0,0
BEN,163065,163,65,1,1,1,1,1,1,1,0,0,1,0,1,1,0,2021,1,0,0,0,0,1,0,0.6950000077486038,0,0,0,0,0,0,0,1,0,0,0
BEN,163077,163,77,1,4,1,1,0,0,0,0,0,0,1,0,0,0,2021,0,0,0,0,0,0,0,,0,0,0,0,0,0,0,1,0,0,0
BEN,163090,163,90,1,4,0,1,0,1,1,0,0,0,0,0,0,0,2021,0,0,0,0,0,0,0,,0,0,0,0,0,1,0,1,0,0,0
BEN,163102,163,102,1,4,0,1,1,1,1,0,0,0,0,0,0,0,2021,0,0,0,0,0,0,0,0.24581000208854675,0,0,0,0,0,0,1,1,0,0,0
BEN,163114,163,114,1,4,0,1,1,1,1,0,0,0,0,0,0,0,2021,0,0,0,0,0,0,0,,0,0,0,0,0,0,0,1,0,0,0
BEN,163138,163,138,1,1,1,1,1,1,1,0,0,1,1,0,0,0,2021,1,0,0,0,0,0,0,0.9435999989509583,0,0,0,0,0,0,1,1,0,0,0
BEN,163747,163,747,1,4,0,1,1,1,1,0,0,0,0,0,0,0,2021,0,0,0,0,0,0,0,0.26920000463724136,0,0,0,0,0,0,0,1,0,0,0
BEN,164005,164,5,2,2,0,1,0,1,0,0,1,0,0,0,0,0,2021,0,0,0,0,0,0,0,0.800000011920929,0,0,0,0,0,0,0,1,0,0,0
BEN,164018,164,18,2,1,1,1,1,1,1,1,1,0,1,0,0,0,2021,0,0,0,0,0,0,0,0.7743880152702332,0,0,0,0,0,0,0,1,0,0,0
BEN,164044,164,44,2,2,1,1,1,1,1,1,1,0,0,0,0,0,2021,0,0,0,0,0,0,0,5.8500001430511475,0,4,0,0,14,0,0,1,0,0,1
BEN,164071,164,71,2,1,0,1,1,1,1,0,0,0,1,0,0,0,2021,0,0,0,0,0,0,0,0.2475000023841858,0,0,0,0,0,0,0,1,0,0,0
BEN,164084,164,84,2,1,0,1,0,1,1,0,0,1,0,0,0,0,2021,0,0,0,0,0,0,0,0.1599999964237213,0,0,0,0,6,0,1,1,1,0,0
BEN,164097,164,97,2,2,0,1,0,1,1,0,0,0,0,0,0,0,2021,0,0,0,0,0,0,0,0.8399999737739563,0,0,0,0,0,0,0,1,0,0,0
BEN,164124,164,124,2,2,0,1,0,1,1,0,0,0,1,0,0,0,2021,0,0,0,0,0,0,0,2.440000057220459,0,0,0,0,0,0,0,1,0,0,0
BEN,164137,164,137,2,2,0,0,0,1,1,0,0,0,0,0,0,0,2021,0,0,0,0,0,0,0,3.9000000953674316,0,0,0,0,4,0,0,1,0,0,0
BEN,164150,164,150,2,1,0,1,1,1,1,0,0,0,0,0,0,0,2021,0,0,0,0,0,0,0,,0,0,0,0,0,0,1,1,0,0,0
BEN,164177,164,177,2,1,0,1,0,1,1,0,0,1,0,0,0,0,2021,0,0,0,0,0,0,1,,0,0,0,0,0,0,0,1,0,0,0
BEN,164190,164,190,2,1,1,1,1,1,1,0,0,0,0,0,0,0,2021,0,0,0,0,0,0,0,,0,0,0,0,0,0,0,1,0,0,0
BEN,164203,164,203,2,1,0,1,0,1,1,0,0,0,0,0,0,0,2021,0,0,0,0,0,0,0,5.0,0,0,0,0,0,0,0,1,0,0,0
BEN,165003,165,3,2,1,1,1,1,1,1,0,0,1,0,0,0,0,2021,0,0,0,0,0,0,0,,0,0,0,0,0,0,0,1,0,0,0
BEN,165006,165,6,2,1,1,1,0,1,1,0,0,1,0,0,0,1,2021,0,0,0,0,0,0,0,0.2004999965429306,0,0,0,0,0,0,0,1,0,0,0
BEN,165013,165,13,2,1,1,1,0,1,1,0,0,1,0,0,0,1,2021,0,0,0,0,0,0,0,,0,0,0,0,0,0,0,1,0,0,0
BEN,165016,165,16,2,2,0,1,0,1,1,0,0,0,0,0,0,0,2021,0,0,0,0,0,0,0,2.290000021457672,0,4,0,0,14,0,0,1,0,0,0
BEN,165019,165,19,2,1,1,1,1,1,1,0,0,1,0,0,0,0,2021,0,0,0,0,0,0,0,0.11789999902248383,0,0,0,0,0,0,0,1,0,0,0
BEN,165025,165,25,2,1,0,1,0,0,0,0,0,1,0,0,0,0,2021,0,0,0,0,0,0,0,1.149999976158142,0,0,0,0,0,0,0,1,0,0,1
BEN,165028,165,28,2,1,0,1,0,0,0,0,0,0,0,0,0,0,2021,0,0,0,0,0,0,0,0.5400000214576721,0,0,0,0,0,0,0,1,0,0,1
BEN,165031,165,31,2,2,0,1,0,1,1,0,0,0,0,0,0,0,2021,0,0,0,0,0,0,0,0.44999998807907104,0,2,0,0,3,1,0,1,0,0,0
BEN,165038,165,38,2,2,0,1,1,1,1,0,0,0,0,0,0,0,2021,0,0,0,0,0,0,0,1.1699999570846558,0,0,0,0,0,0,0,1,0,0,0
BEN,165041,165,41,2,1,0,1,1,0,0,0,0,1,0,0,0,0,2021,0,0,0,0,0,0,0,2.130000114440918,0,0,0,0,4,0,0,1,0,0,0
BEN,165044,165,44,2,1,0,1,0,0,0,0,0,1,0,0,0,0,2021,0,0,0,0,0,0,0,0.47999998927116394,0,0,0,0,0,0,0,1,0,0,1
BEN,165050,165,50,2,2,0,1,0,1,1,0,0,0,0,0,0,0,2021,0,0,0,0,0,0,0,2.8299999237060547,0,0,0,0,4,0,0,1,0,0,0
BEN,166020,166,20,1,1,1,1,1,0,0,0,0,1,1,0,0,0,2021,0,0,0,0,0,0,0,,0,0,0,0,0,0,0,1,0,0,0
BEN,166042,166,42,1,4,0,1,1,1,1,1,1,0,0,0,0,0,2021,0,0,0,0,0,0,0,,0,0,0,0,0,0,0,1,0,0,0
BEN,166065,166,65,1,4,1,1,1,1,1,1,1,0,0,1,0,0,2021,1,0,0,0,0,0,0,,0,0,0,0,0,0,0,1,0,0,0
BEN,166087,166,87,1,4,1,1,1,1,1,1,1,0,0,1,0,0,2021,0,0,0,0,0,0,0,,0,0,0,0,0,0,0,1,0,0,0
BEN,166110,166,110,1,4,1,1,1,1,1,1,1,0,0,1,0,0,2021,0,0,0,0,0,0,0,2.853379964828491,0,0,0,0,0,0,0,1,0,0,0
BEN,166133,166,133,1,1,1,1,1,0,0,1,1,0,1,1,1,0,2021,1,1,1,0,1,1,1,3.2920000553131104,0,0,8,0,150,0,1,1,1,0,0
BEN,166155,166,155,1,3,0,1,1,1,1,0,1,0,0,0,0,0,2021,0,0,0,0,0,0,0,1.3910000026226044,0,0,0,0,0,0,0,1,0,0,0
BEN,166178,166,178,1,3,1,1,1,1,1,0,1,0,0,1,1,0,2021,0,0,0,0,0,0,0,,0,0,0,0,0,0,0,1,0,0,0
BEN,166200,166,200,1,1,1,1,1,1,1,0,0,1,1,1,0,0,2021,1,0,0,0,0,0,0,0.6599999964237213,0,0,0,0,0,0,1,1,1,0,0
BEN,166223,166,223,1,4,1,1,1,1,1,0,1,0,0,1,1,0,2021,0,0,0,0,0,0,0,,0,1,0,0,3,0,0,1,0,0,0
BEN,166245,166,245,1,4,1,1,0,0,0,0,1,0,0,0,0,0,2021,0,0,0,0,0,0,0,0.42500001192092896,0,0,0,0,0,0,0,1,0,0,0
BEN,166268,166,268,1,2,1,1,1,0,0,1,1,0,1,1,0,0,2021,1,0,1,0,0,0,0,,0,0,0,0,0,0,1,1,1,0,0
BEN,167012,167,12,1,4,1,1,0,1,1,0,0,0,0,0,0,0,2021,0,0,0,0,0,0,0,0.28485000133514404,0,0,0,0,0,0,0,1,0,0,0
BEN,167018,167,18,1,4,0,1,0,1,1,0,0,0,0,0,0,0,2021,0,0,0,0,0,0,0,,0,0,0,0,0,0,0,1,0,0,0
BEN,167024,167,24,1,1,0,1,1,1,1,0,0,0,0,0,0,0,2021,0,0,0,0,0,0,0,0.20327000319957733,0,0,0,0,0,0,0,1,0,0,0
BEN,167030,167,30,1,4,0,1,1,1,1,0,0,0,0,0,0,0,2021,0,0,0,0,0,0,0,0.22009600698947906,0,10,0,0,20,0,0,1,0,0,0
BEN,167036,167,36,1,4,0,1,0,1,1,0,0,0,0,0,0,0,2021,0,0,0,0,0,0,0,0.3610000014305115,0,0,15,0,22,0,1,1,0,0,0
BEN,167042,167,42,1,4,1,1,0,0,0,0,0,0,1,0,0,0,2021,0,0,0,0,0,0,0,0.16300000250339508,0,0,0,0,0,1,1,1,1,0,0
BEN,167048,167,48,1,4,0,1,0,0,0,0,0,0,1,0,0,0,2021,0,0,0,0,0,0,0,0.28200000524520874,0,0,0,0,0,1,1,1,0,0,0
BEN,167054,167,54,1,4,0,1,0,0,0,0,0,0,1,0,0,0,2021,0,0,0,0,0,0,0,0.4860000014305115,0,0,0,0,0,0,1,1,0,0,0
BEN,167059,167,59,1,4,1,1,1,0,0,0,0,0,0,0,0,0,2021,0,0,0,0,0,0,0,0.37827999889850616,0,0,0,0,0,0,0,1,0,0,0
BEN,167065,167,65,1,1,0,1,0,0,0,0,0,0,0,0,0,0,2021,0,0,0,0,0,0,0,,0,0,0,0,0,0,1,1,0,0,0
BEN,167071,167,71,1,1,1,1,1,0,1,0,0,1,1,0,0,0,2021,1,0,0,0,0,1,0,0.17900000512599945,0,0,0,0,10,1,1,1,0,0,0
BEN,167748,167,748,1,4,0,1,1,1,1,0,0,0,0,0,0,0,2021,0,0,0,0,0,0,0,,0,0,0,0,0,0,0,1,0,0,0
BEN,168014,168,14,2,2,0,1,0,1,1,0,0,0,0,0,0,0,2021,0,0,0,0,0,0,0,,0,2,0,0,7,0,0,1,0,0,0
BEN,168043,168,43,2,1,0,1,1,1,1,0,0,0,0,1,0,0,2021,0,0,0,0,0,0,0,,0,0,0,0,0,1,0,0,0,0,0
BEN,168058,168,58,2,1,1,1,1,1,1,0,0,1,0,0,0,0,2021,0,0,0,0,0,0,0,0.30249999463558197,0,0,0,0,0,0,0,1,0,0,0
BEN,168072,168,72,2,2,0,1,0,1,1,0,0,0,0,0,0,0,2021,0,0,0,0,0,0,0,0.527999997138977,0,2,0,0,7,0,0,1,0,0,0
BEN,168102,168,102,2,1,0,1,1,1,1,0,0,0,0,0,1,0,2021,0,0,0,0,0,0,0,,0,0,0,0,0,1,0,1,0,0,0
BEN,168116,168,116,2,2,0,1,0,0,1,0,0,0,1,0,0,0,2021,0,0,0,0,0,0,0,2.3499999046325684,0,0,0,0,4,0,0,1,0,0,0
BEN,168131,168,131,2,1,1,1,1,1,1,0,0,0,0,0,0,0,2021,0,0,0,0,0,0,0,0.334199994802475,0,0,0,0,0,0,0,1,0,0,0
BEN,168160,168,160,2,1,0,1,0,0,1,0,0,0,0,1,0,0,2021,0,0,0,0,0,0,0,0.9100000262260437,0,0,0,0,0,1,0,1,0,0,0
BEN,168174,168,174,2,1,0,1,1,1,1,0,0,1,0,0,0,0,2021,0,0,0,0,0,0,0,,0,0,0,0,0,0,0,1,0,0,0
BEN,168189,168,189,2,1,0,1,0,1,1,0,0,1,0,0,0,0,2021,0,0,0,0,0,0,0,,0,0,0,0,0,1,0,1,0,0,0
BEN,168218,168,218,2,1,0,1,0,1,0,0,0,0,0,0,0,0,2021,0,0,0,0,0,0,0,,0,0,0,0,0,0,0,1,0,0,0
BEN,168233,168,233,2,1,0,1,1,0,0,0,0,1,0,0,0,0,2021,0,0,0,0,0,0,0,0.6299999952316284,0,0,0,0,0,1,0,1,0,0,0
BEN,169011,169,11,2,2,0,1,0,0,1,0,0,0,1,0,0,0,2021,0,0,0,0,0,0,0,3.2699999809265137,0,0,0,0,7,0,0,1,0,0,0
BEN,169023,169,23,2,1,1,1,1,0,0,0,0,1,0,0,0,0,2021,0,0,0,0,0,0,0,,0,0,0,0,0,0,0,1,0,0,0
BEN,169049,169,49,2,2,0,1,0,1,1,0,0,0,1,0,0,0,2021,0,0,0,0,0,0,0,,0,0,0,0,0,1,0,1,0,0,0
BEN,169062,169,62,2,4,1,1,1,1,1,0,0,0,1,0,0,0,2021,0,0,0,0,0,0,0,0.23000000417232513,0,0,0,0,0,1,0,1,0,0,0
BEN,169074,169,74,2,1,1,1,1,1,1,0,0,1,0,0,0,0,2021,1,0,0,0,0,0,0,0.5738999843597412,0,0,0,0,0,0,0,1,0,0,0
BEN,169100,169,100,2,1,0,1,1,1,1,0,0,0,1,0,0,0,2021,0,0,0,0,0,0,0,0.47999998927116394,0,0,0,0,0,0,0,1,0,0,0
BEN,169113,169,113,2,2,0,1,1,1,1,0,0,0,0,0,0,0,2021,0,0,0,0,0,0,0,0.75,0,0,0,0,0,1,0,1,0,0,0
BEN,169125,169,125,2,2,1,1,1,0,0,0,0,0,0,0,0,0,2021,0,0,0,0,0,0,0,10.319999694824219,0,0,0,0,204,0,0,1,0,0,0
BEN,169151,169,151,2,2,0,1,0,0,0,0,0,0,1,0,0,0,2021,0,0,0,0,0,0,0,,0,0,0,0,0,0,0,1,0,0,0
BEN,169164,169,164,2,1,1,1,1,0,0,0,0,1,0,0,0,0,2021,1,0,0,0,0,0,0,,0,0,0,0,0,0,0,1,0,0,0
BEN,169176,169,176,2,1,1,1,1,1,1,0,0,0,1,0,0,0,2021,0,0,0,0,0,0,0,,0,0,0,0,0,0,0,1,0,0,0
BEN,169202,169,202,2,1,1,1,1,0,0,0,0,0,0,0,0,0,2021,0,0,0,0,0,0,0,0.8547000288963318,0,0,0,0,0,0,0,1,0,0,0
BEN,170012,170,12,1,1,0,1,1,1,1,0,0,0,0,0,0,0,2021,0,0,0,0,0,0,0,,0,0,0,0,0,0,0,0,0,0,0
BEN,170027,170,27,1,1,0,1,1,1,1,0,0,0,0,0,0,0,2021,0,0,0,0,0,0,0,,0,0,0,0,0,0,0,0,0,0,0
BEN,170041,170,41,1,4,1,1,1,1,1,0,0,1,0,0,0,0,2021,1,0,0,0,0,0,0,,0,0,0,0,0,0,1,0,0,0,0
BEN,170056,170,56,1,4,1,1,1,1,1,0,0,0,0,0,0,0,2021,0,0,0,0,0,0,0,,0,0,0,0,0,0,0,0,1,0,0
BEN,170070,170,70,1,2,0,1,0,0,0,0,0,1,0,0,0,0,2021,0,0,0,0,0,0,0,,0,0,0,0,0,0,0,0,0,0,0
BEN,170085,170,85,1,2,1,1,1,0,0,0,0,0,0,0,0,0,2021,0,0,0,0,0,0,0,2.084760010242462,0,0,0,0,0,0,0,0,0,0,0
BEN,170100,170,100,1,2,0,1,0,0,0,0,0,0,0,0,1,0,2021,0,0,0,0,0,0,0,,0,0,0,0,0,0,0,0,0,0,0
BEN,170114,170,114,1,2,0,1,0,0,0,0,0,0,0,0,0,0,2021,0,0,0,0,0,0,0,,0,0,0,0,0,1,0,0,0,0,0
BEN,170129,170,129,1,2,1,1,1,1,1,0,0,0,0,0,0,0,2021,0,0,0,0,0,0,0,,0,0,0,0,0,0,0,1,0,0,0
BEN,170143,170,143,1,2,1,1,1,1,1,0,0,0,0,0,0,0,2021,0,0,0,0,0,0,0,1.399999976158142,0,0,0,0,0,0,0,1,0,0,0
BEN,170158,170,158,1,2,1,1,0,1,1,0,0,0,0,0,0,0,2021,0,0,0,0,0,0,0,,0,0,0,0,0,1,0,1,0,0,0
BEN,170172,170,172,1,2,1,1,1,1,1,0,0,0,0,0,0,0,2021,0,0,0,0,0,0,0,,0,0,0,0,0,1,0,1,1,0,0
BEN,171001,171,1,2,1,1,1,1,1,1,0,0,1,1,1,1,0,2021,1,0,0,0,0,1,0,,0,0,0,0,0,0,0,1,0,0,0
BEN,171009,171,9,2,2,0,1,1,0,0,0,0,0,1,0,0,0,2021,0,0,0,0,0,0,0,,0,0,0,0,0,1,0,1,0,0,0
BEN,171018,171,18,2,2,0,1,0,0,1,0,0,0,1,0,0,0,2021,0,0,0,0,0,0,0,1.1679999828338623,0,0,0,0,7,0,0,1,0,0,0
BEN,171026,171,26,2,1,1,1,1,1,1,0,0,1,0,0,0,0,2021,0,0,0,0,0,0,0,,0,0,0,0,0,0,0,1,0,0,0
BEN,171034,171,34,2,1,0,1,1,1,1,0,0,0,0,0,0,0,2021,0,0,0,0,0,0,0,0.16740000247955322,0,0,0,0,0,0,0,1,0,0,0
BEN,171050,171,50,2,1,1,1,1,1,1,0,0,1,0,0,0,0,2021,0,0,0,0,0,0,0,,0,0,0,0,0,0,0,1,0,0,0
BEN,171058,171,58,2,2,0,1,0,0,1,0,0,0,0,0,0,0,2021,0,0,0,0,0,0,0,,0,8,0,0,5,0,0,1,0,0,0
BEN,171066,171,66,2,2,0,1,0,1,1,0,0,0,0,0,0,0,2021,0,0,0,0,0,0,0,,0,2,4,0,4,0,0,1,0,0,0
BEN,171083,171,83,2,1,1,1,1,1,1,0,0,0,0,0,0,0,2021,0,0,0,0,0,0,0,0.08410000056028366,0,0,0,0,0,0,0,1,0,0,0
BEN,171091,171,91,2,1,0,1,1,1,1,1,1,0,1,0,0,0,2021,0,0,0,0,0,0,0,,0,0,0,0,0,0,0,1,0,0,0
BEN,171099,171,99,2,1,0,1,1,0,0,0,0,0,1,0,0,0,2021,0,0,0,0,0,0,0,0.4699999988079071,0,0,0,0,0,1,0,1,0,0,0
BEN,171123,171,123,2,2,1,1,0,1,1,1,1,0,1,0,0,0,2021,1,0,0,0,0,0,0,0.3799999952316284,0,0,0,0,0,0,0,1,0,0,0
BEN,172003,172,3,1,2,0,1,1,1,1,0,1,0,0,0,0,0,2021,0,0,0,0,0,0,0,0.06884799897670746,0,0,0,0,0,0,1,0,0,0,0
BEN,172022,172,22,1,2,0,1,1,1,1,0,0,0,0,0,0,0,2021,0,0,0,0,0,0,0,0.2883000001311302,0,0,0,0,0,1,0,0,0,0,0
BEN,172042,172,42,1,2,0,1,0,1,1,0,0,0,0,0,0,0,2021,0,0,0,0,0,0,0,,0,3,0,0,0,1,0,0,0,0,0
BEN,172062,172,62,1,2,0,1,1,1,1,0,0,0,0,0,0,0,2021,0,0,0,0,0,0,0,,0,3,0,0,0,1,0,0,0,0,0
BEN,172082,172,82,1,1,1,1,1,1,1,0,0,0,0,0,0,0,2021,0,0,0,0,0,0,0,0.6362999752163887,0,12,0,0,7,0,0,0,0,0,0
BEN,172101,172,101,1,1,0,1,0,1,1,0,0,0,0,0,0,0,2021,0,0,0,0,0,0,0,0.031599998474121094,0,0,0,0,0,1,0,0,0,0,0
BEN,172121,172,121,1,4,0,1,0,1,1,0,0,0,0,0,0,0,2021,0,0,0,0,0,0,0,,0,0,0,0,0,0,0,1,0,0,0
BEN,172141,172,141,1,1,0,0,0,1,1,0,0,0,0,0,0,0,2021,0,0,0,0,0,0,0,54.18555816914886,0,2,0,0,4,0,0,0,1,0,0
BEN,172161,172,161,1,4,1,1,1,1,1,0,0,0,0,0,0,0,2021,0,0,0,0,0,0,0,,0,0,0,0,0,0,0,0,0,0,0
BEN,172180,172,180,1,4,1,1,1,1,1,0,0,1,0,0,0,0,2021,0,0,0,0,0,0,0,,0,0,0,0,0,0,0,1,0,0,0
BEN,172200,172,200,1,2,1,1,1,1,1,0,0,0,0,1,1,0,2021,0,0,0,0,0,0,0,0.20240700244903564,0,2,0,0,22,1,0,0,0,0,0
BEN,172220,172,220,1,2,0,1,1,1,1,0,0,0,0,0,0,0,2021,0,0,0,0,0,0,0,0.08988299779593945,0,0,0,0,0,0,0,0,0,0,0
BEN,173008,173,8,1,2,0,1,1,1,1,0,0,1,0,0,0,0,2021,0,0,0,0,0,0,0,0.8705999851226807,0,4,0,0,25,0,0,0,0,0,0
BEN,173024,173,24,1,2,0,1,0,1,1,0,0,1,0,0,0,0,2021,0,0,0,0,0,0,0,0.2937000095844269,0,0,0,0,10,0,1,1,0,0,0
BEN,173039,173,39,1,4,0,1,0,1,0,0,0,1,0,1,1,0,2021,0,0,0,0,0,0,0,0.7640690207481384,0,0,0,0,0,1,0,0,0,0,0
BEN,173054,173,54,1,1,1,1,0,1,1,0,0,1,0,0,1,0,2021,0,0,0,0,0,0,0,1.2826999425888062,0,0,0,0,0,0,0,0,0,0,0
BEN,173070,173,70,1,4,0,1,0,0,0,0,0,0,0,0,0,0,2021,0,0,0,0,0,0,0,,0,0,0,0,0,1,1,0,0,0,0
BEN,173085,173,85,1,2,1,1,1,0,0,0,0,1,0,0,0,0,2021,0,0,0,0,0,0,0,1.8970360457897186,0,0,0,0,0,0,1,0,0,0,0
BEN,173100,173,100,1,2,1,1,1,1,1,0,0,1,0,0,0,0,2021,0,0,0,0,0,0,0,2.1214999705553055,0,0,0,0,0,1,0,0,0,0,0
BEN,173116,173,116,1,2,0,1,0,1,1,0,0,0,0,0,0,0,2021,0,0,0,0,0,0,0,2.1939189732074738,0,0,0,0,20,0,1,0,0,0,0
BEN,173131,173,131,1,1,0,1,1,1,1,0,0,1,0,0,0,0,2021,0,0,0,0,0,0,0,0.07231099903583527,0,5,0,0,35,0,1,1,0,0,0
BEN,173147,173,147,1,1,0,1,0,1,1,0,0,0,0,0,0,0,2021,0,0,0,0,0,0,0,0.02453799918293953,0,0,0,0,2,0,1,1,1,0,0
BEN,173162,173,162,1,2,1,1,1,0,0,0,0,0,0,0,0,0,2021,0,0,0,0,0,0,0,0.36257000267505646,0,0,0,0,0,0,1,0,0,0,0
BEN,173177,173,177,1,4,0,1,0,1,1,0,0,0,0,0,0,0,2021,0,0,0,0,0,0,0,0.03120500035583973,0,0,0,0,20,1,1,1,1,0,0
BEN,174035,174,35,2,1,1,1,1,1,1,0,0,0,0,0,0,0,2021,0,0,0,0,0,0,0,,0,0,0,0,0,0,0,1,0,0,0
BEN,174060,174,60,2,1,1,1,1,1,1,0,0,0,0,0,0,0,2021,0,0,0,0,0,0,0,,0,0,0,0,0,0,0,1,0,0,0
BEN,174085,174,85,2,1,1,1,1,0,0,1,1,0,1,1,0,0,2021,0,0,0,0,0,0,0,,0,0,0,0,0,0,0,1,0,0,0
BEN,174136,174,136,2,1,1,1,1,1,1,1,1,0,0,0,0,0,2021,1,0,0,0,0,0,0,,0,0,0,0,0,0,0,1,0,0,0
BEN,174161,174,161,2,3,1,1,1,1,1,0,1,0,0,0,0,0,2021,0,0,0,0,0,0,0,,0,0,0,0,0,0,0,1,0,0,0
BEN,174186,174,186,2,2,0,0,0,1,1,0,0,0,0,0,0,0,2021,0,0,0,0,0,0,0,,0,0,0,0,0,0,0,1,0,0,0
BEN,174237,174,237,2,1,1,1,1,0,0,1,1,0,1,1,1,0,2021,0,0,0,0,0,0,0,,0,0,0,0,0,0,0,1,0,0,0
BEN,174262,174,262,2,2,0,1,0,1,1,0,0,0,0,0,0,0,2021,0,0,0,0,0,0,0,,0,0,0,0,0,1,0,0,0,0,0
BEN,174287,174,287,2,1,1,1,0,0,0,0,0,0,1,0,0,0,2021,0,0,0,0,0,0,0,,0,0,0,0,0,0,0,1,0,0,0
BEN,174338,174,338,2,1,1,1,0,0,0,0,0,0,1,0,0,0,2021,0,0,0,0,0,0,0,,0,0,0,0,0,0,0,1,0,0,0
BEN,174363,174,363,2,2,0,1,0,1,1,1,1,0,1,0,0,0,2021,0,0,0,0,0,0,0,,0,0,0,0,0,0,0,1,0,0,0
BEN,174388,174,388,2,2,0,1,0,1,1,0,1,0,1,0,0,0,2021,0,0,0,0,0,0,0,,0,0,0,0,0,0,0,1,0,0,0
BEN,175001,175,1,1,1,1,1,1,1,1,0,0,1,0,0,1,0,2021,0,0,0,0,0,0,0,,0,0,0,0,0,1,0,0,0,0,0
BEN,175009,175,9,1,2,1,1,1,1,1,0,1,0,0,1,1,0,2021,0,0,0,0,0,0,0,0.1149429976940155,0,0,0,0,0,0,1,1,0,0,0
BEN,175018,175,18,1,2,1,1,1,1,1,0,0,0,0,0,1,0,2021,0,0,0,0,0,0,0,,0,0,0,0,0,0,1,0,0,0,0
BEN,175027,175,27,1,4,0,1,1,1,1,0,0,0,0,0,1,0,2021,0,0,0,0,0,0,0,,0,0,0,0,5,0,0,1,0,0,0
BEN,175035,175,35,1,2,1,1,1,1,1,1,1,0,0,0,1,0,2021,0,0,0,0,0,0,0,,0,0,0,0,0,0,0,0,0,0,0
BEN,175044,175,44,1,2,1,1,1,1,1,0,1,0,0,0,1,0,2021,0,0,0,0,0,0,0,0.03816099837422371,0,2,0,0,8,0,1,0,0,0,0
BEN,175052,175,52,1,3,1,1,1,1,1,0,1,0,0,1,1,0,2021,0,0,0,0,0,0,0,,0,0,0,0,0,0,0,1,0,0,0
BEN,175061,175,61,1,3,1,1,1,1,1,0,0,0,0,1,1,0,2021,0,0,0,0,0,0,0,,0,0,0,0,0,0,0,1,0,0,0
BEN,175069,175,69,1,2,1,1,1,1,1,0,0,0,0,1,1,0,2021,0,0,0,0,0,0,0,1.4975780248641968,0,0,0,0,0,0,1,1,0,0,0
BEN,175078,175,78,1,2,1,1,1,1,1,1,1,0,1,1,1,0,2021,0,0,0,0,0,0,0,,0,0,0,0,0,0,0,0,0,0,1
BEN,175086,175,86,1,2,1,1,1,1,1,1,1,0,0,0,0,0,2021,0,0,0,0,0,0,0,0.10049200057983398,0,0,0,0,8,0,0,1,0,0,0
BEN,175095,175,95,1,4,1,1,0,1,1,1,1,0,0,0,0,0,2021,0,0,0,0,0,0,0,,0,0,0,0,0,0,0,0,0,0,0
BEN,176001,176,1,2,2,0,1,0,1,1,1,1,0,1,0,0,0,2021,0,0,0,0,0,0,0,,0,0,0,0,0,0,0,1,0,0,0
BEN,176033,176,33,2,2,1,1,1,1,1,1,1,0,1,0,1,0,2021,1,0,0,0,0,0,0,1.7999999523162842,0,0,0,0,0,0,0,1,0,0,0
BEN,176049,176,49,2,1,1,1,1,1,1,0,0,1,0,0,0,0,2021,0,0,0,0,0,0,0,,0,0,0,0,0,0,0,1,0,0,0
BEN,176065,176,65,2,3,1,1,1,1,1,0,0,1,0,0,0,0,2021,0,0,0,0,0,0,1,,0,0,0,0,0,0,0,1,0,0,0
BEN,176096,176,96,2,3,1,1,1,1,1,1,1,0,1,0,0,0,2021,0,0,0,0,0,0,0,,0,0,0,0,0,0,0,1,0,0,0
BEN,176112,176,112,2,1,1,1,1,1,1,0,0,1,0,0,0,0,2021,0,0,0,0,0,0,0,,0,0,0,0,0,0,0,1,0,0,0
BEN,176128,176,128,2,3,1,1,1,1,1,1,1,0,1,1,1,0,2021,1,1,1,1,1,1,0,,0,0,0,0,0,0,0,1,0,0,0
BEN,176160,176,160,2,1,1,1,1,1,1,0,1,0,0,1,1,0,2021,1,1,1,1,0,0,1,,0,0,0,0,0,0,0,1,0,0,0
BEN,176176,176,176,2,1,1,1,1,1,1,1,1,0,1,1,1,0,2021,1,0,0,0,0,1,0,,0,0,0,0,0,0,0,1,0,0,0
BEN,176192,176,192,2,3,1,1,1,1,1,1,1,0,1,0,0,0,2021,0,0,0,0,0,0,0,,0,0,0,0,0,0,0,1,0,0,0
BEN,176223,176,223,2,3,1,1,1,1,1,0,0,0,1,0,1,0,2021,0,0,0,0,0,0,0,,0,0,0,0,0,0,0,1,0,0,0
BEN,176239,176,239,2,2,1,1,0,1,1,1,0,0,0,0,0,0,2021,1,0,0,0,0,0,0,,0,0,0,0,0,0,0,1,0,0,0
BEN,177007,177,7,2,2,1,1,0,1,1,0,0,1,0,0,0,0,2021,0,0,0,0,0,0,0,5.62751692533493,20,22,0,0,25,0,1,1,0,0,0
BEN,177018,177,18,2,2,0,0,0,0,0,0,0,1,0,0,0,0,2021,0,0,0,0,0,0,0,5.0,4,0,0,0,12,1,0,0,0,0,0
BEN,177039,177,39,2,2,0,0,0,0,0,0,0,1,0,0,0,0,2021,0,0,0,0,0,0,0,3.0,0,0,0,0,7,0,0,0,0,0,0
BEN,177049,177,49,2,2,1,0,0,0,0,0,0,0,0,0,0,0,2021,0,0,0,0,0,0,0,2.2200000286102295,20,25,0,0,0,0,1,0,0,0,0
BEN,177060,177,60,2,2,1,1,1,1,1,0,0,0,0,0,0,0,2021,0,0,0,0,0,0,0,4.119999885559082,30,23,0,0,10,0,1,0,0,0,0
BEN,177080,177,80,2,2,1,1,0,1,0,0,0,1,0,1,0,0,2021,0,0,0,0,0,0,0,6.624516129493713,9,8,0,0,0,0,1,1,0,0,0
BEN,177091,177,91,2,2,1,1,1,1,1,0,0,1,0,0,0,0,2021,0,0,0,0,0,0,0,7.2099997997283936,0,0,0,0,0,0,0,0,0,0,0
BEN,177101,177,101,2,2,1,1,0,1,0,0,0,1,0,0,0,0,2021,0,0,0,0,0,0,0,1.7548219859600067,5,10,0,0,0,0,1,1,0,0,0
BEN,177122,177,122,2,2,1,1,0,1,0,0,0,0,0,0,0,0,2021,0,0,0,0,0,0,0,2.773445963859558,5,37,0,0,30,0,1,1,0,0,0
BEN,177133,177,133,2,2,1,1,0,1,1,0,0,1,0,0,0,0,2021,0,0,0,0,0,0,0,6.0,6,0,0,0,5,0,0,1,0,0,0
BEN,177143,177,143,2,2,1,1,0,1,1,0,0,1,0,0,0,0,2021,0,0,0,0,0,0,0,6.0,6,3,0,0,11,0,0,0,0,0,0
BEN,177164,177,164,2,2,1,1,1,1,0,0,0,0,0,0,0,0,2021,0,0,0,0,0,0,0,6.199999809265137,5,22,0,0,0,0,0,0,0,0,0
BEN,178011,178,11,1,1,1,1,1,1,1,0,0,1,0,0,0,0,2021,0,0,0,0,0,0,0,,0,0,0,0,0,0,1,1,0,0,0
BEN,178014,178,14,1,2,1,1,0,0,0,0,0,1,0,0,0,0,2021,0,0,0,0,0,0,0,4.0899999141693115,3,8,0,0,0,0,1,1,0,0,0
BEN,178023,178,23,1,2,0,0,0,0,0,0,0,1,0,0,0,0,2021,0,0,0,0,0,0,0,2.7500000447034836,0,0,0,0,23,0,1,1,0,0,0
BEN,178040,178,40,1,2,0,1,0,0,1,0,0,0,0,0,0,0,2021,0,0,0,0,0,0,0,7.0,12,6,0,0,9,0,0,0,0,0,0
BEN,178050,178,50,1,1,0,1,0,1,1,0,0,1,0,0,0,0,2021,0,0,0,0,0,0,0,2.35999995470047,2,0,0,0,0,0,1,1,0,0,0
BEN,178057,178,57,1,2,1,1,1,0,0,0,0,0,0,0,0,0,2021,0,0,0,0,0,0,0,6.700000047683716,0,0,0,0,0,0,0,0,0,0,0
BEN,178065,178,65,1,2,0,1,0,0,0,0,0,0,0,0,0,0,2021,0,0,0,0,0,0,0,2.0,0,0,0,0,0,1,0,0,0,0,0
BEN,178074,178,74,1,2,1,1,1,0,0,0,0,1,0,0,0,0,2021,0,0,0,0,0,0,0,1.809999942779541,100,25,0,0,9,0,1,0,1,1,0
BEN,178082,178,82,1,2,0,0,0,0,0,0,0,1,0,0,0,0,2021,0,0,0,0,0,0,0,1.7100000381469727,9,4,0,0,20,0,1,1,0,0,0
BEN,178089,178,89,1,2,0,0,0,0,0,0,0,1,0,0,0,0,2021,0,0,0,0,0,0,0,6.09000027179718,0,0,0,0,0,0,1,1,0,0,0
BEN,178090,178,90,1,2,0,1,0,1,0,0,0,0,0,0,0,0,2021,0,0,0,0,0,0,0,3.5000001192092896,2,0,0,0,12,0,0,0,0,0,0
BEN,178099,178,99,1,2,0,1,1,0,0,0,0,0,0,0,0,0,2021,0,0,0,0,0,0,0,7.5,0,0,0,0,0,0,0,1,0,0,0
BEN,179012,179,12,2,2,1,1,1,1,0,0,0,1,0,0,0,0,2021,0,0,0,0,0,0,0,6.0,6,0,0,0,7,0,0,0,0,0,0
BEN,179021,179,21,2,2,1,1,1,1,1,0,0,1,0,0,0,0,2021,0,0,0,0,0,0,0,3.0,0,0,0,0,11,0,0,0,0,0,0
BEN,179030,179,30,2,2,1,1,1,1,1,0,0,1,0,0,0,0,2021,0,0,0,0,0,0,0,2.0,0,0,0,0,0,0,0,0,0,0,0
BEN,179049,179,49,2,2,1,1,0,1,1,0,0,1,0,0,0,0,2021,0,0,0,0,0,0,0,2.2300000190734863,25,45,0,0,0,0,0,0,0,0,0
BEN,179059,179,59,2,2,1,1,0,0,0,0,0,1,0,0,0,0,2021,0,0,0,0,0,0,0,3.9664819538593292,40,40,0,0,18,0,1,1,0,0,0
BEN,179068,179,68,2,2,1,1,0,1,0,0,0,0,0,0,0,0,2021,0,0,0,0,0,0,0,2.2908999919891357,10,3,0,0,20,0,1,1,0,0,0
BEN,179087,179,87,2,2,1,1,1,1,1,0,0,1,0,0,0,0,2021,0,0,0,0,0,0,0,4.659999817609787,2,7,0,0,22,0,0,0,0,0,0
BEN,179096,179,96,2,2,1,1,1,1,1,0,0,1,0,0,0,0,2021,0,0,0,0,0,0,0,5.81799978017807,10,6,0,0,12,1,1,0,0,0,0
BEN,179106,179,106,2,2,1,1,1,1,1,0,0,1,0,0,0,0,2021,0,0,0,0,0,0,0,2.0,0,0,0,0,0,0,0,0,0,0,0
BEN,179125,179,125,2,2,1,1,1,1,0,0,0,1,0,0,0,0,2021,0,0,0,0,0,0,0,4.359999895095825,15,8,0,0,12,0,0,0,0,0,0
BEN,179134,179,134,2,2,1,1,1,1,1,0,0,1,0,0,0,0,2021,0,0,0,0,0,0,0,4.75,25,14,0,0,40,1,1,0,1,0,0
BEN,179144,179,144,2,2,1,1,0,1,1,0,0,1,0,0,0,0,2021,0,0,0,0,0,0,0,2.699999988079071,13,8,0,0,15,1,0,0,1,0,0
BEN,180003,180,3,1,2,1,1,1,1,1,0,1,0,0,0,1,0,2021,0,0,0,0,0,0,0,1.0773000121116638,0,0,0,0,0,0,1,1,0,0,0
BEN,180006,180,6,1,2,1,1,1,0,0,0,1,0,0,0,0,0,2021,1,0,1,0,0,1,0,1.7000000476837158,0,1,0,0,6,1,1,0,1,0,0
BEN,180021,180,21,1,1,1,1,1,1,0,1,1,0,0,0,1,0,2021,1,0,1,0,0,1,0,,0,0,0,0,0,0,0,0,0,0,0
BEN,180026,180,26,1,2,1,1,1,0,0,0,1,0,0,0,0,0,2021,0,0,0,0,0,0,0,,0,1,0,0,0,0,1,0,1,0,0
BEN,180032,180,32,1,2,1,1,1,1,1,0,1,0,0,0,0,0,2021,0,0,0,0,0,0,0,5.0,0,8,0,0,9,0,1,1,1,0,0
BEN,180034,180,34,1,4,1,1,1,1,0,1,1,0,1,0,0,0,2021,1,0,0,0,0,1,1,38.56999969482422,16,11,0,0,41,0,1,1,1,1,0
BEN,180036,180,36,1,4,1,1,1,1,1,1,1,0,1,0,0,0,2021,0,0,0,0,0,0,0,10.079999923706055,0,0,0,0,88,0,1,0,0,0,0
BEN,180056,180,56,1,2,1,1,1,1,1,1,1,0,0,0,1,0,2021,0,0,0,0,0,0,0,,0,0,0,0,0,1,0,0,0,0,0
BEN,180061,180,61,1,1,1,1,1,1,1,1,1,0,0,0,0,0,2021,0,0,0,0,0,0,0,2.2300000190734863,0,0,0,0,50,0,1,0,0,0,0
BEN,180062,180,62,1,2,1,1,0,1,1,1,1,0,0,0,0,0,2021,0,0,0,0,0,0,0,2.4600000381469727,0,0,0,0,0,0,1,1,0,0,0
BEN,180066,180,66,1,2,1,1,1,0,1,1,1,0,0,0,0,0,2021,0,0,0,0,0,1,0,,0,2,0,0,0,1,1,0,0,0,0
BEN,180084,180,84,1,2,1,1,1,1,0,1,1,0,1,0,0,0,2021,0,0,0,0,0,0,0,,0,0,0,0,0,0,0,1,0,0,0
BEN,181010,181,10,1,2,1,0,0,0,0,0,0,0,0,0,0,0,2021,0,0,0,0,0,0,0,,0,0,0,0,0,1,0,1,0,0,0
BEN,181013,181,13,1,1,1,1,1,1,1,0,1,0,0,0,0,0,2021,1,0,0,0,0,1,0,,0,0,0,0,0,0,0,0,0,0,0
BEN,181039,181,39,1,2,1,1,1,0,0,0,1,0,1,0,0,0,2021,0,0,0,0,0,0,0,2.0,0,0,0,0,0,1,0,1,1,0,0
BEN,181054,181,54,1,4,1,1,0,1,1,0,0,1,0,0,0,0,2021,0,0,0,0,0,0,0,2.800000011920929,0,0,0,0,0,0,1,0,0,0,0
BEN,181068,181,68,1,3,1,1,1,1,0,0,0,1,0,0,0,0,2021,0,0,0,0,0,0,0,,0,0,0,0,0,0,0,0,0,0,0
BEN,181083,181,83,1,2,1,1,1,1,0,0,0,0,0,0,0,0,2021,0,0,0,0,0,0,0,3.5799999237060547,0,0,2,0,15,0,1,0,0,0,0
BEN,181097,181,97,1,3,1,1,1,0,0,1,1,0,1,0,1,0,2021,0,0,0,0,0,0,0,1.0,0,0,0,0,0,0,0,0,1,0,0
BEN,181112,181,112,1,2,1,1,0,1,1,0,0,0,0,0,1,0,2021,0,0,0,0,0,0,0,0.5699999928474426,0,0,0,0,0,0,1,0,0,0,0
BEN,181156,181,156,1,2,1,1,1,1,1,0,0,0,0,0,0,0,2021,0,0,0,0,0,0,0,,0,0,0,0,0,0,0,1,0,0,0
BEN,181182,181,182,1,1,1,1,1,1,1,0,1,0,0,0,1,0,2021,0,0,0,0,0,0,0,,0,0,0,0,15,0,0,0,0,0,0
BEN,181185,181,185,1,1,1,1,1,1,1,0,1,0,0,0,0,0,2021,1,0,0,0,0,1,0,,0,0,0,0,0,1,0,1,0,0,0
BEN,181228,181,228,1,3,1,1,1,1,1,0,1,0,0,1,1,1,2021,0,1,0,0,0,1,0,,0,0,0,0,0,0,0,0,1,0,0
BEN,182003,182,3,2,2,1,1,0,1,1,0,0,1,0,0,0,0,2021,0,0,0,0,0,0,0,8.899999856948853,9,0,0,0,0,0,0,0,0,0,0
BEN,182006,182,6,2,2,0,1,1,1,1,0,0,1,0,0,1,0,2021,0,0,0,0,0,0,0,4.599999904632568,7,3,0,0,8,0,1,1,0,0,0
BEN,182013,182,13,2,1,1,1,0,1,0,0,0,0,0,0,0,0,2021,0,0,0,0,0,0,0,2.019999958574772,10,0,0,0,0,0,0,0,0,0,0
BEN,182016,182,16,2,1,1,1,0,1,0,0,0,0,0,0,0,0,2021,0,0,0,0,0,0,0,1.0199999660253525,0,0,0,0,0,0,1,1,0,0,0
BEN,182020,182,20,2,2,0,1,1,1,1,0,0,1,0,0,0,0,2021,0,0,0,0,0,0,0,6.800000190734863,0,0,0,0,0,0,1,1,0,0,0
BEN,182027,182,27,2,2,1,1,1,1,1,0,0,1,0,0,0,0,2021,0,0,0,0,0,0,0,1.7300000488758087,3,6,0,0,0,0,0,0,1,0,0
BEN,182030,182,30,2,2,0,0,0,1,1,0,0,0,0,0,0,0,2021,0,0,0,0,0,0,0,1.300000011920929,3,9,0,0,0,0,0,0,1,0,0
BEN,182034,182,34,2,2,0,1,0,1,0,0,0,0,0,0,0,0,2021,0,0,0,0,0,0,0,4.0,12,4,0,0,8,0,0,0,0,0,0
BEN,182041,182,41,2,1,1,1,0,1,0,0,0,0,0,0,0,0,2021,0,0,0,0,0,0,0,1.4211699925363064,0,0,0,0,0,0,0,0,0,0,0
BEN,182044,182,44,2,1,1,1,0,1,0,0,0,0,0,0,0,0,2021,0,0,0,0,0,0,0,4.075034901499748,15,5,0,0,0,0,0,0,0,0,0
BEN,182047,182,47,2,2,1,1,1,1,1,0,0,1,0,0,0,0,2021,0,0,0,0,0,0,0,2.7490000128746033,6,11,0,0,0,0,0,0,0,0,0
BEN,182054,182,54,2,2,1,1,1,1,1,0,0,1,0,0,0,0,2021,0,0,0,0,0,0,0,3.329999953508377,3,6,0,0,20,1,0,0,0,0,0
BEN,183005,183,5,1,2,0,1,0,1,1,0,0,0,0,0,0,0,2021,0,0,0,0,0,0,0,3.1299999952316284,10,30,0,0,0,0,1,1,0,0,0
BEN,183019,183,19,1,2,1,1,0,0,0,0,0,1,0,0,0,0,2021,0,0,0,0,0,0,0,9.400000095367432,22,16,0,0,65,1,0,0,0,0,0
BEN,183027,183,27,1,2,1,1,0,1,1,0,0,0,0,0,0,0,2021,0,0,0,0,0,0,0,0.5,15,0,0,0,0,1,1,0,0,0,0
BEN,183034,183,34,1,1,1,1,0,1,1,0,0,1,0,0,0,0,2021,0,0,0,0,0,0,0,5.299999952316284,4,0,0,0,10,0,0,1,0,0,0
BEN,183041,183,41,1,2,0,1,0,1,1,0,0,1,0,0,0,0,2021,0,0,0,0,0,0,0,8.199999690055847,28,13,0,0,9,0,0,0,0,0,0
BEN,183048,183,48,1,2,1,1,1,0,0,0,0,1,1,0,0,0,2021,0,0,0,0,0,0,0,2.8000000715255737,8,5,0,0,10,0,0,0,0,0,0
BEN,183055,183,55,1,2,0,1,0,1,1,0,0,1,0,0,0,0,2021,0,0,0,0,0,0,0,2.560000002384186,0,2,0,0,10,1,0,0,0,0,0
BEN,183062,183,62,1,2,1,1,1,0,0,0,0,0,0,0,0,0,2021,0,0,0,0,0,0,0,4.099999904632568,40,30,0,0,20,0,0,0,0,0,0
BEN,183070,183,70,1,2,1,1,0,1,1,0,0,0,0,0,0,0,2021,0,0,0,0,0,0,0,6.5299999713897705,0,4,5,0,0,0,0,1,0,0,0
BEN,183077,183,77,1,2,0,1,0,1,1,0,0,0,0,0,0,0,2021,0,0,0,0,0,0,0,2.0200000405311584,0,5,0,0,25,1,0,0,0,0,0
BEN,183084,183,84,1,2,1,1,0,1,1,0,0,0,0,0,0,0,2021,0,0,0,0,0,0,0,22.739999413490295,40,45,0,0,33,0,0,0,0,0,0
BEN,183091,183,91,1,2,1,1,1,1,1,0,0,1,0,0,0,0,2021,0,0,0,0,0,0,0,9.240000009536743,68,53,0,0,35,0,0,0,0,0,0
BEN,184007,184,7,2,2,1,1,0,1,1,0,0,1,0,0,0,0,2021,0,0,0,0,0,0,0,3.5999999046325684,0,0,0,0,0,0,0,0,0,0,0
BEN,184017,184,17,2,2,1,1,0,1,1,0,0,0,0,0,0,0,2021,0,0,0,0,0,0,0,3.0000000596046448,0,0,0,0,0,0,0,0,0,0,0
BEN,184036,184,36,2,2,1,1,1,1,1,0,0,1,0,0,0,0,2021,0,0,0,0,0,0,0,7.454999893903732,20,25,0,0,35,0,0,0,0,1,0
BEN,184046,184,46,2,2,1,1,1,1,1,0,0,1,0,0,0,0,2021,0,0,0,0,0,0,0,2.378999948501587,2,5,0,0,10,0,0,1,0,0,0
BEN,184056,184,56,2,2,1,1,1,1,0,0,0,1,0,0,0,0,2021,0,0,0,0,0,0,0,1.3080100174993277,0,0,0,0,0,0,1,0,0,0,0
BEN,184076,184,76,2,1,1,1,1,1,0,0,0,1,0,0,0,0,2021,0,0,0,0,0,0,0,1.1399230062961578,0,5,0,0,0,0,0,0,0,1,0
BEN,184086,184,86,2,2,1,1,1,0,0,0,0,1,1,0,0,0,2021,0,0,0,0,0,0,0,1.7846559584140778,0,0,0,0,0,0,0,1,0,1,0
BEN,184096,184,96,2,1,1,1,0,0,0,0,0,1,0,0,0,0,2021,0,0,0,0,0,0,0,2.98102068901062,0,5,0,0,0,0,1,0,0,1,0
BEN,184115,184,115,2,4,1,1,1,1,1,0,0,0,0,0,0,0,2021,0,0,0,0,0,0,0,0.5,0,0,0,0,0,0,0,0,0,0,0
BEN,184125,184,125,2,2,1,1,1,1,0,0,0,0,0,0,0,0,2021,0,0,0,0,0,0,0,2.0,4,0,0,0,0,1,0,0,0,0,0
BEN,184135,184,135,2,2,1,1,1,1,1,0,0,1,0,0,0,0,2021,0,0,0,0,0,0,0,3.6920000314712524,0,0,0,0,0,1,0,0,0,0,0
BEN,184155,184,155,2,2,1,1,1,1,1,0,0,0,0,0,0,0,2021,0,0,0,0,0,0,0,10.469000235199928,10,0,0,0,17,1,0,0,0,0,0
BEN,185004,185,4,1,2,0,1,1,1,1,0,0,1,0,0,0,0,2021,0,0,0,0,0,0,0,6.799999952316284,30,0,0,0,47,0,0,0,0,0,0
BEN,185011,185,11,1,2,0,1,0,1,1,0,0,1,0,0,0,0,2021,0,0,0,0,0,0,0,4.900000095367432,10,0,0,0,20,0,0,0,0,0,0
BEN,185017,185,17,1,2,1,1,0,1,1,0,0,1,0,0,0,0,2021,0,0,0,0,0,0,0,4.199999928474426,30,0,0,0,57,0,0,0,0,0,0
BEN,185024,185,24,1,2,0,1,1,1,1,0,0,0,0,0,0,0,2021,0,0,0,0,0,0,0,4.899999976158142,25,6,0,0,30,0,0,0,0,0,0
BEN,185030,185,30,1,4,1,1,0,0,0,0,0,0,0,0,0,0,2021,0,0,0,0,0,0,0,4.59000001847744,5,4,0,0,20,0,0,1,0,0,0
BEN,185037,185,37,1,2,1,1,0,1,1,0,0,0,0,0,0,0,2021,0,0,0,0,0,0,0,2.200000047683716,6,7,0,0,3,1,0,0,0,0,0
BEN,185043,185,43,1,2,1,1,0,1,1,0,0,1,0,0,0,0,2021,0,0,0,0,0,0,0,6.5,6,10,0,0,41,1,0,0,0,0,0
BEN,185050,185,50,1,2,1,1,1,0,0,0,0,0,0,0,0,0,2021,0,0,0,0,0,0,0,2.009999990463257,2,4,0,0,0,1,0,0,0,0,0
BEN,185056,185,56,1,2,1,1,1,0,0,0,0,0,0,0,0,0,2021,0,0,0,0,0,0,0,6.560000121593475,2,4,0,0,0,0,0,0,0,0,0
BEN,185063,185,63,1,2,1,1,0,1,1,0,0,1,0,0,0,0,2021,0,0,0,0,0,0,0,6.419999957084656,5,10,0,0,20,1,0,0,0,0,0
BEN,185069,185,69,1,2,0,0,0,1,1,0,0,0,0,0,0,0,2021,0,0,0,0,0,0,0,2.560000002384186,5,3,0,0,64,0,0,0,0,0,0
BEN,185076,185,76,1,2,1,1,0,1,1,0,0,1,0,0,0,0,2021,0,0,0,0,0,0,0,7.300000190734863,0,3,0,0,10,0,0,1,0,0,0
BEN,186013,186,13,2,1,1,1,1,1,1,0,0,1,0,0,0,0,2021,0,0,0,0,0,0,0,4.569999933242798,10,5,0,0,0,1,0,0,0,0,0
BEN,186039,186,39,2,2,0,1,1,1,1,0,0,1,0,0,0,0,2021,0,0,0,0,0,0,0,7.0,6,0,0,0,0,0,0,0,0,0,0
BEN,186052,186,52,2,1,1,1,0,0,0,0,0,1,0,0,0,0,2021,0,0,0,0,0,0,0,2.0847319960594177,0,0,0,0,50,0,1,1,0,0,0
BEN,186065,186,65,2,2,1,1,1,1,1,0,0,1,0,0,0,0,2021,0,0,0,0,0,0,0,5.0,8,0,0,0,12,0,0,1,0,0,0
BEN,186092,186,92,2,2,1,1,0,0,0,0,0,1,0,0,0,0,2021,0,0,0,0,0,0,0,5.7090000957250595,9,8,0,0,0,1,0,0,1,0,0
BEN,186105,186,105,2,1,1,1,0,0,0,0,0,1,0,0,0,0,2021,0,0,0,0,0,0,0,4.782883703708649,25,10,0,0,0,0,1,1,0,0,0
BEN,186118,186,118,2,2,1,1,1,1,1,0,0,1,0,0,0,0,2021,0,0,0,0,0,0,0,3.700000047683716,5,0,0,0,12,0,0,1,0,0,0
BEN,186144,186,144,2,2,0,1,0,1,1,0,0,0,0,0,0,0,2021,0,0,0,0,0,0,0,7.0,8,0,0,0,3,0,0,0,0,0,0
BEN,186157,186,157,2,1,1,1,0,0,0,0,0,0,0,0,0,0,2021,0,0,0,0,0,0,0,1.5000000074505806,15,0,0,0,10,0,1,1,0,1,0
BEN,186170,186,170,2,1,1,1,0,0,1,0,0,1,0,0,0,0,2021,0,0,0,0,0,0,0,2.533267021179199,0,0,0,0,0,0,1,1,0,1,0
BEN,186197,186,197,2,2,1,1,1,1,1,0,0,1,0,0,0,0,2021,0,0,0,0,0,0,0,2.449999988079071,0,0,0,0,0,0,0,0,1,0,0
BEN,186210,186,210,2,2,1,1,0,1,1,0,0,1,0,0,0,0,2021,0,0,0,0,0,0,0,1.4780000075697899,0,7,0,0,0,0,0,0,1,0,0
BEN,187005,187,5,2,2,1,0,0,1,1,0,0,1,0,0,0,0,2021,0,0,0,0,0,0,0,5.5,0,0,0,0,0,0,0,1,0,0,0
BEN,187007,187,7,2,1,1,1,0,1,0,0,0,0,0,0,0,0,2021,0,0,0,0,0,0,0,0.7791130132973194,0,0,0,0,0,0,1,1,0,1,0
BEN,187012,187,12,2,1,1,1,0,1,0,0,0,1,0,0,0,0,2021,0,0,0,0,0,0,0,6.10227906703949,60,15,0,0,48,0,1,0,0,0,0
BEN,187017,187,17,2,1,0,0,0,1,1,0,0,1,0,0,0,0,2021,0,0,0,0,0,0,0,1.741601049900055,40,0,0,0,0,0,1,0,0,0,0
BEN,187027,187,27,2,2,1,1,1,1,1,0,0,0,0,0,0,0,2021,0,0,0,0,0,0,0,7.250000059604645,22,13,0,0,50,1,0,0,0,0,0
BEN,187033,187,33,2,2,1,1,0,1,0,0,0,1,0,0,0,0,2021,0,0,0,0,0,0,0,2.8939199447631836,9,15,0,0,0,0,1,0,0,1,0
BEN,187038,187,38,2,2,1,1,1,1,1,0,0,0,0,0,0,0,2021,0,0,0,0,0,0,0,2.419999971985817,15,12,0,0,7,1,0,0,0,0,0
BEN,187048,187,48,2,2,1,0,1,1,1,0,0,1,0,0,0,0,2021,0,0,0,0,0,0,0,5.0,0,0,0,0,13,0,0,0,0,0,0
BEN,187053,187,53,2,2,1,1,1,1,1,0,0,1,1,0,0,0,2021,0,0,0,0,0,0,0,3.200000047683716,0,0,0,0,0,0,0,0,0,0,0
BEN,187059,187,59,2,2,1,1,1,1,1,0,0,1,0,0,0,0,2021,0,0,0,0,0,0,0,6.200000047683716,0,0,0,0,0,0,0,1,0,0,0
BEN,187074,187,74,2,2,1,1,1,1,0,0,0,0,0,0,0,0,2021,0,0,0,0,0,0,0,4.209999978542328,22,4,0,0,20,0,0,0,0,1,0
BEN,187079,187,79,2,2,1,1,1,1,1,0,0,0,0,0,0,0,2021,0,0,0,0,0,0,0,3.5300000607967377,4,0,0,0,15,0,0,0,0,0,0
BEN,188002,188,2,1,2,1,0,0,0,0,0,0,1,0,0,0,0,2021,0,0,0,0,0,0,0,6.259799875319004,3,0,0,0,0,0,0,1,0,0,0
BEN,188009,188,9,1,2,0,1,1,1,0,0,0,1,0,0,0,0,2021,1,0,0,0,0,1,0,7.916600227355957,2,0,0,0,0,0,0,0,0,0,0
BEN,188016,188,16,1,2,1,1,0,0,0,0,0,1,0,0,0,0,2021,0,0,0,0,0,0,0,5.272900104522705,7,0,0,0,15,0,0,1,0,1,0
BEN,188022,188,22,1,1,1,1,1,0,1,0,0,0,0,0,0,0,2021,0,0,0,0,0,0,0,3.9170000553131104,0,28,0,0,12,1,0,0,0,0,0
BEN,188029,188,29,1,2,0,1,1,1,0,0,0,1,0,0,0,0,2021,0,0,0,0,0,0,0,3.748506546020508,0,0,0,0,170,0,1,0,0,1,0
BEN,188036,188,36,1,4,1,1,1,0,1,0,0,1,0,0,0,1,2021,0,0,0,0,0,0,0,18.10419988632202,0,0,0,0,0,0,0,0,0,0,0
BEN,188043,188,43,1,4,1,1,1,0,1,0,0,0,0,0,0,0,2021,0,0,0,0,0,0,0,1.3772000074386597,0,0,0,0,0,1,0,0,0,0,0
BEN,188050,188,50,1,1,1,1,1,0,0,0,0,1,0,0,0,0,2021,0,0,0,0,0,0,0,10.122436881065369,7,8,0,0,0,0,0,0,0,0,0
BEN,188056,188,56,1,4,1,1,1,0,1,0,0,0,0,0,0,0,2021,0,0,0,0,0,0,0,1.836899995803833,0,0,0,0,0,0,0,0,0,0,0
BEN,188063,188,63,1,2,0,1,0,1,1,0,0,1,0,0,0,0,2021,0,0,0,0,0,0,0,7.882299900054932,0,0,0,0,0,1,1,0,0,1,0
BEN,188070,188,70,1,4,1,1,1,0,0,0,0,1,0,0,0,0,2021,0,0,0,0,0,0,0,,0,0,0,0,0,1,0,0,0,0,0
BEN,188077,188,77,1,2,0,1,1,1,0,0,0,0,0,0,0,0,2021,0,0,0,0,0,0,0,7.269500017166138,8,0,0,0,0,1,1,0,0,0,0
BEN,189007,189,7,1,1,1,1,0,1,1,0,0,1,0,0,0,0,2021,0,0,0,0,0,0,0,11.673115849494934,0,0,0,0,10,0,0,1,0,0,0
BEN,189020,189,20,1,1,1,1,1,1,1,0,0,0,0,0,0,0,2021,0,0,0,0,0,0,0,9.090025901794434,0,0,0,0,20,0,1,0,0,0,0
BEN,189033,189,33,1,1,1,1,1,1,1,0,0,1,0,0,0,0,2021,1,0,0,0,0,0,0,13.684442043304443,0,0,0,0,110,0,0,0,0,0,0
BEN,189046,189,46,1,2,1,1,1,1,1,0,0,1,0,0,0,0,2021,0,0,0,0,0,0,0,3.455050468444824,0,0,0,0,20,0,0,0,0,0,0
BEN,189059,189,59,1,2,1,1,0,1,1,0,0,0,0,0,0,0,2021,0,0,0,0,0,0,0,1.7994099855422974,0,0,0,0,0,0,1,0,0,0,0
BEN,189071,189,71,1,2,1,1,0,1,1,0,0,0,0,0,0,0,2021,0,0,0,0,0,0,0,1.7499639987945557,0,0,0,0,0,0,0,1,0,0,0
BEN,189084,189,84,1,2,1,1,0,1,1,0,0,0,0,0,0,0,2021,0,0,0,0,0,0,0,1.7760837078094482,0,0,0,0,0,0,0,0,0,1,0
BEN,189097,189,97,1,2,1,1,0,1,1,0,0,0,0,0,0,0,2021,0,0,0,0,0,0,0,1.7451220750808716,0,0,0,0,0,0,0,1,0,0,0
BEN,189110,189,110,1,1,1,1,0,0,0,0,0,0,0,0,0,0,2021,0,0,0,0,0,0,0,1.809674859046936,0,0,0,0,0,0,1,1,0,0,0
BEN,189123,189,123,1,1,1,1,0,0,0,0,0,0,0,0,0,0,2021,0,0,0,0,0,0,0,1.842362642288208,0,0,0,0,0,0,0,1,0,0,0
BEN,189136,189,136,1,1,1,1,0,0,0,0,0,0,0,0,0,0,2021,0,0,0,0,0,0,0,4.492259979248047,0,0,0,0,0,0,0,1,0,0,0
BEN,189149,189,149,1,1,1,1,0,0,0,0,0,0,0,0,0,0,2021,0,0,0,0,0,0,0,3.527290105819702,0,0,0,0,0,0,0,1,0,0,0
BEN,190025,190,25,2,3,1,1,1,0,0,0,0,0,0,0,0,0,2021,1,0,0,0,0,1,0,,0,0,0,0,0,0,0,0,0,0,0
BEN,190042,190,42,2,1,1,1,1,0,0,0,0,1,0,0,0,0,2021,0,0,0,0,0,0,0,,0,0,0,0,0,0,0,0,0,0,0
BEN,190076,190,76,2,1,1,1,1,1,1,0,1,0,0,0,0,0,2021,1,0,0,0,0,1,0,1.309999942779541,0,0,0,0,0,0,0,1,0,0,0
BEN,190094,190,94,2,1,1,1,1,0,0,0,0,1,0,0,0,0,2021,0,0,0,0,0,0,0,,0,0,0,0,0,1,1,0,0,0,0
BEN,190111,190,111,2,1,1,1,1,0,0,0,0,0,0,0,0,0,2021,0,0,0,0,0,0,0,4.839999973773956,0,13,0,0,10,0,0,1,0,0,0
BEN,190145,190,145,2,1,1,1,0,0,0,0,1,0,0,0,0,0,2021,0,1,0,0,0,0,0,,0,1,0,0,0,1,0,0,0,0,0
BEN,190156,190,156,2,3,1,1,1,1,1,0,1,0,0,0,1,0,2021,0,1,0,0,0,1,0,,0,6,0,0,0,1,1,0,1,0,0
BEN,190162,190,162,2,3,1,1,1,0,0,0,0,1,0,0,0,0,2021,1,0,0,0,0,0,0,,0,0,0,0,0,0,0,0,1,0,0
BEN,190163,190,163,2,3,1,1,1,0,0,0,0,1,0,0,0,0,2021,1,0,0,0,0,0,0,,0,0,0,0,0,0,0,0,0,0,0
BEN,190172,190,172,2,3,1,1,1,1,1,1,1,0,0,0,1,0,2021,0,0,0,0,0,1,0,,0,0,0,0,0,1,0,0,1,0,0
BEN,190182,190,182,2,1,1,1,1,0,0,1,0,1,0,0,0,0,2021,0,0,0,0,0,0,0,,0,0,0,0,0,0,0,0,0,0,0
BEN,190248,190,248,2,2,1,1,1,0,0,0,0,1,0,0,0,0,2021,0,0,0,0,0,0,0,2.0,0,0,0,0,0,0,0,0,0,0,0
BEN,191004,191,4,2,4,1,1,1,1,1,1,1,0,0,0,1,0,2021,1,0,0,0,0,0,0,5.621999949216843,4,7,0,0,0,1,0,1,0,0,0
BEN,191009,191,9,2,2,1,1,1,1,1,1,1,0,0,0,0,0,2021,1,0,0,0,0,0,0,3.5599998831748962,0,0,0,0,0,1,0,0,0,0,0
BEN,191019,191,19,2,3,1,1,1,1,1,0,1,0,0,0,1,0,2021,0,0,1,0,0,0,0,3.570495128631592,0,0,0,0,0,0,0,0,0,0,0
BEN,191023,191,23,2,2,1,1,1,1,1,0,0,0,0,0,0,0,2021,0,0,0,0,0,0,0,,0,0,0,0,0,1,0,0,0,0,0
BEN,191028,191,28,2,2,1,1,1,1,1,1,1,0,0,0,0,0,2021,0,0,0,0,0,0,0,3.240000009536743,0,0,0,0,0,0,0,0,0,0,0
BEN,191038,191,38,2,4,1,1,1,1,1,0,0,1,0,0,0,0,2021,0,0,0,0,0,0,0,5.5,5,8,0,0,11,1,1,0,0,0,0
BEN,191043,191,43,2,2,1,1,1,1,1,1,1,0,0,0,1,0,2021,1,1,0,0,0,1,0,3.9642333984375,0,0,0,0,0,0,0,1,0,0,0
BEN,191047,191,47,2,4,1,1,1,1,0,1,1,0,0,0,0,0,2021,1,0,0,0,0,1,0,10.809999704360962,4,5,0,0,35,0,0,1,0,0,0
BEN,191057,191,57,2,2,1,1,1,0,0,0,0,1,0,0,0,0,2021,0,0,0,0,0,0,0,4.759000062942505,0,0,0,0,30,0,0,1,0,0,0
BEN,191062,191,62,2,4,1,1,1,1,1,0,0,1,0,0,0,0,2021,0,0,0,0,0,0,0,1.6848498582839966,8,22,0,0,8,1,1,1,0,0,0
BEN,191067,191,67,2,2,1,1,1,1,0,0,0,1,0,0,0,0,2021,0,0,0,0,0,0,0,6.5299999713897705,5,4,0,0,8,1,0,0,0,0,0
BEN,191076,191,76,2,4,1,1,1,1,1,1,1,0,0,0,0,0,2021,0,0,0,0,0,0,0,7.880000114440918,8,10,0,0,11,0,1,0,0,0,0
BEN,192007,192,7,1,3,1,1,0,1,1,0,0,0,0,0,0,0,2021,0,0,0,0,0,0,0,,0,0,0,0,0,0,0,0,0,0,0
BEN,192014,192,14,1,1,1,1,0,1,1,0,0,0,0,0,0,0,2021,0,0,0,0,0,0,0,7.356435537338257,0,0,0,0,0,0,0,0,0,0,0
BEN,192022,192,22,1,1,1,1,1,0,0,1,1,0,0,0,0,0,2021,0,0,0,0,0,0,0,5.767519593238831,0,0,0,0,0,1,0,0,0,0,0
BEN,192030,192,30,1,1,1,1,1,1,1,0,0,0,0,0,0,0,2021,0,0,0,0,0,0,0,7.272307395935059,0,0,0,0,0,1,0,0,0,0,0
BEN,192038,192,38,1,1,1,1,1,1,0,0,0,0,0,0,0,0,2021,0,0,0,0,0,0,0,3.870638847351074,0,0,0,0,0,0,0,1,0,0,0
BEN,192046,192,46,1,3,1,1,1,1,1,0,0,0,0,0,0,0,2021,0,0,0,0,0,0,0,,0,0,0,0,0,0,0,1,1,0,0
BEN,192054,192,54,1,3,1,1,1,1,1,0,0,0,0,0,0,0,2021,0,0,0,0,0,0,0,,0,0,0,0,0,0,0,1,0,0,0
BEN,192062,192,62,1,3,1,1,1,1,1,0,0,1,0,0,0,0,2021,0,0,0,0,0,0,0,,0,0,0,0,0,0,0,1,0,0,0
BEN,192070,192,70,1,1,1,1,1,0,0,1,1,0,1,0,0,0,2021,0,0,0,0,0,0,0,7.520602226257324,0,0,0,0,0,1,0,1,0,0,0
BEN,192078,192,78,1,1,1,1,0,0,0,1,1,0,1,0,0,0,2021,0,0,0,0,0,0,0,,0,0,0,0,0,0,0,1,0,0,0
BEN,192086,192,86,1,1,1,1,0,0,0,1,1,0,1,0,0,0,2021,0,0,0,0,0,0,0,1.8774995803833008,0,0,0,0,0,0,0,1,0,0,0
BEN,192094,192,94,1,1,1,1,1,0,0,1,1,0,0,0,0,0,2021,0,0,0,0,0,0,0,6.1383490562438965,0,0,0,0,0,1,0,1,0,0,0
BEN,193005,193,5,2,1,1,1,1,0,0,0,0,1,0,0,0,0,2021,0,0,0,0,0,0,0,3.884727358818054,0,2,0,0,0,0,1,1,0,0,0
BEN,193012,193,12,2,2,1,1,1,0,0,0,0,1,0,0,0,0,2021,0,0,0,0,0,0,0,3.4522649496793747,0,8,0,0,0,0,1,0,0,0,0
BEN,193025,193,25,2,2,1,1,1,1,0,0,0,1,0,0,0,0,2021,0,0,0,0,0,0,0,1.2673740088939667,0,23,0,0,40,0,0,1,0,1,0
BEN,193031,193,31,2,1,1,1,1,0,0,0,0,1,0,0,0,0,2021,0,0,0,0,0,0,0,4.603010416030884,0,0,0,0,0,0,1,1,0,1,0
BEN,193038,193,38,2,3,0,1,1,1,0,0,0,1,0,0,0,0,2021,0,0,0,0,0,0,0,4.1000001430511475,0,0,0,0,0,1,0,0,0,0,0
BEN,193051,193,51,2,2,1,1,0,1,0,0,0,1,0,0,0,0,2021,0,0,0,0,0,0,0,3.8000000715255737,0,0,0,0,8,0,0,0,0,0,0
BEN,193058,193,58,2,2,0,0,0,0,0,0,0,0,0,0,0,0,2021,0,0,0,0,0,0,0,3.7200000286102295,60,9,0,0,6,1,0,0,0,0,0
BEN,193065,193,65,2,2,0,0,0,0,0,0,0,0,0,0,0,0,2021,0,0,0,0,0,0,0,2.069999933242798,20,7,0,0,3,0,1,0,0,0,0
BEN,193078,193,78,2,4,1,1,0,1,1,0,0,1,0,0,0,0,2021,0,0,0,0,0,0,0,7.199999809265137,8,0,0,0,12,0,0,0,0,0,0
BEN,193084,193,84,2,2,1,1,0,1,1,0,0,1,0,0,0,0,2021,0,0,0,0,0,0,0,7.289999842643738,5,0,0,0,0,1,0,0,0,0,0
BEN,193091,193,91,2,2,1,1,1,1,1,0,0,1,0,0,0,0,2021,0,0,0,0,0,0,0,10.465999901294708,10,25,0,0,40,1,0,0,0,0,0
BEN,193104,193,104,2,2,0,1,1,1,1,0,0,0,0,0,0,0,2021,0,0,0,0,0,0,0,5.5000001192092896,0,0,0,0,0,0,0,0,0,0,0
BEN,194007,194,7,1,1,1,1,1,1,1,0,0,0,0,0,0,0,2021,0,0,0,0,0,0,0,4.599999904632568,0,0,0,0,0,0,0,1,0,0,0
BEN,194017,194,17,1,1,1,1,1,1,1,0,0,0,0,0,0,0,2021,0,0,0,0,0,0,0,5.099999904632568,0,0,0,0,0,0,0,0,0,0,0
BEN,194027,194,27,1,4,1,1,1,0,0,0,0,0,0,0,0,0,2021,0,0,0,0,0,0,0,2.799999952316284,0,0,0,0,0,0,0,1,0,0,0
BEN,194037,194,37,1,1,1,1,1,0,0,0,0,1,0,0,0,0,2021,0,0,0,0,0,0,0,8.018160104751587,0,0,0,0,0,1,0,0,0,0,0
BEN,194057,194,57,1,2,1,1,1,0,0,0,0,1,0,0,0,0,2021,0,0,0,0,0,0,0,3.8406312465667725,0,0,0,0,0,0,0,0,0,0,0
BEN,194067,194,67,1,1,1,1,1,1,1,0,0,1,0,0,1,0,2021,0,0,0,0,0,1,0,,0,5,0,0,21,0,0,1,0,0,0
BEN,194077,194,77,1,2,1,1,0,1,0,0,0,1,0,0,0,0,2021,0,0,0,0,0,0,0,5.8899999260902405,0,0,0,0,0,0,0,0,0,0,0
BEN,194087,194,87,1,1,1,1,1,1,0,0,0,1,0,0,0,0,2021,0,0,0,0,0,0,0,,0,0,0,0,0,0,0,0,1,0,0
BEN,194097,194,97,1,3,1,1,1,1,1,0,0,1,0,0,0,0,2021,0,0,0,0,0,0,0,,0,0,0,0,0,1,0,0,0,0,0
BEN,194107,194,107,1,2,1,1,1,0,0,0,0,0,0,0,0,0,2021,0,0,0,0,0,0,0,4.0,0,0,0,0,0,0,0,0,0,0,0
BEN,194117,194,117,1,2,1,1,1,1,1,0,0,1,0,0,0,0,2021,0,0,0,0,0,0,0,5.339999794960022,0,0,0,0,0,1,0,0,0,0,0
BEN,194749,194,749,1,2,1,1,1,1,1,0,0,1,0,0,0,0,2021,0,0,0,0,0,0,0,,0,0,0,0,0,1,0,1,0,0,0
BEN,195007,195,7,2,2,0,1,0,1,1,0,0,0,0,0,0,0,2021,0,0,0,0,0,0,0,2.399999976158142,0,0,0,0,0,0,0,0,0,0,0
BEN,195016,195,16,2,2,0,1,1,1,1,0,0,1,0,0,0,0,2021,0,0,0,0,0,0,0,1.050000011920929,0,0,0,0,6,0,0,0,0,0,0
BEN,195036,195,36,2,2,1,1,1,1,0,0,0,1,0,0,0,0,2021,0,0,0,0,0,0,0,1.2883960008621216,7,10,0,0,0,0,0,1,0,1,0
BEN,195045,195,45,2,2,1,1,1,1,0,0,0,1,0,0,0,0,2021,0,0,0,0,0,0,0,2.1833960115909576,10,10,0,0,0,0,1,1,0,0,0
BEN,195055,195,55,2,2,1,1,1,0,0,0,0,1,0,0,0,0,2021,0,0,0,0,0,0,0,6.840000033378601,7,0,0,0,7,1,0,0,0,0,0
BEN,195074,195,74,2,2,1,1,1,1,1,0,0,0,0,0,0,0,2021,0,0,0,0,0,0,0,18.564999997615814,20,60,0,0,50,1,1,0,0,0,0
BEN,195083,195,83,2,2,0,1,1,1,1,0,0,0,0,0,0,0,2021,0,0,0,0,0,0,0,1.400000050663948,4,0,0,0,10,0,0,0,0,0,0
BEN,195093,195,93,2,2,0,1,1,1,1,0,0,0,0,0,0,0,2021,0,0,0,0,0,0,0,8.0,0,0,0,0,12,0,0,0,0,0,0
BEN,195112,195,112,2,2,1,1,0,1,0,0,0,1,0,0,0,0,2021,0,0,0,0,0,0,0,1.3289089798927307,10,9,0,0,0,0,1,1,0,0,0
BEN,195122,195,122,2,2,1,1,1,1,0,0,0,1,0,0,0,0,2021,0,0,0,0,0,0,0,2.6371091306209564,5,5,0,0,0,0,1,1,0,1,0
BEN,195131,195,131,2,2,1,1,1,1,1,0,0,1,0,0,0,0,2021,0,0,0,0,0,0,0,6.179999947547913,4,3,0,0,12,0,0,0,0,0,0
BEN,195150,195,150,2,2,1,1,1,0,0,0,0,1,0,0,0,0,2021,0,0,0,0,0,0,0,4.127000033855438,0,0,0,0,0,1,0,0,0,0,0
BEN,196005,196,5,1,2,1,1,0,0,0,0,0,1,0,0,0,0,2021,0,0,0,0,0,0,0,1.0,0,0,0,0,0,0,1,0,0,0,0
BEN,196015,196,15,1,4,1,1,1,0,0,0,0,0,0,0,0,0,2021,0,0,0,0,0,0,0,5.690000057220459,0,0,0,0,0,0,0,1,0,0,0
BEN,196025,196,25,1,1,1,1,1,0,0,0,0,0,0,0,0,0,2021,0,0,0,0,0,0,0,,0,0,0,0,0,0,0,0,0,0,0
BEN,196035,196,35,1,1,1,1,1,1,1,0,0,1,0,0,0,0,2021,0,0,0,0,0,0,0,2.080000013113022,0,0,0,0,0,0,0,0,0,0,0
BEN,196045,196,45,1,1,1,1,1,0,0,0,0,0,0,0,0,0,2021,0,0,0,0,0,0,0,,0,0,0,0,0,1,0,0,1,0,0
BEN,196055,196,55,1,1,1,1,1,1,1,1,1,0,0,0,1,0,2021,1,0,0,0,0,0,0,5.119999885559082,0,0,0,0,0,1,0,0,0,0,0
BEN,196065,196,65,1,2,1,1,1,0,0,0,0,0,0,0,0,0,2021,0,0,0,0,0,0,0,2.0,0,0,0,0,0,0,0,0,0,0,0
BEN,196075,196,75,1,4,1,1,1,1,1,0,0,1,0,0,0,0,2021,0,0,0,0,0,0,0,,0,0,0,0,0,1,0,0,0,0,0
BEN,196085,196,85,1,2,1,1,1,0,0,0,0,1,0,0,0,0,2021,0,0,0,0,0,0,0,3.0999999046325684,0,0,0,0,0,0,0,0,0,0,0
BEN,196095,196,95,1,2,1,1,1,0,0,0,0,0,0,0,0,0,2021,0,0,0,0,0,0,0,0.75,0,0,0,0,0,0,0,0,1,0,0
BEN,196105,196,105,1,1,1,1,1,1,0,0,0,0,0,0,0,0,2021,0,0,0,0,0,0,0,4.299999952316284,0,0,0,0,0,0,0,0,0,0,0
BEN,196115,196,115,1,1,1,1,1,1,1,0,0,0,0,0,0,0,2021,0,0,0,0,0,0,0,,0,0,0,0,0,0,0,0,0,0,0
BEN,197007,197,7,2,2,1,1,1,0,0,0,0,1,0,0,0,0,2021,0,0,0,0,0,0,0,9.731000304222107,6,0,0,0,50,0,0,0,0,0,0
BEN,197013,197,13,2,2,1,1,1,1,1,0,0,1,0,0,0,0,2021,1,0,0,0,0,0,1,17.858999878168106,6,17,10,0,0,0,0,0,0,0,0
BEN,197019,197,19,2,1,1,1,1,1,0,0,0,1,0,0,0,0,2021,0,0,0,0,0,0,0,4.891159415245056,5,0,0,0,14,0,1,1,0,1,0
BEN,197031,197,31,2,2,1,1,1,0,0,0,0,1,0,0,0,0,2021,0,0,0,0,0,0,0,3.5299999713897705,0,0,0,0,0,0,0,0,0,0,0
BEN,197037,197,37,2,1,1,1,1,1,1,0,0,1,0,0,0,0,2021,0,0,0,0,0,0,0,1.5244100093841553,1,0,0,0,12,0,1,1,0,0,0
BEN,197042,197,42,2,2,1,1,1,1,0,0,0,0,0,0,0,0,2021,0,0,0,0,0,0,0,7.674370050430298,3,1,0,0,12,1,1,1,0,0,0
BEN,197054,197,54,2,2,1,1,1,1,1,0,0,0,0,0,0,0,2021,0,0,0,0,0,0,0,5.0,0,0,0,0,0,0,0,0,0,0,0
BEN,197060,197,60,2,1,1,1,1,1,0,0,0,1,0,0,0,0,2021,0,0,0,0,0,0,0,2.4797492921352386,0,65,0,0,30,0,1,1,0,1,0
BEN,197066,197,66,2,2,1,1,1,1,1,0,0,1,0,0,0,0,2021,0,0,0,0,0,0,0,11.499999821186066,6,0,0,0,0,0,0,0,0,0,0
BEN,197078,197,78,2,2,0,1,1,1,1,0,0,1,0,0,0,0,2021,0,0,0,0,0,0,0,4.799999952316284,0,0,0,0,12,0,0,0,0,0,0
BEN,197084,197,84,2,2,1,1,0,1,1,0,0,1,0,0,0,0,2021,0,0,0,0,0,0,0,4.0,0,0,0,0,0,0,0,1,0,0,0
BEN,197089,197,89,2,2,1,1,1,1,1,0,0,1,0,0,0,0,2021,0,0,0,0,0,0,0,4.0,0,0,0,0,0,0,0,0,0,0,0
BEN,198028,198,28,1,1,1,1,1,1,1,1,1,0,0,0,0,1,2021,1,0,0,0,0,0,0,,0,0,0,0,0,0,0,1,0,0,0
BEN,198031,198,31,1,1,1,1,1,1,1,0,0,0,0,0,0,0,2021,0,0,0,0,0,0,0,1.5477272272109985,0,0,0,0,15,0,0,0,0,0,0
BEN,198034,198,34,1,3,1,1,1,1,1,0,0,0,0,0,0,0,2021,0,0,0,0,0,0,0,,0,0,0,0,0,1,0,0,0,0,0
BEN,198050,198,50,1,1,1,1,1,0,0,0,0,0,1,1,1,1,2021,0,0,0,0,0,0,0,,0,0,0,0,0,0,0,0,0,0,0
BEN,198075,198,75,1,4,1,1,1,1,1,0,0,1,1,0,0,0,2021,0,0,0,0,0,0,0,,0,0,0,0,0,0,0,0,0,0,0
BEN,198115,198,115,1,3,1,1,1,1,1,0,0,1,0,0,1,0,2021,0,0,0,0,0,0,0,,0,0,0,0,0,1,0,1,0,0,0
BEN,198155,198,155,1,3,1,1,1,0,1,1,1,0,1,1,1,1,2021,0,0,0,0,0,0,0,,0,0,0,0,0,0,0,0,0,0,0
BEN,198195,198,195,1,3,1,1,1,1,1,1,1,0,1,1,1,1,2021,0,0,0,0,0,0,0,,0,0,0,0,0,0,0,0,0,0,0
BEN,198235,198,235,1,3,1,1,1,0,1,1,1,0,1,1,1,1,2021,0,0,0,0,0,0,0,,0,0,0,0,0,0,0,0,0,0,0
BEN,198273,198,273,1,1,1,1,1,1,1,1,1,0,1,0,1,1,2021,1,1,0,0,0,1,0,,0,2,0,0,10,0,0,1,0,0,0
BEN,198276,198,276,1,4,1,1,1,1,1,1,1,0,1,1,1,1,2021,0,0,0,0,0,0,0,,0,0,0,0,0,0,0,0,1,0,0
BEN,198316,198,316,1,1,1,1,1,1,1,0,0,1,1,1,0,0,2021,0,0,0,0,0,0,0,,0,0,0,0,0,0,0,1,1,0,0
BEN,199030,199,30,2,1,1,1,1,1,0,1,1,0,0,0,1,1,2021,1,0,0,0,0,0,0,,0,0,0,0,0,0,0,1,0,0,0
BEN,199052,199,52,2,3,1,1,1,0,0,0,1,0,0,1,1,0,2021,1,0,0,0,0,0,0,,0,0,0,0,0,0,0,0,0,0,0
BEN,199074,199,74,2,1,1,1,1,0,0,1,1,0,0,1,1,0,2021,1,1,0,0,0,1,0,,0,0,0,0,0,0,0,0,0,0,0
BEN,199118,199,118,2,3,1,1,1,1,1,1,1,0,0,1,1,1,2021,1,0,0,0,0,1,0,,0,0,0,0,0,0,0,0,0,0,0
BEN,199140,199,140,2,1,1,1,1,0,0,1,1,0,1,1,1,1,2021,1,1,1,0,0,1,0,,0,0,0,0,0,1,1,0,0,0,0
BEN,199162,199,162,2,3,1,1,1,1,1,1,1,0,1,1,0,0,2021,1,0,0,0,0,0,0,,0,0,0,0,11,0,0,1,0,0,1
BEN,199206,199,206,2,1,1,1,1,1,1,1,1,0,1,1,1,1,2021,1,0,1,0,0,1,0,,0,0,0,0,0,1,0,1,1,0,0
BEN,199228,199,228,2,3,1,1,1,1,1,1,1,0,1,1,1,1,2021,1,0,1,0,0,1,0,,0,0,0,0,0,1,0,1,0,0,0
BEN,199250,199,250,2,1,1,1,1,1,1,1,1,0,0,0,1,1,2021,1,1,0,0,0,1,0,,0,0,0,0,55,0,0,1,1,1,0
BEN,199294,199,294,2,3,1,1,1,1,1,1,1,0,1,1,0,0,2021,1,0,0,0,0,1,0,,0,0,0,0,0,0,0,1,1,0,0
BEN,199316,199,316,2,1,1,1,1,1,1,1,1,0,0,0,1,1,2021,1,0,0,0,0,0,0,,0,0,0,0,0,0,0,1,0,0,0
BEN,199338,199,338,2,3,1,1,1,0,1,1,1,0,0,0,1,1,2021,0,0,0,0,0,0,0,,0,0,0,0,0,0,0,1,1,0,0
BEN,200002,200,2,1,4,1,1,1,1,1,0,0,0,1,0,0,0,2021,0,0,0,0,0,0,0,0.02449999935925007,0,0,0,0,0,0,0,0,0,0,0
BEN,200005,200,5,1,2,0,1,1,1,1,0,0,1,0,0,0,0,2021,0,0,0,0,0,0,0,2.5217724442481995,0,45,0,0,0,1,0,0,0,0,0
BEN,200026,200,26,1,2,1,1,1,1,1,0,0,0,1,0,0,1,2021,0,0,0,0,0,0,0,0.6732000224292278,0,0,0,0,0,0,0,1,0,0,0
BEN,200062,200,62,1,3,1,1,1,1,1,0,0,0,0,0,1,1,2021,0,0,0,0,0,0,0,,0,0,0,0,0,0,0,0,0,0,0
BEN,200096,200,96,1,3,1,1,1,1,1,0,0,0,0,1,1,1,2021,0,0,0,0,0,0,0,,0,0,0,0,0,0,0,0,0,0,0
BEN,200109,200,109,1,2,0,1,1,1,1,0,0,0,0,0,0,0,2021,0,0,0,0,0,0,0,1.2730000019073486,0,0,0,0,0,1,0,0,0,0,0
BEN,200159,200,159,1,4,1,1,1,1,1,0,0,0,0,0,0,0,2021,0,0,0,0,0,0,0,4.819000840187073,0,0,0,0,0,0,0,1,0,0,0
BEN,200177,200,177,1,2,1,1,1,1,1,0,0,1,0,0,0,0,2021,0,0,0,0,0,0,0,2.9826985970139503,0,0,0,0,0,0,1,1,0,1,0
BEN,200254,200,254,1,4,1,1,1,1,1,0,0,1,0,1,1,1,2021,0,0,0,0,0,0,0,,0,0,0,0,0,1,0,0,0,0,0
BEN,200271,200,271,1,1,1,1,1,1,1,1,0,1,1,1,0,1,2021,1,0,0,0,0,0,0,,0,0,0,0,0,0,0,0,0,0,0
BEN,200273,200,273,1,4,1,1,1,1,1,0,1,0,0,1,0,0,2021,1,0,0,0,0,1,0,,0,0,0,0,0,0,0,0,0,0,0
BEN,200281,200,281,1,1,1,1,1,1,1,0,0,0,0,0,1,0,2021,0,0,0,0,0,0,0,,0,0,0,0,12,0,0,1,0,0,0
BEN,201009,201,9,2,1,1,1,1,1,1,1,1,0,1,1,1,1,2021,1,0,1,0,0,1,0,,0,0,0,0,0,0,0,0,0,0,0
BEN,201020,201,20,2,3,1,1,1,1,1,0,0,0,0,0,1,1,2021,0,0,0,0,0,0,0,,0,0,0,0,0,0,0,0,0,0,0
BEN,201042,201,42,2,4,1,1,1,1,1,1,1,0,1,0,1,1,2021,1,1,0,0,1,1,0,,0,0,0,0,0,1,0,1,0,0,0
BEN,201053,201,53,2,3,1,1,1,1,1,1,1,0,1,1,1,0,2021,1,0,0,0,0,1,0,,0,0,0,0,0,1,0,1,0,0,0
BEN,201064,201,64,2,3,1,1,1,1,1,1,1,0,1,1,1,0,2021,1,0,0,0,0,1,0,,0,0,0,0,0,1,0,1,0,0,0
BEN,201086,201,86,2,3,1,1,1,1,1,0,0,0,0,0,1,1,2021,0,0,0,0,0,0,0,,0,0,0,0,0,0,0,0,0,0,0
BEN,201096,201,96,2,4,1,1,1,1,1,1,1,0,1,0,1,1,2021,1,0,0,0,0,1,0,,0,0,0,0,0,0,0,1,0,0,0
BEN,201107,201,107,2,1,1,1,1,1,1,1,1,0,1,1,1,1,2021,1,0,1,0,0,1,0,,1,13,0,0,6,1,0,0,0,0,0
BEN,201129,201,129,2,1,1,1,1,1,1,1,1,0,1,0,1,1,2021,1,1,0,0,0,1,0,,0,0,0,0,0,0,0,1,1,0,0
BEN,201140,201,140,2,1,1,1,1,1,1,1,1,0,1,0,1,1,2021,1,1,0,0,0,0,0,,0,0,0,0,0,0,0,0,0,0,0
BEN,201151,201,151,2,3,1,1,1,1,1,1,1,0,1,1,1,0,2021,1,0,0,0,0,1,0,,0,0,0,0,0,0,0,1,0,0,0
BEN,201173,201,173,2,3,1,1,1,0,0,0,0,1,0,0,1,0,2021,0,0,0,0,0,0,0,,0,0,0,0,0,0,0,1,0,0,0
BEN,202037,202,37,1,1,1,1,1,1,1,0,0,1,1,0,1,0,2021,0,0,0,0,0,0,0,,0,0,0,0,0,1,0,0,1,0,0
BEN,202041,202,41,1,2,1,1,1,1,1,1,1,0,1,0,1,0,2021,0,0,0,0,0,0,0,,0,0,0,0,0,0,0,1,0,0,0
BEN,202063,202,63,1,1,1,1,1,1,1,1,1,0,1,1,1,1,2021,0,0,0,0,0,0,1,,0,0,0,0,0,0,0,0,0,0,0
BEN,202108,202,108,1,3,1,1,1,1,0,1,1,0,1,0,1,0,2021,1,0,0,0,0,0,0,,0,0,0,0,0,0,0,1,0,0,0
BEN,202131,202,131,1,3,1,1,1,1,1,1,1,0,1,0,1,1,2021,1,0,0,0,0,0,0,,0,0,0,0,0,0,0,0,0,0,0
BEN,202154,202,154,1,1,1,1,1,1,1,1,1,0,1,0,1,0,2021,1,0,0,0,0,0,0,,0,0,0,0,0,0,0,1,0,0,0
BEN,202176,202,176,1,1,1,1,1,1,1,1,1,0,1,0,1,1,2021,1,0,0,0,0,1,0,,0,0,0,0,0,0,0,1,0,0,0
BEN,202222,202,222,1,3,1,1,1,0,0,1,1,0,1,0,0,0,2021,0,0,0,0,0,0,0,,0,0,0,0,0,1,0,1,0,0,0
BEN,202224,202,224,1,3,1,1,1,1,0,1,1,0,1,0,0,1,2021,0,0,0,0,0,0,0,,0,0,0,0,0,0,0,1,0,0,0
BEN,202244,202,244,1,3,1,1,1,0,0,0,0,0,1,0,0,0,2021,0,0,0,0,0,0,0,,0,0,0,0,0,0,0,1,0,0,0
BEN,202267,202,267,1,1,1,1,1,0,0,1,1,0,1,0,1,0,2021,0,0,0,0,0,0,0,,0,0,0,0,0,1,0,1,0,0,0
BEN,202750,202,750,1,1,1,1,1,1,1,0,0,0,1,0,1,0,2021,0,0,0,0,0,0,0,,0,0,0,0,0,0,0,0,0,0,0
BEN,203017,203,17,2,3,1,1,1,0,0,1,1,0,1,0,1,1,2021,1,0,0,0,0,1,0,,0,0,0,0,0,1,0,1,0,0,0
BEN,203050,203,50,2,3,1,1,1,1,1,1,1,0,1,1,0,0,2021,0,0,0,0,0,0,0,,0,0,0,0,0,0,0,1,0,0,0
BEN,203067,203,67,2,3,1,1,1,1,1,1,1,0,1,1,1,0,2021,1,0,0,0,0,1,0,,0,0,0,0,0,0,0,0,0,0,0
BEN,203117,203,117,2,4,1,1,1,1,1,1,1,0,1,1,1,1,2021,0,0,0,0,0,0,0,,0,0,0,0,0,1,0,1,1,0,0
BEN,203134,203,134,2,3,1,1,1,0,0,0,1,0,0,0,1,0,2021,0,0,0,0,0,0,0,,0,0,0,0,0,0,0,0,0,0,0
BEN,203151,203,151,2,3,1,1,1,1,1,1,1,0,1,1,0,1,2021,1,1,0,1,0,1,0,,0,0,0,0,0,0,0,1,0,0,0
BEN,203154,203,154,2,3,1,1,1,1,1,1,1,0,1,1,1,0,2021,1,0,0,0,0,1,0,,0,0,0,0,0,1,0,0,0,0,0
BEN,203184,203,184,2,3,1,1,1,0,0,0,0,1,0,0,1,1,2021,0,0,0,0,1,0,0,,0,0,0,0,0,1,0,1,0,0,0
BEN,203201,203,201,2,1,1,1,1,0,0,1,1,0,1,0,1,1,2021,1,1,0,0,0,1,0,,0,0,0,0,0,0,0,1,0,0,0
BEN,203218,203,218,2,3,1,1,1,1,1,1,1,0,0,1,1,0,2021,1,0,0,0,0,1,0,,0,0,0,0,0,0,0,0,0,0,0
BEN,203251,203,251,2,3,1,1,1,0,0,1,1,0,0,0,1,0,2021,1,0,0,0,1,0,0,,0,0,0,0,0,0,0,0,0,0,0
BEN,203268,203,268,2,1,1,1,1,1,1,1,1,0,1,0,1,1,2021,1,1,1,0,0,1,1,,0,0,0,0,0,0,0,1,1,0,0
BEN,204036,204,36,1,3,1,1,1,1,1,0,1,0,0,0,1,1,2021,1,0,0,0,0,0,0,,0,0,0,0,0,1,0,0,0,0,0
BEN,204071,204,71,1,3,1,1,1,1,1,1,1,0,1,1,0,0,2021,0,1,0,0,1,0,0,,0,0,0,0,0,0,0,0,0,0,0
BEN,204089,204,89,1,3,1,1,1,0,1,1,1,0,1,0,1,0,2021,0,0,0,0,0,0,0,,0,0,0,0,0,1,0,0,0,0,0
BEN,204107,204,107,1,3,1,1,1,1,1,1,1,0,1,0,1,0,2021,0,0,0,0,0,0,0,,0,0,0,0,0,0,0,0,0,0,0
BEN,204125,204,125,1,3,1,1,1,0,0,1,1,0,0,0,1,1,2021,0,0,0,0,0,0,0,,0,0,0,0,0,0,0,0,0,0,0
BEN,204161,204,161,1,2,1,1,1,1,1,1,1,0,1,1,0,1,2021,1,0,0,0,0,0,0,4.989745140075684,0,0,0,0,0,0,0,0,0,0,0
BEN,204233,204,233,1,3,1,1,1,0,0,1,1,0,1,0,0,0,2021,1,0,0,0,0,0,0,,0,0,0,0,0,0,0,0,0,0,0
BEN,204251,204,251,1,1,1,1,1,1,1,1,1,0,0,1,1,1,2021,1,1,1,0,1,1,1,,0,0,0,0,0,0,0,0,0,0,0
BEN,204269,204,269,1,3,1,1,1,0,0,1,1,0,1,0,1,0,2021,1,0,0,0,0,1,0,,0,0,0,0,0,0,0,0,0,0,0
BEN,204287,204,287,1,4,1,1,1,1,1,1,1,0,1,0,1,0,2021,0,0,0,0,0,0,0,,0,0,0,0,0,1,0,0,0,0,0
BEN,204751,204,751,1,3,1,1,1,1,1,1,1,0,1,0,0,1,2021,0,0,0,0,0,0,0,,0,0,0,0,0,0,0,1,0,0,0
BEN,205010,205,10,2,4,1,1,1,0,0,0,0,0,0,1,0,0,2021,0,0,0,0,0,0,0,,0,8,0,0,5,1,0,0,0,0,0
BEN,205022,205,22,2,2,1,1,0,0,0,0,0,0,0,0,0,0,2021,0,0,0,0,0,0,0,,0,0,0,0,0,0,0,0,0,0,0
BEN,205047,205,47,2,1,1,1,1,0,0,1,1,0,0,0,1,1,2021,1,0,0,0,0,1,0,,0,0,0,11,9,1,0,1,0,0,0
BEN,205059,205,59,2,3,1,1,1,0,0,0,0,1,0,0,0,0,2021,0,0,0,0,0,0,0,,0,0,0,0,0,1,0,1,0,0,0
BEN,205071,205,71,2,3,1,1,1,0,0,0,0,1,0,0,0,0,2021,0,0,0,0,0,0,0,,0,0,0,0,6,1,0,0,1,0,0
BEN,205095,205,95,2,3,1,1,0,0,0,0,0,0,0,0,0,0,2021,1,1,0,0,0,0,0,,0,0,0,0,0,1,0,0,0,0,0
BEN,205107,205,107,2,3,1,1,1,0,0,0,0,0,0,0,0,0,2021,0,0,0,0,0,0,0,,0,0,0,0,0,0,0,1,0,0,0
BEN,205119,205,119,2,2,1,1,0,0,0,0,0,1,0,0,0,0,2021,0,0,0,0,0,0,0,,0,0,0,0,0,1,0,0,0,0,0
BEN,205144,205,144,2,1,1,1,1,0,0,1,1,0,0,0,1,1,2021,1,0,0,0,0,0,0,,0,0,0,0,0,0,0,1,0,0,0
BEN,205156,205,156,2,4,1,1,1,0,0,0,0,1,0,0,0,0,2021,1,0,0,0,0,1,0,3.568260431289673,0,0,0,0,4,1,0,0,0,0,0
BEN,205168,205,168,2,2,1,1,1,0,0,0,0,1,0,0,0,0,2021,1,0,0,0,0,1,0,0.8999999761581421,0,4,0,0,8,1,0,0,0,0,0
BEN,205192,205,192,2,4,1,1,0,0,0,0,0,0,0,0,0,0,2021,0,0,0,0,0,0,0,,0,12,0,0,6,0,0,0,0,0,0
BEN,206026,206,26,1,3,1,1,1,0,1,1,1,0,0,0,1,0,2021,0,0,0,0,0,0,0,,0,0,0,0,0,0,0,0,0,0,0
BEN,206057,206,57,1,1,1,1,1,0,0,1,1,0,1,0,0,0,2021,1,0,0,0,0,0,0,,0,0,0,0,0,0,0,0,0,0,0
BEN,206088,206,88,1,1,1,1,1,1,1,1,1,0,0,0,1,0,2021,1,0,0,0,0,0,0,,0,0,0,0,0,0,0,0,0,0,0
BEN,206119,206,119,1,3,1,1,1,1,1,1,1,0,0,0,1,0,2021,0,0,0,0,0,0,0,,0,0,0,0,0,0,0,0,0,0,0
BEN,206181,206,181,1,2,1,1,1,0,0,1,1,0,1,0,0,0,2021,0,0,0,0,0,0,0,,0,0,0,0,0,0,0,0,0,0,0
BEN,206213,206,213,1,2,1,1,1,0,0,1,1,0,1,0,0,0,2021,0,0,0,0,0,0,0,,0,0,0,0,0,0,0,0,0,0,0
BEN,206244,206,244,1,3,1,1,1,0,0,1,1,0,1,0,0,0,2021,1,0,0,0,0,0,0,,0,0,0,0,0,0,0,0,0,0,0
BEN,206306,206,306,1,3,1,1,1,1,1,1,1,0,1,1,1,0,2021,1,0,0,0,0,0,0,,0,0,0,0,0,0,0,1,0,0,0
BEN,206462,206,462,1,3,1,1,1,1,1,1,1,0,1,1,1,1,2021,1,0,0,0,0,0,0,,0,0,0,0,0,0,0,0,0,0,0
BEN,206493,206,493,1,4,1,1,1,1,1,1,1,0,0,0,1,1,2021,1,0,1,0,0,0,0,,0,0,0,0,34,0,0,1,0,0,0
BEN,206752,206,752,1,2,1,1,1,1,1,1,1,0,1,0,0,0,2021,0,0,0,0,0,0,0,,0,0,0,0,0,0,0,0,0,0,0
BEN,206753,206,753,1,1,1,1,1,1,1,1,1,0,1,1,1,0,2021,1,0,0,0,1,0,0,,0,0,0,0,0,0,0,1,0,0,0
BEN,207067,207,67,2,3,1,1,1,1,1,1,1,0,1,0,1,1,2021,1,1,0,0,0,0,0,,0,0,0,0,0,0,0,1,0,0,0
BEN,207076,207,76,2,4,1,1,1,1,1,1,1,0,1,0,1,0,2021,1,0,0,0,0,1,0,,0,0,0,0,0,0,0,0,0,0,0
BEN,207103,207,103,2,1,1,1,1,1,1,1,1,0,1,1,1,1,2021,1,1,1,0,1,1,0,,0,0,0,0,0,1,0,1,1,0,0
BEN,207118,207,118,2,4,1,1,1,1,1,1,1,0,1,0,1,1,2021,1,0,0,0,0,1,0,,0,0,0,0,0,0,0,0,0,0,0
BEN,207125,207,125,2,3,1,1,1,1,1,1,1,0,1,0,1,1,2021,1,0,0,0,0,0,0,,0,0,0,0,0,1,0,1,0,0,0
BEN,207129,207,129,2,4,1,1,1,1,1,1,1,0,1,1,1,1,2021,0,0,0,0,0,0,0,,0,0,0,0,0,0,0,1,0,0,0
BEN,207182,207,182,2,3,1,1,1,1,1,1,1,0,1,0,1,1,2021,1,0,0,0,0,1,0,,0,0,0,0,0,0,0,0,0,0,0
BEN,207208,207,208,2,3,1,1,1,1,1,1,1,0,1,1,1,1,2021,1,1,1,1,1,1,0,,0,0,0,0,0,0,0,0,0,0,0
BEN,207234,207,234,2,2,1,1,1,1,1,1,1,0,1,1,1,1,2021,1,0,0,0,0,1,0,,0,0,0,0,0,1,0,1,0,0,0
BEN,207313,207,313,2,1,1,1,1,1,1,1,1,0,1,1,1,1,2021,1,0,1,0,0,1,1,,0,0,0,0,0,1,0,1,0,0,0
BEN,207339,207,339,2,3,1,1,1,1,1,1,1,0,1,1,1,1,2021,1,0,0,0,0,1,0,,0,0,0,0,0,1,0,1,0,0,0
BEN,207392,207,392,2,1,1,1,1,1,1,1,1,0,1,0,1,1,2021,1,1,1,0,0,1,0,,0,0,0,0,0,0,0,1,1,0,0
BEN,208010,208,10,1,2,1,1,1,1,1,1,1,0,1,1,1,0,2021,1,0,0,0,0,0,0,,0,0,0,0,0,0,0,0,0,0,0
BEN,208021,208,21,1,2,1,1,1,1,1,1,1,0,1,0,0,0,2021,0,0,0,0,0,0,0,,0,0,0,0,0,1,0,0,0,0,0
BEN,208032,208,32,1,3,1,1,1,1,1,1,1,0,1,0,1,0,2021,0,0,0,0,0,0,0,,0,0,0,0,0,1,0,0,0,0,0
BEN,208043,208,43,1,1,1,1,1,0,0,1,1,0,1,1,1,1,2021,1,0,0,0,0,1,0,5.780636787414551,0,0,0,0,0,0,0,0,0,0,0
BEN,208054,208,54,1,2,1,1,1,1,1,1,1,0,1,0,1,1,2021,0,0,0,0,0,0,0,,0,0,0,0,0,0,0,0,0,0,0
BEN,208065,208,65,1,3,1,1,1,1,1,1,1,0,1,0,1,1,2021,0,0,0,0,0,0,0,,0,2,0,0,6,0,0,0,0,0,0
BEN,208087,208,87,1,2,1,1,1,1,0,1,1,0,1,0,0,0,2021,0,0,0,0,0,0,0,,0,6,0,0,0,0,0,1,0,0,0
BEN,208098,208,98,1,1,1,1,1,1,0,1,1,0,1,1,0,0,2021,1,0,0,0,0,0,0,,0,0,0,0,0,0,0,1,0,0,0
BEN,208109,208,109,1,1,1,1,1,0,0,1,1,0,1,0,1,0,2021,0,0,0,0,0,0,0,,0,0,0,0,0,0,0,0,0,0,0
BEN,208119,208,119,1,1,1,1,1,0,0,1,1,0,1,0,0,0,2021,0,0,0,0,0,0,0,,0,0,0,0,0,0,0,0,0,0,0
BEN,208130,208,130,1,1,1,1,1,0,0,1,1,0,1,1,1,1,2021,1,0,0,0,0,0,0,,0,0,0,0,0,1,0,0,0,0,0
BEN,208754,208,754,1,3,1,1,1,0,0,1,1,0,1,0,1,1,2021,0,0,0,0,0,0,0,,0,0,0,0,0,0,0,1,0,0,0
BEN,209024,209,24,2,3,1,1,1,1,1,1,1,0,1,1,1,1,2021,1,0,0,0,0,0,0,,0,0,0,0,0,1,0,1,1,0,1
BEN,209041,209,41,2,3,1,1,1,1,1,1,1,0,1,1,1,1,2021,1,1,0,0,0,1,0,,0,0,0,0,0,1,0,1,0,0,0
BEN,209076,209,76,2,4,1,1,1,1,1,1,1,0,1,1,1,1,2021,1,0,0,0,0,0,0,,0,0,0,0,0,1,0,1,1,0,0
BEN,209094,209,94,2,4,1,1,1,1,1,1,1,0,0,0,1,1,2021,0,0,0,0,0,0,0,,0,0,0,0,0,0,0,0,0,0,0
BEN,209112,209,112,2,1,1,1,1,1,1,1,1,0,0,0,1,1,2021,1,0,0,0,0,0,0,,0,0,0,0,0,0,0,0,0,0,0
BEN,209117,209,117,2,3,1,1,1,1,1,1,1,0,1,1,1,1,2021,0,0,0,0,0,0,0,,0,0,0,0,0,1,0,1,0,0,0
BEN,209122,209,122,2,1,1,1,1,0,0,0,0,1,0,0,1,1,2021,1,0,0,0,0,1,0,,0,0,0,0,0,1,0,1,0,0,0
BEN,209129,209,129,2,4,1,1,1,1,1,1,1,0,1,0,1,1,2021,1,0,0,0,0,0,0,,0,0,0,0,0,0,0,0,0,0,0
BEN,209164,209,164,2,1,1,1,1,1,1,1,1,0,1,0,1,1,2021,1,1,0,0,0,1,0,,0,0,0,0,0,0,0,1,0,0,0
BEN,209182,209,182,2,3,1,1,1,0,0,1,1,0,0,0,1,1,2021,1,0,0,0,0,1,0,,0,0,0,0,0,0,0,1,0,0,0
BEN,209235,209,235,2,1,1,1,1,1,1,1,1,0,1,1,1,1,2021,1,0,0,0,0,1,0,,0,0,0,0,0,1,0,1,0,0,0
BEN,209270,209,270,2,1,1,1,1,1,1,0,0,1,0,0,1,0,2021,1,1,0,0,0,1,0,,0,0,0,0,0,0,0,0,0,0,0
BEN,210008,210,8,1,2,1,1,1,1,1,1,1,0,1,0,1,0,2021,0,0,0,0,0,0,0,,0,0,0,0,0,1,0,0,1,0,0
BEN,210030,210,30,1,1,1,1,1,1,0,1,0,1,1,0,1,0,2021,1,0,0,0,0,1,0,,0,0,0,0,0,1,0,0,0,0,0
BEN,210053,210,53,1,2,1,1,1,1,1,1,1,0,1,0,1,0,2021,0,0,0,0,0,0,0,,0,0,0,0,0,0,0,0,1,0,0
BEN,210075,210,75,1,2,1,1,1,1,1,1,1,0,1,1,1,0,2021,1,0,0,0,0,0,0,,0,0,0,0,0,1,0,0,0,0,0
BEN,210097,210,97,1,2,1,1,1,1,1,0,0,1,1,0,1,1,2021,1,0,0,0,0,0,0,,0,0,0,0,0,0,0,1,0,0,0
BEN,210120,210,120,1,3,1,1,1,1,0,1,1,0,1,0,1,0,2021,0,0,0,0,0,0,0,,0,0,0,0,0,0,0,1,0,0,0
BEN,210142,210,142,1,2,1,1,1,1,1,1,1,0,1,0,0,0,2021,0,0,0,0,0,0,0,,0,0,0,0,0,0,0,1,0,0,0
BEN,210209,210,209,1,3,1,1,1,0,0,0,1,0,1,1,1,0,2021,0,0,0,0,0,0,0,,0,0,0,0,0,1,0,1,0,0,0
BEN,210232,210,232,1,1,1,1,1,0,0,1,1,0,1,0,1,1,2021,0,0,0,0,0,0,0,,0,0,0,0,0,0,0,0,0,0,0
BEN,210254,210,254,1,3,1,1,1,1,0,1,1,0,1,0,1,0,2021,0,0,0,0,0,0,0,,0,0,0,0,0,1,0,1,0,0,0
BEN,210910,210,910,1,1,1,1,1,1,1,1,1,0,1,0,1,1,2021,0,0,0,0,0,0,0,,0,0,0,0,0,0,0,1,0,0,0
BEN,211006,211,6,2,4,1,1,1,1,1,1,1,0,1,1,1,1,2021,1,1,0,0,0,1,0,,0,0,0,0,0,0,0,0,0,0,0
BEN,211010,211,10,2,1,1,1,1,1,1,1,1,0,1,1,1,1,2021,1,0,0,0,0,1,0,,0,0,0,0,0,1,0,1,0,0,0
BEN,211025,211,25,2,3,1,1,1,1,1,1,1,0,1,1,1,1,2021,1,0,0,0,0,1,0,,0,0,0,0,0,1,0,1,0,0,0
BEN,211041,211,41,2,1,1,1,1,1,1,1,1,0,1,1,1,1,2021,1,1,0,0,1,1,0,,0,0,0,0,0,0,0,1,0,0,0
BEN,211055,211,55,2,3,1,1,1,1,1,1,1,0,1,0,1,1,2021,1,0,0,0,0,0,0,,0,0,0,0,0,0,0,1,0,0,0
BEN,211070,211,70,2,3,1,1,1,1,1,1,1,0,1,1,1,1,2021,1,0,0,0,0,1,0,,0,0,0,0,0,1,0,1,1,0,0
BEN,211085,211,85,2,1,1,1,1,1,1,1,1,0,1,1,1,1,2021,0,0,0,0,0,0,0,,0,0,0,0,0,1,0,1,0,0,0
BEN,211114,211,114,2,3,1,1,1,1,1,1,1,0,1,1,1,1,2021,1,0,0,0,0,1,0,,0,0,0,0,0,0,0,0,0,0,0
BEN,211129,211,129,2,3,1,1,1,1,1,1,1,0,1,0,1,1,2021,1,0,1,0,0,1,0,,0,0,0,0,0,0,0,1,0,0,0
BEN,211174,211,174,2,3,1,1,1,1,1,1,1,0,1,1,1,1,2021,1,1,0,0,0,1,0,,0,0,0,0,0,0,0,0,0,0,0
BEN,211189,211,189,2,1,1,1,1,1,1,1,1,0,1,0,1,1,2021,1,0,0,0,0,1,0,,0,0,0,0,0,1,0,1,0,0,0
BEN,211233,211,233,2,3,1,1,1,1,1,1,1,0,1,1,1,0,2021,1,1,0,0,0,1,0,,0,0,0,0,0,0,0,0,0,0,0
BEN,212005,212,5,1,1,1,1,1,1,1,0,0,1,0,0,1,0,2021,1,0,0,0,0,1,1,,0,0,0,0,0,0,0,0,0,0,0
BEN,212013,212,13,1,1,1,1,1,1,1,1,1,0,1,0,1,0,2021,1,0,0,0,0,1,0,,0,0,0,0,0,0,0,0,0,0,0
BEN,212020,212,20,1,3,1,1,1,1,1,1,1,0,1,0,1,0,2021,1,0,0,0,0,1,0,,0,0,0,0,0,0,0,0,0,0,0
BEN,212035,212,35,1,1,1,1,1,1,1,1,1,0,1,1,1,1,2021,0,1,0,1,0,0,0,1.6060142517089844,0,20,0,0,0,0,0,0,0,0,0
BEN,212043,212,43,1,3,1,1,1,1,1,1,1,0,1,1,1,1,2021,1,0,0,0,0,0,0,,0,0,0,0,0,0,0,0,0,0,0
BEN,212050,212,50,1,3,1,1,1,1,1,1,1,0,1,1,1,0,2021,0,0,0,0,0,0,0,,0,0,0,0,0,0,0,1,0,0,0
BEN,212057,212,57,1,3,1,1,1,1,1,1,1,0,1,1,1,1,2021,1,0,0,0,0,0,0,,0,0,0,0,0,0,0,0,0,0,0
BEN,212072,212,72,1,1,1,1,1,0,0,1,1,0,1,0,1,0,2021,0,0,0,0,0,0,0,,0,0,0,0,0,0,0,1,0,0,0
BEN,212080,212,80,1,1,1,1,1,0,0,1,0,1,0,0,1,1,2021,0,0,0,0,0,0,0,,0,10,0,0,20,0,0,0,0,0,0
BEN,212087,212,87,1,1,1,1,1,0,0,1,0,1,1,0,0,1,2021,0,0,0,0,0,0,0,,0,0,0,0,0,0,0,0,0,0,0
BEN,212102,212,102,1,3,1,1,1,1,1,1,1,0,1,0,1,0,2021,0,0,0,0,1,0,0,,0,0,0,0,0,0,0,0,0,0,0
BEN,212110,212,110,1,3,1,1,1,0,0,1,0,1,1,1,1,1,2021,0,0,0,0,0,0,0,,0,0,0,0,0,0,0,1,0,0,0
BEN,213016,213,16,2,4,1,1,1,1,1,1,1,0,1,1,1,1,2021,1,0,0,0,0,1,0,,0,0,0,0,0,1,0,1,0,0,1
BEN,213033,213,33,2,1,1,1,1,1,1,1,1,0,1,0,1,1,2021,1,0,0,0,0,1,0,,0,0,0,0,0,0,0,1,1,0,0
BEN,213045,213,45,2,4,1,1,1,1,1,1,1,0,1,0,1,1,2021,1,0,0,0,0,0,0,,0,11,0,0,20,0,0,0,0,0,0
BEN,213050,213,50,2,3,1,1,1,1,1,1,1,0,1,1,1,1,2021,1,0,1,1,0,1,0,,0,0,0,0,0,1,0,1,0,0,0
BEN,213067,213,67,2,4,1,1,1,1,1,1,1,0,1,1,1,1,2021,1,1,1,0,0,0,0,,0,0,0,0,0,1,0,0,0,0,0
BEN,213101,213,101,2,1,1,1,1,1,1,1,1,0,1,1,1,1,2021,1,1,1,1,1,1,1,,0,0,0,0,0,1,0,1,0,0,0
BEN,213118,213,118,2,4,1,1,0,1,1,1,1,0,1,0,1,1,2021,1,1,0,0,0,1,0,,0,0,0,0,0,1,0,0,0,0,0
BEN,213145,213,145,2,3,1,1,1,0,0,1,1,0,1,0,1,1,2021,0,0,0,0,0,0,0,,0,0,0,0,0,0,0,1,0,0,0
BEN,213152,213,152,2,1,1,1,1,1,1,1,1,0,1,0,1,1,2021,1,1,0,0,0,1,0,,0,0,0,0,0,0,0,1,0,0,0
BEN,213186,213,186,2,3,1,1,1,1,1,1,1,0,1,1,1,1,2021,1,1,0,0,1,1,0,,0,0,0,0,0,0,0,1,0,0,0
BEN,213203,213,203,2,1,1,1,1,1,1,1,1,0,1,0,1,1,2021,1,0,0,0,0,0,0,,0,0,0,0,0,0,0,0,0,0,0
BEN,213254,213,254,2,3,1,1,1,1,1,1,1,0,1,0,1,1,2021,1,0,0,0,0,1,0,,0,0,0,0,0,0,0,0,0,0,0
BEN,214008,214,8,1,4,1,1,0,0,0,0,0,0,0,0,0,0,2021,0,0,0,0,0,0,0,,150,0,0,0,0,0,0,0,0,0,0
BEN,214022,214,22,1,2,1,1,0,1,1,0,0,0,0,0,0,0,2021,0,0,0,0,0,0,0,6.547927141189575,51,4,0,0,30,0,1,0,0,0,0
BEN,214064,214,64,1,2,0,1,0,1,1,0,0,1,0,0,0,0,2021,0,0,0,0,0,0,0,1.9270131587982178,30,0,0,0,0,0,1,0,0,0,0
BEN,214092,214,92,1,1,1,1,1,0,0,1,1,0,0,0,1,0,2021,0,0,0,0,0,0,0,,10,0,0,0,0,1,0,1,0,0,0
BEN,214106,214,106,1,2,1,1,0,0,0,0,0,0,0,0,0,0,2021,0,0,0,0,0,0,0,3.267354130744934,0,0,0,0,0,1,1,0,0,0,0
BEN,214120,214,120,1,2,0,1,0,1,0,0,0,0,0,0,0,0,2021,0,0,0,0,0,0,0,0.5,0,0,0,0,0,1,0,0,0,0,0
BEN,214134,214,134,1,1,1,1,1,1,1,0,0,1,1,0,1,0,2021,1,0,0,0,0,1,0,,4,2,0,0,5,0,1,0,0,0,0
BEN,214148,214,148,1,1,1,1,1,0,0,0,0,0,0,0,0,0,2021,0,0,0,0,0,0,0,0.5,0,2,0,0,20,0,0,0,0,0,0
BEN,214163,214,163,1,1,1,1,1,0,0,0,0,0,0,0,0,0,2021,0,0,0,0,0,0,0,3.005504846572876,0,0,0,0,35,1,0,1,0,0,0
BEN,214205,214,205,1,1,1,1,1,0,0,1,1,0,0,0,0,0,2021,0,0,0,0,0,0,0,4.77658212184906,0,0,0,0,20,1,0,1,0,0,0
BEN,214755,214,755,1,1,0,1,0,1,0,0,0,0,0,0,0,0,2021,0,0,0,0,0,0,0,,15,0,0,0,0,0,0,1,1,0,0
BEN,214911,214,911,1,1,1,1,1,0,0,0,0,0,0,0,1,0,2021,0,0,0,0,0,0,0,3.521728515625,20,0,0,0,0,0,0,1,0,1,0
BEN,215002,215,2,2,1,1,1,1,1,1,1,1,0,1,1,1,1,2021,1,0,0,0,0,1,1,,0,0,0,0,0,1,0,1,0,0,0
BEN,215025,215,25,2,4,1,1,1,1,1,0,0,1,0,0,1,1,2021,0,0,0,0,0,0,0,,0,0,0,0,0,0,0,0,0,0,0
BEN,215037,215,37,2,3,1,1,1,1,1,1,1,0,1,1,1,1,2021,1,0,0,0,0,1,0,,0,0,0,0,0,1,0,1,0,0,0
BEN,215049,215,49,2,1,1,1,1,0,0,0,0,1,0,0,1,0,2021,0,0,0,0,0,0,0,,0,0,0,0,0,0,0,1,0,0,0
BEN,215072,215,72,2,1,1,1,1,1,1,1,1,0,1,0,1,1,2021,0,0,0,0,0,0,0,,0,0,0,0,0,1,0,1,0,0,0
BEN,215084,215,84,2,3,1,1,1,1,1,1,1,0,0,0,1,1,2021,1,0,0,0,0,0,0,,0,0,0,0,0,0,0,0,0,0,0
BEN,215096,215,96,2,4,1,1,1,0,0,1,1,0,0,0,1,1,2021,0,0,0,0,0,0,0,,0,0,0,0,0,0,0,0,0,0,0
BEN,215119,215,119,2,4,1,1,1,1,1,1,1,0,1,0,1,1,2021,1,1,1,0,0,1,0,,0,0,0,0,0,1,0,1,0,0,0
BEN,215143,215,143,2,3,1,1,1,1,1,1,1,0,1,1,1,1,2021,0,1,0,0,0,1,0,,0,0,0,0,0,0,0,0,0,0,0
BEN,215166,215,166,2,3,1,1,1,1,1,1,1,0,1,1,1,1,2021,1,0,0,0,1,1,0,,0,0,0,0,0,0,0,1,0,0,0
BEN,215178,215,178,2,1,1,1,1,1,1,1,1,0,1,1,1,1,2021,1,1,1,0,1,1,0,,0,0,0,0,0,0,0,1,0,0,0
BEN,215191,215,191,2,1,1,1,1,1,1,1,1,0,1,1,1,1,2021,1,1,1,1,1,1,1,,0,0,0,0,0,0,0,1,1,0,0
BEN,216001,216,1,1,1,1,1,0,1,1,0,0,0,0,0,0,0,2021,0,0,0,0,0,0,0,5.548999786376953,0,0,0,0,0,0,0,0,0,0,0
BEN,216009,216,9,1,2,1,1,0,1,1,0,0,1,0,0,0,0,2021,0,0,0,0,0,0,0,2.999999985098839,4,3,0,0,26,0,0,1,1,0,0
BEN,216016,216,16,1,2,1,1,1,1,1,0,0,0,0,0,0,0,2021,0,0,0,0,0,0,0,,0,12,0,0,5,0,0,0,0,0,0
BEN,216024,216,24,1,2,1,1,0,0,0,0,0,1,0,0,0,0,2021,0,0,0,0,0,0,0,2.740000009536743,3,18,0,0,43,1,0,1,0,0,0
BEN,216031,216,31,1,4,1,1,0,1,1,0,0,0,0,0,0,0,2021,0,0,0,0,0,0,0,4.389999866485596,0,0,0,0,0,0,0,0,0,0,0
BEN,216039,216,39,1,2,1,1,0,0,0,0,0,1,0,0,0,0,2021,0,0,0,0,0,0,0,0.7962999939918518,5,12,0,0,53,1,0,1,1,1,0
BEN,216046,216,46,1,2,0,1,0,1,1,0,0,1,0,0,0,0,2021,0,0,0,0,0,0,0,1.4166000485420227,10,4,0,0,100,1,0,0,0,0,0
BEN,216054,216,54,1,2,1,1,0,1,1,0,0,1,0,0,0,0,2021,0,0,0,0,0,0,0,12.260000228881836,28,25,0,0,35,1,0,1,0,0,0
BEN,216061,216,61,1,4,1,1,1,1,1,0,0,1,1,0,0,0,2021,0,0,0,0,0,0,0,4.540999889373779,0,0,0,0,0,0,0,0,0,0,0
BEN,216069,216,69,1,2,0,1,1,1,1,0,0,1,0,0,0,0,2021,0,0,0,0,0,0,0,,0,0,0,0,0,1,0,0,0,0,0
BEN,216076,216,76,1,2,0,1,0,1,1,0,0,1,0,0,0,0,2021,0,0,0,0,0,0,0,13.087700188159943,0,5,0,0,0,1,0,0,1,0,0
BEN,216084,216,84,1,2,0,1,1,1,1,0,0,1,0,0,0,0,2021,0,0,0,0,0,0,0,1.2223000526428223,11,6,0,0,0,0,0,1,0,0,0
BEN,217025,217,25,2,2,1,1,1,1,1,0,0,1,0,0,0,0,2021,0,0,0,0,0,0,0,5.5299999713897705,0,150,0,0,0,1,1,0,0,0,0
BEN,217033,217,33,2,2,1,1,0,1,0,0,0,1,0,0,0,0,2021,0,0,0,0,0,0,0,41.46364751458168,0,10,5,0,0,0,1,1,0,0,0
BEN,217036,217,36,2,2,1,1,1,1,1,0,0,1,0,0,0,0,2021,0,0,0,0,0,0,0,4.359999984502792,3,70,0,0,20,0,0,0,0,0,0
BEN,217040,217,40,2,2,1,1,0,1,0,0,0,1,1,0,0,0,2021,0,0,0,0,0,0,0,2.0337949991226196,4,15,0,0,3,0,1,0,0,1,0
BEN,217055,217,55,2,2,1,1,1,1,1,0,0,0,0,0,0,0,2021,0,0,0,0,0,0,0,6.537000060081482,9,2,0,0,0,0,1,0,0,0,0
BEN,217067,217,67,2,2,0,1,1,0,0,0,0,0,0,0,0,0,2021,0,0,0,0,0,0,0,2.0,0,0,0,0,0,0,0,0,0,0,0
BEN,217069,217,69,2,2,1,1,0,1,0,0,0,0,0,0,0,0,2021,0,0,0,0,0,0,0,0.8907079994678497,1,0,0,0,1,0,1,0,0,0,0
BEN,217077,217,77,2,2,0,1,1,0,0,0,0,1,0,0,0,0,2021,0,0,0,0,0,0,0,6.0,4,0,0,0,11,0,0,1,0,0,0
BEN,217084,217,84,2,2,0,1,1,1,1,0,0,1,0,0,0,0,2021,0,0,0,0,0,0,0,3.5,0,0,0,0,8,0,0,0,0,0,0
BEN,217099,217,99,2,2,1,1,0,1,1,0,0,0,0,0,0,0,2021,0,0,0,0,0,0,0,5.751662850379944,0,0,0,0,0,0,1,0,0,0,0
BEN,217107,217,107,2,2,1,1,1,1,1,0,0,0,0,0,0,0,2021,0,0,0,0,0,0,0,4.309999972581863,42,10,0,0,20,0,0,0,0,0,0
BEN,217114,217,114,2,2,1,1,1,1,1,0,0,1,0,0,0,0,2021,0,0,0,0,0,0,0,8.0,15,0,0,0,10,0,0,0,0,0,0
BEN,218004,218,4,1,4,0,0,0,0,0,0,0,0,0,0,0,0,2021,0,0,0,0,0,0,0,4.640000104904175,0,0,0,0,0,0,0,0,0,1,0
BEN,218013,218,13,1,4,1,0,0,1,1,0,0,0,0,0,0,0,2021,0,0,0,0,0,0,0,,3,10,0,0,0,0,0,0,0,0,0
BEN,218023,218,23,1,2,0,0,0,1,1,0,0,1,0,0,0,0,2021,0,0,0,0,0,0,0,0.609000027179718,20,39,0,0,130,0,1,0,1,0,0
BEN,218032,218,32,1,2,1,1,0,0,0,0,0,1,0,0,0,0,2021,0,0,0,0,0,0,0,4.163080036640167,20,30,0,0,52,0,1,1,0,0,0
BEN,218042,218,42,1,4,1,1,1,0,0,0,0,0,0,0,0,0,2021,0,0,0,0,0,0,0,1.6726371049880981,0,0,0,0,0,0,0,0,0,0,0
BEN,218051,218,51,1,2,0,1,0,0,0,0,0,1,0,0,0,0,2021,0,0,0,0,0,0,0,1.957899957895279,11,40,0,0,115,0,0,0,0,0,0
BEN,218060,218,60,1,2,0,1,0,0,0,0,0,1,0,0,0,0,2021,0,0,0,0,0,0,0,8.6258065700531,2,10,0,0,17,0,0,0,1,0,0
BEN,218070,218,70,1,2,0,1,0,1,1,0,0,1,0,0,0,0,2021,0,0,0,0,0,0,0,0.43220001459121704,8,9,0,0,0,1,0,0,1,0,0
BEN,218079,218,79,1,4,1,1,1,1,1,0,0,0,0,0,0,0,2021,0,0,0,0,0,0,0,,0,0,0,0,0,0,0,0,0,0,0
BEN,218088,218,88,1,2,1,1,0,1,1,0,0,1,0,0,0,0,2021,0,0,0,0,0,0,0,2.327899992465973,51,32,0,0,80,0,1,1,0,0,0
BEN,218098,218,98,1,2,1,1,0,0,0,0,0,1,0,0,0,0,2021,0,0,0,0,0,0,0,1.838599979877472,25,81,0,0,90,0,1,1,0,0,0
BEN,218107,218,107,1,2,1,1,0,0,0,0,0,1,0,0,0,0,2021,0,0,0,0,0,0,0,4.417499899864197,36,52,0,0,98,1,1,1,0,0,0
BEN,219007,219,7,2,1,1,1,1,0,0,0,1,0,0,0,0,0,2021,0,0,0,0,0,0,0,6.508663475513458,5,13,0,0,30,0,1,1,0,1,0
BEN,219015,219,15,2,1,1,1,1,1,1,1,1,0,0,0,0,0,2021,1,0,0,0,0,0,0,9.400000214576721,8,15,0,0,50,0,0,0,0,0,0
BEN,219031,219,31,2,1,1,1,1,0,0,0,1,0,0,0,0,0,2021,0,0,0,0,0,0,0,14.109999865293503,6,40,0,0,97,0,0,0,0,0,0
BEN,219039,219,39,2,2,1,1,1,1,1,0,1,0,0,0,0,0,2021,1,0,0,0,0,0,0,9.93999993801117,0,0,0,0,0,0,0,0,0,0,0
BEN,219047,219,47,2,1,1,1,1,0,0,1,1,0,0,0,0,0,2021,0,0,0,0,0,0,0,5.917263746261597,0,0,0,0,0,0,1,1,0,0,0
BEN,219063,219,63,2,2,1,1,1,0,0,0,1,0,0,0,0,0,2021,0,0,0,0,0,0,0,6.417999982833862,3,0,0,0,30,0,0,0,0,0,0
BEN,219071,219,71,2,3,1,1,1,0,0,0,0,1,0,0,0,0,2021,1,0,0,0,0,1,0,,0,0,0,0,0,1,0,0,0,0,0
BEN,219079,219,79,2,2,1,1,1,0,0,0,0,1,0,0,0,0,2021,0,0,0,0,0,0,0,5.0,0,0,0,0,0,0,0,0,0,0,0
BEN,219095,219,95,2,4,1,1,1,0,0,0,0,1,0,0,0,0,2021,0,0,0,0,0,0,0,2.5,0,0,0,0,0,0,0,0,0,0,0
BEN,219103,219,103,2,1,1,1,1,0,0,1,0,1,0,0,0,0,2021,0,0,0,0,0,0,0,3.906732678413391,6,10,0,0,42,0,1,1,0,0,0
BEN,219111,219,111,2,2,1,1,1,0,0,0,0,1,0,0,0,0,2021,0,0,0,0,0,0,0,4.5,0,0,0,0,0,0,0,0,0,0,0
BEN,219127,219,127,2,1,1,1,1,0,0,1,1,0,0,0,0,0,2021,0,0,0,0,0,0,0,7.0,5,3,0,0,12,0,1,0,0,0,0
BEN,220005,220,5,1,2,1,1,1,0,1,0,0,1,0,0,0,0,2021,0,0,0,0,0,1,0,6.4936898946762085,22,0,0,0,75,1,1,0,0,0,0
BEN,220011,220,11,1,2,1,1,1,1,1,0,0,1,0,0,1,0,2021,0,0,0,0,0,0,0,9.48719996213913,5,20,0,0,80,1,0,1,0,0,0
BEN,220017,220,17,1,2,1,1,1,1,1,0,0,1,0,0,0,0,2021,0,0,0,0,0,0,0,6.9109814167022705,5,18,0,0,30,0,0,1,0,1,0
BEN,220023,220,23,1,4,1,1,1,0,0,0,0,1,0,0,1,0,2021,0,0,0,0,0,0,0,7.381787896156311,25,26,0,0,12,1,0,1,0,0,0
BEN,220029,220,29,1,2,1,1,0,1,1,0,0,1,0,0,0,0,2021,0,0,0,0,0,0,0,0.843500018119812,3,0,0,0,8,1,1,1,0,1,0
BEN,220035,220,35,1,2,1,1,1,1,1,0,0,0,0,1,1,1,2021,0,0,0,0,0,0,0,3.930000066757202,0,0,0,0,0,1,0,0,0,0,0
BEN,220041,220,41,1,2,0,1,1,1,1,0,0,1,0,0,0,0,2021,0,0,0,0,0,0,0,10.084928154945374,22,0,0,0,0,1,0,0,0,0,0
BEN,220047,220,47,1,2,1,1,1,0,0,0,0,0,0,1,1,1,2021,0,0,0,0,0,0,0,8.42799997329712,0,0,0,0,0,1,0,0,0,0,0
BEN,220053,220,53,1,2,1,1,1,1,1,0,0,1,0,0,0,0,2021,0,0,0,0,0,1,1,5.271880745887756,0,0,0,0,0,1,1,0,0,0,0
BEN,220059,220,59,1,2,1,1,1,1,1,0,0,1,0,0,0,0,2021,0,0,0,0,0,0,0,9.358063340187073,4,30,0,0,70,1,1,0,0,0,0
BEN,220065,220,65,1,1,1,1,1,0,0,0,0,0,0,1,1,1,2021,0,0,0,0,0,0,0,4.989999771118164,0,0,0,0,0,0,0,0,0,0,0
BEN,220071,220,71,1,2,1,1,1,0,0,0,0,0,0,1,1,0,2021,0,0,0,0,0,0,0,13.539999961853027,0,0,0,0,0,0,0,0,0,0,0
BEN,221001,221,1,1,1,1,1,1,0,0,0,0,0,0,1,1,1,2021,0,0,0,0,0,0,0,8.440999746322632,0,0,0,0,0,0,0,0,0,0,0
BEN,221008,221,8,1,2,1,1,1,1,0,0,0,0,0,0,0,0,2021,0,0,0,0,0,0,0,,0,0,0,0,0,0,0,1,0,0,0
BEN,221015,221,15,1,1,1,1,1,1,1,0,0,1,0,0,0,0,2021,0,0,0,0,0,0,0,2.826300024986267,0,0,0,0,0,1,0,1,0,1,0
BEN,221022,221,22,1,4,1,1,1,0,0,0,1,0,0,0,0,0,2021,1,0,0,0,0,1,0,1.396399974822998,0,0,0,0,0,0,1,0,0,0,0
BEN,221029,221,29,1,2,1,1,1,0,0,0,0,0,0,1,1,0,2021,0,0,0,0,0,0,0,3.2393999099731445,0,0,0,0,0,0,0,0,0,0,0
BEN,221037,221,37,1,2,0,1,1,0,0,0,0,0,0,0,0,0,2021,0,0,0,0,0,0,0,5.475099861621857,0,0,0,0,0,1,0,0,0,0,0
BEN,221044,221,44,1,1,1,1,1,0,0,0,0,1,0,0,1,0,2021,0,0,0,0,0,0,0,4.676959961652756,2,10,0,0,80,0,0,1,0,1,0
BEN,221051,221,51,1,1,1,1,1,0,0,1,1,0,0,1,1,1,2021,0,0,0,0,0,0,0,8.030099868774414,0,2,0,0,10,0,0,0,0,0,0
BEN,221058,221,58,1,2,1,1,1,0,0,1,1,0,0,1,0,1,2021,0,0,0,0,0,0,0,7.852599859237671,0,5,0,0,0,0,0,0,0,0,0
BEN,221065,221,65,1,3,1,1,1,0,0,1,1,0,0,0,1,0,2021,1,0,0,0,0,1,0,,0,0,0,0,0,0,0,1,0,0,0
BEN,221073,221,73,1,1,1,1,1,0,0,1,1,0,0,0,1,0,2021,1,0,0,0,0,0,0,1.2678099870681763,0,0,0,0,0,0,0,1,0,0,0
BEN,221080,221,80,1,2,0,1,1,0,0,0,1,0,0,0,0,0,2021,0,0,0,0,0,0,0,4.877799957990646,6,15,0,0,10,0,1,1,0,0,0
BEN,222001,222,1,2,1,1,1,1,0,0,1,1,0,0,0,0,0,2021,0,0,0,0,0,0,0,4.048131048679352,2,5,0,0,0,1,1,1,0,0,0
BEN,222020,222,20,2,4,1,1,1,1,0,0,0,1,0,0,0,0,2021,0,0,0,0,0,0,0,2.0,0,0,0,0,0,0,0,0,0,0,0
BEN,222030,222,30,2,1,1,1,1,0,0,1,1,0,0,0,0,0,2021,0,0,0,0,0,0,0,1.4996769726276398,0,4,0,0,0,0,1,1,0,1,0
BEN,222039,222,39,2,1,1,1,1,0,0,1,1,0,0,0,0,0,2021,0,0,0,0,0,0,0,11.28000020980835,5,8,0,0,43,0,0,0,0,0,0
BEN,222059,222,59,2,1,1,1,1,0,0,0,0,1,0,0,0,0,2021,1,0,0,0,0,0,0,2.942787855863571,0,0,0,0,0,0,1,1,0,0,0
BEN,222068,222,68,2,2,1,1,1,1,1,0,0,1,0,0,0,0,2021,0,0,0,0,0,0,0,3.0,0,0,0,0,0,0,0,0,0,0,0
BEN,222078,222,78,2,2,1,1,1,0,0,0,1,0,0,0,1,0,2021,1,0,0,0,0,1,0,5.0,0,0,0,0,0,0,0,0,0,0,0
BEN,222098,222,98,2,2,1,1,1,0,0,0,1,0,0,0,0,0,2021,0,0,0,0,0,0,0,3.6100001633167267,0,0,0,0,5,0,0,1,0,0,0
BEN,222107,222,107,2,2,1,1,1,1,1,0,0,1,0,0,0,0,2021,1,0,0,0,0,0,0,3.0,0,0,0,0,0,0,0,0,0,0,0
BEN,222117,222,117,2,1,1,1,1,0,0,0,0,1,0,0,0,0,2021,0,0,0,0,0,0,0,5.299999833106995,0,4,0,0,6,0,0,0,0,0,0
BEN,222136,222,136,2,1,1,1,1,0,0,0,0,1,0,0,0,0,2021,0,0,0,0,0,0,0,1.6245559751987457,0,0,0,0,0,0,1,1,0,1,0
BEN,222146,222,146,2,2,1,1,1,0,0,0,0,1,0,0,0,0,2021,0,0,0,0,0,0,0,2.4299999475479126,0,2,0,0,0,0,0,0,0,0,0
BEN,223007,223,7,2,2,1,1,1,1,0,1,1,0,0,1,0,0,2021,1,0,1,0,0,1,0,1.600000023841858,0,6,0,0,8,1,1,1,1,1,0
BEN,223008,223,8,2,3,1,1,1,1,1,1,1,0,0,0,0,0,2021,1,1,0,0,0,1,0,,0,17,0,0,0,0,1,1,0,1,0
BEN,223028,223,28,2,2,1,1,1,0,0,1,1,0,0,0,0,0,2021,1,0,0,0,0,1,0,1.090000033378601,0,5,0,0,7,0,1,1,0,0,0
BEN,223036,223,36,2,2,1,1,1,1,1,0,0,1,0,0,0,0,2021,0,0,0,0,0,0,0,4.909000039100647,21,13,0,0,26,0,1,1,0,0,0
BEN,223043,223,43,2,2,1,1,1,1,1,0,0,1,0,0,0,0,2021,0,0,0,0,0,0,0,0.3611000031232834,15,9,0,0,0,0,1,1,0,0,0
BEN,223065,223,65,2,4,0,1,1,1,1,0,0,1,0,0,0,0,2021,0,0,0,0,0,0,0,,0,0,0,0,7,1,0,1,1,0,0
BEN,223072,223,72,2,1,1,1,1,1,1,1,1,0,0,0,0,0,2021,1,0,0,0,0,0,0,2.221999906003475,0,0,0,0,0,1,1,0,0,0,0
BEN,223081,223,81,2,2,1,1,1,0,0,0,0,0,0,0,0,0,2021,0,0,0,0,0,0,0,,0,0,0,0,0,0,0,0,0,0,0
BEN,223086,223,86,2,4,1,1,1,1,1,1,1,0,0,0,0,0,2021,0,0,0,0,0,0,0,1.969999998807907,0,0,0,0,0,0,0,0,0,0,0
BEN,223094,223,94,2,4,1,1,0,1,1,1,1,0,0,0,0,0,2021,0,0,0,0,0,0,0,,0,2,0,0,6,0,0,0,0,0,0
BEN,223101,223,101,2,4,1,1,1,1,0,1,1,0,0,1,0,0,2021,0,1,0,0,0,0,0,,0,5,0,0,0,1,0,1,0,0,0
BEN,223115,223,115,2,1,1,1,1,1,1,1,1,0,0,1,1,0,2021,1,1,1,0,0,1,1,,0,0,0,0,0,0,0,0,0,0,0
BEN,224008,224,8,1,2,1,1,1,0,0,0,0,0,0,0,0,0,2021,0,0,0,0,0,0,0,3.6588144302368164,0,0,0,0,0,0,0,0,0,0,0
BEN,224017,224,17,1,2,1,1,1,1,1,0,0,0,0,0,0,0,2021,0,0,0,0,0,0,0,3.636693239212036,0,0,30,0,0,1,0,0,0,0,0
BEN,224025,224,25,1,2,1,1,1,1,0,0,0,0,0,0,0,0,2021,0,0,0,0,0,0,0,2.2674229443073273,0,0,0,0,0,0,1,0,0,0,0
BEN,224034,224,34,1,2,1,1,1,0,0,0,0,0,0,0,0,0,2021,0,0,0,0,0,0,0,2.5769230723381042,50,30,0,0,0,0,0,0,0,0,0
BEN,224043,224,43,1,2,1,1,1,0,0,0,0,0,0,0,0,0,2021,0,0,0,0,0,0,0,1.5687919855117798,0,0,0,0,0,0,0,0,0,0,0
BEN,224051,224,51,1,2,1,1,1,1,0,0,0,0,1,0,0,0,2021,0,0,0,0,0,0,0,2.2376319468021393,0,0,0,0,0,1,0,0,0,1,0
BEN,224060,224,60,1,4,1,1,0,0,0,0,0,0,1,0,0,0,2021,0,0,0,0,0,0,0,0.32451000809669495,30,25,0,0,0,0,1,0,0,0,0
BEN,224069,224,69,1,2,1,1,0,0,0,0,0,0,1,0,0,0,2021,0,0,0,0,0,0,0,1.8526029586791992,38,25,0,0,0,0,0,0,0,0,0
BEN,224077,224,77,1,2,1,1,1,0,0,0,0,0,0,0,0,0,2021,0,0,0,0,0,0,0,2.098975956439972,100,0,0,0,0,0,1,0,0,0,0
BEN,224086,224,86,1,2,1,1,1,0,0,0,0,0,1,0,0,0,2021,0,0,0,0,0,0,0,3.9522969722747803,30,0,0,0,0,0,0,0,0,0,0
BEN,224095,224,95,1,2,1,1,1,1,0,0,0,1,0,0,0,0,2021,0,0,0,0,0,0,0,3.523708939552307,0,0,0,0,0,0,0,0,0,0,0
BEN,224103,224,103,1,2,1,1,1,0,0,0,0,1,0,0,1,0,2021,0,0,0,0,0,0,0,0.41609901189804077,0,0,0,0,0,0,0,0,0,0,0
BEN,225004,225,4,2,2,1,1,1,1,0,0,0,1,0,0,0,0,2021,0,0,0,0,0,0,0,4.210000038146973,21,7,0,0,6,0,1,0,0,0,0
BEN,225009,225,9,2,2,1,1,0,1,1,0,0,0,0,0,0,0,2021,0,0,0,0,0,0,0,2.820000022649765,0,6,8,0,3,1,0,0,0,0,0
BEN,225011,225,11,2,2,1,1,0,1,0,0,0,1,0,0,0,0,2021,0,0,0,0,0,0,0,7.283300012350082,0,0,0,0,6,1,0,1,0,1,0
BEN,225020,225,20,2,2,0,1,1,1,0,0,0,1,0,0,0,0,2021,0,0,0,0,0,0,0,4.0,0,6,17,0,0,0,1,0,0,0,0
BEN,225025,225,25,2,2,1,1,0,1,1,0,0,1,0,0,0,0,2021,0,0,0,0,0,0,0,5.770900070667267,0,5,7,0,13,0,1,1,0,1,0
BEN,225030,225,30,2,2,0,0,1,1,0,0,0,0,0,0,0,0,2021,0,0,0,0,0,0,0,2.2899999618530273,20,6,0,0,5,0,1,0,0,0,0
BEN,225041,225,41,2,2,0,1,1,1,0,0,0,1,0,0,0,0,2021,0,0,0,0,0,0,0,3.5299999713897705,0,5,18,0,6,1,1,0,0,1,0
BEN,225046,225,46,2,2,1,1,1,1,1,0,0,1,0,0,0,0,2021,0,0,0,0,0,0,0,3.1377000212669373,0,0,17,0,18,0,1,1,0,1,0
BEN,225051,225,51,2,2,1,1,0,1,1,0,0,1,0,0,0,0,2021,0,0,0,0,0,0,0,3.5699999928474426,0,21,7,0,32,1,1,1,0,1,0
BEN,225062,225,62,2,2,1,1,1,0,0,0,0,0,0,0,0,0,2021,0,0,0,0,0,0,0,2.040000021457672,0,6,10,0,3,0,0,0,0,0,0
BEN,225067,225,67,2,2,1,1,0,1,1,0,0,0,0,0,0,0,2021,0,0,0,0,0,0,0,1.4200000166893005,0,0,5,0,6,0,0,1,0,0,0
BEN,225072,225,72,2,4,1,1,0,0,0,0,0,0,0,0,0,0,2021,0,0,0,0,0,0,0,1.149999976158142,0,0,0,0,0,0,0,0,0,0,0
BEN,226008,226,8,1,1,1,0,0,1,1,0,0,0,0,0,0,0,2021,0,0,0,0,0,0,0,2.2110729813575745,0,0,0,0,0,0,0,0,0,0,0
BEN,226018,226,18,1,2,1,1,1,1,1,0,0,0,1,0,0,0,2021,0,0,0,0,0,0,0,0.7883000075817108,0,0,0,0,0,0,0,1,0,0,0
BEN,226028,226,28,1,1,1,1,0,0,0,0,0,0,1,0,0,0,2021,0,0,0,0,0,0,0,1.4314400553703308,38,0,0,0,0,0,0,0,0,0,0
BEN,226038,226,38,1,2,1,1,1,1,1,0,0,0,0,0,0,0,2021,0,0,0,0,0,0,0,3.5893399715423584,0,0,0,0,0,0,0,1,0,0,0
BEN,226048,226,48,1,2,1,0,0,1,1,0,0,1,0,0,0,0,2021,0,0,0,0,0,0,0,0.6563040018081665,0,0,0,0,0,0,0,0,0,0,0
BEN,226058,226,58,1,2,1,1,0,0,0,0,0,0,0,0,0,0,2021,0,0,0,0,0,0,0,1.899102964438498,0,0,0,0,27,0,0,1,0,0,0
BEN,226068,226,68,1,2,1,0,0,1,1,0,0,1,0,0,0,0,2021,0,0,0,0,0,0,0,2.5032599568367004,0,0,0,0,0,0,0,0,0,0,0
BEN,226078,226,78,1,1,1,1,0,1,1,0,0,1,0,0,0,0,2021,0,0,0,0,0,0,0,1.9714720249176025,0,0,0,0,0,0,0,0,0,0,0
BEN,226088,226,88,1,2,0,1,0,1,1,0,0,0,0,0,0,0,2021,0,0,0,0,0,0,0,0.29170000553131104,77,7,0,0,24,0,1,0,0,1,0
BEN,226098,226,98,1,2,1,0,0,1,1,0,0,0,0,0,0,0,2021,0,0,0,0,0,0,0,0.0,0,0,0,0,0,1,0,0,0,0,0
BEN,226108,226,108,1,2,1,1,0,1,0,0,0,0,1,0,0,0,2021,0,0,0,0,0,0,0,1.9076710045337677,0,0,0,0,0,0,0,0,0,0,0
BEN,226118,226,118,1,2,0,0,0,0,0,0,0,0,1,0,0,0,2021,0,0,0,0,0,0,0,,0,0,0,0,0,0,1,0,0,0,0
BEN,227003,227,3,2,3,1,1,0,0,0,0,0,0,1,0,0,0,2021,0,0,0,0,0,0,0,,0,0,0,0,0,0,0,0,0,0,0
BEN,227005,227,5,2,2,1,1,1,1,1,0,0,1,0,0,0,0,2021,0,0,0,0,0,0,0,,0,0,0,0,0,0,0,0,0,0,0
BEN,227008,227,8,2,2,1,1,0,1,1,0,0,1,0,0,0,0,2021,0,0,0,0,0,0,0,5.425000011920929,0,7,11,0,30,0,1,1,0,1,0
BEN,227013,227,13,2,2,1,1,0,1,1,0,0,1,0,0,0,0,2021,0,0,0,0,0,0,0,1.2699999809265137,0,0,0,0,0,0,0,0,0,0,0
BEN,227015,227,15,2,2,1,1,0,1,1,0,0,1,0,0,0,0,2021,0,0,0,0,0,0,0,3.4200000762939453,0,0,0,0,0,0,0,0,0,0,0
BEN,227021,227,21,2,2,1,1,0,0,0,0,0,1,0,0,0,0,2021,0,0,0,0,0,0,0,,0,0,0,0,0,1,0,1,0,0,0
BEN,227023,227,23,2,4,0,1,0,1,0,0,0,1,0,0,0,0,2021,0,0,0,0,0,0,0,5.420000076293945,0,5,0,0,4,1,0,0,0,0,0
BEN,227026,227,26,2,2,0,1,0,1,0,0,0,1,0,0,0,0,2021,0,0,0,0,0,0,0,2.569999933242798,0,3,0,0,6,1,0,0,0,0,0
BEN,227031,227,31,2,2,1,1,0,1,1,0,0,1,0,0,0,0,2021,0,0,0,0,0,0,0,4.1399999260902405,0,11,0,0,18,0,1,1,0,1,0
BEN,227033,227,33,2,2,1,1,1,1,0,0,0,1,0,0,0,0,2021,0,0,0,0,0,0,0,4.23799991607666,6,5,0,0,6,0,1,0,0,0,0
BEN,227036,227,36,2,2,1,1,0,0,0,0,0,1,0,0,0,0,2021,0,0,0,0,0,0,0,7.000000238418579,0,5,7,0,10,0,1,1,0,0,0
BEN,227041,227,41,2,2,1,1,1,0,0,0,0,1,0,0,0,0,2021,0,0,0,0,0,0,0,5.28000020980835,16,51,0,0,11,0,1,0,0,1,0
BEN,228003,228,3,1,2,1,1,1,1,1,1,1,0,0,0,0,0,2021,0,0,0,0,0,0,0,0.7072229757905006,0,0,0,0,0,1,1,1,1,0,0
BEN,228009,228,9,1,2,1,1,1,1,1,0,0,0,1,0,0,0,2021,0,0,0,0,0,0,0,1.9764389395713806,0,0,0,0,0,0,0,1,0,0,0
BEN,228011,228,11,1,3,1,1,1,1,1,1,1,0,0,0,0,0,2021,0,0,0,0,0,0,0,,0,0,0,0,0,0,0,1,1,0,0
BEN,228016,228,16,1,2,1,1,0,0,0,0,0,0,1,0,0,0,2021,0,0,0,0,0,0,0,,0,0,0,0,0,0,0,0,0,0,0
BEN,228018,228,18,1,2,1,1,1,1,0,1,0,1,1,0,0,0,2021,0,0,0,0,0,0,0,6.987758934497833,30,0,0,0,0,1,0,0,0,0,0
BEN,228023,228,23,1,2,1,1,1,1,1,1,1,0,1,0,0,0,2021,0,0,0,0,0,0,0,1.222458004951477,0,0,0,0,0,0,0,1,0,0,0
BEN,228028,228,28,1,2,1,1,1,1,1,1,1,0,0,0,0,0,2021,0,0,1,0,0,0,1,3.4937000274658203,0,11,0,0,35,1,1,1,0,0,0
BEN,228037,228,37,1,2,1,1,1,1,1,0,0,1,0,0,0,0,2021,0,0,0,0,0,0,0,0.6702020168304443,0,0,0,0,0,0,0,0,0,0,0
BEN,228049,228,49,1,2,1,1,1,1,1,0,0,1,0,0,0,0,2021,0,0,0,0,0,0,0,,0,0,0,0,0,0,0,0,0,0,0
BEN,228062,228,62,1,2,1,1,1,1,1,0,0,1,0,0,0,0,2021,0,0,0,0,0,0,0,0.5482029877603054,0,0,0,0,0,0,0,0,0,0,0
BEN,228077,228,77,1,2,1,1,1,1,1,0,0,1,0,0,0,0,2021,0,0,0,0,0,0,0,,0,0,0,0,0,0,0,0,0,0,0
BEN,228078,228,78,1,1,1,1,1,1,1,0,0,0,0,0,0,0,2021,0,0,0,0,0,0,0,0.01886099949479103,0,0,0,0,0,1,1,1,0,0,0
BEN,229009,229,9,1,2,1,1,1,0,0,0,0,0,0,0,0,0,2021,0,0,0,0,0,0,0,0.2835969924926758,0,0,0,0,0,0,0,0,0,0,0
BEN,229024,229,24,1,2,1,1,1,1,1,1,0,1,1,0,0,0,2021,1,0,0,0,0,0,0,2.0280330181121826,0,0,0,0,0,0,0,0,0,0,0
BEN,229039,229,39,1,2,1,1,1,1,1,1,0,1,1,0,0,0,2021,0,0,1,0,0,0,0,,0,0,0,0,0,1,0,0,0,0,0
BEN,229054,229,54,1,2,1,1,1,1,0,1,1,0,0,0,0,0,2021,0,0,0,0,0,0,0,,0,0,0,0,0,0,0,0,0,0,0
BEN,229069,229,69,1,1,1,1,1,0,0,0,0,1,1,0,0,0,2021,1,0,0,0,1,0,0,,0,0,0,0,0,0,0,0,0,0,0
BEN,229084,229,84,1,2,1,1,1,1,0,1,1,0,0,0,0,0,2021,0,0,0,0,0,0,0,0.7116810083389282,0,0,0,0,0,0,0,0,0,0,0
BEN,229099,229,99,1,2,1,1,1,1,0,1,1,0,0,0,1,0,2021,1,0,0,0,0,1,0,1.8718444108963013,0,0,0,0,0,0,0,0,0,0,0
BEN,229114,229,114,1,2,1,1,1,1,0,1,1,0,0,0,1,0,2021,0,0,0,0,0,0,0,,0,0,0,0,0,0,0,0,0,0,0
BEN,229129,229,129,1,2,1,1,1,1,1,0,0,0,1,0,0,0,2021,0,0,0,0,0,0,0,,0,0,0,0,0,0,0,0,0,0,0
BEN,229144,229,144,1,2,1,1,1,1,0,1,1,0,0,0,0,0,2021,0,0,0,0,0,0,0,,0,0,0,0,0,0,0,0,0,0,0
BEN,229159,229,159,1,2,1,1,1,1,0,1,1,0,0,0,0,0,2021,0,0,0,0,0,0,0,,0,0,0,0,0,0,0,0,0,0,0
BEN,229174,229,174,1,2,1,1,1,1,0,1,1,0,0,0,0,0,2021,0,0,0,0,0,0,0,,0,0,0,0,0,0,0,0,0,0,0
BEN,230006,230,6,2,2,0,0,0,0,0,0,0,0,0,0,0,0,2021,0,0,0,0,0,0,0,17.297317519783974,0,0,0,0,16,0,1,0,0,0,0
BEN,230013,230,13,2,2,0,1,0,0,0,0,0,0,0,0,0,0,2021,0,0,0,0,0,0,0,5.520498886704445,0,0,0,0,15,0,0,0,1,1,0
BEN,230027,230,27,2,4,0,1,0,0,0,0,0,0,0,0,0,0,2021,0,0,0,0,0,0,0,0.7330919876694679,0,8,0,0,17,0,1,0,0,1,0
BEN,230034,230,34,2,4,0,0,0,0,0,0,0,0,0,0,0,0,2021,0,0,0,0,0,0,0,1.6305089443922043,0,0,0,0,50,1,0,0,0,0,0
BEN,230041,230,41,2,4,0,1,0,0,0,0,0,0,0,0,0,0,2021,0,0,0,0,0,0,0,1.5418670177459717,0,0,0,0,35,0,1,0,0,0,0
BEN,230055,230,55,2,2,0,1,0,0,0,0,0,0,0,0,0,0,2021,0,0,0,0,0,0,0,0.9990900009870529,0,7,0,0,23,0,0,0,0,0,0
BEN,230061,230,61,2,2,0,1,0,0,0,0,0,0,0,0,0,0,2021,0,0,0,0,0,0,0,,0,8,0,0,37,1,0,0,0,0,0
BEN,230068,230,68,2,2,0,1,0,0,0,0,0,0,0,0,0,0,2021,0,0,0,0,0,0,0,1.5770250260829926,0,0,0,0,11,0,1,0,0,0,0
BEN,230082,230,82,2,4,0,1,0,0,0,0,0,0,0,0,0,0,2021,0,0,0,0,0,0,0,2.25409996509552,0,0,0,0,9,0,1,1,0,0,0
BEN,230089,230,89,2,4,0,1,0,0,0,0,0,0,0,0,0,0,2021,0,0,0,0,0,0,0,1.0791000127792358,0,27,0,0,8,0,1,0,0,0,0
BEN,230096,230,96,2,2,0,1,1,0,0,0,0,0,0,0,0,0,2021,0,0,0,0,0,0,0,,32,12,0,0,0,0,1,1,0,0,0
BEN,230110,230,110,2,4,0,1,1,0,0,0,0,0,0,0,0,0,2021,0,0,0,0,0,0,0,8.079799771308899,0,0,0,0,6,0,0,1,1,0,0
BEN,231003,231,3,2,2,1,1,0,1,1,0,0,1,0,0,0,0,2021,0,0,0,0,0,0,0,2.3199000358581543,25,32,0,0,42,0,1,1,0,0,0
BEN,231006,231,6,2,2,1,1,0,1,1,0,0,1,0,0,0,0,2021,0,0,0,0,0,0,0,2.38360009342432,56,41,0,0,51,0,1,1,0,0,0
BEN,231012,231,12,2,2,1,1,1,1,0,0,0,1,0,0,0,0,2021,0,0,0,0,0,0,0,0.75,38,39,0,0,41,0,1,1,0,0,0
BEN,231015,231,15,2,4,0,1,1,1,0,0,0,1,0,0,0,0,2021,0,0,0,0,0,0,0,1.1799999475479126,16,19,0,0,20,1,1,0,0,0,0
BEN,231018,231,18,2,2,1,1,1,1,1,0,0,0,0,0,0,0,2021,0,0,0,0,0,0,0,2.7200001180171967,10,15,0,0,0,1,0,0,0,0,0
BEN,231024,231,24,2,2,1,1,1,0,0,0,0,0,0,0,0,0,2021,0,0,0,0,0,0,0,0.7400000095367432,15,0,0,0,0,0,0,0,0,0,0
BEN,231027,231,27,2,2,1,1,1,1,1,0,0,0,0,0,0,0,2021,0,0,0,0,0,0,0,1.1800000071525574,20,15,0,0,0,0,0,0,0,0,0
BEN,231030,231,30,2,2,1,1,1,1,1,0,0,0,0,0,0,0,2021,0,0,0,0,0,0,0,0.9800000190734863,34,0,0,0,0,1,0,0,0,0,0
BEN,231036,231,36,2,2,1,1,0,1,1,0,0,1,0,0,0,0,2021,0,0,0,0,0,0,0,9.470999836921692,30,45,0,0,50,0,1,1,0,0,0
BEN,231039,231,39,2,2,1,1,0,1,1,0,0,1,0,0,0,0,2021,0,0,0,0,0,0,0,1.89000004529953,20,60,0,0,30,0,1,1,0,0,0
BEN,231042,231,42,2,2,0,1,1,1,0,0,0,1,0,0,0,0,2021,0,0,0,0,0,0,0,0.800000011920929,33,18,0,0,12,0,1,1,0,0,0
BEN,231048,231,48,2,4,0,1,0,1,0,0,0,1,0,0,0,0,2021,0,0,0,0,0,0,0,0.75,3,6,0,0,8,0,1,0,0,0,0
BEN,232015,232,15,1,1,1,1,1,1,1,1,1,0,1,0,0,0,2021,0,0,0,0,0,0,0,2.066586971282959,0,0,0,0,0,0,0,0,0,0,0
BEN,232033,232,33,1,1,1,1,1,1,1,1,1,0,0,0,0,0,2021,1,0,0,0,0,0,0,0.6085969805717468,0,0,0,0,0,0,0,0,0,0,0
BEN,232051,232,51,1,2,1,1,0,1,1,0,0,0,1,0,0,0,2021,0,0,0,0,0,0,1,3.0332270562648773,0,0,0,0,0,0,0,0,0,0,0
BEN,232069,232,69,1,1,1,1,1,0,1,0,0,0,1,0,0,0,2021,0,0,0,0,0,0,0,,0,0,0,0,0,0,0,1,0,0,0
BEN,232087,232,87,1,2,1,1,1,0,0,1,1,0,0,0,0,0,2021,1,0,0,0,0,1,0,4.1474151611328125,0,0,0,0,0,1,0,0,0,0,0
BEN,232106,232,106,1,2,1,1,1,0,0,0,0,0,0,0,0,0,2021,0,0,0,0,0,0,0,1.54271599650383,0,0,0,0,0,0,0,1,0,0,0
BEN,232124,232,124,1,2,1,1,1,1,1,0,0,0,1,0,0,0,2021,0,0,0,0,0,0,0,0.8743389844894409,0,0,0,0,0,0,0,0,0,0,0
BEN,232142,232,142,1,2,1,1,1,1,1,0,0,0,0,0,0,0,2021,0,0,0,0,0,0,0,3.89540696144104,0,8,0,0,45,1,1,1,1,1,0
BEN,232160,232,160,1,3,1,1,1,1,1,1,1,0,0,0,0,0,2021,1,0,0,0,0,0,0,,0,0,0,0,0,0,0,0,0,0,0
BEN,232178,232,178,1,3,1,1,1,0,0,0,0,1,1,0,0,0,2021,0,0,0,0,0,0,0,0.20457400381565094,0,0,0,0,0,0,0,0,0,0,0
BEN,232196,232,196,1,2,1,1,1,0,0,0,0,0,0,0,0,0,2021,0,0,0,0,0,0,0,,0,0,0,0,0,0,0,0,0,0,0
BEN,232250,232,250,1,2,1,1,1,0,1,1,1,0,0,0,0,0,2021,1,0,0,0,0,0,0,,0,0,0,0,0,0,0,0,0,0,0
BEN,233009,233,9,1,2,1,1,1,1,1,0,0,1,0,0,0,0,2021,0,0,0,0,0,0,0,3.3359780311584473,0,10,0,0,32,0,1,0,0,0,0
BEN,233012,233,12,1,2,1,1,1,0,1,0,0,0,1,0,0,0,2021,0,0,0,0,0,0,0,1.5207090228796005,0,8,0,0,25,0,1,0,0,0,0
BEN,233015,233,15,1,2,0,1,0,1,0,0,0,0,0,0,0,0,2021,0,0,0,0,0,0,0,0.40223298966884613,0,0,0,0,10,0,1,0,0,1,0
BEN,233016,233,16,1,4,0,1,0,1,0,0,0,0,0,0,0,0,2021,0,0,0,0,0,0,0,0.3681500107049942,0,0,0,0,5,0,1,0,0,1,0
BEN,233020,233,20,1,4,0,1,0,0,0,0,0,0,0,0,0,0,2021,0,0,0,0,0,0,0,0.14359700307250023,0,12,0,0,20,0,1,0,0,0,0
BEN,233022,233,22,1,4,0,1,1,1,0,0,0,0,1,0,0,0,2021,0,0,0,0,0,0,0,1.0994549691677094,0,3,0,0,2,1,0,0,0,0,0
BEN,233028,233,28,1,2,1,1,1,1,1,0,0,0,1,0,0,0,2021,0,0,0,0,0,0,0,11.281604424118996,0,4,0,0,12,1,0,0,0,0,0
BEN,233056,233,56,1,4,0,1,0,1,0,0,0,0,0,0,0,0,2021,0,0,0,0,0,0,0,2.1005810275673866,0,0,0,0,10,1,1,1,0,0,0
BEN,233057,233,57,1,4,0,1,1,1,0,0,0,0,0,1,1,1,2021,0,0,0,0,0,0,0,4.868232071399689,0,0,0,0,70,1,0,0,0,0,0
BEN,233088,233,88,1,3,1,1,1,1,1,0,0,0,0,0,0,0,2021,0,0,0,0,0,0,0,3.3986570239067078,0,0,0,0,0,1,0,0,0,0,0
BEN,233093,233,93,1,2,0,1,0,1,1,0,0,0,0,0,0,0,2021,0,0,0,0,0,0,0,,0,8,0,0,6,0,1,0,0,0,0
BEN,233756,233,756,1,2,1,1,1,1,1,0,0,1,0,0,0,0,2021,0,0,0,0,0,0,0,2.2405260503292084,0,9,0,0,6,0,1,0,0,0,0
BEN,234010,234,10,2,1,1,1,1,1,0,0,0,1,0,0,0,0,2021,1,0,0,0,0,0,0,1.8438919484615326,0,0,0,0,35,1,0,0,0,0,0
BEN,234022,234,22,2,4,1,1,1,1,0,0,0,0,0,1,0,0,2021,0,0,0,0,0,0,0,0.28777700662612915,0,0,0,0,14,1,0,0,0,0,0
BEN,234046,234,46,2,1,0,1,1,1,0,0,0,1,0,0,0,0,2021,1,0,0,0,0,0,0,4.11194184422493,0,0,0,0,35,1,1,0,0,0,0
BEN,234058,234,58,2,1,0,1,0,1,0,0,0,0,0,0,0,0,2021,0,0,0,0,0,0,0,0.8906960040330887,0,5,0,0,25,1,0,0,0,0,0
BEN,234070,234,70,2,2,1,1,1,1,1,1,1,0,0,0,0,0,2021,0,0,0,0,0,0,0,9.815149962902069,0,6,0,0,15,0,1,0,1,0,0
BEN,234094,234,94,2,2,0,1,1,1,1,0,0,1,0,0,0,0,2021,0,0,0,0,0,0,0,2.9741140007972717,0,6,0,0,29,0,1,0,0,0,0
BEN,234106,234,106,2,2,1,1,1,1,1,0,0,1,0,0,0,0,2021,0,0,0,0,0,0,0,4.72067403793335,0,7,0,0,35,0,1,0,0,0,0
BEN,234118,234,118,2,2,1,1,1,1,1,1,1,0,0,0,0,0,2021,0,0,0,0,0,0,0,3.4174989461898804,0,8,0,0,11,0,1,0,0,0,0
BEN,234142,234,142,2,2,0,1,1,1,1,0,0,1,0,0,0,0,2021,0,0,0,0,0,0,0,1.8757999390363693,0,3,0,0,6,1,0,1,0,1,0
BEN,234154,234,154,2,2,0,1,1,1,1,0,0,1,0,0,0,0,2021,0,0,0,0,0,0,0,0.20510000735521317,0,3,0,0,0,0,0,1,0,0,0
BEN,234166,234,166,2,2,0,1,1,1,1,0,0,1,0,0,0,0,2021,0,0,0,0,0,0,0,,0,6,0,0,0,0,0,0,1,0,0
BEN,234190,234,190,2,2,0,1,1,1,1,0,0,1,0,0,0,0,2021,0,0,0,0,0,0,0,0.6490200236439705,0,7,0,0,4,0,0,1,0,1,0
BEN,235016,235,16,2,4,0,1,1,0,1,0,0,0,0,0,0,0,2021,0,0,0,0,0,0,0,6.273253120481968,0,9,0,0,23,1,0,0,0,0,0
BEN,235041,235,41,2,3,1,1,1,1,0,1,1,0,0,0,0,0,2021,1,0,0,0,0,1,0,,0,5,0,0,8,1,0,0,0,0,0
BEN,235066,235,66,2,3,1,1,1,1,0,1,1,0,0,1,1,0,2021,1,0,0,0,0,1,0,1.2758250012993813,0,0,0,0,7,0,0,0,1,0,0
BEN,235117,235,117,2,4,0,1,1,1,0,1,1,0,0,0,0,0,2021,0,0,0,0,0,0,0,,0,3,0,0,5,1,0,0,0,0,0
BEN,235142,235,142,2,2,1,1,1,1,1,1,1,0,0,0,0,0,2021,0,0,0,0,0,0,0,,0,5,0,0,14,1,0,0,0,0,0
BEN,235167,235,167,2,4,1,1,1,1,1,1,1,0,0,0,0,0,2021,0,0,0,0,0,0,0,0.9417080320417881,0,0,0,0,27,1,1,0,0,0,0
BEN,235218,235,218,2,4,1,1,1,1,1,1,1,0,0,0,0,0,2021,0,0,0,0,0,0,0,,0,5,0,0,0,1,0,1,0,0,0
BEN,235243,235,243,2,2,1,1,1,1,1,1,1,0,0,0,0,0,2021,0,0,0,0,0,0,0,4.865719795227051,0,8,0,0,12,0,1,0,0,0,0
BEN,235268,235,268,2,2,0,1,1,1,1,0,0,0,0,0,0,0,2021,0,0,0,0,0,0,0,,0,0,0,0,4,1,0,0,1,0,0
BEN,235319,235,319,2,4,0,1,1,1,1,1,1,0,0,0,0,0,2021,0,0,0,0,0,0,0,,0,7,0,0,0,0,0,0,1,0,0
BEN,235344,235,344,2,3,1,1,1,1,1,1,1,0,0,0,0,0,2021,0,0,0,0,0,0,0,,0,0,0,0,0,0,0,0,1,0,0
BEN,235369,235,369,2,2,0,1,1,1,1,1,1,0,0,0,0,0,2021,0,0,0,0,0,0,0,,0,3,0,0,0,0,1,0,0,0,0
BEN,236005,236,5,1,2,0,1,1,0,1,0,0,0,0,0,0,0,2021,0,0,0,0,0,0,0,,0,5,0,0,0,1,1,0,0,0,0
BEN,236016,236,16,1,2,1,1,1,0,1,0,0,0,0,1,0,0,2021,0,0,0,0,0,0,0,3.2251419574022293,0,7,0,0,13,0,0,0,0,0,0
BEN,236028,236,28,1,3,0,1,1,0,1,0,0,0,0,0,0,0,2021,0,0,0,0,0,0,0,,0,0,0,0,15,0,1,0,0,0,0
BEN,236039,236,39,1,2,1,1,0,0,1,0,0,0,0,0,0,0,2021,0,0,0,0,0,0,0,1.6861709654331207,0,5,0,0,12,0,1,0,0,0,0
BEN,236050,236,50,1,2,0,1,0,1,0,0,0,0,0,0,0,0,2021,0,0,0,0,0,0,0,1.363096997141838,0,2,0,0,0,0,1,1,0,1,0
BEN,236062,236,62,1,3,0,1,1,1,0,0,0,0,0,0,0,0,2021,0,0,0,0,0,0,0,0.9571970105171204,0,0,0,0,2,1,1,1,0,1,0
BEN,236073,236,73,1,2,0,1,1,1,0,0,0,0,0,1,0,0,2021,0,0,0,0,0,0,0,1.240182988345623,0,0,0,0,0,0,1,1,0,0,0
BEN,236085,236,85,1,3,0,1,1,1,0,0,0,0,0,0,0,0,2021,0,0,0,0,0,0,0,0.11714199930429459,0,0,0,0,0,0,1,1,0,0,0
BEN,236096,236,96,1,4,1,1,1,1,1,0,0,0,0,0,0,0,2021,0,0,0,0,0,0,0,6.560000158846378,0,4,0,0,0,0,1,0,0,0,0
BEN,236107,236,107,1,4,1,1,1,1,1,0,0,0,0,0,0,0,2021,0,0,0,0,0,0,0,26.029703058302402,0,0,0,0,0,0,1,0,0,0,0
BEN,236119,236,119,1,2,1,1,1,1,1,0,0,0,0,0,0,0,2021,0,0,0,0,0,0,0,9.190858975052834,0,6,0,0,17,0,1,0,0,0,0
BEN,236130,236,130,1,4,1,1,1,1,1,0,0,0,0,0,0,0,2021,0,0,0,0,0,0,0,,0,8,0,0,0,0,0,1,0,0,0
BEN,237022,237,22,2,4,1,1,1,1,0,1,1,0,0,0,0,0,2021,0,0,0,0,0,0,0,,0,10,0,0,12,1,0,0,0,0,0
BEN,237038,237,38,2,4,1,1,1,1,0,1,1,0,0,0,0,0,2021,0,0,0,0,0,0,0,0.25547700375318527,0,11,0,0,6,1,0,0,0,0,0
BEN,237054,237,54,2,4,1,1,1,1,0,1,1,0,0,0,0,0,2021,0,0,0,0,0,0,0,,0,7,0,0,0,1,0,0,0,0,0
BEN,237086,237,86,2,3,0,1,1,1,0,1,1,0,0,0,0,0,2021,0,0,0,0,0,0,0,0.33152200281620026,0,0,0,0,12,1,0,0,0,0,0
BEN,237102,237,102,2,4,1,1,1,1,0,1,1,0,0,0,0,0,2021,0,0,0,0,0,0,0,,0,5,0,0,13,1,0,0,0,0,0
BEN,237118,237,118,2,3,1,1,1,1,1,0,1,0,0,0,0,0,2021,0,0,0,0,0,0,0,,0,0,0,0,5,0,0,0,1,0,0
BEN,237150,237,150,2,2,1,1,1,1,0,1,1,0,0,0,0,0,2021,0,0,0,0,0,0,0,1.3323800265789032,0,12,0,0,21,0,1,0,0,0,0
BEN,237166,237,166,2,3,1,1,1,1,1,0,1,0,0,0,0,0,2021,1,0,0,0,0,1,0,,0,0,0,0,15,0,0,0,1,0,0
BEN,237182,237,182,2,2,0,1,1,1,1,0,1,0,0,0,0,0,2021,0,0,0,0,0,0,0,1.9652999490499496,0,0,0,0,6,0,1,1,0,1,0
BEN,237214,237,214,2,2,0,1,1,1,1,0,1,0,0,0,0,0,2021,0,0,0,0,0,0,1,,0,4,0,0,0,0,0,1,1,0,0
BEN,237230,237,230,2,3,0,1,1,1,1,0,1,0,0,0,0,0,2021,0,0,0,0,0,0,0,4.0699999034404755,0,0,0,0,5,0,0,1,0,0,0
BEN,237246,237,246,2,3,1,1,1,1,1,0,1,0,0,0,0,0,2021,0,0,0,0,0,0,0,,0,0,0,0,0,0,0,0,0,0,0
BEN,238004,238,4,1,3,1,1,1,1,0,0,0,1,0,0,0,0,2021,0,0,0,0,0,0,0,4.779523015022278,0,0,0,0,0,1,0,0,0,0,0
BEN,238016,238,16,1,2,1,1,0,1,0,0,0,0,0,0,0,0,2021,0,0,0,0,0,0,0,0.6709079742431641,0,0,0,0,0,0,0,0,0,0,0
BEN,238027,238,27,1,2,1,1,1,1,0,0,0,0,0,0,0,0,2021,0,0,0,0,0,0,0,,0,0,0,0,0,0,0,0,0,0,0
BEN,238039,238,39,1,4,1,1,1,1,0,0,0,1,0,0,0,0,2021,0,0,0,0,0,0,0,1.0291229784488678,0,0,0,0,0,0,0,0,0,0,0
BEN,238050,238,50,1,3,1,1,0,1,1,0,0,0,1,0,0,0,2021,0,0,0,0,0,0,0,0.2006080001592636,0,0,0,0,150,1,0,0,0,0,0
BEN,238062,238,62,1,1,1,1,1,1,1,0,0,0,1,0,0,0,2021,0,0,0,0,0,0,0,0.2295140027999878,0,0,0,0,0,1,0,0,0,0,0
BEN,238073,238,73,1,1,1,1,1,1,1,0,0,0,1,1,0,1,2021,0,0,0,0,0,0,0,1.205847017467022,0,0,0,0,0,0,0,0,0,0,0
BEN,238085,238,85,1,4,1,1,1,1,1,0,0,0,1,1,1,0,2021,0,0,0,0,0,0,0,,0,0,0,0,0,0,0,1,0,0,0
BEN,238096,238,96,1,2,1,1,1,1,0,0,0,0,1,0,1,0,2021,0,0,0,0,0,0,0,1.4718349650502205,0,0,0,0,0,0,1,0,0,0,0
BEN,238108,238,108,1,4,1,1,1,1,0,0,0,1,1,1,1,1,2021,0,0,0,0,0,0,0,0.8888970222324133,0,6,0,0,60,0,1,1,0,0,0
BEN,238119,238,119,1,4,1,1,1,1,1,0,0,1,1,1,1,0,2021,0,0,0,0,0,0,0,0.7863499820232391,0,4,0,0,0,1,0,0,0,0,0
BEN,238131,238,131,1,2,1,1,1,1,0,0,0,1,1,0,0,0,2021,0,0,0,0,0,0,0,2.66154408454895,0,0,0,0,0,0,0,1,0,0,0
BEN,239001,239,1,2,1,1,1,1,1,0,1,1,0,0,0,0,0,2021,0,0,0,0,0,0,0,3.7411860674619675,0,7,0,0,13,0,1,0,0,0,0
BEN,239017,239,17,2,1,1,1,1,1,0,1,1,0,0,1,1,0,2021,1,1,0,1,0,1,1,,0,9,0,0,10,0,0,0,1,0,0
BEN,239024,239,24,2,1,1,1,1,1,0,1,1,0,0,0,0,0,2021,0,0,0,0,0,0,0,7.781636834144592,0,10,0,0,29,1,0,0,0,0,0
BEN,239032,239,32,2,4,0,1,1,1,1,0,0,0,0,0,0,0,2021,0,0,0,0,0,0,0,1.1161029934883118,0,0,0,0,13,1,0,0,0,0,0
BEN,239047,239,47,2,4,1,1,1,1,1,1,1,0,0,0,0,0,2021,0,0,0,0,0,0,0,,0,5,0,0,23,1,0,0,0,0,0
BEN,239055,239,55,2,4,1,1,1,1,1,1,1,0,0,0,0,0,2021,0,0,0,0,0,0,0,0.2621309980750084,0,8,0,0,15,1,0,0,0,0,0
BEN,239063,239,63,2,4,1,1,1,1,1,1,1,0,1,0,0,0,2021,0,0,0,0,0,0,0,0.68641197681427,0,8,0,0,0,0,1,0,0,0,0
BEN,239078,239,78,2,4,1,1,1,1,1,1,1,0,0,0,0,0,2021,0,0,0,0,0,0,0,,0,5,0,0,16,0,0,0,0,0,0
BEN,239086,239,86,2,3,1,1,1,1,1,1,1,0,0,0,0,0,2021,0,0,0,0,0,0,0,,0,5,0,0,0,0,0,1,0,0,0
BEN,239094,239,94,2,2,1,1,1,1,1,0,1,0,0,0,0,0,2021,0,0,0,0,0,0,0,,0,3,0,0,0,1,0,0,1,0,0
BEN,239109,239,109,2,2,0,1,1,1,1,1,1,0,0,0,0,0,2021,0,0,0,0,0,0,0,1.226299948990345,0,0,0,0,3,0,1,1,0,0,0
BEN,239117,239,117,2,2,0,1,1,1,1,1,1,0,0,0,0,0,2021,0,0,0,0,0,0,0,,0,4,0,0,0,1,0,0,1,0,0
BEN,240002,240,2,1,2,0,1,1,1,1,0,0,0,0,0,0,0,2021,0,0,0,0,0,0,0,,0,0,0,0,0,0,0,1,0,0,0
BEN,240017,240,17,1,3,1,1,1,1,1,0,1,0,0,0,1,0,2021,0,0,0,0,0,0,0,,0,0,0,0,6,0,0,1,0,0,0
BEN,240033,240,33,1,3,1,1,1,1,1,0,1,0,0,0,1,0,2021,0,0,0,0,0,0,0,,0,0,0,0,0,0,0,0,1,0,0
BEN,240048,240,48,1,4,1,1,1,1,1,0,0,0,0,0,0,0,2021,0,0,0,0,0,0,0,,0,0,0,0,5,1,0,1,0,0,0
BEN,240063,240,63,1,4,1,1,1,1,1,0,0,0,0,0,0,0,2021,0,0,0,0,0,0,0,,0,9,0,0,0,1,0,0,1,0,0
BEN,240079,240,79,1,3,1,1,1,1,0,0,0,0,0,0,0,0,2021,0,0,0,0,0,0,0,,0,0,0,0,0,0,0,0,0,0,0
BEN,240094,240,94,1,3,1,1,1,1,1,0,1,0,0,0,0,0,2021,0,0,0,0,0,0,0,,0,0,0,0,0,0,0,0,0,0,0
BEN,240124,240,124,1,2,1,1,0,1,1,1,1,0,1,1,0,0,2021,1,0,0,0,0,0,0,,0,0,0,0,0,0,0,0,0,0,0
BEN,240140,240,140,1,2,1,1,0,1,1,1,1,0,0,0,0,0,2021,0,0,0,0,0,0,0,,0,0,0,0,10,0,0,0,0,0,0
BEN,240155,240,155,1,2,1,1,0,1,0,1,1,0,1,0,0,0,2021,0,0,0,0,0,0,0,,0,0,0,0,0,0,0,0,0,0,0
BEN,240170,240,170,1,2,1,1,0,1,1,0,1,0,1,0,0,0,2021,0,0,0,0,0,0,0,,0,0,0,0,0,0,0,0,0,0,0
BEN,240912,240,912,1,3,1,1,1,1,1,0,1,0,0,0,0,0,2021,0,0,0,0,0,0,0,,0,0,0,0,0,1,0,0,0,0,0
BEN,241014,241,14,2,2,1,1,1,1,0,0,1,0,0,0,1,0,2021,0,0,0,0,0,0,0,,0,0,0,0,12,0,0,1,0,0,0
BEN,241079,241,79,2,1,1,1,1,0,0,1,1,0,0,0,1,0,2021,1,0,0,0,0,0,0,,0,0,0,0,8,0,0,1,0,0,0
BEN,241095,241,95,2,3,1,1,1,1,1,0,1,0,1,1,1,1,2021,0,0,0,0,0,0,0,,0,0,0,0,0,0,0,0,0,0,0
BEN,241124,241,124,2,4,0,1,1,1,0,0,0,0,0,0,0,0,2021,0,0,0,0,0,0,0,,0,0,0,0,0,1,0,1,1,0,0
BEN,241127,241,127,2,4,1,1,1,1,0,0,0,0,1,1,0,1,2021,0,0,0,0,0,0,0,,0,0,0,0,6,1,0,0,0,0,0
BEN,241130,241,130,2,4,1,1,1,1,1,0,0,0,0,0,0,0,2021,0,0,0,0,0,0,0,,0,0,0,0,3,1,0,1,0,0,0
BEN,241160,241,160,2,2,1,1,1,1,1,0,0,0,0,0,0,0,2021,1,1,0,0,0,1,0,,0,0,0,0,0,0,0,0,1,0,0
BEN,241184,241,184,2,4,1,1,1,1,1,1,1,0,1,0,0,0,2021,0,0,0,0,0,0,0,,0,0,0,0,0,0,0,0,0,0,0
BEN,241192,241,192,2,3,1,1,1,1,1,0,0,1,0,0,0,0,2021,1,0,0,0,0,1,0,,0,0,0,0,0,0,0,0,1,0,0
BEN,241208,241,208,2,2,1,1,1,1,1,0,0,1,0,0,0,0,2021,0,0,0,0,0,0,0,,0,2,0,0,10,0,0,0,1,0,0
BEN,241225,241,225,2,4,1,1,1,1,0,0,1,0,1,0,0,0,2021,0,0,0,0,0,0,0,,0,0,0,0,0,0,0,0,0,0,0
BEN,241257,241,257,2,4,1,1,1,0,0,0,1,0,0,0,1,0,2021,1,0,0,0,0,1,0,,0,0,0,0,0,0,0,1,0,0,0
BEN,242008,242,8,1,2,1,1,1,1,1,0,1,0,0,0,0,0,2021,0,0,0,0,0,0,0,0.42969998717308044,0,0,0,0,0,0,1,0,1,1,0
BEN,242023,242,23,1,4,1,1,1,1,1,0,1,0,0,0,0,0,2021,0,0,0,0,0,0,0,0.047120001167058945,0,0,0,0,3,0,0,0,1,0,0
BEN,242038,242,38,1,1,1,1,1,1,1,1,1,0,0,0,0,0,2021,0,0,0,0,0,0,0,,0,10,0,0,40,0,1,1,0,0,0
BEN,242053,242,53,1,4,1,1,1,1,1,1,1,0,0,0,0,0,2021,0,0,0,0,0,0,0,0.6050000041723251,0,0,0,0,0,0,0,1,1,0,0
BEN,242068,242,68,1,3,1,1,1,1,0,0,0,0,0,0,0,0,2021,0,0,0,0,0,0,0,,0,0,0,0,0,0,1,1,1,0,0
BEN,242083,242,83,1,2,1,1,1,1,1,1,1,0,0,0,0,0,2021,0,0,0,0,0,0,0,,0,0,0,0,0,1,0,0,0,0,0
BEN,242098,242,98,1,2,1,1,1,1,1,0,0,0,0,0,0,0,2021,0,0,0,0,0,0,0,1.3412799835205078,0,0,0,0,6,0,1,1,0,0,0
BEN,242113,242,113,1,4,1,1,1,1,0,0,0,0,0,0,0,0,2021,0,0,0,0,0,0,0,,0,0,0,0,11,0,1,1,0,0,0
BEN,242128,242,128,1,2,1,1,1,1,0,0,0,1,0,0,0,0,2021,0,0,0,0,0,0,0,0.8674569875001907,0,0,0,0,0,1,0,0,0,0,0
BEN,242143,242,143,1,2,1,1,1,1,1,1,1,0,1,0,0,0,2021,0,0,0,0,0,0,0,0.11293999664485455,0,0,0,0,0,1,0,0,0,0,0
BEN,242173,242,173,1,2,1,1,1,1,0,1,1,0,0,0,1,0,2021,0,0,0,0,0,0,0,,0,0,0,0,20,0,0,0,0,0,0
BEN,242913,242,913,1,3,1,1,0,1,1,0,0,0,0,0,0,0,2021,0,0,0,0,0,0,0,,0,0,0,0,0,0,0,0,0,0,0
BEN,243007,243,7,1,4,1,1,1,1,1,0,0,0,0,0,0,0,2021,0,0,0,0,0,0,0,10.862060248851776,0,0,0,0,0,0,0,1,0,0,0
BEN,243020,243,20,1,3,1,1,1,1,1,0,1,0,0,0,0,0,2021,0,0,1,0,0,0,0,,0,0,0,0,0,0,0,0,1,0,0
BEN,243033,243,33,1,4,1,1,0,1,1,0,0,0,0,0,0,0,2021,0,0,0,0,0,0,0,5.162690103054047,10,90,0,0,40,0,0,0,0,1,0
BEN,243047,243,47,1,4,1,1,1,1,1,1,1,0,0,1,0,1,2021,0,0,0,0,0,0,0,,0,0,0,0,2,0,0,1,0,0,0
BEN,243060,243,60,1,2,1,1,1,1,0,0,0,0,0,0,0,0,2021,0,0,0,0,0,0,0,2.482470005750656,0,0,0,0,0,0,1,0,0,1,0
BEN,243086,243,86,1,2,1,1,1,1,0,0,0,0,0,0,0,0,2021,0,0,0,0,0,0,0,3.6527500599622726,4,0,0,0,0,0,1,0,0,0,0
BEN,243100,243,100,1,4,1,1,1,1,0,0,0,0,0,0,0,0,2021,0,0,0,0,0,0,0,3.880529999732971,3,0,0,0,0,1,1,1,0,0,0
BEN,243113,243,113,1,2,1,0,0,1,1,0,0,0,0,0,0,0,2021,0,0,0,0,0,0,0,0.06796000152826309,0,0,0,0,0,0,0,1,0,0,0
BEN,243126,243,126,1,2,1,1,0,1,1,0,0,0,1,0,0,0,2021,0,0,0,0,0,0,0,0.06509999930858612,0,0,0,0,14,1,0,0,0,0,0
BEN,243140,243,140,1,2,1,1,0,1,1,0,0,0,0,0,0,0,2021,0,0,0,0,0,0,0,0.3475300073623657,0,0,0,0,0,0,0,0,0,0,0
BEN,243153,243,153,1,2,1,1,0,1,1,0,0,1,0,0,0,0,2021,0,0,0,0,0,0,0,3.2993100583553314,0,9,0,0,9,0,0,0,0,0,0
BEN,243757,243,757,1,3,1,1,1,1,0,0,1,0,0,0,0,0,2021,0,0,0,0,0,0,0,,0,0,0,0,0,0,1,0,1,1,0
BEN,244005,244,5,2,2,0,1,1,1,1,0,0,0,0,0,0,0,2021,0,0,0,0,0,0,0,,0,0,0,0,12,0,0,1,0,0,0
BEN,244014,244,14,2,2,1,1,1,1,1,0,0,0,0,0,0,0,2021,0,0,0,0,0,0,0,3.5170000195503235,0,0,0,0,8,0,0,1,0,0,0
BEN,244022,244,22,2,2,0,1,1,1,1,0,0,0,0,0,0,0,2021,0,0,0,0,0,0,0,4.774000108242035,0,4,0,0,0,0,0,1,0,0,0
BEN,244039,244,39,2,2,0,1,1,1,1,0,0,0,0,0,0,0,2021,0,0,0,0,0,0,0,,0,0,0,0,8,1,0,1,0,0,0
BEN,244048,244,48,2,2,1,1,1,1,1,0,0,1,1,0,0,0,2021,0,0,0,0,0,0,0,1.283820003271103,0,2,0,0,0,0,0,0,0,0,0
BEN,244056,244,56,2,2,0,1,1,1,1,0,0,0,1,1,1,0,2021,0,0,0,0,0,0,0,,0,1,0,0,0,1,0,0,0,0,0
BEN,244073,244,73,2,2,0,1,1,1,1,0,0,1,1,0,0,0,2021,0,0,0,0,0,0,0,2.0441799759864807,0,0,0,0,0,0,0,0,0,1,0
BEN,244082,244,82,2,2,1,1,0,1,1,0,0,1,1,0,0,0,2021,0,0,0,0,0,0,0,2.4097399711608887,0,5,0,0,12,0,0,0,0,0,0
BEN,244090,244,90,2,4,0,1,1,1,1,0,0,0,0,0,0,0,2021,0,0,0,0,0,0,0,2.140120029449463,0,0,0,0,0,0,1,1,0,0,0
BEN,244107,244,107,2,4,0,1,1,1,1,0,0,0,0,0,0,0,2021,0,0,0,0,0,0,0,2.750280022621155,0,0,0,0,0,1,1,1,0,0,0
BEN,244116,244,116,2,2,1,1,1,1,1,0,1,0,0,0,0,0,2021,0,0,0,0,0,0,0,2.719709947705269,0,0,0,0,0,0,1,1,0,0,0
BEN,244124,244,124,2,4,0,1,1,1,1,0,0,0,0,0,0,0,2021,0,0,0,0,0,0,0,4.7904698848724365,0,0,0,0,0,0,1,1,0,0,0
BEN,245018,245,18,2,2,0,1,0,1,1,0,0,0,0,0,0,0,2021,0,0,0,0,0,0,0,3.044999897480011,0,15,0,0,7,1,0,1,0,0,0
BEN,245032,245,32,2,2,0,1,1,1,1,0,0,0,0,0,0,0,2021,0,0,0,0,0,0,0,3.9980000853538513,0,8,0,0,12,0,0,1,0,0,0
BEN,245046,245,46,2,2,0,1,0,1,1,0,0,1,0,0,0,0,2021,0,0,0,0,0,0,0,,0,11,0,0,23,0,1,1,0,0,0
BEN,245050,245,50,2,2,1,1,0,0,0,0,0,1,0,0,0,0,2021,0,0,0,0,0,0,0,2.221310019493103,0,0,0,0,0,0,0,0,0,1,0
BEN,245074,245,74,2,2,0,1,1,0,0,0,0,1,0,0,0,0,2021,0,0,0,0,0,0,0,2.9459999203681946,0,14,0,0,17,0,0,1,0,0,0
BEN,245088,245,88,2,2,0,1,0,0,0,0,0,1,0,0,0,0,2021,0,0,0,0,0,0,0,2.3611199855804443,0,0,0,0,0,0,0,0,0,0,0
BEN,245131,245,131,2,2,0,0,0,0,0,0,0,1,0,0,0,0,2021,0,0,0,0,0,0,0,,40,13,0,0,17,0,0,0,1,1,0
BEN,245145,245,145,2,2,0,0,0,0,0,0,0,1,0,0,0,0,2021,0,0,0,0,0,0,0,,20,10,0,0,30,0,0,1,0,0,0
BEN,245159,245,159,2,4,0,1,1,1,1,0,0,0,0,0,0,0,2021,0,0,0,0,0,0,0,5.002570152282715,0,0,0,0,0,1,0,1,0,0,0
BEN,245187,245,187,2,4,0,1,1,1,1,0,0,0,0,0,0,0,2021,0,0,0,0,0,0,0,5.4664101004600525,0,0,0,0,0,0,0,1,0,0,0
BEN,245201,245,201,2,4,0,1,1,1,1,0,0,0,0,0,0,0,2021,0,0,0,0,0,0,0,3.7027498483657837,0,0,0,0,0,0,0,1,0,0,0
BEN,245215,245,215,2,4,0,1,1,1,1,0,0,0,0,0,0,0,2021,0,0,0,0,0,0,0,5.248180031776428,0,0,0,0,0,1,1,1,0,0,0
BEN,246003,246,3,1,1,1,1,0,1,0,0,0,0,0,0,0,0,2021,0,0,0,0,0,0,0,5.930269971489906,0,0,0,0,3,0,0,1,0,1,0
BEN,246015,246,15,1,4,1,1,0,1,1,0,0,0,0,0,0,0,2021,0,0,0,0,0,0,0,1.8062000274658203,0,0,3,0,0,0,0,1,0,1,0
BEN,246026,246,26,1,4,1,1,0,1,0,0,0,0,0,0,0,0,2021,0,0,0,0,0,0,0,,0,0,0,0,0,0,0,1,0,0,0
BEN,246038,246,38,1,4,1,1,0,1,1,0,0,0,0,0,0,0,2021,0,0,0,0,0,0,0,,0,0,0,0,0,0,0,1,0,0,0
BEN,246049,246,49,1,2,1,1,1,1,1,0,0,0,0,0,0,0,2021,0,0,0,0,0,0,0,1.2139599919319153,0,0,0,0,0,0,1,0,0,1,0
BEN,246061,246,61,1,4,1,1,1,1,1,0,0,0,0,0,0,0,2021,0,0,0,0,0,0,0,,0,0,0,0,0,0,1,0,0,1,0
BEN,246072,246,72,1,2,1,1,0,1,1,0,0,0,0,0,0,0,2021,0,0,0,0,0,0,0,0.6627599895000458,0,0,0,0,0,1,0,0,0,0,0
BEN,246084,246,84,1,4,1,1,1,0,1,0,0,0,0,0,0,0,2021,0,0,0,0,0,0,0,2.1341300010681152,0,0,0,0,0,0,1,0,0,1,0
BEN,246095,246,95,1,4,1,1,0,1,0,0,0,0,0,0,0,0,2021,0,0,0,0,0,0,0,0.5617650151252747,0,0,0,0,0,0,0,0,0,0,0
BEN,246107,246,107,1,2,1,1,0,1,1,0,0,0,0,0,0,0,2021,0,0,0,0,0,0,0,0.6327240020036697,0,0,0,0,0,0,0,0,0,0,0
BEN,246118,246,118,1,4,1,1,0,1,0,0,0,0,0,0,0,0,2021,0,0,0,0,0,0,0,1.111322045326233,0,0,0,0,0,0,0,1,0,0,0
BEN,246130,246,130,1,3,1,1,0,1,1,0,1,0,0,0,0,0,2021,0,0,0,0,0,0,0,,0,0,0,0,0,0,0,0,0,0,0
BEN,247001,247,1,2,2,1,1,1,1,0,0,0,0,0,0,0,0,2021,0,0,0,0,0,0,0,5.037000000476837,0,0,0,0,0,0,0,1,0,0,0
BEN,247017,247,17,2,2,1,1,1,1,0,0,0,0,0,0,0,0,2021,0,0,0,0,0,0,0,7.333000063896179,0,4,0,0,35,0,0,1,0,0,0
BEN,247026,247,26,2,2,1,1,1,1,0,0,0,0,0,0,0,0,2021,0,0,0,0,0,0,0,,0,0,0,0,0,0,0,1,0,0,0
BEN,247034,247,34,2,2,1,1,1,1,0,0,0,0,1,0,0,0,2021,0,0,0,0,0,0,0,5.197000026702881,0,0,0,0,12,0,0,1,0,0,0
BEN,247050,247,50,2,3,1,1,1,1,1,0,0,0,0,0,0,0,2021,0,0,0,0,0,0,0,,0,0,0,0,0,1,0,0,0,0,0
BEN,247059,247,59,2,4,0,1,0,1,0,0,0,1,1,0,0,0,2021,0,0,0,0,0,0,0,1.4851499497890472,0,0,0,0,0,0,0,0,0,0,0
BEN,247066,247,66,2,4,1,1,0,1,0,0,0,0,0,0,0,0,2021,0,0,0,0,0,0,0,0.8877499997615814,0,0,0,0,0,1,0,0,0,0,0
BEN,247067,247,67,2,2,1,1,1,1,0,0,0,1,0,0,0,0,2021,0,0,0,0,0,0,0,0.6308099925518036,0,0,0,0,5,0,1,0,0,1,0
BEN,247084,247,84,2,2,0,1,0,1,1,0,0,0,0,0,0,0,2021,0,0,0,0,0,0,0,2.4396299719810486,0,0,0,0,0,0,1,1,1,0,0
BEN,247100,247,100,2,4,1,1,1,1,1,0,0,0,0,0,0,0,2021,0,0,0,0,0,0,0,4.180539987981319,0,0,0,0,0,0,1,1,0,0,0
BEN,247117,247,117,2,4,0,0,1,1,1,0,0,0,0,0,0,0,2021,0,0,0,0,0,0,0,,100,7,0,0,45,1,1,0,1,0,0
BEN,247125,247,125,2,4,0,1,1,1,1,0,0,0,0,0,0,0,2021,0,0,0,0,0,0,0,4.192610025405884,0,0,0,0,0,0,1,1,0,0,0
BEN,248001,248,1,1,4,1,1,0,1,0,0,0,0,0,0,0,0,2021,0,0,0,0,0,0,0,0.772429995238781,0,0,0,0,0,0,0,0,0,1,0
BEN,248011,248,11,1,2,0,0,0,1,1,0,0,0,0,0,0,0,2021,0,0,0,0,0,0,0,0.4410000145435333,15,5,0,0,15,1,0,0,0,0,0
BEN,248021,248,21,1,4,1,1,0,1,1,0,0,0,0,0,0,0,2021,0,0,0,0,0,0,0,2.08257994055748,0,0,0,0,0,0,0,0,1,0,0
BEN,248031,248,31,1,4,1,1,0,1,1,0,0,0,0,0,0,0,2021,0,0,0,0,0,0,0,0.25099000334739685,0,0,0,0,0,0,0,0,0,1,0
BEN,248041,248,41,1,4,1,1,1,1,1,0,0,0,0,0,0,0,2021,0,0,0,0,0,0,0,3.181510031223297,0,0,0,0,0,0,1,0,0,0,0
BEN,248052,248,52,1,4,0,1,1,1,1,0,0,1,0,0,0,0,2021,0,0,0,0,0,0,0,2.7790799736976624,0,0,0,0,0,0,0,0,0,0,0
BEN,248062,248,62,1,4,1,1,1,1,1,0,0,0,0,0,0,0,2021,0,0,0,0,0,0,0,0.9369299709796906,0,0,0,0,0,1,1,0,0,0,0
BEN,248072,248,72,1,4,1,0,1,1,0,0,0,0,0,0,0,0,2021,0,0,0,0,0,0,0,,100,40,0,0,10,1,1,0,0,1,0
BEN,248082,248,82,1,2,0,1,1,1,1,0,0,1,0,0,0,0,2021,0,0,0,0,0,0,0,4.924460053443909,0,0,0,0,0,0,0,1,0,0,0
BEN,248092,248,92,1,2,1,1,1,1,1,0,0,0,0,0,0,0,2021,0,0,0,0,0,0,0,1.7630800008773804,0,0,0,0,0,0,0,1,0,0,0
BEN,248102,248,102,1,2,1,1,0,1,1,0,0,0,0,0,0,0,2021,0,0,0,0,0,0,0,0.800790011882782,0,0,0,0,0,0,0,1,0,0,0
BEN,248113,248,113,1,2,0,1,0,1,0,0,0,1,0,0,0,0,2021,0,0,0,0,0,0,0,2.1992500126361847,0,0,0,0,0,0,0,1,0,0,0
BEN,249023,249,23,2,4,1,1,1,1,1,0,1,0,0,0,0,0,2021,0,0,0,0,0,0,0,,0,0,0,0,0,0,0,0,1,0,0
BEN,249049,249,49,2,2,0,1,0,1,1,0,0,0,0,0,0,0,2021,0,0,0,0,0,0,0,,0,0,0,0,0,1,0,0,0,0,0
BEN,249065,249,65,2,2,0,1,1,1,1,0,0,0,0,0,0,0,2021,0,0,0,0,0,0,0,,0,0,0,0,0,1,0,1,0,0,0
BEN,249077,249,77,2,4,0,1,0,1,1,0,0,0,0,0,0,0,2021,0,0,0,0,0,0,0,1.687999963760376,0,4,0,0,0,0,0,1,0,0,0
BEN,249081,249,81,2,2,0,1,0,1,1,0,0,0,0,0,0,0,2021,0,0,0,0,0,0,0,6.626999855041504,0,3,0,0,0,1,0,1,0,0,0
BEN,249113,249,113,2,4,1,1,1,1,1,0,0,0,1,0,0,0,2021,0,0,0,0,0,0,0,,0,0,0,0,0,1,0,0,0,0,0
BEN,249130,249,130,2,2,1,1,1,1,1,0,0,1,0,0,0,0,2021,0,0,0,0,0,0,0,5.355400085449219,0,0,0,0,0,0,0,0,0,1,0
BEN,249146,249,146,2,4,1,1,1,1,0,0,0,0,0,0,0,0,2021,0,0,0,0,0,0,0,,0,0,0,0,6,1,0,0,0,0,0
BEN,249178,249,178,2,2,1,1,0,1,0,0,0,1,1,0,0,0,2021,0,0,0,0,0,0,0,1.2732199728488922,0,0,0,0,0,0,0,0,0,0,0
BEN,249194,249,194,2,4,0,1,1,1,1,0,0,0,0,0,0,0,2021,0,0,0,0,0,0,0,5.324259996414185,0,0,0,0,0,0,1,0,1,0,0
BEN,249210,249,210,2,4,1,1,1,1,1,1,1,0,0,0,0,0,2021,1,0,0,0,0,1,0,,0,0,0,0,0,0,0,1,0,0,0
BEN,249243,249,243,2,4,1,1,1,1,1,0,0,0,0,0,0,0,2021,0,0,0,0,0,0,0,,0,0,0,0,0,1,0,0,1,0,0
BEN,250013,250,13,1,2,0,1,1,1,1,0,0,1,1,0,0,0,2021,0,0,0,0,0,0,0,4.292800009250641,0,6,0,0,15,1,1,1,0,0,0
BEN,250025,250,25,1,2,1,1,1,1,1,0,1,0,1,0,0,1,2021,0,0,0,0,0,0,0,6.915420055389404,0,10,0,0,45,1,1,1,0,0,0
BEN,250038,250,38,1,3,1,1,1,1,1,1,1,0,1,0,0,0,2021,0,0,0,0,0,0,0,,0,0,0,0,0,0,0,0,0,0,0
BEN,250050,250,50,1,2,0,1,1,1,1,0,0,1,0,0,0,0,2021,0,0,0,0,0,0,0,4.045527815818787,0,0,0,0,12,0,1,1,0,0,0
BEN,250063,250,63,1,2,1,1,1,0,0,1,1,0,0,0,0,0,2021,1,0,0,0,0,0,0,,0,0,0,0,0,0,1,0,0,0,0
BEN,250075,250,75,1,3,0,1,1,1,0,0,0,0,0,0,0,0,2021,0,0,0,0,0,0,0,,0,0,0,0,0,0,1,0,1,0,0
BEN,250088,250,88,1,2,0,1,0,1,1,0,0,0,0,0,0,0,2021,0,0,0,0,0,0,0,,0,0,0,0,0,1,1,0,0,0,0
BEN,250101,250,101,1,2,1,0,1,0,0,1,1,0,0,0,0,0,2021,0,0,0,0,0,0,0,,0,0,0,0,0,1,0,0,0,0,0
BEN,250113,250,113,1,2,0,1,1,1,1,0,0,1,0,0,0,0,2021,0,0,0,0,0,0,0,3.3040000796318054,0,0,0,0,0,0,1,1,0,1,0
BEN,250126,250,126,1,2,0,1,1,1,0,0,0,1,0,0,0,0,2021,0,0,0,0,0,0,0,6.464574933052063,0,0,0,0,0,0,1,0,0,0,0
BEN,250138,250,138,1,2,1,1,1,0,0,1,1,0,0,0,0,0,2021,0,0,0,0,0,0,0,2.944514036178589,0,0,0,0,0,0,1,1,0,1,0
BEN,250151,250,151,1,3,1,1,1,0,0,1,1,0,1,0,0,1,2021,0,0,0,0,0,0,0,,0,0,0,0,0,0,0,1,0,0,0
BEN,251008,251,8,2,2,0,0,0,0,0,0,0,0,0,0,0,0,2021,0,0,0,0,0,0,0,0.7070000171661377,25,11,0,0,28,0,1,0,0,0,0
BEN,251014,251,14,2,2,0,1,1,0,0,0,0,1,0,0,0,0,2021,1,0,0,0,0,0,0,6.778000116348267,0,0,0,0,20,1,0,0,0,0,0
BEN,251020,251,20,2,2,0,1,1,1,1,0,0,0,0,0,0,0,2021,0,0,0,0,0,0,0,2.8119999766349792,15,5,0,0,12,0,1,1,0,0,0
BEN,251033,251,33,2,2,0,1,0,1,1,0,0,0,0,0,0,0,2021,0,0,0,0,0,0,0,5.2190001010894775,0,0,0,0,0,0,0,1,1,0,0
BEN,251039,251,39,2,2,0,1,1,1,1,0,0,1,0,0,0,0,2021,0,0,0,0,0,0,0,6.41195011138916,0,0,0,0,8,0,0,0,0,0,0
BEN,251045,251,45,2,2,0,1,0,1,1,0,0,1,1,0,0,0,2021,0,0,0,0,0,0,0,2.8861500024795532,0,0,0,0,5,0,0,0,0,0,0
BEN,251057,251,57,2,2,0,1,0,1,1,0,0,1,1,0,0,0,2021,0,0,0,0,0,0,0,5.078199982643127,0,0,0,0,10,0,0,0,0,0,0
BEN,251064,251,64,2,2,0,1,0,1,1,0,0,1,0,0,0,0,2021,0,0,0,0,0,0,0,,28,10,0,0,32,0,0,0,0,0,0
BEN,251070,251,70,2,4,1,1,1,1,1,0,0,0,0,0,0,0,2021,0,0,0,0,0,0,0,1.93885999917984,0,0,0,0,0,0,1,1,0,0,0
BEN,251082,251,82,2,4,1,1,1,1,1,0,0,1,0,0,0,0,2021,0,0,0,0,0,0,0,5.083699941635132,0,0,0,0,0,0,1,1,0,0,0
BEN,251088,251,88,2,4,1,1,0,1,1,0,0,0,0,0,0,0,2021,0,0,0,0,0,0,0,1.9497000575065613,0,0,0,0,0,0,1,1,0,0,0
BEN,251095,251,95,2,4,1,1,1,1,1,0,0,1,0,0,0,0,2021,0,0,0,0,0,0,0,2.110949993133545,0,0,0,0,0,0,1,1,0,0,0
BEN,252005,252,5,1,4,0,1,1,1,1,0,0,0,0,0,0,0,2021,0,0,0,0,0,0,0,,0,3,0,0,0,0,0,0,1,0,0
BEN,252027,252,27,1,1,1,1,1,1,1,1,1,0,0,1,0,0,2021,1,0,0,0,0,0,0,,0,0,0,0,20,1,0,0,0,0,0
BEN,252049,252,49,1,4,1,1,1,1,1,1,1,0,0,0,0,0,2021,0,0,0,0,0,0,0,,0,0,0,0,8,0,0,0,0,0,0
BEN,252072,252,72,1,3,1,1,1,1,1,0,0,1,0,1,0,0,2021,0,0,0,0,0,0,0,,0,0,0,0,12,1,0,0,0,0,0
BEN,252094,252,94,1,3,1,1,1,1,0,1,1,0,0,0,0,0,2021,0,0,0,0,0,0,0,,0,5,0,0,0,0,1,0,0,0,0
BEN,252116,252,116,1,3,1,1,1,1,0,1,1,0,0,0,0,0,2021,0,0,0,0,0,0,0,,0,0,0,0,0,0,1,1,0,0,0
BEN,252138,252,138,1,2,1,1,1,1,1,1,1,0,0,0,0,0,2021,0,0,0,0,0,0,0,,0,5,0,0,0,0,1,0,0,0,0
BEN,252160,252,160,1,4,1,1,1,1,0,0,1,0,0,0,0,0,2021,0,1,0,0,0,0,0,,0,0,0,0,0,0,1,0,0,0,0
BEN,252182,252,182,1,4,1,1,1,1,1,1,1,0,0,0,0,0,2021,0,0,0,0,0,0,0,,0,0,0,0,17,1,1,0,0,0,0
BEN,252204,252,204,1,3,1,1,1,1,0,0,0,0,0,0,0,0,2021,0,0,0,0,0,0,0,,0,0,0,0,0,0,1,0,0,0,0
BEN,252226,252,226,1,3,1,1,1,0,0,1,1,0,0,0,1,0,2021,1,0,0,0,0,0,0,,0,0,0,0,0,0,0,1,0,0,0
BEN,252249,252,249,1,3,0,1,1,0,0,0,0,0,0,0,0,0,2021,0,0,0,0,0,0,0,0.8656049966812134,0,0,0,0,12,0,1,0,0,0,0
BEN,253016,253,16,1,2,1,1,1,1,1,1,1,0,0,0,0,0,2021,1,0,0,0,0,1,0,4.640400007367134,0,0,0,0,0,0,1,0,0,0,0
BEN,253026,253,26,1,4,1,1,1,1,1,0,0,0,0,0,0,0,2021,0,0,0,0,0,0,0,,0,0,0,0,0,1,0,0,0,0,0
BEN,253036,253,36,1,2,1,1,1,1,0,1,1,0,0,0,0,0,2021,0,0,0,0,0,0,0,2.330999955534935,0,0,0,0,0,0,1,0,0,0,0
BEN,253046,253,46,1,2,0,1,1,1,1,1,1,0,0,0,0,0,2021,0,0,0,0,0,0,0,4.0792447328567505,0,0,0,0,0,0,1,0,0,0,0
BEN,253056,253,56,1,2,1,1,1,1,1,1,1,0,0,0,0,0,2021,0,0,0,0,0,0,0,,0,0,0,0,0,0,1,1,1,0,0
BEN,253066,253,66,1,4,1,1,1,1,0,1,1,0,0,0,0,0,2021,1,0,0,0,0,0,0,4.478407621383667,0,0,0,0,0,0,1,0,0,0,0
BEN,253076,253,76,1,4,1,1,1,1,0,1,1,0,0,0,0,0,2021,1,0,0,0,0,0,0,,0,0,0,0,0,0,1,0,1,0,0
BEN,253086,253,86,1,2,1,1,1,1,1,1,1,0,1,0,0,1,2021,0,0,0,0,0,0,0,,0,0,0,0,0,0,1,1,0,0,0
BEN,253096,253,96,1,2,1,1,1,1,0,1,1,0,1,0,1,1,2021,1,0,0,0,0,1,0,1.3598000407218933,0,0,0,0,0,0,1,1,1,0,0
BEN,253106,253,106,1,2,1,1,1,1,1,1,1,0,0,0,0,0,2021,0,0,0,0,0,0,0,2.980705976486206,0,0,0,0,0,0,1,1,0,1,0
BEN,253126,253,126,1,2,0,1,1,1,0,0,1,0,0,0,0,0,2021,0,0,0,0,0,0,0,,0,0,0,0,0,0,0,1,1,0,0
BEN,253758,253,758,1,2,1,1,1,1,1,0,0,1,0,0,0,0,2021,0,0,0,0,0,0,0,2.31700000166893,0,4,0,0,0,0,0,1,0,0,0
BEN,254004,254,4,2,2,0,1,1,1,0,0,0,0,0,0,0,0,2021,0,0,0,0,0,0,0,,0,0,0,0,0,0,0,1,0,0,0
BEN,254012,254,12,2,2,1,1,1,1,0,0,0,1,0,0,0,0,2021,0,0,0,0,0,0,0,6.664999961853027,0,0,0,0,0,0,1,1,0,0,0
BEN,254020,254,20,2,2,1,1,1,1,0,0,1,0,0,0,0,0,2021,1,0,0,0,0,0,0,15.08899974822998,0,0,0,0,45,0,1,1,0,0,0
BEN,254036,254,36,2,4,1,1,1,1,1,0,0,1,1,0,0,0,2021,0,0,0,0,0,0,0,2.887769937515259,0,0,0,0,0,0,0,0,0,0,0
BEN,254044,254,44,2,2,0,1,1,1,1,0,0,1,1,0,0,0,2021,1,0,0,0,0,0,0,7.877129793167114,0,0,0,0,15,1,0,0,0,0,0
BEN,254051,254,51,2,4,1,1,0,1,1,0,0,1,0,0,0,0,2021,0,0,0,0,0,0,0,1.6602799594402313,0,0,0,0,0,1,0,0,0,0,0
BEN,254067,254,67,2,2,1,1,1,1,1,0,1,0,1,0,0,0,2021,0,0,0,0,0,0,0,,0,0,0,0,0,0,0,0,0,0,0
BEN,254075,254,75,2,2,1,1,1,1,0,0,1,0,0,0,0,0,2021,0,0,0,0,0,0,0,3.138000011444092,0,0,0,0,0,0,1,1,0,0,0
BEN,254083,254,83,2,4,1,1,0,1,1,0,0,0,0,0,0,0,2021,0,0,0,0,0,0,0,2.2468100786209106,0,0,0,0,0,1,1,1,0,0,0
BEN,254099,254,99,2,4,1,1,1,1,1,1,1,0,0,0,0,0,2021,0,0,0,0,0,0,0,2.3101500272750854,0,0,0,0,0,0,1,1,0,0,0
BEN,254107,254,107,2,4,1,1,1,1,1,1,1,0,0,0,0,0,2021,0,0,0,0,0,0,0,2.8742200136184692,0,0,0,0,0,0,1,1,0,0,0
BEN,254115,254,115,2,4,1,1,1,1,1,0,0,0,0,0,0,0,2021,0,0,0,0,0,0,0,1.3936899900436401,0,0,0,0,0,0,0,1,0,0,0
BEN,255002,255,2,1,2,0,1,1,1,1,0,0,1,1,0,0,0,2021,1,0,0,0,0,0,0,1.8730999380350113,0,0,0,0,46,0,1,1,0,0,0
BEN,255036,255,36,1,3,1,1,1,1,0,0,1,0,1,0,0,0,2021,1,0,0,0,0,0,0,,0,0,0,0,15,0,0,1,0,0,0
BEN,255058,255,58,1,4,0,1,1,1,0,0,0,0,0,0,0,0,2021,0,0,0,0,0,0,0,,0,0,0,0,0,1,0,0,0,0,0
BEN,255070,255,70,1,1,1,1,1,1,0,1,1,0,0,1,1,0,2021,1,0,0,0,0,1,0,,0,0,0,0,0,0,0,0,0,0,0
BEN,255081,255,81,1,2,0,1,1,1,0,0,0,1,0,0,0,0,2021,0,0,0,0,0,0,0,,0,0,0,0,0,0,1,0,0,0,0
BEN,255092,255,92,1,2,1,1,1,1,1,1,1,0,1,1,0,1,2021,0,0,0,0,0,0,0,,0,0,0,0,0,0,0,1,1,0,0
BEN,255115,255,115,1,3,1,1,1,1,1,0,1,0,1,1,0,1,2021,1,0,0,0,0,1,0,,0,0,0,0,0,1,0,1,1,0,0
BEN,255137,255,137,1,2,0,1,1,1,0,0,0,1,1,0,0,0,2021,1,0,0,0,0,1,0,1.3503000140190125,0,3,0,0,20,0,0,0,1,0,0
BEN,255759,255,759,1,2,1,1,1,1,0,1,1,0,0,0,0,0,2021,1,0,0,0,0,1,0,,0,0,0,0,0,1,0,1,1,0,0
BEN,255760,255,760,1,3,1,1,1,1,1,0,0,0,0,0,0,0,2021,0,0,0,0,0,0,0,,0,0,0,0,0,0,1,0,0,1,0
BEN,255761,255,761,1,2,1,1,1,1,1,0,0,0,0,0,0,0,2021,0,0,0,0,0,0,0,,0,0,0,0,0,0,0,1,1,0,0
BEN,255762,255,762,1,3,1,1,1,1,1,0,0,1,0,0,0,1,2021,0,0,0,0,0,0,0,,0,0,0,0,0,0,1,1,0,0,0
BEN,256012,256,12,2,2,1,1,1,1,0,0,0,0,0,0,0,0,2021,0,0,0,0,0,0,0,4.084999918937683,0,0,0,0,0,0,0,1,0,0,0
BEN,256022,256,22,2,4,1,1,1,1,0,0,0,0,0,0,1,0,2021,1,0,0,0,0,1,0,,0,0,0,0,0,0,0,1,1,0,0
BEN,256032,256,32,2,2,0,1,1,1,0,0,0,0,0,0,0,0,2021,0,0,0,0,0,0,0,,0,9,0,0,7,0,0,1,0,0,0
BEN,256052,256,52,2,2,0,1,1,1,0,0,1,0,0,0,0,0,2021,0,0,0,0,0,0,0,2.784000039100647,0,0,0,0,0,1,0,0,0,0,0
BEN,256062,256,62,2,4,1,1,1,1,1,0,0,1,1,0,0,0,2021,0,0,0,0,0,0,0,,0,0,0,0,0,0,0,0,0,0,0
BEN,256072,256,72,2,2,0,1,1,1,1,0,0,1,1,0,0,0,2021,0,0,0,0,0,0,0,1.945069968700409,0,0,0,0,0,0,0,0,0,0,0
BEN,256092,256,92,2,2,0,1,1,1,1,0,0,0,0,0,0,0,2021,0,0,0,0,0,0,0,2.703029990196228,0,4,0,0,10,0,0,0,0,0,0
BEN,256102,256,102,2,2,0,1,1,1,1,0,0,1,1,0,0,0,2021,0,0,0,0,0,0,0,6.69157999753952,0,4,0,0,0,0,0,0,0,0,0
BEN,256113,256,113,2,4,1,1,1,1,1,0,0,1,0,0,0,0,2021,0,0,0,0,0,0,0,1.1906499862670898,0,3,0,0,0,0,0,1,0,0,0
BEN,256133,256,133,2,2,1,1,1,1,1,0,0,1,0,0,0,0,2021,0,0,0,0,0,0,0,3.251829981803894,0,0,0,0,10,0,1,0,0,0,0
BEN,256143,256,143,2,4,1,1,1,1,1,0,0,1,0,0,0,0,2021,0,0,0,0,0,0,0,,0,2,0,0,0,0,0,1,0,0,0
BEN,256153,256,153,2,4,1,1,1,1,1,0,1,0,0,0,0,0,2021,1,1,0,0,0,1,0,,0,0,0,0,0,0,0,1,0,0,0
BEN,257008,257,8,2,4,1,1,1,1,0,0,1,0,0,0,0,0,2021,0,0,0,0,0,0,0,,0,0,0,0,0,0,0,1,1,0,0
BEN,257016,257,16,2,2,0,1,1,1,1,0,0,0,0,0,0,0,2021,0,0,0,0,0,0,0,,0,6,0,0,0,0,0,1,1,0,0
BEN,257024,257,24,2,2,0,1,1,1,0,0,0,0,0,0,0,0,2021,0,0,0,0,0,0,0,6.9839999079704285,0,0,0,0,0,0,1,1,0,0,0
BEN,257033,257,33,2,2,0,1,1,1,0,0,1,0,0,0,0,0,2021,0,0,0,0,0,0,0,6.857999861240387,5,0,0,0,0,0,0,1,0,0,0
BEN,257041,257,41,2,2,1,1,1,1,1,1,1,0,1,1,1,1,2021,0,0,0,0,0,0,0,9.503770112991333,0,23,0,0,20,1,0,0,0,0,0
BEN,257057,257,57,2,4,0,1,1,1,0,0,0,0,1,0,0,0,2021,0,0,0,0,0,0,0,,0,0,0,0,0,0,0,0,0,0,0
BEN,257066,257,66,2,4,1,1,1,1,1,0,0,1,1,0,0,0,2021,0,0,0,0,0,0,0,,0,0,0,0,0,0,0,0,0,0,0
BEN,257074,257,74,2,1,1,1,1,1,1,1,1,0,1,1,1,0,2021,0,0,0,0,0,0,0,2.753909945487976,0,0,0,0,0,0,0,0,0,0,0
BEN,257090,257,90,2,4,1,1,1,1,1,0,0,0,0,0,0,0,2021,0,0,0,0,0,0,0,2.0127000212669373,0,0,0,0,0,1,1,1,0,0,0
BEN,257099,257,99,2,3,1,1,1,1,1,0,0,1,0,0,0,0,2021,0,0,0,0,0,0,0,2.8044900000095367,0,2,0,0,0,0,0,1,0,0,0
BEN,257107,257,107,2,4,1,1,1,1,1,0,0,0,1,0,0,0,2021,0,0,0,0,0,0,0,,0,0,0,0,0,0,0,1,0,0,0
BEN,257132,257,132,2,4,1,1,1,1,1,0,0,0,0,0,0,0,2021,0,0,0,0,0,0,0,,0,7,0,0,0,0,1,1,0,0,0
BEN,258005,258,5,1,4,0,1,0,0,0,0,0,0,0,0,0,0,2021,0,0,0,0,0,0,0,1.204865999519825,25,0,0,0,33,0,1,0,0,0,0
BEN,258009,258,9,1,4,0,1,1,0,0,0,0,0,0,0,0,0,2021,0,0,0,0,0,0,0,2.323617935180664,0,4,0,0,18,1,1,0,0,0,0
BEN,258014,258,14,1,4,0,1,1,0,0,0,0,0,0,0,0,0,2021,0,0,0,0,0,0,0,3.921665906906128,36,0,0,0,42,0,1,0,0,0,0
BEN,258019,258,19,1,4,1,1,0,0,0,0,0,0,0,0,0,0,2021,0,0,0,0,0,0,0,6.623514175415039,35,8,0,0,28,0,1,0,0,0,0
BEN,258023,258,23,1,2,0,1,0,1,0,0,0,0,0,0,0,0,2021,0,0,0,0,0,0,0,4.609930038452148,102,6,0,0,2,0,1,0,0,1,0
BEN,258028,258,28,1,2,0,1,0,1,0,0,0,0,0,0,0,0,2021,0,0,0,0,0,0,0,2.6284840404987335,253,0,0,0,15,0,1,0,0,1,0
BEN,258032,258,32,1,2,0,1,0,1,0,0,0,0,0,0,0,0,2021,0,0,0,0,0,0,0,0.2185479998588562,0,5,0,0,4,0,1,0,0,0,0
BEN,258037,258,37,1,2,0,1,0,1,0,0,0,0,0,0,0,0,2021,0,0,0,0,0,0,0,0.503945991396904,250,0,0,0,12,0,1,0,0,0,0
BEN,258042,258,42,1,2,0,1,0,1,0,0,0,0,0,0,0,0,2021,0,0,0,0,0,0,0,0.689079999923706,35,21,0,0,22,0,1,0,0,0,0
BEN,258046,258,46,1,2,0,1,0,0,1,0,0,0,0,0,0,0,2021,0,0,0,0,0,0,0,0.37049400806427,45,10,0,0,18,1,0,0,0,0,0
BEN,258051,258,51,1,2,0,1,1,1,0,0,0,0,0,0,0,0,2021,0,0,0,0,0,0,0,80.90755524113774,32,10,0,0,42,1,1,0,0,0,0
BEN,258056,258,56,1,2,0,1,0,1,0,0,0,0,0,0,0,0,2021,0,0,0,0,0,0,0,50.048970229923725,150,39,0,0,69,1,1,0,0,0,0
BEN,259006,259,6,2,2,1,1,1,1,0,0,0,0,0,0,0,0,2021,0,0,0,0,0,0,0,8.319212153553963,0,8,0,0,12,1,0,0,0,0,0
BEN,259014,259,14,2,1,0,1,1,1,0,0,0,0,0,0,0,0,2021,0,0,0,0,0,0,0,1.2595710158348083,0,0,0,0,8,1,0,0,0,0,0
BEN,259028,259,28,2,2,0,1,1,1,0,0,0,0,0,0,0,0,2021,0,0,0,0,0,0,0,4.738448068499565,0,14,0,0,13,1,1,0,0,0,0
BEN,259036,259,36,2,2,1,1,1,1,0,0,0,0,0,0,0,0,2021,1,0,0,0,0,0,0,2.5879670530557632,0,5,0,0,13,0,1,0,0,0,0
BEN,259043,259,43,2,2,0,1,1,1,1,0,0,0,0,0,0,0,2021,0,0,0,0,0,0,0,4.049800992012024,0,5,0,0,21,0,1,0,0,0,0
BEN,259058,259,58,2,2,1,1,1,1,1,0,0,1,0,0,0,0,2021,0,0,0,0,0,0,0,1.6979930400848389,0,0,0,0,15,1,1,0,0,0,0
BEN,259065,259,65,2,1,1,1,1,1,0,0,0,1,0,0,0,0,2021,1,0,0,0,0,0,0,,0,6,0,0,12,0,0,0,0,0,0
BEN,259073,259,73,2,2,1,1,1,1,1,0,0,1,0,0,0,0,2021,0,0,0,0,0,0,0,4.687824010848999,0,0,0,0,26,0,1,0,0,0,0
BEN,259087,259,87,2,4,0,1,1,1,1,0,0,0,0,0,0,0,2021,0,0,0,0,0,0,0,,0,3,0,0,2,1,0,1,1,0,0
BEN,259095,259,95,2,2,1,1,1,1,1,0,0,1,0,0,0,0,2021,0,0,0,0,0,0,0,,0,4,0,0,5,1,0,1,1,0,0
BEN,259102,259,102,2,2,0,1,1,1,1,0,0,1,0,0,0,0,2021,0,0,0,0,0,0,0,3.275899887084961,0,0,0,0,3,0,0,1,0,1,0
BEN,259117,259,117,2,2,0,1,1,1,1,0,0,0,0,0,0,0,2021,0,0,0,0,0,0,0,1.8537999987602234,0,0,0,0,4,0,1,1,0,0,0
BEN,260007,260,7,1,4,0,1,0,1,1,0,0,0,0,0,0,0,2021,0,0,0,0,0,0,0,15.615817070007324,0,0,0,0,19,0,1,0,0,0,0
BEN,260016,260,16,1,4,0,0,0,1,1,0,0,0,0,0,0,0,2021,0,0,0,0,0,0,0,0.9330800175666809,300,5,0,0,40,0,1,0,0,0,0
BEN,260024,260,24,1,2,0,1,1,0,0,1,1,0,0,0,0,0,2021,0,0,0,0,0,1,0,1.8539569824934006,0,0,0,0,23,0,1,0,0,0,0
BEN,260033,260,33,1,3,1,1,1,0,0,0,0,1,0,0,0,0,2021,0,0,0,0,0,0,0,8.167228102684021,0,0,0,0,21,0,1,0,0,0,0
BEN,260041,260,41,1,2,1,1,1,1,0,1,1,0,0,1,0,0,2021,0,0,0,0,0,0,0,0.6168209984898567,0,6,0,0,8,0,1,1,0,1,0
BEN,260050,260,50,1,2,1,1,1,1,1,0,1,0,0,1,0,0,2021,0,0,0,0,0,0,0,1.544552981853485,0,0,0,0,0,1,1,1,0,1,0
BEN,260059,260,59,1,4,1,1,1,1,0,1,1,0,0,0,0,0,2021,0,0,0,0,0,0,0,,0,0,0,0,0,1,1,0,0,0,0
BEN,260067,260,67,1,4,0,0,0,0,0,0,0,0,0,0,0,0,2021,0,0,0,0,0,0,0,0.2791130095720291,50,10,0,0,42,0,1,0,0,1,0
BEN,260076,260,76,1,4,1,1,1,1,1,0,0,0,0,0,0,0,2021,0,0,0,0,0,0,0,0.7877109833061695,0,10,0,0,0,1,0,0,0,0,0
BEN,260084,260,84,1,3,1,1,1,1,0,0,0,1,0,0,0,0,2021,0,0,0,0,0,0,0,,0,0,0,0,0,1,1,1,1,0,0
BEN,260093,260,93,1,2,1,1,1,0,0,1,1,0,0,0,0,0,2021,0,0,0,0,0,0,0,,0,5,0,0,17,0,1,0,1,0,0
BEN,260101,260,101,1,2,1,1,1,1,0,0,0,1,0,0,0,0,2021,0,0,0,0,0,0,0,22.07750866934657,0,0,0,0,16,1,1,0,0,0,0
BEN,261006,261,6,2,4,1,1,1,1,1,1,1,0,1,0,0,0,2021,1,0,0,0,0,0,0,,0,55,0,0,50,0,0,0,0,0,1
BEN,261013,261,13,2,4,1,1,1,0,0,1,1,0,0,0,0,0,2021,1,0,0,0,0,0,0,,0,9,0,0,12,1,0,0,1,0,0
BEN,261027,261,27,2,3,1,1,1,0,0,1,1,0,0,0,1,0,2021,0,0,0,0,0,0,0,,0,0,0,0,0,0,1,0,0,0,0
BEN,261034,261,34,2,4,0,1,1,0,0,0,0,0,0,0,0,0,2021,0,0,0,0,0,0,0,,0,6,0,0,10,1,0,0,0,0,0
BEN,261043,261,43,2,3,0,1,1,1,0,0,0,0,0,0,0,0,2021,0,0,0,0,0,0,0,,0,0,0,0,0,1,0,0,0,0,0
BEN,261055,261,55,2,4,1,1,1,1,0,0,0,0,0,0,0,0,2021,0,0,0,0,0,0,0,,0,0,0,0,25,0,0,1,0,0,0
BEN,261062,261,62,2,2,0,1,1,1,0,0,0,0,0,0,0,0,2021,0,0,0,0,0,0,0,,0,5,0,0,12,1,0,0,0,0,0
BEN,261069,261,69,2,4,1,1,1,1,1,0,1,0,0,0,0,0,2021,0,0,0,0,0,0,0,,0,7,0,0,14,0,0,0,1,0,0
BEN,261090,261,90,2,2,0,1,1,1,1,0,0,0,0,0,0,0,2021,0,0,0,0,0,0,0,,0,0,0,0,0,0,0,1,1,0,0
BEN,261097,261,97,2,4,0,1,1,1,1,0,0,0,0,0,0,0,2021,0,0,0,0,0,0,0,,0,0,0,0,0,0,0,1,0,0,0
BEN,261104,261,104,2,2,1,1,1,1,1,1,1,0,0,0,0,0,2021,0,0,0,0,0,0,0,,0,0,0,0,0,0,0,1,1,0,0
BEN,261111,261,111,2,2,1,1,1,1,1,1,1,0,1,1,1,1,2021,1,1,0,1,0,1,0,,0,0,0,0,0,0,0,1,1,0,0
BEN,262016,262,16,1,4,0,1,1,1,0,0,0,1,0,0,0,0,2021,0,0,0,0,0,0,0,0.20575499534606934,0,0,0,0,0,1,0,0,0,0,0
BEN,262035,262,35,1,4,1,1,1,1,1,0,0,1,0,0,0,0,2021,0,0,0,0,0,0,0,0.35166001319885254,0,0,0,0,0,0,0,0,0,0,0
BEN,262053,262,53,1,2,1,1,1,1,1,0,0,1,0,0,0,0,2021,0,0,0,0,0,0,0,,0,0,0,0,0,0,0,0,0,0,0
BEN,262072,262,72,1,3,1,1,1,1,1,1,1,0,0,1,1,0,2021,0,0,0,0,0,0,0,,0,0,0,0,0,0,0,0,0,0,0
BEN,262091,262,91,1,2,1,1,1,1,1,0,0,1,1,1,0,0,2021,0,0,0,0,0,0,0,0.11718500033020973,0,0,0,0,0,0,0,1,0,0,0
BEN,262109,262,109,1,3,1,1,1,0,0,1,1,0,1,0,0,0,2021,0,0,0,0,0,0,0,,0,0,0,0,0,0,0,1,0,0,0
BEN,262128,262,128,1,4,1,1,1,1,1,0,1,0,1,0,0,0,2021,0,0,0,0,0,0,0,,0,0,0,0,0,0,0,1,0,0,0
BEN,262147,262,147,1,1,1,1,1,1,1,1,1,0,1,0,0,0,2021,0,0,0,0,0,0,0,,0,0,0,0,0,0,0,1,0,0,0
BEN,262165,262,165,1,2,1,1,1,0,0,0,0,0,1,0,0,0,2021,0,0,0,0,0,0,0,,0,0,0,0,7,0,0,0,0,1,0
BEN,262184,262,184,1,3,1,1,1,0,0,0,0,1,1,1,0,0,2021,0,0,0,0,0,0,0,,0,0,0,0,0,1,0,0,1,0,0
BEN,262203,262,203,1,4,1,1,0,0,0,0,0,0,1,0,0,0,2021,0,0,0,0,0,0,0,,0,0,0,0,0,1,0,0,0,0,0
BEN,262222,262,222,1,4,1,1,1,0,0,0,1,0,1,1,0,0,2021,0,0,0,0,0,0,0,0.8665329813957214,0,0,0,0,0,0,0,0,0,0,0
BEN,263008,263,8,2,4,0,1,1,1,0,0,0,0,0,0,0,0,2021,0,0,0,0,0,0,0,,0,6,0,0,13,1,0,0,0,0,0
BEN,263018,263,18,2,2,1,1,1,1,0,0,1,0,0,0,0,0,2021,0,0,0,0,0,0,0,88.63779819011688,0,7,0,0,10,1,0,0,0,0,0
BEN,263037,263,37,2,2,1,1,1,1,0,0,0,0,0,0,0,0,2021,0,0,0,0,0,0,0,19.686584070324898,0,4,0,0,13,0,1,0,0,0,0
BEN,263046,263,46,2,2,1,1,1,1,0,0,0,0,0,0,0,0,2021,0,0,0,0,0,0,0,3.0696561336517334,0,3,0,0,5,1,0,0,0,0,0
BEN,263056,263,56,2,4,1,1,1,1,1,0,0,0,0,0,0,0,2021,0,0,0,0,0,0,0,,0,9,0,0,21,0,0,0,1,0,0
BEN,263075,263,75,2,2,1,1,1,1,1,1,1,0,0,0,0,0,2021,1,0,0,0,0,0,0,19.00986611843109,0,12,0,0,25,0,1,0,0,0,0
BEN,263085,263,85,2,4,1,1,1,1,1,0,0,1,0,0,0,0,2021,0,0,0,0,0,0,0,5.732087969779968,0,8,0,0,15,0,1,0,1,0,0
BEN,263094,263,94,2,2,1,1,1,1,1,0,0,1,0,0,0,0,2021,0,0,0,0,0,0,0,,0,0,0,0,15,0,1,0,1,0,0
BEN,263113,263,113,2,2,1,1,1,1,1,0,0,1,0,0,0,0,2021,0,0,0,0,0,0,0,0.6146000027656555,0,0,0,0,5,1,0,1,0,0,0
BEN,263123,263,123,2,2,0,1,1,1,1,0,0,0,0,0,0,0,2021,0,0,0,0,0,0,0,2.578599989414215,0,0,0,0,0,0,1,1,0,0,0
BEN,263132,263,132,2,2,1,1,1,1,1,0,0,0,0,0,0,0,2021,0,0,0,0,0,0,0,,0,7,0,0,12,0,1,1,0,0,0
BEN,263152,263,152,2,4,1,1,1,1,0,0,0,1,0,0,0,0,2021,0,0,0,0,0,0,0,,0,0,0,0,2,0,0,0,1,0,0
BEN,264021,264,21,1,1,1,1,1,1,0,0,0,1,0,1,0,0,2021,0,0,0,0,0,0,0,0.7229809761047363,0,0,0,0,0,0,0,0,0,1,0
BEN,264033,264,33,1,4,1,1,1,1,0,0,0,0,0,0,0,0,2021,0,0,0,0,0,0,0,,0,0,0,0,0,0,0,0,0,0,0
BEN,264056,264,56,1,4,1,1,1,1,1,0,1,0,1,0,0,0,2021,0,0,0,0,0,0,0,,0,0,0,0,0,0,0,1,0,0,0
BEN,264068,264,68,1,2,1,1,1,1,1,0,1,0,1,0,0,0,2021,0,0,0,0,0,0,0,0.721983015537262,0,0,0,0,0,0,0,0,0,1,0
BEN,264079,264,79,1,2,1,1,1,1,1,1,1,0,0,0,0,0,2021,0,0,0,0,0,0,0,3.6522369384765625,0,4,0,0,12,0,0,1,0,0,0
BEN,264091,264,91,1,2,1,1,1,1,1,0,0,0,1,0,0,0,2021,0,0,0,0,0,0,0,,0,0,0,0,0,1,0,1,0,1,0
BEN,264103,264,103,1,4,1,1,0,1,1,0,0,1,1,0,0,0,2021,0,0,0,0,0,0,0,0.6525319963693619,0,0,0,0,5,1,0,0,0,0,0
BEN,264114,264,114,1,4,1,1,1,1,1,1,1,0,1,1,1,1,2021,0,0,0,0,0,0,0,,0,8,0,0,0,1,0,0,0,0,0
BEN,264126,264,126,1,4,1,1,1,1,0,0,0,1,1,0,0,0,2021,0,0,0,0,0,0,0,,0,0,0,0,0,1,0,0,0,0,0
BEN,264138,264,138,1,4,1,1,1,1,1,0,1,0,1,0,0,0,2021,0,0,0,0,0,0,0,,0,0,0,0,2,1,0,0,0,0,0
BEN,264763,264,763,1,4,1,1,1,1,0,0,0,0,0,0,0,0,2021,0,0,0,0,0,0,0,0.6587079763412476,0,0,0,0,0,1,0,0,0,0,0
BEN,264928,264,928,1,4,0,0,1,1,1,0,0,0,0,0,0,0,2021,0,0,0,0,0,0,0,,60,0,0,0,0,0,0,0,0,1,0
BEN,265007,265,7,1,3,1,1,1,1,0,0,0,1,0,0,0,0,2021,0,0,0,0,0,0,0,,0,0,0,0,0,0,0,0,0,0,0
BEN,265014,265,14,1,4,1,1,1,0,0,0,0,1,0,0,0,0,2021,0,0,0,0,0,0,0,,0,0,0,0,0,0,0,0,0,0,0
BEN,265028,265,28,1,4,1,1,1,1,0,0,0,1,0,0,0,0,2021,0,0,0,0,0,0,0,0.12748199701309204,0,0,0,0,0,0,0,0,0,0,0
BEN,265050,265,50,1,3,1,1,1,0,0,1,1,0,1,0,0,0,2021,0,0,0,0,0,0,0,,0,15,0,0,0,1,0,0,0,0,0
BEN,265064,265,64,1,1,1,1,1,1,1,1,1,0,0,1,1,1,2021,1,1,1,0,0,1,0,,0,0,0,0,0,0,0,0,0,0,0
BEN,265071,265,71,1,4,1,1,1,1,1,1,1,0,0,0,0,0,2021,0,0,0,0,0,0,0,,0,0,0,0,0,0,0,1,0,0,0
BEN,265079,265,79,1,2,1,1,1,0,0,1,1,0,1,0,0,0,2021,0,0,0,0,0,0,0,1.2912770509719849,0,0,0,0,0,0,0,0,0,0,0
BEN,265093,265,93,1,4,1,1,1,1,1,0,0,0,0,0,0,0,2021,0,0,0,0,0,0,0,,0,0,0,0,0,1,0,0,0,0,0
BEN,265100,265,100,1,2,1,1,1,1,0,0,1,0,0,0,0,0,2021,0,0,0,0,0,0,0,1.2914129495620728,0,0,0,0,0,0,0,0,0,0,0
BEN,265107,265,107,1,2,1,1,1,1,1,0,0,1,1,0,0,0,2021,0,0,0,0,0,0,0,,0,0,0,0,0,0,0,0,0,0,0
BEN,265115,265,115,1,2,1,1,1,0,0,1,1,0,1,1,1,1,2021,1,0,0,0,0,0,0,,0,0,0,0,0,0,0,0,0,0,0
BEN,265764,265,764,1,4,1,1,1,1,1,0,0,1,0,0,0,0,2021,0,0,0,0,0,0,0,0.5970169901847839,0,0,0,0,0,0,0,0,0,0,0
BEN,266015,266,15,2,4,0,1,1,1,1,0,0,1,0,0,0,0,2021,0,0,0,0,0,0,0,4.51500004529953,0,0,0,0,0,0,1,1,0,0,0
BEN,266031,266,31,2,4,0,1,1,1,1,0,0,1,0,0,0,0,2021,0,0,0,0,0,0,0,4.54200005531311,0,0,0,0,0,0,1,1,0,0,0
BEN,266063,266,63,2,4,0,1,1,1,1,0,0,1,0,0,0,0,2021,0,0,0,0,0,0,0,5.213000059127808,0,0,0,0,0,0,1,1,0,0,0
BEN,266080,266,80,2,2,0,1,1,1,1,0,0,0,0,0,0,0,2021,0,0,0,0,0,0,0,3.53000009059906,0,0,0,0,0,0,1,1,0,0,0
BEN,266096,266,96,2,2,1,1,1,1,1,0,0,1,1,0,0,0,2021,0,0,0,0,0,0,0,1.2937500476837158,0,0,0,0,0,0,0,0,0,0,0
BEN,266128,266,128,2,4,1,1,1,1,1,0,0,0,1,0,0,0,2021,0,0,0,0,0,0,0,1.4190000295639038,0,0,0,0,0,0,0,0,0,0,0
BEN,266145,266,145,2,2,1,1,1,1,1,0,0,1,1,0,0,0,2021,0,0,0,0,0,0,0,2.537000060081482,0,0,0,0,0,0,0,0,0,0,0
BEN,266161,266,161,2,4,1,1,1,1,1,0,0,1,1,0,0,0,2021,0,0,0,0,0,0,0,1.081240028142929,0,0,0,0,0,0,0,0,0,0,0
BEN,266193,266,193,2,4,1,1,0,1,1,0,0,1,0,0,0,0,2021,1,0,0,0,0,1,0,5.60139012336731,4,50,0,0,120,0,1,1,0,0,0
BEN,266210,266,210,2,4,1,1,0,1,1,0,0,1,0,0,0,0,2021,0,0,0,0,0,0,0,2.9362900257110596,0,9,0,0,0,0,0,0,1,0,0
BEN,266258,266,258,2,4,1,1,1,1,1,0,0,1,0,0,0,0,2021,0,0,0,0,0,0,0,3.4274399280548096,0,2,0,0,25,0,1,1,0,0,0
BEN,266765,266,765,2,4,1,1,0,1,1,0,0,1,0,0,0,0,2021,0,0,0,0,0,0,0,5.495890140533447,0,7,0,0,15,0,1,1,0,0,0
BEN,267003,267,3,1,1,1,1,1,1,1,0,0,1,1,0,0,0,2021,0,0,0,0,0,0,0,5.1644288301467896,0,6,0,0,10,0,0,1,0,1,0
BEN,267010,267,10,1,1,1,1,1,1,1,0,0,1,1,0,0,0,2021,0,0,0,0,0,0,0,,12,6,0,0,0,1,0,0,0,0,0
BEN,267025,267,25,1,2,1,1,1,1,1,1,1,0,1,0,1,0,2021,0,0,0,0,0,0,0,1.9687256813049316,0,0,0,0,0,1,0,1,0,0,0
BEN,267033,267,33,1,3,1,1,1,1,1,1,1,0,0,1,1,1,2021,0,0,0,0,1,0,0,3.01357102394104,0,0,0,0,0,0,1,0,0,0,0
BEN,267040,267,40,1,2,1,1,1,1,1,1,1,0,0,1,1,1,2021,0,0,0,0,0,1,0,,0,0,0,0,0,0,0,1,1,0,0
BEN,267048,267,48,1,3,1,1,1,1,1,0,0,1,0,0,0,0,2021,0,0,0,0,0,0,0,2.4829553365707397,0,0,0,0,0,0,1,0,1,0,0
BEN,267055,267,55,1,4,1,1,1,1,1,0,0,1,0,1,1,0,2021,0,0,0,0,0,0,0,3.2460858821868896,0,0,0,0,0,0,0,1,0,0,0
BEN,267063,267,63,1,4,0,1,0,0,0,0,0,0,0,0,0,0,2021,0,0,0,0,0,0,0,1.956100046634674,0,0,0,0,0,0,1,0,0,1,0
BEN,267070,267,70,1,3,0,1,0,1,1,1,1,0,1,0,0,0,2021,0,0,0,0,0,0,0,,0,0,0,0,0,0,0,1,1,0,0
BEN,267077,267,77,1,2,1,1,1,0,0,0,0,0,0,0,0,0,2021,0,0,0,0,0,0,0,1.034600019454956,0,0,0,0,0,0,1,1,0,1,0
BEN,267085,267,85,1,2,1,1,1,0,0,1,1,0,0,0,0,0,2021,0,0,0,0,0,0,0,,0,0,0,0,0,1,1,1,0,0,0
BEN,267766,267,766,1,3,1,1,1,1,1,0,0,0,1,0,0,0,2021,0,0,0,0,0,0,0,,0,0,0,0,0,0,0,0,0,0,0
BEN,268020,268,20,2,2,1,1,1,1,0,0,0,1,0,0,0,0,2021,0,0,0,0,0,0,0,8.277000188827515,0,0,0,0,0,0,1,1,0,0,0
BEN,268034,268,34,2,2,1,1,1,1,0,0,0,1,0,0,0,0,2021,0,0,0,0,0,0,0,8.069999694824219,0,12,0,0,8,0,1,1,0,0,0
BEN,268035,268,35,2,4,1,1,1,1,0,0,0,1,1,0,0,0,2021,0,0,0,0,0,0,0,,0,0,0,0,0,0,0,0,0,0,0
BEN,268038,268,38,2,4,0,1,1,1,0,0,0,0,0,0,0,0,2021,0,0,0,0,0,0,0,,0,0,0,0,0,0,0,1,1,0,0
BEN,268049,268,49,2,2,0,1,1,1,1,0,0,0,0,0,0,0,2021,0,0,0,0,0,0,0,,0,15,0,0,56,1,1,1,0,0,0
BEN,268092,268,92,2,2,1,1,1,1,1,0,0,1,1,0,0,0,2021,0,0,0,0,0,0,0,2.112470030784607,0,0,0,0,0,0,0,0,0,0,0
BEN,268135,268,135,2,2,1,1,1,1,1,0,0,1,1,0,0,0,2021,0,0,0,0,0,0,0,1.6782700419425964,0,0,0,0,0,0,0,0,0,0,0
BEN,268150,268,150,2,2,1,1,1,1,0,0,0,1,1,0,0,0,2021,0,0,0,0,0,0,0,1.5819100141525269,0,0,0,0,0,0,0,0,0,0,0
BEN,268164,268,164,2,4,1,1,1,1,1,0,0,1,0,0,0,0,2021,0,0,0,0,0,0,0,3.1693499088287354,0,0,0,0,0,0,0,1,0,0,0
BEN,268193,268,193,2,4,1,1,1,1,1,0,0,1,0,0,0,0,2021,0,0,0,0,0,0,0,3.083660066127777,0,0,0,0,0,0,1,1,0,0,0
BEN,268207,268,207,2,4,1,1,1,1,1,0,0,0,0,0,0,0,2021,0,0,0,0,0,0,0,5.733899831771851,0,0,0,0,0,0,1,1,0,0,0
BEN,268222,268,222,2,4,1,1,0,1,1,0,0,1,0,0,0,0,2021,0,0,0,0,0,0,0,5.173800230026245,8,0,0,0,0,0,1,1,0,0,0
BEN,269016,269,16,1,2,1,1,1,0,0,0,0,0,0,0,1,1,2021,0,0,0,0,0,0,0,0.8084000051021576,0,0,0,0,0,1,0,0,0,0,0
BEN,269067,269,67,1,4,1,1,0,1,1,0,0,0,0,0,0,0,2021,0,0,0,0,0,0,0,,0,0,0,0,0,1,0,0,0,0,0
BEN,269084,269,84,1,1,1,1,0,0,0,1,1,0,1,0,0,0,2021,0,0,0,0,0,0,0,2.5506420135498047,0,0,0,0,60,0,0,1,0,0,0
BEN,269101,269,101,1,1,1,1,1,1,0,0,0,0,0,0,0,0,2021,1,0,0,0,0,0,0,0.3955180048942566,0,10,0,0,60,1,0,0,1,0,0
BEN,269118,269,118,1,3,1,1,1,1,1,0,0,0,1,0,1,0,2021,0,0,0,0,0,0,0,,0,0,0,0,0,0,0,1,0,0,0
BEN,269135,269,135,1,1,1,1,1,0,0,0,0,1,1,0,0,0,2021,0,0,0,0,0,0,0,0.04008200019598007,0,0,0,0,0,0,0,1,0,1,0
BEN,269152,269,152,1,2,1,1,1,0,0,0,0,1,1,1,0,0,2021,0,0,0,0,0,0,0,1.3627870082855225,0,0,0,0,0,1,0,0,0,0,0
BEN,269169,269,169,1,2,0,1,1,0,0,0,1,0,1,0,0,1,2021,0,0,0,0,0,0,0,0.7119960188865662,0,0,0,0,0,1,0,0,1,0,0
BEN,269186,269,186,1,2,0,1,0,1,0,0,0,0,1,0,0,0,2021,0,0,0,0,0,0,0,,0,0,0,0,0,1,0,0,0,0,0
BEN,269203,269,203,1,4,1,1,1,0,0,0,1,0,1,1,0,0,2021,0,0,0,0,0,0,0,,0,0,0,0,0,1,0,0,0,0,0
BEN,269767,269,767,1,4,1,1,1,1,0,0,0,0,0,0,0,0,2021,0,0,0,0,0,0,0,1.9331160485744476,0,0,0,0,0,1,0,0,0,0,0
BEN,269768,269,768,1,3,1,1,1,1,0,0,0,0,0,0,0,0,2021,0,0,0,0,0,0,0,,0,0,0,0,0,0,0,0,0,0,0
BEN,270010,270,10,2,2,1,1,1,1,1,0,0,1,0,0,0,0,2021,0,0,0,0,0,0,0,5.629999876022339,0,9,0,0,28,1,1,1,0,0,0
BEN,270030,270,30,2,2,0,1,1,1,1,0,0,0,0,0,0,0,2021,0,0,0,0,0,0,0,,0,8,0,0,11,1,0,0,1,0,0
BEN,270040,270,40,2,2,1,1,1,1,1,1,1,0,0,0,0,0,2021,1,0,0,0,0,1,0,7.424000144004822,0,0,16,0,83,1,1,1,0,0,0
BEN,270051,270,51,2,2,0,1,1,1,0,0,0,0,0,0,0,0,2021,0,0,0,0,0,0,0,4.778999924659729,0,0,0,0,0,1,1,1,0,0,0
BEN,270071,270,71,2,2,1,1,1,1,1,0,0,1,1,0,0,0,2021,0,0,0,0,0,0,0,,0,0,0,0,0,1,0,0,0,0,0
BEN,270081,270,81,2,3,1,1,1,1,1,0,0,0,1,0,0,0,2021,0,0,0,0,0,0,0,,0,0,0,0,0,1,1,0,0,0,0
BEN,270092,270,92,2,2,1,1,1,1,1,0,0,0,1,0,0,0,2021,0,0,0,0,0,0,0,3.2390300035476685,0,0,0,0,10,1,0,0,0,0,0
BEN,270112,270,112,2,2,1,1,1,1,1,0,1,0,1,0,0,0,2021,0,0,0,0,0,0,0,3.1749000549316406,0,0,0,0,0,0,0,0,0,0,0
BEN,270122,270,122,2,2,1,1,1,1,0,0,0,1,0,0,0,0,2021,0,0,0,0,0,0,0,2.8984000384807587,0,6,0,0,0,0,1,1,1,0,0
BEN,270133,270,133,2,2,1,1,1,1,1,0,0,1,0,0,0,0,2021,0,0,0,0,0,0,0,7.065390110015869,0,3,0,0,20,1,1,1,0,0,0
BEN,270153,270,153,2,2,1,1,1,1,1,0,0,1,0,0,0,0,2021,0,0,0,0,0,0,0,4.894929885864258,0,15,0,0,20,0,0,1,0,0,0
BEN,270163,270,163,2,2,1,1,1,1,1,0,0,1,0,0,0,0,2021,0,0,0,0,0,0,0,6.808010220527649,0,0,0,0,0,1,0,0,0,0,0
BEN,271006,271,6,1,4,1,1,1,1,1,0,1,0,0,0,0,0,2021,0,0,0,0,0,0,0,,0,5,0,0,6,1,0,0,0,0,0
BEN,271019,271,19,1,4,1,1,1,1,1,0,0,0,0,0,0,0,2021,0,0,0,0,0,0,0,,0,4,0,0,9,1,0,0,0,0,0
BEN,271033,271,33,1,4,0,1,1,1,1,0,0,0,0,0,0,0,2021,0,0,0,0,0,0,0,,0,0,0,0,5,1,0,0,0,0,0
BEN,271046,271,46,1,2,1,1,1,1,1,0,0,0,0,0,0,0,2021,0,0,0,0,0,0,0,,0,9,0,0,21,0,0,0,1,0,0
BEN,271060,271,60,1,4,0,1,1,1,0,0,0,0,0,0,0,0,2021,0,0,0,0,0,0,0,1.2362240254878998,0,0,0,0,0,0,1,0,0,0,0
BEN,271074,271,74,1,2,0,1,1,1,0,0,0,0,0,0,0,0,2021,0,0,0,0,0,0,0,2.4607790112495422,0,0,0,0,0,0,1,0,0,1,0
BEN,271087,271,87,1,4,0,1,1,0,1,0,0,0,0,0,0,0,2021,0,0,0,0,0,0,0,0.2678459957242012,0,0,0,0,0,0,1,0,0,0,0
BEN,271101,271,101,1,2,1,1,1,1,0,1,1,0,0,0,0,0,2021,0,0,0,0,0,0,0,,0,0,0,0,0,0,1,0,0,0,0
BEN,271114,271,114,1,4,0,1,1,1,0,0,1,0,0,0,0,0,2021,0,0,0,0,0,0,0,,0,0,0,0,0,1,1,0,0,0,0
BEN,271128,271,128,1,2,1,1,1,1,0,0,0,1,0,0,0,0,2021,0,0,0,0,0,0,0,,0,0,0,0,0,0,0,0,1,0,0
BEN,271141,271,141,1,4,0,1,1,1,0,0,0,1,0,0,0,0,2021,0,0,0,0,0,0,0,,0,0,0,0,0,1,0,0,0,0,0
BEN,271155,271,155,1,4,0,1,1,1,0,0,0,0,0,0,0,0,2021,0,0,0,0,0,0,0,0.6383870095014572,0,14,0,0,0,0,0,0,1,0,0
BEN,272013,272,13,2,2,0,1,1,1,0,0,0,1,0,0,0,0,2021,0,0,0,0,0,0,0,5.869999885559082,0,7,0,0,5,0,1,1,0,0,0
BEN,272024,272,24,2,2,1,1,1,1,0,0,0,1,0,0,0,0,2021,0,0,0,0,0,0,0,,0,4,0,0,12,1,0,1,0,0,0
BEN,272034,272,34,2,2,0,1,1,1,0,0,0,1,0,0,0,0,2021,0,0,0,0,0,0,0,7.390000104904175,0,12,0,0,48,0,1,1,0,0,0
BEN,272056,272,56,2,2,0,1,1,1,0,0,0,0,0,0,0,0,2021,0,0,0,0,0,0,0,,0,14,0,0,5,1,0,1,1,0,0
BEN,272066,272,66,2,2,1,1,1,1,0,0,0,1,1,0,0,0,2021,0,0,0,0,0,0,0,,0,10,0,0,20,0,0,0,0,0,0
BEN,272077,272,77,2,2,1,1,1,1,0,0,0,1,1,0,0,0,2021,0,0,0,0,0,0,0,,0,0,0,0,0,0,0,0,0,0,0
BEN,272099,272,99,2,2,1,1,1,1,0,0,0,1,1,0,0,0,2021,0,0,0,0,0,0,0,3.5911099910736084,0,0,0,0,0,0,0,0,0,0,0
BEN,272109,272,109,2,2,1,1,1,1,0,0,0,1,1,0,0,0,2021,0,0,0,0,0,0,0,1.0347299873828888,0,0,0,0,0,0,0,0,0,0,0
BEN,272120,272,120,2,4,1,1,1,1,1,0,0,1,0,0,0,0,2021,0,0,0,0,0,0,0,3.030780076980591,0,0,0,0,0,1,1,1,0,0,0
BEN,272141,272,141,2,4,1,1,1,1,1,0,0,1,0,0,0,0,2021,0,0,0,0,0,0,0,4.044639945030212,0,0,0,0,0,0,1,1,0,0,0
BEN,272152,272,152,2,2,1,1,1,1,1,0,0,0,0,0,0,0,2021,0,0,0,0,0,0,0,4.890879988670349,0,0,0,0,0,0,1,1,0,0,0
BEN,272163,272,163,2,2,1,1,0,1,1,0,0,0,0,0,0,0,2021,0,0,0,0,0,0,0,3.755110025405884,0,0,0,0,0,0,1,1,0,0,0
BEN,273030,273,30,2,4,0,1,0,0,0,0,0,1,0,0,0,0,2021,0,0,0,0,0,0,0,,120,60,0,0,75,1,0,0,0,0,0
BEN,273065,273,65,2,1,0,1,0,1,0,0,0,1,0,0,0,0,2021,0,0,0,0,0,0,0,0.6955359876155853,0,8,0,0,13,1,1,0,0,0,0
BEN,273136,273,136,2,4,0,1,1,1,0,0,0,0,0,0,0,0,2021,0,0,0,0,0,0,0,0.8520369827747345,0,13,0,0,20,1,0,0,0,0,0
BEN,273172,273,172,2,4,0,1,0,1,0,0,0,0,0,0,0,0,2021,0,0,0,0,0,0,0,,0,11,0,0,9,1,1,0,0,0,0
BEN,273207,273,207,2,2,1,1,1,0,0,0,0,1,0,0,0,0,2021,0,0,0,0,0,0,0,1.0725579857826233,0,8,0,0,0,0,1,0,0,0,0
BEN,273278,273,278,2,4,1,1,0,0,0,0,0,0,0,0,0,0,2021,0,0,0,0,0,0,0,,0,5,0,0,13,1,0,0,0,0,0
BEN,273314,273,314,2,3,1,1,1,0,0,0,0,1,0,0,0,0,2021,0,0,0,0,0,0,0,,0,5,0,0,11,0,0,0,0,0,0
BEN,273349,273,349,2,2,1,1,1,0,0,0,0,1,0,0,0,0,2021,1,0,0,0,0,0,0,1.7941640615463257,0,7,0,0,12,0,1,0,0,0,0
BEN,273420,273,420,2,2,0,1,1,0,1,0,0,1,0,0,0,0,2021,0,0,0,0,0,0,0,0.0992099978029728,0,0,0,0,6,0,1,1,0,0,0
BEN,273456,273,456,2,2,0,1,1,1,1,0,0,1,0,0,0,0,2021,0,0,0,0,0,0,0,,0,68,0,0,19,0,1,1,0,0,0
BEN,273491,273,491,2,2,0,1,1,1,1,0,0,1,0,0,0,0,2021,0,0,0,0,0,0,0,0.11068000085651875,0,0,0,0,8,0,1,1,0,0,0
BEN,273562,273,562,2,2,0,1,1,1,1,0,0,1,0,0,0,0,2021,0,0,0,0,0,0,0,0.21656000055372715,0,4,0,0,0,0,0,1,0,0,0
BEN,274009,274,9,1,4,1,1,1,1,1,1,1,0,0,1,0,0,2021,0,0,0,0,0,0,0,,0,0,0,0,11,0,0,0,0,0,0
BEN,274025,274,25,1,1,1,1,1,1,1,1,1,0,0,0,0,0,2021,1,0,0,0,0,0,0,,0,0,0,0,29,0,0,0,1,0,0
BEN,274041,274,41,1,3,1,1,1,1,1,1,1,0,0,1,0,0,2021,0,0,0,0,0,0,0,,0,0,0,0,6,1,0,0,0,0,0
BEN,274072,274,72,1,1,1,1,1,1,1,1,1,0,0,1,0,0,2021,1,1,0,1,0,1,1,,0,0,0,0,21,0,0,0,1,0,0
BEN,274088,274,88,1,2,1,1,1,1,0,1,1,0,1,0,0,0,2021,0,0,0,0,0,0,0,,0,0,0,0,0,0,1,0,0,0,0
BEN,274120,274,120,1,4,1,1,1,1,0,1,1,0,0,0,0,0,2021,0,0,0,0,0,0,0,,0,0,0,0,0,1,1,0,0,0,0
BEN,274135,274,135,1,3,1,1,1,1,0,1,1,0,1,0,1,0,2021,0,0,0,0,0,0,0,,0,0,0,0,0,0,1,0,0,0,0
BEN,274151,274,151,1,2,1,1,1,1,0,0,0,0,0,0,0,0,2021,0,0,0,0,0,0,0,,0,0,0,0,0,0,1,1,0,0,0
BEN,274167,274,167,1,3,1,1,1,1,0,1,1,0,1,1,0,1,2021,1,0,0,0,0,1,0,,0,0,0,0,0,0,0,0,1,0,0
BEN,274183,274,183,1,4,1,1,1,1,0,1,1,0,1,1,0,1,2021,0,0,0,0,0,0,0,,0,0,0,0,0,1,0,0,0,0,0
BEN,274230,274,230,1,4,1,1,1,1,0,1,1,0,0,1,1,0,2021,0,0,0,0,0,0,0,,0,0,0,0,0,0,0,1,0,0,0
BEN,274246,274,246,1,1,1,1,1,1,0,1,1,0,1,1,0,0,2021,1,0,0,0,0,1,0,,0,0,0,0,0,0,0,0,0,0,0
BEN,275010,275,10,2,4,0,1,0,0,0,0,0,0,0,0,0,0,2021,0,0,0,0,0,0,0,0.23951499164104462,0,10,0,0,16,1,0,0,0,0,0
BEN,275025,275,25,2,1,0,1,0,0,0,0,0,0,0,0,0,0,2021,0,0,0,0,0,0,0,0.4466399997472763,0,8,0,0,20,0,1,0,0,1,0
BEN,275054,275,54,2,1,1,1,1,1,0,0,0,1,0,0,0,0,2021,0,0,0,0,0,0,0,5.710554152727127,0,5,0,0,15,1,0,0,0,0,0
BEN,275069,275,69,2,1,0,1,1,0,0,0,0,0,0,0,0,0,2021,0,0,0,0,0,0,0,0.8769759684801102,0,11,0,0,17,0,1,0,0,1,0
BEN,275084,275,84,2,4,1,1,1,0,0,0,0,0,0,0,0,0,2021,0,0,0,0,0,0,0,0.9681090041995049,0,8,0,0,13,1,0,0,0,0,0
BEN,275113,275,113,2,2,1,1,1,1,0,0,0,1,0,0,0,0,2021,0,0,0,0,0,0,0,1.5661180019378662,0,0,0,0,20,0,1,0,0,0,0
BEN,275128,275,128,2,2,0,1,1,0,0,0,0,1,0,0,0,0,2021,0,0,0,0,0,0,0,2.756073921918869,0,8,0,0,20,0,1,0,0,0,0
BEN,275143,275,143,2,2,1,1,1,0,0,0,0,1,0,0,0,0,2021,0,0,0,0,0,0,0,3.7981051206588745,0,6,0,0,15,0,1,0,0,0,0
BEN,275172,275,172,2,2,0,1,1,1,1,0,0,1,0,0,0,0,2021,0,0,0,0,0,0,0,2.7254998981952667,0,12,0,0,9,0,0,1,0,0,0
BEN,275187,275,187,2,2,0,1,1,0,1,0,0,1,0,0,0,0,2021,0,0,0,0,0,0,0,1.0007000043988228,0,0,0,0,9,0,1,1,0,0,0
BEN,275202,275,202,2,2,0,1,1,1,1,0,0,1,0,0,0,0,2021,0,0,0,0,0,0,0,1.5391999706625938,0,0,8,0,6,0,1,1,0,0,0
BEN,275231,275,231,2,2,0,1,1,1,1,0,0,1,0,0,0,0,2021,0,0,0,0,0,0,0,0.46230001375079155,0,4,0,0,0,0,1,1,0,0,0
BEN,276002,276,2,1,2,0,1,0,1,1,0,0,1,0,0,0,0,2021,0,0,0,0,0,0,0,1.0637999773025513,0,0,0,0,0,0,1,1,0,1,0
BEN,276005,276,5,1,2,0,1,0,0,0,0,0,0,0,0,0,0,2021,0,0,0,0,0,0,0,5.025594115257263,0,0,0,0,0,0,0,0,0,0,0
BEN,276008,276,8,1,2,0,1,0,1,0,0,0,1,0,0,0,0,2021,0,0,0,0,0,0,0,5.410023272037506,0,0,0,0,0,1,0,0,0,0,0
BEN,276011,276,11,1,4,0,1,0,0,0,0,0,1,0,0,0,0,2021,0,0,0,0,0,0,0,11.18064022064209,0,100,0,0,0,1,1,1,0,1,0
BEN,276016,276,16,1,2,0,1,0,0,0,0,0,0,0,0,0,0,2021,0,0,0,0,0,0,0,1.691096544265747,0,0,0,0,34,0,0,0,0,0,0
BEN,276017,276,17,1,4,0,1,0,0,0,0,0,1,0,0,0,0,2021,0,0,0,0,0,0,0,4.276300072669983,0,0,0,0,0,0,1,1,0,1,0
BEN,276023,276,23,1,2,1,0,0,1,0,0,0,0,0,0,0,0,2021,0,0,0,0,0,0,0,0.9361999928951263,0,0,0,0,0,0,0,1,0,0,0
BEN,276026,276,26,1,2,0,1,0,0,0,0,0,0,0,0,0,0,2021,0,0,0,0,0,0,0,6.802730321884155,0,0,0,0,0,0,1,0,0,1,0
BEN,276029,276,29,1,2,0,1,0,1,0,0,0,1,0,0,0,0,2021,0,0,0,0,0,0,0,10.982609272003174,0,0,0,0,0,1,1,1,0,0,0
BEN,276032,276,32,1,4,0,1,0,1,0,0,0,0,0,0,0,0,2021,0,0,0,0,0,0,0,8.834799766540527,0,0,0,0,0,0,1,0,0,1,0
BEN,276034,276,34,1,4,0,1,0,1,0,0,0,0,0,0,0,0,2021,0,0,0,0,0,0,0,1.8100999593734741,0,0,0,0,0,1,1,0,0,1,0
BEN,276048,276,48,1,2,1,1,1,1,1,0,0,0,1,0,0,0,2021,0,0,0,0,0,0,0,2.5242999792099,0,3,0,0,0,0,0,0,0,1,0
BEN,277005,277,5,1,3,0,1,1,1,1,1,1,0,0,0,0,0,2021,0,0,0,0,0,0,0,,0,0,0,0,0,1,0,0,0,0,0
BEN,277014,277,14,1,3,1,1,0,1,1,1,1,0,0,0,0,1,2021,1,0,0,0,0,0,0,,0,0,0,0,0,1,0,1,0,0,0
BEN,277022,277,22,1,2,1,1,1,1,1,1,1,0,0,0,1,1,2021,0,0,0,0,0,0,0,,0,0,0,0,0,1,0,0,0,0,0
BEN,277031,277,31,1,4,0,1,0,1,1,0,0,1,0,0,1,1,2021,1,0,0,0,0,0,0,,0,0,0,0,0,1,0,0,0,0,0
BEN,277039,277,39,1,1,1,1,1,1,1,1,1,0,0,1,1,0,2021,1,0,0,0,0,1,0,,0,0,0,0,0,0,0,0,0,0,0
BEN,277047,277,47,1,1,1,1,1,1,1,1,1,0,0,1,0,0,2021,1,0,1,0,0,1,0,,0,0,0,0,0,0,0,1,0,0,0
BEN,277056,277,56,1,1,1,1,1,1,1,1,1,0,0,0,0,0,2021,0,0,0,0,0,0,0,,0,0,0,0,0,0,0,0,1,0,0
BEN,277064,277,64,1,3,1,1,1,1,1,1,1,0,1,0,0,0,2021,0,0,0,0,0,0,0,,0,0,0,0,0,1,0,0,0,0,0
BEN,277073,277,73,1,3,1,1,1,1,0,0,1,0,1,1,1,1,2021,1,0,0,0,0,0,0,,0,0,0,0,0,1,0,0,0,0,0
BEN,277081,277,81,1,2,1,1,1,1,1,0,0,0,1,0,0,0,2021,0,0,0,0,0,0,0,,0,0,0,0,0,1,0,0,0,0,0
BEN,277098,277,98,1,2,1,1,1,1,1,1,1,0,0,1,1,0,2021,1,0,0,0,0,1,0,2.375541001558304,0,4,0,0,54,0,0,1,0,1,0
BEN,277132,277,132,1,3,1,1,1,0,0,0,0,1,1,1,0,0,2021,0,0,0,0,0,0,0,,0,0,0,0,0,0,0,0,0,0,0
BEN,278002,278,2,2,1,0,1,0,0,0,0,0,0,0,0,0,0,2021,0,0,0,0,0,0,0,1.904513955116272,0,0,0,0,10,0,0,0,0,1,0
BEN,278004,278,4,2,4,0,0,0,0,0,0,0,0,0,0,0,0,2021,0,0,0,0,0,0,0,,0,0,0,0,12,0,1,0,0,1,0
BEN,278006,278,6,2,4,0,0,0,0,0,0,0,0,0,0,0,0,2021,0,0,0,0,0,0,0,2.3238100707530975,0,0,0,0,11,0,1,0,0,1,0
BEN,278011,278,11,2,4,0,1,0,1,0,0,0,0,0,0,0,0,2021,0,0,0,0,0,0,0,27.765818268060684,0,0,0,0,18,0,1,0,0,1,0
BEN,278013,278,13,2,2,0,1,0,1,1,0,0,0,0,0,0,0,2021,0,0,0,0,0,0,0,25.42196500301361,0,5,0,0,15,0,1,0,0,0,0
BEN,278015,278,15,2,2,0,1,0,1,1,0,0,1,0,0,0,0,2021,0,0,0,0,0,0,0,2.3592331036925316,0,0,0,0,12,0,1,0,0,1,0
BEN,278020,278,20,2,4,0,1,0,1,1,0,0,1,0,0,0,0,2021,0,0,0,0,0,0,0,4.20960795879364,0,8,0,0,33,0,0,0,1,0,0
BEN,278022,278,22,2,2,0,1,0,0,0,0,0,0,0,0,0,0,2021,0,0,0,0,0,0,0,3.0850459933280945,0,7,0,0,17,0,1,0,0,0,0
BEN,278024,278,24,2,4,0,1,0,0,0,0,0,0,0,0,0,0,2021,0,0,0,0,0,0,0,0.09030000120401382,0,0,0,0,4,0,0,1,0,1,0
BEN,278029,278,29,2,2,0,1,0,0,0,0,0,0,0,0,0,0,2021,0,0,0,0,0,0,0,0.3076400086283684,0,4,0,0,0,0,0,1,0,1,0
BEN,278031,278,31,2,2,0,1,0,0,0,0,0,0,0,0,0,0,2021,0,0,0,0,0,0,0,0.3351600021123886,0,8,0,0,3,0,1,1,0,1,0
BEN,278033,278,33,2,2,0,0,0,0,0,0,0,0,0,0,0,0,2021,0,0,0,0,0,0,0,0.6073799896985292,0,0,0,0,6,0,0,1,0,1,0
BEN,279009,279,9,2,1,1,1,1,1,0,1,1,0,0,1,1,0,2021,1,0,0,0,0,1,0,26.773050099611282,0,10,0,0,12,0,0,0,1,1,0
BEN,279028,279,28,2,4,1,1,1,1,0,1,1,0,0,0,0,0,2021,0,0,0,0,0,0,0,,0,0,0,0,5,1,0,0,0,0,0
BEN,279037,279,37,2,3,1,1,1,1,0,1,1,0,0,0,0,0,2021,0,0,0,0,0,0,0,,0,3,0,0,13,0,0,0,1,0,0
BEN,279047,279,47,2,2,1,1,1,1,0,1,1,0,0,0,0,0,2021,0,0,0,0,0,0,0,1.1801559925079346,4,0,0,0,10,0,0,0,1,0,0
BEN,279066,279,66,2,4,1,1,1,1,0,0,0,1,0,0,0,0,2021,0,0,0,0,0,0,0,,0,7,0,0,0,1,0,0,1,0,0
BEN,279075,279,75,2,4,1,1,1,1,1,0,0,1,0,0,0,0,2021,0,0,0,0,0,0,0,,0,13,0,0,11,0,0,0,0,0,0
BEN,279084,279,84,2,2,1,1,1,1,1,1,1,0,0,0,0,0,2021,1,0,0,0,0,0,0,,0,6,0,0,15,1,0,0,0,0,0
BEN,279103,279,103,2,4,1,1,1,1,0,0,0,1,0,0,0,0,2021,0,0,0,0,0,0,0,6.044732093811035,0,8,0,0,12,1,0,0,0,0,0
BEN,279113,279,113,2,2,0,1,1,1,0,1,1,0,0,0,0,0,2021,0,0,0,0,0,0,0,0.053540000692009926,0,3,0,0,0,0,1,1,0,0,0
BEN,279122,279,122,2,4,0,1,1,1,1,1,1,0,0,0,0,0,2021,0,0,0,0,0,0,0,,0,0,0,0,5,0,0,1,1,0,0
BEN,279141,279,141,2,1,1,1,1,1,1,0,0,1,0,0,0,0,2021,0,0,0,0,0,0,0,,0,12,0,0,0,0,1,0,0,0,0
BEN,279150,279,150,2,3,1,1,1,1,1,1,1,0,0,0,0,0,2021,0,0,0,0,0,0,0,,0,0,0,0,0,0,0,1,0,0,0
BEN,280010,280,10,1,2,0,0,0,1,1,0,0,0,0,0,0,0,2021,0,0,0,0,0,0,0,0.9108000099658966,5,0,0,0,0,0,1,0,0,0,0
BEN,280021,280,21,1,4,1,1,1,1,1,0,0,1,1,0,0,0,2021,0,0,0,0,0,0,0,0.5259000062942505,0,0,0,0,32,1,0,1,0,0,0
BEN,280032,280,32,1,4,0,1,0,1,1,0,0,0,0,0,0,0,2021,0,0,0,0,0,0,0,1.1262000054121017,0,0,0,0,17,0,1,1,0,0,0
BEN,280043,280,43,1,2,1,1,1,1,1,0,0,1,1,0,0,0,2021,1,0,0,0,0,0,0,,0,0,0,0,0,0,0,1,0,0,0
BEN,280054,280,54,1,2,0,0,0,1,1,0,0,0,0,0,0,0,2021,0,0,0,0,0,0,0,1.3424700498580933,200,0,0,0,0,0,1,0,1,0,0
BEN,280065,280,65,1,2,0,0,0,1,1,0,0,0,0,0,0,0,2021,0,0,0,0,0,0,0,0.7200000286102295,103,0,0,0,0,0,1,0,0,0,0
BEN,280076,280,76,1,2,0,1,1,1,1,0,0,0,0,0,0,0,2021,0,0,0,0,0,0,0,,0,0,0,0,0,0,0,0,0,0,0
BEN,280087,280,87,1,2,1,1,1,1,1,0,0,0,0,0,0,0,2021,0,0,0,0,0,0,0,4.284530162811279,0,0,0,0,0,1,1,1,0,0,0
BEN,280098,280,98,1,2,1,1,0,1,1,0,0,0,0,0,0,0,2021,0,0,0,0,0,0,0,1.6313999891281128,0,65,0,95,0,0,1,1,0,1,0
BEN,280109,280,109,1,2,1,1,1,1,1,0,0,1,0,0,0,0,2021,0,0,0,0,0,0,0,,0,0,0,0,0,1,0,0,1,0,0
BEN,280120,280,120,1,2,1,1,1,1,1,0,0,1,0,0,0,1,2021,0,0,0,0,0,0,0,,0,0,0,0,0,0,1,1,0,1,0
BEN,280131,280,131,1,2,1,1,1,1,1,0,0,1,0,0,0,0,2021,0,0,0,0,0,0,0,2.487899959087372,0,0,0,0,0,0,1,0,0,1,0
BEN,281014,281,14,2,1,1,1,1,1,0,1,1,0,0,0,0,0,2021,0,0,0,0,0,0,0,7.5989228412508965,0,11,0,0,32,0,1,0,0,0,0
BEN,281028,281,28,2,4,1,1,1,1,0,1,1,0,0,1,1,0,2021,1,0,0,0,0,0,0,1.2430909872055054,0,8,0,0,10,0,1,0,0,0,0
BEN,281056,281,56,2,4,0,1,1,1,0,1,1,0,0,0,0,0,2021,1,0,0,0,0,0,0,0.37809500098228455,0,12,0,0,18,1,0,0,0,0,0
BEN,281069,281,69,2,4,1,1,1,1,0,1,1,0,0,0,0,0,2021,0,0,0,0,0,0,0,0.3950969874858856,0,6,0,0,10,1,0,0,0,0,0
BEN,281097,281,97,2,3,1,1,1,1,1,1,1,0,0,0,0,0,2021,1,0,0,0,0,1,0,,0,0,0,0,15,0,0,0,1,0,0
BEN,281111,281,111,2,4,0,1,1,1,1,1,1,0,0,0,0,0,2021,1,0,0,0,0,0,0,0.27105599641799927,0,9,0,0,15,1,0,0,0,0,0
BEN,281125,281,125,2,4,1,1,1,1,1,1,1,0,0,0,0,0,2021,0,0,0,0,0,0,0,,0,8,0,0,8,1,0,0,0,0,0
BEN,281153,281,153,2,1,1,1,1,1,1,1,1,0,0,1,0,0,2021,1,0,0,0,0,1,1,,0,0,0,0,8,1,0,0,0,0,0
BEN,281167,281,167,2,2,0,1,1,1,1,1,1,0,0,0,0,0,2021,0,0,0,0,0,0,0,8.631800174713135,0,0,0,0,4,0,1,1,0,0,0
BEN,281180,281,180,2,3,1,1,1,1,1,1,1,0,0,0,0,0,2021,0,0,0,0,0,0,0,,0,0,0,0,4,0,1,0,0,0,0
BEN,281208,281,208,2,3,0,1,1,1,1,1,0,1,0,0,0,0,2021,0,0,0,0,0,0,0,,0,3,0,0,0,0,0,1,1,0,0
BEN,281222,281,222,2,1,0,1,1,1,1,1,1,0,0,0,0,0,2021,0,0,0,0,0,0,0,,0,12,0,0,0,0,0,1,0,0,0
BEN,282017,282,17,1,3,1,1,1,1,1,1,1,0,0,1,1,1,2021,0,0,0,0,0,0,0,,0,0,0,0,0,0,0,0,0,0,0
BEN,282034,282,34,1,3,1,1,1,1,0,1,1,0,1,0,1,0,2021,1,0,0,0,0,1,0,0.456836998462677,0,0,0,0,0,1,0,0,0,0,0
BEN,282067,282,67,1,4,0,1,1,1,1,0,0,1,0,0,0,0,2021,0,0,0,0,0,0,0,2.6386239528656006,0,0,0,0,0,0,0,0,0,0,0
BEN,282084,282,84,1,3,1,1,1,1,1,1,1,0,0,1,1,0,2021,0,0,0,0,0,0,0,,0,0,0,0,0,0,0,0,0,0,0
BEN,282101,282,101,1,1,1,1,1,1,1,1,1,0,0,1,1,0,2021,1,0,0,0,0,1,0,,0,0,0,0,0,0,0,1,0,0,0
BEN,282118,282,118,1,1,1,1,1,1,1,0,0,1,0,1,1,0,2021,0,0,0,0,0,0,0,,0,0,0,0,13,0,0,1,0,0,0
BEN,282151,282,151,1,1,1,1,1,1,1,0,0,1,1,0,0,0,2021,1,0,0,0,0,1,0,,0,0,0,0,0,0,0,0,0,0,0
BEN,282202,282,202,1,3,1,1,1,1,1,1,1,0,1,0,0,0,2021,1,0,0,0,0,0,0,0.45726698637008667,0,0,0,0,0,1,0,0,0,0,0
BEN,282219,282,219,1,3,1,1,1,1,1,0,1,0,1,1,1,0,2021,0,0,0,0,0,0,0,,0,0,0,0,0,0,0,0,0,0,0
BEN,282235,282,235,1,3,1,1,1,1,1,1,1,0,0,1,1,0,2021,1,0,0,0,0,1,0,,0,0,0,0,0,1,0,0,0,0,0
BEN,282252,282,252,1,3,1,1,1,1,1,0,1,0,1,1,1,0,2021,1,0,0,0,0,1,0,,0,0,0,0,0,0,0,0,0,0,0
BEN,282269,282,269,1,2,1,1,1,1,0,0,0,0,1,0,1,0,2021,0,0,0,0,0,0,0,,0,0,0,0,2,1,0,0,0,0,0
BEN,283003,283,3,1,2,0,1,0,1,1,0,0,0,0,0,0,0,2021,0,0,0,0,0,0,0,3.966299921274185,0,0,12,0,48,0,1,1,0,0,0
BEN,283007,283,7,1,3,0,0,0,1,1,0,0,1,0,0,0,0,2021,0,0,0,0,0,0,0,5.958699941635132,0,0,0,0,0,0,1,1,0,0,0
BEN,283011,283,11,1,2,0,1,0,1,0,0,0,1,0,0,0,0,2021,0,0,0,0,0,0,0,1.8579000532627106,0,0,0,0,0,1,1,0,0,0,0
BEN,283016,283,16,1,2,1,1,1,1,1,1,1,0,1,0,0,0,2021,0,0,0,0,0,0,0,1.0041999816894531,0,0,0,0,0,0,1,0,0,0,0
BEN,283020,283,20,1,2,0,1,1,1,1,1,1,0,0,0,0,0,2021,0,0,0,0,0,0,0,2.693850040435791,0,0,0,0,0,0,1,0,0,0,0
BEN,283025,283,25,1,2,0,1,1,1,1,0,0,0,0,0,0,0,2021,0,0,0,0,0,0,0,7.757180213928223,0,0,0,0,0,0,1,1,0,0,0
BEN,283029,283,29,1,2,0,1,1,1,0,1,1,0,0,0,0,0,2021,0,0,0,0,0,0,0,1.7796906232833862,0,0,0,0,0,1,0,1,0,0,0
BEN,283033,283,33,1,2,0,1,1,1,0,1,1,0,0,0,0,0,2021,0,0,0,0,0,0,0,1.761249989271164,0,0,0,0,0,0,1,1,0,0,0
BEN,283038,283,38,1,3,1,1,1,1,1,0,0,0,0,0,0,0,2021,0,0,0,0,0,0,0,,0,0,0,0,0,0,1,0,1,0,0
BEN,283042,283,42,1,2,1,1,1,1,1,1,1,0,0,0,0,0,2021,0,0,0,0,0,0,0,,0,0,0,0,0,0,0,1,1,0,0
BEN,283046,283,46,1,2,1,0,0,1,1,0,0,0,0,0,0,0,2021,0,0,0,0,0,0,0,0.6025000214576721,13,0,0,0,0,1,1,0,0,0,0
BEN,283051,283,51,1,2,1,1,0,1,1,0,0,0,0,0,0,0,2021,0,0,0,0,0,0,0,1.6243999600410461,0,0,0,0,0,1,1,0,0,0,0
BEN,284004,284,4,2,2,1,1,1,1,1,0,1,0,1,0,1,0,2021,0,0,0,0,0,0,0,0.6018099933862686,0,1,0,0,9,0,1,1,1,0,0
BEN,284024,284,24,2,1,1,1,1,1,1,1,1,0,0,1,0,0,2021,1,0,0,0,0,0,0,0.33463001251220703,0,0,0,0,0,1,0,0,0,0,0
BEN,284042,284,42,2,1,1,1,1,0,0,0,0,1,0,0,0,0,2021,0,0,0,0,0,0,0,,0,0,0,0,0,0,0,0,1,0,0
BEN,284061,284,61,2,1,0,1,0,1,1,0,0,0,0,1,0,0,2021,0,0,0,0,0,0,0,0.2192700058221817,0,6,0,0,13,1,1,0,1,0,0
BEN,284097,284,97,2,2,0,1,1,1,0,1,1,0,0,0,0,0,2021,0,0,0,0,0,0,0,0.7849869132041931,0,3,0,0,5,0,1,1,1,0,0
BEN,284102,284,102,2,2,1,1,1,1,1,0,0,1,0,1,0,0,2021,0,0,0,0,0,0,0,,0,0,0,0,0,0,0,0,1,0,0
BEN,284134,284,134,2,2,1,1,1,1,1,1,1,0,0,0,1,0,2021,0,0,0,0,0,0,0,0.18045000731945038,0,0,0,0,37,0,1,1,0,0,0
BEN,284171,284,171,2,2,0,1,1,1,1,0,0,0,0,0,0,0,2021,0,0,0,0,0,0,0,0.3505512475967407,0,0,0,0,4,1,1,1,1,0,0
BEN,284189,284,189,2,2,0,1,0,0,0,0,0,1,1,0,0,0,2021,0,0,0,0,0,0,0,0.9129000008106232,0,3,0,0,1,0,1,0,0,0,0
BEN,284200,284,200,2,2,0,1,0,1,0,0,0,0,1,0,0,0,2021,0,0,0,0,0,0,0,,0,0,0,0,1,0,1,1,0,0,0
BEN,284262,284,262,2,1,1,1,1,1,0,1,0,1,1,0,0,0,2021,0,0,0,0,0,0,0,,0,0,0,0,0,0,1,1,0,0,0
BEN,284280,284,280,2,3,1,1,1,0,0,0,0,1,1,0,0,0,2021,0,0,0,0,0,0,0,0.03689999878406525,0,0,0,0,0,0,1,1,0,0,0
BEN,285015,285,15,1,1,0,1,0,0,0,0,0,1,0,0,0,0,2021,0,0,0,0,0,0,0,0.4272562563419342,0,5,0,0,0,1,1,1,1,0,0
BEN,285030,285,30,1,1,1,1,0,0,0,0,0,0,0,0,0,0,2021,0,0,0,0,0,0,0,0.5,0,0,0,0,0,0,1,1,0,0,0
BEN,285046,285,46,1,4,0,1,0,0,0,0,0,0,0,0,0,0,2021,0,0,0,0,0,0,0,0.7799999713897705,0,0,0,0,0,0,1,1,1,0,0
BEN,285061,285,61,1,2,0,1,0,0,0,0,0,0,1,0,0,0,2021,0,0,0,0,0,0,0,0.5,0,12,0,0,8,0,1,1,1,0,0
BEN,285077,285,77,1,2,1,1,1,0,0,0,0,0,1,0,0,0,2021,0,0,0,0,0,0,0,0.4261627793312073,0,1,0,0,5,0,1,1,1,0,0
BEN,285092,285,92,1,2,1,1,0,1,1,0,0,0,1,0,0,0,2021,0,0,0,0,0,0,0,0.19148564338684082,0,0,0,0,6,1,1,1,0,0,0
BEN,285108,285,108,1,2,1,1,0,0,0,0,0,0,1,0,0,0,2021,0,0,0,0,0,0,0,0.5,0,1,0,0,5,0,1,1,0,0,0
BEN,285139,285,139,1,4,0,0,0,0,0,0,0,0,0,0,0,0,2021,0,0,0,0,0,0,0,0.6887476146221161,0,0,0,0,10,0,1,1,1,0,0
BEN,285154,285,154,1,2,1,1,0,1,1,0,0,0,0,0,0,0,2021,1,0,0,0,0,0,0,3.410000056028366,0,15,0,0,35,0,1,0,0,0,0
BEN,285170,285,170,1,2,1,1,1,1,1,0,0,0,0,0,0,0,2021,0,0,0,0,0,0,0,0.5800000131130219,0,0,0,0,0,0,0,0,0,0,0
BEN,285185,285,185,1,2,1,1,0,1,1,0,0,0,0,0,0,0,2021,0,0,0,0,0,0,0,0.12999999523162842,0,0,0,0,0,0,0,0,0,0,0
BEN,285232,285,232,1,2,1,1,0,1,1,0,0,0,0,0,0,0,2021,0,0,0,0,0,0,0,0.9700000286102295,0,0,0,0,0,0,1,0,0,0,0
BEN,286012,286,12,2,2,1,1,1,1,1,0,0,0,0,0,0,0,2021,0,0,0,0,0,0,0,0.7899199724197388,0,3,0,0,6,0,1,0,1,0,0
BEN,286036,286,36,2,2,1,1,1,1,0,0,0,0,1,0,0,0,2021,0,0,0,0,0,0,0,0.6624000072479248,0,0,0,0,3,0,1,1,0,0,0
BEN,286048,286,48,2,2,0,1,1,1,1,0,0,0,0,0,0,0,2021,0,0,0,0,0,0,0,0.49191999435424805,0,1,3,0,0,0,1,0,1,0,0
BEN,286060,286,60,2,2,1,1,1,1,0,0,0,1,1,0,0,0,2021,0,0,0,0,0,0,0,0.7559999972581863,0,5,0,0,4,1,1,1,0,0,0
BEN,286084,286,84,2,4,1,1,1,1,1,0,0,1,0,0,0,0,2021,1,0,0,0,0,0,1,0.6075806617736816,0,41,0,0,50,0,1,1,1,0,0
BEN,286096,286,96,2,2,1,1,1,1,0,0,0,0,1,0,0,0,2021,0,0,0,0,0,0,0,0.7590000033378601,0,0,1,0,0,0,1,1,0,0,0
BEN,286109,286,109,2,2,0,1,0,1,0,0,0,0,1,0,0,0,2021,0,0,0,0,0,0,0,0.765999972820282,0,0,0,0,10,0,1,1,0,0,0
BEN,286133,286,133,2,2,0,1,0,1,1,0,0,0,0,0,0,0,2021,0,0,0,0,0,0,0,1.0303200483322144,0,6,12,0,0,1,1,1,1,0,0
BEN,286145,286,145,2,2,1,1,0,1,1,0,0,0,0,0,0,0,2021,0,0,0,0,0,0,0,1.2097899913787842,0,5,0,0,6,1,1,1,0,0,0
BEN,286157,286,157,2,1,0,1,1,1,1,0,0,1,0,0,0,0,2021,0,0,0,0,0,0,0,0.2810100018978119,0,12,0,0,15,0,1,1,1,0,0
BEN,286181,286,181,2,2,0,1,1,1,1,0,0,0,0,0,0,0,2021,0,0,0,0,0,0,0,0.263839989900589,0,2,0,0,6,0,1,0,1,0,0
BEN,286193,286,193,2,2,1,1,1,0,0,0,0,0,0,0,0,0,2021,0,0,0,0,0,0,0,0.6068400144577026,0,2,0,0,8,0,1,0,0,0,0
BEN,287035,287,35,2,3,1,1,1,1,1,0,0,1,1,1,0,0,2021,0,0,0,0,0,0,0,,0,0,0,0,0,0,0,0,0,0,0
BEN,287060,287,60,2,2,1,1,1,0,1,0,0,1,1,0,0,0,2021,0,0,0,0,0,0,0,,0,0,0,0,0,0,0,1,0,0,0
BEN,287107,287,107,2,2,1,1,1,1,1,0,0,0,0,1,0,0,2021,0,0,0,0,0,0,0,0.07549000158905983,0,0,0,0,0,0,1,0,1,0,0
BEN,287130,287,130,2,2,1,1,1,1,1,0,0,0,0,1,0,0,2021,0,0,0,0,0,0,0,0.04816000163555145,0,1,0,0,0,0,1,0,1,0,0
BEN,287175,287,175,2,2,1,1,1,1,0,0,0,0,0,0,0,0,2021,0,0,0,0,0,0,0,,0,0,0,0,0,1,0,0,0,0,0
BEN,287197,287,197,2,2,0,1,1,1,1,0,0,0,0,0,0,0,2021,0,0,0,0,0,0,0,,0,0,0,0,0,0,0,0,1,0,0
BEN,287204,287,204,2,2,0,1,0,1,1,0,0,0,0,0,0,0,2021,0,0,0,0,0,0,0,0.8383200168609619,0,0,0,0,27,0,1,1,0,0,0
BEN,287220,287,220,2,3,1,1,1,0,0,1,1,0,0,1,0,0,2021,1,1,0,0,0,1,0,0.5751699805259705,0,0,0,0,0,0,1,1,1,0,0
BEN,287265,287,265,2,2,0,1,1,1,1,1,1,0,0,0,0,0,2021,1,0,0,0,0,0,0,,0,0,0,0,0,0,1,0,0,0,0
BEN,287287,287,287,2,2,1,1,1,1,1,1,1,0,0,0,0,0,2021,0,0,0,0,0,0,0,0.1732500046491623,0,7,0,0,0,1,1,1,1,0,0
BEN,287310,287,310,2,2,1,1,1,1,1,0,1,0,1,0,0,0,2021,0,0,0,0,0,0,0,,0,0,0,0,0,1,0,0,0,0,0
BEN,287355,287,355,2,2,0,1,0,1,0,0,0,0,1,0,0,0,2021,0,0,0,0,0,0,0,,0,3,0,0,0,0,0,0,0,0,0
BEN,288018,288,18,1,1,1,1,1,1,1,1,1,0,0,1,1,0,2021,1,1,0,0,1,0,1,,0,0,0,0,0,0,0,0,0,0,0
BEN,288028,288,28,1,1,1,1,1,1,1,1,1,0,0,1,0,0,2021,1,0,0,0,0,0,0,,0,0,0,0,0,0,0,1,0,0,0
BEN,288039,288,39,1,4,1,1,1,1,1,0,0,0,0,0,0,0,2021,0,0,0,0,0,0,0,0.5,0,0,0,0,0,1,1,1,0,1,0
BEN,288050,288,50,1,3,1,1,1,1,1,0,0,1,0,0,1,0,2021,0,0,0,0,0,0,0,2.041763037443161,0,0,0,0,0,0,0,1,0,0,0
BEN,288061,288,61,1,1,1,1,1,1,1,1,1,0,0,0,0,0,2021,0,0,0,0,0,0,0,0.17000000178813934,0,0,0,0,0,0,1,1,0,0,0
BEN,288082,288,82,1,1,1,1,1,1,1,0,0,1,0,0,0,0,2021,0,0,0,0,0,0,0,,0,0,0,0,0,0,0,1,0,0,0
BEN,288093,288,93,1,3,1,1,1,1,1,1,1,0,0,0,0,0,2021,0,0,1,0,0,0,0,0.5,0,0,0,0,0,1,1,1,1,1,0
BEN,288104,288,104,1,4,1,1,1,1,1,1,1,0,0,1,1,0,2021,1,0,0,0,0,0,0,,0,0,0,0,0,0,0,1,0,0,0
BEN,288114,288,114,1,3,1,1,1,0,0,1,1,0,0,0,0,0,2021,1,0,0,0,0,1,0,,0,0,0,0,0,1,0,1,1,0,0
BEN,288130,288,130,1,3,1,1,1,1,1,1,1,0,0,1,1,0,2021,1,1,0,0,1,1,0,0.30000001192092896,0,0,0,0,0,0,0,1,0,0,0
BEN,288136,288,136,1,3,1,1,1,1,1,1,1,0,1,1,1,1,2021,1,1,0,1,0,1,0,0.2531825006008148,0,0,0,0,0,0,1,1,0,1,0
BEN,288178,288,178,1,4,1,1,1,1,1,0,0,1,0,0,0,0,2021,0,0,0,0,0,0,0,,0,0,0,0,0,0,0,1,0,0,0
BEN,289002,289,2,2,3,1,1,1,1,0,1,1,0,1,0,0,0,2021,0,0,0,0,0,0,0,,0,0,0,0,0,0,1,1,0,0,0
BEN,289031,289,31,2,3,1,1,1,1,1,1,1,0,0,0,0,0,2021,0,0,0,0,0,0,0,0.23412999510765076,0,0,0,0,0,0,1,0,0,0,0
BEN,289045,289,45,2,3,1,1,1,1,1,1,1,0,0,1,0,0,2021,1,0,0,0,0,0,0,,0,0,0,0,0,0,0,0,0,0,0
BEN,289060,289,60,2,2,1,1,1,1,1,0,0,0,0,0,0,0,2021,0,0,0,0,0,0,0,,0,0,0,0,0,1,0,0,1,0,0
BEN,289081,289,81,2,2,1,1,1,1,1,0,1,0,0,1,0,0,2021,0,0,0,0,0,0,0,0.17603999376296997,0,6,0,0,0,0,1,0,0,0,0
BEN,289104,289,104,2,3,1,1,1,1,0,1,1,0,1,0,1,0,2021,1,0,0,1,0,0,0,0.06685368716716766,0,0,0,0,0,0,1,0,0,0,0
BEN,289110,289,110,2,2,1,1,1,1,0,1,1,0,1,0,0,0,2021,1,0,0,0,0,0,0,,0,0,0,0,0,1,0,0,0,0,0
BEN,289148,289,148,2,2,0,1,1,1,1,0,0,0,0,0,0,0,2021,0,0,0,0,0,0,0,0.06300000101327896,0,0,0,0,0,0,1,0,0,0,0
BEN,289162,289,162,2,2,0,1,1,1,0,0,0,0,0,1,1,0,2021,0,0,0,0,0,0,0,,0,0,0,0,11,0,1,1,1,0,0
BEN,289177,289,177,2,2,1,1,1,1,1,1,1,0,0,0,1,1,2021,1,0,0,0,0,1,0,0.1360500007867813,0,0,0,0,0,1,1,1,0,0,0
BEN,289206,289,206,2,1,1,1,1,1,1,1,1,0,0,1,0,0,2021,1,0,0,0,0,0,0,0.248989999294281,0,6,0,0,10,1,1,1,0,0,0
BEN,289220,289,220,2,3,1,1,1,1,0,0,0,0,0,0,0,0,2021,0,0,0,0,0,0,0,,0,0,0,0,0,1,1,0,1,0,0
BEN,290002,290,2,1,2,1,1,1,0,0,0,0,0,0,0,0,0,2021,0,0,0,0,0,0,0,0.5000000149011612,0,0,0,0,0,0,0,0,0,0,0
BEN,290022,290,22,1,2,1,0,0,0,0,0,0,0,0,0,0,0,2021,0,0,0,0,0,0,0,0.9699999690055847,0,4,0,0,0,0,0,0,0,0,0
BEN,290042,290,42,1,2,1,1,1,0,0,0,0,1,1,0,0,0,2021,0,0,0,0,0,0,0,0.4000000059604645,0,12,0,0,20,1,1,1,0,1,0
BEN,290063,290,63,1,4,1,1,0,0,0,0,0,1,0,0,0,0,2021,0,0,0,0,0,0,0,0.5216299891471863,0,0,0,0,0,0,1,1,0,0,0
BEN,290083,290,83,1,2,1,1,0,1,1,0,0,0,0,0,0,0,2021,0,0,0,0,0,0,0,0.4300000071525574,0,4,0,0,7,0,1,0,0,0,0
BEN,290103,290,103,1,2,1,1,1,1,1,0,0,0,0,0,0,0,2021,0,0,0,0,0,0,0,0.8500000238418579,0,0,0,0,0,0,1,0,0,0,0
BEN,290123,290,123,1,2,1,1,1,1,1,1,1,0,0,0,0,0,2021,0,0,0,0,0,0,1,0.46974360942840576,0,5,0,0,8,0,1,1,0,0,0
BEN,290144,290,144,1,4,1,1,1,0,0,0,0,1,0,0,0,0,2021,0,0,0,0,0,0,0,0.17000000178813934,0,0,0,0,0,0,1,1,0,0,0
BEN,290184,290,184,1,1,0,1,1,1,1,0,0,1,1,0,0,0,2021,0,0,0,0,0,0,0,0.4399999976158142,0,8,0,0,6,1,1,1,0,0,0
BEN,290204,290,204,1,4,1,1,0,0,0,0,0,0,0,0,0,0,2021,0,0,0,0,0,0,0,0.446084588766098,0,0,0,0,0,0,1,1,0,0,0
BEN,290225,290,225,1,2,1,1,1,0,0,0,0,1,1,0,0,0,2021,0,0,0,0,0,0,0,0.7000000029802322,0,18,11,0,6,0,1,1,0,0,0
BEN,290914,290,914,1,1,1,1,1,0,0,0,0,1,0,0,0,0,2021,0,0,0,0,0,0,0,0.5,0,0,0,0,0,0,1,1,0,0,0
BEN,291014,291,14,2,2,1,1,1,1,1,0,0,1,0,0,0,0,2021,0,0,0,0,0,0,0,0.9016900062561035,0,0,0,0,8,1,1,1,0,0,0
BEN,291043,291,43,2,2,1,1,0,1,1,0,0,1,0,0,0,0,2021,0,0,0,0,0,0,0,0.2747499942779541,0,8,0,0,16,1,1,1,0,0,0
BEN,291057,291,57,2,2,1,1,1,1,1,0,0,1,0,0,0,0,2021,0,0,0,0,0,0,0,1.055340051651001,0,6,0,0,22,1,1,1,0,0,0
BEN,291071,291,71,2,2,0,1,0,1,1,0,0,0,0,0,0,0,2021,0,0,0,0,0,0,0,0.44168999791145325,0,2,0,0,0,0,1,1,0,0,0
BEN,291100,291,100,2,2,1,1,1,1,1,0,0,1,0,0,0,0,2021,1,0,0,0,0,0,0,0.5109999775886536,0,6,0,0,4,0,1,0,1,0,0
BEN,291114,291,114,2,2,1,1,0,1,1,0,0,1,0,0,0,0,2021,0,0,0,0,0,0,0,0.9495999813079834,0,3,0,0,2,0,1,0,0,0,0
BEN,291129,291,129,2,2,1,1,0,1,1,0,0,0,0,0,0,0,2021,0,0,0,0,0,0,0,0.34727001190185547,0,1,0,0,0,0,1,0,0,0,0
BEN,291150,291,150,2,2,1,1,1,1,1,0,0,0,0,0,0,0,2021,0,0,0,0,0,0,0,0.2504799962043762,0,1,0,0,6,0,1,0,0,0,0
BEN,291171,291,171,2,2,0,1,1,1,1,0,0,0,1,0,0,0,2021,0,0,0,0,0,0,0,0.15160000324249268,0,5,2,0,4,1,1,1,0,0,0
BEN,291186,291,186,2,2,1,1,1,1,1,0,0,1,1,0,0,0,2021,0,0,0,0,0,0,0,0.538799986243248,0,4,0,0,4,0,1,1,0,0,0
BEN,291214,291,214,2,2,1,1,1,1,0,0,0,1,1,0,0,0,2021,0,0,0,0,0,0,0,0.597900003194809,0,1,0,0,0,0,1,1,0,0,0
BEN,291229,291,229,2,2,1,1,1,1,0,0,0,1,1,0,0,0,2021,0,0,0,0,1,0,0,1.6583999991416931,0,4,1,0,15,0,1,1,0,0,0
BEN,292012,292,12,1,4,1,1,1,1,1,0,0,1,0,0,0,0,2021,0,0,0,0,0,0,0,1.0800000429153442,0,2,0,0,0,0,1,1,1,0,0
BEN,292023,292,23,1,2,1,1,0,1,1,0,0,0,0,0,0,0,2021,0,0,0,0,0,0,0,2.1899999380111694,0,8,0,0,15,0,1,0,0,0,0
BEN,292047,292,47,1,1,1,1,1,1,1,0,0,0,0,0,0,0,2021,0,0,0,0,0,0,0,1.899999976158142,0,0,0,0,20,0,1,1,0,0,0
BEN,292058,292,58,1,1,0,1,0,1,1,0,0,0,0,0,0,0,2021,0,0,0,0,0,0,0,0.44999998807907104,0,5,0,0,12,1,1,1,0,0,0
BEN,292070,292,70,1,2,1,1,1,1,1,0,0,0,1,0,0,0,2021,0,0,0,0,0,0,0,0.800000011920929,0,3,0,0,0,1,1,1,0,0,0
BEN,292082,292,82,1,4,1,1,1,1,1,0,0,1,0,0,0,0,2021,0,0,0,0,0,0,0,1.0399999618530273,0,0,0,0,0,0,1,0,0,0,0
BEN,292093,292,93,1,2,1,1,1,0,0,0,0,0,1,0,0,0,2021,0,0,0,0,0,0,0,1.100000023841858,0,0,0,0,0,1,1,1,0,0,0
BEN,292105,292,105,1,2,1,1,1,1,1,0,0,0,1,0,0,0,2021,0,0,0,0,0,0,0,0.8999999761581421,0,0,0,0,0,0,1,1,0,0,0
BEN,292117,292,117,1,1,1,1,1,1,1,0,0,1,0,0,0,0,2021,0,0,0,0,0,0,0,0.8511339724063873,0,20,0,0,118,0,1,1,0,0,0
BEN,292128,292,128,1,2,1,1,0,1,1,0,0,0,0,0,0,0,2021,0,0,0,0,0,0,0,0.6399999856948853,0,0,0,0,0,0,1,0,0,0,0
BEN,292140,292,140,1,2,1,1,0,1,1,0,0,1,0,0,0,0,2021,0,0,0,0,0,0,0,1.1399999856948853,0,5,0,0,20,0,1,0,0,0,0
BEN,292175,292,175,1,2,1,1,1,1,1,0,0,0,1,0,0,0,2021,0,0,0,0,0,0,0,0.4699999988079071,0,2,0,0,0,0,1,1,1,0,0
BEN,293002,293,2,2,2,0,1,1,1,0,1,1,0,0,0,0,0,2021,1,0,0,0,0,0,0,0.37501001358032227,0,0,5,0,8,1,1,1,0,0,0
BEN,293013,293,13,2,2,0,1,0,0,0,0,0,0,0,0,0,1,2021,0,0,0,0,0,0,0,0.41387999057769775,0,0,0,0,0,0,1,1,0,0,0
BEN,293025,293,25,2,2,1,1,1,0,0,0,0,0,0,0,0,0,2021,0,0,0,0,0,0,0,0.2824999988079071,0,10,0,0,4,0,1,1,1,0,0
BEN,293037,293,37,2,2,0,1,0,0,0,1,1,0,0,0,0,0,2021,0,0,0,0,0,0,0,0.17375999689102173,0,6,0,0,0,0,1,1,0,0,0
BEN,293043,293,43,2,2,1,1,1,1,1,0,0,1,0,1,1,0,2021,0,0,0,0,0,0,0,0.24310000240802765,0,10,0,0,8,0,1,1,1,0,0
BEN,293049,293,49,2,2,0,1,0,0,0,0,0,0,0,0,0,0,2021,0,0,0,0,0,0,0,0.4511484205722809,0,2,0,0,0,0,1,1,1,0,0
BEN,293061,293,61,2,2,0,1,0,1,1,0,0,0,0,0,0,0,2021,0,0,0,0,0,0,0,0.090829998254776,0,3,0,0,20,0,1,0,1,0,0
BEN,293067,293,67,2,2,1,1,1,1,1,0,0,1,0,0,0,0,2021,0,0,0,0,0,0,0,,0,0,0,0,0,0,0,0,1,0,0
BEN,293073,293,73,2,2,0,1,1,1,1,0,0,1,0,0,0,0,2021,0,0,0,0,0,0,0,0.11218000203371048,0,1,0,0,10,0,1,0,1,0,0
BEN,293085,293,85,2,2,0,1,1,1,1,0,0,1,0,0,0,0,2021,0,0,0,0,0,0,0,0.5554914474487305,0,7,0,0,7,0,1,1,1,0,0
BEN,293090,293,90,2,4,0,1,1,1,1,0,0,1,0,0,0,0,2021,0,0,0,0,0,0,0,0.24202000349760056,0,5,0,0,0,0,1,1,1,0,0
BEN,293097,293,97,2,2,1,1,1,1,0,1,1,0,0,0,0,0,2021,0,0,0,0,0,0,0,0.5064399987459183,0,2,0,0,0,0,1,0,1,0,0
BEN,294002,294,2,1,2,1,1,1,1,1,0,0,0,0,0,1,0,2021,0,0,0,0,0,0,0,0.20000000298023224,0,4,0,0,0,1,1,1,0,0,0
BEN,294014,294,14,1,4,1,1,1,1,1,1,1,0,0,1,0,0,2021,0,0,0,0,0,0,0,0.8399999737739563,0,4,0,0,0,0,1,0,0,0,0
BEN,294038,294,38,1,4,1,1,1,1,1,0,0,0,0,0,0,0,2021,1,0,0,0,0,0,0,,0,0,0,0,0,1,1,1,0,0,0
BEN,294062,294,62,1,4,0,1,0,1,1,0,0,0,0,0,0,0,2021,0,0,0,0,0,0,0,0.2531287372112274,0,5,0,0,7,0,1,1,0,0,0
BEN,294074,294,74,1,4,1,1,1,0,0,0,0,0,0,0,0,0,2021,0,0,0,0,0,0,0,0.4399999976158142,0,5,0,0,10,0,1,1,1,0,0
BEN,294110,294,110,1,1,1,1,0,0,0,0,0,0,0,0,0,0,2021,0,0,0,0,0,0,0,,0,0,0,0,0,0,0,1,0,0,0
BEN,294122,294,122,1,4,1,1,1,0,0,0,0,1,0,0,0,0,2021,0,0,0,0,0,0,0,0.6899999976158142,0,6,0,0,0,0,1,0,0,0,0
BEN,294146,294,146,1,1,1,1,1,1,1,0,0,0,0,0,0,0,2021,0,0,0,0,0,0,0,0.20000000298023224,0,4,0,0,16,0,1,1,0,0,0
BEN,294159,294,159,1,1,0,1,1,1,1,0,0,1,0,0,0,0,2021,0,0,0,0,0,0,0,0.10000000149011612,0,2,0,0,4,0,1,1,0,0,0
BEN,294171,294,171,1,2,1,1,1,1,1,0,1,0,0,1,1,0,2021,0,0,0,0,0,0,1,0.15000000596046448,0,0,6,0,5,0,1,1,0,0,0
BEN,294769,294,769,1,4,1,1,1,1,1,0,0,0,0,0,0,0,2021,0,0,0,0,0,0,0,,0,0,0,0,0,1,0,0,0,0,0
BEN,294770,294,770,1,4,1,1,1,1,1,1,1,0,0,1,1,0,2021,0,0,0,0,0,0,0,0.5099999904632568,0,6,0,0,4,0,1,0,0,0,0
BEN,295022,295,22,2,2,1,1,1,1,1,0,0,0,0,1,0,0,2021,0,0,0,0,0,0,0,0.585669994354248,0,2,0,0,0,0,1,0,1,0,0
BEN,295032,295,32,2,2,0,1,1,1,1,0,0,0,0,1,0,0,2021,0,0,0,0,0,0,0,1.1228699684143066,0,0,0,0,6,0,1,0,0,0,0
BEN,295051,295,51,2,2,1,1,1,1,1,0,0,1,0,0,0,0,2021,0,0,0,0,0,0,0,0.3880299925804138,0,1,0,0,0,1,1,1,0,0,0
BEN,295061,295,61,2,2,1,1,1,1,0,1,1,0,0,0,0,0,2021,0,0,0,0,0,0,0,1.0179599523544312,0,0,0,0,0,1,1,1,0,0,0
BEN,295065,295,65,2,4,1,1,1,1,0,0,0,0,0,0,0,0,2021,0,0,0,0,0,0,0,0.24668000638484955,0,0,0,0,0,0,1,1,0,0,0
BEN,295071,295,71,2,2,0,1,1,1,1,0,0,0,0,0,0,0,2021,0,0,0,0,0,0,0,0.6400600075721741,0,0,0,0,2,0,1,0,0,0,0
BEN,295090,295,90,2,2,1,1,1,1,0,1,1,0,1,0,0,0,2021,0,0,0,0,0,0,0,0.6980000138282776,0,1,0,0,0,1,1,1,0,0,0
BEN,295100,295,100,2,2,1,1,1,1,0,0,0,1,1,0,0,0,2021,0,0,0,0,0,0,0,0.9230000078678131,0,4,0,0,16,0,1,1,0,0,0
BEN,295110,295,110,2,2,0,1,0,1,1,0,0,0,0,0,0,0,2021,0,0,0,0,0,0,0,0.2982900142669678,0,3,0,0,0,0,1,0,1,0,0
BEN,295129,295,129,2,2,0,1,1,0,1,0,0,0,0,0,0,0,2021,0,0,0,0,0,0,0,1.1558299958705902,0,2,0,0,7,0,1,1,0,0,0
BEN,295139,295,139,2,2,0,1,0,1,0,0,0,1,1,0,0,0,2021,0,0,0,0,0,0,0,2.603000044822693,0,4,0,0,6,0,1,1,0,0,0
BEN,295149,295,149,2,2,1,1,1,1,0,1,1,0,1,0,0,0,2021,0,0,0,0,0,0,0,0.4360000044107437,0,1,0,0,10,0,1,1,0,0,0
BEN,296006,296,6,1,2,1,1,1,1,1,0,0,1,1,0,0,0,2021,0,0,0,0,0,0,0,0.5122464895248413,0,5,0,0,10,0,0,0,0,0,0
BEN,296025,296,25,1,1,0,1,1,0,0,0,0,1,0,0,1,0,2021,0,0,0,0,0,0,0,0.8372700065374374,0,14,0,0,12,1,0,1,0,0,0
BEN,296034,296,34,1,1,0,1,1,0,0,0,0,1,0,0,0,0,2021,0,0,0,0,0,0,0,1.0155800580978394,0,3,0,0,10,0,0,1,0,0,0
BEN,296043,296,43,1,2,1,1,0,0,0,0,0,0,0,0,0,0,2021,0,0,0,0,0,0,0,9.44025993347168,0,0,0,0,0,1,0,0,0,0,0
BEN,296052,296,52,1,2,1,1,1,0,0,0,0,0,0,0,0,0,2021,0,0,0,0,0,0,0,0.3788500130176544,0,2,0,0,0,1,0,0,0,0,0
BEN,296062,296,62,1,2,1,1,0,0,0,0,0,0,0,0,0,0,2021,0,0,0,0,0,0,0,0.9844900369644165,0,12,0,0,30,0,0,0,0,0,0
BEN,296071,296,71,1,4,1,1,0,0,0,0,0,0,0,0,0,0,2021,0,0,0,0,0,0,0,0.3491099923849106,0,3,0,0,12,0,0,0,0,0,0
BEN,296080,296,80,1,2,1,1,0,1,1,0,0,0,1,0,0,0,2021,0,0,0,0,0,0,0,1.1117886900901794,0,0,0,0,0,1,1,0,0,0,0
BEN,296086,296,86,1,2,1,1,1,1,0,0,0,1,1,0,0,0,2021,1,0,0,0,0,1,0,2.308833211660385,0,13,0,0,30,1,1,1,0,0,0
BEN,296089,296,89,1,2,1,1,0,1,1,0,0,0,1,0,0,0,2021,0,0,0,0,0,0,0,1.1255513727664948,0,3,0,0,8,1,1,0,0,0,0
BEN,296108,296,108,1,4,1,1,1,0,0,0,0,1,1,0,0,0,2021,0,0,0,0,0,0,0,0.1405699998140335,0,0,0,0,0,1,0,0,0,0,0
BEN,296117,296,117,1,2,0,1,0,1,1,0,0,0,1,0,0,0,2021,0,0,0,0,0,0,0,0.47325000166893005,0,10,13,0,20,0,1,1,0,0,0
BEN,297001,297,1,2,1,0,1,1,1,0,0,0,1,0,0,0,0,2021,0,0,0,0,0,0,0,0.25,0,0,0,0,0,0,1,1,0,0,0
BEN,297018,297,18,2,4,1,1,1,1,0,0,0,0,0,0,0,0,2021,0,0,0,0,0,0,0,,0,0,0,0,0,1,1,1,0,0,0
BEN,297026,297,26,2,4,0,1,0,1,1,0,0,0,0,0,0,0,2021,0,0,0,0,0,0,0,,0,4,0,0,0,0,1,1,1,0,0
BEN,297035,297,35,2,4,0,1,1,1,0,1,1,0,0,0,0,0,2021,0,0,0,0,0,0,0,0.1770000010728836,0,0,0,0,0,0,1,1,0,0,0
BEN,297052,297,52,2,4,1,1,1,1,1,0,0,1,1,0,0,0,2021,0,0,0,0,0,0,0,,0,0,0,0,0,1,0,1,1,0,0
BEN,297060,297,60,2,4,1,1,1,1,1,0,0,0,1,0,0,0,2021,0,0,0,0,0,0,0,0.6502000093460083,0,5,0,0,0,0,1,1,0,0,0
BEN,297069,297,69,2,2,0,1,0,1,1,1,1,0,1,0,0,0,2021,1,0,0,0,0,1,0,0.155563086271286,0,0,0,0,0,0,1,1,1,1,0
BEN,297086,297,86,2,4,1,1,1,1,1,0,0,0,1,0,0,0,2021,0,0,0,0,0,0,0,0.9536730647087097,0,0,0,0,0,0,1,1,0,1,0
BEN,297094,297,94,2,2,1,1,1,1,1,1,1,0,0,0,0,0,2021,1,0,0,0,0,0,0,0.08999999798834324,0,0,0,0,8,1,1,1,1,0,0
BEN,297103,297,103,2,1,0,1,1,1,1,0,0,1,0,0,0,0,2021,1,0,0,0,0,1,0,0.3799999952316284,0,0,18,0,53,0,1,1,1,0,0
BEN,297120,297,120,2,2,0,1,0,0,0,0,0,0,0,0,0,0,2021,0,0,0,0,0,0,0,0.9617172479629517,0,5,0,0,1,1,1,1,1,0,0
BEN,297128,297,128,2,2,0,1,1,0,0,0,0,0,0,0,0,0,2021,0,0,0,0,0,0,0,0.578316904604435,0,0,0,0,1,0,1,1,1,0,0
BEN,298002,298,2,1,4,1,1,0,0,0,0,0,0,1,0,0,0,2021,0,0,0,0,0,0,0,0.0,0,0,0,0,0,0,1,1,0,0,0
BEN,298005,298,5,1,2,1,1,1,1,1,0,0,0,1,0,0,0,2021,0,0,0,0,0,0,0,0.4962500035762787,0,1,0,0,6,0,0,1,0,0,0
BEN,298025,298,25,1,2,0,1,1,0,0,1,1,0,0,0,0,0,2021,0,0,0,0,0,0,0,0.6647730022668839,0,11,0,0,0,1,0,1,0,0,0
BEN,298026,298,26,1,2,1,1,1,1,1,0,0,1,1,0,0,0,2021,0,0,0,0,0,0,0,0.5595689862966537,0,10,0,0,20,1,0,0,1,0,0
BEN,298028,298,28,1,2,1,1,1,0,0,1,1,0,0,1,0,0,2021,1,0,0,0,0,0,0,0.6753367483615875,0,0,0,0,0,0,0,1,0,0,0
BEN,298093,298,93,1,2,1,1,1,1,1,1,1,0,1,0,1,0,2021,0,0,0,0,0,0,0,,0,0,0,0,12,1,0,0,0,0,0
BEN,298094,298,94,1,4,1,1,1,1,1,0,1,0,1,0,0,0,2021,0,0,0,0,0,0,0,0.5447411835193634,0,5,0,0,0,1,0,0,0,0,0
BEN,298095,298,95,1,4,1,1,1,0,0,0,0,0,1,0,0,1,2021,1,0,0,0,0,0,0,,0,0,0,0,0,1,0,0,0,0,0
BEN,298110,298,110,1,2,1,1,0,1,1,0,1,0,1,0,0,0,2021,0,0,0,0,0,0,0,0.500105008482933,0,10,0,0,5,1,0,1,0,0,0
BEN,298127,298,127,1,2,1,1,1,1,1,0,1,0,1,0,0,0,2021,0,0,0,0,0,0,0,2.188179239630699,0,23,0,0,27,1,0,0,1,0,0
BEN,298771,298,771,1,4,1,1,1,0,1,1,1,0,1,0,0,0,2021,1,0,0,0,0,0,0,1.0882990919053555,0,0,0,0,0,0,0,0,0,0,0
BEN,298929,298,929,1,2,1,1,1,1,1,1,1,0,0,0,0,0,2021,0,0,0,0,0,0,0,1.0426638722419739,0,0,0,0,0,0,0,0,0,0,0
BEN,299002,299,2,1,1,1,1,1,1,1,1,1,0,0,0,0,0,2021,0,0,0,0,0,0,0,,0,0,0,0,0,0,0,1,0,0,0
BEN,299018,299,18,1,2,0,1,1,1,1,1,1,0,1,0,1,0,2021,0,0,1,0,0,0,0,0.01600000075995922,0,0,0,0,0,1,0,0,0,0,0
BEN,299033,299,33,1,1,1,1,1,1,1,1,1,0,0,0,0,0,2021,0,0,0,0,0,0,0,,0,0,0,0,0,1,0,0,0,0,0
BEN,299048,299,48,1,1,1,1,1,1,1,1,1,0,0,0,0,0,2021,0,0,0,0,0,0,0,0.01590000092983246,0,0,0,0,0,1,0,0,0,0,0
BEN,299064,299,64,1,2,0,1,0,1,1,1,1,0,0,0,1,0,2021,0,0,0,0,0,0,0,0.3212254047393799,0,1,0,0,0,0,1,1,0,0,0
BEN,299079,299,79,1,2,1,1,1,1,1,1,1,0,1,0,1,1,2021,1,0,0,0,0,0,0,0.19243329763412476,0,0,0,0,0,0,0,1,0,0,0
BEN,299095,299,95,1,2,1,1,1,1,1,1,1,0,0,0,1,0,2021,0,0,0,0,0,0,0,,0,4,0,0,3,1,0,1,0,0,0
BEN,299110,299,110,1,2,1,1,1,0,0,0,1,0,1,0,1,0,2021,0,0,0,0,0,0,0,0.013890000060200691,0,0,0,0,0,0,1,0,0,0,0
BEN,299126,299,126,1,2,0,1,0,1,1,0,0,0,1,0,0,0,2021,0,0,0,0,0,0,0,,0,0,0,0,0,0,0,0,0,0,0
BEN,299141,299,141,1,2,1,1,1,1,1,0,0,1,0,1,1,0,2021,0,0,0,0,0,0,0,,0,0,0,0,29,0,0,0,0,0,0
BEN,299172,299,172,1,2,1,1,1,1,0,0,0,0,0,0,0,1,2021,0,0,0,0,0,0,0,,0,0,0,0,1,0,1,1,0,0,0
BEN,299187,299,187,1,1,0,1,1,1,1,0,0,0,0,0,0,0,2021,0,0,0,0,0,0,0,,0,0,0,0,0,0,0,0,0,0,0
BEN,300013,300,13,2,4,1,1,1,1,1,0,0,1,0,0,0,0,2021,1,0,0,0,0,1,0,0.7749999761581421,0,0,0,0,0,0,1,1,0,0,0
BEN,300048,300,48,2,4,0,1,0,1,1,0,0,0,0,0,0,0,2021,0,0,0,0,0,0,0,0.9589999914169312,0,0,0,0,0,0,1,1,1,0,0
BEN,300065,300,65,2,2,1,1,1,1,1,1,1,0,0,0,0,0,2021,1,0,0,0,0,0,0,0.4461329057812691,0,0,0,0,15,0,1,1,1,0,0
BEN,300084,300,84,2,1,0,1,0,1,1,1,1,0,0,0,0,0,2021,0,0,0,0,0,0,0,0.7829999923706055,0,3,0,0,18,0,1,1,1,0,0
BEN,300120,300,120,2,4,1,1,0,1,1,0,0,0,1,0,0,0,2021,0,0,0,0,0,0,0,,0,4,0,0,24,1,0,1,0,0,0
BEN,300137,300,137,2,4,1,1,0,1,1,0,0,0,1,0,0,0,2021,0,0,0,0,0,0,0,0.24289999902248383,0,4,0,0,7,0,1,1,0,1,0
BEN,300155,300,155,2,4,1,1,1,1,1,1,1,0,1,0,0,0,2021,0,0,0,0,0,0,0,,0,0,0,0,0,0,0,1,0,0,0
BEN,300191,300,191,2,2,1,1,1,1,1,1,1,0,1,0,0,0,2021,1,0,0,0,0,1,0,,0,0,0,0,17,1,1,1,0,0,0
BEN,300209,300,209,2,2,0,1,0,0,0,0,0,0,0,0,0,0,2021,0,0,0,0,0,0,0,,0,0,0,0,8,0,1,1,1,0,0
BEN,300227,300,227,2,2,1,1,1,1,0,0,0,1,0,0,0,0,2021,0,0,0,0,0,0,0,0.3700000047683716,0,0,0,0,15,0,1,1,1,0,0
BEN,300265,300,265,2,4,0,1,1,1,0,0,0,0,0,0,0,0,2021,0,0,0,0,0,0,0,0.3235820531845093,0,2,0,0,0,0,1,1,0,0,0
BEN,300280,300,280,2,1,1,1,1,1,1,1,1,0,0,0,0,0,2021,1,0,0,0,0,0,0,0.8099999725818634,0,11,0,0,19,0,1,1,1,0,0
BEN,301016,301,16,2,1,1,1,1,1,1,1,1,0,0,0,0,0,2021,0,0,0,0,0,0,0,0.7850000262260437,0,10,32,0,0,0,1,1,0,0,0
BEN,301024,301,24,2,4,1,1,1,1,1,0,0,0,0,0,0,0,2021,0,0,0,0,0,0,0,0.2658972442150116,0,3,0,0,10,0,1,1,0,0,0
BEN,301032,301,32,2,2,1,1,1,1,1,1,1,0,0,0,0,0,2021,0,0,0,0,0,0,0,0.4860000014305115,0,5,0,0,0,0,1,1,0,0,0
BEN,301048,301,48,2,1,0,1,1,1,1,0,0,0,0,0,0,0,2021,0,0,0,0,0,0,0,0.27766525745391846,0,0,0,0,12,1,1,1,0,0,0
BEN,301056,301,56,2,1,1,1,1,1,1,0,0,0,1,0,0,0,2021,0,0,0,0,0,0,0,0.9170820116996765,0,5,0,0,28,0,1,1,0,0,0
BEN,301064,301,64,2,2,1,1,0,1,1,0,0,0,1,0,0,0,2021,0,0,0,0,0,0,0,0.5380614101886749,0,17,0,0,28,0,1,1,0,0,0
BEN,301080,301,80,2,4,1,1,1,1,1,0,0,0,1,0,0,0,2021,0,0,0,0,0,0,0,,0,0,0,0,0,0,0,1,0,0,0
BEN,301088,301,88,2,4,1,1,0,0,0,0,0,0,1,0,0,0,2021,0,0,0,0,0,0,0,0.7924999892711639,0,11,0,0,0,1,1,1,0,0,0
BEN,301096,301,96,2,2,0,1,1,1,0,0,0,1,0,0,0,0,2021,0,0,0,0,0,0,0,0.514373030513525,0,2,0,0,6,1,1,1,1,0,0
BEN,301112,301,112,2,2,0,1,0,1,0,0,0,0,0,0,0,0,2021,0,0,0,0,0,0,0,0.976669579744339,0,3,0,0,7,0,1,1,1,0,0
BEN,301120,301,120,2,2,0,1,0,1,0,0,0,0,0,0,0,0,2021,0,0,0,0,0,0,0,0.49000000953674316,0,11,3,0,40,1,1,1,1,0,0
BEN,301128,301,128,2,2,1,1,1,1,0,1,1,0,0,0,0,0,2021,1,0,0,0,0,0,0,0.6487681046128273,0,13,0,0,16,0,1,1,1,0,0
BEN,302003,302,3,1,1,0,1,1,1,1,1,1,0,0,0,0,0,2021,0,0,0,0,0,0,0,0.04875999968498945,0,0,0,0,9,0,0,1,0,0,0
BEN,302011,302,11,1,2,0,1,0,0,0,0,0,0,0,0,0,0,2021,0,0,0,0,0,0,0,0.5512544251978397,0,6,0,0,8,0,1,1,0,0,0
BEN,302018,302,18,1,2,0,1,1,0,0,1,1,0,1,0,0,1,2021,0,0,0,0,0,0,0,0.03301999997347593,0,5,0,0,0,0,0,0,0,0,0
BEN,302032,302,32,1,2,0,1,0,0,0,0,0,1,1,0,0,0,2021,0,0,0,0,0,0,0,0.2415899932384491,0,0,0,0,0,1,0,0,0,0,0
BEN,302039,302,39,1,2,0,1,0,1,1,0,0,0,1,0,0,0,2021,0,0,0,0,0,0,0,0.04393000155687332,0,2,0,0,0,0,0,0,0,0,0
BEN,302046,302,46,1,2,0,1,0,1,0,0,0,1,0,0,0,0,2021,0,0,0,0,0,0,0,0.04201000090688467,0,10,0,0,6,1,0,1,0,0,0
BEN,302053,302,53,1,2,0,1,0,0,0,0,0,0,1,0,0,0,2021,0,0,0,0,0,0,0,0.800000011920929,0,3,2,0,17,0,0,0,0,0,0
BEN,302060,302,60,1,1,0,1,0,1,1,0,0,0,0,0,0,0,2021,0,0,0,0,0,0,0,0.028459998778998852,0,2,0,0,4,0,1,0,0,0,0
BEN,302068,302,68,1,1,0,1,1,1,1,0,0,0,0,0,0,0,2021,0,0,0,0,0,0,0,0.7948000431060791,0,2,0,0,5,0,0,1,0,0,0
BEN,302075,302,75,1,1,0,1,0,1,1,0,0,0,0,0,0,0,2021,0,0,0,0,0,0,0,0.028350000269711018,0,0,0,0,5,1,0,0,0,0,0
BEN,302082,302,82,1,1,0,1,1,1,1,0,0,0,0,0,0,0,2021,0,0,0,0,0,0,0,0.021719999611377716,0,0,0,0,1,1,0,0,0,0,0
BEN,302915,302,915,1,2,0,1,0,1,1,0,0,0,1,0,0,0,2021,0,0,0,0,0,0,0,0.025520000606775284,0,0,0,0,0,1,0,0,0,0,0
BEN,303003,303,3,2,1,1,1,1,1,1,1,1,0,0,0,0,0,2021,0,0,0,0,0,0,0,,0,0,0,0,0,0,1,1,1,0,0
BEN,303008,303,8,2,4,1,1,1,1,1,0,0,0,0,0,0,0,2021,0,0,0,0,0,0,0,0.3722127676010132,0,3,0,0,4,0,1,1,1,0,0
BEN,303011,303,11,2,1,1,1,1,1,1,0,0,0,0,0,0,0,2021,0,0,0,0,0,0,0,0.4262312054634094,0,0,0,0,0,0,1,1,1,0,0
BEN,303024,303,24,2,1,0,1,0,1,1,0,0,0,0,0,0,0,2021,0,0,0,0,0,0,0,0.3335586488246918,0,0,0,0,0,1,1,1,1,0,0
BEN,303030,303,30,2,4,1,1,0,0,0,0,0,0,1,0,0,0,2021,0,0,0,0,0,0,0,0.3181999921798706,0,0,0,0,16,0,1,1,1,1,0
BEN,303041,303,41,2,4,1,1,0,0,0,0,0,0,1,0,0,0,2021,0,0,0,0,0,0,0,0.20270000584423542,0,0,0,0,9,1,1,1,1,1,0
BEN,303047,303,47,2,2,1,1,0,0,0,0,0,0,1,0,0,0,2021,0,0,0,0,0,0,0,0.4387500286102295,0,4,0,0,13,0,1,1,1,1,0
BEN,303051,303,51,2,2,1,1,1,0,0,1,1,0,1,0,0,0,2021,0,0,0,0,0,0,0,0.8345000147819519,0,4,0,0,18,0,1,1,1,1,0
BEN,303062,303,62,2,2,0,1,0,0,0,0,0,0,0,0,0,0,2021,0,0,0,0,0,0,0,0.25999999046325684,0,0,0,0,0,1,1,1,0,0,0
BEN,303068,303,68,2,2,0,1,0,0,0,0,0,1,0,0,0,0,2021,0,0,0,0,0,0,0,0.10999999940395355,0,5,0,0,7,0,1,1,1,0,0
BEN,303073,303,73,2,2,0,1,0,0,0,0,0,1,0,0,0,0,2021,0,0,0,0,0,0,0,0.1599999964237213,0,3,0,0,4,1,1,1,1,0,0
BEN,303084,303,84,2,2,0,1,0,0,0,0,1,0,0,0,0,0,2021,0,0,0,0,0,0,0,0.6198679208755493,0,0,0,0,18,1,1,1,1,0,0
BEN,304005,304,5,1,1,0,1,0,0,0,0,0,1,0,0,0,0,2021,0,0,0,0,0,0,0,0.01720000058412552,0,22,10,0,25,1,0,0,0,0,0
BEN,304015,304,15,1,2,1,1,1,1,0,0,0,0,0,0,0,0,2021,0,0,0,0,0,0,0,0.051740000024437904,0,0,16,0,20,0,0,1,0,0,0
BEN,304026,304,26,1,4,0,1,0,0,0,0,0,0,0,0,0,0,2021,0,0,0,0,0,0,0,0.02143000066280365,0,0,0,0,0,0,0,1,0,0,0
BEN,304036,304,36,1,1,1,1,0,1,1,0,0,0,0,0,0,0,2021,0,0,0,0,0,0,0,0.5760479085147381,0,1,10,0,0,1,0,1,0,0,0
BEN,304068,304,68,1,2,1,1,0,0,0,0,0,0,1,0,0,0,2021,0,0,0,0,0,0,0,0.3413600027561188,0,3,0,0,20,0,1,0,0,0,0
BEN,304078,304,78,1,4,0,1,0,1,0,0,0,0,0,0,0,0,2021,0,0,0,0,0,0,0,0.24608077108860016,0,4,0,0,8,0,1,1,0,0,0
BEN,304089,304,89,1,2,0,1,0,0,0,0,0,0,1,0,0,0,2021,0,0,0,0,0,0,0,1.4517847299575806,0,8,0,0,0,1,0,0,0,0,0
BEN,304099,304,99,1,1,1,1,1,1,1,1,0,1,0,0,0,0,2021,0,0,0,0,0,0,0,0.417671799659729,0,2,0,0,0,0,0,1,0,0,0
BEN,304110,304,110,1,1,1,1,1,1,0,0,0,0,0,0,0,1,2021,0,0,0,0,0,0,0,0.2780155446380377,0,3,0,0,0,0,0,0,0,0,0
BEN,304120,304,120,1,1,0,1,1,1,1,1,1,0,0,0,0,1,2021,0,0,0,0,0,0,0,0.9620000123977661,0,3,0,0,4,0,0,1,0,0,0
BEN,304131,304,131,1,1,0,1,1,1,1,0,0,0,0,0,0,0,2021,0,0,0,0,0,0,0,0.4281430561095476,0,3,0,0,0,0,0,0,0,0,0
BEN,304772,304,772,1,2,1,1,0,1,1,0,0,0,1,0,0,0,2021,0,0,0,0,0,0,0,0.28950318694114685,0,0,0,0,0,0,0,0,0,0,0
BEN,305014,305,14,2,4,0,1,1,1,1,0,0,0,0,0,0,0,2021,0,0,0,0,0,0,0,0.843999981880188,0,5,0,0,0,1,1,1,0,0,0
BEN,305018,305,18,2,4,0,1,0,1,1,0,0,0,0,0,0,0,2021,0,0,0,0,0,0,0,0.6206034123897552,0,0,0,0,0,0,1,1,0,0,0
BEN,305027,305,27,2,4,0,1,0,1,0,0,0,0,0,0,0,0,2021,0,0,0,0,0,0,0,0.5199999958276749,0,4,0,0,0,0,1,1,0,0,0
BEN,305063,305,63,2,4,1,1,0,1,1,0,0,0,1,0,0,0,2021,0,0,0,0,0,0,0,0.24770000576972961,0,20,0,0,0,1,1,1,0,1,0
BEN,305072,305,72,2,4,1,1,1,1,1,0,0,0,1,0,0,0,2021,0,0,0,0,0,0,0,0.18170000612735748,0,4,6,0,8,0,1,1,0,1,0
BEN,305090,305,90,2,4,1,1,0,1,1,0,0,0,1,0,0,0,2021,0,0,0,0,0,0,0,0.4108999967575073,0,1,0,0,20,0,1,1,0,1,0
BEN,305100,305,100,2,4,1,1,1,1,1,0,0,0,1,0,0,0,2021,0,0,0,0,0,0,0,0.16009999811649323,0,0,0,0,0,1,1,0,0,1,0
BEN,305109,305,109,2,2,0,1,0,1,1,0,0,0,0,0,0,0,2021,0,0,0,0,0,0,0,0.7725701928138733,0,0,0,0,7,1,1,1,0,0,0
BEN,305127,305,127,2,1,1,1,1,1,1,0,0,0,0,0,0,0,2021,0,0,0,0,0,0,0,0.3499999940395355,0,0,0,0,23,0,1,1,1,0,0
BEN,305136,305,136,2,4,1,1,1,1,1,0,0,0,0,0,0,0,2021,0,0,0,0,0,0,0,0.28999999165534973,0,1,0,0,1,1,1,1,1,0,0
BEN,305145,305,145,2,2,0,1,1,1,1,0,0,0,0,0,0,0,2021,0,0,0,0,0,0,0,0.3699999898672104,0,1,0,0,2,1,1,1,1,0,0
BEN,305773,305,773,2,4,1,1,1,1,1,0,0,0,0,0,0,0,2021,0,0,0,0,0,0,0,0.5798307061195374,0,0,0,0,0,0,1,1,0,0,0
BEN,306020,306,20,1,2,0,0,0,1,1,0,0,0,0,0,0,0,2021,0,0,0,0,0,0,0,0.13333000242710114,0,0,0,0,0,0,1,0,0,0,0
BEN,306031,306,31,1,2,0,1,1,1,1,0,0,0,0,0,0,0,2021,0,0,0,0,0,0,0,0.0911799967288971,0,0,0,0,0,0,1,0,0,0,0
BEN,306043,306,43,1,2,0,1,1,1,1,0,0,0,0,0,0,0,2021,0,0,0,0,0,0,0,0.16899999976158142,0,0,0,0,0,0,1,0,0,0,0
BEN,306054,306,54,1,2,0,1,0,1,1,0,0,0,0,0,0,0,2021,0,0,0,0,0,0,0,0.5329100042581558,0,0,0,0,0,0,1,0,0,0,0
BEN,306066,306,66,1,2,0,1,1,1,1,0,0,1,1,0,0,0,2021,0,0,0,0,0,0,0,0.017030000686645508,0,11,0,0,200,1,1,1,0,0,0
BEN,306077,306,77,1,2,0,1,0,1,1,0,0,0,0,0,0,0,2021,0,0,0,0,0,0,0,0.024739999324083328,0,0,0,0,0,1,1,1,0,0,0
BEN,306088,306,88,1,4,0,1,0,1,1,0,0,0,1,0,0,0,2021,0,0,0,0,0,0,0,,0,0,0,0,0,1,1,1,0,0,0
BEN,306100,306,100,1,4,0,1,0,1,1,0,0,0,1,0,0,0,2021,0,0,0,0,0,0,0,0.01979999989271164,0,7,0,0,10,1,1,1,0,0,0
BEN,306111,306,111,1,2,0,1,1,1,1,0,0,1,1,0,0,0,2021,0,0,0,0,0,0,0,0.4357900023460388,0,0,0,0,0,1,0,1,0,0,0
BEN,306123,306,123,1,2,0,1,0,1,1,0,0,0,1,0,0,0,2021,0,0,0,0,0,0,0,0.11969000101089478,0,3,0,0,0,0,0,0,0,0,0
BEN,306134,306,134,1,2,0,1,0,1,1,0,0,0,1,0,0,0,2021,1,0,0,0,0,0,0,0.1297599971294403,0,0,0,0,4,0,0,0,0,0,0
BEN,306169,306,169,1,2,0,1,0,1,1,0,0,0,1,0,0,0,2021,0,0,0,0,0,0,0,0.2503100037574768,0,0,0,0,0,1,0,0,0,0,0
BEN,307008,307,8,2,2,1,1,1,1,1,0,0,0,0,0,0,0,2021,0,0,0,0,0,0,0,0.3372800052165985,0,14,0,0,0,0,1,1,1,0,0
BEN,307009,307,9,2,2,0,1,1,1,0,0,0,1,0,0,0,0,2021,1,0,0,0,0,1,0,0.3004100024700165,0,0,0,0,0,0,1,1,0,0,0
BEN,307027,307,27,2,2,0,1,0,1,0,0,0,0,0,0,0,0,2021,0,0,0,0,0,0,0,0.2157299965620041,0,5,0,0,17,0,1,1,0,0,0
BEN,307036,307,36,2,2,0,1,1,1,0,0,0,1,0,0,0,0,2021,1,0,0,0,0,0,0,0.52742999792099,0,24,0,0,8,1,1,1,0,0,0
BEN,307045,307,45,2,2,0,1,1,1,0,0,0,1,0,0,0,0,2021,1,0,0,0,0,0,0,0.24435000121593475,0,20,0,0,25,1,1,1,0,0,0
BEN,307063,307,63,2,2,0,1,0,1,1,0,0,0,0,0,0,0,2021,0,0,0,0,0,0,0,0.14000000059604645,0,5,0,0,12,0,1,1,1,0,0
BEN,307071,307,71,2,2,0,1,1,1,1,0,0,1,0,1,0,0,2021,0,0,0,0,0,0,0,0.2680000066757202,0,1,0,0,2,0,1,1,0,0,0
BEN,307098,307,98,2,2,0,1,0,1,1,0,0,0,0,0,0,0,2021,0,0,0,0,0,0,0,0.15403999388217926,0,3,0,0,0,0,1,0,1,0,0
BEN,307107,307,107,2,2,0,1,0,1,1,0,0,0,0,1,0,0,2021,0,0,0,0,0,0,0,0.19039000570774078,0,1,0,0,0,0,1,0,1,0,0
BEN,307116,307,116,2,2,0,1,1,1,1,0,0,0,0,1,0,0,2021,0,0,0,0,0,0,0,0.11374999955296516,0,2,0,0,0,1,0,0,1,0,0
BEN,307134,307,134,2,2,0,1,1,1,1,0,0,0,0,0,0,0,2021,0,0,0,0,0,0,0,0.80799999833107,0,0,0,0,0,1,1,1,1,0,0
BEN,307143,307,143,2,2,0,1,1,1,1,0,0,0,0,0,0,0,2021,0,0,0,0,0,0,0,0.7849999815225601,0,1,0,0,0,0,1,1,1,0,0
BEN,308013,308,13,1,2,0,1,1,1,1,1,1,0,0,0,0,0,2021,0,0,0,0,0,0,0,0.18000000715255737,0,0,0,0,10,0,0,1,0,0,0
BEN,308026,308,26,1,3,1,1,1,1,1,1,1,0,0,0,0,0,2021,0,0,0,0,0,0,0,,0,0,0,0,0,0,0,1,1,0,0
BEN,308040,308,40,1,2,1,1,1,1,1,0,0,0,0,0,0,0,2021,0,0,0,0,0,0,0,0.10999999940395355,0,0,0,0,0,0,1,1,0,0,0
BEN,308066,308,66,1,2,0,1,1,1,1,1,1,0,0,0,0,0,2021,0,0,0,0,0,0,0,,0,0,0,0,8,0,0,0,0,0,0
BEN,308079,308,79,1,3,1,1,1,1,1,0,0,0,0,0,0,0,2021,0,0,0,0,0,0,0,,0,0,0,0,0,0,0,0,0,0,0
BEN,308092,308,92,1,2,0,1,1,1,1,0,0,0,0,0,0,0,2021,0,0,0,0,0,0,0,0.20000000298023224,0,0,0,0,0,0,0,1,0,0,0
BEN,308105,308,105,1,3,0,1,0,1,1,0,0,0,0,0,0,0,2021,0,0,0,0,0,0,0,0.7099999785423279,0,0,0,0,18,0,0,1,0,0,0
BEN,308119,308,119,1,2,0,1,1,1,1,0,0,0,0,0,0,0,2021,0,0,0,0,0,0,0,0.23000000417232513,0,0,0,0,3,0,0,0,0,0,0
BEN,308145,308,145,1,4,1,1,1,1,1,1,1,0,1,0,0,0,2021,0,0,0,0,0,0,0,,0,0,0,0,0,0,0,0,0,0,0
BEN,308171,308,171,1,2,1,1,1,1,1,1,1,0,0,0,0,0,2021,1,0,0,0,0,0,0,0.7799999713897705,0,6,0,0,12,0,0,0,0,0,0
BEN,308185,308,185,1,2,1,1,1,1,1,0,0,0,0,0,0,0,2021,0,0,0,0,0,0,0,0.7799999713897705,0,0,0,0,10,0,0,1,0,0,0
BEN,308916,308,916,1,4,1,1,1,1,1,1,1,0,0,0,0,0,2021,0,0,0,0,0,0,0,0.49000000953674316,0,0,0,0,15,0,0,1,0,0,0
BEN,309003,309,3,2,2,0,1,1,1,1,0,0,0,0,1,0,0,2021,0,0,0,0,0,0,0,0.4472399950027466,0,12,0,0,10,0,1,0,0,0,0
BEN,309018,309,18,2,2,0,1,1,1,0,0,0,1,0,0,0,0,2021,0,0,0,0,0,0,0,0.3330000042915344,0,0,0,0,0,0,1,1,0,0,0
BEN,309026,309,26,2,1,0,1,0,1,1,0,0,1,1,0,0,0,2021,0,0,0,0,0,0,0,0.2709280252456665,0,4,0,0,10,0,1,1,1,0,0
BEN,309033,309,33,2,1,0,1,1,1,1,0,0,0,0,0,0,0,2021,0,0,0,0,0,0,0,0.4569999873638153,0,0,0,0,2,0,1,1,0,0,0
BEN,309041,309,41,2,2,0,0,0,1,1,0,0,0,0,0,0,0,2021,0,0,0,0,0,0,0,0.14000000059604645,0,4,0,0,2,0,1,1,0,0,0
BEN,309050,309,50,2,2,0,1,1,1,1,0,0,0,0,0,0,0,2021,0,0,0,0,0,0,0,0.15147000551223755,0,0,0,0,1,0,0,0,0,0,0
BEN,309064,309,64,2,2,0,0,0,1,1,0,0,0,0,0,0,0,2021,0,0,0,0,0,0,0,0.26322999596595764,0,0,0,0,2,0,1,0,0,0,0
BEN,309072,309,72,2,2,0,1,1,1,0,0,0,1,0,0,0,0,2021,0,0,0,0,0,0,0,0.17044000327587128,0,8,0,0,42,0,1,1,0,0,0
BEN,309087,309,87,2,2,0,1,0,1,0,0,0,1,0,0,0,0,2021,0,0,0,0,0,0,0,0.24863000214099884,0,1,0,0,6,1,1,1,0,0,0
BEN,309094,309,94,2,2,0,1,0,1,0,0,0,1,0,0,0,0,2021,0,0,0,0,0,0,0,0.5771999955177307,0,0,0,0,0,1,1,1,0,0,0
BEN,309102,309,102,2,1,0,1,0,1,0,0,0,0,0,0,0,0,2021,0,0,0,0,0,0,0,0.20071999728679657,0,5,0,0,17,1,1,1,1,0,0
BEN,309117,309,117,2,2,0,0,0,1,1,0,0,0,0,0,0,0,2021,0,0,0,0,0,0,0,0.5036900043487549,0,2,0,0,0,0,1,0,0,0,0
BEN,310003,310,3,1,4,0,1,1,1,1,0,0,0,0,0,0,0,2021,0,0,0,0,0,0,0,0.6899999976158142,0,0,0,0,0,0,1,1,1,0,0
BEN,310012,310,12,1,1,1,1,0,1,1,0,0,0,0,0,0,0,2021,0,0,0,0,0,0,0,1.227320209145546,0,6,0,0,20,0,1,0,0,0,0
BEN,310022,310,22,1,2,1,1,1,1,1,1,1,0,0,1,0,0,2021,0,0,0,0,0,0,0,0.2199999988079071,0,0,0,0,0,0,1,0,0,0,0
BEN,310031,310,31,1,2,0,1,1,1,1,0,0,0,0,0,0,0,2021,0,0,0,0,0,0,0,0.14153507351875305,0,7,8,0,5,0,1,1,0,0,0
BEN,310041,310,41,1,2,0,1,0,1,1,0,0,0,1,0,0,0,2021,0,0,0,0,0,0,0,1.079021394252777,0,8,0,0,15,1,1,1,0,0,0
BEN,310050,310,50,1,1,0,1,1,1,1,1,0,1,0,0,0,0,2021,0,0,0,0,0,0,0,,0,0,0,0,3,0,1,1,1,0,0
BEN,310060,310,60,1,3,1,1,1,1,1,0,0,0,0,0,0,0,2021,0,0,0,0,0,0,0,0.2800000011920929,0,0,0,0,10,0,1,0,0,0,0
BEN,310078,310,78,1,2,0,1,0,1,1,0,0,0,0,0,0,0,2021,0,0,0,0,0,0,0,,0,3,0,0,5,1,0,1,1,0,0
BEN,310088,310,88,1,1,0,1,1,1,1,0,0,1,0,0,0,0,2021,0,0,0,0,0,0,0,0.21885547041893005,0,10,0,0,0,0,1,1,1,0,0
BEN,310097,310,97,1,4,0,1,1,1,1,0,0,1,0,0,0,0,2021,0,0,0,0,0,0,0,0.30000001192092896,0,0,0,0,0,1,1,1,1,0,0
BEN,310107,310,107,1,4,1,1,1,1,1,0,0,1,0,0,0,0,2021,0,0,0,0,0,0,0,0.30000001192092896,0,0,0,0,0,0,1,1,0,0,0
BEN,310126,310,126,1,2,1,1,1,1,1,0,0,1,0,0,0,0,2021,0,0,0,0,0,0,0,0.8300000131130219,0,0,0,0,0,0,1,0,0,0,0
BEN,311002,311,2,1,4,1,1,1,1,1,1,1,0,0,1,0,0,2021,1,0,0,0,0,1,0,,0,0,0,0,0,0,0,0,0,0,0
BEN,311004,311,4,1,2,0,1,1,1,1,0,0,0,0,0,0,0,2021,0,0,0,0,0,0,0,,0,0,0,0,8,0,1,0,0,0,0
BEN,311023,311,23,1,2,0,1,1,1,1,0,0,0,0,0,0,0,2021,0,0,0,0,0,0,0,0.45544999837875366,0,0,0,0,0,1,1,0,0,0,0
BEN,311037,311,37,1,2,0,1,1,1,1,0,0,0,0,0,0,0,2021,0,0,0,0,0,0,0,0.20586000382900238,0,4,0,0,7,0,0,0,0,0,0
BEN,311044,311,44,1,2,1,1,0,0,0,0,1,0,1,0,0,0,2021,0,0,0,0,0,0,0,0.032999999821186066,0,7,0,0,0,1,0,0,0,0,0
BEN,311056,311,56,1,2,1,1,0,1,0,0,0,0,1,0,0,0,2021,0,0,0,0,0,0,0,0.31709999591112137,0,0,0,0,10,0,0,1,0,0,0
BEN,311105,311,105,1,2,0,0,0,0,0,0,0,0,1,0,0,0,2021,0,0,0,0,0,0,0,,0,0,0,0,10,0,0,1,0,0,0
BEN,311107,311,107,1,2,0,1,0,1,1,1,1,0,1,0,0,0,2021,0,0,0,0,0,0,0,0.03720700088888407,0,0,0,0,0,0,1,1,1,0,0
BEN,311160,311,160,1,2,1,1,1,1,1,0,1,0,1,0,0,0,2021,0,0,0,0,0,0,0,0.041318001225590706,0,1,0,0,0,0,0,0,0,0,0
BEN,311183,311,183,1,2,1,1,1,1,1,1,1,0,1,1,0,0,2021,1,0,0,0,0,1,0,0.47988399863243103,0,0,0,0,5,0,1,1,0,0,0
BEN,311219,311,219,1,2,0,1,0,1,0,0,0,0,1,0,0,0,2021,0,0,0,0,0,0,0,0.4139229953289032,0,1,0,0,3,0,0,1,0,0,0
BEN,311231,311,231,1,2,0,1,0,1,0,0,0,0,1,0,0,0,2021,0,0,0,0,0,0,0,0.3822290003299713,0,0,0,0,0,1,0,0,0,0,0
BEN,312009,312,9,2,2,0,1,1,1,1,0,1,0,0,1,0,0,2021,0,0,0,0,0,0,0,,0,8,0,0,0,0,0,0,1,0,0
BEN,312019,312,19,2,2,0,1,0,1,0,0,0,0,0,0,0,0,2021,0,0,0,0,0,0,0,,0,7,0,0,1,0,1,1,0,0,0
BEN,312039,312,39,2,2,1,1,1,1,1,1,1,0,0,1,0,0,2021,0,0,0,0,0,0,0,,0,3,0,0,0,0,0,0,1,0,0
BEN,312059,312,59,2,2,0,1,1,1,1,1,1,0,0,1,0,0,2021,0,0,0,0,0,0,0,0.2962299883365631,0,2,0,0,0,1,0,0,1,0,0
BEN,312069,312,69,2,2,1,1,1,1,0,0,0,0,1,0,0,0,2021,0,0,0,0,0,0,0,0.10899999737739563,0,1,0,0,0,0,1,0,0,0,0
BEN,312079,312,79,2,2,0,1,1,1,0,0,0,1,1,0,0,0,2021,0,0,0,0,0,0,0,0.8820000290870667,0,0,0,0,0,0,0,0,0,0,0
BEN,312098,312,98,2,2,0,1,1,1,0,1,1,0,0,0,0,0,2021,1,0,0,0,0,1,0,0.17615999281406403,0,6,6,0,20,0,1,1,1,0,0
BEN,312108,312,108,2,2,0,1,1,1,0,0,0,0,1,0,0,0,2021,0,0,0,0,0,0,0,0.28999999165534973,0,0,0,0,0,0,1,0,0,0,0
BEN,312118,312,118,2,2,0,1,1,1,0,1,1,0,0,0,0,0,2021,0,0,0,0,0,0,1,,0,0,0,0,0,0,1,1,1,0,0
BEN,312138,312,138,2,2,0,1,0,1,0,1,1,0,0,0,0,0,2021,0,0,0,0,0,0,0,0.6138899922370911,0,4,0,0,0,0,1,1,0,0,0
BEN,312148,312,148,2,3,1,1,1,1,1,0,1,0,0,0,0,0,2021,0,0,0,0,0,0,0,0.23792999982833862,0,0,0,0,0,0,0,0,0,0,0
BEN,312157,312,157,2,2,0,1,0,1,1,0,1,0,0,0,0,0,2021,1,0,0,0,0,1,0,0.621999979019165,0,0,0,0,6,0,1,1,1,0,0
BEN,313001,313,1,1,2,0,1,0,1,1,0,0,0,0,1,0,0,2021,0,0,0,0,0,0,0,0.3308199942111969,0,0,0,0,0,1,1,0,0,0,0
BEN,313012,313,12,1,2,0,1,1,1,1,0,0,0,0,0,0,0,2021,0,0,0,0,0,0,0,0.15560999512672424,0,0,0,0,0,0,0,0,0,0,0
BEN,313022,313,22,1,2,0,1,0,1,1,0,0,0,0,0,0,0,2021,0,0,0,0,0,0,0,0.5984500199556351,0,0,0,0,0,0,1,0,0,0,0
BEN,313033,313,33,1,2,0,1,0,1,1,0,0,0,0,0,0,0,2021,0,0,0,0,0,0,0,0.8321700096130371,0,0,0,0,0,1,1,0,0,0,0
BEN,313054,313,54,1,2,0,1,1,1,1,0,0,1,1,0,0,0,2021,0,0,0,0,0,0,0,0.017000000923871994,0,6,0,0,26,0,1,1,0,0,0
BEN,313065,313,65,1,2,0,1,0,1,1,0,0,1,1,0,0,0,2021,0,0,0,0,0,0,0,0.022789999842643738,0,0,0,0,0,0,1,1,0,0,0
BEN,313075,313,75,1,2,1,1,0,1,1,0,0,0,1,1,0,0,2021,0,0,0,0,0,0,0,,0,0,0,0,10,0,1,1,0,0,0
BEN,313107,313,107,1,2,0,1,1,1,1,0,0,0,1,0,0,0,2021,0,0,0,0,0,0,0,0.10757999867200851,0,10,0,0,20,0,1,0,0,0,0
BEN,313118,313,118,1,2,0,1,0,1,1,0,0,0,1,0,0,0,2021,0,0,0,0,0,0,0,,0,0,0,0,0,0,0,0,0,0,0
BEN,313150,313,150,1,2,0,1,1,1,1,0,0,0,1,0,0,0,2021,0,0,0,0,0,0,0,0.16683000326156616,0,3,0,0,4,0,0,0,0,0,0
BEN,313774,313,774,1,2,0,1,0,1,1,0,0,0,1,0,0,0,2021,0,0,0,0,0,0,0,0.7575799822807312,0,0,0,0,0,0,0,1,0,0,0
BEN,314006,314,6,2,1,1,1,1,1,1,0,0,1,0,0,0,0,2021,0,0,0,0,0,0,1,2.05436472594738,0,0,0,0,0,0,1,1,1,0,0
BEN,314014,314,14,2,1,1,1,1,0,1,0,0,0,0,0,0,0,2021,0,0,0,0,0,0,0,1.300000011920929,0,6,0,0,0,1,1,1,1,0,0
BEN,314031,314,31,2,1,1,1,1,1,0,0,0,0,0,0,0,0,2021,0,0,0,0,0,0,0,1.4661587476730347,0,14,50,0,0,0,1,1,0,0,0
BEN,314039,314,39,2,4,0,1,0,1,0,0,0,0,0,0,0,0,2021,0,0,0,0,0,0,0,0.567505419254303,0,0,0,0,0,0,1,1,0,0,0
BEN,314047,314,47,2,4,1,1,1,1,1,0,0,0,1,0,0,0,2021,0,0,0,0,0,0,0,1.9531999826431274,0,8,0,0,26,1,1,1,0,1,0
BEN,314063,314,63,2,4,1,1,0,0,0,0,0,0,1,0,0,0,2021,0,0,0,0,0,0,0,0.982200026512146,0,8,0,0,0,0,1,1,0,1,0
BEN,314072,314,72,2,2,1,1,1,1,1,0,0,1,1,0,0,0,2021,0,0,0,0,0,0,0,1.858900010585785,0,23,0,0,0,1,1,1,0,1,0
BEN,314080,314,80,2,2,1,1,1,0,0,0,0,0,1,0,0,0,2021,0,0,0,0,0,0,0,1.055299997329712,0,4,0,0,8,0,1,1,1,1,0
BEN,314096,314,96,2,2,1,1,1,1,1,0,0,1,0,0,0,0,2021,1,0,0,0,0,0,0,1.0820261538028717,0,0,0,0,14,0,1,1,0,0,0
BEN,314104,314,104,2,2,0,1,0,1,1,0,0,0,0,0,0,0,2021,0,0,0,0,0,0,0,0.6187048554420471,0,12,0,0,6,1,1,1,1,0,0
BEN,314113,314,113,2,2,1,1,1,1,1,0,0,1,0,0,0,0,2021,1,0,0,0,0,0,0,1.0200000256299973,0,3,0,0,10,0,1,1,1,0,0
BEN,314129,314,129,2,4,0,0,0,0,0,0,0,0,0,0,0,0,2021,0,0,0,0,0,0,0,2.0776652097702026,0,9,0,0,20,1,1,1,1,0,0
BEN,315001,315,1,1,2,1,1,0,0,0,0,0,0,0,0,0,0,2021,0,0,0,0,0,0,0,1.9301999807357788,0,10,0,0,80,0,0,0,0,0,0
BEN,315011,315,11,1,2,1,1,0,0,0,0,0,0,1,0,0,0,2021,0,0,0,0,0,0,0,0.3490000069141388,0,0,0,0,18,0,0,0,0,0,0
BEN,315021,315,21,1,2,1,1,1,0,1,0,0,0,0,0,0,0,2021,0,0,0,0,0,0,0,0.03310000151395798,0,0,0,0,0,0,1,1,0,0,0
BEN,315032,315,32,1,1,0,1,1,1,1,0,0,0,0,0,0,0,2021,0,0,0,0,0,0,0,0.06283999793231487,0,2,0,0,0,0,0,0,0,0,0
BEN,315042,315,42,1,2,0,1,0,0,0,0,0,0,1,0,0,0,2021,0,0,0,0,0,0,0,0.5479999780654907,0,0,0,0,0,0,0,0,0,0,0
BEN,315052,315,52,1,2,0,1,1,0,0,0,0,0,0,0,0,0,2021,0,0,0,0,0,0,0,0.05416000168770552,0,0,0,0,0,0,1,1,0,0,0
BEN,315062,315,62,1,1,1,1,1,0,1,0,0,0,1,0,0,0,2021,0,0,0,0,0,0,0,,0,3,0,0,5,0,0,0,0,1,0
BEN,315073,315,73,1,2,1,1,1,0,0,0,0,0,0,0,0,0,2021,0,0,0,0,0,0,0,0.4102100133895874,0,0,0,0,0,1,0,0,0,0,0
BEN,315083,315,83,1,1,1,1,1,0,1,0,0,1,0,0,0,0,2021,0,0,0,0,0,0,0,0.04868000000715256,0,0,0,0,0,0,0,1,0,0,0
BEN,315093,315,93,1,1,1,1,1,0,1,0,0,0,0,0,0,0,2021,0,0,0,0,0,0,0,0.017920000478625298,0,2,0,0,0,1,0,0,0,0,0
BEN,315103,315,103,1,2,1,1,1,0,0,0,0,1,0,0,0,0,2021,0,0,0,0,0,0,0,0.04047999903559685,0,4,0,0,6,0,1,1,0,0,0
BEN,315114,315,114,1,2,0,1,1,0,1,0,0,0,1,0,0,0,2021,0,0,0,0,0,0,0,0.38388474471867085,0,2,0,0,5,0,1,1,0,0,0
BEN,316008,316,8,2,1,0,1,0,0,0,0,0,0,0,0,0,0,2021,0,0,0,0,0,0,0,0.3898331969976425,0,6,0,0,0,0,1,1,1,0,0
BEN,316010,316,10,2,1,1,1,1,0,0,0,0,1,0,0,0,0,2021,0,0,0,0,0,0,0,0.39899998903274536,0,3,0,0,0,0,1,1,0,0,0
BEN,316020,316,20,2,1,0,1,0,0,0,0,0,0,0,0,0,0,2021,0,0,0,0,0,0,0,0.1550000011920929,0,3,0,0,0,0,1,1,0,0,0
BEN,316032,316,32,2,1,0,1,0,0,0,0,0,1,0,0,0,0,2021,0,0,0,0,0,0,0,1.4089999496936798,0,6,0,0,0,1,1,1,1,0,0
BEN,316037,316,37,2,2,1,1,1,0,0,0,0,1,1,0,0,0,2021,0,0,0,0,0,0,0,0.8361999988555908,0,9,5,0,10,1,1,1,0,0,0
BEN,316055,316,55,2,4,1,1,0,1,1,0,0,0,1,0,0,0,2021,0,0,0,0,0,0,0,0.21310000121593475,0,5,0,0,6,1,1,1,0,0,0
BEN,316061,316,61,2,4,1,1,1,0,0,0,0,1,1,0,0,0,2021,0,0,0,0,0,0,0,0.36149999499320984,0,7,0,0,25,1,1,0,0,0,0
BEN,316067,316,67,2,2,0,1,0,0,0,0,0,0,0,0,0,0,2021,0,0,0,0,0,0,0,0.6792455464601517,0,9,0,0,5,0,1,1,1,0,0
BEN,316072,316,72,2,3,1,1,1,0,0,0,0,1,1,0,0,0,2021,0,0,0,0,0,0,0,,0,0,0,0,36,1,1,1,0,0,0
BEN,316075,316,75,2,2,0,1,0,0,0,0,0,1,0,0,0,0,2021,0,0,0,0,0,0,0,,0,0,0,0,5,1,1,1,1,0,0
BEN,316085,316,85,2,2,0,1,0,1,1,0,0,1,0,0,0,0,2021,0,0,0,0,0,0,0,0.859999991953373,0,2,0,0,13,0,1,1,1,0,0
BEN,316091,316,91,2,2,0,1,1,0,0,0,0,0,0,0,0,0,2021,0,0,0,0,0,0,0,0.9660033583641052,0,6,0,0,1,1,1,1,1,0,0
BEN,317009,317,9,1,2,0,1,0,0,0,0,0,0,1,1,0,0,2021,0,0,0,0,0,0,0,,0,6,0,0,8,1,0,0,0,0,0
BEN,317018,317,18,1,2,0,1,0,1,0,0,0,0,0,0,0,1,2021,0,0,0,0,0,0,0,0.42393043637275696,0,0,0,0,6,0,0,1,0,0,0
BEN,317027,317,27,1,1,0,1,0,1,0,0,0,0,0,0,0,0,2021,0,0,0,0,0,0,0,0.020010000094771385,0,6,0,0,10,0,0,1,0,0,0
BEN,317036,317,36,1,2,0,1,1,1,0,0,0,0,0,0,0,0,2021,0,0,0,0,0,0,0,0.036240000277757645,0,8,0,0,0,0,0,1,0,0,0
BEN,317045,317,45,1,2,0,1,0,0,0,0,0,0,1,0,0,0,2021,0,0,0,0,0,0,0,0.021900000050663948,0,0,0,0,0,0,0,0,0,0,0
BEN,317054,317,54,1,2,1,1,1,1,0,0,0,0,0,0,0,0,2021,0,0,0,0,0,0,0,0.014999999664723873,0,4,0,0,8,1,0,1,0,0,0
BEN,317063,317,63,1,2,0,1,1,0,0,0,0,1,1,0,0,0,2021,0,0,0,0,0,0,0,,0,3,0,0,18,1,0,0,0,0,0
BEN,317072,317,72,1,1,0,1,0,1,1,0,0,0,0,0,0,0,2021,0,0,0,0,0,0,0,,0,4,0,0,5,0,0,0,1,0,0
BEN,317081,317,81,1,2,0,1,0,0,0,0,0,0,1,0,0,0,2021,0,0,0,0,0,0,0,0.0414000004529953,0,3,0,0,0,0,0,0,0,0,0
BEN,317090,317,90,1,1,1,1,1,1,1,0,0,0,0,0,0,0,2021,0,0,0,0,0,0,0,,0,5,0,0,3,0,0,1,0,0,0
BEN,317099,317,99,1,1,0,1,0,1,1,0,0,0,0,0,0,0,2021,0,0,0,0,0,0,0,0.01513999979943037,0,0,0,0,0,0,0,1,0,0,0
BEN,317108,317,108,1,2,1,1,1,0,0,0,0,0,0,0,0,1,2021,0,0,0,0,0,0,0,0.023169999942183495,0,12,0,0,40,0,0,1,0,0,0
BEN,318010,318,10,2,1,1,1,1,1,1,1,1,0,0,0,0,0,2021,1,0,0,0,0,0,0,,0,11,0,0,0,1,1,1,0,0,0
BEN,318021,318,21,2,4,1,1,1,1,1,1,1,0,0,0,0,0,2021,0,0,0,0,0,0,0,0.16731126606464386,0,0,0,0,0,1,0,1,0,0,0
BEN,318031,318,31,2,4,1,1,1,1,1,1,1,0,1,1,1,1,2021,1,1,0,0,0,1,0,,0,0,0,0,0,0,0,1,0,0,0
BEN,318041,318,41,2,4,0,1,0,0,0,0,0,1,1,0,0,0,2021,0,0,0,0,0,0,0,0.10000000149011612,0,0,0,0,0,1,1,1,0,0,0
BEN,318055,318,55,2,4,1,1,1,1,1,1,1,0,0,0,0,0,2021,0,0,0,0,0,0,0,,0,0,0,0,0,1,0,1,1,0,0
BEN,318070,318,70,2,3,1,1,1,1,1,0,0,0,0,0,0,0,2021,0,0,0,0,0,0,0,,0,0,0,0,0,1,0,1,0,0,0
BEN,318083,318,83,2,4,1,1,1,1,1,1,1,0,0,0,0,0,2021,0,0,1,0,1,0,0,,0,0,0,0,6,0,0,1,0,0,0
BEN,318093,318,93,2,4,1,1,1,1,1,0,1,0,0,0,0,0,2021,0,0,0,0,0,0,0,,0,0,0,0,0,1,0,1,0,0,0
BEN,318120,318,120,2,1,1,1,1,1,1,0,1,0,0,0,0,0,2021,1,0,0,0,0,0,0,0.8987577855587006,0,0,0,0,0,0,1,1,1,0,0
BEN,318135,318,135,2,3,1,1,1,1,1,1,1,0,0,0,0,0,2021,1,1,1,0,0,1,0,,0,0,0,0,0,0,0,1,0,0,0
BEN,318155,318,155,2,3,1,1,1,1,1,1,1,0,0,0,0,0,2021,0,0,0,0,0,0,0,,0,0,0,0,6,0,0,1,1,0,0
BEN,318166,318,166,2,3,1,1,1,1,1,0,0,0,0,0,0,0,2021,0,0,0,0,0,0,0,,0,0,0,0,4,0,0,1,1,0,0
BEN,319006,319,6,1,1,0,1,0,1,1,0,0,0,1,0,0,0,2021,0,0,0,0,0,0,0,0.035919999703764915,0,21,0,5,28,0,0,0,0,0,0
BEN,319044,319,44,1,2,1,1,1,1,1,1,1,0,1,0,0,0,2021,1,0,0,0,0,0,0,0.25995635986328125,0,2,0,0,38,0,0,0,0,0,0
BEN,319063,319,63,1,2,1,1,1,0,0,0,0,0,0,0,0,0,2021,0,0,0,0,0,0,0,0.014329999685287476,0,0,0,0,0,1,0,1,0,0,0
BEN,319102,319,102,1,2,0,1,0,0,0,0,0,0,1,0,0,0,2021,0,0,0,0,0,0,0,,0,0,0,0,1,0,0,0,0,0,0
BEN,319121,319,121,1,1,0,1,1,0,1,1,1,0,0,0,0,0,2021,0,0,0,0,0,0,0,0.04353000037372112,0,0,0,0,0,0,1,1,0,0,0
BEN,319140,319,140,1,4,1,1,0,1,1,0,0,0,0,0,0,0,2021,0,0,0,0,0,0,0,,0,0,9,0,4,0,0,0,0,0,0
BEN,319160,319,160,1,1,1,1,1,1,1,0,0,1,1,0,1,0,2021,1,0,0,0,0,1,0,,0,0,0,0,0,0,0,1,0,0,0
BEN,319179,319,179,1,2,1,1,1,1,1,0,0,0,1,0,0,0,2021,0,0,0,0,0,0,0,0.049730001017451286,0,6,0,0,6,0,0,1,0,0,0
BEN,319198,319,198,1,4,0,1,1,1,1,0,0,0,0,0,0,0,2021,0,0,0,0,0,0,0,,0,1,15,0,4,0,1,1,0,0,0
BEN,319217,319,217,1,1,1,1,1,1,1,1,1,0,0,0,0,0,2021,0,0,0,0,0,0,0,,0,0,18,0,3,0,0,0,0,0,0
BEN,319237,319,237,1,2,1,1,1,1,1,0,0,0,0,0,0,1,2021,0,0,0,0,0,0,0,0.036400001496076584,0,0,0,0,0,1,0,1,0,0,0
BEN,319775,319,775,1,2,0,1,0,0,0,0,0,0,1,0,0,0,2021,0,0,0,0,0,0,0,0.021150000393390656,0,3,0,0,7,1,0,0,0,0,0
BEN,320001,320,1,2,1,0,1,0,0,0,0,0,1,0,0,0,0,2021,0,0,0,0,0,0,0,0.5199999958276749,0,0,0,0,10,0,1,1,0,0,0
BEN,320011,320,11,2,3,1,1,1,1,0,0,0,1,0,0,0,0,2021,0,0,0,0,0,0,0,0.30272436141967773,0,3,0,0,0,0,1,1,0,0,0
BEN,320022,320,22,2,1,1,1,1,1,0,0,0,1,0,0,0,0,2021,0,0,0,0,0,0,0,0.605200007557869,0,4,0,0,8,0,1,1,0,0,0
BEN,320027,320,27,2,1,1,1,1,0,0,0,0,0,0,0,0,0,2021,0,0,0,0,0,0,0,,0,0,0,0,10,0,1,1,0,0,0
BEN,320042,320,42,2,4,1,1,1,0,0,0,0,1,1,0,0,0,2021,0,0,0,0,0,0,0,0.37860000133514404,0,0,0,0,43,0,1,1,0,1,0
BEN,320065,320,65,2,4,1,1,1,0,0,0,0,0,0,0,0,0,2021,0,0,0,0,0,0,0,0.3149999976158142,0,3,0,0,11,0,1,1,0,1,0
BEN,320073,320,73,2,2,1,1,1,0,0,0,0,1,0,0,0,0,2021,0,0,0,0,0,0,0,2.3104999661445618,0,0,0,0,0,0,1,1,0,1,0
BEN,320104,320,104,2,2,1,1,0,0,0,0,0,0,0,0,0,0,2021,0,0,0,0,0,0,0,0.8334000110626221,0,0,0,0,0,0,1,1,0,1,0
BEN,320114,320,114,2,2,0,1,0,0,0,0,0,1,0,0,0,0,2021,0,0,0,0,0,0,0,2.10999995470047,0,11,0,0,13,0,1,1,1,0,0
BEN,320125,320,125,2,4,1,1,1,0,0,0,0,0,0,0,0,0,2021,0,0,0,0,0,0,0,,0,0,0,0,3700,0,1,1,1,1,0
BEN,320145,320,145,2,4,1,1,1,0,0,0,0,0,0,0,0,0,2021,0,0,0,0,0,0,0,0.943239688873291,0,0,0,0,4,0,1,1,1,0,0
BEN,320152,320,152,2,4,1,1,1,0,0,0,0,0,0,0,0,0,2021,0,0,0,0,0,0,0,0.3870000094175339,0,0,0,0,0,1,1,1,1,0,0
BEN,321003,321,3,1,2,1,1,1,1,1,0,0,1,0,0,0,0,2021,0,0,0,0,0,0,0,0.5227199792861938,0,0,0,0,0,0,0,0,0,0,0
BEN,321016,321,16,1,2,0,1,0,0,0,1,1,0,1,0,0,0,2021,0,0,0,0,0,0,0,0.20157000422477722,0,0,2,0,0,0,0,0,0,0,0
BEN,321028,321,28,1,2,0,1,0,1,1,0,0,0,1,0,0,0,2021,0,0,0,0,0,0,0,0.2021999955177307,0,0,0,0,15,0,0,0,0,0,0
BEN,321041,321,41,1,1,0,1,1,1,0,1,1,0,0,0,0,0,2021,0,0,0,0,0,0,0,,0,0,8,0,2,0,0,0,0,0,0
BEN,321053,321,53,1,1,1,1,1,1,0,1,1,0,0,0,0,0,2021,0,0,0,0,0,0,0,0.033330000936985016,0,0,0,0,0,0,0,0,0,0,0
BEN,321066,321,66,1,2,0,1,0,0,0,0,0,0,0,0,0,0,2021,0,0,0,0,0,0,0,,0,4,0,0,8,0,0,0,0,0,0
BEN,321078,321,78,1,1,1,1,1,0,0,0,0,1,0,0,1,0,2021,0,0,0,0,0,0,0,,0,1,0,0,12,1,1,1,0,0,0
BEN,321091,321,91,1,4,0,1,0,0,0,1,1,0,0,0,0,0,2021,0,0,0,0,0,0,0,0.0170499999076128,0,0,0,0,0,0,0,0,0,0,0
BEN,321103,321,103,1,2,0,1,1,0,0,1,1,0,0,0,0,0,2021,0,0,0,0,0,0,0,,0,0,0,0,10,0,0,1,0,0,0
BEN,321116,321,116,1,4,0,1,1,1,1,0,0,0,0,0,0,0,2021,0,0,0,0,0,0,0,,0,0,5,0,2,0,0,0,0,0,0
BEN,321128,321,128,1,2,0,1,0,1,0,0,0,1,0,0,0,0,2021,0,0,0,0,0,0,0,0.029680000618100166,0,1,0,0,1,1,0,1,0,0,0
BEN,321141,321,141,1,2,0,1,0,1,0,0,0,1,1,0,0,0,2021,0,0,0,0,0,0,0,0.018629999831318855,0,40,0,0,0,1,0,1,0,0,0
BEN,322014,322,14,2,2,0,1,1,1,1,0,0,1,0,0,0,0,2021,0,0,0,0,0,0,0,0.42778000235557556,0,2,0,0,8,0,1,0,0,0,0
BEN,322033,322,33,2,2,0,1,0,1,1,0,0,0,0,0,0,0,2021,0,0,0,0,0,0,0,0.29914000630378723,0,5,0,0,0,0,1,0,0,0,0
BEN,322072,322,72,2,2,0,1,1,1,1,0,0,0,1,0,0,0,2021,0,0,0,0,0,0,0,0.7089999914169312,0,6,0,0,20,0,1,1,1,0,0
BEN,322091,322,91,2,2,1,1,1,1,1,0,0,1,0,0,0,0,2021,0,0,0,0,0,0,0,0.5728499889373779,0,4,0,0,0,0,1,0,1,0,0
BEN,322110,322,110,2,2,0,0,0,1,1,0,0,0,0,0,0,0,2021,0,0,0,0,0,0,0,0.36127999424934387,0,7,0,0,20,0,1,0,0,0,0
BEN,322148,322,148,2,2,0,1,0,1,1,0,0,0,0,0,0,0,2021,0,0,0,0,0,0,0,0.293069988489151,0,5,0,0,0,1,0,1,0,0,0
BEN,322167,322,167,2,2,0,1,0,1,1,0,0,0,0,0,0,0,2021,0,0,0,0,0,0,0,2.3383100032806396,0,7,0,0,7,0,1,1,1,0,0
BEN,322186,322,186,2,2,0,1,0,1,1,0,0,0,0,0,0,0,2021,0,0,0,0,0,0,0,2.2347999811172485,0,0,0,0,0,0,1,1,0,0,0
BEN,322225,322,225,2,2,0,1,0,1,1,0,0,0,0,0,0,0,2021,0,0,0,0,0,0,0,0.2960599958896637,0,0,0,0,8,1,1,0,0,0,0
BEN,322244,322,244,2,2,0,0,0,1,1,0,0,0,1,0,0,0,2021,0,0,0,0,0,0,0,0.11500000208616257,0,1,0,0,0,0,0,1,1,0,0
BEN,322263,322,263,2,2,0,1,1,1,1,0,0,1,1,0,0,0,2021,0,0,0,0,0,0,0,1.7289999723434448,0,9,36,0,42,0,1,0,0,1,0
BEN,322301,322,301,2,2,0,1,0,1,1,0,0,1,0,0,0,0,2021,0,0,0,0,0,0,0,1.1890000104904175,0,0,0,0,48,1,1,1,1,0,0
BEN,323003,323,3,1,2,0,1,0,1,1,0,0,1,0,0,0,0,2021,0,0,0,0,0,0,0,1.2497299909591675,0,0,0,0,0,1,0,0,0,0,0
BEN,323015,323,15,1,1,0,1,0,1,1,0,0,1,0,0,0,0,2021,0,0,0,0,0,0,0,0.7168099880218506,0,0,0,0,4,1,1,0,0,0,0
BEN,323027,323,27,1,2,0,1,0,1,1,0,0,0,0,0,0,0,2021,0,0,0,0,0,0,0,2.3947799801826477,0,2,0,0,6,1,1,0,1,0,0
BEN,323038,323,38,1,2,0,1,0,1,1,0,0,0,0,0,0,0,2021,0,0,0,0,0,0,0,0.5124899744987488,0,0,0,0,2,1,1,1,1,0,0
BEN,323050,323,50,1,2,0,1,0,1,1,0,0,0,0,0,0,0,2021,0,0,0,0,0,0,0,2.691649943590164,0,2,0,0,4,1,0,0,0,0,0
BEN,323062,323,62,1,2,0,1,0,1,1,0,0,0,0,0,0,0,2021,0,0,0,0,0,0,0,,0,0,0,0,2,0,1,0,0,0,0
BEN,323073,323,73,1,2,0,1,0,1,1,0,0,0,0,0,0,0,2021,0,0,0,0,0,0,0,0.8003699779510498,0,0,0,0,0,0,0,0,0,0,0
BEN,323085,323,85,1,1,0,1,0,1,1,0,0,0,0,0,0,0,2021,0,0,0,0,0,0,0,0.13662999868392944,0,2,0,0,15,1,0,1,1,0,0
BEN,323097,323,97,1,4,0,1,0,1,1,0,0,0,1,0,0,0,2021,0,0,0,0,0,0,0,0.6418799757957458,0,8,0,0,0,1,0,1,0,0,0
BEN,323108,323,108,1,1,0,1,0,1,1,0,0,1,1,0,0,0,2021,0,0,0,0,0,0,0,0.5820800065994263,0,5,0,0,0,1,1,0,0,0,0
BEN,323120,323,120,1,4,0,1,0,1,1,0,0,0,1,0,0,0,2021,0,0,0,0,0,0,0,0.9886699914932251,0,0,0,0,0,1,1,0,0,0,0
BEN,323132,323,132,1,4,0,1,0,1,1,0,0,0,1,0,0,0,2021,0,0,0,0,0,0,0,0.988610029220581,0,0,0,0,0,1,0,0,0,0,0
BEN,324008,324,8,2,1,1,1,0,1,1,0,0,0,0,0,1,0,2021,0,0,0,0,0,0,0,0.8002174198627472,0,0,0,0,0,0,0,1,1,0,0
BEN,324024,324,24,2,4,1,1,1,1,1,0,0,0,0,0,0,0,2021,0,0,0,0,0,0,0,,0,1,0,0,0,0,1,1,0,0,0
BEN,324032,324,32,2,2,0,1,0,1,1,0,0,0,0,0,0,0,2021,0,0,0,0,0,0,0,0.6475763320922852,0,2,0,0,8,0,1,1,1,0,0
BEN,324041,324,41,2,2,1,1,0,1,1,0,0,0,0,0,0,0,2021,0,0,0,0,0,0,0,0.9018599987030029,0,0,0,0,9,0,1,1,0,0,0
BEN,324057,324,57,2,2,0,1,0,1,1,0,0,1,1,0,0,0,2021,0,0,0,0,0,0,0,0.6739000082015991,0,6,0,0,10,0,1,1,0,0,0
BEN,324065,324,65,2,2,0,1,0,1,1,0,0,0,0,1,0,0,2021,0,0,0,0,0,0,0,0.24445000290870667,0,0,0,0,0,0,0,0,1,0,0
BEN,324073,324,73,2,2,0,1,1,1,1,0,0,0,0,0,0,0,2021,0,0,0,0,0,0,0,0.5507300049066544,0,5,0,0,20,0,0,0,1,0,0
BEN,324089,324,89,2,2,1,1,0,1,1,0,0,0,0,0,0,0,2021,0,0,0,0,0,0,0,0.1246199980378151,0,0,0,0,0,0,0,0,1,0,0
BEN,324097,324,97,2,2,0,1,0,1,1,0,0,0,0,0,0,0,2021,0,0,0,0,0,0,0,0.7354100048542023,0,11,0,0,0,0,0,0,1,0,0
BEN,324106,324,106,2,2,0,1,0,1,1,0,0,0,1,0,0,0,2021,0,0,0,0,0,0,0,0.16599999368190765,0,0,0,0,4,0,1,1,0,0,0
BEN,324122,324,122,2,1,1,1,1,1,1,0,0,0,1,0,0,0,2021,0,0,0,0,0,0,0,0.4099999964237213,0,8,0,0,4,0,1,1,0,0,0
BEN,324130,324,130,2,2,0,1,0,1,1,0,0,0,1,0,0,0,2021,0,0,0,0,0,0,0,1.1686100363731384,0,6,0,0,8,1,1,0,1,0,0
BEN,325003,325,3,1,2,1,1,0,1,1,0,0,0,1,0,0,0,2021,0,0,0,0,0,0,0,1.4884699583053589,0,2,0,0,5,1,1,1,1,0,0
BEN,325010,325,10,1,2,1,1,0,1,1,0,0,0,1,0,0,0,2021,0,0,0,0,0,0,0,0.33445999026298523,0,6,0,0,4,0,0,1,0,0,0
BEN,325016,325,16,1,2,1,1,1,1,0,0,0,0,0,0,0,0,2021,0,0,0,0,0,0,0,0.6119199991226196,0,5,0,0,8,0,1,1,0,1,0
BEN,325022,325,22,1,2,0,1,0,1,1,0,0,1,0,0,0,0,2021,0,0,0,0,0,0,0,1.1110092252492905,0,4,0,0,4,0,1,1,0,0,0
BEN,325029,325,29,1,2,1,1,1,1,1,0,0,1,0,0,0,0,2021,0,0,0,0,0,0,0,0.5141199827194214,0,6,0,0,10,0,0,0,0,0,0
BEN,325035,325,35,1,1,1,1,1,1,1,1,1,0,0,0,0,0,2021,0,0,0,0,0,0,0,0.9528500288724899,0,0,0,0,0,0,0,1,0,0,0
BEN,325041,325,41,1,2,0,1,0,1,1,0,0,1,0,0,0,0,2021,0,0,0,0,0,0,0,0.39792001247406006,0,7,0,0,10,0,0,1,0,0,0
BEN,325048,325,48,1,2,0,1,0,1,1,0,0,0,0,0,0,0,2021,0,0,0,0,0,0,0,0.4551199972629547,0,4,0,0,19,0,0,0,0,0,0
BEN,325054,325,54,1,4,1,1,0,1,0,0,0,0,0,0,0,0,2021,0,0,0,0,0,0,0,1.0074300095438957,0,2,0,0,6,1,1,1,0,0,0
BEN,325061,325,61,1,2,1,1,0,1,0,0,0,0,0,0,0,0,2021,0,0,0,0,0,0,0,0.34307000041007996,0,3,0,0,9,1,1,1,0,0,0
BEN,325067,325,67,1,2,1,1,0,1,1,0,0,0,0,0,0,0,2021,0,0,0,0,0,0,0,,0,4,0,0,8,0,0,1,0,0,0
BEN,325073,325,73,1,4,1,1,1,1,1,0,0,0,0,0,0,0,2021,0,0,0,0,0,0,0,0.974580779671669,0,4,0,0,8,0,1,1,0,0,0
BEN,326011,326,11,2,4,0,1,1,1,1,0,0,0,1,0,0,0,2021,0,0,0,0,0,0,0,0.3153199851512909,0,8,0,0,0,1,1,1,0,0,0
BEN,326027,326,27,2,2,1,1,0,1,1,0,1,0,1,0,0,0,2021,0,0,0,0,0,0,0,0.16335000097751617,0,7,12,0,0,0,1,1,0,0,0
BEN,326059,326,59,2,2,1,1,1,1,1,0,1,0,1,1,0,0,2021,0,0,0,0,0,0,0,0.3371838331222534,0,0,0,0,0,0,0,1,0,0,0
BEN,326075,326,75,2,2,0,1,1,1,1,0,1,0,1,0,0,0,2021,0,0,0,0,0,0,0,0.3147999942302704,0,6,0,0,0,0,1,1,1,0,0
BEN,326091,326,91,2,2,0,1,1,1,0,0,0,0,1,0,0,0,2021,0,0,0,0,0,0,0,0.20000000298023224,0,5,0,0,5,0,0,1,0,0,0
BEN,326123,326,123,2,3,1,1,1,1,1,1,1,0,0,0,0,0,2021,0,0,0,0,0,0,0,0.4714199900627136,0,0,0,0,160,0,1,0,0,0,0
BEN,326139,326,139,2,2,0,1,0,1,0,0,0,0,1,0,0,0,2021,0,0,0,0,0,0,0,0.40870000422000885,0,1,0,0,4,0,1,1,0,0,0
BEN,326155,326,155,2,2,0,1,0,1,0,0,0,0,1,0,0,0,2021,0,0,0,0,0,0,0,0.6385000124573708,0,3,0,0,0,0,1,1,0,0,0
BEN,326187,326,187,2,2,0,1,0,1,0,0,0,1,1,0,1,0,2021,0,0,0,0,0,0,0,0.443047359585762,0,4,0,0,6,0,1,1,0,0,0
BEN,326203,326,203,2,2,0,1,0,1,1,0,0,0,0,0,0,0,2021,0,0,0,0,0,0,0,0.2672100067138672,0,2,0,0,6,0,1,0,1,0,0
BEN,326219,326,219,2,2,0,1,0,1,1,0,0,0,0,1,0,0,2021,0,0,0,0,0,0,0,0.14695000648498535,0,0,0,0,0,0,0,0,1,0,0
BEN,326222,326,222,2,2,0,1,1,1,1,0,0,0,0,1,0,0,2021,0,0,0,0,0,0,0,0.33368998765945435,0,2,0,0,7,0,1,0,0,0,0
BEN,327011,327,11,2,2,0,1,0,1,1,0,0,0,0,0,0,0,2021,0,0,0,0,0,0,0,0.02157999947667122,0,0,0,0,0,0,1,0,1,0,0
BEN,327026,327,26,2,2,0,1,0,1,1,0,0,0,0,0,0,0,2021,0,0,0,0,0,0,0,0.8629800081253052,0,1,0,0,4,1,1,0,1,0,0
BEN,327057,327,57,2,2,0,1,0,1,1,0,0,0,0,0,0,0,2021,0,0,0,0,0,0,0,0.2698900103569031,0,1,0,0,2,0,1,0,0,0,0
BEN,327072,327,72,2,2,1,1,0,1,1,0,0,1,0,0,0,0,2021,0,0,0,0,0,0,0,0.21953000128269196,0,3,0,0,3,0,0,0,0,0,0
BEN,327087,327,87,2,2,1,1,0,1,1,0,0,1,0,0,0,0,2021,0,0,0,0,0,0,0,1.0859900265932083,0,1,0,0,4,0,1,1,1,0,0
BEN,327118,327,118,2,2,0,1,0,1,1,0,0,1,0,0,0,0,2021,0,0,0,0,0,0,0,0.16241000592708588,0,0,0,0,22,1,1,1,0,0,0
BEN,327133,327,133,2,2,0,1,0,1,1,0,0,0,0,0,0,0,2021,0,0,0,0,0,0,0,0.27072998881340027,0,5,0,0,9,1,1,1,0,0,0
BEN,327152,327,152,2,2,1,1,1,1,1,0,0,1,0,0,0,0,2021,0,0,0,0,0,0,0,0.3724699914455414,0,8,0,0,10,0,1,1,1,0,0
BEN,327178,327,178,2,2,0,1,0,1,0,0,0,0,1,0,0,0,2021,0,0,0,0,0,0,0,1.8569999933242798,0,19,0,0,17,0,1,1,0,0,0
BEN,327193,327,193,2,2,0,1,0,1,0,0,0,0,1,0,0,0,2021,0,0,0,0,0,0,0,0.3959999978542328,0,4,0,0,7,0,1,1,0,0,0
BEN,327209,327,209,2,2,0,1,0,1,0,0,0,0,1,0,0,0,2021,0,0,0,0,0,0,0,2.0040000081062317,0,2,0,0,2,0,1,1,0,0,0
BEN,327239,327,239,2,2,0,1,0,1,0,0,0,1,1,0,0,0,2021,0,0,0,0,0,0,0,0.07199999690055847,0,0,0,0,1,0,1,0,0,0,0
BEN,328001,328,1,1,2,1,1,1,1,1,0,0,0,1,0,0,0,2021,0,0,0,0,0,0,0,,0,0,0,0,0,1,1,0,0,0,0
BEN,328012,328,12,1,2,1,1,1,0,0,0,0,0,1,0,0,0,2021,0,0,0,0,0,0,0,0.9517483562231064,0,0,0,0,0,1,1,0,0,0,0
BEN,328032,328,32,1,2,0,1,0,0,0,0,0,0,0,0,0,0,2021,0,0,0,0,0,0,0,0.24309000372886658,0,2,0,0,8,1,0,1,0,0,0
BEN,328042,328,42,1,2,1,1,1,1,1,0,0,0,0,0,0,0,2021,0,0,0,0,0,0,0,0.5599899888038635,0,0,0,0,0,0,0,0,0,0,1
BEN,328053,328,53,1,2,0,1,1,0,0,0,0,1,0,0,0,0,2021,1,0,0,0,0,0,0,1.0080017149448395,0,2,0,0,0,0,0,0,1,0,0
BEN,328063,328,63,1,2,1,1,1,1,1,0,0,1,0,0,0,0,2021,0,0,0,0,0,0,0,0.6479799747467041,0,5,0,0,0,0,0,0,0,0,0
BEN,328073,328,73,1,2,1,1,0,0,0,0,0,1,0,0,0,0,2021,0,0,0,0,0,0,0,0.057920001447200775,0,0,0,0,0,0,0,0,0,0,0
BEN,328083,328,83,1,4,1,1,0,0,0,0,0,1,0,0,0,0,2021,0,0,0,0,0,0,0,0.1725199967622757,0,0,0,0,0,1,1,1,0,0,0
BEN,328094,328,94,1,4,1,1,0,0,0,0,0,1,1,0,0,0,2021,0,0,0,0,0,0,0,0.6521800085902214,0,6,3,0,0,1,1,1,0,0,0
BEN,328104,328,104,1,2,1,1,1,1,1,0,0,1,0,0,0,0,2021,0,0,0,0,0,0,0,1.154379963874817,0,0,0,0,0,1,1,0,0,0,0
BEN,328114,328,114,1,4,1,1,0,1,1,0,0,1,0,0,0,0,2021,0,0,0,0,0,0,0,0.5700000077486038,0,3,0,0,8,1,1,1,0,0,0
BEN,328776,328,776,1,4,1,1,1,1,1,0,0,1,1,0,0,0,2021,0,0,0,0,0,0,0,,0,3,8,0,10,1,1,0,0,0,0
BEN,329001,329,1,2,4,0,1,0,0,0,0,0,0,0,0,0,0,2021,0,0,0,0,0,0,0,0.20999999344348907,0,0,0,0,6,0,1,1,0,0,0
BEN,329028,329,28,2,1,0,1,0,0,0,0,0,0,0,0,0,0,2021,0,0,0,0,0,0,0,0.42000000178813934,0,6,0,0,5,0,1,1,0,0,0
BEN,329041,329,41,2,4,0,1,0,0,0,0,0,0,0,0,1,0,2021,0,0,0,0,0,0,0,0.1599999964237213,0,3,0,0,0,1,1,1,0,0,0
BEN,329054,329,54,2,4,1,1,0,0,0,0,0,0,0,0,0,0,2021,0,0,0,0,0,0,0,0.4699999988079071,0,4,0,0,0,0,1,1,1,0,0
BEN,329080,329,80,2,2,1,1,1,1,1,0,0,1,1,0,0,0,2021,0,0,0,0,0,0,0,0.39579999446868896,0,2,3,0,0,1,1,1,1,0,0
BEN,329093,329,93,2,4,1,1,1,0,0,0,0,0,1,0,0,0,2021,0,0,0,0,0,0,0,0.3458000123500824,0,2,0,0,21,0,1,1,0,0,0
BEN,329106,329,106,2,2,1,1,1,0,0,0,0,0,1,0,0,0,2021,0,0,0,0,0,0,0,0.39889998733997345,0,0,0,0,5,1,1,0,0,0,0
BEN,329133,329,133,2,2,1,1,1,0,0,0,0,1,1,0,0,0,2021,0,0,0,0,0,0,0,1.2735999822616577,0,5,0,0,8,1,1,1,0,1,0
BEN,329146,329,146,2,2,0,1,1,1,1,0,0,0,0,0,0,0,2021,0,0,0,0,0,0,0,0.16200000047683716,0,4,0,0,33,1,1,1,1,0,0
BEN,329159,329,159,2,2,0,1,1,0,0,0,0,0,0,0,0,0,2021,0,0,0,0,0,0,0,0.20000000298023224,0,0,0,0,2,1,1,1,1,0,0
BEN,329185,329,185,2,2,0,1,1,0,0,0,0,0,0,1,0,0,2021,0,0,0,0,0,0,0,0.07400000095367432,0,3,0,0,0,0,1,1,1,0,0
BEN,329198,329,198,2,2,0,1,1,1,1,0,0,0,0,1,0,0,2021,0,0,0,0,0,0,0,0.44703351706266403,0,5,0,0,0,0,1,1,1,0,0
BEN,330010,330,10,1,2,0,1,1,1,1,0,0,0,0,0,0,0,2021,0,0,0,0,0,0,0,0.4787999987602234,0,0,0,0,0,0,1,0,0,0,0
BEN,330022,330,22,1,2,0,1,1,1,1,1,1,0,0,1,0,0,2021,0,0,0,0,0,0,0,0.29113999009132385,0,0,0,0,0,0,1,0,0,0,0
BEN,330034,330,34,1,2,1,1,1,1,1,0,1,0,0,0,0,0,2021,0,0,0,0,0,0,0,0.2892000079154968,0,0,0,0,0,0,1,0,0,0,0
BEN,330047,330,47,1,2,1,1,1,1,1,1,1,0,0,1,0,0,2021,1,0,0,0,0,1,0,0.873600035905838,0,0,0,0,0,0,1,0,0,0,0
BEN,330059,330,59,1,4,1,1,1,0,0,0,0,1,1,0,0,0,2021,0,0,0,0,0,0,0,,0,0,0,0,0,0,1,1,0,0,0
BEN,330072,330,72,1,2,0,1,0,0,0,0,0,0,1,0,0,0,2021,0,0,0,0,0,0,0,0.022579999640583992,0,0,0,0,0,0,1,1,0,0,0
BEN,330097,330,97,1,2,1,1,1,0,0,0,0,0,1,0,0,0,2021,0,0,0,0,0,0,0,0.033040001057088375,0,0,15,0,0,1,1,0,0,0,0
BEN,330109,330,109,1,2,0,1,1,1,1,0,0,0,1,0,0,0,2021,0,0,0,0,0,0,0,0.1116499975323677,0,4,0,0,5,0,0,0,0,0,0
BEN,330121,330,121,1,2,0,1,1,1,1,0,0,1,1,0,0,0,2021,0,0,0,0,0,0,0,0.8284500241279602,0,3,0,0,2,1,0,0,0,0,0
BEN,330134,330,134,1,2,0,1,1,1,1,0,0,0,1,0,0,0,2021,0,0,0,0,0,0,0,0.8252999782562256,0,4,0,0,6,0,0,0,0,0,0
BEN,330146,330,146,1,2,0,1,1,1,1,0,0,0,1,0,0,0,2021,0,0,0,0,0,0,0,0.14554999768733978,0,0,0,0,10,0,0,0,0,0,0
BEN,330171,330,171,1,4,0,1,0,1,1,0,0,1,1,0,0,0,2021,0,0,0,0,0,0,0,,0,0,0,0,0,1,1,1,0,0,0
BEN,331003,331,3,1,2,1,1,1,0,0,0,0,1,1,0,0,0,2021,0,0,0,0,0,0,0,0.7849400043487549,0,0,0,0,30,1,0,0,0,0,0
BEN,331007,331,7,1,2,0,1,1,0,0,0,0,0,1,0,0,0,2021,1,0,0,0,0,0,0,0.01283000037074089,0,0,0,0,0,0,1,1,0,0,0
BEN,331011,331,11,1,2,1,1,1,1,1,0,0,0,1,0,0,0,2021,0,0,0,0,0,0,0,0.013829999603331089,0,0,0,0,0,0,1,1,0,0,0
BEN,331020,331,20,1,2,0,1,0,1,0,0,0,0,1,0,0,0,2021,0,0,0,0,0,0,0,0.0257399994879961,0,0,0,0,0,0,1,1,0,0,0
BEN,331024,331,24,1,2,0,1,1,0,0,0,0,0,1,0,0,0,2021,0,0,0,0,0,0,0,0.017669999971985817,0,4,0,0,8,0,1,1,0,0,0
BEN,331032,331,32,1,2,0,1,0,0,0,0,0,0,1,0,0,0,2021,0,0,0,0,0,0,0,0.18345999717712402,0,0,0,0,0,1,0,0,0,0,0
BEN,331036,331,36,1,2,0,1,1,1,1,0,0,0,0,0,0,0,2021,0,0,0,0,0,0,0,0.3712800145149231,0,0,0,0,0,1,0,0,0,0,0
BEN,331045,331,45,1,2,0,1,1,0,1,0,0,1,1,0,0,0,2021,0,0,0,0,0,0,0,0.21140000224113464,0,3,0,0,1,0,0,0,0,0,0
BEN,331049,331,49,1,2,0,1,0,1,1,0,0,0,0,0,0,0,2021,0,0,0,0,0,0,0,0.9287299811840057,0,7,0,0,0,0,0,0,0,0,0
BEN,331053,331,53,1,2,0,1,0,1,1,0,0,0,0,0,0,0,2021,0,0,0,0,0,0,0,0.07455000281333923,0,0,0,0,0,0,0,0,0,0,0
BEN,331777,331,777,1,2,0,1,0,1,1,0,0,0,0,0,0,0,2021,0,0,0,0,0,0,0,0.15800000727176666,0,0,0,0,0,0,0,0,0,0,0
BEN,331778,331,778,1,2,1,1,1,0,0,0,0,1,1,0,0,0,2021,0,0,0,0,0,0,0,0.6093000173568726,0,0,0,0,0,1,0,0,0,0,0
BEN,332002,332,2,2,1,0,1,1,1,1,0,0,1,0,0,1,0,2021,0,0,0,0,0,0,0,,0,4,0,0,0,1,1,1,1,0,0
BEN,332010,332,10,2,1,0,1,0,0,0,0,0,0,0,0,1,0,2021,0,0,0,0,0,0,0,0.9688030183315277,0,7,0,0,8,0,1,1,0,0,0
BEN,332017,332,17,2,1,1,1,1,0,0,0,1,0,0,0,0,0,2021,0,0,0,0,0,0,0,0.5946835875511169,0,5,0,0,15,1,1,1,0,0,0
BEN,332025,332,25,2,4,1,1,1,1,0,0,0,1,0,0,0,0,2021,0,0,0,0,0,0,0,0.800000011920929,0,1,0,0,10,0,1,1,0,0,0
BEN,332041,332,41,2,4,1,1,0,1,1,0,1,0,1,0,0,0,2021,0,0,0,0,0,0,0,0.6004000008106232,0,2,0,0,4,0,1,1,1,1,0
BEN,332048,332,48,2,2,1,1,1,1,1,0,0,1,1,0,0,0,2021,0,0,0,0,0,0,0,0.7010999917984009,0,6,0,0,5,1,1,1,1,0,0
BEN,332056,332,56,2,1,1,1,1,1,1,1,1,0,1,0,0,0,2021,0,0,0,0,0,0,0,1.0017609000205994,0,0,0,0,15,0,1,0,1,1,0
BEN,332071,332,71,2,4,1,1,0,1,1,0,0,0,1,0,0,0,2021,0,0,0,0,0,0,0,0.47760000824928284,0,0,0,0,0,1,1,1,0,0,0
BEN,332079,332,79,2,2,0,1,0,1,1,0,0,0,0,0,0,0,2021,0,0,0,0,0,0,0,0.45000000298023224,0,5,0,0,3,1,1,1,0,0,0
BEN,332087,332,87,2,2,0,1,0,1,1,0,0,0,0,0,0,0,2021,0,0,0,0,0,0,0,0.6599999815225601,0,2,0,0,15,0,1,1,1,0,0
BEN,332102,332,102,2,2,1,1,0,1,1,0,0,0,0,0,0,0,2021,0,0,0,0,0,0,0,0.31599999219179153,0,2,0,0,1,0,1,1,0,0,0
BEN,332117,332,117,2,2,1,1,1,0,0,0,0,0,0,0,0,0,2021,0,0,0,0,0,0,0,0.25999999046325684,0,5,0,0,0,0,1,1,0,0,0
BEN,333001,333,1,1,2,0,1,0,1,1,0,0,0,0,0,0,0,2021,0,0,0,0,0,0,0,0.3218600004911423,0,3,0,0,0,0,0,0,1,0,0
BEN,333008,333,8,1,2,0,1,0,1,1,0,0,0,0,0,0,0,2021,0,0,0,0,0,0,0,0.12590999901294708,0,0,0,0,15,0,0,0,0,0,0
BEN,333016,333,16,1,2,1,1,1,1,1,0,0,1,0,1,0,0,2021,0,0,0,0,0,0,0,0.1440799981355667,0,0,0,6,0,0,0,0,0,0,0
BEN,333023,333,23,1,2,0,1,0,1,1,0,0,0,0,0,0,0,2021,0,0,0,0,0,0,0,0.34086998924613,0,0,0,0,0,0,0,0,0,0,0
BEN,333030,333,30,1,2,0,1,0,1,1,0,0,1,1,0,0,0,2021,0,0,0,0,0,0,0,0.01882999949157238,0,4,0,0,8,1,1,1,0,0,0
BEN,333038,333,38,1,2,1,1,1,1,1,0,0,0,1,0,0,0,2021,0,0,0,0,0,0,0,0.016279999166727066,0,8,0,0,6,0,1,1,0,0,0
BEN,333052,333,52,1,2,0,1,0,1,1,0,0,0,1,0,0,0,2021,0,0,0,0,0,0,0,0.09200000017881393,0,0,0,0,0,0,1,1,0,0,0
BEN,333060,333,60,1,2,0,1,0,1,1,0,0,0,1,1,0,0,2021,0,0,0,0,0,0,0,0.09915000200271606,0,0,0,0,0,0,1,1,1,0,0
BEN,333075,333,75,1,2,0,1,0,1,1,0,0,0,1,0,0,0,2021,0,0,0,0,0,0,0,0.14417000114917755,0,0,0,0,4,0,0,0,0,0,0
BEN,333082,333,82,1,2,0,1,0,1,1,0,0,0,1,0,0,0,2021,0,0,0,0,0,0,0,0.1550299972295761,0,2,0,0,2,0,0,0,0,0,0
BEN,333104,333,104,1,2,0,1,1,1,1,0,0,0,1,0,0,0,2021,0,0,0,0,0,0,0,0.8664299845695496,0,0,0,0,0,0,0,0,0,0,0
BEN,333111,333,111,1,2,0,1,0,1,1,0,0,0,1,0,0,0,2021,0,0,0,0,0,0,0,0.24440999329090118,0,2,0,0,2,0,0,0,0,0,0
BEN,334014,334,14,2,1,1,1,1,0,0,0,0,1,0,0,0,0,2021,0,0,0,0,0,0,1,0.9012999832630157,0,15,0,0,35,0,1,1,0,0,0
BEN,334037,334,37,2,2,1,1,0,1,1,0,0,0,0,0,0,0,2021,0,0,0,0,0,0,0,0.0754999965429306,0,4,0,0,0,0,1,1,0,0,0
BEN,334061,334,61,2,2,0,1,0,1,1,0,0,0,0,0,0,0,2021,0,0,0,0,0,0,0,0.18000000715255737,0,1,0,0,0,0,1,1,0,0,0
BEN,334107,334,107,2,2,1,1,1,0,0,0,0,0,0,0,0,0,2021,0,0,0,0,0,0,0,1.0,0,10,0,0,8,0,1,1,0,0,0
BEN,334131,334,131,2,1,1,1,1,0,0,0,0,1,0,0,1,0,2021,0,0,0,0,0,0,0,0.20000000298023224,0,0,0,0,0,0,1,1,0,0,0
BEN,334153,334,153,2,2,0,1,1,1,1,0,0,1,0,0,0,0,2021,0,0,0,0,0,0,0,0.5663999915122986,0,0,0,0,0,0,1,1,1,0,0
BEN,334199,334,199,2,4,1,1,0,0,0,0,0,0,1,0,0,0,2021,0,0,0,0,0,0,0,,0,0,0,0,0,0,0,1,1,0,0
BEN,334222,334,222,2,4,0,1,0,0,0,0,0,0,0,0,0,0,2021,0,0,0,0,0,0,0,,0,0,0,0,12,0,1,1,0,0,0
BEN,334246,334,246,2,1,0,1,0,0,0,0,0,0,0,0,0,0,2021,0,0,0,0,0,0,0,1.5310000106692314,0,6,0,0,0,0,1,1,0,0,0
BEN,334280,334,280,2,4,1,1,1,0,0,0,0,0,0,0,1,0,2021,0,0,0,0,0,0,0,0.20313839614391327,0,0,0,0,0,0,1,1,0,0,0
BEN,334315,334,315,2,4,1,1,1,0,0,0,0,1,1,0,0,0,2021,0,0,0,0,0,0,0,0.14219999313354492,0,0,0,0,0,1,1,1,0,0,0
BEN,334338,334,338,2,4,1,1,1,0,0,0,0,0,1,0,0,0,2021,0,0,0,0,0,0,0,,0,0,0,0,0,0,0,1,1,0,0
BEN,335015,335,15,1,2,0,1,0,1,1,0,0,0,0,0,0,0,2021,0,0,0,0,0,0,0,0.22980999946594238,0,3,0,0,0,0,0,0,0,0,0
BEN,335033,335,33,1,2,0,1,1,1,1,0,0,0,0,0,0,0,2021,0,0,0,0,0,0,0,0.7184399962425232,0,0,0,0,0,0,0,0,0,0,0
BEN,335052,335,52,1,2,0,1,1,1,1,0,1,0,0,1,0,0,2021,0,0,0,0,0,0,0,0.16824999451637268,0,4,0,0,0,0,0,0,0,0,0
BEN,335071,335,71,1,2,0,1,1,1,1,1,1,0,0,1,0,0,2021,1,0,0,0,0,1,0,0.13021999597549438,0,0,0,0,0,0,0,0,0,0,0
BEN,335089,335,89,1,2,0,1,1,1,1,0,0,0,1,0,0,0,2021,0,0,0,0,0,0,0,0.09860000014305115,0,2,0,0,0,1,1,1,0,0,0
BEN,335108,335,108,1,3,1,1,1,1,1,0,1,0,1,1,1,1,2021,0,0,0,0,0,0,0,0.021800000220537186,0,0,0,0,0,0,1,1,0,0,0
BEN,335126,335,126,1,2,1,1,1,0,0,1,1,0,1,0,1,0,2021,1,0,0,0,1,1,0,0.026729999110102654,0,9,4,0,0,0,1,1,1,0,0
BEN,335182,335,182,1,1,1,1,1,1,1,0,0,1,1,0,1,0,2021,0,0,0,0,0,0,0,0.850180022418499,0,4,0,0,15,0,0,0,0,0,0
BEN,335200,335,200,1,2,1,1,1,1,1,0,0,0,0,0,0,0,2021,0,0,0,0,0,0,0,1.414199948310852,0,0,0,0,0,1,0,0,0,0,0
BEN,335238,335,238,1,2,0,1,0,1,1,0,1,0,1,0,0,0,2021,0,0,0,0,0,0,0,0.035930000245571136,0,0,0,0,0,0,1,1,1,0,0
BEN,335256,335,256,1,2,1,1,1,1,1,0,0,0,0,0,0,0,2021,0,0,0,0,0,0,0,0.7631499916315079,0,8,0,0,20,0,0,0,0,0,0
BEN,335275,335,275,1,1,1,1,1,1,1,1,1,0,1,0,0,0,2021,1,0,1,1,0,0,0,0.3213599920272827,0,0,2,0,12,0,0,0,0,0,0
BEN,336008,336,8,2,2,1,1,1,0,0,0,0,1,0,0,0,0,2021,0,0,0,0,0,0,0,2.5,0,0,0,0,0,0,0,1,0,0,0
BEN,336023,336,23,2,2,1,1,1,1,1,1,1,0,1,0,0,0,2021,1,0,0,0,0,1,0,2.0015999376773834,0,0,0,0,0,0,0,0,0,0,0
BEN,336030,336,30,2,1,1,1,1,0,0,0,0,1,1,0,1,0,2021,0,0,0,0,0,0,0,3.5121999979019165,0,0,0,0,0,0,0,1,0,0,0
BEN,336037,336,37,2,2,1,1,1,1,1,1,1,0,0,0,0,0,2021,0,0,0,0,0,0,0,1.8690000176429749,0,0,0,0,0,0,0,0,0,0,0
BEN,336052,336,52,2,4,1,1,1,1,1,1,1,0,1,0,0,0,2021,0,0,0,0,0,0,0,,0,0,0,0,0,1,0,0,0,0,0
BEN,336060,336,60,2,4,1,1,1,1,1,1,1,0,0,0,0,0,2021,1,0,0,0,0,0,0,1.5099000334739685,0,0,0,0,0,0,0,0,0,0,0
BEN,336067,336,67,2,2,1,1,1,0,0,0,0,1,1,0,1,0,2021,0,0,0,0,0,0,0,5.5,0,0,0,0,0,0,0,1,0,0,0
BEN,336082,336,82,2,2,1,1,1,0,0,0,1,0,0,0,0,0,2021,0,0,0,0,0,0,0,4.289999961853027,0,0,0,0,0,0,0,0,0,0,0
BEN,336090,336,90,2,2,1,1,1,0,0,0,1,0,0,0,0,0,2021,0,0,0,0,0,0,0,1.0799999833106995,0,14,0,0,21,0,0,1,0,0,0
BEN,336097,336,97,2,1,1,1,1,0,0,0,0,1,1,0,1,1,2021,1,0,0,0,0,1,0,4.054999947547913,0,0,0,0,0,0,0,1,0,0,0
BEN,336110,336,110,2,2,1,1,1,1,0,0,1,0,0,0,0,0,2021,0,0,0,0,0,0,0,3.8100000619888306,0,0,0,0,0,0,0,0,0,0,0
BEN,336119,336,119,2,2,1,1,1,0,0,1,1,0,0,0,0,0,2021,0,0,0,0,0,0,0,,0,0,0,0,0,0,0,0,0,0,0
BEN,337006,337,6,1,2,1,1,1,1,1,1,1,0,0,0,0,1,2021,1,0,0,0,0,1,0,,0,0,0,0,0,1,0,1,0,0,0
BEN,337016,337,16,1,3,1,1,1,1,1,0,1,0,0,0,0,0,2021,1,0,0,0,0,1,0,1.5513500571250916,0,0,0,0,0,0,0,1,0,0,0
BEN,337026,337,26,1,1,1,1,1,1,1,1,1,0,0,1,1,0,2021,1,0,1,0,0,1,1,4.256769895553589,25,20,0,0,20,0,1,1,0,0,0
BEN,337031,337,31,1,1,1,1,1,0,0,0,1,0,0,0,0,0,2021,0,0,0,0,0,0,0,3.527750015258789,0,0,0,0,18,0,0,1,0,0,0
BEN,337036,337,36,1,3,1,1,1,0,0,1,1,0,0,1,0,1,2021,1,0,0,0,0,1,0,,0,0,0,0,0,0,0,0,0,0,0
BEN,337041,337,41,1,1,1,1,0,0,0,1,1,0,0,1,1,1,2021,1,0,0,0,0,1,0,,0,15,0,0,3,0,0,1,0,0,0
BEN,337047,337,47,1,1,1,1,1,0,0,1,1,0,0,1,1,1,2021,0,0,0,0,0,0,0,,0,0,0,0,0,0,0,1,0,0,0
BEN,337052,337,52,1,1,1,1,0,1,1,1,1,0,0,1,1,0,2021,1,0,0,0,0,1,0,0.5,0,19,0,0,50,0,0,1,0,0,0
BEN,337057,337,57,1,2,1,1,1,0,1,0,0,0,0,0,0,0,2021,0,0,0,0,0,0,0,1.25,0,0,0,0,0,1,0,1,0,0,0
BEN,337062,337,62,1,1,1,1,1,1,1,1,1,0,0,0,0,0,2021,0,0,0,0,0,0,0,,0,0,0,0,0,0,0,0,0,0,0
BEN,337072,337,72,1,2,1,1,1,1,1,0,1,0,1,0,0,0,2021,0,0,0,0,0,0,0,,0,0,0,0,0,0,0,1,0,0,0
BEN,337082,337,82,1,2,1,1,1,1,1,0,1,0,1,0,0,0,2021,0,0,0,0,0,0,0,,0,0,0,0,0,0,0,0,0,0,0
BEN,338001,338,1,2,2,1,1,1,1,1,0,0,1,0,0,0,0,2021,0,0,0,0,0,0,0,0.4986000061035156,0,16,0,0,0,0,0,1,0,0,0
BEN,338024,338,24,2,2,1,1,1,0,0,0,0,0,0,0,0,0,2021,0,0,0,0,0,0,0,,0,0,0,0,0,1,1,1,0,0,0
BEN,338036,338,36,2,2,1,1,1,0,0,1,1,0,1,0,0,0,2021,0,0,0,0,0,0,0,2.755500018596649,0,0,0,0,0,0,0,1,0,1,0
BEN,338047,338,47,2,2,1,1,1,0,0,1,1,0,1,0,1,0,2021,1,0,0,0,0,1,0,2.5,0,0,0,0,0,0,0,1,0,0,0
BEN,338071,338,71,2,2,1,1,1,1,1,1,1,0,1,0,0,0,2021,0,0,0,0,0,0,0,1.8913000226020813,0,0,0,0,0,0,0,0,0,1,0
BEN,338082,338,82,2,2,1,1,1,0,0,0,1,0,0,0,0,0,2021,0,0,0,0,0,0,0,,0,0,0,0,0,0,0,0,0,0,0
BEN,338094,338,94,2,2,1,1,1,1,1,1,1,0,1,1,0,0,2021,1,0,0,0,0,1,0,,0,0,0,0,0,0,0,0,0,0,0
BEN,338117,338,117,2,2,1,1,1,0,0,0,0,0,0,0,0,0,2021,0,0,0,0,0,0,0,0.5,0,0,0,0,0,0,0,1,0,1,0
BEN,338129,338,129,2,2,1,1,1,0,0,0,0,0,1,0,0,0,2021,0,0,0,0,0,0,0,2.1419999599456787,0,0,0,0,0,0,0,1,0,0,0
BEN,338140,338,140,2,2,1,1,1,0,0,0,1,0,1,0,0,0,2021,0,0,0,0,0,0,0,,0,0,0,0,0,1,0,0,0,0,0
BEN,338164,338,164,2,2,1,1,1,0,0,0,1,0,1,0,0,0,2021,0,0,0,0,0,0,0,,0,0,0,0,0,0,0,0,0,0,0
BEN,338175,338,175,2,2,1,1,1,0,0,0,0,1,1,0,0,0,2021,0,0,0,0,0,0,0,2.531000018119812,0,0,0,0,0,0,0,0,0,0,0
BEN,339010,339,10,2,2,1,1,1,0,0,0,1,0,1,0,1,0,2021,0,0,0,0,0,0,0,9.0,0,0,0,0,0,0,0,1,0,0,0
BEN,339022,339,22,2,2,1,1,1,0,0,0,1,0,1,0,0,0,2021,1,0,0,0,0,0,0,,0,0,0,0,0,0,0,0,0,0,0
BEN,339044,339,44,2,4,1,1,1,1,1,0,1,0,1,0,0,0,2021,0,0,1,0,0,0,0,,0,0,0,0,0,0,0,0,0,0,0
BEN,339055,339,55,2,4,1,1,1,1,1,0,1,0,1,0,0,0,2021,1,0,0,0,0,1,0,2.1512999534606934,0,0,0,0,0,0,0,1,0,0,0
BEN,339067,339,67,2,4,1,1,1,1,1,0,1,0,1,0,0,0,2021,1,0,0,0,0,1,0,,0,0,0,0,0,0,0,1,0,0,0
BEN,339089,339,89,2,2,1,1,1,1,1,1,1,0,1,0,0,0,2021,1,0,0,0,0,1,0,,0,0,0,0,0,0,0,0,0,0,0
BEN,339100,339,100,2,4,1,1,1,1,1,0,1,0,1,1,0,0,2021,1,0,0,0,0,1,0,0.9815000295639038,0,0,0,0,0,0,0,0,0,0,0
BEN,339112,339,112,2,2,1,1,1,0,0,0,0,0,1,0,0,0,2021,0,0,0,0,0,0,0,1.5199999809265137,0,6,0,0,16,0,0,0,0,0,0
BEN,339134,339,134,2,1,1,1,1,0,0,1,0,1,1,1,0,0,2021,1,0,0,0,0,1,0,,0,0,0,0,0,0,0,0,0,0,0
BEN,339145,339,145,2,1,1,1,1,0,0,0,0,1,1,0,1,0,2021,0,0,0,0,0,0,0,6.0,0,0,0,0,0,0,0,1,0,0,0
BEN,339157,339,157,2,1,1,1,1,0,0,1,1,0,1,0,1,1,2021,0,0,0,0,0,0,0,3.0,0,0,0,0,0,0,0,1,0,0,0
BEN,339179,339,179,2,2,1,1,1,1,1,0,1,0,1,0,0,0,2021,0,0,0,0,0,0,0,,0,0,0,0,0,0,0,0,0,0,0
BEN,340005,340,5,1,2,1,1,1,1,1,0,1,0,1,0,0,0,2021,0,0,0,0,0,0,0,,0,0,0,0,0,0,0,1,0,0,0
BEN,340013,340,13,1,2,1,1,1,1,1,0,1,0,0,0,0,0,2021,0,0,0,0,0,0,0,,0,0,0,0,5,0,0,1,0,0,0
BEN,340022,340,22,1,1,1,1,1,1,1,1,1,0,1,0,0,0,2021,1,0,0,0,0,1,0,,0,0,0,0,0,1,0,1,0,0,0
BEN,340030,340,30,1,3,1,1,1,1,1,0,1,0,0,1,1,0,2021,1,0,0,0,0,1,0,,0,0,0,0,10,0,0,1,0,0,0
BEN,340038,340,38,1,1,1,1,1,1,1,1,1,0,1,1,1,1,2021,0,0,0,0,0,0,0,,0,0,0,0,0,0,0,1,0,0,0
BEN,340047,340,47,1,1,1,1,1,0,1,0,1,0,1,0,0,1,2021,0,0,0,0,0,1,0,,0,0,0,0,0,0,0,1,0,0,0
BEN,340055,340,55,1,4,1,1,1,0,1,1,1,0,1,0,1,1,2021,1,0,0,0,0,1,0,,0,37,0,0,21,0,0,1,0,0,0
BEN,340063,340,63,1,3,1,1,1,0,0,1,1,0,1,1,1,1,2021,0,0,0,0,0,0,0,,0,0,0,0,0,0,0,1,0,0,0
BEN,340072,340,72,1,2,1,1,1,1,1,1,1,0,0,0,0,0,2021,0,0,0,0,0,0,0,,0,0,0,0,0,0,0,1,0,0,0
BEN,340088,340,88,1,1,1,1,1,1,1,1,1,0,1,1,1,1,2021,1,1,1,1,0,1,0,,0,0,0,0,5,1,0,1,0,0,0
BEN,340097,340,97,1,2,1,1,1,0,0,1,1,0,0,0,1,1,2021,1,0,0,0,0,1,0,,0,0,0,0,0,0,0,1,0,0,0
BEN,340128,340,128,1,4,1,1,1,0,0,1,1,0,1,0,0,0,2021,0,0,0,0,0,0,0,3.4035000801086426,0,0,0,0,0,0,0,1,0,0,0
BEN,341013,341,13,2,2,1,1,1,0,0,0,0,0,0,0,0,0,2021,0,0,0,0,0,0,0,21.829999208450317,25,0,0,0,35,0,0,0,0,0,0
BEN,341023,341,23,2,2,1,1,1,0,0,0,0,0,0,0,0,0,2021,0,0,0,0,0,0,0,1.059999942779541,0,0,0,0,0,0,0,0,0,0,0
BEN,341033,341,33,2,2,1,1,1,0,0,0,0,1,0,0,0,0,2021,0,0,0,0,0,0,0,3.4800000190734863,32,0,0,0,0,0,0,0,0,0,0
BEN,341052,341,52,2,2,1,1,1,0,0,0,0,1,1,0,0,0,2021,0,0,0,0,0,0,0,2.531000018119812,0,0,0,0,0,0,0,1,0,0,0
BEN,341061,341,61,2,2,1,1,1,0,0,0,0,0,1,0,0,0,2021,0,0,0,0,0,0,0,3.5121999979019165,0,0,0,0,0,0,0,1,0,0,0
BEN,341071,341,71,2,2,1,1,1,0,0,0,0,0,0,0,0,0,2021,0,0,0,0,0,0,0,2.1799999475479126,0,0,0,0,0,0,0,0,0,0,0
BEN,341090,341,90,2,4,1,1,0,0,0,0,0,0,0,0,0,0,2021,0,0,0,0,0,0,0,2.355530023574829,0,0,0,0,0,1,0,0,0,0,0
BEN,341099,341,99,2,2,1,1,1,0,0,0,0,1,0,0,0,0,2021,0,0,0,0,0,0,0,,0,4,0,10,23,0,1,1,0,1,0
BEN,341109,341,109,2,2,1,1,1,0,0,0,0,1,1,0,0,0,2021,0,0,0,0,0,0,0,3.865000009536743,0,0,0,0,0,0,0,0,0,0,0
BEN,341128,341,128,2,2,1,1,0,0,0,0,0,1,1,0,0,0,2021,0,0,0,0,0,0,0,0.9599999785423279,0,0,0,0,0,0,0,0,0,0,0
BEN,341138,341,138,2,4,1,1,1,1,1,0,0,1,1,0,0,0,2021,0,0,0,0,0,0,0,1.9760000109672546,0,0,0,0,4,0,0,0,0,0,0
BEN,341147,341,147,2,2,1,1,1,0,0,0,0,1,1,0,0,0,2021,0,0,0,0,0,0,0,0.8599999994039536,0,0,0,0,0,0,0,0,0,0,0
BEN,342014,342,14,1,2,1,1,1,0,0,0,0,0,0,0,0,0,2021,0,0,0,0,0,0,0,2.5124399662017822,0,0,0,0,0,0,0,1,0,0,0
BEN,342023,342,23,1,2,0,1,0,1,1,0,0,0,0,0,0,0,2021,0,0,0,0,0,0,0,4.8160001039505005,0,0,0,0,0,0,0,1,0,0,0
BEN,342026,342,26,1,2,0,0,0,1,1,0,0,0,0,0,0,0,2021,0,0,0,0,0,0,0,3.464419901371002,6,0,0,0,0,0,0,1,0,0,0
BEN,342051,342,51,1,2,0,0,0,0,0,0,0,1,0,0,0,0,2021,0,0,0,0,0,0,0,3.5358699560165405,0,8,0,0,7,1,1,1,0,0,0
BEN,342063,342,63,1,2,1,1,1,1,1,0,0,0,0,0,0,0,2021,0,0,0,0,0,0,0,2.651550054550171,0,0,0,0,0,1,0,1,1,1,0
BEN,342075,342,75,1,2,1,1,1,1,1,0,0,0,0,0,0,1,2021,0,0,0,0,0,0,0,,0,0,0,0,0,0,0,0,0,0,0
BEN,342102,342,102,1,1,1,1,0,1,1,0,0,1,0,0,0,0,2021,0,0,0,0,0,0,0,,0,0,0,0,0,0,0,1,0,0,0
BEN,342112,342,112,1,2,1,1,1,0,0,0,0,0,0,0,0,0,2021,0,0,0,0,0,0,0,6.886110067367554,0,0,0,0,0,0,0,1,0,0,0
BEN,342149,342,149,1,2,1,1,1,1,1,0,0,0,0,0,0,0,2021,0,0,0,0,0,0,0,2.115000009536743,0,0,0,0,0,0,0,1,1,0,0
BEN,342161,342,161,1,2,1,1,1,1,1,0,0,1,0,0,0,0,2021,0,0,0,0,0,0,0,5.5,0,0,0,0,10,0,0,1,0,0,0
BEN,342173,342,173,1,1,0,1,0,0,0,0,0,1,0,0,0,0,2021,0,0,0,0,0,0,0,7.5,0,4,0,0,5,0,0,1,0,0,0
BEN,342186,342,186,1,2,1,1,0,0,0,0,0,0,0,0,0,0,2021,0,0,0,0,0,0,0,3.5,7,4,0,0,30,0,0,1,0,0,0
BEN,343015,343,15,2,4,1,1,1,1,1,0,0,1,1,0,0,0,2021,0,0,0,0,0,0,0,,0,0,0,0,0,0,0,1,0,0,0
BEN,343028,343,28,2,1,1,1,1,0,0,1,0,0,1,0,0,0,2021,0,0,0,0,0,0,0,20.449999809265137,50,6,0,0,0,0,0,0,0,0,0
BEN,343041,343,41,2,2,1,1,1,0,0,0,0,1,0,0,0,0,2021,0,0,0,0,0,0,0,1.0659099817276,0,0,0,0,15,1,0,0,0,0,0
BEN,343066,343,66,2,2,1,1,1,1,1,1,1,0,1,0,0,0,2021,1,0,0,0,0,1,0,13.190000474452972,0,0,0,0,2,0,1,0,0,0,0
BEN,343079,343,79,2,2,1,1,1,0,0,0,0,1,0,0,0,0,2021,0,0,0,0,0,0,0,2.9860000610351562,0,0,0,0,0,0,0,0,0,0,0
BEN,343091,343,91,2,2,1,1,1,1,1,0,1,0,1,0,0,0,2021,1,0,0,0,0,1,0,,0,0,0,0,0,0,0,0,0,0,0
BEN,343097,343,97,2,4,1,1,0,1,1,1,1,0,1,0,0,0,2021,0,0,0,0,0,0,0,2.396000027656555,0,0,0,0,0,0,0,0,0,0,0
BEN,343130,343,130,2,3,1,1,1,1,1,0,0,0,1,0,0,0,2021,0,0,0,0,0,0,0,,0,0,0,0,0,0,0,0,0,0,0
BEN,343142,343,142,2,2,1,1,1,0,0,0,0,1,0,0,0,0,2021,0,0,0,0,0,0,0,5.00109988451004,0,0,0,0,0,0,0,1,0,0,0
BEN,343168,343,168,2,2,1,1,1,0,0,0,0,0,1,0,0,0,2021,0,0,0,0,0,0,0,,0,0,0,0,0,1,0,0,0,0,0
BEN,343180,343,180,2,1,1,1,1,1,1,1,1,0,1,0,0,0,2021,0,0,0,0,0,0,0,0.08900000154972076,0,0,0,0,0,0,0,0,0,0,0
BEN,343193,343,193,2,1,1,1,1,1,1,1,1,0,1,0,0,0,2021,0,0,0,1,0,0,0,,0,0,0,0,0,0,0,0,0,0,0
BEN,344006,344,6,1,4,0,1,1,0,0,0,0,0,0,0,0,0,2021,0,0,0,0,0,0,0,,0,0,0,0,4,0,0,1,0,0,0
BEN,344014,344,14,1,4,0,1,1,0,1,0,0,0,0,1,1,0,2021,0,0,0,0,0,0,0,,0,0,0,0,0,0,0,0,0,0,0
BEN,344023,344,23,1,1,1,1,1,0,0,0,1,0,0,1,1,0,2021,1,0,0,0,0,1,0,,0,0,0,0,2,1,0,0,0,0,0
BEN,344032,344,32,1,2,0,1,1,0,0,0,0,0,0,1,1,0,2021,0,0,0,0,0,0,0,0.6635399931110442,0,3,0,0,1,0,0,1,0,0,0
BEN,344040,344,40,1,4,1,1,1,1,1,1,1,0,1,0,0,1,2021,0,0,0,0,0,0,0,,0,0,0,0,0,0,0,0,0,0,0
BEN,344049,344,49,1,2,1,1,0,1,1,0,0,0,1,0,0,0,2021,0,0,0,0,0,0,0,1.654137134552002,0,0,0,0,0,1,0,1,0,0,0
BEN,344075,344,75,1,2,1,1,1,1,1,0,0,0,1,0,0,1,2021,0,0,0,0,0,0,0,,0,0,0,0,0,1,0,0,0,0,0
BEN,344084,344,84,1,2,1,0,1,1,1,1,1,0,1,0,0,0,2021,0,0,0,0,0,0,0,3.2313170433044434,0,0,0,0,0,0,0,1,0,0,0
BEN,344092,344,92,1,2,1,1,1,0,0,0,1,0,0,0,0,0,2021,1,0,0,0,0,0,0,,0,0,0,0,0,1,0,0,0,0,0
BEN,344101,344,101,1,1,1,1,0,0,1,1,1,0,1,0,0,0,2021,0,0,0,0,0,0,0,4.0,0,0,0,0,16,0,0,1,0,0,0
BEN,344110,344,110,1,4,1,1,1,0,0,0,1,0,0,0,0,0,2021,0,0,0,0,0,0,0,,0,0,0,0,0,1,0,1,0,0,0
BEN,344118,344,118,1,4,0,1,0,0,0,0,0,0,0,0,0,0,2021,0,0,0,0,0,0,0,,0,3,0,0,0,0,0,0,0,0,0
BEN,345013,345,13,2,2,1,1,1,0,0,0,0,0,1,0,0,0,2021,0,0,0,0,0,0,0,1.0123000144958496,0,0,0,0,0,0,1,1,0,0,0
BEN,345040,345,40,2,1,1,1,1,0,0,1,0,1,0,1,1,0,2021,1,0,0,0,0,0,0,1.023140013217926,0,0,0,0,0,0,0,0,0,1,0
BEN,345053,345,53,2,1,1,1,1,1,1,1,1,0,1,0,0,0,2021,0,0,0,0,0,0,0,1.6415000259876251,0,0,0,0,0,0,0,0,0,0,0
BEN,345066,345,66,2,2,1,1,1,0,0,0,1,0,1,0,0,0,2021,0,0,0,0,0,0,0,3.879999876022339,0,0,0,0,0,0,0,0,0,0,0
BEN,345093,345,93,2,1,1,1,1,1,1,1,1,0,1,0,0,0,2021,0,0,0,0,0,0,0,1.1519999504089355,0,0,0,0,0,0,0,0,0,1,0
BEN,345106,345,106,2,2,1,1,1,0,0,1,0,1,1,1,1,0,2021,1,0,1,0,0,0,0,,0,0,0,0,0,0,0,1,0,1,0
BEN,345119,345,119,2,2,1,1,1,0,0,1,0,1,1,0,0,0,2021,0,0,0,0,0,0,0,2.0,0,0,0,0,0,0,0,0,0,1,0
BEN,345146,345,146,2,2,1,1,1,1,1,0,1,0,1,0,0,0,2021,0,0,0,0,0,0,0,1.2508000135421753,0,0,0,0,0,0,0,1,0,1,0
BEN,345159,345,159,2,1,1,1,1,1,1,0,1,0,1,0,0,0,2021,1,0,0,0,0,1,0,1.8975000083446503,0,4,0,0,10,0,0,1,0,0,0
BEN,345172,345,172,2,2,1,1,1,1,1,1,1,0,1,0,0,0,2021,0,0,0,0,0,0,0,,0,0,0,0,0,0,0,0,0,0,0
BEN,345199,345,199,2,2,1,1,1,1,1,0,1,0,0,0,0,0,2021,1,0,0,0,0,0,0,3.7499999552965164,0,0,0,0,0,0,0,0,0,0,0
BEN,345212,345,212,2,2,1,1,1,0,0,1,1,0,1,0,0,0,2021,0,0,0,0,0,0,0,7.380000114440918,0,0,0,0,0,0,0,0,0,0,0
BEN,346002,346,2,1,2,1,1,1,1,1,0,0,0,0,0,0,0,2021,0,0,0,0,0,1,0,4.0057899951934814,0,0,0,0,0,0,0,1,0,1,0
BEN,346009,346,9,1,2,1,1,1,1,1,0,0,1,0,0,0,0,2021,0,0,0,0,0,0,0,6.584159970283508,0,0,0,0,0,1,1,1,0,1,0
BEN,346015,346,15,1,4,1,1,0,1,1,0,0,0,0,0,0,0,2021,0,0,0,0,0,0,0,2.33447003364563,0,0,0,0,0,1,0,0,0,0,0
BEN,346021,346,21,1,2,1,1,1,1,1,0,0,0,0,0,0,0,2021,0,0,0,0,0,0,0,8.259439945220947,0,12,0,0,23,0,1,1,0,1,0
BEN,346028,346,28,1,2,1,1,1,1,0,0,0,0,0,0,0,0,2021,0,0,0,0,0,0,0,2.437999963760376,0,0,0,0,0,0,0,1,0,0,0
BEN,346034,346,34,1,2,1,1,1,1,1,0,0,1,0,0,0,0,2021,0,0,0,0,0,0,0,2.5,0,6,0,0,4,0,0,1,0,0,0
BEN,346040,346,40,1,2,1,1,1,1,1,0,0,0,1,0,0,1,2021,0,0,0,0,0,0,0,5.200000047683716,0,10,0,0,0,0,0,0,0,0,0
BEN,346047,346,47,1,2,1,1,1,1,1,0,0,0,0,0,0,0,2021,0,0,0,0,0,0,0,,0,0,0,0,0,0,0,1,0,0,0
BEN,346053,346,53,1,1,1,1,0,0,0,0,0,1,1,0,1,1,2021,0,0,0,0,0,0,0,5.5,0,0,0,0,0,0,0,1,0,0,0
BEN,346060,346,60,1,2,0,1,0,0,0,0,0,1,0,0,0,0,2021,0,0,0,0,0,0,0,10.0,0,5,0,0,10,0,0,0,0,0,0
BEN,346066,346,66,1,2,1,1,1,0,0,0,0,1,0,0,0,0,2021,0,0,0,0,0,0,0,,0,0,0,0,0,0,0,1,0,0,0
BEN,346072,346,72,1,2,1,1,1,1,1,0,0,1,0,0,0,0,2021,0,0,0,0,0,0,0,4.5,0,0,0,0,50,1,0,1,0,0,0
BEN,347005,347,5,2,3,1,1,1,1,1,0,1,0,1,0,0,0,2021,1,0,0,0,0,1,0,0.20999999344348907,0,0,0,0,0,0,0,0,0,0,0
BEN,347011,347,11,2,2,1,1,1,0,0,1,1,0,0,0,0,0,2021,1,0,0,0,0,1,0,9.085599899291992,0,2,0,0,5,0,0,0,0,1,0
BEN,347020,347,20,2,2,1,1,1,1,1,0,0,0,0,0,0,0,2021,0,0,0,0,0,0,0,1.0399999618530273,0,0,0,0,0,1,0,0,0,0,0
BEN,347027,347,27,2,2,1,1,1,0,0,1,1,0,1,0,0,0,2021,1,0,0,0,0,1,0,4.710000038146973,0,0,0,0,15,0,0,1,0,0,0
BEN,347031,347,31,2,2,1,1,1,1,1,1,1,0,0,0,0,0,2021,1,0,0,0,0,1,0,,0,0,0,0,0,0,0,1,1,0,0
BEN,347037,347,37,2,3,1,1,1,0,0,0,0,1,0,0,0,0,2021,0,0,0,0,0,0,0,,0,0,0,0,0,0,0,0,0,0,1
BEN,347044,347,44,2,2,1,1,1,1,1,0,0,0,1,0,0,0,2021,0,0,0,0,0,0,0,0.7899999916553497,0,0,0,0,0,0,0,0,0,0,0
BEN,347057,347,57,2,2,1,1,1,0,0,1,1,0,0,0,0,0,2021,1,0,0,0,0,1,0,11.04000011086464,0,6,0,0,0,0,0,0,1,0,0
BEN,347063,347,63,2,1,1,1,1,0,0,1,1,0,0,0,0,0,2021,0,0,0,0,0,0,0,6.14065009355545,0,0,0,0,0,0,0,1,0,0,0
BEN,347070,347,70,2,1,1,1,0,1,0,0,0,0,0,0,0,0,2021,0,0,0,0,0,0,0,5.229319870471954,0,0,0,0,20,0,0,1,0,0,0
BEN,347089,347,89,2,2,1,1,1,1,1,0,0,0,1,0,0,0,2021,0,0,0,0,0,0,0,1.9899999499320984,0,0,0,0,0,0,0,0,0,0,0
BEN,347096,347,96,2,2,1,1,1,0,0,0,0,1,0,0,0,0,2021,0,0,0,0,0,0,0,1.5499999821186066,0,2,0,0,4,0,1,0,0,0,0
BEN,348003,348,3,1,2,1,1,1,1,0,0,0,0,0,0,0,0,2021,0,0,0,0,0,0,0,3.0253700017929077,12,0,0,0,0,1,1,1,0,0,0
BEN,348007,348,7,1,2,0,1,1,0,0,0,0,0,0,0,0,0,2021,0,0,0,0,0,0,0,5.066259980201721,0,16,0,0,15,1,1,1,0,1,0
BEN,348011,348,11,1,2,0,1,1,0,0,0,0,0,0,0,0,0,2021,0,0,0,0,0,0,0,6.13185977935791,18,30,0,0,38,1,1,1,0,0,0
BEN,348015,348,15,1,2,0,1,1,0,0,0,0,0,0,0,0,0,2021,0,0,0,0,0,0,0,1.7919700145721436,0,10,0,0,20,0,1,1,0,0,0
BEN,348019,348,19,1,2,0,1,0,1,1,0,0,0,0,0,0,0,2021,0,0,0,0,0,0,0,1.5,0,12,0,0,65,1,0,1,0,0,0
BEN,348023,348,23,1,2,0,1,0,0,0,0,0,0,0,0,0,0,2021,0,0,0,0,0,0,0,5.5,5,3,0,0,24,0,0,1,0,0,0
BEN,348027,348,27,1,2,0,1,0,1,1,0,0,1,0,0,0,0,2021,0,0,0,0,0,0,0,1.0,0,0,0,0,15,0,0,1,0,0,0
BEN,348031,348,31,1,2,0,1,0,1,1,0,0,0,0,0,0,0,2021,0,0,0,0,0,0,0,2.300000011920929,10,12,0,0,32,0,0,1,0,0,0
BEN,348035,348,35,1,2,0,1,0,1,1,0,0,0,0,0,0,0,2021,0,0,0,0,0,0,0,0.6509999930858612,0,0,0,0,0,0,0,1,0,0,0
BEN,348039,348,39,1,2,1,0,0,1,0,0,0,0,0,0,0,0,2021,0,0,0,0,0,0,0,2.5,8,10,0,0,20,0,0,1,0,0,0
BEN,348043,348,43,1,2,1,1,1,1,1,0,0,0,0,0,0,0,2021,0,0,0,0,0,0,0,1.5234999656677246,12,0,0,0,0,0,0,1,0,0,0
BEN,348047,348,47,1,2,0,1,0,0,0,0,0,0,0,0,0,0,2021,0,0,0,0,0,0,0,,22,6,0,0,8,0,0,1,0,1,0
BEN,349006,349,6,2,2,1,1,1,0,0,0,0,1,0,0,0,0,2021,0,0,0,0,0,0,0,5.7599998116493225,0,0,0,0,15,1,0,0,0,0,0
BEN,349015,349,15,2,2,1,1,1,0,0,0,0,1,0,0,0,0,2021,0,0,0,0,0,0,0,7.870000123977661,0,11,0,0,26,0,0,0,0,0,0
BEN,349033,349,33,2,2,1,1,1,0,0,0,0,1,0,0,0,0,2021,0,0,0,0,0,0,0,11.040000021457672,0,20,0,0,21,0,1,0,0,0,0
BEN,349042,349,42,2,2,1,1,1,0,0,0,0,0,0,0,0,0,2021,0,0,0,0,0,0,0,2.0899999141693115,25,0,0,0,0,0,0,0,0,0,0
BEN,349051,349,51,2,2,1,1,0,1,1,0,0,0,0,0,0,0,2021,0,0,0,0,0,0,0,2.069999933242798,14,18,0,0,15,0,0,0,0,0,0
BEN,349068,349,68,2,2,1,1,0,0,0,0,0,1,0,0,0,0,2021,0,0,0,0,0,0,0,4.009999990463257,15,0,0,0,23,0,0,0,0,0,0
BEN,349077,349,77,2,2,1,1,1,0,0,0,0,0,0,0,0,0,2021,0,0,0,0,0,0,0,2.0320000052452087,22,0,0,0,0,0,0,0,0,0,0
BEN,349086,349,86,2,2,1,1,1,0,0,0,0,1,0,0,0,0,2021,0,0,0,0,0,0,0,,0,0,0,0,22,0,1,1,0,0,0
BEN,349103,349,103,2,2,1,1,1,0,0,0,0,1,1,0,0,0,2021,0,0,0,0,0,0,0,,0,5,0,0,12,0,0,1,0,0,0
BEN,349112,349,112,2,2,1,1,1,0,0,0,0,1,0,0,0,0,2021,0,0,0,0,0,0,0,10.0,0,0,0,0,0,0,0,1,0,0,0
BEN,349121,349,121,2,2,1,1,1,0,0,0,0,1,0,0,0,0,2021,0,0,0,0,0,0,0,5.840000152587891,0,0,0,0,12,0,1,0,0,0,0
BEN,349139,349,139,2,2,1,1,1,0,0,0,0,1,0,0,0,0,2021,0,0,0,0,0,0,0,19.15120005607605,0,0,0,0,0,1,1,1,0,1,0
BEN,350002,350,2,1,2,1,1,0,0,0,0,0,1,0,0,0,0,2021,0,0,0,0,0,0,0,2.0542099475860596,0,0,4,0,50,0,0,0,0,1,0
BEN,350015,350,15,1,1,1,1,0,0,0,0,0,0,1,0,0,0,2021,0,0,0,0,0,0,0,0.949999988079071,0,0,4,0,40,0,0,0,0,0,0
BEN,350016,350,16,1,2,1,1,0,0,0,0,0,0,0,0,0,0,2021,0,0,0,0,0,0,0,0.5600000023841858,0,0,0,0,10,1,0,0,0,0,0
BEN,350022,350,22,1,1,1,1,0,0,0,0,0,0,0,0,0,0,2021,0,0,0,0,0,0,0,,0,0,4,0,0,0,0,1,0,0,0
BEN,350026,350,26,1,2,1,1,1,0,0,0,0,1,0,0,0,0,2021,0,0,0,0,0,0,0,2.490000009536743,0,15,0,0,13,1,0,1,0,0,0
BEN,350030,350,30,1,1,1,1,1,0,0,0,0,1,1,0,0,0,2021,0,0,0,0,0,0,0,4.340000033378601,0,30,0,0,34,1,0,0,0,0,0
BEN,350040,350,40,1,1,1,1,1,1,1,0,0,1,0,0,0,0,2021,0,0,0,0,0,0,0,0.3235589861869812,0,0,0,0,10,1,0,1,0,0,0
BEN,350048,350,48,1,1,1,1,0,1,1,0,0,1,0,0,0,0,2021,0,0,0,0,0,0,0,,0,0,0,0,50,1,0,1,0,0,0
BEN,350063,350,63,1,1,1,1,1,1,1,0,0,1,0,0,0,0,2021,0,0,0,0,0,0,0,0.8899649977684021,0,0,0,0,0,0,0,1,0,0,0
BEN,350066,350,66,1,1,1,1,1,0,0,0,0,1,0,0,0,0,2021,0,0,0,0,0,0,0,2.343779981136322,0,0,0,0,0,0,1,1,1,0,0
BEN,350074,350,74,1,1,1,1,1,0,0,0,0,0,0,0,0,0,2021,0,0,0,0,0,0,0,1.4830000177025795,0,5,0,0,15,0,0,1,0,0,0
BEN,350087,350,87,1,3,1,1,1,1,1,0,0,1,0,1,1,0,2021,0,0,0,0,1,0,0,,0,0,0,0,0,0,0,1,0,0,0
BEN,351007,351,7,1,2,0,1,0,0,0,0,0,1,0,0,0,0,2021,0,0,0,0,0,0,0,1.1799999922513962,0,0,0,0,0,0,0,0,0,0,0
BEN,351016,351,16,1,2,1,1,0,1,1,0,0,1,1,0,0,0,2021,0,0,0,0,0,0,0,2.1500000059604645,0,0,0,0,0,0,1,0,0,1,0
BEN,351026,351,26,1,2,1,1,1,1,1,0,0,1,1,0,0,0,2021,0,0,0,0,0,0,0,1.7599999904632568,0,0,0,0,0,0,0,0,0,0,0
BEN,351036,351,36,1,2,1,1,0,1,1,0,0,1,1,0,0,0,2021,0,0,0,0,0,0,0,4.430000066757202,0,9,0,0,11,0,0,0,0,0,0
BEN,351045,351,45,1,1,1,1,1,0,0,0,0,1,1,1,1,1,2021,0,0,0,0,0,0,0,,0,0,0,0,0,0,0,1,0,0,0
BEN,351055,351,55,1,1,1,1,1,0,0,0,0,1,1,1,1,1,2021,0,0,0,0,0,0,0,1.75,0,0,0,0,0,1,0,0,0,0,0
BEN,351065,351,65,1,1,1,1,1,1,1,0,0,1,1,0,0,0,2021,0,0,0,0,0,0,0,,0,0,0,0,0,0,0,0,0,0,0
BEN,351075,351,75,1,2,1,1,0,1,1,0,0,1,0,0,0,0,2021,0,0,0,0,0,0,0,1.0,0,0,0,0,0,0,0,0,0,0,0
BEN,351084,351,84,1,1,1,1,1,0,0,0,0,0,0,0,0,0,2021,0,0,0,0,0,0,0,2.0,0,0,0,0,0,1,0,0,0,0,0
BEN,351094,351,94,1,1,1,1,1,0,0,0,0,0,0,0,0,0,2021,0,0,0,0,0,0,0,1.0,0,0,0,0,0,1,0,1,0,0,0
BEN,351104,351,104,1,1,1,1,1,0,0,0,0,0,0,0,0,0,2021,0,0,0,0,0,0,0,2.0,0,20,0,0,25,1,0,1,0,0,0
BEN,351113,351,113,1,1,1,1,1,0,0,0,0,0,0,0,0,0,2021,0,0,0,0,0,0,0,1.0,0,0,0,0,0,1,0,1,0,0,0
BEN,352009,352,9,2,2,1,1,1,1,0,0,0,1,1,0,0,0,2021,0,0,0,0,0,0,0,2.5,0,12,0,0,0,0,0,0,0,0,0
BEN,352022,352,22,2,2,1,1,1,0,0,0,0,1,0,0,0,0,2021,0,0,0,0,0,0,0,2.540000021457672,0,0,0,0,0,0,0,0,0,0,0
BEN,352048,352,48,2,2,1,1,1,0,0,0,0,0,0,0,0,0,2021,0,0,0,0,0,0,0,1.3200000524520874,0,8,0,0,0,0,0,1,0,0,0
BEN,352061,352,61,2,2,1,1,1,1,1,0,0,0,1,0,0,0,2021,0,0,0,0,0,0,0,2.25,0,0,0,0,0,0,0,0,0,0,0
BEN,352074,352,74,2,2,1,1,1,0,0,0,0,1,0,0,0,0,2021,0,0,0,0,0,0,0,2.0,0,7,0,0,13,0,0,0,0,0,0
BEN,352100,352,100,2,2,1,1,1,0,0,0,0,1,1,0,0,0,2021,0,0,0,0,0,0,0,3.6600000858306885,0,9,0,0,13,0,0,1,0,0,0
BEN,352113,352,113,2,2,1,1,1,1,1,0,0,0,1,0,0,0,2021,0,0,0,0,0,0,0,1.7699999809265137,0,0,0,0,0,0,0,0,0,0,0
BEN,352126,352,126,2,2,1,0,1,0,0,0,0,1,0,0,0,0,2021,0,0,0,0,0,0,0,1.5299999713897705,0,0,0,0,20,0,0,0,0,0,0
BEN,352152,352,152,2,2,1,1,1,0,0,0,0,1,1,0,0,0,2021,0,0,0,0,0,0,0,0.7900000214576721,0,0,0,0,0,0,0,0,0,0,0
BEN,352165,352,165,2,2,1,1,1,0,0,0,0,1,1,0,0,0,2021,0,0,0,0,0,0,0,2.3700000643730164,0,0,0,0,0,0,0,0,0,0,0
BEN,352178,352,178,2,2,1,1,1,1,1,0,0,1,1,0,0,0,2021,0,0,0,0,0,0,0,,0,0,0,0,11,0,0,0,0,0,0
BEN,352204,352,204,2,2,1,1,1,0,0,0,0,1,1,0,0,0,2021,0,0,0,0,0,0,0,2.4700000286102295,0,5,0,0,12,0,0,0,0,0,0
BEN,353010,353,10,2,2,1,1,1,0,0,0,0,1,1,0,0,0,2021,0,0,0,0,0,0,0,0.03026599995791912,0,0,0,0,0,0,0,0,0,0,0
BEN,353032,353,32,2,2,1,1,1,0,0,0,0,0,0,0,0,0,2021,0,0,0,0,0,0,0,0.03008000086992979,0,8,0,0,0,0,0,0,0,0,0
BEN,353042,353,42,2,2,1,1,1,0,0,0,0,1,1,0,0,0,2021,0,0,0,0,0,0,0,0.02045499999076128,0,0,0,0,0,0,0,0,0,0,0
BEN,353053,353,53,2,2,1,1,1,0,0,0,0,0,1,0,0,0,2021,0,0,0,0,0,0,0,0.021162000484764576,0,0,0,0,13,0,0,0,0,0,0
BEN,353075,353,75,2,2,1,1,1,0,0,0,0,0,0,0,0,0,2021,0,0,0,0,0,0,0,1.0699999928474426,0,0,0,0,0,0,0,0,0,0,0
BEN,353085,353,85,2,2,1,1,1,0,0,0,0,1,0,0,0,0,2021,0,0,0,0,0,0,0,1.75,0,15,0,0,15,0,0,0,0,0,0
BEN,353096,353,96,2,2,1,1,1,0,0,0,0,1,0,0,0,0,2021,0,0,0,0,0,0,0,0.2199999988079071,0,0,0,0,0,0,0,1,0,0,0
BEN,353118,353,118,2,2,1,1,1,0,0,0,0,1,0,0,0,0,2021,0,0,0,0,0,0,0,1.159999966621399,0,0,0,0,6,0,0,1,0,0,0
BEN,353128,353,128,2,2,1,1,1,0,0,0,0,1,0,0,0,0,2021,0,0,0,0,0,0,0,1.2100000381469727,0,0,0,0,13,0,0,1,0,0,0
BEN,353139,353,139,2,2,1,1,0,0,0,0,0,1,1,0,0,0,2021,0,0,0,0,0,0,0,1.1399999856948853,0,0,0,0,0,0,0,1,0,0,0
BEN,353161,353,161,2,2,1,1,0,0,0,0,0,1,1,0,0,0,2021,0,0,0,0,0,0,0,1.4600000381469727,0,0,0,0,0,0,0,1,0,0,0
BEN,353171,353,171,2,2,1,1,1,0,0,0,0,0,0,0,0,0,2021,0,0,0,0,0,0,0,1.2599999904632568,0,0,0,0,0,0,0,0,0,0,0
BEN,354004,354,4,1,2,1,1,1,1,1,0,0,1,1,0,0,0,2021,0,0,0,0,0,0,0,3.8900000154972076,0,17,0,0,38,0,0,0,0,1,0
BEN,354014,354,14,1,2,1,1,1,0,0,0,0,1,1,0,0,0,2021,0,0,0,0,0,0,0,1.7999999970197678,4,6,0,0,0,0,0,0,0,0,0
BEN,354033,354,33,1,2,1,1,0,1,1,0,0,0,1,0,0,0,2021,0,0,0,0,0,0,0,2.540000021457672,0,0,0,0,0,0,0,0,0,1,0
BEN,354042,354,42,1,2,1,1,0,0,0,0,0,0,1,0,0,0,2021,0,0,0,0,0,0,0,1.639999970793724,0,0,0,0,18,0,1,0,0,1,0
BEN,354052,354,52,1,1,1,1,1,1,1,0,0,1,1,0,0,0,2021,0,0,0,0,0,0,0,1.25,0,0,0,0,25,1,0,0,0,0,0
BEN,354062,354,62,1,1,1,0,0,1,1,0,0,1,0,0,0,0,2021,0,0,0,0,0,0,0,9.734454095363617,0,0,0,0,0,0,0,1,0,0,0
BEN,354081,354,81,1,1,1,0,0,0,0,0,0,1,0,0,0,0,2021,0,0,0,0,0,0,0,,0,25,0,0,55,1,0,1,0,0,0
BEN,354091,354,91,1,1,1,1,1,1,1,0,0,1,0,0,0,0,2021,0,0,0,0,0,0,0,0.27749199979007244,0,0,0,0,0,0,0,0,0,0,0
BEN,354100,354,100,1,1,1,1,1,1,1,0,0,0,1,0,0,0,2021,0,0,0,0,0,0,0,6.320000171661377,0,15,0,0,30,0,0,1,0,0,0
BEN,354110,354,110,1,1,1,1,1,0,0,0,0,0,0,0,0,0,2021,0,0,0,0,0,0,0,,0,0,0,0,0,0,0,1,0,0,0
BEN,354139,354,139,1,1,1,1,1,0,0,0,0,0,0,0,0,0,2021,0,0,0,0,0,0,0,,0,0,0,0,0,0,0,0,0,0,0
BEN,354148,354,148,1,1,1,1,0,0,1,0,0,0,0,0,0,0,2021,0,0,0,0,0,0,0,0.33000001311302185,0,0,0,0,0,0,0,1,1,1,0
BEN,355008,355,8,2,2,1,1,1,0,0,0,1,0,1,0,1,0,2021,0,0,0,0,0,0,0,0.02031099982559681,0,13,0,0,0,0,0,0,0,0,0
BEN,355017,355,17,2,2,1,1,1,0,0,0,1,0,1,0,0,0,2021,0,0,0,0,0,0,0,57.41002452559769,0,0,0,0,15,0,0,0,0,0,0
BEN,355035,355,35,2,2,1,1,1,0,0,0,0,0,0,0,0,0,2021,0,0,0,0,0,0,0,1.149999976158142,0,0,0,0,0,0,0,0,0,0,0
BEN,355044,355,44,2,2,1,1,1,0,0,1,1,0,0,0,0,0,2021,0,0,0,0,0,0,0,1.9000000357627869,0,10,0,0,10,0,0,0,0,0,0
BEN,355053,355,53,2,2,1,1,1,0,0,0,1,0,1,1,1,0,2021,0,0,0,0,0,0,0,118.07999801635742,0,8,0,0,0,0,0,0,0,0,0
BEN,355071,355,71,2,2,1,1,1,0,0,0,1,0,1,0,1,0,2021,0,0,0,0,0,1,0,113.47000122070312,0,0,0,0,10,0,0,0,0,0,0
BEN,355080,355,80,2,2,1,1,1,0,0,1,1,0,0,0,0,0,2021,1,0,0,0,0,0,0,2.3600000143051147,0,6,0,0,15,0,0,0,0,0,0
BEN,355089,355,89,2,3,1,1,1,0,0,0,0,1,1,1,1,0,2021,0,0,0,0,0,0,0,,0,0,0,0,0,0,0,0,0,0,0
BEN,355106,355,106,2,4,1,1,1,1,1,0,0,0,0,0,0,0,2021,0,0,0,0,0,0,0,2.379999965429306,0,2,0,0,0,1,0,0,0,0,0
BEN,355115,355,115,2,2,1,1,1,0,0,0,0,1,1,0,0,0,2021,0,0,0,0,0,0,0,0.6299999952316284,0,6,0,0,0,0,0,1,0,0,0
BEN,355124,355,124,2,2,1,1,1,0,0,0,0,0,1,0,0,0,2021,0,0,0,0,0,0,0,0.8899999856948853,0,0,0,0,0,0,0,1,0,0,0
BEN,355142,355,142,2,2,1,1,1,0,0,0,0,1,1,0,0,0,2021,0,0,0,0,0,0,0,0.7599999904632568,0,0,0,0,7,0,0,1,0,0,0
BEN,356007,356,7,1,2,1,1,1,0,0,0,0,0,1,0,0,0,2021,0,0,0,0,0,0,0,3.0,0,0,0,0,12,0,0,0,0,0,0
BEN,356015,356,15,1,2,1,1,1,0,0,0,0,1,1,0,0,0,2021,0,0,0,0,0,0,0,2.0,0,6,0,0,0,0,0,0,0,0,0
BEN,356022,356,22,1,2,1,1,1,0,0,0,0,0,1,0,0,0,2021,0,0,0,0,0,0,0,3.0,0,5,0,0,0,0,0,0,0,0,0
BEN,356029,356,29,1,2,1,1,1,0,0,0,0,0,1,0,0,0,2021,0,0,0,0,0,0,0,2.0,0,3,0,0,0,0,0,0,0,0,0
BEN,356037,356,37,1,2,1,1,1,0,0,0,0,0,1,0,1,0,2021,0,0,0,0,0,0,0,0.8899999856948853,0,0,0,0,6,1,0,0,0,0,0
BEN,356044,356,44,1,2,1,1,1,0,0,0,0,0,1,0,1,0,2021,0,0,0,0,0,0,0,,0,4,0,0,0,0,0,0,0,0,0
BEN,356051,356,51,1,2,1,1,1,0,0,0,0,0,1,0,1,0,2021,0,0,0,0,0,0,0,0.9599999785423279,0,0,0,0,0,0,0,1,0,0,0
BEN,356059,356,59,1,2,1,1,1,1,1,0,0,1,1,0,1,0,2021,0,0,0,0,0,0,0,2.6600000858306885,0,0,0,0,0,0,0,0,1,0,0
BEN,356066,356,66,1,2,1,1,1,1,0,0,0,1,0,0,0,0,2021,0,0,0,0,0,0,0,2.3129999339580536,0,0,0,0,15,0,0,0,0,0,0
BEN,356074,356,74,1,2,1,1,1,1,1,0,0,1,0,0,0,0,2021,0,0,0,0,0,0,0,2.6799999475479126,0,0,0,0,0,0,0,0,0,0,0
BEN,356081,356,81,1,2,1,1,1,1,1,0,0,0,0,0,0,0,2021,0,0,0,0,0,0,0,1.469999998807907,0,7,0,0,17,1,0,0,0,0,0
BEN,356088,356,88,1,2,1,1,1,0,0,0,0,1,0,0,0,0,2021,0,0,0,0,0,0,0,2.534000039100647,27,13,0,0,41,0,0,0,0,0,0
BEN,357005,357,5,2,2,1,1,1,0,0,0,0,0,0,0,0,0,2021,0,0,0,0,0,0,0,0.023107999935746193,35,0,0,0,12,0,0,0,0,0,0
BEN,357011,357,11,2,2,1,1,1,0,0,0,0,1,1,0,0,0,2021,0,0,0,0,0,0,0,1.9700000286102295,23,0,0,0,19,0,0,1,0,0,0
BEN,357023,357,23,2,2,1,1,1,1,1,0,0,1,1,0,0,0,2021,0,0,0,0,0,0,0,0.6600000262260437,0,0,0,0,0,0,0,1,0,0,0
BEN,357029,357,29,2,2,1,0,1,1,0,0,0,1,1,0,0,0,2021,0,0,0,0,0,0,0,0.020111000165343285,0,8,0,0,0,0,0,0,0,0,0
BEN,357035,357,35,2,2,1,1,1,1,1,0,0,1,1,0,0,0,2021,0,0,0,0,0,0,0,0.8600000143051147,0,0,0,0,0,1,0,1,0,0,0
BEN,357047,357,47,2,2,1,1,1,1,1,0,0,1,1,0,0,0,2021,0,0,0,0,0,0,0,1.2300000190734863,0,0,0,0,7,0,0,1,0,0,0
BEN,357053,357,53,2,2,1,1,1,0,0,0,0,1,0,0,0,0,2021,0,0,0,0,0,0,0,0.039009000174701214,0,0,0,0,0,0,0,0,0,0,0
BEN,357059,357,59,2,2,1,1,1,0,0,0,0,1,0,0,0,0,2021,0,0,0,0,0,0,0,0.010575000196695328,0,0,0,0,12,0,0,0,0,0,0
BEN,357072,357,72,2,2,1,1,1,0,0,0,0,0,0,0,0,0,2021,0,0,0,0,0,0,0,1.75,0,0,0,0,0,1,0,0,0,0,0
BEN,357078,357,78,2,2,1,1,1,0,0,0,0,0,0,0,0,0,2021,0,0,0,0,0,0,0,3.4499999284744263,0,7,0,0,14,0,0,0,0,0,0
BEN,357084,357,84,2,2,1,1,1,1,1,0,0,0,0,0,0,0,2021,0,0,0,0,0,0,0,1.25,0,7,0,0,3,0,0,1,0,0,0
BEN,357096,357,96,2,2,1,1,0,0,0,0,0,0,0,0,0,0,2021,0,0,0,0,0,0,0,1.2099999785423279,0,14,0,0,17,0,0,0,0,0,0
BEN,358001,358,1,1,2,1,1,1,1,1,0,0,1,1,0,1,0,2021,0,0,0,0,0,0,0,4.730000019073486,0,0,0,0,11,0,0,0,0,0,0
BEN,358009,358,9,1,2,1,1,1,0,0,0,0,1,1,1,0,0,2021,0,0,0,0,0,0,0,3.0,0,6,0,0,0,0,0,0,0,0,0
BEN,358018,358,18,1,2,1,1,1,1,1,0,0,1,1,0,1,0,2021,0,0,0,0,0,0,0,2.9600000381469727,0,6,0,0,0,0,0,1,0,0,0
BEN,358026,358,26,1,4,1,1,1,0,0,0,0,0,1,0,1,0,2021,0,0,0,0,0,0,0,,0,0,0,0,0,0,0,0,0,0,0
BEN,358035,358,35,1,1,1,1,1,1,1,0,0,1,0,0,0,0,2021,0,0,0,0,0,0,0,,0,10,0,0,30,0,0,0,0,0,0
BEN,358043,358,43,1,2,1,1,1,1,1,0,0,1,0,0,0,0,2021,0,0,0,0,0,0,0,7.509999990463257,0,0,0,0,15,0,0,1,1,1,0
BEN,358051,358,51,1,2,1,1,1,1,1,0,0,1,0,0,0,0,2021,0,0,0,0,0,0,0,9.5,0,0,0,0,0,0,0,0,0,0,0
BEN,358060,358,60,1,2,1,1,1,1,1,0,0,1,0,0,0,0,2021,0,0,0,0,0,0,0,5.7599998116493225,5,8,0,0,46,0,0,0,0,0,0
BEN,358068,358,68,1,3,1,1,1,1,1,0,0,1,1,0,0,0,2021,0,0,0,0,0,0,0,,0,0,0,0,0,0,0,0,0,0,0
BEN,358076,358,76,1,2,1,1,1,1,1,0,0,1,1,0,0,0,2021,0,0,0,0,0,0,0,4.0,2,0,0,0,0,0,0,1,0,0,0
BEN,358085,358,85,1,2,1,1,1,1,1,0,0,1,1,0,1,0,2021,0,0,0,0,0,0,0,3.0,0,5,0,0,0,0,0,1,0,0,0
BEN,358093,358,93,1,3,1,1,1,0,0,0,0,1,1,0,0,0,2021,0,0,0,0,0,0,0,3.0,0,0,4,0,0,0,0,0,0,0,0
BEN,359005,359,5,2,2,1,1,1,0,0,0,0,0,0,0,0,0,2021,0,0,0,0,0,0,0,4.059999942779541,14,8,0,0,0,0,0,0,0,0,0
BEN,359009,359,9,2,2,1,1,1,0,0,0,0,0,0,0,0,0,2021,0,0,0,0,0,0,0,1.9399999976158142,25,0,0,0,0,0,0,0,0,0,0
BEN,359019,359,19,2,2,1,1,1,0,0,0,0,0,0,0,0,0,2021,0,0,0,0,0,0,0,2.3799999952316284,18,14,0,0,0,0,0,0,0,0,0
BEN,359024,359,24,2,2,1,1,1,1,1,0,0,1,0,0,0,0,2021,0,0,0,0,0,0,0,1.5,0,0,0,0,0,0,0,1,0,0,0
BEN,359029,359,29,2,2,1,1,1,1,1,0,0,1,0,0,0,0,2021,0,0,0,0,0,0,0,1.25,0,0,0,0,0,0,0,1,0,0,0
BEN,359039,359,39,2,2,1,1,1,1,1,0,0,1,0,0,0,0,2021,0,0,0,0,0,0,0,1.5,0,0,0,0,0,0,0,1,0,0,0
BEN,359044,359,44,2,2,1,1,1,1,1,0,0,0,0,0,0,0,2021,0,0,0,0,0,0,0,1.7448999881744385,0,3,0,0,0,0,0,1,0,1,0
BEN,359048,359,48,2,4,1,1,1,1,1,0,0,1,0,0,0,0,2021,0,0,0,0,0,0,0,0.8130999803543091,0,0,0,0,0,0,0,1,0,1,0
BEN,359058,359,58,2,2,1,1,1,0,0,0,0,1,0,0,0,0,2021,0,0,0,0,0,0,0,1.324400007724762,0,0,0,0,0,1,0,1,0,1,0
BEN,359063,359,63,2,2,1,1,1,0,0,0,0,1,0,0,0,0,2021,0,0,0,0,0,0,0,1.0907000005245209,0,0,0,0,0,0,0,1,0,1,0
BEN,359068,359,68,2,2,1,1,1,1,1,0,0,0,1,0,0,0,2021,0,0,0,0,0,0,0,2.340000033378601,0,0,0,0,0,0,0,0,0,0,0
BEN,359078,359,78,2,2,1,1,1,1,1,0,0,1,0,0,0,0,2021,0,0,0,0,0,0,0,2.5,0,0,0,0,0,0,0,1,0,0,0
BEN,360007,360,7,1,2,1,1,1,0,0,0,0,0,0,0,0,0,2021,0,0,0,0,0,0,0,,0,0,0,0,0,1,0,0,0,0,0
BEN,360019,360,19,1,2,1,1,1,0,0,0,0,1,0,0,0,0,2021,0,0,0,0,0,0,0,4.080000072717667,0,9,0,0,44,0,0,0,0,1,0
BEN,360030,360,30,1,2,1,1,1,0,0,1,1,0,0,0,0,0,2021,0,0,0,0,0,0,0,7.769999861717224,4,11,0,0,15,0,0,0,0,0,0
BEN,360042,360,42,1,2,1,1,1,0,0,0,1,0,0,0,0,0,2021,0,0,0,0,0,0,0,4.060000121593475,0,11,0,0,5,1,0,0,0,0,0
BEN,360053,360,53,1,1,1,1,1,1,1,1,1,0,1,1,1,0,2021,1,0,0,0,0,0,0,,0,0,0,0,0,0,0,0,0,0,0
BEN,360064,360,64,1,2,1,1,1,1,1,1,1,0,1,0,0,0,2021,1,0,0,0,0,0,0,4.0,0,2,0,0,0,1,0,0,0,0,0
BEN,360076,360,76,1,2,1,1,1,1,1,1,1,0,1,1,1,0,2021,0,0,0,0,0,0,0,3.0,0,0,0,0,0,0,0,0,0,0,0
BEN,360087,360,87,1,2,1,1,1,0,0,0,1,0,1,0,0,0,2021,1,0,0,0,0,0,0,3.0,0,0,0,0,5,0,0,0,0,0,0
BEN,360099,360,99,1,2,1,1,1,0,0,0,0,0,1,0,0,0,2021,0,0,0,0,0,0,0,,0,0,0,0,0,0,0,0,0,0,0
BEN,360110,360,110,1,2,1,1,1,0,0,0,1,0,1,0,0,0,2021,0,0,0,0,0,0,0,3.5999999046325684,0,0,0,0,13,0,0,1,0,0,0
BEN,360122,360,122,1,2,1,1,1,0,0,0,0,0,0,0,0,0,2021,0,0,0,0,0,0,0,2.8299999237060547,0,0,0,0,0,0,0,0,0,0,0
BEN,360133,360,133,1,2,1,1,1,0,0,0,0,0,1,0,0,0,2021,0,0,0,0,0,0,0,0.6600000262260437,0,9,0,0,0,0,0,0,0,0,0
BEN,361003,361,3,2,2,1,1,1,0,0,0,1,0,1,1,1,0,2021,0,0,0,0,0,0,0,,0,0,0,0,6,0,0,1,0,0,0
BEN,361008,361,8,2,2,1,1,1,0,0,0,1,0,0,0,0,0,2021,0,0,0,0,0,0,0,0.03142399899661541,0,6,0,0,0,0,0,0,0,0,0
BEN,361014,361,14,2,1,1,1,1,0,0,0,1,0,1,1,1,0,2021,0,0,0,0,0,0,0,0.7900000214576721,0,0,0,0,0,0,0,1,0,0,0
BEN,361025,361,25,2,1,1,1,1,0,0,1,1,0,1,1,0,0,2021,0,0,0,0,0,0,0,1.5,0,0,0,0,0,1,0,0,0,0,0
BEN,361030,361,30,2,2,1,1,1,0,0,0,1,0,1,1,1,0,2021,1,0,0,0,0,1,0,,0,0,0,0,0,0,0,1,0,0,0
BEN,361036,361,36,2,2,1,1,1,1,1,1,1,0,0,0,1,0,2021,1,1,0,0,0,1,0,1.0199999809265137,0,0,0,0,0,0,0,0,0,0,0
BEN,361047,361,47,2,2,1,1,1,0,0,1,1,0,0,0,0,0,2021,0,0,0,0,0,0,0,1.4600000083446503,0,2,0,0,3,0,0,1,0,0,0
BEN,361053,361,53,2,2,1,1,1,0,0,0,1,0,1,0,1,0,2021,0,0,0,0,0,0,0,0.012430000118911266,0,0,0,0,14,0,0,0,0,0,0
BEN,361058,361,58,2,2,1,1,1,0,0,0,1,0,1,0,1,0,2021,1,0,0,0,0,1,0,66.85290283057839,0,0,0,0,0,0,0,0,0,0,0
BEN,361069,361,69,2,2,1,1,1,0,0,0,0,1,0,0,1,0,2021,0,0,0,0,0,0,0,1.6700000166893005,0,2,0,0,4,0,0,0,0,0,0
BEN,361075,361,75,2,2,1,1,1,0,0,0,1,0,1,0,0,0,2021,0,0,0,0,0,0,0,0.01155999954789877,0,5,0,0,14,0,0,0,0,0,0
BEN,361080,361,80,2,2,1,1,1,0,0,1,1,0,0,0,0,0,2021,0,0,0,0,0,0,0,3.200000047683716,2,6,0,0,6,0,0,0,0,0,0
BEN,362004,362,4,1,3,1,1,1,1,0,0,0,1,1,1,1,1,2021,0,0,0,0,0,0,0,,0,0,0,0,0,0,0,0,0,0,0
BEN,362023,362,23,1,1,1,1,1,1,1,1,1,0,1,0,1,1,2021,1,0,0,0,1,1,0,,0,0,0,0,9,0,0,1,0,0,0
BEN,362042,362,42,1,1,1,1,1,0,0,1,1,0,1,1,1,1,2021,0,0,0,0,0,0,0,,0,0,0,0,0,1,0,0,0,0,0
BEN,362080,362,80,1,2,1,1,1,0,0,0,0,1,1,0,0,0,2021,0,0,0,0,0,0,0,,0,0,0,0,0,1,0,0,0,0,0
BEN,362099,362,99,1,3,1,1,1,0,1,1,1,0,1,0,1,1,2021,1,0,0,0,0,1,0,,0,0,0,0,0,1,0,1,0,0,0
BEN,362107,362,107,1,3,1,1,1,0,0,1,1,0,1,1,1,0,2021,0,0,0,0,0,0,0,,0,0,0,0,0,0,0,0,0,0,0
BEN,362137,362,137,1,2,1,1,0,0,0,0,0,1,0,0,0,0,2021,0,0,0,0,0,0,0,,0,0,0,0,0,0,0,1,0,0,0
BEN,362156,362,156,1,4,1,1,0,1,0,1,1,0,0,0,1,0,2021,1,0,0,0,0,1,0,,0,0,0,0,0,1,0,1,0,0,0
BEN,362175,362,175,1,3,1,1,1,1,1,1,1,0,1,0,1,1,2021,1,0,0,0,0,1,0,,0,0,0,0,0,0,0,1,0,0,0
BEN,362194,362,194,1,3,1,1,1,0,0,1,1,0,1,0,0,1,2021,0,0,0,0,0,0,0,,0,0,0,0,0,0,0,1,1,0,0
BEN,362213,362,213,1,1,1,1,1,1,1,1,1,0,0,1,1,1,2021,1,0,0,0,0,1,0,,0,0,0,0,0,0,1,1,0,0,0
BEN,362253,362,253,1,2,0,1,0,0,0,0,0,0,1,0,0,0,2021,0,0,0,0,0,0,0,,0,0,0,0,0,0,0,1,0,0,0
BEN,363010,363,10,2,2,1,1,1,0,0,0,1,0,1,0,0,0,2021,0,0,0,0,0,0,0,,0,0,0,0,0,0,0,1,0,0,0
BEN,363030,363,30,2,2,1,1,1,0,0,1,1,0,1,1,1,0,2021,0,0,0,0,0,1,0,,7,0,0,0,0,0,0,1,0,0,0
BEN,363040,363,40,2,2,1,1,1,0,0,1,1,0,1,1,1,0,2021,0,0,0,0,0,0,0,,0,0,0,0,0,1,0,0,0,0,0
BEN,363050,363,50,2,1,1,1,1,0,0,1,1,0,1,1,1,0,2021,0,0,0,0,0,1,0,,0,0,0,0,0,0,0,0,0,0,0
BEN,363070,363,70,2,4,1,1,1,1,1,0,1,0,1,1,1,0,2021,1,0,0,0,0,1,0,,0,0,0,0,0,0,0,1,0,0,0
BEN,363080,363,80,2,1,1,1,1,0,0,0,1,0,1,1,1,1,2021,0,0,0,0,0,0,0,,0,6,0,0,0,0,0,1,0,0,0
BEN,363090,363,90,2,1,1,1,1,0,0,1,1,0,1,1,1,0,2021,1,0,0,0,0,1,0,,0,11,0,0,0,0,0,1,0,0,0
BEN,363110,363,110,2,1,1,1,1,1,1,0,1,0,1,1,1,1,2021,0,0,0,0,0,0,0,,0,0,0,0,0,0,0,1,0,0,0
BEN,363120,363,120,2,2,1,1,1,0,0,1,1,0,1,0,0,0,2021,1,0,0,0,0,1,0,,0,20,0,0,0,0,0,1,0,0,0
BEN,363130,363,130,2,2,1,1,1,1,1,1,1,0,1,0,1,0,2021,1,0,0,0,0,1,0,,0,12,0,0,12,0,0,1,1,0,0
BEN,363150,363,150,2,2,1,1,1,0,0,1,1,0,1,0,0,0,2021,1,0,0,0,0,1,0,,0,0,0,0,0,0,0,0,0,0,0
BEN,363160,363,160,2,2,1,1,1,0,0,1,1,0,1,0,0,0,2021,1,0,0,0,0,1,0,,0,0,0,0,0,0,0,0,0,0,0
BEN,364003,364,3,1,1,1,1,1,0,0,0,1,0,1,0,0,0,2021,0,0,0,0,0,0,0,9.5600004196167,0,4,0,0,0,0,0,0,0,0,0
BEN,364016,364,16,1,1,1,1,1,0,0,0,0,1,1,0,0,0,2021,1,0,0,0,0,1,0,1.3200000524520874,0,0,0,0,0,0,0,0,0,0,0
BEN,364028,364,28,1,1,1,1,1,0,0,0,1,0,1,0,0,0,2021,1,0,0,0,0,1,0,9.359999656677246,0,0,0,0,0,0,0,1,0,0,0
BEN,364041,364,41,1,1,1,1,1,0,0,0,1,0,1,0,0,0,2021,1,0,0,0,0,1,0,1.4920525550842285,0,0,0,0,6,0,0,0,0,0,0
BEN,364054,364,54,1,2,1,1,1,0,0,0,0,1,0,0,0,0,2021,0,0,0,0,0,0,0,2.8500000834465027,0,0,0,0,29,1,0,0,0,0,0
BEN,364067,364,67,1,2,1,1,1,0,0,0,0,1,0,0,0,0,2021,0,0,0,0,0,0,0,4.68999981880188,0,5,0,0,11,0,0,0,0,1,0
BEN,364080,364,80,1,2,1,1,1,0,0,0,1,0,0,0,0,0,2021,0,0,0,0,0,0,0,3.3499999046325684,0,0,0,0,14,1,0,0,0,0,0
BEN,364106,364,106,1,2,1,1,1,0,0,0,0,1,0,0,0,0,2021,0,0,0,0,0,0,0,,0,19,0,0,15,0,0,0,0,0,0
BEN,364119,364,119,1,1,1,1,1,0,0,1,1,0,1,0,0,0,2021,1,0,0,0,0,0,0,,0,0,0,0,0,0,0,0,0,0,0
BEN,364132,364,132,1,1,1,1,1,0,0,1,1,0,1,0,0,0,2021,0,0,0,0,0,1,0,,0,0,0,0,0,0,0,0,0,0,0
BEN,364145,364,145,1,1,1,1,1,0,0,0,1,0,1,0,0,0,2021,1,0,0,0,0,0,0,,0,0,0,0,0,0,0,0,0,0,0
BEN,364158,364,158,1,1,1,1,1,0,1,1,1,0,1,0,0,0,2021,1,0,0,0,0,1,0,,0,0,0,0,0,0,0,0,0,0,0
BEN,365018,365,18,2,2,1,1,1,0,0,1,1,0,1,1,1,0,2021,0,0,0,0,0,1,0,,0,5,0,0,7,0,0,0,0,0,0
BEN,365033,365,33,2,2,1,1,1,0,0,1,1,0,1,1,1,0,2021,0,0,0,0,0,1,0,,4,10,0,0,0,0,0,1,0,0,0
BEN,365048,365,48,2,4,1,1,1,0,0,0,1,0,1,1,0,0,2021,1,0,0,0,0,1,0,,0,0,0,0,0,1,0,0,0,0,0
BEN,365078,365,78,2,1,1,1,1,0,0,1,1,0,1,1,1,0,2021,0,0,0,0,0,0,0,,0,3,0,0,0,0,0,1,0,0,0
BEN,365093,365,93,2,2,1,1,1,0,0,1,1,0,1,0,0,0,2021,1,0,0,0,0,0,0,,0,25,0,0,0,0,0,1,0,0,0
BEN,365108,365,108,2,2,1,1,1,0,0,0,1,0,1,1,1,0,2021,0,0,0,0,0,0,0,,0,0,0,0,0,0,0,0,0,0,0
BEN,365137,365,137,2,2,1,1,1,0,0,1,1,0,1,0,0,0,2021,1,0,0,0,0,1,0,,0,0,0,0,0,0,0,1,0,0,0
BEN,365152,365,152,2,4,1,1,1,0,0,0,1,0,1,1,1,0,2021,1,0,0,0,0,0,0,,0,0,0,0,0,0,0,1,0,0,0
BEN,365167,365,167,2,3,1,1,1,0,0,1,1,0,1,1,1,1,2021,1,0,0,0,0,1,0,,0,0,0,0,0,1,0,0,0,0,0
BEN,365197,365,197,2,1,1,1,1,0,0,1,1,0,1,1,0,0,2021,0,0,0,0,1,1,1,,0,0,0,0,0,0,0,0,1,0,0
BEN,365212,365,212,2,2,1,1,1,0,0,1,1,0,1,0,0,0,2021,1,0,0,0,0,1,0,,0,0,0,0,0,0,0,0,0,0,0
BEN,365227,365,227,2,3,1,1,1,0,0,0,1,0,1,0,1,0,2021,1,0,0,0,0,1,0,,0,0,0,0,0,0,0,0,0,0,0
BEN,366013,366,13,1,1,1,1,0,1,1,1,1,0,1,0,0,0,2021,0,0,1,0,0,0,0,,0,0,0,0,0,1,0,0,0,0,0
BEN,366024,366,24,1,4,1,1,1,0,0,0,1,0,1,0,0,0,2021,0,0,0,0,0,0,0,,0,0,0,0,0,0,0,1,0,0,0
BEN,366035,366,35,1,2,1,1,1,0,0,1,1,0,1,1,1,0,2021,0,0,0,0,0,0,0,,0,0,0,0,0,0,0,0,0,0,0
BEN,366046,366,46,1,4,1,1,0,1,1,1,1,0,1,0,0,0,2021,0,0,0,0,0,0,0,,0,0,0,0,0,0,0,1,0,0,0
BEN,366057,366,57,1,4,0,1,0,0,0,1,1,0,1,0,0,0,2021,0,0,0,0,0,0,0,,0,0,0,0,0,1,0,1,0,0,0
BEN,366068,366,68,1,4,1,1,1,1,1,0,1,0,0,1,0,0,2021,0,0,0,0,0,0,0,,0,0,0,0,0,1,0,1,1,0,0
BEN,366079,366,79,1,2,1,1,1,0,0,0,1,0,1,1,1,0,2021,0,0,1,0,0,0,0,,0,10,0,0,0,0,0,1,0,0,0
BEN,366090,366,90,1,4,1,1,1,1,0,0,0,0,0,0,0,0,2021,0,0,0,0,0,0,0,,0,0,0,0,40,0,0,1,0,0,0
BEN,366101,366,101,1,2,1,1,1,0,0,1,1,0,1,1,1,0,2021,0,0,0,0,0,0,0,,0,5,0,0,25,1,0,0,0,0,0
BEN,366112,366,112,1,2,1,1,1,0,0,1,1,0,1,1,1,0,2021,0,0,0,0,0,0,0,,0,5,0,0,12,0,0,1,0,0,0
BEN,366123,366,123,1,4,0,1,0,1,1,1,1,0,1,0,0,0,2021,1,0,0,0,0,1,0,,0,0,0,0,0,0,0,1,0,0,0
BEN,366917,366,917,1,2,1,1,1,0,0,1,1,0,1,1,0,1,2021,1,0,0,0,0,1,0,,0,0,0,0,0,0,0,0,0,0,0
BEN,367010,367,10,2,2,1,1,1,1,1,1,1,0,1,0,1,0,2021,1,1,0,0,0,1,0,,0,0,0,0,0,0,0,0,0,0,0
BEN,367023,367,23,2,2,1,1,1,0,0,1,1,0,1,0,1,0,2021,1,0,0,0,0,1,0,,0,0,0,0,0,0,0,0,0,0,0
BEN,367047,367,47,2,2,1,1,1,0,0,1,1,0,1,0,1,0,2021,1,0,0,0,0,1,0,,0,0,0,0,0,1,0,1,0,0,0
BEN,367059,367,59,2,3,1,1,1,1,1,1,1,0,1,0,1,0,2021,1,0,0,0,0,1,0,,0,0,0,0,0,0,0,0,0,0,0
BEN,367071,367,71,2,1,1,1,1,1,1,1,1,0,1,0,0,1,2021,0,0,0,0,0,0,0,,0,0,0,0,0,1,0,0,0,0,0
BEN,367095,367,95,2,1,1,1,1,0,0,1,1,0,1,1,1,1,2021,1,0,0,0,0,1,0,,0,0,0,0,0,0,0,1,0,0,0
BEN,367107,367,107,2,1,1,1,1,1,1,1,1,0,1,1,1,1,2021,1,0,0,0,0,1,0,,0,0,0,0,0,0,0,0,0,0,0
BEN,367120,367,120,2,1,1,1,1,1,1,1,1,0,1,0,1,1,2021,1,0,0,0,0,1,0,,0,0,0,0,0,0,0,1,0,0,0
BEN,367144,367,144,2,2,1,1,1,1,0,0,1,0,1,1,1,0,2021,0,0,0,0,0,1,0,,0,0,0,0,0,0,0,1,0,0,0
BEN,367156,367,156,2,1,1,1,1,0,0,1,1,0,1,1,1,0,2021,0,0,0,0,0,1,0,,0,5,0,0,8,0,0,1,1,0,0
BEN,367168,367,168,2,2,1,1,1,0,0,0,1,0,1,1,1,0,2021,0,0,0,0,0,0,0,,0,0,0,0,0,0,0,0,0,0,0
BEN,367192,367,192,2,1,1,1,1,0,0,0,0,1,0,0,0,0,2021,0,0,0,0,0,1,0,,0,0,0,0,0,1,0,0,0,0,0
BEN,368007,368,7,1,2,1,1,0,0,0,0,0,0,0,0,0,0,2021,0,0,0,0,0,0,0,1.9594418108463287,0,0,0,0,6,0,0,1,0,0,0
BEN,368019,368,19,1,2,1,1,1,0,0,0,0,1,0,0,0,0,2021,0,0,0,0,0,0,0,2.7573450803756714,40,20,0,0,15,1,0,1,0,0,0
BEN,368031,368,31,1,2,1,1,1,0,0,0,0,1,1,0,0,0,2021,0,0,0,0,0,0,0,1.0,0,0,0,0,0,0,0,0,1,0,0
BEN,368043,368,43,1,2,1,1,1,0,0,0,0,1,0,0,0,0,2021,0,0,0,0,0,0,0,1.2217770293354988,0,0,0,0,30,0,0,1,0,0,0
BEN,368054,368,54,1,2,1,1,1,0,0,0,0,1,0,0,0,0,2021,0,0,0,0,0,0,0,1.313385009765625,0,0,0,0,9,0,1,1,0,0,0
BEN,368066,368,66,1,2,1,1,0,0,0,0,0,1,0,0,0,0,2021,0,0,0,0,0,0,0,,0,0,0,0,0,0,1,1,0,1,0
BEN,368078,368,78,1,4,0,1,0,0,0,0,0,0,0,0,0,0,2021,0,0,0,0,0,0,0,,0,0,0,0,0,0,0,1,0,0,0
BEN,368090,368,90,1,2,1,1,1,1,0,0,0,1,1,0,0,0,2021,0,0,0,0,0,0,0,2.8700000047683716,0,0,0,0,0,0,0,1,0,0,0
BEN,368102,368,102,1,2,1,1,1,0,0,0,0,0,1,0,0,0,2021,0,0,0,0,0,0,0,1.0,0,0,0,0,0,0,0,0,0,0,0
BEN,368114,368,114,1,4,0,1,0,0,0,0,0,0,0,0,0,0,2021,0,0,0,0,0,0,0,1.600000023841858,0,0,0,0,0,0,0,1,0,0,0
BEN,368125,368,125,1,4,0,1,0,0,0,0,0,0,0,0,0,0,2021,0,0,0,0,0,0,0,,0,0,0,0,0,0,0,1,0,0,0
BEN,368137,368,137,1,1,1,1,1,0,0,0,0,1,1,0,0,0,2021,0,0,0,0,0,0,0,2.5899999141693115,0,0,0,0,0,1,0,0,0,0,0
BEN,369010,369,10,2,2,1,1,1,1,1,1,1,0,0,0,1,0,2021,0,0,0,0,0,0,0,,0,0,0,0,0,0,1,0,0,0,0
BEN,369026,369,26,2,2,1,1,1,0,0,1,1,0,0,0,1,0,2021,1,0,0,0,0,1,0,,0,0,0,0,0,1,0,0,0,0,0
BEN,369056,369,56,2,2,1,1,1,1,0,0,1,0,1,0,0,0,2021,0,0,0,0,0,1,0,,0,13,0,0,0,0,0,0,0,0,0
BEN,369072,369,72,2,1,1,1,1,0,0,1,1,0,1,0,0,0,2021,1,0,1,0,0,1,0,,0,0,0,0,0,0,0,0,0,0,0
BEN,369087,369,87,2,2,1,1,1,1,1,1,0,1,1,1,0,1,2021,1,0,0,0,0,1,0,,0,0,0,0,0,0,0,1,0,0,0
BEN,369118,369,118,2,2,1,1,1,0,0,1,1,0,1,0,1,0,2021,0,0,0,0,0,0,0,,0,0,0,0,0,0,0,0,0,0,0
BEN,369133,369,133,2,2,1,1,1,1,1,0,0,0,1,1,1,0,2021,1,0,0,0,0,0,0,,0,0,0,0,0,0,0,1,0,0,0
BEN,369148,369,148,2,2,1,1,1,0,0,1,1,0,0,0,0,0,2021,1,0,0,0,0,1,0,,0,0,0,0,0,1,0,0,0,0,0
BEN,369179,369,179,2,2,1,1,1,1,1,1,1,0,1,1,1,1,2021,1,0,0,0,0,0,0,,0,7,0,0,0,0,0,0,0,0,0
BEN,369194,369,194,2,2,1,1,1,0,0,0,1,0,1,0,0,1,2021,0,0,0,0,0,0,0,,0,23,0,0,0,0,0,0,0,0,0
BEN,369209,369,209,2,2,1,1,1,1,1,1,1,0,1,1,0,1,2021,0,0,0,0,0,0,0,,0,0,0,0,0,0,0,1,0,0,0
BEN,369240,369,240,2,2,1,1,1,0,0,0,1,0,1,0,1,0,2021,0,0,0,0,0,0,0,,0,0,0,0,0,0,0,0,0,0,0
BEN,370002,370,2,1,2,1,1,1,0,0,1,1,0,1,0,0,0,2021,0,0,0,0,0,0,0,,0,0,0,0,0,0,0,0,0,0,0
BEN,370010,370,10,1,2,1,1,1,0,0,0,0,1,1,0,0,0,2021,0,0,0,0,0,0,0,,0,0,0,0,15,0,0,0,0,0,0
BEN,370019,370,19,1,2,1,1,1,0,0,0,1,0,0,0,0,0,2021,1,0,0,0,0,0,0,,0,0,0,0,0,0,0,0,0,0,0
BEN,370027,370,27,1,2,1,1,1,0,0,1,1,0,0,0,0,0,2021,1,0,0,0,0,1,0,,0,0,0,0,0,1,0,0,0,0,0
BEN,370035,370,35,1,1,1,1,1,0,0,0,0,1,0,0,0,0,2021,1,0,0,0,0,1,0,,0,0,0,0,0,0,0,0,0,0,0
BEN,370043,370,43,1,1,1,1,1,0,0,0,0,1,1,0,1,0,2021,1,0,0,0,0,1,0,,0,0,0,0,0,0,0,0,0,0,0
BEN,370051,370,51,1,2,1,1,1,0,0,0,0,1,1,0,1,0,2021,0,0,0,0,0,0,0,,0,0,0,0,0,1,0,0,0,0,0
BEN,370059,370,59,1,1,1,1,1,0,0,1,1,0,1,0,0,0,2021,1,0,0,0,0,0,0,,0,0,0,0,0,0,0,0,0,0,0
BEN,370068,370,68,1,1,1,1,1,0,0,1,1,0,1,1,1,1,2021,1,0,0,0,0,1,0,,0,0,0,0,0,0,0,0,0,0,0
BEN,370084,370,84,1,1,1,1,1,0,0,0,1,0,1,1,1,0,2021,1,0,0,0,0,1,0,,0,0,0,0,0,0,0,0,0,0,0
BEN,370092,370,92,1,1,1,1,1,0,0,1,1,0,1,1,1,1,2021,1,0,0,0,0,1,0,,0,0,0,0,0,0,0,0,1,0,0
BEN,370125,370,125,1,1,1,1,1,0,0,1,1,0,1,1,1,0,2021,1,0,1,0,0,1,0,,10,7,0,0,0,0,0,0,0,0,0
BEN,371018,371,18,2,1,1,1,1,0,0,1,1,0,1,0,1,0,2021,0,0,0,0,0,0,0,,0,15,0,0,0,0,0,0,0,0,0
BEN,371030,371,30,2,3,1,1,1,0,0,1,1,0,1,0,1,0,2021,0,0,0,0,1,0,0,,0,0,0,0,0,0,0,0,0,0,0
BEN,371043,371,43,2,3,1,1,1,0,0,1,1,0,1,1,1,1,2021,1,0,0,0,0,1,0,,0,0,0,0,0,0,0,1,0,0,0
BEN,371068,371,68,2,4,1,1,1,0,0,0,1,0,1,0,0,0,2021,0,0,0,0,0,0,0,,0,0,0,0,0,0,0,0,0,0,0
BEN,371080,371,80,2,3,1,1,1,1,1,0,1,0,1,1,1,0,2021,0,0,0,0,0,1,0,,0,0,0,0,0,0,0,0,0,0,0
BEN,371093,371,93,2,1,1,1,1,0,0,0,1,0,1,1,0,0,2021,1,0,0,0,0,1,0,,0,0,0,0,0,0,0,1,0,0,0
BEN,371118,371,118,2,1,1,1,1,0,0,0,1,0,1,1,1,0,2021,1,0,0,0,0,1,0,,0,0,0,0,0,0,0,1,0,0,0
BEN,371130,371,130,2,2,1,1,1,0,0,0,1,0,1,0,1,0,2021,0,0,0,0,0,0,0,,0,0,0,0,0,0,0,0,0,0,0
BEN,371143,371,143,2,1,1,1,1,0,0,1,1,0,1,0,1,0,2021,0,0,0,0,0,1,0,,0,0,0,0,0,0,0,0,0,0,0
BEN,371168,371,168,2,4,1,1,1,0,0,0,1,0,1,0,0,0,2021,1,0,0,0,0,0,0,,0,0,0,0,0,0,0,0,0,0,0
BEN,371180,371,180,2,2,1,1,1,0,0,0,1,0,1,0,0,0,2021,1,0,0,0,0,1,0,,0,0,0,0,0,0,0,0,0,0,0
BEN,371193,371,193,2,4,1,1,1,0,0,0,1,0,1,0,0,0,2021,1,0,0,0,0,1,0,,0,0,0,0,0,0,0,0,0,0,0
BEN,372005,372,5,1,3,1,1,1,1,1,0,1,0,1,0,1,0,2021,1,0,0,0,0,1,0,,0,0,0,0,2,0,0,0,0,0,0
BEN,372013,372,13,1,2,1,1,1,0,0,0,0,1,0,0,0,0,2021,1,0,0,0,0,0,0,,0,6,0,0,0,0,0,1,0,0,0
BEN,372020,372,20,1,2,1,1,1,0,0,0,0,1,0,0,0,0,2021,1,0,0,0,0,1,0,1.0,0,0,0,0,0,0,0,0,0,0,0
BEN,372027,372,27,1,2,1,1,1,0,0,0,0,1,0,0,0,0,2021,1,0,0,0,0,0,0,,0,0,8,0,0,0,0,0,0,0,0
BEN,372034,372,34,1,1,1,1,1,1,1,0,0,0,1,0,0,0,2021,1,0,0,0,0,0,0,5.0,0,0,0,0,0,0,0,1,0,0,0
BEN,372042,372,42,1,1,1,1,1,0,0,0,1,0,1,0,0,0,2021,0,0,0,0,0,0,0,1.659999966621399,0,0,0,0,0,0,0,0,0,0,0
BEN,372049,372,49,1,3,1,1,1,1,0,0,0,1,1,0,0,0,2021,0,0,0,0,0,0,0,,0,0,0,0,0,0,0,0,1,0,0
BEN,372056,372,56,1,1,1,1,1,1,1,1,1,0,1,1,1,0,2021,1,0,0,0,0,0,0,4.95000022649765,0,0,0,0,0,0,0,0,0,0,0
BEN,372064,372,64,1,2,1,1,1,0,0,1,1,0,0,0,0,0,2021,0,0,0,0,0,0,0,3.5999999046325684,0,0,0,0,0,0,0,0,0,0,0
BEN,372071,372,71,1,2,1,1,1,0,0,1,1,0,0,0,0,0,2021,0,0,0,0,0,0,0,16.979999601840973,5,11,0,0,7,0,0,1,0,1,0
BEN,372078,372,78,1,4,1,1,1,0,0,0,0,1,0,0,0,0,2021,0,0,0,0,0,0,0,1.5679999589920044,0,3,0,0,8,0,0,1,0,1,0
BEN,372086,372,86,1,2,1,1,1,0,0,1,1,0,0,0,0,0,2021,0,0,0,0,0,0,0,2.5799999237060547,0,0,0,0,7,1,0,0,0,0,0
BEN,373009,373,9,2,2,1,1,1,0,0,0,0,0,0,0,0,0,2021,0,0,0,0,0,0,0,,0,5,0,0,0,0,0,1,1,0,0
BEN,373016,373,16,2,2,1,1,1,0,0,0,0,0,1,0,0,0,2021,0,0,0,0,0,0,0,0.5899999737739563,0,0,0,0,0,0,0,1,0,0,0
BEN,373022,373,22,2,2,1,1,0,0,0,0,0,1,1,0,0,0,2021,0,0,0,0,0,0,0,4.0,0,0,0,0,25,0,0,0,0,0,0
BEN,373036,373,36,2,3,1,1,1,0,0,0,0,1,1,0,0,0,2021,0,0,0,0,0,0,0,0.5699999928474426,0,0,0,0,0,0,0,1,0,0,0
BEN,373043,373,43,2,2,1,1,1,1,1,0,0,1,1,0,0,0,2021,0,0,0,0,0,0,0,3.5,0,0,0,0,20,0,0,0,0,0,0
BEN,373049,373,49,2,2,1,1,1,0,0,0,0,1,1,0,0,0,2021,0,0,0,0,0,0,0,3.0,0,0,0,0,25,0,0,1,0,0,0
BEN,373063,373,63,2,2,1,1,1,0,0,0,0,0,1,0,0,0,2021,0,0,0,0,0,0,0,1.8700000047683716,0,3,0,0,12,0,0,0,0,0,0
BEN,373069,373,69,2,2,1,1,1,0,0,0,0,0,1,0,0,0,2021,0,0,0,0,0,0,0,1.5600000023841858,0,40,0,0,0,0,0,1,0,0,0
BEN,373076,373,76,2,2,1,1,1,0,0,0,0,0,0,0,0,0,2021,0,0,0,0,0,0,0,1.590000033378601,0,5,0,0,40,1,0,0,0,0,0
BEN,373089,373,89,2,2,1,1,1,0,0,0,0,1,1,0,0,0,2021,0,0,0,0,0,0,0,0.9300000071525574,0,0,0,0,8,0,0,1,0,0,0
BEN,373096,373,96,2,2,1,1,1,0,0,0,0,1,1,0,0,0,2021,0,0,0,0,0,0,0,7.0,0,12,0,0,0,0,0,0,0,0,0
BEN,373103,373,103,2,2,1,1,1,0,0,0,0,0,1,0,0,0,2021,0,0,0,0,0,0,0,3.1299999952316284,40,35,0,0,60,0,0,0,0,1,0
BEN,374001,374,1,1,2,1,1,1,0,0,0,0,0,0,0,0,0,2021,0,0,0,0,0,0,0,1.9300000071525574,0,5,0,0,0,0,0,0,0,0,0
BEN,374008,374,8,1,2,1,1,1,0,0,0,0,0,1,0,0,0,2021,0,0,0,0,0,0,0,1.0600000023841858,0,0,0,0,6,0,0,1,0,0,0
BEN,374016,374,16,1,2,1,1,1,0,0,0,0,0,0,0,0,0,2021,0,0,0,0,0,0,0,3.2933311462402344,0,15,0,0,9,0,0,0,0,0,0
BEN,374023,374,23,1,2,1,1,1,0,0,0,0,0,0,0,0,0,2021,0,0,0,0,0,0,0,0.7103899884968996,30,20,0,0,9,0,0,1,0,0,0
BEN,374031,374,31,1,2,1,1,1,0,0,0,0,1,1,0,0,0,2021,0,0,0,0,0,0,0,2.0629999935626984,0,0,0,0,5,0,0,1,0,0,0
BEN,374038,374,38,1,2,1,1,0,0,0,0,0,1,0,0,0,0,2021,0,0,0,0,0,0,0,5.429999947547913,0,15,0,0,18,0,0,0,0,0,0
BEN,374046,374,46,1,2,1,1,1,0,0,0,0,1,0,0,0,0,2021,0,0,0,0,0,0,0,7.120000123977661,12,17,0,0,45,0,0,1,0,1,0
BEN,374053,374,53,1,2,1,1,1,0,0,0,0,1,0,0,0,0,2021,0,0,0,0,0,0,0,2.7930000126361847,32,34,0,0,29,0,0,0,0,0,0
BEN,374060,374,60,1,2,1,1,1,1,1,0,0,1,1,0,0,0,2021,0,0,0,0,0,0,0,3.0,0,8,0,0,3,0,0,0,1,0,0
BEN,374068,374,68,1,2,1,1,1,0,0,0,0,1,1,0,0,0,2021,0,0,0,0,0,0,0,1.2999999523162842,0,0,0,0,57,0,0,1,0,0,0
BEN,374075,374,75,1,2,1,1,1,0,0,0,0,1,1,0,0,0,2021,0,0,0,0,0,0,0,5.420000076293945,0,5,0,0,0,0,0,0,0,0,0
BEN,374083,374,83,1,2,1,1,1,0,0,0,0,0,1,0,0,0,2021,0,0,0,0,0,0,0,3.5037230253219604,0,0,0,0,0,1,0,0,0,0,0
BEN,375005,375,5,2,2,1,1,1,0,0,0,1,0,1,1,0,0,2021,0,0,0,0,0,0,0,0.8899999856948853,0,0,0,0,9,0,0,1,0,0,0
BEN,375011,375,11,2,2,1,1,1,0,0,0,0,1,1,0,0,0,2021,0,0,0,0,0,0,0,0.045118000358343124,0,0,0,0,15,0,0,0,0,0,0
BEN,375024,375,24,2,2,1,1,1,0,0,1,1,0,0,0,0,0,2021,0,0,0,0,0,0,0,4.0899999141693115,0,12,0,0,15,0,0,0,0,0,0
BEN,375030,375,30,2,2,1,1,1,0,0,0,0,1,1,0,0,0,2021,0,0,0,0,0,0,0,1.2200000286102295,0,0,0,0,0,0,0,1,0,0,0
BEN,375036,375,36,2,2,1,1,1,0,0,0,0,0,1,0,0,0,2021,0,0,0,0,0,0,0,0.8600000143051147,0,0,0,0,0,0,0,1,0,0,0
BEN,375049,375,49,2,2,1,1,1,0,0,1,1,0,0,0,0,0,2021,1,0,0,0,0,0,0,2.0,0,0,0,0,0,0,0,0,0,0,0
BEN,375055,375,55,2,2,1,1,1,0,0,0,1,0,1,0,0,0,2021,0,0,0,0,0,0,0,0.017805000767111778,0,8,0,0,0,0,0,0,0,0,0
BEN,375061,375,61,2,2,1,1,1,0,0,1,1,0,0,0,0,0,2021,0,0,0,0,0,0,0,2.350000023841858,0,1,0,0,0,0,0,0,0,1,0
BEN,375074,375,74,2,2,1,1,1,0,0,0,0,1,1,0,0,0,2021,0,0,0,0,0,0,0,0.9599999785423279,0,0,0,0,0,0,0,0,0,0,0
BEN,375080,375,80,2,2,1,1,1,0,0,0,1,0,1,0,0,0,2021,1,0,0,0,0,0,0,,0,0,0,0,13,0,0,0,0,0,0
BEN,375086,375,86,2,2,1,1,1,0,0,0,1,0,1,0,0,0,2021,0,0,0,0,0,0,0,0.06495499983429909,0,0,0,0,0,0,0,0,0,0,0
BEN,375099,375,99,2,2,1,1,1,0,0,1,1,0,0,0,0,0,2021,0,0,0,0,0,0,0,1.5,0,0,0,0,0,0,0,0,0,0,0
BEN,376001,376,1,1,2,1,1,1,0,0,0,0,0,0,0,0,0,2021,0,0,0,0,0,0,0,0.3002470135688782,30,0,0,0,25,0,1,0,0,0,0
BEN,376008,376,8,1,1,1,1,0,0,1,0,0,0,0,0,0,0,2021,0,0,0,0,0,0,0,2.0899999141693115,0,0,0,0,0,0,0,1,0,0,0
BEN,376015,376,15,1,2,1,1,1,0,0,0,0,0,0,0,0,0,2021,0,0,0,0,0,0,0,2.520541489124298,0,0,0,0,0,0,0,0,0,1,0
BEN,376022,376,22,1,2,1,1,1,0,0,0,0,0,0,0,0,0,2021,0,0,0,0,0,0,0,1.061079002916813,0,0,0,0,0,0,0,0,0,0,0
BEN,376029,376,29,1,4,1,1,0,0,0,0,0,0,0,0,0,0,2021,0,0,0,0,0,0,0,1.899999976158142,0,0,0,0,0,0,1,0,0,0,0
BEN,376036,376,36,1,2,1,1,1,0,0,0,0,1,1,0,0,0,2021,0,0,0,0,0,0,0,2.5,0,7,0,0,25,0,0,0,0,0,0
BEN,376043,376,43,1,2,1,1,0,0,0,0,0,0,0,0,0,0,2021,0,0,0,0,0,0,0,1.600000023841858,0,0,0,0,0,0,0,1,0,0,0
BEN,376050,376,50,1,2,1,1,1,0,0,0,0,1,1,0,0,0,2021,0,0,0,0,0,0,0,2.0,0,8,0,0,13,1,0,0,0,0,0
BEN,376057,376,57,1,2,1,1,1,0,0,0,0,0,0,0,0,0,2021,0,0,0,0,0,0,0,0.09206699766218662,0,12,0,0,0,0,0,0,0,0,0
BEN,376064,376,64,1,2,1,1,1,0,0,0,0,1,1,0,0,0,2021,0,0,0,0,0,0,0,2.5,0,5,0,0,25,0,0,0,0,0,0
BEN,376070,376,70,1,4,1,1,0,0,0,0,0,0,0,0,0,0,2021,0,0,0,0,0,0,0,2.7200000286102295,0,0,0,0,0,0,0,0,0,0,0
BEN,376077,376,77,1,2,1,1,1,0,0,0,0,1,0,0,0,0,2021,0,0,0,0,0,0,0,1.25,0,0,0,0,23,0,0,1,0,0,0
BEN,377013,377,13,2,2,1,1,1,0,0,0,0,0,0,0,0,0,2021,0,0,0,0,0,0,0,1.9300000667572021,0,0,0,0,0,0,0,0,0,0,0
BEN,377023,377,23,2,2,1,1,1,0,0,0,0,0,0,0,0,0,2021,0,0,0,0,0,0,0,1.8300000429153442,0,0,0,0,0,0,0,0,0,0,0
BEN,377034,377,34,2,2,1,1,1,0,0,0,0,1,0,0,0,0,2021,0,0,0,0,0,0,0,1.6799999475479126,0,0,0,0,0,0,0,0,0,0,0
BEN,377054,377,54,2,2,1,1,1,0,0,0,0,1,0,0,0,0,2021,0,0,0,0,0,0,0,2.2584999203681946,0,0,0,0,0,0,0,1,0,1,0
BEN,377065,377,65,2,2,1,1,1,0,0,0,0,1,0,0,0,0,2021,0,0,0,0,0,0,0,6.234500050544739,0,0,0,0,0,0,0,1,0,0,0
BEN,377075,377,75,2,2,1,1,1,1,1,0,0,1,0,0,0,0,2021,0,0,0,0,0,0,0,2.4482999444007874,0,0,0,0,0,0,0,1,0,0,0
BEN,377096,377,96,2,2,1,1,1,1,1,0,0,1,0,0,0,0,2021,0,0,0,0,0,0,0,2.5123000144958496,0,0,0,0,0,0,0,1,0,0,0
BEN,377106,377,106,2,2,1,1,1,0,0,0,0,1,0,0,0,0,2021,0,0,0,0,0,0,0,1.75,0,0,0,0,0,0,0,1,0,0,0
BEN,377116,377,116,2,2,1,1,1,0,0,0,0,1,0,0,0,0,2021,0,0,0,0,0,0,0,1.5230000019073486,0,0,0,0,0,0,0,1,0,0,0
BEN,377137,377,137,2,2,1,1,1,1,1,0,0,1,0,0,0,0,2021,0,0,0,0,0,0,0,2.0230000019073486,0,0,0,0,0,0,0,1,0,0,0
BEN,377147,377,147,2,2,1,1,0,1,1,0,0,1,0,0,1,0,2021,0,0,0,0,0,0,0,4.598299920558929,0,0,0,0,0,0,0,0,0,0,0
BEN,377157,377,157,2,2,1,1,1,0,0,0,0,0,0,0,0,0,2021,0,0,0,0,0,0,0,2.009999930858612,0,0,0,0,0,0,0,0,0,0,0
BEN,378005,378,5,1,2,1,1,0,1,1,0,0,0,0,0,0,0,2021,0,0,0,0,0,0,0,,0,36,0,0,0,0,0,1,0,0,0
BEN,378012,378,12,1,2,1,1,0,0,0,0,0,0,0,0,0,0,2021,0,0,0,0,0,0,0,3.850000023841858,0,0,0,0,23,0,0,0,0,0,0
BEN,378019,378,19,1,2,1,0,0,1,1,0,0,1,0,0,0,0,2021,0,0,0,0,0,0,0,0.9153429865837097,15,0,0,0,0,0,0,0,0,0,0
BEN,378026,378,26,1,2,1,1,1,0,0,0,0,0,0,0,0,0,2021,0,0,0,0,0,0,0,3.0600000619888306,0,0,0,0,0,0,0,0,0,0,0
BEN,378033,378,33,1,2,1,1,1,0,0,0,0,1,0,0,0,0,2021,0,0,0,0,0,0,0,2.7799999713897705,0,0,18,0,23,0,0,0,0,0,0
BEN,378040,378,40,1,2,1,1,1,1,1,0,0,1,0,0,0,0,2021,0,0,0,0,0,0,0,1.0271179974079132,0,0,0,0,0,0,0,0,0,0,0
BEN,378047,378,47,1,2,1,1,1,1,1,0,0,1,0,0,0,0,2021,0,0,0,0,0,0,0,2.5394716411828995,0,30,0,0,0,0,0,1,0,1,0
BEN,378055,378,55,1,2,1,1,1,1,1,0,0,1,0,0,0,0,2021,0,0,0,0,0,0,0,0.8772919774055481,0,0,0,0,0,0,0,0,0,0,0
BEN,378062,378,62,1,4,1,1,0,1,1,0,0,0,0,0,0,0,2021,0,0,0,0,0,0,0,2.6600000858306885,0,0,0,0,0,1,0,1,0,0,0
BEN,378069,378,69,1,4,1,1,0,1,1,0,0,0,0,0,0,0,2021,0,0,0,0,0,0,0,1.0080000162124634,0,0,0,0,0,1,0,1,0,0,0
BEN,378076,378,76,1,2,1,1,1,0,0,0,0,0,1,0,0,0,2021,0,0,0,0,0,0,0,1.9199999570846558,0,0,0,0,0,0,0,0,0,0,0
BEN,378083,378,83,1,4,1,1,0,0,0,0,0,0,0,0,0,0,2021,0,0,0,0,0,0,0,1.0069999694824219,0,0,0,0,0,0,1,1,0,0,0
BEN,379007,379,7,2,2,1,1,1,0,0,0,0,0,0,0,0,0,2021,0,0,0,0,0,0,0,3.819999933242798,25,13,0,0,14,0,0,0,0,0,0
BEN,379022,379,22,2,2,1,1,0,0,0,0,0,1,0,0,0,0,2021,0,0,0,0,0,0,0,1.0174800008535385,0,0,0,0,0,1,0,0,0,0,0
BEN,379030,379,30,2,2,1,1,0,0,0,0,0,1,0,0,0,0,2021,0,0,0,0,0,0,0,,0,0,0,0,0,0,0,0,0,0,0
BEN,379037,379,37,2,2,1,1,1,0,0,0,0,1,0,0,0,0,2021,0,0,0,0,0,0,0,1.2999999523162842,0,0,0,0,0,0,0,1,0,0,0
BEN,379052,379,52,2,2,1,1,1,0,0,0,0,0,0,0,0,0,2021,0,0,0,0,0,0,0,1.3399999737739563,0,0,0,0,0,0,0,0,0,0,0
BEN,379059,379,59,2,2,1,1,1,0,0,0,0,0,0,0,0,0,2021,0,0,0,0,0,0,0,1.1399999856948853,0,0,0,0,0,0,0,0,0,0,0
BEN,379066,379,66,2,2,1,1,1,0,0,0,0,0,0,0,0,0,2021,0,0,0,0,0,0,0,2.159999966621399,0,0,0,0,21,0,0,0,0,0,0
BEN,379081,379,81,2,4,1,1,1,0,0,0,0,0,0,0,0,0,2021,0,0,0,0,0,0,0,1.5440000295639038,0,0,0,0,0,0,0,1,0,0,0
BEN,379089,379,89,2,2,1,1,1,0,0,0,0,1,0,0,0,0,2021,0,0,0,0,0,0,0,1.8173500299453735,0,0,0,0,0,0,0,0,0,0,0
BEN,379096,379,96,2,4,1,1,1,0,0,0,0,1,0,0,0,0,2021,0,0,0,0,0,0,0,1.023169994354248,0,0,0,0,0,0,0,0,0,0,0
BEN,379111,379,111,2,2,1,1,1,0,0,0,0,1,0,0,0,0,2021,0,0,0,0,0,0,0,2.0449999570846558,0,0,0,0,0,0,0,1,0,0,0
BEN,379118,379,118,2,2,1,1,1,0,0,0,0,1,0,0,0,0,2021,0,0,0,0,0,0,0,1.6129999160766602,0,0,0,0,0,0,0,1,0,0,0
BEN,380008,380,8,1,2,0,1,1,0,0,0,0,0,0,0,0,0,2021,0,0,0,0,0,0,0,2.0671199560165405,8,10,0,0,8,0,0,1,0,0,0
BEN,380024,380,24,1,2,1,1,1,0,0,0,0,0,0,0,0,0,2021,0,0,0,0,0,0,0,,0,0,0,0,0,0,0,0,0,0,0
BEN,380040,380,40,1,2,0,1,1,0,0,1,1,0,0,0,0,0,2021,0,0,0,0,0,0,0,2.7635199427604675,25,37,0,0,5,0,1,1,0,0,0
BEN,380056,380,56,1,2,1,1,1,0,0,0,0,1,0,0,0,0,2021,0,0,0,0,0,0,0,2.169380009174347,0,0,4,0,0,1,0,1,0,0,0
BEN,380072,380,72,1,2,1,1,1,0,0,0,0,0,0,0,0,0,2021,0,0,0,0,0,0,0,,0,0,0,0,0,0,0,1,0,0,0
BEN,380088,380,88,1,2,0,0,0,0,0,0,0,0,0,0,0,0,2021,0,0,0,0,0,0,0,1.2380000352859497,200,5,0,0,5,0,0,1,0,0,0
BEN,380104,380,104,1,1,1,1,1,0,0,0,0,1,0,0,0,0,2021,0,0,0,0,0,0,0,2.412000060081482,0,120,0,0,5,0,1,1,0,0,0
BEN,380120,380,120,1,2,1,1,1,0,0,0,1,0,0,0,0,0,2021,0,0,0,0,0,0,0,,0,0,0,0,0,0,0,1,1,0,0
BEN,380136,380,136,1,2,1,1,1,0,0,0,0,1,0,0,0,0,2021,0,0,0,0,0,0,0,4.563000023365021,10,30,0,0,70,1,0,1,0,0,0
BEN,380152,380,152,1,2,1,1,1,0,0,0,0,0,0,0,0,0,2021,0,0,0,0,0,0,0,1.25,10,8,0,0,0,0,0,1,0,1,0
BEN,380168,380,168,1,2,1,1,1,0,0,0,0,1,0,0,0,0,2021,0,0,0,0,0,0,0,3.510300040245056,9,8,0,0,40,1,0,1,0,0,0
BEN,380184,380,184,1,2,1,1,1,0,0,0,0,0,1,0,0,0,2021,0,0,0,0,0,0,0,0.847000002861023,0,0,0,0,0,0,0,1,0,0,0
BEN,381005,381,5,1,4,1,1,0,0,0,0,0,0,0,0,0,0,2021,0,0,0,0,0,0,0,1.5366541147232056,0,0,0,0,10,0,0,0,0,0,0
BEN,381014,381,14,1,4,0,1,0,0,0,0,0,0,0,0,0,0,2021,0,0,0,0,0,0,0,,0,0,0,0,0,0,0,1,0,0,0
BEN,381022,381,22,1,4,0,1,0,0,0,0,0,0,0,0,0,0,2021,0,0,0,0,0,0,0,,0,0,0,0,0,1,0,1,0,0,0
BEN,381031,381,31,1,2,1,1,1,0,0,0,1,0,0,0,0,0,2021,0,0,0,0,0,0,0,3.7168874740600586,0,0,0,0,40,0,0,0,0,0,0
BEN,381039,381,39,1,2,1,1,0,0,0,1,1,0,1,0,0,0,2021,0,0,0,0,0,0,0,1.5,0,0,0,0,0,0,0,1,0,0,0
BEN,381048,381,48,1,2,1,1,1,0,0,1,0,1,1,1,1,0,2021,0,0,0,0,0,0,0,0.75,0,0,0,0,34,0,0,1,0,0,0
BEN,381056,381,56,1,3,1,1,1,0,0,0,0,1,1,0,0,0,2021,0,0,0,0,0,0,0,,0,10,4,0,0,0,0,0,0,0,0
BEN,381064,381,64,1,2,1,1,1,0,0,0,1,0,1,0,0,0,2021,0,0,0,0,0,0,0,1.1889300346374512,0,8,0,0,0,1,0,0,0,0,0
BEN,381081,381,81,1,2,1,1,0,0,0,0,0,0,0,0,0,0,2021,0,0,0,0,0,0,0,,0,0,0,0,0,0,1,0,0,1,0
BEN,381090,381,90,1,1,1,1,0,0,0,0,0,0,0,0,0,0,2021,0,0,0,0,0,0,0,4.25,0,0,0,0,0,0,0,1,0,0,0
BEN,381098,381,98,1,2,1,1,1,0,0,1,1,0,1,0,0,0,2021,0,0,0,0,0,0,0,,0,0,0,0,0,0,0,1,0,0,0
BEN,382005,382,5,2,2,1,1,1,0,0,1,1,0,1,0,0,0,2021,0,0,0,0,0,0,0,4.110000014305115,0,0,0,0,0,0,0,0,0,0,0
BEN,382011,382,11,2,2,1,1,1,0,0,1,1,0,1,0,0,0,2021,0,0,0,0,0,0,0,1.3600000143051147,0,0,0,0,0,0,0,0,0,0,0
BEN,382024,382,24,2,2,1,1,1,0,0,0,0,0,1,0,0,0,2021,0,0,0,0,0,0,0,3.0,0,0,0,0,12,0,0,0,0,0,0
BEN,382030,382,30,2,2,1,1,1,0,0,0,0,1,1,1,1,0,2021,0,0,0,0,0,0,0,0.5400000214576721,0,0,0,0,0,0,0,1,0,0,0
BEN,382037,382,37,2,2,1,1,1,0,0,0,0,1,1,0,0,0,2021,0,0,0,0,0,0,0,5.699999809265137,5,0,0,0,0,0,0,0,0,0,0
BEN,382049,382,49,2,2,1,1,1,0,0,0,0,0,1,0,0,0,2021,1,0,0,0,0,1,0,3.309999942779541,0,12,0,0,10,0,0,0,0,0,0
BEN,382056,382,56,2,2,1,1,1,0,0,0,1,0,1,0,0,0,2021,0,0,0,0,0,0,0,1.9700000286102295,0,0,0,0,0,0,0,1,0,0,0
BEN,382062,382,62,2,2,1,1,1,0,0,1,1,0,0,1,1,0,2021,0,0,0,0,0,0,0,2.9700000286102295,0,0,0,0,0,0,0,1,0,0,0
BEN,382075,382,75,2,2,1,1,1,0,0,0,0,1,1,0,0,0,2021,0,0,0,0,0,0,0,0.01003399956971407,0,0,0,0,0,0,0,0,0,0,0
BEN,382081,382,81,2,2,1,1,1,0,0,0,1,0,0,1,1,0,2021,0,0,0,0,0,0,0,1.3300000429153442,0,0,0,0,0,0,0,1,0,0,0
BEN,382088,382,88,2,2,1,1,1,0,0,0,0,0,1,0,0,0,2021,0,0,0,0,0,0,0,1.1200000047683716,0,0,0,0,0,0,0,0,0,0,0
BEN,382100,382,100,2,1,1,1,0,0,0,0,0,1,1,0,0,0,2021,0,0,0,0,0,0,0,0.0102530000731349,0,12,0,0,0,0,0,0,0,0,0
BEN,383005,383,5,1,2,1,1,1,0,0,0,0,0,1,0,0,0,2021,0,0,0,0,0,0,0,2.3099999129772186,0,18,0,0,24,1,1,0,0,0,0
BEN,383009,383,9,1,2,1,1,1,0,0,0,1,0,1,0,0,0,2021,1,0,0,0,0,0,0,3.350000023841858,0,0,0,0,15,1,0,0,0,1,0
BEN,383013,383,13,1,2,1,1,1,0,0,0,0,1,1,0,0,0,2021,0,0,0,0,0,0,0,4.279999956488609,4,10,0,0,25,0,1,0,0,1,0
BEN,383018,383,18,1,2,1,1,1,0,0,0,0,0,1,0,0,0,2021,0,0,0,0,0,0,0,3.7499999701976776,0,0,0,0,0,0,0,1,0,1,0
BEN,383022,383,22,1,1,1,1,0,1,1,0,0,0,0,0,0,0,2021,0,0,0,0,0,0,0,0.7750000059604645,0,0,0,0,25,0,0,1,0,0,0
BEN,383026,383,26,1,1,1,1,1,1,1,0,0,1,0,0,0,0,2021,0,0,0,0,0,0,0,,0,0,0,0,0,0,0,1,1,0,0
BEN,383031,383,31,1,1,1,1,1,0,0,0,0,1,0,0,0,0,2021,0,0,0,0,0,0,0,1.25,0,0,0,0,0,0,0,1,0,0,0
BEN,383035,383,35,1,1,1,1,0,1,1,0,0,1,0,0,0,0,2021,0,0,0,0,0,0,0,,0,0,0,0,23,1,0,1,0,0,0
BEN,383039,383,39,1,1,1,1,1,0,0,0,0,0,0,0,0,0,2021,0,0,0,0,0,0,0,1.0305139999836683,0,0,0,0,0,0,0,1,0,0,0
BEN,383043,383,43,1,1,1,1,1,0,0,0,0,0,1,0,0,0,2021,0,0,0,0,0,0,0,0.4000000059604645,0,0,0,0,0,0,0,1,1,0,0
BEN,383048,383,48,1,1,1,1,1,0,0,0,0,0,0,0,0,0,2021,0,0,0,0,0,0,0,0.5539999902248383,0,0,0,0,0,0,0,1,0,0,0
BEN,383052,383,52,1,1,1,1,1,0,0,0,0,0,0,0,0,0,2021,0,0,0,0,0,0,0,0.4000000059604645,0,7,0,0,0,0,0,1,1,0,0
BEN,384001,384,1,2,2,1,1,1,0,0,0,0,0,0,0,0,0,2021,0,0,0,0,0,0,0,2.319999933242798,0,0,0,0,0,0,0,0,0,0,0
BEN,384010,384,10,2,2,1,1,1,0,0,0,0,1,0,0,0,0,2021,0,0,0,0,0,0,0,1.199999988079071,20,17,0,0,21,0,0,0,0,0,0
BEN,384030,384,30,2,4,1,1,1,0,0,0,0,0,0,0,0,0,2021,0,0,0,0,0,0,0,3.2244000136852264,0,0,0,0,0,0,0,0,0,0,0
BEN,384035,384,35,2,2,1,1,1,0,0,0,0,1,0,0,0,0,2021,0,0,0,0,0,0,0,2.2322999835014343,0,15,0,0,0,0,0,1,0,0,0
BEN,384059,384,59,2,2,1,1,1,0,0,0,0,1,1,0,0,0,2021,0,0,0,0,0,0,0,4.240000009536743,18,6,0,0,12,0,0,0,0,0,0
BEN,384068,384,68,2,4,1,1,1,0,0,0,0,1,0,0,0,0,2021,0,0,0,0,0,0,0,1.9095999896526337,0,0,0,0,0,0,0,1,0,0,0
BEN,384078,384,78,2,4,1,1,1,0,0,0,0,1,0,0,0,0,2021,0,0,0,0,0,0,0,2.4099000096321106,0,0,0,0,0,0,0,0,0,0,0
BEN,384097,384,97,2,2,1,1,1,0,0,0,0,1,0,0,0,0,2021,0,0,0,0,0,0,0,2.3100000619888306,0,0,0,0,0,0,0,0,0,0,0
BEN,384107,384,107,2,2,1,1,1,0,0,0,0,1,0,0,0,0,2021,0,0,0,0,0,0,0,1.75,0,0,0,0,0,0,0,1,0,0,0
BEN,384116,384,116,2,1,1,1,1,0,0,0,0,1,1,0,0,0,2021,0,0,0,0,0,0,0,2.0,0,2,0,0,38,0,0,1,0,0,0
BEN,384136,384,136,2,2,1,1,1,0,0,0,0,1,0,0,0,0,2021,0,0,0,0,0,0,0,3.0,0,0,0,0,0,0,0,1,0,0,0
BEN,384145,384,145,2,2,1,1,1,0,0,0,0,1,0,0,0,0,2021,0,0,0,0,0,0,0,2.0,0,0,0,0,0,0,0,1,0,0,0
BEN,385005,385,5,1,2,1,1,1,0,0,1,1,0,1,0,0,0,2021,0,0,0,0,0,0,0,2.079999953508377,0,0,0,0,8,0,0,1,0,0,0
BEN,385011,385,11,1,2,1,1,1,0,0,0,1,0,1,0,0,0,2021,0,0,0,0,0,0,0,3.040000081062317,0,0,0,0,2,0,0,1,0,0,0
BEN,385017,385,17,1,2,1,1,1,0,0,1,1,0,1,0,0,0,2021,0,0,0,0,0,0,0,4.350000023841858,4,3,0,0,35,0,0,1,0,1,0
BEN,385023,385,23,1,3,1,1,1,0,0,1,1,0,1,0,0,0,2021,1,0,0,0,0,0,0,,0,0,0,0,0,0,0,0,0,0,0
BEN,385029,385,29,1,1,1,1,1,0,0,0,0,1,1,0,0,0,2021,0,0,0,0,0,0,0,0.20000000298023224,0,0,0,0,0,0,0,1,0,0,0
BEN,385035,385,35,1,2,1,1,1,0,0,0,0,0,0,0,0,0,2021,0,0,0,0,0,0,0,0.6500000059604645,0,0,0,0,0,0,0,1,0,0,0
BEN,385041,385,41,1,1,1,1,1,0,0,0,1,0,1,0,0,0,2021,0,0,0,0,0,0,0,2.0,0,6,0,0,0,0,0,1,0,0,0
BEN,385046,385,46,1,1,1,1,1,0,0,1,1,0,1,0,0,0,2021,0,0,0,0,0,0,0,,0,0,0,0,0,0,0,1,0,0,0
BEN,385052,385,52,1,1,1,1,1,0,0,0,0,0,0,0,0,0,2021,0,0,0,0,0,0,0,,0,32,0,0,30,0,0,1,0,0,0
BEN,385058,385,58,1,1,1,1,1,0,0,1,0,1,0,0,0,0,2021,0,0,0,0,0,0,0,,0,0,0,0,0,0,0,1,1,0,0
BEN,385064,385,64,1,1,1,1,1,0,0,0,0,0,0,0,0,0,2021,0,0,0,0,0,0,0,0.2611500024795532,0,0,0,0,0,0,0,1,1,1,0
BEN,385070,385,70,1,3,1,1,1,1,1,1,1,0,0,0,0,0,2021,0,0,0,0,0,0,0,,0,0,0,0,0,0,0,0,0,0,0
BEN,386011,386,11,2,4,1,1,1,1,1,0,0,1,0,0,0,0,2021,0,0,0,0,0,0,0,,0,0,0,0,0,0,0,0,0,0,0
BEN,386027,386,27,2,4,1,1,1,1,1,0,0,0,0,0,0,0,2021,0,0,0,0,0,0,0,,0,0,0,0,0,0,0,0,0,0,0
BEN,386044,386,44,2,2,1,1,1,1,1,0,0,1,0,0,0,0,2021,0,0,0,0,0,0,0,14.393200039863586,0,0,0,0,0,0,0,0,0,0,0
BEN,386077,386,77,2,2,1,1,1,0,0,0,0,0,0,0,0,0,2021,0,0,0,0,0,0,0,2.0123000144958496,0,0,0,0,0,0,0,1,0,1,0
BEN,386094,386,94,2,2,1,1,0,0,0,0,0,0,0,0,0,0,2021,0,0,0,0,0,0,0,1.0012399852275848,0,0,0,0,0,0,1,0,0,0,0
BEN,386111,386,111,2,2,1,1,1,0,0,0,0,0,0,0,0,0,2021,0,0,0,0,0,0,0,1.0123000144958496,11,2,0,0,0,0,1,0,0,0,0
BEN,386144,386,144,2,1,1,1,1,0,0,0,0,0,0,0,0,0,2021,0,0,0,0,0,0,0,0.75,18,0,0,0,0,0,0,0,0,0,0
BEN,386160,386,160,2,4,1,1,1,0,0,0,0,0,0,0,0,0,2021,0,0,0,0,0,0,0,,0,0,0,0,0,0,0,0,0,0,0
BEN,386177,386,177,2,2,1,1,1,0,0,0,0,1,0,0,0,0,2021,0,0,0,0,0,0,0,2.5399999618530273,23,14,0,0,22,0,0,0,0,0,0
BEN,386210,386,210,2,2,1,1,1,0,0,0,0,1,0,0,0,0,2021,0,0,0,0,0,0,0,1.1899999976158142,14,15,0,0,0,0,0,0,0,0,0
BEN,386227,386,227,2,2,1,1,1,0,0,0,0,1,0,0,0,0,2021,0,0,0,0,0,0,0,3.100000023841858,15,0,0,0,6,0,0,0,0,0,0
BEN,386244,386,244,2,2,1,1,1,0,0,0,0,1,0,0,0,0,2021,0,0,0,0,0,0,0,1.60999995470047,21,15,0,0,0,0,0,0,0,0,0
BEN,387006,387,6,2,2,1,1,1,0,0,0,0,1,0,0,0,0,2021,0,0,0,0,0,0,0,3.122999906539917,0,9,0,0,13,0,0,0,0,0,0
BEN,387017,387,17,2,1,1,1,1,0,0,0,0,1,0,0,0,0,2021,0,0,0,0,0,0,0,2.25,0,0,0,0,0,0,0,0,1,0,0
BEN,387022,387,22,2,4,1,1,1,0,0,0,0,1,0,0,0,0,2021,0,0,0,0,0,0,0,0.9589000046253204,0,0,0,0,0,0,0,0,0,0,0
BEN,387023,387,23,2,4,1,1,1,1,1,0,0,1,0,0,0,0,2021,0,0,0,0,0,0,0,1.9475000500679016,0,0,0,0,0,0,0,0,0,0,0
BEN,387039,387,39,2,2,1,1,1,0,0,0,0,1,1,0,0,0,2021,0,0,0,0,0,0,0,1.012399971485138,0,8,0,0,45,0,0,1,0,0,0
BEN,387040,387,40,2,2,1,1,1,0,0,0,0,1,0,0,0,0,2021,0,0,0,0,0,0,0,2.0399999618530273,0,0,0,0,0,0,0,0,0,0,0
BEN,387050,387,50,2,2,1,1,1,0,0,0,0,1,0,0,0,0,2021,0,0,0,0,0,0,0,3.6399998664855957,0,0,0,0,0,0,0,0,0,0,0
BEN,387065,387,65,2,2,1,1,1,0,0,0,0,1,0,0,0,0,2021,0,0,0,0,0,0,0,1.5235199630260468,0,0,0,0,0,0,0,1,0,0,0
BEN,387067,387,67,2,2,1,1,1,0,0,0,0,1,0,0,0,0,2021,0,0,0,0,0,0,0,2.0399999618530273,12,0,0,0,0,0,0,0,0,0,0
BEN,387073,387,73,2,2,1,1,1,0,0,0,0,1,0,0,0,0,2021,0,0,0,0,0,0,0,6.532100021839142,0,0,0,0,0,0,0,1,0,0,0
BEN,387084,387,84,2,4,1,1,1,1,1,0,0,0,0,0,0,0,2021,0,0,0,0,0,0,0,0.7237000167369843,0,0,0,0,0,1,0,0,0,0,0
BEN,387089,387,89,2,2,1,1,1,0,0,0,0,1,0,0,0,0,2021,0,0,0,0,0,0,0,1.2334000170230865,0,0,0,0,0,0,0,0,0,0,0
BEN,388002,388,2,1,2,1,1,1,0,0,1,1,0,1,0,0,0,2021,0,0,0,0,0,0,0,0.8700000196695328,0,9,0,0,10,0,0,1,0,1,0
BEN,388009,388,9,1,2,1,1,1,1,1,0,0,1,0,0,0,0,2021,1,0,0,0,0,0,0,2.5299999713897705,0,0,0,0,0,0,1,1,0,1,0
BEN,388015,388,15,1,2,1,1,1,0,0,0,1,0,1,0,0,0,2021,1,0,0,0,0,1,0,1.9399999976158142,0,0,0,0,0,0,0,0,0,0,0
BEN,388022,388,22,1,2,1,1,1,0,0,1,1,0,1,0,0,0,2021,0,0,0,0,0,0,0,2.5500000417232513,0,4,0,0,14,0,0,0,0,0,0
BEN,388029,388,29,1,1,1,1,1,0,0,0,0,1,1,0,0,0,2021,0,0,0,0,0,0,0,,0,0,0,0,0,0,0,1,0,0,0
BEN,388035,388,35,1,1,1,1,1,0,0,0,0,1,1,0,0,0,2021,0,0,0,0,0,0,0,1.0,0,0,0,0,0,1,0,1,0,0,0
BEN,388042,388,42,1,1,1,1,1,1,1,0,0,1,1,0,0,0,2021,0,0,0,0,0,0,0,2.0,0,0,0,0,0,0,0,1,0,0,0
BEN,388049,388,49,1,1,1,1,1,1,1,0,0,1,1,0,0,0,2021,0,0,0,0,0,0,0,,0,0,0,0,0,0,0,0,0,0,0
BEN,388056,388,56,1,1,1,1,1,0,0,0,0,0,0,0,0,0,2021,0,0,0,0,0,0,0,0.6199999898672104,0,0,0,0,0,0,0,1,0,0,0
BEN,388062,388,62,1,1,1,1,1,0,0,1,0,1,0,0,0,0,2021,0,0,0,0,0,0,0,,0,0,0,0,0,0,0,1,0,0,0
BEN,388069,388,69,1,1,1,1,1,0,0,0,0,0,0,0,0,0,2021,0,0,0,0,0,0,0,,0,0,0,0,0,0,0,1,0,0,0
BEN,388076,388,76,1,1,1,1,1,0,0,0,0,0,0,0,0,0,2021,0,0,0,0,0,0,0,1.0,0,0,0,0,0,0,0,1,0,0,0
BEN,389002,389,2,1,2,1,1,1,1,1,0,0,0,0,1,0,0,2021,0,0,0,0,0,0,0,,0,0,0,0,0,0,0,0,0,0,0
BEN,389020,389,20,1,1,1,1,1,1,1,1,1,0,0,1,0,0,2021,0,0,0,0,0,0,0,,0,0,0,0,0,0,0,0,0,0,0
BEN,389039,389,39,1,4,1,1,1,1,1,1,1,0,1,0,1,0,2021,1,0,0,0,1,0,0,,0,0,0,0,15,0,1,0,0,0,0
BEN,389057,389,57,1,4,1,1,1,1,1,1,1,0,1,0,1,0,2021,1,0,0,0,0,0,0,,0,0,0,0,0,0,0,0,0,0,0
BEN,389076,389,76,1,3,1,1,1,1,1,1,1,0,1,1,0,0,2021,1,0,0,0,0,0,0,,0,0,0,0,0,0,0,1,0,0,0
BEN,389149,389,149,1,3,1,1,1,1,1,1,1,0,1,1,0,0,2021,0,0,0,0,1,0,0,,0,0,0,0,0,0,0,0,0,0,0
BEN,389779,389,779,1,3,1,1,1,1,1,1,1,0,1,1,1,1,2021,1,1,1,1,0,1,1,,0,0,0,0,0,0,0,0,0,0,0
BEN,389780,389,780,1,4,1,1,1,1,1,1,1,0,1,0,1,0,2021,0,0,0,0,0,0,0,,0,0,0,0,0,0,0,0,0,0,0
BEN,389781,389,781,1,3,1,1,1,1,1,1,1,0,1,1,0,0,2021,1,0,1,0,0,1,0,,0,0,0,0,0,1,0,0,0,0,0
BEN,389782,389,782,1,3,1,1,1,0,0,1,1,0,1,1,0,0,2021,1,1,0,0,0,0,0,,0,0,0,0,0,0,0,0,0,0,0
BEN,389918,389,918,1,4,1,1,1,1,1,1,1,0,1,1,1,1,2021,1,1,1,0,0,1,0,,0,0,0,0,50,0,0,0,0,0,0
BEN,389919,389,919,1,4,1,1,1,1,1,1,1,0,1,1,1,1,2021,1,1,0,0,0,0,0,,0,0,0,0,0,0,0,0,0,0,0
BEN,390004,390,4,2,3,1,1,1,1,1,1,1,0,1,1,1,1,2021,1,1,1,0,0,1,0,,0,0,0,0,0,1,0,1,1,0,0
BEN,390045,390,45,2,4,1,1,1,1,1,1,1,0,1,1,1,1,2021,1,0,1,0,0,1,0,,0,0,0,0,0,0,0,1,0,0,0
BEN,390050,390,50,2,3,1,1,1,1,1,1,1,0,1,0,1,0,2021,1,0,0,0,0,0,0,,0,0,0,0,0,0,1,1,1,0,0
BEN,390085,390,85,2,4,1,1,1,1,1,1,1,0,1,1,1,1,2021,1,1,1,1,1,1,1,,0,0,0,0,0,0,0,0,0,0,0
BEN,390100,390,100,2,3,1,1,1,1,1,1,1,0,1,0,0,0,2021,1,1,0,0,0,1,0,,0,0,0,0,0,0,0,1,0,0,0
BEN,390119,390,119,2,4,1,1,1,1,1,1,1,0,1,0,1,0,2021,0,0,0,0,0,0,0,,0,0,0,0,0,1,1,1,1,0,0
BEN,390177,390,177,2,4,1,1,1,1,1,0,0,0,1,0,0,0,2021,0,0,0,0,0,0,0,,0,0,0,0,0,0,1,1,0,0,0
BEN,390196,390,196,2,3,1,1,1,1,1,1,1,0,1,0,0,0,2021,1,0,0,0,0,1,0,,0,0,0,0,0,0,0,0,0,0,0
BEN,390215,390,215,2,3,1,1,1,1,1,1,1,0,1,1,1,1,2021,0,0,0,0,0,0,0,,0,0,0,0,0,1,0,0,0,0,0
BEN,390254,390,254,2,4,1,1,1,1,1,1,1,0,1,1,1,1,2021,0,0,0,0,0,0,0,,0,0,0,0,0,0,0,0,0,0,0
BEN,390273,390,273,2,3,1,1,1,1,1,1,1,0,1,1,1,1,2021,1,0,0,0,0,1,0,,0,0,0,0,0,0,0,0,0,0,0
BEN,390295,390,295,2,4,1,1,1,1,1,1,1,0,1,0,0,1,2021,1,0,0,0,1,1,0,,0,0,0,0,0,0,0,1,1,0,0
BEN,391008,391,8,1,4,1,1,1,1,1,1,1,0,1,1,1,0,2021,0,0,0,0,0,0,0,,0,0,0,0,0,0,0,0,0,0,0
BEN,391015,391,15,1,1,1,1,1,1,1,1,1,0,1,0,1,0,2021,1,0,0,0,0,0,0,,0,0,0,0,0,0,1,0,0,0,0
BEN,391049,391,49,1,4,1,1,1,1,1,1,1,0,1,0,1,0,2021,0,0,0,0,0,0,0,,0,0,0,0,0,0,0,0,0,0,0
BEN,391053,391,53,1,1,1,1,1,1,1,1,1,0,1,0,1,0,2021,1,0,0,0,0,0,0,,0,0,0,0,0,0,0,0,0,0,0
BEN,391083,391,83,1,3,1,1,1,1,1,1,1,0,1,0,1,0,2021,1,0,0,0,0,0,0,,0,0,0,0,0,0,0,0,0,0,0
BEN,391117,391,117,1,3,1,1,1,0,0,0,0,0,1,1,0,0,2021,0,0,0,0,0,0,0,,0,0,0,0,0,1,0,0,0,0,0
BEN,391151,391,151,1,1,1,1,1,1,1,1,1,0,1,1,1,1,2021,0,0,1,0,0,0,0,,0,0,0,0,0,0,0,0,0,0,0
BEN,391166,391,166,1,4,1,1,1,1,1,1,1,0,0,1,0,0,2021,1,0,0,0,0,0,0,,0,0,0,0,0,0,0,0,0,0,0
BEN,391185,391,185,1,3,1,1,1,0,0,1,1,0,1,1,0,0,2021,0,0,0,0,0,1,0,,0,0,0,0,0,0,0,0,0,0,0
BEN,391219,391,219,1,1,1,1,1,1,1,1,1,0,1,1,1,1,2021,1,1,1,0,1,1,1,,0,0,0,0,0,0,0,0,0,0,0
BEN,391234,391,234,1,3,1,1,1,1,1,1,1,0,1,1,1,1,2021,0,0,0,0,0,0,0,,0,0,0,0,0,0,0,0,0,0,0
BEN,391356,391,356,1,2,1,1,1,1,1,1,1,0,1,1,0,0,2021,0,0,0,0,0,0,0,,0,0,0,0,0,0,0,0,0,0,0
BEN,392001,392,1,2,4,1,1,1,1,1,1,1,0,1,1,1,1,2021,0,0,0,0,0,0,0,,0,0,0,0,0,0,0,0,0,0,0
BEN,392004,392,4,2,4,0,1,1,1,1,0,0,0,1,0,0,0,2021,0,0,0,0,0,0,0,,0,0,0,0,0,0,0,1,0,0,0
BEN,392005,392,5,2,4,1,1,1,1,1,0,0,0,1,0,0,0,2021,0,0,0,0,0,0,0,,0,0,0,0,0,0,0,1,1,0,0
BEN,392007,392,7,2,4,1,1,1,1,1,1,1,0,1,1,1,1,2021,0,0,0,0,0,0,0,,0,0,0,0,0,0,0,0,0,0,0
BEN,392012,392,12,2,4,1,1,1,1,1,1,1,0,1,1,1,1,2021,1,0,0,0,0,1,0,,0,0,0,0,0,0,0,1,0,0,0
BEN,392015,392,15,2,4,1,1,1,1,1,1,1,0,1,1,1,1,2021,0,0,0,0,0,0,0,,0,0,0,0,0,0,0,0,0,0,0
BEN,392016,392,16,2,4,0,1,0,1,1,0,0,0,1,0,0,1,2021,0,0,0,0,0,0,0,,0,0,0,0,0,0,0,1,0,0,0
BEN,392017,392,17,2,4,1,1,1,1,1,1,1,0,1,1,1,1,2021,0,0,0,0,0,0,0,,0,0,0,0,0,0,0,0,0,0,0
BEN,392018,392,18,2,4,1,1,1,1,1,1,1,0,1,1,0,1,2021,0,1,0,0,0,0,0,,0,0,0,0,0,0,0,1,1,0,0
BEN,392019,392,19,2,4,1,1,1,1,1,1,1,0,1,1,1,1,2021,0,1,0,0,1,0,0,,0,0,0,0,0,0,0,1,0,0,0
BEN,392020,392,20,2,4,1,1,1,1,1,1,1,0,1,1,1,1,2021,0,0,0,0,0,0,0,,0,0,0,0,0,0,0,1,0,0,0
BEN,393004,393,4,1,4,1,1,1,1,1,1,1,0,1,1,0,0,2021,0,0,0,0,0,0,0,,0,0,0,0,0,0,0,1,0,0,0
BEN,393023,393,23,1,4,1,1,1,1,1,1,1,0,1,1,0,0,2021,1,0,0,0,0,0,0,,0,0,0,0,0,0,0,1,0,0,0
BEN,393042,393,42,1,3,1,1,1,1,1,1,1,0,1,1,0,0,2021,0,0,0,0,0,0,0,,0,0,0,0,0,0,0,1,0,0,0
BEN,393062,393,62,1,3,1,1,1,1,1,1,1,0,1,1,1,1,2021,1,1,0,0,0,1,1,,0,0,0,0,0,0,0,1,0,0,0
BEN,393081,393,81,1,4,1,1,1,1,1,1,1,0,1,1,0,0,2021,1,0,0,0,0,0,0,,0,0,0,0,0,0,0,1,0,0,0
BEN,393101,393,101,1,3,1,1,1,1,1,0,1,0,1,1,0,0,2021,1,0,0,0,0,1,0,,0,0,0,0,0,1,1,1,0,0,0
BEN,393139,393,139,1,4,1,1,1,1,1,1,1,0,1,1,1,1,2021,1,0,0,0,0,0,0,,0,0,0,0,0,0,0,1,0,0,0
BEN,393178,393,178,1,2,1,1,1,1,1,1,1,0,1,1,1,1,2021,0,0,0,0,0,0,0,,0,0,0,0,0,0,0,0,0,0,0
BEN,393217,393,217,1,1,1,1,1,1,1,1,1,0,1,1,1,1,2021,1,1,1,0,0,0,0,,0,0,0,0,0,0,1,0,0,0,0
BEN,393783,393,783,1,4,1,1,1,1,1,1,1,0,1,0,0,0,2021,1,1,0,0,0,1,0,,0,0,0,0,0,1,1,1,0,0,0
BEN,393784,393,784,1,3,1,1,1,1,1,1,1,0,1,1,1,0,2021,1,1,1,0,0,1,1,,0,0,0,0,0,0,0,1,0,0,0
BEN,393785,393,785,1,3,1,1,1,1,1,1,1,0,1,1,1,0,2021,1,0,0,0,0,0,0,,0,0,0,0,0,0,0,0,1,0,0
BEN,394022,394,22,2,4,1,1,1,1,1,1,1,0,1,0,0,0,2021,1,0,0,1,0,0,0,,0,0,0,0,0,0,1,1,1,0,0
BEN,394044,394,44,2,4,1,1,1,1,1,0,0,0,1,0,0,0,2021,0,0,0,0,0,0,0,,0,0,0,0,0,0,1,1,1,0,0
BEN,394066,394,66,2,4,1,1,0,1,1,1,1,0,1,0,0,0,2021,1,0,0,0,0,0,0,,0,0,0,0,0,0,1,1,1,0,0
BEN,394088,394,88,2,1,1,1,1,1,1,1,1,0,1,1,0,0,2021,1,1,1,1,1,1,1,,0,0,0,0,0,0,1,1,0,0,0
BEN,394095,394,95,2,4,1,1,1,1,1,1,1,0,1,1,1,1,2021,1,0,0,0,0,0,0,,0,0,0,0,0,0,0,0,0,0,0
BEN,394153,394,153,2,3,1,1,1,1,1,1,1,0,1,0,0,0,2021,1,0,0,0,0,1,0,,0,0,0,0,0,0,1,1,0,0,0
BEN,394174,394,174,2,4,0,1,1,1,1,0,0,0,1,0,0,0,2021,0,0,0,0,0,0,0,,0,0,0,0,0,0,1,1,0,0,0
BEN,394197,394,197,2,4,0,1,1,1,1,1,1,0,1,0,0,0,2021,1,0,0,0,0,1,0,,0,0,0,0,0,0,1,1,0,0,0
BEN,394240,394,240,2,3,1,1,1,1,1,1,1,0,1,0,0,0,2021,1,0,0,0,0,0,0,,0,0,0,0,0,0,0,1,0,0,0
BEN,394262,394,262,2,4,1,1,1,1,1,0,1,0,1,1,1,1,2021,0,0,0,0,0,0,0,,0,0,0,0,0,0,0,0,0,0,0
BEN,394284,394,284,2,4,1,1,1,1,1,1,1,0,1,1,1,1,2021,1,0,0,0,0,0,0,,0,0,0,0,0,1,0,0,0,0,0
BEN,394349,394,349,2,3,1,1,1,1,1,1,1,0,1,1,1,1,2021,1,0,0,0,0,0,0,,0,0,0,0,0,0,0,0,0,0,0
BEN,395028,395,28,1,2,1,1,1,1,1,1,1,0,1,1,1,0,2021,1,1,1,0,0,1,0,,0,0,0,0,0,0,0,1,0,0,0
BEN,395047,395,47,1,3,1,1,1,1,1,0,1,0,1,1,0,0,2021,1,0,0,0,0,1,0,,0,0,0,0,0,0,0,0,0,0,0
BEN,395064,395,64,1,3,1,1,1,1,1,1,1,0,1,1,1,1,2021,1,1,1,1,0,1,1,,0,0,0,0,0,0,0,0,0,0,0
BEN,395081,395,81,1,3,1,1,1,1,1,0,1,0,1,1,1,1,2021,1,1,0,1,0,0,1,,0,0,0,0,0,0,0,0,0,0,0
BEN,395099,395,99,1,2,1,1,1,1,1,1,1,0,1,1,1,1,2021,1,0,0,0,0,1,0,,0,0,0,0,0,0,0,1,0,0,1
BEN,395117,395,117,1,3,1,1,1,1,1,1,1,0,1,0,0,0,2021,1,1,0,0,0,1,0,,0,0,0,0,0,0,0,1,1,0,0
BEN,395135,395,135,1,3,1,1,1,1,1,1,1,0,1,0,0,0,2021,1,0,0,0,0,1,0,,0,0,0,0,0,0,0,1,1,0,0
BEN,395142,395,142,1,4,1,1,1,1,1,0,0,0,1,0,1,0,2021,0,0,0,0,0,0,0,,0,5,0,0,0,0,0,0,1,0,0
BEN,395153,395,153,1,3,1,1,1,1,1,1,1,0,1,0,0,0,2021,1,0,0,0,0,1,0,,0,0,0,0,0,0,0,1,0,0,0
BEN,395167,395,167,1,4,1,1,1,0,1,1,1,0,1,0,0,0,2021,1,0,0,0,0,1,0,,0,0,0,0,0,0,0,1,0,0,0
BEN,395171,395,171,1,3,1,1,1,1,1,1,1,0,1,0,1,0,2021,1,0,0,0,0,1,0,,0,0,0,0,4,0,0,1,0,0,0
BEN,395207,395,207,1,2,1,1,1,1,1,1,1,0,1,1,1,0,2021,1,1,1,0,0,1,0,,0,0,0,0,6,0,0,0,0,0,0
BEN,396014,396,14,2,4,1,1,1,1,1,1,1,0,1,1,1,0,2021,1,1,0,0,0,1,0,,0,0,0,0,0,0,0,1,1,0,0
BEN,396025,396,25,2,3,1,1,1,1,1,0,0,0,1,0,1,0,2021,0,0,0,0,0,0,0,,0,0,0,0,0,0,0,1,1,0,0
BEN,396043,396,43,2,4,1,1,1,1,1,1,1,0,1,0,0,0,2021,0,0,0,0,0,0,0,,0,0,0,0,0,0,1,1,1,0,0
BEN,396057,396,57,2,3,1,1,1,1,1,1,1,0,1,0,0,0,2021,1,0,0,0,0,1,0,,0,0,0,0,0,0,0,1,0,0,0
BEN,396072,396,72,2,4,1,1,1,1,1,1,1,0,1,1,1,1,2021,0,1,0,0,1,0,0,,0,0,0,0,0,0,0,1,0,0,0
BEN,396100,396,100,2,4,1,1,1,1,1,1,1,0,1,1,1,1,2021,1,0,0,0,0,1,0,,0,0,0,0,0,0,0,1,0,0,0
BEN,396116,396,116,2,4,1,1,1,1,1,1,1,0,1,0,1,0,2021,0,0,1,0,0,0,0,,0,0,0,0,0,1,1,1,1,0,0
BEN,396160,396,160,2,3,1,1,1,1,1,1,1,0,1,0,0,1,2021,1,0,1,1,0,1,0,,0,0,0,0,0,0,0,1,0,0,0
BEN,396175,396,175,2,3,0,1,1,1,1,0,0,0,1,1,1,1,2021,0,0,0,0,0,0,0,,0,0,0,0,0,0,0,0,0,0,0
BEN,396189,396,189,2,4,1,1,1,1,1,1,1,0,1,1,1,1,2021,1,0,1,0,0,1,1,,0,0,0,0,0,0,0,0,0,0,0
BEN,396218,396,218,2,4,1,1,1,1,1,0,0,0,1,1,1,1,2021,0,0,0,0,0,0,0,,0,0,0,0,0,0,0,0,0,0,0
BEN,396230,396,230,2,2,1,1,1,1,1,0,1,0,1,1,1,1,2021,1,0,0,0,0,1,0,,0,0,0,0,0,0,0,0,0,0,0
BEN,397077,397,77,1,1,1,1,1,1,1,1,1,0,1,1,0,0,2021,1,0,0,0,0,1,0,,0,0,0,0,0,0,0,0,0,0,0
BEN,397114,397,114,1,1,1,1,1,1,1,1,1,0,1,1,1,1,2021,1,1,1,1,1,1,1,,0,0,0,0,0,0,0,1,1,0,0
BEN,397151,397,151,1,3,1,1,1,1,1,1,1,0,1,0,0,1,2021,1,0,0,0,0,1,0,,0,0,0,0,0,0,0,1,1,0,0
BEN,397188,397,188,1,3,1,1,0,1,1,1,1,0,1,1,1,1,2021,1,0,0,0,0,0,0,,0,0,0,0,0,0,0,1,0,0,0
BEN,397206,397,206,1,3,1,1,1,1,1,1,1,0,1,1,1,1,2021,1,1,0,0,0,1,1,,0,0,0,0,0,0,0,0,1,0,0
BEN,397213,397,213,1,3,1,1,1,1,1,1,1,0,1,1,0,0,2021,1,1,1,0,0,1,1,,0,0,0,0,0,1,0,0,0,0,0
BEN,397225,397,225,1,1,1,1,1,1,1,1,1,0,1,1,1,1,2021,1,1,1,1,0,1,1,,0,0,0,0,0,0,0,0,0,0,0
BEN,397243,397,243,1,3,1,1,1,1,1,0,0,0,1,1,0,0,2021,0,0,0,0,0,0,0,,0,0,0,0,0,1,1,1,1,0,0
BEN,397261,397,261,1,3,1,1,1,1,1,0,0,1,1,0,1,0,2021,0,0,0,0,0,0,0,,0,0,0,0,10,0,0,0,0,0,0
BEN,397280,397,280,1,3,0,1,0,1,0,0,0,0,1,0,0,0,2021,0,0,0,0,0,0,0,,0,0,0,0,0,0,0,0,1,0,0
BEN,397786,397,786,1,1,1,1,1,1,1,1,1,0,1,1,1,1,2021,1,1,1,1,1,1,1,,0,0,0,0,0,0,0,1,0,0,0
BEN,397787,397,787,1,3,1,1,1,1,1,1,1,0,1,1,1,0,2021,0,0,0,0,0,0,0,,0,0,0,0,0,1,0,0,0,0,0
BEN,398027,398,27,2,3,1,1,1,0,0,1,1,0,1,1,1,0,2021,1,0,0,0,0,1,0,,0,0,0,0,0,0,0,1,0,0,0
BEN,398046,398,46,2,4,1,1,1,1,1,1,1,0,1,1,1,1,2021,0,0,0,0,0,0,0,,0,0,0,0,0,0,0,1,0,0,0
BEN,398068,398,68,2,4,1,1,1,0,0,1,1,0,1,1,1,1,2021,1,0,1,0,0,1,0,,0,0,0,0,0,0,0,1,0,0,0
BEN,398103,398,103,2,1,1,1,1,1,1,1,1,0,1,1,1,1,2021,1,1,1,1,1,1,1,,0,0,0,0,0,0,0,1,0,1,0
BEN,398125,398,125,2,1,1,1,1,1,1,1,1,0,1,1,1,1,2021,1,1,1,1,0,1,1,,0,0,0,0,0,0,0,0,1,0,0
BEN,398142,398,142,2,1,1,1,1,1,1,1,1,0,1,1,1,1,2021,1,1,1,1,1,1,1,,0,0,0,0,0,0,0,1,0,0,0
BEN,398180,398,180,2,1,1,1,1,0,0,1,1,0,0,1,1,0,2021,0,0,0,0,0,0,0,,0,0,0,0,0,0,1,1,0,0,0
BEN,398199,398,199,2,3,1,1,1,1,1,0,1,0,1,1,1,1,2021,0,0,0,0,0,0,0,,0,0,0,0,0,0,0,1,0,0,0
BEN,398219,398,219,2,1,1,1,1,1,1,1,1,0,1,0,1,0,2021,1,0,0,0,0,0,0,,0,0,0,0,0,0,1,0,0,0,0
BEN,398257,398,257,2,3,1,1,1,1,1,1,1,0,1,1,1,1,2021,0,0,0,0,0,0,0,,0,0,0,0,0,1,0,1,0,0,0
BEN,398276,398,276,2,1,1,1,1,1,1,1,1,0,1,1,1,1,2021,1,1,1,0,0,1,0,,0,0,0,0,0,0,0,1,0,0,0
BEN,398295,398,295,2,1,1,1,1,0,0,1,1,0,1,0,1,0,2021,0,0,0,0,0,0,0,,0,0,0,0,0,0,0,1,0,0,0
BEN,399012,399,12,1,4,0,1,1,1,1,0,0,0,0,0,0,0,2021,0,0,0,0,0,0,0,,0,0,0,0,0,0,0,1,0,0,0
BEN,399029,399,29,1,3,1,1,1,1,1,1,1,0,1,1,0,0,2021,1,1,0,0,0,1,0,,0,0,0,0,0,0,0,1,0,0,0
BEN,399047,399,47,1,3,1,1,1,1,1,1,1,0,1,1,0,0,2021,1,0,0,0,0,0,0,,0,0,0,0,0,0,0,0,0,0,0
BEN,399059,399,59,1,3,1,1,1,1,1,0,0,1,1,0,0,0,2021,0,0,0,0,0,0,0,,0,0,0,0,0,0,1,1,0,0,0
BEN,399101,399,101,1,3,1,1,1,1,1,1,1,0,1,1,0,0,2021,1,1,0,0,0,1,0,,0,0,0,0,0,0,0,1,0,0,0
BEN,399136,399,136,1,4,1,1,1,1,1,1,1,0,1,0,0,0,2021,1,0,0,0,0,1,0,,0,0,0,0,0,0,1,1,1,0,0
BEN,399172,399,172,1,1,1,1,1,1,1,1,1,0,1,1,1,0,2021,1,1,1,0,0,1,1,,0,0,0,0,0,0,1,0,0,0,0
BEN,399190,399,190,1,1,1,1,1,1,1,0,0,0,1,1,1,0,2021,1,0,0,0,0,0,0,,0,0,0,0,2,0,1,0,0,0,0
BEN,399208,399,208,1,2,1,1,1,1,1,0,0,0,1,1,1,0,2021,0,0,0,0,0,0,0,,0,0,0,0,0,0,0,0,1,0,0
BEN,399243,399,243,1,3,1,1,1,0,0,1,1,0,1,1,1,0,2021,1,0,0,0,0,0,0,,0,0,0,0,5,1,0,0,0,0,0
BEN,399788,399,788,1,3,1,1,1,1,1,1,1,0,0,1,0,0,2021,0,0,0,0,0,0,0,,0,0,0,0,0,0,0,1,0,0,0
BEN,399789,399,789,1,2,1,1,1,1,1,1,1,0,1,0,0,0,2021,0,0,0,0,0,0,0,,0,0,0,0,0,0,1,1,1,0,0
BEN,400007,400,7,2,3,1,1,1,1,1,1,1,0,1,0,1,0,2021,1,0,0,0,0,1,0,,0,0,0,0,0,0,0,1,0,0,0
BEN,400025,400,25,2,4,1,1,1,1,1,1,1,0,1,0,1,0,2021,1,0,0,0,0,0,0,,0,0,0,0,0,0,0,1,0,0,0
BEN,400048,400,48,2,3,1,1,1,0,0,1,1,0,1,1,1,1,2021,1,0,0,0,0,0,0,,0,0,0,0,0,0,0,1,0,0,0
BEN,400060,400,60,2,2,1,1,1,1,1,1,1,0,1,1,1,1,2021,1,0,0,0,0,1,0,,0,0,0,0,0,1,0,1,0,0,0
BEN,400114,400,114,2,1,1,1,1,0,0,1,1,0,1,1,1,1,2021,1,0,0,0,0,1,0,,0,0,0,0,0,0,1,1,0,0,0
BEN,400133,400,133,2,3,1,1,1,1,1,1,1,0,1,1,1,1,2021,1,0,1,0,0,1,0,,0,0,0,0,0,0,0,1,0,0,0
BEN,400169,400,169,2,4,1,1,1,1,1,1,1,0,1,0,1,0,2021,1,0,0,0,0,0,0,,0,0,0,0,0,0,0,0,0,0,0
BEN,400182,400,182,2,3,1,1,1,0,0,1,1,0,1,0,1,0,2021,1,0,0,0,0,1,0,,0,0,0,0,0,0,1,1,0,0,0
BEN,400210,400,210,2,3,1,1,1,1,1,1,1,0,1,1,1,1,2021,1,0,0,0,0,1,0,,0,0,0,0,0,1,0,0,0,0,0
BEN,400242,400,242,2,4,1,1,1,0,0,1,1,0,1,1,1,0,2021,1,0,0,0,0,1,0,,0,0,0,0,0,0,1,1,0,0,0
BEN,400268,400,268,2,3,1,1,1,1,1,0,0,0,1,1,1,1,2021,0,0,0,0,0,0,0,,0,0,0,0,0,0,0,1,0,0,0
BEN,400279,400,279,2,1,1,1,1,1,1,1,1,0,1,0,1,0,2021,1,1,0,0,0,0,0,,0,0,0,0,0,0,0,1,0,0,0
BEN,401027,401,27,1,3,1,1,1,1,1,0,1,0,0,1,1,0,2021,0,0,0,0,0,0,0,,0,0,0,0,0,0,0,1,0,0,0
BEN,401056,401,56,1,4,1,1,1,1,1,0,1,0,0,1,1,0,2021,1,0,0,0,0,0,0,,0,0,0,0,0,0,0,1,0,0,0
BEN,401086,401,86,1,4,0,1,0,1,1,0,1,0,1,0,0,0,2021,0,0,0,0,0,0,0,,0,0,0,0,0,0,0,1,0,0,0
BEN,401174,401,174,1,3,1,1,1,1,1,1,1,0,1,1,0,0,2021,0,1,0,0,0,0,0,,0,0,0,0,0,0,0,1,0,0,0
BEN,401204,401,204,1,3,1,1,1,1,1,0,0,0,1,0,0,0,2021,0,0,0,0,0,0,0,,0,0,0,0,0,0,0,1,1,0,0
BEN,401263,401,263,1,4,1,1,1,1,1,1,1,0,1,1,0,0,2021,1,0,0,0,0,1,0,,0,0,0,0,0,1,0,1,0,0,0
BEN,401293,401,293,1,1,1,1,1,1,1,1,1,0,1,1,0,1,2021,1,0,1,0,0,0,0,,0,0,0,0,0,0,0,1,0,0,0
BEN,401322,401,322,1,1,1,1,1,1,1,1,1,0,1,1,1,1,2021,1,1,0,1,0,1,1,2.949021100997925,0,0,0,0,0,0,0,0,0,0,0
BEN,401346,401,346,1,4,1,1,1,1,1,1,1,0,1,1,0,0,2021,1,0,0,0,0,0,0,,0,0,0,0,0,1,0,1,0,0,0
BEN,401352,401,352,1,4,1,1,1,1,1,1,1,0,1,1,1,0,2021,1,0,0,0,0,1,0,,0,0,0,0,0,0,0,1,0,0,0
BEN,401381,401,381,1,1,1,1,1,1,1,1,1,0,1,1,1,1,2021,1,0,0,0,0,1,0,,0,5,0,0,0,1,1,1,1,0,0
BEN,401790,401,790,1,3,1,1,1,1,1,0,0,0,1,1,1,0,2021,0,0,0,0,0,0,0,,0,0,0,0,0,0,1,0,0,0,0
BEN,402010,402,10,2,1,1,1,1,1,1,1,1,0,1,1,1,1,2021,1,1,1,1,1,1,1,,0,0,0,0,0,0,0,0,0,0,0
BEN,402029,402,29,2,3,1,1,1,1,1,1,1,0,1,1,1,1,2021,1,1,1,1,0,1,1,,0,0,0,0,0,0,0,1,0,0,0
BEN,402090,402,90,2,4,1,1,1,1,1,1,1,0,1,1,1,1,2021,1,0,0,0,0,1,0,,0,0,0,0,0,0,0,1,0,0,0
BEN,402109,402,109,2,4,1,1,1,1,1,0,1,0,1,1,1,1,2021,0,0,0,0,0,0,0,,0,0,0,0,0,0,0,1,0,0,0
BEN,402130,402,130,2,3,1,1,1,1,1,1,1,0,1,1,1,1,2021,1,0,0,0,1,1,0,,0,0,0,0,0,0,0,1,0,0,0
BEN,402214,402,214,2,1,1,1,1,1,1,1,1,0,1,1,1,1,2021,1,0,0,0,1,1,0,,0,0,0,0,0,0,0,1,0,0,0
BEN,402237,402,237,2,3,1,1,1,1,1,1,1,0,1,1,1,0,2021,1,0,1,0,0,1,0,,0,0,0,0,0,0,0,0,0,0,0
BEN,402256,402,256,2,1,1,1,1,1,1,1,1,0,1,1,1,1,2021,1,0,1,0,0,1,0,,0,0,0,0,0,0,0,1,0,0,0
BEN,402277,402,277,2,1,1,1,1,1,1,1,1,0,1,1,1,1,2021,1,0,0,1,0,1,0,,0,0,0,0,0,0,0,1,0,0,0
BEN,402290,402,290,2,3,1,1,1,1,1,1,1,0,1,1,1,1,2021,0,0,0,0,0,0,0,,0,0,0,0,0,0,0,1,0,0,0
BEN,402298,402,298,2,1,1,1,1,1,1,1,1,0,1,1,1,0,2021,1,1,1,1,1,1,1,,0,0,0,0,0,0,0,0,0,0,0
BEN,402319,402,319,2,4,1,1,1,1,1,1,1,0,1,0,1,0,2021,0,0,0,0,0,0,0,,0,0,0,0,0,0,0,0,0,0,0
BEN,403010,403,10,1,2,1,1,1,1,1,1,1,0,1,1,1,0,2021,1,0,1,0,0,1,0,,0,0,0,0,0,1,0,1,0,0,0
BEN,403011,403,11,1,4,1,0,1,1,1,1,1,0,1,1,1,0,2021,1,1,1,0,1,1,0,,0,0,0,0,0,1,0,1,1,0,0
BEN,403052,403,52,1,3,1,1,1,1,1,1,1,0,1,0,0,0,2021,1,0,1,0,0,1,0,,0,0,0,0,0,1,0,1,1,0,0
BEN,403073,403,73,1,4,1,1,1,1,1,1,1,0,1,0,1,0,2021,1,0,0,0,0,0,0,,0,0,0,0,2,0,0,1,0,0,0
BEN,403094,403,94,1,4,1,1,1,1,1,1,1,0,1,0,1,0,2021,1,0,0,0,0,0,0,,0,0,0,0,8,0,0,0,1,0,0
BEN,403115,403,115,1,4,1,1,1,1,1,1,1,0,1,1,1,1,2021,1,0,0,0,0,1,0,,0,0,0,0,0,0,0,1,0,0,0
BEN,403136,403,136,1,4,1,1,1,1,1,1,1,0,1,0,0,0,2021,1,0,0,0,0,1,0,,0,0,0,0,0,0,0,1,0,0,0
BEN,403178,403,178,1,4,1,1,1,1,1,1,1,0,1,0,0,0,2021,1,1,0,0,1,1,0,,0,0,0,0,0,0,0,1,0,0,0
BEN,403199,403,199,1,2,1,1,1,1,1,1,1,0,1,0,1,0,2021,1,0,0,0,0,0,0,,0,0,0,0,0,1,0,0,0,0,0
BEN,403220,403,220,1,3,1,1,1,1,1,1,1,0,1,0,1,0,2021,1,0,0,0,0,0,0,,0,0,0,0,0,0,0,0,0,0,0
BEN,403241,403,241,1,3,1,1,1,1,1,1,1,0,1,0,1,0,2021,1,1,0,1,0,1,0,,0,0,0,0,0,0,0,0,0,0,0
BEN,403262,403,262,1,1,1,1,1,1,1,1,1,0,1,1,1,0,2021,1,0,1,1,0,1,0,,0,0,0,0,0,1,0,0,0,0,0
BEN,404019,404,19,2,4,1,1,1,1,1,1,1,0,1,1,1,1,2021,1,0,0,0,0,1,0,,0,0,0,0,0,0,0,1,0,0,0
BEN,404049,404,49,2,3,0,1,1,1,1,0,0,0,1,0,0,0,2021,0,0,0,0,0,0,0,,0,0,0,0,0,0,1,1,0,0,0
BEN,404095,404,95,2,3,1,1,1,0,0,1,1,0,1,0,1,0,2021,1,1,0,0,0,1,0,,0,0,0,0,0,0,1,1,0,0,0
BEN,404122,404,122,2,3,1,1,1,0,0,0,0,0,1,0,0,0,2021,0,0,0,0,0,0,0,,0,0,0,0,0,0,1,1,0,0,0
BEN,404145,404,145,2,4,1,1,1,0,0,1,1,0,1,1,1,0,2021,1,0,0,0,0,1,0,,0,0,0,0,0,0,1,1,0,0,0
BEN,404170,404,170,2,3,1,1,1,1,1,1,1,0,1,1,1,1,2021,1,0,0,0,0,1,0,,0,0,0,0,0,0,0,1,0,0,0
BEN,404194,404,194,2,4,1,1,1,1,1,1,1,0,1,1,1,0,2021,1,1,1,1,0,1,1,,0,0,0,0,0,0,0,1,0,0,0
BEN,404267,404,267,2,3,1,1,1,1,1,1,1,0,1,1,1,1,2021,1,0,0,0,1,1,0,,0,0,0,0,0,0,0,1,0,0,0
BEN,404295,404,295,2,1,1,1,1,1,1,1,1,0,1,1,1,1,2021,1,0,0,0,0,0,0,,0,0,0,0,0,0,1,1,0,0,0
BEN,404316,404,316,2,3,1,1,1,1,1,1,1,0,1,0,1,0,2021,1,0,0,0,0,1,0,,0,0,0,0,0,0,1,1,0,0,0
BEN,404364,404,364,2,4,0,1,0,1,1,0,1,0,1,1,1,1,2021,0,0,0,0,0,0,0,,0,0,0,0,0,0,0,1,0,0,0
BEN,404388,404,388,2,1,1,1,1,1,1,1,1,0,1,0,1,0,2021,1,0,0,0,0,0,0,,0,0,0,0,0,0,0,1,0,0,0
BEN,405019,405,19,1,2,1,1,1,1,1,1,1,0,1,0,1,0,2021,0,0,0,0,0,0,0,,0,0,0,0,0,0,0,1,0,0,0
BEN,405062,405,62,1,3,1,1,1,1,1,0,1,0,1,1,1,0,2021,1,0,0,0,0,0,0,,0,0,0,0,0,1,0,0,0,0,0
BEN,405075,405,75,1,3,1,1,1,0,0,1,1,0,1,0,0,0,2021,1,1,0,0,1,1,0,,0,0,0,0,0,0,0,1,1,0,0
BEN,405083,405,83,1,4,1,1,1,1,1,0,1,0,1,0,0,0,2021,1,0,0,0,0,0,0,,0,0,0,0,0,1,1,1,1,0,0
BEN,405126,405,126,1,2,1,1,1,1,1,1,1,0,1,0,1,0,2021,0,0,0,0,0,0,0,,0,0,0,0,0,0,0,1,0,0,0
BEN,405169,405,169,1,2,1,1,1,1,1,1,1,0,1,0,0,0,2021,0,0,0,0,0,0,0,,0,0,0,0,0,0,0,1,0,0,0
BEN,405186,405,186,1,3,1,1,1,1,1,0,0,0,1,0,0,0,2021,0,0,0,0,0,0,0,,0,0,0,0,0,1,0,0,0,0,0
BEN,405211,405,211,1,1,1,1,1,1,1,1,1,0,1,1,0,1,2021,1,1,1,0,1,1,0,,0,0,0,0,0,1,1,1,1,0,0
BEN,405233,405,233,1,4,1,1,0,1,1,0,0,0,0,0,0,0,2021,0,0,0,0,0,0,0,,0,0,0,0,0,1,0,0,0,0,0
BEN,405296,405,296,1,4,1,1,1,1,1,1,1,0,1,0,1,0,2021,1,0,0,0,0,0,0,,0,0,0,0,0,0,0,0,0,0,0
BEN,405318,405,318,1,3,1,1,1,1,1,0,1,0,1,0,1,0,2021,0,0,0,0,0,0,0,,0,0,0,0,0,0,0,1,0,0,0
BEN,406022,406,22,2,3,1,1,1,1,1,0,0,0,1,1,1,1,2021,0,0,0,0,0,0,0,,0,0,0,0,0,0,0,1,0,0,0
BEN,406044,406,44,2,3,1,1,1,1,1,1,1,0,1,0,1,0,2021,0,0,0,0,0,0,0,,0,0,0,0,0,0,0,1,0,0,0
BEN,406065,406,65,2,3,1,1,1,1,1,1,1,0,1,1,1,1,2021,1,1,0,0,0,1,0,,0,0,0,0,0,0,0,1,0,0,0
BEN,406101,406,101,2,4,1,1,1,0,0,1,1,0,0,1,1,0,2021,1,0,0,0,0,0,0,,0,0,0,0,0,0,0,1,0,0,0
BEN,406120,406,120,2,4,1,1,1,0,0,1,1,0,1,1,1,1,2021,1,0,0,0,0,1,0,,0,0,0,0,0,0,0,1,0,0,0
BEN,406139,406,139,2,3,1,1,1,1,1,1,1,0,1,0,1,0,2021,1,1,0,0,0,1,0,,0,0,0,0,0,0,0,1,0,0,0
BEN,406177,406,177,2,1,1,1,1,1,1,1,1,0,1,0,1,0,2021,1,0,0,0,0,0,0,,0,0,0,0,0,0,0,1,0,0,0
BEN,406196,406,196,2,1,1,1,1,1,1,1,1,0,1,1,1,1,2021,1,0,0,0,0,1,0,,0,0,0,0,0,0,0,1,0,0,0
BEN,406200,406,200,2,4,1,1,1,1,1,1,1,0,1,1,1,1,2021,1,0,0,0,0,1,0,,0,0,0,0,0,0,0,1,0,0,0
BEN,406251,406,251,2,3,1,1,1,1,1,1,1,0,1,0,1,0,2021,1,1,0,0,0,1,0,,0,0,0,0,0,0,0,1,0,0,0
BEN,406275,406,275,2,1,1,1,1,1,1,1,1,0,1,1,1,1,2021,1,1,0,1,0,1,0,,0,0,0,0,0,0,1,1,0,0,0
BEN,406292,406,292,2,4,1,1,1,1,1,0,0,0,0,0,0,0,2021,0,0,0,0,0,0,0,,0,0,0,0,0,0,0,1,0,0,0
BEN,407002,407,2,1,1,1,1,1,1,1,1,1,0,1,1,1,1,2021,1,0,0,0,0,0,0,,0,0,0,0,0,0,0,1,0,0,0
BEN,407036,407,36,1,1,1,1,1,1,1,1,1,0,1,0,1,0,2021,1,0,0,0,0,0,0,,0,0,0,0,0,0,0,1,0,0,0
BEN,407070,407,70,1,4,0,1,1,0,0,0,0,0,0,0,0,0,2021,0,0,0,0,0,0,0,,0,0,0,0,0,0,1,1,1,0,0
BEN,407105,407,105,1,4,0,1,1,1,1,1,1,0,1,0,0,0,2021,1,0,0,0,1,1,0,,0,0,0,0,0,1,0,1,1,0,0
BEN,407122,407,122,1,4,1,1,1,1,1,0,0,0,0,0,0,0,2021,0,0,0,0,0,0,0,,0,0,0,0,0,0,0,1,1,0,0
BEN,407139,407,139,1,1,1,1,1,1,1,1,1,0,1,0,0,0,2021,1,0,0,0,0,0,0,,0,0,0,0,0,0,0,1,0,0,0
BEN,407224,407,224,1,1,1,1,1,1,1,1,1,0,1,0,0,0,2021,0,1,0,0,0,0,0,,0,0,0,0,0,0,0,0,1,0,0
BEN,407259,407,259,1,3,1,1,1,1,1,1,1,0,1,1,1,1,2021,1,0,1,0,0,1,0,,0,0,0,0,0,0,0,0,0,0,0
BEN,407791,407,791,1,3,1,1,1,1,1,0,0,0,1,0,0,0,2021,0,0,0,0,0,0,0,,0,0,0,0,0,0,0,1,0,0,0
BEN,407792,407,792,1,3,1,1,1,1,1,0,1,0,1,0,0,0,2021,1,0,0,0,0,0,0,,0,0,0,0,0,1,0,0,1,0,0
BEN,407793,407,793,1,3,1,1,1,1,1,1,1,0,0,1,0,1,2021,1,1,1,0,0,1,0,,0,0,0,0,0,1,0,1,1,0,0
BEN,407794,407,794,1,3,0,1,1,1,1,0,0,0,0,0,0,0,2021,0,0,0,0,0,0,0,,0,0,0,0,0,0,0,0,1,0,0
BEN,408045,408,45,2,1,1,1,1,0,1,1,1,0,1,1,1,1,2021,1,0,0,0,0,0,0,,0,0,0,0,0,0,1,1,0,0,0
BEN,408072,408,72,2,4,1,1,1,1,0,1,1,0,1,1,0,0,2021,1,0,0,0,0,0,0,,0,0,0,0,0,1,1,0,0,0,0
BEN,408098,408,98,2,4,1,1,1,0,1,1,1,0,1,1,1,0,2021,1,0,0,0,0,0,0,,0,0,0,0,0,0,1,1,0,0,0
BEN,408124,408,124,2,1,1,1,1,1,1,1,1,0,1,1,1,1,2021,1,1,1,1,1,1,1,,0,0,0,0,0,0,0,0,0,0,0
BEN,408150,408,150,2,3,1,1,1,1,1,1,1,0,1,1,1,1,2021,0,0,0,1,0,1,0,,0,0,0,0,0,0,0,1,1,0,0
BEN,408202,408,202,2,3,1,1,1,1,1,1,1,0,1,1,1,1,2021,1,0,0,1,1,1,1,,0,0,0,0,0,0,0,0,0,0,0
BEN,408208,408,208,2,3,1,1,1,1,1,1,1,0,1,1,1,0,2021,1,1,1,0,0,1,1,,0,0,0,0,0,0,0,0,1,0,0
BEN,408228,408,228,2,4,1,1,1,1,1,1,1,0,1,1,1,0,2021,1,0,0,0,0,0,0,,0,0,0,0,0,1,1,0,0,0,0
BEN,408306,408,306,2,4,1,1,1,1,1,1,1,0,0,1,0,0,2021,1,0,0,0,0,1,0,,0,0,0,0,0,0,1,1,1,0,0
BEN,408307,408,307,2,1,1,1,1,1,1,1,1,0,1,1,1,0,2021,1,1,1,1,0,0,1,,0,0,0,0,0,0,0,0,0,0,0
BEN,408359,408,359,2,3,1,1,1,1,1,1,1,0,1,1,1,1,2021,1,0,1,1,0,1,0,,0,0,0,0,0,0,0,1,0,0,0
BEN,408365,408,365,2,3,1,1,1,0,1,1,1,0,1,1,1,1,2021,1,1,0,0,1,1,0,,0,0,0,0,0,0,1,1,0,0,0
BEN,409078,409,78,1,4,1,1,1,1,1,0,1,0,1,0,0,0,2021,0,0,0,0,0,0,0,,0,0,0,0,0,1,0,0,1,0,0
BEN,409106,409,106,1,2,1,1,1,1,1,1,1,0,1,1,1,1,2021,1,1,1,0,1,1,0,,0,0,0,0,0,1,0,0,0,0,0
BEN,409164,409,164,1,3,1,1,1,1,1,1,1,0,1,0,0,0,2021,0,0,0,0,0,0,0,,0,0,0,0,0,0,0,1,1,0,0
BEN,409193,409,193,1,4,1,1,1,1,1,1,1,0,1,0,0,0,2021,1,0,0,1,0,1,0,,0,0,0,0,0,0,0,0,0,0,0
BEN,409250,409,250,1,3,1,1,1,1,1,1,1,0,1,0,0,0,2021,0,0,0,0,0,0,0,,0,0,0,0,0,0,0,1,0,0,0
BEN,409259,409,259,1,4,1,1,1,1,1,1,1,0,1,0,0,0,2021,1,0,0,0,0,1,0,,0,0,0,0,0,0,0,0,0,0,0
BEN,409307,409,307,1,4,1,1,1,1,1,1,1,0,1,0,0,0,2021,1,0,0,0,0,0,0,,0,0,0,0,0,0,0,0,0,0,0
BEN,409336,409,336,1,3,1,1,1,1,1,1,1,0,1,1,1,0,2021,1,0,0,1,1,1,1,,0,0,0,0,0,1,0,1,1,1,0
BEN,409346,409,346,1,3,1,1,1,1,1,1,1,0,1,0,0,0,2021,1,1,0,0,0,1,0,,0,0,0,0,0,0,0,1,1,0,0
BEN,409365,409,365,1,1,1,1,1,1,1,1,1,0,1,0,1,0,2021,1,0,0,0,0,0,0,,0,0,0,0,0,1,0,1,0,0,0
BEN,409422,409,422,1,3,1,1,1,1,1,1,1,0,1,0,0,0,2021,0,0,0,0,0,0,0,,0,0,0,0,0,0,0,1,0,0,0
BEN,409795,409,795,1,3,1,1,1,1,1,1,1,0,1,0,1,0,2021,0,0,0,0,0,0,0,,0,0,0,0,0,0,0,1,0,0,0
BEN,410039,410,39,2,3,1,1,1,1,1,1,1,0,1,0,0,0,2021,0,0,0,0,0,0,0,,0,0,0,0,0,1,0,0,0,0,0
BEN,410045,410,45,2,4,1,1,1,1,1,1,1,0,1,1,1,1,2021,0,0,0,0,0,0,0,,0,0,0,0,0,0,1,1,0,0,0
BEN,410052,410,52,2,1,1,1,1,1,1,1,1,0,1,1,1,0,2021,1,1,0,1,0,1,1,,0,0,0,0,0,0,1,0,0,0,0
BEN,410072,410,72,2,2,1,1,1,1,1,1,1,0,1,1,1,1,2021,1,0,0,1,0,1,0,,0,0,0,0,0,0,1,1,0,0,0
BEN,410076,410,76,2,3,1,1,1,1,1,0,0,0,1,0,0,0,2021,0,0,0,0,0,0,0,,0,0,0,0,0,1,0,0,0,0,0
BEN,410114,410,114,2,1,1,1,1,1,1,1,1,0,1,1,1,1,2021,1,1,0,0,0,1,1,,0,0,0,0,0,0,0,1,0,0,0
BEN,410153,410,153,2,2,1,1,1,1,1,1,1,0,1,1,1,1,2021,0,0,0,0,0,0,0,,0,0,0,0,0,0,1,1,0,0,0
BEN,410232,410,232,2,3,1,1,1,1,1,1,1,0,1,1,1,1,2021,1,0,0,0,0,1,0,,0,0,0,0,0,0,0,0,1,0,0
BEN,410248,410,248,2,3,1,1,1,1,1,1,1,0,1,1,0,1,2021,1,0,1,1,0,0,1,,0,0,0,0,0,0,1,1,1,0,0
BEN,410297,410,297,2,3,1,1,1,1,1,1,1,0,1,0,1,1,2021,0,0,0,1,0,0,0,,0,0,0,0,0,1,0,0,1,0,0
BEN,410347,410,347,2,3,1,1,1,1,1,1,1,0,1,1,0,0,2021,1,1,0,0,0,0,0,,0,0,0,0,0,1,0,0,1,0,0
BEN,410371,410,371,2,3,1,1,1,0,0,1,1,0,0,1,0,0,2021,0,0,0,0,0,0,0,,0,0,0,0,0,1,0,0,0,0,0
BEN,411011,411,11,1,1,1,1,1,1,1,1,1,0,1,1,1,1,2021,1,1,1,0,1,1,1,,0,0,0,0,0,0,0,0,0,0,0
BEN,411025,411,25,1,4,1,1,1,1,1,0,0,0,1,1,1,0,2021,0,0,0,0,0,0,0,,0,0,0,0,0,1,0,1,1,0,0
BEN,411040,411,40,1,1,1,1,1,1,1,1,1,0,1,1,1,1,2021,1,0,0,0,1,0,1,,0,0,0,0,0,0,0,1,0,0,0
BEN,411054,411,54,1,4,0,1,1,1,1,0,0,1,1,0,0,0,2021,1,0,0,0,0,0,0,,0,0,0,0,0,0,0,0,0,0,0
BEN,411068,411,68,1,1,1,1,1,1,1,1,1,0,1,1,1,1,2021,1,1,1,0,1,0,1,,0,0,0,0,0,0,0,1,0,0,1
BEN,411083,411,83,1,2,1,1,1,1,1,1,1,0,1,0,0,0,2021,0,0,0,0,0,0,0,,0,0,0,0,0,0,0,1,0,0,0
BEN,411097,411,97,1,4,1,1,1,1,1,1,1,0,1,1,1,1,2021,1,0,0,0,0,1,0,,0,0,0,0,0,0,0,0,0,0,0
BEN,411109,411,109,1,1,1,1,1,1,1,1,1,0,1,1,1,1,2021,1,1,1,1,1,1,1,,0,0,0,0,0,1,0,0,0,0,0
BEN,411112,411,112,1,4,1,1,1,1,1,1,1,0,1,0,0,0,2021,1,0,0,0,0,1,0,,0,0,0,0,0,0,0,0,0,0,0
BEN,411126,411,126,1,4,1,1,1,1,1,1,1,0,1,0,1,1,2021,0,0,0,0,0,0,0,,0,0,0,0,0,0,0,1,0,0,0
BEN,411141,411,141,1,2,1,1,1,1,1,1,1,0,1,1,1,1,2021,1,1,0,0,0,0,1,,0,0,0,0,0,0,0,1,0,0,0
BEN,411170,411,170,1,3,1,1,1,1,1,1,1,0,1,1,1,1,2021,1,1,1,1,1,1,1,,0,0,0,0,0,1,0,1,0,0,0
BEN,412019,412,19,2,3,1,1,1,1,1,1,1,0,1,0,1,0,2021,1,0,0,0,0,0,0,,0,0,0,0,0,0,1,1,0,0,0
BEN,412070,412,70,2,3,1,1,1,1,1,1,0,1,1,0,0,0,2021,0,0,0,0,0,0,0,,0,0,0,0,0,1,0,1,0,0,0
BEN,412084,412,84,2,2,1,1,1,1,1,1,1,0,1,1,1,1,2021,1,0,1,0,0,0,1,,0,0,0,0,0,0,0,1,0,0,0
BEN,412088,412,88,2,3,1,1,1,1,1,1,1,0,1,0,0,0,2021,0,0,0,0,0,0,0,,0,0,0,0,0,0,0,1,0,0,0
BEN,412089,412,89,2,3,1,1,1,1,1,1,1,0,1,0,0,1,2021,1,0,0,0,0,0,0,,0,0,0,0,0,1,1,1,0,0,0
BEN,412103,412,103,2,1,1,1,1,1,1,1,1,0,1,0,1,0,2021,0,1,0,0,0,0,0,,0,0,0,0,0,0,0,1,0,0,0
BEN,412107,412,107,2,1,1,1,1,1,1,1,1,0,1,0,1,0,2021,1,0,0,0,0,0,0,,0,0,0,0,0,0,1,1,0,0,0
BEN,412148,412,148,2,4,1,1,1,1,1,1,1,0,1,1,0,0,2021,1,1,1,0,0,0,0,,0,0,0,0,0,1,0,0,0,0,0
BEN,412219,412,219,2,4,0,1,1,1,1,1,1,0,1,1,1,1,2021,1,0,0,0,0,0,0,,0,0,0,0,0,0,0,0,1,0,0
BEN,412237,412,237,2,1,1,1,1,1,1,1,1,0,1,1,1,1,2021,1,0,0,0,0,1,0,,0,0,0,0,0,1,0,0,1,0,0
BEN,412256,412,256,2,3,1,1,1,0,0,1,1,0,1,1,1,1,2021,1,0,0,0,0,0,0,,0,0,0,0,0,1,0,0,1,0,0
BEN,412293,412,293,2,3,1,1,1,1,1,1,1,0,1,1,1,0,2021,1,0,0,0,0,0,0,,0,0,0,0,0,1,1,0,1,0,0
BEN,413004,413,4,1,3,1,1,1,1,1,1,1,0,1,0,0,0,2021,0,0,0,0,0,0,0,,0,0,0,0,0,1,0,0,0,0,0
BEN,413020,413,20,1,3,1,1,1,1,1,1,1,0,1,0,0,0,2021,0,0,0,0,0,0,0,,0,0,0,0,0,0,0,1,0,0,0
BEN,413054,413,54,1,3,1,1,1,1,1,1,1,0,1,0,0,0,2021,0,0,0,0,0,0,0,,0,0,0,0,0,0,0,1,0,0,0
BEN,413088,413,88,1,1,1,1,1,1,1,1,1,0,1,1,1,1,2021,1,1,0,1,0,1,0,,0,0,0,0,0,1,0,1,0,0,0
BEN,413122,413,122,1,4,1,1,1,1,1,1,1,0,1,0,0,0,2021,1,0,0,0,0,1,0,,0,0,0,0,0,0,1,1,1,0,0
BEN,413139,413,139,1,1,1,1,1,1,1,1,1,0,1,1,1,1,2021,1,1,1,0,1,1,0,,0,0,0,0,0,0,0,1,0,0,0
BEN,413173,413,173,1,4,1,1,1,1,1,1,1,0,1,1,1,1,2021,1,0,1,0,0,1,0,,0,0,0,0,0,1,0,0,1,0,0
BEN,413190,413,190,1,3,1,1,1,1,1,0,1,0,1,0,0,0,2021,0,0,0,0,0,0,0,,0,0,0,0,0,0,0,0,0,0,0
BEN,413207,413,207,1,3,1,1,1,1,1,1,1,0,1,0,0,0,2021,1,0,0,0,0,1,0,,0,0,0,0,0,1,0,0,0,0,0
BEN,413224,413,224,1,4,1,1,1,1,1,1,1,0,1,1,1,1,2021,0,0,0,0,0,1,0,,0,0,0,0,0,1,0,0,0,0,0
BEN,413241,413,241,1,1,1,1,1,1,1,1,1,0,1,1,1,0,2021,1,0,0,0,0,0,0,,0,0,0,0,0,0,0,1,0,0,0
BEN,413258,413,258,1,4,1,1,1,1,1,1,1,0,1,0,0,0,2021,0,0,0,0,0,0,0,,0,0,0,0,0,1,1,1,1,0,0
BEN,414002,414,2,2,2,1,1,1,1,1,1,1,0,1,0,0,0,2021,1,0,0,0,0,0,0,,0,0,0,0,0,1,0,0,0,0,0
BEN,414040,414,40,2,2,1,1,1,1,1,1,1,0,1,0,0,0,2021,0,0,0,0,0,0,0,,0,0,0,0,0,1,0,0,0,0,0
BEN,414059,414,59,2,2,1,1,1,1,1,1,1,0,1,0,0,0,2021,0,0,0,0,0,0,0,,0,0,0,0,0,0,0,1,0,0,0
BEN,414078,414,78,2,2,1,1,1,1,1,1,1,0,1,0,0,0,2021,0,0,0,0,0,0,0,,0,0,0,0,0,1,0,0,0,0,0
BEN,414098,414,98,2,4,1,1,1,1,1,0,1,0,1,0,1,1,2021,0,0,0,0,0,0,0,,0,0,0,0,0,0,1,1,0,0,0
BEN,414116,414,116,2,3,0,1,1,1,1,0,1,0,1,0,0,1,2021,0,0,0,0,0,0,0,,0,0,0,0,0,0,1,1,0,0,0
BEN,414135,414,135,2,1,1,1,1,1,1,1,1,0,1,1,1,1,2021,1,1,1,1,1,1,0,,0,0,0,0,0,0,1,1,0,0,0
BEN,414154,414,154,2,3,1,1,1,1,1,0,1,0,1,0,1,0,2021,0,0,0,0,0,0,0,,0,0,0,0,0,0,1,0,0,0,0
BEN,414211,414,211,2,4,1,1,1,0,1,1,1,0,1,1,0,1,2021,1,0,0,0,0,1,0,,0,0,0,0,0,1,0,0,1,0,0
BEN,414267,414,267,2,4,1,1,1,0,0,1,1,0,1,1,0,0,2021,0,0,0,0,0,0,0,,0,0,0,0,0,1,0,0,0,0,0
BEN,414286,414,286,2,3,1,1,1,1,0,0,0,1,1,1,0,0,2021,0,0,0,0,0,0,0,,0,0,0,0,0,1,0,0,1,0,0
BEN,414328,414,328,2,3,1,1,1,1,1,1,1,0,1,1,0,1,2021,1,1,1,0,0,1,0,,0,0,0,0,0,1,0,0,0,0,0
BEN,415141,415,141,1,4,1,1,1,1,1,0,1,0,1,0,1,1,2021,0,0,0,0,0,0,0,,0,0,0,0,0,1,0,1,1,0,0
BEN,415165,415,165,1,1,1,1,1,1,1,1,1,0,1,1,0,1,2021,1,1,1,1,0,1,1,,0,0,0,0,0,0,0,1,0,0,0
BEN,415212,415,212,1,4,1,1,1,1,1,1,1,0,1,0,0,0,2021,0,0,0,0,0,0,0,,0,0,0,0,0,1,0,1,0,0,0
BEN,415236,415,236,1,3,1,1,1,1,1,1,1,0,0,1,1,1,2021,1,0,0,0,0,1,0,,0,0,0,0,0,1,0,1,0,0,0
BEN,415260,415,260,1,4,1,1,0,1,1,1,1,0,0,0,0,0,2021,1,1,0,0,0,1,0,,0,0,0,0,0,1,1,1,0,0,0
BEN,415284,415,284,1,1,1,1,1,1,1,1,1,0,1,1,1,1,2021,1,1,1,1,1,1,1,,0,0,0,0,0,0,0,0,0,0,0
BEN,415355,415,355,1,1,1,1,1,1,1,1,1,0,1,1,1,1,2021,1,1,1,1,1,1,1,,0,0,0,0,0,0,0,1,0,0,0
BEN,415379,415,379,1,1,1,1,1,1,1,1,1,0,1,1,1,0,2021,1,0,0,1,1,1,1,,0,0,0,0,0,0,0,1,0,0,0
BEN,415796,415,796,1,3,1,1,1,1,1,1,1,0,1,0,0,1,2021,0,0,0,0,0,0,0,,0,0,0,0,0,0,0,0,0,0,0
BEN,415797,415,797,1,3,1,1,1,1,1,1,1,0,0,1,1,0,2021,1,0,0,0,0,1,0,,0,0,0,0,0,0,0,1,0,0,0
BEN,415798,415,798,1,3,1,1,1,1,1,1,1,0,1,1,1,1,2021,0,1,1,0,0,0,0,,0,0,0,0,0,0,0,1,1,0,0
BEN,415920,415,920,1,1,1,1,1,1,1,1,1,0,1,1,1,1,2021,1,0,0,1,0,0,0,,0,0,0,0,0,0,0,0,0,0,0
BEN,416055,416,55,2,1,0,1,0,1,1,1,1,0,0,0,0,0,2021,0,0,0,0,0,0,0,,0,0,0,0,0,0,0,1,0,0,0
BEN,416137,416,137,2,3,1,1,1,1,1,0,1,0,1,1,1,1,2021,1,0,0,0,0,1,0,,0,0,0,0,0,0,1,1,0,0,0
BEN,416143,416,143,2,3,1,1,1,1,0,0,0,1,1,0,0,0,2021,0,0,0,0,0,0,0,,0,0,0,0,0,0,1,1,0,0,0
BEN,416232,416,232,2,4,1,1,1,1,1,0,1,0,1,0,1,0,2021,0,0,0,0,0,0,0,,0,0,0,0,0,0,1,1,0,0,0
BEN,416236,416,236,2,3,1,1,1,1,1,1,1,0,1,0,0,0,2021,0,0,0,0,0,0,0,,0,0,0,0,0,1,0,0,0,0,0
BEN,416264,416,264,2,3,1,1,1,1,1,0,0,0,1,0,0,0,2021,0,0,0,0,0,0,0,,0,0,0,0,0,1,0,0,0,0,0
BEN,416291,416,291,2,4,1,1,0,1,1,0,1,0,0,0,0,0,2021,0,0,0,0,0,0,0,,0,0,0,0,0,1,1,0,1,0,0
BEN,416293,416,293,2,3,1,1,1,1,1,0,1,0,1,1,1,1,2021,1,0,0,0,0,1,0,,0,0,0,0,0,0,1,1,0,0,0
BEN,416300,416,300,2,3,1,1,1,1,1,1,1,0,1,0,0,0,2021,1,1,0,0,0,0,0,,0,0,0,0,0,1,0,0,0,0,0
BEN,416350,416,350,2,3,1,1,1,1,1,1,1,0,1,1,1,1,2021,1,0,0,0,0,1,0,,0,0,0,0,0,1,0,0,0,0,0
BEN,416380,416,380,2,4,0,1,0,1,1,0,0,1,0,0,0,0,2021,1,0,0,0,0,1,0,,0,0,0,0,0,1,1,0,0,0,0
BEN,416409,416,409,2,1,1,1,1,1,1,1,1,0,1,1,1,1,2021,1,1,1,1,0,1,1,,0,0,0,0,0,1,0,1,1,0,0
BEN,417015,417,15,1,3,1,1,1,1,1,1,1,0,1,1,1,0,2021,1,1,1,0,0,0,1,,0,0,0,0,0,0,0,1,0,0,0
BEN,417062,417,62,1,1,1,1,1,1,1,1,1,0,1,1,1,1,2021,1,1,1,1,1,0,1,,0,0,0,0,0,0,0,1,0,0,0
BEN,417086,417,86,1,4,1,1,1,1,1,0,0,1,1,0,0,0,2021,0,0,0,0,0,0,0,,0,0,0,0,0,1,0,1,0,0,0
BEN,417110,417,110,1,4,1,1,1,1,1,1,1,0,1,0,0,0,2021,1,0,0,0,0,1,0,,0,0,0,0,0,0,0,1,0,0,0
BEN,417134,417,134,1,1,1,1,1,1,1,1,1,0,1,1,1,0,2021,1,1,0,1,0,0,0,,0,0,0,0,0,0,0,1,0,0,0
BEN,417158,417,158,1,4,1,1,1,1,1,1,1,0,1,1,1,0,2021,1,1,0,0,1,0,0,,0,0,0,0,0,0,0,1,0,0,0
BEN,417182,417,182,1,3,1,1,1,1,1,1,1,0,1,1,1,1,2021,1,0,0,0,0,0,0,,0,0,0,0,0,0,0,1,0,0,0
BEN,417206,417,206,1,4,1,1,1,1,1,1,1,0,1,0,0,0,2021,0,0,1,0,0,0,0,,0,0,0,0,0,0,0,1,0,0,0
BEN,417229,417,229,1,2,1,1,1,1,1,1,1,0,1,0,1,0,2021,1,0,0,0,0,0,0,,0,0,0,0,0,1,0,0,0,0,0
BEN,417277,417,277,1,4,1,1,1,1,1,1,1,0,1,1,1,1,2021,0,0,0,0,0,0,0,,0,0,0,0,0,1,0,1,0,0,0
BEN,417301,417,301,1,3,1,1,1,1,1,1,1,0,1,1,1,1,2021,0,0,0,0,0,1,0,,0,0,0,0,0,1,0,1,1,0,0
BEN,417349,417,349,1,3,1,1,1,1,1,1,1,0,1,1,1,1,2021,0,0,1,0,0,0,0,,0,0,0,0,0,0,0,1,1,0,0
BEN,418015,418,15,2,2,1,1,1,1,1,1,1,0,1,0,0,0,2021,1,0,0,0,0,1,0,,0,0,0,0,0,1,0,0,0,0,0
BEN,418032,418,32,2,4,1,1,1,1,1,1,1,0,1,0,0,0,2021,1,0,0,0,0,1,0,,0,0,0,0,0,0,0,1,0,0,0
BEN,418067,418,67,2,3,1,1,1,1,1,1,1,0,1,0,0,0,2021,0,0,0,0,0,0,0,,0,0,0,0,0,1,0,0,0,0,0
BEN,418084,418,84,2,2,1,1,1,1,1,1,1,0,1,0,0,0,2021,1,0,0,0,0,1,0,,0,0,0,0,0,1,0,0,0,0,0
BEN,418091,418,91,2,3,1,1,1,1,1,1,1,0,1,1,0,0,2021,1,0,0,0,0,1,0,,0,0,0,0,0,1,0,0,1,0,0
BEN,418102,418,102,2,4,1,1,1,1,1,1,1,0,1,1,1,1,2021,1,0,1,0,0,1,0,,0,0,0,0,0,1,0,1,0,0,0
BEN,418136,418,136,2,3,1,1,1,1,1,1,1,0,1,1,1,1,2021,1,1,1,0,0,1,1,,0,0,0,0,0,0,0,1,0,0,0
BEN,418153,418,153,2,4,1,1,1,1,1,1,1,0,1,1,1,1,2021,1,0,1,0,1,0,1,,0,0,0,0,0,1,0,0,0,0,0
BEN,418205,418,205,2,3,1,1,1,1,1,1,1,0,1,1,1,0,2021,0,0,0,0,0,0,0,,0,0,0,0,0,1,0,0,0,0,0
BEN,418208,418,208,2,2,1,1,1,1,1,1,1,0,1,1,1,0,2021,1,0,1,0,0,1,0,,0,0,0,0,0,0,0,1,0,0,0
BEN,418223,418,223,2,3,1,1,1,1,1,1,1,0,1,1,1,1,2021,1,1,1,0,1,1,1,,0,0,0,0,0,1,0,0,1,0,0
BEN,418240,418,240,2,4,1,1,1,1,1,1,1,0,1,1,0,0,2021,1,0,0,0,0,1,0,,0,0,0,0,0,1,0,0,0,0,0
BEN,419062,419,62,1,3,1,1,1,1,1,1,1,0,1,1,1,1,2021,1,1,0,0,0,1,0,,0,0,0,0,0,0,0,1,0,0,0
BEN,419094,419,94,1,1,1,1,1,1,1,1,1,0,1,1,1,0,2021,1,0,0,0,0,0,0,,0,0,0,0,0,0,0,1,0,0,0
BEN,419095,419,95,1,3,1,1,1,1,1,1,1,0,1,1,1,0,2021,1,1,0,0,0,1,0,,0,0,0,0,0,0,0,1,1,0,0
BEN,419126,419,126,1,3,1,1,1,1,1,1,1,0,1,0,0,0,2021,0,0,0,0,0,0,0,,0,0,0,0,0,1,1,0,0,0,0
BEN,419157,419,157,1,1,1,1,1,1,1,1,1,0,1,0,0,0,2021,0,0,0,0,0,0,0,,0,0,0,0,0,0,0,1,0,0,0
BEN,419189,419,189,1,3,1,1,1,1,1,1,1,0,1,1,1,1,2021,1,1,1,1,0,1,0,,0,0,0,0,0,0,0,1,0,0,0
BEN,419252,419,252,1,4,1,1,1,1,1,0,0,0,1,0,0,0,2021,0,0,0,0,0,0,0,,0,0,0,0,0,1,0,0,0,0,0
BEN,419284,419,284,1,2,0,1,1,1,1,0,1,0,1,0,1,1,2021,0,0,0,0,0,0,0,,0,0,0,0,0,0,0,1,0,0,0
BEN,419316,419,316,1,4,0,1,1,1,1,1,1,0,1,0,0,1,2021,0,0,0,0,0,0,0,,0,0,0,0,0,1,0,1,0,0,0
BEN,419379,419,379,1,1,1,1,1,1,1,1,1,0,1,1,1,1,2021,0,0,0,0,0,1,0,,0,0,0,0,0,0,0,1,0,0,0
BEN,419418,419,418,1,1,1,1,1,1,1,1,1,0,1,1,1,1,2021,0,0,0,0,0,0,0,,0,0,0,0,0,0,0,0,0,0,0
BEN,419799,419,799,1,3,1,1,1,1,1,0,0,0,1,0,0,0,2021,0,0,0,0,0,0,0,,0,0,0,0,0,0,0,0,0,0,0
BEN,420030,420,30,2,3,1,1,1,1,1,0,1,0,1,1,1,1,2021,1,0,0,0,0,1,0,,0,0,0,0,0,0,1,1,0,0,0
BEN,420073,420,73,2,2,1,1,1,1,1,1,1,0,1,0,0,0,2021,0,0,0,0,0,0,0,,0,0,0,0,0,0,0,1,0,0,0
BEN,420092,420,92,2,3,1,1,1,1,1,1,1,0,1,0,0,0,2021,1,1,0,0,0,1,0,,0,0,0,0,0,0,0,1,0,0,0
BEN,420129,420,129,2,4,1,1,1,1,1,0,0,1,1,0,1,0,2021,0,0,0,0,0,0,0,,0,0,0,0,0,0,1,1,0,0,0
BEN,420145,420,145,2,1,1,1,1,1,1,1,1,0,1,1,1,1,2021,1,1,1,0,0,1,1,,0,0,0,0,0,1,0,0,1,0,0
BEN,420202,420,202,2,3,1,1,1,1,1,0,1,0,1,0,1,0,2021,0,0,0,0,0,0,0,,0,0,0,0,0,0,1,1,0,0,0
BEN,420221,420,221,2,3,1,1,1,1,1,1,1,0,1,1,0,0,2021,1,0,0,0,0,1,0,,0,0,0,0,0,1,0,0,0,0,0
BEN,420239,420,239,2,3,1,1,1,1,1,0,0,1,1,1,0,0,2021,1,1,0,0,0,0,0,,0,0,0,0,0,1,0,0,0,0,0
BEN,420257,420,257,2,3,1,1,1,1,1,1,1,0,1,1,1,1,2021,1,0,0,0,0,1,0,,0,0,0,0,0,0,1,1,0,0,0
BEN,420298,420,298,2,3,1,1,1,1,1,1,1,0,1,0,0,0,2021,1,0,0,0,0,0,0,,0,0,0,0,0,0,0,1,0,0,0
BEN,420335,420,335,2,4,1,1,1,1,1,1,1,0,1,1,1,0,2021,1,0,0,0,0,1,1,,0,0,0,0,0,0,0,1,0,0,0
BEN,420800,420,800,2,4,1,1,1,1,1,0,0,1,1,1,1,0,2021,0,0,0,0,0,0,0,,0,0,0,0,0,1,0,0,1,0,0
BEN,421015,421,15,1,2,0,1,1,1,1,0,1,0,1,1,0,0,2021,0,0,0,0,0,0,0,,0,0,0,0,0,0,1,0,0,0,0
BEN,421034,421,34,1,3,1,1,1,1,1,1,1,0,1,1,0,0,2021,0,0,0,0,0,0,0,,0,0,0,0,0,0,0,0,0,0,0
BEN,421049,421,49,1,2,1,1,1,1,1,0,0,1,0,1,0,0,2021,0,0,0,0,0,0,0,,0,0,0,0,0,0,0,0,0,0,0
BEN,421052,421,52,1,1,1,1,1,1,1,1,1,0,1,1,1,0,2021,1,0,0,0,0,0,0,,0,0,0,0,0,0,0,0,0,0,0
BEN,421053,421,53,1,3,1,1,1,1,0,1,1,0,1,1,0,0,2021,0,0,0,0,0,0,0,,0,0,0,0,0,0,0,0,0,0,0
BEN,421075,421,75,1,3,0,1,1,1,1,0,0,0,1,0,0,0,2021,0,0,0,0,0,0,0,,0,0,0,0,0,0,0,0,0,0,0
BEN,421088,421,88,1,4,1,1,1,1,1,1,1,0,1,0,0,0,2021,1,0,0,0,0,0,0,,0,0,0,0,0,0,0,0,0,0,0
BEN,421106,421,106,1,3,1,1,1,1,1,0,0,0,1,0,0,0,2021,0,0,0,0,0,0,0,,0,0,0,0,0,0,0,0,0,0,0
BEN,421124,421,124,1,3,1,1,1,1,1,0,0,0,1,1,1,0,2021,0,0,0,0,0,0,0,,0,0,0,0,0,0,0,0,0,0,0
BEN,421160,421,160,1,3,1,1,1,0,0,1,1,0,1,1,0,0,2021,0,0,0,0,0,0,0,,0,0,0,0,0,0,0,0,0,0,0
BEN,421215,421,215,1,3,1,1,1,1,1,0,0,1,1,0,1,0,2021,0,0,0,0,0,0,0,,0,0,0,0,0,0,0,0,0,0,0
BEN,421226,421,226,1,4,1,1,1,0,0,1,1,0,1,1,0,0,2021,0,0,0,0,0,0,0,,0,0,0,0,0,1,0,0,0,0,0
BEN,422008,422,8,2,1,1,1,1,1,1,1,1,0,1,0,0,0,2021,1,0,0,0,0,1,0,,0,0,0,0,0,1,0,0,0,0,0
BEN,422026,422,26,2,2,1,1,1,1,1,1,1,0,1,0,0,0,2021,0,0,0,0,0,0,0,,0,0,0,0,0,1,0,0,0,0,0
BEN,422029,422,29,2,4,1,1,1,1,1,1,1,0,1,1,0,0,2021,1,0,0,0,0,1,0,,0,0,0,0,0,1,0,0,1,0,0
BEN,422044,422,44,2,1,1,1,1,1,1,1,1,0,1,0,0,0,2021,1,0,0,0,0,1,0,,0,0,0,0,0,0,0,1,0,0,0
BEN,422081,422,81,2,4,1,1,1,1,1,0,1,0,1,0,1,0,2021,0,0,0,0,0,0,0,,0,0,0,0,0,0,1,1,0,0,0
BEN,422134,422,134,2,4,1,1,1,1,1,0,0,0,1,0,1,1,2021,0,0,0,0,0,0,0,,0,0,0,0,0,1,1,1,0,0,0
BEN,422155,422,155,2,4,0,1,1,1,0,0,0,0,1,0,1,0,2021,0,0,0,0,0,0,0,,0,0,0,0,0,0,1,1,0,0,0
BEN,422173,422,173,2,3,1,1,1,1,1,0,1,0,1,0,1,0,2021,0,0,0,0,0,0,0,,0,0,0,0,0,0,1,1,0,0,0
BEN,422191,422,191,2,4,0,1,1,1,1,0,1,0,1,0,0,0,2021,0,0,0,0,0,0,0,,0,0,0,0,0,1,1,0,1,0,0
BEN,422205,422,205,2,2,1,1,1,1,1,1,1,0,1,0,0,0,2021,1,0,0,0,0,0,0,,0,0,0,0,0,1,0,0,0,0,0
BEN,422228,422,228,2,3,1,1,1,1,1,1,1,0,1,1,1,1,2021,1,0,1,0,0,1,0,,0,0,0,0,0,1,0,1,1,0,0
BEN,422247,422,247,2,4,1,1,1,1,1,1,1,0,1,1,0,0,2021,1,0,0,0,0,1,0,,0,0,0,0,0,1,0,0,1,0,0
BEN,423001,423,1,1,1,1,1,1,1,1,1,1,0,1,1,1,0,2021,1,0,0,0,0,0,1,,0,0,0,0,0,0,0,0,0,0,0
BEN,423013,423,13,1,3,1,1,1,1,1,1,1,0,1,1,1,0,2021,1,0,0,0,0,0,0,,0,0,0,0,0,0,0,0,0,0,0
BEN,423025,423,25,1,4,1,1,1,1,1,0,0,0,1,0,0,0,2021,0,0,0,0,0,0,0,,0,0,0,0,0,0,0,0,0,0,0
BEN,423049,423,49,1,3,1,1,1,1,1,1,1,0,1,1,0,0,2021,0,0,0,0,0,0,0,,0,0,0,0,0,0,0,0,0,0,0
BEN,423061,423,61,1,1,1,1,1,1,1,1,1,0,1,1,1,1,2021,1,1,1,0,0,1,1,,0,0,0,0,0,0,0,0,0,0,0
BEN,423073,423,73,1,4,1,1,1,1,1,1,1,0,1,1,0,0,2021,0,0,0,0,0,0,0,,0,0,0,0,0,1,0,0,0,0,0
BEN,423085,423,85,1,3,1,1,1,1,1,1,1,0,1,1,0,0,2021,1,0,0,0,0,0,0,,0,0,0,0,0,0,0,0,0,0,0
BEN,423098,423,98,1,4,1,1,1,1,1,1,1,0,1,1,0,1,2021,0,0,0,0,0,0,0,,0,0,0,0,0,0,0,0,0,0,0
BEN,423122,423,122,1,1,1,1,1,1,1,1,1,0,1,0,1,0,2021,1,1,0,0,1,0,0,,0,0,0,0,0,0,0,0,0,0,0
BEN,423146,423,146,1,3,1,1,1,1,1,1,1,0,1,1,1,1,2021,0,0,0,0,0,0,0,,0,0,0,0,0,0,0,0,0,0,0
BEN,423158,423,158,1,4,1,1,1,1,1,1,1,0,1,1,0,1,2021,0,0,0,0,0,1,0,,0,0,0,0,0,0,0,0,0,0,0
BEN,423801,423,801,1,3,1,1,1,1,1,1,1,0,1,1,1,1,2021,1,0,0,0,0,1,0,,0,0,0,0,0,0,0,0,0,0,0
BEN,424001,424,1,2,2,1,1,1,1,1,1,1,0,1,0,0,0,2021,1,0,0,0,0,1,0,,0,0,0,0,0,1,0,0,0,0,0
BEN,424025,424,25,2,3,1,1,1,1,1,1,1,0,1,0,0,0,2021,1,0,0,0,0,1,0,,0,0,0,0,0,1,0,0,0,0,0
BEN,424042,424,42,2,4,1,1,1,1,1,0,1,0,1,1,1,1,2021,1,0,0,0,1,1,0,,0,0,0,0,0,0,0,1,0,0,0
BEN,424053,424,53,2,3,0,1,1,1,1,1,1,0,1,0,0,0,2021,0,0,0,0,0,0,0,,0,0,0,0,0,1,0,0,0,0,0
BEN,424089,424,89,2,3,1,1,1,1,1,1,1,0,0,0,0,0,2021,1,0,0,0,0,0,0,,0,0,0,0,0,0,0,1,0,0,0
BEN,424187,424,187,2,4,0,1,1,1,1,1,1,0,0,0,0,0,2021,1,0,0,0,0,1,0,,0,0,0,0,0,1,1,0,1,0,0
BEN,424196,424,196,2,2,1,1,0,1,1,0,1,0,1,0,0,0,2021,0,0,0,0,0,0,0,,0,0,0,0,0,1,1,1,0,0,0
BEN,424211,424,211,2,3,0,1,0,1,1,0,0,0,1,0,1,0,2021,0,0,0,0,0,0,0,,0,0,0,0,0,0,1,1,0,0,0
BEN,424215,424,215,2,4,1,1,1,1,1,0,1,0,1,0,1,0,2021,0,0,0,0,0,0,0,,0,0,0,0,0,0,1,1,0,0,0
BEN,424232,424,232,2,3,1,1,1,1,1,0,1,0,1,0,0,0,2021,0,0,0,0,0,0,0,,0,0,0,0,0,1,1,0,0,0,0
BEN,424267,424,267,2,4,0,1,1,1,1,0,0,0,1,0,0,0,2021,1,0,0,0,0,0,0,,0,0,0,0,0,1,1,0,0,0,0
BEN,424285,424,285,2,4,1,1,1,1,1,1,1,0,1,1,1,0,2021,0,0,0,0,0,0,0,,0,0,0,0,0,1,1,0,0,0,0
BEN,425140,425,140,1,3,1,1,1,1,1,0,0,0,1,1,0,0,2021,0,0,0,0,0,0,0,,0,0,0,0,0,1,0,0,0,0,0
BEN,425161,425,161,1,4,1,1,1,1,1,1,1,0,1,1,1,1,2021,1,1,1,0,0,1,0,,0,0,0,0,0,0,0,0,0,0,0
BEN,425201,425,201,1,2,1,1,1,1,1,1,1,0,1,1,0,0,2021,1,1,0,0,0,0,0,,0,0,0,0,0,0,0,0,0,0,0
BEN,425263,425,263,1,3,1,1,1,1,1,1,1,0,1,1,1,1,2021,1,1,0,0,0,0,0,,0,0,0,0,0,0,0,0,0,0,0
BEN,425283,425,283,1,3,1,1,1,1,1,1,1,0,1,1,0,0,2021,1,1,1,0,1,1,0,,0,0,0,0,0,0,0,0,0,0,0
BEN,425303,425,303,1,4,1,1,1,1,1,1,1,0,1,1,1,1,2021,0,0,0,0,0,0,0,,0,0,0,0,0,0,0,0,0,0,0
BEN,425802,425,802,1,3,1,1,1,1,1,1,1,0,1,1,1,1,2021,1,0,1,0,0,0,0,,0,0,0,0,0,0,0,0,0,0,0
BEN,425803,425,803,1,3,1,1,1,1,1,1,1,0,1,1,1,1,2021,1,1,1,1,0,1,1,,0,0,0,0,0,0,0,0,0,0,0
BEN,425804,425,804,1,1,1,1,1,1,1,1,1,0,1,1,1,1,2021,1,1,1,1,1,1,1,,0,0,0,0,0,0,0,0,0,0,0
BEN,425805,425,805,1,3,1,1,1,1,1,1,1,0,1,1,1,0,2021,1,1,1,0,0,1,0,,0,0,0,0,0,0,0,0,0,0,0
BEN,425806,425,806,1,1,1,1,1,1,1,1,1,0,1,1,1,0,2021,1,0,0,0,0,0,0,,0,0,0,0,0,0,0,0,0,0,0
BEN,425807,425,807,1,3,1,1,1,1,1,1,1,0,1,0,1,0,2021,1,0,0,0,0,0,0,,0,0,0,0,0,0,0,0,0,0,0
BEN,426021,426,21,2,3,0,1,1,1,1,0,0,0,1,0,0,0,2021,0,0,0,0,0,0,0,,0,0,0,0,0,1,0,0,0,0,0
BEN,426059,426,59,2,2,1,1,1,1,1,1,1,0,1,0,0,0,2021,0,0,0,0,0,0,0,,0,0,0,0,0,1,0,0,0,0,0
BEN,426081,426,81,2,4,1,1,1,1,1,0,0,0,1,0,0,0,2021,0,0,0,0,0,0,0,,0,0,0,0,0,0,1,1,0,0,0
BEN,426099,426,99,2,2,0,1,1,1,1,0,0,0,1,0,0,0,2021,0,0,0,0,0,0,0,,0,0,0,0,0,0,0,1,0,0,0
BEN,426139,426,139,2,4,1,1,1,1,1,0,1,0,1,0,0,0,2021,1,0,1,0,0,0,0,,0,0,0,0,0,0,0,1,0,0,0
BEN,426162,426,162,2,2,1,1,1,1,1,0,0,0,1,0,0,0,2021,0,0,0,0,0,0,0,,0,0,0,0,0,1,0,0,0,0,0
BEN,426179,426,179,2,3,1,1,1,1,1,0,0,0,1,0,0,0,2021,0,0,0,0,0,0,0,,0,0,0,0,0,0,0,1,0,0,0
BEN,426219,426,219,2,3,1,1,1,1,1,0,1,0,1,1,1,1,2021,1,0,0,0,0,0,0,,0,0,0,0,0,0,0,1,0,0,0
BEN,426241,426,241,2,3,1,1,1,1,1,1,1,0,1,0,0,0,2021,0,0,0,0,0,0,0,,0,0,0,0,0,1,1,0,0,0,0
BEN,426259,426,259,2,4,1,1,1,1,1,1,1,0,1,0,0,0,2021,0,0,0,0,0,0,0,,0,0,0,0,0,1,0,1,1,0,0
BEN,426299,426,299,2,4,1,1,1,1,1,1,1,0,1,0,0,0,2021,0,0,0,0,0,0,0,,0,0,0,0,0,0,1,0,1,0,0
BEN,426319,426,319,2,4,1,1,1,1,1,1,1,0,1,1,1,0,2021,1,0,0,0,0,1,0,,0,0,0,0,0,1,0,1,0,0,0
BEN,427077,427,77,1,4,1,1,1,1,1,0,1,0,1,0,1,0,2021,0,0,0,0,0,0,0,,0,0,0,0,0,1,0,0,0,0,0
BEN,427108,427,108,1,4,1,1,1,1,1,1,1,0,1,1,0,0,2021,0,0,0,0,0,0,0,,0,0,0,0,0,0,0,0,0,0,0
BEN,427265,427,265,1,4,1,1,1,1,1,1,1,0,1,1,1,0,2021,1,1,0,0,0,1,0,,0,0,0,0,0,0,0,0,0,0,0
BEN,427327,427,327,1,4,1,1,1,1,1,1,1,0,1,1,1,1,2021,1,0,0,0,0,0,0,,0,0,0,0,0,0,0,0,0,0,0
BEN,427390,427,390,1,4,1,1,1,1,1,1,1,0,1,1,1,0,2021,1,1,0,0,1,0,0,,0,0,0,0,0,0,0,0,1,0,0
BEN,427484,427,484,1,4,1,1,1,1,1,1,1,0,1,1,1,1,2021,1,0,0,0,1,1,0,,0,0,0,0,0,0,0,0,0,0,0
BEN,427808,427,808,1,4,1,1,1,1,1,1,1,0,1,1,1,0,2021,1,1,0,0,0,0,0,,0,0,0,0,0,0,0,0,0,0,0
BEN,427809,427,809,1,4,1,1,1,1,1,1,1,0,1,1,1,1,2021,0,0,0,0,0,0,0,,0,0,0,0,0,0,0,0,0,0,0
BEN,427810,427,810,1,4,1,1,1,1,1,1,1,0,1,1,1,1,2021,0,0,0,0,0,0,0,,0,0,0,0,0,0,0,0,0,0,0
BEN,427811,427,811,1,4,1,1,1,1,1,1,1,0,1,1,0,0,2021,1,1,0,0,0,1,0,,0,0,0,0,0,0,0,0,0,0,0
BEN,427812,427,812,1,4,1,1,1,1,1,1,1,0,1,1,0,0,2021,0,0,0,0,0,0,0,,0,0,0,0,0,0,0,0,0,0,0
BEN,427813,427,813,1,4,1,1,1,1,1,1,1,0,1,1,0,0,2021,1,0,0,0,0,1,0,,0,0,0,0,0,0,0,0,0,0,0
BEN,428012,428,12,2,3,1,1,1,1,1,1,1,0,1,1,1,0,2021,1,1,0,0,0,1,0,,0,0,0,0,0,0,0,1,0,0,0
BEN,428032,428,32,2,3,1,1,1,1,1,1,1,0,1,1,1,1,2021,1,1,1,0,0,1,0,,0,0,0,0,0,0,0,1,0,0,0
BEN,428049,428,49,2,4,1,1,1,1,1,0,0,1,1,1,1,1,2021,0,0,0,0,0,0,0,,0,0,0,0,0,0,1,1,0,0,0
BEN,428066,428,66,2,1,1,1,1,1,1,1,1,0,1,1,1,1,2021,1,1,1,1,1,1,1,,0,0,0,0,0,0,0,1,1,0,0
BEN,428100,428,100,2,1,1,1,1,1,1,1,1,0,1,1,0,1,2021,1,0,1,1,0,1,1,,0,0,0,0,0,0,0,0,0,0,0
BEN,428147,428,147,2,3,1,1,1,1,1,0,0,1,1,1,1,1,2021,0,0,0,0,0,0,0,,0,0,0,0,0,0,0,0,0,0,0
BEN,428148,428,148,2,3,1,1,1,1,1,1,1,0,1,1,1,1,2021,0,0,0,0,0,0,0,,0,0,0,0,0,0,0,0,0,0,0
BEN,428151,428,151,2,4,1,1,1,1,1,1,1,0,1,1,1,0,2021,0,0,0,0,0,0,0,,0,0,0,0,0,0,0,1,0,0,0
BEN,428168,428,168,2,2,1,1,1,1,1,1,1,0,1,0,0,0,2021,0,0,0,0,0,0,0,,0,0,0,0,0,0,0,1,0,0,0
BEN,428192,428,192,2,4,1,1,1,1,1,1,1,0,1,0,1,0,2021,0,0,0,0,0,0,0,,0,0,0,0,0,0,0,1,0,0,0
BEN,428202,428,202,2,2,1,1,1,1,1,1,1,0,1,1,1,1,2021,0,0,0,0,0,0,0,,0,0,0,0,0,0,0,0,0,0,0
BEN,428236,428,236,2,4,1,1,1,1,1,1,1,0,1,1,1,1,2021,0,0,0,0,0,0,0,,0,0,0,0,0,0,0,0,0,0,0
BEN,429014,429,14,1,4,1,1,1,1,1,0,0,0,1,0,1,0,2021,0,0,0,0,0,0,0,,0,0,0,0,0,0,0,0,0,0,0
BEN,429035,429,35,1,4,1,1,1,1,1,1,1,0,1,1,1,0,2021,1,0,0,0,0,1,0,,0,0,0,0,0,1,0,0,0,0,0
BEN,429077,429,77,1,4,0,1,1,1,1,1,1,0,1,1,1,1,2021,0,0,0,0,0,0,0,,0,0,0,0,0,0,0,0,0,0,0
BEN,429098,429,98,1,1,1,1,1,1,1,1,1,0,1,1,0,1,2021,1,1,1,1,0,1,0,,0,0,0,0,0,0,0,0,0,0,0
BEN,429119,429,119,1,4,1,1,1,1,1,1,1,0,1,1,1,1,2021,1,0,0,0,0,1,0,,0,0,0,0,0,0,0,0,0,0,0
BEN,429161,429,161,1,4,1,1,1,1,1,1,1,0,1,1,1,0,2021,0,0,0,0,0,0,0,,0,0,0,0,0,0,0,0,0,0,0
BEN,429182,429,182,1,4,1,1,1,1,1,1,1,0,1,1,0,0,2021,1,1,0,0,0,1,0,,0,0,0,0,0,0,0,0,0,0,0
BEN,429203,429,203,1,4,1,1,1,1,1,1,1,0,1,1,0,0,2021,1,0,1,0,0,1,0,,0,0,0,0,0,0,0,0,0,0,0
BEN,429224,429,224,1,4,1,1,1,1,1,1,1,0,1,0,1,0,2021,0,0,0,0,0,0,0,,0,0,0,0,0,0,0,0,0,0,0
BEN,429266,429,266,1,4,1,1,1,1,1,1,1,0,1,1,1,1,2021,0,0,1,0,0,1,0,,0,0,0,0,0,0,0,0,0,0,0
BEN,429287,429,287,1,3,1,1,1,1,1,1,1,0,1,1,1,1,2021,1,0,0,0,0,0,0,,0,0,0,0,0,0,0,0,0,0,0
BEN,429329,429,329,1,4,1,1,1,1,1,1,0,0,1,1,0,0,2021,0,0,0,0,0,0,0,,0,0,0,0,0,0,0,0,0,0,0
BEN,430023,430,23,2,4,1,1,1,1,1,1,1,0,0,0,0,0,2021,0,0,0,0,0,0,0,,0,0,0,0,0,0,1,1,0,0,0
BEN,430041,430,41,2,4,0,1,0,1,1,0,0,0,0,0,0,0,2021,0,0,0,0,0,0,0,,0,0,0,0,0,0,1,1,1,0,0
BEN,430060,430,60,2,4,0,1,0,1,1,0,0,0,0,0,0,0,2021,0,0,0,0,0,0,0,,0,0,0,0,0,0,1,1,1,0,0
BEN,430096,430,96,2,4,1,1,1,1,1,1,1,0,1,0,0,0,2021,1,0,0,0,0,0,0,,0,0,0,0,0,0,1,1,0,0,0
BEN,430114,430,114,2,1,1,1,1,1,1,0,1,0,0,0,0,0,2021,0,0,0,0,0,0,0,,0,0,0,0,0,0,0,1,0,0,0
BEN,430133,430,133,2,3,1,1,1,1,1,0,1,0,0,0,0,0,2021,0,0,0,0,0,0,0,,0,0,0,0,0,0,0,1,0,0,0
BEN,430169,430,169,2,3,0,1,1,1,1,0,0,0,1,0,0,0,2021,0,0,0,0,0,0,0,,0,0,0,0,0,0,0,1,0,0,0
BEN,430200,430,200,2,4,0,1,0,1,1,0,0,0,0,0,0,0,2021,0,0,0,0,0,0,0,,0,0,0,0,0,0,1,1,0,0,0
BEN,430206,430,206,2,4,1,1,1,1,1,1,1,0,1,1,0,0,2021,0,0,0,0,0,0,0,,0,0,0,0,0,0,0,0,0,0,0
BEN,430242,430,242,2,4,1,1,1,1,1,1,1,0,0,0,0,0,2021,0,0,0,0,0,0,0,,0,0,0,0,0,0,0,0,0,0,0
BEN,430245,430,245,2,3,1,1,1,1,1,0,0,0,0,0,0,0,2021,0,0,0,0,0,0,0,,0,0,0,0,0,0,0,0,0,0,0
BEN,430279,430,279,2,4,1,1,1,1,1,1,1,0,0,0,0,0,2021,0,0,0,0,0,0,0,,0,0,0,0,0,0,0,0,0,0,0
BEN,431033,431,33,1,4,1,1,1,1,1,1,1,0,1,1,0,0,2021,1,0,0,0,0,0,0,,0,0,0,0,0,0,0,1,0,0,0
BEN,431049,431,49,1,4,1,1,1,1,1,1,1,0,1,1,0,0,2021,1,1,0,0,0,0,1,,0,0,0,0,0,0,0,1,0,0,0
BEN,431064,431,64,1,3,1,1,1,1,1,1,1,0,1,1,0,0,2021,1,0,1,0,0,0,0,,0,0,0,0,0,1,0,0,1,0,0
BEN,431080,431,80,1,4,1,1,1,1,1,1,1,0,1,1,1,1,2021,1,1,0,0,0,0,1,,0,0,0,0,0,1,0,1,0,0,0
BEN,431096,431,96,1,4,1,1,1,1,1,1,1,0,1,1,0,0,2021,1,0,0,0,0,0,0,,0,0,0,0,0,0,0,1,0,0,0
BEN,431112,431,112,1,3,1,1,1,1,1,1,1,0,1,1,0,0,2021,1,0,0,0,0,1,0,,0,0,0,0,0,0,1,1,1,0,0
BEN,431127,431,127,1,4,1,1,1,1,1,1,1,0,1,1,1,0,2021,1,0,0,0,0,0,0,,0,0,0,0,0,0,1,0,0,0,0
BEN,431143,431,143,1,3,1,1,1,1,1,1,1,0,1,1,1,1,2021,1,0,0,0,0,0,0,,0,0,0,0,0,0,0,1,0,0,0
BEN,431814,431,814,1,3,1,1,1,1,1,1,1,0,1,1,0,0,2021,1,1,0,0,0,0,0,,0,0,0,0,0,0,0,1,0,0,0
BEN,431815,431,815,1,4,1,1,1,1,1,1,1,0,1,1,0,1,2021,0,0,0,0,0,0,0,,0,0,0,0,0,0,0,1,0,0,0
BEN,431816,431,816,1,3,1,1,1,1,1,1,1,0,1,1,1,1,2021,1,0,0,0,0,1,0,,0,0,0,0,0,0,0,1,0,0,0
BEN,431817,431,817,1,3,1,1,1,0,1,1,1,0,1,1,0,0,2021,0,0,0,0,0,0,0,,0,0,0,0,0,0,0,1,0,0,0
BEN,432002,432,2,2,4,1,1,1,1,1,1,1,0,1,0,0,0,2021,1,0,0,0,0,1,0,,0,0,0,0,0,0,0,1,0,0,0
BEN,432013,432,13,2,4,1,1,1,1,1,1,1,0,1,1,1,1,2021,1,1,0,0,0,0,1,,0,0,0,0,0,0,0,0,0,0,0
BEN,432030,432,30,2,3,1,1,1,1,1,1,1,0,1,1,1,1,2021,1,0,0,0,0,1,0,,0,0,0,0,0,0,0,0,0,0,0
BEN,432070,432,70,2,3,1,1,1,1,1,1,1,0,1,1,1,1,2021,0,0,0,0,0,0,0,,0,0,0,0,0,0,0,0,0,0,0
BEN,432082,432,82,2,4,1,1,1,1,1,1,1,0,1,1,1,1,2021,0,0,0,0,0,0,0,,0,0,0,0,0,0,0,0,0,0,0
BEN,432130,432,130,2,3,1,1,1,1,1,0,1,0,1,0,0,0,2021,0,0,0,0,0,0,0,,0,0,0,0,0,0,0,1,0,0,0
BEN,432151,432,151,2,4,1,1,1,1,1,0,1,0,1,0,0,0,2021,1,0,0,0,0,1,0,,0,0,0,0,0,0,0,1,0,0,0
BEN,432170,432,170,2,3,1,1,1,1,1,1,1,0,1,1,1,0,2021,0,0,0,0,0,0,0,,0,0,0,0,0,0,0,0,0,0,0
BEN,432202,432,202,2,4,1,1,1,1,1,1,1,0,1,1,0,1,2021,1,1,1,0,1,1,0,,0,0,0,0,0,0,0,1,1,0,0
BEN,432219,432,219,2,4,1,1,1,1,1,1,1,0,1,1,0,1,2021,0,0,0,0,0,0,0,,0,0,0,0,0,0,0,1,0,0,0
BEN,432221,432,221,2,4,1,1,1,1,1,1,1,0,1,0,0,0,2021,1,0,0,1,0,0,0,,0,0,0,0,0,0,0,1,1,0,0
BEN,432271,432,271,2,4,1,1,1,0,0,0,0,0,1,1,0,1,2021,0,0,0,0,0,0,0,,0,0,0,0,0,1,0,1,1,0,0
BEN,433015,433,15,1,4,1,1,1,1,1,1,1,0,1,1,1,1,2021,1,1,0,0,0,1,0,,0,0,0,0,0,1,0,1,1,0,0
BEN,433035,433,35,1,4,1,0,1,1,1,0,1,0,1,0,0,0,2021,1,0,0,0,0,0,0,,0,0,0,0,0,1,0,1,1,0,0
BEN,433055,433,55,1,4,1,1,1,1,1,0,1,0,1,1,1,0,2021,1,0,0,0,0,1,0,,0,0,0,0,0,1,1,1,1,0,0
BEN,433075,433,75,1,3,1,1,1,1,1,1,1,0,1,0,1,0,2021,0,0,1,1,0,1,0,,0,0,0,0,0,1,1,1,1,0,0
BEN,433116,433,116,1,1,1,1,1,1,1,1,1,0,1,1,1,1,2021,1,1,1,0,1,1,1,,0,0,0,0,0,0,0,0,0,0,0
BEN,433156,433,156,1,4,1,1,1,1,1,0,0,0,1,0,0,0,2021,0,0,0,0,0,0,0,,0,0,0,0,0,1,0,1,0,0,0
BEN,433176,433,176,1,2,1,1,1,1,1,1,1,0,1,0,1,0,2021,1,0,0,0,0,1,0,,0,0,0,0,0,0,0,0,0,0,0
BEN,433196,433,196,1,2,1,1,1,1,1,1,1,0,1,1,1,0,2021,1,1,1,1,1,1,1,,0,0,0,0,0,0,0,0,0,0,0
BEN,433236,433,236,1,3,1,1,1,1,1,1,1,0,1,1,1,0,2021,0,0,0,0,0,0,0,,0,0,0,0,0,0,0,0,0,0,0
BEN,433316,433,316,1,1,1,1,1,1,1,1,1,0,1,1,1,1,2021,1,1,1,1,0,1,0,,0,0,0,0,0,1,0,0,0,0,0
BEN,433818,433,818,1,3,1,1,1,1,1,1,1,0,1,1,1,1,2021,1,0,0,0,0,1,0,,0,0,0,0,0,0,0,0,0,0,0
BEN,433819,433,819,1,4,1,1,1,1,1,1,1,0,1,1,1,1,2021,1,0,0,0,0,1,0,,0,0,0,0,0,0,0,0,0,0,0
BEN,434009,434,9,2,4,1,1,1,1,1,0,1,0,1,0,0,0,2021,1,0,0,0,0,0,0,,0,0,0,0,0,0,1,1,0,0,0
BEN,434025,434,25,2,4,1,1,1,1,1,0,1,0,0,0,1,0,2021,0,0,0,0,0,0,0,,0,0,0,0,0,1,1,1,0,0,0
BEN,434028,434,28,2,1,1,1,1,1,1,1,1,0,1,1,1,1,2021,1,0,0,0,0,1,0,,0,0,0,0,0,0,0,1,0,0,0
BEN,434030,434,30,2,3,1,1,1,1,1,1,1,0,1,0,0,0,2021,1,0,0,0,0,1,0,,0,0,0,0,0,0,1,1,0,0,0
BEN,434087,434,87,2,3,1,1,1,1,1,1,1,0,1,0,0,0,2021,1,0,0,0,0,0,0,,0,0,0,0,0,0,1,1,0,0,0
BEN,434107,434,107,2,4,1,1,1,1,1,0,0,1,1,1,0,1,2021,0,0,0,0,0,0,0,,0,0,0,0,0,0,0,0,0,0,0
BEN,434120,434,120,2,3,1,1,1,1,1,1,1,0,1,1,0,1,2021,1,0,0,0,0,1,0,,0,0,0,0,0,0,0,0,0,0,0
BEN,434170,434,170,2,3,1,1,1,1,1,0,1,0,1,1,1,1,2021,1,1,1,0,0,1,1,,0,0,0,0,0,0,0,1,0,0,0
BEN,434186,434,186,2,1,1,1,1,1,1,1,1,0,1,1,0,1,2021,0,0,0,0,0,0,0,,0,0,0,0,0,1,0,0,0,0,0
BEN,434245,434,245,2,3,1,1,1,1,1,1,1,0,1,0,1,0,2021,1,1,0,0,0,1,0,,0,0,0,0,0,0,0,1,0,0,0
BEN,434265,434,265,2,1,1,1,1,1,1,1,1,0,1,1,1,1,2021,1,1,1,1,1,1,1,,0,0,0,0,0,0,0,1,0,0,0
BEN,434290,434,290,2,4,1,1,1,1,1,1,1,0,1,1,0,1,2021,0,0,0,0,0,0,0,,0,0,0,0,0,0,0,0,0,0,0
BEN,435003,435,3,1,4,1,1,1,1,1,0,1,0,1,0,1,0,2021,0,0,0,0,0,0,0,,0,0,0,0,0,1,1,1,1,0,0
BEN,435016,435,16,1,3,1,1,1,1,1,0,1,0,1,0,1,0,2021,1,0,1,0,0,1,0,,0,0,0,0,0,1,0,1,1,0,0
BEN,435029,435,29,1,3,1,1,1,1,1,0,1,0,1,0,1,0,2021,0,0,0,0,0,0,0,,0,0,0,0,0,1,0,1,1,0,0
BEN,435042,435,42,1,4,1,1,1,1,1,0,0,0,1,1,1,0,2021,1,0,0,0,0,0,0,,0,0,0,0,0,1,0,1,1,0,0
BEN,435056,435,56,1,4,1,1,1,1,1,0,0,0,1,0,0,0,2021,0,0,0,0,0,0,0,,0,0,0,0,0,0,0,1,0,0,0
BEN,435082,435,82,1,3,1,1,1,1,1,1,1,0,1,0,0,0,2021,1,0,0,0,0,1,0,,0,0,0,0,0,0,0,1,0,0,0
BEN,435096,435,96,1,3,1,1,1,1,1,1,1,0,1,0,0,0,2021,1,0,0,0,0,1,0,,0,0,0,0,0,0,0,1,0,0,0
BEN,435109,435,109,1,4,0,1,1,1,1,0,0,0,1,1,1,0,2021,0,0,0,0,0,0,0,,0,0,0,0,0,1,0,0,0,0,0
BEN,435122,435,122,1,2,1,1,1,1,1,1,1,0,1,1,1,0,2021,1,1,1,0,0,1,0,,0,0,0,0,0,0,0,0,0,0,0
BEN,435149,435,149,1,3,1,1,1,1,1,1,1,0,1,1,1,0,2021,0,0,0,0,0,0,0,,0,0,0,0,0,0,0,1,0,0,0
BEN,435820,435,820,1,4,1,1,1,1,1,1,1,0,1,0,0,0,2021,0,0,0,0,0,0,0,,0,0,0,0,0,0,0,1,0,0,0
BEN,435821,435,821,1,1,1,1,1,1,1,1,1,0,1,1,1,0,2021,1,0,1,0,0,1,0,,0,0,0,0,0,0,0,0,0,0,0
BEN,436015,436,15,2,4,1,1,1,1,1,0,0,0,1,1,0,1,2021,0,0,0,0,0,0,0,,0,0,0,0,0,1,1,0,0,0,0
BEN,436034,436,34,2,4,0,1,1,1,1,1,1,0,1,1,1,1,2021,0,0,0,0,0,0,0,,0,0,0,0,0,0,1,0,0,0,0
BEN,436073,436,73,2,3,1,1,1,1,1,1,1,0,1,1,1,1,2021,0,0,0,0,0,0,0,,0,0,0,0,0,0,1,0,0,0,0
BEN,436092,436,92,2,4,1,1,1,1,1,1,1,0,1,1,1,1,2021,0,0,0,0,0,0,0,,0,0,0,0,0,0,1,0,0,0,0
BEN,436111,436,111,2,3,1,1,1,1,1,1,1,0,0,0,0,0,2021,0,0,0,0,0,0,0,,0,0,0,0,0,0,0,1,1,0,0
BEN,436120,436,120,2,3,1,1,1,1,1,0,0,0,1,0,0,0,2021,0,0,0,0,0,0,0,,0,0,0,0,0,1,1,1,0,0,0
BEN,436145,436,145,2,3,1,1,1,1,1,0,1,0,0,0,0,0,2021,1,0,0,0,0,1,0,,0,0,0,0,0,0,1,1,0,0,0
BEN,436182,436,182,2,3,1,1,1,1,1,1,1,0,1,0,0,0,2021,1,1,0,0,0,0,0,,0,0,0,0,0,0,1,1,0,0,0
BEN,436187,436,187,2,4,1,1,1,1,1,1,1,0,1,0,0,0,2021,1,0,0,0,0,0,0,,0,0,0,0,0,0,1,1,0,0,0
BEN,436245,436,245,2,3,1,1,1,1,1,0,1,0,1,0,0,0,2021,0,0,0,0,0,0,0,,0,0,0,0,0,0,1,1,0,0,0
BEN,436264,436,264,2,3,1,1,1,1,1,0,0,0,1,0,0,0,2021,0,0,0,0,0,0,0,,0,0,0,0,0,0,1,1,0,0,0
BEN,436302,436,302,2,1,0,1,0,1,1,0,0,0,1,0,0,0,2021,0,0,0,0,0,0,0,,0,0,0,0,0,0,1,1,0,0,0
BEN,437034,437,34,1,3,1,1,1,1,1,1,1,0,1,1,0,0,2021,0,0,0,0,0,0,0,,0,0,0,0,0,0,0,1,0,0,0
BEN,437075,437,75,1,1,1,1,1,1,1,1,1,0,1,1,1,1,2021,1,0,1,0,0,1,0,,0,0,0,0,0,0,0,1,0,0,0
BEN,437116,437,116,1,4,0,1,1,1,1,0,1,0,1,1,0,0,2021,0,0,0,0,0,0,0,,0,0,0,0,0,0,0,1,1,0,0
BEN,437178,437,178,1,3,1,1,1,1,1,0,1,0,1,1,0,0,2021,1,0,0,0,0,0,0,,0,0,0,0,0,0,1,1,0,0,0
BEN,437198,437,198,1,4,1,1,1,1,1,1,1,0,1,1,1,0,2021,1,0,0,0,0,0,0,,0,0,0,0,0,0,0,1,0,0,0
BEN,437219,437,219,1,4,1,1,1,0,1,1,1,0,1,0,1,1,2021,1,1,0,0,0,0,0,,0,0,0,0,0,1,0,0,0,0,0
BEN,437239,437,239,1,4,1,1,1,0,1,1,1,0,1,1,0,1,2021,0,0,0,0,0,0,0,,0,0,0,0,0,0,0,1,0,0,0
BEN,437260,437,260,1,4,1,1,1,1,1,0,1,0,1,1,0,0,2021,0,0,0,0,0,0,0,,0,0,0,0,0,0,0,1,0,0,0
BEN,437280,437,280,1,3,0,1,1,1,1,1,1,0,1,0,1,0,2021,0,0,0,0,0,0,0,,0,0,0,0,0,0,1,0,0,0,0
BEN,437301,437,301,1,4,1,1,1,1,1,1,1,0,1,1,0,0,2021,1,0,0,0,0,0,0,,0,0,0,0,0,1,1,1,0,0,0
BEN,437822,437,822,1,4,1,1,1,1,1,1,1,0,1,1,1,1,2021,0,0,0,0,0,0,0,,0,0,0,0,0,0,0,1,0,0,0
BEN,437823,437,823,1,4,1,1,1,1,1,0,0,0,1,1,0,0,2021,0,0,0,0,0,0,0,,0,0,0,0,0,0,1,1,1,0,0
BEN,438008,438,8,2,4,1,1,1,1,1,0,0,0,1,1,1,1,2021,0,0,0,0,0,0,0,,0,0,0,0,0,0,0,0,0,0,0
BEN,438039,438,39,2,3,1,1,1,1,1,1,1,0,1,1,1,1,2021,1,1,1,1,0,0,1,,0,0,0,0,0,0,0,1,0,0,0
BEN,438056,438,56,2,3,1,1,1,1,1,1,1,0,1,0,1,0,2021,1,0,0,0,0,0,0,,0,0,0,0,0,0,0,1,1,0,0
BEN,438101,438,101,2,3,1,1,1,1,1,1,1,0,1,0,0,0,2021,1,1,0,0,0,1,0,,0,0,0,0,0,0,0,1,0,0,0
BEN,438122,438,122,2,4,1,1,1,1,1,1,1,0,1,1,1,1,2021,0,0,0,0,0,1,0,,0,0,0,0,0,0,0,1,0,0,0
BEN,438142,438,142,2,3,1,1,1,1,1,1,1,0,1,1,1,1,2021,1,1,1,1,1,1,1,,0,0,0,0,0,1,0,1,0,0,0
BEN,438155,438,155,2,3,1,1,1,1,1,1,1,0,1,1,1,1,2021,0,1,0,0,0,0,0,,0,0,0,0,0,0,0,1,0,0,0
BEN,438161,438,161,2,4,1,1,1,1,1,1,1,0,1,0,1,0,2021,1,1,0,0,0,1,0,,0,0,0,0,0,0,0,1,1,0,0
BEN,438170,438,170,2,4,1,1,1,1,1,1,1,0,1,1,1,0,2021,0,0,0,0,0,0,0,,0,0,0,0,0,0,0,0,0,0,0
BEN,438221,438,221,2,3,1,1,1,1,1,1,1,0,1,1,1,1,2021,1,0,0,0,0,0,0,,0,0,0,0,0,1,0,0,0,0,0
BEN,438238,438,238,2,3,1,1,1,1,1,1,1,0,1,1,1,1,2021,0,0,0,0,0,0,0,,0,0,0,0,0,0,0,0,0,0,0
BEN,438254,438,254,2,4,1,1,1,1,1,1,1,0,1,1,1,1,2021,0,0,0,0,0,0,0,,0,0,0,0,0,0,0,0,0,0,0
BEN,439016,439,16,1,1,1,1,1,1,1,1,1,0,1,1,1,1,2021,1,1,1,1,1,1,1,,0,0,0,0,0,0,0,0,0,0,0
BEN,439052,439,52,1,1,1,1,1,1,1,1,1,0,1,0,1,0,2021,1,0,1,0,0,0,0,,0,0,0,0,0,1,0,0,0,0,0
BEN,439092,439,92,1,2,1,1,1,1,1,1,1,0,1,1,1,0,2021,1,0,0,1,0,0,0,,0,0,0,0,0,0,0,0,0,0,0
BEN,439103,439,103,1,2,1,1,1,1,1,1,1,0,1,1,1,0,2021,1,1,0,0,1,0,0,,0,0,0,0,0,1,0,1,0,0,0
BEN,439143,439,143,1,3,1,1,1,1,1,1,1,0,1,0,0,0,2021,1,0,0,0,0,1,0,,0,0,0,0,0,0,1,0,0,0,0
BEN,439159,439,159,1,1,1,1,1,1,1,1,1,0,1,0,1,0,2021,1,0,0,0,0,0,0,,0,0,0,0,0,1,0,0,0,0,0
BEN,439161,439,161,1,4,1,1,1,1,1,1,1,0,1,1,1,1,2021,1,0,0,0,1,1,0,,0,0,0,0,0,0,0,1,0,0,0
BEN,439179,439,179,1,1,1,1,1,1,1,1,1,0,1,1,1,1,2021,1,0,0,0,1,1,0,,0,0,0,0,0,0,1,0,0,0,0
BEN,439233,439,233,1,1,1,1,1,1,1,1,1,0,1,0,1,0,2021,1,0,1,0,0,1,0,,0,0,0,0,0,1,1,1,1,0,0
BEN,439281,439,281,1,1,1,1,0,1,1,1,1,0,1,1,1,1,2021,1,0,0,0,0,0,0,,0,0,0,0,0,1,0,1,1,0,0
BEN,439288,439,288,1,3,1,1,1,1,1,0,0,0,1,0,1,0,2021,0,0,0,0,0,0,0,,0,0,0,0,0,1,0,1,0,0,0
BEN,439824,439,824,1,4,1,1,1,1,1,1,1,0,1,0,0,0,2021,1,0,0,0,0,1,0,,0,0,0,0,0,0,1,1,0,0,0
BEN,440024,440,24,2,3,1,1,1,1,1,1,1,0,1,0,0,0,2021,1,0,0,0,0,1,0,,0,0,0,0,0,0,0,1,0,0,0
BEN,440046,440,46,2,1,1,1,1,1,1,1,1,0,1,1,1,1,2021,1,0,0,0,0,1,0,,0,0,0,0,0,0,0,1,0,0,0
BEN,440109,440,109,2,4,1,1,1,1,1,1,1,0,1,1,1,1,2021,0,0,0,0,0,0,0,,0,0,0,0,0,0,0,1,1,0,0
BEN,440124,440,124,2,4,1,1,1,1,1,1,1,0,1,1,0,1,2021,1,0,1,0,0,0,0,,0,0,0,0,0,0,0,0,0,0,0
BEN,440131,440,131,2,3,1,1,1,1,1,1,1,0,1,0,0,0,2021,1,0,0,0,0,0,0,,0,0,0,0,0,0,0,1,1,0,0
BEN,440144,440,144,2,4,1,1,1,1,1,1,1,0,1,1,1,1,2021,1,0,0,0,0,0,0,,0,0,0,0,0,0,0,0,0,0,0
BEN,440183,440,183,2,3,1,1,1,1,1,1,1,0,1,1,1,1,2021,1,1,0,0,0,0,0,,0,0,0,0,0,0,0,0,0,0,0
BEN,440222,440,222,2,3,1,1,1,1,1,1,1,0,1,0,1,0,2021,0,0,0,0,0,0,0,,0,0,0,0,0,0,0,1,0,0,0
BEN,440232,440,232,2,4,1,1,1,1,1,1,1,0,1,1,1,1,2021,1,0,0,0,0,1,0,,0,0,0,0,0,0,0,1,0,0,0
BEN,440259,440,259,2,3,1,1,1,1,1,1,1,0,1,1,1,1,2021,0,0,0,0,0,0,0,,0,0,0,0,0,0,0,0,0,0,0
BEN,440270,440,270,2,3,1,1,1,1,1,1,1,0,1,0,0,1,2021,0,0,0,0,0,0,0,,0,0,0,0,0,0,0,0,0,0,0
BEN,440290,440,290,2,4,1,1,1,1,1,1,1,0,1,0,1,1,2021,1,1,1,0,1,1,1,,0,0,0,0,0,0,0,1,1,0,0
BEN,441022,441,22,1,3,1,1,1,1,1,0,0,0,1,0,1,0,2021,0,0,0,0,0,0,0,,0,0,0,0,0,1,0,1,1,0,0
BEN,441038,441,38,1,3,1,1,1,1,1,0,1,0,1,0,1,0,2021,1,0,0,1,0,1,0,,0,0,0,0,0,1,0,1,1,0,0
BEN,441071,441,71,1,1,0,1,0,1,1,0,1,0,1,0,0,0,2021,1,0,0,0,0,0,0,,0,0,0,0,0,1,1,1,1,0,0
BEN,441086,441,86,1,4,1,1,1,1,1,0,1,0,1,0,0,0,2021,0,0,0,0,0,0,0,,0,0,0,0,0,0,0,1,0,0,0
BEN,441102,441,102,1,1,1,1,1,1,1,1,1,0,1,1,1,1,2021,1,0,0,0,0,1,0,,0,0,0,0,0,0,0,0,0,0,0
BEN,441135,441,135,1,1,1,1,1,1,1,1,1,0,1,1,1,0,2021,1,0,0,0,0,1,0,,0,0,0,0,0,0,0,0,0,0,0
BEN,441167,441,167,1,2,1,1,1,1,1,1,1,0,1,0,1,0,2021,1,0,0,0,0,1,0,,0,0,0,0,0,0,0,0,0,0,0
BEN,441215,441,215,1,1,1,1,1,1,1,1,1,0,1,1,1,0,2021,1,0,1,0,0,0,1,,0,0,0,0,0,1,0,0,0,0,0
BEN,441231,441,231,1,1,1,1,1,1,1,1,1,0,1,1,1,0,2021,1,0,0,0,0,0,0,,0,0,0,0,0,1,0,0,0,0,0
BEN,441247,441,247,1,4,1,1,1,1,1,1,1,0,1,1,1,0,2021,1,0,0,0,0,0,0,,0,0,2,0,0,1,0,0,0,0,0
BEN,441825,441,825,1,4,1,1,1,1,1,1,1,0,0,0,1,0,2021,1,0,0,0,0,1,0,,0,0,0,0,0,1,1,1,1,0,0
BEN,441826,441,826,1,4,1,1,1,1,1,1,1,0,1,1,1,0,2021,1,0,0,0,0,1,0,,0,0,0,0,0,0,0,1,0,0,0
BEN,442013,442,13,2,3,1,1,1,1,1,1,1,0,1,1,0,1,2021,1,0,0,0,0,0,0,,0,0,0,0,0,0,0,0,0,0,0
BEN,442030,442,30,2,3,1,1,1,1,1,1,1,0,1,1,1,1,2021,1,1,1,0,1,1,1,,0,0,0,0,0,0,0,1,1,0,0
BEN,442085,442,85,2,4,1,1,1,1,1,1,1,0,1,0,0,0,2021,1,0,0,0,0,0,0,,0,0,0,0,0,1,0,1,1,0,0
BEN,442105,442,105,2,4,1,1,1,1,1,1,1,0,1,0,0,0,2021,1,0,1,0,0,0,0,,0,0,0,0,0,0,0,1,0,0,0
BEN,442125,442,125,2,3,1,1,1,1,1,1,1,0,1,0,1,1,2021,1,0,0,0,0,1,0,,0,0,0,0,0,0,0,1,0,0,0
BEN,442170,442,170,2,3,1,1,1,1,1,1,1,0,0,0,0,0,2021,0,0,0,0,0,0,0,,0,0,0,0,0,0,1,1,0,0,0
BEN,442180,442,180,2,1,1,1,1,1,1,1,1,0,1,0,0,0,2021,1,0,0,0,0,1,0,,0,0,0,0,0,0,0,1,0,0,0
BEN,442219,442,219,2,3,1,1,1,1,1,0,0,0,1,0,0,0,2021,0,0,0,0,0,0,0,,0,0,0,0,0,0,0,1,0,0,0
BEN,442263,442,263,2,4,1,1,1,1,1,0,0,0,1,0,1,0,2021,0,0,0,0,0,0,0,,0,0,0,0,0,1,1,1,0,0,0
BEN,442285,442,285,2,3,1,1,1,1,1,1,1,0,1,1,1,1,2021,0,0,0,0,0,0,0,,0,0,0,0,0,0,0,0,0,0,0
BEN,442307,442,307,2,4,1,1,1,1,1,1,1,0,1,1,1,1,2021,1,0,0,0,0,0,0,,0,0,0,0,0,0,0,0,0,0,0
BEN,442350,442,350,2,3,1,1,1,1,1,1,1,0,1,1,0,1,2021,1,0,0,0,0,1,0,,0,0,0,0,0,0,0,0,0,0,0
BEN,443004,443,4,1,2,1,0,1,1,1,0,1,0,1,0,0,0,2021,1,0,0,0,0,1,0,,0,0,0,0,0,1,0,1,1,0,0
BEN,443022,443,22,1,2,1,0,1,1,1,0,1,0,1,0,1,0,2021,1,0,0,0,0,1,0,,0,0,0,0,0,1,0,1,1,0,0
BEN,443039,443,39,1,4,1,1,1,1,1,0,1,0,1,0,1,0,2021,0,0,0,0,0,0,0,,0,0,0,0,0,0,0,1,1,0,0
BEN,443057,443,57,1,2,1,1,1,1,1,0,1,0,1,1,1,0,2021,1,1,0,0,0,1,0,,0,0,0,0,24,1,0,1,1,0,0
BEN,443075,443,75,1,4,1,1,1,1,1,0,1,0,1,0,0,0,2021,0,0,0,0,0,0,0,,0,0,0,0,0,0,0,1,0,0,0
BEN,443093,443,93,1,4,1,1,1,1,1,1,1,0,1,0,0,0,2021,1,0,0,0,0,0,0,,0,0,0,0,0,1,0,1,0,0,0
BEN,443110,443,110,1,4,0,1,1,1,1,0,1,0,1,0,0,0,2021,0,0,0,0,0,0,0,,0,0,0,0,0,0,0,1,0,0,0
BEN,443128,443,128,1,4,1,1,1,1,1,0,1,0,1,0,0,0,2021,0,0,0,0,0,0,0,,0,0,0,0,0,0,0,1,0,0,0
BEN,443146,443,146,1,1,1,1,1,1,1,1,1,0,1,0,0,0,2021,1,0,0,0,0,1,0,,0,0,0,0,0,1,0,0,0,0,0
BEN,443163,443,163,1,3,1,1,1,1,1,1,1,0,1,1,1,0,2021,1,0,0,0,0,1,0,,0,0,0,0,0,1,0,0,0,0,0
BEN,443181,443,181,1,2,1,1,1,1,1,1,1,0,1,0,1,0,2021,1,0,0,0,0,0,0,,0,0,0,0,0,1,0,0,0,0,0
BEN,443216,443,216,1,2,1,1,1,1,1,0,0,0,1,0,0,0,2021,0,0,0,0,0,0,0,,0,0,0,0,0,1,0,0,0,0,0
BEN,444002,444,2,2,1,1,1,1,1,1,1,1,0,1,1,1,1,2021,1,1,1,1,1,1,1,,0,0,0,0,0,0,0,1,0,0,0
BEN,444022,444,22,2,4,1,1,1,1,1,0,0,0,1,0,1,0,2021,0,0,0,0,0,0,0,,0,0,0,0,0,0,0,1,1,0,0
BEN,444038,444,38,2,1,1,1,1,1,1,1,1,0,1,1,1,1,2021,1,1,1,1,1,1,1,,0,0,0,0,0,1,0,1,1,0,0
BEN,444056,444,56,2,3,1,1,1,1,1,1,1,0,1,1,1,1,2021,1,1,0,0,1,1,1,,0,0,0,0,0,0,0,1,1,0,0
BEN,444074,444,74,2,1,1,1,1,1,1,1,1,0,1,1,1,1,2021,1,0,0,0,1,1,1,,0,0,0,0,0,0,0,1,0,0,0
BEN,444110,444,110,2,3,1,1,1,1,1,1,1,0,1,0,0,1,2021,1,0,0,0,0,1,0,,0,0,0,0,0,0,0,1,0,0,0
BEN,444128,444,128,2,3,1,1,1,1,1,0,0,0,1,0,0,0,2021,1,0,0,0,0,1,0,,0,0,0,0,0,0,0,0,0,0,0
BEN,444146,444,146,2,3,1,1,1,1,1,1,1,0,1,0,0,0,2021,1,0,0,0,0,1,0,,0,0,0,0,0,0,0,0,0,0,0
BEN,444182,444,182,2,4,1,1,1,1,1,1,1,0,1,1,1,1,2021,1,0,0,0,0,1,1,,0,0,0,0,0,0,0,0,0,0,0
BEN,444200,444,200,2,3,1,1,1,1,1,1,1,0,1,1,1,1,2021,1,0,1,0,1,1,1,,0,0,0,0,0,0,0,0,0,0,0
BEN,444210,444,210,2,3,1,1,1,1,1,1,1,0,1,1,1,1,2021,1,0,1,0,1,1,1,,0,0,0,0,0,0,0,0,0,0,0
BEN,444253,444,253,2,3,1,1,1,1,1,1,1,0,1,1,1,1,2021,1,0,0,0,1,1,1,,0,0,0,0,0,0,0,0,0,0,0
BEN,445034,445,34,1,1,1,1,1,1,1,1,1,0,1,1,1,0,2021,1,1,1,0,1,1,1,,0,0,0,0,0,1,1,1,1,0,0
BEN,445060,445,60,1,1,1,1,1,1,1,1,0,1,1,0,0,0,2021,0,0,0,0,0,0,0,,0,0,0,0,0,1,1,1,0,0,0
BEN,445085,445,85,1,1,1,1,1,1,1,1,1,0,1,1,1,0,2021,1,1,1,1,1,1,0,,0,0,0,0,0,1,0,1,1,0,0
BEN,445111,445,111,1,1,1,1,1,1,1,1,1,0,1,0,0,0,2021,0,0,0,0,0,0,0,,0,0,0,0,0,0,0,1,0,0,0
BEN,445136,445,136,1,4,1,1,1,1,1,0,1,0,0,0,0,0,2021,0,0,0,0,0,0,0,,0,0,0,0,0,0,0,1,0,0,0
BEN,445161,445,161,1,4,0,1,1,1,1,0,1,0,1,0,0,0,2021,1,0,0,0,0,0,0,,0,0,0,0,0,0,0,1,0,0,0
BEN,445187,445,187,1,1,1,1,1,1,1,1,1,0,1,0,0,0,2021,1,0,0,0,0,0,0,,0,0,0,0,0,0,0,1,0,0,0
BEN,445340,445,340,1,2,1,1,1,1,1,1,1,0,1,1,1,0,2021,1,0,1,0,0,1,1,,0,0,0,0,0,1,0,0,0,0,0
BEN,445827,445,827,1,1,1,1,1,1,1,1,1,0,1,1,1,0,2021,1,1,1,0,0,1,1,,0,0,0,0,0,1,0,1,1,0,0
BEN,445828,445,828,1,3,1,1,1,1,1,1,1,0,1,1,1,0,2021,1,0,0,0,0,0,0,,0,0,0,0,0,0,0,0,0,0,0
BEN,445829,445,829,1,3,1,1,1,1,1,0,0,1,0,1,1,0,2021,0,0,0,0,0,0,0,,0,0,0,0,0,0,0,0,1,0,0
BEN,445830,445,830,1,1,1,1,1,1,1,1,1,0,1,1,1,0,2021,1,0,1,0,0,1,1,,0,0,0,0,0,0,0,0,0,0,0
BEN,446013,446,13,2,3,1,1,1,1,1,1,1,0,1,0,0,0,2021,0,0,0,0,0,0,0,,0,0,0,0,0,0,0,1,1,0,0
BEN,446030,446,30,2,3,1,1,1,1,1,0,0,0,1,0,0,1,2021,1,0,0,0,0,1,0,,0,0,0,0,0,0,0,1,0,0,0
BEN,446033,446,33,2,3,1,1,1,1,1,1,1,0,1,0,0,0,2021,1,1,0,0,0,1,0,,0,0,0,0,0,0,0,1,1,0,0
BEN,446086,446,86,2,3,0,1,1,1,1,0,0,0,1,0,0,0,2021,0,0,0,0,0,0,0,,0,0,0,0,0,0,1,1,1,0,0
BEN,446100,446,100,2,4,1,1,1,1,1,1,1,0,1,0,0,0,2021,1,0,0,0,0,0,0,,0,0,0,0,0,1,0,1,0,0,0
BEN,446140,446,140,2,3,1,1,1,1,1,1,1,0,1,1,1,1,2021,1,0,0,0,0,1,0,,0,0,0,0,10,0,0,1,0,0,0
BEN,446158,446,158,2,3,1,1,1,1,1,1,1,0,1,0,0,0,2021,1,0,1,0,0,1,0,,0,0,0,0,0,0,0,1,0,0,0
BEN,446160,446,160,2,4,1,1,1,0,0,1,1,0,1,0,1,0,2021,0,0,0,0,0,0,0,,0,0,0,0,0,1,1,1,0,0,0
BEN,446212,446,212,2,1,1,1,1,1,1,1,1,0,1,1,1,1,2021,1,1,1,1,1,1,1,,0,0,0,0,0,1,0,0,0,0,0
BEN,446230,446,230,2,1,1,1,1,1,1,1,1,0,1,1,1,1,2021,1,0,0,0,0,1,0,,0,0,0,0,0,0,0,0,0,0,0
BEN,446248,446,248,2,3,1,1,1,1,1,1,1,0,1,1,1,1,2021,0,1,1,1,1,1,1,,0,0,0,0,0,0,0,0,0,0,0
BEN,446284,446,284,2,3,0,1,1,1,1,1,1,0,1,0,0,0,2021,0,0,0,0,0,0,0,,0,0,0,0,0,0,0,0,0,0,0
BEN,447013,447,13,1,1,0,1,1,0,1,1,1,0,0,0,1,0,2021,0,0,0,0,0,0,0,,0,0,0,0,0,0,0,0,0,0,0
BEN,447019,447,19,1,1,0,1,0,0,1,0,0,0,0,0,0,0,2021,0,0,0,0,0,0,0,,0,0,0,0,8,0,1,1,0,0,0
BEN,447059,447,59,1,2,0,0,1,1,1,0,0,0,1,0,1,0,2021,0,0,0,0,0,0,0,0.054200999438762665,0,0,0,0,0,0,0,0,0,0,0
BEN,447119,447,119,1,2,1,1,0,1,1,0,0,0,0,0,1,0,2021,0,0,0,0,0,0,0,,0,0,0,0,0,0,1,0,0,0,0
BEN,447148,447,148,1,2,0,1,0,1,1,0,0,0,0,0,0,0,2021,0,0,0,0,0,0,0,0.9431893825531006,0,0,0,0,0,1,0,0,0,0,0
BEN,447151,447,151,1,1,1,1,0,0,1,0,0,0,0,1,1,1,2021,0,0,0,0,0,0,0,,0,0,0,0,5,0,1,0,0,0,0
BEN,447160,447,160,1,1,0,0,1,1,1,0,0,0,1,0,0,0,2021,0,0,0,0,0,0,0,1.1993279457092285,0,0,0,0,10,0,0,0,0,0,0
BEN,447167,447,167,1,3,0,1,1,1,1,0,0,1,1,0,0,0,2021,0,0,0,0,0,0,0,,0,0,0,0,0,0,0,0,0,0,0
BEN,447178,447,178,1,1,0,1,0,0,1,0,0,0,0,0,0,0,2021,0,0,0,0,0,0,0,0.17651699483394623,0,0,0,0,7,0,1,1,0,0,0
BEN,447198,447,198,1,1,1,1,0,1,1,0,0,0,0,1,0,1,2021,0,0,0,0,0,0,0,0.2834799885749817,0,0,0,0,0,0,1,0,0,0,0
BEN,447203,447,203,1,1,0,1,1,0,1,0,0,1,0,0,0,0,2021,0,0,0,0,0,0,0,,0,5,0,2,40,0,1,0,0,0,0
BEN,447218,447,218,1,1,1,1,1,1,1,0,0,0,0,1,0,0,2021,0,0,0,0,0,0,0,,0,0,0,0,3,0,1,1,0,0,0
BEN,448010,448,10,2,2,1,0,0,1,1,0,0,0,0,0,0,0,2021,0,0,0,0,0,0,0,0.4894999861717224,0,1,0,0,6,1,1,0,1,1,0
BEN,448041,448,41,2,2,1,0,1,1,1,0,0,0,0,0,0,0,2021,0,0,0,0,0,0,0,1.1380000114440918,0,0,0,0,0,1,1,0,0,1,0
BEN,448051,448,51,2,2,1,0,1,1,1,0,0,0,0,0,0,0,2021,0,0,0,0,0,0,0,0.3970000147819519,0,0,0,0,0,0,1,0,1,1,0
BEN,448062,448,62,2,4,0,1,1,1,1,0,0,1,1,0,0,1,2021,0,0,0,0,0,0,0,,0,3,0,0,0,0,1,1,0,0,0
BEN,448083,448,83,2,4,0,1,1,1,1,0,0,1,1,0,0,0,2021,0,0,0,0,0,0,0,1.3028184175491333,0,0,0,0,0,0,0,0,0,0,0
BEN,448085,448,85,2,1,1,1,1,1,1,0,0,1,0,0,1,0,2021,1,0,0,0,0,1,0,,0,3,0,0,20,1,1,0,0,0,0
BEN,448093,448,93,2,1,0,1,1,1,1,0,1,0,1,0,0,0,2021,0,0,0,0,0,0,0,,0,0,0,0,4,0,0,1,0,0,0
BEN,448104,448,104,2,4,0,1,1,1,1,1,1,0,0,0,1,1,2021,0,0,0,0,0,0,0,,0,0,0,0,2,1,0,0,0,0,0
BEN,448124,448,124,2,1,1,1,1,1,1,1,1,0,0,0,0,0,2021,1,0,0,0,0,0,0,1.357497215270996,0,0,0,0,0,0,1,0,0,0,0
BEN,448135,448,135,2,1,0,1,1,1,1,0,1,0,0,0,0,0,2021,1,0,0,0,0,0,0,1.319144606590271,0,0,0,0,0,0,1,0,0,0,0
BEN,448145,448,145,2,4,0,1,1,1,1,0,0,1,0,0,0,0,2021,0,0,0,0,0,0,0,0.045260000973939896,0,0,0,0,0,0,1,0,0,0,0
BEN,448166,448,166,2,1,1,1,1,1,1,0,1,0,0,0,0,0,2021,1,0,0,0,0,0,0,1.1191331148147583,0,0,0,0,0,0,1,0,0,0,0
BEN,449008,449,8,1,2,1,1,1,1,1,0,0,0,1,0,0,0,2021,0,0,0,0,0,0,0,,0,0,0,0,15,0,1,0,0,0,0
BEN,449019,449,19,1,2,1,1,1,1,1,0,0,0,0,0,0,0,2021,0,0,0,0,0,0,0,0.11675199866294861,0,0,0,0,0,0,1,0,0,0,0
BEN,449030,449,30,1,2,1,1,1,1,1,0,0,0,1,0,0,0,2021,0,0,0,0,0,0,0,,0,0,0,0,25,0,1,1,0,0,0
BEN,449040,449,40,1,2,1,0,0,1,1,0,0,0,0,0,0,0,2021,0,0,0,0,0,0,0,,0,0,0,0,5,0,1,0,0,0,0
BEN,449051,449,51,1,2,0,0,0,0,0,0,0,1,1,0,0,0,2021,0,0,0,0,0,0,0,2.5523065328598022,0,4,0,0,10,0,1,0,0,0,0
BEN,449062,449,62,1,2,0,0,0,0,0,0,0,0,1,0,0,0,2021,0,0,0,0,0,0,0,1.0111863613128662,0,0,0,0,0,0,1,0,0,0,0
BEN,449073,449,73,1,2,1,1,0,1,1,0,0,1,1,0,0,0,2021,0,0,0,0,0,0,0,1.1599465608596802,0,3,0,0,10,1,1,0,0,0,0
BEN,449083,449,83,1,2,0,1,0,0,0,0,0,0,1,0,0,0,2021,0,0,0,0,0,0,0,0.937457263469696,0,0,0,0,5,0,1,0,0,1,0
BEN,449094,449,94,1,1,1,1,0,0,0,0,0,1,0,0,0,0,2021,0,0,0,0,0,0,0,1.2588169574737549,0,0,0,0,0,0,0,1,1,1,0
BEN,449105,449,105,1,1,1,1,0,0,0,0,0,1,0,0,0,0,2021,0,0,0,0,0,0,0,,0,0,0,0,0,0,1,0,0,0,0
BEN,449116,449,116,1,1,1,1,1,0,0,0,0,1,0,0,0,0,2021,0,0,0,0,0,0,0,,0,4,0,0,5,0,1,0,0,1,0
BEN,449126,449,126,1,4,0,0,0,0,0,0,0,0,0,0,0,0,2021,0,0,0,0,0,0,0,0.9948135018348694,0,0,0,0,0,0,1,1,0,1,0
BEN,450009,450,9,2,2,1,0,1,1,1,0,0,0,0,0,0,0,2021,0,0,0,0,0,0,0,0.09480000287294388,0,0,0,0,5,0,1,1,0,0,0
BEN,450017,450,17,2,2,1,1,1,1,1,0,0,1,0,0,0,0,2021,0,0,0,0,0,0,0,,0,0,0,0,0,1,1,0,1,0,0
BEN,450025,450,25,2,2,1,1,0,1,1,0,0,0,0,0,0,0,2021,0,0,0,0,0,0,0,0.039799999445676804,0,0,0,0,0,1,1,0,0,0,0
BEN,450041,450,41,2,2,1,1,1,1,1,0,0,0,0,0,0,0,2021,0,0,0,0,0,0,0,0.7394000291824341,0,5,0,0,6,1,1,0,1,1,0
BEN,450049,450,49,2,4,0,1,0,1,1,0,0,1,1,0,0,0,2021,0,0,0,0,0,0,0,2.151378870010376,0,0,0,0,15,1,1,0,0,0,0
BEN,450057,450,57,2,4,0,1,0,1,1,0,0,1,1,0,0,0,2021,0,0,0,0,0,0,0,,0,3,0,0,25,0,1,0,0,0,0
BEN,450073,450,73,2,4,0,1,0,1,1,0,0,1,1,0,0,0,2021,0,0,0,0,0,0,0,0.20523999631404877,0,0,0,0,4,0,1,0,0,0,0
BEN,450081,450,81,2,4,0,1,1,1,1,0,0,1,1,0,0,0,2021,0,0,0,0,0,0,0,1.246699571609497,0,0,0,0,5,1,1,0,0,0,0
BEN,450089,450,89,2,4,0,1,0,1,1,0,0,0,0,0,1,0,2021,0,0,0,0,0,0,0,0.7865238189697266,0,0,0,0,0,1,1,0,0,0,0
BEN,450105,450,105,2,4,0,1,1,1,0,0,0,0,0,0,0,0,2021,0,0,0,0,0,0,0,0.08657000213861465,0,0,0,0,0,0,1,0,0,0,0
BEN,450113,450,113,2,4,0,1,1,1,0,0,0,0,0,0,0,0,2021,0,0,0,0,0,0,0,,0,0,0,0,0,0,1,0,0,0,0
BEN,450121,450,121,2,4,0,1,0,1,1,0,0,1,0,0,1,0,2021,0,0,0,0,0,0,0,1.149816870689392,0,0,0,0,0,0,1,1,0,0,0
BEN,451012,451,12,1,1,1,1,0,1,1,1,1,0,0,0,0,0,2021,0,0,0,0,0,0,0,,0,0,0,0,9,0,1,0,0,0,0
BEN,451026,451,26,1,2,1,1,0,1,1,0,1,0,0,0,0,0,2021,0,0,0,0,0,0,0,,0,0,0,0,5,0,1,0,0,0,0
BEN,451040,451,40,1,1,1,1,0,1,1,0,0,0,0,0,0,0,2021,0,0,0,0,0,0,0,0.10587800294160843,0,0,0,0,0,0,1,0,0,0,0
BEN,451054,451,54,1,2,1,1,0,1,1,0,0,0,0,0,1,0,2021,0,0,0,0,0,0,0,,0,0,0,0,20,0,1,0,0,0,0
BEN,451082,451,82,1,2,0,1,1,1,1,1,1,0,1,0,0,0,2021,0,0,0,0,0,0,0,2.0071635246276855,0,0,0,0,4,1,1,1,1,1,0
BEN,451096,451,96,1,2,0,1,0,1,1,0,0,0,1,0,0,0,2021,0,0,0,0,0,0,0,1.0728909969329834,0,0,0,0,0,1,1,0,1,1,0
BEN,451110,451,110,1,2,0,1,0,1,1,1,1,0,1,0,0,0,2021,0,0,0,0,0,0,0,1.1960159540176392,0,0,0,0,0,0,1,0,0,1,0
BEN,451124,451,124,1,4,0,1,0,0,0,0,0,0,0,0,0,0,2021,0,0,0,0,0,0,0,0.07266800105571747,0,0,0,0,0,1,1,0,0,0,0
BEN,451138,451,138,1,1,0,1,0,0,1,1,1,0,0,0,0,0,2021,0,0,0,0,0,0,0,0.07268700003623962,0,0,0,0,0,1,1,0,0,0,0
BEN,451152,451,152,1,1,1,1,1,0,0,0,0,1,0,0,1,0,2021,0,0,0,0,0,0,0,0.49442699551582336,0,9,0,0,0,0,1,1,0,0,0
BEN,451166,451,166,1,4,1,1,1,0,0,0,1,0,0,0,1,0,2021,0,0,0,0,0,0,0,0.07698599994182587,0,0,0,0,0,0,1,0,0,0,0
BEN,452008,452,8,2,2,1,1,1,1,1,0,0,1,0,0,0,0,2021,0,0,0,0,0,0,0,1.5198767185211182,0,6,0,0,4,0,1,0,0,1,0
BEN,452018,452,18,2,2,1,0,0,1,1,0,0,1,1,0,0,0,2021,0,0,0,0,0,0,0,0.6955999732017517,0,7,0,0,5,0,1,0,0,1,0
BEN,452040,452,40,2,2,1,1,1,1,1,0,0,0,1,0,0,0,2021,0,0,0,0,0,0,0,1.3609331101179123,0,12,0,0,6,0,1,0,0,1,0
BEN,452051,452,51,2,2,0,0,0,1,1,0,0,1,0,0,0,0,2021,0,0,0,0,0,0,0,,0,0,0,0,0,0,1,0,0,1,0
BEN,452061,452,61,2,4,1,1,0,1,1,0,0,1,1,0,0,0,2021,0,0,0,0,0,0,0,,0,5,0,0,0,0,1,0,0,0,0
BEN,452083,452,83,2,4,1,1,1,1,1,0,0,1,1,0,0,0,2021,0,0,0,0,0,0,0,,0,0,0,0,0,0,1,0,0,0,0
BEN,452093,452,93,2,4,1,1,0,1,1,0,0,1,1,0,0,0,2021,0,0,0,0,0,0,0,0.8815888464450836,0,0,0,0,0,1,1,0,0,0,0
BEN,452126,452,126,2,4,0,1,0,1,1,0,0,0,1,0,0,0,2021,0,0,0,0,0,0,0,,0,0,0,0,0,0,1,0,0,0,0
BEN,452136,452,136,2,4,0,1,1,1,1,0,0,1,0,0,1,0,2021,0,0,0,0,0,0,0,0.04981999844312668,0,0,0,0,0,0,1,1,1,0,0
BEN,452147,452,147,2,4,0,0,0,1,1,0,0,1,0,0,0,0,2021,0,0,0,0,0,0,0,0.048239998519420624,0,0,0,0,0,0,1,0,0,0,0
BEN,452168,452,168,2,4,0,1,0,1,1,0,0,1,0,0,1,0,2021,0,0,0,0,0,0,0,,0,8,0,0,0,0,1,0,0,0,0
BEN,452831,452,831,2,4,0,1,1,1,1,0,0,1,0,0,1,0,2021,0,0,0,0,0,0,0,0.48608800768852234,0,0,0,0,0,1,1,0,0,0,0
BEN,453004,453,4,1,2,1,1,0,1,1,0,0,0,0,0,0,0,2021,0,0,0,0,0,0,0,0.16924600303173065,0,0,0,0,0,1,1,0,0,0,0
BEN,453011,453,11,1,2,1,1,0,1,1,0,0,0,0,0,0,0,2021,0,0,0,0,0,0,0,0.1296519935131073,0,0,0,0,0,0,1,0,0,0,0
BEN,453019,453,19,1,2,1,0,0,1,1,0,0,0,0,0,0,0,2021,0,0,0,0,0,0,0,0.19235600531101227,0,0,0,0,0,0,1,0,0,0,0
BEN,453026,453,26,1,2,1,1,0,0,1,0,0,0,0,0,0,0,2021,0,0,0,0,0,0,0,,0,0,0,0,25,0,1,0,0,0,0
BEN,453034,453,34,1,2,1,1,1,0,0,0,0,0,1,0,0,0,2021,0,0,0,0,0,0,0,1.0911993980407715,0,0,0,0,0,0,1,0,0,1,0
BEN,453042,453,42,1,2,1,1,1,0,0,0,0,1,1,0,0,0,2021,1,0,0,0,0,1,0,1.1146732568740845,0,0,0,0,0,0,1,0,0,1,0
BEN,453049,453,49,1,2,1,1,0,0,0,0,0,0,1,0,0,0,2021,0,0,0,0,0,0,0,1.2261747121810913,0,0,0,0,0,0,1,0,0,1,0
BEN,453057,453,57,1,4,1,1,0,0,0,0,0,0,1,0,0,0,2021,0,0,0,0,0,0,0,3.0299665927886963,0,5,0,0,6,0,1,0,0,1,0
BEN,453064,453,64,1,4,1,1,1,0,0,0,0,0,0,0,0,0,2021,0,0,0,0,0,0,0,1.1964472532272339,0,0,0,0,0,0,1,1,0,0,0
BEN,453072,453,72,1,1,0,1,1,0,0,0,0,0,0,0,0,0,2021,0,0,0,0,0,0,0,1.10421884059906,0,0,0,0,0,0,1,0,0,0,0
BEN,453079,453,79,1,4,0,0,0,0,0,0,0,0,0,0,0,0,2021,0,0,0,0,0,0,0,1.0941731929779053,0,0,0,0,0,0,1,0,0,0,0
BEN,453087,453,87,1,1,1,1,1,0,0,0,0,1,0,0,0,0,2021,0,0,0,0,0,0,0,1.3492828607559204,0,0,0,0,0,0,1,0,0,0,0
BEN,454016,454,16,2,2,1,1,1,1,1,0,1,0,0,0,0,0,2021,0,0,0,0,0,0,0,,0,0,0,0,4,1,1,1,0,0,0
BEN,454034,454,34,2,2,1,1,0,1,1,0,0,0,0,0,0,0,2021,0,0,0,0,0,0,0,0.25,0,0,0,0,5,1,1,0,1,1,0
BEN,454053,454,53,2,4,1,1,0,1,1,1,1,0,0,0,0,0,2021,0,0,0,0,0,0,0,,0,0,0,0,6,0,0,0,1,0,0
BEN,454071,454,71,2,1,1,1,1,1,1,0,0,1,0,0,0,0,2021,0,0,0,0,0,0,0,,0,0,0,0,0,0,1,1,1,0,0
BEN,454089,454,89,2,3,0,1,1,1,1,0,0,0,1,0,0,0,2021,0,0,0,0,0,0,0,,0,0,0,0,3,0,1,0,0,0,0
BEN,454108,454,108,2,4,0,1,0,1,1,0,0,0,1,0,0,0,2021,0,0,0,0,0,0,0,,0,1,0,0,6,0,1,1,0,0,0
BEN,454163,454,163,2,4,1,1,1,1,1,1,1,0,1,1,1,0,2021,0,0,0,0,0,0,0,0.9737221598625183,0,0,0,0,0,1,0,0,0,0,0
BEN,454181,454,181,2,4,1,1,1,1,1,0,0,0,1,0,0,0,2021,0,0,0,0,0,0,0,,0,0,0,0,0,0,1,0,0,0,0
BEN,454218,454,218,2,1,0,1,0,1,1,0,0,0,0,0,0,0,2021,0,0,0,0,0,0,0,,0,0,0,0,0,1,0,1,0,0,0
BEN,454236,454,236,2,1,0,1,1,1,1,1,1,0,0,0,0,0,2021,1,0,0,0,0,0,0,,0,0,0,0,0,0,0,1,0,0,0
BEN,454255,454,255,2,1,1,1,1,1,1,1,1,0,0,0,0,0,2021,1,0,0,0,0,0,0,,0,0,0,0,0,0,1,0,0,0,0
BEN,454292,454,292,2,4,0,1,0,1,1,0,1,0,0,0,1,0,2021,0,0,0,0,0,0,0,,0,0,0,0,0,0,0,1,0,0,0
BEN,455001,455,1,1,2,0,1,0,1,1,0,0,0,0,0,0,0,2021,0,0,0,0,0,0,0,0.5695880055427551,0,0,0,0,10,0,1,1,0,0,0
BEN,455011,455,11,1,2,0,1,1,1,1,0,0,1,0,0,0,0,2021,0,0,0,0,0,0,0,,0,2,0,0,5,0,1,1,0,0,0
BEN,455020,455,20,1,2,0,1,0,1,1,0,0,0,0,0,0,0,2021,0,0,0,0,0,0,0,0.7059540152549744,0,0,0,0,0,0,1,0,0,0,0
BEN,455029,455,29,1,2,0,1,0,1,1,0,0,0,0,0,0,0,2021,0,0,0,0,0,0,0,,0,0,0,0,0,0,0,1,0,0,0
BEN,455038,455,38,1,2,0,1,0,1,1,0,0,0,1,0,0,0,2021,0,0,0,0,0,0,0,,0,0,0,0,0,0,0,1,0,0,0
BEN,455047,455,47,1,2,0,0,0,1,1,0,0,0,1,0,0,0,2021,0,0,0,0,0,0,0,,0,0,0,0,15,0,0,1,0,0,0
BEN,455056,455,56,1,2,1,1,0,1,1,0,0,0,1,0,0,0,2021,0,0,0,0,0,0,0,,0,0,0,0,10,0,0,1,0,0,0
BEN,455065,455,65,1,2,0,1,0,1,1,0,0,0,1,0,0,0,2021,0,0,0,0,0,0,0,,0,0,0,0,19,1,0,1,0,0,0
BEN,455074,455,74,1,2,0,1,0,1,1,0,0,0,0,0,0,0,2021,0,0,0,0,0,0,0,6.690000057220459,0,3,0,0,7,0,0,0,0,0,0
BEN,455083,455,83,1,2,0,1,0,1,1,0,0,0,0,0,0,0,2021,0,0,0,0,0,0,0,,0,0,0,0,20,0,0,0,0,0,0
BEN,455092,455,92,1,2,0,1,0,1,1,0,0,0,0,0,0,0,2021,0,0,0,0,0,0,0,,0,0,0,0,0,0,0,0,0,0,0
BEN,455101,455,101,1,2,0,1,0,1,1,0,0,0,0,0,0,0,2021,0,0,0,0,0,0,0,,0,0,0,0,1,0,0,0,0,0,0
BEN,456016,456,16,2,2,0,0,0,0,0,0,0,0,1,0,0,0,2021,0,0,0,0,0,0,0,0.6567000150680542,0,2,0,0,0,1,1,1,0,0,0
BEN,456027,456,27,2,2,0,0,0,0,0,0,0,0,1,0,0,0,2021,0,0,0,0,0,0,0,,0,4,0,0,15,1,1,1,0,0,0
BEN,456039,456,39,2,2,0,0,0,0,0,0,0,0,1,0,0,0,2021,0,0,0,0,0,0,0,,0,0,0,0,0,0,1,1,0,0,0
BEN,456062,456,62,2,4,1,1,0,0,0,0,0,0,0,0,0,0,2021,0,0,0,0,0,0,0,0.3645699918270111,0,1,0,0,1,0,1,1,0,1,0
BEN,456073,456,73,2,4,0,0,0,0,0,0,0,0,0,0,0,0,2021,0,0,0,0,0,0,0,1.3252874612808228,0,0,0,0,30,0,1,1,0,0,0
BEN,456085,456,85,2,4,0,1,0,0,0,0,0,0,0,0,0,0,2021,0,0,0,0,0,0,0,,0,5,2,0,3,0,1,1,0,0,0
BEN,456107,456,107,2,4,0,0,0,0,0,0,0,0,0,0,0,0,2021,0,0,0,0,0,0,0,,0,0,0,0,33,0,1,1,0,0,0
BEN,456119,456,119,2,4,0,0,0,0,0,0,0,0,0,0,0,0,2021,0,0,0,0,0,0,0,0.9404100179672241,0,18,8,0,100,0,0,0,0,0,0
BEN,456130,456,130,2,4,0,0,0,0,0,0,0,0,1,0,0,0,2021,0,0,0,0,0,0,0,1.0297081470489502,0,1,0,0,10,0,0,0,0,0,0
BEN,456153,456,153,2,4,0,0,0,0,0,0,0,0,0,0,0,0,2021,0,0,0,0,0,0,0,,0,1,0,0,5,0,1,0,0,0,0
BEN,456165,456,165,2,2,0,0,0,0,0,0,0,0,1,0,0,0,2021,0,0,0,0,0,0,0,7.898789882659912,0,5,0,0,0,0,1,1,0,0,0
BEN,456176,456,176,2,4,0,1,0,0,0,0,0,0,0,0,0,0,2021,0,0,0,0,0,0,0,1.3182812929153442,0,0,0,0,7,0,0,0,0,0,0
BEN,457002,457,2,1,2,1,1,1,1,1,1,1,0,0,0,0,0,2021,0,0,0,0,0,0,0,,0,2,0,0,19,0,1,1,0,0,0
BEN,457009,457,9,1,2,1,1,1,1,1,1,1,0,0,0,0,0,2021,0,0,0,0,0,0,0,,0,0,0,0,0,0,0,0,0,0,0
BEN,457017,457,17,1,1,1,1,0,1,1,1,1,0,0,0,0,0,2021,0,0,0,0,0,0,0,,0,0,2,0,8,0,1,1,0,0,0
BEN,457024,457,24,1,4,0,1,0,1,1,0,0,0,0,0,0,0,2021,0,0,0,0,0,0,0,,0,0,0,0,0,0,0,1,0,0,0
BEN,457032,457,32,1,2,0,1,1,1,1,0,0,0,1,0,0,0,2021,0,0,0,0,0,0,0,,0,0,0,0,10,1,0,0,0,0,0
BEN,457039,457,39,1,2,1,1,1,1,1,0,0,0,1,0,0,0,2021,1,0,0,0,0,0,0,,0,0,0,0,0,1,0,0,0,0,0
BEN,457046,457,46,1,2,0,1,0,1,1,0,1,0,1,0,0,0,2021,0,0,0,0,0,0,0,,0,0,0,0,0,1,0,0,0,0,0
BEN,457054,457,54,1,2,0,1,0,1,1,0,0,0,1,0,0,0,2021,0,0,0,0,0,0,0,,0,0,0,0,0,1,0,0,0,0,0
BEN,457061,457,61,1,4,0,1,1,1,1,0,1,0,0,0,0,0,2021,0,0,0,0,0,0,0,,0,0,0,0,0,0,0,0,0,0,0
BEN,457069,457,69,1,4,1,1,1,1,1,1,1,0,1,0,0,0,2021,0,0,0,0,0,0,0,6.599999904632568,0,0,0,0,12,0,0,0,0,0,0
BEN,457076,457,76,1,4,1,1,1,1,1,1,1,0,0,0,1,0,2021,0,0,0,0,0,0,0,,0,0,0,0,0,0,0,0,0,0,0
BEN,457084,457,84,1,4,0,1,1,1,1,0,0,0,0,0,0,0,2021,0,0,0,0,0,0,0,,0,0,0,0,0,0,0,0,0,0,0
BEN,458011,458,11,2,2,0,1,0,1,1,0,0,1,1,0,0,0,2021,0,0,0,0,0,0,0,1.362859070301056,0,2,0,0,5,1,1,1,0,0,0
BEN,458032,458,32,2,2,0,0,1,1,1,0,0,0,1,0,0,0,2021,0,0,0,0,0,0,0,0.13830000162124634,0,4,0,0,0,0,1,1,0,1,0
BEN,458043,458,43,2,2,0,1,1,1,1,0,0,0,1,0,0,0,2021,0,0,0,0,0,0,0,0.9314872622489929,0,0,0,0,0,0,1,1,0,0,0
BEN,458053,458,53,2,2,0,1,1,0,0,0,0,1,1,1,0,0,2021,0,0,0,0,0,0,0,0.9750999808311462,0,0,0,0,7,0,1,1,0,0,0
BEN,458075,458,75,2,1,1,1,1,0,0,0,0,1,1,0,0,0,2021,0,0,0,0,0,0,0,0.9595242738723755,0,5,0,0,2,0,0,0,0,0,0
BEN,458086,458,86,2,4,0,1,0,0,0,0,0,0,1,0,0,0,2021,0,0,0,0,0,0,0,0.9611157774925232,0,0,0,0,0,0,0,0,0,0,0
BEN,458096,458,96,2,4,0,1,1,0,0,0,0,0,1,0,0,0,2021,0,0,0,0,0,0,0,1.132939100265503,0,3,0,0,10,0,0,0,0,0,0
BEN,458118,458,118,2,4,1,1,1,0,0,0,0,0,0,0,0,0,2021,0,0,0,0,0,0,0,0.4330900013446808,0,0,0,0,0,0,0,1,0,0,0
BEN,458128,458,128,2,2,0,1,0,0,0,0,0,0,0,0,0,0,2021,0,0,0,0,0,0,0,1.0228520631790161,0,8,0,0,40,0,0,1,0,0,0
BEN,458139,458,139,2,1,0,1,0,1,0,0,0,0,0,0,0,0,2021,0,0,0,0,0,0,0,0.12297999858856201,0,0,4,0,3,0,0,1,0,0,0
BEN,458160,458,160,2,4,0,1,1,1,0,0,0,1,1,0,1,0,2021,0,0,0,0,0,0,0,1.476815551519394,0,10,0,0,0,0,0,0,0,0,0
BEN,458171,458,171,2,4,1,1,1,0,0,0,0,0,0,0,0,0,2021,0,0,0,0,0,0,0,,0,0,0,0,0,0,0,1,0,0,0
BEN,459002,459,2,1,2,0,0,0,1,1,0,0,0,0,0,0,0,2021,0,0,0,0,0,0,0,0.5887179970741272,0,2,1,0,5,0,1,1,0,0,0
BEN,459008,459,8,1,2,0,0,0,1,1,0,0,0,0,0,0,0,2021,0,0,0,0,0,0,0,0.3103249967098236,0,1,0,0,3,0,1,0,0,0,0
BEN,459014,459,14,1,2,0,0,0,1,1,0,0,0,1,0,0,0,2021,0,0,0,0,0,0,0,,0,0,2,0,2,0,1,0,0,0,0
BEN,459020,459,20,1,2,0,0,0,1,1,0,0,0,0,0,0,0,2021,0,0,0,0,0,0,0,0.6364049911499023,0,1,0,0,6,0,1,1,0,0,0
BEN,459026,459,26,1,2,0,1,0,1,1,0,0,0,0,0,0,0,2021,0,0,0,0,0,0,0,0.418518990278244,0,2,0,0,2,0,1,0,0,0,0
BEN,459032,459,32,1,4,0,0,0,1,1,0,0,0,0,0,0,0,2021,0,0,0,0,0,0,0,,0,1,0,0,8,0,1,0,0,0,0
BEN,459038,459,38,1,2,0,0,0,1,1,0,0,0,0,0,0,0,2021,0,0,0,0,0,0,0,0.26098498702049255,0,0,0,0,2,0,0,0,0,0,0
BEN,459044,459,44,1,2,0,0,0,1,1,0,0,0,1,0,0,0,2021,0,0,0,0,0,0,0,0.46127599477767944,0,4,2,0,43,0,1,0,0,0,0
BEN,459050,459,50,1,2,0,0,0,1,1,0,0,0,0,0,0,0,2021,0,0,0,0,0,0,0,0.3093219995498657,0,0,0,0,6,0,1,0,0,0,0
BEN,459056,459,56,1,2,0,0,0,1,1,0,0,0,0,0,0,0,2021,0,0,0,0,0,0,0,0.471917986869812,0,1,0,0,4,0,1,0,0,0,0
BEN,459062,459,62,1,2,0,0,0,1,1,0,0,0,1,0,1,0,2021,0,0,0,0,0,0,0,1.166841983795166,0,0,0,0,0,0,1,0,0,0,0
BEN,459068,459,68,1,2,0,0,0,1,1,0,0,0,1,0,1,0,2021,0,0,0,0,0,0,0,,0,0,0,0,0,1,0,0,0,0,0
BEN,460014,460,14,1,2,1,1,1,1,1,1,1,0,0,0,0,0,2021,0,0,0,0,0,0,0,0.11314500123262405,0,0,0,0,0,0,1,0,0,0,0
BEN,460031,460,31,1,2,1,1,0,1,1,1,1,0,0,0,0,0,2021,0,0,0,0,0,0,0,0.13544100522994995,0,0,0,0,0,0,1,0,0,0,0
BEN,460048,460,48,1,2,1,1,0,1,1,1,1,0,1,0,0,0,2021,0,0,0,0,0,0,0,0.17576199769973755,0,0,0,0,0,0,1,0,0,0,0
BEN,460065,460,65,1,2,1,1,0,1,1,1,1,0,0,0,0,0,2021,0,0,0,0,0,0,0,,0,0,0,0,0,1,1,0,0,0,0
BEN,460082,460,82,1,2,1,1,1,1,1,0,0,0,1,0,0,0,2021,0,0,0,0,0,0,0,0.83272385597229,0,0,0,0,0,0,1,0,0,1,0
BEN,460099,460,99,1,2,1,1,0,1,1,0,0,0,1,0,0,0,2021,0,0,0,0,0,0,0,1.9952027201652527,0,4,0,0,10,0,1,0,0,1,0
BEN,460116,460,116,1,2,1,0,0,1,1,0,0,0,1,0,0,0,2021,0,0,0,0,0,0,0,2.22537362575531,0,0,0,0,5,0,1,0,1,1,0
BEN,460133,460,133,1,4,1,1,1,1,1,1,1,0,1,0,0,0,2021,0,0,0,0,0,0,0,,0,0,0,0,0,0,0,1,0,0,0
BEN,460150,460,150,1,4,0,1,1,1,1,0,0,1,0,0,0,0,2021,0,0,0,0,0,0,0,,0,0,0,0,0,1,0,0,0,0,0
BEN,460167,460,167,1,4,0,1,0,1,1,0,0,0,0,0,0,0,2021,0,0,0,0,0,0,0,,0,0,0,0,0,0,1,0,0,0,0
BEN,460184,460,184,1,4,0,1,1,1,1,0,0,1,0,0,1,0,2021,0,0,0,0,0,0,0,0.5003699958324432,0,0,0,0,0,0,1,0,0,0,0
BEN,460201,460,201,1,4,0,1,0,0,1,0,0,0,0,0,0,0,2021,0,0,0,0,0,0,0,,0,0,0,0,0,0,0,0,0,0,0
BEN,461010,461,10,2,2,0,1,0,1,1,0,0,0,1,0,0,0,2021,0,0,0,0,0,0,0,,0,16,0,0,18,1,0,1,1,0,0
BEN,461018,461,18,2,2,0,1,0,0,0,0,0,1,1,0,0,0,2021,0,0,0,0,0,0,0,0.5868728756904602,0,11,0,0,5,0,0,1,1,0,0
BEN,461025,461,25,2,2,0,1,1,0,0,0,0,0,1,0,0,0,2021,0,0,0,0,0,0,0,2.238119959831238,0,3,0,0,13,0,0,1,0,0,0
BEN,461040,461,40,2,4,1,1,1,1,1,0,0,1,0,0,0,0,2021,0,0,0,0,0,0,0,,0,0,0,0,0,0,0,1,1,0,0
BEN,461048,461,48,2,4,0,1,1,1,0,0,0,1,1,0,0,0,2021,0,0,0,0,0,0,0,,0,2,0,0,16,0,0,0,0,0,0
BEN,461056,461,56,2,4,0,1,0,0,0,0,0,0,1,0,0,0,2021,0,0,0,0,0,0,0,1.3005839586257935,0,0,0,0,0,0,0,0,0,0,0
BEN,461071,461,71,2,4,0,1,0,0,0,0,0,0,1,0,0,0,2021,0,0,0,0,0,0,0,1.4270966053009033,0,1,0,0,0,0,1,1,0,0,0
BEN,461079,461,79,2,4,0,1,0,0,0,0,0,0,1,0,0,0,2021,0,0,0,0,0,0,0,1.3860136270523071,0,4,7,0,0,0,0,0,0,0,0
BEN,461086,461,86,2,4,0,1,0,1,0,0,1,0,0,0,0,0,2021,0,0,0,0,0,0,0,,0,2,0,0,2,0,1,1,0,0,0
BEN,461101,461,101,2,4,0,1,1,0,0,0,0,0,0,0,0,0,2021,0,0,0,0,0,0,0,,0,7,15,0,10,0,0,0,0,0,0
BEN,461109,461,109,2,4,0,1,0,0,0,0,1,0,0,0,0,0,2021,0,0,0,0,0,0,0,,0,0,0,0,0,0,0,0,0,0,0
BEN,461117,461,117,2,4,0,1,0,0,0,0,0,0,0,0,0,0,2021,0,0,0,0,0,0,0,,0,0,0,0,0,1,0,1,0,0,0
BEN,462006,462,6,1,2,1,1,0,1,1,1,1,0,0,0,0,0,2021,0,0,0,0,0,0,0,0.07988300174474716,0,0,0,0,0,0,1,0,0,0,0
BEN,462035,462,35,1,2,1,1,1,1,1,1,1,0,0,0,0,0,2021,0,0,0,0,0,0,0,,0,0,0,0,0,0,1,0,0,0,0
BEN,462049,462,49,1,2,1,1,1,1,1,0,0,0,0,0,0,0,2021,0,0,0,0,0,0,0,0.21781300008296967,0,0,0,0,0,0,1,0,0,0,0
BEN,462064,462,64,1,4,1,1,1,1,1,1,1,0,1,1,1,0,2021,0,1,1,0,1,1,0,,0,20,0,0,0,0,0,0,1,0,0
BEN,462093,462,93,1,2,1,1,1,1,1,1,1,0,0,0,0,0,2021,0,0,0,0,0,1,0,1.3665684461593628,0,13,0,0,8,1,1,0,0,0,0
BEN,462108,462,108,1,2,1,1,1,1,1,0,0,0,0,0,0,0,2021,0,0,0,0,0,0,0,,0,0,0,0,0,1,1,0,0,0,0
BEN,462152,462,152,1,4,0,1,1,1,1,0,1,0,0,1,0,0,2021,0,0,0,0,0,0,0,,0,0,0,0,0,0,0,0,0,0,0
BEN,462166,462,166,1,4,0,1,1,0,0,0,1,0,0,0,1,0,2021,0,0,0,0,0,0,0,,0,0,0,0,0,0,0,0,0,0,0
BEN,462181,462,181,1,4,0,1,1,1,1,0,0,0,0,0,0,0,2021,0,0,0,0,0,0,0,0.12866799533367157,0,0,0,0,0,0,0,0,0,0,0
BEN,462196,462,196,1,4,0,1,1,1,1,0,0,1,0,0,1,1,2021,0,0,0,0,0,0,0,,0,0,0,0,0,0,0,0,0,0,0
BEN,462210,462,210,1,4,1,1,1,1,1,1,1,0,1,0,0,0,2021,0,0,0,0,0,0,0,0.15212999284267426,0,0,0,0,0,0,1,0,0,0,0
BEN,462225,462,225,1,2,1,0,0,1,1,0,0,0,0,0,0,0,2021,0,0,0,0,0,0,0,0.18914200365543365,0,0,0,0,0,0,1,0,0,0,0
BEN,463014,463,14,2,1,0,1,1,1,1,0,1,0,0,0,0,0,2021,0,0,0,0,0,0,0,1.0721179246902466,0,0,0,0,0,0,0,1,0,0,0
BEN,463025,463,25,2,2,0,1,1,1,0,0,0,1,0,0,0,0,2021,0,0,0,0,0,0,0,0.10012000054121017,0,0,0,0,0,0,1,1,0,0,0
BEN,463036,463,36,2,1,1,1,1,1,1,0,0,1,0,0,0,0,2021,0,0,0,0,0,0,0,,0,0,0,0,0,1,1,1,0,0,0
BEN,463057,463,57,2,4,0,1,1,1,1,1,1,0,1,0,0,0,2021,1,0,0,0,0,0,0,,0,3,0,0,0,0,0,0,0,0,0
BEN,463068,463,68,2,4,0,0,1,1,1,0,0,1,1,0,0,0,2021,0,0,0,0,0,0,0,,0,0,0,0,0,0,0,0,0,0,0
BEN,463079,463,79,2,2,0,1,1,1,1,0,1,0,0,0,0,0,2021,0,0,0,0,0,0,0,1.321478009223938,0,0,0,0,0,0,0,0,0,0,0
BEN,463100,463,100,2,4,0,1,1,1,1,0,0,0,1,0,0,0,2021,0,0,0,0,0,0,0,0.9527265429496765,0,0,0,0,0,0,0,0,0,0,0
BEN,463111,463,111,2,4,0,1,1,1,1,0,0,0,1,0,0,0,2021,0,0,0,0,0,0,0,1.2942028045654297,0,1,0,0,0,0,0,0,0,0,0
BEN,463121,463,121,2,4,0,1,0,1,1,0,0,0,1,0,0,0,2021,0,0,0,0,0,0,0,,0,0,0,0,2,0,0,0,0,0,0
BEN,463143,463,143,2,1,0,1,1,1,1,1,1,0,0,1,0,0,2021,0,0,0,0,0,0,0,,0,0,0,0,0,0,0,1,0,0,0
BEN,463153,463,153,2,3,1,1,1,1,1,1,1,0,0,1,0,0,2021,1,0,0,0,0,1,0,,0,0,0,0,0,1,0,0,0,0,0
BEN,463164,463,164,2,4,0,1,1,1,1,1,1,0,1,1,0,0,2021,1,0,0,0,0,0,0,,0,0,0,0,11,0,0,0,0,0,0
BEN,464005,464,5,1,2,0,0,0,1,1,0,0,0,0,0,0,0,2021,0,0,0,0,0,0,0,1.173762559890747,0,1,0,0,9,1,0,0,0,0,0
BEN,464011,464,11,1,2,0,0,0,1,1,0,0,0,0,0,0,0,2021,0,0,0,0,0,0,0,0.03937799856066704,0,0,0,0,0,0,0,0,0,0,0
BEN,464018,464,18,1,2,0,0,0,1,1,0,0,0,0,0,0,0,2021,0,0,0,0,0,0,0,1.2758564949035645,0,0,0,0,4,1,0,0,0,0,0
BEN,464024,464,24,1,4,0,1,0,1,1,0,0,0,0,0,0,0,2021,0,0,0,0,0,0,0,1.0898100137710571,0,0,0,0,3,1,0,0,0,0,0
BEN,464031,464,31,1,2,0,1,0,1,1,0,0,1,0,0,0,0,2021,0,0,0,0,0,0,0,0.5317689776420593,0,0,0,0,15,0,1,1,0,0,0
BEN,464037,464,37,1,2,0,0,0,1,1,0,0,0,0,0,0,0,2021,0,0,0,0,0,0,0,,0,1,0,0,1,1,1,1,0,0,0
BEN,464043,464,43,1,4,0,0,0,1,1,0,0,0,0,0,0,0,2021,0,0,0,0,0,0,0,,0,0,0,0,10,0,1,0,1,0,0
BEN,464050,464,50,1,2,0,1,0,1,1,0,0,0,0,0,0,0,2021,0,0,0,0,0,0,0,,0,1,0,0,0,0,0,0,0,0,0
BEN,464056,464,56,1,2,0,0,0,1,1,0,0,0,0,0,0,0,2021,0,0,0,0,0,0,0,,0,0,0,0,0,0,0,0,0,0,0
BEN,464063,464,63,1,4,0,0,0,1,1,0,0,0,0,0,0,0,2021,0,0,0,0,0,0,0,0.24527400732040405,0,2,0,0,6,0,0,0,0,0,0
BEN,464069,464,69,1,2,0,0,0,1,1,0,0,0,0,0,1,0,2021,0,0,0,0,0,0,0,1.3745099306106567,0,0,5,0,10,0,1,1,0,0,0
BEN,464076,464,76,1,2,0,0,0,1,1,0,0,0,0,0,0,0,2021,0,0,0,0,0,0,0,,0,0,4,0,8,0,0,0,0,0,0
BEN,465009,465,9,2,4,0,1,0,0,0,0,0,0,1,0,0,0,2021,0,0,0,0,0,0,0,1.167203664779663,0,4,0,0,15,1,0,0,0,0,0
BEN,465018,465,18,2,4,0,0,0,1,0,0,0,0,0,0,0,0,2021,0,0,0,0,0,0,0,1.0599452257156372,0,0,0,0,4,0,0,0,0,0,0
BEN,465037,465,37,2,4,0,0,0,1,1,0,0,0,0,0,0,0,2021,0,0,0,0,0,0,0,1.270999550819397,0,0,0,0,13,0,0,0,0,0,0
BEN,465047,465,47,2,4,0,1,0,1,1,0,0,1,0,0,0,0,2021,0,0,0,0,0,0,0,1.0599452257156372,0,8,6,0,20,0,0,0,0,0,0
BEN,465056,465,56,2,4,0,0,0,1,0,0,0,0,0,0,0,0,2021,0,0,0,0,0,0,0,1.0776433944702148,0,0,0,0,6,0,1,0,0,0,0
BEN,465075,465,75,2,4,0,1,0,1,0,0,0,0,1,0,0,0,2021,0,0,0,0,0,0,0,0.8642500042915344,0,0,0,0,20,0,1,0,0,0,0
BEN,465085,465,85,2,4,0,0,0,1,0,0,0,0,1,0,0,0,2021,0,0,0,0,0,0,0,1.2579536437988281,0,0,0,0,6,0,1,0,0,0,0
BEN,465094,465,94,2,2,0,0,0,1,1,0,0,0,1,0,0,0,2021,0,0,0,0,0,0,0,1.3417774438858032,0,0,0,0,3,1,1,0,0,0,0
BEN,465113,465,113,2,4,0,1,0,1,0,0,0,1,0,0,0,0,2021,0,0,0,0,0,0,0,,0,0,0,0,0,0,0,0,0,0,0
BEN,465123,465,123,2,2,0,0,0,1,1,0,0,0,0,0,0,0,2021,0,0,0,0,0,0,0,1.2891533374786377,0,0,3,0,4,0,1,1,0,0,0
BEN,465132,465,132,2,2,0,0,0,1,1,0,0,0,0,0,0,0,2021,0,0,0,0,0,0,0,1.360500007867813,0,6,2,0,9,0,1,1,0,0,0
BEN,465151,465,151,2,2,0,1,0,1,0,0,0,0,0,0,0,0,2021,0,0,0,0,0,0,0,0.8026000261306763,0,0,8,0,0,1,1,1,0,0,0
BEN,466017,466,17,2,4,1,1,1,1,1,0,0,0,0,0,0,0,2021,0,0,0,0,0,0,0,,0,0,0,0,0,0,1,0,0,0,0
BEN,466027,466,27,2,2,1,1,1,1,1,0,0,0,1,0,0,0,2021,0,0,0,0,0,0,0,,0,0,0,0,0,0,0,1,0,0,0
BEN,466052,466,52,2,4,1,1,0,1,1,0,0,0,1,0,0,0,2021,0,0,0,0,0,0,0,,0,0,0,0,0,0,1,0,0,0,0
BEN,466069,466,69,2,4,0,1,1,1,1,0,0,0,1,0,0,0,2021,0,0,0,0,0,0,0,,0,0,0,0,0,0,1,0,0,0,0
BEN,466086,466,86,2,4,1,1,1,1,1,0,0,0,1,0,0,0,2021,0,0,0,0,0,0,0,,0,0,0,0,0,0,0,0,0,0,0
BEN,466101,466,101,2,2,1,1,1,1,1,0,0,0,1,0,0,0,2021,0,0,0,0,0,0,0,,0,0,0,0,0,0,0,1,0,0,0
BEN,466103,466,103,2,2,1,1,1,1,1,0,0,0,1,0,0,0,2021,0,0,0,0,0,0,0,,0,0,0,0,0,0,0,1,0,0,0
BEN,466191,466,191,2,2,1,1,1,1,1,1,1,0,1,0,0,0,2021,1,0,0,0,0,1,0,,0,0,0,0,0,1,0,1,0,0,0
BEN,466208,466,208,2,2,1,1,1,1,1,0,0,0,0,0,0,0,2021,0,0,0,0,0,0,0,,0,0,0,0,0,0,0,0,0,0,0
BEN,466225,466,225,2,2,1,1,1,1,1,0,1,0,0,0,0,0,2021,0,0,0,0,0,0,0,,0,0,0,0,0,0,0,0,0,0,0
BEN,466260,466,260,2,4,1,1,1,1,1,1,1,0,0,1,1,1,2021,0,0,0,0,0,0,0,,0,0,0,0,0,1,0,0,0,0,0
BEN,466277,466,277,2,2,1,1,1,1,1,1,1,0,0,1,1,1,2021,1,1,0,0,0,1,0,0.10100000351667404,0,0,0,0,0,0,0,0,0,0,0
BEN,467009,467,9,1,2,1,1,0,0,0,0,0,1,0,0,0,0,2021,0,0,0,0,0,0,0,0.015995999798178673,0,0,0,0,0,0,1,0,0,0,0
BEN,467023,467,23,1,2,1,1,1,0,0,0,0,0,0,0,0,0,2021,0,0,0,0,0,0,0,,0,0,0,0,0,0,0,1,0,0,0
BEN,467037,467,37,1,2,1,1,1,0,0,0,0,0,0,0,0,0,2021,0,0,0,0,0,0,0,0.214819997549057,0,0,0,0,0,0,0,1,0,0,0
BEN,467051,467,51,1,2,1,1,0,0,0,0,0,0,0,0,0,0,2021,0,0,0,0,0,0,0,,0,0,0,0,10,0,0,1,0,0,0
BEN,467065,467,65,1,2,1,1,1,1,1,1,1,0,0,0,0,0,2021,0,0,0,0,0,0,0,,0,0,0,0,0,0,1,0,0,0,0
BEN,467080,467,80,1,2,1,1,1,1,1,0,0,1,1,0,0,0,2021,0,0,0,0,0,0,0,,0,0,0,0,8,1,1,0,1,0,0
BEN,467094,467,94,1,2,1,1,1,1,1,1,1,0,1,0,0,0,2021,0,0,0,0,0,0,0,,0,0,0,0,5,0,1,0,1,0,0
BEN,467108,467,108,1,2,1,1,1,1,1,0,0,0,1,0,0,0,2021,0,0,0,0,0,0,0,,0,0,0,0,0,0,1,0,0,0,0
BEN,467122,467,122,1,4,1,1,1,0,0,0,0,0,1,0,0,0,2021,0,0,0,0,0,0,0,,0,0,0,0,0,0,0,0,0,0,0
BEN,467136,467,136,1,1,1,1,1,1,1,1,1,0,0,0,0,0,2021,0,0,0,0,0,0,0,,0,0,0,0,0,0,0,0,0,0,0
BEN,467151,467,151,1,4,1,1,1,1,1,0,1,0,0,0,1,0,2021,0,0,0,0,0,0,0,,0,0,0,0,0,0,0,0,0,0,0
BEN,467165,467,165,1,4,1,1,1,0,0,0,0,0,0,0,1,0,2021,0,0,0,0,0,0,0,,0,0,0,0,0,0,0,0,0,0,0
BEN,468013,468,13,1,2,0,1,1,1,1,0,0,0,0,0,0,0,2021,0,0,0,0,0,0,0,,0,0,0,0,0,0,0,0,0,0,0
BEN,468027,468,27,1,2,1,1,1,1,1,1,1,0,0,1,1,0,2021,0,0,0,0,0,0,0,,0,0,0,0,0,0,0,0,0,0,0
BEN,468042,468,42,1,2,0,1,1,1,1,0,0,1,0,1,1,0,2021,0,0,0,0,0,0,0,,0,9,0,0,0,0,0,0,0,0,0
BEN,468056,468,56,1,1,1,1,1,1,1,1,1,0,1,1,1,1,2021,1,1,1,0,0,1,0,,0,0,0,0,0,1,0,0,0,0,0
BEN,468070,468,70,1,2,1,1,1,1,0,0,0,0,1,0,1,0,2021,1,0,0,0,0,0,0,,0,1,0,0,5,0,0,1,0,0,0
BEN,468085,468,85,1,2,1,1,0,0,0,0,0,1,1,0,0,0,2021,0,0,0,0,0,0,0,,0,9,0,0,6,0,0,1,0,0,0
BEN,468099,468,99,1,2,1,1,1,1,0,0,0,1,1,0,0,0,2021,0,0,0,0,0,0,0,,0,0,0,0,0,1,0,0,0,0,0
BEN,468113,468,113,1,2,1,1,1,1,0,0,0,0,1,0,0,0,2021,0,0,0,0,0,0,0,,0,0,0,0,0,1,0,0,0,0,0
BEN,468128,468,128,1,2,1,1,1,1,1,0,0,0,1,0,0,0,2021,0,0,0,0,0,0,0,,0,0,0,0,0,1,0,0,0,0,0
BEN,468142,468,142,1,2,0,1,1,1,1,0,0,0,1,0,0,0,2021,0,0,0,0,0,0,0,,0,0,0,0,0,0,1,0,0,0,0
BEN,468157,468,157,1,1,0,1,1,1,1,0,0,0,0,0,0,0,2021,0,0,0,0,0,0,0,,0,0,0,0,0,0,0,0,0,0,0
BEN,468171,468,171,1,2,0,1,1,1,1,0,0,0,1,0,0,0,2021,0,0,0,0,0,0,0,,0,0,0,0,0,1,0,0,0,0,0
BEN,469010,469,10,2,4,1,1,1,1,1,1,1,0,1,0,0,0,2021,0,0,1,0,0,0,0,,0,0,0,0,6,0,0,1,0,0,0
BEN,469021,469,21,2,2,1,1,1,1,1,1,1,0,1,0,0,0,2021,0,0,0,0,0,0,0,,0,0,0,0,0,1,1,1,0,0,0
BEN,469037,469,37,2,4,1,1,1,1,1,1,1,0,1,1,1,0,2021,0,0,0,0,0,0,0,,0,0,0,0,0,0,0,0,0,0,0
BEN,469056,469,56,2,2,1,1,1,1,1,0,0,0,1,0,0,0,2021,0,0,0,0,0,0,0,,0,0,0,0,0,0,1,0,1,0,0
BEN,469067,469,67,2,4,0,1,0,1,1,0,0,0,1,0,0,0,2021,0,0,0,0,0,0,0,,0,0,0,0,0,0,1,0,0,0,0
BEN,469090,469,90,2,4,0,1,0,1,1,1,1,0,1,0,0,0,2021,0,0,0,0,0,0,0,,0,0,0,0,4,0,1,0,0,0,0
BEN,469102,469,102,2,4,0,1,1,1,1,0,0,0,1,0,0,0,2021,0,0,0,0,0,0,0,,0,0,0,0,0,1,1,0,0,0,0
BEN,469113,469,113,2,4,1,1,1,1,1,0,0,0,1,0,0,0,2021,0,0,0,0,0,0,0,,0,0,0,0,6,0,0,0,0,0,0
BEN,469138,469,138,2,4,0,1,1,0,0,0,0,0,0,0,0,0,2021,0,0,0,0,0,0,0,,0,0,0,0,0,0,0,1,0,0,0
BEN,469148,469,148,2,4,1,1,1,1,1,0,1,0,0,0,0,0,2021,0,0,0,0,0,0,0,,0,0,0,0,0,0,0,1,0,0,0
BEN,469159,469,159,2,4,1,1,1,1,1,1,1,0,0,0,0,0,2021,0,0,0,0,0,0,0,,0,0,0,0,0,0,0,1,0,0,0
BEN,469182,469,182,2,4,0,1,1,1,1,0,1,0,0,0,0,0,2021,1,0,0,0,0,0,0,,0,0,0,0,0,0,0,1,0,0,0
BEN,470003,470,3,2,2,0,1,1,0,1,0,0,0,0,0,0,0,2021,0,0,0,0,0,0,0,,0,0,0,0,0,1,0,1,0,0,0
BEN,470056,470,56,2,3,1,1,1,1,1,1,1,0,1,1,1,0,2021,1,0,0,0,0,0,0,,0,0,0,0,0,0,0,1,0,0,0
BEN,470062,470,62,2,2,1,1,1,1,1,1,1,0,0,0,1,0,2021,0,0,0,0,0,0,0,,0,0,0,0,0,0,0,1,0,0,0
BEN,470114,470,114,2,4,1,1,1,1,1,1,1,0,1,1,1,0,2021,0,0,0,0,0,0,0,,0,0,0,0,0,0,0,0,0,0,0
BEN,470121,470,121,2,4,0,1,1,1,1,0,0,0,0,0,0,0,2021,0,0,0,0,0,0,0,,0,0,0,0,0,0,0,1,0,0,0
BEN,470141,470,141,2,4,1,1,1,1,1,0,0,1,1,0,0,0,2021,0,0,0,0,0,0,0,,0,0,0,0,0,0,0,1,0,0,0
BEN,470161,470,161,2,3,1,1,1,1,1,0,1,0,1,1,1,0,2021,0,0,0,0,0,0,0,,0,0,0,0,0,0,0,0,0,0,0
BEN,470200,470,200,2,4,1,1,1,1,1,0,0,0,1,1,1,0,2021,0,0,0,0,0,0,0,,0,0,0,0,0,0,0,0,0,0,0
BEN,470220,470,220,2,4,1,1,1,1,1,0,1,0,1,1,1,0,2021,0,1,0,0,0,0,0,,0,0,0,0,0,0,0,0,0,0,0
BEN,470240,470,240,2,2,1,1,1,1,1,0,1,0,1,1,1,0,2021,0,0,0,0,0,0,0,,0,0,0,0,0,0,0,1,0,0,0
BEN,470279,470,279,2,4,1,1,1,1,1,0,0,0,1,1,1,0,2021,0,0,0,0,0,0,0,,0,0,0,0,0,0,0,1,0,0,0
BEN,470299,470,299,2,1,1,1,1,1,1,1,1,0,1,1,1,0,2021,1,0,0,0,0,1,0,,0,0,0,0,0,0,0,1,0,0,0
BEN,471008,471,8,1,1,1,1,1,1,1,1,1,0,0,1,1,0,2021,1,1,1,0,0,1,1,,0,0,0,0,0,1,0,0,0,0,0
BEN,471020,471,20,1,1,1,1,1,1,1,1,1,0,0,1,1,0,2021,1,0,0,0,0,0,0,,0,0,0,0,0,1,0,0,0,0,0
BEN,471044,471,44,1,1,1,1,1,1,1,1,0,1,1,1,1,0,2021,0,0,0,0,0,0,0,,0,0,0,0,0,0,0,0,0,0,0
BEN,471080,471,80,1,1,1,1,1,1,1,1,1,0,1,0,1,0,2021,1,0,0,0,0,0,1,,0,0,0,0,0,0,0,1,0,0,0
BEN,471092,471,92,1,3,1,1,1,1,1,1,1,0,1,0,1,0,2021,0,0,0,0,0,0,0,,0,0,0,0,0,0,0,1,0,0,0
BEN,471104,471,104,1,2,1,1,1,1,1,1,1,0,0,1,1,0,2021,0,0,0,0,0,0,0,,0,0,0,0,0,0,0,1,0,0,0
BEN,471128,471,128,1,2,1,1,1,1,1,1,1,0,0,1,1,0,2021,1,0,0,1,1,0,0,,0,0,0,0,0,0,0,0,0,0,0
BEN,471140,471,140,1,2,1,1,1,0,0,0,0,0,0,0,1,0,2021,0,0,0,0,0,0,0,,0,0,0,0,0,1,0,0,0,0,0
BEN,471152,471,152,1,1,1,1,1,1,1,1,1,0,1,1,1,0,2021,1,0,0,1,0,0,0,,0,0,0,0,0,0,0,0,0,0,0
BEN,471832,471,832,1,3,1,1,1,1,1,1,1,0,1,1,1,1,2021,0,0,0,0,0,0,0,,0,0,0,0,0,1,0,0,0,0,0
BEN,471833,471,833,1,2,1,1,1,1,1,1,1,0,1,1,1,0,2021,0,1,0,0,0,0,0,,0,0,0,0,0,0,0,1,0,0,0
BEN,471834,471,834,1,3,1,1,1,1,1,1,1,0,1,0,1,0,2021,1,0,0,0,0,1,0,,0,0,0,0,0,0,0,1,0,0,0
BEN,472009,472,9,2,4,1,1,1,1,1,0,1,0,1,0,1,0,2021,0,0,0,0,0,0,0,,0,0,0,0,0,0,0,0,0,0,0
BEN,472015,472,15,2,1,1,1,1,1,1,1,1,0,1,1,1,0,2021,0,0,0,0,0,0,0,,0,0,0,0,0,0,0,0,0,0,0
BEN,472025,472,25,2,1,0,1,1,1,1,0,0,1,1,1,1,0,2021,0,0,0,0,0,0,0,,0,0,0,0,0,0,0,0,0,0,0
BEN,472040,472,40,2,1,1,1,1,1,1,0,0,0,1,1,1,0,2021,0,0,0,0,0,0,0,,0,0,0,0,0,0,0,0,0,0,0
BEN,472044,472,44,2,4,1,1,1,1,1,1,1,0,1,1,1,0,2021,0,0,0,0,0,0,0,,0,0,0,0,0,0,0,1,0,0,0
BEN,472071,472,71,2,4,1,1,1,1,1,1,1,0,0,1,1,0,2021,0,0,0,0,0,0,0,,0,0,0,0,0,0,0,1,0,0,0
BEN,472132,472,132,2,1,1,1,1,1,1,0,1,0,1,1,1,1,2021,1,0,0,0,0,1,0,,0,0,0,0,0,0,0,1,0,0,0
BEN,472163,472,163,2,4,1,1,1,1,1,0,0,0,0,1,1,0,2021,0,0,0,0,0,0,0,,0,0,0,0,0,0,0,1,0,0,0
BEN,472167,472,167,2,4,1,1,1,1,1,0,0,1,0,1,1,0,2021,1,0,0,0,0,0,0,,0,0,0,0,0,0,0,0,0,0,0
BEN,472193,472,193,2,3,1,1,1,1,1,0,0,0,1,1,1,0,2021,0,0,0,0,0,0,0,,0,0,0,0,0,0,0,0,0,0,0
BEN,472208,472,208,2,1,1,1,1,1,1,0,1,0,1,1,1,0,2021,0,0,0,0,0,0,0,,0,0,0,0,0,0,0,0,0,0,0
BEN,472224,472,224,2,1,1,1,1,1,1,1,1,0,0,1,1,0,2021,1,1,0,0,0,1,0,,0,0,0,0,0,0,0,1,0,0,0
BEN,473024,473,24,1,1,1,1,1,1,1,1,1,0,0,1,1,0,2021,1,0,0,0,0,1,0,,0,0,0,0,0,1,0,0,0,0,0
BEN,473049,473,49,1,1,1,1,1,1,1,1,1,0,1,1,1,1,2021,1,0,0,0,0,1,0,,0,0,0,0,0,0,0,0,0,0,0
BEN,473074,473,74,1,3,1,1,1,1,1,1,1,0,1,1,1,0,2021,1,0,0,0,0,1,0,,0,0,0,0,0,0,0,0,0,0,0
BEN,473099,473,99,1,3,1,1,1,1,1,0,0,1,0,0,1,0,2021,0,0,0,0,0,0,0,,0,0,0,0,0,0,0,0,0,0,0
BEN,473124,473,124,1,4,1,1,1,0,0,0,1,0,1,0,1,0,2021,0,0,0,0,0,0,0,0.20000000298023224,0,0,0,0,2,0,0,1,0,0,0
BEN,473149,473,149,1,2,1,1,1,1,1,0,1,0,1,0,0,0,2021,1,0,0,0,0,0,0,,0,0,0,0,0,1,0,1,0,0,0
BEN,473199,473,199,1,3,1,1,1,1,1,0,1,0,1,0,1,0,2021,0,0,0,0,0,0,0,,0,0,0,0,0,0,0,1,0,0,0
BEN,473250,473,250,1,3,1,1,1,1,1,1,1,0,1,1,1,0,2021,1,0,0,0,0,1,0,,0,0,0,0,0,0,0,0,1,0,0
BEN,473275,473,275,1,1,1,1,1,1,1,1,1,0,0,1,1,0,2021,1,0,0,0,0,0,0,,0,0,0,0,0,0,0,0,0,0,0
BEN,473300,473,300,1,3,1,1,1,1,1,1,1,0,1,1,1,0,2021,1,0,0,1,0,0,0,1.1926559209823608,0,0,0,0,0,0,0,1,0,0,0
BEN,473835,473,835,1,3,1,1,1,1,1,1,1,0,1,1,1,1,2021,1,0,0,0,1,1,0,,0,0,0,0,0,0,0,1,0,0,0
BEN,473836,473,836,1,3,1,1,1,1,1,1,1,0,1,0,1,0,2021,0,0,0,0,0,0,0,,0,0,0,0,0,0,0,1,0,0,0
BEN,474037,474,37,2,3,1,1,1,1,1,1,1,0,1,1,1,0,2021,0,0,0,0,0,0,0,,0,0,0,0,0,0,0,0,0,0,0
BEN,474055,474,55,2,1,1,1,1,0,0,1,1,0,1,1,1,0,2021,1,0,0,1,0,0,1,,0,0,0,0,0,0,0,0,0,0,0
BEN,474072,474,72,2,1,1,1,1,1,1,1,1,0,1,1,1,0,2021,0,0,0,0,0,0,0,,0,0,0,0,0,0,0,0,0,0,0
BEN,474078,474,78,2,3,1,1,1,1,1,1,1,0,1,1,1,0,2021,0,0,0,0,0,0,0,,0,0,0,0,0,0,0,0,0,0,0
BEN,474082,474,82,2,2,1,1,1,1,1,1,1,0,0,0,1,0,2021,1,0,0,0,0,0,0,,0,0,0,0,0,0,0,1,0,0,0
BEN,474108,474,108,2,1,1,1,1,1,1,1,1,0,0,1,1,0,2021,1,0,0,0,0,0,0,,0,0,0,0,0,0,0,0,0,0,0
BEN,474126,474,126,2,4,1,1,1,1,1,0,0,0,0,1,1,0,2021,0,0,0,0,0,0,0,,0,0,0,0,0,0,0,0,0,0,0
BEN,474179,474,179,2,2,1,1,1,1,1,0,0,0,0,0,1,0,2021,0,0,0,0,0,0,0,,0,0,0,0,0,0,0,1,0,0,0
BEN,474215,474,215,2,1,1,1,1,1,1,1,1,0,1,1,1,0,2021,1,0,0,0,0,0,0,,0,0,0,0,0,0,0,1,0,0,0
BEN,474251,474,251,2,2,1,1,1,1,1,1,1,0,1,1,1,0,2021,1,0,0,0,0,1,0,,0,0,0,0,0,0,0,1,0,0,0
BEN,474268,474,268,2,4,1,1,1,1,1,0,0,0,0,1,1,0,2021,0,0,0,0,0,0,0,,0,0,0,0,0,0,0,0,0,0,0
BEN,474269,474,269,2,4,1,1,1,1,1,0,0,0,0,1,1,0,2021,0,0,0,0,0,0,0,,0,0,0,0,0,0,0,0,0,0,0
BEN,475020,475,20,1,1,0,1,1,1,1,0,0,0,1,0,0,0,2021,0,0,0,0,0,0,0,1.5,0,0,0,0,0,0,0,0,0,0,0
BEN,475044,475,44,1,2,0,1,0,1,1,0,0,0,1,0,0,0,2021,0,0,0,0,0,0,0,0.5,0,0,1,0,2,0,0,0,0,0,0
BEN,475068,475,68,1,1,0,1,1,1,1,0,0,1,0,0,1,0,2021,1,0,0,0,0,1,0,0.11999999731779099,0,20,0,0,40,1,1,0,1,0,0
BEN,475092,475,92,1,2,0,1,1,1,1,0,0,1,0,0,0,0,2021,0,0,0,0,0,0,0,,0,0,0,0,0,0,1,0,1,0,0
BEN,475116,475,116,1,2,0,1,0,1,0,0,0,1,1,0,0,0,2021,0,0,0,0,0,0,0,1.0,0,0,0,0,0,0,0,1,0,0,0
BEN,475138,475,138,1,4,0,1,0,1,0,0,0,1,1,0,0,0,2021,0,0,0,0,0,0,0,,0,1,0,0,0,0,0,0,0,0,0
BEN,475140,475,140,1,2,0,1,0,1,0,0,0,0,1,0,0,0,2021,0,0,0,0,0,0,0,,0,0,0,0,1,1,0,0,0,0,0
BEN,475163,475,163,1,2,0,1,0,1,0,0,0,0,1,0,0,0,2021,0,0,0,0,0,0,0,0.029999999329447746,0,0,0,0,0,1,0,1,0,0,0
BEN,475211,475,211,1,4,0,1,0,1,1,0,0,0,0,0,0,0,2021,0,0,0,0,0,0,0,1.1405093669891357,0,0,0,0,0,0,1,0,0,0,0
BEN,475235,475,235,1,2,0,0,1,1,1,0,0,0,1,0,0,0,2021,0,0,0,0,0,0,0,1.2451106309890747,0,0,0,0,0,0,0,0,0,0,0
BEN,475259,475,259,1,2,0,0,0,1,1,0,0,0,1,0,0,0,2021,0,0,0,0,0,0,0,1.0469763278961182,0,0,0,0,0,1,0,0,0,0,0
BEN,475283,475,283,1,4,0,1,1,1,1,0,0,0,1,0,0,0,2021,0,0,0,0,0,0,0,0.8305818438529968,0,0,0,0,0,0,1,0,0,0,0
BEN,476008,476,8,2,4,0,1,1,0,0,0,0,1,1,0,0,0,2021,0,0,0,0,0,0,0,0.04081600159406662,0,0,0,0,0,0,0,0,0,0,0
BEN,476019,476,19,2,4,0,1,0,0,0,0,0,0,1,0,0,0,2021,0,0,0,0,0,0,0,,0,0,0,0,0,0,0,0,0,0,0
BEN,476041,476,41,2,4,0,1,1,1,1,0,0,1,1,0,0,0,2021,0,0,0,0,0,0,0,0.08562300354242325,0,0,0,0,0,0,0,0,0,0,0
BEN,476053,476,53,2,2,1,1,1,1,1,0,0,1,1,1,1,0,2021,0,0,0,0,0,0,0,0.1469999998807907,0,0,0,0,0,0,0,1,0,0,0
BEN,476064,476,64,2,2,1,0,0,1,1,0,0,0,1,0,0,0,2021,0,0,0,0,0,0,0,0.08479399792850018,0,0,0,0,0,0,0,1,0,0,0
BEN,476086,476,86,2,2,1,1,1,1,1,0,0,0,0,1,1,0,2021,1,0,0,0,0,0,0,,0,0,0,0,0,0,0,0,0,0,0
BEN,476097,476,97,2,4,1,1,1,1,1,0,0,0,0,0,0,0,2021,0,0,0,0,0,0,0,0.027827000245451927,0,0,0,0,0,0,0,0,0,0,0
BEN,476109,476,109,2,2,1,1,1,1,1,0,0,0,1,0,0,0,2021,0,0,0,0,0,0,0,,0,0,0,0,0,0,0,0,1,0,0
BEN,476131,476,131,2,2,0,1,1,1,1,0,0,0,1,1,1,0,2021,0,0,0,0,0,0,0,0.7846999764442444,0,0,0,0,0,0,0,1,0,0,0
BEN,476142,476,142,2,2,1,1,1,1,1,0,0,1,1,1,1,0,2021,1,0,0,0,0,1,0,0.8436999917030334,0,0,0,0,0,0,0,1,0,0,0
BEN,476153,476,153,2,2,1,1,1,1,1,0,0,0,1,1,1,0,2021,1,0,0,0,0,0,0,1.378000020980835,0,0,0,0,0,0,0,1,0,0,0
BEN,476176,476,176,2,4,0,1,1,1,1,0,0,0,1,0,0,0,2021,0,0,0,0,0,0,0,0.019943999126553535,0,0,0,0,0,0,0,0,0,0,0
BEN,477003,477,3,1,2,0,1,1,1,1,0,0,0,0,1,1,0,2021,0,0,0,0,0,0,0,,0,0,0,0,0,0,0,0,1,0,0
BEN,477011,477,11,1,1,0,1,1,1,1,0,0,0,0,1,1,0,2021,0,0,0,0,0,0,0,,0,4,8,0,21,0,0,0,0,0,0
BEN,477020,477,20,1,2,0,1,1,1,1,0,1,0,0,0,0,0,2021,0,0,0,0,0,0,0,,0,0,0,0,0,1,1,0,0,0,0
BEN,477029,477,29,1,1,1,1,1,1,1,0,0,0,0,1,1,0,2021,0,0,0,0,0,0,0,,0,2,0,0,0,0,1,0,0,0,0
BEN,477038,477,38,1,3,1,1,1,1,0,0,0,0,1,0,0,1,2021,0,0,0,0,0,0,0,,0,5,0,0,0,0,0,1,0,0,0
BEN,477047,477,47,1,4,1,1,1,0,0,0,0,0,1,0,0,0,2021,0,0,0,0,0,0,0,,0,2,0,0,0,1,0,0,0,0,0
BEN,477055,477,55,1,2,1,1,1,1,0,0,0,0,1,0,0,0,2021,0,0,0,0,0,0,0,,0,0,0,0,15,0,0,1,0,0,0
BEN,477064,477,64,1,2,1,1,1,1,0,0,0,0,1,0,0,0,2021,0,0,0,0,0,0,0,,0,0,0,0,5,0,0,1,0,0,0
BEN,477073,477,73,1,2,0,1,0,1,1,0,0,0,1,0,0,0,2021,0,0,0,0,0,0,0,,0,0,0,0,0,0,0,0,0,0,0
BEN,477082,477,82,1,2,0,1,1,1,1,0,0,0,1,0,0,0,2021,0,0,0,0,0,0,0,,0,0,0,0,0,0,0,0,0,0,0
BEN,477091,477,91,1,2,0,1,1,1,1,1,1,0,1,0,0,0,2021,0,0,0,0,0,0,0,,0,0,0,0,0,0,0,0,0,0,0
BEN,477099,477,99,1,2,1,1,1,1,1,0,0,0,1,0,0,0,2021,0,0,0,0,0,0,0,,0,0,0,0,0,0,0,0,0,0,0
BEN,478013,478,13,2,2,1,1,1,1,1,0,0,0,1,0,0,0,2021,0,0,0,0,0,0,0,,0,0,0,0,0,0,0,1,0,0,0
BEN,478023,478,23,2,4,1,1,1,1,1,1,1,0,1,1,1,1,2021,0,1,1,0,0,0,0,,0,0,0,0,0,1,0,1,0,0,0
BEN,478039,478,39,2,2,1,1,0,1,1,0,0,0,1,0,0,0,2021,0,0,0,0,0,0,0,1.1053637266159058,0,0,0,0,20,1,1,1,1,1,0
BEN,478043,478,43,2,4,1,1,1,1,1,0,0,0,1,0,0,0,2021,0,0,0,0,0,0,0,,0,0,0,0,11,1,1,1,1,0,0
BEN,478092,478,92,2,3,1,1,1,1,1,0,0,1,1,0,0,1,2021,0,0,0,0,0,0,0,,0,0,0,0,0,0,1,0,0,0,0
BEN,478105,478,105,2,4,1,1,1,1,1,1,1,0,1,0,0,0,2021,0,0,0,0,0,0,0,0.3267599940299988,0,0,0,0,0,0,1,1,0,0,0
BEN,478118,478,118,2,4,1,1,1,1,1,0,0,1,1,0,0,0,2021,0,0,0,0,0,0,0,,0,0,0,0,0,0,1,0,0,0,0
BEN,478147,478,147,2,4,0,1,0,1,1,0,0,1,1,0,0,0,2021,0,0,0,0,0,0,0,1.045943021774292,0,0,0,0,0,1,1,0,0,0,0
BEN,478158,478,158,2,4,1,1,1,1,0,1,1,0,0,0,0,0,2021,0,0,0,0,0,0,0,,0,0,0,0,0,0,0,1,0,0,0
BEN,478171,478,171,2,4,0,1,0,1,1,0,0,0,0,0,0,0,2021,0,0,0,0,0,0,0,,0,0,0,0,0,0,1,1,0,0,0
BEN,478197,478,197,2,4,1,1,1,0,0,0,0,1,0,0,0,0,2021,0,0,0,0,0,0,0,,0,0,0,0,0,0,1,1,0,0,0
BEN,478210,478,210,2,4,1,1,1,1,1,0,0,1,0,0,1,0,2021,0,0,0,0,0,0,0,,0,0,0,0,0,0,0,1,0,0,0
BEN,479017,479,17,1,4,1,1,1,1,1,1,1,0,1,0,0,0,2021,0,0,0,0,0,0,0,,0,0,0,0,4,1,0,0,0,0,0
BEN,479033,479,33,1,4,1,1,1,1,1,1,1,0,0,0,0,0,2021,0,0,0,0,0,0,0,,0,0,0,0,2,0,0,0,0,0,0
BEN,479066,479,66,1,4,1,1,1,1,1,1,1,0,1,0,0,0,2021,0,0,0,0,0,0,0,,0,0,0,0,6,0,0,0,0,0,0
BEN,479116,479,116,1,3,1,1,1,1,0,1,1,0,0,0,0,0,2021,0,0,0,0,0,0,0,,0,0,0,0,0,0,0,0,0,0,0
BEN,479133,479,133,1,4,1,1,1,1,0,0,0,0,0,0,0,0,2021,0,0,0,0,0,0,0,,0,0,0,0,0,0,0,0,0,0,0
BEN,479150,479,150,1,4,1,1,1,1,1,0,0,0,0,0,0,1,2021,0,0,0,0,0,0,0,,0,3,0,0,5,0,0,0,0,0,0
BEN,479166,479,166,1,4,1,1,1,1,1,1,1,0,0,0,1,1,2021,0,0,0,0,0,0,0,,0,0,0,0,10,0,0,0,0,0,0
BEN,479183,479,183,1,4,1,1,1,1,1,0,0,0,0,0,0,1,2021,0,0,0,0,0,0,0,,0,0,0,0,4,0,0,0,0,0,0
BEN,479233,479,233,1,4,1,1,1,1,1,1,1,0,1,0,0,0,2021,0,0,0,0,0,0,0,,0,0,0,0,6,0,0,0,0,0,0
BEN,479266,479,266,1,4,1,1,1,0,0,0,0,0,0,0,0,0,2021,0,0,0,0,0,0,0,,0,0,0,0,12,0,0,0,0,0,0
BEN,479837,479,837,1,4,1,1,1,1,0,0,0,0,0,0,1,0,2021,0,0,0,0,0,0,0,,0,0,0,0,0,0,0,0,0,0,0
BEN,479838,479,838,1,4,1,1,1,1,1,0,0,0,0,1,1,1,2021,0,0,0,0,0,0,0,,0,0,0,0,5,0,0,0,0,0,0
BEN,480007,480,7,2,4,0,1,1,1,1,0,1,0,1,0,0,0,2021,0,0,0,0,0,0,0,,0,0,0,0,27,0,0,1,0,0,1
BEN,480019,480,19,2,4,1,1,1,1,1,1,1,0,1,0,0,0,2021,0,0,0,0,0,0,0,,0,0,0,0,0,1,0,1,0,0,1
BEN,480037,480,37,2,3,1,1,1,1,1,1,1,0,1,1,1,0,2021,0,0,0,0,1,0,0,,0,0,0,0,0,1,0,1,0,0,0
BEN,480047,480,47,2,4,0,1,1,0,1,0,0,0,0,0,0,0,2021,0,0,0,0,0,0,0,,0,0,0,0,0,0,0,1,0,0,0
BEN,480056,480,56,2,1,1,1,1,1,1,1,1,0,1,1,1,1,2021,1,1,1,0,0,1,1,,0,0,0,0,0,0,0,1,0,0,0
BEN,480076,480,76,2,1,1,1,1,1,0,1,1,0,0,1,0,1,2021,1,0,0,0,0,0,0,,0,0,0,0,0,0,0,0,0,0,0
BEN,480086,480,86,2,3,1,1,1,1,1,1,1,0,1,1,1,1,2021,1,0,0,0,0,0,0,,0,0,0,0,0,0,0,1,0,0,0
BEN,480096,480,96,2,1,1,1,1,1,1,1,1,0,1,0,0,1,2021,1,0,0,0,0,0,0,,0,0,0,0,0,0,0,0,0,0,0
BEN,480116,480,116,2,3,1,1,1,0,0,1,1,0,0,0,0,0,2021,1,1,0,0,0,0,0,,0,0,0,0,0,0,0,0,0,0,0
BEN,480125,480,125,2,4,1,1,1,1,1,0,1,0,0,0,0,0,2021,0,0,0,0,0,0,0,,0,0,0,0,0,0,1,1,0,0,0
BEN,480135,480,135,2,4,1,1,1,1,1,0,1,0,0,0,0,0,2021,0,0,0,0,0,0,0,,0,0,0,0,0,0,1,1,0,0,0
BEN,480145,480,145,2,2,1,1,1,1,1,1,1,0,1,0,0,0,2021,0,0,0,0,0,0,0,,0,0,0,0,0,0,0,1,0,0,1
BEN,481004,481,4,1,4,0,0,1,1,1,0,0,0,0,0,0,0,2021,0,0,0,0,0,0,0,,0,0,0,0,4,0,0,0,0,0,0
BEN,481019,481,19,1,4,1,1,1,1,1,0,0,0,0,0,0,0,2021,0,0,0,0,0,0,0,,0,0,0,0,4,0,0,0,0,0,0
BEN,481034,481,34,1,4,1,1,1,1,0,0,0,0,0,0,0,0,2021,0,0,0,0,0,0,0,,0,0,0,0,15,0,0,0,0,0,0
BEN,481036,481,36,1,4,1,1,1,1,1,0,0,0,0,0,0,0,2021,0,0,0,0,0,0,0,,0,0,0,0,3,0,1,0,0,0,0
BEN,481042,481,42,1,4,1,1,1,1,0,0,0,0,0,0,0,0,2021,0,0,0,0,0,0,0,,0,0,0,0,0,0,0,0,0,0,0
BEN,481049,481,49,1,4,1,1,1,1,0,0,0,0,0,0,0,0,2021,0,0,0,0,0,0,0,,0,0,0,0,0,0,0,0,0,0,0
BEN,481057,481,57,1,4,1,0,1,1,0,0,0,0,0,0,0,0,2021,0,0,0,0,0,0,0,,0,0,0,0,0,0,0,0,0,0,0
BEN,481065,481,65,1,2,1,1,1,1,1,0,0,0,0,0,0,1,2021,0,0,0,0,0,0,0,,0,0,0,0,2,0,0,0,0,0,0
BEN,481072,481,72,1,2,1,1,1,1,1,0,0,0,0,0,0,1,2021,0,0,0,0,0,0,0,,0,0,0,0,8,0,0,0,0,0,0
BEN,481080,481,80,1,4,1,1,1,1,1,0,0,0,1,0,0,1,2021,0,0,0,0,0,0,0,,0,0,0,0,5,0,0,0,0,0,0
BEN,481123,481,123,1,4,0,0,0,1,1,0,0,0,0,0,0,1,2021,0,0,0,0,0,0,0,,0,0,0,0,6,0,0,0,0,0,0
BEN,481921,481,921,1,4,0,0,0,1,1,0,0,0,0,0,0,0,2021,0,0,0,0,0,0,0,,0,0,0,0,2,0,0,0,0,0,0
BEN,482005,482,5,2,2,1,1,1,1,1,0,0,1,1,0,0,0,2021,0,0,0,0,0,0,0,0.054269999265670776,0,0,0,0,0,0,1,1,0,1,0
BEN,482013,482,13,2,2,1,1,0,1,1,0,0,1,1,0,0,0,2021,0,0,0,0,0,0,0,0.28360000252723694,0,0,0,0,14,0,1,1,0,1,0
BEN,482029,482,29,2,2,1,1,0,1,1,0,0,0,1,0,0,0,2021,0,0,0,0,0,0,0,,0,0,0,0,0,0,0,1,0,0,0
BEN,482037,482,37,2,2,1,1,0,1,1,0,0,1,1,0,0,0,2021,0,0,0,0,0,0,0,1.1276772022247314,0,5,0,0,15,1,1,1,0,1,0
BEN,482044,482,44,2,4,0,1,0,0,0,0,0,1,1,0,0,0,2021,0,0,0,0,0,0,0,1.1696988344192505,0,12,0,0,0,0,1,0,0,1,0
BEN,482060,482,60,2,4,0,1,0,0,0,0,0,0,1,0,0,0,2021,0,0,0,0,0,0,0,0.5443300008773804,0,15,0,0,0,0,1,0,0,0,0
BEN,482068,482,68,2,4,0,0,0,0,1,0,0,0,1,0,0,0,2021,0,0,0,0,0,0,0,1.4198155403137207,0,10,0,0,0,0,1,0,0,0,0
BEN,482076,482,76,2,4,0,1,0,0,0,0,0,0,1,0,0,0,2021,0,0,0,0,0,0,0,,0,0,0,0,6,0,1,1,0,1,0
BEN,482091,482,91,2,1,0,0,0,0,0,0,0,1,0,0,0,0,2021,0,0,0,0,0,0,0,0.17579999566078186,0,0,0,0,0,0,1,0,0,0,0
BEN,482099,482,99,2,4,0,0,0,0,0,0,0,1,0,0,0,0,2021,0,0,0,0,0,0,0,,0,0,0,0,0,0,0,1,0,0,0
BEN,482107,482,107,2,4,0,1,0,0,0,0,0,1,0,0,0,0,2021,0,0,0,0,0,0,0,,0,0,0,0,0,0,1,1,0,0,0
BEN,482123,482,123,2,1,0,1,1,0,0,0,0,1,0,0,0,0,2021,0,0,0,0,0,0,0,,0,9,16,0,0,0,0,1,0,0,0
BEN,483008,483,8,1,4,1,1,1,0,0,1,1,0,1,0,0,0,2021,0,0,0,0,0,0,0,,0,0,0,0,4,0,0,0,0,0,0
BEN,483019,483,19,1,4,1,1,1,0,0,1,1,0,1,0,0,0,2021,0,0,0,0,0,0,0,,0,0,0,0,3,1,0,0,0,0,0
BEN,483030,483,30,1,4,1,1,1,0,0,0,0,0,0,0,0,0,2021,0,0,0,0,0,0,0,,0,0,0,0,4,1,0,0,0,0,0
BEN,483041,483,41,1,4,1,1,1,0,0,0,0,1,1,0,0,0,2021,0,0,0,0,0,0,0,,0,0,0,0,2,0,0,0,0,0,0
BEN,483052,483,52,1,4,1,1,0,0,0,0,0,0,0,0,0,0,2021,0,0,0,0,0,0,0,,0,0,0,0,12,0,0,0,0,0,0
BEN,483063,483,63,1,4,1,1,1,0,0,1,0,0,0,0,0,0,2021,0,0,0,0,0,0,0,,0,0,0,0,0,0,0,0,0,0,0
BEN,483075,483,75,1,4,1,1,1,0,0,0,0,0,0,0,0,0,2021,0,0,0,0,0,0,0,,0,0,0,0,0,0,0,0,0,0,0
BEN,483086,483,86,1,4,1,0,0,0,0,0,0,0,0,0,1,0,2021,0,0,0,0,0,0,0,,0,0,0,0,0,0,0,0,0,0,0
BEN,483097,483,97,1,4,1,1,1,1,1,0,0,0,0,0,0,0,2021,0,0,0,0,0,0,0,,0,0,0,0,2,0,0,0,0,0,0
BEN,483108,483,108,1,1,1,1,1,1,1,0,0,0,0,0,0,0,2021,0,0,0,0,0,0,0,,0,0,0,0,50,0,0,0,0,0,0
BEN,483119,483,119,1,1,1,1,1,1,1,0,0,0,0,0,0,0,2021,0,0,0,0,0,0,0,,0,0,0,0,14,0,0,0,0,0,0
BEN,483130,483,130,1,4,1,1,1,1,1,0,0,0,0,0,0,0,2021,0,0,0,0,0,0,0,,0,0,0,0,5,0,0,0,0,0,0
BEN,484012,484,12,1,4,1,1,1,1,1,0,0,0,0,0,0,0,2021,0,0,0,0,0,0,0,,0,0,0,0,10,0,0,0,0,0,0
BEN,484029,484,29,1,4,1,1,0,1,1,0,0,0,0,0,0,0,2021,0,0,0,0,0,0,0,,0,0,0,0,2,0,1,0,0,0,0
BEN,484046,484,46,1,4,1,1,1,1,1,0,0,0,0,0,0,0,2021,0,0,0,0,0,0,0,,0,0,0,0,4,0,0,0,0,0,0
BEN,484064,484,64,1,4,1,1,1,1,1,0,0,0,0,0,0,0,2021,0,0,0,0,0,0,0,,0,0,0,0,2,0,0,0,0,0,0
BEN,484116,484,116,1,4,1,1,1,1,0,0,0,1,0,0,0,1,2021,0,0,0,0,0,0,0,,0,0,0,0,0,0,0,0,0,0,0
BEN,484133,484,133,1,4,1,1,1,1,1,0,0,0,0,0,0,0,2021,0,0,0,0,0,0,0,,0,0,0,0,0,0,0,0,0,0,0
BEN,484150,484,150,1,4,1,1,1,1,1,0,0,0,0,0,0,0,2021,0,0,0,0,0,0,0,,0,5,0,0,10,0,0,0,0,0,0
BEN,484167,484,167,1,4,1,1,1,1,1,0,0,0,0,0,0,1,2021,0,0,0,0,0,0,0,,0,2,3,0,5,0,0,0,0,0,0
BEN,484185,484,185,1,4,1,1,1,1,1,0,0,0,0,0,0,1,2021,0,0,0,0,0,0,0,,0,0,0,0,5,0,0,0,0,0,0
BEN,484219,484,219,1,4,1,0,1,1,0,0,0,0,0,0,0,0,2021,0,0,0,0,0,0,0,,0,0,0,0,0,0,0,0,0,0,0
BEN,484237,484,237,1,1,1,1,0,1,1,0,0,1,0,0,0,0,2021,0,0,0,0,0,0,0,,0,2,0,0,0,0,0,0,0,0,0
BEN,485010,485,10,2,4,1,1,1,1,1,0,0,0,1,0,0,0,2021,0,0,0,0,0,0,0,0.8912714123725891,0,0,0,0,12,1,1,1,1,0,0
BEN,485031,485,31,2,2,1,1,1,1,1,0,1,0,1,0,0,0,2021,0,0,0,0,0,0,0,1.0180134773254395,0,0,0,0,0,1,1,1,0,1,0
BEN,485043,485,43,2,4,1,1,1,0,1,0,0,0,1,0,0,0,2021,0,0,0,0,0,0,0,,0,0,0,0,80,0,1,1,0,0,0
BEN,485051,485,51,2,2,1,1,1,1,1,1,1,0,1,0,0,0,2021,0,0,0,0,0,0,0,,0,0,0,0,0,0,1,1,0,0,0
BEN,485072,485,72,2,4,1,1,1,1,1,0,0,0,0,0,0,1,2021,0,0,0,0,0,0,0,,0,0,0,0,0,0,1,1,0,0,0
BEN,485085,485,85,2,4,1,1,1,1,1,1,1,0,1,0,0,0,2021,0,0,0,0,0,0,0,,0,0,0,0,0,0,1,1,0,0,0
BEN,485092,485,92,2,4,1,1,1,1,1,0,0,0,1,0,0,1,2021,0,0,0,0,0,0,0,,0,0,0,0,0,0,1,1,0,0,0
BEN,485113,485,113,2,1,1,1,1,1,1,0,0,0,0,0,0,0,2021,0,0,0,0,0,0,0,,0,0,0,0,0,0,1,1,0,0,0
BEN,485123,485,123,2,3,1,1,1,0,0,0,0,0,0,0,0,0,2021,0,0,0,0,0,0,0,,0,0,0,0,0,0,0,1,0,0,0
BEN,485134,485,134,2,3,1,1,1,1,1,1,1,0,0,1,1,1,2021,1,0,0,0,0,0,0,,0,0,0,0,0,0,1,1,0,0,0
BEN,485154,485,154,2,4,0,0,0,0,0,0,0,0,0,0,0,0,2021,0,0,0,0,0,0,0,,0,0,0,0,0,1,0,1,0,0,0
BEN,485167,485,167,2,4,1,1,1,1,0,1,1,0,0,0,0,0,2021,0,0,0,0,0,0,0,1.330117106437683,0,0,4,0,0,0,1,1,0,0,0
BEN,486009,486,9,2,4,1,1,0,0,0,0,0,1,1,0,0,0,2021,0,0,0,0,0,0,0,0.09774000197649002,0,0,0,0,12,0,1,1,0,1,0
BEN,486017,486,17,2,1,0,1,1,0,0,0,0,1,0,0,0,0,2021,0,0,0,0,0,0,0,0.6615470200777054,0,7,0,0,15,0,1,1,0,1,0
BEN,486024,486,24,2,4,0,1,1,0,0,0,0,0,0,0,0,0,2021,0,0,0,0,0,0,0,0.13787999749183655,0,11,0,0,8,0,1,1,0,1,0
BEN,486039,486,39,2,4,1,1,0,0,0,0,0,0,0,0,0,0,2021,0,0,0,0,0,0,0,0.01906999945640564,0,0,0,0,11,0,1,1,0,1,0
BEN,486048,486,48,2,1,0,1,1,0,0,0,0,1,1,0,0,1,2021,0,0,0,0,0,0,0,,0,0,0,0,0,0,1,1,0,0,0
BEN,486054,486,54,2,2,0,1,1,0,0,0,0,1,1,0,0,1,2021,0,0,0,0,0,0,0,0.566290020942688,0,18,0,0,0,0,1,1,0,0,0
BEN,486068,486,68,2,4,0,1,1,0,0,0,0,1,1,0,0,1,2021,0,0,0,0,0,0,0,1.0317000150680542,0,0,0,0,0,0,1,1,0,0,0
BEN,486076,486,76,2,4,0,1,1,0,0,0,0,0,1,0,0,1,2021,0,0,0,0,0,0,0,0.22915999591350555,0,0,0,0,0,0,1,1,0,0,0
BEN,486083,486,83,2,1,0,1,1,0,0,0,0,1,0,0,0,0,2021,0,0,0,0,0,0,0,,0,0,0,0,0,0,1,1,0,0,0
BEN,486098,486,98,2,4,0,1,1,0,0,0,0,0,0,0,0,0,2021,0,0,0,0,0,0,0,0.28760001063346863,0,0,0,0,0,0,1,1,0,0,0
BEN,486105,486,105,2,4,0,1,0,0,0,0,0,0,0,0,0,0,2021,0,0,0,0,0,0,0,,0,0,0,0,0,0,1,1,0,0,0
BEN,486113,486,113,2,4,0,1,0,0,0,0,0,0,0,0,0,0,2021,0,0,0,0,0,0,0,,0,0,0,0,0,0,1,1,0,0,0
BEN,487002,487,2,1,2,0,1,0,1,1,0,0,0,0,0,0,0,2021,0,0,0,0,0,0,0,1.0906598567962646,0,0,0,0,0,0,0,0,0,0,0
BEN,487015,487,15,1,2,0,1,1,1,1,0,0,0,0,0,0,0,2021,0,0,0,0,0,0,0,1.166841983795166,0,0,0,0,0,0,0,0,0,0,0
BEN,487021,487,21,1,1,1,1,1,1,1,0,1,0,0,1,0,0,2021,0,0,0,0,0,0,0,,0,0,0,0,0,0,0,0,0,0,0
BEN,487046,487,46,1,1,1,1,1,1,1,0,1,0,0,1,0,0,2021,0,0,0,0,0,0,0,,0,0,0,0,0,0,0,0,0,0,0
BEN,487053,487,53,1,4,1,1,1,0,0,0,0,0,0,0,1,0,2021,0,0,0,0,0,0,0,1.183982491493225,0,0,0,0,0,0,0,0,0,0,0
BEN,487059,487,59,1,4,1,1,1,1,1,0,1,0,0,1,0,0,2021,0,0,0,0,0,0,0,,0,0,0,0,0,0,0,0,0,0,0
BEN,487065,487,65,1,4,1,1,1,1,1,1,1,0,0,0,0,1,2021,0,0,0,0,0,0,0,,0,0,0,0,0,0,0,0,0,0,0
BEN,487072,487,72,1,2,0,1,1,1,1,0,0,0,0,0,0,0,2021,0,0,0,0,0,0,0,1.3512156009674072,0,0,0,0,0,1,0,0,0,0,0
BEN,487078,487,78,1,2,0,1,1,0,0,1,1,0,0,0,0,0,2021,1,0,0,0,0,0,0,,0,0,0,0,0,0,0,0,0,0,0
BEN,487084,487,84,1,4,0,1,0,0,0,0,0,0,0,0,0,0,2021,0,0,0,0,0,0,0,1.1834741830825806,0,0,0,0,0,0,0,0,0,0,0
BEN,487091,487,91,1,4,0,1,1,1,1,1,1,0,0,0,1,0,2021,0,0,0,0,0,0,0,1.005866527557373,0,0,0,0,0,0,0,0,0,0,0
BEN,487839,487,839,1,3,1,1,1,1,1,0,1,0,0,1,0,0,2021,0,0,0,0,0,0,0,,0,0,0,0,0,0,0,0,0,0,0
BEN,488014,488,14,2,3,1,1,1,1,1,0,0,0,0,0,0,1,2021,0,0,0,0,0,0,0,,0,0,0,0,0,0,0,0,0,0,0
BEN,488028,488,28,2,2,0,1,1,0,0,0,0,0,1,0,0,0,2021,0,0,0,0,0,0,0,1.5159498900175095,0,5,0,0,11,0,1,1,0,0,0
BEN,488055,488,55,2,4,0,1,1,1,0,0,0,0,1,0,0,0,2021,0,0,0,0,0,0,0,,0,4,0,0,20,0,0,0,0,0,0
BEN,488069,488,69,2,4,0,1,1,0,0,0,0,0,1,0,0,0,2021,0,0,0,0,0,0,0,,0,1,0,0,10,0,0,0,0,0,0
BEN,488083,488,83,2,4,0,1,0,0,0,0,0,0,1,0,0,0,2021,0,0,0,0,0,0,0,,0,0,0,0,1,0,0,0,0,0,0
BEN,488112,488,112,2,4,0,1,1,0,0,0,0,0,0,0,0,0,2021,0,0,0,0,0,0,0,,0,0,0,0,0,0,0,1,0,0,0
BEN,488126,488,126,2,4,1,1,1,0,0,0,0,0,0,0,0,0,2021,0,0,0,0,0,0,0,,0,0,0,0,0,0,0,1,0,0,0
BEN,488140,488,140,2,4,1,1,1,0,0,0,0,0,0,0,0,0,2021,0,0,0,0,0,0,0,,0,10,0,0,13,0,0,0,0,0,0
BEN,488169,488,169,2,2,0,1,1,1,1,0,0,0,1,0,0,0,2021,0,0,0,0,0,0,0,2.2867431640625,0,0,0,0,20,0,0,1,0,0,0
BEN,488183,488,183,2,2,0,1,1,1,1,0,0,0,0,0,0,0,2021,0,0,0,0,0,0,0,0.1331000030040741,0,0,0,0,6,0,0,1,0,0,0
BEN,488197,488,197,2,2,0,1,1,1,1,0,0,0,0,0,0,0,2021,0,0,0,0,0,0,0,0.2628999948501587,0,0,0,0,0,1,1,1,1,0,0
BEN,488200,488,200,2,4,1,1,1,1,0,0,0,0,1,0,0,0,2021,0,0,0,0,0,0,0,,0,0,0,0,20,0,0,0,0,0,0
BEN,489002,489,2,1,4,1,1,1,0,0,0,0,0,0,0,0,0,2021,0,0,0,0,0,0,0,,0,0,0,0,0,0,0,0,0,0,0
BEN,489007,489,7,1,2,0,1,0,0,0,0,0,0,0,0,0,0,2021,0,0,0,0,0,0,0,0.12620900571346283,0,0,0,0,0,0,1,0,0,0,0
BEN,489012,489,12,1,2,0,1,1,0,0,0,0,1,0,0,0,0,2021,0,0,0,0,0,0,0,0.6947870254516602,0,5,0,0,20,0,1,1,1,0,0
BEN,489017,489,17,1,4,0,1,0,1,0,0,0,0,0,0,0,0,2021,0,0,0,0,0,0,0,0.2147980034351349,0,0,0,0,0,1,1,1,0,0,0
BEN,489022,489,22,1,4,0,1,0,1,1,0,0,0,0,0,0,0,2021,0,0,0,0,0,0,0,,0,4,0,0,0,0,1,1,0,0,0
BEN,489027,489,27,1,2,0,1,0,1,1,0,0,0,0,0,0,0,2021,0,0,0,0,0,0,0,0.9315627813339233,0,2,0,0,0,0,0,0,0,0,0
BEN,489033,489,33,1,1,0,1,0,1,1,0,0,0,0,0,0,0,2021,0,0,0,0,0,0,0,,0,0,0,0,9,0,0,0,0,0,0
BEN,489038,489,38,1,2,0,1,1,0,0,0,0,0,0,0,0,0,2021,0,0,0,0,0,0,0,6.559999942779541,0,1,0,0,4,0,0,1,1,0,0
BEN,489043,489,43,1,3,1,1,1,1,1,0,0,1,0,0,0,0,2021,0,0,0,0,0,0,0,,0,0,0,0,7,0,0,0,0,0,0
BEN,489048,489,48,1,4,0,1,0,0,0,0,0,1,0,0,0,0,2021,0,0,0,0,0,0,0,6.559999942779541,0,2,0,0,0,0,0,1,0,0,0
BEN,489053,489,53,1,4,0,1,1,0,0,0,0,0,0,0,0,0,2021,0,0,0,0,0,0,0,,0,1,0,0,4,0,0,1,0,0,0
BEN,489058,489,58,1,2,0,1,0,0,0,0,0,0,0,0,1,0,2021,0,0,0,0,0,0,0,1.1944986954331398,0,3,0,0,15,0,0,0,0,0,0
BEN,490008,490,8,2,4,1,1,1,1,1,0,0,1,0,0,0,0,2021,0,0,0,0,0,0,0,0.9225662499666214,0,8,0,0,37,1,1,1,0,0,0
BEN,490031,490,31,2,4,0,1,1,1,1,1,1,0,0,0,0,0,2021,0,0,0,0,0,0,0,0.05950000137090683,0,0,4,0,10,0,1,1,0,0,0
BEN,490039,490,39,2,4,1,1,1,1,1,0,0,0,1,0,0,0,2021,0,0,0,0,0,0,0,0.504600003361702,0,0,0,1,5,0,1,1,0,0,0
BEN,490059,490,59,2,4,0,1,1,1,0,0,1,0,0,0,0,0,2021,0,0,0,1,0,0,0,0.5815599821507931,0,0,0,0,0,0,0,1,0,0,0
BEN,490067,490,67,2,2,1,1,1,1,0,1,1,0,0,1,0,0,2021,0,0,0,0,0,0,0,,0,7,0,0,24,1,1,1,0,0,0
BEN,490079,490,79,2,2,1,1,1,1,0,0,1,0,0,0,0,0,2021,0,0,0,0,0,0,0,,3,3,0,0,4,0,0,1,1,0,0
BEN,490089,490,89,2,4,1,1,1,0,0,0,0,0,0,0,0,0,2021,0,0,0,0,0,0,0,,0,0,0,0,13,0,1,1,0,0,0
BEN,490099,490,99,2,4,0,1,1,0,0,0,0,0,0,0,0,0,2021,0,0,0,0,0,0,0,0.1615000031888485,0,0,0,0,0,0,0,1,0,0,0
BEN,490120,490,120,2,4,1,1,1,0,0,0,0,0,1,0,0,0,2021,0,0,0,0,0,0,0,,0,4,0,0,0,0,0,0,0,0,0
BEN,490130,490,130,2,4,0,1,1,0,0,0,0,0,1,0,0,0,2021,0,0,0,0,0,0,0,,0,1,0,0,2,0,0,0,0,0,0
BEN,490140,490,140,2,4,0,1,0,0,0,0,0,0,1,0,0,0,2021,0,0,0,0,0,0,0,0.33834001421928406,0,0,0,0,15,0,0,0,0,0,0
BEN,490160,490,160,2,4,0,1,0,1,0,0,0,0,1,0,0,0,2021,0,0,0,0,0,0,0,0.2926099896430969,0,7,0,0,30,0,0,0,0,0,0
BEN,491011,491,11,1,1,1,1,1,1,1,1,1,0,0,1,1,0,2021,1,1,0,0,0,1,0,2.2699086666107178,0,0,0,40,20,1,0,0,0,0,0
BEN,491027,491,27,1,3,0,1,1,1,1,0,0,0,0,0,0,0,2021,0,0,0,0,0,0,0,,0,0,0,0,0,0,0,0,0,0,0
BEN,491043,491,43,1,4,1,1,1,1,1,0,1,0,0,1,1,0,2021,0,0,0,0,0,0,0,,0,0,0,0,0,0,0,0,0,0,0
BEN,491059,491,59,1,3,0,1,1,1,1,0,0,0,0,1,1,0,2021,0,0,0,0,0,0,0,,0,0,0,0,0,0,0,0,0,0,0
BEN,491075,491,75,1,1,1,1,1,1,1,1,1,0,1,0,0,1,2021,0,1,0,0,0,1,0,,0,0,0,0,0,0,0,0,0,0,0
BEN,491091,491,91,1,4,0,1,1,1,1,1,1,0,0,0,1,0,2021,0,0,0,0,0,0,0,,0,0,0,0,0,0,0,0,0,0,0
BEN,491123,491,123,1,4,0,1,0,1,1,0,0,0,1,0,1,0,2021,0,0,0,0,0,0,0,1.279994249343872,0,0,0,0,0,0,1,0,0,0,0
BEN,491139,491,139,1,4,0,1,1,0,0,0,1,0,0,1,0,0,2021,0,0,0,0,0,0,0,,0,5,0,0,0,0,0,1,0,0,0
BEN,491171,491,171,1,4,0,1,1,1,1,0,0,0,0,1,0,0,2021,0,0,0,0,0,0,0,,0,0,0,0,0,0,0,0,0,0,0
BEN,491187,491,187,1,1,1,1,1,1,1,0,1,0,0,1,1,0,2021,1,1,0,0,0,1,0,,0,0,0,0,0,0,0,0,0,0,0
BEN,491251,491,251,1,4,0,1,1,1,1,0,0,0,0,0,0,0,2021,0,0,0,0,0,0,0,,0,0,0,0,0,0,0,0,0,0,0
BEN,491840,491,840,1,3,1,1,1,0,0,1,1,0,0,0,1,0,2021,0,1,0,0,0,0,0,1.127608299255371,0,0,0,0,0,0,0,0,0,0,0
BEN,492010,492,10,2,4,1,1,1,0,0,0,0,0,0,0,0,0,2021,0,0,0,0,0,0,0,0.5541999936103821,1,2,0,0,0,0,0,1,0,0,0
BEN,492017,492,17,2,2,0,1,1,0,0,0,0,0,1,0,0,0,2021,0,0,0,0,0,0,0,,0,3,0,0,25,1,0,1,0,0,1
BEN,492025,492,25,2,4,0,1,1,1,0,0,0,0,0,0,0,0,2021,0,0,0,0,0,0,0,,0,1,0,0,0,0,0,1,0,0,0
BEN,492039,492,39,2,4,0,1,0,1,0,0,0,0,0,0,0,0,2021,0,0,0,0,0,0,0,,0,0,0,0,2,0,1,1,0,0,0
BEN,492047,492,47,2,4,0,0,0,1,0,0,0,0,0,0,0,0,2021,0,0,0,0,0,0,0,,7,6,0,0,8,0,1,1,0,0,0
BEN,492054,492,54,2,4,1,1,1,1,0,0,0,1,0,0,0,0,2021,0,0,0,0,0,0,0,1.041612148284912,0,3,0,0,10,0,0,1,1,0,0
BEN,492068,492,68,2,4,0,1,1,0,0,0,0,0,1,1,0,0,2021,0,0,0,0,0,0,0,,0,1,0,0,2,0,0,0,0,0,0
BEN,492077,492,77,2,4,0,1,1,0,0,0,0,0,1,0,0,0,2021,0,0,0,0,0,0,0,0.2980436682701111,0,3,0,0,4,0,0,0,0,0,0
BEN,492084,492,84,2,4,0,1,1,0,0,0,0,0,1,0,0,0,2021,0,0,0,0,0,0,0,,0,0,0,0,1,0,0,0,0,0,0
BEN,492099,492,99,2,4,0,1,0,0,0,0,0,0,0,0,0,0,2021,0,0,0,0,0,0,0,,0,0,0,0,3,0,1,1,0,1,0
BEN,492106,492,106,2,4,1,1,1,0,0,0,0,0,0,0,0,0,2021,0,0,0,0,0,0,0,,0,0,0,0,1,0,0,1,0,0,0
BEN,492114,492,114,2,4,0,1,0,0,0,0,0,1,1,0,0,0,2021,0,0,0,0,0,0,0,1.2204493284225464,0,0,0,0,12,0,0,0,0,0,0
BEN,493007,493,7,1,2,0,1,0,1,1,0,0,0,0,0,0,0,2021,0,0,0,0,0,0,0,1.131946325302124,0,8,0,0,15,0,1,0,0,0,0
BEN,493026,493,26,1,2,0,1,1,0,0,0,0,0,0,0,0,0,2021,0,0,0,0,0,0,0,,0,0,0,0,0,0,1,0,0,0,0
BEN,493045,493,45,1,2,0,1,1,1,1,0,0,0,0,0,0,0,2021,0,0,0,0,0,0,0,1.118557333946228,0,0,0,0,0,0,1,0,0,0,0
BEN,493065,493,65,1,4,0,1,0,1,1,0,0,0,0,0,0,0,2021,0,0,0,0,0,0,0,2.415914297103882,0,0,0,0,0,0,1,0,0,0,0
BEN,493084,493,84,1,4,0,1,1,0,0,0,0,0,0,0,0,0,2021,0,0,0,0,0,0,0,1.1045669317245483,0,0,0,0,0,0,1,0,0,0,0
BEN,493104,493,104,1,4,0,1,1,0,0,0,0,0,0,0,0,0,2021,0,0,0,0,0,0,0,,0,0,0,0,0,0,0,0,0,0,0
BEN,493123,493,123,1,4,0,1,0,0,0,0,0,0,0,0,0,0,2021,0,0,0,0,0,0,0,1.1600067615509033,0,0,0,0,0,0,1,0,0,0,0
BEN,493143,493,143,1,4,0,1,1,0,0,0,0,0,0,0,0,0,2021,0,0,0,0,0,0,0,1.2741698026657104,0,0,0,0,0,0,0,0,0,0,0
BEN,493162,493,162,1,4,0,1,0,1,1,0,0,0,0,1,0,0,2021,0,0,0,0,0,0,0,,0,0,0,0,0,0,0,0,0,0,0
BEN,493181,493,181,1,4,0,1,1,1,1,0,0,0,0,1,0,0,2021,0,0,0,0,0,0,0,,0,10,0,0,0,0,1,0,0,0,0
BEN,493201,493,201,1,4,0,1,1,0,0,0,0,0,0,1,0,0,2021,0,0,0,0,0,0,0,1.1661046743392944,0,0,0,0,0,0,0,0,0,0,0
BEN,493220,493,220,1,4,0,1,0,1,1,0,0,0,0,1,0,0,2021,0,0,0,0,0,0,0,,0,0,0,0,0,0,0,0,0,0,0
BEN,494002,494,2,1,2,0,1,1,1,1,0,0,0,0,0,0,0,2021,0,0,0,0,0,0,0,1.3750494718551636,0,0,0,0,0,0,0,0,0,0,0
BEN,494012,494,12,1,1,0,1,1,1,1,0,0,0,0,0,0,0,2021,0,0,0,0,0,0,0,1.2267459630966187,0,0,0,0,0,0,0,0,0,0,0
BEN,494022,494,22,1,2,0,1,0,1,1,0,0,0,0,0,0,0,2021,0,0,0,0,0,0,0,,0,0,0,0,0,0,0,0,0,0,0
BEN,494032,494,32,1,2,0,1,0,1,1,0,0,0,0,0,0,0,2021,0,0,0,0,0,0,0,,0,0,0,0,0,0,0,0,0,0,0
BEN,494053,494,53,1,4,0,1,1,0,0,1,1,0,0,0,0,0,2021,0,0,0,0,0,0,0,,0,0,0,0,0,0,0,0,0,0,0
BEN,494063,494,63,1,4,0,1,0,1,1,0,0,0,0,0,0,0,2021,0,0,0,0,0,0,0,,0,0,0,0,0,0,0,0,0,0,0
BEN,494073,494,73,1,1,0,1,1,1,1,0,0,0,0,0,0,0,2021,0,0,0,0,0,0,0,,0,0,0,0,0,0,0,0,0,0,0
BEN,494103,494,103,1,4,0,1,1,1,1,0,0,1,0,1,0,0,2021,0,0,0,0,0,0,0,,0,0,0,0,0,0,0,0,0,0,0
BEN,494113,494,113,1,1,1,1,1,1,1,0,0,0,0,0,0,0,2021,0,0,0,0,0,0,0,,0,0,6,0,0,0,0,0,0,0,0
BEN,494124,494,124,1,4,0,1,1,1,1,0,0,0,0,1,0,0,2021,0,0,0,0,0,0,0,,0,0,0,0,0,0,0,0,0,0,0
BEN,494841,494,841,1,4,0,1,0,0,0,0,0,0,0,0,0,0,2021,0,0,0,0,0,0,0,1.0005959272384644,0,0,0,0,0,0,0,0,0,0,0
BEN,494842,494,842,1,4,0,1,1,1,1,0,0,0,0,0,0,0,2021,0,0,0,0,0,0,0,1.3745099306106567,0,0,0,0,0,0,0,0,0,0,0
BEN,495010,495,10,2,1,0,1,1,0,0,0,0,1,1,1,0,0,2021,0,0,0,0,0,0,0,1.4582489728927612,0,3,0,0,0,0,1,1,0,0,0
BEN,495028,495,28,2,2,0,1,1,0,0,0,0,1,1,0,0,0,2021,0,0,0,0,0,0,0,1.2817820236086845,0,0,0,0,0,1,1,1,0,1,0
BEN,495050,495,50,2,4,0,1,1,0,0,0,0,0,1,0,0,0,2021,0,0,0,0,0,0,0,,0,4,0,0,4,0,0,0,0,0,0
BEN,495064,495,64,2,4,1,1,1,1,1,0,0,0,1,1,0,0,2021,0,0,0,0,0,0,0,1.1901531219482422,0,3,0,0,4,0,1,0,0,0,0
BEN,495077,495,77,2,4,1,1,1,0,0,0,0,0,0,0,0,0,2021,0,0,0,0,0,0,0,1.146743655204773,0,0,0,0,15,0,1,1,0,0,0
BEN,495084,495,84,2,4,0,1,1,0,0,0,0,1,1,0,0,0,2021,0,0,0,0,0,0,0,0.04639999940991402,0,3,0,0,16,0,0,0,0,0,0
BEN,495104,495,104,2,4,1,1,1,0,0,0,0,1,0,0,0,0,2021,0,0,0,0,0,0,0,0.11934000253677368,0,0,0,0,4,1,0,1,0,0,0
BEN,495117,495,117,2,4,0,1,1,0,0,0,0,1,0,0,0,0,2021,0,0,0,0,0,0,0,,0,1,0,0,2,0,0,0,0,0,0
BEN,495130,495,130,2,1,0,1,1,0,0,0,0,1,0,1,0,0,2021,0,0,0,0,0,0,0,0.5117200016975403,0,0,0,0,0,1,1,1,0,0,0
BEN,495155,495,155,2,4,0,1,0,0,0,0,0,0,0,0,0,0,2021,0,0,0,0,0,0,0,,0,7,0,0,27,0,0,1,0,0,0
BEN,495170,495,170,2,4,0,1,1,0,0,0,0,0,0,0,0,0,2021,0,0,0,0,0,0,0,1.4154000356793404,0,7,0,0,30,0,1,1,1,0,0
BEN,495183,495,183,2,4,1,1,1,0,0,0,0,1,1,0,0,0,2021,0,0,0,0,0,0,0,1.0979413986206055,0,1,0,0,0,0,0,1,0,0,0
BEN,496012,496,12,2,4,1,1,0,0,0,0,1,0,0,0,0,0,2021,0,0,0,0,0,0,0,,0,0,0,0,0,1,0,1,0,0,0
BEN,496021,496,21,2,2,0,0,0,1,1,0,0,0,1,1,0,0,2021,0,0,0,0,0,0,0,1.0921337604522705,0,0,0,0,0,0,1,1,0,0,0
BEN,496029,496,29,2,4,0,1,1,0,0,0,0,0,0,0,0,0,2021,0,0,0,0,0,0,0,,0,0,0,0,0,0,0,1,1,0,0
BEN,496051,496,51,2,2,0,1,1,1,0,0,0,0,0,0,0,0,2021,0,0,0,0,0,0,0,,0,0,0,0,0,1,0,1,0,0,0
BEN,496056,496,56,2,2,0,1,1,1,1,0,0,1,1,0,0,0,2021,0,0,0,0,0,0,0,0.9406241178512573,0,0,0,0,0,0,1,1,0,1,0
BEN,496070,496,70,2,2,0,1,0,1,1,0,0,0,1,0,0,0,2021,0,0,0,0,0,0,0,1.1934725046157837,0,3,0,0,0,0,1,1,0,0,0
BEN,496090,496,90,2,4,0,1,1,1,1,0,0,0,1,1,0,0,2021,0,0,0,0,0,0,0,0.825100839138031,0,0,0,0,0,1,0,0,0,0,0
BEN,496100,496,100,2,4,0,1,1,1,1,0,0,0,1,0,0,0,2021,0,0,0,0,0,0,0,,0,0,0,0,0,0,0,0,0,0,0
BEN,496112,496,112,2,4,0,1,1,1,1,1,1,0,1,0,0,0,2021,1,0,0,0,0,1,0,1.2081880569458008,0,0,0,0,0,0,1,0,0,0,0
BEN,496129,496,129,2,4,0,1,1,1,1,0,0,0,1,1,1,0,2021,1,0,0,0,0,0,0,,0,0,0,0,4,1,0,0,0,0,0
BEN,496139,496,139,2,2,0,1,1,1,1,0,0,0,1,1,0,0,2021,0,0,0,0,0,0,0,0.9214772582054138,0,0,6,0,8,1,1,1,0,0,0
BEN,496149,496,149,2,4,1,0,1,0,0,0,0,0,0,0,0,0,2021,0,0,0,0,0,0,0,,0,0,0,0,3,1,0,1,0,0,0
BEN,497004,497,4,1,2,0,0,1,0,1,0,0,0,1,1,0,0,2021,0,0,0,0,0,0,0,1.0980861186981201,0,0,0,0,0,0,1,1,0,0,0
BEN,497014,497,14,1,2,0,1,1,1,1,0,0,0,1,1,0,0,2021,0,0,0,0,0,0,0,2.30623459815979,0,0,0,0,0,0,1,0,0,0,0
BEN,497041,497,41,1,1,1,1,1,1,1,0,0,0,1,1,0,0,2021,0,0,0,0,0,0,0,,0,0,0,0,0,0,0,0,0,0,0
BEN,497049,497,49,1,4,1,1,1,0,0,1,1,0,1,0,1,0,2021,0,0,0,0,0,0,0,,0,0,0,0,0,0,0,1,0,0,0
BEN,497054,497,54,1,1,1,1,1,0,0,1,1,0,1,0,1,0,2021,0,0,0,0,0,1,0,,0,0,0,0,0,0,1,1,0,0,0
BEN,497078,497,78,1,1,0,1,0,0,0,0,0,0,1,0,0,0,2021,0,0,0,0,0,0,0,,0,5,0,0,7,0,0,0,0,0,0
BEN,497090,497,90,1,3,1,1,1,1,1,0,0,0,1,0,0,1,2021,0,0,0,0,0,0,0,,0,0,0,0,0,1,0,0,0,0,0
BEN,497092,497,92,1,4,0,1,1,0,0,0,1,0,0,1,0,0,2021,0,0,0,0,0,0,0,,0,0,0,0,0,0,0,1,0,0,0
BEN,497115,497,115,1,3,1,1,1,0,0,0,1,0,0,1,0,0,2021,0,0,0,0,0,0,0,,0,0,0,0,0,0,0,0,0,0,0
BEN,497127,497,127,1,4,1,1,1,0,0,0,1,0,0,1,0,0,2021,1,0,0,0,0,0,0,,0,0,0,0,6,0,0,0,0,0,0
BEN,497140,497,140,1,3,0,1,1,0,0,0,0,1,0,1,0,0,2021,0,0,0,0,0,0,0,,0,0,0,0,0,0,0,0,0,0,0
BEN,497843,497,843,1,2,0,1,1,0,1,0,0,1,1,1,1,0,2021,0,0,0,0,0,0,0,96.2031021118164,0,0,0,0,700,0,0,0,0,0,0
BEN,498022,498,22,2,4,0,1,1,1,1,0,0,1,1,0,0,0,2021,0,0,0,0,0,0,0,,0,3,0,0,3,0,0,0,0,0,0
BEN,498031,498,31,2,4,1,1,1,1,1,0,0,1,1,0,0,0,2021,0,0,0,0,0,0,0,1.144106611609459,0,6,4,0,10,1,1,0,0,0,0
BEN,498050,498,50,2,4,1,1,1,0,0,0,0,1,1,0,0,0,2021,0,0,0,0,0,0,0,,0,0,0,0,4,0,0,0,0,0,0
BEN,498059,498,59,2,4,0,1,1,0,0,0,0,1,1,0,0,0,2021,0,0,0,0,0,0,0,1.3766976594924927,0,0,0,0,0,0,0,0,0,0,0
BEN,498069,498,69,2,1,0,1,1,0,0,0,0,0,0,0,0,0,2021,0,0,0,0,0,0,0,1.5193225145339966,0,0,0,0,0,0,1,1,0,1,0
BEN,498087,498,87,2,2,0,1,1,1,1,0,0,0,1,0,0,0,2021,0,0,0,0,0,0,0,,0,0,0,0,2,1,1,1,0,0,0
BEN,498090,498,90,2,3,0,1,0,0,0,0,0,0,0,0,0,0,2021,0,0,0,0,0,0,0,,0,0,0,0,0,0,0,1,1,0,0
BEN,498104,498,104,2,4,1,0,1,1,1,0,0,1,0,0,0,0,2021,0,0,0,0,0,0,0,,0,1,3,0,1,0,0,1,0,0,0
BEN,498106,498,106,2,2,0,1,0,0,0,0,0,0,0,0,0,0,2021,0,0,0,0,0,0,0,1.6864374876022339,0,4,0,0,23,0,1,1,1,0,0
BEN,498120,498,120,2,4,1,1,1,0,0,0,0,0,0,0,0,0,2021,0,0,0,0,0,0,0,,0,0,0,0,0,0,0,1,0,0,0
BEN,498125,498,125,2,4,0,1,1,0,0,0,1,0,1,1,0,0,2021,0,0,0,0,0,0,0,5.609906435012817,0,5,0,0,2,0,1,1,1,0,0
BEN,498143,498,143,2,3,1,1,1,0,1,0,0,1,0,0,0,0,2021,0,0,0,0,0,0,0,0.6517199873924255,0,4,0,0,20,0,0,1,1,0,0
BEN,499009,499,9,1,2,1,1,1,1,1,0,0,0,1,1,0,0,2021,0,0,0,0,0,0,0,,0,0,0,0,0,0,0,0,0,0,0
BEN,499019,499,19,1,4,1,1,1,1,1,0,1,0,1,1,1,0,2021,0,0,0,0,0,0,0,,0,0,0,0,0,0,0,0,0,0,0
BEN,499029,499,29,1,4,0,1,1,1,1,0,0,1,1,1,0,0,2021,0,0,0,0,0,0,0,,0,0,0,0,0,1,0,0,0,0,0
BEN,499039,499,39,1,4,1,1,1,1,1,0,0,1,0,1,1,0,2021,0,0,0,0,0,0,0,,0,0,0,0,0,0,0,0,0,0,0
BEN,499049,499,49,1,4,0,1,1,0,0,0,0,0,0,0,1,0,2021,0,0,0,0,0,0,0,,0,0,0,0,0,0,0,0,0,0,0
BEN,499069,499,69,1,4,0,1,1,1,1,0,0,0,0,0,0,0,2021,0,0,0,0,0,0,0,,0,0,0,0,0,0,1,1,0,0,0
BEN,499079,499,79,1,4,0,1,1,0,0,0,0,0,0,0,1,0,2021,0,0,0,0,0,0,0,,0,0,0,0,0,0,0,0,0,0,0
BEN,499089,499,89,1,4,0,1,1,0,0,0,0,0,0,0,1,0,2021,0,0,0,0,0,0,0,,0,0,0,0,0,0,0,0,0,0,0
BEN,499099,499,99,1,4,0,1,1,0,0,0,1,0,0,1,0,0,2021,0,0,0,0,0,0,0,,0,0,0,0,0,0,0,0,0,0,0
BEN,499105,499,105,1,3,1,1,1,1,1,1,1,0,0,1,0,0,2021,0,0,0,0,0,0,0,,0,0,0,0,0,0,0,1,0,0,0
BEN,499109,499,109,1,4,0,1,1,0,0,0,1,0,0,1,0,0,2021,0,0,0,0,0,0,0,,0,0,0,0,0,0,0,0,0,0,0
BEN,499120,499,120,1,4,0,1,1,1,1,0,0,0,0,1,0,0,2021,0,0,0,0,0,0,0,1.0650829076766968,0,0,0,0,0,0,0,0,0,0,0
BEN,500021,500,21,1,2,0,1,1,1,1,0,0,0,0,0,0,0,2021,0,0,0,0,0,0,0,1.354873538017273,0,0,0,0,0,0,0,0,0,0,0
BEN,500032,500,32,1,2,0,1,0,1,0,0,0,0,1,0,0,0,2021,0,0,0,0,0,0,0,2.2443946599960327,0,0,0,0,0,1,0,0,0,0,0
BEN,500054,500,54,1,4,0,1,0,0,0,0,0,0,0,0,0,0,2021,0,0,0,0,0,0,0,,0,0,0,0,0,0,0,0,0,0,0
BEN,500066,500,66,1,4,0,1,1,0,0,0,0,0,0,0,0,0,2021,0,0,0,0,0,0,0,1.2714078426361084,0,0,0,0,0,0,1,0,0,0,0
BEN,500077,500,77,1,4,0,1,1,0,0,1,1,0,0,0,0,0,2021,0,0,0,0,0,0,0,,0,0,0,0,0,0,0,0,0,0,0
BEN,500088,500,88,1,4,0,1,0,0,0,0,0,0,0,0,0,0,2021,0,0,0,0,0,0,0,1.2610124349594116,0,0,0,0,0,0,0,0,0,0,0
BEN,500110,500,110,1,4,0,1,1,1,1,0,0,1,0,0,0,0,2021,0,0,0,0,0,0,0,1.037416934967041,0,0,0,0,0,0,0,0,0,0,0
BEN,500121,500,121,1,4,0,1,1,1,1,0,0,0,0,0,0,0,2021,0,0,0,0,0,0,0,1.2029236555099487,0,0,0,0,0,0,0,0,0,0,0
BEN,500133,500,133,1,4,0,0,0,1,1,0,0,0,0,0,0,0,2021,0,0,0,0,0,0,0,,0,2,0,0,0,1,0,0,0,0,0
BEN,500844,500,844,1,2,0,1,1,1,1,0,0,0,0,0,0,0,2021,0,0,0,0,0,0,0,1.3818217515945435,0,0,0,0,0,0,0,0,0,0,0
BEN,500845,500,845,1,1,0,1,1,1,1,0,0,1,0,1,1,0,2021,0,0,0,0,0,0,0,,0,0,0,0,0,0,0,0,0,0,0
BEN,500927,500,927,1,3,0,1,1,1,1,0,0,1,0,0,0,0,2021,0,0,0,0,0,0,0,,0,0,0,0,0,0,0,0,0,0,0
BEN,501009,501,9,2,2,0,1,1,1,0,0,0,1,1,0,0,0,2021,0,0,0,0,0,0,0,1.0633671283721924,0,3,0,0,4,0,1,1,0,0,0
BEN,501020,501,20,2,2,0,1,0,1,0,0,0,0,1,0,0,0,2021,0,0,0,0,0,0,0,2.1193918585777283,0,0,0,0,0,1,0,1,1,0,0
BEN,501031,501,31,2,2,1,1,1,1,0,0,0,0,1,0,0,0,2021,0,0,0,0,0,0,0,2.7543101347982883,0,1,0,0,2,0,0,1,1,0,0
BEN,501042,501,42,2,2,0,1,0,1,0,0,0,0,1,0,0,0,2021,0,0,0,0,0,0,0,1.040963888168335,0,0,0,0,0,1,0,1,0,0,0
BEN,501064,501,64,2,4,0,1,1,1,0,0,0,1,1,0,0,0,2021,0,0,0,0,0,0,0,1.3123064041137695,0,2,0,0,6,0,0,0,0,0,0
BEN,501075,501,75,2,4,0,1,1,1,0,0,0,0,1,0,0,0,2021,0,0,0,0,0,0,0,1.2195450067520142,0,1,0,0,15,0,0,0,0,0,0
BEN,501086,501,86,2,4,0,1,0,1,0,0,0,0,1,0,0,0,2021,0,0,0,0,0,0,0,0.11034999787807465,0,1,0,0,41,0,0,0,0,0,0
BEN,501097,501,97,2,1,1,1,1,1,0,0,0,0,0,0,0,0,2021,0,0,0,0,0,0,0,,0,2,0,0,3,0,0,0,0,0,0
BEN,501108,501,108,2,4,0,1,0,1,0,0,0,0,1,0,0,0,2021,0,0,0,0,0,0,0,1.127634048461914,0,0,0,0,0,0,0,0,0,0,0
BEN,501130,501,130,2,1,0,1,0,0,0,0,0,0,0,0,0,0,2021,0,0,0,0,0,0,0,,0,3,0,0,20,0,0,0,0,0,0
BEN,501152,501,152,2,1,0,1,0,0,0,0,0,0,0,0,0,0,2021,0,0,0,0,0,0,0,,0,0,0,0,2,0,0,1,0,0,0
BEN,501174,501,174,2,1,0,1,0,1,0,0,0,0,0,0,0,0,2021,0,0,0,0,0,0,0,,0,0,0,0,7,0,0,1,0,0,0
BEN,502008,502,8,1,4,0,1,0,1,0,0,0,0,0,0,0,0,2021,0,0,0,0,0,0,0,,0,3,0,0,8,1,0,0,0,1,0
BEN,502018,502,18,1,4,0,1,1,1,1,0,0,0,0,0,0,0,2021,0,0,0,0,0,0,0,,0,4,0,0,10,0,0,0,1,0,0
BEN,502028,502,28,1,4,0,1,0,0,0,0,0,0,0,0,0,0,2021,0,0,0,0,0,0,0,0.1599999964237213,0,0,0,0,10,1,1,0,0,0,0
BEN,502039,502,39,1,4,0,1,0,1,0,0,0,0,0,0,0,0,2021,0,0,0,0,0,0,0,,0,0,0,0,5,0,1,0,0,0,0
BEN,502044,502,44,1,1,1,1,0,1,1,0,0,0,0,0,0,0,2021,0,0,0,0,0,0,0,,0,0,0,0,0,1,1,0,0,0,0
BEN,502049,502,49,1,1,1,1,0,1,1,0,0,0,0,0,0,0,2021,0,0,0,0,0,0,0,,0,0,0,0,5,1,0,0,0,0,0
BEN,502059,502,59,1,1,1,0,0,1,0,0,0,0,0,0,0,0,2021,0,0,0,0,0,0,0,1.1512104272842407,0,0,0,0,4,1,0,0,0,0,0
BEN,502080,502,80,1,1,1,1,0,1,1,0,0,0,0,0,0,0,2021,0,0,0,0,0,0,0,7.202433705329895,0,0,0,0,8,0,0,0,0,0,1
BEN,502090,502,90,1,1,0,1,0,1,1,0,0,0,0,0,0,0,2021,0,0,0,0,0,0,0,,0,3,0,0,0,0,0,0,0,0,0
BEN,502100,502,100,1,2,0,1,0,1,1,0,0,0,0,0,0,0,2021,0,0,0,0,0,0,0,0.1599999964237213,0,0,0,0,0,0,0,0,0,0,0
BEN,502110,502,110,1,1,0,1,0,0,1,0,0,1,0,0,0,0,2021,0,0,0,0,0,0,0,0.1599999964237213,0,0,2,0,0,0,0,0,0,0,0
BEN,502121,502,121,1,1,0,1,0,1,0,0,0,0,0,0,0,0,2021,0,0,0,0,0,0,0,,0,0,0,0,0,0,0,0,0,0,0
BEN,503008,503,8,2,2,0,0,0,1,0,0,0,0,1,0,0,0,2021,0,0,0,0,0,0,0,,0,0,0,0,0,1,1,1,0,0,0
BEN,503025,503,25,2,4,0,1,0,1,1,0,0,0,1,0,0,0,2021,0,0,0,0,0,0,0,1.1763205528259277,0,2,0,0,10,0,0,0,0,0,0
BEN,503033,503,33,2,2,0,1,0,1,0,0,0,0,1,0,0,0,2021,0,0,0,0,0,0,0,5.681366801261902,0,0,0,0,0,0,0,1,0,0,0
BEN,503041,503,41,2,1,0,0,0,1,0,0,0,0,1,0,0,0,2021,0,0,0,0,0,0,0,2.192800760269165,0,0,0,0,0,0,1,1,0,1,0
BEN,503058,503,58,2,4,0,1,0,1,1,0,0,0,1,0,0,0,2021,0,0,0,0,0,0,0,,0,4,0,0,13,0,0,0,0,0,0
BEN,503066,503,66,2,4,0,0,0,1,1,0,0,0,1,0,0,0,2021,0,0,0,0,0,0,0,1.3233764171600342,0,10,0,0,10,0,0,0,0,0,0
BEN,503074,503,74,2,4,0,1,0,1,1,0,0,0,1,0,0,0,2021,0,0,0,0,0,0,0,0.4011914134025574,0,4,0,0,30,0,0,0,0,0,0
BEN,503091,503,91,2,4,0,0,0,1,0,0,0,0,0,0,0,0,2021,0,0,0,0,0,0,0,,0,0,0,0,6,1,0,0,0,0,0
BEN,503101,503,101,2,1,0,1,0,1,0,0,0,0,0,0,0,0,2021,0,0,0,0,0,0,0,,0,17,0,0,10,0,0,0,0,0,0
BEN,503107,503,107,2,4,0,1,0,1,0,0,0,1,0,0,0,0,2021,0,0,0,0,0,0,0,,0,3,0,0,4,0,0,0,0,0,0
BEN,503124,503,124,2,1,1,1,1,1,0,0,0,0,0,0,0,0,2021,0,0,0,0,0,0,0,0.616320013999939,0,1,0,0,4,0,0,0,0,0,0
BEN,503132,503,132,2,2,0,1,1,1,0,0,0,1,1,0,0,0,2021,0,0,0,0,0,0,0,,0,0,0,0,2,0,0,1,1,0,0
BEN,504010,504,10,1,4,0,0,0,1,1,0,0,0,0,0,0,0,2021,0,0,0,0,0,0,0,65.85679429024458,0,4,0,0,14,0,0,0,0,0,0
BEN,504021,504,21,1,4,0,1,1,1,1,0,0,0,0,0,0,0,2021,0,0,0,0,0,0,0,0.2861529942601919,0,0,0,0,2,0,0,1,0,0,0
BEN,504032,504,32,1,4,0,1,1,1,1,0,0,0,0,0,0,0,2021,0,0,0,0,0,0,0,,0,0,0,0,2,0,0,1,1,0,0
BEN,504042,504,42,1,4,0,1,0,1,1,0,0,0,0,0,0,0,2021,0,0,0,0,0,0,0,,0,2,0,0,3,0,0,0,0,0,0
BEN,504053,504,53,1,1,0,0,0,1,1,0,0,0,0,0,0,0,2021,0,0,0,0,0,0,0,1.3238729238510132,0,0,0,0,8,0,0,0,0,0,0
BEN,504064,504,64,1,1,0,0,0,1,1,0,0,0,0,0,0,0,2021,0,0,0,0,0,0,0,,0,4,0,0,10,1,0,0,0,0,0
BEN,504074,504,74,1,4,0,1,0,1,1,0,0,0,0,0,0,0,2021,0,0,0,0,0,0,0,,0,0,0,0,9,1,0,0,0,0,0
BEN,504085,504,85,1,4,1,1,0,1,0,0,0,0,0,0,0,0,2021,0,0,0,0,0,0,0,,0,0,0,0,13,0,0,0,0,0,0
BEN,504096,504,96,1,2,0,1,0,1,0,0,0,0,0,0,0,0,2021,0,0,0,0,0,0,0,58.47999954223633,0,0,0,0,0,0,0,0,0,0,0
BEN,504106,504,106,1,2,0,0,0,1,1,0,0,0,0,1,0,1,2021,0,0,0,0,0,0,0,0.21649999916553497,0,0,0,0,0,0,0,0,0,0,0
BEN,504117,504,117,1,4,0,0,0,1,1,0,0,0,0,0,0,0,2021,0,0,0,0,0,0,0,,0,6,0,0,15,0,0,0,0,0,0
BEN,504128,504,128,1,2,0,0,0,1,1,0,0,0,0,0,0,0,2021,0,0,0,0,0,0,0,,0,5,0,0,13,0,0,0,0,0,0
BEN,505012,505,12,2,1,0,0,0,1,0,0,0,1,0,0,0,0,2021,0,0,0,0,0,0,0,0.0400000000372529,0,2,0,0,8,0,0,1,1,0,0
BEN,505027,505,27,2,4,0,1,0,1,0,0,0,0,0,0,0,0,2021,0,0,0,0,0,0,0,0.096220001578331,0,0,0,0,0,0,0,1,0,0,0
BEN,505056,505,56,2,2,0,1,0,1,1,0,0,0,1,0,0,0,2021,0,0,0,0,0,0,0,0.39111998677253723,0,0,0,0,0,1,1,0,0,0,0
BEN,505070,505,70,2,4,0,1,0,1,1,0,0,0,1,0,0,0,2021,0,0,0,0,0,0,0,1.1284325122833252,0,0,0,0,0,1,1,1,0,0,0
BEN,505085,505,85,2,4,0,1,1,1,1,0,0,0,1,0,0,0,2021,0,0,0,0,0,0,0,0.7729399800300598,0,0,0,0,0,1,1,1,0,0,0
BEN,505114,505,114,2,4,0,0,0,1,1,0,0,0,1,0,0,0,2021,0,0,0,0,0,0,0,2.818550154566765,0,6,7,0,21,1,0,1,0,0,0
BEN,505128,505,128,2,4,0,1,1,1,1,0,0,1,1,0,0,0,2021,0,0,0,0,0,0,0,0.13288000226020813,0,0,0,0,0,0,0,0,0,0,0
BEN,505143,505,143,2,4,0,0,0,1,0,0,0,0,1,0,1,0,2021,0,0,0,0,0,0,0,0.36337000131607056,0,16,0,0,9,0,0,0,0,0,0
BEN,505172,505,172,2,4,0,1,0,1,1,0,0,0,0,0,0,0,2021,0,0,0,0,0,0,0,,0,0,0,0,4,1,0,1,0,0,0
BEN,505186,505,186,2,4,1,1,1,0,0,0,0,1,1,0,1,0,2021,1,0,0,0,0,1,0,0.08286000043153763,0,6,0,0,19,0,1,0,0,0,0
BEN,505201,505,201,2,2,1,1,1,1,1,0,0,1,0,0,0,0,2021,0,0,0,0,0,0,0,0.8635799884796143,0,1,0,0,0,1,1,1,0,1,0
BEN,505230,505,230,2,4,0,1,0,1,1,0,0,0,1,0,1,0,2021,0,0,0,0,0,0,0,0.16550999879837036,0,0,0,0,2,1,1,0,0,0,0
BEN,506014,506,14,2,3,1,1,1,1,1,1,1,0,1,1,1,0,2021,1,1,0,1,1,1,0,,0,0,0,0,0,0,0,1,0,0,0
BEN,506045,506,45,2,3,1,1,1,1,1,1,1,0,1,1,0,0,2021,1,1,1,1,0,1,0,,0,0,0,0,0,0,0,1,0,0,0
BEN,506061,506,61,2,3,1,1,1,1,1,1,1,0,1,1,0,0,2021,0,0,0,0,0,1,0,,0,0,0,0,0,1,0,1,0,0,0
BEN,506076,506,76,2,2,1,1,1,1,1,0,1,0,1,1,0,0,2021,0,0,0,0,0,0,0,,0,0,0,0,0,0,0,1,1,0,0
BEN,506105,506,105,2,4,1,1,1,1,1,1,1,0,0,0,0,0,2021,0,0,0,0,0,0,0,,0,0,0,0,0,0,0,1,0,0,0
BEN,506123,506,123,2,1,0,1,0,1,1,1,1,0,0,0,0,0,2021,1,0,0,0,0,1,0,0.009829999879002571,0,0,0,0,0,1,1,1,0,0,0
BEN,506139,506,139,2,1,1,1,1,1,1,1,1,0,1,0,0,0,2021,1,0,0,0,0,1,0,,0,8,15,0,0,0,1,1,0,0,0
BEN,506170,506,170,2,1,1,1,1,1,1,0,1,0,1,0,0,0,2021,1,0,0,0,1,1,0,,0,3,0,0,0,0,1,1,0,0,0
BEN,506185,506,185,2,1,1,1,1,1,1,0,0,0,0,0,0,0,2021,0,0,0,0,0,0,0,,0,0,0,0,0,0,1,1,0,0,0
BEN,506200,506,200,2,1,0,1,1,1,1,1,1,0,1,0,0,0,2021,1,0,0,0,0,0,0,,0,0,0,0,0,0,0,1,0,0,0
BEN,506230,506,230,2,4,1,1,1,0,0,1,1,0,0,1,0,0,2021,0,0,0,0,0,0,0,,0,0,0,0,0,0,0,1,0,0,0
BEN,506248,506,248,2,1,1,1,1,1,1,1,1,0,0,1,0,0,2021,1,0,0,0,0,0,0,,0,0,0,0,0,0,1,1,0,0,0
BEN,507028,507,28,1,3,1,1,1,1,1,1,1,0,0,0,1,0,2021,1,0,0,0,0,0,0,,0,0,0,0,0,0,0,0,0,0,0
BEN,507111,507,111,1,1,0,1,1,1,1,0,0,0,1,0,0,0,2021,0,0,0,0,0,0,0,0.5,0,3,0,0,2,1,1,0,1,1,0
BEN,507167,507,167,1,3,1,1,1,1,0,0,0,0,1,0,1,0,2021,0,0,0,0,0,0,0,0.009999999776482582,0,0,0,0,10,0,0,1,0,0,0
BEN,507195,507,195,1,1,1,1,1,1,1,1,1,0,1,0,1,0,2021,0,0,0,0,0,0,0,,0,0,0,0,0,0,0,1,0,0,0
BEN,507250,507,250,1,1,1,1,1,0,0,0,0,1,0,0,0,0,2021,1,0,0,0,0,0,0,,0,0,0,0,0,0,0,0,0,0,0
BEN,507278,507,278,1,2,1,1,1,1,1,1,1,0,1,0,1,0,2021,1,0,0,0,1,0,0,,0,0,0,0,0,0,0,0,0,0,0
BEN,507846,507,846,1,1,1,1,1,1,1,1,1,0,1,1,1,1,2021,1,0,0,0,0,1,1,,0,0,0,5,51,1,0,0,0,0,0
BEN,507847,507,847,1,3,1,1,1,1,1,0,1,0,1,0,1,0,2021,1,0,0,0,0,1,1,,0,0,0,0,0,0,0,0,0,0,0
BEN,507848,507,848,1,3,1,1,1,1,1,0,1,0,1,0,1,0,2021,0,0,0,0,0,0,0,,0,0,0,0,0,0,0,1,0,0,0
BEN,507849,507,849,1,2,1,1,1,1,1,0,1,0,1,0,1,0,2021,0,0,0,0,1,0,0,,0,7,0,0,0,1,0,1,0,0,0
BEN,507850,507,850,1,1,1,1,1,1,1,1,1,0,1,0,1,0,2021,1,0,0,0,0,0,0,,0,0,0,0,0,1,0,0,0,0,0
BEN,507851,507,851,1,2,0,1,1,0,0,0,0,0,0,0,1,0,2021,0,0,0,0,0,0,0,,0,0,0,0,0,0,0,0,0,0,0
BEN,508007,508,7,2,3,1,1,1,1,1,1,1,0,1,1,0,0,2021,0,0,0,0,0,0,0,,0,0,0,0,0,0,0,1,0,0,0
BEN,508044,508,44,2,3,1,1,1,1,1,1,1,0,1,1,1,0,2021,0,0,0,1,0,0,0,,0,0,0,0,0,0,0,1,0,0,0
BEN,508063,508,63,2,2,1,1,1,1,1,1,1,0,1,1,0,0,2021,0,0,0,0,0,0,0,,0,0,0,0,0,0,0,1,0,0,0
BEN,508101,508,101,2,1,1,1,1,1,1,1,1,0,1,1,0,0,2021,0,0,0,0,0,0,0,0.23559999465942383,0,24,0,0,8,1,1,1,0,1,0
BEN,508120,508,120,2,4,1,1,1,1,1,0,1,0,1,0,0,1,2021,0,0,0,0,0,0,0,,0,0,0,0,0,1,0,1,0,0,0
BEN,508138,508,138,2,3,1,1,1,1,1,0,1,0,1,0,0,0,2021,1,0,0,0,0,1,0,,0,0,0,0,12,0,0,1,0,0,0
BEN,508195,508,195,2,4,1,1,1,1,1,0,1,0,0,0,0,0,2021,0,0,0,0,0,0,0,,0,0,0,0,10,1,0,1,0,0,0
BEN,508214,508,214,2,3,1,1,1,0,0,0,0,0,0,0,0,0,2021,0,0,0,0,0,0,0,,0,0,0,0,0,0,1,1,0,0,0
BEN,508251,508,251,2,3,1,1,1,1,1,1,1,0,0,1,1,1,2021,1,0,0,1,0,0,0,,0,0,0,0,0,0,0,1,0,0,0
BEN,508270,508,270,2,1,1,1,1,1,1,1,1,0,0,0,0,0,2021,1,0,0,0,0,0,0,,0,0,0,0,0,0,1,1,0,0,0
BEN,508289,508,289,2,3,1,1,1,1,1,1,1,0,0,1,1,1,2021,1,0,0,0,0,0,0,,0,0,0,0,0,0,0,1,0,0,0
BEN,508922,508,922,2,4,1,1,1,1,1,0,1,0,1,0,0,0,2021,0,0,0,0,0,0,0,,0,0,9,0,0,0,0,1,0,0,0
BEN,509010,509,10,1,2,0,1,0,1,1,0,0,0,0,0,0,0,2021,0,0,0,0,0,0,0,,0,0,0,0,0,1,0,0,0,0,0
BEN,509024,509,24,1,2,0,1,0,1,1,0,0,0,0,0,0,0,2021,0,0,0,0,0,0,0,1.1255078315734863,0,0,1,0,3,1,1,0,1,0,0
BEN,509038,509,38,1,2,0,1,0,1,1,0,0,0,0,0,0,0,2021,0,0,0,0,0,0,0,,0,0,0,0,2,1,1,0,1,0,0
BEN,509052,509,52,1,2,1,1,1,1,1,0,0,0,0,0,0,0,2021,0,0,0,0,0,0,0,,0,0,0,0,15,0,0,1,0,0,0
BEN,509079,509,79,1,2,0,1,0,1,1,0,0,0,0,0,0,0,2021,0,0,0,0,0,0,0,,0,0,0,0,0,1,0,0,0,0,0
BEN,509093,509,93,1,2,0,0,0,1,1,0,0,1,0,0,0,0,2021,0,0,0,0,0,0,0,1.051941990852356,0,1,0,0,10,1,1,1,0,0,0
BEN,509107,509,107,1,2,0,0,0,1,1,0,1,0,0,0,0,0,2021,0,0,0,0,0,0,0,,0,0,0,0,6,1,0,0,0,0,0
BEN,509120,509,120,1,2,0,1,0,1,1,0,0,0,0,0,1,0,2021,0,0,0,0,0,0,0,,0,0,0,0,10,1,0,0,0,0,0
BEN,509134,509,134,1,2,1,1,1,1,1,1,1,0,1,0,0,0,2021,0,0,0,0,0,0,0,,0,0,0,0,0,0,0,0,0,0,0
BEN,509148,509,148,1,2,0,1,0,1,1,0,1,0,1,0,0,0,2021,0,0,0,0,0,0,0,1.2143850326538086,0,0,0,0,0,1,1,1,0,1,0
BEN,509162,509,162,1,4,0,1,0,1,1,0,0,0,0,0,0,0,2021,0,0,0,0,0,0,0,,0,0,0,0,0,0,1,1,1,1,0
BEN,509175,509,175,1,2,0,1,0,0,1,0,1,0,1,0,0,0,2021,0,0,0,0,0,0,0,,0,7,0,0,0,0,1,1,0,0,0
BEN,510012,510,12,2,3,1,1,1,1,1,1,1,0,1,1,1,0,2021,1,0,0,0,0,1,0,,0,0,0,0,13,0,0,1,0,0,0
BEN,510029,510,29,2,1,1,1,0,1,1,1,1,0,0,0,0,0,2021,1,0,1,0,0,1,0,,0,0,0,0,0,1,0,1,1,0,0
BEN,510062,510,62,2,2,1,1,1,1,1,0,1,0,0,0,0,0,2021,0,0,0,0,0,0,0,1.1910722255706787,0,0,0,0,0,0,1,1,0,1,0
BEN,510079,510,79,2,4,1,1,1,1,1,0,1,0,0,0,0,0,2021,0,0,0,0,0,0,0,0.24658000469207764,0,0,0,0,0,1,1,1,0,1,0
BEN,510096,510,96,2,4,0,1,1,1,1,1,1,0,1,0,0,0,2021,0,0,0,0,0,0,0,,0,0,0,0,0,1,0,1,0,0,0
BEN,510130,510,130,2,4,1,1,1,1,1,1,1,0,1,0,0,1,2021,1,0,0,0,0,1,0,0.01336000021547079,0,0,0,0,0,1,1,1,0,0,0
BEN,510147,510,147,2,4,0,1,1,1,1,1,1,0,0,0,0,1,2021,0,0,0,0,0,0,0,1.1953091621398926,0,4,8,0,0,0,1,1,0,1,0
BEN,510164,510,164,2,4,1,1,1,1,1,1,1,0,0,0,1,1,2021,1,0,0,0,0,1,0,,0,5,0,0,0,0,1,1,0,1,0
BEN,510197,510,197,2,1,0,1,1,1,1,0,1,0,0,0,0,0,2021,1,0,0,0,0,1,0,0.17679999768733978,0,0,0,0,0,0,1,1,0,0,0
BEN,510214,510,214,2,1,1,1,1,0,0,1,1,0,0,0,0,0,2021,1,0,0,0,0,0,0,1.2451106309890747,0,0,0,0,0,0,1,1,0,0,0
BEN,510231,510,231,2,4,1,1,1,1,1,0,0,0,0,0,0,0,2021,0,0,0,0,0,0,0,,0,0,0,0,0,0,1,1,0,0,0
BEN,510265,510,265,2,1,0,1,1,1,1,0,0,1,0,0,0,0,2021,1,0,0,0,0,0,0,0.358599990606308,0,12,0,0,0,0,1,1,0,1,0
BEN,511006,511,6,1,3,1,1,1,1,1,0,1,0,1,1,1,0,2021,0,0,0,0,0,0,0,,0,0,0,0,0,0,0,1,1,0,0
BEN,511026,511,26,1,4,1,1,1,1,1,0,1,0,0,0,0,0,2021,0,0,0,0,0,0,0,,0,0,0,0,0,0,0,1,0,0,0
BEN,511046,511,46,1,1,1,1,1,1,1,1,1,0,0,0,1,0,2021,0,0,0,0,0,0,1,,0,0,0,0,0,0,0,1,0,0,0
BEN,511066,511,66,1,1,1,1,1,1,1,0,0,1,0,0,0,0,2021,0,0,0,0,0,0,0,,0,0,0,0,0,1,0,0,0,0,0
BEN,511106,511,106,1,4,0,1,0,0,0,0,0,0,0,0,1,0,2021,0,0,0,0,0,0,0,,0,0,0,0,0,1,0,0,0,0,0
BEN,511126,511,126,1,3,1,1,1,1,1,0,0,1,1,0,1,0,2021,0,0,0,0,0,0,0,,0,0,0,0,0,1,0,0,0,0,0
BEN,511167,511,167,1,4,1,1,1,1,1,0,0,0,1,0,0,0,2021,0,0,0,0,0,0,0,0.012299999594688416,0,0,0,0,0,1,0,0,0,0,0
BEN,511187,511,187,1,4,0,1,0,1,1,0,1,0,1,0,1,0,2021,1,0,0,0,0,0,0,,0,0,0,0,0,1,0,0,0,0,0
BEN,511207,511,207,1,1,0,1,0,1,1,0,0,1,0,0,0,0,2021,1,0,0,0,0,1,0,,0,4,0,0,0,0,0,1,0,0,0
BEN,511227,511,227,1,1,1,1,1,1,1,0,1,0,0,0,1,0,2021,0,0,0,0,0,0,0,,0,0,0,0,0,0,0,0,0,0,0
BEN,511247,511,247,1,3,1,1,1,1,1,0,1,0,1,0,1,0,2021,0,0,0,0,0,0,0,,0,0,0,0,0,0,0,0,0,0,0
BEN,511267,511,267,1,1,1,1,1,1,1,0,1,0,1,0,0,1,2021,1,1,0,0,0,1,0,,0,0,0,0,0,0,0,1,1,0,0
BEN,512002,512,2,1,2,0,1,1,1,1,0,0,0,0,0,1,0,2021,0,0,0,0,0,0,0,3.299999952316284,0,0,0,0,50,1,1,1,0,0,0
BEN,512017,512,17,1,2,0,1,0,1,1,0,0,0,0,0,0,0,2021,0,0,0,0,0,0,0,,0,0,0,0,0,0,0,0,0,0,0
BEN,512033,512,33,1,1,0,1,1,1,1,1,1,0,0,0,1,0,2021,0,0,0,0,0,0,0,1.4533213376998901,0,2,0,0,50,0,1,1,0,1,0
BEN,512049,512,49,1,2,0,1,0,1,1,0,0,1,0,0,0,0,2021,0,0,0,0,0,0,0,2.152065634727478,0,0,0,0,12,0,1,0,1,1,0
BEN,512064,512,64,1,2,0,0,0,1,0,0,0,0,1,0,0,0,2021,0,0,0,0,0,0,0,1.0,0,4,0,0,0,0,1,1,0,0,0
BEN,512080,512,80,1,2,0,1,1,1,0,0,0,0,0,0,0,0,2021,0,0,0,0,0,0,0,0.019999999552965164,0,4,0,0,0,1,1,1,0,0,0
BEN,512096,512,96,1,2,0,1,1,1,0,0,0,0,1,0,0,0,2021,0,0,0,0,0,0,0,0.009999999776482582,0,4,0,0,0,0,1,1,0,0,0
BEN,512111,512,111,1,2,0,1,0,1,0,0,0,0,1,0,0,0,2021,0,0,0,0,0,0,0,0.004300000204239041,0,0,0,0,0,1,1,0,0,0,0
BEN,512127,512,127,1,1,1,1,1,1,1,1,1,0,1,0,0,0,2021,1,0,0,0,0,0,0,,0,0,20,0,55,0,1,0,0,0,0
BEN,512143,512,143,1,2,0,0,0,1,1,0,0,0,0,0,1,0,2021,0,0,0,0,0,0,0,,0,0,0,0,30,0,1,1,1,0,0
BEN,512158,512,158,1,2,0,1,0,0,0,0,0,0,1,0,0,0,2021,0,0,0,0,0,0,0,1.3142130374908447,0,0,0,0,0,1,1,1,0,0,0
BEN,512174,512,174,1,2,0,1,0,1,1,0,0,0,1,0,0,0,2021,0,0,0,0,0,0,0,,0,0,0,0,0,0,1,0,0,0,0
BEN,513010,513,10,2,4,1,1,0,1,1,0,0,0,1,0,0,0,2021,0,0,0,0,0,0,0,1.2644587755203247,0,0,0,0,9,0,1,1,0,1,0
BEN,513021,513,21,2,2,1,1,1,1,1,0,0,0,1,0,0,0,2021,0,0,0,0,0,0,0,,0,0,0,0,0,0,1,1,0,0,0
BEN,513034,513,34,2,4,1,1,1,1,1,0,0,1,1,0,0,0,2021,1,0,0,0,0,0,0,1.2143011093139648,0,0,0,0,0,0,1,1,0,1,0
BEN,513062,513,62,2,2,1,1,1,1,1,0,0,0,1,0,0,0,2021,0,0,0,0,0,0,0,1.1515345573425293,0,0,0,0,11,1,1,1,0,1,0
BEN,513076,513,76,2,4,0,1,0,1,1,0,0,0,1,0,0,0,2021,0,0,0,0,0,0,0,,0,0,9,0,0,0,1,1,0,0,0
BEN,513090,513,90,2,3,0,1,1,1,1,0,0,1,1,0,0,1,2021,1,0,0,0,0,1,0,1.2642267942428589,0,0,0,0,2,0,1,1,0,0,0
BEN,513117,513,117,2,4,1,1,1,1,1,0,0,1,1,0,0,0,2021,0,0,0,0,0,0,0,1.2320795059204102,0,0,0,0,0,0,1,1,0,0,0
BEN,513131,513,131,2,4,0,1,1,1,1,0,0,0,1,0,0,0,2021,0,0,0,0,0,0,0,0.881687343120575,0,0,0,0,0,0,1,1,0,0,0
BEN,513145,513,145,2,4,0,1,1,1,1,0,0,0,0,0,0,0,2021,0,0,0,0,0,0,0,1.7718398571014404,0,0,0,0,0,0,1,1,0,0,0
BEN,513172,513,172,2,4,0,1,0,1,1,0,0,0,0,0,0,0,2021,1,0,0,0,0,1,0,0.9291965961456299,0,0,0,0,0,0,1,1,0,1,0
BEN,513186,513,186,2,4,0,1,1,1,1,0,0,1,0,0,0,0,2021,0,0,0,0,0,0,0,,0,0,0,0,0,0,1,1,0,0,0
BEN,513200,513,200,2,1,0,1,1,1,1,0,0,1,0,0,0,0,2021,0,0,0,0,0,0,0,1.2035306692123413,0,0,0,0,0,0,1,1,0,0,0
BEN,514040,514,40,1,4,0,1,1,1,1,0,0,0,0,0,0,0,2021,0,0,0,0,0,0,0,,0,0,0,0,0,0,0,1,0,0,0
BEN,514064,514,64,1,1,1,1,1,1,1,1,1,0,1,0,0,0,2021,1,0,0,0,0,1,1,,0,0,0,0,0,0,0,0,0,0,0
BEN,514134,514,134,1,4,1,1,1,1,1,1,1,0,0,0,0,0,2021,1,0,0,0,0,1,0,,0,0,0,0,0,0,1,1,1,0,0
BEN,514157,514,157,1,4,1,1,1,1,1,1,1,0,0,0,0,0,2021,0,0,0,0,0,0,0,,0,12,0,0,5,1,1,0,0,0,0
BEN,514180,514,180,1,4,1,1,1,1,1,1,1,0,0,0,0,0,2021,0,0,0,0,0,0,0,,0,0,0,0,0,0,0,0,1,0,0
BEN,514204,514,204,1,4,1,1,1,1,1,1,1,0,0,0,0,0,2021,0,0,0,0,0,0,0,,0,1,0,0,7,1,0,0,0,0,0
BEN,514227,514,227,1,4,1,1,0,0,0,0,1,0,0,1,1,0,2021,0,0,0,0,0,0,0,,0,0,0,0,0,0,0,1,0,0,0
BEN,514250,514,250,1,4,1,1,1,0,0,1,1,0,0,0,0,0,2021,0,0,0,0,0,0,0,,0,2,0,0,10,1,0,0,0,0,0
BEN,514273,514,273,1,4,0,1,0,1,1,0,1,0,0,0,0,0,2021,1,0,0,0,0,0,0,,0,0,0,0,0,0,0,0,1,0,0
BEN,514297,514,297,1,2,1,1,1,1,1,1,1,0,0,1,1,0,2021,1,0,0,0,0,0,0,,0,0,0,0,0,0,0,1,0,0,0
BEN,514852,514,852,1,1,1,1,1,1,1,0,1,0,0,0,0,0,2021,0,0,0,0,0,0,0,,0,4,0,0,10,1,0,0,0,0,0
BEN,514853,514,853,1,4,1,1,1,1,0,0,0,0,0,0,0,0,2021,1,1,0,0,0,1,0,,0,0,0,0,0,0,0,1,0,0,0
BEN,515001,515,1,2,1,1,1,1,0,0,0,0,0,0,0,0,0,2021,0,0,0,0,0,0,0,,0,0,0,0,50,0,0,1,0,0,0
BEN,515021,515,21,2,4,1,1,1,0,0,0,0,0,0,0,0,0,2021,0,0,0,0,0,0,0,,0,0,0,0,0,0,0,1,0,0,0
BEN,515031,515,31,2,4,1,1,1,0,0,0,0,1,0,1,1,1,2021,1,0,0,0,0,0,0,,0,0,0,0,0,0,0,1,0,0,0
BEN,515040,515,40,2,1,1,1,1,1,1,0,1,0,0,1,1,0,2021,1,0,0,0,0,0,0,,0,0,0,0,0,1,0,1,0,0,0
BEN,515060,515,60,2,2,1,1,1,0,0,0,0,0,0,0,0,0,2021,0,0,0,0,0,0,0,0.2800000011920929,0,10,0,0,0,0,1,1,0,0,0
BEN,515069,515,69,2,1,1,1,1,0,0,0,1,0,0,0,0,0,2021,0,0,0,0,0,0,0,,0,0,0,0,0,0,0,1,0,0,0
BEN,515079,515,79,2,4,1,1,1,0,0,1,1,0,0,1,1,0,2021,1,1,0,0,1,1,1,,0,0,0,0,0,0,0,1,0,0,0
BEN,515098,515,98,2,2,1,1,1,0,0,1,1,0,0,1,0,0,2021,1,0,0,0,0,1,0,,0,0,0,0,0,1,0,1,0,0,0
BEN,515108,515,108,2,4,1,1,1,0,0,1,1,0,0,1,0,0,2021,0,0,0,0,0,0,0,,0,0,0,0,0,0,0,1,0,0,0
BEN,515118,515,118,2,1,1,1,1,0,0,0,1,0,0,0,0,0,2021,1,0,0,0,0,1,0,,0,0,0,0,0,1,0,1,0,0,0
BEN,515137,515,137,2,2,1,1,0,1,0,0,0,0,0,0,0,0,2021,0,0,0,0,0,0,0,,0,0,0,0,0,0,0,1,0,0,0
BEN,515147,515,147,2,4,0,1,0,1,1,0,1,0,0,0,0,0,2021,0,0,0,0,0,0,0,,0,0,0,0,0,0,0,1,0,0,0
BEN,516026,516,26,2,4,1,1,1,1,1,0,0,0,0,0,1,0,2021,0,0,0,0,0,0,0,,0,0,0,0,0,0,0,1,0,0,0
BEN,516045,516,45,2,4,1,1,1,0,0,1,1,0,0,0,1,0,2021,0,0,0,0,0,0,0,,0,0,0,0,0,0,0,1,0,0,0
BEN,516064,516,64,2,1,1,1,1,1,1,1,1,0,0,1,1,0,2021,1,0,0,0,1,0,0,,0,0,0,0,0,0,0,1,0,0,0
BEN,516102,516,102,2,4,1,1,1,0,0,0,0,0,0,0,1,0,2021,0,0,0,0,0,0,0,,0,0,0,0,0,0,0,1,0,0,0
BEN,516121,516,121,2,4,0,1,1,0,0,0,1,0,0,0,0,0,2021,0,0,0,0,0,0,0,,0,10,15,0,0,1,0,1,0,0,0
BEN,516140,516,140,2,1,1,1,1,1,1,1,1,0,1,1,0,0,2021,1,0,0,0,0,0,0,,0,0,0,0,0,0,0,1,0,0,0
BEN,516177,516,177,2,4,0,1,1,0,0,0,0,0,0,0,0,0,2021,0,0,0,0,0,0,0,,0,0,0,0,0,1,0,1,0,0,0
BEN,516196,516,196,2,1,1,1,1,0,0,1,1,0,1,1,0,0,2021,1,0,0,0,0,0,0,,0,0,0,0,0,0,0,1,0,0,0
BEN,516215,516,215,2,4,0,1,0,1,1,0,1,0,0,0,0,0,2021,0,0,0,0,0,0,0,,0,0,0,0,0,0,0,1,0,0,0
BEN,516253,516,253,2,2,1,1,1,0,0,0,1,0,0,0,0,0,2021,0,0,0,0,0,0,0,,0,0,0,0,0,1,0,1,0,0,0
BEN,516272,516,272,2,2,0,1,1,1,0,0,0,0,0,0,0,0,2021,0,0,0,0,1,0,0,,0,0,0,0,0,1,0,1,0,0,0
BEN,516291,516,291,2,3,1,1,1,1,1,0,1,0,0,0,0,0,2021,0,0,0,0,0,0,0,,0,0,0,0,0,0,0,1,0,0,0
BEN,517013,517,13,1,4,1,1,1,0,0,0,1,0,0,0,0,0,2021,0,0,0,0,0,0,0,,0,0,0,0,0,0,0,1,0,0,0
BEN,517027,517,27,1,4,1,1,1,1,1,0,0,1,0,0,1,0,2021,1,0,0,0,0,0,0,,0,0,0,0,4,0,0,1,1,0,0
BEN,517041,517,41,1,3,1,1,1,1,1,1,1,0,0,1,1,0,2021,1,0,0,0,1,1,0,,0,0,0,0,0,0,0,1,1,0,0
BEN,517054,517,54,1,4,1,1,1,1,1,0,0,1,1,1,1,0,2021,0,0,0,0,0,0,0,,0,0,0,0,0,0,0,1,0,0,0
BEN,517068,517,68,1,3,1,1,1,1,1,1,1,0,1,1,1,1,2021,1,1,0,0,1,0,0,,0,0,0,0,0,0,0,1,1,0,0
BEN,517082,517,82,1,4,1,1,1,0,0,0,0,0,0,0,0,0,2021,0,0,0,0,0,0,0,,0,1,0,0,1,0,0,0,0,0,0
BEN,517096,517,96,1,4,1,1,1,1,1,0,0,0,0,0,0,0,2021,0,0,0,0,0,0,0,,0,0,0,0,8,0,1,1,0,0,0
BEN,517110,517,110,1,1,1,1,1,1,1,1,1,0,1,0,0,0,2021,0,0,1,0,0,0,0,,0,0,0,0,0,0,0,1,1,0,0
BEN,517124,517,124,1,1,1,1,1,1,1,0,0,0,0,0,0,0,2021,0,0,0,0,0,0,0,,0,2,0,0,0,0,0,0,0,0,0
BEN,517137,517,137,1,4,1,1,1,1,1,1,1,0,1,1,1,1,2021,1,0,0,0,0,0,0,,0,0,0,0,0,0,0,1,0,0,0
BEN,517179,517,179,1,4,1,1,1,1,1,1,1,0,0,0,0,0,2021,0,0,0,0,0,0,0,,0,0,0,0,0,1,0,0,0,0,0
BEN,517193,517,193,1,1,1,1,1,0,0,1,1,0,0,1,0,0,2021,0,0,0,0,0,0,0,0.09796900302171707,0,0,12,0,41,0,1,1,0,0,0
BEN,518007,518,7,2,4,1,1,1,1,1,1,1,0,0,0,0,0,2021,1,0,0,0,0,0,0,,0,0,0,0,0,0,0,1,0,0,0
BEN,518016,518,16,2,4,1,1,1,0,0,1,1,0,0,0,0,0,2021,1,0,0,0,0,0,0,,0,0,0,0,0,0,0,1,0,0,0
BEN,518033,518,33,2,2,1,1,1,1,0,0,1,0,0,1,0,0,2021,1,0,0,0,0,0,0,,0,0,0,0,0,0,0,1,0,0,0
BEN,518042,518,42,2,1,1,1,1,1,0,0,1,0,0,0,0,0,2021,1,0,0,0,0,0,0,,0,0,0,0,0,1,0,1,0,0,0
BEN,518050,518,50,2,4,0,1,0,1,1,0,0,0,0,0,0,0,2021,0,0,0,0,0,0,0,,0,0,0,0,0,0,0,1,0,0,0
BEN,518068,518,68,2,4,1,1,1,0,0,0,1,0,0,0,0,0,2021,0,0,0,0,0,0,0,,0,0,0,0,0,1,0,1,0,0,0
BEN,518076,518,76,2,4,0,1,1,0,0,0,0,0,0,0,0,0,2021,0,0,0,0,0,0,0,,0,0,0,0,0,1,0,1,0,0,0
BEN,518085,518,85,2,4,1,1,1,0,0,0,0,0,0,0,0,0,2021,0,0,0,0,0,0,0,,0,0,0,0,0,1,0,1,0,0,0
BEN,518102,518,102,2,2,1,1,1,0,0,0,1,0,0,0,0,0,2021,1,0,0,0,0,1,0,,0,0,0,0,0,0,0,1,0,0,0
BEN,518111,518,111,2,4,1,1,1,1,0,0,1,0,0,0,0,0,2021,1,0,0,0,0,1,0,,0,0,0,0,0,0,0,1,0,0,0
BEN,518119,518,119,2,1,1,1,1,0,0,0,1,0,0,0,0,0,2021,1,0,0,0,0,0,0,0.07690000161528587,0,0,0,0,0,1,0,1,0,0,0
BEN,518137,518,137,2,4,0,1,1,0,0,0,1,0,0,0,0,0,2021,0,0,0,0,0,0,0,,0,0,0,0,0,1,0,1,0,0,0
BEN,519002,519,2,1,1,1,1,1,0,0,1,1,0,0,0,0,0,2021,1,0,0,0,0,1,0,,0,0,0,0,15,1,0,1,0,0,0
BEN,519010,519,10,1,1,1,1,1,0,0,0,1,0,0,0,0,0,2021,1,0,0,0,0,0,0,,0,0,0,0,6,0,0,0,0,0,0
BEN,519019,519,19,1,1,1,1,1,0,0,0,0,1,0,0,0,0,2021,0,0,0,0,0,0,0,,5,0,20,0,13,1,1,1,1,0,0
BEN,519035,519,35,1,4,0,1,1,0,0,0,0,0,0,0,0,0,2021,0,0,0,0,0,0,0,,0,0,0,0,12,1,0,1,0,0,0
BEN,519043,519,43,1,4,0,1,1,0,0,1,1,0,0,0,0,0,2021,0,0,0,0,0,0,0,,0,0,0,0,3,1,0,1,0,0,0
BEN,519052,519,52,1,4,0,1,0,0,0,0,1,0,0,0,0,0,2021,1,0,0,0,0,0,0,0.019999999552965164,0,5,4,0,36,1,1,1,0,0,0
BEN,519060,519,60,1,4,0,1,1,1,1,0,1,0,0,0,0,0,2021,0,0,0,0,0,0,0,,0,0,0,0,0,1,0,1,0,0,0
BEN,519068,519,68,1,4,1,1,1,0,0,0,1,0,0,0,0,0,2021,1,0,0,0,0,0,0,,0,0,0,0,0,1,0,1,0,0,0
BEN,519076,519,76,1,4,1,1,1,0,0,1,1,0,0,0,0,0,2021,0,0,0,0,0,0,0,0.12999999523162842,0,3,0,0,23,0,0,1,1,0,0
BEN,519085,519,85,1,4,1,1,1,0,0,1,1,0,0,0,0,0,2021,0,0,0,0,0,0,0,,0,2,5,0,7,0,1,1,1,0,0
BEN,519093,519,93,1,4,1,1,1,0,0,1,1,0,0,0,0,0,2021,0,0,1,0,0,0,0,,0,0,0,0,0,0,0,0,0,0,0
BEN,519101,519,101,1,4,1,1,1,0,0,1,1,0,0,0,0,0,2021,0,0,0,0,0,0,0,0.029999999329447746,0,2,0,0,8,0,0,0,0,0,0
BEN,520004,520,4,1,1,0,1,1,1,1,0,0,1,0,0,0,0,2021,0,0,0,0,0,0,0,1.6446738243103027,0,0,0,0,0,0,1,0,0,0,0
BEN,520014,520,14,1,1,0,1,1,0,0,0,0,0,0,0,0,0,2021,0,0,0,0,0,0,0,,0,0,0,0,0,1,1,0,0,0,0
BEN,520024,520,24,1,1,1,1,1,1,1,0,0,0,0,0,0,0,2021,0,0,0,0,0,0,0,2.9818602800369263,0,0,0,0,6,0,1,0,1,0,0
BEN,520034,520,34,1,1,0,1,1,1,1,0,0,1,0,0,0,0,2021,0,0,0,0,0,0,0,3.2883440256118774,0,0,0,0,4,0,0,1,0,0,0
BEN,520044,520,44,1,1,1,1,0,1,1,0,0,0,1,1,0,0,2021,0,0,0,0,0,0,0,1.9844598174095154,0,0,0,0,0,1,0,0,0,0,0
BEN,520054,520,54,1,1,1,1,0,1,1,0,0,0,1,0,0,0,2021,0,0,0,0,0,0,0,,0,0,0,0,0,0,0,0,0,0,0
BEN,520064,520,64,1,1,1,1,0,1,1,0,0,0,1,0,0,0,2021,0,0,0,0,0,0,0,1.5399061441421509,0,0,0,0,0,0,0,0,0,0,0
BEN,520074,520,74,1,1,1,1,0,1,1,0,0,0,1,1,1,0,2021,0,0,0,0,0,0,0,,0,0,0,0,0,1,0,0,0,0,0
BEN,520084,520,84,1,1,0,1,0,0,1,0,0,0,0,0,0,0,2021,0,0,0,0,0,0,0,0.20000000298023224,0,0,0,0,0,0,0,0,0,0,0
BEN,520093,520,93,1,1,0,1,0,0,0,0,0,0,0,0,0,0,2021,0,0,0,0,0,0,0,,0,0,0,0,8,0,0,0,0,0,0
BEN,520103,520,103,1,1,0,0,0,0,1,0,0,0,0,0,0,0,2021,0,0,0,0,0,0,0,1.5141758918762207,0,0,3,0,0,1,0,0,0,0,0
BEN,520113,520,113,1,1,0,1,0,0,0,0,0,0,0,0,0,0,2021,0,0,0,0,0,0,0,1.6323047876358032,0,0,0,0,0,0,0,0,0,0,0
BEN,521001,521,1,2,4,1,1,0,1,1,0,0,1,0,0,0,0,2021,0,0,0,0,0,0,0,1.6137452125549316,0,0,0,0,0,0,0,1,1,0,0
BEN,521032,521,32,2,1,1,0,0,0,0,0,0,0,0,0,0,0,2021,0,0,0,0,0,0,0,6.401558041572571,0,6,0,0,12,1,1,1,0,0,0
BEN,521047,521,47,2,1,1,1,1,1,1,1,1,0,0,0,0,0,2021,1,0,0,0,0,1,0,2.447529559955001,0,0,2,0,15,0,1,0,0,0,0
BEN,521062,521,62,2,4,1,0,1,1,1,1,1,0,0,1,0,1,2021,0,0,0,0,1,0,0,1.4122803211212158,0,0,0,0,0,1,1,1,1,0,0
BEN,521093,521,93,2,1,0,1,1,1,1,0,1,0,0,0,0,0,2021,0,0,0,0,0,0,0,3.3667532056570053,0,0,0,0,19,0,1,1,0,0,0
BEN,521108,521,108,2,1,1,1,1,1,1,0,1,0,0,0,0,0,2021,0,0,0,0,0,0,0,1.465998888015747,0,0,0,0,0,0,1,1,0,0,0
BEN,521124,521,124,2,1,1,0,1,1,1,1,1,0,0,0,0,0,2021,0,0,0,0,0,0,0,5.80970311164856,0,0,0,0,8,0,1,1,0,0,0
BEN,521155,521,155,2,4,1,1,1,1,1,0,0,0,0,0,0,0,2021,0,0,0,0,0,0,0,1.6375970765948296,1,1,0,0,0,1,1,1,0,0,0
BEN,521185,521,185,2,4,1,1,0,1,1,1,1,0,0,0,0,0,2021,0,0,0,0,0,0,0,0.005100000184029341,0,0,0,0,0,1,1,1,1,0,0
BEN,521203,521,203,2,4,1,1,1,1,1,0,0,0,0,0,0,0,2021,0,0,0,0,0,0,0,1.7226800136268139,0,0,0,0,0,1,1,1,0,0,0
BEN,521216,521,216,2,1,1,1,1,1,0,0,1,0,0,0,1,0,2021,1,0,0,0,0,0,0,3.648677736520767,0,4,0,0,15,0,1,1,0,0,0
BEN,521231,521,231,2,4,1,1,1,1,1,0,1,0,0,0,0,0,2021,1,0,0,0,0,1,0,,0,0,0,0,0,0,0,1,0,0,0
BEN,522002,522,2,1,1,0,1,1,1,0,0,1,0,0,0,0,0,2021,0,0,0,0,0,0,0,1.2919033765792847,0,0,0,0,6,0,0,0,1,0,0
BEN,522015,522,15,1,1,1,1,1,1,0,0,0,1,0,0,0,0,2021,0,0,0,0,0,0,0,0.6400000154972076,0,0,0,0,0,0,1,1,0,0,0
BEN,522027,522,27,1,1,0,1,1,0,0,0,0,1,0,0,0,0,2021,1,0,0,0,0,1,0,2.869574785232544,0,0,0,0,4,1,1,1,0,0,0
BEN,522040,522,40,1,1,0,1,1,1,0,0,0,0,0,0,0,0,2021,0,0,0,0,0,0,0,0.12999999523162842,0,0,0,0,0,0,0,0,0,0,0
BEN,522052,522,52,1,1,1,1,1,1,1,0,0,1,1,0,1,0,2021,0,0,0,0,0,0,0,,0,0,0,0,0,0,0,0,0,0,0
BEN,522065,522,65,1,1,1,1,0,1,1,0,0,1,1,0,1,1,2021,0,0,0,0,0,0,0,,0,0,0,0,0,1,0,0,0,0,0
BEN,522078,522,78,1,1,0,1,1,1,1,1,1,0,1,1,1,1,2021,0,0,0,0,0,0,0,,0,0,0,0,0,0,0,0,0,0,0
BEN,522090,522,90,1,2,1,1,0,1,1,0,0,1,1,0,1,0,2021,0,0,0,0,0,0,0,,0,0,0,0,0,0,0,0,1,0,0
BEN,522103,522,103,1,1,0,1,0,0,0,0,0,0,0,0,0,0,2021,0,0,0,0,0,0,0,1.78121617436409,0,0,0,0,0,1,0,0,0,0,0
BEN,522115,522,115,1,1,1,1,1,1,0,1,1,0,0,0,0,0,2021,1,0,0,0,0,0,0,1.7009708881378174,0,0,0,0,0,0,0,0,0,0,0
BEN,522128,522,128,1,1,1,1,1,1,1,0,0,1,0,0,0,0,2021,0,0,0,0,0,0,0,,0,0,0,0,0,0,0,0,0,0,0
BEN,522140,522,140,1,1,0,1,1,1,1,0,0,1,0,0,0,0,2021,0,0,0,0,0,0,0,,0,0,0,0,0,0,0,0,0,0,0
BEN,523011,523,11,2,2,1,1,1,1,1,0,0,0,0,0,0,0,2021,0,0,0,0,0,0,0,6.920336127281189,0,9,0,0,8,0,1,1,0,0,0
BEN,523023,523,23,2,2,0,1,0,1,1,0,0,0,0,0,0,0,2021,0,0,0,0,0,0,0,6.255060315132141,0,0,0,0,0,0,1,1,0,0,0
BEN,523047,523,47,2,2,0,0,0,1,1,0,0,0,0,0,0,0,2021,0,0,0,0,0,0,0,8.872371077537537,0,0,0,0,0,1,1,1,0,0,0
BEN,523060,523,60,2,2,1,0,0,1,1,0,0,0,0,0,0,0,2021,1,0,0,0,0,0,0,7.468279995024204,0,1,0,0,4,1,1,1,0,0,0
BEN,523072,523,72,2,2,1,0,0,1,1,0,0,0,0,0,0,0,2021,0,0,0,0,0,0,0,6.031338781118393,0,15,0,0,22,0,1,1,0,0,0
BEN,523096,523,96,2,2,0,0,0,1,1,0,0,0,0,0,0,0,2021,0,0,0,0,0,0,0,6.26056569814682,0,0,0,0,4,0,1,1,0,0,0
BEN,523108,523,108,2,2,1,1,1,1,0,0,0,0,0,0,0,0,2021,0,0,0,0,0,0,0,3.5168443620204926,0,1,0,0,0,0,1,1,0,0,0
BEN,523121,523,121,2,2,1,0,0,1,0,0,0,0,0,0,0,0,2021,0,0,0,0,0,0,0,3.361087590456009,0,2,0,0,1,1,1,1,1,0,0
BEN,523145,523,145,2,2,1,1,1,1,0,0,0,1,0,0,0,0,2021,0,0,0,0,0,0,0,7.449499011039734,0,0,0,0,0,0,1,1,1,0,0
BEN,523157,523,157,2,2,0,0,0,1,1,0,0,0,0,0,0,0,2021,0,0,0,0,0,0,0,0.05181000009179115,0,0,0,0,0,0,1,1,0,0,0
BEN,523169,523,169,2,2,1,1,1,1,1,0,0,0,0,0,0,0,2021,0,0,0,0,0,0,0,5.595699116587639,0,0,0,0,0,0,1,1,0,0,0
BEN,523194,523,194,2,4,0,0,0,1,1,0,0,1,0,0,0,0,2021,0,0,0,0,0,0,0,3.134596347808838,0,0,0,0,0,1,0,1,0,0,0
BEN,524003,524,3,1,4,1,1,0,1,1,0,0,0,0,0,0,0,2021,0,0,0,0,0,0,0,,0,0,0,0,0,0,1,0,0,0,0
BEN,524006,524,6,1,2,1,0,0,1,1,0,0,0,0,0,0,0,2021,0,0,0,0,0,0,0,14.728319525718689,0,10,0,0,0,0,0,1,0,0,0
BEN,524029,524,29,1,2,1,1,1,1,1,0,0,1,0,0,0,0,2021,0,0,0,0,0,0,0,15.45034646987915,0,10,0,0,0,0,1,1,0,0,0
BEN,524037,524,37,1,2,0,1,0,1,1,0,0,0,1,0,0,0,2021,0,0,0,0,0,0,0,11.763678073883057,0,0,0,0,0,0,1,0,0,0,0
BEN,524049,524,49,1,2,1,1,0,1,1,0,0,0,0,0,0,0,2021,0,0,0,0,0,0,0,9.183610916137695,0,0,0,0,0,0,1,1,0,0,0
BEN,524055,524,55,1,2,1,1,1,1,1,0,0,0,0,0,0,0,2021,0,0,0,0,0,0,0,17.67829692363739,0,0,0,0,0,0,1,0,0,0,0
BEN,524061,524,61,1,2,1,0,0,1,1,0,0,0,0,0,0,0,2021,0,0,0,0,0,0,0,9.988259315490723,0,0,0,0,0,0,1,1,0,0,0
BEN,524082,524,82,1,2,0,1,0,1,1,0,0,0,0,1,0,0,2021,0,0,0,0,0,0,0,10.310863852500916,2,3,0,0,6,0,0,0,0,0,0
BEN,524121,524,121,1,2,1,1,1,1,1,0,0,0,0,0,0,0,2021,0,0,0,0,0,0,0,15.633739352226257,0,0,0,0,0,0,1,1,0,0,0
BEN,524134,524,134,1,2,0,0,0,1,1,0,0,1,0,0,0,0,2021,0,0,0,0,0,0,0,15.90628695487976,0,0,0,0,0,0,1,0,0,0,0
BEN,524148,524,148,1,2,0,0,0,1,1,0,0,0,0,0,0,0,2021,0,0,0,0,0,0,0,26.113940596580505,0,0,0,0,0,0,1,1,0,0,0
BEN,524161,524,161,1,2,0,0,0,1,1,0,0,0,0,0,0,0,2021,0,0,0,0,0,0,0,12.01530909538269,0,0,0,0,0,1,1,1,0,0,0
BEN,525009,525,9,2,4,1,0,0,1,1,0,0,0,0,0,0,0,2021,0,0,0,0,0,0,0,,0,0,0,0,0,1,1,1,1,0,0
BEN,525020,525,20,2,4,1,1,1,1,1,0,0,0,0,0,0,0,2021,0,0,0,0,0,0,0,,0,0,0,0,0,0,0,1,0,0,0
BEN,525032,525,32,2,4,1,1,1,1,1,0,0,0,0,0,0,0,2021,0,0,0,0,0,0,0,,0,0,0,0,5,1,0,1,1,0,0
BEN,525043,525,43,2,4,1,1,1,1,1,1,1,0,0,0,0,0,2021,0,0,0,0,0,0,0,,0,0,0,0,11,0,0,1,0,0,0
BEN,525067,525,67,2,2,1,1,1,1,1,1,1,0,0,0,0,0,2021,0,0,0,0,0,0,0,,0,1,0,0,5,0,1,0,0,0,0
BEN,525090,525,90,2,4,1,1,1,1,1,0,0,0,0,0,0,0,2021,0,0,0,0,0,0,0,,0,0,0,0,0,0,0,0,0,0,0
BEN,525101,525,101,2,4,1,1,1,1,1,0,0,0,0,0,0,0,2021,0,0,0,0,0,0,0,,0,0,0,0,0,0,0,0,0,0,0
BEN,525113,525,113,2,4,1,1,1,1,1,0,0,0,0,0,0,0,2021,0,0,0,0,0,0,0,,0,0,0,0,0,0,0,0,0,0,0
BEN,525136,525,136,2,4,1,1,1,1,1,1,1,0,0,0,0,0,2021,0,0,0,0,0,0,0,,0,0,0,0,0,0,0,0,0,0,0
BEN,525147,525,147,2,4,1,1,0,1,1,1,1,0,0,0,0,0,2021,0,0,0,0,0,0,0,,0,0,0,0,0,0,1,1,0,0,0
BEN,525159,525,159,2,4,1,1,0,1,1,0,0,0,0,0,0,0,2021,0,0,0,0,0,0,0,,0,0,0,0,0,0,1,1,1,0,0
BEN,525182,525,182,2,4,1,1,1,1,1,1,0,1,0,0,0,0,2021,1,0,0,0,0,1,0,,0,0,0,0,0,0,1,1,0,0,0
BEN,526011,526,11,2,4,0,1,0,1,1,0,0,0,0,0,0,0,2021,0,0,0,0,0,0,0,,0,0,0,0,0,0,0,0,0,0,0
BEN,526023,526,23,2,4,1,1,0,1,1,0,0,0,0,0,0,0,2021,0,0,0,0,0,0,0,,0,0,0,0,0,0,0,0,0,0,1
BEN,526047,526,47,2,4,1,1,1,1,1,0,0,1,0,0,0,0,2021,0,0,0,0,0,0,0,,0,0,0,0,0,0,0,0,0,0,0
BEN,526059,526,59,2,2,1,1,0,1,1,0,0,1,0,0,0,0,2021,0,0,0,0,0,0,0,,0,0,0,0,10,1,0,0,0,0,0
BEN,526071,526,71,2,2,1,1,0,1,1,0,0,1,0,0,0,0,2021,0,0,0,0,0,0,0,,0,0,0,0,0,0,1,0,0,0,0
BEN,526095,526,95,2,4,1,1,1,1,1,0,0,0,0,0,0,0,2021,0,0,0,0,0,0,0,,0,0,0,0,4,0,0,0,1,0,0
BEN,526107,526,107,2,4,0,1,0,1,1,0,0,0,0,0,0,0,2021,0,0,0,0,0,0,0,,0,0,0,0,0,0,0,1,0,0,0
BEN,526119,526,119,2,4,1,1,0,1,1,0,0,0,0,0,0,0,2021,0,0,0,0,0,0,0,,0,0,0,0,0,0,1,1,0,0,0
BEN,526143,526,143,2,4,0,1,0,1,1,0,0,1,0,0,0,0,2021,1,0,0,0,0,0,0,,0,0,0,0,0,0,0,0,0,0,0
BEN,526155,526,155,2,4,1,1,0,1,1,0,0,0,0,0,0,0,2021,0,0,0,0,0,0,0,,0,0,0,0,0,0,1,1,0,0,0
BEN,526167,526,167,2,4,1,1,0,1,1,0,0,0,0,0,0,0,2021,0,0,0,0,0,0,0,,0,0,0,0,0,0,0,1,1,0,0
BEN,526192,526,192,2,4,1,1,0,1,1,0,0,0,0,0,0,0,2021,0,0,0,0,0,0,0,,0,0,0,0,0,0,1,1,0,0,0
BEN,527012,527,12,1,1,1,1,1,1,1,1,1,0,1,0,1,0,2021,0,0,0,0,0,0,0,,0,0,0,0,0,0,0,1,0,0,0
BEN,527024,527,24,1,4,1,1,1,1,1,1,1,0,1,1,1,0,2021,0,0,0,0,0,0,0,,0,0,0,0,0,0,0,0,0,0,0
BEN,527037,527,37,1,2,1,1,1,1,1,0,0,0,1,0,0,0,2021,0,0,0,0,0,0,0,,0,0,0,0,0,0,0,1,0,0,0
BEN,527050,527,50,1,1,1,1,1,1,1,1,1,0,1,0,0,0,2021,0,0,0,0,0,0,0,,0,0,0,0,0,0,0,1,0,0,0
BEN,527075,527,75,1,4,1,1,1,1,1,0,1,0,0,0,0,0,2021,1,0,0,0,0,0,0,,0,0,47,0,0,0,0,1,0,0,0
BEN,527088,527,88,1,1,1,1,1,1,1,1,1,0,1,1,1,1,2021,1,0,0,0,0,1,1,,0,0,0,0,0,0,0,0,0,0,0
BEN,527100,527,100,1,1,1,1,1,1,1,0,0,1,0,1,1,0,2021,0,0,0,0,0,0,0,,0,0,0,0,9,0,0,1,0,0,0
BEN,527113,527,113,1,3,1,1,1,1,1,0,1,0,0,1,1,0,2021,0,1,0,0,0,1,0,,0,0,0,0,0,0,0,0,0,0,0
BEN,527126,527,126,1,1,1,1,1,1,1,1,1,0,1,1,1,1,2021,0,0,1,0,0,0,1,,0,0,0,0,15,0,0,0,0,0,0
BEN,527138,527,138,1,3,1,1,1,1,1,1,1,0,1,1,1,1,2021,1,0,0,0,0,0,0,,0,0,0,0,0,0,0,0,0,0,0
BEN,527151,527,151,1,1,1,1,1,1,1,0,0,1,0,1,0,0,2021,0,0,0,0,0,0,0,,0,0,0,0,15,0,0,1,0,0,0
BEN,527164,527,164,1,3,1,1,1,1,1,0,0,1,0,1,1,0,2021,0,0,0,0,0,0,0,,0,0,0,0,0,0,0,0,0,0,0
BEN,528012,528,12,2,1,1,1,1,1,1,1,1,0,0,1,1,1,2021,1,0,0,0,0,1,0,,0,0,0,0,0,0,0,1,0,0,0
BEN,528027,528,27,2,1,1,1,1,1,1,1,1,0,0,1,1,0,2021,1,0,0,0,0,1,1,,0,0,0,0,12,0,0,1,0,0,0
BEN,528056,528,56,2,1,1,1,1,1,1,0,0,0,0,0,0,0,2021,0,0,0,0,0,0,0,,0,0,0,0,0,0,0,1,1,0,0
BEN,528071,528,71,2,1,0,1,0,1,1,0,0,0,0,0,0,0,2021,0,0,0,0,0,0,0,,0,0,0,0,0,0,1,1,0,0,0
BEN,528086,528,86,2,1,1,1,1,1,1,0,0,0,0,0,0,0,2021,0,0,0,0,0,0,0,,0,0,0,0,0,0,0,1,1,0,0
BEN,528116,528,116,2,4,1,1,1,1,1,0,0,1,0,1,0,0,2021,0,0,0,0,0,0,0,,0,0,0,0,2,0,0,1,0,0,0
BEN,528130,528,130,2,4,1,1,1,1,1,1,1,0,0,0,1,1,2021,0,0,0,0,0,0,0,,0,2,0,0,0,0,0,1,1,0,0
BEN,528145,528,145,2,1,1,1,1,1,1,1,1,0,0,1,1,1,2021,1,0,0,0,0,1,0,,0,7,0,0,30,0,0,1,0,0,0
BEN,528175,528,175,2,1,1,1,1,1,1,1,1,0,0,1,0,0,2021,1,0,0,0,0,1,0,0.026079999282956123,0,0,0,0,0,0,1,1,1,0,0
BEN,528190,528,190,2,4,1,1,1,1,1,1,1,0,0,0,0,0,2021,1,0,0,0,0,1,0,,0,1,0,0,0,0,0,1,1,0,0
BEN,528204,528,204,2,4,1,1,1,1,1,0,0,0,0,0,1,1,2021,0,0,0,0,0,0,0,,0,4,0,0,0,0,0,1,0,0,0
BEN,528234,528,234,2,2,0,1,1,1,1,0,0,0,0,1,0,0,2021,0,0,0,0,0,0,0,,0,3,0,0,15,0,0,1,0,0,0
BEN,529012,529,12,1,1,1,1,0,1,0,0,0,0,0,1,0,0,2021,0,0,0,0,0,0,0,,0,0,0,0,0,1,0,0,0,0,0
BEN,529032,529,32,1,2,1,1,1,1,1,0,0,0,0,0,0,0,2021,0,0,0,0,0,0,0,2.853178024291992,0,0,0,0,0,1,0,0,0,0,0
BEN,529052,529,52,1,2,1,1,1,1,1,0,0,0,0,1,0,1,2021,0,0,0,0,0,0,0,,0,0,0,0,0,0,1,0,0,0,0
BEN,529071,529,71,1,2,1,1,1,1,1,1,1,0,0,1,0,0,2021,1,0,0,0,0,1,0,,0,0,0,0,0,1,0,0,0,0,0
BEN,529091,529,91,1,4,0,1,1,1,0,0,0,0,0,0,0,0,2021,0,0,0,0,0,0,0,,0,0,0,0,0,0,0,0,0,0,0
BEN,529111,529,111,1,1,1,1,1,1,1,0,1,0,0,1,0,0,2021,0,0,0,0,0,0,0,,0,0,0,0,0,0,0,0,1,0,0
BEN,529131,529,131,1,4,0,1,0,0,1,0,0,0,0,0,0,0,2021,0,0,0,0,0,0,0,,0,0,0,0,0,0,0,0,0,0,0
BEN,529170,529,170,1,4,0,1,0,1,1,0,1,0,0,0,0,0,2021,0,0,0,0,0,0,0,,0,0,0,0,0,0,0,1,0,0,0
BEN,529190,529,190,1,2,1,1,0,1,1,0,0,0,0,0,0,0,2021,0,0,0,0,0,0,0,,0,1,0,0,0,0,0,0,0,0,0
BEN,529210,529,210,1,2,0,1,0,0,1,0,0,0,0,0,0,0,2021,0,0,0,0,0,0,0,4.254679203033447,0,0,0,0,30,1,0,0,0,0,0
BEN,529229,529,229,1,2,1,1,0,1,1,0,0,0,0,0,0,0,2021,0,0,0,0,0,0,0,,0,0,0,0,0,0,0,0,0,0,0
BEN,529269,529,269,1,2,1,1,0,1,1,0,0,0,1,0,0,0,2021,0,0,0,0,0,0,0,,3,0,0,0,20,1,0,0,0,0,0
BEN,530002,530,2,1,2,1,1,1,1,1,0,0,1,1,0,0,0,2021,0,0,0,0,0,0,0,,0,0,0,0,0,0,0,1,0,0,0
BEN,530019,530,19,1,2,1,1,0,1,1,0,0,0,1,0,0,0,2021,0,0,0,0,0,0,0,,0,0,0,0,0,1,0,1,0,0,0
BEN,530036,530,36,1,2,1,1,0,1,1,0,0,1,1,0,0,0,2021,0,0,0,0,0,0,0,,3,5,0,0,0,0,0,1,0,0,0
BEN,530070,530,70,1,2,1,1,1,1,1,1,1,0,1,0,0,0,2021,0,0,0,0,0,0,0,0.40236998349428177,0,0,0,0,103,0,0,1,0,0,0
BEN,530087,530,87,1,4,0,1,1,1,1,0,0,0,0,0,0,0,2021,0,0,0,0,0,0,0,,0,0,0,0,10,0,0,1,0,0,0
BEN,530104,530,104,1,4,0,1,1,1,1,0,0,1,0,0,0,0,2021,0,0,0,0,0,0,0,,0,8,0,0,0,0,0,1,0,0,0
BEN,530121,530,121,1,4,0,1,1,1,1,0,0,0,0,0,0,0,2021,0,0,0,0,0,0,0,,0,0,0,0,5,0,0,1,1,0,0
BEN,530138,530,138,1,1,1,1,1,1,1,0,0,1,0,0,0,0,2021,0,0,0,0,0,0,0,0.19936999678611755,0,0,0,0,4,1,0,1,0,0,0
BEN,530155,530,155,1,1,1,1,1,0,0,0,0,1,0,0,0,0,2021,0,0,0,0,0,0,0,,0,0,0,0,12,0,0,0,0,0,0
BEN,530189,530,189,1,1,1,1,1,0,0,0,1,0,0,0,0,0,2021,0,0,0,0,0,0,0,,0,0,0,0,7,0,0,0,0,0,0
BEN,530206,530,206,1,1,1,1,1,1,1,0,0,1,0,0,0,0,2021,0,0,0,0,0,0,0,,0,0,0,0,8,0,0,0,0,0,0
BEN,530223,530,223,1,1,1,1,1,0,0,0,0,0,0,0,0,0,2021,0,0,0,0,0,0,0,,0,0,0,0,4,0,0,0,0,0,0
BEN,531008,531,8,2,1,1,1,1,1,1,0,0,0,0,0,0,0,2021,0,0,0,0,0,0,0,,0,0,0,0,0,1,1,1,1,0,0
BEN,531018,531,18,2,1,1,0,1,0,0,0,0,0,0,1,1,0,2021,0,0,0,0,0,0,0,,0,0,0,0,0,0,0,1,0,0,0
BEN,531037,531,37,2,1,1,1,1,1,0,0,0,1,0,1,1,1,2021,0,0,0,0,0,0,0,2.314364492893219,4,20,0,0,0,0,0,1,0,0,0
BEN,531047,531,47,2,1,1,1,1,1,1,0,0,0,0,0,0,0,2021,0,0,0,0,0,0,0,,0,0,0,0,10,0,0,1,1,0,0
BEN,531056,531,56,2,1,1,1,1,1,1,0,1,0,0,1,0,0,2021,0,0,0,0,0,0,0,,0,0,0,0,0,0,1,1,0,0,0
BEN,531075,531,75,2,1,1,1,1,1,0,0,0,1,0,0,0,0,2021,0,0,0,0,0,0,0,,0,0,0,0,0,0,0,1,0,0,0
BEN,531085,531,85,2,1,1,1,1,1,0,0,0,0,0,1,1,1,2021,0,0,0,0,0,0,0,,0,0,0,0,0,0,0,1,1,0,0
BEN,531094,531,94,2,1,1,1,0,1,1,0,0,0,0,0,0,0,2021,0,0,0,0,0,0,0,2.8213340044021606,0,0,0,0,4,0,1,0,1,0,0
BEN,531113,531,113,2,2,1,1,1,1,1,0,0,0,0,0,0,0,2021,0,0,0,0,0,0,0,,0,0,0,0,5,0,0,1,0,0,0
BEN,531125,531,125,2,1,1,1,1,1,1,0,1,0,0,1,0,0,2021,0,0,0,0,0,0,0,,0,0,0,0,0,0,0,0,0,0,0
BEN,531147,531,147,2,1,1,1,0,1,1,0,0,0,0,0,0,0,2021,0,0,0,0,0,0,0,,0,0,0,0,0,1,0,1,0,0,0
BEN,531152,531,152,2,1,1,1,1,1,1,0,0,1,0,1,0,0,2021,1,0,0,0,0,1,0,,0,0,1,0,0,0,0,0,0,0,0
BEN,532007,532,7,2,1,1,1,1,1,1,1,1,0,0,1,1,0,2021,0,0,0,0,0,0,0,,0,2,15,0,0,1,0,0,0,0,0
BEN,532015,532,15,2,1,1,1,1,1,1,1,1,0,0,1,1,0,2021,1,1,0,0,1,1,1,,0,0,0,0,0,0,0,1,1,0,0
BEN,532032,532,32,2,1,1,1,1,1,1,1,1,0,0,1,1,0,2021,1,0,1,0,0,1,0,,0,0,0,0,0,0,0,1,0,0,0
BEN,532040,532,40,2,1,1,1,1,1,1,0,0,1,0,0,1,1,2021,0,0,0,0,0,0,0,1.5826256275177002,0,10,0,0,0,0,1,1,1,0,0
BEN,532048,532,48,2,1,1,1,1,1,1,1,1,0,0,1,1,0,2021,1,0,0,0,0,1,1,,0,0,0,0,0,0,0,1,1,0,0
BEN,532065,532,65,2,1,1,1,1,1,1,0,0,1,0,0,0,0,2021,1,0,0,0,0,0,0,,0,4,0,0,0,0,0,1,1,0,0
BEN,532072,532,72,2,1,1,1,1,0,0,1,1,0,0,0,0,0,2021,0,0,0,0,0,0,0,,0,0,0,0,0,0,0,1,0,0,0
BEN,532082,532,82,2,4,1,1,1,1,1,1,1,0,1,1,1,1,2021,1,1,0,0,0,0,0,,0,0,0,0,0,1,0,1,1,0,0
BEN,532098,532,98,2,3,1,1,1,1,1,1,1,0,1,1,1,0,2021,1,0,1,0,0,1,0,,0,0,0,0,0,0,0,1,1,0,0
BEN,532106,532,106,2,1,1,1,1,1,1,0,0,0,0,1,1,1,2021,0,0,0,0,0,0,0,,0,0,0,0,0,0,0,1,1,0,0
BEN,532115,532,115,2,1,0,1,0,1,1,0,0,0,0,0,0,0,2021,0,0,0,0,0,0,0,,0,4,0,0,0,0,0,0,1,0,0
BEN,532131,532,131,2,4,1,1,1,1,1,1,1,0,0,0,1,1,2021,0,0,0,0,0,0,0,,0,1,0,0,0,1,0,1,0,0,0
BEN,533036,533,36,1,1,1,1,1,1,1,1,1,0,1,1,1,0,2021,1,0,0,0,1,1,0,,0,0,0,0,0,0,0,1,0,0,0
BEN,533050,533,50,1,2,1,1,1,1,1,1,1,0,1,0,0,0,2021,1,0,0,0,0,0,0,,0,0,0,0,0,0,0,1,0,0,0
BEN,533065,533,65,1,4,1,1,1,0,0,1,1,0,0,0,0,0,2021,0,0,0,0,0,0,0,,0,0,0,0,0,1,0,1,0,0,0
BEN,533095,533,95,1,4,1,1,1,1,1,0,1,0,0,1,0,0,2021,1,0,0,0,0,0,1,,0,0,0,0,0,1,0,1,0,0,0
BEN,533110,533,110,1,4,1,1,1,1,1,0,0,0,0,1,1,1,2021,0,0,0,0,0,0,0,,0,0,0,0,0,0,0,1,0,0,0
BEN,533124,533,124,1,3,1,1,1,0,0,1,1,0,0,0,0,0,2021,0,0,0,0,0,0,0,,0,0,0,0,0,0,0,1,0,0,0
BEN,533139,533,139,1,3,1,1,1,1,1,0,0,1,0,1,0,0,2021,1,0,0,0,0,0,0,,0,0,0,0,15,0,0,0,0,0,0
BEN,533154,533,154,1,1,1,1,1,1,1,1,1,0,1,1,1,1,2021,1,0,1,0,0,0,1,,0,0,0,0,10,0,0,0,0,0,0
BEN,533169,533,169,1,3,1,1,1,1,1,0,0,1,0,0,0,0,2021,1,0,0,0,0,0,0,,0,0,0,0,8,0,0,0,0,0,0
BEN,533179,533,179,1,1,1,1,1,1,1,1,1,0,1,1,1,1,2021,0,0,0,0,1,1,1,,0,0,0,0,0,0,0,0,1,0,0
BEN,533199,533,199,1,1,1,1,1,1,1,1,1,0,1,1,1,0,2021,1,0,0,0,0,0,0,,0,0,0,0,0,0,0,0,0,0,0
BEN,533854,533,854,1,3,1,1,1,1,1,0,0,0,1,0,0,0,2021,0,0,0,0,0,0,0,,0,0,0,0,0,0,0,0,0,0,0
BEN,534015,534,15,2,4,1,1,1,1,0,0,0,1,0,0,0,0,2021,1,0,0,0,0,0,0,0.036400001496076584,0,0,0,0,0,0,1,1,0,0,0
BEN,534026,534,26,2,2,1,1,1,1,0,0,0,1,0,0,0,0,2021,0,0,0,0,0,0,0,,0,0,0,0,0,1,0,1,0,0,0
BEN,534037,534,37,2,2,1,1,1,1,0,0,0,0,0,0,0,0,2021,0,0,0,0,0,0,0,1.7024922370910645,0,0,0,0,0,1,1,1,1,0,0
BEN,534059,534,59,2,1,1,1,0,1,0,0,0,0,0,0,0,0,2021,0,0,0,0,0,0,0,,0,0,0,0,0,0,0,0,1,0,0
BEN,534070,534,70,2,1,1,1,1,1,1,0,0,0,0,0,0,0,2021,0,0,0,0,0,0,0,,0,0,0,0,0,0,0,1,0,0,0
BEN,534081,534,81,2,1,1,1,1,1,1,0,0,0,0,0,0,0,2021,0,0,0,0,0,0,0,1.8309593498706818,0,3,0,0,10,0,0,1,0,0,0
BEN,534103,534,103,2,1,1,1,1,1,1,0,0,0,0,0,0,0,2021,0,0,0,0,0,0,0,,0,0,0,0,0,0,0,1,1,0,0
BEN,534114,534,114,2,1,1,0,1,1,1,0,0,1,0,0,0,0,2021,0,0,0,0,0,0,0,8.127248167991638,0,3,0,0,8,0,0,1,0,0,0
BEN,534125,534,125,2,1,0,1,1,1,1,0,0,0,0,0,0,0,2021,0,0,0,0,0,0,0,0.9006800055503845,0,15,11,0,0,1,0,0,0,0,0
BEN,534147,534,147,2,4,0,1,0,1,1,0,0,0,0,0,0,0,2021,0,0,0,0,0,0,0,,0,0,0,0,0,0,0,1,0,0,0
BEN,534158,534,158,2,2,0,1,1,1,1,0,0,0,0,0,0,0,2021,0,0,0,0,0,0,0,,0,0,0,0,0,0,0,1,0,0,0
BEN,534169,534,169,2,1,1,1,1,1,1,0,0,1,0,1,1,0,2021,0,0,0,0,0,0,0,4.866971135139465,0,7,0,0,15,0,1,1,0,0,0
BEN,535001,535,1,1,2,1,1,1,1,1,1,1,0,1,0,0,0,2021,0,0,0,0,0,0,0,,0,0,0,0,0,0,0,1,0,0,0
BEN,535015,535,15,1,2,1,1,1,1,1,1,1,0,1,0,0,0,2021,0,0,0,0,0,0,0,,0,0,0,0,0,0,0,1,0,0,0
BEN,535023,535,23,1,4,1,1,1,1,1,0,0,0,0,0,0,0,2021,0,0,0,0,0,0,0,,0,0,0,0,0,0,1,0,0,0,0
BEN,535024,535,24,1,2,1,1,1,1,1,1,1,0,1,0,0,0,2021,0,0,0,0,0,0,0,,0,0,15,0,0,1,0,0,0,0,0
BEN,535030,535,30,1,2,1,1,0,1,1,1,1,0,1,0,0,0,2021,0,0,0,0,0,0,0,,0,0,0,0,0,0,0,0,0,0,0
BEN,535045,535,45,1,4,1,1,1,1,1,0,0,0,0,0,0,0,2021,0,0,0,0,0,0,0,,0,0,0,0,0,0,0,1,1,0,0
BEN,535089,535,89,1,1,1,1,1,1,1,1,1,0,0,0,0,0,2021,0,0,0,0,0,0,0,,0,3,0,0,12,0,0,1,0,0,1
BEN,535118,535,118,1,1,1,0,0,1,1,1,1,0,0,0,0,0,2021,0,0,0,0,0,0,0,,0,0,0,0,8,0,0,0,1,0,0
BEN,535132,535,132,1,4,1,1,1,1,1,1,1,0,0,1,0,0,2021,0,0,0,0,0,0,0,,0,0,0,0,0,0,0,0,0,0,0
BEN,535147,535,147,1,1,1,1,1,1,1,1,1,0,1,0,0,0,2021,1,0,0,0,0,0,0,,0,0,3,0,15,0,0,0,0,0,0
BEN,535162,535,162,1,1,1,1,1,1,1,1,1,0,1,1,0,0,2021,0,0,0,0,0,0,0,,0,0,0,0,12,1,0,0,0,0,0
BEN,535206,535,206,1,4,0,1,1,0,0,0,0,0,0,0,0,0,2021,0,0,0,0,0,0,0,,0,0,0,0,0,0,0,0,0,0,0
BEN,536018,536,18,2,4,0,1,1,1,1,0,0,0,0,0,0,0,2021,0,0,0,0,0,0,0,,0,0,0,0,0,0,0,1,0,0,0
BEN,536032,536,32,2,1,1,1,1,1,1,1,1,0,1,1,0,1,2021,1,0,0,0,1,1,1,,0,0,0,0,0,0,0,0,0,0,0
BEN,536045,536,45,2,1,1,1,1,1,1,0,0,0,0,0,0,0,2021,0,0,0,0,0,0,0,,0,0,0,0,0,1,0,1,0,0,0
BEN,536085,536,85,2,1,1,1,0,1,1,1,1,0,0,0,0,0,2021,0,0,0,0,0,0,0,,0,0,0,0,0,0,0,1,0,0,0
BEN,536087,536,87,2,3,1,1,1,1,1,1,1,0,0,1,1,0,2021,1,1,0,0,1,0,0,,0,0,0,0,0,0,0,1,0,0,0
BEN,536099,536,99,2,3,1,1,1,1,1,0,0,1,0,0,0,0,2021,0,0,0,0,0,0,0,,0,0,0,0,0,1,0,0,0,0,0
BEN,536125,536,125,2,4,1,1,1,0,0,1,1,0,0,0,0,0,2021,1,0,0,0,0,0,0,,0,0,0,0,0,1,0,1,0,0,0
BEN,536139,536,139,2,3,1,1,1,1,1,1,1,0,0,0,0,0,2021,1,0,0,0,0,0,0,,0,0,0,0,0,0,0,1,0,0,0
BEN,536152,536,152,2,3,1,1,1,1,0,1,1,0,1,0,0,0,2021,1,0,0,0,0,0,0,,0,0,0,0,0,0,0,0,0,0,0
BEN,536178,536,178,2,1,1,1,1,1,1,1,1,0,0,1,0,1,2021,1,1,0,0,0,1,1,,0,0,0,0,0,0,0,0,0,0,0
BEN,536192,536,192,2,3,1,1,1,1,1,0,0,0,0,0,0,0,2021,0,0,0,0,0,0,0,,0,0,0,0,0,0,0,1,0,0,0
BEN,536205,536,205,2,2,1,1,1,1,1,0,0,1,0,1,0,0,2021,1,0,0,0,0,1,1,,0,0,0,0,0,0,0,0,0,0,0
BEN,537001,537,1,1,2,1,1,1,1,1,1,1,0,1,0,0,0,2021,0,0,0,0,0,0,0,,0,0,0,0,0,0,0,1,0,0,0
BEN,537011,537,11,1,2,1,1,0,1,1,0,0,0,1,0,0,0,2021,0,0,0,0,0,0,0,,0,0,0,0,0,0,0,0,0,0,0
BEN,537029,537,29,1,2,1,1,0,1,1,0,1,0,1,0,0,0,2021,0,0,0,0,0,0,0,,0,0,0,0,0,1,0,0,0,0,0
BEN,537047,537,47,1,1,1,1,1,1,1,1,1,0,1,0,0,0,2021,0,0,0,0,0,0,0,,0,0,0,0,0,0,0,0,1,0,0
BEN,537056,537,56,1,4,1,1,1,1,1,0,0,0,0,0,0,0,2021,0,0,0,0,0,0,0,,0,0,0,0,0,0,0,1,0,0,0
BEN,537065,537,65,1,4,1,1,1,1,1,1,1,0,0,0,1,0,2021,0,0,0,0,0,0,0,,0,0,0,0,0,0,0,1,0,0,0
BEN,537074,537,74,1,3,1,1,1,1,1,1,1,0,0,0,0,0,2021,1,1,1,0,0,1,1,,0,0,0,4,0,1,1,0,0,0,0
BEN,537084,537,84,1,3,1,1,1,1,1,0,0,0,0,0,0,0,2021,0,0,0,0,0,0,0,,0,0,7,0,0,0,0,1,0,0,0
BEN,537093,537,93,1,1,1,1,1,1,1,1,1,0,1,1,0,0,2021,0,0,0,0,0,0,1,,0,0,0,0,40,0,0,0,0,0,0
BEN,537102,537,102,1,1,1,1,1,1,1,1,1,0,1,1,1,1,2021,0,1,1,1,1,0,1,1.5904202461242676,0,0,0,0,0,0,0,0,0,0,0
BEN,537111,537,111,1,4,0,1,0,1,1,0,0,0,1,0,0,0,2021,0,0,0,0,0,0,0,,0,0,0,0,20,0,0,0,0,0,0
BEN,537120,537,120,1,1,1,1,0,0,0,1,1,0,0,0,0,0,2021,0,0,0,0,0,0,0,,0,0,0,0,0,0,0,0,0,0,0
BEN,538003,538,3,1,4,1,1,1,1,1,0,0,1,1,0,0,0,2021,0,0,0,0,0,0,0,,0,0,0,0,0,1,0,1,0,0,0
BEN,538016,538,16,1,2,1,1,0,1,1,0,0,1,1,0,0,0,2021,0,0,0,0,0,0,0,,0,0,0,0,0,1,0,1,0,0,0
BEN,538029,538,29,1,2,1,0,0,1,1,0,0,1,1,0,0,0,2021,0,0,0,0,0,0,0,,0,0,0,0,0,0,0,0,0,0,0
BEN,538042,538,42,1,4,1,1,0,1,1,0,0,1,1,0,0,0,2021,0,0,0,0,0,0,0,,0,0,0,0,0,1,0,0,0,0,0
BEN,538069,538,69,1,4,0,1,1,1,1,1,0,1,0,0,0,0,2021,0,0,0,0,0,0,0,,0,3,0,0,12,0,1,1,0,0,0
BEN,538082,538,82,1,4,0,1,1,1,1,1,1,0,0,0,0,0,2021,0,0,0,0,0,0,0,,0,0,0,0,0,0,0,1,0,0,0
BEN,538095,538,95,1,4,0,1,0,1,1,0,0,1,0,0,0,0,2021,0,0,0,0,0,0,0,,0,0,0,0,0,0,0,1,0,0,0
BEN,538109,538,109,1,4,0,1,1,1,1,0,0,1,0,0,0,0,2021,0,0,0,0,0,0,0,,2,2,0,0,0,0,0,1,0,0,0
BEN,538122,538,122,1,1,0,1,0,0,0,0,0,1,0,0,0,0,2021,0,0,0,0,0,0,0,,0,0,0,0,5,0,0,0,0,0,0
BEN,538135,538,135,1,4,0,0,0,1,1,0,0,1,0,0,0,0,2021,0,1,0,0,0,0,0,,0,0,0,0,8,0,0,0,0,0,0
BEN,538148,538,148,1,1,1,1,1,0,0,0,1,0,0,0,0,0,2021,0,0,0,0,0,0,0,,0,0,0,0,12,0,0,0,0,0,0
BEN,538201,538,201,1,4,0,1,0,0,0,0,0,1,0,0,0,0,2021,0,0,0,0,0,0,0,,0,0,0,0,15,0,0,0,0,0,0
BEN,539001,539,1,2,4,1,1,1,1,1,1,1,0,0,0,0,0,2021,1,0,0,0,0,1,0,,0,0,0,0,0,1,0,1,0,0,0
BEN,539004,539,4,2,4,1,1,1,1,1,1,1,0,0,0,0,0,2021,1,0,0,0,0,1,0,,0,0,0,0,8,1,0,1,0,0,0
BEN,539016,539,16,2,4,1,1,1,1,1,1,1,0,0,0,0,0,2021,1,0,0,0,0,0,0,,0,0,0,0,0,0,0,1,1,0,0
BEN,539031,539,31,2,1,0,1,1,1,1,0,0,0,0,0,0,0,2021,0,0,0,0,0,0,0,,0,0,0,0,0,1,0,0,0,0,0
BEN,539046,539,46,2,1,1,1,1,1,1,0,0,0,0,0,0,0,2021,0,0,0,0,0,0,0,,0,2,2,0,0,1,0,1,1,0,0
BEN,539054,539,54,2,2,1,1,1,1,1,0,0,0,0,0,0,0,2021,0,0,0,0,0,0,0,,0,0,0,0,0,0,0,0,0,0,0
BEN,539061,539,61,2,4,1,1,1,1,1,0,1,0,0,0,0,0,2021,0,0,0,0,0,0,0,,0,0,0,0,0,0,0,0,0,0,0
BEN,539076,539,76,2,4,1,1,1,1,1,0,0,0,0,0,0,0,2021,0,0,0,0,0,0,0,0.12999999523162842,0,0,0,0,0,1,0,1,0,0,0
BEN,539084,539,84,2,3,1,1,1,1,1,0,1,0,0,0,0,0,2021,0,0,0,0,0,0,0,,0,0,0,0,0,0,0,0,0,0,0
BEN,539091,539,91,2,1,1,1,1,1,1,1,1,0,0,0,0,1,2021,1,0,0,0,0,0,0,,0,0,0,0,0,1,0,0,0,0,0
BEN,539106,539,106,2,4,0,1,1,1,1,0,0,0,0,0,0,0,2021,0,0,0,0,0,0,0,,0,2,2,0,10,0,0,1,0,0,0
BEN,539114,539,114,2,4,0,1,1,1,1,0,0,0,0,0,0,0,2021,0,0,0,0,0,0,0,,0,0,0,0,0,0,0,1,1,0,0
BEN,540017,540,17,2,4,1,1,0,1,1,0,0,0,0,0,0,0,2021,0,0,0,0,0,0,0,,0,0,0,0,0,0,0,1,0,0,0
BEN,540029,540,29,2,4,1,1,1,1,1,1,0,1,0,0,0,0,2021,0,0,0,0,0,0,0,,0,0,0,0,0,1,0,1,1,0,0
BEN,540041,540,41,2,4,0,1,1,1,1,1,1,0,0,0,0,0,2021,1,0,0,0,0,1,0,,0,6,17,0,8,0,0,0,0,0,0
BEN,540065,540,65,2,4,1,1,1,1,1,0,0,0,0,0,0,0,2021,0,0,0,0,0,0,0,,0,0,0,0,0,1,0,1,0,0,0
BEN,540077,540,77,2,3,1,1,1,1,1,1,0,1,0,1,0,0,2021,0,0,0,0,0,0,0,,2,6,5,0,12,0,1,1,0,0,0
BEN,540089,540,89,2,4,0,1,1,1,1,1,1,0,0,0,0,0,2021,1,0,0,0,0,0,0,,0,0,0,0,0,1,0,1,1,0,0
BEN,540113,540,113,2,1,1,1,1,1,1,0,1,0,0,0,0,0,2021,1,0,0,0,0,0,0,,0,0,0,0,0,0,0,0,0,0,0
BEN,540125,540,125,2,4,1,1,1,1,1,0,0,0,0,0,0,0,2021,0,0,0,0,0,0,0,,0,0,0,0,0,1,0,1,0,0,0
BEN,540136,540,136,2,4,1,1,1,1,1,0,0,1,0,0,0,0,2021,0,0,0,0,0,0,0,1.1851162910461426,0,0,0,0,2,0,0,0,0,0,0
BEN,540161,540,161,2,2,1,1,1,1,1,0,0,0,0,0,0,0,2021,0,0,0,0,0,0,0,,0,0,0,0,0,0,0,0,0,0,0
BEN,540173,540,173,2,4,1,1,1,1,1,1,1,0,0,0,0,0,2021,1,0,0,0,0,1,0,,0,0,3,0,25,0,1,0,0,0,0
BEN,540185,540,185,2,4,0,1,0,1,1,0,0,0,0,0,0,0,2021,0,0,0,0,0,0,0,,0,0,0,0,0,0,0,0,0,0,0
BEN,541009,541,9,1,2,1,1,1,1,1,1,1,0,1,0,0,0,2021,0,0,0,0,0,0,0,,0,0,0,0,0,0,0,1,0,0,0
BEN,541021,541,21,1,2,1,1,1,1,1,1,1,0,1,0,0,0,2021,0,0,0,0,0,0,0,,0,0,0,0,0,0,0,0,1,0,0
BEN,541028,541,28,1,1,1,1,1,1,1,1,1,0,1,0,0,0,2021,1,0,0,0,0,1,1,,0,0,0,0,0,0,0,1,0,0,0
BEN,541037,541,37,1,2,1,1,1,1,1,1,1,0,1,0,0,0,2021,0,0,0,0,0,0,0,,0,0,0,0,0,0,0,1,0,0,0
BEN,541045,541,45,1,4,1,1,1,1,1,1,1,0,0,0,0,0,2021,0,0,0,0,0,0,0,,0,0,0,0,0,0,0,1,1,0,0
BEN,541055,541,55,1,4,1,1,1,1,1,0,1,0,0,0,1,0,2021,0,0,0,0,0,0,0,,0,0,0,0,0,1,0,1,0,0,0
BEN,541057,541,57,1,4,0,1,1,1,1,1,1,0,0,0,0,0,2021,1,0,0,0,0,1,0,,0,0,0,0,0,0,1,1,0,0,0
BEN,541080,541,80,1,4,1,1,1,1,1,1,1,0,0,0,0,0,2021,1,0,0,0,0,1,0,,0,0,0,0,0,0,1,1,1,0,0
BEN,541092,541,92,1,2,1,1,1,1,1,0,0,0,1,0,0,0,2021,1,0,0,0,0,0,0,,0,0,0,0,10,0,0,0,0,0,0
BEN,541104,541,104,1,2,0,1,0,1,1,0,0,0,0,0,0,0,2021,0,0,0,0,0,0,0,,3,0,0,0,0,0,0,1,0,0,0
BEN,541116,541,116,1,1,1,1,1,1,1,0,0,0,1,0,0,0,2021,1,0,0,0,0,0,0,,0,0,0,0,0,0,0,0,0,0,0
BEN,541128,541,128,1,2,1,1,1,1,1,1,1,0,1,0,0,0,2021,0,0,0,0,0,0,0,,0,0,0,0,0,0,0,0,0,0,0
BEN,542005,542,5,2,2,0,0,0,0,0,0,0,0,0,0,0,0,2021,0,0,0,0,0,0,0,,0,0,0,0,0,1,0,0,0,0,0
BEN,542017,542,17,2,1,1,1,1,1,1,1,1,0,0,0,1,1,2021,1,0,0,0,0,1,0,1.565294623374939,0,0,10,0,0,1,1,1,1,0,0
BEN,542029,542,29,2,2,0,0,1,1,1,1,1,0,0,1,0,0,2021,0,0,0,0,0,0,0,,0,0,0,0,12,0,0,1,1,0,0
BEN,542052,542,52,2,4,1,1,1,1,1,1,1,0,0,0,0,0,2021,1,0,0,0,0,1,0,2.363629996776581,0,10,0,0,0,0,1,1,0,0,0
BEN,542064,542,64,2,4,1,1,1,1,1,1,1,0,0,0,0,0,2021,1,0,0,0,0,1,0,,0,2,0,0,8,1,0,0,0,0,0
BEN,542078,542,78,2,1,1,1,1,1,1,1,1,0,0,0,0,0,2021,0,0,0,0,0,0,0,,0,3,0,0,0,0,0,1,1,0,0
BEN,542099,542,99,2,1,0,1,0,1,1,0,0,1,0,1,0,0,2021,0,0,0,0,0,0,0,7.544916152954102,0,0,0,0,12,0,1,1,0,0,0
BEN,542111,542,111,2,2,0,1,1,1,1,0,0,1,0,0,0,0,2021,0,0,0,0,0,0,0,,0,1,0,0,0,1,0,1,0,0,0
BEN,542123,542,123,2,1,1,1,1,1,1,0,1,0,0,0,0,0,2021,1,0,0,0,0,1,0,,0,0,0,0,0,0,0,1,1,0,0
BEN,542146,542,146,2,4,1,1,1,1,0,1,1,0,0,1,0,0,2021,0,0,0,0,0,0,0,,0,0,0,0,3,1,0,1,0,0,0
BEN,542158,542,158,2,1,1,1,1,1,1,1,1,0,0,1,1,1,2021,1,0,0,0,0,0,0,1.555091142654419,0,0,0,0,0,1,1,0,0,0,0
BEN,542170,542,170,2,1,1,1,1,1,1,0,0,1,0,1,0,0,2021,0,0,1,0,0,0,0,,0,0,0,0,0,0,0,1,1,0,0
BEN,543018,543,18,1,1,1,1,1,1,1,1,1,0,0,0,0,0,2021,0,0,0,0,0,0,0,,0,0,0,0,0,0,0,1,0,0,0
BEN,543041,543,41,1,1,0,1,1,0,0,0,0,0,0,0,0,0,2021,0,0,0,0,0,0,0,3.0491292476654053,0,0,0,0,0,1,0,0,0,1,0
BEN,543063,543,63,1,4,1,1,1,1,0,1,1,0,0,0,0,0,2021,0,0,0,0,0,0,0,,0,0,0,0,0,1,0,0,0,0,0
BEN,543086,543,86,1,2,0,1,0,1,1,1,1,0,0,0,0,0,2021,0,0,0,0,0,0,0,,0,0,0,0,0,0,0,0,0,0,0
BEN,543109,543,109,1,1,1,1,1,1,1,1,1,0,1,1,1,0,2021,0,0,0,0,0,0,0,,0,0,0,0,0,1,0,0,0,0,0
BEN,543132,543,132,1,1,1,1,0,1,1,0,0,0,1,0,0,0,2021,0,0,0,0,0,0,0,,0,0,0,0,0,1,0,0,0,0,0
BEN,543155,543,155,1,1,1,1,0,1,1,1,1,0,1,0,0,0,2021,0,0,0,0,0,0,0,0.8422799706459045,0,0,0,0,0,1,0,0,0,0,0
BEN,543178,543,178,1,1,1,1,0,1,1,0,0,1,1,0,0,0,2021,0,0,0,0,0,0,0,1.244191288948059,0,0,0,0,0,0,0,0,0,0,0
BEN,543200,543,200,1,1,0,0,1,1,1,1,1,0,0,0,0,0,2021,0,0,0,0,0,0,0,,0,0,0,0,0,1,0,0,0,0,0
BEN,543223,543,223,1,1,0,0,1,1,0,1,1,0,0,0,0,0,2021,0,0,0,0,0,0,1,,0,0,0,0,0,0,0,0,0,0,0
BEN,543246,543,246,1,1,0,1,1,1,1,1,1,0,0,0,0,0,2021,1,0,0,0,0,1,0,2.9186490774154663,0,0,0,0,0,0,0,0,0,0,0
BEN,543269,543,269,1,1,0,1,1,1,0,1,1,0,0,0,0,0,2021,1,0,1,0,0,0,0,1.1982886791229248,0,0,0,0,0,1,0,0,0,0,0
BEN,544002,544,2,1,1,1,1,1,1,1,0,0,1,0,0,0,0,2021,1,0,0,0,0,1,0,3.2697521448135376,0,0,0,0,4,1,1,0,0,0,0
BEN,544008,544,8,1,1,0,1,0,1,0,0,0,0,0,0,0,0,2021,0,0,0,0,0,0,0,,0,0,0,0,2,1,0,0,0,0,0
BEN,544015,544,15,1,1,1,1,1,1,1,0,0,0,0,0,0,0,2021,0,0,0,0,0,0,0,1.7581804990768433,0,2,0,0,0,0,0,0,0,0,0
BEN,544021,544,21,1,1,1,1,1,1,1,0,0,0,0,0,0,0,2021,0,0,0,0,0,0,0,,0,0,0,0,40,0,0,0,0,0,0
BEN,544028,544,28,1,1,1,1,0,1,1,0,0,0,1,0,0,0,2021,0,0,0,0,0,0,0,1.5647550821304321,0,0,0,0,0,0,0,0,0,0,0
BEN,544034,544,34,1,2,1,1,0,1,1,0,0,0,1,0,0,0,2021,0,0,0,0,0,0,0,,0,0,0,0,0,0,0,0,0,0,0
BEN,544041,544,41,1,2,1,1,0,1,1,0,0,0,1,0,0,0,2021,0,0,0,0,0,0,0,1.4669746160507202,0,0,0,0,0,0,0,0,0,0,0
BEN,544047,544,47,1,2,1,1,0,1,1,0,0,0,1,0,0,0,2021,0,0,0,0,0,0,0,1.34787917137146,0,0,0,0,0,0,0,0,0,0,0
BEN,544054,544,54,1,1,0,1,0,1,0,0,0,1,0,0,0,0,2021,0,0,0,0,0,0,0,,0,0,0,0,5,0,0,0,0,0,0
BEN,544060,544,60,1,1,0,1,1,0,1,0,0,0,0,0,0,0,2021,0,0,0,0,0,0,0,,0,4,0,0,0,0,0,0,0,0,0
BEN,544066,544,66,1,4,0,1,0,1,0,0,0,0,0,0,0,0,2021,0,0,0,0,0,0,0,,0,0,0,0,3,1,0,0,0,0,0
BEN,544073,544,73,1,1,0,1,0,0,1,0,0,1,0,0,0,0,2021,0,0,0,0,0,0,0,0.5,0,0,4,0,0,1,0,0,0,0,0
BEN,545020,545,20,2,1,0,1,1,1,1,1,1,0,0,0,0,0,2021,0,0,0,0,0,0,0,,0,0,0,0,0,1,0,0,0,0,0
BEN,545035,545,35,2,1,1,1,1,1,1,0,0,1,0,0,0,0,2021,0,0,0,0,0,0,0,,0,0,0,0,0,0,0,1,0,0,0
BEN,545051,545,51,2,4,1,1,1,1,1,1,1,0,0,0,0,0,2021,0,0,0,0,0,0,0,,0,0,0,0,0,0,0,1,0,0,0
BEN,545082,545,82,2,1,1,1,1,1,1,0,0,1,0,0,0,0,2021,0,0,0,0,0,0,0,8.06880784034729,0,2,12,0,30,0,1,1,0,0,0
BEN,545097,545,97,2,4,1,1,1,1,1,0,0,0,0,0,0,0,2021,0,0,0,0,0,0,0,0.028699999675154686,0,0,0,0,2,1,0,1,1,0,0
BEN,545113,545,113,2,2,1,1,1,1,1,0,0,0,0,0,0,0,2021,0,0,0,0,0,0,0,,0,0,0,0,0,0,0,0,0,0,0
BEN,545144,545,144,2,2,1,1,1,1,1,0,0,0,0,0,0,0,2021,0,0,0,0,0,0,0,5.916245222091675,0,0,0,0,15,1,1,0,0,0,0
BEN,545159,545,159,2,4,0,1,1,1,1,0,0,1,0,0,0,0,2021,1,0,0,0,0,1,0,,0,0,0,0,0,0,0,1,0,0,0
BEN,545175,545,175,2,2,1,1,1,1,1,0,0,1,0,0,0,0,2021,1,0,0,0,0,0,0,2.3239065408706665,0,0,0,0,14,1,0,0,0,0,0
BEN,545206,545,206,2,2,1,1,1,1,1,1,1,0,0,0,0,0,2021,0,0,0,0,0,0,0,0.2972000017762184,0,3,0,0,4,0,1,0,0,0,0
BEN,545221,545,221,2,4,1,1,1,1,1,0,0,1,0,0,0,0,2021,0,0,0,0,0,0,0,,0,0,0,0,0,1,1,1,1,0,0
BEN,545237,545,237,2,2,1,1,0,1,1,0,0,1,0,0,0,0,2021,0,0,0,0,0,0,0,7.8258514404296875,3,3,0,0,4,1,0,1,0,0,0
BEN,546001,546,1,2,2,1,1,0,0,0,0,0,0,0,0,0,0,2021,0,0,0,0,0,0,0,3.3093056716024876,0,11,0,0,20,1,1,1,0,0,0
BEN,546023,546,23,2,2,0,1,0,1,0,0,0,0,0,0,0,0,2021,0,0,0,0,0,0,0,3.153929352760315,0,0,0,0,10,0,1,1,0,0,0
BEN,546035,546,35,2,4,0,1,0,0,0,0,0,1,1,0,0,0,2021,0,0,0,0,0,0,0,4.954261541366577,0,0,0,0,0,1,1,1,1,0,0
BEN,546046,546,46,2,2,0,1,0,0,0,0,0,0,0,0,0,0,2021,0,0,0,0,0,0,0,16.273770451545715,0,0,2,0,4,1,1,1,0,0,0
BEN,546069,546,69,2,1,0,1,0,0,0,0,0,0,1,0,0,0,2021,0,0,0,0,0,0,0,1.79386568069458,0,0,0,0,0,0,1,1,0,0,0
BEN,546081,546,81,2,2,0,1,0,0,0,0,0,0,0,0,0,0,2021,0,0,0,0,0,0,0,5.760929346084595,1,0,0,0,20,0,1,1,0,0,0
BEN,546092,546,92,2,4,1,1,1,0,0,0,0,0,0,0,0,0,2021,0,0,0,0,0,0,0,,0,0,0,0,15,0,0,1,1,0,0
BEN,546115,546,115,2,2,0,1,0,1,0,0,0,1,0,0,0,0,2021,0,0,0,0,0,0,0,11.191196411848068,0,4,0,0,20,0,1,1,0,0,0
BEN,546126,546,126,2,1,1,1,1,0,0,0,0,1,1,0,0,0,2021,0,0,0,0,0,0,0,14.58858335018158,0,0,0,0,0,0,1,1,0,0,0
BEN,546138,546,138,2,1,1,1,0,0,0,0,0,0,0,0,0,0,2021,0,0,0,0,0,0,0,9.979532957077026,0,18,18,0,12,0,1,1,1,0,0
BEN,546161,546,161,2,4,0,1,0,1,0,0,0,1,1,0,0,0,2021,0,0,0,0,0,0,0,1.479999989271164,0,0,0,0,0,0,1,1,0,0,0
BEN,546172,546,172,2,1,1,1,0,0,0,0,0,0,0,0,0,0,2021,0,0,0,0,0,0,0,7.277072429656982,0,0,0,0,35,1,1,1,0,0,0
BEN,547009,547,9,1,2,0,1,1,1,1,0,0,0,0,0,0,0,2021,0,0,0,0,0,0,0,5.239734768867493,0,3,0,0,10,1,1,1,0,0,0
BEN,547020,547,20,1,2,0,1,0,1,0,0,0,0,0,0,0,0,2021,0,0,0,0,0,0,0,2.012584924697876,0,0,0,0,0,0,0,1,0,0,0
BEN,547031,547,31,1,2,0,1,1,1,1,0,0,0,0,0,0,0,2021,0,0,0,0,0,0,0,,0,0,0,0,3,0,0,1,0,0,0
BEN,547042,547,42,1,2,0,1,1,1,0,0,0,0,0,0,0,0,2021,0,0,0,0,0,0,0,3.251276969909668,0,0,0,0,0,1,0,1,0,0,0
BEN,547053,547,53,1,1,1,1,0,1,1,0,0,0,1,0,0,0,2021,0,0,0,0,0,0,0,1.6278369426727295,0,0,0,0,0,1,0,0,0,0,0
BEN,547063,547,63,1,2,1,1,0,1,1,0,0,0,1,0,0,0,2021,0,0,0,0,0,0,0,1.5024609565734863,0,0,0,0,0,0,0,0,0,0,0
BEN,547074,547,74,1,2,1,1,0,1,1,0,0,0,1,0,0,0,2021,0,0,0,0,0,0,0,3.2037034034729004,0,0,0,0,0,1,0,0,0,0,0
BEN,547085,547,85,1,1,1,1,0,1,1,0,0,0,1,0,0,0,2021,0,0,0,0,0,0,0,1.5337631702423096,0,0,0,0,0,0,0,0,0,0,0
BEN,547096,547,96,1,1,0,0,0,0,0,0,0,0,0,0,0,0,2021,0,0,0,0,0,0,0,0.25,0,0,0,0,6,0,0,0,0,0,0
BEN,547107,547,107,1,1,0,1,1,1,0,1,1,0,0,0,0,0,2021,0,0,0,0,0,0,0,6.486021637916565,0,0,0,0,0,0,0,0,0,0,0
BEN,547118,547,118,1,1,0,1,0,1,1,0,0,0,0,0,0,0,2021,0,0,0,0,0,0,0,1.3123711347579956,0,0,0,0,6,0,0,0,0,0,0
BEN,547128,547,128,1,1,0,1,1,1,0,0,0,1,0,0,0,0,2021,0,0,0,0,0,0,0,,0,0,0,0,0,1,0,0,0,0,0
BEN,548010,548,10,2,4,1,1,0,0,0,0,0,1,0,0,0,0,2021,0,0,0,0,0,0,0,0.0790999997407198,0,0,0,0,11,0,0,1,0,0,0
BEN,548028,548,28,2,2,1,1,0,0,0,0,0,1,0,0,0,0,2021,0,0,0,0,0,0,0,0.2949099987745285,0,3,0,0,2,1,0,0,0,0,0
BEN,548037,548,37,2,2,1,1,1,0,0,0,0,1,0,0,0,0,2021,0,0,0,0,0,0,0,0.9035599827766418,0,5,0,0,10,1,1,0,0,0,0
BEN,548047,548,47,2,2,1,1,1,0,0,0,0,1,0,0,0,0,2021,0,0,0,0,0,0,0,5.578977346420288,0,3,0,0,10,1,0,1,0,0,0
BEN,548065,548,65,2,2,1,1,0,0,0,0,0,0,0,0,0,0,2021,0,0,0,0,0,0,0,10.660064928233624,0,20,0,0,35,0,1,1,0,0,0
BEN,548075,548,75,2,2,1,1,1,1,1,0,0,1,1,0,0,0,2021,0,0,0,0,0,0,0,0.06499999761581421,0,0,0,0,0,0,1,1,1,0,0
BEN,548084,548,84,2,4,0,1,0,0,0,0,0,0,0,0,0,0,2021,0,0,0,0,0,0,0,0.08219999819993973,0,0,0,0,0,0,1,1,0,0,0
BEN,548103,548,103,2,4,0,0,0,0,0,0,0,0,0,0,0,0,2021,0,0,0,0,0,0,0,0.061000000685453415,0,0,0,0,0,0,1,1,0,0,0
BEN,548112,548,112,2,2,1,0,0,0,0,0,0,0,0,0,0,0,2021,0,0,0,0,0,0,0,0.09500000439584255,0,0,0,0,0,1,1,1,1,0,0
BEN,548121,548,121,2,2,1,1,0,0,0,0,0,0,0,0,0,0,2021,0,0,0,0,0,0,0,0.14994000270962715,0,2,0,0,1,1,0,1,0,0,0
BEN,548140,548,140,2,2,0,1,0,0,0,0,0,0,0,0,0,0,2021,0,0,0,0,0,0,0,6.946428015828133,0,0,0,0,3,0,1,0,0,0,0
BEN,548149,548,149,2,2,1,1,1,0,0,0,0,0,0,0,0,0,2021,0,0,0,0,0,0,0,0.08868999779224396,0,2,0,0,10,1,1,1,0,0,0
BEN,549010,549,10,1,2,1,1,1,1,0,0,0,1,0,0,0,0,2021,0,0,0,0,0,0,0,,0,0,0,0,0,0,0,1,0,0,0
BEN,549019,549,19,1,2,1,1,1,1,0,0,0,1,0,0,0,0,2021,0,0,0,0,0,0,0,0.09859000146389008,0,0,0,0,0,0,0,1,0,0,0
BEN,549028,549,28,1,2,1,1,1,1,0,0,0,1,0,0,0,0,2021,0,0,0,0,0,0,0,,0,0,0,0,0,0,0,1,0,0,0
BEN,549037,549,37,1,2,0,0,0,1,1,0,0,0,0,0,0,0,2021,0,0,0,0,0,0,0,,0,0,0,0,0,0,0,1,0,0,0
BEN,549045,549,45,1,2,0,1,0,1,1,0,0,0,0,0,0,0,2021,0,0,0,0,0,0,0,,0,0,0,0,0,1,0,1,0,0,0
BEN,549054,549,54,1,2,1,0,1,0,0,0,0,0,0,0,0,0,2021,0,0,0,0,0,0,0,,0,0,0,0,0,0,0,1,0,0,0
BEN,549072,549,72,1,2,1,1,1,1,1,0,0,0,0,0,0,0,2021,0,0,0,0,0,0,0,145.72721419110894,0,0,0,0,0,0,0,1,0,0,0
BEN,549081,549,81,1,2,0,1,1,1,1,0,0,1,1,0,0,0,2021,0,0,0,0,0,0,0,,0,0,0,0,0,0,0,0,0,0,0
BEN,549089,549,89,1,2,1,1,1,1,1,1,1,0,1,0,0,0,2021,1,0,0,0,0,1,0,0.48324499372392893,0,0,0,0,0,0,0,0,0,0,0
BEN,549098,549,98,1,2,0,1,1,1,1,1,1,0,1,0,0,0,2021,1,0,0,0,0,0,0,0.09349100198596716,0,0,0,0,0,0,0,0,0,0,0
BEN,549855,549,855,1,2,0,1,1,1,0,0,0,0,0,0,0,0,2021,0,0,0,0,0,0,0,0.23930799961090088,0,0,0,0,0,0,0,1,0,0,0
BEN,549856,549,856,1,2,0,1,1,1,1,1,1,0,1,0,0,0,2021,1,0,0,0,0,0,0,,0,0,0,0,0,1,0,0,0,0,0
BEN,550001,550,1,1,1,1,1,1,1,0,0,0,0,0,0,0,0,2021,0,0,0,0,0,0,1,5.24383008480072,4,4,9,0,5,0,1,0,0,0,0
BEN,550006,550,6,1,1,1,1,0,1,0,0,0,0,0,0,0,0,2021,0,0,0,0,0,0,0,,0,0,0,0,0,0,0,1,0,0,0
BEN,550011,550,11,1,1,0,1,1,1,0,0,0,0,0,0,0,0,2021,0,0,0,0,0,0,0,,0,1,0,0,0,0,1,1,0,0,0
BEN,550016,550,16,1,2,1,1,0,1,1,0,0,0,1,1,1,0,2021,0,0,0,0,0,0,0,,0,0,0,0,0,0,0,0,0,0,0
BEN,550021,550,21,1,1,1,1,1,1,0,0,0,0,0,0,0,0,2021,0,0,0,0,0,0,0,,0,0,0,0,0,1,0,0,0,0,0
BEN,550026,550,26,1,2,1,1,0,1,1,0,0,0,1,0,0,1,2021,0,0,0,0,0,0,0,,0,0,0,0,0,0,0,1,0,0,0
BEN,550031,550,31,1,1,1,1,0,1,1,0,0,0,1,1,1,1,2021,0,0,0,0,0,0,0,1.5831435918807983,0,0,0,0,0,0,0,1,0,0,0
BEN,550037,550,37,1,2,1,1,0,1,1,0,0,0,1,1,1,0,2021,0,0,0,0,0,0,0,,0,0,0,0,0,0,0,0,0,0,0
BEN,550042,550,42,1,1,0,1,0,1,1,0,0,0,0,0,0,0,2021,0,0,0,0,0,0,0,,0,2,0,0,8,0,0,0,0,0,0
BEN,550047,550,47,1,1,0,1,0,0,0,0,0,0,0,0,0,0,2021,0,0,0,0,0,0,0,,0,0,0,0,0,0,0,0,0,0,0
BEN,550052,550,52,1,2,0,1,0,0,0,0,0,0,0,0,0,0,2021,0,0,0,0,0,0,0,0.699999988079071,4,0,0,0,2,0,0,0,0,0,0
BEN,550057,550,57,1,1,0,1,0,0,0,0,0,0,0,0,0,0,2021,0,0,0,0,0,0,0,,0,0,0,0,0,0,0,0,0,0,0
BEN,551030,551,30,2,4,1,1,1,1,1,1,1,0,0,0,0,0,2021,1,0,0,0,0,0,0,,0,0,0,0,0,1,0,1,0,0,0
BEN,551054,551,54,2,4,1,1,1,1,1,0,0,0,0,0,0,0,2021,0,0,0,0,0,0,0,,0,0,0,0,0,0,0,1,0,0,0
BEN,551078,551,78,2,4,1,1,1,1,0,1,1,0,1,0,0,0,2021,0,0,0,0,0,0,0,,0,0,0,0,0,0,0,0,0,0,0
BEN,551127,551,127,2,4,1,1,1,1,1,1,1,0,1,0,0,0,2021,1,1,0,0,0,1,0,,0,0,0,0,0,0,0,1,0,0,0
BEN,551151,551,151,2,4,1,1,1,1,1,1,1,0,0,0,0,0,2021,0,0,0,0,0,0,0,,0,0,0,0,0,0,0,1,0,0,0
BEN,551175,551,175,2,1,1,1,1,1,1,1,1,0,1,0,0,0,2021,1,0,0,0,0,0,0,,0,0,0,0,0,0,0,0,0,0,0
BEN,551223,551,223,2,4,1,1,1,1,1,1,1,0,1,0,0,0,2021,1,0,0,0,0,0,0,,0,0,0,0,8,0,1,1,0,0,0
BEN,551247,551,247,2,4,1,1,1,1,1,0,0,0,1,0,0,0,2021,0,0,0,0,0,0,0,,0,0,0,0,0,1,0,1,0,0,0
BEN,551272,551,272,2,1,1,1,1,1,1,1,1,0,1,1,1,1,2021,1,1,0,0,1,0,0,,0,0,0,0,0,0,0,0,0,0,0
BEN,551320,551,320,2,3,1,1,1,1,0,1,1,0,1,0,0,0,2021,0,0,0,0,0,0,0,,0,0,0,0,0,0,0,0,0,0,0
BEN,551344,551,344,2,4,1,1,1,1,1,0,1,0,1,0,0,0,2021,1,1,0,0,0,0,0,,0,0,0,0,0,0,0,1,1,0,0
BEN,551365,551,365,2,4,1,1,1,1,1,1,1,0,1,0,0,0,2021,1,0,0,0,0,1,0,,0,0,0,0,0,0,0,1,0,0,0
BEN,552072,552,72,1,4,1,1,1,1,1,1,1,0,1,1,1,0,2021,1,1,1,1,1,1,0,,0,0,0,0,0,0,0,0,0,0,0
BEN,552131,552,131,1,2,1,1,1,0,1,1,1,0,1,1,1,0,2021,1,0,0,0,0,0,0,,0,0,0,0,0,1,0,0,0,0,0
BEN,552190,552,190,1,4,1,1,1,1,1,0,1,0,1,1,1,0,2021,1,0,0,0,0,0,0,,0,0,0,0,10,0,1,0,0,0,0
BEN,552220,552,220,1,3,1,1,1,1,1,1,1,0,1,1,1,0,2021,1,0,0,0,0,0,0,,0,0,0,0,0,0,0,1,0,0,0
BEN,552249,552,249,1,2,1,1,1,1,1,1,1,0,1,1,1,0,2021,1,0,0,0,1,0,0,,0,0,0,0,3,0,0,0,1,0,0
BEN,552279,552,279,1,2,1,1,1,1,0,1,1,0,1,0,1,0,2021,0,0,0,0,0,0,0,,0,0,0,0,0,0,0,0,0,0,0
BEN,552308,552,308,1,2,1,1,1,1,1,1,1,0,1,1,1,0,2021,0,0,0,0,0,0,0,,0,0,0,0,0,0,0,0,0,0,0
BEN,552367,552,367,1,2,1,1,1,1,1,1,1,0,1,1,1,0,2021,1,0,0,0,0,0,0,,0,0,0,0,0,0,0,0,1,0,0
BEN,552857,552,857,1,2,1,1,1,1,0,1,1,0,1,1,1,0,2021,1,0,0,0,0,0,0,,0,0,0,0,0,0,0,0,0,0,0
BEN,552858,552,858,1,3,1,1,1,0,1,0,0,0,1,1,1,0,2021,0,0,0,0,0,0,0,,0,0,0,0,0,1,0,0,0,0,0
BEN,552859,552,859,1,2,1,1,1,1,1,0,0,0,1,1,1,0,2021,0,0,0,0,0,0,0,,0,5,0,0,4,0,0,1,1,0,0
BEN,552860,552,860,1,4,1,1,1,1,1,1,1,0,1,1,1,0,2021,0,0,0,0,0,0,0,,0,0,0,0,0,1,0,0,0,0,0
BEN,553003,553,3,2,3,1,1,1,1,1,1,1,0,1,1,0,1,2021,1,0,0,0,0,1,0,,0,0,0,0,0,0,0,0,0,0,0
BEN,553044,553,44,2,4,1,1,1,1,0,1,1,0,1,0,1,0,2021,0,0,0,0,0,0,0,,0,0,0,0,7,0,0,1,0,0,0
BEN,553065,553,65,2,3,1,1,1,1,1,1,1,0,1,0,1,0,2021,1,0,0,0,0,0,0,,0,0,0,0,0,0,0,1,0,0,0
BEN,553085,553,85,2,3,1,1,1,1,1,1,1,0,1,1,1,1,2021,1,1,0,0,1,0,1,,0,0,0,0,0,1,0,1,1,0,0
BEN,553118,553,118,2,4,1,1,1,1,1,1,1,0,1,0,0,0,2021,1,1,0,0,0,0,0,,0,0,0,0,0,1,0,1,0,0,0
BEN,553149,553,149,2,4,1,1,1,1,1,1,1,0,1,0,1,0,2021,0,0,0,0,0,0,0,,0,0,0,0,0,0,0,1,0,0,0
BEN,553168,553,168,2,4,1,1,1,1,1,1,0,1,1,0,0,0,2021,1,0,0,0,0,0,0,,0,0,0,0,0,0,0,0,0,0,0
BEN,553209,553,209,2,4,1,1,1,1,1,1,1,0,1,0,0,0,2021,1,0,0,0,0,0,0,,0,0,0,0,0,0,0,1,0,0,0
BEN,553230,553,230,2,4,1,1,1,1,1,1,1,0,1,0,0,0,2021,0,0,0,0,0,0,0,,0,0,0,0,0,0,0,1,0,0,0
BEN,553251,553,251,2,1,1,1,1,1,1,1,1,0,1,0,0,1,2021,1,0,0,0,0,0,0,,0,0,0,0,0,0,0,0,0,0,0
BEN,553292,553,292,2,3,1,1,1,1,1,1,1,0,1,1,0,1,2021,1,0,0,0,0,1,0,,0,0,0,0,0,0,0,0,0,0,0
BEN,553313,553,313,2,3,1,1,1,1,1,1,1,0,1,1,0,0,2021,1,0,0,0,0,0,0,,0,0,0,0,0,0,0,0,0,0,0
BEN,554014,554,14,1,4,1,1,1,1,0,0,0,0,1,1,1,0,2021,0,0,0,0,0,0,0,,0,0,0,0,0,0,0,0,0,0,0
BEN,554029,554,29,1,4,0,1,0,1,0,0,0,0,1,1,1,0,2021,0,0,0,0,0,0,0,,0,0,0,0,0,0,0,0,0,0,0
BEN,554072,554,72,1,4,0,1,1,1,0,1,1,0,1,1,1,0,2021,0,0,0,0,0,0,0,,0,0,0,0,0,0,0,0,0,0,0
BEN,554086,554,86,1,1,1,1,1,1,1,1,1,0,1,1,1,0,2021,1,0,0,0,1,0,0,,0,0,0,0,0,1,0,0,0,0,0
BEN,554101,554,101,1,1,1,1,1,1,1,1,1,0,1,1,1,1,2021,0,0,0,0,0,0,0,,0,0,0,0,0,1,0,1,0,0,0
BEN,554115,554,115,1,2,1,1,1,1,1,1,1,0,1,1,1,0,2021,1,0,0,0,0,0,0,,0,0,0,0,0,1,0,0,0,0,0
BEN,554129,554,129,1,1,1,1,1,1,1,1,1,0,1,1,1,0,2021,0,0,0,0,0,0,0,,0,0,0,0,0,0,0,0,0,0,0
BEN,554144,554,144,1,4,1,1,1,1,1,0,0,0,1,1,0,0,2021,0,0,0,0,0,0,0,,0,0,0,0,0,0,0,0,0,0,0
BEN,554158,554,158,1,4,1,1,1,1,1,1,1,0,1,1,1,0,2021,1,0,0,0,0,1,0,,0,0,0,0,0,0,0,0,0,0,0
BEN,554861,554,861,1,4,1,1,1,1,0,1,1,0,1,1,1,0,2021,0,0,0,0,0,0,0,,0,0,0,0,0,0,0,0,0,0,0
BEN,554862,554,862,1,4,1,1,1,1,1,1,1,0,1,1,0,0,2021,0,0,0,0,0,0,0,,0,0,0,0,0,0,0,0,0,0,0
BEN,554863,554,863,1,3,1,1,1,1,1,1,1,0,1,1,0,0,2021,0,0,0,0,0,0,0,,0,0,0,0,0,0,0,0,0,0,0
BEN,555025,555,25,2,4,1,1,1,0,0,1,1,0,1,1,1,0,2021,0,0,0,0,0,0,0,,0,0,0,0,50,0,0,1,1,0,0
BEN,555046,555,46,2,4,1,1,1,0,0,1,1,0,0,0,0,0,2021,0,0,0,0,0,0,0,,0,0,0,0,0,0,0,1,0,0,0
BEN,555067,555,67,2,4,1,1,1,1,1,0,0,0,1,0,0,0,2021,0,0,0,0,0,0,0,,0,0,0,0,0,0,0,1,0,0,0
BEN,555110,555,110,2,4,1,1,1,1,1,1,1,0,1,0,1,1,2021,0,0,0,0,0,0,0,,0,0,0,0,0,0,0,1,1,0,0
BEN,555134,555,134,2,1,1,1,1,1,1,1,0,1,1,0,0,0,2021,1,0,0,0,0,0,0,,0,0,0,0,0,0,0,1,0,0,0
BEN,555152,555,152,2,4,1,1,1,0,0,0,0,0,1,0,0,0,2021,1,0,0,0,0,1,0,,0,0,0,0,0,1,0,1,1,0,0
BEN,555195,555,195,2,4,1,1,1,0,0,1,1,0,1,0,1,0,2021,0,0,0,0,0,0,0,,0,0,0,0,0,1,0,1,0,0,0
BEN,555216,555,216,2,1,1,1,1,1,1,1,1,0,1,1,1,1,2021,1,1,0,0,1,1,0,,0,0,0,0,0,0,0,0,1,0,0
BEN,555238,555,238,2,1,1,1,1,0,0,1,1,0,1,1,0,0,2021,1,0,0,0,0,0,0,,0,0,0,0,0,0,0,0,0,0,0
BEN,555275,555,275,2,4,1,1,1,1,1,1,1,0,1,0,0,0,2021,0,0,0,0,0,0,0,,0,0,0,0,0,0,0,0,0,0,0
BEN,555302,555,302,2,3,1,1,1,0,0,1,1,0,1,0,0,0,2021,1,0,0,0,0,1,0,,0,0,0,0,0,0,0,0,0,0,0
BEN,555323,555,323,2,4,1,1,1,1,1,1,1,0,1,1,1,1,2021,1,0,0,0,0,0,0,,0,0,0,0,0,0,0,1,0,0,0
BEN,556055,556,55,1,3,1,1,1,0,0,1,1,0,1,1,1,0,2021,0,0,0,0,0,0,0,,0,0,0,0,0,0,0,1,0,0,0
BEN,556087,556,87,1,4,1,1,1,1,0,0,0,0,1,1,1,0,2021,0,0,0,0,0,0,0,,0,0,0,0,0,0,0,1,0,0,0
BEN,556105,556,105,1,1,1,1,1,1,1,1,1,0,1,1,1,0,2021,1,0,0,0,0,1,0,,0,4,3,0,3,0,0,0,0,0,0
BEN,556123,556,123,1,1,1,1,1,1,1,1,1,0,1,1,1,0,2021,1,0,0,0,0,0,0,,0,0,0,0,0,0,0,0,1,0,0
BEN,556141,556,141,1,4,1,1,1,0,0,1,1,0,1,1,1,0,2021,0,0,0,0,0,0,0,,0,0,0,0,0,0,0,0,0,0,0
BEN,556160,556,160,1,1,1,1,1,1,1,1,1,0,1,1,1,0,2021,0,0,0,0,0,0,1,,0,0,0,0,0,0,0,1,0,0,0
BEN,556214,556,214,1,1,1,1,1,1,1,1,1,0,1,1,1,0,2021,1,0,0,1,0,1,0,,0,0,0,0,0,0,0,0,0,0,0
BEN,556233,556,233,1,4,1,1,1,0,0,1,1,0,1,1,0,0,2021,1,0,0,0,0,0,0,,0,0,0,0,0,0,0,0,0,0,0
BEN,556251,556,251,1,4,1,1,1,1,1,1,1,0,1,1,0,0,2021,0,0,0,0,0,0,0,,0,0,0,0,0,0,0,0,0,0,0
BEN,556269,556,269,1,4,1,1,1,1,0,1,1,0,1,1,1,0,2021,0,0,0,0,0,0,0,,0,0,0,0,0,0,0,1,0,0,0
BEN,556864,556,864,1,4,1,1,1,1,0,1,1,0,1,1,1,0,2021,1,0,0,0,0,0,0,,0,0,0,0,0,1,0,1,0,0,0
BEN,556865,556,865,1,3,1,1,1,0,0,1,1,0,1,0,0,0,2021,1,0,0,0,0,0,0,,0,0,0,0,0,0,0,0,0,0,0
BEN,557027,557,27,2,3,1,1,1,0,0,0,1,0,1,0,0,1,2021,1,0,0,0,0,1,0,,0,0,0,0,0,0,0,1,1,0,0
BEN,557081,557,81,2,4,1,1,1,0,0,1,1,0,1,0,0,0,2021,1,0,0,0,0,0,0,,0,0,0,0,0,0,0,0,0,0,0
BEN,557109,557,109,2,1,1,1,1,1,1,1,1,0,1,1,0,1,2021,0,0,0,0,0,0,1,,0,0,0,0,0,0,0,0,0,0,0
BEN,557137,557,137,2,4,1,1,1,0,0,1,1,0,1,0,0,0,2021,0,0,0,0,0,0,0,,0,0,0,0,0,0,0,0,0,0,0
BEN,557193,557,193,2,3,1,1,1,0,0,0,0,1,1,0,0,0,2021,0,0,0,0,0,0,0,,0,0,0,0,0,0,0,0,0,0,0
BEN,557221,557,221,2,4,1,1,1,1,1,1,1,0,1,0,0,0,2021,1,0,0,0,0,1,0,,0,0,0,0,0,0,0,1,0,0,0
BEN,557249,557,249,2,4,1,1,1,1,1,1,1,0,1,0,0,0,2021,0,0,0,0,0,0,0,,0,0,0,0,0,0,0,1,0,0,0
BEN,557305,557,305,2,3,1,1,1,1,1,1,1,0,1,0,1,1,2021,0,0,0,0,0,0,0,,0,0,0,0,0,0,0,1,0,0,0
BEN,557333,557,333,2,4,1,1,1,0,1,1,1,0,1,0,0,0,2021,0,0,0,0,0,0,0,,0,0,0,0,0,0,0,1,0,0,0
BEN,557361,557,361,2,4,1,1,1,1,1,1,1,0,1,0,0,0,2021,0,0,0,0,0,0,0,,0,0,0,0,10,0,0,1,0,0,0
BEN,557417,557,417,2,4,1,1,1,1,1,1,1,0,1,0,1,0,2021,1,0,0,0,0,0,1,,0,0,0,0,0,1,1,1,0,0,0
BEN,557444,557,444,2,4,1,1,1,1,1,1,1,0,1,1,1,0,2021,1,0,0,0,0,0,0,,0,0,0,0,0,0,0,1,1,0,0
BEN,558050,558,50,1,4,1,1,1,1,1,1,1,0,1,1,1,0,2021,0,0,0,0,0,0,0,,0,0,0,0,0,0,0,1,0,0,0
BEN,558066,558,66,1,4,1,1,1,1,0,0,0,0,1,1,1,0,2021,0,0,0,0,0,0,0,,0,0,0,0,0,0,0,1,0,0,0
BEN,558083,558,83,1,3,1,1,1,1,1,1,1,0,1,1,1,0,2021,1,0,0,0,0,1,0,,0,0,0,0,0,0,0,1,1,0,0
BEN,558099,558,99,1,4,1,1,1,1,1,1,1,0,1,1,1,0,2021,0,0,0,0,0,0,0,,0,0,0,0,0,0,0,1,1,0,0
BEN,558116,558,116,1,1,1,1,1,1,1,0,0,0,1,1,1,0,2021,0,0,0,0,0,0,0,,0,0,0,0,0,0,0,0,1,0,0
BEN,558132,558,132,1,1,1,1,1,1,1,1,1,0,1,1,1,0,2021,0,0,0,0,0,0,0,,0,0,0,0,0,0,0,0,1,0,0
BEN,558165,558,165,1,4,1,1,1,1,1,1,1,0,1,1,0,0,2021,1,0,0,0,0,0,0,,0,0,0,0,0,0,0,0,0,0,0
BEN,558198,558,198,1,4,1,1,1,1,1,0,0,0,1,1,0,0,2021,0,0,0,0,0,0,0,,0,0,0,0,0,1,0,0,0,0,0
BEN,558231,558,231,1,4,1,1,1,0,1,1,1,0,1,1,0,0,2021,0,0,0,0,0,0,0,,0,0,0,0,0,0,0,0,0,0,0
BEN,558866,558,866,1,4,1,1,1,1,0,1,1,0,1,1,1,0,2021,1,0,0,0,0,1,0,,0,0,0,0,0,0,0,1,0,0,0
BEN,558867,558,867,1,1,1,1,1,1,1,1,1,0,1,1,1,0,2021,1,0,0,1,0,1,1,,0,0,0,0,0,0,0,1,0,0,0
BEN,558868,558,868,1,4,1,1,1,1,1,1,1,0,1,1,0,0,2021,0,0,0,0,0,0,0,,0,0,0,0,0,1,0,0,0,0,0
BEN,559014,559,14,2,4,1,1,1,1,1,0,0,0,1,0,0,0,2021,0,0,0,0,0,0,0,,0,0,0,0,0,0,0,0,0,0,0
BEN,559030,559,30,2,1,1,1,1,1,0,0,1,0,1,0,0,0,2021,1,0,0,0,0,0,0,,0,0,0,0,0,0,0,0,0,0,0
BEN,559063,559,63,2,4,1,1,1,1,1,1,1,0,1,0,0,0,2021,1,0,0,0,0,0,0,,0,0,0,0,0,1,0,0,0,0,0
BEN,559085,559,85,2,3,1,1,1,1,1,1,1,0,1,0,0,0,2021,1,0,0,0,0,0,0,,0,0,0,0,0,0,0,0,0,0,0
BEN,559096,559,96,2,3,1,1,1,0,0,1,1,0,1,0,0,1,2021,1,0,0,0,0,0,0,,0,0,0,0,0,0,0,1,0,0,0
BEN,559129,559,129,2,4,1,1,1,1,1,1,1,0,1,1,1,0,2021,1,0,1,0,0,1,0,,0,0,0,0,0,0,0,0,0,0,0
BEN,559146,559,146,2,4,1,1,1,1,1,1,1,0,0,1,0,1,2021,0,0,0,0,0,0,0,,0,0,0,0,0,1,0,1,0,0,0
BEN,559163,559,163,2,1,1,1,1,1,1,1,1,0,1,1,0,1,2021,0,0,1,0,0,0,1,,0,0,0,0,0,1,0,0,0,0,0
BEN,559196,559,196,2,4,1,1,1,1,1,1,1,0,1,0,1,0,2021,0,0,0,0,0,0,0,,0,0,0,0,0,0,0,1,0,0,0
BEN,559212,559,212,2,3,1,1,1,1,1,1,1,0,1,1,1,0,2021,1,0,1,0,0,0,0,,0,0,0,0,0,0,0,1,0,0,0
BEN,559229,559,229,2,3,1,1,1,1,1,1,1,0,1,0,0,0,2021,0,0,0,0,0,0,0,,0,0,0,0,0,0,1,1,0,0,0
BEN,559262,559,262,2,4,1,1,1,1,1,1,1,0,1,0,0,0,2021,0,0,0,0,0,0,0,,0,0,0,0,0,1,0,1,0,0,0
BEN,560025,560,25,1,1,1,1,1,1,1,1,1,0,0,0,1,0,2021,0,0,0,0,0,0,0,,0,2,0,0,3,1,0,0,0,0,0
BEN,560054,560,54,1,1,1,1,1,1,1,1,1,0,1,1,1,0,2021,0,0,1,0,0,0,0,,0,0,0,0,0,0,0,0,1,0,0
BEN,560082,560,82,1,1,1,1,1,1,1,1,1,0,1,1,1,1,2021,1,0,0,0,0,0,0,,0,0,0,0,0,1,0,0,0,0,0
BEN,560097,560,97,1,1,1,1,0,1,1,1,1,0,1,1,1,1,2021,0,0,0,0,0,0,0,,0,0,0,0,0,0,0,1,0,0,0
BEN,560140,560,140,1,1,1,1,1,1,1,1,1,0,1,1,1,0,2021,1,0,0,0,0,1,0,,0,0,0,0,0,0,0,0,0,0,0
BEN,560154,560,154,1,1,1,1,1,1,1,1,1,0,1,1,1,0,2021,1,0,0,0,0,1,0,,0,0,0,0,20,0,0,0,0,0,0
BEN,560169,560,169,1,1,1,1,1,1,1,1,1,0,1,1,1,0,2021,1,0,1,0,0,1,1,,0,0,0,0,0,0,0,0,0,0,0
BEN,560197,560,197,1,1,1,1,1,1,1,1,1,0,0,1,1,0,2021,1,0,0,0,0,0,0,,0,0,0,0,0,0,0,0,0,0,0
BEN,560200,560,200,1,1,1,1,1,1,1,1,1,0,1,1,1,0,2021,1,0,0,0,0,1,0,,0,0,0,0,0,1,0,0,0,0,0
BEN,560203,560,203,1,1,1,1,1,1,1,1,1,0,1,0,1,0,2021,1,0,0,0,1,1,0,,0,0,0,0,0,0,0,0,0,0,0
BEN,560207,560,207,1,1,1,1,1,1,1,0,1,0,1,0,1,0,2021,1,0,0,0,0,1,0,,0,0,0,0,0,0,0,1,0,0,0
BEN,560211,560,211,1,3,1,1,1,1,1,1,1,0,1,1,1,1,2021,0,0,0,0,0,0,0,,0,0,0,0,0,0,0,0,0,0,0
BEN,561018,561,18,2,1,1,1,1,0,0,1,1,0,1,1,0,0,2021,0,0,0,0,0,0,0,,0,0,0,0,0,0,0,1,0,0,0
BEN,561039,561,39,2,3,1,1,1,1,1,1,1,0,1,1,1,0,2021,1,0,0,0,1,1,1,,0,0,0,0,0,0,0,1,1,0,0
BEN,561082,561,82,2,1,1,1,1,1,1,1,1,0,1,1,1,0,2021,1,0,0,0,0,1,0,,0,0,0,0,0,0,0,1,0,0,0
BEN,561103,561,103,2,3,1,1,1,1,1,1,1,0,1,1,1,0,2021,0,0,0,0,0,0,0,,0,0,0,0,0,0,0,1,0,0,0
BEN,561125,561,125,2,1,1,1,1,1,1,1,1,0,1,1,1,1,2021,1,1,0,0,0,1,0,,0,0,0,0,0,0,0,1,0,0,0
BEN,561166,561,166,2,1,1,1,1,0,0,1,1,0,1,1,1,0,2021,1,0,0,0,0,1,0,,0,0,0,0,0,0,0,1,0,0,0
BEN,561188,561,188,2,1,1,1,1,0,0,0,0,0,1,0,0,0,2021,0,0,0,0,0,0,0,,0,0,0,0,0,0,0,1,1,0,0
BEN,561208,561,208,2,1,1,1,1,1,1,1,1,0,1,1,0,0,2021,1,0,0,0,0,0,0,,0,0,0,0,0,0,0,1,1,0,0
BEN,561251,561,251,2,1,1,1,1,1,1,1,1,0,1,1,1,1,2021,1,1,1,0,0,1,0,,0,0,0,0,0,0,0,1,0,0,0
BEN,561272,561,272,2,4,1,1,1,1,1,0,0,0,0,0,1,1,2021,0,0,0,0,0,0,0,,0,9,0,0,30,1,0,1,0,0,0
BEN,561293,561,293,2,4,0,1,1,1,1,0,0,0,1,0,1,1,2021,0,0,0,0,0,0,0,,0,0,0,0,0,0,0,1,0,0,0
BEN,561335,561,335,2,4,1,1,1,1,1,0,1,0,1,1,1,1,2021,0,0,0,0,0,0,0,,0,0,0,0,0,1,0,1,0,0,0
BEN,562018,562,18,1,4,1,1,1,1,0,1,1,0,1,1,1,0,2021,1,0,0,0,0,0,0,,0,0,0,0,0,0,0,1,0,0,0
BEN,562037,562,37,1,4,1,1,1,1,0,1,1,0,1,1,1,0,2021,0,0,0,0,0,1,0,,0,0,0,0,0,0,0,1,0,0,0
BEN,562056,562,56,1,4,1,1,1,1,0,1,1,0,1,1,1,0,2021,1,0,0,0,0,0,0,,0,0,0,0,0,0,0,1,0,0,0
BEN,562094,562,94,1,4,1,1,1,1,0,0,0,1,1,1,1,0,2021,0,0,0,0,0,0,0,,0,0,0,0,0,0,0,1,0,0,0
BEN,562113,562,113,1,1,1,1,1,1,1,1,1,0,1,1,1,0,2021,0,0,0,0,0,0,0,,0,0,0,0,0,0,0,1,0,0,0
BEN,562151,562,151,1,4,1,1,1,1,1,1,1,0,1,1,1,0,2021,1,0,0,0,0,0,0,,0,0,0,0,0,0,0,0,1,0,0
BEN,562170,562,170,1,3,1,1,1,1,1,1,1,0,1,1,1,0,2021,0,0,0,0,0,0,0,,0,0,0,0,0,1,0,1,0,0,0
BEN,562208,562,208,1,4,1,1,1,1,1,1,1,0,1,1,0,0,2021,1,0,0,0,0,0,0,,0,0,0,0,0,0,0,0,0,0,0
BEN,562227,562,227,1,3,1,1,1,0,0,1,1,0,1,1,0,0,2021,0,0,0,0,0,0,0,,0,0,0,0,0,1,0,0,0,0,0
BEN,562246,562,246,1,1,1,1,1,1,1,1,1,0,1,1,1,0,2021,1,1,1,0,0,1,1,,0,0,0,0,0,0,0,0,0,0,0
BEN,562284,562,284,1,4,1,1,1,1,1,1,1,0,1,1,0,0,2021,0,0,0,0,0,0,0,,0,0,0,0,0,0,0,0,0,0,0
BEN,562869,562,869,1,3,1,1,1,1,1,1,1,0,1,1,1,0,2021,1,0,0,0,0,0,0,,0,0,0,0,0,0,0,1,0,0,0
BEN,563041,563,41,2,1,1,1,1,1,1,1,1,0,1,1,1,0,2021,0,0,0,0,0,0,0,,0,0,0,0,5,0,0,1,0,0,0
BEN,563063,563,63,2,1,1,1,1,1,1,1,1,0,1,1,1,1,2021,1,0,1,1,0,1,1,,0,0,0,0,0,0,0,1,0,0,0
BEN,563085,563,85,2,1,1,1,1,1,1,1,1,0,1,1,1,0,2021,1,0,0,0,0,0,0,,0,0,0,0,4,0,0,1,0,0,0
BEN,563108,563,108,2,1,0,1,1,1,1,1,1,0,1,1,1,0,2021,0,0,0,0,0,0,0,,0,3,0,0,0,0,0,1,1,0,0
BEN,563130,563,130,2,1,1,1,1,1,1,1,1,0,1,1,1,0,2021,1,0,0,0,0,1,0,,0,0,0,0,2,1,0,0,0,0,0
BEN,563175,563,175,2,4,1,1,1,1,1,0,0,0,1,0,1,1,2021,0,0,0,0,0,0,0,,0,0,0,0,0,1,0,1,1,0,0
BEN,563197,563,197,2,1,1,1,1,1,1,0,0,1,1,1,1,0,2021,1,0,0,0,0,0,0,,0,8,0,0,0,0,0,1,1,0,0
BEN,563220,563,220,2,1,0,1,0,1,1,0,0,0,1,0,0,0,2021,0,0,0,0,0,0,0,,0,0,0,0,0,0,0,1,0,0,0
BEN,563264,563,264,2,3,1,1,1,1,1,1,1,0,1,1,1,1,2021,1,0,0,1,0,1,0,,0,0,0,0,0,0,0,1,0,0,0
BEN,563287,563,287,2,1,1,1,1,1,1,1,1,0,1,1,1,0,2021,0,0,0,0,0,0,0,,0,0,0,0,12,0,0,1,1,0,0
BEN,563309,563,309,2,3,1,1,1,1,1,1,1,0,1,0,1,1,2021,1,0,0,0,0,0,0,,0,0,0,0,0,0,0,1,0,0,0
BEN,563354,563,354,2,1,1,1,1,1,1,1,1,0,1,1,1,1,2021,1,0,1,1,0,1,0,,0,0,0,0,0,1,0,1,0,0,0
BEN,564025,564,25,1,3,1,1,1,1,1,0,1,0,1,1,0,1,2021,1,0,1,1,1,1,0,,0,0,0,0,0,0,0,0,0,0,0
BEN,564039,564,39,1,1,1,1,1,1,1,1,1,0,1,1,1,1,2021,0,1,0,0,0,1,0,,0,0,0,0,0,1,0,0,0,0,0
BEN,564053,564,53,1,3,1,1,1,1,0,1,1,0,1,0,0,1,2021,0,0,0,0,0,0,0,,0,0,0,0,0,0,0,1,0,0,0
BEN,564067,564,67,1,2,1,1,1,1,1,1,1,0,1,1,0,1,2021,0,0,0,0,0,0,0,,0,0,0,0,0,0,0,0,0,0,0
BEN,564080,564,80,1,3,1,1,0,0,0,0,0,0,1,0,1,0,2021,0,0,0,0,0,0,0,,0,0,0,0,0,0,0,0,0,0,0
BEN,564094,564,94,1,1,1,1,1,1,1,1,1,0,1,1,0,1,2021,1,0,1,0,0,1,1,,0,0,0,0,0,0,0,0,1,0,0
BEN,564108,564,108,1,1,1,1,1,1,1,1,1,0,1,1,0,1,2021,1,0,0,0,0,0,1,,0,0,0,0,0,0,0,0,1,0,0
BEN,564122,564,122,1,1,1,1,1,1,1,0,1,0,1,1,0,0,2021,0,0,0,0,0,0,0,,0,0,0,0,0,1,0,0,1,0,0
BEN,564136,564,136,1,1,1,1,1,1,1,1,1,0,1,1,0,1,2021,0,0,0,0,0,0,0,,0,0,0,0,0,0,0,0,0,0,0
BEN,564150,564,150,1,4,1,1,1,0,0,0,1,0,1,0,0,1,2021,0,0,0,0,0,0,0,,0,0,0,0,0,1,0,0,0,0,0
BEN,564163,564,163,1,2,1,1,1,0,0,0,0,0,0,0,0,0,2021,0,0,0,0,0,0,0,,0,0,0,0,0,0,0,1,0,0,0
BEN,564177,564,177,1,2,0,1,0,1,1,0,0,1,1,1,0,0,2021,0,0,0,0,0,0,0,,0,2,0,0,0,0,1,0,1,0,0
BEN,565016,565,16,2,3,1,1,1,1,1,1,1,0,1,1,1,0,2021,0,0,0,0,0,0,0,,0,0,0,0,0,0,0,1,0,0,0
BEN,565019,565,19,2,1,1,1,1,1,1,1,1,0,0,0,0,0,2021,0,0,0,0,0,0,0,,0,0,1,0,2,1,1,1,1,0,0
BEN,565041,565,41,2,1,1,1,1,1,1,1,1,0,1,1,1,0,2021,0,0,0,0,0,0,0,,0,0,0,0,0,0,0,1,0,0,0
BEN,565083,565,83,2,3,1,1,1,1,1,1,1,0,1,0,1,1,2021,0,0,0,0,0,0,0,,0,0,0,0,0,0,0,1,0,0,0
BEN,565107,565,107,2,3,1,1,1,1,1,1,1,0,1,1,1,0,2021,1,0,0,0,0,1,0,,0,0,0,0,0,0,0,1,1,0,0
BEN,565129,565,129,2,1,1,1,1,1,1,1,1,0,1,1,1,1,2021,1,0,0,0,0,0,0,,0,0,0,0,0,0,0,1,0,0,0
BEN,565186,565,186,2,1,1,1,1,1,1,1,1,0,1,0,0,0,2021,0,0,0,0,0,0,0,,0,0,0,0,0,0,0,0,1,0,0
BEN,565194,565,194,2,1,1,1,1,1,1,0,0,0,0,0,0,0,2021,0,0,0,0,0,0,0,,0,2,0,0,15,0,0,1,1,0,0
BEN,565216,565,216,2,1,1,1,1,0,0,1,1,0,1,1,1,0,2021,1,1,1,0,0,1,0,,0,0,0,0,0,0,0,1,1,0,0
BEN,565257,565,257,2,4,1,1,1,1,1,0,0,0,1,0,1,1,2021,0,0,0,0,0,0,0,,0,0,0,0,0,1,0,1,0,0,0
BEN,565300,565,300,2,1,1,1,1,1,1,1,1,0,1,0,1,1,2021,1,0,0,0,0,1,0,,0,0,0,0,0,0,1,1,1,0,0
BEN,565347,565,347,2,1,1,1,1,1,1,1,1,0,1,0,0,0,2021,1,0,0,0,0,1,0,,0,0,0,0,0,0,0,1,0,0,0
BEN,566035,566,35,1,1,1,1,1,0,1,0,1,0,0,0,0,0,2021,0,0,0,0,0,0,0,,0,2,2,0,7,0,0,0,1,0,0
BEN,566060,566,60,1,1,1,1,1,1,1,0,0,0,0,0,0,0,2021,0,0,0,0,0,0,0,,0,0,0,0,0,1,1,0,0,0,0
BEN,566110,566,110,1,2,1,1,1,1,1,1,1,0,1,1,0,1,2021,0,0,0,0,0,0,0,,0,0,0,0,0,0,0,0,1,0,0
BEN,566186,566,186,1,3,1,1,0,1,1,0,0,0,1,1,0,0,2021,0,0,0,0,0,0,0,,0,0,0,0,0,0,0,0,0,0,0
BEN,566236,566,236,1,2,1,1,0,1,1,0,0,0,0,1,0,0,2021,0,0,0,0,0,0,0,,0,0,0,0,0,1,0,0,0,0,0
BEN,566261,566,261,1,1,1,1,1,1,1,1,1,0,0,1,0,0,2021,1,0,1,0,0,1,1,,0,0,0,0,0,1,0,0,1,0,0
BEN,566286,566,286,1,3,1,1,1,1,1,1,1,0,1,1,1,1,2021,1,1,1,0,0,1,0,,0,0,0,0,0,0,0,0,0,0,0
BEN,566311,566,311,1,2,1,1,1,1,1,1,1,0,1,1,1,1,2021,1,0,0,0,0,0,0,,0,0,0,0,0,0,0,0,0,0,0
BEN,566870,566,870,1,3,1,1,1,1,1,1,1,0,1,0,0,0,2021,0,0,0,0,0,0,0,,0,0,0,0,0,0,0,1,0,0,0
BEN,566871,566,871,1,3,1,1,1,1,1,0,0,0,1,1,0,1,2021,0,0,0,0,0,0,0,,0,0,0,0,0,1,0,0,1,0,0
BEN,566872,566,872,1,1,1,1,1,1,1,1,1,0,1,0,0,1,2021,0,0,0,0,1,0,0,,0,0,0,0,0,0,0,1,1,0,0
BEN,566923,566,923,1,2,1,1,0,0,0,0,1,0,1,1,0,0,2021,0,0,0,0,0,0,0,,0,0,0,0,0,1,0,0,0,0,0
BEN,567029,567,29,2,4,1,1,1,1,1,0,0,1,0,1,0,0,2021,0,0,0,0,0,0,0,,0,0,0,0,20,1,1,1,0,0,0
BEN,567051,567,51,2,3,1,1,1,1,1,1,1,0,1,1,1,0,2021,1,1,1,0,1,1,1,,0,0,0,0,0,0,0,1,1,0,0
BEN,567072,567,72,2,3,1,1,1,1,1,1,1,0,1,1,1,0,2021,1,1,0,0,0,1,0,,0,0,0,0,0,0,0,1,0,0,0
BEN,567118,567,118,2,4,1,1,1,1,1,1,1,0,1,1,1,0,2021,1,1,0,0,0,1,0,,0,0,0,0,0,1,0,1,0,0,0
BEN,567137,567,137,2,4,1,1,1,1,1,1,1,0,1,1,1,1,2021,0,0,0,0,0,0,0,,0,0,0,0,0,0,0,1,0,0,0
BEN,567159,567,159,2,1,1,1,1,1,1,0,0,0,1,0,0,0,2021,0,0,0,0,1,0,0,,0,0,0,0,0,0,0,1,1,0,0
BEN,567200,567,200,2,3,1,1,1,1,1,1,1,0,1,1,1,0,2021,0,0,0,0,0,0,0,,0,0,0,0,0,0,0,1,0,0,0
BEN,567225,567,225,2,3,1,1,1,1,1,1,1,0,1,1,1,1,2021,1,0,0,0,0,1,0,,0,0,0,0,0,0,0,1,0,0,0
BEN,567245,567,245,2,1,1,1,1,1,1,1,1,0,1,1,1,1,2021,0,0,0,0,0,0,0,,0,0,0,0,0,0,0,1,0,0,0
BEN,567288,567,288,2,4,1,1,1,1,1,1,1,0,1,1,1,1,2021,1,0,0,0,0,1,0,,0,0,0,0,50,0,0,1,1,0,0
BEN,567310,567,310,2,1,1,1,1,1,1,1,1,0,1,1,1,0,2021,1,0,1,0,0,1,1,,0,0,0,0,0,0,0,1,1,0,0
BEN,567331,567,331,2,1,1,1,1,0,0,1,1,0,1,1,1,0,2021,0,0,0,0,0,0,0,,0,0,0,0,0,0,0,1,1,0,0
BEN,568005,568,5,1,1,1,1,1,0,0,0,0,0,1,1,1,1,2021,1,0,0,0,0,0,0,,0,0,0,0,0,0,0,0,0,0,0
BEN,568025,568,25,1,2,1,1,1,1,1,0,1,0,0,1,1,0,2021,1,0,0,0,0,0,0,,0,0,0,0,0,0,0,0,0,0,0
BEN,568045,568,45,1,2,0,1,0,0,0,0,0,0,0,1,0,0,2021,1,0,0,0,0,1,0,,0,0,0,0,0,0,0,0,0,0,0
BEN,568066,568,66,1,3,1,1,1,1,1,0,1,0,1,1,1,1,2021,1,0,0,0,0,0,0,,0,0,0,0,0,0,0,1,1,0,0
BEN,568086,568,86,1,1,1,1,1,1,1,1,1,0,1,1,1,0,2021,1,0,0,0,0,0,0,,0,0,0,0,0,1,0,0,0,0,0
BEN,568126,568,126,1,1,1,1,1,1,0,1,1,0,1,1,1,1,2021,1,0,1,0,0,1,0,,0,0,0,0,0,0,0,0,0,0,0
BEN,568147,568,147,1,3,1,1,1,1,1,0,1,0,1,1,0,1,2021,1,0,0,0,0,0,0,,0,0,0,0,0,0,0,0,1,0,0
BEN,568167,568,167,1,1,1,1,1,1,1,1,1,0,1,1,1,1,2021,1,0,0,0,0,0,0,,0,0,0,0,0,1,0,0,0,0,0
BEN,568187,568,187,1,3,1,1,1,1,1,0,1,0,1,1,0,1,2021,1,0,0,0,0,0,0,,0,0,0,0,0,1,0,0,0,0,0
BEN,568207,568,207,1,2,1,1,1,0,1,1,1,0,1,1,0,1,2021,0,0,0,0,0,0,0,,0,0,0,0,0,1,0,0,1,0,0
BEN,568248,568,248,1,1,1,1,1,1,1,1,1,0,1,0,0,0,2021,1,0,0,0,0,1,0,,0,0,0,0,0,1,0,0,0,0,0
BEN,568268,568,268,1,2,1,1,1,1,1,1,1,0,0,1,0,1,2021,1,0,0,0,0,0,0,,0,0,0,0,0,1,0,0,0,0,0
BEN,569021,569,21,2,1,1,1,1,1,1,1,1,0,1,1,0,0,2021,1,1,0,0,0,1,0,,0,0,0,0,0,0,0,0,0,0,0
BEN,569069,569,69,2,3,1,1,1,1,1,0,1,0,1,0,0,0,2021,1,0,0,0,0,0,0,,0,0,0,0,0,0,0,0,0,0,0
BEN,569092,569,92,2,4,0,1,0,1,1,0,0,0,1,0,0,0,2021,0,0,0,0,0,0,0,,0,0,0,0,2,0,1,1,0,0,0
BEN,569116,569,116,2,3,1,1,1,1,1,0,1,0,1,0,0,0,2021,1,0,0,0,0,1,0,,0,0,0,0,0,0,0,0,0,0,0
BEN,569163,569,163,2,3,1,1,1,1,1,1,1,0,1,0,0,0,2021,1,0,0,0,0,0,0,,0,0,0,0,0,0,0,1,1,0,0
BEN,569186,569,186,2,4,1,1,1,1,1,0,0,0,1,0,0,0,2021,1,0,0,0,0,1,0,,0,0,0,0,0,0,0,0,0,0,0
BEN,569210,569,210,2,1,1,1,1,1,1,1,1,0,1,1,1,1,2021,1,1,0,0,0,0,0,,0,0,0,0,0,0,1,0,0,0,0
BEN,569250,569,250,2,4,1,1,1,1,1,1,1,0,1,1,1,0,2021,1,0,0,0,0,0,0,,0,0,0,0,0,0,0,1,0,0,0
BEN,569281,569,281,2,3,1,1,1,1,1,1,1,0,1,0,0,0,2021,1,0,0,0,0,0,0,,0,0,0,0,0,0,0,1,0,0,0
BEN,569307,569,307,2,3,1,1,1,1,1,1,1,0,1,1,1,1,2021,1,0,0,0,0,1,0,,0,0,0,0,0,0,0,1,0,0,0
BEN,569351,569,351,2,4,0,1,0,1,1,0,0,0,1,0,0,0,2021,0,0,0,0,0,0,0,,0,0,0,0,0,1,0,1,0,0,0
BEN,569375,569,375,2,1,1,1,1,1,1,0,0,1,1,1,1,0,2021,1,0,0,0,0,0,0,,0,0,0,0,0,0,0,1,0,0,0
BEN,570002,570,2,1,1,1,1,1,1,1,1,1,0,1,1,0,1,2021,0,0,0,0,1,0,0,,0,0,0,0,0,0,0,0,1,0,0
BEN,570014,570,14,1,3,1,1,1,1,1,1,1,0,1,1,0,1,2021,1,0,0,0,0,0,0,,0,0,0,0,0,0,0,0,0,0,0
BEN,570026,570,26,1,3,1,1,1,1,1,1,1,0,1,1,1,1,2021,1,1,0,0,1,1,1,,0,0,0,0,0,0,0,0,0,0,0
BEN,570051,570,51,1,1,1,1,1,1,1,0,1,0,1,0,0,0,2021,1,0,0,0,0,1,0,,0,0,0,0,0,0,0,0,0,0,0
BEN,570063,570,63,1,3,1,1,0,1,1,0,1,0,1,0,0,0,2021,1,0,0,0,0,1,0,,0,0,0,0,0,0,0,0,0,0,0
BEN,570075,570,75,1,1,1,1,1,1,1,1,1,0,1,1,0,1,2021,1,0,1,0,1,1,0,,0,0,0,0,0,1,0,0,0,0,0
BEN,570087,570,87,1,2,0,1,0,1,1,0,0,0,0,0,0,0,2021,0,0,0,0,0,0,0,,0,0,0,0,0,0,0,0,0,0,0
BEN,570100,570,100,1,3,1,1,1,1,1,1,1,0,1,1,1,1,2021,1,1,0,0,0,1,0,,0,0,0,0,0,1,0,0,0,0,0
BEN,570136,570,136,1,4,0,1,0,1,1,0,0,0,1,1,0,1,2021,0,0,0,0,0,0,0,,0,0,0,0,0,0,0,1,1,0,0
BEN,570873,570,873,1,3,1,1,0,1,1,0,0,0,1,0,0,0,2021,1,0,0,0,0,1,0,,0,0,0,0,0,0,0,0,0,0,0
BEN,570874,570,874,1,2,1,1,1,1,1,1,1,0,1,1,0,1,2021,0,0,0,0,1,1,0,,0,0,0,0,0,0,0,0,1,0,0
BEN,570875,570,875,1,4,1,1,1,1,1,1,1,0,1,1,0,1,2021,0,0,0,0,0,0,0,,0,0,0,0,0,0,0,0,1,0,0
BEN,571021,571,21,2,4,1,1,1,1,1,1,1,0,1,0,0,0,2021,1,0,0,0,0,0,0,,0,0,0,0,0,0,0,1,0,0,0
BEN,571048,571,48,2,3,1,1,1,1,1,1,1,0,1,0,0,0,2021,0,0,0,0,0,0,0,,0,0,0,0,0,0,0,1,0,0,0
BEN,571101,571,101,2,1,1,1,1,1,1,1,1,0,1,1,0,1,2021,1,0,0,0,0,0,0,,0,0,0,0,0,1,0,0,0,0,0
BEN,571127,571,127,2,3,1,1,1,1,1,1,1,0,1,0,0,0,2021,0,0,0,0,0,0,0,,0,0,0,0,0,0,0,1,0,0,0
BEN,571154,571,154,2,1,1,1,1,1,1,1,1,0,1,0,0,0,2021,1,1,1,0,0,0,1,,0,0,0,0,0,0,0,1,0,0,0
BEN,571206,571,206,2,1,1,1,1,1,1,1,1,0,1,0,0,0,2021,1,0,0,0,0,0,0,,0,0,0,0,0,0,0,0,0,0,0
BEN,571233,571,233,2,3,1,1,1,1,0,1,1,0,1,0,0,0,2021,1,0,0,0,0,1,0,,0,0,0,0,0,0,0,0,0,0,0
BEN,571250,571,250,2,3,1,1,1,1,1,1,1,0,1,1,0,0,2021,1,1,1,0,0,0,0,,0,0,0,0,0,1,0,1,0,0,0
BEN,571312,571,312,2,3,1,1,1,1,1,1,1,0,1,1,1,0,2021,1,0,0,0,0,0,0,,0,0,0,0,0,0,0,1,0,0,0
BEN,571333,571,333,2,1,1,1,1,1,1,1,1,0,1,1,0,1,2021,1,0,0,0,0,1,0,,0,0,0,0,0,0,0,0,0,0,0
BEN,571360,571,360,2,3,1,1,1,1,1,0,0,0,1,0,0,0,2021,0,0,0,0,0,0,0,,0,0,0,0,0,0,0,0,0,0,0
BEN,571418,571,418,2,3,1,1,1,1,1,0,0,0,1,0,0,0,2021,0,0,0,0,0,0,0,,0,0,0,0,0,0,0,1,0,0,0
BEN,572002,572,2,1,4,0,1,1,1,1,1,1,0,1,0,0,0,2021,1,0,0,0,0,1,0,,0,0,0,0,0,1,0,1,1,0,0
BEN,572009,572,9,1,3,1,1,1,1,1,1,1,0,1,0,0,0,2021,0,0,0,0,0,0,0,,0,0,0,0,0,1,0,1,0,0,0
BEN,572012,572,12,1,4,1,1,1,1,1,1,1,0,1,0,0,0,2021,0,0,0,0,0,0,0,,0,0,0,0,20,1,0,1,0,0,0
BEN,572017,572,17,1,3,1,1,1,1,1,1,1,0,1,0,0,0,2021,1,0,0,0,0,1,0,,0,0,0,0,0,1,1,1,0,0,0
BEN,572025,572,25,1,4,0,1,1,1,1,0,0,0,1,0,0,0,2021,0,0,0,0,0,0,0,,0,0,0,0,0,0,1,0,0,0,0
BEN,572048,572,48,1,4,1,1,1,1,1,1,1,0,1,0,0,0,2021,1,0,0,0,0,0,0,,0,0,0,0,0,0,1,1,0,0,0
BEN,572051,572,51,1,3,1,1,1,1,1,1,1,0,1,1,1,1,2021,0,1,1,0,0,0,0,,0,0,0,0,0,1,0,1,0,0,0
BEN,572071,572,71,1,4,0,1,1,1,1,0,0,0,1,0,0,1,2021,0,0,0,0,0,0,0,,0,0,0,0,0,0,0,1,1,0,0
BEN,572079,572,79,1,3,1,1,1,1,1,1,1,0,1,1,0,1,2021,0,1,0,0,0,1,1,,0,0,0,0,0,0,0,0,0,0,0
BEN,572087,572,87,1,1,1,1,1,1,1,1,1,0,1,1,1,1,2021,0,0,0,0,0,0,0,,0,0,0,0,0,0,0,0,0,0,0
BEN,572090,572,90,1,3,1,1,1,1,1,1,1,0,1,0,0,1,2021,0,0,0,0,0,0,0,,0,0,0,0,0,0,0,0,0,0,0
BEN,572096,572,96,1,1,1,1,1,1,1,1,1,0,1,1,1,1,2021,0,0,1,0,0,0,1,,0,0,0,0,0,0,0,0,1,0,0
BEN,573020,573,20,2,4,1,1,1,0,0,1,1,0,0,0,0,0,2021,0,0,0,0,0,0,0,,0,6,0,0,0,0,0,0,0,0,0
BEN,573023,573,23,2,4,1,1,1,0,0,0,1,0,0,0,0,0,2021,0,0,0,0,0,0,0,,0,0,0,0,14,0,1,1,0,0,0
BEN,573042,573,42,2,4,1,1,1,1,0,0,1,0,0,0,0,0,2021,1,0,0,0,0,1,0,,0,0,0,0,0,0,0,0,1,0,0
BEN,573086,573,86,2,4,1,1,1,1,1,0,1,0,0,0,0,0,2021,0,0,0,0,0,0,0,,0,3,0,0,6,1,0,0,0,0,0
BEN,573130,573,130,2,4,1,1,1,0,0,1,1,0,0,0,0,0,2021,0,0,0,0,0,0,0,,0,0,2,0,0,1,1,1,0,0,0
BEN,573175,573,175,2,4,1,1,1,0,0,0,0,0,0,0,0,0,2021,0,0,0,0,0,0,0,,0,0,0,0,0,0,0,0,0,0,0
BEN,573197,573,197,2,4,1,1,1,0,0,0,0,0,0,0,0,0,2021,0,0,0,0,0,0,0,,0,0,0,0,0,0,1,1,0,0,0
BEN,573219,573,219,2,4,1,1,1,0,0,1,1,0,0,0,0,0,2021,1,0,0,0,1,1,0,,0,0,4,0,3,1,1,1,0,0,0
BEN,573263,573,263,2,4,1,1,1,0,0,1,1,0,0,0,0,0,2021,0,0,0,0,0,0,0,,0,5,0,0,7,0,0,1,0,0,0
BEN,573285,573,285,2,4,1,1,1,0,0,1,0,1,0,0,0,0,2021,1,0,0,0,0,1,0,,0,0,0,0,0,0,1,1,0,0,0
BEN,573307,573,307,2,4,1,1,1,0,0,1,1,0,0,0,0,0,2021,0,0,0,0,0,0,0,,0,0,0,0,0,1,1,1,0,0,0
BEN,573352,573,352,2,4,1,1,1,0,0,0,0,0,0,0,0,0,2021,0,0,0,0,0,0,0,,0,0,0,0,8,0,0,1,0,0,0
BEN,574018,574,18,2,3,1,1,1,1,1,0,0,0,1,0,0,0,2021,0,0,0,0,0,0,0,,0,0,0,0,0,1,0,0,0,0,0
BEN,574033,574,33,2,4,1,1,1,1,1,0,0,0,1,0,0,0,2021,0,0,0,0,0,0,0,,0,0,0,0,0,1,0,0,0,0,0
BEN,574048,574,48,2,2,1,1,1,1,1,0,0,0,1,0,0,0,2021,0,0,0,0,0,0,0,,0,0,0,0,0,0,0,0,0,0,0
BEN,574079,574,79,2,2,1,1,1,1,1,0,0,0,1,0,0,0,2021,0,0,0,0,0,0,0,,0,0,0,0,0,0,0,0,0,0,0
BEN,574094,574,94,2,1,1,1,1,1,1,1,1,0,1,0,0,0,2021,0,0,0,0,0,0,0,,0,0,0,0,0,1,0,1,1,0,0
BEN,574109,574,109,2,3,1,1,1,1,1,1,1,0,0,0,0,0,2021,0,0,0,0,0,0,0,,0,0,0,0,0,0,0,1,0,0,0
BEN,574140,574,140,2,4,1,1,1,1,1,0,1,0,0,0,0,0,2021,0,0,0,0,0,0,0,,0,0,0,0,0,1,0,1,0,0,0
BEN,574155,574,155,2,1,1,1,1,1,1,1,1,0,1,0,0,0,2021,0,0,0,0,0,0,0,,0,2,0,0,18,0,0,0,0,0,0
BEN,574170,574,170,2,3,1,1,1,1,1,1,1,0,1,0,0,0,2021,1,0,0,0,0,0,0,,43,0,0,0,0,1,0,1,1,0,0
BEN,574201,574,201,2,4,1,1,1,1,1,0,1,0,0,0,0,0,2021,0,0,0,0,0,0,0,,0,0,0,0,0,0,0,1,0,0,0
BEN,574216,574,216,2,4,1,1,1,1,1,0,0,0,1,0,0,0,2021,0,0,0,0,0,0,0,,0,0,0,0,0,0,0,1,0,0,0
BEN,574231,574,231,2,4,1,1,1,1,1,0,1,0,1,0,0,0,2021,1,0,0,0,0,1,0,,0,0,0,0,0,0,0,1,1,0,0
BEN,575012,575,12,1,1,1,1,1,1,1,1,1,0,1,0,0,0,2021,1,0,0,0,0,0,0,,0,0,0,2,15,0,0,0,1,0,0
BEN,575024,575,24,1,1,1,1,1,1,1,1,1,0,1,0,0,0,2021,0,0,0,0,0,1,0,,2,0,0,0,0,1,0,0,0,0,0
BEN,575037,575,37,1,1,1,1,1,1,1,1,1,0,1,1,0,0,2021,1,0,1,0,0,1,0,,0,0,0,0,0,0,0,1,1,0,0
BEN,575049,575,49,1,1,1,1,1,1,1,1,1,0,1,0,0,0,2021,0,0,0,0,0,0,0,,0,0,0,0,0,0,0,0,0,0,0
BEN,575062,575,62,1,4,1,1,1,1,0,1,1,0,1,0,0,1,2021,0,0,0,0,0,0,0,,0,0,0,0,0,0,0,0,0,0,0
BEN,575112,575,112,1,4,1,1,1,1,1,1,1,0,1,1,0,1,2021,1,0,0,0,0,1,0,,0,0,0,0,0,0,0,0,1,0,0
BEN,575124,575,124,1,3,1,1,1,1,1,1,1,0,0,1,0,1,2021,0,0,0,0,0,0,0,,0,0,0,0,0,0,0,0,1,0,0
BEN,575137,575,137,1,1,1,1,1,1,1,1,1,0,0,0,0,0,2021,0,0,0,0,0,0,0,,0,0,0,0,0,0,0,0,1,0,0
BEN,575149,575,149,1,1,0,1,0,1,1,1,1,0,0,0,0,1,2021,0,0,0,0,0,0,0,,0,0,0,0,0,1,0,0,1,0,0
BEN,575876,575,876,1,1,1,1,1,1,0,1,1,0,1,1,0,1,2021,1,0,0,0,0,1,1,,0,0,0,0,0,0,0,0,0,0,0
BEN,575877,575,877,1,3,1,1,1,1,0,1,1,0,1,0,0,1,2021,0,0,0,0,0,0,0,,0,0,0,0,0,0,0,0,0,0,0
BEN,575878,575,878,1,3,1,1,1,1,0,0,1,0,1,1,1,1,2021,0,0,0,0,0,0,0,,0,0,0,0,0,0,0,0,0,0,0
BEN,576013,576,13,2,1,1,1,1,1,1,1,1,0,1,0,0,0,2021,1,0,0,0,0,0,0,,0,0,0,0,0,1,0,0,0,0,0
BEN,576031,576,31,2,4,1,1,1,1,1,0,0,1,1,0,0,0,2021,1,0,0,0,0,0,0,,0,0,0,0,0,0,0,1,0,0,0
BEN,576068,576,68,2,1,1,1,1,1,1,1,1,0,1,0,0,0,2021,1,0,0,0,0,0,0,,0,0,0,0,0,0,0,1,0,0,0
BEN,576086,576,86,2,2,1,1,1,1,1,1,1,0,1,0,0,0,2021,1,0,0,0,0,0,0,,0,0,0,0,0,1,0,0,0,0,0
BEN,576096,576,96,2,1,1,1,1,1,0,1,1,0,1,1,0,1,2021,1,0,0,0,0,1,0,,0,0,0,0,0,1,0,0,1,0,0
BEN,576105,576,105,2,2,1,1,1,0,0,1,1,0,0,0,1,0,2021,0,0,0,0,0,0,0,,0,0,0,0,0,0,1,1,0,0,0
BEN,576141,576,141,2,4,1,1,1,1,0,0,1,0,0,0,0,0,2021,0,0,0,0,0,0,0,,0,0,0,0,0,0,1,1,0,0,0
BEN,576159,576,159,2,4,1,0,1,1,1,0,0,0,0,0,0,0,2021,0,0,0,0,0,0,0,,0,0,0,0,0,0,1,1,0,0,0
BEN,576178,576,178,2,2,1,1,1,1,1,0,1,0,0,0,1,0,2021,0,0,0,0,0,0,0,0.04664599895477295,0,0,0,0,0,0,1,1,0,0,0
BEN,576214,576,214,2,1,1,1,1,1,1,1,1,0,1,1,0,0,2021,1,0,1,0,0,1,0,,0,0,0,0,0,0,0,1,1,0,0
BEN,576233,576,233,2,4,0,1,1,1,0,0,1,0,1,0,0,0,2021,1,0,0,0,0,1,0,,0,0,0,0,0,1,0,0,0,0,0
BEN,576251,576,251,2,4,1,1,1,1,0,0,0,0,1,0,0,0,2021,0,0,0,0,0,0,0,,0,0,0,0,0,0,1,0,0,0,0
BEN,577055,577,55,1,4,1,1,1,1,1,1,1,0,1,0,0,0,2021,1,0,0,0,0,0,0,,0,0,0,0,0,0,0,1,0,0,0
BEN,577090,577,90,1,1,1,1,1,1,1,1,1,0,1,0,1,0,2021,1,0,0,0,0,0,1,,0,0,0,0,0,1,0,1,0,0,0
BEN,577196,577,196,1,1,1,1,1,1,1,0,0,0,1,0,0,0,2021,0,0,0,0,0,0,0,,0,0,0,0,0,0,0,1,0,0,0
BEN,577231,577,231,1,4,1,1,1,1,1,1,1,0,1,1,1,0,2021,1,0,1,0,0,0,0,,0,6,0,0,0,0,0,1,0,0,0
BEN,577301,577,301,1,4,0,1,1,1,1,0,1,0,1,0,0,0,2021,1,0,0,0,0,0,0,,0,0,0,0,0,1,0,1,0,0,0
BEN,577371,577,371,1,4,1,1,1,1,1,0,1,0,1,0,0,0,2021,1,1,0,0,0,0,0,,0,0,0,0,0,0,0,1,0,0,0
BEN,577441,577,441,1,3,1,1,1,1,1,1,1,0,1,0,1,1,2021,0,0,0,0,0,0,0,,0,0,0,0,0,0,0,1,0,0,0
BEN,577476,577,476,1,1,1,1,1,1,1,1,1,0,0,1,1,0,2021,1,1,0,1,0,0,0,,0,0,0,0,0,0,0,1,0,0,0
BEN,577511,577,511,1,1,1,1,1,1,1,1,1,0,0,0,0,1,2021,0,0,0,0,0,0,0,,0,0,0,0,0,1,0,0,0,0,0
BEN,577546,577,546,1,4,1,1,1,1,1,1,1,0,1,0,0,1,2021,1,0,0,0,0,0,0,,0,0,0,0,0,1,0,1,0,0,0
BEN,577879,577,879,1,3,1,1,1,1,1,0,1,0,1,0,0,0,2021,1,0,0,0,0,0,0,,0,0,0,0,0,0,0,1,0,0,0
BEN,577880,577,880,1,3,1,1,1,1,1,1,1,0,1,0,0,1,2021,0,0,0,0,0,0,0,,0,0,0,0,0,1,0,1,1,0,0
BEN,578022,578,22,2,3,1,1,1,1,1,1,1,0,1,0,0,0,2021,1,0,0,0,0,0,0,,0,0,0,0,0,0,0,1,0,0,0
BEN,578045,578,45,2,4,1,1,1,1,1,1,1,0,1,0,0,0,2021,1,0,0,0,0,0,0,,0,0,0,0,0,1,0,0,0,0,0
BEN,578065,578,65,2,1,1,1,1,1,1,1,1,0,1,0,0,0,2021,0,0,0,0,0,0,0,,0,0,0,0,0,1,0,0,0,0,0
BEN,578092,578,92,2,1,1,1,1,1,1,1,1,0,1,0,0,0,2021,0,0,0,0,0,0,0,,0,0,0,0,0,1,0,0,0,0,0
BEN,578126,578,126,2,3,1,1,1,1,1,0,1,0,1,1,1,0,2021,1,0,0,0,0,1,0,,0,0,0,0,0,0,1,0,0,0,0
BEN,578163,578,163,2,2,1,1,1,1,1,1,1,0,1,0,0,0,2021,1,0,0,0,0,1,0,,0,0,0,0,0,0,1,1,0,0,0
BEN,578187,578,187,2,4,1,1,1,1,1,0,1,0,1,0,1,0,2021,0,0,0,0,0,0,0,,0,0,0,0,0,0,1,1,0,0,0
BEN,578255,578,255,2,4,1,1,1,0,0,0,1,0,0,0,0,0,2021,1,0,0,0,0,0,0,,0,0,0,0,0,1,0,0,0,0,0
BEN,578258,578,258,2,2,1,1,1,1,1,0,1,0,1,0,1,0,2021,1,0,0,0,0,0,0,,0,0,0,0,0,0,1,1,0,0,0
BEN,578281,578,281,2,1,1,1,1,1,0,1,1,0,0,0,0,0,2021,1,0,0,0,0,1,0,,0,0,0,0,0,1,1,0,1,0,0
BEN,578352,578,352,2,1,1,1,1,1,0,0,1,0,0,1,0,0,2021,1,0,0,0,0,1,0,,0,0,0,0,0,0,1,0,1,0,0
BEN,578881,578,881,2,1,1,1,1,1,0,0,1,0,0,1,0,0,2021,1,1,0,0,0,1,0,,0,0,0,0,0,1,0,0,1,0,0
BEN,579013,579,13,1,1,1,1,1,1,1,1,1,0,1,1,1,0,2021,1,0,1,0,1,0,0,,0,0,0,0,0,0,0,1,1,0,0
BEN,579037,579,37,1,4,0,1,1,1,1,1,1,0,1,0,0,0,2021,0,0,0,0,0,0,0,,0,0,0,0,0,0,0,1,0,0,0
BEN,579061,579,61,1,4,1,1,1,1,1,1,1,0,1,0,0,0,2021,1,0,0,0,0,0,0,,0,0,0,0,0,0,0,1,0,0,0
BEN,579084,579,84,1,4,1,1,1,1,1,1,1,0,1,0,0,0,2021,1,0,0,0,0,1,0,,0,0,0,0,0,1,0,1,0,0,0
BEN,579108,579,108,1,4,0,1,1,1,1,1,1,0,1,0,0,0,2021,1,0,0,0,0,0,1,,0,0,0,0,0,0,0,1,0,0,0
BEN,579202,579,202,1,4,1,1,1,0,0,0,0,0,0,0,0,1,2021,0,0,0,0,0,0,0,,0,0,0,0,0,0,0,1,0,0,0
BEN,579226,579,226,1,4,1,1,1,1,1,1,1,0,1,0,0,1,2021,0,0,0,0,0,0,0,,0,0,0,0,0,0,0,1,0,0,0
BEN,579250,579,250,1,3,1,1,1,1,1,1,1,0,1,0,0,1,2021,0,0,0,0,0,0,0,,0,0,0,0,0,0,0,1,1,0,0
BEN,579297,579,297,1,3,1,1,1,1,1,1,1,0,1,0,0,0,2021,1,0,0,0,0,0,0,,0,0,0,0,0,0,0,1,0,0,0
BEN,579320,579,320,1,4,1,1,1,1,1,0,1,0,1,0,0,0,2021,0,0,0,0,0,0,0,,0,0,0,0,0,0,0,1,0,0,0
BEN,579882,579,882,1,3,1,1,1,1,1,1,1,0,1,1,1,1,2021,1,1,0,0,0,0,1,,0,0,0,0,0,0,0,1,1,0,0
BEN,579924,579,924,1,4,1,1,1,1,1,0,0,0,1,0,1,1,2021,0,0,0,0,0,0,0,,0,0,0,0,0,0,0,1,1,0,0
BEN,580041,580,41,2,3,1,1,1,1,1,0,1,0,0,0,1,0,2021,1,0,0,0,0,0,0,,0,0,0,0,0,0,1,1,0,0,0
BEN,580060,580,60,2,2,1,1,1,1,1,1,1,0,0,0,0,0,2021,0,0,0,0,0,0,0,,0,0,0,0,0,1,0,0,0,0,0
BEN,580080,580,80,2,1,1,1,1,0,0,1,1,0,0,0,0,0,2021,0,0,0,0,0,0,0,,0,0,0,0,0,0,0,1,0,0,0
BEN,580100,580,100,2,3,1,1,1,1,1,0,0,1,0,0,0,0,2021,0,0,0,0,0,0,0,,0,0,0,0,0,1,0,0,0,0,0
BEN,580120,580,120,2,1,1,1,1,1,0,0,1,0,0,0,0,0,2021,1,0,0,0,0,0,0,,0,0,0,0,0,0,1,1,0,0,0
BEN,580140,580,140,2,4,1,1,1,1,1,0,1,0,0,0,0,0,2021,1,0,0,0,0,0,0,,0,0,0,0,0,0,1,1,0,0,0
BEN,580180,580,180,2,1,1,1,1,1,1,0,0,1,0,0,0,0,2021,1,0,0,0,1,0,0,,0,0,0,0,0,1,0,0,0,0,0
BEN,580221,580,221,2,1,1,1,1,1,0,0,1,0,0,0,1,0,2021,1,0,0,0,0,1,0,,0,0,0,0,0,1,1,1,0,0,0
BEN,580241,580,241,2,1,1,1,1,1,0,0,1,0,0,1,0,0,2021,1,0,0,0,0,1,1,,0,0,0,0,0,1,0,0,1,0,0
BEN,580261,580,261,2,1,1,1,1,1,0,1,1,0,0,1,1,1,2021,1,0,0,1,0,1,1,,0,0,0,0,0,1,0,1,1,0,0
BEN,580303,580,303,2,3,1,1,1,1,0,0,0,0,1,1,0,0,2021,0,0,0,0,0,0,0,,0,0,0,0,0,0,0,0,1,0,0
BEN,580321,580,321,2,3,1,1,1,1,0,0,1,0,0,1,0,0,2021,0,0,0,0,0,1,0,,0,0,0,0,0,0,0,0,1,0,0
BEN,581011,581,11,1,3,1,1,1,1,1,1,1,0,1,0,0,1,2021,0,0,0,0,0,0,0,,0,0,0,0,0,0,0,1,0,0,0
BEN,581032,581,32,1,3,1,1,1,1,1,1,1,0,1,1,1,1,2021,0,1,0,0,0,0,0,,0,0,0,0,0,0,0,1,0,0,0
BEN,581118,581,118,1,4,1,1,1,0,0,1,1,0,1,0,0,1,2021,0,0,0,0,0,0,0,,0,0,0,0,0,0,0,0,1,0,0
BEN,581204,581,204,1,1,1,1,1,1,1,1,1,0,1,1,1,1,2021,0,0,0,0,0,0,0,,0,0,0,0,0,0,0,1,0,0,0
BEN,581268,581,268,1,1,1,1,1,1,1,1,1,0,1,1,1,0,2021,1,0,1,0,0,0,1,,0,0,0,0,0,0,0,1,0,0,0
BEN,581301,581,301,1,4,1,1,1,1,1,1,1,0,1,0,0,0,2021,1,0,0,0,0,0,0,,0,0,0,0,0,0,0,1,1,0,0
BEN,581311,581,311,1,4,1,1,1,1,1,1,1,0,0,0,0,0,2021,0,0,0,0,0,0,0,,0,0,0,0,0,0,0,1,0,0,0
BEN,581332,581,332,1,4,1,1,1,1,1,1,1,0,1,0,0,0,2021,1,0,0,0,0,1,0,,0,0,0,0,0,0,0,1,0,0,0
BEN,581883,581,883,1,3,1,1,1,1,1,1,1,0,1,0,1,1,2021,0,0,0,0,0,0,0,,0,0,0,0,0,0,0,1,0,0,0
BEN,581884,581,884,1,4,1,1,1,1,1,0,1,0,1,0,0,0,2021,0,0,0,0,0,0,0,,0,0,0,0,0,0,0,1,0,0,0
BEN,581885,581,885,1,4,0,1,1,0,0,1,1,0,1,0,0,1,2021,0,0,0,0,0,0,0,,0,0,0,0,0,1,0,1,0,0,0
BEN,581925,581,925,1,4,1,1,1,0,0,1,1,0,1,0,0,1,2021,0,0,0,0,0,0,0,,0,0,0,0,0,0,0,1,0,0,0
BEN,582029,582,29,2,3,1,1,1,1,1,1,1,0,1,0,0,0,2021,1,0,0,0,0,1,0,,0,0,2,0,0,0,0,1,0,0,0
BEN,582049,582,49,2,2,1,1,1,1,1,1,1,0,1,0,0,0,2021,0,0,0,0,0,0,0,,0,0,0,0,0,0,0,1,0,0,0
BEN,582068,582,68,2,3,1,1,1,1,1,1,1,0,1,0,0,0,2021,1,1,0,0,1,0,0,,0,0,0,0,0,0,0,1,0,0,0
BEN,582087,582,87,2,2,1,1,1,1,1,1,1,0,1,0,0,0,2021,0,0,0,0,0,0,0,,0,0,0,0,0,0,0,1,0,0,0
BEN,582103,582,103,2,3,1,1,1,1,1,1,1,0,0,1,0,0,2021,1,0,0,0,0,1,0,,0,0,0,0,0,0,1,1,0,0,0
BEN,582126,582,126,2,4,1,1,1,1,0,0,0,0,0,0,0,0,2021,0,0,0,0,0,0,0,,0,0,0,0,0,0,1,0,0,0,0
BEN,582145,582,145,2,4,1,1,1,0,0,1,1,0,0,0,0,0,2021,0,0,0,0,0,0,0,1.1851918697357178,0,0,0,0,0,1,1,0,0,0,0
BEN,582164,582,164,2,4,1,1,1,1,0,0,0,0,0,0,0,0,2021,1,0,0,0,0,0,0,,0,0,0,0,0,1,1,1,0,0,0
BEN,582183,582,183,2,4,1,1,1,0,0,1,1,0,1,0,0,0,2021,0,0,0,0,0,0,0,1.6204160451889038,0,0,4,0,0,0,0,0,1,0,0
BEN,582203,582,203,2,2,1,1,1,1,0,0,0,0,0,0,0,0,2021,0,0,0,0,0,0,0,,0,0,0,0,0,0,1,1,0,0,0
BEN,582241,582,241,2,4,1,1,1,1,1,0,0,1,0,0,0,0,2021,0,0,0,0,0,0,0,,0,0,2,0,0,1,0,0,0,0,0
BEN,582313,582,313,2,4,1,1,1,0,0,1,1,0,1,0,0,0,2021,0,0,0,0,0,0,0,,0,0,0,0,0,1,0,0,0,0,0
BEN,583009,583,9,1,3,1,1,1,1,0,0,0,0,1,0,0,1,2021,0,0,0,0,1,0,0,,0,0,0,0,0,0,0,0,0,0,0
BEN,583050,583,50,1,3,1,1,1,1,1,0,1,0,1,0,0,0,2021,1,0,0,0,0,0,0,,0,0,0,0,0,0,0,0,0,0,0
BEN,583217,583,217,1,1,1,1,1,1,1,0,1,0,1,0,1,0,2021,0,0,0,0,0,0,0,,0,0,0,0,0,0,0,0,0,0,0
BEN,583279,583,279,1,1,1,1,1,1,1,0,1,0,1,1,0,1,2021,0,0,0,0,0,1,0,,0,0,0,0,0,1,1,0,1,0,0
BEN,583886,583,886,1,1,1,1,1,1,1,1,1,0,1,1,0,1,2021,0,0,0,0,0,0,0,,0,0,0,0,0,0,1,0,1,0,0
BEN,583887,583,887,1,2,1,1,1,1,1,1,1,0,1,1,0,1,2021,0,0,0,0,0,0,0,,0,0,0,0,0,0,0,1,1,0,0
BEN,583888,583,888,1,4,0,0,0,1,1,0,0,0,1,0,0,0,2021,0,0,0,0,0,0,0,,0,0,0,0,0,0,0,0,0,0,0
BEN,583889,583,889,1,1,1,1,1,1,1,0,1,0,1,0,0,0,2021,0,0,0,0,0,0,0,,0,0,0,0,0,0,0,0,0,0,0
BEN,583890,583,890,1,3,1,1,0,1,1,1,1,0,1,0,0,0,2021,0,0,0,0,0,0,0,,0,0,0,0,0,0,0,0,0,0,0
BEN,583891,583,891,1,4,1,1,0,1,1,1,1,0,1,0,0,0,2021,0,0,0,0,0,0,0,,0,0,0,0,0,0,0,0,0,0,0
BEN,583892,583,892,1,3,1,1,0,1,1,0,0,0,1,0,0,0,2021,0,0,0,0,0,0,0,,0,0,0,0,0,0,0,0,0,0,0
BEN,583893,583,893,1,1,1,1,1,1,1,1,1,0,1,1,0,1,2021,0,0,0,0,0,0,0,,0,0,0,0,0,0,1,0,1,0,0
BEN,584011,584,11,2,4,1,1,1,1,0,1,0,1,0,0,0,0,2021,0,0,0,0,0,0,0,,0,0,0,0,0,0,0,1,0,0,0
BEN,584034,584,34,2,4,1,1,1,1,0,0,1,0,0,0,0,0,2021,0,0,0,0,0,0,0,,0,0,0,0,2,1,1,1,0,0,0
BEN,584045,584,45,2,1,1,1,1,0,0,0,0,0,0,0,0,0,2021,0,0,0,0,0,0,0,,0,5,0,0,10,0,0,1,0,0,0
BEN,584056,584,56,2,2,1,1,1,0,0,0,0,0,0,0,0,0,2021,0,0,0,0,0,0,0,,0,0,0,0,0,1,0,0,0,0,0
BEN,584079,584,79,2,4,1,1,1,0,0,0,0,0,0,0,0,0,2021,0,0,0,0,0,0,0,,0,0,0,0,0,0,1,1,0,0,0
BEN,584091,584,91,2,4,0,1,1,0,0,1,1,0,0,0,0,0,2021,0,0,0,0,0,0,0,,0,0,0,0,0,0,1,1,0,0,0
BEN,584102,584,102,2,2,1,1,1,0,0,1,0,1,0,0,0,0,2021,0,0,0,0,0,0,0,,0,0,0,0,0,1,0,0,0,0,0
BEN,584125,584,125,2,4,1,1,1,1,0,0,0,1,0,0,0,0,2021,0,0,0,0,0,0,0,,0,0,0,0,0,0,1,1,0,0,0
BEN,584136,584,136,2,3,1,1,1,0,0,0,0,0,1,0,0,0,2021,0,0,0,0,0,0,0,,0,0,0,0,0,1,0,0,0,0,0
BEN,584147,584,147,2,1,0,1,0,0,0,0,0,0,0,0,0,0,2021,0,0,0,0,0,0,0,,0,0,0,0,0,1,0,0,0,0,0
BEN,584170,584,170,2,1,1,1,1,1,1,1,1,0,0,0,0,0,2021,1,0,0,0,0,0,0,,0,0,0,0,0,1,0,0,0,0,0
BEN,584182,584,182,2,4,0,1,1,0,0,1,1,0,1,0,0,0,2021,1,0,0,0,0,0,0,0.08389999717473984,0,0,0,0,0,1,0,0,1,0,0
BEN,585063,585,63,1,2,0,1,0,1,0,0,0,0,0,0,0,0,2021,0,0,0,0,0,0,0,0.8859999775886536,0,0,0,0,13,0,0,1,0,0,0
BEN,585081,585,81,1,2,0,1,1,1,0,0,0,0,0,0,0,0,2021,0,0,0,0,0,0,0,0.7666000127792358,0,15,0,0,0,1,1,1,0,0,0
BEN,585093,585,93,1,2,1,1,1,1,1,0,0,0,0,0,0,0,2021,0,0,0,0,0,0,0,,0,0,0,0,0,1,0,0,0,0,0
BEN,585110,585,110,1,1,1,1,1,1,1,0,0,0,0,0,0,0,2021,0,0,0,0,0,0,0,0.7547000050544739,0,0,0,0,0,0,0,0,0,0,0
BEN,585127,585,127,1,2,1,1,1,1,1,0,0,0,0,0,0,0,2021,0,0,0,0,0,0,0,2.5,0,12,0,0,50,0,1,1,0,0,0
BEN,585137,585,137,1,4,0,1,1,1,1,0,0,0,0,0,0,0,2021,0,0,0,0,0,0,0,0.5887000039219856,0,0,0,0,0,1,0,0,0,0,0
BEN,585141,585,141,1,2,0,1,0,1,1,0,0,0,0,0,0,0,2021,0,0,0,0,0,0,0,2.674999952316284,0,0,0,0,0,0,0,0,0,0,0
BEN,585161,585,161,1,2,0,1,1,1,1,0,0,1,0,0,0,0,2021,0,0,0,0,0,0,0,0.5415000021457672,0,4,0,0,10,1,1,0,0,0,0
BEN,585178,585,178,1,4,0,1,1,1,1,0,0,0,0,0,0,0,2021,0,0,0,0,0,0,0,0.9219000041484833,0,2,0,0,30,0,1,0,0,0,0
BEN,585195,585,195,1,4,1,1,1,1,1,0,0,0,0,0,0,0,2021,0,0,0,0,0,0,0,0.8672000169754028,0,4,2,0,20,1,1,0,0,0,0
BEN,585235,585,235,1,3,1,1,1,1,0,0,0,1,0,0,0,0,2021,1,0,0,0,0,0,0,,0,0,0,0,0,1,0,1,0,0,0
BEN,585251,585,251,1,2,1,1,1,1,1,0,0,1,0,0,0,0,2021,0,0,0,0,0,0,0,0.43289998173713684,0,0,0,0,8,0,1,0,0,0,0
BEN,586015,586,15,2,1,1,1,1,1,1,1,1,0,0,1,0,0,2021,0,0,0,0,0,0,0,,0,0,0,0,0,1,0,1,0,0,0
BEN,586025,586,25,2,1,1,1,1,1,1,1,1,0,0,0,0,0,2021,1,0,1,1,0,1,0,,0,0,0,0,0,0,0,1,0,0,0
BEN,586035,586,35,2,4,1,1,1,1,1,0,1,0,0,0,0,0,2021,1,0,0,0,0,0,0,,0,1,10,0,100,1,0,1,0,0,0
BEN,586056,586,56,2,1,0,1,1,1,1,0,0,0,0,0,0,0,2021,0,0,0,0,0,0,0,,0,0,0,0,0,1,0,1,0,0,0
BEN,586067,586,67,2,3,1,1,1,1,0,0,1,0,0,0,0,0,2021,1,0,0,0,0,1,0,,0,0,0,0,0,0,0,1,0,0,0
BEN,586077,586,77,2,3,1,1,1,1,0,0,0,0,0,1,0,0,2021,0,0,0,0,0,0,0,,0,0,0,0,0,1,0,1,0,0,0
BEN,586098,586,98,2,4,1,1,1,1,1,0,1,0,1,1,0,0,2021,1,0,0,0,0,1,1,,0,0,0,0,0,0,0,1,1,0,0
BEN,586108,586,108,2,4,0,1,0,1,0,0,0,0,0,0,0,0,2021,0,0,0,0,0,0,0,,0,0,0,0,0,1,0,1,0,0,0
BEN,586119,586,119,2,4,1,1,0,1,1,0,1,0,0,0,0,0,2021,0,0,0,0,0,0,0,,0,0,0,0,0,0,0,1,0,0,0
BEN,586140,586,140,2,1,1,1,1,1,1,0,0,1,0,0,1,0,2021,1,0,0,0,0,0,0,,0,0,0,0,0,0,0,1,0,0,0
BEN,586150,586,150,2,1,1,1,1,1,1,0,0,0,0,0,1,0,2021,0,0,0,0,0,0,0,,0,0,0,0,0,0,0,1,0,0,0
BEN,586161,586,161,2,1,1,1,1,1,1,1,1,0,0,0,1,0,2021,1,0,0,0,0,1,0,,0,0,0,0,0,0,0,1,0,0,0
BEN,587025,587,25,1,3,1,1,1,1,1,1,1,0,0,0,0,0,2021,1,0,0,0,0,1,0,,0,0,0,0,0,0,0,1,0,0,0
BEN,587054,587,54,1,4,0,1,0,1,1,0,0,1,0,0,0,0,2021,0,0,0,0,0,0,0,,0,0,0,0,0,1,0,1,0,0,0
BEN,587082,587,82,1,4,1,1,1,1,1,0,1,0,0,1,0,1,2021,0,0,0,1,0,0,0,,0,0,0,0,0,0,0,1,0,0,0
BEN,587110,587,110,1,1,0,1,0,1,1,0,0,0,0,0,0,0,2021,0,0,0,0,0,0,0,0.8299999833106995,0,0,0,0,30,0,1,1,0,0,0
BEN,587166,587,166,1,3,1,1,1,0,0,0,0,1,0,0,0,0,2021,0,0,0,0,0,0,0,,0,0,0,0,0,1,0,0,0,0,0
BEN,587195,587,195,1,3,1,1,1,0,0,1,1,0,0,0,0,0,2021,0,0,0,0,0,0,0,,0,0,0,0,0,0,0,0,0,0,0
BEN,587223,587,223,1,1,1,1,1,0,0,0,0,1,0,0,0,0,2021,0,0,0,0,0,0,0,,0,0,0,0,0,0,0,0,0,0,0
BEN,587251,587,251,1,1,0,1,1,1,1,0,0,1,0,0,0,0,2021,0,0,0,0,0,0,0,,0,5,0,0,0,0,0,0,0,0,0
BEN,587279,587,279,1,4,1,1,0,1,1,0,0,1,0,0,0,0,2021,0,0,0,0,0,0,0,,0,0,0,0,0,1,0,1,0,0,0
BEN,587307,587,307,1,1,1,1,0,1,1,0,0,0,0,1,0,0,2021,0,0,0,0,0,0,1,,0,9,0,0,0,0,0,1,1,0,0
BEN,587335,587,335,1,1,0,1,0,1,1,0,0,1,0,0,0,0,2021,0,0,0,0,0,0,0,2.273140072822571,0,0,0,0,0,0,1,1,0,0,0
BEN,587448,587,448,1,4,0,1,0,1,1,0,1,0,0,1,0,0,2021,1,0,0,0,0,1,0,,0,0,0,0,0,0,0,1,0,0,0
BEN,588007,588,7,1,4,0,0,0,0,0,0,0,0,0,0,0,0,2021,0,0,0,0,0,0,0,0.34769999980926514,0,11,0,0,2,0,1,0,0,0,0
BEN,588014,588,14,1,2,0,0,0,0,0,0,0,0,0,0,0,0,2021,0,0,0,0,0,0,0,3.847899913787842,0,7,4,0,0,0,1,1,0,0,0
BEN,588022,588,22,1,2,0,0,0,0,0,0,0,0,0,0,0,0,2021,0,0,0,0,0,0,0,7.182499885559082,0,6,9,0,21,0,0,1,0,0,0
BEN,588029,588,29,1,2,0,0,0,0,0,0,0,0,0,0,0,0,2021,0,0,0,0,0,0,0,0.28760001063346863,0,6,0,0,0,0,1,1,0,0,0
BEN,588037,588,37,1,4,0,0,0,0,0,0,0,0,0,0,0,0,2021,0,0,0,0,0,0,0,1.344300001859665,0,3,5,0,20,1,1,0,0,0,0
BEN,588045,588,45,1,4,0,0,0,0,0,0,0,0,0,0,0,0,2021,0,0,0,0,0,0,0,0.595300018787384,0,4,0,0,18,0,1,0,0,0,0
BEN,588052,588,52,1,4,0,0,0,0,0,0,0,0,0,0,0,0,2021,0,0,0,0,0,0,0,0.8137000203132629,0,5,8,0,30,0,1,0,0,0,0
BEN,588060,588,60,1,4,0,0,0,0,0,0,0,0,0,0,0,0,2021,0,0,0,0,0,0,0,0.9359000325202942,0,5,5,0,20,0,1,0,0,0,0
BEN,588067,588,67,1,4,0,0,0,0,0,0,0,0,0,0,0,0,2021,0,0,0,0,0,0,0,0.37610000371932983,0,0,0,0,0,0,0,0,0,0,0
BEN,588075,588,75,1,2,0,0,0,0,0,0,0,0,0,0,0,0,2021,0,0,0,0,0,0,0,0.6477999985218048,0,0,0,0,0,0,0,0,0,0,0
BEN,588082,588,82,1,2,0,0,0,0,0,0,0,0,0,0,0,0,2021,0,0,0,0,0,0,0,1.9240000247955322,0,0,0,0,0,0,0,0,0,0,0
BEN,588090,588,90,1,2,0,0,0,0,0,0,0,0,0,0,0,0,2021,0,0,0,0,0,0,0,0.22179999947547913,0,0,0,0,0,0,0,0,0,0,0
BEN,589001,589,1,2,1,0,1,0,1,0,0,0,1,0,0,0,0,2021,0,0,0,0,0,0,0,3.329800009727478,0,23,0,0,28,0,1,0,0,1,0
BEN,589021,589,21,2,2,0,1,0,1,1,1,1,0,0,0,0,0,2021,0,0,0,0,0,0,0,0.4400000125169754,0,3,0,0,18,1,0,1,0,0,0
BEN,589030,589,30,2,3,1,1,1,1,1,1,1,0,0,0,0,0,2021,1,0,1,0,0,0,0,,0,0,0,0,15,0,0,1,0,0,0
BEN,589040,589,40,2,2,0,0,0,1,0,0,0,0,0,0,0,0,2021,0,0,0,0,0,0,0,2.4841999411582947,0,6,0,0,0,0,1,1,0,0,0
BEN,589059,589,59,2,2,1,0,0,1,0,0,0,1,0,0,0,0,2021,0,0,0,0,0,0,0,1.5712000131607056,0,2,0,0,14,1,0,0,0,0,0
BEN,589069,589,69,2,1,1,1,1,1,0,0,1,0,0,0,0,0,2021,0,0,0,0,0,0,0,1.5543999671936035,0,12,0,0,0,0,1,1,0,0,0
BEN,589079,589,79,2,1,1,1,1,1,1,1,1,0,0,0,0,0,2021,0,0,0,0,0,0,0,1.5198000073432922,0,5,0,0,4,0,0,1,0,0,0
BEN,589098,589,98,2,1,0,1,1,0,0,0,0,0,0,0,0,0,2021,0,0,0,0,0,0,0,2.2444000244140625,0,0,0,0,0,0,0,0,0,0,0
BEN,589117,589,117,2,1,1,1,1,1,1,1,1,0,0,0,0,0,2021,0,0,0,0,0,0,0,,0,0,0,0,0,0,0,0,0,0,0
BEN,589137,589,137,2,4,0,0,1,1,1,0,0,0,0,0,0,0,2021,0,0,0,0,0,0,0,2.3524999618530273,0,0,0,0,0,1,0,0,0,1,0
BEN,589141,589,141,2,2,1,1,1,1,1,1,1,0,0,0,0,0,2021,1,0,0,0,0,0,0,4.800000190734863,0,0,0,0,30,1,0,1,1,0,0
BEN,589146,589,146,2,4,1,1,1,1,1,1,1,0,0,0,0,0,2021,1,0,0,0,0,0,0,1.7400000095367432,0,0,0,0,10,1,0,1,1,0,0
BEN,590010,590,10,1,4,0,1,0,1,0,0,0,0,0,0,0,0,2021,0,0,0,0,0,0,0,0.8431000113487244,0,9,0,0,0,0,0,0,0,0,0
BEN,590020,590,20,1,4,0,0,0,1,0,0,0,0,0,0,0,0,2021,0,0,0,0,0,0,0,0.826031006872654,0,2,0,0,8,0,0,0,0,1,0
BEN,590030,590,30,1,4,0,0,0,0,0,0,0,0,0,0,0,0,2021,0,0,0,0,0,0,0,1.020400047302246,0,4,0,0,4,0,0,0,0,1,0
BEN,590039,590,39,1,4,0,0,0,0,0,0,0,0,0,0,0,0,2021,0,0,0,0,0,0,0,0.39340001344680786,0,2,0,0,8,0,0,0,0,1,0
BEN,590049,590,49,1,2,0,0,0,1,0,0,0,0,0,0,0,0,2021,0,0,0,0,0,0,0,0.8776000142097473,0,0,0,0,0,0,0,0,0,0,0
BEN,590059,590,59,1,2,0,0,0,1,0,0,0,0,0,0,0,0,2021,0,0,0,0,0,0,0,0.6029000282287598,0,0,0,0,0,1,0,0,0,0,0
BEN,590069,590,69,1,4,0,0,0,0,0,0,0,0,0,0,0,0,2021,0,0,0,0,0,0,0,2.4571999609470367,0,6,0,0,22,0,0,0,0,1,0
BEN,590079,590,79,1,2,0,1,0,1,0,0,0,0,0,0,0,0,2021,0,0,0,0,0,0,0,1.9319999814033508,0,11,0,0,0,0,1,0,0,0,0
BEN,590089,590,89,1,2,0,0,0,1,0,0,0,0,0,0,0,0,2021,0,0,0,0,0,0,0,0.7519999891519547,0,0,0,0,0,0,1,0,0,0,0
BEN,590099,590,99,1,2,0,0,0,1,0,0,0,1,0,0,0,0,2021,0,0,0,0,0,0,0,1.110700011253357,0,3,0,0,9,1,1,0,0,0,0
BEN,590109,590,109,1,4,0,0,0,1,0,0,0,0,0,0,0,0,2021,0,0,0,0,0,0,0,0.2689000070095062,0,0,0,0,0,0,0,0,0,0,0
BEN,590118,590,118,1,4,0,0,0,1,0,0,0,0,0,0,0,0,2021,0,0,0,0,0,0,0,2.018700063228607,0,0,0,0,0,1,0,0,0,0,0
BEN,591010,591,10,2,2,1,1,1,0,0,0,0,1,0,0,1,0,2021,0,0,0,0,0,0,0,1.5,0,13,0,0,22,0,1,1,0,0,0
BEN,591026,591,26,2,2,1,1,1,0,0,0,0,1,0,0,0,0,2021,1,0,0,0,0,1,0,3.5,0,5,0,0,36,0,0,0,1,0,0
BEN,591030,591,30,2,2,1,1,0,0,0,0,0,1,0,0,0,0,2021,0,0,0,0,0,0,0,3.5999999046325684,0,12,7,0,41,0,1,1,0,0,0
BEN,591040,591,40,2,2,1,1,1,0,0,0,0,1,0,0,1,0,2021,0,0,0,0,0,0,0,,0,0,0,0,0,0,0,1,1,0,0
BEN,591050,591,50,2,4,0,1,0,1,1,0,0,0,0,0,0,0,2021,0,0,0,0,0,0,0,1.5999999791383743,0,8,0,0,6,1,1,1,0,0,0
BEN,591070,591,70,2,4,0,1,0,1,1,0,0,0,0,0,0,0,2021,0,0,0,0,0,0,0,1.600000023841858,0,2,0,0,6,1,0,1,0,1,0
BEN,591080,591,80,2,1,0,1,1,1,1,0,0,1,0,0,0,0,2021,0,0,0,0,0,0,0,0.20000000298023224,0,1,0,0,4,1,1,0,0,0,0
BEN,591090,591,90,2,3,0,1,0,0,0,0,0,0,0,0,0,0,2021,0,0,0,0,0,0,0,1.0,0,0,0,0,0,0,0,0,0,0,0
BEN,591110,591,110,2,4,0,1,1,0,0,0,0,0,0,0,0,0,2021,0,0,0,0,0,0,0,0.45879998803138733,0,0,0,0,0,1,0,0,0,0,0
BEN,591120,591,120,2,1,0,1,0,0,0,0,0,1,0,0,0,0,2021,0,0,0,0,0,0,0,0.3230000138282776,0,3,11,0,0,0,0,0,0,0,0
BEN,591130,591,130,2,4,0,1,0,0,0,0,0,0,0,0,0,0,2021,0,0,0,0,0,0,0,0.49000000953674316,0,12,0,0,8,1,0,0,1,0,0
BEN,591160,591,160,2,1,0,1,1,0,0,0,0,1,0,1,0,0,2021,0,0,0,0,0,0,0,,0,0,0,0,0,0,0,0,0,0,0
BEN,592002,592,2,1,1,1,1,1,1,1,0,0,1,0,0,0,0,2021,1,0,0,0,0,1,1,,0,7,0,0,9,1,0,0,0,0,0
BEN,592017,592,17,1,4,1,1,1,1,1,0,0,0,0,0,0,0,2021,0,0,0,0,0,0,0,,0,0,0,0,62,0,0,0,0,0,0
BEN,592032,592,32,1,3,1,1,1,1,1,0,0,0,0,0,0,0,2021,0,0,0,0,0,0,0,0.05220000073313713,0,0,0,0,0,0,0,0,0,0,0
BEN,592047,592,47,1,1,1,1,1,1,1,0,0,1,0,0,1,0,2021,1,0,0,0,0,1,0,0.6909000277519226,0,11,0,0,15,0,1,0,0,0,0
BEN,592062,592,62,1,4,1,1,1,1,1,0,0,0,0,0,0,0,2021,0,0,0,0,0,0,0,0.6828000172972679,0,0,0,0,0,0,1,0,1,0,0
BEN,592077,592,77,1,4,1,1,1,1,1,0,0,0,0,0,0,0,2021,0,0,0,0,0,0,0,0.5292999744415283,0,10,0,0,45,1,0,1,0,0,0
BEN,592092,592,92,1,2,0,1,0,1,1,0,0,0,0,0,0,0,2021,0,0,0,0,0,0,0,,0,0,0,0,0,0,0,0,0,0,0
BEN,592107,592,107,1,4,0,1,0,1,1,0,0,0,0,0,0,0,2021,0,0,0,0,0,0,0,,0,0,0,0,0,0,0,0,0,0,0
BEN,592122,592,122,1,4,1,1,1,1,1,0,0,0,0,0,0,0,2021,0,0,0,0,0,0,0,0.34709998965263367,0,0,0,0,0,0,0,0,0,0,0
BEN,592137,592,137,1,2,1,1,1,1,1,0,0,0,0,0,1,0,2021,0,0,0,0,0,0,0,0.5498999953269958,0,0,8,300,9,1,1,0,0,0,0
BEN,592153,592,153,1,4,1,1,1,1,1,0,0,1,0,0,0,0,2021,0,0,0,0,0,0,0,0.5449000000953674,0,8,0,0,15,0,0,0,0,0,0
BEN,592168,592,168,1,2,1,1,1,1,1,0,0,0,0,0,0,0,2021,0,0,0,0,0,0,0,1.0,0,15,0,0,0,1,1,1,0,0,0
BEN,593002,593,2,2,1,1,1,1,1,1,0,0,1,0,0,0,0,2021,0,0,0,0,0,0,0,3.071999967098236,0,0,0,0,0,0,0,1,0,0,0
BEN,593034,593,34,2,1,1,1,1,1,1,0,0,1,0,0,0,0,2021,1,0,0,0,0,0,0,,0,0,0,0,0,0,0,1,0,0,0
BEN,593050,593,50,2,4,1,1,1,0,0,0,0,0,0,0,0,0,2021,0,0,0,0,0,0,0,,0,0,0,0,0,0,0,1,0,0,0
BEN,593066,593,66,2,4,1,1,1,0,0,0,0,0,0,0,0,0,2021,0,0,0,0,0,0,0,,0,0,0,0,0,0,0,1,0,0,0
BEN,593099,593,99,2,4,0,1,1,1,1,0,0,1,0,0,0,0,2021,1,0,0,0,0,1,0,0.2684200033545494,0,0,0,0,0,0,0,1,0,0,0
BEN,593115,593,115,2,4,0,1,0,1,1,0,0,0,0,0,0,0,2021,0,0,0,0,0,0,0,,0,0,0,0,0,1,0,0,0,0,0
BEN,593131,593,131,2,4,1,1,0,1,1,0,0,0,0,0,0,0,2021,0,0,0,0,0,0,0,,0,0,0,0,6,0,0,0,1,0,0
BEN,593163,593,163,2,2,0,1,1,1,1,0,0,0,0,0,0,0,2021,0,0,0,0,0,0,0,,0,0,0,0,0,0,0,0,0,0,0
BEN,593179,593,179,2,4,0,1,1,0,0,0,0,0,0,0,0,0,2021,0,0,0,0,0,0,0,,0,0,0,0,0,0,0,1,0,0,0
BEN,593195,593,195,2,4,0,1,1,1,1,0,0,0,0,0,0,0,2021,0,0,0,0,0,0,0,,0,0,0,0,0,0,0,1,0,0,0
BEN,593227,593,227,2,4,0,1,1,1,1,0,0,0,0,0,0,0,2021,0,0,0,0,0,0,0,,0,0,0,0,0,1,0,1,0,0,0
BEN,593243,593,243,2,4,1,1,1,1,1,0,0,1,0,0,0,0,2021,0,0,0,0,0,0,0,1.9800000190734863,0,2,3,0,0,1,0,1,0,0,0
BEN,594002,594,2,1,4,1,1,1,1,1,0,1,0,0,0,0,0,2021,0,0,0,0,0,0,0,,0,0,0,0,0,0,0,1,0,0,0
BEN,594029,594,29,1,4,0,1,1,1,0,1,1,0,0,0,0,0,2021,0,0,0,0,0,0,0,,0,3,1,0,10,0,0,1,0,0,0
BEN,594056,594,56,1,4,1,1,1,1,1,0,0,0,0,0,0,0,2021,0,0,0,0,0,0,0,0.07999999821186066,0,0,0,0,0,1,1,0,0,0,0
BEN,594083,594,83,1,4,1,1,1,1,1,0,0,0,0,0,0,0,2021,0,0,0,0,0,0,0,,0,0,0,0,0,0,0,1,0,0,0
BEN,594110,594,110,1,1,1,1,1,1,0,0,0,0,0,0,0,0,2021,0,0,0,0,0,0,0,0.009600000455975533,0,2,0,0,20,0,1,1,0,0,0
BEN,594137,594,137,1,4,0,0,0,1,0,0,0,0,0,0,0,0,2021,0,0,0,0,0,0,0,,0,0,0,0,5,0,0,1,0,0,0
BEN,594164,594,164,1,1,1,1,1,1,1,0,1,0,0,0,0,0,2021,0,0,0,0,0,0,0,,0,6,0,0,12,1,0,1,0,0,0
BEN,594191,594,191,1,4,1,1,1,1,1,1,1,0,0,0,0,0,2021,1,0,0,0,0,0,0,,0,1,0,0,6,0,0,1,0,0,0
BEN,594218,594,218,1,4,0,1,1,1,0,0,0,0,0,0,0,0,2021,0,0,0,0,0,0,0,,0,2,1,0,0,0,0,1,1,0,0
BEN,594245,594,245,1,4,1,1,1,1,1,0,0,0,0,0,0,0,2021,0,0,0,0,0,0,0,0.3400000035762787,0,3,0,0,0,0,1,0,0,0,0
BEN,594299,594,299,1,4,1,1,1,1,1,0,0,0,0,0,0,0,2021,0,0,0,0,0,0,0,,0,0,0,0,0,0,1,0,0,0,0
BEN,594380,594,380,1,4,1,1,1,1,1,0,0,1,0,0,0,0,2021,0,0,0,0,0,1,0,0.3400000035762787,0,0,0,0,12,0,1,0,0,0,0
BEN,595009,595,9,2,4,0,1,1,1,1,0,0,0,0,0,0,0,2021,0,0,0,0,0,0,0,,0,0,5,0,198,0,0,1,0,0,0
BEN,595031,595,31,2,4,1,1,1,1,1,0,0,1,0,0,0,0,2021,1,0,0,1,0,0,0,,0,0,0,0,0,1,0,0,0,0,0
BEN,595053,595,53,2,4,0,1,1,1,1,0,0,0,0,0,0,0,2021,0,0,0,0,0,0,0,,0,0,0,0,0,0,0,1,0,0,0
BEN,595096,595,96,2,1,1,1,1,1,1,0,0,1,0,0,0,0,2021,0,0,0,0,0,0,0,,0,0,0,0,0,0,0,1,0,0,0
BEN,595118,595,118,2,2,1,1,1,1,1,0,0,0,0,0,0,0,2021,0,0,0,0,0,0,0,,0,0,0,0,0,0,1,0,0,0,0
BEN,595140,595,140,2,2,0,1,1,1,1,0,0,0,0,0,0,0,2021,0,0,0,0,0,0,0,0.9850999861955643,0,0,0,0,50,0,1,0,0,0,0
BEN,595184,595,184,2,1,1,1,1,1,1,1,1,0,1,1,0,1,2021,1,1,1,1,1,1,0,,0,0,0,0,0,0,0,1,1,0,0
BEN,595206,595,206,2,2,1,1,1,1,1,0,1,0,0,0,0,0,2021,1,0,0,0,0,1,0,0.30000001192092896,0,0,0,0,0,0,0,0,0,0,0
BEN,595228,595,228,2,4,1,1,1,1,1,0,0,0,0,0,0,0,2021,0,0,0,0,0,0,0,,0,0,0,0,0,0,0,1,0,0,0
BEN,595272,595,272,2,4,1,1,1,1,1,0,0,0,0,0,0,0,2021,0,0,0,0,0,0,0,,0,0,0,0,0,0,0,1,0,0,0
BEN,595294,595,294,2,4,1,1,1,1,1,1,1,0,0,0,0,0,2021,0,0,0,0,0,0,0,,0,0,0,0,0,0,0,1,0,0,0
BEN,595316,595,316,2,3,1,1,1,1,1,0,1,0,0,0,1,0,2021,0,0,0,0,0,0,0,,0,0,0,0,0,1,0,1,0,0,0
BEN,596001,596,1,2,4,0,1,1,1,1,0,0,0,0,0,1,0,2021,0,0,0,0,0,0,0,0.24549999833106995,0,0,0,0,0,0,0,1,0,0,0
BEN,596033,596,33,2,4,1,1,1,1,1,1,1,0,0,0,0,0,2021,1,0,0,0,0,0,0,,0,0,0,0,0,0,0,1,0,0,0
BEN,596049,596,49,2,4,1,1,1,1,1,0,0,0,0,0,0,0,2021,0,0,0,0,0,0,0,,0,0,0,0,0,1,0,1,0,0,0
BEN,596065,596,65,2,2,0,1,1,1,1,0,0,0,0,0,0,0,2021,0,0,0,0,0,0,0,0.1965000033378601,6,0,0,0,0,0,0,1,0,0,0
BEN,596096,596,96,2,2,1,1,1,1,1,0,1,0,0,0,0,0,2021,0,1,0,0,0,0,0,0.4221000075340271,0,0,0,0,0,1,0,1,0,0,0
BEN,596112,596,112,2,2,0,1,1,1,1,0,1,0,0,0,0,0,2021,0,0,0,0,0,0,0,0.7868000268936157,0,0,0,0,0,0,0,1,0,0,0
BEN,596128,596,128,2,4,0,1,1,1,1,0,0,1,0,0,0,0,2021,0,0,0,0,0,0,0,0.12780000269412994,0,0,0,0,0,0,1,1,0,0,0
BEN,596159,596,159,2,2,1,1,1,1,1,0,0,0,0,0,0,0,2021,0,0,0,0,0,0,0,0.4901000112295151,0,0,0,0,50,1,0,1,0,0,0
BEN,596175,596,175,2,1,0,1,1,1,1,0,0,0,0,0,0,0,2021,0,0,0,0,0,0,0,0.79830002784729,0,0,0,0,0,1,0,1,0,0,0
BEN,596191,596,191,2,1,0,1,0,1,1,0,0,1,0,0,0,0,2021,0,0,0,0,0,0,0,0.09080000221729279,0,0,0,0,0,0,0,1,0,0,0
BEN,596223,596,223,2,4,1,1,1,1,1,0,1,0,0,0,0,0,2021,0,0,0,0,0,0,0,0.3092000037431717,0,0,0,0,0,0,0,1,0,0,0
BEN,596239,596,239,2,4,0,1,1,1,1,0,0,0,0,0,0,0,2021,0,0,0,0,0,0,0,0.20589999854564667,0,0,0,0,0,0,0,1,0,0,0
BEN,597004,597,4,1,4,0,1,1,1,1,0,0,1,0,0,0,0,2021,0,0,0,0,0,0,0,,0,3,0,0,6,1,0,1,0,0,0
BEN,597017,597,17,1,4,1,1,1,0,0,0,0,1,0,0,0,0,2021,0,0,0,0,0,0,0,0.3400000035762787,0,0,0,0,15,0,1,0,0,0,0
BEN,597029,597,29,1,4,0,1,0,1,1,0,0,1,0,0,0,0,2021,0,0,0,0,0,0,0,,0,4,8,0,8,0,0,1,0,0,0
BEN,597041,597,41,1,4,0,1,0,1,0,0,0,0,0,0,0,0,2021,0,0,0,0,0,0,0,0.01600000075995922,0,0,0,0,0,0,1,1,0,0,0
BEN,597053,597,53,1,4,0,1,1,1,1,0,0,1,0,0,0,0,2021,0,0,0,0,0,0,0,0.8059999942779541,0,2,1,0,5,0,1,1,0,0,0
BEN,597065,597,65,1,4,0,1,1,1,0,0,0,0,0,0,0,0,2021,0,0,0,0,0,0,0,,0,2,0,0,0,0,0,1,0,0,0
BEN,597077,597,77,1,4,0,1,1,1,1,0,0,0,0,0,0,0,2021,0,0,0,0,0,0,0,,0,1,7,0,3,0,0,1,0,0,0
BEN,597089,597,89,1,4,0,1,1,1,1,0,0,0,0,0,0,0,2021,0,0,0,0,0,0,0,,0,0,0,0,0,0,0,1,0,0,0
BEN,597101,597,101,1,4,0,1,1,1,1,0,0,0,0,0,0,0,2021,0,0,0,0,0,0,0,0.07999999821186066,0,0,0,0,2,1,1,1,0,0,0
BEN,597114,597,114,1,4,0,1,1,0,0,0,0,0,0,0,0,0,2021,0,0,0,0,0,0,0,,0,2,0,0,8,1,0,0,0,0,0
BEN,597126,597,126,1,4,1,1,1,1,1,0,0,1,0,0,0,0,2021,0,0,0,0,0,0,0,0.5199999809265137,0,0,0,0,7,0,1,0,0,0,0
BEN,597138,597,138,1,4,0,1,1,1,1,0,0,0,0,0,0,0,2021,0,0,0,0,0,0,0,0.10999999940395355,0,4,0,0,18,1,1,0,1,0,0
BEN,598002,598,2,2,4,1,1,0,1,0,0,0,0,0,1,0,0,2021,1,0,0,0,0,0,0,,0,0,0,0,0,1,0,1,0,0,0
BEN,598041,598,41,2,4,0,1,1,1,1,1,1,0,0,0,0,0,2021,1,0,0,0,0,0,0,,0,0,0,0,0,1,0,1,1,0,0
BEN,598060,598,60,2,4,1,1,1,1,0,0,1,0,0,1,0,0,2021,0,0,0,0,0,0,0,,0,0,0,0,0,0,0,0,1,0,0
BEN,598079,598,79,2,4,0,1,1,1,1,0,0,0,0,0,0,0,2021,0,0,0,0,0,0,0,,0,0,0,0,0,1,0,1,0,0,0
BEN,598117,598,117,2,2,1,1,1,1,1,1,1,0,0,1,0,0,2021,1,0,0,0,0,0,1,,0,0,0,0,0,1,1,1,0,0,0
BEN,598136,598,136,2,2,1,1,1,1,0,0,1,0,0,0,0,0,2021,1,0,0,0,0,0,0,,0,0,0,0,25,0,0,1,1,0,0
BEN,598155,598,155,2,1,0,1,0,1,1,0,0,0,0,0,0,0,2021,0,0,0,0,0,0,0,,0,0,0,0,0,0,0,0,0,0,0
BEN,598193,598,193,2,4,0,1,1,1,1,0,0,0,0,0,0,0,2021,0,0,0,0,0,0,0,,0,10,0,0,30,0,0,1,1,0,0
BEN,598212,598,212,2,4,0,1,1,1,1,0,0,0,0,0,0,0,2021,0,0,0,0,0,0,0,,0,0,0,0,0,1,0,1,0,0,0
BEN,598231,598,231,2,4,0,1,0,1,1,0,1,0,0,0,0,0,2021,0,0,0,0,0,0,0,,0,0,0,0,0,1,0,1,0,0,0
BEN,598269,598,269,2,2,0,1,1,1,1,0,0,0,0,0,0,0,2021,0,0,0,0,0,0,0,,0,0,0,0,0,1,0,1,0,0,0
BEN,598288,598,288,2,1,1,1,1,1,1,1,1,0,0,0,0,0,2021,0,0,0,0,0,0,0,,0,0,0,0,0,0,0,1,0,0,0
BEN,599008,599,8,1,4,1,1,1,1,1,1,1,0,0,0,0,0,2021,1,0,0,0,0,0,0,,0,0,0,0,5,0,1,1,0,0,0
BEN,599024,599,24,1,4,0,1,1,1,0,0,0,1,0,0,0,0,2021,0,0,0,0,0,0,0,,0,0,0,0,0,0,0,1,1,0,0
BEN,599040,599,40,1,1,1,1,1,1,1,1,1,0,0,0,0,0,2021,1,0,0,0,0,1,1,,0,5,0,0,15,0,1,0,0,0,0
BEN,599072,599,72,1,1,1,1,1,1,1,1,1,0,0,0,0,0,2021,1,0,0,0,0,1,0,,0,3,15,0,15,0,1,1,0,0,0
BEN,599088,599,88,1,4,1,1,1,1,1,0,0,0,0,0,0,0,2021,0,0,0,0,0,0,0,,0,0,0,0,0,1,0,1,0,0,0
BEN,599104,599,104,1,4,1,1,1,1,1,0,1,0,0,0,0,0,2021,0,0,0,0,0,0,0,,0,0,0,0,0,0,0,1,0,0,0
BEN,599136,599,136,1,4,1,1,1,1,1,0,0,0,0,0,0,0,2021,0,0,0,0,0,0,0,,0,0,0,0,0,1,0,0,0,0,0
BEN,599152,599,152,1,4,1,1,1,1,1,1,1,0,0,0,0,0,2021,1,0,0,0,1,1,0,,0,0,0,0,0,0,0,1,1,0,0
BEN,599168,599,168,1,4,0,1,1,1,1,0,0,1,0,0,1,0,2021,0,0,0,0,0,0,1,,3,0,0,0,7,0,0,1,1,0,0
BEN,599894,599,894,1,3,1,1,1,1,1,0,1,0,0,0,0,0,2021,1,1,0,0,0,0,0,,0,0,0,0,0,1,0,1,0,0,0
BEN,599895,599,895,1,3,0,1,1,1,0,0,0,0,0,0,0,0,2021,0,0,0,0,0,0,0,,0,0,0,0,0,0,0,1,0,0,0
BEN,599896,599,896,1,3,1,1,1,1,0,1,1,0,0,0,0,0,2021,0,0,0,0,0,0,0,,0,0,0,0,0,0,0,1,0,0,0
BEN,600017,600,17,1,4,0,1,1,1,1,0,0,0,0,0,0,0,2021,0,0,0,0,0,0,0,0.1599999964237213,2,0,0,0,0,1,1,1,0,0,0
BEN,600027,600,27,1,4,0,1,1,1,0,0,0,0,0,0,0,0,2021,0,0,0,0,0,0,0,,0,2,2,0,2,0,0,1,0,0,0
BEN,600037,600,37,1,4,1,1,1,1,1,0,0,0,0,0,0,0,2021,0,0,0,0,0,0,0,,0,0,0,0,0,0,1,0,0,0,0
BEN,600057,600,57,1,4,1,1,1,1,0,0,0,0,0,0,0,0,2021,0,0,0,0,0,0,0,,0,2,0,0,0,0,0,1,1,0,0
BEN,600067,600,67,1,4,0,1,1,1,1,0,1,0,0,0,0,0,2021,0,0,0,0,0,0,0,,0,0,0,0,0,1,0,1,1,0,0
BEN,600077,600,77,1,4,1,1,1,1,0,0,0,0,0,0,0,0,2021,0,0,0,0,0,0,0,,0,2,0,0,0,0,1,1,0,0,0
BEN,600087,600,87,1,4,1,1,0,1,1,0,0,0,0,0,0,0,2021,0,0,0,0,0,0,0,0.10791599750518799,0,7,0,0,3,0,1,1,0,0,0
BEN,600097,600,97,1,4,0,1,1,1,1,1,1,0,0,0,0,0,2021,1,0,1,0,0,1,0,0.23000000417232513,0,0,0,0,0,0,1,1,0,0,0
BEN,600107,600,107,1,4,0,1,1,1,1,0,0,0,0,0,0,0,2021,0,0,0,0,0,0,0,,0,0,0,0,0,1,0,1,0,0,0
BEN,600117,600,117,1,4,0,1,1,1,1,0,0,0,0,0,0,0,2021,0,0,0,0,0,0,0,,0,1,0,0,23,0,1,1,0,0,0
BEN,600127,600,127,1,4,1,1,1,1,0,0,0,0,0,0,0,0,2021,0,0,0,0,0,0,0,0.009999999776482582,0,0,0,0,3,0,1,1,0,0,0
BEN,600157,600,157,1,4,1,1,1,1,1,0,0,0,0,0,0,0,2021,1,0,0,0,0,1,0,,0,0,0,0,0,0,1,0,0,0,0
BEN,601009,601,9,2,4,0,1,1,1,0,0,0,1,0,0,0,0,2021,1,0,0,0,0,1,0,0.47999998927116394,0,10,4,0,0,0,0,0,0,0,0
BEN,601016,601,16,2,4,1,1,1,1,0,0,0,0,0,0,0,0,2021,0,0,0,0,0,0,0,,0,0,0,0,0,1,0,0,0,0,0
BEN,601023,601,23,2,2,0,1,1,1,1,0,0,0,0,0,0,0,2021,0,0,0,0,0,0,0,,0,4,0,0,20,0,0,1,0,0,0
BEN,601037,601,37,2,4,0,1,0,1,1,0,0,0,0,0,0,0,2021,0,0,0,0,0,0,0,,0,0,0,0,0,1,0,1,0,0,0
BEN,601044,601,44,2,4,1,1,1,1,1,0,1,0,0,0,0,0,2021,0,0,0,0,0,0,0,,0,2,3,0,15,0,0,1,0,0,0
BEN,601051,601,51,2,4,0,1,0,1,1,1,1,0,0,0,0,0,2021,0,0,0,0,0,0,0,4.057800054550171,0,5,0,0,7,1,1,1,0,0,0
BEN,601065,601,65,2,4,0,0,1,1,1,0,1,0,0,0,0,0,2021,1,0,0,0,0,0,0,,0,0,0,0,0,0,0,0,0,0,0
BEN,601072,601,72,2,4,1,1,1,1,1,0,0,0,0,0,0,0,2021,0,0,0,0,0,0,0,,0,0,0,0,0,1,0,1,0,0,0
BEN,601079,601,79,2,4,0,1,0,1,1,0,0,1,0,0,0,0,2021,0,0,0,0,0,0,0,,0,0,0,0,0,1,0,1,0,0,0
BEN,601093,601,93,2,1,0,1,1,0,1,0,0,1,0,0,0,0,2021,0,0,0,0,0,0,0,0.48510000109672546,0,0,0,0,0,0,0,1,0,0,0
BEN,601100,601,100,2,4,0,1,0,1,1,0,0,1,0,0,0,0,2021,0,0,0,0,0,0,0,,0,0,0,0,0,1,0,1,0,0,0
BEN,601107,601,107,2,4,1,1,1,0,0,0,0,0,0,0,0,0,2021,0,0,0,0,1,0,0,,0,0,0,0,0,0,0,1,0,0,0
BEN,602022,602,22,1,2,0,1,0,1,0,0,0,0,0,0,0,0,2021,0,0,0,0,0,0,0,,0,0,0,0,0,0,1,0,0,0,0
BEN,602030,602,30,1,2,1,1,1,1,0,0,0,1,0,0,0,0,2021,0,0,0,0,0,0,0,0.04628000035881996,0,0,0,0,0,0,0,1,0,0,0
BEN,602046,602,46,1,1,1,1,1,1,0,1,1,0,0,0,0,0,2021,0,0,0,0,0,0,0,,0,0,1,0,0,0,0,1,0,0,0
BEN,602061,602,61,1,1,1,1,1,1,1,1,1,0,0,0,0,0,2021,1,0,1,0,0,0,0,,0,6,7,0,0,0,0,0,0,0,0
BEN,602077,602,77,1,2,1,1,1,1,0,0,1,0,0,0,0,0,2021,1,0,0,0,0,0,0,,0,0,10,0,20,1,0,0,0,0,0
BEN,602092,602,92,1,4,1,1,1,1,0,0,0,0,0,0,0,0,2021,0,0,0,0,0,0,0,,0,0,0,0,6,0,0,1,0,0,0
BEN,602108,602,108,1,2,1,1,1,1,0,0,0,1,0,0,0,0,2021,0,0,0,0,0,0,0,,0,0,0,0,0,0,0,0,0,0,0
BEN,602124,602,124,1,2,1,1,1,1,0,0,0,0,0,0,0,0,2021,0,0,0,0,0,0,0,,0,0,0,0,0,0,0,1,0,0,0
BEN,602139,602,139,1,1,1,1,1,1,1,1,1,0,0,0,0,0,2021,0,0,0,0,0,0,0,,0,0,0,0,6,0,1,0,0,0,0
BEN,602155,602,155,1,1,1,1,1,1,1,1,1,0,0,0,0,0,2021,0,0,0,0,0,0,0,,0,0,0,0,25,0,0,0,0,0,0
BEN,602170,602,170,1,2,1,1,0,1,1,0,0,0,0,0,0,0,2021,0,0,0,0,0,0,0,,0,0,6,0,0,1,0,0,1,0,0
BEN,602186,602,186,1,1,1,1,1,1,0,1,1,0,0,0,1,0,2021,0,0,0,0,0,0,0,,0,0,0,0,8,1,0,1,0,0,0
BEN,603014,603,14,2,2,1,1,1,0,0,1,1,0,0,0,0,0,2021,1,0,0,0,0,1,0,20.0,0,0,0,0,0,0,1,0,0,0,0
BEN,603015,603,15,2,1,0,1,1,0,0,0,0,0,0,0,0,0,2021,0,0,0,0,0,0,0,,0,0,0,0,0,0,0,0,0,0,0
BEN,603025,603,25,2,2,0,1,1,0,0,1,1,0,0,0,0,0,2021,0,0,0,0,0,0,0,6.979999899864197,0,0,0,0,6,1,0,0,1,0,0
BEN,603036,603,36,2,4,1,1,1,0,0,1,1,0,0,0,0,0,2021,0,0,0,0,0,0,0,5.599999904632568,0,0,0,0,0,1,0,0,1,0,0
BEN,603058,603,58,2,3,0,1,0,0,0,0,0,0,0,0,0,0,2021,0,0,0,0,0,0,0,1.440000057220459,0,0,0,0,0,0,0,0,0,0,0
BEN,603069,603,69,2,1,0,1,1,0,0,0,0,0,0,0,0,0,2021,0,0,0,0,0,0,0,1.1799999475479126,0,20,15,0,20,0,0,0,0,0,0
BEN,603074,603,74,2,4,1,1,1,0,0,0,1,0,0,0,1,0,2021,1,0,0,0,0,0,0,4.400000095367432,0,0,0,0,0,0,0,0,1,0,0
BEN,603101,603,101,2,1,1,1,1,0,0,1,1,0,0,0,0,0,2021,0,0,0,0,0,0,0,3.702350988984108,0,0,0,0,0,0,0,0,0,0,0
BEN,603112,603,112,2,2,1,1,1,0,0,1,1,0,0,0,0,0,2021,0,0,0,0,0,0,0,4.400000095367432,0,23,0,0,45,0,1,0,0,0,0
BEN,603123,603,123,2,3,1,1,1,0,0,0,0,0,0,0,0,0,2021,0,0,0,0,0,0,0,1.2000000476837158,0,0,0,0,0,0,1,0,0,1,0
BEN,603144,603,144,2,2,1,1,1,0,0,0,0,1,0,0,0,0,2021,0,0,0,0,0,0,0,,0,12,0,0,10,0,0,0,1,0,0
BEN,603166,603,166,2,4,0,1,1,0,0,1,1,0,0,0,0,0,2021,0,0,0,0,0,0,0,2.5,0,1,0,0,0,0,0,1,0,0,0
BEN,604004,604,4,1,3,1,1,1,1,1,0,0,0,0,0,0,0,2021,0,0,0,0,0,0,0,,0,0,0,0,0,1,0,0,0,0,0
BEN,604015,604,15,1,2,1,1,1,1,1,1,1,0,0,0,0,0,2021,1,0,0,0,0,1,0,2.9810999631881714,0,0,15,0,32,1,1,0,0,0,0
BEN,604025,604,25,1,3,1,1,1,1,1,0,1,0,0,0,1,0,2021,0,0,0,0,0,0,0,1.5151000022888184,0,3,0,0,18,1,1,0,0,0,0
BEN,604036,604,36,1,2,0,1,0,1,1,0,0,0,0,0,0,0,2021,0,0,0,0,0,0,0,1.8187099546194077,0,0,0,0,8,0,0,0,0,0,0
BEN,604046,604,46,1,2,1,1,1,1,1,0,0,1,0,0,0,0,2021,0,0,0,0,0,0,0,1.867300033569336,0,0,0,0,0,0,0,1,0,0,0
BEN,604057,604,57,1,2,1,1,1,1,1,0,0,0,0,0,0,0,2021,0,0,0,0,0,0,0,,0,0,0,0,0,0,1,1,0,0,0
BEN,604067,604,67,1,2,0,1,1,1,1,0,1,0,0,0,0,0,2021,0,0,0,0,0,0,0,3.0993999242782593,0,0,0,0,0,0,1,1,0,0,0
BEN,604078,604,78,1,2,0,1,0,1,1,0,0,0,0,0,0,0,2021,0,0,0,0,0,0,0,0.9565799832344055,0,0,0,0,7,0,1,0,0,0,0
BEN,604088,604,88,1,1,1,1,0,1,1,0,0,0,0,0,0,0,2021,0,0,0,0,0,0,0,2.4419000148773193,0,0,0,0,0,0,1,1,0,0,0
BEN,604099,604,99,1,2,0,1,0,1,1,0,1,0,0,0,0,0,2021,0,0,0,0,0,0,0,,0,0,0,0,6,1,0,0,0,0,0
BEN,604109,604,109,1,4,0,1,1,1,0,0,0,0,0,0,0,0,2021,0,0,0,0,0,0,0,0.9057999849319458,0,0,0,0,0,0,1,1,0,0,0
BEN,604120,604,120,1,1,0,1,0,1,1,0,0,0,0,0,0,0,2021,0,0,0,0,0,0,0,4.965000152587891,0,0,0,0,0,0,1,0,0,0,0
BEN,605008,605,8,2,2,1,1,1,1,0,0,0,1,0,0,0,0,2021,0,0,0,0,0,0,0,1.3508000373840332,0,0,0,0,30,0,0,0,1,1,0
BEN,605019,605,19,2,4,0,1,1,1,1,0,0,1,0,0,0,0,2021,0,0,0,0,0,0,0,3.4999999552965164,0,0,0,0,0,0,0,1,0,0,0
BEN,605042,605,42,2,2,1,1,1,1,1,0,0,1,0,0,0,0,2021,1,0,0,0,0,0,0,4.799999952316284,0,8,0,0,10,1,0,0,1,0,0
BEN,605053,605,53,2,2,1,1,1,1,1,0,0,0,0,0,0,0,2021,0,0,0,0,0,0,0,1.3458000421524048,0,0,0,0,0,1,0,0,0,0,0
BEN,605064,605,64,2,4,0,1,1,1,1,0,0,0,0,0,0,0,2021,0,0,0,0,0,0,0,2.5,0,0,0,0,0,1,0,0,1,0,0
BEN,605086,605,86,2,2,0,1,1,0,0,0,0,1,0,0,0,0,2021,0,0,0,0,0,0,0,2.246299982070923,0,0,0,0,0,0,0,0,0,0,0
BEN,605097,605,97,2,4,0,1,0,0,0,0,0,0,0,0,0,0,2021,0,0,0,0,0,0,0,0.6489999890327454,0,0,0,0,0,0,0,0,0,0,0
BEN,605108,605,108,2,3,1,1,1,0,0,0,0,1,0,0,0,0,2021,1,0,0,0,0,0,0,,0,0,0,0,0,0,0,0,0,0,0
BEN,605131,605,131,2,2,1,1,0,1,0,0,0,0,0,0,0,0,2021,0,0,0,0,0,0,0,1.600000023841858,0,0,0,0,15,1,0,0,0,0,0
BEN,605142,605,142,2,2,1,1,1,1,0,0,0,1,0,0,0,0,2021,0,0,0,0,0,0,0,0.20000000298023224,0,0,0,0,15,1,0,0,0,0,0
BEN,605153,605,153,2,4,0,1,0,1,1,0,0,0,0,0,0,0,2021,0,0,0,0,0,0,0,0.4000000059604645,0,0,0,0,0,1,0,0,0,0,0
BEN,605229,605,229,2,2,1,1,0,1,1,0,0,0,0,0,0,0,2021,0,0,0,0,0,0,0,4.2631001472473145,0,0,0,0,30,0,0,0,0,0,0
BEN,606005,606,5,1,2,1,1,0,0,0,0,0,0,1,0,0,0,2021,0,0,0,0,0,0,0,0.8261028528213501,0,5,0,0,0,1,0,0,0,0,0
BEN,606010,606,10,1,2,0,1,0,0,0,0,0,0,0,0,0,0,2021,0,0,0,0,0,0,0,2.040000021457672,0,0,0,0,0,0,1,0,0,0,0
BEN,606015,606,15,1,2,0,1,0,0,0,0,0,0,0,0,0,0,2021,0,0,0,0,0,0,0,0.5384000018239021,0,0,0,0,25,0,0,1,0,0,0
BEN,606020,606,20,1,4,0,1,0,0,0,0,0,0,0,0,0,0,2021,0,0,0,0,0,0,0,,0,0,0,0,6,1,0,1,0,0,0
BEN,606025,606,25,1,2,1,0,0,0,0,0,0,0,1,0,0,0,2021,0,0,0,0,0,0,0,0.35100001096725464,0,0,0,0,50,0,0,0,0,1,0
BEN,606030,606,30,1,2,0,0,0,0,0,0,0,0,0,0,0,0,2021,0,0,0,0,0,0,0,0.9887574315071106,0,0,0,0,0,0,1,0,0,0,0
BEN,606035,606,35,1,2,0,1,0,0,0,0,0,0,0,0,0,0,2021,0,0,0,0,0,0,0,1.1310000121593475,0,0,0,0,0,0,0,0,0,0,0
BEN,606040,606,40,1,2,0,1,0,0,0,0,0,0,0,0,0,0,2021,0,0,0,0,0,0,0,0.6299999952316284,0,0,20,0,18,0,1,1,0,0,0
BEN,606045,606,45,1,2,1,1,0,0,0,0,0,0,0,0,0,0,2021,0,0,0,0,0,0,0,1.142537698149681,0,0,0,0,250,0,0,0,1,0,0
BEN,606050,606,50,1,2,0,0,0,0,0,0,0,0,0,0,0,0,2021,0,0,0,0,0,0,0,1.9040197134017944,0,0,0,0,0,1,0,1,0,0,0
BEN,606055,606,55,1,4,0,1,0,0,0,0,0,0,0,0,0,0,2021,0,0,0,0,0,0,0,2.2100000381469727,0,0,0,0,0,0,1,0,0,0,0
BEN,606060,606,60,1,2,1,1,0,0,0,0,0,0,1,0,0,0,2021,0,0,0,0,0,0,0,4.422120690345764,0,0,0,0,28,1,0,0,0,0,0
BEN,607019,607,19,2,1,1,1,1,0,0,1,1,0,0,1,0,0,2021,1,0,0,0,1,1,0,,0,0,0,0,0,0,0,0,0,0,0
BEN,607046,607,46,2,1,0,1,1,0,0,0,0,0,0,0,0,0,2021,1,0,0,0,0,0,0,,0,0,0,0,0,0,0,0,0,0,0
BEN,607057,607,57,2,1,1,1,1,0,0,0,0,1,0,0,0,0,2021,1,0,0,0,0,0,0,0.29350000619888306,0,0,0,0,0,0,0,0,0,0,0
BEN,607077,607,77,2,1,1,1,1,0,0,1,1,0,0,0,0,0,2021,1,0,0,0,0,1,0,1.2254539728164673,0,0,0,0,0,0,0,0,0,0,0
BEN,607134,607,134,2,1,1,1,1,0,0,0,0,0,0,0,0,0,2021,0,0,0,0,0,0,0,,0,0,0,0,0,0,0,1,0,0,0
BEN,607153,607,153,2,4,1,1,1,0,0,0,1,0,0,0,1,0,2021,1,0,0,0,0,1,0,,0,0,0,0,0,0,0,0,1,0,0
BEN,607211,607,211,2,1,1,1,1,0,0,0,1,0,0,0,1,0,2021,0,0,0,0,0,0,0,,0,6,0,0,22,0,0,0,1,0,0
BEN,607219,607,219,2,4,1,1,1,0,0,1,1,0,0,0,0,0,2021,1,0,0,0,0,1,0,,0,0,0,0,0,0,0,1,0,0,0
BEN,607249,607,249,2,3,1,1,1,0,0,1,1,0,0,0,0,0,2021,1,0,0,0,0,1,0,,0,0,0,0,0,1,0,0,1,0,0
BEN,607252,607,252,2,4,1,1,1,0,0,1,1,0,0,0,1,0,2021,0,0,0,0,0,0,0,,0,0,0,0,6,0,0,0,1,0,0
BEN,607288,607,288,2,4,1,1,1,1,0,1,1,0,0,0,1,0,2021,0,0,0,0,0,0,0,,0,0,0,0,0,0,0,0,1,0,0
BEN,607307,607,307,2,1,1,1,1,0,0,1,1,0,0,0,0,0,2021,1,0,1,0,0,0,0,,0,0,0,0,0,1,0,1,1,0,0
BEN,608003,608,3,1,2,1,1,0,0,0,0,0,0,1,0,0,0,2021,0,0,0,0,0,0,0,1.8761522769927979,0,0,0,0,25,0,0,1,0,0,0
BEN,608014,608,14,1,4,0,1,0,0,0,0,0,0,0,0,0,0,2021,0,0,0,0,0,0,0,,0,0,0,0,0,1,0,0,0,0,0
BEN,608025,608,25,1,2,1,1,1,1,0,0,0,0,0,0,0,0,2021,0,0,0,0,0,0,0,0.9469444751739502,0,0,0,0,0,0,0,1,0,0,0
BEN,608036,608,36,1,2,1,1,0,0,0,1,1,0,1,0,0,0,2021,0,0,0,0,0,0,0,1.1237100064754486,0,0,0,0,0,0,0,1,0,0,0
BEN,608047,608,47,1,4,0,1,1,0,0,0,0,0,0,0,0,0,2021,0,0,0,0,0,0,0,4.330000102519989,0,0,0,0,10,0,1,0,0,0,0
BEN,608058,608,58,1,2,1,1,1,0,0,0,0,0,1,0,0,0,2021,0,0,0,0,0,0,0,,0,0,0,0,5,1,0,1,0,0,0
BEN,608070,608,70,1,2,1,1,0,0,0,0,0,0,1,0,0,0,2021,0,0,0,0,0,0,0,,0,0,0,0,35,1,0,0,0,0,0
BEN,608081,608,81,1,4,1,1,1,0,0,0,0,0,0,0,0,0,2021,0,0,0,0,0,0,0,1.3400000035762787,0,0,0,0,15,0,1,0,0,0,0
BEN,608092,608,92,1,2,0,1,0,0,0,0,0,0,0,0,0,0,2021,0,0,0,0,0,0,0,1.0864779949188232,0,0,0,0,0,0,0,0,0,0,0
BEN,608103,608,103,1,2,1,1,0,0,0,0,0,0,1,0,0,0,2021,0,0,0,0,0,0,0,3.0932000279426575,2,0,0,0,40,0,1,0,0,0,0
BEN,608114,608,114,1,4,0,1,1,0,0,0,0,0,0,0,0,0,2021,0,0,0,0,0,0,0,,0,0,0,0,0,0,1,0,0,0,0
BEN,608125,608,125,1,2,0,1,0,1,0,0,0,0,0,0,0,0,2021,0,0,0,0,0,0,0,,0,0,0,0,20,0,0,1,0,0,0
BEN,609019,609,19,2,4,1,1,1,0,0,0,0,1,0,0,0,0,2021,1,1,0,0,0,0,0,,0,0,0,0,0,0,0,0,0,0,0
BEN,609033,609,33,2,4,1,1,1,1,1,1,1,0,0,0,1,0,2021,0,0,0,0,0,0,0,,0,0,0,0,0,0,0,0,0,0,1
BEN,609048,609,48,2,3,1,1,1,1,1,1,1,0,0,0,0,0,2021,1,0,0,0,0,0,0,,0,0,0,0,20,0,0,1,0,0,0
BEN,609076,609,76,2,1,1,1,1,0,1,1,1,0,0,0,0,0,2021,1,0,0,0,0,0,0,3.9000000953674316,0,9,0,0,6,1,0,0,0,0,0
BEN,609091,609,91,2,1,1,1,1,1,1,1,1,0,1,1,0,0,2021,1,0,0,0,1,0,1,,0,0,0,0,0,0,0,0,0,0,0
BEN,609105,609,105,2,3,1,1,1,1,1,1,1,0,1,1,0,1,2021,1,0,0,0,0,1,0,,0,0,0,0,0,0,0,0,0,0,0
BEN,609134,609,134,2,1,1,1,1,0,0,1,1,0,0,0,1,0,2021,1,0,0,0,0,0,0,,0,0,0,0,0,0,0,0,0,0,0
BEN,609150,609,150,2,3,1,1,1,0,0,1,1,0,0,1,0,0,2021,0,0,0,0,0,0,0,,0,0,0,0,0,0,0,0,0,0,0
BEN,609163,609,163,2,4,1,1,1,0,0,1,1,0,0,0,1,0,2021,0,0,0,0,0,0,0,,0,0,0,0,0,0,0,1,0,0,0
BEN,609192,609,192,2,4,1,1,1,0,0,1,1,0,0,0,0,0,2021,0,0,0,0,0,0,0,,0,0,0,0,0,0,0,0,1,0,0
BEN,609206,609,206,2,1,1,1,1,0,0,0,0,0,0,0,0,0,2021,0,0,0,0,0,0,0,,0,0,0,0,0,0,0,1,1,0,0
BEN,609221,609,221,2,1,1,1,1,1,1,1,1,0,1,0,0,0,2021,0,0,0,0,0,0,0,,0,15,0,0,8,0,0,0,0,0,0
BEN,610009,610,9,1,1,0,1,1,1,1,0,0,1,1,0,0,0,2021,0,0,0,0,0,0,0,2.113884925842285,0,0,0,0,0,1,0,0,0,0,0
BEN,610035,610,35,1,4,1,1,1,1,0,0,0,0,0,0,0,0,2021,0,0,0,0,0,0,0,1.5399999618530273,0,0,0,0,0,0,1,0,0,0,0
BEN,610061,610,61,1,2,0,1,0,1,0,0,0,0,0,0,0,0,2021,0,0,0,0,0,0,0,2.4336345195770264,0,0,0,0,0,0,1,0,0,1,0
BEN,610087,610,87,1,4,0,1,0,1,0,0,0,0,0,0,0,0,2021,0,0,0,0,0,0,0,0.33000001311302185,0,0,0,0,0,0,1,0,0,1,0
BEN,610114,610,114,1,1,1,1,1,1,1,0,0,1,1,0,0,0,2021,0,0,0,0,0,0,0,1.000037431716919,0,0,0,0,0,0,0,0,0,1,0
BEN,610140,610,140,1,4,1,1,1,1,1,1,1,0,0,0,0,0,2021,0,0,0,0,0,0,0,,0,6,0,0,0,1,0,0,0,0,0
BEN,610166,610,166,1,2,1,1,1,1,0,0,0,0,0,0,1,0,2021,0,0,0,0,0,0,0,,0,0,0,0,6,0,0,1,0,0,0
BEN,610192,610,192,1,1,1,1,1,1,0,0,0,0,0,0,0,0,2021,1,0,0,0,0,0,0,,0,0,0,0,3,0,0,1,0,0,0
BEN,610218,610,218,1,2,1,1,1,1,0,0,0,0,0,0,0,0,2021,0,0,0,0,0,0,0,,0,0,0,0,0,1,0,1,0,0,0
BEN,610245,610,245,1,2,1,1,1,1,1,1,1,0,0,0,0,0,2021,0,0,0,0,0,0,0,0.9258180260658264,0,0,0,0,30,0,0,0,0,1,0
BEN,610271,610,271,1,1,1,1,1,1,0,1,1,0,1,1,0,1,2021,0,0,0,0,0,0,0,,0,0,0,0,6,0,0,1,0,0,0
BEN,610297,610,297,1,2,0,0,0,1,1,0,0,0,0,0,0,0,2021,0,0,0,0,0,0,0,2.1395950317382812,0,0,0,0,0,0,1,0,0,0,0
BEN,611017,611,17,2,4,0,1,0,1,1,0,0,0,0,0,0,0,2021,0,0,0,0,0,0,0,1.270000010728836,0,0,0,0,0,0,0,0,0,0,0
BEN,611020,611,20,2,4,0,1,1,0,0,0,0,0,0,0,0,0,2021,0,0,0,0,0,0,0,,0,0,0,0,0,1,0,0,0,0,0
BEN,611037,611,37,2,4,0,1,1,0,0,0,1,0,0,0,0,0,2021,0,0,0,0,0,0,0,,0,0,0,0,0,0,0,0,0,0,0
BEN,611086,611,86,2,4,1,1,1,0,0,0,0,0,0,0,1,0,2021,0,0,0,0,0,0,0,,0,0,0,0,0,0,0,0,1,0,0
BEN,611103,611,103,2,4,1,1,1,0,0,1,1,0,1,0,0,0,2021,1,0,0,0,0,1,0,,0,0,0,0,0,0,0,1,1,0,0
BEN,611120,611,120,2,3,1,1,1,0,0,0,0,0,0,0,0,0,2021,0,0,0,0,0,0,0,1.899999976158142,0,0,0,0,0,1,0,1,1,0,0
BEN,611153,611,153,2,3,1,1,1,0,0,0,0,0,0,0,0,0,2021,0,0,0,0,0,0,0,,0,0,0,0,0,1,0,1,0,0,0
BEN,611169,611,169,2,4,1,1,1,0,0,1,1,0,0,0,0,0,2021,1,0,0,0,0,1,0,,0,100,0,0,0,0,0,1,0,0,0
BEN,611186,611,186,2,3,1,1,1,0,0,1,1,0,0,1,0,0,2021,0,0,0,0,0,0,0,,0,0,0,0,0,0,0,0,0,0,0
BEN,611219,611,219,2,4,1,1,1,0,0,0,0,0,0,0,0,0,2021,0,0,0,0,0,0,0,,0,0,0,0,0,0,0,0,0,0,0
BEN,611236,611,236,2,3,1,1,1,1,0,1,1,0,0,0,1,0,2021,1,0,0,0,0,0,0,,0,0,0,0,0,0,0,0,1,0,0
BEN,611252,611,252,2,3,1,1,1,1,0,1,1,0,0,0,1,0,2021,0,0,0,0,0,0,0,,0,0,0,0,0,0,0,0,1,0,0
BEN,612001,612,1,2,4,0,1,0,0,0,0,0,0,0,0,0,0,2021,0,0,0,0,0,0,0,2.700000047683716,0,0,0,0,0,0,0,0,0,0,0
BEN,612028,612,28,2,2,0,1,1,0,0,0,0,0,0,0,0,0,2021,0,0,0,0,0,0,0,2.599999964237213,0,7,0,0,12,1,1,0,0,0,0
BEN,612041,612,41,2,4,0,1,1,0,0,0,0,0,0,0,0,0,2021,0,0,0,0,0,0,0,2.2700000405311584,0,0,0,0,24,0,1,1,0,0,0
BEN,612081,612,81,2,1,0,1,0,0,0,0,0,0,0,0,0,0,2021,0,0,0,0,0,0,0,2.190000057220459,0,0,0,0,0,0,0,0,0,0,0
BEN,612094,612,94,2,4,0,1,1,0,0,0,0,0,0,0,0,0,2021,0,0,0,0,0,0,0,,0,0,0,0,0,0,0,0,0,0,0
BEN,612107,612,107,2,4,1,1,1,0,0,0,1,0,0,0,0,0,2021,0,0,0,0,0,0,0,3.299999952316284,0,0,0,0,0,0,1,0,0,0,0
BEN,612134,612,134,2,4,0,1,0,0,0,0,0,0,0,0,0,0,2021,0,0,0,0,0,0,0,2.400000035762787,0,0,0,0,0,0,0,0,0,0,0
BEN,612147,612,147,2,1,1,1,1,0,0,1,1,0,0,0,0,0,2021,0,0,0,0,0,0,0,2.0,0,13,0,0,0,0,0,0,0,0,0
BEN,612160,612,160,2,2,0,1,1,0,0,0,1,0,0,0,0,0,2021,1,0,0,0,0,1,0,6.000000238418579,0,0,0,0,0,0,1,0,0,0,0
BEN,612187,612,187,2,3,0,1,1,0,0,0,0,0,0,0,0,0,2021,0,0,0,0,0,0,0,0.5406000018119812,0,0,0,0,0,0,0,0,0,0,0
BEN,612200,612,200,2,3,1,1,0,0,0,0,0,0,0,0,1,0,2021,0,0,0,0,0,0,0,0.4000000059604645,0,0,0,0,0,0,0,1,0,0,0
BEN,612897,612,897,2,4,1,1,1,0,0,0,1,0,0,0,1,0,2021,1,0,0,0,0,0,0,9.800000190734863,0,6,0,0,0,1,0,0,0,0,0
BEN,613011,613,11,1,2,1,1,0,1,0,0,0,0,0,0,0,0,2021,0,0,0,0,0,0,0,0.9799999743700027,0,0,0,0,0,0,1,0,0,0,0
BEN,613023,613,23,1,2,0,1,0,1,0,0,0,0,0,0,0,0,2021,0,0,0,0,0,0,0,1.1154999732971191,0,0,0,0,0,1,0,1,0,0,0
BEN,613036,613,36,1,2,1,1,0,1,1,1,1,0,0,0,0,0,2021,0,0,0,0,0,0,0,1.3964439630508423,0,10,0,0,25,0,0,1,0,0,0
BEN,613048,613,48,1,2,0,1,0,1,1,0,0,0,1,0,0,0,2021,0,0,0,0,0,0,0,1.819789171218872,0,5,0,0,10,0,0,0,0,1,0
BEN,613061,613,61,1,2,0,1,0,1,1,1,1,0,0,0,0,0,2021,0,0,0,0,0,0,0,1.6784437894821167,0,0,0,0,50,0,0,0,0,0,0
BEN,613073,613,73,1,2,0,1,0,1,1,1,1,0,1,0,0,0,2021,0,0,0,0,0,0,0,10.260365545749664,0,0,0,0,30,1,0,0,0,1,0
BEN,613085,613,85,1,4,0,1,1,1,0,0,0,0,0,0,0,0,2021,0,0,0,0,0,0,0,1.1150000095367432,0,0,0,0,0,0,0,1,0,1,0
BEN,613098,613,98,1,2,1,1,1,1,0,0,0,1,0,0,0,0,2021,0,0,0,0,0,0,0,2.946700096130371,0,0,0,0,8,0,1,1,0,0,0
BEN,613110,613,110,1,2,0,1,0,1,0,0,0,0,0,0,0,0,2021,0,0,0,0,0,0,0,2.4619998931884766,0,0,0,0,35,0,1,1,0,0,0
BEN,613122,613,122,1,2,0,1,0,1,0,0,0,0,0,0,0,0,2021,0,0,0,0,0,0,0,4.630000114440918,0,0,0,0,11,0,1,0,0,1,0
BEN,613135,613,135,1,2,0,1,0,1,0,0,0,0,0,0,0,0,2021,0,0,0,0,0,0,0,1.0059138536453247,0,0,0,0,0,0,1,0,0,0,0
BEN,613147,613,147,1,2,0,1,0,0,0,0,0,0,0,0,0,0,2021,0,0,0,0,0,0,0,2.285000056028366,0,0,0,0,0,0,1,0,0,1,0
BEN,614001,614,1,2,4,0,1,0,0,0,0,0,0,0,0,0,0,2021,0,0,0,0,0,0,0,0.44999998807907104,0,30,0,0,0,0,0,0,1,0,0
BEN,614021,614,21,2,2,0,1,0,0,0,0,0,0,0,0,1,0,2021,0,0,0,0,0,0,0,1.0299999713897705,0,11,0,0,0,0,0,0,1,0,0
BEN,614031,614,31,2,4,0,1,0,0,0,0,0,1,0,0,0,0,2021,0,0,0,0,0,0,0,1.2000000476837158,0,6,0,0,23,0,0,0,0,0,0
BEN,614041,614,41,2,2,0,1,0,0,0,0,0,0,0,0,0,0,2021,0,0,0,0,0,0,0,2.299999952316284,0,0,0,0,35,0,0,0,1,0,0
BEN,614061,614,61,2,4,0,1,0,0,0,0,0,0,0,0,0,0,2021,0,0,0,0,0,0,0,1.5799999833106995,0,4,0,0,0,0,1,1,0,0,0
BEN,614071,614,71,2,4,0,1,0,0,0,0,0,0,0,0,0,0,2021,0,0,0,0,0,0,0,0.6000000238418579,0,0,0,0,8,0,0,1,0,0,0
BEN,614081,614,81,2,4,0,1,0,0,0,0,0,0,0,0,0,0,2021,0,0,0,0,0,0,0,7.0,0,17,0,0,8,0,1,1,0,0,0
BEN,614101,614,101,2,1,0,1,1,0,0,0,0,0,0,0,0,0,2021,0,0,0,0,0,0,0,2.4115999937057495,0,19,0,0,25,0,0,0,0,0,0
BEN,614111,614,111,2,1,0,1,1,0,0,0,0,0,0,0,0,0,2021,0,0,0,0,0,0,0,0.1348000019788742,0,0,0,0,0,0,0,0,0,0,0
BEN,614121,614,121,2,1,0,1,1,0,0,0,0,0,0,0,0,0,2021,0,0,0,0,0,0,0,,0,0,0,0,0,0,0,0,0,0,0
BEN,614141,614,141,2,1,0,1,0,0,0,0,0,1,0,0,0,0,2021,0,0,0,0,0,0,0,1.4893199801445007,0,0,0,0,0,0,0,0,0,0,0
BEN,614151,614,151,2,4,0,1,1,0,1,0,0,0,0,0,0,0,2021,0,0,0,0,0,0,0,1.4100000113248825,0,6,0,0,20,1,1,1,0,0,0
BEN,615003,615,3,1,2,0,0,0,1,1,0,0,0,0,0,0,0,2021,0,0,0,0,0,0,0,,0,0,0,0,25,1,0,0,0,0,0
BEN,615019,615,19,1,2,1,1,1,1,0,0,0,0,0,0,0,0,2021,0,0,0,0,0,0,0,0.5799999833106995,0,0,0,0,4,0,1,0,0,0,0
BEN,615036,615,36,1,2,0,0,0,0,0,0,0,0,0,0,0,0,2021,0,0,0,0,0,0,0,0.9750858545303345,0,0,0,0,0,0,0,1,0,0,0
BEN,615052,615,52,1,2,1,1,0,0,1,0,0,0,0,0,0,0,2021,0,0,0,0,0,0,0,,0,0,0,0,6,0,0,0,0,0,0
BEN,615068,615,68,1,2,1,1,1,0,0,0,0,0,0,0,0,0,2021,0,0,0,0,0,0,0,3.640000104904175,0,0,0,0,0,0,1,0,0,0,0
BEN,615084,615,84,1,2,0,1,0,0,0,0,0,0,0,0,0,0,2021,0,0,0,0,0,0,0,0.33399999141693115,0,0,0,0,0,0,0,1,0,0,0
BEN,615100,615,100,1,2,1,1,1,1,0,0,0,1,0,0,0,0,2021,0,0,0,0,0,0,0,1.8524757027626038,0,10,0,0,50,0,0,0,0,0,0
BEN,615116,615,116,1,2,0,0,0,1,0,0,0,1,1,0,0,0,2021,0,0,0,0,0,0,0,1.5199999809265137,0,0,0,0,0,0,1,0,0,0,0
BEN,615132,615,132,1,2,0,0,0,0,0,0,0,0,0,0,0,0,2021,0,0,0,0,0,0,0,0.7997000217437744,0,0,0,0,0,0,0,1,0,0,0
BEN,615148,615,148,1,1,1,1,1,1,1,0,0,1,0,0,0,0,2021,0,0,0,0,0,0,0,2.1781346797943115,0,25,0,0,20,0,0,0,0,1,0
BEN,615165,615,165,1,2,0,0,0,1,0,0,0,0,0,0,0,0,2021,0,0,0,0,0,0,0,0.9524441957473755,0,3,0,0,6,0,0,1,0,0,0
BEN,615181,615,181,1,2,1,1,1,1,0,0,0,0,0,1,0,0,2021,0,0,0,0,0,0,0,,0,0,0,0,8,0,0,1,0,0,0
BEN,616009,616,9,2,4,0,1,0,0,0,0,0,0,0,0,0,0,2021,0,0,0,0,0,0,0,,0,3,0,0,0,0,0,1,1,0,0
BEN,616028,616,28,2,4,0,1,0,0,0,0,0,0,0,0,0,0,2021,0,0,0,0,0,0,0,,0,4,0,0,8,0,0,1,0,0,0
BEN,616037,616,37,2,2,0,1,1,0,0,0,0,1,0,0,0,0,2021,1,0,0,0,0,1,0,1.0,0,8,0,0,20,0,1,1,0,0,0
BEN,616047,616,47,2,1,0,1,0,0,0,0,0,0,0,0,0,0,2021,0,0,0,0,0,0,0,,0,0,0,0,0,0,0,0,0,0,0
BEN,616066,616,66,2,4,0,1,0,0,0,0,0,0,0,0,0,0,2021,0,0,0,0,0,0,0,1.0,0,4,0,0,10,0,0,1,0,0,0
BEN,616075,616,75,2,2,0,1,0,0,0,0,0,0,0,0,0,0,2021,0,0,0,0,0,0,0,0.800000011920929,0,11,0,0,0,0,1,1,0,0,0
BEN,616085,616,85,2,4,1,1,1,0,0,0,0,0,0,0,1,0,2021,0,0,0,0,0,0,0,,0,0,0,0,0,0,0,0,1,0,0
BEN,616103,616,103,2,4,0,1,0,0,0,0,0,0,0,0,0,0,2021,0,0,0,0,0,0,0,0.7100000232458115,0,0,0,0,10,0,0,0,0,0,0
BEN,616113,616,113,2,4,0,1,1,0,0,0,0,0,0,0,0,0,2021,0,0,0,0,0,0,0,1.4839999675750732,0,12,6,0,90,1,0,0,0,0,0
BEN,616122,616,122,2,4,0,1,0,0,0,0,0,0,0,0,0,0,2021,0,0,0,0,0,0,0,1.100000023841858,0,0,0,0,0,0,1,0,0,0,0
BEN,616141,616,141,2,2,0,1,0,0,0,0,0,0,0,0,0,0,2021,0,0,0,0,0,0,0,,0,9,0,0,18,0,0,0,1,0,0
BEN,616151,616,151,2,1,0,1,1,0,0,0,0,0,0,0,0,0,2021,0,0,0,0,0,0,0,1.0377999804913998,0,0,0,0,0,0,0,0,0,0,0
BEN,617002,617,2,1,2,0,0,0,1,0,0,0,0,0,0,0,0,2021,0,0,0,0,0,0,0,1.6357999742031097,0,0,0,0,0,0,1,1,0,0,0
BEN,617010,617,10,1,2,0,0,0,1,1,0,0,0,0,0,0,0,2021,0,0,0,0,0,0,0,0.4147000014781952,0,0,0,0,0,0,1,0,0,0,0
BEN,617017,617,17,1,1,0,0,0,1,1,0,0,0,0,0,0,0,2021,0,0,0,0,0,0,0,0.8699999749660492,0,0,0,0,0,0,1,0,0,0,0
BEN,617025,617,25,1,2,0,0,0,1,0,0,0,0,0,0,0,0,2021,0,0,0,0,0,0,0,2.166999965906143,0,10,0,0,15,0,1,1,0,0,0
BEN,617032,617,32,1,4,0,0,0,1,0,0,0,0,0,0,0,0,2021,0,0,0,0,0,0,0,0.3160000089555979,0,0,0,0,0,0,1,0,0,0,0
BEN,617040,617,40,1,2,0,0,0,1,0,0,0,0,0,0,0,0,2021,0,0,0,0,0,0,0,1.2318999767303467,0,0,0,0,0,0,0,1,0,0,0
BEN,617048,617,48,1,2,0,0,0,1,0,0,0,0,0,0,0,0,2021,0,0,0,0,0,0,0,0.5080999732017517,0,0,0,0,0,1,1,0,0,0,0
BEN,617055,617,55,1,2,0,0,0,1,1,0,0,0,0,0,0,0,2021,0,0,0,0,0,0,0,0.24979999661445618,0,0,0,0,0,0,1,0,0,0,0
BEN,617063,617,63,1,4,0,0,0,0,0,0,0,0,0,0,0,0,2021,0,0,0,0,0,0,0,0.5878329873085022,0,0,0,0,8,1,1,0,0,0,0
BEN,617070,617,70,1,2,0,0,0,0,0,0,0,0,0,0,0,0,2021,0,0,0,0,0,0,0,1.4905999898910522,0,15,0,0,200,1,1,0,0,0,0
BEN,617078,617,78,1,4,0,0,0,0,0,0,0,0,0,0,0,0,2021,0,0,0,0,0,0,0,0.24240000545978546,0,0,0,0,0,0,1,0,0,0,0
BEN,617085,617,85,1,4,0,0,0,0,0,0,0,0,0,0,0,0,2021,0,0,0,0,0,0,0,1.4150000512599945,0,4,0,0,12,1,1,0,0,0,0
BEN,618007,618,7,2,4,0,0,0,1,1,0,0,0,0,0,0,0,2021,0,0,0,0,0,0,0,1.399999976158142,0,3,4,0,10,0,1,0,0,0,0
BEN,618013,618,13,2,4,0,0,0,1,1,0,0,0,0,0,0,0,2021,0,0,0,0,0,0,0,0.800000011920929,0,0,0,0,7,1,1,0,0,0,0
BEN,618018,618,18,2,4,0,0,0,1,1,0,0,0,0,0,0,0,2021,0,0,0,0,0,0,0,1.0,0,0,0,0,15,1,1,1,0,0,0
BEN,618029,618,29,2,1,0,0,0,1,0,0,0,0,0,0,0,0,2021,0,0,0,0,0,0,0,0.6340000033378601,0,4,0,0,30,0,1,0,0,0,0
BEN,618034,618,34,2,4,0,0,0,1,0,0,0,0,0,0,0,0,2021,0,0,0,0,0,0,0,0.24500000476837158,0,0,0,0,8,0,1,0,0,0,0
BEN,618040,618,40,2,1,0,0,0,1,1,0,0,0,0,0,0,0,2021,0,0,0,0,0,0,0,2.5420000553131104,0,0,0,0,5,0,1,0,0,0,0
BEN,618050,618,50,2,2,0,0,0,1,0,0,0,1,0,0,0,0,2021,0,0,0,0,0,0,0,1.5,0,0,0,0,0,0,0,0,1,0,0
BEN,618056,618,56,2,2,0,0,0,0,1,0,0,0,0,0,0,0,2021,0,0,0,0,0,0,0,0.8799999952316284,0,5,0,0,19,1,0,0,0,0,0
BEN,618061,618,61,2,2,0,0,0,1,0,0,0,1,0,0,0,0,2021,0,0,0,0,0,0,0,0.8999999761581421,0,17,0,0,0,0,1,0,1,0,0
BEN,618072,618,72,2,4,0,0,0,1,0,0,0,0,0,0,0,0,2021,0,0,0,0,0,0,0,,0,6,0,0,7,0,0,0,1,0,0
BEN,618077,618,77,2,4,0,0,0,1,0,0,0,0,0,0,0,0,2021,0,0,0,0,0,0,0,1.0399999618530273,0,0,0,0,3,0,1,0,0,0,0
BEN,618083,618,83,2,4,0,0,0,1,1,0,0,0,0,0,0,0,2021,0,0,0,0,0,0,0,0.5,0,6,4,0,20,0,1,1,0,0,0
BEN,619012,619,12,1,2,0,0,0,1,0,0,0,1,0,0,0,0,2021,0,0,0,0,0,0,0,14.709200143814087,0,9,9,0,38,0,1,1,0,0,0
BEN,619025,619,25,1,2,0,0,0,1,0,0,0,0,0,0,0,0,2021,0,0,0,0,0,0,0,0.23579999804496765,0,0,0,0,0,0,1,0,0,0,0
BEN,619037,619,37,1,4,0,0,0,1,0,0,0,0,0,0,0,0,2021,0,0,0,0,0,0,0,0.5112000107765198,0,3,1,0,12,1,1,0,0,1,0
BEN,619049,619,49,1,2,0,0,0,1,0,0,0,1,0,0,0,0,2021,0,0,0,0,0,0,0,1.0706000328063965,0,0,0,0,0,0,1,1,0,0,0
BEN,619062,619,62,1,4,0,0,0,1,0,0,0,0,0,0,0,0,2021,0,0,0,0,0,0,0,0.43904000520706177,0,0,0,0,14,0,1,0,0,1,0
BEN,619074,619,74,1,4,0,0,0,1,0,0,0,0,0,0,0,0,2021,0,0,0,0,0,0,0,0.874800018966198,0,0,0,0,9,0,1,0,0,1,0
BEN,619087,619,87,1,4,0,0,0,1,0,0,0,0,0,0,0,0,2021,0,0,0,0,0,0,0,1.4646999835968018,0,0,0,0,0,1,1,0,0,0,0
BEN,619099,619,99,1,4,0,0,0,1,0,0,0,0,0,0,0,0,2021,0,0,0,0,0,0,0,0.9524999856948853,0,13,0,0,75,0,1,0,0,1,0
BEN,619112,619,112,1,2,0,0,0,1,0,0,0,0,0,0,0,0,2021,0,0,0,0,0,0,0,1.30649995803833,0,10,15,0,0,0,0,1,0,0,0
BEN,619124,619,124,1,4,1,1,0,1,0,0,0,0,0,0,0,0,2021,0,0,0,0,0,0,0,1.4637000560760498,0,0,0,0,0,0,0,1,0,0,0
BEN,619137,619,137,1,2,0,0,0,1,0,0,0,0,0,0,0,0,2021,0,0,0,0,0,0,0,1.1491999924182892,0,0,0,0,0,1,0,0,0,0,0
BEN,619149,619,149,1,2,0,0,0,1,0,0,0,0,0,0,0,0,2021,0,0,0,0,0,0,0,0.4553000032901764,0,0,0,0,0,0,0,1,0,0,0
BEN,620007,620,7,1,4,1,1,1,0,0,1,1,0,0,1,0,0,2021,1,0,0,0,0,0,0,,0,0,0,0,10,0,0,0,0,0,0
BEN,620024,620,24,1,1,1,1,1,0,0,0,0,1,0,0,1,0,2021,0,0,0,0,0,0,0,,0,15,13,0,0,1,0,0,0,0,0
BEN,620042,620,42,1,1,1,1,1,0,0,1,1,0,1,0,1,0,2021,1,1,0,0,0,1,0,,0,0,0,0,0,0,0,0,0,0,0
BEN,620059,620,59,1,1,0,1,1,0,1,1,1,0,0,1,0,0,2021,1,0,0,0,0,0,0,,0,0,0,0,0,0,0,0,0,0,0
BEN,620077,620,77,1,1,1,1,1,1,1,1,1,0,0,1,1,0,2021,0,0,0,0,0,0,0,,0,0,0,0,0,1,0,0,0,0,0
BEN,620094,620,94,1,4,1,1,0,1,1,0,0,0,0,1,1,1,2021,0,0,0,0,0,0,0,,0,0,0,0,0,0,0,1,1,0,0
BEN,620112,620,112,1,1,1,1,0,1,1,1,0,1,0,0,0,1,2021,1,0,0,0,0,1,0,,0,0,0,0,0,0,0,0,0,0,0
BEN,620129,620,129,1,1,1,1,1,1,1,1,1,0,0,1,0,1,2021,1,0,0,0,0,1,1,,0,0,0,0,0,0,0,0,0,0,0
BEN,620147,620,147,1,1,1,1,1,1,1,0,0,0,0,0,0,0,2021,0,0,0,0,0,0,0,,0,0,0,0,0,1,1,0,0,0,0
BEN,620164,620,164,1,1,1,1,1,1,1,1,1,0,0,0,0,0,2021,1,0,0,0,0,1,0,,0,0,0,0,0,1,0,1,1,0,0
BEN,620181,620,181,1,2,1,1,1,1,1,1,1,0,0,0,0,0,2021,0,0,0,0,0,0,0,,0,0,0,0,0,1,0,0,0,0,0
BEN,620199,620,199,1,1,1,1,1,1,1,0,0,1,0,0,0,0,2021,1,0,0,0,0,0,0,,0,1,0,0,4,0,0,1,0,0,0
BEN,621016,621,16,2,4,1,1,1,1,1,1,1,0,0,1,1,1,2021,1,0,0,0,0,1,0,,0,0,0,0,0,0,0,0,1,0,0
BEN,621028,621,28,2,4,1,1,1,1,0,1,1,0,0,0,1,0,2021,1,0,0,0,0,1,0,,0,0,0,0,0,1,0,0,1,0,0
BEN,621041,621,41,2,4,1,1,1,0,0,1,1,0,1,1,0,0,2021,1,0,0,0,0,1,0,,0,0,0,0,0,0,0,0,0,0,0
BEN,621048,621,48,2,4,1,1,1,0,0,1,1,0,1,1,0,0,2021,1,0,0,0,0,0,0,,0,0,0,0,0,0,0,0,0,0,0
BEN,621066,621,66,2,1,1,1,1,1,1,0,0,1,0,0,0,0,2021,0,0,0,0,0,0,0,,0,0,0,0,0,0,0,0,0,0,0
BEN,621078,621,78,2,3,1,1,1,1,1,0,1,0,0,1,0,0,2021,1,0,0,0,0,1,0,,0,0,0,0,0,0,0,1,0,0,0
BEN,621091,621,91,2,1,1,1,1,0,0,0,1,0,0,1,1,0,2021,0,0,0,0,0,0,0,,0,0,0,0,30,0,0,0,0,0,0
BEN,621137,621,137,2,3,1,1,1,1,1,0,1,0,1,1,0,0,2021,0,0,0,0,0,0,0,,0,0,0,0,0,1,0,1,0,0,0
BEN,621142,621,142,2,1,1,1,1,1,1,1,1,0,0,1,0,1,2021,1,0,0,0,1,1,1,,0,0,0,0,0,0,0,1,1,0,0
BEN,621167,621,167,2,4,1,1,1,0,0,0,0,0,0,0,0,0,2021,0,0,0,0,0,0,0,,0,2,0,0,8,0,0,1,0,0,0
BEN,621180,621,180,2,1,1,1,1,0,0,1,1,0,0,0,0,0,2021,1,0,0,0,1,1,1,1.2999999523162842,0,5,0,0,30,1,1,0,0,0,0
BEN,621192,621,192,2,3,1,1,1,0,0,1,1,0,0,0,0,0,2021,0,0,0,0,0,0,0,1.2000000476837158,0,0,0,0,0,0,0,1,0,0,0
BEN,622012,622,12,1,4,0,1,0,1,1,0,0,0,0,0,0,1,2021,0,0,0,0,0,0,0,,0,0,0,0,0,1,0,1,0,0,0
BEN,622028,622,28,1,4,0,1,0,1,1,1,1,0,0,0,0,0,2021,0,0,0,0,0,0,0,,0,8,0,0,0,1,0,0,0,0,0
BEN,622043,622,43,1,4,1,1,1,1,1,0,0,0,0,1,0,0,2021,0,0,0,0,0,0,0,,0,7,0,0,0,1,0,1,0,0,0
BEN,622059,622,59,1,4,0,1,0,1,1,0,1,0,0,0,0,0,2021,0,0,0,0,0,0,0,,0,0,0,0,0,1,0,1,0,0,0
BEN,622075,622,75,1,4,1,1,1,1,1,0,0,1,0,0,0,0,2021,1,0,0,0,0,1,0,0.6700000166893005,0,0,0,0,0,0,0,1,0,0,0
BEN,622091,622,91,1,1,1,1,1,1,1,0,0,0,0,0,0,0,2021,0,0,0,0,0,0,0,,0,0,0,0,0,0,0,1,0,0,0
BEN,622106,622,106,1,4,1,1,1,1,1,0,0,0,0,0,0,0,2021,0,0,0,0,0,0,0,0.7429999709129333,0,0,0,0,0,1,0,1,0,0,0
BEN,622122,622,122,1,2,0,1,0,0,0,0,0,0,0,0,0,0,2021,0,0,0,0,0,0,0,,0,0,0,0,0,0,0,1,0,0,0
BEN,622138,622,138,1,4,0,1,1,0,0,0,0,0,1,0,0,0,2021,0,0,0,0,0,0,0,,0,0,0,0,0,0,0,0,0,0,0
BEN,622154,622,154,1,4,0,1,1,0,0,1,1,0,1,0,0,0,2021,0,0,0,0,0,0,0,0.37775999307632446,0,0,0,0,0,0,0,0,0,0,0
BEN,622169,622,169,1,4,1,1,1,0,0,0,0,1,0,0,0,0,2021,0,0,0,0,0,0,0,,0,0,0,0,0,0,0,0,0,0,0
BEN,622185,622,185,1,4,1,1,1,0,0,0,0,1,0,0,0,0,2021,0,0,0,0,0,0,0,,0,0,0,0,0,0,0,0,0,0,0
BEN,623021,623,21,2,2,0,1,1,0,0,0,0,1,0,0,0,0,2021,0,0,0,0,0,0,0,,0,0,0,0,0,0,0,1,1,0,0
BEN,623038,623,38,2,4,1,1,1,0,0,0,0,1,0,0,1,0,2021,1,0,0,0,0,1,0,,0,0,0,0,0,0,0,0,1,0,0
BEN,623055,623,55,2,3,1,1,1,0,0,1,1,0,0,0,0,0,2021,0,0,0,0,0,0,0,,0,0,0,0,0,1,0,1,1,0,0
BEN,623088,623,88,2,4,1,1,1,0,0,0,0,0,0,0,1,0,2021,1,0,0,0,0,0,0,,0,9,0,0,25,0,0,0,1,0,0
BEN,623105,623,105,2,2,1,1,1,0,0,1,1,0,0,0,0,0,2021,1,0,0,0,1,1,0,,0,0,0,10,0,0,0,1,0,0,0
BEN,623121,623,121,2,1,1,1,1,1,1,1,1,0,1,0,0,0,2021,0,0,0,0,0,0,0,,0,0,0,0,0,0,0,0,0,0,0
BEN,623155,623,155,2,4,1,1,1,0,0,1,1,0,0,0,1,0,2021,0,0,0,0,0,0,0,,0,0,0,0,0,0,0,0,1,0,0
BEN,623159,623,159,2,3,1,1,1,0,0,1,1,0,0,0,1,0,2021,1,0,0,0,0,1,0,,0,0,0,0,0,0,0,0,1,0,0
BEN,623171,623,171,2,4,1,1,1,0,0,1,1,0,0,0,0,0,2021,0,0,0,0,0,0,0,,0,0,0,0,0,1,0,1,0,0,0
BEN,623188,623,188,2,1,1,1,1,1,1,1,1,0,0,0,0,0,2021,1,0,0,0,0,1,0,,0,0,0,0,0,0,0,0,0,0,0
BEN,623238,623,238,2,1,1,1,1,1,1,0,0,1,0,0,0,0,2021,1,0,0,0,0,1,0,,0,0,0,0,0,0,0,0,0,0,0
BEN,623255,623,255,2,4,1,1,1,1,1,1,1,0,0,0,0,0,2021,0,0,0,0,0,0,0,,0,0,0,0,0,0,0,0,0,0,0
BEN,624005,624,5,2,4,1,1,1,1,1,0,0,0,0,0,0,0,2021,0,0,0,0,0,0,0,0.8999999761581421,0,1,0,0,6,0,0,1,0,0,0
BEN,624010,624,10,2,1,1,1,1,0,0,0,0,0,0,0,0,0,2021,0,0,0,0,0,0,0,0.5350000262260437,0,0,0,0,0,0,0,0,0,0,0
BEN,624020,624,20,2,4,0,0,0,0,0,0,0,0,0,0,0,0,2021,0,0,0,0,0,0,0,1.6139999628067017,0,0,0,0,0,0,0,0,0,0,0
BEN,624025,624,25,2,1,0,0,0,0,0,0,0,0,0,0,0,0,2021,0,0,0,0,0,0,0,0.7717999815940857,0,8,0,0,4,0,0,0,0,0,0
BEN,624030,624,30,2,1,0,0,0,0,0,0,0,0,0,0,0,0,2021,0,0,0,0,0,0,0,1.559499979019165,0,0,0,0,0,0,0,0,0,0,0
BEN,624040,624,40,2,4,0,1,0,1,0,0,0,0,0,0,0,0,2021,0,0,0,0,0,0,0,2.299999952316284,0,9,0,0,21,0,1,0,0,0,0
BEN,624047,624,47,2,4,1,1,0,1,1,0,0,0,0,0,0,0,2021,0,0,0,0,0,0,0,2.9999999552965164,0,0,0,0,20,0,1,1,0,0,0
BEN,624050,624,50,2,4,0,1,1,1,1,0,0,0,0,0,0,0,2021,0,0,0,0,0,0,0,2.5,0,2,0,0,10,0,1,0,0,0,0
BEN,624060,624,60,2,4,1,1,0,1,0,0,0,0,0,0,0,0,2021,0,0,0,0,0,0,0,1.7000000476837158,0,12,15,0,0,1,0,0,1,0,0
BEN,624065,624,65,2,4,1,1,1,1,0,0,0,0,0,0,0,0,2021,0,0,0,0,0,0,0,0.699999988079071,0,0,0,0,0,0,0,0,1,0,0
BEN,624070,624,70,2,4,1,1,0,1,0,0,0,0,0,0,0,0,2021,0,0,0,0,0,0,0,,0,0,0,0,0,0,0,0,1,0,0
BEN,624080,624,80,2,4,0,0,0,1,1,0,0,0,0,0,0,0,2021,0,0,0,0,0,0,0,0.8899999856948853,0,2,0,0,10,0,0,1,1,0,0
BEN,625020,625,20,1,1,0,1,1,1,1,0,0,0,0,0,0,0,2021,0,0,0,0,0,0,0,,0,0,0,0,0,0,0,0,0,0,0
BEN,625030,625,30,1,2,0,1,0,1,1,0,0,0,0,0,1,0,2021,0,0,0,0,0,0,0,0.07999999821186066,0,0,0,0,0,1,0,0,0,0,0
BEN,625040,625,40,1,2,0,1,1,1,1,0,0,0,0,0,1,0,2021,0,0,0,0,0,0,0,,0,0,0,0,0,0,0,0,0,0,0
BEN,625050,625,50,1,1,0,1,0,1,1,0,0,0,0,0,0,0,2021,0,0,0,0,0,0,0,0.800000011920929,0,5,8,0,12,0,0,1,1,0,0
BEN,625060,625,60,1,4,0,1,0,1,1,0,0,0,0,0,0,0,2021,0,0,0,0,0,0,0,1.8938299417495728,0,0,0,0,0,0,0,1,0,0,0
BEN,625070,625,70,1,4,0,1,0,1,1,0,0,0,0,0,0,0,2021,0,0,0,0,0,0,0,0.35499998927116394,0,0,0,0,0,0,0,1,0,0,0
BEN,625080,625,80,1,4,0,1,0,1,1,0,0,0,0,0,0,0,2021,0,0,0,0,0,0,0,,0,0,0,0,0,0,0,1,1,0,0
BEN,625090,625,90,1,2,0,1,0,1,1,0,0,0,0,0,0,0,2021,0,0,0,0,0,0,0,,0,2,0,0,10,0,0,1,0,0,0
BEN,625100,625,100,1,4,0,1,0,1,1,0,0,0,0,0,0,0,2021,0,0,0,0,0,0,0,0.7440000176429749,0,0,0,0,20,0,1,1,1,0,0
BEN,625110,625,110,1,2,0,1,0,1,1,0,0,1,0,0,0,0,2021,0,0,0,0,0,0,0,1.74399995803833,0,0,0,0,0,0,1,1,0,0,0
BEN,625120,625,120,1,4,0,1,0,1,1,0,0,1,0,0,0,0,2021,0,0,0,0,0,0,0,0.28600001335144043,0,0,0,0,0,0,1,1,0,0,0
BEN,625130,625,130,1,1,1,1,1,1,1,0,0,1,0,0,0,0,2021,0,0,0,0,0,0,0,,0,0,0,0,0,0,0,0,0,0,0
BEN,626001,626,1,2,4,0,1,1,1,0,0,0,0,0,0,0,0,2021,0,0,0,0,0,0,0,1.2545999884605408,0,0,0,0,0,1,1,1,0,0,0
BEN,626016,626,16,2,4,0,1,1,1,0,0,0,0,0,1,0,0,2021,0,0,0,0,0,0,0,2.2195999324321747,0,0,0,0,0,0,0,1,0,0,0
BEN,626024,626,24,2,4,0,1,0,1,0,0,0,0,0,0,0,0,2021,0,0,0,0,0,0,0,0.9348999857902527,0,0,0,0,0,0,0,1,1,0,0
BEN,626031,626,31,2,4,0,1,0,0,0,0,0,0,0,0,0,0,2021,0,0,0,0,0,0,0,0.4036000072956085,0,0,0,0,0,1,1,1,0,0,0
BEN,626046,626,46,2,4,0,1,0,1,0,0,0,0,0,0,0,0,2021,0,0,0,0,0,0,0,,0,0,0,0,0,1,0,1,0,0,0
BEN,626054,626,54,2,4,0,1,0,1,0,0,0,0,0,0,0,0,2021,0,0,0,0,0,0,0,1.1452000141143799,0,0,0,0,0,0,0,1,0,0,0
BEN,626061,626,61,2,4,0,1,0,1,1,0,0,0,0,0,0,0,2021,0,0,0,0,0,0,0,,0,0,0,0,0,0,0,1,0,0,0
BEN,626076,626,76,2,4,0,1,1,1,1,0,0,0,0,0,0,0,2021,0,0,0,0,0,0,0,,0,0,0,0,0,0,0,1,0,0,0
BEN,626084,626,84,2,4,0,1,0,1,1,0,0,0,0,0,0,0,2021,0,0,0,0,0,0,0,0.7671999782323837,0,0,0,0,0,0,0,1,0,0,0
BEN,626091,626,91,2,4,1,1,1,1,0,0,0,0,0,0,0,0,2021,0,0,0,0,0,0,1,,0,0,0,0,0,0,0,1,0,0,0
BEN,626106,626,106,2,4,0,1,0,1,1,0,0,0,0,0,0,0,2021,0,0,0,0,0,0,0,1.4081000089645386,0,0,0,0,0,0,0,1,0,0,0
BEN,626114,626,114,2,4,1,1,1,1,0,0,0,1,0,1,0,0,2021,0,0,0,0,0,0,0,1.2937999665737152,0,0,0,0,0,1,0,1,0,0,0
BEN,627008,627,8,1,4,0,1,1,0,0,0,0,0,0,0,0,0,2021,0,0,0,0,0,0,0,,0,8,0,0,6,0,0,0,0,0,0
BEN,627021,627,21,1,1,0,1,1,0,0,0,0,0,0,0,0,0,2021,0,0,0,0,0,0,0,,0,2,0,0,0,1,0,0,0,0,0
BEN,627034,627,34,1,1,0,1,1,0,0,0,0,1,0,0,1,0,2021,0,0,0,0,0,0,0,0.66805000603199,0,0,0,0,0,1,0,0,0,0,0
BEN,627046,627,46,1,1,0,1,0,0,1,0,0,0,0,0,0,0,2021,0,0,0,0,0,0,0,0.8296999931335449,0,8,9,0,10,1,0,0,0,0,0
BEN,627059,627,59,1,1,1,1,0,1,1,0,0,1,0,0,0,0,2021,1,0,0,0,0,1,1,0.025299999862909317,0,7,0,0,58,1,0,1,1,0,0
BEN,627072,627,72,1,4,0,1,0,1,1,0,0,0,0,0,0,0,2021,0,0,0,0,0,0,0,,0,4,0,0,2,1,0,1,0,0,0
BEN,627084,627,84,1,4,0,1,0,1,1,0,0,0,0,0,0,0,2021,0,0,0,0,0,0,0,0.4119199961423874,0,0,0,0,14,1,1,1,0,0,0
BEN,627097,627,97,1,2,0,1,0,1,1,0,0,0,0,0,0,0,2021,0,0,0,0,0,0,0,0.5012999773025513,0,5,0,0,6,1,1,1,1,0,0
BEN,627109,627,109,1,1,0,1,0,1,1,0,0,1,0,0,0,0,2021,0,0,0,0,0,0,0,0.5699999928474426,0,1,3,0,18,1,0,1,0,0,0
BEN,627122,627,122,1,1,0,1,0,1,1,0,0,0,0,0,0,0,2021,0,0,0,0,0,0,0,1.6399999856948853,0,0,0,0,0,0,0,1,0,0,0
BEN,627135,627,135,1,4,0,1,0,0,0,0,0,1,0,0,0,0,2021,0,0,0,0,0,0,0,0.7200000286102295,0,0,0,0,26,0,0,1,1,0,0
BEN,627147,627,147,1,1,0,1,0,1,1,0,0,0,0,0,0,0,2021,0,0,0,0,0,0,0,0.6700000166893005,0,0,0,0,8,0,1,1,0,0,0
BEN,628013,628,13,1,4,1,1,0,1,1,0,1,0,0,0,0,0,2021,0,0,0,0,0,0,0,,0,0,0,0,0,0,0,1,0,0,0
BEN,628031,628,31,1,4,1,1,0,1,1,1,1,0,0,0,0,0,2021,1,0,0,0,0,0,0,,0,0,0,0,0,0,0,1,0,0,0
BEN,628048,628,48,1,4,1,1,0,1,1,0,0,1,0,0,0,0,2021,1,0,0,0,0,0,0,,0,0,0,0,0,1,0,1,1,0,0
BEN,628066,628,66,1,1,1,1,1,1,1,0,0,0,0,0,1,0,2021,0,0,0,0,0,0,0,,0,0,0,0,0,0,0,0,0,0,0
BEN,628084,628,84,1,2,0,1,0,1,1,0,1,0,0,0,0,0,2021,1,0,0,0,0,1,0,,0,0,0,0,0,1,0,1,0,0,0
BEN,628101,628,101,1,2,0,1,0,1,1,0,0,1,0,0,0,0,2021,0,0,0,0,0,0,0,,0,0,0,0,0,0,0,1,0,0,0
BEN,628119,628,119,1,1,1,1,1,1,1,1,1,0,0,0,0,0,2021,1,0,0,0,0,1,0,,0,0,0,0,0,1,0,1,0,0,0
BEN,628137,628,137,1,4,1,1,1,1,1,0,1,0,0,0,0,0,2021,1,0,0,0,0,0,0,,0,0,0,0,0,0,0,1,1,0,0
BEN,628155,628,155,1,1,1,1,1,1,1,1,1,0,0,0,0,0,2021,0,0,0,0,0,0,0,,0,0,0,0,0,0,0,0,0,0,0
BEN,628172,628,172,1,4,1,1,0,1,1,0,0,0,0,0,0,0,2021,0,0,0,0,0,0,0,,0,0,0,0,0,0,0,1,1,0,0
BEN,628190,628,190,1,4,1,1,1,1,1,0,0,0,0,0,1,0,2021,0,0,0,0,0,0,0,,0,0,0,0,0,0,0,1,1,0,0
BEN,628208,628,208,1,4,1,1,1,1,1,1,1,0,0,0,0,0,2021,0,0,0,0,0,0,0,,0,0,0,0,0,0,0,0,0,0,0
BEN,629011,629,11,2,1,1,1,1,1,1,0,0,1,0,0,0,0,2021,0,0,0,0,0,0,0,,0,0,0,0,0,0,0,1,0,0,0
BEN,629025,629,25,2,1,1,1,1,1,0,0,1,0,0,0,0,0,2021,1,0,0,0,0,1,0,,0,0,0,0,0,0,0,1,0,0,0
BEN,629053,629,53,2,1,1,1,1,1,0,0,1,0,0,0,0,0,2021,0,0,0,0,0,0,0,0.9429999962449074,0,28,0,0,0,0,1,1,0,0,0
BEN,629067,629,67,2,4,1,1,1,1,0,0,1,0,0,0,0,0,2021,0,0,0,0,0,0,0,,0,0,0,0,0,0,0,1,0,0,0
BEN,629081,629,81,2,1,1,1,1,1,0,0,1,0,0,0,0,0,2021,0,0,0,0,0,0,0,0.3400000035762787,0,15,0,0,0,0,1,1,0,0,0
BEN,629110,629,110,2,3,1,1,1,1,1,0,1,0,1,1,0,0,2021,1,0,0,0,0,0,0,,0,0,0,0,0,1,0,1,0,0,0
BEN,629124,629,124,2,4,1,1,0,1,1,1,1,0,0,0,0,0,2021,0,0,0,0,0,0,0,,0,0,0,0,0,0,0,1,0,0,0
BEN,629138,629,138,2,4,1,1,0,1,1,0,0,0,0,0,0,0,2021,0,0,0,0,0,0,0,,0,0,0,0,0,1,0,1,0,0,0
BEN,629166,629,166,2,1,1,1,1,1,1,0,0,1,0,1,1,0,2021,1,0,0,0,1,1,1,,0,0,0,0,0,1,0,1,0,0,0
BEN,629180,629,180,2,4,0,1,1,1,1,0,1,0,0,0,0,0,2021,0,0,0,0,0,0,0,,0,0,0,0,0,1,0,1,0,0,0
BEN,629194,629,194,2,1,1,1,1,1,1,0,1,0,0,0,0,0,2021,1,0,0,0,0,0,0,,0,0,0,0,0,0,0,1,0,0,0
BEN,629223,629,223,2,1,1,1,0,1,1,0,0,1,0,1,1,0,2021,0,0,0,0,0,0,0,,0,0,0,0,0,0,0,1,0,0,0
BEN,630002,630,2,1,4,1,1,1,1,1,1,1,0,0,1,0,1,2021,1,0,0,0,0,1,0,,0,0,0,0,0,0,0,1,0,0,0
BEN,630018,630,18,1,4,0,1,0,1,1,0,1,0,0,0,0,0,2021,0,0,0,0,0,0,0,0.17339999973773956,0,0,0,0,0,0,0,1,0,0,0
BEN,630035,630,35,1,1,1,1,1,1,1,0,1,0,0,0,0,0,2021,1,0,1,0,0,1,0,,0,0,0,0,2,0,0,1,0,0,0
BEN,630051,630,51,1,1,1,1,1,1,1,0,1,0,0,0,0,0,2021,0,0,0,0,0,0,0,0.3400000035762787,0,0,0,0,28,0,1,1,0,0,0
BEN,630085,630,85,1,1,1,1,1,1,1,0,1,0,0,1,1,0,2021,1,0,0,0,0,0,0,,0,0,0,0,0,0,0,0,0,0,0
BEN,630101,630,101,1,1,1,1,1,1,1,0,1,0,0,1,1,0,2021,1,0,0,0,0,0,0,,0,0,0,0,0,0,0,0,0,0,0
BEN,630135,630,135,1,4,1,1,0,0,0,1,1,0,0,0,1,0,2021,1,0,0,0,0,0,0,,0,4,0,0,3,0,1,1,1,0,0
BEN,630151,630,151,1,1,0,1,0,1,1,1,0,1,0,0,1,0,2021,1,0,0,0,0,1,0,,0,0,0,0,0,1,0,1,1,0,0
BEN,630168,630,168,1,1,1,1,0,1,1,1,1,0,0,0,1,0,2021,0,0,0,0,0,0,0,,0,4,0,0,20,0,0,1,1,0,0
BEN,630184,630,184,1,3,1,1,0,1,1,0,0,0,0,0,1,0,2021,0,0,0,0,0,0,0,,0,0,0,0,0,0,0,1,1,0,0
BEN,630201,630,201,1,1,1,1,1,1,1,0,0,0,0,0,1,0,2021,0,0,0,0,0,0,0,,0,0,0,0,0,0,0,1,0,0,0
BEN,630898,630,898,1,4,1,1,1,0,1,0,0,0,0,0,0,0,2021,0,0,0,0,0,0,0,,0,0,0,0,0,0,0,0,0,0,0
BEN,631011,631,11,2,4,1,1,1,1,1,1,1,0,0,1,1,0,2021,1,0,0,0,0,0,0,,0,0,0,0,0,0,0,1,0,0,0
BEN,631045,631,45,2,4,1,1,1,1,0,0,1,0,0,0,0,0,2021,1,0,0,0,0,0,0,,0,0,0,0,0,0,0,1,0,0,0
BEN,631056,631,56,2,1,1,1,1,1,1,1,1,0,0,1,0,0,2021,1,0,1,0,0,0,0,,0,0,0,0,0,0,0,1,1,0,0
BEN,631079,631,79,2,4,1,1,1,1,1,0,1,0,0,0,0,0,2021,0,0,0,0,0,0,0,,0,0,0,0,0,0,0,1,0,0,0
BEN,631090,631,90,2,1,1,1,1,1,1,1,1,0,0,1,0,0,2021,0,0,0,0,0,0,0,,0,0,0,0,10,0,0,1,0,0,0
BEN,631101,631,101,2,1,1,1,1,1,1,0,1,0,0,1,0,0,2021,1,0,0,0,0,1,0,,0,0,0,0,0,0,0,1,0,0,0
BEN,631124,631,124,2,4,0,1,1,1,1,0,0,0,0,0,0,0,2021,0,0,0,0,0,0,0,,0,0,0,0,0,0,0,1,1,0,0
BEN,631135,631,135,2,3,1,1,1,1,1,1,1,0,0,0,0,0,2021,1,0,0,0,0,1,0,,0,0,0,0,0,0,0,1,0,0,0
BEN,631146,631,146,2,4,1,1,1,1,1,0,1,0,0,0,1,0,2021,0,0,0,0,0,0,0,,0,0,0,0,0,0,0,1,0,0,0
BEN,631169,631,169,2,4,1,1,1,1,1,0,1,0,0,0,0,0,2021,1,0,0,0,0,0,1,,0,0,0,0,0,0,0,1,1,0,0
BEN,631172,631,172,2,3,1,1,1,1,1,1,1,0,0,1,0,0,2021,1,0,0,0,0,1,0,,0,0,0,0,0,0,0,1,1,0,0
BEN,631180,631,180,2,4,1,1,1,0,0,1,0,1,0,1,1,0,2021,1,0,0,0,0,0,0,,0,0,0,0,0,0,0,1,0,0,0
BEN,632001,632,1,2,4,1,1,1,1,1,0,0,1,0,0,0,0,2021,0,0,0,0,0,0,0,,0,0,0,0,0,1,0,1,0,0,0
BEN,632015,632,15,2,3,1,1,1,1,1,0,1,0,0,0,0,0,2021,0,0,0,0,0,0,0,,0,0,0,0,0,0,0,1,0,0,0
BEN,632022,632,22,2,4,0,1,1,1,1,0,1,0,0,0,0,0,2021,0,0,0,0,0,0,0,0.3196999868378043,0,0,0,0,0,0,0,1,0,0,0
BEN,632030,632,30,2,1,1,1,0,1,0,0,0,0,0,0,0,0,2021,0,0,0,0,0,0,0,0.3873000144958496,0,0,0,0,0,0,1,1,0,0,0
BEN,632044,632,44,2,4,1,1,1,1,1,0,0,0,0,0,0,0,2021,0,0,0,0,0,0,0,,0,0,0,0,0,0,0,1,0,0,0
BEN,632051,632,51,2,4,0,1,1,1,1,0,0,0,0,0,0,0,2021,0,0,0,0,0,0,0,0.5381999909877777,0,0,0,0,0,0,0,1,0,0,0
BEN,632058,632,58,2,4,0,1,0,1,1,0,1,0,0,0,0,0,2021,0,0,0,0,0,0,0,,0,0,0,0,0,0,0,1,0,0,0
BEN,632073,632,73,2,4,1,1,1,1,1,0,1,0,0,0,0,0,2021,0,0,0,0,0,0,0,0.7799999713897705,0,15,0,0,22,0,0,1,0,0,0
BEN,632080,632,80,2,4,1,1,1,1,1,0,1,0,0,0,0,0,2021,1,0,0,0,0,0,0,,0,0,0,0,0,0,0,1,0,0,0
BEN,632087,632,87,2,4,0,1,0,1,1,0,0,0,0,0,0,0,2021,0,0,0,0,0,0,0,,0,0,0,0,0,0,0,1,0,0,0
BEN,632101,632,101,2,4,1,1,1,1,1,0,0,0,0,0,0,0,2021,0,0,0,0,0,0,0,,0,0,0,0,0,1,0,1,0,0,0
BEN,632109,632,109,2,4,1,1,1,1,0,0,0,0,0,0,0,0,2021,0,0,0,0,0,0,0,0.11999999731779099,0,10,0,0,50,0,1,1,0,0,0
BEN,633003,633,3,1,1,1,1,1,1,1,0,0,1,0,0,0,0,2021,0,0,0,0,0,0,0,2.450828790664673,0,0,0,0,0,0,0,1,0,0,0
BEN,633017,633,17,1,2,1,1,0,1,0,0,0,1,0,0,0,0,2021,0,0,0,0,0,0,0,,0,7,0,0,22,0,0,1,0,0,0
BEN,633031,633,31,1,2,1,1,1,1,0,1,1,0,0,1,1,0,2021,0,0,0,0,0,0,0,,0,1,0,0,0,0,0,1,0,0,0
BEN,633045,633,45,1,1,1,1,1,1,1,0,0,0,0,0,0,0,2021,0,0,0,0,0,0,0,,0,0,0,0,0,0,0,1,0,0,0
BEN,633059,633,59,1,2,1,1,0,1,0,0,0,0,0,0,0,0,2021,0,0,0,0,0,0,0,,0,0,0,0,0,0,0,0,1,0,0
BEN,633073,633,73,1,2,0,1,0,1,0,0,0,0,0,0,1,0,2021,0,0,0,0,0,0,0,1.1265616416931152,0,0,0,0,0,0,0,1,0,0,0
BEN,633087,633,87,1,2,1,1,1,1,1,1,1,0,1,0,0,0,2021,0,0,0,0,0,0,0,,0,0,0,0,0,0,0,1,0,0,0
BEN,633100,633,100,1,2,0,1,0,1,0,0,0,0,0,0,0,0,2021,0,0,0,0,0,0,0,0.14000000059604645,0,0,0,0,0,1,0,0,0,1,0
BEN,633114,633,114,1,2,0,1,0,1,0,0,0,0,0,0,0,0,2021,0,0,0,0,0,0,0,,0,0,0,0,0,0,0,1,0,0,0
BEN,633128,633,128,1,2,1,1,1,1,1,1,1,0,1,0,0,0,2021,1,0,0,0,0,1,0,,0,0,0,0,0,0,0,1,0,0,0
BEN,633142,633,142,1,2,0,1,0,1,0,0,0,0,0,0,0,0,2021,0,0,0,0,0,0,0,,0,0,0,0,0,1,0,0,0,0,0
BEN,633156,633,156,1,2,1,1,0,1,0,1,1,0,0,0,1,0,2021,0,0,0,0,0,0,0,,0,0,0,0,1,0,0,1,0,0,0
BEN,634010,634,10,2,4,1,1,1,1,1,0,1,0,0,0,0,0,2021,0,0,0,0,0,0,0,0.20310000330209732,0,0,0,0,0,0,1,1,0,0,0
BEN,634023,634,23,2,1,0,1,1,1,1,0,0,0,0,0,1,0,2021,0,0,0,0,0,0,0,0.18719999492168427,0,0,0,0,0,0,0,1,0,0,0
BEN,634049,634,49,2,4,1,1,1,1,1,1,1,0,0,1,1,0,2021,1,0,0,0,0,0,0,0.6345000267028809,0,0,0,0,0,0,0,1,0,0,0
BEN,634061,634,61,2,4,0,1,0,1,1,0,0,0,0,0,0,0,2021,0,0,0,0,0,0,0,,0,0,0,0,0,1,0,1,0,0,0
BEN,634074,634,74,2,4,0,1,0,1,1,0,0,0,0,0,0,0,2021,0,0,0,0,0,0,0,,0,0,0,0,0,0,0,1,0,0,0
BEN,634100,634,100,2,4,0,1,1,1,1,0,0,0,0,0,0,0,2021,0,0,0,0,0,0,0,,0,0,0,0,0,1,0,1,0,0,0
BEN,634112,634,112,2,4,1,1,1,1,1,0,0,0,0,0,0,0,2021,0,0,0,0,0,0,0,,0,0,0,0,0,1,0,1,0,0,0
BEN,634125,634,125,2,1,1,1,1,1,1,0,0,1,0,0,0,0,2021,0,0,0,0,0,0,0,0.986299991607666,0,0,0,0,0,1,1,1,0,0,0
BEN,634151,634,151,2,4,0,1,1,1,1,0,1,0,0,1,0,0,2021,0,0,0,0,0,0,0,,0,0,0,0,0,0,0,1,0,0,0
BEN,634163,634,163,2,4,0,1,1,1,0,0,0,0,0,0,0,0,2021,0,0,0,0,0,0,0,,0,0,0,0,0,0,0,1,0,0,0
BEN,634176,634,176,2,1,1,1,1,1,1,0,0,0,0,0,0,0,2021,0,0,0,0,0,0,0,0.800000011920929,0,0,0,0,0,0,0,1,0,0,0
BEN,634202,634,202,2,1,1,1,1,1,1,0,0,1,0,0,0,0,2021,0,0,0,0,0,0,0,1.275199994444847,0,0,0,0,0,0,0,1,0,0,0
BEN,635007,635,7,1,2,1,1,0,1,1,0,0,1,0,1,1,0,2021,0,0,0,0,0,0,0,,0,0,0,0,11,0,0,0,0,0,0
BEN,635019,635,19,1,2,0,1,1,1,1,0,0,0,0,1,1,0,2021,0,0,0,0,0,0,0,0.30300000309944153,0,7,0,0,0,1,0,0,0,0,0
BEN,635031,635,31,1,2,1,1,1,0,0,0,0,1,0,1,1,0,2021,1,0,0,0,0,0,0,0.453000009059906,0,10,0,0,8,1,0,0,0,0,0
BEN,635043,635,43,1,2,0,1,0,1,1,0,0,0,1,0,0,0,2021,0,0,0,0,0,0,0,,0,0,0,0,0,0,0,0,0,0,0
BEN,635055,635,55,1,2,1,1,1,1,1,0,0,1,0,0,0,0,2021,0,0,0,0,0,0,0,,0,0,0,0,0,0,0,0,0,0,0
BEN,635057,635,57,1,2,1,1,1,1,1,0,0,1,0,0,0,0,2021,0,0,0,0,0,0,0,,0,0,0,0,0,0,0,0,0,0,0
BEN,635068,635,68,1,2,1,1,1,0,0,1,1,0,0,1,0,0,2021,0,0,0,0,0,0,0,,0,0,0,0,0,0,0,0,0,0,0
BEN,635080,635,80,1,2,1,1,1,0,0,0,0,1,0,1,0,0,2021,1,0,0,0,0,0,0,,0,0,0,0,0,0,0,0,0,0,0
BEN,635104,635,104,1,1,1,1,1,1,1,0,0,1,0,0,1,0,2021,0,0,0,0,0,0,0,0.1932400017976761,0,6,0,0,30,1,0,0,0,0,0
BEN,635116,635,116,1,1,1,1,1,1,1,0,0,0,0,0,1,0,2021,0,0,0,0,0,0,0,,0,0,0,0,0,0,1,0,1,0,0
BEN,635129,635,129,1,2,0,1,0,1,0,0,0,0,0,0,1,0,2021,0,0,0,0,0,0,0,,0,6,0,0,0,1,0,0,0,0,0
BEN,635141,635,141,1,2,1,1,1,1,1,0,0,0,0,0,1,0,2021,0,0,0,0,0,0,0,2.299999952316284,0,0,0,0,0,1,1,1,0,0,0
BEN,636013,636,13,1,2,1,1,1,1,1,0,0,0,0,0,1,0,2021,0,0,0,0,0,0,0,,0,0,0,0,2,0,0,0,0,0,0
BEN,636037,636,37,1,2,1,1,1,1,1,0,0,1,0,0,1,0,2021,0,0,0,0,0,0,0,,0,1,0,0,2,0,0,0,0,0,0
BEN,636061,636,61,1,2,1,1,1,1,1,0,0,0,0,0,1,0,2021,0,0,0,0,0,0,0,,0,0,0,0,1,0,0,1,0,0,0
BEN,636110,636,110,1,2,0,1,1,1,1,0,0,1,0,0,0,0,2021,0,0,0,0,0,0,0,,0,0,0,0,2,0,0,0,0,0,0
BEN,636134,636,134,1,2,0,1,0,1,1,0,0,1,0,0,0,0,2021,0,0,0,0,0,0,0,,0,6,0,0,20,0,0,0,0,0,0
BEN,636206,636,206,1,4,1,1,0,1,1,0,0,0,0,0,0,0,2021,0,0,0,0,0,0,0,,0,3,0,0,7,1,0,0,0,0,0
BEN,636230,636,230,1,1,1,1,1,1,1,0,0,1,0,0,0,0,2021,0,0,0,0,0,0,0,,0,0,0,0,10,1,0,0,0,0,0
BEN,636254,636,254,1,2,1,1,1,1,1,0,1,0,1,0,1,0,2021,0,0,0,0,0,0,0,,0,0,8,0,6,1,0,0,1,0,0
BEN,636278,636,278,1,2,1,1,0,1,1,0,1,0,0,0,0,0,2021,0,0,0,0,0,0,0,0.16112999618053436,0,0,0,0,0,0,0,0,0,0,0
BEN,636303,636,303,1,2,1,1,1,1,1,0,0,1,0,0,1,0,2021,0,0,0,0,0,0,0,,0,0,0,0,0,0,0,1,0,0,0
BEN,636327,636,327,1,1,1,1,1,1,1,1,1,0,0,0,1,0,2021,1,0,0,0,0,0,0,0.3262999951839447,0,0,0,0,0,1,0,0,0,0,0
BEN,636899,636,899,1,2,0,1,0,1,1,0,0,0,0,0,0,1,2021,0,0,0,0,0,0,0,,0,0,0,0,1,1,0,0,0,0,0
BEN,637015,637,15,2,4,1,1,1,1,1,1,1,0,0,0,1,1,2021,1,0,0,0,0,0,0,,0,0,0,0,0,0,1,1,1,0,0
BEN,637020,637,20,2,3,1,1,1,1,1,1,1,0,0,0,1,0,2021,1,0,0,0,0,0,0,,0,0,0,0,0,0,0,1,0,0,0
BEN,637067,637,67,2,3,1,1,1,1,1,1,1,0,0,0,1,0,2021,1,0,0,0,0,1,0,,0,0,0,0,0,1,1,1,0,0,0
BEN,637084,637,84,2,4,1,1,1,0,0,0,0,0,0,0,1,0,2021,0,0,0,0,0,0,0,,0,0,0,0,0,0,0,1,0,0,0
BEN,637118,637,118,2,1,1,1,1,1,1,1,1,0,0,1,1,1,2021,1,1,1,1,0,0,1,,0,0,0,0,0,0,0,0,0,0,0
BEN,637135,637,135,2,4,1,1,1,1,1,1,1,0,0,0,0,0,2021,0,0,0,0,0,0,0,,0,0,0,0,0,0,0,1,0,0,0
BEN,637151,637,151,2,4,1,1,1,1,1,0,1,0,0,0,0,0,2021,0,0,0,0,0,0,0,,0,0,0,0,0,1,0,1,0,0,0
BEN,637185,637,185,2,3,1,1,1,1,1,0,0,1,0,0,0,0,2021,0,0,0,0,0,0,0,,0,0,0,0,10,0,0,1,0,0,0
BEN,637202,637,202,2,1,1,1,1,1,1,1,1,0,0,0,0,0,2021,1,0,0,0,0,1,0,,0,0,0,0,0,0,0,1,1,0,0
BEN,637219,637,219,2,4,1,1,1,1,1,1,1,0,0,0,0,0,2021,1,0,0,0,0,1,0,,0,0,0,0,0,0,0,1,1,0,0
BEN,637252,637,252,2,1,1,1,1,1,1,1,1,0,0,0,0,0,2021,1,0,0,0,0,1,0,,0,0,0,0,0,0,0,1,1,0,0
BEN,637269,637,269,2,2,1,1,1,1,1,0,0,1,0,0,0,0,2021,0,0,0,0,0,0,0,1.6495999097824097,0,0,0,0,0,1,1,1,1,0,0
BEN,638036,638,36,1,2,1,1,1,1,1,0,1,0,0,1,1,0,2021,1,0,0,0,0,0,0,,0,0,0,0,0,0,0,0,0,0,0
BEN,638086,638,86,1,1,1,1,1,0,0,0,1,0,0,1,1,0,2021,1,0,1,0,0,0,0,,0,0,0,0,0,0,0,0,0,0,0
BEN,638186,638,186,1,2,1,1,1,1,1,0,0,1,0,1,1,0,2021,0,0,0,0,0,0,0,,0,0,0,0,20,0,0,0,0,0,0
BEN,638191,638,191,1,2,1,1,1,1,1,0,1,0,0,0,0,0,2021,0,0,0,0,0,0,0,,0,0,0,0,0,0,0,0,0,0,0
BEN,638237,638,237,1,2,1,1,1,1,1,0,1,0,0,1,1,0,2021,1,0,0,0,0,0,0,,0,0,0,0,0,0,0,0,0,0,0
BEN,638279,638,279,1,2,1,1,1,0,1,1,1,0,0,1,1,0,2021,1,0,1,0,0,0,0,,0,0,0,0,0,0,0,0,0,0,0
BEN,638288,638,288,1,4,1,1,1,0,0,0,0,0,0,0,0,0,2021,0,0,0,0,0,0,0,,0,0,0,0,0,0,0,0,0,0,0
BEN,638338,638,338,1,1,1,1,1,1,1,1,1,0,0,1,0,1,2021,1,0,1,0,0,1,0,,0,0,15,0,12,0,0,0,1,0,0
BEN,638388,638,388,1,2,1,1,1,1,1,1,1,0,0,1,0,0,2021,1,1,0,0,0,1,0,,0,0,0,0,0,1,0,0,0,0,0
BEN,638438,638,438,1,2,1,1,1,1,1,0,1,0,0,1,0,0,2021,0,0,0,0,0,0,0,,0,0,0,0,0,0,0,1,0,0,0
BEN,638488,638,488,1,4,1,1,1,1,1,1,1,0,0,1,1,1,2021,1,0,0,0,0,1,0,,0,0,0,0,150,0,0,1,1,0,0
BEN,638900,638,900,1,2,1,1,1,1,1,0,1,0,0,0,0,0,2021,0,0,0,0,0,0,0,,0,0,0,0,0,0,0,0,0,0,0
BEN,639012,639,12,2,4,1,1,1,1,1,1,1,0,0,0,0,0,2021,0,1,0,1,0,0,0,,0,0,0,0,0,0,0,1,0,0,0
BEN,639027,639,27,2,4,1,1,1,1,1,1,1,0,0,0,0,0,2021,1,0,1,1,0,1,0,,0,0,0,0,0,1,1,1,1,0,0
BEN,639057,639,57,2,1,0,1,1,1,0,1,1,0,0,0,0,0,2021,0,0,0,0,0,0,0,,0,0,0,0,0,1,1,1,0,0,0
BEN,639075,639,75,2,4,0,1,0,1,1,0,0,0,0,0,0,0,2021,0,0,0,0,0,0,0,,0,0,0,0,0,1,1,1,1,0,0
BEN,639086,639,86,2,4,1,1,1,1,0,1,1,0,0,0,0,0,2021,1,0,0,0,0,1,0,,0,0,0,0,0,0,0,1,0,0,0
BEN,639116,639,116,2,4,1,1,1,1,0,1,1,0,0,0,0,0,2021,1,0,0,0,0,1,0,,0,0,0,0,13,0,0,1,0,0,0
BEN,639130,639,130,2,4,1,1,1,1,1,1,1,0,0,0,0,0,2021,0,0,0,0,0,0,0,,0,0,0,0,0,0,0,1,0,0,0
BEN,639145,639,145,2,4,1,1,1,1,1,0,0,0,0,0,0,0,2021,0,0,0,0,0,0,0,,0,2,0,0,0,1,0,1,0,0,0
BEN,639175,639,175,2,2,1,1,1,1,1,0,0,0,0,0,0,0,2021,0,0,0,0,0,0,0,1.7450863122940063,0,0,8,0,7,0,0,1,1,0,0
BEN,639189,639,189,2,2,1,1,1,1,1,0,0,0,0,0,0,0,2021,0,0,0,0,0,0,0,,0,1,0,0,0,0,0,1,1,0,0
BEN,639204,639,204,2,2,1,1,1,1,1,0,0,1,0,0,0,0,2021,0,0,0,0,0,0,0,1.149999976158142,0,1,0,0,17,0,1,1,1,0,0
BEN,639234,639,234,2,2,1,1,1,1,1,1,1,0,0,0,0,0,2021,0,0,0,0,0,0,0,,0,0,0,0,20,0,0,1,1,0,0
BEN,640014,640,14,1,2,0,1,1,1,1,0,0,0,0,0,0,0,2021,0,0,0,0,0,0,0,,0,0,0,0,0,0,0,1,0,0,0
BEN,640029,640,29,1,2,0,1,0,1,1,0,0,0,0,0,0,0,2021,0,0,0,0,0,0,0,,0,0,0,0,0,0,0,1,0,0,0
BEN,640044,640,44,1,2,0,1,1,1,1,0,0,0,0,0,0,0,2021,0,0,0,0,0,0,0,0.7013000249862671,0,0,0,0,0,1,0,1,0,0,0
BEN,640059,640,59,1,2,1,1,0,1,0,0,0,0,0,0,0,0,2021,0,0,0,0,0,0,0,,0,0,0,0,10,0,0,1,0,0,0
BEN,640074,640,74,1,2,1,1,1,1,0,0,1,0,0,0,0,0,2021,0,0,0,0,0,0,0,,0,4,0,0,9,1,1,0,0,0,0
BEN,640089,640,89,1,4,0,1,1,1,1,0,0,0,1,0,0,0,2021,0,0,0,0,0,0,0,,0,0,0,0,0,1,0,0,1,0,0
BEN,640104,640,104,1,4,0,1,0,1,1,0,0,0,0,0,0,0,2021,0,0,0,0,0,0,0,,0,0,0,0,0,1,0,0,0,0,0
BEN,640119,640,119,1,4,1,1,1,1,0,0,1,0,0,0,0,0,2021,1,0,0,0,0,0,0,,0,0,0,0,10,1,0,0,1,0,0
BEN,640134,640,134,1,4,1,1,0,1,0,0,0,1,0,1,1,0,2021,0,0,0,0,0,0,0,,0,0,0,0,0,1,0,1,0,0,0
BEN,640149,640,149,1,4,1,1,1,1,0,1,0,1,0,0,0,0,2021,0,0,0,0,0,0,0,,0,0,0,0,0,0,0,1,0,0,0
BEN,640164,640,164,1,4,1,1,1,1,0,0,0,1,0,0,0,0,2021,0,0,0,0,0,0,0,,0,0,0,0,0,0,0,1,0,0,0
BEN,640179,640,179,1,4,1,1,1,1,0,0,0,1,0,0,0,0,2021,0,0,0,0,0,0,0,,0,0,0,0,0,1,1,0,0,0,0
BEN,641002,641,2,2,2,1,1,1,1,1,1,1,0,0,1,0,0,2021,0,0,0,0,0,0,0,,0,0,0,0,0,0,0,1,0,0,0
BEN,641030,641,30,2,2,1,1,1,1,1,1,1,0,0,0,0,0,2021,0,0,0,0,0,0,0,,0,0,0,0,0,0,0,1,0,0,0
BEN,641044,641,44,2,2,1,1,1,1,1,1,1,0,0,0,0,0,2021,0,0,0,0,0,0,0,3.307468891143799,0,0,0,0,0,0,0,1,0,0,0
BEN,641057,641,57,2,2,1,1,1,1,1,1,1,0,0,1,0,0,2021,1,0,0,0,0,1,0,,0,0,0,0,0,0,0,1,0,0,0
BEN,641085,641,85,2,1,1,1,1,1,1,1,1,0,1,0,0,0,2021,0,0,0,0,0,0,0,,0,0,0,0,0,0,0,1,0,0,0
BEN,641099,641,99,2,4,1,1,1,1,1,1,1,0,1,0,0,0,2021,0,0,0,0,0,0,0,,0,0,0,0,0,0,0,1,0,0,0
BEN,641113,641,113,2,4,1,1,0,1,1,0,0,0,1,0,0,0,2021,0,0,0,0,0,0,0,1.5605896711349487,0,0,0,0,0,0,1,1,0,0,0
BEN,641140,641,140,2,1,1,1,1,0,0,1,0,1,1,1,1,0,2021,0,0,0,0,0,0,0,,0,0,0,0,0,0,1,1,0,0,0
BEN,641154,641,154,2,2,0,1,0,1,1,0,1,0,0,0,0,0,2021,0,0,0,0,0,0,0,3.1434266567230225,0,0,0,0,0,0,0,1,0,0,0
BEN,641168,641,168,2,2,1,1,1,1,1,0,1,0,0,0,1,0,2021,0,0,0,0,0,0,0,,0,0,0,0,0,0,0,1,0,0,0
BEN,641196,641,196,2,2,0,1,0,1,1,0,1,0,0,0,0,0,2021,0,0,0,0,0,0,0,2.255120038986206,0,10,0,0,0,0,0,1,0,0,0
BEN,641209,641,209,2,2,0,1,0,1,1,1,1,0,0,0,0,0,2021,0,0,0,0,0,0,0,1.637899935245514,0,8,0,0,0,0,0,1,0,0,0
BEN,642004,642,4,1,3,1,1,1,1,1,0,0,0,0,0,1,0,2021,0,0,0,0,0,0,0,,0,0,0,0,6,0,0,1,0,0,0
BEN,642014,642,14,1,2,1,1,1,1,1,0,0,0,0,0,0,0,2021,0,0,0,0,0,0,0,,0,0,0,0,0,0,0,1,0,0,0
BEN,642024,642,24,1,3,1,1,1,1,1,0,1,0,0,1,1,0,2021,0,0,0,0,0,0,0,,0,0,0,0,0,0,0,1,0,0,0
BEN,642034,642,34,1,3,1,1,1,1,1,0,0,0,0,1,0,0,2021,0,0,0,0,0,0,0,,0,0,0,0,0,0,0,1,0,0,0
BEN,642044,642,44,1,1,1,1,1,1,1,0,0,1,0,1,1,0,2021,1,0,0,0,0,0,0,,0,0,0,0,0,1,0,0,1,0,0
BEN,642054,642,54,1,3,1,1,1,1,0,0,0,0,0,0,0,0,2021,0,0,0,0,0,0,0,,0,0,0,0,8,0,0,1,1,0,0
BEN,642064,642,64,1,3,1,1,1,1,1,0,0,0,0,0,0,0,2021,0,0,0,0,0,0,0,,0,0,0,0,5,0,0,0,1,0,0
BEN,642084,642,84,1,3,1,1,1,1,1,0,1,0,1,1,1,1,2021,1,0,1,0,0,1,0,,0,0,0,0,0,1,0,0,0,0,0
BEN,642094,642,94,1,1,1,1,1,1,1,1,1,0,0,0,1,0,2021,0,0,0,0,0,0,0,,0,0,0,0,0,1,0,0,0,0,0
BEN,642104,642,104,1,4,1,1,1,1,1,0,0,1,1,0,1,0,2021,0,0,0,0,0,0,0,,0,0,0,0,0,1,0,0,0,0,0
BEN,642114,642,114,1,3,1,1,1,0,0,0,0,1,1,0,0,0,2021,0,0,0,0,0,0,0,,0,0,0,0,0,0,0,1,0,0,0
BEN,642134,642,134,1,1,1,1,1,1,1,1,1,0,0,0,1,0,2021,0,0,0,0,0,0,0,,0,0,0,0,0,1,0,0,1,0,0
BEN,643003,643,3,2,2,1,1,1,1,1,1,1,0,0,0,0,0,2021,1,0,0,0,0,1,0,,0,0,0,0,0,0,0,1,0,0,0
BEN,643051,643,51,2,2,1,1,1,1,1,1,1,0,0,1,0,0,2021,1,0,1,0,0,1,0,,0,0,0,0,0,0,0,1,0,0,0
BEN,643075,643,75,2,2,1,1,1,1,1,0,0,1,0,1,0,0,2021,1,0,0,0,0,1,0,,0,0,0,0,0,0,0,1,0,0,0
BEN,643099,643,99,2,2,1,1,1,1,1,0,0,1,0,1,1,1,2021,1,1,0,0,0,1,1,,0,0,0,0,0,0,0,1,0,0,0
BEN,643147,643,147,2,4,1,1,1,1,1,1,1,0,1,1,1,0,2021,0,0,0,0,0,0,0,,0,0,0,0,0,0,0,1,0,0,0
BEN,643171,643,171,2,4,1,1,1,1,1,0,1,0,1,1,1,0,2021,0,0,0,0,0,0,0,,0,0,0,0,0,0,0,1,0,0,0
BEN,643195,643,195,2,4,1,1,1,1,1,0,1,0,1,0,1,0,2021,1,0,0,0,0,1,0,,0,0,0,0,0,1,0,1,0,0,0
BEN,643242,643,242,2,4,1,1,1,1,0,0,1,0,1,1,1,0,2021,0,0,0,0,0,0,0,,0,0,0,0,0,0,0,1,0,0,0
BEN,643266,643,266,2,4,1,1,1,1,1,0,0,0,1,1,1,0,2021,0,0,0,0,0,0,0,,0,0,0,0,0,0,0,1,0,0,0
BEN,643290,643,290,2,2,1,1,1,1,1,0,0,0,1,1,1,0,2021,0,0,0,0,0,0,0,,0,0,0,0,0,0,0,1,0,0,0
BEN,643338,643,338,2,2,1,1,1,1,1,0,1,0,0,1,1,0,2021,0,0,0,0,0,0,0,,0,0,0,0,0,0,0,1,0,0,0
BEN,643362,643,362,2,4,1,1,1,1,1,0,1,0,1,1,1,0,2021,0,0,0,0,0,0,0,,0,0,0,0,0,0,0,1,0,0,0
BEN,644017,644,17,1,4,1,1,1,1,1,1,1,0,1,0,1,0,2021,1,0,0,0,0,1,0,,0,0,0,0,0,0,0,1,0,0,0
BEN,644031,644,31,1,3,1,1,1,1,1,1,1,0,1,0,1,0,2021,1,0,0,0,0,0,0,,0,0,0,0,0,0,0,1,0,0,0
BEN,644045,644,45,1,2,1,1,1,1,1,0,0,0,0,0,1,0,2021,0,0,0,0,0,0,0,,0,0,0,0,0,0,0,0,0,0,0
BEN,644073,644,73,1,2,1,1,1,0,0,0,0,0,0,0,0,0,2021,0,0,0,0,0,0,0,,0,0,0,0,0,1,0,1,0,0,0
BEN,644101,644,101,1,1,1,1,1,1,1,0,1,0,1,0,1,1,2021,1,0,1,0,0,1,1,,0,0,0,0,0,1,0,0,0,0,0
BEN,644143,644,143,1,3,1,1,1,1,1,1,1,0,1,0,1,0,2021,1,0,0,0,0,0,0,,0,0,0,0,0,1,0,1,1,0,0
BEN,644157,644,157,1,3,1,1,1,0,0,0,1,0,1,0,0,1,2021,1,0,0,0,0,0,0,,0,0,0,0,0,1,0,0,0,0,0
BEN,644171,644,171,1,4,1,1,1,1,1,1,1,0,1,0,1,1,2021,0,0,0,0,0,0,0,,0,0,0,0,0,1,0,0,0,0,0
BEN,644213,644,213,1,4,1,1,1,1,1,0,0,1,1,1,1,0,2021,0,0,0,0,0,0,0,,0,0,0,0,0,1,0,1,0,0,0
BEN,644901,644,901,1,3,1,1,1,1,1,1,1,0,1,0,0,0,2021,1,0,0,0,0,1,0,,0,0,0,0,0,0,0,1,0,0,0
BEN,644902,644,902,1,1,0,1,1,1,1,0,1,0,0,0,0,0,2021,0,0,0,0,0,0,0,,0,0,0,0,0,1,0,0,0,0,0
BEN,644903,644,903,1,2,1,1,1,1,1,1,1,0,1,0,1,0,2021,1,0,0,0,0,0,0,1.4440462589263916,0,2,8,0,80,0,0,0,1,0,0
BEN,645018,645,18,2,1,1,1,1,1,1,1,1,0,1,1,0,0,2021,1,0,0,0,0,1,0,,0,0,0,0,0,0,0,1,0,0,0
BEN,645033,645,33,2,1,1,1,1,1,1,0,0,0,0,1,0,0,2021,0,0,0,0,0,0,0,,0,0,0,0,0,0,0,1,0,0,0
BEN,645047,645,47,2,1,1,1,1,1,1,1,1,0,1,1,0,0,2021,1,0,0,0,0,1,0,,0,0,0,0,0,0,0,1,0,0,0
BEN,645075,645,75,2,1,1,1,1,1,1,1,1,0,1,1,0,0,2021,1,0,0,0,0,1,0,,0,0,0,0,0,0,0,1,0,0,0
BEN,645090,645,90,2,1,1,1,1,1,1,1,1,0,1,1,1,1,2021,1,0,0,0,0,0,0,,0,0,0,0,0,0,0,1,0,0,0
BEN,645104,645,104,2,4,1,1,1,1,1,0,0,0,1,0,1,0,2021,0,0,0,0,0,0,0,,0,0,0,0,0,1,0,1,0,0,0
BEN,645132,645,132,2,4,1,1,1,1,1,1,1,0,1,1,1,0,2021,1,0,0,0,0,0,0,,0,0,0,0,0,0,0,1,0,0,0
BEN,645147,645,147,2,4,1,1,1,1,1,1,1,0,1,1,1,0,2021,0,0,0,0,0,0,0,,0,0,0,0,0,0,0,1,0,0,0
BEN,645161,645,161,2,4,1,1,1,1,1,0,1,0,1,1,1,0,2021,0,0,0,0,0,0,0,,0,0,0,0,0,0,0,1,0,0,0
BEN,645189,645,189,2,2,1,1,1,1,1,0,1,0,1,0,1,0,2021,0,0,0,0,0,0,0,,0,0,0,0,0,0,0,1,0,0,0
BEN,645204,645,204,2,4,1,1,1,1,1,0,0,1,1,0,1,0,2021,0,0,0,0,0,0,0,,0,0,0,0,0,0,0,1,0,0,0
BEN,645218,645,218,2,4,1,1,1,1,1,0,0,0,1,0,1,1,2021,0,0,0,0,0,0,0,,0,0,0,0,0,0,0,1,0,0,0
BEN,646009,646,9,1,1,1,1,1,1,1,0,1,0,0,1,1,1,2021,1,0,0,0,0,1,0,,0,0,0,0,0,1,0,0,0,0,0
BEN,646070,646,70,1,1,1,1,1,1,1,0,1,0,0,1,1,0,2021,0,0,0,0,0,0,0,,0,0,0,0,0,0,0,1,0,0,0
BEN,646087,646,87,1,1,1,1,1,1,0,1,1,0,1,1,1,1,2021,1,1,0,0,0,1,0,,0,0,0,0,0,0,0,0,1,0,0
BEN,646105,646,105,1,1,1,1,1,1,0,0,1,0,0,1,0,0,2021,0,0,0,0,0,0,0,,0,0,0,0,10,1,0,0,1,0,0
BEN,646122,646,122,1,3,1,1,1,1,1,1,1,0,1,1,1,1,2021,1,0,1,0,1,1,1,,0,0,0,0,0,1,0,0,0,0,0
BEN,646175,646,175,1,3,1,1,1,1,1,0,1,0,1,1,1,0,2021,0,0,0,0,0,1,0,,0,0,0,0,0,0,0,1,0,0,0
BEN,646192,646,192,1,1,1,1,1,1,0,1,1,0,0,1,1,0,2021,0,0,0,0,0,0,0,,0,0,0,0,0,1,0,0,1,0,0
BEN,646262,646,262,1,1,1,1,1,1,0,1,1,0,1,1,1,0,2021,1,0,0,0,0,1,0,,0,0,0,0,0,0,0,1,0,0,0
BEN,646280,646,280,1,1,1,1,1,1,0,0,0,1,1,1,1,0,2021,0,0,0,0,0,0,0,,0,0,0,0,0,1,0,1,0,0,0
BEN,646904,646,904,1,3,1,1,1,1,1,0,0,0,0,1,0,0,2021,0,0,0,0,0,0,0,,0,0,0,0,0,0,0,1,1,0,0
BEN,646905,646,905,1,3,1,1,1,1,1,1,1,0,0,1,1,0,2021,1,1,0,0,0,0,0,,0,0,0,0,0,0,0,1,0,0,0
BEN,646906,646,906,1,4,1,1,1,1,1,1,1,0,0,1,1,0,2021,0,0,0,0,0,0,0,,0,0,0,0,0,0,0,1,0,0,0
BEN,647009,647,9,2,3,1,1,1,1,1,1,1,0,0,1,0,0,2021,0,0,0,0,0,0,0,,0,0,0,0,0,0,0,1,0,0,0
BEN,647026,647,26,2,2,1,1,1,1,1,1,1,0,0,1,0,0,2021,0,0,0,0,0,0,0,,0,0,0,0,0,0,0,1,0,0,0
BEN,647043,647,43,2,1,1,1,1,1,1,1,1,0,0,1,0,0,2021,1,0,0,0,0,1,0,,0,0,0,0,0,0,0,1,0,0,0
BEN,647077,647,77,2,2,1,1,1,1,1,1,1,0,0,1,0,0,2021,0,0,0,0,0,0,0,,0,0,0,0,0,0,0,1,0,0,0
BEN,647094,647,94,2,4,1,1,1,1,0,0,0,0,1,1,1,0,2021,0,0,0,0,0,0,0,,0,0,0,0,0,1,0,1,0,0,0
BEN,647111,647,111,2,1,1,1,1,1,0,0,0,1,0,1,1,0,2021,1,0,0,0,0,0,0,,0,0,0,0,0,1,0,1,0,0,0
BEN,647145,647,145,2,4,0,1,1,1,0,0,0,0,1,0,0,0,2021,0,0,0,0,0,0,0,,0,0,0,0,0,1,0,0,0,0,0
BEN,647162,647,162,2,1,1,1,1,1,1,0,1,0,0,1,1,1,2021,0,0,0,0,0,0,0,,0,0,0,0,0,0,0,1,0,0,0
BEN,647179,647,179,2,4,1,1,1,1,1,0,0,1,0,0,1,0,2021,0,0,0,0,0,0,0,,0,0,0,0,0,0,0,1,0,0,0
BEN,647213,647,213,2,3,1,1,1,0,0,0,0,1,0,0,1,0,2021,1,0,0,0,0,0,0,,0,0,0,0,0,0,0,1,0,0,0
BEN,647230,647,230,2,2,1,1,1,1,1,0,1,0,0,1,1,0,2021,1,0,0,0,0,0,0,,0,0,0,0,0,0,0,1,0,0,0
BEN,647247,647,247,2,1,1,1,1,1,1,1,1,0,1,1,1,1,2021,1,0,1,0,0,0,0,,0,0,0,0,0,0,0,1,0,0,0
BEN,648016,648,16,2,3,1,1,1,1,1,1,1,0,0,0,0,0,2021,0,0,0,0,0,0,0,,0,0,0,0,0,0,0,1,0,0,0
BEN,648031,648,31,2,3,1,1,1,1,1,1,1,0,1,1,1,0,2021,1,0,0,0,0,1,0,,0,0,0,0,0,0,0,1,0,0,0
BEN,648042,648,42,2,2,1,1,1,1,1,1,1,0,1,1,1,0,2021,1,0,0,0,0,1,0,,0,18,48,0,0,0,0,1,0,0,0
BEN,648068,648,68,2,1,1,1,1,1,1,1,1,0,1,1,1,1,2021,1,1,1,1,0,1,1,,0,0,0,0,0,0,0,1,0,0,0
BEN,648081,648,81,2,3,1,1,1,1,1,1,1,0,1,1,1,0,2021,0,0,0,0,0,0,0,,0,0,0,0,0,0,0,1,0,0,0
BEN,648095,648,95,2,3,1,1,1,1,1,0,1,0,0,1,1,0,2021,0,0,0,0,0,0,0,,0,0,0,0,0,0,0,1,0,0,0
BEN,648121,648,121,2,1,1,1,1,1,1,0,0,1,0,1,1,0,2021,1,0,0,0,0,1,0,,0,0,0,0,0,0,0,1,0,0,0
BEN,648135,648,135,2,1,1,1,1,1,1,1,1,0,0,1,0,0,2021,0,0,0,0,0,0,0,,0,0,0,0,0,0,0,1,0,0,0
BEN,648147,648,147,2,2,1,1,1,1,1,0,1,0,0,0,1,0,2021,1,0,0,1,0,0,0,,0,0,0,0,0,0,0,1,0,0,0
BEN,648173,648,173,2,2,1,1,1,1,1,1,1,0,0,0,0,0,2021,0,0,0,0,0,0,0,,0,0,0,0,0,0,0,1,0,0,0
BEN,648186,648,186,2,4,1,1,1,1,1,0,0,0,0,0,1,0,2021,0,0,0,0,0,0,0,,0,0,0,0,0,0,0,1,0,0,0
BEN,648200,648,200,2,2,1,1,1,1,1,0,1,0,0,0,1,0,2021,0,0,0,0,0,0,0,,0,0,0,0,0,0,0,1,0,0,0
BEN,649008,649,8,1,4,1,1,0,1,1,0,0,0,0,0,0,0,2021,0,0,0,0,0,0,0,,0,0,0,0,0,0,0,1,0,0,0
BEN,649025,649,25,1,4,1,1,0,1,1,1,1,0,0,0,0,0,2021,1,0,0,0,0,1,0,,0,0,0,0,0,1,0,0,0,0,0
BEN,649042,649,42,1,4,1,1,0,1,1,1,1,0,0,0,0,0,2021,0,0,0,0,0,1,0,,0,10,0,0,40,1,0,1,0,0,0
BEN,649059,649,59,1,4,1,1,0,1,0,0,0,1,0,0,0,0,2021,0,0,0,0,0,0,0,,0,0,0,0,0,1,0,0,0,0,0
BEN,649076,649,76,1,2,1,1,1,1,0,1,1,0,0,0,0,0,2021,0,0,0,0,0,0,0,,0,0,0,0,0,0,0,0,1,0,0
BEN,649094,649,94,1,2,1,1,0,1,0,0,0,0,0,0,0,0,2021,0,0,0,0,0,0,0,,0,0,0,0,0,0,1,1,1,0,0
BEN,649128,649,128,1,4,1,1,1,1,0,1,1,0,0,0,0,0,2021,0,0,0,0,0,0,0,,0,0,0,0,0,0,0,0,1,0,0
BEN,649145,649,145,1,2,1,1,1,1,1,0,1,0,0,0,1,0,2021,0,0,0,0,0,0,0,,0,0,0,0,0,1,0,0,0,0,0
BEN,649162,649,162,1,2,1,1,0,1,1,0,0,0,0,0,0,0,2021,0,0,0,0,0,0,0,,0,0,0,0,0,0,0,0,0,0,0
BEN,649180,649,180,1,2,1,1,0,1,1,0,1,0,0,0,0,0,2021,0,0,0,0,0,0,0,0.5794669985771179,0,0,0,0,0,0,0,0,0,0,0
BEN,649197,649,197,1,2,1,1,0,1,1,0,1,0,0,0,0,0,2021,0,0,0,0,0,0,0,,0,0,0,0,0,0,0,0,0,0,0
BEN,649926,649,926,1,4,1,1,1,1,0,0,1,0,0,0,0,0,2021,0,0,0,0,0,0,0,,0,0,0,0,0,1,0,0,1,0,0
BEN,650032,650,32,1,2,0,1,0,0,0,0,0,0,0,0,0,0,2021,0,0,0,0,0,0,0,,0,0,0,0,0,1,0,1,0,0,0
BEN,650041,650,41,1,4,1,1,1,0,0,0,0,1,0,0,0,0,2021,0,0,0,0,0,0,0,0.5,0,0,0,0,4,1,0,0,1,0,0
BEN,650052,650,52,1,2,0,1,0,0,0,0,0,0,0,0,0,0,2021,0,0,0,0,0,0,0,,0,5,0,0,6,0,0,1,0,0,0
BEN,650063,650,63,1,4,1,1,1,0,0,0,0,1,0,0,0,0,2021,0,0,0,0,0,0,0,,0,0,0,0,2,0,0,0,1,0,0
BEN,650077,650,77,1,4,0,1,0,1,1,0,0,1,0,0,0,0,2021,0,0,0,0,0,0,0,,0,0,0,0,0,0,0,0,0,1,0
BEN,650121,650,121,1,4,0,1,0,0,0,0,0,0,0,0,0,0,2021,0,0,0,0,0,0,0,1.2000000476837158,0,7,8,0,6,1,0,1,1,0,0
BEN,650132,650,132,1,2,0,1,0,0,0,0,0,0,0,0,0,0,2021,0,0,0,0,0,0,0,0.6215500235557556,0,0,0,0,10,0,0,1,0,0,0
BEN,650139,650,139,1,2,0,1,0,0,0,0,0,0,0,0,0,0,2021,0,0,0,0,0,0,0,0.5265600085258484,0,2,0,0,8,0,0,1,0,0,0
BEN,650152,650,152,1,2,1,1,0,0,0,0,0,0,0,0,0,0,2021,0,0,0,0,0,0,0,0.25,0,5,1,0,6,1,0,0,1,0,0
BEN,650166,650,166,1,4,1,1,0,0,0,0,0,0,0,0,1,0,2021,0,0,0,0,0,0,0,,0,0,0,0,0,0,1,1,1,1,0
BEN,650184,650,184,1,4,1,1,0,0,0,0,0,0,1,0,0,0,2021,0,0,0,0,0,0,0,,0,0,0,0,0,0,1,1,1,1,0
BEN,650907,650,907,1,4,1,1,0,1,1,0,0,0,0,0,0,0,2021,0,0,0,0,0,0,0,0.27000001072883606,0,0,0,0,0,1,0,0,0,1,0
BEN,651004,651,4,2,2,0,1,1,1,1,0,0,0,1,1,0,0,2021,0,0,0,0,0,0,0,2.979677677154541,0,0,0,0,0,0,0,1,0,0,0
BEN,651010,651,10,2,2,0,1,0,1,1,0,0,0,1,1,0,0,2021,0,0,0,0,0,0,0,,0,0,0,0,0,0,0,1,0,0,0
BEN,651022,651,22,2,2,0,1,1,1,1,0,0,0,1,0,0,0,2021,0,0,0,0,0,0,0,,0,0,0,0,0,0,0,1,0,0,0
BEN,651027,651,27,2,2,1,1,1,1,1,0,0,0,1,0,1,0,2021,0,0,0,0,0,0,0,3.3874212503433228,0,0,0,0,0,0,0,1,0,0,0
BEN,651033,651,33,2,4,0,1,0,0,0,0,0,0,0,0,0,0,2021,0,0,0,0,0,0,0,,0,0,0,0,0,0,0,1,0,0,0
BEN,651045,651,45,2,1,0,1,0,0,0,0,0,1,0,0,0,0,2021,0,0,0,0,0,0,0,0.40111398696899414,0,0,0,0,0,0,0,1,0,0,0
BEN,651051,651,51,2,4,0,1,0,0,0,0,0,0,0,0,0,0,2021,0,0,0,0,0,0,0,1.2359999418258667,0,0,0,0,0,0,0,1,0,0,0
BEN,651057,651,57,2,1,1,1,1,1,1,0,0,1,0,1,0,0,2021,0,0,0,0,0,0,0,1.4821422100067139,0,0,0,0,0,1,0,1,0,0,0
BEN,651068,651,68,2,2,1,1,1,1,1,0,0,0,0,0,1,0,2021,0,0,0,0,0,0,0,2.016189992427826,0,0,0,0,0,0,0,1,0,0,0
BEN,651074,651,74,2,2,1,1,1,0,0,0,0,0,0,0,1,0,2021,0,0,0,0,0,0,0,2.09158992767334,0,0,0,0,0,0,0,1,0,0,0
BEN,651080,651,80,2,2,1,1,1,0,0,0,0,0,0,0,1,0,2021,0,0,0,0,0,0,0,,0,0,0,0,0,0,0,1,0,0,0
BEN,651091,651,91,2,3,1,1,1,0,0,0,0,1,0,0,1,0,2021,0,0,0,0,0,0,0,2.239609956741333,0,0,0,0,0,0,0,1,0,0,0
BEN,652010,652,10,1,2,0,1,1,1,1,0,0,1,0,1,1,0,2021,0,0,0,0,0,0,0,,0,7,0,0,0,0,0,0,0,0,0
BEN,652025,652,25,1,2,1,1,1,1,1,0,0,0,0,0,0,0,2021,0,0,0,0,0,0,0,,0,0,0,0,0,0,0,0,0,0,0
BEN,652040,652,40,1,2,1,1,1,1,1,0,1,0,0,0,0,0,2021,0,0,0,0,0,0,0,2.5950000286102295,0,0,17,0,25,0,0,0,0,0,0
BEN,652055,652,55,1,2,1,1,1,1,1,1,1,0,0,1,1,0,2021,1,0,1,0,0,0,0,,0,0,0,0,0,0,0,0,0,0,0
BEN,652070,652,70,1,2,1,1,1,1,1,1,1,0,1,0,0,0,2021,0,0,0,0,0,0,0,,0,0,0,0,0,0,0,0,0,0,0
BEN,652085,652,85,1,2,1,1,1,1,1,0,0,0,0,0,0,0,2021,0,0,0,0,0,0,0,,0,0,0,0,0,0,0,0,0,0,0
BEN,652100,652,100,1,2,1,1,1,1,1,0,0,0,0,0,0,0,2021,0,0,0,0,0,0,0,,0,0,0,0,0,0,0,0,0,0,0
BEN,652115,652,115,1,2,1,1,1,1,1,0,0,0,0,0,0,0,2021,0,0,0,0,0,0,0,,0,0,0,0,0,0,0,0,0,0,0
BEN,652129,652,129,1,2,1,1,1,1,1,1,1,0,0,1,0,0,2021,0,0,0,0,0,0,0,,0,0,0,0,0,0,0,0,1,0,0
BEN,652144,652,144,1,2,1,1,1,1,1,0,0,0,0,1,0,0,2021,0,0,0,0,0,0,0,,0,0,0,0,0,1,0,0,0,0,0
BEN,652159,652,159,1,1,1,1,1,1,1,1,1,0,0,1,0,0,2021,1,0,0,0,0,0,0,,0,0,0,0,7,0,0,1,0,0,0
BEN,652174,652,174,1,2,1,1,1,1,1,0,1,0,0,1,0,0,2021,1,0,0,0,0,0,0,,0,0,0,0,0,0,0,0,0,0,0
BEN,653010,653,10,2,2,1,1,1,1,1,0,0,1,1,0,0,0,2021,0,0,0,0,0,0,0,12.962900161743164,600,0,0,0,0,0,0,1,0,0,0
BEN,653017,653,17,2,2,1,1,1,1,1,0,0,1,1,0,0,0,2021,0,0,0,0,0,0,0,10.024459958076477,0,0,0,0,0,0,0,1,0,1,0
BEN,653023,653,23,2,2,0,1,1,1,1,0,0,0,1,0,0,0,2021,0,0,0,0,0,0,0,3.2843191623687744,0,0,0,0,0,0,0,1,0,1,0
BEN,653037,653,37,2,2,1,1,1,1,1,0,0,0,1,0,0,0,2021,0,0,0,0,0,0,0,,0,0,0,0,0,1,0,1,0,0,0
BEN,653044,653,44,2,4,0,1,0,1,1,0,0,1,0,0,0,0,2021,0,0,0,0,0,0,0,3.2990000545978546,0,0,0,0,0,1,0,1,0,0,0
BEN,653051,653,51,2,4,0,1,0,1,1,0,0,1,0,0,0,0,2021,0,0,0,0,0,0,0,3.5859999656677246,0,0,0,0,0,0,1,1,0,0,0
BEN,653064,653,64,2,4,1,0,0,1,1,0,0,0,0,0,0,0,2021,0,0,0,0,0,0,0,,0,47,0,0,0,1,0,1,0,0,0
BEN,653071,653,71,2,4,1,1,0,1,1,0,0,1,0,0,0,0,2021,0,0,0,0,0,0,0,2.372999906539917,0,0,0,0,0,1,0,1,0,0,0
BEN,653078,653,78,2,2,0,1,0,1,1,0,0,0,0,0,0,0,2021,0,0,0,0,0,0,0,7.105509996414185,0,0,0,0,0,0,1,1,0,0,0
BEN,653097,653,97,2,2,0,1,0,1,1,0,0,0,0,0,0,0,2021,0,0,0,0,0,0,0,,0,0,0,0,50,0,1,1,0,0,0
BEN,653098,653,98,2,2,1,1,1,1,1,0,0,1,0,0,0,0,2021,0,0,0,0,0,0,0,13.04086971282959,0,0,5,0,0,0,0,1,0,0,0
BEN,653105,653,105,2,2,0,1,0,1,1,0,0,1,0,0,0,0,2021,0,0,0,0,0,0,0,14.577199459075928,0,16,0,0,0,0,1,1,0,0,0
BEN,654018,654,18,2,1,0,1,0,1,1,0,0,0,1,0,0,0,2021,0,0,0,0,0,0,0,6.9545698165893555,0,0,0,0,0,0,1,1,0,0,0
BEN,654056,654,56,2,1,1,1,1,1,1,0,0,0,1,0,0,0,2021,0,0,0,0,0,0,0,4.644000053405762,0,0,0,0,0,0,0,1,0,0,0
BEN,654075,654,75,2,1,0,1,0,1,1,0,0,0,0,0,0,0,2021,0,0,0,0,0,0,0,1.757800042629242,0,0,0,0,0,1,1,1,0,1,0
BEN,654093,654,93,2,2,0,1,1,1,1,0,0,0,0,0,0,0,2021,0,0,0,0,0,0,0,,30,0,0,0,0,0,1,1,0,1,0
BEN,654131,654,131,2,2,1,1,0,1,1,0,0,0,1,0,0,0,2021,0,0,0,0,0,0,0,2.390000104904175,0,0,0,0,0,0,0,0,0,1,0
BEN,654150,654,150,2,4,0,1,0,1,1,0,0,0,0,0,0,0,2021,0,0,0,0,0,0,0,5.827000021934509,0,0,0,0,0,1,0,0,0,0,0
BEN,654169,654,169,2,4,1,1,0,1,1,0,0,0,0,0,0,0,2021,0,0,0,0,0,0,0,4.118000090122223,0,0,0,0,0,1,0,0,0,0,0
BEN,654207,654,207,2,4,1,1,1,1,1,0,0,0,0,0,0,0,2021,0,0,0,0,0,0,0,1.4730000495910645,0,0,0,0,0,0,0,0,1,0,0
BEN,654226,654,226,2,2,1,1,1,1,1,0,0,0,0,0,0,0,2021,0,0,0,0,0,0,0,1.0264300107955933,0,6,0,0,0,0,0,0,0,0,0
BEN,654245,654,245,2,4,1,1,1,1,1,0,0,0,0,0,0,0,2021,0,0,0,0,0,0,0,1.7667799592018127,0,0,0,0,0,1,1,0,0,0,0
BEN,654283,654,283,2,4,0,1,0,1,1,0,0,0,0,0,0,0,2021,0,0,0,0,0,0,0,1.8530699610710144,0,0,0,0,0,0,0,0,0,0,0
BEN,654302,654,302,2,2,1,1,1,1,1,0,1,0,0,0,0,0,2021,0,0,0,0,0,0,0,0.6765199899673462,0,0,0,0,0,0,0,0,0,0,0
BEN,655035,655,35,1,4,1,1,1,1,0,0,0,0,0,0,0,0,2021,0,0,0,0,0,0,0,,0,0,0,0,0,1,0,0,0,0,0
BEN,655053,655,53,1,4,1,1,0,1,0,0,0,0,0,0,0,0,2021,0,0,0,0,0,0,0,,0,0,0,0,0,0,0,1,0,0,0
BEN,655071,655,71,1,3,1,1,1,1,1,1,1,0,0,0,0,0,2021,0,0,1,0,0,0,0,,0,0,0,0,0,0,0,1,0,0,0
BEN,655089,655,89,1,2,1,1,1,1,0,0,1,0,0,0,0,0,2021,0,0,0,0,0,0,0,,0,0,0,0,10,0,1,0,1,0,0
BEN,655107,655,107,1,4,1,1,1,1,1,0,0,0,0,0,0,0,2021,0,0,0,0,0,0,0,,0,0,0,0,0,0,0,0,1,0,0
BEN,655143,655,143,1,2,1,1,1,1,0,0,1,0,0,0,0,0,2021,0,0,0,0,0,0,0,,0,0,0,0,0,0,0,0,1,0,0
BEN,655161,655,161,1,4,1,1,1,1,0,0,1,0,0,0,0,0,2021,0,0,0,0,0,0,0,,0,0,0,0,0,0,0,0,1,0,0
BEN,655179,655,179,1,3,1,1,0,1,1,0,0,0,0,0,0,0,2021,0,0,0,0,0,0,0,,0,0,0,0,0,0,0,0,0,0,0
BEN,655197,655,197,1,2,1,1,0,1,1,0,0,0,0,0,0,0,2021,0,0,0,0,0,0,0,,0,0,0,0,10,0,0,0,0,0,0
BEN,655215,655,215,1,4,1,1,0,1,1,0,0,1,0,0,0,0,2021,0,0,0,0,0,0,0,,0,0,0,0,0,1,0,0,0,0,0
BEN,655270,655,270,1,2,1,1,0,1,1,0,0,0,0,0,0,0,2021,0,0,0,0,0,0,0,1.2154060006141663,0,0,0,0,0,1,0,0,0,0,0
BEN,655908,655,908,1,1,1,1,1,1,0,0,0,0,0,0,0,0,2021,0,0,0,0,0,0,0,,0,0,0,0,0,0,0,1,0,0,0
BEN,656001,656,1,2,2,1,1,1,0,0,0,0,1,1,0,0,0,2021,0,0,0,0,0,0,0,13.583470344543457,0,0,0,0,0,0,0,1,0,0,0
BEN,656023,656,23,2,2,1,1,1,0,0,0,0,0,1,0,0,0,2021,0,0,0,0,0,0,0,,0,0,0,0,0,0,0,1,0,0,0
BEN,656034,656,34,2,2,1,1,1,0,0,0,0,0,1,0,0,0,2021,0,0,0,0,0,0,0,,0,0,0,0,0,0,0,1,0,0,0
BEN,656044,656,44,2,2,1,1,1,0,0,0,0,0,1,0,0,0,2021,0,0,0,0,0,0,0,,0,0,0,0,0,0,0,1,0,0,0
BEN,656066,656,66,2,4,0,1,0,1,1,0,0,1,0,0,0,0,2021,0,0,0,0,0,0,0,,0,0,0,0,0,1,0,1,0,0,0
BEN,656077,656,77,2,4,0,1,0,1,1,0,0,1,0,0,0,0,2021,0,0,0,0,0,0,0,,0,0,0,0,0,1,0,1,1,0,0
BEN,656087,656,87,2,1,1,1,1,1,1,0,0,1,0,1,1,0,2021,0,0,0,0,0,0,1,,0,0,0,0,0,1,0,1,0,0,0
BEN,656109,656,109,2,4,1,1,1,1,1,0,0,1,0,0,0,0,2021,0,0,0,0,0,0,0,,0,0,0,0,0,1,0,1,0,0,0
BEN,656120,656,120,2,2,0,1,0,1,1,0,0,0,0,0,0,0,2021,0,0,0,0,0,0,0,,0,0,0,0,0,0,0,1,0,0,0
BEN,656130,656,130,2,2,1,1,1,1,1,0,0,0,0,0,0,0,2021,0,0,0,0,0,0,0,1.6243499517440796,0,0,0,0,22,0,0,1,0,0,0
BEN,656152,656,152,2,2,1,1,1,1,1,0,0,1,0,0,0,0,2021,1,0,0,0,0,0,0,,0,0,0,0,0,0,0,1,0,0,0
BEN,656163,656,163,2,2,1,1,1,1,1,0,0,1,0,1,1,0,2021,0,0,0,0,0,0,0,,0,0,0,0,30,0,0,1,0,0,0
BEN,657006,657,6,1,4,0,1,1,0,0,0,0,0,0,0,0,0,2021,0,0,0,0,0,0,0,0.3149999976158142,0,7,0,0,0,0,0,0,0,0,0
BEN,657013,657,13,1,2,1,1,1,0,0,0,0,0,0,0,0,0,2021,0,0,0,0,0,0,0,,0,0,0,0,46,0,0,0,0,0,0
BEN,657020,657,20,1,2,0,1,0,0,0,0,0,0,1,0,0,0,2021,0,0,0,0,0,0,0,,0,0,0,0,15,0,0,0,0,0,0
BEN,657027,657,27,1,2,0,1,1,0,0,0,0,0,1,0,0,0,2021,0,0,0,0,0,0,0,0.16599999368190765,0,0,0,0,0,0,0,0,0,0,0
BEN,657033,657,33,1,2,0,1,0,1,1,0,0,0,1,0,0,0,2021,0,0,0,0,0,0,0,,0,0,0,0,0,0,0,0,0,0,0
BEN,657040,657,40,1,1,0,1,0,1,1,0,0,0,1,0,0,0,2021,0,0,0,0,0,0,0,,0,0,0,0,0,0,0,1,0,0,0
BEN,657047,657,47,1,2,0,1,0,1,1,0,0,0,1,0,0,0,2021,0,0,0,0,0,0,0,3.4249300956726074,0,7,0,0,10,1,0,0,0,0,0
BEN,657054,657,54,1,2,0,1,0,1,1,0,0,0,1,0,0,0,2021,0,0,0,0,0,0,0,,0,0,0,0,0,0,0,0,0,0,0
BEN,657060,657,60,1,1,0,1,0,1,1,0,0,0,0,0,0,0,2021,0,0,0,0,0,0,0,0.16858699917793274,0,0,0,0,20,0,1,0,0,0,0
BEN,657067,657,67,1,1,1,1,1,1,1,0,0,0,0,0,0,0,2021,0,0,0,0,0,0,0,,0,2,0,0,35,0,1,0,0,0,0
BEN,657074,657,74,1,1,0,1,0,1,1,0,0,0,0,1,1,0,2021,0,0,0,0,0,0,0,1.3600000143051147,0,0,0,0,16,1,1,0,0,0,0
BEN,657081,657,81,1,1,0,1,1,1,1,0,0,0,0,1,1,0,2021,0,0,0,0,0,0,0,0.38359999656677246,0,0,0,0,0,1,1,0,0,0,0
BEN,658001,658,1,2,2,0,1,1,1,1,0,0,0,1,0,0,0,2021,0,0,0,0,0,0,0,2.1256399750709534,0,0,0,0,0,0,0,1,0,0,0
BEN,658033,658,33,2,2,1,1,1,0,0,0,0,0,1,1,0,0,2021,0,0,0,0,0,0,0,0.6532800197601318,0,0,0,0,0,0,0,1,0,0,0
BEN,658049,658,49,2,2,1,1,0,0,0,0,0,0,1,0,0,0,2021,0,0,0,0,0,0,0,,0,0,0,0,0,0,0,1,0,0,0
BEN,658065,658,65,2,2,1,1,0,1,1,0,0,0,1,0,0,0,2021,0,0,0,0,0,0,0,2.5996999740600586,0,0,0,0,0,0,0,1,0,0,0
BEN,658097,658,97,2,1,1,1,1,1,1,0,0,0,0,0,0,0,2021,0,0,0,0,0,0,0,0.033560000360012054,0,0,0,0,0,0,0,1,0,0,0
BEN,658113,658,113,2,3,1,1,1,1,1,0,0,1,0,0,0,0,2021,0,0,0,0,0,0,0,7.580999851226807,0,0,0,0,0,1,0,1,0,0,0
BEN,658129,658,129,2,1,1,1,1,0,0,0,0,1,0,0,0,0,2021,1,0,0,0,0,1,0,1.8489999771118164,0,0,0,0,0,1,0,1,0,0,0
BEN,658161,658,161,2,4,1,1,0,0,0,0,0,0,0,0,0,0,2021,0,0,0,0,0,0,0,,0,0,0,0,0,0,0,1,0,0,0
BEN,658177,658,177,2,2,0,1,0,0,0,0,0,0,1,0,0,0,2021,0,0,0,0,0,0,0,0.16644999384880066,0,0,0,0,0,0,0,1,0,0,0
BEN,658193,658,193,2,4,1,1,0,0,0,0,0,0,0,0,0,0,2021,0,0,0,0,0,0,0,0.77156001329422,0,0,0,0,0,0,0,1,0,0,0
BEN,658225,658,225,2,2,1,1,1,0,0,0,0,1,0,0,0,0,2021,0,0,0,0,0,0,0,1.2896199822425842,0,0,0,0,0,0,0,1,0,0,0
BEN,658241,658,241,2,2,0,0,0,1,1,0,0,0,0,0,0,0,2021,0,0,0,0,0,0,0,0.9272199869155884,0,0,0,0,0,0,0,1,0,0,0
BEN,659016,659,16,1,2,0,1,0,1,1,0,0,0,1,0,0,0,2021,0,0,0,0,0,0,0,0.8679999709129333,0,0,0,0,12,0,0,0,0,0,0
BEN,659025,659,25,1,3,1,1,1,1,1,0,0,1,1,1,1,0,2021,0,0,0,0,0,0,0,,0,0,0,0,0,0,0,0,0,0,0
BEN,659035,659,35,1,2,0,1,1,1,1,0,0,0,1,0,0,0,2021,0,0,0,0,0,0,0,2.5950000286102295,0,0,0,0,60,0,0,0,0,0,0
BEN,659044,659,44,1,2,1,1,1,0,0,0,0,1,1,0,0,0,2021,0,0,0,0,0,0,0,0.06599999964237213,0,0,0,0,40,0,0,0,0,0,0
BEN,659053,659,53,1,2,0,1,0,0,0,0,0,0,0,0,0,0,2021,0,0,0,0,0,0,0,,0,0,0,0,0,0,0,0,0,0,0
BEN,659063,659,63,1,2,0,1,0,0,0,0,0,0,0,0,0,0,2021,0,0,0,0,0,0,0,0.9590100049972534,0,0,0,0,0,0,0,0,0,0,0
BEN,659072,659,72,1,2,0,1,0,0,0,0,0,0,0,0,0,0,2021,0,0,0,0,0,0,0,,0,0,0,0,0,0,0,0,0,0,0
BEN,659082,659,82,1,2,1,1,1,0,0,0,0,0,0,0,0,0,2021,0,0,0,0,0,0,0,,0,5,0,0,20,0,0,0,0,0,0
BEN,659091,659,91,1,2,0,0,0,0,0,0,0,0,0,0,0,0,2021,0,0,0,0,0,0,0,0.42589300870895386,0,0,0,0,0,1,1,0,1,0,0
BEN,659101,659,101,1,2,0,1,0,0,0,0,0,0,0,0,0,0,2021,0,0,0,0,0,0,0,1.0992200374603271,0,0,0,0,0,1,1,0,0,1,0
BEN,659110,659,110,1,1,0,0,0,0,0,0,0,0,0,0,0,0,2021,0,0,0,0,0,0,0,,0,4,0,0,0,0,1,0,0,0,0
BEN,659148,659,148,1,2,0,1,0,0,0,0,0,0,0,0,0,0,2021,0,0,0,0,0,0,0,2.1693899631500244,0,2,0,0,0,0,1,0,1,0,0
BEN,660018,660,18,2,2,1,1,1,1,1,0,0,1,0,0,0,0,2021,0,0,0,0,0,0,0,,0,0,0,0,0,0,1,1,0,0,0
BEN,660033,660,33,2,4,1,1,1,1,0,0,0,1,0,0,0,0,2021,0,0,0,0,0,0,0,,0,0,0,0,0,0,0,1,0,0,0
BEN,660048,660,48,2,2,1,1,1,1,0,0,0,1,0,0,0,0,2021,0,0,0,0,0,0,0,,0,0,0,0,0,0,0,1,1,0,0
BEN,660077,660,77,2,4,0,1,1,1,0,0,0,1,0,0,0,0,2021,0,0,0,0,0,0,0,,0,0,0,0,0,0,0,1,0,0,0
BEN,660092,660,92,2,4,1,1,0,1,1,0,0,1,0,1,0,0,2021,0,0,0,0,0,0,0,,0,0,0,0,0,0,1,0,0,0,0
BEN,660107,660,107,2,2,1,1,1,1,1,0,0,1,0,0,0,0,2021,0,0,0,0,0,0,0,,0,0,0,0,18,1,0,0,0,0,0
BEN,660137,660,137,2,2,1,1,1,1,1,0,0,1,1,0,0,0,2021,0,0,0,0,0,0,0,,0,0,0,0,0,0,0,0,0,0,0
BEN,660152,660,152,2,2,1,1,1,1,1,0,0,1,0,0,0,0,2021,0,0,0,0,0,0,0,,0,0,0,0,0,0,0,0,0,0,0
BEN,660166,660,166,2,4,1,1,0,1,1,0,0,1,0,0,0,0,2021,0,0,0,0,0,0,0,,0,1,0,0,30,0,0,1,1,0,0
BEN,660196,660,196,2,2,1,1,0,1,1,0,0,1,0,0,0,0,2021,0,0,0,0,0,0,0,,0,0,0,0,0,0,0,0,1,0,0
BEN,660211,660,211,2,1,1,1,1,1,1,0,0,1,0,0,0,0,2021,0,0,0,0,0,0,0,,0,0,0,0,0,0,0,0,1,0,0
BEN,660226,660,226,2,2,1,1,1,1,1,0,0,0,0,0,0,0,2021,0,0,0,0,0,0,0,,0,0,0,0,0,0,0,1,0,0,0
BEN,661009,661,9,1,2,1,1,1,1,1,0,0,1,0,1,1,0,2021,0,1,0,0,0,0,0,1.284000039100647,0,0,0,0,0,0,1,0,0,0,0
BEN,661019,661,19,1,2,0,1,1,1,1,0,0,0,0,0,0,0,2021,0,0,0,0,0,0,0,,0,0,0,0,8,0,0,0,0,0,0
BEN,661039,661,39,1,2,0,1,0,1,1,0,0,0,0,0,0,0,2021,0,0,0,0,0,0,0,,0,0,0,0,10,0,0,0,0,0,0
BEN,661049,661,49,1,2,1,1,1,0,1,0,0,0,0,0,0,0,2021,0,0,0,0,0,0,0,0.7549999952316284,0,0,6,0,0,0,1,0,0,0,0
BEN,661059,661,59,1,2,0,1,0,1,1,0,0,0,0,0,1,0,2021,0,0,0,0,0,0,0,,0,4,4,0,30,1,0,0,0,0,0
BEN,661078,661,78,1,2,0,1,0,1,1,0,0,1,0,0,1,0,2021,0,0,0,0,0,0,0,2.338200092315674,0,0,0,0,0,0,0,0,0,0,0
BEN,661088,661,88,1,2,1,1,1,1,1,0,0,0,0,0,0,0,2021,0,0,0,0,0,0,0,,0,0,0,0,0,0,0,0,0,0,0
BEN,661098,661,98,1,2,1,1,1,0,0,0,0,1,0,1,1,0,2021,1,0,0,0,0,1,0,,0,31,0,50,115,0,0,0,0,0,0
BEN,661128,661,128,1,2,0,1,0,0,0,0,0,0,0,0,0,0,2021,0,0,0,0,0,0,0,,0,0,0,0,15,0,1,0,0,0,0
BEN,661138,661,138,1,1,1,1,1,1,1,0,0,1,0,1,0,0,2021,0,0,0,0,0,0,0,1.3954999446868896,0,0,0,0,10,0,1,0,0,0,0
BEN,661148,661,148,1,1,1,1,1,1,1,0,0,1,0,0,0,0,2021,0,0,0,0,0,0,0,2.117690086364746,0,10,0,0,70,0,1,0,0,0,0
BEN,661158,661,158,1,2,1,1,1,0,0,0,0,1,0,1,0,0,2021,0,0,0,0,0,0,0,0.5009199976921082,0,0,0,0,0,0,1,0,0,0,0
BEN,662016,662,16,2,2,1,1,1,0,0,1,1,0,1,0,0,0,2021,0,0,0,0,0,0,0,0.5675600171089172,0,0,0,0,0,0,0,1,0,0,0
BEN,662029,662,29,2,2,1,1,1,0,0,1,1,0,1,0,0,0,2021,0,0,0,0,0,0,0,0.5073000192642212,0,0,0,0,0,0,0,1,0,0,0
BEN,662042,662,42,2,2,1,1,1,0,0,1,1,0,0,0,0,0,2021,0,0,0,0,0,0,0,0.291920006275177,0,0,0,0,0,0,0,1,0,0,0
BEN,662068,662,68,2,2,1,1,0,0,0,1,1,0,1,0,0,0,2021,0,0,0,0,0,0,0,,0,0,0,0,0,0,0,1,0,0,0
BEN,662081,662,81,2,4,0,1,0,1,1,0,0,0,0,1,1,0,2021,0,0,0,0,0,0,0,0.062210001051425934,0,0,0,0,0,1,0,0,0,0,0
BEN,662094,662,94,2,4,1,1,1,1,0,1,1,0,0,1,1,0,2021,1,0,0,0,0,0,0,,0,0,0,0,0,1,0,1,0,0,0
BEN,662120,662,120,2,4,0,1,0,1,0,0,1,0,0,1,1,0,2021,0,0,0,0,0,0,0,,0,0,0,0,0,1,0,1,0,0,0
BEN,662133,662,133,2,4,0,1,0,1,1,0,1,0,0,1,1,0,2021,0,0,0,0,0,0,0,0.07129999995231628,0,0,0,0,0,1,0,1,0,0,0
BEN,662146,662,146,2,2,0,1,0,1,1,0,1,0,0,0,0,0,2021,0,0,0,0,0,0,0,,0,0,0,0,0,0,0,1,0,0,0
BEN,662172,662,172,2,2,1,1,1,1,1,0,0,0,0,0,0,0,2021,0,0,0,0,0,0,0,,0,0,0,0,0,0,0,1,0,0,0
BEN,662186,662,186,2,2,0,1,0,1,1,0,1,0,0,0,0,0,2021,0,0,0,0,0,0,0,0.6807500123977661,0,0,0,0,0,0,0,1,0,0,0
BEN,662199,662,199,2,2,1,1,1,1,1,0,0,0,0,0,0,0,2021,0,0,0,0,0,0,0,1.6323800086975098,0,8,0,0,0,0,0,1,0,0,0
BEN,663008,663,8,1,2,1,1,1,1,1,1,1,0,0,1,0,0,2021,1,1,0,0,0,1,0,,0,0,0,0,0,0,0,1,0,0,0
BEN,663022,663,22,1,2,0,1,0,1,1,0,0,0,0,0,0,0,2021,0,0,0,0,0,0,0,,0,0,0,0,0,0,0,1,0,0,0
BEN,663036,663,36,1,2,1,1,1,1,1,0,0,0,0,0,0,0,2021,0,0,0,0,0,0,0,,0,0,0,0,15,0,0,1,1,0,0
BEN,663049,663,49,1,2,0,1,1,1,1,0,0,0,0,0,0,0,2021,0,0,0,0,0,0,0,,0,0,0,0,0,1,0,1,0,0,0
BEN,663063,663,63,1,2,1,1,1,0,0,0,1,0,0,1,0,0,2021,0,0,0,0,0,0,0,,0,0,0,0,0,1,0,0,1,0,0
BEN,663077,663,77,1,4,1,1,1,0,0,0,0,1,0,0,0,0,2021,1,0,0,0,0,0,0,,0,0,0,0,0,1,0,1,0,0,0
BEN,663091,663,91,1,4,1,1,1,0,0,0,0,0,0,0,0,0,2021,0,0,0,0,0,0,0,,0,0,0,0,0,1,0,1,0,0,0
BEN,663104,663,104,1,4,1,1,1,0,0,0,0,1,0,0,0,0,2021,0,0,0,0,0,0,0,,0,0,2,0,6,1,0,1,1,0,0
BEN,663118,663,118,1,4,1,1,1,0,0,0,0,1,0,0,0,0,2021,0,0,0,0,0,0,0,,0,0,0,0,0,1,0,0,0,0,0
BEN,663132,663,132,1,1,1,1,1,0,0,0,0,1,0,0,0,0,2021,0,0,0,0,0,0,0,,0,8,0,0,0,0,0,0,1,0,0
BEN,663146,663,146,1,4,1,1,1,0,0,0,0,1,0,0,0,0,2021,0,0,0,0,0,0,0,,0,0,0,0,0,1,0,0,0,0,0
BEN,663159,663,159,1,2,1,1,1,0,0,0,0,1,0,0,0,0,2021,0,0,0,0,0,0,0,,0,0,0,0,0,1,0,0,1,0,0
BEN,664007,664,7,1,2,1,1,1,0,0,0,0,1,0,1,1,0,2021,0,0,0,0,0,0,0,0.45899999141693115,0,6,0,0,0,0,1,0,0,0,0
BEN,664023,664,23,1,2,0,1,0,0,0,0,0,1,0,1,1,0,2021,0,0,0,0,0,0,0,1.3109999895095825,0,0,0,0,22,0,0,0,0,0,0
BEN,664039,664,39,1,2,1,1,1,1,0,0,0,1,0,1,1,0,2021,0,0,0,0,0,0,0,1.1510000228881836,0,4,0,0,0,0,0,0,0,0,0
BEN,664054,664,54,1,2,0,1,1,0,0,0,0,1,0,0,0,0,2021,0,0,0,0,0,0,0,0.7429999709129333,0,5,0,0,0,1,0,0,0,0,0
BEN,664070,664,70,1,2,1,1,1,0,0,0,0,1,0,0,0,0,2021,0,0,0,0,0,0,0,,0,0,0,0,0,0,0,0,0,0,0
BEN,664086,664,86,1,2,1,1,1,0,0,0,0,0,0,0,0,0,2021,0,0,0,0,0,0,0,,0,0,0,0,0,0,0,0,0,0,0
BEN,664102,664,102,1,2,1,1,1,0,0,0,0,1,1,0,1,0,2021,1,0,0,0,0,0,0,,0,0,0,0,0,0,0,0,0,0,0
BEN,664117,664,117,1,2,1,1,1,1,1,0,0,1,0,0,1,0,2021,1,0,0,0,0,0,0,,0,0,0,0,0,0,0,0,0,0,0
BEN,664133,664,133,1,2,0,1,0,1,1,0,0,1,0,0,0,0,2021,1,0,0,0,0,0,0,0.5187000036239624,0,0,0,0,10,1,0,1,0,1,0
BEN,664149,664,149,1,2,0,1,0,1,1,0,0,0,0,0,0,0,2021,0,0,0,0,0,0,0,0.9753000140190125,0,15,0,0,30,0,1,1,0,0,0
BEN,664165,664,165,1,2,0,1,0,1,1,0,0,1,0,0,0,0,2021,0,0,0,0,0,0,0,2.0299999713897705,0,2,0,0,15,0,1,1,0,0,0
BEN,664180,664,180,1,2,0,1,0,1,1,0,0,0,0,0,0,0,2021,0,0,0,0,0,0,0,,0,0,0,0,0,0,1,0,0,0,0
BEN,665002,665,2,2,2,1,1,0,1,1,1,1,0,1,0,0,0,2021,1,0,0,0,0,0,0,,0,0,0,0,0,0,0,1,0,0,0
BEN,665035,665,35,2,2,1,1,0,1,1,0,0,0,1,0,0,0,2021,0,0,0,0,0,0,0,,0,0,0,0,0,0,0,1,0,0,0
BEN,665052,665,52,2,2,1,1,1,1,1,0,0,0,1,0,0,0,2021,0,0,0,0,0,0,0,0.6641700267791748,0,0,0,0,0,0,0,1,0,0,0
BEN,665069,665,69,2,2,0,1,0,1,1,0,0,0,1,0,1,0,2021,0,0,0,0,0,0,0,,0,0,0,0,0,0,0,1,0,0,0
BEN,665102,665,102,2,4,1,1,0,0,0,1,1,0,0,0,1,0,2021,0,0,0,0,0,0,0,0.047189999371767044,0,0,0,0,0,0,0,1,0,0,0
BEN,665119,665,119,2,4,0,1,0,0,0,0,1,0,0,0,1,0,2021,0,0,0,0,0,0,0,1.572792410850525,0,0,0,0,0,0,0,1,0,0,0
BEN,665136,665,136,2,4,0,1,0,1,1,0,0,0,0,1,1,0,2021,0,0,0,0,0,0,0,,0,0,0,0,0,1,0,1,0,0,0
BEN,665169,665,169,2,4,1,1,1,0,0,1,1,0,0,0,0,0,2021,0,0,0,0,0,0,0,0.09691999852657318,0,0,0,0,0,0,0,1,1,0,0
BEN,665186,665,186,2,2,1,1,1,1,1,1,1,0,0,0,1,0,2021,1,0,0,0,0,1,0,,0,0,0,0,0,0,0,1,0,0,0
BEN,665202,665,202,2,2,1,1,1,1,1,0,1,0,0,1,1,0,2021,0,0,0,0,0,0,0,,0,0,0,0,0,0,0,1,0,0,0
BEN,665236,665,236,2,2,1,1,1,1,1,0,0,0,0,0,1,0,2021,0,0,0,0,0,0,0,1.9683899879455566,0,0,0,0,0,0,0,1,0,0,0
BEN,665252,665,252,2,2,1,1,1,1,1,0,1,0,0,0,0,0,2021,0,0,0,0,0,0,0,0.46606001257896423,0,0,0,0,0,1,0,1,0,0,0
BEN,666003,666,3,1,2,1,1,1,1,1,0,0,0,0,1,0,0,2021,0,0,0,0,0,0,0,,0,0,0,0,0,0,0,1,0,0,0
BEN,666015,666,15,1,2,0,1,0,1,1,0,0,0,0,0,0,0,2021,0,0,0,0,0,0,0,,0,0,0,0,0,0,0,0,1,0,0
BEN,666027,666,27,1,4,0,1,0,1,1,0,0,0,0,0,0,0,2021,0,0,0,0,0,0,0,,0,0,0,0,8,1,0,1,0,0,0
BEN,666040,666,40,1,2,0,1,1,1,1,0,0,0,0,0,0,0,2021,0,0,0,0,0,0,0,,0,0,0,0,10,0,0,1,0,0,0
BEN,666052,666,52,1,2,1,1,1,1,0,0,0,1,0,0,0,0,2021,0,0,0,0,0,0,0,,0,0,0,0,0,1,0,1,0,0,0
BEN,666065,666,65,1,1,1,1,1,0,0,0,0,1,0,0,0,0,2021,0,0,0,0,0,0,0,0.8999999761581421,0,10,0,0,6,1,0,0,0,0,0
BEN,666077,666,77,1,4,1,1,1,0,0,0,0,1,0,0,0,0,2021,0,0,0,0,0,0,0,,0,0,0,0,12,1,0,0,1,0,0
BEN,666090,666,90,1,4,1,1,1,1,1,0,0,0,0,0,0,0,2021,0,0,0,0,0,0,0,,0,0,0,0,0,1,0,0,1,0,0
BEN,666102,666,102,1,4,1,1,0,1,1,0,1,0,0,0,0,0,2021,0,0,0,0,0,0,0,,0,0,0,0,0,0,1,0,0,0,0
BEN,666115,666,115,1,4,1,1,1,0,0,0,0,0,1,0,0,0,2021,0,0,0,0,0,0,0,,0,0,0,0,8,0,0,0,0,0,0
BEN,666127,666,127,1,4,1,1,1,1,0,0,0,0,0,0,0,0,2021,0,0,0,0,0,0,0,,0,0,0,0,0,0,0,0,0,0,0
BEN,666139,666,139,1,4,1,1,1,0,0,1,1,0,1,1,1,1,2021,1,0,0,0,0,0,0,,0,0,0,0,2,1,0,0,0,0,0
BEN,667010,667,10,2,2,0,1,0,1,1,0,0,0,1,0,0,0,2021,0,0,0,0,0,0,0,0.3036400079727173,0,0,0,0,0,0,0,1,0,0,0
BEN,667024,667,24,2,2,1,1,1,1,1,0,0,1,1,0,0,0,2021,0,0,0,0,0,0,0,,0,0,0,0,0,0,0,1,0,0,0
BEN,667053,667,53,2,2,0,1,0,1,1,0,0,1,1,0,0,0,2021,0,0,0,0,0,0,0,0.9361299872398376,0,0,0,0,0,0,0,1,0,0,0
BEN,667068,667,68,2,2,1,1,0,1,1,0,0,0,1,0,0,0,2021,0,0,0,0,0,0,0,,0,0,0,0,0,0,0,1,0,0,0
BEN,667082,667,82,2,4,0,1,0,1,0,0,0,0,0,0,0,0,2021,0,0,0,0,0,0,0,2.3989720344543457,0,0,0,0,0,0,1,1,0,0,0
BEN,667111,667,111,2,2,0,1,0,1,1,0,0,0,0,0,0,0,2021,0,0,0,0,0,0,0,2.9991400241851807,0,0,0,0,0,0,1,1,0,0,0
BEN,667125,667,125,2,1,0,0,0,1,1,0,0,0,0,0,0,0,2021,0,0,0,0,0,0,0,1.0679130256175995,0,0,0,0,0,0,1,1,0,0,0
BEN,667140,667,140,2,4,1,1,0,1,1,0,0,0,0,0,0,0,2021,0,0,0,0,0,0,0,0.5111360102891922,0,0,0,0,0,0,1,1,0,0,0
BEN,667169,667,169,2,2,0,1,0,1,1,0,0,1,0,0,0,0,2021,0,0,0,0,0,0,0,5.107719898223877,0,0,0,0,0,0,0,1,0,0,0
BEN,667183,667,183,2,2,0,1,0,1,1,0,0,0,1,0,0,0,2021,0,0,0,0,0,0,0,2.685419976711273,0,0,0,0,0,0,1,1,0,0,0
BEN,667198,667,198,2,2,0,1,0,1,1,0,0,0,0,0,0,0,2021,0,0,0,0,0,0,0,0.4031299948692322,0,0,0,0,0,0,0,1,0,0,0
BEN,667227,667,227,2,2,0,1,0,1,1,0,0,0,0,0,0,0,2021,0,0,0,0,0,0,0,2.3993600606918335,0,0,0,0,0,0,0,1,0,0,0
BEN,668010,668,10,1,2,0,1,0,1,1,0,0,0,0,0,0,0,2021,0,0,0,0,0,0,0,,0,0,0,0,12,1,0,1,0,0,0
BEN,668022,668,22,1,2,0,1,0,1,1,0,0,0,0,0,0,0,2021,0,0,0,0,0,0,0,,0,0,0,0,10,0,0,1,0,0,0
BEN,668033,668,33,1,2,0,1,0,1,1,0,0,0,0,0,0,0,2021,0,0,0,0,0,0,0,,0,2,0,0,8,0,0,1,0,0,0
BEN,668045,668,45,1,2,0,1,0,1,1,0,0,0,0,0,0,0,2021,0,0,0,0,0,0,0,,0,0,0,0,0,0,0,1,0,0,0
BEN,668057,668,57,1,4,0,1,0,1,1,0,0,0,0,0,0,0,2021,0,0,0,0,0,0,0,,0,1,0,0,6,1,0,0,1,0,0
BEN,668068,668,68,1,2,0,1,0,1,1,0,0,0,0,0,0,0,2021,0,0,0,0,0,0,0,,0,0,0,0,6,1,1,1,1,0,0
BEN,668080,668,80,1,2,1,1,1,1,1,0,0,1,0,0,0,0,2021,0,0,0,0,0,0,0,1.0199999809265137,0,0,0,0,0,1,0,0,1,0,0
BEN,668091,668,91,1,4,1,1,1,1,1,0,0,1,0,0,0,0,2021,1,0,0,0,0,0,0,0.6000000238418579,0,0,0,0,0,1,0,0,1,0,0
BEN,668103,668,103,1,4,1,1,0,1,1,0,0,0,0,0,0,0,2021,0,0,0,0,0,0,0,,0,0,0,0,0,0,1,1,0,1,0
BEN,668115,668,115,1,1,1,1,0,1,1,0,0,0,0,0,0,0,2021,0,0,0,0,0,0,0,,0,0,0,0,0,1,0,0,0,0,0
BEN,668126,668,126,1,4,1,1,1,1,1,0,0,0,0,0,0,0,2021,0,0,0,0,0,0,0,,0,0,0,0,0,1,0,0,1,0,0
BEN,668138,668,138,1,4,1,1,1,1,1,0,0,0,1,0,0,0,2021,0,0,0,0,0,0,0,,0,0,0,0,0,1,0,0,0,0,0
BEN,669012,669,12,2,2,0,1,0,1,0,0,0,0,0,0,0,0,2021,0,0,0,0,0,0,0,1.1619999408721924,0,3,0,0,14,1,0,1,0,0,0
BEN,669022,669,22,2,2,0,1,0,1,0,0,0,0,0,0,0,0,2021,0,0,0,0,0,0,0,0.6000000238418579,0,0,0,0,0,0,0,1,0,0,0
BEN,669032,669,32,2,1,0,1,0,1,1,0,0,0,0,0,0,0,2021,0,0,0,0,0,0,0,0.949999988079071,0,0,0,0,0,0,0,1,0,0,1
BEN,669051,669,51,2,2,0,0,0,1,1,0,0,0,1,0,0,0,2021,0,0,0,0,0,0,0,3.700000047683716,0,0,0,0,14,0,0,0,1,0,1
BEN,669061,669,61,2,1,0,1,0,1,1,0,0,0,0,0,0,0,2021,0,0,0,0,0,0,0,3.1623640060424805,0,0,0,0,0,0,1,1,0,0,0
BEN,669070,669,70,2,1,0,1,0,1,1,0,0,0,0,0,0,0,2021,0,0,0,0,0,0,0,,0,0,0,0,0,0,0,1,0,0,0
BEN,669090,669,90,2,2,0,1,0,1,1,0,0,0,0,0,0,0,2021,0,0,0,0,0,0,0,2.672349952161312,0,0,0,0,6,1,0,1,0,0,1
BEN,669099,669,99,2,1,0,1,0,1,1,0,0,0,0,0,0,0,2021,0,0,0,0,0,0,0,0.858506977558136,0,0,0,0,0,0,0,1,0,0,0
BEN,669109,669,109,2,1,0,1,0,1,1,0,0,0,0,0,0,0,2021,0,0,0,0,0,0,0,0.9125000238418579,0,0,0,0,0,0,0,1,0,0,0
BEN,669128,669,128,2,2,0,1,0,1,1,0,0,0,0,0,0,0,2021,0,0,0,0,0,0,0,0.2037999927997589,0,0,0,0,0,0,0,1,0,0,1
BEN,669138,669,138,2,2,0,1,0,1,1,0,0,0,0,0,0,0,2021,0,0,0,0,0,0,0,0.5666229724884033,0,3,8,0,0,0,0,1,0,0,1
BEN,669148,669,148,2,2,0,1,0,1,1,0,0,1,0,0,0,0,2021,0,0,0,0,0,0,0,6.9096360206604,0,15,5,0,0,0,0,1,0,0,1
BEN,670006,670,6,2,2,1,1,1,1,1,1,1,0,1,0,0,0,2021,0,0,0,0,0,0,0,0.6823899745941162,0,0,0,0,0,0,0,1,0,0,0
BEN,670015,670,15,2,2,1,1,1,1,1,1,1,0,1,0,0,0,2021,1,0,0,0,0,0,0,,0,25,0,0,0,0,0,1,0,0,0
BEN,670033,670,33,2,2,1,1,1,1,1,1,1,0,1,0,0,0,2021,0,0,0,0,0,0,0,,0,0,0,0,0,0,0,1,0,0,0
BEN,670042,670,42,2,2,1,1,1,1,1,1,1,0,1,1,1,0,2021,1,0,1,0,0,1,0,,0,0,0,0,0,0,0,1,0,0,0
BEN,670051,670,51,2,4,1,1,1,1,1,1,1,0,0,0,0,0,2021,0,0,0,0,0,0,0,,0,0,0,0,0,0,0,1,0,0,0
BEN,670069,670,69,2,4,0,1,0,1,0,1,1,0,0,0,0,0,2021,0,0,0,0,0,0,0,0.9273999929428101,0,0,0,0,0,1,0,1,0,0,0
BEN,670078,670,78,2,4,1,1,1,1,1,0,0,0,0,0,0,0,2021,0,0,0,0,0,0,0,0.6501200199127197,0,0,0,0,0,0,0,1,0,0,0
BEN,670087,670,87,2,4,1,1,1,1,1,0,0,1,0,0,0,0,2021,0,0,0,0,0,0,0,2.50600004196167,0,0,0,0,0,0,1,1,0,0,0
BEN,670105,670,105,2,3,1,1,0,1,1,0,0,1,0,0,0,0,2021,1,0,0,0,0,1,0,,0,0,0,0,0,0,0,1,0,0,0
BEN,670114,670,114,2,2,1,1,0,1,1,0,1,0,0,0,0,0,2021,0,0,0,0,0,0,0,,0,0,0,0,0,0,0,1,0,0,0
BEN,670123,670,123,2,4,0,1,0,1,1,0,0,0,0,0,0,0,2021,0,0,0,0,0,0,0,,0,0,0,0,0,0,0,1,0,0,0
BEN,670141,670,141,2,2,0,1,0,1,1,0,1,0,0,0,0,0,2021,0,0,0,0,0,0,0,,0,0,0,0,0,0,0,1,0,0,0
