year,grappe,menage,region,milieu,strate,panelHH,vague,hhweight
2021,111227,1,1,2,2,3,1,24.205637
2021,111227,2,1,2,2,3,1,24.205637
2021,111227,3,1,2,2,3,1,24.205637
2021,111227,4,1,2,2,3,1,24.205637
2021,111227,5,1,2,2,3,1,24.205637
2021,111227,8,1,2,2,3,1,24.205637
2021,111227,9,1,2,2,3,1,24.205637
2021,111227,10,1,2,2,3,1,24.205637
2021,111227,11,1,2,2,3,1,24.205637
2021,111227,13,1,2,2,3,1,24.205637
2021,111227,14,1,2,2,1,1,51.973904
2021,111227,46,1,2,2,1,1,51.973904
2021,111523,1,1,2,2,3,1,28.833681
2021,111523,2,1,2,2,3,1,28.833681
2021,111523,3,1,2,2,3,1,28.833681
2021,111523,4,1,2,2,3,1,28.833681
2021,111523,5,1,2,2,3,1,28.833681
2021,111523,6,1,2,2,3,1,28.833681
2021,111523,7,1,2,2,3,1,28.833681
2021,111523,8,1,2,2,3,1,28.833681
2021,111523,9,1,2,2,3,1,28.833681
2021,111523,10,1,2,2,3,1,28.833681
2021,111523,11,1,2,2,3,1,28.833681
2021,111523,12,1,2,2,3,1,28.833681
2021,111527,1,1,2,2,3,1,23.960552
2021,111527,2,1,2,2,3,1,23.960552
2021,111527,3,1,2,2,3,1,23.960552
2021,111527,4,1,2,2,3,1,23.960552
2021,111527,5,1,2,2,3,1,23.960552
2021,111527,6,1,2,2,3,1,23.960552
2021,111527,7,1,2,2,3,1,23.960552
2021,111527,8,1,2,2,3,1,23.960552
2021,111527,9,1,2,2,3,1,23.960552
2021,111527,10,1,2,2,3,1,23.960552
2021,111527,11,1,2,2,3,1,23.960552
2021,111527,20,1,2,2,1,1,82.4381
2021,122127,1,2,2,4,3,1,16.67852
2021,122127,2,2,2,4,3,1,16.67852
2021,122127,3,2,2,4,3,1,16.67852
2021,122127,4,2,2,4,3,1,16.67852
2021,122127,5,2,2,4,3,1,16.67852
2021,122127,6,2,2,4,3,1,16.67852
2021,122127,8,2,2,4,3,1,16.67852
2021,122127,9,2,2,4,3,1,16.67852
2021,122127,10,2,2,4,3,1,16.67852
2021,122127,11,2,2,4,3,1,16.67852
2021,122127,13,2,2,4,3,1,16.67852
2021,122127,143,2,2,4,1,1,56.853256
2021,122129,1,2,2,4,3,1,16.816423
2021,122129,2,2,2,4,3,1,16.816423
2021,122129,3,2,2,4,3,1,16.816423
2021,122129,4,2,2,4,3,1,16.816423
2021,122129,5,2,2,4,3,1,16.816423
2021,122129,6,2,2,4,3,1,16.816423
2021,122129,7,2,2,4,3,1,16.816423
2021,122129,8,2,2,4,3,1,16.816423
2021,122129,9,2,2,4,3,1,16.816423
2021,122129,11,2,2,4,3,1,16.816423
2021,122129,13,2,2,4,3,1,16.816423
2021,122129,20,2,2,4,1,1,55.336323
2021,122221,1,2,2,4,3,1,20.026415
2021,122221,2,2,2,4,3,1,20.026415
2021,122221,3,2,2,4,3,1,20.026415
2021,122221,4,2,2,4,3,1,20.026415
2021,122221,5,2,2,4,3,1,20.026415
2021,122221,6,2,2,4,3,1,20.026415
2021,122221,7,2,2,4,3,1,20.026415
2021,122221,8,2,2,4,3,1,20.026415
2021,122221,9,2,2,4,3,1,20.026415
2021,122221,10,2,2,4,3,1,20.026415
2021,122221,11,2,2,4,3,1,20.026415
2021,122221,13,2,2,4,3,1,20.026415
2021,122223,1,2,2,4,3,1,20.026415
2021,122223,2,2,2,4,3,1,20.026415
2021,122223,3,2,2,4,3,1,20.026415
2021,122223,4,2,2,4,3,1,20.026415
2021,122223,5,2,2,4,3,1,20.026415
2021,122223,6,2,2,4,3,1,20.026415
2021,122223,7,2,2,4,3,1,20.026415
2021,122223,8,2,2,4,3,1,20.026415
2021,122223,9,2,2,4,3,1,20.026415
2021,122223,10,2,2,4,3,1,20.026415
2021,122223,11,2,2,4,3,1,20.026415
2021,122223,12,2,2,4,3,1,20.026415
2021,122225,1,2,2,4,3,1,20.026415
2021,122225,2,2,2,4,3,1,20.026415
2021,122225,3,2,2,4,3,1,20.026415
2021,122225,4,2,2,4,3,1,20.026415
2021,122225,5,2,2,4,3,1,20.026415
2021,122225,6,2,2,4,3,1,20.026415
2021,122225,7,2,2,4,3,1,20.026415
2021,122225,8,2,2,4,3,1,20.026415
2021,122225,9,2,2,4,3,1,20.026415
2021,122225,10,2,2,4,3,1,20.026415
2021,122225,13,2,2,4,3,1,20.026415
2021,122225,14,2,2,4,3,1,20.026415
2021,122321,1,2,2,4,3,1,20.026415
2021,122321,2,2,2,4,3,1,20.026415
2021,122321,3,2,2,4,3,1,20.026415
2021,122321,4,2,2,4,3,1,20.026415
2021,122321,5,2,2,4,3,1,20.026415
2021,122321,6,2,2,4,3,1,20.026415
2021,122321,7,2,2,4,3,1,20.026415
2021,122321,8,2,2,4,3,1,20.026415
2021,122321,9,2,2,4,3,1,20.026415
2021,122321,10,2,2,4,3,1,20.026415
2021,122321,11,2,2,4,3,1,20.026415
2021,122321,12,2,2,4,3,1,20.026415
2021,122322,1,2,2,4,3,1,20.026417
2021,122322,2,2,2,4,3,1,20.026417
2021,122322,3,2,2,4,3,1,20.026417
2021,122322,4,2,2,4,3,1,20.026417
2021,122322,5,2,2,4,3,1,20.026417
2021,122322,6,2,2,4,3,1,20.026417
2021,122322,7,2,2,4,3,1,20.026417
2021,122322,8,2,2,4,3,1,20.026417
2021,122322,9,2,2,4,3,1,20.026417
2021,122322,10,2,2,4,3,1,20.026417
2021,122322,11,2,2,4,3,1,20.026417
2021,122322,13,2,2,4,3,1,20.026417
2021,122324,1,2,2,4,3,1,20.026415
2021,122324,2,2,2,4,3,1,20.026415
2021,122324,3,2,2,4,3,1,20.026415
2021,122324,4,2,2,4,3,1,20.026415
2021,122324,5,2,2,4,3,1,20.026415
2021,122324,6,2,2,4,3,1,20.026415
2021,122324,7,2,2,4,3,1,20.026415
2021,122324,8,2,2,4,3,1,20.026415
2021,122324,9,2,2,4,3,1,20.026415
2021,122324,10,2,2,4,3,1,20.026415
2021,122324,11,2,2,4,3,1,20.026415
2021,122324,13,2,2,4,3,1,20.026415
2021,122326,1,2,2,4,3,1,20.026417
2021,122326,2,2,2,4,3,1,20.026417
2021,122326,3,2,2,4,3,1,20.026417
2021,122326,4,2,2,4,3,1,20.026417
2021,122326,5,2,2,4,3,1,20.026417
2021,122326,6,2,2,4,3,1,20.026417
2021,122326,7,2,2,4,3,1,20.026417
2021,122326,8,2,2,4,3,1,20.026417
2021,122326,9,2,2,4,3,1,20.026417
2021,122326,10,2,2,4,3,1,20.026417
2021,122326,13,2,2,4,3,1,20.026417
2021,122326,14,2,2,4,3,1,20.026417
2021,122328,2,2,2,4,3,1,18.566013
2021,122328,3,2,2,4,3,1,18.566013
2021,122328,4,2,2,4,3,1,18.566013
2021,122328,5,2,2,4,3,1,18.566013
2021,122328,6,2,2,4,3,1,18.566013
2021,122328,7,2,2,4,3,1,18.566013
2021,122328,8,2,2,4,3,1,18.566013
2021,122328,9,2,2,4,3,1,18.566013
2021,122328,10,2,2,4,3,1,18.566013
2021,122328,13,2,2,4,3,1,18.566013
2021,122328,16,2,2,4,1,1,54.65686
2021,122421,1,2,2,4,3,1,16.750105
2021,122421,2,2,2,4,3,1,16.750105
2021,122421,3,2,2,4,3,1,16.750105
2021,122421,4,2,2,4,3,1,16.750105
2021,122421,6,2,2,4,3,1,16.750105
2021,122421,7,2,2,4,3,1,16.750105
2021,122421,8,2,2,4,3,1,16.750105
2021,122421,9,2,2,4,3,1,16.750105
2021,122421,10,2,2,4,3,1,16.750105
2021,122421,11,2,2,4,3,1,16.750105
2021,122421,12,2,2,4,3,1,16.750105
2021,122421,56,2,2,4,1,1,56.065838
2021,122424,1,2,2,4,3,1,20.026415
2021,122424,2,2,2,4,3,1,20.026415
2021,122424,3,2,2,4,3,1,20.026415
2021,122424,4,2,2,4,3,1,20.026415
2021,122424,5,2,2,4,3,1,20.026415
2021,122424,6,2,2,4,3,1,20.026415
2021,122424,7,2,2,4,3,1,20.026415
2021,122424,8,2,2,4,3,1,20.026415
2021,122424,9,2,2,4,3,1,20.026415
2021,122424,10,2,2,4,3,1,20.026415
2021,122424,11,2,2,4,3,1,20.026415
2021,122424,12,2,2,4,3,1,20.026415
2021,122426,1,2,2,4,3,1,16.566391
2021,122426,2,2,2,4,3,1,16.566391
2021,122426,3,2,2,4,3,1,16.566391
2021,122426,4,2,2,4,3,1,16.566391
2021,122426,5,2,2,4,3,1,16.566391
2021,122426,6,2,2,4,3,1,16.566391
2021,122426,7,2,2,4,3,1,16.566391
2021,122426,8,2,2,4,3,1,16.566391
2021,122426,9,2,2,4,3,1,16.566391
2021,122426,10,2,2,4,3,1,16.566391
2021,122426,13,2,2,4,3,1,16.566391
2021,122426,60,2,2,4,1,1,58.086685
2021,122429,1,2,2,4,3,1,16.96881
2021,122429,2,2,2,4,3,1,16.96881
2021,122429,3,2,2,4,3,1,16.96881
2021,122429,4,2,2,4,3,1,16.96881
2021,122429,5,2,2,4,3,1,16.96881
2021,122429,6,2,2,4,3,1,16.96881
2021,122429,7,2,2,4,3,1,16.96881
2021,122429,8,2,2,4,3,1,16.96881
2021,122429,9,2,2,4,3,1,16.96881
2021,122429,10,2,2,4,3,1,16.96881
2021,122429,12,2,2,4,3,1,16.96881
2021,122429,13,2,2,4,1,1,53.660088
2021,144126,1,4,2,8,3,1,21.457142
2021,144126,2,4,2,8,3,1,21.457142
2021,144126,3,4,2,8,3,1,21.457142
2021,144126,4,4,2,8,3,1,21.457142
2021,144126,5,4,2,8,3,1,21.457142
2021,144126,6,4,2,8,3,1,21.457142
2021,144126,7,4,2,8,3,1,21.457142
2021,144126,8,4,2,8,3,1,21.457142
2021,144126,9,4,2,8,3,1,21.457142
2021,144126,12,4,2,8,3,1,21.457142
2021,144126,13,4,2,8,1,1,44.029125
2021,144126,26,4,2,8,1,1,44.029125
2021,144226,1,4,2,8,3,1,25.219137
2021,144226,2,4,2,8,3,1,25.219137
2021,144226,3,4,2,8,3,1,25.219137
2021,144226,4,4,2,8,3,1,25.219137
2021,144226,5,4,2,8,3,1,25.219137
2021,144226,6,4,2,8,3,1,25.219137
2021,144226,7,4,2,8,3,1,25.219137
2021,144226,8,4,2,8,3,1,25.219137
2021,144226,9,4,2,8,3,1,25.219137
2021,144226,10,4,2,8,3,1,25.219137
2021,144226,11,4,2,8,3,1,25.219137
2021,144226,13,4,2,8,3,1,25.219137
2021,144328,1,4,2,8,3,1,21.375319
2021,144328,2,4,2,8,3,1,21.375319
2021,144328,3,4,2,8,3,1,21.375319
2021,144328,4,4,2,8,3,1,21.375319
2021,144328,5,4,2,8,3,1,21.375319
2021,144328,6,4,2,8,3,1,21.375319
2021,144328,7,4,2,8,3,1,21.375319
2021,144328,8,4,2,8,3,1,21.375319
2021,144328,9,4,2,8,3,1,21.375319
2021,144328,10,4,2,8,3,1,21.375319
2021,144328,15,4,2,8,1,1,44.438225
2021,144328,19,4,2,8,1,1,44.438225
2021,155123,2,5,2,10,3,1,11.572963
2021,155123,4,5,2,10,3,1,11.572963
2021,155123,5,5,2,10,3,1,11.572963
2021,155123,6,5,2,10,3,1,11.572963
2021,155123,7,5,2,10,3,1,11.572963
2021,155123,8,5,2,10,3,1,11.572963
2021,155123,9,5,2,10,3,1,11.572963
2021,155123,11,5,2,10,3,1,11.572963
2021,155123,13,5,2,10,3,1,11.572963
2021,155123,15,5,2,10,1,1,20.04496
2021,155123,20,5,2,10,1,1,20.04496
2021,155123,21,5,2,10,1,1,20.04496
2021,155128,1,5,2,10,3,1,11.537745
2021,155128,2,5,2,10,3,1,11.537745
2021,155128,3,5,2,10,3,1,11.537745
2021,155128,4,5,2,10,3,1,11.537745
2021,155128,5,5,2,10,3,1,11.537745
2021,155128,6,5,2,10,3,1,11.537745
2021,155128,7,5,2,10,3,1,11.537745
2021,155128,9,5,2,10,3,1,11.537745
2021,155128,10,5,2,10,3,1,11.537745
2021,155128,11,5,2,10,3,1,11.537745
2021,155128,12,5,2,10,3,1,11.537745
2021,155128,53,5,2,10,1,1,37.376335
2021,155129,1,5,2,10,3,1,11.550971
2021,155129,2,5,2,10,3,1,11.550971
2021,155129,3,5,2,10,3,1,11.550971
2021,155129,4,5,2,10,3,1,11.550971
2021,155129,5,5,2,10,3,1,11.550971
2021,155129,7,5,2,10,3,1,11.550971
2021,155129,8,5,2,10,3,1,11.550971
2021,155129,9,5,2,10,3,1,11.550971
2021,155129,10,5,2,10,3,1,11.550971
2021,155129,11,5,2,10,3,1,11.550971
2021,155129,12,5,2,10,3,1,11.550971
2021,155129,38,5,2,10,1,1,37.230858
2021,155223,1,5,2,10,3,1,13.690962
2021,155223,2,5,2,10,3,1,13.690962
2021,155223,3,5,2,10,3,1,13.690962
2021,155223,4,5,2,10,3,1,13.690962
2021,155223,5,5,2,10,3,1,13.690962
2021,155223,6,5,2,10,3,1,13.690962
2021,155223,7,5,2,10,3,1,13.690962
2021,155223,8,5,2,10,3,1,13.690962
2021,155223,9,5,2,10,3,1,13.690962
2021,155223,10,5,2,10,3,1,13.690962
2021,155223,13,5,2,10,3,1,13.690962
2021,155223,14,5,2,10,3,1,13.690962
2021,155225,1,5,2,10,3,1,9.532816
2021,155225,3,5,2,10,3,1,9.532816
2021,155225,4,5,2,10,3,1,9.532816
2021,155225,5,5,2,10,3,1,9.532816
2021,155225,6,5,2,10,3,1,9.532816
2021,155225,7,5,2,10,3,1,9.532816
2021,155225,8,5,2,10,3,1,9.532816
2021,155225,9,5,2,10,3,1,9.532816
2021,155225,10,5,2,10,3,1,9.532816
2021,155225,13,5,2,10,3,1,9.532816
2021,155225,14,5,2,10,3,1,9.532816
2021,155225,15,5,2,10,1,1,59.430565
2021,155322,1,5,2,10,3,1,13.690963
2021,155322,2,5,2,10,3,1,13.690963
2021,155322,3,5,2,10,3,1,13.690963
2021,155322,4,5,2,10,3,1,13.690963
2021,155322,5,5,2,10,3,1,13.690963
2021,155322,6,5,2,10,3,1,13.690963
2021,155322,7,5,2,10,3,1,13.690963
2021,155322,8,5,2,10,3,1,13.690963
2021,155322,9,5,2,10,3,1,13.690963
2021,155322,10,5,2,10,3,1,13.690963
2021,155322,11,5,2,10,3,1,13.690963
2021,155322,13,5,2,10,3,1,13.690963
2021,155323,1,5,2,10,3,1,11.508562
2021,155323,3,5,2,10,3,1,11.508562
2021,155323,4,5,2,10,3,1,11.508562
2021,155323,5,5,2,10,3,1,11.508562
2021,155323,6,5,2,10,3,1,11.508562
2021,155323,7,5,2,10,3,1,11.508562
2021,155323,8,5,2,10,3,1,11.508562
2021,155323,9,5,2,10,3,1,11.508562
2021,155323,10,5,2,10,3,1,11.508562
2021,155323,11,5,2,10,3,1,11.508562
2021,155323,12,5,2,10,3,1,11.508562
2021,155323,60,5,2,10,1,1,37.69736
2021,155325,1,5,2,10,3,1,12.615928
2021,155325,2,5,2,10,3,1,12.615928
2021,155325,3,5,2,10,3,1,12.615928
2021,155325,4,5,2,10,3,1,12.615928
2021,155325,5,5,2,10,3,1,12.615928
2021,155325,6,5,2,10,3,1,12.615928
2021,155325,8,5,2,10,3,1,12.615928
2021,155325,9,5,2,10,3,1,12.615928
2021,155325,10,5,2,10,3,1,12.615928
2021,155325,13,5,2,10,3,1,12.615928
2021,155325,14,5,2,10,1,1,38.13226
2021,155424,2,5,2,10,3,1,11.31651
2021,155424,3,5,2,10,3,1,11.31651
2021,155424,4,5,2,10,3,1,11.31651
2021,155424,5,5,2,10,3,1,11.31651
2021,155424,6,5,2,10,3,1,11.31651
2021,155424,7,5,2,10,3,1,11.31651
2021,155424,8,5,2,10,3,1,11.31651
2021,155424,9,5,2,10,3,1,11.31651
2021,155424,10,5,2,10,3,1,11.31651
2021,155424,14,5,2,10,1,1,20.814316
2021,155424,81,5,2,10,1,1,20.814316
2021,155424,99,5,2,10,1,1,20.814316
2021,155426,1,5,2,10,3,1,13.690962
2021,155426,2,5,2,10,3,1,13.690962
2021,155426,3,5,2,10,3,1,13.690962
2021,155426,4,5,2,10,3,1,13.690962
2021,155426,5,5,2,10,3,1,13.690962
2021,155426,6,5,2,10,3,1,13.690962
2021,155426,7,5,2,10,3,1,13.690962
2021,155426,8,5,2,10,3,1,13.690962
2021,155426,9,5,2,10,3,1,13.690962
2021,155426,10,5,2,10,3,1,13.690962
2021,155426,11,5,2,10,3,1,13.690962
2021,155426,12,5,2,10,3,1,13.690962
2021,155428,2,5,2,10,3,1,11.362827
2021,155428,3,5,2,10,3,1,11.362827
2021,155428,4,5,2,10,3,1,11.362827
2021,155428,5,5,2,10,3,1,11.362827
2021,155428,6,5,2,10,3,1,11.362827
2021,155428,7,5,2,10,3,1,11.362827
2021,155428,8,5,2,10,3,1,11.362827
2021,155428,9,5,2,10,3,1,11.362827
2021,155428,10,5,2,10,3,1,11.362827
2021,155428,11,5,2,10,3,1,11.362827
2021,155428,12,5,2,10,3,1,11.362827
2021,155428,94,5,2,10,1,1,39.300438
2021,166426,1,6,2,12,3,1,39.778778
2021,166426,2,6,2,12,3,1,39.778778
2021,166426,3,6,2,12,3,1,39.778778
2021,166426,4,6,2,12,3,1,39.778778
2021,166426,5,6,2,12,3,1,39.778778
2021,166426,6,6,2,12,3,1,39.778778
2021,166426,7,6,2,12,3,1,39.778778
2021,166426,8,6,2,12,3,1,39.778778
2021,166426,9,6,2,12,3,1,39.778778
2021,166426,10,6,2,12,3,1,39.778778
2021,166426,11,6,2,12,3,1,39.778778
2021,166426,12,6,2,12,3,1,39.778778
2021,166629,1,6,2,12,3,1,39.77878
2021,166629,2,6,2,12,3,1,39.77878
2021,166629,3,6,2,12,3,1,39.77878
2021,166629,4,6,2,12,3,1,39.77878
2021,166629,5,6,2,12,3,1,39.77878
2021,166629,6,6,2,12,3,1,39.77878
2021,166629,7,6,2,12,3,1,39.77878
2021,166629,8,6,2,12,3,1,39.77878
2021,166629,9,6,2,12,3,1,39.77878
2021,166629,10,6,2,12,3,1,39.77878
2021,166629,11,6,2,12,3,1,39.77878
2021,166629,13,6,2,12,3,1,39.77878
2021,177225,1,7,2,14,3,1,45.956974
2021,177225,2,7,2,14,3,1,45.956974
2021,177225,3,7,2,14,3,1,45.956974
2021,177225,4,7,2,14,3,1,45.956974
2021,177225,5,7,2,14,3,1,45.956974
2021,177225,6,7,2,14,3,1,45.956974
2021,177225,7,7,2,14,3,1,45.956974
2021,177225,8,7,2,14,3,1,45.956974
2021,177225,9,7,2,14,3,1,45.956974
2021,177225,10,7,2,14,3,1,45.956974
2021,177225,11,7,2,14,3,1,45.956974
2021,177225,13,7,2,14,3,1,45.956974
2021,177328,1,7,2,14,3,1,45.956978
2021,177328,2,7,2,14,3,1,45.956978
2021,177328,3,7,2,14,3,1,45.956978
2021,177328,4,7,2,14,3,1,45.956978
2021,177328,5,7,2,14,3,1,45.956978
2021,177328,6,7,2,14,3,1,45.956978
2021,177328,7,7,2,14,3,1,45.956978
2021,177328,8,7,2,14,3,1,45.956978
2021,177328,9,7,2,14,3,1,45.956978
2021,177328,10,7,2,14,3,1,45.956978
2021,177328,11,7,2,14,3,1,45.956978
2021,177328,12,7,2,14,3,1,45.956978
2021,188128,1,8,2,16,3,1,48.268524
2021,188128,2,8,2,16,3,1,48.268524
2021,188128,3,8,2,16,3,1,48.268524
2021,188128,4,8,2,16,3,1,48.268524
2021,188128,5,8,2,16,3,1,48.268524
2021,188128,6,8,2,16,3,1,48.268524
2021,188128,7,8,2,16,3,1,48.268524
2021,188128,8,8,2,16,3,1,48.268524
2021,188128,9,8,2,16,3,1,48.268524
2021,188128,10,8,2,16,3,1,48.268524
2021,188128,11,8,2,16,3,1,48.268524
2021,188128,20,8,2,16,1,1,157.39783
2021,188227,1,8,2,16,3,1,53.584835
2021,188227,4,8,2,16,3,1,53.584835
2021,188227,6,8,2,16,3,1,53.584835
2021,188227,7,8,2,16,3,1,53.584835
2021,188227,8,8,2,16,3,1,53.584835
2021,188227,9,8,2,16,3,1,53.584835
2021,188227,13,8,2,16,3,1,53.584835
2021,188227,15,8,2,16,3,1,53.584835
2021,188227,20,8,2,16,1,1,86.557655
2021,188227,21,8,2,16,1,1,86.557655
2021,188227,47,8,2,16,1,1,86.557655
2021,188321,1,8,2,16,3,1,48.158115
2021,188321,2,8,2,16,3,1,48.158115
2021,188321,4,8,2,16,3,1,48.158115
2021,188321,5,8,2,16,3,1,48.158115
2021,188321,6,8,2,16,3,1,48.158115
2021,188321,7,8,2,16,3,1,48.158115
2021,188321,8,8,2,16,3,1,48.158115
2021,188321,9,8,2,16,3,1,48.158115
2021,188321,11,8,2,16,3,1,48.158115
2021,188321,12,8,2,16,3,1,48.158115
2021,188321,20,8,2,16,1,1,103.38523
2021,188321,24,8,2,16,1,1,103.38523
2021,188325,1,8,2,16,3,1,48.303467
2021,188325,3,8,2,16,3,1,48.303467
2021,188325,4,8,2,16,3,1,48.303467
2021,188325,5,8,2,16,3,1,48.303467
2021,188325,6,8,2,16,3,1,48.303467
2021,188325,9,8,2,16,3,1,48.303467
2021,188325,10,8,2,16,3,1,48.303467
2021,188325,11,8,2,16,3,1,48.303467
2021,188325,12,8,2,16,3,1,48.303467
2021,188325,13,8,2,16,1,1,84.540146
2021,188325,25,8,2,16,1,1,84.540146
2021,188325,53,8,2,16,1,1,84.540146
2021,188428,1,8,2,16,3,1,57.362633
2021,188428,2,8,2,16,3,1,57.362633
2021,188428,3,8,2,16,3,1,57.362633
2021,188428,4,8,2,16,3,1,57.362633
2021,188428,5,8,2,16,3,1,57.362633
2021,188428,6,8,2,16,3,1,57.362633
2021,188428,7,8,2,16,3,1,57.362633
2021,188428,8,8,2,16,3,1,57.362633
2021,188428,9,8,2,16,3,1,57.362633
2021,188428,10,8,2,16,3,1,57.362633
2021,188428,11,8,2,16,3,1,57.362633
2021,188428,12,8,2,16,3,1,57.362633
2021,199114,1,9,1,17,3,1,55.364025
2021,199114,2,9,1,17,3,1,55.364025
2021,199114,3,9,1,17,3,1,55.364025
2021,199114,4,9,1,17,3,1,55.364025
2021,199114,5,9,1,17,3,1,55.364025
2021,199114,7,9,1,17,3,1,55.364025
2021,199114,8,9,1,17,3,1,55.364025
2021,199114,10,9,1,17,3,1,55.364025
2021,199114,11,9,1,17,3,1,55.364025
2021,199114,20,9,1,17,1,1,89.51672
2021,199114,21,9,1,17,1,1,89.51672
2021,199114,63,9,1,17,1,1,89.51672
2021,199214,1,9,1,17,3,1,53.580624
2021,199214,2,9,1,17,3,1,53.580624
2021,199214,3,9,1,17,3,1,53.580624
2021,199214,4,9,1,17,3,1,53.580624
2021,199214,5,9,1,17,3,1,53.580624
2021,199214,6,9,1,17,3,1,53.580624
2021,199214,8,9,1,17,3,1,53.580624
2021,199214,9,9,1,17,3,1,53.580624
2021,199214,11,9,1,17,3,1,53.580624
2021,199214,20,9,1,17,1,1,94.866936
2021,199214,51,9,1,17,1,1,94.866936
2021,199214,70,9,1,17,1,1,94.866936
2021,199219,1,9,1,17,3,1,52.799213
2021,199219,3,9,1,17,3,1,52.799213
2021,199219,4,9,1,17,3,1,52.799213
2021,199219,5,9,1,17,3,1,52.799213
2021,199219,6,9,1,17,3,1,52.799213
2021,199219,7,9,1,17,3,1,52.799213
2021,199219,8,9,1,17,3,1,52.799213
2021,199219,10,9,1,17,3,1,52.799213
2021,199219,11,9,1,17,3,1,52.799213
2021,199219,13,9,1,17,3,1,52.799213
2021,199219,27,9,1,17,1,1,119.41712
2021,199219,43,9,1,17,1,1,119.41712
2021,199314,1,9,1,17,3,1,52.9864
2021,199314,2,9,1,17,3,1,52.9864
2021,199314,3,9,1,17,3,1,52.9864
2021,199314,4,9,1,17,3,1,52.9864
2021,199314,5,9,1,17,3,1,52.9864
2021,199314,6,9,1,17,3,1,52.9864
2021,199314,7,9,1,17,3,1,52.9864
2021,199314,9,9,1,17,3,1,52.9864
2021,199314,10,9,1,17,3,1,52.9864
2021,199314,13,9,1,17,3,1,52.9864
2021,199314,56,9,1,17,1,1,118.48119
2021,199314,64,9,1,17,1,1,118.48119
2021,199318,1,9,1,17,3,1,63.902203
2021,199318,2,9,1,17,3,1,63.902203
2021,199318,3,9,1,17,3,1,63.902203
2021,199318,4,9,1,17,3,1,63.902203
2021,199318,5,9,1,17,3,1,63.902203
2021,199318,6,9,1,17,3,1,63.902203
2021,199318,7,9,1,17,3,1,63.902203
2021,199318,8,9,1,17,3,1,63.902203
2021,199318,9,9,1,17,3,1,63.902203
2021,199318,10,9,1,17,3,1,63.902203
2021,199318,11,9,1,17,3,1,63.902203
2021,199318,13,9,1,17,3,1,63.902203
2021,199712,1,9,1,17,3,1,52.65715
2021,199712,2,9,1,17,3,1,52.65715
2021,199712,3,9,1,17,3,1,52.65715
2021,199712,4,9,1,17,3,1,52.65715
2021,199712,5,9,1,17,3,1,52.65715
2021,199712,6,9,1,17,3,1,52.65715
2021,199712,7,9,1,17,3,1,52.65715
2021,199712,8,9,1,17,3,1,52.65715
2021,199712,9,9,1,17,3,1,52.65715
2021,199712,10,9,1,17,3,1,52.65715
2021,199712,11,9,1,17,3,1,52.65715
2021,199712,82,9,1,17,1,1,187.59776
2021,199715,1,9,1,17,3,1,62.656883
2021,199715,2,9,1,17,3,1,62.656883
2021,199715,4,9,1,17,3,1,62.656883
2021,199715,5,9,1,17,3,1,62.656883
2021,199715,8,9,1,17,3,1,62.656883
2021,199715,12,9,1,17,3,1,62.656883
2021,199715,13,9,1,17,1,1,78.17703
2021,199715,35,9,1,17,1,1,78.17703
2021,199715,38,9,1,17,1,1,78.17703
2021,199715,43,9,1,17,1,1,78.17703
2021,199715,51,9,1,17,1,1,78.17703
2021,199719,1,9,1,17,3,1,50.374634
2021,199719,2,9,1,17,3,1,50.374634
2021,199719,3,9,1,17,3,1,50.374634
2021,199719,6,9,1,17,3,1,50.374634
2021,199719,7,9,1,17,3,1,50.374634
2021,199719,8,9,1,17,3,1,50.374634
2021,199719,14,9,1,17,3,1,50.374634
2021,199719,15,9,1,17,3,1,50.374634
2021,199719,16,9,1,17,3,1,50.374634
2021,199719,20,9,1,17,1,1,104.48491
2021,199719,21,9,1,17,1,1,104.48491
2021,199719,45,9,1,17,1,1,104.48491
2021,199812,1,9,1,17,3,1,57.396065
2021,199812,2,9,1,17,3,1,57.396065
2021,199812,3,9,1,17,3,1,57.396065
2021,199812,4,9,1,17,3,1,57.396065
2021,199812,7,9,1,17,3,1,57.396065
2021,199812,8,9,1,17,3,1,57.396065
2021,199812,10,9,1,17,3,1,57.396065
2021,199812,11,9,1,17,3,1,57.396065
2021,199812,20,9,1,17,1,1,102.55262
2021,199812,21,9,1,17,1,1,102.55262
2021,199812,76,9,1,17,1,1,102.55262
2021,199816,1,9,1,17,3,1,52.29134
2021,199816,2,9,1,17,3,1,52.29134
2021,199816,3,9,1,17,3,1,52.29134
2021,199816,5,9,1,17,3,1,52.29134
2021,199816,6,9,1,17,3,1,52.29134
2021,199816,7,9,1,17,3,1,52.29134
2021,199816,8,9,1,17,3,1,52.29134
2021,199816,9,9,1,17,3,1,52.29134
2021,199816,10,9,1,17,3,1,52.29134
2021,199816,11,9,1,17,3,1,52.29134
2021,199816,13,9,1,17,3,1,52.29134
2021,199816,75,9,1,17,1,1,191.62169
2021,211122,1,1,2,2,3,2,28.833683
2021,211122,2,1,2,2,3,2,28.833683
2021,211122,3,1,2,2,3,2,28.833683
2021,211122,4,1,2,2,3,2,28.833683
2021,211122,5,1,2,2,3,2,28.833683
2021,211122,6,1,2,2,3,2,28.833683
2021,211122,7,1,2,2,3,2,28.833683
2021,211122,8,1,2,2,3,2,28.833683
2021,211122,9,1,2,2,3,2,28.833683
2021,211122,10,1,2,2,3,2,28.833683
2021,211122,11,1,2,2,3,2,28.833683
2021,211122,12,1,2,2,3,2,28.833683
2021,211125,1,1,2,2,3,2,28.833681
2021,211125,2,1,2,2,3,2,28.833681
2021,211125,3,1,2,2,3,2,28.833681
2021,211125,4,1,2,2,3,2,28.833681
2021,211125,5,1,2,2,3,2,28.833681
2021,211125,6,1,2,2,3,2,28.833681
2021,211125,7,1,2,2,3,2,28.833681
2021,211125,8,1,2,2,3,2,28.833681
2021,211125,9,1,2,2,3,2,28.833681
2021,211125,10,1,2,2,3,2,28.833681
2021,211125,11,1,2,2,3,2,28.833681
2021,211125,13,1,2,2,3,2,28.833681
2021,211129,1,1,2,2,3,2,28.833681
2021,211129,2,1,2,2,3,2,28.833681
2021,211129,3,1,2,2,3,2,28.833681
2021,211129,4,1,2,2,3,2,28.833681
2021,211129,5,1,2,2,3,2,28.833681
2021,211129,6,1,2,2,3,2,28.833681
2021,211129,7,1,2,2,3,2,28.833681
2021,211129,8,1,2,2,3,2,28.833681
2021,211129,9,1,2,2,3,2,28.833681
2021,211129,10,1,2,2,3,2,28.833681
2021,211129,11,1,2,2,3,2,28.833681
2021,211129,13,1,2,2,3,2,28.833681
2021,211221,1,1,2,2,3,2,28.833681
2021,211221,2,1,2,2,3,2,28.833681
2021,211221,3,1,2,2,3,2,28.833681
2021,211221,4,1,2,2,3,2,28.833681
2021,211221,5,1,2,2,3,2,28.833681
2021,211221,6,1,2,2,3,2,28.833681
2021,211221,7,1,2,2,3,2,28.833681
2021,211221,8,1,2,2,3,2,28.833681
2021,211221,9,1,2,2,3,2,28.833681
2021,211221,10,1,2,2,3,2,28.833681
2021,211221,11,1,2,2,3,2,28.833681
2021,211221,12,1,2,2,3,2,28.833681
2021,211224,1,1,2,2,3,2,24.05849
2021,211224,2,1,2,2,3,2,24.05849
2021,211224,4,1,2,2,3,2,24.05849
2021,211224,5,1,2,2,3,2,24.05849
2021,211224,6,1,2,2,3,2,24.05849
2021,211224,7,1,2,2,3,2,24.05849
2021,211224,8,1,2,2,3,2,24.05849
2021,211224,9,1,2,2,3,2,24.05849
2021,211224,10,1,2,2,3,2,24.05849
2021,211224,11,1,2,2,3,2,24.05849
2021,211224,13,1,2,2,3,2,24.05849
2021,211224,14,1,2,2,1,2,81.36078
2021,211323,1,1,2,2,3,2,28.833683
2021,211323,2,1,2,2,3,2,28.833683
2021,211323,3,1,2,2,3,2,28.833683
2021,211323,4,1,2,2,3,2,28.833683
2021,211323,5,1,2,2,3,2,28.833683
2021,211323,6,1,2,2,3,2,28.833683
2021,211323,7,1,2,2,3,2,28.833683
2021,211323,8,1,2,2,3,2,28.833683
2021,211323,9,1,2,2,3,2,28.833683
2021,211323,10,1,2,2,3,2,28.833683
2021,211323,11,1,2,2,3,2,28.833683
2021,211323,12,1,2,2,3,2,28.833683
2021,211326,1,1,2,2,3,2,28.833683
2021,211326,2,1,2,2,3,2,28.833683
2021,211326,3,1,2,2,3,2,28.833683
2021,211326,4,1,2,2,3,2,28.833683
2021,211326,5,1,2,2,3,2,28.833683
2021,211326,6,1,2,2,3,2,28.833683
2021,211326,7,1,2,2,3,2,28.833683
2021,211326,8,1,2,2,3,2,28.833683
2021,211326,9,1,2,2,3,2,28.833683
2021,211326,10,1,2,2,3,2,28.833683
2021,211326,11,1,2,2,3,2,28.833683
2021,211326,12,1,2,2,3,2,28.833683
2021,211423,1,1,2,2,3,2,28.833683
2021,211423,2,1,2,2,3,2,28.833683
2021,211423,3,1,2,2,3,2,28.833683
2021,211423,4,1,2,2,3,2,28.833683
2021,211423,5,1,2,2,3,2,28.833683
2021,211423,6,1,2,2,3,2,28.833683
2021,211423,7,1,2,2,3,2,28.833683
2021,211423,8,1,2,2,3,2,28.833683
2021,211423,9,1,2,2,3,2,28.833683
2021,211423,10,1,2,2,3,2,28.833683
2021,211423,11,1,2,2,3,2,28.833683
2021,211423,12,1,2,2,3,2,28.833683
2021,211427,1,1,2,2,3,2,28.833681
2021,211427,2,1,2,2,3,2,28.833681
2021,211427,3,1,2,2,3,2,28.833681
2021,211427,4,1,2,2,3,2,28.833681
2021,211427,5,1,2,2,3,2,28.833681
2021,211427,6,1,2,2,3,2,28.833681
2021,211427,7,1,2,2,3,2,28.833681
2021,211427,8,1,2,2,3,2,28.833681
2021,211427,9,1,2,2,3,2,28.833681
2021,211427,10,1,2,2,3,2,28.833681
2021,211427,11,1,2,2,3,2,28.833681
2021,211427,12,1,2,2,3,2,28.833681
2021,211529,2,1,2,2,3,2,23.245092
2021,211529,3,1,2,2,3,2,23.245092
2021,211529,4,1,2,2,3,2,23.245092
2021,211529,5,1,2,2,3,2,23.245092
2021,211529,6,1,2,2,3,2,23.245092
2021,211529,7,1,2,2,3,2,23.245092
2021,211529,8,1,2,2,3,2,23.245092
2021,211529,9,1,2,2,3,2,23.245092
2021,211529,10,1,2,2,3,2,23.245092
2021,211529,11,1,2,2,3,2,23.245092
2021,211529,21,1,2,2,1,2,56.776627
2021,211529,22,1,2,2,1,2,56.776627
2021,222122,1,2,2,4,3,2,16.950705
2021,222122,2,2,2,4,3,2,16.950705
2021,222122,3,2,2,4,3,2,16.950705
2021,222122,4,2,2,4,3,2,16.950705
2021,222122,5,2,2,4,3,2,16.950705
2021,222122,7,2,2,4,3,2,16.950705
2021,222122,8,2,2,4,3,2,16.950705
2021,222122,9,2,2,4,3,2,16.950705
2021,222122,10,2,2,4,3,2,16.950705
2021,222122,11,2,2,4,3,2,16.950705
2021,222122,12,2,2,4,3,2,16.950705
2021,222122,20,2,2,4,1,2,53.859222
2021,222124,1,2,2,4,3,2,21.847
2021,222124,2,2,2,4,3,2,21.847
2021,222124,3,2,2,4,3,2,21.847
2021,222124,4,2,2,4,3,2,21.847
2021,222124,5,2,2,4,3,2,21.847
2021,222124,6,2,2,4,3,2,21.847
2021,222124,7,2,2,4,3,2,21.847
2021,222124,8,2,2,4,3,2,21.847
2021,222124,9,2,2,4,3,2,21.847
2021,222124,10,2,2,4,3,2,21.847
2021,222124,11,2,2,4,3,2,21.847
2021,222228,1,2,2,4,3,2,20.026415
2021,222228,2,2,2,4,3,2,20.026415
2021,222228,3,2,2,4,3,2,20.026415
2021,222228,4,2,2,4,3,2,20.026415
2021,222228,5,2,2,4,3,2,20.026415
2021,222228,6,2,2,4,3,2,20.026415
2021,222228,7,2,2,4,3,2,20.026415
2021,222228,8,2,2,4,3,2,20.026415
2021,222228,9,2,2,4,3,2,20.026415
2021,222228,10,2,2,4,3,2,20.026415
2021,222228,11,2,2,4,3,2,20.026415
2021,222228,12,2,2,4,3,2,20.026415
2021,233125,1,3,2,6,3,2,47.410294
2021,233125,2,3,2,6,3,2,47.410294
2021,233125,4,3,2,6,3,2,47.410294
2021,233125,5,3,2,6,3,2,47.410294
2021,233125,6,3,2,6,3,2,47.410294
2021,233125,7,3,2,6,3,2,47.410294
2021,233125,8,3,2,6,3,2,47.410294
2021,233125,9,3,2,6,3,2,47.410294
2021,233125,10,3,2,6,3,2,47.410294
2021,233125,11,3,2,6,3,2,47.410294
2021,233125,12,3,2,6,3,2,47.410294
2021,233125,20,3,2,6,1,2,158.14326
2021,233229,1,3,2,6,3,2,56.63804
2021,233229,2,3,2,6,3,2,56.63804
2021,233229,3,3,2,6,3,2,56.63804
2021,233229,4,3,2,6,3,2,56.63804
2021,233229,5,3,2,6,3,2,56.63804
2021,233229,6,3,2,6,3,2,56.63804
2021,233229,7,3,2,6,3,2,56.63804
2021,233229,8,3,2,6,3,2,56.63804
2021,233229,9,3,2,6,3,2,56.63804
2021,233229,10,3,2,6,3,2,56.63804
2021,233229,11,3,2,6,3,2,56.63804
2021,233229,12,3,2,6,3,2,56.63804
2021,233321,1,3,2,6,3,2,56.63804
2021,233321,2,3,2,6,3,2,56.63804
2021,233321,3,3,2,6,3,2,56.63804
2021,233321,4,3,2,6,3,2,56.63804
2021,233321,5,3,2,6,3,2,56.63804
2021,233321,6,3,2,6,3,2,56.63804
2021,233321,7,3,2,6,3,2,56.63804
2021,233321,8,3,2,6,3,2,56.63804
2021,233321,9,3,2,6,3,2,56.63804
2021,233321,10,3,2,6,3,2,56.63804
2021,233321,11,3,2,6,3,2,56.63804
2021,233321,13,3,2,6,3,2,56.63804
2021,233328,1,3,2,6,3,2,56.638042
2021,233328,2,3,2,6,3,2,56.638042
2021,233328,3,3,2,6,3,2,56.638042
2021,233328,4,3,2,6,3,2,56.638042
2021,233328,5,3,2,6,3,2,56.638042
2021,233328,6,3,2,6,3,2,56.638042
2021,233328,7,3,2,6,3,2,56.638042
2021,233328,8,3,2,6,3,2,56.638042
2021,233328,9,3,2,6,3,2,56.638042
2021,233328,10,3,2,6,3,2,56.638042
2021,233328,11,3,2,6,3,2,56.638042
2021,233328,13,3,2,6,3,2,56.638042
2021,233426,1,3,2,6,3,2,56.638042
2021,233426,2,3,2,6,3,2,56.638042
2021,233426,3,3,2,6,3,2,56.638042
2021,233426,4,3,2,6,3,2,56.638042
2021,233426,5,3,2,6,3,2,56.638042
2021,233426,6,3,2,6,3,2,56.638042
2021,233426,7,3,2,6,3,2,56.638042
2021,233426,8,3,2,6,3,2,56.638042
2021,233426,9,3,2,6,3,2,56.638042
2021,233426,10,3,2,6,3,2,56.638042
2021,233426,11,3,2,6,3,2,56.638042
2021,233426,12,3,2,6,3,2,56.638042
2021,233525,1,3,2,6,3,2,56.638042
2021,233525,2,3,2,6,3,2,56.638042
2021,233525,3,3,2,6,3,2,56.638042
2021,233525,4,3,2,6,3,2,56.638042
2021,233525,5,3,2,6,3,2,56.638042
2021,233525,6,3,2,6,3,2,56.638042
2021,233525,7,3,2,6,3,2,56.638042
2021,233525,8,3,2,6,3,2,56.638042
2021,233525,9,3,2,6,3,2,56.638042
2021,233525,10,3,2,6,3,2,56.638042
2021,233525,11,3,2,6,3,2,56.638042
2021,233525,12,3,2,6,3,2,56.638042
2021,244122,1,4,2,8,3,2,25.219137
2021,244122,2,4,2,8,3,2,25.219137
2021,244122,3,4,2,8,3,2,25.219137
2021,244122,4,4,2,8,3,2,25.219137
2021,244122,5,4,2,8,3,2,25.219137
2021,244122,6,4,2,8,3,2,25.219137
2021,244122,7,4,2,8,3,2,25.219137
2021,244122,8,4,2,8,3,2,25.219137
2021,244122,9,4,2,8,3,2,25.219137
2021,244122,10,4,2,8,3,2,25.219137
2021,244122,11,4,2,8,3,2,25.219137
2021,244122,12,4,2,8,3,2,25.219137
2021,244223,1,4,2,8,3,2,25.21914
2021,244223,2,4,2,8,3,2,25.21914
2021,244223,3,4,2,8,3,2,25.21914
2021,244223,4,4,2,8,3,2,25.21914
2021,244223,5,4,2,8,3,2,25.21914
2021,244223,6,4,2,8,3,2,25.21914
2021,244223,7,4,2,8,3,2,25.21914
2021,244223,8,4,2,8,3,2,25.21914
2021,244223,9,4,2,8,3,2,25.21914
2021,244223,10,4,2,8,3,2,25.21914
2021,244223,11,4,2,8,3,2,25.21914
2021,244223,13,4,2,8,3,2,25.21914
2021,244323,1,4,2,8,3,2,25.219137
2021,244323,2,4,2,8,3,2,25.219137
2021,244323,3,4,2,8,3,2,25.219137
2021,244323,4,4,2,8,3,2,25.219137
2021,244323,5,4,2,8,3,2,25.219137
2021,244323,6,4,2,8,3,2,25.219137
2021,244323,7,4,2,8,3,2,25.219137
2021,244323,8,4,2,8,3,2,25.219137
2021,244323,9,4,2,8,3,2,25.219137
2021,244323,10,4,2,8,3,2,25.219137
2021,244323,11,4,2,8,3,2,25.219137
2021,244323,12,4,2,8,3,2,25.219137
2021,255122,1,5,2,10,3,2,13.690962
2021,255122,2,5,2,10,3,2,13.690962
2021,255122,3,5,2,10,3,2,13.690962
2021,255122,4,5,2,10,3,2,13.690962
2021,255122,5,5,2,10,3,2,13.690962
2021,255122,6,5,2,10,3,2,13.690962
2021,255122,7,5,2,10,3,2,13.690962
2021,255122,8,5,2,10,3,2,13.690962
2021,255122,9,5,2,10,3,2,13.690962
2021,255122,10,5,2,10,3,2,13.690962
2021,255122,13,5,2,10,3,2,13.690962
2021,255122,14,5,2,10,3,2,13.690962
2021,255125,1,5,2,10,3,2,13.690962
2021,255125,2,5,2,10,3,2,13.690962
2021,255125,3,5,2,10,3,2,13.690962
2021,255125,4,5,2,10,3,2,13.690962
2021,255125,5,5,2,10,3,2,13.690962
2021,255125,6,5,2,10,3,2,13.690962
2021,255125,7,5,2,10,3,2,13.690962
2021,255125,8,5,2,10,3,2,13.690962
2021,255125,9,5,2,10,3,2,13.690962
2021,255125,10,5,2,10,3,2,13.690962
2021,255125,11,5,2,10,3,2,13.690962
2021,255125,13,5,2,10,3,2,13.690962
2021,255126,2,5,2,10,3,2,11.427895
2021,255126,3,5,2,10,3,2,11.427895
2021,255126,5,5,2,10,3,2,11.427895
2021,255126,6,5,2,10,3,2,11.427895
2021,255126,7,5,2,10,3,2,11.427895
2021,255126,8,5,2,10,3,2,11.427895
2021,255126,9,5,2,10,3,2,11.427895
2021,255126,10,5,2,10,3,2,11.427895
2021,255126,13,5,2,10,3,2,11.427895
2021,255126,14,5,2,10,3,2,11.427895
2021,255126,20,5,2,10,1,2,25.0063
2021,255126,21,5,2,10,1,2,25.0063
2021,255221,1,5,2,10,3,2,11.420802
2021,255221,3,5,2,10,3,2,11.420802
2021,255221,5,5,2,10,3,2,11.420802
2021,255221,6,5,2,10,3,2,11.420802
2021,255221,7,5,2,10,3,2,11.420802
2021,255221,8,5,2,10,3,2,11.420802
2021,255221,9,5,2,10,3,2,11.420802
2021,255221,10,5,2,10,3,2,11.420802
2021,255221,11,5,2,10,3,2,11.420802
2021,255221,12,5,2,10,3,2,11.420802
2021,255221,20,5,2,10,1,2,25.041765
2021,255221,21,5,2,10,1,2,25.041765
2021,255227,1,5,2,10,3,2,13.690962
2021,255227,2,5,2,10,3,2,13.690962
2021,255227,3,5,2,10,3,2,13.690962
2021,255227,4,5,2,10,3,2,13.690962
2021,255227,5,5,2,10,3,2,13.690962
2021,255227,6,5,2,10,3,2,13.690962
2021,255227,7,5,2,10,3,2,13.690962
2021,255227,8,5,2,10,3,2,13.690962
2021,255227,9,5,2,10,3,2,13.690962
2021,255227,10,5,2,10,3,2,13.690962
2021,255227,11,5,2,10,3,2,13.690962
2021,255227,13,5,2,10,3,2,13.690962
2021,255229,1,5,2,10,3,2,13.690962
2021,255229,2,5,2,10,3,2,13.690962
2021,255229,3,5,2,10,3,2,13.690962
2021,255229,4,5,2,10,3,2,13.690962
2021,255229,5,5,2,10,3,2,13.690962
2021,255229,6,5,2,10,3,2,13.690962
2021,255229,7,5,2,10,3,2,13.690962
2021,255229,8,5,2,10,3,2,13.690962
2021,255229,9,5,2,10,3,2,13.690962
2021,255229,10,5,2,10,3,2,13.690962
2021,255229,11,5,2,10,3,2,13.690962
2021,255229,13,5,2,10,3,2,13.690962
2021,255321,1,5,2,10,3,2,13.690963
2021,255321,2,5,2,10,3,2,13.690963
2021,255321,3,5,2,10,3,2,13.690963
2021,255321,4,5,2,10,3,2,13.690963
2021,255321,5,5,2,10,3,2,13.690963
2021,255321,6,5,2,10,3,2,13.690963
2021,255321,7,5,2,10,3,2,13.690963
2021,255321,8,5,2,10,3,2,13.690963
2021,255321,9,5,2,10,3,2,13.690963
2021,255321,10,5,2,10,3,2,13.690963
2021,255321,11,5,2,10,3,2,13.690963
2021,255321,12,5,2,10,3,2,13.690963
2021,255327,1,5,2,10,3,2,13.690963
2021,255327,2,5,2,10,3,2,13.690963
2021,255327,3,5,2,10,3,2,13.690963
2021,255327,4,5,2,10,3,2,13.690963
2021,255327,5,5,2,10,3,2,13.690963
2021,255327,6,5,2,10,3,2,13.690963
2021,255327,7,5,2,10,3,2,13.690963
2021,255327,8,5,2,10,3,2,13.690963
2021,255327,9,5,2,10,3,2,13.690963
2021,255327,10,5,2,10,3,2,13.690963
2021,255327,11,5,2,10,3,2,13.690963
2021,255327,12,5,2,10,3,2,13.690963
2021,255329,1,5,2,10,3,2,13.690961
2021,255329,2,5,2,10,3,2,13.690961
2021,255329,3,5,2,10,3,2,13.690961
2021,255329,4,5,2,10,3,2,13.690961
2021,255329,5,5,2,10,3,2,13.690961
2021,255329,6,5,2,10,3,2,13.690961
2021,255329,7,5,2,10,3,2,13.690961
2021,255329,8,5,2,10,3,2,13.690961
2021,255329,9,5,2,10,3,2,13.690961
2021,255329,10,5,2,10,3,2,13.690961
2021,255329,11,5,2,10,3,2,13.690961
2021,255329,12,5,2,10,3,2,13.690961
2021,255421,1,5,2,10,3,2,13.690962
2021,255421,2,5,2,10,3,2,13.690962
2021,255421,3,5,2,10,3,2,13.690962
2021,255421,4,5,2,10,3,2,13.690962
2021,255421,5,5,2,10,3,2,13.690962
2021,255421,6,5,2,10,3,2,13.690962
2021,255421,7,5,2,10,3,2,13.690962
2021,255421,8,5,2,10,3,2,13.690962
2021,255421,9,5,2,10,3,2,13.690962
2021,255421,10,5,2,10,3,2,13.690962
2021,255421,11,5,2,10,3,2,13.690962
2021,255421,13,5,2,10,3,2,13.690962
2021,255423,1,5,2,10,3,2,13.690962
2021,255423,2,5,2,10,3,2,13.690962
2021,255423,3,5,2,10,3,2,13.690962
2021,255423,4,5,2,10,3,2,13.690962
2021,255423,5,5,2,10,3,2,13.690962
2021,255423,6,5,2,10,3,2,13.690962
2021,255423,7,5,2,10,3,2,13.690962
2021,255423,8,5,2,10,3,2,13.690962
2021,255423,9,5,2,10,3,2,13.690962
2021,255423,10,5,2,10,3,2,13.690962
2021,255423,11,5,2,10,3,2,13.690962
2021,255423,12,5,2,10,3,2,13.690962
2021,255425,1,5,2,10,3,2,13.690962
2021,255425,2,5,2,10,3,2,13.690962
2021,255425,3,5,2,10,3,2,13.690962
2021,255425,4,5,2,10,3,2,13.690962
2021,255425,5,5,2,10,3,2,13.690962
2021,255425,6,5,2,10,3,2,13.690962
2021,255425,7,5,2,10,3,2,13.690962
2021,255425,8,5,2,10,3,2,13.690962
2021,255425,9,5,2,10,3,2,13.690962
2021,255425,10,5,2,10,3,2,13.690962
2021,255425,11,5,2,10,3,2,13.690962
2021,255425,13,5,2,10,3,2,13.690962
2021,266126,1,6,2,12,3,2,39.77878
2021,266126,2,6,2,12,3,2,39.77878
2021,266126,3,6,2,12,3,2,39.77878
2021,266126,4,6,2,12,3,2,39.77878
2021,266126,5,6,2,12,3,2,39.77878
2021,266126,6,6,2,12,3,2,39.77878
2021,266126,7,6,2,12,3,2,39.77878
2021,266126,8,6,2,12,3,2,39.77878
2021,266126,9,6,2,12,3,2,39.77878
2021,266126,10,6,2,12,3,2,39.77878
2021,266126,11,6,2,12,3,2,39.77878
2021,266126,13,6,2,12,3,2,39.77878
2021,266224,1,6,2,12,3,2,39.77878
2021,266224,2,6,2,12,3,2,39.77878
2021,266224,3,6,2,12,3,2,39.77878
2021,266224,4,6,2,12,3,2,39.77878
2021,266224,5,6,2,12,3,2,39.77878
2021,266224,6,6,2,12,3,2,39.77878
2021,266224,7,6,2,12,3,2,39.77878
2021,266224,8,6,2,12,3,2,39.77878
2021,266224,9,6,2,12,3,2,39.77878
2021,266224,10,6,2,12,3,2,39.77878
2021,266224,11,6,2,12,3,2,39.77878
2021,266224,12,6,2,12,3,2,39.77878
2021,266324,1,6,2,12,3,2,39.77878
2021,266324,2,6,2,12,3,2,39.77878
2021,266324,3,6,2,12,3,2,39.77878
2021,266324,4,6,2,12,3,2,39.77878
2021,266324,5,6,2,12,3,2,39.77878
2021,266324,6,6,2,12,3,2,39.77878
2021,266324,7,6,2,12,3,2,39.77878
2021,266324,8,6,2,12,3,2,39.77878
2021,266324,9,6,2,12,3,2,39.77878
2021,266324,10,6,2,12,3,2,39.77878
2021,266324,11,6,2,12,3,2,39.77878
2021,266324,12,6,2,12,3,2,39.77878
2021,266421,1,6,2,12,3,2,39.77878
2021,266421,2,6,2,12,3,2,39.77878
2021,266421,3,6,2,12,3,2,39.77878
2021,266421,4,6,2,12,3,2,39.77878
2021,266421,5,6,2,12,3,2,39.77878
2021,266421,6,6,2,12,3,2,39.77878
2021,266421,7,6,2,12,3,2,39.77878
2021,266421,8,6,2,12,3,2,39.77878
2021,266421,9,6,2,12,3,2,39.77878
2021,266421,10,6,2,12,3,2,39.77878
2021,266421,11,6,2,12,3,2,39.77878
2021,266421,13,6,2,12,3,2,39.77878
2021,266523,1,6,2,12,3,2,39.778778
2021,266523,2,6,2,12,3,2,39.778778
2021,266523,3,6,2,12,3,2,39.778778
2021,266523,4,6,2,12,3,2,39.778778
2021,266523,5,6,2,12,3,2,39.778778
2021,266523,6,6,2,12,3,2,39.778778
2021,266523,7,6,2,12,3,2,39.778778
2021,266523,8,6,2,12,3,2,39.778778
2021,266523,9,6,2,12,3,2,39.778778
2021,266523,10,6,2,12,3,2,39.778778
2021,266523,11,6,2,12,3,2,39.778778
2021,266523,12,6,2,12,3,2,39.778778
2021,266622,1,6,2,12,3,2,39.77878
2021,266622,2,6,2,12,3,2,39.77878
2021,266622,3,6,2,12,3,2,39.77878
2021,266622,4,6,2,12,3,2,39.77878
2021,266622,5,6,2,12,3,2,39.77878
2021,266622,6,6,2,12,3,2,39.77878
2021,266622,7,6,2,12,3,2,39.77878
2021,266622,8,6,2,12,3,2,39.77878
2021,266622,9,6,2,12,3,2,39.77878
2021,266622,10,6,2,12,3,2,39.77878
2021,266622,11,6,2,12,3,2,39.77878
2021,266622,12,6,2,12,3,2,39.77878
2021,277122,1,7,2,14,3,2,45.956974
2021,277122,2,7,2,14,3,2,45.956974
2021,277122,3,7,2,14,3,2,45.956974
2021,277122,4,7,2,14,3,2,45.956974
2021,277122,5,7,2,14,3,2,45.956974
2021,277122,6,7,2,14,3,2,45.956974
2021,277122,7,7,2,14,3,2,45.956974
2021,277122,8,7,2,14,3,2,45.956974
2021,277122,9,7,2,14,3,2,45.956974
2021,277122,10,7,2,14,3,2,45.956974
2021,277122,11,7,2,14,3,2,45.956974
2021,277122,12,7,2,14,3,2,45.956974
2021,277427,1,7,2,14,3,2,45.956978
2021,277427,2,7,2,14,3,2,45.956978
2021,277427,3,7,2,14,3,2,45.956978
2021,277427,4,7,2,14,3,2,45.956978
2021,277427,5,7,2,14,3,2,45.956978
2021,277427,6,7,2,14,3,2,45.956978
2021,277427,7,7,2,14,3,2,45.956978
2021,277427,8,7,2,14,3,2,45.956978
2021,277427,9,7,2,14,3,2,45.956978
2021,277427,10,7,2,14,3,2,45.956978
2021,277427,11,7,2,14,3,2,45.956978
2021,277427,12,7,2,14,3,2,45.956978
2021,277522,1,7,2,14,3,2,45.956974
2021,277522,2,7,2,14,3,2,45.956974
2021,277522,3,7,2,14,3,2,45.956974
2021,277522,4,7,2,14,3,2,45.956974
2021,277522,5,7,2,14,3,2,45.956974
2021,277522,6,7,2,14,3,2,45.956974
2021,277522,7,7,2,14,3,2,45.956974
2021,277522,8,7,2,14,3,2,45.956974
2021,277522,9,7,2,14,3,2,45.956974
2021,277522,10,7,2,14,3,2,45.956974
2021,277522,11,7,2,14,3,2,45.956974
2021,277522,12,7,2,14,3,2,45.956974
2021,277529,1,7,2,14,3,2,45.956974
2021,277529,2,7,2,14,3,2,45.956974
2021,277529,3,7,2,14,3,2,45.956974
2021,277529,4,7,2,14,3,2,45.956974
2021,277529,5,7,2,14,3,2,45.956974
2021,277529,6,7,2,14,3,2,45.956974
2021,277529,7,7,2,14,3,2,45.956974
2021,277529,8,7,2,14,3,2,45.956974
2021,277529,9,7,2,14,3,2,45.956974
2021,277529,10,7,2,14,3,2,45.956974
2021,277529,11,7,2,14,3,2,45.956974
2021,277529,12,7,2,14,3,2,45.956974
2021,288318,1,8,1,15,3,2,57.284805
2021,288318,2,8,1,15,3,2,57.284805
2021,288318,3,8,1,15,3,2,57.284805
2021,288318,4,8,1,15,3,2,57.284805
2021,288318,5,8,1,15,3,2,57.284805
2021,288318,6,8,1,15,3,2,57.284805
2021,288318,7,8,1,15,3,2,57.284805
2021,288318,8,8,1,15,3,2,57.284805
2021,288318,9,8,1,15,3,2,57.284805
2021,288318,10,8,1,15,3,2,57.284805
2021,288318,11,8,1,15,3,2,57.284805
2021,288318,12,8,1,15,3,2,57.284805
2021,288421,1,8,2,16,3,2,48.590862
2021,288421,2,8,2,16,3,2,48.590862
2021,288421,3,8,2,16,3,2,48.590862
2021,288421,5,8,2,16,3,2,48.590862
2021,288421,6,8,2,16,3,2,48.590862
2021,288421,7,8,2,16,3,2,48.590862
2021,288421,8,8,2,16,3,2,48.590862
2021,288421,9,8,2,16,3,2,48.590862
2021,288421,10,8,2,16,3,2,48.590862
2021,288421,11,8,2,16,3,2,48.590862
2021,288421,12,8,2,16,3,2,48.590862
2021,288421,20,8,2,16,1,2,153.85217
2021,288526,1,8,2,16,3,2,57.362637
2021,288526,2,8,2,16,3,2,57.362637
2021,288526,3,8,2,16,3,2,57.362637
2021,288526,4,8,2,16,3,2,57.362637
2021,288526,5,8,2,16,3,2,57.362637
2021,288526,6,8,2,16,3,2,57.362637
2021,288526,7,8,2,16,3,2,57.362637
2021,288526,8,8,2,16,3,2,57.362637
2021,288526,9,8,2,16,3,2,57.362637
2021,288526,10,8,2,16,3,2,57.362637
2021,288526,11,8,2,16,3,2,57.362637
2021,288526,12,8,2,16,3,2,57.362637
2021,288625,1,8,2,16,3,2,47.785995
2021,288625,2,8,2,16,3,2,47.785995
2021,288625,4,8,2,16,3,2,47.785995
2021,288625,5,8,2,16,3,2,47.785995
2021,288625,7,8,2,16,3,2,47.785995
2021,288625,8,8,2,16,3,2,47.785995
2021,288625,9,8,2,16,3,2,47.785995
2021,288625,10,8,2,16,3,2,47.785995
2021,288625,11,8,2,16,3,2,47.785995
2021,288625,12,8,2,16,3,2,47.785995
2021,288625,13,8,2,16,1,2,105.245834
2021,288625,81,8,2,16,1,2,105.245834
2021,299415,1,9,1,17,3,2,53.134212
2021,299415,3,9,1,17,3,2,53.134212
2021,299415,4,9,1,17,3,2,53.134212
2021,299415,5,9,1,17,3,2,53.134212
2021,299415,6,9,1,17,3,2,53.134212
2021,299415,7,9,1,17,3,2,53.134212
2021,299415,8,9,1,17,3,2,53.134212
2021,299415,9,9,1,17,3,2,53.134212
2021,299415,10,9,1,17,3,2,53.134212
2021,299415,11,9,1,17,3,2,53.134212
2021,299415,12,9,1,17,3,2,53.134212
2021,299415,20,9,1,17,1,2,182.35007
2021,299514,1,9,1,17,3,2,57.00048
2021,299514,2,9,1,17,3,2,57.00048
2021,299514,3,9,1,17,3,2,57.00048
2021,299514,4,9,1,17,3,2,57.00048
2021,299514,5,9,1,17,3,2,57.00048
2021,299514,6,9,1,17,3,2,57.00048
2021,299514,7,9,1,17,3,2,57.00048
2021,299514,8,9,1,17,3,2,57.00048
2021,299514,9,9,1,17,3,2,57.00048
2021,299514,11,9,1,17,3,2,57.00048
2021,299514,20,9,1,17,1,2,196.82158
2021,299518,1,9,1,17,3,2,63.902203
2021,299518,2,9,1,17,3,2,63.902203
2021,299518,3,9,1,17,3,2,63.902203
2021,299518,4,9,1,17,3,2,63.902203
2021,299518,5,9,1,17,3,2,63.902203
2021,299518,6,9,1,17,3,2,63.902203
2021,299518,7,9,1,17,3,2,63.902203
2021,299518,8,9,1,17,3,2,63.902203
2021,299518,9,9,1,17,3,2,63.902203
2021,299518,10,9,1,17,3,2,63.902203
2021,299518,11,9,1,17,3,2,63.902203
2021,299518,13,9,1,17,3,2,63.902203
2021,299611,1,9,1,17,3,2,52.06698
2021,299611,3,9,1,17,3,2,52.06698
2021,299611,5,9,1,17,3,2,52.06698
2021,299611,6,9,1,17,3,2,52.06698
2021,299611,7,9,1,17,3,2,52.06698
2021,299611,8,9,1,17,3,2,52.06698
2021,299611,10,9,1,17,3,2,52.06698
2021,299611,13,9,1,17,3,2,52.06698
2021,299611,14,9,1,17,3,2,52.06698
2021,299611,20,9,1,17,1,2,99.40787
2021,299611,21,9,1,17,1,2,99.40787
2021,299611,22,9,1,17,1,2,99.40787
2021,299615,1,9,1,17,3,2,56.22921
2021,299615,2,9,1,17,3,2,56.22921
2021,299615,4,9,1,17,3,2,56.22921
2021,299615,5,9,1,17,3,2,56.22921
2021,299615,7,9,1,17,3,2,56.22921
2021,299615,9,9,1,17,3,2,56.22921
2021,299615,10,9,1,17,3,2,56.22921
2021,299615,11,9,1,17,3,2,56.22921
2021,299615,13,9,1,17,3,2,56.22921
2021,299615,20,9,1,17,1,2,130.38174
2021,299615,22,9,1,17,1,2,130.38174
2021,299619,1,9,1,17,3,2,53.41521
2021,299619,2,9,1,17,3,2,53.41521
2021,299619,3,9,1,17,3,2,53.41521
2021,299619,4,9,1,17,3,2,53.41521
2021,299619,5,9,1,17,3,2,53.41521
2021,299619,6,9,1,17,3,2,53.41521
2021,299619,7,9,1,17,3,2,53.41521
2021,299619,8,9,1,17,3,2,53.41521
2021,299619,11,9,1,17,3,2,53.41521
2021,299619,13,9,1,17,3,2,53.41521
2021,299619,20,9,1,17,1,2,116.33717
2021,299619,21,9,1,17,1,2,116.33717
2021,1111136,1,1,1,1,3,1,26.604818
2021,1111136,2,1,1,1,3,1,26.604818
2021,1111136,4,1,1,1,3,1,26.604818
2021,1111136,5,1,1,1,3,1,26.604818
2021,1111136,6,1,1,1,3,1,26.604818
2021,1111136,7,1,1,1,3,1,26.604818
2021,1111136,8,1,1,1,3,1,26.604818
2021,1111136,10,1,1,1,3,1,26.604818
2021,1111136,11,1,1,1,3,1,26.604818
2021,1111136,13,1,1,1,3,1,26.604818
2021,1111136,20,1,1,1,1,1,54.64522
2021,1111136,52,1,1,1,1,1,54.64522
2021,1111140,1,1,1,1,3,1,26.593796
2021,1111140,2,1,1,1,3,1,26.593796
2021,1111140,3,1,1,1,3,1,26.593796
2021,1111140,4,1,1,1,3,1,26.593796
2021,1111140,5,1,1,1,3,1,26.593796
2021,1111140,6,1,1,1,3,1,26.593796
2021,1111140,7,1,1,1,3,1,26.593796
2021,1111140,8,1,1,1,3,1,26.593796
2021,1111140,9,1,1,1,3,1,26.593796
2021,1111140,13,1,1,1,3,1,26.593796
2021,1111140,14,1,1,1,1,1,54.700336
2021,1111140,65,1,1,1,1,1,54.700336
2021,1111224,1,1,2,2,3,1,28.833683
2021,1111224,2,1,2,2,3,1,28.833683
2021,1111224,3,1,2,2,3,1,28.833683
2021,1111224,4,1,2,2,3,1,28.833683
2021,1111224,5,1,2,2,3,1,28.833683
2021,1111224,6,1,2,2,3,1,28.833683
2021,1111224,7,1,2,2,3,1,28.833683
2021,1111224,8,1,2,2,3,1,28.833683
2021,1111224,9,1,2,2,3,1,28.833683
2021,1111224,10,1,2,2,3,1,28.833683
2021,1111224,11,1,2,2,3,1,28.833683
2021,1111224,12,1,2,2,3,1,28.833683
2021,1111226,1,1,2,2,3,1,24.185108
2021,1111226,2,1,2,2,3,1,24.185108
2021,1111226,3,1,2,2,3,1,24.185108
2021,1111226,4,1,2,2,3,1,24.185108
2021,1111226,5,1,2,2,3,1,24.185108
2021,1111226,6,1,2,2,3,1,24.185108
2021,1111226,7,1,2,2,3,1,24.185108
2021,1111226,8,1,2,2,3,1,24.185108
2021,1111226,10,1,2,2,3,1,24.185108
2021,1111226,11,1,2,2,3,1,24.185108
2021,1111226,12,1,2,2,3,1,24.185108
2021,1111226,20,1,2,2,1,1,79.968
2021,1111229,1,1,2,2,3,1,28.833683
2021,1111229,2,1,2,2,3,1,28.833683
2021,1111229,3,1,2,2,3,1,28.833683
2021,1111229,4,1,2,2,3,1,28.833683
2021,1111229,5,1,2,2,3,1,28.833683
2021,1111229,6,1,2,2,3,1,28.833683
2021,1111229,7,1,2,2,3,1,28.833683
2021,1111229,8,1,2,2,3,1,28.833683
2021,1111229,9,1,2,2,3,1,28.833683
2021,1111229,10,1,2,2,3,1,28.833683
2021,1111229,11,1,2,2,3,1,28.833683
2021,1111229,12,1,2,2,3,1,28.833683
2021,1111233,1,1,2,2,3,1,28.833681
2021,1111233,2,1,2,2,3,1,28.833681
2021,1111233,3,1,2,2,3,1,28.833681
2021,1111233,4,1,2,2,3,1,28.833681
2021,1111233,5,1,2,2,3,1,28.833681
2021,1111233,6,1,2,2,3,1,28.833681
2021,1111233,7,1,2,2,3,1,28.833681
2021,1111233,8,1,2,2,3,1,28.833681
2021,1111233,9,1,2,2,3,1,28.833681
2021,1111233,10,1,2,2,3,1,28.833681
2021,1111233,11,1,2,2,3,1,28.833681
2021,1111233,12,1,2,2,3,1,28.833681
2021,1112212,3,1,2,2,3,1,24.97204
2021,1112212,4,1,2,2,3,1,24.97204
2021,1112212,5,1,2,2,3,1,24.97204
2021,1112212,6,1,2,2,3,1,24.97204
2021,1112212,7,1,2,2,3,1,24.97204
2021,1112212,8,1,2,2,3,1,24.97204
2021,1112212,9,1,2,2,3,1,24.97204
2021,1112212,10,1,2,2,3,1,24.97204
2021,1112212,11,1,2,2,3,1,24.97204
2021,1112212,13,1,2,2,1,1,40.418606
2021,1112212,33,1,2,2,1,1,40.418606
2021,1112212,80,1,2,2,1,1,40.418606
2021,1112216,3,1,2,2,3,1,23.857044
2021,1112216,4,1,2,2,3,1,23.857044
2021,1112216,5,1,2,2,3,1,23.857044
2021,1112216,6,1,2,2,3,1,23.857044
2021,1112216,7,1,2,2,3,1,23.857044
2021,1112216,8,1,2,2,3,1,23.857044
2021,1112216,9,1,2,2,3,1,23.857044
2021,1112216,10,1,2,2,3,1,23.857044
2021,1112216,11,1,2,2,3,1,23.857044
2021,1112216,12,1,2,2,3,1,23.857044
2021,1112216,45,1,2,2,1,1,53.716866
2021,1112216,111,1,2,2,1,1,53.716866
2021,1113222,1,1,2,2,3,1,28.833683
2021,1113222,2,1,2,2,3,1,28.833683
2021,1113222,3,1,2,2,3,1,28.833683
2021,1113222,4,1,2,2,3,1,28.833683
2021,1113222,5,1,2,2,3,1,28.833683
2021,1113222,6,1,2,2,3,1,28.833683
2021,1113222,7,1,2,2,3,1,28.833683
2021,1113222,8,1,2,2,3,1,28.833683
2021,1113222,9,1,2,2,3,1,28.833683
2021,1113222,10,1,2,2,3,1,28.833683
2021,1113222,11,1,2,2,3,1,28.833683
2021,1113222,12,1,2,2,3,1,28.833683
2021,1113225,1,1,2,2,3,1,23.87151
2021,1113225,3,1,2,2,3,1,23.87151
2021,1113225,4,1,2,2,3,1,23.87151
2021,1113225,5,1,2,2,3,1,23.87151
2021,1113225,6,1,2,2,3,1,23.87151
2021,1113225,7,1,2,2,3,1,23.87151
2021,1113225,8,1,2,2,3,1,23.87151
2021,1113225,9,1,2,2,3,1,23.87151
2021,1113225,10,1,2,2,3,1,23.87151
2021,1113225,11,1,2,2,3,1,23.87151
2021,1113225,30,1,2,2,1,1,53.644547
2021,1113225,55,1,2,2,1,1,53.644547
2021,1113230,1,1,2,2,3,1,24.485796
2021,1113230,2,1,2,2,3,1,24.485796
2021,1113230,3,1,2,2,3,1,24.485796
2021,1113230,4,1,2,2,3,1,24.485796
2021,1113230,5,1,2,2,3,1,24.485796
2021,1113230,7,1,2,2,3,1,24.485796
2021,1113230,8,1,2,2,3,1,24.485796
2021,1113230,9,1,2,2,3,1,24.485796
2021,1113230,10,1,2,2,3,1,24.485796
2021,1113230,11,1,2,2,3,1,24.485796
2021,1113230,12,1,2,2,3,1,24.485796
2021,1113230,41,1,2,2,1,1,76.660416
2021,1113234,1,1,2,2,3,1,28.833683
2021,1113234,2,1,2,2,3,1,28.833683
2021,1113234,3,1,2,2,3,1,28.833683
2021,1113234,4,1,2,2,3,1,28.833683
2021,1113234,5,1,2,2,3,1,28.833683
2021,1113234,6,1,2,2,3,1,28.833683
2021,1113234,7,1,2,2,3,1,28.833683
2021,1113234,8,1,2,2,3,1,28.833683
2021,1113234,9,1,2,2,3,1,28.833683
2021,1113234,10,1,2,2,3,1,28.833683
2021,1113234,11,1,2,2,3,1,28.833683
2021,1113234,12,1,2,2,3,1,28.833683
2021,1113237,1,1,2,2,3,1,24.584852
2021,1113237,2,1,2,2,3,1,24.584852
2021,1113237,3,1,2,2,3,1,24.584852
2021,1113237,4,1,2,2,3,1,24.584852
2021,1113237,5,1,2,2,3,1,24.584852
2021,1113237,6,1,2,2,3,1,24.584852
2021,1113237,7,1,2,2,3,1,24.584852
2021,1113237,8,1,2,2,3,1,24.584852
2021,1113237,9,1,2,2,3,1,24.584852
2021,1113237,10,1,2,2,3,1,24.584852
2021,1113237,11,1,2,2,3,1,24.584852
2021,1113237,20,1,2,2,1,1,75.5708
2021,1114214,1,1,2,2,3,1,28.833683
2021,1114214,2,1,2,2,3,1,28.833683
2021,1114214,3,1,2,2,3,1,28.833683
2021,1114214,4,1,2,2,3,1,28.833683
2021,1114214,5,1,2,2,3,1,28.833683
2021,1114214,6,1,2,2,3,1,28.833683
2021,1114214,7,1,2,2,3,1,28.833683
2021,1114214,8,1,2,2,3,1,28.833683
2021,1114214,9,1,2,2,3,1,28.833683
2021,1114214,10,1,2,2,3,1,28.833683
2021,1114214,11,1,2,2,3,1,28.833683
2021,1114214,12,1,2,2,3,1,28.833683
2021,1114218,1,1,2,2,3,1,24.450382
2021,1114218,2,1,2,2,3,1,24.450382
2021,1114218,3,1,2,2,3,1,24.450382
2021,1114218,4,1,2,2,3,1,24.450382
2021,1114218,5,1,2,2,3,1,24.450382
2021,1114218,6,1,2,2,3,1,24.450382
2021,1114218,8,1,2,2,3,1,24.450382
2021,1114218,9,1,2,2,3,1,24.450382
2021,1114218,10,1,2,2,3,1,24.450382
2021,1114218,11,1,2,2,3,1,24.450382
2021,1114218,12,1,2,2,3,1,24.450382
2021,1114218,20,1,2,2,1,1,77.049965
2021,1114222,1,1,2,2,3,1,24.352346
2021,1114222,2,1,2,2,3,1,24.352346
2021,1114222,3,1,2,2,3,1,24.352346
2021,1114222,4,1,2,2,3,1,24.352346
2021,1114222,5,1,2,2,3,1,24.352346
2021,1114222,6,1,2,2,3,1,24.352346
2021,1114222,7,1,2,2,3,1,24.352346
2021,1114222,8,1,2,2,3,1,24.352346
2021,1114222,9,1,2,2,3,1,24.352346
2021,1114222,11,1,2,2,3,1,24.352346
2021,1114222,12,1,2,2,3,1,24.352346
2021,1114222,58,1,2,2,1,1,78.12837
2021,1115121,1,1,1,1,3,1,34.121696
2021,1115121,2,1,1,1,3,1,34.121696
2021,1115121,3,1,1,1,3,1,34.121696
2021,1115121,4,1,1,1,3,1,34.121696
2021,1115121,5,1,1,1,3,1,34.121696
2021,1115121,6,1,1,1,3,1,34.121696
2021,1115121,7,1,1,1,3,1,34.121696
2021,1115121,8,1,1,1,3,1,34.121696
2021,1115121,9,1,1,1,3,1,34.121696
2021,1115121,10,1,1,1,3,1,34.121696
2021,1115121,11,1,1,1,3,1,34.121696
2021,1115223,1,1,2,2,3,1,28.833681
2021,1115223,2,1,2,2,3,1,28.833681
2021,1115223,3,1,2,2,3,1,28.833681
2021,1115223,4,1,2,2,3,1,28.833681
2021,1115223,5,1,2,2,3,1,28.833681
2021,1115223,6,1,2,2,3,1,28.833681
2021,1115223,7,1,2,2,3,1,28.833681
2021,1115223,8,1,2,2,3,1,28.833681
2021,1115223,9,1,2,2,3,1,28.833681
2021,1115223,10,1,2,2,3,1,28.833681
2021,1115223,11,1,2,2,3,1,28.833681
2021,1115223,12,1,2,2,3,1,28.833681
2021,1221119,1,2,1,3,3,1,15.967728
2021,1221119,2,2,1,3,3,1,15.967728
2021,1221119,3,2,1,3,3,1,15.967728
2021,1221119,4,2,1,3,3,1,15.967728
2021,1221119,5,2,1,3,3,1,15.967728
2021,1221119,6,2,1,3,3,1,15.967728
2021,1221119,7,2,1,3,3,1,15.967728
2021,1221119,8,2,1,3,3,1,15.967728
2021,1221119,9,2,1,3,3,1,15.967728
2021,1221119,10,2,1,3,3,1,15.967728
2021,1221119,13,2,1,3,3,1,15.967728
2021,1221119,57,2,1,3,1,1,56.99408
2021,1221121,1,2,1,3,3,1,16.179943
2021,1221121,2,2,1,3,3,1,16.179943
2021,1221121,3,2,1,3,3,1,16.179943
2021,1221121,4,2,1,3,3,1,16.179943
2021,1221121,5,2,1,3,3,1,16.179943
2021,1221121,6,2,1,3,3,1,16.179943
2021,1221121,7,2,1,3,3,1,16.179943
2021,1221121,8,2,1,3,3,1,16.179943
2021,1221121,9,2,1,3,3,1,16.179943
2021,1221121,11,2,1,3,3,1,16.179943
2021,1221121,12,2,1,3,3,1,16.179943
2021,1221121,82,2,1,3,1,1,54.659718
2021,1221211,1,2,2,4,3,1,20.026415
2021,1221211,2,2,2,4,3,1,20.026415
2021,1221211,3,2,2,4,3,1,20.026415
2021,1221211,4,2,2,4,3,1,20.026415
2021,1221211,5,2,2,4,3,1,20.026415
2021,1221211,6,2,2,4,3,1,20.026415
2021,1221211,7,2,2,4,3,1,20.026415
2021,1221211,8,2,2,4,3,1,20.026415
2021,1221211,9,2,2,4,3,1,20.026415
2021,1221211,10,2,2,4,3,1,20.026415
2021,1221211,11,2,2,4,3,1,20.026415
2021,1221211,13,2,2,4,3,1,20.026415
2021,1221223,2,2,2,4,3,1,15.636002
2021,1221223,3,2,2,4,3,1,15.636002
2021,1221223,4,2,2,4,3,1,15.636002
2021,1221223,5,2,2,4,3,1,15.636002
2021,1221223,7,2,2,4,3,1,15.636002
2021,1221223,8,2,2,4,3,1,15.636002
2021,1221223,9,2,2,4,3,1,15.636002
2021,1221223,10,2,2,4,3,1,15.636002
2021,1221223,11,2,2,4,3,1,15.636002
2021,1221223,12,2,2,4,3,1,15.636002
2021,1221223,20,2,2,4,1,1,41.978493
2021,1221223,37,2,2,4,1,1,41.978493
2021,1223110,2,2,1,3,3,1,16.413448
2021,1223110,3,2,1,3,3,1,16.413448
2021,1223110,4,2,1,3,3,1,16.413448
2021,1223110,5,2,1,3,3,1,16.413448
2021,1223110,6,2,1,3,3,1,16.413448
2021,1223110,7,2,1,3,3,1,16.413448
2021,1223110,8,2,1,3,3,1,16.413448
2021,1223110,9,2,1,3,3,1,16.413448
2021,1223110,10,2,1,3,3,1,16.413448
2021,1223110,11,2,1,3,3,1,16.413448
2021,1223110,12,2,1,3,3,1,16.413448
2021,1223110,34,2,1,3,1,1,52.09115
2021,1224211,1,2,2,4,3,1,16.941587
2021,1224211,2,2,2,4,3,1,16.941587
2021,1224211,3,2,2,4,3,1,16.941587
2021,1224211,4,2,2,4,3,1,16.941587
2021,1224211,5,2,2,4,3,1,16.941587
2021,1224211,7,2,2,4,3,1,16.941587
2021,1224211,8,2,2,4,3,1,16.941587
2021,1224211,9,2,2,4,3,1,16.941587
2021,1224211,10,2,2,4,3,1,16.941587
2021,1224211,11,2,2,4,3,1,16.941587
2021,1224211,12,2,2,4,3,1,16.941587
2021,1224211,20,2,2,4,1,1,53.959538
2021,1224225,1,2,2,4,3,1,20.026417
2021,1224225,2,2,2,4,3,1,20.026417
2021,1224225,3,2,2,4,3,1,20.026417
2021,1224225,4,2,2,4,3,1,20.026417
2021,1224225,5,2,2,4,3,1,20.026417
2021,1224225,6,2,2,4,3,1,20.026417
2021,1224225,7,2,2,4,3,1,20.026417
2021,1224225,8,2,2,4,3,1,20.026417
2021,1224225,9,2,2,4,3,1,20.026417
2021,1224225,10,2,2,4,3,1,20.026417
2021,1224225,11,2,2,4,3,1,20.026417
2021,1224225,12,2,2,4,3,1,20.026417
2021,1331180,1,3,1,5,3,1,50.326706
2021,1331180,2,3,1,5,3,1,50.326706
2021,1331180,3,3,1,5,3,1,50.326706
2021,1331180,4,3,1,5,3,1,50.326706
2021,1331180,5,3,1,5,3,1,50.326706
2021,1331180,6,3,1,5,3,1,50.326706
2021,1331180,7,3,1,5,3,1,50.326706
2021,1331180,8,3,1,5,3,1,50.326706
2021,1331180,9,3,1,5,3,1,50.326706
2021,1331180,10,3,1,5,3,1,50.326706
2021,1331180,11,3,1,5,3,1,50.326706
2021,1331180,13,3,1,5,3,1,50.326706
2021,1331236,1,3,2,6,3,1,56.63804
2021,1331236,2,3,2,6,3,1,56.63804
2021,1331236,3,3,2,6,3,1,56.63804
2021,1331236,4,3,2,6,3,1,56.63804
2021,1331236,5,3,2,6,3,1,56.63804
2021,1331236,6,3,2,6,3,1,56.63804
2021,1331236,7,3,2,6,3,1,56.63804
2021,1331236,8,3,2,6,3,1,56.63804
2021,1331236,9,3,2,6,3,1,56.63804
2021,1331236,10,3,2,6,3,1,56.63804
2021,1331236,11,3,2,6,3,1,56.63804
2021,1331236,12,3,2,6,3,1,56.63804
2021,1331244,1,3,2,6,3,1,56.63804
2021,1331244,2,3,2,6,3,1,56.63804
2021,1331244,3,3,2,6,3,1,56.63804
2021,1331244,4,3,2,6,3,1,56.63804
2021,1331244,5,3,2,6,3,1,56.63804
2021,1331244,6,3,2,6,3,1,56.63804
2021,1331244,7,3,2,6,3,1,56.63804
2021,1331244,8,3,2,6,3,1,56.63804
2021,1331244,9,3,2,6,3,1,56.63804
2021,1331244,10,3,2,6,3,1,56.63804
2021,1331244,11,3,2,6,3,1,56.63804
2021,1331244,12,3,2,6,3,1,56.63804
2021,1331256,1,3,2,6,3,1,56.638042
2021,1331256,2,3,2,6,3,1,56.638042
2021,1331256,3,3,2,6,3,1,56.638042
2021,1331256,4,3,2,6,3,1,56.638042
2021,1331256,5,3,2,6,3,1,56.638042
2021,1331256,6,3,2,6,3,1,56.638042
2021,1331256,7,3,2,6,3,1,56.638042
2021,1331256,8,3,2,6,3,1,56.638042
2021,1331256,9,3,2,6,3,1,56.638042
2021,1331256,10,3,2,6,3,1,56.638042
2021,1331256,11,3,2,6,3,1,56.638042
2021,1331256,12,3,2,6,3,1,56.638042
2021,1332136,1,3,1,5,3,1,50.326702
2021,1332136,2,3,1,5,3,1,50.326702
2021,1332136,3,3,1,5,3,1,50.326702
2021,1332136,4,3,1,5,3,1,50.326702
2021,1332136,5,3,1,5,3,1,50.326702
2021,1332136,6,3,1,5,3,1,50.326702
2021,1332136,7,3,1,5,3,1,50.326702
2021,1332136,8,3,1,5,3,1,50.326702
2021,1332136,9,3,1,5,3,1,50.326702
2021,1332136,10,3,1,5,3,1,50.326702
2021,1332136,11,3,1,5,3,1,50.326702
2021,1332136,12,3,1,5,3,1,50.326702
2021,1332218,1,3,2,6,3,1,56.638042
2021,1332218,2,3,2,6,3,1,56.638042
2021,1332218,3,3,2,6,3,1,56.638042
2021,1332218,4,3,2,6,3,1,56.638042
2021,1332218,5,3,2,6,3,1,56.638042
2021,1332218,6,3,2,6,3,1,56.638042
2021,1332218,7,3,2,6,3,1,56.638042
2021,1332218,8,3,2,6,3,1,56.638042
2021,1332218,9,3,2,6,3,1,56.638042
2021,1332218,10,3,2,6,3,1,56.638042
2021,1332218,11,3,2,6,3,1,56.638042
2021,1332218,12,3,2,6,3,1,56.638042
2021,1332228,1,3,2,6,3,1,56.638042
2021,1332228,2,3,2,6,3,1,56.638042
2021,1332228,3,3,2,6,3,1,56.638042
2021,1332228,4,3,2,6,3,1,56.638042
2021,1332228,5,3,2,6,3,1,56.638042
2021,1332228,6,3,2,6,3,1,56.638042
2021,1332228,7,3,2,6,3,1,56.638042
2021,1332228,8,3,2,6,3,1,56.638042
2021,1332228,9,3,2,6,3,1,56.638042
2021,1332228,10,3,2,6,3,1,56.638042
2021,1332228,11,3,2,6,3,1,56.638042
2021,1332228,12,3,2,6,3,1,56.638042
2021,1333167,1,3,1,5,3,1,43.461132
2021,1333167,2,3,1,5,3,1,43.461132
2021,1333167,3,3,1,5,3,1,43.461132
2021,1333167,5,3,1,5,3,1,43.461132
2021,1333167,6,3,1,5,3,1,43.461132
2021,1333167,7,3,1,5,3,1,43.461132
2021,1333167,8,3,1,5,3,1,43.461132
2021,1333167,9,3,1,5,3,1,43.461132
2021,1333167,13,3,1,5,1,1,64.057846
2021,1333167,17,3,1,5,1,1,64.057846
2021,1333167,20,3,1,5,1,1,64.057846
2021,1333167,65,3,1,5,1,1,64.057846
2021,1333215,1,3,2,6,3,1,56.63804
2021,1333215,2,3,2,6,3,1,56.63804
2021,1333215,3,3,2,6,3,1,56.63804
2021,1333215,4,3,2,6,3,1,56.63804
2021,1333215,5,3,2,6,3,1,56.63804
2021,1333215,6,3,2,6,3,1,56.63804
2021,1333215,7,3,2,6,3,1,56.63804
2021,1333215,8,3,2,6,3,1,56.63804
2021,1333215,9,3,2,6,3,1,56.63804
2021,1333215,10,3,2,6,3,1,56.63804
2021,1333215,11,3,2,6,3,1,56.63804
2021,1333215,13,3,2,6,3,1,56.63804
2021,1333222,1,3,2,6,3,1,56.63804
2021,1333222,2,3,2,6,3,1,56.63804
2021,1333222,3,3,2,6,3,1,56.63804
2021,1333222,4,3,2,6,3,1,56.63804
2021,1333222,5,3,2,6,3,1,56.63804
2021,1333222,6,3,2,6,3,1,56.63804
2021,1333222,7,3,2,6,3,1,56.63804
2021,1333222,8,3,2,6,3,1,56.63804
2021,1333222,9,3,2,6,3,1,56.63804
2021,1333222,13,3,2,6,3,1,56.63804
2021,1333222,14,3,2,6,3,1,56.63804
2021,1333222,15,3,2,6,3,1,56.63804
2021,1333229,1,3,2,6,3,1,47.473236
2021,1333229,2,3,2,6,3,1,47.473236
2021,1333229,3,3,2,6,3,1,47.473236
2021,1333229,4,3,2,6,3,1,47.473236
2021,1333229,5,3,2,6,3,1,47.473236
2021,1333229,6,3,2,6,3,1,47.473236
2021,1333229,7,3,2,6,3,1,47.473236
2021,1333229,8,3,2,6,3,1,47.473236
2021,1333229,9,3,2,6,3,1,47.473236
2021,1333229,10,3,2,6,3,1,47.473236
2021,1333229,11,3,2,6,3,1,47.473236
2021,1333229,37,3,2,6,1,1,157.45091
2021,1333234,1,3,2,6,3,1,56.638042
2021,1333234,2,3,2,6,3,1,56.638042
2021,1333234,3,3,2,6,3,1,56.638042
2021,1333234,4,3,2,6,3,1,56.638042
2021,1333234,5,3,2,6,3,1,56.638042
2021,1333234,6,3,2,6,3,1,56.638042
2021,1333234,7,3,2,6,3,1,56.638042
2021,1333234,8,3,2,6,3,1,56.638042
2021,1333234,9,3,2,6,3,1,56.638042
2021,1333234,10,3,2,6,3,1,56.638042
2021,1333234,11,3,2,6,3,1,56.638042
2021,1333234,12,3,2,6,3,1,56.638042
2021,1333240,1,3,2,6,3,1,56.638042
2021,1333240,2,3,2,6,3,1,56.638042
2021,1333240,3,3,2,6,3,1,56.638042
2021,1333240,4,3,2,6,3,1,56.638042
2021,1333240,5,3,2,6,3,1,56.638042
2021,1333240,6,3,2,6,3,1,56.638042
2021,1333240,7,3,2,6,3,1,56.638042
2021,1333240,8,3,2,6,3,1,56.638042
2021,1333240,9,3,2,6,3,1,56.638042
2021,1333240,10,3,2,6,3,1,56.638042
2021,1333240,11,3,2,6,3,1,56.638042
2021,1333240,13,3,2,6,3,1,56.638042
2021,1334176,1,3,1,5,3,1,41.624874
2021,1334176,2,3,1,5,3,1,41.624874
2021,1334176,3,3,1,5,3,1,41.624874
2021,1334176,4,3,1,5,3,1,41.624874
2021,1334176,5,3,1,5,3,1,41.624874
2021,1334176,6,3,1,5,3,1,41.624874
2021,1334176,8,3,1,5,3,1,41.624874
2021,1334176,9,3,1,5,3,1,41.624874
2021,1334176,10,3,1,5,3,1,41.624874
2021,1334176,12,3,1,5,3,1,41.624874
2021,1334176,20,3,1,5,1,1,93.83586
2021,1334176,52,3,1,5,1,1,93.83586
2021,1334181,1,3,1,5,3,1,50.326702
2021,1334181,2,3,1,5,3,1,50.326702
2021,1334181,3,3,1,5,3,1,50.326702
2021,1334181,4,3,1,5,3,1,50.326702
2021,1334181,5,3,1,5,3,1,50.326702
2021,1334181,6,3,1,5,3,1,50.326702
2021,1334181,7,3,1,5,3,1,50.326702
2021,1334181,8,3,1,5,3,1,50.326702
2021,1334181,9,3,1,5,3,1,50.326702
2021,1334181,10,3,1,5,3,1,50.326702
2021,1334181,11,3,1,5,3,1,50.326702
2021,1334181,12,3,1,5,3,1,50.326702
2021,1334219,1,3,2,6,3,1,48.81441
2021,1334219,2,3,2,6,3,1,48.81441
2021,1334219,3,3,2,6,3,1,48.81441
2021,1334219,4,3,2,6,3,1,48.81441
2021,1334219,7,3,2,6,3,1,48.81441
2021,1334219,8,3,2,6,3,1,48.81441
2021,1334219,9,3,2,6,3,1,48.81441
2021,1334219,11,3,2,6,3,1,48.81441
2021,1334219,13,3,2,6,3,1,48.81441
2021,1334219,20,3,2,6,1,1,80.108925
2021,1334219,36,3,2,6,1,1,80.108925
2021,1334219,42,3,2,6,1,1,80.108925
2021,1334227,1,3,2,6,3,1,47.047512
2021,1334227,2,3,2,6,3,1,47.047512
2021,1334227,3,3,2,6,3,1,47.047512
2021,1334227,4,3,2,6,3,1,47.047512
2021,1334227,5,3,2,6,3,1,47.047512
2021,1334227,6,3,2,6,3,1,47.047512
2021,1334227,7,3,2,6,3,1,47.047512
2021,1334227,8,3,2,6,3,1,47.047512
2021,1334227,9,3,2,6,3,1,47.047512
2021,1334227,10,3,2,6,3,1,47.047512
2021,1334227,14,3,2,6,3,1,47.047512
2021,1334227,98,3,2,6,1,1,162.13385
2021,1334231,1,3,2,6,3,1,56.638042
2021,1334231,2,3,2,6,3,1,56.638042
2021,1334231,3,3,2,6,3,1,56.638042
2021,1334231,4,3,2,6,3,1,56.638042
2021,1334231,5,3,2,6,3,1,56.638042
2021,1334231,6,3,2,6,3,1,56.638042
2021,1334231,7,3,2,6,3,1,56.638042
2021,1334231,8,3,2,6,3,1,56.638042
2021,1334231,9,3,2,6,3,1,56.638042
2021,1334231,10,3,2,6,3,1,56.638042
2021,1334231,11,3,2,6,3,1,56.638042
2021,1334231,12,3,2,6,3,1,56.638042
2021,1334238,1,3,2,6,3,1,61.786957
2021,1334238,2,3,2,6,3,1,61.786957
2021,1334238,3,3,2,6,3,1,61.786957
2021,1334238,4,3,2,6,3,1,61.786957
2021,1334238,6,3,2,6,3,1,61.786957
2021,1334238,7,3,2,6,3,1,61.786957
2021,1334238,8,3,2,6,3,1,61.786957
2021,1334238,9,3,2,6,3,1,61.786957
2021,1334238,10,3,2,6,3,1,61.786957
2021,1334238,11,3,2,6,3,1,61.786957
2021,1334238,12,3,2,6,3,1,61.786957
2021,1334244,1,3,2,6,3,1,48.117447
2021,1334244,2,3,2,6,3,1,48.117447
2021,1334244,3,3,2,6,3,1,48.117447
2021,1334244,4,3,2,6,3,1,48.117447
2021,1334244,6,3,2,6,3,1,48.117447
2021,1334244,7,3,2,6,3,1,48.117447
2021,1334244,8,3,2,6,3,1,48.117447
2021,1334244,9,3,2,6,3,1,48.117447
2021,1334244,10,3,2,6,3,1,48.117447
2021,1334244,11,3,2,6,3,1,48.117447
2021,1334244,12,3,2,6,3,1,48.117447
2021,1334244,96,3,2,6,1,1,150.36456
2021,1334261,2,3,2,6,3,1,47.88493
2021,1334261,3,3,2,6,3,1,47.88493
2021,1334261,4,3,2,6,3,1,47.88493
2021,1334261,5,3,2,6,3,1,47.88493
2021,1334261,6,3,2,6,3,1,47.88493
2021,1334261,7,3,2,6,3,1,47.88493
2021,1334261,8,3,2,6,3,1,47.88493
2021,1334261,9,3,2,6,3,1,47.88493
2021,1334261,10,3,2,6,3,1,47.88493
2021,1334261,11,3,2,6,3,1,47.88493
2021,1334261,12,3,2,6,3,1,47.88493
2021,1334261,28,3,2,6,1,1,152.92227
2021,1335133,1,3,1,5,3,1,45.44402
2021,1335133,2,3,1,5,3,1,45.44402
2021,1335133,3,3,1,5,3,1,45.44402
2021,1335133,4,3,1,5,3,1,45.44402
2021,1335133,5,3,1,5,3,1,45.44402
2021,1335133,7,3,1,5,3,1,45.44402
2021,1335133,8,3,1,5,3,1,45.44402
2021,1335133,9,3,1,5,3,1,45.44402
2021,1335133,10,3,1,5,3,1,45.44402
2021,1335133,11,3,1,5,3,1,45.44402
2021,1335133,13,3,1,5,1,1,149.48024
2021,1335216,1,3,2,6,3,1,47.566845
2021,1335216,2,3,2,6,3,1,47.566845
2021,1335216,3,3,2,6,3,1,47.566845
2021,1335216,4,3,2,6,3,1,47.566845
2021,1335216,5,3,2,6,3,1,47.566845
2021,1335216,6,3,2,6,3,1,47.566845
2021,1335216,7,3,2,6,3,1,47.566845
2021,1335216,8,3,2,6,3,1,47.566845
2021,1335216,9,3,2,6,3,1,47.566845
2021,1335216,14,3,2,6,3,1,47.566845
2021,1335216,15,3,2,6,1,1,101.994026
2021,1335216,20,3,2,6,1,1,101.994026
2021,1335221,1,3,2,6,3,1,56.63804
2021,1335221,2,3,2,6,3,1,56.63804
2021,1335221,3,3,2,6,3,1,56.63804
2021,1335221,4,3,2,6,3,1,56.63804
2021,1335221,5,3,2,6,3,1,56.63804
2021,1335221,6,3,2,6,3,1,56.63804
2021,1335221,7,3,2,6,3,1,56.63804
2021,1335221,8,3,2,6,3,1,56.63804
2021,1335221,9,3,2,6,3,1,56.63804
2021,1335221,10,3,2,6,3,1,56.63804
2021,1335221,11,3,2,6,3,1,56.63804
2021,1335221,12,3,2,6,3,1,56.63804
2021,1441157,1,4,1,7,3,1,37.999638
2021,1441157,2,4,1,7,3,1,37.999638
2021,1441157,3,4,1,7,3,1,37.999638
2021,1441157,4,4,1,7,3,1,37.999638
2021,1441157,5,4,1,7,3,1,37.999638
2021,1441157,6,4,1,7,3,1,37.999638
2021,1441157,7,4,1,7,3,1,37.999638
2021,1441157,8,4,1,7,3,1,37.999638
2021,1441157,9,4,1,7,3,1,37.999638
2021,1441157,10,4,1,7,3,1,37.999638
2021,1441157,11,4,1,7,3,1,37.999638
2021,1441159,1,4,1,7,3,1,28.634903
2021,1441159,2,4,1,7,3,1,28.634903
2021,1441159,3,4,1,7,3,1,28.634903
2021,1441159,4,4,1,7,3,1,28.634903
2021,1441159,6,4,1,7,3,1,28.634903
2021,1441159,8,4,1,7,3,1,28.634903
2021,1441159,9,4,1,7,3,1,28.634903
2021,1441159,10,4,1,7,3,1,28.634903
2021,1441159,11,4,1,7,3,1,28.634903
2021,1441159,12,4,1,7,3,1,28.634903
2021,1441159,13,4,1,7,1,1,65.82348
2021,1441159,14,4,1,7,1,1,65.82348
2021,1441210,1,4,2,8,3,1,25.219137
2021,1441210,2,4,2,8,3,1,25.219137
2021,1441210,3,4,2,8,3,1,25.219137
2021,1441210,4,4,2,8,3,1,25.219137
2021,1441210,5,4,2,8,3,1,25.219137
2021,1441210,6,4,2,8,3,1,25.219137
2021,1441210,7,4,2,8,3,1,25.219137
2021,1441210,8,4,2,8,3,1,25.219137
2021,1441210,9,4,2,8,3,1,25.219137
2021,1441210,10,4,2,8,3,1,25.219137
2021,1441210,11,4,2,8,3,1,25.219137
2021,1441210,13,4,2,8,3,1,25.219137
2021,1441213,1,4,2,8,3,1,25.219137
2021,1441213,2,4,2,8,3,1,25.219137
2021,1441213,3,4,2,8,3,1,25.219137
2021,1441213,4,4,2,8,3,1,25.219137
2021,1441213,5,4,2,8,3,1,25.219137
2021,1441213,6,4,2,8,3,1,25.219137
2021,1441213,7,4,2,8,3,1,25.219137
2021,1441213,8,4,2,8,3,1,25.219137
2021,1441213,9,4,2,8,3,1,25.219137
2021,1441213,10,4,2,8,3,1,25.219137
2021,1441213,13,4,2,8,3,1,25.219137
2021,1441213,14,4,2,8,3,1,25.219137
2021,1441217,1,4,2,8,3,1,25.21914
2021,1441217,2,4,2,8,3,1,25.21914
2021,1441217,3,4,2,8,3,1,25.21914
2021,1441217,4,4,2,8,3,1,25.21914
2021,1441217,5,4,2,8,3,1,25.21914
2021,1441217,6,4,2,8,3,1,25.21914
2021,1441217,7,4,2,8,3,1,25.21914
2021,1441217,8,4,2,8,3,1,25.21914
2021,1441217,9,4,2,8,3,1,25.21914
2021,1441217,10,4,2,8,3,1,25.21914
2021,1441217,13,4,2,8,3,1,25.21914
2021,1441217,14,4,2,8,3,1,25.21914
2021,1441229,1,4,2,8,3,1,20.97443
2021,1441229,2,4,2,8,3,1,20.97443
2021,1441229,3,4,2,8,3,1,20.97443
2021,1441229,4,4,2,8,3,1,20.97443
2021,1441229,5,4,2,8,3,1,20.97443
2021,1441229,6,4,2,8,3,1,20.97443
2021,1441229,7,4,2,8,3,1,20.97443
2021,1441229,8,4,2,8,3,1,20.97443
2021,1441229,9,4,2,8,3,1,20.97443
2021,1441229,13,4,2,8,3,1,20.97443
2021,1441229,97,4,2,8,1,1,46.442677
2021,1441229,105,4,2,8,1,1,46.442677
2021,1441232,2,4,2,8,3,1,20.73368
2021,1441232,3,4,2,8,3,1,20.73368
2021,1441232,4,4,2,8,3,1,20.73368
2021,1441232,5,4,2,8,3,1,20.73368
2021,1441232,6,4,2,8,3,1,20.73368
2021,1441232,7,4,2,8,3,1,20.73368
2021,1441232,8,4,2,8,3,1,20.73368
2021,1441232,10,4,2,8,3,1,20.73368
2021,1441232,11,4,2,8,3,1,20.73368
2021,1441232,13,4,2,8,3,1,20.73368
2021,1441232,21,4,2,8,1,1,47.646427
2021,1441232,49,4,2,8,1,1,47.646427
2021,1441241,1,4,2,8,3,1,24.432644
2021,1441241,2,4,2,8,3,1,24.432644
2021,1441241,3,4,2,8,3,1,24.432644
2021,1441241,4,4,2,8,3,1,24.432644
2021,1441241,6,4,2,8,3,1,24.432644
2021,1441241,8,4,2,8,3,1,24.432644
2021,1441241,13,4,2,8,3,1,24.432644
2021,1441241,14,4,2,8,1,1,32.900284
2021,1441241,15,4,2,8,1,1,32.900284
2021,1441241,24,4,2,8,1,1,32.900284
2021,1441241,87,4,2,8,1,1,32.900284
2021,1441244,1,4,2,8,3,1,20.60778
2021,1441244,2,4,2,8,3,1,20.60778
2021,1441244,3,4,2,8,3,1,20.60778
2021,1441244,5,4,2,8,3,1,20.60778
2021,1441244,6,4,2,8,3,1,20.60778
2021,1441244,7,4,2,8,3,1,20.60778
2021,1441244,8,4,2,8,3,1,20.60778
2021,1441244,10,4,2,8,3,1,20.60778
2021,1441244,11,4,2,8,3,1,20.60778
2021,1441244,12,4,2,8,3,1,20.60778
2021,1441244,25,4,2,8,1,1,48.27592
2021,1441244,77,4,2,8,1,1,48.27592
2021,1442211,1,4,2,8,3,1,25.21914
2021,1442211,2,4,2,8,3,1,25.21914
2021,1442211,3,4,2,8,3,1,25.21914
2021,1442211,4,4,2,8,3,1,25.21914
2021,1442211,5,4,2,8,3,1,25.21914
2021,1442211,6,4,2,8,3,1,25.21914
2021,1442211,7,4,2,8,3,1,25.21914
2021,1442211,8,4,2,8,3,1,25.21914
2021,1442211,9,4,2,8,3,1,25.21914
2021,1442211,10,4,2,8,3,1,25.21914
2021,1442211,11,4,2,8,3,1,25.21914
2021,1442211,12,4,2,8,3,1,25.21914
2021,1442217,1,4,2,8,3,1,25.21914
2021,1442217,2,4,2,8,3,1,25.21914
2021,1442217,3,4,2,8,3,1,25.21914
2021,1442217,4,4,2,8,3,1,25.21914
2021,1442217,5,4,2,8,3,1,25.21914
2021,1442217,6,4,2,8,3,1,25.21914
2021,1442217,7,4,2,8,3,1,25.21914
2021,1442217,8,4,2,8,3,1,25.21914
2021,1442217,9,4,2,8,3,1,25.21914
2021,1442217,10,4,2,8,3,1,25.21914
2021,1442217,11,4,2,8,3,1,25.21914
2021,1442217,12,4,2,8,3,1,25.21914
2021,1443140,1,4,1,7,3,1,34.833
2021,1443140,2,4,1,7,3,1,34.833
2021,1443140,3,4,1,7,3,1,34.833
2021,1443140,4,4,1,7,3,1,34.833
2021,1443140,5,4,1,7,3,1,34.833
2021,1443140,6,4,1,7,3,1,34.833
2021,1443140,7,4,1,7,3,1,34.833
2021,1443140,8,4,1,7,3,1,34.833
2021,1443140,9,4,1,7,3,1,34.833
2021,1443140,10,4,1,7,3,1,34.833
2021,1443140,11,4,1,7,3,1,34.833
2021,1443140,13,4,1,7,3,1,34.833
2021,1443211,1,4,2,8,3,1,21.73701
2021,1443211,2,4,2,8,3,1,21.73701
2021,1443211,4,4,2,8,3,1,21.73701
2021,1443211,5,4,2,8,3,1,21.73701
2021,1443211,6,4,2,8,3,1,21.73701
2021,1443211,7,4,2,8,3,1,21.73701
2021,1443211,8,4,2,8,3,1,21.73701
2021,1443211,10,4,2,8,3,1,21.73701
2021,1443211,11,4,2,8,3,1,21.73701
2021,1443211,12,4,2,8,3,1,21.73701
2021,1443211,87,4,2,8,1,1,85.25957
2021,1443213,1,4,2,8,3,1,21.882576
2021,1443213,2,4,2,8,3,1,21.882576
2021,1443213,3,4,2,8,3,1,21.882576
2021,1443213,4,4,2,8,3,1,21.882576
2021,1443213,5,4,2,8,3,1,21.882576
2021,1443213,6,4,2,8,3,1,21.882576
2021,1443213,8,4,2,8,3,1,21.882576
2021,1443213,9,4,2,8,3,1,21.882576
2021,1443213,10,4,2,8,3,1,21.882576
2021,1443213,12,4,2,8,3,1,21.882576
2021,1443213,53,4,2,8,1,1,83.80389
2021,1443220,1,4,2,8,3,1,23.14548
2021,1443220,6,4,2,8,3,1,23.14548
2021,1443220,9,4,2,8,3,1,23.14548
2021,1443220,13,4,2,8,3,1,23.14548
2021,1443220,14,4,2,8,3,1,23.14548
2021,1443220,15,4,2,8,3,1,23.14548
2021,1443220,33,4,2,8,1,1,27.292791
2021,1443220,76,4,2,8,1,1,27.292791
2021,1443220,84,4,2,8,1,1,27.292791
2021,1443220,111,4,2,8,1,1,27.292791
2021,1443220,132,4,2,8,1,1,27.292791
2021,1443220,145,4,2,8,1,1,27.292791
2021,1443222,1,4,2,8,3,1,20.872118
2021,1443222,3,4,2,8,3,1,20.872118
2021,1443222,4,4,2,8,3,1,20.872118
2021,1443222,5,4,2,8,3,1,20.872118
2021,1443222,6,4,2,8,3,1,20.872118
2021,1443222,7,4,2,8,3,1,20.872118
2021,1443222,10,4,2,8,3,1,20.872118
2021,1443222,11,4,2,8,3,1,20.872118
2021,1443222,24,4,2,8,1,1,33.913177
2021,1443222,38,4,2,8,1,1,33.913177
2021,1443222,53,4,2,8,1,1,33.913177
2021,1443222,111,4,2,8,1,1,33.913177
2021,1443226,1,4,2,8,3,1,25.219137
2021,1443226,2,4,2,8,3,1,25.219137
2021,1443226,3,4,2,8,3,1,25.219137
2021,1443226,4,4,2,8,3,1,25.219137
2021,1443226,5,4,2,8,3,1,25.219137
2021,1443226,6,4,2,8,3,1,25.219137
2021,1443226,7,4,2,8,3,1,25.219137
2021,1443226,8,4,2,8,3,1,25.219137
2021,1443226,9,4,2,8,3,1,25.219137
2021,1443226,10,4,2,8,3,1,25.219137
2021,1443226,11,4,2,8,3,1,25.219137
2021,1443226,13,4,2,8,3,1,25.219137
2021,1443229,1,4,2,8,3,1,25.219137
2021,1443229,2,4,2,8,3,1,25.219137
2021,1443229,3,4,2,8,3,1,25.219137
2021,1443229,4,4,2,8,3,1,25.219137
2021,1443229,5,4,2,8,3,1,25.219137
2021,1443229,6,4,2,8,3,1,25.219137
2021,1443229,7,4,2,8,3,1,25.219137
2021,1443229,8,4,2,8,3,1,25.219137
2021,1443229,9,4,2,8,3,1,25.219137
2021,1443229,10,4,2,8,3,1,25.219137
2021,1443229,11,4,2,8,3,1,25.219137
2021,1443229,12,4,2,8,3,1,25.219137
2021,1551113,2,5,1,9,3,1,9.773848
2021,1551113,3,5,1,9,3,1,9.773848
2021,1551113,4,5,1,9,3,1,9.773848
2021,1551113,5,5,1,9,3,1,9.773848
2021,1551113,6,5,1,9,3,1,9.773848
2021,1551113,7,5,1,9,3,1,9.773848
2021,1551113,8,5,1,9,3,1,9.773848
2021,1551113,9,5,1,9,3,1,9.773848
2021,1551113,10,5,1,9,3,1,9.773848
2021,1551113,13,5,1,9,3,1,9.773848
2021,1551113,16,5,1,9,1,1,23.827742
2021,1551113,20,5,1,9,1,1,23.827742
2021,1551114,1,5,1,9,3,1,10.305913
2021,1551114,2,5,1,9,3,1,10.305913
2021,1551114,3,5,1,9,3,1,10.305913
2021,1551114,4,5,1,9,3,1,10.305913
2021,1551114,5,5,1,9,3,1,10.305913
2021,1551114,6,5,1,9,3,1,10.305913
2021,1551114,7,5,1,9,3,1,10.305913
2021,1551114,8,5,1,9,3,1,10.305913
2021,1551114,9,5,1,9,3,1,10.305913
2021,1551114,10,5,1,9,3,1,10.305913
2021,1551114,11,5,1,9,3,1,10.305913
2021,1551114,32,5,1,9,1,1,32.028908
2021,1551116,1,5,1,9,3,1,9.770064
2021,1551116,2,5,1,9,3,1,9.770064
2021,1551116,3,5,1,9,3,1,9.770064
2021,1551116,4,5,1,9,3,1,9.770064
2021,1551116,6,5,1,9,3,1,9.770064
2021,1551116,7,5,1,9,3,1,9.770064
2021,1551116,8,5,1,9,3,1,9.770064
2021,1551116,9,5,1,9,3,1,9.770064
2021,1551116,14,5,1,9,3,1,9.770064
2021,1551116,15,5,1,9,3,1,9.770064
2021,1551116,38,5,1,9,1,1,23.846657
2021,1551116,68,5,1,9,1,1,23.846657
2021,1552117,1,5,1,9,3,1,10.050513
2021,1552117,2,5,1,9,3,1,10.050513
2021,1552117,3,5,1,9,3,1,10.050513
2021,1552117,4,5,1,9,3,1,10.050513
2021,1552117,5,5,1,9,3,1,10.050513
2021,1552117,6,5,1,9,3,1,10.050513
2021,1552117,7,5,1,9,3,1,10.050513
2021,1552117,8,5,1,9,3,1,10.050513
2021,1552117,10,5,1,9,3,1,10.050513
2021,1552117,13,5,1,9,3,1,10.050513
2021,1552117,14,5,1,9,3,1,10.050513
2021,1552117,140,5,1,9,1,1,34.83831
2021,1552118,1,5,1,9,3,1,12.740205
2021,1552118,2,5,1,9,3,1,12.740205
2021,1552118,6,5,1,9,3,1,12.740205
2021,1552118,7,5,1,9,3,1,12.740205
2021,1552118,13,5,1,9,3,1,12.740205
2021,1552118,22,5,1,9,1,1,11.67042
2021,1552118,27,5,1,9,1,1,11.67042
2021,1552118,31,5,1,9,1,1,11.67042
2021,1552118,57,5,1,9,1,1,11.67042
2021,1552118,63,5,1,9,1,1,11.67042
2021,1552118,97,5,1,9,1,1,11.67042
2021,1552118,127,5,1,9,1,1,11.67042
2021,1552119,1,5,1,9,3,1,10.179785
2021,1552119,2,5,1,9,3,1,10.179785
2021,1552119,3,5,1,9,3,1,10.179785
2021,1552119,4,5,1,9,3,1,10.179785
2021,1552119,7,5,1,9,3,1,10.179785
2021,1552119,9,5,1,9,3,1,10.179785
2021,1552119,10,5,1,9,3,1,10.179785
2021,1552119,13,5,1,9,3,1,10.179785
2021,1552119,14,5,1,9,3,1,10.179785
2021,1552119,15,5,1,9,1,1,17.9253
2021,1552119,38,5,1,9,1,1,17.9253
2021,1552119,73,5,1,9,1,1,17.9253
2021,1552211,1,5,2,10,3,1,11.518274
2021,1552211,2,5,2,10,3,1,11.518274
2021,1552211,3,5,2,10,3,1,11.518274
2021,1552211,4,5,2,10,3,1,11.518274
2021,1552211,5,5,2,10,3,1,11.518274
2021,1552211,6,5,2,10,3,1,11.518274
2021,1552211,7,5,2,10,3,1,11.518274
2021,1552211,8,5,2,10,3,1,11.518274
2021,1552211,13,5,2,10,3,1,11.518274
2021,1552211,14,5,2,10,3,1,11.518274
2021,1552211,15,5,2,10,3,1,11.518274
2021,1552211,20,5,2,10,1,1,37.590527
2021,1552213,1,5,2,10,3,1,11.546083
2021,1552213,2,5,2,10,3,1,11.546083
2021,1552213,3,5,2,10,3,1,11.546083
2021,1552213,4,5,2,10,3,1,11.546083
2021,1552213,5,5,2,10,3,1,11.546083
2021,1552213,7,5,2,10,3,1,11.546083
2021,1552213,8,5,2,10,3,1,11.546083
2021,1552213,9,5,2,10,3,1,11.546083
2021,1552213,10,5,2,10,3,1,11.546083
2021,1552213,11,5,2,10,3,1,11.546083
2021,1552213,13,5,2,10,3,1,11.546083
2021,1552213,34,5,2,10,1,1,37.284634
2021,1553114,1,5,1,9,3,1,12.116162
2021,1553114,2,5,1,9,3,1,12.116162
2021,1553114,3,5,1,9,3,1,12.116162
2021,1553114,4,5,1,9,3,1,12.116162
2021,1553114,5,5,1,9,3,1,12.116162
2021,1553114,6,5,1,9,3,1,12.116162
2021,1553114,7,5,1,9,3,1,12.116162
2021,1553114,8,5,1,9,3,1,12.116162
2021,1553114,9,5,1,9,3,1,12.116162
2021,1553114,10,5,1,9,3,1,12.116162
2021,1553114,11,5,1,9,3,1,12.116162
2021,1553114,13,5,1,9,3,1,12.116162
2021,1553210,1,5,2,10,3,1,13.690963
2021,1553210,2,5,2,10,3,1,13.690963
2021,1553210,3,5,2,10,3,1,13.690963
2021,1553210,4,5,2,10,3,1,13.690963
2021,1553210,5,5,2,10,3,1,13.690963
2021,1553210,6,5,2,10,3,1,13.690963
2021,1553210,7,5,2,10,3,1,13.690963
2021,1553210,8,5,2,10,3,1,13.690963
2021,1553210,9,5,2,10,3,1,13.690963
2021,1553210,10,5,2,10,3,1,13.690963
2021,1553210,11,5,2,10,3,1,13.690963
2021,1553210,12,5,2,10,3,1,13.690963
2021,1661170,1,6,1,11,3,1,35.687527
2021,1661170,2,6,1,11,3,1,35.687527
2021,1661170,3,6,1,11,3,1,35.687527
2021,1661170,4,6,1,11,3,1,35.687527
2021,1661170,5,6,1,11,3,1,35.687527
2021,1661170,6,6,1,11,3,1,35.687527
2021,1661170,7,6,1,11,3,1,35.687527
2021,1661170,9,6,1,11,3,1,35.687527
2021,1661170,11,6,1,11,3,1,35.687527
2021,1661170,12,6,1,11,3,1,35.687527
2021,1661170,33,6,1,11,1,1,69.1086
2021,1661170,48,6,1,11,1,1,69.1086
2021,1661173,1,6,1,11,3,1,34.818428
2021,1661173,2,6,1,11,3,1,34.818428
2021,1661173,4,6,1,11,3,1,34.818428
2021,1661173,5,6,1,11,3,1,34.818428
2021,1661173,7,6,1,11,3,1,34.818428
2021,1661173,8,6,1,11,3,1,34.818428
2021,1661173,9,6,1,11,3,1,34.818428
2021,1661173,10,6,1,11,3,1,34.818428
2021,1661173,13,6,1,11,3,1,34.818428
2021,1661173,14,6,1,11,3,1,34.818428
2021,1661173,21,6,1,11,1,1,73.454094
2021,1661173,24,6,1,11,1,1,73.454094
2021,1661177,1,6,1,11,3,1,41.257706
2021,1661177,2,6,1,11,3,1,41.257706
2021,1661177,3,6,1,11,3,1,41.257706
2021,1661177,4,6,1,11,3,1,41.257706
2021,1661177,5,6,1,11,3,1,41.257706
2021,1661177,6,6,1,11,3,1,41.257706
2021,1661177,7,6,1,11,3,1,41.257706
2021,1661177,8,6,1,11,3,1,41.257706
2021,1661177,9,6,1,11,3,1,41.257706
2021,1661177,10,6,1,11,3,1,41.257706
2021,1661177,11,6,1,11,3,1,41.257706
2021,1661177,12,6,1,11,3,1,41.257706
2021,1661182,1,6,1,11,3,1,33.643845
2021,1661182,2,6,1,11,3,1,33.643845
2021,1661182,4,6,1,11,3,1,33.643845
2021,1661182,5,6,1,11,3,1,33.643845
2021,1661182,6,6,1,11,3,1,33.643845
2021,1661182,7,6,1,11,3,1,33.643845
2021,1661182,8,6,1,11,3,1,33.643845
2021,1661182,9,6,1,11,3,1,33.643845
2021,1661182,10,6,1,11,3,1,33.643845
2021,1661182,13,6,1,11,3,1,33.643845
2021,1661182,44,6,1,11,1,1,79.32702
2021,1661182,48,6,1,11,1,1,79.32702
2021,1661186,1,6,1,11,3,1,33.545723
2021,1661186,2,6,1,11,3,1,33.545723
2021,1661186,3,6,1,11,3,1,33.545723
2021,1661186,5,6,1,11,3,1,33.545723
2021,1661186,6,6,1,11,3,1,33.545723
2021,1661186,7,6,1,11,3,1,33.545723
2021,1661186,9,6,1,11,3,1,33.545723
2021,1661186,13,6,1,11,3,1,33.545723
2021,1661186,14,6,1,11,3,1,33.545723
2021,1661186,20,6,1,11,1,1,64.39366
2021,1661186,21,6,1,11,1,1,64.39366
2021,1661186,24,6,1,11,1,1,64.39366
2021,1661218,1,6,2,12,3,1,39.77878
2021,1661218,2,6,2,12,3,1,39.77878
2021,1661218,3,6,2,12,3,1,39.77878
2021,1661218,4,6,2,12,3,1,39.77878
2021,1661218,5,6,2,12,3,1,39.77878
2021,1661218,6,6,2,12,3,1,39.77878
2021,1661218,7,6,2,12,3,1,39.77878
2021,1661218,8,6,2,12,3,1,39.77878
2021,1661218,9,6,2,12,3,1,39.77878
2021,1661218,10,6,2,12,3,1,39.77878
2021,1661218,11,6,2,12,3,1,39.77878
2021,1661218,13,6,2,12,3,1,39.77878
2021,1661225,1,6,2,12,3,1,33.76776
2021,1661225,2,6,2,12,3,1,33.76776
2021,1661225,3,6,2,12,3,1,33.76776
2021,1661225,4,6,2,12,3,1,33.76776
2021,1661225,5,6,2,12,3,1,33.76776
2021,1661225,7,6,2,12,3,1,33.76776
2021,1661225,8,6,2,12,3,1,33.76776
2021,1661225,9,6,2,12,3,1,33.76776
2021,1661225,10,6,2,12,3,1,33.76776
2021,1661225,11,6,2,12,3,1,33.76776
2021,1661225,12,6,2,12,3,1,33.76776
2021,1661225,64,6,2,12,1,1,105.9
2021,1661232,1,6,2,12,3,1,33.451298
2021,1661232,2,6,2,12,3,1,33.451298
2021,1661232,3,6,2,12,3,1,33.451298
2021,1661232,4,6,2,12,3,1,33.451298
2021,1661232,6,6,2,12,3,1,33.451298
2021,1661232,7,6,2,12,3,1,33.451298
2021,1661232,8,6,2,12,3,1,33.451298
2021,1661232,9,6,2,12,3,1,33.451298
2021,1661232,10,6,2,12,3,1,33.451298
2021,1661232,17,6,2,12,1,1,58.761223
2021,1661232,20,6,2,12,1,1,58.761223
2021,1661232,44,6,2,12,1,1,58.761223
2021,1661240,1,6,2,12,3,1,39.77878
2021,1661240,2,6,2,12,3,1,39.77878
2021,1661240,3,6,2,12,3,1,39.77878
2021,1661240,4,6,2,12,3,1,39.77878
2021,1661240,5,6,2,12,3,1,39.77878
2021,1661240,6,6,2,12,3,1,39.77878
2021,1661240,7,6,2,12,3,1,39.77878
2021,1661240,8,6,2,12,3,1,39.77878
2021,1661240,9,6,2,12,3,1,39.77878
2021,1661240,10,6,2,12,3,1,39.77878
2021,1661240,11,6,2,12,3,1,39.77878
2021,1661240,12,6,2,12,3,1,39.77878
2021,1662211,1,6,2,12,3,1,33.915394
2021,1662211,2,6,2,12,3,1,33.915394
2021,1662211,3,6,2,12,3,1,33.915394
2021,1662211,4,6,2,12,3,1,33.915394
2021,1662211,5,6,2,12,3,1,33.915394
2021,1662211,6,6,2,12,3,1,33.915394
2021,1662211,7,6,2,12,3,1,33.915394
2021,1662211,8,6,2,12,3,1,33.915394
2021,1662211,9,6,2,12,3,1,33.915394
2021,1662211,10,6,2,12,3,1,33.915394
2021,1662211,12,6,2,12,3,1,33.915394
2021,1662211,57,6,2,12,1,1,104.27605
2021,1662218,1,6,2,12,3,1,39.77878
2021,1662218,2,6,2,12,3,1,39.77878
2021,1662218,3,6,2,12,3,1,39.77878
2021,1662218,4,6,2,12,3,1,39.77878
2021,1662218,5,6,2,12,3,1,39.77878
2021,1662218,6,6,2,12,3,1,39.77878
2021,1662218,7,6,2,12,3,1,39.77878
2021,1662218,8,6,2,12,3,1,39.77878
2021,1662218,9,6,2,12,3,1,39.77878
2021,1662218,10,6,2,12,3,1,39.77878
2021,1662218,11,6,2,12,3,1,39.77878
2021,1662218,12,6,2,12,3,1,39.77878
2021,1662240,1,6,2,12,3,1,39.77878
2021,1662240,2,6,2,12,3,1,39.77878
2021,1662240,3,6,2,12,3,1,39.77878
2021,1662240,4,6,2,12,3,1,39.77878
2021,1662240,5,6,2,12,3,1,39.77878
2021,1662240,6,6,2,12,3,1,39.77878
2021,1662240,7,6,2,12,3,1,39.77878
2021,1662240,8,6,2,12,3,1,39.77878
2021,1662240,9,6,2,12,3,1,39.77878
2021,1662240,10,6,2,12,3,1,39.77878
2021,1662240,11,6,2,12,3,1,39.77878
2021,1662240,12,6,2,12,3,1,39.77878
2021,1662247,1,6,2,12,3,1,39.77878
2021,1662247,2,6,2,12,3,1,39.77878
2021,1662247,3,6,2,12,3,1,39.77878
2021,1662247,4,6,2,12,3,1,39.77878
2021,1662247,5,6,2,12,3,1,39.77878
2021,1662247,6,6,2,12,3,1,39.77878
2021,1662247,7,6,2,12,3,1,39.77878
2021,1662247,8,6,2,12,3,1,39.77878
2021,1662247,9,6,2,12,3,1,39.77878
2021,1662247,10,6,2,12,3,1,39.77878
2021,1662247,11,6,2,12,3,1,39.77878
2021,1662247,12,6,2,12,3,1,39.77878
2021,1663218,1,6,2,12,3,1,39.77878
2021,1663218,2,6,2,12,3,1,39.77878
2021,1663218,3,6,2,12,3,1,39.77878
2021,1663218,4,6,2,12,3,1,39.77878
2021,1663218,5,6,2,12,3,1,39.77878
2021,1663218,6,6,2,12,3,1,39.77878
2021,1663218,7,6,2,12,3,1,39.77878
2021,1663218,8,6,2,12,3,1,39.77878
2021,1663218,9,6,2,12,3,1,39.77878
2021,1663218,10,6,2,12,3,1,39.77878
2021,1663218,11,6,2,12,3,1,39.77878
2021,1663218,12,6,2,12,3,1,39.77878
2021,1663224,1,6,2,12,3,1,33.950096
2021,1663224,2,6,2,12,3,1,33.950096
2021,1663224,4,6,2,12,3,1,33.950096
2021,1663224,5,6,2,12,3,1,33.950096
2021,1663224,6,6,2,12,3,1,33.950096
2021,1663224,7,6,2,12,3,1,33.950096
2021,1663224,8,6,2,12,3,1,33.950096
2021,1663224,9,6,2,12,3,1,33.950096
2021,1663224,10,6,2,12,3,1,33.950096
2021,1663224,11,6,2,12,3,1,33.950096
2021,1663224,12,6,2,12,3,1,33.950096
2021,1663224,102,6,2,12,1,1,103.89431
2021,1664123,1,6,1,11,3,1,35.205585
2021,1664123,2,6,1,11,3,1,35.205585
2021,1664123,4,6,1,11,3,1,35.205585
2021,1664123,5,6,1,11,3,1,35.205585
2021,1664123,6,6,1,11,3,1,35.205585
2021,1664123,7,6,1,11,3,1,35.205585
2021,1664123,9,6,1,11,3,1,35.205585
2021,1664123,10,6,1,11,3,1,35.205585
2021,1664123,11,6,1,11,3,1,35.205585
2021,1664123,17,6,1,11,1,1,59.41407
2021,1664123,20,6,1,11,1,1,59.41407
2021,1664123,36,6,1,11,1,1,59.41407
2021,1664215,1,6,2,12,3,1,33.39841
2021,1664215,2,6,2,12,3,1,33.39841
2021,1664215,3,6,2,12,3,1,33.39841
2021,1664215,5,6,2,12,3,1,33.39841
2021,1664215,6,6,2,12,3,1,33.39841
2021,1664215,7,6,2,12,3,1,33.39841
2021,1664215,8,6,2,12,3,1,33.39841
2021,1664215,9,6,2,12,3,1,33.39841
2021,1664215,10,6,2,12,3,1,33.39841
2021,1664215,11,6,2,12,3,1,33.39841
2021,1664215,42,6,2,12,1,1,71.68064
2021,1664215,64,6,2,12,1,1,71.68064
2021,1664238,1,6,2,12,3,1,39.77878
2021,1664238,2,6,2,12,3,1,39.77878
2021,1664238,3,6,2,12,3,1,39.77878
2021,1664238,4,6,2,12,3,1,39.77878
2021,1664238,5,6,2,12,3,1,39.77878
2021,1664238,6,6,2,12,3,1,39.77878
2021,1664238,7,6,2,12,3,1,39.77878
2021,1664238,8,6,2,12,3,1,39.77878
2021,1664238,9,6,2,12,3,1,39.77878
2021,1664238,10,6,2,12,3,1,39.77878
2021,1664238,11,6,2,12,3,1,39.77878
2021,1664238,12,6,2,12,3,1,39.77878
2021,1664244,1,6,2,12,3,1,39.77878
2021,1664244,2,6,2,12,3,1,39.77878
2021,1664244,3,6,2,12,3,1,39.77878
2021,1664244,4,6,2,12,3,1,39.77878
2021,1664244,5,6,2,12,3,1,39.77878
2021,1664244,6,6,2,12,3,1,39.77878
2021,1664244,7,6,2,12,3,1,39.77878
2021,1664244,8,6,2,12,3,1,39.77878
2021,1664244,9,6,2,12,3,1,39.77878
2021,1664244,10,6,2,12,3,1,39.77878
2021,1664244,11,6,2,12,3,1,39.77878
2021,1664244,13,6,2,12,3,1,39.77878
2021,1665210,1,6,2,12,3,1,39.77878
2021,1665210,2,6,2,12,3,1,39.77878
2021,1665210,3,6,2,12,3,1,39.77878
2021,1665210,4,6,2,12,3,1,39.77878
2021,1665210,5,6,2,12,3,1,39.77878
2021,1665210,6,6,2,12,3,1,39.77878
2021,1665210,7,6,2,12,3,1,39.77878
2021,1665210,8,6,2,12,3,1,39.77878
2021,1665210,9,6,2,12,3,1,39.77878
2021,1665210,10,6,2,12,3,1,39.77878
2021,1665210,11,6,2,12,3,1,39.77878
2021,1665210,12,6,2,12,3,1,39.77878
2021,1665217,1,6,2,12,3,1,34.177933
2021,1665217,2,6,2,12,3,1,34.177933
2021,1665217,3,6,2,12,3,1,34.177933
2021,1665217,4,6,2,12,3,1,34.177933
2021,1665217,5,6,2,12,3,1,34.177933
2021,1665217,6,6,2,12,3,1,34.177933
2021,1665217,7,6,2,12,3,1,34.177933
2021,1665217,8,6,2,12,3,1,34.177933
2021,1665217,9,6,2,12,3,1,34.177933
2021,1665217,11,6,2,12,3,1,34.177933
2021,1665217,12,6,2,12,3,1,34.177933
2021,1665217,76,6,2,12,1,1,101.38813
2021,1666216,1,6,2,12,3,1,43.395035
2021,1666216,2,6,2,12,3,1,43.395035
2021,1666216,3,6,2,12,3,1,43.395035
2021,1666216,4,6,2,12,3,1,43.395035
2021,1666216,5,6,2,12,3,1,43.395035
2021,1666216,6,6,2,12,3,1,43.395035
2021,1666216,7,6,2,12,3,1,43.395035
2021,1666216,8,6,2,12,3,1,43.395035
2021,1666216,9,6,2,12,3,1,43.395035
2021,1666216,10,6,2,12,3,1,43.395035
2021,1666216,11,6,2,12,3,1,43.395035
2021,1666223,1,6,2,12,3,1,33.757572
2021,1666223,2,6,2,12,3,1,33.757572
2021,1666223,3,6,2,12,3,1,33.757572
2021,1666223,4,6,2,12,3,1,33.757572
2021,1666223,7,6,2,12,3,1,33.757572
2021,1666223,8,6,2,12,3,1,33.757572
2021,1666223,9,6,2,12,3,1,33.757572
2021,1666223,10,6,2,12,3,1,33.757572
2021,1666223,11,6,2,12,3,1,33.757572
2021,1666223,12,6,2,12,3,1,33.757572
2021,1666223,58,6,2,12,1,1,69.88482
2021,1666223,95,6,2,12,1,1,69.88482
2021,1771177,2,7,1,13,3,1,38.244774
2021,1771177,4,7,1,13,3,1,38.244774
2021,1771177,5,7,1,13,3,1,38.244774
2021,1771177,6,7,1,13,3,1,38.244774
2021,1771177,7,7,1,13,3,1,38.244774
2021,1771177,8,7,1,13,3,1,38.244774
2021,1771177,9,7,1,13,3,1,38.244774
2021,1771177,10,7,1,13,3,1,38.244774
2021,1771177,11,7,1,13,3,1,38.244774
2021,1771177,19,7,1,13,1,1,66.84138
2021,1771177,20,7,1,13,1,1,66.84138
2021,1771177,35,7,1,13,1,1,66.84138
2021,1771181,2,7,1,13,3,1,38.074905
2021,1771181,3,7,1,13,3,1,38.074905
2021,1771181,4,7,1,13,3,1,38.074905
2021,1771181,5,7,1,13,3,1,38.074905
2021,1771181,6,7,1,13,3,1,38.074905
2021,1771181,8,7,1,13,3,1,38.074905
2021,1771181,9,7,1,13,3,1,38.074905
2021,1771181,10,7,1,13,3,1,38.074905
2021,1771181,11,7,1,13,3,1,38.074905
2021,1771181,20,7,1,13,1,1,67.350975
2021,1771181,30,7,1,13,1,1,67.350975
2021,1771181,40,7,1,13,1,1,67.350975
2021,1771187,1,7,1,13,3,1,37.434956
2021,1771187,2,7,1,13,3,1,37.434956
2021,1771187,4,7,1,13,3,1,37.434956
2021,1771187,5,7,1,13,3,1,37.434956
2021,1771187,6,7,1,13,3,1,37.434956
2021,1771187,7,7,1,13,3,1,37.434956
2021,1771187,9,7,1,13,3,1,37.434956
2021,1771187,10,7,1,13,3,1,37.434956
2021,1771187,11,7,1,13,3,1,37.434956
2021,1771187,13,7,1,13,3,1,37.434956
2021,1771187,20,7,1,13,1,1,85.18877
2021,1771187,44,7,1,13,1,1,85.18877
2021,1771191,2,7,1,13,3,1,38.567036
2021,1771191,3,7,1,13,3,1,38.567036
2021,1771191,4,7,1,13,3,1,38.567036
2021,1771191,5,7,1,13,3,1,38.567036
2021,1771191,6,7,1,13,3,1,38.567036
2021,1771191,9,7,1,13,3,1,38.567036
2021,1771191,10,7,1,13,3,1,38.567036
2021,1771191,11,7,1,13,1,1,59.047703
2021,1771191,14,7,1,13,3,1,38.567036
2021,1771191,27,7,1,13,1,1,59.047703
2021,1771191,47,7,1,13,1,1,59.047703
2021,1771191,54,7,1,13,1,1,59.047703
2021,1771195,2,7,1,13,3,1,41.47174
2021,1771195,3,7,1,13,3,1,41.47174
2021,1771195,4,7,1,13,3,1,41.47174
2021,1771195,6,7,1,13,3,1,41.47174
2021,1771195,8,7,1,13,3,1,41.47174
2021,1771195,9,7,1,13,3,1,41.47174
2021,1771195,11,7,1,13,1,1,50.884987
2021,1771195,15,7,1,13,3,1,41.47174
2021,1771195,20,7,1,13,1,1,50.884987
2021,1771195,21,7,1,13,1,1,50.884987
2021,1771195,52,7,1,13,1,1,50.884987
2021,1771195,60,7,1,13,1,1,50.884987
2021,1771199,1,7,1,13,3,1,40.295662
2021,1771199,2,7,1,13,3,1,40.295662
2021,1771199,3,7,1,13,3,1,40.295662
2021,1771199,4,7,1,13,3,1,40.295662
2021,1771199,6,7,1,13,3,1,40.295662
2021,1771199,7,7,1,13,3,1,40.295662
2021,1771199,8,7,1,13,3,1,40.295662
2021,1771199,13,7,1,13,3,1,40.295662
2021,1771199,14,7,1,13,3,1,40.295662
2021,1771199,31,7,1,13,1,1,91.03305
2021,1771199,50,7,1,13,1,1,91.03305
2021,1771217,1,7,2,14,3,1,39.18024
2021,1771217,2,7,2,14,3,1,39.18024
2021,1771217,3,7,2,14,3,1,39.18024
2021,1771217,4,7,2,14,3,1,39.18024
2021,1771217,6,7,2,14,3,1,39.18024
2021,1771217,8,7,2,14,3,1,39.18024
2021,1771217,9,7,2,14,3,1,39.18024
2021,1771217,10,7,2,14,3,1,39.18024
2021,1771217,11,7,2,14,3,1,39.18024
2021,1771217,12,7,2,14,3,1,39.18024
2021,1771217,20,7,2,14,1,1,79.84066
2021,1771217,59,7,2,14,1,1,79.84066
2021,1771224,1,7,2,14,3,1,45.956974
2021,1771224,2,7,2,14,3,1,45.956974
2021,1771224,3,7,2,14,3,1,45.956974
2021,1771224,4,7,2,14,3,1,45.956974
2021,1771224,5,7,2,14,3,1,45.956974
2021,1771224,6,7,2,14,3,1,45.956974
2021,1771224,7,7,2,14,3,1,45.956974
2021,1771224,8,7,2,14,3,1,45.956974
2021,1771224,9,7,2,14,3,1,45.956974
2021,1771224,10,7,2,14,3,1,45.956974
2021,1771224,11,7,2,14,3,1,45.956974
2021,1771224,12,7,2,14,3,1,45.956974
2021,1771231,1,7,2,14,3,1,45.956978
2021,1771231,2,7,2,14,3,1,45.956978
2021,1771231,3,7,2,14,3,1,45.956978
2021,1771231,4,7,2,14,3,1,45.956978
2021,1771231,5,7,2,14,3,1,45.956978
2021,1771231,6,7,2,14,3,1,45.956978
2021,1771231,7,7,2,14,3,1,45.956978
2021,1771231,8,7,2,14,3,1,45.956978
2021,1771231,9,7,2,14,3,1,45.956978
2021,1771231,10,7,2,14,3,1,45.956978
2021,1771231,11,7,2,14,3,1,45.956978
2021,1771231,13,7,2,14,3,1,45.956978
2021,1771238,1,7,2,14,3,1,38.77005
2021,1771238,2,7,2,14,3,1,38.77005
2021,1771238,3,7,2,14,3,1,38.77005
2021,1771238,4,7,2,14,3,1,38.77005
2021,1771238,6,7,2,14,3,1,38.77005
2021,1771238,7,7,2,14,3,1,38.77005
2021,1771238,8,7,2,14,3,1,38.77005
2021,1771238,9,7,2,14,3,1,38.77005
2021,1771238,10,7,2,14,3,1,38.77005
2021,1771238,11,7,2,14,3,1,38.77005
2021,1771238,12,7,2,14,3,1,38.77005
2021,1771238,13,7,2,14,1,1,125.01318
2021,1772210,1,7,2,14,3,1,38.52051
2021,1772210,2,7,2,14,3,1,38.52051
2021,1772210,3,7,2,14,3,1,38.52051
2021,1772210,4,7,2,14,3,1,38.52051
2021,1772210,5,7,2,14,3,1,38.52051
2021,1772210,6,7,2,14,3,1,38.52051
2021,1772210,7,7,2,14,3,1,38.52051
2021,1772210,8,7,2,14,3,1,38.52051
2021,1772210,9,7,2,14,3,1,38.52051
2021,1772210,10,7,2,14,3,1,38.52051
2021,1772210,11,7,2,14,3,1,38.52051
2021,1772210,29,7,2,14,1,1,127.75809
2021,1773167,1,7,1,13,3,1,38.55214
2021,1773167,2,7,1,13,3,1,38.55214
2021,1773167,4,7,1,13,3,1,38.55214
2021,1773167,5,7,1,13,3,1,38.55214
2021,1773167,6,7,1,13,3,1,38.55214
2021,1773167,7,7,1,13,3,1,38.55214
2021,1773167,8,7,1,13,3,1,38.55214
2021,1773167,9,7,1,13,3,1,38.55214
2021,1773167,10,7,1,13,3,1,38.55214
2021,1773167,11,7,1,13,3,1,38.55214
2021,1773167,13,7,1,13,3,1,38.55214
2021,1773167,24,7,1,13,1,1,120.65354
2021,1773216,1,7,2,14,3,1,45.956974
2021,1773216,2,7,2,14,3,1,45.956974
2021,1773216,3,7,2,14,3,1,45.956974
2021,1773216,4,7,2,14,3,1,45.956974
2021,1773216,5,7,2,14,3,1,45.956974
2021,1773216,6,7,2,14,3,1,45.956974
2021,1773216,7,7,2,14,3,1,45.956974
2021,1773216,8,7,2,14,3,1,45.956974
2021,1773216,9,7,2,14,3,1,45.956974
2021,1773216,10,7,2,14,3,1,45.956974
2021,1773216,11,7,2,14,3,1,45.956974
2021,1773216,12,7,2,14,3,1,45.956974
2021,1773223,1,7,2,14,3,1,45.956978
2021,1773223,2,7,2,14,3,1,45.956978
2021,1773223,3,7,2,14,3,1,45.956978
2021,1773223,4,7,2,14,3,1,45.956978
2021,1773223,5,7,2,14,3,1,45.956978
2021,1773223,6,7,2,14,3,1,45.956978
2021,1773223,7,7,2,14,3,1,45.956978
2021,1773223,8,7,2,14,3,1,45.956978
2021,1773223,9,7,2,14,3,1,45.956978
2021,1773223,10,7,2,14,3,1,45.956978
2021,1773223,11,7,2,14,3,1,45.956978
2021,1773223,12,7,2,14,3,1,45.956978
2021,1773229,1,7,2,14,3,1,45.956978
2021,1773229,2,7,2,14,3,1,45.956978
2021,1773229,3,7,2,14,3,1,45.956978
2021,1773229,4,7,2,14,3,1,45.956978
2021,1773229,5,7,2,14,3,1,45.956978
2021,1773229,6,7,2,14,3,1,45.956978
2021,1773229,7,7,2,14,3,1,45.956978
2021,1773229,8,7,2,14,3,1,45.956978
2021,1773229,9,7,2,14,3,1,45.956978
2021,1773229,10,7,2,14,3,1,45.956978
2021,1773229,11,7,2,14,3,1,45.956978
2021,1773229,12,7,2,14,3,1,45.956978
2021,1774214,1,7,2,14,3,1,45.956978
2021,1774214,2,7,2,14,3,1,45.956978
2021,1774214,3,7,2,14,3,1,45.956978
2021,1774214,4,7,2,14,3,1,45.956978
2021,1774214,5,7,2,14,3,1,45.956978
2021,1774214,6,7,2,14,3,1,45.956978
2021,1774214,7,7,2,14,3,1,45.956978
2021,1774214,8,7,2,14,3,1,45.956978
2021,1774214,9,7,2,14,3,1,45.956978
2021,1774214,10,7,2,14,3,1,45.956978
2021,1774214,11,7,2,14,3,1,45.956978
2021,1774214,12,7,2,14,3,1,45.956978
2021,1774221,1,7,2,14,3,1,45.956978
2021,1774221,2,7,2,14,3,1,45.956978
2021,1774221,3,7,2,14,3,1,45.956978
2021,1774221,4,7,2,14,3,1,45.956978
2021,1774221,5,7,2,14,3,1,45.956978
2021,1774221,6,7,2,14,3,1,45.956978
2021,1774221,7,7,2,14,3,1,45.956978
2021,1774221,8,7,2,14,3,1,45.956978
2021,1774221,9,7,2,14,3,1,45.956978
2021,1774221,10,7,2,14,3,1,45.956978
2021,1774221,11,7,2,14,3,1,45.956978
2021,1774221,12,7,2,14,3,1,45.956978
2021,1774229,1,7,2,14,3,1,45.956974
2021,1774229,2,7,2,14,3,1,45.956974
2021,1774229,3,7,2,14,3,1,45.956974
2021,1774229,4,7,2,14,3,1,45.956974
2021,1774229,5,7,2,14,3,1,45.956974
2021,1774229,6,7,2,14,3,1,45.956974
2021,1774229,7,7,2,14,3,1,45.956974
2021,1774229,8,7,2,14,3,1,45.956974
2021,1774229,9,7,2,14,3,1,45.956974
2021,1774229,10,7,2,14,3,1,45.956974
2021,1774229,11,7,2,14,3,1,45.956974
2021,1774229,13,7,2,14,3,1,45.956974
2021,1775225,1,7,2,14,3,1,45.956978
2021,1775225,2,7,2,14,3,1,45.956978
2021,1775225,3,7,2,14,3,1,45.956978
2021,1775225,4,7,2,14,3,1,45.956978
2021,1775225,5,7,2,14,3,1,45.956978
2021,1775225,6,7,2,14,3,1,45.956978
2021,1775225,7,7,2,14,3,1,45.956978
2021,1775225,8,7,2,14,3,1,45.956978
2021,1775225,9,7,2,14,3,1,45.956978
2021,1775225,10,7,2,14,3,1,45.956978
2021,1775225,11,7,2,14,3,1,45.956978
2021,1775225,12,7,2,14,3,1,45.956978
2021,1775233,1,7,2,14,3,1,39.091972
2021,1775233,2,7,2,14,3,1,39.091972
2021,1775233,4,7,2,14,3,1,39.091972
2021,1775233,5,7,2,14,3,1,39.091972
2021,1775233,6,7,2,14,3,1,39.091972
2021,1775233,7,7,2,14,3,1,39.091972
2021,1775233,8,7,2,14,3,1,39.091972
2021,1775233,9,7,2,14,3,1,39.091972
2021,1775233,10,7,2,14,3,1,39.091972
2021,1775233,11,7,2,14,3,1,39.091972
2021,1775233,12,7,2,14,3,1,39.091972
2021,1775233,13,7,2,14,1,1,121.472015
2021,1775241,1,7,2,14,3,1,45.956974
2021,1775241,2,7,2,14,3,1,45.956974
2021,1775241,3,7,2,14,3,1,45.956974
2021,1775241,4,7,2,14,3,1,45.956974
2021,1775241,5,7,2,14,3,1,45.956974
2021,1775241,6,7,2,14,3,1,45.956974
2021,1775241,7,7,2,14,3,1,45.956974
2021,1775241,8,7,2,14,3,1,45.956974
2021,1775241,9,7,2,14,3,1,45.956974
2021,1775241,10,7,2,14,3,1,45.956974
2021,1775241,11,7,2,14,3,1,45.956974
2021,1775241,13,7,2,14,3,1,45.956974
2021,1775249,1,7,2,14,3,1,45.956978
2021,1775249,2,7,2,14,3,1,45.956978
2021,1775249,3,7,2,14,3,1,45.956978
2021,1775249,4,7,2,14,3,1,45.956978
2021,1775249,5,7,2,14,3,1,45.956978
2021,1775249,6,7,2,14,3,1,45.956978
2021,1775249,7,7,2,14,3,1,45.956978
2021,1775249,8,7,2,14,3,1,45.956978
2021,1775249,9,7,2,14,3,1,45.956978
2021,1775249,10,7,2,14,3,1,45.956978
2021,1775249,11,7,2,14,3,1,45.956978
2021,1775249,12,7,2,14,3,1,45.956978
2021,1881128,1,8,1,15,3,1,47.848644
2021,1881128,2,8,1,15,3,1,47.848644
2021,1881128,4,8,1,15,3,1,47.848644
2021,1881128,5,8,1,15,3,1,47.848644
2021,1881128,6,8,1,15,3,1,47.848644
2021,1881128,7,8,1,15,3,1,47.848644
2021,1881128,8,8,1,15,3,1,47.848644
2021,1881128,9,8,1,15,3,1,47.848644
2021,1881128,10,8,1,15,3,1,47.848644
2021,1881128,11,8,1,15,3,1,47.848644
2021,1881128,12,8,1,15,3,1,47.848644
2021,1881128,60,8,1,15,1,1,161.08255
2021,1881216,1,8,2,16,3,1,52.12773
2021,1881216,2,8,2,16,3,1,52.12773
2021,1881216,3,8,2,16,3,1,52.12773
2021,1881216,4,8,2,16,3,1,52.12773
2021,1881216,8,8,2,16,3,1,52.12773
2021,1881216,9,8,2,16,3,1,52.12773
2021,1881216,10,8,2,16,3,1,52.12773
2021,1881216,11,8,2,16,3,1,52.12773
2021,1881216,12,8,2,16,3,1,52.12773
2021,1881216,20,8,2,16,1,1,109.60102
2021,1881216,48,8,2,16,1,1,109.60102
2021,1882165,1,8,1,15,3,1,46.213245
2021,1882165,2,8,1,15,3,1,46.213245
2021,1882165,3,8,1,15,3,1,46.213245
2021,1882165,4,8,1,15,3,1,46.213245
2021,1882165,5,8,1,15,3,1,46.213245
2021,1882165,7,8,1,15,3,1,46.213245
2021,1882165,8,8,1,15,3,1,46.213245
2021,1882165,9,8,1,15,3,1,46.213245
2021,1882165,10,8,1,15,3,1,46.213245
2021,1882165,11,8,1,15,3,1,46.213245
2021,1882165,20,8,1,15,1,1,112.64261
2021,1882165,55,8,1,15,1,1,112.64261
2021,1882213,1,8,2,16,3,1,57.362637
2021,1882213,2,8,2,16,3,1,57.362637
2021,1882213,3,8,2,16,3,1,57.362637
2021,1882213,4,8,2,16,3,1,57.362637
2021,1882213,5,8,2,16,3,1,57.362637
2021,1882213,6,8,2,16,3,1,57.362637
2021,1882213,7,8,2,16,3,1,57.362637
2021,1882213,8,8,2,16,3,1,57.362637
2021,1882213,9,8,2,16,3,1,57.362637
2021,1882213,10,8,2,16,3,1,57.362637
2021,1882213,11,8,2,16,3,1,57.362637
2021,1882213,13,8,2,16,3,1,57.362637
2021,1882233,1,8,2,16,3,1,57.362633
2021,1882233,2,8,2,16,3,1,57.362633
2021,1882233,3,8,2,16,3,1,57.362633
2021,1882233,4,8,2,16,3,1,57.362633
2021,1882233,5,8,2,16,3,1,57.362633
2021,1882233,6,8,2,16,3,1,57.362633
2021,1882233,7,8,2,16,3,1,57.362633
2021,1882233,8,8,2,16,3,1,57.362633
2021,1882233,9,8,2,16,3,1,57.362633
2021,1882233,10,8,2,16,3,1,57.362633
2021,1882233,11,8,2,16,3,1,57.362633
2021,1882233,12,8,2,16,3,1,57.362633
2021,1884139,1,8,1,15,3,1,50.803944
2021,1884139,3,8,1,15,3,1,50.803944
2021,1884139,4,8,1,15,3,1,50.803944
2021,1884139,5,8,1,15,3,1,50.803944
2021,1884139,6,8,1,15,3,1,50.803944
2021,1884139,7,8,1,15,3,1,50.803944
2021,1884139,8,8,1,15,3,1,50.803944
2021,1884139,10,8,1,15,3,1,50.803944
2021,1884139,11,8,1,15,3,1,50.803944
2021,1884139,20,8,1,15,1,1,115.09109
2021,1884139,78,8,1,15,1,1,115.09109
2021,1884143,1,8,1,15,3,1,51.386642
2021,1884143,2,8,1,15,3,1,51.386642
2021,1884143,4,8,1,15,3,1,51.386642
2021,1884143,5,8,1,15,3,1,51.386642
2021,1884143,6,8,1,15,3,1,51.386642
2021,1884143,7,8,1,15,3,1,51.386642
2021,1884143,8,8,1,15,3,1,51.386642
2021,1884143,9,8,1,15,3,1,51.386642
2021,1884143,10,8,1,15,3,1,51.386642
2021,1884143,63,8,1,15,1,1,112.46894
2021,1884143,71,8,1,15,1,1,112.46894
2021,1884214,1,8,2,16,3,1,48.47127
2021,1884214,2,8,2,16,3,1,48.47127
2021,1884214,3,8,2,16,3,1,48.47127
2021,1884214,4,8,2,16,3,1,48.47127
2021,1884214,5,8,2,16,3,1,48.47127
2021,1884214,6,8,2,16,3,1,48.47127
2021,1884214,7,8,2,16,3,1,48.47127
2021,1884214,8,8,2,16,3,1,48.47127
2021,1884214,10,8,2,16,3,1,48.47127
2021,1884214,11,8,2,16,3,1,48.47127
2021,1884214,13,8,2,16,3,1,48.47127
2021,1884214,20,8,2,16,1,1,155.16762
2021,1885171,1,8,1,15,3,1,52.226345
2021,1885171,2,8,1,15,3,1,52.226345
2021,1885171,4,8,1,15,3,1,52.226345
2021,1885171,5,8,1,15,3,1,52.226345
2021,1885171,6,8,1,15,3,1,52.226345
2021,1885171,7,8,1,15,3,1,52.226345
2021,1885171,8,8,1,15,3,1,52.226345
2021,1885171,9,8,1,15,3,1,52.226345
2021,1885171,10,8,1,15,3,1,52.226345
2021,1885171,13,8,1,15,3,1,52.226345
2021,1885171,20,8,1,15,1,1,165.1542
2021,1885215,1,8,2,16,3,1,57.362637
2021,1885215,2,8,2,16,3,1,57.362637
2021,1885215,3,8,2,16,3,1,57.362637
2021,1885215,4,8,2,16,3,1,57.362637
2021,1885215,5,8,2,16,3,1,57.362637
2021,1885215,6,8,2,16,3,1,57.362637
2021,1885215,7,8,2,16,3,1,57.362637
2021,1885215,8,8,2,16,3,1,57.362637
2021,1885215,9,8,2,16,3,1,57.362637
2021,1885215,10,8,2,16,3,1,57.362637
2021,1885215,11,8,2,16,3,1,57.362637
2021,1885215,12,8,2,16,3,1,57.362637
2021,1885222,1,8,2,16,3,1,48.704437
2021,1885222,2,8,2,16,3,1,48.704437
2021,1885222,3,8,2,16,3,1,48.704437
2021,1885222,4,8,2,16,3,1,48.704437
2021,1885222,5,8,2,16,3,1,48.704437
2021,1885222,6,8,2,16,3,1,48.704437
2021,1885222,7,8,2,16,3,1,48.704437
2021,1885222,8,8,2,16,3,1,48.704437
2021,1885222,9,8,2,16,3,1,48.704437
2021,1885222,10,8,2,16,3,1,48.704437
2021,1885222,13,8,2,16,3,1,48.704437
2021,1885222,66,8,2,16,1,1,152.60278
2021,1885240,1,8,2,16,3,1,48.080578
2021,1885240,2,8,2,16,3,1,48.080578
2021,1885240,3,8,2,16,3,1,48.080578
2021,1885240,4,8,2,16,3,1,48.080578
2021,1885240,5,8,2,16,3,1,48.080578
2021,1885240,6,8,2,16,3,1,48.080578
2021,1885240,7,8,2,16,3,1,48.080578
2021,1885240,8,8,2,16,3,1,48.080578
2021,1885240,10,8,2,16,3,1,48.080578
2021,1885240,11,8,2,16,3,1,48.080578
2021,1885240,13,8,2,16,3,1,48.080578
2021,1885240,153,8,2,16,1,1,159.46524
2021,1885246,1,8,2,16,3,1,57.362633
2021,1885246,2,8,2,16,3,1,57.362633
2021,1885246,3,8,2,16,3,1,57.362633
2021,1885246,4,8,2,16,3,1,57.362633
2021,1885246,5,8,2,16,3,1,57.362633
2021,1885246,6,8,2,16,3,1,57.362633
2021,1885246,7,8,2,16,3,1,57.362633
2021,1885246,8,8,2,16,3,1,57.362633
2021,1885246,9,8,2,16,3,1,57.362633
2021,1885246,10,8,2,16,3,1,57.362633
2021,1885246,11,8,2,16,3,1,57.362633
2021,1885246,13,8,2,16,3,1,57.362633
2021,1886149,1,8,1,15,3,1,48.615196
2021,1886149,2,8,1,15,3,1,48.615196
2021,1886149,3,8,1,15,3,1,48.615196
2021,1886149,4,8,1,15,3,1,48.615196
2021,1886149,6,8,1,15,3,1,48.615196
2021,1886149,7,8,1,15,3,1,48.615196
2021,1886149,9,8,1,15,1,1,83.29365
2021,1886149,13,8,1,15,3,1,48.615196
2021,1886149,14,8,1,15,3,1,48.615196
2021,1886149,15,8,1,15,3,1,48.615196
2021,1886149,20,8,1,15,1,1,83.29365
2021,1886149,52,8,1,15,1,1,83.29365
2021,1886210,1,8,2,16,3,1,47.268806
2021,1886210,2,8,2,16,3,1,47.268806
2021,1886210,3,8,2,16,3,1,47.268806
2021,1886210,4,8,2,16,3,1,47.268806
2021,1886210,5,8,2,16,3,1,47.268806
2021,1886210,6,8,2,16,3,1,47.268806
2021,1886210,7,8,2,16,3,1,47.268806
2021,1886210,10,8,2,16,3,1,47.268806
2021,1886210,11,8,2,16,3,1,47.268806
2021,1886210,13,8,2,16,3,1,47.268806
2021,1886210,14,8,2,16,1,1,107.83176
2021,1886210,20,8,2,16,1,1,107.83176
2021,1886217,1,8,2,16,3,1,57.362637
2021,1886217,2,8,2,16,3,1,57.362637
2021,1886217,3,8,2,16,3,1,57.362637
2021,1886217,4,8,2,16,3,1,57.362637
2021,1886217,5,8,2,16,3,1,57.362637
2021,1886217,6,8,2,16,3,1,57.362637
2021,1886217,7,8,2,16,3,1,57.362637
2021,1886217,8,8,2,16,3,1,57.362637
2021,1886217,9,8,2,16,3,1,57.362637
2021,1886217,13,8,2,16,3,1,57.362637
2021,1886217,14,8,2,16,3,1,57.362637
2021,1886217,15,8,2,16,3,1,57.362637
2021,1886226,2,8,2,16,3,1,48.006863
2021,1886226,3,8,2,16,3,1,48.006863
2021,1886226,4,8,2,16,3,1,48.006863
2021,1886226,6,8,2,16,3,1,48.006863
2021,1886226,7,8,2,16,3,1,48.006863
2021,1886226,8,8,2,16,3,1,48.006863
2021,1886226,9,8,2,16,3,1,48.006863
2021,1886226,10,8,2,16,3,1,48.006863
2021,1886226,11,8,2,16,3,1,48.006863
2021,1886226,12,8,2,16,3,1,48.006863
2021,1886226,28,8,2,16,1,1,104.1415
2021,1886226,84,8,2,16,1,1,104.1415
2021,1991110,1,9,1,17,3,1,71.90999
2021,1991110,2,9,1,17,3,1,71.90999
2021,1991110,3,9,1,17,3,1,71.90999
2021,1991110,4,9,1,17,3,1,71.90999
2021,1991110,5,9,1,17,3,1,71.90999
2021,1991110,8,9,1,17,3,1,71.90999
2021,1991110,13,9,1,17,3,1,71.90999
2021,1991110,93,9,1,17,1,1,131.72824
2021,1991110,96,9,1,17,1,1,131.72824
2021,1991117,1,9,1,17,3,1,78.420525
2021,1991117,2,9,1,17,3,1,78.420525
2021,1991117,5,9,1,17,3,1,78.420525
2021,1991117,6,9,1,17,3,1,78.420525
2021,1991117,8,9,1,17,3,1,78.420525
2021,1991117,9,9,1,17,3,1,78.420525
2021,1991117,11,9,1,17,3,1,78.420525
2021,1991117,20,9,1,17,1,1,217.8827
2021,1992115,1,9,1,17,3,1,57.931866
2021,1992115,3,9,1,17,3,1,57.931866
2021,1992115,4,9,1,17,3,1,57.931866
2021,1992115,5,9,1,17,3,1,57.931866
2021,1992115,6,9,1,17,3,1,57.931866
2021,1992115,7,9,1,17,3,1,57.931866
2021,1992115,8,9,1,17,3,1,57.931866
2021,1992115,9,9,1,17,3,1,57.931866
2021,1992115,13,9,1,17,3,1,57.931866
2021,1992115,14,9,1,17,3,1,57.931866
2021,1992115,29,9,1,17,1,1,187.50775
2021,1992121,1,9,1,17,3,1,53.561954
2021,1992121,2,9,1,17,3,1,53.561954
2021,1992121,3,9,1,17,3,1,53.561954
2021,1992121,4,9,1,17,3,1,53.561954
2021,1992121,6,9,1,17,3,1,53.561954
2021,1992121,7,9,1,17,3,1,53.561954
2021,1992121,8,9,1,17,3,1,53.561954
2021,1992121,9,9,1,17,3,1,53.561954
2021,1992121,10,9,1,17,3,1,53.561954
2021,1992121,11,9,1,17,3,1,53.561954
2021,1992121,13,9,1,17,3,1,53.561954
2021,1992121,23,9,1,17,1,1,177.64491
2021,1993111,2,9,1,17,3,1,52.432575
2021,1993111,3,9,1,17,3,1,52.432575
2021,1993111,4,9,1,17,3,1,52.432575
2021,1993111,5,9,1,17,3,1,52.432575
2021,1993111,6,9,1,17,3,1,52.432575
2021,1993111,9,9,1,17,3,1,52.432575
2021,1993111,10,9,1,17,3,1,52.432575
2021,1993111,11,9,1,17,1,1,98.31108
2021,1993111,13,9,1,17,3,1,52.432575
2021,1993111,14,9,1,17,3,1,52.432575
2021,1993111,20,9,1,17,1,1,98.31108
2021,1993111,82,9,1,17,1,1,98.31108
2021,1993114,1,9,1,17,3,1,52.51138
2021,1993114,2,9,1,17,3,1,52.51138
2021,1993114,3,9,1,17,3,1,52.51138
2021,1993114,4,9,1,17,3,1,52.51138
2021,1993114,5,9,1,17,3,1,52.51138
2021,1993114,6,9,1,17,3,1,52.51138
2021,1993114,7,9,1,17,3,1,52.51138
2021,1993114,8,9,1,17,3,1,52.51138
2021,1993114,9,9,1,17,3,1,52.51138
2021,1993114,10,9,1,17,3,1,52.51138
2021,1993114,11,9,1,17,3,1,52.51138
2021,1993114,46,9,1,17,1,1,189.20122
2021,1993116,2,9,1,17,3,1,64.25749
2021,1993116,3,9,1,17,3,1,64.25749
2021,1993116,4,9,1,17,3,1,64.25749
2021,1993116,5,9,1,17,3,1,64.25749
2021,1993116,6,9,1,17,3,1,64.25749
2021,1993116,9,9,1,17,3,1,64.25749
2021,1993116,10,9,1,17,3,1,64.25749
2021,1993116,20,9,1,17,1,1,105.67467
2021,1993116,51,9,1,17,1,1,105.67467
2021,1993116,57,9,1,17,1,1,105.67467
2021,1993119,2,9,1,17,3,1,62.062756
2021,1993119,3,9,1,17,3,1,62.062756
2021,1993119,4,9,1,17,3,1,62.062756
2021,1993119,5,9,1,17,3,1,62.062756
2021,1993119,7,9,1,17,3,1,62.062756
2021,1993119,8,9,1,17,3,1,62.062756
2021,1993119,10,9,1,17,3,1,62.062756
2021,1993119,11,9,1,17,3,1,62.062756
2021,1993119,13,9,1,17,3,1,62.062756
2021,1993119,67,9,1,17,1,1,208.26161
2021,1993123,2,9,1,17,3,1,56.826603
2021,1993123,3,9,1,17,3,1,56.826603
2021,1993123,4,9,1,17,3,1,56.826603
2021,1993123,6,9,1,17,3,1,56.826603
2021,1993123,8,9,1,17,3,1,56.826603
2021,1993123,13,9,1,17,3,1,56.826603
2021,1993123,14,9,1,17,3,1,56.826603
2021,1993123,20,9,1,17,1,1,73.80804
2021,1993123,21,9,1,17,1,1,73.80804
2021,1993123,23,9,1,17,1,1,73.80804
2021,1993123,24,9,1,17,1,1,73.80804
2021,1993123,46,9,1,17,1,1,73.80804
2021,1994136,6,9,1,17,3,1,70.57465
2021,1994136,7,9,1,17,3,1,70.57465
2021,1994136,8,9,1,17,3,1,70.57465
2021,1994136,10,9,1,17,3,1,70.57465
2021,1994136,11,9,1,17,3,1,70.57465
2021,1994136,16,9,1,17,1,1,68.99219
2021,1994136,20,9,1,17,1,1,68.99219
2021,1994136,48,9,1,17,1,1,68.99219
2021,1994136,62,9,1,17,1,1,68.99219
2021,1994136,68,9,1,17,1,1,68.99219
2021,1994136,74,9,1,17,1,1,68.99219
2021,1994143,1,9,1,17,3,1,52.07096
2021,1994143,2,9,1,17,3,1,52.07096
2021,1994143,3,9,1,17,3,1,52.07096
2021,1994143,4,9,1,17,3,1,52.07096
2021,1994143,5,9,1,17,3,1,52.07096
2021,1994143,7,9,1,17,3,1,52.07096
2021,1994143,8,9,1,17,3,1,52.07096
2021,1994143,9,9,1,17,3,1,52.07096
2021,1994143,13,9,1,17,3,1,52.07096
2021,1994143,15,9,1,17,3,1,52.07096
2021,1994143,33,9,1,17,1,1,123.05841
2021,1994143,79,9,1,17,1,1,123.05841
2021,1994147,1,9,1,17,3,1,62.395813
2021,1994147,2,9,1,17,3,1,62.395813
2021,1994147,5,9,1,17,3,1,62.395813
2021,1994147,6,9,1,17,3,1,62.395813
2021,1994147,8,9,1,17,3,1,62.395813
2021,1994147,9,9,1,17,3,1,62.395813
2021,1994147,17,9,1,17,1,1,65.408585
2021,1994147,20,9,1,17,1,1,65.408585
2021,1994147,21,9,1,17,1,1,65.408585
2021,1994147,33,9,1,17,1,1,65.408585
2021,1994147,73,9,1,17,1,1,65.408585
2021,1994147,92,9,1,17,1,1,65.408585
2021,1994151,3,9,1,17,3,1,51.259796
2021,1994151,4,9,1,17,3,1,51.259796
2021,1994151,5,9,1,17,3,1,51.259796
2021,1994151,6,9,1,17,3,1,51.259796
2021,1994151,7,9,1,17,3,1,51.259796
2021,1994151,8,9,1,17,3,1,51.259796
2021,1994151,9,9,1,17,3,1,51.259796
2021,1994151,10,9,1,17,3,1,51.259796
2021,1994151,13,9,1,17,3,1,51.259796
2021,1994151,14,9,1,17,3,1,51.259796
2021,1994151,37,9,1,17,1,1,127.11422
2021,1994151,79,9,1,17,1,1,127.11422
2021,1994156,3,9,1,17,3,1,57.53081
2021,1994156,4,9,1,17,3,1,57.53081
2021,1994156,5,9,1,17,3,1,57.53081
2021,1994156,6,9,1,17,3,1,57.53081
2021,1994156,7,9,1,17,3,1,57.53081
2021,1994156,8,9,1,17,3,1,57.53081
2021,1994156,9,9,1,17,3,1,57.53081
2021,1994156,13,9,1,17,3,1,57.53081
2021,1994156,15,9,1,17,1,1,102.1933
2021,1994156,20,9,1,17,1,1,102.1933
2021,1994156,32,9,1,17,1,1,102.1933
2021,1994160,1,9,1,17,3,1,52.612198
2021,1994160,2,9,1,17,3,1,52.612198
2021,1994160,3,9,1,17,3,1,52.612198
2021,1994160,4,9,1,17,3,1,52.612198
2021,1994160,5,9,1,17,3,1,52.612198
2021,1994160,6,9,1,17,3,1,52.612198
2021,1994160,8,9,1,17,3,1,52.612198
2021,1994160,11,9,1,17,3,1,52.612198
2021,1994160,13,9,1,17,3,1,52.612198
2021,1994160,15,9,1,17,1,1,97.77221
2021,1994160,51,9,1,17,1,1,97.77221
2021,1994160,93,9,1,17,1,1,97.77221
2021,1994165,2,9,1,17,3,1,63.65061
2021,1994165,4,9,1,17,3,1,63.65061
2021,1994165,9,9,1,17,3,1,63.65061
2021,1994165,11,9,1,17,1,1,64.153786
2021,1994165,13,9,1,17,3,1,63.65061
2021,1994165,14,9,1,17,3,1,63.65061
2021,1994165,15,9,1,17,3,1,63.65061
2021,1994165,46,9,1,17,1,1,64.153786
2021,1994165,51,9,1,17,1,1,64.153786
2021,1994165,53,9,1,17,1,1,64.153786
2021,1994165,55,9,1,17,1,1,64.153786
2021,1994165,62,9,1,17,1,1,64.153786
2021,1995126,1,9,1,17,3,1,53.23875
2021,1995126,2,9,1,17,3,1,53.23875
2021,1995126,3,9,1,17,3,1,53.23875
2021,1995126,5,9,1,17,3,1,53.23875
2021,1995126,6,9,1,17,3,1,53.23875
2021,1995126,7,9,1,17,3,1,53.23875
2021,1995126,8,9,1,17,3,1,53.23875
2021,1995126,9,9,1,17,3,1,53.23875
2021,1995126,10,9,1,17,3,1,53.23875
2021,1995126,11,9,1,17,3,1,53.23875
2021,1995126,12,9,1,17,3,1,53.23875
2021,1995126,20,9,1,17,1,1,181.20012
2021,1995129,1,9,1,17,3,1,53.031406
2021,1995129,2,9,1,17,3,1,53.031406
2021,1995129,3,9,1,17,3,1,53.031406
2021,1995129,5,9,1,17,3,1,53.031406
2021,1995129,6,9,1,17,3,1,53.031406
2021,1995129,7,9,1,17,3,1,53.031406
2021,1995129,8,9,1,17,3,1,53.031406
2021,1995129,9,9,1,17,3,1,53.031406
2021,1995129,10,9,1,17,3,1,53.031406
2021,1995129,13,9,1,17,3,1,53.031406
2021,1995129,14,9,1,17,3,1,53.031406
2021,1995129,20,9,1,17,1,1,183.48091
2021,1995133,1,9,1,17,3,1,53.34683
2021,1995133,2,9,1,17,3,1,53.34683
2021,1995133,4,9,1,17,3,1,53.34683
2021,1995133,6,9,1,17,3,1,53.34683
2021,1995133,7,9,1,17,3,1,53.34683
2021,1995133,8,9,1,17,3,1,53.34683
2021,1995133,9,9,1,17,3,1,53.34683
2021,1995133,11,9,1,17,3,1,53.34683
2021,1995133,13,9,1,17,3,1,53.34683
2021,1995133,42,9,1,17,1,1,95.56831
2021,1995133,68,9,1,17,1,1,95.56831
2021,1995133,87,9,1,17,1,1,95.56831
2021,1995137,1,9,1,17,3,1,64.86531
2021,1995137,6,9,1,17,3,1,64.86531
2021,1995137,7,9,1,17,3,1,64.86531
2021,1995137,9,9,1,17,3,1,64.86531
2021,1995137,10,9,1,17,3,1,64.86531
2021,1995137,13,9,1,17,3,1,64.86531
2021,1995137,14,9,1,17,3,1,64.86531
2021,1995137,64,9,1,17,1,1,104.25641
2021,1995137,66,9,1,17,1,1,104.25641
2021,1995137,71,9,1,17,1,1,104.25641
2021,1995141,2,9,1,17,3,1,52.047516
2021,1995141,3,9,1,17,3,1,52.047516
2021,1995141,4,9,1,17,3,1,52.047516
2021,1995141,5,9,1,17,3,1,52.047516
2021,1995141,7,9,1,17,3,1,52.047516
2021,1995141,8,9,1,17,3,1,52.047516
2021,1995141,9,9,1,17,3,1,52.047516
2021,1995141,11,9,1,17,3,1,52.047516
2021,1995141,12,9,1,17,3,1,52.047516
2021,1995141,20,9,1,17,1,1,99.46625
2021,1995141,58,9,1,17,1,1,99.46625
2021,1995141,92,9,1,17,1,1,99.46625
2021,1996133,1,9,1,17,3,1,55.535816
2021,1996133,3,9,1,17,3,1,55.535816
2021,1996133,4,9,1,17,3,1,55.535816
2021,1996133,5,9,1,17,3,1,55.535816
2021,1996133,6,9,1,17,3,1,55.535816
2021,1996133,7,9,1,17,3,1,55.535816
2021,1996133,8,9,1,17,3,1,55.535816
2021,1996133,9,9,1,17,3,1,55.535816
2021,1996133,10,9,1,17,3,1,55.535816
2021,1996133,21,9,1,17,1,1,133.50201
2021,1996133,69,9,1,17,1,1,133.50201
2021,1996138,1,9,1,17,3,1,52.945026
2021,1996138,2,9,1,17,3,1,52.945026
2021,1996138,3,9,1,17,3,1,52.945026
2021,1996138,4,9,1,17,3,1,52.945026
2021,1996138,6,9,1,17,3,1,52.945026
2021,1996138,9,9,1,17,3,1,52.945026
2021,1996138,10,9,1,17,3,1,52.945026
2021,1996138,11,9,1,17,3,1,52.945026
2021,1996138,13,9,1,17,3,1,52.945026
2021,1996138,44,9,1,17,1,1,96.773735
2021,1996138,93,9,1,17,1,1,96.773735
2021,1996138,105,9,1,17,1,1,96.773735
2021,1996142,1,9,1,17,3,1,51.862595
2021,1996142,3,9,1,17,3,1,51.862595
2021,1996142,5,9,1,17,3,1,51.862595
2021,1996142,6,9,1,17,3,1,51.862595
2021,1996142,7,9,1,17,3,1,51.862595
2021,1996142,8,9,1,17,3,1,51.862595
2021,1996142,9,9,1,17,3,1,51.862595
2021,1996142,10,9,1,17,3,1,51.862595
2021,1996142,11,9,1,17,3,1,51.862595
2021,1996142,13,9,1,17,3,1,51.862595
2021,1996142,20,9,1,17,1,1,124.10023
2021,1996142,76,9,1,17,1,1,124.10023
2021,1996145,2,9,1,17,3,1,50.852177
2021,1996145,3,9,1,17,3,1,50.852177
2021,1996145,4,9,1,17,3,1,50.852177
2021,1996145,5,9,1,17,3,1,50.852177
2021,1996145,6,9,1,17,3,1,50.852177
2021,1996145,7,9,1,17,3,1,50.852177
2021,1996145,8,9,1,17,3,1,50.852177
2021,1996145,9,9,1,17,3,1,50.852177
2021,1996145,10,9,1,17,3,1,50.852177
2021,1996145,11,9,1,17,3,1,50.852177
2021,1996145,102,9,1,17,1,1,129.15233
2021,1996145,121,9,1,17,1,1,129.15233
2021,1996149,2,9,1,17,3,1,59.439293
2021,1996149,3,9,1,17,3,1,59.439293
2021,1996149,4,9,1,17,3,1,59.439293
2021,1996149,5,9,1,17,3,1,59.439293
2021,1996149,6,9,1,17,3,1,59.439293
2021,1996149,8,9,1,17,3,1,59.439293
2021,1996149,9,9,1,17,3,1,59.439293
2021,1996149,12,9,1,17,1,1,87.687836
2021,1996149,13,9,1,17,1,1,87.687836
2021,1996149,19,9,1,17,1,1,87.687836
2021,1996149,35,9,1,17,1,1,87.687836
2021,1996151,1,9,1,17,3,1,56.379646
2021,1996151,2,9,1,17,3,1,56.379646
2021,1996151,3,9,1,17,3,1,56.379646
2021,1996151,4,9,1,17,3,1,56.379646
2021,1996151,5,9,1,17,3,1,56.379646
2021,1996151,7,9,1,17,3,1,56.379646
2021,1996151,10,9,1,17,3,1,56.379646
2021,1996151,11,9,1,17,3,1,56.379646
2021,1996151,14,9,1,17,1,1,105.26306
2021,1996151,16,9,1,17,1,1,105.26306
2021,1996151,17,9,1,17,1,1,105.26306
2021,1996156,1,9,1,17,3,1,52.12311
2021,1996156,2,9,1,17,3,1,52.12311
2021,1996156,3,9,1,17,3,1,52.12311
2021,1996156,4,9,1,17,3,1,52.12311
2021,1996156,5,9,1,17,3,1,52.12311
2021,1996156,6,9,1,17,3,1,52.12311
2021,1996156,7,9,1,17,3,1,52.12311
2021,1996156,8,9,1,17,3,1,52.12311
2021,1996156,10,9,1,17,3,1,52.12311
2021,1996156,20,9,1,17,1,1,99.23945
2021,1996156,21,9,1,17,1,1,99.23945
2021,1996156,58,9,1,17,1,1,99.23945
2021,1996161,1,9,1,17,3,1,52.783443
2021,1996161,2,9,1,17,3,1,52.783443
2021,1996161,3,9,1,17,3,1,52.783443
2021,1996161,4,9,1,17,3,1,52.783443
2021,1996161,5,9,1,17,3,1,52.783443
2021,1996161,6,9,1,17,3,1,52.783443
2021,1996161,7,9,1,17,3,1,52.783443
2021,1996161,9,9,1,17,3,1,52.783443
2021,1996161,10,9,1,17,3,1,52.783443
2021,1996161,11,9,1,17,3,1,52.783443
2021,1996161,12,9,1,17,3,1,52.783443
2021,1996161,13,9,1,17,1,1,186.20854
2021,1996166,1,9,1,17,3,1,63.902203
2021,1996166,2,9,1,17,3,1,63.902203
2021,1996166,3,9,1,17,3,1,63.902203
2021,1996166,4,9,1,17,3,1,63.902203
2021,1996166,5,9,1,17,3,1,63.902203
2021,1996166,6,9,1,17,3,1,63.902203
2021,1996166,13,9,1,17,3,1,63.902203
2021,1996166,14,9,1,17,3,1,63.902203
2021,1996166,15,9,1,17,3,1,63.902203
2021,1996166,16,9,1,17,3,1,63.902203
2021,1996166,17,9,1,17,3,1,63.902203
2021,1996166,18,9,1,17,3,1,63.902203
2021,1997113,1,9,1,17,3,1,51.5033
2021,1997113,2,9,1,17,3,1,51.5033
2021,1997113,4,9,1,17,3,1,51.5033
2021,1997113,5,9,1,17,3,1,51.5033
2021,1997113,6,9,1,17,3,1,51.5033
2021,1997113,7,9,1,17,3,1,51.5033
2021,1997113,8,9,1,17,3,1,51.5033
2021,1997113,9,9,1,17,3,1,51.5033
2021,1997113,13,9,1,17,3,1,51.5033
2021,1997113,14,9,1,17,1,1,101.09891
2021,1997113,31,9,1,17,1,1,101.09891
2021,1997113,44,9,1,17,1,1,101.09891
2021,1997117,3,9,1,17,3,1,69.30716
2021,1997117,4,9,1,17,3,1,69.30716
2021,1997117,5,9,1,17,3,1,69.30716
2021,1997117,7,9,1,17,3,1,69.30716
2021,1997117,13,9,1,17,3,1,69.30716
2021,1997117,19,9,1,17,1,1,70.04843
2021,1997117,28,9,1,17,1,1,70.04843
2021,1997117,49,9,1,17,1,1,70.04843
2021,1997117,50,9,1,17,1,1,70.04843
2021,1997117,65,9,1,17,1,1,70.04843
2021,1997117,75,9,1,17,1,1,70.04843
2021,1997120,1,9,1,17,3,1,52.04539
2021,1997120,2,9,1,17,3,1,52.04539
2021,1997120,3,9,1,17,3,1,52.04539
2021,1997120,5,9,1,17,3,1,52.04539
2021,1997120,6,9,1,17,3,1,52.04539
2021,1997120,9,9,1,17,3,1,52.04539
2021,1997120,10,9,1,17,3,1,52.04539
2021,1997120,11,9,1,17,3,1,52.04539
2021,1997120,12,9,1,17,3,1,52.04539
2021,1997120,13,9,1,17,1,1,99.47263
2021,1997120,14,9,1,17,1,1,99.47263
2021,1997120,20,9,1,17,1,1,99.47263
2021,1997123,1,9,1,17,3,1,51.883137
2021,1997123,2,9,1,17,3,1,51.883137
2021,1997123,3,9,1,17,3,1,51.883137
2021,1997123,5,9,1,17,3,1,51.883137
2021,1997123,6,9,1,17,3,1,51.883137
2021,1997123,7,9,1,17,3,1,51.883137
2021,1997123,8,9,1,17,3,1,51.883137
2021,1997123,9,9,1,17,3,1,51.883137
2021,1997123,10,9,1,17,3,1,51.883137
2021,1997123,11,9,1,17,3,1,51.883137
2021,1997123,24,9,1,17,1,1,123.997505
2021,1997123,77,9,1,17,1,1,123.997505
2021,1997127,1,9,1,17,3,1,56.42772
2021,1997127,2,9,1,17,3,1,56.42772
2021,1997127,3,9,1,17,3,1,56.42772
2021,1997127,5,9,1,17,3,1,56.42772
2021,1997127,6,9,1,17,3,1,56.42772
2021,1997127,8,9,1,17,3,1,56.42772
2021,1997127,9,9,1,17,3,1,56.42772
2021,1997127,11,9,1,17,3,1,56.42772
2021,1997127,13,9,1,17,3,1,56.42772
2021,1997127,20,9,1,17,1,1,129.4885
2021,1997127,40,9,1,17,1,1,129.4885
2021,1998111,1,9,1,17,3,1,63.902203
2021,1998111,2,9,1,17,3,1,63.902203
2021,1998111,3,9,1,17,3,1,63.902203
2021,1998111,4,9,1,17,3,1,63.902203
2021,1998111,5,9,1,17,3,1,63.902203
2021,1998111,6,9,1,17,3,1,63.902203
2021,1998111,7,9,1,17,3,1,63.902203
2021,1998111,8,9,1,17,3,1,63.902203
2021,1998111,9,9,1,17,3,1,63.902203
2021,1998111,10,9,1,17,3,1,63.902203
2021,1998111,11,9,1,17,3,1,63.902203
2021,1998111,12,9,1,17,3,1,63.902203
2021,2111213,1,1,2,2,3,2,28.833681
2021,2111213,2,1,2,2,3,2,28.833681
2021,2111213,3,1,2,2,3,2,28.833681
2021,2111213,4,1,2,2,3,2,28.833681
2021,2111213,5,1,2,2,3,2,28.833681
2021,2111213,6,1,2,2,3,2,28.833681
2021,2111213,7,1,2,2,3,2,28.833681
2021,2111213,8,1,2,2,3,2,28.833681
2021,2111213,9,1,2,2,3,2,28.833681
2021,2111213,10,1,2,2,3,2,28.833681
2021,2111213,11,1,2,2,3,2,28.833681
2021,2111213,12,1,2,2,3,2,28.833681
2021,2111216,1,1,2,2,3,2,24.099215
2021,2111216,2,1,2,2,3,2,24.099215
2021,2111216,3,1,2,2,3,2,24.099215
2021,2111216,4,1,2,2,3,2,24.099215
2021,2111216,5,1,2,2,3,2,24.099215
2021,2111216,7,1,2,2,3,2,24.099215
2021,2111216,8,1,2,2,3,2,24.099215
2021,2111216,9,1,2,2,3,2,24.099215
2021,2111216,10,1,2,2,3,2,24.099215
2021,2111216,11,1,2,2,3,2,24.099215
2021,2111216,12,1,2,2,3,2,24.099215
2021,2111216,13,1,2,2,1,2,80.91283
2021,2111220,1,1,2,2,3,2,28.833683
2021,2111220,2,1,2,2,3,2,28.833683
2021,2111220,3,1,2,2,3,2,28.833683
2021,2111220,4,1,2,2,3,2,28.833683
2021,2111220,5,1,2,2,3,2,28.833683
2021,2111220,6,1,2,2,3,2,28.833683
2021,2111220,7,1,2,2,3,2,28.833683
2021,2111220,8,1,2,2,3,2,28.833683
2021,2111220,9,1,2,2,3,2,28.833683
2021,2111220,10,1,2,2,3,2,28.833683
2021,2111220,11,1,2,2,3,2,28.833683
2021,2111220,12,1,2,2,3,2,28.833683
2021,2113210,1,1,2,2,3,2,28.833681
2021,2113210,2,1,2,2,3,2,28.833681
2021,2113210,3,1,2,2,3,2,28.833681
2021,2113210,4,1,2,2,3,2,28.833681
2021,2113210,5,1,2,2,3,2,28.833681
2021,2113210,6,1,2,2,3,2,28.833681
2021,2113210,7,1,2,2,3,2,28.833681
2021,2113210,8,1,2,2,3,2,28.833681
2021,2113210,9,1,2,2,3,2,28.833681
2021,2113210,10,1,2,2,3,2,28.833681
2021,2113210,11,1,2,2,3,2,28.833681
2021,2113210,12,1,2,2,3,2,28.833681
2021,2113213,1,1,2,2,3,2,28.833683
2021,2113213,2,1,2,2,3,2,28.833683
2021,2113213,3,1,2,2,3,2,28.833683
2021,2113213,4,1,2,2,3,2,28.833683
2021,2113213,5,1,2,2,3,2,28.833683
2021,2113213,6,1,2,2,3,2,28.833683
2021,2113213,7,1,2,2,3,2,28.833683
2021,2113213,8,1,2,2,3,2,28.833683
2021,2113213,9,1,2,2,3,2,28.833683
2021,2113213,10,1,2,2,3,2,28.833683
2021,2113213,11,1,2,2,3,2,28.833683
2021,2113213,12,1,2,2,3,2,28.833683
2021,2113216,1,1,2,2,3,2,28.833681
2021,2113216,2,1,2,2,3,2,28.833681
2021,2113216,3,1,2,2,3,2,28.833681
2021,2113216,4,1,2,2,3,2,28.833681
2021,2113216,5,1,2,2,3,2,28.833681
2021,2113216,6,1,2,2,3,2,28.833681
2021,2113216,7,1,2,2,3,2,28.833681
2021,2113216,8,1,2,2,3,2,28.833681
2021,2113216,9,1,2,2,3,2,28.833681
2021,2113216,10,1,2,2,3,2,28.833681
2021,2113216,11,1,2,2,3,2,28.833681
2021,2113216,12,1,2,2,3,2,28.833681
2021,2113219,1,1,2,2,3,2,24.356133
2021,2113219,2,1,2,2,3,2,24.356133
2021,2113219,3,1,2,2,3,2,24.356133
2021,2113219,4,1,2,2,3,2,24.356133
2021,2113219,5,1,2,2,3,2,24.356133
2021,2113219,6,1,2,2,3,2,24.356133
2021,2113219,7,1,2,2,3,2,24.356133
2021,2113219,8,1,2,2,3,2,24.356133
2021,2113219,9,1,2,2,3,2,24.356133
2021,2113219,10,1,2,2,3,2,24.356133
2021,2113219,11,1,2,2,3,2,24.356133
2021,2113219,20,1,2,2,1,2,78.08672
2021,2114210,1,1,2,2,3,2,24.349688
2021,2114210,2,1,2,2,3,2,24.349688
2021,2114210,3,1,2,2,3,2,24.349688
2021,2114210,4,1,2,2,3,2,24.349688
2021,2114210,5,1,2,2,3,2,24.349688
2021,2114210,7,1,2,2,3,2,24.349688
2021,2114210,8,1,2,2,3,2,24.349688
2021,2114210,9,1,2,2,3,2,24.349688
2021,2114210,10,1,2,2,3,2,24.349688
2021,2114210,11,1,2,2,3,2,24.349688
2021,2114210,12,1,2,2,3,2,24.349688
2021,2114210,21,1,2,2,1,2,78.15763
2021,2115119,1,1,1,1,3,2,25.959957
2021,2115119,2,1,1,1,3,2,25.959957
2021,2115119,3,1,1,1,3,2,25.959957
2021,2115119,4,1,1,1,3,2,25.959957
2021,2115119,5,1,1,1,3,2,25.959957
2021,2115119,6,1,1,1,3,2,25.959957
2021,2115119,7,1,1,1,3,2,25.959957
2021,2115119,9,1,1,1,3,2,25.959957
2021,2115119,10,1,1,1,3,2,25.959957
2021,2115119,11,1,1,1,3,2,25.959957
2021,2115119,12,1,1,1,3,2,25.959957
2021,2115119,20,1,1,1,1,2,89.77911
2021,2115213,1,1,2,2,3,2,24.422413
2021,2115213,2,1,2,2,3,2,24.422413
2021,2115213,3,1,2,2,3,2,24.422413
2021,2115213,4,1,2,2,3,2,24.422413
2021,2115213,5,1,2,2,3,2,24.422413
2021,2115213,6,1,2,2,3,2,24.422413
2021,2115213,7,1,2,2,3,2,24.422413
2021,2115213,8,1,2,2,3,2,24.422413
2021,2115213,9,1,2,2,3,2,24.422413
2021,2115213,10,1,2,2,3,2,24.422413
2021,2115213,12,1,2,2,3,2,24.422413
2021,2115213,13,1,2,2,1,2,77.35765
2021,2115216,1,1,2,2,3,2,28.833681
2021,2115216,2,1,2,2,3,2,28.833681
2021,2115216,3,1,2,2,3,2,28.833681
2021,2115216,4,1,2,2,3,2,28.833681
2021,2115216,5,1,2,2,3,2,28.833681
2021,2115216,6,1,2,2,3,2,28.833681
2021,2115216,7,1,2,2,3,2,28.833681
2021,2115216,8,1,2,2,3,2,28.833681
2021,2115216,9,1,2,2,3,2,28.833681
2021,2115216,10,1,2,2,3,2,28.833681
2021,2115216,11,1,2,2,3,2,28.833681
2021,2115216,12,1,2,2,3,2,28.833681
2021,2221117,1,2,1,3,3,2,18.035463
2021,2221117,3,2,1,3,3,2,18.035463
2021,2221117,4,2,1,3,3,2,18.035463
2021,2221117,5,2,1,3,3,2,18.035463
2021,2221117,6,2,1,3,3,2,18.035463
2021,2221117,7,2,1,3,3,2,18.035463
2021,2221117,9,2,1,3,3,2,18.035463
2021,2221117,10,2,1,3,3,2,18.035463
2021,2221117,20,2,1,3,1,2,29.45179
2021,2221117,21,2,1,3,1,2,29.45179
2021,2221117,22,2,1,3,1,2,29.45179
2021,2221125,1,2,1,3,3,2,16.30908
2021,2221125,2,2,1,3,3,2,16.30908
2021,2221125,3,2,1,3,3,2,16.30908
2021,2221125,4,2,1,3,3,2,16.30908
2021,2221125,5,2,1,3,3,2,16.30908
2021,2221125,6,2,1,3,3,2,16.30908
2021,2221125,7,2,1,3,3,2,16.30908
2021,2221125,8,2,1,3,3,2,16.30908
2021,2221125,9,2,1,3,3,2,16.30908
2021,2221125,10,2,1,3,3,2,16.30908
2021,2221125,11,2,1,3,3,2,16.30908
2021,2221125,20,2,1,3,1,2,53.239216
2021,2221126,1,2,1,3,3,2,16.12131
2021,2221126,2,2,1,3,3,2,16.12131
2021,2221126,4,2,1,3,3,2,16.12131
2021,2221126,5,2,1,3,3,2,16.12131
2021,2221126,6,2,1,3,3,2,16.12131
2021,2221126,7,2,1,3,3,2,16.12131
2021,2221126,8,2,1,3,3,2,16.12131
2021,2221126,9,2,1,3,3,2,16.12131
2021,2221126,10,2,1,3,3,2,16.12131
2021,2221126,11,2,1,3,3,2,16.12131
2021,2221126,20,2,1,3,1,2,35.713
2021,2221126,21,2,1,3,1,2,35.713
2021,2221213,1,2,2,4,3,2,20.026415
2021,2221213,2,2,2,4,3,2,20.026415
2021,2221213,3,2,2,4,3,2,20.026415
2021,2221213,4,2,2,4,3,2,20.026415
2021,2221213,5,2,2,4,3,2,20.026415
2021,2221213,6,2,2,4,3,2,20.026415
2021,2221213,7,2,2,4,3,2,20.026415
2021,2221213,8,2,2,4,3,2,20.026415
2021,2221213,9,2,2,4,3,2,20.026415
2021,2221213,10,2,2,4,3,2,20.026415
2021,2221213,11,2,2,4,3,2,20.026415
2021,2221213,12,2,2,4,3,2,20.026415
2021,2222117,1,2,1,3,3,2,15.501078
2021,2222117,2,2,1,3,3,2,15.501078
2021,2222117,3,2,1,3,3,2,15.501078
2021,2222117,4,2,1,3,3,2,15.501078
2021,2222117,5,2,1,3,3,2,15.501078
2021,2222117,6,2,1,3,3,2,15.501078
2021,2222117,8,2,1,3,3,2,15.501078
2021,2222117,9,2,1,3,3,2,15.501078
2021,2222117,11,2,1,3,3,2,15.501078
2021,2222117,12,2,1,3,3,2,15.501078
2021,2222117,20,2,1,3,1,2,38.814156
2021,2222117,21,2,1,3,1,2,38.814156
2021,2222211,1,2,2,4,3,2,20.026415
2021,2222211,2,2,2,4,3,2,20.026415
2021,2222211,3,2,2,4,3,2,20.026415
2021,2222211,4,2,2,4,3,2,20.026415
2021,2222211,5,2,2,4,3,2,20.026415
2021,2222211,6,2,2,4,3,2,20.026415
2021,2222211,7,2,2,4,3,2,20.026415
2021,2222211,8,2,2,4,3,2,20.026415
2021,2222211,9,2,2,4,3,2,20.026415
2021,2222211,10,2,2,4,3,2,20.026415
2021,2222211,11,2,2,4,3,2,20.026415
2021,2222211,12,2,2,4,3,2,20.026415
2021,2222214,1,2,2,4,3,2,16.866026
2021,2222214,2,2,2,4,3,2,16.866026
2021,2222214,3,2,2,4,3,2,16.866026
2021,2222214,4,2,2,4,3,2,16.866026
2021,2222214,5,2,2,4,3,2,16.866026
2021,2222214,6,2,2,4,3,2,16.866026
2021,2222214,7,2,2,4,3,2,16.866026
2021,2222214,8,2,2,4,3,2,16.866026
2021,2222214,9,2,2,4,3,2,16.866026
2021,2222214,10,2,2,4,3,2,16.866026
2021,2222214,11,2,2,4,3,2,16.866026
2021,2222214,21,2,2,4,1,2,54.790707
2021,2223122,1,2,1,3,3,2,16.199202
2021,2223122,2,2,1,3,3,2,16.199202
2021,2223122,3,2,1,3,3,2,16.199202
2021,2223122,4,2,1,3,3,2,16.199202
2021,2223122,5,2,1,3,3,2,16.199202
2021,2223122,6,2,1,3,3,2,16.199202
2021,2223122,7,2,1,3,3,2,16.199202
2021,2223122,8,2,1,3,3,2,16.199202
2021,2223122,9,2,1,3,3,2,16.199202
2021,2223122,10,2,1,3,3,2,16.199202
2021,2223122,11,2,1,3,3,2,16.199202
2021,2223122,15,2,1,3,1,2,54.44787
2021,2223211,1,2,2,4,3,2,20.026415
2021,2223211,2,2,2,4,3,2,20.026415
2021,2223211,3,2,2,4,3,2,20.026415
2021,2223211,4,2,2,4,3,2,20.026415
2021,2223211,5,2,2,4,3,2,20.026415
2021,2223211,6,2,2,4,3,2,20.026415
2021,2223211,7,2,2,4,3,2,20.026415
2021,2223211,8,2,2,4,3,2,20.026415
2021,2223211,9,2,2,4,3,2,20.026415
2021,2223211,10,2,2,4,3,2,20.026415
2021,2223211,11,2,2,4,3,2,20.026415
2021,2223211,12,2,2,4,3,2,20.026415
2021,2223213,1,2,2,4,3,2,16.426699
2021,2223213,2,2,2,4,3,2,16.426699
2021,2223213,3,2,2,4,3,2,16.426699
2021,2223213,4,2,2,4,3,2,16.426699
2021,2223213,5,2,2,4,3,2,16.426699
2021,2223213,6,2,2,4,3,2,16.426699
2021,2223213,7,2,2,4,3,2,16.426699
2021,2223213,8,2,2,4,3,2,16.426699
2021,2223213,9,2,2,4,3,2,16.426699
2021,2223213,10,2,2,4,3,2,16.426699
2021,2223213,11,2,2,4,3,2,16.426699
2021,2223213,13,2,2,4,1,2,59.623302
2021,2223215,1,2,2,4,3,2,20.026415
2021,2223215,2,2,2,4,3,2,20.026415
2021,2223215,3,2,2,4,3,2,20.026415
2021,2223215,4,2,2,4,3,2,20.026415
2021,2223215,5,2,2,4,3,2,20.026415
2021,2223215,6,2,2,4,3,2,20.026415
2021,2223215,7,2,2,4,3,2,20.026415
2021,2223215,8,2,2,4,3,2,20.026415
2021,2223215,9,2,2,4,3,2,20.026415
2021,2223215,10,2,2,4,3,2,20.026415
2021,2223215,11,2,2,4,3,2,20.026415
2021,2223215,13,2,2,4,3,2,20.026415
2021,2223218,1,2,2,4,3,2,20.026415
2021,2223218,2,2,2,4,3,2,20.026415
2021,2223218,3,2,2,4,3,2,20.026415
2021,2223218,4,2,2,4,3,2,20.026415
2021,2223218,5,2,2,4,3,2,20.026415
2021,2223218,6,2,2,4,3,2,20.026415
2021,2223218,7,2,2,4,3,2,20.026415
2021,2223218,8,2,2,4,3,2,20.026415
2021,2223218,9,2,2,4,3,2,20.026415
2021,2223218,10,2,2,4,3,2,20.026415
2021,2223218,11,2,2,4,3,2,20.026415
2021,2223218,12,2,2,4,3,2,20.026415
2021,2223221,1,2,2,4,3,2,20.026417
2021,2223221,2,2,2,4,3,2,20.026417
2021,2223221,3,2,2,4,3,2,20.026417
2021,2223221,4,2,2,4,3,2,20.026417
2021,2223221,5,2,2,4,3,2,20.026417
2021,2223221,6,2,2,4,3,2,20.026417
2021,2223221,7,2,2,4,3,2,20.026417
2021,2223221,8,2,2,4,3,2,20.026417
2021,2223221,9,2,2,4,3,2,20.026417
2021,2223221,10,2,2,4,3,2,20.026417
2021,2223221,11,2,2,4,3,2,20.026417
2021,2223221,12,2,2,4,3,2,20.026417
2021,2224214,1,2,2,4,3,2,20.026415
2021,2224214,2,2,2,4,3,2,20.026415
2021,2224214,3,2,2,4,3,2,20.026415
2021,2224214,4,2,2,4,3,2,20.026415
2021,2224214,5,2,2,4,3,2,20.026415
2021,2224214,6,2,2,4,3,2,20.026415
2021,2224214,7,2,2,4,3,2,20.026415
2021,2224214,8,2,2,4,3,2,20.026415
2021,2224214,9,2,2,4,3,2,20.026415
2021,2224214,10,2,2,4,3,2,20.026415
2021,2224214,11,2,2,4,3,2,20.026415
2021,2224214,12,2,2,4,3,2,20.026415
2021,2224216,1,2,2,4,3,2,20.026415
2021,2224216,2,2,2,4,3,2,20.026415
2021,2224216,3,2,2,4,3,2,20.026415
2021,2224216,4,2,2,4,3,2,20.026415
2021,2224216,5,2,2,4,3,2,20.026415
2021,2224216,6,2,2,4,3,2,20.026415
2021,2224216,7,2,2,4,3,2,20.026415
2021,2224216,8,2,2,4,3,2,20.026415
2021,2224216,9,2,2,4,3,2,20.026415
2021,2224216,10,2,2,4,3,2,20.026415
2021,2224216,11,2,2,4,3,2,20.026415
2021,2224216,12,2,2,4,3,2,20.026415
2021,2224218,1,2,2,4,3,2,20.026415
2021,2224218,2,2,2,4,3,2,20.026415
2021,2224218,3,2,2,4,3,2,20.026415
2021,2224218,4,2,2,4,3,2,20.026415
2021,2224218,5,2,2,4,3,2,20.026415
2021,2224218,6,2,2,4,3,2,20.026415
2021,2224218,7,2,2,4,3,2,20.026415
2021,2224218,8,2,2,4,3,2,20.026415
2021,2224218,9,2,2,4,3,2,20.026415
2021,2224218,10,2,2,4,3,2,20.026415
2021,2224218,11,2,2,4,3,2,20.026415
2021,2224218,12,2,2,4,3,2,20.026415
2021,2224220,1,2,2,4,3,2,20.026415
2021,2224220,2,2,2,4,3,2,20.026415
2021,2224220,3,2,2,4,3,2,20.026415
2021,2224220,4,2,2,4,3,2,20.026415
2021,2224220,5,2,2,4,3,2,20.026415
2021,2224220,6,2,2,4,3,2,20.026415
2021,2224220,7,2,2,4,3,2,20.026415
2021,2224220,8,2,2,4,3,2,20.026415
2021,2224220,9,2,2,4,3,2,20.026415
2021,2224220,10,2,2,4,3,2,20.026415
2021,2224220,11,2,2,4,3,2,20.026415
2021,2224220,12,2,2,4,3,2,20.026415
2021,2224222,1,2,2,4,3,2,20.026415
2021,2224222,2,2,2,4,3,2,20.026415
2021,2224222,3,2,2,4,3,2,20.026415
2021,2224222,4,2,2,4,3,2,20.026415
2021,2224222,5,2,2,4,3,2,20.026415
2021,2224222,6,2,2,4,3,2,20.026415
2021,2224222,7,2,2,4,3,2,20.026415
2021,2224222,8,2,2,4,3,2,20.026415
2021,2224222,9,2,2,4,3,2,20.026415
2021,2224222,10,2,2,4,3,2,20.026415
2021,2224222,11,2,2,4,3,2,20.026415
2021,2224222,12,2,2,4,3,2,20.026415
2021,2331174,1,3,1,5,3,2,50.326706
2021,2331174,2,3,1,5,3,2,50.326706
2021,2331174,3,3,1,5,3,2,50.326706
2021,2331174,4,3,1,5,3,2,50.326706
2021,2331174,5,3,1,5,3,2,50.326706
2021,2331174,6,3,1,5,3,2,50.326706
2021,2331174,7,3,1,5,3,2,50.326706
2021,2331174,8,3,1,5,3,2,50.326706
2021,2331174,9,3,1,5,3,2,50.326706
2021,2331174,10,3,1,5,3,2,50.326706
2021,2331174,11,3,1,5,3,2,50.326706
2021,2331174,13,3,1,5,3,2,50.326706
2021,2331216,1,3,2,6,3,2,56.63804
2021,2331216,2,3,2,6,3,2,56.63804
2021,2331216,3,3,2,6,3,2,56.63804
2021,2331216,4,3,2,6,3,2,56.63804
2021,2331216,5,3,2,6,3,2,56.63804
2021,2331216,6,3,2,6,3,2,56.63804
2021,2331216,7,3,2,6,3,2,56.63804
2021,2331216,8,3,2,6,3,2,56.63804
2021,2331216,9,3,2,6,3,2,56.63804
2021,2331216,10,3,2,6,3,2,56.63804
2021,2331216,11,3,2,6,3,2,56.63804
2021,2331216,12,3,2,6,3,2,56.63804
2021,2331226,1,3,2,6,3,2,56.63804
2021,2331226,2,3,2,6,3,2,56.63804
2021,2331226,3,3,2,6,3,2,56.63804
2021,2331226,4,3,2,6,3,2,56.63804
2021,2331226,5,3,2,6,3,2,56.63804
2021,2331226,6,3,2,6,3,2,56.63804
2021,2331226,7,3,2,6,3,2,56.63804
2021,2331226,8,3,2,6,3,2,56.63804
2021,2331226,9,3,2,6,3,2,56.63804
2021,2331226,10,3,2,6,3,2,56.63804
2021,2331226,11,3,2,6,3,2,56.63804
2021,2331226,12,3,2,6,3,2,56.63804
2021,2331268,1,3,2,6,3,2,56.638042
2021,2331268,2,3,2,6,3,2,56.638042
2021,2331268,3,3,2,6,3,2,56.638042
2021,2331268,4,3,2,6,3,2,56.638042
2021,2331268,5,3,2,6,3,2,56.638042
2021,2331268,6,3,2,6,3,2,56.638042
2021,2331268,7,3,2,6,3,2,56.638042
2021,2331268,8,3,2,6,3,2,56.638042
2021,2331268,9,3,2,6,3,2,56.638042
2021,2331268,10,3,2,6,3,2,56.638042
2021,2331268,11,3,2,6,3,2,56.638042
2021,2331268,12,3,2,6,3,2,56.638042
2021,2332158,1,3,1,5,3,2,50.326702
2021,2332158,2,3,1,5,3,2,50.326702
2021,2332158,3,3,1,5,3,2,50.326702
2021,2332158,4,3,1,5,3,2,50.326702
2021,2332158,5,3,1,5,3,2,50.326702
2021,2332158,6,3,1,5,3,2,50.326702
2021,2332158,7,3,1,5,3,2,50.326702
2021,2332158,8,3,1,5,3,2,50.326702
2021,2332158,9,3,1,5,3,2,50.326702
2021,2332158,10,3,1,5,3,2,50.326702
2021,2332158,11,3,1,5,3,2,50.326702
2021,2332158,12,3,1,5,3,2,50.326702
2021,2332244,1,3,2,6,3,2,56.638042
2021,2332244,2,3,2,6,3,2,56.638042
2021,2332244,3,3,2,6,3,2,56.638042
2021,2332244,4,3,2,6,3,2,56.638042
2021,2332244,5,3,2,6,3,2,56.638042
2021,2332244,6,3,2,6,3,2,56.638042
2021,2332244,7,3,2,6,3,2,56.638042
2021,2332244,8,3,2,6,3,2,56.638042
2021,2332244,9,3,2,6,3,2,56.638042
2021,2332244,10,3,2,6,3,2,56.638042
2021,2332244,11,3,2,6,3,2,56.638042
2021,2332244,13,3,2,6,3,2,56.638042
2021,2332252,1,3,2,6,3,2,56.638042
2021,2332252,2,3,2,6,3,2,56.638042
2021,2332252,3,3,2,6,3,2,56.638042
2021,2332252,4,3,2,6,3,2,56.638042
2021,2332252,5,3,2,6,3,2,56.638042
2021,2332252,6,3,2,6,3,2,56.638042
2021,2332252,7,3,2,6,3,2,56.638042
2021,2332252,8,3,2,6,3,2,56.638042
2021,2332252,9,3,2,6,3,2,56.638042
2021,2332252,10,3,2,6,3,2,56.638042
2021,2332252,11,3,2,6,3,2,56.638042
2021,2332252,12,3,2,6,3,2,56.638042
2021,2333163,1,3,1,5,3,2,54.901855
2021,2333163,2,3,1,5,3,2,54.901855
2021,2333163,3,3,1,5,3,2,54.901855
2021,2333163,4,3,1,5,3,2,54.901855
2021,2333163,5,3,1,5,3,2,54.901855
2021,2333163,6,3,1,5,3,2,54.901855
2021,2333163,7,3,1,5,3,2,54.901855
2021,2333163,8,3,1,5,3,2,54.901855
2021,2333163,9,3,1,5,3,2,54.901855
2021,2333163,10,3,1,5,3,2,54.901855
2021,2333163,11,3,1,5,3,2,54.901855
2021,2333247,1,3,2,6,3,2,56.638042
2021,2333247,2,3,2,6,3,2,56.638042
2021,2333247,3,3,2,6,3,2,56.638042
2021,2333247,4,3,2,6,3,2,56.638042
2021,2333247,5,3,2,6,3,2,56.638042
2021,2333247,6,3,2,6,3,2,56.638042
2021,2333247,7,3,2,6,3,2,56.638042
2021,2333247,8,3,2,6,3,2,56.638042
2021,2333247,9,3,2,6,3,2,56.638042
2021,2333247,10,3,2,6,3,2,56.638042
2021,2333247,11,3,2,6,3,2,56.638042
2021,2333247,12,3,2,6,3,2,56.638042
2021,2333252,1,3,2,6,3,2,56.63804
2021,2333252,2,3,2,6,3,2,56.63804
2021,2333252,3,3,2,6,3,2,56.63804
2021,2333252,4,3,2,6,3,2,56.63804
2021,2333252,5,3,2,6,3,2,56.63804
2021,2333252,6,3,2,6,3,2,56.63804
2021,2333252,7,3,2,6,3,2,56.63804
2021,2333252,8,3,2,6,3,2,56.63804
2021,2333252,9,3,2,6,3,2,56.63804
2021,2333252,10,3,2,6,3,2,56.63804
2021,2333252,11,3,2,6,3,2,56.63804
2021,2333252,12,3,2,6,3,2,56.63804
2021,2333258,1,3,2,6,3,2,47.88533
2021,2333258,2,3,2,6,3,2,47.88533
2021,2333258,3,3,2,6,3,2,47.88533
2021,2333258,4,3,2,6,3,2,47.88533
2021,2333258,5,3,2,6,3,2,47.88533
2021,2333258,7,3,2,6,3,2,47.88533
2021,2333258,8,3,2,6,3,2,47.88533
2021,2333258,9,3,2,6,3,2,47.88533
2021,2333258,10,3,2,6,3,2,47.88533
2021,2333258,11,3,2,6,3,2,47.88533
2021,2333258,12,3,2,6,3,2,47.88533
2021,2333258,20,3,2,6,1,2,152.91786
2021,2334172,1,3,1,5,3,2,41.775494
2021,2334172,2,3,1,5,3,2,41.775494
2021,2334172,3,3,1,5,3,2,41.775494
2021,2334172,4,3,1,5,3,2,41.775494
2021,2334172,5,3,1,5,3,2,41.775494
2021,2334172,6,3,1,5,3,2,41.775494
2021,2334172,8,3,1,5,3,2,41.775494
2021,2334172,9,3,1,5,3,2,41.775494
2021,2334172,10,3,1,5,3,2,41.775494
2021,2334172,11,3,1,5,3,2,41.775494
2021,2334172,12,3,1,5,3,2,41.775494
2021,2334172,20,3,1,5,1,2,144.39001
2021,2334212,1,3,2,6,3,2,56.638042
2021,2334212,2,3,2,6,3,2,56.638042
2021,2334212,3,3,2,6,3,2,56.638042
2021,2334212,4,3,2,6,3,2,56.638042
2021,2334212,5,3,2,6,3,2,56.638042
2021,2334212,6,3,2,6,3,2,56.638042
2021,2334212,7,3,2,6,3,2,56.638042
2021,2334212,8,3,2,6,3,2,56.638042
2021,2334212,9,3,2,6,3,2,56.638042
2021,2334212,10,3,2,6,3,2,56.638042
2021,2334212,11,3,2,6,3,2,56.638042
2021,2334212,12,3,2,6,3,2,56.638042
2021,2334250,1,3,2,6,3,2,56.638042
2021,2334250,2,3,2,6,3,2,56.638042
2021,2334250,3,3,2,6,3,2,56.638042
2021,2334250,4,3,2,6,3,2,56.638042
2021,2334250,5,3,2,6,3,2,56.638042
2021,2334250,6,3,2,6,3,2,56.638042
2021,2334250,7,3,2,6,3,2,56.638042
2021,2334250,8,3,2,6,3,2,56.638042
2021,2334250,9,3,2,6,3,2,56.638042
2021,2334250,10,3,2,6,3,2,56.638042
2021,2334250,11,3,2,6,3,2,56.638042
2021,2334250,12,3,2,6,3,2,56.638042
2021,2334256,1,3,2,6,3,2,56.63804
2021,2334256,2,3,2,6,3,2,56.63804
2021,2334256,3,3,2,6,3,2,56.63804
2021,2334256,4,3,2,6,3,2,56.63804
2021,2334256,5,3,2,6,3,2,56.63804
2021,2334256,6,3,2,6,3,2,56.63804
2021,2334256,7,3,2,6,3,2,56.63804
2021,2334256,8,3,2,6,3,2,56.63804
2021,2334256,9,3,2,6,3,2,56.63804
2021,2334256,10,3,2,6,3,2,56.63804
2021,2334256,11,3,2,6,3,2,56.63804
2021,2334256,12,3,2,6,3,2,56.63804
2021,2334266,1,3,2,6,3,2,47.267258
2021,2334266,2,3,2,6,3,2,47.267258
2021,2334266,4,3,2,6,3,2,47.267258
2021,2334266,5,3,2,6,3,2,47.267258
2021,2334266,6,3,2,6,3,2,47.267258
2021,2334266,7,3,2,6,3,2,47.267258
2021,2334266,8,3,2,6,3,2,47.267258
2021,2334266,9,3,2,6,3,2,47.267258
2021,2334266,10,3,2,6,3,2,47.267258
2021,2334266,11,3,2,6,3,2,47.267258
2021,2334266,12,3,2,6,3,2,47.267258
2021,2334266,20,3,2,6,1,2,159.71663
2021,2335210,1,3,2,6,3,2,56.638042
2021,2335210,2,3,2,6,3,2,56.638042
2021,2335210,3,3,2,6,3,2,56.638042
2021,2335210,4,3,2,6,3,2,56.638042
2021,2335210,5,3,2,6,3,2,56.638042
2021,2335210,6,3,2,6,3,2,56.638042
2021,2335210,7,3,2,6,3,2,56.638042
2021,2335210,8,3,2,6,3,2,56.638042
2021,2335210,9,3,2,6,3,2,56.638042
2021,2335210,10,3,2,6,3,2,56.638042
2021,2335210,11,3,2,6,3,2,56.638042
2021,2335210,12,3,2,6,3,2,56.638042
2021,2335227,1,3,2,6,3,2,56.63804
2021,2335227,2,3,2,6,3,2,56.63804
2021,2335227,3,3,2,6,3,2,56.63804
2021,2335227,4,3,2,6,3,2,56.63804
2021,2335227,5,3,2,6,3,2,56.63804
2021,2335227,6,3,2,6,3,2,56.63804
2021,2335227,7,3,2,6,3,2,56.63804
2021,2335227,8,3,2,6,3,2,56.63804
2021,2335227,9,3,2,6,3,2,56.63804
2021,2335227,10,3,2,6,3,2,56.63804
2021,2335227,11,3,2,6,3,2,56.63804
2021,2335227,12,3,2,6,3,2,56.63804
2021,2441155,1,4,1,7,3,2,29.153393
2021,2441155,2,4,1,7,3,2,29.153393
2021,2441155,3,4,1,7,3,2,29.153393
2021,2441155,4,4,1,7,3,2,29.153393
2021,2441155,5,4,1,7,3,2,29.153393
2021,2441155,6,4,1,7,3,2,29.153393
2021,2441155,7,4,1,7,3,2,29.153393
2021,2441155,8,4,1,7,3,2,29.153393
2021,2441155,10,4,1,7,3,2,29.153393
2021,2441155,11,4,1,7,3,2,29.153393
2021,2441155,12,4,1,7,3,2,29.153393
2021,2441155,20,4,1,7,1,2,97.3087
2021,2441219,2,4,2,8,3,2,21.49657
2021,2441219,3,4,2,8,3,2,21.49657
2021,2441219,4,4,2,8,3,2,21.49657
2021,2441219,5,4,2,8,3,2,21.49657
2021,2441219,6,4,2,8,3,2,21.49657
2021,2441219,7,4,2,8,3,2,21.49657
2021,2441219,8,4,2,8,3,2,21.49657
2021,2441219,9,4,2,8,3,2,21.49657
2021,2441219,10,4,2,8,3,2,21.49657
2021,2441219,20,4,2,8,1,2,36.386833
2021,2441219,21,4,2,8,1,2,36.386833
2021,2441219,22,4,2,8,1,2,36.386833
2021,2441223,1,4,2,8,3,2,25.219137
2021,2441223,2,4,2,8,3,2,25.219137
2021,2441223,3,4,2,8,3,2,25.219137
2021,2441223,4,4,2,8,3,2,25.219137
2021,2441223,5,4,2,8,3,2,25.219137
2021,2441223,6,4,2,8,3,2,25.219137
2021,2441223,7,4,2,8,3,2,25.219137
2021,2441223,8,4,2,8,3,2,25.219137
2021,2441223,9,4,2,8,3,2,25.219137
2021,2441223,10,4,2,8,3,2,25.219137
2021,2441223,11,4,2,8,3,2,25.219137
2021,2441223,12,4,2,8,3,2,25.219137
2021,2441226,1,4,2,8,3,2,21.21741
2021,2441226,2,4,2,8,3,2,21.21741
2021,2441226,3,4,2,8,3,2,21.21741
2021,2441226,4,4,2,8,3,2,21.21741
2021,2441226,5,4,2,8,3,2,21.21741
2021,2441226,6,4,2,8,3,2,21.21741
2021,2441226,7,4,2,8,3,2,21.21741
2021,2441226,8,4,2,8,3,2,21.21741
2021,2441226,9,4,2,8,3,2,21.21741
2021,2441226,10,4,2,8,3,2,21.21741
2021,2441226,11,4,2,8,3,2,21.21741
2021,2441226,13,4,2,8,1,2,69.23815
2021,2441235,1,4,2,8,3,2,21.220968
2021,2441235,2,4,2,8,3,2,21.220968
2021,2441235,3,4,2,8,3,2,21.220968
2021,2441235,4,4,2,8,3,2,21.220968
2021,2441235,5,4,2,8,3,2,21.220968
2021,2441235,6,4,2,8,3,2,21.220968
2021,2441235,7,4,2,8,3,2,21.220968
2021,2441235,9,4,2,8,3,2,21.220968
2021,2441235,10,4,2,8,3,2,21.220968
2021,2441235,11,4,2,8,3,2,21.220968
2021,2441235,12,4,2,8,3,2,21.220968
2021,2441235,13,4,2,8,1,2,69.19901
2021,2441237,1,4,2,8,3,2,25.219137
2021,2441237,2,4,2,8,3,2,25.219137
2021,2441237,3,4,2,8,3,2,25.219137
2021,2441237,4,4,2,8,3,2,25.219137
2021,2441237,5,4,2,8,3,2,25.219137
2021,2441237,6,4,2,8,3,2,25.219137
2021,2441237,7,4,2,8,3,2,25.219137
2021,2441237,8,4,2,8,3,2,25.219137
2021,2441237,9,4,2,8,3,2,25.219137
2021,2441237,10,4,2,8,3,2,25.219137
2021,2441237,11,4,2,8,3,2,25.219137
2021,2441237,12,4,2,8,3,2,25.219137
2021,2441239,1,4,2,8,3,2,25.219137
2021,2441239,2,4,2,8,3,2,25.219137
2021,2441239,3,4,2,8,3,2,25.219137
2021,2441239,4,4,2,8,3,2,25.219137
2021,2441239,5,4,2,8,3,2,25.219137
2021,2441239,6,4,2,8,3,2,25.219137
2021,2441239,7,4,2,8,3,2,25.219137
2021,2441239,8,4,2,8,3,2,25.219137
2021,2441239,9,4,2,8,3,2,25.219137
2021,2441239,10,4,2,8,3,2,25.219137
2021,2441239,11,4,2,8,3,2,25.219137
2021,2441239,13,4,2,8,3,2,25.219137
2021,2441247,1,4,2,8,3,2,21.292177
2021,2441247,2,4,2,8,3,2,21.292177
2021,2441247,3,4,2,8,3,2,21.292177
2021,2441247,5,4,2,8,3,2,21.292177
2021,2441247,6,4,2,8,3,2,21.292177
2021,2441247,7,4,2,8,3,2,21.292177
2021,2441247,8,4,2,8,3,2,21.292177
2021,2441247,9,4,2,8,3,2,21.292177
2021,2441247,10,4,2,8,3,2,21.292177
2021,2441247,11,4,2,8,3,2,21.292177
2021,2441247,13,4,2,8,3,2,21.292177
2021,2441247,20,4,2,8,1,2,68.41571
2021,2441250,1,4,2,8,3,2,20.991262
2021,2441250,2,4,2,8,3,2,20.991262
2021,2441250,3,4,2,8,3,2,20.991262
2021,2441250,4,4,2,8,3,2,20.991262
2021,2441250,5,4,2,8,3,2,20.991262
2021,2441250,6,4,2,8,3,2,20.991262
2021,2441250,7,4,2,8,3,2,20.991262
2021,2441250,8,4,2,8,3,2,20.991262
2021,2441250,9,4,2,8,3,2,20.991262
2021,2441250,10,4,2,8,3,2,20.991262
2021,2441250,11,4,2,8,3,2,20.991262
2021,2441250,14,4,2,8,1,2,71.72576
2021,2441252,1,4,2,8,3,2,21.092281
2021,2441252,3,4,2,8,3,2,21.092281
2021,2441252,4,4,2,8,3,2,21.092281
2021,2441252,6,4,2,8,3,2,21.092281
2021,2441252,7,4,2,8,3,2,21.092281
2021,2441252,8,4,2,8,3,2,21.092281
2021,2441252,9,4,2,8,3,2,21.092281
2021,2441252,10,4,2,8,3,2,21.092281
2021,2441252,11,4,2,8,3,2,21.092281
2021,2441252,12,4,2,8,3,2,21.092281
2021,2441252,20,4,2,8,1,2,45.853416
2021,2441252,21,4,2,8,1,2,45.853416
2021,2442123,1,4,1,7,3,2,28.870108
2021,2442123,2,4,1,7,3,2,28.870108
2021,2442123,3,4,1,7,3,2,28.870108
2021,2442123,4,4,1,7,3,2,28.870108
2021,2442123,5,4,1,7,3,2,28.870108
2021,2442123,6,4,1,7,3,2,28.870108
2021,2442123,7,4,1,7,3,2,28.870108
2021,2442123,8,4,1,7,3,2,28.870108
2021,2442123,9,4,1,7,3,2,28.870108
2021,2442123,10,4,1,7,3,2,28.870108
2021,2442123,13,4,1,7,3,2,28.870108
2021,2442123,14,4,1,7,1,2,100.42483
2021,2442213,1,4,2,8,3,2,27.511786
2021,2442213,2,4,2,8,3,2,27.511786
2021,2442213,3,4,2,8,3,2,27.511786
2021,2442213,5,4,2,8,3,2,27.511786
2021,2442213,6,4,2,8,3,2,27.511786
2021,2442213,7,4,2,8,3,2,27.511786
2021,2442213,8,4,2,8,3,2,27.511786
2021,2442213,9,4,2,8,3,2,27.511786
2021,2442213,10,4,2,8,3,2,27.511786
2021,2442213,11,4,2,8,3,2,27.511786
2021,2442213,12,4,2,8,3,2,27.511786
2021,2442220,1,4,2,8,3,2,21.052767
2021,2442220,3,4,2,8,3,2,21.052767
2021,2442220,4,4,2,8,3,2,21.052767
2021,2442220,5,4,2,8,3,2,21.052767
2021,2442220,6,4,2,8,3,2,21.052767
2021,2442220,7,4,2,8,3,2,21.052767
2021,2442220,8,4,2,8,3,2,21.052767
2021,2442220,9,4,2,8,3,2,21.052767
2021,2442220,10,4,2,8,3,2,21.052767
2021,2442220,11,4,2,8,3,2,21.052767
2021,2442220,12,4,2,8,3,2,21.052767
2021,2442220,20,4,2,8,1,2,71.04921
2021,2443214,3,4,2,8,3,2,20.732363
2021,2443214,4,4,2,8,3,2,20.732363
2021,2443214,5,4,2,8,3,2,20.732363
2021,2443214,6,4,2,8,3,2,20.732363
2021,2443214,7,4,2,8,3,2,20.732363
2021,2443214,8,4,2,8,3,2,20.732363
2021,2443214,9,4,2,8,3,2,20.732363
2021,2443214,12,4,2,8,3,2,20.732363
2021,2443214,20,4,2,8,1,2,34.192688
2021,2443214,21,4,2,8,1,2,34.192688
2021,2443214,22,4,2,8,1,2,34.192688
2021,2443214,23,4,2,8,1,2,34.192688
2021,2443216,1,4,2,8,3,2,20.519506
2021,2443216,2,4,2,8,3,2,20.519506
2021,2443216,3,4,2,8,3,2,20.519506
2021,2443216,4,4,2,8,3,2,20.519506
2021,2443216,5,4,2,8,3,2,20.519506
2021,2443216,6,4,2,8,3,2,20.519506
2021,2443216,7,4,2,8,3,2,20.519506
2021,2443216,8,4,2,8,3,2,20.519506
2021,2443216,9,4,2,8,3,2,20.519506
2021,2443216,10,4,2,8,3,2,20.519506
2021,2443216,11,4,2,8,3,2,20.519506
2021,2443216,20,4,2,8,1,2,76.91509
2021,2443218,1,4,2,8,3,2,20.30619
2021,2443218,2,4,2,8,3,2,20.30619
2021,2443218,3,4,2,8,3,2,20.30619
2021,2443218,4,4,2,8,3,2,20.30619
2021,2443218,5,4,2,8,3,2,20.30619
2021,2443218,6,4,2,8,3,2,20.30619
2021,2443218,7,4,2,8,3,2,20.30619
2021,2443218,8,4,2,8,3,2,20.30619
2021,2443218,9,4,2,8,3,2,20.30619
2021,2443218,10,4,2,8,3,2,20.30619
2021,2443218,13,4,2,8,1,2,49.78388
2021,2443218,14,4,2,8,1,2,49.78388
2021,2443232,1,4,2,8,3,2,25.219137
2021,2443232,2,4,2,8,3,2,25.219137
2021,2443232,3,4,2,8,3,2,25.219137
2021,2443232,4,4,2,8,3,2,25.219137
2021,2443232,5,4,2,8,3,2,25.219137
2021,2443232,6,4,2,8,3,2,25.219137
2021,2443232,7,4,2,8,3,2,25.219137
2021,2443232,8,4,2,8,3,2,25.219137
2021,2443232,9,4,2,8,3,2,25.219137
2021,2443232,10,4,2,8,3,2,25.219137
2021,2443232,11,4,2,8,3,2,25.219137
2021,2443232,12,4,2,8,3,2,25.219137
2021,2443236,2,4,2,8,3,2,23.345308
2021,2443236,3,4,2,8,3,2,23.345308
2021,2443236,4,4,2,8,3,2,23.345308
2021,2443236,5,4,2,8,3,2,23.345308
2021,2443236,6,4,2,8,3,2,23.345308
2021,2443236,7,4,2,8,3,2,23.345308
2021,2443236,8,4,2,8,3,2,23.345308
2021,2443236,9,4,2,8,3,2,23.345308
2021,2443236,10,4,2,8,3,2,23.345308
2021,2443236,12,4,2,8,3,2,23.345308
2021,2443236,20,4,2,8,1,2,69.17655
2021,2551112,1,5,1,9,3,2,9.904582
2021,2551112,2,5,1,9,3,2,9.904582
2021,2551112,3,5,1,9,3,2,9.904582
2021,2551112,4,5,1,9,3,2,9.904582
2021,2551112,5,5,1,9,3,2,9.904582
2021,2551112,6,5,1,9,3,2,9.904582
2021,2551112,7,5,1,9,3,2,9.904582
2021,2551112,8,5,1,9,3,2,9.904582
2021,2551112,9,5,1,9,3,2,9.904582
2021,2551112,10,5,1,9,3,2,9.904582
2021,2551112,11,5,1,9,3,2,9.904582
2021,2551112,20,5,1,9,1,2,36.44356
2021,2551115,2,5,1,9,3,2,9.246535
2021,2551115,3,5,1,9,3,2,9.246535
2021,2551115,4,5,1,9,3,2,9.246535
2021,2551115,5,5,1,9,3,2,9.246535
2021,2551115,6,5,1,9,3,2,9.246535
2021,2551115,7,5,1,9,3,2,9.246535
2021,2551115,8,5,1,9,3,2,9.246535
2021,2551115,9,5,1,9,3,2,9.246535
2021,2551115,10,5,1,9,3,2,9.246535
2021,2551115,13,5,1,9,3,2,9.246535
2021,2551115,20,5,1,9,1,2,26.464304
2021,2551115,21,5,1,9,1,2,26.464304
2021,2551210,1,5,2,10,3,2,13.690962
2021,2551210,2,5,2,10,3,2,13.690962
2021,2551210,3,5,2,10,3,2,13.690962
2021,2551210,4,5,2,10,3,2,13.690962
2021,2551210,5,5,2,10,3,2,13.690962
2021,2551210,6,5,2,10,3,2,13.690962
2021,2551210,7,5,2,10,3,2,13.690962
2021,2551210,8,5,2,10,3,2,13.690962
2021,2551210,9,5,2,10,3,2,13.690962
2021,2551210,10,5,2,10,3,2,13.690962
2021,2551210,11,5,2,10,3,2,13.690962
2021,2551210,12,5,2,10,3,2,13.690962
2021,2552116,1,5,1,9,3,2,10.057458
2021,2552116,2,5,1,9,3,2,10.057458
2021,2552116,3,5,1,9,3,2,10.057458
2021,2552116,5,5,1,9,3,2,10.057458
2021,2552116,6,5,1,9,3,2,10.057458
2021,2552116,7,5,1,9,3,2,10.057458
2021,2552116,8,5,1,9,3,2,10.057458
2021,2552116,9,5,1,9,3,2,10.057458
2021,2552116,10,5,1,9,3,2,10.057458
2021,2552116,11,5,1,9,3,2,10.057458
2021,2552116,12,5,1,9,3,2,10.057458
2021,2552116,20,5,1,9,1,2,34.76192
2021,2552117,1,5,1,9,3,2,10.001702
2021,2552117,2,5,1,9,3,2,10.001702
2021,2552117,3,5,1,9,3,2,10.001702
2021,2552117,4,5,1,9,3,2,10.001702
2021,2552117,5,5,1,9,3,2,10.001702
2021,2552117,6,5,1,9,3,2,10.001702
2021,2552117,7,5,1,9,3,2,10.001702
2021,2552117,8,5,1,9,3,2,10.001702
2021,2552117,9,5,1,9,3,2,10.001702
2021,2552117,11,5,1,9,3,2,10.001702
2021,2552117,12,5,1,9,3,2,10.001702
2021,2552117,20,5,1,9,1,2,35.37522
2021,2552120,1,5,1,9,3,2,9.725882
2021,2552120,2,5,1,9,3,2,9.725882
2021,2552120,3,5,1,9,3,2,9.725882
2021,2552120,4,5,1,9,3,2,9.725882
2021,2552120,5,5,1,9,3,2,9.725882
2021,2552120,6,5,1,9,3,2,9.725882
2021,2552120,8,5,1,9,3,2,9.725882
2021,2552120,9,5,1,9,3,2,9.725882
2021,2552120,10,5,1,9,3,2,9.725882
2021,2552120,11,5,1,9,3,2,9.725882
2021,2552120,20,5,1,9,1,2,24.06757
2021,2552120,21,5,1,9,1,2,24.06757
2021,2552214,1,5,2,10,3,2,13.690963
2021,2552214,2,5,2,10,3,2,13.690963
2021,2552214,3,5,2,10,3,2,13.690963
2021,2552214,4,5,2,10,3,2,13.690963
2021,2552214,5,5,2,10,3,2,13.690963
2021,2552214,6,5,2,10,3,2,13.690963
2021,2552214,7,5,2,10,3,2,13.690963
2021,2552214,8,5,2,10,3,2,13.690963
2021,2552214,9,5,2,10,3,2,13.690963
2021,2552214,10,5,2,10,3,2,13.690963
2021,2552214,11,5,2,10,3,2,13.690963
2021,2552214,13,5,2,10,3,2,13.690963
2021,2553210,2,5,2,10,3,2,11.368043
2021,2553210,3,5,2,10,3,2,11.368043
2021,2553210,4,5,2,10,3,2,11.368043
2021,2553210,5,5,2,10,3,2,11.368043
2021,2553210,6,5,2,10,3,2,11.368043
2021,2553210,7,5,2,10,3,2,11.368043
2021,2553210,8,5,2,10,3,2,11.368043
2021,2553210,9,5,2,10,3,2,11.368043
2021,2553210,10,5,2,10,3,2,11.368043
2021,2553210,11,5,2,10,3,2,11.368043
2021,2553210,12,5,2,10,3,2,11.368043
2021,2553210,20,5,2,10,1,2,39.24308
2021,2553213,1,5,2,10,3,2,11.380175
2021,2553213,2,5,2,10,3,2,11.380175
2021,2553213,3,5,2,10,3,2,11.380175
2021,2553213,4,5,2,10,3,2,11.380175
2021,2553213,6,5,2,10,3,2,11.380175
2021,2553213,7,5,2,10,3,2,11.380175
2021,2553213,8,5,2,10,3,2,11.380175
2021,2553213,9,5,2,10,3,2,11.380175
2021,2553213,10,5,2,10,3,2,11.380175
2021,2553213,11,5,2,10,3,2,11.380175
2021,2553213,12,5,2,10,3,2,11.380175
2021,2553213,20,5,2,10,1,2,39.109615
2021,2661157,1,6,1,11,3,2,41.257706
2021,2661157,2,6,1,11,3,2,41.257706
2021,2661157,3,6,1,11,3,2,41.257706
2021,2661157,4,6,1,11,3,2,41.257706
2021,2661157,5,6,1,11,3,2,41.257706
2021,2661157,6,6,1,11,3,2,41.257706
2021,2661157,7,6,1,11,3,2,41.257706
2021,2661157,8,6,1,11,3,2,41.257706
2021,2661157,9,6,1,11,3,2,41.257706
2021,2661157,10,6,1,11,3,2,41.257706
2021,2661157,11,6,1,11,3,2,41.257706
2021,2661157,12,6,1,11,3,2,41.257706
2021,2661165,1,6,1,11,3,2,41.257706
2021,2661165,2,6,1,11,3,2,41.257706
2021,2661165,3,6,1,11,3,2,41.257706
2021,2661165,4,6,1,11,3,2,41.257706
2021,2661165,5,6,1,11,3,2,41.257706
2021,2661165,6,6,1,11,3,2,41.257706
2021,2661165,7,6,1,11,3,2,41.257706
2021,2661165,8,6,1,11,3,2,41.257706
2021,2661165,9,6,1,11,3,2,41.257706
2021,2661165,10,6,1,11,3,2,41.257706
2021,2661165,11,6,1,11,3,2,41.257706
2021,2661165,13,6,1,11,3,2,41.257706
2021,2661191,1,6,1,11,3,2,35.023983
2021,2661191,2,6,1,11,3,2,35.023983
2021,2661191,3,6,1,11,3,2,35.023983
2021,2661191,4,6,1,11,3,2,35.023983
2021,2661191,5,6,1,11,3,2,35.023983
2021,2661191,6,6,1,11,3,2,35.023983
2021,2661191,7,6,1,11,3,2,35.023983
2021,2661191,8,6,1,11,3,2,35.023983
2021,2661191,9,6,1,11,3,2,35.023983
2021,2661191,10,6,1,11,3,2,35.023983
2021,2661191,12,6,1,11,3,2,35.023983
2021,2661191,21,6,1,11,1,2,109.82871
2021,2661196,1,6,1,11,3,2,34.447514
2021,2661196,3,6,1,11,3,2,34.447514
2021,2661196,4,6,1,11,3,2,34.447514
2021,2661196,5,6,1,11,3,2,34.447514
2021,2661196,6,6,1,11,3,2,34.447514
2021,2661196,8,6,1,11,3,2,34.447514
2021,2661196,9,6,1,11,3,2,34.447514
2021,2661196,10,6,1,11,3,2,34.447514
2021,2661196,11,6,1,11,3,2,34.447514
2021,2661196,13,6,1,11,3,2,34.447514
2021,2661196,20,6,1,11,1,2,75.30869
2021,2661196,21,6,1,11,1,2,75.30869
2021,2661213,1,6,2,12,3,2,39.77878
2021,2661213,2,6,2,12,3,2,39.77878
2021,2661213,3,6,2,12,3,2,39.77878
2021,2661213,4,6,2,12,3,2,39.77878
2021,2661213,5,6,2,12,3,2,39.77878
2021,2661213,6,6,2,12,3,2,39.77878
2021,2661213,7,6,2,12,3,2,39.77878
2021,2661213,8,6,2,12,3,2,39.77878
2021,2661213,9,6,2,12,3,2,39.77878
2021,2661213,10,6,2,12,3,2,39.77878
2021,2661213,11,6,2,12,3,2,39.77878
2021,2661213,12,6,2,12,3,2,39.77878
2021,2661246,1,6,2,12,3,2,39.77878
2021,2661246,2,6,2,12,3,2,39.77878
2021,2661246,3,6,2,12,3,2,39.77878
2021,2661246,4,6,2,12,3,2,39.77878
2021,2661246,5,6,2,12,3,2,39.77878
2021,2661246,6,6,2,12,3,2,39.77878
2021,2661246,7,6,2,12,3,2,39.77878
2021,2661246,8,6,2,12,3,2,39.77878
2021,2661246,9,6,2,12,3,2,39.77878
2021,2661246,10,6,2,12,3,2,39.77878
2021,2661246,11,6,2,12,3,2,39.77878
2021,2661246,12,6,2,12,3,2,39.77878
2021,2661252,1,6,2,12,3,2,39.77878
2021,2661252,2,6,2,12,3,2,39.77878
2021,2661252,3,6,2,12,3,2,39.77878
2021,2661252,4,6,2,12,3,2,39.77878
2021,2661252,5,6,2,12,3,2,39.77878
2021,2661252,6,6,2,12,3,2,39.77878
2021,2661252,7,6,2,12,3,2,39.77878
2021,2661252,8,6,2,12,3,2,39.77878
2021,2661252,9,6,2,12,3,2,39.77878
2021,2661252,10,6,2,12,3,2,39.77878
2021,2661252,11,6,2,12,3,2,39.77878
2021,2661252,12,6,2,12,3,2,39.77878
2021,2662159,1,6,1,11,3,2,41.25771
2021,2662159,2,6,1,11,3,2,41.25771
2021,2662159,3,6,1,11,3,2,41.25771
2021,2662159,4,6,1,11,3,2,41.25771
2021,2662159,5,6,1,11,3,2,41.25771
2021,2662159,6,6,1,11,3,2,41.25771
2021,2662159,7,6,1,11,3,2,41.25771
2021,2662159,8,6,1,11,3,2,41.25771
2021,2662159,9,6,1,11,3,2,41.25771
2021,2662159,10,6,1,11,3,2,41.25771
2021,2662159,11,6,1,11,3,2,41.25771
2021,2662159,12,6,1,11,3,2,41.25771
2021,2662224,1,6,2,12,3,2,39.77878
2021,2662224,2,6,2,12,3,2,39.77878
2021,2662224,3,6,2,12,3,2,39.77878
2021,2662224,4,6,2,12,3,2,39.77878
2021,2662224,5,6,2,12,3,2,39.77878
2021,2662224,6,6,2,12,3,2,39.77878
2021,2662224,7,6,2,12,3,2,39.77878
2021,2662224,8,6,2,12,3,2,39.77878
2021,2662224,9,6,2,12,3,2,39.77878
2021,2662224,10,6,2,12,3,2,39.77878
2021,2662224,11,6,2,12,3,2,39.77878
2021,2662224,12,6,2,12,3,2,39.77878
2021,2662231,1,6,2,12,3,2,33.42485
2021,2662231,2,6,2,12,3,2,33.42485
2021,2662231,3,6,2,12,3,2,33.42485
2021,2662231,4,6,2,12,3,2,33.42485
2021,2662231,5,6,2,12,3,2,33.42485
2021,2662231,6,6,2,12,3,2,33.42485
2021,2662231,7,6,2,12,3,2,33.42485
2021,2662231,9,6,2,12,3,2,33.42485
2021,2662231,10,6,2,12,3,2,33.42485
2021,2662231,11,6,2,12,3,2,33.42485
2021,2662231,12,6,2,12,3,2,33.42485
2021,2662231,20,6,2,12,1,2,109.67201
2021,2662254,1,6,2,12,3,2,39.77878
2021,2662254,2,6,2,12,3,2,39.77878
2021,2662254,3,6,2,12,3,2,39.77878
2021,2662254,4,6,2,12,3,2,39.77878
2021,2662254,5,6,2,12,3,2,39.77878
2021,2662254,6,6,2,12,3,2,39.77878
2021,2662254,7,6,2,12,3,2,39.77878
2021,2662254,8,6,2,12,3,2,39.77878
2021,2662254,9,6,2,12,3,2,39.77878
2021,2662254,10,6,2,12,3,2,39.77878
2021,2662254,11,6,2,12,3,2,39.77878
2021,2662254,12,6,2,12,3,2,39.77878
2021,2663210,1,6,2,12,3,2,39.778778
2021,2663210,2,6,2,12,3,2,39.778778
2021,2663210,3,6,2,12,3,2,39.778778
2021,2663210,4,6,2,12,3,2,39.778778
2021,2663210,5,6,2,12,3,2,39.778778
2021,2663210,6,6,2,12,3,2,39.778778
2021,2663210,7,6,2,12,3,2,39.778778
2021,2663210,8,6,2,12,3,2,39.778778
2021,2663210,9,6,2,12,3,2,39.778778
2021,2663210,10,6,2,12,3,2,39.778778
2021,2663210,11,6,2,12,3,2,39.778778
2021,2663210,12,6,2,12,3,2,39.778778
2021,2663213,1,6,2,12,3,2,39.778778
2021,2663213,2,6,2,12,3,2,39.778778
2021,2663213,3,6,2,12,3,2,39.778778
2021,2663213,4,6,2,12,3,2,39.778778
2021,2663213,5,6,2,12,3,2,39.778778
2021,2663213,6,6,2,12,3,2,39.778778
2021,2663213,7,6,2,12,3,2,39.778778
2021,2663213,8,6,2,12,3,2,39.778778
2021,2663213,9,6,2,12,3,2,39.778778
2021,2663213,10,6,2,12,3,2,39.778778
2021,2663213,11,6,2,12,3,2,39.778778
2021,2663213,12,6,2,12,3,2,39.778778
2021,2664119,1,6,1,11,3,2,33.783764
2021,2664119,3,6,1,11,3,2,33.783764
2021,2664119,4,6,1,11,3,2,33.783764
2021,2664119,5,6,1,11,3,2,33.783764
2021,2664119,6,6,1,11,3,2,33.783764
2021,2664119,7,6,1,11,3,2,33.783764
2021,2664119,8,6,1,11,3,2,33.783764
2021,2664119,9,6,1,11,3,2,33.783764
2021,2664119,10,6,1,11,3,2,33.783764
2021,2664119,13,6,1,11,3,2,33.783764
2021,2664119,20,6,1,11,1,2,78.62743
2021,2664119,21,6,1,11,1,2,78.62743
2021,2664210,1,6,2,12,3,2,39.77878
2021,2664210,2,6,2,12,3,2,39.77878
2021,2664210,3,6,2,12,3,2,39.77878
2021,2664210,4,6,2,12,3,2,39.77878
2021,2664210,5,6,2,12,3,2,39.77878
2021,2664210,6,6,2,12,3,2,39.77878
2021,2664210,7,6,2,12,3,2,39.77878
2021,2664210,8,6,2,12,3,2,39.77878
2021,2664210,9,6,2,12,3,2,39.77878
2021,2664210,10,6,2,12,3,2,39.77878
2021,2664210,11,6,2,12,3,2,39.77878
2021,2664210,12,6,2,12,3,2,39.77878
2021,2664227,1,6,2,12,3,2,39.77878
2021,2664227,2,6,2,12,3,2,39.77878
2021,2664227,3,6,2,12,3,2,39.77878
2021,2664227,4,6,2,12,3,2,39.77878
2021,2664227,5,6,2,12,3,2,39.77878
2021,2664227,6,6,2,12,3,2,39.77878
2021,2664227,7,6,2,12,3,2,39.77878
2021,2664227,8,6,2,12,3,2,39.77878
2021,2664227,9,6,2,12,3,2,39.77878
2021,2664227,10,6,2,12,3,2,39.77878
2021,2664227,11,6,2,12,3,2,39.77878
2021,2664227,12,6,2,12,3,2,39.77878
2021,2664232,1,6,2,12,3,2,33.401787
2021,2664232,2,6,2,12,3,2,33.401787
2021,2664232,4,6,2,12,3,2,33.401787
2021,2664232,5,6,2,12,3,2,33.401787
2021,2664232,6,6,2,12,3,2,33.401787
2021,2664232,7,6,2,12,3,2,33.401787
2021,2664232,8,6,2,12,3,2,33.401787
2021,2664232,9,6,2,12,3,2,33.401787
2021,2664232,10,6,2,12,3,2,33.401787
2021,2664232,11,6,2,12,3,2,33.401787
2021,2664232,12,6,2,12,3,2,33.401787
2021,2664232,20,6,2,12,1,2,109.92572
2021,2666230,1,6,2,12,3,2,39.77878
2021,2666230,2,6,2,12,3,2,39.77878
2021,2666230,3,6,2,12,3,2,39.77878
2021,2666230,4,6,2,12,3,2,39.77878
2021,2666230,5,6,2,12,3,2,39.77878
2021,2666230,6,6,2,12,3,2,39.77878
2021,2666230,7,6,2,12,3,2,39.77878
2021,2666230,8,6,2,12,3,2,39.77878
2021,2666230,9,6,2,12,3,2,39.77878
2021,2666230,10,6,2,12,3,2,39.77878
2021,2666230,11,6,2,12,3,2,39.77878
2021,2666230,12,6,2,12,3,2,39.77878
2021,2666237,1,6,2,12,3,2,39.77878
2021,2666237,2,6,2,12,3,2,39.77878
2021,2666237,3,6,2,12,3,2,39.77878
2021,2666237,4,6,2,12,3,2,39.77878
2021,2666237,5,6,2,12,3,2,39.77878
2021,2666237,6,6,2,12,3,2,39.77878
2021,2666237,7,6,2,12,3,2,39.77878
2021,2666237,8,6,2,12,3,2,39.77878
2021,2666237,9,6,2,12,3,2,39.77878
2021,2666237,10,6,2,12,3,2,39.77878
2021,2666237,11,6,2,12,3,2,39.77878
2021,2666237,12,6,2,12,3,2,39.77878
2021,2771159,1,7,1,13,3,2,38.210262
2021,2771159,2,7,1,13,3,2,38.210262
2021,2771159,3,7,1,13,3,2,38.210262
2021,2771159,4,7,1,13,3,2,38.210262
2021,2771159,5,7,1,13,3,2,38.210262
2021,2771159,7,7,1,13,3,2,38.210262
2021,2771159,8,7,1,13,3,2,38.210262
2021,2771159,9,7,1,13,3,2,38.210262
2021,2771159,10,7,1,13,3,2,38.210262
2021,2771159,11,7,1,13,3,2,38.210262
2021,2771159,13,7,1,13,3,2,38.210262
2021,2771159,20,7,1,13,1,2,124.41422
2021,2771164,1,7,1,13,3,2,38.40789
2021,2771164,2,7,1,13,3,2,38.40789
2021,2771164,3,7,1,13,3,2,38.40789
2021,2771164,4,7,1,13,3,2,38.40789
2021,2771164,5,7,1,13,3,2,38.40789
2021,2771164,7,7,1,13,3,2,38.40789
2021,2771164,8,7,1,13,3,2,38.40789
2021,2771164,9,7,1,13,3,2,38.40789
2021,2771164,10,7,1,13,3,2,38.40789
2021,2771164,11,7,1,13,3,2,38.40789
2021,2771164,13,7,1,13,3,2,38.40789
2021,2771164,20,7,1,13,1,2,122.24029
2021,2771167,1,7,1,13,3,2,45.393925
2021,2771167,2,7,1,13,3,2,45.393925
2021,2771167,3,7,1,13,3,2,45.393925
2021,2771167,4,7,1,13,3,2,45.393925
2021,2771167,5,7,1,13,3,2,45.393925
2021,2771167,6,7,1,13,3,2,45.393925
2021,2771167,7,7,1,13,3,2,45.393925
2021,2771167,8,7,1,13,3,2,45.393925
2021,2771167,9,7,1,13,3,2,45.393925
2021,2771167,10,7,1,13,3,2,45.393925
2021,2771167,11,7,1,13,3,2,45.393925
2021,2771167,13,7,1,13,3,2,45.393925
2021,2771172,1,7,1,13,3,2,37.883484
2021,2771172,2,7,1,13,3,2,37.883484
2021,2771172,3,7,1,13,3,2,37.883484
2021,2771172,4,7,1,13,3,2,37.883484
2021,2771172,5,7,1,13,3,2,37.883484
2021,2771172,6,7,1,13,3,2,37.883484
2021,2771172,7,7,1,13,3,2,37.883484
2021,2771172,8,7,1,13,3,2,37.883484
2021,2771172,9,7,1,13,3,2,37.883484
2021,2771172,10,7,1,13,3,2,37.883484
2021,2771172,13,7,1,13,3,2,37.883484
2021,2771172,20,7,1,13,1,2,128.00874
2021,2771210,1,7,2,14,3,2,38.940327
2021,2771210,2,7,2,14,3,2,38.940327
2021,2771210,3,7,2,14,3,2,38.940327
2021,2771210,4,7,2,14,3,2,38.940327
2021,2771210,5,7,2,14,3,2,38.940327
2021,2771210,6,7,2,14,3,2,38.940327
2021,2771210,7,7,2,14,3,2,38.940327
2021,2771210,8,7,2,14,3,2,38.940327
2021,2771210,10,7,2,14,3,2,38.940327
2021,2771210,11,7,2,14,3,2,38.940327
2021,2771210,12,7,2,14,3,2,38.940327
2021,2771210,20,7,2,14,1,2,123.14012
2021,2771244,1,7,2,14,3,2,45.956974
2021,2771244,2,7,2,14,3,2,45.956974
2021,2771244,3,7,2,14,3,2,45.956974
2021,2771244,4,7,2,14,3,2,45.956974
2021,2771244,5,7,2,14,3,2,45.956974
2021,2771244,6,7,2,14,3,2,45.956974
2021,2771244,7,7,2,14,3,2,45.956974
2021,2771244,8,7,2,14,3,2,45.956974
2021,2771244,9,7,2,14,3,2,45.956974
2021,2771244,10,7,2,14,3,2,45.956974
2021,2771244,11,7,2,14,3,2,45.956974
2021,2771244,12,7,2,14,3,2,45.956974
2021,2771251,1,7,2,14,3,2,45.956978
2021,2771251,2,7,2,14,3,2,45.956978
2021,2771251,3,7,2,14,3,2,45.956978
2021,2771251,4,7,2,14,3,2,45.956978
2021,2771251,5,7,2,14,3,2,45.956978
2021,2771251,6,7,2,14,3,2,45.956978
2021,2771251,7,7,2,14,3,2,45.956978
2021,2771251,8,7,2,14,3,2,45.956978
2021,2771251,9,7,2,14,3,2,45.956978
2021,2771251,10,7,2,14,3,2,45.956978
2021,2771251,11,7,2,14,3,2,45.956978
2021,2771251,13,7,2,14,3,2,45.956978
2021,2771256,1,7,2,14,3,2,38.479527
2021,2771256,2,7,2,14,3,2,38.479527
2021,2771256,3,7,2,14,3,2,38.479527
2021,2771256,4,7,2,14,3,2,38.479527
2021,2771256,5,7,2,14,3,2,38.479527
2021,2771256,6,7,2,14,3,2,38.479527
2021,2771256,8,7,2,14,3,2,38.479527
2021,2771256,9,7,2,14,3,2,38.479527
2021,2771256,10,7,2,14,3,2,38.479527
2021,2771256,11,7,2,14,3,2,38.479527
2021,2771256,12,7,2,14,3,2,38.479527
2021,2771256,15,7,2,14,1,2,128.20892
2021,2772216,1,7,2,14,3,2,45.956974
2021,2772216,2,7,2,14,3,2,45.956974
2021,2772216,3,7,2,14,3,2,45.956974
2021,2772216,4,7,2,14,3,2,45.956974
2021,2772216,5,7,2,14,3,2,45.956974
2021,2772216,6,7,2,14,3,2,45.956974
2021,2772216,7,7,2,14,3,2,45.956974
2021,2772216,8,7,2,14,3,2,45.956974
2021,2772216,9,7,2,14,3,2,45.956974
2021,2772216,10,7,2,14,3,2,45.956974
2021,2772216,11,7,2,14,3,2,45.956974
2021,2772216,13,7,2,14,3,2,45.956974
2021,2773236,1,7,2,14,3,2,45.956978
2021,2773236,2,7,2,14,3,2,45.956978
2021,2773236,3,7,2,14,3,2,45.956978
2021,2773236,4,7,2,14,3,2,45.956978
2021,2773236,5,7,2,14,3,2,45.956978
2021,2773236,6,7,2,14,3,2,45.956978
2021,2773236,7,7,2,14,3,2,45.956978
2021,2773236,8,7,2,14,3,2,45.956978
2021,2773236,9,7,2,14,3,2,45.956978
2021,2773236,10,7,2,14,3,2,45.956978
2021,2773236,11,7,2,14,3,2,45.956978
2021,2773236,13,7,2,14,3,2,45.956978
2021,2773243,1,7,2,14,3,2,38.695957
2021,2773243,2,7,2,14,3,2,38.695957
2021,2773243,3,7,2,14,3,2,38.695957
2021,2773243,4,7,2,14,3,2,38.695957
2021,2773243,5,7,2,14,3,2,38.695957
2021,2773243,6,7,2,14,3,2,38.695957
2021,2773243,7,7,2,14,3,2,38.695957
2021,2773243,8,7,2,14,3,2,38.695957
2021,2773243,10,7,2,14,3,2,38.695957
2021,2773243,11,7,2,14,3,2,38.695957
2021,2773243,12,7,2,14,3,2,38.695957
2021,2773243,20,7,2,14,1,2,125.82818
2021,2773250,1,7,2,14,3,2,38.1947
2021,2773250,2,7,2,14,3,2,38.1947
2021,2773250,3,7,2,14,3,2,38.1947
2021,2773250,5,7,2,14,3,2,38.1947
2021,2773250,6,7,2,14,3,2,38.1947
2021,2773250,7,7,2,14,3,2,38.1947
2021,2773250,8,7,2,14,3,2,38.1947
2021,2773250,9,7,2,14,3,2,38.1947
2021,2773250,10,7,2,14,3,2,38.1947
2021,2773250,11,7,2,14,3,2,38.1947
2021,2773250,12,7,2,14,3,2,38.1947
2021,2773250,20,7,2,14,1,2,131.34201
2021,2773256,1,7,2,14,3,2,45.956974
2021,2773256,2,7,2,14,3,2,45.956974
2021,2773256,3,7,2,14,3,2,45.956974
2021,2773256,4,7,2,14,3,2,45.956974
2021,2773256,5,7,2,14,3,2,45.956974
2021,2773256,6,7,2,14,3,2,45.956974
2021,2773256,7,7,2,14,3,2,45.956974
2021,2773256,8,7,2,14,3,2,45.956974
2021,2773256,9,7,2,14,3,2,45.956974
2021,2773256,10,7,2,14,3,2,45.956974
2021,2773256,11,7,2,14,3,2,45.956974
2021,2773256,12,7,2,14,3,2,45.956974
2021,2773263,1,7,2,14,3,2,45.956978
2021,2773263,2,7,2,14,3,2,45.956978
2021,2773263,3,7,2,14,3,2,45.956978
2021,2773263,4,7,2,14,3,2,45.956978
2021,2773263,5,7,2,14,3,2,45.956978
2021,2773263,6,7,2,14,3,2,45.956978
2021,2773263,7,7,2,14,3,2,45.956978
2021,2773263,8,7,2,14,3,2,45.956978
2021,2773263,9,7,2,14,3,2,45.956978
2021,2773263,10,7,2,14,3,2,45.956978
2021,2773263,11,7,2,14,3,2,45.956978
2021,2773263,12,7,2,14,3,2,45.956978
2021,2774143,1,7,1,13,3,2,45.393925
2021,2774143,2,7,1,13,3,2,45.393925
2021,2774143,3,7,1,13,3,2,45.393925
2021,2774143,4,7,1,13,3,2,45.393925
2021,2774143,5,7,1,13,3,2,45.393925
2021,2774143,6,7,1,13,3,2,45.393925
2021,2774143,7,7,1,13,3,2,45.393925
2021,2774143,8,7,1,13,3,2,45.393925
2021,2774143,9,7,1,13,3,2,45.393925
2021,2774143,10,7,1,13,3,2,45.393925
2021,2774143,11,7,1,13,3,2,45.393925
2021,2774143,13,7,1,13,3,2,45.393925
2021,2774237,1,7,2,14,3,2,45.956974
2021,2774237,2,7,2,14,3,2,45.956974
2021,2774237,3,7,2,14,3,2,45.956974
2021,2774237,4,7,2,14,3,2,45.956974
2021,2774237,5,7,2,14,3,2,45.956974
2021,2774237,6,7,2,14,3,2,45.956974
2021,2774237,7,7,2,14,3,2,45.956974
2021,2774237,8,7,2,14,3,2,45.956974
2021,2774237,9,7,2,14,3,2,45.956974
2021,2774237,10,7,2,14,3,2,45.956974
2021,2774237,13,7,2,14,3,2,45.956974
2021,2774237,14,7,2,14,3,2,45.956974
2021,2775155,1,7,1,13,3,2,37.906578
2021,2775155,2,7,1,13,3,2,37.906578
2021,2775155,3,7,1,13,3,2,37.906578
2021,2775155,4,7,1,13,3,2,37.906578
2021,2775155,5,7,1,13,3,2,37.906578
2021,2775155,6,7,1,13,3,2,37.906578
2021,2775155,9,7,1,13,3,2,37.906578
2021,2775155,10,7,1,13,3,2,37.906578
2021,2775155,11,7,1,13,3,2,37.906578
2021,2775155,12,7,1,13,3,2,37.906578
2021,2775155,20,7,1,13,1,2,82.83064
2021,2775155,21,7,1,13,1,2,82.83064
2021,2775216,1,7,2,14,3,2,45.956978
2021,2775216,2,7,2,14,3,2,45.956978
2021,2775216,3,7,2,14,3,2,45.956978
2021,2775216,4,7,2,14,3,2,45.956978
2021,2775216,5,7,2,14,3,2,45.956978
2021,2775216,6,7,2,14,3,2,45.956978
2021,2775216,7,7,2,14,3,2,45.956978
2021,2775216,8,7,2,14,3,2,45.956978
2021,2775216,9,7,2,14,3,2,45.956978
2021,2775216,10,7,2,14,3,2,45.956978
2021,2775216,11,7,2,14,3,2,45.956978
2021,2775216,12,7,2,14,3,2,45.956978
2021,2881222,1,8,2,16,3,2,48.63047
2021,2881222,2,8,2,16,3,2,48.63047
2021,2881222,3,8,2,16,3,2,48.63047
2021,2881222,4,8,2,16,3,2,48.63047
2021,2881222,5,8,2,16,3,2,48.63047
2021,2881222,7,8,2,16,3,2,48.63047
2021,2881222,8,8,2,16,3,2,48.63047
2021,2881222,9,8,2,16,3,2,48.63047
2021,2881222,10,8,2,16,3,2,48.63047
2021,2881222,11,8,2,16,3,2,48.63047
2021,2881222,13,8,2,16,3,2,48.63047
2021,2881222,20,8,2,16,1,2,153.41646
2021,2882159,1,8,1,15,3,2,47.18125
2021,2882159,2,8,1,15,3,2,47.18125
2021,2882159,3,8,1,15,3,2,47.18125
2021,2882159,5,8,1,15,3,2,47.18125
2021,2882159,6,8,1,15,3,2,47.18125
2021,2882159,7,8,1,15,3,2,47.18125
2021,2882159,8,8,1,15,3,2,47.18125
2021,2882159,9,8,1,15,3,2,47.18125
2021,2882159,10,8,1,15,3,2,47.18125
2021,2882159,12,8,1,15,3,2,47.18125
2021,2882159,13,8,1,15,1,2,107.80259
2021,2882159,20,8,1,15,1,2,107.80259
2021,2882169,2,8,1,15,3,2,46.681446
2021,2882169,3,8,1,15,3,2,46.681446
2021,2882169,4,8,1,15,3,2,46.681446
2021,2882169,5,8,1,15,3,2,46.681446
2021,2882169,6,8,1,15,3,2,46.681446
2021,2882169,7,8,1,15,3,2,46.681446
2021,2882169,8,8,1,15,3,2,46.681446
2021,2882169,9,8,1,15,3,2,46.681446
2021,2882169,10,8,1,15,3,2,46.681446
2021,2882169,11,8,1,15,3,2,46.681446
2021,2882169,12,8,1,15,3,2,46.681446
2021,2882169,13,8,1,15,1,2,173.92177
2021,2882219,1,8,2,16,3,2,57.362637
2021,2882219,2,8,2,16,3,2,57.362637
2021,2882219,3,8,2,16,3,2,57.362637
2021,2882219,4,8,2,16,3,2,57.362637
2021,2882219,5,8,2,16,3,2,57.362637
2021,2882219,6,8,2,16,3,2,57.362637
2021,2882219,7,8,2,16,3,2,57.362637
2021,2882219,8,8,2,16,3,2,57.362637
2021,2882219,9,8,2,16,3,2,57.362637
2021,2882219,10,8,2,16,3,2,57.362637
2021,2882219,11,8,2,16,3,2,57.362637
2021,2882219,12,8,2,16,3,2,57.362637
2021,2882226,1,8,2,16,3,2,57.362633
2021,2882226,2,8,2,16,3,2,57.362633
2021,2882226,3,8,2,16,3,2,57.362633
2021,2882226,4,8,2,16,3,2,57.362633
2021,2882226,5,8,2,16,3,2,57.362633
2021,2882226,6,8,2,16,3,2,57.362633
2021,2882226,7,8,2,16,3,2,57.362633
2021,2882226,8,8,2,16,3,2,57.362633
2021,2882226,9,8,2,16,3,2,57.362633
2021,2882226,10,8,2,16,3,2,57.362633
2021,2882226,11,8,2,16,3,2,57.362633
2021,2882226,12,8,2,16,3,2,57.362633
2021,2882243,1,8,2,16,3,2,57.362633
2021,2882243,2,8,2,16,3,2,57.362633
2021,2882243,3,8,2,16,3,2,57.362633
2021,2882243,4,8,2,16,3,2,57.362633
2021,2882243,5,8,2,16,3,2,57.362633
2021,2882243,6,8,2,16,3,2,57.362633
2021,2882243,7,8,2,16,3,2,57.362633
2021,2882243,8,8,2,16,3,2,57.362633
2021,2882243,9,8,2,16,3,2,57.362633
2021,2882243,10,8,2,16,3,2,57.362633
2021,2882243,11,8,2,16,3,2,57.362633
2021,2882243,13,8,2,16,3,2,57.362633
2021,2882253,1,8,2,16,3,2,48.47754
2021,2882253,2,8,2,16,3,2,48.47754
2021,2882253,3,8,2,16,3,2,48.47754
2021,2882253,4,8,2,16,3,2,48.47754
2021,2882253,5,8,2,16,3,2,48.47754
2021,2882253,6,8,2,16,3,2,48.47754
2021,2882253,8,8,2,16,3,2,48.47754
2021,2882253,9,8,2,16,3,2,48.47754
2021,2882253,10,8,2,16,3,2,48.47754
2021,2882253,11,8,2,16,3,2,48.47754
2021,2882253,12,8,2,16,3,2,48.47754
2021,2882253,13,8,2,16,1,2,155.09866
2021,2883214,1,8,2,16,3,2,48.31427
2021,2883214,2,8,2,16,3,2,48.31427
2021,2883214,4,8,2,16,3,2,48.31427
2021,2883214,5,8,2,16,3,2,48.31427
2021,2883214,6,8,2,16,3,2,48.31427
2021,2883214,7,8,2,16,3,2,48.31427
2021,2883214,8,8,2,16,3,2,48.31427
2021,2883214,9,8,2,16,3,2,48.31427
2021,2883214,10,8,2,16,3,2,48.31427
2021,2883214,11,8,2,16,3,2,48.31427
2021,2883214,12,8,2,16,3,2,48.31427
2021,2883214,13,8,2,16,1,2,156.89462
2021,2883220,1,8,2,16,3,2,52.24948
2021,2883220,2,8,2,16,3,2,52.24948
2021,2883220,3,8,2,16,3,2,52.24948
2021,2883220,5,8,2,16,3,2,52.24948
2021,2883220,6,8,2,16,3,2,52.24948
2021,2883220,7,8,2,16,3,2,52.24948
2021,2883220,8,8,2,16,3,2,52.24948
2021,2883220,9,8,2,16,3,2,52.24948
2021,2883220,11,8,2,16,3,2,52.24948
2021,2883220,12,8,2,16,3,2,52.24948
2021,2883220,20,8,2,16,1,2,165.8568
2021,2884135,1,8,1,15,3,2,57.28481
2021,2884135,2,8,1,15,3,2,57.28481
2021,2884135,3,8,1,15,3,2,57.28481
2021,2884135,4,8,1,15,3,2,57.28481
2021,2884135,5,8,1,15,3,2,57.28481
2021,2884135,6,8,1,15,3,2,57.28481
2021,2884135,7,8,1,15,3,2,57.28481
2021,2884135,8,8,1,15,3,2,57.28481
2021,2884135,9,8,1,15,3,2,57.28481
2021,2884135,10,8,1,15,3,2,57.28481
2021,2884135,11,8,1,15,3,2,57.28481
2021,2884135,12,8,1,15,3,2,57.28481
2021,2884221,1,8,2,16,3,2,57.362633
2021,2884221,2,8,2,16,3,2,57.362633
2021,2884221,3,8,2,16,3,2,57.362633
2021,2884221,4,8,2,16,3,2,57.362633
2021,2884221,5,8,2,16,3,2,57.362633
2021,2884221,6,8,2,16,3,2,57.362633
2021,2884221,7,8,2,16,3,2,57.362633
2021,2884221,8,8,2,16,3,2,57.362633
2021,2884221,9,8,2,16,3,2,57.362633
2021,2884221,10,8,2,16,3,2,57.362633
2021,2884221,11,8,2,16,3,2,57.362633
2021,2884221,12,8,2,16,3,2,57.362633
2021,2884229,1,8,2,16,3,2,57.362637
2021,2884229,2,8,2,16,3,2,57.362637
2021,2884229,3,8,2,16,3,2,57.362637
2021,2884229,4,8,2,16,3,2,57.362637
2021,2884229,5,8,2,16,3,2,57.362637
2021,2884229,6,8,2,16,3,2,57.362637
2021,2884229,7,8,2,16,3,2,57.362637
2021,2884229,8,8,2,16,3,2,57.362637
2021,2884229,9,8,2,16,3,2,57.362637
2021,2884229,10,8,2,16,3,2,57.362637
2021,2884229,11,8,2,16,3,2,57.362637
2021,2884229,12,8,2,16,3,2,57.362637
2021,2885231,1,8,2,16,3,2,57.362637
2021,2885231,2,8,2,16,3,2,57.362637
2021,2885231,3,8,2,16,3,2,57.362637
2021,2885231,4,8,2,16,3,2,57.362637
2021,2885231,5,8,2,16,3,2,57.362637
2021,2885231,6,8,2,16,3,2,57.362637
2021,2885231,7,8,2,16,3,2,57.362637
2021,2885231,8,8,2,16,3,2,57.362637
2021,2885231,9,8,2,16,3,2,57.362637
2021,2885231,10,8,2,16,3,2,57.362637
2021,2885231,11,8,2,16,3,2,57.362637
2021,2885231,12,8,2,16,3,2,57.362637
2021,2885257,1,8,2,16,3,2,57.362633
2021,2885257,2,8,2,16,3,2,57.362633
2021,2885257,3,8,2,16,3,2,57.362633
2021,2885257,4,8,2,16,3,2,57.362633
2021,2885257,5,8,2,16,3,2,57.362633
2021,2885257,6,8,2,16,3,2,57.362633
2021,2885257,7,8,2,16,3,2,57.362633
2021,2885257,8,8,2,16,3,2,57.362633
2021,2885257,9,8,2,16,3,2,57.362633
2021,2885257,10,8,2,16,3,2,57.362633
2021,2885257,11,8,2,16,3,2,57.362633
2021,2885257,12,8,2,16,3,2,57.362633
2021,2885265,1,8,2,16,3,2,57.362637
2021,2885265,2,8,2,16,3,2,57.362637
2021,2885265,3,8,2,16,3,2,57.362637
2021,2885265,4,8,2,16,3,2,57.362637
2021,2885265,5,8,2,16,3,2,57.362637
2021,2885265,6,8,2,16,3,2,57.362637
2021,2885265,7,8,2,16,3,2,57.362637
2021,2885265,8,8,2,16,3,2,57.362637
2021,2885265,9,8,2,16,3,2,57.362637
2021,2885265,10,8,2,16,3,2,57.362637
2021,2885265,11,8,2,16,3,2,57.362637
2021,2885265,12,8,2,16,3,2,57.362637
2021,2886145,3,8,1,15,3,2,50.93795
2021,2886145,4,8,1,15,3,2,50.93795
2021,2886145,5,8,1,15,3,2,50.93795
2021,2886145,6,8,1,15,3,2,50.93795
2021,2886145,7,8,1,15,3,2,50.93795
2021,2886145,9,8,1,15,3,2,50.93795
2021,2886145,10,8,1,15,3,2,50.93795
2021,2886145,11,8,1,15,3,2,50.93795
2021,2886145,13,8,1,15,1,2,69.97851
2021,2886145,20,8,1,15,1,2,69.97851
2021,2886145,21,8,1,15,1,2,69.97851
2021,2886145,22,8,1,15,1,2,69.97851
2021,2886233,1,8,2,16,3,2,46.27773
2021,2886233,2,8,2,16,3,2,46.27773
2021,2886233,4,8,2,16,3,2,46.27773
2021,2886233,5,8,2,16,3,2,46.27773
2021,2886233,6,8,2,16,3,2,46.27773
2021,2886233,7,8,2,16,3,2,46.27773
2021,2886233,9,8,2,16,3,2,46.27773
2021,2886233,10,8,2,16,3,2,46.27773
2021,2886233,11,8,2,16,3,2,46.27773
2021,2886233,12,8,2,16,3,2,46.27773
2021,2886233,13,8,2,16,1,2,112.787186
2021,2886233,20,8,2,16,1,2,112.787186
2021,2886241,3,8,2,16,3,2,48.161118
2021,2886241,4,8,2,16,3,2,48.161118
2021,2886241,5,8,2,16,3,2,48.161118
2021,2886241,6,8,2,16,3,2,48.161118
2021,2886241,7,8,2,16,3,2,48.161118
2021,2886241,8,8,2,16,3,2,48.161118
2021,2886241,10,8,2,16,3,2,48.161118
2021,2886241,11,8,2,16,3,2,48.161118
2021,2886241,13,8,2,16,3,2,48.161118
2021,2886241,14,8,2,16,1,2,84.967186
2021,2886241,20,8,2,16,1,2,84.967186
2021,2886241,21,8,2,16,1,2,84.967186
2021,2991119,1,9,1,17,3,2,52.891903
2021,2991119,2,9,1,17,3,2,52.891903
2021,2991119,3,9,1,17,3,2,52.891903
2021,2991119,4,9,1,17,3,2,52.891903
2021,2991119,5,9,1,17,3,2,52.891903
2021,2991119,6,9,1,17,3,2,52.891903
2021,2991119,7,9,1,17,3,2,52.891903
2021,2991119,8,9,1,17,3,2,52.891903
2021,2991119,9,9,1,17,3,2,52.891903
2021,2991119,10,9,1,17,3,2,52.891903
2021,2991119,11,9,1,17,3,2,52.891903
2021,2991119,20,9,1,17,1,2,185.0155
2021,2991125,1,9,1,17,3,2,52.31255
2021,2991125,2,9,1,17,3,2,52.31255
2021,2991125,3,9,1,17,3,2,52.31255
2021,2991125,4,9,1,17,3,2,52.31255
2021,2991125,5,9,1,17,3,2,52.31255
2021,2991125,6,9,1,17,3,2,52.31255
2021,2991125,7,9,1,17,3,2,52.31255
2021,2991125,9,9,1,17,3,2,52.31255
2021,2991125,10,9,1,17,3,2,52.31255
2021,2991125,13,9,1,17,3,2,52.31255
2021,2991125,14,9,1,17,1,2,121.850426
2021,2991125,20,9,1,17,1,2,121.850426
2021,2991131,2,9,1,17,3,2,52.199093
2021,2991131,3,9,1,17,3,2,52.199093
2021,2991131,4,9,1,17,3,2,52.199093
2021,2991131,6,9,1,17,3,2,52.199093
2021,2991131,7,9,1,17,3,2,52.199093
2021,2991131,8,9,1,17,3,2,52.199093
2021,2991131,9,9,1,17,3,2,52.199093
2021,2991131,10,9,1,17,3,2,52.199093
2021,2991131,11,9,1,17,3,2,52.199093
2021,2991131,12,9,1,17,3,2,52.199093
2021,2991131,20,9,1,17,1,2,122.417725
2021,2991131,21,9,1,17,1,2,122.417725
2021,2991136,1,9,1,17,3,2,51.958958
2021,2991136,2,9,1,17,3,2,51.958958
2021,2991136,3,9,1,17,3,2,51.958958
2021,2991136,4,9,1,17,3,2,51.958958
2021,2991136,5,9,1,17,3,2,51.958958
2021,2991136,6,9,1,17,3,2,51.958958
2021,2991136,8,9,1,17,3,2,51.958958
2021,2991136,10,9,1,17,3,2,51.958958
2021,2991136,11,9,1,17,3,2,51.958958
2021,2991136,13,9,1,17,3,2,51.958958
2021,2991136,20,9,1,17,1,2,123.6184
2021,2991136,21,9,1,17,1,2,123.6184
2021,2992125,1,9,1,17,3,2,52.12311
2021,2992125,3,9,1,17,3,2,52.12311
2021,2992125,4,9,1,17,3,2,52.12311
2021,2992125,5,9,1,17,3,2,52.12311
2021,2992125,6,9,1,17,3,2,52.12311
2021,2992125,7,9,1,17,3,2,52.12311
2021,2992125,8,9,1,17,3,2,52.12311
2021,2992125,10,9,1,17,3,2,52.12311
2021,2992125,12,9,1,17,3,2,52.12311
2021,2992125,20,9,1,17,1,2,99.23945
2021,2992125,21,9,1,17,1,2,99.23945
2021,2992125,24,9,1,17,1,2,99.23945
2021,2992130,1,9,1,17,3,2,52.031807
2021,2992130,2,9,1,17,3,2,52.031807
2021,2992130,3,9,1,17,3,2,52.031807
2021,2992130,4,9,1,17,3,2,52.031807
2021,2992130,6,9,1,17,3,2,52.031807
2021,2992130,7,9,1,17,3,2,52.031807
2021,2992130,8,9,1,17,3,2,52.031807
2021,2992130,9,9,1,17,3,2,52.031807
2021,2992130,10,9,1,17,3,2,52.031807
2021,2992130,11,9,1,17,3,2,52.031807
2021,2992130,12,9,1,17,3,2,52.031807
2021,2992130,20,9,1,17,1,2,194.4765
2021,2992133,2,9,1,17,3,2,52.21152
2021,2992133,4,9,1,17,3,2,52.21152
2021,2992133,5,9,1,17,3,2,52.21152
2021,2992133,6,9,1,17,3,2,52.21152
2021,2992133,7,9,1,17,3,2,52.21152
2021,2992133,8,9,1,17,3,2,52.21152
2021,2992133,9,9,1,17,3,2,52.21152
2021,2992133,10,9,1,17,3,2,52.21152
2021,2992133,11,9,1,17,3,2,52.21152
2021,2992133,12,9,1,17,3,2,52.21152
2021,2992133,20,9,1,17,1,2,122.35559
2021,2992133,21,9,1,17,1,2,122.35559
2021,2993126,1,9,1,17,3,2,53.195576
2021,2993126,2,9,1,17,3,2,53.195576
2021,2993126,3,9,1,17,3,2,53.195576
2021,2993126,4,9,1,17,3,2,53.195576
2021,2993126,5,9,1,17,3,2,53.195576
2021,2993126,6,9,1,17,3,2,53.195576
2021,2993126,7,9,1,17,3,2,53.195576
2021,2993126,9,9,1,17,3,2,53.195576
2021,2993126,10,9,1,17,3,2,53.195576
2021,2993126,11,9,1,17,3,2,53.195576
2021,2993126,12,9,1,17,3,2,53.195576
2021,2993126,20,9,1,17,1,2,181.6751
2021,2993129,2,9,1,17,3,2,53.500748
2021,2993129,3,9,1,17,3,2,53.500748
2021,2993129,4,9,1,17,3,2,53.500748
2021,2993129,5,9,1,17,3,2,53.500748
2021,2993129,6,9,1,17,3,2,53.500748
2021,2993129,7,9,1,17,3,2,53.500748
2021,2993129,8,9,1,17,3,2,53.500748
2021,2993129,9,9,1,17,3,2,53.500748
2021,2993129,10,9,1,17,3,2,53.500748
2021,2993129,11,9,1,17,3,2,53.500748
2021,2993129,13,9,1,17,3,2,53.500748
2021,2993129,20,9,1,17,1,2,178.31818
2021,2993133,1,9,1,17,3,2,53.2483
2021,2993133,2,9,1,17,3,2,53.2483
2021,2993133,3,9,1,17,3,2,53.2483
2021,2993133,4,9,1,17,3,2,53.2483
2021,2993133,5,9,1,17,3,2,53.2483
2021,2993133,7,9,1,17,3,2,53.2483
2021,2993133,8,9,1,17,3,2,53.2483
2021,2993133,9,9,1,17,3,2,53.2483
2021,2993133,11,9,1,17,3,2,53.2483
2021,2993133,12,9,1,17,3,2,53.2483
2021,2993133,20,9,1,17,1,2,117.17173
2021,2993133,21,9,1,17,1,2,117.17173
2021,2993137,1,9,1,17,3,2,52.782352
2021,2993137,2,9,1,17,3,2,52.782352
2021,2993137,3,9,1,17,3,2,52.782352
2021,2993137,4,9,1,17,3,2,52.782352
2021,2993137,5,9,1,17,3,2,52.782352
2021,2993137,6,9,1,17,3,2,52.782352
2021,2993137,7,9,1,17,3,2,52.782352
2021,2993137,8,9,1,17,3,2,52.782352
2021,2993137,9,9,1,17,3,2,52.782352
2021,2993137,11,9,1,17,3,2,52.782352
2021,2993137,12,9,1,17,3,2,52.782352
2021,2993137,20,9,1,17,1,2,186.22052
2021,2993139,1,9,1,17,3,2,63.902203
2021,2993139,2,9,1,17,3,2,63.902203
2021,2993139,3,9,1,17,3,2,63.902203
2021,2993139,4,9,1,17,3,2,63.902203
2021,2993139,5,9,1,17,3,2,63.902203
2021,2993139,6,9,1,17,3,2,63.902203
2021,2993139,7,9,1,17,3,2,63.902203
2021,2993139,8,9,1,17,3,2,63.902203
2021,2993139,9,9,1,17,3,2,63.902203
2021,2993139,10,9,1,17,3,2,63.902203
2021,2993139,13,9,1,17,3,2,63.902203
2021,2993139,14,9,1,17,3,2,63.902203
2021,2993144,2,9,1,17,3,2,51.99456
2021,2993144,4,9,1,17,3,2,51.99456
2021,2993144,5,9,1,17,3,2,51.99456
2021,2993144,6,9,1,17,3,2,51.99456
2021,2993144,7,9,1,17,3,2,51.99456
2021,2993144,8,9,1,17,3,2,51.99456
2021,2993144,9,9,1,17,3,2,51.99456
2021,2993144,10,9,1,17,3,2,51.99456
2021,2993144,11,9,1,17,3,2,51.99456
2021,2993144,13,9,1,17,3,2,51.99456
2021,2993144,20,9,1,17,1,2,123.44042
2021,2993144,21,9,1,17,1,2,123.44042
2021,2994111,1,9,1,17,3,2,63.902203
2021,2994111,2,9,1,17,3,2,63.902203
2021,2994111,3,9,1,17,3,2,63.902203
2021,2994111,4,9,1,17,3,2,63.902203
2021,2994111,5,9,1,17,3,2,63.902203
2021,2994111,6,9,1,17,3,2,63.902203
2021,2994111,7,9,1,17,3,2,63.902203
2021,2994111,8,9,1,17,3,2,63.902203
2021,2994111,9,9,1,17,3,2,63.902203
2021,2994111,10,9,1,17,3,2,63.902203
2021,2994111,11,9,1,17,3,2,63.902203
2021,2994111,13,9,1,17,3,2,63.902203
2021,2994116,1,9,1,17,3,2,63.902203
2021,2994116,2,9,1,17,3,2,63.902203
2021,2994116,3,9,1,17,3,2,63.902203
2021,2994116,4,9,1,17,3,2,63.902203
2021,2994116,5,9,1,17,3,2,63.902203
2021,2994116,6,9,1,17,3,2,63.902203
2021,2994116,7,9,1,17,3,2,63.902203
2021,2994116,8,9,1,17,3,2,63.902203
2021,2994116,9,9,1,17,3,2,63.902203
2021,2994116,10,9,1,17,3,2,63.902203
2021,2994116,11,9,1,17,3,2,63.902203
2021,2994116,12,9,1,17,3,2,63.902203
2021,2994120,1,9,1,17,3,2,63.9022
2021,2994120,2,9,1,17,3,2,63.9022
2021,2994120,3,9,1,17,3,2,63.9022
2021,2994120,4,9,1,17,3,2,63.9022
2021,2994120,5,9,1,17,3,2,63.9022
2021,2994120,6,9,1,17,3,2,63.9022
2021,2994120,7,9,1,17,3,2,63.9022
2021,2994120,8,9,1,17,3,2,63.9022
2021,2994120,9,9,1,17,3,2,63.9022
2021,2994120,10,9,1,17,3,2,63.9022
2021,2994120,11,9,1,17,3,2,63.9022
2021,2994120,12,9,1,17,3,2,63.9022
2021,2994124,1,9,1,17,3,2,53.2496
2021,2994124,2,9,1,17,3,2,53.2496
2021,2994124,3,9,1,17,3,2,53.2496
2021,2994124,5,9,1,17,3,2,53.2496
2021,2994124,6,9,1,17,3,2,53.2496
2021,2994124,7,9,1,17,3,2,53.2496
2021,2994124,8,9,1,17,3,2,53.2496
2021,2994124,9,9,1,17,3,2,53.2496
2021,2994124,10,9,1,17,3,2,53.2496
2021,2994124,11,9,1,17,3,2,53.2496
2021,2994124,12,9,1,17,3,2,53.2496
2021,2994124,20,9,1,17,1,2,181.08076
2021,2994129,1,9,1,17,3,2,63.902203
2021,2994129,2,9,1,17,3,2,63.902203
2021,2994129,3,9,1,17,3,2,63.902203
2021,2994129,4,9,1,17,3,2,63.902203
2021,2994129,5,9,1,17,3,2,63.902203
2021,2994129,6,9,1,17,3,2,63.902203
2021,2994129,7,9,1,17,3,2,63.902203
2021,2994129,8,9,1,17,3,2,63.902203
2021,2994129,9,9,1,17,3,2,63.902203
2021,2994129,10,9,1,17,3,2,63.902203
2021,2994129,11,9,1,17,3,2,63.902203
2021,2994129,12,9,1,17,3,2,63.902203
2021,2994133,1,9,1,17,3,2,63.902203
2021,2994133,2,9,1,17,3,2,63.902203
2021,2994133,3,9,1,17,3,2,63.902203
2021,2994133,4,9,1,17,3,2,63.902203
2021,2994133,5,9,1,17,3,2,63.902203
2021,2994133,6,9,1,17,3,2,63.902203
2021,2994133,7,9,1,17,3,2,63.902203
2021,2994133,8,9,1,17,3,2,63.902203
2021,2994133,9,9,1,17,3,2,63.902203
2021,2994133,10,9,1,17,3,2,63.902203
2021,2994133,11,9,1,17,3,2,63.902203
2021,2994133,12,9,1,17,3,2,63.902203
2021,2995113,1,9,1,17,3,2,51.879498
2021,2995113,2,9,1,17,3,2,51.879498
2021,2995113,3,9,1,17,3,2,51.879498
2021,2995113,4,9,1,17,3,2,51.879498
2021,2995113,5,9,1,17,3,2,51.879498
2021,2995113,7,9,1,17,3,2,51.879498
2021,2995113,9,9,1,17,3,2,51.879498
2021,2995113,10,9,1,17,3,2,51.879498
2021,2995113,11,9,1,17,3,2,51.879498
2021,2995113,12,9,1,17,3,2,51.879498
2021,2995113,13,9,1,17,1,2,124.01572
2021,2995113,20,9,1,17,1,2,124.01572
2021,2995116,1,9,1,17,3,2,63.902203
2021,2995116,2,9,1,17,3,2,63.902203
2021,2995116,3,9,1,17,3,2,63.902203
2021,2995116,4,9,1,17,3,2,63.902203
2021,2995116,5,9,1,17,3,2,63.902203
2021,2995116,6,9,1,17,3,2,63.902203
2021,2995116,7,9,1,17,3,2,63.902203
2021,2995116,8,9,1,17,3,2,63.902203
2021,2995116,9,9,1,17,3,2,63.902203
2021,2995116,10,9,1,17,3,2,63.902203
2021,2995116,11,9,1,17,3,2,63.902203
2021,2995116,12,9,1,17,3,2,63.902203
2021,2995121,1,9,1,17,3,2,69.711494
2021,2995121,2,9,1,17,3,2,69.711494
2021,2995121,3,9,1,17,3,2,69.711494
2021,2995121,4,9,1,17,3,2,69.711494
2021,2995121,6,9,1,17,3,2,69.711494
2021,2995121,7,9,1,17,3,2,69.711494
2021,2995121,8,9,1,17,3,2,69.711494
2021,2995121,9,9,1,17,3,2,69.711494
2021,2995121,10,9,1,17,3,2,69.711494
2021,2995121,11,9,1,17,3,2,69.711494
2021,2995121,13,9,1,17,3,2,69.711494
2021,2996113,1,9,1,17,3,2,52.99194
2021,2996113,3,9,1,17,3,2,52.99194
2021,2996113,4,9,1,17,3,2,52.99194
2021,2996113,6,9,1,17,3,2,52.99194
2021,2996113,7,9,1,17,3,2,52.99194
2021,2996113,8,9,1,17,3,2,52.99194
2021,2996113,9,9,1,17,3,2,52.99194
2021,2996113,11,9,1,17,3,2,52.99194
2021,2996113,12,9,1,17,3,2,52.99194
2021,2996113,20,9,1,17,1,2,96.63297
2021,2996113,21,9,1,17,1,2,96.63297
2021,2996113,22,9,1,17,1,2,96.63297
2021,2996117,1,9,1,17,3,2,52.1593
2021,2996117,2,9,1,17,3,2,52.1593
2021,2996117,3,9,1,17,3,2,52.1593
2021,2996117,4,9,1,17,3,2,52.1593
2021,2996117,5,9,1,17,3,2,52.1593
2021,2996117,6,9,1,17,3,2,52.1593
2021,2996117,7,9,1,17,3,2,52.1593
2021,2996117,9,9,1,17,3,2,52.1593
2021,2996117,10,9,1,17,3,2,52.1593
2021,2996117,13,9,1,17,3,2,52.1593
2021,2996117,20,9,1,17,1,2,122.6167
2021,2996117,21,9,1,17,1,2,122.6167
2021,2996122,1,9,1,17,3,2,63.9022
2021,2996122,2,9,1,17,3,2,63.9022
2021,2996122,3,9,1,17,3,2,63.9022
2021,2996122,4,9,1,17,3,2,63.9022
2021,2996122,5,9,1,17,3,2,63.9022
2021,2996122,6,9,1,17,3,2,63.9022
2021,2996122,7,9,1,17,3,2,63.9022
2021,2996122,8,9,1,17,3,2,63.9022
2021,2996122,9,9,1,17,3,2,63.9022
2021,2996122,10,9,1,17,3,2,63.9022
2021,2996122,11,9,1,17,3,2,63.9022
2021,2996122,13,9,1,17,3,2,63.9022
2021,2996126,1,9,1,17,3,2,53.067787
2021,2996126,3,9,1,17,3,2,53.067787
2021,2996126,4,9,1,17,3,2,53.067787
2021,2996126,5,9,1,17,3,2,53.067787
2021,2996126,6,9,1,17,3,2,53.067787
2021,2996126,7,9,1,17,3,2,53.067787
2021,2996126,9,9,1,17,3,2,53.067787
2021,2996126,10,9,1,17,3,2,53.067787
2021,2996126,11,9,1,17,3,2,53.067787
2021,2996126,13,9,1,17,3,2,53.067787
2021,2996126,20,9,1,17,1,2,118.07428
2021,2996126,21,9,1,17,1,2,118.07428
2021,2996130,1,9,1,17,3,2,51.475147
2021,2996130,2,9,1,17,3,2,51.475147
2021,2996130,4,9,1,17,3,2,51.475147
2021,2996130,5,9,1,17,3,2,51.475147
2021,2996130,7,9,1,17,3,2,51.475147
2021,2996130,9,9,1,17,3,2,51.475147
2021,2996130,10,9,1,17,3,2,51.475147
2021,2996130,11,9,1,17,3,2,51.475147
2021,2996130,13,9,1,17,3,2,51.475147
2021,2996130,20,9,1,17,1,2,101.18336
2021,2996130,21,9,1,17,1,2,101.18336
2021,2996130,22,9,1,17,1,2,101.18336
2021,2997136,1,9,1,17,3,2,53.629345
2021,2997136,2,9,1,17,3,2,53.629345
2021,2997136,3,9,1,17,3,2,53.629345
2021,2997136,4,9,1,17,3,2,53.629345
2021,2997136,5,9,1,17,3,2,53.629345
2021,2997136,6,9,1,17,3,2,53.629345
2021,2997136,9,9,1,17,3,2,53.629345
2021,2997136,10,9,1,17,3,2,53.629345
2021,2997136,11,9,1,17,3,2,53.629345
2021,2997136,12,9,1,17,3,2,53.629345
2021,2997136,13,9,1,17,1,2,115.26648
2021,2997136,20,9,1,17,1,2,115.26648
2021,2997145,1,9,1,17,3,2,53.472504
2021,2997145,2,9,1,17,3,2,53.472504
2021,2997145,3,9,1,17,3,2,53.472504
2021,2997145,5,9,1,17,3,2,53.472504
2021,2997145,6,9,1,17,3,2,53.472504
2021,2997145,8,9,1,17,3,2,53.472504
2021,2997145,9,9,1,17,3,2,53.472504
2021,2997145,10,9,1,17,3,2,53.472504
2021,2997145,11,9,1,17,3,2,53.472504
2021,2997145,12,9,1,17,3,2,53.472504
2021,2997145,13,9,1,17,1,2,116.050674
2021,2997145,20,9,1,17,1,2,116.050674
2021,2997152,1,9,1,17,3,2,52.598522
2021,2997152,3,9,1,17,3,2,52.598522
2021,2997152,4,9,1,17,3,2,52.598522
2021,2997152,5,9,1,17,3,2,52.598522
2021,2997152,6,9,1,17,3,2,52.598522
2021,2997152,7,9,1,17,3,2,52.598522
2021,2997152,8,9,1,17,3,2,52.598522
2021,2997152,9,9,1,17,3,2,52.598522
2021,2997152,10,9,1,17,3,2,52.598522
2021,2997152,11,9,1,17,3,2,52.598522
2021,2997152,12,9,1,17,3,2,52.598522
2021,2997152,20,9,1,17,1,2,188.24261
2021,2997158,1,9,1,17,3,2,53.23193
2021,2997158,3,9,1,17,3,2,53.23193
2021,2997158,5,9,1,17,3,2,53.23193
2021,2997158,6,9,1,17,3,2,53.23193
2021,2997158,7,9,1,17,3,2,53.23193
2021,2997158,8,9,1,17,3,2,53.23193
2021,2997158,9,9,1,17,3,2,53.23193
2021,2997158,10,9,1,17,3,2,53.23193
2021,2997158,11,9,1,17,3,2,53.23193
2021,2997158,13,9,1,17,3,2,53.23193
2021,2997158,14,9,1,17,1,2,117.25354
2021,2997158,20,9,1,17,1,2,117.25354
2021,2997163,1,9,1,17,3,2,63.9022
2021,2997163,2,9,1,17,3,2,63.9022
2021,2997163,3,9,1,17,3,2,63.9022
2021,2997163,4,9,1,17,3,2,63.9022
2021,2997163,5,9,1,17,3,2,63.9022
2021,2997163,6,9,1,17,3,2,63.9022
2021,2997163,7,9,1,17,3,2,63.9022
2021,2997163,8,9,1,17,3,2,63.9022
2021,2997163,9,9,1,17,3,2,63.9022
2021,2997163,10,9,1,17,3,2,63.9022
2021,2997163,11,9,1,17,3,2,63.9022
2021,2997163,12,9,1,17,3,2,63.9022
2021,2997168,1,9,1,17,3,2,53.290146
2021,2997168,2,9,1,17,3,2,53.290146
2021,2997168,3,9,1,17,3,2,53.290146
2021,2997168,4,9,1,17,3,2,53.290146
2021,2997168,5,9,1,17,3,2,53.290146
2021,2997168,6,9,1,17,3,2,53.290146
2021,2997168,9,9,1,17,3,2,53.290146
2021,2997168,13,9,1,17,3,2,53.290146
2021,2997168,21,9,1,17,1,2,85.126305
2021,2997168,22,9,1,17,1,2,85.126305
2021,2997168,23,9,1,17,1,2,85.126305
2021,2997168,24,9,1,17,1,2,85.126305
2021,2997171,2,9,1,17,3,2,51.693527
2021,2997171,3,9,1,17,3,2,51.693527
2021,2997171,4,9,1,17,3,2,51.693527
2021,2997171,5,9,1,17,3,2,51.693527
2021,2997171,6,9,1,17,3,2,51.693527
2021,2997171,7,9,1,17,3,2,51.693527
2021,2997171,8,9,1,17,3,2,51.693527
2021,2997171,9,9,1,17,3,2,51.693527
2021,2997171,10,9,1,17,3,2,51.693527
2021,2997171,11,9,1,17,3,2,51.693527
2021,2997171,20,9,1,17,1,2,124.94557
2021,2997171,21,9,1,17,1,2,124.94557
2021,2997176,1,9,1,17,3,2,63.902203
2021,2997176,2,9,1,17,3,2,63.902203
2021,2997176,3,9,1,17,3,2,63.902203
2021,2997176,4,9,1,17,3,2,63.902203
2021,2997176,5,9,1,17,3,2,63.902203
2021,2997176,6,9,1,17,3,2,63.902203
2021,2997176,7,9,1,17,3,2,63.902203
2021,2997176,8,9,1,17,3,2,63.902203
2021,2997176,9,9,1,17,3,2,63.902203
2021,2997176,10,9,1,17,3,2,63.902203
2021,2997176,13,9,1,17,3,2,63.902203
2021,2997176,14,9,1,17,3,2,63.902203
2021,2997180,1,9,1,17,3,2,52.44475
2021,2997180,2,9,1,17,3,2,52.44475
2021,2997180,4,9,1,17,3,2,52.44475
2021,2997180,5,9,1,17,3,2,52.44475
2021,2997180,6,9,1,17,3,2,52.44475
2021,2997180,7,9,1,17,3,2,52.44475
2021,2997180,8,9,1,17,3,2,52.44475
2021,2997180,9,9,1,17,3,2,52.44475
2021,2997180,10,9,1,17,3,2,52.44475
2021,2997180,13,9,1,17,3,2,52.44475
2021,2997180,20,9,1,17,1,2,121.18943
2021,2997180,21,9,1,17,1,2,121.18943
2021,2998116,1,9,1,17,3,2,51.10305
2021,2998116,3,9,1,17,3,2,51.10305
2021,2998116,4,9,1,17,3,2,51.10305
2021,2998116,5,9,1,17,3,2,51.10305
2021,2998116,6,9,1,17,3,2,51.10305
2021,2998116,7,9,1,17,3,2,51.10305
2021,2998116,9,9,1,17,3,2,51.10305
2021,2998116,10,9,1,17,3,2,51.10305
2021,2998116,11,9,1,17,3,2,51.10305
2021,2998116,13,9,1,17,3,2,51.10305
2021,2998116,20,9,1,17,1,2,127.89794
2021,2998116,21,9,1,17,1,2,127.89794
2021,2998119,2,9,1,17,3,2,52.299267
2021,2998119,3,9,1,17,3,2,52.299267
2021,2998119,4,9,1,17,3,2,52.299267
2021,2998119,5,9,1,17,3,2,52.299267
2021,2998119,6,9,1,17,3,2,52.299267
2021,2998119,7,9,1,17,3,2,52.299267
2021,2998119,8,9,1,17,3,2,52.299267
2021,2998119,9,9,1,17,3,2,52.299267
2021,2998119,10,9,1,17,3,2,52.299267
2021,2998119,11,9,1,17,3,2,52.299267
2021,2998119,12,9,1,17,3,2,52.299267
2021,2998119,20,9,1,17,1,2,191.53447
2021,2998124,1,9,1,17,3,2,51.819344
2021,2998124,4,9,1,17,3,2,51.819344
2021,2998124,6,9,1,17,3,2,51.819344
2021,2998124,7,9,1,17,3,2,51.819344
2021,2998124,8,9,1,17,3,2,51.819344
2021,2998124,9,9,1,17,3,2,51.819344
2021,2998124,10,9,1,17,3,2,51.819344
2021,2998124,11,9,1,17,3,2,51.819344
2021,2998124,13,9,1,17,3,2,51.819344
2021,2998124,14,9,1,17,1,2,100.15078
2021,2998124,20,9,1,17,1,2,100.15078
2021,2998124,21,9,1,17,1,2,100.15078
2021,2998129,1,9,1,17,3,2,63.902203
2021,2998129,2,9,1,17,3,2,63.902203
2021,2998129,3,9,1,17,3,2,63.902203
2021,2998129,4,9,1,17,3,2,63.902203
2021,2998129,5,9,1,17,3,2,63.902203
2021,2998129,6,9,1,17,3,2,63.902203
2021,2998129,7,9,1,17,3,2,63.902203
2021,2998129,8,9,1,17,3,2,63.902203
2021,2998129,9,9,1,17,3,2,63.902203
2021,2998129,10,9,1,17,3,2,63.902203
2021,2998129,11,9,1,17,3,2,63.902203
2021,2998129,13,9,1,17,3,2,63.902203
2021,27711104,1,7,1,13,3,2,49.520645
2021,27711104,2,7,1,13,3,2,49.520645
2021,27711104,3,7,1,13,3,2,49.520645
2021,27711104,4,7,1,13,3,2,49.520645
2021,27711104,5,7,1,13,3,2,49.520645
2021,27711104,6,7,1,13,3,2,49.520645
2021,27711104,7,7,1,13,3,2,49.520645
2021,27711104,8,7,1,13,3,2,49.520645
2021,27711104,9,7,1,13,3,2,49.520645
2021,27711104,10,7,1,13,3,2,49.520645
2021,27711104,11,7,1,13,3,2,49.520645
2021,27711109,1,7,1,13,3,2,37.377842
2021,27711109,2,7,1,13,3,2,37.377842
2021,27711109,3,7,1,13,3,2,37.377842
2021,27711109,4,7,1,13,3,2,37.377842
2021,27711109,6,7,1,13,3,2,37.377842
2021,27711109,7,7,1,13,3,2,37.377842
2021,27711109,8,7,1,13,3,2,37.377842
2021,27711109,9,7,1,13,3,2,37.377842
2021,27711109,10,7,1,13,3,2,37.377842
2021,27711109,11,7,1,13,3,2,37.377842
2021,27711109,12,7,1,13,3,2,37.377842
2021,27711109,13,7,1,13,1,2,133.57083
